id,family,generation,mature,mature_children,cells,changed,recognizable,parent,last_seen,mature_at
0,0,0,1,1,3,0,1,4294967295,75,-1
1,0,0,1,1,3,0,1,4294967295,39,-1
2,0,0,1,2,3,0,1,4294967295,59,-1
3,0,1,1,1,3,1,1,0,135,3
4,0,1,1,2,3,1,1,1,134,12
5,0,1,1,0,3,1,1,2,48,3
6,0,2,0,0,3,1,1,5,48,-1
7,0,1,1,0,3,0,1,2,47,17
8,0,2,1,0,3,1,1,4,161,16
9,0,3,0,0,3,1,1,8,161,-1
10,0,2,0,0,3,0,1,7,47,-1
11,0,2,1,4,3,1,1,3,208,73
12,0,2,1,2,3,1,1,4,82,32
13,0,1,0,0,3,0,1,2,59,-1
14,0,3,1,4,3,1,1,12,235,44
15,0,4,1,0,3,1,1,14,145,50
16,0,3,1,3,3,1,1,12,209,58
17,0,4,1,2,3,1,1,14,209,70
18,0,4,1,0,3,1,1,16,121,67
20,0,5,1,1,3,1,1,17,124,74
21,0,3,1,0,3,1,1,11,202,78
22,0,6,1,2,3,1,1,20,317,78
23,0,7,1,6,3,1,1,22,323,89
24,0,5,1,0,3,1,1,17,202,104
25,0,4,0,0,3,1,1,21,202,-1
26,0,5,0,0,3,1,1,15,145,-1
28,0,6,0,0,3,1,1,20,124,-1
29,0,8,1,2,3,1,1,23,276,93
30,0,2,0,0,3,1,1,3,135,-1
31,0,9,1,0,3,1,1,29,190,98
32,0,10,0,0,3,1,1,31,190,-1
33,0,8,1,1,3,1,1,23,199,127
34,0,3,1,1,3,1,1,11,156,112
35,0,6,0,0,3,1,1,24,202,-1
36,0,9,1,1,3,1,1,29,317,218
37,0,5,0,0,3,1,1,17,209,-1
38,0,4,1,0,3,1,1,14,148,118
39,0,4,1,3,3,1,1,34,250,117
40,0,5,1,1,3,1,1,39,224,120
41,0,3,1,3,3,1,1,11,269,127
42,0,5,0,0,3,1,1,38,148,-1
43,0,6,1,0,3,1,1,40,240,199
44,0,7,1,2,3,1,1,22,428,285
46,0,4,1,0,3,1,1,14,191,129
47,0,5,1,1,3,1,1,39,217,169
48,0,4,1,0,3,1,1,16,163,133
49,0,4,1,1,3,1,1,41,270,155
50,0,9,1,0,3,1,1,33,182,135
51,0,5,0,0,3,1,1,46,191,-1
52,0,5,0,0,3,1,0,48,163,-1
54,0,10,0,0,3,1,1,50,182,-1
55,0,4,0,0,3,1,1,14,235,-1
56,0,4,1,0,3,1,1,16,192,153
57,0,8,1,4,3,1,1,23,310,202
59,0,9,0,0,3,1,1,33,199,-1
60,0,3,1,0,3,1,1,11,199,166
61,0,5,1,3,3,1,1,49,254,164
62,0,4,0,0,3,1,1,16,209,-1
63,0,4,1,5,3,1,1,41,325,164
65,0,5,1,1,3,1,1,63,263,168
66,0,6,1,1,3,1,1,61,249,180
67,0,4,0,0,3,1,1,60,199,-1
68,0,6,1,0,3,1,1,65,222,189
69,0,6,1,0,3,1,1,47,265,173
70,0,5,0,0,3,1,1,49,212,-1
71,0,4,1,0,3,1,1,41,219,188
72,0,3,0,0,3,1,1,11,208,-1
73,0,7,0,0,3,1,1,69,265,-1
74,0,5,1,0,3,1,1,63,221,186
75,0,5,1,2,3,1,1,39,310,193
76,0,6,0,0,3,1,1,47,214,-1
77,0,7,1,2,3,1,1,66,355,183
78,0,8,1,3,3,1,1,77,353,190
79,0,6,1,3,3,1,1,61,301,189
80,0,5,0,0,3,1,1,71,219,-1
81,0,7,0,0,3,1,1,68,222,-1
82,0,7,0,0,3,1,1,66,249,-1
83,0,7,1,1,3,1,1,79,452,195
84,0,9,1,1,3,1,1,78,327,195
86,0,6,1,3,3,1,1,75,285,202
87,0,5,1,0,3,1,1,63,294,217
88,0,10,1,0,3,1,1,84,270,241
89,0,6,1,0,3,1,1,61,271,213
90,0,8,1,9,3,1,1,83,887,330
91,0,8,1,3,3,1,1,77,353,266
93,0,7,0,0,3,1,1,43,240,-1
95,0,7,1,5,3,1,1,79,653,249
96,0,7,1,0,3,1,1,86,252,212
97,0,9,1,0,3,1,1,57,239,206
99,0,10,0,0,3,1,1,97,239,-1
100,0,6,1,6,3,1,1,75,339,212
102,0,8,1,0,3,1,1,23,270,222
103,0,9,1,1,3,1,1,57,265,223
104,0,8,0,0,3,1,1,96,252,-1
105,0,7,1,0,3,1,1,100,267,216
106,0,6,0,0,3,1,1,65,263,-1
107,0,7,0,0,3,1,1,89,271,-1
108,0,8,0,0,3,1,1,105,267,-1
110,0,10,1,0,3,1,1,36,320,243
111,0,7,1,0,3,1,1,86,269,222
112,0,6,0,0,3,1,1,75,310,-1
114,0,6,0,0,3,1,1,61,254,-1
116,0,9,0,0,3,1,1,102,270,-1
117,0,7,1,1,3,1,1,100,276,225
119,0,8,0,0,3,1,1,111,269,-1
120,0,5,1,1,3,1,1,63,319,230
121,0,10,1,4,3,1,1,103,420,226
123,0,8,1,0,3,1,1,117,299,242
124,0,11,1,0,3,1,1,121,263,235
125,0,9,1,0,3,1,1,57,349,232
126,0,8,1,1,3,1,1,23,348,232
127,0,6,1,1,3,1,1,120,308,246
128,0,9,1,1,3,1,1,78,338,261
129,0,7,1,0,3,1,1,100,288,238
130,0,10,0,0,3,1,1,103,265,-1
131,0,9,1,1,3,1,1,126,362,294
132,0,8,0,0,3,1,1,129,288,-1
133,0,8,1,1,3,1,1,23,471,246
134,0,9,1,0,3,1,1,57,403,262
136,0,11,0,0,3,1,1,88,270,-1
137,0,9,0,0,3,1,1,123,299,-1
138,0,7,1,0,3,1,1,100,294,259
139,0,7,1,2,3,1,1,86,330,249
140,0,7,1,1,3,1,1,127,317,254
141,0,8,1,0,3,1,1,95,299,254
142,0,11,1,0,3,1,1,121,322,266
143,0,8,1,2,3,1,1,139,369,265
144,0,10,0,0,3,1,1,84,327,-1
145,0,9,0,0,3,1,1,141,299,-1
146,0,8,1,0,3,1,1,140,351,260
147,0,7,1,1,3,1,1,79,386,259
148,0,7,0,0,3,1,1,86,285,-1
149,0,8,1,2,3,1,1,147,380,312
150,0,8,0,0,3,1,1,138,294,-1
151,0,8,0,0,3,1,1,23,323,-1
152,0,8,1,0,3,1,1,95,359,316
153,0,9,0,0,3,1,1,146,351,-1
154,0,10,1,2,3,1,1,128,390,285
155,0,10,0,0,3,1,1,134,403,-1
157,0,7,1,3,3,1,1,100,351,277
158,0,7,0,0,3,1,1,79,301,-1
159,0,9,1,0,3,1,1,143,321,280
161,0,8,0,0,3,1,1,140,317,-1
162,0,9,1,0,3,1,1,91,353,270
164,0,10,0,0,3,1,1,162,353,-1
165,0,8,1,3,3,1,1,139,388,287
166,0,11,1,1,3,1,1,121,335,299
167,0,5,1,1,3,1,1,63,378,302
168,0,9,1,5,3,1,1,91,648,304
169,0,8,1,0,3,1,1,157,325,280
170,0,10,0,0,3,1,1,125,349,-1
171,0,10,0,0,3,1,1,159,321,-1
172,0,9,1,3,3,1,1,78,364,289
173,0,9,0,0,3,1,1,169,325,-1
174,0,7,1,0,3,1,1,100,326,288
175,0,11,0,0,3,1,1,110,320,-1
176,0,6,0,0,3,1,1,120,319,-1
177,0,11,1,1,3,1,1,154,329,298
178,0,8,1,0,3,1,1,44,331,295
179,0,9,1,1,3,1,1,143,327,290
180,0,8,1,1,3,1,1,157,457,290
181,0,9,1,0,3,1,1,165,320,291
183,0,8,0,0,3,1,1,174,326,-1
184,0,10,1,0,3,1,1,172,331,299
185,0,10,1,1,3,1,1,179,348,294
186,0,9,1,4,3,1,1,180,377,303
187,0,9,1,0,3,1,1,133,482,388
188,0,11,1,0,3,1,1,185,399,311
189,0,10,1,2,3,1,1,131,382,297
190,0,9,0,0,3,1,1,178,331,-1
191,0,9,0,0,3,1,1,143,368,-1
192,0,8,1,1,3,1,1,157,364,311
193,0,9,1,1,3,1,1,165,375,333
194,0,11,1,1,3,1,1,189,412,301
195,0,12,1,0,3,1,1,177,413,304
196,0,11,0,0,3,1,1,184,331,-1
197,0,12,1,1,3,1,1,166,377,313
198,0,8,1,5,3,1,1,44,557,396
199,0,6,1,0,3,1,1,167,360,306
200,0,10,1,0,4,1,0,186,359,308
202,0,11,1,1,3,1,1,121,429,385
205,0,9,1,1,3,1,1,91,396,315
206,0,10,0,0,3,1,1,131,362,-1
207,0,9,1,1,3,1,1,149,413,318
209,0,9,0,0,3,1,1,152,359,-1
211,0,6,0,0,3,1,1,167,378,-1
213,0,10,1,0,3,1,1,168,355,321
215,0,10,1,0,3,1,1,172,375,323
217,0,10,1,1,3,1,1,186,361,323
219,0,12,0,0,3,1,1,188,399,-1
221,0,11,1,2,3,1,1,189,491,325
222,0,9,1,0,3,1,1,192,375,328
223,0,8,1,2,3,1,1,95,436,327
224,0,11,1,0,3,1,1,154,371,327
225,0,13,1,3,3,1,1,197,464,327
226,0,10,1,0,3,1,1,205,369,327
227,0,10,1,2,3,1,1,207,494,372
229,0,9,1,0,3,1,1,149,416,328
230,0,11,0,0,3,1,1,213,355,-1
232,0,11,0,0,3,1,1,215,375,-1
233,0,11,1,0,3,1,1,217,416,332
234,0,12,1,0,3,1,1,221,396,329
236,0,9,1,0,3,1,1,223,375,336
237,0,10,1,0,3,1,1,168,393,330
239,0,10,1,2,3,1,1,172,434,332
240,0,10,0,0,3,1,1,222,375,-1
241,0,9,1,0,3,1,1,90,609,334
242,0,10,1,2,3,1,1,186,438,335
243,0,14,1,0,3,1,1,225,393,334
244,0,11,0,0,3,1,1,226,369,-1
245,0,12,0,0,3,1,1,224,371,-1
246,0,9,0,0,3,1,1,149,369,-1
247,0,10,1,1,3,1,1,193,408,352
249,0,10,1,0,3,1,1,168,554,487
250,0,10,0,0,3,1,1,172,364,-1
252,0,9,1,0,3,1,1,90,453,418
253,0,9,1,0,3,1,1,165,448,352
254,0,10,1,2,3,1,1,186,419,359
256,0,11,0,0,3,1,1,189,382,-1
257,0,13,0,0,3,1,1,197,377,-1
258,0,10,0,0,3,1,1,205,394,-1
259,0,12,1,3,3,1,1,221,509,356
260,0,11,0,0,4,1,0,154,390,-1
261,0,14,1,1,3,1,1,225,462,357
264,0,10,0,0,3,1,1,229,416,-1
265,0,13,0,0,3,1,1,234,396,-1
266,0,11,1,1,3,1,1,239,402,359
267,0,10,0,0,3,1,1,241,467,-1
268,0,9,0,0,3,1,1,165,388,-1
270,0,9,1,0,3,1,1,223,420,395
272,0,11,1,1,3,1,1,242,559,376
273,0,9,0,0,3,1,1,180,457,-1
274,0,15,0,0,3,1,1,243,393,-1
275,0,11,1,0,3,1,1,247,428,365
276,0,12,1,0,3,1,1,194,426,370
278,0,14,1,0,3,1,1,225,437,367
280,0,11,1,0,3,1,1,254,438,368
281,0,13,1,1,3,1,1,259,443,379
282,0,11,1,2,3,1,1,239,474,375
283,0,12,1,1,3,1,1,266,410,371
284,0,12,0,0,3,1,1,275,418,-1
285,0,15,0,0,3,1,1,278,437,-1
286,0,12,0,0,3,1,1,280,438,-1
287,0,11,0,0,3,1,1,247,408,-1
288,0,13,1,0,4,1,0,283,430,383
289,0,11,1,1,3,1,1,227,500,376
290,0,14,0,0,3,1,1,225,464,-1
291,0,11,1,0,3,1,1,254,432,380
292,0,12,1,1,3,1,1,282,449,383
293,0,12,1,0,3,1,1,272,483,392
295,0,14,1,0,3,1,1,281,422,385
296,0,12,1,1,3,1,1,289,509,402
298,0,11,0,0,3,1,1,239,434,-1
299,0,12,0,0,3,1,1,291,432,-1
300,0,14,0,0,4,1,0,288,430,-1
301,0,13,1,0,3,1,1,292,450,414
302,0,12,1,2,3,1,1,202,465,388
303,0,11,1,5,3,1,1,242,554,403
304,0,15,0,0,3,1,1,295,422,-1
305,0,11,1,0,3,1,1,227,436,394
306,0,13,1,0,3,1,1,259,444,402
308,0,13,1,5,3,1,1,302,547,392
309,0,11,0,0,3,1,1,254,419,-1
310,0,12,1,2,3,1,1,282,644,412
311,0,14,0,0,3,1,1,281,443,-1
312,0,14,1,0,3,1,1,308,442,407
313,0,9,0,0,3,1,1,133,471,-1
314,0,13,0,0,3,1,1,293,483,-1
315,0,10,0,0,3,1,1,270,420,-1
316,0,12,0,0,3,1,1,202,429,-1
318,0,9,1,0,3,1,1,198,454,400
319,0,13,1,0,3,1,1,302,447,401
320,0,12,0,0,3,1,1,272,559,-1
321,0,10,0,0,3,1,1,318,454,-1
322,0,11,0,0,3,1,1,227,494,-1
323,0,15,1,1,3,1,1,261,545,413
324,0,12,1,1,3,1,1,303,534,407
325,0,10,0,0,3,1,1,187,482,-1
327,0,9,1,1,3,1,1,198,530,414
330,0,12,0,0,3,1,1,289,500,-1
331,0,8,1,1,3,1,1,95,497,423
333,0,14,0,0,3,1,1,306,444,-1
335,0,14,0,0,3,1,1,301,450,-1
336,0,12,1,1,3,1,1,303,489,419
337,0,13,1,0,3,1,1,310,465,422
338,0,14,0,0,3,1,1,319,447,-1
339,0,16,1,0,3,1,1,323,495,462
340,0,13,1,1,3,1,1,324,542,485
341,0,15,0,0,3,1,1,261,462,-1
343,0,13,0,0,3,1,1,292,449,-1
344,0,10,1,1,3,1,1,327,549,456
345,0,13,1,1,3,1,1,336,500,440
346,0,10,0,0,3,1,1,252,453,-1
347,0,12,0,0,3,1,1,221,491,-1
348,0,12,1,2,3,1,1,303,529,430
349,0,9,1,2,3,1,1,331,538,437
352,0,13,1,1,3,1,1,259,568,465
354,0,9,1,0,3,1,1,90,546,478
355,0,8,1,1,3,1,1,95,523,434
356,0,14,0,0,3,1,1,337,465,-1
357,0,13,1,3,3,1,1,348,616,467
359,0,13,1,0,3,1,1,310,588,463
361,0,9,1,1,3,1,1,198,500,447
362,0,14,1,1,3,1,1,345,529,451
363,0,13,1,1,3,1,1,296,484,449
364,0,12,1,0,3,1,1,303,523,488
365,0,8,0,0,3,1,1,83,452,-1
366,0,9,0,0,3,1,1,331,497,-1
369,0,10,1,0,3,1,1,361,481,451
370,0,14,1,2,3,1,1,308,563,453
371,0,14,1,1,3,1,1,363,562,453
372,0,13,0,0,3,1,1,336,489,-1
373,0,11,0,0,3,1,1,369,481,-1
374,0,9,1,0,3,1,1,355,547,467
375,0,15,1,2,3,1,1,362,562,478
376,0,15,1,0,3,1,1,371,503,459
378,0,15,1,0,3,1,1,370,549,496
379,0,11,1,0,3,1,1,344,491,459
380,0,10,0,0,3,1,1,361,500,-1
381,0,13,0,0,3,1,0,296,497,-1
382,0,14,0,0,3,1,1,345,500,-1
383,0,16,0,0,3,1,1,376,503,-1
384,0,14,1,4,3,1,1,308,656,463
385,0,12,0,0,3,1,1,379,491,-1
386,0,17,0,0,3,1,1,339,495,-1
387,0,15,1,0,3,1,1,384,526,480
388,0,14,0,0,3,1,1,363,484,-1
389,0,14,1,0,3,1,1,352,517,476
392,0,11,0,0,3,1,1,344,549,-1
393,0,14,1,0,3,1,1,357,521,470
394,0,10,0,0,3,1,1,374,547,-1
395,0,16,0,0,3,1,1,323,545,-1
396,0,9,1,2,3,1,0,198,579,480
397,0,14,1,3,3,1,1,308,650,491
398,0,15,0,0,3,1,1,393,521,-1
399,0,14,0,0,3,1,1,359,588,-1
400,0,9,0,0,3,1,1,355,523,-1
401,0,13,1,3,3,1,1,348,579,484
403,0,15,0,0,3,1,1,389,517,-1
404,0,14,1,1,3,1,1,357,579,529
405,0,16,1,1,3,1,1,375,521,481
406,0,10,0,0,3,1,1,241,535,-1
407,0,10,1,2,3,1,0,396,572,504
408,0,16,0,0,3,1,1,387,526,-1
410,0,17,1,0,3,1,1,405,520,485
411,0,10,1,2,3,1,1,349,565,487
412,0,14,1,3,3,1,1,401,637,490
414,0,14,1,0,3,1,1,340,522,488
415,0,18,0,0,3,1,1,410,520,-1
416,0,9,1,0,3,1,1,198,551,505
417,0,9,1,1,3,1,1,90,621,555
418,0,11,1,1,3,1,1,411,594,497
420,0,15,1,0,3,1,1,412,548,502
421,0,15,1,0,3,1,1,397,546,501
422,0,17,0,0,3,1,1,405,521,-1
423,0,10,1,3,3,1,1,349,663,496
424,0,10,1,0,3,1,1,168,575,504
425,0,12,1,1,3,1,1,303,540,498
426,0,16,0,0,3,1,1,378,549,-1
427,0,12,1,1,3,1,1,418,648,517
428,0,11,1,1,3,1,1,423,599,513
429,0,13,1,1,3,1,1,425,564,503
430,0,14,1,1,3,1,1,401,619,518
432,0,16,0,0,3,1,1,421,546,-1
433,0,14,1,2,3,1,1,429,754,512
434,0,11,1,6,3,1,0,407,771,513
435,0,12,0,0,3,1,1,303,554,-1
436,0,10,0,0,3,1,1,416,551,-1
437,0,16,1,0,3,1,1,375,560,511
438,0,14,0,0,3,1,1,340,542,-1
439,0,11,0,0,3,1,1,424,575,-1
440,0,11,1,1,3,1,1,411,608,517
441,0,15,1,0,3,1,1,412,599,526
444,0,14,1,0,4,1,0,308,581,524
445,0,10,1,5,3,1,1,168,795,605
446,0,13,1,2,3,1,1,427,652,595
447,0,8,0,0,3,1,1,95,653,-1
449,0,15,1,1,3,1,1,370,589,542
450,0,16,0,0,3,1,1,375,562,-1
451,0,10,1,0,3,1,0,396,577,534
454,0,11,0,0,3,1,1,411,565,-1
455,0,15,0,0,3,1,1,371,562,-1
456,0,11,1,4,3,1,0,407,660,542
457,0,14,1,1,3,1,1,401,625,542
458,0,12,0,0,3,1,1,418,594,-1
460,0,11,1,5,3,1,1,423,944,548
461,0,15,1,1,3,1,1,430,640,558
462,0,12,1,0,3,1,1,428,605,553
463,0,15,1,0,3,1,1,433,600,533
465,0,15,1,0,3,1,1,404,596,554
466,0,12,1,1,3,1,0,434,603,534
468,0,16,0,0,2,1,0,463,600,-1
469,0,12,1,1,3,1,1,440,621,539
470,0,16,0,0,3,1,1,441,599,-1
473,0,14,0,0,3,1,1,352,568,-1
475,0,10,0,0,3,1,0,396,579,-1
476,0,15,1,1,3,1,1,412,613,553
477,0,15,1,1,3,1,1,433,646,561
478,0,12,1,1,3,1,0,434,629,549
480,0,16,1,1,3,1,1,449,613,550
482,0,11,0,0,3,1,0,451,577,-1
484,0,12,1,0,3,1,0,456,607,550
485,0,13,1,0,3,1,0,466,624,550
486,0,14,1,0,3,1,1,357,622,560
487,0,14,0,0,3,1,1,401,579,-1
489,0,15,1,1,3,1,1,457,615,565
490,0,12,1,2,3,1,1,460,703,586
491,0,13,1,0,3,1,1,469,617,555
492,0,13,1,0,3,1,0,478,585,554
493,0,17,1,1,3,1,1,480,714,558
494,0,14,0,0,3,1,0,485,591,-1
495,0,16,1,0,3,1,1,476,676,558
496,0,14,0,0,3,1,0,492,585,-1
497,0,13,0,0,3,1,1,462,605,-1
499,0,10,1,0,3,1,1,417,669,567
501,0,12,1,0,3,1,0,434,618,561
503,0,15,1,0,3,1,1,384,604,564
504,0,16,1,1,3,1,1,461,619,574
505,0,11,1,0,3,1,1,423,643,603
507,0,16,0,0,3,1,1,465,596,-1
509,0,12,0,0,4,1,0,428,599,-1
511,0,16,1,1,3,1,1,477,659,567
512,0,14,0,0,3,1,1,491,617,-1
513,0,15,0,0,3,1,1,486,622,-1
515,0,17,0,0,3,1,1,480,613,-1
516,0,16,1,0,3,1,1,489,617,571
517,0,14,0,0,3,1,1,357,616,-1
519,0,15,1,6,3,1,1,397,1113,580
520,0,12,1,1,3,1,0,434,769,615
522,0,15,1,0,3,1,1,384,618,577
523,0,13,0,0,3,1,1,310,644,-1
524,0,15,0,0,3,1,1,430,619,-1
526,0,12,1,5,3,1,0,456,770,580
527,0,9,1,1,3,1,1,90,677,594
530,0,16,0,0,3,1,1,476,613,-1
531,0,16,0,0,3,1,1,477,646,-1
533,0,16,0,0,3,1,1,489,615,-1
534,0,18,1,1,3,1,1,493,694,635
535,0,11,0,0,3,1,1,499,669,-1
536,0,15,1,4,3,1,1,384,786,587
537,0,17,1,1,3,1,1,504,732,588
539,0,17,0,0,3,1,1,516,617,-1
540,0,15,1,3,3,1,1,397,762,591
541,0,12,1,3,3,1,0,456,717,611
542,0,13,1,0,3,1,1,490,632,592
543,0,17,1,3,3,1,1,511,751,602
544,0,16,1,1,3,1,1,519,863,634
546,0,13,1,1,3,1,0,526,687,598
548,0,14,1,1,3,1,1,446,662,599
549,0,17,0,0,3,1,1,495,673,-1
550,0,13,1,1,4,1,0,490,771,604
551,0,10,1,0,3,1,1,527,645,603
552,0,16,1,0,3,1,1,536,709,603
553,0,18,1,0,3,1,1,537,800,603
554,0,16,1,0,3,1,1,540,797,644
556,0,18,1,0,3,1,1,543,753,607
557,0,14,1,2,3,1,0,546,671,616
558,0,13,1,1,3,1,0,526,724,619
560,0,11,1,0,3,1,1,445,657,609
561,0,14,1,1,3,1,1,446,751,611
563,0,12,0,0,3,1,1,505,643,-1
564,0,16,1,1,3,1,1,536,757,677
566,0,15,1,0,3,1,1,548,653,613
567,0,18,0,0,3,1,1,537,732,-1
568,0,13,1,3,3,1,0,541,824,637
569,0,18,1,1,3,1,1,543,685,616
570,0,17,0,0,3,1,1,552,709,-1
571,0,19,0,0,3,1,1,553,729,-1
572,0,11,1,0,3,1,1,445,857,625
573,0,15,0,0,3,1,1,397,650,-1
574,0,14,1,0,4,1,0,550,676,645
576,0,15,1,2,3,1,0,557,764,620
578,0,12,1,0,3,1,0,456,689,641
579,0,12,0,0,3,1,1,560,657,-1
581,0,15,1,1,3,1,1,561,792,622
582,0,16,0,0,3,1,1,566,653,-1
583,0,15,0,0,3,1,1,548,662,-1
584,0,14,1,1,3,1,0,558,718,638
585,0,19,1,2,3,1,1,569,711,628
586,0,16,1,0,3,1,0,576,785,643
587,0,12,1,1,3,1,0,434,702,625
588,0,16,1,0,3,1,1,581,671,630
589,0,18,1,2,3,1,1,543,739,653
591,0,13,1,3,3,1,0,520,837,694
592,0,15,1,0,3,1,0,557,695,647
593,0,20,1,0,3,1,1,585,822,632
595,0,17,0,0,3,1,1,588,671,-1
596,0,12,1,2,3,1,0,434,789,699
597,0,9,1,1,3,1,1,90,715,643
599,0,13,1,0,3,1,0,526,695,646
600,0,18,0,0,3,1,1,493,697,-1
602,0,10,0,0,3,1,1,527,677,-1
603,0,19,1,0,3,1,1,534,743,648
605,0,13,1,3,3,1,0,541,782,648
606,0,15,0,0,3,1,1,433,754,-1
607,0,17,1,0,3,1,1,544,784,650
609,0,11,1,0,3,1,1,445,764,715
611,0,14,0,0,3,1,0,546,687,-1
612,0,12,1,0,3,1,1,460,737,682
613,0,17,0,0,3,1,1,554,797,-1
615,0,14,1,1,3,1,0,568,728,656
616,0,13,1,0,3,1,0,526,700,676
617,0,19,0,0,3,1,1,569,685,-1
619,0,13,0,0,3,1,0,578,689,-1
620,0,13,1,3,2,1,0,541,774,657
621,0,19,0,0,3,1,1,534,691,-1
623,0,16,1,0,3,1,1,540,741,673
624,0,16,0,0,3,1,1,581,792,-1
625,0,15,1,0,3,1,0,584,745,661
626,0,14,1,1,2,1,0,620,695,672
628,0,20,1,0,3,1,1,585,759,663
629,0,16,1,2,3,1,1,519,864,688
631,0,14,0,0,3,1,0,558,724,-1
633,0,14,1,0,3,1,0,568,801,675
634,0,16,1,1,3,1,0,576,761,712
635,0,17,0,0,3,1,0,586,785,-1
636,0,20,0,0,3,1,1,585,711,-1
637,0,13,1,0,3,1,0,587,708,675
639,0,15,1,1,2,1,0,626,731,675
640,0,19,1,0,3,1,1,589,740,677
641,0,16,1,0,2,1,0,639,785,678
643,0,13,0,0,3,1,0,541,717,-1
644,0,10,1,1,3,1,1,597,929,688
645,0,14,1,2,3,1,0,605,842,706
646,0,15,1,0,3,1,0,615,719,680
647,0,17,1,0,3,1,1,564,769,683
648,0,14,1,3,3,1,0,568,921,689
649,0,19,1,0,3,1,1,589,734,688
651,0,16,1,2,3,1,1,536,1042,694
653,0,12,1,1,3,1,1,460,890,770
654,0,15,0,0,3,1,0,615,728,-1
655,0,17,0,0,3,1,1,564,757,-1
656,0,17,0,0,3,1,1,623,741,-1
658,0,9,1,0,3,1,1,90,837,777
660,0,14,1,0,3,1,0,591,767,699
662,0,16,0,0,3,1,0,625,745,-1
663,0,21,0,0,3,1,1,628,759,-1
664,0,13,1,12,3,1,0,596,1246,703
666,0,20,0,0,3,1,1,603,743,-1
668,0,16,1,0,3,1,1,536,826,739
670,0,16,1,1,3,1,1,540,806,718
672,0,18,0,0,3,1,1,543,751,-1
673,0,17,0,0,3,1,1,544,753,-1
674,0,14,1,4,3,1,0,591,876,714
675,0,12,0,0,3,1,0,434,771,-1
677,0,14,1,1,2,1,0,620,783,738
679,0,14,0,0,3,1,0,568,771,-1
681,0,14,0,0,4,1,0,550,771,-1
683,0,13,1,0,3,1,0,596,753,722
685,0,14,1,1,3,1,0,605,849,726
686,0,14,1,1,3,1,0,591,865,787
688,0,12,0,0,3,1,1,609,764,-1
689,0,17,1,1,3,1,1,629,802,727
691,0,11,1,2,3,1,1,445,860,739
692,0,16,0,0,3,1,1,540,762,-1
693,0,15,0,0,3,1,0,633,768,-1
694,0,16,1,1,3,1,1,519,1073,821
696,0,17,1,0,3,1,0,634,787,736
697,0,13,1,0,3,1,0,526,776,745
698,0,17,1,1,3,1,1,629,858,766
700,0,15,1,4,3,1,0,645,903,741
701,0,15,1,0,2,1,0,677,825,743
703,0,16,0,0,3,1,0,576,764,-1
705,0,15,1,1,3,1,0,648,841,770
707,0,16,0,0,2,1,0,701,825,-1
708,0,17,1,1,3,1,1,651,872,814
709,0,11,1,0,3,1,1,445,820,755
711,0,21,0,0,3,1,1,593,822,-1
712,0,14,1,0,2,1,0,620,846,759
713,0,15,0,0,2,1,0,677,783,-1
714,0,16,0,0,3,1,1,536,786,-1
715,0,13,0,0,3,1,0,596,789,-1
716,0,14,1,1,3,1,0,605,862,755
717,0,15,1,1,3,1,0,645,843,764
719,0,14,1,4,3,1,0,664,948,757
721,0,17,1,1,3,1,1,670,820,757
723,0,15,1,0,3,1,0,674,804,757
724,0,17,0,0,2,1,0,641,785,-1
726,0,15,1,2,3,1,0,685,889,761
727,0,18,1,2,3,1,1,689,892,761
728,0,15,0,0,2,1,0,712,846,-1
729,0,12,1,0,3,1,1,691,807,763
731,0,16,1,1,3,1,0,700,878,766
733,0,11,0,0,3,1,1,445,795,-1
734,0,11,1,3,3,1,1,644,883,771
736,0,14,1,1,3,1,0,664,835,767
738,0,15,1,0,3,1,0,674,801,768
739,0,12,0,0,3,1,1,709,820,-1
740,0,15,1,6,3,1,0,716,1000,772
742,0,18,0,0,3,1,1,689,802,-1
743,0,18,1,0,3,1,1,698,833,771
744,0,16,1,0,3,1,0,717,836,774
745,0,18,1,9,3,1,1,721,1087,772
747,0,12,1,3,3,1,1,691,1059,808
749,0,16,0,0,3,1,0,723,804,-1
750,0,16,1,0,3,1,0,705,856,785
751,0,15,1,1,3,1,0,719,1072,785
752,0,19,1,2,3,1,1,727,1029,827
753,0,13,0,0,3,1,1,729,807,-1
754,0,14,1,1,3,1,0,664,952,850
755,0,16,1,0,3,1,0,700,858,778
756,0,16,1,1,3,1,0,726,885,788
758,0,15,1,1,3,1,0,648,961,861
759,0,9,1,1,3,1,1,90,853,788
760,0,14,0,0,3,1,0,568,823,-1
762,0,10,0,0,3,1,1,658,837,-1
763,0,15,1,1,3,1,0,674,894,821
764,0,17,0,0,3,1,1,668,826,-1
765,0,15,0,0,3,1,0,685,849,-1
767,0,15,1,1,3,1,0,686,842,791
769,0,18,0,0,3,1,1,698,858,-1
770,0,16,1,1,3,1,0,700,904,795
771,0,16,0,0,3,1,0,717,829,-1
772,0,17,1,0,3,1,0,731,838,800
773,0,12,1,0,3,1,1,734,918,796
775,0,15,1,0,3,1,0,736,973,798
776,0,18,0,0,3,1,1,721,820,-1
777,0,16,1,1,3,1,0,740,894,800
778,0,19,0,0,3,1,1,743,833,-1
779,0,17,0,0,3,1,0,744,835,-1
781,0,19,1,0,3,1,1,745,880,804
782,0,17,0,0,3,1,0,750,856,-1
784,0,16,1,7,3,1,0,700,1094,812
785,0,16,1,1,3,1,0,751,917,806
786,0,15,0,0,3,1,0,686,842,-1
787,0,15,0,0,3,1,0,736,835,-1
789,0,10,1,1,3,1,1,759,1090,811
790,0,16,1,0,3,1,0,740,944,811
791,0,16,1,0,3,1,0,767,850,814
792,0,12,1,2,3,1,1,460,952,814
793,0,9,1,0,3,1,1,90,865,824
794,0,17,0,0,3,1,1,544,863,-1
795,0,13,1,1,3,1,1,653,1008,824
797,0,12,1,0,3,1,1,460,887,834
798,0,18,1,2,3,1,1,708,953,826
799,0,15,0,0,3,1,0,716,862,-1
801,0,15,1,2,3,1,0,719,1054,828
802,0,16,1,0,3,1,0,726,894,842
803,0,12,1,0,3,1,1,734,910,836
804,0,16,1,1,3,1,0,740,916,832
805,0,19,1,0,3,1,1,745,897,831
806,0,13,1,1,3,1,1,747,993,833
808,0,13,0,0,3,1,1,653,890,-1
809,0,19,1,0,3,1,1,727,964,839
810,0,16,0,0,3,1,0,751,872,-1
812,0,17,1,0,3,1,0,756,899,841
814,0,16,1,0,3,1,0,763,923,839
816,0,9,0,0,3,1,1,90,887,-1
817,0,15,1,0,3,1,0,674,928,850
819,0,19,1,0,3,1,1,745,926,851
820,0,16,1,1,3,1,0,740,984,851
822,0,15,1,2,3,1,0,719,1020,853
823,0,13,1,0,3,1,1,747,953,844
825,0,17,1,12,3,1,0,770,1475,845
827,0,17,1,1,3,1,0,777,942,846
829,0,12,1,3,3,1,1,734,1038,850
830,0,16,0,0,3,1,0,763,894,-1
831,0,17,1,0,3,1,0,784,976,850
832,0,17,1,1,3,1,0,785,962,851
834,0,16,0,0,3,1,0,726,889,-1
836,0,16,1,2,3,1,1,519,1124,893
837,0,13,1,0,3,1,1,747,961,890
838,0,17,0,0,3,1,0,770,904,-1
840,0,11,0,0,3,1,1,644,929,-1
841,0,17,0,0,3,1,0,777,894,-1
843,0,12,0,0,3,1,1,734,883,-1
844,0,17,1,1,3,1,0,784,989,864
845,0,11,1,0,3,1,1,789,1090,1041
846,0,14,1,1,3,1,1,795,1037,984
848,0,19,1,1,3,1,1,798,1107,900
849,0,16,1,2,3,1,0,801,1038,866
850,0,17,1,1,3,1,0,804,997,871
851,0,16,1,0,3,1,0,758,957,886
852,0,20,0,0,3,1,1,805,897,-1
854,0,14,1,1,3,1,1,806,1020,868
855,0,18,0,0,3,1,0,812,899,-1
856,0,15,1,0,3,1,0,719,934,876
857,0,15,1,0,3,1,0,648,1024,887
860,0,14,1,1,3,1,0,664,1020,902
861,0,15,1,2,3,1,0,754,1047,885
862,0,17,1,0,3,1,0,784,956,903
863,0,13,1,0,3,1,1,792,940,885
864,0,15,0,0,3,1,0,719,948,-1
866,0,17,1,2,3,1,1,651,1021,917
867,0,20,0,0,3,1,1,752,921,-1
869,0,17,0,0,3,1,0,785,917,-1
870,0,14,0,0,3,1,1,806,993,-1
872,0,16,0,0,3,1,0,817,928,-1
873,0,20,0,0,3,1,1,819,926,-1
874,0,13,1,0,3,1,1,792,1010,895
875,0,17,1,0,3,1,0,820,927,896
876,0,16,0,0,3,1,0,758,958,-1
877,0,16,1,0,3,1,0,822,929,899
878,0,18,1,1,3,1,0,825,1035,898
880,0,16,1,0,3,1,0,801,1035,908
882,0,18,1,1,3,1,0,827,1036,898
884,0,13,1,3,3,1,1,829,1109,938
885,0,18,0,0,3,1,0,831,937,-1
886,0,18,1,0,3,1,0,832,946,902
888,0,17,1,2,3,1,1,836,1168,903
889,0,13,0,0,3,1,1,792,952,-1
891,0,17,0,0,3,1,0,820,984,-1
893,0,18,1,0,3,1,0,825,1022,909
894,0,18,0,0,3,1,0,827,942,-1
895,0,19,1,0,3,1,1,798,1001,918
896,0,19,1,0,3,1,1,745,990,926
899,0,14,1,3,3,1,0,664,1086,921
900,0,16,1,1,3,1,0,740,1084,939
902,0,15,0,0,3,1,0,754,952,-1
904,0,17,1,2,3,1,0,784,1128,925
905,0,16,1,0,3,1,0,822,1042,933
907,0,18,1,0,3,1,0,825,982,930
909,0,14,0,0,3,1,1,837,961,-1
911,0,18,1,1,3,1,0,844,1099,930
913,0,17,1,0,3,1,0,849,1090,934
914,0,17,0,0,3,1,0,851,957,-1
916,0,14,1,2,3,1,0,664,1129,975
917,0,16,0,0,3,1,0,775,973,-1
918,0,15,1,0,3,1,1,854,1061,933
919,0,17,0,0,3,1,1,651,1042,-1
920,0,19,1,3,3,1,1,745,1160,938
922,0,17,1,1,3,1,0,784,1077,941
923,0,18,1,0,3,1,0,850,1032,969
926,0,16,0,0,3,1,0,751,1056,-1
927,0,15,1,2,3,1,0,860,1181,947
928,0,16,0,0,3,1,0,801,1054,-1
930,0,16,1,1,3,1,0,740,1124,982
931,0,19,1,0,3,1,1,745,999,950
933,0,13,1,4,3,1,1,829,1233,952
934,0,17,1,1,3,1,0,849,1136,965
935,0,16,1,2,3,1,0,861,1130,956
936,0,18,1,2,3,1,1,866,1171,956
937,0,14,0,0,3,1,1,874,1010,-1
939,0,20,1,0,3,1,1,752,1135,960
940,0,19,1,0,3,1,0,878,1071,957
941,0,17,0,0,3,1,0,880,1033,-1
943,0,17,1,0,3,1,0,784,1086,971
945,0,19,1,2,3,1,1,745,1143,983
946,0,16,0,0,3,1,0,822,1020,-1
947,0,16,0,0,3,1,0,857,1024,-1
948,0,13,1,0,3,1,1,829,1105,977
950,0,19,1,0,3,1,0,882,1031,964
951,0,14,1,0,3,1,1,884,1108,964
953,0,16,1,0,3,1,0,861,1140,1011
954,0,18,1,4,3,1,1,866,1269,969
955,0,18,1,0,3,1,1,888,1039,968
957,0,16,1,0,3,1,1,519,1026,985
958,0,18,1,0,3,1,0,825,1147,1005
960,0,17,1,1,3,1,1,694,1184,1001
962,0,20,1,0,3,1,1,752,1168,988
964,0,17,1,2,3,1,0,784,1260,1012
965,0,15,1,0,3,1,1,846,1044,996
967,0,17,0,0,3,1,0,849,1037,-1
968,0,19,1,0,3,1,1,745,1032,1003
969,0,19,0,0,3,1,0,882,1027,-1
970,0,19,0,0,3,1,0,878,1035,-1
972,0,14,1,0,3,1,1,884,1059,1002
975,0,18,1,0,3,1,1,888,1038,1004
976,0,17,1,2,3,1,0,900,1196,1005
977,0,18,1,1,3,1,0,904,1209,1006
979,0,14,1,3,2,1,0,884,1128,1015
981,0,19,1,0,3,1,1,745,1138,1019
982,0,18,1,2,3,1,0,825,1218,1028
983,0,15,1,2,2,1,0,979,1161,1030
984,0,16,1,1,3,1,1,519,1198,1057
985,0,14,1,1,3,1,0,664,1210,1040
987,0,17,0,0,3,1,0,784,1094,-1
988,0,16,0,0,3,1,0,861,1047,-1
991,0,20,1,0,3,1,1,848,1179,1027
992,0,15,1,0,3,1,0,899,1114,1028
994,0,19,1,0,3,1,0,911,1081,1032
995,0,15,1,1,3,1,0,916,1236,1041
996,0,20,1,2,3,1,1,920,1217,1031
997,0,18,1,12,3,1,0,922,1621,1048
998,0,16,1,1,2,1,0,983,1078,1041
1000,0,18,0,0,3,1,0,913,1090,-1
1001,0,16,1,0,3,1,0,927,1204,1035
1003,0,17,1,0,3,1,0,930,1231,1037
1006,0,15,1,0,3,1,0,899,1200,1038
1007,0,14,1,0,3,1,1,933,1187,1048
1008,0,18,1,0,3,1,0,934,1153,1085
1010,0,17,1,1,3,1,0,935,1237,1040
1012,0,20,0,0,3,1,1,848,1107,-1
1013,0,20,1,0,3,1,1,920,1239,1046
1015,0,19,0,0,3,1,1,936,1071,-1
1016,0,18,1,2,3,1,0,904,1269,1074
1017,0,20,0,0,3,1,0,940,1071,-1
1018,0,18,0,0,3,1,0,943,1072,-1
1019,0,20,1,0,3,1,1,945,1103,1044
1021,0,12,0,0,3,1,1,845,1090,-1
1022,0,17,1,0,2,1,0,998,1171,1045
1023,0,15,1,1,2,1,0,979,1107,1053
1025,0,15,1,0,3,1,0,899,1090,1056
1027,0,17,0,0,3,1,0,900,1084,-1
1028,0,15,1,2,3,1,0,916,1384,1055
1029,0,14,1,2,3,1,0,664,1270,1057
1031,0,20,1,2,3,1,1,920,1297,1096
1032,0,16,1,2,3,1,0,927,1342,1060
1033,0,16,1,5,2,1,0,983,1232,1062
1034,0,17,0,0,2,1,0,998,1078,-1
1035,0,16,1,5,2,1,0,1023,1243,1069
1036,0,14,1,0,3,1,1,933,1197,1068
1037,0,18,1,1,3,1,0,825,1263,1082
1038,0,16,0,0,3,1,1,519,1113,-1
1039,0,15,1,0,2,1,0,979,1121,1075
1041,0,17,1,2,2,1,0,1033,1165,1074
1042,0,16,0,0,3,1,0,927,1181,-1
1043,0,17,1,2,2,1,0,1035,1269,1076
1044,0,17,1,0,3,1,0,935,1143,1081
1045,0,18,1,1,2,1,0,1041,1193,1102
1046,0,18,1,0,2,1,0,1043,1158,1080
1047,0,14,1,5,3,1,0,664,1485,1089
1048,0,17,1,2,2,1,0,1033,1206,1083
1050,0,17,1,1,2,1,0,1035,1134,1084
1052,0,18,1,2,2,1,0,1048,1237,1120
1053,0,18,1,0,2,1,0,1050,1194,1087
1055,0,17,1,0,3,1,1,836,1283,1101
1058,0,18,0,0,3,1,0,904,1128,-1
1059,0,18,1,0,2,1,0,1043,1161,1109
1060,0,17,1,1,2,1,0,1033,1166,1109
1061,0,14,1,0,3,1,1,933,1177,1114
1063,0,19,1,0,3,1,1,936,1129,1093
1064,0,21,0,0,3,1,1,939,1135,-1
1066,0,20,1,1,3,1,1,945,1272,1105
1067,0,16,0,0,2,1,0,983,1161,-1
1068,0,19,1,0,3,1,1,954,1284,1151
1069,0,18,1,0,3,1,1,960,1154,1097
1071,0,21,0,0,3,1,1,962,1168,-1
1072,0,17,0,0,3,1,0,935,1130,-1
1074,0,19,1,1,2,1,0,1045,1240,1127
1076,0,20,0,0,3,1,1,920,1160,-1
1077,0,17,1,0,2,1,0,1035,1163,1107
1079,0,19,1,1,3,1,1,936,1433,1111
1080,0,18,1,0,3,1,0,964,1352,1111
1081,0,18,1,0,3,1,0,976,1296,1112
1083,0,18,1,2,2,1,0,1060,1218,1111
1084,0,19,0,0,2,1,0,1053,1170,-1
1085,0,18,1,0,2,1,0,1041,1160,1124
1087,0,19,1,0,2,1,0,1083,1166,1115
1088,0,14,1,3,3,1,0,664,1427,1119
1090,0,18,1,0,3,1,0,825,1211,1142
1091,0,17,1,2,2,1,0,1035,1241,1139
1092,0,19,1,2,2,1,0,1052,1186,1124
1093,0,19,0,0,2,1,0,1059,1161,-1
1095,0,18,0,0,2,1,0,1060,1166,-1
1096,0,20,1,1,2,1,0,1074,1257,1130
1098,0,18,0,0,2,1,0,1077,1163,-1
1099,0,14,1,1,3,1,1,933,1333,1171
1101,0,18,1,1,2,1,0,1048,1193,1138
1103,0,20,1,4,2,1,0,1092,1302,1135
1105,0,19,1,0,2,1,0,1052,1171,1135
1106,0,21,1,0,2,1,0,1096,1219,1135
1107,0,17,1,1,2,1,0,1033,1205,1144
1108,0,19,1,0,2,1,0,1083,1213,1191
1109,0,19,0,0,3,1,1,936,1171,-1
1110,0,18,1,0,3,1,0,964,1313,1138
1111,0,18,1,0,3,1,0,976,1195,1138
1113,0,21,1,2,2,1,0,1103,1267,1139
1115,0,20,0,0,2,1,0,1105,1171,-1
1116,0,19,0,0,2,1,0,1045,1193,-1
1118,0,19,1,0,2,1,0,1101,1200,1142
1119,0,22,1,1,2,1,0,1113,1193,1145
1122,0,14,1,1,3,1,0,664,1334,1147
1123,0,18,1,1,2,1,0,1107,1217,1149
1124,0,20,1,0,2,1,0,1092,1189,1154
1126,0,23,1,1,2,1,0,1119,1200,1150
1128,0,17,1,1,2,1,0,1033,1217,1159
1130,0,19,1,1,2,1,0,1123,1322,1187
1131,0,18,1,0,2,1,0,1091,1205,1166
1132,0,18,0,0,2,1,0,1107,1205,-1
1133,0,24,1,0,2,1,0,1126,1209,1162
1135,0,14,1,2,3,1,0,664,1427,1177
1136,0,19,1,0,3,1,0,977,1203,1164
1137,0,19,1,0,3,1,0,982,1196,1165
1138,0,22,1,1,2,1,0,1113,1284,1214
1139,0,17,1,1,3,1,1,984,1358,1168
1140,0,15,1,0,3,1,0,985,1217,1168
1141,0,16,1,1,3,1,0,995,1371,1180
1142,0,18,1,0,2,1,0,1128,1201,1175
1143,0,19,0,0,2,1,0,1131,1205,-1
1144,0,20,0,0,2,1,0,1074,1240,-1
1145,0,18,1,1,3,1,0,825,1469,1194
1146,0,21,1,0,3,1,1,996,1223,1172
1147,0,19,1,1,3,1,0,997,1401,1173
1148,0,19,0,0,3,1,0,977,1209,-1
1149,0,19,1,0,3,1,0,982,1230,1183
1151,0,17,0,0,3,1,0,1001,1204,-1
1152,0,21,1,3,2,1,0,1103,1269,1174
1153,0,22,1,4,2,1,0,1152,1326,1177
1154,0,19,0,0,2,1,0,1142,1201,-1
1156,0,23,1,1,2,1,0,1153,1263,1182
1158,0,21,1,4,2,1,0,996,1280,1181
1160,0,19,1,2,3,1,0,997,1454,1195
1161,0,24,1,2,2,1,0,1156,1281,1204
1162,0,17,1,0,2,1,0,1035,1255,1194
1163,0,22,1,1,2,1,0,1158,1257,1188
1164,0,18,1,1,2,1,0,1091,1243,1192
1165,0,19,1,0,3,1,1,954,1322,1192
1166,0,20,1,0,2,1,0,1130,1228,1190
1167,0,18,0,0,2,1,0,1128,1217,-1
1168,0,19,1,0,2,1,0,1164,1258,1195
1169,0,18,0,0,3,1,0,1003,1231,-1
1170,0,21,0,0,2,1,0,1166,1228,-1
1171,0,22,1,1,2,1,0,1158,1288,1196
1173,0,18,1,7,3,1,0,1010,1620,1199
1175,0,20,0,0,2,1,0,1168,1258,-1
1177,0,23,1,4,2,1,0,1171,1365,1250
1178,0,21,0,0,2,1,0,1096,1257,-1
1179,0,22,1,1,2,1,0,1152,1326,1217
1180,0,23,1,5,2,1,0,1153,1392,1207
1182,0,18,1,1,3,1,0,825,1469,1212
1183,0,19,1,0,3,1,1,954,1303,1206
1184,0,19,1,0,3,1,0,1016,1248,1204
1185,0,14,0,0,3,1,1,933,1233,-1
1188,0,19,1,3,3,1,0,997,1594,1212
1189,0,16,1,0,3,1,0,1028,1448,1207
1190,0,17,0,0,2,1,0,1035,1243,-1
1191,0,25,1,1,2,1,0,1161,1314,1207
1192,0,15,1,0,3,1,0,1029,1423,1209
1193,0,21,1,0,3,1,1,1031,1249,1209
1194,0,17,1,0,3,1,0,1032,1252,1214
1195,0,24,1,4,2,1,0,1180,1414,1212
1197,0,19,1,0,3,1,0,1037,1298,1215
1198,0,18,0,0,2,1,0,1091,1241,-1
1201,0,19,1,0,3,1,0,1016,1258,1217
1202,0,21,1,0,2,1,0,1103,1254,1219
1203,0,25,1,6,2,1,0,1195,1520,1250
1204,0,23,1,3,2,1,0,1153,1386,1220
1205,0,23,1,0,2,1,0,1138,1253,1231
1206,0,18,0,0,2,1,0,1043,1269,-1
1207,0,19,1,0,3,1,1,954,1279,1234
1209,0,23,1,0,2,1,0,1179,1301,1250
1210,0,14,0,0,3,1,0,664,1246,-1
1212,0,24,0,0,2,1,0,1156,1263,-1
1213,0,22,1,0,2,1,0,1158,1277,1228
1214,0,22,0,0,2,1,0,1202,1254,-1
1215,0,24,1,2,2,1,0,1180,1361,1253
1217,0,19,1,1,3,1,0,997,1547,1228
1218,0,22,1,0,2,1,0,1152,1286,1231
1219,0,16,1,1,3,1,0,1028,1648,1231
1221,0,23,1,1,2,1,0,1163,1285,1235
1223,0,15,1,0,3,1,0,1029,1334,1234
1224,0,24,1,0,2,1,0,1204,1286,1234
1226,0,24,0,0,2,1,0,1205,1253,-1
1227,0,17,1,0,3,1,0,1032,1353,1237
1228,0,25,1,2,2,1,0,1161,1585,1244
1230,0,24,1,0,2,1,0,1221,1290,1244
1232,0,23,0,0,2,1,0,1218,1286,-1
1233,0,19,1,7,3,1,0,997,1804,1241
1234,0,22,0,0,2,1,0,1152,1269,-1
1236,0,22,1,1,2,1,0,1158,1300,1251
1237,0,15,1,0,3,1,0,1047,1439,1243
1238,0,18,0,0,3,1,1,1055,1283,-1
1239,0,24,1,0,2,1,0,1204,1288,1247
1240,0,21,1,0,3,1,1,1031,1502,1247
1241,0,21,1,0,3,1,1,1066,1371,1248
1242,0,21,1,1,2,1,0,1103,1314,1274
1244,0,20,0,0,3,1,1,1068,1281,-1
1245,0,26,1,1,2,1,0,1191,1307,1252
1247,0,26,1,2,2,1,0,1228,1301,1250
1249,0,25,0,0,2,1,0,1239,1288,-1
1250,0,27,1,0,2,1,0,1247,1319,1252
1252,0,24,1,0,2,1,0,1177,1317,1254
1253,0,26,1,1,2,1,0,1203,1354,1256
1254,0,24,0,0,2,1,0,1209,1301,-1
1255,0,23,1,0,2,1,0,1236,1293,1257
1256,0,27,1,0,2,1,0,1245,1332,1266
1257,0,28,0,0,2,1,0,1250,1319,-1
1258,0,26,1,0,2,1,0,1228,1344,1259
1259,0,27,1,2,2,1,0,1253,1340,1301
1260,0,21,0,0,3,1,1,1031,1297,-1
1262,0,23,0,0,2,1,0,1171,1288,-1
1263,0,17,0,0,3,1,0,1032,1320,-1
1264,0,27,1,0,2,1,0,1247,1316,1269
1265,0,24,1,2,2,1,0,1177,1418,1265
1267,0,26,1,2,2,1,0,1203,1337,1282
1268,0,25,1,6,2,1,0,1215,1418,1280
1269,0,19,1,0,3,1,0,997,1541,1280
1270,0,23,1,0,2,1,0,1153,1326,1272
1271,0,28,0,0,2,1,0,1256,1317,-1
1272,0,26,0,0,2,1,0,1191,1314,-1
1273,0,18,1,0,3,1,0,825,1437,1273
1274,0,27,0,0,2,1,0,1258,1311,-1
1276,0,25,1,1,2,1,0,1265,1355,1274
1278,0,15,1,0,3,1,0,1047,1656,1274
1279,0,15,1,0,3,1,0,1088,1458,1276
1280,0,24,1,0,2,1,0,1204,1355,1277
1281,0,15,1,0,3,1,1,1099,1380,1277
1282,0,19,0,0,3,1,0,1110,1313,-1
1283,0,24,1,0,2,1,0,1180,1393,1304
1284,0,18,1,0,3,1,0,825,1386,1292
1285,0,16,0,0,3,1,0,1028,1337,-1
1286,0,23,0,0,2,1,0,1179,1326,-1
1287,0,24,1,3,2,1,0,1177,1380,1290
1288,0,15,1,3,3,1,0,1047,1765,1295
1289,0,24,0,0,2,1,0,1204,1332,-1
1290,0,22,1,0,2,1,0,1242,1425,1297
1291,0,15,1,0,3,1,0,1088,1328,1288
1292,0,27,0,0,2,1,0,1245,1307,-1
1293,0,15,0,0,3,1,1,1099,1321,-1
1294,0,25,1,0,2,1,0,1215,1362,1336
1295,0,25,1,2,2,1,0,1265,1344,1291
1296,0,15,1,0,3,1,0,1122,1332,1291
1297,0,20,0,0,2,1,0,1130,1322,-1
1298,0,25,1,0,2,1,0,1195,1399,1318
1299,0,15,1,0,3,1,0,1135,1369,1297
1301,0,27,1,1,2,1,0,1267,1380,1298
1302,0,19,1,1,3,1,0,997,1782,1307
1303,0,23,0,0,2,1,0,1153,1326,-1
1304,0,26,1,1,2,1,0,1268,1417,1301
1305,0,15,1,0,3,1,0,1088,1560,1357
1306,0,26,1,1,2,1,0,1276,1389,1303
1307,0,25,0,0,2,1,0,1280,1335,-1
1308,0,18,1,0,3,1,1,1139,1411,1305
1309,0,25,1,5,2,1,0,1287,1512,1303
1310,0,28,1,0,2,1,0,1259,1360,1304
1311,0,25,0,0,2,1,0,1283,1393,-1
1312,0,18,1,0,3,1,0,825,1609,1407
1313,0,26,1,4,2,1,0,1295,1574,1309
1314,0,15,1,4,3,1,0,1135,1827,1335
1316,0,24,1,2,2,1,0,1177,1489,1316
1317,0,28,1,0,2,1,0,1259,1396,1317
1318,0,19,1,0,3,1,0,997,1655,1333
1319,0,26,1,2,2,1,0,1203,1445,1380
1320,0,24,1,1,2,1,0,1180,1472,1319
1321,0,27,1,2,2,1,0,1267,1410,1320
1322,0,26,1,8,2,1,0,1268,1597,1319
1323,0,17,1,1,3,1,0,1141,1697,1321
1324,0,26,0,0,2,1,0,1276,1355,-1
1325,0,25,1,2,2,1,0,1287,1469,1321
1326,0,15,1,0,3,1,0,1047,1702,1369
1327,0,19,1,0,3,1,0,1145,1573,1330
1328,0,26,1,1,2,1,0,1295,1443,1325
1329,0,20,1,0,3,1,0,1147,1432,1326
1330,0,26,1,0,2,1,0,1268,1407,1328
1331,0,28,1,0,2,1,0,1301,1368,1328
1332,0,27,1,0,2,1,0,1304,1386,1328
1333,0,20,1,0,3,1,0,1160,1495,1330
1335,0,25,1,0,2,1,0,1287,1473,1330
1336,0,27,1,0,2,1,0,1306,1393,1332
1337,0,26,1,1,2,1,0,1309,1421,1334
1339,0,27,1,1,2,1,0,1313,1398,1334
1340,0,17,0,0,3,1,0,1141,1369,-1
1342,0,25,1,6,2,1,0,1316,1612,1335
1344,0,28,1,2,2,1,0,1321,1507,1342
1346,0,27,1,2,2,1,0,1322,1460,1342
1347,0,20,0,0,3,1,0,1147,1401,-1
1348,0,26,1,2,2,1,0,1268,1452,1339
1349,0,19,1,0,3,1,0,1173,1659,1341
1350,0,25,1,1,2,1,0,1195,1420,1340
1351,0,24,1,1,2,1,0,1180,1444,1344
1352,0,27,0,0,2,1,0,1306,1375,-1
1354,0,26,1,2,2,1,0,1309,1500,1345
1355,0,27,1,0,2,1,0,1313,1465,1346
1356,0,25,0,0,2,1,0,1316,1379,-1
1357,0,24,0,0,2,1,0,1180,1392,-1
1359,0,26,1,1,2,1,0,1268,1533,1355
1360,0,26,1,2,2,1,0,1309,1493,1373
1361,0,25,1,2,2,1,0,1195,1673,1363
1362,0,19,1,1,3,1,0,997,1771,1373
1363,0,28,1,1,2,1,0,1321,1502,1380
1364,0,26,1,0,2,1,0,1325,1461,1385
1365,0,27,1,0,2,1,0,1313,1447,1424
1366,0,27,1,0,2,1,0,1328,1459,1363
1367,0,27,1,4,2,1,0,1337,1564,1365
1368,0,20,1,0,3,1,1,1079,1522,1375
1369,0,23,0,0,2,1,0,1290,1425,-1
1370,0,15,0,0,3,1,0,1135,1427,-1
1372,0,26,0,0,2,1,0,1298,1399,-1
1374,0,27,1,1,2,1,0,1322,1486,1373
1376,0,28,1,0,2,1,0,1339,1432,1376
1377,0,15,0,0,3,1,0,1088,1416,-1
1378,0,26,1,2,2,1,0,1268,1515,1378
1379,0,26,1,2,2,1,0,1342,1526,1381
1380,0,27,1,1,2,1,0,1322,1500,1383
1381,0,29,1,0,2,1,0,1344,1447,1382
1382,0,28,1,0,2,1,0,1346,1502,1382
1384,0,27,1,0,2,1,0,1319,1532,1387
1385,0,26,0,0,2,1,0,1268,1418,-1
1387,0,27,1,7,2,1,0,1348,1702,1389
1388,0,26,1,0,2,1,0,1350,1422,1389
1389,0,26,1,8,2,1,0,1203,1713,1398
1390,0,26,1,1,2,1,0,1342,1533,1391
1391,0,26,1,0,2,1,0,1325,1468,1408
1392,0,29,1,1,2,1,0,1344,1595,1395
1393,0,28,1,0,2,1,0,1346,1454,1395
1394,0,20,0,0,3,1,1,1079,1433,-1
1395,0,27,1,0,2,1,0,1319,1460,1398
1396,0,25,0,0,2,1,0,1265,1418,-1
1397,0,27,1,0,2,1,0,1348,1436,1403
1398,0,15,1,3,3,1,0,1047,1829,1403
1400,0,19,1,2,3,1,0,997,1798,1410
1401,0,27,0,0,2,1,0,1319,1445,-1
1402,0,27,1,0,2,1,0,1322,1569,1408
1403,0,26,1,0,2,1,0,1203,1518,1414
1404,0,26,1,1,2,1,0,1342,1537,1413
1406,0,25,1,0,2,1,0,1351,1494,1419
1407,0,25,1,0,2,1,0,1316,1452,1422
1408,0,25,1,4,2,1,0,1320,1644,1421
1409,0,27,1,0,2,1,0,1354,1484,1439
1410,0,27,1,2,2,1,0,1359,1554,1419
1411,0,20,1,0,3,1,0,1160,1511,1421
1412,0,19,1,0,3,1,0,1173,1502,1422
1413,0,26,1,0,2,1,0,1203,1504,1442
1414,0,26,1,3,2,1,0,1309,1597,1427
1415,0,27,1,3,2,1,0,1322,1573,1425
1416,0,26,1,6,2,1,0,1342,1689,1428
1418,0,27,1,4,2,1,0,1360,1643,1426
1419,0,19,1,0,3,1,0,1182,1486,1429
1421,0,26,1,1,2,1,0,1361,1678,1429
1422,0,20,1,1,3,1,0,1188,1786,1430
1423,0,25,0,0,2,1,0,1316,1464,-1
1424,0,27,1,2,2,1,0,1313,1629,1523
1425,0,27,0,0,2,1,0,1364,1461,-1
1427,0,28,0,0,2,1,0,1366,1459,-1
1428,0,28,1,0,2,1,0,1367,1582,1434
1430,0,19,1,0,3,1,0,997,1541,1438
1431,0,28,1,0,2,1,0,1374,1557,1438
1432,0,27,1,0,2,1,0,1378,1474,1439
1433,0,27,1,1,2,1,0,1379,1627,1440
1435,0,25,0,0,2,1,0,1320,1472,-1
1436,0,19,1,2,3,1,0,1173,1779,1444
1437,0,15,0,0,3,1,0,1047,1485,-1
1438,0,27,1,0,2,1,0,1322,1527,1447
1439,0,20,1,0,3,1,0,1188,1615,1448
1440,0,28,1,0,2,1,0,1367,1584,1475
1441,0,27,1,0,2,1,0,1378,1481,1449
1443,0,26,1,0,2,1,0,1309,1586,1454
1444,0,26,0,0,2,1,0,1203,1520,-1
1445,0,19,1,2,3,1,0,997,1832,1581
1446,0,27,1,0,2,1,0,1354,1513,1456
1448,0,27,1,2,2,1,0,1379,1612,1478
1449,0,27,1,0,2,1,0,1360,1509,1461
1450,0,19,1,2,3,1,0,1173,1838,1462
1451,0,27,1,4,2,1,0,1322,1735,1469
1452,0,28,1,0,2,1,0,1380,1601,1463
1453,0,20,1,0,3,1,0,1188,1588,1468
1454,0,17,1,0,3,1,0,1219,1499,1466
1455,0,20,1,22,3,1,0,1233,3074,1467
1456,0,22,0,0,3,1,1,1240,1500,-1
1457,0,26,1,0,2,1,0,1361,1547,1483
1459,0,28,0,0,2,1,0,1384,1518,-1
1460,0,28,1,0,2,1,0,1387,1542,1471
1462,0,27,1,0,2,1,0,1389,1618,1471
1463,0,19,1,0,3,1,0,1173,1797,1476
1464,0,26,1,2,2,1,0,1342,1700,1477
1465,0,29,1,0,2,1,0,1363,1670,1477
1466,0,27,1,1,2,1,0,1390,1635,1476
1468,0,30,1,0,2,1,0,1392,1644,1539
1469,0,27,0,0,2,1,0,1359,1533,-1
1470,0,28,1,0,2,1,0,1387,1598,1483
1471,0,27,1,1,2,1,0,1322,1623,1543
1472,0,28,1,0,2,1,0,1367,1600,1487
1473,0,19,1,1,3,1,0,1173,1830,1493
1474,0,27,1,0,2,1,0,1389,1557,1488
1476,0,28,0,0,2,1,0,1402,1551,-1
1477,0,27,0,0,2,1,0,1403,1518,-1
1478,0,26,1,2,2,1,0,1342,1703,1504
1479,0,28,1,3,2,1,0,1387,1723,1500
1480,0,27,1,0,2,1,0,1389,1621,1499
1482,0,27,1,4,2,1,0,1404,1689,1497
1484,0,28,1,0,2,1,0,1367,1592,1521
1485,0,26,1,3,2,1,0,1408,1652,1502
1486,0,20,1,0,3,1,0,1217,1547,1504
1487,0,20,1,7,3,1,0,1233,2129,1504
1488,0,28,1,1,2,1,0,1410,1629,1504
1490,0,27,1,6,2,1,0,1414,1806,1504
1491,0,28,1,4,2,1,0,1415,1921,1504
1493,0,27,1,0,2,1,0,1416,1592,1505
1494,0,27,1,1,1,1,0,1485,1510,1503
1495,0,27,0,0,2,1,0,1404,1537,-1
1496,0,28,1,2,1,1,0,1494,1583,1506
1497,0,28,1,4,2,1,0,1418,1721,1509
1498,0,27,1,2,2,1,0,1421,1714,1509
1499,0,26,1,0,2,1,0,1408,1628,1511
1500,0,29,1,0,1,1,0,1496,1576,1511
1501,0,19,1,7,3,1,0,1173,2088,1517
1502,0,28,1,0,2,1,0,1410,1559,1515
1503,0,27,1,0,2,1,0,1414,1648,1517
1504,0,28,1,0,2,1,0,1415,1651,1518
1505,0,20,0,0,3,1,0,1217,1547,-1
1506,0,26,1,1,2,1,0,1408,1670,1539
1507,0,20,1,1,3,1,0,1233,1983,1523
1509,0,27,1,0,2,1,0,1416,1569,1524
1510,0,27,1,0,2,1,0,1414,1579,1526
1511,0,16,0,0,3,1,0,1278,1656,-1
1512,0,28,1,1,2,1,0,1415,1696,1530
1513,0,28,0,0,2,1,0,1410,1554,-1
1514,0,28,1,0,2,1,0,1418,1629,1536
1515,0,29,1,0,1,1,0,1496,1568,1535
1516,0,28,1,0,2,1,0,1424,1660,1536
1517,0,20,1,1,3,1,0,1233,2070,1546
1518,0,27,1,0,2,1,0,1389,1602,1543
1520,0,27,0,0,2,1,0,1414,1580,-1
1522,0,29,0,0,2,1,0,1428,1576,-1
1523,0,28,1,6,2,1,0,1418,1848,1544
1524,0,28,1,1,2,1,0,1387,1678,1548
1525,0,26,1,6,2,1,0,1408,1832,1579
1527,0,27,1,1,2,1,0,1416,1690,1555
1529,0,16,1,0,3,1,0,1288,1888,1551
1530,0,20,1,1,3,1,0,1302,1915,1599
1531,0,27,1,0,2,1,0,1389,1687,1554
1532,0,28,1,0,2,1,0,1387,1617,1556
1533,0,28,1,1,2,1,0,1418,1756,1577
1534,0,28,1,0,2,1,0,1424,1690,1603
1535,0,27,0,0,2,1,0,1322,1592,-1
1536,0,28,1,0,2,1,0,1433,1703,1561
1538,0,28,1,0,2,1,0,1448,1643,1562
1539,0,17,0,0,3,1,0,1219,1648,-1
1540,0,28,1,1,2,1,0,1387,1736,1577
1541,0,28,1,0,2,1,0,1448,1627,1579
1542,0,28,1,0,2,1,0,1451,1776,1572
1544,0,27,1,0,2,1,0,1389,1624,1577
1545,0,28,0,0,2,1,0,1462,1615,-1
1546,0,27,1,0,2,1,0,1416,1677,1578
1547,0,20,1,0,3,1,0,1233,1614,1580
1548,0,28,1,2,2,1,0,1451,1736,1581
1549,0,27,1,0,2,1,0,1464,1624,1583
1550,0,28,1,0,2,1,0,1466,1651,1585
1551,0,31,0,0,2,1,0,1468,1644,-1
1552,0,28,1,0,2,1,0,1471,1644,1586
1553,0,27,1,0,2,1,0,1416,1692,1592
1554,0,28,0,0,2,1,0,1418,1643,-1
1556,0,27,1,0,2,1,0,1478,1628,1591
1557,0,27,1,0,2,1,0,1464,1646,1594
1558,0,16,1,0,3,1,0,1288,1922,1596
1559,0,28,0,0,2,1,0,1471,1623,-1
1560,0,29,1,0,2,1,0,1479,1627,1597
1561,0,28,1,1,2,1,0,1482,1707,1597
1562,0,28,1,1,2,1,0,1387,1706,1601
1563,0,27,1,2,2,1,0,1478,1717,1650
1564,0,27,1,0,2,1,0,1485,1660,1600
1565,0,29,1,0,2,1,0,1488,1749,1602
1566,0,28,1,0,2,1,0,1490,1785,1604
1567,0,29,1,0,2,1,0,1491,1701,1604
1569,0,27,1,1,2,1,0,1416,1771,1612
1570,0,27,0,0,2,1,0,1464,1700,-1
1571,0,28,1,0,2,1,0,1482,1699,1615
1572,0,28,1,6,2,1,0,1451,1868,1632
1574,0,27,1,0,2,1,0,1485,1686,1616
1575,0,28,1,1,2,1,0,1490,1760,1617
1576,0,29,1,3,2,1,0,1491,1836,1621
1577,0,28,0,0,2,1,0,1387,1702,-1
1578,0,29,1,7,2,1,0,1497,1972,1620
1580,0,28,1,0,2,1,0,1498,1654,1625
1582,0,28,1,1,2,1,0,1482,1786,1628
1583,0,29,0,0,2,1,0,1504,1651,-1
1584,0,27,0,0,2,1,0,1485,1652,-1
1585,0,27,1,0,2,1,0,1506,1666,1625
1586,0,29,1,0,2,1,0,1512,1692,1626
1587,0,29,1,2,2,1,0,1523,1858,1626
1588,0,27,0,0,2,1,0,1416,1689,-1
1589,0,20,1,0,3,1,0,1233,1814,1631
1590,0,29,1,1,2,1,0,1497,1758,1638
1591,0,29,1,0,2,1,0,1524,1673,1630
1592,0,27,1,1,2,1,0,1525,1738,1630
1593,0,28,1,0,2,1,0,1527,1699,1630
1594,0,29,1,0,2,1,0,1533,1701,1631
1595,0,29,0,0,2,1,0,1534,1664,-1
1596,0,29,1,0,2,1,0,1540,1683,1634
1597,0,27,1,0,2,1,0,1389,1731,1640
1598,0,28,1,6,2,1,0,1451,2064,1672
1599,0,20,1,0,3,1,0,1233,2006,1649
1600,0,29,1,0,2,1,0,1479,1770,1646
1601,0,20,0,0,3,1,0,1302,1731,-1
1602,0,28,1,3,2,1,0,1482,1883,1647
1603,0,29,1,1,2,1,0,1491,1788,1650
1604,0,16,1,0,3,1,0,1314,1729,1651
1605,0,27,0,0,2,1,0,1421,1678,-1
1606,0,28,1,0,2,1,0,1490,1694,1662
1607,0,28,1,14,2,1,0,1498,2097,1654
1608,0,29,1,2,2,1,0,1523,1835,1654
1609,0,18,1,0,4,1,0,1323,1729,1656
1610,0,16,0,0,3,1,0,1326,1702,-1
1611,0,28,0,0,2,1,0,1482,1689,-1
1612,0,29,1,1,2,1,0,1497,1772,1662
1613,0,29,0,0,2,1,0,1512,1696,-1
1614,0,27,1,1,2,1,0,1525,1869,1659
1616,0,27,1,0,2,1,0,1389,1725,1684
1617,0,16,1,0,3,1,0,1314,1825,1662
1618,0,28,0,0,2,1,0,1527,1690,-1
1619,0,29,1,0,2,1,0,1523,1807,1666
1620,0,29,0,0,2,1,0,1542,1770,-1
1621,0,18,0,0,3,1,0,1323,1697,-1
1622,0,29,1,1,2,1,0,1548,1848,1669
1623,0,29,1,0,2,1,0,1561,1787,1672
1624,0,29,1,0,2,1,0,1562,1752,1672
1625,0,29,1,0,2,1,0,1497,1803,1677
1626,0,28,1,1,2,1,0,1563,1877,1676
1627,0,28,1,2,2,1,0,1490,1937,1684
1628,0,29,1,0,2,1,0,1523,1771,1712
1629,0,20,0,0,3,1,0,1233,1804,-1
1630,0,29,1,0,2,1,0,1479,1726,1690
1631,0,27,1,1,2,1,0,1525,1843,1688
1632,0,29,1,4,2,1,0,1548,2006,1690
1633,0,16,1,0,3,1,0,1314,1731,1693
1634,0,29,1,1,2,1,0,1491,1870,1714
1635,0,28,1,0,2,1,0,1563,1734,1703
1636,0,29,0,0,2,1,0,1566,1726,-1
1637,0,29,1,0,2,1,0,1572,1866,1693
1638,0,20,1,0,3,1,0,1362,1919,1707
1639,0,30,1,2,2,1,0,1576,1930,1695
1640,0,30,1,2,2,1,0,1578,1911,1695
1641,0,16,1,9,3,1,0,1398,3210,1698
1642,0,20,1,0,3,1,0,1400,1742,1699
1644,0,21,1,0,3,1,0,1422,1931,1701
1645,0,16,0,0,3,1,0,1314,1734,-1
1646,0,27,1,3,2,1,0,1525,1905,1702
1647,0,20,1,0,3,1,0,1436,1748,1703
1648,0,16,1,1,3,1,0,1288,2048,1733
1649,0,29,0,0,2,1,0,1548,1736,-1
1650,0,29,0,0,2,1,0,1497,1721,-1
1652,0,29,1,4,2,1,0,1572,2000,1705
1653,0,30,1,1,2,1,0,1576,1900,1705
1654,0,30,1,3,2,1,0,1578,1919,1705
1655,0,29,1,0,2,1,0,1582,1840,1717
1656,0,30,1,0,2,1,0,1587,1745,1706
1657,0,30,1,1,2,1,0,1590,1875,1709
1658,0,28,1,0,2,1,0,1592,1758,1709
1659,0,28,0,0,2,1,0,1597,1731,-1
1660,0,16,1,0,3,1,0,1398,2108,1711
1661,0,28,1,0,2,1,0,1569,1880,1716
1662,0,29,1,1,2,1,0,1572,1898,1716
1663,0,30,1,0,2,1,0,1576,1752,1720
1664,0,20,0,0,3,1,0,1362,1771,-1
1665,0,27,1,0,2,1,0,1525,1849,1739
1666,0,29,1,1,2,1,0,1572,1897,1737
1667,0,29,1,0,2,1,0,1575,1763,1733
1668,0,30,1,0,2,1,0,1578,1890,1728
1671,0,29,0,0,2,1,0,1582,1786,-1
1673,0,30,0,0,2,1,0,1590,1758,-1
1674,0,29,1,1,2,1,0,1598,1925,1733
1675,0,29,1,0,2,1,0,1602,1901,1733
1676,0,21,0,0,3,1,0,1422,1786,-1
1678,0,30,1,0,2,1,0,1603,1895,1734
1679,0,29,1,0,2,1,0,1607,1788,1735
1680,0,20,1,0,3,1,0,1436,1792,1738
1681,0,20,1,0,3,1,0,1445,2186,1738
1682,0,30,1,0,2,1,0,1608,1878,1737
1683,0,30,1,0,2,1,0,1612,1802,1739
1684,0,28,0,0,2,1,0,1614,1770,-1
1685,0,20,1,0,3,1,0,1450,1858,1740
1686,0,28,1,0,2,1,0,1490,1894,1746
1688,0,30,1,7,2,1,0,1578,2146,1758
1689,0,20,0,0,3,1,0,1436,1779,-1
1691,0,29,0,0,2,1,0,1566,1785,-1
1692,0,29,1,1,2,1,0,1523,1974,1761
1693,0,29,1,1,2,1,0,1598,1947,1754
1694,0,29,1,2,2,1,0,1572,2166,1797
1695,0,28,1,2,2,1,0,1490,1944,1761
1696,0,29,1,0,2,1,0,1602,2012,1759
1697,0,30,0,0,2,1,0,1603,1788,-1
1698,0,16,1,0,3,1,0,1314,1822,1773
1699,0,29,1,5,2,1,0,1598,2046,1763
1700,0,20,1,0,3,1,0,1400,2224,1767
1702,0,29,1,1,2,1,0,1602,1975,1775
1703,0,27,1,1,2,1,0,1525,1953,1772
1704,0,16,1,0,3,1,0,1398,2042,1778
1705,0,29,1,0,2,1,0,1607,1809,1778
1707,0,20,1,0,3,1,0,1445,1824,1774
1708,0,30,1,5,2,1,0,1608,2156,1774
1709,0,30,1,0,2,1,0,1622,1874,1779
1710,0,30,0,0,2,1,0,1576,1836,-1
1711,0,20,1,0,3,1,0,1450,1912,1778
1712,0,29,1,1,2,1,0,1598,1955,1807
1714,0,21,1,0,3,1,0,1455,1853,1782
1716,0,27,0,0,2,1,0,1525,1825,-1
1717,0,16,0,0,3,1,0,1314,1827,-1
1718,0,20,0,0,3,1,0,1445,1832,-1
1720,0,20,1,5,3,1,0,1473,3306,1789
1721,0,21,1,1,3,1,0,1487,2152,1790
1722,0,20,1,0,3,1,0,1501,2256,1790
1723,0,20,0,0,3,1,0,1450,1838,-1
1724,0,29,1,0,2,1,0,1523,1950,1806
1725,0,30,1,3,2,1,0,1578,2141,1796
1726,0,30,1,0,2,1,0,1587,1823,1792
1728,0,30,0,0,2,1,0,1608,1835,-1
1729,0,28,1,0,2,1,0,1614,1834,1802
1731,0,29,1,0,2,1,0,1607,1839,1804
1732,0,30,0,0,2,1,0,1622,1848,-1
1733,0,21,1,0,3,1,0,1455,1878,1805
1734,0,29,0,0,2,1,0,1491,1864,-1
1735,0,29,1,3,2,1,0,1627,2059,1805
1736,0,20,0,0,3,1,0,1473,1830,-1
1737,0,28,1,0,2,1,0,1631,1887,1815
1738,0,30,1,0,2,1,0,1632,1843,1809
1739,0,20,1,1,3,1,0,1501,2253,1811
1740,0,30,1,0,2,1,0,1634,1927,1824
1742,0,29,1,0,2,1,0,1607,1858,1818
1744,0,29,0,0,2,1,0,1523,1848,-1
1745,0,30,0,0,2,1,0,1587,1858,-1
1747,0,30,1,2,2,1,0,1578,1977,1879
1748,0,21,1,0,3,1,0,1455,1931,1833
1750,0,31,1,0,2,1,0,1639,1975,1828
1752,0,29,1,2,2,1,0,1607,2004,1833
1753,0,31,1,1,2,1,0,1640,1975,1829
1755,0,29,1,1,2,1,0,1626,1964,1861
1756,0,29,1,0,2,1,0,1627,1953,1850
1758,0,21,1,0,3,1,0,1487,2567,1834
1759,0,28,1,18,2,1,0,1646,2685,1833
1760,0,30,1,0,2,1,0,1652,1912,1833
1762,0,20,1,5,3,1,0,1501,7199,1835
1763,0,31,1,0,2,1,0,1653,1969,1834
1764,0,29,1,2,2,1,0,1572,2037,1842
1765,0,30,1,0,2,1,0,1632,1979,1843
1766,0,21,1,0,3,1,0,1507,2193,1839
1767,0,31,1,0,2,1,0,1639,1923,1875
1768,0,29,1,0,2,1,0,1598,2075,1841
1769,0,21,1,0,3,1,0,1517,2068,1839
1771,0,21,1,0,3,1,0,1530,1918,1841
1772,0,31,1,0,2,1,0,1640,1915,1840
1773,0,31,1,0,2,1,0,1654,2095,1841
1774,0,29,1,1,2,1,0,1607,2105,1852
1775,0,28,1,0,2,1,0,1646,2015,1843
1776,0,30,1,0,2,1,0,1652,1947,1845
1777,0,31,1,0,2,1,0,1657,1986,1845
1778,0,21,1,0,3,1,0,1487,3812,1862
1779,0,20,1,0,3,1,0,1501,7199,1852
1780,0,31,1,0,2,1,0,1654,2062,1851
1781,0,30,1,0,2,1,0,1662,1900,1852
1783,0,30,1,0,2,1,0,1652,1989,1856
1784,0,30,1,0,2,1,0,1666,1890,1860
1785,0,28,1,0,2,1,0,1646,1987,1866
1787,0,31,0,0,2,1,0,1668,1890,-1
1788,0,21,1,0,3,1,0,1455,2154,1863
1789,0,30,1,0,2,1,0,1674,2081,1881
1790,0,29,1,0,2,1,0,1607,1922,1869
1791,0,30,1,0,2,1,0,1652,2087,1934
1792,0,31,1,6,2,1,0,1688,2201,1871
1793,0,30,1,0,2,1,0,1693,2118,1880
1794,0,30,1,0,2,1,0,1694,1964,1876
1795,0,31,1,0,2,1,0,1654,1915,1880
1796,0,28,0,0,2,1,0,1646,1905,-1
1797,0,29,1,0,2,1,0,1695,1925,1903
1798,0,29,1,1,2,1,0,1598,2129,1898
1799,0,21,1,0,3,1,0,1455,2601,1882
1800,0,31,1,14,2,1,0,1688,2507,1882
1801,0,29,1,4,2,1,0,1607,2264,1886
1802,0,31,0,0,2,1,0,1654,1919,-1
1804,0,30,1,0,2,1,0,1632,2014,1925
1805,0,21,1,0,3,1,0,1487,2339,1904
1806,0,30,1,3,2,1,0,1694,2218,1971
1807,0,20,1,0,3,1,0,1501,3469,1897
1808,0,30,1,0,2,1,0,1692,1945,1898
1809,0,30,1,2,2,1,0,1699,2185,1900
1810,0,30,1,0,2,1,0,1702,2074,1900
1811,0,28,1,8,2,1,0,1703,2296,1902
1812,0,30,0,0,2,1,0,1693,1947,-1
1813,0,21,1,0,3,1,0,1455,1940,1909
1814,0,29,1,3,2,1,0,1607,2219,1908
1815,0,30,1,3,2,1,0,1578,2443,1919
1816,0,31,1,0,2,1,0,1688,2144,1917
1817,0,29,1,2,2,1,0,1695,2216,1914
1819,0,30,1,10,2,1,0,1699,2830,1915
1820,0,31,1,5,2,1,0,1708,2594,1918
1821,0,30,1,0,2,1,0,1712,2123,1918
1823,0,31,1,0,2,1,0,1725,1968,1918
1825,0,29,0,0,2,1,0,1598,1953,-1
1827,0,30,0,0,2,1,0,1692,1974,-1
1828,0,21,1,0,3,1,0,1455,2118,1942
1829,0,30,1,0,2,1,0,1735,1994,1946
1830,0,31,1,0,2,1,0,1747,2109,1924
1832,0,30,1,2,2,1,0,1752,2327,1924
1833,0,32,1,0,2,1,0,1753,1977,1924
1834,0,30,1,0,2,1,0,1755,1958,1925
1835,0,29,1,0,2,1,0,1759,2996,1926
1836,0,30,0,0,2,1,0,1712,1955,-1
1837,0,31,1,0,2,1,0,1725,1968,1927
1838,0,32,0,0,2,1,0,1763,1969,-1
1839,0,30,1,1,2,1,0,1764,2246,1929
1840,0,31,1,0,2,1,0,1747,2144,1943
1842,0,32,0,0,2,1,0,1750,1975,-1
1844,0,30,1,16,2,1,0,1752,2887,1939
1845,0,29,1,0,2,1,0,1607,2025,1941
1846,0,30,0,0,2,1,0,1755,1964,-1
1848,0,30,1,0,2,1,0,1699,2194,1957
1849,0,21,1,0,3,1,0,1487,7199,1948
1850,0,30,1,2,2,1,0,1632,2318,1955
1851,0,31,1,0,2,1,0,1688,2064,1951
1852,0,20,1,0,3,1,0,1501,2770,1951
1853,0,31,1,0,2,1,0,1708,2049,1972
1854,0,29,1,0,2,1,0,1607,2129,1962
1855,0,21,1,0,3,1,0,1455,3799,1966
1856,0,31,1,0,2,1,0,1725,2152,1998
1857,0,21,1,0,3,1,0,1487,7199,2037
1858,0,30,1,0,2,1,0,1735,2022,1960
1859,0,17,1,0,3,1,0,1641,2061,1968
1860,0,30,1,0,2,1,0,1699,2276,1967
1861,0,20,1,0,3,1,0,1501,7199,2005
1862,0,29,1,2,2,1,0,1759,2443,1970
1863,0,30,0,0,2,1,0,1752,2004,-1
1864,0,30,0,0,2,1,0,1652,2000,-1
1865,0,31,1,6,2,1,0,1688,2658,1981
1866,0,29,1,1,2,1,0,1607,2674,1998
1867,0,30,0,0,2,1,0,1632,2006,-1
1868,0,21,1,0,3,1,0,1455,7199,2002
1869,0,30,1,0,2,1,0,1699,2615,1977
1870,0,30,1,0,2,1,0,1735,2401,1983
1871,0,29,1,0,2,1,0,1759,2276,1979
1872,0,30,1,0,2,1,0,1764,2353,1980
1873,0,30,0,0,2,1,0,1696,2012,-1
1874,0,31,1,12,2,1,0,1708,3250,1981
1876,0,30,0,0,2,1,0,1768,2075,-1
1877,0,29,1,4,2,1,0,1759,3110,1989
1878,0,32,0,0,2,1,0,1773,2095,-1
1879,0,30,0,0,2,1,0,1774,2031,-1
1880,0,17,1,0,3,1,0,1641,2067,1997
1881,0,17,1,0,3,1,0,1648,7199,2004
1882,0,17,1,0,3,1,0,1641,2043,2007
1884,0,29,1,16,2,1,0,1759,3488,2025
1885,0,32,0,0,2,1,0,1780,2041,-1
1886,0,32,1,0,2,1,0,1792,2176,2009
1887,0,29,1,0,2,1,0,1607,2588,2016
1888,0,21,1,0,3,1,0,1455,7199,2025
1889,0,30,0,0,2,1,0,1699,2046,-1
1890,0,31,0,0,2,1,0,1725,2141,-1
1891,0,32,1,0,2,1,0,1792,2462,2019
1892,0,31,1,10,2,1,0,1708,3425,2038
1893,0,32,1,0,2,1,0,1792,2184,2028
1894,0,29,1,9,2,1,0,1607,3460,2050
1895,0,31,1,0,2,1,0,1688,2282,2054
1896,0,30,0,0,2,1,0,1694,2166,-1
1898,0,29,1,0,2,1,0,1759,2400,2046
1900,0,30,1,1,2,1,0,1774,2954,2046
1901,0,21,1,0,3,1,0,1455,7199,2056
1902,0,31,1,0,2,1,0,1708,2520,2114
1903,0,20,0,0,3,1,0,1501,2083,-1
1904,0,17,1,0,3,1,0,1641,2217,2059
1905,0,29,0,0,2,1,0,1607,2097,-1
1907,0,31,0,0,2,1,0,1789,2081,-1
1908,0,31,0,0,2,1,0,1791,2087,-1
1909,0,30,0,0,2,1,0,1774,2105,-1
1910,0,30,1,0,2,1,0,1798,2192,2067
1912,0,32,1,0,2,1,0,1800,2432,2069
1914,0,30,1,0,2,1,0,1801,2968,2071
1916,0,31,1,0,2,1,0,1688,2549,2105
1917,0,31,1,0,2,1,0,1806,2402,2073
1918,0,29,1,1,2,1,0,1759,3265,2096
1919,0,30,0,0,2,1,0,1798,2129,-1
1920,0,21,1,0,3,1,0,1455,7199,2079
1921,0,32,1,0,2,1,0,1800,2177,2083
1922,0,30,1,1,2,1,0,1801,3304,2087
1923,0,21,1,0,3,1,0,1487,2884,2088
1924,0,32,1,0,2,1,0,1792,2329,2091
1925,0,31,0,0,2,1,0,1793,2118,-1
1926,0,32,1,0,2,1,0,1800,2171,2093
1927,0,31,1,0,2,1,0,1809,2188,2101
1928,0,21,1,0,3,1,0,1455,7199,2110
1929,0,21,1,0,3,1,0,1720,7199,2101
1930,0,32,1,0,2,1,0,1792,2777,2109
1931,0,17,1,0,3,1,0,1641,7199,2177
1933,0,32,1,0,2,1,0,1800,2626,2110
1934,0,30,1,0,2,1,0,1801,2706,2111
1935,0,29,1,0,2,1,0,1811,2407,2114
1937,0,30,1,8,2,1,0,1801,3553,2127
1938,0,22,1,0,3,1,0,1721,2163,2122
1939,0,31,1,0,2,1,0,1809,2526,2125
1940,0,29,1,0,2,1,0,1811,2248,2125
1941,0,32,1,0,2,1,0,1792,3045,2137
1942,0,21,0,0,3,1,0,1722,2256,-1
1944,0,32,1,0,2,1,0,1800,2409,2133
1945,0,29,1,0,2,1,0,1811,2307,2139
1946,0,21,1,0,3,1,0,1720,7199,2175
1947,0,29,1,1,2,1,0,1759,3297,2146
1948,0,32,1,1,2,1,0,1800,3378,2147
1949,0,21,1,0,3,1,0,1739,2213,2183
1950,0,31,1,1,2,1,0,1806,3486,2154
1952,0,30,1,0,2,1,0,1814,2229,2154
1954,0,32,1,3,2,1,0,1800,3536,2179
1955,0,31,1,7,2,1,0,1815,3740,2158
1956,0,30,1,0,2,1,0,1817,2261,2160
1958,0,29,1,0,2,1,0,1759,3391,2166
1959,0,21,1,0,3,1,0,1455,2805,2170
1960,0,31,1,0,2,1,0,1806,2311,2173
1961,0,29,1,0,2,1,0,1811,2342,2176
1962,0,30,1,1,2,1,0,1814,3524,2178
1963,0,31,1,0,2,1,0,1815,2368,2180
1964,0,31,0,0,2,1,0,1806,2218,-1
1965,0,30,1,0,2,1,0,1814,2843,2187
1967,0,30,1,0,2,1,0,1817,2285,2188
1968,0,31,1,0,2,1,0,1819,3325,2191
1969,0,29,1,0,2,1,0,1759,2424,2206
1971,0,32,1,0,2,1,0,1800,2650,2207
1972,0,32,1,0,2,1,0,1820,2309,2196
1973,0,31,1,0,2,1,0,1832,2276,2200
1974,0,31,1,0,2,1,0,1839,2326,2210
1976,0,31,1,0,2,1,0,1832,3312,2216
1977,0,31,1,0,2,1,0,1844,2327,2219
1979,0,29,1,0,2,1,0,1811,3148,2220
1980,0,31,1,0,2,1,0,1850,2274,2220
1981,0,31,0,0,2,1,0,1860,2270,-1
1982,0,30,1,0,2,1,0,1862,2258,2221
1983,0,32,1,5,2,1,0,1865,3743,2224
1985,0,32,1,14,2,1,0,1800,4023,2279
1986,0,30,0,0,2,1,0,1801,2264,-1
1987,0,29,1,10,2,1,0,1759,5213,2256
1988,0,29,1,0,2,1,0,1811,3254,2250
1990,0,31,1,0,2,1,0,1819,3430,2254
1991,0,32,1,0,2,1,0,1820,2310,2279
1993,0,21,1,0,3,1,0,1455,7199,2260
1994,0,29,1,0,2,1,0,1811,2300,2263
1995,0,17,0,0,3,1,0,1641,2297,-1
1996,0,31,1,0,2,1,0,1819,2565,2298
1997,0,21,1,0,3,1,0,1720,7199,2268
1998,0,21,1,0,3,1,0,1455,3194,2274
1999,0,29,1,0,2,1,0,1759,3350,2277
2000,0,29,1,0,2,1,0,1811,3399,2278
2001,0,31,1,0,2,1,0,1815,3006,2278
2002,0,31,1,0,2,1,0,1844,2312,2279
2003,0,30,1,0,2,1,0,1862,2317,2285
2004,0,31,1,0,2,1,0,1844,2821,2295
2005,0,32,1,0,2,1,0,1800,2647,2299
2006,0,21,1,0,3,1,0,1455,7199,2301
2007,0,31,1,0,2,1,0,1850,3674,2303
2008,0,29,1,3,2,1,0,1759,3935,2331
2009,0,32,1,0,2,1,0,1800,2867,2311
2010,0,31,1,0,2,1,0,1819,2870,2312
2011,0,31,1,0,2,1,0,1844,2988,2313
2012,0,30,0,0,2,1,0,1862,2374,-1
2013,0,32,1,0,2,1,0,1865,3634,2319
2014,0,32,1,0,2,1,0,1800,3903,2321
2015,0,31,1,0,2,1,0,1819,2549,2329
2016,0,32,1,0,2,1,0,1800,3376,2363
2017,0,31,1,4,2,1,0,1844,4074,2330
2018,0,32,1,0,2,1,0,1865,3001,2332
2020,0,31,1,1,2,1,0,1844,4014,2348
2021,0,32,1,0,2,1,0,1865,2483,2344
2022,0,29,1,0,2,1,0,1759,3663,2391
2023,0,21,1,0,3,1,0,1455,7199,2372
2024,0,32,1,0,2,1,0,1820,3653,2377
2025,0,32,1,0,2,1,0,1820,3255,2464
2026,0,31,1,0,2,1,0,1844,3349,2403
2027,0,30,1,0,2,1,0,1866,2908,2405
2028,0,29,1,1,2,1,0,1759,4106,2410
2029,0,32,1,0,2,1,0,1800,3116,2468
2030,0,31,0,0,2,1,0,1815,2443,-1
2031,0,31,1,0,2,1,0,1819,3572,2434
2032,0,21,1,0,3,1,0,1455,3679,2447
2033,0,29,1,1,2,1,0,1759,4113,2446
2034,0,21,1,0,3,1,0,1455,7199,2511
2035,0,32,1,0,2,1,0,1820,2608,2496
2036,0,31,1,6,2,1,0,1844,4790,2509
2037,0,31,1,1,2,1,0,1819,5014,2535
2038,0,31,1,0,2,1,0,1844,2853,2529
2039,0,29,1,0,2,1,0,1759,2751,2553
2040,0,32,1,0,2,1,0,1865,2601,2552
2041,0,31,1,0,2,1,0,1819,3835,2587
2043,0,32,1,0,2,1,0,1865,3903,2574
2044,0,32,1,0,2,1,0,1874,3105,2590
2045,0,21,1,0,3,1,0,1455,7199,2598
2046,0,31,1,0,2,1,0,1844,3419,2603
2047,0,21,1,0,3,1,0,1455,7199,2665
2048,0,32,0,0,2,1,0,1865,2658,-1
2049,0,31,1,0,2,1,0,1844,2830,2622
2050,0,32,1,0,2,1,0,1874,3772,2642
2051,0,29,1,0,2,1,0,1759,3553,2650
2052,0,32,1,0,2,1,0,1874,2843,2653
2053,0,17,1,0,3,1,0,1641,7199,2661
2054,0,31,1,0,2,1,0,1819,2757,2719
2055,0,31,1,0,2,1,0,1844,3059,2688
2056,0,31,1,0,2,1,0,1844,3659,2709
2057,0,31,1,6,2,1,0,1819,6765,2753
2058,0,31,1,0,2,1,0,1844,4602,2760
2060,0,31,0,0,2,1,0,1819,2830,-1
2061,0,31,1,1,2,1,0,1844,7199,2777
2062,0,32,1,0,2,1,0,1874,2975,2779
2064,0,31,1,0,2,1,0,1844,4022,2821
2065,0,32,1,0,2,1,0,1874,3056,2862
2066,0,30,1,0,2,1,0,1877,2871,2832
2067,0,30,1,0,2,1,0,1884,3007,2833
2068,0,32,1,0,2,1,0,1892,3076,2833
2069,0,30,1,0,2,1,0,1884,3227,2845
2070,0,17,1,0,3,1,0,1641,3215,2847
2071,0,31,0,0,2,1,0,1844,2887,-1
2072,0,30,1,0,2,1,0,1884,3258,2869
2073,0,32,1,0,2,1,0,1874,3086,2873
2074,0,30,1,0,2,1,0,1894,3211,2874
2075,0,32,1,0,2,1,0,1874,3859,2896
2076,0,30,1,0,2,1,0,1894,3379,2891
2077,0,31,1,0,2,1,0,1900,3810,2904
2078,0,32,1,0,2,1,0,1874,3261,2932
2079,0,32,1,0,2,1,0,1874,3898,2956
2080,0,30,1,0,2,1,0,1877,3105,2971
2081,0,17,1,0,3,1,0,1641,7199,2979
2082,0,32,1,0,2,1,0,1874,3851,3004
2083,0,30,1,0,2,1,0,1877,4458,2998
2084,0,30,1,0,2,1,0,1884,5233,3003
2085,0,32,1,0,2,1,0,1892,3260,3008
2086,0,30,1,0,2,1,0,1894,3053,3009
2087,0,32,1,0,2,1,0,1874,3772,3048
2088,0,30,1,0,2,1,0,1884,4386,3056
2089,0,32,1,0,2,1,0,1874,3922,3175
2090,0,32,1,0,2,1,0,1892,3379,3062
2092,0,30,1,0,2,1,0,1877,3107,3076
2093,0,30,1,0,2,1,0,1884,4984,3078
2094,0,17,1,0,3,1,0,1641,7199,3100
2095,0,30,1,0,2,1,0,1884,5233,3107
2096,0,32,1,0,2,1,0,1892,3413,3107
2097,0,30,1,0,2,1,0,1894,4810,3109
2098,0,30,1,0,2,1,0,1918,4014,3165
2099,0,30,1,0,2,1,0,1884,4298,3128
2100,0,30,1,0,2,1,0,1884,5124,3152
2102,0,30,1,0,2,1,0,1884,5233,3206
2104,0,32,1,0,2,1,0,1892,4621,3213
2105,0,30,1,0,2,1,0,1894,3646,3213
2106,0,30,0,0,2,1,0,1918,3265,-1
2108,0,31,1,0,2,1,0,1922,7199,3217
2109,0,32,1,0,2,1,0,1892,3824,3229
2110,0,21,1,0,3,1,0,1720,7199,3253
2111,0,32,1,0,2,1,0,1892,3776,3256
2112,0,30,1,0,2,1,0,1894,3305,3257
2113,0,30,1,0,2,1,0,1884,5163,3260
2114,0,31,1,0,2,1,0,1937,4615,3262
2115,0,30,1,0,2,1,0,1947,4220,3263
2116,0,21,1,0,3,1,0,1720,7199,3269
2117,0,30,1,0,2,1,0,1884,3394,3299
2118,0,32,1,0,2,1,0,1892,3842,3307
2119,0,30,1,0,2,1,0,1884,5270,3308
2121,0,30,1,0,2,1,0,1894,7199,3309
2122,0,31,1,0,2,1,0,1937,7199,3313
2123,0,33,1,0,2,1,0,1948,3556,3315
2124,0,30,1,0,2,1,0,1884,4288,3328
2125,0,30,1,0,2,1,0,1884,4335,3363
2126,0,32,1,0,2,1,0,1892,3838,3353
2127,0,32,1,0,2,1,0,1892,3869,3379
2128,0,30,1,0,2,1,0,1894,3438,3380
2129,0,21,1,0,3,1,0,1762,3454,3383
2130,0,31,1,0,2,1,0,1937,7199,3393
2131,0,30,1,0,2,1,0,1884,5168,3419
2132,0,30,1,0,2,1,0,1894,3487,3401
2133,0,31,1,0,2,1,0,1937,5106,3411
2134,0,32,1,0,2,1,0,1950,3933,3417
2135,0,21,1,0,3,1,0,1762,3471,3450
2136,0,31,1,0,2,1,0,1937,7199,3432
2137,0,30,0,0,2,1,0,1884,3481,-1
2138,0,21,1,0,3,1,0,1762,3512,3462
2139,0,33,1,0,2,1,0,1954,3531,3462
2141,0,31,1,0,2,1,0,1937,7199,3484
2143,0,33,1,0,2,1,0,1954,3817,3474
2144,0,32,1,0,2,1,0,1955,3511,3478
2145,0,33,1,0,2,1,0,1954,3794,3498
2146,0,31,1,0,2,1,0,1962,3524,3490
2147,0,33,1,0,2,1,0,1983,4153,3490
2148,0,33,1,0,2,1,0,1985,3694,3492
2149,0,31,1,0,2,1,0,1937,4828,3513
2151,0,33,1,0,2,1,0,1983,3862,3516
2152,0,31,1,0,2,1,0,1937,7199,3527
2153,0,33,1,0,2,1,0,1983,3578,3532
2154,0,21,1,0,3,1,0,1762,3626,3541
2155,0,32,1,0,2,1,0,1955,3587,3539
2156,0,32,1,0,2,1,0,1955,3591,3560
2157,0,33,1,1,2,1,0,1985,3762,3556
2158,0,30,1,0,2,1,0,1987,4223,3558
2159,0,34,1,2,1,1,0,2157,3635,3573
2160,0,35,1,1,1,1,0,2159,3682,3574
2161,0,32,1,0,2,1,0,1955,3614,3580
2162,0,33,1,0,2,1,0,1983,3713,3634
2163,0,33,1,0,2,1,0,1985,4027,3594
2164,0,33,1,0,2,1,0,1985,3889,3616
2166,0,32,1,0,2,1,0,1955,3731,3634
2167,0,35,1,12,1,1,0,2159,3898,3633
2168,0,33,1,0,2,1,0,1985,3966,3636
2169,0,36,1,3,1,1,0,2167,3694,3636
2170,0,37,1,0,1,1,0,2169,3688,3647
2171,0,36,1,2,1,1,0,2160,3718,3653
2172,0,32,1,0,2,1,0,1955,3719,3655
2173,0,36,1,8,1,1,0,2167,3853,3660
2174,0,37,1,1,1,1,0,2169,3689,3660
2175,0,37,1,1,1,1,0,2171,3712,3664
2176,0,37,1,5,1,1,0,2173,3847,3665
2177,0,37,1,0,1,1,0,2171,3709,3675
2178,0,37,1,1,1,1,0,2173,3729,3675
2179,0,36,1,1,1,1,0,2167,3829,3680
2180,0,37,1,0,1,1,0,2169,3721,3680
2181,0,38,1,1,1,1,0,2174,3709,3680
2182,0,38,1,0,1,1,0,2175,3717,3683
2183,0,38,1,4,1,1,0,2176,3844,3689
2184,0,39,1,2,1,1,0,2181,3885,3691
2185,0,32,1,0,2,1,0,1955,3747,3696
2186,0,39,1,2,1,1,0,2183,3852,3696
2187,0,36,1,7,1,1,0,2167,3956,3710
2188,0,37,1,7,1,1,0,2173,4045,3710
2189,0,38,1,9,1,1,0,2176,4040,3713
2190,0,38,1,0,1,1,0,2178,3871,3714
2191,0,39,1,1,1,1,0,2183,3947,3714
2192,0,36,1,0,1,1,0,2167,3937,3718
2193,0,37,1,1,1,1,0,2173,3952,3719
2194,0,33,1,0,2,1,0,1983,4013,3721
2195,0,40,1,9,1,1,0,2186,4181,3722
2196,0,36,1,5,1,1,0,2167,4051,3731
2197,0,33,1,0,2,1,0,1985,3845,3733
2198,0,33,1,0,2,1,0,1985,4044,3742
2199,0,30,1,0,2,1,0,1987,3919,3746
2200,0,30,1,0,2,1,0,2008,4992,3749
2201,0,30,1,0,2,1,0,1987,5077,3765
2202,0,36,1,3,1,1,0,2167,4038,3773
2203,0,37,1,0,1,1,0,2173,3878,3773
2204,0,33,1,0,2,1,0,1985,3995,3786
2205,0,30,1,0,2,1,0,2008,5095,3778
2206,0,33,1,0,2,1,0,1985,3996,3797
2208,0,36,1,1,1,1,0,2167,4038,3800
2209,0,37,1,1,1,1,0,2173,4070,3800
2210,0,38,1,4,1,1,0,2176,4076,3804
2211,0,36,1,3,1,1,0,2167,4076,3811
2212,0,37,1,0,1,1,0,2173,3998,3811
2214,0,38,1,5,1,1,0,2176,4159,3813
2215,0,37,1,2,1,1,0,2179,4078,3813
2216,0,39,1,1,1,1,0,2183,4059,3817
2217,0,40,1,0,1,1,0,2184,4045,3819
2218,0,37,1,0,1,1,0,2173,3959,3823
2219,0,33,1,0,2,1,0,1985,3931,3827
2220,0,36,1,5,1,1,0,2167,4264,3830
2221,0,38,1,5,1,1,0,2176,4157,3836
2222,0,39,1,0,1,1,0,2183,4015,3836
2223,0,40,1,0,1,1,0,2184,3898,3839
2224,0,33,1,0,2,1,0,1985,3895,3844
2225,0,40,1,0,1,1,0,2186,3980,3843
2226,0,37,1,0,1,1,0,2187,3888,3845
2227,0,30,1,0,2,1,0,1987,5208,3847
2228,0,38,1,13,1,1,0,2188,4399,3848
2229,0,33,1,0,2,1,0,1985,4540,3853
2230,0,37,1,0,1,1,0,2187,3979,3853
2231,0,39,1,2,1,1,0,2189,4162,3854
2232,0,30,1,0,2,1,0,1987,5388,3861
2233,0,30,1,0,2,1,0,2008,5153,3864
2234,0,33,0,0,2,1,0,2014,3903,-1
2235,0,36,1,2,1,1,0,2167,4138,3872
2236,0,37,1,8,1,1,0,2187,4265,3879
2237,0,38,1,3,1,1,0,2188,4258,3886
2238,0,36,1,1,1,1,0,2167,4197,3890
2239,0,32,1,0,2,1,0,2017,3925,3892
2240,0,32,1,0,2,1,0,2020,4389,3897
2241,0,37,1,0,1,1,0,2187,4077,3899
2242,0,32,1,0,2,1,0,2017,3961,3922
2243,0,38,1,0,1,1,0,2188,3977,3899
2244,0,21,1,0,3,1,0,1762,4021,3906
2245,0,33,1,0,2,1,0,1985,4046,3922
2246,0,37,1,2,1,1,0,2187,4206,3908
2247,0,38,1,0,1,1,0,2188,4120,3920
2248,0,39,1,0,1,1,0,2189,4162,3920
2249,0,30,1,0,2,1,0,1987,5064,3950
2250,0,37,1,0,1,1,0,2187,4142,3926
2251,0,40,1,0,1,1,0,2191,3967,3926
2252,0,33,1,0,2,1,0,1985,4238,3961
2253,0,38,1,1,1,1,0,2188,4197,3935
2254,0,39,1,0,1,1,0,2189,4124,3935
2255,0,37,1,1,1,1,0,2187,4202,3936
2256,0,38,1,0,1,1,0,2193,3987,3937
2257,0,41,1,0,1,1,0,2195,4071,3938
2258,0,39,1,0,1,1,0,2189,4019,3949
2259,0,37,1,2,1,1,0,2196,4231,3954
2260,0,39,1,0,1,1,0,2189,4013,3957
2261,0,37,1,0,1,1,0,2202,4158,3960
2262,0,37,1,0,1,1,0,2196,4150,3963
2263,0,37,1,2,1,1,0,2208,4268,3963
2264,0,30,1,0,2,1,0,1987,5044,4066
2265,0,41,1,0,1,1,0,2195,4070,3968
2266,0,38,1,0,1,1,0,2188,4188,3978
2267,0,39,1,3,1,1,0,2189,4247,3981
2268,0,41,1,0,1,1,0,2195,4110,3981
2269,0,37,1,4,1,1,0,2196,4322,3988
2270,0,32,1,0,2,1,0,2017,7199,3997
2271,0,30,1,0,2,1,0,2028,4837,4035
2272,0,38,1,0,1,1,0,2188,4049,3999
2273,0,39,1,0,1,1,0,2189,4228,4014
2274,0,41,1,0,1,1,0,2195,4173,4015
2275,0,37,1,2,1,1,0,2196,4268,4015
2276,0,37,1,1,1,1,0,2202,4253,4015
2277,0,38,1,0,1,1,0,2209,4236,4015
2278,0,39,1,1,1,1,0,2210,4252,4016
2279,0,37,1,0,1,1,0,2211,4083,4016
2280,0,39,1,2,1,1,0,2214,4246,4017
2281,0,38,1,0,1,1,0,2215,4119,4021
2283,0,39,1,0,1,1,0,2189,4149,4022
2284,0,41,1,1,1,1,0,2195,4260,4022
2285,0,37,1,0,1,1,0,2202,4066,4023
2286,0,39,1,0,1,1,0,2210,4081,4023
2287,0,32,1,0,2,1,0,2017,5910,4026
2288,0,37,1,2,1,1,0,2211,4269,4026
2289,0,32,1,0,2,1,0,2036,7199,4029
2290,0,39,1,0,1,1,0,2189,4244,4039
2291,0,41,1,3,1,1,0,2195,4285,4039
2292,0,37,1,1,1,1,0,2196,4256,4041
2293,0,30,1,0,2,1,0,2033,4924,4053
2294,0,39,1,0,1,1,0,2210,4079,4046
2295,0,37,1,0,1,1,0,2211,4110,4047
2296,0,32,1,0,2,1,0,2036,7199,4069
2297,0,39,1,0,1,1,0,2214,4289,4050
2298,0,40,1,0,1,1,0,2216,4118,4052
2299,0,39,1,0,1,1,0,2210,4097,4060
2300,0,41,1,1,1,1,0,2195,4317,4067
2301,0,39,1,6,1,1,0,2214,4351,4071
2302,0,38,1,2,1,1,0,2215,4328,4071
2303,0,37,1,0,1,1,0,2220,4113,4072
2304,0,39,1,1,1,1,0,2221,4602,4075
2305,0,39,1,2,1,1,0,2228,4313,4075
2306,0,40,1,1,1,1,0,2231,4356,4077
2307,0,37,1,0,1,1,0,2235,4314,4078
2308,0,38,1,2,1,1,0,2236,4358,4078
2309,0,39,1,2,1,1,0,2237,4346,4079
2310,0,37,1,0,1,1,0,2238,4244,4081
2311,0,38,1,0,1,1,0,2246,4289,4082
2312,0,39,1,1,1,1,0,2221,4330,4084
2313,0,41,1,0,1,1,0,2195,4220,4098
2314,0,39,1,0,1,1,0,2214,4150,4107
2315,0,37,1,1,1,1,0,2220,4320,4107
2316,0,39,1,1,1,1,0,2221,4325,4111
2317,0,39,1,1,1,1,0,2228,4321,4111
2318,0,37,1,6,1,1,0,2220,4419,4114
2319,0,40,1,0,1,1,0,2231,4153,4115
2320,0,37,1,0,1,1,0,2235,4156,4115
2321,0,39,1,1,1,1,0,2221,4317,4119
2322,0,39,1,2,1,1,0,2228,4340,4121
2323,0,38,1,3,1,1,0,2236,4379,4122
2324,0,37,1,0,1,1,0,2220,4182,4125
2325,0,41,1,0,1,1,0,2195,4317,4139
2326,0,39,1,0,1,1,0,2214,4367,4146
2327,0,37,1,0,1,1,0,2220,4193,4150
2328,0,39,1,3,1,1,0,2228,4354,4151
2329,0,39,1,0,1,1,0,2237,4187,4152
2330,0,39,1,0,1,1,0,2221,4348,4154
2331,0,30,1,0,2,1,0,1987,4963,4155
2332,0,39,1,0,1,1,0,2253,4191,4157
2333,0,39,1,2,1,1,0,2228,4371,4159
2334,0,38,1,0,1,1,0,2259,4283,4159
2335,0,38,1,0,1,1,0,2236,4216,4160
2336,0,40,1,0,1,1,0,2267,4380,4163
2337,0,38,1,0,1,1,0,2269,4366,4163
2338,0,39,1,2,1,1,0,2228,4407,4175
2339,0,38,1,0,1,1,0,2236,4215,4182
2340,0,38,1,0,1,1,0,2255,4373,4184
2341,0,38,1,0,1,1,0,2259,4241,4188
2342,0,38,1,0,1,1,0,2263,4269,4190
2343,0,38,1,2,1,1,0,2236,4411,4192
2344,0,39,1,0,1,1,0,2228,4383,4194
2345,0,38,1,0,1,1,0,2246,4260,4198
2346,0,38,1,1,1,1,0,2263,4367,4198
2347,0,40,1,0,1,1,0,2267,4253,4204
2348,0,38,1,0,1,1,0,2269,4241,4207
2349,0,39,1,1,1,1,0,2237,4358,4217
2350,0,40,1,1,1,1,0,2267,4366,4217
2351,0,38,1,0,1,1,0,2275,4393,4221
2352,0,38,1,0,1,1,0,2276,4366,4221
2353,0,40,1,0,1,1,0,2280,4284,4221
2354,0,39,1,5,1,1,0,2228,4408,4224
2355,0,42,1,0,1,1,0,2284,4378,4224
2356,0,40,1,0,1,1,0,2280,4289,4229
2357,0,38,1,3,1,1,0,2236,4385,4232
2358,0,38,1,1,1,1,0,2269,4408,4238
2359,0,30,1,0,2,1,0,1987,5573,4240
2360,0,39,1,3,1,1,0,2228,4463,4242
2361,0,40,1,0,1,1,0,2278,4285,4242
2362,0,38,1,0,1,1,0,2288,4347,4245
2363,0,42,1,1,1,1,0,2291,4364,4245
2364,0,38,1,7,1,1,0,2236,4533,4248
2365,0,38,1,0,1,1,0,2292,4390,4248
2366,0,38,1,0,1,1,0,2288,4289,4253
2367,0,38,1,1,1,1,0,2269,4428,4254
2368,0,42,1,1,1,1,0,2291,4399,4254
2369,0,42,1,1,1,1,0,2300,4416,4257
2370,0,38,1,1,1,1,0,2236,4395,4259
2371,0,40,1,2,1,1,0,2301,4396,4261
2372,0,42,1,0,1,1,0,2291,4349,4262
2373,0,39,1,1,1,1,0,2302,4487,4265
2374,0,38,1,0,1,1,0,2275,4319,4267
2375,0,42,0,0,1,1,0,2300,4317,-1
2376,0,40,1,3,1,1,0,2301,4419,4270
2377,0,40,1,1,1,1,0,2304,4544,4270
2378,0,40,1,2,1,1,0,2305,4444,4270
2379,0,39,1,4,1,1,0,2228,4423,4284
2380,0,40,1,7,1,1,0,2301,4479,4285
2381,0,40,1,1,1,1,0,2305,4441,4286
2382,0,41,1,0,1,1,0,2306,4346,4287
2383,0,39,1,1,1,1,0,2308,4459,4289
2384,0,40,1,0,1,1,0,2309,4327,4289
2385,0,40,1,0,1,1,0,2312,4360,4290
2386,0,40,1,1,1,1,0,2316,4431,4290
2387,0,40,1,0,1,1,0,2317,4324,4291
2388,0,38,1,1,1,1,0,2318,4436,4291
2389,0,40,1,1,1,1,0,2301,4433,4299
2390,0,40,1,0,1,1,0,2321,4333,4299
2391,0,39,1,0,1,1,0,2228,4365,4315
2392,0,39,1,3,1,1,0,2308,4442,4315
2393,0,30,1,0,2,1,0,1987,5221,4319
2394,0,40,1,0,1,1,0,2309,4357,4318
2395,0,38,1,0,1,1,0,2315,4367,4319
2396,0,38,1,4,1,1,0,2318,4506,4320
2397,0,40,1,0,1,1,0,2322,4361,4321
2398,0,39,1,0,1,1,0,2228,4392,4322
2399,0,40,1,2,1,1,0,2301,4446,4323
2400,0,39,1,0,1,1,0,2323,4463,4325
2401,0,39,1,0,1,1,0,2302,4790,4327
2402,0,40,1,0,1,1,0,2328,4369,4328
2403,0,38,1,5,1,1,0,2318,4578,4329
2404,0,40,1,2,1,1,0,2301,4487,4331
2405,0,40,1,0,1,1,0,2322,4475,4336
2406,0,39,1,2,1,1,0,2323,4480,4336
2407,0,40,1,1,1,1,0,2328,4503,4336
2408,0,40,1,0,1,1,0,2333,4377,4342
2409,0,39,1,1,1,1,0,2323,4490,4347
2410,0,40,1,1,1,1,0,2328,4482,4350
2411,0,40,1,1,1,1,0,2338,4478,4348
2412,0,40,1,0,1,1,0,2333,4403,4349
2413,0,39,1,0,1,1,0,2343,4444,4351
2414,0,39,1,0,1,1,0,2346,4385,4352
2415,0,40,1,0,1,1,0,2349,4407,4355
2416,0,38,1,0,1,1,0,2318,4477,4357
2417,0,41,1,1,1,1,0,2350,4489,4359
2418,0,40,1,5,1,1,0,2354,4512,4359
2419,0,39,1,0,1,1,0,2357,4392,4359
2420,0,40,1,0,1,1,0,2360,4508,4361
2421,0,43,1,0,1,1,0,2363,4556,4363
2422,0,39,1,0,1,1,0,2364,4467,4366
2423,0,39,1,4,1,1,0,2367,4501,4366
2424,0,40,1,0,1,1,0,2354,4523,4367
2425,0,39,1,0,1,1,0,2357,4406,4367
2426,0,43,1,0,1,1,0,2368,4401,4367
2427,0,43,1,0,1,1,0,2369,4418,4368
2428,0,39,1,0,1,1,0,2370,4477,4368
2429,0,41,1,0,1,1,0,2371,4456,4369
2430,0,38,1,0,1,1,0,2318,4457,4372
2431,0,39,1,0,1,1,0,2343,4483,4372
2432,0,40,1,0,1,1,0,2354,4440,4374
2433,0,39,1,0,1,1,0,2357,4500,4378
2434,0,39,1,0,1,1,0,2358,4473,4379
2435,0,41,1,0,1,1,0,2371,4430,4380
2436,0,41,1,14,1,1,0,2376,4654,4381
2437,0,39,1,4,1,1,0,2364,4534,4384
2438,0,40,1,0,1,1,0,2354,4427,4386
2439,0,39,1,0,1,1,0,2228,4462,4388
2440,0,40,1,0,1,1,0,2373,4496,4387
2441,0,41,1,0,1,1,0,2377,4420,4387
2442,0,38,1,0,1,1,0,2318,4425,4391
2443,0,41,1,2,1,1,0,2376,4523,4391
2444,0,41,1,2,1,1,0,2378,4494,4391
2445,0,39,1,4,1,1,0,2364,4630,4393
2446,0,40,1,1,1,1,0,2354,4504,4394
2447,0,40,1,0,1,1,0,2379,4526,4395
2448,0,41,1,1,1,1,0,2380,4570,4396
2449,0,41,1,0,1,1,0,2381,4431,4397
2450,0,41,1,0,1,1,0,2376,4443,4400
2451,0,41,1,0,1,1,0,2378,4523,4400
2452,0,40,1,3,1,1,0,2379,4564,4402
2453,0,40,1,1,1,1,0,2338,4617,4404
2454,0,41,0,0,1,1,0,2378,4444,-1
2455,0,41,1,1,1,1,0,2380,4521,4408
2456,0,41,1,1,1,1,0,2386,4549,4409
2457,0,39,1,0,1,1,0,2388,4443,4409
2458,0,40,1,2,1,1,0,2379,4556,4410
2459,0,41,1,0,1,1,0,2389,4451,4413
2460,0,40,1,0,1,1,0,2392,4552,4417
2461,0,40,1,2,1,1,0,2379,4577,4420
2462,0,40,1,0,1,1,0,2360,4522,4420
2463,0,39,1,0,1,1,0,2396,4499,4420
2464,0,41,1,0,1,1,0,2399,4476,4422
2465,0,39,1,1,1,1,0,2364,4571,4424
2466,0,41,1,1,1,1,0,2380,4556,4426
2467,0,40,1,1,1,1,0,2392,4628,4429
2468,0,40,1,2,1,1,0,2360,4544,4429
2469,0,39,1,0,1,1,0,2396,4531,4431
2470,0,40,1,0,1,1,0,2383,4507,4432
2471,0,39,1,0,1,1,0,2403,4518,4432
2472,0,41,1,0,1,1,0,2404,4514,4434
2473,0,41,1,2,1,1,0,2380,4650,4438
2474,0,40,1,0,1,1,0,2392,4487,4441
2475,0,39,1,10,1,1,0,2396,4675,4443
2476,0,41,1,2,1,1,0,2399,4585,4443
2477,0,39,1,3,1,1,0,2403,4664,4444
2478,0,40,1,0,1,1,0,2406,4485,4444
2479,0,32,1,0,2,1,0,2036,4778,4446
2480,0,41,1,0,1,1,0,2380,4540,4445
2481,0,41,1,1,1,1,0,2407,4611,4448
2482,0,40,1,0,1,1,0,2409,4515,4452
2483,0,39,1,3,1,1,0,2364,4612,4457
2484,0,39,1,2,1,1,0,2403,4617,4458
2485,0,41,1,0,1,1,0,2380,4612,4459
2486,0,39,1,1,1,1,0,2396,4621,4459
2487,0,41,1,0,1,1,0,2410,4521,4460
2488,0,41,1,0,1,1,0,2411,4535,4464
2489,0,42,1,0,1,1,0,2417,4545,4464
2490,0,40,1,3,1,1,0,2406,4608,4464
2491,0,41,1,3,1,1,0,2418,4659,4468
2492,0,40,1,0,1,1,0,2423,4530,4474
2493,0,41,1,1,1,1,0,2380,4641,4477
2494,0,41,1,4,1,1,0,2418,4675,4477
2495,0,42,1,2,1,1,0,2436,4633,4478
2496,0,40,1,1,1,1,0,2437,4657,4478
2497,0,41,1,0,1,1,0,2404,4520,4479
2498,0,42,1,0,1,1,0,2443,4519,4480
2499,0,40,1,2,1,1,0,2423,4667,4481
2500,0,42,1,0,1,1,0,2444,4525,4483
2501,0,39,1,1,1,1,0,2364,4655,4485
2502,0,41,1,4,1,1,0,2418,4644,4487
2503,0,42,1,1,1,1,0,2436,4623,4488
2504,0,42,1,0,1,1,0,2443,4522,4488
2505,0,41,1,0,1,1,0,2446,4524,4489
2506,0,40,1,2,1,1,0,2423,4637,4491
2507,0,42,1,0,1,1,0,2444,4525,4491
2508,0,41,1,1,1,1,0,2418,4663,4495
2509,0,42,1,0,1,1,0,2436,4560,4497
2510,0,40,1,4,1,1,0,2423,4663,4500
2511,0,40,1,0,1,1,0,2437,4619,4501
2512,0,40,1,1,1,1,0,2445,4639,4502
2513,0,41,1,1,1,1,0,2418,4664,4507
2514,0,42,1,0,1,1,0,2436,4655,4506
2515,0,42,1,0,1,1,0,2448,4579,4507
2516,0,41,1,0,1,1,0,2452,4558,4508
2517,0,41,1,0,1,1,0,2453,4717,4509
2518,0,42,1,0,1,1,0,2436,4641,4513
2519,0,40,1,0,1,1,0,2437,4563,4515
2520,0,42,1,0,1,1,0,2455,4580,4517
2521,0,39,1,0,1,1,0,2403,4715,4520
2522,0,42,1,0,1,1,0,2456,4649,4520
2523,0,42,1,2,1,1,0,2436,4669,4521
2524,0,41,1,0,1,1,0,2452,4587,4522
2525,0,41,1,0,1,1,0,2458,4605,4523
2526,0,41,1,0,1,1,0,2461,4705,4523
2527,0,40,1,0,1,1,0,2465,4562,4523
2528,0,42,1,0,1,1,0,2466,4572,4524
2529,0,41,1,1,1,1,0,2468,4661,4524
2530,0,42,1,0,1,1,0,2473,4587,4524
2531,0,40,1,0,1,1,0,2475,4654,4525
2532,0,42,1,0,1,1,0,2476,4606,4526
2533,0,40,1,0,1,1,0,2477,4598,4527
2534,0,39,1,0,1,1,0,2364,4593,4528
2535,0,42,1,2,1,1,0,2436,4661,4531
2536,0,40,1,3,1,1,0,2437,4689,4532
2537,0,41,1,0,1,1,0,2458,4570,4535
2538,0,41,1,0,1,1,0,2461,4646,4535
2539,0,41,1,1,1,1,0,2468,4670,4536
2540,0,39,1,0,1,1,0,2403,4608,4541
2541,0,32,1,0,2,1,0,2036,7199,4543
2542,0,42,1,1,1,1,0,2436,4689,4545
2543,0,40,1,2,1,1,0,2475,4709,4545
2544,0,40,1,1,1,1,0,2477,4685,4546
2545,0,42,1,0,1,1,0,2476,4634,4550
2546,0,41,1,0,1,1,0,2452,4619,4554
2547,0,42,1,0,1,1,0,2473,4629,4557
2548,0,40,1,0,1,1,0,2475,4679,4557
2549,0,42,1,0,1,1,0,2481,4610,4557
2550,0,41,1,1,1,1,0,2467,4680,4560
2551,0,42,1,2,1,1,0,2436,4681,4562
2552,0,40,1,1,1,1,0,2483,4672,4563
2553,0,40,1,0,1,1,0,2484,4613,4564
2554,0,40,1,1,1,1,0,2475,4692,4565
2555,0,42,1,3,1,1,0,2436,4681,4571
2556,0,40,1,0,1,1,0,2483,4753,4571
2557,0,40,1,0,1,1,0,2475,4660,4572
2558,0,40,1,0,1,1,0,2484,4607,4574
2559,0,40,1,0,1,1,0,2486,4620,4578
2560,0,41,1,5,1,1,0,2490,4746,4579
2561,0,40,1,2,1,1,0,2445,4742,4581
2562,0,42,1,2,1,1,0,2491,4683,4582
2563,0,40,1,0,1,1,0,2477,4625,4586
2564,0,40,1,3,1,1,0,2483,4757,4588
2565,0,41,1,1,1,1,0,2490,4725,4589
2566,0,42,1,4,1,1,0,2436,4738,4595
2567,0,40,1,3,1,1,0,2445,4712,4599
2568,0,42,1,4,1,1,0,2436,4762,4603
2569,0,40,1,0,1,1,0,2475,4669,4603
2570,0,41,1,2,1,1,0,2490,4811,4604
2571,0,42,1,1,1,1,0,2494,4724,4606
2572,0,40,1,0,1,1,0,2445,4653,4607
2573,0,42,1,0,1,1,0,2491,4651,4608
2574,0,43,1,1,1,1,0,2495,4743,4609
2575,0,41,1,0,1,1,0,2496,4650,4609
2576,0,40,1,1,1,1,0,2475,4717,4613
2577,0,41,1,3,1,1,0,2499,4760,4612
2578,0,42,1,0,1,1,0,2494,4647,4614
2579,0,40,1,0,1,1,0,2501,4647,4614
2580,0,42,1,2,1,1,0,2502,4727,4614
2581,0,43,1,2,1,1,0,2503,4728,4616
2582,0,41,1,0,1,1,0,2506,4708,4616
2583,0,42,1,0,1,1,0,2508,4659,4618
2584,0,42,1,2,1,1,0,2436,4777,4619
2585,0,41,1,1,1,1,0,2499,4737,4620
2586,0,40,1,4,1,1,0,2475,4819,4621
2587,0,41,1,1,1,1,0,2510,4771,4621
2588,0,32,1,0,2,1,0,2036,7199,4623
2589,0,42,1,3,1,1,0,2494,4777,4622
2590,0,43,1,1,1,1,0,2495,4776,4625
2591,0,42,1,1,1,1,0,2502,4750,4626
2592,0,42,1,0,1,1,0,2491,4671,4629
2593,0,41,1,2,1,1,0,2506,4762,4631
2594,0,41,1,4,1,1,0,2510,4854,4631
2595,0,42,1,0,1,1,0,2502,4745,4634
2596,0,41,1,0,1,1,0,2512,4718,4635
2597,0,42,1,0,1,1,0,2493,4771,4638
2598,0,40,1,3,1,1,0,2475,4797,4640
2599,0,42,1,1,1,1,0,2502,4795,4643
2600,0,41,1,9,1,1,0,2510,4965,4643
2601,0,42,1,0,1,1,0,2513,4679,4645
2602,0,43,1,0,1,1,0,2523,4788,4647
2603,0,42,1,0,1,1,0,2529,4724,4648
2604,0,43,1,2,1,1,0,2535,4805,4648
2605,0,41,1,4,1,1,0,2510,4829,4650
2606,0,42,1,2,1,1,0,2494,4822,4651
2607,0,42,1,4,1,1,0,2436,4929,4652
2608,0,41,1,1,1,1,0,2536,4827,4652
2609,0,43,1,0,1,1,0,2542,4688,4654
2610,0,41,1,1,1,1,0,2543,4782,4655
2611,0,41,1,0,1,1,0,2544,4699,4655
2612,0,43,1,0,1,1,0,2535,4725,4656
2613,0,42,1,0,1,1,0,2550,4933,4656
2614,0,43,1,0,1,1,0,2551,4692,4659
2615,0,42,0,0,1,1,0,2517,4717,-1
2616,0,41,1,0,1,1,0,2536,4757,4661
2617,0,41,1,0,1,1,0,2552,4733,4662
2618,0,41,1,0,1,1,0,2554,4703,4662
2619,0,43,1,0,1,1,0,2555,4736,4662
2620,0,42,1,0,1,1,0,2539,4716,4664
2621,0,42,1,2,1,1,0,2560,4811,4665
2622,0,43,1,4,1,1,0,2523,4878,4666
2623,0,43,1,0,1,1,0,2562,4706,4666
2624,0,40,1,2,1,1,0,2475,4894,4668
2625,0,43,1,0,1,1,0,2551,4844,4670
2626,0,43,1,0,1,1,0,2555,4712,4670
2627,0,41,1,1,1,1,0,2564,4788,4671
2628,0,41,1,1,1,1,0,2536,4816,4673
2629,0,42,1,0,1,1,0,2560,4801,4674
2630,0,41,1,0,1,1,0,2561,4762,4676
2631,0,43,1,0,1,1,0,2562,4729,4676
2632,0,43,1,0,1,1,0,2555,4816,4680
2633,0,41,1,3,1,1,0,2564,4868,4680
2634,0,42,1,5,1,1,0,2560,4932,4681
2635,0,42,1,1,1,1,0,2565,4854,4682
2636,0,43,1,6,1,1,0,2566,4989,4683
2637,0,41,1,3,1,1,0,2567,4840,4684
2638,0,41,1,0,1,1,0,2561,4748,4686
2639,0,42,1,13,1,1,0,2560,5016,4689
2640,0,41,1,1,1,1,0,2564,4874,4690
2641,0,43,1,0,1,1,0,2566,4724,4691
2642,0,41,1,3,1,1,0,2567,4901,4693
2643,0,43,1,0,1,1,0,2568,4890,4694
2644,0,42,1,0,1,1,0,2570,4741,4700
2645,0,41,1,0,1,1,0,2543,4747,4705
2646,0,43,1,0,1,1,0,2568,4875,4706
2647,0,43,1,0,1,1,0,2571,4781,4707
2648,0,41,1,5,1,1,0,2567,4960,4709
2649,0,41,1,0,1,1,0,2576,4832,4710
2650,0,42,1,0,1,1,0,2577,4946,4713
2651,0,43,1,2,1,1,0,2568,4888,4714
2652,0,43,1,3,1,1,0,2566,4917,4717
2653,0,43,1,1,1,1,0,2580,4893,4717
2654,0,44,1,0,1,1,0,2581,4760,4718
2655,0,32,1,0,2,1,0,2036,7199,4720
2656,0,44,1,0,1,1,0,2574,4768,4720
2657,0,43,1,0,1,1,0,2568,4779,4725
2658,0,42,1,2,1,1,0,2577,4938,4725
2659,0,43,1,4,1,1,0,2580,4944,4725
2660,0,44,1,0,1,1,0,2581,4775,4726
2661,0,43,1,0,1,1,0,2584,4769,4726
2662,0,42,1,2,1,1,0,2585,5059,4728
2663,0,41,1,12,1,1,0,2586,5127,4730
2664,0,42,1,0,1,1,0,2587,4810,4730
2665,0,43,1,2,1,1,0,2566,4931,4734
2666,0,42,1,0,1,1,0,2577,4808,4737
2667,0,43,1,0,1,1,0,2584,4868,4738
2668,0,41,1,5,1,1,0,2586,5051,4739
2669,0,42,1,0,1,1,0,2560,4992,4742
2670,0,43,1,0,1,1,0,2589,4851,4743
2671,0,44,1,0,1,1,0,2590,4780,4745
2672,0,43,1,0,1,1,0,2591,4807,4746
2673,0,42,1,1,1,1,0,2570,4938,4747
2674,0,41,1,4,1,1,0,2586,5002,4748
2675,0,42,1,0,1,1,0,2593,4789,4750
2676,0,43,1,1,1,1,0,2589,4965,4751
2677,0,42,1,2,1,1,0,2594,5021,4754
2678,0,41,1,0,1,1,0,2586,4858,4758
2679,0,42,1,0,1,1,0,2593,4842,4759
2680,0,41,1,0,1,1,0,2598,4878,4761
2681,0,42,1,2,1,1,0,2594,5017,4765
2682,0,43,1,0,1,1,0,2599,4885,4763
2683,0,42,1,4,1,1,0,2600,5079,4763
2684,0,44,1,0,1,1,0,2604,5026,4763
2685,0,43,1,1,1,1,0,2589,5006,4776
2686,0,41,1,0,1,1,0,2598,4928,4770
2687,0,42,1,7,1,1,0,2600,5116,4772
2688,0,44,1,1,1,1,0,2604,4994,4773
2689,0,42,1,11,1,1,0,2605,5224,4776
2690,0,43,1,1,1,1,0,2606,5003,4778
2691,0,43,1,0,1,1,0,2607,4889,4778
2692,0,42,1,0,1,1,0,2608,4823,4779
2693,0,42,1,0,1,1,0,2610,5024,4779
2694,0,43,1,0,1,1,0,2621,4828,4779
2695,0,44,1,3,1,1,0,2622,5044,4781
2696,0,41,1,0,1,1,0,2624,4837,4781
2697,0,42,1,0,1,1,0,2627,4878,4782
2698,0,42,1,4,1,1,0,2605,5074,4784
2699,0,42,1,3,1,1,0,2594,5074,4789
2700,0,43,1,0,1,1,0,2606,4823,4790
2701,0,43,1,0,1,1,0,2607,4931,4790
2702,0,42,0,0,1,1,0,2608,4827,-1
2703,0,44,1,0,1,1,0,2622,5001,4791
2704,0,42,1,0,1,1,0,2628,4832,4791
2705,0,41,1,0,1,1,0,2598,4860,4796
2706,0,42,1,2,1,1,0,2594,5058,4799
2707,0,42,1,4,1,1,0,2600,5082,4802
2708,0,42,1,10,1,1,0,2605,5423,4806
2709,0,43,1,0,1,1,0,2607,5034,4808
2710,0,43,1,0,1,1,0,2621,4880,4810
2711,0,44,1,5,1,1,0,2622,5352,4812
2712,0,42,1,0,1,1,0,2633,5028,4812
2713,0,43,1,0,1,1,0,2634,4890,4812
2714,0,43,1,0,1,1,0,2635,4880,4813
2715,0,44,1,13,1,1,0,2636,6004,4813
2716,0,42,1,1,1,1,0,2600,5120,4817
2717,0,42,1,0,1,1,0,2637,4887,4818
2718,0,42,1,0,1,1,0,2605,4854,4820
2719,0,44,1,0,1,1,0,2622,5095,4823
2720,0,42,1,2,1,1,0,2633,5110,4824
2721,0,43,1,0,1,1,0,2634,4873,4824
2722,0,32,1,0,2,1,0,2037,4927,4839
2723,0,41,1,0,1,1,0,2624,4990,4829
2724,0,44,1,4,1,1,0,2636,5140,4829
2725,0,42,1,0,1,1,0,2637,4863,4829
2726,0,43,1,2,1,1,0,2639,5130,4830
2727,0,42,1,0,1,1,0,2633,4867,4833
2728,0,43,1,1,1,1,0,2634,5133,4833
2729,0,44,1,0,1,1,0,2636,5051,4838
2730,0,42,1,0,1,1,0,2637,4872,4838
2731,0,43,1,0,1,1,0,2639,5052,4838
2732,0,42,1,4,1,1,0,2600,5166,4841
2733,0,42,1,0,1,1,0,2640,4936,4843
2734,0,42,1,0,1,1,0,2642,4926,4845
2735,0,44,1,0,1,1,0,2636,5116,4852
2736,0,42,1,15,1,1,0,2600,5329,4855
2737,0,43,1,1,1,1,0,2639,5164,4855
2738,0,42,1,0,1,1,0,2642,5011,4855
2739,0,41,0,0,1,1,0,2624,4894,-1
2740,0,42,1,1,1,1,0,2648,5138,4861
2741,0,43,1,0,1,1,0,2634,4933,4864
2742,0,43,1,0,1,1,0,2639,4976,4868
2743,0,42,1,0,1,1,0,2642,5107,4870
2744,0,44,1,0,1,1,0,2651,5102,4870
2745,0,43,1,0,1,1,0,2634,4942,4873
2746,0,44,1,1,1,1,0,2652,5129,4874
2747,0,44,1,0,1,1,0,2653,4908,4875
2748,0,43,1,0,1,1,0,2639,5248,4877
2749,0,44,1,0,1,1,0,2651,5042,4879
2750,0,43,1,0,1,1,0,2658,4950,4879
2751,0,44,1,0,1,1,0,2659,5025,4879
2752,0,42,1,6,1,1,0,2663,5217,4881
2753,0,44,1,0,1,1,0,2665,4970,4881
2754,0,42,1,2,1,1,0,2600,5228,4886
2755,0,43,1,0,1,1,0,2607,4930,4888
2756,0,43,1,2,1,1,0,2639,5146,4890
2757,0,44,1,0,1,1,0,2652,4957,4890
2758,0,42,1,0,1,1,0,2648,4969,4910
2759,0,44,1,2,1,1,0,2659,5177,4891
2760,0,42,1,4,1,1,0,2600,5216,4894
2761,0,32,1,0,2,1,0,2057,7199,4896
2762,0,43,1,0,1,1,0,2639,5202,4902
2763,0,44,1,0,1,1,0,2652,4953,4910
2764,0,44,1,0,1,1,0,2636,4996,4918
2765,0,44,1,0,1,1,0,2636,5163,4925
2766,0,43,1,1,1,1,0,2639,5204,4925
2767,0,42,1,0,1,1,0,2648,5109,4927
2768,0,44,1,2,1,1,0,2659,5230,4928
2769,0,42,1,0,1,1,0,2663,5120,4928
2770,0,44,1,0,1,1,0,2665,5031,4929
2771,0,42,1,1,1,1,0,2668,5185,4931
2772,0,43,1,0,1,1,0,2673,5095,4931
2773,0,42,1,0,1,1,0,2674,5077,4932
2774,0,43,1,0,1,1,0,2658,5018,4932
2775,0,43,1,0,1,1,0,2639,5015,4933
2776,0,44,1,0,1,1,0,2676,4996,4934
2777,0,43,1,1,1,1,0,2677,5196,4935
2778,0,42,1,0,1,1,0,2648,5177,4937
2779,0,44,1,1,1,1,0,2659,5248,4939
2780,0,42,1,10,1,1,0,2663,5413,4939
2781,0,42,1,2,1,1,0,2600,5218,4943
2782,0,42,1,1,1,1,0,2668,5242,4945
2783,0,42,1,0,1,1,0,2674,5192,4948
2784,0,42,1,0,1,1,0,2648,5016,4957
2785,0,43,1,1,1,1,0,2639,5209,4954
2786,0,42,1,1,1,1,0,2663,5353,4958
2787,0,42,1,0,1,1,0,2668,5230,4961
2788,0,43,1,3,1,1,0,2639,5246,4965
2789,0,42,1,2,1,1,0,2674,5247,4965
2790,0,42,1,3,1,1,0,2663,5315,4966
2791,0,43,1,0,1,1,0,2677,5016,4966
2792,0,43,1,0,1,1,0,2681,5019,4970
2793,0,43,1,2,1,1,0,2683,5254,4971
2794,0,42,1,9,1,1,0,2663,5369,4977
2795,0,43,1,0,1,1,0,2639,5266,4985
2796,0,43,1,0,1,1,0,2662,5043,4985
2797,0,43,1,0,1,1,0,2681,5149,4990
2798,0,43,1,0,1,1,0,2683,5176,4991
2799,0,43,1,0,1,1,0,2687,5134,4993
2800,0,45,1,0,1,1,0,2688,5252,4993
2801,0,43,1,4,1,1,0,2689,5304,4993
2802,0,44,1,0,1,1,0,2690,5037,4996
2803,0,42,1,0,1,1,0,2674,5046,4997
2804,0,44,1,0,1,1,0,2685,5046,4997
2805,0,42,1,2,1,1,0,2668,5254,5002
2806,0,43,1,1,1,1,0,2687,5319,5003
2807,0,43,1,2,1,1,0,2689,5320,5004
2808,0,45,1,0,1,1,0,2695,5072,5007
2809,0,43,1,0,1,1,0,2687,5232,5012
2810,0,43,1,1,1,1,0,2639,5281,5015
2811,0,42,1,0,1,1,0,2668,5267,5015
2812,0,43,1,2,1,1,0,2689,5283,5016
2813,0,45,1,0,1,1,0,2695,5306,5017
2814,0,43,1,1,1,1,0,2698,5284,5017
2815,0,43,1,0,1,1,0,2699,5076,5017
2816,0,43,1,1,1,1,0,2706,5821,5018
2817,0,43,1,3,1,1,0,2707,5314,5020
2818,0,43,1,9,1,1,0,2708,5406,5020
2819,0,42,1,3,1,1,0,2663,5433,5022
2820,0,43,1,0,1,1,0,2683,5188,5025
2821,0,43,1,0,1,1,0,2687,5141,5027
2822,0,43,1,0,1,1,0,2698,5091,5027
2823,0,43,1,0,1,1,0,2706,5107,5029
2824,0,43,1,0,1,1,0,2662,5084,5032
2825,0,43,1,2,1,1,0,2683,5361,5035
2826,0,45,1,0,1,1,0,2695,5240,5038
2827,0,43,1,0,1,1,0,2687,5314,5043
2828,0,43,1,2,1,1,0,2689,5370,5044
2829,0,43,1,0,1,1,0,2698,5216,5045
2830,0,43,1,0,1,1,0,2699,5092,5045
2831,0,43,1,0,1,1,0,2707,5119,5045
2832,0,42,1,1,1,1,0,2663,5372,5047
2833,0,43,1,1,1,1,0,2708,5323,5047
2834,0,43,1,2,1,1,0,2689,5362,5052
2835,0,43,1,0,1,1,0,2698,5089,5053
2836,0,43,1,1,1,1,0,2707,5355,5053
2837,0,42,1,0,1,1,0,2663,5355,5059
2838,0,43,1,1,1,1,0,2687,5433,5062
2839,0,43,1,0,1,1,0,2699,5353,5065
2840,0,43,1,0,1,1,0,2708,5366,5065
2841,0,42,1,0,1,1,0,2663,5143,5074
2842,0,43,1,0,1,1,0,2687,5109,5075
2843,0,43,1,2,1,1,0,2689,5365,5075
2844,0,43,1,0,1,1,0,2707,5158,5077
2845,0,43,1,9,1,1,0,2708,5473,5078
2846,0,45,1,0,1,1,0,2711,5124,5078
2847,0,45,1,1,1,1,0,2715,5385,5078
2848,0,43,1,1,1,1,0,2716,5370,5080
2849,0,43,1,0,1,1,0,2720,5125,5084
2850,0,43,1,0,1,1,0,2708,5387,5085
2851,0,45,1,1,1,1,0,2711,5387,5090
2852,0,45,1,0,1,1,0,2715,5320,5092
2853,0,42,1,4,1,1,0,2663,5404,5111
2854,0,45,1,3,1,1,0,2724,5445,5096
2855,0,44,1,0,1,1,0,2726,5249,5097
2856,0,44,1,0,1,1,0,2728,5138,5097
2857,0,43,1,0,1,1,0,2732,5219,5097
2858,0,43,1,2,1,1,0,2708,5394,5103
2859,0,45,1,7,1,1,0,2715,5471,5107
2860,0,43,1,0,1,1,0,2720,5141,5107
2861,0,45,1,2,1,1,0,2724,5413,5108
2862,0,43,1,4,1,1,0,2736,5480,5108
2863,0,43,1,0,1,1,0,2740,5143,5110
2864,0,45,1,0,1,1,0,2746,5186,5111
2865,0,43,1,2,1,1,0,2752,5438,5111
2866,0,43,1,4,1,1,0,2708,5443,5117
2867,0,43,1,3,1,1,0,2732,5427,5118
2868,0,45,1,2,1,1,0,2724,5474,5120
2869,0,44,1,0,1,1,0,2726,5315,5121
2870,0,43,1,8,1,1,0,2736,5615,5122
2871,0,44,1,0,1,1,0,2737,5158,5125
2872,0,43,1,0,1,1,0,2732,5366,5125
2873,0,43,1,3,1,1,0,2752,5516,5125
2874,0,42,1,2,1,1,0,2663,5499,5126
2875,0,45,1,1,1,1,0,2724,5460,5128
2876,0,43,1,2,1,1,0,2754,5487,5130
2877,0,44,1,0,1,1,0,2756,5169,5131
2878,0,43,1,0,1,1,0,2752,5294,5134
2879,0,45,1,0,1,1,0,2759,5180,5135
2880,0,43,1,0,1,1,0,2760,5409,5139
2881,0,44,1,0,1,1,0,2766,5246,5140
2882,0,43,1,0,1,1,0,2732,5510,5141
2883,0,43,1,6,1,1,0,2736,5660,5142
2884,0,43,1,0,1,1,0,2752,5194,5145
2885,0,44,1,0,1,1,0,2756,5193,5144
2886,0,45,1,0,1,1,0,2759,5197,5145
2887,0,43,1,0,1,1,0,2689,5523,5147
2888,0,43,1,2,1,1,0,2708,5517,5150
2889,0,43,1,0,1,1,0,2689,5194,5155
2890,0,45,1,0,1,1,0,2711,5298,5155
2891,0,43,1,2,1,1,0,2708,5513,5159
2892,0,43,1,7,1,1,0,2752,5576,5160
2893,0,43,1,0,1,1,0,2736,5372,5165
2894,0,43,1,0,1,1,0,2754,5472,5164
2895,0,43,1,0,1,1,0,2760,5272,5165
2896,0,45,1,0,1,1,0,2768,5199,5165
2897,0,43,1,0,1,1,0,2771,5255,5168
2898,0,44,1,0,1,1,0,2777,5236,5169
2899,0,45,1,0,1,1,0,2779,5297,5169
2900,0,43,1,17,1,1,0,2780,5791,5170
2901,0,43,1,4,1,1,0,2689,5641,5177
2902,0,45,1,3,1,1,0,2715,5565,5178
2903,0,43,1,0,1,1,0,2760,5227,5178
2904,0,43,1,11,1,1,0,2736,5737,5181
2905,0,43,1,0,1,1,0,2708,5377,5186
2906,0,45,1,0,1,1,0,2715,5246,5187
2907,0,43,1,1,1,1,0,2736,5589,5189
2908,0,43,1,0,1,1,0,2760,5299,5194
2909,0,43,1,0,1,1,0,2780,5449,5194
2910,0,45,1,0,1,1,0,2715,5582,5195
2911,0,43,1,0,1,1,0,2781,5231,5195
2912,0,43,1,0,1,1,0,2736,5527,5197
2913,0,43,1,0,1,1,0,2782,5344,5198
2914,0,44,1,0,1,1,0,2785,5285,5200
2915,0,43,1,1,1,1,0,2780,5639,5203
2916,0,43,1,3,1,1,0,2689,5653,5206
2917,0,43,1,7,1,1,0,2736,5793,5209
2918,0,43,1,0,1,1,0,2752,5351,5209
2919,0,43,1,0,1,1,0,2781,5467,5211
2920,0,43,1,0,1,1,0,2786,5555,5215
2921,0,44,1,4,1,1,0,2788,5772,5215
2922,0,43,1,0,1,1,0,2689,5276,5217
2923,0,45,1,0,1,1,0,2715,5251,5218
2924,0,43,1,2,1,1,0,2736,5733,5218
2925,0,43,1,1,1,1,0,2780,5739,5220
2926,0,43,1,0,1,1,0,2789,5403,5220
2927,0,44,1,0,1,1,0,2788,5429,5222
2928,0,43,1,0,1,1,0,2790,5263,5222
2929,0,45,1,0,1,1,0,2715,5308,5225
2930,0,45,1,0,1,1,0,2768,5328,5228
2931,0,43,1,0,1,1,0,2789,5278,5229
2932,0,44,1,0,1,1,0,2788,5292,5242
2933,0,44,1,3,1,1,0,2793,5790,5231
2934,0,43,1,0,1,1,0,2794,5309,5232
2935,0,45,1,0,1,1,0,2715,5481,5233
2936,0,43,1,0,1,1,0,2780,5548,5234
2937,0,44,1,0,1,1,0,2801,5643,5234
2938,0,43,1,0,1,1,0,2805,5322,5234
2939,0,32,1,0,2,1,0,2057,7199,5235
2940,0,44,1,0,1,1,0,2807,5713,5234
2941,0,43,1,1,1,1,0,2736,5931,5237
2942,0,43,1,0,1,1,0,2794,5472,5241
2943,0,45,1,0,1,1,0,2715,5655,5244
2944,0,43,1,0,1,1,0,2736,5367,5247
2945,0,44,1,0,1,1,0,2793,5769,5247
2946,0,43,1,0,1,1,0,2805,5301,5247
2947,0,44,1,0,1,1,0,2810,5315,5248
2948,0,43,1,0,1,1,0,2794,5444,5249
2949,0,44,1,0,1,1,0,2812,5288,5249
2950,0,44,1,0,1,1,0,2814,5526,5251
2951,0,44,1,1,1,1,0,2816,5756,5252
2952,0,44,1,0,1,1,0,2817,5289,5254
2953,0,44,1,1,1,1,0,2818,5850,5255
2954,0,43,1,0,1,1,0,2819,5509,5255
2955,0,43,1,0,1,1,0,2736,5617,5256
2956,0,43,1,0,1,1,0,2780,5792,5264
2957,0,43,1,0,1,1,0,2790,5717,5268
2958,0,43,1,0,1,1,0,2794,5451,5268
2959,0,44,1,0,1,1,0,2801,5563,5271
2960,0,44,1,0,1,1,0,2807,5831,5272
2961,0,44,1,0,1,1,0,2812,5770,5273
2962,0,43,1,0,1,1,0,2790,5434,5279
2963,0,43,1,1,1,1,0,2794,5977,5279
2964,0,45,1,1,1,1,0,2715,5777,5283
2965,0,43,1,2,1,1,0,2780,5801,5284
2966,0,44,1,0,1,1,0,2801,5324,5285
2967,0,44,1,0,1,1,0,2817,5446,5286
2968,0,43,1,0,1,1,0,2736,5573,5289
2969,0,45,1,0,1,1,0,2711,5341,5291
2970,0,43,1,0,1,1,0,2780,5742,5294
2971,0,43,1,1,1,1,0,2794,5775,5295
2972,0,44,1,0,1,1,0,2817,5431,5298
2973,0,45,1,4,1,1,0,2715,5841,5300
2974,0,44,1,0,1,1,0,2801,5576,5300
2975,0,43,1,0,1,1,0,2794,5381,5302
2976,0,44,1,0,1,1,0,2818,5759,5305
2977,0,45,1,0,1,1,0,2711,5361,5307
2978,0,43,1,3,1,1,0,2780,5858,5309
2979,0,43,1,1,1,1,0,2819,5818,5310
2980,0,45,1,2,1,1,0,2715,5860,5315
2981,0,43,1,0,1,1,0,2736,5610,5315
2982,0,43,1,0,1,1,0,2794,5718,5316
2983,0,44,1,0,1,1,0,2806,5394,5316
2984,0,44,1,0,1,1,0,2818,5399,5317
2985,0,44,1,0,1,1,0,2825,5369,5320
2986,0,43,1,0,1,1,0,2832,5480,5321
2987,0,44,1,0,1,1,0,2833,5355,5322
2988,0,44,1,0,1,1,0,2834,5372,5323
2989,0,43,1,0,1,1,0,2794,5379,5325
2990,0,43,1,0,1,1,0,2736,5847,5325
2991,0,44,1,2,1,1,0,2818,5853,5329
2992,0,44,1,0,1,1,0,2828,5630,5330
2993,0,44,1,0,1,1,0,2825,5481,5342
2994,0,44,1,1,1,1,0,2818,5829,5345
2995,0,44,1,2,1,1,0,2818,5896,5353
2996,0,44,1,0,1,1,0,2828,5507,5353
2997,0,44,1,1,1,1,0,2834,5838,5361
2998,0,44,1,0,1,1,0,2836,5883,5354
2999,0,44,1,0,1,1,0,2843,5506,5356
3000,0,44,1,13,1,1,0,2845,6193,5356
3001,0,44,1,0,1,1,0,2848,5413,5357
3002,0,44,1,4,1,1,0,2818,5986,5363
3003,0,46,1,0,1,1,0,2847,5753,5363
3004,0,44,1,0,1,1,0,2843,5473,5364
3005,0,44,1,4,1,1,0,2845,5902,5366
3006,0,46,1,0,1,1,0,2851,5427,5367
3007,0,43,1,1,1,1,0,2853,5910,5368
3008,0,46,1,0,1,1,0,2854,5523,5368
3009,0,44,1,0,1,1,0,2858,5418,5370
3010,0,46,1,0,1,1,0,2859,5412,5370
3011,0,46,1,0,1,1,0,2861,5405,5371
3012,0,44,1,2,1,1,0,2862,5961,5371
3013,0,44,1,0,1,1,0,2865,5491,5373
3014,0,44,1,0,1,1,0,2866,5746,5373
3015,0,44,1,0,1,1,0,2867,5610,5373
3016,0,43,1,3,1,1,0,2853,5898,5379
3017,0,44,1,1,1,1,0,2818,5884,5381
3018,0,44,1,0,1,1,0,2845,5909,5382
3019,0,43,1,7,1,1,0,2780,6051,5386
3020,0,43,1,0,1,1,0,2853,5521,5388
3021,0,46,1,0,1,1,0,2854,5775,5389
3022,0,44,1,0,1,1,0,2858,5710,5389
3023,0,46,1,0,1,1,0,2859,5504,5390
3024,0,46,1,0,1,1,0,2861,5668,5395
3025,0,44,1,0,1,1,0,2862,5575,5415
3026,0,43,1,0,1,1,0,2853,5600,5400
3027,0,44,1,1,1,1,0,2818,5952,5405
3028,0,46,1,7,1,1,0,2859,6045,5405
3029,0,44,1,0,1,1,0,2865,5440,5406
3030,0,44,1,0,1,1,0,2866,5912,5407
3031,0,44,1,0,1,1,0,2867,5449,5411
3032,0,44,1,1,1,1,0,2838,5955,5416
3033,0,44,1,1,1,1,0,2845,5966,5414
3034,0,46,1,1,1,1,0,2859,5919,5414
3035,0,44,1,1,1,1,0,2866,5935,5415
3036,0,44,1,0,1,1,0,2867,5940,5419
3037,0,43,1,1,1,1,0,2819,5963,5424
3038,0,44,1,0,1,1,0,2845,5951,5428
3039,0,46,1,0,1,1,0,2854,5797,5428
3040,0,46,1,2,1,1,0,2859,6040,5430
3041,0,44,1,0,1,1,0,2862,6006,5432
3042,0,44,1,1,1,1,0,2866,5927,5434
3043,0,46,1,0,1,1,0,2868,5468,5434
3044,0,44,1,0,1,1,0,2870,5971,5435
3045,0,44,1,2,1,1,0,2845,5986,5440
3046,0,46,1,0,1,1,0,2859,5601,5441
3047,0,44,1,0,1,1,0,2862,5481,5444
3048,0,46,1,0,1,1,0,2868,5936,5445
3049,0,44,1,3,1,1,0,2873,6050,5446
3050,0,44,1,2,1,1,0,2845,5981,5448
3051,0,43,1,4,1,1,0,2874,6084,5450
3052,0,46,1,0,1,1,0,2875,5484,5450
3053,0,44,1,1,1,1,0,2876,6018,5452
3054,0,44,1,0,1,1,0,2845,5768,5461
3055,0,44,1,0,1,1,0,2845,5513,5468
3056,0,46,1,0,1,1,0,2859,6085,5469
3057,0,44,1,0,1,1,0,2873,5769,5472
3058,0,43,1,1,1,1,0,2874,6018,5475
3059,0,44,1,0,1,1,0,2883,5926,5474
3060,0,44,1,1,1,1,0,2888,6084,5474
3061,0,44,1,0,1,1,0,2892,6040,5474
3062,0,44,1,7,1,1,0,2900,6115,5475
3063,0,44,1,3,1,1,0,2873,6135,5481
3064,0,44,1,2,1,1,0,2891,6058,5482
3065,0,44,1,0,1,1,0,2888,5879,5482
3066,0,44,1,3,1,1,0,2892,6111,5482
3067,0,44,1,0,1,1,0,2901,5549,5482
3068,0,44,1,2,1,1,0,2876,6077,5485
3069,0,44,1,3,1,1,0,2900,6080,5488
3070,0,44,1,0,1,1,0,2892,5902,5493
3071,0,44,1,0,1,1,0,2870,6027,5501
3072,0,44,1,1,1,1,0,2900,6113,5506
3073,0,44,1,1,1,1,0,2883,6062,5507
3074,0,44,1,0,1,1,0,2870,5727,5509
3075,0,46,1,0,1,1,0,2902,5678,5511
3076,0,44,1,0,1,1,0,2891,5552,5512
3077,0,44,1,8,1,1,0,2904,6169,5514
3078,0,44,1,0,1,1,0,2907,6087,5514
3079,0,44,1,0,1,1,0,2870,6013,5518
3080,0,44,1,0,1,1,0,2883,5726,5518
3081,0,44,1,0,1,1,0,2900,6054,5522
3082,0,44,1,0,1,1,0,2892,6028,5524
3083,0,44,1,0,1,1,0,2901,5817,5524
3084,0,44,1,0,1,1,0,2883,5569,5528
3085,0,46,1,0,1,1,0,2902,5640,5528
3086,0,44,1,0,1,1,0,2870,5796,5549
3087,0,44,1,0,1,1,0,2892,6055,5550
3088,0,44,1,8,1,1,0,2900,6203,5553
3089,0,46,1,0,1,1,0,2902,5763,5556
3090,0,44,1,0,1,1,0,2892,6006,5564
3091,0,44,1,6,1,1,0,2900,6186,5566
3092,0,44,1,0,1,1,0,2901,5622,5570
3093,0,44,1,7,1,1,0,2892,6259,5574
3094,0,44,1,1,1,1,0,2900,6153,5574
3095,0,44,1,3,1,1,0,2870,6141,5574
3096,0,44,1,5,1,1,0,2904,6206,5576
3097,0,44,1,0,1,1,0,2915,5697,5577
3098,0,44,1,2,1,1,0,2916,6308,5578
3099,0,44,1,0,1,1,0,2870,6032,5583
3100,0,44,1,1,1,1,0,2904,6192,5590
3101,0,44,1,0,1,1,0,2904,6100,5601
3102,0,44,1,0,1,1,0,2916,5857,5603
3103,0,44,1,0,1,1,0,2870,5653,5611
3104,0,44,1,1,1,1,0,2901,6174,5611
3105,0,44,1,1,1,1,0,2900,6189,5616
3106,0,44,1,0,1,1,0,2883,5683,5618
3107,0,44,1,0,1,1,0,2904,5672,5623
3108,0,44,1,0,1,1,0,2883,6111,5632
3109,0,44,1,3,1,1,0,2900,6212,5641
3110,0,44,1,0,1,1,0,2916,5779,5642
3111,0,44,1,0,1,1,0,2917,6182,5642
3112,0,45,1,0,1,1,0,2921,6047,5644
3113,0,44,1,0,1,1,0,2900,6128,5654
3114,0,44,1,0,1,1,0,2904,6234,5654
3115,0,44,1,5,1,1,0,2917,6244,5657
3116,0,45,1,0,1,1,0,2921,5728,5661
3117,0,44,1,11,1,1,0,2900,7032,5669
3118,0,44,1,1,1,1,0,2904,6302,5673
3119,0,44,1,0,1,1,0,2900,6148,5679
3120,0,44,1,0,1,1,0,2904,6189,5684
3121,0,44,1,0,1,1,0,2900,6074,5698
3122,0,44,1,3,1,1,0,2904,6241,5711
3123,0,44,1,0,1,1,0,2917,6153,5714
3124,0,44,1,8,1,1,0,2924,6328,5718
3125,0,44,1,0,1,1,0,2904,6179,5719
3126,0,44,1,2,1,1,0,2917,6399,5728
3127,0,44,1,2,1,1,0,2924,6287,5729
3128,0,44,1,0,1,1,0,2925,5809,5729
3129,0,44,1,2,1,1,0,2904,6263,5734
3130,0,45,1,1,1,1,0,2933,6252,5738
3131,0,45,1,2,1,1,0,2951,6299,5740
3132,0,44,1,0,1,1,0,2900,6314,5744
3133,0,44,1,1,1,1,0,2917,6303,5747
3134,0,45,1,0,1,1,0,2921,5788,5754
3135,0,44,1,2,1,1,0,2900,6325,5757
3136,0,45,1,1,1,1,0,2933,6443,5761
3137,0,45,1,0,1,1,0,2921,5836,5765
3138,0,44,1,0,1,1,0,2963,5808,5770
3139,0,46,1,0,1,1,0,2964,5863,5770
3140,0,44,1,1,1,1,0,2900,6317,5770
3141,0,44,1,0,1,1,0,2965,5982,5771
3142,0,44,1,0,1,1,0,2971,5806,5773
3143,0,46,1,0,1,1,0,2973,6200,5776
3144,0,44,1,0,1,1,0,2978,6129,5777
3145,0,45,1,1,1,1,0,2933,6335,5778
3146,0,44,1,0,1,1,0,2917,6045,5780
3147,0,44,1,1,1,1,0,2900,6335,5789
3148,0,44,1,1,1,1,0,2917,6350,5791
3149,0,45,0,0,1,1,0,2960,5831,-1
3150,0,46,1,5,1,1,0,2973,6362,5794
3151,0,44,1,0,1,1,0,2978,5851,5794
3152,0,44,1,0,1,1,0,2965,5898,5797
3153,0,44,1,0,1,1,0,2979,5831,5798
3154,0,46,1,0,1,1,0,2973,6139,5802
3155,0,44,1,0,1,1,0,2978,6252,5808
3156,0,46,1,0,1,1,0,2980,6131,5809
3157,0,45,1,0,1,1,0,2991,5851,5810
3158,0,45,1,0,1,1,0,2994,6030,5818
3159,0,45,1,0,1,1,0,2995,5882,5819
3160,0,45,1,0,1,1,0,2997,5886,5822
3161,0,45,1,0,1,1,0,2953,6336,5830
3162,0,32,1,0,2,1,0,2057,6057,5834
3163,0,45,1,0,1,1,0,3000,6334,5833
3164,0,46,1,0,1,1,0,2973,6177,5837
3165,0,45,1,4,1,1,0,3002,6356,5839
3166,0,46,1,0,1,1,0,2980,6157,5842
3167,0,45,1,0,1,1,0,2991,5980,5848
3168,0,45,1,1,1,1,0,3000,6378,5851
3169,0,45,1,4,1,1,0,3002,6364,5852
3170,0,45,1,0,1,1,0,3005,6209,5853
3171,0,44,1,0,1,1,0,3016,6145,5855
3172,0,44,1,0,1,1,0,3007,5908,5858
3173,0,45,1,3,1,1,0,3017,6375,5859
3174,0,45,1,2,1,1,0,3005,6376,5862
3175,0,44,1,0,1,1,0,3016,5931,5864
3176,0,45,1,3,1,1,0,3005,6405,5880
3177,0,45,1,0,1,1,0,2995,5977,5883
3178,0,45,1,0,1,1,0,3002,6230,5884
3179,0,44,1,0,1,1,0,3019,5983,5885
3180,0,44,1,0,1,1,0,3016,6181,5888
3181,0,44,1,0,1,1,0,3019,6276,5897
3182,0,45,1,1,1,1,0,3005,6425,5899
3183,0,45,1,0,1,1,0,3027,6040,5900
3184,0,47,1,1,1,1,0,3028,6383,5903
3185,0,45,1,0,1,1,0,3035,6296,5904
3186,0,45,1,3,1,1,0,3000,6404,5909
3187,0,47,1,0,1,1,0,3034,5956,5910
3188,0,47,1,1,1,1,0,3028,6434,5911
3189,0,44,1,0,1,1,0,3037,5965,5911
3190,0,47,1,0,1,1,0,3040,6116,5911
3191,0,45,1,0,1,1,0,3002,5968,5913
3192,0,45,1,0,1,1,0,3042,5971,5921
3193,0,45,0,0,1,1,0,3002,5986,-1
3194,0,44,1,0,1,1,0,2941,6121,5929
3195,0,45,1,0,1,1,0,3012,6120,5933
3196,0,44,1,0,1,1,0,3019,6073,5933
3197,0,45,1,0,1,1,0,3032,6113,5936
3198,0,47,1,0,1,1,0,3040,6140,5937
3199,0,45,1,0,1,1,0,3012,6243,5941
3200,0,45,1,0,1,1,0,3000,6152,5952
3201,0,44,1,0,1,1,0,3019,6463,5953
3202,0,45,1,0,1,1,0,3033,5992,5956
3203,0,45,1,0,1,1,0,3045,6357,5957
3204,0,45,1,1,1,1,0,3000,6419,5962
3205,0,47,1,0,1,1,0,3028,6019,5964
3206,0,45,1,0,1,1,0,3049,6064,5967
3207,0,45,1,2,1,1,0,3050,6401,5967
3208,0,45,1,3,1,1,0,3000,6433,5970
3209,0,47,1,0,1,1,0,3028,6118,5972
3210,0,44,1,0,1,1,0,3051,6040,5973
3211,0,45,1,2,1,1,0,3045,6432,5978
3212,0,45,1,0,1,1,0,3050,6249,5978
3213,0,47,1,2,1,1,0,3028,6443,5981
3214,0,45,1,2,1,1,0,3000,6412,5982
3215,0,45,1,0,1,1,0,3049,6056,5983
3216,0,44,1,0,1,1,0,3051,6210,5984
3217,0,32,1,0,2,1,0,2057,6028,5988
3218,0,45,1,1,1,1,0,3053,6412,5988
3219,0,47,1,0,1,1,0,3028,6164,5993
3220,0,47,1,0,1,1,0,3028,6436,6005
3221,0,45,1,0,1,1,0,3049,6400,6007
3222,0,44,1,0,1,1,0,3058,6182,6008
3223,0,45,1,0,1,1,0,3060,6271,6015
3224,0,45,1,3,1,1,0,3062,6493,6019
3225,0,45,1,0,1,1,0,3063,6326,6020
3226,0,45,1,3,1,1,0,3064,6480,6020
3227,0,44,1,0,1,1,0,3019,6145,6028
3228,0,45,1,1,1,1,0,3062,6430,6029
3229,0,45,1,0,1,1,0,3064,6400,6029
3230,0,44,1,0,1,1,0,3051,6186,6030
3231,0,45,1,8,1,1,0,3066,6592,6031
3232,0,45,1,0,1,1,0,3068,6075,6033
3233,0,44,1,0,1,1,0,3019,6259,6041
3234,0,44,1,0,1,1,0,3051,6096,6041
3235,0,45,1,0,1,1,0,3069,6088,6041
3236,0,45,1,0,1,1,0,3072,6083,6041
3237,0,45,1,0,1,1,0,3062,6345,6046
3238,0,45,1,0,1,1,0,3063,6325,6046
3239,0,44,1,0,1,1,0,3019,6203,6049
3240,0,45,1,3,1,1,0,3000,6457,6052
3241,0,45,1,0,1,1,0,3068,6217,6052
3242,0,45,1,3,1,1,0,3062,6504,6055
3243,0,45,1,0,1,1,0,3063,6259,6057
3244,0,45,1,0,1,1,0,3069,6268,6058
3245,0,45,1,0,1,1,0,3073,6103,6058
3246,0,45,1,0,1,1,0,3077,6476,6058
3247,0,45,1,0,1,1,0,3000,6294,6059
3248,0,45,1,0,1,1,0,3088,6249,6063
3249,0,45,1,0,1,1,0,3091,6106,6065
3250,0,45,1,0,1,1,0,3000,6367,6074
3251,0,45,1,0,1,1,0,3066,6440,6075
3252,0,45,1,0,1,1,0,3077,6340,6076
3253,0,45,1,0,1,1,0,3069,6276,6078
3254,0,45,1,0,1,1,0,3062,6355,6085
3255,0,45,1,0,1,1,0,3066,6226,6084
3256,0,45,1,9,1,1,0,3091,6552,6085
3257,0,45,1,0,1,1,0,3093,6205,6085
3258,0,45,1,1,1,1,0,3077,6590,6086
3259,0,45,1,0,1,1,0,3094,6188,6088
3260,0,45,1,0,1,1,0,3095,6242,6089
3261,0,45,1,4,1,1,0,3093,6516,6097
3262,0,45,1,0,1,1,0,3062,6300,6101
3263,0,45,1,0,1,1,0,3077,6152,6104
3264,0,45,1,1,1,1,0,3093,6532,6108
3265,0,45,1,0,1,1,0,3062,6395,6112
3266,0,45,1,2,1,1,0,3077,6499,6113
3267,0,45,1,2,1,1,0,3088,6522,6114
3268,0,45,1,1,1,1,0,3091,6512,6114
3269,0,45,1,0,1,1,0,3095,6501,6116
3270,0,45,1,8,1,1,0,3096,6766,6117
3271,0,45,1,0,1,1,0,3098,6369,6119
3272,0,45,1,4,1,1,0,3077,6573,6122
3273,0,45,1,1,1,1,0,3088,6562,6122
3274,0,45,1,0,1,1,0,3077,6387,6130
3275,0,45,1,1,1,1,0,3091,6585,6130
3276,0,45,1,2,1,1,0,3095,6577,6132
3277,0,45,1,3,1,1,0,3000,6681,6137
3278,0,45,1,1,1,1,0,3088,6622,6140
3279,0,45,1,0,1,1,0,3093,6502,6141
3280,0,45,1,1,1,1,0,3096,6616,6142
3281,0,45,1,0,1,1,0,3000,6308,6146
3282,0,45,1,1,1,1,0,3091,6587,6147
3283,0,45,1,1,1,1,0,3088,6649,6149
3284,0,45,1,2,1,1,0,3096,6728,6153
3285,0,45,1,0,1,1,0,3104,6252,6153
3286,0,45,1,1,1,1,0,3105,6598,6154
3287,0,45,1,1,1,1,0,3109,6659,6154
3288,0,45,1,0,1,1,0,3115,6467,6158
3289,0,45,1,1,1,1,0,3077,6609,6165
3290,0,45,1,5,1,1,0,3088,6670,6171
3291,0,45,1,1,1,1,0,3096,6632,6175
3292,0,45,1,3,1,1,0,3088,6707,6178
3293,0,45,1,2,1,1,0,3091,6625,6180
3294,0,45,1,0,1,1,0,3109,6238,6182
3295,0,45,1,0,1,1,0,3096,6397,6183
3296,0,45,1,0,1,1,0,3098,6282,6184
3297,0,45,1,3,1,1,0,3115,6630,6187
3298,0,45,1,1,1,1,0,3117,6664,6188
3299,0,45,1,0,1,1,0,3100,6364,6189
3300,0,45,1,1,1,1,0,3000,6641,6190
3301,0,45,1,0,1,1,0,3109,6675,6190
3302,0,45,1,0,1,1,0,3118,6354,6193
3303,0,45,1,14,1,1,0,3122,6932,6194
3304,0,45,1,0,1,1,0,3088,6243,6201
3305,0,45,1,3,1,1,0,3115,6741,6204
3306,0,45,1,0,1,1,0,3117,6611,6204
3307,0,45,1,8,1,1,0,3122,6857,6206
3308,0,45,1,7,1,1,0,3124,6847,6207
3309,0,45,1,0,1,1,0,3093,6309,6210
3310,0,45,1,1,1,1,0,3115,6768,6211
3311,0,45,1,4,1,1,0,3117,6784,6213
3312,0,45,1,0,1,1,0,3093,6475,6218
3313,0,45,1,6,1,1,0,3117,6829,6227
3314,0,45,1,0,1,1,0,3122,6382,6232
3315,0,45,1,1,1,1,0,3115,6720,6235
3316,0,45,1,2,1,1,0,3124,6784,6239
3317,0,45,1,7,1,1,0,3117,6866,6242
3318,0,45,1,0,1,1,0,3127,6278,6243
3319,0,45,1,1,1,1,0,3129,6870,6244
3320,0,46,1,0,1,1,0,3130,6315,6245
3321,0,45,1,0,1,1,0,3093,6402,6245
3322,0,32,1,0,2,1,0,2057,7199,6252
3323,0,45,1,6,1,1,0,3117,6900,6253
3324,0,45,1,1,1,1,0,3124,6857,6253
3325,0,45,1,1,1,1,0,3129,6873,6253
3326,0,45,1,0,1,1,0,3126,6484,6260
3327,0,45,1,1,1,1,0,3124,6866,6260
3328,0,46,1,0,1,1,0,3131,6674,6261
3329,0,45,1,1,1,1,0,3117,6836,6264
3330,0,46,1,2,1,1,0,3131,6873,6269
3331,0,45,1,2,1,1,0,3126,6871,6272
3332,0,45,1,0,1,1,0,3117,6844,6277
3333,0,45,1,0,1,1,0,3133,6479,6277
3334,0,45,1,1,1,1,0,3127,6895,6279
3335,0,45,1,0,1,1,0,3135,6516,6283
3336,0,45,1,0,1,1,0,3124,6717,6288
3337,0,45,1,4,1,1,0,3124,6882,6295
3338,0,45,1,0,1,1,0,3135,6571,6297
3339,0,46,1,0,1,1,0,3136,6740,6300
3340,0,46,1,0,1,1,0,3145,6478,6301
3341,0,45,1,0,1,1,0,3117,6758,6303
3342,0,45,1,0,1,1,0,3147,6338,6304
3343,0,45,1,2,1,1,0,3124,6925,6309
3344,0,45,1,0,1,1,0,3140,6430,6309
3345,0,45,1,0,1,1,0,3148,6344,6311
3346,0,47,1,9,1,1,0,3150,7071,6315
3347,0,46,1,2,1,1,0,3165,6886,6316
3348,0,46,1,0,1,1,0,3169,6412,6318
3349,0,45,1,0,1,1,0,3124,6795,6326
3350,0,47,1,0,1,1,0,3150,6620,6326
3351,0,46,1,1,1,1,0,3165,6932,6327
3352,0,45,1,0,1,1,0,3117,6548,6329
3353,0,47,1,0,1,1,0,3150,6476,6335
3354,0,46,1,0,1,1,0,3165,6825,6336
3355,0,46,1,0,1,1,0,3169,6572,6336
3356,0,46,1,0,1,1,0,3173,6381,6337
3357,0,46,1,0,1,1,0,3174,6670,6339
3358,0,45,1,0,1,1,0,3117,6903,6341
3359,0,47,1,7,1,1,0,3150,6992,6345
3360,0,46,1,0,1,1,0,3169,6693,6346
3361,0,46,1,1,1,1,0,3165,6937,6351
3362,0,47,1,1,1,1,0,3150,6994,6355
3363,0,46,1,0,1,1,0,3169,6604,6356
3364,0,46,1,0,1,1,0,3173,6390,6357
3365,0,46,1,0,1,1,0,3176,6719,6358
3366,0,46,1,0,1,1,0,3182,6397,6363
3367,0,48,1,0,1,1,0,3184,6399,6365
3368,0,46,1,0,1,1,0,3168,6967,6365
3369,0,46,1,0,1,1,0,3174,7199,6368
3370,0,46,1,0,1,1,0,3173,6421,6371
3371,0,46,1,3,1,1,0,3176,6995,6376
3372,0,46,1,0,1,1,0,3186,6827,6377
3373,0,48,1,0,1,1,0,3188,6569,6379
3374,0,46,1,0,1,1,0,3207,6416,6382
3375,0,46,1,0,1,1,0,3208,6471,6383
3376,0,46,1,2,1,1,0,3176,6965,6384
3377,0,46,1,3,1,1,0,3186,6973,6389
3378,0,46,1,0,1,1,0,3207,6938,6392
3379,0,46,1,0,1,1,0,3211,6466,6396
3380,0,48,1,0,1,1,0,3213,6601,6398
3381,0,46,1,0,1,1,0,3214,6805,6398
3382,0,46,1,2,1,1,0,3218,7017,6400
3383,0,46,1,0,1,1,0,3224,6547,6400
3384,0,46,1,7,1,1,0,3186,7085,6402
3385,0,46,1,0,1,1,0,3226,6761,6402
3386,0,46,1,0,1,1,0,3208,6611,6404
3387,0,46,1,0,1,1,0,3204,6726,6404
3388,0,46,1,0,1,1,0,3211,6558,6405
3389,0,46,1,2,1,1,0,3214,6987,6406
3390,0,46,1,1,1,1,0,3226,6978,6413
3391,0,46,1,1,1,1,0,3224,6987,6413
3392,0,46,1,0,1,1,0,3228,6600,6413
3393,0,46,1,0,1,1,0,3231,6886,6417
3394,0,48,1,0,1,1,0,3213,6523,6420
3395,0,46,1,0,1,1,0,3240,6766,6422
3396,0,46,1,0,1,1,0,3208,6466,6426
3397,0,46,1,1,1,1,0,3231,6984,6431
3398,0,46,1,0,1,1,0,3240,6817,6432
3399,0,46,1,0,1,1,0,3242,6676,6433
3400,0,46,1,2,1,1,0,3256,7059,6434
3401,0,46,1,0,1,1,0,3258,6669,6435
3402,0,46,1,1,1,1,0,3261,6998,6437
3403,0,46,1,0,1,1,0,3240,6614,6441
3404,0,46,1,0,1,1,0,3224,6523,6444
3405,0,46,1,0,1,1,0,3256,6717,6445
3406,0,46,1,1,1,1,0,3231,6996,6459
3407,0,46,1,1,1,1,0,3226,7011,6478
3408,0,46,1,0,1,1,0,3231,6563,6467
3409,0,46,1,2,1,1,0,3242,7020,6467
3410,0,46,1,1,1,1,0,3256,7041,6468
3411,0,46,1,0,1,1,0,3261,6529,6472
3412,0,46,1,0,1,1,0,3242,6960,6476
3413,0,46,1,0,1,1,0,3264,6527,6477
3414,0,46,1,0,1,1,0,3266,6794,6478
3415,0,46,1,0,1,1,0,3267,6692,6479
3416,0,46,1,4,1,1,0,3261,7069,6481
3417,0,46,1,0,1,1,0,3256,6661,6481
3418,0,46,1,0,1,1,0,3266,6556,6485
3419,0,46,1,0,1,1,0,3256,6604,6494
3420,0,46,1,2,1,1,0,3261,7056,6500
3421,0,46,1,0,1,1,0,3267,6555,6502
3422,0,46,1,0,1,1,0,3256,6951,6503
3423,0,46,1,0,1,1,0,3268,6565,6506
3424,0,46,1,5,1,1,0,3231,7097,6513
3425,0,46,1,0,1,1,0,3256,6589,6518
3426,0,46,1,5,1,1,0,3270,7199,6518
3427,0,46,1,0,1,1,0,3272,6734,6524
3428,0,46,1,0,1,1,0,3273,6878,6524
3429,0,46,1,1,1,1,0,3275,7070,6524
3430,0,46,1,0,1,1,0,3256,6585,6529
3431,0,46,1,3,1,1,0,3270,7199,6530
3432,0,46,1,0,1,1,0,3272,6590,6533
3433,0,46,1,0,1,1,0,3256,6960,6548
3434,0,46,1,0,1,1,0,3270,6907,6549
3435,0,46,1,0,1,1,0,3272,6986,6553
3436,0,46,1,0,1,1,0,3276,6725,6556
3437,0,46,1,2,1,1,0,3277,7102,6557
3438,0,46,1,1,1,1,0,3278,7148,6560
3439,0,46,1,0,1,1,0,3272,6597,6564
3440,0,46,1,0,1,1,0,3276,6651,6564
3441,0,46,1,1,1,1,0,3231,7101,6566
3442,0,46,1,0,1,1,0,3277,6829,6570
3443,0,46,1,1,1,1,0,3270,7100,6573
3444,0,46,1,0,1,1,0,3280,7101,6573
3445,0,46,1,0,1,1,0,3231,6831,6574
3446,0,46,1,0,1,1,0,3282,6678,6579
3447,0,46,1,0,1,1,0,3284,6827,6586
3448,0,46,1,0,1,1,0,3286,6676,6587
3449,0,46,1,0,1,1,0,3289,6627,6589
3450,0,46,1,4,1,1,0,3231,7199,6590
3451,0,46,1,1,1,1,0,3290,7095,6591
3452,0,46,1,0,1,1,0,3291,6643,6591
3453,0,46,1,2,1,1,0,3292,7121,6593
3454,0,46,1,0,1,1,0,3284,6864,6598
3455,0,46,1,5,1,1,0,3290,7193,6600
3456,0,46,1,0,1,1,0,3293,6998,6601
3457,0,46,1,0,1,1,0,3297,6735,6602
3458,0,46,1,0,1,1,0,3300,6807,6605
3459,0,46,1,1,1,1,0,3303,7141,6606
3460,0,46,1,4,1,1,0,3290,7199,6610
3461,0,46,1,0,1,1,0,3292,6858,6612
3462,0,46,1,0,1,1,0,3293,6670,6613
3463,0,46,1,0,1,1,0,3297,6693,6616
3464,0,46,1,0,1,1,0,3303,6867,6617
3465,0,46,1,0,1,1,0,3277,6675,6621
3466,0,46,1,0,1,1,0,3283,6946,6639
3467,0,46,1,0,1,1,0,3292,7039,6627
3468,0,46,1,0,1,1,0,3297,6914,6628
3469,0,46,1,0,1,1,0,3290,6676,6631
3470,0,46,1,0,1,1,0,3305,6830,6633
3471,0,46,1,4,1,1,0,3270,7199,6643
3472,0,46,1,0,1,1,0,3287,6813,6644
3473,0,46,1,1,1,1,0,3270,7181,6650
3474,0,46,1,0,1,1,0,3290,7145,6667
3475,0,46,1,0,1,1,0,3270,6780,6660
3476,0,46,1,0,1,1,0,3298,6726,6662
3477,0,46,1,2,1,1,0,3303,7185,6665
3478,0,46,1,0,1,1,0,3270,6840,6671
3479,0,46,1,1,1,1,0,3305,7199,6671
3480,0,46,1,0,1,1,0,3307,7068,6671
3481,0,46,1,1,1,1,0,3308,7176,6672
3482,0,46,1,0,1,1,0,3303,7199,6675
3483,0,46,1,0,1,1,0,3310,6710,6676
3484,0,46,1,0,1,1,0,3311,7034,6676
3485,0,46,1,0,1,1,0,3313,7199,6677
3486,0,46,1,0,1,1,0,3315,6753,6677
3487,0,46,1,0,1,1,0,3316,7199,6677
3488,0,46,1,0,1,1,0,3307,7199,6679
3489,0,46,1,0,1,1,0,3308,7199,6682
3490,0,46,0,0,1,1,0,3284,6728,-1
3491,0,46,1,0,1,1,0,3303,7199,6694
3492,0,46,1,0,1,1,0,3307,7199,6694
3493,0,46,1,0,1,1,0,3303,7138,6708
3494,0,46,1,0,1,1,0,3305,7199,6711
3495,0,32,1,0,2,1,0,2057,7199,6720
3496,0,46,1,0,1,1,0,3303,7199,6720
3497,0,46,1,0,1,1,0,3307,7199,6721
3498,0,46,1,0,1,1,0,3308,6858,6726
3499,0,46,1,0,1,1,0,3313,6876,6727
3500,0,46,1,0,1,1,0,3316,7199,6727
3501,0,32,1,0,2,1,0,2061,6832,6730
3502,0,46,1,0,1,1,0,3303,7199,6735
3503,0,46,1,0,1,1,0,3307,7199,6737
3504,0,46,1,0,1,1,0,3308,7014,6741
3505,0,46,1,0,1,1,0,3311,6820,6743
3506,0,46,1,0,1,1,0,3307,7199,6754
3507,0,46,1,0,1,1,0,3311,7199,6759
3508,0,46,1,0,1,1,0,3307,7199,6763
3509,0,46,1,0,1,1,0,3308,7199,6766
3510,0,46,1,0,1,1,0,3313,7058,6766
3511,0,46,1,0,1,1,0,3311,6824,6767
3512,0,46,1,0,1,1,0,3317,7199,6768
3513,0,46,1,0,1,1,0,3303,7199,6770
3514,0,46,1,0,1,1,0,3308,7199,6781
3515,0,46,1,0,1,1,0,3313,7199,6785
3516,0,46,1,0,1,1,0,3317,7199,6786
3517,0,46,1,0,1,1,0,3313,7199,6796
3518,0,46,1,0,1,1,0,3317,7199,6796
3519,0,46,1,0,1,1,0,3303,7199,6806
3520,0,46,1,0,1,1,0,3308,7199,6808
3521,0,46,1,0,1,1,0,3303,7199,6814
3522,0,46,1,0,1,1,0,3313,6883,6818
3523,0,46,1,0,1,1,0,3307,7199,6822
3524,0,46,1,0,1,1,0,3317,7199,6825
3525,0,46,1,0,1,1,0,3319,7199,6826
3526,0,46,1,0,1,1,0,3323,7199,6828
3527,0,46,1,0,1,1,0,3324,6928,6828
3528,0,46,1,0,1,1,0,3327,6896,6830
3529,0,46,1,0,1,1,0,3329,7014,6831
3530,0,47,1,0,1,1,0,3330,7199,6831
3531,0,46,1,0,1,1,0,3331,6955,6832
3532,0,46,1,0,1,1,0,3317,7199,6833
3533,0,46,1,0,1,1,0,3337,7199,6833
3534,0,46,1,0,1,1,0,3323,7199,6837
3535,0,46,1,0,1,1,0,3303,7199,6841
3536,0,46,1,0,1,1,0,3317,7199,6845
3537,0,46,1,0,1,1,0,3303,7199,6848
3538,0,46,1,0,1,1,0,3317,7199,6858
3539,0,46,1,0,1,1,0,3323,6904,6858
3540,0,47,1,0,1,1,0,3330,7199,6859
3541,0,46,1,0,1,1,0,3337,7199,6859
3542,0,46,1,0,1,1,0,3325,7199,6865
3543,0,46,1,0,1,1,0,3323,6908,6867
3544,0,46,1,0,1,1,0,3331,6973,6868
3545,0,46,1,0,1,1,0,3334,7199,6868
3546,0,46,1,0,1,1,0,3337,7199,6872
3547,0,46,1,0,1,1,0,3343,6976,6872
3548,0,48,1,0,1,1,0,3346,7199,6874
3549,0,47,1,0,1,1,0,3347,7199,6874
3550,0,46,1,0,1,1,0,3323,6935,6877
3551,0,46,1,0,1,1,0,3337,7199,6879
3552,0,48,1,0,1,1,0,3346,7083,6883
3553,0,47,1,0,1,1,0,3347,6974,6885
3554,0,46,1,0,1,1,0,3323,7199,6887
3555,0,47,1,0,1,1,0,3351,7199,6888
3556,0,48,1,0,1,1,0,3346,7199,6896
3557,0,48,1,0,1,1,0,3359,7199,6897
3558,0,47,1,0,1,1,0,3361,6956,6901
3559,0,46,1,0,1,1,0,3303,7042,6905
3560,0,48,1,0,1,1,0,3346,7097,6905
3561,0,46,1,0,1,1,0,3343,6971,6908
3562,0,48,1,0,1,1,0,3359,7199,6909
3563,0,48,1,0,1,1,0,3346,7199,6915
3564,0,48,1,0,1,1,0,3359,7199,6927
3565,0,48,1,0,1,1,0,3362,7082,6929
3566,0,47,1,0,1,1,0,3376,7199,6933
3567,0,47,1,0,1,1,0,3377,6975,6933
3568,0,48,1,0,1,1,0,3359,7199,6937
3569,0,47,1,0,1,1,0,3382,7024,6938
3570,0,48,1,0,1,1,0,3346,7199,6939
3571,0,48,1,0,1,1,0,3359,7199,6947
3572,0,47,1,0,1,1,0,3371,7199,6953
3573,0,47,1,0,1,1,0,3376,7199,6956
3574,0,47,1,0,1,1,0,3377,7199,6957
3575,0,47,1,0,1,1,0,3384,7084,6961
3576,0,47,1,0,1,1,0,3390,7199,6962
3577,0,47,1,0,1,1,0,3377,7199,6967
3578,0,47,1,0,1,1,0,3389,7199,6968
3579,0,48,1,0,1,1,0,3359,7199,6973
3580,0,47,1,0,1,1,0,3384,7199,6974
3581,0,47,1,0,1,1,0,3391,7014,6974
3582,0,47,1,0,1,1,0,3397,7069,6975
3583,0,47,1,0,1,1,0,3371,7199,6978
3584,0,47,1,0,1,1,0,3389,7039,6978
3585,0,47,1,0,1,1,0,3406,7013,6979
3586,0,48,1,0,1,1,0,3359,7199,6990
3587,0,47,1,0,1,1,0,3384,7199,6987
3588,0,48,1,0,1,1,0,3346,7199,6988
3589,0,47,1,0,1,1,0,3407,7199,6989
3590,0,47,1,0,1,1,0,3371,7199,6993
3591,0,47,1,0,1,1,0,3402,7199,6995
3592,0,47,1,0,1,1,0,3409,7046,6996
3593,0,47,1,0,1,1,0,3410,7054,6998
3594,0,47,1,0,1,1,0,3416,7199,6999
3595,0,47,1,0,1,1,0,3420,7199,7000
3596,0,47,1,0,1,1,0,3409,7101,7013
3597,0,47,1,0,1,1,0,3382,7077,7014
3598,0,48,1,0,1,1,0,3346,7199,7015
3599,0,47,1,0,1,1,0,3400,7068,7015
3600,0,47,1,0,1,1,0,3416,7199,7015
3601,0,47,1,0,1,1,0,3420,7199,7018
3602,0,47,1,0,1,1,0,3424,7199,7022
3603,0,47,1,0,1,1,0,3426,7199,7025
3604,0,47,1,0,1,1,0,3384,7199,7033
3605,0,47,1,0,1,1,0,3400,7080,7035
3606,0,47,1,0,1,1,0,3416,7155,7040
3607,0,47,1,0,1,1,0,3384,7184,7041
3608,0,48,1,0,1,1,0,3346,7199,7042
3609,0,47,1,0,1,1,0,3424,7199,7043
3610,0,47,1,0,1,1,0,3429,7103,7047
3611,0,47,1,0,1,1,0,3416,7199,7055
3612,0,47,1,0,1,1,0,3424,7199,7057
3613,0,47,1,0,1,1,0,3426,7199,7060
3614,0,47,1,0,1,1,0,3431,7199,7060
3615,0,47,1,0,1,1,0,3384,7199,7069
3616,0,47,1,0,1,1,0,3424,7199,7069
3617,0,47,1,0,1,1,0,3437,7133,7070
3618,0,47,1,0,1,1,0,3438,7132,7071
3619,0,47,1,0,1,1,0,3443,7199,7072
3620,0,47,1,0,1,1,0,3450,7199,7072
3621,0,47,1,0,1,1,0,3384,7199,7078
3622,0,47,1,0,1,1,0,3424,7121,7082
3623,0,47,1,0,1,1,0,3437,7199,7083
3624,0,47,1,0,1,1,0,3451,7158,7084
3625,0,47,1,0,1,1,0,3453,7199,7085
3626,0,47,1,0,1,1,0,3455,7198,7086
3627,0,47,1,0,1,1,0,3441,7199,7097
3628,0,47,1,0,1,1,0,3426,7199,7098
3629,0,47,1,0,1,1,0,3450,7164,7099
3630,0,47,1,0,1,1,0,3453,7199,7102
3631,0,47,1,0,1,1,0,3455,7199,7102
3632,0,47,1,0,1,1,0,3459,7199,7102
3633,0,47,1,0,1,1,0,3460,7159,7102
3634,0,47,1,0,1,1,0,3471,7199,7104
3635,0,47,1,0,1,1,0,3473,7199,7104
3636,0,47,1,0,1,1,0,3431,7199,7122
3637,0,47,1,0,1,1,0,3450,7165,7122
3638,0,47,1,0,1,1,0,3455,7199,7133
3639,0,47,1,0,1,1,0,3460,7199,7134
3640,0,47,1,0,1,1,0,3431,7199,7139
3641,0,47,1,0,1,1,0,3455,7199,7143
3642,0,47,1,0,1,1,0,3471,7199,7146
3643,0,47,1,0,1,1,0,3477,7199,7149
3644,0,47,1,0,1,1,0,3471,7199,7156
3645,0,47,1,0,1,1,0,3477,7199,7159
3646,0,47,1,0,1,1,0,3460,7199,7161
3647,0,47,1,0,1,1,0,3479,7199,7165
3648,0,47,1,0,1,1,0,3481,7199,7166
3649,0,47,1,0,1,1,0,3426,7199,7177
3650,0,47,1,0,1,1,0,3455,7199,7182
3651,0,47,1,0,1,1,0,3450,7199,7186
3652,0,47,1,0,1,1,0,3460,7199,7186
3653,0,47,1,0,1,1,0,3426,7199,7194
3654,0,47,1,0,1,1,0,3471,7199,7199
