id,family,generation,mature,mature_children,cells,changed,recognizable,parent,last_seen,mature_at
0,0,0,1,1,4,0,1,4294967295,138,-1
1,0,0,1,2,4,0,1,4294967295,46,-1
2,0,0,1,0,4,0,1,4294967295,37,-1
3,0,1,1,1,4,0,1,0,118,68
4,0,1,1,0,4,1,1,1,36,4
5,0,1,0,0,4,1,1,2,37,-1
6,0,1,1,4,4,1,1,1,166,16
7,0,2,0,0,4,1,1,4,36,-1
8,0,2,1,2,4,1,1,6,142,69
9,0,1,0,0,4,1,1,1,46,-1
13,0,2,1,3,4,1,1,3,174,73
14,0,3,1,2,4,1,1,8,158,74
15,0,3,1,3,4,1,1,13,161,78
16,0,4,1,1,4,1,1,14,166,94
17,0,1,0,0,3,1,0,0,138,-1
18,0,2,1,0,4,1,1,6,114,91
19,0,4,1,0,4,1,1,15,111,86
20,0,2,0,0,4,0,1,3,116,-1
21,0,3,1,0,4,1,1,8,218,94
22,0,3,0,0,4,1,1,18,114,-1
23,0,4,1,2,4,1,1,15,198,121
24,0,5,1,2,4,1,1,16,184,136
25,0,3,0,0,4,1,1,8,140,-1
26,0,3,1,0,4,1,1,13,150,122
27,0,4,0,0,4,1,1,21,128,-1
28,0,4,1,3,4,1,1,14,260,123
34,0,2,1,0,4,1,1,6,171,127
35,0,5,1,3,4,1,1,23,326,133
36,0,4,0,0,4,1,1,26,150,-1
37,0,5,1,0,4,1,1,28,188,144
38,0,4,1,6,4,1,1,15,280,131
39,0,3,1,0,4,1,1,13,150,133
40,0,4,0,0,4,1,1,39,150,-1
41,0,6,1,0,4,1,1,35,178,141
42,0,2,1,3,4,1,1,6,234,138
43,0,4,0,0,4,1,1,14,158,-1
44,0,6,1,1,4,1,1,24,204,146
46,0,4,0,0,4,1,1,15,160,-1
47,0,3,0,0,4,1,1,13,174,-1
48,0,5,1,0,4,1,1,23,183,159
49,0,3,1,6,4,1,1,42,418,167
50,0,7,0,0,4,1,1,41,178,-1
52,0,5,1,0,4,1,1,38,186,156
53,0,2,0,0,4,1,1,6,166,-1
54,0,6,0,0,4,1,1,37,180,-1
55,0,7,1,2,4,1,1,44,272,175
56,0,6,1,1,4,1,1,35,208,184
59,0,5,1,0,4,1,1,28,177,165
60,0,6,1,0,4,1,1,24,177,157
61,0,6,0,0,4,1,1,52,186,-1
65,0,5,1,0,4,1,1,38,195,167
66,0,6,0,0,4,1,1,24,184,-1
67,0,5,0,0,4,1,1,23,185,-1
70,0,4,0,0,4,1,1,21,186,-1
71,0,4,1,0,4,1,1,49,226,183
72,0,5,0,0,4,1,1,28,191,-1
74,0,5,1,0,4,1,1,38,204,177
76,0,8,1,1,4,1,1,55,202,179
79,0,6,0,0,4,1,1,65,195,-1
82,0,6,0,0,4,1,1,74,204,-1
83,0,9,1,1,4,1,1,76,223,184
84,0,7,0,0,4,1,1,44,204,-1
87,0,5,1,0,4,1,1,38,215,189
88,0,10,1,0,4,1,1,83,240,195
89,0,7,1,2,4,1,1,56,296,189
90,0,8,1,1,4,1,1,55,267,217
93,0,4,0,0,4,1,1,49,219,-1
94,0,6,0,0,4,1,1,87,215,-1
95,0,6,1,7,4,1,1,35,437,270
96,0,3,1,0,4,1,1,42,225,198
98,0,5,1,1,4,1,1,28,280,226
100,0,8,1,0,4,1,1,89,233,203
101,0,5,0,0,4,1,1,71,226,-1
103,0,9,0,0,4,1,1,100,233,-1
106,0,3,1,1,4,1,1,42,296,209
107,0,4,1,0,4,1,1,106,287,245
108,0,8,1,1,4,1,1,89,275,241
109,0,11,0,0,4,1,1,88,240,-1
111,0,3,0,0,4,1,1,42,234,-1
112,0,5,1,0,4,1,1,38,242,221
113,0,9,1,3,4,1,1,90,353,222
116,0,6,0,0,4,1,1,112,242,-1
117,0,10,1,0,4,1,1,113,339,276
120,0,6,1,0,4,1,1,98,254,233
121,0,5,1,2,4,1,1,38,284,231
122,0,4,1,0,4,1,1,49,331,234
123,0,6,1,0,4,1,1,121,281,250
124,0,5,0,0,4,1,1,28,260,-1
126,0,8,0,0,4,1,1,55,272,-1
128,0,5,0,0,4,1,1,38,280,-1
129,0,9,0,0,4,1,1,90,267,-1
130,0,6,0,0,4,1,1,98,280,-1
132,0,9,1,0,4,1,1,108,276,245
135,0,10,0,0,4,1,1,132,268,-1
136,0,5,0,0,4,1,1,107,287,-1
137,0,8,0,0,4,1,1,89,269,-1
138,0,9,0,0,4,1,1,108,275,-1
139,0,4,1,0,4,1,1,49,342,259
141,0,7,0,0,4,1,1,123,281,-1
142,0,6,1,2,4,1,1,121,345,261
143,0,4,0,0,4,1,1,106,296,-1
144,0,5,0,0,4,1,1,139,338,-1
145,0,5,0,0,4,1,1,122,331,-1
147,0,7,1,0,4,1,1,142,300,279
148,0,4,0,0,4,1,1,49,291,-1
150,0,6,0,0,4,1,1,121,284,-1
152,0,7,1,0,4,1,1,95,293,277
157,0,11,0,0,4,1,1,117,339,-1
158,0,6,0,0,4,1,1,35,302,-1
159,0,8,0,0,4,1,1,147,300,-1
163,0,10,1,4,4,1,1,113,424,299
164,0,7,1,0,4,1,1,95,326,296
166,0,7,0,0,4,1,1,142,306,-1
171,0,4,1,0,4,1,1,49,359,317
174,0,8,0,0,4,1,1,164,326,-1
176,0,7,1,0,4,1,1,95,349,323
177,0,10,1,0,4,1,1,113,332,310
178,0,7,1,1,4,1,1,142,342,313
179,0,11,0,0,4,1,1,177,332,-1
180,0,8,1,0,4,1,1,178,341,318
181,0,10,0,0,4,1,1,113,349,-1
182,0,11,1,0,4,1,1,163,364,325
183,0,5,0,0,4,1,1,171,359,-1
184,0,9,0,0,4,1,1,180,341,-1
185,0,7,0,0,4,1,1,142,345,-1
186,0,8,0,0,4,1,1,176,349,-1
187,0,4,1,0,4,1,1,49,353,328
191,0,5,0,0,4,1,1,187,353,-1
194,0,4,1,5,4,1,1,49,489,346
196,0,7,1,4,4,1,1,95,435,347
197,0,12,0,0,4,1,1,182,364,-1
202,0,11,1,0,4,1,1,163,403,371
204,0,8,1,0,4,1,1,196,396,352
206,0,4,0,0,4,1,1,49,418,-1
209,0,9,0,0,4,1,1,204,396,-1
210,0,5,1,0,4,1,1,194,410,361
211,0,8,1,0,4,1,1,196,439,368
213,0,6,0,0,4,1,1,210,382,-1
215,0,5,1,1,4,1,1,194,446,393
216,0,7,1,5,4,1,1,95,573,373
217,0,9,0,0,4,1,1,211,391,-1
218,0,8,1,0,4,1,1,216,464,392
219,0,8,1,0,4,1,1,196,400,379
220,0,11,1,2,4,1,1,163,457,382
221,0,7,1,3,4,1,1,95,440,385
222,0,12,1,0,4,1,1,220,465,408
223,0,6,0,0,4,1,1,210,410,-1
224,0,8,1,0,4,1,1,196,408,389
225,0,8,1,4,4,1,1,221,558,394
227,0,11,1,0,4,1,1,163,415,393
228,0,8,0,0,4,1,1,196,435,-1
229,0,8,1,1,4,1,1,216,521,402
230,0,11,0,0,4,1,1,163,420,-1
231,0,9,1,1,4,1,1,225,514,412
232,0,5,1,1,4,1,1,194,457,404
233,0,8,1,4,4,1,1,221,502,404
234,0,6,1,0,4,1,1,215,447,414
236,0,9,0,0,4,1,1,211,439,-1
238,0,9,1,0,4,1,1,233,500,438
239,0,7,1,0,4,1,1,95,437,411
240,0,13,0,0,4,1,1,222,465,-1
242,0,8,1,1,4,1,1,216,509,427
243,0,6,1,0,4,1,1,232,473,427
245,0,5,1,0,4,1,1,194,440,415
246,0,8,1,0,4,1,1,221,442,415
247,0,8,0,0,4,1,1,239,437,-1
248,0,9,1,3,4,1,1,229,546,479
249,0,12,1,7,4,1,1,220,641,420
251,0,6,0,0,4,1,1,245,440,-1
252,0,9,0,0,4,1,1,246,439,-1
253,0,7,0,0,4,1,1,95,437,-1
255,0,13,1,0,4,1,1,249,484,451
256,0,8,0,0,4,1,1,221,440,-1
257,0,7,0,0,4,1,1,234,447,-1
260,0,12,0,0,4,1,1,220,452,-1
261,0,9,0,0,4,1,1,242,452,-1
262,0,9,1,6,4,1,1,225,640,447
263,0,9,0,0,4,1,1,218,464,-1
264,0,8,1,1,4,1,1,216,560,518
272,0,9,1,1,4,1,1,233,484,449
273,0,7,0,0,4,1,1,243,473,-1
276,0,10,0,0,4,1,1,262,484,-1
277,0,10,1,0,4,1,1,272,477,454
278,0,14,0,0,4,1,1,255,484,-1
279,0,5,1,0,4,1,1,194,491,459
281,0,9,1,3,4,1,1,233,567,471
285,0,13,1,0,4,1,1,249,490,461
286,0,14,0,0,4,1,1,285,490,-1
287,0,10,0,0,4,1,1,272,484,-1
289,0,10,1,1,4,1,1,231,558,483
291,0,5,0,0,4,1,1,194,489,-1
292,0,13,1,0,4,1,1,249,520,487
293,0,9,1,0,4,1,1,242,502,476
295,0,10,0,0,4,1,1,293,498,-1
296,0,9,1,1,4,1,1,225,522,484
298,0,10,1,0,4,1,1,281,514,486
299,0,9,1,0,4,1,1,233,538,482
300,0,10,0,0,4,1,1,238,500,-1
301,0,10,1,0,4,1,1,248,507,484
302,0,9,0,0,4,1,1,242,509,-1
305,0,11,0,0,4,1,1,301,507,-1
306,0,11,0,0,4,1,1,298,514,-1
307,0,14,0,0,4,1,1,292,518,-1
310,0,11,0,0,4,1,1,289,510,-1
311,0,9,0,0,4,1,1,229,521,-1
312,0,10,0,0,4,1,1,231,514,-1
314,0,9,1,0,4,1,1,225,519,495
315,0,10,1,0,4,1,1,248,577,495
317,0,10,1,0,4,1,1,296,522,497
318,0,13,1,0,3,1,0,249,521,506
319,0,11,0,0,4,1,0,315,530,-1
320,0,10,1,1,4,1,1,281,539,512
321,0,10,0,0,4,1,1,314,519,-1
322,0,11,0,0,4,1,1,317,518,-1
324,0,10,1,0,4,1,1,248,542,506
328,0,10,1,1,4,1,1,262,611,514
330,0,11,0,0,4,1,1,324,542,-1
331,0,10,0,0,4,1,1,299,538,-1
333,0,9,0,0,4,1,1,225,558,-1
334,0,11,1,0,4,1,1,289,542,534
335,0,11,1,3,4,1,1,320,631,519
337,0,11,1,0,4,1,1,328,574,524
339,0,9,1,0,4,1,1,264,543,523
340,0,10,1,0,4,1,1,281,560,526
343,0,12,1,2,4,1,1,335,635,551
345,0,10,1,0,4,1,1,262,551,525
350,0,8,1,6,4,1,1,216,673,546
351,0,12,0,0,4,1,1,337,574,-1
352,0,11,0,0,4,1,1,340,560,-1
353,0,11,0,0,4,1,1,345,551,-1
354,0,9,0,0,4,1,1,264,560,-1
355,0,10,1,0,4,1,1,262,598,550
356,0,13,1,0,4,1,1,249,591,546
365,0,9,1,1,4,1,1,350,668,551
366,0,14,0,0,4,1,1,356,591,-1
367,0,11,0,0,4,1,1,315,571,-1
369,0,8,0,0,4,1,1,216,573,-1
370,0,11,0,0,4,1,1,355,579,-1
371,0,10,1,1,4,1,1,262,630,562
372,0,9,1,0,4,1,1,350,591,580
378,0,10,1,3,4,1,1,365,690,577
379,0,11,0,0,4,1,1,328,611,-1
380,0,11,1,1,4,1,1,371,635,590
381,0,12,1,0,4,1,1,335,604,574
382,0,13,1,0,4,1,1,249,611,581
383,0,10,1,1,4,1,1,262,615,573
384,0,13,1,2,4,1,1,343,689,591
386,0,11,1,1,4,1,1,383,612,583
389,0,11,1,0,4,1,1,378,606,585
390,0,13,0,0,4,1,1,381,604,-1
391,0,10,1,1,4,1,1,262,643,610
392,0,14,0,0,4,1,1,382,611,-1
393,0,12,1,0,4,1,1,386,610,588
394,0,12,0,0,4,1,1,389,606,-1
395,0,9,1,0,4,1,1,350,626,590
396,0,13,1,2,4,1,1,249,717,592
397,0,13,0,0,4,1,1,393,610,-1
398,0,11,0,0,4,1,1,383,615,-1
399,0,10,0,0,4,1,1,365,668,-1
400,0,10,0,0,4,1,1,395,626,-1
403,0,12,1,2,4,1,1,380,763,605
404,0,14,1,0,4,1,1,396,663,620
405,0,12,1,1,4,1,1,335,629,598
406,0,12,0,0,4,1,1,386,612,-1
407,0,11,1,2,4,1,1,378,716,642
408,0,11,0,0,4,1,1,371,630,-1
409,0,9,1,3,4,1,1,350,719,603
410,0,13,0,0,4,1,1,249,641,-1
411,0,13,1,0,4,1,1,405,628,603
412,0,14,1,3,4,1,1,384,717,608
413,0,10,1,0,4,1,1,409,708,666
414,0,13,1,0,4,1,1,343,628,608
415,0,14,0,0,4,1,1,411,627,-1
418,0,12,0,0,4,1,1,335,628,-1
419,0,13,1,2,4,1,1,403,669,620
421,0,15,1,0,4,1,1,412,637,614
422,0,9,1,0,4,1,1,350,633,618
424,0,11,1,0,4,1,1,391,655,615
428,0,13,0,0,4,1,1,343,635,-1
430,0,16,0,0,4,1,1,421,637,-1
431,0,12,0,0,4,1,1,424,646,-1
432,0,10,0,0,4,1,1,262,640,-1
433,0,15,0,0,4,1,1,404,663,-1
434,0,14,1,1,4,1,1,419,682,629
435,0,9,1,0,4,1,1,350,656,631
437,0,13,0,0,4,1,1,403,679,-1
438,0,14,1,1,4,1,1,384,685,648
444,0,15,1,0,4,1,1,434,667,648
447,0,15,1,1,4,1,1,412,760,675
448,0,10,0,0,4,1,1,435,656,-1
453,0,14,1,0,4,1,1,419,757,644
457,0,12,1,4,4,1,1,407,759,647
460,0,13,1,0,4,1,1,457,719,693
461,0,16,0,0,4,1,1,444,667,-1
462,0,15,1,0,4,1,1,438,683,653
463,0,11,1,0,4,1,1,378,687,657
464,0,12,1,0,4,1,1,407,691,670
465,0,14,0,0,4,1,1,384,689,-1
466,0,15,0,0,4,1,1,434,682,-1
469,0,15,0,0,4,1,1,438,685,-1
472,0,11,0,0,4,1,1,378,690,-1
473,0,12,0,0,4,1,1,463,687,-1
475,0,11,0,0,4,1,1,413,708,-1
476,0,14,1,7,4,1,1,396,888,686
478,0,13,0,0,4,1,1,464,691,-1
479,0,10,1,0,4,1,1,409,736,676
481,0,11,0,0,4,1,1,479,736,-1
482,0,15,1,3,4,1,1,412,806,686
485,0,10,1,3,4,1,1,409,810,688
487,0,16,1,1,4,1,1,482,752,719
489,0,15,1,1,4,1,1,476,746,696
490,0,11,1,0,4,1,1,485,726,704
494,0,15,0,0,4,1,1,412,717,-1
495,0,14,0,0,4,1,1,396,717,-1
496,0,14,0,0,4,1,1,460,719,-1
497,0,12,0,0,4,1,1,407,716,-1
498,0,10,0,0,4,1,1,409,719,-1
499,0,16,1,0,4,1,1,489,737,704
500,0,15,0,0,4,1,1,453,728,-1
501,0,13,1,0,4,1,1,457,727,704
502,0,12,0,0,4,1,1,490,726,-1
503,0,15,1,2,4,1,1,476,770,716
504,0,14,0,0,4,1,1,501,727,-1
505,0,16,1,1,4,1,1,447,759,721
508,0,16,0,0,4,1,1,489,746,-1
509,0,13,1,1,4,1,1,457,782,725
510,0,11,1,1,4,1,1,485,782,722
511,0,16,1,0,4,1,1,503,756,728
518,0,13,1,2,4,1,1,403,808,725
519,0,17,1,0,4,1,1,487,744,724
522,0,17,1,1,4,1,1,505,791,729
523,0,15,0,0,4,1,1,476,741,-1
524,0,18,0,0,4,1,1,519,744,-1
525,0,16,1,1,4,1,1,482,797,740
526,0,14,1,0,4,1,1,509,756,734
529,0,16,0,0,4,1,1,447,749,-1
530,0,17,0,0,4,1,1,511,748,-1
531,0,17,0,0,4,1,1,487,752,-1
532,0,15,0,0,4,1,1,453,757,-1
533,0,18,1,1,4,1,1,522,765,735
534,0,14,1,0,4,1,1,518,775,752
535,0,13,1,4,4,1,1,457,882,741
536,0,12,1,2,4,1,1,510,831,744
537,0,15,0,0,4,1,1,526,756,-1
538,0,16,1,4,4,1,1,503,976,744
539,0,19,1,0,4,1,1,533,759,739
540,0,17,0,0,4,1,1,505,759,-1
543,0,11,1,1,4,1,1,485,837,742
544,0,20,0,0,5,1,0,539,759,-1
545,0,17,1,0,4,1,1,525,799,745
546,0,14,0,0,4,1,1,509,782,-1
547,0,14,0,0,4,1,1,535,760,-1
548,0,18,0,0,4,1,1,522,769,-1
550,0,17,1,0,4,1,1,538,767,751
551,0,13,1,0,4,1,1,536,821,769
553,0,19,0,0,4,1,1,533,765,-1
554,0,11,0,0,4,1,1,485,775,-1
556,0,18,0,0,4,1,1,550,767,-1
557,0,16,1,0,4,1,1,482,810,775
562,0,14,1,1,4,1,1,518,812,781
567,0,14,1,0,4,1,1,535,804,765
568,0,17,1,0,4,1,1,538,836,806
569,0,18,0,0,4,1,1,545,799,-1
573,0,14,1,0,4,1,1,535,818,776
574,0,14,0,0,4,1,1,551,821,-1
577,0,17,0,0,4,1,1,525,797,-1
578,0,13,1,0,4,1,1,536,858,803
579,0,15,0,0,4,1,1,573,818,-1
580,0,15,1,0,4,1,1,562,814,786
583,0,14,1,0,4,1,1,535,909,830
584,0,16,0,0,4,1,1,482,806,-1
585,0,15,1,4,4,1,1,476,896,789
586,0,17,0,0,4,1,1,557,810,-1
587,0,16,0,0,4,1,1,580,814,-1
588,0,16,1,5,4,1,1,585,911,793
589,0,17,1,0,4,1,1,588,841,800
590,0,15,1,0,4,1,1,476,854,799
592,0,12,1,2,4,1,1,543,877,807
594,0,16,1,1,4,1,1,585,866,830
595,0,16,0,0,4,1,1,590,849,-1
598,0,18,0,0,4,1,1,568,836,-1
600,0,13,1,0,4,1,1,592,849,836
601,0,17,1,1,4,1,1,588,845,812
603,0,13,0,0,4,1,1,536,831,-1
604,0,15,1,0,4,1,1,476,865,825
608,0,17,0,0,4,1,1,538,831,-1
609,0,18,1,0,4,1,1,601,869,817
613,0,17,1,1,4,1,1,588,881,837
615,0,19,0,0,4,1,1,609,869,-1
616,0,18,0,0,4,1,1,601,845,-1
617,0,17,1,0,4,1,1,594,855,835
618,0,15,0,0,4,1,1,583,855,-1
620,0,15,1,2,4,1,1,476,888,839
621,0,14,0,0,4,1,1,578,857,-1
622,0,16,0,0,4,1,1,604,856,-1
624,0,14,1,1,4,1,1,535,930,841
625,0,18,1,4,4,1,1,613,991,861
627,0,17,0,0,4,1,1,594,861,-1
628,0,13,1,0,4,1,1,592,872,847
629,0,17,1,0,4,1,1,588,872,848
630,0,16,1,0,4,1,1,620,881,848
632,0,15,1,0,4,1,1,476,870,850
633,0,16,1,3,4,1,1,585,966,855
634,0,14,0,0,4,1,1,628,871,-1
635,0,14,0,0,4,1,1,535,874,-1
636,0,18,0,0,4,1,1,629,872,-1
637,0,17,0,0,4,1,1,630,881,-1
639,0,16,0,0,4,1,1,632,870,-1
640,0,15,1,1,4,1,1,624,917,866
641,0,13,0,0,4,1,1,592,877,-1
643,0,16,1,3,4,1,1,620,940,859
646,0,15,0,0,4,1,1,476,888,-1
648,0,17,1,0,4,1,1,643,898,875
649,0,16,1,0,4,1,1,585,888,866
650,0,17,1,4,4,1,1,633,1021,890
652,0,17,1,0,4,1,1,588,892,878
654,0,16,1,1,4,1,1,640,932,892
655,0,17,0,0,4,1,1,649,886,-1
660,0,16,0,0,4,1,1,585,896,-1
662,0,18,0,0,4,1,1,648,898,-1
663,0,19,1,0,4,1,1,625,928,905
667,0,15,0,0,4,1,1,583,909,-1
668,0,15,0,0,4,1,1,624,930,-1
671,0,17,1,0,4,1,1,643,919,886
673,0,17,1,6,4,1,1,538,1130,914
674,0,17,0,0,4,1,1,588,911,-1
678,0,18,1,0,4,1,1,650,931,895
680,0,17,1,4,4,1,1,643,1062,907
681,0,18,0,0,4,1,1,671,919,-1
682,0,17,1,1,4,1,1,654,935,902
683,0,17,1,0,4,1,1,633,924,901
685,0,16,0,0,4,1,1,640,917,-1
686,0,18,1,5,4,1,1,682,1068,910
687,0,20,0,0,4,1,1,663,928,-1
688,0,17,0,0,4,1,1,633,928,-1
689,0,17,0,0,4,1,1,654,932,-1
692,0,18,1,0,4,1,1,680,967,937
694,0,19,1,0,4,1,1,625,950,934
695,0,17,0,0,4,1,1,643,940,-1
696,0,18,1,0,4,1,1,673,958,919
699,0,19,0,0,4,1,1,696,956,-1
700,0,17,1,0,4,1,1,538,967,934
702,0,18,1,0,4,1,1,673,977,930
708,0,18,1,0,4,1,1,650,972,944
709,0,18,0,0,4,1,1,700,967,-1
711,0,17,1,0,4,1,1,633,969,940
712,0,19,1,1,4,1,1,686,985,942
713,0,19,0,0,4,1,1,692,961,-1
715,0,19,1,0,4,1,1,625,1003,945
716,0,18,1,0,4,1,1,673,1004,958
717,0,18,0,0,4,1,1,711,969,-1
718,0,18,1,1,4,1,1,680,1009,949
719,0,20,1,1,4,1,1,712,1032,956
720,0,20,0,0,4,1,1,715,1003,-1
721,0,19,0,0,4,1,1,708,972,-1
722,0,19,1,0,4,1,1,686,1027,975
723,0,19,1,0,4,1,1,718,990,962
724,0,18,1,0,4,1,1,650,977,955
725,0,19,1,0,4,1,1,625,990,956
726,0,19,0,0,4,1,1,724,977,-1
727,0,20,0,0,4,1,1,725,990,-1
728,0,21,1,0,4,1,1,719,1003,968
730,0,18,1,5,4,1,1,650,1139,976
731,0,19,0,0,4,1,1,625,990,-1
732,0,20,0,0,4,1,1,712,985,-1
733,0,18,0,0,4,1,1,673,999,-1
738,0,21,0,0,4,1,1,719,1032,-1
744,0,18,1,0,4,1,1,680,1014,983
745,0,19,0,0,4,1,1,686,1001,-1
746,0,19,1,0,4,1,1,730,1016,990
747,0,18,0,0,4,1,1,650,1004,-1
748,0,19,0,0,4,1,1,744,1005,-1
750,0,18,1,8,4,1,1,680,1225,1032
755,0,20,0,0,4,1,1,746,1016,-1
757,0,19,1,0,4,1,1,730,1023,1001
758,0,18,0,0,4,1,1,673,1041,-1
759,0,20,0,0,4,1,1,757,1023,-1
762,0,19,1,0,4,1,1,686,1040,1010
763,0,19,0,0,4,1,1,730,1027,-1
767,0,19,1,1,4,1,1,686,1068,1021
768,0,20,1,3,4,1,1,767,1115,1040
771,0,19,1,0,4,1,1,686,1062,1040
772,0,19,1,0,4,1,1,750,1056,1036
774,0,18,0,0,4,1,1,680,1062,-1
776,0,21,1,1,4,1,1,768,1186,1061
777,0,19,1,2,4,1,1,750,1150,1047
778,0,19,1,0,4,1,1,730,1102,1053
779,0,20,0,0,4,1,1,767,1068,-1
780,0,19,0,0,4,1,1,686,1068,-1
781,0,20,1,0,4,1,1,777,1092,1076
782,0,19,1,2,4,1,1,750,1106,1058
783,0,20,0,0,4,1,1,778,1102,-1
785,0,19,1,1,4,1,1,730,1165,1064
786,0,20,1,0,4,1,1,782,1115,1075
790,0,18,1,0,4,1,1,673,1118,1081
791,0,20,1,1,4,1,1,785,1143,1085
792,0,19,0,0,4,1,1,750,1088,-1
793,0,22,0,0,4,1,1,776,1104,-1
796,0,21,1,0,4,1,1,768,1130,1082
797,0,19,1,4,4,1,1,730,1191,1091
798,0,19,0,0,4,1,1,790,1101,-1
799,0,20,1,0,4,1,1,782,1153,1086
800,0,20,1,0,4,1,1,777,1138,1091
801,0,22,0,0,4,1,1,796,1128,-1
802,0,21,0,0,4,1,1,799,1153,-1
803,0,18,1,0,4,1,1,673,1147,1092
804,0,21,1,0,4,1,1,768,1151,1096
805,0,20,1,1,4,1,1,797,1200,1096
806,0,21,1,1,4,1,1,791,1180,1111
807,0,21,0,0,4,1,1,800,1138,-1
809,0,21,0,0,4,1,1,786,1115,-1
810,0,21,1,0,4,1,1,805,1200,1119
811,0,18,1,0,4,1,1,673,1125,1102
812,0,20,0,0,4,1,1,777,1142,-1
813,0,19,0,0,4,1,1,730,1133,-1
814,0,22,0,0,4,1,1,804,1151,-1
815,0,20,1,0,4,1,1,797,1172,1131
817,0,19,0,0,4,1,1,811,1125,-1
818,0,22,1,9,4,1,1,776,1349,1153
820,0,19,0,0,4,1,1,803,1147,-1
821,0,18,0,0,4,1,1,673,1128,-1
822,0,22,1,2,4,1,1,806,1231,1133
827,0,22,0,0,4,1,1,810,1155,-1
830,0,21,0,0,4,1,1,805,1200,-1
833,0,21,0,0,4,1,1,815,1172,-1
834,0,19,1,0,4,1,1,750,1176,1140
835,0,20,0,0,4,1,1,785,1165,-1
836,0,20,1,0,4,1,1,797,1169,1142
838,0,22,0,0,4,1,1,806,1180,-1
839,0,21,0,0,4,1,1,836,1169,-1
840,0,23,1,0,4,1,1,822,1209,1182
842,0,19,1,0,4,1,1,750,1198,1151
846,0,20,1,0,4,1,1,797,1192,1163
847,0,20,0,0,4,1,1,842,1190,-1
848,0,23,1,0,4,1,1,818,1200,1159
851,0,19,1,0,4,1,1,750,1181,1162
852,0,22,0,0,4,1,1,776,1179,-1
853,0,24,0,0,4,1,1,848,1197,-1
854,0,21,0,0,4,1,1,846,1192,-1
855,0,19,1,2,4,1,1,750,1279,1172
857,0,23,1,6,4,1,1,818,1283,1176
858,0,20,0,0,4,1,1,797,1191,-1
860,0,20,0,0,7,1,0,855,1207,-1
862,0,24,1,0,4,1,1,857,1203,1181
863,0,19,1,0,4,1,1,750,1208,1183
865,0,24,0,0,4,1,1,840,1209,-1
866,0,23,1,0,4,1,1,818,1218,1196
867,0,20,0,0,4,1,1,863,1208,-1
869,0,24,1,0,4,1,1,857,1229,1209
870,0,19,0,0,4,1,1,750,1218,-1
876,0,23,1,0,4,1,1,818,1235,1207
877,0,23,1,1,4,1,1,822,1354,1215
878,0,24,0,0,4,1,1,876,1235,-1
882,0,25,0,0,4,1,1,869,1229,-1
883,0,20,1,1,4,1,1,855,1263,1216
884,0,23,1,1,4,1,1,818,1277,1218
885,0,24,1,0,4,1,1,857,1243,1220
886,0,21,1,0,4,1,1,883,1269,1235
888,0,24,1,1,4,1,1,884,1275,1232
889,0,20,0,0,4,1,1,855,1244,-1
890,0,23,1,1,4,1,1,818,1264,1229
892,0,24,1,1,4,1,1,857,1304,1231
893,0,24,1,1,4,1,1,890,1305,1237
896,0,25,1,0,4,1,1,888,1274,1237
897,0,23,1,0,4,1,1,818,1263,1239
899,0,22,0,0,4,1,1,886,1269,-1
900,0,25,1,2,4,1,1,892,1344,1274
901,0,24,1,3,4,1,1,857,1312,1242
902,0,24,0,0,4,1,1,884,1263,-1
903,0,24,0,0,4,1,1,897,1263,-1
904,0,24,0,0,4,1,1,877,1265,-1
905,0,25,1,8,4,1,1,901,1457,1249
906,0,24,0,0,4,1,1,890,1264,-1
908,0,25,1,0,4,1,1,893,1299,1274
909,0,20,1,5,4,1,1,855,1410,1251
910,0,23,0,0,4,1,1,818,1275,-1
911,0,24,1,1,4,1,1,857,1313,1259
912,0,25,0,0,4,1,1,888,1275,-1
913,0,21,1,1,4,1,1,909,1306,1256
914,0,26,1,0,4,1,1,905,1288,1258
915,0,25,1,0,4,1,1,901,1327,1260
916,0,22,1,0,4,1,1,913,1299,1278
917,0,21,1,0,4,1,1,909,1312,1282
921,0,26,1,0,4,1,1,905,1315,1281
922,0,27,0,0,4,1,1,914,1288,-1
924,0,26,0,0,9,1,0,915,1327,-1
925,0,25,1,3,4,1,1,901,1418,1281
926,0,25,1,0,4,1,1,911,1308,1286
930,0,26,1,0,4,1,1,900,1330,1303
931,0,26,0,0,4,1,1,908,1299,-1
936,0,25,0,0,4,1,1,892,1304,-1
937,0,25,0,0,4,1,1,893,1305,-1
938,0,26,1,0,4,1,1,925,1335,1310
939,0,22,0,0,4,1,1,917,1306,-1
941,0,22,0,0,4,1,1,913,1306,-1
942,0,24,1,1,4,1,1,877,1333,1290
943,0,26,1,0,4,1,1,905,1324,1301
944,0,25,0,0,4,1,1,901,1312,-1
946,0,21,1,0,4,1,1,909,1319,1296
947,0,25,1,1,4,1,1,942,1326,1295
948,0,25,0,0,4,1,1,911,1313,-1
949,0,26,1,1,4,1,1,947,1361,1300
950,0,22,0,0,4,1,1,946,1319,-1
953,0,23,1,0,4,1,1,818,1340,1305
954,0,25,0,0,4,1,1,942,1324,-1
955,0,24,0,0,4,1,1,877,1351,-1
956,0,27,0,0,4,1,1,943,1324,-1
957,0,27,0,0,4,1,1,930,1330,-1
961,0,24,0,0,4,1,1,953,1340,-1
964,0,26,0,0,4,1,1,947,1326,-1
966,0,26,1,2,4,1,1,900,1396,1314
967,0,23,1,0,4,1,1,818,1343,1315
968,0,21,1,0,4,1,1,909,1350,1317
973,0,27,0,0,4,1,1,966,1334,-1
975,0,24,0,0,4,1,1,967,1343,-1
976,0,26,1,0,4,1,1,925,1344,1320
977,0,27,1,0,4,1,1,949,1382,1329
978,0,22,0,0,4,1,1,968,1350,-1
979,0,26,1,1,4,1,1,905,1408,1323
982,0,26,0,0,4,1,1,900,1344,-1
983,0,27,0,0,4,1,1,976,1344,-1
984,0,23,0,0,4,1,1,818,1344,-1
985,0,21,1,3,4,1,1,909,1437,1327
989,0,26,1,1,4,1,1,925,1404,1365
991,0,22,1,0,4,1,1,985,1395,1358
992,0,28,0,0,4,1,1,977,1382,-1
993,0,26,1,0,4,1,1,905,1372,1334
997,0,27,1,2,4,1,1,979,1426,1373
998,0,21,0,0,4,1,1,909,1376,-1
999,0,27,1,3,4,1,1,966,1452,1339
1000,0,27,0,0,4,1,1,993,1372,-1
1002,0,27,0,0,4,1,1,949,1361,-1
1003,0,28,1,0,3,1,0,999,1372,1345
1004,0,26,0,0,4,1,1,905,1374,-1
1009,0,27,1,0,4,1,1,966,1395,1350
1013,0,28,0,0,4,1,1,999,1388,-1
1014,0,27,0,0,4,1,1,966,1394,-1
1015,0,28,0,0,4,1,1,1009,1395,-1
1016,0,23,0,0,4,1,1,991,1380,-1
1019,0,27,1,0,4,1,1,989,1415,1370
1020,0,22,1,1,4,1,1,985,1420,1387
1021,0,28,0,0,4,1,1,1019,1415,-1
1022,0,26,0,0,4,1,1,925,1398,-1
1025,0,28,1,1,4,1,1,997,1447,1378
1026,0,27,0,0,4,1,1,989,1404,-1
1027,0,29,1,5,4,1,1,1025,1566,1404
1028,0,26,1,1,4,1,1,905,1408,1383
1029,0,27,0,0,4,1,1,979,1408,-1
1031,0,27,1,1,4,1,1,1028,1444,1392
1032,0,28,1,2,4,1,1,997,1456,1395
1033,0,23,1,0,4,1,1,1020,1422,1392
1034,0,26,1,1,4,1,1,905,1510,1394
1035,0,21,0,0,4,1,1,909,1410,-1
1037,0,29,1,2,4,1,1,1032,1459,1414
1040,0,22,1,0,4,1,1,985,1475,1411
1041,0,23,0,0,4,1,1,1020,1420,-1
1043,0,27,1,1,4,1,1,1034,1468,1434
1044,0,28,1,1,4,1,1,999,1440,1405
1045,0,26,1,0,4,1,1,905,1429,1405
1046,0,28,1,1,4,1,1,1031,1500,1407
1048,0,30,1,0,4,1,1,1027,1462,1408
1049,0,29,1,3,4,1,1,1044,1623,1411
1050,0,27,0,0,4,1,1,1045,1429,-1
1051,0,29,1,0,4,1,1,1046,1432,1414
1054,0,31,0,0,4,1,1,1048,1434,-1
1056,0,23,0,0,4,1,1,1040,1444,-1
1057,0,28,1,0,4,1,1,999,1454,1415
1058,0,26,0,0,4,1,1,905,1457,-1
1059,0,30,1,0,4,1,1,1037,1435,1419
1061,0,29,0,0,4,1,1,1057,1454,-1
1062,0,22,0,0,4,1,1,985,1437,-1
1064,0,28,0,0,4,1,1,1031,1444,-1
1065,0,31,0,0,4,1,1,1059,1435,-1
1067,0,29,1,0,4,1,1,1032,1460,1425
1069,0,29,0,0,4,1,1,1046,1500,-1
1070,0,30,1,1,4,1,1,1037,1495,1431
1071,0,30,0,0,4,1,1,1067,1460,-1
1074,0,29,0,0,4,1,1,1032,1456,-1
1077,0,30,1,0,4,1,1,1027,1471,1438
1078,0,28,1,1,4,1,1,1043,1547,1439
1081,0,31,1,1,4,1,1,1070,1492,1453
1082,0,31,0,0,4,1,1,1077,1458,-1
1083,0,29,0,0,5,1,0,1078,1465,-1
1084,0,30,1,0,4,1,1,1049,1501,1471
1087,0,27,0,0,4,1,1,1034,1498,-1
1088,0,31,0,0,4,1,1,1048,1462,-1
1089,0,30,1,0,4,1,1,1027,1487,1451
1092,0,28,0,0,4,1,1,1043,1468,-1
1094,0,23,0,0,4,1,1,1040,1475,-1
1095,0,31,0,0,4,1,1,1089,1487,-1
1097,0,32,1,0,4,1,1,1081,1491,1458
1103,0,31,0,0,4,1,1,1070,1495,-1
1104,0,33,0,0,4,1,1,1097,1491,-1
1106,0,32,0,0,4,1,1,1081,1492,-1
1108,0,30,1,5,5,1,0,1027,1688,1514
1109,0,29,1,0,5,1,0,1078,1527,1474
1113,0,31,0,0,4,1,1,1084,1501,-1
1114,0,30,0,0,5,1,0,1109,1527,-1
1116,0,30,0,0,4,1,1,1049,1523,-1
1117,0,29,0,0,4,1,1,1078,1500,-1
1125,0,29,0,0,4,1,1,1078,1547,-1
1126,0,31,1,3,5,1,0,1108,1688,1535
1127,0,30,1,3,4,1,1,1027,1595,1525
1128,0,30,1,0,4,1,1,1049,1564,1528
1129,0,31,1,0,4,1,1,1127,1561,1530
1132,0,31,0,0,4,1,1,1128,1564,-1
1133,0,32,0,0,4,1,1,1129,1561,-1
1134,0,30,1,2,4,1,1,1049,1624,1539
1135,0,31,1,2,4,1,1,1127,1659,1541
1136,0,31,1,1,4,1,1,1134,1675,1581
1137,0,32,1,3,4,1,1,1135,1664,1568
1138,0,31,1,2,5,1,0,1108,1731,1574
1139,0,32,1,0,5,1,0,1126,1587,1550
1141,0,31,1,0,4,1,1,1127,1571,1552
1142,0,33,0,0,5,1,0,1139,1585,-1
1143,0,32,0,0,5,1,0,1126,1590,-1
1148,0,33,1,0,4,1,1,1137,1614,1575
1149,0,31,0,0,4,1,1,1127,1595,-1
1151,0,30,0,0,4,1,1,1049,1623,-1
1152,0,32,1,0,4,1,1,1135,1629,1597
1153,0,32,1,2,5,1,0,1138,1689,1634
1154,0,34,0,0,4,1,1,1148,1614,-1
1156,0,31,1,0,5,1,0,1108,1712,1586
1157,0,31,1,1,4,1,1,1134,1727,1592
1158,0,32,0,0,4,1,1,1136,1617,-1
1159,0,31,0,0,5,1,0,1108,1629,-1
1161,0,31,0,0,4,1,1,1134,1624,-1
1162,0,32,0,0,4,1,1,1135,1630,-1
1163,0,33,1,2,4,1,1,1137,1708,1626
1164,0,32,0,0,5,1,0,1156,1643,-1
1166,0,32,1,0,4,1,1,1157,1668,1618
1167,0,32,1,1,5,1,0,1126,1734,1637
1168,0,33,0,0,4,1,1,1166,1666,-1
1171,0,32,0,0,4,1,1,1157,1652,-1
1173,0,33,1,0,4,1,1,1137,1681,1638
1174,0,33,1,0,5,1,0,1153,1664,1640
1175,0,32,1,4,4,1,1,1136,1811,1644
1176,0,31,1,0,5,1,0,1108,1716,1643
1177,0,34,0,0,4,1,1,1163,1660,-1
1178,0,32,0,0,5,1,0,1176,1681,-1
1179,0,32,1,1,5,1,0,1126,1817,1651
1181,0,33,0,0,5,1,0,1167,1671,-1
1182,0,33,0,0,4,1,1,1175,1680,-1
1183,0,33,1,0,5,1,0,1153,1713,1652
1184,0,34,0,0,4,1,1,1173,1681,-1
1185,0,31,1,1,5,1,0,1108,1686,1655
1186,0,32,0,0,4,1,1,1136,1675,-1
1187,0,33,0,0,5,1,0,1179,1671,-1
1188,0,32,1,0,5,1,0,1185,1686,1663
1189,0,33,0,0,5,1,0,1153,1689,-1
1190,0,32,0,0,5,1,0,1156,1712,-1
1192,0,32,0,0,5,1,0,1126,1688,-1
1193,0,31,0,0,5,1,0,1108,1687,-1
1194,0,32,0,0,4,1,1,1157,1691,-1
1195,0,34,0,0,5,1,0,1183,1713,-1
1196,0,33,0,0,5,1,0,1188,1686,-1
1197,0,34,1,5,4,1,1,1163,1780,1668
1199,0,32,1,0,5,1,0,1138,1738,1695
1201,0,35,1,0,4,1,1,1197,1720,1680
1204,0,34,1,4,4,1,1,1163,1860,1680
1207,0,33,1,0,5,1,0,1167,1726,1682
1209,0,36,0,0,4,1,1,1201,1720,-1
1210,0,33,1,2,4,1,1,1175,1770,1706
1211,0,32,0,0,5,1,0,1176,1716,-1
1213,0,34,0,0,4,1,1,1163,1708,-1
1217,0,33,0,0,5,1,0,1167,1711,-1
1219,0,33,0,0,5,1,0,1199,1738,-1
1220,0,35,1,0,4,1,1,1197,1790,1712
1221,0,34,0,0,5,1,0,1207,1726,-1
1222,0,32,0,0,5,1,0,1138,1727,-1
1223,0,32,0,0,4,1,1,1157,1727,-1
1224,0,34,1,0,4,1,1,1210,1737,1710
1226,0,33,1,1,5,1,0,1179,1783,1737
1227,0,35,0,0,4,1,1,1224,1734,-1
1228,0,33,1,1,4,1,1,1175,1780,1738
1232,0,35,1,3,4,1,1,1197,1843,1732
1234,0,34,1,4,4,1,1,1210,1823,1733
1238,0,35,1,0,4,1,1,1234,1790,1757
1239,0,35,1,1,4,1,1,1204,1836,1742
1240,0,34,1,0,5,1,0,1226,1798,1743
1243,0,34,1,1,4,1,1,1228,1797,1743
1244,0,35,1,0,4,1,1,1197,1775,1743
1245,0,34,0,0,4,1,1,1210,1770,-1
1246,0,36,1,2,4,1,1,1239,1816,1772
1247,0,35,1,1,4,1,1,1243,1823,1756
1248,0,36,0,0,4,1,1,1244,1775,-1
1249,0,33,1,0,4,1,1,1175,1782,1755
1250,0,35,1,0,4,1,1,1204,1782,1753
1251,0,34,0,0,5,1,0,1226,1783,-1
1252,0,34,0,0,4,1,1,1228,1780,-1
1253,0,35,1,0,4,1,1,1197,1794,1754
1254,0,34,0,0,4,1,1,1249,1778,-1
1255,0,33,0,0,5,1,0,1179,1806,-1
1256,0,35,1,0,4,1,1,1204,1791,1764
1257,0,36,0,0,4,1,1,1238,1790,-1
1258,0,33,1,0,4,1,1,1175,1807,1766
1259,0,36,0,0,4,1,1,1220,1790,-1
1260,0,35,1,1,4,1,1,1234,1817,1767
1261,0,36,0,0,4,1,1,1256,1791,-1
1262,0,36,1,0,4,1,1,1232,1797,1770
1263,0,34,0,0,4,1,1,1258,1787,-1
1264,0,36,1,1,4,1,1,1260,1807,1778
1266,0,37,0,0,4,1,1,1262,1797,-1
1267,0,35,0,0,5,1,0,1240,1798,-1
1268,0,37,1,4,4,1,1,1246,1899,1779
1269,0,35,1,0,4,1,1,1234,1825,1778
1271,0,36,1,2,4,1,1,1247,1842,1793
1273,0,36,0,0,4,1,1,1269,1822,-1
1274,0,37,1,0,4,1,1,1264,1808,1783
1280,0,38,0,0,4,1,1,1274,1808,-1
1281,0,35,1,1,4,1,1,1234,1850,1789
1282,0,36,0,0,4,1,1,1260,1817,-1
1283,0,37,1,2,4,1,1,1246,1846,1790
1284,0,35,1,0,4,1,1,1204,1846,1824
1285,0,36,0,0,4,1,1,1239,1836,-1
1286,0,36,1,1,4,1,1,1281,1871,1820
1287,0,37,0,0,4,1,1,1264,1807,-1
1290,0,38,1,0,4,1,1,1283,1842,1807
1291,0,38,1,1,4,1,1,1268,1903,1822
1292,0,36,1,0,4,1,1,1232,1824,1804
1293,0,37,1,0,4,1,1,1271,1837,1799
1294,0,35,0,0,4,1,1,1234,1822,-1
1295,0,37,0,0,4,1,1,1246,1816,-1
1299,0,38,0,0,4,1,1,1293,1831,-1
1300,0,37,1,1,4,1,1,1271,1865,1812
1303,0,36,1,2,4,1,1,1232,1897,1815
1305,0,38,1,2,4,1,1,1283,1874,1818
1308,0,39,0,0,4,1,1,1290,1841,-1
1311,0,39,1,0,3,1,0,1305,1860,1832
1312,0,37,1,3,4,1,1,1286,1943,1825
1313,0,36,0,0,4,1,1,1232,1840,-1
1316,0,39,1,0,4,1,1,1291,1874,1862
1318,0,38,0,0,4,1,1,1283,1846,-1
1320,0,38,1,5,4,1,1,1312,1981,1836
1321,0,36,0,0,4,1,1,1281,1850,-1
1322,0,38,1,0,4,1,1,1300,1861,1834
1323,0,35,0,0,4,1,1,1204,1852,-1
1324,0,37,0,0,4,1,1,1286,1871,-1
1325,0,37,1,1,4,1,1,1303,1903,1836
1326,0,40,0,0,3,1,0,1311,1860,-1
1327,0,39,0,0,4,1,1,1322,1861,-1
1328,0,38,1,3,4,1,1,1325,1979,1872
1329,0,39,1,2,4,1,1,1320,1928,1860
1332,0,39,1,3,4,1,1,1305,1941,1845
1333,0,38,0,0,4,1,1,1300,1865,-1
1334,0,38,1,0,4,1,1,1268,1901,1850
1338,0,37,1,4,4,1,1,1303,1934,1847
1343,0,39,0,0,4,1,1,1305,1874,-1
1344,0,38,1,0,4,1,1,1312,1893,1862
1345,0,38,1,3,4,1,1,1268,2049,1861
1349,0,38,1,0,4,1,1,1338,1901,1865
1350,0,40,1,0,4,1,1,1329,1922,1879
1352,0,39,0,0,4,1,1,1344,1893,-1
1353,0,40,1,0,4,1,1,1332,1906,1873
1354,0,39,0,0,4,1,1,1334,1901,-1
1357,0,39,0,0,4,1,1,1345,1892,-1
1358,0,38,1,0,4,1,1,1268,1898,1872
1360,0,38,1,0,4,1,1,1338,1922,1876
1361,0,39,0,0,9,1,0,1358,1898,-1
1362,0,39,1,1,4,1,1,1328,1926,1877
1363,0,41,0,0,4,1,1,1353,1906,-1
1366,0,39,0,0,4,1,1,1360,1922,-1
1367,0,40,1,0,4,1,1,1362,1916,1884
1368,0,39,1,0,4,1,1,1320,1930,1883
1369,0,38,0,0,4,1,1,1325,1903,-1
1370,0,38,0,0,4,1,1,1268,1899,-1
1371,0,40,1,0,4,1,1,1332,1915,1884
1372,0,41,0,0,4,1,1,1350,1901,-1
1373,0,38,1,0,4,1,1,1338,1917,1887
1374,0,39,1,1,4,1,1,1328,1958,1888
1375,0,40,0,0,4,1,1,1368,1930,-1
1376,0,40,1,3,4,1,1,1329,1956,1891
1377,0,40,1,0,4,1,1,1374,1954,1899
1378,0,40,0,0,4,1,1,1362,1926,-1
1379,0,40,1,0,4,1,1,1332,1928,1904
1380,0,41,1,0,4,1,1,1376,1919,1895
1382,0,39,1,0,4,1,1,1320,1963,1930
1383,0,38,1,0,4,1,1,1312,1936,1918
1385,0,42,0,0,4,1,1,1380,1919,-1
1387,0,40,0,0,4,1,1,1329,1928,-1
1388,0,39,1,1,4,1,1,1345,1965,1927
1391,0,41,0,0,4,1,1,1377,1933,-1
1393,0,38,1,0,4,1,1,1338,1935,1906
1396,0,41,0,0,4,1,1,1379,1928,-1
1397,0,39,1,5,4,1,1,1328,2045,1916
1399,0,39,0,0,4,1,1,1393,1935,-1
1400,0,41,1,3,4,1,1,1376,2027,1916
1401,0,40,0,0,4,1,1,1332,1941,-1
1402,0,38,0,0,4,1,1,1338,1934,-1
1406,0,42,1,0,4,1,1,1400,1968,1928
1407,0,40,0,0,4,1,1,1397,1950,-1
1409,0,40,0,0,4,1,1,1374,1958,-1
1413,0,41,1,0,4,1,1,1376,1951,1928
1415,0,38,0,0,4,1,1,1312,1943,-1
1418,0,40,1,2,4,1,1,1388,1999,1932
1420,0,43,0,0,4,1,1,1406,1968,-1
1422,0,41,1,0,4,1,1,1418,1977,1964
1424,0,39,1,3,4,1,1,1345,2091,1975
1428,0,39,1,3,4,1,1,1320,2019,1941
1429,0,40,0,0,4,1,1,1388,1965,-1
1430,0,42,0,0,4,1,1,1400,1963,-1
1431,0,40,1,0,4,1,1,1428,2002,1963
1434,0,39,1,1,4,1,1,1320,1993,1951
1436,0,40,1,0,4,1,1,1397,2017,1979
1437,0,40,1,1,4,1,1,1434,2036,1960
1441,0,39,0,0,4,1,1,1328,1979,-1
1445,0,40,0,0,4,1,1,1434,1987,-1
1447,0,40,1,0,4,1,1,1428,2027,1975
1448,0,41,1,0,4,1,1,1418,1999,1975
1449,0,41,1,3,4,1,1,1437,2119,1996
1450,0,42,1,0,4,1,1,1400,2005,1985
1451,0,41,0,0,4,1,1,1447,1997,-1
1455,0,40,1,1,4,1,1,1428,2082,1992
1456,0,39,1,0,4,1,1,1345,2063,2001
1457,0,40,1,0,4,1,1,1397,2022,1990
1459,0,40,1,0,5,1,0,1424,2052,2000
1460,0,42,1,0,4,1,1,1400,2056,1996
1461,0,41,1,1,4,1,1,1455,2097,2042
1463,0,41,0,0,4,1,1,1436,2017,-1
1464,0,41,0,0,4,1,1,1457,2018,-1
1465,0,42,1,2,4,1,1,1449,2076,2000
1466,0,40,1,0,4,1,1,1397,2034,2000
1469,0,41,0,0,5,1,0,1459,2034,-1
1470,0,41,0,0,4,1,1,1447,2027,-1
1471,0,43,1,0,4,1,1,1465,2047,2024
1472,0,41,0,0,4,1,1,1466,2031,-1
1475,0,41,0,0,4,1,1,1437,2036,-1
1477,0,42,0,0,4,1,1,1449,2030,-1
1478,0,40,1,1,4,1,1,1397,2056,2011
1479,0,39,0,0,4,1,1,1345,2049,-1
1480,0,40,0,0,4,1,1,1456,2042,-1
1481,0,40,1,11,4,1,1,1424,2226,2028
1482,0,41,1,1,4,1,1,1478,2138,2030
1483,0,43,0,0,4,1,1,1460,2056,-1
1486,0,40,1,1,4,1,1,1397,2069,2022
1491,0,43,1,0,4,1,1,1465,2055,2035
1492,0,41,1,0,4,1,1,1481,2113,2079
1493,0,42,1,2,4,1,1,1482,2161,2054
1494,0,42,1,6,4,1,1,1449,2236,2088
1496,0,40,1,0,4,1,1,1424,2066,2043
1497,0,44,0,0,4,1,1,1491,2055,-1
1499,0,41,1,1,4,1,1,1486,2074,2050
1500,0,43,0,0,4,1,1,1465,2076,-1
1501,0,41,0,0,4,1,1,1496,2066,-1
1505,0,42,1,2,4,1,1,1461,2145,2071
1506,0,42,1,0,4,1,1,1499,2108,2055
1509,0,43,0,0,4,1,1,1506,2108,-1
1513,0,43,1,0,4,1,1,1493,2139,2104
1518,0,43,1,1,4,1,1,1505,2173,2076
1521,0,44,0,0,4,1,1,1518,2097,-1
1522,0,42,0,0,4,1,1,1461,2097,-1
1523,0,42,0,0,4,1,1,1492,2107,-1
1525,0,43,1,0,4,1,1,1505,2162,2116
1526,0,41,1,0,4,1,1,1481,2139,2090
1527,0,43,1,2,4,1,1,1494,2237,2104
1528,0,42,0,0,4,1,1,1526,2133,-1
1530,0,42,1,1,4,1,1,1449,2169,2104
1531,0,41,1,0,4,1,1,1481,2131,2101
1534,0,44,1,0,4,1,1,1518,2152,2109
1535,0,44,0,0,4,1,1,1513,2139,-1
1536,0,44,1,0,4,1,1,1527,2134,2109
1538,0,41,1,0,4,1,1,1481,2149,2112
1540,0,42,0,0,4,1,1,1531,2131,-1
1541,0,45,0,0,4,1,1,1534,2152,-1
1542,0,43,1,1,4,1,1,1493,2176,2114
1543,0,43,1,0,4,1,1,1494,2188,2127
1544,0,42,0,0,4,1,1,1482,2138,-1
1545,0,42,0,0,4,1,1,1538,2146,-1
1546,0,43,1,0,4,1,1,1530,2157,2130
1548,0,44,1,1,4,1,1,1542,2182,2145
1549,0,44,0,0,4,1,1,1518,2144,-1
1550,0,41,1,0,4,1,1,1481,2176,2122
1552,0,43,0,0,4,1,1,1505,2145,-1
1553,0,44,0,0,4,1,1,1525,2162,-1
1554,0,41,1,0,4,1,1,1481,2174,2133
1556,0,44,0,0,4,1,1,1546,2157,-1
1557,0,43,0,0,4,1,1,1493,2161,-1
1558,0,43,1,1,4,1,1,1494,2198,2137
1560,0,43,0,0,4,1,1,1530,2169,-1
1565,0,41,1,0,4,1,1,1481,2166,2144
1566,0,43,1,0,4,1,1,1494,2174,2148
1567,0,42,0,0,4,1,1,1565,2166,-1
1568,0,42,0,0,4,1,1,1554,2174,-1
1569,0,45,1,1,4,1,1,1548,2234,2150
1571,0,44,0,0,4,1,1,1566,2174,-1
1573,0,41,1,1,4,1,1,1481,2276,2155
1575,0,44,1,8,4,1,1,1527,2494,2198
1576,0,43,1,3,4,1,1,1494,2292,2193
1579,0,41,1,0,4,1,1,1481,2198,2171
1582,0,44,1,1,4,1,1,1558,2203,2168
1583,0,46,0,0,4,1,1,1569,2193,-1
1586,0,42,1,4,4,1,1,1573,2306,2172
1587,0,45,1,8,4,1,1,1582,2372,2173
1589,0,43,1,0,4,1,1,1586,2270,2214
1594,0,44,0,0,4,1,1,1558,2198,-1
1597,0,41,1,1,4,1,1,1481,2229,2182
1598,0,45,0,0,4,1,1,1582,2203,-1
1600,0,42,1,0,4,1,1,1597,2209,2187
1601,0,43,0,0,4,1,1,1600,2209,-1
1603,0,41,1,0,4,1,1,1481,2250,2193
1604,0,42,0,0,4,1,1,1603,2250,-1
1605,0,44,1,0,4,1,1,1576,2246,2231
1607,0,46,1,0,4,1,1,1587,2224,2203
1609,0,45,1,2,4,1,1,1575,2328,2205
1610,0,41,0,0,4,1,1,1481,2226,-1
1611,0,43,1,0,4,1,1,1494,2251,2204
1612,0,46,1,1,4,1,1,1569,2266,2205
1615,0,47,0,0,5,1,0,1607,2224,-1
1616,0,44,0,0,4,1,1,1527,2237,-1
1617,0,47,1,2,4,1,1,1612,2314,2231
1618,0,46,1,0,4,1,1,1609,2248,2221
1619,0,42,0,0,4,1,1,1597,2229,-1
1621,0,46,1,0,4,1,1,1587,2238,2213
1622,0,44,0,0,4,1,1,1611,2251,-1
1623,0,43,0,0,4,1,1,1494,2236,-1
1624,0,45,1,0,4,1,1,1575,2253,2216
1625,0,47,0,0,4,1,1,1621,2238,-1
1626,0,44,0,0,4,1,1,1589,2270,-1
1627,0,43,1,5,4,1,1,1586,2454,2238
1628,0,45,0,0,4,1,1,1575,2244,-1
1629,0,47,0,0,4,1,1,1618,2248,-1
1632,0,46,0,0,4,1,1,1624,2253,-1
1633,0,46,1,0,4,1,1,1609,2280,2232
1635,0,48,1,1,4,1,1,1617,2267,2236
1639,0,46,1,0,4,1,1,1587,2284,2241
1640,0,49,1,0,4,1,1,1635,2294,2241
1642,0,44,1,1,4,1,1,1576,2328,2242
1644,0,47,0,0,4,1,1,1612,2266,-1
1645,0,46,0,0,4,1,1,1609,2280,-1
1646,0,45,0,0,4,1,1,1642,2263,-1
1647,0,48,1,0,4,1,1,1617,2326,2286
1648,0,50,0,0,4,1,1,1640,2276,-1
1650,0,42,0,0,4,1,1,1573,2276,-1
1651,0,43,1,0,4,1,1,1586,2328,2276
1652,0,47,0,0,4,1,0,1639,2267,-1
1654,0,46,1,0,4,1,1,1587,2310,2288
1655,0,44,1,0,4,1,1,1627,2337,2303
1660,0,45,1,0,4,1,1,1575,2322,2258
1661,0,44,1,0,4,1,1,1576,2298,2262
1662,0,46,0,0,4,1,1,1660,2322,-1
1663,0,45,0,0,4,1,1,1661,2287,-1
1670,0,44,0,0,4,1,1,1651,2305,-1
1672,0,43,1,0,4,1,1,1586,2329,2288
1674,0,49,0,0,4,1,1,1647,2326,-1
1675,0,46,0,0,4,1,0,1609,2318,-1
1676,0,47,0,0,4,1,1,1654,2310,-1
1677,0,45,1,4,4,1,1,1642,2379,2299
1678,0,44,0,0,4,1,1,1672,2327,-1
1680,0,48,0,0,4,1,1,1617,2314,-1
1682,0,46,1,0,4,1,1,1587,2354,2300
1684,0,46,1,5,4,1,1,1677,2470,2325
1685,0,45,0,0,4,1,1,1655,2337,-1
1686,0,46,1,0,4,1,1,1587,2329,2311
1689,0,44,1,1,4,1,1,1627,2367,2314
1691,0,47,0,0,4,1,1,1682,2348,-1
1693,0,45,1,0,4,1,1,1689,2356,2348
1694,0,46,1,3,4,1,1,1587,2509,2322
1695,0,45,1,0,4,1,1,1575,2372,2338
1696,0,44,1,2,4,1,1,1627,2411,2340
1697,0,47,1,2,4,1,1,1694,2453,2329
1699,0,47,1,0,4,1,1,1684,2369,2337
1703,0,46,1,0,4,1,1,1587,2376,2332
1707,0,48,0,0,4,1,1,1697,2372,-1
1708,0,46,1,0,4,1,1,1677,2374,2336
1709,0,47,1,1,4,1,1,1694,2441,2368
1710,0,47,0,0,4,1,1,1708,2374,-1
1712,0,46,0,0,3,1,0,1695,2372,-1
1713,0,48,0,0,4,1,1,1699,2369,-1
1714,0,45,1,0,4,1,1,1696,2370,2346
1715,0,46,1,1,4,1,1,1677,2380,2347
1716,0,47,1,0,4,1,1,1684,2383,2356
1717,0,45,1,0,4,1,1,1575,2398,2349
1718,0,44,0,0,4,1,1,1627,2372,-1
1719,0,46,0,0,4,1,1,1587,2372,-1
1720,0,47,1,0,4,1,1,1715,2411,2353
1721,0,46,0,0,4,1,1,1714,2370,-1
1722,0,45,1,2,4,1,1,1696,2427,2359
1723,0,47,0,0,4,1,1,1703,2376,-1
1724,0,46,1,0,4,1,1,1677,2384,2358
1727,0,45,1,0,4,1,1,1575,2391,2360
1729,0,48,0,0,4,1,1,1716,2383,-1
1730,0,47,0,0,4,1,1,1715,2379,-1
1731,0,46,1,0,4,1,1,1722,2412,2374
1732,0,48,0,0,4,1,1,1720,2411,-1
1733,0,47,1,3,4,1,1,1684,2426,2367
1734,0,46,0,0,4,1,1,1717,2398,-1
1735,0,45,0,0,4,1,1,1575,2390,-1
1737,0,48,1,0,4,1,1,1709,2421,2373
1738,0,46,0,0,4,1,1,1727,2388,-1
1745,0,45,0,0,4,1,1,1696,2408,-1
1746,0,47,1,0,4,1,1,1684,2457,2424
1747,0,47,1,1,4,1,1,1694,2492,2432
1749,0,47,0,0,4,1,1,1731,2412,-1
1750,0,44,1,1,4,1,1,1627,2467,2410
1751,0,48,1,2,4,1,1,1733,2464,2381
1755,0,48,0,0,4,1,1,1709,2429,-1
1757,0,46,1,5,4,1,1,1722,2502,2399
1758,0,49,0,0,4,1,1,1751,2418,-1
1760,0,48,1,0,4,1,1,1697,2435,2388
1761,0,48,1,0,4,1,1,1733,2439,2394
1763,0,49,0,0,4,1,1,1737,2421,-1
1764,0,45,1,1,4,1,1,1575,2432,2410
1765,0,48,1,0,4,1,1,1697,2423,2399
1766,0,49,0,0,4,1,1,1761,2435,-1
1767,0,49,0,0,4,1,1,1765,2423,-1
1768,0,48,1,0,4,1,1,1733,2442,2409
1769,0,46,0,0,4,1,1,1722,2427,-1
1770,0,46,1,0,4,1,1,1764,2487,2415
1771,0,47,1,0,4,1,1,1757,2445,2415
1772,0,45,1,1,4,1,1,1750,2502,2422
1776,0,48,0,0,4,1,1,1771,2437,-1
1777,0,44,1,0,4,1,1,1627,2468,2421
1778,0,45,1,0,4,1,1,1575,2477,2440
1779,0,49,1,1,4,1,1,1751,2462,2423
1780,0,47,0,0,4,1,1,1770,2487,-1
1783,0,47,1,0,4,1,1,1757,2467,2432
1784,0,45,0,0,5,1,0,1777,2456,-1
1786,0,50,1,2,4,1,1,1779,2521,2434
1787,0,48,0,0,4,1,1,1697,2453,-1
1791,0,44,0,0,4,1,1,1627,2454,-1
1792,0,46,1,3,4,1,1,1772,2532,2463
1793,0,49,1,0,4,1,1,1751,2466,2434
1794,0,47,1,3,4,1,1,1684,2520,2442
1796,0,48,1,1,4,1,1,1747,2491,2437
1798,0,50,0,0,4,1,1,1793,2466,-1
1800,0,49,1,1,4,1,1,1796,2491,2452
1801,0,47,1,1,4,1,1,1757,2499,2443
1803,0,47,0,0,4,1,1,1694,2471,-1
1804,0,49,0,0,4,1,1,1751,2464,-1
1806,0,46,0,0,4,1,1,1778,2477,-1
1807,0,48,0,0,4,1,1,1747,2492,-1
1808,0,48,0,0,4,1,1,1783,2467,-1
1810,0,45,0,0,4,1,1,1575,2486,-1
1811,0,48,1,0,4,1,1,1794,2478,2453
1812,0,47,1,0,4,1,1,1757,2474,2454
1813,0,47,0,0,4,1,1,1684,2470,-1
1814,0,50,1,3,4,1,1,1800,2569,2459
1815,0,49,0,0,4,1,1,1811,2478,-1
1818,0,51,1,2,4,1,1,1786,2572,2460
1819,0,48,1,0,4,1,1,1801,2505,2473
1821,0,49,0,0,4,1,1,1796,2485,-1
1822,0,51,1,0,4,1,1,1814,2526,2496
1823,0,48,1,2,4,1,1,1794,2531,2476
1824,0,47,1,0,4,1,1,1757,2508,2474
1825,0,52,1,0,4,1,1,1818,2517,2466
1827,0,50,0,0,4,1,1,1800,2491,-1
1829,0,51,1,0,4,1,1,1786,2517,2490
1830,0,53,0,0,4,1,1,1825,2517,-1
1833,0,47,1,1,4,1,1,1792,2551,2472
1836,0,48,1,0,4,1,1,1833,2535,2513
1837,0,49,0,0,4,1,1,1819,2492,-1
1841,0,49,1,5,4,1,1,1823,2643,2487
1842,0,47,1,0,4,1,1,1792,2511,2483
1843,0,48,0,0,4,1,1,1824,2508,-1
1844,0,47,0,0,4,1,1,1757,2502,-1
1845,0,48,1,0,4,1,1,1794,2511,2488
1847,0,52,0,0,4,1,1,1818,2520,-1
1848,0,47,1,2,4,1,1,1792,2578,2494
1849,0,50,1,1,4,1,1,1841,2565,2517
1854,0,49,1,0,4,1,1,1823,2543,2498
1856,0,48,0,0,4,1,1,1794,2514,-1
1857,0,48,1,0,5,1,0,1848,2552,2531
1858,0,52,0,0,4,1,1,1822,2526,-1
1860,0,47,0,0,4,1,1,1792,2532,-1
1862,0,51,1,2,4,1,1,1814,2569,2525
1865,0,49,0,0,4,1,1,1823,2531,-1
1871,0,50,0,0,4,1,1,1854,2543,-1
1874,0,51,1,1,4,1,1,1849,2669,2523
1875,0,48,0,0,4,1,1,1833,2541,-1
1877,0,52,1,1,4,1,1,1818,2580,2535
1878,0,50,1,0,4,1,1,1841,2564,2545
1879,0,52,1,2,4,1,1,1862,2604,2530
1881,0,51,0,0,4,1,1,1849,2555,-1
1882,0,53,1,0,5,1,0,1879,2590,2558
1884,0,51,1,0,4,1,1,1814,2593,2536
1885,0,49,0,0,5,1,0,1857,2552,-1
1887,0,52,1,2,4,1,1,1874,2688,2604
1888,0,52,1,2,4,1,1,1862,2596,2540
1889,0,53,1,0,4,1,1,1877,2594,2542
1890,0,48,1,0,4,1,1,1848,2580,2550
1891,0,53,1,0,4,1,1,1888,2589,2559
1893,0,52,0,0,4,1,1,1818,2572,-1
1894,0,51,0,0,4,1,1,1878,2564,-1
1895,0,52,0,0,4,1,1,1862,2569,-1
1896,0,53,0,0,4,1,1,1877,2580,-1
1897,0,51,0,0,4,1,1,1814,2569,-1
1901,0,50,1,2,4,1,1,1841,2601,2559
1902,0,49,0,0,4,1,1,1890,2580,-1
1903,0,48,0,0,4,1,1,1848,2576,-1
1904,0,51,1,1,4,1,1,1901,2628,2564
1905,0,52,0,0,4,1,1,1884,2593,-1
1907,0,53,1,1,4,1,1,1879,2605,2569
1908,0,54,0,0,5,1,0,1882,2590,-1
1909,0,53,1,1,4,1,1,1888,2620,2569
1910,0,50,1,3,4,1,1,1841,2705,2580
1911,0,54,0,0,4,1,1,1891,2589,-1
1915,0,54,1,6,4,1,1,1907,2769,2575
1916,0,54,1,2,4,1,1,1909,2641,2583
1917,0,52,1,0,4,1,1,1904,2617,2603
1918,0,51,1,4,4,1,1,1901,2781,2575
1920,0,53,0,0,4,1,1,1879,2595,-1
1926,0,51,1,0,4,1,1,1910,2612,2587
1927,0,54,0,0,4,1,1,1907,2605,-1
1928,0,51,0,0,4,1,1,1901,2601,-1
1929,0,55,1,0,4,1,1,1916,2628,2599
1930,0,52,0,0,4,1,1,1926,2612,-1
1931,0,52,1,4,4,1,1,1918,2721,2630
1932,0,54,0,0,4,1,1,1909,2620,-1
1936,0,50,1,0,4,1,1,1841,2667,2615
1939,0,55,1,3,4,1,1,1915,2667,2603
1940,0,56,0,0,4,1,1,1929,2628,-1
1942,0,56,1,2,4,1,1,1939,2709,2614
1945,0,53,1,0,4,1,1,1887,2646,2626
1946,0,55,1,0,4,1,1,1916,2654,2614
1947,0,55,1,0,4,1,1,1915,2644,2614
1948,0,52,0,0,4,1,1,1874,2669,-1
1950,0,56,0,0,4,1,1,1947,2644,-1
1951,0,51,1,0,4,1,1,1910,2672,2643
1953,0,55,1,1,4,1,1,1915,2669,2625
1955,0,56,1,1,4,1,1,1939,2663,2625
1956,0,55,0,0,4,1,1,1916,2641,-1
1957,0,50,0,0,4,1,1,1841,2643,-1
1958,0,51,0,0,4,1,1,1936,2659,-1
1959,0,56,1,1,4,1,1,1953,2680,2629
1960,0,57,1,0,4,1,1,1955,2666,2634
1961,0,54,0,0,4,1,1,1945,2646,-1
1963,0,57,1,0,4,1,1,1959,2667,2640
1964,0,55,1,4,4,1,1,1915,2768,2641
1965,0,56,1,2,4,1,1,1939,2793,2639
1966,0,53,1,0,4,1,1,1887,2673,2659
1967,0,52,0,0,4,1,1,1918,2680,-1
1968,0,56,0,0,4,1,1,1953,2658,-1
1969,0,58,0,0,4,1,1,1960,2666,-1
1970,0,57,0,0,4,1,1,1955,2663,-1
1973,0,58,0,0,4,1,1,1963,2667,-1
1974,0,57,1,4,4,1,1,1942,2755,2665
1975,0,52,0,0,4,1,1,1951,2672,-1
1978,0,56,1,0,4,1,1,1964,2691,2664
1979,0,51,1,3,4,1,1,1910,2830,2657
1981,0,53,1,0,4,1,1,1931,2681,2661
1982,0,52,1,0,4,1,1,1979,2716,2700
1983,0,55,1,0,4,1,1,1915,2740,2714
1984,0,54,0,0,4,1,1,1981,2681,-1
1986,0,57,0,0,4,1,1,1978,2685,-1
1987,0,53,0,0,4,1,1,1887,2688,-1
1990,0,58,1,3,4,1,1,1974,2788,2675
1993,0,53,1,0,4,1,1,1931,2693,2672
1996,0,56,1,0,4,1,1,1964,2789,2696
1999,0,57,1,0,4,1,1,1942,2701,2676
2000,0,51,0,0,4,1,1,1910,2705,-1
2001,0,54,0,0,4,1,1,1993,2693,-1
2003,0,58,0,0,4,1,1,1999,2701,-1
2004,0,53,1,1,4,1,1,1931,2728,2683
2006,0,58,1,2,4,1,1,1974,2809,2705
2007,0,59,1,1,4,1,1,1990,2722,2686
2009,0,57,0,0,4,1,1,1942,2709,-1
2010,0,54,1,0,5,1,0,2004,2717,2697
2011,0,57,0,0,4,1,1,1965,2718,-1
2012,0,60,1,0,4,1,1,2007,2723,2692
2014,0,53,1,0,4,1,1,1931,2717,2694
2016,0,59,1,0,4,1,1,1990,2743,2710
2017,0,61,0,0,4,1,1,2012,2723,-1
2019,0,57,0,0,4,1,1,1996,2760,-1
2020,0,60,0,0,4,1,1,2007,2722,-1
2021,0,55,0,0,5,1,0,2010,2717,-1
2022,0,53,0,0,4,1,1,1931,2721,-1
2024,0,54,0,0,4,1,1,2004,2728,-1
2026,0,59,1,0,4,1,1,2006,2744,2716
2028,0,58,1,0,4,1,1,1974,2747,2716
2029,0,56,1,0,4,1,1,1964,2741,2719
2030,0,56,0,0,4,1,1,1983,2740,-1
2032,0,59,1,1,4,1,1,1990,2768,2722
2035,0,57,0,0,4,1,1,2029,2741,-1
2036,0,55,1,0,4,1,1,1915,2770,2725
2037,0,52,1,3,4,1,1,1918,2863,2725
2040,0,58,1,2,4,1,1,1974,2782,2729
2041,0,60,1,2,4,1,1,2032,2861,2731
2042,0,59,1,0,4,1,1,2006,2798,2771
2045,0,53,1,0,4,1,1,2037,2763,2739
2046,0,56,1,5,4,1,1,1964,2918,2730
2048,0,59,1,0,4,1,1,2040,2774,2742
2049,0,55,0,0,4,1,1,1915,2769,-1
2050,0,52,1,0,4,1,1,1918,2759,2745
2051,0,61,1,1,4,1,1,2041,2801,2770
2052,0,58,0,0,4,1,1,1974,2755,-1
2056,0,57,1,0,4,1,1,1965,2779,2747
2057,0,60,0,0,4,1,1,2048,2774,-1
2059,0,57,1,1,4,1,1,2046,2796,2765
2060,0,56,0,0,4,1,1,2036,2770,-1
2061,0,59,1,2,4,1,1,2040,2847,2753
2062,0,52,1,0,4,1,1,1918,2789,2756
2063,0,58,0,0,4,1,1,2056,2779,-1
2064,0,57,1,1,4,1,1,1965,2810,2758
2065,0,52,1,2,4,1,1,1979,2880,2780
2067,0,53,0,0,4,1,1,2062,2785,-1
2068,0,53,1,0,4,1,1,2037,2843,2800
2070,0,60,1,0,4,1,1,2061,2832,2805
2072,0,57,0,0,4,1,1,1965,2793,-1
2073,0,58,1,4,4,1,1,2064,2909,2769
2074,0,57,0,0,4,1,1,1996,2789,-1
2075,0,58,1,0,4,1,1,2059,2829,2770
2076,0,59,0,0,4,1,1,1990,2788,-1
2079,0,59,1,0,4,1,1,2073,2843,2802
2081,0,62,1,1,4,1,1,2051,2840,2775
2082,0,57,1,0,4,1,1,2046,2852,2782
2083,0,60,0,0,4,1,1,2042,2798,-1
2085,0,58,0,0,4,1,1,2064,2810,-1
2086,0,59,0,0,4,1,1,2006,2809,-1
2088,0,53,1,0,4,1,1,2065,2832,2792
2091,0,52,1,0,4,1,1,1979,2815,2790
2092,0,61,1,0,4,1,1,2041,2846,2819
2094,0,57,1,0,4,1,1,2046,2814,2793
2097,0,54,0,0,4,1,1,2088,2829,-1
2100,0,52,0,0,4,1,1,1979,2819,-1
2102,0,57,1,3,4,1,1,2046,2947,2804
2104,0,53,1,1,4,1,1,2065,2847,2811
2105,0,63,1,6,4,1,1,2081,3064,2810
2106,0,54,0,0,4,1,1,2068,2843,-1
2107,0,61,0,0,4,1,1,2070,2832,-1
2108,0,53,1,2,4,1,1,2037,2889,2811
2109,0,59,1,2,4,1,1,2073,2933,2816
2111,0,57,1,0,4,1,1,2046,2856,2826
2113,0,60,1,4,4,1,1,2061,2933,2815
2114,0,54,1,0,4,1,1,2104,2865,2829
2117,0,60,1,0,4,1,1,2109,2857,2826
2118,0,63,0,0,4,1,1,2081,2836,-1
2119,0,53,0,0,4,1,1,2037,2851,-1
2120,0,53,0,0,4,1,1,2065,2880,-1
2121,0,62,0,0,4,1,1,2092,2846,-1
2123,0,60,0,0,4,1,1,2061,2847,-1
2124,0,64,1,1,4,1,1,2105,2887,2829
2125,0,59,1,0,4,1,1,2073,2869,2841
2126,0,54,1,3,4,1,1,2108,2921,2831
2127,0,58,0,0,4,1,1,2111,2856,-1
2128,0,58,0,0,4,1,1,2082,2852,-1
2129,0,61,0,0,4,1,1,2117,2857,-1
2130,0,61,1,1,4,1,1,2113,2874,2845
2132,0,65,1,0,4,1,1,2124,2877,2855
2133,0,55,0,0,4,1,1,2114,2851,-1
2135,0,55,1,5,4,1,1,2126,3006,2857
2138,0,64,1,3,4,1,1,2105,3004,2856
2139,0,54,1,0,4,1,1,2108,2862,2842
2141,0,60,0,0,4,1,1,2125,2863,-1
2143,0,60,1,1,4,1,1,2109,2937,2900
2144,0,62,1,0,4,1,1,2130,2881,2850
2146,0,57,0,0,4,1,1,2046,2892,-1
2149,0,63,0,0,4,1,1,2144,2881,-1
2151,0,58,1,1,4,1,1,2102,2926,2878
2152,0,61,1,1,4,1,1,2113,2907,2867
2154,0,59,1,0,4,1,1,2073,2922,2875
2155,0,65,1,1,4,1,1,2138,2968,2902
2156,0,62,0,0,4,1,1,2130,2874,-1
2158,0,56,0,0,4,1,1,2135,2881,-1
2161,0,64,1,0,4,1,1,2105,2889,2867
2162,0,55,1,0,3,1,0,2126,2960,2867
2163,0,54,0,0,4,1,1,2108,2889,-1
2164,0,56,0,0,3,1,0,2162,2933,-1
2165,0,65,0,0,4,1,1,2161,2889,-1
2167,0,61,1,0,4,1,1,2113,2910,2877
2170,0,60,0,0,4,1,1,2154,2910,-1
2171,0,62,1,0,4,1,1,2152,2915,2883
2173,0,59,1,2,4,1,1,2151,2990,2883
2175,0,59,0,0,4,1,1,2073,2909,-1
2178,0,55,1,0,4,1,1,2126,2963,2890
2179,0,64,1,0,4,1,1,2105,2918,2890
2180,0,61,1,4,4,1,1,2113,3095,2893
2183,0,59,0,0,4,1,1,2151,2916,-1
2185,0,62,0,0,4,1,1,2152,2907,-1
2186,0,65,0,0,4,1,1,2179,2918,-1
2187,0,56,0,0,4,1,1,2178,2963,-1
2188,0,63,0,0,4,1,1,2171,2915,-1
2189,0,60,1,0,4,1,1,2173,2934,2914
2190,0,58,1,1,4,1,1,2102,2954,2896
2192,0,59,1,1,4,1,1,2190,2963,2924
2193,0,55,0,0,4,1,1,2126,2921,-1
2194,0,57,0,0,4,1,1,2046,2918,-1
2195,0,61,0,0,4,1,1,2113,2933,-1
2196,0,61,1,3,4,1,1,2143,3015,2905
2197,0,58,1,1,4,1,1,2102,2953,2919
2198,0,66,1,0,4,1,1,2155,2944,2925
2199,0,62,1,0,4,1,1,2196,2976,2932
2202,0,56,1,0,4,1,1,2135,2946,2914
2205,0,62,1,0,4,1,1,2180,2945,2916
2206,0,57,0,0,4,1,1,2202,2946,-1
2208,0,63,0,0,4,1,1,2205,2945,-1
2212,0,59,1,0,4,1,1,2197,2989,2924
2213,0,56,1,0,4,1,1,2135,2943,2925
2216,0,60,1,2,4,1,1,2173,3022,2947
2218,0,65,1,0,4,1,1,2138,2960,2953
2219,0,60,0,0,4,1,1,2212,2952,-1
2220,0,57,0,0,4,1,1,2213,2943,-1
2221,0,58,0,0,4,1,1,2102,2947,-1
2223,0,60,1,0,4,1,1,2192,2989,2937
2224,0,59,0,0,4,1,1,2190,2954,-1
2225,0,66,0,0,4,1,1,2155,2961,-1
2226,0,62,1,1,4,1,1,2180,3018,2942
2229,0,63,0,0,4,1,1,2199,2969,-1
2231,0,56,1,0,4,1,1,2135,2971,2944
2233,0,62,1,0,4,1,1,2196,2978,2943
2234,0,63,1,0,4,1,1,2226,2985,2953
2236,0,63,0,0,4,1,1,2233,2978,-1
2238,0,61,0,0,4,1,1,2223,2989,-1
2243,0,61,1,2,4,1,1,2216,3058,2952
2244,0,62,1,6,4,1,1,2180,3109,2984
2245,0,62,1,3,4,1,1,2196,3034,2965
2246,0,56,1,0,4,1,1,2135,3005,2959
2247,0,62,0,0,4,1,1,2243,2974,-1
2250,0,60,0,0,4,1,1,2173,2990,-1
2251,0,61,1,0,4,1,1,2216,3007,2986
2252,0,65,1,1,4,1,1,2138,3024,2964
2253,0,60,0,0,4,1,1,2212,2988,-1
2255,0,57,0,0,4,1,1,2246,3005,-1
2257,0,66,1,0,4,1,1,2252,3023,2994
2258,0,56,1,0,4,1,1,2135,2991,2970
2259,0,63,1,0,4,1,1,2245,2995,2972
2260,0,65,0,0,4,1,1,2138,2989,-1
2261,0,57,0,0,4,1,1,2258,2991,-1
2264,0,62,0,0,4,1,1,2196,3015,-1
2265,0,64,0,0,4,1,1,2259,2995,-1
2268,0,56,0,0,4,1,1,2135,3006,-1
2270,0,63,1,2,4,1,1,2245,3057,2994
2271,0,63,0,0,4,1,1,2226,3018,-1
2272,0,63,1,0,4,1,1,2244,3035,2993
2274,0,62,0,0,4,1,1,2251,3007,-1
2279,0,61,0,0,4,1,1,2216,3022,-1
2280,0,62,1,0,4,1,1,2243,3064,3003
2281,0,67,0,0,4,1,1,2257,3021,-1
2283,0,62,1,0,4,1,1,2180,3062,3043
2284,0,64,1,0,4,1,1,2105,3089,3016
2285,0,63,1,0,4,1,1,2244,3024,3004
2286,0,66,0,0,4,1,1,2252,3024,-1
2287,0,63,1,0,4,1,1,2245,3026,3005
2293,0,64,1,3,4,1,1,2270,3105,3013
2294,0,64,0,0,4,1,1,2272,3035,-1
2295,0,62,1,1,4,1,1,2243,3098,3014
2296,0,63,0,0,4,1,1,2245,3034,-1
2297,0,65,1,0,4,1,1,2293,3075,3049
2298,0,63,0,0,4,1,1,2280,3064,-1
2300,0,65,0,0,4,1,1,2284,3089,-1
2303,0,64,1,0,4,1,1,2270,3056,3032
2306,0,64,1,0,4,1,1,2105,3056,3035
2308,0,62,0,0,4,1,1,2243,3058,-1
2311,0,65,0,0,4,1,1,2303,3056,-1
2314,0,63,1,4,4,1,1,2244,3167,3042
2315,0,64,0,0,4,1,1,2105,3064,-1
2316,0,63,0,0,4,1,1,2283,3062,-1
2317,0,64,1,0,4,1,1,2314,3077,3049
2318,0,63,1,0,4,1,1,2244,3081,3053
2319,0,63,1,2,4,1,1,2295,3119,3053
2320,0,65,0,0,4,1,1,2317,3077,-1
2321,0,62,0,0,4,1,1,2180,3069,-1
2322,0,66,0,0,4,1,1,2297,3075,-1
2323,0,64,0,0,4,1,1,2318,3081,-1
2324,0,64,1,1,4,1,1,2319,3133,3061
2325,0,64,0,0,4,1,1,2314,3085,-1
2326,0,65,1,0,4,1,1,2293,3107,3066
2330,0,63,1,1,4,1,1,2244,3175,3064
2331,0,63,0,0,4,1,1,2295,3081,-1
2337,0,64,1,1,4,1,1,2319,3114,3081
2338,0,64,1,3,4,1,1,2330,3221,3140
2340,0,63,1,0,4,1,1,2244,3100,3074
2341,0,65,1,2,4,1,1,2324,3154,3089
2342,0,65,1,0,4,1,1,2293,3116,3077
2343,0,64,0,0,4,1,1,2340,3100,-1
2347,0,66,0,0,4,1,1,2342,3116,-1
2348,0,66,0,0,4,1,1,2326,3107,-1
2349,0,63,0,0,4,1,1,2244,3109,-1
2352,0,65,1,0,4,1,1,2337,3104,3086
2353,0,65,0,0,4,1,1,2293,3105,-1
2354,0,64,0,0,4,1,1,2319,3111,-1
2355,0,66,1,0,4,1,1,2341,3140,3100
2357,0,64,1,2,4,1,1,2314,3205,3099
2360,0,67,0,0,4,1,1,2355,3140,-1
2361,0,65,1,1,4,1,1,2357,3189,3137
2364,0,64,1,0,4,1,1,2314,3151,3110
2365,0,66,1,0,4,1,1,2341,3149,3123
2366,0,65,0,0,4,1,1,2324,3133,-1
2371,0,64,1,1,4,1,1,2314,3151,3121
2373,0,65,1,2,4,1,1,2371,3251,3126
2374,0,67,0,0,5,1,0,2365,3149,-1
2375,0,66,1,3,4,1,1,2373,3265,3147
2376,0,64,0,0,4,1,1,2314,3148,-1
2377,0,66,0,0,4,1,1,2341,3151,-1
2378,0,65,0,0,4,1,1,2371,3151,-1
2380,0,66,1,2,4,1,1,2361,3199,3142
2381,0,65,1,0,4,1,1,2338,3167,3145
2384,0,65,1,6,4,1,1,2357,3306,3150
2385,0,64,0,0,4,1,1,2330,3175,-1
2386,0,67,1,0,4,1,1,2375,3209,3185
2387,0,66,0,0,4,1,1,2361,3168,-1
2390,0,66,1,1,4,1,1,2384,3197,3164
2392,0,65,1,0,4,1,1,2338,3225,3175
2393,0,66,1,0,4,1,1,2373,3212,3200
2396,0,67,1,1,4,1,1,2380,3202,3160
2397,0,65,0,0,4,1,1,2357,3190,-1
2398,0,68,1,1,4,1,1,2396,3214,3172
2399,0,67,1,0,4,1,1,2390,3195,3172
2400,0,67,1,0,4,1,1,2380,3238,3171
2403,0,68,0,0,4,1,1,2400,3238,-1
2404,0,66,1,2,4,1,1,2384,3237,3177
2405,0,69,1,7,4,1,1,2398,3392,3197
2407,0,68,0,0,4,1,1,2399,3195,-1
2408,0,67,1,0,4,1,1,2404,3232,3192
2409,0,67,0,0,4,1,1,2380,3199,-1
2410,0,67,0,0,4,1,1,2390,3197,-1
2411,0,65,1,2,4,1,1,2338,3232,3186
2412,0,66,1,0,4,1,1,2384,3228,3203
2413,0,68,0,0,4,1,1,2386,3209,-1
2414,0,66,0,0,4,1,1,2392,3221,-1
2415,0,66,1,0,4,1,1,2411,3228,3191
2418,0,67,1,0,4,1,1,2375,3254,3198
2419,0,67,0,0,4,1,1,2415,3220,-1
2420,0,65,0,0,4,1,1,2338,3216,-1
2421,0,68,0,0,4,1,1,2408,3220,-1
2423,0,66,1,5,4,1,1,2411,3318,3201
2425,0,70,1,2,4,1,1,2405,3320,3206
2427,0,67,1,0,4,1,1,2404,3234,3206
2429,0,67,1,1,4,1,1,2423,3264,3219
2430,0,67,0,0,4,1,1,2412,3228,-1
2431,0,67,1,1,4,1,1,2375,3276,3234
2433,0,68,0,0,4,1,1,2427,3234,-1
2434,0,71,1,0,4,1,1,2425,3264,3241
2435,0,66,0,0,4,1,1,2411,3232,-1
2437,0,66,1,0,4,1,1,2384,3298,3256
2438,0,67,0,0,4,1,1,2404,3237,-1
2440,0,70,1,0,4,1,1,2405,3253,3229
2441,0,66,0,0,4,1,1,2373,3238,-1
2443,0,68,1,1,4,1,1,2429,3287,3229
2446,0,67,1,1,4,1,1,2423,3294,3229
2449,0,68,1,3,4,1,1,2446,3343,3251
2450,0,71,0,0,4,1,1,2440,3253,-1
2453,0,68,0,0,4,1,1,2418,3254,-1
2454,0,68,1,7,4,1,1,2431,3385,3238
2456,0,67,1,1,4,1,1,2423,3309,3241
2457,0,70,1,0,4,1,1,2405,3265,3256
2460,0,69,1,4,4,1,1,2454,3359,3266
2461,0,68,1,0,4,1,1,2456,3279,3251
2462,0,69,1,1,4,1,1,2443,3315,3249
2463,0,67,1,0,4,1,1,2423,3333,3283
2464,0,71,1,0,4,1,1,2425,3329,3280
2465,0,69,0,0,4,1,1,2461,3278,-1
2467,0,69,1,1,4,1,1,2449,3316,3270
2468,0,69,0,0,4,1,1,2443,3277,-1
2469,0,68,0,0,4,1,1,2431,3276,-1
2470,0,67,0,0,4,1,1,2437,3276,-1
2471,0,68,0,0,4,1,1,2446,3286,-1
2472,0,68,0,0,4,1,1,2456,3309,-1
2473,0,70,1,0,4,1,1,2462,3318,3284
2474,0,66,1,0,4,1,1,2384,3293,3267
2479,0,70,1,0,4,1,1,2460,3331,3284
2480,0,67,0,0,4,1,1,2474,3293,-1
2481,0,69,1,0,4,1,1,2454,3317,3277
2482,0,66,1,1,4,1,1,2384,3320,3278
2485,0,69,1,5,4,1,1,2449,3505,3300
2488,0,72,0,0,4,1,1,2464,3324,-1
2489,0,70,1,2,4,1,1,2467,3395,3288
2490,0,69,1,1,4,1,1,2454,3340,3288
2491,0,70,1,0,4,1,1,2405,3331,3304
2492,0,67,1,2,4,1,1,2482,3356,3297
2493,0,66,0,0,4,1,1,2384,3306,-1
2494,0,71,0,0,4,1,1,2425,3320,-1
2496,0,71,1,0,4,1,1,2489,3382,3353
2497,0,70,1,0,4,1,1,2490,3345,3310
2498,0,67,1,1,4,1,1,2423,3338,3295
2499,0,70,0,0,4,1,1,2462,3315,-1
2500,0,70,1,0,4,1,1,2460,3327,3295
2503,0,71,0,0,4,1,1,2473,3318,-1
2505,0,70,0,0,4,1,1,2467,3313,-1
2506,0,71,0,0,4,1,1,2479,3331,-1
2507,0,69,1,0,4,1,1,2454,3333,3299
2509,0,70,0,0,4,1,1,2507,3333,-1
2510,0,70,0,0,4,1,1,2485,3324,-1
2511,0,70,1,1,4,1,1,2460,3378,3305
2512,0,68,1,0,4,1,1,2498,3330,3308
2513,0,68,1,6,4,1,1,2492,3429,3316
2514,0,68,0,0,4,1,1,2463,3333,-1
2515,0,71,0,0,4,1,1,2491,3326,-1
2516,0,69,1,0,4,1,1,2454,3337,3310
2517,0,71,1,0,4,1,1,2511,3396,3356
2519,0,69,1,1,4,1,1,2449,3349,3314
2521,0,69,0,0,4,1,1,2512,3330,-1
2522,0,70,0,0,4,1,1,2516,3337,-1
2523,0,70,1,2,4,1,1,2405,3384,3325
2524,0,70,1,4,4,1,1,2460,3440,3328
2525,0,68,0,0,4,1,1,2498,3338,-1
2526,0,70,1,0,4,1,1,2519,3341,3324
2527,0,69,1,0,4,1,1,2513,3360,3332
2528,0,70,0,0,4,1,1,2490,3340,-1
2534,0,71,0,0,4,1,1,2497,3342,-1
2535,0,69,1,1,4,1,1,2454,3380,3336
2538,0,69,0,0,4,1,1,2449,3343,-1
2539,0,68,1,0,4,1,1,2492,3353,3328
2540,0,71,1,0,4,1,1,2523,3367,3336
2543,0,71,1,0,4,1,1,2524,3352,3332
2548,0,70,1,0,4,1,1,2405,3369,3336
2551,0,70,0,0,4,1,1,2527,3360,-1
2552,0,72,0,0,4,1,1,2543,3352,-1
2555,0,70,0,0,4,1,1,2460,3359,-1
2556,0,68,0,0,4,1,1,2492,3356,-1
2557,0,70,1,0,4,1,1,2485,3408,3340
2559,0,70,1,0,4,1,1,2535,3382,3345
2564,0,71,0,0,4,1,1,2557,3388,-1
2565,0,70,1,0,4,1,1,2405,3371,3361
2566,0,69,1,1,4,1,1,2454,3414,3347
2567,0,71,1,0,4,1,1,2523,3410,3348
2569,0,69,1,0,4,1,1,2513,3431,3356
2571,0,70,1,2,4,1,1,2566,3433,3387
2572,0,70,1,0,4,1,1,2485,3476,3401
2573,0,71,1,0,4,1,1,2524,3398,3353
2576,0,72,0,0,4,1,1,2496,3382,-1
2578,0,72,0,0,4,1,1,2517,3396,-1
2580,0,71,1,0,4,1,1,2524,3412,3382
2581,0,71,1,0,4,1,1,2489,3387,3364
2582,0,72,0,0,4,1,1,2567,3410,-1
2584,0,69,1,1,4,1,1,2513,3435,3367
2585,0,72,0,0,4,1,1,2581,3387,-1
2586,0,72,0,0,4,1,1,2573,3398,-1
2588,0,70,0,0,4,1,1,2405,3392,-1
2590,0,71,0,0,4,1,1,2489,3395,-1
2592,0,70,0,0,4,1,1,2569,3431,-1
2593,0,69,1,0,4,1,1,2513,3431,3382
2595,0,70,1,1,4,1,1,2584,3436,3392
2597,0,72,0,0,4,1,1,2580,3412,-1
2602,0,71,1,3,4,1,1,2571,3503,3392
2603,0,71,1,0,4,1,1,2524,3442,3393
2604,0,69,1,1,4,1,1,2513,3438,3393
2605,0,70,0,0,4,1,1,2593,3431,-1
2606,0,72,1,0,4,1,1,2602,3426,3400
2608,0,72,0,0,4,1,1,2603,3442,-1
2609,0,70,1,1,4,1,1,2604,3444,3410
2610,0,70,0,0,4,1,1,2566,3414,-1
2615,0,71,1,0,4,1,1,2571,3442,3406
2616,0,70,0,0,4,1,1,2584,3433,-1
2617,0,71,0,0,4,1,1,2524,3440,-1
2618,0,69,1,0,4,1,1,2513,3443,3404
2619,0,73,0,0,4,1,1,2606,3426,-1
2620,0,71,1,3,4,1,1,2595,3493,3411
2621,0,72,1,1,4,1,1,2602,3478,3425
2622,0,70,1,2,4,1,1,2485,3485,3412
2623,0,72,0,0,4,1,1,2615,3442,-1
2626,0,71,1,1,4,1,1,2609,3474,3415
2627,0,72,1,1,4,1,1,2620,3477,3424
2628,0,71,1,1,4,1,1,2622,3476,3434
2629,0,70,0,0,4,1,1,2604,3438,-1
2630,0,70,1,0,4,1,1,2485,3467,3436
2631,0,71,0,0,4,1,1,2609,3444,-1
2632,0,73,1,0,4,1,1,2627,3485,3451
2634,0,73,1,0,4,1,1,2621,3462,3434
2636,0,72,1,0,4,1,1,2620,3459,3434
2640,0,72,1,0,4,1,1,2628,3481,3439
2641,0,72,1,0,4,1,1,2626,3481,3442
2642,0,74,0,0,4,1,1,2634,3462,-1
2644,0,73,0,0,4,1,1,2636,3459,-1
2645,0,72,1,2,4,1,1,2602,3548,3455
2649,0,72,1,4,4,1,1,2620,3613,3463
2652,0,73,0,0,4,1,1,2641,3480,-1
2654,0,70,1,1,4,1,1,2485,3526,3475
2656,0,72,0,0,4,1,1,2628,3476,-1
2657,0,71,1,1,4,1,1,2622,3523,3453
2658,0,74,0,0,4,1,1,2632,3485,-1
2659,0,73,0,0,4,1,1,2627,3477,-1
2660,0,73,1,2,4,1,1,2645,3557,3479
2662,0,71,0,0,4,1,1,2622,3479,-1
2663,0,73,0,0,4,1,1,2640,3481,-1
2664,0,73,0,0,4,1,1,2621,3478,-1
2665,0,72,1,0,4,1,1,2657,3505,3481
2668,0,72,0,0,4,1,1,2602,3502,-1
2669,0,72,0,0,4,1,1,2620,3493,-1
2674,0,73,1,0,4,1,1,2649,3540,3492
2677,0,74,1,4,4,1,1,2660,3635,3495
2678,0,71,1,1,4,1,1,2654,3569,3485
2681,0,73,0,0,4,1,1,2665,3505,-1
2682,0,70,0,0,4,1,1,2485,3505,-1
2685,0,72,1,2,4,1,1,2678,3587,3491
2686,0,73,1,2,4,1,1,2645,3572,3519
2687,0,72,0,0,4,1,1,2657,3523,-1
2689,0,75,1,0,4,1,1,2677,3576,3517
2690,0,73,1,0,4,1,1,2649,3529,3506
2691,0,74,1,1,3,1,0,2660,3556,3525
2692,0,73,1,3,4,1,1,2685,3583,3508
2695,0,72,0,0,4,1,1,2678,3533,-1
2697,0,74,1,0,4,1,1,2692,3545,3515
2698,0,73,1,2,4,1,1,2649,3615,3518
2699,0,75,0,0,4,1,1,2697,3545,-1
2700,0,74,1,0,4,1,1,2698,3564,3532
2703,0,75,0,0,4,1,1,2677,3553,-1
2704,0,73,1,0,4,1,1,2649,3554,3529
2705,0,76,0,0,4,1,1,2689,3557,-1
2706,0,73,0,0,4,1,1,2645,3548,-1
2707,0,75,1,0,3,1,0,2691,3579,3529
2708,0,74,1,3,4,1,1,2686,3621,3530
2710,0,74,0,0,4,1,1,2704,3554,-1
2711,0,76,0,0,3,1,0,2707,3576,-1
2713,0,74,0,0,4,1,1,2660,3557,-1
2714,0,75,0,0,4,1,1,2700,3564,-1
2716,0,74,1,2,4,1,1,2692,3631,3543
2717,0,73,0,0,4,1,1,2649,3605,-1
2718,0,75,0,0,3,1,0,2691,3556,-1
2719,0,74,1,0,4,1,1,2686,3564,3541
2720,0,75,1,1,4,1,1,2708,3593,3555
2721,0,72,0,0,4,1,1,2678,3569,-1
2723,0,75,0,0,4,1,1,2716,3564,-1
2724,0,73,1,1,4,1,1,2685,3586,3555
2726,0,74,1,0,4,1,1,2698,3621,3578
2727,0,74,0,0,4,1,1,2686,3572,-1
2729,0,74,1,1,4,1,1,2692,3714,3554
2731,0,76,1,0,4,1,1,2720,3595,3560
2732,0,74,1,0,4,1,1,2724,3592,3560
2733,0,75,1,7,4,1,1,2677,3734,3561
2736,0,74,0,0,4,1,1,2692,3581,-1
2737,0,75,0,0,4,1,1,2732,3592,-1
2738,0,75,1,2,4,1,1,2729,3722,3628
2739,0,75,1,2,4,1,1,2708,3646,3578
2740,0,76,1,0,4,1,1,2733,3604,3572
2743,0,74,0,0,4,1,1,2724,3586,-1
2744,0,75,1,6,4,1,1,2677,3711,3572
2745,0,75,1,0,4,1,1,2716,3603,3572
2749,0,76,0,0,4,1,1,2744,3596,-1
2750,0,76,0,0,4,1,1,2745,3603,-1
2751,0,77,0,0,4,1,1,2740,3604,-1
2752,0,76,1,1,4,1,1,2739,3659,3591
2753,0,75,1,0,4,1,1,2677,3601,3583
2754,0,75,1,2,4,1,1,2716,3652,3601
2755,0,76,1,1,4,1,1,2733,3646,3594
2757,0,74,0,0,4,1,1,2698,3613,-1
2758,0,75,1,0,4,1,1,2708,3612,3589
2762,0,75,0,0,4,1,1,2726,3621,-1
2764,0,77,1,0,4,1,1,2752,3648,3617
2765,0,77,1,0,4,1,1,2755,3637,3600
2767,0,75,0,0,4,1,1,2708,3621,-1
2768,0,76,1,3,4,1,1,2739,3726,3621
2769,0,78,0,0,4,1,1,2765,3637,-1
2770,0,76,1,3,4,1,1,2733,3702,3647
2771,0,76,1,0,4,1,1,2754,3641,3608
2775,0,75,0,0,4,1,1,2716,3631,-1
2776,0,77,0,0,4,1,1,2771,3641,-1
2778,0,76,1,1,4,1,1,2754,3667,3619
2780,0,76,1,0,4,1,1,2744,3656,3623
2781,0,78,0,0,4,1,1,2764,3648,-1
2785,0,77,0,0,4,1,1,2780,3656,-1
2786,0,76,0,0,4,1,1,2754,3652,-1
2787,0,77,0,0,4,1,1,2752,3659,-1
2788,0,76,1,0,4,1,1,2738,3660,3633
2789,0,77,1,1,4,1,1,2778,3683,3636
2790,0,76,1,0,4,1,1,2744,3657,3634
2792,0,77,0,0,4,1,1,2790,3657,-1
2793,0,78,1,2,4,1,1,2789,3751,3642
2795,0,76,1,0,4,1,1,2738,3668,3644
2796,0,76,1,0,4,1,1,2744,3671,3645
2798,0,77,1,8,4,1,1,2768,3926,3647
2799,0,77,0,0,4,1,1,2778,3667,-1
2800,0,77,0,0,4,1,1,2795,3668,-1
2801,0,79,1,1,4,1,1,2793,3745,3697
2802,0,77,0,0,4,1,1,2796,3671,-1
2804,0,77,1,0,4,1,1,2770,3681,3651
2806,0,78,1,0,4,1,1,2798,3688,3660
2807,0,78,0,0,4,1,1,2789,3683,-1
2808,0,76,0,0,4,1,1,2738,3685,-1
2810,0,76,1,6,4,1,1,2733,3820,3657
2811,0,76,1,0,4,1,1,2744,3691,3657
2812,0,77,1,1,4,1,1,2768,3820,3687
2816,0,77,1,0,4,1,1,2770,3703,3662
2819,0,79,0,0,4,1,1,2806,3688,-1
2820,0,78,0,0,4,1,1,2816,3703,-1
2821,0,76,1,0,4,1,1,2733,3703,3683
2822,0,76,1,0,4,1,1,2744,3698,3668
2826,0,77,1,4,4,1,1,2770,3809,3674
2827,0,77,0,0,5,1,0,2822,3698,-1
2828,0,75,0,0,4,1,1,2729,3714,-1
2830,0,78,1,0,4,1,1,2798,3725,3708
2831,0,76,1,3,4,1,1,2744,3761,3679
2832,0,77,0,0,4,1,1,2770,3702,-1
2834,0,77,1,0,4,1,1,2810,3714,3690
2835,0,76,0,0,4,1,1,2744,3711,-1
2836,0,76,0,0,4,1,1,2738,3722,-1
2837,0,77,1,0,4,1,1,2831,3741,3703
2839,0,76,1,0,4,1,1,2733,3720,3694
2840,0,78,0,0,4,1,1,2834,3714,-1
2842,0,77,1,0,4,1,1,2768,3728,3698
2843,0,77,1,2,4,1,1,2810,3753,3712
2844,0,80,1,0,4,1,1,2801,3744,3722
2846,0,76,1,2,4,1,1,2733,3758,3705
2847,0,78,1,3,4,1,1,2826,3771,3705
2848,0,78,0,0,4,1,1,2842,3728,-1
2851,0,79,1,0,4,1,1,2793,3767,3722
2852,0,79,1,0,4,1,1,2847,3735,3712
2853,0,78,0,0,4,1,1,2837,3741,-1
2854,0,77,1,3,4,1,1,2831,3804,3722
2855,0,76,0,0,4,1,1,2733,3734,-1
2857,0,78,1,0,4,1,1,2826,3755,3727
2858,0,77,1,0,4,1,1,2846,3747,3717
2861,0,78,1,1,4,1,1,2798,3774,3720
2862,0,78,1,0,4,1,1,2843,3738,3721
2863,0,79,1,1,4,1,1,2847,3763,3725
2864,0,77,1,0,4,1,1,2810,3751,3723
2865,0,80,0,0,4,1,1,2852,3735,-1
2866,0,79,1,0,4,1,1,2861,3775,3750
2869,0,78,0,0,4,1,1,2858,3747,-1
2870,0,79,0,0,4,1,1,2862,3738,-1
2873,0,78,1,0,5,1,0,2854,3773,3758
2874,0,78,0,0,4,1,1,2864,3751,-1
2875,0,77,1,1,4,1,1,2846,3789,3728
2876,0,80,1,0,4,1,1,2863,3755,3742
2878,0,78,1,0,4,1,1,2843,3756,3732
2879,0,79,0,0,4,1,1,2857,3755,-1
2881,0,77,1,0,4,1,1,2831,3775,3733
2882,0,77,1,1,4,1,1,2810,3785,3738
2883,0,80,0,0,4,1,1,2851,3764,-1
2884,0,79,1,0,4,1,1,2847,3790,3738
2885,0,78,0,0,4,1,1,2881,3758,-1
2886,0,77,0,0,4,1,1,2846,3756,-1
2890,0,78,1,1,4,1,1,2882,3813,3753
2892,0,79,0,0,4,1,1,2847,3771,-1
2893,0,77,1,0,4,1,1,2810,3793,3755
2897,0,80,0,0,4,1,1,2884,3785,-1
2898,0,78,1,1,4,1,1,2875,3814,3755
2899,0,78,1,0,4,1,1,2812,3845,3791
2900,0,80,0,0,4,1,1,2866,3770,-1
2903,0,78,1,0,4,1,1,2798,3801,3777
2905,0,79,1,1,4,1,1,2890,3812,3780
2908,0,79,1,5,4,1,1,2898,3887,3760
2913,0,78,0,0,4,1,1,2882,3785,-1
2914,0,78,0,0,4,1,1,2893,3793,-1
2915,0,80,1,0,4,1,1,2908,3809,3782
2916,0,78,1,2,4,1,1,2826,3859,3770
2918,0,77,1,1,4,1,1,2810,3830,3787
2919,0,78,0,0,4,1,1,2875,3789,-1
2921,0,78,1,0,4,1,1,2854,3800,3768
2924,0,79,0,0,4,1,1,2921,3800,-1
2929,0,78,1,3,4,1,1,2854,3874,3781
2931,0,78,1,1,4,1,1,2826,3855,3781
2932,0,79,0,0,4,1,1,2903,3796,-1
2933,0,79,0,0,4,1,1,2898,3812,-1
2934,0,80,1,0,5,1,0,2905,3810,3791
2935,0,79,1,1,4,1,1,2929,3828,3791
2936,0,81,0,0,4,1,1,2915,3809,-1
2938,0,78,0,0,4,1,1,2826,3808,-1
2939,0,78,1,0,4,1,1,2918,3811,3792
2940,0,80,1,0,4,1,1,2908,3833,3810
2943,0,79,1,0,4,1,1,2916,3830,3795
2944,0,80,1,0,4,1,1,2935,3832,3811
2945,0,81,0,0,5,1,0,2934,3810,-1
2946,0,79,0,0,4,1,1,2939,3811,-1
2948,0,78,1,0,4,1,1,2798,3864,3827
2949,0,79,1,0,5,1,0,2929,3849,3803
2950,0,78,0,0,4,1,1,2812,3820,-1
2951,0,78,0,0,4,1,1,2918,3830,-1
2955,0,79,1,1,4,1,1,2916,3892,3806
2956,0,80,0,0,4,1,1,2943,3828,-1
2957,0,80,0,0,5,1,0,2949,3849,-1
2960,0,80,1,1,4,1,1,2955,3910,3859
2961,0,79,1,3,4,1,1,2931,3912,3811
2965,0,81,0,0,4,1,1,2940,3833,-1
2966,0,80,1,4,4,1,1,2961,3943,3816
2968,0,79,0,0,4,1,1,2916,3852,-1
2972,0,81,1,0,4,1,1,2966,3885,3860
2973,0,79,0,0,4,1,1,2931,3855,-1
2974,0,79,0,0,4,1,1,2899,3845,-1
2976,0,79,1,1,4,1,1,2929,3895,3834
2977,0,80,1,0,4,1,1,2908,3888,3831
2978,0,79,0,0,4,1,1,2948,3864,-1
2982,0,81,0,0,4,1,1,2977,3886,-1
2984,0,80,1,4,4,1,1,2908,3941,3842
2985,0,80,1,0,4,1,1,2961,3867,3844
2986,0,80,1,1,4,1,1,2976,3891,3856
2987,0,81,0,0,4,1,1,2985,3867,-1
2988,0,81,1,1,4,1,1,2984,3881,3860
2989,0,78,1,0,4,1,1,2798,3887,3859
2991,0,80,1,0,4,1,1,2908,3881,3853
2993,0,80,1,2,4,1,1,2961,3938,3855
2996,0,81,1,3,4,1,1,2986,4036,3861
2997,0,79,0,0,4,1,1,2929,3874,-1
2999,0,80,0,0,4,1,1,2908,3887,-1
3000,0,81,1,2,4,1,1,2960,3948,3879
3001,0,82,1,0,4,1,1,2988,3888,3865
3002,0,81,1,5,4,1,1,2993,4120,3892
3003,0,80,0,0,4,1,1,2976,3895,-1
3005,0,78,1,0,4,1,1,2798,3890,3870
3006,0,80,0,0,4,1,1,2955,3892,-1
3007,0,81,1,3,4,1,1,2966,3963,3871
3008,0,83,0,0,4,1,1,3001,3888,-1
3011,0,82,1,1,4,1,1,2996,3935,3898
3012,0,79,0,0,4,1,1,3005,3890,-1
3013,0,82,1,0,4,1,1,3007,3901,3881
3015,0,80,0,0,4,1,1,2961,3912,-1
3016,0,81,1,2,4,1,1,2984,4027,3879
3017,0,78,1,0,4,1,1,2798,3902,3891
3018,0,81,1,0,4,1,1,2966,3914,3882
3019,0,82,1,0,4,1,1,3000,3913,3884
3020,0,82,0,0,4,1,1,3016,3906,-1
3023,0,83,0,0,4,1,1,3013,3901,-1
3024,0,83,0,0,4,1,1,3019,3913,-1
3026,0,81,0,0,4,1,1,2960,3905,-1
3029,0,82,0,0,4,1,1,3018,3914,-1
3030,0,82,1,0,4,1,1,3007,3943,3915
3031,0,81,1,2,4,1,1,2984,3987,3898
3032,0,81,1,0,4,1,1,2966,3972,3893
3034,0,82,1,2,4,1,1,3000,3992,3894
3039,0,82,0,0,5,1,0,3032,3972,-1
3040,0,78,0,0,4,1,1,2798,3926,-1
3041,0,83,1,0,4,1,1,3011,3928,3903
3042,0,81,1,0,4,1,1,2993,3929,3903
3045,0,84,0,0,4,1,1,3041,3926,-1
3046,0,82,0,0,4,1,1,3042,3928,-1
3047,0,81,1,0,4,1,1,2984,3936,3909
3048,0,83,1,1,4,1,1,3034,3983,3921
3049,0,82,1,0,4,1,1,2996,3985,3940
3050,0,82,1,2,4,1,1,3031,4037,3951
3051,0,81,0,0,4,1,1,2993,3931,-1
3052,0,82,0,0,4,1,1,3047,3936,-1
3055,0,82,1,0,4,1,1,3016,3953,3924
3058,0,82,0,0,4,1,1,3000,3934,-1
3060,0,83,0,0,4,1,1,3030,3943,-1
3061,0,81,0,0,4,1,1,2984,3935,-1
3062,0,82,1,2,4,1,1,3007,4020,3927
3063,0,84,1,1,4,1,1,3048,3976,3926
3064,0,82,1,0,4,1,1,3002,3987,3949
3066,0,85,1,2,4,1,1,3063,4023,3949
3068,0,83,1,2,4,1,1,3062,3982,3940
3071,0,82,1,0,4,1,1,3016,3990,3970
3072,0,83,0,0,4,1,1,3055,3953,-1
3075,0,83,1,0,4,1,1,3034,3989,3964
3076,0,83,0,0,4,1,1,3049,3985,-1
3078,0,84,1,0,4,1,1,3068,3980,3952
3081,0,82,1,0,4,1,1,2996,3983,3956
3082,0,84,0,0,4,1,1,3048,3983,-1
3084,0,83,1,7,4,1,1,3062,4170,3985
3085,0,83,0,0,4,1,1,3064,3972,-1
3086,0,83,1,0,4,1,1,3050,3987,3956
3087,0,85,0,0,4,1,1,3078,3980,-1
3089,0,85,0,0,4,1,1,3063,3976,-1
3090,0,82,1,0,4,1,1,3002,4068,4038
3091,0,83,0,0,4,1,1,3081,3981,-1
3092,0,82,1,1,4,1,1,3031,4066,3962
3093,0,84,1,0,4,1,1,3068,3987,3963
3094,0,84,0,0,4,1,1,3086,3987,-1
3096,0,85,0,0,4,1,1,3093,3987,-1
3097,0,86,1,0,4,1,1,3066,4027,3968
3098,0,84,0,0,4,1,1,3075,3989,-1
3099,0,82,0,0,4,1,1,2996,3997,-1
3100,0,82,0,0,4,1,1,3031,3987,-1
3101,0,87,0,0,4,1,1,3097,4004,-1
3102,0,83,0,0,4,1,1,3034,3992,-1
3103,0,83,0,0,4,1,1,3071,3990,-1
3105,0,83,1,0,4,1,1,3092,4007,3985
3106,0,86,1,1,4,1,1,3066,4034,3979
3109,0,82,0,0,4,1,1,3016,4027,-1
3112,0,83,1,0,4,1,1,3050,4015,3986
3116,0,86,0,0,4,1,1,3066,4012,-1
3117,0,84,1,0,4,1,1,3084,4042,3991
3118,0,87,1,4,4,1,1,3106,4104,4003
3120,0,84,0,0,4,1,1,3112,4015,-1
3128,0,84,1,0,4,1,1,3084,4072,4005
3129,0,83,0,0,4,1,1,3092,4050,-1
3130,0,85,0,0,4,1,1,3117,4042,-1
3131,0,88,1,0,4,1,1,3118,4044,4008
3132,0,83,0,0,4,1,1,3050,4037,-1
3133,0,82,0,0,4,1,1,2996,4030,-1
3134,0,85,0,0,4,1,1,3128,4027,-1
3136,0,89,0,0,4,1,1,3131,4044,-1
3137,0,84,1,0,4,1,1,3084,4034,4016
3141,0,85,0,0,4,1,1,3137,4034,-1
3143,0,88,1,0,4,1,1,3118,4106,4027
3149,0,89,0,0,4,1,1,3143,4075,-1
3150,0,88,1,1,4,1,1,3118,4137,4045
3155,0,83,0,0,4,1,1,3090,4068,-1
3156,0,84,1,1,4,1,1,3084,4081,4046
3159,0,82,1,1,4,1,1,3002,4111,4049
3160,0,85,1,0,4,1,1,3156,4077,4051
3161,0,88,1,2,4,1,1,3118,4144,4055
3162,0,84,1,2,4,1,1,3084,4144,4079
3163,0,86,0,0,4,1,1,3160,4077,-1
3164,0,89,1,2,4,1,1,3150,4157,4072
3165,0,82,1,3,4,1,1,3002,4161,4076
3166,0,85,0,0,4,1,1,3156,4078,-1
3167,0,88,0,0,4,1,1,3118,4104,-1
3168,0,83,1,1,4,1,1,3159,4105,4070
3169,0,89,1,1,4,1,1,3161,4134,4071
3171,0,84,1,0,4,1,1,3168,4097,4075
3172,0,90,1,3,4,1,1,3169,4173,4097
3173,0,85,0,0,4,1,1,3171,4097,-1
3174,0,83,1,0,4,1,1,3165,4124,4081
3177,0,89,1,0,4,1,1,3161,4123,4100
3178,0,90,1,1,4,1,1,3164,4202,4096
3179,0,89,0,0,4,1,1,3150,4097,-1
3180,0,83,0,0,4,1,1,3159,4106,-1
3181,0,85,1,0,4,1,1,3162,4131,4099
3183,0,84,0,0,4,1,1,3168,4103,-1
3184,0,82,1,0,4,1,1,3002,4124,4087
3185,0,84,1,4,4,1,1,3084,4182,4090
3186,0,84,0,0,4,1,1,3174,4111,-1
3187,0,83,1,1,4,1,1,3165,4172,4118
3188,0,85,1,0,4,1,1,3185,4114,4098
3189,0,82,0,0,4,1,1,3002,4120,-1
3190,0,84,1,0,4,1,1,3084,4137,4113
3192,0,91,1,2,5,1,0,3178,4290,4137
3194,0,90,1,0,4,1,1,3164,4148,4107
3195,0,90,0,0,4,1,1,3169,4123,-1
3197,0,85,1,0,4,1,1,3185,4168,4118
3199,0,85,1,0,4,1,1,3162,4131,4110
3200,0,89,0,0,4,1,1,3161,4144,-1
3202,0,91,1,0,4,1,1,3172,4135,4117
3203,0,86,0,0,4,1,1,3181,4131,-1
3205,0,85,0,0,4,1,1,3190,4137,-1
3207,0,85,0,0,4,1,1,3162,4144,-1
3208,0,84,1,4,4,1,1,3187,4216,4130
3209,0,86,0,0,9,1,0,3197,4168,-1
3210,0,84,0,0,4,1,1,3084,4170,-1
3212,0,91,0,0,4,1,1,3194,4148,-1
3214,0,91,1,0,4,1,1,3172,4162,4128
3215,0,83,1,0,4,1,1,3165,4154,4129
3216,0,85,1,1,4,1,1,3185,4169,4129
3218,0,90,0,0,4,1,1,3164,4157,-1
3220,0,86,1,1,4,1,1,3216,4213,4150
3224,0,91,1,2,4,1,1,3172,4209,4141
3225,0,92,0,0,4,1,1,3214,4162,-1
3226,0,83,0,0,5,1,0,3165,4155,-1
3228,0,92,1,0,5,1,0,3192,4200,4155
3230,0,85,1,0,4,1,1,3185,4181,4146
3231,0,92,1,0,4,1,1,3224,4177,4150
3232,0,85,1,1,4,1,1,3208,4178,4148
3235,0,86,0,0,4,1,1,3230,4181,-1
3237,0,93,0,0,4,1,1,3231,4175,-1
3238,0,86,1,0,4,1,1,3232,4179,4158
3239,0,91,0,0,4,1,1,3172,4173,-1
3240,0,85,0,0,4,1,1,3185,4182,-1
3242,0,85,1,0,4,1,1,3208,4235,4159
3243,0,91,0,0,4,1,1,3178,4181,-1
3244,0,92,1,3,4,1,1,3224,4251,4177
3247,0,92,1,0,5,1,0,3192,4221,4198
3249,0,85,1,2,4,1,1,3208,4286,4171
3253,0,87,1,2,4,1,1,3220,4226,4175
3254,0,93,0,0,5,1,0,3228,4196,-1
3258,0,88,1,2,4,1,1,3253,4262,4180
3260,0,93,1,0,4,1,1,3244,4204,4183
3261,0,85,1,0,4,1,1,3208,4211,4182
3265,0,89,1,2,4,1,1,3258,4266,4205
3268,0,86,0,0,4,1,1,3261,4211,-1
3269,0,94,0,0,4,1,1,3260,4203,-1
3270,0,86,1,1,4,1,1,3249,4323,4218
3271,0,92,0,0,4,1,1,3224,4209,-1
3272,0,88,1,1,4,1,1,3253,4223,4191
3273,0,85,0,0,4,1,1,3208,4216,-1
3274,0,93,1,1,4,1,1,3244,4251,4213
3275,0,87,0,0,4,1,1,3220,4213,-1
3276,0,89,1,2,4,1,1,3272,4246,4197
3277,0,86,0,0,4,1,1,3242,4235,-1
3278,0,88,0,0,4,1,1,3253,4226,-1
3279,0,90,1,1,4,1,1,3276,4260,4203
3280,0,93,0,0,5,1,0,3247,4221,-1
3283,0,91,1,0,4,1,1,3279,4254,4220
3284,0,92,0,0,5,1,0,3192,4224,-1
3286,0,90,1,1,4,1,1,3265,4301,4213
3291,0,89,1,0,4,1,1,3258,4314,4216
3294,0,94,1,1,4,1,1,3274,4250,4218
3295,0,90,1,0,4,1,1,3276,4238,4218
3297,0,90,0,0,4,1,1,3291,4248,-1
3298,0,91,1,1,4,1,1,3286,4306,4237
3299,0,87,1,10,4,1,1,3270,4564,4223
3300,0,91,0,0,4,1,1,3295,4238,-1
3301,0,93,1,2,4,1,1,3244,4304,4224
3302,0,95,1,1,4,1,1,3294,4292,4227
3304,0,89,0,0,4,1,1,3258,4262,-1
3306,0,94,0,0,4,1,1,3274,4251,-1
3307,0,94,1,1,4,1,1,3301,4290,4262
3308,0,86,1,7,4,1,1,3249,4452,4264
3309,0,90,0,0,4,1,1,3276,4246,-1
3311,0,91,0,0,4,1,1,3279,4260,-1
3312,0,93,0,0,4,1,1,3244,4251,-1
3313,0,90,1,0,4,1,1,3265,4273,4237
3314,0,92,0,0,4,1,1,3283,4254,-1
3316,0,91,0,0,4,1,1,3313,4267,-1
3318,0,90,0,0,4,1,1,3265,4266,-1
3321,0,88,1,0,4,1,1,3299,4293,4253
3326,0,89,0,0,4,1,1,3321,4289,-1
3328,0,96,1,1,4,1,1,3302,4297,4264
3329,0,90,0,0,4,1,1,3291,4314,-1
3330,0,88,1,0,4,1,1,3299,4298,4264
3333,0,95,1,0,4,1,1,3307,4299,4267
3334,0,97,1,1,4,1,1,3328,4374,4268
3335,0,87,1,0,4,1,1,3308,4304,4269
3336,0,89,0,0,4,1,1,3330,4293,-1
3339,0,96,0,0,4,1,1,3333,4288,-1
3340,0,92,1,2,4,1,1,3298,4350,4272
3341,0,91,0,0,4,1,1,3286,4301,-1
3342,0,94,1,1,4,1,1,3301,4352,4278
3343,0,88,1,0,4,1,1,3299,4317,4276
3344,0,93,1,0,4,1,1,3340,4329,4305
3345,0,98,1,2,4,1,1,3334,4426,4340
3347,0,95,1,1,4,1,1,3342,4308,4282
3348,0,87,1,1,4,1,1,3308,4323,4284
3349,0,92,0,0,4,1,1,3298,4306,-1
3350,0,89,0,0,4,1,1,3343,4317,-1
3351,0,88,1,0,4,1,1,3299,4312,4289
3352,0,96,1,0,4,1,1,3347,4317,4290
3354,0,88,1,2,4,1,1,3348,4360,4303
3356,0,95,0,0,4,1,1,3342,4352,-1
3357,0,89,0,0,4,1,1,3351,4312,-1
3359,0,87,1,0,4,1,1,3308,4318,4294
3363,0,88,0,0,4,1,1,3359,4314,-1
3369,0,87,1,0,4,1,1,3308,4328,4305
3371,0,87,0,0,4,1,1,3270,4323,-1
3374,0,94,0,0,4,1,1,3344,4329,-1
3376,0,89,1,1,4,1,1,3354,4396,4323
3377,0,88,1,2,4,1,1,3299,4380,4319
3379,0,93,1,2,4,1,1,3340,4385,4316
3383,0,94,1,0,4,1,1,3379,4375,4330
3384,0,89,1,1,4,1,1,3377,4450,4324
3385,0,93,0,0,4,1,1,3340,4350,-1
3388,0,90,0,0,4,1,1,3384,4359,-1
3389,0,88,1,2,4,1,1,3299,4476,4394
3390,0,90,1,0,4,1,1,3376,4391,4344
3394,0,89,1,2,4,1,1,3354,4427,4334
3395,0,95,0,0,4,1,1,3383,4375,-1
3396,0,90,1,1,4,1,1,3394,4449,4387
3397,0,99,1,1,4,1,1,3345,4436,4344
3398,0,100,1,1,4,1,1,3397,4400,4355
3399,0,94,1,4,4,1,1,3379,4543,4355
3400,0,87,1,0,9,1,0,3308,4400,4363
3401,0,89,1,3,4,1,1,3377,4421,4352
3402,0,98,0,0,4,1,1,3334,4374,-1
3405,0,90,1,1,4,1,1,3401,4417,4358
3406,0,99,1,1,4,1,1,3345,4409,4382
3407,0,90,0,0,4,1,1,3376,4396,-1
3408,0,101,1,0,4,1,1,3398,4408,4360
3409,0,91,0,0,4,1,1,3390,4376,-1
3410,0,91,1,1,4,1,1,3405,4429,4367
3411,0,102,0,0,4,1,1,3408,4408,-1
3413,0,100,0,0,4,1,1,3397,4436,-1
3414,0,88,0,0,9,1,0,3400,4389,-1
3415,0,90,1,0,4,1,1,3401,4397,4370
3416,0,95,1,0,4,1,1,3399,4400,4371
3417,0,87,1,0,4,1,1,3308,4398,4373
3418,0,91,0,0,4,1,1,3415,4397,-1
3419,0,96,0,0,4,1,1,3416,4400,-1
3420,0,88,0,0,4,1,1,3417,4396,-1
3424,0,95,1,0,4,1,1,3399,4406,4396
3425,0,92,1,0,4,1,1,3410,4422,4386
3426,0,90,1,0,4,1,1,3401,4442,4388
3427,0,87,1,1,4,1,1,3308,4425,4386
3428,0,100,1,2,4,1,1,3406,4507,4387
3430,0,99,0,0,4,1,1,3345,4426,-1
3431,0,91,1,4,4,1,1,3396,4529,4396
3432,0,88,1,1,4,1,1,3427,4424,4395
3433,0,92,0,0,4,1,1,3410,4429,-1
3434,0,87,0,0,4,1,1,3308,4452,-1
3435,0,93,0,0,4,1,1,3425,4422,-1
3436,0,100,0,0,4,1,1,3406,4409,-1
3437,0,90,1,1,4,1,1,3394,4450,4398
3438,0,90,0,0,4,1,1,3401,4421,-1
3439,0,89,1,2,4,1,1,3389,4505,4411
3440,0,89,1,0,3,1,0,3432,4422,4401
3448,0,90,0,0,3,1,0,3440,4422,-1
3449,0,101,1,3,4,1,1,3428,4552,4440
3450,0,91,0,0,4,1,1,3396,4446,-1
3451,0,90,0,0,4,1,1,3394,4427,-1
3456,0,88,1,0,4,1,1,3299,4474,4439
3457,0,90,0,0,4,1,1,3439,4434,-1
3459,0,90,1,0,4,1,1,3384,4450,4421
3460,0,91,1,0,4,1,1,3437,4442,4422
3461,0,91,0,0,4,1,1,3459,4450,-1
3464,0,92,0,0,4,1,1,3431,4443,-1
3471,0,91,0,0,4,1,1,3437,4450,-1
3473,0,95,1,0,4,1,1,3399,4466,4455
3474,0,89,1,1,4,1,1,3389,4495,4438
3476,0,90,1,1,4,1,1,3474,4537,4466
3479,0,102,1,0,4,1,1,3449,4476,4449
3480,0,89,0,0,4,1,1,3456,4474,-1
3481,0,90,1,2,4,1,1,3439,4538,4454
3482,0,89,0,0,4,1,1,3389,4470,-1
3483,0,88,1,1,4,1,1,3299,4507,4450
3484,0,92,1,0,4,1,1,3431,4482,4452
3489,0,89,1,0,4,1,1,3483,4479,4455
3492,0,93,0,0,4,1,1,3484,4472,-1
3493,0,90,0,0,4,1,1,3489,4479,-1
3494,0,102,1,1,4,1,1,3449,4511,4460
3495,0,103,0,0,4,1,1,3479,4476,-1
3496,0,88,1,0,4,1,0,3299,4515,4496
3497,0,92,1,1,4,1,1,3431,4599,4464
3498,0,91,1,0,4,1,1,3481,4552,4478
3499,0,90,1,0,4,1,1,3439,4508,4465
3500,0,89,0,0,4,1,1,3483,4487,-1
3501,0,95,1,1,4,1,1,3399,4552,4509
3503,0,91,1,7,4,1,1,3476,4617,4503
3504,0,102,1,2,4,1,1,3449,4610,4520
3506,0,92,1,1,4,1,1,3431,4529,4475
3507,0,101,1,0,4,1,1,3428,4517,4478
3508,0,90,0,0,4,1,1,3439,4505,-1
3509,0,103,1,0,4,1,1,3494,4507,4488
3510,0,90,0,0,4,1,1,3474,4494,-1
3511,0,91,0,0,4,1,1,3499,4508,-1
3513,0,93,1,2,4,1,1,3506,4570,4496
3515,0,102,0,0,4,1,1,3507,4511,-1
3517,0,92,1,1,4,1,1,3431,4533,4486
3519,0,91,1,0,4,1,1,3481,4522,4501
3520,0,93,1,0,3,1,0,3517,4530,4490
3521,0,104,0,0,4,1,1,3509,4507,-1
3522,0,92,0,0,4,1,1,3498,4533,-1
3525,0,94,1,0,4,1,1,3513,4598,4528
3526,0,89,0,0,4,1,0,3496,4514,-1
3527,0,93,0,0,4,1,1,3517,4533,-1
3528,0,92,0,0,4,1,1,3519,4521,-1
3529,0,93,0,0,4,1,1,3506,4529,-1
3530,0,88,1,1,4,1,1,3299,4556,4524
3531,0,92,1,0,4,1,1,3503,4548,4508
3536,0,91,0,0,4,1,1,3481,4538,-1
3538,0,93,0,0,4,1,1,3531,4548,-1
3539,0,96,1,2,4,1,1,3501,4582,4522
3541,0,91,0,0,4,1,1,3476,4537,-1
3542,0,92,1,0,4,1,1,3503,4546,4519
3545,0,95,0,0,4,1,1,3399,4535,-1
3548,0,93,0,0,4,1,1,3542,4546,-1
3549,0,103,1,4,4,1,1,3504,4696,4539
3550,0,97,1,0,4,1,1,3539,4558,4527
3552,0,89,1,4,4,1,1,3530,4629,4529
3553,0,92,1,1,4,1,1,3503,4569,4530
3556,0,90,1,1,4,1,1,3552,4568,4535
3557,0,93,1,2,4,1,1,3553,4628,4539
3558,0,97,1,2,4,1,1,3539,4595,4537
3560,0,96,0,0,4,1,1,3501,4552,-1
3561,0,94,1,5,4,1,1,3513,4736,4541
3562,0,91,1,0,4,1,1,3556,4609,4548
3563,0,92,1,1,4,1,1,3503,4597,4557
3566,0,104,1,0,4,1,1,3549,4585,4549
3567,0,90,1,0,4,1,1,3552,4566,4546
3568,0,98,1,4,4,1,1,3558,4730,4556
3569,0,97,0,0,4,1,1,3539,4563,-1
3570,0,103,1,1,4,1,1,3504,4630,4575
3571,0,95,0,0,4,1,1,3525,4598,-1
3572,0,93,0,0,4,1,1,3553,4569,-1
3574,0,91,0,0,4,1,1,3567,4566,-1
3575,0,94,0,0,4,1,1,3513,4570,-1
3578,0,90,0,0,4,1,1,3552,4572,-1
3581,0,94,1,0,4,1,1,3557,4637,4586
3582,0,104,1,1,4,1,1,3549,4648,4606
3584,0,93,1,0,4,1,1,3563,4604,4569
3585,0,93,1,0,4,1,1,3497,4622,4563
3587,0,105,0,0,4,1,1,3566,4585,-1
3588,0,98,1,0,4,1,1,3558,4599,4567
3589,0,92,1,0,4,1,1,3503,4599,4569
3590,0,94,0,0,4,1,1,3585,4602,-1
3593,0,99,1,2,4,1,1,3568,4651,4580
3595,0,94,0,0,4,1,1,3584,4604,-1
3597,0,93,0,0,4,1,1,3589,4599,-1
3599,0,98,0,0,4,1,1,3558,4595,-1
3600,0,93,0,0,4,1,1,3563,4597,-1
3601,0,92,1,3,4,1,1,3503,4647,4580
3602,0,104,1,0,4,1,1,3570,4602,4585
3603,0,90,1,0,4,1,1,3552,4612,4584
3604,0,93,1,0,4,1,1,3601,4614,4585
3605,0,103,0,0,4,1,1,3504,4601,-1
3606,0,95,0,0,4,1,1,3561,4623,-1
3608,0,100,1,0,4,1,1,3593,4621,4593
3609,0,94,0,0,4,1,1,3604,4614,-1
3611,0,92,1,0,4,1,1,3503,4612,4591
3612,0,92,0,0,4,1,1,3562,4609,-1
3613,0,99,1,0,4,1,1,3568,4626,4594
3614,0,90,1,1,4,1,1,3552,4659,4595
3615,0,93,1,2,4,1,1,3601,4690,4604
3616,0,94,1,2,4,1,1,3557,4670,4596
3617,0,95,0,0,4,1,1,3581,4637,-1
3620,0,100,0,0,4,1,1,3613,4626,-1
3621,0,92,0,0,4,1,1,3503,4617,-1
3625,0,100,1,0,4,1,1,3593,4690,4628
3628,0,95,1,1,4,1,1,3616,4668,4605
3629,0,99,1,1,4,1,1,3568,4661,4605
3632,0,94,0,0,4,1,1,3557,4628,-1
3634,0,94,1,0,4,1,1,3615,4669,4631
3635,0,96,1,0,4,1,1,3628,4664,4635
3636,0,100,1,1,4,1,1,3629,4683,4625
3637,0,105,1,0,4,1,1,3582,4639,4613
3643,0,104,1,1,4,1,1,3549,4682,4642
3644,0,106,0,0,4,1,1,3637,4638,-1
3646,0,91,1,7,4,1,1,3614,4765,4618
3647,0,93,1,0,4,1,1,3601,4647,4619
3649,0,94,0,0,4,1,1,3647,4647,-1
3650,0,105,0,0,4,1,1,3582,4648,-1
3652,0,95,1,0,4,1,1,3616,4698,4637
3653,0,95,1,0,4,1,1,3561,4651,4628
3654,0,91,0,0,4,1,1,3614,4659,-1
3655,0,93,0,0,4,1,1,3601,4647,-1
3657,0,92,1,1,4,1,1,3646,4728,4632
3658,0,99,0,0,4,1,1,3568,4649,-1
3659,0,101,0,0,4,1,1,3625,4670,-1
3661,0,96,0,0,4,1,1,3653,4651,-1
3664,0,100,0,0,4,1,1,3629,4661,-1
3665,0,93,1,2,4,1,1,3657,4774,4692
3666,0,95,1,3,4,1,1,3561,4773,4639
3668,0,97,0,0,4,1,1,3635,4664,-1
3669,0,94,1,0,4,1,1,3615,4702,4644
3670,0,92,1,0,4,1,1,3646,4674,4643
3672,0,96,0,0,4,1,1,3628,4661,-1
3673,0,93,0,0,4,1,1,3670,4674,-1
3674,0,95,0,0,4,1,1,3669,4702,-1
3675,0,96,0,0,4,1,1,3652,4698,-1
3676,0,95,1,0,4,1,1,3561,4673,4650
3677,0,105,1,0,4,1,1,3643,4699,4650
3678,0,101,1,0,4,1,1,3636,4681,4659
3679,0,95,0,0,4,1,1,3634,4669,-1
3682,0,104,1,0,4,1,1,3549,4681,4654
3683,0,92,1,0,4,1,1,3646,4710,4654
3684,0,96,0,0,4,1,1,3676,4673,-1
3686,0,94,0,0,4,1,1,3615,4690,-1
3687,0,99,1,1,4,1,1,3568,4733,4697
3688,0,95,1,0,4,1,1,3561,4703,4662
3689,0,105,0,0,4,1,1,3643,4681,-1
3691,0,92,1,0,4,1,1,3646,4702,4681
3694,0,95,1,6,4,1,1,3561,4859,4688
3697,0,106,0,0,4,1,1,3677,4699,-1
3700,0,104,0,0,4,1,1,3549,4696,-1
3702,0,93,0,0,4,1,1,3691,4702,-1
3706,0,93,0,0,4,1,1,3683,4710,-1
3707,0,92,1,2,4,1,1,3646,4769,4719
3708,0,96,1,3,4,1,1,3694,4833,4692
3711,0,94,1,1,4,1,1,3665,4734,4701
3712,0,97,1,2,4,1,1,3708,4853,4773
3714,0,100,1,0,4,1,1,3687,4744,4702
3715,0,95,0,0,4,1,1,3561,4736,-1
3717,0,93,0,0,4,1,1,3657,4721,-1
3718,0,96,1,0,4,1,1,3694,4720,4703
3720,0,95,1,0,4,1,1,3711,4809,4705
3724,0,96,1,0,4,1,1,3666,4735,4707
3725,0,99,0,0,4,1,1,3568,4727,-1
3726,0,96,0,0,4,1,1,3720,4732,-1
3727,0,94,1,2,4,1,1,3665,4783,4739
3728,0,97,0,0,4,1,1,3724,4735,-1
3729,0,100,0,0,4,1,1,3687,4732,-1
3730,0,96,1,1,4,1,1,3694,4767,4714
3732,0,95,0,0,5,1,0,3711,4734,-1
3733,0,101,0,0,4,1,1,3714,4744,-1
3734,0,96,1,1,4,1,1,3666,4794,4718
3735,0,93,1,0,4,1,1,3707,4791,4734
3737,0,96,1,0,4,1,1,3694,4788,4762
3739,0,97,1,0,4,1,1,3730,4762,4730
3740,0,92,1,0,4,1,1,3646,4751,4731
3742,0,98,0,0,4,1,1,3739,4762,-1
3744,0,97,1,8,4,1,1,3734,5092,4754
3751,0,92,1,9,4,1,1,3646,4967,4742
3752,0,96,1,0,4,1,1,3666,4776,4744
3753,0,95,1,0,4,1,1,3727,4802,4744
3754,0,93,1,0,4,1,1,3707,4766,4746
3755,0,93,1,0,4,1,1,3751,4774,4747
3757,0,97,0,0,4,1,1,3752,4770,-1
3758,0,94,0,0,4,1,1,3665,4774,-1
3759,0,94,0,0,4,1,1,3755,4774,-1
3760,0,96,0,0,4,1,1,3753,4802,-1
3761,0,97,0,0,4,1,1,3730,4767,-1
3762,0,96,0,0,4,1,1,3666,4773,-1
3763,0,95,1,1,4,1,1,3727,4851,4766
3765,0,98,1,0,4,1,1,3744,4801,4763
3766,0,97,0,0,4,1,1,3734,4794,-1
3768,0,93,0,0,4,1,1,3751,4792,-1
3771,0,96,1,0,4,1,1,3763,4837,4810
3773,0,94,0,0,4,1,1,3735,4791,-1
3774,0,96,1,0,4,1,1,3694,4834,4815
3776,0,98,1,1,4,1,1,3744,4883,4801
3777,0,99,0,0,4,1,1,3765,4801,-1
3778,0,98,1,0,4,1,1,3712,4826,4793
3784,0,97,1,3,4,1,1,3708,4869,4791
3785,0,96,0,0,4,1,1,3720,4809,-1
3792,0,98,1,0,4,1,1,3784,4831,4800
3793,0,99,0,0,4,1,1,3778,4826,-1
3794,0,93,1,4,4,1,1,3751,4907,4800
3795,0,97,1,0,4,1,1,3708,4877,4802
3796,0,98,1,1,4,1,1,3712,4854,4806
3797,0,99,0,0,4,1,1,3792,4831,-1
3800,0,99,1,0,4,1,1,3776,4837,4806
3801,0,98,0,0,4,1,1,3795,4845,-1
3802,0,100,0,0,4,1,1,3800,4837,-1
3803,0,93,1,0,4,1,1,3751,4852,4811
3804,0,99,1,3,4,1,1,3796,4944,4818
3805,0,97,0,0,4,1,1,3708,4833,-1
3807,0,94,0,0,4,1,1,3803,4847,-1
3808,0,97,0,0,4,1,1,3771,4837,-1
3809,0,98,0,0,4,1,1,3712,4853,-1
3810,0,98,1,0,4,1,1,3784,4847,4820
3811,0,97,0,0,4,1,1,3774,4834,-1
3812,0,96,0,0,4,1,1,3763,4851,-1
3813,0,93,1,1,4,1,1,3751,4859,4830
3814,0,99,0,0,4,1,1,3810,4847,-1
3815,0,96,1,3,4,1,1,3694,4912,4826
3816,0,99,0,0,6,1,0,3796,4849,-1
3817,0,98,1,1,4,1,1,3744,4872,4848
3818,0,94,1,0,4,1,1,3794,4873,4840
3820,0,98,1,3,4,1,1,3784,4979,4831
3821,0,97,1,0,4,1,1,3815,4851,4838
3822,0,94,1,0,4,1,1,3813,4882,4835
3824,0,99,1,0,4,1,1,3820,4879,4854
3825,0,96,0,0,4,1,1,3694,4859,-1
3827,0,100,1,0,4,1,1,3804,4905,4875
3829,0,95,0,0,4,1,1,3822,4872,-1
3830,0,93,1,1,4,1,1,3751,4895,4852
3832,0,95,0,0,4,1,1,3818,4873,-1
3833,0,97,1,2,4,1,1,3815,4942,4850
3834,0,98,0,0,4,1,1,3784,4869,-1
3835,0,94,1,1,4,1,1,3794,4985,4851
3838,0,99,1,4,4,1,1,3817,4981,4853
3839,0,98,1,0,4,1,1,3833,4912,4870
3842,0,94,1,1,4,1,1,3830,4905,4857
3845,0,99,0,0,4,1,1,3776,4874,-1
3846,0,100,1,0,4,1,1,3838,4940,4864
3848,0,98,0,0,4,1,1,3795,4875,-1
3850,0,100,0,0,4,1,1,3824,4879,-1
3851,0,98,1,0,4,1,1,3744,4964,4880
3852,0,97,1,0,4,1,1,3815,4893,4870
3853,0,95,1,0,4,1,1,3842,4887,4872
3854,0,94,1,0,4,1,1,3794,4886,4863
3856,0,99,1,0,9,1,0,3820,4929,4922
3857,0,93,1,0,4,1,1,3751,4898,4868
3858,0,95,1,1,4,1,1,3835,4975,4935
3860,0,94,1,0,4,1,1,3794,4904,4875
3863,0,93,1,0,4,1,1,3751,4897,4879
3864,0,97,0,0,4,1,1,3815,4912,-1
3867,0,98,1,1,4,1,1,3833,4939,4882
3868,0,95,0,0,4,1,1,3842,4905,-1
3871,0,100,1,0,4,1,1,3804,4908,4886
3872,0,94,0,0,4,1,1,3794,4907,-1
3873,0,99,1,1,4,1,1,3867,4964,4918
3874,0,99,0,0,4,1,1,3839,4912,-1
3875,0,100,1,0,4,1,1,3838,4907,4887
3877,0,93,1,7,4,1,1,3751,5091,4890
3879,0,98,1,0,4,1,1,3744,4951,4908
3880,0,101,0,0,4,1,1,3871,4908,-1
3882,0,101,0,0,4,1,1,3875,4907,-1
3883,0,98,0,0,4,1,1,3833,4942,-1
3884,0,100,1,3,4,1,1,3804,4981,4911
3885,0,100,1,0,4,1,1,3838,4960,4929
3887,0,93,1,0,4,1,1,3751,4929,4903
3890,0,94,1,0,4,1,1,3877,4953,4908
3891,0,94,0,0,4,1,1,3887,4929,-1
3892,0,101,0,0,4,1,1,3846,4940,-1
3899,0,99,0,0,4,1,1,3879,4941,-1
3900,0,95,0,0,4,1,1,3890,4953,-1
3901,0,101,1,0,4,1,1,3884,4945,4917
3904,0,98,1,2,4,1,1,3744,5026,4946
3905,0,100,0,0,4,1,1,3804,4944,-1
3906,0,102,0,0,4,1,1,3901,4945,-1
3907,0,100,1,3,4,1,1,3873,5037,4923
3908,0,99,0,0,4,1,1,3851,4964,-1
3909,0,101,1,1,4,1,1,3884,5005,4928
3910,0,101,1,0,4,1,1,3907,4982,4948
3912,0,102,1,3,4,1,1,3909,5026,4976
3913,0,99,1,0,4,1,1,3820,4960,4934
3915,0,100,0,0,4,1,1,3873,4949,-1
3916,0,94,1,0,4,1,1,3877,4978,4954
3917,0,101,1,0,4,1,1,3884,4970,4940
3918,0,96,1,3,4,1,1,3858,5057,4940
3919,0,100,1,1,4,1,1,3838,4999,4940
3920,0,101,0,0,4,1,1,3885,4960,-1
3923,0,99,0,0,4,1,1,3820,4979,-1
3924,0,102,0,0,4,1,1,3917,4970,-1
3925,0,97,1,0,4,1,1,3918,5028,4968
3926,0,95,0,0,4,1,1,3835,4968,-1
3930,0,99,1,0,4,1,1,3904,4977,4962
3931,0,101,0,0,4,1,1,3884,4966,-1
3932,0,96,0,0,4,1,1,3858,4975,-1
3935,0,100,0,0,4,1,1,3838,4981,-1
3936,0,101,1,0,4,1,1,3907,4984,4959
3937,0,102,0,0,4,1,1,3910,4982,-1
3938,0,102,0,0,4,1,1,3936,4984,-1
3939,0,98,1,0,4,1,1,3744,5012,4975
3940,0,101,1,3,4,1,1,3919,5050,4965
3944,0,94,1,1,4,1,1,3877,5038,4965
3947,0,102,1,0,4,1,1,3940,4996,4971
3949,0,101,1,0,4,1,1,3907,5009,4986
3950,0,99,1,0,4,1,1,3904,5012,4974
3952,0,94,1,0,4,1,1,3877,5001,4975
3953,0,101,0,0,4,1,1,3919,4994,-1
3954,0,95,1,0,4,1,1,3944,5058,5000
3955,0,97,1,0,4,1,1,3918,5001,4979
3958,0,99,0,0,4,1,1,3939,4995,-1
3959,0,95,0,0,4,1,1,3952,5001,-1
3960,0,103,1,3,4,1,1,3912,5065,4981
3965,0,98,0,0,4,1,1,3955,5001,-1
3967,0,104,1,0,4,1,1,3960,5037,5004
3969,0,98,0,0,4,1,1,3744,5001,-1
3970,0,98,0,0,4,1,1,3925,5008,-1
3972,0,102,0,0,4,1,1,3909,5005,-1
3975,0,97,1,3,4,1,1,3918,5135,4996
3976,0,102,0,0,4,1,1,3949,5009,-1
3977,0,103,1,0,4,1,1,3912,5026,4994
3978,0,94,1,1,4,1,1,3877,5105,4992
3979,0,101,0,0,4,1,1,3907,5037,-1
3980,0,95,0,0,4,1,1,3978,5023,-1
3981,0,99,0,0,4,1,1,3904,5026,-1
3983,0,102,1,2,4,1,1,3940,5097,5003
3985,0,94,1,0,4,1,1,3877,5020,5003
3987,0,103,1,0,4,1,1,3912,5029,5007
3990,0,97,0,0,4,1,1,3918,5051,-1
3991,0,103,1,0,4,1,1,3983,5030,5007
3992,0,98,1,1,4,1,1,3975,5076,5034
3994,0,95,0,0,4,1,1,3944,5038,-1
3995,0,102,1,1,4,1,1,3940,5108,5013
3997,0,104,1,0,4,1,1,3960,5080,5015
3998,0,105,0,0,4,1,1,3967,5037,-1
4000,0,103,1,2,4,1,1,3983,5099,5031
4001,0,96,0,0,4,1,1,3954,5051,-1
4003,0,104,1,1,4,1,1,3960,5092,5037
4005,0,95,1,0,4,1,1,3978,5051,5029
4010,0,102,0,0,4,1,1,3940,5050,-1
4011,0,94,1,0,4,1,1,3877,5077,5051
4013,0,104,1,1,4,1,1,4000,5101,5036
4014,0,99,1,1,4,1,1,3992,5065,5038
4015,0,95,0,0,4,1,1,3978,5077,-1
4016,0,105,0,0,4,1,1,4013,5060,-1
4020,0,100,1,0,4,1,1,4014,5102,5046
4021,0,105,1,4,4,1,1,4003,5167,5049
4022,0,98,1,1,4,1,1,3975,5100,5065
4023,0,103,0,0,4,1,1,3983,5097,-1
4024,0,104,0,0,4,1,1,3960,5064,-1
4025,0,104,1,3,4,1,1,4000,5193,5068
4026,0,98,1,1,4,1,1,3744,5095,5059
4027,0,99,0,0,4,1,1,3992,5076,-1
4029,0,95,0,0,4,1,1,4011,5077,-1
4031,0,105,0,0,4,1,1,4003,5092,-1
4033,0,94,0,0,4,1,1,3877,5091,-1
4035,0,99,1,0,4,1,1,4026,5090,5063
4036,0,105,1,0,4,1,1,4013,5089,5070
4037,0,103,1,2,4,1,1,3995,5171,5065
4038,0,106,1,1,4,1,1,4021,5127,5075
4039,0,100,0,0,4,1,1,4035,5090,-1
4041,0,98,0,0,4,1,1,3744,5092,-1
4043,0,99,1,1,4,1,1,4022,5162,5073
4045,0,104,1,0,4,1,1,4037,5101,5072
4046,0,99,0,0,4,1,1,4026,5095,-1
4047,0,106,0,0,4,1,1,4036,5089,-1
4048,0,101,0,0,4,1,0,4020,5093,-1
4049,0,103,0,0,4,1,1,3995,5091,-1
4050,0,105,0,0,4,1,1,4045,5101,-1
4051,0,98,1,1,4,1,1,3975,5144,5109
4052,0,100,1,0,4,1,1,4043,5163,5145
4056,0,104,1,2,4,1,1,4037,5174,5121
4057,0,104,0,0,4,1,1,4000,5099,-1
4058,0,107,1,0,4,1,1,4038,5111,5100
4059,0,99,0,0,4,1,1,4022,5100,-1
4060,0,95,0,0,4,1,1,3978,5105,-1
4064,0,105,1,2,4,1,1,4025,5166,5124
4072,0,106,1,0,4,1,1,4021,5148,5120
4076,0,107,0,0,4,1,1,4038,5127,-1
4078,0,99,1,1,4,1,1,4051,5161,5115
4080,0,107,0,0,4,1,1,4072,5148,-1
4081,0,105,1,4,5,1,0,4056,5256,5127
4082,0,106,1,0,4,1,1,4064,5154,5129
4085,0,106,1,3,4,1,1,4021,5231,5140
4086,0,100,1,1,4,1,1,4078,5187,5134
4087,0,104,0,0,4,1,1,4037,5171,-1
4088,0,107,0,0,4,1,1,4082,5154,-1
4089,0,105,1,0,4,1,1,4025,5158,5138
4090,0,105,1,0,4,1,1,4056,5162,5138
4091,0,101,1,2,4,1,1,4086,5231,5161
4092,0,106,1,1,4,1,1,4064,5221,5140
4093,0,106,0,0,5,1,0,4081,5160,-1
4094,0,106,0,0,4,1,1,4090,5162,-1
4095,0,106,0,0,4,1,1,4089,5158,-1
4096,0,107,1,0,4,1,1,4085,5172,5146
4097,0,107,1,0,4,1,1,4092,5185,5167
4099,0,105,0,0,3,1,0,4056,5168,-1
4100,0,106,1,0,4,1,1,4021,5173,5151
4101,0,106,0,0,4,1,1,4064,5166,-1
4102,0,108,0,0,4,1,1,4096,5172,-1
4104,0,105,1,2,4,1,1,4025,5230,5164
4105,0,107,0,0,4,1,1,4100,5173,-1
4106,0,107,1,1,4,1,1,4085,5206,5157
4109,0,108,1,2,4,1,1,4106,5233,5162
4112,0,102,1,1,4,1,1,4091,5195,5165
4113,0,106,1,0,5,1,0,4081,5206,5175
4114,0,109,1,7,4,1,1,4109,5352,5187
4117,0,107,1,0,4,1,1,4085,5187,5168
4121,0,103,1,0,4,1,1,4112,5199,5170
4123,0,108,0,0,4,1,1,4106,5189,-1
4124,0,105,0,0,4,1,1,4025,5193,-1
4125,0,104,0,0,4,1,1,4121,5196,-1
4128,0,102,1,1,4,1,1,4091,5251,5178
4130,0,107,0,0,4,1,1,4092,5209,-1
4132,0,107,0,0,5,1,0,4113,5206,-1
4133,0,103,0,0,4,1,1,4112,5195,-1
4134,0,103,1,1,4,1,1,4128,5253,5208
4135,0,106,1,0,5,1,0,4081,5205,5194
4142,0,110,1,0,4,1,1,4114,5251,5219
4143,0,102,0,0,4,1,1,4091,5222,-1
4145,0,109,1,0,4,1,1,4109,5237,5198
4146,0,106,1,4,4,1,1,4104,5299,5201
4149,0,110,0,0,4,1,1,4145,5224,-1
4151,0,107,1,0,4,1,1,4146,5256,5229
4153,0,106,1,0,5,1,0,4081,5259,5212
4155,0,106,1,0,4,1,1,4104,5232,5211
4156,0,104,1,2,4,1,1,4134,5278,5213
4157,0,105,1,0,4,1,1,4156,5284,5241
4158,0,106,1,1,5,1,0,4081,5303,5234
4159,0,104,0,0,4,1,1,4134,5239,-1
4160,0,107,0,0,5,1,0,4153,5259,-1
4162,0,111,0,0,4,1,1,4142,5251,-1
4164,0,103,0,0,4,1,1,4128,5251,-1
4165,0,110,1,0,4,1,1,4114,5265,5230
4167,0,111,0,0,4,1,1,4165,5265,-1
4171,0,107,1,0,4,1,1,4146,5260,5240
4172,0,110,1,1,4,1,1,4114,5290,5241
4174,0,108,0,0,4,1,1,4171,5260,-1
4175,0,107,1,0,4,1,1,4146,5276,5250
4176,0,107,1,0,5,1,0,4158,5300,5263
4177,0,110,1,1,4,1,1,4114,5329,5252
4178,0,105,1,2,4,1,1,4156,5319,5260
4179,0,111,1,0,4,1,1,4172,5300,5263
4180,0,108,0,0,4,1,1,4175,5276,-1
4184,0,111,1,6,4,1,1,4177,5472,5303
4187,0,107,1,1,4,1,1,4146,5326,5262
4188,0,110,1,0,4,1,1,4114,5381,5294
4190,0,106,0,0,4,1,1,4157,5284,-1
4192,0,108,1,2,4,1,1,4187,5360,5267
4193,0,112,0,0,4,1,1,4179,5300,-1
4194,0,108,0,0,5,1,0,4176,5300,-1
4195,0,106,1,2,4,1,1,4178,5349,5270
4197,0,109,1,1,4,1,1,4192,5336,5289
4198,0,107,0,0,5,1,0,4158,5299,-1
4199,0,107,1,1,3,1,0,4195,5324,5294
4200,0,111,0,0,4,1,1,4172,5290,-1
4201,0,107,0,0,4,1,1,4146,5299,-1
4202,0,108,0,0,4,1,1,4187,5307,-1
4204,0,106,1,0,4,1,1,4178,5327,5281
4206,0,107,0,0,4,1,1,4204,5327,-1
4208,0,110,1,0,4,1,1,4197,5338,5298
4209,0,108,1,0,3,1,0,4199,5322,5297
4210,0,109,1,0,4,1,1,4192,5322,5300
4211,0,106,0,0,4,1,1,4178,5319,-1
4212,0,111,0,0,4,1,1,4208,5338,-1
4213,0,111,0,0,4,1,1,4188,5336,-1
4214,0,107,1,3,4,1,1,4195,5388,5313
4217,0,110,1,3,4,1,1,4114,5382,5305
4219,0,112,1,0,4,1,1,4184,5331,5308
4220,0,111,1,0,4,1,1,4217,5382,5318
4221,0,111,0,0,4,1,1,4177,5329,-1
4222,0,108,1,0,4,1,1,4214,5345,5338
4223,0,112,1,0,5,1,0,4184,5372,5335
4225,0,107,0,0,4,1,1,4195,5349,-1
4226,0,110,1,1,4,1,1,4114,5386,5327
4229,0,111,1,0,4,1,1,4217,5362,5328
4232,0,112,0,0,4,1,1,4220,5377,-1
4234,0,111,1,1,4,1,1,4226,5423,5339
4236,0,112,0,0,4,1,1,4229,5352,-1
4238,0,110,0,0,4,1,1,4114,5352,-1
4240,0,111,1,1,4,1,1,4217,5386,5343
4242,0,112,1,1,4,1,1,4234,5429,5383
4243,0,112,1,0,4,1,1,4184,5395,5346
4244,0,108,1,1,4,1,1,4214,5404,5349
4246,0,112,1,0,4,1,1,4240,5384,5358
4247,0,111,0,0,4,1,1,4226,5375,-1
4248,0,113,0,0,4,1,1,4243,5366,-1
4249,0,109,1,1,4,1,1,4244,5458,5365
4251,0,111,0,0,4,1,1,4217,5382,-1
4254,0,112,1,1,4,1,1,4184,5403,5357
4255,0,108,1,0,4,1,1,4214,5400,5359
4256,0,113,1,1,4,1,1,4254,5459,5373
4257,0,113,0,0,4,1,1,4246,5378,-1
4258,0,109,0,0,4,1,1,4255,5400,-1
4261,0,108,0,0,4,1,1,4214,5388,-1
4262,0,110,1,0,4,1,1,4249,5399,5378
4263,0,113,0,0,4,1,1,4243,5395,-1
4266,0,109,0,0,4,1,1,4244,5404,-1
4268,0,111,0,0,4,1,1,4262,5399,-1
4269,0,113,0,0,4,1,1,4254,5401,-1
4273,0,113,1,1,4,1,1,4242,5463,5389
4274,0,110,0,0,4,1,1,4249,5458,-1
4280,0,114,1,7,4,1,1,4273,5606,5419
4282,0,113,0,0,4,1,1,4242,5429,-1
4283,0,114,1,0,4,1,1,4256,5443,5418
4284,0,112,1,0,4,1,1,4184,5449,5431
4289,0,115,0,0,4,1,1,4283,5443,-1
4290,0,115,1,8,4,1,1,4280,5529,5423
4292,0,116,1,4,4,1,1,4290,5589,5433
4293,0,114,0,0,4,1,1,4273,5463,-1
4294,0,115,1,0,4,1,1,4280,5513,5434
4295,0,116,0,0,4,1,0,4294,5476,-1
4296,0,112,1,4,4,1,1,4184,5615,5442
4297,0,116,1,0,4,1,1,4290,5478,5444
4298,0,115,1,2,4,1,1,4280,5539,5445
4299,0,113,1,2,4,1,1,4296,5556,5455
4301,0,117,0,0,4,1,1,4297,5478,-1
4302,0,112,0,0,4,1,1,4184,5472,-1
4304,0,116,1,2,4,1,1,4290,5508,5455
4305,0,115,1,0,4,1,1,4280,5487,5460
4306,0,117,1,0,4,1,1,4304,5503,5462
4308,0,116,1,0,4,1,1,4290,5496,5466
4309,0,113,1,0,4,1,1,4296,5557,5501
4310,0,118,0,0,4,1,1,4306,5503,-1
4312,0,115,1,0,4,1,1,4280,5523,5491
4313,0,117,1,0,4,1,1,4304,5518,5473
4314,0,117,0,0,4,1,1,4308,5493,-1
4315,0,116,1,1,4,1,1,4290,5503,5477
4317,0,118,0,0,4,1,1,4313,5518,-1
4318,0,114,1,0,4,1,1,4299,5530,5481
4319,0,117,1,0,4,1,1,4315,5502,5483
4322,0,116,1,0,4,1,1,4298,5509,5483
4323,0,116,1,0,4,1,1,4290,5505,5487
4324,0,117,0,0,4,1,1,4322,5509,-1
4325,0,115,0,0,4,1,1,4318,5530,-1
4326,0,117,1,0,4,1,1,4292,5516,5493
4328,0,114,1,0,4,1,1,4299,5547,5492
4329,0,116,1,1,4,1,1,4298,5542,5494
4330,0,116,0,0,4,1,1,4294,5513,-1
4331,0,115,0,0,4,1,1,4328,5547,-1
4332,0,116,1,3,4,1,1,4290,5599,5498
4333,0,117,1,2,4,1,1,4329,5584,5515
4336,0,115,1,0,4,1,1,4280,5544,5502
4337,0,114,0,0,4,1,1,4299,5539,-1
4340,0,117,1,0,4,1,1,4332,5559,5522
4341,0,117,0,0,4,1,1,4292,5521,-1
4342,0,114,0,0,4,1,1,4309,5530,-1
4346,0,116,1,0,4,1,1,4290,5531,5510
4348,0,113,1,0,4,1,1,4296,5561,5512
4349,0,115,1,2,4,1,1,4280,5573,5515
4351,0,116,0,0,4,1,1,4298,5539,-1
4352,0,114,0,0,4,1,1,4348,5561,-1
4354,0,118,1,1,4,1,1,4333,5601,5536
4356,0,116,1,0,4,1,1,4349,5565,5523
4359,0,113,1,2,4,1,1,4296,5666,5577
4360,0,115,0,0,4,1,1,4280,5606,-1
4361,0,118,0,0,4,1,1,4340,5559,-1
4363,0,117,1,0,4,1,1,4292,5554,5532
4364,0,117,1,0,4,1,1,4332,5574,5532
4366,0,116,1,5,4,1,1,4349,5673,5534
4369,0,118,0,0,4,1,1,4363,5554,-1
4370,0,119,1,4,4,1,1,4354,5726,5545
4371,0,117,1,0,4,1,1,4292,5612,5543
4372,0,117,1,7,4,1,1,4332,5709,5570
4374,0,117,0,0,4,1,1,4356,5565,-1
4375,0,118,1,0,4,1,1,4333,5587,5551
4376,0,118,0,0,4,1,1,4371,5571,-1
4378,0,120,0,0,4,1,1,4370,5572,-1
4379,0,117,1,0,4,1,1,4366,5573,5553
4380,0,117,1,1,4,1,1,4292,5656,5561
4381,0,116,0,0,4,1,1,4349,5573,-1
4382,0,119,0,0,4,1,1,4354,5601,-1
4383,0,118,0,0,4,1,1,4379,5573,-1
4385,0,118,0,0,4,1,1,4333,5584,-1
4388,0,117,1,0,4,1,1,4366,5641,5581
4390,0,118,1,6,4,1,1,4380,5746,5588
4391,0,118,1,0,4,1,1,4372,5595,5574
4396,0,119,0,0,4,1,1,4391,5595,-1
4397,0,117,0,0,4,1,1,4332,5599,-1
4398,0,118,1,0,5,1,0,4372,5628,5601
4399,0,118,0,0,9,1,0,4388,5629,-1
4400,0,113,0,0,4,1,1,4296,5603,-1
4401,0,114,1,0,4,1,1,4359,5642,5607
4402,0,118,0,0,4,1,1,4371,5612,-1
4405,0,120,1,1,4,1,1,4370,5675,5602
4406,0,117,1,0,4,1,1,4366,5664,5592
4409,0,119,1,1,4,1,1,4390,5643,5596
4410,0,117,1,0,4,1,1,4366,5643,5610
4412,0,120,1,0,4,1,0,4409,5640,5609
4415,0,119,0,0,5,1,0,4398,5628,-1
4416,0,119,1,0,4,1,1,4390,5632,5607
4417,0,121,1,0,4,1,1,4405,5628,5611
4420,0,118,1,0,4,1,1,4372,5633,5612
4421,0,120,1,0,4,1,1,4370,5640,5618
4422,0,119,0,0,4,1,1,4420,5633,-1
4424,0,119,1,2,4,1,1,4390,5708,5631
4425,0,114,1,1,4,1,1,4359,5668,5618
4427,0,120,0,0,4,1,1,4409,5643,-1
4428,0,117,1,0,4,1,1,4366,5687,5621
4429,0,121,0,0,4,1,1,4405,5675,-1
4430,0,118,0,0,4,1,1,4406,5664,-1
4431,0,115,1,3,4,1,1,4425,5741,5624
4432,0,121,0,0,4,1,1,4421,5640,-1
4433,0,118,1,0,4,1,1,4372,5656,5627
4434,0,118,0,0,4,1,1,4380,5656,-1
4435,0,114,0,0,4,1,1,4359,5666,-1
4436,0,120,1,0,4,1,1,4370,5668,5639
4437,0,116,1,1,4,1,1,4431,5718,5663
4438,0,117,0,0,4,1,1,4366,5649,-1
4441,0,119,0,0,4,1,1,4433,5656,-1
4444,0,118,1,2,4,1,1,4372,5817,5638
4445,0,120,1,0,4,1,1,4424,5710,5665
4446,0,119,1,0,4,1,1,4390,5700,5656
4447,0,119,1,0,4,1,1,4444,5726,5703
4448,0,118,0,0,4,1,1,4428,5687,-1
4449,0,115,0,0,4,1,1,4425,5668,-1
4453,0,121,0,0,4,1,1,4436,5668,-1
4457,0,118,1,1,4,1,1,4372,5701,5666
4458,0,120,1,1,4,1,1,4370,5758,5674
4460,0,120,0,0,4,1,1,4446,5700,-1
4462,0,119,1,0,4,1,1,4390,5711,5667
4463,0,117,1,0,4,1,1,4437,5734,5689
4466,0,119,1,0,4,1,1,4457,5692,5671
4469,0,116,1,0,4,1,1,4431,5699,5675
4470,0,120,1,0,4,1,1,4424,5708,5676
4471,0,120,0,0,4,1,1,4466,5692,-1
4472,0,118,1,1,4,1,1,4372,5725,5677
4473,0,119,1,0,4,1,1,4390,5697,5681
4475,0,121,1,6,4,1,1,4458,5822,5680
4477,0,117,0,0,4,1,1,4469,5694,-1
4478,0,120,0,0,4,1,1,4462,5711,-1
4479,0,121,0,0,4,1,1,4470,5708,-1
4480,0,119,0,0,4,1,1,4457,5701,-1
4481,0,119,1,2,4,1,1,4472,5766,5682
4482,0,122,1,1,4,1,1,4475,5758,5685
4483,0,116,0,0,4,1,1,4431,5702,-1
4484,0,120,0,0,4,1,1,4424,5708,-1
4485,0,120,1,0,4,1,1,4481,5728,5702
4486,0,123,1,2,4,1,1,4482,5785,5724
4487,0,118,0,0,4,1,1,4372,5709,-1
4488,0,121,0,0,4,1,1,4458,5718,-1
4489,0,121,0,0,4,1,1,4445,5708,-1
4491,0,119,0,0,4,1,1,4390,5746,-1
4492,0,119,0,0,4,1,1,4472,5725,-1
4493,0,120,0,0,4,1,1,4370,5726,-1
4495,0,117,0,0,4,1,1,4437,5718,-1
4500,0,121,0,0,4,1,1,4485,5728,-1
4501,0,120,0,0,4,1,1,4447,5726,-1
4504,0,118,0,0,4,1,1,4463,5734,-1
4505,0,120,0,0,4,1,1,4481,5728,-1
4508,0,116,1,2,4,1,1,4431,5765,5713
4512,0,116,0,0,4,1,1,4431,5741,-1
4513,0,119,1,1,4,1,1,4444,5794,5738
4514,0,124,1,0,4,1,1,4486,5766,5741
4515,0,117,1,2,4,1,1,4508,5781,5731
4518,0,122,1,1,4,1,1,4475,5773,5732
4521,0,121,0,0,4,1,1,4458,5758,-1
4523,0,120,1,1,4,1,1,4481,5765,5733
4524,0,118,1,1,4,1,1,4515,5779,5745
4525,0,123,1,0,4,1,1,4518,5766,5737
4526,0,123,0,0,4,1,1,4482,5758,-1
4527,0,121,1,2,4,1,1,4523,5814,5738
4529,0,124,0,0,4,1,1,4525,5764,-1
4530,0,117,1,4,4,1,1,4508,5877,5742
4531,0,122,1,3,4,1,1,4527,5876,5752
4532,0,120,1,5,4,1,1,4513,5867,5748
4535,0,125,0,0,4,1,1,4514,5766,-1
4536,0,120,0,0,4,1,1,4481,5766,-1
4537,0,119,0,0,4,1,1,4444,5770,-1
4538,0,119,1,1,4,1,1,4524,5791,5751
4540,0,122,1,6,4,1,1,4475,5984,5751
4541,0,124,1,1,4,1,1,4486,5784,5752
4542,0,121,1,0,4,1,1,4532,5787,5755
4543,0,118,1,0,4,1,1,4515,5775,5756
4544,0,125,1,2,4,1,1,4541,5870,5758
4545,0,120,1,0,4,1,1,4538,5798,5776
4546,0,123,1,0,4,1,1,4531,5799,5765
4547,0,123,1,0,4,1,1,4540,5818,5765
4548,0,122,0,0,4,1,1,4542,5787,-1
4549,0,122,1,0,4,1,1,4475,5784,5762
4553,0,124,0,0,4,1,1,4486,5781,-1
4554,0,120,0,0,4,1,1,4513,5794,-1
4555,0,121,1,3,4,1,1,4532,5855,5768
4556,0,123,0,0,4,1,1,4549,5784,-1
4557,0,122,1,2,4,1,1,4527,5840,5771
4562,0,118,1,1,4,1,1,4530,5820,5772
4565,0,124,0,0,4,1,1,4546,5799,-1
4566,0,126,1,2,4,1,1,4544,5869,5782
4567,0,123,1,0,4,1,1,4557,5834,5783
4568,0,119,1,1,3,1,0,4562,5816,5792
4570,0,122,1,0,4,1,1,4475,5815,5783
4571,0,123,1,1,4,1,1,4540,5908,5845
4572,0,123,1,0,4,1,1,4531,5834,5808
4574,0,121,0,0,4,1,1,4545,5798,-1
4575,0,121,1,0,4,1,1,4532,5827,5790
4577,0,124,0,0,4,1,1,4547,5818,-1
4580,0,127,1,0,4,1,1,4566,5843,5795
4585,0,122,1,0,4,1,1,4555,5820,5791
4587,0,126,1,0,4,1,1,4544,5815,5792
4588,0,123,0,0,4,1,1,4570,5815,-1
4589,0,122,1,0,4,1,1,4475,5814,5796
4590,0,122,0,0,4,1,1,4575,5825,-1
4591,0,119,0,0,4,1,1,4444,5817,-1
4593,0,123,0,0,4,1,1,4585,5820,-1
4594,0,120,1,0,3,1,0,4568,5821,5797
4596,0,121,0,0,3,1,0,4594,5821,-1
4598,0,123,1,3,4,1,1,4557,5956,5803
4599,0,126,0,0,4,1,1,4544,5818,-1
4600,0,128,0,0,4,1,1,4580,5843,-1
4602,0,122,1,0,4,1,1,4555,5868,5816
4603,0,121,1,0,4,1,1,4532,5836,5805
4604,0,118,1,3,4,1,1,4530,5940,5810
4605,0,119,0,0,4,1,1,4562,5820,-1
4606,0,122,0,0,4,1,1,4603,5833,-1
4607,0,124,0,0,4,1,1,4572,5834,-1
4608,0,123,0,0,4,1,1,4557,5840,-1
4609,0,121,1,1,4,1,1,4532,5880,5820
4613,0,123,1,1,4,1,1,4531,5873,5839
4617,0,118,1,0,4,1,1,4530,5863,5832
4620,0,119,1,1,4,1,1,4604,5969,5863
4621,0,127,1,1,4,1,1,4566,5879,5851
4625,0,122,1,0,4,1,1,4609,5862,5839
4629,0,122,1,0,4,1,1,4555,5858,5827
4630,0,123,0,0,4,1,1,4602,5868,-1
4631,0,124,1,0,4,1,1,4598,5899,5864
4633,0,121,0,0,4,1,1,4532,5867,-1
4634,0,123,0,0,4,1,1,4629,5858,-1
4637,0,119,0,0,4,1,1,4617,5860,-1
4639,0,118,1,0,4,1,1,4530,5869,5843
4640,0,124,1,0,4,1,1,4613,5864,5848
4641,0,123,0,0,4,1,1,4625,5862,-1
4644,0,124,1,0,4,1,1,4571,5889,5850
4645,0,122,0,0,4,1,1,4609,5880,-1
4646,0,126,0,0,4,1,1,4544,5870,-1
4647,0,118,0,0,4,1,1,4530,5877,-1
4648,0,125,0,0,4,1,1,4644,5889,-1
4649,0,123,1,4,4,1,1,4540,6036,5877
4650,0,128,1,1,4,1,1,4621,5955,5856
4653,0,124,0,0,4,1,1,4571,5908,-1
4657,0,120,1,1,4,1,1,4620,5963,5930
4663,0,129,1,3,4,1,1,4650,5937,5875
4664,0,124,1,2,4,1,1,4598,5959,5875
4667,0,119,1,0,4,1,1,4604,5906,5878
4669,0,125,1,1,4,1,1,4664,5926,5884
4670,0,130,1,0,4,1,1,4663,5909,5880
4674,0,120,0,0,4,1,1,4667,5906,-1
4675,0,125,0,0,4,1,1,4631,5899,-1
4678,0,131,0,0,4,1,1,4670,5909,-1
4679,0,124,1,0,4,1,1,4649,5952,5917
4680,0,124,0,0,4,1,1,4598,5904,-1
4681,0,119,1,0,4,1,1,4604,5916,5899
4682,0,126,1,1,4,1,1,4669,5962,5894
4683,0,130,1,1,4,1,1,4663,5992,5897
4685,0,125,1,1,4,1,1,4664,5965,5927
4686,0,123,1,1,4,1,1,4540,5950,5915
4687,0,127,1,0,4,1,1,4682,5930,5902
4689,0,120,0,0,4,1,1,4681,5916,-1
4690,0,128,0,0,4,1,1,4687,5930,-1
4691,0,130,1,1,4,1,1,4663,6010,5911
4692,0,126,0,0,4,1,1,4669,5926,-1
4693,0,119,0,0,4,1,1,4604,5940,-1
4696,0,127,0,0,4,1,1,4682,5954,-1
4697,0,131,1,0,4,1,1,4683,5944,5918
4699,0,124,1,2,4,1,1,4598,6002,5917
4700,0,131,0,0,4,1,1,4691,5955,-1
4702,0,125,0,0,4,1,1,4679,5952,-1
4703,0,130,0,0,4,1,1,4663,5937,-1
4704,0,125,1,0,4,1,1,4699,5963,5929
4705,0,132,0,0,4,1,1,4697,5939,-1
4706,0,129,0,0,4,1,1,4650,5947,-1
4707,0,123,1,2,4,1,1,4540,6043,5933
4708,0,124,1,0,4,1,1,4649,5961,5928
4709,0,124,0,0,4,1,1,4598,5956,-1
4711,0,126,1,0,4,1,1,4685,5949,5932
4712,0,125,0,0,4,1,1,4708,5961,-1
4713,0,126,0,0,4,1,1,4704,5963,-1
4714,0,124,1,1,4,1,1,4686,5972,5935
4717,0,121,1,0,4,1,1,4657,5963,5935
4718,0,127,0,0,4,1,1,4711,5949,-1
4719,0,125,0,0,4,1,1,4664,5959,-1
4720,0,124,1,1,4,1,1,4707,5988,5938
4721,0,124,1,1,4,1,1,4649,5978,5942
4722,0,122,0,0,4,1,1,4717,5963,-1
4723,0,125,1,0,3,1,0,4714,5960,5946
4724,0,120,0,0,4,1,1,4620,5969,-1
4726,0,126,0,0,4,1,1,4685,5965,-1
4727,0,125,1,1,4,1,1,4720,5988,5951
4728,0,125,1,1,4,1,1,4699,6004,5955
4729,0,123,1,3,4,1,1,4540,6022,5953
4731,0,121,0,0,4,1,1,4657,5963,-1
4733,0,124,1,2,4,1,1,4707,6025,5953
4734,0,125,1,0,4,1,1,4721,5985,5953
4735,0,124,1,0,4,1,1,4649,5982,5953
4739,0,126,1,0,4,1,1,4727,5984,5960
4741,0,124,1,0,4,1,1,4729,6003,5969
4742,0,125,0,0,4,1,1,4735,5982,-1
4743,0,125,1,0,4,1,1,4733,6062,5990
4744,0,126,0,0,4,1,1,4734,5983,-1
4748,0,126,1,2,4,1,1,4728,6043,5970
4750,0,123,0,0,4,1,1,4540,5984,-1
4751,0,124,0,0,4,1,1,4649,5979,-1
4752,0,124,0,0,4,1,1,4707,6043,-1
4754,0,127,0,0,4,1,1,4739,5984,-1
4756,0,125,0,0,4,1,1,4699,5996,-1
4764,0,131,1,5,4,1,1,4691,6132,5974
4765,0,127,1,3,4,1,1,4748,6093,5999
4766,0,131,0,0,4,1,1,4683,5992,-1
4767,0,132,1,2,4,1,1,4764,6044,5979
4768,0,124,1,2,4,1,1,4729,6047,5980
4769,0,126,0,0,4,1,1,4728,5998,-1
4771,0,133,1,5,4,1,1,4767,6179,5985
4772,0,131,0,0,4,1,1,4691,6010,-1
4777,0,134,0,0,4,1,1,4771,6011,-1
4778,0,124,1,2,4,1,1,4729,6044,5991
4779,0,125,1,2,4,1,1,4768,6071,5999
4781,0,125,1,0,4,1,1,4778,6042,6006
4783,0,125,1,1,4,1,1,4733,6058,6001
4784,0,126,0,0,4,1,1,4743,6062,-1
4785,0,124,0,0,4,1,1,4729,6016,-1
4786,0,132,1,0,4,1,1,4764,6040,6004
4788,0,126,1,0,4,1,1,4779,6057,6032
4789,0,124,0,0,4,1,1,4649,6036,-1
4790,0,128,1,0,4,1,1,4765,6023,6004
4794,0,129,0,0,4,1,1,4790,6023,-1
4795,0,133,0,0,4,1,1,4786,6040,-1
4796,0,127,1,0,4,1,1,4748,6038,6010
4797,0,128,0,0,4,1,1,4796,6038,-1
4799,0,132,1,1,4,1,1,4764,6099,6015
4800,0,126,0,0,4,1,1,4781,6042,-1
4801,0,125,1,0,4,1,1,4778,6046,6018
4802,0,128,1,2,4,1,1,4765,6103,6053
4803,0,126,1,1,4,1,1,4783,6048,6020
4804,0,134,1,9,4,1,1,4771,6275,6022
4805,0,127,0,0,4,1,1,4748,6043,-1
4806,0,133,1,0,4,1,1,4767,6101,6025
4807,0,127,1,0,4,1,1,4803,6118,6036
4808,0,132,1,4,4,1,1,4764,6205,6026
4811,0,125,1,2,4,1,1,4768,6112,6031
4813,0,134,1,0,4,1,1,4771,6071,6039
4814,0,126,1,0,4,1,1,4811,6086,6066
4815,0,127,0,0,4,1,1,4788,6057,-1
4816,0,132,0,0,4,1,1,4764,6064,-1
4817,0,128,0,0,4,1,1,4807,6095,-1
4818,0,126,0,0,4,1,1,4783,6058,-1
4820,0,126,1,1,4,1,1,4779,6140,6043
4822,0,135,0,0,4,1,1,4813,6071,-1
4823,0,133,1,0,4,1,1,4799,6079,6046
4825,0,133,1,0,4,1,1,4808,6101,6061
4830,0,134,1,0,4,1,1,4771,6094,6055
4833,0,134,0,0,4,1,1,4823,6079,-1
4835,0,129,1,0,4,1,1,4802,6103,6066
4836,0,135,1,0,4,1,1,4804,6087,6058
4837,0,126,0,0,4,1,1,4779,6071,-1
4841,0,136,0,0,4,1,1,4836,6080,-1
4842,0,128,1,0,4,1,1,4765,6089,6080
4843,0,135,0,0,4,1,1,4830,6094,-1
4845,0,134,1,5,4,1,1,4771,6216,6107
4846,0,133,0,0,4,1,1,4799,6099,-1
4848,0,130,0,0,4,1,1,4835,6098,-1
4849,0,133,1,0,4,1,1,4808,6151,6093
4853,0,134,0,0,4,1,1,4806,6101,-1
4854,0,135,1,0,4,1,1,4804,6115,6077
4855,0,129,1,2,4,1,1,4802,6217,6078
4856,0,132,1,0,4,1,1,4764,6106,6087
4857,0,126,1,4,4,1,1,4811,6241,6077
4858,0,127,1,2,4,1,1,4820,6143,6087
4859,0,127,1,0,4,1,1,4857,6131,6096
4860,0,130,1,5,4,1,1,4855,6249,6134
4862,0,136,0,0,4,1,1,4854,6115,-1
4863,0,135,1,2,4,1,1,4804,6156,6097
4864,0,126,0,0,4,1,1,4811,6112,-1
4866,0,128,1,0,4,1,1,4858,6158,6104
4868,0,132,0,0,4,1,1,4764,6113,-1
4870,0,128,0,0,4,1,1,4859,6123,-1
4871,0,136,1,0,4,1,1,4863,6136,6102
4874,0,127,0,0,4,1,1,4820,6140,-1
4875,0,133,1,0,4,1,1,4808,6152,6116
4880,0,127,1,0,4,1,1,4857,6161,6133
4881,0,135,1,1,4,1,1,4804,6137,6108
4882,0,134,0,0,4,1,1,4849,6151,-1
4885,0,135,1,0,4,1,1,4845,6147,6112
4886,0,136,1,0,4,1,1,4881,6130,6113
4887,0,136,1,0,4,1,1,4863,6169,6128
4888,0,128,1,1,4,1,1,4858,6187,6115
4890,0,136,0,0,4,1,1,4885,6137,-1
4891,0,134,1,0,4,1,1,4771,6160,6118
4892,0,135,0,0,4,1,1,4804,6151,-1
4894,0,134,0,0,4,1,1,4875,6152,-1
4896,0,135,1,0,4,1,1,4845,6141,6123
4897,0,135,0,0,4,1,1,4891,6160,-1
4898,0,128,0,0,4,1,1,4858,6143,-1
4899,0,134,0,0,4,1,1,4771,6166,-1
4900,0,137,0,0,4,1,1,4887,6169,-1
4901,0,135,1,0,4,1,1,4845,6210,6143
4904,0,133,1,1,4,1,1,4808,6211,6144
4906,0,128,0,0,4,1,1,4880,6161,-1
4907,0,131,1,1,5,1,0,4860,6266,6140
4910,0,129,0,0,4,1,1,4866,6158,-1
4912,0,127,1,0,4,1,1,4857,6204,6162
4914,0,132,0,0,5,1,0,4907,6164,-1
4917,0,134,1,2,4,1,1,4904,6242,6161
4918,0,131,1,0,4,1,1,4860,6192,6156
4919,0,135,1,0,4,1,1,4845,6189,6154
4920,0,129,1,1,4,1,1,4888,6189,6154
4922,0,133,0,0,4,1,1,4808,6170,-1
4924,0,130,1,4,4,1,1,4855,6379,6183
4925,0,136,0,0,4,1,1,4919,6189,-1
4926,0,130,1,0,4,1,1,4920,6184,6159
4927,0,136,0,0,4,1,1,4901,6210,-1
4929,0,135,1,3,4,1,1,4804,6319,6193
4931,0,131,0,0,4,1,1,4926,6184,-1
4933,0,135,1,0,4,1,1,4845,6199,6175
4935,0,129,0,0,4,1,1,4888,6187,-1
4936,0,131,1,0,4,1,1,4860,6199,6167
4937,0,128,0,0,4,1,1,4912,6186,-1
4938,0,130,0,0,4,1,1,4920,6189,-1
4939,0,127,1,2,4,1,1,4857,6239,6198
4940,0,134,0,0,4,1,1,4904,6209,-1
4942,0,132,0,0,4,1,1,4918,6192,-1
4943,0,131,1,0,4,1,1,4860,6209,6178
4944,0,132,1,0,5,1,0,4907,6211,6200
4945,0,136,0,0,4,1,1,4933,6199,-1
4947,0,135,1,0,4,1,1,4917,6221,6199
4948,0,135,0,0,4,1,1,4845,6216,-1
4949,0,131,1,2,4,1,1,4924,6266,6195
4950,0,131,1,0,4,1,1,4860,6222,6195
4955,0,130,0,0,4,1,1,4855,6217,-1
4956,0,132,0,0,4,1,1,4950,6222,-1
4957,0,128,1,1,4,1,1,4939,6241,6203
4960,0,136,0,0,4,1,1,4947,6221,-1
4961,0,135,1,0,4,1,1,4804,6232,6204
4962,0,131,1,4,4,1,1,4924,6343,6228
4963,0,129,1,1,4,1,1,4957,6252,6222
4964,0,132,1,0,4,1,1,4949,6226,6209
4966,0,136,0,0,4,1,1,4961,6232,-1
4968,0,135,1,0,4,1,1,4917,6237,6211
4969,0,127,0,0,4,1,1,4857,6241,-1
4970,0,132,0,0,5,1,0,4907,6266,-1
4972,0,128,1,0,4,1,1,4939,6254,6215
4973,0,133,0,0,4,1,1,4964,6226,-1
4975,0,135,1,1,4,1,1,4804,6330,6225
4978,0,131,0,0,4,1,1,4860,6249,-1
4979,0,136,0,0,4,1,1,4968,6237,-1
4983,0,135,0,0,5,1,0,4917,6242,-1
4984,0,129,0,0,4,1,1,4972,6254,-1
4985,0,128,0,0,4,1,1,4939,6239,-1
4988,0,130,1,3,4,1,1,4963,6324,6228
4990,0,136,1,1,4,1,1,4929,6305,6245
4991,0,131,1,1,4,1,1,4988,6283,6240
4992,0,132,1,0,4,1,1,4949,6265,6238
4993,0,135,1,9,4,1,1,4804,6547,6236
4994,0,130,0,0,4,1,1,4963,6252,-1
4995,0,131,0,0,4,1,1,4924,6254,-1
4999,0,132,1,0,4,1,1,4991,6297,6251
5003,0,132,1,0,4,1,1,4962,6284,6249
5005,0,135,1,0,4,1,1,4804,6288,6247
5006,0,132,0,0,4,1,1,4949,6266,-1
5007,0,131,1,2,4,1,1,4988,6346,6261
5008,0,137,1,0,4,1,1,4990,6273,6251
5009,0,136,0,0,4,1,1,5005,6280,-1
5011,0,133,0,0,4,1,1,4999,6297,-1
5012,0,138,0,0,4,1,1,5008,6273,-1
5014,0,136,1,0,4,1,1,4929,6287,6260
5015,0,135,0,0,4,1,1,4804,6275,-1
5016,0,133,0,0,4,1,1,5003,6284,-1
5018,0,132,1,1,4,1,1,4962,6401,6285
5019,0,136,1,0,4,1,1,4993,6324,6265
5020,0,137,0,0,4,1,1,4990,6305,-1
5021,0,131,0,0,4,1,1,4924,6282,-1
5022,0,132,1,1,4,1,1,5007,6362,6267
5023,0,137,0,0,4,1,1,5014,6287,-1
5025,0,137,0,0,4,1,1,5019,6287,-1
5028,0,136,1,5,4,1,1,4929,6450,6273
5029,0,136,1,2,4,1,1,4975,6406,6301
5030,0,133,0,0,4,1,1,5022,6312,-1
5031,0,136,1,0,4,1,1,4993,6360,6328
5033,0,132,1,0,4,1,1,5007,6329,6302
5034,0,137,1,0,4,1,1,5028,6317,6278
5036,0,138,0,0,4,1,1,5034,6302,-1
5037,0,136,0,0,4,1,1,4929,6319,-1
5038,0,131,1,4,4,1,1,4988,6442,6308
5041,0,137,1,1,4,1,1,5028,6368,6318
5045,0,131,1,1,4,1,1,4924,6325,6293
5046,0,132,1,0,4,1,1,4962,6320,6296
5047,0,132,1,1,4,1,1,5045,6355,6299
5049,0,133,1,0,4,1,1,5047,6379,6337
5050,0,131,1,0,4,1,1,4924,6329,6304
5051,0,133,0,0,4,1,1,5033,6329,-1
5052,0,132,1,0,4,1,1,4962,6344,6321
5053,0,132,0,0,4,1,1,5045,6325,-1
5055,0,136,0,0,4,1,1,4975,6330,-1
5056,0,132,0,0,4,1,1,5007,6337,-1
5057,0,131,0,0,4,1,1,4924,6379,-1
5058,0,132,0,0,4,1,1,5050,6329,-1
5059,0,137,1,0,4,1,1,5029,6371,6337
5060,0,138,1,0,4,1,1,5041,6378,6323
5061,0,133,1,0,4,1,1,5018,6367,6344
5062,0,132,1,11,4,1,1,5038,6565,6324
5064,0,133,0,0,4,1,1,5052,6344,-1
5066,0,133,1,0,4,1,1,5062,6380,6351
5068,0,137,1,3,4,1,1,5028,6512,6372
5070,0,133,1,0,4,1,1,5022,6363,6331
5071,0,137,0,0,4,1,1,5031,6360,-1
5073,0,132,1,2,4,1,1,5038,6462,6366
5075,0,134,0,0,4,1,1,5070,6363,-1
5076,0,136,1,0,4,1,1,4993,6372,6344
5079,0,137,1,0,4,1,1,5029,6379,6348
5080,0,134,0,0,4,1,1,5061,6367,-1
5083,0,139,0,0,4,1,1,5060,6371,-1
5084,0,138,0,0,4,1,1,5079,6379,-1
5085,0,133,0,0,4,1,1,5018,6401,-1
5086,0,134,0,0,4,1,1,5066,6380,-1
5087,0,133,1,0,4,1,1,5062,6445,6416
5091,0,136,1,0,4,1,1,4993,6446,6403
5096,0,138,1,0,4,1,1,5068,6424,6376
5098,0,132,1,0,4,1,1,5038,6419,6377
5099,0,137,0,0,4,1,1,5029,6400,-1
5100,0,139,0,0,4,1,1,5096,6424,-1
5101,0,133,0,0,4,1,1,5098,6397,-1
5103,0,137,1,0,4,1,1,5028,6414,6382
5108,0,138,1,1,4,1,1,5068,6508,6403
5109,0,132,1,1,4,1,1,5038,6484,6391
5110,0,133,1,0,4,1,1,5073,6452,6394
5111,0,137,1,5,4,1,1,5028,6537,6416
5112,0,133,1,1,4,1,1,5109,6535,6412
5113,0,134,0,0,4,1,1,5110,6452,-1
5114,0,133,1,0,4,1,1,5073,6424,6405
5115,0,134,0,0,4,1,1,5114,6424,-1
5117,0,139,1,1,4,1,1,5108,6463,6432
5118,0,138,0,0,4,1,1,5068,6437,-1
5119,0,136,1,0,4,1,1,4993,6464,6414
5120,0,137,0,0,4,1,1,5091,6446,-1
5121,0,133,0,0,4,1,1,5073,6461,-1
5124,0,134,0,0,4,1,1,5087,6445,-1
5125,0,138,1,1,4,1,1,5111,6468,6440
5127,0,133,0,0,4,1,1,5109,6484,-1
5128,0,136,1,1,4,1,1,4993,6491,6429
5129,0,137,0,0,4,1,1,5028,6441,-1
5130,0,133,1,4,4,1,1,5062,6521,6427
5133,0,140,1,0,4,1,1,5117,6475,6442
5134,0,133,1,0,4,1,1,5062,6485,6438
5135,0,137,1,0,4,1,1,5128,6467,6460
5136,0,136,1,1,4,1,1,4993,6529,6443
5137,0,134,1,0,4,1,1,5130,6482,6444
5138,0,138,1,0,4,1,1,5068,6474,6450
5139,0,139,1,0,4,1,1,5125,6464,6444
5140,0,134,1,4,4,1,1,5112,6625,6511
5142,0,133,1,0,4,1,1,5062,6480,6452
5144,0,138,1,0,4,1,1,5111,6477,6450
5147,0,135,0,0,4,1,1,5137,6482,-1
5148,0,139,0,0,4,1,1,5138,6470,-1
5150,0,139,0,0,3,1,0,5125,6468,-1
5151,0,139,0,0,4,1,1,5144,6477,-1
5152,0,134,1,0,4,1,1,5130,6484,6456
5155,0,134,0,0,4,1,1,5142,6480,-1
5156,0,134,0,0,4,1,1,5134,6485,-1
5157,0,133,1,0,4,1,1,5062,6486,6463
5158,0,138,1,0,4,1,1,5111,6524,6481
5160,0,137,1,0,4,1,1,5136,6500,6466
5162,0,134,1,0,5,1,0,5130,6504,6468
5166,0,137,0,0,4,1,1,5128,6486,-1
5169,0,133,1,0,4,1,1,5062,6518,6473
5170,0,138,0,0,4,1,1,5160,6500,-1
5171,0,138,0,0,4,1,1,5068,6495,-1
5172,0,134,0,0,4,1,1,5169,6518,-1
5174,0,134,1,2,4,1,1,5130,6548,6479
5177,0,136,1,3,4,1,1,4993,6640,6495
5178,0,133,1,1,4,1,1,5062,6554,6484
5179,0,137,0,0,4,1,1,5136,6505,-1
5180,0,139,0,0,4,1,1,5158,6524,-1
5183,0,139,0,0,4,1,1,5108,6508,-1
5186,0,134,0,0,4,1,1,5130,6520,-1
5188,0,138,1,0,4,1,1,5111,6533,6492
5189,0,135,1,0,4,1,1,5174,6564,6496
5190,0,133,1,0,4,1,1,5062,6536,6496
5192,0,134,1,0,4,1,1,5178,6586,6500
5193,0,137,1,0,4,1,1,5177,6582,6524
5194,0,138,1,2,4,1,1,5111,6575,6503
5197,0,134,0,0,4,1,1,5190,6536,-1
5198,0,135,1,2,4,1,1,5174,6557,6506
5199,0,135,0,0,4,1,1,5192,6572,-1
5200,0,136,1,5,4,1,1,4993,6619,6509
5201,0,139,1,0,4,1,1,5194,6555,6535
5204,0,133,1,4,4,1,1,5062,6644,6523
5205,0,136,1,0,4,1,1,5198,6536,6513
5207,0,134,0,0,4,1,1,5178,6554,-1
5208,0,138,0,0,4,1,1,5111,6537,-1
5209,0,137,1,0,4,1,1,5200,6542,6521
5210,0,135,1,0,4,1,1,5140,6550,6516
5213,0,135,0,0,4,1,1,5174,6548,-1
5214,0,137,0,0,4,1,1,5205,6536,-1
5215,0,136,0,0,4,1,1,4993,6547,-1
5216,0,136,0,0,4,1,1,5210,6550,-1
5220,0,136,1,4,4,1,1,5198,6703,6532
5221,0,135,1,1,4,1,1,5140,6592,6527
5222,0,134,1,0,4,1,1,5204,6578,6551
5224,0,136,0,0,4,1,1,5221,6551,-1
5225,0,137,1,2,4,1,1,5200,6592,6532
5227,0,133,1,0,4,1,1,5062,6608,6534
5228,0,137,1,2,4,1,1,5177,6596,6535
5229,0,137,1,0,4,1,1,5220,6600,6572
5231,0,135,1,0,4,1,1,5140,6566,6537
5232,0,138,1,0,4,1,1,5225,6572,6542
5234,0,138,1,0,4,1,1,5228,6581,6559
5238,0,140,0,0,4,1,1,5201,6555,-1
5239,0,137,1,0,4,1,1,5200,6665,6543
5240,0,133,0,0,4,1,1,5062,6565,-1
5241,0,139,1,1,3,1,0,5194,6607,6544
5242,0,137,0,0,4,1,1,5177,6565,-1
5243,0,134,0,0,4,1,1,5227,6584,-1
5244,0,139,0,0,4,1,1,5232,6571,-1
5247,0,138,0,0,4,1,1,5193,6582,-1
5248,0,135,1,3,4,1,1,5140,6666,6567
5249,0,140,1,0,3,1,0,5241,6576,6550
5252,0,138,1,0,4,1,1,5225,6586,6553
5253,0,137,1,0,4,1,1,5200,6602,6561
5256,0,141,0,0,3,1,0,5249,6576,-1
5257,0,139,0,0,4,1,1,5194,6575,-1
5258,0,135,0,0,3,1,0,5222,6575,-1
5259,0,139,0,0,4,1,1,5252,6586,-1
5263,0,139,0,0,4,1,1,5234,6581,-1
5264,0,136,1,0,4,1,1,5221,6604,6569
5265,0,134,1,0,4,1,1,5204,6611,6589
5266,0,138,0,0,4,1,1,5253,6602,-1
5271,0,136,1,0,4,1,1,5248,6637,6590
5272,0,138,1,3,4,1,1,5228,6684,6572
5273,0,138,0,0,4,1,1,5239,6632,-1
5275,0,138,0,0,4,1,1,5229,6600,-1
5277,0,139,0,0,4,1,1,5272,6612,-1
5278,0,135,0,0,4,1,1,5140,6625,-1
5279,0,137,1,1,4,1,1,5200,6659,6594
5282,0,140,0,0,3,1,0,5241,6607,-1
5284,0,137,1,0,4,1,1,5220,6616,6583
5285,0,137,1,0,4,1,1,5177,6634,6598
5288,0,138,0,0,4,1,1,5284,6616,-1
5292,0,137,1,2,4,1,1,5220,6671,6600
5293,0,135,0,0,4,1,1,5265,6611,-1
5296,0,134,1,0,4,1,1,5204,6639,6600
5298,0,136,1,0,4,1,1,5248,6672,6621
5299,0,138,1,1,4,1,1,5279,6647,6620
5300,0,138,1,0,4,1,1,5292,6632,6605
5302,0,137,0,0,4,1,1,5200,6619,-1
5305,0,137,0,0,4,1,1,5177,6628,-1
5306,0,139,0,0,4,1,1,5300,6632,-1
5308,0,138,0,0,4,1,1,5285,6634,-1
5309,0,137,0,0,4,1,1,5271,6637,-1
5312,0,134,1,2,4,1,1,5204,6676,6620
5314,0,139,1,4,4,1,1,5299,6734,6624
5315,0,135,1,1,4,1,1,5312,6748,6629
5316,0,135,0,0,4,1,1,5296,6639,-1
5317,0,139,1,1,4,1,1,5272,6753,6628
5318,0,140,1,0,4,1,1,5314,6750,6669
5320,0,138,0,0,4,1,1,5279,6646,-1
5321,0,134,0,0,4,1,1,5204,6644,-1
5322,0,136,1,3,4,1,1,5248,6781,6633
5323,0,140,1,1,4,1,1,5317,6720,6692
5324,0,138,1,1,4,1,1,5292,6689,6634
5325,0,137,0,0,4,1,1,5298,6672,-1
5327,0,137,0,0,4,1,1,5322,6683,-1
5328,0,139,1,1,4,1,1,5272,6718,6639
5330,0,139,1,0,4,1,1,5324,6662,6639
5331,0,135,1,0,4,1,1,5312,6662,6640
5335,0,138,0,0,4,1,1,5292,6663,-1
5336,0,138,0,0,4,1,1,5239,6665,-1
5337,0,136,0,0,4,1,1,5331,6662,-1
5339,0,139,1,4,4,1,1,5272,6816,6652
5340,0,136,1,12,4,1,1,5315,6949,6650
5342,0,137,1,0,4,1,1,5340,6691,6655
5343,0,140,1,0,4,1,1,5339,6717,6664
5344,0,138,0,0,4,1,1,5342,6691,-1
5345,0,136,0,0,4,1,1,5315,6676,-1
5346,0,137,1,2,4,1,1,5220,6758,6666
5347,0,139,0,0,4,1,1,5272,6684,-1
5349,0,139,0,0,4,1,1,5324,6685,-1
5352,0,141,0,0,4,1,1,5343,6693,-1
5355,0,141,0,0,4,1,1,5318,6692,-1
5356,0,140,1,0,4,1,1,5339,6749,6729
5358,0,137,1,3,4,1,1,5340,6771,6682
5360,0,137,0,0,4,1,1,5220,6703,-1
5361,0,140,1,0,4,1,1,5314,6716,6680
5363,0,140,1,2,4,1,1,5328,6761,6685
5364,0,138,1,0,4,1,1,5346,6721,6698
5365,0,138,1,0,4,1,1,5358,6722,6687
5367,0,140,1,1,4,1,1,5314,6738,6691
5368,0,137,1,0,4,1,1,5340,6731,6693
5369,0,140,0,0,4,1,1,5328,6718,-1
5371,0,141,1,0,4,1,1,5323,6722,6701
5372,0,141,1,1,4,1,1,5363,6735,6699
5373,0,141,1,3,4,1,1,5367,6806,6711
5374,0,138,0,0,4,1,1,5368,6731,-1
5375,0,137,1,0,4,1,1,5322,6726,6702
5376,0,138,1,0,4,1,1,5358,6745,6714
5377,0,140,0,0,4,1,1,5317,6723,-1
5378,0,142,1,2,4,1,1,5372,6800,6708
5379,0,142,0,0,4,1,1,5371,6722,-1
5381,0,138,1,2,4,1,1,5346,6794,6709
5382,0,143,1,0,4,1,1,5378,6770,6745
5383,0,137,1,1,4,1,1,5322,6766,6713
5384,0,140,1,0,4,1,1,5314,6730,6713
5385,0,142,1,2,4,1,1,5373,6859,6717
5386,0,139,1,0,4,1,0,5381,6772,6741
5387,0,141,1,0,4,1,1,5363,6751,6725
5388,0,138,1,0,4,1,1,5383,6741,6717
5389,0,142,0,0,4,1,1,5372,6733,-1
5390,0,138,0,0,4,1,1,5346,6758,-1
5392,0,143,0,0,4,1,1,5385,6752,-1
5394,0,141,0,0,4,1,1,5367,6738,-1
5395,0,139,0,0,4,1,1,5388,6737,-1
5396,0,137,1,2,4,1,1,5322,6793,6723
5397,0,138,1,0,4,1,1,5358,6748,6725
5401,0,139,0,0,4,1,1,5376,6745,-1
5402,0,138,0,0,4,1,1,5383,6766,-1
5403,0,137,1,0,4,1,1,5340,6753,6732
5404,0,139,0,0,4,1,1,5397,6746,-1
5406,0,142,0,0,4,1,0,5387,6751,-1
5407,0,136,0,0,4,1,1,5315,6748,-1
5409,0,141,0,0,4,1,1,5356,6749,-1
5410,0,137,0,0,4,1,1,5322,6755,-1
5411,0,138,0,0,4,1,1,5358,6771,-1
5412,0,141,0,0,4,1,1,5363,6756,-1
5413,0,142,1,1,4,1,1,5373,6788,6743
5417,0,140,0,0,4,1,1,5339,6755,-1
5418,0,138,1,0,4,1,1,5396,6779,6754
5419,0,137,1,1,4,1,1,5340,6786,6747
5422,0,140,0,0,4,1,0,5386,6772,-1
5423,0,143,1,0,4,1,1,5413,6768,6748
5425,0,144,0,0,4,1,1,5382,6770,-1
5426,0,139,1,1,4,1,1,5381,6809,6761
5427,0,138,1,3,4,1,1,5419,6878,6757
5432,0,142,1,0,4,1,1,5373,6828,6770
5435,0,143,1,2,4,1,1,5378,6819,6757
5438,0,139,0,0,4,1,1,5418,6779,-1
5440,0,137,1,0,4,1,1,5340,6842,6796
5441,0,143,1,0,4,1,1,5385,6825,6805
5442,0,138,1,3,4,1,1,5396,6841,6765
5444,0,138,0,0,4,1,1,5419,6786,-1
5445,0,140,1,0,4,1,1,5426,6797,6768
5446,0,140,1,1,4,1,1,5339,6828,6769
5448,0,144,1,3,4,1,1,5435,6900,6775
5449,0,139,0,0,4,1,1,5381,6794,-1
5450,0,139,1,0,4,1,1,5442,6797,6782
5452,0,141,0,0,4,1,1,5445,6797,-1
5453,0,143,0,0,4,1,1,5413,6788,-1
5454,0,141,1,0,4,1,1,5446,6854,6798
5456,0,143,0,0,4,1,1,5432,6828,-1
5458,0,138,0,0,4,1,1,5396,6792,-1
5460,0,145,1,0,4,1,1,5448,6843,6814
5461,0,140,1,2,4,1,1,5339,6899,6788
5462,0,142,0,0,4,1,1,5373,6806,-1
5464,0,139,1,0,4,1,1,5427,6825,6796
5466,0,144,1,0,4,1,1,5435,6813,6787
5467,0,143,0,0,4,1,1,5378,6800,-1
5470,0,139,1,0,4,1,1,5442,6834,6793
5471,0,145,0,0,4,1,1,5466,6813,-1
5473,0,144,0,0,4,1,1,5435,6819,-1
5475,0,140,0,0,4,1,1,5339,6816,-1
5479,0,142,0,0,4,1,1,5454,6834,-1
5480,0,139,1,1,4,1,1,5442,6867,6804
5482,0,141,0,0,4,1,1,5461,6822,-1
5483,0,137,1,0,4,1,1,5340,6848,6818
5484,0,139,1,1,4,1,1,5427,6905,6807
5485,0,140,1,3,4,1,1,5480,7014,6833
5486,0,141,0,0,4,1,1,5446,6828,-1
5488,0,140,1,2,4,1,1,5484,6919,6841
5490,0,143,1,3,4,1,1,5385,6888,6815
5492,0,139,1,0,4,1,1,5427,6952,6831
5493,0,140,0,0,4,1,1,5470,6834,-1
5494,0,146,0,0,4,1,1,5460,6843,-1
5496,0,144,1,1,4,1,1,5490,6902,6834
5498,0,145,1,3,4,1,0,5448,6927,6850
5499,0,138,0,0,4,1,1,5483,6848,-1
5500,0,143,0,0,4,1,1,5385,6859,-1
5501,0,137,1,0,4,1,1,5340,6881,6849
5502,0,141,1,0,4,1,1,5461,6887,6856
5506,0,141,1,2,4,1,1,5485,6933,6837
5508,0,145,1,0,4,1,1,5496,6898,6876
5509,0,139,0,0,4,1,1,5427,6862,-1
5510,0,140,0,0,4,1,1,5480,6867,-1
5511,0,144,1,0,4,1,1,5490,6871,6850
5514,0,141,1,0,4,1,1,5488,6915,6846
5518,0,141,1,0,4,1,1,5485,6903,6881
5520,0,146,1,0,4,1,0,5498,6884,6855
5521,0,138,0,0,4,1,1,5501,6881,-1
5522,0,142,1,0,4,1,1,5506,6889,6860
5524,0,147,0,0,3,1,0,5520,6884,-1
5525,0,137,1,1,4,1,1,5340,6896,6860
5526,0,144,1,1,4,1,1,5490,6935,6861
5528,0,143,0,0,4,1,1,5522,6889,-1
5529,0,146,1,0,4,1,0,5498,6898,6866
5530,0,145,1,2,4,1,1,5448,6930,6866
5531,0,141,1,3,4,1,1,5488,7010,6869
5532,0,145,1,1,4,1,1,5526,6954,6899
5533,0,141,1,0,4,1,1,5461,6912,6867
5534,0,138,1,0,4,1,1,5525,6912,6874
5535,0,146,1,0,4,1,1,5530,6890,6870
5536,0,142,1,3,4,1,1,5506,6957,6893
5539,0,144,0,0,4,1,1,5490,6888,-1
5540,0,140,0,0,4,1,1,5484,6905,-1
5541,0,142,1,0,4,1,1,5531,6964,6897
5544,0,145,0,0,4,1,1,5448,6900,-1
5545,0,146,1,2,4,1,0,5498,7008,6879
5546,0,139,0,0,4,1,1,5534,6896,-1
5547,0,140,0,0,4,1,1,5492,6907,-1
5548,0,146,0,0,4,1,1,5508,6898,-1
5549,0,137,1,8,4,1,1,5340,7134,6886
5551,0,142,0,0,4,1,1,5518,6903,-1
5552,0,147,1,1,4,1,0,5545,6991,6933
5554,0,146,1,2,4,1,1,5530,6996,6906
5555,0,146,0,0,4,1,0,5498,6920,-1
5556,0,138,1,0,4,1,1,5549,6919,6891
5557,0,141,1,1,4,1,1,5485,7013,6979
5563,0,142,0,0,4,1,1,5514,6915,-1
5564,0,139,0,0,4,1,1,5556,6919,-1
5565,0,143,1,7,4,1,1,5536,7179,6897
5566,0,137,1,0,4,1,1,5340,6946,6907
5569,0,143,0,0,4,1,1,5541,6925,-1
5572,0,142,0,0,4,1,1,5506,6924,-1
5574,0,146,1,1,4,1,1,5532,6959,6904
5577,0,142,1,0,4,1,1,5531,6971,6922
5578,0,143,1,0,4,1,1,5536,6959,6922
5579,0,147,1,1,4,1,1,5574,6962,6918
5582,0,145,0,0,4,1,1,5526,6935,-1
5583,0,147,1,0,4,1,1,5554,6933,6910
5584,0,146,0,0,4,1,1,5532,6931,-1
5586,0,137,1,0,4,1,1,5340,6956,6917
5590,0,144,1,5,4,1,1,5565,7144,6965
5591,0,138,1,1,4,1,1,5549,7038,6972
5592,0,147,1,2,4,1,1,5554,6993,6927
5593,0,143,0,0,4,1,1,5577,6971,-1
5594,0,137,0,0,4,1,1,5340,6949,-1
5595,0,138,0,0,4,1,1,5566,6946,-1
5596,0,147,0,0,4,1,1,5574,6959,-1
5598,0,140,0,0,4,1,1,5492,6952,-1
5599,0,148,1,0,4,1,1,5592,6965,6951
5600,0,143,1,0,4,1,1,5536,6962,6938
5601,0,148,1,2,4,1,1,5579,6995,6934
5602,0,142,1,1,4,1,0,5531,7013,6961
5606,0,148,1,0,4,1,0,5552,6964,6940
5607,0,147,0,0,4,1,1,5554,6955,-1
5608,0,149,1,4,4,1,1,5601,7074,6947
5610,0,144,0,0,4,1,1,5600,6962,-1
5611,0,143,0,0,4,1,1,5541,6964,-1
5612,0,148,0,0,4,1,1,5579,6962,-1
5613,0,149,0,0,4,1,0,5606,6964,-1
5618,0,149,1,0,4,1,1,5601,6990,6965
5622,0,148,1,0,4,1,1,5592,6988,6962
5625,0,143,1,0,4,1,0,5602,7041,6988
5628,0,149,0,0,4,1,1,5622,6988,-1
5631,0,145,1,0,4,1,1,5590,6994,6970
5632,0,150,0,0,4,1,1,5618,6985,-1
5634,0,147,0,0,4,1,1,5554,6996,-1
5635,0,147,1,0,4,1,0,5545,7002,6978
5636,0,146,0,0,4,1,1,5631,6994,-1
5638,0,149,0,0,4,1,1,5601,6995,-1
5639,0,148,0,0,4,1,1,5592,6993,-1
5640,0,142,0,0,4,1,1,5531,7010,-1
5641,0,144,1,2,4,1,1,5565,7056,6988
5642,0,145,1,0,4,1,1,5590,7019,6982
5643,0,138,0,0,4,1,1,5549,7004,-1
5644,0,142,1,0,4,1,1,5557,7011,6984
5645,0,147,0,0,4,1,0,5545,7008,-1
5646,0,146,0,0,4,1,1,5642,7019,-1
5649,0,144,0,0,4,1,0,5625,7013,-1
5650,0,145,1,1,4,1,1,5590,7016,6993
5651,0,145,1,2,4,1,1,5641,7134,7006
5652,0,150,1,0,4,1,1,5608,7053,6997
5653,0,142,0,0,4,1,1,5557,7013,-1
5656,0,146,1,0,4,1,1,5650,7052,6998
5658,0,144,1,0,4,1,1,5565,7038,6999
5660,0,139,1,5,4,1,1,5591,7186,7005
5662,0,151,0,0,4,1,1,5652,7023,-1
5663,0,145,1,1,4,1,1,5590,7096,7008
5664,0,145,0,0,4,1,1,5658,7038,-1
5666,0,150,1,0,4,1,1,5608,7028,7008
5667,0,140,1,1,4,1,1,5660,7104,7020
5668,0,146,1,0,4,1,1,5663,7050,7024
5670,0,151,0,0,4,1,1,5666,7028,-1
5671,0,138,1,0,4,1,1,5549,7058,7028
5674,0,139,0,0,4,1,1,5591,7038,-1
5675,0,145,1,0,4,1,1,5641,7041,7017
5679,0,150,1,1,4,1,1,5608,7066,7034
5680,0,144,1,3,4,1,1,5565,7157,7030
5682,0,145,1,6,4,1,1,5590,7199,7043
5683,0,146,0,0,4,1,1,5675,7041,-1
5685,0,141,1,1,4,1,1,5667,7110,7078
5686,0,140,1,0,4,1,1,5660,7084,7059
5687,0,145,0,0,4,1,1,5641,7056,-1
5688,0,146,1,0,4,1,1,5651,7075,7044
5690,0,146,0,0,4,1,1,5663,7096,-1
5691,0,145,1,4,4,1,1,5680,7199,7047
5692,0,139,0,0,4,1,1,5671,7055,-1
5693,0,151,1,0,4,1,1,5679,7063,7039
5694,0,138,1,0,4,1,1,5549,7061,7039
5695,0,144,0,0,4,1,1,5565,7056,-1
5698,0,152,0,0,4,1,1,5693,7063,-1
5699,0,139,0,0,3,1,0,5694,7061,-1
5700,0,150,1,2,4,1,1,5608,7109,7049
5703,0,146,1,0,4,1,1,5682,7087,7053
5704,0,151,0,0,4,1,1,5679,7064,-1
5705,0,138,1,0,4,1,1,5549,7092,7067
5706,0,147,0,0,4,1,1,5688,7069,-1
5707,0,146,1,0,4,1,1,5691,7078,7056
5708,0,151,1,0,4,1,1,5700,7096,7069
5709,0,145,0,0,4,1,1,5590,7089,-1
5712,0,146,1,0,4,1,1,5651,7101,7062
5714,0,147,0,0,4,1,1,5703,7087,-1
5716,0,145,1,3,4,1,1,5680,7199,7059
5717,0,147,0,0,4,1,1,5707,7078,-1
5719,0,146,1,0,4,1,1,5716,7132,7087
5721,0,146,0,0,4,1,1,5691,7086,-1
5722,0,147,0,0,4,1,1,5712,7101,-1
5724,0,141,0,0,4,1,1,5686,7084,-1
5725,0,140,1,0,4,1,1,5660,7144,7105
5727,0,144,1,0,4,1,1,5565,7101,7074
5728,0,146,0,0,4,1,1,5651,7104,-1
5729,0,152,0,0,4,1,1,5708,7096,-1
5730,0,139,0,0,4,1,1,5705,7092,-1
5731,0,145,1,0,4,1,1,5680,7103,7086
5732,0,138,1,0,4,1,1,5549,7099,7077
5736,0,151,1,1,4,1,1,5700,7178,7079
5738,0,142,1,1,4,1,1,5685,7137,7083
5739,0,145,0,0,4,1,1,5727,7101,-1
5740,0,144,0,0,4,1,1,5565,7101,-1
5741,0,138,1,4,4,1,1,5549,7199,7088
5743,0,151,0,0,4,1,1,5700,7109,-1
5745,0,152,0,0,4,1,1,5736,7136,-1
5746,0,146,0,0,4,1,1,5731,7103,-1
5748,0,142,0,0,4,1,1,5685,7110,-1
5749,0,147,0,0,4,1,1,5719,7132,-1
5751,0,143,1,5,4,1,1,5738,7187,7098
5753,0,145,0,0,4,1,1,5680,7157,-1
5754,0,146,1,0,4,1,1,5716,7186,7162
5755,0,139,1,0,4,1,1,5741,7123,7099
5756,0,138,1,0,4,1,1,5549,7129,7099
5758,0,144,1,0,4,1,1,5751,7125,7109
5760,0,140,0,0,4,1,1,5755,7123,-1
5761,0,139,0,0,4,1,1,5756,7128,-1
5764,0,145,0,0,4,1,1,5590,7144,-1
5765,0,146,1,0,4,1,1,5691,7159,7110
5768,0,143,0,0,4,1,1,5738,7137,-1
5769,0,141,0,0,4,1,1,5725,7144,-1
5770,0,139,1,0,4,1,1,5741,7166,7140
5773,0,140,1,0,4,1,1,5660,7149,7118
5774,0,146,1,0,4,1,1,5682,7175,7120
5775,0,144,1,0,4,1,1,5751,7148,7120
5776,0,146,1,0,4,1,1,5691,7154,7137
5777,0,144,1,0,4,1,1,5565,7162,7133
5778,0,147,0,0,4,1,1,5774,7164,-1
5780,0,140,1,0,4,1,1,5660,7199,7160
5782,0,144,1,1,4,1,1,5751,7199,7131
5784,0,146,1,0,4,1,1,5682,7168,7148
5786,0,145,0,0,4,1,1,5777,7155,-1
5788,0,144,1,0,4,1,1,5751,7174,7141
5790,0,144,1,0,4,1,1,5565,7189,7144
5791,0,140,0,0,4,1,1,5770,7166,-1
5794,0,152,1,2,4,1,1,5736,7199,7160
5795,0,139,1,0,4,1,1,5741,7180,7154
5796,0,144,1,0,4,1,1,5751,7183,7152
5798,0,147,0,0,4,1,1,5784,7168,-1
5800,0,144,0,0,4,1,1,5565,7176,-1
5801,0,145,0,0,4,1,1,5790,7170,-1
5802,0,145,0,0,4,1,1,5796,7183,-1
5805,0,146,1,0,4,1,1,5682,7199,7177
5807,0,144,0,0,4,1,1,5751,7187,-1
5809,0,146,1,0,4,1,1,5691,7191,7165
5810,0,139,1,0,4,1,1,5741,7188,7164
5811,0,153,1,0,4,1,1,5794,7199,7167
5813,0,147,0,0,4,1,1,5754,7185,-1
5814,0,145,1,0,4,1,1,5782,7199,7170
5815,0,140,0,0,4,1,1,5810,7186,-1
5816,0,147,0,0,4,1,1,5809,7187,-1
5818,0,140,0,0,4,1,1,5660,7186,-1
5819,0,154,0,0,4,1,1,5811,7199,-1
5821,0,146,1,0,4,1,1,5716,7199,7194
5822,0,146,0,0,4,1,1,5814,7199,-1
5823,0,139,0,0,4,1,1,5741,7199,-1
5824,0,153,1,0,4,1,1,5794,7199,7194
5827,0,146,0,0,4,1,1,5691,7199,-1
5828,0,145,0,0,4,1,1,5782,7199,-1
5830,0,147,0,0,4,1,1,5805,7199,-1
5835,0,146,1,0,4,1,1,5682,7199,7188
5841,0,147,0,0,4,1,1,5835,7199,-1
5844,0,146,1,0,4,1,0,5682,7199,7199
