second,id,parent,node,organism_parent,lineage,x,y,role,energy
0,0,-1,0,4294967295,1,-12.7964,-8.50018,1,0.97587
0,0,0,1,4294967295,1,-11.9731,-8.31698,8,1.24769
0,0,0,2,4294967295,1,-13.339,-7.86358,8,1.24769
0,0,0,3,4294967295,1,-13.1558,-9.24835,8,1.12822
0,1,-1,0,4294967295,2,12.1354,-9.53473,1,1.1988
0,1,0,1,4294967295,2,12.745,-10.2175,4,1.12014
0,1,1,2,4294967295,2,12.5537,-8.91908,3,1.19867
0,1,1,3,4294967295,2,11.4328,-10.1972,3,1.00135
0,2,-1,0,4294967295,3,-10.6981,10.3524,1,1.00306
0,2,0,1,4294967295,3,-11.4008,11.0639,4,1.11748
0,2,1,2,4294967295,3,-11.3028,9.75512,3,1.0014
0,2,1,3,4294967295,3,-10.0869,11.0562,3,1.19868
0,2,0,4,4294967295,3,-9.81968,9.46308,0,1.11667
0,2,4,5,4294967295,3,-9.08631,8.36316,0,1.00147
0,2,5,6,4294967295,3,-8.00871,7.67058,0,0.999867
0,2,6,7,4294967295,3,-7.32953,6.58447,0,0.999867
0,2,7,8,4294967295,3,-6.24243,5.90595,0,0.999867
0,3,-1,0,4294967295,4,3.40824,1.6083,1,1.19613
0,3,0,1,4294967295,4,4.18581,2.23709,4,1.11748
0,3,1,2,4294967295,4,2.90714,2.23878,3,1.00143
0,3,1,3,4294967295,4,3.91172,0.993208,3,1.00139
0,3,0,4,4294967295,4,2.62192,0.963199,2,1.00413
0,3,4,5,4294967295,4,1.7003,0.527369,3,1.11827
1,0,-1,0,4294967295,1,-12.7964,-8.50018,1,0.488025
1,0,0,1,4294967295,1,-11.9731,-8.31698,8,1.49089
1,0,0,2,4294967295,1,-13.339,-7.86358,8,1.58312
1,0,0,3,4294967295,1,-13.1558,-9.24835,8,1.33343
1,1,-1,0,4294967295,2,12.154,-9.6015,1,1.16955
1,1,0,1,4294967295,2,12.884,-10.1708,4,1.14325
1,1,1,2,4294967295,2,12.5766,-8.89455,3,1.16626
1,1,1,3,4294967295,2,11.6199,-10.4933,3,1.10119
1,2,-1,0,4294967295,3,-10.787,10.4042,1,1.05151
1,2,0,1,4294967295,3,-11.6389,10.9872,4,1.0522
1,2,1,2,4294967295,3,-11.2964,9.72451,3,1.04768
1,2,1,3,4294967295,3,-10.4616,11.5303,3,1.06072
1,2,0,4,4294967295,3,-9.84442,9.54061,0,1.05737
1,2,4,5,4294967295,3,-9.09571,8.39509,0,1.07128
1,2,5,6,4294967295,3,-8.01471,7.67569,0,1.02561
1,2,6,7,4294967295,3,-7.3315,6.58549,0,0.996983
1,2,7,8,4294967295,3,-6.24286,5.90628,0,0.988011
1,3,-1,0,4294967295,4,3.49908,1.6772,1,1.0933
1,3,0,1,4294967295,4,4.21884,2.43537,4,1.04369
1,3,1,2,4294967295,4,2.9536,2.28435,3,1.03764
1,3,1,3,4294967295,4,4.26375,1.18799,3,1.01697
1,3,0,4,4294967295,4,2.68828,0.972593,2,1.13322
1,3,4,5,4294967295,4,1.47845,0.392442,3,1.19885
2,0,-1,0,4294967295,1,-12.7974,-8.50193,1,0.382956
2,0,0,1,4294967295,1,-11.9732,-8.31866,8,1.35225
2,0,0,2,4294967295,1,-13.339,-7.86389,8,1.40629
2,0,0,3,4294967295,1,-13.1668,-9.24811,8,1.25998
2,1,-1,0,4294967295,2,12.327,-9.82761,1,0.896101
2,1,0,1,4294967295,2,13.2449,-10.0205,4,1.05726
2,1,1,2,4294967295,2,12.4386,-8.97999,3,1.04705
2,1,1,3,4294967295,2,12.281,-10.8968,3,1.01361
2,2,-1,0,4294967295,3,-11.0385,10.3965,1,0.977072
2,2,0,1,4294967295,3,-12.074,10.5803,4,1.03054
2,2,1,2,4294967295,3,-11.1142,9.59639,3,1.02164
2,2,1,3,4294967295,3,-11.5427,11.7393,3,0.992158
2,2,0,4,4294967295,3,-9.88785,9.82045,0,0.984393
2,2,4,5,4294967295,3,-9.12326,8.64876,0,1.01701
2,2,5,6,4294967295,3,-8.08929,7.79035,0,1.01966
2,2,6,7,4294967295,3,-7.396,6.65518,0,1.00402
2,2,7,8,4294967295,3,-6.29341,5.94055,0,0.992034
2,3,-1,0,4294967295,4,3.40155,1.90215,1,0.96916
2,3,0,1,4294967295,4,4.16706,2.66416,4,1.03856
2,3,1,2,4294967295,4,2.90259,2.82535,3,0.972555
2,3,1,3,4294967295,4,4.61053,1.47003,3,0.947761
2,3,0,4,4294967295,4,2.77289,1.09191,2,1.03611
2,3,4,5,4294967295,4,2.2034,0.682237,3,1.0832
2,5,-1,0,1,2,11.5187,-9.91103,1,0.5072
2,6,-1,0,2,3,-11.8173,10.2894,1,0.5072
2,7,-1,0,3,4,2.57671,1.59212,1,0.5072
2,4,-1,0,0,1,-12.3386,-9.1609,1,0.634267
3,0,-1,0,4294967295,1,-12.8087,-8.50892,1,0.440988
3,0,0,1,4294967295,1,-11.9811,-8.34603,8,1.41566
3,0,0,2,4294967295,1,-13.3371,-7.85963,8,1.34327
3,0,0,3,4294967295,1,-13.1834,-9.24914,8,1.25754
3,1,-1,0,4294967295,2,12.6626,-10.0819,1,0.69574
3,1,0,1,4294967295,2,13.4964,-9.65802,4,0.861466
3,1,1,2,4294967295,2,12.2111,-9.34078,3,0.935126
3,1,1,3,4294967295,2,13.385,-10.9715,3,0.952218
3,2,-1,0,4294967295,3,-11.5408,10.3333,1,0.81757
3,2,0,1,4294967295,3,-12.5223,10.3077,4,0.872712
3,2,1,2,4294967295,3,-11.4475,9.48141,3,0.900684
3,2,1,3,4294967295,3,-12.0185,11.5593,3,0.919418
3,2,0,4,4294967295,3,-10.2888,10.1389,0,0.888849
3,2,4,5,4294967295,3,-9.23627,9.08178,0,0.999267
3,2,5,6,4294967295,3,-8.17453,8.13795,0,0.99767
3,2,6,7,4294967295,3,-7.5616,6.91623,0,0.988946
3,2,7,8,4294967295,3,-6.52033,6.09362,0,0.985715
3,3,-1,0,4294967295,4,3.62979,2.24298,1,0.861372
3,3,0,1,4294967295,4,3.9429,3.21939,4,0.952064
3,3,1,2,4294967295,4,2.71887,2.79489,3,0.9581
3,3,1,3,4294967295,4,4.37537,2.04712,3,0.931353
3,3,0,4,4294967295,4,3.292,1.25068,2,0.920732
3,3,4,5,4294967295,4,2.61529,0.337097,3,1.05142
3,5,-1,0,1,2,11.8502,-10.0005,1,0.54543
3,6,-1,0,2,3,-12.0579,9.67968,1,0.64829
3,7,-1,0,3,4,2.86436,2.13405,1,0.614
3,4,-1,0,0,1,-12.3047,-9.12978,1,0.618267
3,5,0,1,1,2,10.9316,-10.0841,4,0.55697
3,6,0,1,2,3,-12.6117,8.82957,4,0.69411
3,7,0,1,3,4,1.98557,2.61552,4,0.6084
4,0,-1,0,4294967295,1,-12.8105,-8.51188,1,0.437614
4,0,0,1,4294967295,1,-11.9819,-8.34881,8,1.36364
4,0,0,2,4294967295,1,-13.3357,-7.86093,8,1.32122
4,0,0,3,4294967295,1,-13.1949,-9.24868,8,1.27099
4,1,-1,0,4294967295,2,13.0373,-10.0635,1,0.467914
4,1,0,1,4294967295,2,13.5084,-9.22552,4,0.697094
4,1,1,2,4294967295,2,12.2458,-9.56981,3,0.804493
4,1,1,3,4294967295,2,14.323,-10.2571,3,0.786968
4,2,-1,0,4294967295,3,-11.9804,10.0378,1,0.689518
4,2,0,1,4294967295,3,-12.9717,10.2506,4,0.773093
4,2,1,2,4294967295,3,-12.35,9.06905,3,0.801044
4,2,1,3,4294967295,3,-11.8205,10.901,3,0.839899
4,2,0,4,4294967295,3,-10.7325,9.87548,0,0.814412
4,2,4,5,4294967295,3,-9.5136,9.25535,0,0.931955
4,2,5,6,4294967295,3,-8.35575,8.63727,0,0.988226
4,2,6,7,4294967295,3,-7.79933,7.44876,0,0.99275
4,2,7,8,4294967295,3,-6.92589,6.46428,0,0.984617
4,3,-1,0,4294967295,4,3.57623,2.70822,1,0.757139
4,3,0,1,4294967295,4,3.75958,3.77059,4,0.894586
4,3,1,2,4294967295,4,2.79278,3.01214,3,0.920291
4,3,1,3,4294967295,4,4.60308,2.84633,3,1.157
4,3,0,4,4294967295,4,3.45833,1.62841,2,0.896498
4,3,4,5,4294967295,4,3.18858,0.416493,3,1.03939
4,5,-1,0,1,2,12.2357,-10.2651,1,0.617216
4,6,-1,0,2,3,-12.5513,9.51622,1,0.642334
4,7,-1,0,3,4,2.93487,2.23505,1,0.577256
4,4,-1,0,0,1,-12.292,-9.1232,1,0.602267
4,5,0,1,1,2,11.3423,-10.1762,4,0.53285
4,6,0,1,2,3,-12.701,8.46982,4,0.634105
4,7,0,1,3,4,2.13043,2.84902,4,0.553194
4,5,1,2,1,2,12.4107,-10.9778,3,0.504415
4,6,1,2,2,3,-11.3509,8.72481,3,0.635561
4,7,1,2,3,4,2.38009,1.60877,3,0.524087
5,0,-1,0,4294967295,1,-12.8073,-8.50808,1,0.436877
5,0,0,1,4294967295,1,-11.9804,-8.34195,8,1.32633
5,0,0,2,4294967295,1,-13.3369,-7.86032,8,1.30147
5,0,0,3,4294967295,1,-13.1812,-9.24914,8,1.38479
5,1,-1,0,4294967295,2,13.2551,-9.57649,1,0.249419
5,1,0,1,4294967295,2,13.3031,-8.6202,4,0.611982
5,1,1,2,4294967295,2,12.4044,-9.60823,3,0.715169
5,1,1,3,4294967295,2,14.472,-9.20262,3,0.731362
5,2,-1,0,4294967295,3,-12.2634,9.85847,1,0.466184
5,2,0,1,4294967295,3,-13.1464,10.3763,4,0.668451
5,2,1,2,4294967295,3,-13.5401,9.0748,3,0.710916
5,2,1,3,4294967295,3,-11.8387,10.5641,3,0.754569
5,2,0,4,4294967295,3,-11.0489,9.50123,0,0.725674
5,2,4,5,4294967295,3,-9.83588,9.08698,0,0.861012
5,2,5,6,4294967295,3,-8.60704,8.93676,0,0.919856
5,2,6,7,4294967295,3,-7.9744,7.86324,0,0.949496
5,2,7,8,4294967295,3,-7.17523,6.89404,0,0.961676
5,3,-1,0,4294967295,4,3.64752,3.03931,1,0.588036
5,3,0,1,4294967295,4,3.55044,4.08595,4,0.937751
5,3,1,2,4294967295,4,2.69181,3.14762,3,0.898673
5,3,1,3,4294967295,4,4.62289,3.42122,3,0.927389
5,3,0,4,4294967295,4,3.76934,2.09048,2,0.808028
5,3,4,5,4294967295,4,3.68548,1.43938,3,0.900551
5,5,-1,0,1,2,12.7157,-10.5513,1,0.637801
5,6,-1,0,2,3,-12.6893,9.16492,1,0.615763
5,7,-1,0,3,4,2.90434,2.48465,1,0.527155
5,4,-1,0,0,1,-12.3092,-9.13402,1,0.586267
5,5,0,1,1,2,11.8309,-10.2109,4,0.523709
5,6,0,1,2,3,-12.9271,8.25559,4,0.6127
5,7,0,1,3,4,1.98278,3.01771,4,0.509905
5,5,1,2,1,2,12.0796,-11.5161,3,0.490394
5,6,1,2,2,3,-12.066,9.24782,3,0.694633
5,7,1,2,3,4,1.96591,1.74871,3,0.49408
5,5,1,3,1,2,12.6683,-9.13274,3,0.51635
5,6,1,3,2,3,-12.9656,9.59651,3,0.53185
5,7,1,3,3,4,3.23363,3.18836,3,0.515372
6,0,-1,0,4294967295,1,-12.8044,-8.50579,1,0.448711
6,0,0,1,4294967295,1,-11.9785,-8.33487,8,1.39514
6,0,0,2,4294967295,1,-13.3375,-7.86116,8,1.3064
6,0,0,3,4294967295,1,-13.174,-9.24881,8,1.35522
6,1,-1,0,4294967295,2,13.7017,-8.92778,1,0.487786
6,1,0,1,4294967295,2,12.8904,-8.48365,4,0.542604
6,1,1,2,4294967295,2,13.0247,-9.84018,3,0.56974
6,1,1,3,4294967295,2,14.1399,-8.018,3,0.578413
6,2,-1,0,4294967295,3,-12.8201,10.0248,1,0.127086
6,2,0,1,4294967295,3,-13.3541,10.9801,4,0.67138
6,2,1,2,4294967295,3,-14.4236,10.2478,3,0.684443
6,2,1,3,4294967295,3,-12.1084,10.5876,3,0.673527
6,2,0,4,4294967295,3,-11.6788,9.41168,0,0.721773
6,2,4,5,4294967295,3,-10.3274,8.94447,0,0.790531
6,2,5,6,4294967295,3,-8.98523,8.94388,0,0.854479
6,2,6,7,4294967295,3,-8.06603,8.02844,0,0.897902
6,2,7,8,4294967295,3,-7.0699,7.218,0,0.918639
6,3,-1,0,4294967295,4,3.48199,3.49998,1,0.351353
6,3,0,1,4294967295,4,3.2124,4.56725,4,0.938758
6,3,1,2,4294967295,4,2.51853,3.49605,3,0.908299
6,3,1,3,4294967295,4,4.27939,3.95228,3,1.0029
6,3,0,4,4294967295,4,3.88274,2.49137,2,0.989295
6,3,4,5,4294967295,4,4.08058,1.22132,3,0.861199
6,5,-1,0,1,2,12.49,-10.4507,1,0.589524
6,6,-1,0,2,3,-12.7912,9.12676,1,0.606283
6,7,-1,0,3,4,2.76102,3.02887,1,0.491195
6,4,-1,0,0,1,-12.3207,-9.14286,1,0.690267
6,5,0,1,1,2,11.7631,-9.8658,4,0.580732
6,6,0,1,2,3,-12.9195,8.02586,4,0.601631
6,7,0,1,3,4,1.76475,3.48301,4,0.496655
6,5,1,2,1,2,11.9046,-11.1744,3,0.546067
6,6,1,2,2,3,-11.761,8.54392,3,0.622036
6,7,1,2,3,4,1.97906,2.24074,3,0.462614
6,5,1,3,1,2,12.972,-9.26996,3,0.565266
6,6,1,3,2,3,-13.9248,8.83244,3,0.579799
6,7,1,3,3,4,2.90813,4.00507,3,0.575792
6,6,0,4,2,3,-11.8646,9.96563,0,0.52
6,7,0,4,3,4,3.62531,2.49329,2,0.52
7,0,-1,0,4294967295,1,-12.8019,-8.50418,1,0.461634
7,0,0,1,4294967295,1,-11.9767,-8.32953,8,1.36479
7,0,0,2,4294967295,1,-13.3381,-7.86235,8,1.4063
7,0,0,3,4294967295,1,-13.1697,-9.2482,8,1.44875
7,1,-1,0,4294967295,2,13.7249,-8.69554,1,0.520786
7,1,0,1,4294967295,2,12.7963,-8.51119,4,0.540426
7,1,1,2,4294967295,2,13.663,-9.47297,3,0.679068
7,1,1,3,4294967295,2,13.6612,-7.53291,3,0.538888
7,2,-1,0,4294967295,3,-12.985,10.0908,1,0.630422
7,2,0,1,4294967295,3,-13.0995,11.2188,4,0.691871
7,2,1,2,4294967295,3,-14.3632,10.9604,3,0.683607
7,2,1,3,4294967295,3,-11.809,10.9139,3,0.861365
7,2,0,4,4294967295,3,-12.2023,9.10104,0,0.70844
7,2,4,5,4294967295,3,-10.9309,8.64721,0,0.743225
7,2,5,6,4294967295,3,-9.57878,8.6749,0,0.819211
7,2,6,7,4294967295,3,-8.36211,8.05466,0,0.889777
7,2,7,8,4294967295,3,-7.03602,7.71795,0,0.901119
7,3,-1,0,4294967295,4,3.22355,3.8466,1,0.805351
7,3,0,1,4294967295,4,2.96814,4.90097,4,0.842627
7,3,1,2,4294967295,4,2.03702,4.01444,3,0.842749
7,3,1,3,4294967295,4,4.13675,4.4303,3,0.920017
7,3,0,4,4294967295,4,3.79602,2.92525,2,0.938752
7,3,4,5,4294967295,4,4.2956,1.92961,3,0.87975
7,5,-1,0,1,2,12.1863,-9.92662,1,0.324355
7,6,-1,0,2,3,-12.9505,9.14391,1,0.587362
7,7,-1,0,3,4,2.42076,3.48361,1,0.557058
7,4,-1,0,0,1,-12.3286,-9.14923,1,0.674267
7,5,0,1,1,2,11.4195,-9.39937,4,0.401537
7,6,0,1,2,3,-12.8911,8.00558,4,0.565268
7,7,0,1,3,4,1.44419,4.00422,4,0.542388
7,5,1,2,1,2,11.8052,-10.6344,3,0.435853
7,6,1,2,2,3,-11.6779,8.48306,3,0.579433
7,7,1,2,3,4,1.97062,2.85838,3,0.516354
7,5,1,3,1,2,12.7536,-9.32489,3,0.451851
7,6,1,3,2,3,-14.1628,7.95021,3,0.534723
7,7,1,3,3,4,2.62923,4.33896,3,0.55851
7,6,0,4,2,3,-12.4687,10.3081,0,0.598557
7,7,0,4,3,4,3.12469,2.74443,2,0.568062
7,8,-1,0,5,2,12.0314,-9.13535,1,0.505867
8,0,-1,0,4294967295,1,-12.8008,-8.50324,1,0.460006
8,0,0,1,4294967295,1,-11.9762,-8.32638,8,1.36131
8,0,0,2,4294967295,1,-13.338,-7.86203,8,1.38564
8,0,0,3,4294967295,1,-13.1661,-9.24881,8,1.41051
8,1,-1,0,4294967295,2,13.4534,-8.32959,1,0.531013
8,1,0,1,4294967295,2,12.5286,-8.27296,4,0.537345
8,1,1,2,4294967295,2,13.5245,-9.10485,3,0.655586
8,1,1,3,4294967295,2,13.5123,-7.41139,3,0.534628
8,2,-1,0,4294967295,3,-12.8333,10.115,1,0.583865
8,2,0,1,4294967295,3,-12.718,11.1891,4,0.635156
8,2,1,2,4294967295,3,-13.947,10.7789,3,0.611607
8,2,1,3,4294967295,3,-11.8974,10.1096,3,0.676866
8,2,0,4,4294967295,3,-12.3768,8.88709,0,0.625634
8,2,4,5,4294967295,3,-11.2669,8.1011,0,0.738151
8,2,5,6,4294967295,3,-9.95145,8.25994,0,0.856525
8,2,6,7,4294967295,3,-8.67687,8.00723,0,0.924515
8,2,7,8,4294967295,3,-7.4071,8.29961,0,0.953772
8,3,-1,0,4294967295,4,3.24373,4.5537,1,0.733329
8,3,0,1,4294967295,4,2.68147,5.38936,4,0.7502
8,3,1,2,4294967295,4,1.84118,4.33183,3,0.773172
8,3,1,3,4294967295,4,3.89815,4.98412,3,0.766452
8,3,0,4,4294967295,4,3.94491,3.82644,2,0.774981
8,3,4,5,4294967295,4,4.27663,3.1836,3,0.815643
8,5,-1,0,1,2,11.7065,-9.62894,1,0.361842
8,6,-1,0,2,3,-12.7216,9.3375,1,0.62643
8,7,-1,0,3,4,1.90783,3.53238,1,0.60374
8,4,-1,0,0,1,-12.3339,-9.15304,1,0.658267
8,5,0,1,1,2,11.1708,-8.89569,4,0.370194
8,6,0,1,2,3,-12.4175,8.29795,4,0.558058
8,7,0,1,3,4,1.07581,4.08561,4,0.559875
8,5,1,2,1,2,11.2202,-10.2131,3,0.372659
8,6,1,2,2,3,-11.6348,9.38895,3,0.552792
8,7,1,2,3,4,1.38157,2.82846,3,0.546159
8,5,1,3,1,2,12.4655,-9.2358,3,0.387308
8,6,1,3,2,3,-13.6973,8.12502,3,0.507504
8,7,1,3,3,4,2.2954,4.58668,3,0.535196
8,6,0,4,2,3,-12.4636,10.604,0,0.603685
8,7,0,4,3,4,2.67997,2.92555,2,0.650251
8,8,-1,0,5,2,11.89,-8.84541,1,0.489867
8,6,4,5,2,3,-11.7134,11.8084,0,0.579303
8,7,4,5,3,4,3.06758,2.37366,3,0.674648
9,0,-1,0,4294967295,1,-12.8009,-8.50345,1,0.453627
9,0,0,1,4294967295,1,-11.9759,-8.32773,8,1.35225
9,0,0,2,4294967295,1,-13.3385,-7.86268,8,1.36651
9,0,0,3,4294967295,1,-13.1674,-9.24799,8,1.38108
9,1,-1,0,4294967295,2,13.0699,-8.2115,1,0.597033
9,1,0,1,4294967295,2,12.2358,-7.81492,4,0.587068
9,1,1,2,4294967295,2,12.8116,-8.99921,3,0.609332
9,1,1,3,4294967295,2,13.4155,-7.23408,3,0.564676
9,2,-1,0,4294967295,3,-12.605,10.171,1,0.468218
9,2,0,1,4294967295,3,-12.5419,11.3172,4,0.500671
9,2,1,2,4294967295,3,-13.5665,10.6285,3,0.512813
9,2,1,3,4294967295,3,-11.7732,10.2601,3,0.547041
9,2,0,4,4294967295,3,-12.43,8.87945,0,0.569308
9,2,4,5,4294967295,3,-11.5286,7.76524,0,0.716775
9,2,5,6,4294967295,3,-10.2391,7.88993,0,0.845829
9,2,6,7,4294967295,3,-8.94616,7.90798,0,0.93157
9,2,7,8,4294967295,3,-7.85703,8.64424,0,0.936638
9,3,-1,0,4294967295,4,2.7136,5.17103,1,0.763344
9,3,0,1,4294967295,4,1.84296,5.72171,4,0.760599
9,3,1,2,4294967295,4,1.87431,4.39446,3,0.763631
9,3,1,3,4294967295,4,3.05579,6.12546,3,0.740228
9,3,0,4,4294967295,4,3.59377,4.60139,2,0.762114
9,3,4,5,4294967295,4,4.55098,3.65483,3,0.762379
9,5,-1,0,1,2,11.31,-9.37853,1,0.405879
9,6,-1,0,2,3,-11.9884,9.53704,1,0.610664
9,7,-1,0,3,4,1.62582,3.72676,1,0.478269
9,4,-1,0,0,1,-12.3322,-9.15162,1,0.642267
9,5,0,1,1,2,10.9579,-8.52758,4,0.451353
9,6,0,1,2,3,-11.5686,8.56089,4,0.566182
9,7,0,1,3,4,0.800269,4.26028,4,0.522234
9,5,1,2,1,2,10.5304,-9.77194,3,0.527805
9,6,1,2,2,3,-11.1265,9.76015,3,0.567715
9,7,1,2,3,4,0.948129,2.92089,3,0.581029
9,5,1,3,1,2,12.198,-8.9591,3,0.463123
9,6,1,3,2,3,-12.8604,8.63808,3,0.524066
9,7,1,3,3,4,1.94048,4.90884,3,0.53813
9,6,0,4,2,3,-12.1866,10.785,0,0.62952
9,7,0,4,3,4,2.38689,3.09922,2,0.552028
9,8,-1,0,5,2,11.7053,-8.66786,1,0.473867
9,6,4,5,2,3,-12.0069,12.0761,0,0.616231
9,7,4,5,3,4,2.93899,2.15605,3,0.651057
9,6,5,6,2,3,-11.6511,13.3214,0,0.585973
9,9,-1,0,7,4,0.798515,3.75046,1,0.6304
10,0,-1,0,4294967295,1,-12.8019,-8.50395,1,0.447227
10,0,0,1,4294967295,1,-11.9769,-8.32873,8,1.339
10,0,0,2,4294967295,1,-13.3378,-7.86172,8,1.34735
10,0,0,3,4294967295,1,-13.1681,-9.24887,8,1.35589
10,1,-1,0,4294967295,2,12.7791,-7.95015,1,0.636016
10,1,0,1,4294967295,2,12.0211,-7.43917,4,0.613362
10,1,1,2,4294967295,2,12.4482,-8.6751,3,0.588191
10,1,1,3,4294967295,2,13.318,-7.25141,3,0.624952
10,2,-1,0,4294967295,3,-12.1932,10.3371,1,0.136094
10,2,0,1,4294967295,3,-12.3456,11.4254,4,0.460621
10,2,1,2,4294967295,3,-13.4239,10.749,3,0.466792
10,2,1,3,4294967295,3,-11.1559,10.8393,3,0.547821
10,2,0,4,4294967295,3,-11.9274,9.10774,0,0.552037
10,2,4,5,4294967295,3,-11.622,7.84578,0,0.696879
10,2,5,6,4294967295,3,-10.405,7.67374,0,0.796255
10,2,6,7,4294967295,3,-9.15197,7.752,0,0.880202
10,2,7,8,4294967295,3,-8.25897,8.69251,0,0.931892
10,3,-1,0,4294967295,4,2.25857,5.45968,1,0.733998
10,3,0,1,4294967295,4,1.20382,5.55592,4,0.72071
10,3,1,2,4294967295,4,2.19745,4.70388,3,0.731633
10,3,1,3,4294967295,4,1.7884,6.66389,3,0.704858
10,3,0,4,4294967295,4,3.26924,5.10482,2,0.739116
10,3,4,5,4294967295,4,4.06334,4.57381,3,0.738927
10,5,-1,0,1,2,10.8126,-8.9796,1,0.425102
10,6,-1,0,2,3,-11.5141,9.77008,1,0.596183
10,7,-1,0,3,4,1.23399,4.0101,1,0.539394
10,4,-1,0,0,1,-12.3304,-9.15021,1,0.626267
10,5,0,1,1,2,10.403,-8.18456,4,0.429992
10,6,0,1,2,3,-10.9694,8.82938,4,0.551362
10,7,0,1,3,4,0.327599,4.54214,4,0.537695
10,5,1,2,1,2,10.2049,-9.48429,3,0.444525
10,6,1,2,2,3,-10.5306,10.0528,3,0.553189
10,7,1,2,3,4,0.882493,3.35134,3,0.540937
10,5,1,3,1,2,11.5973,-8.79826,3,0.431461
10,6,1,3,2,3,-12.2012,8.42501,3,0.509819
10,7,1,3,3,4,1.51467,4.89332,3,0.548659
10,6,0,4,2,3,-11.8099,10.9934,0,0.606418
10,7,0,4,3,4,2.08301,3.28756,2,0.549081
10,8,-1,0,5,2,11.1005,-8.20454,1,0.457867
10,6,4,5,2,3,-11.8347,12.3254,0,0.598443
10,7,4,5,3,4,2.85291,2.26743,3,0.557548
10,6,5,6,2,3,-12.3832,13.5115,0,0.58295
10,9,-1,0,7,4,0.419832,3.86302,1,0.7344
10,6,6,7,2,3,-11.2808,14.1527,0,0.527891
11,0,-1,0,4294967295,1,-12.8019,-8.50412,1,0.440827
11,0,0,1,4294967295,1,-11.9767,-8.32945,8,1.32328
11,0,0,2,4294967295,1,-13.3381,-7.86217,8,1.32818
11,0,0,3,4294967295,1,-13.1694,-9.24835,8,1.33318
11,1,-1,0,4294967295,2,12.4545,-7.77254,1,0.662511
11,1,0,1,4294967295,2,11.9438,-7.01238,4,0.611972
11,1,1,2,4294967295,2,11.8959,-8.32848,3,0.58959
11,1,1,3,4294967295,2,13.2513,-7.13654,3,0.600978
11,2,-1,0,4294967295,3,-11.7304,10.5197,1,0.458532
11,2,0,1,4294967295,3,-11.6867,11.6554,4,0.414642
11,2,1,2,4294967295,3,-12.8364,11.1462,3,0.381417
11,2,1,3,4294967295,3,-10.6479,10.9789,3,0.435401
11,2,0,4,4294967295,3,-11.7881,9.27746,0,0.633362
11,2,4,5,4294967295,3,-11.5529,7.89868,0,0.653711
11,2,5,6,4294967295,3,-10.3566,7.61482,0,0.764235
11,2,6,7,4294967295,3,-9.13788,7.5325,0,0.87251
11,2,7,8,4294967295,3,-8.36351,8.52944,0,0.963378
11,3,-1,0,4294967295,4,1.72819,5.6603,1,0.723985
11,3,0,1,4294967295,4,0.886945,5.14189,4,0.715825
11,3,1,2,4294967295,4,2.1869,5.0077,3,0.72403
11,3,1,3,4294967295,4,1.14204,6.36795,3,0.705457
11,3,0,4,4294967295,4,2.68342,5.92875,2,0.721978
11,3,4,5,4294967295,4,3.49199,5.78194,3,0.715683
11,5,-1,0,1,2,10.2929,-8.67877,1,0.428558
11,6,-1,0,2,3,-11.0427,9.97013,1,0.609284
11,7,-1,0,3,4,0.865004,4.01487,1,0.538872
11,4,-1,0,0,1,-12.3289,-9.14938,1,0.610267
11,5,0,1,1,2,10.0002,-7.81556,4,0.4465
11,6,0,1,2,3,-10.2493,9.26431,4,0.609344
11,7,0,1,3,4,0.060624,4.47449,4,0.515611
11,5,1,2,1,2,9.57637,-9.05569,3,0.540517
11,6,1,2,2,3,-10.3552,10.5353,3,0.577478
11,7,1,2,3,4,0.627801,3.27126,3,0.518753
11,5,1,3,1,2,11.1564,-8.48067,3,0.429828
11,6,1,3,2,3,-11.3966,8.73065,3,0.532314
11,7,1,3,3,4,1.35949,4.58936,3,0.506474
11,6,0,4,2,3,-11.6491,11.0492,0,0.612639
11,7,0,4,3,4,1.74237,3.60804,2,0.564672
11,8,-1,0,5,2,10.6782,-7.95946,1,0.561867
11,6,4,5,2,3,-11.9707,12.3223,0,0.596483
11,7,4,5,3,4,2.2629,3.19807,3,0.582885
11,6,5,6,2,3,-12.4544,13.4354,0,0.591274
11,9,-1,0,7,4,0.127576,3.65498,1,0.8384
11,6,6,7,2,3,-11.9425,14.6259,0,0.644563
12,0,-1,0,4294967295,1,-12.8023,-8.50433,1,0.438456
12,0,0,1,4294967295,1,-11.9771,-8.33008,8,1.42164
12,0,0,2,4294967295,1,-13.3379,-7.86175,8,1.30922
12,0,0,3,4294967295,1,-13.1696,-9.24868,8,1.31215
12,1,-1,0,4294967295,2,12.2809,-7.47392,1,0.633273
12,1,0,1,4294967295,2,11.769,-6.70888,4,0.651874
12,1,1,2,4294967295,2,11.6663,-8.01932,3,0.618167
12,1,1,3,4294967295,2,13.0628,-6.89065,3,0.683825
12,2,-1,0,4294967295,3,-11.1556,10.8145,1,0.529413
12,2,0,1,4294967295,3,-10.9854,11.8977,4,0.473056
12,2,1,2,4294967295,3,-12.2305,11.5905,3,0.400453
12,2,1,3,4294967295,3,-10.2435,10.8909,3,0.517526
12,2,0,4,4294967295,3,-11.483,9.58198,0,0.616511
12,2,4,5,4294967295,3,-11.5218,8.22072,0,0.722039
12,2,5,6,4294967295,3,-10.3742,7.65272,0,0.795876
12,2,6,7,4294967295,3,-9.12553,7.36197,0,0.857848
12,2,7,8,4294967295,3,-8.12294,8.20615,0,0.892482
12,3,-1,0,4294967295,4,1.20776,5.64141,1,0.699017
12,3,0,1,4294967295,4,0.345744,5.02462,4,0.707162
12,3,1,2,4294967295,4,1.62724,4.92088,3,0.697498
12,3,1,3,4294967295,4,0.581491,6.23491,3,0.756644
12,3,0,4,4294967295,4,2.0676,6.30049,2,0.698555
12,3,4,5,4294967295,4,3.2826,6.98197,3,0.694504
12,5,-1,0,1,2,9.70582,-8.26894,1,0.464571
12,6,-1,0,2,3,-10.5246,10.2604,1,0.585931
12,7,-1,0,3,4,0.549495,4.01989,1,0.517194
12,4,-1,0,0,1,-12.3281,-9.1486,1,0.594267
12,5,0,1,1,2,9.80272,-7.367,4,0.570758
12,6,0,1,2,3,-9.56276,9.64993,4,0.599726
12,7,0,1,3,4,-0.351715,4.38981,4,0.494911
12,5,1,2,1,2,8.86557,-8.28273,3,0.532395
12,6,1,2,2,3,-9.50141,10.9279,3,0.574412
12,7,1,2,3,4,0.333102,3.2617,3,0.498014
12,5,1,3,1,2,10.6991,-8.38619,3,0.50215
12,6,1,3,2,3,-10.5277,8.83124,3,0.52882
12,7,1,3,3,4,0.908036,4.64423,3,0.483621
12,6,0,4,2,3,-11.5577,11.1426,0,0.584859
12,7,0,4,3,4,1.53332,3.76907,2,0.533568
12,8,-1,0,5,2,10.3786,-7.79308,1,0.545867
12,6,4,5,2,3,-11.9603,12.4622,0,0.590011
12,7,4,5,3,4,2.644,3.22469,3,0.540389
12,6,5,6,2,3,-12.5133,13.6694,0,0.595832
12,9,-1,0,7,4,-0.203235,3.70256,1,0.8224
12,6,6,7,2,3,-12.5746,14.9824,0,0.600661
13,0,-1,0,4294967295,1,-12.8024,-8.50445,1,0.451941
13,0,0,1,4294967295,1,-11.9771,-8.33044,8,1.38174
13,0,0,2,4294967295,1,-13.3379,-7.8619,8,1.38619
13,0,0,3,4294967295,1,-13.1702,-9.24851,8,1.31759
13,1,-1,0,4294967295,2,11.8209,-7.37292,1,0.407636
13,1,0,1,4294967295,2,11.5671,-6.38293,4,0.489161
13,1,1,2,4294967295,2,10.7861,-7.38959,3,0.623277
13,1,1,3,4294967295,2,12.8431,-6.56716,3,0.518799
13,2,-1,0,4294967295,3,-10.4955,11.3796,1,0.478364
13,2,0,1,4294967295,3,-10.0219,12.2997,4,0.458882
13,2,1,2,4294967295,3,-11.25,11.9697,3,0.38374
13,2,1,3,4294967295,3,-9.60563,11.0685,3,0.445117
13,2,0,4,4294967295,3,-11.0574,10.2145,0,0.564282
13,2,4,5,4294967295,3,-11.386,8.90096,0,0.685841
13,2,5,6,4294967295,3,-10.4331,8.06918,0,0.800889
13,2,6,7,4294967295,3,-9.33259,7.4239,0,0.883252
13,2,7,8,4294967295,3,-8.06977,7.78097,0,0.902966
13,3,-1,0,4294967295,4,0.780018,5.85868,1,0.686854
13,3,0,1,4294967295,4,0.0491651,5.13828,4,0.702602
13,3,1,2,4294967295,4,1.34772,5.00627,3,0.689569
13,3,1,3,4294967295,4,-0.0374332,6.38295,3,0.758587
13,3,0,4,4294967295,4,1.47248,6.6169,2,0.680955
13,3,4,5,4294967295,4,2.12668,7.07455,3,0.676242
13,5,-1,0,1,2,9.2689,-7.67851,1,0.483636
13,6,-1,0,2,3,-10.0114,10.4286,1,0.632629
13,7,-1,0,3,4,0.434656,3.91829,1,0.51339
13,4,-1,0,0,1,-12.3274,-9.14819,1,0.578267
13,5,0,1,1,2,9.90462,-7.00749,4,0.481462
13,6,0,1,2,3,-8.94578,10.0791,4,0.631278
13,7,0,1,3,4,-0.547981,4.23186,4,0.48078
13,5,1,2,1,2,8.59595,-7.11623,3,0.478209
13,6,1,2,2,3,-9.10001,11.3725,3,0.778777
13,7,1,2,3,4,0.160677,3.12894,3,0.481451
13,5,1,3,1,2,10.1107,-8.35497,3,0.491142
13,6,1,3,2,3,-9.65887,9.03008,3,0.530937
13,7,1,3,3,4,0.597761,4.73841,3,0.461993
13,6,0,4,2,3,-11.1952,11.0885,0,0.59614
13,7,0,4,3,4,1.47289,3.67574,2,0.535153
13,8,-1,0,5,2,10.0737,-7.66952,1,0.529867
13,6,4,5,2,3,-11.7597,12.5058,0,0.581759
13,7,4,5,3,4,2.49608,3.25797,3,0.54178
13,6,5,6,2,3,-12.5969,13.485,0,0.584937
13,9,-1,0,7,4,-0.343547,3.65235,1,0.8064
13,6,6,7,2,3,-12.5489,14.7532,0,0.594865
13,10,-1,0,1,2,12.4818,-7.97509,1,0.504267
13,6,7,8,2,3,-12.27,16.022,0,0.604321
14,0,-1,0,4294967295,1,-12.8026,-8.50455,1,0.445626
14,0,0,1,4294967295,1,-11.9772,-8.33073,8,1.35428
14,0,0,2,4294967295,1,-13.3378,-7.86179,8,1.35688
14,0,0,3,4294967295,1,-13.1704,-9.24861,8,1.31669
14,1,-1,0,4294967295,2,11.602,-7.02628,1,0.46305
14,1,0,1,4294967295,2,11.3117,-6.16535,4,0.477779
14,1,1,2,4294967295,2,10.8189,-7.40062,3,0.504615
14,1,1,3,4294967295,2,12.5874,-6.52203,3,0.477337
14,2,-1,0,4294967295,3,-9.75654,11.8825,1,0.577875
14,2,0,1,4294967295,3,-8.95353,12.5322,4,0.604752
14,2,1,2,4294967295,3,-10.2118,12.7366,3,0.438607
14,2,1,3,4294967295,3,-9.56014,11.3421,3,0.483105
14,2,0,4,4294967295,3,-10.4288,10.7692,0,0.637006
14,2,4,5,4294967295,3,-11.0393,9.63761,0,0.703824
14,2,5,6,4294967295,3,-10.3343,8.57914,0,0.781509
14,2,6,7,4294967295,3,-9.54533,7.54213,0,0.85217
14,2,7,8,4294967295,3,-8.2441,7.26382,0,0.990951
14,3,-1,0,4294967295,4,0.16779,5.84319,1,0.675344
14,3,0,1,4294967295,4,-0.30326,4.98373,4,0.69479
14,3,1,2,4294967295,4,0.877949,5.54254,3,0.682323
14,3,1,3,4294967295,4,-0.590783,6.20865,3,0.754036
14,3,0,4,4294967295,4,0.733582,6.65792,2,0.665644
14,3,4,5,4294967295,4,1.49249,7.23634,3,0.658874
14,5,-1,0,1,2,9.07629,-7.03,1,0.461953
14,6,-1,0,2,3,-9.30445,10.8309,1,0.495915
14,7,-1,0,3,4,0.27986,3.84822,1,0.529677
14,4,-1,0,0,1,-12.327,-9.14782,1,0.562267
14,5,0,1,1,2,9.99116,-6.89522,4,0.472802
14,6,0,1,2,3,-8.25331,10.7751,4,0.595034
14,7,0,1,3,4,-0.65925,3.98999,4,0.520705
14,5,1,2,1,2,8.85741,-6.21613,3,0.548026
14,6,1,2,2,3,-8.96061,11.8985,3,0.676213
14,7,1,2,3,4,0.268479,3.0233,3,0.587778
14,5,1,3,1,2,9.40999,-8.12251,3,0.45508
14,6,1,3,2,3,-8.82901,9.64747,3,0.656547
14,7,1,3,3,4,0.410548,4.68142,3,0.464891
14,6,0,4,2,3,-10.5176,11.3463,0,0.511284
14,7,0,4,3,4,1.23115,3.6776,2,0.545349
14,8,-1,0,5,2,9.70004,-7.52182,1,0.513867
14,6,4,5,2,3,-11.5595,12.1767,0,0.550219
14,7,4,5,3,4,1.85118,3.35547,3,0.541102
14,6,5,6,2,3,-12.3703,13.1975,0,0.570011
14,9,-1,0,7,4,-0.359296,3.33856,1,0.7904
14,6,6,7,2,3,-12.3089,14.5436,0,0.577443
14,10,-1,0,1,2,12.389,-7.04072,1,0.488267
14,6,7,8,2,3,-12.7417,15.8162,0,0.580408
14,11,-1,0,6,3,-8.57173,11.156,1,0.631733
15,0,-1,0,4294967295,1,-12.8026,-8.50461,1,0.439227
15,0,0,1,4294967295,1,-11.9773,-8.33092,8,1.33025
15,0,0,2,4294967295,1,-13.3378,-7.86179,8,1.33177
15,0,0,3,4294967295,1,-13.1706,-9.24858,8,1.30822
15,1,-1,0,4294967295,2,11.6182,-6.56864,1,0.476932
15,1,0,1,4294967295,2,10.9499,-5.88811,4,0.559833
15,1,1,2,4294967295,2,10.9888,-7.18359,3,0.474117
15,1,1,3,4294967295,2,12.2476,-5.87853,3,0.535551
15,2,-1,0,4294967295,3,-9.30036,12.3747,1,0.597249
15,2,0,1,4294967295,3,-8.43208,12.946,4,0.563006
15,2,1,2,4294967295,3,-9.49834,13.7158,3,0.500749
15,2,1,3,4294967295,3,-8.72025,11.6757,3,0.49015
15,2,0,4,4294967295,3,-10.0881,11.3159,0,0.659349
15,2,4,5,4294967295,3,-10.5312,10.0573,0,0.739284
15,2,5,6,4294967295,3,-10.0289,8.86713,0,0.89106
15,2,6,7,4294967295,3,-9.68088,7.62412,0,0.850648
15,2,7,8,4294967295,3,-8.66307,6.81061,0,0.873133
15,3,-1,0,4294967295,4,-0.435,5.81629,1,0.492345
15,3,0,1,4294967295,4,-0.757343,4.76204,4,0.566842
15,3,1,2,4294967295,4,0.380899,5.31296,3,0.616471
15,3,1,3,4294967295,4,-1.38955,5.7907,3,0.60856
15,3,0,4,4294967295,4,0.0318846,6.82659,2,0.53157
15,3,4,5,4294967295,4,1.08261,7.70161,3,0.579597
15,5,-1,0,1,2,9.12009,-6.63599,1,0.453673
15,6,-1,0,2,3,-8.27699,11.2553,1,0.384981
15,7,-1,0,3,4,-0.0587887,3.7764,1,0.533721
15,4,-1,0,0,1,-12.3266,-9.14759,1,0.546267
15,5,0,1,1,2,10.0272,-6.72777,4,0.450704
15,6,0,1,2,3,-7.34398,10.9678,4,0.572755
15,7,0,1,3,4,-1.03871,3.69556,4,0.495502
15,5,1,2,1,2,9.0767,-5.81531,3,0.470864
15,6,1,2,2,3,-8.07563,12.1063,3,0.623351
15,7,1,2,3,4,0.153777,3.1188,3,0.512483
15,5,1,3,1,2,9.05824,-7.664,3,0.437101
15,6,1,3,2,3,-8.36777,10.1164,3,0.648547
15,7,1,3,3,4,-0.0991075,4.54201,3,0.463794
15,6,0,4,2,3,-9.49037,11.7281,0,0.476999
15,7,0,4,3,4,0.980436,3.7325,2,0.601156
15,8,-1,0,5,2,9.59566,-7.28786,1,0.497867
15,6,4,5,2,3,-10.7759,12.4153,0,0.555063
15,7,4,5,3,4,2.23103,3.24482,3,0.637243
15,6,5,6,2,3,-11.9955,13.0316,0,0.586808
15,9,-1,0,7,4,-0.547318,3.11144,1,0.7744
15,6,6,7,2,3,-12.3891,14.2873,0,0.581633
15,10,-1,0,1,2,12.178,-7.18392,1,0.472267
15,6,7,8,2,3,-13.0589,15.3851,0,0.571854
15,11,-1,0,6,3,-7.57979,11.7305,1,0.619954
15,12,-1,0,3,4,0.33999,6.04327,1,0.510667
15,11,0,1,6,3,-6.9219,12.5026,4,0.62058
16,0,-1,0,4294967295,1,-12.8027,-8.50464,1,0.432827
16,0,0,1,4294967295,1,-11.9773,-8.33105,8,1.30822
16,0,0,2,4294967295,1,-13.3378,-7.86177,8,1.30911
16,0,0,3,4294967295,1,-13.1708,-9.24858,8,1.29531
16,1,-1,0,4294967295,2,11.4042,-6.26588,1,0.511576
16,1,0,1,4294967295,2,10.8321,-5.55491,4,0.506914
16,1,1,2,4294967295,2,10.8571,-6.86697,3,0.49315
16,1,1,3,4294967295,2,12.1545,-5.47747,3,0.523284
16,2,-1,0,4294967295,3,-8.71831,12.907,1,0.63
16,2,0,1,4294967295,3,-7.93142,13.5824,4,0.575176
16,2,1,2,4294967295,3,-9.19059,13.8466,3,0.545197
16,2,1,3,4294967295,3,-7.97352,12.2711,3,0.565416
16,2,0,4,4294967295,3,-9.54564,11.9141,0,0.698155
16,2,4,5,4294967295,3,-10.0846,10.5699,0,0.815647
16,2,5,6,4294967295,3,-9.76804,9.19596,0,0.82488
16,2,6,7,4294967295,3,-9.75123,7.81401,0,0.89637
16,2,7,8,4294967295,3,-9.17007,6.5826,0,0.859734
16,3,-1,0,4294967295,4,-0.74593,5.72361,1,0.53255
16,3,0,1,4294967295,4,-1.17054,4.77972,4,0.537417
16,3,1,2,4294967295,4,0.0897824,5.03523,3,0.554864
16,3,1,3,4294967295,4,-1.96061,5.77547,3,0.532142
16,3,0,4,4294967295,4,-0.443311,6.69448,2,0.530008
16,3,4,5,4294967295,4,-0.148706,7.33764,3,0.52838
16,5,-1,0,1,2,9.2472,-6.41788,1,0.428471
16,6,-1,0,2,3,-7.41967,11.5156,1,0.50673
16,7,-1,0,3,4,-0.135372,3.53797,1,0.432576
16,4,-1,0,0,1,-12.3264,-9.14742,1,0.530267
16,5,0,1,1,2,10.1456,-6.51296,4,0.42179
16,6,0,1,2,3,-6.57194,10.9039,4,0.520607
16,7,0,1,3,4,-1.17273,3.38949,4,0.44271
16,5,1,2,1,2,9.18147,-5.61488,3,0.430979
16,6,1,2,2,3,-6.51636,12.1929,3,0.507723
16,7,1,2,3,4,-0.0578435,2.70154,3,0.590351
16,5,1,3,1,2,9.04921,-7.27875,3,0.417452
16,6,1,3,2,3,-7.8865,10.8598,3,0.550783
16,7,1,3,3,4,-0.511291,4.44106,3,0.405683
16,6,0,4,2,3,-8.6415,11.955,0,0.512583
16,7,0,4,3,4,0.924599,3.63364,2,0.508256
16,8,-1,0,5,2,9.71924,-7.0899,1,0.481867
16,6,4,5,2,3,-9.88169,12.6374,0,0.544823
16,7,4,5,3,4,1.87426,3.51312,3,0.606712
16,6,5,6,2,3,-11.2087,13.0092,0,0.578616
16,9,-1,0,7,4,-0.697043,2.95634,1,0.631763
16,6,6,7,2,3,-12.228,13.9516,0,0.578368
16,10,-1,0,1,2,11.754,-6.98422,1,0.456267
16,6,7,8,2,3,-13.3203,14.7934,0,0.569728
16,11,-1,0,6,3,-6.62203,11.6546,1,0.656444
16,12,-1,0,3,4,0.0768573,5.79895,1,0.494667
16,11,0,1,6,3,-6.20057,12.6328,4,0.64009
16,9,0,1,7,4,-1.55577,2.44188,4,0.606237
17,0,-1,0,4294967295,1,-12.8027,-8.50466,1,0.426427
17,0,0,1,4294967295,1,-11.9773,-8.33112,8,1.28736
17,0,0,2,4294967295,1,-13.3378,-7.86174,8,1.28788
17,0,0,3,4294967295,1,-13.1709,-9.24858,8,1.2798
17,1,-1,0,4294967295,2,11.2662,-5.91089,1,0.482808
17,1,0,1,4294967295,2,10.7497,-5.15668,4,0.473358
17,1,1,2,4294967295,2,10.7564,-6.46966,3,0.460435
17,1,1,3,4294967295,2,12.0392,-5.40237,3,0.485146
17,2,-1,0,4294967295,3,-8.05447,13.2507,1,0.686414
17,2,0,1,4294967295,3,-7.37739,14.0537,4,0.590476
17,2,1,2,4294967295,3,-8.64999,14.176,3,0.538807
17,2,1,3,4294967295,3,-7.25003,12.7585,3,0.57548
17,2,0,4,4294967295,3,-8.731,12.1454,0,0.781353
17,2,4,5,4294967295,3,-9.43985,10.9215,0,0.856401
17,2,5,6,4294967295,3,-9.49706,9.56546,0,0.921162
17,2,6,7,4294967295,3,-9.86317,8.268,0,0.855043
17,2,7,8,4294967295,3,-9.70794,6.93529,0,0.844606
17,3,-1,0,4294967295,4,-1.17755,5.28928,1,0.50964
17,3,0,1,4294967295,4,-1.3985,4.31699,4,0.50224
17,3,1,2,4294967295,4,-0.355087,5.06991,3,0.51508
17,3,1,3,4294967295,4,-1.89412,5.4831,3,0.489476
17,3,0,4,4294967295,4,-1.10332,6.3023,2,0.510328
17,3,4,5,4294967295,4,-0.696283,7.32538,3,0.507936
17,5,-1,0,1,2,9.26421,-6.24936,1,0.400589
17,6,-1,0,2,3,-6.86719,11.5067,1,0.52125
17,7,-1,0,3,4,-0.405734,3.29454,1,0.46856
17,4,-1,0,0,1,-12.3263,-9.1473,1,0.514267
17,5,0,1,1,2,10.149,-6.18838,4,0.393036
17,6,0,1,2,3,-6.28896,10.6492,4,0.509143
17,7,0,1,3,4,-1.2978,2.93531,4,0.445245
17,5,1,2,1,2,9.10154,-5.41305,3,0.40109
17,6,1,2,2,3,-5.30656,11.5715,3,0.480619
17,7,1,2,3,4,-0.049084,2.4504,3,0.471002
17,5,1,3,1,2,9.21841,-7.14858,3,0.388542
17,6,1,3,2,3,-7.56826,11.0025,3,0.527247
17,7,1,3,3,4,-0.680781,4.02502,3,0.409829
17,6,0,4,2,3,-7.91629,12.2373,0,0.533037
17,7,0,4,3,4,0.491349,3.68269,2,0.492682
17,8,-1,0,5,2,9.86119,-6.83684,1,0.465867
17,6,4,5,2,3,-9.17907,12.9284,0,0.558168
17,7,4,5,3,4,1.28854,3.76667,3,0.507668
17,6,5,6,2,3,-10.5587,13.1149,0,0.584072
17,9,-1,0,7,4,-0.718865,2.54939,1,0.592175
17,6,6,7,2,3,-11.7711,13.7438,0,0.577657
17,10,-1,0,1,2,11.4317,-6.70756,1,0.440267
17,6,7,8,2,3,-13.1215,13.8849,0,0.566739
17,11,-1,0,6,3,-6.10044,11.5884,1,0.621263
17,12,-1,0,3,4,-0.62499,5.89085,1,0.478667
17,11,0,1,6,3,-5.61349,12.4612,4,0.611271
17,9,0,1,7,4,-1.71097,2.36847,4,0.581825
18,0,-1,0,4294967295,1,-12.8028,-8.50467,1,0.431938
18,0,0,1,4294967295,1,-11.9774,-8.33116,8,1.35267
18,0,0,2,4294967295,1,-13.3378,-7.86174,8,1.2788
18,0,0,3,4294967295,1,-13.1709,-9.24858,8,1.27406
18,1,-1,0,4294967295,2,11.206,-5.68761,1,0.480306
18,1,0,1,4294967295,2,10.7963,-4.87108,4,0.470009
18,1,1,2,4294967295,2,10.6058,-6.16944,3,0.45647
18,1,1,3,4294967295,2,12.0497,-5.26328,3,0.480773
18,2,-1,0,4294967295,3,-7.42164,13.5258,1,0.707492
18,2,0,1,4294967295,3,-6.70525,14.2751,4,0.648543
18,2,1,2,4294967295,3,-7.98248,14.5002,3,0.604188
18,2,1,3,4294967295,3,-6.62565,12.9885,3,0.66066
18,2,0,4,4294967295,3,-8.14087,12.4653,0,0.774791
18,2,4,5,4294967295,3,-8.87249,11.2659,0,0.844514
18,2,5,6,4294967295,3,-9.15602,9.93773,0,0.903061
18,2,6,7,4294967295,3,-9.91422,8.83412,0,0.939343
18,2,7,8,4294967295,3,-10.1197,7.52906,0,0.955188
18,3,-1,0,4294967295,4,-1.58169,5.10662,1,0.480922
18,3,0,1,4294967295,4,-1.60428,4.04796,4,0.468458
18,3,1,2,4294967295,4,-0.638854,4.86232,3,0.479577
18,3,1,3,4294967295,4,-2.58568,4.7924,3,0.453452
18,3,0,4,4294967295,4,-1.52772,6.17853,2,0.484972
18,3,4,5,4294967295,4,-1.20288,7.37742,3,0.482336
18,5,-1,0,1,2,9.13147,-6.03744,1,0.401577
18,6,-1,0,2,3,-6.53454,11.1771,1,0.299346
18,7,-1,0,3,4,-0.690196,2.97327,1,0.469734
18,4,-1,0,0,1,-12.3262,-9.14722,1,0.498267
18,5,0,1,1,2,9.99573,-5.76204,4,0.394078
18,6,0,1,2,3,-6.46056,10.0921,4,0.587824
18,7,0,1,3,4,-1.5427,2.46357,4,0.426721
18,5,1,2,1,2,8.80019,-5.25933,3,0.390646
18,6,1,2,2,3,-5.2751,10.5551,3,0.616488
18,7,1,2,3,4,-0.22475,2.46847,3,0.431949
18,5,1,3,1,2,9.44852,-7.00499,3,0.398793
18,6,1,3,2,3,-7.5032,10.8808,3,0.551591
18,7,1,3,3,4,-1.06154,3.60541,3,0.39533
18,6,0,4,2,3,-7.25004,12.3147,0,0.429736
18,7,0,4,3,4,0.199326,3.56416,2,0.501543
18,8,-1,0,5,2,9.83628,-6.44527,1,0.449867
18,6,4,5,2,3,-8.49577,13.1511,0,0.517446
18,7,4,5,3,4,1.46719,4.11508,3,0.502286
18,6,5,6,2,3,-9.89692,13.1665,0,0.545185
18,9,-1,0,7,4,-0.951283,2.16448,1,0.559879
18,6,6,7,2,3,-11.2176,13.4732,0,0.553192
18,10,-1,0,1,2,11.5379,-6.41824,1,0.424267
18,6,7,8,2,3,-12.5154,13.1604,0,0.555122
18,11,-1,0,6,3,-5.76148,11.5138,1,0.58545
18,12,-1,0,3,4,-0.920976,5.56548,1,0.462667
18,11,0,1,6,3,-5.25403,12.4075,4,0.563284
18,9,0,1,7,4,-1.92818,1.80273,4,0.550121
18,11,1,2,6,3,-6.54295,12.1874,3,0.535399
19,0,-1,0,4294967295,1,-12.8028,-8.50467,1,0.437542
19,0,0,1,4294967295,1,-11.9774,-8.33116,8,1.32381
19,0,0,2,4294967295,1,-13.3378,-7.86174,8,1.28052
19,0,0,3,4294967295,1,-13.1709,-9.24858,8,1.35159
19,1,-1,0,4294967295,2,11.2346,-5.44735,1,0.446893
19,1,0,1,4294967295,2,10.9275,-4.57218,4,0.436192
19,1,1,2,4294967295,2,10.5266,-5.80965,3,0.422958
19,1,1,3,4294967295,2,12.1247,-5.10124,3,0.446987
19,2,-1,0,4294967295,3,-6.8429,13.6359,1,0.731748
19,2,0,1,4294967295,3,-6.22176,14.4325,4,0.668136
19,2,1,2,4294967295,3,-7.53338,14.3664,3,0.644403
19,2,1,3,4294967295,3,-6.2081,13.1205,3,0.657743
19,2,0,4,4294967295,3,-7.48902,12.5472,0,0.793782
19,2,4,5,4294967295,3,-8.45198,11.586,0,0.852652
19,2,5,6,4294967295,3,-8.92154,10.3535,0,0.906973
19,2,6,7,4294967295,3,-9.82373,9.40128,0,0.957168
19,2,7,8,4294967295,3,-10.3381,8.19714,0,1.00216
19,3,-1,0,4294967295,4,-1.89895,4.97495,1,0.451569
19,3,0,1,4294967295,4,-1.83312,3.96317,4,0.436492
19,3,1,2,4294967295,4,-0.860873,4.80036,3,0.446332
19,3,1,3,4294967295,4,-2.9616,4.51888,3,0.421511
19,3,0,4,4294967295,4,-1.92517,5.97018,2,0.458408
19,3,4,5,4294967295,4,-1.7372,6.61419,3,0.456816
19,5,-1,0,1,2,9.03027,-5.77941,1,0.372158
19,6,-1,0,2,3,-6.61509,10.7607,1,0.535911
19,7,-1,0,3,4,-0.799774,2.75561,1,0.451138
19,4,-1,0,0,1,-12.3261,-9.14714,1,0.482267
19,5,0,1,1,2,9.86243,-5.40553,4,0.363991
19,6,0,1,2,3,-6.63804,9.6883,4,0.562782
19,7,0,1,3,4,-1.60187,2.0876,4,0.452384
19,5,1,2,1,2,8.60091,-5.08415,3,0.359277
19,6,1,2,2,3,-5.56607,10.3986,3,0.579568
19,7,1,2,3,4,-0.292788,1.94799,3,0.552113
19,5,1,3,1,2,9.44665,-6.69624,3,0.371602
19,6,1,3,2,3,-7.65645,10.4823,3,0.643727
19,7,1,3,3,4,-1.50946,3.3174,3,0.397095
19,6,0,4,2,3,-7.01304,11.9878,0,0.504975
19,7,0,4,3,4,-0.00907242,3.43063,2,0.461645
19,8,-1,0,5,2,9.76948,-6.09828,1,0.433867
19,6,4,5,2,3,-7.87115,13.1346,0,0.496851
19,7,4,5,3,4,0.710956,3.80406,3,0.466939
19,6,5,6,2,3,-9.18372,13.1256,0,0.508461
19,9,-1,0,7,4,-0.972037,1.97892,1,0.64921
19,6,6,7,2,3,-10.4977,13.2499,0,0.522397
19,10,-1,0,1,2,11.6189,-6.15729,1,0.408267
19,6,7,8,2,3,-11.7244,12.7434,0,0.530051
19,11,-1,0,6,3,-5.87164,11.1938,1,0.540337
19,12,-1,0,3,4,-1.26965,5.50167,1,0.446667
19,11,0,1,6,3,-5.04575,11.829,4,0.526153
19,9,0,1,7,4,-1.65668,1.24973,4,0.75679
19,11,1,2,6,3,-6.32119,12.0328,3,0.518905
20,0,-1,0,4294967295,1,-12.8028,-8.50467,1,0.431226
20,0,0,1,4294967295,1,-11.9774,-8.33116,8,1.30244
20,0,0,2,4294967295,1,-13.3378,-7.86174,8,1.27708
20,0,0,3,4294967295,1,-13.1709,-9.24858,8,1.31872
20,1,-1,0,4294967295,2,11.2729,-5.1242,1,0.413457
20,1,0,1,4294967295,2,11.1921,-4.2053,4,0.402931
20,1,1,2,4294967295,2,10.497,-5.30752,3,0.390434
20,1,1,3,4294967295,2,12.2382,-4.99882,3,0.413475
20,2,-1,0,4294967295,3,-6.39646,13.6143,1,0.536517
20,2,0,1,4294967295,3,-5.85524,14.4559,4,0.572002
20,2,1,2,4294967295,3,-7.1301,14.0229,3,0.607041
20,2,1,3,4294967295,3,-5.65289,13.1705,3,0.611903
20,2,0,4,4294967295,3,-7.00435,12.4991,0,0.665478
20,2,4,5,4294967295,3,-8.07277,11.7181,0,0.811644
20,2,5,6,4294967295,3,-8.72655,10.6297,0,0.907497
20,2,6,7,4294967295,3,-9.77666,9.90341,0,0.941776
20,2,7,8,4294967295,3,-10.3961,8.78219,0,0.951494
20,3,-1,0,4294967295,4,-2.04116,4.58031,1,0.434475
20,3,0,1,4294967295,4,-1.7483,3.58574,4,0.433953
20,3,1,2,4294967295,4,-1.21868,4.73579,3,0.431093
20,3,1,3,4294967295,4,-2.75777,4.32141,3,0.445272
20,3,0,4,4294967295,4,-2.3597,5.57286,2,0.434491
20,3,4,5,4294967295,4,-2.21519,6.80931,3,0.432725
20,5,-1,0,1,2,8.96092,-5.52134,1,0.343234
20,6,-1,0,2,3,-6.60148,10.4042,1,0.289818
20,7,-1,0,3,4,-1.11408,2.29846,1,0.452532
20,4,-1,0,0,1,-12.3261,-9.14713,1,0.466267
20,5,0,1,1,2,9.76085,-5.11562,4,0.33576
20,6,0,1,2,3,-6.30233,9.35628,4,0.510942
20,7,0,1,3,4,-1.57576,1.44441,4,0.431399
20,5,1,2,1,2,8.48307,-4.84881,3,0.334115
20,6,1,2,2,3,-5.54082,10.3343,3,0.532855
20,7,1,2,3,4,-0.295906,1.87297,3,0.45502
20,5,1,3,1,2,9.28126,-6.37261,3,0.341596
20,6,1,3,2,3,-7.59131,9.54698,3,0.663864
20,7,1,3,3,4,-1.92151,2.65416,3,0.399355
20,6,0,4,2,3,-7.07153,11.6084,0,0.441174
20,7,0,4,3,4,-0.558779,3.1154,2,0.476276
20,8,-1,0,5,2,9.73011,-5.8243,1,0.417867
20,6,4,5,2,3,-7.58568,12.9087,0,0.493312
20,7,4,5,3,4,0.211539,3.66633,3,0.496027
20,6,5,6,2,3,-8.76935,13.0666,0,0.508441
20,9,-1,0,7,4,-0.874603,1.53061,1,0.673577
20,6,6,7,2,3,-9.97621,13.2305,0,0.536742
20,10,-1,0,1,2,11.6114,-5.85268,1,0.392267
20,6,7,8,2,3,-11.039,12.5574,0,0.579119
20,11,-1,0,6,3,-6.19046,11.1245,1,0.507518
20,12,-1,0,3,4,-1.72229,5.33137,1,0.430667
20,11,0,1,6,3,-5.12043,10.8856,4,0.53515
20,9,0,1,7,4,-1.41662,0.69205,4,0.668423
20,11,1,2,6,3,-5.49235,12.1086,3,0.469586
20,13,-1,0,2,3,-6.63973,14.415,1,0.632
20,11,1,3,6,3,-5.21011,9.52043,3,0.807782
21,0,-1,0,4294967295,1,-12.8028,-8.50467,1,0.424827
21,0,0,1,4294967295,1,-11.9774,-8.33116,8,1.28199
21,0,0,2,4294967295,1,-13.3378,-7.86174,8,1.26713
21,0,0,3,4294967295,1,-13.1709,-9.24858,8,1.29153
21,1,-1,0,4294967295,2,11.3645,-4.74811,1,0.431555
21,1,0,1,4294967295,2,11.5847,-3.85461,4,0.460914
21,1,1,2,4294967295,2,10.5432,-4.66035,3,0.41723
21,1,1,3,4294967295,2,12.3213,-4.93916,3,0.429896
21,2,-1,0,4294967295,3,-6.02,13.5526,1,0.410574
21,2,0,1,4294967295,3,-5.69168,14.4825,4,0.5102
21,2,1,2,4294967295,3,-6.79258,13.6888,3,0.563995
21,2,1,3,4294967295,3,-5.12183,13.3142,3,0.561473
21,2,0,4,4294967295,3,-6.56828,12.4399,0,0.62151
21,2,4,5,4294967295,3,-7.67272,11.721,0,0.786842
21,2,5,6,4294967295,3,-8.53261,10.7824,0,0.902291
21,2,6,7,4294967295,3,-9.71173,10.2475,0,1.03781
21,2,7,8,4294967295,3,-10.4652,9.20052,0,1.07404
21,3,-1,0,4294967295,4,-2.08668,4.40755,1,0.409341
21,3,0,1,4294967295,4,-1.60031,3.45996,4,0.399404
21,3,1,2,4294967295,4,-1.13882,4.63475,3,0.40796
21,3,1,3,4294967295,4,-2.84876,3.60157,3,0.388561
21,3,0,4,4294967295,4,-2.53841,5.39027,2,0.411579
21,3,4,5,4294967295,4,-2.82128,6.46408,3,0.40941
21,5,-1,0,1,2,8.88798,-5.28138,1,0.314767
21,6,-1,0,2,3,-6.41324,9.92353,1,0.450926
21,7,-1,0,3,4,-1.33319,1.77422,1,0.437751
21,4,-1,0,0,1,-12.3261,-9.14713,1,0.450267
21,5,0,1,1,2,9.65497,-4.80565,4,0.306806
21,6,0,1,2,3,-6.38017,8.8573,4,0.467865
21,7,0,1,3,4,-1.50919,0.760509,4,0.404863
21,5,1,2,1,2,8.33894,-4.69545,3,0.31265
21,6,1,2,2,3,-5.34819,9.62241,3,0.446215
21,7,1,2,3,4,-0.650684,1.76134,3,0.414329
21,5,1,3,1,2,9.28444,-6.09008,3,0.302822
21,6,1,3,2,3,-7.521,9.5496,3,0.510378
21,7,1,3,3,4,-2.36882,1.64934,3,0.378265
21,6,0,4,2,3,-6.78561,11.0987,0,0.456687
21,7,0,4,3,4,-0.907403,2.78829,2,0.479016
21,8,-1,0,5,2,9.67182,-5.52161,1,0.401867
21,6,4,5,2,3,-7.39047,12.3438,0,0.488319
21,7,4,5,3,4,-0.0863853,3.87846,3,0.525482
21,6,5,6,2,3,-8.57955,12.8937,0,0.528303
21,9,-1,0,7,4,-0.883927,1.06145,1,0.643777
21,6,6,7,2,3,-9.78391,13.3326,0,0.570495
21,10,-1,0,1,2,11.5585,-5.52829,1,0.376267
21,6,7,8,2,3,-10.8141,12.5677,0,0.625194
21,11,-1,0,6,3,-5.65263,10.3997,1,0.594334
21,12,-1,0,3,4,-1.73061,5.12162,1,0.414667
21,11,0,1,6,3,-4.72353,9.88577,4,0.628014
21,9,0,1,7,4,-1.12673,0.0661239,4,0.634223
21,11,1,2,6,3,-4.598,11.184,3,0.552394
21,13,-1,0,2,3,-6.32899,14.3053,1,0.582875
21,11,1,3,6,3,-6.04438,9.61889,3,0.741724
21,13,0,1,2,3,-6.212,15.3098,4,0.538725
22,0,-1,0,4294967295,1,-12.8028,-8.50467,1,0.430217
22,0,0,1,4294967295,1,-11.9774,-8.33116,8,1.27121
22,0,0,2,4294967295,1,-13.3378,-7.86174,8,1.26251
22,0,0,3,4294967295,1,-13.1709,-9.24858,8,1.35753
22,1,-1,0,4294967295,2,11.4449,-4.38809,1,0.411478
22,1,0,1,4294967295,2,11.8858,-3.57863,4,0.403767
22,1,1,2,4294967295,2,10.6736,-4.09041,3,0.406542
22,1,1,3,4294967295,2,12.3825,-4.78943,3,0.404643
22,2,-1,0,4294967295,3,-5.77488,13.5271,1,0.160462
22,2,0,1,4294967295,3,-5.47571,14.4682,4,0.458406
22,2,1,2,4294967295,3,-6.58981,13.6919,3,0.508186
22,2,1,3,4294967295,3,-4.66436,13.4361,3,0.507612
22,2,0,4,4294967295,3,-6.3055,12.3929,0,0.588675
22,2,4,5,4294967295,3,-7.40403,11.5398,0,0.769917
22,2,5,6,4294967295,3,-8.36526,10.6616,0,0.892674
22,2,6,7,4294967295,3,-9.6215,10.4016,0,0.964097
22,2,7,8,4294967295,3,-10.5536,9.54138,0,0.996159
22,3,-1,0,4294967295,4,-1.9952,4.1926,1,0.380131
22,3,0,1,4294967295,4,-1.29515,3.50663,4,0.365892
22,3,1,2,4294967295,4,-1.1407,4.76848,3,0.374752
22,3,1,3,4294967295,4,-2.51232,3.27758,3,0.350807
22,3,0,4,4294967295,4,-2.70352,4.88143,2,0.385648
22,3,4,5,4294967295,4,-3.06314,5.50126,3,0.38317
22,5,-1,0,1,2,8.92135,-5.09832,1,0.283909
22,6,-1,0,2,3,-6.19388,9.67917,1,0.53145
22,7,-1,0,3,4,-1.39931,1.36924,1,0.439913
22,4,-1,0,0,1,-12.3261,-9.14713,1,0.434267
22,5,0,1,1,2,9.54642,-4.43467,4,0.273845
22,6,0,1,2,3,-6.78415,8.75991,4,0.618728
22,7,0,1,3,4,-1.29668,0.354671,4,0.439807
22,5,1,2,1,2,8.24186,-4.6222,3,0.283486
22,6,1,2,2,3,-5.54223,8.34267,3,0.650924
22,7,1,2,3,4,-0.47908,1.40153,3,0.516158
22,5,1,3,1,2,9.67035,-5.77384,3,0.261899
22,6,1,3,2,3,-7.27225,9.99023,3,0.613081
22,7,1,3,3,4,-2.43869,0.877977,3,0.381858
22,6,0,4,2,3,-6.34711,11.0006,0,0.500345
22,7,0,4,3,4,-1.33032,2.38242,2,0.4527
22,8,-1,0,5,2,9.73449,-5.11349,1,0.385867
22,6,4,5,2,3,-7.07214,12.2508,0,0.517964
22,7,4,5,3,4,-1.01543,3.01223,3,0.461741
22,6,5,6,2,3,-8.34065,12.5757,0,0.55005
22,9,-1,0,7,4,-0.817451,0.814507,1,0.825171
22,6,6,7,2,3,-9.50085,13.139,0,0.570126
22,10,-1,0,1,2,11.4922,-5.19063,1,0.360267
22,6,7,8,2,3,-10.7849,12.8767,0,0.578501
22,11,-1,0,6,3,-5.31229,9.38561,1,0.596586
22,12,-1,0,3,4,-1.90103,5.00078,1,0.398667
22,11,0,1,6,3,-4.72851,8.48502,4,0.609116
22,9,0,1,7,4,-0.685262,-0.178115,4,0.868829
22,11,1,2,6,3,-4.03677,9.58298,3,0.634635
22,13,-1,0,2,3,-6.14981,14.2446,1,0.534284
22,11,1,3,6,3,-5.98006,8.86379,3,0.626025
22,13,0,1,2,3,-5.85854,15.1911,4,0.522581
22,13,1,2,2,3,-6.79452,14.2689,3,0.519136
23,0,-1,0,4294967295,1,-12.8028,-8.50467,1,0.440117
23,0,0,1,4294967295,1,-11.9774,-8.33116,8,1.29729
23,0,0,2,4294967295,1,-13.3378,-7.86174,8,1.29219
23,0,0,3,4294967295,1,-13.1709,-9.24858,8,1.34787
23,1,-1,0,4294967295,2,11.5879,-4.06105,1,0.38292
23,1,0,1,4294967295,2,12.0522,-3.26725,4,0.375386
23,1,1,2,4294967295,2,10.8334,-3.76722,3,0.381743
23,1,1,3,4294967295,2,12.4557,-4.50769,3,0.372771
23,2,-1,0,4294967295,3,-5.51496,13.497,1,0.478918
23,2,0,1,4294967295,3,-5.18175,14.4306,4,0.437818
23,2,1,2,4294967295,3,-6.27834,13.6563,3,0.433395
23,2,1,3,4294967295,3,-4.51418,13.2964,3,0.437144
23,2,0,4,4294967295,3,-6.02223,12.3089,0,0.569562
23,2,4,5,4294967295,3,-7.20123,11.4281,0,0.690299
23,2,5,6,4294967295,3,-8.1703,10.5748,0,0.802369
23,2,6,7,4294967295,3,-9.45494,10.3974,0,0.881677
23,2,7,8,4294967295,3,-10.6084,9.79364,0,0.921319
23,3,-1,0,4294967295,4,-1.68834,3.96142,1,0.348872
23,3,0,1,4294967295,4,-0.721951,3.52673,4,0.330636
23,3,1,2,4294967295,4,-1.17041,4.68211,3,0.322095
23,3,1,3,4294967295,4,-1.94211,3.21313,3,0.330101
23,3,0,4,4294967295,4,-2.69123,4.36103,2,0.35786
23,3,4,5,4294967295,4,-3.7156,5.25081,3,0.357952
23,5,-1,0,1,2,9.11107,-4.89006,1,0.250271
23,6,-1,0,2,3,-6.11673,9.10064,1,0.362099
23,7,-1,0,3,4,-1.32705,0.609113,1,0.43534
23,4,-1,0,0,1,-12.3261,-9.14713,1,0.538267
23,5,0,1,1,2,9.3937,-4.00851,4,0.238995
23,6,0,1,2,3,-6.95351,8.41833,4,0.512551
23,7,0,1,3,4,-0.899063,-0.253868,4,0.437551
23,5,1,2,1,2,8.28725,-4.72638,3,0.250187
23,6,1,2,2,3,-5.8467,7.67244,3,0.621989
23,7,1,2,3,4,-0.721955,1.07921,3,0.487466
23,5,1,3,1,2,10.2178,-5.08177,3,0.223751
23,6,1,3,2,3,-7.05388,9.70963,3,0.539522
23,7,1,3,3,4,-2.05337,0.222808,3,0.396982
23,6,0,4,2,3,-5.85134,10.4054,0,0.417044
23,7,0,4,3,4,-1.61435,1.56506,2,0.433399
23,8,-1,0,5,2,9.83489,-4.55481,1,0.369867
23,6,4,5,2,3,-6.58498,11.7289,0,0.49997
23,7,4,5,3,4,-1.49296,2.65881,3,0.431947
23,6,5,6,2,3,-7.9541,12.2358,0,0.619345
23,9,-1,0,7,4,-0.534498,0.408393,1,0.882532
23,6,6,7,2,3,-9.17262,12.9416,0,0.552584
23,10,-1,0,1,2,11.441,-4.85093,1,0.344267
23,6,7,8,2,3,-10.5226,13.1715,0,0.549435
23,11,-1,0,6,3,-5.59617,8.30902,1,0.583071
23,12,-1,0,3,4,-2.02815,4.68349,1,0.382667
23,11,0,1,6,3,-5.19268,7.4375,4,0.605574
23,9,0,1,7,4,-0.139055,-0.505341,4,0.867468
23,11,1,2,6,3,-4.08433,7.9506,3,0.57785
23,13,-1,0,2,3,-5.98915,14.2176,1,0.502307
23,11,1,3,6,3,-6.18958,8.44387,3,0.613676
23,13,0,1,2,3,-5.66466,15.1663,4,0.494411
23,13,1,2,2,3,-6.90471,14.7111,3,0.499282
23,11,0,4,6,3,-6.86349,7.97634,0,0.548376
24,0,-1,0,4294967295,1,-12.8028,-8.50467,1,0.396334
24,0,0,1,4294967295,1,-11.9774,-8.33116,8,1.24406
24,0,0,2,4294967295,1,-13.3378,-7.86174,8,1.16522
24,0,0,3,4294967295,1,-13.1709,-9.24858,8,1.19785
24,1,-1,0,4294967295,2,11.7433,-3.78108,1,0.354131
24,1,0,1,4294967295,2,12.0839,-2.92087,4,0.346219
24,1,1,2,4294967295,2,10.9626,-3.58221,3,0.353896
24,1,1,3,4294967295,2,12.6899,-4.0773,3,0.341597
24,2,-1,0,4294967295,3,-5.53181,13.4712,1,0.505403
24,2,0,1,4294967295,3,-5.09246,14.361,4,0.443252
24,2,1,2,4294967295,3,-6.29121,13.7528,3,0.423251
24,2,1,3,4294967295,3,-4.58934,13.1504,3,0.431703
24,2,0,4,4294967295,3,-6.11593,12.3569,0,0.581922
24,2,4,5,4294967295,3,-7.0462,11.4233,0,0.667154
24,2,5,6,4294967295,3,-7.99983,10.5579,0,0.748333
24,2,6,7,4294967295,3,-9.29369,10.4035,0,0.811221
24,2,7,8,4294967295,3,-10.5011,9.93239,0,0.845253
24,3,-1,0,4294967295,4,-1.55003,3.9349,1,0.334711
24,3,0,1,4294967295,4,-0.687624,3.38338,4,0.359364
24,3,1,2,4294967295,4,-0.836744,4.63138,3,0.304862
24,3,1,3,4294967295,4,-1.95502,3.26553,3,0.316728
24,3,0,4,4294967295,4,-2.5494,4.19534,2,0.329924
24,3,4,5,4294967295,4,-3.43636,4.48195,3,0.330584
24,5,-1,0,1,2,9.40735,-4.5601,1,0.240808
24,6,-1,0,2,3,-6.37276,8.36989,1,0.465107
24,7,-1,0,3,4,-1.12143,-0.0108676,1,0.428152
24,4,-1,0,0,1,-12.3261,-9.14713,1,0.384063
24,5,0,1,1,2,9.11507,-3.67449,4,0.247894
24,6,0,1,2,3,-7.10871,7.62519,4,0.49466
24,7,0,1,3,4,-0.431855,-0.75127,4,0.456213
24,5,1,2,1,2,8.61258,-4.8986,3,0.240791
24,6,1,2,2,3,-5.8238,7.16995,3,0.481386
24,7,1,2,3,4,-0.633033,0.561585,3,0.492092
24,5,1,3,1,2,10.4298,-3.98792,3,0.21398
24,6,1,3,2,3,-7.17412,8.92279,3,0.552172
24,7,1,3,3,4,-1.67455,-0.817344,3,0.468451
24,6,0,4,2,3,-5.93945,9.59154,0,0.464625
24,7,0,4,3,4,-1.63945,0.917134,2,0.41592
24,8,-1,0,5,2,9.79813,-3.87126,1,0.353867
24,6,4,5,2,3,-6.26964,10.9914,0,0.488323
24,7,4,5,3,4,-1.88052,2.14556,3,0.408552
24,6,5,6,2,3,-7.43811,11.8594,0,0.516154
24,9,-1,0,7,4,-0.301995,-0.0365811,1,0.95297
24,6,6,7,2,3,-8.44489,12.7172,0,0.532666
24,10,-1,0,1,2,11.4221,-4.51951,1,0.328267
24,6,7,8,2,3,-9.71682,13.1789,0,0.538125
24,11,-1,0,6,3,-6.28858,7.56386,1,0.633788
24,12,-1,0,3,4,-1.75081,4.71908,1,0.366667
24,11,0,1,6,3,-5.99285,6.48023,4,0.647549
24,9,0,1,7,4,0.387977,-0.760718,4,0.97303
24,11,1,2,6,3,-4.96723,7.27167,3,0.586661
24,13,-1,0,2,3,-5.77773,14.2682,1,0.474392
24,11,1,3,6,3,-7.02342,7.17188,3,0.841536
24,13,0,1,2,3,-5.37973,15.204,4,0.467567
24,13,1,2,2,3,-6.59436,14.7183,3,0.473184
24,11,0,4,6,3,-7.18572,8.51761,0,0.633907
24,4,0,1,0,1,-11.829,-9.82859,8,0.763004
25,0,-1,0,4294967295,1,-12.8028,-8.50467,1,0.392217
25,0,0,1,4294967295,1,-11.9774,-8.33116,8,1.20684
25,0,0,2,4294967295,1,-13.3378,-7.86174,8,1.16065
25,0,0,3,4294967295,1,-13.1709,-9.24858,8,1.17976
25,1,-1,0,4294967295,2,11.9881,-3.44279,1,0.352145
25,1,0,1,4294967295,2,12.1511,-2.54375,4,0.355532
25,1,1,2,4294967295,2,11.1525,-3.40586,3,0.352086
25,1,1,3,4294967295,2,12.9983,-3.54419,3,0.338958
25,2,-1,0,4294967295,3,-5.46184,13.4771,1,0.504897
25,2,0,1,4294967295,3,-4.96163,14.3484,4,0.443528
25,2,1,2,4294967295,3,-6.24535,13.9569,3,0.422017
25,2,1,3,4294967295,3,-4.73757,13.0625,3,0.431888
25,2,0,4,4294967295,3,-5.93634,12.3001,0,0.573114
25,2,4,5,4294967295,3,-6.70241,11.1685,0,0.642797
25,2,5,6,4294967295,3,-7.76491,10.3793,0,0.706239
25,2,6,7,4294967295,3,-9.08587,10.429,0,0.754794
25,2,7,8,4294967295,3,-10.3008,9.97046,0,0.781139
25,3,-1,0,4294967295,4,-1.32155,3.70045,1,0.306182
25,3,0,1,4294967295,4,-0.398928,3.29106,4,0.312755
25,3,1,2,4294967295,4,-0.673663,4.54131,3,0.287375
25,3,1,3,4294967295,4,-1.60997,2.91473,3,0.491948
25,3,0,4,4294967295,4,-2.29408,3.9646,2,0.308687
25,3,4,5,4294967295,4,-3.02782,4.33638,3,0.305564
25,5,-1,0,1,2,9.52401,-4.05378,1,0.21192
25,6,-1,0,2,3,-6.89565,7.75882,1,0.0894089
25,7,-1,0,3,4,-0.84141,-0.395127,1,0.430024
25,4,-1,0,0,1,-12.3261,-9.14713,1,0.40141
25,5,0,1,1,2,8.74619,-3.61201,4,0.202513
25,6,0,1,2,3,-7.71804,7.23489,4,0.64868
25,7,0,1,3,4,0.0179505,-0.959166,4,0.464204
25,5,1,2,1,2,9.21266,-4.85825,3,0.209846
25,6,1,2,2,3,-6.41893,7.04174,3,0.515827
25,7,1,2,3,4,-0.288698,0.329582,3,0.456546
25,5,1,3,1,2,10.0406,-3.1851,3,0.197057
25,6,1,3,2,3,-7.39696,8.54645,3,0.567528
25,7,1,3,3,4,-1.10426,-1.52226,3,0.561445
25,6,0,4,2,3,-6.24723,8.87446,0,0.477874
25,7,0,4,3,4,-1.64567,0.244174,2,0.41065
25,8,-1,0,5,2,9.33006,-3.24362,1,0.457867
25,6,4,5,2,3,-6.40387,10.321,0,0.505674
25,7,4,5,3,4,-2.06495,0.794396,3,0.397213
25,6,5,6,2,3,-7.23555,11.5065,0,0.505492
25,9,-1,0,7,4,-0.0373939,-0.336949,1,0.938443
25,6,6,7,2,3,-7.75926,12.6857,0,0.508967
25,10,-1,0,1,2,11.5141,-4.08427,1,0.312267
25,6,7,8,2,3,-8.9366,13.1565,0,0.512544
25,11,-1,0,6,3,-6.99342,6.92718,1,0.733534
25,12,-1,0,3,4,-1.47824,4.49067,1,0.350667
25,11,0,1,6,3,-7.01928,5.79276,4,0.846184
25,9,0,1,7,4,0.812052,-0.883648,4,1.04356
25,11,1,2,6,3,-5.86936,6.33827,3,0.722914
25,13,-1,0,2,3,-5.62277,14.2806,1,0.446817
25,11,1,3,6,3,-8.33114,5.79553,3,1.02798
25,13,0,1,2,3,-5.11457,15.1515,4,0.439565
25,13,1,2,2,3,-6.36985,14.7716,3,0.443825
25,11,0,4,6,3,-6.58911,8.21646,0,0.658894
25,4,0,1,0,1,-11.829,-9.82859,8,1.07366
25,11,4,5,6,3,-7.66529,7.46911,0,0.530241
26,0,-1,0,4294967295,1,-12.8028,-8.50467,1,0.385827
26,0,0,1,4294967295,1,-11.9774,-8.33116,8,1.17752
26,0,0,2,4294967295,1,-13.3378,-7.86174,8,1.15046
26,0,0,3,4294967295,1,-13.1709,-9.24858,8,1.16166
26,1,-1,0,4294967295,2,12.1017,-3.08528,1,0.325233
26,1,0,1,4294967295,2,12.091,-2.14513,4,0.31646
26,1,1,2,4294967295,2,11.2851,-3.17712,3,0.325221
26,1,1,3,4294967295,2,13.1845,-2.85619,3,0.308369
26,2,-1,0,4294967295,3,-5.29515,13.4682,1,0.500031
26,2,0,1,4294967295,3,-4.80477,14.3057,4,0.44089
26,2,1,2,4294967295,3,-6.09266,13.9203,3,0.419474
26,2,1,3,4294967295,3,-4.5661,13.006,3,0.43085
26,2,0,4,4294967295,3,-5.70077,12.2803,0,0.568065
26,2,4,5,4294967295,3,-6.44772,11.182,0,0.641993
26,2,5,6,4294967295,3,-7.40398,10.2788,0,0.705433
26,2,6,7,4294967295,3,-8.72487,10.2945,0,0.733538
26,2,7,8,4294967295,3,-9.99881,9.98451,0,0.742045
26,3,-1,0,4294967295,4,-0.85064,3.47113,1,0.352267
26,3,0,1,4294967295,4,0.201345,3.28116,4,0.408813
26,3,1,2,4294967295,4,-0.57132,4.26175,3,0.404886
26,3,1,3,4294967295,4,-0.755022,2.47768,3,0.414467
26,3,0,4,4294967295,4,-1.90356,3.71994,2,0.310816
26,3,4,5,4294967295,4,-3.03003,4.50267,3,0.291414
26,5,-1,0,1,2,9.40023,-3.62359,1,0.180474
26,6,-1,0,2,3,-7.48426,6.94413,1,0.504136
26,7,-1,0,3,4,-0.335889,-0.882232,1,0.440354
26,4,-1,0,0,1,-12.3261,-9.14713,1,0.361304
26,5,0,1,1,2,8.4954,-3.53389,4,0.170361
26,6,0,1,2,3,-8.08696,6.2865,4,0.572678
26,7,0,1,3,4,0.632277,-1.03309,4,0.489451
26,5,1,2,1,2,9.45105,-4.41855,3,0.160948
26,6,1,2,2,3,-6.77549,6.42436,3,0.595556
26,7,1,2,3,4,-0.281277,-0.0667058,3,0.465597
26,5,1,3,1,2,9.57429,-2.72597,3,0.177505
26,6,1,3,2,3,-7.783,7.614,3,0.6275
26,7,1,3,3,4,-0.386711,-1.7462,3,0.573596
26,6,0,4,2,3,-7.0669,8.20261,0,0.478437
26,7,0,4,3,4,-1.34201,-0.692821,2,0.410116
26,8,-1,0,5,2,8.90965,-2.97282,1,0.441867
26,6,4,5,2,3,-6.75185,9.66915,0,0.490455
26,7,4,5,3,4,-2.43059,-0.0891466,3,0.394331
26,6,5,6,2,3,-7.26172,10.9752,0,0.509044
26,9,-1,0,7,4,0.361814,-0.426127,1,1.13005
26,6,6,7,2,3,-7.40872,12.3068,0,0.512874
26,10,-1,0,1,2,11.8227,-3.85467,1,0.296267
26,6,7,8,2,3,-8.28266,13.3193,0,0.509314
26,11,-1,0,6,3,-7.48161,6.06327,1,0.753073
26,12,-1,0,3,4,-1.35714,4.10513,1,0.334667
26,11,0,1,6,3,-8.01825,5.15452,4,0.823248
26,9,0,1,7,4,1.32202,-0.788848,4,1.19866
26,11,1,2,6,3,-6.71529,5.14778,3,0.760578
26,13,-1,0,2,3,-5.51781,14.2853,1,0.418231
26,11,1,3,6,3,-8.71051,6.36674,3,0.956624
26,13,0,1,2,3,-4.9029,15.0914,4,0.410272
26,13,1,2,2,3,-6.21304,15.0095,3,0.413096
26,11,0,4,6,3,-7.21603,7.30844,0,0.727286
26,4,0,1,0,1,-11.829,-9.82859,8,1.08176
26,11,4,5,6,3,-8.45961,8.30869,0,0.777209
27,0,-1,0,4294967295,1,-12.8028,-8.50467,1,0.407276
27,0,0,1,4294967295,1,-11.9774,-8.33116,8,1.18796
27,0,0,2,4294967295,1,-13.3378,-7.86174,8,1.1721
27,0,0,3,4294967295,1,-13.1709,-9.24858,8,1.28412
27,1,-1,0,4294967295,2,12.1947,-2.64944,1,0.294078
27,1,0,1,4294967295,2,11.7855,-1.81245,4,0.284644
27,1,1,2,4294967295,2,11.4917,-3.09593,3,0.294076
27,1,1,3,4294967295,2,13.0645,-2.07144,3,0.275342
27,2,-1,0,4294967295,3,-5.13468,13.503,1,0.504569
27,2,0,1,4294967295,3,-4.59858,14.3483,4,0.440237
27,2,1,2,4294967295,3,-5.85321,13.9007,3,0.416981
27,2,1,3,4294967295,3,-4.26451,13.0859,3,0.429423
27,2,0,4,4294967295,3,-5.72315,12.3579,0,0.583284
27,2,4,5,4294967295,3,-6.53636,11.2101,0,0.672068
27,2,5,6,4294967295,3,-7.1032,9.96251,0,0.746467
27,2,6,7,4294967295,3,-8.39298,10.0401,0,0.774843
27,2,7,8,4294967295,3,-9.65274,9.87749,0,0.775872
27,3,-1,0,4294967295,4,-0.508331,3.39078,1,0.371524
27,3,0,1,4294967295,4,0.537583,3.30606,4,0.364455
27,3,1,2,4294967295,4,-0.157315,4.36417,3,0.358962
27,3,1,3,4294967295,4,-0.170872,2.25896,3,0.359296
27,3,0,4,4294967295,4,-1.54592,3.54077,2,0.338806
27,3,4,5,4294967295,4,-2.29569,3.84884,3,0.309115
27,5,-1,0,1,2,9.07187,-3.39014,1,0.206163
27,6,-1,0,2,3,-8.06335,6.45193,1,0.526093
27,7,-1,0,3,4,0.0598317,-1.15789,1,0.444124
27,4,-1,0,0,1,-12.3261,-9.14713,1,0.372557
27,5,0,1,1,2,8.17088,-3.23614,4,0.318983
27,6,0,1,2,3,-8.76576,5.60175,4,0.574842
27,7,0,1,3,4,1.10251,-1.0423,4,0.472318
27,5,1,2,1,2,9.01975,-4.22289,3,0.182469
27,6,1,2,2,3,-7.52518,5.17671,3,0.526779
27,7,1,2,3,4,-0.0239902,-0.391902,3,0.469369
27,5,1,3,1,2,9.26929,-2.4532,3,0.20557
27,6,1,3,2,3,-9.21872,6.85141,3,0.700029
27,7,1,3,3,4,0.424362,-2.08767,3,0.500434
27,6,0,4,2,3,-7.51834,7.66548,0,0.499508
27,7,0,4,3,4,-1.0331,-1.19289,2,0.415053
27,8,-1,0,5,2,8.62133,-2.7065,1,0.425867
27,6,4,5,2,3,-7.26959,9.10875,0,0.48924
27,7,4,5,3,4,-2.142,-1.01501,3,0.396266
27,6,5,6,2,3,-7.43095,10.5649,0,0.488557
27,9,-1,0,7,4,0.628676,-0.544909,1,1.17781
27,6,6,7,2,3,-7.20141,11.8745,0,0.490841
27,10,-1,0,1,2,12.2061,-3.46089,1,0.280267
27,6,7,8,2,3,-7.55942,13.1531,0,0.492441
27,11,-1,0,6,3,-8.26995,5.72355,1,0.779968
27,12,-1,0,3,4,-0.941042,4.06957,1,0.318667
27,11,0,1,6,3,-9.15917,5.07381,4,0.963627
27,9,0,1,7,4,1.62175,-0.357317,4,1.19931
27,11,1,2,6,3,-8.16289,4.29431,3,0.756763
27,13,-1,0,2,3,-5.29425,14.3355,1,0.388503
27,11,1,3,6,3,-8.67346,6.29312,3,0.833704
27,13,0,1,2,3,-4.65284,15.1317,4,0.379846
27,13,1,2,2,3,-5.95003,14.998,3,0.381345
27,11,0,4,6,3,-7.91753,7.02058,0,0.753011
27,4,0,1,0,1,-11.829,-9.82859,8,1.15851
27,11,4,5,6,3,-7.93331,8.47925,0,0.747441
28,0,-1,0,4294967295,1,-12.8028,-8.50467,1,0.397043
28,0,0,1,4294967295,1,-11.9774,-8.33116,8,1.18112
28,0,0,2,4294967295,1,-13.3378,-7.86174,8,1.17183
28,0,0,3,4294967295,1,-13.1709,-9.24858,8,1.23747
28,1,-1,0,4294967295,2,12.1496,-2.2554,1,0.263268
28,1,0,1,4294967295,2,11.4173,-1.68403,4,0.255057
28,1,1,2,4294967295,2,11.7089,-2.96253,3,0.259683
28,1,1,3,4294967295,2,12.6848,-1.3226,3,0.253918
28,2,-1,0,4294967295,3,-4.97938,13.5191,1,0.50251
28,2,0,1,4294967295,3,-4.36346,14.3081,4,0.440222
28,2,1,2,4294967295,3,-5.68451,14.0846,3,0.416222
28,2,1,3,4294967295,3,-4.11369,13.0149,3,0.429578
28,2,0,4,4294967295,3,-5.63549,12.435,0,0.569648
28,2,4,5,4294967295,3,-6.33052,11.2499,0,0.634285
28,2,5,6,4294967295,3,-6.84418,10.0352,0,0.68762
28,2,6,7,4294967295,3,-8.12735,9.686,0,0.72337
28,2,7,8,4294967295,3,-9.38575,9.53186,0,0.740455
28,3,-1,0,4294967295,4,0.140215,3.38601,1,0.342423
28,3,0,1,4294967295,4,1.14673,3.42327,4,0.437025
28,3,1,2,4294967295,4,0.253713,4.3278,3,0.395349
28,3,1,3,4294967295,4,0.181931,2.6031,3,0.33427
28,3,0,4,4294967295,4,-0.850412,3.21093,2,0.32072
28,3,4,5,4294967295,4,-1.80698,3.26293,3,0.3098
28,5,-1,0,1,2,8.56166,-3.27428,1,0.292469
28,6,-1,0,2,3,-9.04755,6.27786,1,0.309615
28,7,-1,0,3,4,0.514502,-1.33582,1,0.430905
28,4,-1,0,0,1,-12.3261,-9.14713,1,0.370325
28,5,0,1,1,2,7.79637,-2.76935,4,0.33057
28,6,0,1,2,3,-9.93558,5.65808,4,0.498052
28,7,0,1,3,4,1.44653,-0.937611,4,0.447877
28,5,1,2,1,2,8.17415,-4.02001,3,0.415602
28,6,1,2,2,3,-8.97349,4.77493,3,0.502462
28,7,1,2,3,4,0.311153,-0.256646,3,0.435475
28,5,1,3,1,2,9.10484,-2.4098,3,0.34052
28,6,1,3,2,3,-10.0959,6.96048,3,0.67962
28,7,1,3,3,4,1.04298,-2.14141,3,0.445702
28,6,0,4,2,3,-8.21988,7.31585,0,0.447142
28,7,0,4,3,4,-0.404388,-1.71523,2,0.408976
28,8,-1,0,5,2,8.41869,-2.47278,1,0.409867
28,6,4,5,2,3,-7.62099,8.67174,0,0.513833
28,7,4,5,3,4,-1.11144,-1.79775,3,0.393088
28,6,5,6,2,3,-7.63662,10.1288,0,0.51864
28,9,-1,0,7,4,0.821483,-0.619691,1,1.19986
28,6,6,7,2,3,-7.15521,11.3879,0,0.50472
28,10,-1,0,1,2,12.5852,-2.93891,1,0.264267
28,6,7,8,2,3,-6.98988,12.7202,0,0.493028
28,11,-1,0,6,3,-9.1252,5.47016,1,0.799555
28,12,-1,0,3,4,-0.465837,3.92775,1,0.302667
28,11,0,1,6,3,-10.1718,5.09329,4,0.811848
28,9,0,1,7,4,1.6071,-0.0110288,4,1.1996
28,11,1,2,6,3,-9.35024,4.11558,3,0.769808
28,13,-1,0,2,3,-5.05755,14.3451,1,0.357789
28,11,1,3,6,3,-9.77389,6.34438,3,0.868224
28,13,0,1,2,3,-4.42308,15.1289,4,0.348597
28,13,1,2,2,3,-5.7208,14.9715,3,0.349066
28,11,0,4,6,3,-7.95818,6.12574,0,0.786421
28,4,0,1,0,1,-11.829,-9.82859,8,1.12874
28,11,4,5,6,3,-7.16971,7.52194,0,0.739703
28,11,5,6,6,3,-7.96093,6.67166,0,0.611325
29,0,-1,0,4294967295,1,-12.8028,-8.50467,1,0.417994
29,0,0,1,4294967295,1,-11.9774,-8.33116,8,1.18023
29,0,0,2,4294967295,1,-13.3378,-7.86174,8,1.37639
29,0,0,3,4294967295,1,-13.1709,-9.24858,8,1.30886
29,1,-1,0,4294967295,2,12.0174,-1.94242,1,0.244066
29,1,0,1,4294967295,2,11.1669,-1.56892,4,0.254209
29,1,1,2,4294967295,2,11.7791,-2.72496,3,0.233654
29,1,1,3,4294967295,2,12.3416,-0.990132,3,0.304338
29,2,-1,0,4294967295,3,-4.76198,13.5463,1,0.491075
29,2,0,1,4294967295,3,-4.12622,14.3153,4,0.435529
29,2,1,2,4294967295,3,-5.46596,14.2136,3,0.413521
29,2,1,3,4294967295,3,-4.08987,13.0045,3,0.426999
29,2,0,4,4294967295,3,-5.4084,12.4544,0,0.548558
29,2,4,5,4294967295,3,-6.27679,11.3968,0,0.602569
29,2,5,6,4294967295,3,-6.89768,10.1836,0,0.647857
29,2,6,7,4294967295,3,-8.14562,9.53387,0,0.680167
29,2,7,8,4294967295,3,-9.23659,8.85659,0,0.696879
29,3,-1,0,4294967295,4,0.746272,3.40297,1,0.3679
29,3,0,1,4294967295,4,1.76158,3.71503,4,0.405601
29,3,1,2,4294967295,4,0.63704,4.27393,3,0.403315
29,3,1,3,4294967295,4,1.18897,2.60211,3,0.373011
29,3,0,4,4294967295,4,-0.277566,3.06953,2,0.331193
29,3,4,5,4294967295,4,-1.60738,2.94922,3,0.30934
29,5,-1,0,1,2,7.93332,-3.06118,1,0.353642
29,6,-1,0,2,3,-10.0462,6.30477,1,0.176082
29,7,-1,0,3,4,1.11145,-1.3318,1,0.432126
29,4,-1,0,0,1,-12.3261,-9.14713,1,0.362995
29,5,0,1,1,2,7.58641,-2.21154,4,0.369625
29,6,0,1,2,3,-11.114,6.19624,4,0.59572
29,7,0,1,3,4,2.02511,-0.855955,4,0.503733
29,5,1,2,1,2,7.1622,-3.45324,3,0.397272
29,6,1,2,2,3,-10.5393,5.01578,3,0.521742
29,7,1,2,3,4,0.870991,-0.241919,3,0.762901
29,5,1,3,1,2,8.88143,-2.63388,3,0.36324
29,6,1,3,2,3,-10.4016,7.34338,3,0.594777
29,7,1,3,3,4,1.47808,-2.01458,3,0.452195
29,6,0,4,2,3,-9.06416,7.19054,0,0.530951
29,7,0,4,3,4,0.288033,-1.95926,2,0.404587
29,8,-1,0,5,2,8.26676,-2.31506,1,0.393867
29,6,4,5,2,3,-8.07845,8.31682,0,0.562479
29,7,4,5,3,4,-0.924965,-2.51297,3,0.389565
29,6,5,6,2,3,-7.49194,9.6259,0,0.529127
29,9,-1,0,7,4,1.40849,-0.610882,1,1.19838
29,6,6,7,2,3,-6.89459,10.8209,0,0.503272
29,10,-1,0,1,2,12.7315,-2.32728,1,0.248267
29,6,7,8,2,3,-6.7629,12.1066,0,0.491661
29,11,-1,0,6,3,-9.8099,5.47619,1,0.793574
29,12,-1,0,3,4,0.0321698,3.78496,1,0.286667
29,11,0,1,6,3,-10.8569,5.52162,4,0.818936
29,9,0,1,7,4,1.71541,0.342787,4,1.19958
29,11,1,2,6,3,-10.3968,4.2761,3,0.81218
29,13,-1,0,2,3,-4.80691,14.3728,1,0.32617
29,11,1,3,6,3,-10.485,6.76263,3,0.837234
29,13,0,1,2,3,-4.12801,15.1247,4,0.316385
29,13,1,2,2,3,-5.43332,15.0719,3,0.315733
29,11,0,4,6,3,-8.59005,5.14887,0,0.75227
29,4,0,1,0,1,-11.829,-9.82859,8,1.10407
29,11,4,5,6,3,-7.3493,5.30803,0,0.710162
29,11,5,6,6,3,-7.90022,6.78467,0,0.664836
29,11,6,7,6,3,-8.98426,6.11445,0,0.539673
30,0,-1,0,4294967295,1,-12.8028,-8.50467,1,0.42019
30,0,0,1,4294967295,1,-11.9774,-8.33116,8,1.20299
30,0,0,2,4294967295,1,-13.3378,-7.86174,8,1.31793
30,0,0,3,4294967295,1,-13.1709,-9.24858,8,1.27836
30,1,-1,0,4294967295,2,11.826,-1.73731,1,0.230759
30,1,0,1,4294967295,2,10.9817,-1.35779,4,0.226677
30,1,1,2,4294967295,2,11.5868,-2.51624,3,0.217012
30,1,1,3,4294967295,2,12.1811,-0.832303,3,0.242798
30,2,-1,0,4294967295,3,-4.64341,13.5549,1,0.476674
30,2,0,1,4294967295,3,-3.90199,14.2708,4,0.427085
30,2,1,2,4294967295,3,-5.22832,14.2443,3,0.40716
30,2,1,3,4294967295,3,-3.91864,12.9672,3,0.420304
30,2,0,4,4294967295,3,-5.41707,12.4699,0,0.526931
30,2,4,5,4294967295,3,-6.31373,11.2107,0,0.57364
30,2,5,6,4294967295,3,-7.20041,10.0434,0,0.612803
30,2,6,7,4294967295,3,-8.3715,9.48727,0,0.640975
30,2,7,8,4294967295,3,-9.0326,8.3668,0,0.655694
30,3,-1,0,4294967295,4,1.12421,3.4293,1,0.379401
30,3,0,1,4294967295,4,1.99461,3.99667,4,0.408935
30,3,1,2,4294967295,4,0.790583,4.41958,3,0.375501
30,3,1,3,4294967295,4,2.13714,2.73528,3,0.35531
30,3,0,4,4294967295,4,0.220753,2.94866,2,0.3985
30,3,4,5,4294967295,4,-0.47504,2.81793,3,0.446906
30,5,-1,0,1,2,7.37363,-2.66301,1,0.342173
30,6,-1,0,2,3,-10.6741,6.51321,1,0.487532
30,7,-1,0,3,4,1.53564,-1.33542,1,0.451101
30,4,-1,0,0,1,-12.3261,-9.14713,1,0.355073
30,5,0,1,1,2,7.55737,-1.76482,4,0.337497
30,6,0,1,2,3,-11.7227,6.84912,4,0.541848
30,7,0,1,3,4,2.51715,-0.98203,4,0.488568
30,5,1,2,1,2,6.54415,-2.60361,3,0.349137
30,6,1,2,2,3,-11.7492,5.56285,3,0.494674
30,7,1,2,3,4,1.46398,-0.220702,3,0.527992
30,5,1,3,1,2,8.39515,-2.81535,3,0.329073
30,6,1,3,2,3,-10.6308,7.61484,3,0.657774
30,7,1,3,3,4,1.91658,-2.10416,3,0.48565
30,6,0,4,2,3,-9.3906,6.83002,0,0.474313
30,7,0,4,3,4,0.658415,-1.94317,2,0.416246
30,8,-1,0,5,2,8.07649,-2.25987,1,0.377867
30,6,4,5,2,3,-8.19909,7.80605,0,0.484809
30,7,4,5,3,4,-0.167469,-2.43192,3,0.395448
30,6,5,6,2,3,-7.52524,9.16674,0,0.493146
30,9,-1,0,7,4,1.92978,-0.62025,1,1.19698
30,6,6,7,2,3,-6.6674,10.4156,0,0.492658
30,10,-1,0,1,2,12.6333,-1.78085,1,0.232267
30,6,7,8,2,3,-6.77257,11.8101,0,0.489463
30,11,-1,0,6,3,-11.0021,5.74961,1,0.758306
30,12,-1,0,3,4,0.360888,3.71741,1,0.270667
30,11,0,1,6,3,-12.0497,6.10424,4,0.786212
30,9,0,1,7,4,1.82079,0.4025,4,1.19956
30,11,1,2,6,3,-11.4701,4.93478,3,0.815556
30,13,-1,0,2,3,-4.55372,14.4091,1,0.293798
30,11,1,3,6,3,-11.0887,6.98207,3,0.781628
30,13,0,1,2,3,-3.77948,15.0837,4,0.283666
30,13,1,2,2,3,-5.07528,15.2243,3,0.282391
30,11,0,4,6,3,-9.77481,5.18682,0,0.723185
30,4,0,1,0,1,-11.829,-9.82859,8,1.07999
30,11,4,5,6,3,-8.33141,4.58182,0,0.682131
30,11,5,6,6,3,-7.47076,5.49794,0,0.641004
30,11,6,7,6,3,-7.98747,6.94259,0,0.61338
31,0,-1,0,4294967295,1,-12.8028,-8.50467,1,0.425607
31,0,0,1,4294967295,1,-11.9774,-8.33116,8,1.21909
31,0,0,2,4294967295,1,-13.3378,-7.86174,8,1.36752
31,0,0,3,4294967295,1,-13.1709,-9.24858,8,1.26325
31,1,-1,0,4294967295,2,11.5968,-1.59455,1,0.204635
31,1,0,1,4294967295,2,10.8534,-1.04639,4,0.197674
31,1,1,2,4294967295,2,11.1897,-2.31413,3,0.193334
31,1,1,3,4294967295,2,12.1225,-0.715202,3,0.206755
31,2,-1,0,4294967295,3,-4.54275,13.4141,1,0.460537
31,2,0,1,4294967295,3,-3.78807,14.0803,4,0.415618
31,2,1,2,4294967295,3,-5.11628,14.2543,3,0.398034
31,2,1,3,4294967295,3,-3.7738,12.7754,3,0.409515
31,2,0,4,4294967295,3,-5.3402,12.3817,0,0.50518
31,2,4,5,4294967295,3,-6.33215,11.2747,0,0.546176
31,2,5,6,4294967295,3,-7.3642,10.2392,0,0.580344
31,2,6,7,4294967295,3,-8.39055,9.38111,0,0.606475
31,2,7,8,4294967295,3,-8.89952,8.1731,0,0.73609
31,3,-1,0,4294967295,4,1.71585,3.76725,1,0.44322
31,3,0,1,4294967295,4,2.44442,4.48539,4,0.517186
31,3,1,2,4294967295,4,1.1879,4.51983,3,0.400911
31,3,1,3,4294967295,4,2.28246,3.22582,3,0.410516
31,3,0,4,4294967295,4,1.04533,2.98215,2,0.491236
31,3,4,5,4294967295,4,0.106053,2.37421,3,0.444333
31,5,-1,0,1,2,7.0849,-2.22195,1,0.338844
31,6,-1,0,2,3,-11.1821,6.91883,1,0.526415
31,7,-1,0,3,4,2.25193,-1.14185,1,0.356049
31,4,-1,0,0,1,-12.3261,-9.14713,1,0.394832
31,5,0,1,1,2,7.39681,-1.3582,4,0.344375
31,6,0,1,2,3,-12.0939,7.46317,4,0.561149
31,7,0,1,3,4,3.19835,-1.07711,4,0.486153
31,5,1,2,1,2,6.27696,-2.0464,3,0.340234
31,6,1,2,2,3,-12.3779,6.19344,3,0.505545
31,7,1,2,3,4,1.9761,-0.575538,3,0.444755
31,5,1,3,1,2,8.06941,-2.51766,3,0.313856
31,6,1,3,2,3,-10.7722,7.7748,3,0.630634
31,7,1,3,3,4,2.26329,-2.0154,3,0.500594
31,6,0,4,2,3,-9.87072,6.96343,0,0.506409
31,7,0,4,3,4,1.33392,-1.54143,2,0.328216
31,8,-1,0,5,2,7.8271,-1.9079,1,0.361867
31,6,4,5,2,3,-8.45713,7.57731,0,0.527124
31,7,4,5,3,4,0.545802,-1.81209,3,0.335678
31,6,5,6,2,3,-7.60299,8.79436,0,0.597951
31,9,-1,0,7,4,2.532,-0.252193,1,1.06131
31,6,6,7,2,3,-6.71836,9.95153,0,0.585704
31,10,-1,0,1,2,12.3818,-1.41321,1,0.216267
31,6,7,8,2,3,-7.07144,11.3554,0,0.524117
31,11,-1,0,6,3,-11.7806,6.32914,1,0.761633
31,12,-1,0,3,4,0.907506,3.74159,1,0.437324
31,11,0,1,6,3,-12.6619,6.90015,4,0.785887
31,9,0,1,7,4,1.78282,0.232866,4,0.980912
31,11,1,2,6,3,-12.8978,5.58346,3,0.783983
31,13,-1,0,2,3,-4.42232,14.2643,1,0.260863
31,11,1,3,6,3,-11.496,7.53451,3,0.797713
31,13,0,1,2,3,-3.50698,14.7572,4,0.250341
31,13,1,2,2,3,-4.70476,15.2722,3,0.248219
31,11,0,4,6,3,-10.8016,5.5733,0,0.719037
31,4,0,1,0,1,-11.829,-9.82859,8,1.24823
31,11,4,5,6,3,-9.58399,5.10235,0,0.67787
31,11,5,6,6,3,-8.31403,5.867,0,0.647015
31,11,6,7,6,3,-6.72406,6.04897,0,0.630352
31,9,1,2,7,4,2.59994,-0.851759,3,0.897551
32,0,-1,0,4294967295,1,-12.8028,-8.50467,1,0.419426
32,0,0,1,4294967295,1,-11.9774,-8.33116,8,1.2264
32,0,0,2,4294967295,1,-13.3378,-7.86174,8,1.31337
32,0,0,3,4294967295,1,-13.1709,-9.24858,8,1.25227
32,1,-1,0,4294967295,2,11.3679,-1.35209,1,0.176811
32,1,0,1,4294967295,2,10.6679,-0.744426,4,0.169568
32,1,1,2,4294967295,2,10.8884,-2.03615,3,0.170656
32,1,1,3,4294967295,2,11.954,-0.494383,3,0.172857
32,2,-1,0,4294967295,3,-4.42448,13.2842,1,0.443834
32,2,0,1,4294967295,3,-3.5909,13.8335,4,0.401895
32,2,1,2,4294967295,3,-4.90467,14.0911,3,0.386543
32,2,1,3,4294967295,3,-3.75407,12.5396,3,0.395492
32,2,0,4,4294967295,3,-5.397,12.4323,0,0.486112
32,2,4,5,4294967295,3,-6.53635,11.5557,0,0.528079
32,2,5,6,4294967295,3,-7.16259,10.2554,0,0.569686
32,2,6,7,4294967295,3,-8.26562,9.60908,0,0.608091
32,2,7,8,4294967295,3,-8.89091,8.4859,0,0.633453
32,3,-1,0,4294967295,4,2.14008,4.03053,1,0.504008
32,3,0,1,4294967295,4,2.94716,4.69466,4,0.518624
32,3,1,2,4294967295,4,1.72117,4.94233,3,0.522244
32,3,1,3,4294967295,4,2.71297,3.44784,3,0.482302
32,3,0,4,4294967295,4,1.50535,3.17837,2,0.492326
32,3,4,5,4294967295,4,0.721797,2.22336,3,0.47916
32,5,-1,0,1,2,6.98297,-1.76824,1,0.428866
32,6,-1,0,2,3,-11.581,7.44073,1,0.534127
32,7,-1,0,3,4,2.80351,-1.25586,1,0.393189
32,4,-1,0,0,1,-12.3261,-9.14713,1,0.39766
32,5,0,1,1,2,7.10665,-0.861895,4,0.387354
32,6,0,1,2,3,-12.3362,8.19928,4,0.514721
32,7,0,1,3,4,3.79877,-0.899692,4,0.425911
32,5,1,2,1,2,6.1632,-1.78179,3,0.413469
32,6,1,2,2,3,-13.0177,7.09733,3,0.478628
32,7,1,2,3,4,2.67084,-0.227101,3,0.424046
32,5,1,3,1,2,8.01116,-1.86493,3,0.333759
32,6,1,3,2,3,-11.008,8.02825,3,0.541134
32,7,1,3,3,4,3.10454,-1.95427,3,0.456198
32,6,0,4,2,3,-10.3402,7.10191,0,0.570076
32,7,0,4,3,4,1.78664,-1.62257,2,0.357302
32,8,-1,0,5,2,7.63844,-1.29765,1,0.345867
32,6,4,5,2,3,-8.92389,7.34645,0,0.625661
32,7,4,5,3,4,0.49102,-1.19123,3,0.332858
32,6,5,6,2,3,-8.01813,8.34852,0,0.600408
32,9,-1,0,7,4,2.91317,-0.493224,1,0.967918
32,6,6,7,2,3,-7.1745,9.38259,0,0.649286
32,10,-1,0,1,2,12.1711,-1.44497,1,0.200267
32,6,7,8,2,3,-7.26407,10.8338,0,0.559987
32,11,-1,0,6,3,-12.3178,7.21281,1,0.753931
32,12,-1,0,3,4,1.33558,4.03288,1,0.421324
32,11,0,1,6,3,-13.0543,7.99261,4,0.814729
32,9,0,1,7,4,2.00021,0.0831838,4,0.940078
32,11,1,2,6,3,-13.7767,6.9192,3,0.796901
32,13,-1,0,2,3,-4.19546,14.1083,1,0.227253
32,11,1,3,6,3,-11.7331,8.12014,3,0.897074
32,13,0,1,2,3,-3.22396,14.4747,4,0.21631
32,13,1,2,2,3,-4.36006,15.1059,3,0.213402
32,11,0,4,6,3,-11.1531,6.60714,0,0.708422
32,4,0,1,0,1,-11.829,-9.82859,8,1.21341
32,11,4,5,6,3,-9.74062,6.1701,0,0.67485
32,11,5,6,6,3,-8.36162,5.85204,0,0.650827
32,11,6,7,6,3,-7.48341,4.81878,0,0.637944
32,9,1,2,7,4,1.95264,-1.15641,3,0.917205
33,0,-1,0,4294967295,1,-12.8028,-8.50467,1,0.431246
33,0,0,1,4294967295,1,-11.9774,-8.33116,8,1.34359
33,0,0,2,4294967295,1,-13.3378,-7.86174,8,1.36512
33,0,0,3,4294967295,1,-13.1709,-9.24858,8,1.24751
33,1,-1,0,4294967295,2,11.1333,-1.08202,1,0.169875
33,1,0,1,4294967295,2,10.4955,-0.420832,4,0.170805
33,1,1,2,4294967295,2,10.6498,-1.72628,3,0.186369
33,1,1,3,4294967295,2,11.8047,-0.408002,3,0.16802
33,2,-1,0,4294967295,3,-4.29985,13.1897,1,0.427946
33,2,0,1,4294967295,3,-3.37894,13.5662,4,0.386981
33,2,1,2,4294967295,3,-4.65444,13.9605,3,0.373994
33,2,1,3,4294967295,3,-3.80805,12.3274,3,0.378603
33,2,0,4,4294967295,3,-5.37573,12.5033,0,0.469003
33,2,4,5,4294967295,3,-6.30964,11.4502,0,0.509316
33,2,5,6,4294967295,3,-6.79289,10.1763,0,0.553618
33,2,6,7,4294967295,3,-8.06902,9.70467,0,0.71601
33,2,7,8,4294967295,3,-9.05283,8.84516,0,0.670658
33,3,-1,0,4294967295,4,2.54247,4.09653,1,0.42816
33,3,0,1,4294967295,4,3.28183,4.84353,4,0.476868
33,3,1,2,4294967295,4,2.09202,5.37748,3,0.601156
33,3,1,3,4294967295,4,3.26952,3.56328,3,0.468527
33,3,0,4,4294967295,4,1.92836,3.30357,2,0.43634
33,3,4,5,4294967295,4,1.38003,2.91241,3,0.447316
33,5,-1,0,1,2,6.96817,-1.31536,1,0.423088
33,6,-1,0,2,3,-11.7076,8.209,1,0.399506
33,7,-1,0,3,4,2.83225,-1.18236,1,0.395139
33,4,-1,0,0,1,-12.3261,-9.14713,1,0.390918
33,5,0,1,1,2,6.85283,-0.412035,4,0.396996
33,6,0,1,2,3,-12.2079,9.17561,4,0.453479
33,7,0,1,3,4,3.95049,-1.08118,4,0.433223
33,5,1,2,1,2,6.17488,-1.52687,3,0.489564
33,6,1,2,2,3,-13.1309,8.2487,3,0.446347
33,7,1,2,3,4,3.40743,0.0269077,3,0.412942
33,5,1,3,1,2,7.898,-1.26059,3,0.374545
33,6,1,3,2,3,-10.9812,8.62553,3,0.531821
33,7,1,3,3,4,3.74099,-2.31825,3,0.489703
33,6,0,4,2,3,-10.7138,7.35219,0,0.494963
33,7,0,4,3,4,1.75414,-1.40797,2,0.361971
33,8,-1,0,5,2,7.4902,-0.684479,1,0.329867
33,6,4,5,2,3,-9.29508,7.18358,0,0.679896
33,7,4,5,3,4,0.912334,-1.53161,3,0.341819
33,6,5,6,2,3,-8.39387,8.22449,0,0.637935
33,9,-1,0,7,4,2.7581,-0.374442,1,0.956831
33,6,6,7,2,3,-7.47863,9.27225,0,0.622372
33,10,-1,0,1,2,11.8431,-1.45966,1,0.184267
33,6,7,8,2,3,-7.30422,10.6849,0,0.607409
33,11,-1,0,6,3,-12.4872,8.37978,1,0.780833
33,12,-1,0,3,4,1.76064,4.30952,1,0.478635
33,11,0,1,6,3,-13.0276,9.28801,4,0.882358
33,9,0,1,7,4,2.86319,0.641173,4,0.941296
33,11,1,2,6,3,-13.9294,8.33265,3,0.795378
33,13,-1,0,2,3,-3.9343,13.958,1,0.193086
33,11,1,3,6,3,-11.7403,8.89458,3,0.90461
33,13,0,1,2,3,-2.93871,14.219,4,0.1819
33,13,1,2,2,3,-4.04386,14.9025,3,0.178711
33,11,0,4,6,3,-11.5936,7.41812,0,0.71885
33,4,0,1,0,1,-11.829,-9.82859,8,1.18815
33,11,4,5,6,3,-10.432,6.50998,0,0.676558
33,11,5,6,6,3,-9.22514,5.77267,0,0.640814
33,11,6,7,6,3,-8.80339,4.51305,0,0.603016
33,9,1,2,7,4,2.00486,-0.310449,3,0.925758
33,12,0,1,3,4,2.61462,4.78517,4,0.527089
33,11,7,8,6,3,-9.06145,3.23936,0,0.5681
34,0,-1,0,4294967295,1,-12.8028,-8.50467,1,0.430602
34,0,0,1,4294967295,1,-11.9774,-8.33116,8,1.31218
34,0,0,2,4294967295,1,-13.3378,-7.86174,8,1.3248
34,0,0,3,4294967295,1,-13.1709,-9.24858,8,1.25588
34,1,-1,0,4294967295,2,10.9302,-0.871102,1,0.173783
34,1,0,1,4294967295,2,10.3388,-0.161464,4,0.185112
34,1,1,2,4294967295,2,10.383,-1.47634,3,0.176848
34,1,1,3,4294967295,2,11.6382,-0.182309,3,0.16137
34,2,-1,0,4294967295,3,-4.02615,13.0423,1,0.415893
34,2,0,1,4294967295,3,-3.1361,13.436,4,0.372404
34,2,1,2,4294967295,3,-4.39877,13.8851,3,0.36039
34,2,1,3,4294967295,3,-3.68729,12.2533,3,0.362155
34,2,0,4,4294967295,3,-5.02588,12.2844,0,0.46545
34,2,4,5,4294967295,3,-6.02945,11.4138,0,0.52799
34,2,5,6,4294967295,3,-6.71927,10.3188,0,0.612587
34,2,6,7,4294967295,3,-7.96752,9.87128,0,0.703674
34,2,7,8,4294967295,3,-9.04544,9.20795,0,0.698069
34,3,-1,0,4294967295,4,3.12726,4.39134,1,0.489405
34,3,0,1,4294967295,4,3.92872,5.01418,4,0.501533
34,3,1,2,4294967295,4,2.70433,5.505,3,0.510548
34,3,1,3,4294967295,4,3.59133,3.78522,3,0.492229
34,3,0,4,4294967295,4,2.37315,3.70452,2,0.464609
34,3,4,5,4294967295,4,1.29429,3.10047,3,0.446431
34,5,-1,0,1,2,6.84413,-0.809864,1,0.423458
34,6,-1,0,2,3,-11.709,9.05233,1,0.502501
34,7,-1,0,3,4,3.4493,-0.968556,1,0.395464
34,4,-1,0,0,1,-12.3261,-9.14713,1,0.383064
34,5,0,1,1,2,6.83221,0.0955475,4,0.417258
34,6,0,1,2,3,-11.9724,10.0371,4,0.563878
34,7,0,1,3,4,4.4328,-0.971047,4,0.428419
34,5,1,2,1,2,6.03767,-0.946208,3,0.421721
34,6,1,2,2,3,-13.0318,9.22843,3,0.447531
34,7,1,2,3,4,3.56578,-0.0255248,3,0.422787
34,5,1,3,1,2,7.75726,-0.884049,3,0.413762
34,6,1,3,2,3,-10.7892,9.42216,3,0.467857
34,7,1,3,3,4,3.55004,-1.91753,3,0.416284
34,6,0,4,2,3,-11.0225,8.01251,0,0.51854
34,7,0,4,3,4,2.56144,-1.26029,2,0.361863
34,8,-1,0,5,2,7.44608,-0.250904,1,0.433867
34,6,4,5,2,3,-9.76054,7.56486,0,0.559658
34,7,4,5,3,4,1.66236,-1.3499,3,0.343542
34,6,5,6,2,3,-8.62363,8.22838,0,0.588725
34,9,-1,0,7,4,2.81558,-0.326501,1,0.976947
34,6,6,7,2,3,-7.59277,9.00933,0,0.599982
34,10,-1,0,1,2,11.5135,-1.4264,1,0.168267
34,6,7,8,2,3,-7.55492,10.3442,0,0.601749
34,11,-1,0,6,3,-12.3657,9.4571,1,0.571019
34,12,-1,0,3,4,2.3552,4.48445,1,0.474593
34,11,0,1,6,3,-12.4648,10.5726,4,0.805431
34,9,0,1,7,4,3.25578,0.630345,4,1.01433
34,11,1,2,6,3,-13.5752,9.91795,3,0.807179
34,13,-1,0,2,3,-3.68583,13.8157,1,0.15894
34,11,1,3,6,3,-11.3252,9.96668,3,0.867951
34,13,0,1,2,3,-2.6671,13.9809,4,0.148071
34,13,1,2,2,3,-3.70247,14.7672,3,0.1458
34,11,0,4,6,3,-12.022,8.17006,0,0.607576
34,4,0,1,0,1,-11.829,-9.82859,8,1.164
34,11,4,5,6,3,-11.4718,6.77954,0,0.641728
34,11,5,6,6,3,-10.559,5.73306,0,0.628114
34,11,6,7,6,3,-10.3189,4.40506,0,0.603577
34,9,1,2,7,4,1.96899,0.909681,3,1.06798
34,12,0,1,3,4,3.211,5.03055,4,0.467131
34,11,7,8,6,3,-9.58759,3.24713,0,0.587848
34,14,-1,0,11,3,-12.6175,8.65572,1,0.5144
35,0,-1,0,4294967295,1,-12.8028,-8.50467,1,0.430932
35,0,0,1,4294967295,1,-11.9774,-8.33116,8,1.28779
35,0,0,2,4294967295,1,-13.3378,-7.86174,8,1.40594
35,0,0,3,4294967295,1,-13.1709,-9.24858,8,1.2548
35,1,-1,0,4294967295,2,10.7325,-0.621398,1,0.182397
35,1,0,1,4294967295,2,10.0052,-0.0451774,4,0.191777
35,1,1,2,4294967295,2,10.2972,-1.3282,3,0.183009
35,1,1,3,4294967295,2,11.2646,0.297145,3,0.251733
35,2,-1,0,4294967295,3,-3.6927,12.9344,1,0.410078
35,2,0,1,4294967295,3,-2.78151,13.3278,4,0.361268
35,2,1,2,4294967295,3,-4.05757,13.7187,3,0.347742
35,2,1,3,4294967295,3,-3.24457,12.1117,3,0.348679
35,2,0,4,4294967295,3,-4.76991,12.2444,0,0.46435
35,2,4,5,4294967295,3,-5.9233,11.4839,0,0.523003
35,2,5,6,4294967295,3,-6.66338,10.388,0,0.580165
35,2,6,7,4294967295,3,-7.96378,9.86805,0,0.625491
35,2,7,8,4294967295,3,-9.08095,9.19584,0,0.649833
35,3,-1,0,4294967295,4,3.51456,4.5582,1,0.506572
35,3,0,1,4294967295,4,4.46411,5.09817,4,0.536975
35,3,1,2,4294967295,4,3.3258,5.71463,3,0.570609
35,3,1,3,4294967295,4,4.28698,3.8618,3,0.526254
35,3,0,4,4294967295,4,2.60845,3.95197,2,0.472322
35,3,4,5,4294967295,4,1.60585,3.46795,3,0.450557
35,5,-1,0,1,2,6.69282,-0.300578,1,0.394918
35,6,-1,0,2,3,-11.6263,9.96657,1,0.502948
35,7,-1,0,3,4,3.84744,-0.605858,1,0.405104
35,4,-1,0,0,1,-12.3261,-9.14713,1,0.375081
35,5,0,1,1,2,6.96488,0.564557,4,0.387246
35,6,0,1,2,3,-11.9617,10.9882,4,0.556317
35,7,0,1,3,4,4.90304,-0.302522,4,0.451777
35,5,1,2,1,2,5.88106,-0.179097,3,0.386274
35,6,1,2,2,3,-12.8489,10.0219,3,0.454089
35,7,1,2,3,4,3.73482,0.0486369,3,0.436489
35,5,1,3,1,2,7.58532,-0.634364,3,0.392216
35,6,1,3,2,3,-10.7293,10.6852,3,0.444114
35,7,1,3,3,4,4.21526,-1.34276,3,0.415232
35,6,0,4,2,3,-11.1489,8.77588,0,0.529463
35,7,0,4,3,4,2.8054,-0.920995,2,0.368174
35,8,-1,0,5,2,7.4343,0.0469287,1,0.417867
35,6,4,5,2,3,-10.1569,7.84644,0,0.561361
35,7,4,5,3,4,1.45965,-1.08202,3,0.346727
35,6,5,6,2,3,-8.97796,8.3758,0,0.585914
35,9,-1,0,7,4,3.20837,-0.0432143,1,1.0208
35,6,6,7,2,3,-7.84926,9.02156,0,0.596024
35,10,-1,0,1,2,11.1778,-1.29445,1,0.152267
35,6,7,8,2,3,-7.38242,10.2668,0,0.597112
35,11,-1,0,6,3,-12.2202,10.3368,1,0.365757
35,12,-1,0,3,4,2.84815,5.01045,1,0.443685
35,11,0,1,6,3,-12.5379,11.4187,4,0.805088
35,9,0,1,7,4,4.12895,0.498587,4,1.02033
35,11,1,2,6,3,-13.3744,10.4482,3,0.885406
35,13,-1,0,2,3,-3.3441,13.7122,1,0.125306
35,11,1,3,6,3,-11.2359,11.4987,3,0.906433
35,13,0,1,2,3,-2.33408,13.9277,4,0.114584
35,13,1,2,2,3,-3.39713,14.6752,3,0.112317
35,11,0,4,6,3,-12.0277,8.96432,0,0.561725
35,4,0,1,0,1,-11.829,-9.82859,8,1.13999
35,11,4,5,6,3,-12.2586,7.38776,0,0.60721
35,11,5,6,6,3,-11.838,5.95617,0,0.602455
35,11,6,7,6,3,-11.3468,4.61145,0,0.5937
35,9,1,2,7,4,2.91215,0.872459,3,1.02654
35,12,0,1,3,4,3.81215,5.28704,4,0.43404
35,11,7,8,6,3,-10.2583,3.7487,0,0.587903
35,14,-1,0,11,3,-12.3264,9.55685,1,0.501573
35,14,0,1,11,3,-12.6955,8.62416,4,0.509627
36,0,-1,0,4294967295,1,-12.8028,-8.50467,1,0.429804
36,0,0,1,4294967295,1,-11.9774,-8.33116,8,1.27859
36,0,0,2,4294967295,1,-13.3378,-7.86174,8,1.34782
36,0,0,3,4294967295,1,-13.1709,-9.24858,8,1.25926
36,1,-1,0,4294967295,2,10.4645,-0.377,1,0.172452
36,1,0,1,4294967295,2,9.5867,-0.0438968,4,0.169991
36,1,1,2,4294967295,2,10.2008,-1.18897,3,0.166147
36,1,1,3,4294967295,2,10.676,0.688283,3,0.182283
36,2,-1,0,4294967295,3,-3.34878,12.844,1,0.39946
36,2,0,1,4294967295,3,-2.42727,13.2326,4,0.35034
36,2,1,2,4294967295,3,-3.71174,13.5996,3,0.336817
36,2,1,3,4294967295,3,-2.76667,11.9724,3,0.336645
36,2,0,4,4294967295,3,-4.48636,12.2469,0,0.45062
36,2,4,5,4294967295,3,-5.72161,11.5664,0,0.501025
36,2,5,6,4294967295,3,-6.60687,10.5332,0,0.54625
36,2,6,7,4294967295,3,-7.90489,9.98566,0,0.580752
36,2,7,8,4294967295,3,-8.94704,9.28548,0,0.599483
36,3,-1,0,4294967295,4,4.00541,4.75248,1,0.510293
36,3,0,1,4294967295,4,4.95906,5.10926,4,0.586905
36,3,1,2,4294967295,4,3.88318,5.86863,3,0.553839
36,3,1,3,4294967295,4,4.48137,3.926,3,0.526638
36,3,0,4,4294967295,4,3.1086,4.34538,2,0.473123
36,3,4,5,4294967295,4,2.40919,4.22866,3,0.453119
36,5,-1,0,1,2,6.62393,0.165708,1,0.37167
36,6,-1,0,2,3,-11.6308,10.8686,1,0.520961
36,7,-1,0,3,4,4.11584,-0.476439,1,0.376121
36,4,-1,0,0,1,-12.3261,-9.14713,1,0.367083
36,5,0,1,1,2,7.08177,0.949346,4,0.382782
36,6,0,1,2,3,-12.1713,11.7452,4,0.490428
36,7,0,1,3,4,5.05531,-0.00165902,4,0.381455
36,5,1,2,1,2,5.86269,0.45181,3,0.448739
36,6,1,2,2,3,-12.8757,10.6265,3,0.46788
36,7,1,2,3,4,4.07633,0.928274,3,0.399119
36,5,1,3,1,2,7.42497,-0.349684,3,0.360565
36,6,1,3,2,3,-10.8664,11.894,3,0.455317
36,7,1,3,3,4,5.04087,-1.24997,3,0.372007
36,6,0,4,2,3,-11.0875,9.73246,0,0.546962
36,7,0,4,3,4,3.11374,-0.739144,2,0.362724
36,8,-1,0,5,2,7.42292,0.327029,1,0.401867
36,6,4,5,2,3,-10.505,8.52391,0,0.572426
36,7,4,5,3,4,2.39108,-0.67089,3,0.34931
36,6,5,6,2,3,-9.23231,8.54,0,0.581442
36,9,-1,0,7,4,3.59542,0.114629,1,0.99744
36,6,6,7,2,3,-7.9984,9.01201,0,0.581032
36,10,-1,0,1,2,11.0175,-0.977816,1,0.136267
36,6,7,8,2,3,-7.26068,10.1647,0,0.579854
36,11,-1,0,6,3,-12.3859,10.9519,1,0.6588
36,12,-1,0,3,4,3.30927,5.18746,1,0.411727
36,11,0,1,6,3,-13.0407,11.7977,4,0.758122
36,9,0,1,7,4,4.50262,0.486702,4,0.991636
36,11,1,2,6,3,-13.5808,10.5785,3,0.789649
36,13,-1,0,2,3,-3.00066,13.6207,1,0.0916439
36,11,1,3,6,3,-11.8649,12.3818,3,0.807589
36,13,0,1,2,3,-2.00924,13.8875,4,0.0807772
36,13,1,2,2,3,-3.10932,14.582,3,0.0780516
36,11,0,4,6,3,-11.9676,9.66364,0,0.59375
36,4,0,1,0,1,-11.829,-9.82859,8,1.11598
36,11,4,5,6,3,-12.3049,8.22062,0,0.573576
36,11,5,6,6,3,-12.1975,6.82435,0,0.573353
36,11,6,7,6,3,-12.1731,5.4572,0,0.575391
36,9,1,2,7,4,3.27033,0.952451,3,0.998587
36,12,0,1,3,4,4.28776,5.40682,4,0.401997
36,11,7,8,6,3,-11.2911,4.44268,0,0.575859
36,14,-1,0,11,3,-12.2841,10.1859,1,0.47812
36,14,0,1,11,3,-12.6684,9.25713,4,0.46908
37,0,-1,0,4294967295,1,-12.8028,-8.50467,1,0.4447
37,0,0,1,4294967295,1,-11.9774,-8.33116,8,1.29918
37,0,0,2,4294967295,1,-13.3378,-7.86174,8,1.33974
37,0,0,3,4294967295,1,-13.1709,-9.24858,8,1.28785
37,1,-1,0,4294967295,2,10.0689,-0.252342,1,0.273527
37,1,0,1,4294967295,2,9.20996,0.103538,4,0.228013
37,1,1,2,4294967295,2,9.83377,-1.04372,3,0.180423
37,1,1,3,4294967295,2,10.3664,0.720681,3,0.246615
37,2,-1,0,4294967295,3,-3.02437,12.7744,1,0.38475
37,2,0,1,4294967295,3,-2.10973,13.1812,4,0.337754
37,2,1,2,4294967295,3,-3.3937,13.5538,3,0.324877
37,2,1,3,4294967295,3,-2.44295,11.9257,3,0.32436
37,2,0,4,4294967295,3,-4.16035,12.1734,0,0.432379
37,2,4,5,4294967295,3,-5.4842,11.6744,0,0.479554
37,2,5,6,4294967295,3,-6.54292,10.8324,0,0.527628
37,2,6,7,4294967295,3,-7.79767,10.442,0,0.578686
37,2,7,8,4294967295,3,-8.73464,9.55497,0,0.621183
37,3,-1,0,4294967295,4,4.61885,4.95104,1,0.508905
37,3,0,1,4294967295,4,5.59671,5.33166,4,0.527671
37,3,1,2,4294967295,4,4.43816,5.94162,3,0.536334
37,3,1,3,4294967295,4,4.97731,4.24379,3,0.51916
37,3,0,4,4294967295,4,3.63162,4.59723,2,0.479695
37,3,4,5,4294967295,4,2.28629,4.57266,3,0.45924
37,5,-1,0,1,2,6.67912,0.58713,1,0.360718
37,6,-1,0,2,3,-11.9465,11.4918,1,0.525623
37,7,-1,0,3,4,4.63078,0.0170704,1,0.346519
37,4,-1,0,0,1,-12.3261,-9.14713,1,0.359083
37,5,0,1,1,2,7.18186,1.37713,4,0.356356
37,6,0,1,2,3,-12.6876,12.2455,4,0.505886
37,7,0,1,3,4,5.49371,0.589282,4,0.34135
37,5,1,2,1,2,5.97592,0.956264,3,0.376112
37,6,1,2,2,3,-13.2764,11.084,3,0.446618
37,7,1,2,3,4,4.32024,1.11715,3,0.356509
37,5,1,3,1,2,7.50283,0.0826512,3,0.340436
37,6,1,3,2,3,-11.4489,12.5753,3,0.600994
37,7,1,3,3,4,5.28395,-0.613566,3,0.326219
37,6,0,4,2,3,-10.9918,10.6152,0,0.562627
37,7,0,4,3,4,3.81765,-0.50597,2,0.343602
37,8,-1,0,5,2,7.46533,0.740334,1,0.385867
37,6,4,5,2,3,-10.4697,9.33158,0,0.591949
37,7,4,5,3,4,2.77767,-0.755182,3,0.338411
37,6,5,6,2,3,-9.27655,8.9628,0,0.610187
37,9,-1,0,7,4,3.822,0.237432,1,0.99315
37,6,6,7,2,3,-7.99308,8.88587,0,0.591322
37,10,-1,0,1,2,10.8539,-0.456243,1,0.120267
37,6,7,8,2,3,-6.92882,9.66309,0,0.575112
37,11,-1,0,6,3,-12.8709,11.4784,1,0.616525
37,12,-1,0,3,4,3.97422,5.3951,1,0.379729
37,11,0,1,6,3,-13.7139,12.1181,4,0.718855
37,9,0,1,7,4,4.75887,0.556771,4,1.00381
37,11,1,2,6,3,-13.8326,10.7864,3,0.736845
37,13,-1,0,2,3,-2.67886,13.5487,1,0.0575652
37,11,1,3,6,3,-12.7014,12.9426,3,0.786942
37,13,0,1,2,3,-1.67922,13.8011,4,0.0463871
37,13,1,2,2,3,-2.77947,14.4904,3,0.0431143
37,11,0,4,6,3,-12.2441,10.3011,0,0.566519
37,4,0,1,0,1,-11.829,-9.82859,8,1.09198
37,11,4,5,6,3,-12.2462,8.9455,0,0.564765
37,11,5,6,6,3,-12.0586,7.66719,0,0.56972
37,11,6,7,6,3,-12.5345,6.45422,0,0.56822
37,9,1,2,7,4,3.54428,0.979903,3,1.03071
37,12,0,1,3,4,4.98577,5.57837,4,0.369996
37,11,7,8,6,3,-12.3715,5.14046,0,0.565312
37,14,-1,0,11,3,-12.5738,10.7782,1,0.456716
37,14,0,1,11,3,-12.7429,9.77617,4,0.450356
37,14,1,2,11,3,-11.7184,10.6285,3,0.452907
38,0,-1,0,4294967295,1,-12.8028,-8.50467,1,0.429066
38,0,0,1,4294967295,1,-11.9774,-8.33116,8,1.28709
38,0,0,2,4294967295,1,-13.3378,-7.86174,8,1.31086
38,0,0,3,4294967295,1,-13.1709,-9.24858,8,1.28045
38,1,-1,0,4294967295,2,9.70005,-0.159173,1,0.245037
38,1,0,1,4294967295,2,8.94346,0.363886,4,0.232034
38,1,1,2,4294967295,2,9.3449,-0.885205,3,0.217544
38,1,1,3,4294967295,2,10.2217,0.653372,3,0.239614
38,2,-1,0,4294967295,3,-2.71546,12.7545,1,0.370808
38,2,0,1,4294967295,3,-1.78283,13.0933,4,0.323787
38,2,1,2,4294967295,3,-3.04436,13.5415,3,0.310177
38,2,1,3,4294967295,3,-2.21992,11.8653,3,0.310841
38,2,0,4,4294967295,3,-3.87812,12.25,0,0.420702
38,2,4,5,4294967295,3,-5.19277,11.9001,0,0.474865
38,2,5,6,4294967295,3,-6.26021,11.1507,0,0.53142
38,2,6,7,4294967295,3,-7.5167,10.8569,0,0.57767
38,2,7,8,4294967295,3,-8.43202,9.96968,0,0.597697
38,3,-1,0,4294967295,4,4.9962,5.15208,1,0.536143
38,3,0,1,4294967295,4,5.98106,5.53597,4,0.603311
38,3,1,2,4294967295,4,4.89851,6.29782,3,0.759924
38,3,1,3,4294967295,4,5.80201,4.28308,3,0.587735
38,3,0,4,4294967295,4,3.98296,4.84462,2,0.502476
38,3,4,5,4294967295,4,3.03666,4.78257,3,0.575727
38,5,-1,0,1,2,6.95666,1.25253,1,0.370728
38,6,-1,0,2,3,-12.4959,11.9071,1,0.549736
38,7,-1,0,3,4,4.94976,0.268308,1,0.316394
38,4,-1,0,0,1,-12.3261,-9.14713,1,0.351083
38,5,0,1,1,2,7.55926,1.95045,4,0.3798
38,6,0,1,2,3,-13.4016,12.529,4,0.557526
38,7,0,1,3,4,5.68882,1.01498,4,0.304449
38,5,1,2,1,2,6.25971,1.73347,3,0.440282
38,6,1,2,2,3,-13.9492,11.3284,3,0.593392
38,7,1,2,3,4,4.38132,1.123,3,0.317557
38,5,1,3,1,2,7.8807,0.642363,3,0.346114
38,6,1,3,2,3,-12.2291,13.0176,3,0.52871
38,7,1,3,3,4,5.8124,-0.224415,3,0.286226
38,6,0,4,2,3,-11.3199,11.2597,0,0.550943
38,7,0,4,3,4,4.10598,-0.424125,2,0.319184
38,8,-1,0,5,2,7.75534,1.26813,1,0.489867
38,6,4,5,2,3,-10.361,10.2271,0,0.560763
38,7,4,5,3,4,3.00546,-1.04374,3,0.315541
38,6,5,6,2,3,-9.1649,9.60935,0,0.568902
38,9,-1,0,7,4,4.20929,0.458528,1,0.987613
38,6,6,7,2,3,-8.06784,8.82766,0,0.571145
38,10,-1,0,1,2,10.4938,-0.0198506,1,0.104267
38,6,7,8,2,3,-6.73523,8.98363,0,0.570299
38,11,-1,0,6,3,-13.5298,11.7998,1,0.490564
38,12,-1,0,3,4,4.38576,5.6579,1,0.347729
38,11,0,1,6,3,-14.4803,12.3945,4,0.565933
38,9,0,1,7,4,4.89595,1.24446,4,1.00788
38,11,1,2,6,3,-14.6341,11.1119,3,0.610884
38,13,-1,0,2,3,-2.34406,13.5103,1,0.0231389
38,11,1,3,6,3,-13.5835,13.3054,3,0.600484
38,13,0,1,2,3,-1.34351,13.7245,4,0.0117799
38,13,1,2,2,3,-2.41753,14.4577,3,0.00805405
38,11,0,4,6,3,-12.6187,10.8572,0,0.494307
38,4,0,1,0,1,-11.829,-9.82859,8,1.06798
38,11,4,5,6,3,-12.2973,9.55797,0,0.536863
38,11,5,6,6,3,-12.0109,8.27618,0,0.566943
38,11,6,7,6,3,-12.6562,7.12191,0,0.57301
38,9,1,2,7,4,3.60728,0.988756,3,1.07217
38,12,0,1,3,4,5.37772,5.8341,4,0.337995
38,11,7,8,6,3,-13.11,5.88151,0,0.569447
38,14,-1,0,11,3,-12.7164,11.3657,1,0.451144
38,14,0,1,11,3,-12.7473,10.2467,4,0.477296
38,14,1,2,11,3,-11.9367,11.2589,3,0.44815
38,14,1,3,11,3,-13.2574,11.36,3,0.57001
39,0,-1,0,4294967295,1,-12.8028,-8.50467,1,0.422627
39,0,0,1,4294967295,1,-11.9774,-8.33116,8,1.27027
39,0,0,2,4294967295,1,-13.3378,-7.86174,8,1.28419
39,0,0,3,4294967295,1,-13.1709,-9.24858,8,1.26638
39,1,-1,0,4294967295,2,9.37461,0.0145485,1,0.295459
39,1,0,1,4294967295,2,8.74969,0.711285,4,0.318583
39,1,1,2,4294967295,2,8.69047,-0.586946,3,0.372734
39,1,1,3,4294967295,2,10.0494,0.876732,3,0.294375
39,2,-1,0,4294967295,3,-2.37038,12.7882,1,0.357744
39,2,0,1,4294967295,3,-1.40499,13.0335,4,0.30936
39,2,1,2,4294967295,3,-2.62444,13.5864,3,0.294045
39,2,1,3,4294967295,3,-1.98977,11.8682,3,0.295917
39,2,0,4,4294967295,3,-3.58001,12.4292,0,0.40696
39,2,4,5,4294967295,3,-4.89712,12.173,0,0.45518
39,2,5,6,4294967295,3,-5.9399,11.412,0,0.498601
39,2,6,7,4294967295,3,-7.19602,11.1434,0,0.531822
39,2,7,8,4294967295,3,-8.18808,10.3284,0,0.549824
39,3,-1,0,4294967295,4,5.61598,5.38531,1,0.451868
39,3,0,1,4294967295,4,6.45023,5.96069,4,0.586034
39,3,1,2,4294967295,4,5.21745,6.47246,3,0.678593
39,3,1,3,4294967295,4,6.12573,4.72776,3,0.569756
39,3,0,4,4294967295,4,4.71215,4.90783,2,0.431683
39,3,4,5,4294967295,4,3.88721,4.88164,3,0.457753
39,5,-1,0,1,2,7.32109,1.84752,1,0.408272
39,6,-1,0,2,3,-13.0181,12.3332,1,0.573243
39,7,-1,0,3,4,5.11789,0.559083,1,0.305372
39,4,-1,0,0,1,-12.3261,-9.14713,1,0.46019
39,5,0,1,1,2,7.81222,2.64084,4,0.43699
39,6,0,1,2,3,-13.9432,12.8562,4,0.545792
39,7,0,1,3,4,5.57297,1.48593,4,0.296359
39,5,1,2,1,2,6.57687,2.19371,3,0.531274
39,6,1,2,2,3,-14.4678,11.6469,3,0.604876
39,7,1,2,3,4,4.28158,1.23838,3,0.309748
39,5,1,3,1,2,8.33823,1.40767,3,0.382381
39,6,1,3,2,3,-12.8531,13.5529,3,0.508001
39,7,1,3,3,4,6.18138,0.391849,3,0.278357
39,6,0,4,2,3,-11.7373,11.868,0,0.641466
39,7,0,4,3,4,4.61152,-0.315938,2,0.303768
39,8,-1,0,5,2,8.09293,2.00823,1,0.593867
39,6,4,5,2,3,-10.4739,10.9757,0,0.714868
39,7,4,5,3,4,4.0999,-0.764718,3,0.296849
39,6,5,6,2,3,-9.16946,10.3,0,0.691973
39,9,-1,0,7,4,4.30119,0.490885,1,1.02766
39,6,6,7,2,3,-8.24479,9.21282,0,0.637058
39,10,-1,0,1,2,10.1836,-0.083555,1,0.0882666
39,6,7,8,2,3,-7.07428,8.42476,0,0.596849
39,11,-1,0,6,3,-14.0441,12.0293,1,0.539856
39,12,-1,0,3,4,4.79868,5.459,1,0.350004
39,11,0,1,6,3,-15.0127,12.5264,4,0.552122
39,9,0,1,7,4,4.8562,1.3422,4,1.03544
39,11,1,2,6,3,-15.0726,11.2214,3,0.543695
39,13,-1,0,2,3,-1.94726,13.5003,1,0
39,11,1,3,6,3,-14.1791,13.5335,3,0.583958
39,13,0,1,2,3,-0.964543,13.7101,4,0
39,13,1,2,2,3,-2.08619,14.393,3,0
39,11,0,4,6,3,-12.9907,11.24,0,0.561984
39,4,0,1,0,1,-11.829,-9.82859,8,1.16688
39,11,4,5,6,3,-12.5073,9.93921,0,0.622407
39,11,5,6,6,3,-12.1086,8.71766,0,0.649455
39,11,6,7,6,3,-12.8131,7.65646,0,0.601682
39,9,1,2,7,4,3.5563,1.14499,3,1.04455
39,12,0,1,3,4,5.5476,6.13,4,0.369074
39,11,7,8,6,3,-13.3687,6.51034,0,0.576277
39,14,-1,0,11,3,-13.408,11.557,1,0.45237
39,14,0,1,11,3,-12.6766,10.7698,4,0.451609
39,14,1,2,11,3,-12.5181,12.0685,3,0.451702
39,14,1,3,11,3,-14.0391,10.5958,3,0.461867
39,12,1,2,3,4,4.271,6.31367,3,0.401406
40,0,-1,0,4294967295,1,-12.8028,-8.50467,1,0.439812
40,0,0,1,4294967295,1,-11.9774,-8.33116,8,1.43157
40,0,0,2,4294967295,1,-13.3378,-7.86174,8,1.27926
40,0,0,3,4294967295,1,-13.1709,-9.24858,8,1.26882
40,1,-1,0,4294967295,2,8.9645,0.345747,1,0.318122
40,1,0,1,4294967295,2,8.6954,1.24709,4,0.314793
40,1,1,2,4294967295,2,8.11931,0.08067,3,0.3128
40,1,1,3,4294967295,2,9.93039,0.790953,3,0.317906
40,2,-1,0,4294967295,3,-2.01198,12.8429,1,0.340651
40,2,0,1,4294967295,3,-1.02493,13.0829,4,0.29263
40,2,1,2,4294967295,3,-2.20545,13.6988,3,0.281066
40,2,1,3,4294967295,3,-1.60089,11.9227,3,0.274231
40,2,0,4,4294967295,3,-3.24772,12.5561,0,0.387127
40,2,4,5,4294967295,3,-4.59424,12.3753,0,0.430084
40,2,5,6,4294967295,3,-5.67369,11.6376,0,0.46673
40,2,6,7,4294967295,3,-6.94303,11.3655,0,0.493735
40,2,7,8,4294967295,3,-7.98647,10.6008,0,0.508117
40,3,-1,0,4294967295,4,5.97898,5.69811,1,0.504117
40,3,0,1,4294967295,4,6.94988,6.19504,4,0.625943
40,3,1,2,4294967295,4,5.88106,6.88056,3,0.664537
40,3,1,3,4294967295,4,6.47489,5.02824,3,0.545035
40,3,0,4,4294967295,4,5.14488,5.0213,2,0.490943
40,3,4,5,4294967295,4,3.98674,4.2542,3,0.520145
40,5,-1,0,1,2,7.72776,2.40648,1,0.488669
40,6,-1,0,2,3,-13.5516,12.4802,1,0.216095
40,7,-1,0,3,4,5.27518,1.11755,1,0.314518
40,4,-1,0,0,1,-12.3261,-9.14713,1,0.469088
40,5,0,1,1,2,7.83345,3.30865,4,0.431332
40,6,0,1,2,3,-14.5753,12.965,4,0.453684
40,7,0,1,3,4,5.27411,2.19002,4,0.319308
40,5,1,2,1,2,6.8951,2.39238,3,0.43266
40,6,1,2,2,3,-14.4553,11.6525,3,0.520303
40,7,1,2,3,4,4.26899,1.37417,3,0.329319
40,5,1,3,1,2,8.74278,2.29758,3,0.400554
40,6,1,3,2,3,-13.4707,13.7023,3,0.491761
40,7,1,3,3,4,6.16901,1.33572,3,0.297741
40,6,0,4,2,3,-12.2591,11.9824,0,0.524059
40,7,0,4,3,4,5.19531,0.0824269,2,0.296892
40,8,-1,0,5,2,8.37976,2.90079,1,0.577867
40,6,4,5,2,3,-10.9161,11.3923,0,0.623003
40,7,4,5,3,4,4.7097,-1.06796,3,0.284627
40,6,5,6,2,3,-9.5782,10.8907,0,0.636651
40,9,-1,0,7,4,4.59535,0.675516,1,1.00965
40,6,6,7,2,3,-8.76289,9.74621,0,0.62793
40,10,-1,0,1,2,9.63064,-0.12609,1,0.0722666
40,6,7,8,2,3,-7.91286,8.65491,0,0.617881
40,11,-1,0,6,3,-14.3936,12.3381,1,0.391108
40,12,-1,0,3,4,5.28566,6.11664,1,0.34016
40,11,0,1,6,3,-15.4411,12.7104,4,0.426689
40,9,0,1,7,4,4.83671,1.65383,4,1.00498
40,11,1,2,6,3,-15.196,11.461,3,0.452632
40,11,1,3,6,3,-14.7516,13.8068,3,0.459531
40,11,0,4,6,3,-13.1701,11.7878,0,0.470035
40,4,0,1,0,1,-11.829,-9.82859,8,1.24598
40,11,4,5,6,3,-12.7313,10.4468,0,0.565318
40,11,5,6,6,3,-12.3784,9.23599,0,0.620696
40,11,6,7,6,3,-12.9594,8.07169,0,0.661215
40,9,1,2,7,4,3.72648,0.937637,3,1.01303
40,12,0,1,3,4,6.26028,6.32783,4,0.33611
40,11,7,8,6,3,-13.3581,6.83556,0,0.615089
40,14,-1,0,11,3,-13.7725,11.8542,1,0.452834
40,14,0,1,11,3,-13.1116,10.9495,4,0.429294
40,14,1,2,11,3,-12.8502,12.2299,3,0.426547
40,14,1,3,11,3,-14.1809,10.0979,3,0.425686
40,12,1,2,3,4,5.10845,6.89814,3,0.344139
40,14,0,4,11,3,-14.2237,13.1195,0,0.472804
40,15,-1,0,6,3,-13.2891,11.6386,1,0.5176
41,0,-1,0,4294967295,1,-12.8028,-8.50467,1,0.445665
41,0,0,1,4294967295,1,-11.9774,-8.33116,8,1.3786
41,0,0,2,4294967295,1,-13.3378,-7.86174,8,1.28936
41,0,0,3,4294967295,1,-13.1709,-9.24858,8,1.36184
41,1,-1,0,4294967295,2,8.61866,0.829655,1,0.289586
41,1,0,1,4294967295,2,8.96142,1.6971,4,0.280135
41,1,1,2,4294967295,2,7.79192,1.09888,3,0.270357
41,1,1,3,4294967295,2,9.63981,0.562868,3,0.289543
41,2,-1,0,4294967295,3,-1.64311,12.9456,1,0.320762
41,2,0,1,4294967295,3,-0.672645,13.3082,4,0.276456
41,2,1,2,4294967295,3,-1.85071,13.8495,3,0.28337
41,2,1,3,4294967295,3,-0.975438,12.0449,3,0.253732
41,2,0,4,4294967295,3,-2.87065,12.5803,0,0.36442
41,2,4,5,4294967295,3,-4.25463,12.4546,0,0.403495
41,2,5,6,4294967295,3,-5.41206,11.8117,0,0.435742
41,2,6,7,4294967295,3,-6.7018,11.5928,0,0.458896
41,2,7,8,4294967295,3,-7.75711,10.8338,0,0.471028
41,3,-1,0,4294967295,4,6.38548,5.87057,1,0.434601
41,3,0,1,4294967295,4,7.3395,6.21009,4,0.583071
41,3,1,2,4294967295,4,6.54525,7.27889,3,0.672683
41,3,1,3,4294967295,4,7.14493,4.90324,3,0.666305
41,3,0,4,4294967295,4,5.56023,5.19707,2,0.412858
41,3,4,5,4294967295,4,4.85359,4.79148,3,0.435218
41,5,-1,0,1,2,7.98936,3.01654,1,0.437286
41,6,-1,0,2,3,-14.117,12.4573,1,0.448108
41,7,-1,0,3,4,5.25307,1.57501,1,0.300342
41,4,-1,0,0,1,-12.3261,-9.14713,1,0.422196
41,5,0,1,1,2,7.96498,3.92266,4,0.432036
41,6,0,1,2,3,-15.1836,12.6162,4,0.419776
41,7,0,1,3,4,4.9063,2.55708,4,0.301156
41,5,1,2,1,2,7.19071,2.8745,3,0.406238
41,6,1,2,2,3,-14.8108,11.3811,3,0.420627
41,7,1,2,3,4,4.17371,1.45237,3,0.31755
41,5,1,3,1,2,8.89978,2.95203,3,0.462374
41,6,1,3,2,3,-14.3179,13.6415,3,0.409689
41,7,1,3,3,4,6.14476,2.28997,3,0.285988
41,6,0,4,2,3,-12.8222,12.0981,0,0.505928
41,7,0,4,3,4,5.474,0.518888,2,0.288379
41,8,-1,0,5,2,8.58558,3.58012,1,0.681867
41,6,4,5,2,3,-11.5626,11.4948,0,0.580449
41,7,4,5,3,4,5.44842,-0.594375,3,0.277044
41,6,5,6,2,3,-10.289,11.207,0,0.733955
41,9,-1,0,7,4,4.79498,0.963127,1,0.98435
41,6,6,7,2,3,-9.53336,10.1829,0,0.666614
41,10,-1,0,1,2,8.92046,0.0736933,1,0.0562666
41,6,7,8,2,3,-8.60424,9.3168,0,0.641395
41,11,-1,0,6,3,-14.7125,12.3783,1,0.448576
41,12,-1,0,3,4,5.77585,6.36831,1,0.39655
41,11,0,1,6,3,-15.8006,12.7144,4,0.409114
41,9,0,1,7,4,4.51233,1.93328,4,0.978288
41,11,1,2,6,3,-15.3552,11.5339,3,0.400999
41,11,1,3,6,3,-15.0258,13.7503,3,0.397028
41,11,0,4,6,3,-13.4673,12.0216,0,0.525615
41,4,0,1,0,1,-11.829,-9.82859,8,1.26087
41,11,4,5,6,3,-12.7985,10.8452,0,0.675944
41,11,5,6,6,3,-12.494,9.58986,0,0.689746
41,11,6,7,6,3,-13.0769,8.40483,0,0.622074
41,9,1,2,7,4,4.09911,0.68733,3,0.985024
41,12,0,1,3,4,6.75367,6.61707,4,0.424247
41,11,7,8,6,3,-13.1827,7.10827,0,0.609345
41,14,-1,0,11,3,-13.9251,12.0743,1,0.423278
41,14,0,1,11,3,-13.1914,11.4053,4,0.402204
41,14,1,2,11,3,-13.1634,12.7507,3,0.391931
41,14,1,3,11,3,-14.475,11.0842,3,0.402079
41,12,1,2,3,4,5.65791,7.25787,3,0.396337
41,14,0,4,11,3,-14.6823,13.058,0,0.434558
41,15,-1,0,6,3,-14.2223,11.6428,1,0.5016
41,12,1,3,3,4,6.25931,5.4091,3,0.442119
42,0,-1,0,4294967295,1,-12.8028,-8.50436,1,0.0981625
42,0,0,1,4294967295,1,-11.9805,-8.31995,8,1.31514
42,0,0,2,4294967295,1,-13.3379,-7.86181,8,1.26285
42,0,0,3,4294967295,1,-13.1708,-9.24862,8,1.30532
42,1,-1,0,4294967295,2,8.46691,1.32535,1,0.259014
42,1,0,1,4294967295,2,9.25883,1.81354,4,0.250971
42,1,1,2,4294967295,2,7.95897,2.04053,3,0.251119
42,1,1,3,4294967295,2,9.14924,0.505093,3,0.254128
42,2,-1,0,4294967295,3,-1.23533,13.1311,1,0.320042
42,2,0,1,4294967295,3,-0.272276,13.5427,4,0.26588
42,2,1,2,4294967295,3,-1.42251,14.1201,3,0.245451
42,2,1,3,4294967295,3,-0.523657,12.2685,3,0.25049
42,2,0,4,4294967295,3,-2.43204,12.6495,0,0.347392
42,2,4,5,4294967295,3,-3.83183,12.4671,0,0.378115
42,2,5,6,4294967295,3,-5.05695,11.9071,0,0.405992
42,2,6,7,4294967295,3,-6.37815,11.7905,0,0.426276
42,2,7,8,4294967295,3,-7.48507,11.0886,0,0.436876
42,3,-1,0,4294967295,4,7.14543,6.13754,1,0.539298
42,3,0,1,4294967295,4,8.07798,6.61229,4,0.625102
42,3,1,2,4294967295,4,6.89441,7.17727,3,0.637423
42,3,1,3,4294967295,4,7.61903,5.46741,3,0.787389
42,3,0,4,4294967295,4,6.17047,5.7522,2,0.470203
42,3,4,5,4294967295,4,5.20078,5.70171,3,0.433889
42,5,-1,0,1,2,8.06791,3.6519,1,0.518361
42,6,-1,0,2,3,-14.6096,12.6778,1,0.514365
42,7,-1,0,3,4,5.07795,1.94642,1,0.299144
42,4,-1,0,0,1,-12.3261,-9.14741,1,0.392159
42,5,0,1,1,2,8.27561,4.53744,4,0.551883
42,6,0,1,2,3,-15.6247,12.9355,4,0.416874
42,7,0,1,3,4,4.29492,2.67133,4,0.460403
42,5,1,2,1,2,7.24896,3.73227,3,0.495871
42,6,1,2,2,3,-15.2126,11.6933,3,0.400709
42,7,1,2,3,4,4.11091,1.38099,3,0.312134
42,5,1,3,1,2,8.96783,3.37906,3,0.523372
42,6,1,3,2,3,-14.6106,13.8162,3,0.382765
42,7,1,3,3,4,5.52237,2.90986,3,0.450547
42,6,0,4,2,3,-13.367,12.4025,0,0.663454
42,7,0,4,3,4,5.80191,1.22918,2,0.274289
42,8,-1,0,5,2,8.78279,4.05423,1,0.665867
42,6,4,5,2,3,-12.2615,11.71,0,0.650943
42,7,4,5,3,4,6.14965,0.585854,3,0.262253
42,6,5,6,2,3,-11.0369,11.3656,0,0.669268
42,9,-1,0,7,4,4.97079,1.11817,1,0.957953
42,6,6,7,2,3,-10.1419,10.4379,0,0.692042
42,10,-1,0,1,2,8.29743,0.531805,1,0.0402666
42,6,7,8,2,3,-8.97546,9.87238,0,0.682908
42,11,-1,0,6,3,-15.151,12.305,1,0.493156
42,12,-1,0,3,4,6.39321,6.30575,1,0.388932
42,11,0,1,6,3,-16.2467,12.4385,4,0.454156
42,9,0,1,7,4,4.40843,1.93757,4,0.951621
42,11,1,2,6,3,-16.039,11.1081,3,0.440028
42,11,1,3,6,3,-15.7298,13.6425,3,0.445683
42,11,0,4,6,3,-14.0109,11.7038,0,0.537795
42,4,0,1,0,1,-11.8291,-9.82864,8,1.24079
42,11,4,5,6,3,-13.0915,10.7677,0,0.580582
42,11,5,6,6,3,-12.4289,9.72317,0,0.606707
42,11,6,7,6,3,-12.9413,8.59,0,0.613489
42,9,1,2,7,4,4.19136,0.645341,3,0.958088
42,12,0,1,3,4,7.33678,6.66503,4,0.400731
42,11,7,8,6,3,-13.008,7.34983,0,0.611817
42,14,-1,0,11,3,-14.2014,12.2936,1,0.419765
42,14,0,1,11,3,-13.2908,11.7283,4,0.428365
42,14,1,2,11,3,-13.6862,13.0276,3,0.402345
42,14,1,3,11,3,-14.3283,10.9328,3,0.474269
42,12,1,2,3,4,6.13773,7.17007,3,0.388872
42,14,0,4,11,3,-15.0144,13.233,0,0.414931
42,15,-1,0,6,3,-14.6839,11.8373,1,0.4856
42,12,1,3,3,4,6.94534,5.41981,3,0.460324
42,4,0,2,0,1,-11.9561,-8.40642,8,0.53732
43,0,-1,0,4294967295,1,-12.7893,-8.3868,1,0.397684
43,0,0,1,4294967295,1,-12.1283,-7.83524,8,1.1904
43,0,0,2,4294967295,1,-13.6064,-8.07556,8,1.15976
43,0,0,3,4294967295,1,-12.8893,-9.18948,8,1.28963
43,1,-1,0,4294967295,2,8.53651,1.68113,1,0.229019
43,1,0,1,4294967295,2,9.42688,1.94591,4,0.219786
43,1,1,2,4294967295,2,8.20612,2.43134,3,0.227442
43,1,1,3,4294967295,2,8.90314,0.759135,3,0.211725
43,2,-1,0,4294967295,3,-0.790451,13.3495,1,0.285105
43,2,0,1,4294967295,3,0.216325,13.6361,4,0.23974
43,2,1,2,4294967295,3,-0.795089,14.4349,3,0.21739
43,2,1,3,4294967295,3,-0.306253,12.451,3,0.228671
43,2,0,4,4294967295,3,-1.99596,12.889,0,0.323442
43,2,4,5,4294967295,3,-3.37727,12.5756,0,0.356198
43,2,5,6,4294967295,3,-4.58697,11.9641,0,0.388513
43,2,6,7,4294967295,3,-5.91899,11.9211,0,0.43044
43,2,7,8,4294967295,3,-7.11765,11.3778,0,0.478936
43,3,-1,0,4294967295,4,7.81964,6.50186,1,0.425337
43,3,0,1,4294967295,4,8.6126,7.14173,4,0.525593
43,3,1,2,4294967295,4,7.28362,7.24441,3,0.571355
43,3,1,3,4294967295,4,8.7581,5.88055,3,0.578988
43,3,0,4,4294967295,4,6.86601,5.97823,2,0.388786
43,3,4,5,4294967295,4,5.50599,5.9355,3,0.387179
43,5,-1,0,1,2,8.10763,4.35926,1,0.513774
43,6,-1,0,2,3,-15.1445,12.7102,1,0.508
43,7,-1,0,3,4,4.67456,2.31947,1,0.329765
43,4,-1,0,0,1,-12.2336,-9.09204,1,0.332549
43,5,0,1,1,2,8.73331,5.0306,4,0.515568
43,6,0,1,2,3,-16.2173,12.8138,4,0.422725
43,7,0,1,3,4,3.63645,2.53865,4,0.357463
43,5,1,2,1,2,7.43397,4.88678,3,0.526625
43,6,1,2,2,3,-15.6579,11.6577,3,0.40685
43,7,1,2,3,4,4.19041,1.34586,3,0.367008
43,5,1,3,1,2,8.87628,3.68128,3,0.514775
43,6,1,3,2,3,-15.4572,13.8947,3,0.382607
43,7,1,3,3,4,4.6349,3.28634,3,0.370313
43,6,0,4,2,3,-13.8627,12.645,0,0.602476
43,7,0,4,3,4,5.70613,2.02848,2,0.295551
43,8,-1,0,5,2,8.92466,4.37389,1,0.649867
43,6,4,5,2,3,-12.7448,11.885,0,0.691987
43,7,4,5,3,4,6.8571,1.30578,3,0.271221
43,6,5,6,2,3,-11.5137,11.4732,0,0.696601
43,9,-1,0,7,4,4.94211,1.56956,1,0.970666
43,6,6,7,2,3,-10.5443,10.6161,0,0.688317
43,10,-1,0,1,2,7.92559,1.14505,1,0.0242666
43,6,7,8,2,3,-9.28938,10.3223,0,0.68287
43,11,-1,0,6,3,-15.4591,12.2093,1,0.474928
43,12,-1,0,3,4,7.03082,6.57311,1,0.45382
43,11,0,1,6,3,-16.5483,12.0732,4,0.43139
43,9,0,1,7,4,3.99102,1.90559,4,0.966304
43,11,1,2,6,3,-15.8343,10.9384,3,0.431992
43,11,1,3,6,3,-16.4334,13.3892,3,0.401266
43,11,0,4,6,3,-14.2081,11.8584,0,0.513829
43,4,0,1,0,1,-12.2657,-10.0295,8,1.2284
43,11,4,5,6,3,-13.4282,10.7309,0,0.546257
43,11,5,6,6,3,-12.5315,9.81402,0,0.569943
43,11,6,7,6,3,-12.6988,8.55746,0,0.584195
43,9,1,2,7,4,4.59239,0.727087,3,0.970693
43,12,0,1,3,4,7.80886,7.20979,4,0.492758
43,11,7,8,6,3,-12.7633,7.29025,0,0.590447
43,14,-1,0,11,3,-14.5716,12.4284,1,0.399633
43,14,0,1,11,3,-13.5301,12.0774,4,0.39104
43,14,1,2,11,3,-14.0358,13.3141,3,0.386167
43,14,1,3,11,3,-14.3574,11.0672,3,0.391002
43,12,1,2,3,4,6.48647,7.03485,3,0.429362
43,14,0,4,11,3,-15.6428,13.1285,0,0.401733
43,15,-1,0,6,3,-14.9664,11.851,1,0.4696
43,12,1,3,3,4,7.71228,5.92591,3,0.420969
43,4,0,2,0,1,-11.4907,-8.7086,8,0.801317
43,12,0,4,3,4,6.12868,6.08257,2,0.447835
44,0,-1,0,4294967295,1,-12.8668,-8.52535,1,0.405985
44,0,0,1,4294967295,1,-12.1727,-8.05124,8,1.28152
44,0,0,2,4294967295,1,-13.6546,-8.23604,8,1.16493
44,0,0,3,4294967295,1,-13.0903,-9.30664,8,1.24103
44,1,-1,0,4294967295,2,8.698,1.90024,1,0.197302
44,1,0,1,4294967295,2,9.54602,2.27222,4,0.187914
44,1,1,2,4294967295,2,8.26999,2.59252,3,0.196987
44,1,1,3,4294967295,2,9.18615,1.01723,3,0.180011
44,2,-1,0,4294967295,3,-0.288521,13.5061,1,0.268522
44,2,0,1,4294967295,3,0.752278,13.6471,4,0.240163
44,2,1,2,4294967295,3,-0.112417,14.5926,3,0.255391
44,2,1,3,4294967295,3,0.0640123,12.5483,3,0.212354
44,2,0,4,4294967295,3,-1.5387,13.1774,0,0.303032
44,2,4,5,4294967295,3,-2.9149,12.8365,0,0.338979
44,2,5,6,4294967295,3,-4.066,12.1265,0,0.373084
44,2,6,7,4294967295,3,-5.38995,12.0533,0,0.401849
44,2,7,8,4294967295,3,-6.62457,11.6115,0,0.419133
44,3,-1,0,4294967295,4,8.1675,6.94119,1,0.456312
44,3,0,1,4294967295,4,8.86297,7.80483,4,0.50277
44,3,1,2,4294967295,4,7.58915,7.87216,3,0.545977
44,3,1,3,4294967295,4,9.29783,6.64291,3,0.50177
44,3,0,4,4294967295,4,7.44515,6.08022,2,0.415051
44,3,4,5,4294967295,4,6.89433,5.54076,3,0.390005
44,5,-1,0,1,2,8.33252,5.11018,1,0.517698
44,6,-1,0,2,3,-15.6059,12.5489,1,0.50091
44,7,-1,0,3,4,4.32469,2.39767,1,0.340116
44,4,-1,0,0,1,-12.0544,-8.7936,1,0.343446
44,5,0,1,1,2,9.24436,5.25287,4,0.518619
44,6,0,1,2,3,-16.6489,12.2523,4,0.420492
44,7,0,1,3,4,3.27624,2.22993,4,0.400894
44,5,1,2,1,2,8.09351,5.8366,3,0.502633
44,6,1,2,2,3,-15.7127,11.3773,3,0.410327
44,7,1,2,3,4,4.19276,1.28764,3,0.367564
44,5,1,3,1,2,8.55903,4.07043,3,0.517898
44,6,1,3,2,3,-16.5904,13.5579,3,0.377632
44,7,1,3,3,4,3.7598,3.39333,3,0.587589
44,6,0,4,2,3,-14.3241,12.7711,0,0.587045
44,7,0,4,3,4,5.39115,2.48142,2,0.298446
44,8,-1,0,5,2,8.97045,4.62189,1,0.633867
44,6,4,5,2,3,-13.0788,12.085,0,0.658372
44,7,4,5,3,4,6.34863,2.38143,3,0.277695
44,6,5,6,2,3,-11.8306,11.6948,0,0.674117
44,9,-1,0,7,4,4.87297,1.83598,1,0.944333
44,6,6,7,2,3,-10.8457,10.8507,0,0.672103
44,10,-1,0,1,2,7.89779,1.7778,1,0.0082666
44,6,7,8,2,3,-9.57844,10.6115,0,0.670343
44,11,-1,0,6,3,-15.6955,11.9796,1,0.451543
44,12,-1,0,3,4,7.40866,6.97525,1,0.461102
44,11,0,1,6,3,-16.6778,11.5327,4,0.406985
44,9,0,1,7,4,3.86948,1.80885,4,0.937361
44,11,1,2,6,3,-15.5312,10.8313,3,0.407953
44,11,1,3,6,3,-16.9443,12.84,3,0.375214
44,11,0,4,6,3,-14.4175,11.9517,0,0.493793
44,4,0,1,0,1,-12.347,-9.5571,8,1.12661
44,11,4,5,6,3,-13.5545,10.9299,0,0.539208
44,11,5,6,6,3,-12.7686,9.88707,0,0.59936
44,11,6,7,6,3,-12.7079,8.55802,0,0.780354
44,9,1,2,7,4,4.93283,1.05166,3,0.941798
44,12,0,1,3,4,8.1964,7.6415,4,0.472622
44,11,7,8,6,3,-12.349,7.27445,0,0.729095
44,14,-1,0,11,3,-14.9399,12.5186,1,0.368992
44,14,0,1,11,3,-13.8404,12.2682,4,0.350424
44,14,1,2,11,3,-14.0952,13.5446,3,0.335383
44,14,1,3,11,3,-14.6413,11.2283,3,0.352169
44,12,1,2,3,4,6.89866,7.63183,3,0.465765
44,14,0,4,11,3,-16.1449,12.9356,0,0.377125
44,15,-1,0,6,3,-15.1062,11.8596,1,0.4536
44,12,1,3,3,4,8.53835,6.39795,3,0.480285
44,4,0,2,0,1,-11.2175,-8.84723,8,0.964213
44,12,0,4,3,4,6.53573,6.44944,2,0.447659
45,0,-1,0,4294967295,1,-12.8626,-8.54158,1,0.40122
45,0,0,1,4294967295,1,-12.1267,-8.12031,8,1.2401
45,0,0,2,4294967295,1,-13.5419,-8.07685,8,1.17178
45,0,0,3,4294967295,1,-13.0299,-9.35891,8,1.21637
45,1,-1,0,4294967295,2,8.8495,2.12993,1,0.167301
45,1,0,1,4294967295,2,9.66558,2.59711,4,0.163685
45,1,1,2,4294967295,2,8.39201,2.85964,3,0.273258
45,1,1,3,4294967295,2,9.53031,1.29588,3,0.162699
45,2,-1,0,4294967295,3,0.310291,13.5438,1,0.252373
45,2,0,1,4294967295,3,1.36585,13.5875,4,0.227645
45,2,1,2,4294967295,3,0.601077,14.6163,3,0.290763
45,2,1,3,4294967295,3,0.62279,12.536,3,0.192605
45,2,0,4,4294967295,3,-0.973059,13.3624,0,0.286268
45,2,4,5,4294967295,3,-2.37649,13.1379,0,0.318635
45,2,5,6,4294967295,3,-3.53559,12.4387,0,0.347035
45,2,6,7,4294967295,3,-4.85393,12.2851,0,0.368693
45,2,7,8,4294967295,3,-6.04763,11.7382,0,0.380541
45,3,-1,0,4294967295,4,8.55542,7.70134,1,0.484798
45,3,0,1,4294967295,4,8.99994,8.61746,4,0.537893
45,3,1,2,4294967295,4,7.68641,8.53175,3,0.55839
45,3,1,3,4294967295,4,9.64065,7.49479,3,0.554533
45,3,0,4,4294967295,4,8.32556,6.70389,2,0.434142
45,3,4,5,4294967295,4,8.0259,5.64785,3,0.405766
45,5,-1,0,1,2,8.8364,5.40218,1,0.512561
45,6,-1,0,2,3,-15.9375,12.2877,1,0.489123
45,7,-1,0,3,4,3.90364,2.36552,1,0.374147
45,4,-1,0,0,1,-12.1467,-8.88883,1,0.338479
45,5,0,1,1,2,9.70656,5.1232,4,0.531772
45,6,0,1,2,3,-16.7808,11.6304,4,0.413542
45,7,0,1,3,4,3.00437,1.81802,4,0.427181
45,5,1,2,1,2,9.00317,6.22819,3,0.50923
45,6,1,2,2,3,-15.6451,11.0444,3,0.404836
45,7,1,2,3,4,4.09941,1.13138,3,0.404427
45,5,1,3,1,2,8.49332,4.57242,3,0.494391
45,6,1,3,2,3,-17.2541,12.8209,3,0.371657
45,7,1,3,3,4,3.27801,3.06177,3,0.494425
45,6,0,4,2,3,-14.7262,12.7799,0,0.571384
45,7,0,4,3,4,4.70955,2.96906,2,0.323032
45,8,-1,0,5,2,9.17762,4.64704,1,0.617867
45,6,4,5,2,3,-13.3812,12.384,0,0.643674
45,7,4,5,3,4,5.47046,3.27694,3,0.291393
45,6,5,6,2,3,-12.0988,12.0444,0,0.654648
45,9,-1,0,7,4,4.69685,2.1316,1,0.915516
45,6,6,7,2,3,-11.1174,11.1652,0,0.66139
45,10,-1,0,1,2,8.03836,2.07064,1,0
45,6,7,8,2,3,-9.86563,10.7995,0,0.763902
45,11,-1,0,6,3,-15.8865,11.622,1,0.43654
45,12,-1,0,3,4,7.77264,7.44444,1,0.437814
45,11,0,1,6,3,-16.6843,10.8981,4,0.38647
45,9,0,1,7,4,3.76573,1.7415,4,0.905683
45,11,1,2,6,3,-15.4275,10.4118,3,0.387645
45,11,1,3,6,3,-17.3314,12.0415,3,0.353377
45,11,0,4,6,3,-14.6725,11.8512,0,0.490066
45,4,0,1,0,1,-12.3531,-9.70827,8,1.07147
45,11,4,5,6,3,-13.7184,10.9354,0,0.55416
45,11,5,6,6,3,-12.8739,9.95043,0,0.643352
45,11,6,7,6,3,-12.7149,8.65349,0,0.760887
45,9,1,2,7,4,4.92502,1.22486,3,0.900994
45,12,0,1,3,4,8.2983,8.30732,4,0.431009
45,11,7,8,6,3,-12.0349,7.54824,0,0.77654
45,14,-1,0,11,3,-15.2188,12.3221,1,0.334945
45,14,0,1,11,3,-14.11,11.969,4,0.312405
45,14,1,2,11,3,-14.0934,13.241,3,0.283819
45,14,1,3,11,3,-15.0391,11.1117,3,0.32361
45,12,1,2,3,4,7.04917,7.95499,3,0.441012
45,14,0,4,11,3,-16.4036,12.8469,0,0.345742
45,15,-1,0,6,3,-15.3138,11.8013,1,0.4376
45,12,1,3,3,4,8.79321,7.11477,3,0.421281
45,4,0,2,0,1,-11.3425,-8.62246,8,0.976316
45,12,0,4,3,4,7.11422,6.64198,2,0.439042
46,0,-1,0,4294967295,1,-12.8162,-8.44163,1,0.399872
46,0,0,1,4294967295,1,-12.0986,-7.99311,8,1.20859
46,0,0,2,4294967295,1,-13.5203,-7.98168,8,1.16856
46,0,0,3,4294967295,1,-12.9965,-9.26099,8,1.30844
46,1,-1,0,4294967295,2,9.08691,2.50558,1,0.159568
46,1,0,1,4294967295,2,9.96214,2.78236,4,0.158872
46,1,1,2,4294967295,2,8.73459,3.24868,3,0.170403
46,1,1,3,4294967295,2,9.49217,1.55113,3,0.158279
46,2,-1,0,4294967295,3,1.01041,13.5013,1,0.238453
46,2,0,1,4294967295,3,2.07445,13.5177,4,0.201995
46,2,1,2,4294967295,3,1.32319,14.5581,3,0.197531
46,2,1,3,4294967295,3,1.37211,12.4465,3,0.17608
46,2,0,4,4294967295,3,-0.291016,13.4185,0,0.269203
46,2,4,5,4294967295,3,-1.73228,13.3707,0,0.29688
46,2,5,6,4294967295,3,-2.96953,12.7818,0,0.320646
46,2,6,7,4294967295,3,-4.29504,12.581,0,0.338273
46,2,7,8,4294967295,3,-5.40462,11.8612,0,0.347686
46,3,-1,0,4294967295,4,8.79055,8.46297,1,0.540248
46,3,0,1,4294967295,4,8.9065,9.54334,4,0.682506
46,3,1,2,4294967295,4,7.71569,9.0561,3,0.696909
46,3,1,3,4294967295,4,9.68856,8.56959,3,0.70445
46,3,0,4,4294967295,4,8.70296,7.34623,2,0.455188
46,3,4,5,4294967295,4,8.30459,6.13567,3,0.419962
46,5,-1,0,1,2,9.2835,5.46397,1,0.233496
46,6,-1,0,2,3,-16.1696,11.7294,1,0.48308
46,7,-1,0,3,4,3.40036,2.26441,1,0.374091
46,4,-1,0,0,1,-12.2643,-9.08303,1,0.331664
46,5,0,1,1,2,10.1781,5.02098,4,0.373809
46,6,0,1,2,3,-16.93,10.9768,4,0.407386
46,7,0,1,3,4,2.52245,1.69535,4,0.417501
46,5,1,2,1,2,9.79314,6.30353,3,0.447586
46,6,1,2,2,3,-15.7164,10.5565,3,0.40036
46,7,1,2,3,4,3.67174,1.09615,3,0.391686
46,5,1,3,1,2,8.93461,4.61783,3,0.422168
46,6,1,3,2,3,-17.3697,12.1713,3,0.363515
46,7,1,3,3,4,2.98527,2.88205,3,0.425283
46,6,0,4,2,3,-15.1701,12.5449,0,0.563141
46,7,0,4,3,4,4.11729,3.04607,2,0.331625
46,8,-1,0,5,2,9.60973,4.75966,1,0.565095
46,6,4,5,2,3,-13.7305,12.4442,0,0.736627
46,7,4,5,3,4,5.15693,3.95143,3,0.306317
46,6,5,6,2,3,-12.4212,12.4042,0,0.659784
46,9,-1,0,7,4,4.14736,2.02098,1,0.879056
46,6,6,7,2,3,-11.409,11.558,0,0.675852
46,6,7,8,2,3,-10.2129,11.021,0,0.688167
46,11,-1,0,6,3,-15.9946,11.1215,1,0.455794
46,12,-1,0,3,4,8.25123,7.94738,1,0.431314
46,11,0,1,6,3,-16.717,10.2846,4,0.402374
46,9,0,1,7,4,3.22747,1.5801,4,0.864737
46,11,1,2,6,3,-15.4372,9.94344,3,0.393113
46,11,1,3,6,3,-17.5513,11.3046,3,0.37951
46,11,0,4,6,3,-14.8228,11.6235,0,0.519229
46,4,0,1,0,1,-12.1281,-9.93446,8,1.03118
46,11,4,5,6,3,-13.7969,10.8501,0,0.587018
46,11,5,6,6,3,-12.8494,10.0582,0,0.646428
46,11,6,7,6,3,-12.5836,8.81853,0,0.695841
46,9,1,2,7,4,4.45296,1.2718,3,0.854355
46,12,0,1,3,4,8.46235,8.97733,4,0.424417
46,11,7,8,6,3,-11.8278,7.79989,0,0.831256
46,14,-1,0,11,3,-15.2829,11.7761,1,0.310078
46,14,0,1,11,3,-14.1853,11.4517,4,0.302945
46,14,1,2,11,3,-14.338,12.7366,3,0.256216
46,14,1,3,11,3,-15.0251,10.5174,3,0.349789
46,12,1,2,3,4,7.46939,8.22994,3,0.422868
46,14,0,4,11,3,-16.2957,12.5036,0,0.314822
46,15,-1,0,6,3,-15.4828,11.2448,1,0.4216
46,12,1,3,3,4,9.29322,7.96925,3,0.416086
46,4,0,2,0,1,-11.5794,-8.6223,8,0.975423
46,12,0,4,3,4,8.10037,6.92087,2,0.428584
46,8,0,1,5,2,9.96953,5.64098,4,0.535971
47,0,-1,0,4294967295,1,-12.8382,-8.47146,1,0.400397
47,0,0,1,4294967295,1,-12.0972,-8.07748,8,1.19534
47,0,0,2,4294967295,1,-13.5281,-8.00355,8,1.17188
47,0,0,3,4294967295,1,-13.0319,-9.27693,8,1.25385
47,1,-1,0,4294967295,2,9.36873,2.78016,1,0.136375
47,1,0,1,4294967295,2,10.2729,2.93641,4,0.129591
47,1,1,2,4294967295,2,9.09526,3.52927,3,0.138262
47,1,1,3,4294967295,2,9.54079,1.86317,3,0.124066
47,2,-1,0,4294967295,3,1.74633,13.474,1,0.216144
47,2,0,1,4294967295,3,2.78978,13.6363,4,0.202984
47,2,1,2,4294967295,3,1.79677,14.4803,3,0.281405
47,2,1,3,4294967295,3,2.36298,12.4226,3,0.221298
47,2,0,4,4294967295,3,0.449849,13.3735,0,0.245639
47,2,4,5,4294967295,3,-0.993872,13.4669,0,0.272868
47,2,5,6,4294967295,3,-2.29029,13.0085,0,0.294638
47,2,6,7,4294967295,3,-3.62667,12.8592,0,0.30995
47,2,7,8,4294967295,3,-4.71369,12.1023,0,0.317909
47,3,-1,0,4294967295,4,9.1347,9.19179,1,0.496851
47,3,0,1,4294967295,4,9.10583,10.2382,4,0.722965
47,3,1,2,4294967295,4,7.9648,9.6006,3,0.754727
47,3,1,3,4294967295,4,10.149,9.52863,3,0.837976
47,3,0,4,4294967295,4,9.21895,8.13183,2,0.401133
47,3,4,5,4294967295,4,9.21642,7.44986,3,0.381995
47,5,-1,0,1,2,9.85231,5.53498,1,0.315307
47,6,-1,0,2,3,-16.2475,11.0428,1,0.486706
47,7,-1,0,3,4,2.95715,2.31581,1,0.434261
47,4,-1,0,0,1,-12.2333,-9.01754,1,0.324808
47,5,0,1,1,2,10.7292,5.08541,4,0.332254
47,6,0,1,2,3,-17.0133,10.3099,4,0.43131
47,7,0,1,3,4,2.06824,1.70661,4,0.492711
47,5,1,2,1,2,10.0204,6.21637,3,0.358068
47,6,1,2,2,3,-15.7846,9.89952,3,0.458059
47,7,1,2,3,4,3.20357,1.07954,3,0.600011
47,5,1,3,1,2,9.65164,4.32838,3,0.330536
47,6,1,3,2,3,-17.3354,11.5828,3,0.376878
47,7,1,3,3,4,2.15197,2.95653,3,0.529968
47,6,0,4,2,3,-15.3811,11.9706,0,0.550584
47,7,0,4,3,4,3.70835,3.06146,2,0.374645
47,8,-1,0,5,2,10.1352,4.87311,1,0.573699
47,6,4,5,2,3,-14.0095,12.2459,0,0.60571
47,7,4,5,3,4,4.40339,3.50431,3,0.336808
47,6,5,6,2,3,-12.7587,12.5485,0,0.639771
47,9,-1,0,7,4,3.66682,1.87026,1,0.841705
47,6,6,7,2,3,-11.6761,11.8578,0,0.655987
47,6,7,8,2,3,-10.4993,11.3649,0,0.662153
47,11,-1,0,6,3,-15.9533,10.5181,1,0.470473
47,12,-1,0,3,4,8.23776,8.46475,1,0.414144
47,11,0,1,6,3,-16.6752,9.71694,4,0.422303
47,9,0,1,7,4,2.74569,1.54799,4,0.831464
47,11,1,2,6,3,-15.4089,9.29658,3,0.432723
47,11,1,3,6,3,-17.3419,10.8849,3,0.392254
47,11,0,4,6,3,-14.8812,11.2363,0,0.540437
47,4,0,1,0,1,-12.1726,-9.86135,8,0.999064
47,11,4,5,6,3,-13.6451,10.7001,0,0.625308
47,11,5,6,6,3,-12.5779,10.097,0,0.681526
47,11,6,7,6,3,-12.3131,8.88097,0,0.743283
47,9,1,2,7,4,3.92662,0.983723,3,0.833713
47,12,0,1,3,4,8.5402,9.5015,4,0.388923
47,11,7,8,6,3,-11.5829,7.87644,0,0.749949
47,14,-1,0,11,3,-15.4406,11.2562,1,0.281239
47,14,0,1,11,3,-14.3199,11.0318,4,0.262091
47,14,1,2,11,3,-14.6819,12.2628,3,0.230378
47,14,1,3,11,3,-15.0678,10.007,3,0.278534
47,12,1,2,3,4,7.57559,8.66992,3,0.387634
47,14,0,4,11,3,-16.5994,11.7723,0,0.289429
47,15,-1,0,6,3,-15.4474,10.6886,1,0.4056
47,12,1,3,3,4,9.49671,8.65537,3,0.377482
47,4,0,2,0,1,-11.5021,-8.60891,8,0.966394
47,12,0,4,3,4,7.91544,7.43294,2,0.436328
47,8,0,1,5,2,10.7028,5.66425,4,0.583367
47,12,4,5,3,4,7.70919,6.72388,3,0.449827
48,0,-1,0,4294967295,1,-12.8635,-8.51858,1,0.394026
48,0,0,1,4294967295,1,-12.1255,-8.10643,8,1.18097
48,0,0,2,4294967295,1,-13.5578,-8.05786,8,1.16722
48,0,0,3,4294967295,1,-12.9955,-9.33569,8,1.21525
48,1,-1,0,4294967295,2,9.66158,2.99333,1,0.139803
48,1,0,1,4294967295,2,10.5498,3.23345,4,0.242303
48,1,1,2,4294967295,2,9.34485,3.74974,3,0.135987
48,1,1,3,4294967295,2,10.0137,2.03275,3,0.1296
48,2,-1,0,4294967295,3,2.45507,13.6144,1,0.21726
48,2,0,1,4294967295,3,3.43381,14.0273,4,0.295211
48,2,1,2,4294967295,3,2.25691,14.5156,3,0.186637
48,2,1,3,4294967295,3,3.34235,12.7386,3,0.180289
48,2,0,4,4294967295,3,1.19632,13.2873,0,0.232763
48,2,4,5,4294967295,3,-0.225752,13.4003,0,0.252192
48,2,5,6,4294967295,3,-1.52903,13.0504,0,0.269779
48,2,6,7,4294967295,3,-2.85596,13.0712,0,0.282931
48,2,7,8,4294967295,3,-4.01712,12.4555,0,0.289903
48,3,-1,0,4294967295,4,9.15814,9.9665,1,0.607303
48,3,0,1,4294967295,4,8.76317,10.9318,4,0.801591
48,3,1,2,4294967295,4,7.944,9.90921,3,0.750917
48,3,1,3,4294967295,4,9.93826,10.4949,3,0.807598
48,3,0,4,4294967295,4,9.50985,8.98199,2,0.492744
48,3,4,5,4294967295,4,9.63541,7.73988,3,0.433845
48,5,-1,0,1,2,10.3445,5.23063,1,0.31377
48,6,-1,0,2,3,-16.2974,10.4602,1,0.489406
48,7,-1,0,3,4,2.31283,2.07404,1,0.458599
48,4,-1,0,0,1,-12.1659,-8.90652,1,0.334433
48,5,0,1,1,2,11.3076,5.36515,4,0.389754
48,6,0,1,2,3,-17.2057,9.84518,4,0.42387
48,7,0,1,3,4,1.54259,1.40211,4,0.61226
48,5,1,2,1,2,10.2846,6.24814,3,0.322311
48,6,1,2,2,3,-16.0395,9.27662,3,0.40965
48,7,1,2,3,4,2.84359,1.21567,3,0.530695
48,5,1,3,1,2,10.7037,4.16876,3,0.410588
48,6,1,3,2,3,-17.4844,11.1323,3,0.397917
48,7,1,3,3,4,1.54015,2.66261,3,0.564603
48,6,0,4,2,3,-15.4419,11.3896,0,0.564592
48,7,0,4,3,4,3.09808,2.67479,2,0.396487
48,8,-1,0,5,2,11.0161,4.80927,1,0.583622
48,6,4,5,2,3,-14.1519,11.97,0,0.6412
48,7,4,5,3,4,3.98398,2.98972,3,0.363826
48,6,5,6,2,3,-13.014,12.5368,0,0.699422
48,9,-1,0,7,4,3.1313,1.95801,1,0.811892
48,6,6,7,2,3,-11.8507,12.0291,0,0.734976
48,6,7,8,2,3,-10.6045,11.7766,0,0.759824
48,11,-1,0,6,3,-15.9041,9.95704,1,0.487352
48,12,-1,0,3,4,8.69144,9.07994,1,0.394108
48,11,0,1,6,3,-16.692,9.23202,4,0.426793
48,9,0,1,7,4,2.29774,1.40785,4,0.804695
48,11,1,2,6,3,-15.4032,8.85944,3,0.417613
48,11,1,3,6,3,-16.8466,10.5262,3,0.407638
48,11,0,4,6,3,-14.886,10.7897,0,0.560969
48,4,0,1,0,1,-12.3294,-9.73177,8,0.985566
48,11,4,5,6,3,-13.5529,10.6261,0,0.749791
48,11,5,6,6,3,-12.3639,10.1593,0,0.698956
48,11,6,7,6,3,-11.9363,8.92679,0,0.756028
48,9,1,2,7,4,3.59839,1.1836,3,0.810296
48,12,0,1,3,4,8.59768,10.0969,4,0.38875
48,11,7,8,6,3,-11.2501,7.82958,0,0.850615
48,14,-1,0,11,3,-15.4205,10.6822,1,0.297389
48,14,0,1,11,3,-14.3346,10.4086,4,0.386245
48,14,1,2,11,3,-14.7846,11.6096,3,0.253991
48,14,1,3,11,3,-15.2442,9.52395,3,0.300056
48,12,1,2,3,4,7.60065,9.24046,3,0.375829
48,14,0,4,11,3,-16.5738,11.2322,0,0.276916
48,15,-1,0,6,3,-15.4809,10.1729,1,0.3896
48,12,1,3,3,4,9.8287,9.6756,3,0.417023
48,4,0,2,0,1,-11.3657,-8.66037,8,1.04227
48,12,0,4,3,4,8.5123,8.08778,2,0.404614
48,8,0,1,5,2,10.8393,5.7393,4,0.629444
48,12,4,5,3,4,7.87792,7.188,3,0.410396
49,0,-1,0,4294967295,1,-12.8599,-8.5046,1,0.387627
49,0,0,1,4294967295,1,-12.1253,-8.08511,8,1.1646
49,0,0,2,4294967295,1,-13.5832,-8.07832,8,1.15655
49,0,0,3,4294967295,1,-13.0224,-9.31535,8,1.18469
49,1,-1,0,4294967295,2,10.066,3.22835,1,0.173262
49,1,0,1,4294967295,2,10.9789,3.38639,4,0.185217
49,1,1,2,4294967295,2,9.84988,4.0307,3,0.179517
49,1,1,3,4294967295,2,10.3478,2.23298,3,0.21168
49,2,-1,0,4294967295,3,3.17442,13.9135,1,0.240024
49,2,0,1,4294967295,3,4.17486,14.1998,4,0.248644
49,2,1,2,4294967295,3,3.18424,15.0257,3,0.336174
49,2,1,3,4294967295,3,3.6608,12.9897,3,0.235732
49,2,0,4,4294967295,3,1.97325,13.4545,0,0.238411
49,2,4,5,4294967295,3,0.564701,13.3182,0,0.242509
49,2,5,6,4294967295,3,-0.746922,12.9628,0,0.253914
49,2,6,7,4294967295,3,-2.06811,13.1774,0,0.283277
49,2,7,8,4294967295,3,-3.34028,12.8264,0,0.355903
49,3,-1,0,4294967295,4,8.92248,10.5649,1,0.697596
49,3,0,1,4294967295,4,8.3637,11.4963,4,0.872925
49,3,1,2,4294967295,4,7.92199,10.2798,3,0.90292
49,3,1,3,4294967295,4,9.60375,11.376,3,1.10732
49,3,0,4,4294967295,4,9.44834,9.5888,2,0.569661
49,3,4,5,4294967295,4,9.79228,8.51724,3,0.504086
49,5,-1,0,1,2,10.9445,5.11769,1,0.405344
49,6,-1,0,2,3,-16.3695,10.1481,1,0.479943
49,7,-1,0,3,4,1.75922,1.76656,1,0.463156
49,4,-1,0,0,1,-12.1551,-8.91029,1,0.334694
49,5,0,1,1,2,11.7234,5.69956,4,0.471313
49,6,0,1,2,3,-17.2844,9.59966,4,0.416101
49,7,0,1,3,4,1.09024,0.986213,4,0.533822
49,5,1,2,1,2,10.3711,5.74249,3,0.407049
49,6,1,2,2,3,-16.2092,8.83612,3,0.383634
49,7,1,2,3,4,2.40865,0.848333,3,0.704855
49,5,1,3,1,2,11.8941,4.36564,3,0.618333
49,6,1,3,2,3,-17.1971,10.9459,3,0.406828
49,7,1,3,3,4,1.06164,2.25206,3,0.58582
49,6,0,4,2,3,-15.4441,11.0184,0,0.546354
49,7,0,4,3,4,2.58406,2.4943,2,0.416517
49,8,-1,0,5,2,11.7025,5.06704,1,0.578316
49,6,4,5,2,3,-14.2807,11.7165,0,0.622628
49,7,4,5,3,4,3.83236,3.02124,3,0.386818
49,6,5,6,2,3,-13.1895,12.3897,0,0.737344
49,9,-1,0,7,4,2.48517,1.75572,1,0.783451
49,6,6,7,2,3,-11.9181,12.1524,0,0.709504
49,6,7,8,2,3,-10.6262,12.2247,0,0.71277
49,11,-1,0,6,3,-15.9232,9.52672,1,0.503657
49,12,-1,0,3,4,8.7044,9.8501,1,0.407655
49,11,0,1,6,3,-16.8186,8.92395,4,0.434667
49,9,0,1,7,4,1.83136,0.972156,4,0.773912
49,11,1,2,6,3,-15.6489,8.27415,3,0.413134
49,11,1,3,6,3,-17.0406,10.2221,3,0.418816
49,11,0,4,6,3,-14.7765,10.1726,0,0.590596
49,4,0,1,0,1,-12.3119,-9.73889,8,0.977052
49,11,4,5,6,3,-13.4875,10.2818,0,0.699096
49,11,5,6,6,3,-12.2365,10.1486,0,0.813118
49,11,6,7,6,3,-11.6397,9.01434,0,0.83252
49,9,1,2,7,4,3.06731,1.31545,3,0.769794
49,12,0,1,3,4,8.3256,10.7945,4,0.414898
49,11,7,8,6,3,-10.8972,7.96705,0,0.823561
49,14,-1,0,11,3,-15.2659,10.149,1,0.351528
49,14,0,1,11,3,-14.3042,9.60173,4,0.44294
49,14,1,2,11,3,-14.4219,10.9,3,0.351733
49,14,1,3,11,3,-15.3766,8.96382,3,0.347788
49,12,1,2,3,4,8.1813,9.48958,3,0.412863
49,14,0,4,11,3,-16.2388,10.9569,0,0.301546
49,15,-1,0,6,3,-15.6224,9.78022,1,0.3736
49,12,1,3,3,4,9.56926,10.4823,3,0.426625
49,4,0,2,0,1,-11.3456,-8.68467,8,1.12252
49,12,0,4,3,4,8.764,8.79788,2,0.395694
49,8,0,1,5,2,11.1276,5.83867,4,0.570751
49,12,4,5,3,4,8.51115,7.58291,3,0.385661
50,0,-1,0,4294967295,1,-12.8545,-8.49519,1,0.381227
50,0,0,1,4294967295,1,-12.1161,-8.08975,8,1.14706
50,0,0,2,4294967295,1,-13.5542,-8.03437,8,1.14234
50,0,0,3,4294967295,1,-12.9945,-9.31269,8,1.15883
50,1,-1,0,4294967295,2,10.6401,3.52232,1,0.202028
50,1,0,1,4294967295,2,11.5328,3.26898,4,0.257101
50,1,1,2,4294967295,2,10.7972,4.34803,3,0.181662
50,1,1,3,4294967295,2,10.4607,2.50193,3,0.209702
50,2,-1,0,4294967295,3,3.85069,14.0798,1,0.283695
50,2,0,1,4294967295,3,4.87688,13.8862,4,0.406579
50,2,1,2,4294967295,3,4.60092,15.1554,3,0.289285
50,2,1,3,4294967295,3,3.75971,13.2207,3,0.349396
50,2,0,4,4294967295,3,2.57486,13.884,0,0.254967
50,2,4,5,4294967295,3,1.21036,13.5415,0,0.248834
50,2,5,6,4294967295,3,-0.000981105,12.9603,0,0.2584
50,2,6,7,4294967295,3,-1.30034,13.1908,0,0.275641
50,2,7,8,4294967295,3,-2.60692,13.0967,0,0.289261
50,3,-1,0,4294967295,4,8.65052,11.1357,1,0.852526
50,3,0,1,4294967295,4,8.01756,11.904,4,0.956153
50,3,1,2,4294967295,4,7.56516,10.6717,3,1.10146
50,3,1,3,4294967295,4,9.2988,11.756,3,1.01886
50,3,0,4,4294967295,4,9.36251,10.4312,2,0.703043
50,3,4,5,4294967295,4,9.74656,9.8541,3,0.671933
50,5,-1,0,1,2,11.64,5.08846,1,0.514468
50,6,-1,0,2,3,-16.4902,9.78573,1,0.484639
50,7,-1,0,3,4,1.47171,1.55053,1,0.532492
50,4,-1,0,0,1,-12.1932,-8.95298,1,0.338282
50,5,0,1,1,2,11.8353,6.03765,4,0.561243
50,6,0,1,2,3,-17.4861,9.60102,4,0.408684
50,7,0,1,3,4,0.602212,0.950393,4,0.574551
50,5,1,2,1,2,10.8146,5.16509,3,0.513585
50,6,1,2,2,3,-16.5376,8.67456,3,0.369662
50,7,1,2,3,4,1.72114,0.309889,3,0.667105
50,5,1,3,1,2,12.7818,5.07818,3,0.665687
50,6,1,3,2,3,-16.8743,10.8215,3,0.400591
50,7,1,3,3,4,0.865824,2.19626,3,0.599922
50,6,0,4,2,3,-15.3739,10.4654,0,0.583615
50,7,0,4,3,4,2.14462,2.29137,2,0.515204
50,8,-1,0,5,2,12.2086,5.59355,1,0.547358
50,6,4,5,2,3,-14.2304,11.2422,0,0.698833
50,7,4,5,3,4,2.69431,2.72867,3,0.499971
50,6,5,6,2,3,-13.2838,12.1619,0,0.694028
50,9,-1,0,7,4,2.28544,1.32496,1,0.74856
50,6,6,7,2,3,-11.9807,12.253,0,0.690477
50,6,7,8,2,3,-10.748,12.6684,0,0.692335
50,11,-1,0,6,3,-15.9556,9.2149,1,0.509833
50,12,-1,0,3,4,8.56605,10.2204,1,0.548396
50,11,0,1,6,3,-17.0642,8.94979,4,0.436679
50,9,0,1,7,4,1.38598,0.918839,4,0.740608
50,11,1,2,6,3,-16.2158,7.96672,3,0.405252
50,11,1,3,6,3,-16.9225,10.2326,3,0.424457
50,11,0,4,6,3,-14.694,9.61694,0,0.593854
50,4,0,1,0,1,-12.2747,-9.7935,8,0.981374
50,11,4,5,6,3,-13.4202,9.77506,0,0.687611
50,11,5,6,6,3,-12.1929,10.0001,0,0.794501
50,11,6,7,6,3,-11.3615,9.05301,0,0.907658
50,9,1,2,7,4,2.59111,0.434061,3,0.853986
50,12,0,1,3,4,8.02393,11.095,4,0.460859
50,11,7,8,6,3,-10.4386,8.1848,0,0.917642
50,14,-1,0,11,3,-15.1439,9.48802,1,0.325569
50,14,0,1,11,3,-14.0993,9.1413,4,0.327554
50,14,1,2,11,3,-14.514,10.3785,3,0.327927
50,14,1,3,11,3,-15.0595,8.32533,3,0.417993
50,12,1,2,3,4,7.70538,9.84708,3,0.455509
50,14,0,4,11,3,-16.1309,10.3273,0,0.321935
50,15,-1,0,6,3,-15.7084,9.96657,1,0.3576
50,12,1,3,3,4,9.31986,11.0553,3,0.476546
50,4,0,2,0,1,-11.4161,-8.63873,8,1.06661
50,12,0,4,3,4,9.10995,9.34536,2,0.40837
50,8,0,1,5,2,11.2419,5.77246,4,0.537709
50,12,4,5,3,4,9.35426,8.69338,3,0.384061
51,0,-1,0,4294967295,1,-12.8455,-8.48427,1,0.374827
51,0,0,1,4294967295,1,-12.1045,-8.0888,8,1.12884
51,0,0,2,4294967295,1,-13.5307,-8.00848,8,1.12607
51,0,0,3,4294967295,1,-13.0004,-9.3,8,1.13573
51,1,-1,0,4294967295,2,11.4014,3.65312,1,0.211694
51,1,0,1,4294967295,2,11.9006,2.87962,4,0.221372
51,1,1,2,4294967295,2,12.0824,4.19324,3,0.189228
51,1,1,3,4294967295,2,10.5745,2.94468,3,0.213227
51,2,-1,0,4294967295,3,4.58687,13.9488,1,0.310488
51,2,0,1,4294967295,3,5.60068,13.681,4,0.376521
51,2,1,2,4294967295,3,5.13863,14.9047,3,0.339141
51,2,1,3,4294967295,3,4.58595,12.8854,3,0.315276
51,2,0,4,4294967295,3,3.30723,14.1335,0,0.275299
51,2,4,5,4294967295,3,1.87654,14.002,0,0.258638
51,2,5,6,4294967295,3,0.709153,13.2953,0,0.254314
51,2,6,7,4294967295,3,-0.61344,13.3125,0,0.257104
51,2,7,8,4294967295,3,-1.90732,13.1293,0,0.260607
51,3,-1,0,4294967295,4,8.33397,11.6431,1,0.974539
51,3,0,1,4294967295,4,7.61551,12.4748,4,1.00969
51,3,1,2,4294967295,4,7.06707,11.3313,3,1.03232
51,3,1,3,4294967295,4,8.85965,12.3773,3,1.01281
51,3,0,4,4294967295,4,9.17671,10.9273,2,0.865504
51,3,4,5,4294967295,4,10.1356,9.95994,3,0.826367
51,5,-1,0,1,2,12.0529,5.28904,1,0.233522
51,6,-1,0,2,3,-16.5146,9.73936,1,0.478892
51,7,-1,0,3,4,0.964172,1.27418,1,0.466365
51,4,-1,0,0,1,-12.2222,-8.99183,1,0.371864
51,5,0,1,1,2,11.9255,6.28532,4,0.533746
51,6,0,1,2,3,-17.5275,9.72262,4,0.404418
51,7,0,1,3,4,-0.00247367,0.905878,4,0.617933
51,5,1,2,1,2,11.352,5.13402,3,0.52344
51,6,1,2,2,3,-16.7776,8.62717,3,0.367881
51,7,1,2,3,4,0.94316,0.0131246,3,0.667675
51,5,1,3,1,2,13.1325,5.7477,3,0.643762
51,6,1,3,2,3,-16.824,10.8957,3,0.389824
51,7,1,3,3,4,0.511789,2.0847,3,0.649612
51,6,0,4,2,3,-15.3327,10.1957,0,0.550816
51,7,0,4,3,4,1.83143,1.93828,2,0.421545
51,8,-1,0,5,2,12.4248,5.77914,1,0.538362
51,6,4,5,2,3,-14.0707,10.7144,0,0.609317
51,7,4,5,3,4,2.71691,2.65055,3,0.43201
51,6,5,6,2,3,-13.2661,11.7394,0,0.64677
51,9,-1,0,7,4,1.66102,0.924034,1,0.727649
51,6,6,7,2,3,-12.0708,12.2602,0,0.665249
51,6,7,8,2,3,-11.0333,13.0629,0,0.671951
51,11,-1,0,6,3,-16.1144,9.04588,1,0.539054
51,12,-1,0,3,4,8.36432,10.9336,1,0.447127
51,11,0,1,6,3,-17.2349,8.97598,4,0.441373
51,9,0,1,7,4,0.674948,0.628835,4,0.734563
51,11,1,2,6,3,-16.458,7.92518,3,0.401328
51,11,1,3,6,3,-16.9268,10.2517,3,0.427376
51,11,0,4,6,3,-14.797,9.30471,0,0.700219
51,4,0,1,0,1,-12.223,-9.83584,8,1.13096
51,11,4,5,6,3,-13.4389,9.34493,0,0.737069
51,11,5,6,6,3,-12.1808,9.66136,0,0.844774
51,11,6,7,6,3,-11.0848,8.98731,0,0.996238
51,9,1,2,7,4,1.74748,-0.0506667,3,0.728806
51,12,0,1,3,4,7.72303,11.7571,4,0.459181
51,11,7,8,6,3,-9.90197,8.47393,0,0.969507
51,14,-1,0,11,3,-15.2508,9.16509,1,0.331941
51,14,0,1,11,3,-14.2152,8.82191,4,0.336235
51,14,1,2,11,3,-14.5508,10.1042,3,0.339225
51,14,1,3,11,3,-14.8122,7.68455,3,0.325298
51,12,1,2,3,4,7.3248,10.565,3,0.468071
51,14,0,4,11,3,-16.0691,10.1727,0,0.321142
51,15,-1,0,6,3,-15.7342,9.48717,1,0.3416
51,12,1,3,3,4,9.02789,11.632,3,0.463392
51,4,0,2,0,1,-11.477,-8.60797,8,1.07544
51,12,0,4,3,4,9.13727,10.2216,2,0.425048
51,8,0,1,5,2,11.335,6.16193,4,0.578704
51,12,4,5,3,4,9.89826,9.23247,3,0.405902
51,9,1,3,7,4,1.20912,1.80546,3,0.656219
51,8,1,2,5,2,10.8957,4.73959,3,0.522287
52,0,-1,0,4294967295,1,-12.8407,-8.47943,1,0.368427
52,0,0,1,4294967295,1,-12.1005,-8.07289,8,1.11021
52,0,0,2,4294967295,1,-13.5415,-8.02241,8,1.10859
52,0,0,3,4294967295,1,-12.9906,-9.29657,8,1.11425
52,1,-1,0,4294967295,2,12.1094,3.52971,1,0.185263
52,1,0,1,4294967295,2,12.086,2.5999,4,0.17587
52,1,1,2,4294967295,2,12.956,3.5828,3,0.179618
52,1,1,3,4294967295,2,11.0428,3.38133,3,0.170936
52,2,-1,0,4294967295,3,5.24326,13.7624,1,0.282632
52,2,0,1,4294967295,3,6.24686,14.0071,4,0.283943
52,2,1,2,4294967295,3,5.05038,14.5826,3,0.304621
52,2,1,3,4294967295,3,6.10211,12.7054,3,0.263589
52,2,0,4,4294967295,3,3.96314,13.811,0,0.270511
52,2,4,5,4294967295,3,2.62259,14.182,0,0.257276
52,2,5,6,4294967295,3,1.34644,13.7884,0,0.248415
52,2,6,7,4294967295,3,0.0206158,13.6651,0,0.244384
52,2,7,8,4294967295,3,-1.15754,13.0364,0,0.243222
52,3,-1,0,4294967295,4,8.21952,12.2983,1,1.02043
52,3,0,1,4294967295,4,7.60815,13.1657,4,1.14932
52,3,1,2,4294967295,4,6.97733,12.0531,3,1.10568
52,3,1,3,4294967295,4,8.86084,12.9852,3,1.19922
52,3,0,4,4294967295,4,8.95028,11.5125,2,0.931598
52,3,4,5,4294967295,4,9.52143,10.773,3,0.885981
52,5,-1,0,1,2,12.5638,5.70536,1,0.431518
52,6,-1,0,2,3,-16.6125,9.6483,1,0.456729
52,7,-1,0,3,4,0.33188,1.21689,1,0.400807
52,4,-1,0,0,1,-12.2209,-8.99095,1,0.359227
52,5,0,1,1,2,12.5168,6.5607,4,0.479085
52,6,0,1,2,3,-17.6566,9.66052,4,0.392924
52,7,0,1,3,4,-0.711509,0.969252,4,0.603946
52,5,1,2,1,2,11.1424,6.06895,3,0.471131
52,6,1,2,2,3,-16.81,8.65725,3,0.361516
52,7,1,2,3,4,0.0499001,-0.078269,3,0.622606
52,5,1,3,1,2,13.515,5.64732,3,0.542381
52,6,1,3,2,3,-17.0512,10.8616,3,0.38141
52,7,1,3,3,4,-0.00430818,2.01614,3,0.641525
52,6,0,4,2,3,-15.3557,10.002,0,0.51682
52,7,0,4,3,4,1.41256,1.63884,2,0.402349
52,8,-1,0,5,2,11.8124,6.01519,1,0.5525
52,6,4,5,2,3,-14.037,10.4241,0,0.570593
52,7,4,5,3,4,2.68533,1.86838,3,0.446078
52,6,5,6,2,3,-13.1727,11.4202,0,0.71898
52,9,-1,0,7,4,0.934219,0.747621,1,0.635911
52,6,6,7,2,3,-12.0763,12.1407,0,0.632402
52,6,7,8,2,3,-11.4411,13.2902,0,0.6407
52,11,-1,0,6,3,-16.1478,9.05127,1,0.546243
52,12,-1,0,3,4,8.19593,11.4096,1,0.448917
52,11,0,1,6,3,-17.2685,9.05067,4,0.453855
52,9,0,1,7,4,-0.083307,0.595759,4,0.65855
52,11,1,2,6,3,-16.6305,7.91728,3,0.410523
52,11,1,3,6,3,-16.8001,10.2759,3,0.437869
52,11,0,4,6,3,-14.8282,9.19835,0,0.648246
52,4,0,1,0,1,-12.2368,-9.83549,8,1.10178
52,11,4,5,6,3,-13.5003,9.01976,0,0.760039
52,11,5,6,6,3,-12.2103,9.2128,0,0.86939
52,11,6,7,6,3,-10.938,8.83655,0,0.906967
52,9,1,2,7,4,0.815672,-0.304816,3,0.664165
52,12,0,1,3,4,7.61641,12.2921,4,0.488179
52,11,7,8,6,3,-9.60248,8.88033,0,0.922749
52,14,-1,0,11,3,-15.3023,9.06196,1,0.303072
52,14,0,1,11,3,-14.2584,8.70352,4,0.289752
52,14,1,2,11,3,-14.636,9.95398,3,0.30426
52,14,1,3,11,3,-14.9163,7.62014,3,0.265653
52,12,1,2,3,4,7.18543,11.1081,3,0.450682
52,14,0,4,11,3,-16.1415,10.0518,0,0.30754
52,15,-1,0,6,3,-15.7847,9.57322,1,0.3256
52,12,1,3,3,4,8.90841,12.1679,3,0.569327
52,4,0,2,0,1,-11.4724,-8.61947,8,1.06926
52,12,0,4,3,4,8.90132,10.6063,2,0.419871
52,8,0,1,5,2,11.0358,6.55462,4,0.555274
52,12,4,5,3,4,9.57328,9.70905,3,0.403565
52,9,1,3,7,4,0.666831,1.67122,3,0.6647
52,8,1,2,5,2,11.6531,5.37875,3,0.526985
52,9,0,4,7,4,1.95627,0.944069,2,0.586936
53,0,-1,0,4294967295,1,-12.849,-8.49063,1,0.362027
53,0,0,1,4294967295,1,-12.1089,-8.08635,8,1.09134
53,0,0,2,4294967295,1,-13.5472,-8.02858,8,1.09039
53,0,0,3,4294967295,1,-12.9819,-9.30995,8,1.09371
53,1,-1,0,4294967295,2,12.5524,3.17376,1,0.203923
53,1,0,1,4294967295,2,12.4465,2.26244,4,0.230459
53,1,1,2,4294967295,2,13.3593,3.21397,3,0.202795
53,1,1,3,4294967295,2,11.5925,3.24335,3,0.184759
53,2,-1,0,4294967295,3,5.86756,13.9391,1,0.308337
53,2,0,1,4294967295,3,6.62921,14.6883,4,0.369818
53,2,1,2,4294967295,3,5.36288,14.5919,3,0.355663
53,2,1,3,4294967295,3,7.13394,13.4944,3,0.454971
53,2,0,4,4294967295,3,4.66126,13.4384,0,0.271144
53,2,4,5,4294967295,3,3.28339,13.89,0,0.250897
53,2,5,6,4294967295,3,1.92917,13.888,0,0.239524
53,2,6,7,4294967295,3,0.614441,13.9731,0,0.233291
53,2,7,8,4294967295,3,-0.39373,13.1459,0,0.230542
53,3,-1,0,4294967295,4,8.24644,12.9132,1,1.09317
53,3,0,1,4294967295,4,7.74835,13.7879,4,1.19764
53,3,1,2,4294967295,4,7.02532,12.6843,3,1.1724
53,3,1,3,4294967295,4,8.96282,13.4143,3,1.1864
53,3,0,4,4294967295,4,8.83011,12.0833,2,1.00252
53,3,4,5,4294967295,4,9.19067,11.3744,3,0.946766
53,5,-1,0,1,2,12.3861,6.20387,1,0.475496
53,6,-1,0,2,3,-16.7624,9.73689,1,0.441949
53,7,-1,0,3,4,-0.259516,1.25091,1,0.343179
53,4,-1,0,0,1,-12.2068,-8.96645,1,0.35224
53,5,0,1,1,2,12.8316,6.93535,4,0.478393
53,6,0,1,2,3,-17.8289,9.5525,4,0.381511
53,7,0,1,3,4,-1.29868,1.44037,4,0.644808
53,5,1,2,1,2,11.5962,6.34731,3,0.478956
53,6,1,2,2,3,-16.9553,8.58645,3,0.349303
53,7,1,2,3,4,-0.921849,0.218569,3,0.964095
53,5,1,3,1,2,13.4128,5.72034,3,0.491451
53,6,1,3,2,3,-17.3773,10.7743,3,0.37545
53,7,1,3,3,4,-0.324734,2.25242,3,0.664199
53,6,0,4,2,3,-15.4752,10.086,0,0.505197
53,7,0,4,3,4,0.756385,1.1041,2,0.410652
53,8,-1,0,5,2,11.9843,6.93757,1,0.69229
53,6,4,5,2,3,-14.1073,10.3728,0,0.571295
53,7,4,5,3,4,1.39482,0.904841,3,0.436393
53,6,5,6,2,3,-13.1843,11.2809,0,0.640278
53,9,-1,0,7,4,0.371073,0.435402,1,0.604322
53,6,6,7,2,3,-12.1449,12.0317,0,0.70056
53,6,7,8,2,3,-11.7651,13.2633,0,0.721957
53,11,-1,0,6,3,-16.0728,9.00054,1,0.285477
53,12,-1,0,3,4,8.03193,11.9897,1,0.43258
53,11,0,1,6,3,-17.1472,9.15868,4,0.369075
53,9,0,1,7,4,-0.596666,0.81028,4,0.608954
53,11,1,2,6,3,-16.623,7.9385,3,0.400583
53,11,1,3,6,3,-16.6098,10.409,3,0.421693
53,11,0,4,6,3,-14.7598,9.0533,0,0.583955
53,4,0,1,0,1,-12.2673,-9.8076,8,1.07454
53,11,4,5,6,3,-13.4321,8.76595,0,0.856413
53,11,5,6,6,3,-12.1511,8.95545,0,0.967338
53,11,6,7,6,3,-10.8773,8.72888,0,0.934624
53,9,1,2,7,4,0.0289087,-0.27921,3,0.610245
53,12,0,1,3,4,7.64206,12.9248,4,0.443982
53,11,7,8,6,3,-9.66992,9.19891,0,0.973013
53,14,-1,0,11,3,-15.2536,9.14013,1,0.306875
53,14,0,1,11,3,-14.234,8.69714,4,0.326928
53,14,1,2,11,3,-14.7381,9.89502,3,0.280085
53,14,1,3,11,3,-15.1654,7.85287,3,0.236289
53,12,1,2,3,4,7.10412,11.7694,3,0.427683
53,14,0,4,11,3,-16.0322,10.1259,0,0.396106
53,15,-1,0,6,3,-15.9868,9.52548,1,0.3096
53,12,1,3,3,4,8.91843,12.6512,3,0.474059
53,4,0,2,0,1,-11.4422,-8.62764,8,1.05548
53,12,0,4,3,4,8.39263,11.0395,2,0.415545
53,8,0,1,5,2,11.0381,7.16142,4,0.616543
53,12,4,5,3,4,8.45469,10.3101,3,0.400266
53,9,1,3,7,4,0.399816,1.66357,3,0.611505
53,8,1,2,5,2,11.1196,5.81583,3,0.561435
53,9,0,4,7,4,1.36901,0.26091,2,0.582134
53,14,4,5,11,3,-15.3895,11.2634,0,0.615397
53,9,4,5,7,4,2.45024,0.439741,3,0.539943
54,0,-1,0,4294967295,1,-12.8534,-8.49671,1,0.355627
54,0,0,1,4294967295,1,-12.115,-8.0889,8,1.07234
54,0,0,2,4294967295,1,-13.5533,-8.03866,8,1.07178
54,0,0,3,4294967295,1,-12.9883,-9.31571,8,1.07372
54,1,-1,0,4294967295,2,12.8394,2.80095,1,0.194229
54,1,0,1,4294967295,2,12.8899,1.88744,4,0.201958
54,1,1,2,4294967295,2,13.6318,2.97449,3,0.244681
54,1,1,3,4294967295,2,11.8575,2.70029,3,0.182626
54,2,-1,0,4294967295,3,6.33216,14.6808,1,0.427671
54,2,0,1,4294967295,3,7.20184,15.2239,4,0.636181
54,2,1,2,4294967295,3,5.99311,15.6838,3,0.533498
54,2,1,3,4294967295,3,6.69357,14.0046,3,0.556646
54,2,0,4,4294967295,3,5.35657,13.8558,0,0.320387
54,2,4,5,4294967295,3,3.98673,13.6286,0,0.265045
54,2,5,6,4294967295,3,2.6488,13.5038,0,0.237816
54,2,6,7,4294967295,3,1.38899,13.9319,0,0.225233
54,2,7,8,4294967295,3,0.145212,13.495,0,0.220273
54,3,-1,0,4294967295,4,8.35335,13.4024,1,0.933673
54,3,0,1,4294967295,4,7.95075,14.4359,4,1.07587
54,3,1,2,4294967295,4,7.21903,13.4091,3,1.0944
54,3,1,3,4294967295,4,9.08721,13.9278,3,1.19821
54,3,0,4,4294967295,4,8.88286,12.3541,2,0.911825
54,3,4,5,4294967295,4,9.09328,10.9745,3,0.927466
54,5,-1,0,1,2,12.3634,6.54707,1,0.533477
54,6,-1,0,2,3,-16.8342,9.7188,1,0.452043
54,7,-1,0,3,4,-1.11681,1.5148,1,0.628
54,4,-1,0,0,1,-12.1935,-8.94952,1,0.34538
54,5,0,1,1,2,12.6839,7.32606,4,0.539871
54,6,0,1,2,3,-17.8837,9.61777,4,0.379737
54,7,0,1,3,4,-1.95756,2.14952,4,0.864742
54,5,1,2,1,2,11.6888,6.38824,3,0.523273
54,6,1,2,2,3,-17.293,8.42792,3,0.343202
54,7,1,2,3,4,-2.11084,0.902635,3,0.844665
54,5,1,3,1,2,13.0952,6.0671,3,0.570644
54,6,1,3,2,3,-17.2821,10.7843,3,0.366932
54,7,1,3,3,4,-0.713937,2.33315,3,0.709326
54,6,0,4,2,3,-15.5201,9.96886,0,0.519868
54,7,0,4,3,4,-0.116621,1.13565,2,0.501256
54,8,-1,0,5,2,11.6746,7.10444,1,0.624131
54,6,4,5,2,3,-14.2257,10.3892,0,0.574353
54,7,4,5,3,4,1.03601,0.662262,3,0.442267
54,6,5,6,2,3,-13.3593,11.3027,0,0.6178
54,9,-1,0,7,4,0.0131968,0.299079,1,0.108216
54,6,6,7,2,3,-12.2787,11.9605,0,0.65124
54,6,7,8,2,3,-11.8573,13.165,0,0.670083
54,11,-1,0,6,3,-16.0275,8.98771,1,0.476455
54,12,-1,0,3,4,7.70593,12.8119,1,0.405456
54,11,0,1,6,3,-17.0934,9.11142,4,0.393409
54,9,0,1,7,4,-0.979957,0.603351,4,0.519523
54,11,1,2,6,3,-16.3012,8.09135,3,0.369243
54,11,1,3,6,3,-16.6111,10.3593,3,0.375194
54,11,0,4,6,3,-14.8069,8.73718,0,0.594968
54,4,0,1,0,1,-12.2835,-9.78831,8,1.05003
54,11,4,5,6,3,-13.4298,8.52358,0,0.725228
54,11,5,6,6,3,-12.1684,8.87611,0,0.831834
54,11,6,7,6,3,-10.8859,8.75115,0,1.01044
54,9,1,2,7,4,-0.573024,-0.620641,3,0.561058
54,12,0,1,3,4,7.72076,13.8256,4,0.403529
54,11,7,8,6,3,-9.74395,9.33018,0,0.922872
54,14,-1,0,11,3,-15.2045,9.28056,1,0.353675
54,14,0,1,11,3,-14.2172,8.72506,4,0.301257
54,14,1,2,11,3,-14.7204,9.90454,3,0.321043
54,14,1,3,11,3,-15.235,7.95616,3,0.247286
54,12,1,2,3,4,6.89809,12.834,3,0.389294
54,14,0,4,11,3,-15.9492,10.3588,0,0.409137
54,15,-1,0,6,3,-16.0857,9.60933,1,0.2936
54,12,1,3,3,4,8.87617,13.1466,3,0.421235
54,4,0,2,0,1,-11.4165,-8.63941,8,1.03886
54,12,0,4,3,4,7.78549,11.7626,2,0.400045
54,8,0,1,5,2,11.589,8.07965,4,0.665853
54,12,4,5,3,4,7.72672,10.4144,3,0.391834
54,9,1,3,7,4,-0.323202,1.7321,3,0.556408
54,8,1,2,5,2,10.7792,7.06068,3,0.57569
54,9,0,4,7,4,0.869427,-0.243076,2,0.532938
54,14,4,5,11,3,-15.7834,11.6782,0,0.449327
54,9,4,5,7,4,1.30168,-0.854128,3,0.640455
54,17,-1,0,3,4,8.39786,12.6266,1,0.5104
54,18,-1,0,9,4,0.135174,-0.493208,1,0.519067
55,0,-1,0,4294967295,1,-12.8563,-8.5012,1,0.349227
55,0,0,1,4294967295,1,-12.1184,-8.09283,8,1.05325
55,0,0,2,4294967295,1,-13.5572,-8.045,8,1.05292
55,0,0,3,4294967295,1,-12.9924,-9.31948,8,1.05406
55,1,-1,0,4294967295,2,13.0567,2.44067,1,0.178815
55,1,0,1,4294967295,2,13.1845,1.52826,4,0.174473
55,1,1,2,4294967295,2,13.8487,2.65522,3,0.17902
55,1,1,3,4294967295,2,12.0742,2.22824,3,0.176366
55,2,-1,0,4294967295,3,6.71566,15.3175,1,0.469314
55,2,0,1,4294967295,3,7.76092,15.5043,4,0.641281
55,2,1,2,4294967295,3,6.97963,16.5419,3,0.628935
55,2,1,3,4294967295,3,6.9505,14.5489,3,0.673975
55,2,0,4,4294967295,3,5.54363,14.7594,0,0.364359
55,2,4,5,4294967295,3,4.39024,13.9967,0,0.295291
55,2,5,6,4294967295,3,3.31521,13.2188,0,0.251308
55,2,6,7,4294967295,3,2.05302,13.5799,0,0.226905
55,2,7,8,4294967295,3,0.753368,13.8225,0,0.216411
55,3,-1,0,4294967295,4,8.45624,13.7126,1,0.923237
55,3,0,1,4294967295,4,8.47021,14.7561,4,1.10026
55,3,1,2,4294967295,4,7.38495,14.0881,3,1.01259
55,3,1,3,4294967295,4,9.492,13.9615,3,1.19857
55,3,0,4,4294967295,4,8.74568,12.7058,2,0.905001
55,3,4,5,4294967295,4,8.88363,11.9509,3,1.00956
55,5,-1,0,1,2,12.0392,6.8707,1,0.514286
55,6,-1,0,2,3,-17.0202,9.69677,1,0.429541
55,7,-1,0,3,4,-1.73722,1.75466,1,0.676097
55,4,-1,0,0,1,-12.1849,-8.93758,1,0.338522
55,5,0,1,1,2,12.3641,7.68614,4,0.507709
55,6,0,1,2,3,-18.0798,9.74956,4,0.366936
55,7,0,1,3,4,-2.59566,2.42719,4,0.769366
55,5,1,2,1,2,11.2142,6.99453,3,0.496487
55,6,1,2,2,3,-17.66,8.51748,3,0.340907
55,7,1,2,3,4,-2.53749,1.17823,3,0.842663
55,5,1,3,1,2,12.9762,6.55107,3,0.52171
55,6,1,3,2,3,-17.2138,10.7132,3,0.350665
55,7,1,3,3,4,-1.39675,2.74595,3,0.765465
55,6,0,4,2,3,-15.6874,9.86955,0,0.488977
55,7,0,4,3,4,-0.851522,1.07328,2,0.580135
55,8,-1,0,5,2,11.6464,7.62765,1,0.675434
55,6,4,5,2,3,-14.292,10.3623,0,0.541004
55,7,4,5,3,4,-0.00897662,0.367881,3,0.520315
55,6,5,6,2,3,-13.4944,11.3809,0,0.582758
55,9,-1,0,7,4,-0.72366,0.182192,1,0.453676
55,6,6,7,2,3,-12.3892,12.0048,0,0.612145
55,6,7,8,2,3,-11.7675,13.1105,0,0.627413
55,11,-1,0,6,3,-15.8945,8.97423,1,0.49345
55,12,-1,0,3,4,7.60622,13.2572,1,0.42933
55,11,0,1,6,3,-16.9307,8.95915,4,0.407806
55,9,0,1,7,4,-1.73288,0.58137,4,0.446941
55,11,1,2,6,3,-15.9899,8.05923,3,0.379657
55,11,1,3,6,3,-16.4696,10.226,3,0.387065
55,11,0,4,6,3,-14.7152,8.69838,0,0.592884
55,4,0,1,0,1,-12.2938,-9.77442,8,1.02714
55,11,4,5,6,3,-13.4859,8.30016,0,0.696772
55,11,5,6,6,3,-12.2968,8.76748,0,0.790972
55,11,6,7,6,3,-11.0018,8.80981,0,0.85963
55,9,1,2,7,4,-1.22271,-0.565716,3,0.466386
55,12,0,1,3,4,7.96626,14.2315,4,0.458482
55,11,7,8,6,3,-9.82189,9.3635,0,0.89321
55,14,-1,0,11,3,-15.121,9.38657,1,0.346129
55,14,0,1,11,3,-14.1447,9.02234,4,0.33396
55,14,1,2,11,3,-14.9344,10.1001,3,0.30771
55,14,1,3,11,3,-14.9568,7.98846,3,0.256822
55,12,1,2,3,4,6.68243,13.9341,3,0.422734
55,14,0,4,11,3,-15.8316,10.4888,0,0.368861
55,15,-1,0,6,3,-16.2501,9.5876,1,0.2776
55,12,1,3,3,4,8.90248,13.2939,3,0.498685
55,4,0,2,0,1,-11.4005,-8.64671,8,1.0206
55,12,0,4,3,4,7.39069,12.2163,2,0.397033
55,8,0,1,5,2,12.3045,8.31834,4,0.755588
55,12,4,5,3,4,7.08455,11.3096,3,0.380878
55,9,1,3,7,4,-0.896797,1.55764,3,0.441034
55,8,1,2,5,2,10.9899,8.43929,3,0.693662
55,9,0,4,7,4,0.195479,-0.426376,2,0.498111
55,14,4,5,11,3,-16.3221,11.7792,0,0.387963
55,9,4,5,7,4,0.911813,-1.59935,3,0.545658
55,17,-1,0,3,4,8.11746,12.9508,1,0.498514
55,18,-1,0,9,4,-0.495775,-0.594484,1,0.503067
55,17,0,1,3,4,8.13233,11.9323,4,0.496686
56,0,-1,0,4294967295,1,-12.8584,-8.50461,1,0.342827
56,0,0,1,4294967295,1,-12.1168,-8.10147,8,1.03412
56,0,0,2,4294967295,1,-13.5559,-8.04266,8,1.03393
56,0,0,3,4294967295,1,-13.0011,-9.32233,8,1.03459
56,1,-1,0,4294967295,2,13.2664,2.04038,1,0.156725
56,1,0,1,4294967295,2,13.2852,1.1206,4,0.167878
56,1,1,2,4294967295,2,14.0697,2.16673,3,0.229395
56,1,1,3,4294967295,2,12.286,1.97199,3,0.156236
56,2,-1,0,4294967295,3,7.30308,15.9208,1,0.574813
56,2,0,1,4294967295,3,8.28966,16.2452,4,0.677953
56,2,1,2,4294967295,3,7.20127,16.9052,3,0.663786
56,2,1,3,4294967295,3,7.67355,15.0981,3,0.686709
56,2,0,4,4294967295,3,6.14105,15.3557,0,0.439986
56,2,4,5,4294967295,3,4.84609,14.6564,0,0.337552
56,2,5,6,4294967295,3,3.90535,13.637,0,0.273189
56,2,6,7,4294967295,3,2.59562,13.5564,0,0.237227
56,2,7,8,4294967295,3,1.30789,13.6981,0,0.22129
56,3,-1,0,4294967295,4,8.70682,14.0111,1,0.757171
56,3,0,1,4294967295,4,8.86904,15.0212,4,1.00693
56,3,1,2,4294967295,4,7.79237,14.3372,3,1.02534
56,3,1,3,4294967295,4,9.49447,13.8986,3,1.11239
56,3,0,4,4294967295,4,8.85507,12.8919,2,0.936695
56,3,4,5,4294967295,4,8.75186,11.9777,3,0.967298
56,5,-1,0,1,2,11.7071,7.4339,1,0.485278
56,6,-1,0,2,3,-17.254,9.78445,1,0.408348
56,7,-1,0,3,4,-2.26816,1.68455,1,0.781232
56,4,-1,0,0,1,-12.1822,-8.93384,1,0.377374
56,5,0,1,1,2,12.3786,8.02491,4,0.475906
56,6,0,1,2,3,-18.2962,9.99505,4,0.351589
56,7,0,1,3,4,-3.13332,2.25145,4,0.732104
56,5,1,2,1,2,11.0408,7.89365,3,0.480283
56,6,1,2,2,3,-17.6702,8.88745,3,0.331855
56,7,1,2,3,4,-2.71038,1.073,3,0.756976
56,5,1,3,1,2,12.7474,6.77428,3,0.469637
56,6,1,3,2,3,-17.2595,10.7582,3,0.333677
56,7,1,3,3,4,-2.00441,2.81398,3,0.754011
56,6,0,4,2,3,-15.9156,9.74901,0,0.462607
56,7,0,4,3,4,-1.45515,1.01717,2,0.610705
56,8,-1,0,5,2,11.7347,8.27633,1,0.745553
56,6,4,5,2,3,-14.4872,10.2435,0,0.520108
56,7,4,5,3,4,-0.94581,0.533134,3,0.567889
56,6,5,6,2,3,-13.6418,11.2974,0,0.645344
56,9,-1,0,7,4,-1.46742,0.0235462,1,0.4505
56,6,6,7,2,3,-12.501,11.9881,0,0.585066
56,6,7,8,2,3,-11.7066,13.0459,0,0.588745
56,11,-1,0,6,3,-15.816,9.01962,1,0.494993
56,12,-1,0,3,4,7.70619,13.7904,1,0.403858
56,11,0,1,6,3,-16.9057,8.80661,4,0.414137
56,9,0,1,7,4,-2.41061,0.468836,4,0.424087
56,11,1,2,6,3,-15.9464,7.98249,3,0.379724
56,11,1,3,6,3,-16.5776,10.0848,3,0.39906
56,11,0,4,6,3,-14.5688,8.97481,0,0.585199
56,4,0,1,0,1,-12.2913,-9.76968,8,1.17709
56,11,4,5,6,3,-13.3987,8.3856,0,0.678728
56,11,5,6,6,3,-12.2189,8.71562,0,0.765391
56,11,6,7,6,3,-10.9879,8.72641,0,0.83046
56,9,1,2,7,4,-2.00294,-0.708663,3,0.431967
56,12,0,1,3,4,8.30064,14.6818,4,0.41887
56,11,7,8,6,3,-9.92434,9.38809,0,0.862643
56,14,-1,0,11,3,-15.0466,9.5352,1,0.320755
56,14,0,1,11,3,-14.0061,9.5539,4,0.303951
56,14,1,2,11,3,-15.1513,10.2798,3,0.295447
56,14,1,3,11,3,-14.3164,8.28997,3,0.3122
56,12,1,2,3,4,7.04199,14.5099,3,0.395082
56,14,0,4,11,3,-15.9335,10.4221,0,0.338949
56,15,-1,0,6,3,-16.5627,9.38091,1,0.2616
56,12,1,3,3,4,8.88853,13.5787,3,0.477202
56,4,0,2,0,1,-11.3977,-8.64262,8,1.1438
56,12,0,4,3,4,7.08902,12.9829,2,0.389176
56,8,0,1,5,2,12.5906,8.69211,4,0.789938
56,12,4,5,3,4,6.4293,12.4816,3,0.376007
56,9,1,3,7,4,-1.53984,1.46084,3,0.401817
56,8,1,2,5,2,11.3109,8.94593,3,0.749194
56,9,0,4,7,4,-0.505708,-0.41415,2,0.471719
56,14,4,5,11,3,-16.62,11.54,0,0.350031
56,9,4,5,7,4,0.231055,-0.940356,3,0.483286
56,17,-1,0,3,4,8.14312,13.3601,1,0.472127
56,18,-1,0,9,4,-1.21555,-0.751318,1,0.487067
56,17,0,1,3,4,7.85594,12.4046,4,0.472279
56,17,1,2,3,4,8.70996,13.3154,3,0.503594
57,0,-1,0,4294967295,1,-12.8572,-8.50286,1,0.336427
57,0,0,1,4294967295,1,-12.1159,-8.10062,8,1.01496
57,0,0,2,4294967295,1,-13.5538,-8.03969,8,1.01485
57,0,0,3,4294967295,1,-12.9976,-9.32091,8,1.01524
57,1,-1,0,4294967295,2,13.4721,1.61316,1,0.169046
57,1,0,1,4294967295,2,13.214,0.7304,4,0.1757
57,1,1,2,4294967295,2,14.2811,1.49583,3,0.174241
57,1,1,3,4294967295,2,12.4868,1.82683,3,0.195634
57,2,-1,0,4294967295,3,7.84235,16.3833,1,0.365959
57,2,0,1,4294967295,3,8.82502,16.5728,4,0.609307
57,2,1,2,4294967295,3,7.88157,17.4593,3,0.561517
57,2,1,3,4294967295,3,7.83024,15.7216,3,0.58214
57,2,0,4,4294967295,3,6.71282,15.7755,0,0.331418
57,2,4,5,4294967295,3,5.45536,15.2021,0,0.319006
57,2,5,6,4294967295,3,4.41481,14.3624,0,0.288455
57,2,6,7,4294967295,3,3.1063,14.0295,0,0.27194
57,2,7,8,4294967295,3,1.93552,13.3065,0,0.334756
57,3,-1,0,4294967295,4,8.80629,14.0978,1,0.447929
57,3,0,1,4294967295,4,9.31521,15.1292,4,1.04992
57,3,1,2,4294967295,4,8.07238,15.0711,3,0.993478
57,3,1,3,4294967295,4,10.1295,14.1625,3,1.03354
57,3,0,4,4294967295,4,8.79491,12.9578,2,0.955746
57,3,4,5,4294967295,4,8.66201,11.6311,3,0.978566
57,5,-1,0,1,2,11.8406,7.94411,1,0.452032
57,6,-1,0,2,3,-17.3381,9.86662,1,0.393835
57,7,-1,0,3,4,-2.89743,1.77594,1,0.731369
57,4,-1,0,0,1,-12.186,-8.93836,1,0.447261
57,5,0,1,1,2,12.5709,8.48748,4,0.440795
57,6,0,1,2,3,-18.3566,10.0137,4,0.337933
57,7,0,1,3,4,-3.8919,2.10931,4,0.8388
57,5,1,2,1,2,11.2261,8.42724,3,0.451035
57,6,1,2,2,3,-17.6636,8.9191,3,0.321245
57,7,1,2,3,4,-3.39981,0.958093,3,0.902112
57,5,1,3,1,2,12.5114,7.19408,3,0.426529
57,6,1,3,2,3,-17.4774,10.966,3,0.319698
57,7,1,3,3,4,-2.72108,2.54629,3,0.724565
57,6,0,4,2,3,-16.03,9.82885,0,0.450228
57,7,0,4,3,4,-1.88448,1.38199,2,0.667715
57,8,-1,0,5,2,11.8967,8.76198,1,0.853525
57,6,4,5,2,3,-14.7154,10.2577,0,0.502305
57,7,4,5,3,4,-0.799433,0.546413,3,0.622257
57,6,5,6,2,3,-13.7873,11.153,0,0.541986
57,9,-1,0,7,4,-2.24435,0.0214327,1,0.425535
57,6,6,7,2,3,-12.6509,11.7881,0,0.563698
57,6,7,8,2,3,-11.8664,12.8316,0,0.571532
57,11,-1,0,6,3,-15.791,9.10425,1,0.490558
57,12,-1,0,3,4,8.00583,14.3477,1,0.407488
57,11,0,1,6,3,-16.8488,8.80374,4,0.415553
57,9,0,1,7,4,-3.30222,-0.0360481,4,0.501722
57,11,1,2,6,3,-15.9047,7.93036,3,0.381715
57,11,1,3,6,3,-16.734,10.133,3,0.403835
57,11,0,4,6,3,-14.5437,9.20112,0,0.579773
57,4,0,1,0,1,-12.2881,-9.77566,8,1.32641
57,11,4,5,6,3,-13.2589,8.72916,0,0.749091
57,11,5,6,6,3,-12.0376,8.82937,0,0.728003
57,11,6,7,6,3,-10.8151,8.63908,0,0.770719
57,9,1,2,7,4,-2.47994,-1.01982,3,0.40777
57,12,0,1,3,4,8.74172,15.0229,4,0.44926
57,11,7,8,6,3,-9.79049,9.37786,0,0.798029
57,14,-1,0,11,3,-15.156,9.7544,1,0.318278
57,14,0,1,11,3,-14.1049,9.97932,4,0.419016
57,14,1,2,11,3,-15.3089,10.595,3,0.569043
57,14,1,3,11,3,-14.0918,8.69579,3,0.378594
57,12,1,2,3,4,7.42788,15.2099,3,0.397053
57,14,0,4,11,3,-16.2096,10.4392,0,0.315196
57,15,-1,0,6,3,-16.6768,9.41515,1,0.2456
57,12,1,3,3,4,9.29065,13.8086,3,0.435898
57,4,0,2,0,1,-11.4049,-8.63913,8,1.23659
57,12,0,4,3,4,7.15016,13.7472,2,0.381059
57,8,0,1,5,2,12.6035,9.34621,4,0.799794
57,12,4,5,3,4,5.90259,13.1811,3,0.367093
57,9,1,3,7,4,-2.73566,1.05251,3,0.377062
57,8,1,2,5,2,11.285,9.27787,3,0.911365
57,9,0,4,7,4,-1.21094,-0.0857695,2,0.437167
57,14,4,5,11,3,-16.9644,11.5168,0,0.320433
57,9,4,5,7,4,-0.370438,-0.336367,3,0.441948
57,17,-1,0,3,4,7.98228,13.7133,1,0.492845
57,18,-1,0,9,4,-1.74641,-0.610336,1,0.471067
57,17,0,1,3,4,7.3852,12.8909,4,0.502996
57,17,1,2,3,4,8.53671,13.4491,3,0.582255
57,19,-1,0,2,3,8.60294,16.0308,1,0.7512
57,17,1,3,3,4,6.63564,13.9211,3,0.52
58,0,-1,0,4294967295,1,-12.8554,-8.49996,1,0.330027
58,0,0,1,4294967295,1,-12.115,-8.09583,8,0.995781
58,0,0,2,4294967295,1,-13.5528,-8.03832,8,0.995715
58,0,0,3,4294967295,1,-12.9936,-9.31851,8,0.995944
58,1,-1,0,4294967295,2,13.5896,1.18793,1,0.151939
58,1,0,1,4294967295,2,13.1349,0.387565,4,0.147003
58,1,1,2,4294967295,2,14.3487,0.89497,3,0.152385
58,1,1,3,4294967295,2,12.6793,1.61176,3,0.147814
58,2,-1,0,4294967295,3,8.48832,16.9035,1,0.522035
58,2,0,1,4294967295,3,9.50544,17.0101,4,0.781298
58,2,1,2,4294967295,3,8.70884,18.0321,3,0.643745
58,2,1,3,4294967295,3,8.60194,16.0111,3,0.604084
58,2,0,4,4294967295,3,7.25501,16.513,0,0.439217
58,2,4,5,4294967295,3,5.89162,15.8875,0,0.354943
58,2,5,6,4294967295,3,4.8286,14.9382,0,0.308112
58,2,6,7,4294967295,3,3.59088,14.3548,0,0.293201
58,2,7,8,4294967295,3,2.82851,13.2621,0,0.291691
58,3,-1,0,4294967295,4,8.93126,14.2063,1,0.909492
58,3,0,1,4294967295,4,9.70149,14.9629,4,0.952849
58,3,1,2,4294967295,4,8.47429,15.2537,3,0.959841
58,3,1,3,4294967295,4,9.97937,13.6954,3,0.990393
58,3,0,4,4294967295,4,8.72696,13.1637,2,0.903653
58,3,4,5,4294967295,4,8.4632,12.5156,3,0.889163
58,5,-1,0,1,2,12.1276,8.38362,1,0.417266
58,6,-1,0,2,3,-17.5351,9.84669,1,0.383715
58,7,-1,0,3,4,-3.40101,1.73863,1,0.779529
58,4,-1,0,0,1,-12.1901,-8.94417,1,0.504473
58,5,0,1,1,2,12.7211,9.07008,4,0.405716
58,6,0,1,2,3,-18.5925,9.77639,4,0.324556
58,7,0,1,3,4,-4.32545,2.24053,4,0.793708
58,5,1,2,1,2,11.4192,8.72364,3,0.417067
58,6,1,2,2,3,-17.7042,8.85184,3,0.302654
58,7,1,2,3,4,-4.42559,0.985342,3,0.803629
58,5,1,3,1,2,12.8992,7.7841,3,0.390387
58,6,1,3,2,3,-17.8576,10.839,3,0.309004
58,7,1,3,3,4,-3.09041,2.55335,3,0.790637
58,6,0,4,2,3,-16.2099,10.0006,0,0.455938
58,7,0,4,3,4,-2.3502,1.58289,2,0.746326
58,8,-1,0,5,2,11.9908,9.19348,1,0.85519
58,6,4,5,2,3,-14.8518,10.4185,0,0.555562
58,7,4,5,3,4,-1.39758,1.46794,3,0.749207
58,6,5,6,2,3,-13.9226,11.2403,0,0.534793
58,9,-1,0,7,4,-3.09999,-0.349222,1,0.420629
58,6,6,7,2,3,-12.734,11.6094,0,0.536374
58,6,7,8,2,3,-11.9873,12.615,0,0.542637
58,11,-1,0,6,3,-15.8301,9.3194,1,0.494091
58,12,-1,0,3,4,8.2269,14.5953,1,0.394387
58,11,0,1,6,3,-16.8261,8.90574,4,0.419238
58,9,0,1,7,4,-4.0178,-0.863683,4,0.419984
58,11,1,2,6,3,-15.7565,8.16998,3,0.386774
58,11,1,3,6,3,-16.8635,10.2527,3,0.406951
58,11,0,4,6,3,-14.6034,9.54961,0,0.573368
58,4,0,1,0,1,-12.2848,-9.78233,8,1.31521
58,11,4,5,6,3,-13.2997,9.13635,0,0.645225
58,11,5,6,6,3,-11.972,9.10606,0,0.699125
58,11,6,7,6,3,-10.7033,8.74098,0,0.73366
58,9,1,2,7,4,-2.77954,-1.09771,3,0.461754
58,12,0,1,3,4,9.10205,15.122,4,0.399148
58,11,7,8,6,3,-9.49243,9.23539,0,0.750694
58,14,-1,0,11,3,-15.2626,10.0049,1,0.429939
58,14,0,1,11,3,-14.1924,10.2082,4,0.491751
58,14,1,2,11,3,-15.3472,10.9005,3,0.58912
58,14,1,3,11,3,-14.1927,8.91898,3,0.445447
58,12,1,2,3,4,7.85631,15.4855,3,0.389589
58,14,0,4,11,3,-16.3203,10.6952,0,0.371167
58,15,-1,0,6,3,-16.814,9.53804,1,0.2296
58,12,1,3,3,4,9.30526,13.8137,3,0.41424
58,4,0,2,0,1,-11.4116,-8.63811,8,1.26258
58,12,0,4,3,4,7.2941,14.0929,2,0.380074
58,8,0,1,5,2,12.5129,9.94629,4,0.88275
58,12,4,5,3,4,6.46212,13.8583,3,0.367069
58,9,1,3,7,4,-3.556,0.290312,3,0.385566
58,8,1,2,5,2,11.2574,9.54438,3,0.866743
58,9,0,4,7,4,-2.14004,0.107142,2,0.419343
58,14,4,5,11,3,-17.1542,11.7153,0,0.338948
58,9,4,5,7,4,-0.777227,0.12045,3,0.414799
58,17,-1,0,3,4,8.01454,14.0083,1,0.511037
58,18,-1,0,9,4,-2.31942,-0.564461,1,0.455067
58,17,0,1,3,4,7.34655,13.1982,4,0.532518
58,17,1,2,3,4,8.51439,13.6521,3,0.619552
58,19,-1,0,2,3,9.14595,16.4232,1,0.7352
58,17,1,3,3,4,6.80109,14.3968,3,0.495458
59,0,-1,0,4294967295,1,-12.8541,-8.4978,1,0.323627
59,0,0,1,4294967295,1,-12.1143,-8.09258,8,0.976594
59,0,0,2,4294967295,1,-13.5525,-8.03757,8,0.976556
59,0,0,3,4294967295,1,-12.9909,-9.31645,8,0.97669
59,1,-1,0,4294967295,2,13.5948,0.794019,1,0.125535
59,1,0,1,4294967295,2,13.1378,-0.00203539,4,0.118474
59,1,1,2,4294967295,2,14.3516,0.513436,3,0.124892
59,1,1,3,4294967295,2,12.7253,1.23378,3,0.115885
59,2,-1,0,4294967295,3,9.06446,17.1834,1,0.341555
59,2,0,1,4294967295,3,10.149,17.0747,4,0.579961
59,2,1,2,4294967295,3,9.68175,18.2603,3,0.759797
59,2,1,3,4294967295,3,9.16233,16.2562,3,0.615387
59,2,0,4,4294967295,3,7.7642,16.962,0,0.343909
59,2,4,5,4294967295,3,6.36206,16.5358,0,0.350923
59,2,5,6,4294967295,3,5.44014,15.5117,0,0.326102
59,2,6,7,4294967295,3,4.35143,14.7128,0,0.301463
59,2,7,8,4294967295,3,3.67284,13.5595,0,0.289068
59,3,-1,0,4294967295,4,9.09307,14.3115,1,0.792005
59,3,0,1,4294967295,4,10.0762,14.7335,4,0.831457
59,3,1,2,4294967295,4,9.06342,15.5145,3,0.845121
59,3,1,3,4294967295,4,9.80122,13.4709,3,0.872551
59,3,0,4,4294967295,4,8.43456,13.4461,2,0.810455
59,3,4,5,4294967295,4,7.6996,12.5958,3,0.839525
59,5,-1,0,1,2,12.4636,8.82577,1,0.38348
59,6,-1,0,2,3,-17.6783,9.80332,1,0.372769
59,7,-1,0,3,4,-3.95842,2.11764,1,0.782739
59,4,-1,0,0,1,-12.1929,-8.94828,1,0.432593
59,5,0,1,1,2,12.782,9.67185,4,0.373361
59,6,0,1,2,3,-18.7229,9.68038,4,0.312958
59,7,0,1,3,4,-4.73795,2.67675,4,0.849736
59,5,1,2,1,2,11.6685,8.93874,3,0.37201
59,6,1,2,2,3,-17.8576,8.7277,3,0.285728
59,7,1,2,3,4,-4.70641,1.40589,3,0.785319
59,5,1,3,1,2,13.5179,8.58248,3,0.373282
59,6,1,3,2,3,-18.0447,10.7914,3,0.300597
59,7,1,3,3,4,-3.41867,2.63369,3,0.805207
59,6,0,4,2,3,-16.3816,10.1038,0,0.429067
59,7,0,4,3,4,-3.00541,1.87928,2,0.753969
59,8,-1,0,5,2,12.0358,9.53779,1,0.928171
59,6,4,5,2,3,-15.0202,10.6035,0,0.473877
59,7,4,5,3,4,-2.26222,1.57853,3,0.738407
59,6,5,6,2,3,-14.0109,11.3513,0,0.501868
59,9,-1,0,7,4,-3.47659,-0.667233,1,0.408827
59,6,6,7,2,3,-12.7702,11.6169,0,0.515592
59,6,7,8,2,3,-11.8726,12.5193,0,0.520749
59,11,-1,0,6,3,-15.9011,9.53473,1,0.519844
59,12,-1,0,3,4,8.61789,14.7154,1,0.402622
59,11,0,1,6,3,-16.8356,9.01082,4,0.429267
59,9,0,1,7,4,-4.23538,-1.41672,4,0.412651
59,11,1,2,6,3,-15.6026,8.60952,3,0.397099
59,11,1,3,6,3,-17.0841,10.3414,3,0.412164
59,11,0,4,6,3,-14.684,9.84038,0,0.642527
59,4,0,1,0,1,-12.2823,-9.78695,8,1.31626
59,11,4,5,6,3,-13.3402,9.47275,0,0.782251
59,11,5,6,6,3,-12.0038,9.49357,0,0.867491
59,11,6,7,6,3,-10.776,8.99514,0,0.800164
59,9,1,2,7,4,-2.9817,-1.58823,3,0.452523
59,12,0,1,3,4,9.54737,15.0818,4,0.398876
59,11,7,8,6,3,-9.45421,9.00106,0,0.778866
59,14,-1,0,11,3,-15.3751,10.2311,1,0.43154
59,14,0,1,11,3,-14.3041,10.4899,4,0.491778
59,14,1,2,11,3,-15.3978,11.2503,3,0.710525
59,14,1,3,11,3,-14.3005,9.19915,3,0.436279
59,12,1,2,3,4,8.58702,15.9951,3,0.381697
59,14,0,4,11,3,-16.5064,10.7734,0,0.389686
59,15,-1,0,6,3,-16.9185,9.63572,1,0.2136
59,12,1,3,3,4,9.24784,13.7737,3,0.408523
59,4,0,2,0,1,-11.4163,-8.63759,8,1.28542
59,12,0,4,3,4,7.76869,14.066,2,0.383795
59,8,0,1,5,2,12.4176,10.3823,4,0.96667
59,12,4,5,3,4,6.86209,13.7808,3,0.365988
59,9,1,3,7,4,-4.59993,-0.202583,3,0.382045
59,8,1,2,5,2,11.2584,9.79104,3,0.976957
59,9,0,4,7,4,-2.73326,0.0977684,2,0.402875
59,14,4,5,11,3,-17.3773,11.7643,0,0.366787
59,9,4,5,7,4,-2.10798,0.600515,3,0.397017
59,17,-1,0,3,4,8.12357,14.3695,1,0.506711
59,18,-1,0,9,4,-2.68559,-0.836319,1,0.439067
59,17,0,1,3,4,7.6324,13.3746,4,0.503494
59,17,1,2,3,4,8.64112,14.0296,3,0.52845
59,19,-1,0,2,3,9.5796,16.5967,1,0.884428
59,17,1,3,3,4,7.33855,14.6027,3,0.482946
59,17,0,4,3,4,8.22742,15.3845,2,0.506816
59,19,0,1,2,3,10.3008,15.9279,4,0.816772
60,0,-1,0,4294967295,1,-12.8531,-8.4964,1,0.317227
60,0,0,1,4294967295,1,-12.1139,-8.09028,8,0.957402
60,0,0,2,4294967295,1,-13.5521,-8.0369,8,0.957379
60,0,0,3,4294967295,1,-12.9889,-9.31523,8,0.957458
60,1,-1,0,4294967295,2,13.5384,0.430035,1,0.126211
60,1,0,1,4294967295,2,13.2064,-0.425576,4,0.121271
60,1,1,2,4294967295,2,14.3348,0.247841,3,0.122809
60,1,1,3,4294967295,2,12.5887,0.732366,3,0.118192
60,2,-1,0,4294967295,3,9.79641,17.3175,1,0.461403
60,2,0,1,4294967295,3,10.8637,17.1707,4,0.550189
60,2,1,2,4294967295,3,10.3489,18.3357,3,0.563653
60,2,1,3,4294967295,3,9.95814,16.1672,3,0.561455
60,2,0,4,4294967295,3,8.49039,17.3207,0,0.384513
60,2,4,5,4294967295,3,7.11201,16.9481,0,0.339791
60,2,5,6,4294967295,3,6.1692,15.9642,0,0.314092
60,2,6,7,4294967295,3,5.06332,15.2148,0,0.297997
60,2,7,8,4294967295,3,4.4526,14.0456,0,0.289581
60,3,-1,0,4294967295,4,9.71646,14.1275,1,0.675959
60,3,0,1,4294967295,4,10.689,14.485,4,0.782717
60,3,1,2,4294967295,4,9.6122,15.2333,3,0.787388
60,3,1,3,4294967295,4,10.2236,13.2801,3,0.810178
60,3,0,4,4294967295,4,8.75189,13.5181,2,0.694824
60,3,4,5,4294967295,4,7.54391,13.068,3,0.73955
60,5,-1,0,1,2,12.7124,9.34913,1,0.435657
60,6,-1,0,2,3,-17.7972,9.86468,1,0.349184
60,7,-1,0,3,4,-4.46744,2.61511,1,0.280807
60,4,-1,0,0,1,-12.1949,-8.95115,1,0.439764
60,5,0,1,1,2,12.966,10.205,4,0.474011
60,6,0,1,2,3,-18.8452,9.75396,4,0.296312
60,7,0,1,3,4,-5.28127,3.28663,4,0.752861
60,5,1,2,1,2,11.9486,9.33737,3,0.419066
60,6,1,2,2,3,-18.0316,8.75408,3,0.271366
60,7,1,2,3,4,-5.10728,2.05464,3,0.755319
60,5,1,3,1,2,13.7012,9.11436,3,0.528687
60,6,1,3,2,3,-18.0929,10.8112,3,0.286176
60,7,1,3,3,4,-4.0183,3.28193,3,0.863838
60,6,0,4,2,3,-16.4992,10.1989,0,0.397348
60,7,0,4,3,4,-3.5736,2.00297,2,0.715269
60,8,-1,0,5,2,12.2016,10.0128,1,0.986309
60,6,4,5,2,3,-15.1523,10.8521,0,0.437071
60,7,4,5,3,4,-2.53001,1.07591,3,0.734134
60,6,5,6,2,3,-14.0871,11.5808,0,0.466212
60,9,-1,0,7,4,-3.94764,-1.14298,1,0.396339
60,6,6,7,2,3,-12.8027,11.7219,0,0.484559
60,6,7,8,2,3,-11.7281,12.432,0,0.493204
60,11,-1,0,6,3,-15.9167,9.69453,1,0.53215
60,12,-1,0,3,4,8.95623,14.687,1,0.365146
60,11,0,1,6,3,-16.7407,9.0403,4,0.44503
60,9,0,1,7,4,-4.20066,-2.14602,4,0.401964
60,11,1,2,6,3,-15.4426,8.92838,3,0.41716
60,11,1,3,6,3,-17.1758,10.324,3,0.422506
60,11,0,4,6,3,-14.7519,10.1254,0,0.630144
60,4,0,1,0,1,-12.2808,-9.79021,8,1.39959
60,11,4,5,6,3,-13.4156,9.85004,0,0.725063
60,11,5,6,6,3,-12.098,9.83608,0,0.792644
60,11,6,7,6,3,-10.9598,9.1782,0,0.823308
60,9,1,2,7,4,-3.00568,-1.68562,3,0.403345
60,12,0,1,3,4,10.0288,14.887,4,0.357862
60,11,7,8,6,3,-9.68093,8.90356,0,0.886089
60,14,-1,0,11,3,-15.473,10.4443,1,0.43282
60,14,0,1,11,3,-14.4229,10.7843,4,0.461508
60,14,1,2,11,3,-15.5598,11.4764,3,0.518397
60,14,1,3,11,3,-14.3429,9.49581,3,0.428123
60,12,1,2,3,4,9.10288,15.7768,3,0.344358
60,14,0,4,11,3,-16.6599,10.8659,0,0.402469
60,15,-1,0,6,3,-17.0595,9.61613,1,0.1976
60,12,1,3,3,4,9.50675,13.6815,3,0.36963
60,4,0,2,0,1,-11.4197,-8.63705,8,1.38691
60,12,0,4,3,4,7.95298,14.1514,2,0.362818
60,8,0,1,5,2,12.5196,10.8774,4,1.03681
60,12,4,5,3,4,6.70885,13.6351,3,0.35495
60,9,1,3,7,4,-4.8814,-1.08942,3,0.408308
60,8,1,2,5,2,11.3784,10.2292,3,0.986896
60,9,0,4,7,4,-3.73321,-0.137941,2,0.387505
60,14,4,5,11,3,-17.6826,11.7019,0,0.3844
60,9,4,5,7,4,-3.25021,0.742464,3,0.380592
60,17,-1,0,3,4,7.96873,14.6762,1,0.483988
60,18,-1,0,9,4,-3.18267,-0.853018,1,0.423067
60,17,0,1,3,4,7.71224,13.5774,4,0.470355
60,17,1,2,3,4,8.77702,14.1991,3,0.483431
60,19,-1,0,2,3,10.3693,16.7812,1,0.842374
60,17,1,3,3,4,6.91946,14.519,3,0.453513
60,17,0,4,3,4,8.23224,15.7129,2,0.492803
60,19,0,1,2,3,10.6015,15.8113,4,0.914826
60,17,4,5,3,4,8.57266,16.4497,3,0.496786
60,20,-1,0,7,4,-4.57444,1.82192,1,0.519333
61,0,-1,0,4294967295,1,-12.8524,-8.49538,1,0.32272
61,0,0,1,4294967295,1,-12.1136,-8.08862,8,0.949073
61,0,0,2,4294967295,1,-13.5518,-8.03653,8,0.949059
61,0,0,3,4294967295,1,-12.9876,-9.31432,8,1.02461
61,1,-1,0,4294967295,2,13.4651,0.0677576,1,0.0993187
61,1,0,1,4294967295,2,13.2139,-0.815642,4,0.103797
61,1,1,2,4294967295,2,14.2719,-0.0423484,3,0.195617
61,1,1,3,4294967295,2,12.5015,0.287052,3,0.0967269
61,2,-1,0,4294967295,3,10.5528,17.2878,1,0.457136
61,2,0,1,4294967295,3,11.5153,16.9404,4,0.505491
61,2,1,2,4294967295,3,11.226,18.1966,3,0.494279
61,2,1,3,4294967295,3,10.2866,16.374,3,0.519681
61,2,0,4,4294967295,3,9.29127,17.3846,0,0.39731
61,2,4,5,4294967295,3,7.9246,17.2206,0,0.350115
61,2,5,6,4294967295,3,6.92137,16.3494,0,0.317375
61,2,6,7,4294967295,3,5.7654,15.7254,0,0.297169
61,2,7,8,4294967295,3,5.07843,14.6127,0,0.287603
61,3,-1,0,4294967295,4,10.2031,13.9611,1,0.733361
61,3,0,1,4294967295,4,11.2101,14.2612,4,0.751654
61,3,1,2,4294967295,4,10.2109,15.0381,3,0.748428
61,3,1,3,4294967295,4,10.5392,13.1835,3,0.77465
61,3,0,4,4294967295,4,9.27225,13.5397,2,0.715101
61,3,4,5,4294967295,4,8.63534,13.3499,3,0.702827
61,5,-1,0,1,2,12.828,9.83379,1,0.433547
61,6,-1,0,2,3,-17.871,9.98943,1,0.328404
61,7,-1,0,3,4,-4.72657,2.91379,1,0.670635
61,4,-1,0,0,1,-12.1964,-8.95319,1,0.464742
61,5,0,1,1,2,13.1865,10.6676,4,0.430561
61,6,0,1,2,3,-18.9342,9.90102,4,0.277631
61,7,0,1,3,4,-5.38946,3.72255,4,0.786982
61,5,1,2,1,2,12.0452,9.96755,3,0.415917
61,6,1,2,2,3,-18.0973,8.92819,3,0.256743
61,7,1,2,3,4,-5.96736,2.58367,3,0.755221
61,5,1,3,1,2,13.7097,9.46604,3,0.452128
61,6,1,3,2,3,-18.171,10.9211,3,0.266021
61,7,1,3,3,4,-4.10918,3.77036,3,0.791453
61,6,0,4,2,3,-16.5535,10.2725,0,0.37984
61,7,0,4,3,4,-3.96681,2.19103,2,0.636676
61,8,-1,0,5,2,12.4485,10.5556,1,1.0121
61,6,4,5,2,3,-15.2701,11.0645,0,0.432147
61,7,4,5,3,4,-3.57603,1.49214,3,0.640102
61,6,5,6,2,3,-14.1991,11.825,0,0.473004
61,9,-1,0,7,4,-4.20647,-1.75243,1,0.428072
61,6,6,7,2,3,-12.8974,11.8582,0,0.479956
61,6,7,8,2,3,-11.6952,12.3486,0,0.476283
61,11,-1,0,6,3,-15.8738,9.86135,1,0.527358
61,12,-1,0,3,4,9.42425,14.1953,1,0.364165
61,11,0,1,6,3,-16.5758,9.10489,4,0.453845
61,9,0,1,7,4,-4.00971,-2.81161,4,0.471322
61,11,1,2,6,3,-15.2614,9.17414,3,0.435079
61,11,1,3,6,3,-17.1899,10.2865,3,0.432048
61,11,0,4,6,3,-14.7848,10.4329,0,0.606349
61,4,0,1,0,1,-12.2796,-9.79251,8,1.37224
61,11,4,5,6,3,-13.4809,10.1788,0,0.681235
61,11,5,6,6,3,-12.2032,10.0942,0,0.744159
61,11,6,7,6,3,-11.1841,9.31049,0,0.790043
61,9,1,2,7,4,-3.32342,-1.77176,3,0.438811
61,12,0,1,3,4,10.5029,14.3915,4,0.339629
61,11,7,8,6,3,-9.95457,8.94479,0,0.814903
61,14,-1,0,11,3,-15.5653,10.6612,1,0.407718
61,14,0,1,11,3,-14.5724,11.1291,4,0.410509
61,14,1,2,11,3,-15.8158,11.6,3,0.438656
61,14,1,3,11,3,-14.339,9.85918,3,0.384835
61,12,1,2,3,4,9.51014,15.1806,3,0.321364
61,14,0,4,11,3,-16.8,10.915,0,0.39735
61,15,-1,0,6,3,-17.2634,9.48241,1,0.1816
61,12,1,3,3,4,9.89601,13.2533,3,0.33892
61,4,0,2,0,1,-11.4221,-8.6367,8,1.46128
61,12,0,4,3,4,8.30099,14.0956,2,0.363791
61,8,0,1,5,2,12.7278,11.4233,4,1.01693
61,12,4,5,3,4,7.57666,14.4174,3,0.352732
61,9,1,3,7,4,-5.0188,-2.08563,3,0.545093
61,8,1,2,5,2,11.651,10.6784,3,1.00032
61,9,0,4,7,4,-4.39955,-0.661811,2,0.393308
61,14,4,5,11,3,-17.9386,11.6127,0,0.389302
61,9,4,5,7,4,-4.28148,0.665179,3,0.372547
61,17,-1,0,3,4,7.63256,14.7287,1,0.45621
61,18,-1,0,9,4,-3.76831,-1.09464,1,0.407067
61,17,0,1,3,4,7.46284,13.7004,4,0.440007
61,17,1,2,3,4,8.53964,14.5615,3,0.449523
61,19,-1,0,2,3,10.9436,16.5992,1,1.08493
61,17,1,3,3,4,6.5741,14.6764,3,0.424678
61,17,0,4,3,4,7.90211,15.6781,2,0.464406
61,19,0,1,2,3,11.0573,15.6138,4,0.968268
61,17,4,5,3,4,8.43998,16.4618,3,0.465563
61,20,-1,0,7,4,-4.61957,2.11548,1,0.503333
62,0,-1,0,4294967295,1,-12.852,-8.49468,1,0.316426
62,0,0,1,4294967295,1,-12.1133,-8.08747,8,0.940262
62,0,0,2,4294967295,1,-13.5516,-8.03622,8,0.940254
62,0,0,3,4294967295,1,-12.9866,-9.3137,8,0.984525
62,1,-1,0,4294967295,2,13.4115,-0.310234,1,0.123021
62,1,0,1,4294967295,2,13.1109,-1.17631,4,0.122875
62,1,1,2,4294967295,2,14.2077,-0.449428,3,0.137183
62,1,1,3,4294967295,2,12.47,-0.0341523,3,0.119205
62,2,-1,0,4294967295,3,11.2645,17.0758,1,0.441066
62,2,0,1,4294967295,3,12.1878,16.5655,4,0.482646
62,2,1,2,4294967295,3,12.0885,17.8375,3,0.533044
62,2,1,3,4294967295,3,10.8987,16.2121,3,0.474932
62,2,0,4,4294967295,3,10.0233,17.4588,0,0.396307
62,2,4,5,4294967295,3,8.60227,17.6278,0,0.354296
62,2,5,6,4294967295,3,7.58489,16.7118,0,0.321029
62,2,6,7,4294967295,3,6.38469,16.1682,0,0.298926
62,2,7,8,4294967295,3,5.56038,15.1635,0,0.288067
62,3,-1,0,4294967295,4,10.8167,13.5937,1,0.823948
62,3,0,1,4294967295,4,11.8537,13.7892,4,0.748158
62,3,1,2,4294967295,4,11.0581,14.8089,3,0.750979
62,3,1,3,4294967295,4,11.14,12.7428,3,0.746416
62,3,0,4,4294967295,4,9.75419,13.3733,2,0.71744
62,3,4,5,4294967295,4,8.50523,13.2984,3,0.696859
62,5,-1,0,1,2,12.869,10.3254,1,0.421911
62,6,-1,0,2,3,-17.8729,10.0628,1,0.31024
62,7,-1,0,3,4,-5.04693,3.37883,1,0.602638
62,4,-1,0,0,1,-12.1974,-8.9546,1,0.578936
62,5,0,1,1,2,13.4174,11.0255,4,0.447141
62,6,0,1,2,3,-18.9186,9.89389,4,0.260494
62,7,0,1,3,4,-5.30615,4.36757,4,0.660864
62,5,1,2,1,2,12.1465,10.5694,3,0.414986
62,6,1,2,2,3,-18.0654,8.93031,3,0.24027
62,7,1,2,3,4,-5.9942,3.32808,3,0.712633
62,5,1,3,1,2,13.7359,9.76145,3,0.56536
62,6,1,3,2,3,-18.2501,11.0073,3,0.249427
62,7,1,3,3,4,-4.23409,3.64194,3,0.681071
62,6,0,4,2,3,-16.5933,10.4905,0,0.357765
62,7,0,4,3,4,-4.51641,2.54126,2,0.565363
62,8,-1,0,5,2,12.6488,11.1403,1,1.0462
62,6,4,5,2,3,-15.3962,11.3532,0,0.401304
62,7,4,5,3,4,-4.13017,1.67894,3,0.562179
62,6,5,6,2,3,-14.3173,12.1172,0,0.441851
62,9,-1,0,7,4,-4.34681,-2.13299,1,0.417312
62,6,6,7,2,3,-13.0249,12.0091,0,0.483068
62,6,7,8,2,3,-11.7771,12.3238,0,0.517836
62,11,-1,0,6,3,-15.9166,10.0143,1,0.520533
62,12,-1,0,3,4,10.1063,14.1143,1,0.323937
62,11,0,1,6,3,-16.4943,9.14146,4,0.457028
62,9,0,1,7,4,-3.94917,-3.08328,4,0.448417
62,11,1,2,6,3,-15.225,9.47647,3,0.443776
62,11,1,3,6,3,-17.1877,10.2353,3,0.436563
62,11,0,4,6,3,-14.8928,10.7056,0,0.590948
62,4,0,1,0,1,-12.2788,-9.79411,8,1.38913
62,11,4,5,6,3,-13.5621,10.4763,0,0.670695
62,11,5,6,6,3,-12.292,10.315,0,0.830933
62,11,6,7,6,3,-11.3363,9.45227,0,0.785641
62,9,1,2,7,4,-3.2754,-2.00993,3,0.422333
62,12,0,1,3,4,11.0178,14.2399,4,0.305703
62,11,7,8,6,3,-10.1301,9.02182,0,0.800232
62,14,-1,0,11,3,-15.6812,10.8569,1,0.390089
62,14,0,1,11,3,-14.7465,11.4458,4,0.394921
62,14,1,2,11,3,-16.0552,11.6989,3,0.401311
62,14,1,3,11,3,-14.3158,10.2347,3,0.39627
62,12,1,2,3,4,9.89975,14.9391,3,0.2882
62,14,0,4,11,3,-16.9443,11.0198,0,0.384199
62,15,-1,0,6,3,-17.4447,9.38676,1,0.1656
62,12,1,3,3,4,10.3252,13.1105,3,0.314026
62,4,0,2,0,1,-11.4238,-8.63646,8,1.6422
62,12,0,4,3,4,9.17438,14.0097,2,0.332251
62,8,0,1,5,2,13.113,11.9481,4,1.19586
62,12,4,5,3,4,8.144,14.1709,3,0.333149
62,9,1,3,7,4,-5.19141,-2.79611,3,0.513179
62,8,1,2,5,2,11.8782,11.5047,3,1.07643
62,9,0,4,7,4,-4.86302,-1.26007,2,0.392899
62,14,4,5,11,3,-18.0052,11.8042,0,0.380889
62,9,4,5,7,4,-5.10896,-0.609326,3,0.375923
62,17,-1,0,3,4,7.46403,14.7355,1,0.426499
62,18,-1,0,9,4,-3.97845,-1.39676,1,0.391067
62,17,0,1,3,4,7.69406,13.7368,4,0.408204
62,17,1,2,3,4,8.08576,14.9904,3,0.407695
62,19,-1,0,2,3,11.5573,16.3438,1,1.12223
62,17,1,3,3,4,6.65503,14.4029,3,0.398829
62,17,0,4,3,4,7.55552,15.7819,2,0.435364
62,19,0,1,2,3,11.5574,15.367,4,1.10697
62,17,4,5,3,4,8.41384,16.8161,3,0.434565
62,20,-1,0,7,4,-5.36292,2.58096,1,0.543476
62,20,0,1,7,4,-5.27571,1.55243,4,0.543457
63,0,-1,0,4294967295,1,-12.8516,-8.49419,1,0.310027
63,0,0,1,4294967295,1,-12.1131,-8.08668,8,0.927169
63,0,0,2,4294967295,1,-13.5514,-8.03603,8,0.927165
63,0,0,3,4294967295,1,-12.9859,-9.31327,8,0.953105
63,1,-1,0,4294967295,2,13.3426,-0.661071,1,0.103164
63,1,0,1,4294967295,2,13.064,-1.53596,4,0.114248
63,1,1,2,4294967295,2,14.1452,-0.783598,3,0.105658
63,1,1,3,4294967295,2,12.3848,-0.420783,3,0.184793
63,2,-1,0,4294967295,3,11.9066,16.8357,1,0.429319
63,2,0,1,4294967295,3,12.7479,16.1649,4,0.453929
63,2,1,2,4294967295,3,12.9057,17.4277,3,0.449126
63,2,1,3,4294967295,3,11.4695,15.7355,3,0.466334
63,2,0,4,4294967295,3,10.733,17.399,0,0.388889
63,2,4,5,4294967295,3,9.31367,17.7431,0,0.350873
63,2,5,6,4294967295,3,7.98453,17.3404,0,0.320772
63,2,6,7,4294967295,3,6.79047,16.7322,0,0.300012
63,2,7,8,4294967295,3,6.02273,15.6591,0,0.289418
63,3,-1,0,4294967295,4,11.2932,13.4144,1,0.736945
63,3,0,1,4294967295,4,12.3856,13.467,4,0.74602
63,3,1,2,4294967295,4,11.6147,14.4635,3,0.742407
63,3,1,3,4294967295,4,11.6125,12.4948,3,0.762433
63,3,0,4,4294967295,4,10.206,13.2782,2,0.720486
63,3,4,5,4294967295,4,9.10038,13.3695,3,0.705908
63,5,-1,0,1,2,13.0207,10.8251,1,0.434143
63,6,-1,0,2,3,-17.8448,10.1518,1,0.290924
63,7,-1,0,3,4,-5.23429,3.82203,1,0.463879
63,4,-1,0,0,1,-12.1981,-8.9556,1,0.55567
63,5,0,1,1,2,13.4865,11.5912,4,0.526069
63,6,0,1,2,3,-18.8868,9.94211,4,0.243486
63,7,0,1,3,4,-5.12269,4.86815,4,0.576489
63,5,1,2,1,2,12.2507,11.063,3,0.43276
63,6,1,2,2,3,-18.0412,8.96833,3,0.22432
63,7,1,2,3,4,-6.12594,4.12409,3,0.684755
63,5,1,3,1,2,13.95,10.3946,3,0.448149
63,6,1,3,2,3,-18.2759,11.0795,3,0.23388
63,7,1,3,3,4,-4.44438,3.82295,3,0.610606
63,6,0,4,2,3,-16.611,10.6736,0,0.33684
63,7,0,4,3,4,-5.11238,2.71095,2,0.462449
63,8,-1,0,5,2,12.7792,11.6106,1,1.14214
63,6,4,5,2,3,-15.5395,11.5732,0,0.37974
63,7,4,5,3,4,-4.7966,1.37104,3,0.490146
63,6,5,6,2,3,-14.4695,12.3379,0,0.417838
63,9,-1,0,7,4,-4.30481,-2.79661,1,0.43303
63,6,6,7,2,3,-13.1804,12.1875,0,0.447823
63,6,7,8,2,3,-11.9063,12.3931,0,0.464829
63,11,-1,0,6,3,-15.9445,10.1757,1,0.521241
63,12,-1,0,3,4,10.7875,13.9726,1,0.317697
63,11,0,1,6,3,-16.4231,9.24707,4,0.458644
63,9,0,1,7,4,-3.72759,-3.63076,4,0.544574
63,11,1,2,6,3,-15.2098,9.74331,3,0.446803
63,11,1,3,6,3,-17.1435,10.3097,3,0.438666
63,11,0,4,6,3,-15.0084,10.9713,0,0.594109
63,4,0,1,0,1,-12.2783,-9.79522,8,1.57397
63,11,4,5,6,3,-13.6661,10.761,0,0.671783
63,11,5,6,6,3,-12.3766,10.5452,0,0.741645
63,11,6,7,6,3,-11.4389,9.63691,0,0.787639
63,9,1,2,7,4,-3.42106,-2.40272,3,0.517379
63,12,0,1,3,4,11.8305,13.7943,4,0.278691
63,11,7,8,6,3,-10.251,9.12641,0,0.805545
63,14,-1,0,11,3,-15.8364,11.0464,1,0.364039
63,14,0,1,11,3,-14.939,11.6976,4,0.351997
63,14,1,2,11,3,-16.2635,11.8329,3,0.366394
63,14,1,3,11,3,-14.459,10.5003,3,0.328876
63,12,1,2,3,4,11.1234,14.8564,3,0.26885
63,14,0,4,11,3,-17.1206,11.0887,0,0.367514
63,15,-1,0,6,3,-17.3374,9.51869,1,0.1496
63,12,1,3,3,4,10.9338,12.8686,3,0.270015
63,4,0,2,0,1,-11.425,-8.63628,8,1.79263
63,12,0,4,3,4,9.70443,13.9731,2,0.357828
63,8,0,1,5,2,13.4538,12.2599,4,1.19883
63,12,4,5,3,4,8.43257,13.9178,3,0.333574
63,9,1,3,7,4,-4.92358,-3.18868,3,0.502874
63,8,1,2,5,2,12.1595,12.0715,3,1.19986
63,9,0,4,7,4,-5.05069,-2.08234,2,0.424492
63,14,4,5,11,3,-18.2008,11.8638,0,0.367802
63,9,4,5,7,4,-5.6806,-1.12108,3,0.435472
63,17,-1,0,3,4,7.51435,14.7248,1,0.395188
63,18,-1,0,9,4,-4.31368,-1.99237,1,0.375067
63,17,0,1,3,4,7.50034,13.7394,4,0.375689
63,17,1,2,3,4,8.34872,14.7277,3,0.376529
63,19,-1,0,2,3,12.0503,16.083,1,1.14471
63,17,1,3,3,4,6.39896,14.3857,3,0.365668
63,17,0,4,3,4,7.7588,15.6688,2,0.405725
63,19,0,1,2,3,12.2448,15.11,4,1.14049
63,17,4,5,3,4,8.15097,16.208,3,0.406669
63,20,-1,0,7,4,-5.70329,3.2648,1,0.514615
63,20,0,1,7,4,-5.598,2.28373,4,0.514783
63,20,1,2,7,4,-4.551,3.07612,3,0.594968
64,0,-1,0,4294967295,1,-12.8514,-8.49385,1,0.306897
64,0,0,1,4294967295,1,-12.113,-8.08612,8,0.911686
64,0,0,2,4294967295,1,-13.5513,-8.03591,8,0.911683
64,0,0,3,4294967295,1,-12.9854,-9.31297,8,1.0432
64,1,-1,0,4294967295,2,13.252,-1.01138,1,0.14691
64,1,0,1,4294967295,2,13.0855,-1.91944,4,0.250115
64,1,1,2,4294967295,2,14.069,-1.06324,3,0.190889
64,1,1,3,4294967295,2,12.2641,-0.896329,3,0.161159
64,2,-1,0,4294967295,3,12.3648,16.4287,1,0.435577
64,2,0,1,4294967295,3,13.0977,15.6316,4,0.483563
64,2,1,2,4294967295,3,13.5729,16.824,3,0.450061
64,2,1,3,4294967295,3,11.784,15.4813,3,0.532264
64,2,0,4,4294967295,3,11.2803,17.1453,0,0.385637
64,2,4,5,4294967295,3,9.97223,17.7092,0,0.3473
64,2,5,6,4294967295,3,8.64033,17.4478,0,0.318909
64,2,6,7,4294967295,3,7.3133,17.328,0,0.299615
64,2,7,8,4294967295,3,6.44326,16.3332,0,0.289775
64,3,-1,0,4294967295,4,11.8919,13.2951,1,0.753331
64,3,0,1,4294967295,4,12.8584,13.3999,4,0.755044
64,3,1,2,4294967295,4,12.0357,14.4438,3,0.746639
64,3,1,3,4294967295,4,11.942,12.4941,3,0.767891
64,3,0,4,4294967295,4,10.9334,13.0559,2,0.733166
64,3,4,5,4294967295,4,10.2744,12.9713,3,0.711612
64,5,-1,0,1,2,13.2953,11.2066,1,0.434556
64,6,-1,0,2,3,-17.8747,10.2705,1,0.272023
64,7,-1,0,3,4,-5.20258,4.02666,1,0.516598
64,4,-1,0,0,1,-12.1986,-8.9563,1,0.608003
64,5,0,1,1,2,13.7738,11.993,4,0.428654
64,6,0,1,2,3,-18.8736,9.95695,4,0.226747
64,7,0,1,3,4,-4.90681,5.0373,4,0.633776
64,5,1,2,1,2,12.5404,11.4509,3,0.432205
64,6,1,2,2,3,-17.8654,9.15095,3,0.208183
64,7,1,2,3,4,-6.15847,4.80463,3,0.558923
64,5,1,3,1,2,14.2335,10.7751,3,0.430383
64,6,1,3,2,3,-18.2349,11.0842,3,0.218944
64,7,1,3,3,4,-4.15272,4.01778,3,0.56679
64,6,0,4,2,3,-16.6962,10.8831,0,0.316057
64,7,0,4,3,4,-5.49046,2.94215,2,0.482638
64,8,-1,0,5,2,13.1268,11.993,1,1.17882
64,6,4,5,2,3,-15.666,11.7903,0,0.358496
64,7,4,5,3,4,-5.79373,2.23156,3,0.466877
64,6,5,6,2,3,-14.6107,12.5538,0,0.401831
64,9,-1,0,7,4,-4.32497,-3.29516,1,0.478307
64,6,6,7,2,3,-13.3355,12.3676,0,0.449208
64,6,7,8,2,3,-12.0664,12.5556,0,0.489738
64,11,-1,0,6,3,-15.9873,10.3482,1,0.534744
64,12,-1,0,3,4,11.1623,13.8606,1,0.29875
64,11,0,1,6,3,-16.3937,9.39208,4,0.465387
64,9,0,1,7,4,-3.63228,-4.07701,4,0.537013
64,11,1,2,6,3,-15.2036,9.9522,3,0.451176
64,11,1,3,6,3,-17.1621,10.4227,3,0.443701
64,11,0,4,6,3,-15.108,11.1936,0,0.615818
64,4,0,1,0,1,-12.2779,-9.79601,8,1.79772
64,11,4,5,6,3,-13.7736,10.9879,0,0.695826
64,11,5,6,6,3,-12.494,10.7726,0,0.753156
64,11,6,7,6,3,-11.5614,9.86326,0,0.776532
64,9,1,2,7,4,-3.50819,-2.81947,3,0.511059
64,12,0,1,3,4,12.1825,13.8502,4,0.275214
64,11,7,8,6,3,-10.3918,9.30613,0,0.781705
64,14,-1,0,11,3,-15.9444,11.2271,1,0.351323
64,14,0,1,11,3,-15.0692,11.907,4,0.36696
64,14,1,2,11,3,-16.3998,11.9856,3,0.349805
64,14,1,3,11,3,-14.5579,10.722,3,0.419794
64,12,1,2,3,4,11.235,14.7393,3,0.356687
64,14,0,4,11,3,-17.2423,11.2051,0,0.348511
64,15,-1,0,6,3,-17.3165,9.68771,1,0.1336
64,12,1,3,3,4,11.3735,12.8424,3,0.237902
64,4,0,2,0,1,-11.4258,-8.63616,8,1.94854
64,12,0,4,3,4,10.1489,13.7989,2,0.339596
64,8,0,1,5,2,13.5319,12.8197,4,1.19932
64,12,4,5,3,4,9.4687,13.859,3,0.375217
64,9,1,3,7,4,-4.88986,-3.96025,3,0.66619
64,8,1,2,5,2,12.426,12.1173,3,1.19971
64,9,0,4,7,4,-5.09233,-2.56303,2,0.43817
64,14,4,5,11,3,-18.4194,11.8577,0,0.349216
64,9,4,5,7,4,-5.8364,-1.61843,3,0.418265
64,17,-1,0,3,4,7.5743,14.3534,1,0.364529
64,18,-1,0,9,4,-4.1929,-2.49893,1,0.359067
64,17,0,1,3,4,7.60944,13.3501,4,0.345859
64,17,1,2,3,4,8.33204,14.4158,3,0.35201
64,19,-1,0,2,3,12.4177,15.6623,1,1.17681
64,17,1,3,3,4,6.79301,14.2985,3,0.331266
64,17,0,4,3,4,7.67823,15.3685,2,0.374886
64,19,0,1,2,3,12.7816,14.7402,4,1.19929
64,17,4,5,3,4,8.15335,16.3823,3,0.377709
64,20,-1,0,7,4,-5.70196,3.49543,1,0.503791
64,20,0,1,7,4,-6.1635,2.6423,4,0.498717
64,20,1,2,7,4,-4.83703,2.94087,3,0.497951
65,0,-1,0,4294967295,1,-12.8512,-8.49361,1,0.309189
65,0,0,1,4294967295,1,-12.1129,-8.08574,8,0.907739
65,0,0,2,4294967295,1,-13.5512,-8.03579,8,0.907738
65,0,0,3,4294967295,1,-12.9851,-9.31276,8,0.9848
65,1,-1,0,4294967295,2,13.2083,-1.43798,1,0.170567
65,1,0,1,4294967295,2,12.9266,-2.31553,4,0.203054
65,1,1,2,4294967295,2,14.0119,-1.5839,3,0.231858
65,1,1,3,4294967295,2,12.2373,-1.19784,3,0.26273
65,2,-1,0,4294967295,3,12.8133,15.9696,1,0.507931
65,2,0,1,4294967295,3,13.574,15.2722,4,0.637324
65,2,1,2,4294967295,3,13.5777,16.5876,3,0.569232
65,2,1,3,4294967295,3,12.2799,14.979,3,0.630597
65,2,0,4,4294967295,3,11.831,16.7575,0,0.407525
65,2,4,5,4294967295,3,10.6606,17.4701,0,0.351896
65,2,5,6,4294967295,3,9.33281,17.3907,0,0.318971
65,2,6,7,4294967295,3,8.02637,17.5983,0,0.298995
65,2,7,8,4294967295,3,6.79111,17.1116,0,0.289273
65,3,-1,0,4294967295,4,12.3929,13.4922,1,0.761377
65,3,0,1,4294967295,4,13.4337,13.9453,4,0.791042
65,3,1,2,4294967295,4,12.2371,14.356,3,0.866324
65,3,1,3,4294967295,4,12.9292,12.8873,3,0.777131
65,3,0,4,4294967295,4,11.3523,13.0022,2,0.732631
65,3,4,5,4294967295,4,10.0323,12.5546,3,0.713253
65,5,-1,0,1,2,13.8615,11.4846,1,0.40716
65,6,-1,0,2,3,-17.8519,10.3422,1,0.254781
65,7,-1,0,3,4,-5.04972,4.31402,1,0.527546
65,4,-1,0,0,1,-12.1989,-8.95679,1,0.641251
65,5,0,1,1,2,14.2859,12.2626,4,0.399212
65,6,0,1,2,3,-18.8378,10.0127,4,0.210845
65,7,0,1,3,4,-4.3733,5.09791,4,0.550412
65,5,1,2,1,2,13.1524,11.552,3,0.394668
65,6,1,2,2,3,-17.8186,9.21849,3,0.193127
65,7,1,2,3,4,-5.62744,5.11944,3,0.545147
65,5,1,3,1,2,14.5193,10.9707,3,0.405226
65,6,1,3,2,3,-18.1929,11.1421,3,0.204271
65,7,1,3,3,4,-4.31503,3.80242,3,0.568925
65,6,0,4,2,3,-16.727,11.0392,0,0.298585
65,7,0,4,3,4,-5.51406,3.41109,2,0.495459
65,8,-1,0,5,2,13.4983,12.2199,1,1.18729
65,6,4,5,2,3,-15.761,12.0016,0,0.341161
65,7,4,5,3,4,-6.35675,2.66989,3,0.474383
65,6,5,6,2,3,-14.7311,12.787,0,0.38065
65,9,-1,0,7,4,-4.32934,-3.6511,1,0.502078
65,6,6,7,2,3,-13.4605,12.5916,0,0.412882
65,6,7,8,2,3,-12.1954,12.7794,0,0.431575
65,11,-1,0,6,3,-16.0658,10.54,1,0.537387
65,12,-1,0,3,4,11.7842,13.7394,1,0.289283
65,11,0,1,6,3,-16.4648,9.57061,4,0.470795
65,9,0,1,7,4,-3.57097,-4.31821,4,0.556888
65,11,1,2,6,3,-15.2799,10.1313,3,0.457006
65,11,1,3,6,3,-17.2102,10.602,3,0.450998
65,11,0,4,6,3,-15.2034,11.4057,0,0.617474
65,4,0,1,0,1,-12.2776,-9.79655,8,2.00068
65,11,4,5,6,3,-13.8705,11.2218,0,0.704075
65,11,5,6,6,3,-12.5981,11.0107,0,0.770511
65,11,6,7,6,3,-11.6884,10.089,0,0.785127
65,9,1,2,7,4,-3.5302,-3.02969,3,0.545725
65,12,0,1,3,4,12.738,13.9628,4,0.263087
65,11,7,8,6,3,-10.5241,9.54046,0,0.779354
65,14,-1,0,11,3,-16.0266,11.4256,1,0.335184
65,14,0,1,11,3,-15.167,12.1223,4,0.327845
65,14,1,2,11,3,-16.5006,12.1657,3,0.336764
65,14,1,3,11,3,-14.6439,10.9425,3,0.314155
65,12,1,2,3,4,11.5341,14.464,3,0.263814
65,14,0,4,11,3,-17.3252,11.3525,0,0.335658
65,15,-1,0,6,3,-17.2708,9.7805,1,0.1176
65,12,1,3,3,4,12.0712,12.8388,3,0.248669
65,4,0,2,0,1,-11.4264,-8.63607,8,1.90433
65,12,0,4,3,4,10.8206,13.6918,2,0.309681
65,8,0,1,5,2,13.6381,13.1172,4,1.1953
65,12,4,5,3,4,9.68651,14.1242,3,0.319695
65,9,1,3,7,4,-4.81997,-4.53076,3,0.628434
65,8,1,2,5,2,12.6766,12.1971,3,1.19943
65,9,0,4,7,4,-5.0731,-2.98806,2,0.457376
65,14,4,5,11,3,-18.5953,11.8279,0,0.334849
65,9,4,5,7,4,-5.42231,-2.41042,3,0.429384
65,17,-1,0,3,4,7.75105,14.0384,1,0.360539
65,18,-1,0,9,4,-4.342,-2.83443,1,0.343067
65,17,0,1,3,4,7.7548,12.9729,4,0.369618
65,17,1,2,3,4,8.6727,13.8281,3,0.416056
65,19,-1,0,2,3,12.8095,15.2119,1,1.18715
65,17,1,3,3,4,6.80913,13.7857,3,0.336945
65,17,0,4,3,4,7.73044,15.1209,2,0.353573
65,19,0,1,2,3,13.3759,14.4547,4,1.19943
65,17,4,5,3,4,7.91424,16.3718,3,0.347761
65,20,-1,0,7,4,-5.85273,3.946,1,0.4713
65,20,0,1,7,4,-6.75869,3.36077,4,0.458336
65,20,1,2,7,4,-5.73803,2.51012,3,0.449881
66,0,-1,0,4294967295,1,-12.8511,-8.49345,1,0.302826
66,0,0,1,4294967295,1,-12.1129,-8.08545,8,0.899162
66,0,0,2,4294967295,1,-13.5512,-8.03576,8,0.899162
66,0,0,3,4294967295,1,-12.9848,-9.31261,8,0.944316
66,1,-1,0,4294967295,2,13.1668,-1.88262,1,0.195825
66,1,0,1,4294967295,2,12.6815,-2.66281,4,0.215178
66,1,1,2,4294967295,2,13.9139,-2.20149,3,0.253886
66,1,1,3,4294967295,2,12.2945,-1.41108,3,0.211087
66,2,-1,0,4294967295,3,13.2016,15.8623,1,0.475577
66,2,0,1,4294967295,3,14.1562,15.5581,4,0.517248
66,2,1,2,4294967295,3,13.4187,16.6666,3,0.542522
66,2,1,3,4294967295,3,13.0351,14.8697,3,0.521094
66,2,0,4,4294967295,3,12.0928,16.4326,0,0.419916
66,2,4,5,4294967295,3,11.0552,17.1958,0,0.36738
66,2,5,6,4294967295,3,9.79074,17.2691,0,0.327569
66,2,6,7,4294967295,3,8.6088,17.7808,0,0.30237
66,2,7,8,4294967295,3,7.30418,17.7746,0,0.290417
66,3,-1,0,4294967295,4,12.8922,13.3958,1,0.799711
66,3,0,1,4294967295,4,13.8734,13.8233,4,0.865043
66,3,1,2,4294967295,4,12.6785,14.2342,3,0.836554
66,3,1,3,4294967295,4,13.3187,12.7356,3,0.837947
66,3,0,4,4294967295,4,11.893,13.0115,2,0.751165
66,3,4,5,4294967295,4,10.971,12.9605,3,0.726181
66,5,-1,0,1,2,14.2393,11.5953,1,0.398763
66,6,-1,0,2,3,-17.8977,10.4313,1,0.237977
66,7,-1,0,3,4,-4.96547,4.24034,1,0.503031
66,4,-1,0,0,1,-12.1992,-8.95711,1,0.671505
66,5,0,1,1,2,14.7127,12.3872,4,0.397565
66,6,0,1,2,3,-18.8649,10.0668,4,0.195708
66,7,0,1,3,4,-4.0597,4.83194,4,0.501649
66,5,1,2,1,2,13.492,11.8615,3,0.380392
66,6,1,2,2,3,-17.7946,9.33713,3,0.178996
66,7,1,2,3,4,-5.23412,5.30706,3,0.508766
66,5,1,3,1,2,15.0458,11.1236,3,0.422669
66,6,1,3,2,3,-18.2048,11.1904,3,0.189726
66,7,1,3,3,4,-4.28796,3.61976,3,0.499674
66,6,0,4,2,3,-16.7902,11.1654,0,0.280349
66,7,0,4,3,4,-5.84919,3.58749,2,0.514233
66,8,-1,0,5,2,13.965,12.3217,1,1.16702
66,6,4,5,2,3,-15.8488,12.1749,0,0.324286
66,7,4,5,3,4,-7.03006,3.09611,3,0.555447
66,6,5,6,2,3,-14.8469,13.0079,0,0.37707
66,9,-1,0,7,4,-4.04288,-4.00614,1,0.376296
66,6,6,7,2,3,-13.563,12.8608,0,0.432782
66,6,7,8,2,3,-12.2931,13.0531,0,0.421769
66,11,-1,0,6,3,-16.1116,10.719,1,0.534709
66,12,-1,0,3,4,12.0555,13.8375,1,0.258874
66,11,0,1,6,3,-16.4886,9.7485,4,0.474555
66,9,0,1,7,4,-3.15082,-4.47319,4,0.437763
66,11,1,2,6,3,-15.3243,10.3475,3,0.462128
66,11,1,3,6,3,-17.2847,10.7551,3,0.456022
66,11,0,4,6,3,-15.2744,11.6055,0,0.59967
66,4,0,1,0,1,-12.2774,-9.79693,8,1.97701
66,11,4,5,6,3,-13.9505,11.4602,0,0.660667
66,11,5,6,6,3,-12.6859,11.2582,0,0.708703
66,11,6,7,6,3,-11.7854,10.3313,0,0.738884
66,9,1,2,7,4,-3.55311,-3.25045,3,0.473279
66,12,0,1,3,4,13.1543,13.9647,4,0.232344
66,11,7,8,6,3,-10.6218,9.78351,0,0.752375
66,14,-1,0,11,3,-16.095,11.602,1,0.332471
66,14,0,1,11,3,-15.2516,12.3201,4,0.341357
66,14,1,2,11,3,-16.5844,12.3641,3,0.403884
66,14,1,3,11,3,-14.7115,11.1477,3,0.297202
66,12,1,2,3,4,12.1793,14.7885,3,0.222164
66,14,0,4,11,3,-17.3809,11.4816,0,0.325917
66,15,-1,0,6,3,-17.2605,9.956,1,0.1016
66,12,1,3,3,4,12.5079,12.8648,3,0.224391
66,4,0,2,0,1,-11.4268,-8.63601,8,2.08975
66,12,0,4,3,4,10.9544,13.787,2,0.275007
66,8,0,1,5,2,14.0628,13.1631,4,1.15754
66,12,4,5,3,4,9.83384,13.9535,3,0.280692
66,9,1,3,7,4,-4.3465,-4.98586,3,0.470774
66,8,1,2,5,2,12.9934,12.3028,3,1.15179
66,9,0,4,7,4,-4.96952,-3.45779,2,0.369722
66,14,4,5,11,3,-18.6777,11.8191,0,0.322495
66,9,4,5,7,4,-5.82126,-2.47558,3,0.38248
66,17,-1,0,3,4,7.85372,13.6898,1,0.367173
66,18,-1,0,9,4,-4.30625,-3.37158,1,0.402029
66,17,0,1,3,4,7.94216,12.6721,4,0.34822
66,17,1,2,3,4,8.96875,13.4282,3,0.346988
66,19,-1,0,2,3,13.5804,15.1383,1,1.1921
66,17,1,3,3,4,6.89947,13.3939,3,0.332266
66,17,0,4,3,4,7.68836,14.6847,2,0.361001
66,19,0,1,2,3,14.4466,14.6647,4,1.1995
66,17,4,5,3,4,7.74004,15.3391,3,0.34583
66,20,-1,0,7,4,-5.77376,4.20283,1,0.433831
66,20,0,1,7,4,-6.76368,4.40673,4,0.421078
66,20,1,2,7,4,-6.32827,3.1718,3,0.414339
66,18,0,1,9,4,-4.0079,-4.40788,4,0.409038
67,0,-1,0,4294967295,1,-12.851,-8.49333,1,0.296427
67,0,0,1,4294967295,1,-12.1129,-8.08524,8,0.886194
67,0,0,2,4294967295,1,-13.5512,-8.03573,8,0.886194
67,0,0,3,4294967295,1,-12.9847,-9.31251,8,0.912652
67,1,-1,0,4294967295,2,13.0711,-2.28455,1,0.218861
67,1,0,1,4294967295,2,12.5333,-3.0325,4,0.216692
67,1,1,2,4294967295,2,13.7952,-2.65687,3,0.230455
67,1,1,3,4294967295,2,12.2228,-1.76868,3,0.208614
67,2,-1,0,4294967295,3,13.7992,15.9258,1,0.455167
67,2,0,1,4294967295,3,14.8511,16.0693,4,0.499156
67,2,1,2,4294967295,3,13.7759,16.7841,3,0.492069
67,2,1,3,4294967295,3,14.2984,14.9048,3,0.5399
67,2,0,4,4294967295,3,12.5026,16.0226,0,0.408149
67,2,4,5,4294967295,3,11.2956,16.7888,0,0.365683
67,2,5,6,4294967295,3,10.011,17.1623,0,0.331008
67,2,6,7,4294967295,3,8.99652,17.9816,0,0.306714
67,2,7,8,4294967295,3,7.73991,18.2413,0,0.294309
67,3,-1,0,4294967295,4,13.2898,13.7082,1,0.55158
67,3,0,1,4294967295,4,14.2472,14.1064,4,0.688979
67,3,1,2,4294967295,4,13.0495,14.7058,3,0.74638
67,3,1,3,4294967295,4,13.6977,13.0031,3,0.768655
67,3,0,4,4294967295,4,12.3569,13.2895,2,0.631539
67,3,4,5,4294967295,4,11.5832,13.104,3,0.691879
67,5,-1,0,1,2,14.6621,11.5557,1,0.373021
67,6,-1,0,2,3,-17.9326,10.5263,1,0.228398
67,7,-1,0,3,4,-5.15257,4.21586,1,0.503342
67,4,-1,0,0,1,-12.1993,-8.95735,1,0.700096
67,5,0,1,1,2,15.0419,12.3498,4,0.364179
67,6,0,1,2,3,-18.8937,10.1349,4,0.182335
67,7,0,1,3,4,-4.21425,4.75745,4,0.498105
67,5,1,2,1,2,13.9081,11.6365,3,0.349668
67,6,1,2,2,3,-17.7991,9.44888,3,0.165225
67,7,1,2,3,4,-5.42177,5.04141,3,0.498989
67,5,1,3,1,2,15.5595,11.1302,3,0.377795
67,6,1,3,2,3,-18.2965,11.2918,3,0.175557
67,7,1,3,3,4,-4.05092,3.50991,3,0.49972
67,6,0,4,2,3,-16.8508,11.2942,0,0.279426
67,7,0,4,3,4,-6.03144,3.67765,2,0.506904
67,8,-1,0,5,2,14.2636,12.2972,1,1.13052
67,6,4,5,2,3,-15.9356,12.3376,0,0.332902
67,7,4,5,3,4,-6.67845,3.45625,3,0.506671
67,6,5,6,2,3,-14.9581,13.2068,0,0.377607
67,9,-1,0,7,4,-3.97169,-4.25793,1,0.390983
67,6,6,7,2,3,-13.6674,13.1233,0,0.401141
67,6,7,8,2,3,-12.4067,13.3771,0,0.408425
67,11,-1,0,6,3,-16.1347,10.8748,1,0.522641
67,12,-1,0,3,4,12.4295,14.0489,1,0.258723
67,11,0,1,6,3,-16.4377,9.87754,4,0.469311
67,9,0,1,7,4,-2.90758,-4.62609,4,0.422299
67,11,1,2,6,3,-15.3241,10.5745,3,0.461725
67,11,1,3,6,3,-17.3066,10.8133,3,0.44744
67,11,0,4,6,3,-15.3408,11.7997,0,0.577183
67,4,0,1,0,1,-12.2773,-9.79718,8,2.00293
67,11,4,5,6,3,-14.0079,11.6919,0,0.627687
67,11,5,6,6,3,-12.7364,11.5124,0,0.669231
67,11,6,7,6,3,-11.8384,10.584,0,0.698261
67,9,1,2,7,4,-3.22255,-3.42033,3,0.476802
67,12,0,1,3,4,13.3747,14.2069,4,0.209126
67,11,7,8,6,3,-10.6829,10.025,0,0.713028
67,14,-1,0,11,3,-16.1692,11.758,1,0.30945
67,14,0,1,11,3,-15.3439,12.5099,4,0.306758
67,14,1,2,11,3,-16.6724,12.537,3,0.325237
67,14,1,3,11,3,-14.7608,11.3591,3,0.379689
67,12,1,2,3,4,12.5193,15.1785,3,0.191802
67,14,0,4,11,3,-17.4574,11.5766,0,0.310941
67,15,-1,0,6,3,-17.2787,10.0412,1,0.0855999
67,12,1,3,3,4,12.9251,13.0168,3,0.197472
67,4,0,2,0,1,-11.4271,-8.636,8,2.22724
67,12,0,4,3,4,11.4817,13.837,2,0.315073
67,8,0,1,5,2,14.4875,13.1908,4,1.11613
67,12,4,5,3,4,10.7786,13.8205,3,0.362503
67,9,1,3,7,4,-3.82527,-5.48128,3,0.414295
67,8,1,2,5,2,13.4241,12.3972,3,1.10537
67,9,0,4,7,4,-4.94061,-3.79469,2,0.371565
67,14,4,5,11,3,-18.7788,11.9143,0,0.31035
67,9,4,5,7,4,-5.78975,-3.13691,3,0.361348
67,17,-1,0,3,4,7.97936,12.9024,1,0.325745
67,18,-1,0,9,4,-4.02039,-3.53088,1,0.378073
67,17,0,1,3,4,8.09184,11.9082,4,0.308796
67,17,1,2,3,4,8.74954,12.9792,3,0.299707
67,19,-1,0,2,3,14.4641,15.4798,1,1.19021
67,17,1,3,3,4,7.23701,12.8713,3,0.308863
67,17,0,4,3,4,7.73446,13.8978,2,0.332024
67,19,0,1,2,3,15.2094,14.8044,4,1.19947
67,17,4,5,3,4,7.7047,15.1542,3,0.330582
67,20,-1,0,7,4,-5.93192,4.67464,1,0.395464
67,20,0,1,7,4,-6.52275,5.6302,4,0.380698
67,20,1,2,7,4,-6.66253,4.43114,3,0.369365
67,18,0,1,9,4,-3.62782,-4.53576,4,0.368993
67,21,-1,0,3,4,13.7376,14.4161,1,0.513867
68,0,-1,0,4294967295,1,-12.851,-8.49327,1,0.290027
68,0,0,1,4294967295,1,-12.1129,-8.08513,8,0.870646
68,0,0,2,4294967295,1,-13.5512,-8.03572,8,0.870645
68,0,0,3,4294967295,1,-12.9846,-9.31247,8,0.886148
68,1,-1,0,4294967295,2,12.9103,-2.67212,1,0.236676
68,1,0,1,4294967295,2,12.4684,-3.48184,4,0.269216
68,1,1,2,4294967295,2,13.6686,-2.97318,3,0.377245
68,1,1,3,4294967295,2,12.0071,-2.25268,3,0.232046
68,2,-1,0,4294967295,3,14.4939,16.2463,1,0.446664
68,2,0,1,4294967295,3,15.5142,16.5098,4,0.486874
68,2,1,2,4294967295,3,14.4539,17.2545,3,0.4665
68,2,1,3,4294967295,3,15.195,15.189,3,0.525815
68,2,0,4,4294967295,3,13.1855,16.0871,0,0.400292
68,2,4,5,4294967295,3,11.7498,16.4582,0,0.361098
68,2,5,6,4294967295,3,10.4022,16.8995,0,0.330236
68,2,6,7,4294967295,3,9.43895,17.9054,0,0.308541
68,2,7,8,4294967295,3,8.21772,18.513,0,0.2973
68,3,-1,0,4294967295,4,13.8131,14.0613,1,0.311613
68,3,0,1,4294967295,4,14.8717,14.328,4,0.573108
68,3,1,2,4294967295,4,14.0872,15.3729,3,0.640988
68,3,1,3,4294967295,4,14.2038,13.2735,3,0.667837
68,3,0,4,4294967295,4,12.788,13.5848,2,0.537402
68,3,4,5,4294967295,4,11.5109,13.0674,3,0.61466
68,5,-1,0,1,2,14.9817,11.6204,1,0.340797
68,6,-1,0,2,3,-17.9416,10.6128,1,0.216375
68,7,-1,0,3,4,-5.16528,4.70032,1,0.496643
68,4,-1,0,0,1,-12.1995,-8.95749,1,0.695052
68,5,0,1,1,2,15.4114,12.4266,4,0.330422
68,6,0,1,2,3,-18.8874,10.1952,4,0.170862
68,7,0,1,3,4,-4.33083,5.37098,4,0.513355
68,5,1,2,1,2,14.2038,11.8565,3,0.317241
68,6,1,2,2,3,-17.7986,9.49077,3,0.153771
68,7,1,2,3,4,-5.55436,5.46004,3,0.495186
68,5,1,3,1,2,15.8469,11.1932,3,0.34175
68,6,1,3,2,3,-18.3327,11.376,3,0.164299
68,7,1,3,3,4,-4.43418,4.12943,3,0.47138
68,6,0,4,2,3,-16.8908,11.4145,0,0.263685
68,7,0,4,3,4,-5.8706,3.92052,2,0.486508
68,8,-1,0,5,2,14.66,12.3668,1,1.09028
68,6,4,5,2,3,-16.0351,12.4887,0,0.311245
68,7,4,5,3,4,-6.87587,3.16428,3,0.483092
68,6,5,6,2,3,-15.0841,13.3886,0,0.357812
68,9,-1,0,7,4,-3.66887,-4.536,1,0.400028
68,6,6,7,2,3,-13.7879,13.3775,0,0.400195
68,6,7,8,2,3,-12.5473,13.7256,0,0.428318
68,11,-1,0,6,3,-16.1586,11.0085,1,0.506901
68,12,-1,0,3,4,12.9793,14.26,1,0.248547
68,11,0,1,6,3,-16.4068,9.9895,4,0.458801
68,9,0,1,7,4,-2.71107,-4.98469,4,0.41188
68,11,1,2,6,3,-15.3427,10.7538,3,0.454566
68,11,1,3,6,3,-17.3067,10.8848,3,0.436428
68,11,0,4,6,3,-15.4124,11.9765,0,0.554776
68,4,0,1,0,1,-12.2772,-9.79734,8,2.02789
68,11,4,5,6,3,-14.0692,11.9187,0,0.598656
68,11,5,6,6,3,-12.7891,11.7631,0,0.635017
68,11,6,7,6,3,-11.8719,10.8454,0,0.660917
68,9,1,2,7,4,-2.8482,-3.70383,3,0.406114
68,12,0,1,3,4,13.9433,14.5804,4,0.221093
68,11,7,8,6,3,-10.7152,10.2765,0,0.674357
68,14,-1,0,11,3,-16.2299,11.8922,1,0.294189
68,14,0,1,11,3,-15.4566,12.6904,4,0.287081
68,14,1,2,11,3,-16.787,12.6406,3,0.297796
68,14,1,3,11,3,-14.8122,11.5735,3,0.272185
68,12,1,2,3,4,12.8213,15.0724,3,0.229373
68,14,0,4,11,3,-17.5024,11.6498,0,0.295226
68,15,-1,0,6,3,-17.3129,10.1016,1,0.0695999
68,12,1,3,3,4,13.4414,13.3874,3,0.203023
68,4,0,2,0,1,-11.4273,-8.63593,8,2.15933
68,12,0,4,3,4,11.9665,13.9397,2,0.276431
68,8,0,1,5,2,14.9869,13.2173,4,1.07521
68,12,4,5,3,4,10.6169,13.8732,3,0.291657
68,9,1,3,7,4,-3.94854,-5.33609,3,0.436108
68,8,1,2,5,2,13.8353,12.5768,3,1.06444
68,9,0,4,7,4,-4.64409,-4.31722,2,0.403498
68,14,4,5,11,3,-18.8041,12.0086,0,0.295006
68,9,4,5,7,4,-5.31668,-4.00798,3,0.429103
68,17,-1,0,3,4,8.0052,12.4016,1,0.311402
68,18,-1,0,9,4,-3.76404,-3.69814,1,0.346387
68,17,0,1,3,4,8.06351,11.3454,4,0.346778
68,17,1,2,3,4,9.02919,12.149,3,0.337582
68,19,-1,0,2,3,15.2352,15.8827,1,1.18563
68,17,1,3,3,4,7.11881,12.1812,3,0.475351
68,17,0,4,3,4,7.83373,13.4594,2,0.305446
68,19,0,1,2,3,15.989,15.1485,4,1.18247
68,17,4,5,3,4,7.84289,14.5707,3,0.303281
68,20,-1,0,7,4,-6.00582,4.89726,1,0.394129
68,20,0,1,7,4,-5.59946,5.89665,4,0.379913
68,20,1,2,7,4,-6.90706,5.86228,3,0.366675
68,18,0,1,9,4,-3.03952,-4.36844,4,0.336679
68,21,-1,0,3,4,14.44,14.6677,1,0.501418
68,21,0,1,3,4,14.9672,15.4894,4,0.507649
69,0,-1,0,4294967295,1,-12.8509,-8.49322,1,0.293069
69,0,0,1,4294967295,1,-12.1129,-8.08501,8,0.856059
69,0,0,2,4294967295,1,-13.5512,-8.03571,8,0.856059
69,0,0,3,4294967295,1,-12.9845,-9.31242,8,0.968279
69,1,-1,0,4294967295,2,12.758,-3.13694,1,0.284169
69,1,0,1,4294967295,2,12.1986,-3.86787,4,0.370901
69,1,1,2,4294967295,2,13.4698,-3.53927,3,0.459377
69,1,1,3,4294967295,2,11.9156,-2.58539,3,0.477432
69,2,-1,0,4294967295,3,15.1529,16.5908,1,0.296319
69,2,0,1,4294967295,3,16.1812,16.843,4,0.376973
69,2,1,2,4294967295,3,15.1872,17.63,3,0.414192
69,2,1,3,4294967295,3,16.0532,15.538,3,0.417661
69,2,0,4,4294967295,3,13.8743,16.3692,0,0.30242
69,2,4,5,4294967295,3,12.4482,16.6278,0,0.321354
69,2,5,6,4294967295,3,11.0614,16.7241,0,0.318733
69,2,6,7,4294967295,3,10.029,17.5966,0,0.306616
69,2,7,8,4294967295,3,8.93933,18.361,0,0.298053
69,3,-1,0,4294967295,4,14.4267,14.11,1,0.555028
69,3,0,1,4294967295,4,15.5087,14.2262,4,0.624252
69,3,1,2,4294967295,4,14.5957,15.1163,3,0.588852
69,3,1,3,4294967295,4,14.682,13.338,3,0.616471
69,3,0,4,4294967295,4,13.3305,13.8048,2,0.527721
69,3,4,5,4294967295,4,12.5256,13.6412,3,0.526684
69,5,-1,0,1,2,15.1902,11.845,1,0.311635
69,6,-1,0,2,3,-17.9568,10.6819,1,0.202661
69,7,-1,0,3,4,-5.38716,5.32747,1,0.392037
69,4,-1,0,0,1,-12.1995,-8.9576,1,0.725331
69,5,0,1,1,2,15.7678,12.5333,4,0.319887
69,6,0,1,2,3,-18.8981,10.2511,4,0.159642
69,7,0,1,3,4,-4.45481,5.88296,4,0.468381
69,5,1,2,1,2,14.477,12.1727,3,0.291077
69,6,1,2,2,3,-17.7905,9.56986,3,0.145761
69,7,1,2,3,4,-5.68904,5.79444,3,0.503335
69,5,1,3,1,2,15.9899,11.2339,3,0.398776
69,6,1,3,2,3,-18.3385,11.4293,3,0.153481
69,7,1,3,3,4,-4.6062,4.64148,3,0.508795
69,6,0,4,2,3,-16.9213,11.5028,0,0.247735
69,7,0,4,3,4,-5.9429,4.37888,2,0.391633
69,8,-1,0,5,2,14.9986,12.6351,1,1.05027
69,6,4,5,2,3,-16.1149,12.6178,0,0.295022
69,7,4,5,3,4,-6.6244,3.50564,3,0.415231
69,6,5,6,2,3,-15.2225,13.5747,0,0.35334
69,9,-1,0,7,4,-3.24058,-4.85032,1,0.387907
69,6,6,7,2,3,-13.929,13.6401,0,0.426005
69,6,7,8,2,3,-12.7175,14.0715,0,0.405288
69,11,-1,0,6,3,-16.1635,11.1296,1,0.489233
69,12,-1,0,3,4,13.0917,14.6122,1,0.22293
69,11,0,1,6,3,-16.3563,10.1003,4,0.444843
69,9,0,1,7,4,-2.39157,-5.3639,4,0.378212
69,11,1,2,6,3,-15.3306,10.9171,3,0.442969
69,11,1,3,6,3,-17.3014,10.947,3,0.421827
69,11,0,4,6,3,-15.4696,12.1344,0,0.532299
69,4,0,1,0,1,-12.2771,-9.79746,8,2.09319
69,11,4,5,6,3,-14.1269,12.1332,0,0.571228
69,11,5,6,6,3,-12.8456,12.0091,0,0.603325
69,11,6,7,6,3,-11.911,11.1096,0,0.626197
69,9,1,2,7,4,-2.18355,-4.07535,3,0.363503
69,12,0,1,3,4,13.9986,14.9558,4,0.196644
69,11,7,8,6,3,-10.7457,10.5581,0,0.638093
69,14,-1,0,11,3,-16.2822,12.0068,1,0.264617
69,14,0,1,11,3,-15.5495,12.8426,4,0.246441
69,14,1,2,11,3,-16.8733,12.6904,3,0.26049
69,14,1,3,11,3,-14.8535,11.7562,3,0.219001
69,12,1,2,3,4,12.8528,15.5129,3,0.182443
69,14,0,4,11,3,-17.5428,11.7006,0,0.273433
69,15,-1,0,6,3,-17.3158,10.1842,1,0.0535999
69,12,1,3,3,4,13.8098,13.6816,3,0.197429
69,4,0,2,0,1,-11.4274,-8.63593,8,2.25574
69,12,0,4,3,4,12.1603,14.2727,2,0.241215
69,8,0,1,5,2,15.5468,13.342,4,1.03597
69,12,4,5,3,4,11.2856,13.9925,3,0.249334
69,9,1,3,7,4,-3.711,-5.35373,3,0.391576
69,8,1,2,5,2,14.2501,12.9771,3,1.02707
69,9,0,4,7,4,-4.23281,-4.60609,2,0.392431
69,14,4,5,11,3,-18.848,12.0352,0,0.276718
69,9,4,5,7,4,-5.47991,-4.13019,3,0.391573
69,17,-1,0,3,4,7.99338,11.8608,1,0.322328
69,18,-1,0,9,4,-3.56889,-4.15427,1,0.314399
69,17,0,1,3,4,7.89151,10.8598,4,0.466772
69,17,1,2,3,4,9.004,11.4889,3,0.392096
69,19,-1,0,2,3,15.8325,16.153,1,1.1003
69,17,1,3,3,4,7.06739,11.8328,3,0.35761
69,17,0,4,3,4,7.98798,12.8585,2,0.300437
69,19,0,1,2,3,16.8562,15.8511,4,1.023
69,17,4,5,3,4,8.13815,13.5349,3,0.286758
69,20,-1,0,7,4,-5.72903,6.26038,1,0.47152
69,20,0,1,7,4,-4.8038,6.17905,4,0.531129
69,20,1,2,7,4,-5.86419,6.55863,3,0.461597
69,18,0,1,9,4,-2.68122,-4.67101,4,0.304667
69,21,-1,0,3,4,14.951,14.7256,1,0.477088
69,21,0,1,3,4,15.058,15.7496,4,0.467978
69,20,1,3,7,4,-6.15951,6.41883,3,0.660557
69,19,1,2,2,3,16.8522,17.2011,3,0.931867
70,0,-1,0,4294967295,1,-12.8509,-8.4932,1,0.297536
70,0,0,1,4294967295,1,-12.1129,-8.08498,8,0.8531
70,0,0,2,4294967295,1,-13.5512,-8.03571,8,0.853099
70,0,0,3,4294967295,1,-12.9844,-9.31241,8,1.02573
70,1,-1,0,4294967295,2,12.5802,-3.5807,1,0.377544
70,1,0,1,4294967295,2,11.9135,-4.2156,4,0.494512
70,1,1,2,4294967295,2,13.223,-4.07715,3,0.437232
70,1,1,3,4294967295,2,11.8505,-2.91707,3,0.405207
70,2,-1,0,4294967295,3,15.8797,17.0248,1,0.317557
70,2,0,1,4294967295,3,16.844,17.4359,4,0.325488
70,2,1,2,4294967295,3,15.696,17.9529,3,0.328578
70,2,1,3,4294967295,3,16.64,16.1487,3,0.326164
70,2,0,4,4294967295,3,14.6207,16.7289,0,0.306551
70,2,4,5,4294967295,3,13.2093,16.8363,0,0.29992
70,2,5,6,4294967295,3,11.8789,16.7408,0,0.295962
70,2,6,7,4294967295,3,10.7713,17.4386,0,0.292456
70,2,7,8,4294967295,3,9.55181,17.901,0,0.289982
70,3,-1,0,4294967295,4,15.0254,14.4288,1,0.454529
70,3,0,1,4294967295,4,15.9975,14.5349,4,0.500257
70,3,1,2,4294967295,4,15.0572,15.4538,3,0.487123
70,3,1,3,4294967295,4,15.0821,13.6286,3,0.582256
70,3,0,4,4294967295,4,14.0568,14.2552,2,0.45465
70,3,4,5,4294967295,4,13.1021,14.1305,3,0.465886
70,5,-1,0,1,2,15.4005,11.9682,1,0.360506
70,6,-1,0,2,3,-17.9349,10.7376,1,0.191496
70,7,-1,0,3,4,-5.05691,5.76885,1,0.410646
70,4,-1,0,0,1,-12.1996,-8.9577,1,0.715729
70,5,0,1,1,2,16.0479,12.5857,4,0.326993
70,6,0,1,2,3,-18.8564,10.2716,4,0.14992
70,7,0,1,3,4,-4.1676,6.13949,4,0.422299
70,5,1,2,1,2,14.7421,12.2947,3,0.298965
70,6,1,2,2,3,-17.7218,9.63946,3,0.137578
70,7,1,2,3,4,-5.44469,6.1308,3,0.432362
70,5,1,3,1,2,16.0277,11.2729,3,0.333469
70,6,1,3,2,3,-18.3417,11.47,3,0.143786
70,7,1,3,3,4,-4.65369,4.9184,3,0.424822
70,6,0,4,2,3,-16.9404,11.5963,0,0.236373
70,7,0,4,3,4,-5.77827,5.0109,2,0.396853
70,8,-1,0,5,2,15.3162,12.7894,1,1.01131
70,6,4,5,2,3,-16.1907,12.7343,0,0.282331
70,7,4,5,3,4,-6.42185,4.70561,3,0.385944
70,6,5,6,2,3,-15.3684,13.7389,0,0.324907
70,9,-1,0,7,4,-3.14118,-5.13763,1,0.359624
70,6,6,7,2,3,-14.0869,13.9,0,0.357215
70,6,7,8,2,3,-12.9084,14.4136,0,0.373841
70,11,-1,0,6,3,-16.1548,11.2345,1,0.47494
70,12,-1,0,3,4,13.3689,14.6396,1,0.193099
70,11,0,1,6,3,-16.2847,10.1941,4,0.428856
70,9,0,1,7,4,-2.29002,-5.79931,4,0.344893
70,11,1,2,6,3,-15.3102,11.0708,3,0.428332
70,11,1,3,6,3,-17.2663,10.9894,3,0.401633
70,11,0,4,6,3,-15.5215,12.2769,0,0.522523
70,4,0,1,0,1,-12.2771,-9.79758,8,2.10764
70,11,4,5,6,3,-14.1838,12.3336,0,0.568976
70,11,5,6,6,3,-12.9012,12.2553,0,0.604398
70,11,6,7,6,3,-11.9484,11.3783,0,0.619508
70,9,1,2,7,4,-1.81079,-4.59378,3,0.327718
70,12,0,1,3,4,14.3667,14.9087,4,0.170505
70,11,7,8,6,3,-10.7715,10.8579,0,0.622417
70,14,-1,0,11,3,-16.3217,12.1061,1,0.232634
70,14,0,1,11,3,-15.6316,12.9761,4,0.20869
70,14,1,2,11,3,-16.947,12.7529,3,0.221989
70,14,1,3,11,3,-14.8903,11.9191,3,0.177929
70,12,1,2,3,4,13.3695,15.7129,3,0.156453
70,14,0,4,11,3,-17.5684,11.7374,0,0.24665
70,15,-1,0,6,3,-17.2762,10.2588,1,0.0375999
70,12,1,3,3,4,14.1434,13.6129,3,0.17546
70,4,0,2,0,1,-11.4275,-8.63593,8,2.20289
70,12,0,4,3,4,12.3573,14.3407,2,0.207203
70,8,0,1,5,2,15.825,13.555,4,0.997171
70,12,4,5,3,4,11.5192,14.3583,3,0.210643
70,9,1,3,7,4,-3.52584,-6.09855,3,0.35598
70,8,1,2,5,2,14.6028,13.0569,3,0.987485
70,9,0,4,7,4,-4.1093,-4.66645,2,0.366338
70,14,4,5,11,3,-18.9084,11.9982,0,0.252923
70,9,4,5,7,4,-4.87078,-4.14116,3,0.367039
70,17,-1,0,3,4,7.91331,11.0754,1,0.378786
70,18,-1,0,9,4,-3.10608,-4.32187,1,0.2824
70,17,0,1,3,4,7.8375,10.0727,4,0.429508
70,17,1,2,3,4,8.62348,11.0819,3,0.603034
70,19,-1,0,2,3,16.6543,16.817,1,1.01064
70,17,1,3,3,4,7.14609,11.1341,3,0.429819
70,17,0,4,3,4,8.05964,12.103,2,0.355649
70,19,0,1,2,3,17.4162,16.1695,4,0.98752
70,17,4,5,3,4,8.56527,13.3637,3,0.352989
70,20,-1,0,7,4,-5.76001,6.4616,1,0.491579
70,20,0,1,7,4,-4.73495,6.54108,4,0.492966
70,20,1,2,7,4,-5.14016,7.77377,3,0.489597
70,18,0,1,9,4,-2.34637,-4.94658,4,0.272667
70,21,-1,0,3,4,15.4086,15.0896,1,0.454977
70,21,0,1,3,4,15.9565,15.9308,4,0.446951
70,20,1,3,7,4,-4.97487,5.21131,3,0.503996
70,19,1,2,2,3,17.4271,17.4952,3,0.977
70,21,1,2,3,4,14.6761,16.0037,3,0.443596
71,0,-1,0,4294967295,1,-12.8509,-8.4932,1,0.294811
71,0,0,1,4294967295,1,-12.1129,-8.08498,8,0.856501
71,0,0,2,4294967295,1,-13.5512,-8.03571,8,0.856501
71,0,0,3,4294967295,1,-12.9844,-9.31241,8,0.957654
71,1,-1,0,4294967295,2,12.3336,-3.98147,1,0.448111
71,1,0,1,4294967295,2,11.759,-4.69769,4,0.483989
71,1,1,2,4294967295,2,13.0406,-4.39174,3,0.52809
71,1,1,3,4294967295,2,11.5042,-3.41193,3,0.492501
71,2,-1,0,4294967295,3,16.5729,17.6635,1,0.311353
71,2,0,1,4294967295,3,17.4482,18.1808,4,0.28691
71,2,1,2,4294967295,3,16.185,18.5327,3,0.2809
71,2,1,3,4294967295,3,17.3571,16.8629,3,0.272763
71,2,0,4,4294967295,3,15.3549,17.2378,0,0.319554
71,2,4,5,4294967295,3,13.9738,17.1494,0,0.310027
71,2,5,6,4294967295,3,12.6753,16.8718,0,0.294883
71,2,6,7,4294967295,3,11.4323,17.3359,0,0.283982
71,2,7,8,4294967295,3,10.1124,17.388,0,0.279068
71,3,-1,0,4294967295,4,15.5681,14.7886,1,0.459613
71,3,0,1,4294967295,4,16.5474,14.8793,4,0.467236
71,3,1,2,4294967295,4,15.4731,15.6157,3,0.454619
71,3,1,3,4294967295,4,15.5383,14.0694,3,0.493053
71,3,0,4,4294967295,4,14.5539,14.3399,2,0.449601
71,3,4,5,4294967295,4,13.2461,13.968,3,0.440267
71,5,-1,0,1,2,15.6631,12.0724,1,0.309948
71,6,-1,0,2,3,-17.8948,10.7463,1,0.178871
71,7,-1,0,3,4,-4.55577,6.05346,1,0.428667
71,4,-1,0,0,1,-12.1996,-8.95776,1,0.724747
71,5,0,1,1,2,16.4261,12.5508,4,0.29553
71,6,0,1,2,3,-18.7939,10.2339,4,0.13946
71,7,0,1,3,4,-3.5633,6.56003,4,0.497573
71,5,1,2,1,2,15.0876,12.6268,3,0.281157
71,6,1,2,2,3,-17.6412,9.63558,3,0.127624
71,7,1,2,3,4,-4.74311,6.67871,3,0.433376
71,5,1,3,1,2,16.1595,11.2667,3,0.304547
71,6,1,3,2,3,-18.3385,11.4548,3,0.13402
71,7,1,3,3,4,-3.41015,5.29857,3,0.615971
71,6,0,4,2,3,-16.9516,11.6568,0,0.21978
71,7,0,4,3,4,-5.53185,5.63095,2,0.39625
71,8,-1,0,5,2,15.6947,12.9004,1,1.01141
71,6,4,5,2,3,-16.2625,12.8338,0,0.259278
71,7,4,5,3,4,-6.8907,5.5049,3,0.381114
71,6,5,6,2,3,-15.5133,13.8894,0,0.293833
71,9,-1,0,7,4,-2.90285,-5.56277,1,0.363011
71,6,6,7,2,3,-14.2461,14.1473,0,0.319606
71,6,7,8,2,3,-13.1118,14.7516,0,0.333383
71,11,-1,0,6,3,-16.1222,11.3203,1,0.466036
71,12,-1,0,3,4,13.8132,14.8864,1,0.171459
71,11,0,1,6,3,-16.1617,10.2697,4,0.411304
71,9,0,1,7,4,-2.28398,-6.39293,4,0.432757
71,11,1,2,6,3,-15.272,11.231,3,0.411474
71,11,1,3,6,3,-17.1993,10.9854,3,0.376168
71,11,0,4,6,3,-15.5707,12.4056,0,0.52609
71,4,0,1,0,1,-12.2771,-9.79764,8,2.11758
71,11,4,5,6,3,-14.2451,12.5274,0,0.578735
71,11,5,6,6,3,-12.9598,12.4993,0,0.593187
71,11,6,7,6,3,-11.9785,11.6532,0,0.595917
71,9,1,2,7,4,-1.81654,-5.18995,3,0.333864
71,12,0,1,3,4,14.8138,14.8851,4,0.171844
71,11,7,8,6,3,-10.7872,11.1657,0,0.598146
71,14,-1,0,11,3,-16.3502,12.1823,1,0.20089
71,14,0,1,11,3,-15.7007,13.0876,4,0.184351
71,14,1,2,11,3,-17.0106,12.827,3,0.185997
71,14,1,3,11,3,-14.9283,12.0505,3,0.251751
71,12,1,2,3,4,13.8741,15.7132,3,0.140854
71,14,0,4,11,3,-17.5734,11.7296,0,0.217287
71,15,-1,0,6,3,-17.2416,10.2612,1,0.0215999
71,12,1,3,3,4,13.8299,14.0229,3,0.227141
71,4,0,2,0,1,-11.4276,-8.63593,8,2.25594
71,12,0,4,3,4,12.7908,14.7737,2,0.177496
71,8,0,1,5,2,16.3319,13.5642,4,0.998539
71,12,4,5,3,4,11.4331,14.6846,3,0.178065
71,9,1,3,7,4,-3.54857,-6.17794,3,0.362176
71,8,1,2,5,2,15.0218,13.4859,3,0.987473
71,9,0,4,7,4,-3.55753,-4.80545,2,0.343533
71,14,4,5,11,3,-18.9297,11.9441,0,0.225326
71,9,4,5,7,4,-3.94146,-4.04924,3,0.338293
71,17,-1,0,3,4,7.94855,10.6396,1,0.405878
71,18,-1,0,9,4,-2.86032,-4.73973,1,0.2504
71,17,0,1,3,4,7.79077,9.59285,4,0.466709
71,17,1,2,3,4,8.88694,10.2182,3,0.456849
71,19,-1,0,2,3,17.3828,17.4091,1,0.997239
71,17,1,3,3,4,6.86337,10.4474,3,0.432189
71,17,0,4,3,4,8.14315,11.6834,2,0.365384
71,19,0,1,2,3,17.8492,16.431,4,1.00036
71,17,4,5,3,4,8.54267,12.5427,3,0.347376
71,20,-1,0,7,4,-5.17942,6.64762,1,0.495416
71,20,0,1,7,4,-4.2829,7.14155,4,0.513467
71,20,1,2,7,4,-5.53773,7.63426,3,0.590178
71,18,0,1,9,4,-2.30516,-5.57035,4,0.240667
71,21,-1,0,3,4,16.1272,15.4587,1,0.42015
71,21,0,1,3,4,17.0015,16.0191,4,0.406429
71,20,1,3,7,4,-4.18167,5.77998,3,0.472965
71,19,1,2,2,3,18.276,17.6574,3,1.01757
71,21,1,2,3,4,15.8296,16.5199,3,0.396713
72,0,-1,0,4294967295,1,-12.8509,-8.4932,1,0.295132
72,0,0,1,4294967295,1,-12.1129,-8.08498,8,0.852103
72,0,0,2,4294967295,1,-13.5512,-8.03571,8,0.852103
72,0,0,3,4294967295,1,-12.9844,-9.31241,8,1.02213
72,1,-1,0,4294967295,2,12.072,-4.35403,1,0.484414
72,1,0,1,4294967295,2,11.6353,-5.17007,4,0.487149
72,1,1,2,4294967295,2,12.833,-4.66182,3,0.487054
72,1,1,3,4294967295,2,11.1693,-3.94541,3,0.491832
72,2,-1,0,4294967295,3,17.2116,18.2004,1,0.313344
72,2,0,1,4294967295,3,18.1299,18.5796,4,0.308658
72,2,1,2,4294967295,3,16.9008,19.0199,3,0.311549
72,2,1,3,4294967295,3,17.386,17.4606,3,0.304578
72,2,0,4,4294967295,3,16.0649,17.6609,0,0.305088
72,2,4,5,4294967295,3,14.672,17.5083,0,0.293355
72,2,5,6,4294967295,3,13.3794,17.0831,0,0.282816
72,2,6,7,4294967295,3,12.0427,17.2302,0,0.274945
72,2,7,8,4294967295,3,10.7522,16.9305,0,0.270701
72,3,-1,0,4294967295,4,15.9509,14.9166,1,0.434783
72,3,0,1,4294967295,4,16.9328,15.2163,4,0.430442
72,3,1,2,4294967295,4,15.7881,15.7916,3,0.417875
72,3,1,3,4294967295,4,16.4126,14.0836,3,0.445626
72,3,0,4,4294967295,4,15.0207,14.3635,2,0.43233
72,3,4,5,4294967295,4,14.3596,13.936,3,0.426124
72,5,-1,0,1,2,15.819,12.3736,1,0.274417
72,6,-1,0,2,3,-17.8399,10.7055,1,0.163805
72,7,-1,0,3,4,-3.9987,6.45117,1,0.478926
72,4,-1,0,0,1,-12.1996,-8.95776,1,0.719067
72,5,0,1,1,2,16.6892,12.6069,4,0.264227
72,6,0,1,2,3,-18.7271,10.164,4,0.127223
72,7,0,1,3,4,-3.08356,7.02993,4,0.539349
72,5,1,2,1,2,15.4275,13.0552,3,0.255166
72,6,1,2,2,3,-17.5731,9.56619,3,0.116318
72,7,1,2,3,4,-4.36395,7.3507,3,0.53455
72,5,1,3,1,2,16.2278,11.3703,3,0.273339
72,6,1,3,2,3,-18.3145,11.3979,3,0.122498
72,7,1,3,3,4,-3.27107,5.75344,3,0.553095
72,6,0,4,2,3,-16.9341,11.6473,0,0.200662
72,7,0,4,3,4,-5.0521,6.18319,2,0.421057
72,8,-1,0,5,2,16.1659,13.1369,1,0.97275
72,6,4,5,2,3,-16.3147,12.8679,0,0.235154
72,7,4,5,3,4,-6.0277,6.17618,3,0.391422
72,6,5,6,2,3,-15.6527,13.9786,0,0.264518
72,9,-1,0,7,4,-2.77216,-5.9443,1,0.337436
72,6,6,7,2,3,-14.4161,14.3666,0,0.285999
72,6,7,8,2,3,-13.3409,15.0777,0,0.297366
72,11,-1,0,6,3,-16.056,11.3748,1,0.449931
72,12,-1,0,3,4,14.0149,15.2543,1,0.214447
72,11,0,1,6,3,-15.9804,10.3249,4,0.392527
72,9,0,1,7,4,-2.51172,-6.94792,4,0.331385
72,11,1,2,6,3,-15.2139,11.3796,3,0.394038
72,11,1,3,6,3,-17.0911,10.9138,3,0.351699
72,11,0,4,6,3,-15.6025,12.4987,0,0.5165
72,4,0,1,0,1,-12.2771,-9.79764,8,2.12507
72,11,4,5,6,3,-14.3004,12.6971,0,0.595705
72,11,5,6,6,3,-13.0203,12.7364,0,0.579528
72,11,6,7,6,3,-12.0068,11.9318,0,0.574644
72,9,1,2,7,4,-1.63699,-5.96584,3,0.31721
72,12,0,1,3,4,15.0742,15.3709,4,0.163061
72,11,7,8,6,3,-10.8001,11.4845,0,0.576846
72,14,-1,0,11,3,-16.3618,12.2165,1,0.18453
72,14,0,1,11,3,-15.7487,13.1545,4,0.16886
72,14,1,2,11,3,-17.0556,12.9036,3,0.168749
72,14,1,3,11,3,-14.9583,12.1295,3,0.16027
72,12,1,2,3,4,14.106,16.1604,3,0.137099
72,14,0,4,11,3,-17.5551,11.6861,0,0.19411
72,15,-1,0,6,3,-17.2025,10.2044,1,0.00559993
72,12,1,3,3,4,14.1982,14.5171,3,0.167832
72,4,0,2,0,1,-11.4276,-8.63593,8,2.20613
72,12,0,4,3,4,12.9641,15.0923,2,0.282012
72,8,0,1,5,2,16.9956,13.5567,4,0.958898
72,12,4,5,3,4,12.1412,15.1624,3,0.417718
72,9,1,3,7,4,-3.55339,-6.20649,3,0.345059
72,8,1,2,5,2,15.7098,13.8297,3,0.950983
72,9,0,4,7,4,-3.20933,-4.97863,2,0.333551
72,14,4,5,11,3,-18.9184,11.8658,0,0.199074
72,9,4,5,7,4,-3.57367,-3.65887,3,0.324884
72,17,-1,0,3,4,7.92649,9.96374,1,0.38131
72,18,-1,0,9,4,-2.18968,-5.39281,1,0.2184
72,17,0,1,3,4,7.64438,9.00421,4,0.39021
72,17,1,2,3,4,8.83438,9.45646,3,0.392902
72,19,-1,0,2,3,17.9912,17.9304,1,1.00348
72,17,1,3,3,4,7.05871,10.1453,3,0.395906
72,17,0,4,3,4,8.10255,10.9456,2,0.36353
72,19,0,1,2,3,18.154,16.9638,4,1.04415
72,17,4,5,3,4,8.42101,11.6773,3,0.347253
72,20,-1,0,7,4,-4.48531,6.9731,1,0.514691
72,20,0,1,7,4,-4.22703,7.99494,4,0.509236
72,20,1,2,7,4,-5.20566,7.14015,3,0.521657
72,18,0,1,9,4,-2.07431,-6.39797,4,0.208667
72,21,-1,0,3,4,16.4711,15.6057,1,0.380981
72,21,0,1,3,4,17.5159,15.4278,4,0.366962
72,20,1,3,7,4,-3.55036,6.92909,3,0.49123
72,19,1,2,2,3,18.8753,18.0713,3,1.00754
72,21,1,2,3,4,17.0838,16.6521,3,0.358988
73,0,-1,0,4294967295,1,-12.8509,-8.4932,1,0.294004
73,0,0,1,4294967295,1,-12.1129,-8.08498,8,0.854612
73,0,0,2,4294967295,1,-13.5512,-8.03571,8,0.854612
73,0,0,3,4294967295,1,-12.9844,-9.31241,8,0.954238
73,1,-1,0,4294967295,2,11.851,-4.84521,1,0.49067
73,1,0,1,4294967295,2,11.2847,-5.57278,4,0.484145
73,1,1,2,4294967295,2,12.5564,-5.26352,3,0.475997
73,1,1,3,4294967295,2,11.0035,-4.28919,3,0.492151
73,2,-1,0,4294967295,3,17.6371,18.6166,1,0.309911
73,2,0,1,4294967295,3,18.5787,18.9438,4,0.29104
73,2,1,2,4294967295,3,17.3905,19.5028,3,0.289874
73,2,1,3,4294967295,3,17.959,17.7558,3,0.27811
73,2,0,4,4294967295,3,16.4413,18.2006,0,0.305017
73,2,4,5,4294967295,3,15.1148,17.8979,0,0.28899
73,2,5,6,4294967295,3,13.9641,17.2657,0,0.274587
73,2,6,7,4294967295,3,12.6718,17.1718,0,0.265439
73,2,7,8,4294967295,3,11.4967,16.6096,0,0.261155
73,3,-1,0,4294967295,4,16.6788,15.0321,1,0.42096
73,3,0,1,4294967295,4,17.5382,15.6158,4,0.424448
73,3,1,2,4294967295,4,16.2849,15.9712,3,0.402343
73,3,1,3,4294967295,4,17.2017,14.3934,3,0.45652
73,3,0,4,4294967295,4,15.9205,14.3711,2,0.414733
73,3,4,5,4294967295,4,15.0532,13.6958,3,0.409417
73,5,-1,0,1,2,16.1356,12.6505,1,0.242569
73,6,-1,0,2,3,-17.764,10.6276,1,0.147092
73,7,-1,0,3,4,-3.45385,7.08803,1,0.484427
73,4,-1,0,0,1,-12.1996,-8.95776,1,0.751083
73,5,0,1,1,2,17.0413,12.6339,4,0.233288
73,6,0,1,2,3,-18.6493,10.0796,4,0.113117
73,7,0,1,3,4,-2.51954,7.22378,4,0.546451
73,5,1,2,1,2,15.9516,13.4188,3,0.225277
73,6,1,2,2,3,-17.5061,9.45664,3,0.103496
73,7,1,2,3,4,-3.17013,8.39705,3,0.676419
73,5,1,3,1,2,16.1223,11.6966,3,0.242353
73,6,1,3,2,3,-18.2542,11.3193,3,0.108612
73,7,1,3,3,4,-3.36466,6.21124,3,0.52937
73,6,0,4,2,3,-16.8731,11.5762,0,0.180472
73,7,0,4,3,4,-4.27119,6.66621,2,0.436819
73,8,-1,0,5,2,16.6757,13.2604,1,0.934329
73,6,4,5,2,3,-16.324,12.8446,0,0.211065
73,7,4,5,3,4,-5.00265,6.41933,3,0.407807
73,6,5,6,2,3,-15.7756,14.0137,0,0.237665
73,9,-1,0,7,4,-2.6883,-6.14806,1,0.390361
73,6,6,7,2,3,-14.5924,14.5422,0,0.270438
73,6,7,8,2,3,-13.6119,15.379,0,0.367935
73,11,-1,0,6,3,-15.9729,11.3704,1,0.448535
73,12,-1,0,3,4,14.4207,15.7924,1,0.212445
73,11,0,1,6,3,-15.8156,10.3197,4,0.402644
73,9,0,1,7,4,-2.69177,-7.21409,4,0.446175
73,11,1,2,6,3,-15.1196,11.4161,3,0.421236
73,11,1,3,6,3,-16.9731,10.806,3,0.352697
73,11,0,4,6,3,-15.5972,12.5196,0,0.492854
73,4,0,1,0,1,-12.2771,-9.79764,8,2.18492
73,11,4,5,6,3,-14.3308,12.8418,0,0.532235
73,11,5,6,6,3,-13.0643,12.9713,0,0.564895
73,11,6,7,6,3,-12.0236,12.2095,0,0.593621
73,9,1,2,7,4,-1.47669,-6.68308,3,0.436978
73,12,0,1,3,4,15.3594,15.8543,4,0.160461
73,11,7,8,6,3,-10.804,11.8106,0,0.614511
73,14,-1,0,11,3,-16.3304,12.2082,1,0.155544
73,14,0,1,11,3,-15.7253,13.1689,4,0.133659
73,14,1,2,11,3,-17.0363,13.0572,3,0.127904
73,14,1,3,11,3,-14.9189,12.1531,3,0.125091
73,12,1,2,3,4,14.3338,16.6078,3,0.138007
73,14,0,4,11,3,-17.5106,11.6603,0,0.168575
73,15,-1,0,6,3,-17.1539,10.1028,1,0
73,12,1,3,3,4,14.3178,15.058,3,0.155092
73,4,0,2,0,1,-11.4276,-8.63593,8,2.30627
73,12,0,4,3,4,13.4971,15.5627,2,0.261323
73,8,0,1,5,2,17.5985,13.2918,4,0.920549
73,12,4,5,3,4,12.5801,15.5405,3,0.291256
73,9,1,3,7,4,-3.66141,-6.42934,3,0.461986
73,8,1,2,5,2,16.5194,14.0038,3,0.912285
73,9,0,4,7,4,-2.86157,-5.09995,2,0.340441
73,14,4,5,11,3,-18.8809,11.7648,0,0.174576
73,9,4,5,7,4,-2.83475,-4.30372,3,0.317304
73,17,-1,0,3,4,7.78682,9.14975,1,0.379339
73,18,-1,0,9,4,-1.89213,-6.00168,1,0.240839
73,17,0,1,3,4,7.25706,8.27221,4,0.451143
73,17,1,2,3,4,8.44886,8.64494,3,0.40875
73,19,-1,0,2,3,18.3686,18.2289,1,0.993336
73,17,1,3,3,4,7.16431,9.54833,3,0.391046
73,17,0,4,3,4,8.10375,10.1566,2,0.352665
73,19,0,1,2,3,18.5184,17.2174,4,0.987678
73,17,4,5,3,4,8.62834,11.4487,3,0.339172
73,20,-1,0,7,4,-4.16521,7.49097,1,0.514891
73,20,0,1,7,4,-4.30073,8.47141,4,0.519701
73,20,1,2,7,4,-5.2794,7.60096,3,0.495643
73,18,0,1,9,4,-2.12149,-6.96381,4,0.242228
73,21,-1,0,3,4,16.9991,15.7059,1,0.345327
73,21,0,1,3,4,17.6774,14.8784,4,0.335974
73,20,1,3,7,4,-3.25461,7.72423,3,0.600075
73,19,1,2,2,3,19.1631,18.3487,3,0.994147
73,21,1,2,3,4,17.7413,16.1633,3,0.339239
74,0,-1,0,4294967295,1,-12.8509,-8.4932,1,0.287627
74,0,0,1,4294967295,1,-12.1129,-8.08498,8,0.849155
74,0,0,2,4294967295,1,-13.5512,-8.03571,8,0.849155
74,0,0,3,4294967295,1,-12.9844,-9.31241,8,0.90753
74,1,-1,0,4294967295,2,11.6087,-5.38839,1,0.665456
74,1,0,1,4294967295,2,10.8056,-5.85118,4,0.601389
74,1,1,2,4294967295,2,12.0958,-6.06391,3,0.587544
74,1,1,3,4294967295,2,11.0132,-4.55153,3,0.559407
74,2,-1,0,4294967295,3,18.0017,18.8931,1,0.269743
74,2,0,1,4294967295,3,18.9683,19.1731,4,0.25536
74,2,1,2,4294967295,3,17.8378,19.8278,3,0.258745
74,2,1,3,4294967295,3,18.2859,18.0133,3,0.247486
74,2,0,4,4294967295,3,16.7868,18.5139,0,0.274148
74,2,4,5,4294967295,3,15.4422,18.3261,0,0.272398
74,2,5,6,4294967295,3,14.3757,17.5765,0,0.273845
74,2,6,7,4294967295,3,13.1251,17.2331,0,0.291378
74,2,7,8,4294967295,3,12.0981,16.4574,0,0.322283
74,3,-1,0,4294967295,4,17.2942,15.1093,1,0.407964
74,3,0,1,4294967295,4,18.2269,15.6159,4,0.416161
74,3,1,2,4294967295,4,17.0073,16.0554,3,0.393635
74,3,1,3,4294967295,4,18.0047,14.3273,3,0.451755
74,3,0,4,4294967295,4,16.406,14.4659,2,0.398566
74,3,4,5,4294967295,4,15.2794,13.9255,3,0.390128
74,5,-1,0,1,2,16.5235,12.8925,1,0.241483
74,6,-1,0,2,3,-17.6872,10.5482,1,0.130324
74,7,-1,0,3,4,-2.95682,7.61977,1,0.225056
74,4,-1,0,0,1,-12.1996,-8.95776,1,0.821008
74,5,0,1,1,2,17.3026,12.4413,4,0.235325
74,6,0,1,2,3,-18.5468,9.98069,4,0.0981038
74,7,0,1,3,4,-1.82461,7.51317,4,0.564167
74,5,1,2,1,2,16.7161,13.6542,3,0.226434
74,6,1,2,2,3,-17.3406,9.47697,3,0.0920694
74,7,1,2,3,4,-2.03703,8.73416,3,0.743932
74,5,1,3,1,2,16.0648,11.9781,3,0.241425
74,6,1,3,2,3,-18.1661,11.227,3,0.0920008
74,7,1,3,3,4,-2.8527,6.82559,3,0.609
74,6,0,4,2,3,-16.7855,11.4802,0,0.163111
74,7,0,4,3,4,-3.96736,7.17256,2,0.383796
74,8,-1,0,5,2,17.2748,13.2076,1,0.896168
74,6,4,5,2,3,-16.2471,12.7908,0,0.196372
74,7,4,5,3,4,-5.26337,6.62703,3,0.421855
74,6,5,6,2,3,-15.8489,14.0017,0,0.230317
74,9,-1,0,7,4,-2.61697,-6.78164,1,0.383587
74,6,6,7,2,3,-14.7591,14.6805,0,0.262172
74,6,7,8,2,3,-13.9153,15.6478,0,0.283183
74,11,-1,0,6,3,-15.8876,11.2917,1,0.460518
74,12,-1,0,3,4,14.7744,16.0639,1,0.186409
74,11,0,1,6,3,-15.7423,10.2157,4,0.411742
74,9,0,1,7,4,-2.6581,-7.7602,4,0.428698
74,11,1,2,6,3,-14.9769,11.2427,3,0.479242
74,11,1,3,6,3,-16.9214,10.6273,3,0.344698
74,11,0,4,6,3,-15.5168,12.4448,0,0.524737
74,4,0,1,0,1,-12.2771,-9.79764,8,2.27108
74,11,4,5,6,3,-14.3108,12.9304,0,0.585727
74,11,5,6,6,3,-13.0784,13.1996,0,0.639187
74,11,6,7,6,3,-12.0073,12.4941,0,0.652089
74,9,1,2,7,4,-1.67079,-6.84812,3,0.423006
74,12,0,1,3,4,15.8286,16.1232,4,0.148963
74,11,7,8,6,3,-10.78,12.1372,0,0.676937
74,14,-1,0,11,3,-16.2188,12.1629,1,0.125132
74,14,0,1,11,3,-15.5109,13.0745,4,0.101242
74,14,1,2,11,3,-16.7845,13.3635,3,0.0897968
74,14,1,3,11,3,-14.9166,11.9475,3,0.0981547
74,12,1,2,3,4,14.8967,16.9553,3,0.134241
74,14,0,4,11,3,-17.4214,11.657,0,0.140439
74,12,1,3,3,4,14.9747,15.1919,3,0.145839
74,4,0,2,0,1,-11.4276,-8.63593,8,2.34218
74,12,0,4,3,4,13.7121,15.9193,2,0.216276
74,8,0,1,5,2,18.1149,12.8776,4,0.883078
74,12,4,5,3,4,12.3823,15.8751,3,0.229186
74,9,1,3,7,4,-3.53813,-6.84915,3,0.527154
74,8,1,2,5,2,17.3502,13.9479,3,0.877149
74,9,0,4,7,4,-2.48339,-5.79239,2,0.350034
74,14,4,5,11,3,-18.7953,11.6806,0,0.147796
74,9,4,5,7,4,-2.05797,-4.89824,3,0.328893
74,17,-1,0,3,4,7.57778,8.74563,1,0.386913
74,18,-1,0,9,4,-2.01893,-6.25677,1,0.27067
74,17,0,1,3,4,7.00598,7.86221,4,0.39212
74,17,1,2,3,4,8.272,7.7532,3,0.387307
74,19,-1,0,2,3,18.7306,18.4991,1,0.970864
74,17,1,3,3,4,6.67402,9.07843,3,0.395727
74,17,0,4,3,4,8.08787,9.66831,2,0.388327
74,19,0,1,2,3,18.9585,17.5039,4,0.985147
74,17,4,5,3,4,8.6591,10.2422,3,0.416729
74,20,-1,0,7,4,-3.73718,8.09589,1,0.503246
74,20,0,1,7,4,-4.33247,8.94982,4,0.493952
74,20,1,2,7,4,-4.93839,7.90761,3,0.491097
74,18,0,1,9,4,-2.07712,-7.2864,4,0.268396
74,21,-1,0,3,4,17.5988,15.9041,1,0.316254
74,21,0,1,3,4,18.0981,15.0734,4,0.309247
74,20,1,3,7,4,-3.03181,8.60499,3,0.494546
74,19,1,2,2,3,19.5994,18.6392,3,1.05915
74,21,1,2,3,4,18.2505,16.4022,3,0.315038
74,20,0,4,7,4,-3.4227,9.02937,2,0.513398
75,0,-1,0,4294967295,1,-12.8509,-8.4932,1,0.281227
75,0,0,1,4294967295,1,-12.1129,-8.08498,8,0.838011
75,0,0,2,4294967295,1,-13.5512,-8.03571,8,0.838011
75,0,0,3,4294967295,1,-12.9844,-9.31241,8,0.872217
75,1,-1,0,4294967295,2,11.2575,-5.94608,1,0.713859
75,1,0,1,4294967295,2,10.3354,-5.95433,4,0.793845
75,1,1,2,4294967295,2,11.3772,-6.76629,3,0.965327
75,1,1,3,4294967295,2,11.1027,-4.90301,3,0.655658
75,2,-1,0,4294967295,3,18.3409,19.1085,1,0.242171
75,2,0,1,4294967295,3,19.3037,19.3871,4,0.226782
75,2,1,2,4294967295,3,18.1163,19.931,3,0.231079
75,2,1,3,4294967295,3,18.5829,18.2575,3,0.218909
75,2,0,4,4294967295,3,17.118,18.7725,0,0.252448
75,2,4,5,4294967295,3,15.7757,18.578,0,0.260241
75,2,5,6,4294967295,3,14.6831,17.8551,0,0.268392
75,2,6,7,4294967295,3,13.4259,17.5292,0,0.277284
75,2,7,8,4294967295,3,12.3471,16.81,0,0.2837
75,3,-1,0,4294967295,4,17.8582,15.1481,1,0.403468
75,3,0,1,4294967295,4,18.6825,15.7407,4,0.422675
75,3,1,2,4294967295,4,17.4207,16.1435,3,0.391869
75,3,1,3,4294967295,4,18.7144,14.4257,3,0.414401
75,3,0,4,4294967295,4,16.9634,14.7269,2,0.385342
75,3,4,5,4294967295,4,16.2934,14.6857,3,0.374787
75,5,-1,0,1,2,16.8821,12.9226,1,0.212778
75,6,-1,0,2,3,-17.5751,10.5076,1,0.117499
75,7,-1,0,3,4,-2.77902,7.99904,1,0.434706
75,4,-1,0,0,1,-12.1996,-8.95776,1,0.833471
75,5,0,1,1,2,17.4361,12.2457,4,0.205204
75,6,0,1,2,3,-18.3288,9.82204,4,0.0892771
75,7,0,1,3,4,-1.846,7.53622,4,0.498566
75,5,1,2,1,2,17.2307,13.5778,3,0.203472
75,6,1,2,2,3,-17.031,9.81343,3,0.0919362
75,7,1,2,3,4,-1.76183,8.75203,3,0.534398
75,5,1,3,1,2,16.1113,12.2933,3,0.211029
75,6,1,3,2,3,-18.1586,11.1095,3,0.0783706
75,7,1,3,3,4,-2.99848,6.96257,3,0.521656
75,6,0,4,2,3,-16.6794,11.4252,0,0.147828
75,7,0,4,3,4,-3.76713,7.86766,2,0.392941
75,8,-1,0,5,2,17.7284,13.0359,1,0.85984
75,6,4,5,2,3,-16.1074,12.6976,0,0.178486
75,7,4,5,3,4,-4.65106,7.64973,3,0.376584
75,6,5,6,2,3,-15.8499,13.9547,0,0.20679
75,9,-1,0,7,4,-2.55012,-7.24351,1,0.421586
75,6,6,7,2,3,-14.8803,14.7995,0,0.229182
75,6,7,8,2,3,-14.2165,15.8991,0,0.241743
75,11,-1,0,6,3,-15.7581,11.1532,1,0.466666
75,12,-1,0,3,4,15.0255,16.1198,1,0.169351
75,11,0,1,6,3,-15.6019,10.0805,4,0.429035
75,9,0,1,7,4,-2.38956,-8.32538,4,0.4791
75,11,1,2,6,3,-14.7269,11.0336,3,0.468096
75,11,1,3,6,3,-16.7987,10.4369,3,0.367541
75,11,0,4,6,3,-15.4038,12.3031,0,0.51017
75,4,0,1,0,1,-12.2771,-9.79764,8,2.31557
75,11,4,5,6,3,-14.266,12.9214,0,0.556442
75,11,5,6,6,3,-13.0865,13.3731,0,0.602274
75,11,6,7,6,3,-11.9479,12.7807,0,0.654276
75,9,1,2,7,4,-1.46876,-7.40227,3,0.525944
75,12,0,1,3,4,16.0403,16.2173,4,0.132785
75,11,7,8,6,3,-10.7052,12.4776,0,0.711713
75,14,-1,0,11,3,-16.0881,12.0306,1,0.110213
75,14,0,1,11,3,-15.3722,12.9198,4,0.0974718
75,14,1,2,11,3,-16.6663,13.163,3,0.0840762
75,14,1,3,11,3,-14.785,11.7807,3,0.104975
75,12,1,2,3,4,15.2204,17.1925,3,0.119161
75,14,0,4,11,3,-17.3112,11.6046,0,0.118038
75,12,1,3,3,4,15.2144,15.2447,3,0.131727
75,4,0,2,0,1,-11.4276,-8.63593,8,2.35723
75,12,0,4,3,4,14.0282,15.9176,2,0.214025
75,8,0,1,5,2,18.4864,12.4822,4,0.84798
75,12,4,5,3,4,13.3187,15.9487,3,0.256445
75,9,1,3,7,4,-3.42225,-7.65868,3,0.46889
75,8,1,2,5,2,18.2709,13.7726,3,0.844457
75,9,0,4,7,4,-2.46001,-6.14925,2,0.368255
75,14,4,5,11,3,-18.6655,11.7045,0,0.122295
75,9,4,5,7,4,-1.81617,-4.98302,3,0.337356
75,17,-1,0,3,4,7.21932,8.07291,1,0.470521
75,18,-1,0,9,4,-1.96169,-6.74771,1,0.242254
75,17,0,1,3,4,6.5471,7.34403,4,0.592781
75,17,1,2,3,4,7.82716,7.52252,3,0.543379
75,19,-1,0,2,3,19.0702,18.7185,1,0.970971
75,17,1,3,3,4,6.44694,8.60851,3,0.482217
75,17,0,4,3,4,7.92722,8.7841,2,0.414152
75,19,0,1,2,3,19.2956,17.7349,4,0.972147
75,17,4,5,3,4,8.73735,9.28371,3,0.391128
75,20,-1,0,7,4,-3.17626,8.79563,1,0.571895
75,20,0,1,7,4,-4.16201,9.00648,4,0.530588
75,20,1,2,7,4,-4.07751,7.77668,3,0.486105
75,18,0,1,9,4,-2.04976,-7.75653,4,0.232812
75,21,-1,0,3,4,18.0075,15.9119,1,0.289511
75,21,0,1,3,4,18.7527,15.2238,4,0.292522
75,20,1,3,7,4,-3.32284,10.0524,3,0.603264
75,19,1,2,2,3,19.9783,18.8549,3,0.98571
75,21,1,2,3,4,18.6441,16.5417,3,0.398506
75,20,0,4,7,4,-2.24675,9.04085,2,0.626302
76,0,-1,0,4294967295,1,-12.8509,-8.4932,1,0.274827
76,0,0,1,4294967295,1,-12.1129,-8.08498,8,0.823532
76,0,0,2,4294967295,1,-13.5512,-8.03571,8,0.823532
76,0,0,3,4294967295,1,-12.9844,-9.31241,8,0.843575
76,1,-1,0,4294967295,2,10.7002,-6.28519,1,0.563308
76,1,0,1,4294967295,2,9.84504,-6.11976,4,0.668234
76,1,1,2,4294967295,2,10.8825,-7.01436,3,0.735843
76,1,1,3,4294967295,2,10.8296,-5.23947,3,0.716459
76,2,-1,0,4294967295,3,18.6366,19.2575,1,0.217952
76,2,0,1,4294967295,3,19.5625,19.6286,4,0.199176
76,2,1,2,4294967295,3,18.3166,20.0341,3,0.202816
76,2,1,3,4294967295,3,18.9803,18.4264,3,0.189007
76,2,0,4,4294967295,3,17.4339,18.8691,0,0.231877
76,2,4,5,4294967295,3,16.0837,18.7243,0,0.242437
76,2,5,6,4294967295,3,14.9496,18.0693,0,0.250758
76,2,6,7,4294967295,3,13.6633,17.873,0,0.256976
76,2,7,8,4294967295,3,12.6228,17.101,0,0.260434
76,3,-1,0,4294967295,4,18.4868,15.4447,1,0.373662
76,3,0,1,4294967295,4,19.3702,15.9277,4,0.369412
76,3,1,2,4294967295,4,18.0794,16.151,3,0.362588
76,3,1,3,4294967295,4,18.779,14.7599,3,0.378826
76,3,0,4,4294967295,4,17.6096,14.9829,2,0.370335
76,3,4,5,4294967295,4,16.4019,14.7587,3,0.364181
76,5,-1,0,1,2,17.2737,12.9805,1,0.184455
76,6,-1,0,2,3,-17.3575,10.3974,1,0.103187
76,7,-1,0,3,4,-2.46115,8.20583,1,0.464863
76,4,-1,0,0,1,-12.1996,-8.95776,1,0.798024
76,5,0,1,1,2,17.7265,12.202,4,0.177098
76,6,0,1,2,3,-18.0647,9.65415,4,0.0731386
76,7,0,1,3,4,-1.64931,7.45216,4,0.514678
76,5,1,2,1,2,17.8272,13.542,3,0.178008
76,6,1,2,2,3,-16.758,9.66085,3,0.072303
76,7,1,2,3,4,-1.26199,8.64984,3,0.621918
76,5,1,3,1,2,16.4436,12.4667,3,0.180422
76,6,1,3,2,3,-18.2518,10.9488,3,0.0632627
76,7,1,3,3,4,-2.87324,7.35013,3,0.503135
76,6,0,4,2,3,-16.5176,11.364,0,0.135764
76,7,0,4,3,4,-3.34946,8.69293,2,0.421914
76,8,-1,0,5,2,18.0875,12.8307,1,0.874513
76,6,4,5,2,3,-15.9081,12.5843,0,0.175899
76,7,4,5,3,4,-4.0853,9.18137,3,0.393835
76,6,5,6,2,3,-15.7469,13.8663,0,0.233144
76,9,-1,0,7,4,-2.26765,-7.62607,1,0.436816
76,6,6,7,2,3,-14.9474,14.8808,0,0.311033
76,6,7,8,2,3,-14.5259,16.1005,0,0.379627
76,11,-1,0,6,3,-15.5293,11.0385,1,0.470746
76,12,-1,0,3,4,15.5431,16.1746,1,0.151467
76,11,0,1,6,3,-15.4311,9.9747,4,0.430733
76,9,0,1,7,4,-2.18549,-8.68556,4,0.48324
76,11,1,2,6,3,-14.4712,10.8612,3,0.444548
76,11,1,3,6,3,-16.5447,10.5535,3,0.388043
76,11,0,4,6,3,-15.2213,12.1886,0,0.507695
76,4,0,1,0,1,-12.2771,-9.79764,8,2.37791
76,11,4,5,6,3,-14.1551,12.8982,0,0.546215
76,11,5,6,6,3,-13.0526,13.4828,0,0.585943
76,11,6,7,6,3,-11.8623,13.0292,0,0.621058
76,9,1,2,7,4,-1.15181,-7.88419,3,0.495619
76,12,0,1,3,4,16.5056,16.1541,4,0.118839
76,11,7,8,6,3,-10.5977,12.8659,0,0.642417
76,14,-1,0,11,3,-15.9191,11.8901,1,0.0839988
76,14,0,1,11,3,-15.1695,12.7339,4,0.17795
76,14,1,2,11,3,-16.466,12.9774,3,0.0429926
76,14,1,3,11,3,-14.8852,11.4748,3,0.0732985
76,12,1,2,3,4,15.4949,16.9345,3,0.105622
76,14,0,4,11,3,-17.1512,11.4528,0,0.0938623
76,12,1,3,3,4,15.4195,15.4346,3,0.117828
76,4,0,2,0,1,-11.4276,-8.63593,8,2.40233
76,12,0,4,3,4,14.5659,16.0458,2,0.178532
76,8,0,1,5,2,18.5296,12.0157,4,0.963545
76,12,4,5,3,4,13.4778,16.1016,3,0.193086
76,9,1,3,7,4,-3.33246,-8.15469,3,0.490271
76,8,1,2,5,2,18.7467,13.3091,3,0.870486
76,9,0,4,7,4,-2.39985,-6.61595,2,0.387511
76,14,4,5,11,3,-18.4853,11.7338,0,0.0990693
76,9,4,5,7,4,-2.35349,-5.92262,3,0.357355
76,17,-1,0,3,4,6.83645,7.49284,1,0.48935
76,18,-1,0,9,4,-1.56357,-7.18671,1,0.210394
76,17,0,1,3,4,6.28717,6.61759,4,0.552107
76,17,1,2,3,4,7.47226,7.08446,3,0.747881
76,19,-1,0,2,3,19.3903,18.9198,1,0.95027
76,17,1,3,3,4,6.00851,7.83393,3,0.543913
76,17,0,4,3,4,7.59704,8.23256,2,0.441034
76,19,0,1,2,3,19.5324,17.9058,4,0.945344
76,17,4,5,3,4,8.84732,8.76146,3,0.409009
76,20,-1,0,7,4,-2.97419,8.95164,1,0.548802
76,20,0,1,7,4,-4.11618,9.32865,4,0.52091
76,20,1,2,7,4,-3.95963,8.05633,3,0.489877
76,18,0,1,9,4,-1.76546,-8.1584,4,0.200672
76,21,-1,0,3,4,18.6733,16.1813,1,0.29154
76,21,0,1,3,4,19.2718,15.3724,4,0.295689
76,20,1,3,7,4,-3.22549,10.0608,3,0.535899
76,19,1,2,2,3,20.2089,19.0221,3,0.953214
76,21,1,2,3,4,19.1675,16.6895,3,0.31331
76,20,0,4,7,4,-1.9903,8.60152,2,0.565447
76,22,-1,0,1,2,10.2089,-6.96957,1,0.625067
77,0,-1,0,4294967295,1,-12.8509,-8.4932,1,0.280197
77,0,0,1,4294967295,1,-12.1129,-8.08498,8,0.816026
77,0,0,2,4294967295,1,-13.5512,-8.03571,8,0.816026
77,0,0,3,4294967295,1,-12.9844,-9.31241,8,0.909218
77,1,-1,0,4294967295,2,10.2364,-6.4512,1,0.399084
77,1,0,1,4294967295,2,9.32414,-6.58186,4,0.542171
77,1,1,2,4294967295,2,10.4844,-7.23113,3,0.588626
77,1,1,3,4294967295,2,10.0859,-5.53463,3,0.595304
77,2,-1,0,4294967295,3,18.8799,19.3808,1,0.193626
77,2,0,1,4294967295,3,19.7938,19.7725,4,0.172408
77,2,1,2,4294967295,3,18.5446,20.1793,3,0.177422
77,2,1,3,4294967295,3,19.1989,18.5758,3,0.158882
77,2,0,4,4294967295,3,17.7068,18.9297,0,0.209824
77,2,4,5,4294967295,3,16.3729,18.7914,0,0.22189
77,2,5,6,4294967295,3,15.2165,18.2091,0,0.230648
77,2,6,7,4294967295,3,13.9308,18.0979,0,0.236481
77,2,7,8,4294967295,3,12.8622,17.3793,0,0.239433
77,3,-1,0,4294967295,4,18.7386,15.6999,1,0.344898
77,3,0,1,4294967295,4,19.6964,16.1395,4,0.335902
77,3,1,2,4294967295,4,18.4694,16.5223,3,0.327619
77,3,1,3,4294967295,4,19.2384,14.9486,3,0.344762
77,3,0,4,4294967295,4,17.7855,15.1829,2,0.346502
77,3,4,5,4294967295,4,16.7441,14.798,3,0.343781
77,5,-1,0,1,2,17.6331,12.9556,1,0.156197
77,6,-1,0,2,3,-17.1685,10.2541,1,0.0928583
77,7,-1,0,3,4,-2.41813,8.29637,1,0.451806
77,4,-1,0,0,1,-12.1996,-8.95776,1,0.787744
77,5,0,1,1,2,17.8657,12.0761,4,0.148668
77,6,0,1,2,3,-17.7621,9.41319,4,0.0576643
77,7,0,1,3,4,-1.42891,7.76108,4,0.473454
77,5,1,2,1,2,18.3486,13.3277,3,0.146627
77,6,1,2,2,3,-16.4641,9.58786,3,0.0570182
77,7,1,2,3,4,-1.31537,9.01993,3,0.499454
77,5,1,3,1,2,16.6616,12.6011,3,0.153988
77,6,1,3,2,3,-18.2277,10.6264,3,0.0429167
77,7,1,3,3,4,-2.60813,7.39527,3,0.46552
77,6,0,4,2,3,-16.3151,11.2288,0,0.131846
77,7,0,4,3,4,-3.47456,8.52291,2,0.424671
77,8,-1,0,5,2,18.3763,12.6156,1,0.878474
77,6,4,5,2,3,-15.6441,12.4656,0,0.176314
77,7,4,5,3,4,-4.76862,9.03149,3,0.403379
77,6,5,6,2,3,-15.5753,13.7861,0,0.22456
77,9,-1,0,7,4,-2.06439,-8.33414,1,0.440416
77,6,6,7,2,3,-14.967,14.9129,0,0.26872
77,6,7,8,2,3,-14.8306,16.1976,0,0.296016
77,11,-1,0,6,3,-15.4649,10.8339,1,0.478735
77,12,-1,0,3,4,15.82,16.1319,1,0.124446
77,11,0,1,6,3,-15.3311,9.77328,4,0.501851
77,9,0,1,7,4,-1.76028,-9.29696,4,0.498808
77,11,1,2,6,3,-14.3895,10.6926,3,0.47902
77,11,1,3,6,3,-16.4413,10.3432,3,0.399914
77,11,0,4,6,3,-15.079,11.9688,0,0.498234
77,4,0,1,0,1,-12.2771,-9.79764,8,2.36411
77,11,4,5,6,3,-14.0354,12.7966,0,0.535038
77,11,5,6,6,3,-12.992,13.5433,0,0.580264
77,11,6,7,6,3,-11.7368,13.2611,0,0.644168
77,9,1,2,7,4,-0.989311,-8.23291,3,0.514257
77,12,0,1,3,4,16.8773,16.0994,4,0.099765
77,11,7,8,6,3,-10.4578,13.2821,0,0.751256
77,14,-1,0,11,3,-15.6846,11.7536,1,0.07135
77,14,0,1,11,3,-14.7438,12.4187,4,0.0540618
77,14,1,2,11,3,-15.8283,13.1551,3,0.0280282
77,14,1,3,11,3,-14.8654,11.1611,3,0.0670973
77,12,1,2,3,4,16.0583,17.0534,3,0.0898791
77,14,0,4,11,3,-16.9342,11.4208,0,0.0783038
77,12,1,3,3,4,15.9592,15.2371,3,0.101116
77,4,0,2,0,1,-11.4276,-8.63593,8,2.37841
77,12,0,4,3,4,14.7431,16.1168,2,0.141907
77,8,0,1,5,2,18.651,11.7455,4,0.872399
77,12,4,5,3,4,13.5187,16.3515,3,0.147786
77,9,1,3,7,4,-2.76806,-8.50337,3,0.474857
77,8,1,2,5,2,19.0948,12.9884,3,0.87767
77,9,0,4,7,4,-2.47657,-7.40128,2,0.394484
77,14,4,5,11,3,-18.2427,11.5481,0,0.0803282
77,9,4,5,7,4,-2.66858,-6.26571,3,0.371773
77,17,-1,0,3,4,6.76864,6.91434,1,0.535847
77,18,-1,0,9,4,-1.70444,-7.63473,1,0.1784
77,17,0,1,3,4,6.16846,6.07412,4,0.614725
77,17,1,2,3,4,7.43618,6.22878,3,0.635866
77,19,-1,0,2,3,19.6488,19.0887,1,0.924782
77,17,1,3,3,4,5.63004,7.22304,3,0.663577
77,17,0,4,3,4,7.41546,7.71883,2,0.470988
77,19,0,1,2,3,19.8479,18.1067,4,0.918676
77,17,4,5,3,4,7.95549,8.1701,3,0.434191
77,20,-1,0,7,4,-2.67227,9.16837,1,0.556048
77,20,0,1,7,4,-3.24922,10.0425,4,0.544465
77,20,1,2,7,4,-3.95911,8.99365,3,0.529403
77,18,0,1,9,4,-1.41854,-8.61918,4,0.168667
77,21,-1,0,3,4,19.1957,16.3785,1,0.293735
77,21,0,1,3,4,19.7603,15.5043,4,0.307718
77,20,1,3,7,4,-1.96363,9.9313,3,0.545705
77,19,1,2,2,3,20.4948,19.2502,3,0.92537
77,21,1,2,3,4,20.1477,16.7483,3,0.339086
77,20,0,4,7,4,-1.84812,8.637,2,0.555384
77,22,-1,0,1,2,9.82168,-7.15551,1,0.789373
77,22,0,1,1,2,8.89475,-7.21002,4,0.784494
78,0,-1,0,4294967295,1,-12.8509,-8.4932,1,0.274026
78,0,0,1,4294967295,1,-12.1129,-8.08498,8,0.809612
78,0,0,2,4294967295,1,-13.5512,-8.03571,8,0.809612
78,0,0,3,4294967295,1,-12.9844,-9.31241,8,0.864217
78,1,-1,0,4294967295,2,9.79473,-6.70006,1,0.498803
78,1,0,1,4294967295,2,8.90149,-6.66334,4,0.526828
78,1,1,2,4294967295,2,9.97724,-7.45052,3,0.521145
78,1,1,3,4294967295,2,9.72026,-5.61578,3,0.570165
78,2,-1,0,4294967295,3,19.1214,19.523,1,0.169029
78,2,0,1,4294967295,3,19.9999,19.9814,4,0.146064
78,2,1,2,4294967295,3,18.7149,20.2673,3,0.15193
78,2,1,3,4294967295,3,19.5531,18.721,3,0.130224
78,2,0,4,4294967295,3,17.9604,19.0283,0,0.186856
78,2,4,5,4294967295,3,16.621,18.8578,0,0.200143
78,2,5,6,4294967295,3,15.4674,18.267,0,0.209602
78,2,6,7,4294967295,3,14.179,18.2276,0,0.215705
78,2,7,8,4294967295,3,13.0458,17.6201,0,0.218706
78,3,-1,0,4294967295,4,19.1032,15.8352,1,0.317502
78,3,0,1,4294967295,4,20.0425,16.1815,4,0.306564
78,3,1,2,4294967295,4,18.937,16.886,3,0.298949
78,3,1,3,4294967295,4,19.3307,15.0984,3,0.314592
78,3,0,4,4294967295,4,18.2318,15.3923,2,0.321437
78,3,4,5,4294967295,4,17.5431,15.2401,3,0.318327
78,5,-1,0,1,2,17.9162,12.8145,1,0.126503
78,6,-1,0,2,3,-16.9528,9.97055,1,0.0806856
78,7,-1,0,3,4,-2.48281,8.54076,1,0.423281
78,4,-1,0,0,1,-12.1996,-8.95776,1,0.78081
78,5,0,1,1,2,17.8937,11.9186,4,0.117305
78,6,0,1,2,3,-17.4915,9.09362,4,0.0422436
78,7,0,1,3,4,-1.44482,8.08357,4,0.424362
78,5,1,2,1,2,18.6582,13.0128,3,0.10801
78,6,1,2,2,3,-16.2282,9.43128,3,0.0417282
78,7,1,2,3,4,-1.67769,9.26731,3,0.428879
78,5,1,3,1,2,16.9106,12.8007,3,0.126062
78,6,1,3,2,3,-18.0535,10.2653,3,0.0231541
78,7,1,3,3,4,-2.46445,7.36097,3,0.421569
78,6,0,4,2,3,-16.1823,11.0162,0,0.120395
78,7,0,4,3,4,-3.50956,8.55999,2,0.413407
78,8,-1,0,5,2,18.5827,12.3193,1,0.851726
78,6,4,5,2,3,-15.6354,12.3317,0,0.160615
78,7,4,5,3,4,-4.21955,8.67079,3,0.402149
78,6,5,6,2,3,-15.4591,13.7093,0,0.198433
78,9,-1,0,7,4,-1.94271,-8.7803,1,0.519344
78,6,6,7,2,3,-14.9108,14.9415,0,0.228739
78,6,7,8,2,3,-15.0614,16.2411,0,0.24581
78,11,-1,0,6,3,-15.2851,10.6804,1,0.474979
78,12,-1,0,3,4,16.0094,16.1178,1,0.0971155
78,11,0,1,6,3,-15.2166,9.59461,4,0.458394
78,9,0,1,7,4,-1.55105,-9.78395,4,0.669189
78,11,1,2,6,3,-14.1279,10.3391,3,0.512412
78,11,1,3,6,3,-16.2841,10.233,3,0.40287
78,11,0,4,6,3,-14.9282,11.9267,0,0.501114
78,4,0,1,0,1,-12.2771,-9.79764,8,2.34654
78,11,4,5,6,3,-13.8633,12.6977,0,0.536794
78,11,5,6,6,3,-12.8976,13.5081,0,0.579784
78,11,6,7,6,3,-11.6252,13.4566,0,0.622576
78,9,1,2,7,4,-0.729646,-8.77415,3,0.66421
78,12,0,1,3,4,16.9961,15.9724,4,0.0770401
78,11,7,8,6,3,-10.3739,13.7296,0,0.650799
78,14,-1,0,11,3,-15.3189,11.5401,1,0.0393083
78,14,0,1,11,3,-14.1952,11.7898,4,0.0184097
78,14,1,2,11,3,-14.9372,12.8758,3,0
78,14,1,3,11,3,-14.7714,10.6842,3,0.0295416
78,12,1,2,3,4,16.3571,17.0841,3,0.0671219
78,14,0,4,11,3,-16.6402,11.4356,0,0.0521519
78,12,1,3,3,4,16.0219,15.1288,3,0.080702
78,4,0,2,0,1,-11.4276,-8.63593,8,2.35492
78,12,0,4,3,4,15.0243,16.232,2,0.110077
78,8,0,1,5,2,18.8839,11.4598,4,0.845251
78,12,4,5,3,4,14.4021,16.4793,3,0.112573
78,9,1,3,7,4,-2.68693,-9.27102,3,0.791078
78,8,1,2,5,2,19.3737,12.687,3,0.851566
78,9,0,4,7,4,-2.42074,-7.82561,2,0.427022
78,14,4,5,11,3,-18.01,11.3494,0,0.0578615
78,9,4,5,7,4,-2.78691,-6.67784,3,0.386604
78,17,-1,0,3,4,6.44761,6.14865,1,0.65655
78,18,-1,0,9,4,-1.44705,-8.14643,1,0.1464
78,17,0,1,3,4,5.98729,5.27568,4,0.733138
78,17,1,2,3,4,7.20213,5.64396,3,0.737865
78,19,-1,0,2,3,19.9055,19.2467,1,0.898351
78,17,1,3,3,4,5.84697,6.56047,3,0.828302
78,17,0,4,3,4,6.81152,7.08742,2,0.557957
78,19,0,1,2,3,20.2011,18.266,4,0.892009
78,17,4,5,3,4,7.48399,7.96858,3,0.494131
78,20,-1,0,7,4,-2.3633,9.47278,1,0.522991
78,20,0,1,7,4,-2.44535,10.5686,4,0.504834
78,20,1,2,7,4,-3.44621,9.84299,3,0.493562
78,18,0,1,9,4,-1.29828,-9.137,4,0.136667
78,21,-1,0,3,4,19.5319,16.4696,1,0.310027
78,21,0,1,3,4,19.973,15.5165,4,0.321544
78,20,1,3,7,4,-1.34156,9.98105,3,0.504265
78,19,1,2,2,3,20.7089,19.4672,3,0.898468
78,21,1,2,3,4,20.4938,16.7056,3,0.347347
78,20,0,4,7,4,-2.03891,8.52082,2,0.531195
78,22,-1,0,1,2,9.24162,-7.33017,1,0.817044
78,22,0,1,1,2,8.32642,-7.40243,4,0.932823
79,0,-1,0,4294967295,1,-12.8509,-8.4932,1,0.267627
79,0,0,1,4294967295,1,-12.1129,-8.08498,8,0.797948
79,0,0,2,4294967295,1,-13.5512,-8.03571,8,0.797948
79,0,0,3,4294967295,1,-12.9844,-9.31241,8,0.829944
79,1,-1,0,4294967295,2,9.31707,-6.81058,1,0.217391
79,1,0,1,4294967295,2,8.44635,-6.56113,4,0.470698
79,1,1,2,4294967295,2,9.36878,-7.51304,3,0.528251
79,1,1,3,4294967295,2,9.58323,-5.89356,3,0.582855
79,2,-1,0,4294967295,3,19.3462,19.6323,1,0.144425
79,2,0,1,4294967295,3,20.2114,20.135,4,0.120438
79,2,1,2,4294967295,3,18.9158,20.3428,3,0.125867
79,2,1,3,4294967295,3,19.8165,18.8576,3,0.10494
79,2,0,4,4294967295,3,18.2059,19.0882,0,0.163445
79,2,4,5,4294967295,3,16.87,18.8996,0,0.177771
79,2,5,6,4294967295,3,15.7057,18.3186,0,0.187984
79,2,6,7,4294967295,3,14.4077,18.3138,0,0.194543
79,2,7,8,4294967295,3,13.22,17.8009,0,0.19775
79,3,-1,0,4294967295,4,19.5712,16.0168,1,0.290294
79,3,0,1,4294967295,4,20.5849,16.0948,4,0.277944
79,3,1,2,4294967295,4,19.53,16.8458,3,0.269338
79,3,1,3,4294967295,4,19.5937,15.2243,3,0.285632
79,3,0,4,4294967295,4,18.6232,15.6414,2,0.295975
79,3,4,5,4294967295,4,17.3899,15.1157,3,0.294668
79,5,-1,0,1,2,18.1526,12.5947,1,0.0941996
79,6,-1,0,2,3,-16.8013,9.60895,1,0.063779
79,7,-1,0,3,4,-2.14485,8.77394,1,0.407211
79,4,-1,0,0,1,-12.1996,-8.95776,1,0.773951
79,5,0,1,1,2,17.9172,11.7384,4,0.0836359
79,6,0,1,2,3,-17.1482,8.62919,4,0.0233553
79,7,0,1,3,4,-1.11689,8.37132,4,0.410969
79,5,1,2,1,2,18.8763,12.6615,3,0.0702649
79,6,1,2,2,3,-15.986,9.21834,3,0.0246996
79,7,1,2,3,4,-1.50682,9.53971,3,0.410646
79,5,1,3,1,2,17.2598,12.8827,3,0.0941115
79,6,1,3,2,3,-17.8728,9.69707,3,0
79,7,1,3,3,4,-2.24696,7.80182,3,0.418018
79,6,0,4,2,3,-16.2932,10.7973,0,0.102554
79,7,0,4,3,4,-3.15221,8.79455,2,0.39854
79,8,-1,0,5,2,18.7118,11.9751,1,0.824997
79,6,4,5,2,3,-15.6195,12.0649,0,0.138883
79,7,4,5,3,4,-4.24132,8.94428,3,0.391149
79,6,5,6,2,3,-15.5512,13.4307,0,0.172793
79,9,-1,0,7,4,-1.82657,-9.23957,1,0.438345
79,6,6,7,2,3,-15.0764,14.6872,0,0.215926
79,6,7,8,2,3,-15.1542,16.0126,0,0.301061
79,11,-1,0,6,3,-14.9067,10.486,1,0.495383
79,12,-1,0,3,4,16.4549,16.073,1,0.0689643
79,11,0,1,6,3,-14.917,9.42797,4,0.488487
79,9,0,1,7,4,-1.36133,-10.181,4,0.694038
79,11,1,2,6,3,-13.8656,10.2749,3,0.569274
79,11,1,3,6,3,-16.0597,10.0145,3,0.41773
79,11,0,4,6,3,-14.7192,11.7922,0,0.526595
79,4,0,1,0,1,-12.2771,-9.79764,8,2.3277
79,11,4,5,6,3,-13.6722,12.6948,0,0.56741
79,11,5,6,6,3,-12.7617,13.5343,0,0.585031
79,11,6,7,6,3,-11.492,13.6151,0,0.596123
79,9,1,2,7,4,-0.71057,-9.04436,3,0.653572
79,12,0,1,3,4,17.3893,15.8002,4,0.0508958
79,11,7,8,6,3,-10.3328,14.1576,0,0.604826
79,14,-1,0,11,3,-14.9274,11.2333,1,0.0512581
79,14,0,1,11,3,-13.8835,10.9816,4,0.0629347
79,14,1,2,11,3,-14.2113,12.2214,3,0.127812
79,14,1,3,11,3,-14.5056,9.87365,3,0.0338566
79,12,1,2,3,4,16.6802,16.8254,3,0.039426
79,14,0,4,11,3,-16.1594,11.5794,0,0.0411028
79,12,1,3,3,4,16.134,15.4214,3,0.0566402
79,4,0,2,0,1,-11.4276,-8.63593,8,2.33261
79,12,0,4,3,4,15.4726,16.2753,2,0.0799464
79,8,0,1,5,2,18.967,11.092,4,0.818581
79,12,4,5,3,4,14.3686,16.8147,3,0.0828239
79,9,1,3,7,4,-2.60477,-10.0194,3,0.790101
79,8,1,2,5,2,19.5275,12.2838,3,0.824965
79,9,0,4,7,4,-2.29176,-8.34145,2,0.371143
79,14,4,5,11,3,-17.4975,11.4885,0,0.0381211
79,9,4,5,7,4,-2.44926,-7.67322,3,0.370198
79,17,-1,0,3,4,6.18494,5.55071,1,0.614722
79,18,-1,0,9,4,-1.37434,-8.53682,1,0.22969
79,17,0,1,3,4,5.73169,4.52992,4,0.888093
79,17,1,2,3,4,6.90272,4.92432,3,0.926008
79,19,-1,0,2,3,20.1458,19.4417,1,0.887089
79,17,1,3,3,4,5.09421,5.61916,3,1.03795
79,17,0,4,3,4,6.68756,6.55963,2,0.506927
79,19,0,1,2,3,20.5381,18.5113,4,0.901632
79,17,4,5,3,4,7.22913,7.70514,3,0.486381
79,20,-1,0,7,4,-2.08128,9.65008,1,0.489829
79,20,0,1,7,4,-2.16885,10.7184,4,0.468928
79,20,1,2,7,4,-3.17586,9.98522,3,0.457426
79,18,0,1,9,4,-1.10644,-9.48995,4,0.367457
79,21,-1,0,3,4,20.0905,16.6181,1,0.298047
79,21,0,1,3,4,20.2178,15.6297,4,0.295369
79,20,1,3,7,4,-1.07496,10.0684,3,0.467658
79,19,1,2,2,3,20.9559,19.751,3,0.937488
79,21,1,2,3,4,20.777,16.8282,3,0.305501
79,20,0,4,7,4,-1.66381,8.69337,2,0.500122
79,22,-1,0,1,2,8.68686,-7.3151,1,0.932283
79,22,0,1,1,2,7.84114,-7.60472,4,0.875752
79,23,-1,0,17,4,6.07607,6.36114,1,0.508933
79,18,1,2,9,4,-0.464615,-8.34491,3,0.492053
79,22,1,2,1,2,9.05761,-8.10683,3,0.747315
80,0,-1,0,4294967295,1,-12.8509,-8.4932,1,0.273987
80,0,0,1,4294967295,1,-12.1129,-8.08498,8,0.81891
80,0,0,2,4294967295,1,-13.5512,-8.03571,8,0.81891
80,0,0,3,4294967295,1,-12.9844,-9.31241,8,0.837658
80,1,-1,0,4294967295,2,8.8686,-6.85123,1,0.492961
80,1,0,1,4294967295,2,8.09575,-6.45055,4,0.551572
80,1,1,2,4294967295,2,8.96239,-7.48567,3,0.486772
80,1,1,3,4294967295,2,9.34596,-6.02372,3,0.509205
80,2,-1,0,4294967295,3,19.555,19.7541,1,0.120827
80,2,0,1,4294967295,3,20.3836,20.2971,4,0.0976584
80,2,1,2,4294967295,3,19.0772,20.458,3,0.101667
80,2,1,3,4294967295,3,20.0713,18.9899,3,0.0863161
80,2,0,4,4294967295,3,18.4457,19.1536,0,0.140136
80,2,4,5,4294967295,3,17.1087,18.9265,0,0.155122
80,2,5,6,4294967295,3,15.9306,18.3607,0,0.165973
80,2,6,7,4294967295,3,14.6315,18.396,0,0.172992
80,2,7,8,4294967295,3,13.4285,17.9242,0,0.176432
80,3,-1,0,4294967295,4,19.7426,15.9307,1,0.262594
80,3,0,1,4294967295,4,20.735,16.2862,4,0.249522
80,3,1,2,4294967295,4,19.6645,17.013,3,0.240469
80,3,1,3,4294967295,4,20.0779,15.187,3,0.257051
80,3,0,4,4294967295,4,18.8282,15.4037,2,0.268952
80,3,4,5,4294967295,4,17.9321,15.1019,3,0.269776
80,5,-1,0,1,2,18.3369,12.3422,1,0.060184
80,6,-1,0,2,3,-16.6341,9.26844,1,0.047391
80,7,-1,0,3,4,-1.76762,8.97017,1,0.438705
80,4,-1,0,0,1,-12.1996,-8.95776,1,0.767094
80,5,0,1,1,2,17.936,11.5401,4,0.0488723
80,6,0,1,2,3,-16.766,8.23408,4,0.0110594
80,7,0,1,3,4,-0.704654,8.54734,4,0.45571
80,5,1,2,1,2,19.0776,12.2212,3,0.0336122
80,6,1,2,2,3,-15.6692,8.92986,3,0.00885265
80,7,1,2,3,4,-1.0494,9.75215,3,0.459553
80,5,1,3,1,2,17.4961,12.7795,3,0.0601664
80,7,1,3,3,4,-1.83063,8.05544,3,0.445819
80,6,0,4,2,3,-16.397,10.533,0,0.0854989
80,7,0,4,3,4,-2.84984,9.12406,2,0.408131
80,8,-1,0,5,2,18.7467,11.6186,1,0.798318
80,6,4,5,2,3,-15.7708,11.8107,0,0.124197
80,7,4,5,3,4,-4.05766,9.49893,3,0.386869
80,6,5,6,2,3,-15.6937,13.1298,0,0.162767
80,9,-1,0,7,4,-1.50877,-9.8899,1,0.204466
80,6,6,7,2,3,-15.1944,14.3208,0,0.197546
80,6,7,8,2,3,-15.2376,15.6052,0,0.219648
80,11,-1,0,6,3,-14.606,10.068,1,0.522394
80,12,-1,0,3,4,16.6325,16.2208,1,0.0405355
80,11,0,1,6,3,-14.4713,9.04825,4,0.577623
80,9,0,1,7,4,-0.731758,-10.5856,4,0.631615
80,11,1,2,6,3,-13.8069,10.2075,3,0.487324
80,11,1,3,6,3,-15.6023,9.64918,3,0.420526
80,11,0,4,6,3,-14.4622,11.3846,0,0.577464
80,4,0,1,0,1,-12.2771,-9.79764,8,2.30815
80,11,4,5,6,3,-13.5324,12.5264,0,0.613913
80,11,5,6,6,3,-12.6838,13.5515,0,0.670201
80,11,6,7,6,3,-11.3984,13.8403,0,0.654508
80,9,1,2,7,4,-0.786514,-9.27866,3,0.673958
80,12,0,1,3,4,17.6315,15.8595,4,0.0238198
80,11,7,8,6,3,-10.2971,14.5189,0,0.67791
80,14,-1,0,11,3,-14.2077,10.7242,1,0.068791
80,14,0,1,11,3,-13.1559,10.6281,4,0.0890515
80,14,1,2,11,3,-13.7443,11.7754,3,0.0726079
80,14,1,3,11,3,-13.8828,9.53262,3,0.0591177
80,12,1,2,3,4,17.2092,17.0363,3,0.0126484
80,14,0,4,11,3,-15.5018,10.9269,0,0.0436134
80,12,1,3,3,4,16.5114,15.2789,3,0.0303306
80,4,0,2,0,1,-11.4276,-8.63593,8,2.31103
80,12,0,4,3,4,15.5978,16.5221,2,0.049758
80,8,0,1,5,2,18.8707,10.709,4,0.791914
80,12,4,5,3,4,14.5872,16.9849,3,0.0516926
80,9,1,3,7,4,-1.96697,-10.6108,3,0.794545
80,8,1,2,5,2,19.6751,11.7596,3,0.798311
80,9,0,4,7,4,-2.19279,-9.09072,2,0.3662
80,14,4,5,11,3,-16.7386,11.7484,0,0.0325991
80,9,4,5,7,4,-2.44859,-7.84191,3,0.388741
80,17,-1,0,3,4,5.95347,5.1196,1,0.605251
80,18,-1,0,9,4,-1.33536,-9.09412,1,0.351787
80,17,0,1,3,4,5.73197,4.09724,4,0.919109
80,17,1,2,3,4,6.91134,4.5747,3,0.917362
80,19,-1,0,2,3,20.3688,19.5923,1,0.878404
80,17,1,3,3,4,4.75321,4.89017,3,1.09377
80,17,0,4,3,4,6.40803,6.00382,2,0.514136
80,19,0,1,2,3,20.8346,18.6928,4,0.875988
80,17,4,5,3,4,6.88975,6.4486,3,0.5003
80,20,-1,0,7,4,-1.75454,9.84688,1,0.456837
80,20,0,1,7,4,-2.18318,10.8363,4,0.43648
80,20,1,2,7,4,-2.9066,9.82779,3,0.42053
80,18,0,1,9,4,-0.715844,-9.86972,4,0.399013
80,21,-1,0,3,4,20.2769,16.5149,1,0.27436
80,21,0,1,3,4,20.8161,15.5958,4,0.268689
80,20,1,3,7,4,-0.94037,10.5666,3,0.442014
80,19,1,2,2,3,21.1734,19.9544,3,0.884911
80,21,1,2,3,4,21.3713,16.768,3,0.275606
80,20,0,4,7,4,-1.14467,9.00294,2,0.467312
80,22,-1,0,1,2,8.31021,-7.52818,1,0.853415
80,22,0,1,1,2,7.37434,-7.54216,4,0.869296
80,23,-1,0,17,4,5.50347,5.8484,1,0.505579
80,18,1,2,9,4,-0.653303,-8.55689,3,0.40419
80,22,1,2,1,2,8.17973,-8.59157,3,0.974825
80,23,0,1,17,4,5.04419,6.76757,4,0.603754
80,18,1,3,9,4,-1.67375,-9.0201,3,0.48421
81,0,-1,0,4294967295,1,-12.8509,-8.4932,1,0.26683
81,0,0,1,4294967295,1,-12.1129,-8.08498,8,0.80255
81,0,0,2,4294967295,1,-13.5512,-8.03571,8,0.80255
81,0,0,3,4294967295,1,-12.9844,-9.31241,8,0.813536
81,1,-1,0,4294967295,2,8.99738,-6.91779,1,0.301
81,1,0,1,4294967295,2,8.07985,-6.68507,4,0.371941
81,1,1,2,4294967295,2,8.72522,-7.82434,3,0.406733
81,1,1,3,4294967295,2,9.12594,-5.92059,3,0.417671
81,2,-1,0,4294967295,3,19.7391,19.858,1,0.0986368
81,2,0,1,4294967295,3,20.5641,20.4154,4,0.076198
81,2,1,2,4294967295,3,19.2593,20.5504,3,0.0786534
81,2,1,3,4294967295,3,20.2477,19.1105,3,0.0670076
81,2,0,4,4294967295,3,18.6487,19.2248,0,0.117608
81,2,4,5,4294967295,3,17.3245,18.9753,0,0.132678
81,2,5,6,4294967295,3,16.1578,18.4056,0,0.143829
81,2,6,7,4294967295,3,14.8644,18.4582,0,0.151152
81,2,7,8,4294967295,3,13.6571,18.0034,0,0.154772
81,3,-1,0,4294967295,4,20.1824,15.8519,1,0.235021
81,3,0,1,4294967295,4,21.1126,16.1573,4,0.221334
81,3,1,2,4294967295,4,19.9532,16.7887,3,0.211618
81,3,1,3,4294967295,4,20.3953,15.0607,3,0.228746
81,3,0,4,4294967295,4,19.2747,15.4698,2,0.241315
81,3,4,5,4294967295,4,18.4713,15.3488,3,0.240282
81,5,-1,0,1,2,18.4779,12.0143,1,0.0253977
81,6,-1,0,2,3,-16.3858,8.98174,1,0.0371183
81,7,-1,0,3,4,-1.45239,9.22737,1,0.404813
81,4,-1,0,0,1,-12.1996,-8.95776,1,0.788031
81,5,0,1,1,2,17.9473,11.2967,4,0.0138932
81,6,0,1,2,3,-16.6511,7.99006,4,0.00685225
81,7,0,1,3,4,-0.451372,8.82287,4,0.404585
81,5,1,2,1,2,19.1931,11.7706,3,1.00677e-20
81,6,1,2,2,3,-15.4754,8.56006,3,0.00102618
81,7,1,2,3,4,-0.779512,10.0526,3,0.416892
81,5,1,3,1,2,17.6702,12.5866,3,0.0253942
81,7,1,3,3,4,-1.48245,8.09192,3,0.394987
81,6,0,4,2,3,-16.103,10.234,0,0.07095
81,7,0,4,3,4,-2.42854,9.36013,2,0.39595
81,8,-1,0,5,2,18.7541,11.2231,1,0.771111
81,6,4,5,2,3,-15.4615,11.4976,0,0.105454
81,7,4,5,3,4,-3.08443,9.57313,3,0.384366
81,6,5,6,2,3,-15.7802,12.7694,0,0.137245
81,9,-1,0,7,4,-1.04868,-10.1608,1,0.490208
81,6,6,7,2,3,-15.309,13.9649,0,0.162208
81,6,7,8,2,3,-15.2987,15.2535,0,0.176106
81,11,-1,0,6,3,-14.1028,9.89134,1,0.526836
81,12,-1,0,3,4,16.8565,16.2386,1,0.013258
81,11,0,1,6,3,-13.9546,8.84805,4,0.567121
81,9,0,1,7,4,-0.230769,-10.787,4,0.639203
81,11,1,2,6,3,-13.1282,9.85919,3,0.488683
81,11,1,3,6,3,-15.1555,9.30468,3,0.439125
81,11,0,4,6,3,-14.1906,11.1692,0,0.567293
81,4,0,1,0,1,-12.2771,-9.79764,8,2.38448
81,11,4,5,6,3,-13.4474,12.2581,0,0.698396
81,11,5,6,6,3,-12.7216,13.3541,0,0.653109
81,11,6,7,6,3,-11.5131,13.9312,0,0.805162
81,9,1,2,7,4,-0.0748768,-9.45148,3,0.749443
81,12,0,1,3,4,17.7398,15.8213,4,0.000232636
81,11,7,8,6,3,-10.4808,14.7744,0,0.807515
81,14,-1,0,11,3,-13.5298,10.4766,1,0.129603
81,14,0,1,11,3,-12.4482,10.4287,4,0.223675
81,14,1,2,11,3,-13.3932,11.2856,3,0.248083
81,14,1,3,11,3,-12.9148,9.20371,3,0.1637
81,12,1,2,3,4,17.447,17.0858,3,0
81,14,0,4,11,3,-14.8187,10.7351,0,0.0645764
81,12,1,3,3,4,16.5123,15.4057,3,0.00406276
81,4,0,2,0,1,-11.4276,-8.63593,8,2.40576
81,12,0,4,3,4,15.945,16.5937,2,0.0211475
81,8,0,1,5,2,18.6128,10.3095,4,0.763451
81,12,4,5,3,4,15.3761,17.0058,3,0.0206162
81,9,1,3,7,4,-1.40172,-11.3082,3,0.70318
81,8,1,2,5,2,19.65,11.1149,3,0.765454
81,9,0,4,7,4,-1.94217,-9.42657,2,0.401859
81,14,4,5,11,3,-16.1983,11.2034,0,0.0393585
81,9,4,5,7,4,-2.7896,-8.66553,3,0.365563
81,17,-1,0,3,4,5.67173,4.35581,1,0.574524
81,18,-1,0,9,4,-1.09734,-9.41284,1,0.399338
81,17,0,1,3,4,5.45103,3.35965,4,0.936157
81,17,1,2,3,4,6.39546,4.24297,3,1.00185
81,19,-1,0,2,3,20.5513,19.7176,1,0.853698
81,17,1,3,3,4,4.98054,4.45423,3,1.05676
81,17,0,4,3,4,5.99475,5.31852,2,0.541698
81,19,0,1,2,3,21.0117,18.8206,4,0.846866
81,17,4,5,3,4,6.77239,6.28466,3,0.536883
81,20,-1,0,7,4,-1.56946,10.1418,1,0.446098
81,20,0,1,7,4,-2.02237,11.1518,4,0.462253
81,20,1,2,7,4,-2.57115,10.1009,3,0.412912
81,18,0,1,9,4,-0.308596,-10.0558,4,0.402952
81,21,-1,0,3,4,20.5721,16.5439,1,0.247675
81,21,0,1,3,4,20.9199,15.5838,4,0.240882
81,20,1,3,7,4,-0.828039,10.7825,3,0.545675
81,19,1,2,2,3,21.3483,20.0849,3,0.851333
81,21,1,2,3,4,21.3937,16.803,3,0.246671
81,20,0,4,7,4,-0.906477,9.36281,2,0.44003
81,22,-1,0,1,2,7.46739,-7.40299,1,0.879984
81,22,0,1,1,2,6.523,-7.52486,4,1.03136
81,23,-1,0,17,4,5.29144,5.08563,1,0.587019
81,18,1,2,9,4,-0.454949,-8.7787,3,0.409805
81,22,1,2,1,2,7.55057,-8.34082,3,0.903951
81,23,0,1,17,4,4.79766,5.95482,4,0.610254
81,18,1,3,9,4,-1.61526,-10.2312,3,0.400501
81,22,1,3,1,2,6.97264,-6.31409,3,0.99596
81,23,1,2,17,4,4.439,4.74029,3,0.723394
82,0,-1,0,4294967295,1,-12.8509,-8.4932,1,0.260427
82,0,0,1,4294967295,1,-12.1129,-8.08498,8,0.784867
82,0,0,2,4294967295,1,-13.5512,-8.03571,8,0.784867
82,0,0,3,4294967295,1,-12.9844,-9.31241,8,0.791304
82,1,-1,0,4294967295,2,8.86394,-7.06458,1,0.33454
82,1,0,1,4294967295,2,8.00049,-6.71629,4,0.341379
82,1,1,2,4294967295,2,8.63237,-7.84761,3,0.340155
82,1,1,3,4294967295,2,9.11042,-6.01218,3,0.357807
82,2,-1,0,4294967295,3,19.9121,19.9637,1,0.0767075
82,2,0,1,4294967295,3,20.742,20.5079,4,0.0544886
82,2,1,2,4294967295,3,19.4406,20.6701,3,0.0553361
82,2,1,3,4294967295,3,20.3866,19.2116,3,0.0469886
82,2,0,4,4294967295,3,18.8279,19.3277,0,0.0954962
82,2,4,5,4294967295,3,17.5179,19.0513,0,0.110519
82,2,5,6,4294967295,3,16.3708,18.4548,0,0.121745
82,2,6,7,4294967295,3,15.0809,18.4986,0,0.129192
82,2,7,8,4294967295,3,13.8783,18.0416,0,0.132899
82,3,-1,0,4294967295,4,20.6008,15.855,1,0.207324
82,3,0,1,4294967295,4,21.5683,16.124,4,0.19313
82,3,1,2,4294967295,4,20.3422,16.5959,3,0.184149
82,3,1,3,4294967295,4,20.7384,15.1134,3,0.200374
82,3,0,4,4294967295,4,19.6496,15.5003,2,0.214421
82,3,4,5,4294967295,4,18.3531,15.1429,3,0.213236
82,5,-1,0,1,2,18.6041,11.6328,1,0
82,6,-1,0,2,3,-16.1109,8.78134,1,0.0260161
82,7,-1,0,3,4,-1.03076,9.49413,1,0.393353
82,4,-1,0,0,1,-12.1996,-8.95776,1,0.803566
82,5,0,1,1,2,17.9887,10.9943,4,0
82,6,0,1,2,3,-16.6435,7.95783,4,0.000346287
82,7,0,1,3,4,0.0569208,9.24239,4,0.391043
82,5,1,2,1,2,19.2919,11.335,3,0
82,6,1,2,2,3,-15.4032,8.40159,3,0
82,7,1,2,3,4,-0.448983,10.3587,3,0.38846
82,5,1,3,1,2,17.8772,12.3068,3,0
82,7,1,3,3,4,-0.993964,8.54444,3,0.392974
82,6,0,4,2,3,-15.5079,9.84653,0,0.0552845
82,7,0,4,3,4,-2.05666,9.47545,2,0.384824
82,8,-1,0,5,2,18.7196,10.7972,1,0.739538
82,6,4,5,2,3,-15.167,11.1453,0,0.0845319
82,7,4,5,3,4,-3.28847,9.64581,3,0.375542
82,6,5,6,2,3,-15.4941,12.4106,0,0.110547
82,9,-1,0,7,4,-0.564329,-10.4616,1,0.500471
82,6,6,7,2,3,-15.2876,13.6921,0,0.130176
82,6,7,8,2,3,-15.4501,14.9769,0,0.140763
82,11,-1,0,6,3,-13.4457,9.55028,1,0.532171
82,12,-1,0,3,4,17.1748,16.2461,1,0
82,11,0,1,6,3,-13.0744,8.5782,4,0.495431
82,9,0,1,7,4,0.430693,-10.8428,4,0.838067
82,11,1,2,6,3,-12.5752,9.78611,3,0.584665
82,11,1,3,6,3,-14.354,8.72347,3,0.441123
82,11,0,4,6,3,-13.6806,10.797,0,0.582679
82,4,0,1,0,1,-12.2771,-9.79764,8,2.37639
82,11,4,5,6,3,-13.1793,12.0584,0,0.6403
82,11,5,6,6,3,-12.7526,13.2674,0,0.824167
82,11,6,7,6,3,-11.6565,13.9234,0,0.789925
82,9,1,2,7,4,0.322881,-9.5623,3,0.858534
82,12,0,1,3,4,18.0035,15.7622,4,0
82,11,7,8,6,3,-10.8593,14.9137,0,0.777805
82,14,-1,0,11,3,-13.0351,10.269,1,0.155212
82,14,0,1,11,3,-11.9556,10.3997,4,0.210308
82,14,1,2,11,3,-12.7092,11.4238,3,0.224631
82,14,1,3,11,3,-12.1824,9.12304,3,0.236677
82,14,0,4,11,3,-14.3145,10.1917,0,0.102687
82,12,1,3,3,4,16.7179,15.6154,3,0
82,4,0,2,0,1,-11.4276,-8.63593,8,2.47031
82,12,0,4,3,4,16.231,16.7067,2,0
82,8,0,1,5,2,18.139,10.0526,4,0.728058
82,12,4,5,3,4,15.3209,17.4497,3,0
82,9,1,3,7,4,-0.690085,-11.4335,3,1.10297
82,8,1,2,5,2,19.4051,10.3415,3,0.721818
82,9,0,4,7,4,-1.56217,-10.2979,2,0.388595
82,14,4,5,11,3,-15.6829,10.5084,0,0.0727732
82,9,4,5,7,4,-2.21655,-9.96853,3,0.475431
82,17,-1,0,3,4,5.63278,3.87099,1,0.425473
82,18,-1,0,9,4,-0.772963,-9.60931,1,0.43501
82,17,0,1,3,4,5.59977,2.81644,4,0.946209
82,17,1,2,3,4,6.53635,3.68625,3,1.19652
82,19,-1,0,2,3,20.7193,19.8026,1,0.825556
82,17,1,3,3,4,4.5201,3.47398,3,1.03602
82,17,0,4,3,4,5.82632,4.91654,2,0.616436
82,19,0,1,2,3,21.1394,18.887,4,0.817998
82,17,4,5,3,4,6.35614,5.88545,3,0.585754
82,20,-1,0,7,4,-1.20402,10.3545,1,0.485385
82,20,0,1,7,4,-1.64351,11.3288,4,0.463276
82,20,1,2,7,4,-2.37832,10.3202,3,0.436586
82,18,0,1,9,4,0.0351526,-10.2287,4,0.426446
82,21,-1,0,3,4,21.0003,16.5297,1,0.220627
82,21,0,1,3,4,21.3533,15.5748,4,0.214033
82,20,1,3,7,4,-0.398027,11.0553,3,0.481624
82,19,1,2,2,3,21.504,20.1434,3,0.82202
82,21,1,2,3,4,21.6911,16.8446,3,0.219763
82,20,0,4,7,4,-0.536752,9.56897,2,0.520364
82,22,-1,0,1,2,6.34325,-7.30403,1,0.860838
82,22,0,1,1,2,5.52899,-7.68917,4,1.00314
82,23,-1,0,17,4,4.93676,4.33174,1,0.751355
82,18,1,2,9,4,-0.324105,-8.98097,3,0.404344
82,22,1,2,1,2,6.84914,-7.72678,3,0.995534
82,23,0,1,17,4,4.79136,5.35152,4,0.717432
82,18,1,3,9,4,-1.15081,-10.8124,3,0.378091
82,22,1,3,1,2,6.0376,-6.49864,3,1.12426
82,23,1,2,17,4,3.99586,4.35464,3,0.823321
82,24,-1,0,22,2,6.27382,-8.16054,1,0.63
82,18,0,4,9,4,-1.48654,-8.75131,2,0.454761
82,23,1,3,17,4,5.98208,4.83154,3,0.542951
83,0,-1,0,4294967295,1,-12.8509,-8.4932,1,0.277344
83,0,0,1,4294967295,1,-12.1129,-8.08498,8,0.80677
83,0,0,2,4294967295,1,-13.5512,-8.03571,8,0.80677
83,0,0,3,4294967295,1,-12.9844,-9.31241,8,0.906582
83,1,-1,0,4294967295,2,8.51728,-7.04643,1,0.31476
83,1,0,1,4294967295,2,7.82754,-6.43095,4,0.30706
83,1,1,2,4294967295,2,8.07584,-7.71307,3,0.294283
83,1,1,3,4294967295,2,9.1367,-6.31335,3,0.319408
83,2,-1,0,4294967295,3,20.0778,20.0635,1,0.0547478
83,2,0,1,4294967295,3,20.9364,20.5654,4,0.0325254
83,2,1,2,4294967295,3,19.6539,20.8297,3,0.0316773
83,2,1,3,4294967295,3,20.5,19.2932,3,0.0266003
83,2,0,4,4294967295,3,18.9811,19.4482,0,0.0734914
83,2,4,5,4294967295,3,17.679,19.149,0,0.0884846
83,2,5,6,4294967295,3,16.5553,18.5157,0,0.099721
83,2,6,7,4294967295,3,15.2676,18.5246,0,0.107203
83,2,7,8,4294967295,3,14.0775,18.0409,0,0.110939
83,3,-1,0,4294967295,4,20.739,15.7643,1,0.180018
83,3,0,1,4294967295,4,21.706,16.2029,4,0.166584
83,3,1,2,4294967295,4,20.5426,16.7682,3,0.159406
83,3,1,3,4294967295,4,21.1945,15.0354,3,0.173068
83,3,0,4,4294967295,4,19.8314,15.231,2,0.187251
83,3,4,5,4294967295,4,19.0723,14.9335,3,0.187944
83,6,-1,0,2,3,-15.9128,8.526,1,0.0205185
83,7,-1,0,3,4,-0.772016,9.71959,1,0.368643
83,4,-1,0,0,1,-12.1996,-8.95776,1,0.797923
83,7,0,1,3,4,0.213295,9.27083,4,0.37977
83,7,1,2,3,4,0.130516,10.5554,3,0.419387
83,26,1,3,1,2,18.1181,12.0403,3,0
83,7,1,3,3,4,-1.00424,8.91506,3,0.370718
83,6,0,4,2,3,-15.2282,9.61092,0,0.0403458
83,7,0,4,3,4,-1.8345,9.73213,2,0.363356
83,8,-1,0,5,2,18.6515,10.2998,1,0.702146
83,6,4,5,2,3,-14.7266,10.9803,0,0.0638437
83,7,4,5,3,4,-2.92604,9.93225,3,0.358477
83,6,5,6,2,3,-15.2362,12.262,0,0.0850984
83,9,-1,0,7,4,0.157135,-10.7907,1,0.447115
83,6,6,7,2,3,-15.1446,13.5036,0,0.101032
83,6,7,8,2,3,-15.6159,14.6808,0,0.109554
83,11,-1,0,6,3,-12.6027,9.29298,1,0.425216
83,12,-1,0,3,4,17.1299,16.5708,1,0.00826451
83,11,0,1,6,3,-11.9431,8.4692,4,0.452645
83,9,0,1,7,4,1.14462,-11.035,4,0.931292
83,11,1,2,6,3,-11.8585,9.78183,3,0.495407
83,11,1,3,6,3,-13.1615,8.05835,3,0.459526
83,11,0,4,6,3,-13.1871,10.4301,0,0.504334
83,4,0,1,0,1,-12.2771,-9.79764,8,2.37466
83,11,4,5,6,3,-13.0237,11.7798,0,0.630574
83,11,5,6,6,3,-12.811,13.0766,0,0.730758
83,11,6,7,6,3,-11.8319,13.9556,0,0.764428
83,9,1,2,7,4,0.698578,-9.79995,3,0.908196
83,11,7,8,6,3,-11.1691,15.0744,0,0.768638
83,14,-1,0,11,3,-12.4304,10.1008,1,0.282503
83,14,0,1,11,3,-11.3966,10.366,4,0.387522
83,14,1,2,11,3,-12.2603,11.3099,3,0.317871
83,14,1,3,11,3,-11.6666,9.08251,3,0.242418
83,14,0,4,11,3,-13.638,9.76346,0,0.23281
83,25,1,3,3,4,16.9025,15.4883,3,0
83,4,0,2,0,1,-11.4276,-8.63593,8,2.42969
83,12,0,4,3,4,16.1688,17.0283,2,0.00148753
83,8,0,1,5,2,17.7308,10.1655,4,0.687836
83,9,1,3,7,4,0.0180807,-11.6495,3,1.00555
83,8,1,2,5,2,18.8333,9.45126,3,0.677551
83,9,0,4,7,4,-0.94337,-10.695,2,0.419744
83,14,4,5,11,3,-14.7539,10.3357,0,0.248439
83,9,4,5,7,4,-2.27821,-10.4548,3,0.439709
83,17,-1,0,3,4,5.57731,3.42243,1,0.816463
83,18,-1,0,9,4,-0.321508,-10.2229,1,0.408535
83,17,0,1,3,4,5.70659,2.40053,4,1.02094
83,17,1,2,3,4,6.64564,3.26636,3,1.19711
83,19,-1,0,2,3,20.8743,19.8638,1,0.797088
83,17,1,3,3,4,4.57178,3.03444,3,1.01949
83,17,0,4,3,4,5.37492,4.4545,2,0.669522
83,19,0,1,2,3,21.2417,18.9287,4,0.78965
83,17,4,5,3,4,5.33919,5.18522,3,0.602895
83,20,-1,0,7,4,-0.78585,10.6067,1,0.489733
83,20,0,1,7,4,-1.36204,11.5144,4,0.53246
83,20,1,2,7,4,-1.95512,10.4287,3,0.451192
83,18,0,1,9,4,0.669744,-10.3231,4,0.37716
83,21,-1,0,3,4,21.2156,16.3918,1,0.192856
83,21,0,1,3,4,21.843,15.5339,4,0.185041
83,20,1,3,7,4,-0.112595,11.3657,3,0.513424
83,19,1,2,2,3,21.6733,20.1654,3,0.794127
83,21,1,2,3,4,22.3033,16.7419,3,0.187492
83,20,0,4,7,4,-0.0591062,9.89367,2,0.481158
83,22,-1,0,1,2,5.56055,-7.38147,1,0.625165
83,22,0,1,1,2,4.77429,-7.79706,4,0.858193
83,23,-1,0,17,4,4.93466,3.95729,1,0.703884
83,18,1,2,9,4,-0.0466562,-9.22475,3,0.370427
83,22,1,2,1,2,6.11283,-7.73246,3,0.911398
83,23,0,1,17,4,4.84282,4.99422,4,0.720735
83,18,1,3,9,4,-0.429288,-10.9678,3,0.365929
83,22,1,3,1,2,5.18784,-6.55028,3,1.02916
83,23,1,2,17,4,4.06565,4.04592,3,0.869738
83,24,-1,0,22,2,5.8299,-8.19552,1,0.618022
83,18,0,4,9,4,-1.2406,-9.93433,2,0.441595
83,23,1,3,17,4,5.86323,4.16041,3,0.63983
83,14,5,6,11,3,-15.1908,11.5654,0,0.306922
83,24,0,1,22,2,5.18239,-8.78913,4,0.615578
83,18,4,5,9,4,-1.66963,-9.00266,3,0.479166
84,0,-1,0,4294967295,1,-12.8509,-8.4932,1,0.271624
84,0,0,1,4294967295,1,-12.1129,-8.08498,8,0.801119
84,0,0,2,4294967295,1,-13.5512,-8.03571,8,0.801119
84,0,0,3,4294967295,1,-12.9844,-9.31241,8,0.859604
84,1,-1,0,4294967295,2,8.01373,-6.96049,1,0.282821
84,1,0,1,4294967295,2,7.85182,-6.04047,4,0.271921
84,1,1,2,4294967295,2,7.13062,-7.13826,3,0.25643
84,1,1,3,4294967295,2,9.0598,-6.57575,3,0.283749
84,2,-1,0,4294967295,3,20.2445,20.1597,1,0.0327485
84,2,0,1,4294967295,3,21.1322,20.6112,4,0.0105227
84,2,1,2,4294967295,3,19.8737,20.9715,3,0.00932596
84,2,1,3,4294967295,3,20.625,19.3652,3,0.00494148
84,2,0,4,4294967295,3,19.1217,19.5894,0,0.0514898
84,2,4,5,4294967295,3,17.8192,19.2718,0,0.0664799
84,2,5,6,4294967295,3,16.7146,18.597,0,0.0777192
84,2,6,7,4294967295,3,15.4252,18.5468,0,0.0852095
84,2,7,8,4294967295,3,14.2562,18.0096,0,0.0889535
84,3,-1,0,4294967295,4,21.1954,15.7147,1,0.153034
84,3,0,1,4294967295,4,22.0977,16.0341,4,0.140037
84,3,1,2,4294967295,4,20.9103,16.61,3,0.133009
84,3,1,3,4294967295,4,21.3494,14.9434,3,0.146441
84,3,0,4,4294967295,4,20.358,15.2293,2,0.159402
84,3,4,5,4294967295,4,19.4611,14.9513,3,0.159846
84,6,-1,0,2,3,-15.4839,8.62819,1,0.0381006
84,7,-1,0,3,4,-0.549484,9.92141,1,0.348216
84,4,-1,0,0,1,-12.1996,-8.95776,1,0.82142
84,7,0,1,3,4,0.341912,9.33462,4,0.342374
84,7,1,2,3,4,0.462029,10.5907,3,0.344034
84,26,1,3,1,2,18.3224,11.8735,3,0
84,7,1,3,3,4,-0.901892,9.12063,3,0.33775
84,6,0,4,2,3,-15.1376,9.81987,0,0.0408184
84,7,0,4,3,4,-1.50536,10.0439,2,0.345746
84,8,-1,0,5,2,18.3891,9.68608,1,0.702146
84,6,4,5,2,3,-14.5945,10.993,0,0.0501409
84,7,4,5,3,4,-2.17962,10.2648,3,0.338836
84,6,5,6,2,3,-14.891,12.2112,0,0.063192
84,9,-1,0,7,4,0.575661,-11.0445,1,0.751525
84,6,6,7,2,3,-14.9727,13.4883,0,0.0747808
84,6,7,8,2,3,-15.7378,14.5366,0,0.0813593
84,11,-1,0,6,3,-11.6776,9.06381,1,0.529553
84,12,-1,0,3,4,17.0597,16.7648,1,0
84,11,0,1,6,3,-10.779,8.41549,4,0.546654
84,9,0,1,7,4,1.66277,-11.2946,4,0.982029
84,11,1,2,6,3,-10.9361,9.69916,3,0.670393
84,11,1,3,6,3,-11.8291,7.70152,3,0.469801
84,11,0,4,6,3,-12.4564,10.0841,0,0.552132
84,4,0,1,0,1,-12.2771,-9.79764,8,2.4103
84,11,4,5,6,3,-12.6748,11.4521,0,0.608658
84,11,5,6,6,3,-12.8014,12.789,0,0.677804
84,11,6,7,6,3,-12.0575,13.8937,0,0.742199
84,9,1,2,7,4,1.39865,-10.0774,3,1.09538
84,11,7,8,6,3,-11.5725,15.1153,0,0.785308
84,14,-1,0,11,3,-11.6226,9.89756,1,0.311862
84,14,0,1,11,3,-10.5785,10.2259,4,0.445825
84,14,1,2,11,3,-11.6203,10.9857,3,0.324185
84,14,1,3,11,3,-11.0779,9.04483,3,0.509436
84,14,0,4,11,3,-12.8853,9.58247,0,0.276707
84,25,1,3,3,4,17.0317,15.3958,3,0
84,4,0,2,0,1,-11.4276,-8.63593,8,2.44255
84,8,0,1,5,2,17.6698,10.252,4,0.687836
84,9,1,3,7,4,0.695182,-12.0726,3,1.09676
84,8,1,2,5,2,18.0318,8.97341,3,0.677551
84,9,0,4,7,4,-0.490462,-10.9547,2,0.600971
84,14,4,5,11,3,-14.1294,10.2579,0,0.263365
84,9,4,5,7,4,-1.39027,-10.771,3,0.577079
84,17,-1,0,3,4,5.51433,3.07583,1,0.868408
84,18,-1,0,9,4,0.0471902,-10.4533,1,0.396781
84,17,0,1,3,4,5.52092,2.01029,4,1.05845
84,17,1,2,3,4,6.48574,2.80071,3,1.09879
84,19,-1,0,2,3,21.0278,19.9118,1,0.768973
84,17,1,3,3,4,4.64537,2.9576,3,1.02604
84,17,0,4,3,4,5.29734,4.13221,2,0.754984
84,19,0,1,2,3,21.335,18.9538,4,0.76181
84,17,4,5,3,4,5.37407,5.52083,3,0.637062
84,20,-1,0,7,4,-0.650098,10.835,1,0.487788
84,20,0,1,7,4,-1.11871,11.8303,4,0.481652
84,20,1,2,7,4,-1.56135,10.7081,3,0.481317
84,18,0,1,9,4,1.06294,-10.7629,4,0.388904
84,21,-1,0,3,4,21.5583,16.4234,1,0.162809
84,21,0,1,3,4,21.8796,15.4456,4,0.153999
84,20,1,3,7,4,0.0571561,11.4449,3,0.479309
84,19,1,2,2,3,21.842,20.1614,3,0.76686
84,21,1,2,3,4,22.4424,16.6211,3,0.155889
84,20,0,4,7,4,-0.0328909,10.0205,2,0.48594
84,22,-1,0,1,2,5.13244,-7.42295,1,0.469182
84,22,0,1,1,2,4.36559,-7.96396,4,0.773086
84,23,-1,0,17,4,4.8499,3.49098,1,0.641472
84,18,1,2,9,4,0.700687,-9.56447,3,0.351853
84,22,1,2,1,2,5.69408,-7.99509,3,0.843394
84,23,0,1,17,4,4.51071,4.40273,4,0.6751
84,18,1,3,9,4,0.0758758,-11.6141,3,0.457366
84,22,1,3,1,2,4.40887,-6.67461,3,0.888819
84,23,1,2,17,4,3.98156,3.21122,3,0.720502
84,24,-1,0,22,2,4.97368,-8.23246,1,0.591591
84,18,0,4,9,4,-0.96487,-10.2778,2,0.412815
84,23,1,3,17,4,5.84826,4.31109,3,0.711352
84,14,5,6,11,3,-15.4627,10.6509,0,0.261828
84,24,0,1,22,2,4.4289,-9.01389,4,0.591084
84,18,4,5,9,4,-1.73013,-10.0003,3,0.420277
84,23,0,4,17,4,5.04566,2.47007,2,0.612981
84,24,1,2,22,2,5.73043,-8.88829,3,0.613644
85,0,-1,0,4294967295,1,-12.8509,-8.4932,1,0.265227
85,0,0,1,4294967295,1,-12.1129,-8.08498,8,0.78999
85,0,0,2,4294967295,1,-13.5512,-8.03571,8,0.78999
85,0,0,3,4294967295,1,-12.9844,-9.31241,8,0.824259
85,1,-1,0,4294967295,2,7.51768,-6.51397,1,0.263673
85,1,0,1,4294967295,2,8.02098,-5.73408,4,0.268305
85,1,1,2,4294967295,2,6.72961,-6.0459,3,0.247846
85,1,1,3,4294967295,2,8.59222,-6.9331,3,0.306427
85,2,-1,0,4294967295,3,20.4002,20.2352,1,0.0139944
85,2,0,1,4294967295,3,21.3052,20.6312,4,0.000186183
85,2,1,2,4294967295,3,20.0605,21.0493,3,0
85,2,1,3,4294967295,3,20.6952,19.4255,3,0
85,2,0,4,4294967295,3,19.256,19.72,0,0.030206
85,2,4,5,4294967295,3,17.9498,19.4123,0,0.0446118
85,2,5,6,4294967295,3,16.8607,18.7047,0,0.0557423
85,2,6,7,4294967295,3,15.5728,18.577,0,0.0632177
85,2,7,8,4294967295,3,14.4369,17.9653,0,0.0669614
85,3,-1,0,4294967295,4,21.5011,15.6627,1,0.126256
85,3,0,1,4294967295,4,22.5103,15.9235,4,0.11308
85,3,1,2,4294967295,4,21.3312,16.4615,3,0.105589
85,3,1,3,4294967295,4,21.6961,14.9207,3,0.119639
85,3,0,4,4294967295,4,20.4864,15.2812,2,0.132505
85,3,4,5,4294967295,4,19.1793,14.9428,3,0.13087
85,6,-1,0,2,3,-15.1466,8.44437,1,0.0279444
85,7,-1,0,3,4,-0.270995,10.0142,1,0.316808
85,4,-1,0,0,1,-12.1996,-8.95776,1,0.812384
85,7,0,1,3,4,0.7125,9.57535,4,0.302219
85,7,1,2,3,4,0.578086,10.8529,3,0.294984
85,26,1,3,1,2,18.4663,11.756,3,0
85,7,1,3,3,4,-0.474598,9.12801,3,0.301082
85,6,0,4,2,3,-14.6509,9.58639,0,0.0319145
85,7,0,4,3,4,-1.29229,10.1455,2,0.321716
85,8,-1,0,5,2,18.1104,9.26339,1,0.702146
85,6,4,5,2,3,-14.3279,10.847,0,0.0420124
85,7,4,5,3,4,-2.51422,10.7138,3,0.319278
85,6,5,6,2,3,-14.8078,12.2007,0,0.0687541
85,9,-1,0,7,4,1.12257,-11.547,1,0.965248
85,6,6,7,2,3,-14.8636,13.5166,0,0.117721
85,6,7,8,2,3,-15.7052,14.4756,0,0.0840459
85,11,-1,0,6,3,-10.6087,9.05896,1,0.362872
85,11,0,1,6,3,-9.68932,8.47616,4,0.45923
85,9,0,1,7,4,2.07907,-11.8558,4,1.14475
85,11,1,2,6,3,-10.2119,9.67317,3,0.586708
85,11,1,3,6,3,-10.6859,7.66606,3,0.453469
85,11,0,4,6,3,-11.553,9.94399,0,0.54149
85,4,0,1,0,1,-12.2771,-9.79764,8,2.40523
85,11,4,5,6,3,-12.0707,11.2266,0,0.658396
85,11,5,6,6,3,-12.6343,12.4281,0,0.828591
85,11,6,7,6,3,-12.2523,13.6881,0,0.86044
85,9,1,2,7,4,1.91,-10.5637,3,1.02622
85,11,7,8,6,3,-12.102,14.9905,0,0.802305
85,14,-1,0,11,3,-10.9211,9.88154,1,0.388958
85,14,0,1,11,3,-10.0133,10.4697,4,0.477679
85,14,1,2,11,3,-11.2584,10.7607,3,0.366822
85,14,1,3,11,3,-9.61832,9.22305,3,0.4072
85,14,0,4,11,3,-12.2693,9.69395,0,0.310795
85,25,1,3,3,4,17.1227,15.3306,3,0
85,4,0,2,0,1,-11.4276,-8.63593,8,2.52865
85,8,0,1,5,2,17.7548,10.1103,4,0.687836
85,9,1,3,7,4,0.887676,-12.3613,3,1.19918
85,8,1,2,5,2,17.4333,8.82993,3,0.677551
85,9,0,4,7,4,0.0701525,-11.5213,2,0.808735
85,14,4,5,11,3,-13.7805,9.92705,0,0.289529
85,9,4,5,7,4,-0.748511,-11.4016,3,0.79257
85,17,-1,0,3,4,5.47528,2.7262,1,0.740965
85,18,-1,0,9,4,0.773071,-10.7175,1,0.405523
85,17,0,1,3,4,5.48627,1.69614,4,0.937437
85,17,1,2,3,4,6.57933,2.3735,3,1.15
85,19,-1,0,2,3,21.1691,19.9462,1,0.741294
85,17,1,3,3,4,4.37285,2.43428,3,1.02854
85,17,0,4,3,4,5.36193,3.75728,2,0.681092
85,19,0,1,2,3,21.4252,18.9807,4,0.734378
85,17,4,5,3,4,5.45032,4.76252,3,0.711126
85,20,-1,0,7,4,-0.325674,10.9014,1,0.459348
85,20,0,1,7,4,-0.898642,11.8272,4,0.445505
85,20,1,2,7,4,-1.4263,10.7208,3,0.451571
85,18,0,1,9,4,1.72068,-11.1441,4,0.421953
85,21,-1,0,3,4,21.9881,16.3123,1,0.133066
85,21,0,1,3,4,22.3416,15.3613,4,0.125114
85,20,1,3,7,4,0.336193,11.6658,3,0.43329
85,19,1,2,2,3,22.0011,20.1602,3,0.739865
85,21,1,2,3,4,22.7632,16.6071,3,0.128278
85,20,0,4,7,4,0.380264,10.1571,2,0.465237
85,22,-1,0,1,2,4.58611,-7.73203,1,0.186793
85,22,0,1,1,2,3.76993,-8.11132,4,0.748483
85,23,-1,0,17,4,4.6517,3.31011,1,0.731465
85,18,1,2,9,4,1.21681,-9.99202,3,0.402487
85,22,1,2,1,2,5.08924,-8.32674,3,0.775103
85,23,0,1,17,4,4.10225,4.3495,4,0.685251
85,18,1,3,9,4,0.569449,-11.6983,3,0.466034
85,22,1,3,1,2,4.09282,-6.83106,3,0.826312
85,23,1,2,17,4,3.68034,3.2044,3,0.676904
85,24,-1,0,22,2,4.42309,-8.5615,1,0.587079
85,18,0,4,9,4,-0.253242,-10.4749,2,0.396655
85,23,1,3,17,4,5.31626,4.41134,3,0.820266
85,14,5,6,11,3,-15.1715,10.1396,0,0.329428
85,24,0,1,22,2,3.66039,-9.01783,4,0.64382
85,18,4,5,9,4,-1.57635,-10.117,3,0.39069
85,23,0,4,17,4,4.94312,2.18089,2,0.836976
85,24,1,2,22,2,4.9745,-9.2468,3,0.58657
85,23,4,5,17,4,4.75476,1.39945,3,0.977162
85,14,6,7,11,3,-14.8169,11.4052,0,0.420315
85,24,1,3,22,2,3.80019,-7.68881,3,0.524457
86,0,-1,0,4294967295,1,-12.8509,-8.4932,1,0.276986
86,0,0,1,4294967295,1,-12.1129,-8.08498,8,0.809467
86,0,0,2,4294967295,1,-13.5512,-8.03571,8,0.809467
86,0,0,3,4294967295,1,-12.9844,-9.31241,8,0.829547
86,1,-1,0,4294967295,2,7.37375,-5.94923,1,0.262363
86,1,0,1,4294967295,2,8.12989,-5.42652,4,0.265648
86,1,1,2,4294967295,2,6.81228,-5.37215,3,0.29228
86,1,1,3,4294967295,2,8.00152,-6.71859,3,0.250435
86,2,-1,0,4294967295,3,20.5056,20.2775,1,0.00732268
86,2,0,4,4294967295,3,19.3512,19.8009,0,0.0147843
86,2,4,5,4294967295,3,18.0469,19.5375,0,0.0250853
86,2,5,6,4294967295,3,16.983,18.8132,0,0.0345812
86,2,6,7,4294967295,3,15.7118,18.6234,0,0.0414816
86,2,7,8,4294967295,3,14.6298,17.9286,0,0.0450557
86,3,-1,0,4294967295,4,21.5892,15.5591,1,0.0992334
86,3,0,1,4294967295,4,22.6008,15.8257,4,0.0859376
86,3,1,2,4294967295,4,21.5435,16.5844,3,0.0786387
86,3,1,3,4294967295,4,21.9601,14.7232,3,0.092287
86,3,0,4,4294967295,4,20.6098,15.332,2,0.106055
86,3,4,5,4294967295,4,19.9083,15.3655,3,0.105491
86,6,-1,0,2,3,-14.5905,8.16017,1,0.0226512
86,7,-1,0,3,4,-0.0788793,10.1497,1,0.293912
86,4,-1,0,0,1,-12.1996,-8.95776,1,0.811527
86,7,0,1,3,4,0.934845,9.74923,4,0.295301
86,7,1,2,3,4,0.690476,11.0024,3,0.266019
86,26,1,3,1,2,18.5676,11.6732,3,0
86,7,1,3,3,4,-0.194366,9.20399,3,0.337718
86,6,0,4,2,3,-14.2301,9.38271,0,0.0330691
86,7,0,4,3,4,-1.10092,10.2616,2,0.295189
86,8,-1,0,5,2,17.8565,8.98275,1,0.702146
86,6,4,5,2,3,-13.816,10.7638,0,0.0589746
86,7,4,5,3,4,-2.01509,10.5479,3,0.294987
86,6,5,6,2,3,-14.416,11.9506,0,0.105765
86,9,-1,0,7,4,1.58166,-11.9353,1,1.01021
86,6,6,7,2,3,-14.7785,13.237,0,0.1536
86,6,7,8,2,3,-15.5376,14.3428,0,0.142332
86,11,-1,0,6,3,-9.811,9.22732,1,0.523527
86,11,0,1,6,3,-8.79148,8.87671,4,0.511495
86,9,0,1,7,4,2.61178,-12.3369,4,1.19707
86,11,1,2,6,3,-9.48905,9.98692,3,0.504941
86,11,1,3,6,3,-9.62057,7.91477,3,0.53444
86,11,0,4,6,3,-10.9392,9.83073,0,0.59453
86,4,0,1,0,1,-12.2771,-9.79764,8,2.40721
86,11,4,5,6,3,-11.5763,11.0202,0,0.715541
86,11,5,6,6,3,-12.2949,12.1139,0,0.808446
86,11,6,7,6,3,-12.3185,13.4339,0,0.929584
86,9,1,2,7,4,2.51932,-11.0738,3,1.19949
86,11,7,8,6,3,-12.6742,14.7069,0,1.02182
86,14,-1,0,11,3,-10.2243,9.97214,1,0.419041
86,14,0,1,11,3,-9.3539,10.6885,4,0.524194
86,14,1,2,11,3,-10.5393,11.1173,3,0.469708
86,14,1,3,11,3,-9.00451,9.45881,3,0.561332
86,14,0,4,11,3,-11.447,9.37261,0,0.358374
86,25,1,3,3,4,17.1868,15.2847,3,0
86,4,0,2,0,1,-11.4276,-8.63593,8,2.47953
86,8,0,1,5,2,17.8251,9.89826,4,0.687836
86,9,1,3,7,4,1.45143,-12.7909,3,1.19986
86,8,1,2,5,2,17.0589,8.82395,3,0.677551
86,9,0,4,7,4,0.477777,-11.6948,2,0.898316
86,14,4,5,11,3,-12.9019,9.86712,0,0.336589
86,9,4,5,7,4,-0.863502,-11.3856,3,0.84152
86,17,-1,0,3,4,5.45176,2.35798,1,0.823226
86,18,-1,0,9,4,1.19733,-11.2569,1,0.386196
86,17,0,1,3,4,5.23972,1.33165,4,0.934684
86,17,1,2,3,4,6.32167,1.94352,3,0.942531
86,19,-1,0,2,3,21.2121,19.899,1,0.713842
86,17,1,3,3,4,4.10332,1.9938,3,1.1373
86,17,0,4,3,4,5.73282,3.32911,2,0.750925
86,19,0,1,2,3,21.5003,18.9386,4,0.706975
86,17,4,5,3,4,6.13194,4.02663,3,0.711887
86,20,-1,0,7,4,-0.200353,11.0282,1,0.429376
86,20,0,1,7,4,-0.771168,11.9539,4,0.412318
86,20,1,2,7,4,-1.42189,10.8964,3,0.417499
86,18,0,1,9,4,2.14983,-11.7247,4,0.3923
86,21,-1,0,3,4,22.1418,16.0821,1,0.103
86,21,0,1,3,4,22.6918,15.1678,4,0.0936973
86,20,1,3,7,4,0.467003,11.8119,3,0.399183
86,19,1,2,2,3,22.0853,20.1174,3,0.712643
86,21,1,2,3,4,23.1758,16.3625,3,0.0942367
86,20,0,4,7,4,0.524117,10.2991,2,0.437623
86,22,-1,0,1,2,4.22565,-7.93161,1,0.542633
86,22,0,1,1,2,3.43979,-8.38878,4,0.668153
86,23,-1,0,17,4,4.01642,3.51836,1,0.711489
86,18,1,2,9,4,1.96218,-10.4759,3,0.368667
86,22,1,2,1,2,4.76024,-8.47525,3,0.641244
86,23,0,1,17,4,3.28547,4.09601,4,0.718728
86,18,1,3,9,4,0.939492,-12.1304,3,0.514175
86,22,1,3,1,2,3.78577,-7.13317,3,0.670368
86,23,1,2,17,4,3.33242,2.77906,3,0.707939
86,24,-1,0,22,2,3.78085,-8.92253,1,0.577549
86,18,0,4,9,4,0.24394,-10.8027,2,0.381829
86,23,1,3,17,4,4.55483,3.80336,3,0.71401
86,14,5,6,11,3,-14.3509,10.4243,0,0.338527
86,24,0,1,22,2,2.86782,-9.1798,4,0.581894
86,18,4,5,9,4,-0.361822,-10.2068,3,0.376198
86,23,0,4,17,4,4.66546,2.76238,2,0.755853
86,24,1,2,22,2,4.07235,-9.69262,3,0.576923
86,23,4,5,17,4,4.78241,1.73969,3,0.863867
86,14,6,7,11,3,-15.6051,11.2491,0,0.34727
86,24,1,3,22,2,2.93123,-7.82611,3,0.603754
86,27,-1,0,23,4,3.79473,2.85415,1,0.512133
87,0,-1,0,4294967295,1,-12.8509,-8.4932,1,0.264453
87,0,0,1,4294967295,1,-12.1129,-8.08498,8,0.795082
87,0,0,2,4294967295,1,-13.5512,-8.03571,8,0.795082
87,0,0,3,4294967295,1,-12.9844,-9.31241,8,0.806848
87,1,-1,0,4294967295,2,7.4655,-5.47898,1,0.252158
87,1,0,1,4294967295,2,8.16625,-4.88013,4,0.313009
87,1,1,2,4294967295,2,6.85046,-4.9525,3,0.258133
87,1,1,3,4294967295,2,8.15163,-6.17801,3,0.228202
87,2,-1,0,4294967295,3,20.6017,20.2797,1,4.24191e-05
87,2,0,4,4294967295,3,19.4282,19.8534,0,0.00321892
87,2,4,5,4294967295,3,18.1262,19.6234,0,0.00918131
87,2,5,6,4294967295,3,17.0732,18.895,0,0.01565
87,2,6,7,4294967295,3,15.8139,18.6692,0,0.0209065
87,2,7,8,4294967295,3,14.7879,17.9027,0,0.0238063
87,3,-1,0,4294967295,4,22.035,15.5288,1,0.0719623
87,3,0,1,4294967295,4,23.0191,15.5052,4,0.0588101
87,3,1,2,4294967295,4,22.0092,16.3514,3,0.0516081
87,3,1,3,4294967295,4,21.9571,14.7239,3,0.0649484
87,3,0,4,4294967295,4,21.0478,15.4551,2,0.078681
87,3,4,5,4294967295,4,19.9606,15.6317,3,0.0797948
87,6,-1,0,2,3,-13.9544,8.27454,1,0.0873734
87,7,-1,0,3,4,0.0862253,10.3014,1,0.331695
87,4,-1,0,0,1,-12.1996,-8.95776,1,0.833436
87,7,0,1,3,4,1.08788,9.96351,4,0.348545
87,7,1,2,3,4,0.830343,11.2019,3,0.327863
87,7,1,3,3,4,-0.072574,9.41613,3,0.361402
87,6,0,4,2,3,-13.7334,9.46663,0,0.132328
87,7,0,4,3,4,-0.869745,10.1591,2,0.299983
87,6,4,5,2,3,-13.47,10.7641,0,0.190069
87,7,4,5,3,4,-1.66072,10.1924,3,0.279644
87,6,5,6,2,3,-14.1306,11.8337,0,0.21577
87,9,-1,0,7,4,1.82327,-12.3983,1,1.08225
87,6,6,7,2,3,-14.478,13.0448,0,0.206371
87,6,7,8,2,3,-15.3316,13.991,0,0.188481
87,11,-1,0,6,3,-8.96734,9.11854,1,0.524644
87,11,0,1,6,3,-7.95226,9.20641,4,0.581251
87,9,0,1,7,4,2.70263,-13.001,4,1.19804
87,11,1,2,6,3,-8.91127,10.1923,3,0.586289
87,11,1,3,6,3,-8.45831,8.02615,3,0.530948
87,11,0,4,6,3,-10.1366,9.58695,0,0.588484
87,4,0,1,0,1,-12.2771,-9.79764,8,2.50495
87,11,4,5,6,3,-10.9519,10.7719,0,0.864229
87,11,5,6,6,3,-11.916,11.6927,0,0.88849
87,11,6,7,6,3,-12.236,12.9779,0,0.993391
87,9,1,2,7,4,2.88686,-11.7215,3,1.19949
87,11,7,8,6,3,-12.9912,14.05,0,1.1074
87,14,-1,0,11,3,-9.77214,10.6602,1,0.489939
87,14,0,1,11,3,-8.7516,11.0142,4,0.708968
87,14,1,2,11,3,-9.85464,11.6946,3,0.578337
87,14,1,3,11,3,-8.53609,9.71533,3,0.535684
87,14,0,4,11,3,-11.0485,10.331,0,0.424246
87,4,0,2,0,1,-11.4276,-8.63593,8,2.55188
87,9,1,3,7,4,1.48406,-13.361,3,1.19986
87,9,0,4,7,4,0.888133,-11.8564,2,1.00553
87,14,4,5,11,3,-12.5144,10.3301,0,0.395228
87,9,4,5,7,4,0.3281,-11.2931,3,0.9909
87,17,-1,0,3,4,5.50832,1.55454,1,0.869874
87,18,-1,0,9,4,1.82758,-11.6379,1,0.41256
87,17,0,1,3,4,5.15564,0.574507,4,0.959583
87,17,1,2,3,4,6.21393,1.2483,3,1.00755
87,19,-1,0,2,3,21.2631,19.8341,1,0.686656
87,17,1,3,3,4,4.34004,1.58554,3,0.986461
87,17,0,4,3,4,5.87886,2.5372,2,0.816657
87,19,0,1,2,3,21.5313,18.8735,4,0.680031
87,17,4,5,3,4,6.6997,3.64758,3,0.835818
87,20,-1,0,7,4,-0.100732,11.1992,1,0.398741
87,20,0,1,7,4,-0.733096,12.0831,4,0.380721
87,20,1,2,7,4,-1.03806,10.8746,3,0.389242
87,18,0,1,9,4,2.52975,-12.3239,4,0.467247
87,21,-1,0,3,4,22.5975,16.0987,1,0.072954
87,21,0,1,3,4,22.5784,15.0858,4,0.0654804
87,20,1,3,7,4,0.499479,11.9445,3,0.363636
87,19,1,2,2,3,22.0666,20.0727,3,0.686043
87,21,1,2,3,4,23.3434,16.1503,3,0.0707539
87,20,0,4,7,4,0.632667,10.5013,2,0.407733
87,22,-1,0,1,2,3.9492,-7.94883,1,0.618958
87,22,0,1,1,2,3.0694,-8.21095,4,0.626369
87,23,-1,0,17,4,3.26595,3.5978,1,0.512369
87,18,1,2,9,4,2.48052,-11.0536,3,0.418919
87,22,1,2,1,2,4.14724,-9.04185,3,0.619691
87,23,0,1,17,4,2.44387,4.36772,4,0.704764
87,18,1,3,9,4,1.21057,-12.5207,3,0.518355
87,22,1,3,1,2,3.50211,-6.97374,3,0.644471
87,23,1,2,17,4,2.34365,3.13883,3,0.811879
87,24,-1,0,22,2,2.90959,-9.28061,1,0.374492
87,18,0,4,9,4,1.08776,-10.9951,2,0.379575
87,23,1,3,17,4,3.62617,4.73082,3,0.808521
87,14,5,6,11,3,-13.8519,10.0647,0,0.387585
87,24,0,1,22,2,2.13175,-9.75929,4,0.510402
87,18,4,5,9,4,0.553867,-10.2584,3,0.363614
87,23,0,4,17,4,4.10698,2.89459,2,0.689649
87,24,1,2,22,2,3.46195,-9.88045,3,0.623272
87,23,4,5,17,4,4.83088,1.8105,3,0.858773
87,14,6,7,11,3,-14.9078,10.7174,0,0.40086
87,24,1,3,22,2,2.2411,-8.4275,3,0.636262
87,27,-1,0,23,4,3.43361,2.76947,1,0.662083
87,28,-1,0,24,2,3.58109,-8.83801,1,0.5068
87,14,7,8,11,3,-15.5841,11.8567,0,0.421501
87,27,0,1,23,4,3.44282,1.74692,4,0.768528
88,0,-1,0,4294967295,1,-12.8509,-8.4932,1,0.258027
88,0,0,1,4294967295,1,-12.1129,-8.08498,8,0.777515
88,0,0,2,4294967295,1,-13.5512,-8.03571,8,0.777515
88,0,0,3,4294967295,1,-12.9844,-9.31241,8,0.784409
88,1,-1,0,4294967295,2,7.70162,-5.03437,1,0.353672
88,1,0,1,4294967295,2,8.11259,-4.20119,4,0.375591
88,1,1,2,4294967295,2,6.91051,-4.74095,3,0.255424
88,1,1,3,4294967295,2,8.75284,-5.34166,3,0.409464
88,2,0,4,4294967295,3,19.4875,19.8863,0,0
88,2,4,5,4294967295,3,18.1854,19.6757,0,0.000130134
88,2,5,6,4294967295,3,17.1363,18.9471,0,0.00999709
88,2,6,7,4294967295,3,15.8832,18.6961,0,0.0374751
88,2,7,8,4294967295,3,14.8872,17.8915,0,0.0774157
88,3,-1,0,4294967295,4,22.2096,15.5423,1,0.0446997
88,3,0,1,4294967295,4,23.242,15.3913,4,0.0311431
88,3,1,2,4294967295,4,22.4054,16.383,3,0.0225025
88,3,1,3,4294967295,4,22.1451,14.735,3,0.0379897
88,3,0,4,4294967295,4,21.135,15.6007,2,0.0510266
88,3,4,5,4294967295,4,19.9214,15.8863,3,0.0500509
88,6,-1,0,2,3,-13.3534,8.04533,1,0.128992
88,7,-1,0,3,4,0.302101,10.3871,1,0.318989
88,4,-1,0,0,1,-12.1996,-8.95776,1,0.832109
88,7,0,1,3,4,1.33952,10.1296,4,0.341223
88,7,1,2,3,4,1.0293,11.3757,3,0.317026
88,7,1,3,3,4,0.148845,9.65834,3,0.44675
88,6,0,4,2,3,-13.2587,9.32033,0,0.161008
88,7,0,4,3,4,-0.74307,10.1369,2,0.29954
88,6,4,5,2,3,-13.1649,10.7706,0,0.213589
88,7,4,5,3,4,-2.12156,10.1665,3,0.282419
88,6,5,6,2,3,-13.9046,11.7893,0,0.260068
88,9,-1,0,7,4,2.20734,-12.9713,1,1.11361
88,6,6,7,2,3,-14.2335,13.0062,0,0.211966
88,6,7,8,2,3,-15.1977,13.8298,0,0.18877
88,11,-1,0,6,3,-8.27822,9.56158,1,0.667663
88,11,0,1,6,3,-7.33554,9.91559,4,0.631468
88,9,0,1,7,4,2.69099,-13.8817,4,1.19839
88,11,1,2,6,3,-8.6363,10.2251,3,0.609717
88,11,1,3,6,3,-7.25533,8.62672,3,0.634105
88,11,0,4,6,3,-9.50451,9.78818,0,0.75639
88,4,0,1,0,1,-12.2771,-9.79764,8,2.49133
88,11,4,5,6,3,-10.1329,11.0046,0,0.809906
88,11,5,6,6,3,-11.3267,11.5148,0,0.89811
88,11,6,7,6,3,-12.1473,12.5304,0,0.985709
88,9,1,2,7,4,3.31904,-12.7448,3,1.19949
88,11,7,8,6,3,-13.1641,13.344,0,1.02285
88,14,-1,0,11,3,-9.27726,10.9704,1,0.630357
88,14,0,1,11,3,-8.53847,11.7657,4,0.904834
88,14,1,2,11,3,-9.82944,11.933,3,0.698484
88,14,1,3,11,3,-7.78284,10.7177,3,1.19544
88,14,0,4,11,3,-10.4106,10.294,0,0.550552
88,4,0,2,0,1,-11.4276,-8.63593,8,2.51883
88,9,1,3,7,4,1.47548,-13.4766,3,1.19505
88,9,0,4,7,4,1.61935,-12.1364,2,1.0492
88,14,4,5,11,3,-11.8562,10.4165,0,0.443971
88,9,4,5,7,4,1.11418,-11.2969,3,1.01403
88,17,-1,0,3,4,5.56937,0.993907,1,0.960197
88,18,-1,0,9,4,2.3655,-12.0935,1,0.484417
88,17,0,1,3,4,5.13736,0.01764,4,1.06193
88,17,1,2,3,4,6.37729,0.231729,3,1.16443
88,19,-1,0,2,3,21.2696,19.7814,1,0.660778
88,17,1,3,3,4,4.50236,1.09354,3,1.13904
88,17,0,4,3,4,5.99999,1.96599,2,0.927517
88,19,0,1,2,3,21.5606,18.8234,4,0.654158
88,17,4,5,3,4,6.52726,2.58114,3,0.866715
88,20,-1,0,7,4,0.0830786,11.238,1,0.388205
88,20,0,1,7,4,-0.749465,11.9419,4,0.376079
88,20,1,2,7,4,-0.756512,10.7379,3,0.371269
88,18,0,1,9,4,2.76229,-13.1009,4,0.571399
88,21,-1,0,3,4,22.9193,15.8899,1,0.0454158
88,21,0,1,3,4,22.8989,14.8505,4,0.0387962
88,20,1,3,7,4,0.480228,12.1533,3,0.370423
88,19,1,2,2,3,22.0929,20.0225,3,0.66008
88,21,1,2,3,4,23.6442,15.9114,3,0.0449763
88,20,0,4,7,4,0.968447,10.7039,2,0.389679
88,22,-1,0,1,2,3.61701,-8.11527,1,0.598718
88,22,0,1,1,2,2.68891,-7.99748,4,0.590767
88,23,-1,0,17,4,2.77238,3.73046,1,0.311442
88,18,1,2,9,4,3.20841,-11.9323,3,0.727662
88,22,1,2,1,2,3.59605,-8.91753,3,0.577054
88,23,0,1,17,4,1.80861,4.12633,4,0.696348
88,18,1,3,9,4,1.50356,-12.7754,3,0.557993
88,22,1,3,1,2,3.60967,-7.05319,3,0.603814
88,23,1,2,17,4,2.05334,2.87207,3,0.743635
88,24,-1,0,22,2,2.02886,-9.74138,1,0.526658
88,18,0,4,9,4,1.82316,-11.147,2,0.417686
88,23,1,3,17,4,2.77001,4.95347,3,0.803807
88,14,5,6,11,3,-13.2157,10.1499,0,0.40219
88,24,0,1,22,2,1.6539,-10.5478,4,0.58826
88,18,4,5,9,4,1.11879,-9.93384,3,0.379701
88,23,0,4,17,4,3.70516,3.35306,2,0.718469
88,24,1,2,22,2,2.83441,-9.96062,3,0.617352
88,23,4,5,17,4,4.25363,2.92819,3,0.808148
88,14,6,7,11,3,-14.3945,10.8815,0,0.392974
88,24,1,3,22,2,1.19764,-9.31259,3,0.632992
88,27,-1,0,23,4,2.68458,2.92339,1,0.684584
88,28,-1,0,24,2,2.63013,-9.20845,1,0.4908
88,14,7,8,11,3,-15.767,11.0526,0,0.392811
88,27,0,1,23,4,3.10311,2.01358,4,0.663343
88,27,1,2,23,4,3.93328,2.97678,3,0.583697
89,0,-1,0,4294967295,1,-12.8509,-8.4932,1,0.259947
89,0,0,1,4294967295,1,-12.1129,-8.08498,8,0.760868
89,0,0,2,4294967295,1,-13.5512,-8.03571,8,0.760868
89,0,0,3,4294967295,1,-12.9844,-9.31241,8,0.871784
89,1,-1,0,4294967295,2,8.06719,-4.46723,1,0.438653
89,1,0,1,4294967295,2,7.84601,-3.56386,4,0.44109
89,1,1,2,4294967295,2,7.23495,-4.74115,3,0.386392
89,1,1,3,4294967295,2,9.07816,-4.02041,3,0.467473
89,2,0,4,4294967295,3,19.5353,19.9316,0,0
89,2,4,5,4294967295,3,18.2336,19.6987,0,0.000130134
89,2,5,6,4294967295,3,17.1836,18.9649,0,0.00999709
89,2,6,7,4294967295,3,15.929,18.7078,0,0.0374751
89,2,7,8,4294967295,3,14.9379,17.8956,0,0.0774157
89,3,-1,0,4294967295,4,22.1621,15.4529,1,0.0174071
89,3,0,1,4294967295,4,23.1693,15.2389,4,0.00403854
89,3,1,2,4294967295,4,22.7106,16.4594,3,0
89,3,1,3,4294967295,4,22.0507,14.5915,3,0.0101434
89,3,0,4,4294967295,4,21.1976,15.6945,2,0.0242682
89,3,4,5,4294967295,4,20.6281,16.0594,3,0.0230137
89,6,-1,0,2,3,-12.7583,8.22287,1,0.148378
89,7,-1,0,3,4,0.254176,10.4702,1,0.318631
89,4,-1,0,0,1,-12.1996,-8.95776,1,0.857239
89,7,0,1,3,4,1.32294,10.2276,4,0.340998
89,7,1,2,3,4,1.08625,11.4668,3,0.342746
89,7,1,3,3,4,0.299818,9.47474,3,0.363281
89,6,0,4,2,3,-12.9912,9.44561,0,0.161546
89,7,0,4,3,4,-0.75545,10.241,2,0.296423
89,6,4,5,2,3,-12.995,10.8063,0,0.179675
89,7,4,5,3,4,-1.55707,10.1936,3,0.281636
89,6,5,6,2,3,-13.7067,11.845,0,0.192081
89,9,-1,0,7,4,2.35594,-13.3827,1,1.17344
89,6,6,7,2,3,-14.1115,13.0402,0,0.194472
89,6,7,8,2,3,-15.1026,13.8396,0,0.19224
89,11,-1,0,6,3,-7.46569,10.2953,1,0.731049
89,11,0,1,6,3,-6.72837,10.982,4,0.74186
89,9,0,1,7,4,2.62389,-14.4515,4,1.1867
89,11,1,2,6,3,-8.04197,10.7213,3,0.67567
89,11,1,3,6,3,-6.40014,9.75098,3,0.824437
89,11,0,4,6,3,-8.70939,10.0361,0,0.78027
89,4,0,1,0,1,-12.2771,-9.79764,8,2.57807
89,11,4,5,6,3,-9.75203,11.0582,0,0.870719
89,11,5,6,6,3,-10.9526,11.5215,0,0.968521
89,11,6,7,6,3,-11.9453,12.3602,0,1.01164
89,9,1,2,7,4,3.70576,-13.797,3,1.19931
89,11,7,8,6,3,-13.222,12.6556,0,1.02969
89,14,-1,0,11,3,-9.0576,11.6116,1,0.391801
89,14,0,1,11,3,-8.64075,12.615,4,0.843503
89,14,1,2,11,3,-9.80583,12.1312,3,0.828104
89,14,1,3,11,3,-7.7979,11.6251,3,1.09109
89,14,0,4,11,3,-9.75439,10.4517,0,0.572474
89,4,0,2,0,1,-11.4276,-8.63593,8,2.59895
89,9,1,3,7,4,1.50402,-13.8795,3,1.19969
89,9,0,4,7,4,1.77732,-12.4128,2,1.11097
89,14,4,5,11,3,-11.1737,10.1588,0,0.533046
89,9,4,5,7,4,0.936526,-11.3791,3,1.0627
89,17,-1,0,3,4,5.48418,0.137194,1,1.09931
89,18,-1,0,9,4,2.67082,-12.689,1,0.546511
89,17,0,1,3,4,5.00271,-0.70983,4,1.17315
89,17,1,2,3,4,6.21828,-0.336679,3,1.15507
89,19,-1,0,2,3,21.2907,19.7419,1,0.660778
89,17,1,3,3,4,4.83736,0.569249,3,1.09957
89,17,0,4,3,4,5.85571,1.04694,2,0.961581
89,19,0,1,2,3,21.5748,18.7829,4,0.654158
89,17,4,5,3,4,6.39054,1.81444,3,0.906457
89,20,-1,0,7,4,0.0491917,11.3597,1,0.356288
89,20,0,1,7,4,-0.637127,12.1888,4,0.338153
89,20,1,2,7,4,-0.709647,10.9695,3,0.331165
89,18,0,1,9,4,2.92517,-13.6951,4,0.65903
89,21,-1,0,3,4,22.8594,15.7412,1,0.0185733
89,21,0,1,3,4,23.0757,14.7133,4,0.0121294
89,20,1,3,7,4,0.61116,12.1145,3,0.333294
89,19,1,2,2,3,22.1062,19.9827,3,0.66008
89,21,1,2,3,4,23.6536,15.8804,3,0.0184855
89,20,0,4,7,4,0.833789,10.735,2,0.364515
89,22,-1,0,1,2,3.14483,-8.1119,1,0.566587
89,22,0,1,1,2,2.4155,-7.55933,4,0.555666
89,23,-1,0,17,4,2.10177,3.69829,1,0.661428
89,18,1,2,9,4,3.89308,-12.8673,3,0.774887
89,22,1,2,1,2,2.77976,-8.84637,3,0.540194
89,23,0,1,17,4,1.04618,3.58006,4,0.705691
89,18,1,3,9,4,1.78623,-13.0715,3,0.654342
89,22,1,3,1,2,3.70386,-7.37354,3,0.567605
89,23,1,2,17,4,2.00694,2.79659,3,0.701511
89,24,-1,0,22,2,1.48829,-9.94149,1,0.25166
89,18,0,4,9,4,2.37826,-11.7199,2,0.464286
89,23,1,3,17,4,1.84603,4.53755,3,0.74187
89,14,5,6,11,3,-12.5652,10.0726,0,0.462269
89,24,0,1,22,2,1.43941,-10.8669,4,0.42508
89,18,4,5,9,4,2.45997,-11.0041,3,0.4199
89,23,0,4,17,4,3.10146,4.04788,2,0.655762
89,24,1,2,22,2,2.47935,-10.1007,3,0.503452
89,23,4,5,17,4,4.30058,4.2571,3,0.671788
89,14,6,7,11,3,-13.9147,10.4688,0,0.41522
89,24,1,3,22,2,0.331563,-10.1153,3,0.509902
89,27,-1,0,23,4,2.62579,3.05495,1,0.776465
89,28,-1,0,24,2,1.7847,-9.17501,1,0.485567
89,14,7,8,11,3,-15.2745,10.3871,0,0.394341
89,27,0,1,23,4,2.21765,2.16023,4,0.812666
89,27,1,2,23,4,3.4613,2.59396,3,0.817161
89,28,0,1,24,2,2.23579,-8.35813,4,0.484833
89,29,-1,0,14,3,-9.29492,10.8584,1,0.518133
90,0,-1,0,4294967295,1,-12.8509,-8.4932,1,0.257211
90,0,0,1,4294967295,1,-12.1129,-8.08498,8,0.755755
90,0,0,2,4294967295,1,-13.5512,-8.03571,8,0.755755
90,0,0,3,4294967295,1,-12.9844,-9.31241,8,0.820746
90,1,-1,0,4294967295,2,8.28031,-3.7169,1,0.408585
90,1,0,1,4294967295,2,7.45262,-3.2923,4,0.408673
90,1,1,2,4294967295,2,7.91447,-4.54176,3,0.398147
90,1,1,3,4294967295,2,8.58848,-2.60176,3,0.502006
90,2,0,4,4294967295,3,19.5621,19.9777,0,0
90,2,4,5,4294967295,3,18.267,19.7092,0,0.000130134
90,2,5,6,4294967295,3,17.2261,18.9613,0,0.00999709
90,2,6,7,4294967295,3,15.9697,18.7084,0,0.0374751
90,2,7,8,4294967295,3,14.9632,17.9139,0,0.0774157
90,3,-1,0,4294967295,4,22.3629,15.385,1,1.01582e-06
90,3,0,1,4294967295,4,23.3607,15.1028,4,0
90,3,1,3,4294967295,4,22.1668,14.6591,3,0
90,3,0,4,4294967295,4,21.408,15.7129,2,7.41548e-05
90,3,4,5,4294967295,4,20.4055,16.4079,3,9.48301e-23
90,6,-1,0,2,3,-12.3542,8.30004,1,0.14609
90,7,-1,0,3,4,0.394185,10.5207,1,0.294938
90,4,-1,0,0,1,-12.1996,-8.95776,1,0.852753
90,7,0,1,3,4,1.37854,10.1988,4,0.300261
90,7,1,2,3,4,1.02724,11.4339,3,0.407779
90,7,1,3,3,4,0.194472,9.68176,3,0.315798
90,6,0,4,2,3,-12.7826,9.47153,0,0.151492
90,7,0,4,3,4,-0.559044,10.4215,2,0.284397
90,6,4,5,2,3,-12.9544,10.804,0,0.159744
90,7,4,5,3,4,-1.48997,10.498,3,0.27449
90,6,5,6,2,3,-13.7498,11.8031,0,0.167497
90,9,-1,0,7,4,2.17246,-14.0043,1,0.895212
90,6,6,7,2,3,-14.0457,13.0622,0,0.172638
90,6,7,8,2,3,-14.997,13.9328,0,0.174931
90,11,-1,0,6,3,-6.91635,11.2826,1,0.832565
90,11,0,1,6,3,-6.30307,12.0917,4,0.851926
90,9,0,1,7,4,2.27022,-15.0206,4,1.19544
90,11,1,2,6,3,-7.50538,11.5243,3,0.808654
90,11,1,3,6,3,-5.65564,10.984,3,0.83107
90,11,0,4,6,3,-8.11301,10.8005,0,0.830034
90,4,0,1,0,1,-12.2771,-9.79764,8,2.56064
90,11,4,5,6,3,-9.4529,11.4723,0,0.87358
90,11,5,6,6,3,-10.791,11.5089,0,0.941291
90,11,6,7,6,3,-11.8643,12.2013,0,1.00104
90,9,1,2,7,4,3.40532,-14.3476,3,1.19949
90,11,7,8,6,3,-13.0954,12.2915,0,1.01451
90,14,-1,0,11,3,-8.92265,12.0557,1,0.66861
90,14,0,1,11,3,-8.51333,13.0582,4,0.865129
90,14,1,2,11,3,-9.79735,12.9957,3,0.881138
90,14,1,3,11,3,-8.08184,11.8936,3,0.859125
90,14,0,4,11,3,-9.44093,10.8397,0,0.589212
90,4,0,2,0,1,-11.4276,-8.63593,8,2.57287
90,9,1,3,7,4,1.38506,-14.0718,3,1.19986
90,9,0,4,7,4,1.69762,-13.0181,2,1.16348
90,14,4,5,11,3,-10.7131,10.3945,0,0.57031
90,9,4,5,7,4,1.51922,-12.3422,3,1.19577
90,17,-1,0,3,4,5.29784,-0.608985,1,1.05323
90,18,-1,0,9,4,3.02365,-13.4972,1,0.557158
90,17,0,1,3,4,4.70335,-1.48284,4,1.09608
90,17,1,2,3,4,5.93272,-1.27412,3,1.10494
90,19,-1,0,2,3,21.3046,19.7143,1,0.660778
90,17,1,3,3,4,4.53381,-0.231137,3,1.19838
90,17,0,4,3,4,5.79739,0.348694,2,0.999813
90,19,0,1,2,3,21.5851,18.7545,4,0.654158
90,17,4,5,3,4,6.58268,1.46666,3,0.959291
90,20,-1,0,7,4,0.122855,11.3844,1,0.32325
90,20,0,1,7,4,-0.577535,12.2358,4,0.30228
90,20,1,2,7,4,-0.911739,11.0575,3,0.295866
90,18,0,1,9,4,2.81433,-14.4374,4,0.63142
90,21,-1,0,3,4,23.0244,15.6682,1,0
90,21,0,1,3,4,22.8988,14.6457,4,0
90,20,1,3,7,4,0.66584,12.2138,3,0.294978
90,19,1,2,2,3,22.1161,19.9545,3,0.66008
90,21,1,2,3,4,23.66,15.7015,3,0
90,20,0,4,7,4,0.937035,10.7497,2,0.333497
90,22,-1,0,1,2,2.71642,-8.12127,1,0.53281
90,22,0,1,1,2,2.4265,-7.23993,4,0.522693
90,23,-1,0,17,4,1.6217,3.69285,1,0.564018
90,18,1,2,9,4,3.85968,-13.758,3,0.701577
90,22,1,2,1,2,1.88188,-8.44081,3,0.513113
90,23,0,1,17,4,0.631205,3.11474,4,0.638143
90,18,1,3,9,4,1.96926,-13.4688,3,0.633717
90,22,1,3,1,2,3.69224,-7.61491,3,0.532957
90,23,1,2,17,4,1.79587,2.78455,3,0.648206
90,24,-1,0,22,2,1.25342,-10.136,1,0.361795
90,18,0,4,9,4,3.19516,-12.4982,2,0.49543
90,23,1,3,17,4,0.790765,4.34349,3,0.680744
90,14,5,6,11,3,-11.9215,9.86398,0,0.483251
90,24,0,1,22,2,1.28804,-11.1066,4,0.386194
90,18,4,5,9,4,3.50328,-11.4612,3,0.459712
90,23,0,4,17,4,2.46433,4.34193,2,0.54726
90,24,1,2,22,2,2.09005,-10.1084,3,0.390823
90,23,4,5,17,4,3.53752,4.8509,3,0.561486
90,14,6,7,11,3,-13.2236,10.0308,0,0.432417
90,24,1,3,22,2,0.15933,-10.4046,3,0.413375
90,27,-1,0,23,4,2.21051,3.00901,1,0.722535
90,28,-1,0,24,2,1.15595,-9.28958,1,0.502359
90,14,7,8,11,3,-14.4827,9.84512,0,0.411373
90,27,0,1,23,4,1.65548,2.07729,4,0.694416
90,27,1,2,23,4,2.93255,1.96318,3,0.710251
90,28,0,1,24,2,1.00084,-8.35281,4,0.524041
90,29,-1,0,14,3,-8.37821,11.4608,1,0.502133
90,27,1,3,23,4,1.32515,3.28832,3,0.654484
90,30,-1,0,9,4,2.68033,-14.6321,1,0.531833
91,0,-1,0,4294967295,1,-12.8509,-8.4932,1,0.273986
91,0,0,1,4294967295,1,-12.1129,-8.08498,8,0.763533
91,0,0,2,4294967295,1,-13.5512,-8.03571,8,0.926333
91,0,0,3,4294967295,1,-12.9844,-9.31241,8,0.801615
91,1,-1,0,4294967295,2,8.15306,-3.00444,1,0.445979
91,1,0,1,4294967295,2,7.23588,-3.18903,4,0.455092
91,1,1,2,4294967295,2,8.35544,-3.85375,3,0.425148
91,1,1,3,4294967295,2,7.77061,-1.99155,3,0.500677
91,2,0,4,4294967295,3,19.5764,20.0134,0,0
91,2,4,5,4294967295,3,18.2886,19.7153,0,0.000130134
91,2,5,6,4294967295,3,17.2596,18.9526,0,0.00999709
91,2,6,7,4294967295,3,16.0028,18.7057,0,0.0374751
91,2,7,8,4294967295,3,14.9798,17.9341,0,0.0774157
91,32,1,3,4294967295,4,21.9229,14.3976,3,0
91,3,0,4,4294967295,4,21.2541,15.785,2,0
91,3,4,5,4294967295,4,20.5037,16.4598,3,0
91,6,-1,0,2,3,-11.9577,8.20911,1,0.173635
91,7,-1,0,3,4,0.450886,10.6116,1,0.282379
91,4,-1,0,0,1,-12.1996,-8.95776,1,0.84595
91,7,0,1,3,4,1.46988,10.2448,4,0.288589
91,7,1,2,3,4,1.25219,11.5042,3,0.291818
91,7,1,3,3,4,0.270622,9.83447,3,0.296011
91,6,0,4,2,3,-12.3753,9.3948,0,0.178777
91,7,0,4,3,4,-0.599145,10.6537,2,0.271754
91,6,4,5,2,3,-12.8821,10.7222,0,0.170487
91,7,4,5,3,4,-1.92497,10.8993,3,0.260911
91,6,5,6,2,3,-13.769,11.7065,0,0.160608
91,9,-1,0,7,4,1.8027,-14.889,1,1.17673
91,6,6,7,2,3,-14.0978,12.9721,0,0.156667
91,6,7,8,2,3,-14.8644,14.0155,0,0.156218
91,11,-1,0,6,3,-6.43564,12.3073,1,0.886115
91,11,0,1,6,3,-6.05457,13.2503,4,0.99072
91,9,0,1,7,4,1.51236,-15.8698,4,1.19926
91,11,1,2,6,3,-7.07928,12.4209,3,0.999043
91,11,1,3,6,3,-5.18961,12.3129,3,0.909746
91,11,0,4,6,3,-7.47297,11.5478,0,0.882529
91,4,0,1,0,1,-12.2771,-9.79764,8,2.54257
91,11,4,5,6,3,-8.92949,11.846,0,0.910926
91,11,5,6,6,3,-10.268,11.6622,0,0.940109
91,11,6,7,6,3,-11.5802,12.047,0,0.962096
91,9,1,2,7,4,2.82659,-15.7099,3,1.19949
91,11,7,8,6,3,-12.9302,12.1276,0,0.97418
91,14,-1,0,11,3,-8.7682,12.699,1,0.761399
91,14,0,1,11,3,-8.14206,13.618,4,0.822748
91,14,1,2,11,3,-9.40298,13.7508,3,0.855712
91,14,1,3,11,3,-7.74994,12.4158,3,0.896596
91,14,0,4,11,3,-9.49126,11.5726,0,0.582129
91,4,0,2,0,1,-11.4276,-8.63593,8,2.54974
91,9,1,3,7,4,1.03682,-14.6702,3,1.1966
91,9,0,4,7,4,1.87482,-13.8706,2,1.16025
91,14,4,5,11,3,-10.4644,10.6095,0,0.516378
91,9,4,5,7,4,2.15439,-12.7583,3,1.15169
91,17,-1,0,3,4,5.11751,-1.07383,1,1.14699
91,18,-1,0,9,4,3.29441,-13.8463,1,0.490059
91,17,0,1,3,4,4.44149,-1.84803,4,1.15783
91,17,1,2,3,4,5.68302,-2.138,3,1.17611
91,19,-1,0,2,3,21.3086,19.6941,1,0.660778
91,17,1,3,3,4,4.23374,-0.585008,3,1.1993
91,17,0,4,3,4,5.71125,-0.244809,2,1.03708
91,19,0,1,2,3,21.5934,18.7354,4,0.654158
91,17,4,5,3,4,6.24235,0.197339,3,0.988573
91,20,-1,0,7,4,0.23031,11.4246,1,0.310878
91,20,0,1,7,4,-0.448898,12.2387,4,0.301793
91,20,1,2,7,4,-1.09509,11.1483,3,0.284836
91,18,0,1,9,4,2.607,-14.7071,4,0.618636
91,21,-1,0,3,4,22.7379,15.8898,1,0.0192
91,20,1,3,7,4,0.821558,12.1798,3,0.296652
91,19,1,2,2,3,22.1278,19.9343,3,0.66008
91,34,1,2,3,4,23.66,15.787,3,0
91,20,0,4,7,4,1.06842,10.8134,2,0.309369
91,22,-1,0,1,2,2.30294,-7.87079,1,0.501383
91,22,0,1,1,2,2.36888,-6.94351,4,0.491637
91,23,-1,0,17,4,1.16717,3.59698,1,0.423744
91,18,1,2,9,4,3.82721,-14.6205,3,0.954124
91,22,1,2,1,2,1.48657,-7.91141,3,0.497223
91,23,0,1,17,4,0.422973,2.76705,4,0.496443
91,18,1,3,9,4,2.638,-13.5164,3,0.623055
91,22,1,3,1,2,3.35606,-7.78985,3,0.484335
91,23,1,2,17,4,1.67093,2.29642,3,0.547097
91,24,-1,0,22,2,1.07019,-10.4077,1,0.360133
91,18,0,4,9,4,3.79104,-12.8819,2,0.538307
91,23,1,3,17,4,0.188851,3.99792,3,0.531697
91,14,5,6,11,3,-11.5051,9.81993,0,0.477579
91,24,0,1,22,2,0.930359,-11.3191,4,0.457468
91,18,4,5,9,4,4.46409,-11.7601,3,0.561659
91,23,0,4,17,4,1.81586,4.45773,2,0.43704
91,24,1,2,22,2,1.89958,-10.4465,3,0.343704
91,23,4,5,17,4,2.40955,4.85539,3,0.469185
91,14,6,7,11,3,-12.8324,9.96362,0,0.447315
91,24,1,3,22,2,0.141529,-10.2375,3,0.370436
91,27,-1,0,23,4,1.50627,2.79482,1,0.620815
91,28,-1,0,24,2,0.711689,-9.68473,1,0.485454
91,14,7,8,11,3,-13.9808,9.39652,0,0.429669
91,27,0,1,23,4,1.07888,1.79479,4,0.636292
91,27,1,2,23,4,2.35344,2.0616,3,0.64329
91,28,0,1,24,2,0.189485,-8.92978,4,0.476946
91,29,-1,0,14,3,-8.46828,11.9044,1,0.540833
91,27,1,3,23,4,0.920128,3.02268,3,0.640142
91,30,-1,0,9,4,2.2283,-15.5302,1,0.635833
91,29,0,1,14,3,-8.59667,10.8656,4,0.5413
91,27,0,4,23,4,2.05844,3.63971,2,0.594452
91,31,-1,0,18,4,2.77953,-13.1438,1,0.509467
92,0,-1,0,4294967295,1,-12.8509,-8.4932,1,0.281087
92,0,0,1,4294967295,1,-12.1129,-8.08498,8,0.807558
92,0,0,2,4294967295,1,-13.5512,-8.03571,8,0.90295
92,0,0,3,4294967295,1,-12.9844,-9.31241,8,0.829871
92,1,-1,0,4294967295,2,7.71931,-2.6422,1,0.479038
92,1,0,1,4294967295,2,6.8544,-2.96008,4,0.582363
92,1,1,2,4294967295,2,8.09649,-3.35036,3,0.453632
92,1,1,3,4294967295,2,7.36882,-1.75531,3,0.533228
92,32,1,3,4294967295,4,21.671,14.1786,3,0
92,3,0,4,4294967295,4,21.0643,15.795,2,0
92,3,4,5,4294967295,4,20.4489,16.6106,3,0
92,6,-1,0,2,3,-11.5306,8.22403,1,0.15724
92,7,-1,0,3,4,0.329106,10.7144,1,0.255741
92,4,-1,0,0,1,-12.1996,-8.95776,1,0.839094
92,7,0,1,3,4,1.27267,10.1484,4,0.250378
92,7,1,2,3,4,1.46532,11.3917,3,0.239323
92,7,1,3,3,4,0.0801041,9.72443,3,0.26253
92,6,0,4,2,3,-12.1336,9.31867,0,0.155545
92,7,0,4,3,4,-0.668865,10.8666,2,0.253699
92,6,4,5,2,3,-12.6809,10.6197,0,0.152181
92,7,4,5,3,4,-1.35697,11.0609,3,0.247583
92,6,5,6,2,3,-13.6136,11.5706,0,0.148061
92,9,-1,0,7,4,1.45534,-15.6279,1,1.19898
92,6,6,7,2,3,-14.022,12.8276,0,0.144611
92,6,7,8,2,3,-14.7627,13.911,0,0.142755
92,11,-1,0,6,3,-6.1714,13.5675,1,1.05729
92,11,0,1,6,3,-5.90695,14.5331,4,1.17173
92,9,0,1,7,4,0.653449,-16.4287,4,1.19949
92,11,1,2,6,3,-6.98575,13.7318,3,1.1995
92,11,1,3,6,3,-4.93507,13.6707,3,1.19889
92,11,0,4,6,3,-6.93447,12.5189,0,0.965058
92,4,0,1,0,1,-12.2771,-9.79764,8,2.52349
92,11,4,5,6,3,-8.51219,12.1325,0,0.927043
92,11,5,6,6,3,-9.892,11.7362,0,0.924945
92,11,6,7,6,3,-11.2125,12.0507,0,0.934493
92,9,1,2,7,4,1.80998,-16.8953,3,1.19949
92,11,7,8,6,3,-12.4967,11.8673,0,0.941887
92,14,-1,0,11,3,-8.40373,13.16,1,0.673353
92,14,0,1,11,3,-7.74608,14.0237,4,0.807266
92,14,1,2,11,3,-9.047,14.0718,3,0.885782
92,14,1,3,11,3,-7.39173,12.8384,3,0.819474
92,14,0,4,11,3,-9.33314,12.2417,0,0.593279
92,4,0,2,0,1,-11.4276,-8.63593,8,2.52769
92,9,1,3,7,4,0.623061,-15.1742,3,1.1911
92,9,0,4,7,4,1.84798,-14.514,2,1.13429
92,14,4,5,11,3,-10.4985,11.3141,0,0.536011
92,9,4,5,7,4,2.32142,-13.2801,3,1.10717
92,17,-1,0,3,4,4.61862,-1.63032,1,0.92461
92,18,-1,0,9,4,3.35375,-13.9925,1,0.437946
92,17,0,1,3,4,3.73942,-2.12881,4,1.08709
92,17,1,2,3,4,4.9416,-2.47585,3,1.19798
92,17,1,3,3,4,4.37059,-0.993524,3,1.19835
92,17,0,4,3,4,5.38341,-0.930093,2,0.939858
92,17,4,5,3,4,6.41037,-0.503018,3,0.976104
92,20,-1,0,7,4,0.234827,11.6229,1,0.331348
92,20,0,1,7,4,-0.154533,12.6491,4,0.361353
92,20,1,2,7,4,-0.848497,11.6506,3,0.373338
92,18,0,1,9,4,2.64805,-14.8264,4,0.571509
92,21,-1,0,3,4,22.4973,16.1031,1,0.0192
92,20,1,3,7,4,0.934636,12.0197,3,0.336895
92,34,1,2,3,4,23.66,15.9019,3,0
92,20,0,4,7,4,0.901045,10.838,2,0.305575
92,22,-1,0,1,2,2.10091,-7.45076,1,0.490216
92,22,0,1,1,2,2.04267,-6.53049,4,0.51162
92,23,-1,0,17,4,0.624285,2.96427,1,0.487651
92,18,1,2,9,4,3.85859,-15.213,3,0.697207
92,22,1,2,1,2,1.31664,-7.62967,3,0.489385
92,23,0,1,17,4,0.0129494,2.09077,4,0.565615
92,18,1,3,9,4,2.24082,-13.6924,3,0.601886
92,22,1,3,1,2,3.04385,-7.35355,3,0.466739
92,23,1,2,17,4,1.28936,1.89025,3,0.52075
92,24,-1,0,22,2,0.881932,-10.6771,1,0.361327
92,18,0,4,9,4,4.1441,-13.3432,2,0.536876
92,23,1,3,17,4,-0.178969,3.36549,3,0.501833
92,14,5,6,11,3,-11.3183,10.2441,0,0.488641
92,24,0,1,22,2,0.435623,-11.5025,4,0.371826
92,18,4,5,9,4,4.74669,-13.087,3,0.682466
92,23,0,4,17,4,1.04143,3.92071,2,0.447064
92,24,1,2,22,2,1.70775,-11.1632,3,0.348101
92,23,4,5,17,4,1.71436,5.04746,3,0.434714
92,14,6,7,11,3,-12.6194,9.86551,0,0.455882
92,24,1,3,22,2,-0.112419,-10.2893,3,0.447487
92,27,-1,0,23,4,1.27943,2.57238,1,0.645664
92,28,-1,0,24,2,0.683173,-9.87637,1,0.454043
92,14,7,8,11,3,-13.6683,9.10348,0,0.439586
92,27,0,1,23,4,0.724174,1.6929,4,0.750989
92,27,1,2,23,4,2.00667,2.00754,3,0.669207
92,28,0,1,24,2,-0.190238,-9.55144,4,0.444357
92,29,-1,0,14,3,-8.0916,12.3597,1,0.587828
92,27,1,3,23,4,-0.00480016,2.76534,3,0.649497
92,30,-1,0,9,4,2.2342,-16.0458,1,0.676562
92,29,0,1,14,3,-8.72232,11.4896,4,0.602559
92,27,0,4,23,4,1.91678,3.35951,2,0.618251
92,31,-1,0,18,4,3.55044,-13.1398,1,0.497328
92,30,0,1,9,4,2.80379,-16.9046,4,0.658071
92,29,1,2,14,3,-7.40092,11.6357,3,0.564403
92,33,-1,0,17,4,5.43851,-1.72109,1,0.5124
92,31,0,1,18,4,3.64513,-12.1017,4,0.494138
93,0,-1,0,4294967295,1,-12.8509,-8.4932,1,0.301867
93,0,0,1,4294967295,1,-12.1129,-8.08498,8,0.845414
93,0,0,2,4294967295,1,-13.5512,-8.03571,8,0.90131
93,0,0,3,4294967295,1,-12.9844,-9.31241,8,1.06888
93,1,-1,0,4294967295,2,7.25373,-2.56377,1,0.541719
93,1,0,1,4294967295,2,6.33894,-2.62146,4,0.506473
93,1,1,2,4294967295,2,7.40056,-3.37741,3,0.479296
93,1,1,3,4294967295,2,7.10937,-1.55568,3,0.510423
93,32,1,3,4294967295,4,21.4937,14.0244,3,0
93,3,0,4,4294967295,4,20.9199,15.8144,2,0
93,3,4,5,4294967295,4,20.4212,16.7043,3,0
93,6,-1,0,2,3,-11.2157,8.32533,1,0.138825
93,7,-1,0,3,4,0.348766,10.7511,1,0.226179
93,4,-1,0,0,1,-12.1996,-8.95776,1,0.847112
93,7,0,1,3,4,1.06506,9.96626,4,0.21424
93,7,1,2,3,4,1.47603,11.1659,3,0.201345
93,7,1,3,3,4,-0.210526,10.054,3,0.2208
93,6,0,4,2,3,-11.9026,9.37577,0,0.137565
93,7,0,4,3,4,-0.571869,11.1164,2,0.229524
93,6,4,5,2,3,-12.4488,10.6614,0,0.135361
93,7,4,5,3,4,-1.56114,11.59,3,0.228153
93,6,5,6,2,3,-13.4137,11.4869,0,0.132794
93,9,-1,0,7,4,1.10529,-15.7436,1,1.08549
93,6,6,7,2,3,-13.8375,12.6859,0,0.130566
93,6,7,8,2,3,-14.6804,13.6482,0,0.129281
93,11,-1,0,6,3,-6.25581,14.5192,1,1.11209
93,11,0,1,6,3,-6.17035,15.5799,4,1.19844
93,9,0,1,7,4,0.203111,-16.2934,4,1.1586
93,11,1,2,6,3,-7.16811,14.7342,3,1.19986
93,11,1,3,6,3,-4.97123,15.0895,3,1.19926
93,11,0,4,6,3,-6.71841,13.2701,0,1.0315
93,4,0,1,0,1,-12.2771,-9.79764,8,2.60146
93,11,4,5,6,3,-8.06961,12.4348,0,0.970287
93,11,5,6,6,3,-9.39156,11.8969,0,0.937213
93,11,6,7,6,3,-10.7696,12.0969,0,0.924808
93,9,1,2,7,4,1.15287,-17.163,3,1.19894
93,11,7,8,6,3,-11.9764,11.6637,0,0.921905
93,14,-1,0,11,3,-8.24708,13.7176,1,0.584004
93,14,0,1,11,3,-8.01298,14.7336,4,0.853321
93,14,1,2,11,3,-8.99226,13.904,3,0.843005
93,14,1,3,11,3,-7.07409,13.8878,3,1.09532
93,14,0,4,11,3,-8.97347,12.6769,0,0.520286
93,4,0,2,0,1,-11.4276,-8.63593,8,2.51369
93,9,1,3,7,4,0.602437,-15.0826,3,1.19931
93,9,0,4,7,4,1.86884,-15.0177,2,1.07407
93,14,4,5,11,3,-10.1329,11.794,0,0.530328
93,9,4,5,7,4,2.53214,-14.7239,3,1.0986
93,17,-1,0,3,4,4.31971,-1.98217,1,0.759649
93,18,-1,0,9,4,3.18664,-14.4687,1,0.329042
93,17,0,1,3,4,3.25675,-2.10171,4,1.01123
93,17,1,2,3,4,4.00027,-3.12671,3,1.13007
93,17,1,3,3,4,4.03216,-1.10148,3,1.10829
93,17,0,4,3,4,5.31879,-1.55684,2,0.864485
93,17,4,5,3,4,6.46051,-1.00375,3,0.923205
93,20,-1,0,7,4,0.538708,11.626,1,0.311512
93,20,0,1,7,4,0.360773,12.6949,4,0.310982
93,20,1,2,7,4,-0.573672,11.8792,3,0.308557
93,18,0,1,9,4,2.42542,-15.1782,4,0.508823
93,21,-1,0,3,4,22.3279,16.2534,1,0.0192
93,20,1,3,7,4,1.36879,11.9541,3,0.319825
93,34,1,2,3,4,23.66,15.9828,3,0
93,20,0,4,7,4,0.953449,10.6868,2,0.308608
93,22,-1,0,1,2,1.94886,-7.00632,1,0.495281
93,22,0,1,1,2,1.5974,-6.15583,4,0.487594
93,23,-1,0,17,4,0.17783,2.50998,1,0.48442
93,18,1,2,9,4,3.71133,-15.2024,3,0.551862
93,22,1,2,1,2,1.22801,-7.41225,3,0.489755
93,23,0,1,17,4,-0.120677,1.4629,4,0.508347
93,18,1,3,9,4,1.61085,-14.0947,3,0.620229
93,22,1,3,1,2,2.86874,-6.51114,3,0.484877
93,23,1,2,17,4,1.11563,1.76329,3,0.508077
93,24,-1,0,22,2,0.553495,-11.0651,1,0.470706
93,18,0,4,9,4,4.13875,-13.9997,2,0.510721
93,23,1,3,17,4,-0.779866,2.56166,3,0.493146
93,14,5,6,11,3,-11.2228,10.8285,0,0.526578
93,24,0,1,22,2,0.153861,-11.9047,4,0.420991
93,18,4,5,9,4,5.35725,-13.8456,3,0.625181
93,23,0,4,17,4,0.518326,3.53154,2,0.453414
93,24,1,2,22,2,1.344,-11.3479,3,0.37447
93,23,4,5,17,4,1.07906,4.41115,3,0.435452
93,14,6,7,11,3,-12.3959,9.9824,0,0.489918
93,24,1,3,22,2,-0.383949,-10.687,3,0.383575
93,27,-1,0,23,4,0.888172,2.28975,1,0.635172
93,28,-1,0,24,2,0.619917,-10.2533,1,0.422066
93,14,7,8,11,3,-13.242,8.9318,0,0.461765
93,27,0,1,23,4,0.63217,1.26003,4,0.635223
93,27,1,2,23,4,1.73897,1.95471,3,0.650948
93,28,0,1,24,2,-0.14141,-9.72685,4,0.412334
93,29,-1,0,14,3,-7.93826,12.9561,1,0.573086
93,27,1,3,23,4,-0.36203,2.0525,3,0.624347
93,30,-1,0,9,4,1.77051,-16.2408,1,0.735596
93,29,0,1,14,3,-8.7599,12.216,4,0.587719
93,27,0,4,23,4,1.28234,3.234,2,0.630602
93,31,-1,0,18,4,3.5106,-13.6779,1,0.470651
93,30,0,1,9,4,2.37439,-17.089,4,0.90822
93,29,1,2,14,3,-7.75406,11.4005,3,0.610506
93,33,-1,0,17,4,4.76379,-2.66611,1,0.720002
93,31,0,1,18,4,4.16441,-13.0076,4,0.470885
93,30,1,2,9,4,2.78298,-15.8911,3,0.68718
93,29,1,3,14,3,-9.21246,13.4568,3,0.600327
93,33,0,1,17,4,5.69019,-2.3038,4,0.657669
93,31,1,2,18,4,3.32375,-14.029,3,0.498164
94,0,-1,0,4294967295,1,-12.8509,-8.4932,1,0.315137
94,0,0,1,4294967295,1,-12.1129,-8.08498,8,0.869188
94,0,0,2,4294967295,1,-13.5512,-8.03571,8,0.989016
94,0,0,3,4294967295,1,-12.9844,-9.31241,8,1.00012
94,1,-1,0,4294967295,2,6.87368,-2.60173,1,0.521195
94,1,0,1,4294967295,2,5.97626,-2.47882,4,0.508444
94,1,1,2,4294967295,2,6.83111,-3.42882,3,0.50744
94,1,1,3,4294967295,2,6.93879,-1.56683,3,0.50765
94,32,1,3,4294967295,4,21.3687,13.9158,3,0
94,3,0,4,4294967295,4,20.8155,15.8327,2,0
94,3,4,5,4294967295,4,20.4043,16.7657,3,0
94,6,-1,0,2,3,-11.0094,8.46617,1,0.121171
94,7,-1,0,3,4,0.323885,10.771,1,0.227994
94,4,-1,0,0,1,-12.1996,-8.95776,1,0.858585
94,7,0,1,3,4,0.98059,9.86635,4,0.281505
94,7,1,2,3,4,1.56474,10.9863,3,0.209795
94,7,1,3,3,4,-0.237144,10.1196,3,0.216841
94,6,0,4,2,3,-11.6243,9.54558,0,0.120341
94,7,0,4,3,4,-0.577645,11.3768,2,0.212161
94,6,4,5,2,3,-12.1727,10.8312,0,0.118901
94,7,4,5,3,4,-1.48316,12.2443,3,0.204327
94,6,5,6,2,3,-13.1981,11.5453,0,0.117235
94,9,-1,0,7,4,0.595111,-15.9074,1,1.19986
94,6,6,7,2,3,-13.7312,12.6757,0,0.11579
94,6,7,8,2,3,-14.696,13.4844,0,0.114955
94,11,-1,0,6,3,-6.60768,15.2705,1,0.966178
94,11,0,1,6,3,-6.83845,16.3437,4,1.0978
94,9,0,1,7,4,-0.371426,-16.1371,4,1.19943
94,11,1,2,6,3,-7.69979,15.3383,3,1.1985
94,11,1,3,6,3,-5.58117,16.1736,3,1.16871
94,11,0,4,6,3,-6.80284,13.9489,0,0.968022
94,4,0,1,0,1,-12.2771,-9.79764,8,2.57319
94,11,4,5,6,3,-7.7992,12.7819,0,1.013
94,11,5,6,6,3,-8.98759,11.8419,0,0.963989
94,11,6,7,6,3,-10.4047,12.1541,0,0.930114
94,9,1,2,7,4,0.877096,-16.445,3,1.18643
94,11,7,8,6,3,-11.5639,11.6164,0,0.917575
94,14,-1,0,11,3,-8.47574,14.2956,1,0.499313
94,14,0,1,11,3,-8.32331,15.4076,4,0.759436
94,14,1,2,11,3,-9.35344,14.6917,3,1.00591
94,14,1,3,11,3,-7.15966,14.8304,3,0.831996
94,14,0,4,11,3,-8.89902,13.1088,0,0.526802
94,4,0,2,0,1,-11.4276,-8.63593,8,2.60249
94,9,1,3,7,4,0.420856,-15.1636,3,1.19946
94,9,0,4,7,4,1.4715,-15.5624,2,1.19942
94,14,4,5,11,3,-9.78647,12.0025,0,0.546532
94,9,4,5,7,4,2.61286,-15.1837,3,1.16659
94,17,-1,0,3,4,3.99367,-2.08169,1,0.568653
94,18,-1,0,9,4,3.26414,-15.323,1,0.49969
94,17,0,1,3,4,2.96346,-1.97185,4,1.10248
94,17,1,2,3,4,3.36126,-3.1818,3,1.18087
94,17,1,3,3,4,3.99799,-1.21265,3,1.08053
94,17,0,4,3,4,4.99746,-1.97405,2,0.896323
94,17,4,5,3,4,5.63622,-2.01671,3,0.932894
94,20,-1,0,7,4,0.801005,11.5139,1,0.28717
94,20,0,1,7,4,0.888338,12.5735,4,0.276999
94,20,1,2,7,4,-0.264865,12.0839,3,0.265095
94,18,0,1,9,4,2.36704,-15.9079,4,0.486767
94,21,-1,0,3,4,22.2086,16.3592,1,0.0192
94,20,1,3,7,4,1.81237,11.7008,3,0.287381
94,34,1,2,3,4,23.66,16.0398,3,0
94,20,0,4,7,4,0.964635,10.519,2,0.291057
94,22,-1,0,1,2,1.75426,-6.51828,1,0.493198
94,22,0,1,1,2,1.32918,-5.69652,4,0.488191
94,23,-1,0,17,4,-0.118149,1.92722,1,0.477531
94,18,1,2,9,4,3.64292,-15.9653,3,0.485122
94,22,1,2,1,2,1.06391,-6.96892,3,0.473042
94,23,0,1,17,4,-0.135959,0.842407,4,0.531102
94,18,1,3,9,4,2.4881,-14.6384,3,0.49846
94,22,1,3,1,2,2.61052,-5.9807,3,0.49112
94,23,1,2,17,4,1.00871,1.48222,3,0.500817
94,24,-1,0,22,2,0.181429,-11.4467,1,0.467366
94,18,0,4,9,4,4.23,-14.78,2,0.577923
94,23,1,3,17,4,-1.13102,1.64025,3,0.660586
94,14,5,6,11,3,-10.6786,10.8955,0,0.53406
94,24,0,1,22,2,0.189242,-12.3813,4,0.518372
94,18,4,5,9,4,5.2902,-14.3432,3,0.527096
94,23,0,4,17,4,-0.115361,2.93129,2,0.450006
94,24,1,2,22,2,0.987781,-11.335,3,0.448144
94,23,4,5,17,4,0.138935,3.63633,3,0.432553
94,14,6,7,11,3,-11.8644,10.1909,0,0.509965
94,24,1,3,22,2,-0.760898,-11.4627,3,0.558667
94,27,-1,0,23,4,0.67884,1.90771,1,0.706132
94,28,-1,0,24,2,0.41864,-10.6666,1,0.446828
94,14,7,8,11,3,-12.608,9.08618,0,0.491545
94,27,0,1,23,4,0.883817,0.870993,4,0.734476
94,27,1,2,23,4,1.60846,1.96616,3,0.69033
94,28,0,1,24,2,0.0508464,-9.81657,4,0.443572
94,29,-1,0,14,3,-8.38733,13.4278,1,0.548128
94,27,1,3,23,4,-0.241746,1.43045,3,0.662429
94,30,-1,0,9,4,1.35566,-16.4357,1,0.745133
94,29,0,1,14,3,-9.0246,12.5453,4,0.550586
94,27,0,4,23,4,0.686285,2.91248,2,0.705744
94,31,-1,0,18,4,3.48854,-14.5776,1,0.455659
94,30,0,1,9,4,1.60301,-17.4904,4,0.719133
94,29,1,2,14,3,-7.76741,12.0937,3,0.548214
94,33,-1,0,17,4,4.01357,-2.89335,1,0.661979
94,31,0,1,18,4,4.03232,-13.7553,4,0.471665
94,30,1,2,9,4,2.6981,-16.8198,3,0.712961
94,29,1,3,14,3,-9.24832,13.8354,3,0.553868
94,33,0,1,17,4,4.98398,-2.70576,4,0.637377
94,31,1,2,18,4,2.71574,-13.7091,3,0.551488
94,35,-1,0,11,3,-7.12861,15.8342,1,0.8708
94,30,1,3,9,4,0.334328,-17.3133,3,0.69065
94,29,0,4,14,3,-7.8395,14.5548,0,0.5304
94,33,1,2,17,4,3.74983,-2.33293,3,0.533115
95,0,-1,0,4294967295,1,-12.8509,-8.4932,1,0.321024
95,0,0,1,4294967295,1,-12.1129,-8.08498,8,0.893713
95,0,0,2,4294967295,1,-13.5512,-8.03571,8,1.04429
95,0,0,3,4294967295,1,-12.9844,-9.31241,8,0.970436
95,1,-1,0,4294967295,2,6.6968,-2.7947,1,0.487821
95,1,0,1,4294967295,2,5.78608,-2.94253,4,0.47804
95,1,1,2,4294967295,2,6.92379,-3.59192,3,0.485074
95,1,1,3,4294967295,2,6.42625,-1.78923,3,0.470317
95,6,-1,0,2,3,-10.7635,8.53273,1,0.139444
95,7,-1,0,3,4,0.403482,10.8081,1,0.199302
95,4,-1,0,0,1,-12.1996,-8.95776,1,0.87664
95,7,0,1,3,4,0.876888,9.8145,4,0.18926
95,7,1,2,3,4,1.40986,10.9473,3,0.190586
95,7,1,3,3,4,-0.376027,9.93764,3,0.181405
95,6,0,4,2,3,-11.3914,9.61048,0,0.149939
95,7,0,4,3,4,-0.195037,11.5952,2,0.19804
95,6,4,5,2,3,-12.0032,10.8141,0,0.129376
95,7,4,5,3,4,-0.485841,12.2061,3,0.190737
95,6,5,6,2,3,-13.012,11.6473,0,0.11052
95,9,-1,0,7,4,0.405839,-16.25,1,0.974351
95,6,6,7,2,3,-13.6774,12.7632,0,0.102664
95,6,7,8,2,3,-14.7831,13.4333,0,0.10045
95,11,-1,0,6,3,-7.15366,16.1564,1,0.817522
95,11,0,1,6,3,-7.39859,17.1356,4,0.985213
95,9,0,1,7,4,-0.71866,-16.4326,4,1.12281
95,11,1,2,6,3,-8.1665,16.0355,3,1.06456
95,11,1,3,6,3,-6.12979,16.8388,3,1.05627
95,11,0,4,6,3,-7.11288,14.8633,0,0.881278
95,4,0,1,0,1,-12.2771,-9.79764,8,2.65576
95,11,4,5,6,3,-7.89222,13.6996,0,0.936611
95,11,5,6,6,3,-8.62162,12.4835,0,0.942264
95,11,6,7,6,3,-10.0007,11.973,0,0.930751
95,9,1,2,7,4,0.269957,-17.1808,3,1.15825
95,11,7,8,6,3,-11.2531,11.5578,0,0.9216
95,14,-1,0,11,3,-8.88188,14.6091,1,0.278228
95,14,0,1,11,3,-8.98251,15.6792,4,0.703186
95,14,1,2,11,3,-9.98697,14.8398,3,0.861692
95,14,1,3,11,3,-7.70833,15.4486,3,0.751315
95,14,0,4,11,3,-9.04237,13.3641,0,0.51164
95,4,0,2,0,1,-11.4276,-8.63593,8,2.69387
95,9,1,3,7,4,-0.404146,-15.2341,3,1.19851
95,9,0,4,7,4,1.41691,-15.8871,2,1.08374
95,14,4,5,11,3,-9.37067,12.1101,0,0.53186
95,9,4,5,7,4,2.46748,-15.7975,3,1.14784
95,17,-1,0,3,4,3.34869,-2.10974,1,0.940791
95,18,-1,0,9,4,3.44629,-15.7827,1,0.359472
95,17,0,1,3,4,2.44004,-1.676,4,1.02758
95,17,1,2,3,4,2.46547,-2.96342,3,1.17916
95,17,1,3,3,4,3.69024,-1.39614,3,1.03813
95,17,0,4,3,4,4.31994,-2.12014,2,0.884028
95,17,4,5,3,4,5.54506,-2.18966,3,0.865447
95,20,-1,0,7,4,0.97976,11.5125,1,0.259385
95,20,0,1,7,4,1.42847,12.5073,4,0.244856
95,20,1,2,7,4,0.220423,12.2904,3,0.23002
95,18,0,1,9,4,2.75738,-16.521,4,0.417467
95,20,1,3,7,4,2.02561,11.396,3,0.254632
95,20,0,4,7,4,0.804796,10.496,2,0.266198
95,22,-1,0,1,2,1.41989,-5.97223,1,0.490939
95,22,0,1,1,2,1.26511,-5.06136,4,0.481286
95,23,-1,0,17,4,-0.0906665,1.15383,1,0.518322
95,18,1,2,9,4,4.02449,-16.8711,3,0.487708
95,22,1,2,1,2,0.62534,-6.20143,3,0.468177
95,23,0,1,17,4,0.348174,0.169775,4,0.592503
95,18,1,3,9,4,2.42365,-15.2258,3,0.434676
95,22,1,3,1,2,2.39983,-5.72674,3,0.490524
95,23,1,2,17,4,1.10066,1.22388,3,0.674666
95,24,-1,0,22,2,-0.0416516,-11.8128,1,0.534065
95,18,0,4,9,4,4.19144,-15.0419,2,0.498602
95,23,1,3,17,4,-0.907749,0.484212,3,0.660762
95,14,5,6,11,3,-9.93201,10.9774,0,0.514354
95,24,0,1,22,2,0.407731,-12.6483,4,0.566598
95,18,4,5,9,4,4.96205,-14.7905,3,0.617361
95,23,0,4,17,4,-0.504481,2.15119,2,0.465645
95,24,1,2,22,2,0.732996,-11.3782,3,0.530226
95,23,4,5,17,4,-0.722739,3.54253,3,0.438118
95,14,6,7,11,3,-11.1088,10.4332,0,0.500989
95,24,1,3,22,2,-0.928271,-12.6197,3,0.586974
95,27,-1,0,23,4,0.533053,1.55971,1,0.699406
95,28,-1,0,24,2,0.0107377,-10.9823,1,0.41794
95,14,7,8,11,3,-12.0383,9.46214,0,0.493651
95,27,0,1,23,4,1.02296,0.603653,4,0.689091
95,27,1,2,23,4,1.38267,1.86218,3,0.700604
95,28,0,1,24,2,0.252913,-10.0754,4,0.40846
95,29,-1,0,14,3,-8.75452,13.7461,1,0.540348
95,27,1,3,23,4,-0.245341,0.484427,3,0.672646
95,30,-1,0,9,4,0.682872,-16.9152,1,0.75676
95,29,0,1,14,3,-9.35718,12.8409,4,0.560891
95,27,0,4,23,4,0.166864,2.52556,2,0.700585
95,31,-1,0,18,4,3.43601,-14.9756,1,0.462518
95,30,0,1,9,4,0.715804,-17.9395,4,0.899433
95,29,1,2,14,3,-8.04435,12.8506,3,0.615894
95,33,-1,0,17,4,3.40323,-3.01234,1,0.599045
95,31,0,1,18,4,4.01949,-14.1451,4,0.470056
95,30,1,2,9,4,1.81782,-17.3607,3,0.88956
95,29,1,3,14,3,-9.82409,14.0461,3,0.535352
95,33,0,1,17,4,4.37435,-2.81376,4,0.58012
95,31,1,2,18,4,2.68848,-13.9311,3,0.481658
95,35,-1,0,11,3,-7.83729,16.5732,1,0.796643
95,30,1,3,9,4,-0.291123,-17.0622,3,0.89085
95,29,0,4,14,3,-7.97052,14.6664,0,0.528535
95,33,1,2,17,4,3.12108,-2.4773,3,0.573306
95,31,1,3,18,4,4.53139,-15.4352,3,0.475561
95,35,0,1,11,3,-8.58231,17.2274,4,0.800157
95,30,0,4,9,4,0.126687,-15.8909,2,0.734797
95,29,4,5,14,3,-7.29371,15.7794,0,0.519879
96,0,-1,0,4294967295,1,-12.8509,-8.4932,1,0.338147
96,0,0,1,4294967295,1,-12.1129,-8.08498,8,1.0043
96,0,0,2,4294967295,1,-13.5512,-8.03571,8,1.0963
96,0,0,3,4294967295,1,-12.9844,-9.31241,8,0.966717
96,1,-1,0,4294967295,2,6.50891,-2.99811,1,0.468257
96,1,0,1,4294967295,2,5.76434,-3.52985,4,0.527687
96,1,1,2,4294967295,2,7.08772,-3.5627,3,0.467708
96,1,1,3,4294967295,2,5.8982,-2.23702,3,0.448301
96,6,-1,0,2,3,-10.42,8.66533,1,0.22512
96,7,-1,0,3,4,0.676817,10.7433,1,0.166601
96,4,-1,0,0,1,-12.1996,-8.95776,1,0.901111
96,7,0,1,3,4,1.12608,9.70598,4,0.152036
96,7,1,2,3,4,1.6058,10.8353,3,0.160533
96,7,1,3,3,4,-0.0745488,10.0121,3,0.136795
96,6,0,4,2,3,-11.0794,9.73109,0,0.133421
96,7,0,4,3,4,0.139536,11.6232,2,0.172237
96,6,4,5,2,3,-11.7739,10.9056,0,0.111618
96,7,4,5,3,4,-0.286148,12.792,3,0.171277
96,6,5,6,2,3,-12.8777,11.6309,0,0.101661
96,9,-1,0,7,4,0.15918,-16.5818,1,0.718542
96,6,6,7,2,3,-13.6075,12.7164,0,0.0942645
96,6,7,8,2,3,-14.7353,13.3653,0,0.0903062
96,11,-1,0,6,3,-7.78568,16.8884,1,0.638994
96,11,0,1,6,3,-7.86225,18.0104,4,0.984309
96,9,0,1,7,4,-0.93445,-16.6149,4,1.02612
96,11,1,2,6,3,-8.84961,17.1667,3,1.14084
96,11,1,3,6,3,-6.74255,17.4522,3,1.10969
96,11,0,4,6,3,-7.74478,15.5375,0,0.829997
96,4,0,1,0,1,-12.2771,-9.79764,8,2.68741
96,11,4,5,6,3,-8.26311,14.1873,0,0.896411
96,11,5,6,6,3,-8.86228,12.8966,0,0.908729
96,11,6,7,6,3,-9.9673,12.289,0,0.911409
96,9,1,2,7,4,-0.311027,-17.7288,3,1.09957
96,11,7,8,6,3,-10.7919,11.2956,0,0.911535
96,14,-1,0,11,3,-9.42463,14.8892,1,0.548168
96,14,0,1,11,3,-9.91804,15.8597,4,0.613116
96,14,1,2,11,3,-10.475,14.7239,3,0.672029
96,14,1,3,11,3,-8.64849,15.8566,3,0.613668
96,14,0,4,11,3,-8.9223,13.6591,0,0.514435
96,4,0,2,0,1,-11.4276,-8.63593,8,2.70974
96,9,1,3,7,4,-0.469446,-15.4847,3,1.10804
96,9,0,4,7,4,1.16324,-16.6081,2,0.993673
96,14,4,5,11,3,-9.03083,12.1697,0,0.516726
96,9,4,5,7,4,1.81553,-16.9287,3,1.06581
96,17,-1,0,3,4,2.9377,-2.05128,1,0.876329
96,18,-1,0,9,4,3.36591,-16.0793,1,0.450033
96,17,0,1,3,4,1.93933,-1.66045,4,1.0099
96,17,1,2,3,4,1.89044,-2.93366,3,1.08962
96,17,1,3,3,4,3.07751,-1.09986,3,1.0716
96,17,0,4,3,4,3.99474,-2.11037,2,0.818642
96,17,4,5,3,4,5.01638,-2.5014,3,0.808866
96,20,-1,0,7,4,1.29051,11.3668,1,0.230019
96,20,0,1,7,4,1.88034,12.2482,4,0.213495
96,20,1,2,7,4,0.626174,12.3218,3,0.197184
96,18,0,1,9,4,2.91617,-17.04,4,0.438777
96,20,1,3,7,4,2.25419,11.0286,3,0.22288
96,20,0,4,7,4,0.997954,10.3643,2,0.238133
96,22,-1,0,1,2,1.10159,-5.39957,1,0.523489
96,22,0,1,1,2,1.287,-4.49723,4,0.536168
96,23,-1,0,17,4,-0.0287745,0.644949,1,0.118256
96,18,1,2,9,4,4.11378,-16.564,3,0.435091
96,22,1,2,1,2,0.285573,-5.35061,3,0.600047
96,23,0,1,17,4,0.803254,-0.0965393,4,0.624016
96,18,1,3,9,4,2.2762,-15.9708,3,0.449316
96,22,1,3,1,2,2.12572,-5.50173,3,0.514283
96,23,1,2,17,4,1.0851,1.14761,3,0.739477
96,24,-1,0,22,2,-0.0487468,-12.2138,1,0.549793
96,18,0,4,9,4,3.99982,-15.1729,2,0.47641
96,23,1,3,17,4,-0.391748,-0.520582,3,0.84335
96,14,5,6,11,3,-9.42098,10.8943,0,0.525805
96,24,0,1,22,2,0.792987,-12.6567,4,0.574832
96,18,4,5,9,4,5.00657,-14.273,3,0.497743
96,23,0,4,17,4,-0.770226,1.40891,2,0.436537
96,24,1,2,22,2,0.391184,-11.4105,3,0.616403
96,23,4,5,17,4,-1.17705,2.19727,3,0.45564
96,14,6,7,11,3,-10.6559,10.4364,0,0.514104
96,24,1,3,22,2,-0.317763,-13.3931,3,0.57829
96,27,-1,0,23,4,0.570264,1.16859,1,0.699457
96,28,-1,0,24,2,-0.347814,-11.4408,1,0.45079
96,14,7,8,11,3,-11.8572,9.82675,0,0.500359
96,27,0,1,23,4,1.39245,0.503579,4,0.7096
96,27,1,2,23,4,1.33126,1.79918,3,0.723435
96,28,0,1,24,2,0.239312,-10.7133,4,0.43161
96,29,-1,0,14,3,-9.20645,14.1082,1,0.520852
96,27,1,3,23,4,0.178211,0.0957675,3,0.708541
96,30,-1,0,9,4,-0.0950348,-17.3513,1,0.799957
96,29,0,1,14,3,-9.66934,13.1301,4,0.5172
96,27,0,4,23,4,-0.0975497,1.92518,2,0.675147
96,31,-1,0,18,4,3.47477,-15.308,1,0.442804
96,30,0,1,9,4,-0.141029,-18.4563,4,0.871137
96,29,1,2,14,3,-8.34568,13.3077,3,0.506117
96,33,-1,0,17,4,2.78001,-2.93756,1,0.619537
96,31,0,1,18,4,4.21775,-14.5556,4,0.434645
96,30,1,2,9,4,0.740308,-17.5971,3,0.832964
96,29,1,3,14,3,-10.1512,14.2705,3,0.526126
96,33,0,1,17,4,3.67951,-2.64794,4,0.645813
96,31,1,2,18,4,2.98254,-14.8326,3,0.446627
96,35,-1,0,11,3,-8.2362,17.539,1,0.764287
96,30,1,3,9,4,-1.03953,-17.5435,3,0.855886
96,29,0,4,14,3,-8.33012,15.086,0,0.517275
96,33,1,2,17,4,2.38895,-2.39644,3,0.659439
96,31,1,3,18,4,4.28763,-15.8258,3,0.42107
96,35,0,1,11,3,-9.20143,17.8736,4,0.713449
96,30,0,4,9,4,-0.237824,-16.2972,2,0.728055
96,29,4,5,14,3,-7.11948,16.0283,0,0.513691
96,33,1,3,17,4,3.10898,-3.76816,3,0.671361
96,35,1,2,11,3,-9.07797,16.5467,3,0.560642
96,30,4,5,9,4,-0.665393,-15.2778,3,0.563
96,27,4,5,23,4,0.152465,2.91015,3,0.537446
97,0,-1,0,4294967295,1,-12.8509,-8.4932,1,0.344284
97,0,0,1,4294967295,1,-12.1129,-8.08498,8,1.00258
97,0,0,2,4294967295,1,-13.5512,-8.03571,8,1.13404
97,0,0,3,4294967295,1,-12.9844,-9.31241,8,0.980559
97,1,-1,0,4294967295,2,6.31796,-3.20635,1,0.4836
97,1,0,1,4294967295,2,5.88384,-4.01109,4,0.476807
97,1,1,2,4294967295,2,7.0923,-3.4709,3,0.48349
97,1,1,3,4294967295,2,5.41724,-2.78535,3,0.467425
97,6,-1,0,2,3,-10.0725,8.83817,1,0.149403
97,7,-1,0,3,4,0.955429,10.7541,1,0.167573
97,4,-1,0,0,1,-12.1996,-8.95776,1,0.890606
97,7,0,1,3,4,1.36519,9.68267,4,0.173344
97,7,1,2,3,4,2.02857,10.7271,3,0.212755
97,7,1,3,3,4,0.18958,10.0522,3,0.144637
97,6,0,4,2,3,-10.8689,9.79889,0,0.134027
97,7,0,4,3,4,0.408884,11.6751,2,0.158866
97,6,4,5,2,3,-11.6109,10.9131,0,0.113476
97,7,4,5,3,4,0.0743914,12.732,3,0.151671
97,6,5,6,2,3,-12.7176,11.584,0,0.0965446
97,9,-1,0,7,4,-0.392491,-17.243,1,1.03341
97,6,6,7,2,3,-13.4857,12.6206,0,0.085921
97,6,7,8,2,3,-14.6118,13.2487,0,0.0810202
97,11,-1,0,6,3,-8.23072,17.5285,1,0.928206
97,11,0,1,6,3,-8.37642,18.5898,4,1.04737
97,9,0,1,7,4,-1.43653,-17.0577,4,1.11922
97,11,1,2,6,3,-9.43677,17.7848,3,1.10991
97,11,1,3,6,3,-7.06884,18.6169,3,1.10517
97,11,0,4,6,3,-8.39379,16.2293,0,0.86802
97,4,0,1,0,1,-12.2771,-9.79764,8,2.67329
97,11,4,5,6,3,-8.74093,14.7617,0,0.860658
97,11,5,6,6,3,-9.02313,13.3223,0,0.873184
97,11,6,7,6,3,-9.95323,12.4151,0,0.884903
97,9,1,2,7,4,-0.968222,-18.2072,3,1.19879
97,11,7,8,6,3,-10.4698,11.2582,0,0.890533
97,14,-1,0,11,3,-9.9303,15.0461,1,0.44155
97,14,0,1,11,3,-10.7019,15.8202,4,0.499385
97,14,1,2,11,3,-11.2109,14.6102,3,0.567273
97,14,1,3,11,3,-9.54708,16.3614,3,0.494099
97,14,0,4,11,3,-9.23999,13.9245,0,0.442991
97,4,0,2,0,1,-11.4276,-8.63593,8,2.68637
97,9,1,3,7,4,-0.235141,-16.6149,3,1.11217
97,9,0,4,7,4,0.637602,-17.2096,2,0.985441
97,14,4,5,11,3,-9.19296,12.5167,0,0.491327
97,9,4,5,7,4,1.94501,-17.4704,3,0.97438
97,17,-1,0,3,4,2.51345,-1.92573,1,0.844761
97,18,-1,0,9,4,3.6195,-16.3621,1,0.433123
97,17,0,1,3,4,1.67961,-1.25474,4,1.17864
97,17,1,2,3,4,1.6103,-2.54246,3,1.1865
97,17,1,3,3,4,2.95079,-1.11663,3,1.04851
97,17,0,4,3,4,3.54652,-2.33467,2,0.761755
97,17,4,5,3,4,4.14502,-2.73358,3,0.757716
97,20,-1,0,7,4,1.65862,11.2799,1,0.220558
97,20,0,1,7,4,2.26715,12.1495,4,0.209088
97,20,1,2,7,4,1.02638,12.1451,3,0.195082
97,18,0,1,9,4,3.46372,-17.4238,4,0.411362
97,20,1,3,7,4,2.73113,10.9591,3,0.216994
97,20,0,4,7,4,1.30258,10.3227,2,0.222822
97,22,-1,0,1,2,0.953776,-4.84912,1,0.539534
97,22,0,1,1,2,1.11166,-3.95893,4,0.640494
97,23,-1,0,17,4,0.255746,0.21182,1,0.498463
97,18,1,2,9,4,4.42879,-16.6007,3,0.416744
97,22,1,2,1,2,0.136873,-4.81807,3,0.554825
97,23,0,1,17,4,1.24114,-0.209807,4,0.636385
97,18,1,3,9,4,2.54348,-16.5997,3,0.394313
97,22,1,3,1,2,1.94627,-4.94153,3,0.546315
97,23,1,2,17,4,1.31415,1.06511,3,0.72358
97,24,-1,0,22,2,0.344354,-12.4991,1,0.334464
97,18,0,4,9,4,4.02038,-15.3764,2,0.447696
97,23,1,3,17,4,0.186963,-0.893542,3,0.699834
97,14,5,6,11,3,-9.25531,11.1941,0,0.544997
97,24,0,1,22,2,1.32105,-12.5403,4,0.408103
97,18,4,5,9,4,4.66257,-14.6358,3,0.454191
97,23,0,4,17,4,-0.767654,0.344896,2,0.422289
97,24,1,2,22,2,0.294429,-11.7695,3,0.460612
97,23,4,5,17,4,-1.59762,0.638365,3,0.397409
97,14,6,7,11,3,-10.3649,10.4783,0,0.582374
97,24,1,3,22,2,0.547578,-13.6152,3,0.439134
97,27,-1,0,23,4,0.864732,0.777139,1,0.719398
97,28,-1,0,24,2,-0.360171,-11.95,1,0.505412
97,14,7,8,11,3,-11.6206,10.0533,0,0.635313
97,27,0,1,23,4,1.7342,0.100842,4,0.772965
97,27,1,2,23,4,1.81912,1.36868,3,0.811601
97,28,0,1,24,2,0.0315884,-11.0648,4,0.45984
97,29,-1,0,14,3,-9.44628,14.3914,1,0.491132
97,27,1,3,23,4,0.550704,-0.365756,3,0.767645
97,30,-1,0,9,4,-0.933694,-17.6041,1,0.882197
97,29,0,1,14,3,-9.87522,13.442,4,0.474983
97,27,0,4,23,4,0.188773,1.64942,2,0.656089
97,31,-1,0,18,4,3.39605,-15.5625,1,0.409906
97,30,0,1,9,4,-0.733109,-18.6601,4,0.926754
97,29,1,2,14,3,-8.52158,13.5084,3,0.44829
97,33,-1,0,17,4,2.23961,-2.77721,1,0.639193
97,31,0,1,18,4,3.77051,-14.5817,4,0.398296
97,30,1,2,9,4,0.308621,-17.902,3,0.877996
97,29,1,3,14,3,-10.3966,14.6309,3,0.489427
97,33,0,1,17,4,3.04584,-2.24177,4,0.650741
97,31,1,2,18,4,2.60037,-15.094,3,0.410669
97,35,-1,0,11,3,-8.90434,17.9132,1,0.706111
97,30,1,3,9,4,-1.81086,-17.96,3,0.983955
97,29,0,4,14,3,-8.76224,15.4305,0,0.498162
97,33,1,2,17,4,1.79211,-1.99396,3,0.678477
97,31,1,3,18,4,4.72216,-15.4815,3,0.380737
97,35,0,1,11,3,-9.64019,18.6397,4,0.675366
97,30,0,4,9,4,-1.10465,-16.5665,2,0.867267
97,29,4,5,14,3,-7.68766,16.0567,0,0.500862
97,33,1,3,17,4,2.84154,-3.48499,3,0.631871
97,35,1,2,11,3,-10.0124,17.3676,3,0.634557
97,30,4,5,9,4,-1.10968,-15.8599,3,0.76509
97,27,4,5,23,4,-0.315189,2.89237,3,0.612023
97,28,1,2,24,2,-1.23884,-11.354,3,0.436729
97,29,5,6,14,3,-7.37556,17.2369,0,0.501945
97,33,0,4,17,4,1.37898,-3.37363,2,0.606359
98,0,-1,0,4294967295,1,-12.8509,-8.4932,1,0.349611
98,0,0,1,4294967295,1,-12.1129,-8.08498,8,1.00581
98,0,0,2,4294967295,1,-13.5512,-8.03571,8,1.16914
98,0,0,3,4294967295,1,-12.9844,-9.31241,8,0.992905
98,1,-1,0,4294967295,2,6.09006,-3.46447,1,0.453231
98,1,0,1,4294967295,2,6.10623,-4.39145,4,0.443815
98,1,1,2,4294967295,2,6.94064,-3.36796,3,0.453209
98,1,1,3,4294967295,2,5.01036,-3.66751,3,0.433972
98,6,-1,0,2,3,-9.7278,8.96241,1,0.116994
98,7,-1,0,3,4,1.36186,10.6947,1,0.141485
98,4,-1,0,0,1,-12.1996,-8.95776,1,0.886628
98,7,0,1,3,4,1.66441,9.65733,4,0.137912
98,7,1,2,3,4,2.37965,10.6974,3,0.270454
98,7,1,3,3,4,0.46915,10.0641,3,0.115097
98,6,0,4,2,3,-10.611,9.84401,0,0.110087
98,7,0,4,3,4,0.850874,11.5206,2,0.139893
98,6,4,5,2,3,-11.4513,10.8913,0,0.102005
98,7,4,5,3,4,0.598731,12.1748,3,0.133262
98,6,5,6,2,3,-12.5894,11.5094,0,0.200932
98,9,-1,0,7,4,-0.709546,-17.6316,1,1.0416
98,6,6,7,2,3,-13.3527,12.5469,0,0.0811778
98,6,7,8,2,3,-14.4934,13.1374,0,0.0731958
98,11,-1,0,6,3,-9.06333,17.8984,1,0.846584
98,11,0,1,6,3,-9.46612,18.89,4,0.925007
98,9,0,1,7,4,-1.71302,-17.6547,4,1.09005
98,11,1,2,6,3,-10.0409,17.6942,3,0.973604
98,11,1,3,6,3,-8.18225,19.0039,3,0.9492
98,11,0,4,6,3,-8.77588,16.5868,0,0.816014
98,4,0,1,0,1,-12.2771,-9.79764,8,2.65557
98,11,4,5,6,3,-9.14965,15.0674,0,0.84339
98,11,5,6,6,3,-9.59613,13.6871,0,0.908529
98,11,6,7,6,3,-10.2297,12.6076,0,0.879642
98,9,1,2,7,4,-0.797052,-18.5452,3,1.0939
98,11,7,8,6,3,-10.3344,11.3958,0,0.868813
98,14,-1,0,11,3,-10.4927,15.1932,1,0.0154712
98,14,0,1,11,3,-11.5096,15.5472,4,0.648683
98,14,1,2,11,3,-11.2809,14.2276,3,0.808852
98,14,1,3,11,3,-10.6354,16.4886,3,0.620409
98,14,0,4,11,3,-9.46095,14.3754,0,0.494726
98,4,0,2,0,1,-11.4276,-8.63593,8,2.78007
98,9,1,3,7,4,-0.877616,-16.6524,3,1.1391
98,9,0,4,7,4,0.314655,-17.6588,2,1.0038
98,14,4,5,11,3,-9.27945,12.9348,0,0.501628
98,9,4,5,7,4,1.18741,-17.8819,3,0.982097
98,17,-1,0,3,4,2.14267,-1.61336,1,0.740928
98,18,-1,0,9,4,3.99897,-16.5262,1,0.42263
98,17,0,1,3,4,1.56702,-0.826169,4,0.926257
98,17,1,2,3,4,0.839728,-1.86183,3,1.01901
98,17,1,3,3,4,2.80257,-0.935215,3,1.01127
98,17,0,4,3,4,2.93572,-2.26831,2,0.727095
98,17,4,5,3,4,3.89641,-3.2213,3,0.745443
98,20,-1,0,7,4,2.03475,11.3139,1,0.19101
98,20,0,1,7,4,2.61673,12.2249,4,0.175806
98,20,1,2,7,4,1.38835,12.1541,3,0.160333
98,18,0,1,9,4,4.11776,-17.6073,4,0.407017
98,20,1,3,7,4,3.03105,11.0278,3,0.185387
98,20,0,4,7,4,1.75114,10.332,2,0.198152
98,22,-1,0,1,2,0.851286,-4.49365,1,0.542143
98,22,0,1,1,2,0.715557,-3.59707,4,0.534316
98,23,-1,0,17,4,0.631107,-0.140591,1,0.538901
98,18,1,2,9,4,4.9353,-16.6711,3,0.407391
98,22,1,2,1,2,0.0175043,-4.71665,3,0.545197
98,23,0,1,17,4,1.6726,-0.294004,4,0.605831
98,18,1,3,9,4,3.01693,-17.0229,3,0.391175
98,22,1,3,1,2,1.90989,-4.04207,3,0.522866
98,23,1,2,17,4,1.56925,0.965512,3,0.642333
98,24,-1,0,22,2,0.650719,-12.4993,1,0.378719
98,18,0,4,9,4,3.92299,-15.4851,2,0.425293
98,23,1,3,17,4,0.647603,-1.10241,3,0.621392
98,14,5,6,11,3,-9.30546,11.5955,0,0.525628
98,24,0,1,22,2,1.62067,-12.4618,4,0.40739
98,18,4,5,9,4,3.96705,-14.6871,3,0.421916
98,23,0,4,17,4,-0.422045,-0.245221,2,0.471991
98,24,1,2,22,2,0.586495,-11.7146,3,0.519835
98,23,4,5,17,4,-1.80075,-0.173867,3,0.429418
98,14,6,7,11,3,-10.2814,10.6783,0,0.553865
98,24,1,3,22,2,0.970113,-13.6049,3,0.459104
98,27,-1,0,23,4,1.11285,0.510637,1,0.581919
98,28,-1,0,24,2,-0.105764,-12.0993,1,0.508819
98,14,7,8,11,3,-11.3866,9.95779,0,0.572169
98,27,0,1,23,4,2.14894,0.105194,4,0.651963
98,27,1,2,23,4,2.2181,1.40468,3,0.702879
98,28,0,1,24,2,0.17326,-11.1893,4,0.464387
98,29,-1,0,14,3,-9.92368,14.6715,1,0.480158
98,27,1,3,23,4,1.12,-0.677458,3,0.672586
98,30,-1,0,9,4,-1.46828,-18.274,1,0.766745
98,29,0,1,14,3,-10.3501,13.7467,4,0.466339
98,27,0,4,23,4,0.195455,1.07141,2,0.557696
98,31,-1,0,18,4,3.49279,-15.8203,1,0.373996
98,30,0,1,9,4,-1.50519,-19.2661,4,0.839024
98,29,1,2,14,3,-8.99168,13.8245,3,0.433577
98,33,-1,0,17,4,2.14701,-2.41898,1,0.602568
98,31,0,1,18,4,3.28898,-14.7415,4,0.360847
98,30,1,2,9,4,-0.432705,-18.4803,3,0.834803
98,29,1,3,14,3,-10.9604,14.9149,3,0.478715
98,33,0,1,17,4,2.84608,-1.63334,4,0.607567
98,31,1,2,18,4,2.42389,-15.6259,3,0.364428
98,35,-1,0,11,3,-9.64364,18.5413,1,0.68183
98,30,1,3,9,4,-2.23423,-18.1804,3,0.908254
98,29,0,4,14,3,-9.24809,15.7465,0,0.481713
98,33,1,2,17,4,1.55496,-1.74948,3,0.622822
98,31,1,3,18,4,4.54395,-15.0887,3,0.348264
98,35,0,1,11,3,-9.90583,19.685,4,0.76145
98,30,0,4,9,4,-1.47938,-17.1894,2,0.733436
98,29,4,5,14,3,-8.01098,16.3097,0,0.482577
98,33,1,3,17,4,2.88517,-2.89041,3,0.598617
98,35,1,2,11,3,-10.7652,18.8359,3,0.644084
98,30,4,5,9,4,-1.13925,-15.9226,3,0.728534
98,27,4,5,23,4,-0.223355,1.64399,3,0.558572
98,28,1,2,24,2,-1.01808,-11.706,3,0.430712
98,29,5,6,14,3,-7.30084,17.3885,0,0.484054
98,33,0,4,17,4,1.24984,-3.06129,2,0.580668
98,35,1,3,11,3,-8.64557,19.7846,3,0.622742
98,37,-1,0,30,4,-2.07659,-18.846,1,0.744933
98,38,-1,0,27,4,0.94405,1.32752,1,0.506
98,33,4,5,17,4,0.282271,-3.30563,3,0.550734
98,29,6,7,14,3,-6.61685,18.4717,0,0.519383
99,0,-1,0,4294967295,1,-12.8509,-8.4932,1,0.343625
99,0,0,1,4294967295,1,-12.1129,-8.08498,8,1.00723
99,0,0,2,4294967295,1,-13.5512,-8.03571,8,1.10294
99,0,0,3,4294967295,1,-12.9844,-9.31241,8,0.999671
99,1,-1,0,4294967295,2,5.87654,-3.9287,1,0.421188
99,1,0,1,4294967295,2,6.47224,-4.63925,4,0.411146
99,1,1,2,4294967295,2,6.48167,-3.3128,3,0.421184
99,1,1,3,4294967295,2,5.16226,-4.75315,3,0.399884
99,6,-1,0,2,3,-9.39912,9.0731,1,0.158507
99,7,-1,0,3,4,1.8393,10.5146,1,0.165482
99,4,-1,0,0,1,-12.1996,-8.95776,1,0.897034
99,7,0,1,3,4,2.30003,9.48856,4,0.20764
99,7,1,2,3,4,2.8595,10.6006,3,0.321254
99,7,1,3,3,4,1.13995,9.91043,3,0.154399
99,6,0,4,2,3,-10.342,9.89141,0,0.140397
99,7,0,4,3,4,1.2617,11.3841,2,0.136489
99,6,4,5,2,3,-11.2617,10.8723,0,0.122166
99,7,4,5,3,4,0.752653,12.6313,3,0.120865
99,6,5,6,2,3,-12.4341,11.4357,0,0.108378
99,9,-1,0,7,4,-1.2571,-18.009,1,1.04655
99,6,6,7,2,3,-13.2381,12.4504,0,0.0945234
99,6,7,8,2,3,-14.3842,13.0424,0,0.084421
99,11,-1,0,6,3,-9.87046,18.5668,1,0.723883
99,11,0,1,6,3,-10.0575,19.6492,4,0.785343
99,9,0,1,7,4,-2.24251,-17.8453,4,1.07593
99,11,1,2,6,3,-10.573,18.404,3,0.834231
99,11,1,3,6,3,-9.04666,18.8607,3,0.80994
99,11,0,4,6,3,-9.8476,17.2357,0,0.73883
99,4,0,1,0,1,-12.2771,-9.79764,8,2.65398
99,11,4,5,6,3,-10.0103,15.6366,0,0.791423
99,11,5,6,6,3,-10.1705,14.2366,0,0.833016
99,11,6,7,6,3,-10.629,13.0171,0,0.852416
99,9,1,2,7,4,-1.6313,-19.0012,3,1.06568
99,11,7,8,6,3,-10.3784,11.7471,0,0.857996
99,14,-1,0,11,3,-11.0588,15.175,1,0.499793
99,14,0,1,11,3,-12.1809,15.2732,4,0.601949
99,14,1,2,11,3,-11.4293,14.2176,3,0.660333
99,14,1,3,11,3,-11.5908,16.4009,3,0.739782
99,14,0,4,11,3,-9.77999,14.7171,0,0.453562
99,4,0,2,0,1,-11.4276,-8.63593,8,2.84325
99,9,1,3,7,4,-1.11394,-17.1326,3,1.09265
99,9,0,4,7,4,-0.253364,-17.9893,2,1.01031
99,14,4,5,11,3,-9.5191,13.2556,0,0.464517
99,9,4,5,7,4,0.597949,-18.1406,3,0.987312
99,17,-1,0,3,4,2.19809,-1.4915,1,0.907223
99,18,-1,0,9,4,4.14151,-16.6002,1,0.388108
99,17,0,1,3,4,1.58784,-0.683414,4,0.922578
99,17,1,2,3,4,0.8863,-1.78052,3,0.919746
99,17,1,3,3,4,2.87188,-0.574376,3,0.958762
99,17,0,4,3,4,2.93854,-2.36627,2,0.82629
99,17,4,5,3,4,3.28446,-3.25012,3,0.824455
99,20,-1,0,7,4,2.3808,11.1964,1,0.160446
99,20,0,1,7,4,2.77892,12.196,4,0.141908
99,20,1,2,7,4,1.53617,12.0804,3,0.127348
99,18,0,1,9,4,4.51375,-17.5993,4,0.368318
99,20,1,3,7,4,3.41742,11.1048,3,0.145677
99,20,0,4,7,4,2.2537,10.162,2,0.169345
99,22,-1,0,1,2,1.01482,-4.269,1,0.510355
99,22,0,1,1,2,0.400675,-3.55673,4,0.499665
99,23,-1,0,17,4,0.919949,-0.165176,1,0.517027
99,18,1,2,9,4,5.29278,-16.6037,3,0.359678
99,22,1,2,1,2,0.265015,-4.87636,3,0.510966
99,23,0,1,17,4,2.05035,-0.194692,4,0.546633
99,18,1,3,9,4,3.3675,-17.106,3,0.364082
99,22,1,3,1,2,1.6857,-3.31461,3,0.485011
99,23,1,2,17,4,1.68391,1.0336,3,0.567871
99,24,-1,0,22,2,1.00615,-12.3811,1,0.528016
99,18,0,4,9,4,3.80808,-15.6016,2,0.397323
99,23,1,3,17,4,1.01629,-0.956141,3,0.552614
99,14,5,6,11,3,-9.47394,11.9465,0,0.494265
99,24,0,1,22,2,1.96015,-12.3372,4,0.579342
99,18,4,5,9,4,3.83173,-14.2352,3,0.396705
99,23,0,4,17,4,-0.131509,-0.337167,2,0.482295
99,24,1,2,22,2,0.940883,-11.5424,3,0.549155
99,23,4,5,17,4,-0.879437,-0.442002,3,0.456961
99,14,6,7,11,3,-10.3031,10.8926,0,0.519378
99,24,1,3,22,2,1.25704,-13.4498,3,0.457222
99,27,-1,0,23,4,1.63915,0.572063,1,0.475338
99,28,-1,0,24,2,0.297757,-11.934,1,0.446472
99,14,7,8,11,3,-11.1095,9.79845,0,0.532702
99,27,0,1,23,4,2.66084,0.555953,4,0.573203
99,27,1,2,23,4,1.89315,1.61357,3,0.627453
99,28,0,1,24,2,0.393389,-10.9885,4,0.426429
99,29,-1,0,14,3,-10.3373,14.9193,1,0.476171
99,27,1,3,23,4,1.51571,0.0558526,3,0.602916
99,30,-1,0,9,4,-1.81623,-18.4916,1,0.648162
99,29,0,1,14,3,-10.8253,13.9264,4,0.4447
99,27,0,4,23,4,0.602832,0.431753,2,0.464689
99,31,-1,0,18,4,3.42074,-16.1628,1,0.348343
99,30,0,1,9,4,-2.06258,-19.6063,4,0.754331
99,29,1,2,14,3,-9.53106,13.9391,3,0.409422
99,33,-1,0,17,4,1.97079,-2.16698,1,0.313025
99,31,0,1,18,4,3.04325,-15.1684,4,0.35238
99,30,1,2,9,4,-0.802331,-19.5029,3,0.751708
99,29,1,3,14,3,-11.6386,14.9412,3,0.453112
99,33,0,1,17,4,2.84198,-1.56019,4,0.47407
99,31,1,2,18,4,2.34166,-16.2136,3,0.38001
99,35,-1,0,11,3,-10.1743,19.212,1,0.626294
99,30,1,3,9,4,-2.74743,-18.5122,3,0.878818
99,29,0,4,14,3,-9.57663,16.0363,0,0.484438
99,33,1,2,17,4,1.53828,-1.50082,3,0.545212
99,31,1,3,18,4,4.34097,-15.2865,3,0.341053
99,35,0,1,11,3,-10.6485,20.1885,4,0.67571
99,30,0,4,9,4,-1.70392,-17.3798,2,0.631943
99,29,4,5,14,3,-8.35915,16.6756,0,0.482482
99,33,1,3,17,4,2.6782,-2.90982,3,0.541111
99,35,1,2,11,3,-11.5248,19.2369,3,0.712324
99,30,4,5,9,4,-1.30634,-16.4223,3,0.65207
99,27,4,5,23,4,-0.581022,0.442278,3,0.487673
99,28,1,2,24,2,-0.528654,-11.8918,3,0.411321
99,29,5,6,14,3,-7.49907,17.6746,0,0.48224
99,33,0,4,17,4,1.05214,-2.46233,2,0.509658
99,35,1,3,11,3,-9.3797,20.053,3,0.699349
99,37,-1,0,30,4,-2.38104,-19.0635,1,0.675641
99,38,-1,0,27,4,1.04701,1.14005,1,0.545327
99,33,4,5,17,4,0.211022,-2.39463,3,0.679613
99,29,6,7,14,3,-6.38204,18.3821,0,0.484189
99,35,0,4,11,3,-9.38009,18.1555,0,0.593833
99,37,0,1,30,4,-2.82305,-19.965,4,0.657692
99,38,0,1,27,4,0.721899,2.1031,4,0.552273
99,40,-1,0,33,4,2.65715,-1.96407,1,0.5156
100,0,-1,0,4294967295,1,-12.8509,-8.4932,1,0.454447
100,0,0,1,4294967295,1,-12.1129,-8.08498,8,1.11824
100,0,0,2,4294967295,1,-13.5512,-8.03571,8,1.15606
100,0,0,3,4294967295,1,-12.9844,-9.31241,8,1.02072
100,1,-1,0,4294967295,2,5.87054,-4.47164,1,0.429684
100,1,0,1,4294967295,2,6.77854,-4.63798,4,0.440011
100,1,1,2,4294967295,2,5.91983,-3.63288,3,0.425854
100,1,1,3,4294967295,2,5.81445,-5.5346,3,0.482545
100,6,-1,0,2,3,-9.08605,9.20649,1,0.190132
100,7,-1,0,3,4,2.24705,10.481,1,0.161052
100,4,-1,0,0,1,-12.1996,-8.95776,1,0.919
100,7,0,1,3,4,2.74827,9.49597,4,0.191712
100,7,1,2,3,4,3.36599,10.6081,3,0.207498
100,7,1,3,3,4,1.51136,9.66679,3,0.210877
100,6,0,4,2,3,-10.076,9.97687,0,0.1553
100,7,0,4,3,4,1.62211,11.3113,2,0.135997
100,6,4,5,2,3,-11.0945,10.8738,0,0.121121
100,7,4,5,3,4,1.22013,12.1886,3,0.121058
100,6,5,6,2,3,-12.2744,11.3724,0,0.0992101
100,9,-1,0,7,4,-1.64696,-18.3391,1,1.01642
100,6,6,7,2,3,-13.1126,12.351,0,0.0864294
100,6,7,8,2,3,-14.2679,12.9225,0,0.0801996
100,11,-1,0,6,3,-10.5666,18.9013,1,0.584815
100,11,0,1,6,3,-10.4285,19.9662,4,0.657306
100,9,0,1,7,4,-2.62896,-18.0707,4,1.02076
100,11,1,2,6,3,-11.3927,19.1267,3,0.718701
100,11,1,3,6,3,-9.31438,19.3119,3,0.68754
100,11,0,4,6,3,-10.7526,17.6096,0,0.643053
100,4,0,1,0,1,-12.2771,-9.79764,8,2.67366
100,11,4,5,6,3,-11.1773,16.161,0,0.731987
100,11,5,6,6,3,-10.9669,14.667,0,0.7947
100,11,6,7,6,3,-10.9345,13.3404,0,0.837865
100,9,1,2,7,4,-1.72936,-18.9764,3,1.01906
100,11,7,8,6,3,-10.4708,12.1476,0,0.950689
100,14,-1,0,11,3,-11.5265,15.2457,1,0.531642
100,14,0,1,11,3,-12.6546,15.2157,4,0.57046
100,14,1,2,11,3,-11.8651,14.1888,3,0.595202
100,14,1,3,11,3,-12.1437,16.3737,3,0.581072
100,14,0,4,11,3,-10.2237,14.9456,0,0.501051
100,4,0,2,0,1,-11.4276,-8.63593,8,2.8736
100,9,1,3,7,4,-1.36207,-17.7599,3,1.02653
100,9,0,4,7,4,-0.605946,-18.3759,2,1.0029
100,14,4,5,11,3,-9.88502,13.5453,0,0.494528
100,9,4,5,7,4,0.740451,-18.5655,3,0.988537
100,17,-1,0,3,4,2.52154,-1.39985,1,0.863228
100,18,-1,0,9,4,4.21824,-16.6014,1,0.362665
100,17,0,1,3,4,2.07286,-0.478418,4,0.87793
100,17,1,2,3,4,1.38094,-1.54351,3,0.872383
100,17,1,3,3,4,3.22978,-0.998529,3,0.899627
100,17,0,4,3,4,3.06121,-2.35048,2,0.841415
100,17,4,5,3,4,3.22502,-3.11843,3,0.823131
100,20,-1,0,7,4,2.78684,11.1886,1,0.128697
100,20,0,1,7,4,3.07979,12.2307,4,0.109743
100,20,1,2,7,4,1.8724,12.0164,3,0.092722
100,18,0,1,9,4,4.5229,-17.6192,4,0.333452
100,20,1,3,7,4,3.79958,11.2005,3,0.117493
100,20,0,4,7,4,2.79313,10.1684,2,0.138303
100,22,-1,0,1,2,0.838193,-3.88237,1,0.476069
100,22,0,1,1,2,-0.0845063,-3.79355,4,0.464674
100,23,-1,0,17,4,1.52909,-0.00571677,1,0.490292
100,18,1,2,9,4,5.23261,-16.5887,3,0.323102
100,22,1,2,1,2,0.890294,-4.70462,3,0.476191
100,23,0,1,17,4,2.53582,-0.00904143,4,0.499352
100,18,1,3,9,4,3.40444,-17.0713,3,0.325804
100,22,1,3,1,2,0.876448,-2.93607,3,0.449367
100,23,1,2,17,4,1.79081,1.13212,3,0.512638
100,24,-1,0,22,2,1.41418,-12.1037,1,0.528981
100,18,0,4,9,4,3.83256,-15.6112,2,0.399141
100,23,1,3,17,4,1.43519,-0.780362,3,0.495861
100,14,5,6,11,3,-9.68335,12.2326,0,0.509474
100,24,0,1,22,2,2.3608,-12.1065,4,0.549776
100,18,4,5,9,4,3.63681,-14.7841,3,0.447113
100,23,0,4,17,4,0.643431,-0.348932,2,0.473927
100,24,1,2,22,2,1.34213,-11.2961,3,0.652812
100,23,4,5,17,4,-0.315456,-0.547594,3,0.460595
100,14,6,7,11,3,-10.3654,11.1054,0,0.528987
100,24,1,3,22,2,1.554,-13.1525,3,0.503145
100,27,-1,0,23,4,1.71398,0.718579,1,0.521128
100,28,-1,0,24,2,0.660144,-11.7452,1,0.402848
100,14,7,8,11,3,-10.8688,9.86653,0,0.537054
100,27,0,1,23,4,2.74472,1.20387,4,0.552056
100,27,1,2,23,4,1.81579,2.06769,3,0.564665
100,28,0,1,24,2,0.717063,-10.8077,4,0.38776
100,29,-1,0,14,3,-10.767,15.0649,1,0.450646
100,27,1,3,23,4,2.11944,0.205258,3,0.559761
100,30,-1,0,9,4,-2.43106,-18.7706,1,0.605054
100,29,0,1,14,3,-11.201,14.0362,4,0.431865
100,27,0,4,23,4,0.692249,0.34908,2,0.48735
100,31,-1,0,18,4,3.49295,-16.2404,1,0.326717
100,30,0,1,9,4,-2.84064,-19.6772,4,0.724559
100,29,1,2,14,3,-9.94155,14.2558,3,0.397041
100,33,-1,0,17,4,1.98036,-1.87279,1,0.471262
100,31,0,1,18,4,3.25447,-15.2513,4,0.318511
100,30,1,2,9,4,-1.5124,-19.664,3,0.704609
100,29,1,3,14,3,-12.0599,14.9902,3,0.438794
100,33,0,1,17,4,3.06443,-1.69135,4,0.456788
100,31,1,2,18,4,2.53013,-16.2782,3,0.310852
100,35,-1,0,11,3,-10.8722,19.575,1,0.611028
100,30,1,3,9,4,-3.31017,-18.4313,3,0.901309
100,29,0,4,14,3,-9.95149,16.0532,0,0.458091
100,33,1,2,17,4,1.95127,-1.12282,3,0.463643
100,31,1,3,18,4,4.47317,-15.7982,3,0.325261
100,35,0,1,11,3,-11.4206,20.3811,4,0.629699
100,30,0,4,9,4,-2.14611,-17.7802,2,0.662314
100,29,4,5,14,3,-8.7105,16.7964,0,0.46291
100,33,1,3,17,4,2.15607,-2.61505,3,0.451493
100,35,1,2,11,3,-11.9632,19.1227,3,0.651497
100,30,4,5,9,4,-1.81687,-17.0912,3,0.702918
100,27,4,5,23,4,-0.509808,0.285763,3,0.467094
100,28,1,2,24,2,-0.226878,-11.6985,3,0.377909
100,29,5,6,14,3,-7.77737,17.8035,0,0.465612
100,33,0,4,17,4,0.957329,-2.11965,2,0.500357
100,35,1,3,11,3,-10.0822,20.5733,3,0.624257
100,37,-1,0,30,4,-3.1156,-19.1735,1,0.652393
100,38,-1,0,27,4,0.997302,1.05503,1,0.521341
100,33,4,5,17,4,-0.420218,-2.12505,3,0.524386
100,29,6,7,14,3,-6.49124,18.1206,0,0.466701
100,35,0,4,11,3,-10.1264,18.546,0,0.581468
100,37,0,1,30,4,-3.44168,-20.173,4,0.645455
100,38,0,1,27,4,0.935663,2.0682,4,0.512259
100,40,-1,0,33,4,2.65056,-2.14494,1,0.4996
100,35,4,5,11,3,-9.49994,17.4679,0,0.554751
100,37,1,2,30,4,-2.18813,-19.9111,3,0.578399
101,0,-1,0,4294967295,1,-12.8509,-8.4932,1,0.481049
101,0,0,1,4294967295,1,-12.1129,-8.08498,8,1.21243
101,0,0,2,4294967295,1,-13.5512,-8.03571,8,1.15565
101,0,0,3,4294967295,1,-12.9844,-9.31241,8,1.07634
101,1,-1,0,4294967295,2,6.04729,-4.88595,1,0.41664
101,1,0,1,4294967295,2,6.93339,-4.63067,4,0.412695
101,1,1,2,4294967295,2,5.72288,-4.13451,3,0.404512
101,1,1,3,4294967295,2,6.3759,-5.8184,3,0.427134
101,6,-1,0,2,3,-8.821,9.39772,1,0.142337
101,7,-1,0,3,4,2.71009,10.4854,1,0.149189
101,4,-1,0,0,1,-12.1996,-8.95776,1,0.928298
101,7,0,1,3,4,3.3578,9.60132,4,0.242964
101,7,1,2,3,4,3.63455,10.8117,3,0.172575
101,7,1,3,3,4,2.09992,9.60562,3,0.150065
101,6,0,4,2,3,-9.90967,10.0077,0,0.130561
101,7,0,4,3,4,1.93114,11.0748,2,0.127629
101,6,4,5,2,3,-10.9646,10.8395,0,0.112464
101,7,4,5,3,4,1.39976,11.6703,3,0.114441
101,6,5,6,2,3,-12.176,11.291,0,0.0946817
101,9,-1,0,7,4,-1.75008,-18.4337,1,0.985085
101,6,6,7,2,3,-13.0093,12.2731,0,0.0815512
101,6,7,8,2,3,-14.1748,12.8054,0,0.0747963
101,11,-1,0,6,3,-11.086,19.1839,1,0.422581
101,11,0,1,6,3,-11.0769,20.2054,4,0.537067
101,9,0,1,7,4,-2.84613,-18.4121,4,0.978105
101,11,1,2,6,3,-11.7801,19.0566,3,0.615624
101,11,1,3,6,3,-9.85708,19.7414,3,0.584571
101,11,0,4,6,3,-11.2532,17.8581,0,0.555807
101,4,0,1,0,1,-12.2771,-9.79764,8,2.794
101,11,4,5,6,3,-11.7168,16.3479,0,0.6907
101,11,5,6,6,3,-11.6871,14.8281,0,0.789788
101,11,6,7,6,3,-11.467,13.4493,0,0.870284
101,9,1,2,7,4,-1.96923,-19.3071,3,0.970071
101,11,7,8,6,3,-10.6361,12.45,0,0.881644
101,14,-1,0,11,3,-11.9602,15.4126,1,0.516729
101,14,0,1,11,3,-13.0475,15.4237,4,0.524403
101,14,1,2,11,3,-12.3285,14.2995,3,0.538786
101,14,1,3,11,3,-12.4318,16.5452,3,0.521728
101,14,0,4,11,3,-10.7046,14.9948,0,0.505737
101,4,0,2,0,1,-11.4276,-8.63593,8,2.81597
101,9,1,3,7,4,-1.90619,-17.555,3,0.985737
101,9,0,4,7,4,-0.687872,-18.5733,2,0.98359
101,14,4,5,11,3,-10.1626,13.6972,0,0.499756
101,9,4,5,7,4,0.0165478,-18.952,3,0.978039
101,17,-1,0,3,4,3.00498,-1.31799,1,0.835638
101,18,-1,0,9,4,4.15569,-16.8164,1,0.34161
101,17,0,1,3,4,2.91694,-0.301865,4,0.836276
101,17,1,2,3,4,1.6212,-0.709596,3,0.825091
101,17,1,3,3,4,3.90667,-1.14859,3,0.852871
101,17,0,4,3,4,3.35836,-2.38365,2,0.827407
101,17,4,5,3,4,3.57625,-3.77448,3,0.816482
101,20,-1,0,7,4,3.20517,11.253,1,0.0973452
101,20,0,1,7,4,3.61263,12.2414,4,0.0784109
101,20,1,2,7,4,2.42339,11.8968,3,0.0600328
101,18,0,1,9,4,4.50219,-17.801,4,0.305509
101,20,1,3,7,4,4.27251,11.148,3,0.0874255
101,20,0,4,7,4,3.10189,10.2383,2,0.106943
101,22,-1,0,1,2,0.501215,-3.68554,1,0.442698
101,22,0,1,1,2,-0.233321,-4.24709,4,0.432655
101,23,-1,0,17,4,1.8411,0.399742,1,0.474483
101,18,1,2,9,4,5.07372,-16.6673,3,0.292301
101,22,1,2,1,2,1.06679,-4.28374,3,0.429191
101,23,0,1,17,4,2.96726,0.555562,4,0.484409
101,18,1,3,9,4,3.40171,-17.2367,3,0.293353
101,22,1,3,1,2,-0.198394,-2.92419,3,0.43422
101,23,1,2,17,4,2.32823,1.64213,3,0.504891
101,24,-1,0,22,2,2.05473,-11.9365,1,0.286264
101,18,0,4,9,4,4.04319,-15.7826,2,0.368206
101,23,1,3,17,4,2.09262,-0.327196,3,0.475672
101,14,5,6,11,3,-9.71162,12.4939,0,0.500971
101,24,0,1,22,2,2.9449,-11.9667,4,0.450574
101,18,4,5,9,4,4.33719,-14.9144,3,0.381037
101,23,0,4,17,4,0.883938,-0.119941,2,0.461085
101,24,1,2,22,2,1.91323,-11.1321,3,0.570837
101,23,4,5,17,4,-0.337825,-0.639137,3,0.448842
101,14,6,7,11,3,-10.2732,11.3341,0,0.506111
101,24,1,3,22,2,1.95327,-12.8894,3,0.494455
101,27,-1,0,23,4,1.88351,1.13413,1,0.495252
101,28,-1,0,24,2,0.46333,-11.2047,1,0.381819
101,14,7,8,11,3,-10.7048,10.1064,0,0.510255
101,27,0,1,23,4,2.94905,1.48046,4,0.501616
101,27,1,2,23,4,1.78875,1.9926,3,0.501135
101,28,0,1,24,2,1.1073,-10.5644,4,0.387486
101,29,-1,0,14,3,-11.1971,15.1317,1,0.427683
101,27,1,3,23,4,2.47531,0.340169,3,0.508849
101,30,-1,0,9,4,-2.98159,-19.1888,1,0.440423
101,29,0,1,14,3,-11.4983,14.1256,4,0.420686
101,27,0,4,23,4,0.988977,0.620495,2,0.480762
101,31,-1,0,18,4,3.47025,-16.3296,1,0.294306
101,30,0,1,9,4,-3.65712,-20.1008,4,0.601738
101,29,1,2,14,3,-10.2269,14.4697,3,0.390043
101,33,-1,0,17,4,1.8454,-1.91673,1,0.454694
101,31,0,1,18,4,3.43031,-15.3055,4,0.282765
101,30,1,2,9,4,-2.43941,-20.0381,3,0.648465
101,29,1,3,14,3,-12.4923,14.956,3,0.455142
101,33,0,1,17,4,2.91557,-1.94138,4,0.431243
101,31,1,2,18,4,2.49609,-16.1758,3,0.270529
101,35,-1,0,11,3,-11.6078,19.839,1,0.617132
101,30,1,3,9,4,-3.69276,-18.826,3,0.710013
101,29,0,4,14,3,-10.4665,16.1289,0,0.435638
101,33,1,2,17,4,2.22421,-0.94511,3,0.437588
101,31,1,3,18,4,4.44413,-16.1281,3,0.288305
101,35,0,1,11,3,-12.4752,20.5515,4,0.686065
101,30,0,4,9,4,-2.45285,-18.1144,2,0.546399
101,29,4,5,14,3,-9.28035,16.5944,0,0.442336
101,33,1,3,17,4,2.33505,-3.07813,3,0.413144
101,35,1,2,11,3,-12.5431,19.2745,3,0.646119
101,30,4,5,9,4,-1.87275,-16.8093,3,0.620935
101,27,4,5,23,4,0.345528,0.395117,3,0.465928
101,28,1,2,24,2,-0.126957,-11.0761,3,0.357666
101,29,5,6,14,3,-8.16318,17.4941,0,0.446489
101,33,0,4,17,4,0.811711,-1.97392,2,0.471448
101,35,1,3,11,3,-11.4385,21.3309,3,0.609519
101,37,-1,0,30,4,-3.71544,-19.5944,1,0.714138
101,38,-1,0,27,4,1.04366,1.36036,1,0.564772
101,33,4,5,17,4,0.0664398,-1.84187,3,0.478093
101,29,6,7,14,3,-6.89328,17.9053,0,0.448358
101,35,0,4,11,3,-10.5743,18.9667,0,0.575209
101,37,0,1,30,4,-4.55284,-20.2756,4,0.741751
101,38,0,1,27,4,0.899467,2.37764,4,0.524828
101,40,-1,0,33,4,2.48264,-2.33536,1,0.4836
101,35,4,5,11,3,-10.0243,17.6778,0,0.551192
101,37,1,2,30,4,-3.39913,-20.83,3,0.688233
101,28,1,3,24,2,1.17782,-11.9025,3,0.434139
101,35,5,6,11,3,-8.8061,17.1196,0,0.531357
101,37,1,3,30,4,-4.78206,-19.0192,3,0.841361
102,0,-1,0,4294967295,1,-12.8509,-8.4932,1,0.424424
102,0,0,1,4294967295,1,-12.1129,-8.08498,8,1.22335
102,0,0,2,4294967295,1,-13.5512,-8.03571,8,1.19008
102,0,0,3,4294967295,1,-12.9844,-9.31241,8,1.14361
102,1,-1,0,4294967295,2,6.32053,-5.06634,1,0.403476
102,1,0,1,4294967295,2,7.18067,-4.74157,4,0.411227
102,1,1,2,4294967295,2,5.93179,-4.35053,3,0.388124
102,1,1,3,4294967295,2,6.71882,-5.96988,3,0.455721
102,6,-1,0,2,3,-8.63307,9.54177,1,0.112467
102,7,-1,0,3,4,3.25647,10.3906,1,0.142832
102,4,-1,0,0,1,-12.1996,-8.95776,1,0.989593
102,7,0,1,3,4,4.08076,9.57224,4,0.159308
102,7,1,2,3,4,4.20217,10.7753,3,0.195979
102,7,1,3,3,4,2.85381,9.56713,3,0.139966
102,6,0,4,2,3,-9.74441,10.1061,0,0.106091
102,7,0,4,3,4,2.35906,11.0048,2,0.124731
102,6,4,5,2,3,-10.8238,10.9173,0,0.0954293
102,7,4,5,3,4,1.32318,11.9339,3,0.110036
102,6,5,6,2,3,-12.0491,11.2779,0,0.083704
102,9,-1,0,7,4,-2.44237,-18.9155,1,0.955144
102,6,6,7,2,3,-12.9449,12.1889,0,0.0740397
102,6,7,8,2,3,-14.1174,12.6994,0,0.0686612
102,11,-1,0,6,3,-11.7107,19.3811,1,0.234262
102,11,0,1,6,3,-11.9259,20.4225,4,0.454897
102,9,0,1,7,4,-3.40661,-18.8035,4,0.943636
102,11,1,2,6,3,-12.3763,19.1765,3,0.533643
102,11,1,3,6,3,-10.725,19.9811,3,0.503797
102,11,0,4,6,3,-11.5995,18.0387,0,0.532707
102,4,0,1,0,1,-12.2771,-9.79764,8,2.90592
102,11,4,5,6,3,-11.8875,16.4463,0,0.688818
102,11,5,6,6,3,-12.0544,14.8865,0,0.788076
102,11,6,7,6,3,-12.048,13.4782,0,0.873805
102,9,1,2,7,4,-2.52968,-19.7006,3,0.930203
102,11,7,8,6,3,-11.0048,12.68,0,0.927192
102,14,-1,0,11,3,-12.2347,15.5783,1,0.49947
102,14,0,1,11,3,-13.2968,15.6804,4,0.48715
102,14,1,2,11,3,-12.7684,14.4459,3,0.485182
102,14,1,3,11,3,-12.5788,16.7629,3,0.48677
102,14,0,4,11,3,-10.9861,15.2,0,0.517786
102,4,0,2,0,1,-11.4276,-8.63593,8,2.83476
102,9,1,3,7,4,-2.20516,-18.315,3,0.954007
102,9,0,4,7,4,-1.44592,-18.8264,2,0.958473
102,14,4,5,11,3,-10.4162,13.8895,0,0.539802
102,9,4,5,7,4,-0.466252,-18.9956,3,0.956953
102,17,-1,0,3,4,3.40784,-1.36297,1,0.947897
102,18,-1,0,9,4,4.16706,-17.0311,1,0.308058
102,17,0,1,3,4,3.50357,-0.311848,4,0.884402
102,17,1,2,3,4,2.21714,-0.535854,3,0.838107
102,17,1,3,3,4,4.22123,-1.35145,3,0.866109
102,17,0,4,3,4,3.65278,-2.409,2,0.828548
102,17,4,5,3,4,3.60042,-3.20537,3,0.80577
102,20,-1,0,7,4,3.64819,11.1392,1,0.0659538
102,20,0,1,7,4,3.87799,12.1723,4,0.0469635
102,20,1,2,7,4,2.67901,11.8024,3,0.0281757
102,18,0,1,9,4,4.26776,-18.1059,4,0.274708
102,20,1,3,7,4,4.73083,11.2189,3,0.0562826
102,20,0,4,7,4,3.68899,10.0926,2,0.0755726
102,22,-1,0,1,2,0.0797018,-3.72521,1,0.488199
102,22,0,1,1,2,-0.540436,-4.41543,4,0.655401
102,23,-1,0,17,4,2.28103,0.668831,1,0.519264
102,18,1,2,9,4,5.07432,-17.143,3,0.264954
102,22,1,2,1,2,0.756149,-4.27898,3,0.466022
102,23,0,1,17,4,3.28783,1.08052,4,0.461045
102,18,1,3,9,4,3.22921,-17.4351,3,0.260635
102,22,1,3,1,2,-0.830933,-3.13335,3,0.59379
102,23,1,2,17,4,2.46956,2.05254,3,0.441408
102,24,-1,0,22,2,2.77972,-11.7789,1,0.439867
102,18,0,4,9,4,4.18833,-15.9492,2,0.329681
102,23,1,3,17,4,2.81024,-0.109965,3,0.450582
102,14,5,6,11,3,-9.85749,12.7173,0,0.515184
102,24,0,1,22,2,3.61554,-12.1459,4,0.509899
102,18,4,5,9,4,4.55756,-14.644,3,0.336405
102,23,0,4,17,4,1.39629,0.156354,2,0.464844
102,24,1,2,22,2,2.99871,-10.977,3,0.648328
102,23,4,5,17,4,0.750086,-0.0111459,3,0.439648
102,14,6,7,11,3,-10.2635,11.482,0,0.497218
102,24,1,3,22,2,2.38186,-12.6719,3,0.557866
102,27,-1,0,23,4,2.35486,1.4147,1,0.332502
102,28,-1,0,24,2,0.44032,-10.8515,1,0.372253
102,14,7,8,11,3,-10.5201,10.171,0,0.492282
102,27,0,1,23,4,3.21488,1.92612,4,0.450641
102,27,1,2,23,4,2.04787,2.55872,3,0.497917
102,28,0,1,24,2,1.24789,-10.3479,4,0.382789
102,29,-1,0,14,3,-11.5688,15.1277,1,0.405069
102,27,1,3,23,4,2.92083,0.656295,3,0.521364
102,30,-1,0,9,4,-3.53782,-19.3874,1,0.18887
102,29,0,1,14,3,-11.9411,14.1585,4,0.388333
102,27,0,4,23,4,1.4869,0.905663,2,0.420758
102,31,-1,0,18,4,3.6369,-16.391,1,0.256773
102,30,0,1,9,4,-4.09851,-20.2305,4,0.496417
102,29,1,2,14,3,-10.7074,14.5315,3,0.370747
102,33,-1,0,17,4,2.18284,-2.13851,1,0.424692
102,31,0,1,18,4,3.78675,-15.3454,4,0.242551
102,30,1,2,9,4,-2.83924,-20.443,3,0.557453
102,29,1,3,14,3,-12.8033,15.154,3,0.39833
102,33,0,1,17,4,3.12548,-2.26207,4,0.40226
102,31,1,2,18,4,2.67064,-15.9496,3,0.239132
102,35,-1,0,11,3,-12.3645,19.8569,1,0.584617
102,30,1,3,9,4,-4.20298,-18.9504,3,0.591493
102,29,0,4,14,3,-10.9261,16.2026,0,0.415781
102,33,1,2,17,4,2.31213,-1.2827,3,0.409915
102,31,1,3,18,4,4.77944,-16.1834,3,0.235957
102,35,0,1,11,3,-13.4137,20.0749,4,0.590528
102,30,0,4,9,4,-2.99679,-18.3663,2,0.471517
102,29,4,5,14,3,-9.61833,16.5396,0,0.422709
102,33,1,3,17,4,2.35569,-3.34222,3,0.382887
102,35,1,2,11,3,-13.0051,18.8292,3,0.610392
102,30,4,5,9,4,-2.41074,-17.6836,3,0.651016
102,27,4,5,23,4,0.193426,0.664966,3,0.468738
102,28,1,2,24,2,0.0477373,-9.7939,3,0.409378
102,29,5,6,14,3,-8.48016,17.1639,0,0.427022
102,33,0,4,17,4,1.23521,-1.92865,2,0.438172
102,35,1,3,11,3,-12.6677,21.1242,3,0.57751
102,37,-1,0,30,4,-4.43449,-19.5987,1,0.757287
102,38,-1,0,27,4,1.62217,1.74837,1,0.518173
102,33,4,5,17,4,0.351541,-1.46155,3,0.442779
102,29,6,7,14,3,-7.29345,17.5699,0,0.429122
102,35,0,4,11,3,-11.1192,19.4159,0,0.567685
102,37,0,1,30,4,-5.4374,-19.9619,4,0.829456
102,38,0,1,27,4,0.904358,2.50075,4,0.506331
102,40,-1,0,33,4,2.56839,-2.8041,1,0.4676
102,35,4,5,11,3,-10.2317,18.4659,0,0.549223
102,37,1,2,30,4,-4.63221,-20.9242,3,0.855435
102,28,1,3,24,2,1.23241,-11.6765,3,0.382703
102,35,5,6,11,3,-9.18421,17.8127,0,0.534803
102,37,1,3,30,4,-4.86914,-18.814,3,0.829542
102,38,1,2,27,4,0.785995,1.26186,3,0.500392
102,35,6,7,11,3,-8.49396,16.7003,0,0.521552
102,37,0,4,30,4,-3.94625,-18.6839,2,0.570169
103,0,-1,0,4294967295,1,-12.8509,-8.4932,1,0.399588
103,0,0,1,4294967295,1,-12.1129,-8.08498,8,1.30346
103,0,0,2,4294967295,1,-13.5512,-8.03571,8,1.18082
103,0,0,3,4294967295,1,-12.9844,-9.31241,8,1.1536
103,1,-1,0,4294967295,2,6.64489,-5.0832,1,0.386762
103,1,0,1,4294967295,2,7.55285,-4.92146,4,0.381377
103,1,1,2,4294967295,2,6.40336,-4.29667,3,0.370279
103,1,1,3,4294967295,2,6.89543,-6.05895,3,0.397197
103,6,-1,0,2,3,-8.45568,9.66118,1,0.186298
103,7,-1,0,3,4,3.6868,10.376,1,0.116688
103,4,-1,0,0,1,-12.1996,-8.95776,1,0.952924
103,7,0,1,3,4,4.40383,9.55696,4,0.115388
103,7,1,2,3,4,4.74621,10.7868,3,0.131932
103,7,1,3,3,4,3.15217,9.39158,3,0.101762
103,6,0,4,2,3,-9.57845,10.215,0,0.203209
103,7,0,4,3,4,2.84394,10.9373,2,0.110458
103,6,4,5,2,3,-10.7224,10.9644,0,0.167305
103,7,4,5,3,4,2.30491,11.5243,3,0.102723
103,6,5,6,2,3,-11.9653,11.2788,0,0.167148
103,9,-1,0,7,4,-2.84442,-19.4594,1,0.925208
103,6,6,7,2,3,-12.8954,12.1614,0,0.118225
103,6,7,8,2,3,-14.1033,12.5897,0,0.0822063
103,11,-1,0,6,3,-12.3472,19.2577,1,0.467802
103,11,0,1,6,3,-12.8006,20.2116,4,0.43696
103,9,0,1,7,4,-3.85924,-19.3499,4,0.909311
103,11,1,2,6,3,-13.0167,18.9054,3,0.448964
103,11,1,3,6,3,-11.5248,20.5136,3,0.419578
103,11,0,4,6,3,-12.0405,17.976,0,0.536494
103,4,0,1,0,1,-12.2771,-9.79764,8,2.88552
103,11,4,5,6,3,-12.1982,16.486,0,0.633015
103,11,5,6,6,3,-12.4347,15.0473,0,0.728555
103,11,6,7,6,3,-12.4483,13.6631,0,0.801477
103,9,1,2,7,4,-3.0404,-20.2591,3,0.899073
103,11,7,8,6,3,-11.5799,12.7131,0,0.840469
103,14,-1,0,11,3,-12.4077,15.8006,1,0.478113
103,14,0,1,11,3,-13.4535,16.1582,4,0.457533
103,14,1,2,11,3,-13.2301,14.8669,3,0.445022
103,14,1,3,11,3,-12.5845,17.1277,3,0.460089
103,14,0,4,11,3,-11.2042,15.3146,0,0.491376
103,4,0,2,0,1,-11.4276,-8.63593,8,2.84382
103,9,1,3,7,4,-2.74865,-18.6808,3,0.91065
103,9,0,4,7,4,-1.78968,-19.3513,2,0.931599
103,14,4,5,11,3,-10.5124,14.134,0,0.496781
103,9,4,5,7,4,-0.473014,-19.2716,3,0.929617
103,17,-1,0,3,4,4.07672,-1.07668,1,0.899158
103,18,-1,0,9,4,4.20295,-17.0441,1,0.274058
103,17,0,1,3,4,4.36446,-0.161762,4,0.865072
103,17,1,2,3,4,3.29517,-0.84156,3,0.838571
103,17,1,3,3,4,4.69165,-1.43296,3,0.866835
103,17,0,4,3,4,4.04518,-2.06435,2,0.920362
103,17,4,5,3,4,3.84622,-2.98496,3,0.953235
103,20,-1,0,7,4,4.08571,11.1978,1,0.0357729
103,20,0,1,7,4,4.16055,12.2784,4,0.0309611
103,20,1,2,7,4,3.08232,11.6779,3,2.19811e-05
103,18,0,1,9,4,4.22547,-18.1105,4,0.245054
103,20,1,3,7,4,5.10991,11.4457,3,0.126978
103,20,0,4,7,4,4.2892,10.2071,2,0.044225
103,22,-1,0,1,2,-0.401884,-4.00896,1,0.262632
103,22,0,1,1,2,-1.09614,-4.61117,4,0.417001
103,23,-1,0,17,4,3.07387,1.18186,1,0.461512
103,18,1,2,9,4,5.20182,-17.2939,3,0.247506
103,22,1,2,1,2,0.214727,-4.5281,3,0.465911
103,23,0,1,17,4,4.0573,1.50222,4,0.459356
103,18,1,3,9,4,3.14897,-17.4791,3,0.225149
103,22,1,3,1,2,-1.14105,-3.30188,3,0.504321
103,23,1,2,17,4,3.01247,2.25427,3,0.441215
103,24,-1,0,22,2,3.45186,-11.7042,1,0.536571
103,18,0,4,9,4,4.32378,-15.9834,2,0.293076
103,23,1,3,17,4,3.4833,0.327771,3,0.563357
103,14,5,6,11,3,-9.98795,12.919,0,0.494919
103,24,0,1,22,2,4.18357,-12.27,4,0.636155
103,18,4,5,9,4,4.64732,-15.3078,3,0.299357
103,23,0,4,17,4,2.20703,0.660941,2,0.451247
103,24,1,2,22,2,3.8949,-10.9889,3,0.673277
103,23,4,5,17,4,1.09151,0.29219,3,0.440938
103,14,6,7,11,3,-10.2859,11.6323,0,0.489573
103,24,1,3,22,2,2.88606,-12.5511,3,0.546977
103,27,-1,0,23,4,2.45487,1.71739,1,0.410627
103,28,-1,0,24,2,0.772895,-10.1289,1,0.357578
103,14,7,8,11,3,-10.3584,10.2859,0,0.485503
103,27,0,1,23,4,3.55741,2.14061,4,0.41894
103,27,1,2,23,4,2.64446,3.00505,3,0.429947
103,28,0,1,24,2,1.68723,-10.2454,4,0.352046
103,29,-1,0,14,3,-11.9012,15.1479,1,0.377878
103,27,1,3,23,4,3.61879,0.896713,3,0.423181
103,30,-1,0,9,4,-4.324,-19.7473,1,0.443991
103,29,0,1,14,3,-12.6297,14.3487,4,0.356322
103,27,0,4,23,4,1.45965,1.21436,2,0.407742
103,31,-1,0,18,4,3.82563,-16.3149,1,0.217278
103,30,0,1,9,4,-4.94431,-20.4233,4,0.453027
103,29,1,2,14,3,-11.3556,14.4346,3,0.339945
103,33,-1,0,17,4,2.24089,-2.36458,1,0.394252
103,31,0,1,18,4,3.9112,-15.2515,4,0.202704
103,30,1,2,9,4,-3.71134,-20.7292,3,0.449579
103,29,1,3,14,3,-13.0471,15.5774,3,0.360759
103,33,0,1,17,4,3.25636,-2.29497,4,0.373435
103,31,1,2,18,4,2.94198,-16.0177,3,0.203082
103,35,-1,0,11,3,-13.124,19.5678,1,0.586925
103,30,1,3,9,4,-4.54689,-19.162,3,0.478833
103,29,0,4,14,3,-10.9942,16.073,0,0.392365
103,33,1,2,17,4,2.20919,-1.55058,3,0.380811
103,31,1,3,18,4,4.976,-15.9957,3,0.191819
103,35,0,1,11,3,-14.2046,19.3947,4,0.614781
103,30,0,4,9,4,-3.70253,-18.8919,2,0.460756
103,29,4,5,14,3,-9.82132,16.8007,0,0.401565
103,33,1,3,17,4,2.46535,-3.30936,3,0.356494
103,35,1,2,11,3,-13.4201,18.3515,3,0.72746
103,30,4,5,9,4,-3.12863,-18.2163,3,0.483743
103,27,4,5,23,4,0.448822,0.916054,3,0.408966
103,28,1,2,24,2,0.762472,-9.32083,3,0.347666
103,29,5,6,14,3,-8.77059,17.5945,0,0.406979
103,33,0,4,17,4,1.19102,-2.05832,2,0.406045
103,35,1,3,11,3,-13.7636,20.595,3,0.603006
103,37,-1,0,30,4,-5.1722,-19.2857,1,0.755193
103,38,-1,0,27,4,1.6354,1.95975,1,0.493081
103,33,4,5,17,4,0.146195,-1.2055,3,0.407232
103,29,6,7,14,3,-7.50021,17.4117,0,0.409494
103,35,0,4,11,3,-11.8051,19.7262,0,0.557706
103,37,0,1,30,4,-6.21305,-19.4019,4,0.819464
103,38,0,1,27,4,1.22609,2.91565,4,0.500873
103,40,-1,0,33,4,2.93584,-2.87034,1,0.4516
103,35,4,5,11,3,-10.5675,18.9574,0,0.538545
103,37,1,2,30,4,-5.55512,-20.4374,3,0.815574
103,28,1,3,24,2,0.77021,-11.2539,3,0.359665
103,35,5,6,11,3,-9.51677,18.0582,0,0.526158
103,37,1,3,30,4,-5.41853,-18.3783,3,0.832807
103,38,1,2,27,4,0.608084,1.79892,3,0.525838
103,35,6,7,11,3,-9.08846,16.7662,0,0.519555
103,37,0,4,30,4,-4.39748,-18.5945,2,0.701852
103,39,-1,0,22,2,-0.378915,-3.20453,1,0.513333
104,0,-1,0,4294967295,1,-12.8509,-8.4932,1,0.512666
104,0,0,1,4294967295,1,-12.1129,-8.08498,8,1.25495
104,0,0,2,4294967295,1,-13.5512,-8.03571,8,1.27871
104,0,0,3,4294967295,1,-12.9844,-9.31241,8,1.16714
104,1,-1,0,4294967295,2,7.02868,-5.03304,1,0.380083
104,1,0,1,4294967295,2,7.94486,-5.10296,4,0.382296
104,1,1,2,4294967295,2,6.96409,-4.22321,3,0.375084
104,1,1,3,4294967295,2,7.03181,-6.03594,3,0.402752
104,6,-1,0,2,3,-8.32865,9.80762,1,0.168536
104,7,-1,0,3,4,4.25275,10.3684,1,0.115899
104,4,-1,0,0,1,-12.1996,-8.95776,1,0.967979
104,7,0,1,3,4,5.06956,9.6289,4,0.135371
104,7,1,2,3,4,5.07545,10.8784,3,0.129441
104,7,1,3,3,4,3.83468,9.45414,3,0.161864
104,6,0,4,2,3,-9.46589,10.3269,0,0.162658
104,7,0,4,3,4,3.38158,10.8377,2,0.0981
104,6,4,5,2,3,-10.6222,11.0791,0,0.150209
104,7,4,5,3,4,2.64089,11.4208,3,0.0874618
104,6,5,6,2,3,-11.8809,11.3159,0,0.132458
104,9,-1,0,7,4,-2.83056,-20.0364,1,0.769325
104,6,6,7,2,3,-12.8696,12.1308,0,0.113572
104,6,7,8,2,3,-14.1006,12.4878,0,0.100959
104,11,-1,0,6,3,-13.0133,19.2174,1,0.482483
104,11,0,1,6,3,-13.7896,19.8791,4,0.428082
104,9,0,1,7,4,-3.76102,-20.3155,4,0.786536
104,11,1,2,6,3,-13.4366,18.5787,3,0.426967
104,11,1,3,6,3,-12.5938,20.3589,3,0.397397
104,11,0,4,6,3,-12.383,18.1302,0,0.545927
104,4,0,1,0,1,-12.2771,-9.79764,8,2.90536
104,11,4,5,6,3,-12.7787,16.7337,0,0.616447
104,11,5,6,6,3,-12.8211,15.3132,0,0.68491
104,11,6,7,6,3,-12.7579,13.9132,0,0.739214
104,9,1,2,7,4,-2.6832,-21.0735,3,0.811395
104,11,7,8,6,3,-12.1457,12.7344,0,0.769149
104,14,-1,0,11,3,-12.5959,16.0181,1,0.468918
104,14,0,1,11,3,-13.5685,16.515,4,0.453698
104,14,1,2,11,3,-13.5447,15.1806,3,0.459519
104,14,1,3,11,3,-12.6113,17.3916,3,0.438163
104,14,0,4,11,3,-11.5086,15.3322,0,0.474342
104,4,0,2,0,1,-11.4276,-8.63593,8,2.88093
104,9,1,3,7,4,-3.50665,-18.9801,3,0.794147
104,9,0,4,7,4,-1.88122,-19.7702,2,0.790704
104,14,4,5,11,3,-10.8275,14.1604,0,0.475724
104,9,4,5,7,4,-1.18787,-19.7366,3,0.817648
104,17,-1,0,3,4,4.76751,-0.869245,1,0.944499
104,18,-1,0,9,4,4.34916,-17.1173,1,0.252355
104,17,0,1,3,4,5.12006,0.128561,4,0.914347
104,17,1,2,3,4,3.95697,-0.332733,3,0.885857
104,17,1,3,3,4,5.64279,-1.01941,3,0.910886
104,17,0,4,3,4,4.50772,-1.9176,2,0.937233
104,17,4,5,3,4,3.96048,-3.17023,3,0.921718
104,20,-1,0,7,4,4.48656,11.2427,1,0.0211647
104,20,0,1,7,4,4.53121,12.3307,4,0.015435
104,20,1,2,7,4,3.47446,11.6723,3,3.62297e-21
104,18,0,1,9,4,4.46369,-18.1326,4,0.217776
104,20,1,3,7,4,5.45659,11.4783,3,0.0374374
104,20,0,4,7,4,4.728,10.2305,2,0.0233726
104,22,-1,0,1,2,-0.885743,-4.20168,1,0.357647
104,22,0,1,1,2,-1.65626,-4.74645,4,0.379757
104,23,-1,0,17,4,3.43861,1.54066,1,0.50118
104,18,1,2,9,4,5.11456,-17.0291,3,0.220571
104,22,1,2,1,2,-0.363288,-4.91196,3,0.386549
104,23,0,1,17,4,4.30565,2.12016,4,0.564634
104,18,1,3,9,4,3.41419,-17.4437,3,0.195424
104,22,1,3,1,2,-1.59341,-3.4417,3,0.405921
104,23,1,2,17,4,3.058,2.44083,3,0.461758
104,24,-1,0,22,2,4.05201,-11.7968,1,0.59399
104,18,0,4,9,4,4.386,-16.0766,2,0.292913
104,23,1,3,17,4,4.328,0.80966,3,0.566929
104,14,5,6,11,3,-10.0871,13.0885,0,0.47544
104,24,0,1,22,2,4.81189,-12.309,4,0.597356
104,18,4,5,9,4,4.72272,-15.0597,3,0.335151
104,23,0,4,17,4,2.54452,0.999294,2,0.460082
104,24,1,2,22,2,4.37924,-11.0636,3,0.620779
104,23,4,5,17,4,1.41407,0.644507,3,0.43391
104,14,6,7,11,3,-10.2655,11.7959,0,0.474251
104,24,1,3,22,2,3.50695,-12.5507,3,0.587959
104,27,-1,0,23,4,2.85841,2.0013,1,0.389728
104,28,-1,0,24,2,1.25188,-9.78868,1,0.32944
104,14,7,8,11,3,-10.2155,10.4499,0,0.473197
104,27,0,1,23,4,3.69592,2.6808,4,0.382981
104,27,1,2,23,4,2.39745,2.79725,3,0.394927
104,28,0,1,24,2,1.87873,-10.464,4,0.321728
104,29,-1,0,14,3,-12.2683,15.2592,1,0.349609
104,27,1,3,23,4,4.13746,1.47935,3,0.371221
104,30,-1,0,9,4,-5.24326,-19.7221,1,0.454094
104,29,0,1,14,3,-13.0592,14.5601,4,0.324327
104,27,0,4,23,4,2.01142,1.53976,2,0.389197
104,31,-1,0,18,4,3.91555,-16.4418,1,0.177401
104,30,0,1,9,4,-6.08993,-20.2672,4,0.429069
104,29,1,2,14,3,-11.7881,14.2552,3,0.318116
104,33,-1,0,17,4,2.25491,-2.17144,1,0.364217
104,31,0,1,18,4,3.93839,-15.3905,4,0.163339
104,30,1,2,9,4,-4.96863,-20.8437,3,0.409412
104,29,1,3,14,3,-13.3438,15.84,3,0.314593
104,33,0,1,17,4,3.2547,-2.20425,4,0.344741
104,31,1,2,18,4,2.97737,-16.225,3,0.169249
104,35,-1,0,11,3,-13.7697,19.1371,1,0.580706
104,30,1,3,9,4,-5.40938,-19.1716,3,0.437787
104,29,0,4,14,3,-11.3571,16.1416,0,0.367247
104,33,1,2,17,4,2.28163,-1.35766,3,0.34924
104,31,1,3,18,4,5.07598,-15.9593,3,0.149724
104,35,0,1,11,3,-14.6939,18.6522,4,0.613005
104,30,0,4,9,4,-4.41989,-19.001,2,0.479227
104,29,4,5,14,3,-10.1439,16.8058,0,0.378802
104,33,1,3,17,4,2.40616,-3.2167,3,0.332474
104,35,1,2,11,3,-13.6046,17.895,3,0.676963
104,30,4,5,9,4,-3.51497,-17.9719,3,0.494911
104,27,4,5,23,4,1.30781,1.43375,3,0.383635
104,28,1,2,24,2,1.7449,-9.14396,3,0.320103
104,29,5,6,14,3,-9.02319,17.6475,0,0.38571
104,33,0,4,17,4,1.2697,-2.09209,2,0.375519
104,35,1,3,11,3,-14.7093,19.9515,3,0.584195
104,37,-1,0,30,4,-5.98302,-19.0757,1,0.884074
104,38,-1,0,27,4,2.05069,2.33291,1,0.493846
104,33,4,5,17,4,0.639383,-1.89788,3,0.376803
104,29,6,7,14,3,-7.73678,17.5805,0,0.388929
104,35,0,4,11,3,-12.5023,19.5424,0,0.553427
104,37,0,1,30,4,-7.02111,-18.8886,4,1.01455
104,38,0,1,27,4,1.96553,3.4082,4,0.524812
104,40,-1,0,33,4,2.81831,-2.70335,1,0.4356
104,35,4,5,11,3,-11.2401,18.9885,0,0.533486
104,37,1,2,30,4,-6.79061,-20.1148,3,0.976815
104,28,1,3,24,2,0.544388,-10.4062,3,0.327174
104,35,5,6,11,3,-10.0492,18.379,0,0.5204
104,37,1,3,30,4,-5.94672,-18.1857,3,0.872412
104,38,1,2,27,4,0.881789,2.72078,3,0.61598
104,35,6,7,11,3,-9.46573,17.1552,0,0.5139
104,37,0,4,30,4,-5.05954,-18.6288,2,0.850555
104,39,-1,0,22,2,-0.311826,-3.61398,1,0.497333
104,41,-1,0,9,4,-3.50441,-19.6279,1,0.5052
105,0,-1,0,4294967295,1,-12.8509,-8.4932,1,0.413624
105,0,0,1,4294967295,1,-12.1129,-8.08498,8,1.25779
105,0,0,2,4294967295,1,-13.5512,-8.03571,8,1.27171
105,0,0,3,4294967295,1,-12.9844,-9.31241,8,1.20634
105,1,-1,0,4294967295,2,7.4385,-5.04065,1,0.387522
105,1,0,1,4294967295,2,8.36163,-5.04875,4,0.381567
105,1,1,2,4294967295,2,7.32878,-4.23229,3,0.386524
105,1,1,3,4294967295,2,7.51716,-6.03471,3,0.373225
105,6,-1,0,2,3,-8.2176,9.96215,1,0.211783
105,7,-1,0,3,4,4.78517,10.3109,1,0.117997
105,4,-1,0,0,1,-12.1996,-8.95776,1,0.990683
105,7,0,1,3,4,5.78401,9.74057,4,0.146026
105,7,1,2,3,4,5.62895,10.9878,3,0.135526
105,7,1,3,3,4,4.61078,9.40351,3,0.200744
105,6,0,4,2,3,-9.35208,10.4874,0,0.174124
105,7,0,4,3,4,3.79978,10.8307,2,0.0951162
105,6,4,5,2,3,-10.5439,11.1808,0,0.14063
105,7,4,5,3,4,2.70864,11.652,3,0.0787747
105,6,5,6,2,3,-11.8096,11.3792,0,0.119728
105,9,-1,0,7,4,-3.06368,-20.5706,1,0.622292
105,6,6,7,2,3,-12.8528,12.1239,0,0.106554
105,6,7,8,2,3,-14.1077,12.3843,0,0.0995742
105,11,-1,0,6,3,-13.8131,19.0778,1,0.474382
105,11,0,1,6,3,-14.634,19.4681,4,0.416954
105,9,0,1,7,4,-3.8652,-21.2338,4,0.66427
105,11,1,2,6,3,-13.8006,18.3632,3,0.41361
105,11,1,3,6,3,-13.5606,20.1768,3,0.38447
105,11,0,4,6,3,-12.9937,18.1464,0,0.534337
105,4,0,1,0,1,-12.2771,-9.79764,8,3.03768
105,11,4,5,6,3,-13.1794,16.7438,0,0.593918
105,11,5,6,6,3,-13.102,15.377,0,0.647779
105,11,6,7,6,3,-13.0652,14.0396,0,0.689078
105,9,1,2,7,4,-2.58549,-21.1161,3,0.708209
105,11,7,8,6,3,-12.5795,12.8998,0,0.71157
105,14,-1,0,11,3,-12.9421,16.0862,1,0.443035
105,14,0,1,11,3,-13.9267,16.5807,4,0.419728
105,14,1,2,11,3,-13.8764,15.2499,3,0.429251
105,14,1,3,11,3,-12.8893,17.3703,3,0.396691
105,14,0,4,11,3,-11.8236,15.4324,0,0.462467
105,4,0,2,0,1,-11.4276,-8.63593,8,2.9179
105,9,1,3,7,4,-4.02467,-19.9463,3,0.68056
105,9,0,4,7,4,-2.16962,-20.0548,2,0.656153
105,14,4,5,11,3,-11.1216,14.2561,0,0.480387
105,9,4,5,7,4,-1.01722,-19.8896,3,0.701668
105,17,-1,0,3,4,5.25987,-0.748973,1,0.649658
105,18,-1,0,9,4,4.53778,-17.0765,1,0.234743
105,17,0,1,3,4,5.78644,0.149262,4,0.888585
105,17,1,2,3,4,4.51598,0.200197,3,0.916013
105,17,1,3,3,4,6.31192,-1.01751,3,0.892418
105,17,0,4,3,4,4.81785,-1.68059,2,0.830258
105,17,4,5,3,4,4.35921,-2.19367,3,0.96465
105,20,-1,0,7,4,4.94359,11.1042,1,0.0518879
105,20,0,1,7,4,4.52638,12.002,4,0.0491081
105,18,0,1,9,4,4.82916,-18.116,4,0.217725
105,20,1,3,7,4,5.80246,11.7283,3,0.0750463
105,20,0,4,7,4,5.44405,10.2263,2,0.0645832
105,22,-1,0,1,2,-1.30643,-4.4217,1,0.352693
105,22,0,1,1,2,-2.13853,-4.82344,4,0.350556
105,23,-1,0,17,4,3.65661,2.02313,1,0.170792
105,18,1,2,9,4,5.38736,-16.993,3,0.278775
105,22,1,2,1,2,-0.848063,-5.0852,3,0.3574
105,23,0,1,17,4,4.42132,2.84594,4,0.572001
105,18,1,3,9,4,3.70264,-17.6083,3,0.176761
105,22,1,3,1,2,-1.81474,-3.5619,3,0.35218
105,23,1,2,17,4,3.23188,3.2205,3,0.588079
105,24,-1,0,22,2,4.53477,-11.897,1,0.633037
105,18,0,4,9,4,4.34444,-16.0008,2,0.258184
105,23,1,3,17,4,4.81943,1.65326,3,0.654404
105,14,5,6,11,3,-10.3085,13.2197,0,0.491381
105,24,0,1,22,2,5.36139,-12.2981,4,0.626106
105,18,4,5,9,4,4.48989,-14.7415,3,0.269674
105,23,0,4,17,4,2.97204,1.23269,2,0.424781
105,24,1,2,22,2,4.76083,-11.1231,3,0.609421
105,23,4,5,17,4,2.40121,0.826453,3,0.439389
105,14,6,7,11,3,-10.2713,11.9147,0,0.499716
105,24,1,3,22,2,4.12076,-12.7562,3,0.653645
105,27,-1,0,23,4,3.16353,2.54703,1,0.401126
105,28,-1,0,24,2,1.68879,-9.57994,1,0.304128
105,14,7,8,11,3,-10.1088,10.5747,0,0.578589
105,27,0,1,23,4,3.80368,3.41076,4,0.426602
105,27,1,2,23,4,2.50519,3.18318,3,0.411899
105,28,0,1,24,2,1.86744,-10.4874,4,0.314491
105,29,-1,0,14,3,-12.5406,15.3678,1,0.320981
105,27,1,3,23,4,4.16973,2.21472,3,0.384502
105,30,-1,0,9,4,-6.08093,-19.3522,1,0.447653
105,29,0,1,14,3,-13.327,14.6582,4,0.293334
105,27,0,4,23,4,2.37083,1.85156,2,0.377933
105,31,-1,0,18,4,3.94738,-16.5168,1,0.145594
105,30,0,1,9,4,-7.01826,-19.6453,4,0.40887
105,29,1,2,14,3,-12.028,14.4754,3,0.296257
105,33,-1,0,17,4,2.52315,-2.13413,1,0.334483
105,31,0,1,18,4,3.68849,-15.5046,4,0.229123
105,30,1,2,9,4,-6.03218,-20.4554,3,0.385722
105,29,1,3,14,3,-13.6763,15.9042,3,0.273237
105,33,0,1,17,4,3.49546,-2.00819,4,0.31632
105,31,1,2,18,4,3.09701,-16.631,3,0.143965
105,35,-1,0,11,3,-14.4662,18.62,1,0.572271
105,30,1,3,9,4,-6.30535,-18.5614,3,0.410255
105,29,0,4,14,3,-11.5662,16.1884,0,0.341139
105,33,1,2,17,4,2.50803,-1.1871,3,0.321088
105,31,1,3,18,4,4.92937,-15.8678,3,0.115074
105,35,0,1,11,3,-15.412,18.1395,4,0.594119
105,30,0,4,9,4,-5.03007,-18.9771,2,0.483544
105,29,4,5,14,3,-10.3299,16.7599,0,0.354821
105,33,1,3,17,4,2.496,-2.85604,3,0.305375
105,35,1,2,11,3,-14.2556,17.5773,3,0.619344
105,30,4,5,9,4,-4.26427,-18.9686,3,0.505256
105,27,4,5,23,4,1.07752,1.33826,3,0.365874
105,28,1,2,24,2,2.50144,-9.3352,3,0.386804
105,29,5,6,14,3,-9.257,17.6428,0,0.363211
105,33,0,4,17,4,1.52167,-2.34469,2,0.344953
105,35,1,3,11,3,-15.2694,19.4189,3,0.589112
105,37,-1,0,30,4,-6.82914,-18.9219,1,0.941234
105,38,-1,0,27,4,2.36436,2.679,1,0.583909
105,33,4,5,17,4,0.351872,-2.29012,3,0.347761
105,29,6,7,14,3,-7.98901,17.8953,0,0.36718
105,35,0,4,11,3,-13.2312,19.112,0,0.547895
105,37,0,1,30,4,-7.76729,-18.4295,4,1.0201
105,38,0,1,27,4,2.95835,3.62409,4,0.640478
105,40,-1,0,33,4,3.19026,-2.642,1,0.4196
105,35,4,5,11,3,-11.9156,18.8533,0,0.52822
105,37,1,2,30,4,-7.75917,-19.689,3,1.10668
105,28,1,3,24,2,0.681305,-9.86776,3,0.300144
105,35,5,6,11,3,-10.6764,18.5108,0,0.514992
105,37,1,3,30,4,-6.56011,-18.038,3,1.06555
105,38,1,2,27,4,1.71413,3.36028,3,0.552336
105,35,6,7,11,3,-9.95057,17.467,0,0.508392
105,37,0,4,30,4,-5.76887,-19.0976,2,0.900443
105,39,-1,0,22,2,-0.521568,-4.21862,1,0.481333
105,41,-1,0,9,4,-3.81216,-20.48,1,0.490689
105,41,0,1,9,4,-4.78496,-20.2271,4,0.483711
105,42,-1,0,17,4,4.50178,-1.04485,1,0.515867
105,43,-1,0,23,4,3.11953,2.63548,1,0.5188
106,0,-1,0,4294967295,1,-12.8509,-8.4932,1,0.418731
106,0,0,1,4294967295,1,-12.1129,-8.08498,8,1.24463
106,0,0,2,4294967295,1,-13.5512,-8.03571,8,1.25279
106,0,0,3,4294967295,1,-12.9844,-9.31241,8,1.28932
106,1,-1,0,4294967295,2,7.94472,-5.07482,1,0.356336
106,1,0,1,4294967295,2,8.80116,-4.72108,4,0.345732
106,1,1,2,4294967295,2,7.53778,-4.34303,3,0.356137
106,1,1,3,4294967295,2,8.49203,-5.99151,3,0.33238
106,6,-1,0,2,3,-8.1104,10.1541,1,0.171184
106,7,-1,0,3,4,5.32914,10.2996,1,0.168931
106,4,-1,0,0,1,-12.1996,-8.95776,1,0.994018
106,7,0,1,3,4,6.20954,9.79575,4,0.263223
106,7,1,2,3,4,6.1486,11.1214,3,0.292305
106,7,1,3,3,4,5.06943,9.20768,3,0.274646
106,6,0,4,2,3,-9.27306,10.617,0,0.176816
106,7,0,4,3,4,4.43923,10.7214,2,0.113315
106,6,4,5,2,3,-10.4935,11.2768,0,0.183051
106,7,4,5,3,4,3.89743,11.1516,3,0.0930876
106,6,5,6,2,3,-11.767,11.3962,0,0.140557
106,9,-1,0,7,4,-3.26464,-21.0731,1,0.46172
106,6,6,7,2,3,-12.856,12.0653,0,0.108651
106,6,7,8,2,3,-14.119,12.2795,0,0.0961321
106,11,-1,0,6,3,-14.5476,18.8059,1,0.459228
106,11,0,1,6,3,-15.4797,19.059,4,0.402707
106,9,0,1,7,4,-3.72659,-21.9823,4,0.540244
106,11,1,2,6,3,-14.5853,18.0386,3,0.398565
106,11,1,3,6,3,-14.5781,19.9873,3,0.369239
106,11,0,4,6,3,-13.5388,18.0264,0,0.515012
106,4,0,1,0,1,-12.2771,-9.79764,8,3.09924
106,11,4,5,6,3,-13.6043,16.6663,0,0.56734
106,11,5,6,6,3,-13.4067,15.3224,0,0.612394
106,11,6,7,6,3,-13.4093,13.9422,0,0.645769
106,9,1,2,7,4,-2.54349,-21.4666,3,0.60358
106,11,7,8,6,3,-12.7275,12.8766,0,0.66359
106,14,-1,0,11,3,-13.2826,16.0653,1,0.418353
106,14,0,1,11,3,-14.3113,16.429,4,0.38947
106,14,1,2,11,3,-14.1202,15.0971,3,0.398196
106,14,1,3,11,3,-13.3285,17.2933,3,0.362669
106,14,0,4,11,3,-12.0866,15.5733,0,0.4417
106,4,0,2,0,1,-11.4276,-8.63593,8,2.925
106,9,1,3,7,4,-4.29905,-20.8175,3,0.574586
106,9,0,4,7,4,-2.48539,-20.3136,2,0.524048
106,14,4,5,11,3,-11.3736,14.3863,0,0.461979
106,9,4,5,7,4,-1.35875,-19.8463,3,0.589093
106,17,-1,0,3,4,5.86932,-0.359148,1,0.356016
106,18,-1,0,9,4,4.71681,-16.9623,1,0.214684
106,17,0,1,3,4,6.63768,0.284959,4,0.774798
106,17,1,2,3,4,5.3815,0.361705,3,0.818897
106,17,1,3,3,4,6.35349,-0.96289,3,0.821637
106,17,0,4,3,4,5.23604,-1.14019,2,0.78279
106,17,4,5,3,4,4.42323,-1.88095,3,0.840138
106,20,-1,0,7,4,5.23437,11.126,1,0.0934237
106,20,0,1,7,4,4.39468,11.7232,4,0.0853109
106,18,0,1,9,4,5.19495,-17.8892,4,0.193171
106,20,1,3,7,4,5.64195,11.9498,3,0.0995865
106,20,0,4,7,4,6.07132,10.5162,2,0.106304
106,22,-1,0,1,2,-1.63922,-4.60754,1,0.351335
106,22,0,1,1,2,-2.49088,-4.96884,4,0.373903
106,23,-1,0,17,4,4.13939,2.9146,1,0.455978
106,18,1,2,9,4,5.75212,-16.7433,3,0.202547
106,22,1,2,1,2,-1.22616,-5.32502,3,0.34821
106,23,0,1,17,4,4.72729,3.69418,4,0.538651
106,18,1,3,9,4,3.94954,-17.6909,3,0.171084
106,22,1,3,1,2,-2.1049,-3.72011,3,0.347146
106,23,1,2,17,4,3.38531,3.75135,3,0.549195
106,24,-1,0,22,2,5.00454,-12.0592,1,0.642248
106,18,0,4,9,4,4.23932,-16.0352,2,0.228082
106,23,1,3,17,4,5.02325,2.39096,3,0.610812
106,14,5,6,11,3,-10.5229,13.371,0,0.481485
106,24,0,1,22,2,5.92837,-12.1446,4,0.654232
106,18,4,5,9,4,4.01518,-15.3661,3,0.231146
106,23,0,4,17,4,3.70462,2.0264,2,0.408143
106,24,1,2,22,2,4.99194,-11.2184,3,0.637531
106,23,4,5,17,4,3.03241,0.927548,3,0.391153
106,14,6,7,11,3,-10.3863,12.0603,0,0.500213
106,24,1,3,22,2,5.02291,-13.117,3,0.691593
106,27,-1,0,23,4,3.19754,2.72202,1,0.434627
106,28,-1,0,24,2,2.02879,-9.62485,1,0.305504
106,14,7,8,11,3,-10.0224,10.739,0,0.513179
106,27,0,1,23,4,3.87578,3.68107,4,0.408763
106,27,1,2,23,4,2.57519,3.91717,3,0.397194
106,28,0,1,24,2,1.84754,-10.5256,4,0.322655
106,29,-1,0,14,3,-12.7626,15.4451,1,0.292919
106,27,1,3,23,4,4.68518,2.75938,3,0.407639
106,30,-1,0,9,4,-7.02628,-19.2381,1,0.418934
106,29,0,1,14,3,-13.4141,14.6287,4,0.263794
106,27,0,4,23,4,2.48927,1.90605,2,0.428237
106,31,-1,0,18,4,4.00328,-16.5582,1,0.132266
106,30,0,1,9,4,-7.94708,-18.9236,4,0.384447
106,29,1,2,14,3,-12.1227,14.8186,3,0.270774
106,33,-1,0,17,4,2.70731,-2.07214,1,0.305732
106,31,0,1,18,4,3.41125,-15.6946,4,0.118647
106,30,1,2,9,4,-7.23617,-19.9923,3,0.363999
106,29,1,3,14,3,-14.0091,15.7811,3,0.237573
106,33,0,1,17,4,3.67947,-1.77661,4,0.288924
106,31,1,2,18,4,3.18989,-16.93,3,0.116889
106,35,-1,0,11,3,-15.219,18.3387,1,0.563739
106,30,1,3,9,4,-6.73851,-18.4522,3,0.381967
106,29,0,4,14,3,-11.7665,16.256,0,0.314738
106,33,1,2,17,4,2.52899,-1.25622,3,0.295493
106,31,1,3,18,4,4.72337,-15.4858,3,0.111359
106,35,0,1,11,3,-16.2182,17.9826,4,0.595849
106,30,0,4,9,4,-6.01348,-19.5123,2,0.443529
106,29,4,5,14,3,-10.4477,16.6642,0,0.330029
106,33,1,3,17,4,3.02144,-2.89631,3,0.276169
106,35,1,2,11,3,-15.1606,17.2384,3,0.563825
106,30,4,5,9,4,-5.00817,-19.8674,3,0.455194
106,27,4,5,23,4,1.74092,1.42451,3,0.41993
106,28,1,2,24,2,2.84202,-9.66995,3,0.381826
106,29,5,6,14,3,-9.45055,17.5223,0,0.339656
106,33,0,4,17,4,1.68285,-2.3445,2,0.314545
106,35,1,3,11,3,-16.194,19.2959,3,0.577925
106,37,-1,0,30,4,-7.41921,-18.5031,1,1.01204
106,38,-1,0,27,4,2.6379,3.3212,1,0.665177
106,33,4,5,17,4,0.490173,-2.47985,3,0.315124
106,29,6,7,14,3,-8.26493,18.068,0,0.344286
106,35,0,4,11,3,-13.9389,18.6079,0,0.536629
106,37,0,1,30,4,-8.35435,-18.0032,4,1.06762
106,38,0,1,27,4,2.9092,4.36997,4,0.644448
106,40,-1,0,33,4,3.47089,-2.39627,1,0.4036
106,35,4,5,11,3,-12.5881,18.5096,0,0.519984
106,37,1,2,30,4,-8.53912,-19.2767,3,1.19772
106,28,1,3,24,2,1.04782,-9.44879,3,0.303097
106,35,5,6,11,3,-11.3135,18.6304,0,0.508643
106,37,1,3,30,4,-7.24883,-17.3734,3,1.0836
106,38,1,2,27,4,1.86755,3.56565,3,0.627098
106,35,6,7,11,3,-10.3225,17.8177,0,0.502659
106,37,0,4,30,4,-6.43614,-18.9095,2,0.979761
106,39,-1,0,22,2,-0.832769,-4.59728,1,0.465333
106,41,-1,0,9,4,-4.07414,-21.385,1,0.468806
106,41,0,1,9,4,-5.06582,-21.0602,4,0.48496
106,42,-1,0,17,4,5.05759,-0.291227,1,0.501427
106,43,-1,0,23,4,3.40232,3.11778,1,0.5028
106,41,1,2,9,4,-4.60972,-22.252,3,0.588234
106,42,0,1,17,4,4.13366,-0.672682,4,0.51564
107,0,-1,0,4294967295,1,-12.8509,-8.4932,1,0.442014
107,0,0,1,4294967295,1,-12.1129,-8.08498,8,1.45195
107,0,0,2,4294967295,1,-13.5512,-8.03571,8,1.33717
107,0,0,3,4294967295,1,-12.9844,-9.31241,8,1.27033
107,1,-1,0,4294967295,2,8.56742,-5.04661,1,0.352537
107,1,0,1,4294967295,2,9.06082,-4.26622,4,0.34639
107,1,1,2,4294967295,2,7.80785,-4.66712,3,0.347551
107,1,1,3,4294967295,2,9.54624,-5.49918,3,0.339877
107,6,-1,0,2,3,-8.04073,10.3647,1,0.165267
107,7,-1,0,3,4,5.97786,10.2456,1,0.175973
107,4,-1,0,0,1,-12.1996,-8.95776,1,1.01316
107,7,0,1,3,4,7.04464,10.0853,4,0.271685
107,7,1,2,3,4,6.39349,11.1982,3,0.222038
107,7,1,3,3,4,5.98674,9.43654,3,0.214009
107,6,0,4,2,3,-9.22343,10.7748,0,0.186382
107,7,0,4,3,4,4.96335,10.3608,2,0.13069
107,6,4,5,2,3,-10.4822,11.3887,0,0.253952
107,7,4,5,3,4,3.94157,10.8003,3,0.107651
107,6,5,6,2,3,-11.7541,11.3967,0,0.18565
107,9,-1,0,7,4,-3.34849,-21.6852,1,0.522902
107,6,6,7,2,3,-12.8734,12.0022,0,0.170885
107,6,7,8,2,3,-14.1427,12.1535,0,0.134815
107,11,-1,0,6,3,-15.4001,18.4895,1,0.439568
107,11,0,1,6,3,-16.4026,18.678,4,0.38398
107,9,0,1,7,4,-3.58837,-22.6482,4,0.542398
107,11,1,2,6,3,-15.5776,17.6328,3,0.371429
107,11,1,3,6,3,-15.5534,19.6521,3,0.35728
107,11,0,4,6,3,-14.2998,17.8396,0,0.491967
107,4,0,1,0,1,-12.2771,-9.79764,8,3.24534
107,11,4,5,6,3,-14.0096,16.471,0,0.539121
107,11,5,6,6,3,-13.5845,15.1641,0,0.578348
107,11,6,7,6,3,-13.6627,13.8088,0,0.606676
107,9,1,2,7,4,-2.53724,-21.9143,3,0.607243
107,11,7,8,6,3,-12.8733,12.8176,0,0.62157
107,14,-1,0,11,3,-13.5721,15.8926,1,0.401271
107,14,0,1,11,3,-14.6482,16.0494,4,0.362677
107,14,1,2,11,3,-14.2094,14.7722,3,0.369203
107,14,1,3,11,3,-13.9417,17.1588,3,0.331944
107,14,0,4,11,3,-12.3124,15.5945,0,0.442619
107,4,0,2,0,1,-11.4276,-8.63593,8,2.95176
107,9,1,3,7,4,-4.11675,-21.4583,3,0.515397
107,9,0,4,7,4,-3.06518,-20.698,2,0.520282
107,14,4,5,11,3,-11.4667,14.5162,0,0.494947
107,9,4,5,7,4,-2.72537,-20.088,3,0.521206
107,17,-1,0,3,4,6.44387,-0.0558698,1,0.691797
107,18,-1,0,9,4,4.82868,-16.9917,1,0.189033
107,17,0,1,3,4,7.33289,0.541952,4,0.722336
107,17,1,2,3,4,6.141,0.955606,3,0.775072
107,17,1,3,3,4,7.05969,-0.671651,3,0.71375
107,17,0,4,3,4,5.64072,-0.789943,2,0.69731
107,17,4,5,3,4,4.61897,-1.54325,3,0.713737
107,20,-1,0,7,4,5.56859,10.9746,1,0.0741466
107,20,0,1,7,4,4.64461,11.4461,4,0.0649595
107,18,0,1,9,4,5.56622,-17.7655,4,0.160158
107,20,1,3,7,4,5.85293,11.8288,3,0.070418
107,20,0,4,7,4,6.50987,10.5353,2,0.0791015
107,22,-1,0,1,2,-1.93909,-4.84001,1,0.377778
107,22,0,1,1,2,-2.80159,-5.18455,4,0.352563
107,23,-1,0,17,4,4.4543,3.56366,1,0.412574
107,18,1,2,9,4,5.72783,-16.5102,3,0.156994
107,22,1,2,1,2,-1.54421,-5.56537,3,0.351425
107,23,0,1,17,4,4.91799,4.57082,4,0.534321
107,18,1,3,9,4,4.33306,-17.702,3,0.146666
107,22,1,3,1,2,-2.44152,-3.93284,3,0.338742
107,23,1,2,17,4,3.67175,4.83982,3,0.636258
107,24,-1,0,22,2,5.63417,-12.2681,1,0.702909
107,18,0,4,9,4,4.21503,-16.1697,2,0.236643
107,23,1,3,17,4,5.71397,3.62607,3,0.488657
107,14,5,6,11,3,-10.6741,13.4997,0,0.560709
107,24,0,1,22,2,6.41857,-11.7694,4,0.718643
107,18,4,5,9,4,3.79389,-15.028,3,0.393213
107,23,0,4,17,4,4.05054,2.45428,2,0.389296
107,24,1,2,22,2,5.10803,-11.5739,3,0.701967
107,23,4,5,17,4,3.49089,1.51112,3,0.477086
107,14,6,7,11,3,-10.5105,12.1948,0,0.622576
107,24,1,3,22,2,6.32068,-13.1011,3,0.722749
107,27,-1,0,23,4,3.28,3.14416,1,0.417392
107,28,-1,0,24,2,2.23373,-9.76778,1,0.29877
107,14,7,8,11,3,-9.94913,10.9493,0,0.668882
107,27,0,1,23,4,3.77028,4.02755,4,0.380641
107,27,1,2,23,4,2.41271,4.07956,3,0.382686
107,28,0,1,24,2,1.79285,-10.5751,4,0.29643
107,29,-1,0,14,3,-12.9382,15.3775,1,0.264276
107,27,1,3,23,4,4.70867,3.06047,3,0.362136
107,30,-1,0,9,4,-7.75753,-18.9578,1,0.394071
107,29,0,1,14,3,-13.3963,14.4532,4,0.232949
107,27,0,4,23,4,3.01132,2.23352,2,0.457332
107,31,-1,0,18,4,3.98528,-16.7532,1,0.124186
107,30,0,1,9,4,-8.62363,-18.3156,4,0.369971
107,29,1,2,14,3,-12.1609,14.8564,3,0.241458
107,33,-1,0,17,4,2.79594,-1.99974,1,0.287429
107,31,0,1,18,4,3.30466,-15.9141,4,0.111261
107,30,1,2,9,4,-8.74713,-19.5897,3,0.469067
107,29,1,3,14,3,-14.2331,15.4592,3,0.203681
107,33,0,1,17,4,3.5964,-1.42161,4,0.287373
107,31,1,2,18,4,3.00198,-17.1368,3,0.100565
107,35,-1,0,11,3,-16.0638,18.1494,1,0.531964
107,30,1,3,9,4,-7.42584,-17.8505,3,0.356176
107,29,0,4,14,3,-12.0836,16.3326,0,0.287937
107,33,1,2,17,4,2.3035,-1.30156,3,0.329613
107,31,1,3,18,4,4.56169,-15.6819,3,0.113702
107,35,0,1,11,3,-17.1024,18.0409,4,0.531275
107,30,0,4,9,4,-6.84529,-19.5942,2,0.408631
107,29,4,5,14,3,-10.7716,16.7336,0,0.304652
107,33,1,3,17,4,3.58352,-2.73979,3,0.256869
107,35,1,2,11,3,-16.2129,17.103,3,0.518971
107,30,4,5,9,4,-5.98936,-20.5733,3,0.412426
107,27,4,5,23,4,2.55804,1.53761,3,0.427521
107,28,1,2,24,2,2.99338,-10.0319,3,0.313171
107,29,5,6,14,3,-9.76155,17.5531,0,0.315285
107,33,0,4,17,4,1.93003,-2.45026,2,0.288593
107,35,1,3,11,3,-16.6649,19.3101,3,0.546499
107,37,-1,0,30,4,-8.03663,-18.1894,1,1.10431
107,38,-1,0,27,4,2.59375,3.56477,1,0.74453
107,33,4,5,17,4,1.28392,-2.54555,3,0.285764
107,29,6,7,14,3,-8.54984,17.9984,0,0.320445
107,35,0,4,11,3,-14.7506,18.3981,0,0.523021
107,37,0,1,30,4,-8.8439,-17.5358,4,1.15493
107,38,0,1,27,4,2.61775,4.63818,4,0.652466
107,40,-1,0,33,4,3.56617,-2.13379,1,0.3876
107,35,4,5,11,3,-13.3114,18.2638,0,0.511084
107,37,1,2,30,4,-9.15638,-18.785,3,1.15931
107,28,1,3,24,2,1.406,-9.31136,3,0.287098
107,35,5,6,11,3,-11.9502,18.4786,0,0.501196
107,37,1,3,30,4,-7.58492,-17.2919,3,1.13157
107,38,1,2,27,4,1.69632,3.68972,3,0.699728
107,35,6,7,11,3,-10.6183,18.2563,0,0.495829
107,37,0,4,30,4,-7.13147,-18.6656,2,1.0637
107,39,-1,0,22,2,-1.14035,-4.7217,1,0.449333
107,41,-1,0,9,4,-4.06019,-22.1203,1,0.477632
107,41,0,1,9,4,-4.93075,-21.6054,4,0.482882
107,42,-1,0,17,4,5.65228,0.109433,1,0.564796
107,43,-1,0,23,4,3.77376,3.26411,1,0.48642
107,41,1,2,9,4,-4.56429,-22.8287,3,0.501486
107,42,0,1,17,4,4.6575,-0.0487351,4,0.628271
107,43,0,1,23,4,3.18707,4.12332,4,0.47838
108,0,-1,0,4294967295,1,-12.8509,-8.4932,1,0.45362
108,0,0,1,4294967295,1,-12.1129,-8.08498,8,1.48286
108,0,0,2,4294967295,1,-13.5512,-8.03571,8,1.33007
108,0,0,3,4294967295,1,-12.9844,-9.31241,8,1.29091
108,1,-1,0,4294967295,2,9.12112,-4.7922,1,0.368
108,1,0,1,4294967295,2,9.36659,-3.90107,4,0.411579
108,1,1,2,4294967295,2,8.30828,-4.65724,3,0.464588
108,1,1,3,4294967295,2,10.1004,-4.98812,3,0.365471
108,6,-1,0,2,3,-7.99824,10.589,1,0.182291
108,7,-1,0,3,4,6.44756,10.2346,1,0.229346
108,4,-1,0,0,1,-12.1996,-8.95776,1,1.02048
108,7,0,1,3,4,7.50968,10.1618,4,0.313579
108,7,1,2,3,4,6.92271,11.3334,3,0.294901
108,7,1,3,3,4,6.56496,9.32951,3,0.286267
108,6,0,4,2,3,-9.19647,10.9413,0,0.202718
108,7,0,4,3,4,5.36077,10.2107,2,0.162731
108,6,4,5,2,3,-10.492,11.4872,0,0.222822
108,7,4,5,3,4,4.11522,10.3458,3,0.126882
108,6,5,6,2,3,-11.759,11.4114,0,0.196548
108,9,-1,0,7,4,-3.39714,-22.273,1,0.523844
108,6,6,7,2,3,-12.9199,11.9154,0,0.166273
108,6,7,8,2,3,-14.1937,12.0058,0,0.150299
108,11,-1,0,6,3,-16.1735,18.1744,1,0.417457
108,11,0,1,6,3,-17.1506,18.6173,4,0.364582
108,9,0,1,7,4,-3.39277,-23.2557,4,0.536439
108,11,1,2,6,3,-16.7506,17.3571,3,0.335656
108,11,1,3,6,3,-16.0372,19.3068,3,0.35817
108,11,0,4,6,3,-15.0933,17.4364,0,0.466796
108,4,0,1,0,1,-12.2771,-9.79764,8,3.15691
108,11,4,5,6,3,-14.4297,16.1363,0,0.510181
108,11,5,6,6,3,-13.7334,14.9487,0,0.545421
108,11,6,7,6,3,-13.8591,13.6577,0,0.570392
108,9,1,2,7,4,-2.55613,-22.2967,3,0.578721
108,11,7,8,6,3,-13.0693,12.7012,0,0.583366
108,14,-1,0,11,3,-13.8323,15.629,1,0.388252
108,14,0,1,11,3,-14.9134,15.4913,4,0.340797
108,14,1,2,11,3,-14.1739,14.3585,3,0.344661
108,14,1,3,11,3,-14.648,16.776,3,0.305616
108,14,0,4,11,3,-12.5298,15.5867,0,0.436421
108,4,0,2,0,1,-11.4276,-8.63593,8,2.98488
108,9,1,3,7,4,-4.13517,-22.1807,3,0.511148
108,9,0,4,7,4,-3.6114,-21.279,2,0.511877
108,14,4,5,11,3,-11.533,14.587,0,0.4865
108,9,4,5,7,4,-3.66055,-20.008,3,0.503442
108,17,-1,0,3,4,6.82234,0.164955,1,0.592933
108,18,-1,0,9,4,4.85979,-16.924,1,0.20684
108,17,0,1,3,4,7.61088,0.860231,4,0.707611
108,17,1,2,3,4,6.39719,1.17758,3,0.676416
108,17,1,3,3,4,7.86626,-0.372835,3,0.651305
108,17,0,4,3,4,6.01047,-0.541981,2,0.582348
108,17,4,5,3,4,5.40434,-0.748222,3,0.602153
108,20,-1,0,7,4,6.07256,10.9222,1,0.0504766
108,20,0,1,7,4,5.06911,11.0238,4,0.0409562
108,18,0,1,9,4,5.62304,-17.6633,4,0.146621
108,20,1,3,7,4,6.12054,11.7423,3,0.0458533
108,20,0,4,7,4,7.09384,10.7641,2,0.0553394
108,22,-1,0,1,2,-2.27754,-5.03253,1,0.334904
108,22,0,1,1,2,-3.05485,-5.52073,4,0.323749
108,23,-1,0,17,4,4.77472,4.51869,1,0.524832
108,18,1,2,9,4,5.60446,-16.4047,3,0.131615
108,22,1,2,1,2,-1.7507,-5.64444,3,0.322751
108,23,0,1,17,4,5.04775,5.5155,4,0.617282
108,18,1,3,9,4,4.38894,-17.8335,3,0.124382
108,22,1,3,1,2,-2.83172,-4.22647,3,0.324623
108,23,1,2,17,4,3.78664,5.1931,3,0.574812
108,24,-1,0,22,2,6.35727,-12.2781,1,0.419247
108,18,0,4,9,4,4.16856,-16.1078,2,0.272066
108,23,1,3,17,4,5.78779,4.49378,3,0.55753
108,14,5,6,11,3,-10.654,13.6122,0,0.535777
108,24,0,1,22,2,6.56844,-11.361,4,0.687706
108,18,4,5,9,4,3.71721,-15.0596,3,0.320526
108,23,0,4,17,4,4.47477,3.47899,2,0.506214
108,24,1,2,22,2,5.46203,-12.0576,3,0.723496
108,23,4,5,17,4,4.10763,2.85908,3,0.506775
108,14,6,7,11,3,-10.4881,12.3119,0,0.577017
108,24,1,3,22,2,7.48731,-12.3442,3,0.814971
108,27,-1,0,23,4,3.42328,3.52326,1,0.432667
108,28,-1,0,24,2,2.30926,-9.96819,1,0.303589
108,14,7,8,11,3,-9.89678,11.1182,0,0.600977
108,27,0,1,23,4,3.76037,4.57405,4,0.403152
108,27,1,2,23,4,2.67833,3.90704,3,0.396137
108,28,0,1,24,2,1.86039,-10.7718,4,0.2967
108,29,-1,0,14,3,-13.1072,15.2349,1,0.2356
108,27,1,3,23,4,4.86641,3.82896,3,0.402956
108,30,-1,0,9,4,-8.55383,-18.6378,1,0.387657
108,29,0,1,14,3,-13.3447,14.225,4,0.202817
108,27,0,4,23,4,3.14097,2.47666,2,0.484715
108,31,-1,0,18,4,4.04594,-16.8441,1,0.105977
108,30,0,1,9,4,-9.07121,-17.7609,4,0.388245
108,29,1,2,14,3,-12.2309,14.8928,3,0.211386
108,33,-1,0,17,4,3.11316,-1.78105,1,0.266528
108,31,0,1,18,4,3.40956,-16.0122,4,0.101055
108,30,1,2,9,4,-9.50245,-18.9602,3,0.420792
108,29,1,3,14,3,-14.3934,15.01,3,0.171885
108,33,0,1,17,4,3.67209,-0.927045,4,0.274467
108,31,1,2,18,4,3.01379,-17.221,3,0.113885
108,35,-1,0,11,3,-16.8912,18.0811,1,0.513908
108,30,1,3,9,4,-7.786,-17.9423,3,0.361171
108,29,0,4,14,3,-12.4857,16.3613,0,0.260687
108,33,1,2,17,4,2.4498,-1.31632,3,0.365828
108,31,1,3,18,4,4.6975,-15.7894,3,0.0873227
108,35,0,1,11,3,-17.9045,18.3759,4,0.519076
108,30,0,4,9,4,-7.99513,-19.4778,2,0.386435
108,29,4,5,14,3,-11.2277,16.9197,0,0.278641
108,33,1,3,17,4,3.95894,-2.19111,3,0.239706
108,35,1,2,11,3,-17.553,17.1349,3,0.522463
108,30,4,5,9,4,-7.74423,-20.1131,3,0.383043
108,27,4,5,23,4,2.65074,1.17206,3,0.545477
108,28,1,2,24,2,3.07262,-10.2579,3,0.306466
108,29,5,6,14,3,-10.1402,17.6591,0,0.290175
108,33,0,4,17,4,2.36297,-2.52417,2,0.266891
108,35,1,3,11,3,-16.8536,19.2153,3,0.523663
108,37,-1,0,30,4,-8.4492,-17.8536,1,1.11687
108,38,-1,0,27,4,2.55507,3.41987,1,0.71864
108,33,4,5,17,4,1.16888,-3.08096,3,0.264205
108,29,6,7,14,3,-8.84873,17.8444,0,0.295806
108,35,0,4,11,3,-15.5416,18.0573,0,0.505346
108,37,0,1,30,4,-9.14677,-17.0031,4,1.1582
108,38,0,1,27,4,2.43816,4.50627,4,0.708392
108,40,-1,0,33,4,3.90455,-1.5438,1,0.3716
108,35,4,5,11,3,-14.0633,18.0191,0,0.497194
108,37,1,2,30,4,-9.64872,-18.1691,3,1.19896
108,28,1,3,24,2,1.43371,-9.51461,3,0.290463
108,35,5,6,11,3,-12.7454,18.4749,0,0.490708
108,37,1,3,30,4,-7.9041,-16.9972,3,1.19919
108,38,1,2,27,4,1.59931,3.53994,3,0.709692
108,35,6,7,11,3,-11.4074,18.5355,0,0.48705
108,37,0,4,30,4,-7.74955,-18.6882,2,1.09475
108,39,-1,0,22,2,-1.50227,-4.83007,1,0.433333
108,41,-1,0,9,4,-4.0354,-22.7685,1,0.49997
108,41,0,1,9,4,-4.83446,-22.1113,4,0.497296
108,42,-1,0,17,4,6.11836,0.586781,1,0.550248
108,43,-1,0,23,4,4.12603,4.08156,1,0.563567
108,41,1,2,9,4,-4.54507,-23.3554,3,0.504734
108,42,0,1,17,4,5.12029,0.440488,4,0.532938
108,43,0,1,23,4,3.18258,4.31755,4,0.457233
108,42,1,2,17,4,6.20903,-0.156703,3,0.518201
108,44,-1,0,24,2,5.64361,-12.6894,1,0.514133
109,0,-1,0,4294967295,1,-12.8509,-8.4932,1,0.447625
109,0,0,1,4294967295,1,-12.1129,-8.08498,8,1.41595
109,0,0,2,4294967295,1,-13.5512,-8.03571,8,1.32642
109,0,0,3,4294967295,1,-12.9844,-9.31241,8,1.30347
109,1,-1,0,4294967295,2,9.49234,-4.32275,1,0.514701
109,1,0,1,4294967295,2,9.90314,-3.49427,4,0.494834
109,1,1,2,4294967295,2,8.71796,-4.03737,3,0.470315
109,1,1,3,4294967295,2,10.4187,-4.702,3,0.471508
109,6,-1,0,2,3,-7.9454,10.812,1,0.246783
109,7,-1,0,3,4,6.84945,10.1531,1,0.228546
109,4,-1,0,0,1,-12.1996,-8.95776,1,1.01394
109,7,0,1,3,4,7.84994,10.0299,4,0.30563
109,7,1,2,3,4,7.42281,11.2702,3,0.333519
109,7,1,3,3,4,6.743,9.36359,3,0.277575
109,6,0,4,2,3,-9.16354,11.0947,0,0.217081
109,7,0,4,3,4,5.86638,10.0543,2,0.177173
109,6,4,5,2,3,-10.4924,11.584,0,0.191561
109,7,4,5,3,4,5.20083,10.1209,3,0.149154
109,6,5,6,2,3,-11.7538,11.3807,0,0.174544
109,9,-1,0,7,4,-3.51096,-22.5929,1,0.499364
109,6,6,7,2,3,-12.9627,11.7457,0,0.161479
109,6,7,8,2,3,-14.249,11.8071,0,0.153502
109,11,-1,0,6,3,-16.8158,17.8758,1,0.394776
109,11,0,1,6,3,-17.4767,18.7566,4,0.343994
109,9,0,1,7,4,-3.27136,-23.5953,4,0.495852
109,11,1,2,6,3,-18.0257,17.5716,3,0.314786
109,11,1,3,6,3,-16.174,18.7785,3,0.338806
109,11,0,4,6,3,-15.885,16.9079,0,0.441145
109,4,0,1,0,1,-12.2771,-9.79764,8,3.10056
109,11,4,5,6,3,-14.8947,15.7086,0,0.481303
109,11,5,6,6,3,-13.8979,14.7218,0,0.513504
109,11,6,7,6,3,-13.8418,13.4072,0,0.536077
109,9,1,2,7,4,-2.55379,-22.5569,3,0.506801
109,11,7,8,6,3,-13.153,12.4566,0,0.547719
109,14,-1,0,11,3,-14.1282,15.3341,1,0.370668
109,14,0,1,11,3,-15.1415,14.9249,4,0.320146
109,14,1,2,11,3,-14.0985,14.0782,3,0.323007
109,14,1,3,11,3,-15.3522,16.2221,3,0.283153
109,14,0,4,11,3,-12.8345,15.5249,0,0.419245
109,4,0,2,0,1,-11.4276,-8.63593,8,2.99976
109,9,1,3,7,4,-4.22661,-22.7465,3,0.485661
109,9,0,4,7,4,-3.87206,-21.5813,2,0.495111
109,14,4,5,11,3,-11.6645,14.677,0,0.465274
109,9,4,5,7,4,-4.02822,-20.5241,3,0.48928
109,17,-1,0,3,4,7.19953,0.62419,1,0.468869
109,18,-1,0,9,4,4.81669,-16.8974,1,0.182946
109,17,0,1,3,4,8.00017,1.34423,4,0.575682
109,17,1,2,3,4,6.808,1.62375,3,0.692706
109,17,1,3,3,4,8.05115,0.0949097,3,0.578408
109,17,0,4,3,4,6.6498,-0.286906,2,0.475035
109,17,4,5,3,4,5.59738,-0.988951,3,0.511406
109,20,-1,0,7,4,6.36287,10.8031,1,0.0265479
109,20,0,1,7,4,5.36176,10.8997,4,0.0168977
109,18,0,1,9,4,5.64985,-17.5075,4,0.13338
109,20,1,3,7,4,6.31676,11.7369,3,0.0216903
109,20,0,4,7,4,7.36657,10.6336,2,0.0314897
109,22,-1,0,1,2,-2.56258,-5.26731,1,0.308696
109,22,0,1,1,2,-3.37361,-5.71069,4,0.396031
109,23,-1,0,17,4,4.71106,5.38248,1,0.497843
109,18,1,2,9,4,5.46649,-16.2375,3,0.125701
109,22,1,2,1,2,-2.08296,-5.92779,3,0.294808
109,23,0,1,17,4,4.9137,6.46176,4,0.561757
109,18,1,3,9,4,4.4332,-17.7955,3,0.110582
109,22,1,3,1,2,-3.09211,-4.43033,3,0.306261
109,23,1,2,17,4,4.01211,5.59914,3,0.604552
109,24,-1,0,22,2,6.73519,-12.0408,1,0.185765
109,18,0,4,9,4,4.13267,-16.1459,2,0.223166
109,23,1,3,17,4,5.645,5.46618,3,0.58539
109,14,5,6,11,3,-10.6663,13.7857,0,0.513769
109,24,0,1,22,2,6.63308,-11.0921,4,0.594634
109,18,4,5,9,4,3.91664,-15.4814,3,0.242338
109,23,0,4,17,4,4.59299,4.28399,2,0.460193
109,24,1,2,22,2,5.86914,-12.1472,3,0.660214
109,23,4,5,17,4,4.21919,2.97467,3,0.446632
109,14,6,7,11,3,-10.4137,12.4765,0,0.638822
109,24,1,3,22,2,7.8564,-11.6341,3,0.781224
109,27,-1,0,23,4,3.68927,3.75329,1,0.397181
109,28,-1,0,24,2,2.27974,-10.2091,1,0.284665
109,14,7,8,11,3,-9.86374,11.2668,0,0.561756
109,27,0,1,23,4,3.6222,4.86598,4,0.329676
109,27,1,2,23,4,2.54596,4.16118,3,0.334968
109,28,0,1,24,2,1.93774,-11.0644,4,0.295241
109,29,-1,0,14,3,-13.3271,15.0683,1,0.206951
109,27,1,3,23,4,4.89889,4.68289,3,0.313674
109,30,-1,0,9,4,-9.29563,-18.0222,1,0.360638
109,29,0,1,14,3,-13.3292,14.0267,4,0.173171
109,27,0,4,23,4,3.49537,2.71297,2,0.421575
109,31,-1,0,18,4,4.00148,-16.7218,1,0.0896943
109,30,0,1,9,4,-9.58198,-17.0439,4,0.347898
109,29,1,2,14,3,-12.388,14.9301,3,0.181447
109,33,-1,0,17,4,3.20835,-1.49981,1,0.258154
109,31,0,1,18,4,3.30481,-15.9225,4,0.132718
109,30,1,2,9,4,-10.0077,-18.2678,3,0.353057
109,29,1,3,14,3,-14.5557,14.5159,3,0.141974
109,33,0,1,17,4,3.60412,-0.541762,4,0.275798
109,31,1,2,18,4,3.2912,-17.1704,3,0.0805373
109,35,-1,0,11,3,-17.4943,18.1662,1,0.503412
109,30,1,3,9,4,-8.41101,-17.5997,3,0.334476
109,29,0,4,14,3,-12.8979,16.2837,0,0.233169
109,33,1,2,17,4,2.4872,-1.15816,3,0.351573
109,31,1,3,18,4,4.59577,-15.7749,3,0.0651619
109,35,0,1,11,3,-18.2565,18.8964,4,0.53894
109,30,0,4,9,4,-9.04468,-19.0297,2,0.364315
109,29,4,5,14,3,-11.6985,16.9907,0,0.252145
109,33,1,3,17,4,4.24107,-1.67892,3,0.236191
109,35,1,2,11,3,-18.8165,17.7152,3,0.478891
109,30,4,5,9,4,-8.99329,-20.2482,3,0.362725
109,27,4,5,23,4,3.05748,2.10622,3,0.439353
109,28,1,2,24,2,3.06806,-10.4126,3,0.34056
109,29,5,6,14,3,-10.5849,17.7117,0,0.264437
109,33,0,4,17,4,2.67191,-2.41341,2,0.249309
109,35,1,3,11,3,-16.9363,19.1964,3,0.510093
109,37,-1,0,30,4,-8.95477,-17.3242,1,1.12896
109,38,-1,0,27,4,2.77465,3.53717,1,0.732589
109,33,4,5,17,4,1.95213,-3.17981,3,0.243894
109,29,6,7,14,3,-9.27658,17.7456,0,0.270469
109,35,0,4,11,3,-16.2372,17.7356,0,0.488465
109,37,0,1,30,4,-9.25861,-16.3608,4,1.16505
109,38,0,1,27,4,1.92709,4.27699,4,0.753403
109,40,-1,0,33,4,3.91663,-1.12538,1,0.3556
109,35,4,5,11,3,-14.8721,17.7854,0,0.482713
109,37,1,2,30,4,-10.0238,-17.4364,3,1.19917
109,28,1,3,24,2,1.38732,-9.84943,3,0.28013
109,35,5,6,11,3,-13.7209,18.4412,0,0.478462
109,37,1,3,30,4,-8.09432,-16.8767,3,1.19907
109,38,1,2,27,4,1.80763,3.01536,3,0.843532
109,35,6,7,11,3,-12.4282,18.6063,0,0.475979
109,37,0,4,30,4,-8.59914,-18.3183,2,1.11065
109,39,-1,0,22,2,-1.83202,-4.92767,1,0.417333
109,41,-1,0,9,4,-4.05119,-23.2253,1,0.475654
109,41,0,1,9,4,-4.83343,-22.4588,4,0.46974
109,42,-1,0,17,4,6.40314,1.05565,1,0.548695
109,43,-1,0,23,4,4.10984,4.74527,1,0.488918
109,41,1,2,9,4,-4.68282,-23.6598,3,0.476606
109,42,0,1,17,4,5.31865,1.00763,4,0.624025
109,43,0,1,23,4,3.03499,4.98257,4,0.477845
109,42,1,2,17,4,6.24403,0.238978,3,0.523896
109,44,-1,0,24,2,6.77491,-12.8709,1,0.501508
109,43,1,2,23,4,3.26588,3.66499,3,0.50551
109,38,1,3,27,4,3.22202,4.36824,3,0.668024
109,42,1,3,17,4,6.11403,1.96291,3,0.655467
109,44,0,1,24,2,5.88172,-13.0847,4,0.508626
110,0,-1,0,4294967295,1,-12.8509,-8.4932,1,0.452602
110,0,0,1,4294967295,1,-12.1129,-8.08498,8,1.37513
110,0,0,2,4294967295,1,-13.5512,-8.03571,8,1.32267
110,0,0,3,4294967295,1,-12.9844,-9.31241,8,1.39906
110,1,-1,0,4294967295,2,9.79189,-3.70821,1,0.521134
110,1,0,1,4294967295,2,10.5506,-3.18017,4,0.531399
110,1,1,2,4294967295,2,9.23876,-3.0758,3,0.49895
110,1,1,3,4294967295,2,10.5139,-4.50007,3,0.512176
110,6,-1,0,2,3,-7.89907,11.0384,1,0.259456
110,7,-1,0,3,4,7.29421,10.0362,1,0.23358
110,4,-1,0,0,1,-12.1996,-8.95776,1,1.00709
110,7,0,1,3,4,8.31102,9.82399,4,0.272684
110,7,1,2,3,4,7.99909,11.0708,3,0.268327
110,7,1,3,3,4,7.15752,9.27693,3,0.277567
110,6,0,4,2,3,-9.13225,11.2442,0,0.232532
110,7,0,4,3,4,6.29181,9.98744,2,0.190826
110,6,4,5,2,3,-10.4979,11.6173,0,0.198859
110,7,4,5,3,4,5.08032,10.1616,3,0.165878
110,6,5,6,2,3,-11.7218,11.2555,0,0.172632
110,9,-1,0,7,4,-3.55007,-22.7851,1,0.46949
110,6,6,7,2,3,-12.977,11.4726,0,0.156498
110,6,7,8,2,3,-14.2591,11.4829,0,0.148973
110,11,-1,0,6,3,-17.3297,17.8277,1,0.371257
110,11,0,1,6,3,-17.5574,18.8925,4,0.322848
110,9,0,1,7,4,-3.34966,-23.66,4,0.457958
110,11,1,2,6,3,-18.5379,18.0298,3,0.301348
110,11,1,3,6,3,-16.4108,18.2659,3,0.312752
110,11,0,4,6,3,-16.5692,16.6668,0,0.415157
110,4,0,1,0,1,-12.2771,-9.79764,8,3.05912
110,11,4,5,6,3,-15.4114,15.4358,0,0.453002
110,11,5,6,6,3,-14.3018,14.5252,0,0.485745
110,11,6,7,6,3,-13.8346,13.2154,0,0.526965
110,9,1,2,7,4,-2.59514,-22.6853,3,0.459287
110,11,7,8,6,3,-12.9875,12.296,0,0.606724
110,14,-1,0,11,3,-14.4014,15.0926,1,0.352427
110,14,0,1,11,3,-15.2814,14.4601,4,0.30081
110,14,1,2,11,3,-14.0477,13.9195,3,0.302617
110,14,1,3,11,3,-15.9426,15.6243,3,0.26575
110,14,0,4,11,3,-13.1591,15.4373,0,0.403474
110,4,0,2,0,1,-11.4276,-8.63593,8,3.00005
110,9,1,3,7,4,-4.38818,-22.9263,3,0.451678
110,9,0,4,7,4,-3.9123,-21.9353,2,0.47181
110,14,4,5,11,3,-11.9049,14.7278,0,0.453463
110,9,4,5,7,4,-4.04832,-21.2494,3,0.467345
110,17,-1,0,3,4,7.43252,1.07212,1,0.53031
110,18,-1,0,9,4,4.89488,-16.854,1,0.158629
110,17,0,1,3,4,8.29382,1.76097,4,0.561348
110,17,1,2,3,4,7.10692,1.99817,3,0.592512
110,17,1,3,3,4,8.11811,0.539555,3,0.558575
110,17,0,4,3,4,6.88818,0.144442,2,0.500261
110,17,4,5,3,4,6.34599,-0.828297,3,0.483281
110,20,-1,0,7,4,6.74227,10.655,1,0.040073
110,20,0,1,7,4,5.72003,10.8259,4,0.0102798
110,18,0,1,9,4,5.75533,-17.4069,4,0.115621
110,20,1,3,7,4,6.75804,11.5347,3,0.00373307
110,20,0,4,7,4,7.75839,10.4508,2,0.0647919
110,22,-1,0,1,2,-2.84526,-5.501,1,0.318193
110,22,0,1,1,2,-3.6719,-5.92021,4,0.323429
110,23,-1,0,17,4,4.43502,5.65715,1,0.501391
110,18,1,2,9,4,5.28653,-16.2086,3,0.114396
110,22,1,2,1,2,-2.38442,-6.18296,3,0.315414
110,23,0,1,17,4,4.44239,6.75381,4,0.556507
110,18,1,3,9,4,4.54244,-17.7051,3,0.0940962
110,22,1,3,1,2,-3.39975,-4.64457,3,0.348749
110,23,1,2,17,4,3.48993,6.03193,3,0.713618
110,24,-1,0,22,2,6.98548,-11.7569,1,0.458388
110,18,0,4,9,4,4.12789,-16.1274,2,0.210774
110,23,1,3,17,4,5.57814,6.22959,3,0.524424
110,14,5,6,11,3,-10.8143,13.9665,0,0.499154
110,24,0,1,22,2,6.69539,-10.8684,4,0.520979
110,18,4,5,9,4,3.49232,-14.9645,3,0.271678
110,23,0,4,17,4,4.54247,4.52001,2,0.468777
110,24,1,2,22,2,6.26116,-12.09,3,0.535204
110,23,4,5,17,4,4.51034,3.63257,3,0.450268
110,14,6,7,11,3,-10.4302,12.6957,0,0.533193
110,24,1,3,22,2,7.85629,-11.5112,3,0.577322
110,27,-1,0,23,4,3.52346,4.45812,1,0.353328
110,28,-1,0,24,2,2.25116,-10.5727,1,0.301327
110,14,7,8,11,3,-9.78425,11.5475,0,0.549649
110,27,0,1,23,4,3.22808,5.41598,4,0.316458
110,27,1,2,23,4,2.30495,4.46826,3,0.31844
110,28,0,1,24,2,1.76381,-11.355,4,0.322962
110,29,-1,0,14,3,-13.5919,14.8589,1,0.178521
110,27,1,3,23,4,4.51225,5.161,3,0.291526
110,30,-1,0,9,4,-9.81594,-17.5128,1,0.366621
110,29,0,1,14,3,-13.3482,13.8436,4,0.145636
110,27,0,4,23,4,3.74117,3.54366,2,0.379349
110,31,-1,0,18,4,4.09988,-16.7712,1,0.0747526
110,30,0,1,9,4,-9.85667,-16.4563,4,0.372568
110,29,1,2,14,3,-12.6311,14.9388,3,0.152025
110,33,-1,0,17,4,3.24262,-1.21344,1,0.322255
110,31,0,1,18,4,3.30414,-16.0816,4,0.0784537
110,30,1,2,9,4,-10.8239,-17.2991,3,0.386572
110,29,1,3,14,3,-14.6924,13.8925,3,0.23102
110,33,0,1,17,4,3.30814,-0.20325,4,0.378638
110,31,1,2,18,4,3.29065,-17.3391,3,0.118689
110,35,-1,0,11,3,-17.8309,18.4495,1,0.492865
110,30,1,3,9,4,-8.75121,-17.1294,3,0.374183
110,29,0,4,14,3,-13.3566,16.1325,0,0.205551
110,33,1,2,17,4,2.3304,-1.03455,3,0.375296
110,31,1,3,18,4,4.47336,-15.5276,3,0.054621
110,35,0,1,11,3,-18.2006,19.4679,4,0.519734
110,30,0,4,9,4,-9.74993,-18.6052,2,0.373925
110,29,4,5,14,3,-12.1835,16.8778,0,0.225302
110,33,1,3,17,4,4.28052,-1.0914,3,0.331863
110,35,1,2,11,3,-19.2045,18.6666,3,0.465953
110,30,4,5,9,4,-9.89584,-19.7575,3,0.4405
110,27,4,5,23,4,3.66019,2.56477,3,0.391069
110,28,1,2,24,2,2.99951,-10.9164,3,0.322498
110,29,5,6,14,3,-11.11,17.6461,0,0.238193
110,33,0,4,17,4,3.20869,-2.20918,2,0.265707
110,35,1,3,11,3,-16.8982,19.1885,3,0.50139
110,37,-1,0,30,4,-9.405,-16.8016,1,1.19889
110,38,-1,0,27,4,2.85491,3.91418,1,0.736707
110,33,4,5,17,4,2.99327,-2.90508,3,0.236967
110,29,6,7,14,3,-9.81102,17.7638,0,0.24455
110,35,0,4,11,3,-16.8331,17.6048,0,0.47701
110,37,0,1,30,4,-9.6018,-15.7316,4,1.19732
110,38,0,1,27,4,1.78422,4.06598,4,0.785316
110,40,-1,0,33,4,3.82044,-0.696739,1,0.3396
110,35,4,5,11,3,-15.5318,17.4483,0,0.470257
110,37,1,2,30,4,-10.5431,-16.5874,3,1.1996
110,28,1,3,24,2,1.40348,-10.0692,3,0.366014
110,35,5,6,11,3,-14.5073,18.2353,0,0.465964
110,37,1,3,30,4,-8.54877,-16.3828,3,1.18903
110,38,1,2,27,4,2.25165,2.87922,3,0.84746
110,35,6,7,11,3,-13.2804,18.6052,0,0.463712
110,37,0,4,30,4,-9.15676,-17.8191,2,1.13022
110,39,-1,0,22,2,-2.17711,-5.04917,1,0.401333
110,41,-1,0,9,4,-4.10124,-23.3686,1,0.449372
110,41,0,1,9,4,-4.59053,-22.4074,4,0.443067
110,42,-1,0,17,4,6.57913,1.25719,1,0.557106
110,43,-1,0,23,4,3.7488,5.1841,1,0.489803
110,41,1,2,9,4,-4.89129,-23.6525,3,0.449562
110,42,0,1,17,4,5.56143,1.58059,4,0.554578
110,43,0,1,23,4,2.93894,5.94596,4,0.510471
110,42,1,2,17,4,5.93764,0.365128,3,0.537668
110,44,-1,0,24,2,7.58086,-12.3202,1,0.477604
110,43,1,2,23,4,3.02058,4.68698,3,0.482461
110,38,1,3,27,4,2.58279,5.14325,3,0.718255
110,42,1,3,17,4,6.55137,2.35294,3,0.578319
110,44,0,1,24,2,6.8711,-12.9069,4,0.468529
111,0,-1,0,4294967295,1,-12.8509,-8.4932,1,0.458462
111,0,0,1,4294967295,1,-12.1129,-8.08498,8,1.44468
111,0,0,2,4294967295,1,-13.5512,-8.03571,8,1.32878
111,0,0,3,4294967295,1,-12.9844,-9.31241,8,1.37354
111,1,-1,0,4294967295,2,10.1825,-3.16727,1,0.522498
111,1,0,1,4294967295,2,11.0649,-2.89291,4,0.513008
111,1,1,2,4294967295,2,9.83731,-2.42358,3,0.517796
111,1,1,3,4294967295,2,10.5681,-4.09348,3,0.504793
111,6,-1,0,2,3,-7.89433,11.2662,1,0.262956
111,7,-1,0,3,4,7.50938,9.83657,1,0.223518
111,4,-1,0,0,1,-12.1996,-8.95776,1,1.00024
111,7,0,1,3,4,8.58434,9.63587,4,0.269931
111,7,1,2,3,4,8.45829,10.9315,3,0.243061
111,7,1,3,3,4,7.62124,8.85536,3,0.35015
111,6,0,4,2,3,-9.14413,11.2258,0,0.339952
111,7,0,4,3,4,6.41279,9.92636,2,0.190878
111,6,4,5,2,3,-10.4569,11.4314,0,0.223017
111,7,4,5,3,4,5.34013,10.279,3,0.172201
111,6,5,6,2,3,-11.7196,11.134,0,0.197794
111,9,-1,0,7,4,-3.61613,-22.728,1,0.438983
111,6,6,7,2,3,-12.9888,11.3948,0,0.243998
111,6,7,8,2,3,-14.2504,11.1089,0,0.165234
111,11,-1,0,6,3,-17.2731,18.1536,1,0.349869
111,11,0,1,6,3,-17.5116,19.1779,4,0.305126
111,9,0,1,7,4,-3.23156,-23.66,4,0.423866
111,11,1,2,6,3,-18.4293,18.2097,3,0.294104
111,11,1,3,6,3,-16.5231,18.3446,3,0.291422
111,11,0,4,6,3,-16.7119,16.9307,0,0.393288
111,4,0,1,0,1,-12.2771,-9.79764,8,3.02632
111,11,4,5,6,3,-15.7965,15.6043,0,0.434546
111,11,5,6,6,3,-14.8831,14.3272,0,0.47357
111,11,6,7,6,3,-14.0215,13.1361,0,0.507617
111,9,1,2,7,4,-2.64559,-22.5478,3,0.416884
111,11,7,8,6,3,-12.9347,12.4181,0,0.52891
111,14,-1,0,11,3,-14.6073,14.844,1,0.336149
111,14,0,1,11,3,-15.4928,14.1332,4,0.288861
111,14,1,2,11,3,-14.2062,14.0218,3,0.273569
111,14,1,3,11,3,-16.3096,15.1698,3,0.278437
111,14,0,4,11,3,-13.4273,15.3216,0,0.383623
111,4,0,2,0,1,-11.4276,-8.63593,8,2.99171
111,9,1,3,7,4,-4.48074,-23.2769,3,0.42514
111,9,0,4,7,4,-3.99998,-21.7447,2,0.44564
111,14,4,5,11,3,-12.1697,14.7614,0,0.428026
111,9,4,5,7,4,-4.19394,-20.3978,3,0.444267
111,17,-1,0,3,4,7.63843,1.43092,1,0.528899
111,18,-1,0,9,4,4.81471,-16.6189,1,0.160236
111,17,0,1,3,4,8.24834,2.24214,4,0.546893
111,17,1,2,3,4,7.032,1.98825,3,0.557687
111,17,1,3,3,4,8.45862,0.983731,3,0.538002
111,17,0,4,3,4,7.23386,0.567472,2,0.501429
111,17,4,5,3,4,6.79936,0.0638865,3,0.481323
111,20,-1,0,7,4,7.16248,10.5417,1,0.0132343
111,20,0,1,7,4,6.17371,10.7093,4,0.000177027
111,18,0,1,9,4,5.76135,-17.1163,4,0.106926
111,20,1,3,7,4,7.26745,11.3557,3,0
111,20,0,4,7,4,8.1508,10.2986,2,0.0232159
111,22,-1,0,1,2,-3.15774,-5.7,1,0.304527
111,22,0,1,1,2,-3.9312,-6.20401,4,0.400983
111,23,-1,0,17,4,4.30426,6.39009,1,0.499899
111,18,1,2,9,4,5.39598,-15.9079,3,0.102629
111,22,1,2,1,2,-2.62976,-6.31796,3,0.293643
111,23,0,1,17,4,4.2234,7.40677,4,0.524719
111,18,1,3,9,4,4.65032,-17.6853,3,0.0807002
111,22,1,3,1,2,-3.7419,-4.90696,3,0.30943
111,23,1,2,17,4,3.39789,6.51306,3,0.560623
111,24,-1,0,22,2,7.09869,-11.472,1,0.483351
111,18,0,4,9,4,3.93856,-16.0137,2,0.212434
111,23,1,3,17,4,5.12931,6.5188,3,0.511604
111,14,5,6,11,3,-11.0429,14.166,0,0.4659
111,24,0,1,22,2,6.93809,-10.5491,4,0.48713
111,18,4,5,9,4,3.33588,-15.2476,3,0.246988
111,23,0,4,17,4,4.63129,5.45543,2,0.472181
111,24,1,2,22,2,6.23323,-11.6403,3,0.478921
111,23,4,5,17,4,4.6745,4.60599,3,0.452519
111,14,6,7,11,3,-10.5187,12.9949,0,0.49364
111,24,1,3,22,2,8.13136,-11.1517,3,0.507107
111,27,-1,0,23,4,3.16484,4.82836,1,0.36679
111,28,-1,0,24,2,2.17716,-10.9839,1,0.321177
111,14,7,8,11,3,-9.62304,12.0848,0,0.5083
111,27,0,1,23,4,2.63399,5.8185,4,0.348605
111,27,1,2,23,4,2.17892,4.63014,3,0.322611
111,28,0,1,24,2,1.49096,-11.5966,4,0.347312
111,29,-1,0,14,3,-13.7627,14.583,1,0.200952
111,27,1,3,23,4,3.76407,5.31805,3,0.294587
111,30,-1,0,9,4,-10.2803,-16.8288,1,0.407024
111,29,0,1,14,3,-13.2477,13.6163,4,0.200472
111,27,0,4,23,4,3.73182,3.85684,2,0.385718
111,31,-1,0,18,4,3.9874,-16.647,1,0.0508759
111,30,0,1,9,4,-10.354,-15.8381,4,0.389676
111,29,1,2,14,3,-12.9135,14.85,3,0.192786
111,33,-1,0,17,4,3.34261,-0.740724,1,0.31572
111,31,0,1,18,4,3.15128,-15.996,4,0.0401547
111,30,1,2,9,4,-11.1579,-16.8558,3,0.403351
111,29,1,3,14,3,-14.5284,13.3287,3,0.200365
111,33,0,1,17,4,2.93128,0.188506,4,0.411526
111,31,1,2,18,4,3.20038,-17.2531,3,0.0416567
111,35,-1,0,11,3,-17.835,18.6924,1,0.483923
111,30,1,3,9,4,-9.25465,-16.5316,3,0.365777
111,29,0,4,14,3,-13.8928,15.8578,0,0.199022
111,33,1,2,17,4,2.51637,-1.02986,3,0.393343
111,31,1,3,18,4,4.35116,-15.5153,3,0.0318247
111,35,0,1,11,3,-17.9047,19.7702,4,0.487941
111,30,0,4,9,4,-10.287,-17.8079,2,0.396483
111,29,4,5,14,3,-12.7644,16.6924,0,0.204896
111,33,1,3,17,4,4.08359,-0.391399,3,0.328598
111,35,1,2,11,3,-18.9747,19.0476,3,0.476047
111,30,4,5,9,4,-10.5039,-18.4599,3,0.385635
111,27,4,5,23,4,4.13121,2.55293,3,0.383485
111,28,1,2,24,2,2.80696,-11.5068,3,0.322397
111,29,5,6,14,3,-11.7153,17.5329,0,0.213287
111,33,0,4,17,4,3.64138,-1.77021,2,0.273718
111,35,1,3,11,3,-16.7685,19.0875,3,0.490037
111,37,-1,0,30,4,-9.7955,-16.2209,1,1.17775
111,38,-1,0,27,4,2.55403,4.33618,1,0.787876
111,33,4,5,17,4,3.61989,-3.16693,3,0.250806
111,29,6,7,14,3,-10.4259,17.8155,0,0.218615
111,35,0,4,11,3,-17.3022,17.5029,0,0.469662
111,37,0,1,30,4,-9.94879,-15.19,4,1.19926
111,38,0,1,27,4,1.48935,4.10999,4,0.823313
111,40,-1,0,33,4,3.61118,0.0627406,1,0.3236
111,35,4,5,11,3,-16.0196,17.0951,0,0.459612
111,37,1,2,30,4,-11.0144,-15.9583,3,1.19569
111,28,1,3,24,2,1.50247,-10.2727,3,0.326542
111,35,5,6,11,3,-15.0049,17.9143,0,0.454006
111,37,1,3,30,4,-8.83872,-15.7914,3,1.19946
111,38,1,2,27,4,2.5619,3.46467,3,0.788265
111,35,6,7,11,3,-13.8562,18.4964,0,0.451458
111,37,0,4,30,4,-9.5858,-17.2577,2,1.16603
111,39,-1,0,22,2,-2.52441,-5.20433,1,0.385333
111,41,-1,0,9,4,-3.90387,-23.5049,1,0.422781
111,41,0,1,9,4,-4.324,-22.5671,4,0.4164
111,42,-1,0,17,4,6.73653,1.36744,1,0.530897
111,43,-1,0,23,4,3.51141,6.01125,1,0.470299
111,41,1,2,9,4,-5.05812,-23.6592,3,0.422819
111,42,0,1,17,4,5.77107,1.88922,4,0.522326
111,43,0,1,23,4,2.6456,6.62077,4,0.46283
111,42,1,2,17,4,5.94803,0.652113,3,0.519664
111,44,-1,0,24,2,7.76272,-11.9349,1,0.44592
111,43,1,2,23,4,2.59664,5.31783,3,0.464539
111,38,1,3,27,4,1.78106,5.34795,3,0.906033
111,42,1,3,17,4,6.76245,2.67195,3,0.524801
111,44,0,1,24,2,7.56651,-12.8375,4,0.436213
112,0,-1,0,4294967295,1,-12.906,-8.41023,1,0.341346
112,0,0,1,4294967295,1,-12.1789,-8.01435,8,1.38851
112,0,0,2,4294967295,1,-13.6233,-7.97471,8,1.23769
112,0,0,3,4294967295,1,-13.0479,-9.34614,8,1.26392
112,1,-1,0,4294967295,2,10.6525,-2.75398,1,0.541465
112,1,0,1,4294967295,2,11.5013,-2.39529,4,0.566988
112,1,1,2,4294967295,2,10.2254,-2.06373,3,0.540526
112,1,1,3,4294967295,2,11.1055,-3.63105,3,0.636272
112,6,-1,0,2,3,-7.92318,11.405,1,0.27968
112,7,-1,0,3,4,7.89669,9.69467,1,0.225696
112,4,-1,0,0,1,-12.1852,-9.08456,1,0.797083
112,7,0,1,3,4,8.93546,9.63765,4,0.28938
112,7,1,2,3,4,8.1475,10.6998,3,0.251035
112,7,1,3,3,4,8.11951,8.67348,3,0.249077
112,6,0,4,2,3,-9.15574,11.1949,0,0.289673
112,7,0,4,3,4,6.94223,9.79332,2,0.191074
112,6,4,5,2,3,-10.4729,11.3295,0,0.293666
112,7,4,5,3,4,6.31467,10.0786,3,0.172319
112,6,5,6,2,3,-11.7178,11.0364,0,0.269321
112,9,-1,0,7,4,-3.56759,-22.5799,1,0.409046
112,6,6,7,2,3,-12.9711,11.2866,0,0.234188
112,6,7,8,2,3,-14.1829,10.8758,0,0.210423
112,11,-1,0,6,3,-17.1114,18.365,1,0.332358
112,11,0,1,6,3,-17.3543,19.3519,4,0.290473
112,9,0,1,7,4,-3.24851,-23.5724,4,0.393
112,11,1,2,6,3,-17.9473,18.1546,3,0.283922
112,11,1,3,6,3,-16.1507,18.7968,3,0.275047
112,11,0,4,6,3,-16.8017,17.106,0,0.37369
112,4,0,1,0,1,-12.1056,-9.88639,8,2.94539
112,11,4,5,6,3,-16.0798,15.7296,0,0.412538
112,11,5,6,6,3,-15.2591,14.4152,0,0.448253
112,11,6,7,6,3,-14.2082,13.2564,0,0.49181
112,9,1,2,7,4,-2.65947,-22.4649,3,0.382837
112,11,7,8,6,3,-12.9748,12.6743,0,0.583575
112,14,-1,0,11,3,-14.7733,14.5324,1,0.33336
112,14,0,1,11,3,-15.5352,13.7511,4,0.306577
112,14,1,2,11,3,-14.271,13.9446,3,0.286875
112,14,1,3,11,3,-15.9878,14.9586,3,0.321538
112,14,0,4,11,3,-13.6891,15.152,0,0.369109
112,4,0,2,0,1,-11.3929,-8.69259,8,2.92511
112,9,1,3,7,4,-4.44815,-23.0627,3,0.397567
112,9,0,4,7,4,-3.92814,-21.6043,2,0.417262
112,14,4,5,11,3,-12.3613,14.805,0,0.415913
112,9,4,5,7,4,-4.08836,-20.7168,3,0.418813
112,17,-1,0,3,4,7.7522,1.88828,1,0.388536
112,18,-1,0,9,4,4.71931,-16.4282,1,0.133489
112,17,0,1,3,4,8.29265,2.91371,4,0.425294
112,17,1,2,3,4,7.18158,2.52337,3,0.445952
112,17,1,3,3,4,8.725,1.73974,3,0.451074
112,17,0,4,3,4,7.2742,0.904871,2,0.397994
112,17,4,5,3,4,6.39245,-0.175114,3,0.417517
112,20,-1,0,7,4,7.45014,10.4121,1,0
112,18,0,1,9,4,5.71431,-16.7135,4,0.0917915
112,20,0,4,7,4,8.38073,10.0238,2,0
112,22,-1,0,1,2,-3.45991,-5.97668,1,0.349575
112,22,0,1,1,2,-4.33475,-6.3068,4,0.320964
112,23,-1,0,17,4,3.96188,7.232,1,0.507455
112,18,1,2,9,4,5.14265,-15.5601,3,0.0908656
112,22,1,2,1,2,-3.10856,-6.74033,3,0.298577
112,23,0,1,17,4,4.07247,8.31545,4,0.537096
112,18,1,3,9,4,4.68875,-17.4212,3,0.0681587
112,22,1,3,1,2,-3.91809,-5.06445,3,0.322397
112,23,1,2,17,4,3.06396,7.59352,3,0.577731
112,24,-1,0,22,2,7.2459,-11.0122,1,0.494427
112,18,0,4,9,4,3.84835,-15.9381,2,0.165942
112,23,1,3,17,4,4.7692,7.27974,3,0.523938
112,14,5,6,11,3,-11.1604,14.3923,0,0.485896
112,24,0,1,22,2,7.27738,-10.0567,4,0.594749
112,18,4,5,9,4,3.39801,-15.2938,3,0.180641
112,23,0,4,17,4,4.24536,6.20732,2,0.476197
112,24,1,2,22,2,6.295,-10.9142,3,0.477195
112,23,4,5,17,4,4.66904,4.88433,3,0.454254
112,14,6,7,11,3,-10.4967,13.2906,0,0.567373
112,24,1,3,22,2,8.27579,-10.9339,3,0.499171
112,27,-1,0,23,4,2.83312,5.05606,1,0.359236
112,28,-1,0,24,2,1.98615,-11.3585,1,0.34361
112,14,7,8,11,3,-9.46833,12.5281,0,0.534653
112,27,0,1,23,4,2.35991,5.99377,4,0.327401
112,27,1,2,23,4,1.74895,4.82619,3,0.342431
112,28,0,1,24,2,1.31733,-11.9919,4,0.353687
112,29,-1,0,14,3,-13.9828,14.4131,1,0.17463
112,27,1,3,23,4,3.56506,5.54257,3,0.295746
112,30,-1,0,9,4,-10.6007,-16.0699,1,0.395742
112,29,0,1,14,3,-13.4956,13.4887,4,0.157365
112,27,0,4,23,4,3.48112,4.33513,2,0.388875
112,31,-1,0,18,4,3.88069,-16.5818,1,0.0140149
112,30,0,1,9,4,-10.8411,-15.0815,4,0.418185
112,29,1,2,14,3,-13.1255,14.7295,3,0.168318
112,33,-1,0,17,4,3.27969,-0.495858,1,0.334791
112,31,0,1,18,4,3.00416,-15.9923,4,0.000797496
112,30,1,2,9,4,-11.3315,-16.2985,3,0.437998
112,29,1,3,14,3,-14.8068,13.2425,3,0.134325
112,33,0,1,17,4,2.59946,0.261295,4,0.385113
112,31,1,2,18,4,3.10586,-17.2522,3,0
112,35,-1,0,11,3,-17.7514,18.8576,1,0.452894
112,30,1,3,9,4,-9.71214,-15.7093,3,0.370153
112,29,0,4,14,3,-14.3027,15.6226,0,0.183973
112,33,1,2,17,4,2.67661,-1.02035,3,0.387014
112,31,1,3,18,4,4.19496,-15.4585,3,2.69734e-22
112,35,0,1,11,3,-17.9558,19.8606,4,0.446498
112,30,0,4,9,4,-10.5706,-17.0916,2,0.378734
112,29,4,5,14,3,-13.3323,16.5439,0,0.189846
112,33,1,3,17,4,3.90658,0.280616,3,0.49145
112,35,1,2,11,3,-18.7037,18.7866,3,0.448605
112,30,4,5,9,4,-10.9461,-18.3503,3,0.370662
112,27,4,5,23,4,3.82569,3.79457,3,0.406156
112,28,1,2,24,2,2.62872,-11.8633,3,0.402768
112,29,5,6,14,3,-12.4064,17.4562,0,0.194173
112,33,0,4,17,4,3.83502,-1.37717,2,0.297118
112,35,1,3,11,3,-16.6905,19.39,3,0.445665
112,37,-1,0,30,4,-10.246,-15.3678,1,1.18638
112,38,-1,0,27,4,2.2238,4.49536,1,0.905815
112,33,4,5,17,4,4.10372,-2.21941,3,0.376478
112,29,6,7,14,3,-11.1575,17.8087,0,0.1967
112,35,0,4,11,3,-17.3388,17.6573,0,0.451666
112,37,0,1,30,4,-10.5881,-14.3922,4,1.19943
112,38,0,1,27,4,1.2106,4.17447,4,0.946151
112,40,-1,0,33,4,3.24314,0.312923,1,0.3076
112,35,4,5,11,3,-16.1823,16.8974,0,0.447009
112,37,1,2,30,4,-11.1298,-15.5624,3,1.19954
112,28,1,3,24,2,1.29895,-10.6701,3,0.327839
112,35,5,6,11,3,-15.2252,17.6406,0,0.442455
112,37,1,3,30,4,-9.46215,-14.9495,3,1.19968
112,38,1,2,27,4,2.31414,3.54377,3,0.950482
112,35,6,7,11,3,-14.1372,18.2238,0,0.43986
112,37,0,4,30,4,-9.95419,-16.3965,2,1.16992
112,39,-1,0,22,2,-2.88258,-5.40638,1,0.369333
112,41,-1,0,9,4,-3.91943,-23.282,1,0.39613
112,41,0,1,9,4,-4.46891,-22.4036,4,0.389733
112,42,-1,0,17,4,6.96566,2.00506,1,0.500904
112,43,-1,0,23,4,3.46617,6.5134,1,0.439984
112,41,1,2,9,4,-4.86842,-23.6588,3,0.396137
112,42,0,1,17,4,5.89419,1.91432,4,0.488892
112,43,0,1,23,4,2.47752,6.81884,4,0.430236
112,42,1,2,17,4,6.56897,0.843682,3,0.484051
112,44,-1,0,24,2,7.56062,-11.7994,1,0.413933
112,43,1,2,23,4,2.49475,5.49552,3,0.427551
112,38,1,3,27,4,1.5114,5.44828,3,0.880565
112,42,1,3,17,4,6.56827,2.97475,3,0.490098
112,44,0,1,24,2,8.002,-12.6399,4,0.4042
112,42,0,4,17,4,8.04657,2.2948,2,0.505605
112,4,0,3,0,1,-12.9932,-8.83605,8,0.818012
113,0,-1,0,4294967295,1,-13.1689,-8.23887,1,0.41806
113,0,0,1,4294967295,1,-12.4162,-7.84674,8,1.31306
113,0,0,2,4294967295,1,-13.8605,-7.77902,8,1.22469
113,0,0,3,4294967295,1,-13.3919,-9.03511,8,1.24005
113,1,-1,0,4294967295,2,11.166,-2.43083,1,0.34646
113,1,0,1,4294967295,2,11.8153,-1.76845,4,0.540471
113,1,1,2,4294967295,2,10.5066,-1.90885,3,0.521038
113,1,1,3,4294967295,2,12.0256,-3.06518,3,0.560067
113,6,-1,0,2,3,-7.93351,11.4377,1,0.386927
113,7,-1,0,3,4,8.47599,9.57525,1,0.241826
113,4,-1,0,0,1,-11.8968,-9.42586,1,0.402002
113,7,0,1,3,4,9.50326,9.78278,4,0.267572
113,7,1,2,3,4,8.48278,10.6121,3,0.262593
113,7,1,3,3,4,8.76168,8.78238,3,0.263862
113,6,0,4,2,3,-9.16671,11.2391,0,0.338024
113,7,0,4,3,4,7.393,9.4692,2,0.204041
113,6,4,5,2,3,-10.4807,11.3251,0,0.28859
113,7,4,5,3,4,6.08265,9.85666,3,0.179792
113,6,5,6,2,3,-11.6954,10.9367,0,0.254575
113,9,-1,0,7,4,-3.51187,-22.6755,1,0.379901
113,6,6,7,2,3,-12.9558,11.1397,0,0.232359
113,6,7,8,2,3,-14.1702,10.7448,0,0.220476
113,11,-1,0,6,3,-16.9936,18.4362,1,0.315711
113,11,0,1,6,3,-17.3829,19.4187,4,0.275377
113,9,0,1,7,4,-3.35369,-23.6494,4,0.36372
113,11,1,2,6,3,-17.8268,18.1631,3,0.270105
113,11,1,3,6,3,-16.0971,19.2434,3,0.260109
113,11,0,4,6,3,-16.7071,17.1225,0,0.356488
113,4,0,1,0,1,-11.7847,-10.2593,8,2.58936
113,11,4,5,6,3,-16.4981,15.5691,0,0.397423
113,11,5,6,6,3,-15.5333,14.4127,0,0.438054
113,11,6,7,6,3,-14.5248,13.3697,0,0.474659
113,9,1,2,7,4,-2.63172,-22.6025,3,0.35346
113,11,7,8,6,3,-13.2637,12.818,0,0.497954
113,14,-1,0,11,3,-14.792,14.3545,1,0.328657
113,14,0,1,11,3,-15.5258,13.7238,4,0.294179
113,14,1,2,11,3,-14.1743,13.6978,3,0.288223
113,14,1,3,11,3,-15.6508,15.0853,3,0.287345
113,14,0,4,11,3,-13.7658,15.0441,0,0.369247
113,4,0,2,0,1,-11.4257,-8.73246,8,2.68628
113,9,1,3,7,4,-4.43713,-22.8853,3,0.368805
113,9,0,4,7,4,-3.81819,-21.7588,2,0.387994
113,14,4,5,11,3,-12.4564,14.8939,0,0.419157
113,9,4,5,7,4,-3.88381,-20.9295,3,0.388149
113,17,-1,0,3,4,7.80651,2.20352,1,0.390282
113,18,-1,0,9,4,4.75741,-16.2416,1,0.21089
113,17,0,1,3,4,8.47211,3.03972,4,0.397934
113,17,1,2,3,4,7.21961,3.35801,3,0.492094
113,17,1,3,3,4,8.84931,1.81477,3,0.393485
113,17,0,4,3,4,7.47109,1.24904,2,0.38789
113,17,4,5,3,4,6.9194,0.517587,3,0.385434
113,18,0,1,9,4,5.77625,-16.4586,4,0.142211
113,20,0,4,7,4,8.8749,10.3034,2,0
113,22,-1,0,1,2,-3.87188,-6.304,1,0.326018
113,22,0,1,1,2,-4.79344,-6.19516,4,0.345596
113,23,-1,0,17,4,3.78633,7.59026,1,0.484418
113,18,1,2,9,4,4.94484,-15.5073,3,0.19518
113,22,1,2,1,2,-3.91425,-7.17272,3,0.3571
113,23,0,1,17,4,3.60505,8.61226,4,0.494284
113,18,1,3,9,4,4.74056,-17.1547,3,0.0843152
113,22,1,3,1,2,-3.89394,-5.23043,3,0.374223
113,23,1,2,17,4,2.71245,7.74508,3,0.514638
113,24,-1,0,22,2,7.3504,-10.5887,1,0.491613
113,18,0,4,9,4,3.77278,-15.8308,2,0.149406
113,23,1,3,17,4,4.72458,8.02664,3,0.488062
113,14,5,6,11,3,-11.2186,14.6058,0,0.481658
113,24,0,1,22,2,7.8043,-9.78613,4,0.483301
113,18,4,5,9,4,2.72189,-14.9359,3,0.13825
113,23,0,4,17,4,4.02004,6.59604,2,0.469257
113,24,1,2,22,2,6.59404,-10.2946,3,0.476746
113,23,4,5,17,4,3.97072,5.86321,3,0.455934
113,14,6,7,11,3,-10.4125,13.5884,0,0.541956
113,24,1,3,22,2,8.27763,-11.0434,3,0.492461
113,27,-1,0,23,4,2.31,5.46616,1,0.355104
113,28,-1,0,24,2,1.70997,-11.7183,1,0.413092
113,14,7,8,11,3,-9.3265,12.8913,0,0.539588
113,27,0,1,23,4,1.6935,6.28183,4,0.356673
113,27,1,2,23,4,1.5775,5.00156,3,0.434975
113,28,0,1,24,2,1.24875,-12.5138,4,0.47138
113,29,-1,0,14,3,-14.0345,14.274,1,0.144519
113,27,1,3,23,4,3.01268,6.36672,3,0.307558
113,30,-1,0,9,4,-10.9641,-15.5108,1,0.439043
113,29,0,1,14,3,-13.5951,13.3499,4,0.120144
113,27,0,4,23,4,3.08322,4.78803,2,0.367677
113,31,-1,0,18,4,4.01063,-16.5406,1,0
113,30,0,1,9,4,-11.1428,-14.4749,4,0.45619
113,29,1,2,14,3,-13.1772,14.5826,3,0.132591
113,33,-1,0,17,4,3.0925,-0.259056,1,0.4339
113,31,0,1,18,4,3.09099,-16.0515,4,0
113,30,1,2,9,4,-11.9299,-15.463,3,0.504724
113,29,1,3,14,3,-14.9317,13.0919,3,0.0899037
113,33,0,1,17,4,2.19244,0.200636,4,0.456837
113,31,1,2,18,4,3.40582,-17.2878,3,0
113,35,-1,0,11,3,-17.6636,18.8847,1,0.424928
113,30,1,3,9,4,-9.90855,-14.9141,3,0.46895
113,29,0,4,14,3,-14.4567,15.4444,0,0.159928
113,33,1,2,17,4,2.59902,-1.00565,3,0.379463
113,31,1,3,18,4,4.22224,-15.3985,3,0
113,35,0,1,11,3,-18.1325,19.82,4,0.413571
113,30,0,4,9,4,-10.8681,-16.5929,2,0.389653
113,29,4,5,14,3,-13.7673,16.5276,0,0.169204
113,33,1,3,17,4,3.39195,0.75371,3,0.387682
113,35,1,2,11,3,-18.5017,18.5774,3,0.413066
113,30,4,5,9,4,-10.9193,-17.607,3,0.365
113,27,4,5,23,4,3.834,3.8538,3,0.473947
113,28,1,2,24,2,2.46984,-12.0279,3,0.4219
113,29,5,6,14,3,-13.0195,17.5308,0,0.174506
113,33,0,4,17,4,3.9832,-0.718775,2,0.392586
113,35,1,3,11,3,-16.8067,19.9034,3,0.412248
113,37,-1,0,30,4,-10.6485,-14.7436,1,1.19409
113,38,-1,0,27,4,2.09307,4.6284,1,0.940845
113,33,4,5,17,4,4.60555,-1.3061,3,0.389041
113,29,6,7,14,3,-11.7899,17.8666,0,0.176956
113,35,0,4,11,3,-17.1046,17.7385,0,0.429393
113,37,0,1,30,4,-11.0657,-13.7439,4,1.19954
113,38,0,1,27,4,1.02325,4.39688,4,0.945956
113,40,-1,0,33,4,2.8346,0.47902,1,0.4116
113,35,4,5,11,3,-16.1055,16.789,0,0.429598
113,37,1,2,30,4,-11.9099,-14.6966,3,1.19949
113,28,1,3,24,2,0.839561,-11.2415,3,0.482559
113,35,5,6,11,3,-15.0412,17.4159,0,0.428161
113,37,1,3,30,4,-9.85597,-14.1147,3,1.19986
113,38,1,2,27,4,1.93377,3.50517,3,0.942088
113,35,6,7,11,3,-13.9043,17.9501,0,0.426965
113,37,0,4,30,4,-10.1525,-15.6468,2,1.18131
113,39,-1,0,22,2,-3.30892,-5.72646,1,0.353333
113,41,-1,0,9,4,-4.00746,-23.2234,1,0.369466
113,41,0,1,9,4,-4.47635,-22.2775,4,0.363067
113,42,-1,0,17,4,6.91509,2.42083,1,0.485904
113,43,-1,0,23,4,3.14078,7.08659,1,0.404565
113,41,1,2,9,4,-4.6823,-23.5697,3,0.369467
113,42,0,1,17,4,5.85921,2.14309,4,0.458182
113,43,0,1,23,4,2.19416,7.53135,4,0.390957
113,42,1,2,17,4,6.70793,1.25345,3,0.444823
113,44,-1,0,24,2,7.34209,-11.3901,1,0.423667
113,43,1,2,23,4,2.50686,6.34347,3,0.381416
113,38,1,3,27,4,1.35076,5.61569,3,0.942153
113,42,1,3,17,4,6.39111,3.27633,3,0.463387
113,44,0,1,24,2,8.04549,-11.9755,4,0.450467
113,42,0,4,17,4,7.78432,2.9303,2,0.585454
113,4,0,3,0,1,-12.4888,-8.9255,8,1.40556
113,36,-1,0,1,2,10.8772,-3.18302,1,0.508667
113,45,-1,0,4,1,-11.0941,-9.45103,1,0.518533
114,0,-1,0,4294967295,1,-13.5069,-8.07382,1,0.433176
114,0,0,1,4294967295,1,-12.6988,-7.83331,8,1.28674
114,0,0,2,4294967295,1,-14.0842,-7.46468,8,1.33672
114,0,0,3,4294967295,1,-13.8019,-8.85357,8,1.31522
114,1,-1,0,4294967295,2,11.6738,-2.12865,1,0.47443
114,1,0,1,4294967295,2,11.9939,-1.26052,4,0.5197
114,1,1,2,4294967295,2,10.8714,-1.94915,3,0.506423
114,1,1,3,4294967295,2,12.6694,-2.38374,3,0.594872
114,6,-1,0,2,3,-7.92242,11.4455,1,0.332613
114,7,-1,0,3,4,8.81343,9.75189,1,0.30363
114,4,-1,0,0,1,-11.5722,-9.45407,1,0.7158
114,7,0,1,3,4,9.88604,9.887,4,0.445738
114,7,1,2,3,4,8.8787,10.7035,3,0.368004
114,7,1,3,3,4,9.28909,8.80398,3,0.444076
114,6,0,4,2,3,-9.16135,11.2769,0,0.437549
114,7,0,4,3,4,7.75428,9.50818,2,0.25468
114,6,4,5,2,3,-10.4829,11.3361,0,0.307966
114,7,4,5,3,4,6.79669,9.34359,3,0.244745
114,6,5,6,2,3,-11.6826,10.8823,0,0.287578
114,9,-1,0,7,4,-3.53708,-22.6674,1,0.351278
114,6,6,7,2,3,-12.957,11.0249,0,0.259819
114,6,7,8,2,3,-14.1809,10.6428,0,0.239424
114,11,-1,0,6,3,-17.0372,18.4869,1,0.299939
114,11,0,1,6,3,-17.4549,19.4063,4,0.26048
114,9,0,1,7,4,-3.36072,-23.66,4,0.335044
114,11,1,2,6,3,-17.7801,18.1123,3,0.255907
114,11,1,3,6,3,-16.1581,19.2248,3,0.24548
114,11,0,4,6,3,-16.6488,17.2297,0,0.339521
114,4,0,1,0,1,-11.406,-10.2655,8,2.32536
114,11,4,5,6,3,-16.3442,15.8052,0,0.377593
114,11,5,6,6,3,-15.5919,14.6079,0,0.411725
114,11,6,7,6,3,-14.9985,13.3467,0,0.438225
114,9,1,2,7,4,-2.47683,-22.7343,3,0.324899
114,11,7,8,6,3,-13.8205,12.4495,0,0.452919
114,14,-1,0,11,3,-14.7909,14.4436,1,0.320813
114,14,0,1,11,3,-15.6382,13.8993,4,0.282498
114,14,1,2,11,3,-14.3441,13.6349,3,0.276025
114,14,1,3,11,3,-15.4995,15.2491,3,0.272601
114,14,0,4,11,3,-13.7299,15.0861,0,0.36302
114,4,0,2,0,1,-10.887,-8.96039,8,2.38215
114,9,1,3,7,4,-4.50581,-22.9916,3,0.340702
114,9,0,4,7,4,-3.74511,-21.6152,2,0.359776
114,14,4,5,11,3,-12.4278,14.9229,0,0.407679
114,9,4,5,7,4,-3.73975,-20.2362,3,0.359252
114,17,-1,0,3,4,7.80447,2.6143,1,0.390669
114,18,-1,0,9,4,4.71018,-15.9303,1,0.138076
114,17,0,1,3,4,8.52136,3.40235,4,0.453259
114,17,1,2,3,4,7.31899,3.77621,3,0.397779
114,17,1,3,3,4,8.4641,2.13669,3,0.387812
114,17,0,4,3,4,7.56507,1.68727,2,0.372589
114,17,4,5,3,4,7.25598,0.974641,3,0.363906
114,18,0,1,9,4,5.70317,-16.2026,4,0.119985
114,20,0,4,7,4,9.45983,10.3913,2,0
114,22,-1,0,1,2,-4.35773,-6.42902,1,0.320311
114,22,0,1,1,2,-5.24174,-6.13016,4,0.317736
114,23,-1,0,17,4,3.31709,8.21478,1,0.457337
114,18,1,2,9,4,5.0943,-15.0858,3,0.135641
114,22,1,2,1,2,-4.5479,-7.24248,3,0.32646
114,23,0,1,17,4,3.23163,9.28464,4,0.455737
114,18,1,3,9,4,4.69872,-16.9831,3,0.10023
114,22,1,3,1,2,-4.15702,-5.41145,3,0.316239
114,23,1,2,17,4,2.5979,8.23687,3,0.470695
114,24,-1,0,22,2,7.63063,-10.2415,1,0.28085
114,18,0,4,9,4,3.70299,-15.6835,2,0.167785
114,23,1,3,17,4,4.30415,8.62623,3,0.445091
114,14,5,6,11,3,-11.1676,14.7919,0,0.450099
114,24,0,1,22,2,8.24344,-9.4954,4,0.377737
114,18,4,5,9,4,2.94444,-15.3364,3,0.333256
114,23,0,4,17,4,3.52533,7.23831,2,0.451739
114,24,1,2,22,2,6.94144,-9.71262,3,0.430852
114,23,4,5,17,4,3.49919,6.22496,3,0.44504
114,14,6,7,11,3,-10.3085,13.8516,0,0.483007
114,24,1,3,22,2,8.377,-10.7995,3,0.417457
114,27,-1,0,23,4,2.01677,5.60508,1,0.381031
114,28,-1,0,24,2,1.4511,-12.1114,1,0.436812
114,14,7,8,11,3,-9.19823,13.2352,0,0.500462
114,27,0,1,23,4,1.16299,6.26471,4,0.339666
114,27,1,2,23,4,1.12054,4.97762,3,0.355584
114,28,0,1,24,2,1.09233,-12.9598,4,0.569892
114,29,-1,0,14,3,-14.0214,14.1393,1,0.127215
114,27,1,3,23,4,2.34958,6.55538,3,0.3076
114,30,-1,0,9,4,-11.349,-14.7448,1,0.451883
114,29,0,1,14,3,-13.3586,13.2741,4,0.113492
114,27,0,4,23,4,2.86457,4.918,2,0.513843
114,30,0,1,9,4,-11.513,-13.7632,4,0.535119
114,29,1,2,14,3,-13.1585,14.5485,3,0.149682
114,33,-1,0,17,4,2.74825,0.080474,1,0.431647
114,30,1,2,9,4,-12.3187,-14.7547,3,0.506471
114,29,1,3,14,3,-14.4479,12.5496,3,0.0699651
114,33,0,1,17,4,1.70916,0.29797,4,0.445528
114,35,-1,0,11,3,-17.7735,18.8533,1,0.397996
114,30,1,3,9,4,-10.4427,-14.5302,3,0.545577
114,29,0,4,14,3,-14.5286,15.3054,0,0.138063
114,33,1,2,17,4,2.33235,-0.78531,3,0.402805
114,35,0,1,11,3,-18.357,19.724,4,0.38343
114,30,0,4,9,4,-11.0016,-15.6887,2,0.396531
114,29,4,5,14,3,-13.9478,16.4904,0,0.147101
114,33,1,3,17,4,2.82742,0.942515,3,0.508222
114,35,1,2,11,3,-18.6471,18.4603,3,0.380322
114,30,4,5,9,4,-10.8683,-16.4369,3,0.371178
114,27,4,5,23,4,3.56182,3.93383,3,0.449719
114,28,1,2,24,2,2.23759,-12.3318,3,0.425871
114,29,5,6,14,3,-13.1645,17.4959,0,0.153354
114,33,0,4,17,4,3.81955,-0.166091,2,0.413479
114,35,1,3,11,3,-17.0473,19.9681,3,0.383118
114,37,-1,0,30,4,-10.9311,-14.0858,1,1.19966
114,38,-1,0,27,4,1.80071,4.83728,1,0.955547
114,33,4,5,17,4,5.09235,-0.779199,3,0.395533
114,29,6,7,14,3,-12.124,18.137,0,0.156449
114,35,0,4,11,3,-17.0435,17.807,0,0.406339
114,37,0,1,30,4,-11.0466,-13.0681,4,1.19954
114,38,0,1,27,4,0.848808,4.33822,4,1.02172
114,40,-1,0,33,4,2.2161,0.710494,1,0.3956
114,35,4,5,11,3,-15.9834,16.9333,0,0.410183
114,37,1,2,30,4,-12.1511,-13.7593,3,1.19404
114,28,1,3,24,2,0.555562,-11.738,3,0.594804
114,35,5,6,11,3,-14.8374,17.3144,0,0.411472
114,37,1,3,30,4,-10.0249,-13.8539,3,1.19986
114,38,1,2,27,4,2.0529,3.94682,3,0.944219
114,35,6,7,11,3,-13.7699,17.7759,0,0.41171
114,37,0,4,30,4,-10.7056,-15.1159,2,1.18479
114,39,-1,0,22,2,-3.56564,-6.23498,1,0.337333
114,41,-1,0,9,4,-3.98561,-23.3699,1,0.3428
114,41,0,1,9,4,-4.17602,-22.3838,4,0.3364
114,42,-1,0,17,4,6.90837,2.70125,1,0.519166
114,43,-1,0,23,4,2.6647,7.57575,1,0.40454
114,41,1,2,9,4,-4.90539,-23.496,3,0.3428
114,42,0,1,17,4,5.85617,2.45699,4,0.497231
114,43,0,1,23,4,2.06292,8.43718,4,0.394669
114,42,1,2,17,4,6.81631,1.66575,3,0.495015
114,44,-1,0,24,2,7.91567,-11.1787,1,0.468642
114,43,1,2,23,4,1.69312,7.20839,3,0.386118
114,38,1,3,27,4,0.869768,5.62799,3,0.938007
114,42,1,3,17,4,6.52812,3.50274,3,0.484866
114,44,0,1,24,2,7.63651,-12.1284,4,0.537956
114,42,0,4,17,4,7.83216,3.12798,2,0.528506
114,4,0,3,0,1,-12.3557,-9.17585,8,1.8359
114,36,-1,0,1,2,11.2338,-2.8041,1,0.492667
114,45,-1,0,4,1,-10.8511,-9.82246,1,0.622533
114,44,1,2,24,2,8.69173,-11.3467,3,0.673269
115,0,-1,0,4294967295,1,-13.7245,-7.95616,1,0.429056
115,0,0,1,4294967295,1,-12.8913,-7.81456,8,1.27761
115,0,0,2,4294967295,1,-14.2375,-7.29408,8,1.3069
115,0,0,3,4294967295,1,-14.1218,-8.68562,8,1.2943
115,1,-1,0,4294967295,2,12.0196,-1.81508,1,0.489758
115,1,0,1,4294967295,2,12.1145,-0.887927,4,0.502496
115,1,1,2,4294967295,2,11.1885,-1.807,3,0.489305
115,1,1,3,4294967295,2,13.0294,-1.82334,3,0.621843
115,6,-1,0,2,3,-7.92289,11.461,1,0.339117
115,7,-1,0,3,4,9.37723,9.70447,1,0.425208
115,4,-1,0,0,1,-11.3671,-9.65077,1,0.658945
115,7,0,1,3,4,10.2274,10.1619,4,0.625006
115,7,1,2,3,4,8.99104,10.5089,3,0.532477
115,7,1,3,3,4,9.74116,8.9752,3,0.555844
115,6,0,4,2,3,-9.16008,11.28,0,0.32974
115,7,0,4,3,4,8.50551,9.30309,2,0.305157
115,6,4,5,2,3,-10.4831,11.3308,0,0.309081
115,7,4,5,3,4,7.71851,9.25246,3,0.25772
115,6,5,6,2,3,-11.6803,10.8668,0,0.28535
115,9,-1,0,7,4,-3.46074,-22.5867,1,0.322878
115,6,6,7,2,3,-12.9597,10.9731,0,0.282058
115,6,7,8,2,3,-14.1704,10.5454,0,0.343605
115,11,-1,0,6,3,-17.1778,18.5514,1,0.283003
115,11,0,1,6,3,-17.7177,19.4105,4,0.24527
115,9,0,1,7,4,-3.4122,-23.6218,4,0.307046
115,11,1,2,6,3,-17.9245,18.0918,3,0.241026
115,11,1,3,6,3,-16.4457,19.1228,3,0.231241
115,11,0,4,6,3,-16.5702,17.4143,0,0.319987
115,4,0,1,0,1,-11.2425,-10.4937,8,2.07993
115,11,4,5,6,3,-16.2692,15.9891,0,0.354197
115,11,5,6,6,3,-15.6909,14.6944,0,0.383343
115,11,6,7,6,3,-15.3436,13.2569,0,0.404825
115,9,1,2,7,4,-2.52499,-22.7238,3,0.300714
115,11,7,8,6,3,-14.4287,12.0875,0,0.416281
115,14,-1,0,11,3,-14.6375,14.3265,1,0.308447
115,14,0,1,11,3,-15.6634,14.0091,4,0.270632
115,14,1,2,11,3,-14.5858,13.431,3,0.265165
115,14,1,3,11,3,-15.2117,15.2665,3,0.259895
115,14,0,4,11,3,-13.6197,15.0465,0,0.347731
115,4,0,2,0,1,-10.7345,-9.11235,8,2.1132
115,9,1,3,7,4,-4.43376,-22.8179,3,0.30918
115,9,0,4,7,4,-3.58723,-21.5726,2,0.331596
115,14,4,5,11,3,-12.327,14.9916,0,0.386036
115,9,4,5,7,4,-3.54057,-20.8041,3,0.332765
115,17,-1,0,3,4,7.91889,2.97615,1,0.394207
115,18,-1,0,9,4,4.91074,-15.8069,1,0.157155
115,17,0,1,3,4,8.57542,3.79565,4,0.418793
115,17,1,2,3,4,7.29342,3.97366,3,0.392985
115,17,1,3,3,4,8.57698,2.51267,3,0.481317
115,17,0,4,3,4,7.63379,1.98499,2,0.37275
115,17,4,5,3,4,6.93035,0.774276,3,0.356514
115,18,0,1,9,4,5.89273,-15.8138,4,0.108617
115,20,0,4,7,4,9.86054,10.9952,2,0
115,22,-1,0,1,2,-4.78225,-6.40792,1,0.295347
115,22,0,1,1,2,-5.67771,-6.20869,4,0.288737
115,23,-1,0,17,4,2.97612,8.77865,1,0.16475
115,18,1,2,9,4,4.93603,-14.9402,3,0.108202
115,22,1,2,1,2,-4.82005,-7.20368,3,0.292445
115,23,0,1,17,4,2.68494,9.8476,4,0.355749
115,18,1,3,9,4,4.8768,-16.5775,3,0.0850316
115,22,1,3,1,2,-4.59786,-5.46462,3,0.290155
115,23,1,2,17,4,2.20835,8.72204,3,0.422754
115,24,-1,0,22,2,8.00309,-10.1131,1,0.339393
115,18,0,4,9,4,3.9186,-15.8262,2,0.216688
115,23,1,3,17,4,3.75216,9.21974,3,0.396201
115,14,5,6,11,3,-11.085,14.9333,0,0.419995
115,24,0,1,22,2,8.43209,-9.25893,4,0.370152
115,18,4,5,9,4,3.03996,-15.5665,3,0.26672
115,23,0,4,17,4,3.20412,7.76925,2,0.357038
115,24,1,2,22,2,7.19614,-9.71951,3,0.362427
115,23,4,5,17,4,3.09366,6.45819,3,0.413241
115,14,6,7,11,3,-10.1691,14.0546,0,0.445634
115,24,1,3,22,2,9.48528,-10.1341,3,0.435551
115,27,-1,0,23,4,1.47834,5.60951,1,0.391949
115,28,-1,0,24,2,1.24854,-12.552,1,0.528901
115,14,7,8,11,3,-9.01001,13.5293,0,0.459457
115,27,0,1,23,4,0.622128,6.10386,4,0.389214
115,27,1,2,23,4,0.825671,4.82037,3,0.351009
115,28,0,1,24,2,0.78567,-13.3543,4,0.642171
115,29,-1,0,14,3,-13.7647,14.0396,1,0.100479
115,27,1,3,23,4,1.80636,6.5927,3,0.319018
115,30,-1,0,9,4,-11.591,-13.9627,1,0.478808
115,29,0,1,14,3,-12.8946,13.3811,4,0.07676
115,27,0,4,23,4,2.34283,5.14593,2,0.410334
115,30,0,1,9,4,-11.4405,-12.9114,4,0.518591
115,29,1,2,14,3,-13.0562,14.6546,3,0.0940428
115,33,-1,0,17,4,2.42643,0.23138,1,0.482087
115,30,1,2,9,4,-12.4467,-13.6459,3,0.493046
115,29,1,3,14,3,-14.0714,13.1027,3,0.0425844
115,33,0,1,17,4,1.41956,0.376091,4,0.552133
115,35,-1,0,11,3,-17.9363,18.8136,1,0.37214
115,30,1,3,9,4,-10.6986,-13.9759,3,0.672382
115,29,0,4,14,3,-14.4095,15.0878,0,0.116019
115,33,1,2,17,4,2.09853,-0.698109,3,0.446609
115,35,0,1,11,3,-18.5319,19.655,4,0.355571
115,30,0,4,9,4,-11.4363,-15.0553,2,0.431892
115,29,4,5,14,3,-13.7094,16.2104,0,0.126142
115,33,1,3,17,4,2.48976,1.12856,3,0.505043
115,35,1,2,11,3,-18.7756,18.3735,3,0.352083
115,30,4,5,9,4,-11.1684,-16.4097,3,0.39727
115,27,4,5,23,4,2.82868,4.70743,3,0.420716
115,28,1,2,24,2,2.0018,-12.8851,3,0.650214
115,29,5,6,14,3,-13.1138,17.3897,0,0.132451
115,33,0,4,17,4,3.44204,0.2069,2,0.477903
115,35,1,3,11,3,-17.2146,19.8979,3,0.354831
115,37,-1,0,30,4,-11.0501,-13.3905,1,1.19971
115,38,-1,0,27,4,1.41242,4.79406,1,1.07348
115,33,4,5,17,4,4.16889,0.0623584,3,0.480555
115,29,6,7,14,3,-12.141,18.2815,0,0.135534
115,35,0,4,11,3,-17.1688,17.798,0,0.383127
115,37,0,1,30,4,-10.8774,-12.3642,4,1.19961
115,38,0,1,27,4,0.665071,4.02057,4,0.974006
115,40,-1,0,33,4,1.91951,0.843778,1,0.557377
115,35,4,5,11,3,-16.0541,16.9569,0,0.389618
115,37,1,2,30,4,-12.105,-12.791,3,1.1995
115,28,1,3,24,2,0.415369,-12.0748,3,0.560147
115,35,5,6,11,3,-14.9178,17.4924,0,0.392998
115,37,1,3,30,4,-10.1902,-13.428,3,1.19986
115,38,1,2,27,4,1.91196,4.13284,3,0.943607
115,35,6,7,11,3,-13.7185,17.9044,0,0.39438
115,37,0,4,30,4,-11.135,-14.447,2,1.18884
115,39,-1,0,22,2,-4.02597,-6.68268,1,0.321333
115,41,-1,0,9,4,-3.98616,-23.1596,1,0.332464
115,41,0,1,9,4,-4.34617,-22.1852,4,0.346882
115,42,-1,0,17,4,7.0558,3.08527,1,0.516768
115,43,-1,0,23,4,2.34984,8.32662,1,0.374211
115,41,1,2,9,4,-4.88187,-23.3812,3,0.382265
115,42,0,1,17,4,6.07082,2.61486,4,0.473288
115,43,0,1,23,4,1.80794,9.27192,4,0.385987
115,42,1,2,17,4,7.08108,1.92138,3,0.470444
115,44,-1,0,24,2,7.42917,-10.7207,1,0.515053
115,43,1,2,23,4,1.53377,8.03866,3,0.364244
115,38,1,3,27,4,0.334637,5.27265,3,0.960529
115,42,1,3,17,4,6.47503,3.7856,3,0.458298
115,44,0,1,24,2,7.481,-11.7139,4,0.52889
115,42,0,4,17,4,7.895,3.70578,2,0.578662
115,4,0,3,0,1,-12.0571,-9.18048,8,1.79313
115,36,-1,0,1,2,11.6308,-2.52637,1,0.476667
115,45,-1,0,4,1,-10.583,-9.86329,1,0.349757
115,44,1,2,24,2,8.34534,-10.806,3,0.555924
115,45,0,1,4,1,-9.74221,-9.9801,8,0.88251
115,43,1,3,23,4,3.06021,9.12556,3,0.476479
116,0,-1,0,4294967295,1,-13.881,-7.8743,1,0.422666
116,0,0,1,4294967295,1,-13.0401,-7.80252,8,1.26475
116,0,0,2,4294967295,1,-14.3371,-7.17276,8,1.28191
116,0,0,3,4294967295,1,-14.339,-8.56631,8,1.27453
116,1,-1,0,4294967295,2,12.1967,-1.48089,1,0.492616
116,1,0,1,4294967295,2,12.1845,-0.558489,4,0.494632
116,1,1,2,4294967295,2,11.3803,-1.60061,3,0.492156
116,1,1,3,4294967295,2,13.2112,-1.36875,3,0.510789
116,6,-1,0,2,3,-7.9314,11.4738,1,0.313828
116,7,-1,0,3,4,10.0059,9.87787,1,0.507462
116,4,-1,0,0,1,-11.141,-9.7207,1,0.624029
116,7,0,1,3,4,10.9291,10.3965,4,0.676479
116,7,1,2,3,4,9.71345,10.6754,3,0.765819
116,7,1,3,3,4,10.5316,9.20495,3,0.811128
116,6,0,4,2,3,-9.16533,11.2743,0,0.315389
116,7,0,4,3,4,9.06712,9.34225,2,0.383135
116,6,4,5,2,3,-10.4864,11.323,0,0.323151
116,7,4,5,3,4,7.75623,8.8843,3,0.31921
116,6,5,6,2,3,-11.681,10.8608,0,0.331079
116,9,-1,0,7,4,-3.45743,-22.735,1,0.294559
116,6,6,7,2,3,-12.9588,10.9506,0,0.319636
116,6,7,8,2,3,-14.1461,10.468,0,0.309868
116,11,-1,0,6,3,-17.3707,18.5598,1,0.264858
116,11,0,1,6,3,-17.9914,19.3688,4,0.229341
116,9,0,1,7,4,-3.4967,-23.66,4,0.279365
116,11,1,2,6,3,-18.1183,18.0339,3,0.225802
116,11,1,3,6,3,-16.687,19.3157,3,0.216408
116,11,0,4,6,3,-16.6811,17.4826,0,0.299032
116,4,0,1,0,1,-11.0943,-10.5575,8,1.88584
116,11,4,5,6,3,-16.3468,16.092,0,0.32987
116,11,5,6,6,3,-15.7407,14.8351,0,0.355447
116,11,6,7,6,3,-15.6409,13.4189,0,0.373848
116,9,1,2,7,4,-2.64987,-22.7331,3,0.275998
116,11,7,8,6,3,-15.2175,12.2184,0,0.383497
116,14,-1,0,11,3,-14.4402,14.3071,1,0.295021
116,14,0,1,11,3,-15.3909,13.9996,4,0.25809
116,14,1,2,11,3,-14.187,13.4745,3,0.254888
116,14,1,3,11,3,-14.9858,15.2245,3,0.245657
116,14,0,4,11,3,-13.3917,14.8901,0,0.337105
116,4,0,2,0,1,-10.2975,-9.33572,8,2.16354
116,9,1,3,7,4,-4.38072,-22.7211,3,0.279584
116,9,0,4,7,4,-3.46397,-21.7846,2,0.302551
116,14,4,5,11,3,-12.0899,15.0051,0,0.388846
116,9,4,5,7,4,-3.22923,-20.8428,3,0.304142
116,17,-1,0,3,4,7.95673,3.11004,1,0.379388
116,18,-1,0,9,4,5.18269,-15.6712,1,0.156181
116,17,0,1,3,4,8.58732,4.00264,4,0.404635
116,17,1,2,3,4,7.33073,4.15197,3,0.44482
116,17,1,3,3,4,8.88867,2.77252,3,0.409836
116,17,0,4,3,4,7.64457,2.1442,2,0.363306
116,17,4,5,3,4,7.25153,1.4401,3,0.352206
116,18,0,1,9,4,6.16579,-15.3248,4,0.0995545
116,20,0,4,7,4,10.1798,11.536,2,0
116,22,-1,0,1,2,-5.10704,-6.43512,1,0.267626
116,22,0,1,1,2,-6.0068,-6.20612,4,0.260275
116,23,-1,0,17,4,2.68838,9.27016,1,0.413061
116,18,1,2,9,4,4.96081,-14.9018,3,0.0955309
116,22,1,2,1,2,-5.21548,-7.25427,3,0.262455
116,23,0,1,17,4,2.14675,10.1897,4,0.327079
116,18,1,3,9,4,5.70631,-16.4906,3,0.0713813
116,22,1,3,1,2,-4.95139,-5.44187,3,0.262279
116,23,1,2,17,4,1.3724,9.11232,3,0.338532
116,24,-1,0,22,2,8.40719,-9.77075,1,0.423392
116,18,0,4,9,4,4.12794,-15.8486,2,0.21871
116,23,1,3,17,4,3.41431,9.95932,3,0.31402
116,14,5,6,11,3,-10.8816,15.0799,0,0.438789
116,24,0,1,22,2,8.41661,-8.81718,4,0.436887
116,18,4,5,9,4,2.77804,-15.7095,3,0.266168
116,23,0,4,17,4,2.93741,8.26114,2,0.329718
116,24,1,2,22,2,7.49742,-9.71653,3,0.415807
116,23,4,5,17,4,2.8885,7.57079,3,0.328652
116,14,6,7,11,3,-9.95252,14.2345,0,0.438877
116,24,1,3,22,2,9.32056,-9.77496,3,0.466349
116,27,-1,0,23,4,0.686514,5.58867,1,0.35994
116,28,-1,0,24,2,1.05946,-13.1309,1,0.811983
116,14,7,8,11,3,-8.77758,13.7721,0,0.43327
116,27,0,1,23,4,-0.346035,5.82901,4,0.331633
116,27,1,2,23,4,0.383105,4.75237,3,0.337657
116,28,0,1,24,2,0.283096,-13.6429,4,0.797513
116,29,-1,0,14,3,-13.5988,14.0263,1,0.0698941
116,27,1,3,23,4,0.737578,6.43459,3,0.308879
116,30,-1,0,9,4,-11.6101,-13.4074,1,0.485207
116,29,0,1,14,3,-12.7136,13.4285,4,0.0397802
116,27,0,4,23,4,1.71346,5.39574,2,0.377884
116,30,0,1,9,4,-11.3535,-12.3851,4,0.54505
116,29,1,2,14,3,-12.7438,14.7205,3,0.0422758
116,33,-1,0,17,4,1.88548,0.433169,1,0.516164
116,30,1,2,9,4,-12.5694,-12.7387,3,0.506558
116,29,1,3,14,3,-13.6832,12.5921,3,0.0115933
116,33,0,1,17,4,0.934733,0.30665,4,0.523491
116,35,-1,0,11,3,-18.1376,18.7721,1,0.34717
116,30,1,3,9,4,-10.5808,-13.4296,3,0.644492
116,29,0,4,14,3,-14.2198,15.0834,0,0.0899627
116,33,1,2,17,4,1.99067,-0.43066,3,0.476004
116,35,0,1,11,3,-18.7271,19.6243,4,0.329254
116,30,0,4,9,4,-11.759,-14.4944,2,0.440668
116,29,4,5,14,3,-13.617,16.2254,0,0.102892
116,33,1,3,17,4,1.90677,1.18924,3,0.477338
116,35,1,2,11,3,-18.8921,18.3384,3,0.326537
116,30,4,5,9,4,-12.0803,-15.3096,3,0.415967
116,27,4,5,23,4,2.92092,4.8559,3,0.383578
116,28,1,2,24,2,1.57871,-13.7996,3,0.841106
116,29,5,6,14,3,-13.1475,17.3729,0,0.110621
116,33,0,4,17,4,2.86969,0.58795,2,0.540858
116,35,1,3,11,3,-17.3911,19.7224,3,0.327219
116,37,-1,0,30,4,-10.9751,-12.8834,1,1.19066
116,38,-1,0,27,4,1.07766,4.84695,1,0.981879
116,33,4,5,17,4,3.86622,0.469261,3,0.57429
116,29,6,7,14,3,-12.2269,18.2361,0,0.114245
116,35,0,4,11,3,-17.3295,17.7905,0,0.359975
116,37,0,1,30,4,-10.6342,-11.8606,4,1.19883
116,38,0,1,27,4,0.375558,4.02649,4,0.974755
116,40,-1,0,33,4,1.25695,0.983826,1,0.541377
116,35,4,5,11,3,-16.0975,17.0838,0,0.368339
116,37,1,2,30,4,-11.9085,-11.911,3,1.19949
116,28,1,3,24,2,0.412538,-12.3095,3,0.750899
116,35,5,6,11,3,-14.9218,17.6133,0,0.373236
116,37,1,3,30,4,-10.0144,-12.953,3,1.19364
116,38,1,2,27,4,1.63016,3.823,3,0.933543
116,35,6,7,11,3,-13.6895,17.9475,0,0.375462
116,37,0,4,30,4,-11.1526,-13.9303,2,1.18612
116,39,-1,0,22,2,-4.47049,-6.93453,1,0.305333
116,41,-1,0,9,4,-4.08851,-23.1915,1,0.323328
116,41,0,1,9,4,-4.27321,-22.1444,4,0.320158
116,42,-1,0,17,4,7.06401,3.18921,1,0.489289
116,43,-1,0,23,4,2.07506,8.95063,1,0.397064
116,41,1,2,9,4,-4.93614,-23.2553,3,0.32665
116,42,0,1,17,4,6.02822,2.8903,4,0.456199
116,43,0,1,23,4,1.48313,9.75999,4,0.395362
116,42,1,2,17,4,6.94115,2.05955,3,0.45475
116,44,-1,0,24,2,7.87041,-10.4148,1,0.502861
116,43,1,2,23,4,1.31184,8.43425,3,0.392312
116,38,1,3,27,4,0.070917,5.27745,3,1.04063
116,42,1,3,17,4,6.46996,4.06581,3,0.438824
116,44,0,1,24,2,7.10106,-10.998,4,0.496825
116,42,0,4,17,4,7.94973,3.68206,2,0.509597
116,4,0,3,0,1,-11.8644,-9.3007,8,1.71779
116,36,-1,0,1,2,12.0885,-2.2775,1,0.460667
116,45,-1,0,4,1,-10.5026,-10.0124,1,0.247513
116,44,1,2,24,2,8.40165,-10.9013,3,0.495953
116,45,0,1,4,1,-9.67472,-9.96197,8,0.861126
116,43,1,3,23,4,2.76218,9.91913,3,0.400052
116,45,0,2,4,1,-11.0388,-9.24625,8,0.600562
117,0,-1,0,4294967295,1,-13.9945,-7.81639,1,0.416266
117,0,0,1,4294967295,1,-13.1519,-7.79369,8,1.24927
117,0,0,2,4294967295,1,-14.4016,-7.0856,8,1.25933
117,0,0,3,4294967295,1,-14.4875,-8.48458,8,1.255
117,1,-1,0,4294967295,2,12.331,-1.16757,1,0.47195
117,1,0,1,4294967295,2,12.1337,-0.269994,4,0.466519
117,1,1,2,4294967295,2,11.5788,-1.46051,3,0.46694
117,1,1,3,4294967295,2,13.2742,-0.916781,3,0.472396
117,6,-1,0,2,3,-7.93545,11.4773,1,0.30657
117,7,-1,0,3,4,10.4424,9.99747,1,0.585582
117,4,-1,0,0,1,-11.2851,-9.88807,1,0.552383
117,7,0,1,3,4,11.3364,10.5358,4,0.813928
117,7,1,2,3,4,10.1949,11.1058,3,0.728415
117,7,1,3,3,4,11.2566,9.27554,3,0.996928
117,6,0,4,2,3,-9.16922,11.2774,0,0.315006
117,7,0,4,3,4,9.57491,9.42383,2,0.463068
117,6,4,5,2,3,-10.4896,11.3233,0,0.329489
117,7,4,5,3,4,8.81922,9.13121,3,0.399513
117,6,5,6,2,3,-11.6796,10.8522,0,0.338457
117,9,-1,0,7,4,-3.51282,-22.6241,1,0.278444
117,6,6,7,2,3,-12.9573,10.927,0,0.329478
117,6,7,8,2,3,-14.1325,10.4183,0,0.317952
117,11,-1,0,6,3,-17.5417,18.5969,1,0.245986
117,11,0,1,6,3,-18.2128,19.3665,4,0.212763
117,9,0,1,7,4,-3.62723,-23.6538,4,0.254762
117,11,1,2,6,3,-18.2173,18.0292,3,0.210655
117,11,1,3,6,3,-16.8977,19.4436,3,0.200276
117,11,0,4,6,3,-16.8226,17.5272,0,0.277517
117,4,0,1,0,1,-11.5433,-10.7365,8,1.82625
117,11,4,5,6,3,-16.476,16.1657,0,0.305527
117,11,5,6,6,3,-15.9814,14.9289,0,0.328397
117,11,6,7,6,3,-16.1714,13.6311,0,0.344634
117,9,1,2,7,4,-2.64481,-22.8559,3,0.248685
117,11,7,8,6,3,-15.7562,12.3879,0,0.353073
117,14,-1,0,11,3,-14.0738,14.2639,1,0.283468
117,14,0,1,11,3,-15.0058,13.7702,4,0.243821
117,14,1,2,11,3,-13.7899,13.3489,3,0.242434
117,14,1,3,11,3,-14.9806,15.0727,3,0.223785
117,14,0,4,11,3,-13.0662,15.0202,0,0.323096
117,4,0,2,0,1,-10.4333,-9.53725,8,1.88988
117,9,1,3,7,4,-4.50068,-22.6769,3,0.255104
117,9,0,4,7,4,-3.40186,-21.5229,2,0.310076
117,14,4,5,11,3,-11.7684,15.0971,0,0.359675
117,9,4,5,7,4,-2.93777,-20.2655,3,0.343326
117,17,-1,0,3,4,7.9814,3.30495,1,0.362391
117,18,-1,0,9,4,5.29668,-15.4548,1,0.136617
117,17,0,1,3,4,8.62146,4.11953,4,0.367332
117,17,1,2,3,4,7.34827,4.24134,3,0.365529
117,17,1,3,3,4,8.72165,2.83363,3,0.377469
117,17,0,4,3,4,7.79519,2.3613,2,0.351469
117,17,4,5,3,4,7.45156,1.50167,3,0.341663
117,18,0,1,9,4,6.15404,-14.8841,4,0.107177
117,22,-1,0,1,2,-5.46346,-6.49293,1,0.282124
117,22,0,1,1,2,-6.33825,-6.19302,4,0.299087
117,23,-1,0,17,4,2.12831,9.94208,1,0.337318
117,18,1,2,9,4,4.89015,-14.6576,3,0.178238
117,22,1,2,1,2,-5.62562,-7.29843,3,0.279195
117,23,0,1,17,4,1.57024,10.8358,4,0.367042
117,18,1,3,9,4,6.30932,-16.1429,3,0.0630372
117,22,1,3,1,2,-5.25028,-5.47448,3,0.316157
117,23,1,2,17,4,1.07808,9.62005,3,0.319325
117,24,-1,0,22,2,8.23939,-9.39751,1,0.414459
117,18,0,4,9,4,4.35333,-15.8732,2,0.172907
117,23,1,3,17,4,2.85395,10.6514,3,0.316552
117,14,5,6,11,3,-10.5324,15.2203,0,0.388315
117,24,0,1,22,2,8.62334,-8.52194,4,0.426197
117,18,4,5,9,4,3.62581,-15.9901,3,0.192217
117,23,0,4,17,4,2.71323,9.10489,2,0.325581
117,24,1,2,22,2,7.42882,-9.04377,3,0.461331
117,23,4,5,17,4,3.15949,8.00283,3,0.319483
117,14,6,7,11,3,-9.59287,14.3945,0,0.405807
117,24,1,3,22,2,9.15221,-9.73512,3,0.42304
117,27,-1,0,23,4,0.249908,5.43287,1,0.327513
117,28,-1,0,24,2,0.685294,-13.8659,1,0.560162
117,14,7,8,11,3,-8.42983,13.9405,0,0.413267
117,27,0,1,23,4,-0.875595,5.40924,4,0.303042
117,27,1,2,23,4,0.0229179,4.52797,3,0.310412
117,28,0,1,24,2,-0.261425,-13.6954,4,0.732034
117,29,-1,0,14,3,-13.2484,13.9453,1,0.0963811
117,27,1,3,23,4,-0.278587,6.50483,3,0.282163
117,30,-1,0,9,4,-11.5262,-12.6117,1,0.502045
117,29,0,1,14,3,-12.3789,13.277,4,0.0531214
117,27,0,4,23,4,1.32021,5.41219,2,0.34257
117,30,0,1,9,4,-10.9761,-11.7906,4,0.531838
117,29,1,2,14,3,-12.4489,14.5585,3,0.0522724
117,33,-1,0,17,4,1.36539,0.559496,1,0.506802
117,30,1,2,9,4,-12.1922,-12.211,3,0.549787
117,29,1,3,14,3,-13.4288,12.5586,3,0.0124989
117,33,0,1,17,4,0.346894,0.28248,4,0.4934
117,35,-1,0,11,3,-18.3303,18.7372,1,0.322925
117,30,1,3,9,4,-10.5649,-13.0456,3,0.558832
117,29,0,4,14,3,-13.9597,14.9973,0,0.0978664
117,33,1,2,17,4,1.45444,-0.301747,3,0.47095
117,35,0,1,11,3,-18.9918,19.5154,4,0.304263
117,30,0,4,9,4,-12.1098,-13.4089,2,0.464756
117,29,4,5,14,3,-13.6088,16.2524,0,0.091592
117,33,1,3,17,4,1.00922,1.39267,3,0.51193
117,35,1,2,11,3,-19.1023,18.214,3,0.302752
117,30,4,5,9,4,-12.8095,-13.9809,3,0.437529
117,27,4,5,23,4,2.32688,5.15742,3,0.348001
117,28,1,2,24,2,0.362713,-14.8961,3,0.834364
117,29,5,6,14,3,-13.1875,17.4427,0,0.0911206
117,33,0,4,17,4,2.43887,0.770392,2,0.517778
117,35,1,3,11,3,-17.6594,19.7038,3,0.301116
117,37,-1,0,30,4,-10.7761,-12.4113,1,1.19541
117,38,-1,0,27,4,0.572199,4.65813,1,0.982957
117,33,4,5,17,4,3.78002,0.749588,3,0.521218
117,29,6,7,14,3,-12.2193,18.2834,0,0.0927287
117,35,0,4,11,3,-17.4284,17.8519,0,0.336934
117,37,0,1,30,4,-10.2332,-11.5265,4,1.19938
117,38,0,1,27,4,-0.235571,3.89946,4,0.979879
117,40,-1,0,33,4,0.597008,0.862508,1,0.525377
117,35,4,5,11,3,-16.167,17.2412,0,0.346596
117,37,1,2,30,4,-11.5288,-11.4135,3,1.19949
117,28,1,3,24,2,0.642098,-12.696,3,0.748511
117,35,5,6,11,3,-14.9995,17.7326,0,0.352566
117,37,1,3,30,4,-9.83279,-12.743,3,1.18692
117,38,1,2,27,4,1.01558,3.822,3,0.953277
117,35,6,7,11,3,-13.7656,17.9904,0,0.355394
117,37,0,4,30,4,-11.2785,-13.349,2,1.18653
117,39,-1,0,22,2,-4.80829,-6.96085,1,0.289333
117,41,-1,0,9,4,-4.12797,-23.1775,1,0.296383
117,41,0,1,9,4,-4.0013,-22.1691,4,0.28782
117,42,-1,0,17,4,7.07701,3.4019,1,0.453938
117,43,-1,0,23,4,1.65397,9.36855,1,0.399609
117,41,1,2,9,4,-5.10241,-22.8911,3,0.288677
117,42,0,1,17,4,6.05281,3.04886,4,0.429489
117,43,0,1,23,4,0.86602,10.0866,4,0.390424
117,42,1,2,17,4,7.10223,2.39216,3,0.433186
117,44,-1,0,24,2,8.25028,-10.2561,1,0.469701
117,43,1,2,23,4,1.03748,8.78951,3,0.398625
117,38,1,3,27,4,-0.342732,5.14943,3,0.987325
117,42,1,3,17,4,6.55415,4.1866,3,0.412245
117,44,0,1,24,2,7.31021,-10.195,4,0.456418
117,42,0,4,17,4,7.95058,3.92031,2,0.467466
117,4,0,3,0,1,-11.8287,-9.27359,8,1.6287
117,36,-1,0,1,2,12.4323,-1.96432,1,0.444667
117,45,-1,0,4,1,-10.1251,-9.98357,1,0.228505
117,44,1,2,24,2,7.89068,-11.4039,3,0.447205
117,45,0,1,4,1,-9.29392,-9.92492,8,0.875505
117,43,1,3,23,4,2.10288,10.4848,3,0.380201
117,45,0,2,4,1,-10.7008,-9.21037,8,0.634581
117,46,-1,0,28,2,1.52447,-14.011,1,0.51
117,45,0,3,4,1,-10.432,-10.7212,8,0.554743
118,0,-1,0,4294967295,1,-14.0698,-7.77566,1,0.433116
118,0,0,1,4294967295,1,-13.226,-7.78857,8,1.24782
118,0,0,2,4294967295,1,-14.453,-7.03236,8,1.34157
118,0,0,3,4294967295,1,-14.5954,-8.41771,8,1.33335
118,1,-1,0,4294967295,2,12.3849,-0.895496,1,0.475159
118,1,0,1,4294967295,2,12.1128,-0.0143781,4,0.469147
118,1,1,2,4294967295,2,11.653,-1.24567,3,0.470574
118,1,1,3,4294967295,2,13.3097,-0.540331,3,0.470545
118,6,-1,0,2,3,-7.93495,11.4785,1,0.307187
118,7,-1,0,3,4,11.0951,10.334,1,0.428402
118,4,-1,0,0,1,-11.5794,-9.89679,1,0.581448
118,7,0,1,3,4,11.8055,11.0258,4,0.665137
118,7,1,2,3,4,10.5305,10.9769,3,0.786052
118,7,1,3,3,4,11.6879,9.77081,3,0.797659
118,6,0,4,2,3,-9.16979,11.2844,0,0.408358
118,7,0,4,3,4,10.3612,9.67202,2,0.491878
118,6,4,5,2,3,-10.4911,11.326,0,0.314782
118,7,4,5,3,4,9.49379,9.30484,3,0.447826
118,6,5,6,2,3,-11.6772,10.8424,0,0.310594
118,9,-1,0,7,4,-3.44367,-22.5346,1,0.26128
118,6,6,7,2,3,-12.9566,10.9027,0,0.310514
118,6,7,8,2,3,-14.1304,10.3887,0,0.309515
118,11,-1,0,6,3,-17.7428,18.6591,1,0.226664
118,11,0,1,6,3,-18.488,19.346,4,0.195568
118,9,0,1,7,4,-3.72721,-23.47,4,0.235907
118,11,1,2,6,3,-18.3552,18.0098,3,0.19525
118,11,1,3,6,3,-17.1936,19.4773,3,0.183051
118,11,0,4,6,3,-16.9342,17.679,0,0.255845
118,4,0,1,0,1,-12.2051,-10.4808,8,1.77674
118,11,4,5,6,3,-16.7317,16.3552,0,0.281476
118,11,5,6,6,3,-16.2562,15.1571,0,0.302191
118,11,6,7,6,3,-16.4476,13.8823,0,0.316776
118,9,1,2,7,4,-2.57165,-22.9036,3,0.229185
118,11,7,8,6,3,-16.1653,12.6281,0,0.324316
118,14,-1,0,11,3,-13.7879,13.9266,1,0.265281
118,14,0,1,11,3,-14.491,13.123,4,0.222208
118,14,1,2,11,3,-13.2251,13.3403,3,0.224988
118,14,1,3,11,3,-14.9737,14.3194,3,0.190403
118,14,0,4,11,3,-12.9125,14.8354,0,0.308175
118,4,0,2,0,1,-10.814,-10.289,8,1.81403
118,9,1,3,7,4,-4.39459,-22.3248,3,0.233901
118,9,0,4,7,4,-3.27286,-21.5737,2,0.281311
118,14,4,5,11,3,-11.599,15.1264,0,0.356171
118,9,4,5,7,4,-3.00935,-20.9546,3,0.289605
118,17,-1,0,3,4,8.03281,3.46339,1,0.354348
118,18,-1,0,9,4,5.64601,-15.0246,1,0.122097
118,17,0,1,3,4,8.64111,4.36227,4,0.355902
118,17,1,2,3,4,7.36673,4.48633,3,0.345812
118,17,1,3,3,4,8.70323,3.09138,3,0.369685
118,17,0,4,3,4,7.85573,2.39338,2,0.342862
118,17,4,5,3,4,7.26939,1.15913,3,0.32999
118,18,0,1,9,4,6.14547,-14.1535,4,0.0949625
118,22,-1,0,1,2,-5.82005,-6.47075,1,0.270625
118,22,0,1,1,2,-6.72693,-6.3161,4,0.283621
118,23,-1,0,17,4,1.76091,10.4755,1,0.327669
118,18,1,2,9,4,4.94577,-14.6378,3,0.109718
118,22,1,2,1,2,-5.83534,-7.28441,3,0.269931
118,23,0,1,17,4,0.88607,11.1483,4,0.328795
118,18,1,3,9,4,6.33489,-15.3904,3,0.0668343
118,22,1,3,1,2,-5.70805,-5.49997,3,0.355169
118,23,1,2,17,4,0.726166,9.88328,3,0.327709
118,24,-1,0,22,2,8.20251,-9.26614,1,0.400627
118,18,0,4,9,4,5.05996,-15.8569,2,0.144559
118,23,1,3,17,4,2.17108,11.169,3,0.331618
118,14,5,6,11,3,-10.3228,15.2985,0,0.410738
118,24,0,1,22,2,8.91276,-8.65368,4,0.394749
118,18,4,5,9,4,4.16853,-16.4699,3,0.157655
118,23,0,4,17,4,2.53502,9.70586,2,0.315591
118,24,1,2,22,2,7.63404,-8.34028,3,0.389194
118,23,4,5,17,4,3.11538,8.64612,3,0.304286
118,14,6,7,11,3,-9.24725,14.5544,0,0.45346
118,24,1,3,22,2,9.00685,-9.98757,3,0.402341
118,27,-1,0,23,4,-0.352862,5.22812,1,0.325246
118,28,-1,0,24,2,0.182042,-14.4656,1,0.365826
118,14,7,8,11,3,-8.02925,14.1037,0,0.45826
118,27,0,1,23,4,-1.39728,5.10279,4,0.330483
118,27,1,2,23,4,-0.586791,4.09822,3,0.320721
118,28,0,1,24,2,-0.552541,-13.8871,4,0.583471
118,29,-1,0,14,3,-12.9055,13.9379,1,0.0728393
118,27,1,3,23,4,-0.778427,6.20766,3,0.352666
118,30,-1,0,9,4,-11.3022,-11.9543,1,0.496193
118,29,0,1,14,3,-11.9989,13.3375,4,0.133678
118,27,0,4,23,4,0.612972,5.4773,2,0.320709
118,30,0,1,9,4,-10.3876,-11.4486,4,0.523337
118,29,1,2,14,3,-12.1476,14.604,3,0.0479442
118,33,-1,0,17,4,0.983898,0.467282,1,0.429103
118,30,1,2,9,4,-11.608,-11.0229,3,0.537073
118,29,1,3,14,3,-13.0218,12.5678,3,0.021495
118,33,0,1,17,4,0.0106681,0.12214,4,0.471665
118,35,-1,0,11,3,-18.5338,18.7221,1,0.29941
118,30,1,3,9,4,-10.6668,-12.7264,3,0.533926
118,29,0,4,14,3,-13.7245,14.8945,0,0.0754763
118,33,1,2,17,4,1.15518,-0.450891,3,0.46583
118,35,0,1,11,3,-19.2844,19.4204,4,0.280507
118,30,0,4,9,4,-12.2045,-12.5883,2,0.466339
118,29,4,5,14,3,-13.4554,16.2026,0,0.0773649
118,33,1,3,17,4,-0.0296413,1.42611,3,0.553633
118,35,1,2,11,3,-19.19,18.1164,3,0.280826
118,30,4,5,9,4,-13.4377,-13.2072,3,0.444726
118,27,4,5,23,4,1.34829,5.48766,3,0.315522
118,28,1,2,24,2,-0.547763,-15.2126,3,0.697962
118,29,5,6,14,3,-13.2098,17.4645,0,0.0770215
118,33,0,4,17,4,1.91033,0.811393,2,0.41915
118,35,1,3,11,3,-18.0134,19.8553,3,0.275959
118,37,-1,0,30,4,-10.4796,-12.0458,1,1.18621
118,38,-1,0,27,4,-0.0316738,4.42945,1,1.02743
118,33,4,5,17,4,2.55038,0.911318,3,0.426471
118,29,6,7,14,3,-12.2976,18.3759,0,0.0766132
118,35,0,4,11,3,-17.5571,17.9217,0,0.314096
118,37,0,1,30,4,-9.59624,-11.4363,4,1.19904
118,38,0,1,27,4,-0.628284,3.48891,4,1.13321
118,40,-1,0,33,4,0.403507,0.91849,1,0.495665
118,35,4,5,11,3,-16.2691,17.3743,0,0.324588
118,37,1,2,30,4,-10.8283,-11.0873,3,1.17097
118,28,1,3,24,2,0.691459,-13.4063,3,0.658782
118,35,5,6,11,3,-15.0863,17.8645,0,0.331277
118,37,1,3,30,4,-9.87992,-12.6686,3,1.19986
118,38,1,2,27,4,0.599229,3.7112,3,1.10737
118,35,6,7,11,3,-13.8227,18.0346,0,0.334518
118,37,0,4,30,4,-11.3386,-12.676,2,1.18009
118,39,-1,0,22,2,-5.13402,-6.89164,1,0.273333
118,41,-1,0,9,4,-4.17324,-22.8089,1,0.264496
118,41,0,1,9,4,-4.02347,-21.76,4,0.253513
118,42,-1,0,17,4,7.16257,3.58963,1,0.420396
118,43,-1,0,23,4,1.28382,9.95918,1,0.366718
118,41,1,2,9,4,-5.10924,-22.4492,3,0.24902
118,42,0,1,17,4,6.19421,3.10154,4,0.398371
118,43,0,1,23,4,0.35108,10.434,4,0.355749
118,42,1,2,17,4,7.29252,2.58525,3,0.39795
118,44,-1,0,24,2,7.94893,-10.06,1,0.430545
118,43,1,2,23,4,0.762988,9.19089,3,0.366521
118,38,1,3,27,4,-0.790042,4.74734,3,1.08583
118,42,1,3,17,4,6.47133,4.31397,3,0.385751
118,44,0,1,24,2,7.50206,-9.23169,4,0.415826
118,42,0,4,17,4,7.99354,4.19341,2,0.431841
118,4,0,3,0,1,-11.7467,-9.04322,8,1.66099
118,36,-1,0,1,2,12.6639,-1.65047,1,0.428667
118,45,-1,0,4,1,-9.63518,-9.82222,1,0.240769
118,44,1,2,24,2,7.20708,-10.4912,3,0.405433
118,45,0,1,4,1,-8.8494,-9.55807,8,0.894319
118,43,1,3,23,4,1.44006,11.1232,3,0.341446
118,45,0,2,4,1,-10.2087,-9.25816,8,0.645796
118,46,-1,0,28,2,0.836872,-14.0007,1,0.542904
118,45,0,3,4,1,-9.98236,-10.5681,8,0.688449
118,40,0,1,33,4,1.33558,1.30732,4,0.486112
118,46,0,1,28,2,1.40137,-14.6969,4,0.570696
118,47,-1,0,7,4,10.2761,10.4024,1,0.513733
119,0,-1,0,4294967295,1,-14.127,-7.74665,1,0.427463
119,0,0,1,4294967295,1,-13.2847,-7.78416,8,1.25312
119,0,0,2,4294967295,1,-14.4828,-6.98948,8,1.30805
119,0,0,3,4294967295,1,-14.6671,-8.37714,8,1.30323
119,1,-1,0,4294967295,2,12.4048,-0.630889,1,0.47649
119,1,0,1,4294967295,2,12.0272,0.210259,4,0.473516
119,1,1,2,4294967295,2,11.7108,-1.06134,3,0.471195
119,1,1,3,4294967295,2,13.2878,-0.156314,3,0.471841
119,6,-1,0,2,3,-7.93532,11.4838,1,0.368088
119,7,-1,0,3,4,11.6059,10.7061,1,0.304116
119,4,-1,0,0,1,-11.9383,-9.79473,1,0.58706
119,7,0,1,3,4,12.149,11.6308,4,0.646807
119,7,1,2,3,4,10.9093,11.375,3,0.815138
119,7,1,3,3,4,12.5109,10.4442,3,0.746762
119,6,0,4,2,3,-9.16988,11.2876,0,0.407042
119,7,0,4,3,4,10.9258,9.82305,2,0.461544
119,6,4,5,2,3,-10.4917,11.3238,0,0.414089
119,7,4,5,3,4,9.81609,9.02338,3,0.502709
119,6,5,6,2,3,-11.6755,10.8333,0,0.394429
119,9,-1,0,7,4,-3.53855,-22.5675,1,0.235753
119,6,6,7,2,3,-12.9557,10.8863,0,0.335033
119,6,7,8,2,3,-14.1293,10.3706,0,0.30627
119,11,-1,0,6,3,-17.9829,18.7784,1,0.206957
119,11,0,1,6,3,-18.8139,19.3599,4,0.177541
119,9,0,1,7,4,-4.03141,-23.4325,4,0.214502
119,11,1,2,6,3,-18.475,18.0645,3,0.178349
119,11,1,3,6,3,-17.543,19.6544,3,0.1649
119,11,0,4,6,3,-17.0593,17.9039,0,0.23416
119,4,0,1,0,1,-12.6908,-10.232,8,1.83441
119,11,4,5,6,3,-16.8438,16.5765,0,0.257797
119,11,5,6,6,3,-16.4166,15.3572,0,0.276745
119,11,6,7,6,3,-16.662,14.0899,0,0.290006
119,9,1,2,7,4,-2.84702,-22.9615,3,0.211343
119,11,7,8,6,3,-16.4021,12.8316,0,0.296836
119,14,-1,0,11,3,-13.3317,13.4502,1,0.247578
119,14,0,1,11,3,-13.666,12.4291,4,0.198352
119,14,1,2,11,3,-12.5514,13.09,3,0.202556
119,14,1,3,11,3,-14.7732,13.1155,3,0.159546
119,14,0,4,11,3,-12.6801,14.5626,0,0.295249
119,4,0,2,0,1,-11.1243,-9.92349,8,1.7787
119,9,1,3,7,4,-4.30327,-22.1543,3,0.212291
119,9,0,4,7,4,-3.08325,-21.6512,2,0.26401
119,14,4,5,11,3,-11.3951,15.091,0,0.343405
119,9,4,5,7,4,-2.4562,-20.6902,3,0.357328
119,17,-1,0,3,4,7.97499,3.43746,1,0.324223
119,18,-1,0,9,4,5.78165,-14.6308,1,0.19201
119,17,0,1,3,4,8.62641,4.30245,4,0.317404
119,17,1,2,3,4,7.38816,4.56968,3,0.303897
119,17,1,3,3,4,8.93688,3.06228,3,0.330802
119,17,0,4,3,4,7.79354,2.43884,2,0.323042
119,17,4,5,3,4,7.55154,1.8029,3,0.31699
119,18,0,1,9,4,5.94638,-13.5907,4,0.110617
119,22,-1,0,1,2,-6.15276,-6.49429,1,0.354292
119,22,0,1,1,2,-7.07481,-6.4876,4,0.355289
119,23,-1,0,17,4,1.298,10.7778,1,0.313095
119,18,1,2,9,4,4.97999,-14.4159,3,0.0923073
119,22,1,2,1,2,-6.04535,-7.30556,3,0.351566
119,23,0,1,17,4,0.35835,11.3069,4,0.321969
119,18,1,3,9,4,6.83211,-14.4799,3,0.106238
119,22,1,3,1,2,-6.24506,-5.47266,3,0.365371
119,23,1,2,17,4,0.218315,10.0107,3,0.321773
119,24,-1,0,22,2,8.40169,-9.03648,1,0.371778
119,18,0,4,9,4,5.46881,-15.6621,2,0.128628
119,23,1,3,17,4,1.57974,11.7149,3,0.337827
119,14,5,6,11,3,-10.1427,15.3622,0,0.393357
119,24,0,1,22,2,9.37969,-8.9941,4,0.363372
119,18,4,5,9,4,4.83158,-16.7675,3,0.116926
119,23,0,4,17,4,2.19931,10.3447,2,0.301968
119,24,1,2,22,2,8.38978,-8.14625,3,0.36419
119,23,4,5,17,4,2.72099,9.93045,3,0.290987
119,14,6,7,11,3,-9.03365,14.7031,0,0.442906
119,24,1,3,22,2,8.65118,-10.0854,3,0.363328
119,27,-1,0,23,4,-1.12665,4.87769,1,0.388263
119,28,-1,0,24,2,-0.484221,-14.4562,1,0.17176
119,14,7,8,11,3,-7.78949,14.3849,0,0.478854
119,27,0,1,23,4,-2.18164,4.68483,4,0.453209
119,27,1,2,23,4,-1.22946,3.83162,3,0.497088
119,28,0,1,24,2,-1.32452,-14.0878,4,0.46206
119,29,-1,0,14,3,-12.5508,13.7802,1,0.13298
119,27,1,3,23,4,-1.36906,5.64132,3,0.406291
119,30,-1,0,9,4,-11.0268,-11.5628,1,0.490852
119,29,0,1,14,3,-11.6232,13.2618,4,0.220196
119,27,0,4,23,4,-0.154118,5.2869,2,0.332887
119,30,0,1,9,4,-9.99545,-11.4026,4,0.484449
119,29,1,2,14,3,-11.9357,14.5207,3,0.215533
119,33,-1,0,17,4,0.278149,0.241125,1,0.487544
119,30,1,2,9,4,-11.045,-10.7732,3,0.476794
119,29,1,3,14,3,-12.5745,12.3736,3,0.199739
119,33,0,1,17,4,-0.496974,-0.465145,4,0.715789
119,35,-1,0,11,3,-18.7759,18.7238,1,0.276537
119,30,1,3,9,4,-10.6737,-12.5256,3,0.49282
119,29,0,4,14,3,-13.4199,14.7142,0,0.0874177
119,33,1,2,17,4,0.766998,-0.472558,3,0.604341
119,35,0,1,11,3,-19.6193,19.2937,4,0.257692
119,30,0,4,9,4,-12.033,-11.8273,2,0.503525
119,29,4,5,14,3,-13.3588,16.0852,0,0.0698703
119,33,1,3,17,4,-0.669574,0.775094,3,0.881429
119,35,1,2,11,3,-19.3043,18.0204,3,0.260425
119,30,4,5,9,4,-12.7675,-11.8626,3,0.607896
119,27,4,5,23,4,1.18792,5.6372,3,0.307058
119,28,1,2,24,2,-0.67357,-15.2558,3,0.565804
119,29,5,6,14,3,-13.2725,17.3921,0,0.0635802
119,33,0,4,17,4,1.17959,0.775887,2,0.43269
119,35,1,3,11,3,-18.4269,19.9166,3,0.251176
119,37,-1,0,30,4,-10.3381,-11.9175,1,1.18321
119,38,-1,0,27,4,-0.593554,4.23245,1,1.11344
119,33,4,5,17,4,2.33617,1.06294,3,0.412156
119,29,6,7,14,3,-12.5144,18.4529,0,0.061692
119,35,0,4,11,3,-17.7055,18.0525,0,0.291519
119,37,0,1,30,4,-9.31361,-11.6911,4,1.19877
119,38,0,1,27,4,-0.949778,3.21665,4,1.17632
119,40,-1,0,33,4,0.186248,1.06993,1,0.463752
119,35,4,5,11,3,-16.4007,17.5406,0,0.302475
119,37,1,2,30,4,-10.0921,-10.6374,3,1.16491
119,28,1,3,24,2,-0.147177,-13.4735,3,0.535524
119,35,5,6,11,3,-15.1627,17.9372,0,0.309604
119,37,1,3,30,4,-9.8929,-12.8259,3,1.18883
119,38,1,2,27,4,0.284476,3.51148,3,1.17584
119,35,6,7,11,3,-13.8748,17.9602,0,0.313107
119,37,0,4,30,4,-11.3532,-12.2068,2,1.17536
119,39,-1,0,22,2,-5.37961,-6.71795,1,0.257333
119,41,-1,0,9,4,-4.33076,-22.68,1,0.228896
119,41,0,1,9,4,-3.82059,-21.7386,4,0.216427
119,42,-1,0,17,4,7.06743,3.59266,1,0.387233
119,43,-1,0,23,4,0.829862,10.2155,1,0.332223
119,41,1,2,9,4,-5.08705,-21.9082,3,0.21125
119,42,0,1,17,4,6.06758,3.19229,4,0.36611
119,43,0,1,23,4,-0.120349,10.5736,4,0.320691
119,42,1,2,17,4,7.24772,2.84895,3,0.366601
119,44,-1,0,24,2,7.54967,-9.192,1,0.390898
119,43,1,2,23,4,0.581344,9.45014,3,0.332184
119,38,1,3,27,4,-1.61326,4.32305,3,1.19939
119,42,1,3,17,4,6.48134,4.37145,3,0.353388
119,44,0,1,24,2,7.41555,-8.28088,4,0.376664
119,42,0,4,17,4,7.94608,4.07336,2,0.398067
119,4,0,3,0,1,-11.5618,-9.08305,8,1.68903
119,36,-1,0,1,2,12.7925,-1.33524,1,0.412667
119,45,-1,0,4,1,-9.25317,-9.64233,1,0.2722
119,44,1,2,24,2,6.57098,-9.29266,3,0.367403
119,45,0,1,4,1,-8.48932,-9.3398,8,0.830867
119,43,1,3,23,4,0.971244,11.2377,3,0.304876
119,45,0,2,4,1,-9.87399,-9.08489,8,0.852947
119,46,-1,0,28,2,0.332511,-14.3859,1,0.528515
119,45,0,3,4,1,-9.40816,-10.4352,8,0.80932
119,40,0,1,33,4,0.990218,1.68473,4,0.454025
119,46,0,1,28,2,1.04247,-14.9831,4,0.518091
119,47,-1,0,7,4,10.8352,10.6397,1,0.501364
119,46,1,2,28,2,1.0006,-13.6718,3,0.50936
119,47,0,1,7,4,9.90028,10.9625,4,0.507169
120,0,-1,0,4294967295,1,-14.1643,-7.72656,1,0.421066
120,0,0,1,4294967295,1,-13.3224,-7.78152,8,1.24841
120,0,0,2,4294967295,1,-14.508,-6.96412,8,1.2806
120,0,0,3,4294967295,1,-14.72,-8.34289,8,1.27778
120,1,-1,0,4294967295,2,12.374,-0.370954,1,0.449579
120,1,0,1,4294967295,2,11.9659,0.453686,4,0.442367
120,1,1,2,4294967295,2,11.7043,-0.830764,3,0.441026
120,1,1,3,4294967295,2,13.2315,0.108232,3,0.448061
120,6,-1,0,2,3,-7.93734,11.4925,1,0.409669
120,7,-1,0,3,4,11.8159,11.0587,1,0.554131
120,4,-1,0,0,1,-11.9402,-9.43459,1,0.597183
120,7,0,1,3,4,12.2053,12.037,4,0.677693
120,7,1,2,3,4,10.9956,11.6651,3,0.793075
120,7,1,3,3,4,13.0448,11.0876,3,0.727637
120,6,0,4,2,3,-9.17037,11.2872,0,0.40981
120,7,0,4,3,4,11.4857,10.0948,2,0.488775
120,6,4,5,2,3,-10.492,11.3174,0,0.412848
120,7,4,5,3,4,11.1018,9.495,3,0.462833
120,6,5,6,2,3,-11.6746,10.825,0,0.480298
120,9,-1,0,7,4,-3.58247,-22.4556,1,0.245022
120,6,6,7,2,3,-12.9545,10.8774,0,0.393223
120,6,7,8,2,3,-14.1268,10.3598,0,0.383103
120,11,-1,0,6,3,-18.2279,18.8907,1,0.186674
120,11,0,1,6,3,-19.154,19.3229,4,0.158333
120,9,0,1,7,4,-4.26325,-23.236,4,0.203439
120,11,1,2,6,3,-18.6428,18.0823,3,0.159969
120,11,1,3,6,3,-17.9957,19.9218,3,0.145134
120,11,0,4,6,3,-17.1699,18.1712,0,0.212386
120,4,0,1,0,1,-12.6003,-9.92464,8,1.79082
120,11,4,5,6,3,-16.8732,16.8315,0,0.234431
120,11,5,6,6,3,-16.4868,15.5736,0,0.251943
120,11,6,7,6,3,-16.7756,14.2974,0,0.264127
120,9,1,2,7,4,-2.9999,-23.1522,3,0.195649
120,11,7,8,6,3,-16.5418,13.0227,0,0.270381
120,14,-1,0,11,3,-12.6721,12.8679,1,0.261993
120,14,0,1,11,3,-12.5063,11.8023,4,0.252374
120,14,1,2,11,3,-11.8086,12.9045,3,0.258444
120,14,1,3,11,3,-13.7684,11.973,3,0.175467
120,14,0,4,11,3,-12.5136,14.1535,0,0.289993
120,4,0,2,0,1,-11.2511,-9.9452,8,1.86844
120,9,1,3,7,4,-4.39832,-21.9389,3,0.193595
120,9,0,4,7,4,-2.91372,-21.583,2,0.291147
120,14,4,5,11,3,-11.3368,14.9288,0,0.338667
120,9,4,5,7,4,-1.99314,-20.7771,3,0.324348
120,17,-1,0,3,4,8.04725,3.58434,1,0.294267
120,18,-1,0,9,4,5.79977,-14.3231,1,0.133794
120,17,0,1,3,4,8.67682,4.40759,4,0.282334
120,17,1,2,3,4,7.39164,4.53167,3,0.266333
120,17,1,3,3,4,8.65684,3.11947,3,0.294231
120,17,0,4,3,4,7.84166,2.60359,2,0.297969
120,17,4,5,3,4,7.31692,1.63758,3,0.296731
120,18,0,1,9,4,5.52934,-13.3188,4,0.102798
120,22,-1,0,1,2,-6.476,-6.512,1,0.331684
120,22,0,1,1,2,-7.39175,-6.62734,4,0.325559
120,23,-1,0,17,4,0.641435,11.2232,1,0.288607
120,18,1,2,9,4,4.82485,-14.3919,3,0.101398
120,22,1,2,1,2,-6.2684,-7.29811,3,0.322881
120,23,0,1,17,4,-0.433684,11.3476,4,0.286116
120,18,1,3,9,4,6.75377,-13.6192,3,0.0790791
120,22,1,3,1,2,-6.66388,-5.53639,3,0.333117
120,23,1,2,17,4,0.0176521,10.1249,3,0.29563
120,24,-1,0,22,2,8.42693,-8.87699,1,0.339966
120,18,0,4,9,4,5.94318,-15.3471,2,0.136512
120,23,1,3,17,4,0.580833,12.1501,3,0.281767
120,14,5,6,11,3,-10.1244,15.3996,0,0.394989
120,24,0,1,22,2,9.39033,-9.08751,4,0.329528
120,18,4,5,9,4,5.85141,-16.0363,3,0.124757
120,23,0,4,17,4,1.6769,11.0354,2,0.284916
120,24,1,2,22,2,8.58154,-8.08311,3,0.33845
120,23,4,5,17,4,2.86143,10.448,3,0.278431
120,14,6,7,11,3,-8.91131,14.8987,0,0.441623
120,24,1,3,22,2,8.51038,-10.0632,3,0.318223
120,27,-1,0,23,4,-1.56968,4.58519,1,0.374606
120,28,-1,0,24,2,-0.835446,-14.3807,1,0.507231
120,14,7,8,11,3,-7.62621,14.7089,0,0.459178
120,27,0,1,23,4,-2.5867,4.35118,4,0.413749
120,27,1,2,23,4,-1.63846,3.50138,3,0.473917
120,28,0,1,24,2,-1.75872,-14.56,4,0.589425
120,29,-1,0,14,3,-12.1729,13.5465,1,0.153835
120,27,1,3,23,4,-2.01916,5.48606,3,0.396827
120,30,-1,0,9,4,-10.5086,-11.3719,1,0.527971
120,29,0,1,14,3,-11.1393,13.232,4,0.191012
120,27,0,4,23,4,-0.616755,5.00331,2,0.341601
120,30,0,1,9,4,-9.51371,-11.4655,4,0.474161
120,29,1,2,14,3,-11.7894,14.3521,3,0.21024
120,33,-1,0,17,4,-0.164951,-0.00905746,1,0.325559
120,30,1,2,9,4,-10.4601,-10.5594,3,0.459114
120,29,1,3,14,3,-11.8876,12.1861,3,0.19947
120,33,0,1,17,4,-1.01462,-0.65499,4,0.607416
120,35,-1,0,11,3,-19.0096,18.7151,1,0.253869
120,30,1,3,9,4,-10.4255,-12.3897,3,0.454821
120,29,0,4,14,3,-13.1715,14.4098,0,0.111012
120,33,1,2,17,4,0.230661,-0.80904,3,0.752969
120,35,0,1,11,3,-19.943,19.1419,4,0.234591
120,30,0,4,9,4,-11.5037,-11.1807,2,0.582655
120,29,4,5,14,3,-13.2183,15.8245,0,0.0788263
120,33,1,3,17,4,-0.86094,0.590424,3,0.695631
120,35,1,2,11,3,-19.4426,17.9317,3,0.238545
120,30,4,5,9,4,-12.439,-10.6753,3,0.618723
120,27,4,5,23,4,0.225823,5.20978,3,0.320969
120,28,1,2,24,2,-0.602066,-15.1878,3,0.555823
120,29,5,6,14,3,-13.362,17.1552,0,0.0606061
120,33,0,4,17,4,0.706565,0.58753,2,0.371236
120,35,1,3,11,3,-18.8838,19.9591,3,0.225763
120,37,-1,0,30,4,-9.95183,-11.9356,1,1.15981
120,38,-1,0,27,4,-1.15819,3.85587,1,1.13175
120,33,4,5,17,4,1.75145,1.15505,3,0.40859
120,29,6,7,14,3,-12.8674,18.374,0,0.0530242
120,35,0,4,11,3,-17.862,18.1891,0,0.26912
120,37,0,1,30,4,-8.91357,-11.9162,4,1.15699
120,38,0,1,27,4,-1.32045,2.78182,4,1.13261
120,40,-1,0,33,4,-0.0723165,0.852886,1,0.570004
120,35,4,5,11,3,-16.5534,17.694,0,0.280345
120,37,1,2,30,4,-9.70764,-10.8775,3,1.13996
120,28,1,3,24,2,-1.3721,-13.258,3,0.784644
120,35,5,6,11,3,-15.2786,17.9733,0,0.28772
120,37,1,3,30,4,-9.77443,-12.8232,3,1.19897
120,38,1,2,27,4,-0.293334,3.50543,3,1.12706
120,35,6,7,11,3,-13.9969,17.8108,0,0.291373
120,37,0,4,30,4,-11.0078,-11.9596,2,1.16241
120,39,-1,0,22,2,-5.67224,-6.55529,1,0.241333
120,41,-1,0,9,4,-4.39935,-22.5461,1,0.195183
120,41,0,1,9,4,-3.71711,-21.7847,4,0.186535
120,42,-1,0,17,4,7.15159,3.6637,1,0.393463
120,43,-1,0,23,4,0.47634,10.5091,1,0.326346
120,41,1,2,9,4,-5.02935,-21.6828,3,0.190573
120,42,0,1,17,4,6.16568,3.16284,4,0.36703
120,43,0,1,23,4,-0.559357,10.4501,4,0.318092
120,42,1,2,17,4,7.31786,2.84124,3,0.341166
120,44,-1,0,24,2,7.75241,-8.30393,1,0.456408
120,43,1,2,23,4,0.413468,9.55553,3,0.326338
120,38,1,3,27,4,-2.28445,3.64525,3,1.1461
120,42,1,3,17,4,6.4446,4.3704,3,0.417578
120,44,0,1,24,2,7.79993,-7.34123,4,0.512026
120,42,0,4,17,4,7.99693,4.26197,2,0.423181
120,4,0,3,0,1,-12.07,-8.5924,8,1.80877
120,36,-1,0,1,2,12.8358,-1.02792,1,0.396667
120,45,-1,0,4,1,-8.81489,-9.47041,1,0.271267
120,44,1,2,24,2,6.66691,-8.00004,3,0.522589
120,45,0,1,4,1,-8.1412,-8.955,8,0.927808
120,43,1,3,23,4,0.0523819,11.5992,3,0.298659
120,45,0,2,4,1,-9.58057,-9.13311,8,0.82391
120,46,-1,0,28,2,-0.0299323,-14.6257,1,0.526175
120,45,0,3,4,1,-8.84398,-10.2998,8,0.798348
120,40,0,1,33,4,0.550743,1.71259,4,0.62526
120,46,0,1,28,2,0.415653,-15.4579,4,0.526752
120,47,-1,0,7,4,11.0023,10.8193,1,0.649409
120,46,1,2,28,2,0.901529,-14.2348,3,0.618445
120,47,0,1,7,4,10.2549,11.5155,4,0.72085
120,40,1,2,33,4,-0.735478,1.99607,3,0.893429
121,0,-1,0,4294967295,1,-14.1924,-7.71213,1,0.414666
121,0,0,1,4294967295,1,-13.3518,-7.77929,8,1.23771
121,0,0,2,4294967295,1,-14.5228,-6.94362,8,1.25657
121,0,0,3,4294967295,1,-14.7555,-8.32207,8,1.25492
121,1,-1,0,4294967295,2,12.286,-0.130808,1,0.50059
121,1,0,1,4294967295,2,11.9838,0.741756,4,0.439871
121,1,1,2,4294967295,2,11.5521,-0.493007,3,0.416504
121,1,1,3,4294967295,2,13.1983,0.246652,3,0.428233
121,6,-1,0,2,3,-7.93899,11.5014,1,0.456665
121,7,-1,0,3,4,12.0986,11.7597,1,0.621555
121,4,-1,0,0,1,-12.1444,-9.15912,1,0.610158
121,7,0,1,3,4,12.1096,12.8174,4,0.637616
121,7,1,2,3,4,11.1807,11.976,3,0.659514
121,7,1,3,3,4,12.9389,11.8886,3,0.701299
121,6,0,4,2,3,-9.17115,11.2894,0,0.556508
121,7,0,4,3,4,12.2486,10.7453,2,0.600446
121,6,4,5,2,3,-10.4959,11.3023,0,0.461571
121,7,4,5,3,4,12.0019,9.66343,3,0.466002
121,6,5,6,2,3,-11.6596,10.7378,0,0.512583
121,9,-1,0,7,4,-3.57412,-22.4228,1,0.224615
121,6,6,7,2,3,-12.9394,10.7162,0,0.456907
121,6,7,8,2,3,-14.1349,10.3369,0,0.548715
121,11,-1,0,6,3,-18.5053,18.9652,1,0.165642
121,11,0,1,6,3,-19.4982,19.2472,4,0.137766
121,9,0,1,7,4,-4.31772,-23.0421,4,0.191451
121,11,1,2,6,3,-18.7971,18.1076,3,0.140254
121,11,1,3,6,3,-18.4971,20.0743,3,0.123301
121,11,0,4,6,3,-17.3473,18.4042,0,0.190374
121,4,0,1,0,1,-12.8936,-9.59713,8,1.87217
121,11,4,5,6,3,-16.9382,17.0826,0,0.211241
121,11,5,6,6,3,-16.4983,15.8496,0,0.227638
121,11,6,7,6,3,-16.7885,14.5704,0,0.238965
121,9,1,2,7,4,-3.02597,-23.1077,3,0.184984
121,11,7,8,6,3,-16.6162,13.2794,0,0.244757
121,14,-1,0,11,3,-11.7948,12.4558,1,0.259139
121,14,0,1,11,3,-11.2825,11.5231,4,0.256199
121,14,1,2,11,3,-11.0229,12.7991,3,0.225549
121,14,1,3,11,3,-12.5417,11.4412,3,0.325638
121,14,0,4,11,3,-12.1543,13.6622,0,0.288826
121,4,0,2,0,1,-11.3962,-9.54462,8,1.83692
121,9,1,3,7,4,-4.26624,-21.7186,3,0.184747
121,9,0,4,7,4,-2.83618,-21.8077,2,0.251682
121,14,4,5,11,3,-11.2659,14.746,0,0.327264
121,9,4,5,7,4,-2.22508,-21.5574,3,0.263388
121,17,-1,0,3,4,7.99099,3.54139,1,0.273054
121,18,-1,0,9,4,5.58058,-13.7474,1,0.0908463
121,17,0,1,3,4,8.6083,4.459,4,0.276971
121,17,1,2,3,4,7.3487,4.67932,3,0.301259
121,17,1,3,3,4,8.796,3.21188,3,0.270581
121,17,0,4,3,4,7.75778,2.47388,2,0.272208
121,17,4,5,3,4,7.21555,1.35095,3,0.268822
121,18,0,1,9,4,4.78082,-13.1085,4,0.068683
121,22,-1,0,1,2,-6.80254,-6.5938,1,0.303344
121,22,0,1,1,2,-7.73024,-6.60515,4,0.294905
121,23,-1,0,17,4,0.0514936,11.4022,1,0.264127
121,18,1,2,9,4,5.04186,-14.3765,3,0.0769716
121,22,1,2,1,2,-6.70249,-7.41007,3,0.287619
121,23,0,1,17,4,-1.02697,11.1224,4,0.252528
121,18,1,3,9,4,6.02367,-12.998,3,0.047186
121,22,1,3,1,2,-6.88657,-5.60217,3,0.30363
121,23,1,2,17,4,-0.139399,10.1943,3,0.262514
121,24,-1,0,22,2,8.36401,-8.46082,1,0.315988
121,18,0,4,9,4,6.30436,-14.4979,2,0.102215
121,23,1,3,17,4,-0.606476,12.3285,3,0.241758
121,14,5,6,11,3,-10.1815,15.4183,0,0.365432
121,24,0,1,22,2,9.31807,-8.69969,4,0.323765
121,18,4,5,9,4,6.79176,-15.6318,3,0.104163
121,23,0,4,17,4,1.12523,11.4572,2,0.286046
121,24,1,2,22,2,8.60268,-7.66491,3,0.37954
121,23,4,5,17,4,2.14425,11.228,3,0.350899
121,14,6,7,11,3,-8.91381,15.1052,0,0.396099
121,24,1,3,22,2,8.51832,-9.7523,3,0.293806
121,27,-1,0,23,4,-2.17275,4.20665,1,0.369982
121,28,-1,0,24,2,-1.42404,-14.3184,1,0.334929
121,14,7,8,11,3,-7.615,15.1023,0,0.413071
121,27,0,1,23,4,-3.15886,4.04293,4,0.396103
121,27,1,2,23,4,-2.2239,3.1585,3,0.424039
121,28,0,1,24,2,-2.13706,-14.9432,4,0.549521
121,29,-1,0,14,3,-11.5807,13.2963,1,0.121904
121,27,1,3,23,4,-2.37433,5.06226,3,0.393341
121,30,-1,0,9,4,-9.94786,-11.2023,1,0.535986
121,29,0,1,14,3,-10.5058,13.3419,4,0.130335
121,27,0,4,23,4,-1.2346,4.54704,2,0.342376
121,30,0,1,9,4,-8.93603,-11.415,4,0.507475
121,29,1,2,14,3,-11.5249,14.1267,3,0.137528
121,33,-1,0,17,4,-0.511925,-0.0313618,1,0.287721
121,30,1,2,9,4,-9.69189,-10.3449,3,0.539346
121,29,1,3,14,3,-10.827,12.0982,3,0.12432
121,33,0,1,17,4,-1.3886,-0.532077,4,0.662231
121,35,-1,0,11,3,-19.2545,18.6714,1,0.230652
121,30,1,3,9,4,-9.85624,-12.3319,3,0.498729
121,29,0,4,14,3,-12.7508,13.9441,0,0.100648
121,33,1,2,17,4,-0.268681,-1.12763,3,0.792353
121,35,0,1,11,3,-20.2515,18.9314,4,0.210321
121,30,0,4,9,4,-10.9844,-10.9199,2,0.599862
121,29,4,5,14,3,-13.0949,15.3532,0,0.0777789
121,33,1,3,17,4,-1.27759,0.716752,3,0.750755
121,35,1,2,11,3,-19.5526,17.8231,3,0.215106
121,30,4,5,9,4,-12.1365,-10.3558,3,0.579022
121,27,4,5,23,4,-0.380851,4.66989,3,0.323105
121,28,1,2,24,2,-0.842769,-15.1274,3,0.539343
121,29,5,6,14,3,-13.4741,16.6763,0,0.0603069
121,33,0,4,17,4,0.343783,0.566119,2,0.387563
121,35,1,3,11,3,-19.3901,19.9475,3,0.198919
121,37,-1,0,30,4,-9.4263,-11.8373,1,1.14231
121,38,-1,0,27,4,-1.65034,3.57164,1,1.12146
121,33,4,5,17,4,0.978896,0.788675,3,0.392947
121,29,6,7,14,3,-13.2659,17.9975,0,0.0511965
121,35,0,4,11,3,-18.0484,18.2967,0,0.246506
121,37,0,1,30,4,-8.37595,-11.9199,4,1.13501
121,38,0,1,27,4,-1.74582,2.51573,4,1.12662
121,40,-1,0,33,4,-0.447074,0.779491,1,0.637668
121,35,4,5,11,3,-16.7511,17.8449,0,0.25809
121,37,1,2,30,4,-9.14064,-10.8738,3,1.12779
121,28,1,3,24,2,-2.30852,-13.6354,3,0.815951
121,35,5,6,11,3,-15.4529,17.9774,0,0.265683
121,37,1,3,30,4,-9.2055,-12.859,3,1.14007
121,38,1,2,27,4,-0.733723,3.27752,3,1.09846
121,35,6,7,11,3,-14.2017,17.6423,0,0.269443
121,37,0,4,30,4,-10.465,-11.7756,2,1.14434
121,39,-1,0,22,2,-6.0103,-6.43605,1,0.225333
121,41,-1,0,9,4,-4.3305,-22.2547,1,0.165909
121,41,0,1,9,4,-3.73623,-21.3771,4,0.157423
121,42,-1,0,17,4,7.11405,3.71389,1,0.368414
121,43,-1,0,23,4,0.0890619,10.6838,1,0.292121
121,41,1,2,9,4,-4.99344,-21.6707,3,0.158506
121,42,0,1,17,4,6.17637,3.19288,4,0.346428
121,43,0,1,23,4,-0.855063,10.2616,4,0.280476
121,42,1,2,17,4,7.38899,3.0096,3,0.338556
121,44,-1,0,24,2,7.96214,-7.69657,1,0.460544
121,43,1,2,23,4,0.339643,9.71349,3,0.29212
121,38,1,3,27,4,-2.80561,3.29347,3,1.17088
121,42,1,3,17,4,6.42883,4.41367,3,0.341307
121,44,0,1,24,2,8.75679,-7.09512,4,0.454427
121,42,0,4,17,4,7.95183,4.28018,2,0.380266
121,4,0,3,0,1,-11.9689,-8.33709,8,1.80196
121,36,-1,0,1,2,12.8143,-0.73796,1,0.380667
121,45,-1,0,4,1,-8.52588,-9.35383,1,0.300138
121,44,1,2,24,2,7.47061,-6.95416,3,0.451458
121,45,0,1,4,1,-7.95803,-8.72671,8,0.909491
121,43,1,3,23,4,-0.611354,11.5275,3,0.264462
121,45,0,2,4,1,-9.33584,-9.14306,8,0.954071
121,46,-1,0,28,2,-0.0947522,-14.9984,1,0.532217
121,45,0,3,4,1,-8.39088,-10.1771,8,0.833634
121,40,0,1,33,4,0.292243,1.39955,4,0.644955
121,46,0,1,28,2,-0.22276,-15.9405,4,0.543027
121,47,-1,0,7,4,11.405,11.1826,1,0.613165
121,46,1,2,28,2,0.83556,-15.1727,3,0.533706
121,47,0,1,7,4,10.459,11.6835,4,0.588064
121,40,1,2,33,4,-0.998663,1.31526,3,0.697791
121,47,1,2,7,4,10.4103,10.4103,3,0.564202
121,46,1,3,28,2,-1.47802,-15.4204,3,0.575174
121,40,1,3,33,4,-0.29648,0.279596,3,0.539995
122,0,-1,0,4294967295,1,-14.2112,-7.70213,1,0.408266
122,0,0,1,4294967295,1,-13.3711,-7.77795,8,1.22349
122,0,0,2,4294967295,1,-14.5349,-6.93091,8,1.23454
122,0,0,3,4294967295,1,-14.7813,-8.30529,8,1.23357
122,1,-1,0,4294967295,2,12.1578,0.127318,1,0.4322
122,1,0,1,4294967295,2,12.0855,1.0454,4,0.415124
122,1,1,2,4294967295,2,11.3568,-0.0492805,3,0.409682
122,1,1,3,4294967295,2,13.1553,0.288669,3,0.415122
122,6,-1,0,2,3,-7.86281,11.5765,1,0.482063
122,7,-1,0,3,4,12.1274,12.1824,1,0.447158
122,4,-1,0,0,1,-12.23,-8.88042,1,0.615935
122,7,0,1,3,4,11.8091,13.2785,4,0.51313
122,7,1,2,3,4,11.2167,12.1765,3,0.556118
122,7,1,3,3,4,12.977,12.8487,3,0.542147
122,6,0,4,2,3,-9.04105,11.1545,0,0.508169
122,7,0,4,3,4,12.4571,11.1292,2,0.437521
122,6,4,5,2,3,-10.2875,10.8025,0,0.578668
122,7,4,5,3,4,12.6554,9.88406,3,0.447668
122,6,5,6,2,3,-11.5382,10.4376,0,0.549362
122,9,-1,0,7,4,-3.71604,-22.3995,1,0.198227
122,6,6,7,2,3,-12.8665,10.5403,0,0.516318
122,6,7,8,2,3,-14.1377,10.1756,0,0.502371
122,11,-1,0,6,3,-18.8368,18.9764,1,0.143737
122,11,0,1,6,3,-19.8578,19.1121,4,0.1158
122,9,0,1,7,4,-4.6048,-22.8868,4,0.174661
122,11,1,2,6,3,-18.9732,18.1082,3,0.119148
122,11,1,3,6,3,-18.9822,20.0691,3,0.0996292
122,11,0,4,6,3,-17.6173,18.5486,0,0.167977
122,4,0,1,0,1,-13.0138,-9.1913,8,1.85039
122,11,4,5,6,3,-17.0846,17.2826,0,0.188074
122,11,5,6,6,3,-16.5111,16.1199,0,0.203667
122,11,6,7,6,3,-16.7572,14.85,0,0.21435
122,9,1,2,7,4,-3.3536,-23.1428,3,0.169513
122,11,7,8,6,3,-16.6038,13.5739,0,0.219786
122,14,-1,0,11,3,-10.9524,12.3842,1,0.27093
122,14,0,1,11,3,-10.3221,11.5789,4,0.259438
122,14,1,2,11,3,-10.1628,12.8439,3,0.275137
122,14,1,3,11,3,-11.6014,11.3195,3,0.237321
122,14,0,4,11,3,-11.5407,13.4558,0,0.28817
122,4,0,2,0,1,-11.5857,-9.43132,8,1.82974
122,9,1,3,7,4,-4.22263,-21.6425,3,0.17371
122,9,0,4,7,4,-2.79934,-21.9273,2,0.215974
122,14,4,5,11,3,-11.1059,14.7033,0,0.312952
122,9,4,5,7,4,-1.55825,-21.6172,3,0.223022
122,17,-1,0,3,4,7.94557,3.49552,1,0.251117
122,18,-1,0,9,4,5.315,-13.5042,1,0.0788592
122,17,0,1,3,4,8.60935,4.30453,4,0.243062
122,17,1,2,3,4,7.3516,4.61082,3,0.234379
122,17,1,3,3,4,8.81504,3.0306,3,0.250903
122,17,0,4,3,4,7.66905,2.49989,2,0.251907
122,17,4,5,3,4,7.35417,1.93676,3,0.246884
122,18,0,1,9,4,4.27998,-13.3081,4,0.0671459
122,22,-1,0,1,2,-7.15509,-6.70183,1,0.310898
122,22,0,1,1,2,-8.04307,-6.45541,4,0.322498
122,23,-1,0,17,4,-0.595868,11.2838,1,0.274264
122,18,1,2,9,4,5.09999,-14.2835,3,0.0747176
122,22,1,2,1,2,-7.27043,-7.51616,3,0.373233
122,23,0,1,17,4,-1.4871,10.6702,4,0.28615
122,18,1,3,9,4,5.09331,-12.3406,3,0.0435313
122,22,1,3,1,2,-6.97114,-5.69582,3,0.308823
122,23,1,2,17,4,-0.350425,10.0407,3,0.259717
122,24,-1,0,22,2,8.71386,-8.03158,1,0.370796
122,18,0,4,9,4,6.31174,-13.9178,2,0.0782528
122,23,1,3,17,4,-1.41575,11.949,3,0.337563
122,14,5,6,11,3,-10.2167,15.5658,0,0.339566
122,24,0,1,22,2,9.63097,-8.35304,4,0.439146
122,18,4,5,9,4,7.2311,-14.6062,3,0.0750981
122,23,0,4,17,4,0.245916,11.8641,2,0.276523
122,24,1,2,22,2,8.85055,-7.36086,3,0.383429
122,23,4,5,17,4,0.959198,12.1057,3,0.280673
122,14,6,7,11,3,-8.94838,15.363,0,0.361494
122,24,1,3,22,2,8.52283,-9.0695,3,0.351707
122,27,-1,0,23,4,-2.77159,3.78524,1,0.345755
122,28,-1,0,24,2,-2.12179,-14.502,1,0.533401
122,14,7,8,11,3,-7.68129,15.5197,0,0.373776
122,27,0,1,23,4,-3.82792,3.6635,4,0.361178
122,27,1,2,23,4,-2.82161,2.874,3,0.459338
122,28,0,1,24,2,-2.64483,-15.2404,4,0.590484
122,29,-1,0,14,3,-10.8191,13.2272,1,0.162887
122,27,1,3,23,4,-2.95817,4.56948,3,0.353606
122,30,-1,0,9,4,-9.77379,-11.1171,1,0.407736
122,29,0,1,14,3,-9.78243,13.5394,4,0.245569
122,27,0,4,23,4,-1.74535,4.03738,2,0.332813
122,30,0,1,9,4,-8.76707,-11.2553,4,0.42956
122,29,1,2,14,3,-10.9779,14.0073,3,0.297309
122,33,-1,0,17,4,-1.1344,-0.0667588,1,0.529295
122,30,1,2,9,4,-9.23306,-10.0288,3,0.464647
122,29,1,3,14,3,-9.74838,12.2441,3,0.403245
122,33,0,1,17,4,-2.01909,-0.666132,4,0.659455
122,35,-1,0,11,3,-19.5351,18.5805,1,0.206745
122,30,1,3,9,4,-9.46287,-12.3746,3,0.433141
122,29,0,4,14,3,-12.1226,13.5155,0,0.106416
122,33,1,2,17,4,-0.822162,-0.992824,3,0.734114
122,35,0,1,11,3,-20.5625,18.6425,4,0.185194
122,30,0,4,9,4,-10.7007,-10.8731,2,0.437324
122,29,4,5,14,3,-12.8447,14.7578,0,0.0743881
122,33,1,3,17,4,-1.69127,0.533784,3,0.707399
122,35,1,2,11,3,-19.6661,17.6874,3,0.190545
122,30,4,5,9,4,-11.2232,-10.4722,3,0.472405
122,27,4,5,23,4,-0.368343,4.19203,3,0.31932
122,28,1,2,24,2,-1.46352,-14.6627,3,0.557587
122,29,5,6,14,3,-13.5484,15.9317,0,0.0568621
122,33,0,4,17,4,-0.213453,0.516643,2,0.438073
122,35,1,3,11,3,-19.9384,19.8152,3,0.171579
122,37,-1,0,30,4,-8.30576,-11.9112,1,1.04092
122,38,-1,0,27,4,-2.14261,3.27099,1,1.10007
122,33,4,5,17,4,1.10731,0.686188,3,0.394703
122,29,6,7,14,3,-13.6233,17.261,0,0.0486573
122,35,0,4,11,3,-18.2805,18.4395,0,0.223428
122,37,0,1,30,4,-7.35775,-12.1196,4,1.12612
122,38,0,1,27,4,-2.4607,2.25457,4,1.09085
122,40,-1,0,33,4,-0.854397,0.653778,1,0.608642
122,35,4,5,11,3,-16.9547,18.0684,0,0.235534
122,37,1,2,30,4,-7.98008,-10.9604,3,1.1568
122,28,1,3,24,2,-2.70778,-13.9113,3,0.669395
122,35,5,6,11,3,-15.6492,18.0619,0,0.243428
122,37,1,3,30,4,-8.40966,-12.8957,3,1.16974
122,38,1,2,27,4,-1.29843,2.74857,3,1.07669
122,35,6,7,11,3,-14.4797,17.5015,0,0.247324
122,37,0,4,30,4,-9.20299,-11.4194,2,0.932027
122,39,-1,0,22,2,-6.41732,-6.38619,1,0.209333
122,41,-1,0,9,4,-4.4708,-22.1661,1,0.135923
122,41,0,1,9,4,-3.64938,-21.5083,4,0.128239
122,42,-1,0,17,4,7.06202,3.65056,1,0.344599
122,43,-1,0,23,4,-0.184243,10.6594,1,0.257053
122,41,1,2,9,4,-4.95371,-21.4912,3,0.133233
122,42,0,1,17,4,6.15721,3.07603,4,0.341799
122,43,0,1,23,4,-0.98536,9.9857,4,0.245382
122,42,1,2,17,4,7.37903,2.96154,3,0.325304
122,44,-1,0,24,2,8.4233,-7.18607,1,0.493908
122,43,1,2,23,4,0.328158,9.88511,3,0.257053
122,38,1,3,27,4,-3.26493,3.26257,3,1.10054
122,42,1,3,17,4,6.33259,4.31071,3,0.368656
122,44,0,1,24,2,9.40422,-7.04052,4,0.55246
122,42,0,4,17,4,7.89296,4.2401,2,0.348741
122,4,0,3,0,1,-12.0306,-8.07548,8,1.88115
122,36,-1,0,1,2,12.7209,-0.444215,1,0.364667
122,45,-1,0,4,1,-8.31999,-9.26447,1,0.30981
122,44,1,2,24,2,8.44396,-6.15947,3,0.555943
122,45,0,1,4,1,-7.83676,-8.57772,8,0.998097
122,43,1,3,23,4,-1.17695,11.252,3,0.22922
122,45,0,2,4,1,-9.15209,-9.16037,8,0.917341
122,46,-1,0,28,2,-0.3672,-15.8284,1,0.5625
122,45,0,3,4,1,-8.06313,-10.0447,8,0.948085
122,40,0,1,33,4,0.0697728,1.05357,4,0.599869
122,46,0,1,28,2,-0.642754,-16.7353,4,0.602379
122,47,-1,0,7,4,11.4502,11.6946,1,0.57064
122,46,1,2,28,2,0.464068,-16.0657,3,0.54877
122,47,0,1,7,4,10.5435,12.3118,4,0.571796
122,40,1,2,33,4,-1.12555,1.63444,3,0.619845
122,47,1,2,7,4,10.453,11.051,3,0.601186
122,46,1,3,28,2,-1.41265,-15.6562,3,0.704748
122,40,1,3,33,4,-0.0791443,-0.272358,3,0.583317
122,37,4,5,30,4,-10.1007,-10.3515,3,0.833272
122,47,1,3,7,4,11.7292,12.7457,3,0.547802
123,0,-1,0,4294967295,1,-14.2249,-7.695,1,0.404306
123,0,0,1,4294967295,1,-13.3855,-7.77686,8,1.20727
123,0,0,2,4294967295,1,-14.5425,-6.92115,8,1.3311
123,0,0,3,4294967295,1,-14.799,-8.2945,8,1.21318
123,1,-1,0,4294967295,2,12.0957,0.415927,1,0.39612
123,1,0,1,4294967295,2,12.0965,1.33826,4,0.386517
123,1,1,2,4294967295,2,11.2836,0.30392,3,0.391428
123,1,1,3,4294967295,2,13.0919,0.495687,3,0.382798
123,6,-1,0,2,3,-7.87357,11.5511,1,0.734078
123,7,-1,0,3,4,12.0574,12.6085,1,0.498117
123,4,-1,0,0,1,-12.3173,-8.6913,1,0.621204
123,7,0,1,3,4,11.6955,13.6236,4,0.558583
123,7,1,2,3,4,10.795,12.7271,3,0.606436
123,7,1,3,3,4,12.9437,13.3735,3,0.553138
123,6,0,4,2,3,-8.85306,10.7691,0,0.681958
123,7,0,4,3,4,12.5213,11.7299,2,0.454509
123,6,4,5,2,3,-10.173,10.4558,0,0.622255
123,7,4,5,3,4,12.7471,11.0949,3,0.432722
123,6,5,6,2,3,-11.417,10.0218,0,0.691368
123,9,-1,0,7,4,-3.71826,-22.395,1,0.171812
123,6,6,7,2,3,-12.6763,10.3582,0,0.659082
123,6,7,8,2,3,-13.9384,10.1029,0,0.612209
123,11,-1,0,6,3,-19.1973,18.9235,1,0.121038
123,11,0,1,6,3,-20.2221,18.9125,4,0.0928128
123,9,0,1,7,4,-4.70594,-22.708,4,0.153715
123,11,1,2,6,3,-19.1961,18.0548,3,0.0968209
123,11,1,3,6,3,-19.4928,19.9817,3,0.07513
123,11,0,4,6,3,-17.9248,18.6788,0,0.145127
123,4,0,1,0,1,-13.1234,-8.94009,8,1.84005
123,11,4,5,6,3,-17.2468,17.481,0,0.1648
123,11,5,6,6,3,-16.5698,16.3815,0,0.179878
123,11,6,7,6,3,-16.7239,15.0962,0,0.190118
123,9,1,2,7,4,-3.6045,-23.3288,3,0.147868
123,11,7,8,6,3,-16.4947,13.8283,0,0.195302
123,14,-1,0,11,3,-10.0596,12.4328,1,0.347171
123,14,0,1,11,3,-9.32864,11.6611,4,0.297348
123,14,1,2,11,3,-9.41057,12.9523,3,0.265282
123,14,1,3,11,3,-10.54,11.2515,3,0.292914
123,14,0,4,11,3,-10.7874,13.4929,0,0.313729
123,4,0,2,0,1,-11.7277,-9.28242,8,1.91387
123,9,1,3,7,4,-4.20618,-21.481,3,0.15609
123,9,0,4,7,4,-2.72088,-22.0036,2,0.18364
123,14,4,5,11,3,-10.8465,14.8027,0,0.31315
123,9,4,5,7,4,-1.67676,-21.7924,3,0.187855
123,17,-1,0,3,4,8.00189,3.55717,1,0.226861
123,18,-1,0,9,4,5.0232,-13.4341,1,0.169971
123,17,0,1,3,4,8.67575,4.37618,4,0.209144
123,17,1,2,3,4,7.41975,4.57586,3,0.193171
123,17,1,3,3,4,8.57398,3.09813,3,0.21912
123,17,0,4,3,4,7.75353,2.55899,2,0.254971
123,17,4,5,3,4,7.04641,1.54767,3,0.311626
123,18,0,1,9,4,4.01235,-13.7417,4,0.164179
123,22,-1,0,1,2,-7.52819,-6.68674,1,0.298384
123,22,0,1,1,2,-8.42378,-6.43581,4,0.292908
123,23,-1,0,17,4,-1.28926,10.962,1,0.259129
123,18,1,2,9,4,5.06359,-14.4319,3,0.138099
123,22,1,2,1,2,-7.66458,-7.50678,3,0.310834
123,23,0,1,17,4,-1.74796,9.97775,4,0.252553
123,18,1,3,9,4,4.36202,-12.5339,3,0.163768
123,22,1,3,1,2,-7.36466,-5.68633,3,0.277071
123,23,1,2,17,4,-0.460509,10.0776,3,0.252405
123,24,-1,0,22,2,9.1533,-7.61662,1,0.454242
123,18,0,4,9,4,6.04335,-13.1825,2,0.110746
123,23,1,3,17,4,-2.16719,11.1978,3,0.251802
123,14,5,6,11,3,-10.2385,15.8797,0,0.337736
123,24,0,1,22,2,9.94498,-8.09726,4,0.372183
123,18,4,5,9,4,6.77512,-13.1965,3,0.0707638
123,23,0,4,17,4,-0.736301,11.8807,2,0.25962
123,24,1,2,22,2,9.51436,-6.84695,3,0.366242
123,23,4,5,17,4,0.278817,12.8432,3,0.255332
123,14,6,7,11,3,-8.96115,15.7736,0,0.369847
123,24,1,3,22,2,8.70786,-8.57741,3,0.342769
123,27,-1,0,23,4,-3.07962,3.50744,1,0.344675
123,28,-1,0,24,2,-2.51068,-14.596,1,0.729337
123,14,7,8,11,3,-7.70096,15.9468,0,0.393772
123,27,0,1,23,4,-4.11293,3.47352,4,0.34007
123,27,1,2,23,4,-3.434,2.35284,3,0.344872
123,28,0,1,24,2,-3.03219,-15.363,4,0.839451
123,29,-1,0,14,3,-10.083,13.2626,1,0.240495
123,27,1,3,23,4,-3.38894,4.53353,3,0.340456
123,30,-1,0,9,4,-9.22246,-11.1716,1,0.434364
123,29,0,1,14,3,-9.06684,13.6251,4,0.41041
123,27,0,4,23,4,-2.0642,3.65204,2,0.357672
123,30,0,1,9,4,-8.12765,-11.2435,4,0.409809
123,29,1,2,14,3,-10.1835,14.2883,3,0.391583
123,33,-1,0,17,4,-1.39417,-0.182129,1,0.457838
123,30,1,2,9,4,-8.94515,-10.2872,3,0.418988
123,29,1,3,14,3,-9.0325,12.3282,3,0.360301
123,33,0,1,17,4,-2.40773,-0.420017,4,0.579441
123,35,-1,0,11,3,-19.8347,18.4226,1,0.182259
123,30,1,3,9,4,-9.14493,-11.9771,3,0.389642
123,29,0,4,14,3,-11.4014,13.1911,0,0.141533
123,33,1,2,17,4,-1.29928,-1.04093,3,0.618835
123,35,0,1,11,3,-20.8603,18.2748,4,0.159453
123,30,0,4,9,4,-10.2767,-11.0157,2,0.457386
123,29,4,5,14,3,-12.4698,14.1528,0,0.0882726
123,33,1,3,17,4,-1.89757,0.791692,3,0.664962
123,35,1,2,11,3,-19.7922,17.5195,3,0.165213
123,30,4,5,9,4,-11.421,-10.5645,3,0.470696
123,27,4,5,23,4,-1.33063,3.56603,3,0.376703
123,28,1,2,24,2,-1.77415,-14.99,3,0.682686
123,29,5,6,14,3,-13.4731,15.0673,0,0.060405
123,33,0,4,17,4,-0.420533,0.244657,2,0.393303
123,35,1,3,11,3,-20.529,19.5575,3,0.143857
123,37,-1,0,30,4,-7.53522,-11.5574,1,0.885817
123,38,-1,0,27,4,-2.75545,2.74846,1,1.11144
123,33,4,5,17,4,0.586602,0.503588,3,0.381393
123,29,6,7,14,3,-13.8941,16.3223,0,0.0483507
123,35,0,4,11,3,-18.5706,18.4938,0,0.199866
123,37,0,1,30,4,-6.60131,-12.1286,4,1.04948
123,38,0,1,27,4,-3.0353,1.73629,4,1.13305
123,40,-1,0,33,4,-1.03961,0.483214,1,0.595611
123,35,4,5,11,3,-17.2131,18.2586,0,0.212601
123,37,1,2,30,4,-6.64654,-10.8716,3,1.12674
123,28,1,3,24,2,-3.3803,-14.0786,3,0.803919
123,35,5,6,11,3,-15.9008,18.186,0,0.220876
123,37,1,3,30,4,-7.68936,-12.7439,3,1.13228
123,38,1,2,27,4,-1.9408,2.37636,3,1.19888
123,35,6,7,11,3,-14.8014,17.488,0,0.224952
123,37,0,4,30,4,-8.55927,-11.1489,2,0.840516
123,39,-1,0,22,2,-6.76375,-6.42496,1,0.193333
123,41,-1,0,9,4,-4.47426,-22.0985,1,0.1082
123,41,0,1,9,4,-3.58518,-21.6419,4,0.101532
123,42,-1,0,17,4,7.10858,3.58914,1,0.320661
123,43,-1,0,23,4,-0.649692,10.6136,1,0.272355
123,41,1,2,9,4,-4.8687,-21.3056,3,0.107663
123,42,0,1,17,4,6.23312,2.92711,4,0.306909
123,43,0,1,23,4,-0.94572,9.59902,4,0.298335
123,42,1,2,17,4,7.44288,2.97172,3,0.301621
123,44,-1,0,24,2,9.03968,-6.81414,1,0.562571
123,43,1,2,23,4,0.258231,10.1064,3,0.266697
123,38,1,3,27,4,-3.66504,2.87957,3,1.19548
123,42,1,3,17,4,6.24925,4.16937,3,0.304156
123,44,0,1,24,2,9.99121,-7.14242,4,0.610122
123,42,0,4,17,4,7.9593,4.18481,2,0.326328
123,4,0,3,0,1,-12.0137,-7.91851,8,1.85808
123,36,-1,0,1,2,12.5693,-0.233566,1,0.348667
123,45,-1,0,4,1,-8.16027,-9.17225,1,0.309189
123,44,1,2,24,2,9.34182,-5.99283,3,0.567225
123,45,0,1,4,1,-7.76605,-8.42804,8,0.958923
123,43,1,3,23,4,-1.86947,10.5178,3,0.24693
123,45,0,2,4,1,-8.99475,-9.18197,8,0.911604
123,46,-1,0,28,2,-0.676543,-16.6449,1,0.600325
123,45,0,3,4,1,-7.83281,-9.92556,8,0.929618
123,40,0,1,33,4,-0.0607594,0.803256,4,0.691042
123,46,0,1,28,2,-1.11135,-17.4503,4,0.603791
123,47,-1,0,7,4,11.292,12.2432,1,0.602115
123,46,1,2,28,2,0.0688147,-16.8556,3,0.595769
123,47,0,1,7,4,10.4071,12.9013,4,0.640367
123,40,1,2,33,4,-1.14046,1.46173,3,0.575832
123,47,1,2,7,4,10.6511,11.6632,3,0.727825
123,46,1,3,28,2,-1.36493,-16.1598,3,0.617247
123,40,1,3,33,4,-0.484084,-0.444347,3,0.57455
123,37,4,5,30,4,-9.38332,-10.5588,3,0.844043
123,47,1,3,7,4,11.6551,12.898,3,0.659453
123,40,0,4,33,4,-1.9953,0.0993471,2,0.606703
123,48,-1,0,37,4,-7.37102,-10.6813,1,0.63
124,0,-1,0,4294967295,1,-14.2344,-7.69002,1,0.419079
124,0,0,1,4294967295,1,-13.3953,-7.77615,8,1.21066
124,0,0,2,4294967295,1,-14.5483,-6.91469,8,1.28322
124,0,0,3,4294967295,1,-14.8117,-8.28639,8,1.2989
124,1,-1,0,4294967295,2,12.0963,0.730372,1,0.380535
124,1,0,1,4294967295,2,11.9331,1.64091,4,0.385679
124,1,1,2,4294967295,2,11.3178,0.477183,3,0.379598
124,1,1,3,4294967295,2,13.0636,0.991476,3,0.409101
124,6,-1,0,2,3,-7.82334,11.3071,1,0.184848
124,7,-1,0,3,4,11.8342,13.3957,1,0.12561
124,4,-1,0,0,1,-12.3724,-8.55962,1,0.461577
124,7,0,1,3,4,11.6624,14.4332,4,0.622038
124,7,1,2,3,4,10.8273,13.4706,3,0.635483
124,7,1,3,3,4,12.58,13.5508,3,0.620035
124,6,0,4,2,3,-8.87829,10.6404,0,0.627579
124,7,0,4,3,4,12.3497,12.4899,2,0.477009
124,6,4,5,2,3,-10.136,10.348,0,0.682095
124,7,4,5,3,4,12.7913,11.334,3,0.474457
124,6,5,6,2,3,-11.2664,9.81527,0,0.697448
124,9,-1,0,7,4,-3.83614,-22.4392,1,0.1451
124,6,6,7,2,3,-12.4933,10.1128,0,0.69774
124,6,7,8,2,3,-13.7611,10.0236,0,0.705241
124,11,-1,0,6,3,-19.5801,18.7998,1,0.0976733
124,11,0,1,6,3,-20.5838,18.6588,4,0.0689588
124,9,0,1,7,4,-4.80355,-22.5929,4,0.128891
124,11,1,2,6,3,-19.446,17.9548,3,0.0735268
124,11,1,3,6,3,-20.0359,19.8307,3,0.049714
124,11,0,4,6,3,-18.284,18.7175,0,0.121854
124,4,0,1,0,1,-13.3509,-8.79214,8,1.79485
124,11,4,5,6,3,-17.4591,17.6146,0,0.14136
124,11,5,6,6,3,-16.6611,16.6022,0,0.156154
124,11,6,7,6,3,-16.6813,15.3089,0,0.166124
124,9,1,2,7,4,-3.77427,-23.3511,3,0.120601
124,11,7,8,6,3,-16.3194,14.073,0,0.171147
124,14,-1,0,11,3,-9.17636,12.4999,1,0.306633
124,14,0,1,11,3,-8.36052,11.8134,4,0.295042
124,14,1,2,11,3,-8.53664,13.1117,3,0.264752
124,14,1,3,11,3,-9.53763,11.2634,3,0.263649
124,14,0,4,11,3,-10.0446,13.4298,0,0.313893
124,4,0,2,0,1,-11.8225,-9.18691,8,1.75774
124,9,1,3,7,4,-4.05511,-21.4952,3,0.133748
124,9,0,4,7,4,-2.91303,-22.1744,2,0.154203
124,14,4,5,11,3,-10.3203,14.7216,0,0.334996
124,9,4,5,7,4,-2.19737,-22.165,3,0.154419
124,17,-1,0,3,4,7.91225,3.36895,1,0.223849
124,18,-1,0,9,4,4.45446,-13.5526,1,0.186264
124,17,0,1,3,4,8.57378,4.2311,4,0.212901
124,17,1,2,3,4,7.351,4.67445,3,0.177689
124,17,1,3,3,4,8.79909,2.98415,3,0.250519
124,17,0,4,3,4,7.50855,2.28445,2,0.237067
124,17,4,5,3,4,7.02204,1.26171,3,0.245378
124,18,0,1,9,4,3.61586,-14.1504,4,0.290571
124,22,-1,0,1,2,-7.96386,-6.5711,1,0.383787
124,22,0,1,1,2,-8.88416,-6.64034,4,0.36112
124,23,-1,0,17,4,-1.6256,10.6176,1,0.22884
124,18,1,2,9,4,4.84366,-14.4479,3,0.201169
124,22,1,2,1,2,-7.79893,-7.38226,3,0.342153
124,23,0,1,17,4,-1.82946,9.51039,4,0.213789
124,18,1,3,9,4,3.98885,-12.9448,3,0.320501
124,22,1,3,1,2,-8.15604,-5.54241,3,0.329233
124,23,1,2,17,4,-0.59893,9.80287,3,0.209143
124,24,-1,0,22,2,9.63383,-7.41035,1,0.415524
124,18,0,4,9,4,5.21078,-12.8206,2,0.123543
124,23,1,3,17,4,-2.81321,10.3028,3,0.208881
124,14,5,6,11,3,-10.2139,15.9839,0,0.371693
124,24,0,1,22,2,10.458,-7.92183,4,0.421686
124,18,4,5,9,4,6.35671,-12.1393,3,0.0947116
124,23,0,4,17,4,-1.42041,11.6553,2,0.234366
124,24,1,2,22,2,10.4774,-6.57448,3,0.47551
124,23,4,5,17,4,-1.08775,12.473,3,0.233771
124,14,6,7,11,3,-8.9666,16.2801,0,0.416653
124,24,1,3,22,2,9.18037,-8.26873,3,0.387219
124,27,-1,0,23,4,-3.62609,3.21832,1,0.346136
124,28,-1,0,24,2,-2.89128,-14.8757,1,0.857035
124,14,7,8,11,3,-7.70041,16.4863,0,0.449042
124,27,0,1,23,4,-4.62722,3.42394,4,0.332676
124,27,1,2,23,4,-4.31679,2.16822,3,0.39793
124,28,0,1,24,2,-3.36986,-15.6747,4,1.00107
124,29,-1,0,14,3,-9.32658,13.3303,1,0.240668
124,27,1,3,23,4,-3.47057,3.98772,3,0.321096
124,30,-1,0,9,4,-8.78117,-11.3894,1,0.407816
124,29,0,1,14,3,-8.39178,13.8588,4,0.306634
124,27,0,4,23,4,-2.64173,3.18257,2,0.371709
124,30,0,1,9,4,-7.7512,-11.5643,4,0.384284
124,29,1,2,14,3,-9.57091,14.3915,3,0.322136
124,33,-1,0,17,4,-1.55226,-0.181122,1,0.488744
124,30,1,2,9,4,-8.0699,-10.2799,3,0.385171
124,29,1,3,14,3,-8.1989,12.5651,3,0.338932
124,33,0,1,17,4,-2.51452,-0.469793,4,0.577396
124,35,-1,0,11,3,-20.1382,18.1948,1,0.157358
124,30,1,3,9,4,-8.76758,-12.3261,3,0.373679
124,29,0,4,14,3,-10.6249,13.0505,0,0.169486
124,33,1,2,17,4,-1.37166,-1.09235,3,0.628243
124,35,0,1,11,3,-21.1064,17.813,4,0.133523
124,30,0,4,9,4,-9.82981,-11.2853,2,0.423386
124,29,4,5,14,3,-11.917,13.6743,0,0.11195
124,33,1,3,17,4,-2.26675,0.823525,3,0.635057
124,35,1,2,11,3,-19.9029,17.2965,3,0.139402
124,30,4,5,9,4,-10.9064,-10.9209,3,0.428833
124,27,4,5,23,4,-1.65603,2.95759,3,0.389783
124,28,1,2,24,2,-2.10504,-15.3083,3,0.943101
124,29,5,6,14,3,-13.1733,14.2023,0,0.0745299
124,33,0,4,17,4,-0.516227,-0.0367199,2,0.429221
124,35,1,3,11,3,-21.1184,19.1349,3,0.117048
124,37,-1,0,30,4,-6.96328,-11.2691,1,0.761534
124,38,-1,0,27,4,-3.19521,2.50366,1,1.13519
124,33,4,5,17,4,0.181943,-0.228458,3,0.395491
124,29,6,7,14,3,-13.9999,15.2474,0,0.0567092
124,35,0,4,11,3,-18.9081,18.4989,0,0.175867
124,37,0,1,30,4,-5.91523,-11.605,4,1.03417
124,38,0,1,27,4,-3.65318,1.55865,4,1.15277
124,40,-1,0,33,4,-1.15673,0.494382,1,0.607974
124,35,4,5,11,3,-17.5382,18.3872,0,0.189273
124,37,1,2,30,4,-5.85948,-10.3296,3,1.1079
124,28,1,3,24,2,-3.90419,-14.4608,3,1.08243
124,35,5,6,11,3,-16.2312,18.3444,0,0.197981
124,37,1,3,30,4,-6.99451,-12.1798,3,1.01158
124,38,1,2,27,4,-2.47871,2.0293,3,1.19903
124,35,6,7,11,3,-15.1427,17.6353,0,0.202267
124,37,0,4,30,4,-7.97995,-10.9536,2,0.769126
124,39,-1,0,22,2,-7.15998,-6.52652,1,0.177333
124,41,-1,0,9,4,-4.39944,-21.934,1,0.0813187
124,41,0,1,9,4,-3.4521,-21.4718,4,0.0748651
124,42,-1,0,17,4,7.0973,3.5781,1,0.289405
124,43,-1,0,23,4,-0.962324,10.2763,1,0.254686
124,41,1,2,9,4,-4.72653,-21.1933,3,0.0812114
124,42,0,1,17,4,6.29858,2.93268,4,0.270492
124,43,0,1,23,4,-1.07288,9.25551,4,0.324088
124,42,1,2,17,4,7.53968,2.89224,3,0.260073
124,44,-1,0,24,2,9.43207,-6.6204,1,0.570641
124,43,1,2,23,4,0.0276979,9.95658,3,0.232596
124,38,1,3,27,4,-3.98126,2.77334,3,1.15182
124,42,1,3,17,4,6.39416,4.19568,3,0.268902
124,44,0,1,24,2,10.1571,-7.17549,4,0.69033
124,42,0,4,17,4,7.86806,4.22375,2,0.298341
124,4,0,3,0,1,-12.017,-7.81021,8,1.72504
124,36,-1,0,1,2,12.3836,-0.0227791,1,0.332667
124,45,-1,0,4,1,-8.0854,-9.05715,1,0.302813
124,44,1,2,24,2,9.79646,-5.90668,3,0.638947
124,45,0,1,4,1,-7.73242,-8.30834,8,0.929139
124,43,1,3,23,4,-1.98648,10.1796,3,0.246669
124,45,0,2,4,1,-8.90352,-9.15679,8,0.901413
124,46,-1,0,28,2,-0.958551,-17.191,1,0.493254
124,45,0,3,4,1,-7.73261,-9.75867,8,0.911968
124,40,0,1,33,4,-0.163421,0.699087,4,0.607989
124,46,0,1,28,2,-1.32724,-18.0421,4,0.630819
124,47,-1,0,7,4,11.1607,12.8734,1,0.649962
124,46,1,2,28,2,-0.142815,-17.4812,3,0.731812
124,47,0,1,7,4,10.162,13.2814,4,0.720664
124,40,1,2,33,4,-1.21851,1.40244,3,0.595927
124,47,1,2,7,4,10.3849,12.0406,3,0.6689
124,46,1,3,28,2,-2.00681,-16.8862,3,0.733745
124,40,1,3,33,4,-0.925324,-0.353778,3,0.609369
124,37,4,5,30,4,-8.69258,-10.5624,3,0.806095
124,47,1,3,7,4,11.2639,13.9229,3,0.67084
124,40,0,4,33,4,-2.15272,0.193796,2,0.600044
124,48,-1,0,37,4,-6.32121,-10.8938,1,0.662904
124,49,-1,0,46,2,-0.773798,-16.405,1,0.504133
124,48,0,1,37,4,-6.94696,-10.1502,4,0.690696
124,50,-1,0,4,1,-12.9984,-8.70763,1,0.5156
124,47,0,4,7,4,12.1093,12.5494,2,0.534062
124,51,-1,0,6,3,-8.46978,11.8081,1,0.518933
125,0,-1,0,4294967295,1,-14.2412,-7.68644,1,0.448528
125,0,0,1,4294967295,1,-13.4029,-7.77459,8,1.40424
125,0,0,2,4294967295,1,-14.5522,-6.91002,8,1.35858
125,0,0,3,4294967295,1,-14.8205,-8.28086,8,1.29651
125,1,-1,0,4294967295,2,12.106,1.0612,1,0.379093
125,1,0,1,4294967295,2,11.6458,1.86274,4,0.386393
125,1,1,2,4294967295,2,11.4525,0.562208,3,0.377109
125,1,1,3,4294967295,2,12.9457,1.66569,3,0.41573
125,6,-1,0,2,3,-7.67214,11.0849,1,0.439274
125,7,-1,0,3,4,11.6897,13.7696,1,0.436975
125,4,-1,0,0,1,-12.402,-8.50126,1,0.205688
125,7,0,1,3,4,11.6128,14.7953,4,0.485582
125,7,1,2,3,4,10.4441,14.2444,3,0.501394
125,7,1,3,3,4,12.626,13.9749,3,0.52064
125,6,0,4,2,3,-8.85746,10.5216,0,0.502366
125,7,0,4,3,4,12.2247,12.7972,2,0.413939
125,6,4,5,2,3,-10.1457,10.2666,0,0.585091
125,7,4,5,3,4,12.6725,11.785,3,0.410439
125,6,5,6,2,3,-11.2468,9.70024,0,0.660879
125,9,-1,0,7,4,-4.09382,-22.4153,1,0.117417
125,6,6,7,2,3,-12.4685,9.97474,0,0.738628
125,6,7,8,2,3,-13.724,9.85227,0,0.812714
125,11,-1,0,6,3,-19.9822,18.5888,1,0.0736963
125,11,0,1,6,3,-20.9474,18.3128,4,0.0443154
125,9,0,1,7,4,-5.13325,-22.3999,4,0.101319
125,11,1,2,6,3,-19.7104,17.8042,3,0.0493873
125,11,1,3,6,3,-20.586,19.5543,3,0.023417
125,11,0,4,6,3,-18.6841,18.6668,0,0.0981714
125,4,0,1,0,1,-13.3601,-8.74207,8,1.80088
125,11,4,5,6,3,-17.7176,17.686,0,0.117716
125,11,5,6,6,3,-16.7873,16.7867,0,0.132413
125,11,6,7,6,3,-16.6284,15.4994,0,0.142252
125,9,1,2,7,4,-4.25205,-23.2916,3,0.0898436
125,11,7,8,6,3,-16.1051,14.32,0,0.147188
125,14,-1,0,11,3,-8.2627,12.6562,1,0.277358
125,14,0,1,11,3,-7.53308,11.9678,4,0.251716
125,14,1,2,11,3,-7.63112,13.2916,3,0.329897
125,14,1,3,11,3,-8.86093,11.719,3,0.234428
125,14,0,4,11,3,-9.22665,13.4384,0,0.304638
125,4,0,2,0,1,-11.8708,-9.13088,8,1.6889
125,9,1,3,7,4,-4.16948,-21.5318,3,0.108005
125,9,0,4,7,4,-3.03479,-22.338,2,0.126221
125,14,4,5,11,3,-9.78912,14.6114,0,0.331046
125,9,4,5,7,4,-1.67254,-22.4458,3,0.126526
125,17,-1,0,3,4,7.96155,3.24127,1,0.200363
125,18,-1,0,9,4,4.0452,-13.6417,1,0.190415
125,17,0,1,3,4,8.68664,4.00772,4,0.182861
125,17,1,2,3,4,7.46054,4.36199,3,0.160328
125,17,1,3,3,4,8.66365,2.72913,3,0.19745
125,17,0,4,3,4,7.60462,2.3286,2,0.209676
125,17,4,5,3,4,7.15016,1.83797,3,0.209669
125,18,0,1,9,4,3.37043,-14.4642,4,0.271953
125,22,-1,0,1,2,-8.38348,-6.49721,1,0.379607
125,22,0,1,1,2,-9.26463,-6.77491,4,0.382142
125,23,-1,0,17,4,-1.93361,10.0377,1,0.227493
125,18,1,2,9,4,4.62484,-14.4356,3,0.219221
125,22,1,2,1,2,-8.04446,-7.23484,3,0.36058
125,23,0,1,17,4,-2.09807,9.00772,4,0.236503
125,18,1,3,9,4,3.14633,-13.2308,3,0.315586
125,22,1,3,1,2,-8.74203,-5.57198,3,0.416459
125,23,1,2,17,4,-0.851132,9.33388,3,0.259681
125,24,-1,0,22,2,10.1054,-7.32428,1,0.462694
125,18,0,4,9,4,4.67074,-12.7723,2,0.139753
125,23,1,3,17,4,-2.89489,10.0704,3,0.2275
125,14,5,6,11,3,-10.0144,15.8597,0,0.35832
125,24,0,1,22,2,10.7449,-7.98175,4,0.497408
125,18,4,5,9,4,5.36238,-12.0653,3,0.11474
125,23,0,4,17,4,-2.11185,11.023,2,0.217459
125,24,1,2,22,2,11.1203,-6.6693,3,0.642067
125,23,4,5,17,4,-2.1307,11.8883,3,0.209485
125,14,6,7,11,3,-8.94324,16.5825,0,0.382915
125,24,1,3,22,2,9.40091,-7.99978,3,0.457031
125,27,-1,0,23,4,-4.00395,3.02799,1,0.396879
125,28,-1,0,24,2,-3.32282,-15.3109,1,0.946208
125,14,7,8,11,3,-7.81417,17.2352,0,0.397929
125,27,0,1,23,4,-4.92781,3.58041,4,0.399302
125,27,1,2,23,4,-5.24768,2.3257,3,0.398112
125,28,0,1,24,2,-3.55174,-16.1995,4,1.00094
125,29,-1,0,14,3,-8.50308,13.4558,1,0.227128
125,27,1,3,23,4,-3.69168,3.81248,3,0.398082
125,30,-1,0,9,4,-8.32392,-11.654,1,0.403138
125,29,0,1,14,3,-7.59699,14.0439,4,0.266015
125,27,0,4,23,4,-2.96047,2.73328,2,0.400215
125,30,0,1,9,4,-7.40962,-11.9802,4,0.369367
125,29,1,2,14,3,-8.81281,14.441,3,0.264234
125,33,-1,0,17,4,-1.80391,-0.266957,1,0.528402
125,30,1,2,9,4,-7.70255,-10.7054,3,0.351701
125,29,1,3,14,3,-7.36125,12.7375,3,0.292502
125,33,0,1,17,4,-2.83804,-0.565381,4,0.536938
125,35,-1,0,11,3,-20.4327,17.8941,1,0.133157
125,30,1,3,9,4,-8.60478,-12.5013,3,0.367675
125,29,0,4,14,3,-9.7791,13.0201,0,0.173279
125,33,1,2,17,4,-1.70083,-1.10583,3,0.557808
125,35,0,1,11,3,-21.29,17.3125,4,0.110632
125,30,0,4,9,4,-9.28031,-11.4587,2,0.425422
125,29,4,5,14,3,-11.2252,13.3331,0,0.123647
125,33,1,3,17,4,-2.67219,0.703768,3,0.538026
125,35,1,2,11,3,-19.9993,17.0695,3,0.114573
125,30,4,5,9,4,-9.90372,-11.1711,3,0.430241
125,27,4,5,23,4,-1.70584,2.30239,3,0.453458
125,28,1,2,24,2,-2.54511,-15.3664,3,1.06497
125,29,5,6,14,3,-12.6141,13.4576,0,0.0881153
125,33,0,4,17,4,-0.730841,-0.112887,2,0.541226
125,35,1,3,11,3,-21.5797,18.6113,3,0.101596
125,37,-1,0,30,4,-6.11069,-11.1567,1,0.565579
125,38,-1,0,27,4,-3.71808,2.27666,1,1.14033
125,33,4,5,17,4,0.615867,-0.423761,3,0.511557
125,29,6,7,14,3,-13.7975,14.104,0,0.0699551
125,35,0,4,11,3,-19.2847,18.4307,0,0.151795
125,37,0,1,30,4,-5.17887,-11.5214,4,0.832826
125,38,0,1,27,4,-4.2944,1.41981,4,1.14992
125,40,-1,0,33,4,-1.30165,0.354727,1,0.595075
125,35,4,5,11,3,-17.9094,18.4499,0,0.165651
125,37,1,2,30,4,-5.53855,-10.2531,3,0.939201
125,28,1,3,24,2,-4.1775,-15.0241,3,0.989111
125,35,5,6,11,3,-16.607,18.5257,0,0.174746
125,37,1,3,30,4,-6.4187,-11.9752,3,0.918156
125,38,1,2,27,4,-3.03311,1.61069,3,1.18259
125,35,6,7,11,3,-15.4649,17.9079,0,0.17924
125,37,0,4,30,4,-7.11182,-11.0932,2,0.71201
125,39,-1,0,22,2,-7.58285,-6.59977,1,0.161333
125,41,-1,0,9,4,-4.63819,-21.8368,1,0.0546091
125,41,0,1,9,4,-3.58756,-21.7146,4,0.0481984
125,42,-1,0,17,4,7.03448,3.3647,1,0.293
125,43,-1,0,23,4,-1.16635,9.90263,1,0.269752
125,41,1,2,9,4,-4.62526,-20.9257,3,0.0545877
125,42,0,1,17,4,6.0479,2.87154,4,0.336732
125,43,0,1,23,4,-1.28525,8.85159,4,0.269873
125,42,1,2,17,4,7.26579,2.77861,3,0.280777
125,44,-1,0,24,2,9.84888,-6.58032,1,0.628882
125,43,1,2,23,4,-0.119773,9.43471,3,0.354238
125,38,1,3,27,4,-4.65638,2.65628,3,1.14296
125,42,1,3,17,4,6.45629,4.03158,3,0.27021
125,44,0,1,24,2,10.6543,-7.00863,4,0.641862
125,42,0,4,17,4,7.92913,3.84993,2,0.27854
125,4,0,3,0,1,-12.043,-7.7423,8,1.66974
125,36,-1,0,1,2,12.2022,0.260769,1,0.316667
125,45,-1,0,4,1,-8.03281,-8.84228,1,0.304383
125,44,1,2,24,2,10.048,-5.82926,3,0.666486
125,45,0,1,4,1,-7.84197,-8.02334,8,1.01297
125,43,1,3,23,4,-2.32263,9.62345,3,0.264348
125,45,0,2,4,1,-8.84835,-9.00433,8,0.888895
125,46,-1,0,28,2,-1.26421,-17.673,1,0.508635
125,45,0,3,4,1,-7.51085,-9.50078,8,0.89508
125,40,0,1,33,4,-0.250298,0.428079,4,0.645631
125,46,0,1,28,2,-1.53437,-18.572,4,0.617318
125,47,-1,0,7,4,10.812,13.6386,1,0.687571
125,46,1,2,28,2,-0.460116,-17.8336,3,0.651184
125,47,0,1,7,4,9.77878,13.9117,4,0.763592
125,40,1,2,33,4,-1.10149,1.34583,3,0.578389
125,47,1,2,7,4,10.3845,12.786,3,0.739867
125,46,1,3,28,2,-2.26418,-17.461,3,0.747653
125,40,1,3,33,4,-1.04989,-0.608538,3,0.59571
125,37,4,5,30,4,-8.36741,-10.5474,3,0.7688
125,47,1,3,7,4,10.6664,14.8335,3,0.850211
125,40,0,4,33,4,-2.32904,0.160008,2,0.585844
125,48,-1,0,37,4,-5.41926,-10.8787,1,0.705374
125,49,-1,0,46,2,-0.769836,-17.0197,1,0.544348
125,48,0,1,37,4,-6.26292,-10.2777,4,0.656526
125,50,-1,0,4,1,-13.0651,-8.47382,1,0.463036
125,47,0,4,7,4,11.6705,13.1359,2,0.631767
125,51,-1,0,6,3,-8.37412,11.2695,1,0.622933
125,49,0,1,46,2,-0.771461,-16.0943,4,0.550586
125,48,1,2,37,4,-6.22396,-11.5694,3,0.563287
125,50,0,1,4,1,-13.8808,-8.71395,8,0.555364
126,0,-1,0,4294967295,1,-14.376,-7.51262,1,0.442664
126,0,0,1,4294967295,1,-13.5388,-7.38433,8,1.36369
126,0,0,2,4294967295,1,-14.7838,-6.79065,8,1.33694
126,0,0,3,4294967295,1,-14.7556,-8.27062,8,1.30057
126,1,-1,0,4294967295,2,11.9805,1.35007,1,0.362287
126,1,0,1,4294967295,2,11.4397,2.11381,4,0.356947
126,1,1,2,4294967295,2,11.3394,0.816583,3,0.348799
126,1,1,3,4294967295,2,12.7507,2.09345,3,0.369593
126,6,-1,0,2,3,-7.32465,10.4394,1,0.353104
126,7,-1,0,3,4,11.4988,14.273,1,0.429763
126,4,-1,0,0,1,-12.3742,-8.71199,1,0.539952
126,7,0,1,3,4,11.4931,15.2995,4,0.441827
126,7,1,2,3,4,10.3698,14.7068,3,0.435965
126,7,1,3,3,4,12.3062,14.2962,3,0.462403
126,6,0,4,2,3,-8.57888,10.295,0,0.474046
126,7,0,4,3,4,11.9327,13.307,2,0.413441
126,6,4,5,2,3,-9.93935,10.2851,0,0.583789
126,7,4,5,3,4,12.0364,12.5827,3,0.399357
126,6,5,6,2,3,-11.1677,9.77517,0,0.668005
126,9,-1,0,7,4,-4.22946,-22.39,1,0.0890946
126,6,6,7,2,3,-12.4895,9.89993,0,0.733856
126,6,7,8,2,3,-13.7734,9.63074,0,0.760151
126,11,-1,0,6,3,-20.3328,18.3042,1,0.0703332
126,11,0,1,6,3,-21.2465,17.8695,4,0.0511488
126,9,0,1,7,4,-5.23569,-22.1424,4,0.0840294
126,11,1,2,6,3,-19.9515,17.5487,3,0.0510553
126,11,1,3,6,3,-21.0529,19.1615,3,0.0378467
126,11,0,4,6,3,-19.0635,18.5722,0,0.0830508
126,4,0,1,0,1,-13.0854,-9.19646,8,1.76022
126,11,4,5,6,3,-17.9884,17.7151,0,0.0965008
126,11,5,6,6,3,-16.9473,16.9398,0,0.109186
126,11,6,7,6,3,-16.587,15.6887,0,0.118515
126,9,1,2,7,4,-4.77382,-23.3152,3,0.0569052
126,11,7,8,6,3,-15.8812,14.6027,0,0.123336
126,14,-1,0,11,3,-7.75182,12.7131,1,0.268993
126,14,0,1,11,3,-7.19857,11.843,4,0.235168
126,14,1,2,11,3,-6.87281,13.1209,3,0.238436
126,14,1,3,11,3,-8.41286,12.25,3,0.206544
126,14,0,4,11,3,-8.54422,13.703,0,0.302555
126,4,0,2,0,1,-11.6182,-9.07873,8,1.67501
126,9,1,3,7,4,-4.14265,-21.3992,3,0.185357
126,9,0,4,7,4,-3.17291,-22.4851,2,0.0973892
126,14,4,5,11,3,-9.18903,14.7829,0,0.338298
126,9,4,5,7,4,-2.29323,-22.7207,3,0.0994718
126,17,-1,0,3,4,7.97838,3.15139,1,0.202694
126,18,-1,0,9,4,3.54104,-13.914,1,0.205139
126,17,0,1,3,4,8.72157,3.89976,4,0.158239
126,17,1,2,3,4,7.48522,4.28773,3,0.133145
126,17,1,3,3,4,8.51344,2.63397,3,0.163157
126,17,0,4,3,4,7.58035,2.13598,2,0.26436
126,17,4,5,3,4,6.7394,1.07544,3,0.295592
126,18,0,1,9,4,3.1937,-14.8495,4,0.315378
126,22,-1,0,1,2,-8.77826,-6.54287,1,0.410118
126,22,0,1,1,2,-9.67001,-6.77473,4,0.424987
126,23,-1,0,17,4,-2.24452,9.44862,1,0.203977
126,18,1,2,9,4,4.38921,-14.3834,3,0.229917
126,22,1,2,1,2,-8.46642,-7.28396,3,0.502867
126,23,0,1,17,4,-2.47327,8.42655,4,0.212024
126,18,1,3,9,4,2.59504,-13.7289,3,0.251476
126,22,1,3,1,2,-9.08896,-5.59775,3,0.444723
126,23,1,2,17,4,-1.25573,8.74916,3,0.295614
126,24,-1,0,22,2,10.5775,-7.41571,1,0.139235
126,18,0,4,9,4,3.92356,-12.9967,2,0.15433
126,23,1,3,17,4,-2.88923,9.6811,3,0.208283
126,14,5,6,11,3,-9.67801,15.8818,0,0.367398
126,24,0,1,22,2,10.8866,-8.30103,4,0.610398
126,18,4,5,9,4,4.42669,-12.3925,3,0.126877
126,23,0,4,17,4,-2.37663,10.5058,2,0.200126
126,24,1,2,22,2,11.7266,-7.27558,3,0.639403
126,23,4,5,17,4,-2.46608,11.8943,3,0.192479
126,14,6,7,11,3,-8.86439,16.8453,0,0.379148
126,24,1,3,22,2,9.66289,-7.77566,3,0.590328
126,27,-1,0,23,4,-4.23259,2.96086,1,0.388832
126,28,-1,0,24,2,-3.56243,-15.7735,1,1.07666
126,14,7,8,11,3,-8.18658,17.9434,0,0.380782
126,27,0,1,23,4,-4.96073,3.76045,4,0.364316
126,27,1,2,23,4,-5.52502,2.62923,3,0.352576
126,28,0,1,24,2,-3.8968,-16.6324,4,1.13228
126,29,-1,0,14,3,-7.76171,13.5021,1,0.195552
126,27,1,3,23,4,-3.70982,3.88666,3,0.362598
126,30,-1,0,9,4,-7.6818,-11.9696,1,0.374599
126,29,0,1,14,3,-6.72773,13.7808,4,0.229681
126,27,0,4,23,4,-3.38754,2.38562,2,0.414635
126,30,0,1,9,4,-6.82324,-12.5525,4,0.343325
126,29,1,2,14,3,-7.63721,14.6861,3,0.198709
126,33,-1,0,17,4,-1.8634,-0.443145,1,0.509222
126,30,1,2,9,4,-7.25867,-11.3929,3,0.324061
126,29,1,3,14,3,-7.01641,12.4897,3,0.307326
126,33,0,1,17,4,-2.87919,-0.781611,4,0.5033
126,35,-1,0,11,3,-20.6835,17.5752,1,0.111644
126,30,1,3,9,4,-8.09937,-12.526,3,0.345523
126,29,0,4,14,3,-9.01556,13.1076,0,0.17162
126,33,1,2,17,4,-1.76837,-1.39537,3,0.516608
126,35,0,1,11,3,-21.5028,16.9588,4,0.0908731
126,30,0,4,9,4,-8.65681,-11.5344,2,0.414602
126,29,4,5,14,3,-10.444,13.1355,0,0.175226
126,33,1,3,17,4,-2.91383,0.498107,3,0.491005
126,35,1,2,11,3,-20.2044,16.7833,3,0.0905339
126,30,4,5,9,4,-9.83045,-10.8929,3,0.483617
126,27,4,5,23,4,-2.92978,1.89455,3,0.436534
126,28,1,2,24,2,-2.76895,-15.9628,3,1.14992
126,29,5,6,14,3,-11.7854,12.8426,0,0.201992
126,33,0,4,17,4,-0.802701,-0.27914,2,0.507987
126,35,1,3,11,3,-21.7965,18.261,3,0.0856341
126,37,-1,0,30,4,-5.73835,-11.1799,1,0.271918
126,38,-1,0,27,4,-4.28217,2.07435,1,1.15123
126,33,4,5,17,4,0.116565,-0.272642,3,0.503551
126,29,6,7,14,3,-13.1078,13.0545,0,0.146325
126,35,0,4,11,3,-19.6202,18.2522,0,0.128994
126,37,0,1,30,4,-4.63059,-11.3805,4,0.932742
126,38,0,1,27,4,-5.06005,1.32819,4,1.1596
126,40,-1,0,33,4,-1.29403,0.16301,1,0.623528
126,35,4,5,11,3,-18.2694,18.4504,0,0.142369
126,37,1,2,30,4,-5.11164,-10.1725,3,0.856674
126,28,1,3,24,2,-4.46863,-15.4281,3,1.19889
126,35,5,6,11,3,-16.9973,18.7074,0,0.15142
126,37,1,3,30,4,-5.24225,-12.5153,3,0.886124
126,38,1,2,27,4,-3.80205,1.21292,3,1.14289
126,35,6,7,11,3,-15.78,18.2611,0,0.15597
126,37,0,4,30,4,-6.81006,-10.8944,2,0.700026
126,39,-1,0,22,2,-7.97448,-6.50838,1,0.145333
126,41,-1,0,9,4,-4.68864,-21.7282,1,0.0279339
126,41,0,1,9,4,-3.68232,-21.8329,4,0.0215317
126,42,-1,0,17,4,7.1442,3.40753,1,0.266566
126,43,-1,0,23,4,-1.53647,9.25284,1,0.257372
126,41,1,2,9,4,-4.54504,-20.8299,3,0.0279296
126,42,0,1,17,4,6.21668,2.86188,4,0.254111
126,43,0,1,23,4,-1.73138,8.20713,4,0.252914
126,42,1,2,17,4,7.42324,2.7015,3,0.254531
126,44,-1,0,24,2,10.1734,-6.41839,1,0.65412
126,43,1,2,23,4,-0.579769,8.77883,3,0.252442
126,38,1,3,27,4,-4.84229,2.56127,3,1.15137
126,42,1,3,17,4,6.35552,4.10798,3,0.245886
126,44,0,1,24,2,10.9972,-6.95118,4,0.653764
126,42,0,4,17,4,8.03073,3.93454,2,0.27025
126,4,0,3,0,1,-12.3679,-7.86961,8,1.56602
126,36,-1,0,1,2,12.2483,0.582427,1,0.300667
126,45,-1,0,4,1,-7.98036,-8.69855,1,0.309377
126,44,1,2,24,2,10.3466,-5.70656,3,0.660791
126,45,0,1,4,1,-7.83753,-7.8638,8,0.960152
126,43,1,3,23,4,-2.79638,8.97093,3,0.256293
126,45,0,2,4,1,-8.77566,-8.96794,8,0.996732
126,46,-1,0,28,2,-1.35402,-18.2167,1,0.353986
126,45,0,3,4,1,-7.41979,-9.31252,8,0.891072
126,40,0,1,33,4,-0.268407,0.0626423,4,0.587546
126,46,0,1,28,2,-1.71504,-19.06,4,0.58847
126,47,-1,0,7,4,10.6228,14.0765,1,0.709087
126,46,1,2,28,2,-0.633616,-18.2972,3,0.820688
126,47,0,1,7,4,9.59725,14.2865,4,0.766926
126,40,1,2,33,4,-0.913658,1.11444,3,0.564011
126,47,1,2,7,4,10.4448,13.3202,3,0.748006
126,46,1,3,28,2,-2.32756,-17.8577,3,0.696896
126,40,1,3,33,4,-1.20841,-0.836743,3,0.58749
126,37,4,5,30,4,-7.65386,-10.5801,3,0.708346
126,47,1,3,7,4,10.2959,15.3323,3,0.849985
126,40,0,4,33,4,-2.28825,0.231751,2,0.726852
126,48,-1,0,37,4,-4.98482,-10.9152,1,0.703066
126,49,-1,0,46,2,-0.856956,-17.5219,1,0.703444
126,48,0,1,37,4,-5.87457,-10.5502,4,0.646103
126,50,-1,0,4,1,-12.9838,-8.23381,1,0.313494
126,47,0,4,7,4,11.3633,13.4631,2,0.676698
126,51,-1,0,6,3,-7.93327,10.9444,1,0.56825
126,49,0,1,46,2,-0.703653,-16.5713,4,0.550861
126,48,1,2,37,4,-5.23772,-11.724,3,0.615773
126,50,0,1,4,1,-13.8131,-8.10688,8,0.912906
126,49,1,2,46,2,-1.69579,-17.4094,3,0.508341
126,51,0,1,6,3,-8.79633,11.4312,4,0.537883
126,44,1,3,24,2,11.5868,-5.66804,3,0.638807
126,48,1,3,37,4,-4.63196,-10.8407,3,0.639844
127,0,-1,0,4294967295,1,-14.4669,-7.21829,1,0.447851
127,0,0,1,4294967295,1,-13.7108,-6.83997,8,1.42576
127,0,0,2,4294967295,1,-15.1639,-6.76834,8,1.32378
127,0,0,3,4294967295,1,-14.6733,-8.01594,8,1.30247
127,1,-1,0,4294967295,2,11.7274,1.66093,1,0.345345
127,1,0,1,4294967295,2,11.3438,2.50964,4,0.353428
127,1,1,2,4294967295,2,10.9994,1.25552,3,0.382288
127,1,1,3,4294967295,2,12.6055,2.14909,3,0.346805
127,6,-1,0,2,3,-7.29507,10.0204,1,0.216488
127,7,-1,0,3,4,11.2264,14.8564,1,0.423017
127,4,-1,0,0,1,-12.2336,-8.73071,1,0.498783
127,7,0,1,3,4,11.3268,15.9011,4,0.428048
127,7,1,2,3,4,10.4672,15.0602,3,0.417715
127,7,1,3,3,4,11.9782,14.7893,3,0.445598
127,6,0,4,2,3,-8.57641,10.0373,0,0.420112
127,7,0,4,3,4,11.6318,13.8486,2,0.409468
127,6,4,5,2,3,-9.85104,10.2344,0,0.542825
127,7,4,5,3,4,11.7322,12.542,3,0.396318
127,6,5,6,2,3,-11.0926,9.88977,0,0.621718
127,9,-1,0,7,4,-4.58508,-22.3003,1,0.0757514
127,6,6,7,2,3,-12.3878,9.94828,0,0.694596
127,6,7,8,2,3,-13.5874,9.44098,0,0.791211
127,11,-1,0,6,3,-20.6075,17.995,1,0.0463962
127,11,0,1,6,3,-21.5068,17.5263,4,0.0256476
127,9,0,1,7,4,-5.41235,-21.7396,4,0.0840983
127,11,1,2,6,3,-20.2113,17.2002,3,0.0257588
127,11,1,3,6,3,-21.2088,18.7976,3,0.0197502
127,11,0,4,6,3,-19.3897,18.4068,0,0.063487
127,4,0,1,0,1,-13.0366,-9.26854,8,1.66309
127,11,4,5,6,3,-18.2247,17.6844,0,0.0773378
127,11,5,6,6,3,-17.0998,17.0606,0,0.0883003
127,11,6,7,6,3,-16.5664,15.8803,0,0.0961016
127,9,1,2,7,4,-5.23096,-22.9909,3,0.0463334
127,11,7,8,6,3,-15.6863,14.9347,0,0.100194
127,14,-1,0,11,3,-7.28814,12.6118,1,0.246126
127,14,0,1,11,3,-6.75145,11.6772,4,0.204208
127,14,1,2,11,3,-6.36533,12.932,3,0.205569
127,14,1,3,11,3,-8.03865,11.6532,3,0.172172
127,14,0,4,11,3,-7.85441,13.7614,0,0.281711
127,4,0,2,0,1,-11.4096,-8.99696,8,1.49793
127,9,1,3,7,4,-4.12418,-21.4298,3,0.19335
127,9,0,4,7,4,-3.67987,-22.6831,2,0.0750021
127,14,4,5,11,3,-8.46775,14.9634,0,0.31213
127,9,4,5,7,4,-2.98721,-23.1578,3,0.0715878
127,17,-1,0,3,4,7.88507,2.93922,1,0.197191
127,18,-1,0,9,4,3.09399,-14.4902,1,0.183536
127,17,0,1,3,4,8.67537,3.67119,4,0.170722
127,17,1,2,3,4,7.49008,4.19737,3,0.134181
127,17,1,3,3,4,8.68566,2.40202,3,0.195233
127,17,0,4,3,4,7.36285,1.94679,2,0.220917
127,17,4,5,3,4,6.83538,1.15912,3,0.234427
127,18,0,1,9,4,2.80828,-15.4905,4,0.197777
127,22,-1,0,1,2,-9.17719,-6.65875,1,0.437864
127,22,0,1,1,2,-10.11,-6.64033,4,0.468603
127,23,-1,0,17,4,-2.56615,9.14428,1,0.197226
127,18,1,2,9,4,3.84454,-14.7877,3,0.195061
127,22,1,2,1,2,-9.10607,-7.48474,3,0.510041
127,23,0,1,17,4,-2.97969,8.12105,4,0.233938
127,18,1,3,9,4,2.33456,-14.3213,3,0.213436
127,22,1,3,1,2,-9.27605,-5.63188,3,0.479763
127,23,1,2,17,4,-1.71733,7.98632,3,0.199336
127,24,-1,0,22,2,11.162,-8.21729,1,0.417675
127,18,0,4,9,4,3.33822,-13.4556,2,0.160229
127,23,1,3,17,4,-3.51475,9.30001,3,0.376074
127,14,5,6,11,3,-9.21472,16.0266,0,0.346824
127,24,0,1,22,2,10.7073,-9.03143,4,0.489158
127,18,4,5,9,4,3.93147,-12.2119,3,0.140002
127,23,0,4,17,4,-2.45602,10.1889,2,0.185243
127,24,1,2,22,2,11.8881,-8.47265,3,0.555121
127,23,4,5,17,4,-2.22615,10.909,3,0.177587
127,14,6,7,11,3,-8.84198,17.27,0,0.442272
127,24,1,3,22,2,10.1944,-7.78792,3,0.507774
127,27,-1,0,23,4,-4.60043,3.05097,1,0.37369
127,28,-1,0,24,2,-3.77253,-16.2594,1,1.11554
127,14,7,8,11,3,-8.63611,18.545,0,0.369625
127,27,0,1,23,4,-5.08627,4.00719,4,0.362487
127,27,1,2,23,4,-5.83923,2.97932,3,0.388238
127,28,0,1,24,2,-4.15619,-17.1062,4,1.13754
127,29,-1,0,14,3,-6.97134,13.3744,1,0.18227
127,27,1,3,23,4,-3.88074,3.67375,3,0.33677
127,30,-1,0,9,4,-7.44854,-12.3902,1,0.380455
127,29,0,1,14,3,-5.88181,13.4018,4,0.182612
127,27,0,4,23,4,-4.03856,2.20221,2,0.385379
127,30,0,1,9,4,-6.6801,-13.0946,4,0.359365
127,29,1,2,14,3,-6.37107,14.5904,3,0.156666
127,33,-1,0,17,4,-1.90711,-0.603022,1,0.513211
127,30,1,2,9,4,-6.48473,-11.835,3,0.326276
127,29,1,3,14,3,-6.6262,12.3171,3,0.210038
127,33,0,1,17,4,-2.80937,-1.18334,4,0.527045
127,35,-1,0,11,3,-20.9357,17.2567,1,0.0893154
127,30,1,3,9,4,-7.94487,-13.1794,3,0.352672
127,29,0,4,14,3,-8.26844,13.1798,0,0.180069
127,33,1,2,17,4,-1.5858,-1.55029,3,0.566092
127,35,0,1,11,3,-21.7948,16.6972,4,0.068302
127,30,0,4,9,4,-8.27286,-11.7262,2,0.395711
127,29,4,5,14,3,-9.68217,13.0634,0,0.192288
127,33,1,3,17,4,-2.99527,0.0392489,3,0.500783
127,35,1,2,11,3,-20.5105,16.4435,3,0.0675007
127,30,4,5,9,4,-8.87488,-10.9275,3,0.407678
127,27,4,5,23,4,-3.69805,1.07432,3,0.39162
127,28,1,2,24,2,-2.98086,-16.5232,3,1.1301
127,29,5,6,14,3,-10.8752,12.4262,0,0.224346
127,33,0,4,17,4,-0.916433,-0.537346,2,0.496201
127,35,1,3,11,3,-21.9783,18.0219,3,0.0631516
127,37,-1,0,30,4,-5.093,-11.3459,1,0.715664
127,38,-1,0,27,4,-4.77095,2.16465,1,1.149
127,33,4,5,17,4,-0.213752,-0.981209,3,0.484342
127,29,6,7,14,3,-12.1852,12.282,0,0.296779
127,35,0,4,11,3,-19.8544,17.903,0,0.106499
127,37,0,1,30,4,-4.13983,-11.6056,4,0.834757
127,38,0,1,27,4,-5.70395,1.65723,4,1.16416
127,40,-1,0,33,4,-1.30052,0.0662916,1,0.61045
127,35,4,5,11,3,-18.5728,18.3638,0,0.119546
127,37,1,2,30,4,-4.83277,-10.4629,3,0.808476
127,28,1,3,24,2,-4.7411,-15.9238,3,1.19385
127,35,5,6,11,3,-17.3751,18.8731,0,0.128345
127,37,1,3,30,4,-5.02595,-12.5845,3,0.881836
127,38,1,2,27,4,-4.58735,1.02776,3,1.12951
127,35,6,7,11,3,-16.0955,18.6559,0,0.132779
127,37,0,4,30,4,-5.99087,-11.0293,2,0.651249
127,39,-1,0,22,2,-8.39566,-6.43984,1,0.129333
127,41,-1,0,9,4,-4.6461,-21.5474,1,0.00206414
127,41,0,1,9,4,-3.60355,-21.7294,4,5.57761e-05
127,42,-1,0,17,4,7.10325,3.29683,1,0.253147
127,43,-1,0,23,4,-2.03744,8.55544,1,0.257601
127,41,1,2,9,4,-4.47073,-20.7582,3,0.00206329
127,42,0,1,17,4,6.1529,2.85145,4,0.274749
127,43,0,1,23,4,-2.35032,7.58184,4,0.248875
127,42,1,2,17,4,7.34109,2.52183,3,0.231788
127,44,-1,0,24,2,11.3943,-5.7323,1,0.625372
127,43,1,2,23,4,-1.06407,7.87587,3,0.234037
127,38,1,3,27,4,-5.16375,2.78007,3,1.14654
127,42,1,3,17,4,6.47854,4.0677,3,0.229964
127,44,0,1,24,2,11.0286,-6.60467,4,0.614952
127,42,0,4,17,4,8.00175,3.77542,2,0.246496
127,4,0,3,0,1,-12.2045,-7.86706,8,1.43407
127,36,-1,0,1,2,12.2611,1.05133,1,0.284667
127,45,-1,0,4,1,-7.93247,-8.62008,1,0.342878
127,44,1,2,24,2,11.2551,-5.28652,3,0.626705
127,45,0,1,4,1,-7.82451,-7.78351,8,0.965016
127,43,1,3,23,4,-2.96986,8.72876,3,0.257386
127,45,0,2,4,1,-8.71603,-8.9183,8,1.2209
127,46,-1,0,28,2,-1.35789,-18.6597,1,0.153767
127,45,0,3,4,1,-7.3483,-9.20805,8,0.924538
127,40,0,1,33,4,-0.267738,-0.0501259,4,0.571136
127,46,0,1,28,2,-1.8161,-19.4846,4,0.533384
127,47,-1,0,7,4,10.3612,14.4564,1,0.708924
127,46,1,2,28,2,-0.539082,-19.2085,3,0.717518
127,47,0,1,7,4,9.30718,14.4379,4,0.722209
127,40,1,2,33,4,-0.887935,1.07346,3,0.547237
127,47,1,2,7,4,10.1967,13.5219,3,0.732562
127,46,1,3,28,2,-2.31931,-18.2546,3,0.620782
127,40,1,3,33,4,-1.18586,-0.961198,3,0.569766
127,37,4,5,30,4,-6.60956,-10.4067,3,0.635715
127,47,1,3,7,4,9.84766,15.5647,3,0.727683
127,40,0,4,33,4,-2.2638,0.312771,2,0.63541
127,48,-1,0,37,4,-4.40378,-10.9624,1,0.679862
127,49,-1,0,46,2,-1.36692,-17.594,1,0.65885
127,48,0,1,37,4,-5.36484,-10.6243,4,0.68326
127,50,-1,0,4,1,-12.9427,-8.5129,1,0.27734
127,47,0,4,7,4,11.2817,14.2458,2,0.696818
127,51,-1,0,6,3,-7.59927,10.7356,1,0.52903
127,49,0,1,46,2,-0.547278,-17.0149,4,0.564802
127,48,1,2,37,4,-4.95299,-11.88,3,0.693038
127,50,0,1,4,1,-13.7113,-8.21876,8,0.91141
127,49,1,2,46,2,-1.76138,-16.595,3,0.521603
127,51,0,1,6,3,-8.56901,10.9848,4,0.537381
127,44,1,3,24,2,9.92516,-5.68333,3,0.599943
127,48,1,3,37,4,-4.16592,-10.0576,3,0.691527
127,50,0,2,4,1,-12.6662,-9.32285,8,0.707052
127,51,1,2,6,3,-8.22389,9.64807,3,0.612522
127,49,1,3,46,2,0.406445,-18.0112,3,0.529838
128,0,-1,0,4294967295,1,-14.5817,-7.02111,1,0.441864
128,0,0,1,4294967295,1,-13.9431,-6.47624,8,1.37533
128,0,0,2,4294967295,1,-15.3535,-6.69478,8,1.31558
128,0,0,3,4294967295,1,-14.5278,-7.85029,8,1.30309
128,1,-1,0,4294967295,2,11.4225,2.02237,1,0.403127
128,1,0,1,4294967295,2,11.4776,2.95168,4,0.405398
128,1,1,2,4294967295,2,10.5667,2.01263,3,0.560551
128,1,1,3,4294967295,2,12.4827,2.10592,3,0.404534
128,6,-1,0,2,3,-7.18391,9.66417,1,0.458396
128,7,-1,0,3,4,10.887,15.1578,1,0.393418
128,4,-1,0,0,1,-12.1884,-8.7039,1,0.524321
128,7,0,1,3,4,11.0987,16.2013,4,0.38867
128,7,1,2,3,4,9.99427,15.673,3,0.375446
128,7,1,3,3,4,11.9884,15.2772,3,0.403301
128,6,0,4,2,3,-8.50138,9.78292,0,0.488975
128,7,0,4,3,4,11.0714,14.082,2,0.390442
128,6,4,5,2,3,-9.83654,10.2885,0,0.540378
128,7,4,5,3,4,11.2908,13.1511,3,0.385271
128,6,5,6,2,3,-11.074,9.91218,0,0.604263
128,9,-1,0,7,4,-4.91886,-22.026,1,0.062651
128,6,6,7,2,3,-12.3327,9.97445,0,0.68164
128,6,7,8,2,3,-13.4268,9.35114,0,0.777297
128,11,-1,0,6,3,-20.8364,17.6966,1,0.0243137
128,11,0,1,6,3,-21.7472,17.2433,4,0.00323939
128,9,0,1,7,4,-5.5602,-21.206,4,0.0613872
128,11,1,2,6,3,-20.4631,16.8659,3,0.002344
128,11,1,3,6,3,-21.3695,18.4931,3,0
128,11,0,4,6,3,-19.6362,18.1289,0,0.0420254
128,4,0,1,0,1,-13.027,-9.06478,8,1.60216
128,11,4,5,6,3,-18.4103,17.5499,0,0.0562059
128,11,5,6,6,3,-17.2105,17.1334,0,0.0669721
128,11,6,7,6,3,-16.5244,16.053,0,0.0742847
128,9,1,2,7,4,-5.86639,-22.421,3,0.0378442
128,11,7,8,6,3,-15.5182,15.2627,0,0.078001
128,14,-1,0,11,3,-6.77881,12.4519,1,0.264542
128,14,0,1,11,3,-6.19806,11.4966,4,0.238235
128,14,1,2,11,3,-5.81212,12.7328,3,0.237239
128,14,1,3,11,3,-7.42559,11.1726,3,0.198221
128,14,0,4,11,3,-7.32353,13.6719,0,0.288043
128,4,0,2,0,1,-11.6248,-9.3306,8,1.50539
128,9,1,3,7,4,-4.26377,-21.307,3,0.0897604
128,9,0,4,7,4,-4.1362,-22.6881,2,0.0586211
128,14,4,5,11,3,-7.74741,15.0489,0,0.332084
128,9,4,5,7,4,-3.11122,-23.5565,3,0.0515571
128,17,-1,0,3,4,7.92267,2.83443,1,0.16962
128,18,-1,0,9,4,2.78973,-14.8551,1,0.219669
128,17,0,1,3,4,8.75358,3.47354,4,0.144172
128,17,1,2,3,4,7.56492,3.92097,3,0.120351
128,17,1,3,3,4,8.50283,2.21782,3,0.154376
128,17,0,4,3,4,7.4607,1.99614,2,0.185927
128,17,4,5,3,4,6.88925,1.4923,3,0.190568
128,18,0,1,9,4,2.5453,-15.8707,4,0.268238
128,22,-1,0,1,2,-9.61051,-6.72611,1,0.488548
128,22,0,1,1,2,-10.534,-6.63288,4,0.499593
128,23,-1,0,17,4,-2.9415,8.57755,1,0.209602
128,18,1,2,9,4,3.72513,-15.3868,3,0.251523
128,22,1,2,1,2,-9.59211,-7.549,3,0.502964
128,23,0,1,17,4,-3.69343,7.82055,4,0.236853
128,18,1,3,9,4,1.78731,-14.8686,3,0.314257
128,22,1,3,1,2,-9.61897,-5.71244,3,0.5155
128,23,1,2,17,4,-2.46928,7.42409,3,0.207001
128,24,-1,0,22,2,11.3357,-8.97863,1,0.467488
128,18,0,4,9,4,2.97738,-13.8247,2,0.173494
128,23,1,3,17,4,-3.75011,9.12669,3,0.295091
128,14,5,6,11,3,-8.52888,16.1798,0,0.393842
128,24,0,1,22,2,10.4669,-9.33022,4,0.488525
128,18,4,5,9,4,3.28775,-13.044,3,0.148206
128,23,0,4,17,4,-2.3575,9.40317,2,0.184687
128,24,1,2,22,2,11.7208,-9.74691,3,0.532012
128,23,4,5,17,4,-1.63748,10.1352,3,0.169887
128,14,6,7,11,3,-8.7176,17.5271,0,0.468402
128,24,1,3,22,2,10.8718,-8.07613,3,0.476511
128,27,-1,0,23,4,-4.95122,2.96041,1,0.347887
128,28,-1,0,24,2,-4.05594,-16.8239,1,0.876131
128,14,7,8,11,3,-9.16501,18.8071,0,0.391823
128,27,0,1,23,4,-5.27795,3.9979,4,0.330492
128,27,1,2,23,4,-6.31903,3.22256,3,0.34127
128,28,0,1,24,2,-4.13809,-17.7563,4,1.1682
128,29,-1,0,14,3,-6.23916,13.0769,1,0.204656
128,27,1,3,23,4,-4.10022,3.57775,3,0.311856
128,30,-1,0,9,4,-7.11347,-12.836,1,0.348406
128,29,0,1,14,3,-5.1297,12.8962,4,0.207578
128,27,0,4,23,4,-4.53231,1.96156,2,0.356747
128,30,0,1,9,4,-6.71617,-13.7672,4,0.323208
128,29,1,2,14,3,-5.48152,14.1124,3,0.173887
128,33,-1,0,17,4,-1.92585,-0.908543,1,0.52638
128,30,1,2,9,4,-6.1414,-12.6388,3,0.303094
128,29,1,3,14,3,-6.08211,12.0715,3,0.193641
128,33,0,1,17,4,-2.8958,-1.43506,4,0.525045
128,35,-1,0,11,3,-21.1795,16.9762,1,0.066693
128,30,1,3,9,4,-7.93644,-13.3446,3,0.32849
128,29,0,4,14,3,-7.52127,12.979,0,0.205786
128,33,1,2,17,4,-1.74418,-1.95229,3,0.558813
128,35,0,1,11,3,-22.0885,16.5059,4,0.0456677
128,30,0,4,9,4,-7.59907,-11.9495,2,0.363686
128,29,4,5,14,3,-8.89531,12.9344,0,0.260534
128,33,1,3,17,4,-2.908,-0.20497,3,0.498303
128,35,1,2,11,3,-20.8365,16.1252,3,0.0447977
128,30,4,5,9,4,-7.83535,-11.2005,3,0.367341
128,27,4,5,23,4,-4.2047,0.804598,3,0.357502
128,28,1,2,24,2,-3.21562,-16.834,3,1.19945
128,29,5,6,14,3,-10.0048,12.2252,0,0.443485
128,33,0,4,17,4,-0.875483,-0.720025,2,0.523773
128,35,1,3,11,3,-22.0825,17.8473,3,0.0405586
128,37,-1,0,30,4,-4.59367,-11.4399,1,0.58234
128,38,-1,0,27,4,-5.38938,2.27928,1,1.12216
128,33,4,5,17,4,0.510717,-0.912402,3,0.510839
128,29,6,7,14,3,-11.2499,11.8519,0,0.403844
128,35,0,4,11,3,-20.0673,17.5729,0,0.0838179
128,37,0,1,30,4,-3.67418,-11.9745,4,0.659905
128,38,0,1,27,4,-6.41326,2.1279,4,1.11155
128,40,-1,0,33,4,-1.35352,-0.218415,1,0.59193
128,35,4,5,11,3,-18.8328,18.1934,0,0.0967407
128,37,1,2,30,4,-3.81885,-10.6788,3,0.691478
128,28,1,3,24,2,-5.0679,-16.8041,3,1.16962
128,35,5,6,11,3,-17.7601,18.9504,0,0.105406
128,37,1,3,30,4,-4.90873,-12.3817,3,0.706834
128,38,1,2,27,4,-5.39205,1.37649,3,1.09967
128,35,6,7,11,3,-16.461,19.0652,0,0.109757
128,37,0,4,30,4,-5.61119,-10.9789,2,0.562107
128,39,-1,0,22,2,-8.85935,-6.43228,1,0.113333
128,41,-1,0,9,4,-4.82597,-21.2501,1,0.000316703
128,41,0,1,9,4,-3.93603,-21.8116,4,0.0176241
128,42,-1,0,17,4,7.02781,3.07488,1,0.223743
128,43,-1,0,23,4,-2.45919,7.99545,1,0.223881
128,41,1,2,9,4,-4.29125,-20.5541,3,0.21196
128,42,0,1,17,4,5.97014,2.75601,4,0.208565
128,43,0,1,23,4,-3.17812,7.20121,4,0.212373
128,42,1,2,17,4,7.12856,2.39803,3,0.21234
128,44,-1,0,24,2,10.7065,-5.52258,1,0.427761
128,43,1,2,23,4,-1.93144,6.90949,3,0.196509
128,38,1,3,27,4,-5.61959,3.13431,3,1.12057
128,42,1,3,17,4,6.53654,3.84858,3,0.196923
128,44,0,1,24,2,11.1817,-6.40116,4,0.531264
128,42,0,4,17,4,8.00216,3.39127,2,0.229881
128,4,0,3,0,1,-11.8721,-7.90978,8,1.63801
128,36,-1,0,1,2,12.0664,1.5344,1,0.268667
128,45,-1,0,4,1,-7.89819,-8.56432,1,0.352186
128,44,1,2,24,2,12.0782,-5.41414,3,0.662457
128,45,0,1,4,1,-7.81805,-7.72494,8,1.01031
128,43,1,3,23,4,-3.50879,8.43731,3,0.223838
128,45,0,2,4,1,-8.67138,-8.88212,8,1.16025
128,46,-1,0,28,2,-1.40778,-19.5211,1,0.516524
128,45,0,3,4,1,-7.29844,-9.13821,8,0.986592
128,40,0,1,33,4,-0.286198,-0.481088,4,0.586787
128,46,0,1,28,2,-2.20976,-19.9889,4,0.679175
128,47,-1,0,7,4,10.2252,14.6672,1,0.688467
128,46,1,2,28,2,-0.92203,-20.1845,3,0.801231
128,47,0,1,7,4,9.20873,14.3282,4,0.682773
128,40,1,2,33,4,-0.802486,0.66975,3,0.555427
128,47,1,2,7,4,10.3695,13.8115,3,0.695977
128,46,1,3,28,2,-2.03401,-18.6539,3,0.609803
128,40,1,3,33,4,-1.28005,-1.26252,3,0.558179
128,37,4,5,30,4,-6.70357,-10.1408,3,0.568746
128,47,1,3,7,4,9.25006,15.5905,3,0.670127
128,40,0,4,33,4,-2.28531,0.2301,2,0.592879
128,48,-1,0,37,4,-3.75141,-11.2281,1,0.718748
128,49,-1,0,46,2,-0.862148,-17.1123,1,0.0392167
128,48,0,1,37,4,-4.73417,-10.8482,4,0.668414
128,50,-1,0,4,1,-12.972,-8.52664,1,0.261799
128,47,0,4,7,4,11.3058,14.7376,2,0.688915
128,51,-1,0,6,3,-7.48575,10.3718,1,0.52684
128,49,0,1,46,2,0.0523255,-17.0136,4,0.562334
128,48,1,2,37,4,-4.23656,-12.0319,3,0.663933
128,50,0,1,4,1,-13.7944,-8.78977,8,0.852873
128,49,1,2,46,2,-1.03979,-16.2987,3,0.539499
128,51,0,1,6,3,-8.4464,10.6458,4,0.528577
128,44,1,3,24,2,9.90235,-6.66933,3,0.514596
128,48,1,3,37,4,-3.82062,-9.92326,3,0.663925
128,50,0,2,4,1,-12.4327,-9.23313,8,0.73313
128,51,1,2,6,3,-7.86006,9.46105,3,0.543516
128,49,1,3,46,2,-0.757553,-18.154,3,0.563448
128,52,-1,0,44,2,11.4265,-5.22384,1,0.6244
128,48,0,4,37,4,-2.69378,-11.3963,2,0.802948
128,53,-1,0,28,2,-3.55714,-16.1725,1,0.513733
128,54,-1,0,49,2,-1.24873,-17.8127,1,0.52
129,0,-1,0,4294967295,1,-14.6421,-6.86973,1,0.447246
129,0,0,1,4294967295,1,-14.1032,-6.21817,8,1.34696
129,0,0,2,4294967295,1,-15.4635,-6.70916,8,1.31194
129,0,0,3,4294967295,1,-14.473,-7.68184,8,1.38571
129,1,-1,0,4294967295,2,11.3235,2.53176,1,0.407038
129,1,0,1,4294967295,2,11.7029,3.38528,4,0.409748
129,1,1,2,4294967295,2,10.4662,2.92196,3,0.43277
129,1,1,3,4294967295,2,12.3746,2.26755,3,0.399229
129,6,-1,0,2,3,-7.17616,9.25248,1,0.325029
129,7,-1,0,3,4,10.6231,15.5386,1,0.36415
129,4,-1,0,0,1,-12.1732,-8.81259,1,0.518864
129,7,0,1,3,4,10.8887,16.5892,4,0.353408
129,7,1,2,3,4,9.78236,16.0637,3,0.338474
129,7,1,3,3,4,11.655,15.5807,3,0.365225
129,6,0,4,2,3,-8.37508,9.72427,0,0.406839
129,7,0,4,3,4,10.7906,14.5343,2,0.36638
129,6,4,5,2,3,-9.63454,10.08,0,0.505436
129,7,4,5,3,4,10.8838,13.737,3,0.362534
129,6,5,6,2,3,-10.9063,9.87225,0,0.585779
129,9,-1,0,7,4,-5.061,-21.6882,1,0.0349229
129,6,6,7,2,3,-12.2087,9.98757,0,0.644355
129,6,7,8,2,3,-13.3664,9.36124,0,0.677513
129,11,-1,0,6,3,-21.032,17.4544,1,0.0093527
129,11,0,1,6,3,-21.9557,17.0467,4,0.000124022
129,9,0,1,7,4,-5.55468,-20.7649,4,0.0252572
129,11,1,2,6,3,-20.6858,16.6172,3,0
129,11,1,3,6,3,-21.5013,18.2826,3,0
129,11,0,4,6,3,-19.8287,17.8583,0,0.0224268
129,4,0,1,0,1,-13.0027,-9.23976,8,1.57424
129,11,4,5,6,3,-18.5543,17.3841,0,0.0351607
129,11,5,6,6,3,-17.301,17.1429,0,0.045478
129,11,6,7,6,3,-16.4488,16.1838,0,0.0525712
129,9,1,2,7,4,-6.25529,-21.8087,3,0.00760002
129,11,7,8,6,3,-15.3357,15.55,0,0.0561625
129,14,-1,0,11,3,-6.04855,12.2831,1,0.254838
129,14,0,1,11,3,-5.79512,11.2612,4,0.228429
129,14,1,2,11,3,-4.85657,12.2226,3,0.25897
129,14,1,3,11,3,-6.94853,11.8405,3,0.183465
129,14,0,4,11,3,-6.60227,13.4791,0,0.287022
129,4,0,2,0,1,-11.4908,-9.2881,8,1.51753
129,9,1,3,7,4,-4.29607,-21.1412,3,0.0406344
129,9,0,4,7,4,-4.36117,-22.5094,2,0.0369189
129,14,4,5,11,3,-7.13897,14.9003,0,0.323756
129,9,4,5,7,4,-3.95303,-23.1914,3,0.0338914
129,17,-1,0,3,4,7.88906,2.70097,1,0.139225
129,18,-1,0,9,4,2.51508,-15.5094,1,0.216868
129,17,0,1,3,4,8.70618,3.40561,4,0.116393
129,17,1,2,3,4,7.52309,3.92769,3,0.0974668
129,17,1,3,3,4,8.47018,2.15379,3,0.124143
129,17,0,4,3,4,7.40484,1.71893,2,0.156267
129,17,4,5,3,4,6.43764,0.713577,3,0.272383
129,18,0,1,9,4,2.53962,-16.5054,4,0.251766
129,22,-1,0,1,2,-10.085,-6.73618,1,0.412612
129,22,0,1,1,2,-11.019,-6.73245,4,0.574788
129,23,-1,0,17,4,-3.27767,8.12923,1,0.227848
129,18,1,2,9,4,3.38045,-15.5384,3,0.242295
129,22,1,2,1,2,-10.0192,-7.55991,3,0.617141
129,23,0,1,17,4,-4.31336,7.74002,4,0.250029
129,18,1,3,9,4,1.60873,-15.6447,3,0.355024
129,22,1,3,1,2,-10.1585,-5.74782,3,0.560358
129,23,1,2,17,4,-3.4901,6.77132,3,0.234876
129,24,-1,0,22,2,11.222,-9.62677,1,0.459173
129,18,0,4,9,4,2.56112,-14.5107,2,0.184474
129,23,1,3,17,4,-3.71211,8.89319,3,0.275091
129,14,5,6,11,3,-7.9266,16.1351,0,0.358182
129,24,0,1,22,2,10.3045,-9.74975,4,0.454243
129,18,4,5,9,4,2.88301,-13.6478,3,0.16141
129,23,0,4,17,4,-2.3709,8.74559,2,0.195275
129,24,1,2,22,2,11.4244,-10.4386,3,0.472061
129,23,4,5,17,4,-1.1902,9.36892,3,0.171651
129,14,6,7,11,3,-8.43035,17.4665,0,0.381907
129,24,1,3,22,2,10.9872,-8.62074,3,0.43874
129,27,-1,0,23,4,-5.31901,2.97831,1,0.317827
129,28,-1,0,24,2,-4.15504,-17.3711,1,0.701827
129,14,7,8,11,3,-9.4264,18.4369,0,0.391893
129,27,0,1,23,4,-5.64506,3.97497,4,0.299162
129,27,1,2,23,4,-6.37589,2.9073,3,0.308751
129,28,0,1,24,2,-4.02329,-18.2924,4,1.17281
129,29,-1,0,14,3,-5.43159,12.8168,1,0.235047
129,27,1,3,23,4,-4.47715,3.52383,3,0.280548
129,30,-1,0,9,4,-6.83977,-13.5065,1,0.315891
129,29,0,1,14,3,-4.38504,12.8793,4,0.2121
129,27,0,4,23,4,-4.98385,2.03847,2,0.327433
129,30,0,1,9,4,-6.84227,-14.552,4,0.290174
129,29,1,2,14,3,-5.22822,13.8628,3,0.203226
129,33,-1,0,17,4,-1.75326,-1.20793,1,0.498373
129,30,1,2,9,4,-5.9565,-13.6661,3,0.27734
129,29,1,3,14,3,-5.16806,11.8036,3,0.192999
129,33,0,1,17,4,-2.7701,-1.58937,4,0.489266
129,35,-1,0,11,3,-21.399,16.7446,1,0.0440053
129,30,1,3,9,4,-7.60541,-13.552,3,0.28478
129,29,0,4,14,3,-6.70855,12.6664,0,0.255721
129,33,1,2,17,4,-1.72047,-2.28243,3,0.49876
129,35,0,1,11,3,-22.3399,16.3473,4,0.0230106
129,30,0,4,9,4,-7.02672,-12.4531,2,0.330822
129,29,4,5,14,3,-8.09752,12.6999,0,0.29104
129,33,1,3,17,4,-2.68414,-0.3431,3,0.478161
129,35,1,2,11,3,-21.1138,15.8957,3,0.0221381
129,30,4,5,9,4,-7.06412,-11.0726,3,0.333853
129,27,4,5,23,4,-4.95367,1.37599,3,0.327053
129,28,1,2,24,2,-3.3443,-17.1661,3,1.19951
129,29,5,6,14,3,-9.23692,12.0426,0,0.331409
129,33,0,4,17,4,-0.726178,-0.912354,2,0.499651
129,35,1,3,11,3,-22.156,17.6799,3,0.017921
129,37,-1,0,30,4,-4.20299,-11.5092,1,0.467338
129,38,-1,0,27,4,-6.01062,2.47554,1,1.08806
129,33,4,5,17,4,0.113686,-0.76922,3,0.495778
129,29,6,7,14,3,-10.4933,11.7271,0,0.356714
129,35,0,4,11,3,-20.2621,17.2937,0,0.0610772
129,37,0,1,30,4,-3.2787,-12.0321,4,0.574675
129,38,0,1,27,4,-7.07316,2.70172,4,1.07663
129,40,-1,0,33,4,-1.21621,-0.562987,1,0.565485
129,35,4,5,11,3,-19.055,17.9763,0,0.0739292
129,37,1,2,30,4,-3.13757,-10.7572,3,0.606994
129,28,1,3,24,2,-5.18824,-17.6491,3,1.19952
129,35,5,6,11,3,-18.1437,18.9218,0,0.0825255
129,37,1,3,30,4,-4.56579,-12.2629,3,0.651602
129,38,1,2,27,4,-6.45418,1.60769,3,1.06127
129,35,6,7,11,3,-16.9257,19.3869,0,0.0868334
129,37,0,4,30,4,-5.15402,-11.1399,2,0.467079
129,39,-1,0,22,2,-9.32065,-6.4638,1,0.274162
129,41,-1,0,9,4,-4.9261,-20.8932,1,0.031168
129,41,0,1,9,4,-4.37162,-21.7426,4,0.045292
129,42,-1,0,17,4,7.0967,3.07663,1,0.205288
129,43,-1,0,23,4,-3.21083,7.3466,1,0.24009
129,41,1,2,9,4,-4.12945,-20.4481,3,0.0734406
129,42,0,1,17,4,6.06693,2.76567,4,0.201509
129,43,0,1,23,4,-4.16572,6.92379,4,0.237477
129,42,1,2,17,4,7.16864,2.26145,3,0.225879
129,44,-1,0,24,2,11.2776,-5.7375,1,0.485473
129,43,1,2,23,4,-3.03769,6.26104,3,0.212327
129,38,1,3,27,4,-5.92506,3.29411,3,1.08774
129,42,1,3,17,4,6.54684,3.91895,3,0.179399
129,44,0,1,24,2,11.8472,-6.53858,4,0.496998
129,42,0,4,17,4,8.03808,3.47777,2,0.206688
129,4,0,3,0,1,-12.0033,-8.00133,8,1.59524
129,36,-1,0,1,2,11.5181,1.73552,1,0.252667
129,45,-1,0,4,1,-7.87477,-8.52485,1,0.342826
129,44,1,2,24,2,11.8823,-5.24314,3,0.53235
129,45,0,1,4,1,-7.81081,-7.6839,8,1.00952
129,43,1,3,23,4,-3.96365,8.21858,3,0.26606
129,45,0,2,4,1,-8.64135,-8.85884,8,1.09737
129,46,-1,0,28,2,-1.74536,-20.2824,1,0.616482
129,45,0,3,4,1,-7.26387,-9.0868,8,0.995619
129,40,0,1,33,4,-0.21912,-0.757171,4,0.565535
129,46,0,1,28,2,-2.66203,-20.1078,4,0.666196
129,47,-1,0,7,4,10.0958,14.7699,1,0.660587
129,46,1,2,28,2,-1.83811,-21.1292,3,0.788348
129,47,0,1,7,4,9.12033,14.1261,4,0.64504
129,40,1,2,33,4,-0.966216,0.255351,3,0.610217
129,47,1,2,7,4,10.2451,13.7838,3,0.645112
129,46,1,3,28,2,-1.62042,-19.2593,3,0.635113
129,40,1,3,33,4,-1.04034,-1.69937,3,0.537578
129,37,4,5,30,4,-5.73931,-10.7016,3,0.496363
129,47,1,3,7,4,9.13694,15.3217,3,0.634522
129,40,0,4,33,4,-2.09162,-0.148223,2,0.568528
129,48,-1,0,37,4,-3.4874,-11.2346,1,0.701403
129,49,-1,0,46,2,-0.484822,-17.0046,1,0.331524
129,48,0,1,37,4,-4.38283,-10.7463,4,0.690828
129,50,-1,0,4,1,-12.8854,-8.60801,1,0.254746
129,47,0,4,7,4,11.1184,15.1082,2,0.667035
129,51,-1,0,6,3,-7.55911,9.94703,1,0.501842
129,49,0,1,46,2,0.303931,-17.5549,4,0.392126
129,48,1,2,37,4,-3.91815,-11.9806,3,0.679777
129,50,0,1,4,1,-13.7295,-8.6563,8,0.80761
129,49,1,2,46,2,0.30763,-16.2211,3,0.422151
129,51,0,1,6,3,-8.41596,10.4484,4,0.490811
129,44,1,3,24,2,10.5436,-6.7488,3,0.480362
129,48,1,3,37,4,-3.2384,-10.1124,3,0.704486
129,50,0,2,4,1,-12.42,-9.40389,8,0.737446
129,51,1,2,6,3,-7.8873,9.21302,3,0.505173
129,49,1,3,46,2,-0.985291,-17.8796,3,0.433418
129,52,-1,0,44,2,10.6922,-5.1447,1,0.7284
129,48,0,4,37,4,-2.4872,-11.6547,2,0.696663
129,53,-1,0,28,2,-4.15249,-16.5603,1,0.501364
129,54,-1,0,49,2,-1.27792,-16.665,1,0.504
129,51,1,3,6,3,-7.16869,10.8012,3,0.469052
129,39,0,1,22,2,-9.27739,-5.54751,4,0.310371
129,48,4,5,37,4,-1.70572,-12.0023,3,0.677847
129,53,0,1,28,2,-3.43981,-15.9809,4,0.507169
130,0,-1,0,4294967295,1,-14.6927,-6.76984,1,0.445095
130,0,0,1,4294967295,1,-14.2395,-6.05822,8,1.32843
130,0,0,2,4294967295,1,-15.5266,-6.7001,8,1.30791
130,0,0,3,4294967295,1,-14.417,-7.55383,8,1.46642
130,1,-1,0,4294967295,2,11.3826,3.04351,1,0.430383
130,1,0,1,4294967295,2,11.7689,3.88913,4,0.450463
130,1,1,2,4294967295,2,10.617,3.25312,3,0.435523
130,1,1,3,4294967295,2,12.3201,2.71686,3,0.434563
130,6,-1,0,2,3,-7.1737,9.27045,1,0.3926
130,7,-1,0,3,4,10.2963,15.7084,1,0.333765
130,4,-1,0,0,1,-12.0525,-8.92628,1,0.466631
130,7,0,1,3,4,10.3766,16.7872,4,0.317619
130,7,1,2,3,4,9.24134,16.3059,3,0.305216
130,7,1,3,3,4,11.336,15.9632,3,0.320616
130,6,0,4,2,3,-8.40156,9.42463,0,0.42721
130,7,0,4,3,4,10.6205,14.658,2,0.340346
130,6,4,5,2,3,-9.5749,9.99929,0,0.48309
130,7,4,5,3,4,11.0174,13.3271,3,0.338371
130,6,5,6,2,3,-10.8132,9.76626,0,0.542072
130,9,-1,0,7,4,-5.30414,-21.2034,1,0.00726278
130,6,6,7,2,3,-12.0671,9.93871,0,0.589128
130,6,7,8,2,3,-13.2576,9.48853,0,0.614851
130,11,-1,0,6,3,-21.2094,17.3757,1,0.00400679
130,9,0,1,7,4,-5.47167,-20.2393,4,0.000174508
130,11,0,4,6,3,-19.96,17.6158,0,0.00923017
130,4,0,1,0,1,-12.9258,-9.3028,8,1.43198
130,11,4,5,6,3,-18.6607,17.2073,0,0.0172429
130,11,5,6,6,3,-17.3804,17.0933,0,0.0252576
130,11,6,7,6,3,-16.383,16.2764,0,0.0313763
130,9,1,2,7,4,-6.13742,-21.3394,3,0
130,11,7,8,6,3,-15.1734,15.8343,0,0.0346252
130,14,-1,0,11,3,-5.46675,12.2371,1,0.251725
130,14,0,1,11,3,-5.11236,11.2399,4,0.224021
130,14,1,2,11,3,-4.36413,12.2737,3,0.237578
130,14,1,3,11,3,-6.34539,11.5897,3,0.187626
130,14,0,4,11,3,-5.93293,13.4631,0,0.277625
130,4,0,2,0,1,-11.2916,-9.31037,8,1.39875
130,9,1,3,7,4,-4.34884,-20.9545,3,0.00569942
130,9,0,4,7,4,-5.04199,-22.1492,2,0.010898
130,14,4,5,11,3,-6.48989,14.789,0,0.304537
130,9,4,5,7,4,-4.96249,-23.1355,3,0.0101858
130,17,-1,0,3,4,7.72381,2.51374,1,0.154808
130,18,-1,0,9,4,2.38298,-16.2601,1,0.260755
130,17,0,1,3,4,8.58823,3.16021,4,0.102711
130,17,1,2,3,4,7.42758,3.71379,3,0.0772839
130,17,1,3,3,4,8.50444,1.88597,3,0.10081
130,17,0,4,3,4,7.19801,1.57739,2,0.204741
130,17,4,5,3,4,6.73621,0.925721,3,0.210655
130,18,0,1,9,4,2.54885,-17.302,4,0.314657
130,22,-1,0,1,2,-10.6389,-6.81571,1,0.150701
130,22,0,1,1,2,-11.5215,-6.53106,4,0.546136
130,23,-1,0,17,4,-3.5566,7.78825,1,0.197842
130,18,1,2,9,4,3.21056,-16.2306,3,0.292163
130,22,1,2,1,2,-10.844,-7.64205,3,0.552245
130,23,0,1,17,4,-4.65482,7.93316,4,0.202545
130,18,1,3,9,4,1.55673,-16.5571,3,0.345619
130,22,1,3,1,2,-10.4396,-5.78641,3,0.705922
130,23,1,2,17,4,-4.38209,6.68414,3,0.19229
130,24,-1,0,22,2,10.8593,-10.0631,1,0.481195
130,18,0,4,9,4,2.28958,-15.1882,2,0.203909
130,23,1,3,17,4,-3.60789,8.67445,3,0.220281
130,14,5,6,11,3,-7.4913,15.7265,0,0.329591
130,24,0,1,22,2,10.0139,-10.4208,4,0.506039
130,18,4,5,9,4,2.51845,-13.8479,3,0.171491
130,23,0,4,17,4,-2.53641,7.94639,2,0.185522
130,24,1,2,22,2,11.291,-10.7495,3,0.481895
130,23,4,5,17,4,-1.85692,7.93074,3,0.172304
130,14,6,7,11,3,-8.12321,16.9091,0,0.348663
130,24,1,3,22,2,10.4939,-9.17865,3,0.462896
130,27,-1,0,23,4,-5.8981,3.27577,1,0.348848
130,28,-1,0,24,2,-4.22517,-17.8542,1,1.07246
130,14,7,8,11,3,-9.17459,17.7162,0,0.358834
130,27,0,1,23,4,-6.17916,4.34087,4,0.358276
130,27,1,2,23,4,-6.75243,3.21598,3,0.361493
130,28,0,1,24,2,-3.84822,-18.698,4,1.14546
130,29,-1,0,14,3,-4.84537,12.7046,1,0.234392
130,27,1,3,23,4,-5.11532,3.70076,3,0.335745
130,30,-1,0,9,4,-6.71388,-13.9557,1,0.281789
130,29,0,1,14,3,-3.82149,12.9154,4,0.212933
130,27,0,4,23,4,-5.52232,2.30924,2,0.323982
130,30,0,1,9,4,-6.80349,-15.007,4,0.256015
130,29,1,2,14,3,-5.02573,13.4441,3,0.209983
130,33,-1,0,17,4,-1.65286,-1.40566,1,0.468565
130,30,1,2,9,4,-5.70691,-14.3672,3,0.252956
130,29,1,3,14,3,-3.92296,11.5955,3,0.174812
130,33,0,1,17,4,-2.57423,-1.97902,4,0.455768
130,35,-1,0,11,3,-21.6057,16.6423,1,0.0216589
130,30,1,3,9,4,-7.73699,-14.1733,3,0.242196
130,29,0,4,14,3,-6.12053,12.6042,0,0.251587
130,33,1,2,17,4,-1.35327,-2.32013,3,0.457015
130,35,0,1,11,3,-22.5393,16.2152,4,0.0015394
130,30,0,4,9,4,-6.60965,-12.9035,2,0.297122
130,29,4,5,14,3,-7.4298,12.4741,0,0.277513
130,33,1,3,17,4,-2.77038,-0.749087,3,0.451157
130,35,1,2,11,3,-21.3169,15.7505,3,0
130,30,4,5,9,4,-6.28993,-12.1045,3,0.302122
130,27,4,5,23,4,-5.31124,1.01766,3,0.308735
130,28,1,2,24,2,-3.54254,-17.4238,3,1.19908
130,29,5,6,14,3,-8.55533,11.8552,0,0.319569
130,33,0,4,17,4,-0.631533,-1.26255,2,0.473197
130,35,1,3,11,3,-22.1668,17.4652,3,1.08168e-21
130,37,-1,0,30,4,-3.6177,-11.6481,1,0.504387
130,38,-1,0,27,4,-6.44034,2.61427,1,1.0921
130,33,4,5,17,4,0.280139,-1.66694,3,0.47245
130,29,6,7,14,3,-9.8416,11.7873,0,0.405585
130,35,0,4,11,3,-20.4413,17.0963,0,0.0384164
130,37,0,1,30,4,-2.8519,-12.3253,4,0.527942
130,38,0,1,27,4,-7.42413,3.11386,4,1.10271
130,40,-1,0,33,4,-1.16844,-0.65829,1,0.544192
130,35,4,5,11,3,-19.2241,17.7741,0,0.051146
130,37,1,2,30,4,-2.40317,-11.085,3,0.53109
130,28,1,3,24,2,-5.09605,-18.2363,3,1.19905
130,35,5,6,11,3,-18.4933,18.8489,0,0.0596829
130,37,1,3,30,4,-4.17411,-12.5047,3,0.546772
130,38,1,2,27,4,-7.39918,1.85156,3,1.06624
130,35,6,7,11,3,-17.4068,19.546,0,0.0639628
130,37,0,4,30,4,-4.55749,-11.287,2,0.482426
130,39,-1,0,22,2,-9.86654,-6.49024,1,0.265716
130,41,-1,0,9,4,-4.8056,-20.6162,1,0.13345
130,41,0,1,9,4,-4.34983,-21.5611,4,0.0688651
130,42,-1,0,17,4,6.96443,2.98487,1,0.199626
130,43,-1,0,23,4,-4.00778,7.13737,1,0.26848
130,41,1,2,9,4,-4.03064,-20.2929,3,0.107586
130,42,0,1,17,4,5.92344,2.79425,4,0.201349
130,43,0,1,23,4,-5.0442,7.15515,4,0.272445
130,42,1,2,17,4,7.00201,2.19637,3,0.192053
130,44,-1,0,24,2,11.5088,-5.86628,1,0.499804
130,43,1,2,23,4,-4.50353,5.95739,3,0.240798
130,38,1,3,27,4,-6.33024,3.74837,3,1.14516
130,42,1,3,17,4,6.57567,3.86434,3,0.179313
130,44,0,1,24,2,12.4525,-6.0446,4,0.495081
130,42,0,4,17,4,7.93671,3.23533,2,0.191738
130,4,0,3,0,1,-11.7508,-8.1589,8,1.53452
130,36,-1,0,1,2,11.029,2.31036,1,0.236667
130,45,-1,0,4,1,-7.85832,-8.49748,1,0.336413
130,44,1,2,24,2,11.6578,-5.02358,3,0.502029
130,45,0,1,4,1,-7.80571,-7.65573,8,1.00053
130,43,1,3,23,4,-4.05867,7.97676,3,0.273207
130,45,0,2,4,1,-8.62068,-8.84185,8,1.05201
130,46,-1,0,28,2,-2.32894,-20.8349,1,0.737553
130,45,0,3,4,1,-7.239,-9.05001,8,0.992385
130,40,0,1,33,4,-0.162744,-0.552079,4,0.533691
130,46,0,1,28,2,-2.79819,-20.0279,4,0.698449
130,47,-1,0,7,4,9.91387,14.9664,1,0.628175
130,46,1,2,28,2,-3.17413,-21.2979,3,0.68992
130,47,0,1,7,4,8.94734,14.4709,4,0.608309
130,40,1,2,33,4,-1.21941,0.212014,3,0.546372
130,47,1,2,7,4,10.0239,13.8114,3,0.610887
130,46,1,3,28,2,-1.44671,-20.1033,3,0.680758
130,40,1,3,33,4,-0.864285,-1.63494,3,0.51924
130,37,4,5,30,4,-5.47365,-10.7714,3,0.470457
130,47,1,3,7,4,9.27381,15.6254,3,0.593977
130,40,0,4,33,4,-2.14146,-0.451226,2,0.548343
130,48,-1,0,37,4,-3.15221,-11.1501,1,0.462239
130,49,-1,0,46,2,-0.0699854,-16.8497,1,0.356605
130,48,0,1,37,4,-4.03032,-10.869,4,0.566453
130,50,-1,0,4,1,-13.0312,-8.62399,1,0.225344
130,47,0,4,7,4,10.8873,15.3992,2,0.637783
130,51,-1,0,6,3,-7.69784,9.90607,1,0.465177
130,49,0,1,46,2,0.332396,-17.7135,4,0.360739
130,48,1,2,37,4,-3.58399,-12.1769,3,0.62381
130,50,0,1,4,1,-13.8912,-8.72043,8,0.758334
130,49,1,2,46,2,0.719411,-16.4685,3,0.374517
130,51,0,1,6,3,-8.71613,10.0091,4,0.463652
130,44,1,3,24,2,11.3778,-6.83054,3,0.492825
130,48,1,3,37,4,-3.00169,-9.99394,3,0.631807
130,50,0,2,4,1,-12.4866,-9.37069,8,0.717222
130,51,1,2,6,3,-7.96266,8.8737,3,0.567989
130,49,1,3,46,2,-1.00102,-17.7303,3,0.358596
130,52,-1,0,44,2,10.7285,-6.23855,1,0.7124
130,48,0,4,37,4,-2.24489,-11.5194,2,0.547746
130,53,-1,0,28,2,-4.54682,-17.1136,1,0.47683
130,54,-1,0,49,2,-0.388284,-16.0906,1,0.608
130,51,1,3,6,3,-8.04226,11.1428,3,0.422972
130,39,0,1,22,2,-9.5228,-5.64435,4,0.28315
130,48,4,5,37,4,-1.55477,-12.1188,3,0.618399
130,53,0,1,28,2,-3.9493,-16.4164,4,0.467703
130,50,0,3,4,1,-12.671,-7.86307,8,0.561169
130,55,-1,0,48,4,-2.91862,-10.4713,1,0.5132
130,39,1,2,22,2,-10.1785,-6.78482,3,0.490467
131,0,-1,0,4294967295,1,-14.7269,-6.69735,1,0.446632
131,0,0,1,4294967295,1,-14.336,-5.94976,8,1.3228
131,0,0,2,4294967295,1,-15.5637,-6.70108,8,1.31078
131,0,0,3,4294967295,1,-14.3859,-7.45425,8,1.40365
131,1,-1,0,4294967295,2,11.461,3.45102,1,0.509331
131,1,0,1,4294967295,2,11.6331,4.37379,4,0.628445
131,1,1,2,4294967295,2,10.6115,3.57287,3,0.505624
131,1,1,3,4294967295,2,12.5265,3.41721,3,0.587626
131,6,-1,0,2,3,-7.31376,9.65579,1,0.41928
131,7,-1,0,3,4,10.0751,15.7964,1,0.301813
131,4,-1,0,0,1,-12.0289,-8.94567,1,0.475004
131,7,0,1,3,4,9.99799,16.876,4,0.282823
131,7,1,2,3,4,8.84104,16.3667,3,0.272771
131,7,1,3,3,4,11.038,16.1778,3,0.281897
131,6,0,4,2,3,-8.46254,9.27095,0,0.440264
131,7,0,4,3,4,10.4041,14.7654,2,0.311498
131,6,4,5,2,3,-9.71772,9.72167,0,0.477893
131,7,4,5,3,4,10.4748,13.9038,3,0.313036
131,6,5,6,2,3,-10.9128,9.60854,0,0.526947
131,9,-1,0,7,4,-5.31499,-20.9987,1,0
131,6,6,7,2,3,-12.0787,9.97491,0,0.582103
131,6,7,8,2,3,-13.2689,9.59707,0,0.626464
131,11,-1,0,6,3,-21.3308,17.2216,1,0
131,9,0,1,7,4,-5.42629,-19.946,4,0
131,11,0,4,6,3,-20.0866,17.436,0,3.09414e-05
131,4,0,1,0,1,-12.9033,-9.20004,8,1.41742
131,11,4,5,6,3,-18.7906,17.049,0,0.00235499
131,11,5,6,6,3,-17.4854,17.0116,0,0.00721329
131,11,6,7,6,3,-16.362,16.3479,0,0.0115547
131,11,7,8,6,3,-15.0836,16.124,0,0.0140149
131,14,-1,0,11,3,-4.78891,11.9466,1,0.226193
131,14,0,1,11,3,-4.52909,10.8864,4,0.1877
131,14,1,2,11,3,-3.72551,11.8523,3,0.166634
131,14,1,3,11,3,-5.81469,11.1384,3,0.179465
131,14,0,4,11,3,-5.40326,13.077,0,0.257368
131,4,0,2,0,1,-11.5254,-9.60963,8,1.39795
131,9,1,3,7,4,-4.4353,-20.7134,3,0
131,9,0,4,7,4,-5.37591,-22.0472,2,0
131,14,4,5,11,3,-6.00144,14.353,0,0.283315
131,9,4,5,7,4,-5.73109,-22.9957,3,0
131,17,-1,0,3,4,7.7602,2.49701,1,0.12341
131,18,-1,0,9,4,2.40589,-16.8035,1,0.273783
131,17,0,1,3,4,8.5857,3.10533,4,0.0863326
131,17,1,2,3,4,7.34547,3.44555,3,0.0652495
131,17,1,3,3,4,8.20676,1.869,3,0.0866836
131,17,0,4,3,4,7.29029,1.67535,2,0.150612
131,17,4,5,3,4,6.61195,1.05213,3,0.16264
131,18,0,1,9,4,2.67132,-17.8041,4,0.423976
131,22,-1,0,1,2,-11.0624,-6.5441,1,0.48208
131,22,0,1,1,2,-11.8865,-5.96915,4,0.580749
131,23,-1,0,17,4,-4.18032,7.55734,1,0.170878
131,18,1,2,9,4,3.42902,-16.7791,3,0.356922
131,22,1,2,1,2,-11.7634,-7.25583,3,0.569147
131,23,0,1,17,4,-5.11223,8.09328,4,0.182961
131,18,1,3,9,4,1.47817,-17.3938,3,0.407886
131,22,1,3,1,2,-10.6412,-5.88546,3,0.663123
131,23,1,2,17,4,-5.22219,6.81078,3,0.169644
131,24,-1,0,22,2,10.4951,-10.4255,1,0.510081
131,18,0,4,9,4,2.14434,-15.8078,2,0.218371
131,23,1,3,17,4,-3.87693,8.46175,3,0.248361
131,14,5,6,11,3,-7.03087,15.217,0,0.304534
131,24,0,1,22,2,9.76396,-10.9818,4,0.512297
131,18,4,5,9,4,2.11461,-15.0773,3,0.191286
131,23,0,4,17,4,-3.21732,7.12682,2,0.166073
131,24,1,2,22,2,11.0831,-10.9873,3,0.507967
131,23,4,5,17,4,-2.18716,6.49978,3,0.160759
131,14,6,7,11,3,-7.74378,16.3272,0,0.319985
131,24,1,3,22,2,9.89854,-9.66068,3,0.52768
131,27,-1,0,23,4,-6.34661,3.46113,1,0.327269
131,28,-1,0,24,2,-4.27457,-18.1673,1,0.93757
131,14,7,8,11,3,-8.83455,17.0416,0,0.328193
131,27,0,1,23,4,-6.56182,4.53033,4,0.337903
131,27,1,2,23,4,-7.43845,3.59195,3,0.373902
131,28,0,1,24,2,-3.6994,-18.9175,4,1.05212
131,29,-1,0,14,3,-4.32267,12.7193,1,0.210345
131,27,1,3,23,4,-5.42331,4.0132,3,0.316474
131,30,-1,0,9,4,-6.56867,-14.6696,1,0.407109
131,29,0,1,14,3,-3.47283,13.4403,4,0.170703
131,27,0,4,23,4,-5.98958,2.45611,2,0.31322
131,30,0,1,9,4,-6.61487,-15.6421,4,0.36293
131,29,1,2,14,3,-4.71778,13.6505,3,0.157016
131,33,-1,0,17,4,-1.58686,-1.58521,1,0.450907
131,30,1,2,9,4,-5.81915,-14.6028,3,0.284967
131,29,1,3,14,3,-2.9346,12.2732,3,0.153372
131,33,0,1,17,4,-2.47837,-2.19151,4,0.427396
131,35,-1,0,11,3,-21.7365,16.516,1,0.00741321
131,30,1,3,9,4,-7.54276,-14.7741,3,0.326859
131,29,0,4,14,3,-5.51674,12.2632,0,0.247279
131,33,1,2,17,4,-1.2408,-2.47816,3,0.424367
131,35,0,1,11,3,-22.664,16.1503,4,0.00012751
131,30,0,4,9,4,-6.31721,-13.7151,2,0.276235
131,29,4,5,14,3,-6.88316,12.3753,0,0.290484
131,33,1,3,17,4,-2.84429,-0.975907,3,0.422982
131,35,1,2,11,3,-21.4142,15.7461,3,0
131,30,4,5,9,4,-5.81075,-12.9653,3,0.268976
131,27,4,5,23,4,-5.82737,1.4348,3,0.302634
131,28,1,2,24,2,-3.64932,-17.6114,3,1.09969
131,29,5,6,14,3,-8.08866,11.885,0,0.342633
131,33,0,4,17,4,-0.536789,-1.3415,2,0.481343
131,35,1,3,11,3,-22.1322,17.3458,3,0.00207459
131,37,-1,0,30,4,-3.46905,-11.813,1,0.503736
131,38,-1,0,27,4,-7.09884,3.0661,1,1.07262
131,33,4,5,17,4,0.751055,-1.64562,3,0.513422
131,29,6,7,14,3,-9.37563,11.8381,0,0.385869
131,35,0,4,11,3,-20.5927,16.9835,0,0.0185536
131,37,0,1,30,4,-2.47074,-12.404,4,0.570897
131,38,0,1,27,4,-8.08112,3.58057,4,1.07151
131,40,-1,0,33,4,-1.14199,-0.862074,1,0.530867
131,35,4,5,11,3,-19.3775,17.6283,0,0.0292245
131,37,1,2,30,4,-2.18899,-11.1664,3,0.501435
131,28,1,3,24,2,-5.01645,-18.8388,3,1.13524
131,35,5,6,11,3,-18.7525,18.7482,0,0.0370998
131,37,1,3,30,4,-3.64677,-12.8004,3,0.602255
131,38,1,2,27,4,-7.75264,2.37742,3,1.15773
131,35,6,7,11,3,-17.7782,19.5803,0,0.0411969
131,37,0,4,30,4,-4.47139,-11.3566,2,0.474121
131,39,-1,0,22,2,-10.1617,-6.70337,1,0.299686
131,41,-1,0,9,4,-4.87192,-20.3039,1,0.0814623
131,41,0,1,9,4,-4.60022,-21.2772,4,0.0721419
131,42,-1,0,17,4,6.89211,2.76785,1,0.208999
131,43,-1,0,23,4,-4.72706,7.04895,1,0.24702
131,41,1,2,9,4,-3.93191,-20.1153,3,0.0762965
131,42,0,1,17,4,5.79052,2.66283,4,0.235024
131,43,0,1,23,4,-5.64023,7.54561,4,0.253326
131,42,1,2,17,4,6.72976,1.9145,3,0.209809
131,44,-1,0,24,2,11.7423,-5.93912,1,0.501058
131,43,1,2,23,4,-5.61012,6.24864,3,0.301766
131,38,1,3,27,4,-6.88582,4.00075,3,1.08262
131,42,1,3,17,4,6.48677,3.6891,3,0.19399
131,44,0,1,24,2,12.6703,-5.85284,4,0.492677
131,42,0,4,17,4,7.8919,3.03763,2,0.191862
131,4,0,3,0,1,-11.6806,-8.19319,8,1.4775
131,36,-1,0,1,2,10.8973,2.86288,1,0.220667
131,45,-1,0,4,1,-7.84658,-8.47778,1,0.341955
131,44,1,2,24,2,11.6424,-5.05493,3,0.480576
131,45,0,1,4,1,-7.80242,-7.63544,8,0.999576
131,43,1,3,23,4,-4.54343,8.23771,3,0.226907
131,45,0,2,4,1,-8.60519,-8.83018,8,1.101
131,46,-1,0,28,2,-2.98473,-20.8909,1,0.682973
131,45,0,3,4,1,-7.22227,-9.02469,8,0.994804
131,40,0,1,33,4,-0.120174,-0.709958,4,0.529347
131,46,0,1,28,2,-2.72198,-19.9968,4,0.667881
131,47,-1,0,7,4,9.77167,15.0256,1,0.5957
131,46,1,2,28,2,-3.74624,-20.8006,3,0.669314
131,47,0,1,7,4,8.85948,14.5205,4,0.575471
131,40,1,2,33,4,-1.14099,0.0557522,3,0.557775
131,47,1,2,7,4,10.058,14.2683,3,0.58133
131,46,1,3,28,2,-1.87471,-21.0289,3,0.6596
131,40,1,3,33,4,-0.808953,-1.8021,3,0.507575
131,37,4,5,30,4,-5.46528,-10.5534,3,0.460342
131,47,1,3,7,4,9.2161,15.7081,3,0.557528
131,40,0,4,33,4,-2.13764,-0.925168,2,0.530415
131,48,-1,0,37,4,-2.76255,-11.2808,1,0.542294
131,49,-1,0,46,2,0.190327,-17.0246,1,0.424185
131,48,0,1,37,4,-3.79364,-11.0908,4,0.552172
131,50,-1,0,4,1,-12.9797,-8.65097,1,0.229744
131,47,0,4,7,4,10.7536,15.4106,2,0.60584
131,51,-1,0,6,3,-8.1439,9.89782,1,0.499246
131,49,0,1,46,2,0.747291,-17.7864,4,0.389274
131,48,1,2,37,4,-2.89552,-12.0021,3,0.563762
131,50,0,1,4,1,-13.7589,-8.968,8,0.714388
131,49,1,2,46,2,0.865526,-16.5073,3,0.380317
131,51,0,1,6,3,-9.02999,9.27545,4,0.517749
131,44,1,3,24,2,12.0849,-7.06703,3,0.499664
131,48,1,3,37,4,-3.11445,-10.0295,3,0.565322
131,50,0,2,4,1,-12.3964,-9.3425,8,0.690298
131,51,1,2,6,3,-7.72387,8.94691,3,0.519781
131,49,1,3,46,2,-0.559025,-17.58,3,0.368094
131,52,-1,0,44,2,11.3578,-6.639,1,0.6964
131,48,0,4,37,4,-1.76312,-11.8511,2,0.54187
131,53,-1,0,28,2,-4.81201,-17.542,1,0.475232
131,54,-1,0,49,2,0.272816,-16.2172,1,0.592
131,51,1,3,6,3,-9.29379,10.5605,3,0.454462
131,39,0,1,22,2,-10.088,-5.85639,4,0.315071
131,48,4,5,37,4,-0.790252,-12.8418,3,0.543562
131,53,0,1,28,2,-4.23295,-16.8234,4,0.49323
131,50,0,3,4,1,-12.8031,-7.83926,8,0.683639
131,55,-1,0,48,4,-2.51594,-10.4746,1,0.6172
131,39,1,2,22,2,-10.5541,-7.16562,3,0.344576
131,53,1,2,28,2,-5.51078,-17.0969,3,0.529903
132,0,-1,0,4294967295,1,-14.7509,-6.64586,1,0.454348
132,0,0,1,4294967295,1,-14.4061,-5.87584,8,1.53219
132,0,0,2,4294967295,1,-15.5854,-6.70232,8,1.30945
132,0,0,3,4294967295,1,-14.3665,-7.38153,8,1.36387
132,1,-1,0,4294967295,2,11.3864,3.94086,1,0.535948
132,1,0,1,4294967295,2,11.6023,4.84604,4,0.553222
132,1,1,2,4294967295,2,10.5607,4.0541,3,0.601699
132,1,1,3,4294967295,2,12.4721,3.86285,3,0.546576
132,6,-1,0,2,3,-7.90107,10.0974,1,0.43279
132,7,-1,0,3,4,9.77179,15.9843,1,0.269736
132,4,-1,0,0,1,-12.187,-9.0014,1,0.47889
132,7,0,1,3,4,9.68932,17.0455,4,0.249278
132,7,1,2,3,4,8.70635,16.2952,3,0.24319
132,7,1,3,3,4,10.7682,16.3732,3,0.243385
132,6,0,4,2,3,-8.51254,9.01921,0,0.449961
132,7,0,4,3,4,10.2681,15.0806,2,0.280357
132,6,4,5,2,3,-9.84031,8.86771,0,0.484876
132,7,4,5,3,4,10.7023,14.2561,3,0.282607
132,6,5,6,2,3,-11.1131,9.23014,0,0.538167
132,9,-1,0,7,4,-5.57102,-20.7522,1,0.00474034
132,6,6,7,2,3,-12.2201,9.93744,0,0.592732
132,6,7,8,2,3,-13.4979,9.75153,0,0.598424
132,11,0,4,6,3,-20.1324,17.4215,0,0
132,4,0,1,0,1,-13.0307,-9.37481,8,1.40722
132,11,4,5,6,3,-18.8662,16.9188,0,5.96677e-06
132,11,5,6,6,3,-17.5738,16.9516,0,0.000479475
132,11,6,7,6,3,-16.4044,16.4111,0,0.00328059
132,11,7,8,6,3,-15.1155,16.3959,0,0.00521107
132,14,-1,0,11,3,-4.16025,11.8244,1,0.198256
132,14,0,1,11,3,-4.07566,10.7438,4,0.157854
132,14,1,2,11,3,-2.95935,11.3589,3,0.127767
132,14,1,3,11,3,-5.21519,11.3805,3,0.158864
132,14,0,4,11,3,-4.71326,12.9386,0,0.231594
132,4,0,2,0,1,-11.5272,-9.5149,8,1.39581
132,56,1,3,7,4,-4.30582,-20.5448,3,0
132,9,0,4,7,4,-5.75178,-21.764,2,0.00133613
132,14,4,5,11,3,-5.54271,13.98,0,0.258308
132,17,-1,0,3,4,7.66284,2.46847,1,0.107932
132,18,-1,0,9,4,2.59827,-17.6389,1,0.316173
132,17,0,1,3,4,8.4601,3.20574,4,0.0685105
132,17,1,2,3,4,7.23152,3.57168,3,0.0513456
132,17,1,3,3,4,8.35916,1.94493,3,0.0669117
132,17,0,4,3,4,7.1013,1.5768,2,0.149362
132,17,4,5,3,4,6.18306,0.568872,3,0.17911
132,18,0,1,9,4,3.12147,-18.4919,4,0.418678
132,22,-1,0,1,2,-11.6058,-6.18516,1,0.324577
132,22,0,1,1,2,-12.0834,-5.4107,4,0.578713
132,23,-1,0,17,4,-4.72564,7.50522,1,0.168477
132,18,1,2,9,4,3.3292,-17.2201,3,0.458391
132,22,1,2,1,2,-12.4247,-6.68023,3,0.607705
132,23,0,1,17,4,-5.69239,8.12019,4,0.265269
132,18,1,3,9,4,1.93724,-18.0728,3,0.514293
132,22,1,3,1,2,-10.7518,-5.41045,3,0.575659
132,23,1,2,17,4,-5.81564,6.86441,3,0.27667
132,24,-1,0,22,2,10.1132,-10.7499,1,0.532705
132,18,0,4,9,4,2.0925,-16.7663,2,0.267797
132,23,1,3,17,4,-4.48697,8.48898,3,0.268391
132,14,5,6,11,3,-6.65424,14.6762,0,0.278759
132,24,0,1,22,2,9.63447,-11.5431,4,0.55123
132,18,4,5,9,4,1.78438,-15.7285,3,0.312577
132,23,0,4,17,4,-3.86269,6.81825,2,0.149659
132,24,1,2,22,2,10.8727,-11.0922,3,0.532283
132,23,4,5,17,4,-3.17281,5.81884,3,0.141588
132,14,6,7,11,3,-7.34779,15.7834,0,0.2928
132,24,1,3,22,2,9.19935,-10.2887,3,0.549844
132,27,-1,0,23,4,-6.83403,3.83916,1,0.337985
132,28,-1,0,24,2,-3.86579,-18.666,1,0.971852
132,14,7,8,11,3,-8.45508,16.4677,0,0.299996
132,27,0,1,23,4,-6.98915,4.88011,4,0.332415
132,27,1,2,23,4,-7.93244,4.01877,3,0.347315
132,28,0,1,24,2,-3.1178,-19.2001,4,1.10284
132,29,-1,0,14,3,-3.96221,12.7116,1,0.203186
132,27,1,3,23,4,-5.90758,4.23173,3,0.313803
132,30,-1,0,9,4,-6.42702,-15.336,1,0.363577
132,29,0,1,14,3,-3.15887,13.4471,4,0.219792
132,27,0,4,23,4,-6.54175,2.89719,2,0.342803
132,30,0,1,9,4,-6.47352,-16.3594,4,0.37307
132,29,1,2,14,3,-4.27869,14.1274,3,0.127556
132,33,-1,0,17,4,-1.37268,-1.82664,1,0.45371
132,30,1,2,9,4,-5.6269,-15.4045,3,0.393611
132,29,1,3,14,3,-2.80767,12.203,3,0.154163
132,33,0,1,17,4,-2.33058,-2.29682,4,0.44245
132,35,-1,0,11,3,-21.7967,16.3537,1,0.00492965
132,30,1,3,9,4,-7.25409,-15.3655,3,0.360942
132,29,0,4,14,3,-5.00671,12.0383,0,0.23392
132,33,1,2,17,4,-1.16062,-2.76338,3,0.426533
132,30,0,4,9,4,-6.26597,-14.3008,2,0.330123
132,29,4,5,14,3,-6.35562,12.058,0,0.272725
132,33,1,3,17,4,-2.44768,-0.992391,3,0.431917
132,30,4,5,9,4,-5.61498,-13.1215,3,0.298019
132,27,4,5,23,4,-6.48616,2.16977,3,0.35003
132,28,1,2,24,2,-3.56612,-17.9621,3,1.09877
132,29,5,6,14,3,-7.63856,11.7929,0,0.305679
132,33,0,4,17,4,-0.416773,-1.35869,2,0.458995
132,57,1,3,11,3,-22.3308,17.2955,3,0
132,37,-1,0,30,4,-3.19179,-12.0947,1,0.503715
132,38,-1,0,27,4,-7.59055,3.41569,1,1.0924
132,33,4,5,17,4,0.274539,-1.18988,3,0.461665
132,29,6,7,14,3,-8.93225,11.9794,0,0.325087
132,35,0,4,11,3,-20.6344,16.8238,0,0.0117669
132,37,0,1,30,4,-2.44505,-12.8182,4,0.52448
132,38,0,1,27,4,-8.54875,3.96336,4,1.08963
132,40,-1,0,33,4,-1.00559,-1.10991,1,0.541224
132,35,4,5,11,3,-19.4244,17.5,0,0.0203853
132,37,1,2,30,4,-1.98248,-11.5804,3,0.507526
132,28,1,3,24,2,-4.44399,-19.4573,3,1.10235
132,35,5,6,11,3,-18.9014,18.6698,0,0.0273684
132,37,1,3,30,4,-3.71707,-12.8244,3,0.559548
132,38,1,2,27,4,-8.21676,2.76296,3,1.08673
132,35,6,7,11,3,-17.987,19.5623,0,0.0311482
132,37,0,4,30,4,-4.06239,-11.55,2,0.47948
132,39,-1,0,22,2,-10.5594,-7.16187,1,0.311238
132,41,-1,0,9,4,-5.05333,-20.1198,1,0.076882
132,41,0,1,9,4,-4.81666,-21.0703,4,0.0849663
132,42,-1,0,17,4,6.8471,2.74296,1,0.180962
132,43,-1,0,23,4,-5.43372,7.30044,1,0.250147
132,41,1,2,9,4,-4.26684,-19.8827,3,0.108052
132,42,0,1,17,4,5.7892,2.59154,4,0.1697
132,43,0,1,23,4,-6.36556,7.60731,4,0.273006
132,42,1,2,17,4,6.38307,1.47248,3,0.168528
132,44,-1,0,24,2,12.2904,-6.09569,1,0.520319
132,43,1,2,23,4,-6.03824,6.31596,3,0.261082
132,38,1,3,27,4,-7.30211,4.21758,3,1.0944
132,42,1,3,17,4,6.47811,3.63891,3,0.164795
132,44,0,1,24,2,13.2143,-5.93085,4,0.539672
132,42,0,4,17,4,7.79244,3.14824,2,0.184077
132,4,0,3,0,1,-11.9129,-8.2311,8,1.54195
132,36,-1,0,1,2,11.1756,3.15979,1,0.204667
132,45,-1,0,4,1,-7.83837,-8.46423,1,0.384446
132,44,1,2,24,2,12.1381,-5.20291,3,0.494085
132,45,0,1,4,1,-7.80013,-7.62167,8,1.02891
132,43,1,3,23,4,-5.17747,8.13885,3,0.223459
132,45,0,2,4,1,-8.59471,-8.82147,8,1.17387
132,46,-1,0,28,2,-2.91295,-20.7919,1,0.675626
132,45,0,3,4,1,-7.20995,-9.00649,8,1.02611
132,40,0,1,33,4,-0.0417134,-0.76982,4,0.516664
132,46,0,1,28,2,-2.75979,-19.9132,4,0.665837
132,47,-1,0,7,4,9.42823,15.1641,1,0.563006
132,46,1,2,28,2,-3.6122,-20.917,3,0.669558
132,47,0,1,7,4,8.45947,14.6794,4,0.542631
132,40,1,2,33,4,-1.16122,-0.258502,3,0.522221
132,47,1,2,7,4,9.65926,14.2824,3,0.551003
132,46,1,3,28,2,-2.24967,-21.1615,3,0.661035
132,40,1,3,33,4,-0.498227,-2.01484,3,0.494705
132,37,4,5,30,4,-4.53295,-11.0584,3,0.461123
132,47,1,3,7,4,9.014,15.7544,3,0.523
132,40,0,4,33,4,-1.95381,-1.43044,2,0.547564
132,48,-1,0,37,4,-2.55473,-11.3895,1,0.538238
132,49,-1,0,46,2,0.70419,-17.0707,1,0.401665
132,48,0,1,37,4,-3.47212,-11.2181,4,0.528957
132,50,-1,0,4,1,-12.8517,-8.74134,1,0.223685
132,47,0,4,7,4,10.364,15.6462,2,0.57336
132,51,-1,0,6,3,-8.64052,9.69736,1,0.499334
132,49,0,1,46,2,1.00084,-17.9642,4,0.39161
132,48,1,2,37,4,-2.45052,-12.0704,3,0.53421
132,50,0,1,4,1,-13.6835,-8.88114,8,0.687505
132,49,1,2,46,2,1.42805,-16.755,3,0.384476
132,51,0,1,6,3,-8.93325,8.65721,4,0.485498
132,44,1,3,24,2,12.4905,-7.04602,3,0.639487
132,48,1,3,37,4,-2.62656,-10.2543,3,0.533068
132,50,0,2,4,1,-12.3916,-9.52716,8,0.67339
132,51,1,2,6,3,-7.73939,9.26123,3,0.503435
132,49,1,3,46,2,-0.255503,-17.5043,3,0.38779
132,52,-1,0,44,2,11.6633,-6.62208,1,0.6804
132,48,0,4,37,4,-1.63255,-11.9071,2,0.560858
132,53,-1,0,28,2,-5.21325,-17.5275,1,0.471714
132,54,-1,0,49,2,0.153996,-16.4728,1,0.576
132,51,1,3,6,3,-9.89556,9.54705,3,0.453778
132,39,0,1,22,2,-10.2184,-6.32311,4,0.362835
132,48,4,5,37,4,-1.1123,-12.3469,3,0.593433
132,53,0,1,28,2,-4.37464,-17.224,4,0.471152
132,50,0,3,4,1,-12.5348,-7.965,8,0.669488
132,55,-1,0,48,4,-2.01464,-10.7853,1,0.6012
132,39,1,2,22,2,-11.398,-7.01545,3,0.320205
132,53,1,2,28,2,-5.70135,-17.002,3,0.468938
132,53,1,3,28,2,-5.08404,-18.3583,3,0.483794
132,39,1,3,22,2,-9.19312,-7.22523,3,0.509707
133,0,-1,0,4294967295,1,-14.7685,-6.61096,1,0.457824
133,0,0,1,4294967295,1,-14.4571,-5.82729,8,1.45573
133,0,0,2,4294967295,1,-15.6003,-6.70032,8,1.32521
133,0,0,3,4294967295,1,-14.3508,-7.32831,8,1.3571
133,1,-1,0,4294967295,2,11.3875,4.38447,1,0.363642
133,1,0,1,4294967295,2,11.5904,5.28467,4,0.548184
133,1,1,2,4294967295,2,10.5919,4.44123,3,0.604794
133,1,1,3,4294967295,2,12.2715,4.16772,3,0.651128
133,6,-1,0,2,3,-8.56689,10.0211,1,0.443173
133,7,-1,0,3,4,9.4503,16.192,1,0.238089
133,4,-1,0,0,1,-12.1537,-9.02885,1,0.490719
133,7,0,1,3,4,9.13806,17.2628,4,0.216988
133,7,1,2,3,4,8.11011,16.5312,3,0.215759
133,7,1,3,3,4,10.294,16.8096,3,0.206544
133,6,0,4,2,3,-8.60572,8.78918,0,0.457849
133,7,0,4,3,4,10.0047,15.2063,2,0.249414
133,6,4,5,2,3,-9.86489,8.23919,0,0.484111
133,7,4,5,3,4,10.4429,13.9197,3,0.250208
133,6,5,6,2,3,-11.23,8.41117,0,0.515351
133,9,-1,0,7,4,-5.80875,-20.5413,1,0.00294402
133,6,6,7,2,3,-12.2002,9.39904,0,0.544145
133,6,7,8,2,3,-13.453,9.97778,0,0.676321
133,11,0,4,6,3,-20.2356,17.4616,0,0
133,4,0,1,0,1,-13.0315,-9.35459,8,1.52763
133,11,4,5,6,3,-18.994,16.8478,0,5.96677e-06
133,11,5,6,6,3,-17.6907,16.8825,0,0.000479475
133,11,6,7,6,3,-16.4674,16.4519,0,0.00328059
133,11,7,8,6,3,-15.1838,16.6032,0,0.00521107
133,14,-1,0,11,3,-3.77384,11.79,1,0.170691
133,14,0,1,11,3,-3.79891,10.7043,4,0.129768
133,14,1,2,11,3,-2.5853,11.1015,3,0.0988813
133,14,1,3,11,3,-4.8862,11.4243,3,0.131434
133,14,0,4,11,3,-4.21106,12.9679,0,0.204717
133,4,0,2,0,1,-11.4787,-9.52399,8,1.40668
133,56,1,3,7,4,-4.4244,-20.9214,3,0
133,9,0,4,7,4,-6.06948,-21.5298,2,0.000122666
133,14,4,5,11,3,-5.05673,13.9824,0,0.231838
133,17,-1,0,3,4,7.44491,2.36744,1,0.103729
133,18,-1,0,9,4,2.95635,-18.3112,1,0.33958
133,17,0,1,3,4,8.28388,3.07532,4,0.0579777
133,17,1,2,3,4,7.10002,3.5089,3,0.0416993
133,17,1,3,3,4,8.37735,1.80986,3,0.0504136
133,17,0,4,3,4,6.92548,1.51076,2,0.148218
133,17,4,5,3,4,6.49968,0.968847,3,0.175573
133,18,0,1,9,4,3.72208,-19.0425,4,0.373192
133,22,-1,0,1,2,-12.1939,-5.49327,1,0.526956
133,22,0,1,1,2,-12.3354,-4.578,4,0.59848
133,23,-1,0,17,4,-5.42765,7.48361,1,0.192956
133,18,1,2,9,4,3.61949,-17.7857,3,0.389688
133,22,1,2,1,2,-13.0098,-5.69355,3,0.633561
133,23,0,1,17,4,-6.3377,7.88375,4,0.226632
133,18,1,3,9,4,2.48087,-19.1486,3,0.387314
133,22,1,3,1,2,-11.191,-5.24098,3,0.550776
133,23,1,2,17,4,-5.66794,6.68992,3,0.267405
133,24,-1,0,22,2,9.66694,-11.1781,1,0.542482
133,18,0,4,9,4,2.26657,-17.4859,2,0.307716
133,23,1,3,17,4,-5.20576,8.51383,3,0.219153
133,14,5,6,11,3,-6.27495,14.3625,0,0.252227
133,24,0,1,22,2,9.72984,-12.1036,4,0.539227
133,18,4,5,9,4,1.7458,-16.3189,3,0.287918
133,23,0,4,17,4,-4.71747,6.82261,2,0.160889
133,24,1,2,22,2,10.5113,-11.0359,3,0.542398
133,23,4,5,17,4,-4.43096,6.22924,3,0.139063
133,14,6,7,11,3,-7.07381,15.3388,0,0.265905
133,24,1,3,22,2,8.60524,-11.3773,3,0.528144
133,27,-1,0,23,4,-7.32366,4.42901,1,0.357592
133,28,-1,0,24,2,-3.3914,-18.7459,1,1.02736
133,14,7,8,11,3,-8.14776,16.0082,0,0.272787
133,27,0,1,23,4,-7.48131,5.49721,4,0.406644
133,27,1,2,23,4,-8.24435,4.46539,3,0.41128
133,28,0,1,24,2,-2.71189,-19.29,4,1.04813
133,29,-1,0,14,3,-3.44079,12.6084,1,0.224047
133,27,1,3,23,4,-6.52675,4.71031,3,0.37059
133,30,-1,0,9,4,-6.15485,-15.7314,1,0.326146
133,29,0,1,14,3,-2.4189,12.9496,4,0.236131
133,27,0,4,23,4,-7.07119,3.39965,2,0.332029
133,30,0,1,9,4,-6.34049,-16.7402,4,0.328237
133,29,1,2,14,3,-3.46674,13.7132,3,0.173341
133,33,-1,0,17,4,-1.33421,-1.94392,1,0.423891
133,30,1,2,9,4,-5.13365,-16.2073,3,0.339866
133,29,1,3,14,3,-2.96637,11.8044,3,0.175214
133,33,0,1,17,4,-2.29772,-2.2929,4,0.408424
133,35,-1,0,11,3,-21.6829,16.0807,1,0.00492965
133,30,1,3,9,4,-7.19049,-15.7942,3,0.322524
133,29,0,4,14,3,-4.66559,12.2526,0,0.227383
133,33,1,2,17,4,-1.15089,-2.82901,3,0.400203
133,30,0,4,9,4,-6.07868,-14.7014,2,0.31549
133,29,4,5,14,3,-6.0047,12.0029,0,0.249769
133,33,1,3,17,4,-1.70166,-1.11804,3,0.413472
133,30,4,5,9,4,-5.91625,-13.9777,3,0.303571
133,27,4,5,23,4,-7.01544,2.01115,3,0.322556
133,28,1,2,24,2,-3.27908,-18.0792,3,1.15759
133,29,5,6,14,3,-7.23783,11.5926,0,0.271489
133,33,0,4,17,4,-0.424143,-1.50113,2,0.433871
133,57,1,3,11,3,-22.4711,17.2611,3,0
133,37,-1,0,30,4,-2.87505,-12.7981,1,0.51597
133,38,-1,0,27,4,-7.94732,3.86736,1,1.1194
133,33,4,5,17,4,0.751326,-1.34164,3,0.552337
133,29,6,7,14,3,-8.44303,12.052,0,0.284048
133,35,0,4,11,3,-20.6549,16.7897,0,0.0117669
133,37,0,1,30,4,-2.11723,-13.4343,4,0.537759
133,38,0,1,27,4,-8.94468,4.31194,4,1.19604
133,40,-1,0,33,4,-1.06915,-1.18409,1,0.504608
133,35,4,5,11,3,-19.4809,17.463,0,0.0203853
133,37,1,2,30,4,-2.16909,-12.1297,3,0.656175
133,28,1,3,24,2,-4.04206,-19.3076,3,1.03712
133,35,5,6,11,3,-18.9389,18.6062,0,0.0273684
133,37,1,3,30,4,-3.38513,-13.3783,3,0.53425
133,38,1,2,27,4,-8.75199,3.06437,3,1.09559
133,35,6,7,11,3,-18.0573,19.5237,0,0.0311482
133,37,0,4,30,4,-3.62364,-12.0821,2,0.489434
133,39,-1,0,22,2,-10.6692,-7.38448,1,0.396459
133,41,-1,0,9,4,-5.15979,-20.0529,1,0.093225
133,41,0,1,9,4,-5.15259,-21.0455,4,0.103976
133,42,-1,0,17,4,6.58315,2.66528,1,0.1711
133,43,-1,0,23,4,-6.15443,7.2264,1,0.352243
133,41,1,2,9,4,-4.2888,-20.086,3,0.129411
133,42,0,1,17,4,5.48358,2.7038,4,0.191217
133,43,0,1,23,4,-7.04214,7.62177,4,0.489183
133,42,1,2,17,4,6.1045,1.65154,3,0.256402
133,44,-1,0,24,2,12.8911,-6.10234,1,0.240337
133,43,1,2,23,4,-6.6079,6.40244,3,0.540742
133,38,1,3,27,4,-7.84994,4.97538,3,1.1198
133,42,1,3,17,4,6.34005,3.6143,3,0.164176
133,44,0,1,24,2,13.8112,-6.22167,4,0.452992
133,42,0,4,17,4,7.57957,2.90254,2,0.164919
133,4,0,3,0,1,-11.7637,-8.2931,8,1.57485
133,36,-1,0,1,2,11.443,3.57814,1,0.323863
133,45,-1,0,4,1,-7.83257,-8.45446,1,0.400317
133,44,1,2,24,2,12.8584,-5.2995,3,0.488119
133,45,0,1,4,1,-7.79844,-7.61169,8,1.1019
133,43,1,3,23,4,-5.83344,8.13349,3,0.324457
133,45,0,2,4,1,-8.58701,-8.81568,8,1.18685
133,46,-1,0,28,2,-2.79806,-20.9626,1,0.674717
133,45,0,3,4,1,-7.2017,-8.99382,8,1.10027
133,40,0,1,33,4,-0.255355,-0.568981,4,0.482314
133,46,0,1,28,2,-2.62162,-20.0563,4,0.667472
133,47,-1,0,7,4,9.29154,15.3737,1,0.530349
133,46,1,2,28,2,-3.60958,-20.881,3,0.66438
133,47,0,1,7,4,8.50422,14.6958,4,0.509087
133,40,1,2,33,4,-1.51183,-0.334008,3,0.480348
133,47,1,2,7,4,9.75098,14.4235,3,0.510598
133,46,1,3,28,2,-1.83995,-21.1292,3,0.67111
133,40,1,3,33,4,0.0918392,-1.83655,3,0.469099
133,37,4,5,30,4,-4.21666,-11.0217,3,0.469664
133,47,1,3,7,4,8.59182,15.9371,3,0.492777
133,40,0,4,33,4,-1.95851,-1.7182,2,0.515678
133,48,-1,0,37,4,-2.33173,-11.2381,1,0.526751
133,49,-1,0,46,2,0.855578,-17.3221,1,0.367569
133,48,0,1,37,4,-3.29376,-10.9095,4,0.511971
133,50,-1,0,4,1,-12.9137,-8.80738,1,0.228832
133,47,0,4,7,4,10.1499,15.968,2,0.540831
133,51,-1,0,6,3,-8.99752,9.29046,1,0.457991
133,49,0,1,46,2,1.04416,-18.2269,4,0.356954
133,48,1,2,37,4,-2.80223,-12.0588,3,0.513064
133,50,0,1,4,1,-13.7461,-8.91083,8,0.670996
133,49,1,2,46,2,1.59636,-17.0483,3,0.347052
133,51,0,1,6,3,-8.83533,8.22364,4,0.440792
133,44,1,3,24,2,12.766,-6.96485,3,0.697127
133,48,1,3,37,4,-2.07668,-10.5146,3,0.513242
133,50,0,2,4,1,-12.478,-9.60711,8,0.662725
133,51,1,2,6,3,-8.09208,9.29377,3,0.440029
133,49,1,3,46,2,-0.0389563,-17.4613,3,0.364798
133,52,-1,0,44,2,12.141,-6.40581,1,0.648303
133,48,0,4,37,4,-1.41344,-11.6222,2,0.539112
133,53,-1,0,28,2,-5.62214,-17.4387,1,0.448762
133,54,-1,0,49,2,0.262563,-16.7706,1,0.56
133,51,1,3,6,3,-9.95341,8.90127,3,0.425536
133,39,0,1,22,2,-10.2129,-6.58387,4,0.402416
133,48,4,5,37,4,-0.603586,-12.3487,3,0.545386
133,53,0,1,28,2,-4.69532,-17.5855,4,0.442769
133,50,0,3,4,1,-12.5842,-8.05444,8,0.747515
133,55,-1,0,48,4,-1.5271,-11.0081,1,0.5852
133,39,1,2,22,2,-11.4633,-6.98867,3,0.359988
133,53,1,2,28,2,-5.59362,-16.6513,3,0.440836
133,53,1,3,28,2,-5.63695,-18.5329,3,0.450493
133,39,1,3,22,2,-9.63157,-7.78726,3,0.466521
133,36,0,1,1,2,11.1044,2.72423,4,0.353203
133,52,0,1,44,2,12.1144,-7.34361,4,0.633697
134,0,-1,0,4294967295,1,-14.7803,-6.58501,1,0.451466
134,0,0,1,4294967295,1,-14.4925,-5.79202,8,1.40489
134,0,0,2,4294967295,1,-15.6085,-6.70164,8,1.32841
134,0,0,3,4294967295,1,-14.3432,-7.29052,8,1.3471
134,1,-1,0,4294967295,2,11.3176,4.75164,1,0.278441
134,1,0,1,4294967295,2,11.7269,5.60232,4,0.468636
134,1,1,2,4294967295,2,10.5395,5.06471,3,0.579334
134,1,1,3,4294967295,2,12.2439,4.44213,3,0.533434
134,6,-1,0,2,3,-8.70696,9.58734,1,0.447792
134,7,-1,0,3,4,9.09212,16.2425,1,0.206954
134,4,-1,0,0,1,-12.1649,-9.06998,1,0.516409
134,7,0,1,3,4,8.62593,17.2107,4,0.186398
134,7,1,2,3,4,7.85999,16.1909,3,0.191838
134,7,1,3,3,4,9.87776,17.0529,3,0.170843
134,6,0,4,2,3,-8.83199,8.34581,0,0.459634
134,7,0,4,3,4,9.73529,15.3872,2,0.218809
134,6,4,5,2,3,-10.0543,7.8565,0,0.482442
134,7,4,5,3,4,10.084,14.7274,3,0.220833
134,6,5,6,2,3,-11.31,7.78589,0,0.51403
134,9,-1,0,7,4,-6.00082,-20.3164,1,0
134,6,6,7,2,3,-12.1277,8.78891,0,0.548397
134,6,7,8,2,3,-12.9896,9.77117,0,0.572655
134,11,0,4,6,3,-20.3205,17.4413,0,0
134,4,0,1,0,1,-13.0192,-9.41881,8,1.62639
134,11,4,5,6,3,-19.1104,16.8203,0,5.96677e-06
134,11,5,6,6,3,-17.8142,16.8584,0,0.000479475
134,11,6,7,6,3,-16.5793,16.4781,0,0.00328059
134,11,7,8,6,3,-15.3116,16.7283,0,0.00521107
134,14,-1,0,11,3,-3.54138,11.5945,1,0.142759
134,14,0,1,11,3,-3.77056,10.5426,4,0.100467
134,14,1,2,11,3,-2.50807,10.7557,3,0.0734985
134,14,1,3,11,3,-4.63453,11.5056,3,0.0954595
134,14,0,4,11,3,-3.77609,12.8342,0,0.177453
134,4,0,2,0,1,-11.5675,-9.65447,8,1.46727
134,56,1,3,7,4,-4.56525,-21.4064,3,0
134,9,0,4,7,4,-6.304,-21.2991,2,0
134,14,4,5,11,3,-4.56054,13.9336,0,0.204896
134,17,-1,0,3,4,7.32364,2.43217,1,0.0776542
134,18,-1,0,9,4,3.36376,-18.7089,1,0.323317
134,17,0,1,3,4,8.15507,3.08526,4,0.0424297
134,17,1,2,3,4,6.90353,3.31132,3,0.0319496
134,17,1,3,3,4,7.92125,1.82597,3,0.0353653
134,17,0,4,3,4,6.80064,1.59524,2,0.105341
134,17,4,5,3,4,6.08605,0.7584,3,0.119263
134,18,0,1,9,4,4.20054,-19.2846,4,0.352432
134,22,-1,0,1,2,-12.6857,-4.72683,1,0.630435
134,22,0,1,1,2,-12.2336,-3.92465,4,0.566183
134,23,-1,0,17,4,-6.1599,7.58298,1,0.171388
134,18,1,2,9,4,3.96301,-18.0157,3,0.350385
134,22,1,2,1,2,-13.4632,-4.4141,3,0.554812
134,23,0,1,17,4,-7.17358,7.75764,4,0.182031
134,18,1,3,9,4,3.07896,-19.8674,3,0.404167
134,22,1,3,1,2,-11.7834,-5.16361,3,0.551576
134,23,1,2,17,4,-6.20664,6.85992,3,0.202136
134,24,-1,0,22,2,9.34748,-11.7459,1,0.530787
134,18,0,4,9,4,2.6825,-17.9676,2,0.303199
134,23,1,3,17,4,-6.08227,8.33068,3,0.176061
134,14,5,6,11,3,-5.82392,14.3106,0,0.22538
134,24,0,1,22,2,9.84539,-12.5343,4,0.570769
134,18,4,5,9,4,2.43284,-17.3378,3,0.288022
134,23,0,4,17,4,-5.20667,7.15672,2,0.155278
134,24,1,2,22,2,10.0189,-11.2479,3,0.511641
134,23,4,5,17,4,-4.34726,6.14491,3,0.141398
134,14,6,7,11,3,-6.82314,15.1506,0,0.239019
134,24,1,3,22,2,8.52754,-12.3502,3,0.527656
134,27,-1,0,23,4,-7.77243,4.7765,1,0.364127
134,28,-1,0,24,2,-3.16333,-18.6769,1,1.12302
134,14,7,8,11,3,-8.03254,15.6299,0,0.245841
134,27,0,1,23,4,-7.89207,5.83984,4,0.403677
134,27,1,2,23,4,-8.76655,4.89181,3,0.398046
134,28,0,1,24,2,-2.29555,-18.9991,4,1.08586
134,29,-1,0,14,3,-2.98432,12.2684,1,0.195227
134,27,1,3,23,4,-6.76386,5.2914,3,0.473658
134,30,-1,0,9,4,-6.10153,-16.3314,1,0.296342
134,29,0,1,14,3,-1.96767,12.5194,4,0.167031
134,27,0,4,23,4,-7.57252,3.74913,2,0.337415
134,30,0,1,9,4,-6.0004,-17.2871,4,0.290022
134,29,1,2,14,3,-3.1067,13.1501,3,0.171779
134,33,-1,0,17,4,-1.25254,-1.92814,1,0.415343
134,30,1,2,9,4,-5.32111,-16.1352,3,0.302738
134,29,1,3,14,3,-2.65479,11.4683,3,0.144204
134,33,0,1,17,4,-2.26267,-2.24908,4,0.388188
134,35,-1,0,11,3,-21.5231,15.8265,1,0.00492965
134,30,1,3,9,4,-6.89943,-16.44,3,0.277575
134,29,0,4,14,3,-4.22461,12.1604,0,0.216029
134,33,1,2,17,4,-1.2017,-2.93309,3,0.375436
134,30,0,4,9,4,-6.15673,-15.3389,2,0.294726
134,29,4,5,14,3,-5.57999,12.201,0,0.232405
134,33,1,3,17,4,-1.74815,-1.03913,3,0.39071
134,30,4,5,9,4,-5.91923,-14.3058,3,0.290382
134,27,4,5,23,4,-7.57662,2.87703,3,0.321148
134,28,1,2,24,2,-2.86274,-17.804,3,1.13485
134,29,5,6,14,3,-6.80128,11.7346,0,0.245174
134,33,0,4,17,4,-0.297372,-1.52972,2,0.439842
134,57,1,3,11,3,-22.5699,17.2369,3,0
134,37,-1,0,30,4,-2.61864,-13.2923,1,0.524202
134,38,-1,0,27,4,-8.49353,4.33168,1,1.12202
134,33,4,5,17,4,0.869517,-1.25727,3,0.453813
134,29,6,7,14,3,-8.08987,11.8941,0,0.252504
134,35,0,4,11,3,-20.615,16.69,0,0.0117669
134,37,0,1,30,4,-1.75573,-13.9341,4,0.572094
134,38,0,1,27,4,-9.48005,4.7966,4,1.12255
134,40,-1,0,33,4,-0.91868,-1.17361,1,0.512485
134,35,4,5,11,3,-19.5322,17.5106,0,0.0203853
134,37,1,2,30,4,-1.85981,-12.6697,3,0.576997
134,28,1,3,24,2,-3.35586,-19.8173,3,1.03188
134,35,5,6,11,3,-18.9734,18.6615,0,0.0273684
134,37,1,3,30,4,-2.88771,-14.4623,3,0.621369
134,38,1,2,27,4,-9.0906,3.60717,3,1.0946
134,35,6,7,11,3,-17.9944,19.4852,0,0.0311482
134,37,0,4,30,4,-3.38254,-12.5113,2,0.489878
134,39,-1,0,22,2,-10.6474,-7.31321,1,0.432423
134,41,-1,0,9,4,-5.20347,-20.1582,1,0.0776887
134,41,0,1,9,4,-5.60175,-21.0753,4,0.0705946
134,42,-1,0,17,4,6.50929,2.79186,1,0.166454
134,43,-1,0,23,4,-6.87911,7.23855,1,0.415559
134,41,1,2,9,4,-4.44129,-20.5835,3,0.0692641
134,42,0,1,17,4,5.43862,2.8722,4,0.182911
134,43,0,1,23,4,-7.89439,7.46939,4,0.446035
134,42,1,2,17,4,6.10448,1.83539,3,0.169312
134,44,-1,0,24,2,13.4438,-6.12064,1,0.40284
134,43,1,2,23,4,-7.21899,6.3865,3,0.484982
134,38,1,3,27,4,-8.32404,5.3417,3,1.17999
134,42,1,3,17,4,6.27904,3.81414,3,0.225341
134,44,0,1,24,2,14.3643,-6.16642,4,0.461467
134,42,0,4,17,4,7.52858,2.99431,2,0.159071
134,4,0,3,0,1,-11.8523,-8.2939,8,1.56581
134,36,-1,0,1,2,11.591,3.97622,1,0.328578
134,45,-1,0,4,1,-7.8285,-8.44772,1,0.394729
134,44,1,2,24,2,13.3644,-5.30993,3,0.530246
134,45,0,1,4,1,-7.79728,-7.60487,8,1.19987
134,43,1,3,23,4,-6.97511,8.39318,3,0.459921
134,45,0,2,4,1,-8.58177,-8.8114,8,1.24733
134,46,-1,0,28,2,-2.60356,-20.9971,1,0.644835
134,45,0,3,4,1,-7.19566,-8.98478,8,1.1234
134,40,0,1,33,4,-0.0385908,-0.540417,4,0.521216
134,46,0,1,28,2,-2.24696,-20.1375,4,0.63572
134,47,-1,0,7,4,8.9609,15.3992,1,0.495764
134,46,1,2,28,2,-3.40697,-20.7272,3,0.627119
134,47,0,1,7,4,8.15185,14.6602,4,0.472602
134,40,1,2,33,4,-1.25667,-0.259599,3,0.490179
134,47,1,2,7,4,9.35567,14.7024,3,0.467866
134,46,1,3,28,2,-1.58434,-21.2994,3,0.644114
134,40,1,3,33,4,0.32985,-1.77628,3,0.505735
134,37,4,5,30,4,-3.96239,-11.5005,3,0.470444
134,47,1,3,7,4,8.40791,15.8544,3,0.460906
134,40,0,4,33,4,-1.84932,-1.69626,2,0.500346
134,48,-1,0,37,4,-2.21341,-11.1079,1,0.501445
134,49,-1,0,46,2,0.873886,-17.7338,1,0.334722
134,48,0,1,37,4,-3.0168,-10.3615,4,0.484451
134,50,-1,0,4,1,-12.8835,-8.8106,1,0.231205
134,47,0,4,7,4,9.79418,16.0763,2,0.507241
134,51,-1,0,6,3,-9.16033,8.90709,1,0.452421
134,49,0,1,46,2,0.723582,-18.6767,4,0.325315
134,48,1,2,37,4,-3.08876,-11.5901,3,0.470663
134,50,0,1,4,1,-13.7224,-8.93097,8,0.769543
134,49,1,2,46,2,1.70854,-17.8289,3,0.319051
134,51,0,1,6,3,-9.35759,7.87032,4,0.468458
134,44,1,3,24,2,13.4226,-7.10759,3,0.484748
134,48,1,3,37,4,-1.76775,-10.1753,3,0.490945
134,50,0,2,4,1,-12.4013,-9.58727,8,0.657819
134,51,1,2,6,3,-8.10493,8.31261,3,0.467395
134,49,1,3,46,2,-0.143602,-17.6722,3,0.333472
134,52,-1,0,44,2,12.7201,-6.48556,1,0.613962
134,48,0,4,37,4,-1.25624,-11.711,2,0.510379
134,53,-1,0,28,2,-5.60579,-17.7256,1,0.421294
134,54,-1,0,49,2,0.685161,-16.9257,1,0.544
134,51,1,3,6,3,-10.091,8.96299,3,0.445939
134,39,0,1,22,2,-9.90374,-6.79084,4,0.474139
134,48,4,5,37,4,-0.237338,-12.4449,3,0.511106
134,53,0,1,28,2,-4.73666,-17.9358,4,0.413448
134,50,0,3,4,1,-12.56,-8.05619,8,0.707502
134,55,-1,0,48,4,-1.44504,-11.0095,1,0.5692
134,39,1,2,22,2,-11.2131,-6.62276,3,0.404386
134,53,1,2,28,2,-5.4012,-16.7972,3,0.419236
134,53,1,3,28,2,-5.93205,-18.5179,3,0.410035
134,39,1,3,22,2,-10.1928,-8.08073,3,0.657809
134,36,0,1,1,2,11.3059,3.09472,4,0.361032
134,52,0,1,44,2,12.0187,-7.09791,4,0.604038
134,36,1,2,1,2,12.4444,3.73862,3,0.437431
135,0,-1,0,4294967295,1,-14.7891,-6.56781,1,0.464151
135,0,0,1,4294967295,1,-14.5182,-5.76913,8,1.3797
135,0,0,2,4294967295,1,-15.615,-6.70035,8,1.33489
135,0,0,3,4294967295,1,-14.3357,-7.26311,8,1.52912
135,1,-1,0,4294967295,2,11.4448,5.13727,1,0.106008
135,1,0,1,4294967295,2,11.8962,5.96157,4,0.525621
135,1,1,2,4294967295,2,10.6193,5.65717,3,0.567974
135,1,1,3,4294967295,2,12.4046,4.75951,3,0.58505
135,6,-1,0,2,3,-8.34633,8.82567,1,0.458889
135,7,-1,0,3,4,8.58579,16.3047,1,0.176072
135,4,-1,0,0,1,-12.1726,-9.1086,1,0.520972
135,7,0,1,3,4,7.81057,17.0078,4,0.155901
135,7,1,2,3,4,7.39195,15.7648,3,0.164058
135,7,1,3,3,4,9.06867,17.0904,3,0.137687
135,6,0,4,2,3,-9.19051,7.8622,0,0.485213
135,7,0,4,3,4,9.44535,15.6821,2,0.187561
135,6,4,5,2,3,-10.4686,7.46439,0,0.555239
135,7,4,5,3,4,10.2742,14.9495,3,0.191103
135,6,5,6,2,3,-11.62,7.3304,0,0.747973
135,6,6,7,2,3,-12.1422,8.43616,0,0.598298
135,6,7,8,2,3,-12.8356,9.45361,0,0.563338
135,11,0,4,6,3,-20.3929,17.4182,0,0
135,4,0,1,0,1,-13.0339,-9.44362,8,1.58393
135,11,4,5,6,3,-19.1982,16.821,0,5.96677e-06
135,11,5,6,6,3,-17.92,16.8867,0,0.000479475
135,11,6,7,6,3,-16.7002,16.5034,0,0.00328059
135,11,7,8,6,3,-15.4472,16.7724,0,0.00521107
135,14,-1,0,11,3,-3.38695,11.3223,1,0.114219
135,14,0,1,11,3,-3.6723,10.2736,4,0.0718697
135,14,1,2,11,3,-2.39895,10.4187,3,0.0564311
135,14,1,3,11,3,-4.55924,11.2178,3,0.0585651
135,14,0,4,11,3,-3.56925,12.5771,0,0.149587
135,4,0,2,0,1,-11.5308,-9.64102,8,1.49069
135,56,1,3,7,4,-4.66871,-21.942,3,0
135,14,4,5,11,3,-4.19997,13.7984,0,0.177543
135,17,-1,0,3,4,7.12993,2.46675,1,0.0487378
135,18,-1,0,9,4,4.12349,-19.1674,1,0.346496
135,17,0,1,3,4,8.00818,3.13826,4,0.0222789
135,17,1,2,3,4,6.84258,3.66579,3,0.0199867
135,17,1,3,3,4,7.81288,1.89966,3,0.0137029
135,17,0,4,3,4,6.53425,1.57667,2,0.0671524
135,17,4,5,3,4,5.62586,0.705222,3,0.073183
135,18,0,1,9,4,5.07597,-19.4582,4,0.39595
135,22,-1,0,1,2,-12.9892,-4.0197,1,0.573248
135,22,0,1,1,2,-12.1945,-3.53921,4,0.593328
135,23,-1,0,17,4,-6.7144,7.42504,1,0.164538
135,18,1,2,9,4,4.2336,-18.46,3,0.448706
135,22,1,2,1,2,-13.4931,-3.35182,3,0.710888
135,23,0,1,17,4,-7.68876,7.79225,4,0.172048
135,18,1,3,9,4,3.92575,-19.9253,3,0.403747
135,22,1,3,1,2,-12.288,-4.8434,3,0.544703
135,23,1,2,17,4,-7.05119,6.67225,3,0.180946
135,24,-1,0,22,2,9.33162,-12.3663,1,0.600846
135,18,0,4,9,4,3.25999,-18.6204,2,0.311353
135,23,1,3,17,4,-6.67865,8.5474,3,0.174624
135,14,5,6,11,3,-5.41643,14.3399,0,0.198302
135,24,0,1,22,2,9.86443,-13.1124,4,0.6206
135,18,4,5,9,4,2.56608,-17.6136,3,0.29156
135,23,0,4,17,4,-5.66008,7.15748,2,0.149325
135,24,1,2,22,2,9.89457,-11.79,3,0.590491
135,23,4,5,17,4,-4.67,6.81864,3,0.13697
135,14,6,7,11,3,-6.50075,15.0912,0,0.212055
135,24,1,3,22,2,8.56296,-12.9109,3,0.680238
135,27,-1,0,23,4,-8.22549,5.3206,1,0.42804
135,28,-1,0,24,2,-2.62348,-18.8063,1,1.08994
135,14,7,8,11,3,-7.80886,15.2535,0,0.21891
135,27,0,1,23,4,-8.39919,6.32956,4,0.516017
135,27,1,2,23,4,-9.28372,5.40738,3,0.639666
135,28,0,1,24,2,-1.71453,-18.6,4,1.08844
135,29,-1,0,14,3,-2.75505,11.9522,1,0.167928
135,27,1,3,23,4,-7.33383,5.64993,3,0.514409
135,30,-1,0,9,4,-6.26127,-16.6246,1,0.267158
135,29,0,1,14,3,-1.74625,12.3095,4,0.138066
135,27,0,4,23,4,-8.01874,4.36296,2,0.365541
135,30,0,1,9,4,-5.91371,-17.6073,4,0.255843
135,29,1,2,14,3,-2.87027,12.9668,3,0.145084
135,33,-1,0,17,4,-1.07824,-1.76892,1,0.406122
135,30,1,2,9,4,-5.51604,-16.3894,3,0.267015
135,29,1,3,14,3,-2.04607,11.0791,3,0.113181
135,33,0,1,17,4,-2.10011,-2.04746,4,0.369965
135,35,-1,0,11,3,-21.3248,15.6376,1,0.00492965
135,30,1,3,9,4,-7.08104,-17.163,3,0.242379
135,29,0,4,14,3,-3.99479,11.8421,0,0.191276
135,33,1,2,17,4,-1.15233,-2.87671,3,0.351665
135,30,0,4,9,4,-6.34281,-15.5581,2,0.27014
135,29,4,5,14,3,-5.24927,12.2423,0,0.208584
135,33,1,3,17,4,-1.69173,-0.804119,3,0.370951
135,30,4,5,9,4,-5.9979,-14.3234,3,0.266526
135,27,4,5,23,4,-8.0741,3.50963,3,0.331444
135,28,1,2,24,2,-2.87038,-17.9463,3,1.13123
135,29,5,6,14,3,-6.46137,11.8767,0,0.220257
135,33,0,4,17,4,-0.121776,-1.3726,2,0.443763
135,57,1,3,11,3,-22.6396,17.2199,3,0
135,37,-1,0,30,4,-2.18214,-13.6951,1,0.510321
135,38,-1,0,27,4,-8.91764,4.81069,1,1.14904
135,33,4,5,17,4,0.547201,-1.29684,3,0.469598
135,29,6,7,14,3,-7.73284,11.8037,0,0.226211
135,35,0,4,11,3,-20.5527,16.6219,0,0.0117669
135,37,0,1,30,4,-1.23114,-13.9942,4,0.526073
135,38,0,1,27,4,-9.92974,5.22508,4,1.17475
135,40,-1,0,33,4,-0.696226,-1.06508,1,0.481539
135,35,4,5,11,3,-19.5728,17.545,0,0.0203853
135,37,1,2,30,4,-1.95089,-12.9109,3,0.541345
135,28,1,3,24,2,-2.34759,-19.7654,3,1.05479
135,35,5,6,11,3,-18.9876,18.6927,0,0.0273684
135,37,1,3,30,4,-2.28456,-14.682,3,0.527488
135,38,1,2,27,4,-9.54232,4.03053,3,1.16951
135,35,6,7,11,3,-17.9506,19.4534,0,0.0311482
135,37,0,4,30,4,-3.06431,-13.2294,2,0.489402
135,39,-1,0,22,2,-10.5251,-6.94742,1,0.473342
135,41,-1,0,9,4,-5.2114,-20.4493,1,0.0702908
135,41,0,1,9,4,-5.94864,-21.1311,4,0.0609496
135,42,-1,0,17,4,6.36985,2.92463,1,0.149845
135,43,-1,0,23,4,-7.55434,7.20822,1,0.434938
135,41,1,2,9,4,-4.67908,-21.0238,3,0.0565257
135,42,0,1,17,4,5.29339,2.94624,4,0.144306
135,43,0,1,23,4,-8.55382,6.82496,4,0.443607
135,42,1,2,17,4,5.89969,1.87154,3,0.133871
135,44,-1,0,24,2,13.8579,-6.22731,1,0.463022
135,43,1,2,23,4,-7.48561,6.20957,3,0.476741
135,38,1,3,27,4,-8.73727,5.65152,3,1.15106
135,42,1,3,17,4,6.1113,3.89228,3,0.154122
135,44,0,1,24,2,14.7807,-6.04495,4,0.495871
135,42,0,4,17,4,7.36241,3.11406,2,0.150043
135,4,0,3,0,1,-11.8472,-8.35127,8,1.63629
135,36,-1,0,1,2,11.7223,4.29485,1,0.341053
135,45,-1,0,4,1,-7.82563,-8.4429,1,0.400203
135,44,1,2,24,2,13.6353,-5.40903,3,0.488255
135,45,0,1,4,1,-7.79646,-7.59996,8,1.1858
135,43,1,3,23,4,-8.48044,8.09906,3,0.424676
135,45,0,2,4,1,-8.57796,-8.80849,8,1.29433
135,46,-1,0,28,2,-2.35626,-20.7996,1,0.41862
135,45,0,3,4,1,-7.19154,-8.97847,8,1.141
135,40,0,1,33,4,0.272295,-0.682447,4,0.477048
135,46,0,1,28,2,-1.71686,-20.1247,4,0.494369
135,47,-1,0,7,4,8.62356,15.5046,1,0.461668
135,46,1,2,28,2,-3.01869,-20.3148,3,0.540445
135,47,0,1,7,4,7.86381,14.7829,4,0.440009
135,40,1,2,33,4,-0.879035,-0.181248,3,0.577853
135,47,1,2,7,4,9.11871,14.6528,3,0.445349
135,46,1,3,28,2,-1.61373,-21.4455,3,0.531319
135,40,1,3,33,4,0.07378,-1.98669,3,0.460711
135,37,4,5,30,4,-3.5413,-12.7176,3,0.47186
135,47,1,3,7,4,7.98134,16.0365,3,0.421904
135,40,0,4,33,4,-1.66333,-1.42556,2,0.486313
135,48,-1,0,37,4,-1.98479,-10.763,1,0.483478
135,49,-1,0,46,2,0.743253,-18.2234,1,0.303631
135,48,0,1,37,4,-2.60391,-9.9545,4,0.481178
135,50,-1,0,4,1,-12.8825,-8.82601,1,0.228471
135,47,0,4,7,4,9.31861,16.3168,2,0.472861
135,51,-1,0,6,3,-9.11703,8.53777,1,0.427861
135,49,0,1,46,2,0.399842,-19.1005,4,0.293758
135,48,1,2,37,4,-2.99502,-11.1678,3,0.445443
135,50,0,1,4,1,-13.7176,-8.92928,8,0.725138
135,49,1,2,46,2,1.52715,-18.4342,3,0.300472
135,51,0,1,6,3,-9.92895,7.85901,4,0.414492
135,44,1,3,24,2,14.1397,-7.20234,3,0.551757
135,48,1,3,37,4,-1.34569,-10.0918,3,0.533992
135,50,0,2,4,1,-12.4488,-9.63476,8,0.659674
135,51,1,2,6,3,-8.69054,7.51246,3,0.396673
135,49,1,3,46,2,-0.2165,-17.9411,3,0.284976
135,52,-1,0,44,2,13.1518,-6.64568,1,0.58187
135,48,0,4,37,4,-1.3928,-11.5691,2,0.507579
135,53,-1,0,28,2,-5.08537,-18.0936,1,0.531639
135,54,-1,0,49,2,1.13334,-17.4986,1,0.528
135,51,1,3,6,3,-10.1259,9.12431,3,0.418138
135,39,0,1,22,2,-9.63049,-7.20225,4,0.485206
135,48,4,5,37,4,-1.17003,-12.2143,3,0.57382
135,53,0,1,28,2,-4.24392,-18.4544,4,0.427607
135,50,0,3,4,1,-12.5526,-8.05799,8,0.688785
135,55,-1,0,48,4,-1.15833,-10.7289,1,0.5532
135,39,1,2,22,2,-10.336,-6.087,3,0.445493
135,53,1,2,28,2,-4.9553,-17.3389,3,0.531228
135,53,1,3,28,2,-5.48689,-18.8877,3,0.39803
135,39,1,3,22,2,-10.5879,-8.12734,3,0.544338
135,36,0,1,1,2,11.2514,3.49247,4,0.359927
135,52,0,1,44,2,12.2229,-6.67742,4,0.57213
135,36,1,2,1,2,12.5203,3.83814,3,0.361656
135,58,-1,0,46,2,-2.35962,-21.6083,1,0.504267
135,36,1,3,1,2,10.697,4.68197,3,0.501159
136,0,-1,0,4294967295,1,-14.795,-6.55497,1,0.462645
136,0,0,1,4294967295,1,-14.536,-5.7522,8,1.37331
136,0,0,2,4294967295,1,-15.6186,-6.70086,8,1.34705
136,0,0,3,4294967295,1,-14.3321,-7.24392,8,1.46086
136,1,-1,0,4294967295,2,11.5615,5.82575,1,0.38887
136,1,0,1,4294967295,2,12.1812,6.49854,4,0.509494
136,1,1,2,4294967295,2,10.8831,6.24319,3,0.607827
136,1,1,3,4294967295,2,12.3705,5.21087,3,0.638003
136,6,-1,0,2,3,-8.67526,8.37713,1,0.492527
136,7,-1,0,3,4,8.02341,16.2891,1,0.160137
136,4,-1,0,0,1,-12.1643,-9.09916,1,0.525937
136,7,0,1,3,4,7.02374,16.6938,4,0.152513
136,7,1,2,3,4,7.0766,15.3862,3,0.171422
136,7,1,3,3,4,8.11929,17.3006,3,0.13405
136,6,0,4,2,3,-9.6702,7.57102,0,0.519613
136,7,0,4,3,4,9.02339,15.7963,2,0.162512
136,6,4,5,2,3,-10.8593,7.07564,0,0.564332
136,7,4,5,3,4,9.94484,14.9547,3,0.160144
136,6,5,6,2,3,-12.0791,6.98931,0,0.607048
136,6,6,7,2,3,-12.5106,8.18191,0,0.6267
136,6,7,8,2,3,-13.0561,9.33094,0,0.622731
136,4,0,1,0,1,-13.035,-9.41231,8,1.56357
136,14,-1,0,11,3,-3.22916,11.0592,1,0.109382
136,14,0,1,11,3,-3.35246,10.012,4,0.0854746
136,14,1,2,11,3,-2.2418,10.6719,3,0.0657436
136,14,1,3,11,3,-4.34474,10.8807,3,0.0667808
136,14,0,4,11,3,-3.44364,12.2938,0,0.128887
136,4,0,2,0,1,-11.5448,-9.66024,8,1.60413
136,14,4,5,11,3,-3.94708,13.561,0,0.15149
136,17,-1,0,3,4,6.89147,2.55451,1,0.0205994
136,18,-1,0,9,4,4.69465,-19.2707,1,0.390148
136,17,0,1,3,4,7.75837,3.17377,4,0.000547257
136,17,1,2,3,4,6.53097,3.54247,3,1.7846e-22
136,17,1,3,3,4,7.7555,1.88674,3,2.80747e-22
136,17,0,4,3,4,6.30818,1.7845,2,0.0342293
136,17,4,5,3,4,5.84117,1.34583,3,0.0368676
136,18,0,1,9,4,5.70961,-19.5235,4,0.465999
136,22,-1,0,1,2,-12.9617,-3.4425,1,0.595521
136,22,0,1,1,2,-12.1637,-2.98301,4,0.621663
136,23,-1,0,17,4,-7.43485,7.56272,1,0.136871
136,18,1,2,9,4,5.01292,-18.4594,3,0.578859
136,22,1,2,1,2,-13.4699,-2.81597,3,0.623013
136,23,0,1,17,4,-8.2858,7.76197,4,0.134563
136,18,1,3,9,4,4.74033,-20.3267,3,0.430114
136,22,1,3,1,2,-12.4285,-4.2563,3,0.574298
136,23,1,2,17,4,-7.44384,6.78811,3,0.134492
136,24,-1,0,22,2,9.42669,-12.935,1,0.349629
136,18,0,4,9,4,3.68418,-18.9289,2,0.334267
136,23,1,3,17,4,-7.09038,8.23336,3,0.138625
136,14,5,6,11,3,-5.09522,14.2049,0,0.171257
136,24,0,1,22,2,10.1261,-13.5165,4,0.610433
136,18,4,5,9,4,2.70272,-18.3475,3,0.304371
136,23,0,4,17,4,-6.49109,7.53686,2,0.131567
136,24,1,2,22,2,9.83341,-12.226,3,0.628677
136,23,4,5,17,4,-5.80914,7.34335,3,0.122639
136,14,6,7,11,3,-6.13337,14.9911,0,0.184975
136,24,1,3,22,2,8.85216,-14.0298,3,0.817643
136,27,-1,0,23,4,-8.64453,5.57449,1,0.445876
136,28,-1,0,24,2,-2.03279,-18.7125,1,1.08284
136,14,7,8,11,3,-7.43332,15.0182,0,0.191884
136,27,0,1,23,4,-8.56614,6.56773,4,0.501636
136,27,1,2,23,4,-9.63752,5.84989,3,0.688817
136,28,0,1,24,2,-1.44974,-18.0111,4,1.08668
136,29,-1,0,14,3,-2.62445,11.7049,1,0.141399
136,27,1,3,23,4,-7.84721,5.50332,3,0.478595
136,30,-1,0,9,4,-6.19999,-16.7871,1,0.241587
136,29,0,1,14,3,-1.66617,12.1966,4,0.111058
136,27,0,4,23,4,-8.48659,4.55311,2,0.419035
136,30,0,1,9,4,-5.8665,-17.7393,4,0.246496
136,29,1,2,14,3,-2.83506,12.7691,3,0.115457
136,33,-1,0,17,4,-1.14553,-1.58003,1,0.382282
136,30,1,2,9,4,-5.31809,-16.5734,3,0.328269
136,29,1,3,14,3,-1.41614,10.9303,3,0.0882781
136,33,0,1,17,4,-2.18145,-1.66984,4,0.349455
136,30,1,3,9,4,-7.11871,-17.4735,3,0.219087
136,29,0,4,14,3,-3.86238,11.5401,0,0.165412
136,33,1,2,17,4,-1.24524,-2.50166,3,0.328414
136,30,0,4,9,4,-6.45276,-15.8079,2,0.244722
136,29,4,5,14,3,-5.07983,11.9975,0,0.183187
136,33,1,3,17,4,-1.35595,-0.658578,3,0.352186
136,30,4,5,9,4,-6.47023,-15.1222,3,0.24254
136,27,4,5,23,4,-8.42828,3.17873,3,0.436401
136,28,1,2,24,2,-2.72928,-18.3837,3,1.12795
136,29,5,6,14,3,-6.30662,11.7544,0,0.194948
136,33,0,4,17,4,-0.129516,-1.36269,2,0.416326
136,37,-1,0,30,4,-1.53722,-13.9684,1,0.493935
136,38,-1,0,27,4,-9.39543,5.2558,1,1.17883
136,33,4,5,17,4,1.15959,-1.49242,3,0.526892
136,29,6,7,14,3,-7.56431,11.9141,0,0.200812
136,37,0,1,30,4,-0.515484,-13.9609,4,0.595146
136,38,0,1,27,4,-10.4461,5.47291,4,1.19897
136,40,-1,0,33,4,-0.679966,-0.949623,1,0.481362
136,37,1,2,30,4,-1.50696,-13.1959,3,0.607505
136,28,1,3,24,2,-1.40798,-19.3409,3,1.05859
136,37,1,3,30,4,-1.49154,-14.7746,3,0.597497
136,38,1,2,27,4,-9.78457,4.39208,3,1.17327
136,37,0,4,30,4,-2.58153,-13.9437,2,0.495916
136,39,-1,0,22,2,-9.99991,-6.80979,1,0.467372
136,41,-1,0,9,4,-5.29531,-20.5832,1,0.0702908
136,41,0,1,9,4,-6.1193,-21.159,4,0.0609496
136,42,-1,0,17,4,6.06742,2.95632,1,0.147704
136,43,-1,0,23,4,-8.1735,7.11188,1,0.414283
136,41,1,2,9,4,-4.85246,-21.3323,3,0.0565257
136,42,0,1,17,4,4.97641,3.09708,4,0.163752
136,43,0,1,23,4,-9.13634,6.59011,4,0.405065
136,42,1,2,17,4,5.5198,2.00053,3,0.169897
136,44,-1,0,24,2,14.2638,-6.31906,1,0.496719
136,43,1,2,23,4,-7.9713,6.19426,3,0.402522
136,38,1,3,27,4,-9.54254,6.32532,3,1.1995
136,42,1,3,17,4,5.85339,3.97629,3,0.178611
136,44,0,1,24,2,15.0612,-5.86041,4,0.500552
136,42,0,4,17,4,7.08758,3.06134,2,0.138679
136,4,0,3,0,1,-11.7975,-8.34866,8,1.59425
136,36,-1,0,1,2,11.6825,4.25919,1,0.354542
136,45,-1,0,4,1,-7.82361,-8.43954,1,0.43171
136,44,1,2,24,2,13.7649,-5.67405,3,0.493561
136,45,0,1,4,1,-7.79589,-7.59655,8,1.31994
136,43,1,3,23,4,-8.82371,7.7117,3,0.404671
136,45,0,2,4,1,-8.57533,-8.80638,8,1.48934
136,46,-1,0,28,2,-1.95648,-20.595,1,0.453652
136,45,0,3,4,1,-7.18857,-8.974,8,1.19635
136,40,0,1,33,4,0.296021,-0.64872,4,0.491322
136,46,0,1,28,2,-1.05435,-20.3339,4,0.459656
136,47,-1,0,7,4,8.32998,15.5963,1,0.428339
136,46,1,2,28,2,-2.18891,-19.6663,3,0.456733
136,47,0,1,7,4,7.82539,14.736,4,0.40629
136,40,1,2,33,4,-0.859773,-0.105326,3,0.539467
136,47,1,2,7,4,9.08848,14.9591,3,0.406233
136,46,1,3,28,2,-1.55831,-21.573,3,0.476162
136,40,1,3,33,4,0.118748,-1.94176,3,0.459659
136,37,4,5,30,4,-3.83643,-13.5128,3,0.564233
136,47,1,3,7,4,7.3716,15.9435,3,0.390847
136,40,0,4,33,4,-1.69857,-1.18026,2,0.474669
136,48,-1,0,37,4,-1.9697,-10.2345,1,0.518863
136,49,-1,0,46,2,0.60479,-18.6825,1,0.287817
136,48,0,1,37,4,-2.1948,-9.21232,4,0.493317
136,50,-1,0,4,1,-12.9054,-8.85863,1,0.25862
136,47,0,4,7,4,8.80805,16.526,2,0.439306
136,51,-1,0,6,3,-9.47727,8.23963,1,0.384331
136,49,0,1,46,2,0.430782,-19.6006,4,0.326801
136,48,1,2,37,4,-2.81581,-10.3006,3,0.463299
136,50,0,1,4,1,-13.7509,-8.95739,8,0.759703
136,49,1,2,46,2,1.45693,-18.7924,3,0.287187
136,51,0,1,6,3,-10.4728,7.90898,4,0.365152
136,44,1,3,24,2,14.783,-7.16808,3,0.512389
136,48,1,3,37,4,-1.11496,-9.87803,3,0.503581
136,50,0,2,4,1,-12.4604,-9.65563,8,0.721344
136,51,1,2,6,3,-9.44792,7.13023,3,0.353139
136,49,1,3,46,2,-0.452278,-18.6128,3,0.263692
136,52,-1,0,44,2,13.5135,-6.602,1,0.549867
136,48,0,4,37,4,-1.74213,-11.2662,2,0.542771
136,53,-1,0,28,2,-4.53397,-18.5232,1,0.45708
136,54,-1,0,49,2,1.19758,-18.1246,1,0.512
136,51,1,3,6,3,-10.1882,9.16705,3,0.356404
136,39,0,1,22,2,-9.51921,-7.61241,4,0.495294
136,48,4,5,37,4,-1.62251,-12.5013,3,0.561151
136,53,0,1,28,2,-3.61748,-18.6395,4,0.545763
136,50,0,3,4,1,-12.5384,-8.12054,8,0.738402
136,55,-1,0,48,4,-1.31341,-10.7001,1,0.5372
136,39,1,2,22,2,-9.1516,-6.34152,3,0.539897
136,53,1,2,28,2,-4.52141,-17.6796,3,0.456998
136,53,1,3,28,2,-4.51688,-19.6245,3,0.408034
136,39,1,3,22,2,-10.8537,-7.58912,3,0.54984
136,36,0,1,1,2,11.1636,3.50659,4,0.359925
136,52,0,1,44,2,12.6326,-6.35099,4,0.540133
136,36,1,2,1,2,12.4196,3.90279,3,0.353859
136,58,-1,0,46,2,-2.4875,-21.2203,1,0.488267
136,36,1,3,1,2,10.8686,4.7838,3,0.383166
136,59,-1,0,24,2,8.65625,-13.0775,1,0.513333
137,0,-1,0,4294967295,1,-14.7993,-6.54637,1,0.456266
137,0,0,1,4294967295,1,-14.5489,-5.74101,8,1.36256
137,0,0,2,4294967295,1,-15.6215,-6.70033,8,1.34717
137,0,0,3,4294967295,1,-14.3288,-7.23012,8,1.41386
137,1,-1,0,4294967295,2,11.7776,6.34536,1,0.527668
137,1,0,1,4294967295,2,12.388,7.02426,4,0.602378
137,1,1,2,4294967295,2,11.0995,6.7358,3,0.567799
137,1,1,3,4294967295,2,12.4676,5.72151,3,0.57233
137,6,-1,0,2,3,-9.5535,8.77015,1,0.510489
137,7,-1,0,3,4,7.57077,16.1356,1,0.132951
137,4,-1,0,0,1,-12.1818,-9.13432,1,0.520663
137,7,0,1,3,4,6.54658,16.2569,4,0.120162
137,7,1,2,3,4,7.09178,15.0663,3,0.13009
137,7,1,3,3,4,7.4146,17.1761,3,0.107071
137,6,0,4,2,3,-10.2684,7.72577,0,0.52915
137,7,0,4,3,4,8.59469,15.9467,2,0.13805
137,6,4,5,2,3,-11.278,7.06911,0,0.568076
137,7,4,5,3,4,9.23,15.7155,3,0.135607
137,6,5,6,2,3,-12.4341,6.86342,0,0.63626
137,6,6,7,2,3,-12.9813,8.00233,0,0.728781
137,6,7,8,2,3,-13.5051,9.16475,0,0.724194
137,4,0,1,0,1,-13.0466,-9.46118,8,1.55382
137,14,-1,0,11,3,-2.91354,10.946,1,0.120489
137,14,0,1,11,3,-2.66756,9.93608,4,0.11924
137,14,1,2,11,3,-2.09234,11.0644,3,0.0912773
137,14,1,3,11,3,-3.88757,10.4491,3,0.122883
137,14,0,4,11,3,-3.38729,12.092,0,0.122022
137,4,0,2,0,1,-11.5593,-9.68796,8,1.57759
137,14,4,5,11,3,-3.8105,13.3173,0,0.133719
137,17,-1,0,3,4,6.6846,2.73233,1,0.00248881
137,18,-1,0,9,4,5.16036,-19.3557,1,0.403527
137,17,0,1,3,4,7.49641,3.43219,4,3.28126e-05
137,17,1,2,3,4,6.24686,3.68631,3,0
137,17,0,4,3,4,6.15854,1.87278,2,0.00856102
137,17,4,5,3,4,5.25873,0.99484,3,0.126021
137,18,0,1,9,4,6.17216,-19.356,4,0.447193
137,22,-1,0,1,2,-12.8233,-2.98056,1,0.58415
137,22,0,1,1,2,-12.1505,-2.35469,4,0.596057
137,23,-1,0,17,4,-8.07,7.65892,1,0.108755
137,18,1,2,9,4,5.39198,-18.3295,3,0.483466
137,22,1,2,1,2,-13.4629,-2.4839,3,0.589641
137,23,0,1,17,4,-8.98653,7.97598,4,0.100407
137,18,1,3,9,4,5.30583,-20.2826,3,0.439832
137,22,1,3,1,2,-12.1101,-3.65812,3,0.64269
137,23,1,2,17,4,-8.19148,6.96471,3,0.0916339
137,24,-1,0,22,2,9.39863,-13.6994,1,0.543541
137,18,0,4,9,4,4.15365,-19.3913,2,0.355357
137,23,1,3,17,4,-7.76655,8.39847,3,0.109533
137,14,5,6,11,3,-4.88113,13.9701,0,0.147911
137,24,0,1,22,2,10.377,-13.7144,4,0.597408
137,18,4,5,9,4,3.46712,-19.2317,3,0.323857
137,23,0,4,17,4,-7.00214,7.56252,2,0.10975
137,24,1,2,22,2,9.55054,-12.7126,3,0.595886
137,23,4,5,17,4,-5.62566,7.31626,3,0.104843
137,14,6,7,11,3,-5.79988,14.8347,0,0.159228
137,24,1,3,22,2,9.84788,-14.9474,3,0.664929
137,27,-1,0,23,4,-9.02781,5.3471,1,0.458594
137,28,-1,0,24,2,-1.56968,-18.5185,1,1.06126
137,14,7,8,11,3,-7.07004,14.9787,0,0.165321
137,27,0,1,23,4,-8.81812,6.3474,4,0.483401
137,27,1,2,23,4,-10.0783,5.98961,3,0.52793
137,28,0,1,24,2,-1.53801,-17.5586,4,1.05356
137,29,-1,0,14,3,-2.46964,11.6969,1,0.114085
137,27,1,3,23,4,-8.07009,5.31389,3,0.465691
137,30,-1,0,9,4,-6.04582,-17.2253,1,0.227809
137,29,0,1,14,3,-1.54714,12.2405,4,0.0820833
137,27,0,4,23,4,-8.92929,4.33118,2,0.435331
137,30,0,1,9,4,-5.52841,-18.067,4,0.225736
137,29,1,2,14,3,-2.78604,12.6082,3,0.0821456
137,33,-1,0,17,4,-1.13653,-1.39822,1,0.396615
137,30,1,2,9,4,-5.41948,-16.7855,3,0.246882
137,29,1,3,14,3,-1.36747,10.9607,3,0.0613407
137,33,0,1,17,4,-2.21133,-1.30751,4,0.340111
137,30,1,3,9,4,-6.68792,-17.5368,3,0.211266
137,29,0,4,14,3,-3.66968,11.3049,0,0.139077
137,33,1,2,17,4,-1.55173,-2.37218,3,0.309205
137,30,0,4,9,4,-6.6224,-16.3899,2,0.22594
137,29,4,5,14,3,-4.99333,11.5912,0,0.157379
137,33,1,3,17,4,-1.31275,-0.369521,3,0.33613
137,30,4,5,9,4,-6.96544,-15.2371,3,0.222388
137,27,4,5,23,4,-8.99076,3.60072,3,0.420437
137,28,1,2,24,2,-2.32832,-18.6087,3,1.07027
137,29,5,6,14,3,-6.29877,11.5427,0,0.169399
137,33,0,4,17,4,-0.0874788,-1.3239,2,0.444831
137,37,-1,0,30,4,-1.12714,-14.1603,1,0.549557
137,38,-1,0,27,4,-9.8925,5.37478,1,1.18756
137,33,4,5,17,4,0.952685,-1.46877,3,0.463371
137,29,6,7,14,3,-7.49142,12.0644,0,0.175363
137,37,0,1,30,4,-0.0654112,-14.1336,4,0.539509
137,38,0,1,27,4,-10.9603,5.08151,4,1.19908
137,40,-1,0,33,4,-0.584269,-0.81485,1,0.489167
137,37,1,2,30,4,-0.826504,-13.1414,3,0.537747
137,28,1,3,24,2,-0.725001,-18.5545,3,1.03757
137,37,1,3,30,4,-0.84858,-15.1329,3,0.547324
137,38,1,2,27,4,-9.83776,4.55012,3,1.17259
137,37,0,4,30,4,-2.18986,-14.2986,2,0.587067
137,39,-1,0,22,2,-9.40437,-7.01886,1,0.531233
137,41,-1,0,9,4,-5.33214,-20.7459,1,0.0702908
137,41,0,1,9,4,-6.23822,-21.1659,4,0.0609496
137,42,-1,0,17,4,5.86149,3.05376,1,0.129791
137,43,-1,0,23,4,-8.84278,7.1756,1,0.390887
137,41,1,2,9,4,-4.99813,-21.494,3,0.0565257
137,42,0,1,17,4,4.79615,3.02633,4,0.124817
137,43,0,1,23,4,-9.50466,6.31284,4,0.380323
137,42,1,2,17,4,5.55319,2.03374,3,0.134136
137,44,-1,0,24,2,14.6385,-6.29661,1,0.217248
137,43,1,2,23,4,-8.24156,6.18495,3,0.366363
137,38,1,3,27,4,-10.8108,6.36712,3,1.19986
137,42,1,3,17,4,5.5508,4.03071,3,0.117621
137,44,0,1,24,2,15.3894,-5.78366,4,0.405583
137,42,0,4,17,4,6.8576,3.30423,2,0.130001
137,4,0,3,0,1,-11.8417,-8.37943,8,1.5718
137,36,-1,0,1,2,11.6179,4.1703,1,0.336633
137,45,-1,0,4,1,-7.82218,-8.43716,1,0.435569
137,44,1,2,24,2,14.0862,-5.68053,3,0.468332
137,45,0,1,4,1,-7.79548,-7.59414,8,1.30364
137,43,1,3,23,4,-9.59182,7.53057,3,0.388963
137,45,0,2,4,1,-8.57346,-8.80491,8,1.4029
137,46,-1,0,28,2,-1.44088,-20.3707,1,0.434686
137,45,0,3,4,1,-7.18651,-8.97086,8,1.23122
137,40,0,1,33,4,0.422273,-0.515851,4,0.55802
137,46,0,1,28,2,-0.578287,-20.7528,4,0.540842
137,47,-1,0,7,4,7.86717,15.4086,1,0.429415
137,46,1,2,28,2,-1.03054,-19.5191,3,0.417276
137,47,0,1,7,4,7.43642,14.452,4,0.469998
137,40,1,2,33,4,-0.692374,0.101078,3,0.544482
137,47,1,2,7,4,8.58435,14.9414,3,0.40636
137,46,1,3,28,2,-1.73911,-21.4326,3,0.439182
137,40,1,3,33,4,0.350818,-1.80693,3,0.469602
137,37,4,5,30,4,-3.19301,-14.289,3,0.646072
137,47,1,3,7,4,7.0978,15.6854,3,0.408767
137,40,0,4,33,4,-1.61185,-0.992987,2,0.469845
137,48,-1,0,37,4,-1.9018,-9.84567,1,0.512597
137,49,-1,0,46,2,0.691817,-19.3061,1,0.279667
137,48,0,1,37,4,-1.72743,-8.78677,4,0.499672
137,50,-1,0,4,1,-12.8776,-8.84775,1,0.260522
137,47,0,4,7,4,8.20921,16.4286,2,0.420885
137,51,-1,0,6,3,-10.2229,8.34761,1,0.405571
137,49,0,1,46,2,0.797563,-20.2654,4,0.284999
137,48,1,2,37,4,-2.89801,-9.25763,3,0.470106
137,50,0,1,4,1,-13.7133,-8.94626,8,0.844873
137,49,1,2,46,2,1.46715,-19.1381,3,0.279541
137,51,0,1,6,3,-11.1285,7.85344,4,0.415094
137,44,1,3,24,2,15.1511,-7.09755,3,0.483034
137,48,1,3,37,4,-0.917755,-9.75097,3,0.500313
137,50,0,2,4,1,-12.4408,-9.65408,8,0.721533
137,51,1,2,6,3,-10.1126,6.99395,3,0.339637
137,49,1,3,46,2,-0.163061,-19.3973,3,0.308933
137,52,-1,0,44,2,13.8202,-6.15684,1,0.518136
137,48,0,4,37,4,-1.97755,-10.9294,2,0.516161
137,53,-1,0,28,2,-3.8855,-18.9814,1,0.443073
137,54,-1,0,49,2,0.807913,-18.4776,1,0.496
137,51,1,3,6,3,-10.6421,9.04102,3,0.340999
137,39,0,1,22,2,-9.51724,-7.93951,4,0.507824
137,48,4,5,37,4,-2.23271,-11.9938,3,0.518371
137,53,0,1,28,2,-3.08761,-18.5106,4,0.430077
137,50,0,3,4,1,-12.5431,-8.08608,8,0.827142
137,55,-1,0,48,4,-1.36616,-10.447,1,0.5212
137,39,1,2,22,2,-8.59096,-7.00889,3,0.509089
137,53,1,2,28,2,-4.3656,-18.1991,3,0.443056
137,53,1,3,28,2,-3.19953,-19.8414,3,0.410839
137,39,1,3,22,2,-10.468,-7.04638,3,0.491401
137,36,0,1,1,2,11.0341,3.47211,4,0.331908
137,52,0,1,44,2,12.7904,-6.29228,4,0.509501
137,36,1,2,1,2,12.3147,3.80038,3,0.332422
137,58,-1,0,46,2,-2.24115,-20.5535,1,0.472267
137,36,1,3,1,2,10.9307,4.77483,3,0.338277
137,59,-1,0,24,2,8.92551,-13.0046,1,0.497333
137,52,1,2,44,2,13.7051,-5.15867,3,0.51343
138,0,-1,0,4294967295,1,-14.8023,-6.54007,1,0.461777
138,0,0,1,4294967295,1,-14.5578,-5.73283,8,1.35962
138,0,0,2,4294967295,1,-15.6232,-6.70042,8,1.35061
138,0,0,3,4294967295,1,-14.3269,-7.22047,8,1.46386
138,1,-1,0,4294967295,2,11.9322,6.79281,1,0.631807
138,1,0,1,4294967295,2,12.6316,7.40468,4,0.651177
138,1,1,2,4294967295,2,11.3292,7.37411,3,0.73037
138,1,1,3,4294967295,2,12.6756,6.09603,3,0.612806
138,6,-1,0,2,3,-10.2189,8.71521,1,0.534928
138,7,-1,0,3,4,6.94288,15.8591,1,0.103816
138,4,-1,0,0,1,-12.1693,-9.13124,1,0.51899
138,7,0,1,3,4,5.91687,15.7351,4,0.0888258
138,7,1,2,3,4,6.94408,14.9419,3,0.0978878
138,7,1,3,3,4,6.68456,16.7208,3,0.0747968
138,6,0,4,2,3,-10.7251,7.62053,0,0.57368
138,7,0,4,3,4,8.02535,15.9851,2,0.11112
138,6,4,5,2,3,-11.8058,6.97725,0,0.678352
138,7,4,5,3,4,9.28358,15.9346,3,0.111577
138,6,5,6,2,3,-12.9955,6.74854,0,0.85189
138,6,6,7,2,3,-13.5278,7.88714,0,0.821114
138,6,7,8,2,3,-14.1401,8.98907,0,0.740987
138,4,0,1,0,1,-13.0437,-9.43582,8,1.54072
138,14,-1,0,11,3,-2.56277,10.8535,1,0.0995115
138,14,0,1,11,3,-2.12246,9.92471,4,0.0828348
138,14,1,2,11,3,-1.79961,11.1699,3,0.0734234
138,14,1,3,11,3,-3.38193,10.2864,3,0.0894054
138,14,0,4,11,3,-3.18857,11.9269,0,0.1149
138,4,0,2,0,1,-11.5598,-9.7072,8,1.55465
138,14,4,5,11,3,-3.73319,13.1201,0,0.133227
138,17,-1,0,3,4,6.18281,2.59119,1,0.0152701
138,18,-1,0,9,4,5.82016,-19.3358,1,0.378571
138,17,0,4,3,4,5.92252,1.57969,2,0.0250525
138,17,4,5,3,4,5.19876,0.766024,3,0.0340455
138,18,0,1,9,4,6.752,-18.958,4,0.395769
138,22,-1,0,1,2,-12.6233,-2.58438,1,0.574101
138,22,0,1,1,2,-12.1828,-1.77493,4,0.571504
138,23,-1,0,17,4,-8.33767,7.70396,1,0.0798762
138,18,1,2,9,4,5.49456,-18.6627,3,0.41942
138,22,1,2,1,2,-13.3912,-2.27954,3,0.569296
138,23,0,1,17,4,-9.27458,7.96923,4,0.06788
138,18,1,3,9,4,6.16865,-20.0817,3,0.390117
138,22,1,3,1,2,-11.6634,-2.98547,3,0.582248
138,23,1,2,17,4,-8.59113,6.86994,3,0.0553881
138,24,-1,0,22,2,9.91934,-14.0478,1,0.397857
138,18,0,4,9,4,4.84957,-19.6905,2,0.35562
138,23,1,3,17,4,-8.23284,8.7063,3,0.0776893
138,14,5,6,11,3,-4.80527,13.7927,0,0.154785
138,24,0,1,22,2,10.8378,-13.8714,4,0.501066
138,18,4,5,9,4,3.53021,-19.8101,3,0.337179
138,23,0,4,17,4,-7.3302,7.5329,2,0.0843822
138,24,1,2,22,2,9.85798,-12.9937,3,0.629544
138,23,4,5,17,4,-6.54559,7.19109,3,0.0835297
138,14,6,7,11,3,-5.62051,14.759,0,0.172181
138,24,1,3,22,2,10.1304,-14.9987,3,0.5529
138,27,-1,0,23,4,-9.56828,5.56952,1,0.445796
138,28,-1,0,24,2,-1.2432,-18.0917,1,1.0421
138,14,7,8,11,3,-6.84841,15.0867,0,0.178233
138,27,0,1,23,4,-9.31427,6.56075,4,0.464589
138,27,1,2,23,4,-10.4342,5.9515,3,0.50817
138,28,0,1,24,2,-1.75451,-17.3148,4,1.0512
138,29,-1,0,14,3,-2.3586,11.6796,1,0.0862782
138,27,1,3,23,4,-8.6316,5.48511,3,0.44524
138,30,-1,0,9,4,-5.94746,-17.4216,1,0.203518
138,29,0,1,14,3,-1.51191,12.3321,4,0.0530581
138,27,0,4,23,4,-9.50624,4.5737,2,0.4275
138,30,0,1,9,4,-5.18421,-18.1591,4,0.201331
138,29,1,2,14,3,-2.77144,12.6468,3,0.0496785
138,33,-1,0,17,4,-1.11384,-1.16549,1,0.370374
138,30,1,2,9,4,-5.23487,-16.898,3,0.207539
138,29,1,3,14,3,-1.05837,11.108,3,0.0338659
138,33,0,1,17,4,-2.16836,-0.992732,4,0.420164
138,30,1,3,9,4,-6.41658,-18.4172,3,0.205408
138,29,0,4,14,3,-3.51745,11.1543,0,0.112178
138,33,1,2,17,4,-1.76245,-2.17684,3,0.301959
138,30,0,4,9,4,-6.66296,-16.6166,2,0.203226
138,29,4,5,14,3,-4.88386,11.3104,0,0.131124
138,33,1,3,17,4,-1.18931,-0.128722,3,0.329671
138,30,4,5,9,4,-7.21258,-15.603,3,0.199797
138,27,4,5,23,4,-9.68104,3.56069,3,0.415355
138,28,1,2,24,2,-1.83276,-18.6006,3,1.03375
138,29,5,6,14,3,-6.19821,11.3446,0,0.143539
138,33,0,4,17,4,-0.0887897,-1.04336,2,0.394205
138,37,-1,0,30,4,-0.574831,-14.3985,1,0.558827
138,38,-1,0,27,4,-10.372,5.15098,1,1.19986
138,33,4,5,17,4,0.640574,-1.09079,3,0.406266
138,29,6,7,14,3,-7.28771,12.0586,0,0.149684
138,37,0,1,30,4,0.402286,-14.4001,4,0.546783
138,38,0,1,27,4,-11.3519,4.61509,4,1.19913
138,40,-1,0,33,4,-0.517619,-0.623519,1,0.511225
138,37,1,2,30,4,-0.36051,-13.3748,3,0.522718
138,28,1,3,24,2,-0.428558,-17.5137,3,1.09387
138,37,1,3,30,4,-0.651495,-15.1641,3,0.571909
138,38,1,2,27,4,-10.2058,4.16545,3,1.16364
138,37,0,4,30,4,-1.53421,-14.6166,2,0.57111
138,39,-1,0,22,2,-9.14538,-7.45155,1,0.278226
138,41,-1,0,9,4,-5.36546,-20.8413,1,0.0702908
138,41,0,1,9,4,-6.30785,-21.1763,4,0.0609496
138,42,-1,0,17,4,5.54178,3.15232,1,0.105079
138,43,-1,0,23,4,-9.09667,7.2841,1,0.356315
138,41,1,2,9,4,-5.10748,-21.6215,3,0.0565257
138,42,0,1,17,4,4.51868,2.86074,4,0.08889
138,43,0,1,23,4,-9.89319,6.5534,4,0.34471
138,42,1,2,17,4,5.53921,2.16138,3,0.0931215
138,44,-1,0,24,2,14.7126,-5.87483,1,0.349705
138,43,1,2,23,4,-8.64715,6.19465,3,0.330195
138,38,1,3,27,4,-11.2181,5.86249,3,1.19986
138,42,1,3,17,4,5.08464,3.96859,3,0.0772329
138,44,0,1,24,2,15.5998,-5.86494,4,0.414745
138,42,0,4,17,4,6.48967,3.56865,2,0.130388
138,4,0,3,0,1,-11.8154,-8.37793,8,1.66552
138,36,-1,0,1,2,11.5709,4.0662,1,0.310531
138,45,-1,0,4,1,-7.79334,-8.45748,1,0.449569
138,44,1,2,24,2,14.8435,-4.69348,3,0.539623
138,45,0,1,4,1,-7.69839,-7.62807,8,1.30026
138,43,1,3,23,4,-9.94908,7.80098,3,0.35413
138,45,0,2,4,1,-8.5683,-8.79554,8,1.46482
138,46,-1,0,28,2,-0.954932,-20.4229,1,0.433171
138,45,0,3,4,1,-7.18148,-9,8,1.33469
138,40,0,1,33,4,0.520685,-0.482767,4,0.491662
138,46,0,1,28,2,-0.312293,-21.0798,4,0.423686
138,47,-1,0,7,4,7.46575,15.2934,1,0.429554
138,46,1,2,28,2,-0.549695,-19.7811,3,0.4295
138,47,0,1,7,4,7.24038,14.2298,4,0.439726
138,40,1,2,33,4,-0.49186,0.260711,3,0.607941
138,47,1,2,7,4,8.38569,14.7319,3,0.4209
138,46,1,3,28,2,-1.6326,-21.085,3,0.415941
138,40,1,3,33,4,0.104871,-1.72705,3,0.459902
138,37,4,5,30,4,-2.30272,-14.6297,3,0.577334
138,47,1,3,7,4,6.32376,15.1238,3,0.483332
138,40,0,4,33,4,-1.54511,-0.695322,2,0.543968
138,48,-1,0,37,4,-1.76796,-9.42701,1,0.493447
138,49,-1,0,46,2,1.03945,-19.8493,1,0.287562
138,48,0,1,37,4,-1.30591,-8.50333,4,0.485801
138,50,-1,0,4,1,-12.8899,-8.8625,1,0.257273
138,47,0,4,7,4,7.48285,16.3728,2,0.424047
138,51,-1,0,6,3,-10.9846,8.34604,1,0.373802
138,49,0,1,46,2,1.45375,-20.6951,4,0.295293
138,48,1,2,37,4,-2.57068,-8.69901,3,0.473517
138,50,0,1,4,1,-13.7299,-8.96735,8,0.805152
138,49,1,2,46,2,1.69055,-19.4231,3,0.271367
138,51,0,1,6,3,-11.8903,7.80705,4,0.380539
138,44,1,3,24,2,15.1137,-7.15453,3,0.395005
138,48,1,3,37,4,-0.785957,-9.64776,3,0.496517
138,50,0,2,4,1,-12.4566,-9.66595,8,0.732881
138,51,1,2,6,3,-10.7958,7.0368,3,0.451244
138,49,1,3,46,2,0.24651,-20.1381,3,0.292449
138,52,-1,0,44,2,13.8018,-5.76923,1,0.526442
138,48,0,4,37,4,-2.24414,-10.3222,2,0.494616
138,53,-1,0,28,2,-3.19623,-19.1356,1,0.440762
138,54,-1,0,49,2,0.433526,-19.2747,1,0.48
138,51,1,3,6,3,-11.8693,9.10545,3,0.36285
138,39,0,1,22,2,-9.3052,-8.33687,4,0.428338
138,48,4,5,37,4,-2.7419,-10.8614,3,0.490604
138,53,0,1,28,2,-2.9996,-18.2248,4,0.565919
138,50,0,3,4,1,-12.5449,-8.1086,8,0.794762
138,55,-1,0,48,4,-1.42404,-10.1722,1,0.6252
138,39,1,2,22,2,-8.42304,-7.31602,3,0.506299
138,53,1,2,28,2,-4.09222,-18.99,3,0.440758
138,53,1,3,28,2,-2.06724,-19.1968,3,0.499349
138,39,1,3,22,2,-10.0809,-7.30671,3,0.495887
138,36,0,1,1,2,10.9524,3.38369,4,0.30364
138,52,0,1,44,2,13.2915,-6.56798,4,0.529123
138,36,1,2,1,2,12.2512,3.59869,3,0.309039
138,58,-1,0,46,2,-1.63204,-19.978,1,0.456267
138,36,1,3,1,2,10.73,4.67254,3,0.302659
138,59,-1,0,24,2,9.20173,-13.6748,1,0.483187
138,52,1,2,44,2,14.3142,-5.80697,3,0.525502
138,59,0,1,24,2,8.34885,-14.0426,4,0.475347
138,60,-1,0,39,2,-8.59079,-8.05715,1,0.871467
139,0,-1,0,4294967295,1,-14.8044,-6.53575,1,0.455466
139,0,0,1,4294967295,1,-14.5641,-5.72727,8,1.35353
139,0,0,2,4294967295,1,-15.6245,-6.70025,8,1.34825
139,0,0,3,4294967295,1,-14.3254,-7.21359,8,1.41461
139,1,-1,0,4294967295,2,12.172,7.29709,1,0.695398
139,1,0,1,4294967295,2,13.0136,7.6781,4,0.716114
139,1,1,2,4294967295,2,11.7484,8.00524,3,0.766042
139,1,1,3,4294967295,2,12.6824,6.40321,3,0.690864
139,6,-1,0,2,3,-11.1882,8.63537,1,0.379555
139,7,-1,0,3,4,6.47938,15.5058,1,0.0742843
139,4,-1,0,0,1,-12.18,-9.13663,1,0.531778
139,7,0,1,3,4,5.47914,15.2147,4,0.0581232
139,7,1,2,3,4,6.60298,14.6038,3,0.0652786
139,7,1,3,3,4,5.98418,16.3612,3,0.044935
139,6,0,4,2,3,-11.1861,7.42359,0,0.489092
139,7,0,4,3,4,7.53923,15.7614,2,0.0821692
139,6,4,5,2,3,-12.2603,6.79565,0,0.627296
139,7,4,5,3,4,8.63944,15.8086,3,0.0830971
139,6,5,6,2,3,-13.4732,6.67492,0,0.748255
139,6,6,7,2,3,-14.1362,7.77256,0,0.853116
139,6,7,8,2,3,-14.8791,8.81943,0,0.817636
139,4,0,1,0,1,-13.0532,-9.45275,8,1.55052
139,14,-1,0,11,3,-2.24605,10.8837,1,0.0806523
139,14,0,1,11,3,-1.69226,10.0085,4,0.0596521
139,14,1,2,11,3,-1.53872,11.2897,3,0.0591258
139,14,1,3,11,3,-2.98238,10.1867,3,0.0540815
139,14,0,4,11,3,-2.99265,11.8775,0,0.0995602
139,4,0,2,0,1,-11.5565,-9.69102,8,1.55868
139,14,4,5,11,3,-3.68098,12.9969,0,0.117085
139,17,-1,0,3,4,5.68881,2.5554,1,0.00564903
139,18,-1,0,9,4,6.14894,-19.3257,1,0.351038
139,17,0,4,3,4,5.76258,1.53718,2,0.00535607
139,17,4,5,3,4,5.62349,0.846805,3,0.00143871
139,18,0,1,9,4,6.89402,-18.5814,4,0.352943
139,22,-1,0,1,2,-12.4111,-2.13499,1,0.0821466
139,22,0,1,1,2,-12.0411,-1.29161,4,0.500283
139,23,-1,0,17,4,-8.78877,7.85162,1,0.0612311
139,18,1,2,9,4,5.62373,-18.6443,3,0.370534
139,22,1,2,1,2,-13.1923,-1.90332,3,0.606545
139,23,0,1,17,4,-9.63818,8.20887,4,0.066351
139,18,1,3,9,4,7.32936,-19.7729,3,0.341362
139,22,1,3,1,2,-11.4747,-2.49933,3,0.551949
139,23,1,2,17,4,-8.88885,7.13679,3,0.0325856
139,24,-1,0,22,2,10.3528,-14.0578,1,0.53135
139,18,0,4,9,4,5.26056,-19.9085,2,0.341838
139,23,1,3,17,4,-8.3902,8.52043,3,0.0581089
139,14,5,6,11,3,-4.77574,13.6625,0,0.13271
139,24,0,1,22,2,11.2663,-14.2016,4,0.572681
139,18,4,5,9,4,4.30697,-20.1615,3,0.333035
139,23,0,4,17,4,-7.88472,7.47022,2,0.0582867
139,24,1,2,22,2,10.447,-13.1626,3,0.662681
139,23,4,5,17,4,-7.20482,6.94493,3,0.0555668
139,14,6,7,11,3,-5.53602,14.6982,0,0.144681
139,24,1,3,22,2,10.1795,-14.9422,3,0.553265
139,27,-1,0,23,4,-10.0143,5.52905,1,0.423604
139,28,-1,0,24,2,-1.10218,-17.3827,1,0.790337
139,14,7,8,11,3,-6.70133,15.2496,0,0.151159
139,27,0,1,23,4,-9.94193,6.60535,4,0.426659
139,27,1,2,23,4,-10.7486,5.69479,3,0.446023
139,28,0,1,24,2,-1.66891,-16.6988,4,0.957572
139,29,-1,0,14,3,-2.14854,11.7392,1,0.0577251
139,27,1,3,23,4,-9.21525,5.58794,3,0.416207
139,30,-1,0,9,4,-5.73313,-17.6274,1,0.177881
139,29,0,1,14,3,-1.40026,12.5089,4,0.0228502
139,27,0,4,23,4,-10.0039,4.46007,2,0.414232
139,30,0,1,9,4,-4.79047,-17.9991,4,0.166935
139,29,1,2,14,3,-2.68588,12.6432,3,0.0129187
139,33,-1,0,17,4,-1.23809,-0.819449,1,0.349923
139,30,1,2,9,4,-5.27143,-16.7933,3,0.17748
139,29,1,3,14,3,-0.807845,11.3547,3,0.00789499
139,33,0,1,17,4,-2.27163,-0.572241,4,0.323638
139,30,1,3,9,4,-5.80013,-18.7569,3,0.152382
139,29,0,4,14,3,-3.24731,11.0987,0,0.0847569
139,33,1,2,17,4,-1.75054,-1.70492,3,0.301849
139,30,0,4,9,4,-6.59171,-17.1016,2,0.180537
139,29,4,5,14,3,-4.62277,11.2118,0,0.104451
139,33,1,3,17,4,-1.18643,0.147752,3,0.329809
139,30,4,5,9,4,-7.04046,-16.5607,3,0.176462
139,27,4,5,23,4,-10.2508,3.164,3,0.403264
139,28,1,2,24,2,-1.56359,-18.043,3,1.02815
139,29,5,6,14,3,-5.93704,11.1991,0,0.117323
139,33,0,4,17,4,-0.192146,-0.92324,2,0.365486
139,37,-1,0,30,4,-0.0208274,-14.6754,1,0.445073
139,38,-1,0,27,4,-10.6661,4.98658,1,1.19951
139,33,4,5,17,4,1.11985,-1.38313,3,0.368916
139,29,6,7,14,3,-7.05086,11.8698,0,0.123685
139,37,0,1,30,4,1.02346,-14.6908,4,0.453423
139,38,0,1,27,4,-11.6799,4.64997,4,1.17339
139,40,-1,0,33,4,-0.592577,-0.331843,1,0.593454
139,37,1,2,30,4,0.0961371,-13.8625,3,0.462968
139,28,1,3,24,2,-0.332901,-16.783,3,1.13533
139,37,1,3,30,4,-0.0320045,-15.4149,3,0.476411
139,38,1,2,27,4,-10.6923,3.85331,3,1.14492
139,37,0,4,30,4,-1.04119,-14.8726,2,0.455138
139,39,-1,0,22,2,-9.15371,-7.78251,1,0.487478
139,42,-1,0,17,4,4.9903,2.99933,1,0.102425
139,43,-1,0,23,4,-9.53342,7.43956,1,0.321355
139,42,0,1,17,4,3.96935,2.73909,4,0.103051
139,43,0,1,23,4,-10.5022,7.03169,4,0.316098
139,42,1,2,17,4,5.02702,2.06672,3,0.175022
139,44,-1,0,24,2,14.9812,-5.45245,1,0.384352
139,43,1,2,23,4,-9.32012,6.43982,3,0.305211
139,38,1,3,27,4,-11.2835,5.8503,3,1.19951
139,42,1,3,17,4,4.57673,3.82785,3,0.0749371
139,44,0,1,24,2,15.9674,-5.72263,4,0.39227
139,42,0,4,17,4,5.98226,3.30594,2,0.106751
139,4,0,3,0,1,-11.8153,-8.38777,8,1.6949
139,36,-1,0,1,2,11.4032,3.90383,1,0.282175
139,45,-1,0,4,1,-7.63146,-8.58805,1,0.446798
139,44,1,2,24,2,15.1842,-4.72616,3,0.421864
139,45,0,1,4,1,-7.62213,-7.73951,8,1.30731
139,43,1,3,23,4,-10.3263,8.32248,3,0.341818
139,45,0,2,4,1,-8.30651,-9.04356,8,1.40374
139,46,-1,0,28,2,-0.716792,-20.5537,1,0.431339
139,45,0,3,4,1,-7.06821,-9.18524,8,1.32749
139,40,0,1,33,4,0.442255,-0.243545,4,0.573347
139,46,0,1,28,2,-0.0386023,-21.1807,4,0.422775
139,47,-1,0,7,4,7.11751,15.0539,1,0.443987
139,46,1,2,28,2,-0.280647,-19.8749,3,0.428976
139,47,0,1,7,4,7.27635,14.0021,4,0.456161
139,40,1,2,33,4,-0.534279,0.587487,3,0.690607
139,47,1,2,7,4,8.19821,14.8766,3,0.438864
139,46,1,3,28,2,-1.34008,-21.3029,3,0.418982
139,40,1,3,33,4,0.0391381,-1.47756,3,0.520038
139,37,4,5,30,4,-2.41681,-14.7863,3,0.476479
139,47,1,3,7,4,6.012,14.2773,3,0.486533
139,40,0,4,33,4,-1.642,-0.26654,2,0.560054
139,48,-1,0,37,4,-1.5019,-8.82312,1,0.490223
139,49,-1,0,46,2,1.39628,-20.2415,1,0.326837
139,48,0,1,37,4,-1.00765,-7.93796,4,0.507631
139,50,-1,0,4,1,-12.8889,-8.87043,1,0.250887
139,47,0,4,7,4,6.92417,16.1012,2,0.433165
139,51,-1,0,6,3,-11.5631,7.85042,1,0.436588
139,49,0,1,46,2,1.72006,-21.1243,4,0.281035
139,48,1,2,37,4,-2.14295,-8.5659,3,0.537947
139,50,0,1,4,1,-13.7284,-8.95739,8,0.774539
139,49,1,2,46,2,2.29131,-19.9545,3,0.24948
139,51,0,1,6,3,-12.61,7.47291,4,0.387635
139,44,1,3,24,2,14.9102,-6.46668,3,0.37924
139,48,1,3,37,4,-0.714245,-9.14048,3,0.501624
139,50,0,2,4,1,-12.4602,-9.67683,8,0.732192
139,51,1,2,6,3,-11.483,6.84023,3,0.395153
139,49,1,3,46,2,0.457799,-20.7429,3,0.392583
139,52,-1,0,44,2,14.1326,-5.86791,1,0.537376
139,48,0,4,37,4,-2.22249,-9.59993,2,0.478926
139,53,-1,0,28,2,-2.73992,-19.0547,1,0.520782
139,54,-1,0,49,2,0.609563,-20.0478,1,0.464
139,51,1,3,6,3,-12.9693,8.72098,3,0.342638
139,39,0,1,22,2,-8.95752,-8.65537,4,0.447096
139,48,4,5,37,4,-3.35058,-10.3465,3,0.471212
139,53,0,1,28,2,-3.0975,-18.2164,4,0.484431
139,50,0,3,4,1,-12.5305,-8.12569,8,0.768451
139,55,-1,0,48,4,-1.4353,-9.61489,1,0.6092
139,39,1,2,22,2,-8.4476,-7.41868,3,0.445767
139,53,1,2,28,2,-3.3139,-19.5191,3,0.465989
139,53,1,3,28,2,-1.97177,-18.9154,3,0.480117
139,39,1,3,22,2,-10.1337,-8.06282,3,0.442057
139,36,0,1,1,2,10.9232,3.11706,4,0.274074
139,52,0,1,44,2,13.7075,-6.79746,4,0.54512
139,36,1,2,1,2,12.1562,3.58264,3,0.281877
139,58,-1,0,46,2,-1.00489,-19.7909,1,0.440267
139,36,1,3,1,2,10.5047,4.3508,3,0.268058
139,59,-1,0,24,2,9.5882,-14.3377,1,0.452096
139,52,1,2,44,2,14.7114,-6.06278,3,0.53314
139,59,0,1,24,2,8.67332,-14.4677,4,0.442437
139,60,-1,0,39,2,-8.41045,-8.13537,1,0.855467
139,61,-1,0,37,4,-0.474079,-13.9319,1,0.507467
139,51,0,4,6,3,-10.2205,7.64391,0,0.46618
139,62,-1,0,28,2,-1.92384,-17.3574,1,0.613029
139,63,-1,0,22,2,-11.6232,-2.17797,1,0.5184
140,0,-1,0,4294967295,1,-14.8059,-6.53266,1,0.449066
140,0,0,1,4294967295,1,-14.5686,-5.72329,8,1.34203
140,0,0,2,4294967295,1,-15.6254,-6.70022,8,1.33894
140,0,0,3,4294967295,1,-14.3244,-7.20876,8,1.37782
140,1,-1,0,4294967295,2,12.4938,7.70933,1,0.711581
140,1,0,1,4294967295,2,13.3868,7.92531,4,0.782823
140,1,1,2,4294967295,2,12.1781,8.44679,3,0.81912
140,1,1,3,4294967295,2,12.7679,6.77522,3,0.700071
140,6,-1,0,2,3,-11.9006,8.19317,1,0.484106
140,7,-1,0,3,4,6.13804,14.9785,1,0.0445506
140,4,-1,0,0,1,-12.175,-9.14727,1,0.525467
140,7,0,1,3,4,5.23888,14.4956,4,0.0266343
140,7,1,2,3,4,6.49117,14.2654,3,0.0357088
140,7,1,3,3,4,5.40861,15.7494,3,0.00867369
140,6,0,4,2,3,-11.6513,7.02172,0,0.542924
140,7,0,4,3,4,7.04828,15.4605,2,0.0533874
140,6,4,5,2,3,-12.7121,6.32922,0,0.644986
140,7,4,5,3,4,7.72503,15.6691,3,0.0528636
140,6,5,6,2,3,-13.9633,6.50337,0,0.751581
140,6,6,7,2,3,-14.6419,7.6297,0,0.808667
140,6,7,8,2,3,-15.5669,8.54325,0,0.826686
140,4,0,1,0,1,-13.0491,-9.45452,8,1.55234
140,14,-1,0,11,3,-1.97619,11.0371,1,0.0596447
140,14,0,1,11,3,-1.24065,10.3012,4,0.0358069
140,14,1,2,11,3,-1.33588,11.5908,3,0.0395384
140,14,1,3,11,3,-2.50718,9.98636,3,0.0217748
140,14,0,4,11,3,-2.86208,11.9301,0,0.0798254
140,4,0,2,0,1,-11.5613,-9.71836,8,1.55712
140,14,4,5,11,3,-3.65676,12.9832,0,0.0968676
140,17,-1,0,3,4,5.15633,2.55053,1,0.021852
140,18,-1,0,9,4,6.49439,-19.0094,1,0.32206
140,17,0,4,3,4,5.64418,1.76198,2,0.0665019
140,17,4,5,3,4,5.97462,0.589203,3,0.0188751
140,18,0,1,9,4,6.85732,-18.0445,4,0.323302
140,22,-1,0,1,2,-12.2274,-1.72314,1,0.343728
140,22,0,1,1,2,-11.7123,-0.926722,4,0.402725
140,23,-1,0,17,4,-9.1918,7.9711,1,0.0519505
140,18,1,2,9,4,5.70757,-18.5862,3,0.426066
140,22,1,2,1,2,-12.9644,-1.22486,3,0.437183
140,23,0,1,17,4,-9.93508,8.70629,4,0.0611545
140,18,1,3,9,4,7.50843,-19.1172,3,0.302726
140,22,1,3,1,2,-11.4478,-2.24375,3,0.437564
140,23,1,2,17,4,-9.85308,7.42757,3,0.0264974
140,24,-1,0,22,2,10.6171,-14.1075,1,0.35416
140,18,0,4,9,4,6.02351,-19.9255,2,0.320799
140,23,1,3,17,4,-8.67536,8.57698,3,0.0541697
140,14,5,6,11,3,-4.77686,13.5974,0,0.110693
140,24,0,1,22,2,11.4734,-14.4839,4,0.525531
140,18,4,5,9,4,5.44445,-20.4902,3,0.314741
140,23,0,4,17,4,-8.28114,7.3634,2,0.0403287
140,24,1,2,22,2,10.8348,-13.3164,3,0.647666
140,23,4,5,17,4,-7.19435,6.47264,3,0.0326056
140,14,6,7,11,3,-5.4856,14.661,0,0.120635
140,24,1,3,22,2,10.684,-15.6123,3,0.607727
140,27,-1,0,23,4,-10.459,5.24808,1,0.411509
140,28,-1,0,24,2,-1.10066,-16.7065,1,0.571741
140,14,7,8,11,3,-6.56307,15.3533,0,0.125876
140,27,0,1,23,4,-10.6016,6.25402,4,0.405419
140,27,1,2,23,4,-11.3567,5.22904,3,0.42743
140,28,0,1,24,2,-1.60292,-15.9684,4,0.818911
140,29,-1,0,14,3,-1.93792,11.8779,1,0.0313259
140,27,1,3,23,4,-9.40195,5.80822,3,0.3858
140,30,-1,0,9,4,-5.12939,-17.7922,1,0.204127
140,29,0,1,14,3,-1.21013,12.6269,4,0.00260179
140,27,0,4,23,4,-10.3446,4.26967,2,0.411866
140,30,0,1,9,4,-4.12143,-17.6125,4,0.283738
140,29,1,2,14,3,-2.5215,12.6657,3,1.7424e-21
140,33,-1,0,17,4,-1.23818,-0.51146,1,0.317484
140,30,1,2,9,4,-5.30228,-17.0759,3,0.211824
140,29,1,3,14,3,-0.663091,11.415,3,1.33147e-21
140,33,0,1,17,4,-2.26874,-0.144002,4,0.294176
140,30,1,3,9,4,-4.8892,-18.5851,3,0.181581
140,29,0,4,14,3,-2.94662,11.1347,0,0.0573761
140,33,1,2,17,4,-1.85511,-1.31851,3,0.273784
140,30,0,4,9,4,-6.17879,-17.7407,2,0.166789
140,29,4,5,14,3,-4.28798,11.1838,0,0.077408
140,33,1,3,17,4,-1.20686,0.574797,3,0.30195
140,30,4,5,9,4,-7.40044,-17.2124,3,0.155919
140,27,4,5,23,4,-10.4528,3.62683,3,0.402233
140,28,1,2,24,2,-1.59197,-17.3187,3,0.916978
140,29,5,6,14,3,-5.58141,11.0659,0,0.090711
140,33,0,4,17,4,-0.243395,-0.807546,2,0.331714
140,37,-1,0,30,4,0.18139,-14.8371,1,0.326821
140,38,-1,0,27,4,-11.1336,4.71972,1,1.19986
140,33,4,5,17,4,0.606786,-1.24369,3,0.336508
140,29,6,7,14,3,-6.77418,11.5759,0,0.0973112
140,37,0,1,30,4,1.22092,-14.9031,4,0.44838
140,38,0,1,27,4,-12.239,4.72155,4,1.19858
140,40,-1,0,33,4,-0.516613,-0.0770339,1,0.692753
140,37,1,2,30,4,0.739809,-13.7062,3,0.498852
140,28,1,3,24,2,-0.307915,-16.2566,3,0.931864
140,37,1,3,30,4,0.421865,-15.9099,3,0.535836
140,38,1,2,27,4,-11.2777,3.93815,3,1.1533
140,37,0,4,30,4,-0.870139,-14.8776,2,0.429948
140,39,-1,0,22,2,-9.15385,-8.06927,1,0.435065
140,42,-1,0,17,4,4.40113,2.83407,1,0.132165
140,43,-1,0,23,4,-10.0276,7.99183,1,0.293797
140,42,0,1,17,4,3.38709,2.49983,4,0.15683
140,43,0,1,23,4,-10.8425,7.35805,4,0.284563
140,42,1,2,17,4,4.3693,1.71574,3,0.149427
140,44,-1,0,24,2,15.1324,-5.3677,1,0.39562
140,43,1,2,23,4,-9.70826,6.69612,3,0.281848
140,38,1,3,27,4,-11.6204,5.8144,3,1.1699
140,42,1,3,17,4,3.99044,3.5864,3,0.197236
140,44,0,1,24,2,16.0135,-5.56108,4,0.390741
140,42,0,4,17,4,5.34199,3.32462,2,0.114527
140,4,0,3,0,1,-11.8243,-8.39465,8,1.63694
140,36,-1,0,1,2,11.1795,3.6533,1,0.251512
140,45,-1,0,4,1,-7.43082,-8.82709,1,0.451979
140,44,1,2,24,2,15.0622,-4.61799,3,0.403113
140,45,0,1,4,1,-7.5928,-8.00416,8,1.31145
140,43,1,3,23,4,-10.8125,8.64366,3,0.285964
140,45,0,2,4,1,-8.11228,-9.31819,8,1.45464
140,46,-1,0,28,2,-0.505937,-20.6879,1,0.428325
140,45,0,3,4,1,-6.66889,-9.17509,8,1.32327
140,40,0,1,33,4,0.532931,0.0638231,4,0.720759
140,46,0,1,28,2,0.00893926,-21.4673,4,0.435419
140,47,-1,0,7,4,6.91883,14.6967,1,0.42186
140,46,1,2,28,2,0.234656,-20.1712,3,0.426247
140,47,0,1,7,4,7.39259,13.7197,4,0.413437
140,40,1,2,33,4,-0.471691,0.844025,3,0.653861
140,47,1,2,7,4,7.83792,14.8708,3,0.404017
140,46,1,3,28,2,-1.32193,-21.4556,3,0.41743
140,40,1,3,33,4,0.157335,-1.16312,3,0.597273
140,37,4,5,30,4,-1.72196,-14.7643,3,0.555423
140,47,1,3,7,4,6.1175,13.7243,3,0.418929
140,40,0,4,33,4,-1.55621,-0.0290601,2,0.595722
140,48,-1,0,37,4,-1.52255,-8.38795,1,0.50369
140,49,-1,0,46,2,1.77799,-20.8362,1,0.343915
140,48,0,1,37,4,-0.956512,-7.50493,4,0.520326
140,50,-1,0,4,1,-12.8854,-8.86572,1,0.244487
140,47,0,4,7,4,6.44197,15.6593,2,0.423541
140,51,-1,0,6,3,-12.4052,7.46111,1,0.428172
140,49,0,1,46,2,1.8726,-21.7664,4,0.347165
140,48,1,2,37,4,-2.21311,-7.69394,3,0.544793
140,50,0,1,4,1,-13.7241,-8.96599,8,0.748654
140,49,1,2,46,2,2.62059,-20.6932,3,0.31492
140,51,0,1,6,3,-13.2308,6.8289,4,0.4114
140,44,1,3,24,2,15.4772,-6.83906,3,0.377697
140,48,1,3,37,4,-0.447088,-8.64809,3,0.507917
140,50,0,2,4,1,-12.4552,-9.67128,8,0.723841
140,51,1,2,6,3,-11.9326,6.56048,3,0.414157
140,49,1,3,46,2,0.80973,-20.9624,3,0.356994
140,52,-1,0,44,2,14.5293,-5.75138,1,0.538903
140,48,0,4,37,4,-2.21358,-9.16492,2,0.481037
140,53,-1,0,28,2,-2.57573,-19.1121,1,0.497871
140,54,-1,0,49,2,1.29093,-20.1749,1,0.448
140,51,1,3,6,3,-13.2298,8.09039,3,0.394878
140,39,0,1,22,2,-8.89819,-8.94878,4,0.420001
140,48,4,5,37,4,-3.00991,-9.63297,3,0.465957
140,53,0,1,28,2,-3.04507,-18.312,4,0.488083
140,50,0,3,4,1,-12.5412,-8.11024,8,0.745087
140,55,-1,0,48,4,-1.20252,-9.142,1,0.5932
140,39,1,2,22,2,-8.39163,-7.71519,3,0.406626
140,53,1,2,28,2,-3.26079,-19.5968,3,0.472235
140,53,1,3,28,2,-1.76693,-18.6758,3,0.489748
140,39,1,3,22,2,-10.1346,-8.50045,3,0.425993
140,36,0,1,1,2,11.0501,2.73982,4,0.241816
140,52,0,1,44,2,14.1019,-6.51244,4,0.545833
140,36,1,2,1,2,12.0027,3.65359,3,0.251452
140,58,-1,0,46,2,-0.774809,-19.924,1,0.424267
140,36,1,3,1,2,10.1615,3.69727,3,0.230831
140,59,-1,0,24,2,9.80101,-14.1007,1,0.436776
140,52,1,2,44,2,15.3766,-6.12683,3,0.566479
140,59,0,1,24,2,9.15204,-14.8127,4,0.441257
140,60,-1,0,39,2,-8.39965,-8.37114,1,0.839467
140,61,-1,0,37,4,-0.223268,-14.1534,1,0.496819
140,51,0,4,6,3,-11.3098,7.99095,0,0.434456
140,62,-1,0,28,2,-1.91836,-16.6401,1,0.660186
140,63,-1,0,22,2,-11.4377,-1.58152,1,0.5024
140,59,1,2,24,2,10.4489,-14.7411,3,0.461034
140,62,0,1,28,2,-2.83035,-16.5686,4,0.558843
140,61,0,1,37,4,-1.22224,-14.1294,4,0.496647
141,0,-1,0,4294967295,1,-14.8069,-6.5305,1,0.442666
141,0,0,1,4294967295,1,-14.5717,-5.72052,8,1.32735
141,0,0,2,4294967295,1,-15.626,-6.70016,8,1.32553
141,0,0,3,4294967295,1,-14.3237,-7.20535,8,1.34832
141,1,-1,0,4294967295,2,12.8177,8.00898,1,0.729978
141,1,0,1,4294967295,2,13.704,8.26152,4,0.751016
141,1,1,2,4294967295,2,12.4795,8.74471,3,0.938215
141,1,1,3,4294967295,2,13.1598,7.07821,3,0.715742
141,6,-1,0,2,3,-12.8386,7.89208,1,0.0465538
141,7,-1,0,3,4,5.83214,14.343,1,0.0351525
141,4,-1,0,0,1,-12.1772,-9.14429,1,0.519068
141,7,0,1,3,4,5.15803,13.5477,4,0.0259948
141,7,1,2,3,4,6.41576,13.7397,3,0.0300024
141,7,1,3,3,4,4.97243,14.7868,3,0.0106622
141,6,0,4,2,3,-12.1587,6.86883,0,0.586041
141,7,0,4,3,4,6.59974,15.1167,2,0.033382
141,6,4,5,2,3,-13.1581,5.98993,0,0.779622
141,7,4,5,3,4,7.76163,15.8006,3,0.0286174
141,6,5,6,2,3,-14.4806,6.08118,0,0.848345
141,6,6,7,2,3,-15.1149,7.25027,0,0.825856
141,6,7,8,2,3,-16.0356,8.17513,0,0.806532
141,4,0,1,0,1,-13.0506,-9.45298,8,1.54548
141,14,-1,0,11,3,-1.63509,11.1836,1,0.0365158
141,14,0,1,11,3,-0.705134,10.6867,4,0.0114565
141,14,1,2,11,3,-1.01405,11.9255,3,0.0157084
141,14,1,3,11,3,-1.79764,9.9874,3,0
141,14,0,4,11,3,-2.7021,11.9081,0,0.0578492
141,4,0,2,0,1,-11.5658,-9.71327,8,1.54828
141,14,4,5,11,3,-3.6084,12.9233,0,0.07506
141,17,-1,0,3,4,4.55716,2.1463,1,0.104857
141,18,-1,0,9,4,6.73212,-18.4391,1,0.317322
141,17,0,4,3,4,5.41185,1.48646,2,0.04425
141,17,4,5,3,4,6.07259,0.795017,3,0.0185125
141,18,0,1,9,4,6.90546,-17.4171,4,0.330689
141,22,-1,0,1,2,-12.0363,-1.1852,1,0.367933
141,22,0,1,1,2,-11.2862,-0.645573,4,0.372658
141,23,-1,0,17,4,-9.43011,8.06427,1,0.01979
141,18,1,2,9,4,5.91982,-18.1836,3,0.324749
141,22,1,2,1,2,-12.5994,-0.691435,3,0.383412
141,23,0,1,17,4,-10.0151,8.87108,4,0.0102696
141,18,1,3,9,4,7.52097,-18.5235,3,0.354418
141,22,1,3,1,2,-11.6447,-1.9091,3,0.375104
141,23,1,2,17,4,-10.6148,7.69644,3,1.26143e-21
141,24,-1,0,22,2,11.0626,-14.3475,1,0.0317823
141,18,0,4,9,4,6.68422,-19.4998,2,0.30627
141,23,1,3,17,4,-8.74181,8.70332,3,0.0222784
141,14,5,6,11,3,-4.73919,13.5727,0,0.0882821
141,24,0,1,22,2,11.978,-14.351,4,0.596133
141,18,4,5,9,4,6.34988,-20.8387,3,0.297287
141,23,0,4,17,4,-8.70787,7.36494,2,0.021043
141,24,1,2,22,2,10.9427,-13.5027,3,0.611654
141,23,4,5,17,4,-8.32859,6.74343,3,0.0168432
141,14,6,7,11,3,-5.43385,14.6641,0,0.097369
141,24,1,3,22,2,11.2709,-15.4951,3,0.696368
141,27,-1,0,23,4,-11.0864,5.38407,1,0.407501
141,28,-1,0,24,2,-1.1598,-16.1144,1,0.470568
141,14,7,8,11,3,-6.48972,15.3985,0,0.102023
141,27,0,1,23,4,-11.5576,6.30226,4,0.427779
141,27,1,2,23,4,-11.9954,5.08263,3,0.497716
141,28,0,1,24,2,-1.79105,-15.4622,4,0.827673
141,29,-1,0,14,3,-1.84431,11.9546,1,0.0160084
141,27,1,3,23,4,-10.359,5.95756,3,0.387437
141,30,-1,0,9,4,-4.82195,-17.6858,1,0.210539
141,29,0,1,14,3,-1.06606,12.6037,4,0.000212899
141,27,0,4,23,4,-10.6414,4.44538,2,0.394566
141,30,0,1,9,4,-3.89405,-17.1863,4,0.280065
141,33,-1,0,17,4,-1.21225,-0.147867,1,0.286163
141,30,1,2,9,4,-5.12842,-16.8859,3,0.469181
141,33,0,1,17,4,-2.2002,0.227818,4,0.26429
141,30,1,3,9,4,-3.85767,-18.451,3,0.205796
141,29,0,4,14,3,-2.80471,11.1559,0,0.0349871
141,33,1,2,17,4,-1.98959,-1.01636,3,0.244339
141,30,0,4,9,4,-5.82962,-18.0482,2,0.173145
141,29,4,5,14,3,-4.08562,11.1426,0,0.0520546
141,33,1,3,17,4,-1.0295,0.800949,3,0.272626
141,30,4,5,9,4,-6.83088,-18.1725,3,0.155328
141,27,4,5,23,4,-10.4652,3.26333,3,0.387171
141,28,1,2,24,2,-1.55089,-16.7706,3,0.873886
141,29,5,6,14,3,-5.30958,10.8815,0,0.0644096
141,33,0,4,17,4,-0.197811,-0.313304,2,0.298512
141,37,-1,0,30,4,0.603828,-14.9457,1,0.429933
141,38,-1,0,27,4,-11.4275,4.64739,1,1.19935
141,33,4,5,17,4,0.545972,-0.702803,3,0.300887
141,29,6,7,14,3,-6.5173,11.2779,0,0.0708009
141,37,0,1,30,4,1.59504,-15.02,4,0.434776
141,38,0,1,27,4,-12.4975,4.54201,4,1.19913
141,40,-1,0,33,4,-0.522715,0.227485,1,0.640924
141,37,1,2,30,4,0.680521,-14.1205,3,0.443491
141,28,1,3,24,2,-0.460708,-15.4841,3,0.980825
141,37,1,3,30,4,0.546193,-15.7577,3,0.445011
141,38,1,2,27,4,-11.5519,3.69002,3,1.19986
141,37,0,4,30,4,-0.382537,-15.0125,2,0.437185
141,39,-1,0,22,2,-9.03403,-8.48864,1,0.427781
141,42,-1,0,17,4,3.81413,2.63785,1,0.141092
141,43,-1,0,23,4,-10.237,8.0952,1,0.261917
141,42,0,1,17,4,2.81858,2.33581,4,0.174821
141,43,0,1,23,4,-11.2406,7.71201,4,0.252014
141,42,1,2,17,4,3.90437,1.75651,3,0.225362
141,44,-1,0,24,2,15.5599,-5.47212,1,0.367186
141,43,1,2,23,4,-10.0852,7.15053,3,0.243289
141,38,1,3,27,4,-12.0065,5.72153,3,1.16424
141,42,1,3,17,4,3.40393,3.4725,3,0.165156
141,44,0,1,24,2,16.4896,-5.13558,4,0.358435
141,42,0,4,17,4,4.63125,3.22197,2,0.122708
141,4,0,3,0,1,-11.8165,-8.3942,8,1.59505
141,36,-1,0,1,2,10.9562,3.26436,1,0.218723
141,45,-1,0,4,1,-7.27949,-8.94544,1,0.457836
141,44,1,2,24,2,15.2892,-4.69813,3,0.355121
141,45,0,1,4,1,-7.53957,-8.14161,8,1.32312
141,43,1,3,23,4,-10.7501,8.87775,3,0.258978
141,45,0,2,4,1,-7.84383,-9.56842,8,1.48632
141,46,-1,0,28,2,-0.25763,-20.9746,1,0.402479
141,45,0,3,4,1,-6.50331,-9.22706,8,1.33005
141,40,0,1,33,4,0.475164,0.0496159,4,0.646678
141,46,0,1,28,2,0.275306,-21.7195,4,0.394056
141,47,-1,0,7,4,6.6186,14.3648,1,0.412283
141,46,1,2,28,2,0.275752,-20.3977,3,0.402064
141,47,0,1,7,4,7.29404,13.5483,4,0.472933
141,40,1,2,33,4,-0.288252,1.09384,3,0.684931
141,47,1,2,7,4,7.7288,14.7378,3,0.386506
141,46,1,3,28,2,-1.03162,-21.5052,3,0.388103
141,40,1,3,33,4,-0.331207,-1.00008,3,0.618511
141,37,4,5,30,4,-1.26764,-14.9408,3,0.447226
141,47,1,3,7,4,6.0381,13.2235,3,0.479431
141,40,0,4,33,4,-1.54171,0.388527,2,0.632573
141,48,-1,0,37,4,-1.37657,-7.74432,1,0.475526
141,49,-1,0,46,2,1.98658,-21.3165,1,0.317362
141,48,0,1,37,4,-0.795581,-6.90833,4,0.486571
141,50,-1,0,4,1,-12.887,-8.87337,1,0.250883
141,47,0,4,7,4,5.85259,15.106,2,0.401926
141,51,-1,0,6,3,-13.0008,7.07751,1,0.43052
141,49,0,1,46,2,1.86805,-22.2319,4,0.309527
141,48,1,2,37,4,-2.06098,-7.01494,3,0.58509
141,50,0,1,4,1,-13.7269,-8.96728,8,0.761272
141,49,1,2,46,2,2.79797,-21.2981,3,0.310631
141,51,0,1,6,3,-13.7231,6.34446,4,0.387001
141,44,1,3,24,2,16.1594,-6.41055,3,0.361447
141,48,1,3,37,4,-0.529403,-8.14618,3,0.471675
141,50,0,2,4,1,-12.4578,-9.68005,8,0.746732
141,51,1,2,6,3,-12.4139,6.22437,3,0.390995
141,49,1,3,46,2,1.06693,-21.1791,3,0.311595
141,52,-1,0,44,2,14.7639,-5.88707,1,0.521607
141,48,0,4,37,4,-1.91916,-8.59708,2,0.466776
141,53,-1,0,28,2,-2.65268,-19.0322,1,0.0452536
141,54,-1,0,49,2,2.09965,-20.5125,1,0.432
141,51,1,3,6,3,-14.0046,7.60093,3,0.35179
141,39,0,1,22,2,-8.94782,-9.38504,4,0.41679
141,48,4,5,37,4,-2.51403,-9.17565,3,0.456693
141,53,0,1,28,2,-2.90324,-18.1395,4,0.475602
141,50,0,3,4,1,-12.5357,-8.12339,8,0.759182
141,55,-1,0,48,4,-1.20599,-8.54138,1,0.5772
141,39,1,2,22,2,-8.33757,-8.19449,3,0.406222
141,53,1,2,28,2,-3.48997,-19.3121,3,0.453044
141,53,1,3,28,2,-1.62822,-18.5644,3,0.539613
141,39,1,3,22,2,-9.99886,-8.59452,3,0.425819
141,36,0,1,1,2,11.3586,2.42811,4,0.208165
141,52,0,1,44,2,14.1314,-6.64251,4,0.516188
141,36,1,2,1,2,11.6855,3.70945,3,0.218711
141,58,-1,0,46,2,-0.545968,-20.225,1,0.408267
141,36,1,3,1,2,10.0561,2.61298,3,0.195313
141,59,-1,0,24,2,10.2218,-14.4269,1,0.419509
141,52,1,2,44,2,15.3538,-6.24818,3,0.522418
141,59,0,1,24,2,9.3323,-14.7525,4,0.420521
141,60,-1,0,39,2,-8.33545,-8.92224,1,0.823467
141,61,-1,0,37,4,-0.0365364,-14.4056,1,0.469413
141,51,0,4,6,3,-12.0965,7.94176,0,0.463826
141,62,-1,0,28,2,-1.97386,-16.1759,1,0.686896
141,63,-1,0,22,2,-11.2284,-1.22687,1,0.7264
141,59,1,2,24,2,10.5671,-15.1384,3,0.424354
141,62,0,1,28,2,-2.87446,-16.036,4,0.665763
141,61,0,1,37,4,-0.956901,-13.947,4,0.460053
141,62,1,2,28,2,-1.94908,-16.9361,3,0.552875
141,51,4,5,6,3,-11.2305,6.94696,0,0.514838
141,59,1,3,24,2,9.77987,-13.4967,3,0.51319
141,64,-1,0,53,2,-2.14659,-18.4129,1,0.519867
142,0,-1,0,4294967295,1,-14.8077,-6.52898,1,0.436266
142,0,0,1,4294967295,1,-14.5739,-5.71858,8,1.31079
142,0,0,2,4294967295,1,-15.6264,-6.70012,8,1.30973
142,0,0,3,4294967295,1,-14.3232,-7.20294,8,1.32308
142,1,-1,0,4294967295,2,13.2012,8.2385,1,0.774657
142,1,0,1,4294967295,2,13.9826,8.73812,4,0.778922
142,1,1,2,4294967295,2,12.6739,8.87777,3,0.816249
142,1,1,3,4294967295,2,13.8735,7.44026,3,0.75159
142,6,-1,0,2,3,-13.5976,7.74615,1,0.398381
142,7,-1,0,3,4,5.79825,13.8014,1,0.00502943
142,4,-1,0,0,1,-12.1779,-9.14923,1,0.512668
142,7,0,1,3,4,5.3082,12.9001,4,6.73689e-05
142,7,1,2,3,4,6.57318,13.2095,3,0
142,7,1,3,3,4,4.78815,14.0607,3,0
142,6,0,4,2,3,-12.8537,6.77901,0,0.496861
142,7,0,4,3,4,6.38729,14.7047,2,0.00830976
142,6,4,5,2,3,-13.6374,5.69975,0,0.630219
142,7,4,5,3,4,7.03648,15.395,3,0.00764431
142,6,5,6,2,3,-14.9105,5.51397,0,0.746328
142,6,6,7,2,3,-15.5847,6.64963,0,0.842209
142,6,7,8,2,3,-16.3696,7.69083,0,0.922952
142,4,0,1,0,1,-13.0532,-9.45719,8,1.53351
142,14,-1,0,11,3,-1.20415,11.2862,1,0.0174862
142,14,0,1,11,3,-0.283378,10.8927,4,0.000232903
142,14,1,2,11,3,-0.837495,12.0866,3,0
142,14,0,4,11,3,-2.34156,11.9086,0,0.0362876
142,4,0,2,0,1,-11.5582,-9.71179,8,1.53515
142,14,4,5,11,3,-3.40367,12.8246,0,0.0527598
142,17,-1,0,3,4,3.95531,1.93816,1,0.0467096
142,18,-1,0,9,4,6.95405,-18.0985,1,0.322263
142,17,0,4,3,4,4.9178,1.79424,2,0.035538
142,17,4,5,3,4,5.62226,1.45098,3,0.0217216
142,18,0,1,9,4,7.01315,-17.057,4,0.348121
142,22,-1,0,1,2,-11.7857,-0.765699,1,0.353784
142,22,0,1,1,2,-11.0628,-0.250361,4,0.365488
142,23,-1,0,17,4,-9.80201,8.29779,1,0
142,18,1,2,9,4,5.89953,-17.6461,3,0.382155
142,22,1,2,1,2,-12.3919,-0.154609,3,0.429903
142,23,0,1,17,4,-10.1567,9.18582,4,0
142,18,1,3,9,4,7.86703,-18.002,3,0.340844
142,22,1,3,1,2,-11.2205,-1.5925,3,0.337625
142,24,-1,0,22,2,11.9573,-14.373,1,0.374133
142,18,0,4,9,4,7.07572,-19.1399,2,0.300238
142,23,1,3,17,4,-9.03035,8.55954,3,0
142,14,5,6,11,3,-4.58978,13.4779,0,0.0656076
142,24,0,1,22,2,12.6269,-13.7492,4,0.447484
142,18,4,5,9,4,7.03144,-19.9789,3,0.287651
142,23,0,4,17,4,-9.33912,7.42457,2,0
142,24,1,2,22,2,11.3028,-13.8969,3,0.489954
142,23,4,5,17,4,-9.05692,6.39581,3,0
142,14,6,7,11,3,-5.32841,14.5889,0,0.0743557
142,24,1,3,22,2,12.5251,-15.0747,3,0.484982
142,27,-1,0,23,4,-11.653,5.32054,1,0.390407
142,28,-1,0,24,2,-1.53641,-15.6671,1,0.700842
142,14,7,8,11,3,-6.39902,15.3501,0,0.0787824
142,27,0,1,23,4,-12.3488,6.08262,4,0.40835
142,27,1,2,23,4,-12.527,4.78339,3,0.51116
142,28,0,1,24,2,-2.29725,-15.3808,4,0.76044
142,29,-1,0,14,3,-1.61553,11.9232,1,0.0139931
142,27,1,3,23,4,-11.1028,6.22171,3,0.373444
142,30,-1,0,9,4,-4.47034,-17.4725,1,0.222628
142,27,0,4,23,4,-10.9995,4.50781,2,0.380657
142,30,0,1,9,4,-3.94236,-16.5772,4,0.269028
142,33,-1,0,17,4,-1.31068,0.206994,1,0.303059
142,30,1,2,9,4,-5.21088,-16.7861,3,0.305601
142,33,0,1,17,4,-2.24657,0.706848,4,0.338909
142,30,1,3,9,4,-3.56134,-17.7596,3,0.279268
142,29,0,4,14,3,-2.67414,11.2214,0,0.0210251
142,33,1,2,17,4,-2.03308,-0.516952,3,0.275748
142,30,0,4,9,4,-5.04803,-18.3313,2,0.184259
142,29,4,5,14,3,-3.99105,11.0562,0,0.0312163
142,33,1,3,17,4,-1.01665,1.15944,3,0.368793
142,30,4,5,9,4,-5.67462,-18.8291,3,0.16031
142,27,4,5,23,4,-10.4997,3.44342,3,0.37168
142,28,1,2,24,2,-1.22061,-16.1986,3,0.781399
142,29,5,6,14,3,-5.2093,10.6662,0,0.0402672
142,33,0,4,17,4,-0.281691,-0.10273,2,0.282004
142,37,-1,0,30,4,0.941044,-14.9259,1,0.415876
142,38,-1,0,27,4,-11.8305,4.5388,1,1.19165
142,33,4,5,17,4,1.00815,-0.61891,3,0.272761
142,29,6,7,14,3,-6.44594,11.0027,0,0.0453985
142,37,0,1,30,4,1.97747,-14.8939,4,0.40971
142,38,0,1,27,4,-12.7816,4.10488,4,1.19885
142,40,-1,0,33,4,-0.58552,0.514659,1,0.694158
142,37,1,2,30,4,1.09571,-13.9772,3,0.414104
142,28,1,3,24,2,-0.985639,-15.0356,3,0.893306
142,37,1,3,30,4,1.01995,-15.7285,3,0.412988
142,38,1,2,27,4,-11.5717,3.72058,3,1.18054
142,37,0,4,30,4,-0.126215,-15.028,2,0.418252
142,39,-1,0,22,2,-8.99801,-8.86785,1,0.202147
142,42,-1,0,17,4,3.3558,2.39911,1,0.181269
142,43,-1,0,23,4,-10.5691,8.52858,1,0.270134
142,42,0,1,17,4,2.3493,2.28997,4,0.353464
142,43,0,1,23,4,-11.5338,8.16648,4,0.277879
142,42,1,2,17,4,3.19216,1.32052,3,0.389151
142,44,-1,0,24,2,15.9172,-5.38214,1,0.352443
142,43,1,2,23,4,-10.65,7.20155,3,0.244189
142,38,1,3,27,4,-12.466,5.37025,3,1.17036
142,42,1,3,17,4,3.18138,3.2576,3,0.206441
142,44,0,1,24,2,16.7451,-4.99596,4,0.391637
142,42,0,4,17,4,4.39861,2.51589,2,0.142122
142,4,0,3,0,1,-11.8174,-8.40028,8,1.56255
142,36,-1,0,1,2,10.8649,2.69205,1,0.215441
142,45,-1,0,4,1,-7.06844,-9.00866,1,0.461835
142,44,1,2,24,2,15.4994,-4.57287,3,0.329138
142,45,0,1,4,1,-7.43253,-8.26612,8,1.33076
142,43,1,3,23,4,-10.9313,9.28435,3,0.323902
142,45,0,2,4,1,-7.53659,-9.6321,8,1.52592
142,46,-1,0,28,2,-0.0552407,-21.2062,1,0.373101
142,45,0,3,4,1,-6.29276,-9.28342,8,1.33482
142,40,0,1,33,4,0.415266,0.196162,4,0.652041
142,46,0,1,28,2,0.549059,-21.8997,4,0.365388
142,47,-1,0,7,4,6.56119,13.8904,1,0.399226
142,46,1,2,28,2,0.443798,-20.5804,3,0.369724
142,47,0,1,7,4,7.33729,13.1775,4,0.393052
142,40,1,2,33,4,-0.178679,1.32625,3,0.657122
142,47,1,2,7,4,7.31449,14.4387,3,0.381997
142,46,1,3,28,2,-0.763561,-21.8453,3,0.364883
142,40,1,3,33,4,-0.479795,-0.741777,3,0.621216
142,37,4,5,30,4,-1.45581,-14.6685,3,0.415339
142,47,1,3,7,4,6.09198,12.8266,3,0.40082
142,40,0,4,33,4,-1.57102,0.912665,2,0.801803
142,48,-1,0,37,4,-1.12969,-7.09812,1,0.499215
142,49,-1,0,46,2,2.13825,-21.6628,1,0.288139
142,48,0,1,37,4,-0.534339,-6.21836,4,0.544954
142,50,-1,0,4,1,-12.8881,-8.87379,1,0.24369
142,47,0,4,7,4,5.73242,14.556,2,0.398827
142,51,-1,0,6,3,-13.7384,6.88354,1,0.458657
142,49,0,1,46,2,2.00395,-22.5786,4,0.279956
142,48,1,2,37,4,-1.73974,-6.57872,3,0.536341
142,50,0,1,4,1,-13.7278,-8.96507,8,0.740041
142,49,1,2,46,2,2.95579,-21.6743,3,0.286794
142,51,0,1,6,3,-14.366,6.03045,4,0.38186
142,44,1,3,24,2,16.4269,-6.3052,3,0.351297
142,48,1,3,37,4,-0.264579,-7.42864,3,0.619514
142,50,0,2,4,1,-12.4622,-9.68154,8,0.731521
142,51,1,2,6,3,-13.0814,6.15207,3,0.372408
142,49,1,3,46,2,1.1919,-21.5361,3,0.275546
142,52,-1,0,44,2,15.3375,-5.94215,1,0.495455
142,48,0,4,37,4,-1.73142,-7.99848,2,0.468068
142,53,-1,0,28,2,-2.72056,-18.7209,1,0.2937
142,54,-1,0,49,2,2.62244,-21.0121,1,0.416
142,51,1,3,6,3,-15.0122,7.12336,3,0.333222
142,39,0,1,22,2,-8.95811,-9.77618,4,0.354497
142,48,4,5,37,4,-2.63467,-9.05251,3,0.449179
142,53,0,1,28,2,-2.79963,-17.801,4,0.346798
142,50,0,3,4,1,-12.5342,-8.12459,8,0.738816
142,55,-1,0,48,4,-0.893546,-7.86283,1,0.5612
142,39,1,2,22,2,-8.25907,-8.62689,3,0.523209
142,53,1,2,28,2,-3.50182,-18.9154,3,0.373209
142,53,1,3,28,2,-1.79557,-18.7001,3,0.383085
142,39,1,3,22,2,-9.93662,-8.93504,3,0.399395
142,36,0,1,1,2,11.7206,2.346,4,0.20886
142,52,0,1,44,2,14.4384,-6.14319,4,0.489141
142,36,1,2,1,2,11.1254,3.53213,3,0.214255
142,58,-1,0,46,2,-0.451216,-20.5057,1,0.392267
142,36,1,3,1,2,10.6106,1.62401,3,0.201034
142,59,-1,0,24,2,10.049,-14.6242,1,0.412975
142,52,1,2,44,2,15.6206,-6.74598,3,0.495617
142,59,0,1,24,2,9.14645,-14.8408,4,0.412617
142,60,-1,0,39,2,-8.36606,-9.41013,1,0.704774
142,61,-1,0,37,4,0.357007,-14.3821,1,0.500661
142,51,0,4,6,3,-12.6708,7.5384,0,0.460285
142,62,-1,0,28,2,-2.19675,-16.21,1,0.68425
142,63,-1,0,22,2,-10.982,-0.95691,1,0.7104
142,59,1,2,24,2,10.2516,-15.5607,3,0.412906
142,62,0,1,28,2,-2.86462,-15.5373,4,0.638513
142,61,0,1,37,4,-0.417316,-13.7474,4,0.484805
142,62,1,2,28,2,-2.89522,-16.8524,3,0.610125
142,51,4,5,6,3,-11.3457,7.19195,0,0.460588
142,59,1,3,24,2,9.71288,-13.6362,3,0.423639
142,64,-1,0,53,2,-2.15646,-18.1445,1,0.503867
142,60,0,1,39,2,-8.11102,-10.322,4,0.721893
143,0,-1,0,4294967295,1,-14.8082,-6.5279,1,0.429866
143,0,0,1,4294967295,1,-14.5755,-5.7172,8,1.29314
143,0,0,2,4294967295,1,-15.6267,-6.7001,8,1.29252
143,0,0,3,4294967295,1,-14.3229,-7.20125,8,1.30034
143,1,-1,0,4294967295,2,13.5813,8.50341,1,0.563744
143,1,0,1,4294967295,2,13.9476,9.32171,4,0.753575
143,1,1,2,4294967295,2,12.8116,8.53102,3,0.71193
143,1,1,3,4294967295,2,14.7436,8.32956,3,0.761416
143,6,-1,0,2,3,-14.1191,7.43743,1,0.490018
143,7,-1,0,3,4,5.85076,13.2218,1,0.00793784
143,4,-1,0,0,1,-12.1772,-9.15009,1,0.517966
143,7,0,1,3,4,5.5024,12.2605,4,0.00766202
143,7,1,2,3,4,6.67833,12.8371,3,0.0145523
143,7,1,3,3,4,5.05439,13.4334,3,2.15914e-21
143,6,0,4,2,3,-13.4179,6.4447,0,0.537412
143,7,0,4,3,4,6.23936,14.2556,2,0.000906934
143,6,4,5,2,3,-14.2173,5.36608,0,0.616152
143,7,4,5,3,4,6.7021,15.1343,3,0
143,6,5,6,2,3,-15.372,4.92468,0,0.703037
143,6,6,7,2,3,-16.1352,5.95072,0,0.776189
143,6,7,8,2,3,-16.7777,7.06292,0,0.818143
143,4,0,1,0,1,-13.051,-9.45705,8,1.52676
143,14,-1,0,11,3,-1.06195,11.3954,1,0.0154944
143,68,1,2,11,3,-0.640487,12.1784,3,0
143,14,0,4,11,3,-2.20434,11.963,0,0.0242161
143,4,0,2,0,1,-11.5669,-9.72157,8,1.52772
143,14,4,5,11,3,-3.18491,12.8423,0,0.0345743
143,17,-1,0,3,4,3.37928,1.57209,1,0.0202746
143,18,-1,0,9,4,7.21405,-17.5001,1,0.320935
143,17,0,4,3,4,4.45629,1.70588,2,0.0160893
143,17,4,5,3,4,5.88052,1.77294,3,0.00824729
143,18,0,1,9,4,7.3288,-16.5344,4,0.333979
143,22,-1,0,1,2,-11.4968,-0.430335,1,0.387529
143,22,0,1,1,2,-10.8613,0.216652,4,0.424459
143,18,1,2,9,4,6.30547,-17.2956,3,0.338496
143,22,1,2,1,2,-12.1702,0.0218355,3,0.402279
143,18,1,3,9,4,7.9584,-17.6758,3,0.345855
143,22,1,3,1,2,-10.7043,-1.12716,3,0.510132
143,24,-1,0,22,2,12.7252,-14.2465,1,0.488939
143,18,0,4,9,4,7.32113,-18.4826,2,0.300902
143,67,1,3,17,4,-9.23635,8.56264,3,0
143,14,5,6,11,3,-4.35425,13.3734,0,0.0443658
143,24,0,1,22,2,12.8139,-13.3185,4,0.540688
143,18,4,5,9,4,7.24944,-19.3922,3,0.285203
143,23,0,4,17,4,-9.75489,7.30124,2,0
143,24,1,2,22,2,11.849,-14.2219,3,0.588199
143,14,6,7,11,3,-5.12855,14.4073,0,0.0518889
143,24,1,3,22,2,13.9032,-14.1192,3,0.518275
143,27,-1,0,23,4,-12.0728,5.19256,1,0.381588
143,28,-1,0,24,2,-1.37931,-15.4955,1,0.526315
143,14,7,8,11,3,-6.20417,15.1309,0,0.0559144
143,27,0,1,23,4,-12.9068,5.77817,4,0.405314
143,27,1,2,23,4,-12.8725,4.46691,3,0.495042
143,28,0,1,24,2,-2.28362,-15.4134,4,0.61347
143,29,-1,0,14,3,-1.51266,12.0271,1,0.00581761
143,27,1,3,23,4,-11.716,6.17968,3,0.368086
143,30,-1,0,9,4,-4.32825,-16.9831,1,0.354539
143,27,0,4,23,4,-11.2242,4.64224,2,0.368497
143,30,0,1,9,4,-4.30869,-15.9743,4,0.396087
143,33,-1,0,17,4,-1.19837,0.546191,1,0.299616
143,30,1,2,9,4,-5.08098,-16.9942,3,0.438679
143,33,0,1,17,4,-2.1197,1.13273,4,0.301195
143,30,1,3,9,4,-3.59425,-17.0156,3,0.365381
143,29,0,4,14,3,-2.5736,11.3079,0,0.00916259
143,33,1,2,17,4,-2.10886,-0.109497,3,0.270052
143,30,0,4,9,4,-4.34403,-18.0303,2,0.289234
143,29,4,5,14,3,-3.90012,11.053,0,0.0144706
143,33,1,3,17,4,-0.91062,1.5593,3,0.34641
143,30,4,5,9,4,-4.71919,-19.3567,3,0.227932
143,27,4,5,23,4,-10.7703,4.14636,3,0.357555
143,28,1,2,24,2,-1.34176,-16.2793,3,0.6513
143,29,5,6,14,3,-5.09853,10.5503,0,0.0196535
143,33,0,4,17,4,-0.247983,0.113357,2,0.310659
143,37,-1,0,30,4,0.953505,-14.7893,1,0.39228
143,38,-1,0,27,4,-12.2321,4.38687,1,1.19943
143,33,4,5,17,4,0.293685,-0.43267,3,0.328667
143,29,6,7,14,3,-6.38497,10.696,0,0.0227961
143,37,0,1,30,4,2.00116,-14.9584,4,0.384449
143,38,0,1,27,4,-13.0875,3.75204,4,1.16719
143,40,-1,0,33,4,-0.428256,0.786885,1,0.732867
143,37,1,2,30,4,1.40846,-13.8255,3,0.384693
143,28,1,3,24,2,-1.13382,-14.7336,3,0.673486
143,37,1,3,30,4,1.18874,-15.9283,3,0.389141
143,38,1,2,27,4,-11.8246,3.62616,3,1.16016
143,37,0,4,30,4,-0.0491776,-14.3915,2,0.395279
143,39,-1,0,22,2,-8.96459,-9.35834,1,0.343225
143,42,-1,0,17,4,2.78867,2.22495,1,0.214473
143,43,-1,0,23,4,-10.9351,8.49565,1,0.315034
143,42,0,1,17,4,1.81409,2.58814,4,0.259692
143,43,0,1,23,4,-11.9703,8.56551,4,0.274523
143,42,1,2,17,4,2.1986,1.40779,3,0.326055
143,44,-1,0,24,2,16.276,-5.26333,1,0.331089
143,43,1,2,23,4,-11.0323,7.73936,3,0.239261
143,38,1,3,27,4,-13.0381,5.04425,3,1.16021
143,42,1,3,17,4,3.03945,2.98146,3,0.247518
143,44,0,1,24,2,17.1944,-5.09981,4,0.320275
143,42,0,4,17,4,3.79496,2.24957,2,0.187379
143,4,0,3,0,1,-11.819,-8.39954,8,1.62743
143,36,-1,0,1,2,11.0065,2.20949,1,0.239435
143,45,-1,0,4,1,-6.84716,-9.01225,1,0.457206
143,44,1,2,24,2,16.086,-4.40905,3,0.306925
143,45,0,1,4,1,-7.22163,-8.26813,8,1.33847
143,43,1,3,23,4,-11.1357,9.5299,3,0.279312
143,45,0,2,4,1,-7.34698,-9.68256,8,1.45282
143,46,-1,0,28,2,0.0784324,-21.4434,1,0.344554
143,45,0,3,4,1,-6.03175,-9.14146,8,1.34084
143,40,0,1,33,4,0.574794,0.529924,4,0.727355
143,46,0,1,28,2,0.657277,-22.1694,4,0.337027
143,47,-1,0,7,4,6.54859,13.4823,1,0.376057
143,46,1,2,28,2,0.685315,-20.8603,3,0.33956
143,47,0,1,7,4,7.46345,12.9421,4,0.379588
143,40,1,2,33,4,-0.139803,1.57965,3,0.800535
143,47,1,2,7,4,7.19938,14.1628,3,0.352032
143,46,1,3,28,2,-0.673257,-22.1394,3,0.338375
143,40,1,3,33,4,-0.330791,-0.409862,3,0.663183
143,37,4,5,30,4,-0.599215,-13.8671,3,0.393109
143,47,1,3,7,4,6.3162,12.3458,3,0.430395
143,40,0,4,33,4,-1.4123,1.10915,2,0.746663
143,48,-1,0,37,4,-0.985194,-6.72307,1,0.507678
143,49,-1,0,46,2,2.42091,-22.0317,1,0.273705
143,48,0,1,37,4,-0.640356,-5.75863,4,0.532219
143,50,-1,0,4,1,-12.8861,-8.87383,1,0.237287
143,47,0,4,7,4,5.58426,13.9327,2,0.377848
143,51,-1,0,6,3,-14.2813,6.58769,1,0.431917
143,49,0,1,46,2,2.19565,-22.9218,4,0.280336
143,48,1,2,37,4,-1.80999,-6.28806,3,0.540486
143,50,0,1,4,1,-13.7256,-8.96903,8,0.719497
143,49,1,2,46,2,3.21676,-22.088,3,0.318093
143,51,0,1,6,3,-14.9555,5.76323,4,0.374343
143,44,1,3,24,2,16.4602,-6.20474,3,0.33086
143,48,1,3,37,4,0.139638,-6.75125,3,0.547102
143,50,0,2,4,1,-12.4571,-9.68054,8,0.714505
143,51,1,2,6,3,-13.6562,5.77723,3,0.366684
143,49,1,3,46,2,1.46801,-21.8081,3,0.263073
143,52,-1,0,44,2,15.8228,-5.95412,1,0.468855
143,48,0,4,37,4,-1.51573,-7.58583,2,0.478151
143,53,-1,0,28,2,-2.70662,-18.4046,1,0.325351
143,54,-1,0,49,2,2.71246,-21.2811,1,0.4
143,51,1,3,6,3,-15.4642,6.93818,3,0.332541
143,39,0,1,22,2,-8.90465,-10.2388,4,0.391855
143,48,4,5,37,4,-2.1305,-8.07031,3,0.457577
143,53,0,1,28,2,-2.65797,-17.4957,4,0.345728
143,50,0,3,4,1,-12.5368,-8.12216,8,0.718779
143,55,-1,0,48,4,-0.589881,-7.43695,1,0.5452
143,39,1,2,22,2,-8.2096,-9.09061,3,0.406391
143,53,1,2,28,2,-3.48025,-18.504,3,0.386047
143,53,1,3,28,2,-1.93552,-18.6473,3,0.340191
143,39,1,3,22,2,-10.0273,-9.60068,3,0.456119
143,36,0,1,1,2,11.9149,2.36995,4,0.20804
143,52,0,1,44,2,14.9687,-5.69729,4,0.462471
143,36,1,2,1,2,10.7596,2.98576,3,0.193602
143,58,-1,0,46,2,-0.382815,-20.7817,1,0.376267
143,36,1,3,1,2,11.2598,1.22982,3,0.201576
143,59,-1,0,24,2,9.72226,-14.8646,1,0.3904
143,52,1,2,44,2,15.6713,-6.8295,3,0.468887
143,59,0,1,24,2,8.83471,-15.0197,4,0.384455
143,60,-1,0,39,2,-8.27197,-9.82777,1,0.993486
143,61,-1,0,37,4,0.634639,-14.0847,1,0.465719
143,51,0,4,6,3,-13.2778,7.35407,0,0.447406
143,62,-1,0,28,2,-2.88861,-15.8753,1,0.779038
143,63,-1,0,22,2,-10.7022,-0.525561,1,0.6944
143,59,1,2,24,2,10.0502,-15.5541,3,0.387307
143,62,0,1,28,2,-3.69665,-15.4994,4,0.694006
143,61,0,1,37,4,-0.147578,-13.4872,4,0.455747
143,62,1,2,28,2,-3.04169,-16.6579,3,0.687706
143,51,4,5,6,3,-11.9925,7.7785,0,0.44646
143,59,1,3,24,2,9.64983,-13.9663,3,0.38728
143,64,-1,0,53,2,-2.08877,-17.8673,1,0.487867
143,60,0,1,39,2,-8.49907,-10.7303,4,1.08918
143,62,1,3,28,2,-2.5538,-14.7499,3,0.640343
143,65,-1,0,1,2,13.6191,9.33721,1,0.6264
144,0,-1,0,4294967295,1,-14.8086,-6.52715,1,0.423466
144,0,0,1,4294967295,1,-14.5766,-5.71623,8,1.27485
144,0,0,2,4294967295,1,-15.6269,-6.70008,8,1.27448
144,0,0,3,4294967295,1,-14.3226,-7.20005,8,1.27907
144,1,-1,0,4294967295,2,14.0988,9.15665,1,0.406912
144,1,0,1,4294967295,2,14.0357,10,4,0.599166
144,1,1,2,4294967295,2,13.6238,8.66107,3,0.629368
144,1,1,3,4294967295,2,15.2323,9.38806,3,0.714793
144,6,-1,0,2,3,-14.6327,7.10555,1,0.533759
144,7,-1,0,3,4,5.961,12.7039,1,0
144,4,-1,0,0,1,-12.1777,-9.15129,1,0.523117
144,7,0,1,3,4,5.83618,11.7219,4,0
144,7,1,2,3,4,6.86547,12.5305,3,0
144,6,0,4,2,3,-14.0248,6.04321,0,0.562996
144,6,4,5,2,3,-14.7307,4.92119,0,0.613953
144,6,5,6,2,3,-15.8068,4.42857,0,0.677011
144,6,6,7,2,3,-16.5768,5.4389,0,0.750174
144,6,7,8,2,3,-17.3871,6.42402,0,0.827056
144,4,0,1,0,1,-13.0526,-9.45812,8,1.52725
144,14,-1,0,11,3,-1.11708,11.3105,1,0.00853259
144,68,1,2,11,3,-0.510719,12.2408,3,0
144,14,0,4,11,3,-2.12876,12.0614,0,0.0123841
144,4,0,2,0,1,-11.5624,-9.71825,8,1.52782
144,14,4,5,11,3,-3.05358,12.938,0,0.0187029
144,17,-1,0,3,4,2.99965,1.61263,1,0
144,18,-1,0,9,4,7.48296,-16.9915,1,0.298619
144,17,0,4,3,4,4.02299,1.81789,2,0
144,17,4,5,3,4,4.97692,1.71623,3,0
144,18,0,1,9,4,7.55026,-15.9679,4,0.310256
144,22,-1,0,1,2,-11.1668,-0.198694,1,0.426864
144,22,0,1,1,2,-10.7274,0.610459,4,0.432105
144,18,1,2,9,4,6.67923,-16.8984,3,0.311387
144,22,1,2,1,2,-11.9372,0.112265,3,0.426063
144,18,1,3,9,4,8.3025,-16.9878,3,0.431105
144,22,1,3,1,2,-10.3711,-0.682698,3,0.446839
144,24,-1,0,22,2,13.469,-13.7942,1,0.499593
144,18,0,4,9,4,7.4383,-18.0474,2,0.28775
144,67,1,3,17,4,-9.27594,8.58164,3,0
144,14,5,6,11,3,-4.22413,13.3417,0,0.0255315
144,24,0,1,22,2,12.8369,-13.1088,4,0.500256
144,18,4,5,9,4,7.14177,-19.3656,3,0.27639
144,23,0,4,17,4,-10.0546,7.29167,2,0
144,24,1,2,22,2,12.7265,-14.424,3,0.510674
144,14,6,7,11,3,-4.9828,14.3295,0,0.0311051
144,24,1,3,22,2,14.1689,-12.8991,3,0.499676
144,27,-1,0,23,4,-12.6255,5.13568,1,0.377649
144,28,-1,0,24,2,-1.27767,-15.7436,1,0.687628
144,14,7,8,11,3,-6.09237,14.916,0,0.0341976
144,27,0,1,23,4,-13.5358,5.5177,4,0.373274
144,27,1,2,23,4,-13.1174,4.30418,3,0.400001
144,28,0,1,24,2,-2.19856,-15.7003,4,0.633448
144,29,-1,0,14,3,-1.38275,12.0512,1,0
144,27,1,3,23,4,-12.3757,5.96002,3,0.356686
144,30,-1,0,9,4,-4.58424,-16.916,1,0.318538
144,27,0,4,23,4,-11.6525,4.86833,2,0.427533
144,30,0,1,9,4,-5.02582,-15.9566,4,0.358174
144,33,-1,0,17,4,-1.23518,0.914882,1,0.283152
144,30,1,2,9,4,-5.40046,-17.1674,3,0.365965
144,33,0,1,17,4,-2.02613,1.58327,4,0.269915
144,30,1,3,9,4,-3.86614,-16.3456,3,0.411656
144,29,0,4,14,3,-2.48082,11.3998,0,0
144,33,1,2,17,4,-2.07202,0.333014,3,0.248729
144,30,0,4,9,4,-4.1676,-17.8896,2,0.285767
144,29,4,5,14,3,-3.79887,11.1243,0,1.86004e-05
144,33,1,3,17,4,-0.714542,1.7924,3,0.286659
144,30,4,5,9,4,-3.87212,-18.7051,3,0.262745
144,27,4,5,23,4,-10.5076,4.25547,3,0.359132
144,28,1,2,24,2,-1.34613,-16.6775,3,0.650391
144,29,5,6,14,3,-4.93369,10.4903,0,0.00139798
144,33,0,4,17,4,-0.319018,0.453014,2,0.289952
144,37,-1,0,30,4,1.20605,-14.5947,1,0.365915
144,38,-1,0,27,4,-12.4962,4.324,1,1.19947
144,33,4,5,17,4,0.499703,-0.133644,3,0.291672
144,29,6,7,14,3,-6.2256,10.4194,0,0.00299007
144,37,0,1,30,4,2.01426,-15.2385,4,0.354632
144,38,0,1,27,4,-13.2168,3.51533,4,1.17081
144,40,-1,0,33,4,-0.45527,1.0728,1,0.738519
144,37,1,2,30,4,1.87334,-13.9895,3,0.344406
144,28,1,3,24,2,-1.43364,-14.6344,3,0.613097
144,37,1,3,30,4,0.736958,-15.4883,3,0.362678
144,38,1,2,27,4,-11.9471,3.53515,3,1.14984
144,37,0,4,30,4,0.311888,-14.1885,2,0.370127
144,39,-1,0,22,2,-9.04168,-9.78715,1,0.362872
144,42,-1,0,17,4,2.48042,2.25617,1,0.276866
144,43,-1,0,23,4,-11.2955,8.7463,1,0.315034
144,42,0,1,17,4,1.62521,2.84258,4,0.306463
144,43,0,1,23,4,-12.2696,8.99031,4,0.274523
144,42,1,2,17,4,1.44411,1.59071,3,0.326839
144,44,-1,0,24,2,16.7384,-5.27702,1,0.324286
144,43,1,2,23,4,-11.4512,8.01204,3,0.239261
144,38,1,3,27,4,-13.6206,4.72776,3,1.19923
144,42,1,3,17,4,2.89537,2.9739,3,0.280916
144,44,0,1,24,2,17.6732,-5.37427,4,0.328445
144,42,0,4,17,4,3.45704,1.95198,2,0.246693
144,4,0,3,0,1,-11.8179,-8.40179,8,1.67769
144,36,-1,0,1,2,11.2978,1.96352,1,0.189947
144,45,-1,0,4,1,-6.69802,-8.98311,1,0.450813
144,44,1,2,24,2,16.8552,-4.3544,3,0.304068
144,45,0,1,4,1,-7.1138,-8.24513,8,1.33537
144,43,1,3,23,4,-11.0977,9.50612,3,0.279312
144,45,0,2,4,1,-7.13303,-9.7007,8,1.40238
144,46,-1,0,28,2,0.265731,-21.7188,1,0.345543
144,45,0,3,4,1,-5.88087,-9.11493,8,1.33677
144,40,0,1,33,4,0.495402,0.618817,4,0.752061
144,46,0,1,28,2,0.752022,-22.4995,4,0.337675
144,47,-1,0,7,4,6.65816,13.1362,1,0.375347
144,46,1,2,28,2,0.894818,-21.1968,3,0.333244
144,47,0,1,7,4,7.64496,12.7271,4,0.393922
144,40,1,2,33,4,0.117071,1.81125,3,0.82689
144,47,1,2,7,4,7.33277,13.9414,3,0.352194
144,46,1,3,28,2,-0.551878,-22.2174,3,0.344205
144,40,1,3,33,4,-0.447573,-0.25663,3,0.704856
144,37,4,5,30,4,-0.503524,-13.5403,3,0.369722
144,47,1,3,7,4,6.61827,11.9481,3,0.381523
144,40,0,4,33,4,-1.34604,1.61274,2,0.731172
144,48,-1,0,37,4,-0.832923,-6.11425,1,0.503054
144,49,-1,0,46,2,2.59521,-22.3446,1,0.286905
144,48,0,1,37,4,-0.602982,-5.15414,4,0.521964
144,50,-1,0,4,1,-12.8872,-8.87537,1,0.230887
144,47,0,4,7,4,5.71858,13.5415,2,0.363532
144,51,-1,0,6,3,-14.7241,6.2727,1,0.390608
144,49,0,1,46,2,2.42034,-23.2545,4,0.282433
144,48,1,2,37,4,-1.58972,-5.97942,3,0.526122
144,50,0,1,4,1,-13.727,-8.96765,8,0.699509
144,49,1,2,46,2,3.41132,-22.3939,3,0.29443
144,51,0,1,6,3,-15.4232,5.45595,4,0.342442
144,44,1,3,24,2,16.7713,-6.35899,3,0.32424
144,48,1,3,37,4,-0.0342247,-6.2937,3,0.528491
144,50,0,2,4,1,-12.4611,-9.6832,8,0.696584
144,51,1,2,6,3,-14.1602,5.3013,3,0.333544
144,49,1,3,46,2,1.63032,-22.1886,3,0.276666
144,52,-1,0,44,2,16.0452,-5.71972,1,0.442201
144,48,0,4,37,4,-1.16818,-7.05937,2,0.476375
144,53,-1,0,28,2,-2.75422,-18.0162,1,0.3507
144,54,-1,0,49,2,2.70556,-21.5447,1,0.384
144,51,1,3,6,3,-15.7699,6.68454,3,0.316565
144,39,0,1,22,2,-8.97666,-10.6923,4,0.367674
144,48,4,5,37,4,-1.72952,-7.8374,3,0.458926
144,53,0,1,28,2,-2.35467,-17.1827,4,0.366755
144,50,0,3,4,1,-12.5345,-8.12543,8,0.699089
144,55,-1,0,48,4,-0.48932,-6.84432,1,0.5292
144,39,1,2,22,2,-8.28538,-9.54414,3,0.368311
144,53,1,2,28,2,-3.48369,-17.7797,3,0.430424
144,53,1,3,28,2,-1.91931,-18.4874,3,0.353664
144,39,1,3,22,2,-10.0666,-9.95671,3,0.383069
144,36,0,1,1,2,12.1726,2.25961,4,0.175307
144,52,0,1,44,2,15.215,-5.31325,4,0.435797
144,36,1,2,1,2,10.9479,2.70037,3,0.161575
144,58,-1,0,46,2,-0.245796,-21.1005,1,0.360267
144,36,1,3,1,2,11.6692,1.04908,3,0.182386
144,59,-1,0,24,2,9.49956,-15.0158,1,0.363401
144,52,1,2,44,2,15.791,-6.49342,3,0.442062
144,59,0,1,24,2,8.595,-15.1552,4,0.356433
144,60,-1,0,39,2,-8.37141,-10.262,1,1.06424
144,61,-1,0,37,4,0.968652,-13.7331,1,0.433605
144,51,0,4,6,3,-13.8537,7.22659,0,0.441028
144,62,-1,0,28,2,-3.42366,-15.3424,1,0.601036
144,63,-1,0,22,2,-10.3846,0.0208911,1,0.6784
144,59,1,2,24,2,9.75454,-15.773,3,0.355806
144,62,0,1,28,2,-4.24994,-15.4414,4,0.68396
144,61,0,1,37,4,0.539019,-12.7611,4,0.423862
144,62,1,2,28,2,-2.88677,-15.5616,3,0.682685
144,51,4,5,6,3,-12.8113,8.0869,0,0.490394
144,59,1,3,24,2,9.3912,-14.084,3,0.361609
144,64,-1,0,53,2,-1.98778,-17.7762,1,0.591867
144,60,0,1,39,2,-8.15862,-11.1554,4,1.07443
144,62,1,3,28,2,-3.29621,-14.4879,3,0.752207
144,65,-1,0,1,2,13.2403,9.25524,1,0.83141
144,66,-1,0,62,2,-3.14409,-16.136,1,0.5076
144,65,0,1,1,2,12.5043,9.841,4,0.98779
145,0,-1,0,4294967295,1,-14.8088,-6.52661,1,0.417066
145,0,0,1,4294967295,1,-14.5773,-5.71555,8,1.25618
145,0,0,2,4294967295,1,-15.6271,-6.70008,8,1.25596
145,0,0,3,4294967295,1,-14.3225,-7.19921,8,1.25865
145,1,-1,0,4294967295,2,14.3039,9.7445,1,0.149792
145,1,0,1,4294967295,2,13.6051,10.3335,4,0.511779
145,1,1,2,4294967295,2,13.8884,9.02617,3,0.576338
145,1,1,3,4294967295,2,14.9008,10.4929,3,0.673852
145,6,-1,0,2,3,-15.1469,6.79154,1,0.213011
145,4,-1,0,0,1,-12.178,-9.15149,1,0.541092
145,69,1,2,3,4,7.20784,12.1706,3,0
145,6,0,4,2,3,-14.6053,5.66594,0,0.438176
145,6,4,5,2,3,-15.2978,4.52343,0,0.615741
145,6,5,6,2,3,-16.3424,3.95596,0,0.747598
145,6,6,7,2,3,-17.1596,4.9288,0,0.851603
145,6,7,8,2,3,-18.0537,5.8342,0,0.812822
145,4,0,1,0,1,-13.0527,-9.45829,8,1.62302
145,14,-1,0,11,3,-1.17941,11.1908,1,0
145,68,1,2,11,3,-0.419319,12.2847,3,0
145,14,0,4,11,3,-2.03113,12.0988,0,4.81929e-05
145,4,0,2,0,1,-11.5637,-9.71888,8,1.63143
145,14,4,5,11,3,-2.92585,13.0458,0,0.00362559
145,17,-1,0,3,4,2.57975,1.79341,1,0.128266
145,18,-1,0,9,4,7.63526,-16.7778,1,0.289041
145,17,0,4,3,4,3.56521,1.43618,2,0.0831706
145,18,0,1,9,4,7.54368,-15.7593,4,0.29784
145,22,-1,0,1,2,-10.8802,0.104156,1,0.406376
145,22,0,1,1,2,-10.6625,0.98015,4,0.399765
145,18,1,2,9,4,6.7161,-16.7447,3,0.302321
145,22,1,2,1,2,-11.6877,0.150378,3,0.406144
145,18,1,3,9,4,8.68759,-16.2794,3,0.30725
145,22,1,3,1,2,-10.0373,-0.20286,3,0.396529
145,24,-1,0,22,2,13.6606,-13.234,1,0.510995
145,18,0,4,9,4,7.52765,-17.7918,2,0.277302
145,67,1,3,17,4,-9.30382,8.59502,3,0
145,14,5,6,11,3,-4.13073,13.4317,0,0.00805447
145,24,0,1,22,2,12.829,-12.8395,4,0.545238
145,18,4,5,9,4,7.22067,-18.4532,3,0.267035
145,23,0,4,17,4,-10.2656,7.28492,2,0
145,24,1,2,22,2,13.4416,-13.9903,3,0.492498
145,14,6,7,11,3,-4.99106,14.3582,0,0.0118466
145,24,1,3,22,2,14.0807,-12.3797,3,0.684894
145,27,-1,0,23,4,-12.7761,4.94164,1,0.377325
145,28,-1,0,24,2,-1.36792,-15.8677,1,0.726945
145,14,7,8,11,3,-6.16598,14.8335,0,0.0140073
145,27,0,1,23,4,-13.8035,5.16641,4,0.377951
145,27,1,2,23,4,-13.3237,3.97928,3,0.409108
145,28,0,1,24,2,-2.2787,-16.0003,4,0.736484
145,27,1,3,23,4,-12.7898,5.92044,3,0.359146
145,30,-1,0,9,4,-5.07827,-16.7,1,0.366435
145,27,0,4,23,4,-11.7246,4.75572,2,0.376788
145,30,0,1,9,4,-5.87929,-16.0953,4,0.359013
145,33,-1,0,17,4,-1.13564,1.30294,1,0.324657
145,30,1,2,9,4,-5.8555,-17.37,3,0.370097
145,33,0,1,17,4,-1.90619,2.07111,4,0.325684
145,30,1,3,9,4,-4.61265,-16.1253,3,0.353194
145,29,0,4,14,3,-2.40856,11.3589,0,0
145,33,1,2,17,4,-2.11152,0.84421,3,0.29777
145,30,0,4,9,4,-4.2376,-17.2432,2,0.373887
145,29,4,5,14,3,-3.70417,11.1665,0,0
145,33,1,3,17,4,-0.619615,2.14747,3,0.352977
145,30,4,5,9,4,-3.65981,-17.939,3,0.338464
145,27,4,5,23,4,-10.7545,4.39041,3,0.36645
145,28,1,2,24,2,-1.13793,-16.6563,3,0.684045
145,29,5,6,14,3,-4.76268,10.4519,0,0
145,33,0,4,17,4,-0.251315,0.678454,2,0.32593
145,37,-1,0,30,4,1.31303,-14.5697,1,0.337106
145,38,-1,0,27,4,-12.7133,4.15426,1,1.16436
145,33,4,5,17,4,0.604886,-0.347529,3,0.334797
145,29,6,7,14,3,-6.02339,10.2262,0,0
145,37,0,1,30,4,1.87517,-15.4213,4,0.32251
145,38,0,1,27,4,-13.13,3.18645,4,1.15348
145,40,-1,0,33,4,-0.352786,1.39189,1,0.731702
145,37,1,2,30,4,2.47708,-14.305,3,0.30761
145,28,1,3,24,2,-1.58291,-14.856,3,0.681808
145,37,1,3,30,4,0.693979,-14.883,3,0.33196
145,38,1,2,27,4,-11.9778,3.75739,3,1.15254
145,37,0,4,30,4,0.418784,-13.9326,2,0.343175
145,39,-1,0,22,2,-9.08965,-10.2024,1,0.373402
145,42,-1,0,17,4,2.17546,2.52895,1,0.321827
145,43,-1,0,23,4,-11.4306,8.89271,1,0.315034
145,42,0,1,17,4,1.46293,3.29978,4,0.323736
145,43,0,1,23,4,-12.3619,9.28316,4,0.274523
145,42,1,2,17,4,1.27806,2.07851,3,0.32198
145,44,-1,0,24,2,17.2009,-5.3895,1,0.296128
145,43,1,2,23,4,-11.8477,8.12153,3,0.239261
145,38,1,3,27,4,-13.999,4.15434,3,1.15161
145,42,1,3,17,4,2.71565,3.07547,3,0.340341
145,44,0,1,24,2,18.0581,-5.80306,4,0.287054
145,42,0,4,17,4,3.09117,2.04648,2,0.332552
145,4,0,3,0,1,-11.8167,-8.40234,8,1.63633
145,36,-1,0,1,2,11.7056,1.95917,1,0.153048
145,45,-1,0,4,1,-6.58521,-8.97755,1,0.444413
145,44,1,2,24,2,17.5507,-4.60624,3,0.279609
145,45,0,1,4,1,-7.02867,-8.25975,8,1.32561
145,43,1,3,23,4,-11.1537,9.68714,3,0.279312
145,45,0,2,4,1,-7.01583,-9.69568,8,1.36487
145,46,-1,0,28,2,0.483553,-21.9709,1,0.316259
145,45,0,3,4,1,-5.75808,-9.06827,8,1.32643
145,40,0,1,33,4,0.577486,0.940262,4,0.745653
145,46,0,1,28,2,0.735023,-22.8586,4,0.30821
145,47,-1,0,7,4,6.93501,12.8247,1,0.385437
145,46,1,2,28,2,1.23588,-21.644,3,0.30603
145,47,0,1,7,4,7.84752,12.3609,4,0.398734
145,40,1,2,33,4,0.111452,2.12697,3,0.807725
145,47,1,2,7,4,7.44222,13.5813,3,0.369741
145,46,1,3,28,2,-0.440663,-22.2373,3,0.313148
145,40,1,3,33,4,-0.412329,0.10284,3,0.707733
145,37,4,5,30,4,-0.613033,-13.1479,3,0.341462
145,47,1,3,7,4,6.68226,11.7205,3,0.39237
145,40,0,4,33,4,-1.24329,1.94539,2,0.724577
145,48,-1,0,37,4,-0.76559,-5.70477,1,0.476535
145,49,-1,0,46,2,2.69349,-22.6599,1,0.260643
145,48,0,1,37,4,-0.476735,-4.68162,4,0.482238
145,50,-1,0,4,1,-12.8874,-8.8763,1,0.224487
145,47,0,4,7,4,6.01876,13.2607,2,0.368029
145,51,-1,0,6,3,-15.332,6.00985,1,0.430723
145,49,0,1,46,2,2.64915,-23.5797,4,0.253557
145,48,1,2,37,4,-1.58674,-5.26965,3,0.483777
145,50,0,1,4,1,-13.7272,-8.96818,8,0.679847
145,49,1,2,46,2,3.50694,-22.5846,3,0.258513
145,51,0,1,6,3,-16.0389,5.25381,4,0.338016
145,44,1,3,24,2,16.821,-6.28666,3,0.296119
145,48,1,3,37,4,0.235834,-5.72503,3,0.494052
145,50,0,2,4,1,-12.4607,-9.68391,8,0.678133
145,51,1,2,6,3,-14.7507,4.98437,3,0.306786
145,49,1,3,46,2,1.72335,-22.624,3,0.252771
145,52,-1,0,44,2,16.3582,-5.38903,1,0.445289
145,48,0,4,37,4,-1.05766,-6.75176,2,0.465047
145,53,-1,0,28,2,-2.50461,-17.491,1,0.347743
145,54,-1,0,49,2,2.68295,-21.8569,1,0.368
145,51,1,3,6,3,-16.2115,6.54018,3,0.307159
145,39,0,1,22,2,-9.07119,-11.1048,4,0.370672
145,48,4,5,37,4,-1.63791,-7.96026,3,0.452719
145,53,0,1,28,2,-1.78763,-16.9688,4,0.362358
145,50,0,3,4,1,-12.5344,-8.12681,8,0.679601
145,55,-1,0,48,4,-0.312687,-6.3638,1,0.5132
145,39,1,2,22,2,-8.37438,-9.95186,3,0.37272
145,53,1,2,28,2,-3.06708,-17.0011,3,0.341554
145,53,1,3,28,2,-2.06459,-18.3198,3,0.429641
145,39,1,3,22,2,-10.0133,-10.2181,3,0.367121
145,36,0,1,1,2,12.6309,2.01106,4,0.141497
145,52,0,1,44,2,15.5324,-4.93208,4,0.465138
145,36,1,2,1,2,11.5801,2.78447,3,0.12844
145,58,-1,0,46,2,-0.085413,-21.4024,1,0.344267
145,36,1,3,1,2,11.8743,0.93539,3,0.151538
145,59,-1,0,24,2,9.23019,-15.2021,1,0.334356
145,52,1,2,44,2,15.9802,-6.16031,3,0.441156
145,59,0,1,24,2,8.30455,-15.1367,4,0.325529
145,60,-1,0,39,2,-8.46776,-10.7487,1,1.04181
145,61,-1,0,37,4,1.34159,-13.8121,1,0.4016
145,51,0,4,6,3,-14.5274,6.99976,0,0.537125
145,62,-1,0,28,2,-3.69158,-14.7893,1,0.483803
145,63,-1,0,22,2,-10.1571,0.50373,1,0.7824
145,59,1,2,24,2,9.24839,-16.0434,3,0.317321
145,62,0,1,28,2,-4.40742,-15.3053,4,0.569723
145,61,0,1,37,4,1.50177,-12.8481,4,0.391866
145,62,1,2,28,2,-3.06528,-15.2543,3,0.589384
145,51,4,5,6,3,-13.5617,7.8337,0,0.629787
145,59,1,3,24,2,9.21921,-14.1631,3,0.333998
145,64,-1,0,53,2,-1.71108,-17.7134,1,0.815867
145,60,0,1,39,2,-7.82483,-11.4192,4,1.03286
145,62,1,3,28,2,-4.15412,-13.9875,3,0.74663
145,65,-1,0,1,2,13.5374,9.4652,1,0.866936
145,66,-1,0,62,2,-3.73407,-15.5885,1,0.494626
145,65,0,1,1,2,12.5999,9.25519,4,0.799747
145,66,0,1,62,2,-3.571,-16.444,4,0.489374
145,51,5,6,6,3,-12.3921,7.49076,0,0.668291
145,65,1,2,1,2,12.6291,7.86626,3,0.597059
146,0,-1,0,4294967295,1,-14.809,-6.52624,1,0.410666
146,0,0,1,4294967295,1,-14.5779,-5.71508,8,1.23729
146,0,0,2,4294967295,1,-15.6272,-6.70006,8,1.23716
146,0,0,3,4294967295,1,-14.3224,-7.19862,8,1.23874
146,1,-1,0,4294967295,2,13.9133,9.95926,1,0.417948
146,1,0,1,4294967295,2,13.1796,10.403,4,0.472927
146,1,1,2,4294967295,2,14.0427,9.32741,3,0.486836
146,1,1,3,4294967295,2,14.4015,10.9421,3,0.522621
146,6,-1,0,2,3,-15.8804,6.54178,1,0.396049
146,4,-1,0,0,1,-12.1777,-9.15269,1,0.535066
146,69,1,2,3,4,7.52812,11.4869,3,0
146,6,0,4,2,3,-15.2203,5.4835,0,0.473776
146,6,4,5,2,3,-15.8041,4.24908,0,0.59834
146,6,5,6,2,3,-16.8299,3.57795,0,0.724956
146,6,6,7,2,3,-17.7993,4.41951,0,0.806821
146,6,7,8,2,3,-18.7656,5.2613,0,0.823008
146,4,0,1,0,1,-13.0524,-9.45889,8,1.6067
146,68,1,2,11,3,-0.354944,12.3157,3,0
146,14,0,4,11,3,-2.00694,12.058,0,0
146,4,0,2,0,1,-11.5647,-9.72215,8,1.61162
146,14,4,5,11,3,-2.83982,13.0976,0,0
146,17,-1,0,3,4,2.05178,2.06713,1,0.281738
146,18,-1,0,9,4,7.43279,-16.1899,1,0.263262
146,17,0,4,3,4,2.64527,1.21744,2,0.137698
146,18,0,1,9,4,7.10225,-15.2872,4,0.26005
146,22,-1,0,1,2,-10.6321,0.403942,1,0.377337
146,22,0,1,1,2,-10.722,1.30131,4,0.368737
146,18,1,2,9,4,6.85344,-16.5722,3,0.271488
146,22,1,2,1,2,-11.4195,0.177133,3,0.37729
146,18,1,3,9,4,8.11227,-16.0634,3,0.251932
146,22,1,3,1,2,-9.63647,0.496363,3,0.361441
146,24,-1,0,22,2,13.5732,-12.8185,1,0.583866
146,18,0,4,9,4,7.67443,-17.1605,2,0.25952
146,67,1,3,17,4,-9.32346,8.60445,3,0
146,14,5,6,11,3,-4.0432,13.5752,0,0
146,24,0,1,22,2,12.7693,-12.36,4,0.736999
146,18,4,5,9,4,7.52465,-18.2254,3,0.254237
146,23,0,4,17,4,-10.4143,7.28017,2,0
146,24,1,2,22,2,13.2535,-13.5693,3,0.558375
146,14,6,7,11,3,-5.0148,14.4303,0,0
146,24,1,3,22,2,14.0544,-12.0123,3,0.694628
146,27,-1,0,23,4,-13.0457,4.72416,1,0.353844
146,28,-1,0,24,2,-1.44338,-15.8136,1,0.708983
146,14,7,8,11,3,-6.26051,14.7818,0,0
146,27,0,1,23,4,-14.0212,4.76106,4,0.349481
146,27,1,2,23,4,-13.3342,3.64571,3,0.361554
146,28,0,1,24,2,-2.19886,-16.244,4,0.705181
146,27,1,3,23,4,-13.0676,5.63186,3,0.345017
146,30,-1,0,9,4,-5.65071,-16.5303,1,0.405971
146,27,0,4,23,4,-12.0692,4.75059,2,0.352537
146,30,0,1,9,4,-6.48433,-15.8953,4,0.4116
146,33,-1,0,17,4,-1.02264,1.5982,1,0.413139
146,30,1,2,9,4,-6.36944,-17.1338,3,0.399707
146,33,0,1,17,4,-1.71155,2.4238,4,0.43668
146,30,1,3,9,4,-5.21683,-15.8404,3,0.418846
146,29,0,4,14,3,-2.3257,11.2966,0,0
146,33,1,2,17,4,-2.07851,1.22168,3,0.308536
146,30,0,4,9,4,-4.67846,-16.9712,2,0.401604
146,29,4,5,14,3,-3.63312,11.1338,0,0
146,33,1,3,17,4,-0.415911,2.52165,3,0.342241
146,30,4,5,9,4,-3.451,-17.5509,3,0.418078
146,27,4,5,23,4,-11.3667,4.57028,3,0.346409
146,28,1,2,24,2,-0.892305,-16.3179,3,0.697977
146,29,5,6,14,3,-4.67063,10.3936,0,0
146,33,0,4,17,4,-0.265923,0.917382,2,0.329632
146,37,-1,0,30,4,1.2692,-14.5922,1,0.307336
146,38,-1,0,27,4,-12.8564,3.94187,1,1.17281
146,33,4,5,17,4,0.210066,0.373202,3,0.307909
146,29,6,7,14,3,-5.91441,10.1105,0,0
146,37,0,1,30,4,1.55604,-15.6001,4,0.290437
146,38,0,1,27,4,-12.7319,2.87976,4,1.17882
146,40,-1,0,33,4,-0.180161,1.60611,1,0.800859
146,37,1,2,30,4,2.42442,-14.6971,3,0.273117
146,28,1,3,24,2,-1.72146,-15.0405,3,0.719353
146,37,1,3,30,4,0.419895,-15.0193,3,0.300127
146,38,1,2,27,4,-12.0336,3.92627,3,1.16157
146,37,0,4,30,4,0.708596,-13.7542,2,0.315621
146,39,-1,0,22,2,-9.13032,-10.6304,1,0.449225
146,42,-1,0,17,4,2.12868,2.89441,1,0.35876
146,43,-1,0,23,4,-11.5669,9.05184,1,0.315034
146,42,0,1,17,4,1.50639,3.69901,4,0.375738
146,43,0,1,23,4,-12.4435,9.5218,4,0.274523
146,42,1,2,17,4,1.15837,2.48717,3,0.351722
146,44,-1,0,24,2,17.4825,-5.55359,1,0.354238
146,43,1,2,23,4,-11.9523,8.33576,3,0.239261
146,38,1,3,27,4,-13.9491,3.31506,3,1.19934
146,42,1,3,17,4,2.77194,3.49428,3,0.414895
146,44,0,1,24,2,18.2397,-6.11666,4,0.347131
146,42,0,4,17,4,2.89314,2.2298,2,0.341979
146,4,0,3,0,1,-11.8184,-8.40288,8,1.6145
146,36,-1,0,1,2,12.2462,2.02687,1,0.119994
146,45,-1,0,4,1,-6.51011,-8.96757,1,0.438013
146,44,1,2,24,2,17.9222,-4.84848,3,0.3507
146,45,0,1,4,1,-6.96903,-8.25913,8,1.31195
146,43,1,3,23,4,-11.1837,9.74565,3,0.279312
146,45,0,2,4,1,-6.9167,-9.69837,8,1.33495
146,46,-1,0,28,2,0.669812,-22.2546,1,0.286839
146,45,0,3,4,1,-5.68349,-9.04618,8,1.31242
146,40,0,1,33,4,0.731268,1.09919,4,0.758449
146,46,0,1,28,2,0.745863,-23.1752,4,0.278661
146,47,-1,0,7,4,7.14611,12.5812,1,0.385437
146,46,1,2,28,2,1.47611,-22.0824,3,0.282212
146,47,0,1,7,4,8.03149,12.1649,4,0.398734
146,40,1,2,33,4,0.385975,2.33755,3,0.820878
146,47,1,2,7,4,7.41347,13.2948,3,0.369741
146,46,1,3,28,2,-0.322376,-22.3874,3,0.277651
146,40,1,3,33,4,-0.360404,0.339049,3,0.706656
146,37,4,5,30,4,0.448765,-13.1236,3,0.315007
146,47,1,3,7,4,6.76011,11.9679,3,0.39237
146,40,0,4,33,4,-1.0178,2.20243,2,0.957188
146,48,-1,0,37,4,-0.693779,-5.46886,1,0.458923
146,49,-1,0,46,2,2.78408,-22.7725,1,0.232421
146,48,0,1,37,4,-0.388833,-4.49784,4,0.476664
146,50,-1,0,4,1,-12.8866,-8.87573,1,0.218087
146,47,0,4,7,4,6.24724,13.0317,2,0.368029
146,51,-1,0,6,3,-15.9457,5.72225,1,0.437845
146,49,0,1,46,2,2.82119,-23.66,4,0.224878
146,48,1,2,37,4,-1.62354,-4.85403,3,0.458911
146,50,0,1,4,1,-13.7263,-8.96909,8,0.660377
146,49,1,2,46,2,3.63961,-22.6289,3,0.225671
146,51,0,1,6,3,-16.6693,4.98632,4,0.365991
146,44,1,3,24,2,16.9507,-6.39096,3,0.335541
146,48,1,3,37,4,0.316515,-5.55793,3,0.530383
146,50,0,2,4,1,-12.4598,-9.68328,8,0.659373
146,51,1,2,6,3,-15.368,4.78843,3,0.337742
146,49,1,3,46,2,1.71696,-22.8933,3,0.227813
146,52,-1,0,44,2,16.7165,-5.23139,1,0.424347
146,48,0,4,37,4,-0.950694,-6.44105,2,0.448952
146,53,-1,0,28,2,-2.20264,-17.2483,1,0.338282
146,54,-1,0,49,2,2.6537,-21.9992,1,0.352
146,51,1,3,6,3,-16.7179,6.28316,3,0.345514
146,39,0,1,22,2,-8.99911,-11.5208,4,0.466983
146,48,4,5,37,4,-1.27801,-7.05624,3,0.440765
146,53,0,1,28,2,-1.32852,-17.0655,4,0.33355
146,50,0,3,4,1,-12.5352,-8.12508,8,0.660232
146,55,-1,0,48,4,-0.203934,-6.11902,1,0.4972
146,39,1,2,22,2,-8.38194,-10.3225,3,0.409122
146,53,1,2,28,2,-2.54296,-16.5333,3,0.315135
146,53,1,3,28,2,-2.20355,-18.1139,3,0.35464
146,39,1,3,22,2,-10.1254,-10.8414,3,0.395835
146,36,0,1,1,2,13.0946,1.67385,4,0.111002
146,52,0,1,44,2,16.1274,-4.49958,4,0.414552
146,36,1,2,1,2,12.4475,2.82573,3,0.109149
146,58,-1,0,46,2,0.111304,-21.6763,1,0.328267
146,36,1,3,1,2,11.9508,1.03161,3,0.114919
146,59,-1,0,24,2,8.92485,-15.1804,1,0.302499
146,52,1,2,44,2,16.1175,-5.80512,3,0.41126
146,59,0,1,24,2,8.01284,-15.067,4,0.292169
146,60,-1,0,39,2,-8.40657,-11.0138,1,1.01018
146,61,-1,0,37,4,1.58474,-13.7854,1,0.3696
146,51,0,4,6,3,-15.0274,6.6012,0,0.50542
146,62,-1,0,28,2,-4.01742,-14.4021,1,0.545798
146,63,-1,0,22,2,-10.0718,0.996802,1,0.7664
146,59,1,2,24,2,8.94311,-15.9795,3,0.279531
146,62,0,1,28,2,-4.86805,-14.7851,4,0.560487
146,61,0,1,37,4,2.12612,-12.8993,4,0.359867
146,62,1,2,28,2,-3.64917,-15.3614,3,0.544805
146,51,4,5,6,3,-13.7585,7.0046,0,0.560644
146,59,1,3,24,2,9.15714,-14.3907,3,0.302427
146,64,-1,0,53,2,-1.54748,-17.7623,1,0.919867
146,60,0,1,39,2,-7.66685,-11.5488,4,1.00048
146,62,1,3,28,2,-4.69353,-13.4462,3,0.598294
146,65,-1,0,1,2,13.3622,9.33741,1,0.755362
146,66,-1,0,62,2,-4.17998,-15.1679,1,0.583179
146,65,0,1,1,2,12.4909,9.21359,4,0.721415
146,66,0,1,62,2,-4.10295,-16.0789,4,0.456821
146,51,5,6,6,3,-12.661,7.75024,0,0.592147
146,65,1,2,1,2,13.7786,8.7268,3,0.695784
147,0,-1,0,4294967295,1,-14.8091,-6.52599,1,0.404266
147,0,0,1,4294967295,1,-14.5783,-5.71475,8,1.21827
147,0,0,2,4294967295,1,-15.6273,-6.70006,8,1.2182
147,0,0,3,4294967295,1,-14.3223,-7.19821,8,1.21912
147,1,-1,0,4294967295,2,13.6522,10.2913,1,0.485875
147,1,0,1,4294967295,2,12.7929,10.3388,4,0.612158
147,1,1,2,4294967295,2,13.9324,9.62582,3,0.477604
147,1,1,3,4294967295,2,13.7724,11.238,3,0.545124
147,6,-1,0,2,3,-16.2359,6.30655,1,0.473515
147,4,-1,0,0,1,-12.178,-9.15275,1,0.528668
147,69,1,2,3,4,7.67512,10.7787,3,0
147,6,0,4,2,3,-15.6118,5.23233,0,0.516548
147,6,4,5,2,3,-16.2883,4.03818,0,0.587921
147,6,5,6,2,3,-17.2638,3.29897,0,0.664783
147,6,6,7,2,3,-18.3472,3.9708,0,0.725816
147,6,7,8,2,3,-19.4611,4.60604,0,0.758368
147,4,0,1,0,1,-13.0528,-9.45928,8,1.58925
147,14,0,4,11,3,-1.98664,12.1154,0,0
147,4,0,2,0,1,-11.5639,-9.72049,8,1.59214
147,14,4,5,11,3,-2.85547,13.116,0,0
147,17,-1,0,3,4,1.73429,2.46889,1,0.196529
147,18,-1,0,9,4,7.15174,-15.8875,1,0.342003
147,17,0,4,3,4,1.72246,1.43382,2,0.190907
147,18,0,1,9,4,6.64067,-14.956,4,0.264098
147,22,-1,0,1,2,-10.39,0.738351,1,0.346672
147,22,0,1,1,2,-10.8631,1.52474,4,0.337356
147,18,1,2,9,4,6.30137,-16.1594,3,0.299245
147,22,1,2,1,2,-11.0468,0.218525,3,0.346663
147,18,1,3,9,4,7.83901,-15.3096,3,0.231682
147,22,1,3,1,2,-9.52901,1.32994,3,0.327431
147,24,-1,0,22,2,13.2281,-12.5024,1,0.677398
147,18,0,4,9,4,7.64566,-16.8539,2,0.249145
147,14,5,6,11,3,-4.03489,13.6216,0,0
147,24,0,1,22,2,12.7141,-11.7252,4,0.806773
147,18,4,5,9,4,7.95598,-18.095,3,0.232873
147,24,1,2,22,2,12.5173,-13.0162,3,0.850754
147,14,6,7,11,3,-4.9844,14.4843,0,0
147,24,1,3,22,2,14.0517,-11.8115,3,0.699521
147,27,-1,0,23,4,-13.4987,4.29836,1,0.328521
147,28,-1,0,24,2,-1.07494,-15.4571,1,0.699044
147,14,7,8,11,3,-6.24481,14.7396,0,0
147,27,0,1,23,4,-14.5791,4.34446,4,0.321026
147,27,1,2,23,4,-13.6425,3.53817,3,0.329495
147,28,0,1,24,2,-1.71757,-16.1362,4,0.743701
147,27,1,3,23,4,-13.6065,5.13016,3,0.316177
147,30,-1,0,9,4,-5.89711,-16.215,1,0.383702
147,27,0,4,23,4,-12.467,4.49401,2,0.33011
147,30,0,1,9,4,-6.7508,-15.6471,4,0.372407
147,33,-1,0,17,4,-0.927362,2.01953,1,0.373304
147,30,1,2,9,4,-6.8725,-16.9143,3,0.357565
147,33,0,1,17,4,-1.55249,2.8609,4,0.337051
147,30,1,3,9,4,-5.49632,-15.5046,3,0.38406
147,29,0,4,14,3,-2.25835,11.2809,0,0
147,33,1,2,17,4,-1.88825,1.64833,3,0.313421
147,30,0,4,9,4,-4.97169,-16.6533,2,0.388288
147,29,4,5,14,3,-3.56232,11.0493,0,0
147,33,1,3,17,4,-0.262145,2.66095,3,0.342528
147,30,4,5,9,4,-4.41472,-17.1307,3,0.387209
147,27,4,5,23,4,-11.0811,4.58807,3,0.325939
147,28,1,2,24,2,-0.398752,-16.1048,3,0.696846
147,29,5,6,14,3,-4.6154,10.3154,0,0
147,33,0,4,17,4,-0.187463,1.2863,2,0.423885
147,37,-1,0,30,4,1.22104,-14.8671,1,0.276768
147,38,-1,0,27,4,-12.8796,3.65243,1,1.17855
147,33,4,5,17,4,0.464521,0.30495,3,0.483346
147,29,6,7,14,3,-5.87303,10.0626,0,0
147,37,0,1,30,4,1.20648,-15.9026,4,0.258583
147,38,0,1,27,4,-12.3113,2.69466,4,1.17354
147,40,-1,0,33,4,-0.120631,1.94897,1,0.846062
147,37,1,2,30,4,2.12215,-15.0473,3,0.240247
147,28,1,3,24,2,-2.12594,-14.852,3,0.68704
147,37,1,3,30,4,0.400674,-14.9182,3,0.268214
147,38,1,2,27,4,-11.8138,3.83718,3,1.15785
147,37,0,4,30,4,1.15591,-13.8208,2,0.28648
147,39,-1,0,22,2,-9.16374,-11.0495,1,0.411875
147,42,-1,0,17,4,2.04115,3.23382,1,0.33884
147,42,0,1,17,4,1.6777,4.21417,4,0.335341
147,42,1,2,17,4,1.16078,3.07537,3,0.319178
147,44,-1,0,24,2,17.6278,-5.73046,1,0.321912
147,38,1,3,27,4,-13.5692,2.73562,3,1.17903
147,42,1,3,17,4,2.8384,3.70101,3,0.354474
147,44,0,1,24,2,18.5063,-6.10381,4,0.311556
147,42,0,4,17,4,2.4561,2.27744,2,0.33792
147,4,0,3,0,1,-11.8174,-8.40351,8,1.59382
147,36,-1,0,1,2,12.763,1.97717,1,0.089043
147,45,-1,0,4,1,-6.45602,-8.96271,1,0.431613
147,44,1,2,24,2,17.8997,-4.9468,3,0.321205
147,45,0,1,4,1,-6.92528,-8.26194,8,1.29599
147,45,0,2,4,1,-6.85229,-9.69946,8,1.30947
147,46,-1,0,28,2,0.74101,-22.5808,1,0.257302
147,45,0,3,4,1,-5.6285,-9.02599,8,1.29627
147,40,0,1,33,4,0.682544,1.2566,4,0.836459
147,46,0,1,28,2,0.914684,-23.4767,4,0.2491
147,47,-1,0,7,4,7.20792,12.5644,1,0.385437
147,46,1,2,28,2,1.4783,-22.2796,3,0.253266
147,47,0,1,7,4,8.11822,12.1388,4,0.398734
147,40,1,2,33,4,0.515314,2.50924,3,0.818941
147,47,1,2,7,4,7.66778,13.3366,3,0.369741
147,46,1,3,28,2,-0.190909,-22.7371,3,0.247479
147,40,1,3,33,4,-0.512955,0.800403,3,0.82279
147,37,4,5,30,4,1.34165,-12.6105,3,0.288508
147,47,1,3,7,4,6.89235,11.7799,3,0.39237
147,40,0,4,33,4,-0.863282,2.71312,2,0.85141
147,48,-1,0,37,4,-0.50375,-5.01724,1,0.442
147,49,-1,0,46,2,2.83909,-22.7412,1,0.203821
147,48,0,1,37,4,-0.195543,-4.05322,4,0.444836
147,50,-1,0,4,1,-12.8871,-8.8766,1,0.222937
147,47,0,4,7,4,6.26449,12.9491,2,0.368029
147,51,-1,0,6,3,-16.3537,5.49007,1,0.422906
147,49,0,1,46,2,2.97307,-23.66,4,0.19617
147,48,1,2,37,4,-1.22035,-4.8097,3,0.441254
147,50,0,1,4,1,-13.7269,-8.96844,8,0.646785
147,49,1,2,46,2,3.67783,-22.5695,3,0.193739
147,51,0,1,6,3,-17.2368,4.93375,4,0.358304
147,44,1,3,24,2,17.3788,-6.79893,3,0.300621
147,48,1,3,37,4,0.297812,-5.21073,3,0.459037
147,50,0,2,4,1,-12.4609,-9.68452,8,0.737645
147,51,1,2,6,3,-15.9773,4.62807,3,0.333934
147,49,1,3,46,2,1.84244,-22.9753,3,0.202128
147,52,-1,0,44,2,16.9935,-5.17333,1,0.389347
147,48,0,4,37,4,-0.868084,-5.96994,2,0.43486
147,53,-1,0,28,2,-2.06997,-17.3273,1,0.334492
147,54,-1,0,49,2,2.6323,-21.9598,1,0.336
147,51,1,3,6,3,-17.1541,6.22665,3,0.341874
147,39,0,1,22,2,-8.78888,-11.8746,4,0.398918
147,48,4,5,37,4,-1.44837,-6.92542,3,0.428235
147,53,0,1,28,2,-1.20246,-17.1614,4,0.343416
147,50,0,3,4,1,-12.5345,-8.12676,8,0.646701
147,55,-1,0,48,4,-0.151089,-5.75256,1,0.4812
147,39,1,2,22,2,-8.54196,-10.5554,3,0.400052
147,53,1,2,28,2,-2.4088,-16.6404,3,0.310454
147,53,1,3,28,2,-2.22024,-18.0684,3,0.337759
147,39,1,3,22,2,-10.0614,-11.5497,3,0.395862
147,36,0,1,1,2,13.5589,1.51324,4,0.0794265
147,52,0,1,44,2,16.9543,-4.22726,4,0.376286
147,36,1,2,1,2,13.0648,2.73371,3,0.0868768
147,58,-1,0,46,2,0.330698,-21.895,1,0.312267
147,36,1,3,1,2,12.3301,1.09536,3,0.0709028
147,59,-1,0,24,2,8.6002,-15.2452,1,0.268769
147,52,1,2,44,2,16.0599,-5.18991,3,0.368017
147,59,0,1,24,2,7.83215,-14.6829,4,0.257504
147,60,-1,0,39,2,-8.36394,-11.2493,1,0.978199
147,61,-1,0,37,4,1.83665,-14.3345,1,0.3376
147,51,0,4,6,3,-15.1991,6.05781,0,0.488653
147,62,-1,0,28,2,-4.5222,-14.3765,1,0.0221852
147,63,-1,0,22,2,-10.1544,1.5108,1,0.7504
147,59,1,2,24,2,8.18831,-15.976,3,0.24223
147,62,0,1,28,2,-5.44464,-14.3757,4,0.555953
147,61,0,1,37,4,2.28669,-13.4337,4,0.327867
147,62,1,2,28,2,-4.31089,-15.0529,3,0.659892
147,51,4,5,6,3,-13.9161,6.63913,0,0.547445
147,59,1,3,24,2,9.11665,-14.3731,3,0.268755
147,64,-1,0,53,2,-1.42315,-17.8513,1,0.903867
147,60,0,1,39,2,-7.54093,-11.6504,4,0.968467
147,62,1,3,28,2,-4.61635,-13.3181,3,0.560878
147,65,-1,0,1,2,13.2523,9.53738,1,0.709185
147,66,-1,0,62,2,-5.02546,-15.0378,1,0.592038
147,65,0,1,1,2,12.4105,9.17635,4,0.784311
147,66,0,1,62,2,-4.60403,-15.8534,4,0.504642
147,51,5,6,6,3,-13.1403,7.71447,0,0.584581
147,65,1,2,1,2,13.6734,8.77582,3,0.675128
147,66,1,2,62,2,-5.53806,-14.9006,3,0.517938
148,0,-1,0,4294967295,1,-14.8092,-6.5258,1,0.397866
148,0,0,1,4294967295,1,-14.5785,-5.71452,8,1.19918
148,0,0,2,4294967295,1,-15.6273,-6.70006,8,1.19914
148,0,0,3,4294967295,1,-14.3222,-7.19793,8,1.19968
148,1,-1,0,4294967295,2,13.4419,10.5908,1,0.293801
148,1,0,1,4294967295,2,12.5109,10.4803,4,0.483566
148,1,1,2,4294967295,2,13.616,9.83206,3,0.513054
148,1,1,3,4294967295,2,13.2715,11.5451,3,0.621341
148,6,-1,0,2,3,-16.1907,6.02169,1,0.511291
148,4,-1,0,0,1,-12.1779,-9.15275,1,0.533614
148,69,1,2,3,4,7.77866,10.2799,3,0
148,6,0,4,2,3,-15.8328,4.81306,0,0.537189
148,6,4,5,2,3,-16.5941,3.71108,0,0.581314
148,6,5,6,2,3,-17.6564,3.04281,0,0.631082
148,6,6,7,2,3,-18.8313,3.57915,0,0.673128
148,6,7,8,2,3,-20.0758,3.91183,0,0.696947
148,4,0,1,0,1,-13.0528,-9.45882,8,1.66746
148,14,0,4,11,3,-1.95338,12.1897,0,0
148,4,0,2,0,1,-11.5643,-9.72131,8,1.57891
148,14,4,5,11,3,-2.86516,13.1419,0,0
148,17,-1,0,3,4,1.41751,3.01619,1,0.177828
148,18,-1,0,9,4,6.73308,-15.6932,1,0.248101
148,17,0,4,3,4,1.19609,2.03481,2,0.177608
148,18,0,1,9,4,6.19149,-14.8156,4,0.236861
148,22,-1,0,1,2,-10.2483,1.16895,1,0.344887
148,22,0,1,1,2,-11.0579,1.60629,4,0.335756
148,18,1,2,9,4,5.69986,-15.9756,3,0.236536
148,22,1,2,1,2,-10.5571,0.385191,3,0.344885
148,18,1,3,9,4,7.47555,-14.8702,3,0.231056
148,22,1,3,1,2,-9.81479,2.13557,3,0.325619
148,24,-1,0,22,2,12.7273,-11.9892,1,0.794797
148,18,0,4,9,4,7.44965,-16.4365,2,0.244922
148,14,5,6,11,3,-4.05561,13.595,0,0
148,24,0,1,22,2,12.804,-11.0604,4,0.862862
148,18,4,5,9,4,7.85988,-16.9983,3,0.234606
148,24,1,2,22,2,11.8455,-11.9542,3,1.15713
148,14,6,7,11,3,-4.97406,14.4768,0,0
148,24,1,3,22,2,13.8134,-11.9553,3,0.799216
148,27,-1,0,23,4,-13.5522,3.91784,1,0.301289
148,28,-1,0,24,2,-1.0784,-15.3526,1,0.740012
148,14,7,8,11,3,-6.21507,14.7714,0,0
148,27,0,1,23,4,-14.6178,3.74588,4,0.290325
148,27,1,2,23,4,-13.5761,3.09262,3,0.299344
148,28,0,1,24,2,-1.22649,-16.2655,4,0.777618
148,27,1,3,23,4,-14.0678,4.87529,3,0.279667
148,30,-1,0,9,4,-6.56692,-15.9397,1,0.39476
148,27,0,4,23,4,-12.5469,4.2086,2,0.305275
148,30,0,1,9,4,-7.16331,-15.1166,4,0.395511
148,33,-1,0,17,4,-0.784798,2.31819,1,0.444574
148,30,1,2,9,4,-7.15567,-16.3639,3,0.380699
148,33,0,1,17,4,-1.31374,3.25461,4,0.463341
148,30,1,3,9,4,-5.95614,-15.6356,3,0.402971
148,29,0,4,14,3,-2.22746,11.2705,0,0
148,33,1,2,17,4,-1.78713,2.09764,3,0.398535
148,30,0,4,9,4,-5.75795,-16.5321,2,0.380625
148,29,4,5,14,3,-3.5179,10.9819,0,0
148,33,1,3,17,4,-0.0215502,3.09413,3,0.400586
148,30,4,5,9,4,-4.95009,-17.2134,3,0.370197
148,27,4,5,23,4,-11.6688,4.33406,3,0.304281
148,28,1,2,24,2,-0.170131,-15.474,3,0.895448
148,29,5,6,14,3,-4.56688,10.2459,0,0
148,33,0,4,17,4,-0.129283,1.45549,2,0.432308
148,37,-1,0,30,4,1.19486,-15.0144,1,0.287095
148,38,-1,0,27,4,-12.8522,3.39729,1,1.14681
148,33,4,5,17,4,0.313671,0.324199,3,0.425693
148,29,6,7,14,3,-5.83285,10.0471,0,0
148,37,0,1,30,4,0.744579,-15.9722,4,0.292719
148,38,0,1,27,4,-12.1855,2.5221,4,1.13602
148,40,-1,0,33,4,-0.0281178,2.22737,1,0.839014
148,37,1,2,30,4,2.00104,-15.796,3,0.267145
148,28,1,3,24,2,-2.11671,-15.2694,3,0.76437
148,37,1,3,30,4,0.369002,-14.7814,3,0.282406
148,38,1,2,27,4,-11.8795,3.70767,3,1.12206
148,37,0,4,30,4,1.50114,-13.9821,2,0.271542
148,39,-1,0,22,2,-9.12726,-11.4595,1,0.378008
148,42,-1,0,17,4,1.98691,3.56791,1,0.360496
148,42,0,1,17,4,2.01299,4.58526,4,0.390994
148,42,1,2,17,4,0.979709,3.84628,3,0.315919
148,44,-1,0,24,2,17.6976,-5.74229,1,0.290188
148,38,1,3,27,4,-13.4372,2.43638,3,1.14691
148,42,1,3,17,4,2.81155,3.58407,3,0.345647
148,44,0,1,24,2,18.6762,-5.84858,4,0.281675
148,42,0,4,17,4,2.09179,2.54132,2,0.355357
148,4,0,3,0,1,-11.8171,-8.40343,8,1.5799
148,36,-1,0,1,2,13.2694,1.83965,1,0.0570235
148,45,-1,0,4,1,-6.41789,-8.95908,1,0.425213
148,44,1,2,24,2,17.775,-4.97548,3,0.288643
148,45,0,1,4,1,-6.89512,-8.26378,8,1.27869
148,45,0,2,4,1,-6.80644,-9.69984,8,1.28658
148,46,-1,0,28,2,0.751289,-22.834,1,0.227856
148,45,0,3,4,1,-5.58963,-9.01252,8,1.27885
148,40,0,1,33,4,0.662547,1.48176,4,0.906077
148,46,0,1,28,2,1.12966,-23.6557,4,0.219835
148,47,-1,0,7,4,7.28439,12.5314,1,0.385437
148,46,1,2,28,2,1.42859,-22.3967,3,0.218162
148,47,0,1,7,4,8.19802,12.1182,4,0.398734
148,40,1,2,33,4,0.689562,2.7743,3,0.88054
148,47,1,2,7,4,7.69748,13.299,3,0.369741
148,46,1,3,28,2,-0.108266,-23.1787,3,0.224518
148,40,1,3,33,4,-0.574462,1.05801,3,0.812448
148,37,4,5,30,4,1.95353,-12.918,3,0.2628
148,47,1,3,7,4,7.00022,11.6719,3,0.39237
148,40,0,4,33,4,-0.703342,3.0132,2,0.828263
148,48,-1,0,37,4,-0.401014,-4.75957,1,0.416324
148,49,-1,0,46,2,2.94874,-22.7665,1,0.174859
148,48,0,1,37,4,-0.0821834,-3.75159,4,0.41127
148,50,-1,0,4,1,-12.8872,-8.87689,1,0.217284
148,47,0,4,7,4,6.35968,12.9568,2,0.368029
148,51,-1,0,6,3,-16.7617,5.43955,1,0.403717
148,49,0,1,46,2,3.13106,-23.66,4,0.166817
148,48,1,2,37,4,-1.20836,-4.31963,3,0.409392
148,50,0,1,4,1,-13.7271,-8.96911,8,0.639865
148,49,1,2,46,2,3.71806,-22.4987,3,0.161744
148,51,0,1,6,3,-17.7246,5.01771,4,0.34667
148,44,1,3,24,2,17.9001,-6.92216,3,0.277738
148,48,1,3,37,4,0.661862,-4.76788,3,0.416617
148,50,0,2,4,1,-12.4608,-9.68459,8,0.693104
148,51,1,2,6,3,-16.5453,4.51155,3,0.327928
148,49,1,3,46,2,1.98786,-22.9839,3,0.174521
148,52,-1,0,44,2,17.122,-5.08327,1,0.350759
148,48,0,4,37,4,-0.810715,-5.74542,2,0.414475
148,53,-1,0,28,2,-1.94401,-17.2562,1,0.306434
148,54,-1,0,49,2,2.63758,-22.0311,1,0.32
148,51,1,3,6,3,-17.3935,6.26398,3,0.328578
148,39,0,1,22,2,-8.61469,-12.2128,4,0.367878
148,48,4,5,37,4,-1.59237,-6.68992,3,0.408679
148,53,0,1,28,2,-1.03228,-17.3623,4,0.29572
148,50,0,3,4,1,-12.5343,-8.12724,8,0.639815
148,55,-1,0,48,4,0.0141453,-5.44956,1,0.4652
148,39,1,2,22,2,-8.59766,-10.8789,3,0.359625
148,53,1,2,28,2,-1.95298,-16.4296,3,0.281183
148,53,1,3,28,2,-2.01833,-18.3273,3,0.307087
148,39,1,3,22,2,-9.90567,-12.0102,3,0.374809
148,36,0,1,1,2,14.1408,1.54117,4,0.0474604
148,52,0,1,44,2,17.8053,-4.36522,4,0.336397
148,36,1,2,1,2,13.4223,2.64631,3,0.0565908
148,58,-1,0,46,2,0.498459,-22.073,1,0.296267
148,36,1,3,1,2,13.0301,0.855815,3,0.0384631
148,59,-1,0,24,2,8.2895,-15.0806,1,0.233971
148,52,1,2,44,2,16.5103,-4.28084,3,0.326676
148,59,0,1,24,2,7.85095,-14.2614,4,0.222358
148,60,-1,0,39,2,-8.31791,-11.5579,1,0.9462
148,61,-1,0,37,4,1.95105,-14.752,1,0.3056
148,51,0,4,6,3,-15.5708,5.91098,0,0.456834
148,62,-1,0,28,2,-4.74086,-13.89,1,0.402419
148,63,-1,0,22,2,-10.4604,1.95104,1,0.7344
148,59,1,2,24,2,7.49494,-15.5471,3,0.206366
148,62,0,1,28,2,-5.61513,-13.6041,4,0.478443
148,61,0,1,37,4,2.37779,-13.8469,4,0.295867
148,62,1,2,28,2,-4.81137,-14.6331,3,0.507754
148,51,4,5,6,3,-14.3845,6.41053,0,0.49876
148,59,1,3,24,2,9.1671,-14.5029,3,0.233969
148,64,-1,0,53,2,-1.48005,-17.9096,1,0.887867
148,60,0,1,39,2,-7.42034,-11.7345,4,0.936467
148,62,1,3,28,2,-4.36262,-13.1615,3,0.510015
148,65,-1,0,1,2,12.7283,8.93977,1,0.684968
148,66,-1,0,62,2,-5.61862,-14.912,1,0.51738
148,65,0,1,1,2,12.0243,9.41613,4,0.667306
148,66,0,1,62,2,-5.17482,-15.7475,4,0.498727
148,51,5,6,6,3,-13.5885,7.40046,0,0.522161
148,65,1,2,1,2,12.7293,8.25709,3,0.743888
148,66,1,2,62,2,-6.44792,-15.3447,3,0.486588
148,65,1,3,1,2,13.3814,9.34947,3,0.591276
149,0,-1,0,4294967295,1,-14.8093,-6.52568,1,0.391466
149,0,0,1,4294967295,1,-14.5787,-5.71436,8,1.18004
149,0,0,2,4294967295,1,-15.6274,-6.70005,8,1.18002
149,0,0,3,4294967295,1,-14.3222,-7.19773,8,1.18033
149,1,-1,0,4294967295,2,13.1355,11.0959,1,0.493079
149,1,0,1,4294967295,2,12.2779,10.7813,4,0.535127
149,1,1,2,4294967295,2,13.5331,10.4359,3,0.484856
149,1,1,3,4294967295,2,12.922,11.927,3,0.618106
149,6,-1,0,2,3,-16.5711,5.86838,1,0.528558
149,4,-1,0,0,1,-12.178,-9.1535,1,0.545517
149,6,0,4,2,3,-16.2418,4.65273,0,0.545162
149,6,4,5,2,3,-16.9366,3.56971,0,0.574856
149,6,5,6,2,3,-17.9476,2.82747,0,0.614575
149,6,6,7,2,3,-19.1963,3.17887,0,0.667037
149,6,7,8,2,3,-20.4899,3.23587,0,0.724761
149,4,0,1,0,1,-13.0528,-9.45982,8,1.63403
149,14,0,4,11,3,-1.89582,12.2407,0,0
149,4,0,2,0,1,-11.5644,-9.722,8,1.58214
149,14,4,5,11,3,-2.85961,13.1458,0,0
149,17,-1,0,3,4,1.22033,3.53142,1,0.161722
149,18,-1,0,9,4,6.2071,-14.9999,1,0.214593
149,17,0,4,3,4,1.27879,2.46141,2,0.161714
149,18,0,1,9,4,5.42528,-14.3474,4,0.202008
149,22,-1,0,1,2,-10.2904,1.62722,1,0.31324
149,22,0,1,1,2,-11.1979,1.52903,4,0.303615
149,18,1,2,9,4,5.50807,-15.6156,3,0.191895
149,22,1,2,1,2,-10.0846,0.812201,3,0.31324
149,18,1,3,9,4,6.69507,-14.335,3,0.208462
149,22,1,3,1,2,-10.4683,2.67047,3,0.293583
149,24,-1,0,22,2,12.4694,-11.2087,1,0.651203
149,18,0,4,9,4,7.01106,-15.6597,2,0.218913
149,14,5,6,11,3,-4.07034,13.5645,0,0
149,24,0,1,22,2,13.166,-10.6923,4,0.790799
149,18,4,5,9,4,7.74107,-16.6451,3,0.217395
149,24,1,2,22,2,11.7591,-10.702,3,0.942514
149,14,6,7,11,3,-4.99229,14.4541,0,0
149,24,1,3,22,2,13.2411,-12.0433,3,0.786572
149,27,-1,0,23,4,-13.607,3.51308,1,0.272299
149,28,-1,0,24,2,-1.03216,-15.5776,1,0.85697
149,14,7,8,11,3,-6.21498,14.8386,0,0
149,27,0,1,23,4,-14.5166,3.01807,4,0.258198
149,27,1,2,23,4,-13.3165,2.69933,3,0.267894
149,28,0,1,24,2,-0.517015,-16.3215,4,0.890868
149,27,1,3,23,4,-14.3274,4.2709,3,0.243353
149,30,-1,0,9,4,-7.03345,-15.9249,1,0.367633
149,27,0,4,23,4,-12.8252,4.12848,2,0.27789
149,30,0,1,9,4,-7.51699,-15.018,4,0.378052
149,33,-1,0,17,4,-0.700888,2.63027,1,0.457624
149,30,1,2,9,4,-8.16816,-16.1026,3,0.418901
149,33,0,1,17,4,-1.18329,3.56511,4,0.468347
149,30,1,3,9,4,-6.32776,-15.5524,3,0.363615
149,33,1,2,17,4,-1.70289,2.40636,3,0.456173
149,30,0,4,9,4,-6.31172,-16.6788,2,0.361232
149,33,1,3,17,4,0.103975,3.49126,3,0.486916
149,30,4,5,9,4,-5.52096,-17.6529,3,0.353819
149,27,4,5,23,4,-12.033,4.45605,3,0.276482
149,28,1,2,24,2,-0.495871,-14.9878,3,1.03893
149,33,0,4,17,4,-0.155962,1.77878,2,0.436578
149,37,-1,0,30,4,1.12378,-15.2232,1,0.271422
149,38,-1,0,27,4,-12.8468,3.06734,1,1.14197
149,33,4,5,17,4,0.101491,1.16266,3,0.418606
149,37,0,1,30,4,0.473361,-16.0062,4,0.286873
149,38,0,1,27,4,-12.3047,2.12312,4,1.13453
149,40,-1,0,33,4,0.0401811,2.31036,1,0.825205
149,37,1,2,30,4,1.75358,-16.0295,3,0.268846
149,28,1,3,24,2,-1.8638,-16.0833,3,0.867246
149,37,1,3,30,4,0.363065,-14.7502,3,0.254283
149,38,1,2,27,4,-12.0229,3.34082,3,1.11702
149,37,0,4,30,4,1.65508,-14.354,2,0.256269
149,39,-1,0,22,2,-8.97443,-11.8103,1,0.372268
149,42,-1,0,17,4,1.96681,3.96417,1,0.390516
149,42,0,1,17,4,2.52323,4.84904,4,0.49091
149,42,1,2,17,4,1.27608,4.74846,3,0.573639
149,44,-1,0,24,2,17.9387,-5.58219,1,0.261066
149,38,1,3,27,4,-13.5872,2.1152,3,1.14198
149,42,1,3,17,4,2.74549,3.59496,3,0.356399
149,44,0,1,24,2,18.8943,-5.75846,4,0.253479
149,42,0,4,17,4,1.67255,3.00671,2,0.399693
149,4,0,3,0,1,-11.8179,-8.40409,8,1.58272
149,36,-1,0,1,2,13.7804,1.65651,1,0.051604
149,45,-1,0,4,1,-6.39138,-8.95596,1,0.418813
149,44,1,2,24,2,17.9992,-4.86328,3,0.258414
149,45,0,1,4,1,-6.87427,-8.26433,8,1.2606
149,45,0,2,4,1,-6.77284,-9.70029,8,1.26523
149,46,-1,0,28,2,0.810858,-22.867,1,0.198504
149,45,0,3,4,1,-5.56281,-9.00415,8,1.26069
149,40,0,1,33,4,0.706164,1.53359,4,0.819804
149,46,0,1,28,2,1.28371,-23.66,4,0.190293
149,46,1,2,28,2,1.48999,-22.3788,3,0.185096
149,40,1,2,33,4,0.575717,2.80946,3,0.837081
149,46,1,3,28,2,-0.0380309,-23.4717,3,0.197837
149,40,1,3,33,4,-0.586842,1.23447,3,0.803151
149,37,4,5,30,4,2.09821,-13.8073,3,0.246748
149,40,0,4,33,4,-0.517411,3.17001,2,0.824956
149,48,-1,0,37,4,-0.357538,-4.47354,1,0.388853
149,49,-1,0,46,2,3.08974,-22.7511,1,0.145369
149,48,0,1,37,4,0.0227119,-3.54118,4,0.378765
149,50,-1,0,4,1,-12.8868,-8.87651,1,0.236882
149,51,-1,0,6,3,-17.1292,5.30114,1,0.379604
149,49,0,1,46,2,3.21577,-23.66,4,0.137175
149,48,1,2,37,4,-1.18763,-3.95685,3,0.378054
149,50,0,1,4,1,-13.7265,-8.96886,8,0.643163
149,49,1,2,46,2,3.88835,-22.5443,3,0.131739
149,51,0,1,6,3,-18.1292,5.0376,4,0.330903
149,44,1,3,24,2,17.9627,-6.70217,3,0.252523
149,48,1,3,37,4,0.598614,-4.67509,3,0.378479
149,50,0,2,4,1,-12.4605,-9.68438,8,0.674358
149,51,1,2,6,3,-17.0001,4.39654,3,0.32185
149,49,1,3,46,2,2.11683,-22.9118,3,0.145301
149,52,-1,0,44,2,17.5104,-4.80691,1,0.311881
149,48,0,4,37,4,-0.744504,-5.39327,2,0.391474
149,53,-1,0,28,2,-1.63545,-17.285,1,0.334314
149,54,-1,0,49,2,2.64977,-22.0801,1,0.304
149,51,1,3,6,3,-17.682,6.26028,3,0.310183
149,39,0,1,22,2,-8.56453,-12.6117,4,0.377356
149,48,4,5,37,4,-1.15905,-5.92692,3,0.387477
149,53,0,1,28,2,-0.78703,-17.6713,4,0.338026
149,50,0,3,4,1,-12.5348,-8.12623,8,0.643134
149,55,-1,0,48,4,0.0503852,-5.17329,1,0.4492
149,39,1,2,22,2,-8.38367,-11.2748,3,0.360377
149,53,1,2,28,2,-1.3117,-16.5108,3,0.360564
149,53,1,3,28,2,-2.04777,-18.2249,3,0.348459
149,39,1,3,22,2,-9.84285,-12.3252,3,0.368071
149,36,0,1,1,2,14.7025,1.73213,4,0.0736213
149,52,0,1,44,2,18.4273,-4.42028,4,0.298694
149,36,1,2,1,2,13.6073,2.46814,3,0.0515176
149,58,-1,0,46,2,0.58812,-22.094,1,0.280267
149,36,1,3,1,2,13.9926,0.634244,3,0.13507
149,59,-1,0,24,2,8.10231,-14.7699,1,0.214965
149,52,1,2,44,2,17.264,-3.83599,3,0.293293
149,59,0,1,24,2,8.0923,-13.8508,4,0.258993
149,60,-1,0,39,2,-8.1652,-11.965,1,0.9142
149,61,-1,0,37,4,1.91937,-15.0917,1,0.2736
149,51,0,4,6,3,-15.8839,5.63534,0,0.423117
149,62,-1,0,28,2,-4.94094,-13.6266,1,0.447475
149,63,-1,0,22,2,-10.9052,2.16143,1,0.7184
149,59,1,2,24,2,7.28317,-14.8814,3,0.187147
149,62,0,1,28,2,-5.59314,-12.9694,4,0.46994
149,61,0,1,37,4,2.6609,-14.3987,4,0.263867
149,62,1,2,28,2,-5.45845,-14.2752,3,0.462392
149,51,4,5,6,3,-14.6369,6.16478,0,0.455962
149,59,1,3,24,2,9.03391,-14.8086,3,0.214965
149,64,-1,0,53,2,-1.37497,-18.0523,1,1.02339
149,60,0,1,39,2,-7.25696,-11.8104,4,0.904467
149,62,1,3,28,2,-4.27481,-12.8133,3,0.514103
149,65,-1,0,1,2,12.2442,8.42998,1,0.331999
149,66,-1,0,62,2,-6.08816,-14.5605,1,0.474399
149,65,0,1,1,2,11.495,9.00915,4,0.732274
149,66,0,1,62,2,-5.54678,-15.3263,4,0.458567
149,51,5,6,6,3,-13.8103,7.17617,0,0.473691
149,65,1,2,1,2,11.2698,7.67407,3,0.80386
149,66,1,2,62,2,-6.82582,-15.0625,3,0.44644
149,65,1,3,1,2,12.6264,9.75692,3,0.752431
149,71,-1,0,24,2,12.067,-10.485,1,0.506933
149,72,-1,0,65,2,12.3104,9.19279,1,0.515067
150,0,-1,0,4294967295,1,-14.8093,-6.5256,1,0.385066
150,0,0,1,4294967295,1,-14.5788,-5.71425,8,1.16088
150,0,0,2,4294967295,1,-15.6274,-6.70005,8,1.16086
150,0,0,3,4294967295,1,-14.3221,-7.1976,8,1.16105
150,1,-1,0,4294967295,2,12.843,11.2565,1,0.682711
150,1,0,1,4294967295,2,11.9117,11.2111,4,0.67783
150,1,1,2,4294967295,2,12.9164,10.378,3,0.604032
150,1,1,3,4294967295,2,12.5728,12.3514,3,0.746001
150,6,-1,0,2,3,-16.9667,5.90115,1,0.536206
150,4,-1,0,0,1,-12.1779,-9.15312,1,0.526376
150,6,0,4,2,3,-16.6622,4.70026,0,0.549492
150,6,4,5,2,3,-17.3365,3.54318,0,0.574145
150,6,5,6,2,3,-18.201,2.63472,0,0.605814
150,6,6,7,2,3,-19.4754,2.76002,0,0.636779
150,6,7,8,2,3,-20.7417,2.59963,0,0.656513
150,4,0,1,0,1,-13.0528,-9.45914,8,1.60483
150,4,0,2,0,1,-11.5644,-9.72176,8,1.57443
150,17,-1,0,3,4,1.42626,4.00175,1,0.145718
150,18,-1,0,9,4,5.71954,-14.5698,1,0.184739
150,17,0,4,3,4,1.30229,2.92894,2,0.145718
150,18,0,1,9,4,4.95901,-13.86,4,0.169902
150,22,-1,0,1,2,-10.5234,2.00983,1,0.281511
150,22,0,1,1,2,-11.184,1.38108,4,0.272194
150,18,1,2,9,4,5.0101,-15.1139,3,0.155058
150,22,1,2,1,2,-9.8625,1.48011,3,0.281511
150,18,1,3,9,4,6.22494,-13.8884,3,0.179033
150,22,1,3,1,2,-11.2832,2.73249,3,0.263735
150,24,-1,0,22,2,12.3429,-10.5995,1,0.524884
150,18,0,4,9,4,6.54281,-15.2404,2,0.191069
150,24,0,1,22,2,13.0046,-10.0518,4,0.767378
150,18,4,5,9,4,7.29376,-16.0912,3,0.190689
150,24,1,2,22,2,11.6441,-10.319,3,0.780748
150,24,1,3,22,2,12.8373,-11.3594,3,0.779579
150,27,-1,0,23,4,-13.7637,2.92516,1,0.242564
150,28,-1,0,24,2,-0.922465,-15.621,1,0.844156
150,27,0,1,23,4,-14.4459,2.10318,4,0.226228
150,27,1,2,23,4,-13.1711,2.22934,3,0.235865
150,28,0,1,24,2,-0.228843,-16.2714,4,0.815483
150,27,1,3,23,4,-14.5992,3.32463,3,0.209844
150,30,-1,0,9,4,-7.46076,-16.0226,1,0.35202
150,27,0,4,23,4,-13.0688,3.75514,2,0.25015
150,30,0,1,9,4,-7.76592,-15.0474,4,0.365619
150,33,-1,0,17,4,-0.760334,2.93551,1,0.426213
150,30,1,2,9,4,-8.58201,-16.0094,3,0.426373
150,33,0,1,17,4,-1.33767,3.82853,4,0.423121
150,30,1,3,9,4,-6.74613,-15.808,3,0.336285
150,33,1,2,17,4,-1.577,2.60178,3,0.416457
150,30,0,4,9,4,-6.90598,-16.883,2,0.344793
150,33,1,3,17,4,-0.0358661,3.85378,3,0.431298
150,30,4,5,9,4,-6.66063,-17.5234,3,0.337448
150,27,4,5,23,4,-11.9618,4.608,3,0.248582
150,28,1,2,24,2,-0.373731,-14.9852,3,0.847319
150,33,0,4,17,4,-0.179093,2.06461,2,0.42077
150,37,-1,0,30,4,0.971352,-15.5692,1,0.258522
150,38,-1,0,27,4,-12.9617,2.89459,1,1.10879
150,33,4,5,17,4,0.240065,0.820751,3,0.412573
150,37,0,1,30,4,0.487763,-16.4904,4,0.256538
150,38,0,1,27,4,-12.6094,1.8653,4,1.09767
150,40,-1,0,33,4,0.0131515,2.73237,1,0.863998
150,37,1,2,30,4,1.64423,-16.0239,3,0.270513
150,28,1,3,24,2,-1.51707,-16.5564,3,0.829307
150,37,1,3,30,4,0.236721,-15.2684,3,0.243476
150,38,1,2,27,4,-11.9299,2.9275,3,1.08304
150,37,0,4,30,4,1.45873,-14.66,2,0.250145
150,39,-1,0,22,2,-8.8222,-12.1764,1,0.422779
150,42,-1,0,17,4,2.20822,4.30072,1,0.406066
150,42,0,1,17,4,2.98335,4.97272,4,0.411343
150,42,1,2,17,4,1.78499,5.37042,3,0.430322
150,44,-1,0,24,2,18.2841,-5.37471,1,0.232472
150,38,1,3,27,4,-13.8784,2.01746,3,1.10879
150,42,1,3,17,4,2.71723,3.72415,3,0.400394
150,44,0,1,24,2,19.1187,-5.80724,4,0.224821
150,42,0,4,17,4,1.69927,3.4279,2,0.399285
150,4,0,3,0,1,-11.8172,-8.40381,8,1.57477
150,36,-1,0,1,2,14.3411,1.52234,1,0.105273
150,45,-1,0,4,1,-6.37231,-8.95446,1,0.424267
150,44,1,2,24,2,18.5391,-4.65773,3,0.231651
150,45,0,1,4,1,-6.85895,-8.26566,8,1.25213
150,45,0,2,4,1,-6.75079,-9.70044,8,1.25484
150,46,-1,0,28,2,0.917515,-22.9044,1,0.16877
150,45,0,3,4,1,-5.54334,-8.99678,8,1.33009
150,40,0,1,33,4,0.721858,1.95716,4,0.853431
150,46,0,1,28,2,1.42441,-23.66,4,0.160357
150,46,1,2,28,2,1.5396,-22.3645,3,0.154083
150,40,1,2,33,4,0.67857,3.22536,3,0.829527
150,46,1,3,28,2,0.10335,-23.4572,3,0.168637
150,40,1,3,33,4,-0.500548,1.51889,3,0.877385
150,37,4,5,30,4,2.43431,-13.7924,3,0.239821
150,40,0,4,33,4,-0.627263,3.56105,2,0.87755
150,48,-1,0,37,4,-0.178052,-3.99948,1,0.359829
150,49,-1,0,46,2,3.24997,-22.7409,1,0.115915
150,48,0,1,37,4,0.225148,-3.04302,4,0.345809
150,50,-1,0,4,1,-12.8872,-8.87707,1,0.211714
150,51,-1,0,6,3,-17.437,5.21947,1,0.354888
150,49,0,1,46,2,3.23429,-23.66,4,0.107734
150,48,1,2,37,4,-0.872152,-3.66438,3,0.342831
150,50,0,1,4,1,-13.727,-8.96916,8,0.63452
150,49,1,2,46,2,4.08079,-22.668,3,0.105012
150,51,0,1,6,3,-18.415,4.8574,4,0.313522
150,44,1,3,24,2,17.8978,-6.33496,3,0.221409
150,48,1,3,37,4,0.639139,-4.22136,3,0.342695
150,50,0,2,4,1,-12.4609,-9.6849,8,0.652799
150,51,1,2,6,3,-17.2502,4.30385,3,0.308937
150,49,1,3,46,2,2.24496,-22.7818,3,0.112898
150,52,-1,0,44,2,18.0226,-4.58873,1,0.314547
150,48,0,4,37,4,-0.631268,-4.946,2,0.365808
150,53,-1,0,28,2,-1.07109,-17.524,1,0.334076
150,54,-1,0,49,2,2.69852,-22.155,1,0.288
150,51,1,3,6,3,-18.053,6.09827,3,0.294306
150,39,0,1,22,2,-8.35388,-12.953,4,0.464357
150,48,4,5,37,4,-1.33858,-5.98705,3,0.365296
150,53,0,1,28,2,-0.621857,-18.3141,4,0.341271
150,50,0,3,4,1,-12.5343,-8.12733,8,0.634503
150,55,-1,0,48,4,0.103117,-4.76017,1,0.4332
150,39,1,2,22,2,-8.25511,-11.6118,3,0.418116
150,53,1,2,28,2,-0.520026,-17.0081,3,0.368891
150,53,1,3,28,2,-1.92047,-17.8683,3,0.333253
150,39,1,3,22,2,-9.63863,-12.7192,3,0.412821
150,36,0,1,1,2,15.1555,1.96058,4,0.112647
150,52,0,1,44,2,18.9822,-4.32768,4,0.313492
150,36,1,2,1,2,13.8664,2.19623,3,0.0954667
150,58,-1,0,46,2,0.663743,-22.1499,1,0.264267
150,36,1,3,1,2,14.909,0.673202,3,0.121147
150,59,-1,0,24,2,7.92423,-14.2735,1,0.258321
150,52,1,2,44,2,17.7603,-3.85999,3,0.306764
150,59,0,1,24,2,8.51839,-13.5671,4,0.267507
150,60,-1,0,39,2,-8.01416,-12.2847,1,0.8822
150,61,-1,0,37,4,1.76803,-15.3053,1,0.2416
150,51,0,4,6,3,-16.2212,5.571,0,0.391086
150,62,-1,0,28,2,-5.10347,-13.1285,1,0.519557
150,63,-1,0,22,2,-11.3355,2.06831,1,0.7024
150,59,1,2,24,2,7.21835,-13.8245,3,0.333612
150,62,0,1,28,2,-5.8385,-12.5758,4,0.565022
150,61,0,1,37,4,2.79062,-15.3495,4,0.231867
150,62,1,2,28,2,-5.5216,-13.8552,3,0.522537
150,51,4,5,6,3,-14.9205,5.90936,0,0.41792
150,59,1,3,24,2,8.81169,-14.8543,3,0.24506
150,64,-1,0,53,2,-1.34838,-18.2813,1,1.00739
150,60,0,1,39,2,-7.195,-11.8822,4,0.872467
150,62,1,3,28,2,-4.52742,-12.4033,3,0.516002
150,65,-1,0,1,2,11.3288,8.3131,1,0.257043
150,66,-1,0,62,2,-6.29454,-14.1321,1,0.211896
150,65,0,1,1,2,10.5131,8.74503,4,0.783137
150,66,0,1,62,2,-5.66148,-14.8074,4,0.279588
150,51,5,6,6,3,-14.0169,6.83189,0,0.432221
150,65,1,2,1,2,11.1105,7.54278,3,0.841004
150,66,1,2,62,2,-7.00436,-14.801,3,0.333505
150,65,1,3,1,2,11.5328,9.58352,3,0.888498
150,71,-1,0,24,2,12.5311,-9.77162,1,0.661608
150,72,-1,0,65,2,11.6847,8.98249,1,0.603843
150,73,-1,0,28,2,-1.48082,-14.9832,1,0.507867
150,70,-1,0,66,2,-6.29241,-14.9503,1,0.509467
150,71,0,1,24,2,13.0145,-8.96514,4,0.799725
150,72,0,1,65,2,11.9058,9.89034,4,0.530024
151,0,-1,0,4294967295,1,-14.8093,-6.52554,1,0.378666
151,0,0,1,4294967295,1,-14.5789,-5.71418,8,1.1417
151,0,0,2,4294967295,1,-15.6274,-6.70005,8,1.14169
151,0,0,3,4294967295,1,-14.3221,-7.19751,8,1.1418
151,1,-1,0,4294967295,2,12.2288,11.3233,1,0.685346
151,1,0,1,4294967295,2,11.3858,11.7229,4,0.733668
151,1,1,2,4294967295,2,11.9577,10.5631,3,0.69301
151,1,1,3,4294967295,2,12.5521,12.3522,3,0.697987
151,6,-1,0,2,3,-17.3208,5.82579,1,0.538783
151,4,-1,0,0,1,-12.178,-9.15345,1,0.519921
151,6,0,4,2,3,-16.9675,4.62256,0,0.548614
151,6,4,5,2,3,-17.5778,3.43733,0,0.566079
151,6,5,6,2,3,-18.3921,2.47041,0,0.586963
151,6,6,7,2,3,-19.6825,2.38482,0,0.605702
151,6,7,8,2,3,-20.91,1.99124,0,0.616808
151,4,0,1,0,1,-13.0529,-9.45966,8,1.57731
151,4,0,2,0,1,-11.5643,-9.72174,8,1.55949
151,17,-1,0,3,4,1.85415,4.44057,1,0.129718
151,18,-1,0,9,4,5.36253,-14.1595,1,0.156967
151,17,0,4,3,4,1.39717,3.48344,2,0.129718
151,18,0,1,9,4,4.75724,-13.3711,4,0.160686
151,22,-1,0,1,2,-10.7879,2.09209,1,0.251269
151,22,0,1,1,2,-10.9982,1.23772,4,0.243044
151,18,1,2,9,4,4.35082,-14.5794,3,0.238112
151,22,1,2,1,2,-10.0054,2.12974,3,0.250552
151,18,1,3,9,4,6.02212,-13.6319,3,0.245208
151,22,1,3,1,2,-11.4552,2.49298,3,0.23815
151,24,-1,0,22,2,12.6482,-10.1159,1,0.351628
151,18,0,4,9,4,6.09043,-14.833,2,0.163161
151,24,0,1,22,2,13.3466,-9.72052,4,0.627494
151,18,4,5,9,4,6.4868,-15.4043,3,0.162018
151,24,1,2,22,2,11.9956,-9.21465,3,0.667408
151,24,1,3,22,2,12.6881,-10.8888,3,0.766021
151,27,-1,0,23,4,-13.8314,2.53581,1,0.233393
151,28,-1,0,24,2,-0.838144,-15.7114,1,0.520915
151,27,0,1,23,4,-14.3601,1.60776,4,0.226389
151,27,1,2,23,4,-13.0882,1.69819,3,0.231437
151,28,0,1,24,2,-0.161513,-16.3673,4,0.665364
151,27,1,3,23,4,-14.881,2.75094,3,0.21168
151,30,-1,0,9,4,-7.91304,-15.7693,1,0.394338
151,27,0,4,23,4,-13.301,3.38817,2,0.230096
151,30,0,1,9,4,-8.34275,-14.8694,4,0.405566
151,33,-1,0,17,4,-0.776791,3.11441,1,0.410392
151,30,1,2,9,4,-8.53319,-16.1535,3,0.378176
151,33,0,1,17,4,-1.31234,4.04293,4,0.38858
151,30,1,3,9,4,-7.20341,-15.3864,3,0.341935
151,33,1,2,17,4,-1.78791,2.88458,3,0.373804
151,30,0,4,9,4,-7.62778,-16.7523,2,0.357934
151,33,1,3,17,4,-0.0358786,3.85406,3,0.397959
151,30,4,5,9,4,-7.61721,-17.9666,3,0.334237
151,27,4,5,23,4,-12.7823,3.89245,3,0.22518
151,28,1,2,24,2,-0.282075,-15.0454,3,0.728504
151,33,0,4,17,4,-0.173665,2.26756,2,0.447062
151,37,-1,0,30,4,1.13839,-15.8841,1,0.227064
151,38,-1,0,27,4,-13.0377,2.35306,1,1.10326
151,33,4,5,17,4,0.149994,1.26056,3,0.410577
151,37,0,1,30,4,0.860137,-16.8804,4,0.217796
151,38,0,1,27,4,-12.6036,1.36888,4,1.09737
151,40,-1,0,33,4,0.0183004,2.99142,1,0.856718
151,37,1,2,30,4,1.98666,-16.3122,3,0.231471
151,28,1,3,24,2,-1.46283,-16.5114,3,0.74171
151,37,1,3,30,4,0.17797,-15.8158,3,0.20104
151,38,1,2,27,4,-12.2975,2.60073,3,1.0792
151,37,0,4,30,4,1.50821,-14.8688,2,0.227667
151,39,-1,0,22,2,-8.62615,-12.5137,1,0.463972
151,42,-1,0,17,4,2.68375,4.55784,1,0.491912
151,42,0,1,17,4,3.5031,5.17997,4,0.572978
151,42,1,2,17,4,2.29379,5.52108,3,0.493726
151,44,-1,0,24,2,18.7249,-5.30973,1,0.203038
151,38,1,3,27,4,-13.7458,1.93629,3,1.10326
151,42,1,3,17,4,3.2127,3.94107,3,0.438646
151,44,0,1,24,2,19.3441,-6.05719,4,0.194231
151,42,0,4,17,4,2.05147,3.76655,2,0.481436
151,4,0,3,0,1,-11.8174,-8.4042,8,1.55969
151,36,-1,0,1,2,14.8785,1.54731,1,0.194087
151,45,-1,0,4,1,-6.35922,-8.95283,1,0.418013
151,44,1,2,24,2,19.3168,-4.75118,3,0.202874
151,45,0,1,4,1,-6.84864,-8.26583,8,1.24402
151,45,0,2,4,1,-6.73386,-9.70067,8,1.24561
151,46,-1,0,28,2,1.05369,-22.8869,1,0.138804
151,45,0,3,4,1,-5.5302,-8.99281,8,1.2897
151,40,0,1,33,4,0.811062,2.3221,4,0.880149
151,46,0,1,28,2,1.54699,-23.66,4,0.130336
151,46,1,2,28,2,1.64793,-22.3537,3,0.123946
151,40,1,2,33,4,0.644585,3.57539,3,0.947679
151,46,1,3,28,2,0.249731,-23.3579,3,0.138778
151,40,1,3,33,4,-0.352448,1.72983,3,0.870556
151,37,4,5,30,4,2.06885,-14.0357,3,0.224509
151,40,0,4,33,4,-0.686981,3.75344,2,0.852228
151,48,-1,0,37,4,-0.101007,-3.69264,1,0.328704
151,49,-1,0,46,2,3.35306,-22.7488,1,0.086222
151,48,0,1,37,4,0.301698,-2.70845,4,0.310682
151,50,-1,0,4,1,-12.8871,-8.87696,1,0.205234
151,51,-1,0,6,3,-17.7982,5.17301,1,0.329989
151,49,0,1,46,2,3.29853,-23.66,4,0.0778238
151,48,1,2,37,4,-0.909068,-3.05667,3,0.303603
151,50,0,1,4,1,-13.7269,-8.96895,8,0.617867
151,49,1,2,46,2,4.1981,-22.7197,3,0.0776047
151,51,0,1,6,3,-18.7878,4.86866,4,0.293657
151,44,1,3,24,2,18.0361,-6.11641,3,0.185842
151,48,1,3,37,4,1.01461,-3.74201,3,0.306625
151,50,0,2,4,1,-12.4609,-9.68483,8,0.628578
151,51,1,2,6,3,-17.671,4.22831,3,0.280747
151,49,1,3,46,2,2.31753,-22.7809,3,0.0800646
151,52,-1,0,44,2,18.522,-4.47734,1,0.320623
151,48,0,4,37,4,-0.563631,-4.65348,2,0.336945
151,53,-1,0,28,2,-0.759486,-17.8884,1,0.524941
151,54,-1,0,49,2,2.90118,-22.0896,1,0.272
151,51,1,3,6,3,-18.2501,6.05549,3,0.286426
151,39,0,1,22,2,-8.15418,-13.2771,4,0.46218
151,48,4,5,37,4,-1.26927,-5.47706,3,0.33798
151,53,0,1,28,2,-0.583499,-18.7746,4,0.442276
151,50,0,3,4,1,-12.5344,-8.12711,8,0.617857
151,55,-1,0,48,4,0.357505,-4.35542,1,0.4172
151,39,1,2,22,2,-8.12015,-11.9322,3,0.454741
151,53,1,2,28,2,-0.00288058,-17.5908,3,0.515476
151,53,1,3,28,2,-1.61503,-17.8973,3,0.37293
151,39,1,3,22,2,-9.44963,-13.0692,3,0.460085
151,36,0,1,1,2,15.6264,2.07655,4,0.261132
151,52,0,1,44,2,19.2531,-3.87958,4,0.329881
151,36,1,2,1,2,14.3053,2.11579,3,0.134541
151,58,-1,0,46,2,0.70613,-22.1635,1,0.248267
151,36,1,3,1,2,15.4751,0.784629,3,0.205895
151,59,-1,0,24,2,8.03587,-13.7319,1,0.329102
151,52,1,2,44,2,17.9591,-3.74663,3,0.310602
151,59,0,1,24,2,8.67808,-13.0647,4,0.346403
151,60,-1,0,39,2,-7.80396,-12.6029,1,0.8502
151,61,-1,0,37,4,1.82419,-15.5348,1,0.2096
151,51,0,4,6,3,-16.5881,5.57516,0,0.360924
151,62,-1,0,28,2,-5.33785,-12.6754,1,0.505382
151,63,-1,0,22,2,-11.5586,1.75954,1,0.6864
151,59,1,2,24,2,7.37439,-13.232,3,0.344141
151,62,0,1,28,2,-6.21534,-12.3993,4,0.497792
151,61,0,1,37,4,2.62882,-16.1215,4,0.199867
151,62,1,2,28,2,-5.45135,-13.4641,3,0.505978
151,51,4,5,6,3,-15.2696,5.79838,0,0.38346
151,59,1,3,24,2,8.82507,-14.3754,3,0.304063
151,64,-1,0,53,2,-1.2905,-18.5184,1,0.991387
151,60,0,1,39,2,-7.16159,-11.9421,4,0.840467
151,62,1,3,28,2,-5.04741,-11.759,3,0.492327
151,65,-1,0,1,2,10.4969,8.59015,1,0.663925
151,66,-1,0,62,2,-6.33878,-13.9324,1,0.233023
151,65,0,1,1,2,9.67562,8.0736,4,0.74743
151,66,0,1,62,2,-5.45985,-14.2246,4,0.232297
151,51,5,6,6,3,-14.1636,6.46558,0,0.395356
151,65,1,2,1,2,10.9131,7.73035,3,0.76328
151,66,1,2,62,2,-6.63166,-14.8788,3,0.234906
151,65,1,3,1,2,9.86649,9.3533,3,0.820044
151,71,-1,0,24,2,12.6038,-9.39662,1,0.732175
151,72,-1,0,65,2,11.2826,8.8686,1,0.541051
151,73,-1,0,28,2,-1.6393,-15.5504,1,0.644484
151,70,-1,0,66,2,-6.01344,-14.6732,1,0.493467
151,71,0,1,24,2,13.2861,-8.99616,4,0.686322
151,72,0,1,65,2,11.7709,9.66728,4,0.528816
151,73,0,1,28,2,-1.55009,-14.6382,4,0.700583
151,71,1,2,24,2,12.0484,-9.84711,3,0.612169
152,0,-1,0,4294967295,1,-14.8093,-6.52549,1,0.372266
152,0,0,1,4294967295,1,-14.5789,-5.71412,8,1.12251
152,0,0,2,4294967295,1,-15.6274,-6.70005,8,1.12251
152,0,0,3,4294967295,1,-14.3221,-7.19745,8,1.12257
152,1,-1,0,4294967295,2,11.5531,11.5361,1,0.734202
152,1,0,1,4294967295,2,11.0692,12.323,4,0.755811
152,1,1,2,4294967295,2,10.9281,11.0108,3,0.731688
152,1,1,3,4294967295,2,12.3492,12.1221,3,0.81908
152,6,-1,0,2,3,-17.6031,5.79335,1,0.5359
152,4,-1,0,0,1,-12.178,-9.15351,1,0.524771
152,6,0,4,2,3,-17.3845,4.56592,0,0.542575
152,6,4,5,2,3,-17.9034,3.37977,0,0.554229
152,6,5,6,2,3,-18.5454,2.29456,0,0.567833
152,6,6,7,2,3,-19.8035,2.03796,0,0.579741
152,6,7,8,2,3,-20.9431,1.4498,0,0.586671
152,4,0,1,0,1,-13.0529,-9.45954,8,1.55898
152,4,0,2,0,1,-11.5646,-9.72226,8,1.54855
152,17,-1,0,3,4,2.46911,4.84848,1,0.113718
152,18,-1,0,9,4,4.91113,-13.528,1,0.175824
152,17,0,4,3,4,1.63188,4.25651,2,0.113718
152,18,0,1,9,4,4.59793,-12.5539,4,0.187759
152,22,-1,0,1,2,-10.8968,2.08264,1,0.221669
152,22,0,1,1,2,-10.7332,1.18802,4,0.21328
152,18,1,2,9,4,4.00738,-13.6528,3,0.183015
152,22,1,2,1,2,-10.141,2.36499,3,0.221526
152,18,1,3,9,4,5.63415,-13.3157,3,0.207092
152,22,1,3,1,2,-11.7184,2.07372,3,0.207313
152,24,-1,0,22,2,12.5637,-9.87329,1,0.546214
152,18,0,4,9,4,5.48814,-14.4059,2,0.160828
152,24,0,1,22,2,13.5089,-9.89844,4,0.598902
152,18,4,5,9,4,6.12885,-15.5724,3,0.149081
152,24,1,2,22,2,12.8459,-8.72391,3,0.635938
152,24,1,3,22,2,12.9511,-11.1286,3,0.626762
152,27,-1,0,23,4,-14.0159,1.90941,1,0.202164
152,28,-1,0,24,2,-0.7395,-16.0605,1,0.434978
152,27,0,1,23,4,-14.5859,1.07324,4,0.190904
152,27,1,2,23,4,-13.2783,1.0855,3,0.190323
152,28,0,1,24,2,-0.38292,-16.9124,4,0.547805
152,27,1,3,23,4,-14.8018,2.34331,3,0.189352
152,30,-1,0,9,4,-8.38983,-15.658,1,0.371642
152,27,0,4,23,4,-13.6595,2.84254,2,0.205441
152,30,0,1,9,4,-8.92026,-14.7653,4,0.400334
152,33,-1,0,17,4,-0.759973,3.31072,1,0.39046
152,30,1,2,9,4,-9.148,-16.0255,3,0.385482
152,33,0,1,17,4,-1.22348,4.25467,4,0.455589
152,30,1,3,9,4,-7.66229,-14.7127,3,0.526444
152,33,1,2,17,4,-1.90389,3.20309,3,0.351242
152,30,0,4,9,4,-8.07453,-16.6659,2,0.352825
152,33,1,3,17,4,0.0372138,3.8812,3,0.375666
152,30,4,5,9,4,-8.0957,-17.811,3,0.338077
152,27,4,5,23,4,-13.1348,3.71908,3,0.203917
152,28,1,2,24,2,-0.0305699,-15.6477,3,0.606764
152,33,0,4,17,4,-0.0726598,2.55767,2,0.393431
152,37,-1,0,30,4,1.3328,-16.2566,1,0.196537
152,38,-1,0,27,4,-13.1836,1.89127,1,1.08648
152,33,4,5,17,4,0.281837,1.94141,3,0.392592
152,37,0,1,30,4,1.10177,-17.2574,4,0.182228
152,38,0,1,27,4,-12.5127,1.10253,4,1.09092
152,40,-1,0,33,4,0.0129546,3.11341,1,0.860827
152,37,1,2,30,4,2.13277,-16.547,3,0.194406
152,28,1,3,24,2,-1.67654,-16.5733,3,0.626829
152,37,1,3,30,4,0.562699,-16.1288,3,0.163215
152,38,1,2,27,4,-12.4484,2.37642,3,1.0663
152,37,0,4,30,4,1.3215,-15.2519,2,0.201518
152,39,-1,0,22,2,-8.4342,-12.8228,1,0.465754
152,42,-1,0,17,4,3.27008,4.74294,1,0.523657
152,42,0,1,17,4,4.0473,5.40895,4,0.541704
152,42,1,2,17,4,2.80053,5.58407,3,0.573752
152,44,-1,0,24,2,19.1798,-5.2241,1,0.182636
152,38,1,3,27,4,-13.8272,1.18789,3,1.13172
152,42,1,3,17,4,3.8668,4.14812,3,0.530135
152,44,0,1,24,2,19.712,-6.02413,4,0.189766
152,42,0,4,17,4,2.54215,4.01518,2,0.507433
152,4,0,3,0,1,-11.8176,-8.40415,8,1.64011
152,36,-1,0,1,2,15.3366,1.62289,1,0.199514
152,45,-1,0,4,1,-6.34976,-8.95208,1,0.434242
152,44,1,2,24,2,19.9279,-4.73917,3,0.239956
152,45,0,1,4,1,-6.84103,-8.26652,8,1.2638
152,45,0,2,4,1,-6.72292,-9.70072,8,1.26473
152,46,-1,0,28,2,1.17179,-22.8615,1,0.108956
152,45,0,3,4,1,-5.52056,-8.98915,8,1.29056
152,40,0,1,33,4,0.679294,2.293,4,0.926085
152,46,0,1,28,2,1.61099,-23.66,4,0.100672
152,46,1,2,28,2,1.80602,-22.3661,3,0.0949299
152,40,1,2,33,4,0.900545,3.5085,3,0.864954
152,46,1,3,28,2,0.328322,-23.2932,3,0.108903
152,40,1,3,33,4,-0.619331,2.07349,3,0.858106
152,37,4,5,30,4,1.4517,-14.4801,3,0.19892
152,40,0,4,33,4,-0.622942,3.93549,2,0.846669
152,48,-1,0,37,4,0.0556992,-3.20084,1,0.296096
152,49,-1,0,46,2,3.45407,-22.7426,1,0.0562386
152,48,0,1,37,4,0.479814,-2.28016,4,0.274559
152,50,-1,0,4,1,-12.8869,-8.87695,1,0.214245
152,51,-1,0,6,3,-18.1306,5.17818,1,0.30488
152,49,0,1,46,2,3.45006,-23.66,4,0.0477076
152,48,1,2,37,4,-0.748372,-2.60649,3,0.264297
152,50,0,1,4,1,-13.7267,-8.96919,8,0.635007
152,49,1,2,46,2,4.26804,-22.6434,3,0.0476508
152,51,0,1,6,3,-19.1498,5.05482,4,0.272257
152,44,1,3,24,2,18.3941,-6.0529,3,0.161498
152,48,1,3,37,4,0.953797,-3.45461,3,0.270271
152,50,0,2,4,1,-12.4606,-9.68481,8,0.641283
152,51,1,2,6,3,-18.1777,4.19385,3,0.259194
152,49,1,3,46,2,2.50302,-22.746,3,0.0495839
152,52,-1,0,44,2,18.9214,-4.42701,1,0.293912
152,48,0,4,37,4,-0.361672,-4.10891,2,0.306761
152,53,-1,0,28,2,-0.520729,-18.219,1,0.449478
152,54,-1,0,49,2,3.06682,-22.0396,1,0.256
152,51,1,3,6,3,-18.3737,6.10561,3,0.268177
152,39,0,1,22,2,-7.93683,-13.5825,4,0.457998
152,48,4,5,37,4,-0.818984,-4.66776,3,0.306975
152,53,0,1,28,2,-0.46186,-19.1275,4,0.431226
152,50,0,3,4,1,-12.5345,-8.12693,8,0.635001
152,55,-1,0,48,4,0.369954,-3.95893,1,0.4012
152,39,1,2,22,2,-7.90187,-12.2482,3,0.451525
152,53,1,2,28,2,0.296102,-18.0515,3,0.447587
152,53,1,3,28,2,-1.49528,-18.2371,3,0.407358
152,39,1,3,22,2,-9.22991,-13.3779,3,0.463425
152,36,0,1,1,2,15.971,2.28739,4,0.211534
152,52,0,1,44,2,19.5995,-3.78856,4,0.283563
152,36,1,2,1,2,14.6676,2.09173,3,0.18749
152,58,-1,0,46,2,0.744396,-22.1869,1,0.232267
152,36,1,3,1,2,16.0994,0.985904,3,0.320404
152,59,-1,0,24,2,8.33443,-13.1793,1,0.337268
152,52,1,2,44,2,18.2925,-3.84106,3,0.282401
152,59,0,1,24,2,8.67579,-12.3202,4,0.468951
152,60,-1,0,39,2,-7.61637,-12.8742,1,0.937806
152,61,-1,0,37,4,2.06751,-15.8468,1,0.1776
152,51,0,4,6,3,-16.8838,5.40819,0,0.332067
152,62,-1,0,28,2,-5.6419,-12.1604,1,0.506025
152,63,-1,0,22,2,-11.4215,1.44008,1,0.6704
152,59,1,2,24,2,7.5353,-12.9842,3,0.340272
152,62,0,1,28,2,-6.53222,-12.3641,4,0.525231
152,61,0,1,37,4,2.92792,-16.4013,4,0.167867
152,62,1,2,28,2,-5.34941,-12.9385,3,0.506144
152,51,4,5,6,3,-15.5452,5.58965,0,0.351558
152,59,1,3,24,2,9.24383,-13.5144,3,0.516358
152,64,-1,0,53,2,-1.09148,-18.8,1,0.975387
152,60,0,1,39,2,-7.1994,-12.04,4,0.928861
152,62,1,3,28,2,-5.89613,-11.1944,3,0.696005
152,65,-1,0,1,2,9.88303,8.47618,1,0.656858
152,66,-1,0,62,2,-6.13696,-14.0858,1,0.204613
152,65,0,1,1,2,9.07699,7.91372,4,0.617086
152,66,0,1,62,2,-5.27472,-13.8166,4,0.195233
152,51,5,6,6,3,-14.3957,6.19565,0,0.361751
152,65,1,2,1,2,10.3256,7.69621,3,0.61825
152,66,1,2,62,2,-5.99796,-14.9842,3,0.197677
152,65,1,3,1,2,8.92366,9.19391,3,0.651892
152,71,-1,0,24,2,12.8513,-9.16002,1,0.683473
152,72,-1,0,65,2,10.8337,8.39644,1,0.507957
152,73,-1,0,28,2,-1.51898,-15.8241,1,0.656062
152,70,-1,0,66,2,-5.46137,-14.5495,1,0.477467
152,71,0,1,24,2,13.2992,-8.32425,4,0.72769
152,72,0,1,65,2,11.3202,9.22708,4,0.49954
152,73,0,1,28,2,-1.6446,-14.9307,4,0.677749
152,71,1,2,24,2,12.0466,-8.88089,3,0.659504
152,72,1,2,65,2,10.2786,8.52395,3,0.503837
152,73,1,2,28,2,-2.45087,-16.002,3,0.581521
153,0,-1,0,4294967295,1,-14.8093,-6.52546,1,0.365866
153,0,0,1,4294967295,1,-14.579,-5.7141,8,1.10332
153,0,0,2,4294967295,1,-15.6274,-6.70002,8,1.10332
153,0,0,3,4294967295,1,-14.3221,-7.19741,8,1.10336
153,1,-1,0,4294967295,2,10.98,11.8622,1,0.757428
153,1,0,1,4294967295,2,10.5883,12.7,4,0.754051
153,1,1,2,4294967295,2,10.2781,11.4223,3,0.756926
153,1,1,3,4294967295,2,11.8612,12.4367,3,0.752109
153,6,-1,0,2,3,-17.8039,5.78501,1,0.528662
153,4,-1,0,0,1,-12.178,-9.15348,1,0.519118
153,6,0,4,2,3,-17.7768,4.54354,0,0.533064
153,6,4,5,2,3,-18.3023,3.36643,0,0.540706
153,6,5,6,2,3,-18.7274,2.18796,0,0.54956
153,6,6,7,2,3,-19.8963,1.69377,0,0.557253
153,6,7,8,2,3,-20.9189,0.937821,0,0.561706
153,4,0,1,0,1,-13.0529,-9.45956,8,1.54929
153,4,0,2,0,1,-11.5644,-9.72196,8,1.54317
153,17,-1,0,3,4,2.97816,5.13708,1,0.0977181
153,18,-1,0,9,4,4.78981,-13.0707,1,0.152666
153,17,0,4,3,4,1.96873,4.9196,2,0.0977181
153,18,0,1,9,4,4.64092,-12.0257,4,0.147894
153,22,-1,0,1,2,-10.8983,1.94209,1,0.192232
153,22,0,1,1,2,-10.4675,1.13633,4,0.184314
153,18,1,2,9,4,3.63,-12.7863,3,0.135621
153,22,1,2,1,2,-10.2429,2.42807,3,0.188892
153,18,1,3,9,4,5.62262,-12.82,3,0.163108
153,22,1,3,1,2,-11.7788,1.47162,3,0.183005
153,24,-1,0,22,2,12.7,-10.0161,1,0.355355
153,18,0,4,9,4,5.09408,-14.0962,2,0.167541
153,24,0,1,22,2,13.6426,-9.93131,4,0.460173
153,18,4,5,9,4,5.18267,-15.0861,3,0.232069
153,24,1,2,22,2,12.5326,-9.26454,3,0.554709
153,24,1,3,22,2,12.7915,-10.9403,3,0.490135
153,27,-1,0,23,4,-14.1725,1.40489,1,0.173241
153,28,-1,0,24,2,-0.828154,-16.6089,1,0.198124
153,27,0,1,23,4,-14.7544,0.515533,4,0.159742
153,27,1,2,23,4,-13.4648,0.390255,3,0.151796
153,28,0,1,24,2,-0.578711,-17.4883,4,0.601773
153,27,1,3,23,4,-14.8393,1.78352,3,0.164386
153,30,-1,0,9,4,-9.00111,-15.4661,1,0.391826
153,27,0,4,23,4,-13.7757,2.40724,2,0.178581
153,30,0,1,9,4,-9.70182,-14.7187,4,0.499551
153,33,-1,0,17,4,-0.627823,3.60353,1,0.406295
153,30,1,2,9,4,-9.668,-16,3,0.418869
153,33,0,1,17,4,-1.02722,4.5946,4,0.40913
153,30,1,3,9,4,-8.45746,-14.5928,3,0.421692
153,33,1,2,17,4,-1.66725,3.51792,3,0.391172
153,30,0,4,9,4,-8.41367,-16.303,2,0.356226
153,33,1,3,17,4,0.230215,4.25232,3,0.428686
153,30,4,5,9,4,-8.20158,-16.9837,3,0.335704
153,27,4,5,23,4,-13.1257,3.56431,3,0.176047
153,28,1,2,24,2,0.0717308,-16.3578,3,0.598107
153,33,0,4,17,4,-0.154945,2.62501,2,0.40968
153,37,-1,0,30,4,1.46419,-16.8606,1,0.19832
153,38,-1,0,27,4,-13.3997,1.54611,1,1.06639
153,33,4,5,17,4,-0.0141026,1.23101,3,0.47659
153,37,0,1,30,4,1.62739,-17.9013,4,0.254969
153,38,0,1,27,4,-12.7257,0.77286,4,1.05976
153,40,-1,0,33,4,0.105156,3.35767,1,0.917455
153,37,1,2,30,4,2.40256,-16.8926,3,0.201618
153,28,1,3,24,2,-1.76037,-16.8897,3,0.735399
153,37,1,3,30,4,0.577491,-17.2121,3,0.170629
153,38,1,2,27,4,-12.7308,2.04271,3,1.04684
153,37,0,4,30,4,1.27751,-15.8043,2,0.185264
153,39,-1,0,22,2,-8.25415,-13.1516,1,0.43573
153,42,-1,0,17,4,3.78754,4.9766,1,0.526554
153,42,0,1,17,4,4.68732,5.49446,4,0.573172
153,42,1,2,17,4,3.49329,5.88093,3,0.703731
153,44,-1,0,24,2,19.601,-5.27005,1,0.183037
153,38,1,3,27,4,-14.0198,0.745129,3,1.07542
153,42,1,3,17,4,4.27757,4.29502,3,0.567906
153,44,0,1,24,2,20.2821,-5.89774,4,0.227897
153,42,0,4,17,4,2.95906,4.35767,2,0.511611
153,4,0,3,0,1,-11.8173,-8.40422,8,1.59683
153,36,-1,0,1,2,15.7616,1.7533,1,0.212691
153,45,-1,0,4,1,-6.34325,-8.95132,1,0.417259
153,44,1,2,24,2,20.0447,-4.62131,3,0.193473
153,45,0,1,4,1,-6.83589,-8.26667,8,1.25195
153,45,0,2,4,1,-6.71459,-9.70081,8,1.25249
153,46,-1,0,28,2,1.25878,-22.8315,1,0.0793367
153,45,0,3,4,1,-5.51402,-8.98713,8,1.26763
153,40,0,1,33,4,0.547177,2.40959,4,0.851514
153,46,0,1,28,2,1.65144,-23.66,4,0.0710898
153,46,1,2,28,2,1.94057,-22.3865,3,0.0665738
153,40,1,2,33,4,1.17828,3.51545,3,0.831027
153,46,1,3,28,2,0.387362,-23.2421,3,0.0780141
153,40,1,3,33,4,-0.772041,2.42596,3,0.837061
153,37,4,5,30,4,1.34704,-14.4312,3,0.17815
153,40,0,4,33,4,-0.383776,4.29387,2,0.865832
153,48,-1,0,37,4,0.31958,-2.56607,1,0.263004
153,49,-1,0,46,2,3.60534,-22.7454,1,0.0261122
153,48,0,1,37,4,0.893784,-1.67089,4,0.239918
153,50,-1,0,4,1,-12.8871,-8.87709,1,0.204448
153,51,-1,0,6,3,-18.4137,5.24501,1,0.279735
153,49,0,1,46,2,3.62949,-23.66,4,0.0175244
153,48,1,2,37,4,-0.300029,-2.02883,3,0.227987
153,50,0,1,4,1,-13.727,-8.96909,8,0.617805
153,49,1,2,46,2,4.40839,-22.6114,3,0.0165808
153,51,0,1,6,3,-19.441,5.29393,4,0.24979
153,44,1,3,24,2,18.9541,-5.98851,3,0.168834
153,48,1,3,37,4,1.14341,-2.88378,3,0.235893
153,50,0,2,4,1,-12.4609,-9.68497,8,0.621482
153,51,1,2,6,3,-18.6871,4.23751,3,0.234076
153,49,1,3,46,2,2.65856,-22.764,3,0.0201961
153,52,-1,0,44,2,19.3191,-4.50425,1,0.26135
153,48,0,4,37,4,-0.23115,-3.49315,2,0.275685
153,53,-1,0,28,2,-0.389443,-18.5692,1,0.412243
153,54,-1,0,49,2,3.20874,-22.0498,1,0.24
153,51,1,3,6,3,-18.513,6.21845,3,0.250353
153,39,0,1,22,2,-7.70383,-13.8331,4,0.427516
153,48,4,5,37,4,-1.03274,-4.59234,3,0.277772
153,53,0,1,28,2,-0.256364,-19.4676,4,0.402566
153,50,0,3,4,1,-12.5344,-8.1273,8,0.617801
153,55,-1,0,48,4,0.54846,-3.33619,1,0.3852
153,39,1,2,22,2,-7.96031,-12.5064,3,0.429336
153,53,1,2,28,2,0.378564,-18.3145,3,0.410443
153,53,1,3,28,2,-1.33073,-18.6258,3,0.39661
153,39,1,3,22,2,-9.00072,-13.6561,3,0.427949
153,36,0,1,1,2,16.1554,2.58525,4,0.227103
153,52,0,1,44,2,20.0218,-3.87906,4,0.25135
153,36,1,2,1,2,14.9754,2.00331,3,0.208167
153,58,-1,0,46,2,0.767765,-22.1978,1,0.216267
153,36,1,3,1,2,16.7279,1.4013,3,0.274306
153,59,-1,0,24,2,8.65485,-12.5781,1,0.542402
153,52,1,2,44,2,18.7205,-3.96352,3,0.250882
153,59,0,1,24,2,8.44361,-11.6733,4,0.633116
153,60,-1,0,39,2,-7.42746,-13.062,1,0.906185
153,61,-1,0,37,4,1.94064,-16.2127,1,0.203194
153,51,0,4,6,3,-17.1506,5.28187,0,0.304199
153,62,-1,0,28,2,-5.99424,-11.8095,1,0.518749
153,63,-1,0,22,2,-11.158,1.17447,1,0.6544
153,59,1,2,24,2,7.84184,-12.8504,3,0.580832
153,62,0,1,28,2,-6.52623,-12.5727,4,0.521585
153,61,0,1,37,4,2.94272,-16.1951,4,0.198273
153,62,1,2,28,2,-5.2254,-12.2969,3,0.518773
153,51,4,5,6,3,-15.8123,5.31579,0,0.321495
153,59,1,3,24,2,9.68411,-12.1753,3,0.725754
153,64,-1,0,53,2,-0.90938,-19.1944,1,0.959387
153,60,0,1,39,2,-7.26422,-12.1472,4,0.896482
153,62,1,3,28,2,-7.04971,-11.3309,3,0.534619
153,65,-1,0,1,2,8.97381,7.94272,1,0.417957
153,66,-1,0,62,2,-5.87804,-14.2749,1,0.175332
153,65,0,1,1,2,8.07318,7.7136,4,0.577372
153,66,0,1,62,2,-5.20985,-13.6687,4,0.168243
153,51,5,6,6,3,-14.6908,5.95342,0,0.330465
153,65,1,2,1,2,9.25738,7.17917,3,0.745465
153,66,1,2,62,2,-5.47806,-15.0037,3,0.173947
153,65,1,3,1,2,8.64584,8.90544,3,0.592697
153,71,-1,0,24,2,13.6772,-8.45932,1,0.658306
153,72,-1,0,65,2,10.7712,8.19714,1,0.482122
153,73,-1,0,28,2,-1.47484,-15.8249,1,0.619212
153,70,-1,0,66,2,-5.06183,-14.3843,1,0.461467
153,71,0,1,24,2,13.6308,-7.52796,4,0.677572
153,72,0,1,65,2,11.2061,9.01556,4,0.475173
153,73,0,1,28,2,-1.68514,-14.9397,4,0.592477
153,71,1,2,24,2,12.4325,-8.17461,3,0.686597
153,72,1,2,65,2,9.86634,8.93817,3,0.481299
153,73,1,2,28,2,-2.19338,-16.1555,3,0.604323
153,71,1,3,24,2,14.5913,-8.44428,3,0.792321
153,72,1,3,65,2,11.7959,7.87032,3,0.469605
153,73,1,3,28,2,-0.835078,-15.9386,3,0.529722
154,0,-1,0,4294967295,1,-14.8093,-6.52546,1,0.359466
154,0,0,1,4294967295,1,-14.579,-5.71409,8,1.08413
154,0,0,2,4294967295,1,-15.6274,-6.70002,8,1.08412
154,0,0,3,4294967295,1,-14.3221,-7.19741,8,1.08415
154,1,-1,0,4294967295,2,10.5033,12.3641,1,0.838042
154,1,0,1,4294967295,2,9.83541,13.0039,4,1.08797
154,1,1,2,4294967295,2,10.0098,11.6956,3,0.837942
154,1,1,3,4294967295,2,11.1251,13.1879,3,0.955662
154,6,-1,0,2,3,-18.004,5.77278,1,0.51841
154,4,-1,0,0,1,-12.178,-9.15355,1,0.512721
154,6,0,4,2,3,-18.0892,4.52918,0,0.521287
154,6,4,5,2,3,-18.635,3.3437,0,0.526272
154,6,5,6,2,3,-18.9637,2.11952,0,0.532035
154,6,6,7,2,3,-20.0225,1.4025,0,0.53703
154,6,7,8,2,3,-20.8536,0.427107,0,0.539917
154,4,0,1,0,1,-13.0529,-9.45963,8,1.53581
154,4,0,2,0,1,-11.5645,-9.72207,8,1.53222
154,17,-1,0,3,4,3.52844,5.51014,1,0.0817181
154,18,-1,0,9,4,4.70854,-12.5231,1,0.197435
154,17,0,4,3,4,2.50643,5.45077,2,0.0817181
154,18,0,1,9,4,5.00104,-11.5581,4,0.232504
154,22,-1,0,1,2,-10.8667,1.71944,1,0.163147
154,22,0,1,1,2,-10.2813,1.01648,4,0.154991
154,18,1,2,9,4,3.85209,-12.0858,3,0.204645
154,22,1,2,1,2,-10.2937,2.32206,3,0.151399
154,18,1,3,9,4,5.6236,-12.689,3,0.30529
154,22,1,3,1,2,-11.6327,1.06977,3,0.160722
154,24,-1,0,22,2,12.8756,-10.0597,1,0.434023
154,18,0,4,9,4,4.51167,-13.5122,2,0.17902
154,24,0,1,22,2,13.7824,-10.0258,4,0.484257
154,18,4,5,9,4,4.21025,-14.2463,3,0.172171
154,24,1,2,22,2,12.6453,-9.35385,3,0.455379
154,24,1,3,22,2,12.7873,-10.909,3,0.593038
154,27,-1,0,23,4,-14.3038,1.17262,1,0.144521
154,28,-1,0,24,2,-0.599322,-17.4523,1,0.555115
154,27,0,1,23,4,-14.9263,0.345259,4,0.129769
154,27,1,2,23,4,-13.6616,0.0391346,3,0.119966
154,28,0,1,24,2,-0.803399,-18.3438,4,0.616892
154,27,1,3,23,4,-15.1787,1.5979,3,0.135402
154,30,-1,0,9,4,-9.78248,-15.1862,1,0.405651
154,27,0,4,23,4,-13.8084,2.04086,2,0.151598
154,30,0,1,9,4,-10.7105,-14.7697,4,0.540102
154,33,-1,0,17,4,-0.478732,3.75553,1,0.395222
154,30,1,2,9,4,-10.0654,-15.8684,3,0.52965
154,33,0,1,17,4,-0.699119,4.81004,4,0.373015
154,30,1,3,9,4,-9.47497,-14.5293,3,0.416299
154,33,1,2,17,4,-1.45469,3.81635,3,0.359799
154,30,0,4,9,4,-8.84862,-15.6467,2,0.360077
154,33,1,3,17,4,0.536952,4.45215,3,0.374062
154,30,4,5,9,4,-7.92791,-16.5949,3,0.341668
154,27,4,5,23,4,-13.338,2.5057,3,0.150367
154,28,1,2,24,2,0.222355,-17.5221,3,0.574099
154,33,0,4,17,4,-0.218471,2.73204,2,0.427919
154,37,-1,0,30,4,1.65391,-17.2514,1,0.17824
154,38,-1,0,27,4,-13.4707,1.07704,1,1.03664
154,33,4,5,17,4,-0.254529,1.85764,3,0.511139
154,37,0,1,30,4,2.145,-18.1967,4,0.266272
154,38,0,1,27,4,-12.8394,0.238642,4,1.02696
154,40,-1,0,33,4,0.152115,3.25864,1,0.842614
154,37,1,2,30,4,2.60586,-17.028,3,0.17895
154,28,1,3,24,2,-1.53692,-17.2383,3,0.617385
154,37,1,3,30,4,0.918796,-18.0813,3,0.156275
154,38,1,2,27,4,-12.6367,1.48846,3,1.01846
154,37,0,4,30,4,1.26778,-16.2724,2,0.171022
154,39,-1,0,22,2,-8.21985,-13.4638,1,0.432567
154,42,-1,0,17,4,4.26997,5.18094,1,0.756243
154,42,0,1,17,4,5.23752,5.54182,4,0.763658
154,42,1,2,17,4,4.13129,6.16359,3,0.677656
154,44,-1,0,24,2,20.0501,-5.25697,1,0.282752
154,38,1,3,27,4,-14.0827,0.510571,3,1.03364
154,42,1,3,17,4,4.67077,4.42163,3,0.658526
154,44,0,1,24,2,20.6649,-5.9569,4,0.167544
154,42,0,4,17,4,3.33261,4.74194,2,0.72502
154,4,0,3,0,1,-11.8175,-8.40428,8,1.56366
154,36,-1,0,1,2,16.1223,1.99787,1,0.201306
154,45,-1,0,4,1,-6.33857,-8.95091,1,0.423541
154,44,1,2,24,2,20.6124,-4.64856,3,0.160758
154,45,0,1,4,1,-6.83213,-8.26696,8,1.27076
154,45,0,2,4,1,-6.70909,-9.70084,8,1.27108
154,46,-1,0,28,2,1.34553,-22.8129,1,0.0496671
154,45,0,3,4,1,-5.50927,-8.98539,8,1.27995
154,40,0,1,33,4,0.397411,2.25447,4,0.817909
154,46,0,1,28,2,1.692,-23.66,4,0.0413591
154,46,1,2,28,2,2.0547,-22.4062,3,0.0380065
154,40,1,2,33,4,1.08168,3.33484,3,0.816363
154,46,1,3,28,2,0.445237,-23.1931,3,0.0469934
154,40,1,3,33,4,-0.827493,2.70466,3,0.80425
154,37,4,5,30,4,1.22481,-15.427,3,0.165673
154,40,0,4,33,4,-0.101583,4.25446,2,0.854138
154,48,-1,0,37,4,0.535244,-2.14422,1,0.243054
154,49,-1,0,46,2,3.77802,-22.7431,1,0
154,48,0,1,37,4,1.04925,-1.22235,4,0.232962
154,50,-1,0,4,1,-12.887,-8.87708,1,0.209842
154,51,-1,0,6,3,-18.7152,5.38638,1,0.254152
154,49,0,1,46,2,3.79252,-23.66,4,0
154,48,1,2,37,4,-0.209356,-1.35564,3,0.215182
154,50,0,1,4,1,-13.7268,-8.96912,8,0.608511
154,49,1,2,46,2,4.59691,-22.6185,3,0
154,51,0,1,6,3,-19.7069,5.67611,4,0.225241
154,44,1,3,24,2,19.3309,-5.99173,3,0.165948
154,48,1,3,37,4,1.65251,-2.32418,3,0.246267
154,50,0,2,4,1,-12.4608,-9.68499,8,0.690675
154,51,1,2,6,3,-19.2516,4.4674,3,0.204746
154,49,1,3,46,2,2.77451,-22.8005,3,0
154,52,-1,0,44,2,19.6674,-4.53278,1,0.229877
154,48,0,4,37,4,-0.0467378,-3.01579,2,0.248106
154,53,-1,0,28,2,-0.296237,-18.9664,1,0.401022
154,54,-1,0,49,2,3.32375,-22.083,1,0.224
154,51,1,3,6,3,-18.5805,6.34508,3,0.229629
154,39,0,1,22,2,-7.35687,-13.8632,4,0.433546
154,48,4,5,37,4,-0.761774,-3.60756,3,0.249182
154,53,0,1,28,2,-0.105012,-19.8589,4,0.403524
154,50,0,3,4,1,-12.5344,-8.12721,8,0.608509
154,55,-1,0,48,4,0.809608,-2.90882,1,0.3692
154,39,1,2,22,2,-7.9961,-12.6839,3,0.43129
154,53,1,2,28,2,0.380372,-18.6548,3,0.399433
154,53,1,3,28,2,-1.16333,-19.0114,3,0.421315
154,39,1,3,22,2,-8.57211,-14.2437,3,0.416018
154,36,0,1,1,2,16.3769,2.88658,4,0.196746
154,52,0,1,44,2,20.2901,-3.85318,4,0.221036
154,36,1,2,1,2,15.3138,2.13527,3,0.183885
154,58,-1,0,46,2,0.800678,-22.2264,1,0.200267
154,36,1,3,1,2,17.0924,1.7883,3,0.213613
154,59,-1,0,24,2,8.88714,-11.826,1,0.738067
154,52,1,2,44,2,18.9823,-3.98451,3,0.223097
154,59,0,1,24,2,8.1694,-11.2255,4,0.773735
154,60,-1,0,39,2,-7.47528,-13.2508,1,0.874199
154,61,-1,0,37,4,1.98255,-16.5041,1,0.230677
154,51,0,4,6,3,-17.4579,5.19234,0,0.276943
154,62,-1,0,28,2,-6.50198,-11.7624,1,0.495263
154,63,-1,0,22,2,-10.9614,0.912493,1,0.6384
154,59,1,2,24,2,8.32257,-12.5178,3,0.695703
154,62,0,1,28,2,-6.34441,-12.6732,4,0.486467
154,61,0,1,37,4,2.84341,-15.989,4,0.22679
154,62,1,2,28,2,-5.61041,-11.565,3,0.495268
154,51,4,5,6,3,-16.1144,5.11894,0,0.292736
154,59,1,3,24,2,9.46682,-10.9245,3,0.740004
154,64,-1,0,53,2,-0.792882,-19.5974,1,1.06339
154,60,0,1,39,2,-6.98131,-12.5128,4,0.864467
154,62,1,3,28,2,-7.57442,-12.0749,3,0.476074
154,65,-1,0,1,2,7.99577,7.4022,1,0.602561
154,66,-1,0,62,2,-5.68323,-14.3665,1,0.211189
154,65,0,1,1,2,7.19919,7.88806,4,0.745114
154,66,0,1,62,2,-5.15974,-13.6294,4,0.221444
154,51,5,6,6,3,-14.9412,5.67087,0,0.300843
154,65,1,2,1,2,7.66086,6.65456,3,0.927759
154,66,1,2,62,2,-5.03967,-14.9897,3,0.24489
154,65,1,3,1,2,8.43158,8.35729,3,0.637463
154,71,-1,0,24,2,13.8314,-7.62598,1,0.443289
154,72,-1,0,65,2,10.7547,8.61189,1,0.62335
154,73,-1,0,28,2,-1.53793,-15.6672,1,0.573267
154,70,-1,0,66,2,-4.86953,-14.2723,1,0.445467
154,71,0,1,24,2,13.7093,-6.63031,4,0.600805
154,72,0,1,65,2,11.1897,9.39882,4,0.601165
154,73,0,1,28,2,-1.94408,-14.8159,4,0.5765
154,71,1,2,24,2,13.0379,-7.70767,3,0.719883
154,72,1,2,65,2,10.0276,8.73315,3,0.536607
154,73,1,2,28,2,-2.42154,-16.0391,3,0.570224
154,71,1,3,24,2,14.8984,-7.17306,3,0.719926
154,72,1,3,65,2,11.6731,8.20126,3,0.486184
154,73,1,3,28,2,-0.610809,-14.9396,3,0.612825
154,75,-1,0,71,2,13.3596,-8.36801,1,0.508267
155,0,-1,0,4294967295,1,-14.8093,-6.52546,1,0.353066
155,0,0,1,4294967295,1,-14.579,-5.71409,8,1.06493
155,0,0,2,4294967295,1,-15.6274,-6.70002,8,1.06493
155,0,0,3,4294967295,1,-14.3221,-7.19741,8,1.06494
155,1,-1,0,4294967295,2,9.99621,12.9251,1,0.588418
155,1,0,1,4294967295,2,9.0726,13.0369,4,0.882922
155,1,1,2,4294967295,2,9.97913,12.0734,3,1.03714
155,1,1,3,4294967295,2,9.93968,14.0257,3,1.12024
155,6,-1,0,2,3,-18.2357,5.79657,1,0.506161
155,4,-1,0,0,1,-12.178,-9.1536,1,0.52857
155,6,0,4,2,3,-18.3712,4.54504,0,0.508035
155,6,4,5,2,3,-18.9351,3.33689,0,0.511282
155,6,5,6,2,3,-19.2184,2.07713,0,0.515033
155,6,6,7,2,3,-20.1454,1.17394,0,0.518282
155,6,7,8,2,3,-20.7128,0.0123476,0,0.520158
155,4,0,1,0,1,-13.0529,-9.45964,8,1.53404
155,4,0,2,0,1,-11.5645,-9.72226,8,1.53194
155,17,-1,0,3,4,4.02189,5.77741,1,0.0657181
155,18,-1,0,9,4,4.83951,-11.912,1,0.204178
155,17,0,4,3,4,3.01024,5.83836,2,0.0657181
155,18,0,1,9,4,5.5495,-11.1368,4,0.216571
155,22,-1,0,1,2,-10.69,1.44517,1,0.133062
155,22,0,1,1,2,-10.1505,0.715432,4,0.124161
155,18,1,2,9,4,4.2909,-11.2123,3,0.212985
155,22,1,2,1,2,-10.1153,2.02158,3,0.116484
155,18,1,3,9,4,5.46114,-12.3801,3,0.231079
155,22,1,3,1,2,-11.4758,0.962713,3,0.132578
155,24,-1,0,22,2,13.0256,-9.96922,1,0.522757
155,18,0,4,9,4,4.23941,-12.8024,2,0.184576
155,24,0,1,22,2,13.9206,-10.2389,4,0.517368
155,18,4,5,9,4,3.30468,-13.8231,3,0.168034
155,24,1,2,22,2,13.2557,-9.11278,3,0.531882
155,24,1,3,22,2,12.8934,-11.0993,3,0.515073
155,27,-1,0,23,4,-14.458,0.736363,1,0.115255
155,28,-1,0,24,2,-0.431895,-18.0982,1,0.653147
155,27,0,1,23,4,-15.1653,-0.00846083,4,0.0995204
155,27,1,2,23,4,-13.8779,-0.202469,3,0.0938847
155,28,0,1,24,2,-1.07195,-18.7731,4,0.579837
155,27,1,3,23,4,-15.1207,1.25859,3,0.0995696
155,30,-1,0,9,4,-10.2962,-15.1673,1,0.414007
155,27,0,4,23,4,-13.8289,1.51556,2,0.123265
155,30,0,1,9,4,-11.2813,-14.7653,4,0.476715
155,33,-1,0,17,4,-0.358609,3.93556,1,0.427975
155,30,1,2,9,4,-11.0408,-15.9958,3,0.524275
155,33,0,1,17,4,-0.429071,4.98068,4,0.383307
155,30,1,3,9,4,-10.1745,-14.1416,3,0.627129
155,33,1,2,17,4,-1.30513,4.06826,3,0.367454
155,30,0,4,9,4,-9.25752,-15.4336,2,0.374437
155,33,1,3,17,4,0.767604,4.48163,3,0.367359
155,30,4,5,9,4,-8.31678,-15.7805,3,0.352659
155,27,4,5,23,4,-12.9087,2.24068,3,0.124526
155,28,1,2,24,2,0.198952,-18.5209,3,0.555986
155,33,0,4,17,4,-0.267636,2.91324,2,0.460375
155,37,-1,0,30,4,2.13483,-17.6781,1,0.160036
155,38,-1,0,27,4,-13.6387,0.644197,1,1.00331
155,33,4,5,17,4,-0.401749,2.05511,3,0.468604
155,37,0,1,30,4,2.83475,-18.4136,4,0.153326
155,38,0,1,27,4,-13.1653,-0.293813,4,0.992123
155,40,-1,0,33,4,0.195637,3.3547,1,0.855122
155,37,1,2,30,4,2.88493,-17.146,3,0.161405
155,28,1,3,24,2,-1.24567,-17.4445,3,0.576257
155,37,1,3,30,4,1.58451,-18.2433,3,0.144044
155,38,1,2,27,4,-12.6392,0.864899,3,0.988868
155,37,0,4,30,4,1.35975,-17.0442,2,0.156705
155,39,-1,0,22,2,-8.04674,-13.8964,1,0.404706
155,42,-1,0,17,4,4.76197,5.44279,1,0.75733
155,42,0,1,17,4,5.71939,5.83456,4,0.724187
155,42,1,2,17,4,4.54452,6.30409,3,0.723399
155,44,-1,0,24,2,20.4676,-5.24117,1,0.184859
155,38,1,3,27,4,-14.4144,0.0400178,3,0.991528
155,42,1,3,17,4,5.32051,4.64476,3,0.697747
155,44,0,1,24,2,20.854,-6.09121,4,0.161353
155,42,0,4,17,4,3.79913,5.05836,2,0.763089
155,4,0,3,0,1,-11.8174,-8.4043,8,1.72587
155,36,-1,0,1,2,16.3609,2.41641,1,0.1729
155,45,-1,0,4,1,-6.33533,-8.95055,1,0.428289
155,44,1,2,24,2,21.2407,-4.84306,3,0.148447
155,45,0,1,4,1,-6.82956,-8.26709,8,1.26354
155,45,0,2,4,1,-6.70502,-9.70087,8,1.34059
155,46,-1,0,28,2,1.43884,-22.7958,1,0.0199043
155,45,0,3,4,1,-5.506,-8.98433,8,1.26892
155,40,0,1,33,4,0.364943,2.34002,4,0.817521
155,46,0,1,28,2,1.74751,-23.66,4,0.0115274
155,46,1,2,28,2,2.18026,-22.4294,3,0.00964635
155,40,1,2,33,4,1.01689,3.44534,3,0.822717
155,46,1,3,28,2,0.520368,-23.1515,3,0.0155037
155,40,1,3,33,4,-0.894093,2.69397,3,0.798319
155,37,4,5,30,4,0.833232,-16.3051,3,0.14994
155,40,0,4,33,4,0.118152,4.3774,2,0.925869
155,48,-1,0,37,4,0.833141,-1.48503,1,0.25038
155,49,-1,0,46,2,3.89168,-22.7515,1,0
155,48,0,1,37,4,1.339,-0.611558,4,0.401669
155,50,-1,0,4,1,-12.8871,-8.87706,1,0.203633
155,51,-1,0,6,3,-19.0172,5.62759,1,0.227177
155,48,1,2,37,4,0.121602,-0.987526,3,0.234805
155,50,0,1,4,1,-13.7269,-8.96917,8,0.600587
155,51,0,1,6,3,-19.8898,6.19382,4,0.197795
155,44,1,3,24,2,19.5588,-5.7639,3,0.161529
155,48,1,3,37,4,1.6681,-1.82909,3,0.237916
155,50,0,2,4,1,-12.4608,-9.68493,8,0.648731
155,51,1,2,6,3,-19.8834,4.90427,3,0.173457
155,80,1,3,46,2,2.96231,-22.7723,3,0
155,52,-1,0,44,2,19.9648,-4.60627,1,0.200794
155,48,0,4,37,4,0.260194,-2.30644,2,0.233701
155,53,-1,0,28,2,-0.315058,-19.4538,1,0.412848
155,54,-1,0,49,2,3.41825,-22.1041,1,0.208
155,51,1,3,6,3,-18.6199,6.52024,3,0.204308
155,39,0,1,22,2,-7.17219,-14.0262,4,0.396654
155,48,4,5,37,4,-0.360724,-2.84056,3,0.226216
155,53,0,1,28,2,-0.00213458,-20.3301,4,0.438502
155,50,0,3,4,1,-12.5345,-8.12714,8,0.600586
155,55,-1,0,48,4,0.985394,-2.2892,1,0.3532
155,39,1,2,22,2,-8.19759,-13.1499,3,0.402923
155,53,1,2,28,2,0.509534,-19.1464,3,0.41253
155,53,1,3,28,2,-1.23298,-19.7651,3,0.482238
155,39,1,3,22,2,-8.13871,-14.9356,3,0.393878
155,36,0,1,1,2,16.807,3.22537,4,0.163822
155,52,0,1,44,2,20.5602,-3.91229,4,0.1937
155,36,1,2,1,2,15.5974,2.72937,3,0.152572
155,58,-1,0,46,2,0.839376,-22.2628,1,0.184267
155,36,1,3,1,2,17.2824,2.00039,3,0.175358
155,59,-1,0,24,2,8.72276,-11.1068,1,0.579605
155,52,1,2,44,2,19.2697,-4.18936,3,0.199278
155,59,0,1,24,2,7.97599,-10.5882,4,0.709821
155,60,-1,0,39,2,-7.43193,-13.3264,1,0.8422
155,61,-1,0,37,4,2.17823,-16.8478,1,0.201486
155,51,0,4,6,3,-17.8226,5.14937,0,0.249555
155,62,-1,0,28,2,-6.6386,-11.9176,1,0.462543
155,63,-1,0,22,2,-10.8451,0.640789,1,0.6224
155,59,1,2,24,2,8.37532,-11.8356,3,0.823455
155,62,0,1,28,2,-5.87724,-12.3953,4,0.451756
155,61,0,1,37,4,2.63939,-15.937,4,0.191981
155,62,1,2,28,2,-6.39186,-11.1637,3,0.462544
155,51,4,5,6,3,-16.475,4.9205,0,0.264662
155,59,1,3,24,2,9.32282,-10.3479,3,0.748788
155,64,-1,0,53,2,-0.677928,-20.1848,1,1.04739
155,60,0,1,39,2,-6.61953,-12.7975,4,0.832467
155,62,1,3,28,2,-7.21618,-12.6656,3,0.438683
155,65,-1,0,1,2,7.02464,7.11657,1,0.707397
155,66,-1,0,62,2,-5.49626,-14.4498,1,0.245028
155,65,0,1,1,2,6.7525,8.00593,4,0.750316
155,66,0,1,62,2,-5.1526,-13.6183,4,0.26672
155,51,5,6,6,3,-15.234,5.33883,0,0.272299
155,65,1,2,1,2,6.09391,6.85168,3,0.837541
155,66,1,2,62,2,-4.77748,-14.9284,3,0.325774
155,65,1,3,1,2,8.03133,7.70783,3,0.728907
155,71,-1,0,24,2,13.8674,-6.81873,1,0.277954
155,72,-1,0,65,2,10.9527,8.92945,1,0.554523
155,73,-1,0,28,2,-1.73827,-15.2687,1,0.355285
155,70,-1,0,66,2,-4.70908,-14.2094,1,0.789467
155,71,0,1,24,2,13.3799,-5.99701,4,0.547716
155,72,0,1,65,2,10.8443,9.83888,4,0.548758
155,73,0,1,28,2,-2.20711,-14.4345,4,0.441204
155,71,1,2,24,2,13.0469,-7.26936,3,0.621965
155,72,1,2,65,2,10.1582,8.70708,3,0.618504
155,73,1,2,28,2,-2.52641,-15.693,3,0.456373
155,71,1,3,24,2,14.7014,-6.02557,3,0.705373
155,72,1,3,65,2,11.9515,9.15868,3,0.504694
155,73,1,3,28,2,-0.867965,-14.4494,3,0.522145
155,75,-1,0,71,2,14.3352,-7.51246,1,0.497156
155,76,-1,0,73,2,-1.46861,-16.063,1,0.504667
155,77,-1,0,59,2,8.5709,-10.3075,1,0.748267
155,75,0,1,71,2,13.6577,-8.13288,4,0.495911
155,78,-1,0,1,2,10.7976,13.0179,1,0.515333
156,0,-1,0,4294967295,1,-14.8093,-6.52546,1,0.346666
156,0,0,1,4294967295,1,-14.579,-5.71409,8,1.04573
156,0,0,2,4294967295,1,-15.6274,-6.70002,8,1.04573
156,0,0,3,4294967295,1,-14.3221,-7.19741,8,1.04574
156,1,-1,0,4294967295,2,9.388,13.4375,1,0.424188
156,1,0,1,4294967295,2,8.66018,12.8414,4,0.930774
156,1,1,2,4294967295,2,9.98099,12.7384,3,0.986705
156,1,1,3,4294967295,2,8.41009,14.1486,3,1.08019
156,6,-1,0,2,3,-18.5006,5.86851,1,0.492604
156,4,-1,0,0,1,-12.178,-9.15357,1,0.524956
156,6,0,4,2,3,-18.7209,4.61063,0,0.493824
156,6,4,5,2,3,-19.249,3.36624,0,0.495938
156,6,5,6,2,3,-19.4288,2.07406,0,0.498379
156,6,6,7,2,3,-20.2044,1.02924,0,0.500493
156,6,7,8,2,3,-20.5214,-0.228334,0,0.501714
156,4,0,1,0,1,-13.0529,-9.45963,8,1.65938
156,4,0,2,0,1,-11.5645,-9.72209,8,1.53922
156,17,-1,0,3,4,4.44669,5.90548,1,0.0497181
156,18,-1,0,9,4,4.91262,-11.5461,1,0.181932
156,17,0,4,3,4,3.43974,6.09485,2,0.0497181
156,18,0,1,9,4,5.63417,-10.7918,4,0.200025
156,22,-1,0,1,2,-10.4077,1.1548,1,0.10206
156,22,0,1,1,2,-10.1238,0.292885,4,0.0928555
156,18,1,2,9,4,4.36486,-10.7054,3,0.260764
156,22,1,2,1,2,-9.67188,1.5221,3,0.0843263
156,18,1,3,9,4,5.90326,-12.0194,3,0.173579
156,22,1,3,1,2,-11.3087,0.938387,3,0.101964
156,24,-1,0,22,2,13.4016,-10.0349,1,0.618187
156,18,0,4,9,4,4.12279,-12.2307,2,0.170384
156,24,0,1,22,2,14.2264,-10.4395,4,0.635189
156,18,4,5,9,4,3.34401,-12.5537,3,0.161866
156,24,1,2,22,2,13.6261,-9.26711,3,0.757118
156,24,1,3,22,2,12.9832,-10.893,3,0.559167
156,27,-1,0,23,4,-14.4745,0.374716,1,0.0856309
156,28,-1,0,24,2,-0.602687,-18.521,1,0.596744
156,27,0,1,23,4,-15.26,-0.340934,4,0.0689923
156,27,1,2,23,4,-13.9807,-0.485032,3,0.0701306
156,28,0,1,24,2,-1.43324,-18.93,4,0.585643
156,27,1,3,23,4,-15.2425,0.902229,3,0.0614129
156,30,-1,0,9,4,-10.8616,-14.8999,1,0.462655
156,27,0,4,23,4,-13.7141,1.14214,2,0.0936853
156,30,0,1,9,4,-11.7489,-14.4726,4,0.579202
156,33,-1,0,17,4,-0.30328,4.14967,1,0.440021
156,30,1,2,9,4,-11.6245,-15.7415,3,0.567817
156,33,0,1,17,4,-0.323326,5.23836,4,0.385509
156,30,1,3,9,4,-10.4669,-14.2371,3,0.807043
156,33,1,2,17,4,-1.19938,4.3578,3,0.347571
156,30,0,4,9,4,-9.88523,-15.0666,2,0.398931
156,33,1,3,17,4,0.763514,4.54892,3,0.4473
156,30,4,5,9,4,-9.16137,-15.3338,3,0.365905
156,27,4,5,23,4,-12.753,1.86155,3,0.0937466
156,28,1,2,24,2,-0.157569,-19.2143,3,0.558007
156,33,0,4,17,4,-0.222183,3.08563,2,0.526685
156,37,-1,0,30,4,2.57887,-17.9874,1,0.150383
156,38,-1,0,27,4,-13.7248,0.0861965,1,0.968638
156,33,4,5,17,4,-0.411552,1.70356,3,0.4851
156,37,0,1,30,4,3.49142,-18.4997,4,0.148289
156,38,0,1,27,4,-13.3192,-0.89693,4,0.957103
156,40,-1,0,33,4,0.264633,3.57655,1,0.832875
156,37,1,2,30,4,3.19662,-17.2651,3,0.155788
156,28,1,3,24,2,-0.924396,-17.6983,3,0.610701
156,37,1,3,30,4,2.26478,-18.7921,3,0.147825
156,38,1,2,27,4,-12.9586,0.318396,3,0.958087
156,37,0,4,30,4,1.61049,-17.5173,2,0.144398
156,39,-1,0,22,2,-7.75118,-14.2446,1,0.375582
156,42,-1,0,17,4,5.24783,5.73222,1,0.743465
156,42,0,1,17,4,6.06781,6.36839,4,0.748269
156,42,1,2,17,4,4.81651,6.59622,3,0.736026
156,44,-1,0,24,2,20.82,-5.35004,1,0.173237
156,38,1,3,27,4,-14.5827,-0.652438,3,0.951943
156,42,1,3,17,4,6.00124,5.11286,3,0.80187
156,44,0,1,24,2,20.8735,-6.27171,4,0.163621
156,42,0,4,17,4,4.45912,5.06757,2,0.743818
156,4,0,3,0,1,-11.8174,-8.4043,8,1.65285
156,36,-1,0,1,2,16.5791,2.9035,1,0.180104
156,45,-1,0,4,1,-6.33302,-8.95033,1,0.422013
156,44,1,2,24,2,21.6163,-5.18728,3,0.16013
156,45,0,1,4,1,-6.82771,-8.26719,8,1.25567
156,45,0,2,4,1,-6.70224,-9.70089,8,1.30082
156,46,-1,0,28,2,1.54844,-22.7952,1,0
156,45,0,3,4,1,-5.50367,-8.98351,8,1.25883
156,40,0,1,33,4,0.538039,2.54867,4,0.799187
156,46,0,1,28,2,1.84658,-23.6597,4,0
156,46,1,2,28,2,2.26615,-22.4084,3,0
156,40,1,2,33,4,1.10536,3.6793,3,0.802375
156,46,1,3,28,2,0.619259,-23.127,3,0
156,40,1,3,33,4,-0.734218,2.71259,3,0.775461
156,37,4,5,30,4,0.494092,-16.74,3,0.134993
156,40,0,4,33,4,0.0930142,4.6142,2,0.853473
156,48,-1,0,37,4,1.15377,-0.817922,1,0.293896
156,48,0,1,37,4,1.75305,0.0591261,4,0.373031
156,50,-1,0,4,1,-12.8871,-8.87714,1,0.207998
156,51,-1,0,6,3,-19.278,5.99037,1,0.198799
156,48,1,2,37,4,0.526266,-0.17754,3,0.53275
156,50,0,1,4,1,-13.7269,-8.96915,8,0.59243
156,51,0,1,6,3,-19.963,6.7829,4,0.167934
156,44,1,3,24,2,19.8621,-5.4064,3,0.166065
156,48,1,3,37,4,1.98838,-1.17324,3,0.318751
156,50,0,2,4,1,-12.4609,-9.68505,8,0.62064
156,51,1,2,6,3,-20.3637,5.55708,3,0.147043
156,80,1,3,46,2,3.05703,-22.8189,3,0
156,52,-1,0,44,2,20.2756,-4.75378,1,0.173408
156,48,0,4,37,4,0.523583,-1.69221,2,0.249299
156,53,-1,0,28,2,-0.125163,-20.0823,1,0.428809
156,54,-1,0,49,2,3.53807,-22.0438,1,0.207067
156,51,1,3,6,3,-18.664,6.73175,3,0.167684
156,39,0,1,22,2,-6.85521,-14.2382,4,0.367128
156,48,4,5,37,4,-0.477671,-2.63769,3,0.225661
156,53,0,1,28,2,0.140976,-20.9606,4,0.434101
156,50,0,3,4,1,-12.5343,-8.12731,8,0.68847
156,55,-1,0,48,4,1.29949,-1.61567,1,0.3372
156,39,1,2,22,2,-7.9484,-13.4693,3,0.36179
156,53,1,2,28,2,0.616431,-19.7311,3,0.453037
156,53,1,3,28,2,-1.15628,-20.5066,3,0.431242
156,39,1,3,22,2,-7.68954,-15.2401,3,0.373332
156,36,0,1,1,2,17.2717,3.50877,4,0.195196
156,52,0,1,44,2,20.782,-3.99408,4,0.166771
156,36,1,2,1,2,15.9556,3.43089,3,0.239637
156,58,-1,0,46,2,0.904007,-22.3212,1,0.168267
156,36,1,3,1,2,17.3205,2.20334,3,0.173245
156,59,-1,0,24,2,8.41821,-10.523,1,0.45484
156,52,1,2,44,2,19.5328,-4.41549,3,0.17287
156,59,0,1,24,2,7.78587,-9.89109,4,0.755623
156,60,-1,0,39,2,-7.28116,-13.5724,1,0.8102
156,61,-1,0,37,4,2.38342,-17.2196,1,0.169595
156,51,0,4,6,3,-18.2208,5.22736,0,0.221611
156,62,-1,0,28,2,-6.69362,-11.8626,1,0.430458
156,63,-1,0,22,2,-10.8107,0.438236,1,0.6064
156,59,1,2,24,2,7.9606,-11.1973,3,0.854181
156,62,0,1,28,2,-5.78014,-11.9598,4,0.421246
156,61,0,1,37,4,2.33274,-16.2212,4,0.159871
156,62,1,2,28,2,-6.73969,-11.0749,3,0.418676
156,51,4,5,6,3,-16.9453,4.73507,0,0.236686
156,59,1,3,24,2,9.13728,-10.0709,3,0.72136
156,64,-1,0,53,2,-0.562446,-20.7442,1,1.03139
156,60,0,1,39,2,-6.38081,-13.7805,4,0.800467
156,62,1,3,28,2,-6.88147,-12.7092,3,0.423813
156,65,-1,0,1,2,6.20958,7.28259,1,0.843521
156,66,-1,0,62,2,-5.36062,-14.5034,1,0.25482
156,65,0,1,1,2,6.16887,8.19857,4,0.858697
156,66,0,1,62,2,-5.13642,-13.6307,4,0.2797
156,51,5,6,6,3,-15.6529,4.94714,0,0.24421
156,65,1,2,1,2,5.44115,7.09843,3,0.886977
156,66,1,2,62,2,-4.58913,-14.8774,3,0.343002
156,65,1,3,1,2,7.21449,7.4234,3,0.775131
156,71,-1,0,24,2,13.7886,-6.0913,1,0.526793
156,72,-1,0,65,2,11.1181,9.39289,1,0.348715
156,73,-1,0,28,2,-1.97019,-14.8253,1,0.265582
156,70,-1,0,66,2,-4.61488,-14.158,1,0.773467
156,71,0,1,24,2,12.8998,-5.82289,4,0.589013
156,72,0,1,65,2,10.4476,10.079,4,0.412479
156,73,0,1,28,2,-2.33578,-13.9995,4,0.365143
156,71,1,2,24,2,13.5696,-6.97603,3,0.595504
156,72,1,2,65,2,10.4667,8.77115,3,0.469804
156,73,1,2,28,2,-2.63481,-15.2808,3,0.390745
156,71,1,3,24,2,13.9946,-5.05844,3,0.660803
156,72,1,3,65,2,11.6827,10.4767,3,0.424753
156,73,1,3,28,2,-1.13279,-14.5883,3,0.444418
156,75,-1,0,71,2,14.5498,-6.35936,1,0.469234
156,76,-1,0,73,2,-1.29883,-15.2629,1,0.491738
156,77,-1,0,59,2,8.50327,-9.69452,1,0.731156
156,75,0,1,71,2,14.4712,-7.28604,4,0.459832
156,78,-1,0,1,2,10.203,13.4377,1,0.501587
156,79,-1,0,72,2,11.1449,8.5625,1,0.506667
156,76,0,1,73,2,-1.7628,-16.0455,4,0.485729
156,77,0,1,59,2,8.54509,-8.77229,4,0.735511
156,78,0,1,1,2,11.1194,13.4407,4,0.513346
157,0,-1,0,4294967295,1,-14.8093,-6.52546,1,0.340266
157,0,0,1,4294967295,1,-14.579,-5.71409,8,1.02653
157,0,0,2,4294967295,1,-15.6274,-6.70002,8,1.02653
157,0,0,3,4294967295,1,-14.3221,-7.19741,8,1.02653
157,1,-1,0,4294967295,2,8.83314,13.4957,1,0.764794
157,1,0,1,4294967295,2,8.30653,12.6841,4,0.84852
157,1,1,2,4294967295,2,9.55604,12.9934,3,0.892825
157,1,1,3,4294967295,2,7.6665,13.8288,3,0.895822
157,6,-1,0,2,3,-18.8278,6.03365,1,0.478194
157,4,-1,0,0,1,-12.178,-9.15363,1,0.529474
157,6,0,4,2,3,-19.0763,4.77233,0,0.478988
157,6,4,5,2,3,-19.5489,3.47761,0,0.480364
157,6,5,6,2,3,-19.5875,2.15322,0,0.481953
157,6,6,7,2,3,-20.1968,0.991408,0,0.483329
157,6,7,8,2,3,-20.3203,-0.304162,0,0.484123
157,4,0,1,0,1,-13.0529,-9.45967,8,1.61906
157,4,0,2,0,1,-11.5645,-9.7222,8,1.54865
157,17,-1,0,3,4,4.86326,5.8215,1,0.0337181
157,18,-1,0,9,4,5.17463,-10.9136,1,0.203823
157,17,0,4,3,4,3.92975,6.24005,2,0.0337181
157,18,0,1,9,4,5.84337,-10.1814,4,0.239257
157,22,-1,0,1,2,-10.0946,0.786902,1,0.0711743
157,22,0,1,1,2,-10.2409,-0.112366,4,0.0623606
157,18,1,2,9,4,4.58404,-10.4361,3,0.325118
157,22,1,2,1,2,-9.25841,0.757769,3,0.0554002
157,18,1,3,9,4,5.97368,-11.4426,3,0.208196
157,22,1,3,1,2,-11.0695,0.960752,3,0.071155
157,24,-1,0,22,2,13.7547,-10.1626,1,0.620908
157,18,0,4,9,4,4.36778,-11.5054,2,0.17167
157,24,0,1,22,2,14.62,-10.464,4,0.636343
157,18,4,5,9,4,3.4843,-11.7733,3,0.153438
157,24,1,2,22,2,13.8729,-9.37578,3,0.648658
157,24,1,3,22,2,13.4094,-10.9987,3,0.658855
157,27,-1,0,23,4,-14.5095,0.0149139,1,0.0561958
157,28,-1,0,24,2,-0.835086,-19.0539,1,0.563482
157,27,0,1,23,4,-15.2257,-0.689184,4,0.0390731
157,27,1,2,23,4,-13.9532,-0.966133,3,0.0447745
157,28,0,1,24,2,-1.73658,-18.8505,4,0.553984
157,27,1,3,23,4,-15.3419,0.575853,3,0.0267991
157,30,-1,0,9,4,-11.5327,-14.5099,1,0.551787
157,27,0,4,23,4,-13.8019,0.708486,2,0.0648929
157,30,0,1,9,4,-12.3328,-13.8721,4,0.727783
157,33,-1,0,17,4,-0.259771,4.1993,1,0.423589
157,30,1,2,9,4,-12.1063,-15.0987,3,0.612709
157,33,0,1,17,4,-0.285881,5.28392,4,0.404424
157,30,1,3,9,4,-11.0514,-13.967,3,0.745332
157,33,1,2,17,4,-1.31342,4.5634,3,0.357209
157,30,0,4,9,4,-10.5701,-14.9415,2,0.443068
157,33,1,3,17,4,0.792937,4.59584,3,0.465772
157,30,4,5,9,4,-9.33917,-15.5508,3,0.397372
157,27,4,5,23,4,-13.2156,1.00791,3,0.0640782
157,28,1,2,24,2,-0.964362,-19.9233,3,0.543801
157,33,0,4,17,4,-0.144243,3.17447,2,0.447021
157,37,-1,0,30,4,2.79488,-18.1544,1,0.176745
157,38,-1,0,27,4,-13.787,-0.352344,1,0.933799
157,33,4,5,17,4,-0.199025,2.34777,3,0.457253
157,37,0,1,30,4,3.75925,-18.4871,4,0.189434
157,38,0,1,27,4,-13.1891,-1.25032,4,0.922322
157,40,-1,0,33,4,0.408249,3.69813,1,0.796779
157,37,1,2,30,4,3.32431,-17.2844,3,0.166833
157,28,1,3,24,2,-0.732023,-17.9541,3,0.565996
157,37,1,3,30,4,2.65991,-19.1298,3,0.246957
157,38,1,2,27,4,-12.9716,-0.00478591,3,0.926744
157,37,0,4,30,4,1.8203,-17.8869,2,0.159525
157,39,-1,0,22,2,-7.50373,-14.4227,1,0.364516
157,42,-1,0,17,4,5.64249,6.08124,1,0.763295
157,42,0,1,17,4,6.07613,7.01506,4,0.788436
157,42,1,2,17,4,4.88244,6.55433,3,0.772872
157,44,-1,0,24,2,20.9973,-5.51085,1,0.142679
157,38,1,3,27,4,-14.47,-1.39615,3,0.913896
157,42,1,3,17,4,6.60895,5.8768,3,0.907603
157,44,0,1,24,2,20.8969,-6.42846,4,0.13467
157,42,0,4,17,4,5.21682,5.13739,2,0.744101
157,4,0,3,0,1,-11.8174,-8.40434,8,1.61523
157,36,-1,0,1,2,16.8771,3.32418,1,0.189649
157,45,-1,0,4,1,-6.3314,-8.95016,1,0.415613
157,44,1,2,24,2,21.8262,-5.50024,3,0.137732
157,45,0,1,4,1,-6.82641,-8.26725,8,1.24314
157,45,0,2,4,1,-6.70026,-9.70089,8,1.26959
157,45,0,3,4,1,-5.50204,-8.98295,8,1.24499
157,40,0,1,33,4,0.864976,2.75809,4,0.771461
157,40,1,2,33,4,1.21745,3.97538,3,0.777966
157,81,1,3,28,2,0.732892,-23.1237,3,0
157,40,1,3,33,4,-0.438881,2.76864,3,0.750586
157,37,4,5,30,4,1.1842,-17.5352,3,0.142409
157,40,0,4,33,4,0.109114,4.68584,2,0.810747
157,48,-1,0,37,4,1.34096,-0.370727,1,0.297079
157,48,0,1,37,4,2.10153,0.339406,4,0.443014
157,50,-1,0,4,1,-12.8871,-8.87711,1,0.202828
157,51,-1,0,6,3,-19.4955,6.4239,1,0.16958
157,48,1,2,37,4,0.901444,0.755285,3,0.354592
157,50,0,1,4,1,-13.7269,-8.96916,8,0.589968
157,51,0,1,6,3,-20.0695,7.29282,4,0.138776
157,44,1,3,24,2,19.9735,-5.46699,3,0.135169
157,48,1,3,37,4,2.23122,-0.931161,3,0.334527
157,50,0,2,4,1,-12.4609,-9.685,8,0.606498
157,51,1,2,6,3,-20.4777,6.06526,3,0.12758
157,80,1,3,46,2,3.1215,-22.8552,3,0
157,52,-1,0,44,2,20.6117,-4.80395,1,0.146389
157,48,0,4,37,4,0.681634,-1.16664,2,0.261902
157,53,-1,0,28,2,-0.0866449,-20.6674,1,0.409953
157,54,-1,0,49,2,3.62474,-21.998,1,0.207067
157,51,1,3,6,3,-18.7752,7.14937,3,0.131974
157,39,0,1,22,2,-6.63502,-14.6664,4,0.366446
157,48,4,5,37,4,0.0748855,-1.67477,3,0.239557
157,53,0,1,28,2,0.409077,-21.4291,4,0.404267
157,50,0,3,4,1,-12.5344,-8.12724,8,0.646243
157,55,-1,0,48,4,1.50963,-1.15864,1,0.3212
157,39,1,2,22,2,-7.49777,-13.6361,3,0.351184
157,53,1,2,28,2,0.55281,-20.1192,3,0.414792
157,53,1,3,28,2,-0.902602,-21.0773,3,0.398317
157,39,1,3,22,2,-7.6629,-15.5016,3,0.395655
157,36,0,1,1,2,17.5727,3.92565,4,0.192852
157,52,0,1,44,2,20.9872,-3.96203,4,0.139697
157,36,1,2,1,2,16.2577,3.85219,3,0.201539
157,58,-1,0,46,2,0.974846,-22.3064,1,0.154533
157,36,1,3,1,2,17.576,2.62168,3,0.197687
157,59,-1,0,24,2,8.11165,-10.0456,1,0.276378
157,52,1,2,44,2,19.8371,-4.59709,3,0.145343
157,59,0,1,24,2,7.60949,-9.19369,4,0.645051
157,60,-1,0,39,2,-6.79785,-13.9772,1,0.835794
157,61,-1,0,37,4,2.4713,-17.4003,1,0.1376
157,51,0,4,6,3,-18.6283,5.4365,0,0.192938
157,62,-1,0,28,2,-6.59286,-11.7074,1,0.399019
157,63,-1,0,22,2,-10.7748,0.330732,1,0.5904
157,59,1,2,24,2,7.48837,-10.5376,3,0.676286
157,62,0,1,28,2,-5.67835,-11.8738,4,0.389653
157,61,0,1,37,4,2.09651,-16.4612,4,0.127867
157,62,1,2,28,2,-6.5072,-10.8679,3,0.382088
157,51,4,5,6,3,-17.5122,4.64422,0,0.208393
157,59,1,3,24,2,8.90897,-9.69618,3,0.643113
157,64,-1,0,53,2,-0.314479,-21.4586,1,1.13539
157,60,0,1,39,2,-5.87249,-14.0665,4,0.830872
157,62,1,3,28,2,-6.6748,-12.7627,3,0.397692
157,65,-1,0,1,2,5.75055,7.72678,1,0.818983
157,66,-1,0,62,2,-5.26508,-14.5408,1,0.278718
157,65,0,1,1,2,5.53195,8.59512,4,0.826163
157,66,0,1,62,2,-5.11218,-13.6488,4,0.299785
157,51,5,6,6,3,-16.2024,4.52562,0,0.216069
157,65,1,2,1,2,5.0649,7.36259,3,0.91677
157,66,1,2,62,2,-4.44981,-14.839,3,0.339019
157,65,1,3,1,2,6.6197,7.85435,3,0.795554
157,71,-1,0,24,2,13.7484,-5.59537,1,0.2609
157,72,-1,0,65,2,10.9156,9.89336,1,0.423962
157,73,-1,0,28,2,-2.06533,-14.4914,1,0.323364
157,70,-1,0,66,2,-4.56466,-14.1176,1,0.757467
157,71,0,1,24,2,12.8066,-5.9945,4,0.429131
157,72,0,1,65,2,9.98515,10.0851,4,0.519903
157,73,0,1,28,2,-2.37786,-13.6224,4,0.352028
157,71,1,2,24,2,14.0508,-6.2977,3,0.50022
157,72,1,2,65,2,10.7071,8.98855,3,0.417246
157,73,1,2,28,2,-2.90775,-14.8211,3,0.341809
157,71,1,3,24,2,12.814,-4.64071,3,0.742324
157,72,1,3,65,2,10.7959,11.1135,3,0.405498
157,73,1,3,28,2,-1.0801,-13.9964,3,0.454989
157,75,-1,0,71,2,14.672,-5.71726,1,0.458203
157,76,-1,0,73,2,-1.3867,-14.9233,1,0.461527
157,77,-1,0,59,2,8.46875,-9.30454,1,0.75479
157,75,0,1,71,2,14.7605,-6.68946,4,0.48249
157,78,-1,0,1,2,9.5088,14.0066,1,0.479914
157,79,-1,0,72,2,11.5677,9.37355,1,0.490667
157,76,0,1,73,2,-1.79756,-15.7522,4,0.451939
157,77,0,1,59,2,8.50202,-8.43077,4,0.68782
157,78,0,1,1,2,10.4095,13.7617,4,0.471019
157,75,1,2,71,2,15.9541,-6.05412,3,0.533498
157,77,1,2,59,2,7.83624,-9.62873,3,0.594491
158,0,-1,0,4294967295,1,-14.8093,-6.52546,1,0.333866
158,0,0,1,4294967295,1,-14.579,-5.71409,8,1.00733
158,0,0,2,4294967295,1,-15.6274,-6.70002,8,1.00733
158,0,0,3,4294967295,1,-14.3221,-7.19741,8,1.00733
158,1,-1,0,4294967295,2,8.34448,13.1836,1,0.746658
158,1,0,1,4294967295,2,7.74704,12.4672,4,1.11282
158,1,1,2,4294967295,2,9.01806,12.757,3,0.881891
158,1,1,3,4294967295,2,7.62784,13.7808,3,0.903627
158,6,-1,0,2,3,-19.1138,6.25466,1,0.463229
158,4,-1,0,0,1,-12.178,-9.15362,1,0.523121
158,6,0,4,2,3,-19.3444,4.99337,0,0.463746
158,6,4,5,2,3,-19.7668,3.67196,0,0.464641
158,6,5,6,2,3,-19.7043,2.33798,0,0.465675
158,6,6,7,2,3,-20.1624,1.0992,0,0.466571
158,6,7,8,2,3,-20.1187,-0.2098,0,0.467088
158,4,0,1,0,1,-13.0529,-9.45966,8,1.5896
158,4,0,2,0,1,-11.5645,-9.72222,8,1.54834
158,17,-1,0,3,4,5.32381,5.81639,1,0.0177181
158,18,-1,0,9,4,5.48316,-10.2157,1,0.266297
158,17,0,4,3,4,4.35689,6.20709,2,0.0177181
158,18,0,1,9,4,6.27985,-9.53843,4,0.414966
158,22,-1,0,1,2,-9.89632,0.346999,1,0.0414985
158,22,0,1,1,2,-10.4004,-0.409469,4,0.0333506
158,18,1,2,9,4,5.01358,-9.4978,3,0.329107
158,22,1,2,1,2,-9.15109,0.0103038,3,0.0370904
158,18,1,3,9,4,6.14461,-10.7736,3,0.57461
158,22,1,3,1,2,-10.7177,0.898661,3,0.0316116
158,24,-1,0,22,2,14.0773,-10.2754,1,0.612303
158,18,0,4,9,4,4.68214,-10.9211,2,0.196413
158,24,0,1,22,2,14.9935,-10.3899,4,0.609981
158,18,4,5,9,4,3.49318,-11.5689,3,0.163284
158,24,1,2,22,2,14.0822,-9.44432,3,0.61546
158,24,1,3,22,2,14.0213,-11.3036,3,0.613789
158,27,-1,0,23,4,-14.6638,-0.728581,1,0.0260496
158,28,-1,0,24,2,-1.24599,-19.3573,1,0.533206
158,27,0,1,23,4,-15.3608,-1.49796,4,0.00754545
158,27,1,2,23,4,-14.1323,-1.28523,3,0.00645284
158,28,0,1,24,2,-1.99241,-18.8097,4,0.524513
158,27,1,3,23,4,-15.3468,-0.239786,3,4.32047e-22
158,30,-1,0,9,4,-11.7817,-14.1514,1,0.597269
158,27,0,4,23,4,-14.0188,0.0758392,2,0.0358316
158,30,0,1,9,4,-12.5697,-13.4531,4,0.708846
158,33,-1,0,17,4,-0.124114,4.37299,1,0.426118
158,30,1,2,9,4,-12.8716,-14.69,3,0.664997
158,33,0,1,17,4,-0.251546,5.39713,4,0.391816
158,30,1,3,9,4,-11.315,-13.2951,3,0.847952
158,33,1,2,17,4,-1.23245,4.59324,3,0.360801
158,30,0,4,9,4,-10.9611,-14.8166,2,0.503455
158,33,1,3,17,4,0.830579,4.63321,3,0.402561
158,30,4,5,9,4,-10.4738,-15.5231,3,0.452437
158,27,4,5,23,4,-12.9896,0.884261,3,0.0369908
158,28,1,2,24,2,-1.64586,-20.0755,3,0.528609
158,33,0,4,17,4,0.230442,3.41309,2,0.449375
158,37,-1,0,30,4,3.18436,-18.3032,1,0.153488
158,38,-1,0,27,4,-13.822,-0.710576,1,0.94096
158,33,4,5,17,4,0.390884,2.4062,3,0.456293
158,37,0,1,30,4,4.17092,-18.4931,4,0.157619
158,38,0,1,27,4,-12.9951,-1.39833,4,0.947214
158,40,-1,0,33,4,0.549731,3.94973,1,0.784601
158,37,1,2,30,4,3.40283,-17.4861,3,0.156518
158,28,1,3,24,2,-0.705648,-18.4854,3,0.52143
158,37,1,3,30,4,3.02204,-19.0448,3,0.170357
158,38,1,2,27,4,-13.0593,-0.127216,3,0.93582
158,37,0,4,30,4,2.18317,-18.2514,2,0.144259
158,39,-1,0,22,2,-7.23465,-14.6716,1,0.343601
158,42,-1,0,17,4,5.90743,6.39684,1,0.758202
158,42,0,1,17,4,5.80138,7.44621,4,0.766007
158,42,1,2,17,4,4.96834,6.51675,3,0.770113
158,44,-1,0,24,2,21.0334,-5.69323,1,0.140614
158,38,1,3,27,4,-14.1467,-1.96712,3,0.976476
158,42,1,3,17,4,6.88688,6.80921,3,0.774601
158,44,0,1,24,2,20.9711,-6.62817,4,0.146562
158,42,0,4,17,4,6.02694,5.36274,2,0.750393
158,4,0,3,0,1,-11.8174,-8.40434,8,1.58735
158,36,-1,0,1,2,17.1892,3.72365,1,0.270856
158,45,-1,0,4,1,-6.33026,-8.95003,1,0.421143
158,44,1,2,24,2,21.8558,-5.66921,3,0.135228
158,45,0,1,4,1,-6.8255,-8.26729,8,1.23969
158,45,0,2,4,1,-6.69887,-9.70089,8,1.32773
158,45,0,3,4,1,-5.50089,-8.98258,8,1.24077
158,40,0,1,33,4,0.88212,2.95237,4,0.773395
158,40,1,2,33,4,1.41657,4.0694,3,0.778222
158,81,1,3,28,2,0.797235,-23.1708,3,0
158,40,1,3,33,4,-0.395411,3.19835,3,0.751197
158,37,4,5,30,4,1.1909,-17.9037,3,0.135974
158,40,0,4,33,4,0.239519,4.94285,2,0.784789
158,48,-1,0,37,4,1.8644,0.0663967,1,0.334767
158,48,0,1,37,4,2.78957,0.528021,4,0.390292
158,50,-1,0,4,1,-12.887,-8.87712,1,0.196434
158,51,-1,0,6,3,-19.6715,6.76968,1,0.142772
158,48,1,2,37,4,1.63094,1.01592,3,0.365369
158,50,0,1,4,1,-13.7268,-8.96918,8,0.580814
158,51,0,1,6,3,-20.2125,7.64151,4,0.114985
158,44,1,3,24,2,20.074,-5.65005,3,0.135372
158,48,1,3,37,4,2.31786,-0.644601,3,0.478282
158,50,0,2,4,1,-12.4608,-9.68502,8,0.5905
158,51,1,2,6,3,-20.4931,6.37918,3,0.101976
158,80,1,3,46,2,3.16692,-22.8807,3,0
158,52,-1,0,44,2,20.9107,-4.87935,1,0.119056
158,48,0,4,37,4,0.979188,-0.453685,2,0.282501
158,53,-1,0,28,2,0.0101952,-21.1871,1,0.380974
158,54,-1,0,49,2,3.68578,-21.9658,1,0.207067
158,51,1,3,6,3,-18.9099,7.47426,3,0.115126
158,39,0,1,22,2,-6.4005,-15.0516,4,0.337536
158,48,4,5,37,4,0.0954231,-0.851744,3,0.253051
158,53,0,1,28,2,0.733804,-21.7082,4,0.371625
158,50,0,3,4,1,-12.5344,-8.12724,8,0.613789
158,55,-1,0,48,4,1.61559,-0.720967,1,0.3052
158,39,1,2,22,2,-7.04755,-13.8704,3,0.340486
158,53,1,2,28,2,0.363042,-20.4526,3,0.381941
158,53,1,3,28,2,-0.615587,-21.8177,3,0.360528
158,39,1,3,22,2,-7.60362,-15.5349,3,0.338856
158,36,0,1,1,2,17.8728,4.34745,4,0.220754
158,52,0,1,44,2,21.1748,-3.9867,4,0.112208
158,36,1,2,1,2,16.572,4.26639,3,0.196006
158,58,-1,0,46,2,1.10049,-22.3332,1,0.154533
158,36,1,3,1,2,17.8985,3.03872,3,0.210134
158,59,-1,0,24,2,7.97179,-9.6489,1,0.495715
158,52,1,2,44,2,20.102,-4.73988,3,0.117881
158,59,0,1,24,2,7.97067,-8.72282,4,0.555597
158,60,-1,0,39,2,-6.52182,-14.3249,1,0.806106
158,61,-1,0,37,4,2.66806,-17.6573,1,0.1056
158,51,0,4,6,3,-18.9243,5.68736,0,0.164932
158,62,-1,0,28,2,-6.26447,-11.6373,1,0.368158
158,63,-1,0,22,2,-10.7013,0.233897,1,0.5744
158,59,1,2,24,2,7.05808,-9.69245,3,0.61539
158,62,0,1,28,2,-5.41801,-11.9937,4,0.359805
158,61,0,1,37,4,2.04637,-16.8631,4,0.0958666
158,62,1,2,28,2,-6.07081,-10.8493,3,0.358261
158,51,4,5,6,3,-18.0672,4.65363,0,0.180088
158,59,1,3,24,2,8.97489,-9.64058,3,0.56871
158,64,-1,0,53,2,0.0797829,-22.0134,1,1.11939
158,60,0,1,39,2,-5.69017,-14.0115,4,0.79656
158,62,1,3,28,2,-6.62358,-12.5601,3,0.364195
158,65,-1,0,1,2,5.31496,8.22074,1,0.948785
158,66,-1,0,62,2,-5.0957,-14.589,1,0.275292
158,65,0,1,1,2,5.21062,9.14612,4,0.953302
158,66,0,1,62,2,-5.00054,-13.6851,4,0.274894
158,51,5,6,6,3,-16.8655,4.15843,0,0.187745
158,65,1,2,1,2,4.47728,8.06994,3,0.940449
158,66,1,2,62,2,-4.27494,-14.8343,3,0.287336
158,65,1,3,1,2,6.31494,8.44259,3,0.980295
158,71,-1,0,24,2,13.651,-5.34382,1,0.420041
158,72,-1,0,65,2,10.5304,10.1632,1,0.469284
158,73,-1,0,28,2,-2.10899,-14.0232,1,0.393006
158,70,-1,0,66,2,-4.4362,-14.1024,1,0.741467
158,71,0,1,24,2,12.9674,-6.02188,4,0.536288
158,72,0,1,65,2,9.59152,10.0855,4,0.485673
158,73,0,1,28,2,-2.39252,-13.1227,4,0.36424
158,71,1,2,24,2,14.2213,-6.07699,3,0.448164
158,72,1,2,65,2,10.6557,9.35083,3,0.445689
158,73,1,2,28,2,-2.91907,-14.3088,3,0.337194
158,71,1,3,24,2,12.6781,-4.73097,3,0.516121
158,72,1,3,65,2,10.3698,11.1104,3,0.465596
158,73,1,3,28,2,-1.16917,-13.6437,3,0.374253
158,75,-1,0,71,2,14.4319,-5.55811,1,0.454444
158,76,-1,0,73,2,-1.6539,-14.7105,1,0.429597
158,77,-1,0,59,2,8.35078,-8.95526,1,0.726535
158,75,0,1,71,2,14.7176,-6.49813,4,0.449296
158,78,-1,0,1,2,8.73446,13.9339,1,0.461271
158,79,-1,0,72,2,11.3206,10.3983,1,0.714667
158,76,0,1,73,2,-1.86628,-15.6121,4,0.419869
158,77,0,1,59,2,8.13549,-8.01436,4,0.770756
158,78,0,1,1,2,9.66455,14.143,4,0.459668
158,75,1,2,71,2,15.1071,-5.26064,3,0.448178
158,77,1,2,59,2,7.25692,-9.01875,3,0.781813
158,78,1,2,1,2,8.61298,14.921,3,0.471436
159,0,-1,0,4294967295,1,-14.8093,-6.52546,1,0.327466
159,0,0,1,4294967295,1,-14.579,-5.71409,8,0.988131
159,0,0,2,4294967295,1,-15.6274,-6.70002,8,0.988131
159,0,0,3,4294967295,1,-14.3221,-7.19741,8,0.988132
159,1,-1,0,4294967295,2,7.81699,12.6839,1,0.87773
159,1,0,1,4294967295,2,7.0735,12.1697,4,1.0938
159,1,1,2,4294967295,2,8.40492,12.1221,3,1.19848
159,1,1,3,4294967295,2,7.25493,13.4765,3,1.07058
159,6,-1,0,2,3,-19.2803,6.47235,1,0.447903
159,4,-1,0,0,1,-12.178,-9.15361,1,0.528577
159,6,0,4,2,3,-19.5164,5.20701,0,0.448239
159,6,4,5,2,3,-19.9063,3.89721,0,0.448822
159,6,5,6,2,3,-19.7677,2.58595,0,0.449495
159,6,6,7,2,3,-20.1297,1.32892,0,0.450078
159,6,7,8,2,3,-19.9442,0.0400994,0,0.450414
159,4,0,1,0,1,-13.0529,-9.45966,8,1.61614
159,4,0,2,0,1,-11.5645,-9.72218,8,1.54705
159,17,-1,0,3,4,5.72443,6.1271,1,0.05659
159,18,-1,0,9,4,5.59626,-9.68044,1,0.335565
159,17,0,4,3,4,4.75535,5.75653,2,0.0668462
159,18,0,1,9,4,6.19197,-8.84777,4,0.464232
159,22,-1,0,1,2,-9.8644,-0.0208044,1,0.0414958
159,22,0,1,1,2,-10.455,-0.710042,4,0.0334799
159,18,1,2,9,4,4.91415,-8.92827,3,0.416326
159,22,1,2,1,2,-9.16561,-0.442567,3,0.0406153
159,18,1,3,9,4,6.64689,-10.0344,3,0.440051
159,22,1,3,1,2,-10.556,0.627451,3,0.0273161
159,24,-1,0,22,2,14.4578,-10.4031,1,0.616377
159,18,0,4,9,4,4.9481,-10.467,2,0.268856
159,24,0,1,22,2,15.3739,-10.3386,4,0.617469
159,18,4,5,9,4,4.34769,-10.8746,3,0.311772
159,24,1,2,22,2,14.2811,-9.61035,3,0.610739
159,24,1,3,22,2,14.523,-11.3643,3,0.615048
159,27,-1,0,23,4,-14.6245,-1.19936,1,0.0220693
159,28,-1,0,24,2,-1.65208,-19.4048,1,0.502243
159,27,0,1,23,4,-15.3412,-1.98124,4,0.0293835
159,27,1,2,23,4,-14.1161,-1.91537,3,0.0123942
159,28,0,1,24,2,-2.3914,-18.8576,4,0.492809
159,27,1,3,23,4,-15.4212,-0.722916,3,0.0172639
159,30,-1,0,9,4,-12.1129,-13.734,1,0.455689
159,27,0,4,23,4,-14.0374,-0.341469,2,0.0125317
159,30,0,1,9,4,-12.5744,-12.8004,4,0.666363
159,33,-1,0,17,4,0.104242,4.54368,1,0.394246
159,30,1,2,9,4,-13.0832,-13.9458,3,0.571636
159,33,0,1,17,4,-0.0625363,5.59799,4,0.376877
159,30,1,3,9,4,-11.369,-13.2147,3,0.630826
159,33,1,2,17,4,-0.908986,4.6747,3,0.344509
159,30,0,4,9,4,-11.5441,-14.5473,2,0.417453
159,33,1,3,17,4,1.0315,4.90399,3,0.44244
159,30,4,5,9,4,-11.244,-15.4035,3,0.415589
159,27,4,5,23,4,-13.2759,0.364853,3,0.00912014
159,28,1,2,24,2,-2.01719,-20.1208,3,0.501324
159,33,0,4,17,4,0.397942,3.49102,2,0.410906
159,37,-1,0,30,4,3.44075,-18.4186,1,0.1277
159,38,-1,0,27,4,-13.7681,-1.2313,1,0.921013
159,33,4,5,17,4,0.35074,2.14978,3,0.415297
159,37,0,1,30,4,4.50243,-18.4269,4,0.1238
159,38,0,1,27,4,-12.706,-1.42824,4,0.913209
159,40,-1,0,33,4,0.763127,4.16717,1,0.86633
159,37,1,2,30,4,3.68267,-17.4686,3,0.126851
159,28,1,3,24,2,-1.0817,-18.7053,3,0.48413
159,37,1,3,30,4,3.6276,-19.3246,3,0.125201
159,38,1,2,27,4,-13.3047,-0.332508,3,0.904847
159,37,0,4,30,4,2.35552,-18.4076,2,0.124772
159,39,-1,0,22,2,-7.01069,-14.9102,1,0.344442
159,42,-1,0,17,4,5.98566,6.91837,1,0.735987
159,42,0,1,17,4,5.51887,7.85383,4,0.727697
159,42,1,2,17,4,5.07409,6.68752,3,0.721335
159,44,-1,0,24,2,21.0686,-5.84135,1,0.115832
159,38,1,3,27,4,-13.5398,-2.38865,3,0.921163
159,42,1,3,17,4,6.74581,7.51893,3,0.733079
159,44,0,1,24,2,20.9627,-6.75121,4,0.108634
159,42,0,4,17,4,6.53445,6.04315,2,0.738175
159,4,0,3,0,1,-11.8174,-8.40434,8,1.68417
159,36,-1,0,1,2,17.5057,4.19345,1,0.241698
159,45,-1,0,4,1,-6.32946,-8.94995,1,0.414813
159,44,1,2,24,2,21.879,-5.80967,3,0.107749
159,45,0,1,4,1,-6.82485,-8.26731,8,1.23277
159,45,0,2,4,1,-6.6979,-9.70089,8,1.28435
159,45,0,3,4,1,-5.50007,-8.98229,8,1.2334
159,40,0,1,33,4,1.13961,3.22019,4,0.973128
159,40,1,2,33,4,1.61442,4.41442,3,0.902463
159,81,1,3,28,2,0.810978,-23.2501,3,0
159,40,1,3,33,4,-0.177248,3.25923,3,0.825041
159,37,4,5,30,4,1.09633,-18.1461,3,0.117925
159,40,0,4,33,4,0.439286,5.17244,2,0.905416
159,48,-1,0,37,4,2.34726,0.35429,1,0.357954
159,48,0,1,37,4,3.41105,0.512004,4,0.416716
159,50,-1,0,4,1,-12.8871,-8.87713,1,0.21915
159,51,-1,0,6,3,-19.8262,7.01098,1,0.117864
159,48,1,2,37,4,2.46063,1.31924,3,0.42105
159,50,0,1,4,1,-13.7269,-8.96916,8,0.60664
159,51,0,1,6,3,-20.2341,7.95778,4,0.102245
159,44,1,3,24,2,20.1085,-5.72781,3,0.11405
159,48,1,3,37,4,2.7285,-0.545292,3,0.604126
159,50,0,2,4,1,-12.4609,-9.68503,8,0.754261
159,51,1,2,6,3,-20.7849,6.79531,3,0.173661
159,52,-1,0,44,2,21.1084,-5.0431,1,0.0919034
159,48,0,4,37,4,1.26712,0.122428,2,0.322547
159,53,-1,0,28,2,0.090701,-21.5981,1,0.349018
159,54,-1,0,49,2,3.72878,-21.9431,1,0.207067
159,51,1,3,6,3,-19.0064,7.49704,3,0.0953026
159,39,0,1,22,2,-6.18051,-15.2502,4,0.340326
159,48,4,5,37,4,-0.0778557,0.0109337,3,0.395145
159,53,0,1,28,2,0.991866,-21.7254,4,0.339341
159,50,0,3,4,1,-12.5344,-8.12727,8,0.625962
159,55,-1,0,48,4,1.93065,-0.319957,1,0.2892
159,39,1,2,22,2,-6.94756,-14.1412,3,0.34382
159,53,1,2,28,2,0.0933996,-20.7572,3,0.349211
159,53,1,3,28,2,-0.0442348,-22.6316,3,0.329526
159,39,1,3,22,2,-7.33829,-15.8484,3,0.329307
159,36,0,1,1,2,18.3199,4.61788,4,0.244867
159,52,0,1,44,2,21.3791,-4.1715,4,0.0853252
159,36,1,2,1,2,17.0232,4.85275,3,0.220155
159,58,-1,0,46,2,1.43542,-22.6648,1,0.154533
159,36,1,3,1,2,18.0506,3.33511,3,0.313197
159,59,-1,0,24,2,7.70142,-9.06476,1,0.519009
159,52,1,2,44,2,20.3133,-4.94522,3,0.0914879
159,59,0,1,24,2,7.86262,-8.12475,4,0.5221
159,60,-1,0,39,2,-6.29997,-14.4823,1,0.774196
159,61,-1,0,37,4,2.94676,-17.7963,1,0.0735999
159,51,0,4,6,3,-19.1694,5.87674,0,0.138178
159,62,-1,0,28,2,-5.91994,-11.6729,1,0.337598
159,63,-1,0,22,2,-10.6807,-0.0437871,1,0.5584
159,59,1,2,24,2,6.94718,-9.04014,3,0.521
159,62,0,1,28,2,-5.07074,-12.0287,4,0.32802
159,61,0,1,37,4,2.08966,-17.2818,4,0.0638666
159,62,1,2,28,2,-5.72823,-10.8869,3,0.335621
159,51,4,5,6,3,-18.531,4.69211,0,0.152492
159,59,1,3,24,2,8.55718,-9.27074,3,0.533589
159,64,-1,0,53,2,0.545183,-22.2724,1,1.10339
159,60,0,1,39,2,-5.56744,-13.926,4,0.76447
159,62,1,3,28,2,-6.29379,-12.5226,3,0.319742
159,65,-1,0,1,2,4.88404,8.88021,1,0.98466
159,66,-1,0,62,2,-4.93734,-14.5149,1,0.262895
159,65,0,1,1,2,5.16494,9.76847,4,1.00952
159,66,0,1,62,2,-4.72042,-13.6422,4,0.281039
159,51,5,6,6,3,-17.4988,3.90633,0,0.159775
159,65,1,2,1,2,4.04751,9.09689,3,1.03677
159,66,1,2,62,2,-4.09931,-14.8616,3,0.333588
159,65,1,3,1,2,5.96686,8.72035,3,1.01728
159,71,-1,0,24,2,13.3996,-5.79695,1,0.445254
159,72,-1,0,65,2,10.1782,10.2635,1,0.470769
159,73,-1,0,28,2,-2.18362,-13.584,1,0.395509
159,70,-1,0,66,2,-4.20292,-14.1506,1,0.845467
159,71,0,1,24,2,12.4376,-5.91073,4,0.444714
159,72,0,1,65,2,9.24209,10.3596,4,0.461406
159,73,0,1,28,2,-2.23609,-12.664,4,0.428235
159,71,1,2,24,2,13.5654,-6.58028,3,0.443094
159,72,1,2,65,2,10.1229,9.40533,3,0.445204
159,73,1,2,28,2,-2.96548,-13.7664,3,0.379648
159,71,1,3,24,2,13.0645,-4.76337,3,0.453313
159,72,1,3,65,2,10.1217,11.2918,3,0.470032
159,73,1,3,28,2,-1.25416,-13.5426,3,0.382926
159,75,-1,0,71,2,14.2207,-5.5497,1,0.421717
159,76,-1,0,73,2,-2.11258,-14.3929,1,0.3976
159,77,-1,0,59,2,8.27407,-8.54531,1,0.795259
159,75,0,1,71,2,14.7723,-6.30374,4,0.408488
159,78,-1,0,1,2,8.35767,14.3525,1,0.460387
159,79,-1,0,72,2,10.6815,10.9026,1,0.698667
159,76,0,1,73,2,-1.88427,-15.2893,4,0.387867
159,77,0,1,59,2,8.6544,-7.68534,4,0.779184
159,78,0,1,1,2,9.25713,14.5444,4,0.476081
159,75,1,2,71,2,15.1319,-5.03641,3,0.399154
159,77,1,2,59,2,7.32647,-7.86892,3,0.820491
159,78,1,2,1,2,8.02655,15.0156,3,0.513672
159,82,-1,0,30,4,-12.4914,-14.5187,1,0.506933
159,78,1,3,1,2,8.71741,13.3239,3,0.467033
160,0,-1,0,4294967295,1,-14.8093,-6.52546,1,0.321066
160,0,0,1,4294967295,1,-14.579,-5.71409,8,0.968931
160,0,0,2,4294967295,1,-15.6274,-6.70002,8,0.968931
160,0,0,3,4294967295,1,-14.3221,-7.19741,8,0.968932
160,1,-1,0,4294967295,2,7.16678,12.2004,1,1.11425
160,1,0,1,4294967295,2,6.56199,11.5108,4,1.19845
160,1,1,2,4294967295,2,7.8822,11.6351,3,1.19986
160,1,1,3,4294967295,2,6.30165,12.7943,3,1.19951
160,6,-1,0,2,3,-19.398,6.6827,1,0.432341
160,4,-1,0,0,1,-12.178,-9.15362,1,0.541375
160,6,0,4,2,3,-19.6441,5.4045,0,0.43256
160,6,4,5,2,3,-20.0093,4.11689,0,0.432939
160,6,5,6,2,3,-19.7958,2.84024,0,0.433377
160,6,6,7,2,3,-20.1008,1.58785,0,0.433757
160,6,7,8,2,3,-19.8239,0.330169,0,0.433976
160,4,0,1,0,1,-13.0529,-9.45966,8,1.60632
160,4,0,2,0,1,-11.5645,-9.72218,8,1.56584
160,17,-1,0,3,4,5.76133,6.61151,1,0.045518
160,18,-1,0,9,4,5.76071,-8.879,1,0.376281
160,17,0,4,3,4,5.52016,5.60247,2,0.0459183
160,18,0,1,9,4,5.84431,-7.88174,4,0.414857
160,22,-1,0,1,2,-9.92713,-0.335201,1,0.0113421
160,22,0,1,1,2,-10.4536,-1.07445,4,0.00291085
160,18,1,2,9,4,4.9669,-8.84882,3,0.439691
160,22,1,2,1,2,-9.19441,-0.686908,3,0.0111662
160,18,1,3,9,4,6.68375,-8.82346,3,0.419314
160,22,1,3,1,2,-10.6602,0.254486,3,1.31778e-21
160,24,-1,0,22,2,14.8173,-10.4607,1,0.337553
160,18,0,4,9,4,5.49817,-9.86381,2,0.33208
160,24,0,1,22,2,15.7296,-10.3587,4,0.447817
160,18,4,5,9,4,4.85436,-10.7368,3,0.305084
160,24,1,2,22,2,14.6009,-9.68676,3,0.503188
160,24,1,3,22,2,14.88,-11.3825,3,0.509477
160,27,-1,0,23,4,-14.4956,-1.66935,1,0.00988658
160,28,-1,0,24,2,-2.03074,-19.3802,1,0.50063
160,27,0,1,23,4,-15.2183,-2.34811,4,0.0816693
160,27,1,2,23,4,-13.9627,-2.39684,3,0.00839086
160,28,0,1,24,2,-2.85916,-18.9815,4,0.49454
160,27,1,3,23,4,-15.2515,-1.02927,3,0.0100541
160,30,-1,0,9,4,-12.4205,-13.2383,1,0.47821
160,27,0,4,23,4,-14.1668,-0.73881,2,0.000119959
160,30,0,1,9,4,-12.5432,-12.1821,4,0.547271
160,33,-1,0,17,4,0.292872,4.68541,1,0.397917
160,30,1,2,9,4,-13.5042,-13.0119,3,0.589145
160,33,0,1,17,4,0.0901398,5.72696,4,0.410886
160,30,1,3,9,4,-11.6622,-13.0551,3,0.648972
160,33,1,2,17,4,-0.723082,4.76382,3,0.367824
160,30,0,4,9,4,-12.0488,-14.2617,2,0.369851
160,33,1,3,17,4,1.30016,5.27551,3,0.473131
160,30,4,5,9,4,-11.684,-15.5868,3,0.378801
160,27,4,5,23,4,-13.6879,0.21034,3,0
160,28,1,2,24,2,-2.27733,-20.1643,3,0.500447
160,33,0,4,17,4,0.544971,3.70904,2,0.390811
160,37,-1,0,30,4,3.63419,-18.4542,1,0.100562
160,38,-1,0,27,4,-13.5819,-1.69711,1,0.9356
160,33,4,5,17,4,0.591286,3.02014,3,0.385745
160,37,0,1,30,4,4.64498,-18.4366,4,0.0917316
160,38,0,1,27,4,-12.4669,-1.76618,4,0.926669
160,40,-1,0,33,4,0.948651,4.18142,1,0.871994
160,37,1,2,30,4,3.83193,-17.4533,3,0.08813
160,28,1,3,24,2,-1.63201,-18.4654,3,0.486265
160,37,1,3,30,4,3.86117,-19.4537,3,0.096375
160,38,1,2,27,4,-13.2051,-0.759811,3,0.911902
160,37,0,4,30,4,2.64433,-18.5447,2,0.10247
160,39,-1,0,22,2,-6.75778,-15.1461,1,0.393427
160,42,-1,0,17,4,5.90713,7.41018,1,0.723822
160,42,0,1,17,4,5.40478,8.27924,4,0.722366
160,42,1,2,17,4,4.8962,7.14418,3,0.699215
160,44,-1,0,24,2,21.0805,-5.99754,1,0.10678
160,38,1,3,27,4,-13.2987,-2.69798,3,0.93556
160,42,1,3,17,4,6.59365,7.79593,3,0.75111
160,44,0,1,24,2,20.9659,-6.92177,4,0.11017
160,42,0,4,17,4,6.59272,6.65603,2,0.722881
160,4,0,3,0,1,-11.8174,-8.40434,8,1.7184
160,36,-1,0,1,2,17.8527,4.562,1,0.228828
160,45,-1,0,4,1,-6.32889,-8.94989,1,0.408413
160,44,1,2,24,2,21.8975,-5.99848,3,0.104473
160,45,0,1,4,1,-6.8244,-8.26733,8,1.22077
160,45,0,2,4,1,-6.69721,-9.70089,8,1.251
160,45,0,3,4,1,-5.49951,-8.98209,8,1.22115
160,40,0,1,33,4,1.35833,3.22739,4,0.859367
160,40,1,2,33,4,1.74742,4.44683,3,0.874556
160,81,1,3,28,2,0.955201,-23.54,3,0
160,40,1,3,33,4,0.0344531,3.30573,3,0.840882
160,37,4,5,30,4,1.97947,-18.445,3,0.098307
160,40,0,4,33,4,0.615174,5.15549,2,0.877318
160,48,-1,0,37,4,2.6662,0.471534,1,0.450893
160,48,0,1,37,4,3.69216,0.326987,4,0.445349
160,50,-1,0,4,1,-12.8871,-8.87713,1,0.22439
160,51,-1,0,6,3,-19.9332,7.27244,1,0.12001
160,48,1,2,37,4,3.18815,1.4993,3,0.485943
160,50,0,1,4,1,-13.7269,-8.96919,8,0.621766
160,51,0,1,6,3,-20.0139,8.3117,4,0.152231
160,44,1,3,24,2,20.1018,-5.91724,3,0.131241
160,48,1,3,37,4,2.77631,-0.539933,3,0.44873
160,50,0,2,4,1,-12.4608,-9.68502,8,0.708264
160,51,1,2,6,3,-21.1354,7.66465,3,0.0859475
160,52,-1,0,44,2,21.2421,-5.19876,1,0.0648137
160,48,0,4,37,4,1.65962,0.63068,2,0.384346
160,53,-1,0,28,2,0.302154,-21.982,1,0.347901
160,51,1,3,6,3,-19.0272,7.44501,3,0.105988
160,39,0,1,22,2,-5.85785,-15.2951,4,0.433438
160,48,4,5,37,4,1.02363,0.937539,3,0.354739
160,53,0,1,28,2,1.15391,-21.6501,4,0.340591
160,50,0,3,4,1,-12.5344,-8.12727,8,0.707593
160,55,-1,0,48,4,2.09622,-0.12013,1,0.2732
160,39,1,2,22,2,-6.80174,-14.3547,3,0.381188
160,53,1,2,28,2,-0.096944,-21.2571,3,0.341835
160,53,1,3,28,2,0.488252,-22.829,3,0.340247
160,39,1,3,22,2,-6.85256,-16.1466,3,0.388412
160,36,0,1,1,2,18.6912,4.93714,4,0.240935
160,52,0,1,44,2,21.5675,-4.33247,4,0.0578942
160,36,1,2,1,2,17.4094,5.24119,3,0.31968
160,58,-1,0,46,2,1.71916,-22.8609,1,0.154533
160,36,1,3,1,2,18.3057,3.6907,3,0.232714
160,59,-1,0,24,2,7.54235,-8.37486,1,0.495711
160,52,1,2,44,2,20.4487,-5.01906,3,0.0628829
160,59,0,1,24,2,7.89089,-7.53927,4,0.486969
160,60,-1,0,39,2,-6.13971,-14.6119,1,0.7422
160,61,-1,0,37,4,3.08096,-17.8429,1,0.0415999
160,51,0,4,6,3,-19.4947,6.05653,0,0.119502
160,62,-1,0,28,2,-5.54278,-11.7618,1,0.390169
160,63,-1,0,22,2,-10.7383,-0.429062,1,0.6624
160,59,1,2,24,2,6.70991,-8.05848,3,0.473808
160,62,0,1,28,2,-4.63343,-11.908,4,0.404942
160,61,0,1,37,4,2.10951,-17.5618,4,0.0318666
160,62,1,2,28,2,-5.51457,-10.9345,3,0.387057
160,51,4,5,6,3,-18.9797,4.77924,0,0.127931
160,59,1,3,24,2,8.24914,-8.8548,3,0.498623
160,64,-1,0,53,2,1.02856,-22.3688,1,1.08739
160,60,0,1,39,2,-5.55418,-13.9117,4,0.732467
160,62,1,3,28,2,-5.65302,-12.7739,3,0.378462
160,65,-1,0,1,2,4.61914,9.75269,1,0.794947
160,66,-1,0,62,2,-4.77062,-14.4785,1,0.27726
160,65,0,1,1,2,5.43316,10.2802,4,1.00354
160,66,0,1,62,2,-4.5207,-13.6149,4,0.347765
160,51,5,6,6,3,-18.0733,3.83162,0,0.13333
160,65,1,2,1,2,4.15106,10.6509,3,1.19705
160,66,1,2,62,2,-4.03179,-14.8844,3,0.29138
160,65,1,3,1,2,5.3998,8.98737,3,1.02354
160,71,-1,0,24,2,13.2914,-5.96536,1,0.437249
160,72,-1,0,65,2,9.60905,10.5366,1,0.297913
160,73,-1,0,28,2,-2.22692,-13.269,1,0.41841
160,70,-1,0,66,2,-4.01056,-14.1595,1,1.19058
160,71,0,1,24,2,12.3337,-6.01244,4,0.475033
160,72,0,1,65,2,8.66032,10.6555,4,0.351395
160,73,0,1,28,2,-2.26067,-12.343,4,0.554682
160,71,1,2,24,2,13.2769,-6.91646,3,0.436818
160,72,1,2,65,2,9.50651,9.67214,3,0.384397
160,73,1,2,28,2,-3.04305,-13.3878,3,0.478732
160,71,1,3,24,2,13.0581,-4.92203,3,0.41648
160,72,1,3,65,2,9.51934,11.5893,3,0.376125
160,73,1,3,28,2,-1.20935,-13.1689,3,0.494071
160,75,-1,0,71,2,14.0833,-5.70539,1,0.382303
160,76,-1,0,73,2,-2.42351,-14.0522,1,0.3656
160,77,-1,0,59,2,8.29778,-7.98642,1,0.906833
160,75,0,1,71,2,14.3111,-6.60525,4,0.367172
160,78,-1,0,1,2,8.38089,14.5089,1,0.464573
160,79,-1,0,72,2,10.4244,10.6801,1,0.587259
160,76,0,1,73,2,-1.94543,-14.8366,4,0.355867
160,77,0,1,59,2,9.16868,-7.60062,4,0.976865
160,78,0,1,1,2,9.00918,15.1996,4,0.473526
160,75,1,2,71,2,14.9077,-5.44967,3,0.355559
160,77,1,2,59,2,8.1133,-6.76199,3,1.14202
160,78,1,2,1,2,7.6954,15.0943,3,0.518481
160,82,-1,0,30,4,-13.0369,-13.7377,1,0.494733
160,78,1,3,1,2,9.34618,13.93,3,0.448397
160,79,0,1,72,2,10.7154,9.80921,4,0.569808
160,83,-1,0,24,2,14.0391,-10.6557,1,0.628533
160,82,0,1,30,4,-12.7344,-14.6918,4,0.4902
160,84,-1,0,65,2,3.8015,9.50914,1,0.512133
161,0,-1,0,4294967295,1,-14.8093,-6.52546,1,0.314666
161,0,0,1,4294967295,1,-14.579,-5.71409,8,0.949731
161,0,0,2,4294967295,1,-15.6274,-6.70002,8,0.949731
161,0,0,3,4294967295,1,-14.3221,-7.19741,8,0.949732
161,1,-1,0,4294967295,2,6.50984,11.6314,1,1.19048
161,1,0,1,4294967295,2,6.30596,10.7313,4,1.19948
161,1,1,2,4294967295,2,7.34729,11.5547,3,1.19986
161,1,1,3,4294967295,2,5.42635,11.705,3,1.19951
161,6,-1,0,2,3,-19.5491,6.9165,1,0.416626
161,4,-1,0,0,1,-12.178,-9.15362,1,0.535073
161,6,0,4,2,3,-19.6992,5.65596,0,0.416769
161,6,4,5,2,3,-20.0528,4.33665,0,0.417016
161,6,5,6,2,3,-19.8192,3.05997,0,0.417301
161,6,6,7,2,3,-20.0844,1.80187,0,0.417548
161,6,7,8,2,3,-19.7502,0.562995,0,0.41769
161,4,0,1,0,1,-13.0529,-9.45966,8,1.59697
161,4,0,2,0,1,-11.5645,-9.72219,8,1.57325
161,17,-1,0,3,4,5.58155,6.90139,1,0.0297103
161,18,-1,0,9,4,5.72839,-8.23708,1,0.38974
161,17,0,4,3,4,6.15392,6.02476,2,0.0297259
161,18,0,1,9,4,5.37836,-7.2493,4,0.435805
161,22,-1,0,1,2,-10.0492,-0.612827,1,0.0304809
161,22,0,1,1,2,-10.3966,-1.45237,4,0.00786637
161,18,1,2,9,4,4.98399,-8.45709,3,0.4342
161,22,1,2,1,2,-9.25328,-0.797523,3,0.00515551
161,18,1,3,9,4,6.56716,-7.63549,3,0.410422
161,24,-1,0,22,2,15.1219,-10.4592,1,0.402647
161,18,0,4,9,4,5.83424,-9.30749,2,0.344478
161,24,0,1,22,2,16.0426,-10.4103,4,0.418502
161,18,4,5,9,4,5.55559,-10.554,3,0.317791
161,24,1,2,22,2,14.968,-9.65404,3,0.431878
161,24,1,3,22,2,15.1994,-11.4386,3,0.432565
161,27,-1,0,23,4,-14.3791,-1.99814,1,0
161,28,-1,0,24,2,-2.41034,-19.2614,1,0.501312
161,27,0,1,23,4,-15.0077,-2.79834,4,0
161,27,1,2,23,4,-13.7725,-2.56004,3,0
161,28,0,1,24,2,-3.3253,-19.1694,4,0.493398
161,27,1,3,23,4,-15.0549,-1.51438,3,0
161,30,-1,0,9,4,-12.5845,-12.8476,1,0.548837
161,30,0,1,9,4,-12.8189,-11.8481,4,0.769209
161,33,-1,0,17,4,0.456708,4.90279,1,0.376361
161,30,1,2,9,4,-13.6688,-12.8141,3,0.707957
161,33,0,1,17,4,0.261704,5.9343,4,0.371988
161,30,1,3,9,4,-11.6474,-12.3164,3,0.753919
161,33,1,2,17,4,-0.562509,4.97482,3,0.353513
161,30,0,4,9,4,-12.4317,-13.8612,2,0.465197
161,33,1,3,17,4,1.44486,5.36181,3,0.3919
161,30,4,5,9,4,-12.5338,-14.5926,3,0.419211
161,28,1,2,24,2,-2.38265,-20.0885,3,0.499452
161,33,0,4,17,4,0.742495,3.90947,2,0.373899
161,37,-1,0,30,4,4.06301,-18.473,1,0.072619
161,38,-1,0,27,4,-13.5392,-1.91369,1,0.901985
161,33,4,5,17,4,0.769986,2.73107,3,0.369295
161,37,0,1,30,4,5.06814,-18.4653,4,0.0608878
161,38,0,1,27,4,-12.499,-2.19902,4,0.890625
161,40,-1,0,33,4,1.13615,4.47938,1,0.877388
161,37,1,2,30,4,4.1058,-17.6591,3,0.0551133
161,28,1,3,24,2,-2.35386,-18.2502,3,0.490444
161,37,1,3,30,4,3.99492,-19.1752,3,0.0649356
161,38,1,2,27,4,-13.0538,-1.07244,3,0.875174
161,37,0,4,30,4,3.06096,-18.6853,2,0.077388
161,39,-1,0,22,2,-6.39955,-15.2767,1,0.427913
161,42,-1,0,17,4,5.79716,7.70426,1,0.699102
161,42,0,1,17,4,5.42259,8.69085,4,0.687595
161,42,1,2,17,4,4.79658,7.61293,3,0.669389
161,44,-1,0,24,2,21.0719,-6.14979,1,0.0871608
161,38,1,3,27,4,-13.3703,-3.13878,3,0.901977
161,42,1,3,17,4,6.5437,8.11375,3,0.702386
161,44,0,1,24,2,21.1061,-7.07336,4,0.0818818
161,42,0,4,17,4,6.3047,6.79032,2,0.703701
161,4,0,3,0,1,-11.8174,-8.40434,8,1.66264
161,36,-1,0,1,2,18.1992,4.85272,1,0.224659
161,45,-1,0,4,1,-6.3285,-8.94985,1,0.402013
161,44,1,2,24,2,21.8792,-6.00866,3,0.086394
161,45,0,1,4,1,-6.82406,-8.26735,8,1.2058
161,45,0,2,4,1,-6.69674,-9.70089,8,1.22351
161,45,0,3,4,1,-5.49911,-8.98198,8,1.20601
161,40,0,1,33,4,1.54578,3.51069,4,0.849303
161,40,1,2,33,4,1.93819,4.72307,3,0.853207
161,40,1,3,33,4,0.263725,3.57652,3,0.826743
161,37,4,5,30,4,1.86575,-18.5923,3,0.0767344
161,40,0,4,33,4,0.783177,5.46376,2,0.887228
161,48,-1,0,37,4,3.27813,0.453967,1,0.436677
161,48,0,1,37,4,4.19397,-0.0154271,4,0.441583
161,50,-1,0,4,1,-12.8871,-8.87713,1,0.218081
161,51,-1,0,6,3,-19.8628,7.65979,1,0.0942693
161,48,1,2,37,4,3.67924,1.15022,3,0.534951
161,50,0,1,4,1,-13.7269,-8.96919,8,0.62632
161,51,0,1,6,3,-19.4398,8.64685,4,0.0740108
161,44,1,3,24,2,20.0747,-6.23437,3,0.0835695
161,48,1,3,37,4,3.01152,-0.414837,3,0.410635
161,50,0,2,4,1,-12.4608,-9.68502,8,0.677003
161,51,1,2,6,3,-20.7243,8.67704,3,0.0454111
161,52,-1,0,44,2,21.277,-5.36887,1,0.0368794
161,48,0,4,37,4,2.38785,0.988982,2,0.414124
161,53,-1,0,28,2,0.544593,-22.049,1,0.318612
161,51,1,3,6,3,-18.9371,7.44752,3,0.0867669
161,39,0,1,22,2,-5.51436,-15.4915,4,0.439
161,48,4,5,37,4,1.54144,1.73006,3,0.494572
161,53,0,1,28,2,1.34248,-21.6362,4,0.310214
161,50,0,3,4,1,-12.5344,-8.12727,8,0.67661
161,55,-1,0,48,4,2.4893,0.273702,1,0.2572
161,39,1,2,22,2,-6.37931,-14.4781,3,0.403683
161,53,1,2,28,2,0.039466,-21.4774,3,0.304478
161,53,1,3,28,2,0.741095,-22.8568,3,0.317083
161,39,1,3,22,2,-6.55983,-16.2851,3,0.426911
161,36,0,1,1,2,18.9813,5.33466,4,0.224059
161,52,0,1,44,2,21.7549,-4.58355,4,0.0294558
161,36,1,2,1,2,17.6702,5.46844,3,0.242805
161,36,1,3,1,2,18.7645,4.04649,3,0.215995
161,59,-1,0,24,2,7.51687,-7.36994,1,0.462981
161,52,1,2,44,2,20.5284,-5.06058,3,0.0336252
161,59,0,1,24,2,8.10709,-6.71774,4,0.452105
161,60,-1,0,39,2,-5.74415,-14.7788,1,0.7102
161,61,-1,0,37,4,3.39487,-18.0068,1,0.00960347
161,51,0,4,6,3,-20.0065,6.35038,0,0.104556
161,62,-1,0,28,2,-5.12769,-11.8704,1,0.417123
161,63,-1,0,22,2,-10.8227,-0.866659,1,0.6464
161,59,1,2,24,2,6.80547,-6.75225,3,0.438113
161,62,0,1,28,2,-4.20715,-11.8192,4,0.447423
161,61,0,1,37,4,2.40403,-17.8329,4,0.000129777
161,62,1,2,28,2,-5.29755,-11.0752,3,0.414207
161,51,4,5,6,3,-19.5492,4.9553,0,0.109655
161,59,1,3,24,2,8.11827,-8.08958,3,0.463562
161,64,-1,0,53,2,1.28569,-22.3869,1,1.07139
161,60,0,1,39,2,-5.53346,-13.8788,4,0.700467
161,62,1,3,28,2,-5.04443,-12.8382,3,0.521485
161,65,-1,0,1,2,4.43876,10.7295,1,0.679764
161,66,-1,0,62,2,-4.68262,-14.4426,1,0.318985
161,65,0,1,1,2,5.3621,10.6534,4,0.926825
161,66,0,1,62,2,-4.35502,-13.6012,4,0.315614
161,51,5,6,6,3,-18.6549,3.99801,0,0.11202
161,65,1,2,1,2,4.67173,11.8053,3,1.05764
161,66,1,2,62,2,-3.9463,-14.9003,3,0.321806
161,65,1,3,1,2,4.65041,9.53154,3,1.01277
161,71,-1,0,24,2,13.0415,-6.10264,1,0.445726
161,72,-1,0,65,2,9.10611,10.7743,1,0.350006
161,73,-1,0,28,2,-2.29635,-12.9117,1,0.543765
161,70,-1,0,66,2,-3.90859,-14.1708,1,1.19987
161,71,0,1,24,2,12.0946,-6.3345,4,0.435211
161,72,0,1,65,2,8.17736,10.6167,4,0.380866
161,73,0,1,28,2,-2.1754,-11.9845,4,0.598068
161,71,1,2,24,2,13.2401,-6.86882,3,0.44564
161,72,1,2,65,2,9.3172,9.99148,3,0.366987
161,73,1,2,28,2,-3.12199,-12.8747,3,0.715058
161,71,1,3,24,2,12.6383,-5.14377,3,0.421517
161,72,1,3,65,2,8.76329,11.7689,3,0.430361
161,73,1,3,28,2,-1.29286,-12.9837,3,0.558877
161,75,-1,0,71,2,13.8855,-6.19652,1,0.358634
161,76,-1,0,73,2,-2.55453,-13.6807,1,0.3336
161,77,-1,0,59,2,8.38711,-7.41091,1,1.00432
161,75,0,1,71,2,13.8332,-7.14291,4,0.410817
161,78,-1,0,1,2,8.63407,14.8679,1,0.460357
161,79,-1,0,72,2,9.81127,10.3082,1,0.551551
161,76,0,1,73,2,-2.03192,-14.4363,4,0.323867
161,77,0,1,59,2,9.23449,-7.87454,4,1.0741
161,78,0,1,1,2,8.68492,15.7985,4,0.470782
161,75,1,2,71,2,14.789,-6.2962,3,0.330988
161,77,1,2,59,2,8.82528,-6.63057,3,1.19818
161,78,1,2,1,2,7.78397,14.8275,3,0.471124
161,82,-1,0,30,4,-13.2191,-13.3166,1,0.465232
161,78,1,3,1,2,9.71116,14.9837,3,0.494422
161,79,0,1,72,2,10.6446,9.88468,4,0.541516
161,83,-1,0,24,2,14.352,-10.6896,1,0.612533
161,82,0,1,30,4,-13.165,-14.2923,4,0.455701
161,84,-1,0,65,2,4.31242,9.93851,1,0.534857
161,84,0,1,65,2,3.47793,10.2314,4,0.649931
162,0,-1,0,4294967295,1,-14.8093,-6.52546,1,0.310706
162,0,0,1,4294967295,1,-14.579,-5.71409,8,1.04796
162,0,0,2,4294967295,1,-15.6274,-6.70002,8,0.930599
162,0,0,3,4294967295,1,-14.3221,-7.19741,8,0.930599
162,1,-1,0,4294967295,2,6.03764,11.0692,1,1.19255
162,1,0,1,4294967295,2,6.30803,10.2092,4,1.19916
162,1,1,2,4294967295,2,6.62865,11.5021,3,1.19264
162,1,1,3,4294967295,2,5.08629,10.6734,3,1.18055
162,6,-1,0,2,3,-19.5063,7.21161,1,0.400812
162,4,-1,0,0,1,-12.1779,-9.15371,1,0.197074
162,6,0,4,2,3,-19.7075,5.97249,0,0.400905
162,6,4,5,2,3,-20.0839,4.59326,0,0.401066
162,6,5,6,2,3,-19.8342,3.29067,0,0.401251
162,6,6,7,2,3,-20.069,2.00938,0,0.401412
162,6,7,8,2,3,-19.7197,0.762107,0,0.401505
162,4,0,1,0,1,-13.0529,-9.45964,8,1.65891
162,4,0,2,0,1,-11.5658,-9.72587,8,1.54279
162,17,-1,0,3,4,5.47929,7.30544,1,0.0137178
162,18,-1,0,9,4,5.50335,-7.80808,1,0.369785
162,17,0,4,3,4,6.12504,6.47548,2,0.0137184
162,18,0,1,9,4,4.95266,-6.90478,4,0.397521
162,22,-1,0,1,2,-10.166,-0.944139,1,0
162,22,0,1,1,2,-10.2076,-1.85323,4,0
162,18,1,2,9,4,4.49267,-8.07379,3,0.434473
162,22,1,2,1,2,-9.37025,-0.826475,3,0
162,18,1,3,9,4,6.21246,-6.92088,3,0.495404
162,24,-1,0,22,2,15.4322,-10.4692,1,0.393026
162,18,0,4,9,4,6.08531,-8.68463,2,0.344769
162,24,0,1,22,2,16.3507,-10.3974,4,0.390304
162,18,4,5,9,4,6.36671,-9.33207,3,0.325944
162,24,1,2,22,2,15.253,-9.67326,3,0.396539
162,24,1,3,22,2,15.5246,-11.4383,3,0.392918
162,28,-1,0,24,2,-2.82034,-19.151,1,0.521859
162,28,0,1,24,2,-3.72273,-19.3255,4,0.494758
162,86,1,3,23,4,-14.9688,-1.71512,3,0
162,30,-1,0,9,4,-13.0045,-12.301,1,0.544785
162,30,0,1,9,4,-13.3576,-11.2326,4,0.68122
162,33,-1,0,17,4,0.628469,5.10381,1,0.347072
162,30,1,2,9,4,-13.8428,-12.3485,3,0.761082
162,33,0,1,17,4,0.513536,6.17961,4,0.335862
162,30,1,3,9,4,-12.1727,-11.5978,3,0.621427
162,33,1,2,17,4,-0.393383,5.32051,3,0.320655
162,30,0,4,9,4,-12.5149,-13.2761,2,0.475727
162,33,1,3,17,4,1.5487,5.40871,3,0.347124
162,30,4,5,9,4,-12.5534,-14.3277,3,0.502228
162,28,1,2,24,2,-2.55512,-19.9183,3,0.483587
162,33,0,4,17,4,0.843847,4.07602,2,0.349461
162,37,-1,0,30,4,4.24938,-18.5516,1,0.0440762
162,38,-1,0,27,4,-13.3155,-2.22671,1,0.898586
162,33,4,5,17,4,0.775366,2.85602,3,0.345902
162,37,0,1,30,4,5.31032,-18.5252,4,0.0302633
162,38,0,1,27,4,-12.3439,-2.68904,4,0.887446
162,40,-1,0,33,4,1.32167,4.67589,1,0.840887
162,37,1,2,30,4,4.54011,-17.5283,3,0.0239258
162,28,1,3,24,2,-2.98344,-18.2156,3,0.49003
162,37,1,3,30,4,4.48251,-19.4745,3,0.0329885
162,38,1,2,27,4,-12.6648,-1.47395,3,0.871482
162,37,0,4,30,4,3.18832,-18.6871,2,0.0500106
162,39,-1,0,22,2,-5.91615,-15.3258,1,0.398987
162,42,-1,0,17,4,5.74992,8.09388,1,0.677325
162,42,0,1,17,4,5.57885,9.08007,4,0.752977
162,42,1,2,17,4,4.71989,8.15614,3,0.643694
162,44,-1,0,24,2,21.0818,-6.30636,1,0.0768443
162,38,1,3,27,4,-13.4286,-3.35539,3,0.898584
162,42,1,3,17,4,6.5325,8.20342,3,0.672926
162,44,0,1,24,2,21.333,-7.20635,4,0.0827163
162,42,0,4,17,4,6.20107,7.20447,2,0.677974
162,4,0,3,0,1,-11.8174,-8.40434,8,1.59517
162,36,-1,0,1,2,18.533,5.12417,1,0.231467
162,45,-1,0,4,1,-6.32822,-8.94982,1,0.395613
162,44,1,2,24,2,21.8507,-6.00367,3,0.075842
162,45,0,1,4,1,-6.82384,-8.26735,8,1.18907
162,45,0,2,4,1,-6.69641,-9.70089,8,1.19945
162,45,0,3,4,1,-5.49883,-8.98188,8,1.1892
162,40,0,1,33,4,1.8885,3.79491,4,0.818863
162,40,1,2,33,4,2.2482,5.02968,3,0.826606
162,40,1,3,33,4,0.634194,3.48703,3,0.799286
162,37,4,5,30,4,2.03381,-18.6658,3,0.0494297
162,40,0,4,33,4,0.931662,5.65664,2,0.852474
162,48,-1,0,37,4,3.73971,0.467706,1,0.440644
162,48,0,1,37,4,4.68091,-0.00673837,4,0.446341
162,50,-1,0,4,1,-12.8871,-8.87713,1,0.223441
162,51,-1,0,6,3,-19.466,8.00041,1,0.149807
162,48,1,2,37,4,4.20142,1.169,3,0.463483
162,50,0,1,4,1,-13.7269,-8.96918,8,0.711677
162,51,0,1,6,3,-18.6376,8.64682,4,0.115975
162,44,1,3,24,2,20.1313,-6.64485,3,0.108043
162,48,1,3,37,4,3.5504,-0.519878,3,0.440489
162,50,0,2,4,1,-12.4608,-9.68502,8,0.659563
162,51,1,2,6,3,-19.7529,9.29039,3,0.0910639
162,52,-1,0,44,2,21.2272,-5.50253,1,0.00839104
162,48,0,4,37,4,2.88712,1.10792,2,0.435987
162,53,-1,0,28,2,0.759694,-21.9898,1,0.287597
162,51,1,3,6,3,-18.7117,7.33055,3,0.10238
162,39,0,1,22,2,-5.13708,-15.7788,4,0.38757
162,48,4,5,37,4,2.19178,2.12033,3,0.433115
162,53,0,1,28,2,1.64287,-21.7431,4,0.278055
162,50,0,3,4,1,-12.5344,-8.12727,8,0.659333
162,55,-1,0,48,4,2.9809,0.184328,1,0.2412
162,39,1,2,22,2,-5.74554,-14.6104,3,0.372207
162,53,1,2,28,2,0.4706,-21.1661,3,0.268585
162,53,1,3,28,2,1.00378,-22.9571,3,0.287291
162,39,1,3,22,2,-6.38194,-16.2237,3,0.398787
162,36,0,1,1,2,19.2654,5.68138,4,0.225336
162,52,0,1,44,2,21.9006,-4.86891,4,0.000763126
162,36,1,2,1,2,17.9551,5.70286,3,0.22549
162,36,1,3,1,2,19.1886,4.37216,3,0.229573
162,59,-1,0,24,2,7.80427,-6.50886,1,0.464782
162,52,1,2,44,2,20.5943,-5.02443,3,0.0048022
162,59,0,1,24,2,8.6141,-6.123,4,0.480916
162,60,-1,0,39,2,-5.18198,-14.9404,1,0.6782
162,61,-1,0,37,4,3.74853,-17.9168,1,0
162,51,0,4,6,3,-20.1473,6.8822,0,0.116955
162,62,-1,0,28,2,-4.65307,-11.9503,1,0.447149
162,63,-1,0,22,2,-10.9537,-1.09471,1,0.6304
162,59,1,2,24,2,7.31913,-5.89258,3,0.535943
162,62,0,1,28,2,-3.83131,-11.5283,4,0.446837
162,61,0,1,37,4,2.74853,-18.0464,4,0
162,62,1,2,28,2,-5.12794,-11.2794,3,0.446561
162,51,4,5,6,3,-20.1958,5.43994,0,0.0973384
162,59,1,3,24,2,7.96844,-7.31799,3,0.459814
162,64,-1,0,53,2,1.45763,-22.4122,1,1.05539
162,60,0,1,39,2,-5.44615,-14.0173,4,0.668467
162,62,1,3,28,2,-4.19254,-12.7976,3,0.454849
162,65,-1,0,1,2,4.68132,11.2724,1,0.434047
162,66,-1,0,62,2,-4.60999,-14.4239,1,0.310075
162,65,0,1,1,2,5.58695,10.8893,4,0.910717
162,66,0,1,62,2,-4.23397,-13.6124,4,0.339914
162,51,5,6,6,3,-19.3921,4.3688,0,0.0932812
162,65,1,2,1,2,4.84851,11.9639,3,1.04923
162,66,1,2,62,2,-3.88972,-14.9256,3,0.466416
162,65,1,3,1,2,4.65848,9.94784,3,0.962608
162,71,-1,0,24,2,12.8203,-6.40342,1,0.450917
162,72,-1,0,65,2,8.71587,10.6679,1,0.352559
162,73,-1,0,28,2,-2.28082,-12.5578,1,0.433617
162,70,-1,0,66,2,-3.82655,-14.1878,1,1.19147
162,71,0,1,24,2,11.8619,-6.55863,4,0.461646
162,72,0,1,65,2,7.78859,10.497,4,0.465432
162,73,0,1,28,2,-1.90163,-11.6201,4,0.580237
162,71,1,2,24,2,12.9635,-7.23738,3,0.448575
162,72,1,2,65,2,8.88964,9.77762,3,0.355456
162,73,1,2,28,2,-3.11838,-11.9999,3,0.751143
162,71,1,3,24,2,12.2844,-5.30418,3,0.509333
162,72,1,3,65,2,8.21073,11.7218,3,0.357722
162,73,1,3,28,2,-1.48387,-12.793,3,0.562264
162,75,-1,0,71,2,13.5815,-6.81918,1,0.406602
162,76,-1,0,73,2,-1.96952,-13.3538,1,0.347172
162,77,-1,0,59,2,8.55443,-6.8782,1,1.05488
162,75,0,1,71,2,13.4534,-7.78311,4,0.430468
162,78,-1,0,1,2,8.85485,15.3698,1,0.44604
162,79,-1,0,72,2,9.54729,10.641,1,0.677516
162,76,0,1,73,2,-2.35712,-14.2415,4,0.361268
162,77,0,1,59,2,8.59228,-7.80945,4,1.07077
162,78,0,1,1,2,8.24937,16.0656,4,0.441968
162,75,1,2,71,2,14.5477,-7.09128,3,0.378775
162,77,1,2,59,2,9.37657,-6.73846,3,1.10006
162,78,1,2,1,2,8.2959,14.7467,3,0.444942
162,82,-1,0,30,4,-13.4913,-13.037,1,0.449424
162,78,1,3,1,2,9.57226,16.1682,3,0.446545
162,79,0,1,72,2,10.3423,10.1501,4,0.59155
162,83,-1,0,24,2,14.6592,-10.6879,1,0.596533
162,82,0,1,30,4,-13.7577,-14.0379,4,0.453544
162,84,-1,0,65,2,4.5629,10.5312,1,0.59017
162,84,0,1,65,2,3.73786,10.8553,4,0.580884
162,82,1,2,30,4,-12.7988,-13.2659,3,0.475828
162,76,1,2,73,2,-1.37629,-13.4545,3,0.39036
162,84,1,2,65,2,4.46911,9.75643,3,0.527855
162,74,-1,0,4,1,-11.3769,-9.16636,1,0.6392
163,0,-1,0,4294967295,1,-14.8093,-6.52546,1,0.313825
163,0,0,1,4294967295,1,-14.579,-5.71409,8,0.993188
163,0,0,2,4294967295,1,-15.6274,-6.70002,8,0.924423
163,0,0,3,4294967295,1,-14.3221,-7.19741,8,0.924423
163,1,-1,0,4294967295,2,6.34141,10.5396,1,1.19973
163,1,0,1,4294967295,2,7.09773,10.0404,4,1.18941
163,1,1,2,4294967295,2,6.62464,11.2765,3,1.18447
163,1,1,3,4294967295,2,5.81681,10.1297,3,1.17758
163,6,-1,0,2,3,-19.1875,7.34242,1,0.384933
163,4,-1,0,0,1,-12.1465,-9.1942,1,0.489989
163,6,0,4,2,3,-19.6881,6.17313,0,0.384993
163,6,4,5,2,3,-20.4473,5.02198,0,0.385098
163,6,5,6,2,3,-20.0263,3.70021,0,0.385219
163,6,6,7,2,3,-20.0718,2.34244,0,0.385323
163,6,7,8,2,3,-19.7157,1.05573,0,0.385384
163,4,0,1,0,1,-13.0304,-9.44683,8,1.51511
163,4,0,2,0,1,-11.6517,-9.88301,8,1.44707
163,17,-1,0,3,4,5.42598,7.79975,1,0
163,18,-1,0,9,4,5.12387,-7.10558,1,0.37498
163,17,0,4,3,4,5.60321,6.78032,2,0
163,18,0,1,9,4,4.32124,-6.48367,4,0.41511
163,22,-1,0,1,2,-10.2503,-1.19541,1,0
163,18,1,2,9,4,4.37457,-7.75395,3,0.503347
163,18,1,3,9,4,5.59563,-6.50506,3,0.43898
163,24,-1,0,22,2,15.7365,-10.4826,1,0.368535
163,18,0,4,9,4,6.02266,-7.62082,2,0.346544
163,24,0,1,22,2,16.6409,-10.3184,4,0.362108
163,18,4,5,9,4,6.88618,-8.489,3,0.329069
163,24,1,2,22,2,15.4711,-9.71786,3,0.36626
163,24,1,3,22,2,15.8955,-11.4195,3,0.363127
163,28,-1,0,24,2,-3.22963,-19.1564,1,0.476956
163,28,0,1,24,2,-4.13664,-19.3189,4,0.464465
163,86,1,3,23,4,-14.7815,-1.79327,3,0
163,30,-1,0,9,4,-13.416,-12.0865,1,0.536955
163,30,0,1,9,4,-14.0115,-11.2186,4,0.805189
163,33,-1,0,17,4,0.844231,5.18598,1,0.334845
163,30,1,2,9,4,-14.5005,-12.381,3,0.857596
163,33,0,1,17,4,0.791381,6.27665,4,0.307259
163,30,1,3,9,4,-12.7409,-11.0673,3,0.733858
163,33,1,2,17,4,-0.247766,5.57555,3,0.288205
163,30,0,4,9,4,-12.6679,-12.8398,2,0.440634
163,33,1,3,17,4,1.81796,5.54165,3,0.312692
163,30,4,5,9,4,-11.9095,-13.8882,3,0.428731
163,28,1,2,24,2,-2.98471,-19.9362,3,0.455541
163,33,0,4,17,4,0.891754,4.20934,2,0.360259
163,37,-1,0,30,4,4.52511,-18.6479,1,0.015702
163,38,-1,0,27,4,-12.991,-2.59576,1,0.898586
163,33,4,5,17,4,0.804316,3.45895,3,0.375232
163,37,0,1,30,4,5.51496,-18.6328,4,0.00140634
163,38,0,1,27,4,-12.176,-3.22243,4,0.887446
163,40,-1,0,33,4,1.6143,4.75591,1,0.826386
163,37,1,2,30,4,4.67504,-17.6502,3,0
163,28,1,3,24,2,-3.40026,-18.2075,3,0.470599
163,37,1,3,30,4,4.63934,-19.5709,3,0.00281484
163,38,1,2,27,4,-12.5386,-2.00118,3,0.871482
163,37,0,4,30,4,3.53643,-18.7008,2,0.0227251
163,39,-1,0,22,2,-5.54454,-15.53,1,0.384935
163,42,-1,0,17,4,5.84749,8.50302,1,0.717038
163,42,0,1,17,4,5.8284,9.5208,4,0.770704
163,42,1,2,17,4,4.81893,8.78432,3,0.703714
163,44,-1,0,24,2,21.1934,-6.4714,1,0.0591468
163,38,1,3,27,4,-13.4515,-3.23901,3,0.898584
163,42,1,3,17,4,6.66192,8.57021,3,0.868284
163,44,0,1,24,2,21.5923,-7.31654,4,0.0541987
163,42,0,4,17,4,6.10214,7.50061,2,0.688241
163,4,0,3,0,1,-11.842,-8.41111,8,1.47776
163,36,-1,0,1,2,18.8558,5.42873,1,0.203761
163,45,-1,0,4,1,-6.32802,-8.94981,1,0.389213
163,44,1,2,24,2,21.8964,-6.04481,3,0.0541231
163,45,0,1,4,1,-6.82368,-8.26736,8,1.17132
163,45,0,2,4,1,-6.69618,-9.70089,8,1.1774
163,45,0,3,4,1,-5.49863,-8.98183,8,1.1714
163,40,0,1,33,4,2.31882,3.93027,4,0.846363
163,40,1,2,33,4,2.43787,5.18039,3,0.817353
163,40,1,3,33,4,1.14142,3.93104,3,0.789375
163,37,4,5,30,4,2.8556,-18.5709,3,0.0213082
163,40,0,4,33,4,1.09916,5.65245,2,0.821648
163,48,-1,0,37,4,4.23207,0.567739,1,0.448342
163,48,0,1,37,4,5.17546,0.224439,4,0.558728
163,50,-1,0,4,1,-12.8672,-8.88025,1,0.246498
163,51,-1,0,6,3,-18.8079,8.06445,1,0.15579
163,48,1,2,37,4,4.55404,1.35965,3,0.514909
163,50,0,1,4,1,-13.7083,-8.96112,8,0.748241
163,51,0,1,6,3,-17.7661,8.31852,4,0.117146
163,44,1,3,24,2,20.2963,-7.00796,3,0.0605186
163,48,1,3,37,4,4.16165,-0.523677,3,0.404871
163,50,0,2,4,1,-12.4729,-9.70596,8,0.717705
163,51,1,2,6,3,-18.5417,9.33986,3,0.0969751
163,52,-1,0,44,2,21.1179,-5.65531,1,0
163,48,0,4,37,4,3.3941,1.10751,2,0.454218
163,53,-1,0,28,2,1.14291,-21.807,1,0.256501
163,51,1,3,6,3,-18.3948,7.19817,3,0.0994882
163,39,0,1,22,2,-4.79998,-16.0115,4,0.382912
163,48,4,5,37,4,2.96869,1.63814,3,0.449629
163,53,0,1,28,2,2.05112,-21.9255,4,0.248019
163,50,0,3,4,1,-12.5207,-8.1264,8,0.71757
163,55,-1,0,48,4,3.50277,0.207263,1,0.2252
163,39,1,2,22,2,-5.40567,-14.8274,3,0.358935
163,53,1,2,28,2,1.1329,-20.9876,3,0.242689
163,53,1,3,28,2,1.00288,-22.8215,3,0.256426
163,39,1,3,22,2,-6.10879,-16.1315,3,0.413052
163,36,0,1,1,2,19.6426,5.90423,4,0.196221
163,52,0,1,44,2,21.9282,-5.21309,4,0
163,36,1,2,1,2,18.3414,6.06015,3,0.192625
163,36,1,3,1,2,19.4073,4.61276,3,0.203383
163,59,-1,0,24,2,8.18178,-5.93277,1,0.459491
163,52,1,2,44,2,20.6348,-4.97612,3,0
163,59,0,1,24,2,9.0465,-5.7755,4,0.556735
163,60,-1,0,39,2,-4.80644,-15.162,1,0.6462
163,51,0,4,6,3,-19.9204,7.38379,0,0.124881
163,62,-1,0,28,2,-4.22176,-11.8895,1,0.423506
163,63,-1,0,22,2,-11.049,-1.24072,1,0.6144
163,59,1,2,24,2,7.84235,-5.20416,3,0.473704
163,62,0,1,28,2,-3.61408,-11.1911,4,0.416295
163,62,1,2,28,2,-4.90051,-11.4192,3,0.410005
163,51,4,5,6,3,-20.4313,6.05031,0,0.0987201
163,59,1,3,24,2,8.07432,-6.70219,3,0.439444
163,64,-1,0,53,2,1.61987,-22.4557,1,1.06339
163,60,0,1,39,2,-4.98353,-14.2224,4,0.636467
163,62,1,3,28,2,-3.46768,-12.5143,3,0.424624
163,65,-1,0,1,2,4.74996,11.2442,1,0.786849
163,66,-1,0,62,2,-4.3795,-14.4457,1,0.359595
163,65,0,1,1,2,5.68042,11.1694,4,0.847305
163,66,0,1,62,2,-4.06583,-13.6009,4,0.373105
163,51,5,6,6,3,-19.8054,4.77066,0,0.0884439
163,65,1,2,1,2,5.00242,12.3336,3,0.944293
163,66,1,2,62,2,-3.80835,-14.9344,3,0.390822
163,65,1,3,1,2,4.91652,10.1021,3,0.858703
163,71,-1,0,24,2,12.1804,-6.68324,1,0.349181
163,72,-1,0,65,2,8.33095,10.5328,1,0.404469
163,73,-1,0,28,2,-2.17614,-11.9274,1,0.0828007
163,70,-1,0,66,2,-3.6067,-14.2033,1,1.19987
163,71,0,1,24,2,11.2906,-6.76494,4,0.458973
163,72,0,1,65,2,7.48879,10.263,4,0.405465
163,73,0,1,28,2,-1.46745,-11.2812,4,0.567791
163,71,1,2,24,2,12.4297,-7.47295,3,0.537158
163,72,1,2,65,2,8.70925,9.81658,3,0.38711
163,73,1,2,28,2,-2.7534,-11.3437,3,0.644727
163,71,1,3,24,2,12.1186,-5.68726,3,0.453607
163,72,1,3,65,2,7.99723,11.4297,3,0.38977
163,73,1,3,28,2,-1.27882,-12.5977,3,0.582998
163,75,-1,0,71,2,13.7519,-7.72058,1,0.449083
163,76,-1,0,73,2,-2.19645,-12.8607,1,0.338881
163,77,-1,0,59,2,8.73769,-6.58168,1,1.04619
163,75,0,1,71,2,12.9902,-8.21301,4,0.491316
163,78,-1,0,1,2,8.87004,15.8746,1,0.449155
163,79,-1,0,72,2,9.06217,10.8381,1,0.608888
163,76,0,1,73,2,-2.68464,-13.6904,4,0.355825
163,77,0,1,59,2,8.29848,-7.42888,4,1.0443
163,78,0,1,1,2,8.01619,16.2367,4,0.441551
163,75,1,2,71,2,14.3289,-8.06403,3,0.428184
163,77,1,2,59,2,9.50523,-6.92787,3,1.05522
163,78,1,2,1,2,8.61532,15.081,3,0.432252
163,82,-1,0,30,4,-13.9131,-12.7601,1,0.53419
163,78,1,3,1,2,9.17268,16.856,3,0.449255
163,79,0,1,72,2,9.90184,10.4733,4,0.596179
163,83,-1,0,24,2,14.9547,-10.6644,1,0.580533
163,82,0,1,30,4,-14.4622,-13.63,4,0.545016
163,84,-1,0,65,2,4.21505,10.6109,1,0.547922
163,84,0,1,65,2,3.45167,11.1899,4,0.53551
163,82,1,2,30,4,-13.169,-13.5884,3,0.46224
163,76,1,2,73,2,-1.37972,-13.5223,3,0.347507
163,84,1,2,65,2,3.58147,9.90401,3,0.535476
163,74,-1,0,4,1,-11.3603,-8.95967,1,0.7432
163,82,1,3,30,4,-15.1606,-12.5219,3,0.700469
163,75,1,3,71,2,13.136,-6.89188,3,0.480179
163,76,1,3,73,2,-2.93322,-12.3883,3,0.49136
164,0,-1,0,4294967295,1,-14.8093,-6.52546,1,0.307466
164,0,0,1,4294967295,1,-14.579,-5.71409,8,0.954993
164,0,0,2,4294967295,1,-15.6274,-6.70002,8,0.9147
164,0,0,3,4294967295,1,-14.3221,-7.19741,8,0.9147
164,1,-1,0,4294967295,2,6.77222,10.331,1,1.19226
164,1,0,1,4294967295,2,7.06764,9.52844,4,1.19947
164,1,1,2,4294967295,2,7.48239,10.8639,3,1.19728
164,1,1,3,4294967295,2,6.02674,10.3637,3,1.19976
164,6,-1,0,2,3,-18.594,7.28154,1,0.369012
164,4,-1,0,0,1,-12.1685,-9.17862,1,0.504741
164,6,0,4,2,3,-19.5163,6.39462,0,0.369051
164,6,4,5,2,3,-20.5641,5.42643,0,0.369119
164,6,5,6,2,3,-20.3953,4.10037,0,0.369198
164,6,6,7,2,3,-20.3171,2.78637,0,0.369266
164,6,7,8,2,3,-19.7084,1.61798,0,0.369305
164,4,0,1,0,1,-13.0532,-9.46274,8,1.49089
164,4,0,2,0,1,-11.5967,-9.80158,8,1.53394
164,18,-1,0,9,4,4.80399,-6.61252,1,0.367796
164,18,0,1,9,4,3.89159,-6.08568,4,0.387752
164,18,1,2,9,4,4.20909,-7.2908,3,0.395801
164,18,1,3,9,4,5.12416,-5.81791,3,0.401944
164,24,-1,0,22,2,16.0161,-10.4667,1,0.341153
164,18,0,4,9,4,5.77923,-7.0519,2,0.34506
164,24,0,1,22,2,16.9106,-10.248,4,0.334104
164,18,4,5,9,4,6.75531,-7.63446,3,0.328815
164,24,1,2,22,2,15.7152,-9.70879,3,0.33423
164,24,1,3,22,2,16.2497,-11.4057,3,0.338703
164,28,-1,0,24,2,-3.6988,-19.2611,1,0.463213
164,28,0,1,24,2,-4.61697,-19.1506,4,0.462228
164,86,1,3,23,4,-14.6496,-1.84832,3,0
164,30,-1,0,9,4,-13.8354,-12.0059,1,0.474101
164,30,0,1,9,4,-14.7017,-11.3499,4,0.59864
164,33,-1,0,17,4,1.18989,5.36895,1,0.310768
164,30,1,2,9,4,-14.7276,-12.5632,3,0.664465
164,33,0,1,17,4,1.24492,6.48449,4,0.297742
164,30,1,3,9,4,-13.4296,-11.1623,3,0.657564
164,33,1,2,17,4,0.191376,5.79092,3,0.263953
164,30,0,4,9,4,-12.8928,-12.3332,2,0.459959
164,33,1,3,17,4,2.11972,5.61059,3,0.351068
164,30,4,5,9,4,-12.3513,-12.7304,3,0.5666
164,28,1,2,24,2,-3.71194,-20.0933,3,0.47093
164,33,0,4,17,4,0.872356,4.3828,2,0.326765
164,37,-1,0,30,4,4.9985,-18.7155,1,0.000858445
164,38,-1,0,27,4,-12.8768,-2.77652,1,0.898586
164,33,4,5,17,4,0.0473189,3.35278,3,0.333371
164,37,0,1,30,4,5.9666,-18.701,4,1.06064e-05
164,38,0,1,27,4,-12.198,-3.54335,4,0.887446
164,40,-1,0,33,4,2.00417,4.9995,1,0.866105
164,28,1,3,24,2,-3.62787,-18.2507,3,0.461943
164,37,1,3,30,4,4.89644,-19.4239,3,0
164,38,1,2,27,4,-12.1948,-2.25933,3,0.871482
164,37,0,4,30,4,3.98366,-18.718,2,0.00628299
164,39,-1,0,22,2,-5.26767,-15.6596,1,0.462033
164,42,-1,0,17,4,5.99827,8.62755,1,0.749281
164,42,0,1,17,4,6.24876,9.60879,4,0.801335
164,42,1,2,17,4,5.04641,9.16026,3,0.753976
164,44,-1,0,24,2,21.337,-6.66428,1,0.0326306
164,38,1,3,27,4,-13.4681,-3.40416,3,0.898584
164,42,1,3,17,4,7.0153,8.58404,3,0.843383
164,44,0,1,24,2,21.7891,-7.45862,4,0.0254961
164,42,0,4,17,4,5.83758,7.62394,2,0.716426
164,4,0,3,0,1,-11.8082,-8.42464,8,1.57636
164,36,-1,0,1,2,19.1689,5.74641,1,0.175103
164,45,-1,0,4,1,-6.32789,-8.9498,1,0.382813
164,44,1,2,24,2,21.9757,-6.15915,3,0.0222487
164,45,0,1,4,1,-6.82356,-8.26737,8,1.15297
164,45,0,2,4,1,-6.69603,-9.70089,8,1.15653
164,45,0,3,4,1,-5.4985,-8.9818,8,1.15301
164,40,0,1,33,4,2.8548,4.36845,4,0.861863
164,40,1,2,33,4,2.85382,5.65724,3,0.822474
164,40,1,3,33,4,1.72109,3.84802,3,0.936949
164,37,4,5,30,4,2.71892,-18.388,3,0.00936465
164,40,0,4,33,4,1.40854,5.84054,2,0.850113
164,48,-1,0,37,4,4.9273,0.570087,1,0.479327
164,48,0,1,37,4,5.95435,0.520654,4,0.549231
164,50,-1,0,4,1,-12.8874,-8.87032,1,0.234904
164,51,-1,0,6,3,-18.0567,7.89919,1,0.206193
164,48,1,2,37,4,4.94973,1.32325,3,0.506804
164,50,0,1,4,1,-13.7283,-8.97075,8,0.722325
164,51,0,1,6,3,-17.0194,8.10916,4,0.192638
164,44,1,3,24,2,20.4958,-7.11958,3,0.0327375
164,48,1,3,37,4,4.99718,-0.262255,3,0.461216
164,50,0,2,4,1,-12.4537,-9.67196,8,0.704432
164,51,1,2,6,3,-17.9654,9.01224,3,0.189531
164,48,0,4,37,4,3.92096,0.842582,2,0.450056
164,53,-1,0,28,2,1.55659,-21.7473,1,0.23342
164,51,1,3,6,3,-17.4856,6.90874,3,0.121169
164,39,0,1,22,2,-4.53511,-16.1554,4,0.479232
164,48,4,5,37,4,2.85124,1.50755,3,0.437269
164,53,0,1,28,2,2.37707,-22.1146,4,0.225902
164,50,0,3,4,1,-12.5375,-8.11687,8,0.704353
164,55,-1,0,48,4,4.23537,0.136395,1,0.2092
164,39,1,2,22,2,-5.14868,-14.9781,3,0.437088
164,53,1,2,28,2,1.74082,-20.9574,3,0.228835
164,53,1,3,28,2,1.06511,-22.4752,3,0.226797
164,39,1,3,22,2,-5.83468,-16.3867,3,0.50599
164,36,0,1,1,2,20.0518,6.00341,4,0.167459
164,36,1,2,1,2,18.8334,6.49218,3,0.163669
164,36,1,3,1,2,19.5058,4.8079,3,0.175027
164,59,-1,0,24,2,8.53593,-5.59819,1,0.511648
164,87,1,2,44,2,20.6786,-5.06393,3,0
164,59,0,1,24,2,9.42761,-5.68385,4,0.559183
164,60,-1,0,39,2,-4.54582,-15.2299,1,0.692967
164,51,0,4,6,3,-19.3053,7.57152,0,0.137796
164,62,-1,0,28,2,-4.02043,-11.6443,1,0.39421
164,63,-1,0,22,2,-11.1131,-1.34328,1,0.614267
164,59,1,2,24,2,8.4502,-4.7898,3,0.714609
164,62,0,1,28,2,-3.27253,-11.1365,4,0.385921
164,62,1,2,28,2,-4.60479,-11.2059,3,0.38759
164,51,4,5,6,3,-20.303,6.62067,0,0.101687
164,59,1,3,24,2,8.27125,-6.35991,3,0.487287
164,64,-1,0,53,2,1.77077,-22.5431,1,1.04739
164,60,0,1,39,2,-4.85012,-14.3291,4,0.645699
164,62,1,3,28,2,-3.68404,-12.3875,3,0.385865
164,65,-1,0,1,2,5.09811,11.4409,1,0.594302
164,66,-1,0,62,2,-4.06349,-14.5427,1,0.378139
164,65,0,1,1,2,6.00334,11.3198,4,0.689569
164,66,0,1,62,2,-3.77629,-13.6828,4,0.375792
164,51,5,6,6,3,-19.8955,5.35266,0,0.0891696
164,65,1,2,1,2,5.04004,12.2253,3,0.756449
164,66,1,2,62,2,-3.27499,-14.949,3,0.384376
164,65,1,3,1,2,5.02309,10.4637,3,0.725583
164,71,-1,0,24,2,11.5031,-6.84057,1,0.471401
164,72,-1,0,65,2,8.34641,10.5196,1,0.42336
164,73,-1,0,28,2,-1.74025,-11.1963,1,0.493599
164,70,-1,0,66,2,-3.30374,-14.2521,1,1.18468
164,71,0,1,24,2,10.6167,-6.73736,4,0.577875
164,72,0,1,65,2,7.44204,10.3831,4,0.393081
164,73,0,1,28,2,-0.851703,-10.9228,4,0.588245
164,71,1,2,24,2,11.6364,-7.59032,3,0.619459
164,72,1,2,65,2,8.47031,9.67048,3,0.374312
164,73,1,2,28,2,-2.05759,-10.4269,3,0.700619
164,71,1,3,24,2,11.7494,-6.02167,3,0.491994
164,72,1,3,65,2,8.10369,11.536,3,0.390672
164,73,1,3,28,2,-1.42749,-12.1322,3,0.561733
164,75,-1,0,71,2,13.7232,-8.27655,1,0.53551
164,76,-1,0,73,2,-2.21146,-12.9345,1,0.357624
164,77,-1,0,59,2,8.96405,-6.32237,1,1.05803
164,75,0,1,71,2,12.9407,-8.79409,4,0.540587
164,78,-1,0,1,2,8.60653,16.2719,1,0.417865
164,79,-1,0,72,2,8.85585,11.1444,1,0.575458
164,76,0,1,73,2,-2.95242,-13.4407,4,0.376252
164,77,0,1,59,2,8.37537,-7.06788,4,1.08902
164,78,0,1,1,2,7.7554,16.6268,4,0.407928
164,75,1,2,71,2,14.217,-9.12728,3,0.658976
164,77,1,2,59,2,9.6442,-6.76555,3,1.15866
164,78,1,2,1,2,8.38898,15.4862,3,0.396935
164,82,-1,0,30,4,-14.3978,-12.6199,1,0.604933
164,78,1,3,1,2,8.9369,17.1961,3,0.417885
164,79,0,1,72,2,9.65413,10.6838,4,0.565609
164,83,-1,0,24,2,15.2302,-10.6322,1,0.564533
164,82,0,1,30,4,-15.1971,-13.3732,4,0.573628
164,84,-1,0,65,2,3.54166,10.8806,1,0.512105
164,84,0,1,65,2,2.70227,11.2916,4,0.500546
164,82,1,2,30,4,-14.0115,-13.8418,3,0.510527
164,76,1,2,73,2,-1.61571,-13.504,3,0.415935
164,84,1,2,65,2,3.1561,10.0508,3,0.509619
164,74,-1,0,4,1,-11.3665,-9.07106,1,0.7272
164,82,1,3,30,4,-15.1425,-12.0914,3,0.633346
164,75,1,3,71,2,12.9593,-7.47433,3,0.595618
164,76,1,3,73,2,-2.66196,-12.1511,3,0.369644
164,84,1,3,65,2,3.8189,11.9616,3,0.488161
164,82,0,4,30,4,-13.9482,-11.6245,2,0.64937
165,0,-1,0,4294967295,1,-14.8093,-6.52546,1,0.301066
165,0,0,1,4294967295,1,-14.579,-5.71409,8,0.924671
165,0,0,2,4294967295,1,-15.6274,-6.70002,8,0.901061
165,0,0,3,4294967295,1,-14.3221,-7.19741,8,0.901061
165,1,-1,0,4294967295,2,6.9903,10.757,1,1.18993
165,1,0,1,4294967295,2,7.17559,9.79,4,1.19454
165,1,1,2,4294967295,2,7.85257,10.8977,3,1.1861
165,1,1,3,4294967295,2,6.04094,10.3319,3,1.19975
165,6,-1,0,2,3,-17.998,7.15205,1,0.353063
165,4,-1,0,0,1,-12.1683,-9.16603,1,0.502456
165,6,0,4,2,3,-19.1569,6.52897,0,0.353088
165,6,4,5,2,3,-20.4477,5.82897,0,0.353133
165,6,5,6,2,3,-20.5631,4.51573,0,0.353184
165,6,6,7,2,3,-20.6441,3.21937,0,0.353228
165,6,7,8,2,3,-19.853,2.18389,0,0.353254
165,4,0,1,0,1,-13.0492,-9.44895,8,1.48806
165,4,0,2,0,1,-11.6045,-9.78865,8,1.51328
165,18,-1,0,9,4,4.55483,-6.13182,1,0.377015
165,18,0,1,9,4,3.69508,-5.66161,4,0.387697
165,18,1,2,9,4,3.89842,-6.92465,3,0.358335
165,18,1,3,9,4,4.96292,-5.41323,3,0.468897
165,24,-1,0,22,2,16.2881,-10.4147,1,0.313333
165,18,0,4,9,4,5.46411,-6.49118,2,0.358944
165,24,0,1,22,2,17.1922,-10.2396,4,0.306141
165,18,4,5,9,4,6.02314,-6.89064,3,0.338288
165,24,1,2,22,2,16.0201,-9.64502,3,0.306776
165,24,1,3,22,2,16.4823,-11.364,3,0.309938
165,28,-1,0,24,2,-4.29198,-19.3573,1,0.462746
165,28,0,1,24,2,-5.04692,-18.8195,4,0.47517
165,86,1,3,23,4,-14.5567,-1.88709,3,0
165,30,-1,0,9,4,-14.4005,-11.6449,1,0.389068
165,30,0,1,9,4,-15.058,-10.9366,4,0.619914
165,33,-1,0,17,4,1.44507,5.46996,1,0.308347
165,30,1,2,9,4,-15.4584,-12.1777,3,0.625111
165,33,0,1,17,4,1.69356,6.59538,4,0.298601
165,30,1,3,9,4,-13.6602,-10.9899,3,0.646333
165,33,1,2,17,4,0.588701,6.01428,3,0.281616
165,30,0,4,9,4,-13.3735,-12.0081,2,0.417296
165,33,1,3,17,4,2.59222,5.77592,3,0.303436
165,30,4,5,9,4,-12.2066,-12.3703,3,0.470611
165,28,1,2,24,2,-4.71259,-20.0856,3,0.446959
165,33,0,4,17,4,0.916188,4.51959,2,0.306836
165,37,-1,0,30,4,4.9027,-18.5443,1,0
165,38,-1,0,27,4,-12.7614,-2.89468,1,0.898586
165,33,4,5,17,4,0.213406,3.71606,3,0.303719
165,38,0,1,27,4,-12.206,-3.75422,4,0.887446
165,40,-1,0,33,4,2.29568,5.22529,1,0.855336
165,28,1,3,24,2,-3.74853,-18.482,3,0.462493
165,89,1,3,30,4,5.31243,-19.6913,3,0
165,38,1,2,27,4,-12.0134,-2.48494,3,0.871482
165,37,0,4,30,4,3.9678,-18.5968,2,0
165,39,-1,0,22,2,-5.06153,-15.8121,1,0.442801
165,42,-1,0,17,4,6.08195,8.74304,1,0.749281
165,42,0,1,17,4,6.44363,9.6551,4,0.801335
165,42,1,2,17,4,5.34245,9.01008,3,0.753976
165,44,-1,0,24,2,21.5155,-6.86215,1,0.0340065
165,38,1,3,27,4,-13.4615,-3.50101,3,0.898584
165,42,1,3,17,4,6.86539,8.44569,3,0.843383
165,44,0,1,24,2,21.9333,-7.67766,4,0.0263815
165,42,0,4,17,4,5.66529,7.82731,2,0.716426
165,4,0,3,0,1,-11.8245,-8.40103,8,1.53814
165,36,-1,0,1,2,19.5011,6.0371,1,0.147373
165,45,-1,0,4,1,-6.32779,-8.9498,1,0.376413
165,44,1,2,24,2,22.1701,-6.38409,3,0.0274014
165,45,0,1,4,1,-6.82345,-8.26737,8,1.13427
165,45,0,2,4,1,-6.69593,-9.70089,8,1.13636
165,45,0,3,4,1,-5.49839,-8.9818,8,1.13429
165,40,0,1,33,4,3.22929,4.67289,4,0.868606
165,40,1,2,33,4,3.26781,5.95912,3,0.881328
165,40,1,3,33,4,2.09944,4.17623,3,0.966033
165,37,4,5,30,4,3.01546,-18.3822,3,0
165,40,0,4,33,4,1.55737,5.9483,2,0.849031
165,48,-1,0,37,4,5.35046,0.752348,1,0.477006
165,48,0,1,37,4,6.39925,0.893285,4,0.516992
165,50,-1,0,4,1,-12.8736,-8.88675,1,0.241035
165,51,-1,0,6,3,-17.4198,7.80478,1,0.159218
165,48,1,2,37,4,5.38224,1.65024,3,0.700467
165,50,0,1,4,1,-13.7118,-8.95876,8,0.733998
165,51,0,1,6,3,-16.5049,8.34299,4,0.194962
165,44,1,3,24,2,20.6691,-7.26406,3,0.0278387
165,48,1,3,37,4,5.91856,-0.269005,3,0.473331
165,50,0,2,4,1,-12.4737,-9.71389,8,0.723514
165,51,1,2,6,3,-17.7674,8.60483,3,0.158652
165,48,0,4,37,4,4.28357,0.770893,2,0.45258
165,53,-1,0,28,2,1.88877,-21.7472,1,0.204636
165,51,1,3,6,3,-16.3292,7.07053,3,0.196138
165,39,0,1,22,2,-4.24665,-16.1873,4,0.434317
165,48,4,5,37,4,3.23256,1.05861,3,0.43623
165,53,0,1,28,2,2.65148,-22.231,4,0.19657
165,50,0,3,4,1,-12.5313,-8.1348,8,0.723467
165,55,-1,0,48,4,5.11384,-0.0265061,1,0.1932
165,39,1,2,22,2,-4.9454,-15.0578,3,0.415824
165,53,1,2,28,2,2.18916,-20.9951,3,0.203721
165,53,1,3,28,2,1.30744,-22.3842,3,0.191724
165,39,1,3,22,2,-5.46809,-16.6832,3,0.451581
165,36,0,1,1,2,20.4196,5.99663,4,0.151056
165,36,1,2,1,2,19.4176,6.8515,3,0.245596
165,36,1,3,1,2,19.5346,5.02971,3,0.145121
165,59,-1,0,24,2,8.92767,-5.38716,1,0.529186
165,87,1,2,44,2,20.7086,-5.12663,3,0
165,59,0,1,24,2,9.78288,-5.66856,4,0.531199
165,60,-1,0,39,2,-4.33734,-15.4107,1,0.705839
165,51,0,4,6,3,-18.6321,7.51794,0,0.127976
165,62,-1,0,28,2,-3.92198,-11.4743,1,0.363474
165,63,-1,0,22,2,-11.1582,-1.41551,1,0.614267
165,59,1,2,24,2,9.01526,-4.59237,3,0.569724
165,62,0,1,28,2,-3.11353,-11.0247,4,0.353998
165,62,1,2,28,2,-4.40157,-10.7701,3,0.362152
165,51,4,5,6,3,-19.7688,7.02726,0,0.107334
165,59,1,3,24,2,8.52266,-6.14097,3,0.501913
165,64,-1,0,53,2,1.98831,-22.5624,1,1.03139
165,60,0,1,39,2,-4.44996,-14.4795,4,0.688827
165,62,1,3,28,2,-3.36657,-12.339,3,0.345535
165,65,-1,0,1,2,5.44868,11.4643,1,0.645813
165,66,-1,0,62,2,-3.68511,-14.7561,1,0.354277
165,65,0,1,1,2,6.34042,11.6491,4,0.656902
165,66,0,1,62,2,-3.71278,-13.8562,4,0.348507
165,51,5,6,6,3,-19.7295,5.76738,0,0.0957519
165,65,1,2,1,2,5.15104,12.2113,3,0.6782
165,66,1,2,62,2,-2.88442,-14.9366,3,0.355523
165,65,1,3,1,2,5.48446,10.6579,3,0.656458
165,71,-1,0,24,2,11.0857,-7.08769,1,0.524837
165,72,-1,0,65,2,8.46506,10.2978,1,0.374493
165,73,-1,0,28,2,-1.24665,-10.5453,1,0.617406
165,70,-1,0,66,2,-3.03841,-14.2477,1,1.16868
165,71,0,1,24,2,10.3123,-6.61326,4,0.559038
165,72,0,1,65,2,7.54615,10.231,4,0.360084
165,73,0,1,28,2,-0.392044,-10.8897,4,0.654683
165,71,1,2,24,2,10.5895,-7.89422,3,0.664728
165,72,1,2,65,2,8.47892,9.32502,3,0.346021
165,73,1,2,28,2,-1.03021,-9.73645,3,0.681534
165,71,1,3,24,2,11.4895,-6.00917,3,0.528951
165,72,1,3,65,2,8.0214,11.4632,3,0.367964
165,73,1,3,28,2,-1.5757,-11.5283,3,0.630805
165,75,-1,0,71,2,13.4306,-8.96944,1,0.406287
165,76,-1,0,73,2,-2.27239,-12.9588,1,0.349159
165,77,-1,0,59,2,9.1329,-6.17499,1,1.06735
165,75,0,1,71,2,12.7329,-9.51951,4,0.529958
165,78,-1,0,1,2,8.21551,16.5556,1,0.417824
165,79,-1,0,72,2,8.71834,11.0607,1,0.543402
165,76,0,1,73,2,-3.02964,-13.443,4,0.345355
165,77,0,1,59,2,8.57712,-6.94016,4,1.07091
165,78,0,1,1,2,7.5053,17.1398,4,0.443893
165,75,1,2,71,2,14.0792,-9.37819,3,0.595375
165,77,1,2,59,2,9.75903,-6.44249,3,1.08745
165,78,1,2,1,2,7.79258,15.8528,3,0.405549
165,82,-1,0,30,4,-14.8425,-12.8213,1,0.600064
165,78,1,3,1,2,8.79206,17.3854,3,0.493098
165,79,0,1,72,2,9.5862,10.7774,4,0.533664
165,83,-1,0,24,2,15.5046,-10.5923,1,0.548533
165,82,0,1,30,4,-15.8005,-13.1533,4,0.58289
165,84,-1,0,65,2,2.75841,11.1978,1,0.491615
165,84,0,1,65,2,1.8557,11.0375,4,0.496003
165,82,1,2,30,4,-14.6708,-13.6859,3,0.53593
165,76,1,2,73,2,-1.70998,-13.5367,3,0.360806
165,84,1,2,65,2,3.06155,10.4727,3,0.491119
165,74,-1,0,4,1,-11.3633,-9.0697,1,0.7112
165,82,1,3,30,4,-15.6216,-11.811,3,0.636529
165,75,1,3,71,2,12.8407,-8.20171,3,0.60372
165,76,1,3,73,2,-2.8054,-12.1255,3,0.335344
165,84,1,3,65,2,2.59062,12.1158,3,0.516379
165,82,0,4,30,4,-14.2136,-12.0677,2,0.640393
165,88,-1,0,75,2,13.4126,-9.80186,1,0.510533
165,82,4,5,30,4,-13.9929,-11.0288,3,0.694737
166,0,-1,0,4294967295,1,-14.8093,-6.52546,1,0.294666
166,0,0,1,4294967295,1,-14.579,-5.71409,8,0.898954
166,0,0,2,4294967295,1,-15.6274,-6.70002,8,0.88512
166,0,0,3,4294967295,1,-14.3221,-7.19741,8,0.88512
166,1,-1,0,4294967295,2,7.11163,10.5142,1,0.861448
166,1,0,1,4294967295,2,7.40931,9.68073,4,1.03692
166,1,1,2,4294967295,2,7.7109,11.0264,3,1.11205
166,1,1,3,4294967295,2,6.29058,10.3534,3,1.1252
166,6,-1,0,2,3,-17.3665,7.32216,1,0.337096
166,4,-1,0,0,1,-12.1566,-9.1863,1,0.507985
166,6,0,4,2,3,-18.5425,6.74759,0,0.337113
166,6,4,5,2,3,-19.9504,6.2502,0,0.337142
166,6,5,6,2,3,-20.4516,4.98931,0,0.337175
166,6,6,7,2,3,-20.8384,3.72814,0,0.337204
166,6,7,8,2,3,-20.211,2.57635,0,0.33722
166,4,0,1,0,1,-13.0406,-9.46127,8,1.56472
166,4,0,2,0,1,-11.6151,-9.833,8,1.50533
166,18,-1,0,9,4,4.08286,-5.62145,1,0.374774
166,18,0,1,9,4,3.29174,-4.97657,4,0.398878
166,18,1,2,9,4,3.50108,-6.20834,3,0.475873
166,18,1,3,9,4,4.57245,-5.0498,3,0.412433
166,24,-1,0,22,2,16.5598,-10.3645,1,0.285271
166,18,0,4,9,4,5.00596,-6.11611,2,0.355058
166,24,0,1,22,2,17.461,-10.1808,4,0.277942
166,18,4,5,9,4,6.08802,-6.88794,3,0.339478
166,24,1,2,22,2,16.2768,-9.60407,3,0.283258
166,24,1,3,22,2,16.756,-11.3055,3,0.276861
166,28,-1,0,24,2,-4.96555,-19.3057,1,0.436858
166,28,0,1,24,2,-5.24367,-18.4215,4,0.427275
166,30,-1,0,9,4,-14.3246,-10.8484,1,0.542938
166,30,0,1,9,4,-15.0914,-10.0793,4,0.678824
166,33,-1,0,17,4,1.83948,5.74492,1,0.3432
166,30,1,2,9,4,-15.0132,-11.2893,3,0.613275
166,33,0,1,17,4,1.95354,6.81003,4,0.3115
166,30,1,3,9,4,-13.8693,-10.3785,3,1.07146
166,33,1,2,17,4,0.870246,6.12648,3,0.282087
166,30,0,4,9,4,-13.4232,-11.4747,2,0.47342
166,33,1,3,17,4,2.86464,5.98359,3,0.289641
166,30,4,5,9,4,-12.695,-12.3981,3,0.442441
166,28,1,2,24,2,-5.75431,-19.6319,3,0.417258
166,33,0,4,17,4,1.46849,4.85293,2,0.387415
166,33,4,5,17,4,0.957031,4.35049,3,0.342746
166,40,-1,0,33,4,2.56986,5.43425,1,0.854059
166,28,1,3,24,2,-3.98947,-18.9085,3,0.436807
166,89,1,3,30,4,5.60893,-19.8932,3,0
166,37,0,4,30,4,3.8483,-18.6003,2,0
166,39,-1,0,22,2,-4.76677,-15.9614,1,0.44007
166,42,-1,0,17,4,6.02282,8.66724,1,0.749281
166,42,0,1,17,4,6.44016,9.56287,4,0.801335
166,42,1,2,17,4,5.27265,9.02462,3,0.753976
166,44,-1,0,24,2,21.7063,-7.0875,1,0.00522527
166,42,1,3,17,4,6.77411,8.3297,3,0.843383
166,44,0,1,24,2,22.1097,-7.91411,4,7.06118e-05
166,42,0,4,17,4,5.60838,7.74605,2,0.716426
166,4,0,3,0,1,-11.8304,-8.41597,8,1.5199
166,36,-1,0,1,2,19.8652,6.25254,1,0.141362
166,45,-1,0,4,1,-6.32773,-8.9498,1,0.370013
166,44,1,2,24,2,22.3879,-6.63032,3,0
166,45,0,1,4,1,-6.82339,-8.26737,8,1.11536
166,45,0,2,4,1,-6.69587,-9.70089,8,1.11658
166,45,0,3,4,1,-5.49833,-8.9818,8,1.11538
166,40,0,1,33,4,3.46519,4.87561,4,0.876951
166,40,1,2,33,4,3.49249,6.1706,3,0.865496
166,40,1,3,33,4,2.27677,4.50089,3,0.941119
166,37,4,5,30,4,2.87173,-18.3078,3,0
166,40,0,4,33,4,1.72652,6.12452,2,0.845563
166,48,-1,0,37,4,5.81638,0.934668,1,0.527947
166,48,0,1,37,4,6.70746,1.42799,4,0.609076
166,50,-1,0,4,1,-12.8827,-8.87315,1,0.234084
166,51,-1,0,6,3,-16.8964,8.03432,1,0.186453
166,48,1,2,37,4,5.4762,1.8147,3,0.635682
166,50,0,1,4,1,-13.7252,-8.96188,8,0.712081
166,51,0,1,6,3,-16.0264,8.66958,4,0.231422
166,44,1,3,24,2,20.8308,-7.54242,3,0
166,48,1,3,37,4,6.52533,0.182422,3,0.544241
166,50,0,2,4,1,-12.4643,-9.68308,8,0.705938
166,51,1,2,6,3,-17.2842,8.8818,3,0.304611
166,48,0,4,37,4,4.88783,0.532727,2,0.472525
166,53,-1,0,28,2,2.17912,-21.8029,1,0.174723
166,51,1,3,6,3,-15.7164,7.42334,3,0.3218
166,39,0,1,22,2,-3.94899,-16.3456,4,0.429818
166,48,4,5,37,4,4.15914,0.452055,3,0.443702
166,53,0,1,28,2,2.96395,-22.2666,4,0.165967
166,50,0,3,4,1,-12.5267,-8.12375,8,0.705911
166,55,-1,0,48,4,5.70003,0.134314,1,0.1772
166,39,1,2,22,2,-4.62228,-15.198,3,0.412493
166,53,1,2,28,2,2.47972,-21.043,3,0.17454
166,53,1,3,28,2,1.64249,-22.5901,3,0.158479
166,39,1,3,22,2,-5.15351,-16.8731,3,0.441824
166,36,0,1,1,2,20.7259,5.93253,4,0.141006
166,36,1,2,1,2,20.0278,7.05245,3,0.1568
166,36,1,3,1,2,19.586,5.29214,3,0.136343
166,59,-1,0,24,2,9.12112,-5.19713,1,0.504982
166,87,1,2,44,2,20.7296,-5.17078,3,0
166,59,0,1,24,2,9.92594,-5.59232,4,0.495985
166,60,-1,0,39,2,-4.0437,-15.5698,1,0.745057
166,51,0,4,6,3,-18.067,7.52213,0,0.139631
166,62,-1,0,28,2,-3.79901,-11.2759,1,0.331896
166,63,-1,0,22,2,-11.1899,-1.46639,1,0.614267
166,59,1,2,24,2,9.37469,-4.39817,3,0.513079
166,62,0,1,28,2,-2.95236,-10.9209,4,0.322507
166,62,1,2,28,2,-4.23788,-10.6237,3,0.331632
166,51,4,5,6,3,-19.268,7.0077,0,0.110936
166,59,1,3,24,2,8.63329,-6.02654,3,0.47708
166,64,-1,0,53,2,2.33593,-22.6,1,1.01539
166,60,0,1,39,2,-4.11363,-14.6526,4,0.70561
166,62,1,3,28,2,-3.52131,-12.1076,3,0.313694
166,65,-1,0,1,2,5.60575,11.7121,1,0.63121
166,66,-1,0,62,2,-3.36284,-15.0123,1,0.328111
166,65,0,1,1,2,6.49441,11.9007,4,0.626706
166,66,0,1,62,2,-3.61632,-14.1192,4,0.321836
166,51,5,6,6,3,-19.4075,5.73072,0,0.0980822
166,65,1,2,1,2,5.28674,12.4392,3,0.637338
166,66,1,2,62,2,-2.50704,-14.8916,3,0.32836
166,65,1,3,1,2,5.69363,10.8705,3,0.622932
166,71,-1,0,24,2,10.8879,-7.29479,1,0.534881
166,72,-1,0,65,2,8.53759,10.1694,1,0.337942
166,73,-1,0,28,2,-0.716803,-10.1499,1,0.697318
166,70,-1,0,66,2,-2.9857,-14.2971,1,1.15268
166,71,0,1,24,2,10.4194,-6.50568,4,0.537528
166,72,0,1,65,2,7.55713,10.3504,4,0.326457
166,73,0,1,28,2,-0.168177,-10.8939,4,0.673805
166,71,1,2,24,2,10.021,-7.76669,3,0.554971
166,72,1,2,65,2,8.32095,9.31408,3,0.312954
166,73,1,2,28,2,-0.110204,-9.57809,3,0.676172
166,71,1,3,24,2,11.7463,-6.4463,3,0.534393
166,72,1,3,65,2,8.39317,11.3962,3,0.336638
166,73,1,3,28,2,-1.49306,-10.8453,3,0.656601
166,75,-1,0,71,2,13.0681,-9.49031,1,0.528848
166,76,-1,0,73,2,-2.22987,-12.9377,1,0.408937
166,77,-1,0,59,2,9.19854,-6.01848,1,1.0487
166,75,0,1,71,2,12.684,-10.308,4,0.582214
166,78,-1,0,1,2,7.84726,16.8411,1,0.411386
166,79,-1,0,72,2,8.75316,10.9258,1,0.5114
166,76,0,1,73,2,-3.03251,-13.388,4,0.341313
166,77,0,1,59,2,8.62749,-6.80225,4,1.0443
166,78,0,1,1,2,7.22253,17.5153,4,0.408739
166,75,1,2,71,2,13.844,-9.61619,3,0.627132
166,77,1,2,59,2,9.8215,-6.35037,3,1.05271
166,78,1,2,1,2,7.34088,16.2033,3,0.408862
166,82,-1,0,30,4,-15.8964,-12.7478,1,0.302031
166,78,1,3,1,2,8.52621,17.5632,3,0.416971
166,79,0,1,72,2,9.63718,10.7923,4,0.501667
166,83,-1,0,24,2,15.7779,-10.5461,1,0.532533
166,82,0,1,30,4,-16.7271,-13.4668,4,0.53509
166,84,-1,0,65,2,2.08144,11.414,1,0.546211
166,84,0,1,65,2,1.46659,10.7253,4,0.573361
166,82,1,2,30,4,-15.4246,-13.5636,3,0.572983
166,76,1,2,73,2,-1.72273,-13.5386,3,0.444122
166,84,1,2,65,2,2.77449,10.9066,3,0.544676
166,74,-1,0,4,1,-11.3585,-9.03014,1,0.8152
166,82,1,3,30,4,-16.6712,-12.262,3,0.631381
166,75,1,3,71,2,12.2724,-9.04596,3,0.620575
166,76,1,3,73,2,-2.60657,-12.1438,3,0.308254
166,84,1,3,65,2,1.07665,12.0021,3,0.687903
166,82,0,4,30,4,-14.8986,-12.3999,2,0.543562
166,88,-1,0,75,2,13.4086,-10.2325,1,0.614533
166,82,4,5,30,4,-14.0424,-12.493,3,0.717463
166,90,-1,0,1,2,7.98541,10.2775,1,0.5124
166,91,-1,0,82,4,-16.1041,-13.4731,1,0.516933
167,0,-1,0,4294967295,1,-14.8093,-6.52546,1,0.288266
167,0,0,1,4294967295,1,-14.579,-5.71409,8,0.875935
167,0,0,2,4294967295,1,-15.6274,-6.70002,8,0.867829
167,0,0,3,4294967295,1,-14.3221,-7.19741,8,0.867829
167,1,-1,0,4294967295,2,6.97799,10.4779,1,0.594804
167,1,0,1,4294967295,2,7.3707,9.6894,4,0.887937
167,1,1,2,4294967295,2,7.63642,11.0537,3,0.993451
167,1,1,3,4294967295,2,6.15562,10.1481,3,0.997045
167,6,-1,0,2,3,-16.7785,7.67753,1,0.376817
167,4,-1,0,0,1,-12.1288,-9.15609,1,0.408719
167,6,0,4,2,3,-17.8778,7.00407,0,0.358523
167,6,4,5,2,3,-19.2037,6.45138,0,0.339083
167,6,5,6,2,3,-19.9454,5.39306,0,0.327698
167,6,6,7,2,3,-20.764,4.36105,0,0.323091
167,6,7,8,2,3,-20.7617,3.01577,0,0.321738
167,4,0,1,0,1,-12.9596,-9.39903,8,1.47826
167,4,0,2,0,1,-11.603,-9.8093,8,1.39491
167,18,-1,0,9,4,3.89766,-5.20924,1,0.381194
167,18,0,1,9,4,3.15265,-4.4687,4,0.39931
167,18,1,2,9,4,2.86477,-5.70131,3,0.403836
167,18,1,3,9,4,4.41764,-4.46543,3,0.412339
167,24,-1,0,22,2,16.8258,-10.3268,1,0.257089
167,18,0,4,9,4,4.72625,-5.87304,2,0.357424
167,24,0,1,22,2,17.6974,-10.0299,4,0.249743
167,18,4,5,9,4,5.35459,-6.63377,3,0.341026
167,24,1,2,22,2,16.4552,-9.60229,3,0.253654
167,24,1,3,22,2,17.1444,-11.2407,3,0.250106
167,28,-1,0,24,2,-5.56076,-19.0146,1,0.412477
167,28,0,1,24,2,-5.1978,-18.1632,4,0.494659
167,30,-1,0,9,4,-14.2657,-10.2801,1,0.751419
167,30,0,1,9,4,-14.8351,-9.47571,4,0.771288
167,33,-1,0,17,4,2.17319,6.22032,1,0.324143
167,30,1,2,9,4,-15.0438,-10.7569,3,0.761516
167,33,0,1,17,4,2.13258,7.34134,4,0.333453
167,30,1,3,9,4,-13.5869,-9.61031,3,0.816389
167,33,1,2,17,4,1.31276,6.38035,3,0.291766
167,30,0,4,9,4,-13.8096,-11.1445,2,0.624546
167,33,1,3,17,4,3.02257,6.52546,3,0.280631
167,30,4,5,9,4,-13.7107,-11.8252,3,0.536514
167,28,1,2,24,2,-6.38217,-18.7413,3,0.396067
167,33,0,4,17,4,2.00172,5.20463,2,0.326889
167,33,4,5,17,4,1.40041,3.96157,3,0.32784
167,40,-1,0,33,4,2.87087,5.78535,1,0.922018
167,28,1,3,24,2,-4.54169,-19.341,3,0.412459
167,89,1,3,30,4,5.81777,-20.0353,3,0
167,37,0,4,30,4,3.74783,-18.5987,2,0
167,39,-1,0,22,2,-4.4055,-16.199,1,0.419073
167,42,-1,0,17,4,5.99012,8.52139,1,0.749281
167,42,0,1,17,4,6.48681,9.39615,4,0.801335
167,42,1,2,17,4,5.24436,9.08095,3,0.753976
167,44,-1,0,24,2,21.8665,-7.33123,1,0
167,42,1,3,17,4,6.76589,8.15424,3,0.843383
167,44,0,1,24,2,22.2812,-8.14544,4,0
167,42,0,4,17,4,5.51972,7.61606,2,0.716426
167,4,0,3,0,1,-11.7995,-8.40044,8,1.40344
167,36,-1,0,1,2,20.2249,6.35618,1,0.148454
167,45,-1,0,4,1,-6.32767,-8.9498,1,0.370555
167,44,1,2,24,2,22.5017,-6.84489,3,0
167,45,0,1,4,1,-6.82334,-8.26737,8,1.20753
167,45,0,2,4,1,-6.69581,-9.70089,8,1.09798
167,45,0,3,4,1,-5.49828,-8.9818,8,1.09727
167,40,0,1,33,4,3.70097,5.08149,4,0.932408
167,40,1,2,33,4,3.76081,6.34379,3,0.90945
167,40,1,3,33,4,2.54808,4.62306,3,0.901893
167,37,4,5,30,4,2.78572,-18.2592,3,0
167,40,0,4,33,4,2.17272,6.63714,2,0.920118
167,48,-1,0,37,4,6.32265,1.26569,1,0.542754
167,48,0,1,37,4,6.89017,2.13925,4,0.64158
167,50,-1,0,4,1,-12.8783,-8.8587,1,0.231721
167,51,-1,0,6,3,-16.5051,8.45933,1,0.207533
167,48,1,2,37,4,5.69915,1.66023,3,0.599455
167,50,0,1,4,1,-13.7273,-8.89928,8,0.702706
167,51,0,1,6,3,-15.7116,9.14958,4,0.332364
167,44,1,3,24,2,21.0162,-7.72403,3,0
167,48,1,3,37,4,7.20538,0.93413,3,0.556765
167,50,0,2,4,1,-12.4602,-9.68974,8,0.699107
167,51,1,2,6,3,-16.9973,9.37432,3,0.320855
167,48,0,4,37,4,5.57751,0.507057,2,0.486347
167,53,-1,0,28,2,2.46424,-21.952,1,0.150537
167,51,1,3,6,3,-15.4442,7.89153,3,0.296724
167,39,0,1,22,2,-3.6303,-16.6303,4,0.42339
167,48,4,5,37,4,4.4189,-0.202094,3,0.460113
167,53,0,1,28,2,3.33692,-22.2142,4,0.163628
167,50,0,3,4,1,-12.519,-8.12255,8,0.699091
167,55,-1,0,48,4,6.41231,0.453078,1,0.1612
167,39,1,2,22,2,-4.30877,-15.4884,3,0.392087
167,53,1,2,28,2,2.58239,-21.1336,3,0.1505
167,53,1,3,28,2,2.14587,-22.8749,3,0.253768
167,39,1,3,22,2,-4.90608,-16.9607,3,0.470249
167,36,0,1,1,2,21.0371,5.92838,4,0.142672
167,36,1,2,1,2,20.4896,7.12602,3,0.150023
167,36,1,3,1,2,19.8174,5.4595,3,0.139862
167,59,-1,0,24,2,9.18341,-5.13095,1,0.47196
167,87,1,2,44,2,20.7445,-5.20188,3,0
167,59,0,1,24,2,9.97309,-5.57257,4,0.460762
167,60,-1,0,39,2,-3.68114,-15.7897,1,0.69878
167,51,0,4,6,3,-17.5208,7.69093,0,0.148523
167,62,-1,0,28,2,-3.66171,-11.0899,1,0.300488
167,63,-1,0,22,2,-11.2123,-1.50222,1,0.614267
167,59,1,2,24,2,9.43651,-4.36778,3,0.473578
167,62,0,1,28,2,-2.83848,-10.6904,4,0.291178
167,62,1,2,28,2,-4.13428,-10.4431,3,0.300435
167,51,4,5,6,3,-18.5951,6.82984,0,0.118506
167,59,1,3,24,2,8.64372,-5.75916,3,0.443933
167,64,-1,0,53,2,2.80311,-22.6918,1,0.999387
167,60,0,1,39,2,-3.89934,-14.8715,4,0.687887
167,62,1,3,28,2,-3.31854,-11.9242,3,0.282291
167,65,-1,0,1,2,5.69993,11.9853,1,0.633953
167,66,-1,0,62,2,-3.11139,-15.0242,1,0.370963
167,65,0,1,1,2,6.59695,12.1751,4,0.627275
167,66,0,1,62,2,-3.3814,-14.1644,4,0.331421
167,51,5,6,6,3,-19.1631,5.60159,0,0.104281
167,65,1,2,1,2,5.4146,12.7555,3,0.634154
167,66,1,2,62,2,-2.21248,-14.875,3,0.315923
167,65,1,3,1,2,6.00152,11.0052,3,0.624747
167,71,-1,0,24,2,10.8922,-7.26932,1,0.527494
167,72,-1,0,65,2,8.40098,10.2483,1,0.304006
167,73,-1,0,28,2,-0.244385,-10.0925,1,0.695754
167,70,-1,0,66,2,-2.67719,-14.3353,1,1.13668
167,71,0,1,24,2,10.8582,-6.35165,4,0.537046
167,72,0,1,65,2,7.56314,10.552,4,0.293395
167,73,0,1,28,2,0.245705,-10.8708,4,0.72633
167,71,1,2,24,2,10.1214,-7.44349,3,0.531085
167,72,1,2,65,2,8.06013,9.31172,3,0.280875
167,73,1,2,28,2,0.370459,-9.5592,3,0.720069
167,71,1,3,24,2,11.8991,-7.18564,3,0.565173
167,72,1,3,65,2,8.59178,11.3399,3,0.303745
167,73,1,3,28,2,-1.05143,-10.6102,3,0.671123
167,75,-1,0,71,2,12.7409,-10.0078,1,0.240304
167,76,-1,0,73,2,-2.24132,-12.9896,1,0.355115
167,77,-1,0,59,2,9.32998,-5.94486,1,1.0294
167,75,0,1,71,2,12.7507,-10.8978,4,0.42282
167,78,-1,0,1,2,7.52166,17.1441,1,0.386204
167,79,-1,0,72,2,9.1549,10.5715,1,0.4794
167,76,0,1,73,2,-3.01618,-13.481,4,0.343341
167,77,0,1,59,2,8.63028,-6.54495,4,1.04588
167,78,0,1,1,2,6.82798,17.7476,4,0.378793
167,75,1,2,71,2,13.5433,-9.80507,3,0.514659
167,77,1,2,59,2,9.94996,-6.48273,3,1.11043
167,78,1,2,1,2,7.09049,16.4559,3,0.3857
167,82,-1,0,30,4,-16.6827,-13.2792,1,0.506797
167,78,1,3,1,2,8.11839,17.9272,3,0.37435
167,79,0,1,72,2,10.0638,10.762,4,0.469667
167,83,-1,0,24,2,16.0409,-10.4973,1,0.516533
167,82,0,1,30,4,-17.5374,-13.7288,4,0.500723
167,84,-1,0,65,2,1.36314,11.4376,1,0.55458
167,84,0,1,65,2,1.1788,10.5257,4,0.559687
167,82,1,2,30,4,-16.2012,-13.7968,3,0.506402
167,76,1,2,73,2,-1.70682,-13.5994,3,0.362143
167,84,1,2,65,2,2.22579,11.3038,3,0.539767
167,74,-1,0,4,1,-11.3464,-9.05307,1,0.549408
167,82,1,3,30,4,-17.4565,-12.4498,3,0.503652
167,75,1,3,71,2,11.5762,-10.2585,3,0.499939
167,76,1,3,73,2,-2.70561,-12.2043,3,0.323325
167,84,1,3,65,2,0.319238,11.5143,3,0.599822
167,82,0,4,30,4,-15.6689,-13.0355,2,0.532261
167,88,-1,0,75,2,13.405,-10.5276,1,0.753742
167,82,4,5,30,4,-14.2997,-13.1568,3,0.556528
167,90,-1,0,1,2,7.78055,10.1073,1,0.500537
167,91,-1,0,82,4,-16.8255,-14.1113,1,0.500933
167,88,0,1,75,2,13.2196,-11.4433,4,0.701992
167,74,0,1,4,1,-10.5138,-9.06362,8,0.764192
167,90,0,1,1,2,8.703,9.76448,4,0.502663
168,0,-1,0,4294967295,1,-14.8093,-6.52546,1,0.283861
168,0,0,1,4294967295,1,-14.579,-5.71409,8,0.854539
168,0,0,2,4294967295,1,-15.6274,-6.70002,8,0.849789
168,0,0,3,4294967295,1,-14.3221,-7.19741,8,0.96767
168,1,-1,0,4294967295,2,6.9017,10.5047,1,0.29993
168,1,0,1,4294967295,2,7.18385,9.6811,4,0.783019
168,1,1,2,4294967295,2,7.92296,10.8933,3,0.855149
168,1,1,3,4294967295,2,5.89223,9.99661,3,0.867577
168,6,-1,0,2,3,-16.3181,8.05618,1,0.182758
168,4,-1,0,0,1,-12.0878,-9.08651,1,0.460164
168,6,0,4,2,3,-17.268,7.16146,0,0.240877
168,6,4,5,2,3,-18.5796,6.53715,0,0.289541
168,6,5,6,2,3,-19.434,5.48397,0,0.308083
168,6,6,7,2,3,-20.5761,4.78594,0,0.310422
168,6,7,8,2,3,-21.2655,3.65394,0,0.309268
168,4,0,1,0,1,-13.0187,-9.30379,8,1.41795
168,4,0,2,0,1,-11.537,-9.72369,8,1.36911
168,18,-1,0,9,4,3.61044,-4.72125,1,0.354267
168,18,0,1,9,4,3.1893,-3.81581,4,0.35661
168,18,1,2,9,4,2.66392,-4.96853,3,0.347979
168,18,1,3,9,4,4.39055,-4.29849,3,0.371916
168,24,-1,0,22,2,17.0867,-10.2636,1,0.228978
168,18,0,4,9,4,4.14579,-5.56596,2,0.344337
168,24,0,1,22,2,17.9331,-9.90095,4,0.221717
168,18,4,5,9,4,4.43196,-6.30103,3,0.333069
168,24,1,2,22,2,16.6636,-9.5681,3,0.222451
168,24,1,3,22,2,17.4762,-11.152,3,0.225432
168,28,-1,0,24,2,-5.90255,-18.5814,1,0.464408
168,28,0,1,24,2,-5.08276,-18.1528,4,0.492848
168,30,-1,0,9,4,-14.5543,-9.75922,1,0.776952
168,30,0,1,9,4,-14.8927,-8.85551,4,0.828784
168,33,-1,0,17,4,2.36421,6.33896,1,0.307057
168,30,1,2,9,4,-15.1719,-10.1326,3,0.899015
168,33,0,1,17,4,2.06418,7.34729,4,0.300791
168,30,1,3,9,4,-13.8432,-9.59513,3,0.813876
168,33,1,2,17,4,1.40228,6.23771,3,0.299837
168,30,0,4,9,4,-14.2074,-10.7127,2,0.729234
168,33,1,3,17,4,3.35318,7.18436,3,0.302475
168,30,4,5,9,4,-14.0423,-12.0099,3,0.660254
168,28,1,2,24,2,-6.37042,-17.8854,3,0.562016
168,33,0,4,17,4,2.32105,5.31085,2,0.307506
168,33,4,5,17,4,2.11571,4.44523,3,0.305088
168,40,-1,0,33,4,3.22252,6.15036,1,0.917132
168,28,1,3,24,2,-5.35393,-19.4723,3,0.464354
168,89,1,3,30,4,5.96486,-20.1354,3,0
168,37,0,4,30,4,3.67579,-18.5971,2,0
168,39,-1,0,22,2,-4.11788,-16.3961,1,0.398208
168,4,0,3,0,1,-11.66,-8.3667,8,1.37411
168,36,-1,0,1,2,20.5667,6.37749,1,0.121203
168,45,-1,0,4,1,-6.32762,-8.9498,1,0.369192
168,93,1,2,24,2,22.62,-6.96425,3,0
168,45,0,1,4,1,-6.82328,-8.26737,8,1.15631
168,45,0,2,4,1,-6.69576,-9.70089,8,1.09212
168,45,0,3,4,1,-5.49822,-8.9818,8,1.09171
168,40,0,1,33,4,4.02259,5.43063,4,0.926864
168,40,1,2,33,4,3.99493,6.69439,3,0.919436
168,40,1,3,33,4,2.88939,4.93492,3,0.993377
168,37,4,5,30,4,2.72641,-18.2254,3,0
168,40,0,4,33,4,2.68156,7.02722,2,0.911763
168,48,-1,0,37,4,6.48937,1.38249,1,0.463163
168,48,0,1,37,4,6.77966,2.3692,4,0.519191
168,50,-1,0,4,1,-12.7936,-8.73891,1,0.232524
168,51,-1,0,6,3,-16.2408,8.90196,1,0.263739
168,48,1,2,37,4,5.61486,1.80295,3,0.559753
168,50,0,1,4,1,-13.6389,-8.74019,8,0.683681
168,51,0,1,6,3,-15.7745,9.84368,4,0.365515
168,94,1,3,24,2,21.1633,-7.83858,3,0
168,48,1,3,37,4,7.83777,1.58074,3,0.52796
168,50,0,2,4,1,-12.4608,-9.57798,8,0.681572
168,51,1,2,6,3,-17.0035,9.38435,3,0.33281
168,48,0,4,37,4,5.99238,0.465974,2,0.424989
168,53,-1,0,28,2,2.79523,-22.1581,1,0.193442
168,51,1,3,6,3,-15.0265,8.79733,3,0.414692
168,39,0,1,22,2,-3.33357,-16.8238,4,0.391183
168,48,4,5,37,4,5.34819,-0.210821,3,0.41614
168,53,0,1,28,2,3.69633,-22.053,4,0.195007
168,50,0,3,4,1,-12.3522,-8.04035,8,0.790847
168,55,-1,0,48,4,7.24871,1.08812,1,0.307886
168,39,1,2,22,2,-4.00508,-15.6703,3,0.376484
168,53,1,2,28,2,2.57264,-21.3582,3,0.193434
168,53,1,3,28,2,2.85088,-23.1268,3,0.20019
168,39,1,3,22,2,-4.60259,-17.1609,3,0.40843
168,36,0,1,1,2,21.3813,5.955,4,0.113989
168,36,1,2,1,2,20.8243,7.1471,3,0.119062
168,36,1,3,1,2,20.1606,5.48451,3,0.113159
168,59,-1,0,24,2,9.35855,-5.15616,1,0.465345
168,59,0,1,24,2,10.1791,-5.51784,4,0.461047
168,60,-1,0,39,2,-3.36985,-16.0473,1,0.666223
168,51,0,4,6,3,-17.0555,7.94559,0,0.206146
168,62,-1,0,28,2,-3.54003,-10.8266,1,0.269264
168,59,1,2,24,2,9.50805,-4.37514,3,0.465668
168,62,0,1,28,2,-2.76153,-10.3513,4,0.260066
168,62,1,2,28,2,-4.07959,-10.2474,3,0.269253
168,51,4,5,6,3,-18.099,7.13656,0,0.229528
168,59,1,3,24,2,8.8733,-5.81699,3,0.437373
168,64,-1,0,53,2,3.40235,-22.7063,1,1.00739
168,60,0,1,39,2,-3.50688,-15.1347,4,0.656444
168,62,1,3,28,2,-3.11689,-11.6277,3,0.251397
168,65,-1,0,1,2,5.90764,12.1875,1,0.689072
168,66,-1,0,62,2,-2.73977,-15.1225,1,0.378588
168,65,0,1,1,2,6.79666,12.4283,4,0.703132
168,66,0,1,62,2,-3.25681,-14.3844,4,0.3475
168,51,5,6,6,3,-18.2969,5.83792,0,0.32783
168,65,1,2,1,2,5.59293,12.9476,3,0.679655
168,66,1,2,62,2,-1.97844,-14.8504,3,0.33222
168,65,1,3,1,2,6.25476,11.2328,3,0.830993
168,71,-1,0,24,2,11.0372,-7.08957,1,0.561931
168,72,-1,0,65,2,8.42261,10.318,1,0.27091
168,73,-1,0,28,2,0.150488,-10.1701,1,0.760446
168,70,-1,0,66,2,-2.49105,-14.3335,1,1.12068
168,71,0,1,24,2,11.0684,-6.1731,4,0.564328
168,72,0,1,65,2,7.50082,10.7506,4,0.260874
168,73,0,1,28,2,0.731319,-10.8827,4,0.7171
168,71,1,2,24,2,10.2661,-7.2289,3,0.562648
168,72,1,2,65,2,7.84815,9.44505,3,0.252062
168,73,1,2,28,2,0.703657,-9.57889,3,0.776116
168,71,1,3,24,2,11.9492,-7.1503,3,0.573393
168,72,1,3,65,2,8.69557,11.3042,3,0.268341
168,73,1,3,28,2,-0.595914,-10.7452,3,0.681105
168,75,-1,0,71,2,12.4065,-10.6302,1,0.358077
168,76,-1,0,73,2,-2.21619,-13.1186,1,0.322484
168,77,-1,0,59,2,9.49259,-5.97099,1,1.02932
168,75,0,1,71,2,12.7175,-11.4912,4,0.384695
168,78,-1,0,1,2,7.19427,17.4699,1,0.357999
168,79,-1,0,72,2,9.26819,10.3312,1,0.4474
168,76,0,1,73,2,-2.97534,-13.6201,4,0.313261
168,77,0,1,59,2,8.73023,-6.53539,4,1.03088
168,78,0,1,1,2,6.34086,17.8216,4,0.363924
168,75,1,2,71,2,13.1114,-10.2173,3,0.393807
168,77,1,2,59,2,10.0358,-6.50158,3,1.04551
168,78,1,2,1,2,6.98239,16.6696,3,0.357898
168,82,-1,0,30,4,-17.1559,-13.7507,1,0.499906
168,78,1,3,1,2,7.47558,18.4697,3,0.437314
168,79,0,1,72,2,10.1482,10.6503,4,0.437667
168,83,-1,0,24,2,16.3044,-10.4458,1,0.500533
168,82,0,1,30,4,-18.0762,-14.243,4,0.499946
168,84,-1,0,65,2,0.826673,11.1252,1,0.278458
168,84,0,1,65,2,0.781268,10.1915,4,0.423258
168,82,1,2,30,4,-16.7812,-14.475,3,0.488121
168,76,1,2,73,2,-1.65372,-13.6688,3,0.323888
168,84,1,2,65,2,1.67685,11.1363,3,0.445452
168,74,-1,0,4,1,-11.2527,-9.03629,1,0.342824
168,82,1,3,30,4,-17.8153,-13.0326,3,0.534758
168,75,1,3,71,2,11.4897,-10.9781,3,0.409935
168,76,1,3,73,2,-2.66978,-12.3328,3,0.303516
168,84,1,3,65,2,-0.275221,10.9881,3,0.563862
168,82,0,4,30,4,-16.1818,-13.3832,2,0.508152
168,88,-1,0,75,2,13.1758,-10.891,1,0.701553
168,82,4,5,30,4,-15.3638,-13.3239,3,0.512836
168,90,-1,0,1,2,7.70597,10.1771,1,0.474534
168,91,-1,0,82,4,-17.51,-14.4592,1,0.484933
168,88,0,1,75,2,13.6716,-11.657,4,0.69018
168,74,0,1,4,1,-10.3938,-9.0569,8,0.938776
168,90,0,1,1,2,8.44399,9.59142,4,0.470341
168,55,0,1,48,4,7.43829,2.08296,4,0.438114
168,51,6,7,6,3,-18.1404,4.58282,0,0.401895
168,92,-1,0,84,2,0.457664,11.8673,1,0.509467
168,90,1,2,1,2,7.6153,10.5932,3,0.510485
169,0,-1,0,4294967295,1,-14.8093,-6.52546,1,0.287423
169,0,0,1,4294967295,1,-14.579,-5.71409,8,0.846977
169,0,0,2,4294967295,1,-15.6274,-6.70002,8,0.844194
169,0,0,3,4294967295,1,-14.3221,-7.19741,8,0.913266
169,1,-1,0,4294967295,2,7.00002,10.4175,1,0.59951
169,1,0,1,4294967295,2,7.11158,9.55168,4,0.664578
169,1,1,2,4294967295,2,8.13769,10.5611,3,0.688103
169,1,1,3,4294967295,2,5.95833,10.2604,3,0.71289
169,6,-1,0,2,3,-16.1091,8.57558,1,0.215042
169,4,-1,0,0,1,-12.0389,-9.07219,1,0.452411
169,6,0,4,2,3,-16.8583,7.50768,0,0.230732
169,6,4,5,2,3,-18.0445,6.61924,0,0.253113
169,6,5,6,2,3,-19.0006,5.63813,0,0.2724
169,6,6,7,2,3,-20.2763,5.16803,0,0.284283
169,6,7,8,2,3,-21.3715,4.38084,0,0.289379
169,4,0,1,0,1,-12.9503,-9.16802,8,1.32307
169,4,0,2,0,1,-11.5941,-9.767,8,1.29445
169,18,-1,0,9,4,3.37498,-4.08106,1,0.330165
169,18,0,1,9,4,3.38778,-3.04723,4,0.342707
169,18,1,2,9,4,2.49371,-3.92118,3,0.310153
169,18,1,3,9,4,4.13175,-4.0904,3,0.41858
169,24,-1,0,22,2,17.3403,-10.1665,1,0.229474
169,18,0,4,9,4,3.61101,-5.11943,2,0.325206
169,24,0,1,22,2,18.1954,-9.81855,4,0.227015
169,18,4,5,9,4,3.7687,-6.4894,3,0.318438
169,24,1,2,22,2,16.9405,-9.45698,3,0.218415
169,24,1,3,22,2,17.7029,-11.058,3,0.227884
169,28,-1,0,24,2,-5.97148,-18.1949,1,0.465
169,28,0,1,24,2,-5.05417,-18.2719,4,0.464812
169,30,-1,0,9,4,-14.7097,-9.63847,1,0.780956
169,30,0,1,9,4,-14.9975,-8.61631,4,0.794033
169,33,-1,0,17,4,2.57697,6.56969,1,0.27795
169,30,1,2,9,4,-15.7368,-9.64772,3,0.816374
169,33,0,1,17,4,2.0154,7.4943,4,0.264797
169,30,1,3,9,4,-13.8975,-9.20054,3,0.791329
169,33,1,2,17,4,1.67805,6.27891,3,0.262467
169,30,0,4,9,4,-14.3962,-10.6657,2,0.761174
169,33,1,3,17,4,3.25889,7.41199,3,0.261515
169,30,4,5,9,4,-14.3263,-11.6687,3,0.733648
169,28,1,2,24,2,-6.01994,-17.3737,3,0.483126
169,33,0,4,17,4,2.83012,5.65137,2,0.281985
169,33,4,5,17,4,2.71741,4.82503,3,0.279404
169,40,-1,0,33,4,3.47142,6.38106,1,0.939642
169,28,1,3,24,2,-6.0127,-19.1991,3,0.457728
169,37,0,4,30,4,3.62492,-18.5959,2,0
169,39,-1,0,22,2,-3.88555,-16.6356,1,0.442187
169,4,0,3,0,1,-11.4554,-8.48636,8,1.29738
169,36,-1,0,1,2,20.8955,6.34964,1,0.0930458
169,45,-1,0,4,1,-6.32761,-8.9498,1,0.362813
169,93,1,2,24,2,22.7104,-7.04274,3,0
169,45,0,1,4,1,-6.82328,-8.26737,8,1.11933
169,45,0,2,4,1,-6.69576,-9.70089,8,1.08172
169,45,0,3,4,1,-5.49822,-8.9818,8,1.08147
169,40,0,1,33,4,4.50055,5.98955,4,0.912196
169,40,1,2,33,4,3.97046,7.13299,3,0.910518
169,40,1,3,33,4,3.54996,5.19638,3,0.902622
169,37,4,5,30,4,2.68477,-18.2017,3,0
169,40,0,4,33,4,2.65633,7.02127,2,0.96628
169,48,-1,0,37,4,6.64694,1.67547,1,0.477757
169,48,0,1,37,4,6.6451,2.69123,4,0.478777
169,50,-1,0,4,1,-12.6532,-8.59866,1,0.241066
169,51,-1,0,6,3,-16.2083,9.40208,1,0.332204
169,48,1,2,37,4,5.78867,1.72452,3,0.497477
169,50,0,1,4,1,-13.4759,-8.50572,8,0.757747
169,51,0,1,6,3,-16.1954,10.4429,4,0.414853
169,94,1,3,24,2,21.267,-7.91927,3,0
169,48,1,3,37,4,7.84375,2.15379,3,0.466212
169,50,0,2,4,1,-12.3998,-9.48996,8,0.683768
169,51,1,2,6,3,-16.9845,9.38506,3,0.497244
169,48,0,4,37,4,6.64179,0.660455,2,0.468788
169,53,-1,0,28,2,3.17252,-22.3448,1,0.170068
169,51,1,3,6,3,-14.9572,10.0508,3,0.363929
169,39,0,1,22,2,-3.08868,-17.0353,4,0.579983
169,48,4,5,37,4,6.39455,-0.145314,3,0.449994
169,53,0,1,28,2,3.92636,-21.8424,4,0.163218
169,50,0,3,4,1,-12.2475,-7.88761,8,0.747797
169,55,-1,0,48,4,7.37881,1.78669,1,0.343135
169,39,1,2,22,2,-3.78135,-15.891,3,0.427174
169,53,1,2,28,2,2.60807,-21.7429,3,0.170067
169,53,1,3,28,2,3.61702,-23.1713,3,0.160235
169,39,1,3,22,2,-4.33434,-17.4591,3,0.4863
169,36,0,1,1,2,21.7328,5.97259,4,0.0856483
169,36,1,2,1,2,21.1159,7.13207,3,0.0881041
169,36,1,3,1,2,20.5411,5.42722,3,0.0872002
169,59,-1,0,24,2,9.49643,-5.18429,1,0.453438
169,59,0,1,24,2,10.315,-5.54472,4,0.450954
169,60,-1,0,39,2,-3.15333,-16.2564,1,0.634201
169,51,0,4,6,3,-16.7341,8.23941,0,0.289873
169,62,-1,0,28,2,-3.36257,-10.5934,1,0.237839
169,59,1,2,24,2,9.66892,-4.3982,3,0.480188
169,62,0,1,28,2,-2.73525,-9.91241,4,0.22822
169,62,1,2,28,2,-4.03931,-10.0904,3,0.237837
169,51,4,5,6,3,-17.4821,7.11645,0,0.296382
169,59,1,3,24,2,9.01252,-5.87413,3,0.427454
169,64,-1,0,53,2,3.96228,-22.5659,1,1.01539
169,60,0,1,39,2,-3.20025,-15.3442,4,0.624466
169,62,1,3,28,2,-2.50406,-11.2235,3,0.218089
169,65,-1,0,1,2,6.21371,12.4127,1,0.691471
169,66,-1,0,62,2,-2.37455,-15.2175,1,0.33287
169,65,0,1,1,2,7.12698,12.5076,4,0.692664
169,66,0,1,62,2,-3.04418,-14.6023,4,0.321828
169,51,5,6,6,3,-17.4434,5.81574,0,0.336688
169,65,1,2,1,2,6.01206,13.2001,3,0.677755
169,66,1,2,62,2,-1.68404,-14.6789,3,0.323609
169,65,1,3,1,2,6.34553,11.453,3,0.719817
169,71,-1,0,24,2,11.2223,-6.86683,1,0.537989
169,72,-1,0,65,2,8.24216,10.1388,1,0.245571
169,73,-1,0,28,2,0.609347,-10.317,1,0.755412
169,70,-1,0,66,2,-2.33725,-14.4021,1,1.10468
169,71,0,1,24,2,10.9008,-5.9983,4,0.529484
169,72,0,1,65,2,7.44268,10.7885,4,0.253024
169,73,0,1,28,2,1.01915,-11.148,4,0.777932
169,71,1,2,24,2,10.4825,-7.25881,3,0.538133
169,72,1,2,65,2,7.92051,9.49984,3,0.241807
169,73,1,2,28,2,1.31953,-9.88083,3,0.85335
169,71,1,3,24,2,12.1496,-6.40026,3,0.520625
169,72,1,3,65,2,8.50196,11.5406,3,0.290891
169,73,1,3,28,2,-0.277413,-10.8213,3,0.771338
169,75,-1,0,71,2,12.3434,-11.2207,1,0.414641
169,76,-1,0,73,2,-2.23215,-13.1921,1,0.291469
169,77,-1,0,59,2,9.70985,-5.98472,1,1.00909
169,75,0,1,71,2,12.5734,-12.0869,4,0.408313
169,78,-1,0,1,2,6.77254,17.8213,1,0.347758
169,79,-1,0,72,2,8.93095,10.3434,1,0.4154
169,76,0,1,73,2,-2.91795,-13.8096,4,0.282351
169,77,0,1,59,2,9.10367,-6.69135,4,1.0043
169,78,0,1,1,2,5.85797,17.6844,4,0.34439
169,75,1,2,71,2,12.9721,-10.8092,3,0.372171
169,77,1,2,59,2,10.375,-6.43342,3,1.01232
169,78,1,2,1,2,6.99505,17.01,3,0.347738
169,82,-1,0,30,4,-17.7503,-14.2703,1,0.51548
169,78,1,3,1,2,6.46155,18.8513,3,0.347214
169,79,0,1,72,2,9.78754,10.4212,4,0.405667
169,83,-1,0,24,2,16.5682,-10.391,1,0.484533
169,82,0,1,30,4,-18.5066,-14.8628,4,0.529493
169,84,-1,0,65,2,0.374376,10.7551,1,0.399024
169,84,0,1,65,2,0.242696,9.82133,4,0.425971
169,82,1,2,30,4,-17.1716,-14.8751,3,0.555884
169,76,1,2,73,2,-1.60328,-13.7463,3,0.291749
169,84,1,2,65,2,1.27604,10.6087,3,0.410484
169,74,-1,0,4,1,-11.2631,-8.98955,1,0.269982
169,82,1,3,30,4,-18.2665,-13.6141,3,0.509176
169,75,1,3,71,2,11.4454,-11.3775,3,0.458388
169,76,1,3,73,2,-3.03219,-12.4878,3,0.273888
169,84,1,3,65,2,-0.76678,10.6652,3,0.456029
169,82,0,4,30,4,-16.9905,-13.6415,2,0.498141
169,88,-1,0,75,2,13.1078,-11.5575,1,0.668765
169,82,4,5,30,4,-16.1273,-13.2783,3,0.488315
169,90,-1,0,1,2,7.69077,10.0298,1,0.451786
169,91,-1,0,82,4,-17.8466,-15.0879,1,0.468933
169,88,0,1,75,2,14.0216,-11.7528,4,0.658968
169,74,0,1,4,1,-10.4088,-9.03632,8,0.926448
169,90,0,1,1,2,8.49091,9.48685,4,0.442317
169,55,0,1,48,4,7.57808,2.79422,4,0.338865
169,51,6,7,6,3,-18.1047,4.70096,0,0.376924
169,92,-1,0,84,2,0.653738,11.5198,1,0.493467
169,90,1,2,1,2,7.80608,10.6523,3,0.436662
169,74,0,2,4,1,-11.7136,-8.14892,8,0.568236
170,0,-1,0,4294967295,1,-14.8093,-6.52546,1,0.281066
170,0,0,1,4294967295,1,-14.579,-5.71409,8,0.836527
170,0,0,2,4294967295,1,-15.6274,-6.70002,8,0.834897
170,0,0,3,4294967295,1,-14.3221,-7.19741,8,0.87537
170,1,-1,0,4294967295,2,6.6865,10.2608,1,0.554031
170,1,0,1,4294967295,2,6.50711,9.37076,4,0.690711
170,1,1,2,4294967295,2,7.58147,10.1871,3,0.683779
170,1,1,3,4294967295,2,5.86832,10.5112,3,0.711034
170,6,-1,0,2,3,-16.0636,9.12933,1,0.216401
170,4,-1,0,0,1,-11.9084,-8.99635,1,0.462684
170,6,0,4,2,3,-16.5612,7.90212,0,0.223912
170,6,4,5,2,3,-17.6101,6.88276,0,0.236116
170,6,5,6,2,3,-18.5635,5.88626,0,0.248973
170,6,6,7,2,3,-19.8779,5.60691,0,0.259072
170,6,7,8,2,3,-21.0623,5.02558,0,0.264476
170,4,0,1,0,1,-12.8183,-8.9015,8,1.33082
170,4,0,2,0,1,-11.667,-9.81184,8,1.31405
170,18,-1,0,9,4,3.34839,-3.74854,1,0.31298
170,18,0,1,9,4,3.63438,-2.73721,4,0.3183
170,18,1,2,9,4,2.37567,-2.93184,3,0.291347
170,18,1,3,9,4,4.25254,-3.84516,3,0.447727
170,24,-1,0,22,2,17.5995,-10.0114,1,0.201814
170,18,0,4,9,4,3.21494,-4.79794,2,0.308828
170,24,0,1,22,2,18.5055,-9.84281,4,0.194199
170,18,4,5,9,4,2.91176,-5.59226,3,0.303436
170,24,1,2,22,2,17.3423,-9.23319,3,0.191798
170,24,1,3,22,2,17.8016,-10.976,3,0.200647
170,28,-1,0,24,2,-5.88592,-17.9598,1,0.442227
170,28,0,1,24,2,-5.0313,-18.2964,4,0.435913
170,30,-1,0,9,4,-14.955,-9.39309,1,0.770821
170,30,0,1,9,4,-15.2388,-8.47369,4,0.762988
170,33,-1,0,17,4,2.73287,6.72644,1,0.263965
170,30,1,2,9,4,-15.8059,-9.64504,3,0.773804
170,33,0,1,17,4,2.03302,7.57717,4,0.237894
170,30,1,3,9,4,-14.1359,-9.13221,3,0.757298
170,33,1,2,17,4,1.96711,6.31705,3,0.237482
170,30,0,4,9,4,-14.6552,-10.3121,2,0.779959
170,33,1,3,17,4,3.29326,7.63441,3,0.230211
170,30,4,5,9,4,-14.6182,-11.0726,3,0.786841
170,28,1,2,24,2,-5.71209,-17.167,3,0.444052
170,33,0,4,17,4,3.19857,5.77731,2,0.292219
170,33,4,5,17,4,3.50416,4.40509,3,0.312885
170,40,-1,0,33,4,3.59735,6.90056,1,0.940777
170,28,1,3,24,2,-6.23401,-18.8568,3,0.432504
170,39,-1,0,22,2,-3.69804,-16.8681,1,0.476898
170,4,0,3,0,1,-11.213,-8.44115,8,1.31577
170,36,-1,0,1,2,21.2329,6.29735,1,0.0646647
170,45,-1,0,4,1,-6.32761,-8.9498,1,0.356413
170,93,1,2,24,2,22.774,-7.09802,3,0
170,45,0,1,4,1,-6.82328,-8.26737,8,1.08971
170,45,0,2,4,1,-6.69576,-9.70089,8,1.06767
170,45,0,3,4,1,-5.49822,-8.9818,8,1.06753
170,40,0,1,33,4,4.65128,6.66942,4,0.907127
170,40,1,2,33,4,4.03865,7.77485,3,0.929715
170,40,1,3,33,4,3.91843,5.66568,3,0.88242
170,40,0,4,33,4,2.67935,7.38149,2,0.957904
170,48,-1,0,37,4,6.80538,2.11466,1,0.471778
170,48,0,1,37,4,6.33529,3.03993,4,0.491174
170,50,-1,0,4,1,-12.7064,-8.40542,1,0.234917
170,51,-1,0,6,3,-16.4784,9.85904,1,0.373856
170,48,1,2,37,4,6.04677,1.79343,3,0.487773
170,50,0,1,4,1,-13.5508,-8.34853,8,0.72688
170,51,0,1,6,3,-16.8085,10.9164,4,0.406966
170,94,1,3,24,2,21.3399,-7.9761,3,0
170,48,1,3,37,4,7.61996,2.95237,3,0.537388
170,50,0,2,4,1,-12.475,-9.29507,8,0.683532
170,51,1,2,6,3,-17.458,9.82981,3,0.419212
170,48,0,4,37,4,7.1286,1.09765,2,0.457486
170,53,-1,0,28,2,3.5685,-22.4505,1,0.141786
170,51,1,3,6,3,-15.5295,10.9178,3,0.386093
170,39,0,1,22,2,-2.88579,-17.2588,4,0.48237
170,48,4,5,37,4,7.16278,-0.282863,3,0.444656
170,53,0,1,28,2,4.01384,-21.6614,4,0.134114
170,50,0,3,4,1,-12.2029,-7.7386,8,0.72105
170,55,-1,0,48,4,7.57152,2.30504,1,0.31376
170,39,1,2,22,2,-3.58167,-16.105,3,0.469178
170,53,1,2,28,2,2.79513,-22.1628,3,0.139759
170,53,1,3,28,2,4.32313,-22.9924,3,0.131918
170,39,1,3,22,2,-4.09205,-17.7565,3,0.512521
170,36,0,1,1,2,22.0745,5.92956,4,0.0571598
170,36,1,2,1,2,21.4449,7.08183,3,0.057626
170,36,1,3,1,2,20.8883,5.37222,3,0.0606171
170,59,-1,0,24,2,9.55121,-5.27255,1,0.4263
170,59,0,1,24,2,10.4215,-5.43391,4,0.41687
170,60,-1,0,39,2,-2.9512,-16.5287,1,0.6022
170,51,0,4,6,3,-16.3608,8.54543,0,0.333484
170,62,-1,0,28,2,-3.01468,-10.2868,1,0.234107
170,59,1,2,24,2,9.63812,-4.38158,3,0.431643
170,62,0,1,28,2,-2.80079,-9.38911,4,0.233397
170,62,1,2,28,2,-3.84992,-10.1877,3,0.232179
170,51,4,5,6,3,-16.8252,7.16145,0,0.317967
170,59,1,3,24,2,9.24439,-6.06868,3,0.400108
170,64,-1,0,53,2,4.37284,-22.2858,1,0.999387
170,60,0,1,39,2,-2.89491,-15.6204,4,0.592466
170,62,1,3,28,2,-2.00122,-10.463,3,0.220806
170,65,-1,0,1,2,6.54243,12.6393,1,0.683177
170,66,-1,0,62,2,-2.03933,-15.2495,1,0.302444
170,65,0,1,1,2,7.44531,12.4586,4,0.685791
170,66,0,1,62,2,-2.81934,-14.8116,4,0.294924
170,51,5,6,6,3,-17.1052,5.8667,0,0.321462
170,65,1,2,1,2,6.58516,13.4605,3,0.703835
170,66,1,2,62,2,-1.4728,-14.5892,3,0.299614
170,65,1,3,1,2,6.4373,11.6368,3,0.681176
170,71,-1,0,24,2,11.5626,-6.52611,1,0.518182
170,72,-1,0,65,2,8.33196,10.2657,1,0.227918
170,73,-1,0,28,2,1.12778,-10.6704,1,0.833359
170,70,-1,0,66,2,-2.17353,-14.4376,1,1.08868
170,71,0,1,24,2,10.9619,-5.84924,4,0.527279
170,72,0,1,65,2,7.33781,10.3977,4,0.220799
170,73,0,1,28,2,1.08705,-11.5963,4,0.844721
170,71,1,2,24,2,10.9712,-7.17012,3,0.573052
170,72,1,2,65,2,8.03146,9.18663,3,0.227166
170,73,1,2,28,2,1.97987,-10.6371,3,0.868173
170,71,1,3,24,2,12.2812,-5.68481,3,0.508872
170,72,1,3,65,2,7.99418,11.4913,3,0.214515
170,73,1,3,28,2,0.0789537,-10.7084,3,0.83654
170,75,-1,0,71,2,12.4314,-11.6924,1,0.400301
170,76,-1,0,73,2,-2.4396,-13.2563,1,0.261251
170,77,-1,0,59,2,9.88578,-6.05192,1,1.02112
170,75,0,1,71,2,12.4842,-12.5901,4,0.410616
170,78,-1,0,1,2,6.23737,18.0757,1,0.366373
170,79,-1,0,72,2,9.15044,10.5193,1,0.3834
170,76,0,1,73,2,-2.89817,-14.0546,4,0.263595
170,77,0,1,59,2,9.26978,-6.78926,4,1.02283
170,78,0,1,1,2,5.58788,17.419,4,0.380594
170,75,1,2,71,2,13.1853,-11.439,3,0.38915
170,77,1,2,59,2,10.5338,-6.50799,3,1.02176
170,78,1,2,1,2,6.8951,17.5598,3,0.361856
170,82,-1,0,30,4,-18.276,-14.752,1,0.48887
170,78,1,3,1,2,5.39796,18.7304,3,0.398589
170,79,0,1,72,2,10.0185,10.2959,4,0.373667
170,83,-1,0,24,2,16.8578,-10.3205,1,0.468533
170,82,0,1,30,4,-18.7985,-15.6402,4,0.486227
170,84,-1,0,65,2,0.092884,10.2259,1,0.433313
170,84,0,1,65,2,-0.423124,9.44457,4,0.473141
170,82,1,2,30,4,-17.6085,-15.0738,3,0.504054
170,76,1,2,73,2,-1.67027,-13.5753,3,0.366234
170,84,1,2,65,2,0.824866,9.82108,3,0.442008
170,74,-1,0,4,1,-11.1429,-9.06258,1,0.243322
170,82,1,3,30,4,-19.2221,-14.464,3,0.470679
170,75,1,3,71,2,11.4393,-11.7682,3,0.45919
170,76,1,3,73,2,-3.38455,-12.836,3,0.241229
170,84,1,3,65,2,-0.819747,10.7001,3,0.444699
170,82,0,4,30,4,-17.5815,-13.9122,2,0.483503
170,88,-1,0,75,2,13.1138,-12.1629,1,0.636735
170,82,4,5,30,4,-16.4775,-13.1173,3,0.474564
170,90,-1,0,1,2,7.65557,9.70916,1,0.431239
170,91,-1,0,82,4,-18.0939,-15.5677,1,0.452933
170,88,0,1,75,2,13.9682,-11.7949,4,0.626999
170,74,0,1,4,1,-10.3018,-9.05092,8,0.841619
170,90,0,1,1,2,8.567,9.3792,4,0.426235
170,55,0,1,48,4,7.13383,3.28363,4,0.30424
170,51,6,7,6,3,-17.9666,4.88562,0,0.328632
170,92,-1,0,84,2,0.675947,10.7939,1,0.477467
170,90,1,2,1,2,8.59893,10.7395,3,0.406143
170,74,0,2,4,1,-11.6154,-8.25899,8,0.631725
170,90,1,3,1,2,7.48857,8.59492,3,0.448892
171,0,-1,0,4294967295,1,-14.8093,-6.52546,1,0.274666
171,0,0,1,4294967295,1,-14.579,-5.71409,8,0.822463
171,0,0,2,4294967295,1,-15.6274,-6.70002,8,0.821508
171,0,0,3,4294967295,1,-14.3221,-7.19741,8,0.845223
171,1,-1,0,4294967295,2,6.39936,9.87493,1,0.614298
171,1,0,1,4294967295,2,5.73961,9.20361,4,0.624229
171,1,1,2,4294967295,2,7.06729,9.24156,3,0.63566
171,1,1,3,4294967295,2,5.49789,10.4635,3,0.629863
171,6,-1,0,2,3,-16.3187,9.69389,1,0.209642
171,4,-1,0,0,1,-11.8461,-8.98496,1,0.434307
171,6,0,4,2,3,-16.5959,8.42113,0,0.214044
171,6,4,5,2,3,-17.3942,7.37469,0,0.221512
171,6,5,6,2,3,-18.1415,6.3353,0,0.229892
171,6,6,7,2,3,-19.4002,6.03592,0,0.236939
171,6,7,8,2,3,-20.5599,5.45572,0,0.24092
171,4,0,1,0,1,-12.7157,-8.79167,8,1.31455
171,4,0,2,0,1,-11.6073,-9.79524,8,1.30473
171,18,-1,0,9,4,3.45904,-3.21441,1,0.321439
171,18,0,1,9,4,4.18985,-2.514,4,0.338944
171,18,1,2,9,4,2.93259,-2.44489,3,0.307195
171,18,1,3,9,4,4.13904,-3.80667,3,0.361094
171,24,-1,0,22,2,17.8731,-9.88904,1,0.173434
171,18,0,4,9,4,2.82423,-4.0125,2,0.299493
171,24,0,1,22,2,18.793,-9.85709,4,0.166026
171,18,4,5,9,4,2.14083,-4.6468,3,0.287236
171,24,1,2,22,2,17.7233,-9.08907,3,0.170327
171,24,1,3,22,2,17.9156,-10.8525,3,0.165842
171,28,-1,0,24,2,-5.72294,-17.8518,1,0.414125
171,28,0,1,24,2,-4.88147,-18.2225,4,0.406138
171,30,-1,0,9,4,-15.1737,-9.01891,1,0.748875
171,30,0,1,9,4,-15.6778,-8.13398,4,0.735143
171,33,-1,0,17,4,3.03788,6.72776,1,0.363517
171,30,1,2,9,4,-15.8001,-9.41611,3,0.743237
171,33,0,1,17,4,2.16527,7.37949,4,0.265534
171,30,1,3,9,4,-14.4854,-8.52917,3,0.724079
171,33,1,2,17,4,2.25586,6.10383,3,0.271575
171,30,0,4,9,4,-14.8007,-10.003,2,0.756156
171,33,1,3,17,4,3.35819,7.83042,3,0.235672
171,30,4,5,9,4,-14.6883,-11.373,3,0.755731
171,28,1,2,24,2,-5.51073,-17.0655,3,0.414464
171,33,0,4,17,4,3.6065,5.87907,2,0.337671
171,33,4,5,17,4,3.79838,5.15487,3,0.425239
171,40,-1,0,33,4,3.79337,7.21384,1,0.93034
171,28,1,3,24,2,-6.10191,-18.7399,3,0.400397
171,39,-1,0,22,2,-3.50607,-17.1354,1,0.479837
171,4,0,3,0,1,-11.1418,-8.41176,8,1.30573
171,36,-1,0,1,2,21.5792,6.23395,1,0.0362286
171,45,-1,0,4,1,-6.32761,-8.9498,1,0.350013
171,93,1,2,24,2,22.8189,-7.13695,3,0
171,45,0,1,4,1,-6.82328,-8.26737,8,1.06441
171,45,0,2,4,1,-6.69576,-9.70089,8,1.0515
171,45,0,3,4,1,-5.49822,-8.9818,8,1.05141
171,40,0,1,33,4,4.85252,7.35397,4,0.934806
171,40,1,2,33,4,4.02721,8.31546,3,0.914728
171,40,1,3,33,4,4.22339,6.29464,3,0.985176
171,40,0,4,33,4,2.79128,7.2848,2,0.929074
171,48,-1,0,37,4,6.74625,2.32359,1,0.288832
171,48,0,1,37,4,6.08944,3.14376,4,0.420786
171,50,-1,0,4,1,-12.6779,-8.25408,1,0.228518
171,51,-1,0,6,3,-16.9282,10.244,1,0.365645
171,48,1,2,37,4,6.02545,1.87217,3,0.447226
171,50,0,1,4,1,-13.5054,-8.07518,8,0.700892
171,51,0,1,6,3,-17.3586,11.2354,4,0.39646
171,94,1,3,24,2,21.3913,-8.01613,3,0
171,48,1,3,37,4,7.33897,3.54835,3,0.465263
171,50,0,2,4,1,-12.4955,-9.1649,8,0.675492
171,51,1,2,6,3,-18.1392,10.221,3,0.448962
171,48,0,4,37,4,7.39951,1.48351,2,0.3568
171,53,-1,0,28,2,3.92837,-22.4279,1,0.11297
171,51,1,3,6,3,-16.0774,11.1333,3,0.371006
171,39,0,1,22,2,-2.647,-17.4418,4,0.581318
171,48,4,5,37,4,7.72262,0.736005,3,0.408299
171,53,0,1,28,2,4.0669,-21.5317,4,0.105168
171,50,0,3,4,1,-12.0623,-7.69567,8,0.697476
171,55,-1,0,48,4,7.33662,2.70228,1,0.300243
171,39,1,2,22,2,-3.40775,-16.3357,3,0.523559
171,53,1,2,28,2,3.10874,-22.4326,3,0.108036
171,53,1,3,28,2,4.82018,-22.6703,3,0.105593
171,39,1,3,22,2,-3.78274,-18.0914,3,0.481384
171,36,0,1,1,2,22.4016,5.82462,4,0.0287074
171,36,1,2,1,2,21.8299,7.0067,3,0.0285757
171,36,1,3,1,2,21.1876,5.33151,3,0.0327082
171,59,-1,0,24,2,9.57424,-5.32023,1,0.393111
171,59,0,1,24,2,10.4589,-5.32587,4,0.38203
171,60,-1,0,39,2,-2.79916,-16.7416,1,0.5702
171,51,0,4,6,3,-16.4432,9.03773,0,0.338901
171,62,-1,0,28,2,-2.72801,-9.90347,1,0.206756
171,59,1,2,24,2,9.36486,-4.56725,3,0.394178
171,62,0,1,28,2,-2.89259,-9.00036,4,0.199062
171,62,1,2,28,2,-3.49299,-10.1667,3,0.197914
171,51,4,5,6,3,-16.5718,7.59494,0,0.321849
171,59,1,3,24,2,9.3451,-6.07257,3,0.366309
171,64,-1,0,53,2,4.62152,-21.9926,1,1.00739
171,60,0,1,39,2,-2.61756,-15.859,4,0.560467
171,62,1,3,28,2,-1.79908,-9.76439,3,0.203553
171,65,-1,0,1,2,6.89791,12.828,1,0.399877
171,66,-1,0,62,2,-1.72851,-15.2964,1,0.356732
171,65,0,1,1,2,7.76657,12.7143,4,0.518741
171,66,0,1,62,2,-2.60858,-15.0694,4,0.293512
171,51,5,6,6,3,-16.7577,6.23204,0,0.313557
171,65,1,2,1,2,6.70004,13.5495,3,0.589429
171,66,1,2,62,2,-1.39746,-14.4505,3,0.271126
171,65,1,3,1,2,6.85647,11.7666,3,0.570199
171,71,-1,0,24,2,11.9449,-6.27612,1,0.504449
171,72,-1,0,65,2,8.22203,10.4323,1,0.196402
171,73,-1,0,28,2,1.51464,-11.3225,1,0.644836
171,70,-1,0,66,2,-2.09699,-14.5762,1,1.07268
171,71,0,1,24,2,11.2057,-5.73571,4,0.500918
171,72,0,1,65,2,7.26339,10.2211,4,0.18558
171,73,0,1,28,2,1.24919,-12.1383,4,0.756769
171,71,1,2,24,2,11.5872,-6.99505,3,0.508811
171,72,1,2,65,2,8.1119,9.1835,3,0.196252
171,73,1,2,28,2,2.39225,-11.4388,3,0.777905
171,71,1,3,24,2,12.5179,-5.48647,3,0.501255
171,72,1,3,65,2,7.57962,11.4841,3,0.171271
171,73,1,3,28,2,0.812911,-10.8238,3,0.778534
171,75,-1,0,71,2,12.456,-12.1584,1,0.417077
171,76,-1,0,73,2,-2.74667,-13.3668,1,0.26309
171,77,-1,0,59,2,10.0557,-6.01495,1,0.997287
171,75,0,1,71,2,12.5839,-13.0358,4,0.413858
171,78,-1,0,1,2,5.7224,18.1045,1,0.361616
171,79,-1,0,72,2,9.08192,10.0508,1,0.3514
171,76,0,1,73,2,-2.81268,-14.2845,4,0.276468
171,77,0,1,59,2,9.52895,-6.80308,4,0.991009
171,78,0,1,1,2,5.36794,17.256,4,0.373257
171,75,1,2,71,2,13.1033,-11.7919,3,0.411242
171,77,1,2,59,2,10.7817,-6.44109,3,0.997415
171,78,1,2,1,2,6.51311,17.8959,3,0.350246
171,82,-1,0,30,4,-18.5457,-15.1391,1,0.465168
171,78,1,3,1,2,4.78168,18.4309,3,0.424448
171,79,0,1,72,2,9.98102,10.2179,4,0.341667
171,83,-1,0,24,2,17.1489,-10.2358,1,0.452533
171,82,0,1,30,4,-18.7502,-16.1462,4,0.551254
171,84,-1,0,65,2,-0.153947,9.66462,1,0.426857
171,84,0,1,65,2,-1.02454,9.35223,4,0.440165
171,82,1,2,30,4,-17.6896,-15.3542,3,0.466719
171,76,1,2,73,2,-1.91865,-13.3102,3,0.339148
171,84,1,2,65,2,0.225835,8.92896,3,0.502038
171,74,-1,0,4,1,-11.1121,-9.14709,1,0.236018
171,82,1,3,30,4,-19.736,-15.3601,3,0.438767
171,75,1,3,71,2,11.5411,-12.2065,3,0.424061
171,76,1,3,73,2,-3.77243,-13.3806,3,0.240807
171,84,1,3,65,2,-0.628117,10.6068,3,0.426202
171,82,0,4,30,4,-18.1539,-14.1896,2,0.461552
171,88,-1,0,75,2,13.197,-12.5365,1,0.604733
171,82,4,5,30,4,-17.6933,-13.6344,3,0.457595
171,90,-1,0,1,2,8.45094,9.68784,1,0.401533
171,91,-1,0,82,4,-18.1451,-15.8352,1,0.436933
171,88,0,1,75,2,13.941,-11.9953,4,0.595
171,74,0,1,4,1,-10.3294,-8.92847,8,0.777818
171,90,0,1,1,2,9.01992,8.89501,4,0.391227
171,55,0,1,48,4,6.69434,3.58589,4,0.335284
171,51,6,7,6,3,-17.6084,5.19833,0,0.310806
171,92,-1,0,84,2,0.527111,10.0952,1,0.461467
171,90,1,2,1,2,8.78751,10.1332,3,0.374422
171,74,0,2,4,1,-11.6866,-8.47051,8,0.65483
171,90,1,3,1,2,7.72134,8.66792,3,0.405059
171,96,-1,0,73,2,0.64919,-11.3587,1,0.506
171,97,-1,0,65,2,7.65946,13.2226,1,0.5092
171,55,1,2,48,4,5.76169,2.56959,3,0.418493
172,0,-1,0,4294967295,1,-14.8092,-6.52506,1,0.268266
172,0,0,1,4294967295,1,-14.5792,-5.71397,8,0.806273
172,0,0,2,4294967295,1,-15.6274,-6.7,8,0.805713
172,0,0,3,4294967295,1,-14.3196,-7.19328,8,0.819608
172,1,-1,0,4294967295,2,5.88863,9.25263,1,0.778848
172,1,0,1,4294967295,2,5.19282,8.63304,4,0.78887
172,1,1,2,4294967295,2,6.50207,8.6964,3,0.783115
172,1,1,3,4294967295,2,5.06138,9.92217,3,0.759503
172,6,-1,0,2,3,-16.6913,10.2388,1,0.199271
172,4,-1,0,0,1,-11.8929,-8.98787,1,0.427813
172,6,0,4,2,3,-16.7219,8.94688,0,0.202041
172,6,4,5,2,3,-17.4011,7.80838,0,0.206806
172,6,5,6,2,3,-17.8996,6.67981,0,0.212261
172,6,6,7,2,3,-19.0918,6.31784,0,0.216943
172,6,7,8,2,3,-20.1371,5.62998,0,0.219628
172,4,0,1,0,1,-12.8113,-8.76986,8,1.29281
172,4,0,2,0,1,-11.7106,-9.80977,8,1.28705
172,18,-1,0,9,4,3.7506,-2.8247,1,0.332853
172,18,0,1,9,4,4.76269,-2.55401,4,0.355949
172,18,1,2,9,4,3.72703,-1.84302,3,0.330196
172,18,1,3,9,4,3.98829,-3.56548,3,0.363553
172,24,-1,0,22,2,18.1501,-9.82498,1,0.15576
172,18,0,4,9,4,2.7941,-3.32304,2,0.303179
172,24,0,1,22,2,19.066,-9.74965,4,0.225743
172,18,4,5,9,4,1.51554,-3.79155,3,0.283925
172,24,1,2,22,2,17.9593,-9.0371,3,0.154352
172,24,1,3,22,2,18.2222,-10.7761,3,0.146468
172,28,-1,0,24,2,-5.49515,-17.8426,1,0.384731
172,28,0,1,24,2,-4.61084,-18.0976,4,0.376558
172,30,-1,0,9,4,-15.3853,-8.92592,1,0.394794
172,30,0,1,9,4,-16.0036,-8.09039,4,0.624881
172,33,-1,0,17,4,3.22033,6.9364,1,0.336365
172,30,1,2,9,4,-16.2972,-9.3806,3,0.70139
172,33,0,1,17,4,2.25532,7.35588,4,0.313899
172,30,1,3,9,4,-14.7515,-7.8846,3,0.680787
172,33,1,2,17,4,2.75567,6.16487,3,0.431547
172,30,0,4,9,4,-14.9079,-9.85561,2,0.670226
172,33,1,3,17,4,3.35954,7.99637,3,0.251147
172,30,4,5,9,4,-14.7118,-10.6846,3,0.789513
172,28,1,2,24,2,-5.38182,-17.0331,3,0.381236
172,33,0,4,17,4,3.91488,6.26133,2,0.37428
172,33,4,5,17,4,4.39612,5.39605,3,0.383933
172,40,-1,0,33,4,3.9755,7.44057,1,1.01579
172,28,1,3,24,2,-5.7486,-18.7848,3,0.374452
172,39,-1,0,22,2,-3.26345,-17.4066,1,0.508347
172,4,0,3,0,1,-11.1604,-8.45087,8,1.28764
172,36,-1,0,1,2,21.9308,6.15973,1,0.00775263
172,45,-1,0,4,1,-6.32761,-8.9498,1,0.343613
172,45,0,1,4,1,-6.82328,-8.26737,8,1.04163
172,45,0,2,4,1,-6.69576,-9.70089,8,1.03407
172,45,0,3,4,1,-5.49822,-8.9818,8,1.03402
172,40,0,1,33,4,5.06258,7.62267,4,1.04097
172,40,1,2,33,4,4.1048,8.41632,3,1.02782
172,40,1,3,33,4,4.34086,6.66207,3,1.0642
172,40,0,4,33,4,2.94367,7.44446,2,0.98439
172,48,-1,0,37,4,6.58567,2.5582,1,0.425121
172,48,0,1,37,4,5.90639,3.36809,4,0.523509
172,50,-1,0,4,1,-12.5128,-8.22533,1,0.222118
172,51,-1,0,6,3,-17.3448,10.7435,1,0.367544
172,48,1,2,37,4,5.57363,2.1491,3,0.525204
172,50,0,1,4,1,-13.3148,-7.95797,8,0.677715
172,51,0,1,6,3,-17.5885,11.7433,4,0.395574
172,48,1,3,37,4,7.24558,3.42041,3,0.475204
172,50,0,2,4,1,-12.459,-9.14343,8,0.662832
172,51,1,2,6,3,-18.4401,10.7741,3,0.457476
172,48,0,4,37,4,7.40239,2.11041,2,0.373095
172,53,-1,0,28,2,4.20568,-22.2972,1,0.148669
172,51,1,3,6,3,-16.4364,11.1089,3,0.382886
172,39,0,1,22,2,-2.39093,-17.6422,4,0.514352
172,48,4,5,37,4,8.11444,1.52949,3,0.359279
172,53,0,1,28,2,4.13515,-21.3923,4,0.105153
172,50,0,3,4,1,-11.8978,-7.65978,8,0.675713
172,55,-1,0,48,4,6.73851,3.27119,1,0.405637
172,39,1,2,22,2,-3.27375,-16.6252,3,0.516159
172,53,1,2,28,2,3.41074,-22.4835,3,0.0885736
172,53,1,3,28,2,5.11056,-22.3465,3,0.0929004
172,39,1,3,22,2,-3.46424,-18.3852,3,0.529112
172,36,0,1,1,2,22.7108,5.67434,4,0.00021634
172,36,1,2,1,2,22.2549,6.90566,3,7.12247e-24
172,36,1,3,1,2,21.457,5.29252,3,0.00443023
172,59,-1,0,24,2,9.67069,-5.41521,1,0.358695
172,59,0,1,24,2,10.5477,-5.24815,4,0.347356
172,60,-1,0,39,2,-2.58926,-16.9399,1,0.5382
172,51,0,4,6,3,-16.9465,9.55488,0,0.347187
172,62,-1,0,28,2,-2.61038,-9.52792,1,0.177405
172,59,1,2,24,2,9.34543,-4.68766,3,0.358909
172,62,0,1,28,2,-2.84412,-8.63659,4,0.168815
172,62,1,2,28,2,-3.36914,-9.83267,3,0.161927
172,51,4,5,6,3,-16.7401,8.17219,0,0.338842
172,59,1,3,24,2,9.62631,-6.22179,3,0.33199
172,64,-1,0,53,2,4.77583,-21.7099,1,0.991387
172,60,0,1,39,2,-2.37351,-16.0546,4,0.528467
172,62,1,3,28,2,-1.67378,-9.27601,3,0.176765
172,65,-1,0,1,2,7.39467,12.8105,1,0.510083
172,66,-1,0,62,2,-1.49835,-15.3178,1,0.305817
172,65,0,1,1,2,8.27608,12.834,4,0.55608
172,66,0,1,62,2,-2.40855,-15.2226,4,0.310361
172,51,5,6,6,3,-16.503,6.87728,0,0.344433
172,65,1,2,1,2,7.09546,13.5109,3,0.547943
172,66,1,2,62,2,-1.36658,-14.3418,3,0.333269
172,65,1,3,1,2,7.32814,11.9337,3,0.574322
172,71,-1,0,24,2,12.1581,-6.05093,1,0.479188
172,72,-1,0,65,2,8.17598,9.8485,1,0.161919
172,73,-1,0,28,2,1.78492,-11.7553,1,0.48027
172,70,-1,0,66,2,-1.95344,-14.6608,1,1.05668
172,71,0,1,24,2,11.4236,-5.50009,4,0.472169
172,72,0,1,65,2,7.21067,9.72484,4,0.150356
172,73,0,1,28,2,1.06407,-12.303,4,0.632064
172,71,1,2,24,2,11.7834,-6.76046,3,0.469291
172,72,1,2,65,2,8.332,9.0695,3,0.161889
172,73,1,2,28,2,2.35995,-12.2933,3,0.733371
172,71,1,3,24,2,12.7478,-5.36957,3,0.478536
172,72,1,3,65,2,7.6162,10.953,3,0.134445
172,73,1,3,28,2,1.39089,-10.9924,3,0.688056
172,75,-1,0,71,2,12.465,-12.4987,1,0.391886
172,76,-1,0,73,2,-3.0893,-13.5898,1,0.269239
172,77,-1,0,59,2,10.2519,-6.01658,1,0.992601
172,75,0,1,71,2,12.7232,-13.3624,4,0.384861
172,78,-1,0,1,2,5.34729,17.9682,1,0.348923
172,79,-1,0,72,2,9.07018,9.60026,1,0.3194
172,76,0,1,73,2,-2.68378,-14.4194,4,0.30616
172,77,0,1,59,2,9.89839,-6.90082,4,1.00314
172,78,0,1,1,2,5.06109,17.0942,4,0.344891
172,75,1,2,71,2,13.1263,-12.0852,3,0.379868
172,77,1,2,59,2,11.0281,-6.24293,3,1.02963
172,78,1,2,1,2,6.14644,17.8251,3,0.334699
172,82,-1,0,30,4,-18.7365,-15.8162,1,0.447761
172,78,1,3,1,2,4.41586,18.2354,3,0.361472
172,79,0,1,72,2,9.82762,10.164,4,0.309667
172,83,-1,0,24,2,17.4153,-10.1473,1,0.436533
172,82,0,1,30,4,-18.5833,-16.798,4,0.439599
172,84,-1,0,65,2,-0.464649,9.26204,1,0.487272
172,84,0,1,65,2,-1.39458,9.21847,4,0.557916
172,82,1,2,30,4,-17.901,-15.6741,3,0.437167
172,76,1,2,73,2,-2.37165,-13.1363,3,0.284431
172,84,1,2,65,2,-0.333079,8.44877,3,0.645059
172,74,-1,0,4,1,-11.1091,-9.07467,1,0.229151
172,82,1,3,30,4,-19.5237,-15.9447,3,0.440154
172,75,1,3,71,2,11.5711,-12.6942,3,0.392846
172,76,1,3,73,2,-3.98824,-14.1812,3,0.246307
172,84,1,3,65,2,-0.635101,10.2767,3,0.580563
172,82,0,4,30,4,-18.8963,-14.8076,2,0.446488
172,88,-1,0,75,2,13.2229,-12.8083,1,0.656645
172,82,4,5,30,4,-18.7171,-13.7148,3,0.442068
172,90,-1,0,1,2,8.60898,9.57543,1,0.367803
172,91,-1,0,82,4,-18.0877,-16.3131,1,0.420933
172,88,0,1,75,2,13.9762,-12.2874,4,0.719089
172,74,0,1,4,1,-10.296,-8.80665,8,0.73179
172,90,0,1,1,2,9.25587,8.91121,4,0.356898
172,55,0,1,48,4,6.27877,4.11438,4,0.496669
172,51,6,7,6,3,-17.0079,5.67215,0,0.354483
172,92,-1,0,84,2,0.2991,9.5307,1,0.445467
172,90,1,2,1,2,9.22542,10.2462,3,0.342743
172,74,0,2,4,1,-11.7179,-8.41677,8,0.659726
172,90,1,3,1,2,7.95216,8.57498,3,0.368508
172,96,-1,0,73,2,0.965746,-11.7214,1,0.635154
172,97,-1,0,65,2,7.64612,13.6031,1,0.4932
172,55,1,2,48,4,6.1373,2.84156,3,0.421731
172,96,0,1,73,2,0.463019,-12.5561,4,0.702446
172,98,-1,0,30,4,-16.0528,-9.22542,1,0.5172
173,0,-1,0,4294967295,1,-14.8026,-6.51312,1,0.261866
173,0,0,1,4294967295,1,-14.5901,-5.6966,8,0.788836
173,0,0,2,4294967295,1,-15.6167,-6.70304,8,0.788508
173,0,0,3,4294967295,1,-14.3015,-7.17583,8,0.79665
173,1,-1,0,4294967295,2,5.29727,8.75645,1,0.824854
173,1,0,1,4294967295,2,4.83876,7.97062,4,0.905197
173,1,1,2,4294967295,2,6.05845,8.49135,3,1.19592
173,1,1,3,4294967295,2,4.36541,9.1712,3,0.803662
173,6,-1,0,2,3,-17.0521,10.629,1,0.186859
173,4,-1,0,0,1,-11.9283,-8.86786,1,0.421412
173,6,0,4,2,3,-16.896,9.39439,0,0.188642
173,6,4,5,2,3,-17.4978,8.16727,0,0.191725
173,6,5,6,2,3,-17.8404,6.97476,0,0.195275
173,6,6,7,2,3,-18.9643,6.39238,0,0.198341
173,6,7,8,2,3,-19.9158,5.55049,0,0.200108
173,4,0,1,0,1,-12.8376,-8.70846,8,1.2721
173,4,0,2,0,1,-11.6913,-9.67052,8,1.26873
173,18,-1,0,9,4,3.88072,-2.67502,1,0.300975
173,18,0,1,9,4,4.92983,-2.76863,4,0.300734
173,18,1,2,9,4,4.48685,-1.57611,3,0.293088
173,18,1,3,9,4,3.99767,-3.60821,3,0.30934
173,24,-1,0,22,2,18.4256,-9.79212,1,0.146437
173,18,0,4,9,4,2.831,-2.70596,2,0.292274
173,24,0,1,22,2,19.3158,-9.54955,4,0.138726
173,18,4,5,9,4,2.10463,-2.5361,3,0.281808
173,24,1,2,22,2,18.1018,-9.0399,3,0.146115
173,24,1,3,22,2,18.7096,-10.7321,3,0.134458
173,28,-1,0,24,2,-5.20306,-17.8759,1,0.355303
173,28,0,1,24,2,-4.29184,-17.9969,4,0.347291
173,30,-1,0,9,4,-15.6985,-8.70166,1,0.603646
173,30,0,1,9,4,-16.5485,-8.09685,4,0.597816
173,33,-1,0,17,4,3.42725,7.03051,1,0.387577
173,30,1,2,9,4,-16.7676,-9.40118,3,0.61453
173,33,0,1,17,4,2.41505,7.42561,4,0.328857
173,30,1,3,9,4,-15.3089,-7.8797,3,0.592707
173,33,1,2,17,4,3.09642,6.34552,3,0.337098
173,30,0,4,9,4,-14.8771,-9.31535,2,0.640999
173,33,1,3,17,4,3.28156,8.3727,3,0.279199
173,30,4,5,9,4,-14.4114,-10.1201,3,0.754475
173,28,1,2,24,2,-5.21057,-17.0621,3,0.348126
173,33,0,4,17,4,4.2019,6.23307,2,0.400581
173,33,4,5,17,4,5.00674,5.1802,3,0.412012
173,40,-1,0,33,4,4.08605,7.60624,1,0.994524
173,28,1,3,24,2,-5.32955,-18.8352,3,0.349599
173,39,-1,0,22,2,-2.98492,-17.6868,1,0.490264
173,4,0,3,0,1,-11.2011,-8.32093,8,1.26908
173,36,-1,0,1,2,22.2404,6.07772,1,0
173,45,-1,0,4,1,-6.32761,-8.9498,1,0.347081
173,45,0,1,4,1,-6.82328,-8.26737,8,1.02328
173,45,0,2,4,1,-6.69576,-9.70089,8,1.12016
173,45,0,3,4,1,-5.49822,-8.9818,8,1.01882
173,40,0,1,33,4,5.1654,7.51791,4,0.994865
173,40,1,2,33,4,4.39184,8.55114,3,0.982832
173,40,1,3,33,4,4.14291,6.84752,3,1.0128
173,40,0,4,33,4,3.06323,7.72047,2,0.990742
173,48,-1,0,37,4,6.61902,3.07233,1,0.468002
173,48,0,1,37,4,5.92464,3.91877,4,0.516651
173,50,-1,0,4,1,-12.4119,-8.24363,1,0.226589
173,51,-1,0,6,3,-17.5132,11.2927,1,0.380589
173,48,1,2,37,4,5.45417,2.78021,3,0.544063
173,50,0,1,4,1,-13.2012,-7.95718,8,0.660831
173,51,0,1,6,3,-17.3136,12.33,4,0.409654
173,48,1,3,37,4,7.15532,3.52237,3,0.52919
173,50,0,2,4,1,-12.392,-9.16392,8,0.747299
173,51,1,2,6,3,-18.5061,11.8613,3,0.446432
173,48,0,4,37,4,7.51499,2.3701,2,0.415658
173,53,-1,0,28,2,4.36538,-22.0822,1,0.0919153
173,51,1,3,6,3,-16.5706,11.2639,3,0.401266
173,39,0,1,22,2,-2.08234,-17.7024,4,0.485329
173,48,4,5,37,4,8.50147,1.42511,3,0.380396
173,53,0,1,28,2,4.22805,-21.1873,4,0.0850617
173,50,0,3,4,1,-11.7373,-7.71441,8,0.659658
173,55,-1,0,48,4,6.38846,3.88705,1,0.473214
173,39,1,2,22,2,-3.1763,-16.9212,3,0.488616
173,53,1,2,28,2,3.59501,-22.3405,3,0.0748795
173,53,1,3,28,2,5.26712,-22.0649,3,0.185319
173,39,1,3,22,2,-2.96662,-18.6725,3,0.488789
173,36,0,1,1,2,22.9681,5.52495,4,0
173,36,1,2,1,2,22.6027,6.7923,3,0
173,36,1,3,1,2,21.6758,5.29448,3,0
173,59,-1,0,24,2,9.83933,-5.51448,1,0.324158
173,59,0,1,24,2,10.7091,-5.28073,4,0.312908
173,60,-1,0,39,2,-2.46085,-17.0602,1,0.5062
173,51,0,4,6,3,-17.4851,9.99923,0,0.36208
173,62,-1,0,28,2,-2.63494,-9.09165,1,0.146942
173,59,1,2,24,2,9.48437,-4.7852,3,0.324201
173,62,0,1,28,2,-2.6678,-8.16715,4,0.147516
173,62,1,2,28,2,-3.45627,-9.20685,3,0.234947
173,51,4,5,6,3,-17.0339,8.68005,0,0.368639
173,59,1,3,24,2,9.89431,-6.34963,3,0.2982
173,64,-1,0,53,2,4.89944,-21.4623,1,0.975387
173,60,0,1,39,2,-2.16857,-16.2004,4,0.496467
173,62,1,3,28,2,-1.63144,-9.01078,3,0.146814
173,65,-1,0,1,2,7.70782,12.8781,1,0.543319
173,66,-1,0,62,2,-1.29621,-15.2885,1,0.28605
173,65,0,1,1,2,8.55494,13.2467,4,0.547843
173,66,0,1,62,2,-2.21338,-15.4057,4,0.277926
173,51,5,6,6,3,-16.3856,7.51621,0,0.407233
173,65,1,2,1,2,7.24976,13.5354,3,0.541247
173,66,1,2,62,2,-1.45055,-14.2823,3,0.275141
173,65,1,3,1,2,8.21458,11.9918,3,0.551529
173,71,-1,0,24,2,12.1928,-5.89834,1,0.450285
173,72,-1,0,65,2,8.11748,9.4601,1,0.126844
173,73,-1,0,28,2,2.0231,-12.2064,1,0.267134
173,70,-1,0,66,2,-1.89437,-14.775,1,1.04068
173,71,0,1,24,2,11.6184,-5.19245,4,0.441882
173,72,0,1,65,2,7.34892,8.92171,4,0.115133
173,73,0,1,28,2,1.30164,-12.7612,4,0.467952
173,71,1,2,24,2,11.6622,-6.52129,3,0.435234
173,72,1,2,65,2,8.65305,8.87509,3,0.126838
173,73,1,2,28,2,2.6084,-12.825,3,0.573592
173,71,1,3,24,2,12.9563,-5.24503,3,0.450155
173,72,1,3,65,2,7.45565,10.1979,3,0.0989016
173,73,1,3,28,2,1.28363,-11.3797,3,0.546962
173,75,-1,0,71,2,12.5628,-12.8128,1,0.362642
173,76,-1,0,73,2,-3.36699,-13.9598,1,0.257152
173,77,-1,0,59,2,10.4879,-6.0267,1,0.978449
173,75,0,1,71,2,12.7428,-13.6925,4,0.354275
173,78,-1,0,1,2,5.1,17.7179,1,0.32251
173,79,-1,0,72,2,9.01968,9.63978,1,0.2874
173,76,0,1,73,2,-2.54555,-14.3787,4,0.266471
173,77,0,1,59,2,10.3833,-6.95856,4,0.972472
173,78,0,1,1,2,4.66031,16.9082,4,0.315002
173,75,1,2,71,2,13.2458,-12.452,3,0.348093
173,77,1,2,59,2,11.2503,-5.98276,3,0.972886
173,78,1,2,1,2,5.86574,17.4205,3,0.308158
173,82,-1,0,30,4,-18.7572,-16.2976,1,0.453003
173,78,1,3,1,2,4.18012,18.131,3,0.325017
173,79,0,1,72,2,9.96255,9.58949,4,0.277667
173,83,-1,0,24,2,17.6664,-10.0579,1,0.420533
173,82,0,1,30,4,-18.5366,-17.3014,4,0.488265
173,84,-1,0,65,2,-0.815169,9.00614,1,0.547558
173,84,0,1,65,2,-1.73275,8.97498,4,0.566378
173,82,1,2,30,4,-17.9358,-16.1403,3,0.444998
173,76,1,2,73,2,-3.02099,-13.1494,3,0.260186
173,84,1,2,65,2,-0.658255,8.21802,3,0.602178
173,74,-1,0,4,1,-11.1834,-9.06794,1,0.222294
173,82,1,3,30,4,-19.5691,-16.5829,3,0.598521
173,75,1,3,71,2,11.572,-13.0402,3,0.362834
173,76,1,3,73,2,-3.72279,-14.9996,3,0.306318
173,84,1,3,65,2,-0.884081,9.9715,3,0.561343
173,82,0,4,30,4,-19.1311,-15.2844,2,0.454683
173,88,-1,0,75,2,13.3217,-13.1518,1,0.659325
173,82,4,5,30,4,-19.4727,-14.0749,3,0.510897
173,90,-1,0,1,2,8.56316,9.51023,1,0.334594
173,91,-1,0,82,4,-18.089,-16.8056,1,0.404933
173,88,0,1,75,2,14.0475,-12.5697,4,0.652408
173,74,0,1,4,1,-10.3689,-8.90274,8,0.696299
173,90,0,1,1,2,9.33867,8.94328,4,0.324756
173,55,0,1,48,4,5.69464,4.74569,4,0.556044
173,51,6,7,6,3,-16.3907,6.19776,0,0.458256
173,92,-1,0,84,2,-0.0156752,9.07558,1,0.429467
173,90,1,2,1,2,9.18571,10.2713,3,0.315238
173,74,0,2,4,1,-11.7203,-8.39199,8,0.654073
173,90,1,3,1,2,8.12661,8.36576,3,0.334735
173,96,-1,0,73,2,1.09088,-12.0172,1,0.740241
173,97,-1,0,65,2,8.01748,13.6258,1,0.4772
173,55,1,2,48,4,5.0878,3.64024,3,0.89017
173,96,0,1,73,2,0.283946,-12.4864,4,0.599558
173,98,-1,0,30,4,-16.4122,-8.94375,1,0.5012
173,96,1,2,73,2,1.50506,-12.0202,3,0.562284
174,0,-1,0,4294967295,1,-14.7985,-6.50442,1,0.255466
174,0,0,1,4294967295,1,-14.5953,-5.68551,8,0.770669
174,0,0,2,4294967295,1,-15.61,-6.70723,8,0.770477
174,0,0,3,4294967295,1,-14.2897,-7.16036,8,0.775248
174,1,-1,0,4294967295,2,5.00964,8.64497,1,0.883311
174,1,0,1,4294967295,2,4.84348,7.66382,4,0.897159
174,1,1,2,4294967295,2,5.83168,8.47378,3,0.958879
174,1,1,3,4294967295,2,3.84904,8.51886,3,0.856623
174,6,-1,0,2,3,-17.08,11.0724,1,0.173179
174,4,-1,0,0,1,-11.88,-8.87442,1,0.426153
174,6,0,4,2,3,-17.2837,9.82105,0,0.174335
174,6,4,5,2,3,-17.7523,8.46887,0,0.176338
174,6,5,6,2,3,-17.9459,7.17943,0,0.178649
174,6,6,7,2,3,-18.9499,6.37274,0,0.180648
174,6,7,8,2,3,-19.7139,5.34456,0,0.181801
174,4,0,1,0,1,-12.7817,-8.63686,8,1.25741
174,4,0,2,0,1,-11.6972,-9.69352,8,1.34812
174,18,-1,0,9,4,4.41477,-2.60113,1,0.27625
174,18,0,1,9,4,5.34518,-3.01084,4,0.285481
174,18,1,2,9,4,4.76376,-1.88384,3,0.334398
174,18,1,3,9,4,4.20015,-3.5425,3,0.26023
174,24,-1,0,22,2,18.7181,-9.76915,1,0.117775
174,18,0,4,9,4,3.49128,-2.15049,2,0.271275
174,24,0,1,22,2,19.4999,-9.27911,4,0.110278
174,18,4,5,9,4,2.63252,-1.48495,3,0.267032
174,24,1,2,22,2,18.1923,-9.14102,3,0.115657
174,24,1,3,22,2,19.2744,-10.5925,3,0.108995
174,28,-1,0,24,2,-4.86942,-17.8875,1,0.326187
174,28,0,1,24,2,-3.95951,-18.0264,4,0.318126
174,30,-1,0,9,4,-16.2143,-8.57574,1,0.507224
174,30,0,1,9,4,-17.1665,-8.14965,4,0.497255
174,33,-1,0,17,4,3.47668,6.9767,1,0.341231
174,30,1,2,9,4,-16.4306,-9.24008,3,0.516193
174,33,0,1,17,4,2.4931,7.26558,4,0.304064
174,30,1,3,9,4,-15.983,-7.75505,3,0.495939
174,33,1,2,17,4,3.1685,6.16632,3,0.309945
174,30,0,4,9,4,-15.2213,-8.98108,2,0.563949
174,33,1,3,17,4,3.27584,8.25013,3,0.276011
174,30,4,5,9,4,-14.0479,-9.67892,3,0.620351
174,28,1,2,24,2,-4.857,-17.0742,3,0.313813
174,33,0,4,17,4,4.36839,6.39866,2,0.382757
174,33,4,5,17,4,4.77639,5.89878,3,0.468251
174,40,-1,0,33,4,4.22458,7.33725,1,0.990802
174,28,1,3,24,2,-5.0199,-18.8352,3,0.325038
174,39,-1,0,22,2,-2.71591,-17.8992,1,0.46327
174,4,0,3,0,1,-11.1024,-8.39074,8,1.25564
174,45,-1,0,4,1,-6.32761,-8.9498,1,0.353676
174,45,0,1,4,1,-6.82328,-8.26737,8,1.11596
174,45,0,2,4,1,-6.69576,-9.70089,8,1.07754
174,45,0,3,4,1,-5.49822,-8.9818,8,1.01816
174,40,0,1,33,4,5.21217,7.03457,4,0.9871
174,40,1,2,33,4,4.59489,8.17113,3,0.973933
174,40,1,3,33,4,4.01333,6.6047,3,0.996887
174,40,0,4,33,4,3.26635,7.65105,2,0.987093
174,48,-1,0,37,4,6.3456,3.49659,1,0.443948
174,48,0,1,37,4,5.63927,4.21666,4,0.464216
174,50,-1,0,4,1,-12.4536,-8.17685,1,0.221313
174,51,-1,0,6,3,-17.3665,11.8275,1,0.399943
174,48,1,2,37,4,5.5886,2.96252,3,0.465103
174,50,0,1,4,1,-13.2533,-7.90902,8,0.653029
174,51,0,1,6,3,-16.8248,12.7486,4,0.476808
174,48,1,3,37,4,6.95284,4.17423,3,0.483883
174,50,0,2,4,1,-12.4486,-9.09516,8,0.703695
174,51,1,2,6,3,-18.0841,13.0161,3,0.390974
174,48,0,4,37,4,7.06674,2.81003,2,0.417991
174,53,-1,0,28,2,4.47961,-21.8283,1,0.0785952
174,51,1,3,6,3,-16.4056,11.5246,3,0.40763
174,39,0,1,22,2,-1.80457,-17.8101,4,0.454997
174,48,4,5,37,4,7.42779,2.22437,3,0.397412
174,53,0,1,28,2,4.20887,-20.9619,4,0.0754606
174,50,0,3,4,1,-11.8387,-7.61083,8,0.652341
174,55,-1,0,48,4,6.23934,4.2854,1,0.660757
174,39,1,2,22,2,-2.94879,-17.1212,3,0.447963
174,53,1,2,28,2,3.74916,-22.1975,3,0.0751926
174,53,1,3,28,2,5.39239,-21.6297,3,0.0820179
174,39,1,3,22,2,-2.57734,-18.866,3,0.462975
174,99,1,3,1,2,21.8401,5.30799,3,0
174,59,-1,0,24,2,9.90571,-5.52934,1,0.289918
174,59,0,1,24,2,10.7117,-5.13278,4,0.278836
174,60,-1,0,39,2,-2.26517,-17.2346,1,0.544555
174,51,0,4,6,3,-17.6365,10.5488,0,0.38127
174,62,-1,0,28,2,-2.71905,-8.52793,1,0.136897
174,59,1,2,24,2,9.44936,-4.8341,3,0.289926
174,62,0,1,28,2,-2.33676,-7.6858,4,0.134063
174,62,1,2,28,2,-3.51193,-8.26588,3,0.138161
174,51,4,5,6,3,-17.3465,9.12128,0,0.389245
174,59,1,3,24,2,10.2181,-6.42099,3,0.264609
174,64,-1,0,53,2,4.91082,-21.135,1,0.959387
174,60,0,1,39,2,-1.93269,-16.4017,4,0.514111
174,62,1,3,28,2,-1.76725,-8.89975,3,0.136871
174,65,-1,0,1,2,8.12993,13.0059,1,0.267363
174,66,-1,0,62,2,-1.24175,-15.1711,1,0.251579
174,65,0,1,1,2,8.94856,13.4136,4,0.47895
174,66,0,1,62,2,-2.03232,-15.6437,4,0.238114
174,51,5,6,6,3,-16.4605,8.10132,0,0.42714
174,65,1,2,1,2,7.64,13.6877,3,0.506165
174,66,1,2,62,2,-1.79556,-14.3084,3,0.228486
174,65,1,3,1,2,8.74741,12.1135,3,0.606424
174,71,-1,0,24,2,12.4113,-5.87981,1,0.252952
174,72,-1,0,65,2,8.14049,9.02548,1,0.0920137
174,73,-1,0,28,2,1.92175,-12.4233,1,0.474752
174,70,-1,0,66,2,-2.00864,-14.9372,1,1.02468
174,71,0,1,24,2,11.752,-5.26925,4,0.332823
174,72,0,1,65,2,7.58988,8.21037,4,0.0813644
174,73,0,1,28,2,1.27149,-13.1441,4,0.488278
174,71,1,2,24,2,12.083,-6.57122,3,0.344594
174,72,1,2,65,2,8.87054,8.52685,3,0.0911447
174,73,1,2,28,2,2.54912,-12.8749,3,0.51101
174,71,1,3,24,2,13.0717,-5.25063,3,0.415618
174,72,1,3,65,2,6.92017,9.31775,3,0.0714839
174,73,1,3,28,2,1.04176,-11.7878,3,0.485156
174,75,-1,0,71,2,12.6227,-13.1252,1,0.359319
174,76,-1,0,73,2,-3.38065,-14.3596,1,0.242174
174,77,-1,0,59,2,10.5843,-5.99244,1,0.946022
174,75,0,1,71,2,12.8527,-14.002,4,0.381393
174,78,-1,0,1,2,4.88104,17.3764,1,0.293516
174,79,-1,0,72,2,9.00318,9.31373,1,0.2554
174,76,0,1,73,2,-2.50763,-14.0559,4,0.236139
174,77,0,1,59,2,10.9576,-6.87571,4,0.933078
174,78,0,1,1,2,4.20983,16.7451,4,0.285457
174,75,1,2,71,2,13.2871,-12.7274,3,0.353785
174,77,1,2,59,2,11.1688,-5.62291,3,0.923884
174,78,1,2,1,2,5.51616,16.8545,3,0.279556
174,82,-1,0,30,4,-18.9051,-16.7052,1,0.495537
174,78,1,3,1,2,4.13081,18.0586,3,0.294016
174,79,0,1,72,2,9.95114,9.39865,4,0.245667
174,83,-1,0,24,2,17.9375,-9.96242,1,0.404533
174,82,0,1,30,4,-18.3804,-17.5647,4,0.516178
174,84,-1,0,65,2,-1.11329,8.79832,1,0.546354
174,84,0,1,65,2,-2.03238,8.84019,4,0.640662
174,82,1,2,30,4,-17.9294,-16.3116,3,0.498768
174,76,1,2,73,2,-3.71524,-13.513,3,0.24278
174,84,1,2,65,2,-1.03398,7.98923,3,0.549568
174,74,-1,0,4,1,-11.1309,-9.08356,1,0.215437
174,82,1,3,30,4,-19.6205,-17.3014,3,0.555784
174,75,1,3,71,2,11.7346,-13.3012,3,0.458571
174,76,1,3,73,2,-2.85465,-15.3536,3,0.231634
174,84,1,3,65,2,-1.11499,9.77742,3,0.54845
174,82,0,4,30,4,-19.3903,-15.8339,2,0.477354
174,88,-1,0,75,2,13.3538,-13.4848,1,0.628678
174,82,4,5,30,4,-19.5259,-15.173,3,0.466406
174,90,-1,0,1,2,8.58331,9.46411,1,0.304256
174,91,-1,0,82,4,-18.1393,-16.9026,1,0.388933
174,88,0,1,75,2,14.0912,-12.9537,4,0.619055
174,74,0,1,4,1,-10.287,-8.9727,8,0.666986
174,90,0,1,1,2,9.42419,8.88811,4,0.303232
174,55,0,1,48,4,6.27561,5.3083,4,0.790374
174,51,6,7,6,3,-15.9443,6.88353,0,0.50262
174,92,-1,0,84,2,-0.31215,8.74865,1,0.413467
174,90,1,2,1,2,9.12695,10.1594,3,0.297856
174,74,0,2,4,1,-11.6526,-8.3593,8,0.642244
174,90,1,3,1,2,8.23129,8.35554,3,0.409916
174,96,-1,0,73,2,1.06633,-12.2883,1,0.658879
174,97,-1,0,65,2,8.38214,13.7786,1,0.518779
174,55,1,2,48,4,5.12662,4.73008,3,0.823346
174,96,0,1,73,2,0.262966,-12.7344,4,0.659743
174,98,-1,0,30,4,-17.0139,-8.72865,1,0.483454
174,96,1,2,73,2,1.5392,-12.588,3,0.623127
174,98,0,1,30,4,-17.979,-9.00961,4,0.474946
174,95,-1,0,71,2,11.6173,-6.05378,1,0.506133
174,97,0,1,65,2,8.84966,14.5533,4,0.560021
175,0,-1,0,4294967295,1,-14.7957,-6.49938,1,0.249066
175,0,0,1,4294967295,1,-14.6,-5.67905,8,0.752074
175,0,0,2,4294967295,1,-15.6059,-6.70791,8,0.751962
175,0,0,3,4294967295,1,-14.2794,-7.14928,8,0.754757
175,1,-1,0,4294967295,2,5.14927,8.40754,1,0.868599
175,1,0,1,4294967295,2,5.48213,7.57374,4,0.861973
175,1,1,2,4294967295,2,5.86629,8.85471,3,0.883692
175,1,1,3,4294967295,2,4.13731,7.79341,3,0.840814
175,6,-1,0,2,3,-16.9213,11.444,1,0.158685
175,4,-1,0,0,1,-11.8694,-8.8895,1,0.420609
175,6,0,4,2,3,-17.4107,10.2766,0,0.159437
175,6,4,5,2,3,-18.0334,8.94904,0,0.16074
175,6,5,6,2,3,-18.1928,7.57896,0,0.162244
175,6,6,7,2,3,-18.9402,6.44836,0,0.163546
175,6,7,8,2,3,-19.4052,5.195,0,0.164297
175,4,0,1,0,1,-12.7758,-8.65795,8,1.2502
175,4,0,2,0,1,-11.6894,-9.71127,8,1.30335
175,18,-1,0,9,4,4.91824,-2.6268,1,0.253555
175,18,0,1,9,4,5.85836,-3.11475,4,0.246139
175,18,1,2,9,4,5.40834,-1.93875,3,0.255662
175,18,1,3,9,4,4.68779,-3.51363,3,0.232616
175,24,-1,0,22,2,18.9787,-9.67341,1,0.229642
175,18,0,4,9,4,4.03369,-2.02016,2,0.252125
175,24,0,1,22,2,19.6749,-9.05768,4,0.132086
175,18,4,5,9,4,3.28307,-0.99736,3,0.246103
175,24,1,2,22,2,18.3729,-9.1117,3,0.104534
175,24,1,3,22,2,19.6774,-10.3898,3,0.11192
175,28,-1,0,24,2,-4.49475,-17.8701,1,0.297026
175,28,0,1,24,2,-3.63412,-18.192,4,0.289342
175,30,-1,0,9,4,-16.501,-8.45098,1,0.511393
175,30,0,1,9,4,-17.4617,-8.38584,4,0.4842
175,33,-1,0,17,4,3.26279,6.8058,1,0.396872
175,30,1,2,9,4,-16.4697,-9.27792,3,0.486249
175,33,0,1,17,4,2.21265,6.86181,4,0.392755
175,30,1,3,9,4,-16.5363,-7.50811,3,0.47269
175,33,1,2,17,4,3.13262,5.9844,3,0.460147
175,30,0,4,9,4,-15.5322,-8.57197,2,0.536059
175,33,1,3,17,4,2.75387,8.02542,3,0.326885
175,30,4,5,9,4,-14.8786,-8.84694,3,0.549209
175,28,1,2,24,2,-4.32517,-17.0722,3,0.287931
175,33,0,4,17,4,4.31571,6.62361,2,0.399649
175,33,4,5,17,4,5.40216,6.1432,3,0.401985
175,40,-1,0,33,4,4.01823,7.05229,1,0.968853
175,28,1,3,24,2,-4.82512,-18.7877,3,0.29458
175,39,-1,0,22,2,-2.44276,-18.052,1,0.433874
175,4,0,3,0,1,-11.0924,-8.4118,8,1.24916
175,45,-1,0,4,1,-6.32761,-8.9498,1,0.348408
175,45,0,1,4,1,-6.82328,-8.26737,8,1.07758
175,45,0,2,4,1,-6.69576,-9.70089,8,1.05507
175,45,0,3,4,1,-5.49822,-8.9818,8,1.02027
175,40,0,1,33,4,5.04117,6.60659,4,0.975096
175,40,1,2,33,4,4.65731,7.71735,3,0.959287
175,40,1,3,33,4,4.00353,5.91409,3,1.01738
175,40,0,4,33,4,3.0397,7.44184,2,0.969059
175,48,-1,0,37,4,5.87151,4.15171,1,0.448526
175,48,0,1,37,4,5.1826,4.79385,4,0.487368
175,50,-1,0,4,1,-12.4442,-8.11756,1,0.214918
175,51,-1,0,6,3,-16.8716,12.2352,1,0.432131
175,48,1,2,37,4,5.37613,3.52175,3,0.512015
175,50,0,1,4,1,-13.2554,-7.87541,8,0.640725
175,51,0,1,6,3,-16.0752,12.9425,4,0.467674
175,48,1,3,37,4,6.46963,4.49943,3,0.478205
175,50,0,2,4,1,-12.3854,-9.02046,8,0.670413
175,51,1,2,6,3,-17.2446,13.4596,3,0.436959
175,48,0,4,37,4,6.54018,3.39437,2,0.414993
175,53,-1,0,28,2,4.57093,-21.5132,1,0.0518896
175,51,1,3,6,3,-16.1246,11.6427,3,0.495348
175,39,0,1,22,2,-1.53227,-18.0458,4,0.43482
175,48,4,5,37,4,6.97053,2.35482,3,0.398078
175,53,0,1,28,2,4.03976,-20.7729,4,0.0434758
175,50,0,3,4,1,-11.8168,-7.56212,8,0.640322
175,55,-1,0,48,4,6.01739,5.0124,1,0.732016
175,39,1,2,22,2,-2.6467,-17.2878,3,0.426925
175,53,1,2,28,2,3.97794,-22.0903,3,0.0512099
175,53,1,3,28,2,5.38819,-20.9795,3,0.0366367
175,39,1,3,22,2,-2.36031,-19.0438,3,0.535064
175,99,1,3,1,2,21.9558,5.31733,3,0
175,59,-1,0,24,2,9.87596,-5.66882,1,0.25594
175,59,0,1,24,2,10.5579,-5.05999,4,0.245304
175,60,-1,0,39,2,-1.91557,-17.4332,1,0.565393
175,51,0,4,6,3,-17.5371,11.0935,0,0.406827
175,62,-1,0,28,2,-2.72325,-7.92385,1,0.117721
175,59,1,2,24,2,9.23958,-5.03982,3,0.255942
175,62,0,1,28,2,-1.98056,-7.37986,4,0.130023
175,62,1,2,28,2,-3.29987,-7.33474,3,0.114519
175,51,4,5,6,3,-17.5817,9.62686,0,0.4066
175,59,1,3,24,2,10.423,-6.39867,3,0.233578
175,64,-1,0,53,2,4.75769,-20.721,1,0.943387
175,60,0,1,39,2,-1.54357,-16.6043,4,0.596479
175,62,1,3,28,2,-2.08313,-8.70635,3,0.188157
175,65,-1,0,1,2,8.64212,13.2182,1,0.488277
175,66,-1,0,62,2,-1.17525,-15.0011,1,0.247403
175,65,0,1,1,2,9.50059,13.4514,4,0.451346
175,66,0,1,62,2,-1.71434,-15.7673,4,0.271511
175,51,5,6,6,3,-16.6404,8.69027,0,0.420526
175,65,1,2,1,2,8.2423,13.9168,3,0.431513
175,66,1,2,62,2,-2.202,-14.483,3,0.248701
175,65,1,3,1,2,8.88077,12.2798,3,0.471352
175,71,-1,0,24,2,12.8339,-5.93887,1,0.295189
175,72,-1,0,65,2,8.1459,8.55546,1,0.089035
175,73,-1,0,28,2,1.67314,-12.5049,1,0.459795
175,70,-1,0,66,2,-1.92703,-15.1157,1,1.02717
175,71,0,1,24,2,12.1627,-5.35651,4,0.305409
175,72,0,1,65,2,7.73746,7.74259,4,0.0791512
175,73,0,1,28,2,1.07173,-13.2822,4,0.453346
175,71,1,2,24,2,12.5072,-6.65982,3,0.311116
175,72,1,2,65,2,9.07872,7.99956,3,0.0688571
175,73,1,2,28,2,2.30572,-12.8619,3,0.467037
175,71,1,3,24,2,13.4801,-5.18429,3,0.320443
175,72,1,3,65,2,7.04328,8.86351,3,0.0849344
175,73,1,3,28,2,0.669188,-12.0032,3,0.440723
175,75,-1,0,71,2,12.679,-13.4355,1,0.357535
175,76,-1,0,73,2,-3.25609,-14.5224,1,0.215013
175,77,-1,0,59,2,10.7002,-5.77893,1,0.906751
175,75,0,1,71,2,12.9693,-14.2874,4,0.357082
175,78,-1,0,1,2,4.62723,16.9884,1,0.278427
175,79,-1,0,72,2,8.90641,8.78868,1,0.2234
175,76,0,1,73,2,-2.75995,-13.7588,4,0.221079
175,77,0,1,59,2,11.0708,-6.65927,4,0.891638
175,78,0,1,1,2,3.75026,16.696,4,0.284526
175,75,1,2,71,2,13.3276,-12.9904,3,0.3543
175,77,1,2,59,2,11.3972,-5.41154,3,0.880074
175,78,1,2,1,2,4.97754,16.2362,3,0.309198
175,82,-1,0,30,4,-18.7615,-17.2602,1,0.473791
175,78,1,3,1,2,4.22227,17.9253,3,0.278527
175,79,0,1,72,2,9.48037,9.58039,4,0.213667
175,83,-1,0,24,2,18.2275,-9.97062,1,0.388533
175,82,0,1,30,4,-18.0854,-17.993,4,0.479049
175,84,-1,0,65,2,-1.36673,8.53366,1,0.371508
175,84,0,1,65,2,-2.28062,8.67903,4,0.460392
175,82,1,2,30,4,-18.1707,-16.6749,3,0.47278
175,76,1,2,73,2,-3.98445,-14.2379,3,0.207827
175,84,1,2,65,2,-1.47336,7.63051,3,0.54756
175,74,-1,0,4,1,-11.143,-9.08056,1,0.20858
175,82,1,3,30,4,-19.3411,-17.8481,3,0.603954
175,75,1,3,71,2,11.7533,-13.7422,3,0.371026
175,76,1,3,73,2,-2.73524,-15.0869,3,0.309873
175,84,1,3,65,2,-1.63605,9.84795,3,0.477149
175,82,0,4,30,4,-19.4324,-16.4848,2,0.465865
175,88,-1,0,75,2,13.4589,-13.6996,1,0.596731
175,82,4,5,30,4,-19.91,-15.3419,3,0.457696
175,90,-1,0,1,2,8.65395,9.27204,1,0.296086
175,91,-1,0,82,4,-17.9486,-17.3364,1,0.372933
175,88,0,1,75,2,14.2122,-13.1732,4,0.587002
175,74,0,1,4,1,-10.3059,-9.00656,8,0.641292
175,90,0,1,1,2,9.55045,8.8644,4,0.293721
175,55,0,1,48,4,6.96913,5.46731,4,0.76812
175,51,6,7,6,3,-15.8952,7.61919,0,0.433574
175,92,-1,0,84,2,-0.574,8.46693,1,0.43786
175,90,1,2,1,2,8.94873,10.0528,3,0.294808
175,74,0,2,4,1,-11.6446,-8.32422,8,0.626795
175,90,1,3,1,2,8.56471,7.92579,3,0.298604
175,96,-1,0,73,2,0.99138,-12.7088,1,0.692236
175,97,-1,0,65,2,8.87045,13.9978,1,0.511272
175,55,1,2,48,4,5.75263,5.75273,3,0.926469
175,96,0,1,73,2,0.375187,-13.3503,4,0.724415
175,98,-1,0,30,4,-17.1272,-8.96472,1,0.452043
175,96,1,2,73,2,1.74011,-13.5107,3,0.685092
175,98,0,1,30,4,-18.1047,-8.74254,4,0.442357
175,95,-1,0,71,2,12.0279,-6.1233,1,0.490133
175,97,0,1,65,2,9.29418,14.7961,4,0.503528
175,92,0,1,84,2,-1.11197,9.22678,4,0.433206
176,0,-1,0,4294967295,1,-14.7934,-6.4948,1,0.242666
176,0,0,1,4294967295,1,-14.6032,-5.67298,8,0.733229
176,0,0,2,4294967295,1,-15.6016,-6.71007,8,0.733163
176,0,0,3,4294967295,1,-14.2743,-7.14236,8,0.734801
176,1,-1,0,4294967295,2,5.18215,8.41371,1,0.849156
176,1,0,1,4294967295,2,5.79638,7.70801,4,0.911706
176,1,1,2,4294967295,2,5.68298,9.01711,3,0.85217
176,1,1,3,4294967295,2,4.50464,7.40227,3,0.821155
176,6,-1,0,2,3,-16.5579,11.646,1,0.143665
176,4,-1,0,0,1,-11.8842,-8.84217,1,0.426111
176,6,0,4,2,3,-17.2836,10.6308,0,0.144155
176,6,4,5,2,3,-18.147,9.45082,0,0.145002
176,6,5,6,2,3,-18.4002,8.07932,0,0.145981
176,6,6,7,2,3,-18.9366,6.81555,0,0.146829
176,6,7,8,2,3,-18.9456,5.45683,0,0.147318
176,4,0,1,0,1,-12.7867,-8.61082,8,1.32434
176,4,0,2,0,1,-11.6987,-9.66148,8,1.28031
176,18,-1,0,9,4,5.48862,-2.5402,1,0.241542
176,18,0,1,9,4,6.32111,-3.12663,4,0.233019
176,18,1,2,9,4,6.17299,-1.86139,3,0.236206
176,18,1,3,9,4,5.12269,-3.53528,3,0.223318
176,24,-1,0,22,2,19.2178,-9.44647,1,0.134996
176,18,0,4,9,4,4.67093,-1.94568,2,0.238491
176,24,0,1,22,2,19.9937,-8.93556,4,0.110723
176,18,4,5,9,4,4.2298,-1.42623,3,0.23057
176,24,1,2,22,2,18.696,-8.80053,3,0.0956484
176,24,1,3,22,2,19.8023,-10.2555,3,0.111483
176,28,-1,0,24,2,-4.12649,-17.9027,1,0.268392
176,28,0,1,24,2,-3.3,-18.3036,4,0.260747
176,30,-1,0,9,4,-16.8791,-8.34842,1,0.485685
176,30,0,1,9,4,-17.8327,-8.49757,4,0.462327
176,33,-1,0,17,4,3.15508,6.45909,1,0.446751
176,30,1,2,9,4,-16.6621,-9.11284,3,0.465978
176,33,0,1,17,4,2.07088,6.22464,4,0.509773
176,30,1,3,9,4,-17.0782,-7.49453,3,0.44873
176,33,1,2,17,4,3.14175,5.56598,3,0.621374
176,30,0,4,9,4,-15.8835,-8.16681,2,0.501824
176,33,1,3,17,4,2.27263,7.45361,3,0.430603
176,30,4,5,9,4,-14.8237,-8.27801,3,0.508811
176,28,1,2,24,2,-3.8873,-17.1266,3,0.265447
176,33,0,4,17,4,4.23285,6.38441,2,0.406109
176,33,4,5,17,4,5.42272,6.1072,3,0.441562
176,40,-1,0,33,4,3.92095,6.90403,1,0.950728
176,28,1,3,24,2,-4.54425,-18.7717,3,0.259696
176,39,-1,0,22,2,-2.07965,-18.2292,1,0.478443
176,4,0,3,0,1,-11.1091,-8.35386,8,1.24856
176,45,-1,0,4,1,-6.32761,-8.9498,1,0.351678
176,45,0,1,4,1,-6.82328,-8.26737,8,1.05007
176,45,0,2,4,1,-6.69576,-9.70089,8,1.1391
176,45,0,3,4,1,-5.49822,-8.9818,8,1.01649
176,40,0,1,33,4,4.9794,6.60859,4,0.943075
176,40,1,2,33,4,4.80156,7.85315,3,0.948442
176,40,1,3,33,4,4.22058,5.61841,3,0.9376
176,40,0,4,33,4,3.0113,7.31674,2,0.952979
176,48,-1,0,37,4,5.65521,4.59533,1,0.481538
176,48,0,1,37,4,5.35196,5.53216,4,0.585323
176,50,-1,0,4,1,-12.4051,-8.15424,1,0.220288
176,51,-1,0,6,3,-16.2558,12.367,1,0.455067
176,48,1,2,37,4,4.5891,4.52993,3,0.670146
176,50,0,1,4,1,-13.1872,-7.836,8,0.634494
176,51,0,1,6,3,-15.274,12.7558,4,0.487449
176,48,1,3,37,4,6.39446,4.75104,3,0.523404
176,50,0,2,4,1,-12.4305,-9.07324,8,0.733337
176,51,1,2,6,3,-16.2675,13.5566,3,0.446469
176,48,0,4,37,4,6.17129,3.6726,2,0.431041
176,53,-1,0,28,2,4.60364,-21.132,1,0.0214905
176,51,1,3,6,3,-15.7631,11.5444,3,0.586302
176,39,0,1,22,2,-1.19348,-18.055,4,0.501417
176,48,4,5,37,4,6.70939,2.57438,3,0.404019
176,53,0,1,28,2,3.81065,-20.6875,4,0.0130405
176,50,0,3,4,1,-11.739,-7.63439,8,0.634258
176,55,-1,0,48,4,6.09811,5.32722,1,0.819089
176,39,1,2,22,2,-2.43125,-17.5189,3,0.477055
176,53,1,2,28,2,4.30837,-21.9092,3,0.0206996
176,53,1,3,28,2,5.12879,-20.3158,3,0.00827639
176,39,1,3,22,2,-1.81406,-19.2083,3,0.482764
176,99,1,3,1,2,22.0372,5.3239,3,0
176,59,-1,0,24,2,10.0011,-5.65809,1,0.2245
176,59,0,1,24,2,10.5562,-4.98952,4,0.21614
176,60,-1,0,39,2,-1.69213,-17.5054,1,0.553006
176,51,0,4,6,3,-17.2805,11.5372,0,0.426855
176,62,-1,0,28,2,-2.57364,-7.43366,1,0.108116
176,59,1,2,24,2,9.28846,-5.40846,3,0.223907
176,62,0,1,28,2,-1.75071,-7.02333,4,0.113819
176,62,1,2,28,2,-3.04407,-6.77231,3,0.107477
176,51,4,5,6,3,-17.7488,10.172,0,0.411377
176,59,1,3,24,2,10.3602,-6.33015,3,0.210959
176,64,-1,0,53,2,4.43195,-20.3331,1,0.927387
176,60,0,1,39,2,-1.1863,-16.7431,4,0.544866
176,62,1,3,28,2,-2.13355,-8.28957,3,0.21711
176,65,-1,0,1,2,9.03831,13.4896,1,0.44018
176,66,-1,0,62,2,-1.18699,-14.8924,1,0.293546
176,65,0,1,1,2,9.93143,13.417,4,0.427825
176,66,0,1,62,2,-1.13672,-15.8252,4,0.250033
176,51,5,6,6,3,-16.8589,9.21483,0,0.407412
176,65,1,2,1,2,8.85134,14.2329,3,0.423724
176,66,1,2,62,2,-2.23721,-15.0283,3,0.219141
176,65,1,3,1,2,9.01961,12.4823,3,0.429324
176,71,-1,0,24,2,13.1819,-5.88641,1,0.298045
176,72,-1,0,65,2,8.35067,8.1889,1,0.0751574
176,73,-1,0,28,2,1.35028,-12.7528,1,0.486786
176,70,-1,0,66,2,-1.79839,-15.3778,1,1.01117
176,71,0,1,24,2,12.4052,-5.40647,4,0.338563
176,72,0,1,65,2,7.88799,7.36205,4,0.0734916
176,73,0,1,28,2,1.15392,-13.6773,4,0.485125
176,71,1,2,24,2,12.8877,-6.66269,3,0.538855
176,72,1,2,65,2,9.21877,7.39713,3,0.0787406
176,73,1,2,28,2,2.27401,-12.9287,3,0.488233
176,71,1,3,24,2,13.6427,-4.95758,3,0.284668
176,72,1,3,65,2,7.52791,8.59378,3,0.0743383
176,73,1,3,28,2,0.307138,-12.6415,3,0.461424
176,75,-1,0,71,2,12.7478,-13.7263,1,0.334927
176,76,-1,0,73,2,-3.49921,-14.5103,1,0.207495
176,77,-1,0,59,2,10.8366,-5.76199,1,0.865797
176,75,0,1,71,2,13.125,-14.547,4,0.328971
176,78,-1,0,1,2,4.27555,16.6043,1,0.260813
176,79,-1,0,72,2,9.1598,8.35245,1,0.1914
176,76,0,1,73,2,-2.9237,-13.8253,4,0.206085
176,77,0,1,59,2,11.0978,-6.66434,4,0.850366
176,78,0,1,1,2,3.3724,16.7848,4,0.256047
176,75,1,2,71,2,13.357,-13.2265,3,0.326467
176,77,1,2,59,2,11.6143,-5.47965,3,0.838584
176,78,1,2,1,2,4.22189,15.7773,3,0.259776
176,82,-1,0,30,4,-18.6147,-17.6218,1,0.461583
176,78,1,3,1,2,4.36878,17.6468,3,0.259186
176,79,0,1,72,2,9.11336,9.30924,4,0.181667
176,83,-1,0,24,2,18.6062,-9.9748,1,0.372533
176,82,0,1,30,4,-17.8509,-18.3147,4,0.46731
176,84,-1,0,65,2,-1.8444,8.42002,1,0.473712
176,84,0,1,65,2,-2.76812,8.40115,4,0.531559
176,82,1,2,30,4,-18.071,-17.0243,3,0.462508
176,76,1,2,73,2,-4.21083,-14.2034,3,0.201903
176,84,1,2,65,2,-1.75341,7.58395,3,0.595223
176,74,-1,0,4,1,-11.1446,-9.06931,1,0.201722
176,82,1,3,30,4,-19.1004,-18.4347,3,0.482883
176,75,1,3,71,2,11.8592,-14.1249,3,0.336795
176,76,1,3,73,2,-2.99265,-15.1479,3,0.219855
176,84,1,3,65,2,-1.95289,9.43248,3,0.494167
176,82,0,4,30,4,-19.3691,-16.8652,2,0.451788
176,88,-1,0,75,2,13.543,-13.9275,1,0.564733
176,82,4,5,30,4,-19.9846,-15.9366,3,0.443376
176,90,-1,0,1,2,8.52854,8.92556,1,0.268994
176,91,-1,0,82,4,-17.7906,-17.6267,1,0.356933
176,88,0,1,75,2,14.2592,-13.3569,4,0.555
176,74,0,1,4,1,-10.3081,-8.96924,8,0.61772
176,90,0,1,1,2,9.50266,8.91577,4,0.259706
176,55,0,1,48,4,7.0286,4.88016,4,0.859439
176,51,6,7,6,3,-16.1485,8.14123,0,0.40798
176,92,-1,0,84,2,-1.04024,8.41974,1,0.408301
176,90,1,2,1,2,8.57227,9.88067,3,0.268739
176,74,0,2,4,1,-11.6558,-8.35012,8,0.609225
176,90,1,3,1,2,8.73112,7.82554,3,0.249504
176,96,-1,0,73,2,0.721364,-13.2208,1,0.676656
176,97,-1,0,65,2,9.59076,14.0944,1,0.480228
176,55,1,2,48,4,6.5655,6.10848,3,0.908077
176,96,0,1,73,2,0.391028,-14.0543,4,0.669857
176,98,-1,0,30,4,-17.3896,-9.02035,1,0.420066
176,96,1,2,73,2,1.69038,-13.5873,3,0.675229
176,98,0,1,30,4,-18.4143,-8.93862,4,0.410334
176,95,-1,0,71,2,12.4099,-6.16053,1,0.474133
176,97,0,1,65,2,9.6495,15.0001,4,0.470572
176,92,0,1,84,2,-0.846923,9.33258,4,0.398766
177,0,-1,0,4294967295,1,-14.792,-6.49238,1,0.236266
177,0,0,1,4294967295,1,-14.6057,-5.66986,8,0.714237
177,0,0,2,4294967295,1,-15.5997,-6.7102,8,0.714198
177,0,0,3,4294967295,1,-14.269,-7.1369,8,0.715158
177,1,-1,0,4294967295,2,5.37699,8.33023,1,0.737538
177,1,0,1,4294967295,2,6.24497,7.97269,4,0.878943
177,1,1,2,4294967295,2,5.65533,9.11812,3,0.91476
177,1,1,3,4294967295,2,5.0261,7.48459,3,0.91708
177,6,-1,0,2,3,-16.12,11.6429,1,0.128303
177,4,-1,0,0,1,-11.8923,-8.83752,1,0.430781
177,6,0,4,2,3,-16.9336,10.6802,0,0.128621
177,6,4,5,2,3,-17.9763,9.8045,0,0.129173
177,6,5,6,2,3,-18.3359,8.54593,0,0.12981
177,6,6,7,2,3,-18.8558,7.35228,0,0.130362
177,6,7,8,2,3,-18.614,6.06942,0,0.13068
177,4,0,1,0,1,-12.7904,-8.59422,8,1.29347
177,4,0,2,0,1,-11.7399,-9.65787,8,1.36201
177,18,-1,0,9,4,6.28652,-2.75895,1,0.22328
177,18,0,1,9,4,7.1681,-3.25208,4,0.222124
177,18,1,2,9,4,6.69636,-2.07088,3,0.217053
177,18,1,3,9,4,5.92476,-3.45326,3,0.229971
177,24,-1,0,22,2,19.4797,-9.18136,1,0.0924345
177,18,0,4,9,4,5.39073,-2.26092,2,0.219493
177,24,0,1,22,2,20.3693,-8.94332,4,0.0812663
177,18,4,5,9,4,4.54022,-1.38867,3,0.214572
177,24,1,2,22,2,19.1626,-8.42239,3,0.0761252
177,24,1,3,22,2,19.7493,-10.1258,3,0.0867973
177,28,-1,0,24,2,-3.77558,-17.9898,1,0.239591
177,28,0,1,24,2,-2.91502,-18.3099,4,0.23183
177,30,-1,0,9,4,-17.2249,-8.23998,1,0.473539
177,30,0,1,9,4,-18.2166,-8.56681,4,0.440797
177,33,-1,0,17,4,3.33632,6.13297,1,0.46049
177,30,1,2,9,4,-16.9768,-8.98837,3,0.443393
177,33,0,1,17,4,2.48265,5.49629,4,0.518155
177,30,1,3,9,4,-17.6688,-7.45198,3,0.423241
177,33,1,2,17,4,3.7237,5.17376,3,0.511031
177,30,0,4,9,4,-16.1747,-7.95211,2,0.506804
177,33,1,3,17,4,2.17169,6.71688,3,0.455285
177,30,4,5,9,4,-14.8872,-7.88839,3,0.529715
177,28,1,2,24,2,-3.61414,-17.1943,3,0.238046
177,33,0,4,17,4,4.29762,6.39711,2,0.429349
177,33,4,5,17,4,4.92577,6.23353,3,0.414347
177,40,-1,0,33,4,3.85823,6.84635,1,0.9233
177,28,1,3,24,2,-4.11071,-18.8921,3,0.229193
177,39,-1,0,22,2,-1.67677,-18.3398,1,0.488368
177,4,0,3,0,1,-11.1104,-8.36025,8,1.24906
177,45,-1,0,4,1,-6.32761,-8.9498,1,0.347603
177,45,0,1,4,1,-6.82328,-8.26737,8,1.03775
177,45,0,2,4,1,-6.69576,-9.70089,8,1.08991
177,45,0,3,4,1,-5.49822,-8.9818,8,1.01807
177,40,0,1,33,4,4.90027,6.87553,4,0.908887
177,40,1,2,33,4,4.0795,7.83888,3,0.906289
177,40,1,3,33,4,4.10083,5.87733,3,0.905879
177,40,0,4,33,4,2.87822,6.92166,2,0.929734
177,48,-1,0,37,4,5.61486,4.83961,1,0.51794
177,48,0,1,37,4,5.6821,5.7955,4,0.565365
177,50,-1,0,4,1,-12.3746,-8.15019,1,0.214117
177,51,-1,0,6,3,-15.6275,12.2855,1,0.446876
177,48,1,2,37,4,4.55404,5.1986,3,0.621688
177,50,0,1,4,1,-13.1535,-7.83513,8,0.628827
177,51,0,1,6,3,-14.5691,12.3164,4,0.493042
177,48,1,3,37,4,6.30222,4.60292,3,0.565953
177,50,0,2,4,1,-12.4175,-9.06679,8,0.686744
177,51,1,2,6,3,-15.1541,13.458,3,0.49558
177,48,0,4,37,4,5.86443,3.86563,2,0.488378
177,53,-1,0,28,2,4.52847,-20.7719,1,0
177,51,1,3,6,3,-15.3983,11.3075,3,0.573077
177,39,0,1,22,2,-0.860579,-17.9475,4,0.552904
177,48,4,5,37,4,5.93383,3.19123,3,0.474108
177,53,0,1,28,2,3.63735,-20.6323,4,0
177,50,0,3,4,1,-11.7086,-7.62411,8,0.628689
177,55,-1,0,48,4,6.31924,5.31402,1,0.906701
177,39,1,2,22,2,-2.17715,-17.7225,3,0.474466
177,53,1,2,28,2,4.55231,-21.5868,3,0
177,53,1,3,28,2,4.80348,-19.9254,3,0
177,39,1,3,22,2,-1.19879,-19.2161,3,0.54191
177,99,1,3,1,2,22.0946,5.32853,3,0
177,59,-1,0,24,2,10.1173,-5.72382,1,0.209841
177,59,0,1,24,2,10.6556,-5.01027,4,0.231774
177,60,-1,0,39,2,-1.51672,-17.5385,1,0.611808
177,51,0,4,6,3,-16.8628,11.9,0,0.42309
177,62,-1,0,28,2,-2.307,-7.0368,1,0.132945
177,59,1,2,24,2,9.3802,-5.36785,3,0.209723
177,62,0,1,28,2,-1.56418,-6.48956,4,0.131803
177,62,1,2,28,2,-2.88099,-6.44796,3,0.132817
177,51,4,5,6,3,-17.7695,10.8434,0,0.408249
177,59,1,3,24,2,10.5726,-6.34242,3,0.304734
177,64,-1,0,53,2,4.09471,-20.0754,1,0.911387
177,60,0,1,39,2,-0.933845,-16.8428,4,0.662063
177,62,1,3,28,2,-1.68891,-7.80734,3,0.136159
177,65,-1,0,1,2,9.46913,13.6425,1,0.406132
177,66,-1,0,62,2,-1.40008,-15.1743,1,0.421724
177,65,0,1,1,2,10.3766,13.5697,4,0.396212
177,66,0,1,62,2,-0.603526,-15.6392,4,0.322106
177,51,5,6,6,3,-17.1886,9.64167,0,0.399419
177,65,1,2,1,2,9.33667,14.4255,3,0.402845
177,66,1,2,62,2,-1.95544,-15.7701,3,0.258317
177,65,1,3,1,2,9.49167,12.6098,3,0.390412
177,71,-1,0,24,2,13.2999,-5.70019,1,0.341771
177,72,-1,0,65,2,8.56422,7.64462,1,0.0541766
177,73,-1,0,28,2,1.15572,-13.0457,1,0.288699
177,70,-1,0,66,2,-1.29626,-15.989,1,1.11517
177,71,0,1,24,2,12.4144,-5.53277,4,0.359848
177,72,0,1,65,2,7.70686,7.17156,4,0.0643568
177,73,0,1,28,2,1.1351,-13.9996,4,0.367955
177,71,1,2,24,2,13.373,-6.48037,3,0.425722
177,72,1,2,65,2,8.91451,6.66843,3,0.128739
177,73,1,2,28,2,1.94449,-12.9442,3,0.421446
177,71,1,3,24,2,13.4074,-4.67127,3,0.322242
177,72,1,3,65,2,7.77544,8.4409,3,0.0401931
177,73,1,3,28,2,0.414258,-12.8996,3,0.394169
177,75,-1,0,71,2,12.8718,-14.0048,1,0.33567
177,76,-1,0,73,2,-3.78696,-14.4674,1,0.182606
177,77,-1,0,59,2,10.9555,-5.90741,1,0.937247
177,75,0,1,71,2,13.2145,-14.8357,4,0.334754
177,78,-1,0,1,2,3.88416,16.3806,1,0.234664
177,79,-1,0,72,2,9.03398,8.36788,1,0.1594
177,76,0,1,73,2,-3.12932,-13.8165,4,0.174245
177,77,0,1,59,2,10.9638,-6.89574,4,1.02293
177,78,0,1,1,2,3.08795,16.838,4,0.227769
177,75,1,2,71,2,13.4742,-13.5191,3,0.324253
177,77,1,2,59,2,11.7754,-5.91532,3,0.863939
177,78,1,2,1,2,3.59396,15.6224,3,0.233506
177,82,-1,0,30,4,-18.4372,-17.9526,1,0.43551
177,78,1,3,1,2,4.3232,17.2728,3,0.226668
177,79,0,1,72,2,9.0162,9.35565,4,0.149667
177,83,-1,0,24,2,19.0267,-9.84547,1,0.356533
177,82,0,1,30,4,-17.6224,-18.5114,4,0.430472
177,84,-1,0,65,2,-2.27615,8.27083,1,0.488532
177,84,0,1,65,2,-3.19296,8.40971,4,0.490182
177,82,1,2,30,4,-17.8033,-17.1963,3,0.42709
177,76,1,2,73,2,-4.44003,-13.9263,3,0.181489
177,84,1,2,65,2,-2.31089,7.4392,3,0.50013
177,74,-1,0,4,1,-11.1472,-9.06797,1,0.194865
177,82,1,3,30,4,-18.8828,-18.7298,3,0.436419
177,75,1,3,71,2,11.976,-14.3377,3,0.336043
177,76,1,3,73,2,-2.88069,-15.1245,3,0.166546
177,84,1,3,65,2,-2.09799,9.11524,3,0.492617
177,82,0,4,30,4,-19.2492,-17.3923,2,0.433105
177,88,-1,0,75,2,13.6673,-14.2181,1,0.532733
177,82,4,5,30,4,-19.7023,-16.85,3,0.426055
177,90,-1,0,1,2,8.67238,8.64025,1,0.236672
177,91,-1,0,82,4,-17.6591,-17.7939,1,0.340933
177,88,0,1,75,2,14.2686,-13.5164,4,0.523
177,74,0,1,4,1,-10.3123,-8.93743,8,0.595389
177,90,0,1,1,2,9.56767,9.02526,4,0.226428
177,55,0,1,48,4,7.1712,4.76855,4,0.884448
177,51,6,7,6,3,-16.6264,8.45505,0,0.395514
177,92,-1,0,84,2,-1.54517,8.6562,1,0.376396
177,90,1,2,1,2,8.24914,9.2647,3,0.236621
177,74,0,2,4,1,-11.6508,-8.35119,8,0.590412
177,90,1,3,1,2,9.59648,7.70474,3,0.214682
177,96,-1,0,73,2,0.687276,-13.8724,1,0.705297
177,97,-1,0,65,2,10.0636,14.1996,1,0.610026
177,55,1,2,48,4,7.08632,6.06065,3,0.878384
177,96,0,1,73,2,0.866904,-14.801,4,0.759766
177,98,-1,0,30,4,-17.654,-8.95201,1,0.388067
177,96,1,2,73,2,1.64049,-13.7203,3,0.705012
177,98,0,1,30,4,-18.5364,-9.43959,4,0.378333
177,95,-1,0,71,2,12.6492,-6.21254,1,0.458133
177,97,0,1,65,2,9.8914,15.0897,4,0.636774
177,92,0,1,84,2,-0.747515,9.13773,4,0.366671
177,96,1,3,73,2,-0.315483,-14.0401,3,0.847012
177,100,-1,0,1,2,5.52775,7.56196,1,0.509467
178,0,-1,0,4294967295,1,-14.7909,-6.49013,1,0.229866
178,0,0,1,4294967295,1,-14.6071,-5.66691,8,0.695159
178,0,0,2,4294967295,1,-15.5976,-6.7113,8,0.695136
178,0,0,3,4294967295,1,-14.2664,-7.13336,8,0.695699
178,1,-1,0,4294967295,2,5.85789,8.50958,1,0.497057
178,1,0,1,4294967295,2,6.54687,7.9523,4,0.69714
178,1,1,2,4294967295,2,6.13774,9.20624,3,0.783155
178,1,1,3,4294967295,2,5.21643,8.12337,3,0.795656
178,6,-1,0,2,3,-15.6774,11.6087,1,0.112718
178,4,-1,0,0,1,-11.873,-8.84509,1,0.425408
178,6,0,4,2,3,-16.7073,10.8463,0,0.112925
178,6,4,5,2,3,-17.8873,10.1268,0,0.113284
178,6,5,6,2,3,-18.1667,8.89032,0,0.113699
178,6,6,7,2,3,-18.7468,7.78222,0,0.114058
178,6,7,8,2,3,-18.5163,6.54349,0,0.114265
178,4,0,1,0,1,-12.7735,-8.59692,8,1.27726
178,4,0,2,0,1,-11.7008,-9.66798,8,1.31742
178,18,-1,0,9,4,6.92083,-2.87016,1,0.23678
178,18,0,1,9,4,7.8925,-3.28196,4,0.260291
178,18,1,2,9,4,7.40049,-2.12788,3,0.24227
178,18,1,3,9,4,6.78516,-3.88502,3,0.346615
178,24,-1,0,22,2,19.7828,-9.03385,1,0.0611131
178,18,0,4,9,4,5.9549,-2.4067,2,0.212493
178,24,0,1,22,2,20.7024,-8.91215,4,0.0528509
178,18,4,5,9,4,5.07015,-1.68981,3,0.19861
178,24,1,2,22,2,19.5905,-8.21388,3,0.0573288
178,24,1,3,22,2,19.9992,-10.0399,3,0.0513684
178,28,-1,0,24,2,-3.42745,-18.0865,1,0.210867
178,28,0,1,24,2,-2.53769,-18.3222,4,0.20314
178,30,-1,0,9,4,-17.4997,-8.22988,1,0.462078
178,30,0,1,9,4,-18.3592,-8.73001,4,0.447441
178,33,-1,0,17,4,3.29155,5.79726,1,0.491419
178,30,1,2,9,4,-17.0518,-8.9908,3,0.439463
178,33,0,1,17,4,2.54014,5.02777,4,0.527457
178,30,1,3,9,4,-18.1725,-7.48188,3,0.453364
178,33,1,2,17,4,3.79705,4.92916,3,0.559767
178,30,0,4,9,4,-16.6003,-7.8033,2,0.475634
178,33,1,3,17,4,2.17226,6.21605,3,0.520558
178,30,4,5,9,4,-15.9351,-7.69373,3,0.481032
178,28,1,2,24,2,-3.32601,-17.2765,3,0.201698
178,33,0,4,17,4,4.25336,6.2314,2,0.470705
178,33,4,5,17,4,5.54613,6.27087,3,0.51291
178,40,-1,0,33,4,3.64706,6.60475,1,0.894308
178,28,1,3,24,2,-3.67286,-19.0215,3,0.208017
178,39,-1,0,22,2,-1.31794,-18.3373,1,0.514629
178,4,0,3,0,1,-11.0876,-8.3755,8,1.25124
178,45,-1,0,4,1,-6.32761,-8.9498,1,0.352529
178,45,0,1,4,1,-6.82328,-8.26737,8,1.02904
178,45,0,2,4,1,-6.69576,-9.70089,8,1.15025
178,45,0,3,4,1,-5.49822,-8.9818,8,1.01751
178,40,0,1,33,4,4.67511,6.76068,4,0.878987
178,40,1,2,33,4,3.6746,7.55464,3,0.869287
178,40,1,3,33,4,3.95821,5.68452,3,0.884576
178,40,0,4,33,4,2.66219,6.63981,2,0.90204
178,48,-1,0,37,4,5.83573,5.19055,1,0.177119
178,48,0,1,37,4,6.29146,6.06185,4,0.467573
178,50,-1,0,4,1,-12.4022,-8.11401,1,0.207718
178,51,-1,0,6,3,-14.9381,11.9948,1,0.516238
178,48,1,2,37,4,5.13115,5.50705,3,0.531429
178,50,0,1,4,1,-13.1889,-7.80553,8,0.617601
178,51,0,1,6,3,-13.9626,11.588,4,0.530479
178,48,1,3,37,4,6.42982,4.76272,3,0.533667
178,50,0,2,4,1,-12.4176,-9.02947,8,0.651538
178,51,1,2,6,3,-14.0501,12.8699,3,0.485369
178,48,0,4,37,4,5.52104,4.22473,2,0.547799
178,51,1,3,6,3,-15.1242,11.003,3,0.530496
178,39,0,1,22,2,-0.491418,-17.9318,4,0.509229
178,48,4,5,37,4,4.97498,3.0871,3,0.740086
178,50,0,3,4,1,-11.7397,-7.59317,8,0.61752
178,55,-1,0,48,4,6.54959,5.38724,1,0.86307
178,39,1,2,22,2,-1.79816,-17.67,3,0.49039
178,102,1,2,28,2,4.68952,-21.2913,3,0
178,39,1,3,22,2,-0.835076,-19.193,3,0.525323
178,59,-1,0,24,2,10.2972,-5.72871,1,0.206452
178,59,0,1,24,2,10.9919,-5.19726,4,0.204067
178,60,-1,0,39,2,-1.13663,-17.5597,1,0.664823
178,51,0,4,6,3,-16.1972,12.1723,0,0.471132
178,62,-1,0,28,2,-1.93183,-6.66401,1,0.155775
178,59,1,2,24,2,9.66104,-5.27506,3,0.206429
178,62,0,1,28,2,-1.48372,-5.85566,4,0.128993
178,62,1,2,28,2,-2.70637,-6.35289,3,0.127968
178,51,4,5,6,3,-17.2688,11.4006,0,0.428959
178,59,1,3,24,2,10.449,-6.43371,3,0.208528
178,64,-1,0,53,2,3.86939,-19.9303,1,0.89672
178,60,0,1,39,2,-0.560129,-16.8756,4,0.665049
178,62,1,3,28,2,-0.98933,-7.09208,3,0.113093
178,65,-1,0,1,2,9.95311,13.6956,1,0.411067
178,66,-1,0,62,2,-1.46187,-15.6357,1,0.340483
178,65,0,1,1,2,10.8537,13.6891,4,0.498828
178,66,0,1,62,2,-0.563028,-15.7967,4,0.339435
178,51,5,6,6,3,-17.0917,10.0802,0,0.402448
178,65,1,2,1,2,9.76379,14.4606,3,0.397023
178,66,1,2,62,2,-1.6011,-16.6026,3,0.361921
178,65,1,3,1,2,9.96383,12.7215,3,0.407148
178,71,-1,0,24,2,13.2622,-5.45857,1,0.33187
178,72,-1,0,65,2,8.47261,7.38203,1,0.0411897
178,73,-1,0,28,2,1.07797,-13.4241,1,0.325066
178,70,-1,0,66,2,-0.872315,-16.1691,1,1.19987
178,71,0,1,24,2,12.4001,-5.74304,4,0.327127
178,72,0,1,65,2,7.67358,6.88706,4,0.0358924
178,73,0,1,28,2,1.32276,-14.3414,4,0.33105
178,71,1,2,24,2,13.6939,-6.13791,3,0.348638
178,72,1,2,65,2,8.96196,6.61662,3,0.0560825
178,73,1,2,28,2,1.84339,-13.1086,3,0.351581
178,71,1,3,24,2,12.8665,-4.49634,3,0.308631
178,72,1,3,65,2,7.78994,8.15877,3,0.01831
178,73,1,3,28,2,0.161594,-13.7114,3,0.323685
178,75,-1,0,71,2,12.9741,-14.2648,1,0.338643
178,76,-1,0,73,2,-3.69265,-14.2664,1,0.172516
178,77,-1,0,59,2,11.0453,-6.16053,1,1.00243
178,75,0,1,71,2,13.3305,-15.0846,4,0.332172
178,78,-1,0,1,2,3.53066,16.2892,1,0.206661
178,79,-1,0,72,2,9.16141,7.82148,1,0.1274
178,76,0,1,73,2,-3.31479,-13.4268,4,0.188165
178,77,0,1,59,2,10.7614,-7.07389,4,1.05796
178,78,0,1,1,2,2.77574,16.8117,4,0.199049
178,75,1,2,71,2,13.538,-13.755,3,0.333262
178,77,1,2,59,2,11.898,-6.4174,3,1.02252
178,78,1,2,1,2,3.18533,15.5592,3,0.206424
178,82,-1,0,30,4,-18.0499,-18.2951,1,0.42234
178,78,1,3,1,2,4.04379,17.1137,3,0.194853
178,79,0,1,72,2,8.8142,8.7454,4,0.117667
178,83,-1,0,24,2,19.1494,-9.53718,1,0.340533
178,82,0,1,30,4,-17.2385,-18.8753,4,0.469834
178,84,-1,0,65,2,-2.58095,8.20138,1,0.510001
178,84,0,1,65,2,-3.43569,8.55789,4,0.519904
178,82,1,2,30,4,-17.6199,-17.6309,3,0.407011
178,76,1,2,73,2,-4.49187,-13.9997,3,0.295582
178,84,1,2,65,2,-2.93133,7.34205,3,0.552494
178,74,-1,0,4,1,-11.1406,-9.07416,1,0.188008
178,82,1,3,30,4,-18.52,-18.9222,3,0.421756
178,75,1,3,71,2,12.1102,-14.5542,3,0.333259
178,76,1,3,73,2,-2.77861,-14.6532,3,0.162077
178,84,1,3,65,2,-2.35693,9.32234,3,0.510809
178,82,0,4,30,4,-18.9826,-17.8271,2,0.411591
178,88,-1,0,75,2,13.7723,-14.4655,1,0.500733
178,82,4,5,30,4,-20.0406,-17.01,3,0.407142
178,90,-1,0,1,2,8.92483,8.39131,1,0.204839
178,91,-1,0,82,4,-17.2238,-18.2003,1,0.324933
178,88,0,1,75,2,14.3694,-13.7678,4,0.491
178,74,0,1,4,1,-10.3019,-8.99651,8,0.573788
178,90,0,1,1,2,9.38531,9.26681,4,0.195443
178,55,0,1,48,4,7.2988,4.70448,4,0.810333
178,51,6,7,6,3,-17.3525,8.77185,0,0.390947
178,92,-1,0,84,2,-1.8268,8.48613,1,0.3444
178,90,1,2,1,2,8.11221,8.98606,3,0.192083
178,74,0,2,4,1,-11.6353,-8.33347,8,0.570871
178,90,1,3,1,2,10.0123,8.12918,3,0.197689
178,96,-1,0,73,2,0.473607,-14.3959,1,0.53785
178,97,-1,0,65,2,10.4226,14.3725,1,0.671087
178,55,1,2,48,4,7.09983,5.93722,3,0.855736
178,96,0,1,73,2,1.13647,-15.0994,4,0.59134
178,98,-1,0,30,4,-17.7245,-9.00297,1,0.356067
178,96,1,2,73,2,1.64627,-13.863,3,0.656886
178,98,0,1,30,4,-18.4046,-9.72945,4,0.346333
178,95,-1,0,71,2,12.9499,-6.21855,1,0.562133
178,97,0,1,65,2,10.0447,15.2247,4,0.631713
178,92,0,1,84,2,-0.9654,8.80187,4,0.334667
178,96,1,3,73,2,-0.0127563,-15.6232,3,0.669414
178,100,-1,0,1,2,5.83592,7.67272,1,0.590191
178,101,-1,0,96,2,-0.331528,-14.6093,1,0.511467
178,100,0,1,1,2,6.16246,6.81964,4,0.641276
178,55,1,3,48,4,7.62547,3.45296,3,0.572545
179,0,-1,0,4294967295,1,-14.7898,-6.48859,1,0.223466
179,0,0,1,4294967295,1,-14.6082,-5.66529,8,0.67603
179,0,0,2,4294967295,1,-15.5932,-6.70744,8,0.676017
179,0,0,3,4294967295,1,-14.2639,-7.13066,8,0.676346
179,1,-1,0,4294967295,2,6.21243,8.74134,1,0.271314
179,1,0,1,4294967295,2,6.63364,7.88548,4,0.579646
179,1,1,2,4294967295,2,6.86882,9.21355,3,0.688983
179,1,1,3,4294967295,2,5.34779,8.16706,3,0.683904
179,6,-1,0,2,3,-15.0919,11.3594,1,0.0969881
179,4,-1,0,0,1,-11.869,-8.83871,1,0.419012
179,6,0,4,2,3,-16.3261,10.9612,0,0.097123
179,6,4,5,2,3,-17.706,10.4911,0,0.0973567
179,6,5,6,2,3,-18.3294,9.30596,0,0.0976266
179,6,6,7,2,3,-18.7919,8.08016,0,0.0978602
179,6,7,8,2,3,-18.5464,6.7922,0,0.0979951
179,4,0,1,0,1,-12.7628,-8.57624,8,1.26001
179,4,0,2,0,1,-11.7194,-9.66403,8,1.28354
179,18,-1,0,9,4,7.51261,-2.96781,1,0.219642
179,18,0,1,9,4,8.494,-3.14919,4,0.228745
179,18,1,2,9,4,7.77673,-2.07044,3,0.234994
179,18,1,3,9,4,7.52071,-3.95587,3,0.235066
179,24,-1,0,22,2,20.1263,-8.988,1,0.0320316
179,18,0,4,9,4,6.55408,-2.70676,2,0.205363
179,24,0,1,22,2,21.0131,-8.73998,4,0.0243972
179,18,4,5,9,4,5.96671,-2.3279,3,0.191863
179,24,1,2,22,2,19.7913,-8.25244,3,0.0296396
179,24,1,3,22,2,20.3797,-9.90828,3,0.0230468
179,28,-1,0,24,2,-3.04483,-18.1517,1,0.182048
179,28,0,1,24,2,-2.18638,-18.479,4,0.174355
179,30,-1,0,9,4,-17.9832,-8.42002,1,0.436016
179,30,0,1,9,4,-18.5396,-9.23567,4,0.417118
179,33,-1,0,17,4,3.29635,5.53293,1,0.539621
179,30,1,2,9,4,-17.3043,-8.7181,3,0.422728
179,33,0,1,17,4,2.35705,4.92917,4,0.498963
179,30,1,3,9,4,-18.7202,-8.00166,3,0.402039
179,33,1,2,17,4,3.49606,4.43205,3,0.485196
179,30,0,4,9,4,-17.2519,-7.70398,2,0.446944
179,33,1,3,17,4,2.10968,6.15824,3,0.498795
179,30,4,5,9,4,-16.1431,-7.22755,3,0.450048
179,28,1,2,24,2,-2.86666,-17.3572,3,0.170889
179,33,0,4,17,4,4.25276,6.05804,2,0.604604
179,33,4,5,17,4,5.22783,6.61209,3,0.629781
179,40,-1,0,33,4,3.6436,6.32234,1,0.881721
179,28,1,3,24,2,-3.39034,-19.0531,3,0.181295
179,39,-1,0,22,2,-0.950183,-18.2537,1,0.525144
179,4,0,3,0,1,-11.0729,-8.38769,8,1.24476
179,45,-1,0,4,1,-6.32761,-8.9498,1,0.34681
179,45,0,1,4,1,-6.82328,-8.26737,8,1.02475
179,45,0,2,4,1,-6.69576,-9.70089,8,1.09577
179,45,0,3,4,1,-5.49822,-8.9818,8,1.018
179,40,0,1,33,4,4.68381,6.40234,4,0.879764
179,40,1,2,33,4,3.71182,7.21607,3,0.88905
179,40,1,3,33,4,4.06008,5.27094,3,0.878614
179,40,0,4,33,4,2.66456,6.51824,2,0.881965
179,48,-1,0,37,4,6.10599,4.92509,1,0.539333
179,48,0,1,37,4,6.75269,5.64891,4,0.471285
179,50,-1,0,4,1,-12.3988,-8.11055,1,0.201318
179,51,-1,0,6,3,-14.261,11.4863,1,0.514381
179,48,1,2,37,4,5.47099,5.87906,3,0.449201
179,50,0,1,4,1,-13.1908,-7.81488,8,0.603074
179,51,0,1,6,3,-13.3513,10.9578,4,0.619681
179,48,1,3,37,4,6.34887,4.38586,3,0.463733
179,50,0,2,4,1,-12.4138,-9.02664,8,0.622959
179,51,1,2,6,3,-13.5263,12.2472,3,0.574787
179,48,0,4,37,4,5.3469,4.1234,2,0.741769
179,51,1,3,6,3,-14.5179,10.4173,3,0.567435
179,39,0,1,22,2,-0.0710704,-18.0485,4,0.565356
179,48,4,5,37,4,4.36098,3.57021,3,0.761593
179,50,0,3,4,1,-11.7495,-7.57712,8,0.603027
179,55,-1,0,48,4,7.03453,5.16596,1,0.816397
179,39,1,2,22,2,-1.3331,-17.6523,3,0.50052
179,102,1,2,28,2,4.78596,-21.1155,3,0
179,39,1,3,22,2,-0.673467,-19.2196,3,0.5519
179,59,-1,0,24,2,10.458,-5.75497,1,0.181441
179,59,0,1,24,2,11.3436,-5.65063,4,0.174152
179,60,-1,0,39,2,-0.608136,-17.496,1,0.637608
179,51,0,4,6,3,-15.3865,12.0677,0,0.473147
179,62,-1,0,28,2,-1.52584,-6.23753,1,0.115313
179,59,1,2,24,2,10.2087,-4.97823,3,0.170614
179,62,0,1,28,2,-1.58803,-5.31758,4,0.121801
179,62,1,2,28,2,-2.34165,-6.4049,3,0.109759
179,51,4,5,6,3,-16.6758,11.7546,0,0.43878
179,59,1,3,24,2,10.3173,-6.5496,3,0.179328
179,64,-1,0,53,2,3.70164,-19.8426,1,0.89672
179,60,0,1,39,2,0.0874937,-16.8982,4,0.628263
179,62,1,3,28,2,-0.508921,-6.10211,3,0.177825
179,65,-1,0,1,2,10.3629,13.8044,1,0.512961
179,66,-1,0,62,2,-1.64643,-16.0989,1,0.359609
179,65,0,1,1,2,11.254,13.8091,4,0.539002
179,66,0,1,62,2,-0.739483,-15.9995,4,0.357817
179,51,5,6,6,3,-16.945,10.4685,0,0.411384
179,65,1,2,1,2,10.0896,14.4857,3,0.504385
179,66,1,2,62,2,-1.61053,-16.9892,3,0.363718
179,65,1,3,1,2,10.345,12.8701,3,0.760731
179,71,-1,0,24,2,12.9887,-5.35054,1,0.316841
179,72,-1,0,65,2,8.2912,7.19741,1,0.0683108
179,73,-1,0,28,2,0.81082,-13.8675,1,0.427614
179,70,-1,0,66,2,-1.02376,-16.6255,1,1.19987
179,71,0,1,24,2,12.4927,-6.09613,4,0.368705
179,72,0,1,65,2,7.83999,6.41579,4,0.0311801
179,73,0,1,28,2,1.32106,-14.641,4,0.545217
179,71,1,2,24,2,13.7622,-5.63734,3,0.32019
179,72,1,2,65,2,9.06479,6.87971,3,0.0313683
179,73,1,2,28,2,1.5285,-13.3229,3,0.470148
179,71,1,3,24,2,11.9919,-4.85198,3,0.289776
179,72,1,3,65,2,7.40902,7.60946,3,0.00290151
179,73,1,3,28,2,0.0503074,-14.2812,3,0.347567
179,75,-1,0,71,2,13.0528,-14.4852,1,0.310622
179,76,-1,0,73,2,-3.59698,-13.8867,1,0.199384
179,77,-1,0,59,2,11.0598,-6.34239,1,1.10047
179,75,0,1,71,2,13.4896,-15.2777,4,0.303256
179,78,-1,0,1,2,3.19969,16.2977,1,0.177389
179,79,-1,0,72,2,8.96168,7.62284,1,0.0953999
179,76,0,1,73,2,-3.25679,-13.0331,4,0.201224
179,77,0,1,59,2,10.7615,-7.21925,4,1.11963
179,78,0,1,1,2,2.37733,16.7121,4,0.168965
179,75,1,2,71,2,13.628,-13.9399,3,0.306435
179,77,1,2,59,2,11.8638,-6.52475,3,1.14282
179,78,1,2,1,2,2.93988,15.5208,3,0.177341
179,82,-1,0,30,4,-17.8819,-18.5466,1,0.398544
179,78,1,3,1,2,3.57204,17.2376,3,0.162254
179,79,0,1,72,2,8.43438,8.31475,4,0.0856666
179,83,-1,0,24,2,19.3403,-9.16502,1,0.324533
179,82,0,1,30,4,-17.055,-19.1574,4,0.392731
179,84,-1,0,65,2,-2.96779,8.321,1,0.515076
179,84,0,1,65,2,-3.72869,8.86214,4,0.521192
179,82,1,2,30,4,-17.2068,-17.8589,3,0.384153
179,76,1,2,73,2,-4.38597,-13.6866,3,0.203519
179,84,1,2,65,2,-3.38042,7.60269,3,0.545878
179,74,-1,0,4,1,-11.1393,-9.07318,1,0.181151
179,82,1,3,30,4,-18.317,-19.2965,3,0.403531
179,75,1,3,71,2,12.2004,-14.9496,3,0.304299
179,76,1,3,73,2,-2.76323,-14.2714,3,0.197299
179,84,1,3,65,2,-2.45349,9.16715,3,0.514751
179,82,0,4,30,4,-18.7963,-18.0343,2,0.396528
179,88,-1,0,75,2,13.8568,-14.6365,1,0.468733
179,82,4,5,30,4,-19.5282,-17.4243,3,0.391985
179,90,-1,0,1,2,9.32448,8.53622,1,0.187869
179,91,-1,0,82,4,-17.0695,-18.5273,1,0.308933
179,88,0,1,75,2,14.4988,-13.987,4,0.459
179,74,0,1,4,1,-10.2972,-9.00743,8,0.552612
179,90,0,1,1,2,9.61005,9.40691,4,0.232441
179,55,0,1,48,4,8.09706,4.81504,4,0.835378
179,51,6,7,6,3,-17.4722,9.29234,0,0.396873
179,92,-1,0,84,2,-2.14822,8.25555,1,0.3124
179,90,1,2,1,2,8.33726,9.00599,3,0.163117
179,74,0,2,4,1,-11.6221,-8.31955,8,0.550903
179,90,1,3,1,2,10.1859,8.21793,3,0.186441
179,96,-1,0,73,2,1.02155,-15.1529,1,0.288123
179,97,-1,0,65,2,10.863,14.4613,1,0.773246
179,55,1,2,48,4,7.49196,5.86797,3,0.798672
179,96,0,1,73,2,1.88153,-15.4656,4,0.587152
179,98,-1,0,30,4,-17.8222,-9.22532,1,0.324067
179,96,1,2,73,2,1.58721,-14.1495,3,0.613856
179,98,0,1,30,4,-18.4024,-10.0411,4,0.314333
179,95,-1,0,71,2,13.242,-6.14671,1,0.546133
179,97,0,1,65,2,10.3646,15.2319,4,0.705554
179,92,0,1,84,2,-1.25669,8.51303,4,0.302667
179,96,1,3,73,2,0.668189,-16.0078,3,0.76379
179,100,-1,0,1,2,6.11258,7.96833,1,0.590023
179,101,-1,0,96,2,0.249991,-15.1444,1,0.601916
179,100,0,1,1,2,6.45142,7.11931,4,0.592559
179,55,1,3,48,4,6.88786,4.59193,3,0.755059
179,101,0,1,96,2,-0.580886,-15.4232,4,0.517551
179,100,1,2,1,2,7.05062,8.37145,3,0.617878
