seconds,id,lineage,generation,cell,parent,x,y,role,vx,vy,hue,mature
0,0,1,0,0,-1,-12.6863,-8.50447,1,0,0,0.7,1
0,0,1,0,1,0,-11.8796,-8.35766,8,0,0,0.7,1
0,0,1,0,2,0,-13.2168,-7.87934,8,0,0,0.7,1
0,0,1,0,3,0,-12.8726,-9.18784,8,0,0,0.7,1
0,0,1,0,4,1,-11.1417,-8.22339,0,0,0,0.7,1
0,1,2,0,0,-1,10.7439,-7.56717,1,0,0,0.09,1
0,1,2,0,1,0,11.5379,-8.24671,4,0,0,0.09,1
0,1,2,0,2,1,11.3989,-6.85426,3,0,0,0.09,1
0,1,2,0,3,1,10.2256,-8.22636,3,0,0,0.09,1
0,2,3,0,0,-1,-11.438,12.4677,1,0,0,0.34,1
0,2,3,0,1,0,-12.2071,13.1042,4,0,0,0.34,1
0,2,3,0,2,1,-12.1092,11.7954,3,0,0,0.34,1
0,2,3,0,3,1,-10.8997,12.99,3,0,0,0.34,1
0,2,3,0,4,0,-10.5596,11.5784,0,0,0,0.34,1
0,2,3,0,5,4,-9.88042,10.4923,0,0,0,0.34,1
0,2,3,0,6,5,-8.80281,9.7997,0,0,0,0.34,1
0,2,3,0,7,6,-8.12364,8.7136,0,0,0,0.34,1
0,2,3,0,8,7,-6.98348,8.02237,0,0,0,0.34,1
0,3,4,0,0,-1,0.856787,4.46751,1,0,0,0.57,1
0,3,4,0,1,0,1.75717,5.09942,8,0,0,0.57,1
0,3,4,0,2,1,2.62051,5.57952,3,0,0,0.57,1
0,3,4,0,3,0,-0.140657,4.9313,8,0,0,0.57,1
0,3,4,0,4,3,-0.988107,5.43893,3,0,0,0.57,1
0,3,4,0,5,0,0.953853,3.3718,8,0,0,0.57,1
0,3,4,0,6,5,0.93796,2.38407,3,0,0,0.57,1
30,0,1,0,0,-1,-12.626,-8.58053,1,-0.00956775,0.0632801,0.7,1
30,0,1,0,1,0,-11.8667,-8.2165,8,-0.059385,0.0635482,0.7,1
30,0,1,0,2,0,-13.2874,-7.93311,8,-0.0248041,-0.226876,0.7,1
30,0,1,0,3,0,-12.5255,-9.30679,8,-0.237925,0.111149,0.7,1
30,0,1,0,4,1,-11.1901,-7.85807,0,0.0885701,-0.126844,0.7,1
30,1,2,0,0,-1,11.1517,-7.34997,1,0.189637,0.363423,0.09,1
30,1,2,0,1,0,11.8538,-6.49122,4,0.266162,0.33123,0.09,1
30,1,2,0,2,1,10.4279,-6.3245,3,0.271276,0.27019,0.09,1
30,1,2,0,3,1,12.0436,-7.81677,3,0.0934675,0.326609,0.09,1
30,2,3,0,0,-1,-5.76439,16.0724,1,-0.0835572,0.101136,0.34,1
30,2,3,0,1,0,-5.26916,16.9869,4,-0.14111,0.131586,0.34,1
30,2,3,0,2,1,-6.4939,16.5437,3,-0.193882,0.255131,0.34,1
30,2,3,0,3,1,-4.78419,15.786,3,-0.01945,0.176075,0.34,1
30,2,3,0,4,0,-6.65567,15.1216,0,-0.00404302,0.0173912,0.34,1
30,2,3,0,5,4,-7.89357,14.4019,0,0.00731255,-0.163747,0.34,1
30,2,3,0,6,5,-9.0339,13.8163,0,-0.0616624,-0.188193,0.34,1
30,2,3,0,7,6,-10.2593,13.8165,0,-0.150719,-0.0929289,0.34,1
30,2,3,0,8,7,-11.2856,13.0244,0,-0.312829,0.0726566,0.34,1
30,3,4,0,0,-1,-2.70673,1.33536,1,0.010667,-0.224249,0.57,1
30,3,4,0,1,0,-3.81438,1.16026,8,0.0703358,-0.655047,0.57,1
30,3,4,0,2,1,-4.8135,1.09964,3,0.087282,-1.02344,0.57,1
30,3,4,0,3,0,-2.04926,0.425968,8,0.403656,0.0608185,0.57,1
30,3,4,0,4,3,-1.51628,-0.41773,3,0.798919,0.315076,0.57,1
30,3,4,0,5,0,-2.43936,2.42196,8,-0.415246,-0.120387,0.57,1
30,3,4,0,6,5,-2.16285,3.38255,3,-0.793326,-0.0111622,0.57,1
30,4,1,1,0,-1,-13.5095,-8.73136,1,-0.0163983,0.101516,0.699,0
30,4,1,1,1,0,-14.2331,-8.24889,8,-0.201415,0.119921,0.699,0
30,4,1,1,2,0,-13.6568,-9.51664,8,0.447887,0.0736716,0.699,0
30,4,1,1,3,0,-12.8761,-8.45533,8,-0.0857374,-0.0628649,0.699,0
30,5,2,1,0,-1,10.5224,-6.98774,1,0.225748,0.403341,0.091,1
30,5,2,1,1,0,10.9861,-5.96734,4,0.137544,0.432675,0.091,1
30,5,2,1,2,1,9.63405,-6.37373,3,0.218837,0.233875,0.091,1
30,5,2,1,3,1,11.7378,-7.0949,3,0.111032,0.387349,0.091,1
30,6,5,1,0,-1,-12.4106,9.86141,1,-0.574612,0.0330328,0.365,1
30,6,5,1,1,0,-13.4257,9.55951,4,-0.572352,0.141736,0.365,1
30,6,5,1,2,0,-11.9203,9.17729,0,-0.599899,0.056321,0.365,1
30,6,5,1,3,1,-12.5414,8.63935,3,-0.614164,0.0923902,0.365,1
30,6,5,1,4,1,-12.8247,10.7232,3,-0.124151,-0.0606094,0.365,1
30,6,5,1,5,0,-11.1896,10.3413,0,-0.576545,0.0238576,0.365,1
30,6,5,1,6,5,-9.98433,11.15,0,-0.454765,-0.0420829,0.365,1
30,6,5,1,7,6,-9.32501,12.4734,0,-0.0780246,-0.164824,0.365,1
30,6,5,1,8,7,-8.30087,13.5684,0,0.0753139,-0.292113,0.365,1
30,6,5,1,9,8,-7.64183,14.9468,0,-0.231617,-0.127867,0.365,1
30,7,4,1,0,-1,2.06268,5.5311,1,-0.0712322,-0.0141482,0.571,1
30,7,4,1,1,0,2.7594,6.55665,8,-0.414073,0.279799,0.571,1
30,7,4,1,2,1,3.39539,7.32758,3,-0.231483,0.699499,0.571,1
30,7,4,1,3,0,0.887019,5.27698,8,0.0205501,-0.366252,0.571,1
30,7,4,1,4,3,-0.1157,4.95161,3,0.0979656,-0.570393,0.571,1
30,7,4,1,5,0,2.64683,4.59331,8,0.21321,0.319879,0.571,1
30,7,4,1,6,5,3.21001,3.77842,3,0.369421,0.718487,0.571,1
30,8,2,2,0,-1,12.0584,-13.1556,1,-0.331408,0.375452,0.092,1
30,8,2,2,1,0,11.6208,-12.1902,4,-0.340742,0.360596,0.092,1
30,8,2,2,2,1,11.0572,-13.4663,3,-0.345079,0.353274,0.092,1
30,8,2,2,3,1,12.8449,-12.6268,3,-0.30407,0.445477,0.092,1
30,9,4,2,0,-1,2.39533,6.15127,1,-0.531477,-0.510918,0.572,1
30,9,4,2,1,0,2.78221,7.37053,8,0.447512,0.0716017,0.572,1
30,9,4,2,2,1,2.95337,8.49184,12,-0.622398,0.803356,0.572,1
30,9,4,2,3,0,1.23707,6.28677,8,0.433788,-0.961791,0.572,1
30,9,4,2,4,3,0.183264,6.26894,12,1.10356,-0.834291,0.572,1
30,9,4,2,5,0,3.23369,5.37361,8,-2.23686,-0.271808,0.572,1
30,9,4,2,6,5,3.49785,6.26664,12,0.332899,-1.21565,0.572,1
30,10,4,1,0,-1,-1.89276,1.19751,1,0.0764461,0.106284,0.569,0
30,10,4,1,1,0,-1.1587,0.345273,8,0.444202,0.41887,0.569,0
30,10,4,1,2,1,-0.538204,-0.447703,3,0.792895,0.691296,0.569,0
30,10,4,1,3,0,-1.49453,2.23178,8,-0.325666,0.256256,0.569,0
30,10,4,1,4,3,-1.05782,3.12675,3,-0.65855,0.416208,0.569,0
30,11,2,2,0,-1,9.81894,-7.4128,1,0.281896,0.283306,0.09,0
30,11,2,2,1,0,9.15014,-8.22934,4,0.191091,0.339183,0.09,0
30,12,2,1,0,-1,11.1763,-6.5738,1,0.283048,0.344176,0.091,0
30,12,2,1,1,0,11.7344,-5.67122,4,0.229243,0.321944,0.091,0
60,0,1,0,0,-1,-11.3181,-7.76607,1,0.00791522,-0.00597645,0.7,1
60,0,1,0,1,0,-10.491,-7.82229,8,0.0183029,-0.00728695,0.7,1
60,0,1,0,2,0,-11.6891,-7.03526,8,0.00282715,-0.0134183,0.7,1
60,0,1,0,3,0,-11.7127,-8.36046,8,-0.0272316,0.0154372,0.7,1
60,0,1,0,4,1,-9.7419,-7.87947,0,0.0302998,0.0329939,0.7,1
60,2,3,0,0,-1,-8.10979,11.6367,1,0.0503101,-0.583127,0.34,1
60,2,3,0,1,0,-7.45271,10.7695,4,0.192646,-0.585895,0.34,1
60,2,3,0,2,1,-6.67035,11.7725,3,0.155725,-0.560185,0.34,1
60,2,3,0,3,1,-8.6838,11.0871,3,0.250201,-0.523549,0.34,1
60,2,3,0,4,0,-9.23062,12.2493,0,0.265896,0.119792,0.34,1
60,2,3,0,5,4,-10.5136,12.4395,0,0.40332,0.364633,0.34,1
60,2,3,0,6,5,-11.8112,12.0062,0,0.544315,0.378698,0.34,1
60,2,3,0,7,6,-13.1931,12.1255,0,0.514365,-0.0938726,0.34,1
60,2,3,0,8,7,-14.5888,11.9062,0,0.593141,-0.881703,0.34,1
60,3,4,0,0,-1,-2.68022,0.882947,1,-0.0456746,-0.201563,0.57,1
60,3,4,0,1,0,-3.78919,1.0818,8,-0.132649,-0.672412,0.57,1
60,3,4,0,2,1,-4.75752,1.34905,3,-0.248109,-1.08372,0.57,1
60,3,4,0,3,0,-2.37139,-0.194833,8,0.420365,-0.0705329,0.57,1
60,3,4,0,4,3,-2.17041,-1.17316,3,0.841584,0.0133239,0.57,1
60,3,4,0,5,0,-2.07055,1.82413,8,-0.438449,0.0543557,0.57,1
60,3,4,0,6,5,-1.49623,2.64435,3,-0.778833,0.293796,0.57,1
60,4,1,1,0,-1,-14.824,-9.2122,1,-5.95746e-05,-4.54236e-05,0.699,1
60,4,1,1,1,0,-15.5241,-8.78532,8,-6.57035e-05,-2.59577e-05,0.699,1
60,4,1,1,2,0,-14.8435,-10.0318,8,-7.15513e-05,-2.22441e-05,0.699,1
60,4,1,1,3,0,-14.2304,-8.82572,8,-6.26323e-05,-1.5052e-05,0.699,1
60,4,1,1,4,1,-16.1645,-8.39489,0,-0.000113976,-4.86916e-06,0.699,1
60,5,2,1,0,-1,11.0628,-5.50489,1,-0.202759,0.438737,0.091,1
60,5,2,1,1,0,10.072,-5.22774,4,-0.318713,0.258979,0.091,1
60,5,2,1,2,1,10.7779,-6.44227,3,-0.0308559,0.453494,0.091,1
60,5,2,1,3,1,11.2333,-4.49832,3,-0.577465,0.636275,0.091,1
60,6,5,1,0,-1,-22.6411,10.9651,1,-0.290135,-0.022879,0.365,1
60,6,5,1,1,0,-23.6535,11.0645,4,0.115425,0.143754,0.365,1
60,6,5,1,2,0,-22.2271,10.2507,0,-0.446024,-0.0911474,0.365,1
60,6,5,1,3,1,-23.0759,9.91662,3,-0.482443,0.0286131,0.365,1
60,6,5,1,4,1,-22.6126,11.8241,3,0.00967802,-0.221265,0.365,1
60,6,5,1,5,0,-21.3954,10.701,0,-0.33224,-0.0164042,0.365,1
60,6,5,1,6,5,-20.2157,10.0664,0,-0.302467,0.0797705,0.365,1
60,6,5,1,7,6,-18.9052,9.83674,0,-0.320091,0.106464,0.365,1
60,6,5,1,8,7,-17.7916,9.13056,0,-0.347802,0.0817032,0.365,1
60,6,5,1,9,8,-16.4488,8.96684,0,-0.343599,0.137127,0.365,1
60,7,4,1,0,-1,1.77556,8.12904,1,-0.101194,-0.118266,0.571,1
60,7,4,1,1,0,0.68062,8.4196,8,-0.222361,-0.574094,0.571,1
60,7,4,1,2,1,-0.262314,8.77818,3,-0.372642,-0.978483,0.571,1
60,7,4,1,3,0,2.07974,7.04826,8,0.382622,0.000285493,0.571,1
60,7,4,1,4,3,2.30954,6.07729,3,0.897664,0.118312,0.571,1
60,7,4,1,5,0,2.49389,8.9832,8,-0.424072,0.177678,0.571,1
60,7,4,1,6,5,3.17398,9.71371,3,-0.71507,0.465529,0.571,1
60,8,2,2,0,-1,3.97607,-9.11303,1,-0.216892,-0.145656,0.092,1
60,8,2,2,1,0,3.30224,-9.85831,4,-0.131631,-0.209166,0.092,1
60,8,2,2,2,1,4.69535,-9.82596,3,-0.129879,-0.0746996,0.092,1
60,8,2,2,3,1,3.50388,-8.52498,3,-0.206906,-0.186595,0.092,1
60,9,4,2,0,-1,2.06406,4.07383,1,-0.0631876,-0.260525,0.572,1
60,9,4,2,1,0,1.12752,4.6737,8,0.0197135,-0.0663105,0.572,1
60,9,4,2,2,1,0.334702,5.26999,12,0.0718358,0.0911761,0.572,1
60,9,4,2,3,0,2.07006,3.00864,8,-0.0108138,-0.148485,0.572,1
60,9,4,2,4,3,1.97788,2.03613,12,0.0341135,-0.0511883,0.572,1
60,9,4,2,5,0,3.0477,4.61258,8,0.0129337,-0.235457,0.572,1
60,9,4,2,6,5,3.96995,4.98296,12,0.0290487,-0.142892,0.572,1
60,10,4,1,0,-1,-1.94988,0.488457,1,0.124755,0.114075,0.569,0
60,10,4,1,1,0,-1.58784,-0.577635,8,0.571586,0.268023,0.569,0
60,10,4,1,2,1,-1.31656,-1.54825,3,0.973706,0.380241,0.569,0
60,10,4,1,3,0,-1.18853,1.30087,8,-0.205034,0.421493,0.569,0
60,10,4,1,4,3,-0.448078,1.97235,3,-0.472382,0.716224,0.569,0
60,14,6,3,0,-1,3.11658,-9.13063,1,-0.225938,-0.138918,0.067,0
60,14,6,3,1,0,2.78467,-8.33108,4,-0.219015,-0.121955,0.067,0
60,14,6,3,2,0,2.58696,-10.0519,4,-0.22586,-0.121887,0.067,0
60,15,4,3,0,-1,2.72924,3.69224,1,0.104956,0.271705,0.573,0
60,15,4,3,1,0,3.73896,4.06812,8,0.130919,-0.119434,0.573,0
60,15,4,3,2,1,4.67271,4.36513,12,0.0414299,-0.0291112,0.573,0
60,15,4,3,3,0,2.08511,4.61975,8,-0.0676524,0.3797,0.573,0
60,16,4,2,0,-1,2.48828,7.70984,1,0.0369539,0.127485,0.57,0
60,16,4,2,1,0,3.19134,6.82949,8,0.346438,0.359038,0.57,0
60,16,4,2,2,1,3.74971,5.99494,3,0.674428,0.562252,0.57,0
60,17,1,1,0,-1,-10.9283,-8.48047,1,-0.0316623,-0.0215938,0.7,0
60,19,3,1,0,-1,-8.51119,12.4106,1,0.388708,-0.475688,0.34,0
60,19,3,1,1,0,-9.23907,13.2171,4,1.65827,0.679716,0.34,0
60,20,2,2,0,-1,10.6647,-4.80753,1,-0.737498,0.158071,0.091,0
60,20,2,2,1,0,10.0695,-3.95141,4,-0.754293,0.197715,0.091,0
90,0,1,0,0,-1,-11.3824,-7.79563,1,-0.00781282,-0.00202514,0.7,1
90,0,1,0,1,0,-10.483,-7.91656,8,-0.018801,0.0023881,0.7,1
90,0,1,0,2,0,-11.6877,-7.03372,8,-0.00694954,0.00546129,0.7,1
90,0,1,0,3,0,-11.8387,-8.33653,8,-0.0301784,0.0112673,0.7,1
90,0,1,0,4,1,-9.73241,-7.99274,0,-0.0287522,0.0246466,0.7,1
90,2,3,0,0,-1,-6.78401,0.0789538,1,0.0441808,-0.759802,0.34,1
90,2,3,0,1,0,-6.32362,-0.873826,4,0.502084,-0.510078,0.34,1
90,2,3,0,2,1,-5.74028,0.324377,3,-0.0411156,-0.239875,0.34,1
90,2,3,0,3,1,-7.57884,-0.609075,3,0.329277,-1.21583,0.34,1
90,2,3,0,4,0,-6.99773,1.34525,0,-0.326336,-0.797995,0.34,1
90,2,3,0,5,4,-6.9482,2.68977,0,-0.164457,-0.784474,0.34,1
90,2,3,0,6,5,-7.66951,3.79518,0,0.0531496,-0.649832,0.34,1
90,2,3,0,7,6,-8.20198,4.99892,0,0.358226,-0.529492,0.34,1
90,2,3,0,8,7,-9.33093,5.76677,0,0.653601,-0.110906,0.34,1
90,3,4,0,0,-1,-2.67856,0.829811,1,0.0576596,-0.210995,0.57,1
90,3,4,0,1,0,-3.78008,0.876536,8,0.149742,-0.582995,0.57,1
90,3,4,0,2,1,-4.72533,1.0755,3,0.168378,-0.771796,0.57,1
90,3,4,0,3,0,-2.23287,-0.191897,8,0.427359,-0.0288726,0.57,1
90,3,4,0,4,3,-1.91217,-1.13618,3,0.820929,0.114771,0.57,1
90,3,4,0,5,0,-2.2164,1.85137,8,-0.422619,-0.0142627,0.57,1
90,3,4,0,6,5,-1.76463,2.7459,3,-0.825789,0.187577,0.57,1
90,4,1,1,0,-1,-14.824,-9.2122,1,6.19962e-06,-2.46401e-05,0.699,1
90,4,1,1,1,0,-15.5241,-8.78532,8,-7.33876e-06,1.00287e-05,0.699,1
90,4,1,1,2,0,-14.8436,-10.0318,8,3.58104e-05,-6.38213e-06,0.699,1
90,4,1,1,3,0,-14.2305,-8.82572,8,2.95274e-05,-1.99131e-05,0.699,1
90,4,1,1,4,1,-16.1645,-8.39489,0,-6.42085e-05,4.09045e-05,0.699,1
90,5,2,1,0,-1,1.19839,-2.99711,1,-0.264862,-0.357643,0.091,1
90,5,2,1,1,0,0.138655,-2.95806,4,-0.277607,-0.0847636,0.091,1
90,5,2,1,2,1,1.01228,-4.05505,3,-0.57314,-0.267706,0.091,1
90,5,2,1,3,1,1.07953,-2.06458,3,-0.057075,-0.334881,0.091,1
90,9,4,2,0,-1,3.18485,6.50216,1,0.0120898,0.0447194,0.572,1
90,9,4,2,1,0,3.5501,7.55084,8,0.0276153,0.0249125,0.572,1
90,9,4,2,2,1,3.97443,8.4506,12,0.0656192,-0.0031849,0.572,1
90,9,4,2,3,0,2.10287,6.27609,8,0.0080136,0.00966453,0.572,1
90,9,4,2,4,3,1.12171,6.1683,12,0.0350146,-0.0994198,0.572,1
90,9,4,2,5,0,3.90934,5.67223,8,-0.0098688,0.0269068,0.572,1
90,9,4,2,6,5,4.49224,4.87374,12,-0.058089,-0.00543463,0.572,1
90,10,4,1,0,-1,-1.90416,0.553812,1,0.128269,0.118087,0.569,0
90,10,4,1,1,0,-1.42382,-0.461752,8,0.541976,0.327107,0.569,0
90,10,4,1,2,1,-1.05021,-1.39697,3,0.933897,0.487334,0.569,0
90,10,4,1,3,0,-1.24855,1.45636,8,-0.271507,0.405339,0.569,0
90,10,4,1,4,3,-0.597632,2.21733,3,-0.597588,0.684072,0.569,0
90,15,4,3,0,-1,5.17465,3.52319,1,0.0046429,0.000253189,0.573,1
90,15,4,3,1,0,5.88747,2.68442,8,0.00248933,-0.00130496,0.573,1
90,15,4,3,2,1,6.45654,1.87658,12,0.00363698,-0.000310182,0.573,1
90,15,4,3,3,0,5.55302,4.55412,8,0.0134686,-0.00271001,0.573,1
90,15,4,3,4,3,5.99186,5.43809,12,0.0232739,-0.00738665,0.573,1
90,15,4,3,5,0,4.06988,3.3455,8,0.0035693,0.00739872,0.573,1
90,15,4,3,6,5,3.08265,3.29958,12,0.0030414,0.0248436,0.573,1
90,17,1,1,0,-1,-10.8724,-8.38233,1,0.0293937,-0.00808596,0.7,0
90,17,1,1,1,0,-10.1219,-8.70521,8,0.0379869,-0.0381704,0.7,0
90,17,1,1,2,0,-10.8835,-7.47828,8,0.026866,-0.0156123,0.7,0
90,17,1,1,3,0,-11.3436,-8.91614,8,0.00122942,0.0247526,0.7,0
90,19,3,1,0,-1,-7.21159,10.2674,1,0.253607,-0.5661,0.34,1
90,19,3,1,1,0,-6.74866,9.36037,4,-0.261425,-0.751623,0.34,1
90,19,3,1,2,1,-5.94216,10.3638,3,0.158398,-1.05917,0.34,1
90,19,3,1,3,1,-7.94379,9.92858,3,-0.0679331,-0.16412,0.34,1
90,19,3,1,4,0,-8.10877,11.2515,0,0.371077,-0.309397,0.34,1
90,19,3,1,5,4,-9.36912,11.9984,0,0.379025,-0.0714662,0.34,1
90,19,3,1,6,5,-10.6468,11.6574,0,0.342007,0.149182,0.34,1
90,19,3,1,7,6,-11.943,11.4651,0,0.315285,0.403535,0.34,1
90,19,3,1,8,7,-12.9435,10.5516,0,0.0945285,0.642628,0.34,1
90,20,2,2,0,-1,11.0079,3.54331,1,0.126595,0.3034,0.091,1
90,20,2,2,1,0,11.5986,4.40808,4,0.118577,0.276452,0.091,1
90,20,2,2,2,1,10.2279,4.13414,3,0.0763392,0.377522,0.091,1
90,20,2,2,3,1,11.8147,3.08417,3,0.159738,0.269496,0.091,1
90,22,4,4,0,-1,4.53602,3.9845,1,0.00195928,-0.00192084,0.574,0
90,22,4,4,1,0,3.50717,4.37406,8,0.000725239,-0.0022743,0.574,0
90,22,4,4,2,1,2.62371,4.81619,12,0.000683342,-0.00112154,0.574,0
90,22,4,4,3,0,4.71101,2.88059,8,0.00268178,-0.00232712,0.574,0
90,22,4,4,4,3,4.76114,1.89424,12,0.00794428,-0.00306736,0.574,0
90,23,3,2,0,-1,-9.12747,15.6004,1,-0.103205,0.19449,0.341,1
90,23,3,2,1,0,-9.58721,16.5239,4,-0.182234,0.169178,0.341,1
90,23,3,2,2,1,-10.104,15.329,3,-0.0382515,0.115976,0.341,1
90,23,3,2,3,1,-8.3741,16.0726,3,-0.16107,0.243351,0.341,1
90,23,3,2,4,0,-8.7301,14.3858,0,0.0448279,0.232085,0.341,1
90,23,3,2,5,4,-8.82304,13.0393,0,0.289916,0.198549,0.341,1
90,23,3,2,6,5,-8.78848,11.6924,0,0.502946,0.18076,0.341,1
90,23,3,2,7,6,-9.77775,10.8192,0,0.374735,0.216458,0.341,1
90,23,3,2,8,7,-10.463,9.66088,0,0.156018,0.297422,0.341,1
90,24,2,3,0,-1,11.791,3.72624,1,0.138338,0.310119,0.092,0
90,24,2,3,1,0,12.5745,2.87912,4,0.102441,0.283401,0.092,0
90,24,2,3,2,1,12.4609,4.26534,3,0.239371,0.306491,0.092,0
90,25,3,1,0,-1,-6.4187,0.789117,1,-0.323567,-0.661006,0.339,0
90,25,3,1,1,0,-6.12313,-0.188191,4,0.146528,-0.4974,0.339,0
90,25,3,1,2,1,-5.4479,0.945732,3,-0.770014,0.145686,0.339,0
90,26,2,2,0,-1,3.0335,-6.02502,1,0.0662745,-0.612577,0.091,1
90,26,2,2,1,0,3.36835,-7.03137,4,-0.0930732,-0.671801,0.091,1
90,26,2,2,2,1,4.01845,-5.81404,3,-0.0189881,-0.716098,0.091,1
90,26,2,2,3,1,2.24984,-6.35268,3,0.0214079,-0.48466,0.091,1
90,27,3,3,0,-1,-9.4178,14.8499,1,0.0903304,0.112203,0.341,0
90,27,3,3,1,0,-9.80768,13.9289,4,0.18567,0.0636306,0.341,0
90,30,4,3,0,-1,2.75499,5.82302,1,-0.0386357,0.0864969,0.571,0
90,31,2,3,0,-1,3.0109,-5.21346,1,-0.376372,-0.615968,0.09,0
90,31,2,3,1,0,3.90935,-4.66733,4,-0.626779,-0.196618,0.09,0
90,32,3,2,0,-1,-6.99508,11.1051,1,0.570772,-0.377394,0.341,0
90,32,3,2,1,0,-7.54665,11.9491,4,0.557775,-0.257304,0.341,0
90,32,3,2,2,1,-7.50143,10.6721,3,-0.240333,-0.113626,0.341,0
90,33,2,2,0,-1,1.96016,-2.72962,1,-0.262993,-0.313888,0.092,0
90,33,2,2,1,0,2.99496,-2.56209,4,-0.247257,-0.30338,0.092,0
120,0,1,0,0,-1,-11.4255,-7.78596,1,-0.0137034,0.0143986,0.7,1
120,0,1,0,1,0,-10.5404,-7.93433,8,0.0114643,0.0270591,0.7,1
120,0,1,0,2,0,-11.6845,-7.00785,8,0.0323359,0.0365732,0.7,1
120,0,1,0,3,0,-11.9114,-8.30434,8,-0.0795928,0.0352366,0.7,1
120,0,1,0,4,1,-9.79566,-8.02099,0,0.027995,0.104111,0.7,1
120,2,3,0,0,-1,-13.5991,-14.8718,1,-0.20757,-0.991103,0.34,1
120,2,3,0,1,0,-14.2896,-15.6378,4,-0.315131,-0.828583,0.34,1
120,2,3,0,2,1,-13.0539,-16.065,3,-0.371896,-0.47016,0.34,1
120,2,3,0,3,1,-14.5272,-14.3181,3,0.229819,-0.732901,0.34,1
120,2,3,0,4,0,-12.95,-13.7368,0,-0.0366711,-1.1005,0.34,1
120,2,3,0,5,4,-12.1453,-12.6289,0,-0.24341,-0.804807,0.34,1
120,2,3,0,6,5,-11.3843,-11.5396,0,-0.592737,-0.51603,0.34,1
120,2,3,0,7,6,-10.0822,-11.3927,0,-0.665914,-0.272325,0.34,1
120,2,3,0,8,7,-8.77034,-11.0713,0,-0.761703,-0.0373818,0.34,1
120,3,4,0,0,-1,-2.12797,0.665437,1,0.0606764,-0.184152,0.57,1
120,3,4,0,1,0,-3.23294,0.881925,8,-0.0307142,-0.647413,0.57,1
120,3,4,0,2,1,-4.20323,1.13903,3,-0.138669,-1.05265,0.57,1
120,3,4,0,3,0,-1.93364,-0.433562,8,0.518196,-0.103426,0.57,1
120,3,4,0,4,3,-1.85646,-1.42969,3,0.931893,-0.0717885,0.57,1
120,3,4,0,5,0,-1.50392,1.60871,8,-0.339265,0.0808225,0.57,1
120,3,4,0,6,5,-0.91966,2.42089,3,-0.688733,0.332868,0.57,1
120,4,1,1,0,-1,-14.7615,-9.13724,1,-0.0198575,-0.0234288,0.699,1
120,4,1,1,1,0,-15.5201,-8.84263,8,-0.00333764,-0.00275562,0.699,1
120,4,1,1,2,0,-14.6574,-10.0535,8,-0.0302119,-0.026833,0.699,1
120,4,1,1,3,0,-14.2876,-8.61716,8,-0.00851139,-0.0448248,0.699,1
120,4,1,1,4,1,-16.2102,-8.55986,0,0.0122341,0.0202578,0.699,1
120,5,2,1,0,-1,-3.59736,-18.1564,1,0.318282,-0.51729,0.091,1
120,5,2,1,1,0,-2.71634,-18.7221,4,0.0919225,-0.71255,0.091,1
120,5,2,1,2,1,-3.01968,-17.3808,3,0.639696,-0.661113,0.091,1
120,5,2,1,3,1,-4.01545,-18.89,3,0.08164,-0.450487,0.091,1
120,9,4,2,0,-1,3.2204,6.76643,1,0.00862642,0.0379547,0.572,1
120,9,4,2,1,0,3.4138,7.85139,8,-0.00673821,0.0531918,0.572,1
120,9,4,2,2,1,3.69692,8.79947,12,-0.0344329,0.0686143,0.572,1
120,9,4,2,3,0,2.17915,6.41346,8,0.0165664,0.00278611,0.572,1
120,9,4,2,4,3,1.21518,6.20016,12,0.018862,-0.0165045,0.572,1
120,9,4,2,5,0,4.08483,6.08698,8,0.0096527,0.0329219,0.572,1
120,9,4,2,6,5,4.80234,5.40845,12,0.0337222,0.0508322,0.572,1
120,10,4,1,0,-1,-1.31449,0.824697,1,-0.00485744,0.156013,0.569,0
120,10,4,1,1,0,-1.14895,-0.285564,8,0.457354,0.223779,0.569,0
120,10,4,1,2,1,-1.03537,-1.28436,3,0.876,0.269904,0.569,0
120,10,4,1,3,0,-0.420448,1.49938,8,-0.276254,0.515909,0.569,0
120,10,4,1,4,3,0.423377,2.04261,3,-0.491612,0.850424,0.569,0
120,10,4,1,5,0,-2.28663,1.3929,8,-0.24393,-0.250477,0.569,0
120,15,4,3,0,-1,5.14872,3.34758,1,-0.0019005,-0.0399444,0.573,1
120,15,4,3,1,0,5.93802,2.58363,8,-0.000729898,-0.0405821,0.573,1
120,15,4,3,2,1,6.57748,1.8322,12,0.00466368,-0.0350218,0.573,1
120,15,4,3,3,0,5.43249,4.41012,8,0.0136991,-0.0604079,0.573,1
120,15,4,3,4,3,5.79317,5.32971,12,0.024632,-0.0727776,0.573,1
120,15,4,3,5,0,4.07036,3.04817,8,-0.000992997,-0.0340541,0.573,1
120,15,4,3,6,5,3.0952,2.88724,12,0.00419116,-0.0644787,0.573,1
120,17,1,1,0,-1,-10.9012,-8.39826,1,0.0109475,-0.0645301,0.7,1
120,17,1,1,1,0,-10.1343,-8.73759,8,0.0363598,-0.0567706,0.7,1
120,17,1,1,2,0,-10.9043,-7.48399,8,-0.00843561,-0.0918216,0.7,1
120,17,1,1,3,0,-11.435,-8.87842,8,-0.089766,0.0465646,0.7,1
120,17,1,1,4,1,-9.42898,-9.0146,0,0.0868674,0.0360501,0.7,1
120,19,3,1,0,-1,-21.0918,8.52257,1,-0.201383,-0.14884,0.34,1
120,19,3,1,1,0,-21.893,7.85569,4,-0.196809,-0.127135,0.34,1
120,19,3,1,2,1,-20.6421,7.51793,3,-0.196169,-0.135539,0.34,1
120,19,3,1,3,1,-21.7739,9.14488,3,-0.161306,-0.117065,0.34,1
120,19,3,1,4,0,-20.0064,9.22001,0,-0.2382,-0.111889,0.34,1
120,19,3,1,5,4,-18.6534,9.56648,0,-0.253219,-0.0497765,0.34,1
120,19,3,1,6,5,-17.4022,10.3015,0,-0.244703,-0.0462894,0.34,1
120,19,3,1,7,6,-16.1153,10.6627,0,-0.225791,0.0570246,0.34,1
120,19,3,1,8,7,-15.0992,11.6045,0,-0.262605,0.164242,0.34,1
120,20,2,2,0,-1,12.3567,17.3041,1,0.101633,-0.384685,0.091,1
120,20,2,2,1,0,11.6953,16.4798,4,0.141934,-0.442946,0.091,1
120,20,2,2,2,1,13.0857,16.6195,3,0.117094,-0.260277,0.091,1
120,20,2,2,3,1,11.5901,17.7712,3,0.195427,-0.451158,0.091,1
120,22,4,4,0,-1,4.4658,3.73705,1,0.0210214,0.0165598,0.574,0
120,22,4,4,1,0,3.40807,4.04228,8,0.0180625,-0.0225177,0.574,0
120,22,4,4,2,1,2.49355,4.41757,12,0.00765101,-0.0620154,0.574,0
120,22,4,4,3,0,4.75348,2.65577,8,0.00292484,0.0215783,0.574,0
120,22,4,4,4,3,4.90915,1.67921,12,0.000808143,0.031167,0.574,0
120,23,3,2,0,-1,-18.8057,16.0926,1,-0.263424,0.0777363,0.341,1
120,23,3,2,1,0,-19.8625,16.2107,4,-0.258914,0.0880974,0.341,1
120,23,3,2,2,1,-19.4069,14.9706,3,-0.291003,0.073803,0.341,1
120,23,3,2,3,1,-19.0834,17.2531,3,-0.267684,0.10306,0.341,1
120,23,3,2,4,0,-17.6021,15.5415,0,-0.267058,0.084119,0.341,1
120,23,3,2,5,4,-16.8109,14.4456,0,-0.274007,0.104069,0.341,1
120,23,3,2,6,5,-15.9149,13.4507,0,-0.280816,0.117246,0.341,1
120,23,3,2,7,6,-15.7422,12.1271,0,-0.264734,0.114907,0.341,1
120,23,3,2,8,7,-15.1765,10.8556,0,-0.243375,0.130629,0.341,1
120,24,2,3,0,-1,9.14311,3.62171,1,-0.2789,-0.394397,0.092,1
120,24,2,3,1,0,8.01882,3.94476,4,-0.107991,0.140076,0.092,1
120,24,2,3,2,1,8.75503,2.78271,3,-0.741594,-0.321175,0.092,1
120,24,2,3,3,1,9.11188,4.67411,3,0.272555,-0.42345,0.092,1
120,25,3,1,0,-1,-12.8614,-15.1907,1,-0.00982386,-0.525481,0.339,0
120,25,3,1,1,0,-11.9843,-15.7007,4,0.0361783,-0.159112,0.339,0
120,25,3,1,2,1,-12.4714,-14.4752,3,-0.427141,-0.198958,0.339,0
120,25,3,1,3,1,-13.147,-16.457,3,0.560882,-1.29203,0.339,0
120,25,3,1,4,0,-13.7933,-14.2924,0,0.336792,-0.381606,0.339,0
120,26,2,2,0,-1,4.81368,-8.65563,1,-0.472861,-0.0441352,0.091,1
120,26,2,2,1,0,3.76449,-8.6734,4,-0.465425,0.246453,0.091,1
120,26,2,2,2,1,4.75289,-9.66213,3,-0.640682,0.0641132,0.091,1
120,26,2,2,3,1,4.69505,-7.74537,3,-0.144901,-0.0832284,0.091,1
120,27,3,3,0,-1,-18.0588,15.9601,1,-0.258312,0.0800936,0.341,0
120,27,3,3,1,0,-18.5282,16.8318,4,-0.287453,0.0699093,0.341,0
120,27,3,3,2,1,-19.1957,15.66,3,-0.247345,0.0518476,0.341,0
120,27,3,3,3,1,-17.2958,16.4253,3,-0.257366,0.160858,0.341,0
120,27,3,3,4,0,-17.6192,14.7691,0,-0.224772,0.085868,0.341,0
120,27,3,3,5,4,-17.5984,13.4892,0,-0.160918,0.0800266,0.341,0
120,27,3,3,6,5,-17.2782,12.2547,0,-0.110325,0.0866499,0.341,0
120,27,3,3,7,6,-17.7146,11.0577,0,-0.0432903,0.0554685,0.341,0
120,30,4,3,0,-1,3.0535,5.97806,1,-0.0432554,0.0474427,0.571,0
120,30,4,3,1,0,2.0214,5.5878,8,-0.0225609,0.0068239,0.571,0
120,30,4,3,2,1,1.06532,5.32983,12,-0.007994,-0.0207046,0.571,0
120,30,4,3,3,0,3.90031,5.27147,8,-0.0304845,0.0535591,0.571,0
120,30,4,3,4,3,4.59121,4.56356,12,-0.0345915,0.0397608,0.571,0
120,31,2,3,0,-1,7.82862,-17.583,1,-0.313634,-0.289616,0.09,1
120,31,2,3,1,0,6.74993,-17.6488,4,-0.453463,0.130667,0.09,1
120,31,2,3,2,1,7.77637,-18.6182,3,-0.712694,-0.0847662,0.09,1
120,31,2,3,3,1,7.63575,-16.6908,3,-0.117905,-0.255792,0.09,1
120,32,3,2,0,-1,-21.2796,11.9754,1,-0.458494,-0.0871234,0.341,1
120,32,3,2,1,0,-22.3107,12.1138,4,-0.441469,0.14874,0.341,1
120,32,3,2,2,1,-21.8827,10.8406,3,-0.856587,0.0119502,0.341,1
120,32,3,2,3,1,-21.2132,12.8084,3,-0.274225,-0.116002,0.341,1
120,32,3,2,4,0,-20.0656,11.6439,0,-0.507669,-0.264443,0.341,1
120,32,3,2,5,4,-19.1369,10.7484,0,-0.44247,-0.159306,0.341,1
120,32,3,2,6,5,-18.0639,10.0438,0,-0.334429,0.0886589,0.341,1
120,32,3,2,7,6,-17.4043,8.91859,0,-0.263548,0.149102,0.341,1
120,32,3,2,8,7,-16.3083,8.13918,0,-0.276527,0.149872,0.341,1
120,33,2,2,0,-1,1.38938,-15.056,1,-0.40055,-0.274407,0.092,1
120,33,2,2,1,0,0.578128,-14.4068,4,-0.115597,0.174799,0.092,1
120,33,2,2,2,1,0.358171,-15.836,3,-0.319962,0.391666,0.092,1
120,33,2,2,3,1,1.90122,-14.2586,3,-0.0683887,-0.340298,0.092,1
120,34,1,2,0,-1,-14.1941,-9.64384,1,0.0104896,0.0166033,0.698,0
120,34,1,2,1,0,-13.8947,-10.4046,8,0.0104207,0.023628,0.698,0
120,34,1,2,2,0,-13.627,-9.04821,8,0.0089632,0.0233341,0.698,0
120,34,1,2,3,0,-14.9903,-9.63854,8,0.0192716,0.0146609,0.698,0
120,35,2,4,0,-1,14.4015,-10.9345,1,0.269836,0.296654,0.091,1
120,35,2,4,1,0,14.4158,-9.88158,4,0.17988,0.301337,0.091,1
120,35,2,4,2,1,13.3543,-10.8276,3,0.294972,0.190863,0.091,1
120,35,2,4,3,1,15.2576,-10.8851,3,0.21526,0.33888,0.091,1
120,36,2,3,0,-1,-0.924387,-19.0585,1,-0.629035,0.584008,0.091,1
120,36,2,3,1,0,-1.5271,-18.1541,4,-0.371367,0.60494,0.091,1
120,36,2,3,2,1,-2.40126,-19.2689,3,0.127494,0.200158,0.091,1
120,36,2,3,3,1,-0.240871,-18.2377,3,-0.329904,0.596503,0.091,1
120,37,2,4,0,-1,9.59299,2.92291,1,-0.547055,-0.539012,0.093,0
120,37,2,4,1,0,8.86429,2.02289,4,-0.591324,-0.460615,0.093,0
120,37,2,4,2,1,10.3873,1.97869,3,-0.591827,-0.472529,0.093,0
120,38,1,2,0,-1,-10.7663,-9.21059,1,-0.0145612,-0.0867981,0.701,0
120,39,2,5,0,-1,13.862,-10.3501,1,0.220475,0.249208,0.09,0
120,39,2,5,1,0,12.9629,-9.81848,4,0.0416004,-0.0522008,0.09,0
120,40,2,3,0,-1,1.56757,-15.8072,1,0.167548,-0.17437,0.093,0
120,40,2,3,1,0,0.667102,-15.1574,4,0.487802,0.118906,0.093,0
120,40,2,3,2,1,0.852275,-16.5395,3,-0.776631,-0.129474,0.093,0
120,41,3,3,0,-1,-20.8343,11.3101,1,-0.582058,-0.172595,0.34,0
120,41,3,3,1,0,-21.8153,11.5385,4,-0.535279,0.058197,0.34,0
120,41,3,3,2,1,-21.18,10.3957,3,-0.846616,-0.0946078,0.34,0
120,42,2,4,0,-1,-0.159382,-15.8452,1,-0.662136,-0.474197,0.092,1
120,42,2,4,1,0,0.178516,-16.917,4,-0.5147,-0.444855,0.092,1
120,42,2,4,2,1,1.03618,-15.8562,3,-0.247153,-0.571793,0.092,1
120,42,2,4,3,1,-1.04838,-16.4229,3,-0.253964,-0.0653259,0.092,1
120,43,2,2,0,-1,1.8999,-11.901,1,0.468249,-0.914596,0.09,1
120,43,2,2,1,0,0.856181,-12.4933,4,0.152173,-0.0963353,0.09,1
120,43,2,2,2,1,2.13085,-13.0358,3,-0.304206,-0.928671,0.09,1
120,43,2,2,3,1,1.14538,-11.2546,3,0.815986,-0.373409,0.09,1
120,44,2,3,0,-1,6.37519,11.3062,1,-0.437049,-0.150709,0.092,1
120,44,2,3,1,0,5.63515,10.5659,4,-0.168319,-0.416151,0.092,1
120,44,2,3,2,1,7.06775,10.5967,3,-0.178863,0.0233249,0.092,1
120,44,2,3,3,1,5.64915,11.8758,3,-0.678284,-0.393299,0.092,1
120,45,2,4,0,-1,8.15066,-12.6356,1,0.0932729,-0.0845913,0.089,1
120,45,2,4,1,0,8.54956,-11.6663,4,-0.0743216,-0.0275178,0.089,1
120,45,2,4,2,1,8.98662,-12.9045,3,0.079611,0.0224747,0.089,1
120,46,2,5,0,-1,-0.888376,-15.4983,1,-0.306722,0.53151,0.093,0
120,46,2,5,1,0,-0.458753,-16.4693,4,-0.560978,0.245614,0.093,0
120,47,3,2,0,-1,-20.2965,8.42662,1,-0.199145,-0.132526,0.339,0
120,48,2,3,0,-1,6.70154,-11.0691,1,-0.33114,-0.170118,0.091,1
120,48,2,3,1,0,5.65671,-10.9483,4,-0.291442,0.194614,0.091,1
120,48,2,3,2,1,6.52163,-12.0448,3,-0.749414,-0.171086,0.091,1
120,48,2,3,3,1,6.72743,-10.1925,3,-0.0849958,-0.0896968,0.091,1
120,49,2,5,0,-1,7.54497,-13.1626,1,0.10432,-0.0824374,0.09,0
120,50,2,4,0,-1,6.35287,10.4982,1,-0.140837,-0.161058,0.092,0
120,51,2,4,0,-1,-0.864721,-20.078,1,-0.393908,-0.232648,0.092,1
120,51,2,4,1,0,-0.183836,-19.2678,4,-0.741632,0.161,0.092,1
120,51,2,4,2,1,-1.60813,-19.323,3,-0.705539,-0.234419,0.092,1
120,51,2,4,3,1,-0.143579,-20.5621,3,-0.507499,0.277472,0.092,1
120,52,2,4,0,-1,7.24454,-18.1013,1,-0.0851292,-0.35564,0.089,0
120,53,2,3,0,-1,1.17391,-12.0095,1,-0.0667079,0.270976,0.089,0
120,54,2,3,0,-1,12.9326,17.8676,1,0.138762,-0.382333,0.092,0
150,0,1,0,0,-1,-11.4586,-7.50323,1,0.0465722,0.00856379,0.7,1
150,0,1,0,1,0,-10.5922,-7.75517,8,0.0291584,-0.053861,0.7,1
150,0,1,0,2,0,-11.6366,-6.70079,8,0.128956,0.0199085,0.7,1
150,0,1,0,3,0,-11.9932,-7.96083,8,0.0280388,0.0448951,0.7,1
150,0,1,0,4,1,-9.85971,-7.93014,0,0.0314957,-0.081987,0.7,1
150,2,3,0,0,-1,-9.22179,-14.5765,1,-0.70146,0.83058,0.34,1
150,2,3,0,4,0,-9.68759,-15.7411,0,-0.279422,0.661024,0.34,1
150,2,3,0,5,4,-10.8443,-16.2973,0,-0.0577867,0.392695,0.34,1
150,2,3,0,6,5,-12.06,-16.7624,0,0.0504737,0.283537,0.34,1
150,2,3,0,7,6,-13.2814,-16.2593,0,-0.0493213,0.0218938,0.34,1
150,2,3,0,8,7,-14.6225,-16.0312,0,-0.126601,-0.393416,0.34,1
150,3,4,0,0,-1,-2.1443,0.715594,1,0.0410536,-0.193108,0.57,1
150,3,4,0,1,0,-3.22034,1.04874,8,-0.0981033,-0.639825,0.57,1
150,3,4,0,2,1,-4.15719,1.40971,3,-0.248723,-1.02871,0.57,1
150,3,4,0,3,0,-2.0625,-0.39717,8,0.503346,-0.159926,0.57,1
150,3,4,0,4,3,-2.0837,-1.3959,3,0.918207,-0.169449,0.57,1
150,3,4,0,5,0,-1.42432,1.58629,8,-0.320073,0.106561,0.57,1
150,3,4,0,6,5,-0.757357,2.33061,3,-0.628732,0.384107,0.57,1
150,4,1,1,0,-1,-14.7553,-9.12895,1,2.20535e-05,1.26086e-05,0.699,1
150,4,1,1,1,0,-15.5236,-8.8424,8,3.44055e-05,-3.70056e-05,0.699,1
150,4,1,1,2,0,-14.6581,-10.0464,8,-3.66409e-05,-5.52335e-06,0.699,1
150,4,1,1,3,0,-14.2778,-8.60803,8,2.51439e-05,7.57592e-06,0.699,1
150,4,1,1,4,1,-16.2263,-8.58031,0,8.79377e-06,-3.97727e-05,0.699,1
150,5,2,1,0,-1,-8.30762,-22.9251,1,-0.0393374,-0.0571322,0.091,1
150,5,2,1,1,0,-9.11633,-23.6529,4,-0.109596,0.0360797,0.091,1
150,5,2,1,2,1,-7.75117,-23.6259,3,-0.0966644,-0.0872197,0.091,1
150,5,2,1,3,1,-9.05807,-22.3591,3,-0.033346,0.0231774,0.091,1
150,9,4,2,0,-1,1.62424,6.48786,1,-0.0252946,0.0451449,0.572,1
150,9,4,2,1,0,1.07824,7.43198,8,-0.0698381,0.00810099,0.572,1
150,9,4,2,2,1,0.700445,8.33864,12,-0.155181,-0.0362317,0.572,1
150,9,4,2,3,0,0.971974,5.58368,8,-0.0317309,0.0360196,0.572,1
150,9,4,2,4,3,0.285691,4.869,12,0.00789397,-0.00844017,0.572,1
150,9,4,2,5,0,2.70386,6.63896,8,0.0170906,0.00370494,0.572,1
150,9,4,2,6,5,3.68532,6.70237,12,0.0502159,-0.150392,0.572,1
150,10,4,1,0,-1,-1.31739,0.788575,1,0.0113305,0.150419,0.569,0
150,10,4,1,1,0,-1.26598,-0.332826,8,0.477197,0.170965,0.569,0
150,10,4,1,2,1,-1.2498,-1.33797,3,0.89474,0.176961,0.569,0
150,10,4,1,3,0,-0.354808,1.3628,8,-0.226527,0.550706,0.569,0
150,10,4,1,4,3,0.545289,1.8084,3,-0.411001,0.924961,0.569,0
150,10,4,1,5,0,-2.22507,1.45545,8,-0.266318,-0.226129,0.569,0
150,15,4,3,0,-1,5.17609,3.16583,1,0.0308511,-0.0814485,0.573,1
150,15,4,3,1,0,5.90719,2.34614,8,0.0301733,-0.095522,0.573,1
150,15,4,3,2,1,6.48808,1.5477,12,0.0461403,-0.0861114,0.573,1
150,15,4,3,3,0,5.71543,4.12752,8,0.0186903,-0.0863095,0.573,1
150,15,4,3,4,3,6.36318,4.8785,12,-0.0220106,-0.0644095,0.573,1
150,15,4,3,5,0,4.12285,2.75752,8,0.00273562,-0.0248059,0.573,1
150,15,4,3,6,5,3.20995,2.3138,12,-0.0222578,0.007662,0.573,1
150,17,1,1,0,-1,-11.044,-8.17583,1,-0.0744963,0.0211459,0.7,1
150,17,1,1,1,0,-10.3096,-8.55785,8,-0.0874725,0.0728243,0.7,1
150,17,1,1,2,0,-10.9417,-7.27269,8,0.0120287,-0.00752531,0.7,1
150,17,1,1,3,0,-11.6158,-8.61753,8,-0.0901139,0.0415461,0.7,1
150,17,1,1,4,1,-9.61669,-8.86199,0,-0.0398572,0.248398,0.7,1
150,20,2,2,0,-1,10.2439,13.6865,1,0.461373,0.301165,0.091,1
150,20,2,2,1,0,11.0724,13.0742,4,0.234706,-0.0562882,0.091,1
150,20,2,2,2,1,10.6484,14.4162,3,0.778893,0.10368,0.091,1
150,20,2,2,3,1,9.75239,13.0237,3,0.240548,0.321762,0.091,1
150,22,4,4,0,-1,4.27358,3.53527,1,0.0802407,0.0425641,0.574,1
150,22,4,4,1,0,3.13794,3.66845,8,0.0661758,0.0422797,0.574,1
150,22,4,4,2,1,2.1731,3.88875,12,0.0663968,0.0464449,0.574,1
150,22,4,4,3,0,4.79068,2.52456,8,0.00790198,0.0107752,0.574,1
150,22,4,4,4,3,5.15308,1.60726,12,-0.0708106,-0.0144286,0.574,1
150,22,4,4,5,0,4.94827,4.45195,8,0.0939761,0.0462721,0.574,1
150,22,4,4,6,5,5.63475,5.18612,12,0.0636394,0.097484,0.574,1
150,25,3,1,0,-1,-10.0417,-14.636,1,-0.644529,0.473681,0.339,0
150,25,3,1,1,0,-11.0449,-14.2816,4,-0.636342,0.316756,0.339,0
150,25,3,1,2,1,-10.6757,-15.5023,3,-0.963845,0.154133,0.339,0
150,25,3,1,3,1,-9.92618,-13.6392,3,-0.603197,0.270089,0.339,0
150,25,3,1,4,0,-8.915,-15.2618,0,-0.405358,0.965547,0.339,0
150,26,2,2,0,-1,2.41349,-1.821,1,0.287949,0.381367,0.091,1
150,26,2,2,1,0,2.67003,-0.800651,4,-0.107979,0.486825,0.091,1
150,26,2,2,2,1,1.45666,-1.5071,3,0.195551,-0.0395185,0.091,1
150,26,2,2,3,1,3.32994,-1.92674,3,0.357119,0.751978,0.091,1
150,30,4,3,0,-1,1.77729,5.70377,1,-0.0707124,0.0405629,0.571,0
150,30,4,3,1,0,1.48286,4.64753,8,-0.0561829,0.048722,0.571,0
150,30,4,3,2,1,1.11418,3.73237,12,0.0124706,0.0284621,0.571,0
150,30,4,3,3,0,2.88933,5.85588,8,-0.0799823,0.00584893,0.571,0
150,30,4,3,4,3,3.88994,5.87429,12,-0.0877209,-0.0244016,0.571,0
150,30,4,3,5,0,0.884313,6.39028,8,-0.0667223,0.0327406,0.571,0
150,31,2,3,0,-1,-1.80175,-15.9367,1,0.432679,-0.00619592,0.09,1
150,31,2,3,1,0,-0.754454,-15.7195,4,0.456373,-0.254321,0.09,1
150,31,2,3,2,1,-1.81546,-14.8271,3,0.505886,-0.169232,0.09,1
150,31,2,3,3,1,-1.43635,-16.8305,3,0.239037,-0.141276,0.09,1
150,34,1,2,0,-1,-14.1913,-9.64566,1,-2.61821e-05,-5.67471e-06,0.698,0
150,34,1,2,1,0,-13.9112,-10.4175,8,-1.4193e-05,-6.59297e-06,0.698,0
150,34,1,2,2,0,-13.6193,-9.05554,8,1.61088e-05,3.25566e-05,0.698,0
150,34,1,2,3,0,-14.9813,-9.61895,8,-2.94907e-05,4.15161e-05,0.698,0
150,35,2,4,0,-1,10.4729,-0.368219,1,-0.562912,-0.0131473,0.091,1
150,35,2,4,1,0,9.66637,0.324218,4,-0.179492,0.43294,0.091,1
150,35,2,4,2,1,9.49971,-1.09708,3,-1.00875,0.517991,0.091,1
150,35,2,4,3,1,10.9817,0.427795,3,-0.116708,-0.281337,0.091,1
150,36,2,3,0,-1,-6.3281,-18.1268,1,-0.0744391,0.392909,0.091,1
150,36,2,3,1,0,-5.67982,-17.2604,4,0.321259,0.130744,0.091,1
150,36,2,3,2,1,-7.03305,-17.09,3,0.364593,0.654669,0.091,1
150,36,2,3,3,1,-5.49834,-18.5532,3,-0.0871891,0.0964059,0.091,1
150,38,1,2,0,-1,-10.9577,-9.00496,1,-0.11042,0.0166047,0.701,0
150,38,1,2,1,0,-11.6104,-9.49395,8,-0.142203,0.0211291,0.701,0
150,38,1,2,2,0,-10.2387,-9.38453,8,-0.0701365,0.0488348,0.701,0
150,39,2,5,0,-1,6.16779,-2.535,1,-0.527167,-0.00431038,0.09,1
150,39,2,5,1,0,5.14347,-2.78163,4,-0.544129,0.002326,0.09,1
150,39,2,5,2,1,6.3512,-3.48658,3,-0.579995,-0.0265789,0.09,1
150,39,2,5,3,1,5.89656,-1.72375,3,-0.559184,0.0220455,0.09,1
150,42,2,4,0,-1,-10.6949,-11.0084,1,-0.390302,0.042919,0.092,1
150,42,2,4,1,0,-11.1752,-11.9342,4,-0.319179,0.0550065,0.092,1
150,42,2,4,2,1,-9.85911,-11.4385,3,-0.214583,-0.128371,0.092,1
150,42,2,4,3,1,-11.5299,-10.6686,3,-0.352539,0.102099,0.092,1
150,43,2,2,0,-1,-1.28847,-12.8339,1,0.312529,0.194415,0.09,1
150,43,2,2,1,0,-0.243899,-12.8223,4,0.270958,0.245199,0.09,1
150,43,2,2,3,1,-1.34674,-13.608,3,0.370416,0.0830779,0.09,1
150,44,2,3,0,-1,-4.09529,8.60579,1,-0.556439,-0.0551323,0.092,1
150,44,2,3,1,0,-5.0072,9.14952,4,-0.348101,0.270976,0.092,1
150,44,2,3,2,1,-4.85165,7.72844,3,-0.683878,0.261857,0.092,1
150,44,2,3,3,1,-3.7371,9.48551,3,-0.196547,-0.216158,0.092,1
150,46,2,5,0,-1,-9.06693,-12.1221,1,0.243225,-0.170014,0.093,1
150,46,2,5,1,0,-9.09401,-11.0663,4,-0.127069,-0.185011,0.093,1
150,46,2,5,2,1,-10.131,-12.0361,3,0.204477,-0.522797,0.093,1
150,46,2,5,3,1,-8.02029,-11.8409,3,-0.0905357,-0.0944153,0.093,1
150,50,2,4,0,-1,-4.86444,8.42826,1,-0.629505,0.213073,0.092,0
150,52,2,4,0,-1,-3.67766,-14.8818,1,0.411738,0.052087,0.089,1
150,52,2,4,1,0,-2.88869,-15.5746,4,0.0832497,-0.351949,0.089,1
150,52,2,4,2,1,-2.97579,-14.1782,3,0.742708,-0.282987,0.089,1
150,52,2,4,3,1,-4.2054,-15.5886,3,0.115245,0.212712,0.089,1
150,53,2,3,0,-1,-0.65963,-13.3507,1,0.300072,0.183173,0.089,0
150,53,2,3,1,0,-0.678575,-12.278,4,0.225831,0.207321,0.089,0
150,54,2,3,0,-1,13.0961,17.8259,1,0.451854,0.216993,0.092,1
150,54,2,3,1,0,13.9332,17.1756,4,0.286593,-0.00282731,0.092,1
150,54,2,3,2,1,13.8322,18.5694,3,0.597873,0.00903273,0.092,1
150,54,2,3,3,1,12.6477,16.9905,3,0.245145,0.327004,0.092,1
150,56,2,3,0,-1,1.81222,-2.35633,1,0.0523732,0.634825,0.091,0
150,58,4,5,0,-1,3.38017,2.98394,1,0.017635,-0.0140994,0.574,1
150,58,4,5,1,0,2.28869,2.80877,8,0.0185024,0.0142484,0.574,1
150,58,4,5,2,1,1.30147,2.72788,12,0.0163147,0.0802104,0.574,1
150,58,4,5,3,0,3.99012,2.0417,8,0.00120535,-0.0261752,0.574,1
150,58,4,5,4,3,4.44885,1.16868,12,-0.00588968,-0.0351786,0.574,1
150,58,4,5,5,0,3.73372,4.04613,8,0.00508441,-0.0160353,0.574,1
150,58,4,5,6,5,4.12232,4.93877,12,-0.0578774,0.00523631,0.574,1
150,60,2,5,0,-1,15.2089,-7.28423,1,0.0672864,-0.0816649,0.092,1
150,60,2,5,1,0,16.2405,-7.44588,4,0.0775053,-0.0193889,0.092,1
150,60,2,5,2,1,15.3557,-6.3631,0,-0.00470025,-0.0882045,0.092,1
150,60,2,5,3,1,15.1148,-8.12176,3,0.0846259,-0.0247413,0.092,1
150,61,2,3,0,-1,10.8473,8.33497,1,-0.092874,0.364072,0.09,1
150,61,2,3,1,0,10.7841,9.40131,4,0.189955,0.409659,0.09,1
150,61,2,3,2,1,9.83823,8.39817,3,0.000275417,0.599024,0.09,1
150,61,2,3,3,1,11.7326,8.49955,3,-0.0627549,0.152314,0.09,1
150,62,2,4,0,-1,-6.16746,-18.9459,1,-0.4294,0.273611,0.09,0
150,62,2,4,1,0,-6.13785,-20.0034,4,-0.622384,0.187261,0.09,0
150,62,2,4,2,1,-4.99364,-19.1761,3,-0.413921,-0.150673,0.09,0
150,64,2,6,0,-1,7.89112,-8.76744,1,-0.045315,-0.370622,0.089,1
150,64,2,6,1,0,8.85328,-9.12987,4,0.025487,-0.180988,0.089,1
150,64,2,6,2,1,8.23428,-7.88099,3,-0.147697,-0.284654,0.089,1
150,64,2,6,3,1,7.54845,-9.49316,3,0.0721905,-0.406392,0.089,1
150,65,2,5,0,-1,-5.01551,-16.9199,1,0.587258,0.102615,0.09,1
150,65,2,5,1,0,-4.01938,-17.1944,4,0.583646,-0.185841,0.09,1
150,65,2,5,2,1,-4.90537,-16.1302,3,0.696897,-0.123569,0.09,1
150,65,2,5,3,1,-5.19371,-17.7902,3,0.535043,-0.0132696,0.09,1
150,66,2,4,0,-1,17.335,9.95021,1,-0.427456,0.105775,0.092,1
150,66,2,4,1,0,16.3901,10.4145,4,-0.583909,-0.210509,0.092,1
150,66,2,4,2,1,16.8712,9.10055,3,-0.218483,-0.0809524,0.092,1
150,66,2,4,3,1,17.6434,10.7534,3,-0.710311,0.316927,0.092,1
150,68,2,6,0,-1,11.7899,-4.22469,1,-0.711867,-0.0838393,0.092,1
150,68,2,6,1,0,11.8934,-5.27454,4,0.114619,-0.00233898,0.092,1
150,68,2,6,2,1,12.9488,-4.32094,0,-0.630568,0.818611,0.092,1
150,68,2,6,3,1,10.7745,-4.54001,3,-0.43118,-0.873446,0.092,1
150,69,2,4,0,-1,10.7253,7.51517,1,0.791577,0.049816,0.09,0
150,69,2,4,1,0,10.1752,6.60732,4,0.200755,0.408601,0.09,0
150,69,2,4,2,1,9.48448,5.38861,3,1.25912,-0.253104,0.09,0
150,70,7,2,0,-1,-7.4979,-22.7058,1,-0.0483653,-0.0250244,0.116,0
150,70,7,2,1,0,-6.9845,-23.6372,4,-0.0746486,-0.0516724,0.116,0
150,70,7,2,2,1,-6.37305,-22.3914,3,-0.072969,-0.0293879,0.116,0
150,71,2,7,0,-1,8.24116,-9.51447,1,0.151861,-0.280606,0.09,0
150,71,2,7,1,0,7.56653,-10.3223,4,0.433627,-0.486515,0.09,0
150,73,2,5,0,-1,9.68937,-0.429464,1,-0.604645,0.438607,0.091,0
150,74,4,4,0,-1,4.92021,3.90865,1,0.175788,-0.0157646,0.574,0
150,74,4,4,1,0,4.90167,5.06221,8,0.0166684,0.00179164,0.574,0
150,74,4,4,2,1,5.03875,6.03867,12,-0.100036,0.0291169,0.574,0
150,75,2,3,0,-1,11.044,13.8904,1,0.588894,-0.135958,0.09,0
150,75,2,3,1,0,11.1728,14.9592,4,0.964747,-0.193439,0.09,0
150,76,2,6,0,-1,-9.44865,-12.8461,1,-0.376337,0.134753,0.092,0
150,77,2,4,0,-1,-2.18124,-16.6544,1,0.182552,0.153573,0.089,0
150,77,2,4,1,0,-3.22002,-16.5769,4,0.0983907,-0.559935,0.089,0
150,78,2,6,0,-1,6.85807,-2.12326,1,-0.493181,-0.0441022,0.091,0
180,0,1,0,0,-1,-11.2242,-6.38137,1,-0.00527288,0.00387362,0.7,1
180,0,1,0,1,0,-10.3229,-6.29143,8,-0.00446574,0.00432115,0.7,1
180,0,1,0,2,0,-11.7017,-5.71306,8,-0.00485271,0.00590043,0.7,1
180,0,1,0,3,0,-11.5675,-6.99604,8,-0.00263927,0.0018195,0.7,1
180,0,1,0,4,1,-9.57908,-6.18114,0,-0.00288085,-0.00172484,0.7,1
180,4,1,1,0,-1,-17.173,-7.57132,1,-0.000487912,0.000180286,0.699,1
180,4,1,1,1,0,-17.7197,-6.96012,8,-0.000320003,0.000347129,0.699,1
180,4,1,1,2,0,-17.5136,-8.42871,8,-0.000430214,8.90533e-05,0.699,1
180,4,1,1,3,0,-16.5081,-7.33239,8,-0.000470063,1.65447e-05,0.699,1
180,4,1,1,4,1,-18.2196,-6.40098,0,-0.000137273,0.000620087,0.699,1
180,9,4,2,0,-1,1.49114,6.99756,1,-0.0668681,0.186615,0.572,1
180,9,4,2,1,0,1.0369,7.98196,8,0.102442,0.257011,0.572,1
180,9,4,2,2,1,0.635078,8.8733,12,0.270179,0.33979,0.572,1
180,9,4,2,3,0,0.641712,6.25465,8,-0.119149,0.28858,0.572,1
180,9,4,2,4,3,-0.171926,5.69446,12,-0.112462,0.350309,0.572,1
180,9,4,2,5,0,2.60386,6.92654,8,-0.0759605,0.0546638,0.572,1
180,9,4,2,6,5,3.5884,6.78185,12,-0.093334,-0.0678982,0.572,1
180,15,4,3,0,-1,5.71458,3.22377,1,-0.0118376,-0.00323531,0.573,1
180,15,4,3,1,0,6.52129,2.47605,8,-0.0585772,-0.050863,0.573,1
180,15,4,3,2,1,7.18753,1.74659,12,-0.118402,-0.103428,0.573,1
180,15,4,3,3,0,6.19264,4.20374,8,0.0532666,-0.0185875,0.573,1
180,15,4,3,4,3,6.79784,4.97005,12,0.103626,-0.0402346,0.573,1
180,15,4,3,5,0,4.68197,2.69526,8,-0.029901,0.00681251,0.573,1
180,15,4,3,6,5,3.6763,2.32542,12,-0.0306391,-0.0424088,0.573,1
180,17,1,1,0,-1,-10.5609,-6.86466,1,0.00237223,0.00705261,0.7,1
180,17,1,1,1,0,-9.67974,-6.98153,8,0.00586751,-0.00419424,0.7,1
180,17,1,1,2,0,-10.8124,-5.99529,8,-0.00854243,0.00243094,0.7,1
180,17,1,1,3,0,-10.9747,-7.42249,8,0.0093211,0.00895222,0.7,1
180,17,1,1,4,1,-8.93415,-7.0712,0,0.0022868,-0.0255085,0.7,1
180,20,2,2,0,-1,14.8857,16.4096,1,0.323345,-0.214227,0.091,1
180,20,2,2,1,0,14.899,15.3592,4,-0.0294086,-0.215302,0.091,1
180,20,2,2,2,1,15.8788,16.3501,3,0.264945,-0.501342,0.091,1
180,20,2,2,3,1,14.0117,16.3282,3,0.377199,0.153306,0.091,1
180,22,4,4,0,-1,4.78358,4.48738,1,-0.00324856,-0.0178877,0.574,1
180,22,4,4,1,0,3.7067,4.95034,8,-0.0133829,0.00707171,0.574,1
180,22,4,4,2,1,2.82116,5.38242,12,-0.0482452,0.00914032,0.574,1
180,22,4,4,3,0,5.10314,3.42271,8,-0.00255371,-0.0168972,0.574,1
180,22,4,4,4,3,5.43486,2.49668,12,0.00946446,0.000754052,0.574,1
180,22,4,4,5,0,5.75324,5.13803,8,0.01604,-0.0526889,0.574,1
180,22,4,4,6,5,6.5762,5.7056,12,0.0109914,-0.0498774,0.574,1
180,26,2,2,0,-1,5.77586,-2.65275,1,0.394212,0.312677,0.091,1
180,26,2,2,1,0,6.82781,-2.63119,4,0.395918,-0.153188,0.091,1
180,26,2,2,2,1,5.92201,-1.56776,3,0.885086,0.2902,0.091,1
180,26,2,2,3,1,5.87231,-3.54313,3,0.0530393,0.202637,0.091,1
180,30,4,3,0,-1,1.33002,6.24082,1,-0.129749,0.162938,0.571,0
180,30,4,3,1,0,0.654828,5.38723,8,-0.136695,0.107477,0.571,0
180,30,4,3,2,1,-0.0809142,4.74105,12,-0.0971835,-0.00673706,0.571,0
180,30,4,3,3,0,2.42405,6.10403,8,-0.0956923,0.0806662,0.571,0
180,30,4,3,4,3,3.39995,5.8955,12,-0.0715184,0.0156157,0.571,0
180,30,4,3,5,0,0.742482,7.1942,8,-0.116126,0.201816,0.571,0
180,31,2,3,0,-1,8.34386,-9.78277,1,0.459962,0.403699,0.09,1
180,31,2,3,1,0,8.22355,-8.71822,4,0.337726,0.372991,0.09,1
180,31,2,3,2,1,7.07502,-9.55527,3,0.20061,0.524792,0.09,1
180,31,2,3,3,1,9.23603,-9.52845,3,0.28415,0.327273,0.09,1
180,34,1,2,0,-1,-16.9138,-8.29095,1,-0.000351208,0.000254912,0.698,0
180,34,1,2,1,0,-17.0247,-9.10455,8,-0.000466772,0.000245434,0.698,0
180,34,1,2,2,0,-16.1329,-8.03456,8,-0.000375551,0.000130286,0.698,0
180,34,1,2,3,0,-17.6008,-7.90006,8,-0.000373625,0.000210476,0.698,0
180,38,1,2,0,-1,-10.2906,-7.75912,1,0.0387418,0.0274754,0.701,0
180,38,1,2,1,0,-11.0303,-8.14957,8,0.0500255,0.0122379,0.701,0
180,38,1,2,2,0,-9.59863,-8.20027,8,0.0413634,0.026089,0.701,0
180,38,1,2,3,0,-10.2207,-7.13856,8,0.0139634,0.0389456,0.701,0
180,39,2,5,0,-1,0.697228,-5.06896,1,0.298259,0.471787,0.09,1
180,39,2,5,1,0,0.756538,-4.01609,4,-0.199744,0.501685,0.09,1
180,39,2,5,2,1,-0.33937,-4.89461,3,0.186395,0.0128013,0.09,1
180,39,2,5,3,1,1.6322,-4.98827,3,0.284376,0.925422,0.09,1
180,42,2,4,0,-1,-14.7787,-11.6997,1,-0.380389,0.311781,0.092,1
180,42,2,4,1,0,-15.7902,-11.4216,4,-0.388117,0.297936,0.092,1
180,42,2,4,2,1,-15.1101,-12.6344,3,-0.296668,0.358011,0.092,1
180,42,2,4,3,1,-14.5996,-10.8697,3,-0.373642,0.253261,0.092,1
180,43,2,2,0,-1,-2.29934,-9.17205,1,-0.0226771,-0.020585,0.09,1
180,43,2,2,1,0,-2.24359,-10.2159,4,0.00570716,-0.00917619,0.09,1
180,43,2,2,3,1,-3.26848,-9.32979,3,-0.0253594,-0.0364844,0.09,1
180,44,2,3,0,-1,-14.7269,9.06478,1,0.0467069,-0.467324,0.092,1
180,44,2,3,1,0,-14.122,8.16199,4,0.351396,-0.0669743,0.092,1
180,44,2,3,2,1,-13.6597,9.47997,3,-0.17339,0.14035,0.092,1
180,44,2,3,3,1,-15.3923,8.46488,3,0.14747,-0.576971,0.092,1
180,46,2,5,0,-1,-11.3867,-11.9938,1,0.207518,0.189276,0.093,1
180,46,2,5,1,0,-10.3548,-12.2368,4,0.204162,0.253586,0.093,1
180,46,2,5,2,1,-10.8613,-10.9052,3,-0.0748522,0.177923,0.093,1
180,46,2,5,3,1,-11.4587,-12.9322,3,0.333465,0.0257393,0.093,1
180,50,2,4,0,-1,-8.93553,7.7389,1,0.702679,0.018098,0.092,1
180,50,2,4,1,0,-8.17061,6.98939,4,0.328219,-0.505977,0.092,1
180,50,2,4,2,1,-7.93531,8.39387,3,1.02322,-0.676244,0.092,1
180,50,2,4,3,1,-9.48039,7.00741,3,0.37273,0.0962495,0.092,1
180,52,2,4,0,-1,-3.49533,-14.7886,1,0.381798,0.333468,0.089,1
180,52,2,4,1,0,-2.59116,-14.2106,4,0.271447,0.544052,0.089,1
180,52,2,4,2,1,-3.90386,-13.745,3,0.242438,0.556798,0.089,1
180,52,2,4,3,1,-2.65995,-15.5167,3,0.700548,0.503791,0.089,1
180,53,2,3,0,-1,-2.80752,-9.77813,1,-0.0161067,-0.0303566,0.089,0
180,53,2,3,1,0,-2.94894,-8.71365,4,-0.00295799,-0.0333192,0.089,0
180,53,2,3,2,1,-3.80933,-9.84682,3,0.0240451,-0.0558939,0.089,0
180,54,2,3,0,-1,14.8682,14.3843,1,0.0635842,-0.379184,0.092,1
180,54,2,3,1,0,14.9079,13.3379,4,0.0837272,-0.377891,0.092,1
180,54,2,3,2,1,15.8281,14.3947,3,0.146771,-0.437018,0.092,1
180,54,2,3,3,1,14.0069,14.28,3,0.118651,-0.348178,0.092,1
180,56,2,3,0,-1,-0.169908,3.13219,1,-0.415483,0.0865882,0.091,1
180,56,2,3,1,0,-1.19642,2.9263,4,-0.311741,-0.341557,0.091,1
180,56,2,3,2,1,0.0805428,2.2927,3,-0.133706,-0.0214961,0.091,1
180,56,2,3,3,1,-0.430264,3.98094,3,-0.970892,0.160891,0.091,1
180,58,4,5,0,-1,4.00916,2.80462,1,-0.020305,0.0226276,0.574,1
180,58,4,5,1,0,2.91646,2.47603,8,-0.0228643,-2.34789e-05,0.574,1
180,58,4,5,2,1,1.9505,2.24942,12,-0.0221978,-0.0231868,0.574,1
180,58,4,5,3,0,4.66605,1.91424,8,0.0935084,0.0774334,0.574,1
180,58,4,5,4,3,5.16094,1.04797,12,0.217307,0.125963,0.574,1
180,58,4,5,5,0,4.20314,3.92385,8,-0.0214591,0.00474618,0.574,1
180,58,4,5,6,5,4.40283,4.95604,12,-0.000278399,-0.00722452,0.574,1
180,60,2,5,0,-1,15.4012,-7.50073,1,0.0806508,0.00645076,0.092,1
180,60,2,5,1,0,16.4535,-7.43802,4,0.101788,0.131991,0.092,1
180,60,2,5,2,1,15.3933,-6.52683,0,-0.0162663,-0.0109529,0.092,1
180,60,2,5,3,1,15.5112,-8.31848,3,0.19102,0.0847806,0.092,1
180,61,2,3,0,-1,9.28064,9.69398,1,0.117942,-0.587646,0.09,1
180,61,2,3,1,0,10.02,9.00226,4,0.446464,-0.245943,0.09,1
180,61,2,3,2,1,9.93321,10.4079,3,-0.100019,-0.314178,0.09,1
180,61,2,3,3,1,8.73587,9.26954,3,0.534957,-0.125269,0.09,1
180,64,2,6,0,-1,14.8107,-9.75453,1,-0.369278,0.670515,0.089,1
180,64,2,6,1,0,13.8001,-9.45086,4,-0.561743,0.074933,0.089,1
180,64,2,6,2,1,14.3897,-10.7308,3,0.210749,0.426403,0.089,1
180,64,2,6,3,1,14.9537,-8.85223,3,-0.869549,0.579594,0.089,1
180,65,2,5,0,-1,-7.2892,-18.7676,1,0.309832,0.366805,0.09,1
180,65,2,5,1,0,-6.44969,-18.1332,4,0.394219,0.255913,0.09,1
180,65,2,5,2,1,-7.82574,-17.9147,3,0.419871,0.452675,0.09,1
180,65,2,5,3,1,-6.68461,-19.4205,3,0.224702,0.291344,0.09,1
180,66,2,4,0,-1,10.5308,12.457,1,0.0735083,-0.327718,0.092,1
180,66,2,4,1,0,11.1452,11.6097,4,0.179489,-0.257695,0.092,1
180,66,2,4,2,1,11.2979,12.9985,3,0.200386,-0.254448,0.092,1
180,66,2,4,3,1,9.86936,11.9002,3,0.140172,-0.415673,0.092,1
180,68,2,6,0,-1,10.5801,-4.95613,1,1.79797e-05,-2.37128e-05,0.092,1
180,68,2,6,1,0,11.027,-4.01147,4,-5.34762e-05,-1.644e-06,0.092,1
180,68,2,6,2,1,9.7201,-4.5116,0,-5.30058e-05,1.72889e-05,0.092,1
180,68,2,6,3,1,11.3536,-5.28272,3,4.35192e-05,4.2444e-06,0.092,1
180,69,2,4,0,-1,7.82389,9.80756,1,0.179698,-0.693948,0.09,1
180,69,2,4,1,0,8.10091,8.74203,4,-0.0563119,-0.88821,0.09,1
180,69,2,4,2,1,8.64043,10.1031,3,-0.24266,-0.671493,0.09,1
180,69,2,4,3,1,7.0074,9.45423,3,0.216005,-0.31356,0.09,1
180,71,2,7,0,-1,13.5859,-6.69373,1,-0.19604,0.630378,0.09,1
180,71,2,7,1,0,12.5276,-6.69452,4,-0.210148,0.195818,0.09,1
180,71,2,7,2,1,13.3975,-7.78358,3,0.29915,0.63535,0.09,1
180,71,2,7,3,1,13.4492,-5.75843,3,-0.523037,0.465167,0.09,1
180,74,4,4,0,-1,5.39465,4.02563,1,0.0266359,0.00372799,0.574,0
180,74,4,4,1,0,5.14745,5.13445,8,0.026028,0.00250171,0.574,0
180,74,4,4,2,1,5.05849,6.12031,12,0.0452205,0.0059642,0.574,0
180,74,4,4,3,0,4.48186,3.37254,8,0.0173603,0.0198453,0.574,0
180,75,2,3,0,-1,11.9112,9.38239,1,0.626148,-0.700462,0.09,1
180,75,2,3,1,0,11.8784,8.31011,4,0.018844,-0.708842,0.09,1
180,75,2,3,2,1,13.0385,9.0778,3,0.328112,-1.2176,0.09,1
180,75,2,3,3,1,10.8957,9.18006,3,0.467582,-0.215102,0.09,1
180,76,2,6,0,-1,-7.99906,-14.3941,1,0.0300918,0.0104135,0.092,1
180,76,2,6,1,0,-7.22557,-15.0969,4,0.0158508,-0.0050941,0.092,1
180,76,2,6,2,1,-7.3185,-13.7005,3,0.0374466,-0.00389519,0.092,1
180,77,2,4,0,-1,-1.2166,-12.2368,1,-0.698439,-0.0238685,0.089,1
180,77,2,4,1,0,-2.26618,-12.2453,4,-0.682726,-0.215228,0.089,1
180,77,2,4,2,1,-1.29975,-13.2473,3,-0.538648,-0.0146085,0.089,1
180,77,2,4,3,1,-1.29199,-11.3627,3,-0.728206,-0.134095,0.089,1
180,78,2,6,0,-1,7.30853,-3.96522,1,0.237338,-0.206877,0.091,1
180,78,2,6,1,0,8.03505,-3.21384,4,0.0564038,-0.00459013,0.091,1
180,78,2,6,2,1,6.66631,-3.44245,3,0.122655,-0.236093,0.091,1
180,79,2,4,0,-1,13.7449,11.9066,1,0.255257,-0.441249,0.092,1
180,79,2,4,1,0,14.2703,10.9974,4,0.0840198,-0.549651,0.092,1
180,79,2,4,2,1,14.6635,12.3441,3,0.320513,-0.628154,0.092,1
180,79,2,4,3,1,13.0245,11.3851,3,0.193894,-0.276892,0.092,1
180,81,2,5,0,-1,-7.81015,-10.6827,1,0.569928,-0.0742581,0.093,1
180,81,2,5,1,0,-7.07393,-11.4286,4,0.481374,-0.149878,0.093,1
180,81,2,5,2,1,-7.09529,-10.0297,3,0.559472,-0.145116,0.093,1
180,81,2,5,3,1,-8.37983,-11.361,3,0.503097,0.110705,0.093,1
180,82,2,5,0,-1,0.669539,-18.0105,1,-0.00523423,0.000162444,0.09,1
180,82,2,5,1,0,-0.145084,-18.665,4,-0.00340809,-0.00172805,0.09,1
180,82,2,5,2,1,0.116453,-17.3789,3,-0.000792296,-0.00233789,0.09,1
180,84,2,5,0,-1,-16.0281,8.2287,1,0.107938,-0.112797,0.092,1
180,84,2,5,1,0,-14.9835,7.94838,4,0.175644,-0.555759,0.092,1
180,84,2,5,2,1,-15.4869,9.27782,3,0.946185,-0.36018,0.092,1
180,84,2,5,3,1,-16.1297,7.29378,3,-0.117414,0.0358875,0.092,1
180,85,4,5,0,-1,3.95667,4.38097,1,-0.00124391,-0.0145984,0.575,0
180,85,4,5,1,0,2.9596,3.91718,8,-0.00250758,-0.0111462,0.575,0
180,86,2,5,0,-1,-4.25379,-14.4493,1,0.03065,-0.231823,0.09,0
180,86,2,5,1,0,-5.01316,-13.6842,4,0.42607,0.289737,0.09,0
180,86,2,5,2,1,-5.45845,-15.0123,3,0.433464,0.315065,0.09,0
180,88,2,4,0,-1,7.72837,-9.32614,1,0.362456,0.306672,0.091,0
180,88,2,4,1,0,7.5797,-8.29685,4,0.187218,0.327718,0.091,0
180,89,2,4,0,-1,-5.77461,13.7673,1,0.0609288,-0.0411984,0.093,1
180,89,2,4,1,0,-6.76176,14.1099,4,0.0872269,0.0328227,0.093,1
180,89,2,4,2,1,-6.13355,12.8585,3,-0.0676781,-0.048541,0.093,1
180,89,2,4,3,1,-5.53274,14.5713,3,0.124428,-0.0655879,0.093,1
180,90,4,6,0,-1,4.06138,1.99104,1,0.0910797,0.0516356,0.575,0
180,90,4,6,1,0,5.21447,1.83025,8,0.0934153,0.0906671,0.575,0
180,90,4,6,2,1,6.18015,1.63102,12,0.0862008,0.0447521,0.575,0
180,90,4,6,3,0,3.4589,3.01677,8,-0.0150085,-0.0108733,0.575,0
180,91,2,4,0,-1,9.22879,8.86139,1,0.130938,-0.69937,0.09,0
180,91,2,4,1,0,8.16947,9.13544,4,0.0198748,-0.0962083,0.09,0
180,92,2,6,0,-1,-10.7522,-11.5237,1,0.241406,0.224663,0.093,0
180,92,2,6,1,0,-9.75126,-11.1683,4,0.443493,-0.276149,0.093,0
180,92,2,6,2,1,-10.7326,-10.1411,3,1.02626,0.230445,0.093,0
180,94,2,4,0,-1,-0.666253,2.48565,1,-0.0984549,-0.196992,0.092,0
180,97,2,7,0,-1,15.576,-12.2691,1,0.0782378,-0.603908,0.088,1
180,97,2,7,1,0,14.9793,-13.1456,4,-0.645988,-0.115443,0.088,1
180,97,2,7,2,1,16.361,-12.9738,3,-0.530629,-1.01728,0.088,1
180,97,2,7,3,1,14.7578,-11.8403,3,0.382256,0.0627097,0.088,1
180,98,2,4,0,-1,-14.8425,9.88859,1,0.504187,-0.516693,0.093,0
180,98,2,4,1,0,-15.7831,10.3492,4,0.499871,-0.437516,0.093,0
180,99,2,5,0,-1,-8.14452,7.64613,1,0.572016,-0.455249,0.093,0
180,99,2,5,1,0,-7.13429,7.91002,4,0.574469,-0.54236,0.093,0
180,100,2,5,0,-1,9.89254,12.938,1,0.106278,-0.266194,0.091,0
180,100,2,5,1,0,9.085,13.6012,4,0.107426,-0.267021,0.091,0
210,0,1,0,0,-1,-11.2098,-6.37213,1,-4.1088e-05,1.67335e-05,0.7,1
210,0,1,0,1,0,-10.3097,-6.27062,8,-2.06812e-05,-6.99032e-06,0.7,1
210,0,1,0,2,0,-11.6968,-5.71256,8,5.33361e-05,2.36822e-05,0.7,1
210,0,1,0,3,0,-11.5426,-6.99269,8,-1.72498e-05,2.42357e-05,0.7,1
210,0,1,0,4,1,-9.56599,-6.16169,0,5.45571e-05,-2.00256e-05,0.7,1
210,15,4,3,0,-1,5.81434,2.97104,1,0.00023929,-6.11153e-05,0.573,1
210,15,4,3,1,0,6.65804,2.26525,8,0.00037671,2.36442e-05,0.573,1
210,15,4,3,3,0,6.0567,4.03822,8,0.000234279,-0.000130932,0.573,1
210,15,4,3,4,3,6.39769,4.95979,12,0.000226963,-0.000170832,0.573,1
210,15,4,3,5,0,4.76523,2.52619,8,0.000188703,1.62002e-05,0.573,1
210,15,4,3,6,5,3.75971,2.18841,12,0.000218691,5.66273e-05,0.573,1
210,17,1,1,0,-1,-10.5549,-6.84668,1,-4.9322e-05,-2.83726e-05,0.7,1
210,17,1,1,1,0,-9.67324,-6.97172,8,-5.40709e-05,-2.27952e-05,0.7,1
210,17,1,1,2,0,-10.8033,-5.97554,8,5.83044e-05,-2.72499e-05,0.7,1
210,17,1,1,3,0,-10.9553,-7.42013,8,-4.15823e-05,-2.61463e-05,0.7,1
210,17,1,1,4,1,-8.93067,-7.07704,0,-5.6245e-05,-8.26369e-05,0.7,1
210,22,4,4,0,-1,4.78353,4.38452,1,-0.000215967,0.000226533,0.574,1
210,22,4,4,1,0,3.71003,4.79891,8,-0.000221255,0.000403904,0.574,1
210,22,4,4,2,1,2.83058,5.24883,12,-0.000146821,0.000623743,0.574,1
210,22,4,4,3,0,5.12197,3.33097,8,-9.53315e-05,0.000163787,0.574,1
210,22,4,4,4,3,5.44177,2.37731,12,-9.86168e-06,0.000154992,0.574,1
210,22,4,4,5,0,5.58307,5.1445,8,0.000101855,-5.00224e-05,0.574,1
210,22,4,4,6,5,6.34706,5.7762,12,0.000370687,-0.000325665,0.574,1
210,26,2,2,0,-1,3.4871,-0.264813,1,-0.702916,0.499554,0.091,1
210,26,2,2,1,0,2.66569,-0.902497,4,-0.313313,0.00978691,0.091,1
210,26,2,2,2,1,4.07932,-0.894415,3,-0.343335,0.546822,0.091,1
210,26,2,2,3,1,2.95722,0.363262,3,-0.833688,0.175818,0.091,1
210,31,2,3,0,-1,12.0213,-11.15,1,-0.135342,-0.415557,0.09,1
210,31,2,3,1,0,11.6334,-12.1329,4,-0.534718,-0.237353,0.09,1
210,31,2,3,2,1,12.8596,-11.4868,3,-0.336691,-0.459314,0.09,1
210,31,2,3,3,1,11.106,-10.9285,3,0.123989,0.0149124,0.09,1
210,38,1,2,0,-1,-10.2266,-7.70931,1,5.69412e-05,2.8576e-05,0.701,0
210,38,1,2,1,0,-10.9254,-8.16302,8,6.54305e-05,-5.67156e-05,0.701,0
210,38,1,2,2,0,-9.49612,-8.08152,8,5.23634e-05,0.000153501,0.701,0
210,38,1,2,3,0,-10.2213,-7.08447,8,-5.69219e-05,2.71223e-05,0.701,0
210,39,2,5,0,-1,0.725172,-1.74937,1,0.0459679,0.0309569,0.09,1
210,39,2,5,1,0,-0.292243,-1.5062,4,0.0148245,-0.0866479,0.09,1
210,39,2,5,3,1,0.885497,-0.930851,3,-0.0695751,0.0666721,0.09,1
210,42,2,4,0,-1,-16.2424,-18.1117,1,-0.408569,-0.158661,0.092,1
210,42,2,4,1,0,-17.2134,-17.6901,4,-0.351499,-0.119277,0.092,1
210,42,2,4,2,1,-16.6015,-18.9632,3,-0.38503,-0.156237,0.092,1
210,42,2,4,3,1,-15.9594,-17.1891,3,-0.280841,-0.2512,0.092,1
210,43,2,2,0,-1,-2.04571,-10.5387,1,-0.464981,-0.157026,0.09,1
210,43,2,2,1,0,-3.0062,-10.9914,4,-0.415683,-0.254234,0.09,1
210,43,2,2,3,1,-2.534,-9.78403,3,-0.706572,-0.127398,0.09,1
210,44,2,3,0,-1,-10.5004,8.58644,1,-0.760169,0.163484,0.092,1
210,44,2,3,1,0,-9.87517,7.55076,4,0.0158221,0.161969,0.092,1
210,44,2,3,2,1,-9.48743,8.84957,3,0.207314,-0.150466,0.092,1
210,44,2,3,3,1,-11.096,7.8607,3,0.171555,-0.262117,0.092,1
210,46,2,5,0,-1,-16.5438,-12.5162,1,-0.618192,0.547406,0.093,1
210,46,2,5,1,0,-15.8487,-11.7067,4,-0.0591699,0.0701257,0.093,1
210,46,2,5,2,1,-17.2166,-11.2647,3,0.22126,1.00713,0.093,1
210,46,2,5,3,1,-15.6175,-13.0166,3,-0.942252,-0.098373,0.093,1
210,50,2,4,0,-1,-11.5229,-0.475956,1,-0.400533,-0.0877433,0.092,1
210,50,2,4,1,0,-12.57,-0.556965,4,-0.387277,-0.279131,0.092,1
210,50,2,4,2,1,-11.5015,-1.46049,3,-0.23306,-0.0985859,0.092,1
210,50,2,4,3,1,-11.663,0.380292,3,-0.573804,-0.0967521,0.092,1
210,52,2,4,0,-1,0.777465,-14.9327,1,-0.254313,-0.532508,0.089,1
210,52,2,4,1,0,0.102014,-15.7585,4,-0.270741,-0.406483,0.089,1
210,52,2,4,2,1,1.48012,-15.6388,3,-0.270383,-0.480722,0.089,1
210,52,2,4,3,1,0.0601345,-14.4092,3,-0.278784,-0.488349,0.089,1
210,53,2,3,0,-1,-1.33019,-10.9206,1,-0.356862,0.0328892,0.089,0
210,53,2,3,1,0,-2.27871,-11.3513,4,-0.290225,-0.12048,0.089,0
210,53,2,3,2,1,-0.983042,-11.8692,3,-0.204176,0.10044,0.089,0
210,56,2,3,0,-1,0.675771,0.574798,1,0.594855,-0.015376,0.091,1
210,56,2,3,1,0,1.35019,-0.234783,4,0.27593,-0.274775,0.091,1
210,56,2,3,2,1,1.56293,1.1494,3,0.762506,-0.332153,0.091,1
210,56,2,3,3,1,0.0443538,-0.0942328,3,0.347479,0.266721,0.091,1
210,58,4,5,0,-1,4.20882,2.69078,1,7.71356e-05,6.78941e-05,0.574,1
210,58,4,5,1,0,3.08709,2.51071,8,0.000161486,-0.00039245,0.574,1
210,58,4,5,2,1,2.10071,2.45683,12,0.000205253,-0.00107542,0.574,1
210,58,4,5,3,0,4.80541,1.73742,8,7.03159e-05,7.73455e-05,0.574,1
210,58,4,5,4,3,5.22272,0.838017,12,-3.95482e-05,3.01013e-05,0.574,1
210,58,4,5,5,0,4.40925,3.77465,8,-0.000213002,0.000156842,0.574,1
210,58,4,5,6,5,4.48239,4.83132,12,-0.000328127,0.00019298,0.574,1
210,61,2,3,0,-1,12.8625,9.28679,1,0.136336,0.230228,0.09,1
210,61,2,3,1,0,12.9067,10.3522,4,-0.10353,0.287573,0.09,1
210,61,2,3,2,1,11.8001,9.46629,3,-0.0577762,0.31863,0.09,1
210,61,2,3,3,1,13.6666,9.30438,3,0.163033,0.40357,0.09,1
210,64,2,6,0,-1,3.17574,-8.54201,1,0.166892,0.234389,0.089,1
210,64,2,6,1,0,3.83742,-7.71273,4,0.301471,0.141622,0.089,1
210,64,2,6,2,1,2.45296,-7.80684,3,0.28672,0.385787,0.089,1
210,64,2,6,3,1,3.94356,-9.01841,3,0.118017,0.129816,0.089,1
210,65,2,5,0,-1,1.24876,-21.3645,1,-0.382506,-0.614113,0.09,1
210,65,2,5,1,0,1.57176,-22.371,4,0.240367,-0.41601,0.09,1
210,65,2,5,2,1,2.30916,-21.1709,3,-0.477887,0.0320385,0.09,1
210,65,2,5,3,1,0.393653,-21.7977,3,-0.131483,-1.16145,0.09,1
210,66,2,4,0,-1,13.7507,14.0408,1,-0.646576,-0.0381091,0.092,1
210,66,2,4,1,0,12.7703,13.6601,4,-0.53677,-0.271157,0.092,1
210,66,2,4,2,1,14.014,13.024,3,-0.397433,0.0476602,0.092,1
210,66,2,4,3,1,13.3115,14.8601,3,-0.653812,-0.196113,0.092,1
210,71,2,7,0,-1,14.4469,-11.0733,1,0.01807,-0.557206,0.09,1
210,71,2,7,1,0,13.656,-11.7643,4,0.0413183,-0.384124,0.09,1
210,71,2,7,2,1,15.0828,-12.2316,3,0.229652,0.445899,0.09,1
210,71,2,7,3,1,13.5041,-10.4772,3,0.368977,-0.288776,0.09,1
210,75,2,3,0,-1,15.9346,0.140653,1,0.132563,-0.350634,0.09,1
210,75,2,3,1,0,16.8529,-0.384893,4,0.199605,-0.278528,0.09,1
210,75,2,3,2,1,16.4978,0.961401,3,0.0777768,-0.332521,0.09,1
210,75,2,3,3,1,15.5846,-0.855803,3,0.234861,-0.413358,0.09,1
210,77,2,4,0,-1,-4.61006,-13.4366,1,0.0526698,-0.103431,0.089,1
210,77,2,4,1,0,-3.91256,-14.2031,4,0.36188,0.141674,0.089,1
210,77,2,4,2,1,-3.65847,-12.8119,3,-0.381127,0.296504,0.089,1
210,77,2,4,3,1,-5.24826,-14.1755,3,0.218194,-0.406386,0.089,1
210,79,2,4,0,-1,18.8115,1.37185,1,0.138594,-0.260502,0.092,1
210,79,2,4,1,0,19.1291,0.368301,4,-0.00883639,-0.302736,0.092,1
210,79,2,4,3,1,17.9968,1.08163,3,0.171512,-0.00193271,0.092,1
210,81,2,5,0,-1,-1.20029,-5.09037,1,0.0554397,0.29587,0.093,1
210,81,2,5,1,0,-1.30541,-4.05543,4,-0.000540206,0.292953,0.093,1
210,81,2,5,2,1,-2.12924,-5.21903,3,0.0602356,0.239847,0.093,1
210,81,2,5,3,1,-0.354369,-4.95646,3,0.045252,0.356521,0.093,1
210,84,2,5,0,-1,-22.8483,2.77605,1,0.123923,-0.201803,0.092,1
210,84,2,5,1,0,-23.6594,2.08559,4,0.00976162,-0.0810728,0.092,1
210,84,2,5,2,1,-22.3009,1.69826,3,-0.0554272,-0.309592,0.092,1
210,84,2,5,3,1,-23.6141,3.39403,3,0.140005,-0.0815487,0.092,1
210,85,4,5,0,-1,3.97448,4.19713,1,-0.000272196,0.000286445,0.575,0
210,85,4,5,1,0,2.92495,3.86778,8,-0.00017525,-5.67473e-05,0.575,0
210,86,2,5,0,-1,-4.80724,-15.5409,1,0.176154,-0.12054,0.09,1
210,86,2,5,1,0,-3.75034,-15.5023,4,0.187526,-0.582266,0.09,1
210,86,2,5,2,1,-4.80111,-14.6402,3,0.405238,-0.246345,0.09,1
210,86,2,5,3,1,-4.677,-16.3829,3,-0.0923961,-0.0791033,0.09,1
210,88,2,4,0,-1,13.8887,-11.9845,1,-0.191494,-0.343036,0.091,1
210,88,2,4,1,0,12.9121,-12.3457,4,-0.472346,-0.18097,0.091,1
210,88,2,4,2,1,14.401,-12.0462,3,-0.698814,0.410031,0.091,1
210,88,2,4,3,1,14.1499,-12.375,3,-0.409044,-0.366323,0.091,1
210,90,4,6,0,-1,4.25245,1.9007,1,1.66629e-05,3.99728e-05,0.575,0
210,90,4,6,1,0,5.39315,1.64312,8,-3.17363e-06,2.39975e-05,0.575,0
210,90,4,6,2,1,6.3289,1.32644,12,-6.56507e-05,-9.69495e-05,0.575,0
210,90,4,6,3,0,3.72136,2.95684,8,-6.24416e-05,-3.39522e-06,0.575,0
210,91,2,4,0,-1,12.2339,8.80321,1,-0.181724,0.546289,0.09,0
210,91,2,4,1,0,12.3694,9.85992,4,0.0663818,0.434658,0.09,0
210,91,2,4,2,1,11.2301,9.02152,3,-0.122585,0.723663,0.09,0
210,92,2,6,0,-1,-17.0188,-11.8893,1,-0.586502,0.585653,0.093,0
210,92,2,6,1,0,-16.5232,-10.9176,4,0.447327,0.0758153,0.093,0
210,92,2,6,2,1,-17.9568,-10.9374,3,0.372216,1.31793,0.093,0
210,94,2,4,0,-1,4.23618,-2.50456,1,-0.0317649,-0.0131344,0.092,1
210,94,2,4,1,0,3.24015,-2.19992,4,-0.0168853,-0.0950874,0.092,1
210,94,2,4,2,1,3.95908,-3.4006,3,0.705146,0.38519,0.092,1
210,94,2,4,3,1,4.49119,-1.78643,3,-0.0866961,0.311587,0.092,1
210,97,2,7,0,-1,7.18241,-18.5132,1,0.280716,-0.251824,0.088,1
210,97,2,7,1,0,8.19649,-18.782,4,0.263481,-0.330275,0.088,1
210,97,2,7,2,1,7.49062,-17.5861,3,0.364612,-0.290425,0.088,1
210,97,2,7,3,1,7.00669,-19.3341,3,0.217342,-0.233277,0.088,1
210,98,2,4,0,-1,-17.577,8.7602,1,-0.524062,0.22906,0.093,1
210,98,2,4,1,0,-18.5815,8.45599,4,-0.432562,-0.0940516,0.093,1
210,98,2,4,2,1,-17.333,7.82489,3,-0.279413,0.197479,0.093,1
210,98,2,4,3,1,-17.8868,9.56257,3,-0.811069,0.140999,0.093,1
210,99,2,5,0,-1,-8.00667,-3.54116,1,0.340856,0.346904,0.093,1
210,99,2,5,1,0,-8.64564,-2.69905,4,-0.266283,-0.113017,0.093,1
210,99,2,5,2,1,-8.98727,-4.07202,3,0.735433,-0.363817,0.093,1
210,99,2,5,3,1,-7.33247,-2.8187,3,-0.177717,0.816181,0.093,1
210,100,2,5,0,-1,9.56296,9.7649,1,-0.432183,0.622287,0.091,1
210,100,2,5,1,0,9.26239,10.7758,4,-0.397097,0.64062,0.091,1
210,100,2,5,2,1,8.65603,9.52067,3,-0.27525,0.587286,0.091,1
210,100,2,5,3,1,10.3852,10.1262,3,-0.540722,0.430021,0.091,1
210,101,2,8,0,-1,11.7509,2.17485,1,-0.408139,-0.410093,0.091,1
210,101,2,8,1,0,10.7142,1.96926,4,-0.532746,0.185924,0.091,1
210,101,2,8,2,1,11.7957,1.08519,3,-1.0866,-0.502847,0.091,1
210,101,2,8,3,1,11.456,3.0584,3,0.0326336,-0.191551,0.091,1
210,103,2,5,0,-1,-16.5993,-17.4665,1,-0.314682,-0.0655986,0.091,0
210,103,2,5,1,0,-17.1134,-18.418,4,-0.216436,-0.0985636,0.091,0
210,103,2,5,2,1,-15.6787,-18.4835,3,-0.200173,0.114709,0.091,0
210,104,8,4,0,-1,15.1977,-0.163198,1,0.14454,-0.407205,0.115,1
210,104,8,4,1,0,16.3208,-1.01226,4,0.229636,-0.288276,0.115,1
210,104,8,4,2,0,16.1229,-0.505612,4,0.185829,-0.258712,0.115,1
210,104,8,4,3,2,15.5222,0.784033,3,-0.00990567,-0.329716,0.115,1
210,104,8,4,4,2,14.8493,-0.929133,3,0.247888,-0.453438,0.115,1
210,105,2,5,0,-1,-10.032,17.2248,1,-0.00742952,0.0274717,0.094,1
210,105,2,5,1,0,-9.41965,16.3779,4,0.0135315,0.042157,0.094,1
210,105,2,5,2,1,-10.691,16.7042,3,0.00519832,0.0083038,0.094,1
210,107,2,5,0,-1,-2.50811,-15.0546,1,-0.356957,-0.547546,0.089,1
210,107,2,5,1,0,-2.78862,-16.09,4,0.406722,-0.745469,0.089,1
210,107,2,5,2,1,-1.49239,-15.5485,3,0.0564761,0.146113,0.089,1
210,107,2,5,3,1,-3.4969,-14.9954,3,-0.0214642,-0.901373,0.089,1
210,108,2,7,0,-1,4.84196,-19.6323,1,0.208452,-0.326191,0.088,1
210,108,2,7,1,0,5.42981,-20.5012,4,0.119904,-0.384271,0.088,1
210,108,2,7,2,1,5.69537,-19.1313,3,0.223192,-0.405718,0.088,1
210,108,2,7,3,1,4.16221,-20.17,3,0.166279,-0.207942,0.088,1
210,109,2,5,0,-1,19.7148,0.75059,1,0.17074,-0.484427,0.092,1
210,109,2,5,1,0,19.5266,-0.313987,4,-0.0571049,-0.416733,0.092,1
210,109,2,5,2,1,20.7353,0.382244,3,0.142811,-0.743556,0.092,1
210,109,2,5,3,1,18.5458,0.582848,3,0.0474636,-0.262657,0.092,1
210,110,2,5,0,-1,-6.13722,-17.1423,1,-0.295729,0.423732,0.09,1
210,110,2,5,1,0,-5.41284,-16.3775,4,0.147294,-0.0389617,0.09,1
210,110,2,5,2,1,-6.78995,-16.158,3,0.315223,0.833024,0.09,1
210,110,2,5,3,1,-5.24465,-17.6976,3,-0.589473,-0.144179,0.09,1
210,110,2,5,4,3,-6.57199,-18.1392,3,-0.852854,0.659904,0.09,1
210,112,2,4,0,-1,-15.1373,9.08441,1,-0.206047,0.356403,0.093,1
210,112,2,4,1,0,-15.651,10.0045,4,-0.323463,0.299281,0.093,1
210,112,2,4,2,1,-16.1254,8.69859,3,-0.215921,0.284315,0.093,1
210,112,2,4,3,1,-14.3982,9.61162,3,-0.304362,0.404065,0.093,1
210,113,2,8,0,-1,15.6095,-9.50139,1,-0.122349,0.251915,0.089,1
210,113,2,8,1,0,15.2338,-8.5381,4,-0.0831861,0.293097,0.089,1
210,113,2,8,2,1,14.6755,-9.82204,3,-0.176038,0.35532,0.089,1
210,113,2,8,3,1,16.3929,-9.1709,3,-0.197561,0.0719378,0.089,1
210,116,2,6,0,-1,-1.82438,-4.57224,1,0.0368842,0.268117,0.093,0
210,116,2,6,1,0,-2.84554,-4.80842,4,0.0468844,0.242201,0.093,0
210,117,2,6,0,-1,-22.1759,3.23942,1,0.128749,-0.212526,0.093,0
210,117,2,6,1,0,-21.6536,2.33459,4,0.264464,-0.133025,0.093,0
210,117,2,6,2,1,-21.1747,3.66068,3,-0.127615,0.012991,0.093,0
210,119,9,6,0,-1,1.39901,-2.18115,1,0.0686092,0.0661324,0.065,0
210,120,2,6,0,-1,-10.4245,17.922,1,-0.0568457,-5.60638e-05,0.095,0
210,121,2,7,0,-1,2.60627,-9.12147,1,0.250543,0.135897,0.089,0
210,121,2,7,1,0,1.99193,-9.97768,4,-0.0880181,0.370115,0.089,0
210,122,2,9,0,-1,15.994,-10.1931,1,-0.167402,0.188057,0.09,0
210,125,2,4,0,-1,-11.3,9.19832,1,-0.353237,-0.071658,0.093,0
210,125,2,4,1,0,-11.1645,10.2753,4,0.168431,-0.884205,0.093,0
210,125,2,4,2,1,-12.3146,9.53688,3,1.48373,-1.30795,0.093,0
210,128,2,5,0,-1,-0.00629129,-15.0527,1,-0.447406,0.105626,0.089,0
240,0,1,0,0,-1,-11.2098,-6.37213,1,-1.94209e-05,-2.98918e-06,0.7,1
240,0,1,0,1,0,-10.3097,-6.27061,8,-7.22985e-06,2.11526e-05,0.7,1
240,0,1,0,2,0,-11.6968,-5.71256,8,-7.43217e-06,-2.8023e-05,0.7,1
240,0,1,0,3,0,-11.5426,-6.99269,8,5.20512e-05,-2.75095e-05,0.7,1
240,0,1,0,4,1,-9.56599,-6.16168,0,3.86664e-05,2.71687e-05,0.7,1
240,17,1,1,0,-1,-10.5549,-6.84668,1,-1.41594e-05,2.55757e-05,0.7,1
240,17,1,1,1,0,-9.67325,-6.97172,8,-1.11433e-05,2.36792e-05,0.7,1
240,17,1,1,2,0,-10.8033,-5.97554,8,-4.31403e-05,9.87108e-06,0.7,1
240,17,1,1,3,0,-10.9553,-7.42014,8,4.20847e-05,-3.48587e-06,0.7,1
240,17,1,1,4,1,-8.93068,-7.07703,0,5.57681e-05,2.29348e-05,0.7,1
240,22,4,4,0,-1,5.66523,4.90399,1,0.14942,0.00951786,0.574,1
240,22,4,4,1,0,4.99277,5.78103,8,0.30793,0.203208,0.574,1
240,22,4,4,2,1,4.7613,6.77946,12,0.520594,0.252984,0.574,1
240,22,4,4,3,0,5.72485,3.75389,8,0.00161248,-0.0334159,0.574,1
240,22,4,4,4,3,5.68004,2.77333,12,0.0423326,-0.062806,0.574,1
240,22,4,4,5,0,6.70451,5.2964,8,0.178889,-0.163078,0.574,1
240,22,4,4,6,5,7.64269,5.63834,12,0.228672,-0.31692,0.574,1
240,38,1,2,0,-1,-10.2266,-7.70929,1,-4.72962e-06,-2.42473e-05,0.701,0
240,38,1,2,1,0,-10.9254,-8.16303,8,-5.48464e-05,3.56775e-05,0.701,0
240,38,1,2,2,0,-9.49608,-8.08146,8,-5.60025e-05,-5.65225e-05,0.701,0
240,38,1,2,3,0,-10.2213,-7.08446,8,3.13254e-05,-2.34927e-05,0.701,0
240,44,2,3,0,-1,0.487769,7.27444,1,-0.0835441,-0.297218,0.092,1
240,44,2,3,1,0,-0.328229,6.63398,4,-0.349131,0.161101,0.092,1
240,44,2,3,2,1,1.06282,6.24202,3,-0.579095,-0.85998,0.092,1
240,44,2,3,3,1,-0.30669,8.01071,3,0.687311,0.18018,0.092,1
240,46,2,5,0,-1,-21.1169,-4.8353,1,-0.433201,0.0158205,0.093,1
240,46,2,5,1,0,-22.161,-4.91605,4,-0.426604,0.0973947,0.093,1
240,46,2,5,2,1,-21.093,-5.81834,3,-0.381814,0.141065,0.093,1
240,46,2,5,3,1,-21.2436,-3.97949,3,-0.300431,-0.0328097,0.093,1
240,52,2,4,0,-1,7.63755,-13.2599,1,0.224729,0.247572,0.089,1
240,52,2,4,1,0,8.23118,-12.3949,4,0.135272,0.297877,0.089,1
240,52,2,4,2,1,6.80938,-12.4935,3,0.151285,0.166934,0.089,1
240,52,2,4,3,1,8.40504,-13.698,3,0.253709,0.301014,0.089,1
240,56,2,3,0,-1,-1.14566,4.30293,1,-0.272744,-0.0488784,0.091,1
240,56,2,3,1,0,-1.55326,5.26988,4,-0.456866,-0.122667,0.091,1
240,56,2,3,2,1,-1.95833,3.93156,3,-0.230489,-0.204979,0.091,1
240,56,2,3,3,1,-0.409603,4.6498,3,-0.261431,0.157266,0.091,1
240,58,4,5,0,-1,4.36988,3.37058,1,0.0757484,0.0452386,0.574,1
240,58,4,5,1,0,3.28113,3.65188,8,0.0278973,-0.0539429,0.574,1
240,58,4,5,2,1,2.30123,3.83938,12,-0.0113239,-0.179703,0.574,1
240,58,4,5,3,0,4.37179,2.24182,8,0.0286661,0.075999,0.574,1
240,58,4,5,4,3,4.31651,1.25736,12,-0.125918,0.107313,0.574,1
240,58,4,5,5,0,5.2343,4.03636,8,0.124816,0.0367552,0.574,1
240,58,4,5,6,5,6.19123,4.38032,12,0.136611,-0.00358102,0.574,1
240,61,2,3,0,-1,15.0716,10.6362,1,0.288563,-0.179139,0.09,1
240,61,2,3,1,0,15.4093,11.648,4,0.647434,-0.352309,0.09,1
240,61,2,3,2,1,14.0222,11.2693,3,0.287178,0.723995,0.09,1
240,61,2,3,3,1,15.9803,10.4657,3,0.30565,-0.621727,0.09,1
240,66,2,4,0,-1,13.9248,12.6472,1,0.3024,0.0961724,0.092,1
240,66,2,4,1,0,14.6573,11.9314,4,0.353275,0.175434,0.092,1
240,66,2,4,2,1,14.7192,13.337,3,-0.320979,0.234035,0.092,1
240,66,2,4,3,1,13.366,11.7058,3,0.244466,0.498811,0.092,1
240,71,2,7,0,-1,12.9568,-4.29513,1,0.0414819,-0.459657,0.09,1
240,71,2,7,1,0,12.5633,-5.27035,4,-0.402377,-0.261268,0.09,1
240,71,2,7,2,1,13.7871,-4.6439,3,-0.154786,-0.731032,0.09,1
240,71,2,7,3,1,12.189,-3.96807,3,0.236675,-0.0643998,0.09,1
240,77,2,4,0,-1,5.67346,-11.0601,1,0.24419,0.136299,0.089,1
240,77,2,4,1,0,6.63554,-10.5765,4,0.257073,0.117415,0.089,1
240,77,2,4,2,1,5.36287,-9.92974,3,0.207999,0.0341736,0.089,1
240,77,2,4,3,1,6.19556,-11.7923,3,0.241251,0.137145,0.089,1
240,85,4,5,0,-1,4.83921,4.66557,1,0.256493,-0.158919,0.575,0
240,85,4,5,1,0,3.69787,4.5052,8,0.298642,-0.025181,0.575,0
240,85,4,5,2,1,2.70067,4.56687,12,0.383975,-0.291654,0.575,0
240,90,4,6,0,-1,3.90714,2.84023,1,0.0923149,-0.00638773,0.575,0
240,90,4,6,1,0,4.96362,2.43116,8,0.0579025,-0.0736984,0.575,0
240,90,4,6,2,1,5.83552,1.96571,12,0.0380741,-0.0866032,0.575,0
240,90,4,6,3,0,3.99522,3.97388,8,0.0811939,-0.0333427,0.575,0
240,90,4,6,4,3,4.14274,4.99754,12,0.032741,-0.00306089,0.575,0
240,91,2,4,0,-1,14.4962,10.0255,1,-0.161608,0.25191,0.09,0
240,91,2,4,1,0,14.4794,11.0325,4,0.278852,0.204076,0.09,0
240,91,2,4,2,1,13.4649,10.0317,3,-0.0635583,0.557886,0.09,0
240,92,2,6,0,-1,-21.2155,-7.0387,1,-0.0592297,0.319092,0.093,1
240,92,2,6,1,0,-21.784,-6.14449,4,-0.407847,0.123013,0.093,1
240,92,2,6,2,1,-22.1337,-7.48965,3,-0.0282082,0.034659,0.093,1
240,92,2,6,3,1,-20.513,-6.47019,3,-0.306413,0.499296,0.093,1
240,94,2,4,0,-1,8.32177,-2.14722,1,0.423645,0.301506,0.092,1
240,94,2,4,1,0,8.80931,-1.21232,4,0.0325595,0.509723,0.092,1
240,94,2,4,2,1,7.45987,-1.59303,3,0.174687,-0.00836054,0.092,1
240,94,2,4,3,1,9.18475,-2.46237,3,0.615577,0.668881,0.092,1
240,97,2,7,0,-1,14.7687,-20.0099,1,-0.208587,0.230619,0.088,1
240,99,2,5,0,-1,-9.8788,4.95431,1,0.152699,0.437608,0.093,1
240,99,2,5,1,0,-9.56745,5.95454,4,0.173179,0.432369,0.093,1
240,99,2,5,2,1,-10.8008,5.30212,3,0.195827,0.451445,0.093,1
240,99,2,5,3,1,-9.05304,4.74938,3,0.168188,0.409527,0.093,1
240,100,2,5,0,-1,4.79368,17.3363,1,0.389238,-0.31971,0.091,1
240,100,2,5,1,0,5.8395,17.2169,4,0.425035,-0.00795272,0.091,1
240,100,2,5,2,1,5.01142,18.3437,3,0.0802953,-0.260674,0.091,1
240,100,2,5,3,1,4.79219,16.4321,3,0.658316,-0.317105,0.091,1
240,107,2,5,0,-1,2.31324,-15.7886,1,-0.17346,-0.25055,0.089,1
240,107,2,5,1,0,1.42002,-16.3172,4,-0.313954,-0.00381472,0.089,1
240,107,2,5,2,1,2.81448,-16.6794,3,-0.393173,-0.463098,0.089,1
240,107,2,5,3,1,1.76353,-15.0502,3,-0.0414555,-0.0453312,0.089,1
240,108,2,7,0,-1,3.89143,-21.8233,1,-0.272161,0.433944,0.088,1
240,108,2,7,1,0,4.78181,-21.2679,4,0.0477874,-0.0588124,0.088,1
240,108,2,7,2,1,3.43196,-20.8657,3,0.268274,0.630189,0.088,1
240,108,2,7,3,1,4.47874,-22.5562,3,-0.706608,0.12718,0.088,1
240,110,2,5,0,-1,-1.1921,-16.8807,1,-0.384049,-0.516299,0.09,1
240,110,2,5,1,0,-1.21457,-17.9318,4,-0.314054,-0.522961,0.09,1
240,110,2,5,2,1,-0.203409,-16.9915,3,-0.285764,-0.582565,0.09,1
240,110,2,5,3,1,-2.07442,-16.9353,3,-0.511504,-0.676958,0.09,1
240,110,2,5,4,3,-1.213,-15.8326,3,-0.858699,-0.424884,0.09,1
240,112,2,4,0,-1,-15.3865,19.8495,1,-0.437069,0.160141,0.093,1
240,112,2,4,1,0,-16.0071,20.7014,4,-0.153107,0.322539,0.093,1
240,112,2,4,2,1,-16.1955,19.3172,3,-0.348742,0.345165,0.093,1
240,112,2,4,3,1,-14.7206,20.487,3,-0.190647,-0.0103373,0.093,1
240,113,2,8,0,-1,14.9205,-5.57531,1,-0.0442017,-0.825007,0.089,1
240,113,2,8,1,0,14.3835,-6.48505,4,0.0276798,-0.858563,0.089,1
240,113,2,8,2,1,15.7031,-6.03564,3,-0.0405168,-0.600765,0.089,1
240,113,2,8,3,1,14.1821,-5.21687,3,-0.484234,-0.969793,0.089,1
240,122,2,9,0,-1,17.328,-4.4028,1,0.123433,0.0254165,0.09,1
240,122,2,9,1,0,18.3704,-4.41768,4,0.117386,-0.0433802,0.09,1
240,122,2,9,2,1,17.3339,-5.22718,3,0.0824952,-0.0119382,0.09,1
240,125,2,4,0,-1,-8.27116,11.1836,1,-0.506172,-0.347442,0.093,1
240,125,2,4,1,0,-8.31277,10.2078,4,-0.195481,-0.366001,0.093,1
240,125,2,4,2,1,-7.32386,11.1997,3,-0.40653,-0.167926,0.093,1
240,125,2,4,3,1,-9.36641,11.0056,3,-0.534846,-0.772108,0.093,1
240,128,2,5,0,-1,6.84674,-13.3101,1,0.241131,0.139293,0.089,0
240,128,2,5,1,0,7.47602,-12.468,4,0.111614,0.247506,0.089,0
240,128,2,5,2,1,6.09198,-12.7717,3,0.177213,-0.0244046,0.089,0
240,135,2,5,0,-1,-9.03799,-11.0206,1,0.366078,-0.680854,0.091,1
240,135,2,5,1,0,-8.35837,-11.8375,4,0.418252,-0.618184,0.091,1
240,135,2,5,2,1,-7.97539,-10.4931,3,-0.417651,-0.398388,0.091,1
240,135,2,5,3,1,-9.61963,-11.6241,3,0.467937,-0.187472,0.091,1
240,136,10,5,0,-1,11.5672,12.9775,1,0.379239,0.119564,0.117,1
240,136,10,5,1,0,12.7295,13.1549,1,0.362005,-0.226128,0.117,1
240,136,10,5,2,0,12.1024,12.0899,4,0.0694338,-0.175202,0.117,1
240,136,10,5,3,2,12.233,13.4943,3,0.763297,-0.264852,0.117,1
240,136,10,5,4,2,10.8342,12.5719,3,0.307964,0.352657,0.117,1
240,142,2,6,0,-1,0.34586,5.00145,1,-0.108369,-0.130586,0.092,1
240,142,2,6,1,0,-0.631878,5.31511,4,-0.114996,0.0271153,0.092,1
240,142,2,6,2,1,0.268369,4.20563,3,-0.588397,-0.323901,0.092,1
240,142,2,6,3,1,0.62447,5.69513,3,-0.189371,0.0935286,0.092,1
240,143,2,6,0,-1,2.08744,-16.5703,1,-0.41244,-0.166988,0.088,0
240,143,2,6,1,0,1.17292,-17.0969,4,-0.360105,-0.193301,0.088,0
240,143,2,6,2,1,2.52614,-17.4367,3,-0.333309,-0.194766,0.088,0
240,144,11,5,0,-1,4.90203,-11.2984,1,0.193788,0.274203,0.064,0
240,144,11,5,1,0,5.94391,-10.367,3,0.302917,0.143448,0.064,0
240,148,2,8,0,-1,12.2465,-4.67076,1,-0.116142,-0.176981,0.089,0
240,148,2,8,1,0,11.2511,-4.37423,4,-0.0648113,-0.0427467,0.089,0
240,149,2,7,0,-1,-20.5611,-7.51397,1,-0.198726,0.103245,0.093,0
240,149,2,7,1,0,-20.2789,-8.52703,4,-0.607248,-0.00197581,0.093,0
240,149,2,7,2,1,-19.6523,-7.278,3,-0.154743,-0.223861,0.093,0
240,150,2,4,0,-1,-0.323537,7.31286,1,-0.110643,0.183694,0.093,0
240,150,2,4,1,0,-1.09861,6.58497,4,-0.390669,0.46409,0.093,0
240,150,2,4,2,1,0.298228,6.39705,3,-0.477685,-0.155975,0.093,0
240,153,2,6,0,-1,-16.9306,-2.19211,1,0.338439,-0.0334529,0.094,1
240,153,2,6,1,0,-15.8881,-2.31653,4,0.33714,-0.0476576,0.094,1
240,153,2,6,2,1,-16.7141,-1.19383,3,0.382333,-0.0224589,0.094,1
240,153,2,6,3,1,-16.9636,-3.06973,3,0.316941,-0.0302655,0.094,1
240,155,2,5,0,-1,9.56325,14.8805,1,-0.0347068,-0.345753,0.091,1
240,155,2,5,1,0,10.3366,14.1482,4,0.414439,0.0539675,0.091,1
240,155,2,5,2,1,10.389,15.4196,3,-0.173759,0.0653321,0.091,1
240,155,2,5,3,1,9.03052,14.0559,3,0.484594,-0.924397,0.091,1
240,157,2,9,0,-1,15.262,-2.96169,1,-0.528707,-0.127303,0.088,1
240,157,2,9,1,0,15.0385,-4.03118,4,0.414509,-0.328589,0.088,1
240,157,2,9,2,1,16.3062,-3.45864,3,0.281084,0.109745,0.088,1
240,157,2,9,3,1,14.38,-2.91285,3,-0.46517,-0.870556,0.088,1
240,161,2,4,0,-1,-0.474428,3.85914,1,-0.176775,0.0235259,0.091,0
240,161,2,4,1,0,-1.05817,3.01423,4,-0.185272,-0.0125469,0.091,0
240,161,2,4,2,1,0.293067,3.40473,3,-0.0845209,-0.401465,0.091,0
240,164,13,5,0,-1,-4.4536,12.6393,1,-0.141925,0.270151,0.118,1
240,164,13,5,1,0,-4.98332,13.4686,4,-0.22455,0.286675,0.118,1
240,164,13,5,2,1,-5.37934,13.7575,3,-0.220902,0.315639,0.118,1
240,164,13,5,3,1,-5.52601,12.1723,3,-0.0891335,0.256357,0.118,1
240,164,13,5,4,1,-3.69787,13.6496,3,-0.299891,0.453764,0.118,1
240,165,10,6,0,-1,11.4058,12.2007,1,0.327786,-0.0929479,0.116,0
240,165,10,6,1,0,11.5567,10.9715,1,1.19639,0.0407506,0.116,0
240,165,10,6,2,0,11.7385,11.1695,4,-1.18362,-0.391826,0.116,0
240,166,2,7,0,-1,3.69352,6.79149,1,0.0726088,0.384018,0.093,1
240,166,2,7,1,0,4.36771,7.57194,4,0.161757,0.34342,0.093,1
240,166,2,7,2,1,2.96183,7.47343,3,0.200437,0.189117,0.093,1
240,166,2,7,3,1,4.36717,6.25232,3,0.213627,0.389108,0.093,1
240,169,2,6,0,-1,8.98001,15.4432,1,0.0269388,-0.225783,0.091,0
240,169,2,6,1,0,9.4124,16.3967,4,-0.111374,-0.147844,0.091,0
240,170,2,6,0,-1,-10.4603,-10.7427,1,-0.788937,-0.0885543,0.09,1
240,170,2,6,1,0,-11.4459,-10.3981,4,-0.857207,-0.164192,0.09,1
240,170,2,6,2,1,-10.8313,-11.6625,3,-0.704015,0.0212471,0.09,1
240,170,2,6,3,1,-10.2356,-9.9428,3,-0.868814,-0.267482,0.09,1
240,172,2,8,0,-1,3.60958,6.01115,1,0.168968,0.429744,0.092,0
240,172,2,8,1,0,3.2018,5.08626,4,-0.0299992,0.53697,0.092,0
240,173,2,5,0,-1,13.2172,12.8789,1,0.347412,0.045794,0.092,0
240,174,2,7,0,-1,-10.4375,-11.5151,1,-0.435907,0.000498532,0.089,0
270,0,1,0,0,-1,-11.4381,-5.50213,1,-0.00607941,0.0251237,0.7,1
270,0,1,0,1,0,-10.6859,-5.82875,8,-0.0112996,0.0125519,0.7,1
270,0,1,0,2,0,-11.5312,-4.68759,8,0.00768076,0.0264864,0.7,1
270,0,1,0,3,0,-11.9732,-5.96628,8,-0.0149579,0.0352841,0.7,1
270,0,1,0,4,1,-9.99772,-6.12716,0,-0.0156685,0.00221186,0.7,1
270,22,4,4,0,-1,7.91734,4.83274,1,0.00972909,-0.0328148,0.574,1
270,22,4,4,1,0,7.02893,5.48226,8,0.0198249,-0.0200952,0.574,1
270,22,4,4,2,1,6.3013,6.15091,12,0.0363194,-0.00228291,0.574,1
270,22,4,4,3,0,7.8465,3.73727,8,-0.0160398,-0.0326219,0.574,1
270,22,4,4,4,3,7.68764,2.7631,12,-0.0473576,-0.0283791,0.574,1
270,22,4,4,5,0,8.93248,5.25194,8,0.00337362,-0.0155724,0.574,1
270,22,4,4,6,5,9.88126,5.52399,12,-0.00623747,0.0187381,0.574,1
270,56,2,3,0,-1,-5.41073,-1.51251,1,0.311689,0.156685,0.091,1
270,56,2,3,1,0,-4.49354,-1.00233,4,0.349297,0.100836,0.091,1
270,56,2,3,2,1,-5.83746,-0.607046,3,0.367706,0.155915,0.091,1
270,56,2,3,3,1,-4.91857,-2.23535,3,0.334822,0.119713,0.091,1
270,58,4,5,0,-1,3.27011,2.67623,1,0.072516,-0.00596992,0.574,1
270,58,4,5,1,0,2.18314,2.66579,8,0.147555,-0.0212989,0.574,1
270,58,4,5,2,1,1.21295,2.82233,12,0.202597,-0.00949075,0.574,1
270,58,4,5,3,0,3.89757,1.69689,8,0.00290052,-0.0233537,0.574,1
270,58,4,5,4,3,4.41694,0.835864,12,-0.0175735,-0.034996,0.574,1
270,58,4,5,5,0,3.73001,3.66294,8,0.00331097,-0.00511937,0.574,1
270,58,4,5,6,5,4.20118,4.52389,12,-0.132025,0.0514766,0.574,1
270,66,2,4,0,-1,18.356,20.1153,1,0.176273,0.343668,0.092,1
270,66,2,4,1,0,18.7911,21.0751,4,0.0397559,0.395196,0.092,1
270,66,2,4,2,1,17.4561,20.6374,3,0.183114,-0.0517186,0.092,1
270,66,2,4,3,1,19.3037,19.87,3,0.040788,0.419662,0.092,1
270,71,2,7,0,-1,9.01954,-10.862,1,0.70974,-0.0560041,0.09,1
270,71,2,7,1,0,9.46211,-9.78427,4,0.231475,0.235715,0.09,1
270,71,2,7,2,1,8.14417,-10.1858,3,0.508619,-0.455551,0.09,1
270,71,2,7,3,1,9.72141,-10.9795,3,1.83297,0.437958,0.09,1
270,77,2,4,0,-1,7.9512,-14.3296,1,-0.354696,-0.0610932,0.089,1
270,77,2,4,1,0,6.96639,-14.7142,4,-0.384647,0.0488413,0.089,1
270,77,2,4,2,1,8.18805,-15.3795,3,-0.486175,-0.16161,0.089,1
270,77,2,4,3,1,7.49025,-13.5118,3,-0.18507,-0.0101884,0.089,1
270,85,4,5,0,-1,7.14159,4.62187,1,0.00230942,-0.0122812,0.575,0
270,85,4,5,1,0,6.2265,5.23245,8,0.013019,0.00564953,0.575,0
270,85,4,5,2,1,5.46074,5.85636,12,0.0253052,0.021527,0.575,0
270,85,4,5,3,0,7.04616,3.52554,8,-0.0204385,-0.0108148,0.575,0
270,90,4,6,0,-1,3.44,2.26185,1,-0.0677856,-0.0109265,0.575,1
270,90,4,6,1,0,4.5294,2.17203,8,-0.119129,0.0344685,0.575,1
270,90,4,6,2,1,5.4715,1.90276,12,-0.174337,-0.0180333,0.575,1
270,90,4,6,3,0,2.81508,3.23346,8,0.0117394,-0.0031675,0.575,1
270,90,4,6,4,3,2.31055,4.09925,12,0.12732,0.0525259,0.575,1
270,90,4,6,5,0,2.81773,1.37491,8,-0.00523767,-0.0387426,0.575,1
270,90,4,6,6,5,2.17473,0.637478,12,0.0421711,-0.0665854,0.575,1
270,99,2,5,0,-1,-6.40875,12.2774,1,-0.315455,0.203011,0.093,1
270,99,2,5,1,0,-7.31549,12.8103,4,-0.342821,0.161705,0.093,1
270,99,2,5,2,1,-6.95876,11.4586,3,-0.293847,0.174033,0.093,1
270,99,2,5,3,1,-6.04178,13.0806,3,-0.360046,0.233642,0.093,1
270,110,2,5,0,-1,-6.72135,-20.0009,1,-0.087323,-0.0511005,0.09,1
270,110,2,5,1,0,-7.57888,-20.6249,4,-0.0991437,-0.0476564,0.09,1
270,110,2,5,2,1,-6.2226,-20.9252,3,-0.107038,-0.0814786,0.09,1
270,110,2,5,3,1,-7.44174,-19.3181,3,-0.141119,-0.0457436,0.09,1
270,110,2,5,4,3,-6.04254,-19.1908,3,-0.145661,-0.00908538,0.09,1
270,113,2,8,0,-1,12.3598,-13.6102,1,0.160376,0.557415,0.089,1
270,113,2,8,1,0,13.0737,-12.8371,4,0.329112,0.380539,0.089,1
270,113,2,8,2,1,11.6737,-12.8377,3,0.304736,0.593593,0.089,1
270,113,2,8,3,1,13.1159,-14.1453,3,-0.0630285,0.386767,0.089,1
270,125,2,4,0,-1,-12.9192,11.9937,1,0.193997,-0.043988,0.093,1
270,125,2,4,1,0,-12.2565,11.301,4,0.183467,-0.0540395,0.093,1
270,125,2,4,2,1,-12.4748,12.7042,3,0.223765,-0.0480671,0.093,1
270,125,2,4,3,1,-13.5509,11.167,3,0.176219,-0.10202,0.093,1
270,135,2,5,0,-1,-11.1707,-18.2376,1,-0.0946758,0.220423,0.091,1
270,135,2,5,1,0,-12.1515,-17.8829,4,-0.0692904,0.464988,0.091,1
270,135,2,5,2,1,-11.6027,-19.1636,3,-0.786197,0.184811,0.091,1
270,135,2,5,3,1,-10.9221,-17.4005,3,-0.129455,0.550355,0.091,1
270,136,10,5,0,-1,13.5104,9.39578,1,0.363995,-0.152402,0.117,1
270,136,10,5,1,0,13.6751,10.5857,1,0.126682,-0.117307,0.117,1
270,136,10,5,2,0,14.4623,9.71122,4,0.303331,0.0287197,0.117,1
270,136,10,5,3,2,13.0969,10.1037,3,0.227971,-0.232298,0.117,1
270,136,10,5,4,2,13.6723,8.63976,3,0.508315,-0.122514,0.117,1
270,142,2,6,0,-1,-1.98598,7.46583,1,0.146297,-0.63101,0.092,1
270,142,2,6,1,0,-2.59796,6.60481,4,-0.365902,-0.260631,0.092,1
270,142,2,6,2,1,-1.1999,6.70898,3,-0.20628,-1.18709,0.092,1
270,142,2,6,3,1,-2.8201,7.90484,3,0.31592,-0.132376,0.092,1
270,144,11,5,0,-1,-2.06495,-13.7469,1,-0.795677,-0.00967515,0.064,1
270,144,11,5,1,0,-0.917298,-14.5464,3,-0.705913,0.113176,0.064,1
270,144,11,5,2,0,-1.27905,-12.6965,3,-0.96419,0.115907,0.064,1
270,148,2,8,0,-1,9.23556,-11.6702,1,-0.293,0.523261,0.089,0
270,148,2,8,1,0,8.5014,-12.2706,4,0.636582,-1.0759,0.089,0
270,148,2,8,2,1,9.96257,-11.6509,3,0.102739,1.30619,0.089,0
270,153,2,6,0,-1,-13.6361,-10.7977,1,0.338188,-0.0238206,0.094,1
270,153,2,6,1,0,-12.5868,-10.3769,4,0.279756,-0.0197698,0.094,1
270,153,2,6,2,1,-13.5857,-9.42807,3,0.549614,0.302731,0.094,1
270,153,2,6,3,1,-12.9515,-11.6247,3,0.314775,-0.133691,0.094,1
270,164,13,5,0,-1,-12.3305,16.5525,1,0.514425,0.124052,0.118,1
270,164,13,5,1,0,-11.8752,15.6297,4,0.482152,0.323471,0.118,1
270,164,13,5,2,1,-11.4963,15.2745,3,0.515092,0.335793,0.118,1
270,164,13,5,3,1,-11.6446,16.9986,3,0.427734,0.353762,0.118,1
270,164,13,5,4,1,-13.1126,16.0954,3,0.239048,0.00206341,0.118,1
270,165,10,6,0,-1,14.2231,8.95586,1,0.444382,-0.0243569,0.116,0
270,165,10,6,1,0,15.1148,8.1805,1,0.577154,0.127544,0.116,0
270,165,10,6,2,0,13.8981,7.93515,4,0.618194,-0.0825425,0.116,0
270,166,2,7,0,-1,10.8148,7.21941,1,0.682485,0.112017,0.093,1
270,166,2,7,1,0,11.3477,8.13738,4,0.109896,0.452315,0.093,1
270,166,2,7,2,1,9.9536,7.93948,3,0.212231,-0.333505,0.093,1
270,166,2,7,3,1,11.773,6.89802,3,0.95036,0.735356,0.093,1
270,170,2,6,0,-1,-20.0077,-21.5022,1,0.337905,0.021756,0.09,1
270,170,2,6,1,0,-19.1542,-20.8881,4,0.442211,-0.121137,0.09,1
270,170,2,6,2,1,-20.5259,-20.6435,3,0.483922,0.134158,0.09,1
270,170,2,6,3,1,-19.465,-22.1624,3,0.249658,-0.0758618,0.09,1
270,172,2,8,0,-1,9.29673,12.9497,1,0.237905,0.0737554,0.092,1
270,172,2,8,1,0,10.2479,13.009,4,0.264559,-0.0187721,0.092,1
270,172,2,8,2,1,8.75078,13.1055,3,0.290903,0.178206,0.092,1
270,172,2,8,3,1,8.98995,13.5161,3,0.319312,0.120423,0.092,1
270,173,2,5,0,-1,15.1333,11.6427,1,-0.220866,0.232627,0.092,1
270,173,2,5,1,0,14.3324,12.3109,4,-0.354342,0.0704369,0.092,1
270,173,2,5,2,1,14.5206,10.9243,3,-0.102622,0.0975399,0.092,1
270,174,2,7,0,-1,-11.6307,-20.9106,1,-0.140635,-0.22602,0.089,1
270,174,2,7,1,0,-10.5943,-20.9742,4,-0.0655101,-0.261331,0.089,1
270,174,2,7,2,1,-11.5608,-19.9681,3,0.350492,0.0951859,0.089,1
270,174,2,7,3,1,-11.6545,-21.7687,3,0.225964,-0.595597,0.089,1
270,177,2,6,0,-1,-5.91208,-19.8939,1,-0.0881374,0.0133028,0.089,0
270,177,2,6,1,0,-5.29288,-19.0106,4,-0.156301,0.0680345,0.089,0
270,177,2,6,2,1,-6.71212,-19.0034,3,-0.154916,-0.0237963,0.089,0
270,177,2,6,3,1,-5.05972,-20.2913,3,0.00440679,0.0968274,0.089,0
270,181,2,5,0,-1,-13.7755,15.6838,1,0.142563,-0.422775,0.093,1
270,181,2,5,1,0,-12.8301,15.4467,4,0.0658553,-0.49147,0.093,1
270,181,2,5,2,1,-13.7921,16.4751,3,0.0958149,-0.461551,0.093,1
270,181,2,5,3,1,-14.0548,14.9554,3,0.051682,-0.440319,0.093,1
270,182,2,7,0,-1,-1.37823,4.67537,1,-0.333313,-0.237423,0.093,1
270,182,2,7,1,0,-1.93788,3.74277,4,-0.152363,-0.310046,0.093,1
270,182,2,7,2,1,-0.558485,4.22565,3,-0.112633,-0.501977,0.093,1
270,182,2,7,3,1,-2.18956,5.02003,3,-0.12834,-0.252835,0.093,1
270,183,2,6,0,-1,15.3677,12.4124,1,-0.0385812,0.173855,0.091,0
270,183,2,6,1,0,16.3836,12.6726,4,-0.0187007,0.0341309,0.091,0
270,186,2,9,0,-1,11.292,-18.1581,1,-0.340457,-0.315202,0.09,1
270,186,2,9,1,0,10.8032,-19.0871,4,-0.300896,-0.333807,0.09,1
270,186,2,9,2,1,12.1358,-18.6818,3,-0.324364,-0.272751,0.09,1
270,186,2,9,3,1,10.5035,-17.8109,3,-0.334002,-0.335359,0.09,1
270,188,2,6,0,-1,3.3419,-15.8948,1,0.360588,0.131903,0.09,1
270,188,2,6,1,0,4.39303,-15.8267,4,0.363008,0.169114,0.09,1
270,188,2,6,2,1,3.32003,-14.9304,3,0.557033,0.420702,0.09,1
270,188,2,6,3,1,3.51505,-16.7926,3,0.510112,0.0339193,0.09,1
270,191,2,8,0,-1,-0.581277,4.915,1,-0.384043,-0.265937,0.092,0
270,191,2,8,1,0,-1.45765,5.4463,4,-0.384196,-0.143827,0.092,0
270,191,2,8,2,1,-1.28252,3.94791,3,-0.283453,-0.0240835,0.092,0
270,191,2,8,3,1,-1.49121,6.79332,3,-0.403125,-0.114037,0.092,0
270,193,2,7,0,-1,-18.1469,-18.7269,1,0.0914093,-0.470887,0.089,1
270,193,2,7,1,0,-18.223,-19.7757,4,-0.060854,-0.457718,0.089,1
270,193,2,7,2,1,-17.1372,-18.8879,3,0.0360272,-0.578795,0.089,1
270,193,2,7,3,1,-19.045,-18.7585,3,0.155812,-0.287138,0.089,1
270,194,2,6,0,-1,-13.2364,15.0755,1,0.1004,-0.445824,0.094,0
270,194,2,6,1,0,-12.4375,14.4839,4,0.31901,-0.213609,0.094,0
270,194,2,6,2,1,-12.4543,15.8995,3,-0.241421,-0.255314,0.094,0
270,194,2,6,3,1,-13.7141,14.3033,3,0.365633,-0.515624,0.094,0
270,195,2,7,0,-1,2.76516,-18.548,1,-0.0890767,0.248883,0.091,1
270,195,2,7,1,0,3.66574,-17.9929,4,0.0997174,0.0180663,0.091,1
270,195,2,7,2,1,2.29024,-17.7839,3,0.13287,-0.0651689,0.091,1
270,195,2,7,3,1,3.36281,-19.255,3,-0.174675,0.123279,0.091,1
270,196,11,6,0,-1,2.44359,-11.9503,1,0.387254,0.0946796,0.065,1
270,196,11,6,1,0,1.3124,-11.177,3,0.620205,0.420807,0.065,1
270,196,11,6,2,0,1.6207,-12.9618,3,0.135989,0.256325,0.065,1
270,199,2,9,0,-1,9.75793,13.6152,1,0.316836,0.0119596,0.091,0
270,200,2,5,0,-1,-12.0947,12.0354,1,0.212222,-0.098482,0.094,0
270,200,2,5,1,0,-11.4892,11.2611,4,0.254443,-0.103556,0.094,0
270,200,2,5,2,1,-11.4422,12.6567,3,0.340353,-0.123892,0.094,0
270,203,2,7,0,-1,-12.5763,-11.0684,1,0.088967,0.0807415,0.093,1
270,203,2,7,1,0,-13.4992,-11.6561,4,-0.0241091,0.381142,0.093,1
270,203,2,7,2,1,-12.0822,-11.7674,3,-0.0532012,-0.242674,0.093,1
270,203,2,7,3,1,-13.368,-10.3303,3,0.00999697,0.401955,0.093,1
270,204,2,9,0,-1,11.5991,-8.94003,1,0.202937,0.37189,0.089,1
270,204,2,9,1,0,12.56,-8.47946,4,0.396886,-0.0681948,0.089,1
270,204,2,9,2,1,11.3276,-7.75217,3,0.707513,0.506078,0.089,1
270,204,2,9,3,1,12.1061,-9.71335,3,-0.0966609,0.101224,0.089,1
270,205,2,8,0,-1,5.30751,-17.5994,1,0.675596,-0.178224,0.09,1
270,205,2,8,1,0,6.33706,-17.8868,4,0.815767,0.311673,0.09,1
270,205,2,8,2,1,5.80554,-16.5899,3,0.0489898,0.00926531,0.09,1
270,205,2,8,3,1,5.32417,-18.7086,3,1.15214,-0.0785252,0.09,1
270,207,2,5,0,-1,8.58321,-13.8285,1,-0.610345,0.270379,0.09,0
270,208,2,10,0,-1,11.8516,-8.20184,1,0.520608,0.287539,0.088,0
270,208,2,10,1,0,11.8044,-7.15614,4,0.143835,0.321035,0.088,0
270,209,13,6,0,-1,-12.9516,17.0932,1,0.165839,-0.312813,0.118,0
270,209,13,6,1,0,-13.7344,17.6863,4,0.0223572,-0.52307,0.118,0
270,210,2,7,0,-1,0.309865,-16.6618,1,-0.0303833,0.131522,0.091,1
270,210,2,7,1,0,-0.658166,-16.1161,4,0.204574,0.341826,0.091,1
270,210,2,7,2,1,-0.821077,-17.5156,3,-0.819998,0.318526,0.091,1
270,210,2,7,3,1,0.626705,-15.9727,3,0.0828229,0.519605,0.091,1
270,211,4,7,0,-1,4.01288,2.8466,1,-0.0893951,0.0790059,0.574,0
270,213,11,7,0,-1,2.56328,-12.7283,1,0.154069,0.0857522,0.066,0
270,213,11,7,1,0,2.97494,-11.3982,3,0.569591,-0.0319424,0.066,0
270,215,2,8,0,-1,0.99879,-17.2683,1,-1.36623,-0.867831,0.092,0
300,0,1,0,0,-1,-13.1417,-3.12823,1,-0.0111542,0.0180929,0.7,1
300,0,1,0,1,0,-12.3656,-3.39279,8,-0.0122791,0.0149366,0.7,1
300,0,1,0,2,0,-13.3001,-2.32385,8,-0.00519215,0.018918,0.7,1
300,0,1,0,3,0,-13.6371,-3.63451,8,-0.0147404,0.021174,0.7,1
300,0,1,0,4,1,-11.6557,-3.63455,0,-0.0124726,0.0144688,0.7,1
300,56,2,3,0,-1,2.75671,-2.03769,1,0.451122,0.0101327,0.091,1
300,56,2,3,1,0,2.13583,-2.8732,4,0.211397,-0.0291045,0.091,1
300,56,2,3,2,1,3.55345,-2.96829,3,0.253546,-0.197518,0.091,1
300,56,2,3,3,1,1.8099,-1.61929,3,0.193123,0.103589,0.091,1
300,58,4,5,0,-1,3.52885,1.61048,1,0.0921834,-0.0193891,0.574,1
300,58,4,5,1,0,2.55236,1.08567,8,0.156906,-0.0623445,0.574,1
300,58,4,5,2,1,1.62616,0.728413,12,0.197389,-0.107272,0.574,1
300,58,4,5,3,0,4.59383,1.24792,8,0.0824169,-0.00805064,0.574,1
300,58,4,5,4,3,5.49795,0.845684,12,0.0724885,-0.00858154,0.574,1
300,58,4,5,5,0,3.71459,2.68927,8,0.0176089,-0.0157235,0.574,1
300,58,4,5,6,5,4.08493,3.61462,12,0.0105599,-0.019246,0.574,1
300,71,2,7,0,-1,12.8749,-1.47361,1,0.0400106,0.240081,0.09,1
300,71,2,7,1,0,13.0361,-0.451666,4,0.113642,0.21965,0.09,1
300,71,2,7,2,1,12.0141,-1.43462,3,0.0584402,0.274236,0.09,1
300,71,2,7,3,1,13.7021,-1.58433,3,0.0702311,0.194514,0.09,1
300,90,4,6,0,-1,4.15464,2.0212,1,-0.0024348,-0.0227092,0.575,1
300,90,4,6,1,0,5.10519,2.59319,8,-0.013972,-0.0290177,0.575,1
300,90,4,6,2,1,5.99007,3.03112,12,-0.0151633,-0.0328193,0.575,1
300,90,4,6,3,0,3.08789,2.34446,8,0.00840447,-0.000130823,0.575,1
300,90,4,6,4,3,2.17884,2.7188,12,0.025884,0.0293997,0.575,1
300,90,4,6,5,0,3.96598,0.90989,8,0.00336344,0.0303422,0.575,1
300,90,4,6,6,5,3.70695,-0.0468391,12,-0.0317557,0.074603,0.575,1
300,113,2,8,0,-1,20.8006,-11.5149,1,0.178872,0.00513755,0.089,1
300,113,2,8,1,0,21.8418,-11.601,4,0.18351,-0.0629518,0.089,1
300,113,2,8,2,1,20.9208,-10.5473,3,0.204979,-0.0569715,0.089,1
300,113,2,8,3,1,20.7712,-12.3626,3,0.113174,0.0505726,0.089,1
300,125,2,4,0,-1,-14.9917,11.9907,1,0.35325,-0.314548,0.093,1
300,125,2,4,1,0,-14.5811,11.0997,4,0.281568,-0.343333,0.093,1
300,125,2,4,2,1,-14.192,12.4286,3,0.464025,-0.388102,0.093,1
300,125,2,4,3,1,-15.83,11.4883,3,0.295919,-0.28288,0.093,1
300,135,2,5,0,-1,-15.2095,-12.3061,1,0.314349,-0.440045,0.091,1
300,135,2,5,1,0,-14.4019,-12.9832,4,0.451837,-0.344291,0.091,1
300,135,2,5,2,1,-14.7234,-11.6459,3,0.205536,-0.44443,0.091,1
300,135,2,5,3,1,-15.706,-12.9632,3,0.463166,-0.865889,0.091,1
300,144,11,5,0,-1,-18.3114,-23.0291,1,0.069297,-0.568322,0.064,1
300,144,11,5,1,0,-17.7927,-21.7289,3,-0.119975,-0.491005,0.064,1
300,144,11,5,2,0,-19.4818,-22.4439,3,-0.0158812,-0.739367,0.064,1
300,148,2,8,0,-1,10.8094,-9.63328,1,-0.398467,-0.0958256,0.089,1
300,148,2,8,1,0,9.75162,-9.69643,4,-0.415636,-0.090222,0.089,1
300,148,2,8,2,1,10.7421,-10.677,3,-0.486684,-0.158077,0.089,1
300,148,2,8,3,1,10.6304,-8.74114,3,-0.519212,-0.101724,0.089,1
300,153,2,6,0,-1,-12.9949,-8.12933,1,0.26138,0.0677574,0.094,1
300,153,2,6,1,0,-12.007,-7.7609,4,0.171372,0.296416,0.094,1
300,153,2,6,2,1,-13.2357,-7.10006,3,-0.0509442,-0.0846579,0.094,1
300,153,2,6,3,1,-12.5518,-8.95651,3,0.301063,0.256433,0.094,1
300,164,13,5,0,-1,-12.9594,11.5068,1,0.60549,-0.313089,0.118,1
300,164,13,5,1,0,-12.0377,11.8385,4,0.449261,0.11439,0.118,1
300,164,13,5,2,1,-11.6409,12.1703,3,0.295731,0.31144,0.118,1
300,164,13,5,3,1,-13.3488,12.3519,3,0.222257,-0.4555,0.118,1
300,164,13,5,4,1,-12.4199,10.5888,3,1.04784,-0.101967,0.118,1
300,166,2,7,0,-1,2.60428,8.87932,1,-0.280554,-0.0570651,0.093,1
300,166,2,7,1,0,1.6118,9.19972,4,-0.307719,-0.0120304,0.093,1
300,166,2,7,2,1,2.26594,7.92703,3,-0.369258,-0.027123,0.093,1
300,166,2,7,3,1,2.8117,9.7263,3,-0.330325,-0.00884147,0.093,1
300,172,2,8,0,-1,11.5052,13.1141,1,0.0585618,-0.525448,0.092,1
300,172,2,8,1,0,10.928,12.2172,4,-0.42682,-0.264502,0.092,1
300,172,2,8,2,1,12.3212,12.3056,3,-0.370668,-1.17235,0.092,1
300,172,2,8,3,1,10.6596,13.4958,3,0.0181363,-0.220158,0.092,1
300,182,2,7,0,-1,-1.55953,1.3718,1,-0.377066,-0.0485102,0.093,1
300,182,2,7,1,0,-2.44754,0.8162,4,-0.412141,0.00149855,0.093,1
300,182,2,7,2,1,-1.00336,0.514243,3,-0.438688,-0.0826345,0.093,1
300,182,2,7,3,1,-2.02868,2.05335,3,-0.465319,0.026814,0.093,1
300,188,2,6,0,-1,3.64964,-22.9692,1,0.175049,0.0957602,0.09,1
300,188,2,6,1,0,4.45808,-23.5999,4,0.235563,0.120944,0.09,1
300,188,2,6,2,1,4.16901,-22.1947,3,0.244031,0.124834,0.09,1
300,188,2,6,3,1,3.13899,-23.6218,3,0.250743,0.027303,0.09,1
300,195,2,7,0,-1,-6.60782,-14.3526,1,-0.165815,0.47569,0.091,1
300,195,2,7,1,0,-7.62144,-14.0728,4,-0.267515,0.162828,0.091,1
300,195,2,7,2,1,-7.00466,-15.3219,3,0.048237,0.331602,0.091,1
300,195,2,7,3,1,-6.45704,-13.4562,3,-0.477281,0.50487,0.091,1
300,196,11,6,0,-1,1.5197,-22.7676,1,-0.215714,-0.753832,0.065,1
300,196,11,6,1,0,2.69001,-22.0457,3,-0.213718,-0.757515,0.065,1
300,196,11,6,2,0,0.924641,-21.6025,3,-0.205888,-0.749067,0.065,1
300,199,2,9,0,-1,11.2277,13.8824,1,0.10606,-0.484467,0.091,0
300,200,2,5,0,-1,-6.40101,8.04364,1,-0.316738,-0.0729072,0.094,1
300,200,2,5,1,0,-7.38532,8.18509,4,-0.245575,0.197759,0.094,1
300,200,2,5,2,1,-6.49181,7.11811,3,-0.605088,-0.16248,0.094,1
300,200,2,5,3,1,-6.39848,9.04253,3,0.0102765,-0.0956585,0.094,1
300,203,2,7,0,-1,-13.6599,-10.8316,1,0.0374666,-0.261497,0.093,1
300,203,2,7,1,0,-13.0937,-11.706,4,0.455021,-0.0820716,0.093,1
300,203,2,7,2,1,-13.003,-10.3149,3,0.205997,-0.191629,0.093,1
300,203,2,7,3,1,-14.297,-11.1722,3,0.161183,-0.660361,0.093,1
300,204,2,9,0,-1,12.1268,-12.0395,1,-0.00352369,-0.0439393,0.089,1
300,204,2,9,1,0,11.1606,-12.4932,4,-0.109085,0.22119,0.089,1
300,204,2,9,2,1,12.3759,-13.2346,3,-0.474119,-0.391669,0.089,1
300,204,2,9,3,1,11.553,-11.2564,3,0.118414,0.0971329,0.089,1
300,205,2,8,0,-1,10.8039,-13.9411,1,-0.360711,0.170113,0.09,1
300,205,2,8,1,0,10.1267,-13.1239,4,-0.626572,-0.351131,0.09,1
300,205,2,8,2,1,10.0237,-14.517,3,0.0613191,-0.485561,0.09,1
300,205,2,8,3,1,11.4566,-13.2602,3,-0.545005,0.0422053,0.09,1
300,208,2,10,0,-1,11.8871,-12.7821,1,-0.138312,-0.0553324,0.088,0
300,208,2,10,1,0,10.8601,-13.1657,4,-0.435152,0.575281,0.088,0
300,208,2,10,2,1,11.911,-14.1093,3,-0.997167,-0.0701735,0.088,0
300,210,2,7,0,-1,-5.9762,-8.24687,1,-0.219455,0.103437,0.091,1
300,210,2,7,1,0,-6.72243,-8.95382,4,0.0450139,-0.181558,0.091,1
300,210,2,7,2,1,-5.3413,-8.7989,3,0.0322767,-0.108237,0.091,1
300,210,2,7,3,1,-6.54125,-7.66238,3,-0.35863,-0.0980752,0.091,1
300,211,4,7,0,-1,4.35042,2.83631,1,-0.0515875,-0.0697437,0.574,0
300,211,4,7,1,0,5.25263,3.46894,8,-0.100437,-0.094649,0.574,0
300,211,4,7,2,1,6.12013,3.94151,12,-0.175833,-0.00623475,0.574,0
300,211,4,7,3,0,3.34137,3.34732,8,-0.0130538,-0.000180378,0.574,0
300,213,11,7,0,-1,2.74082,-3.09447,1,-0.148232,0.264486,0.066,1
300,213,11,7,1,0,1.38054,-2.79554,3,-0.103315,-0.0809971,0.066,1
300,213,11,7,2,0,2.53242,-4.38465,3,0.657602,0.221147,0.066,1
300,215,2,8,0,-1,-4.25607,-15.9067,1,-0.00359676,-0.378273,0.092,1
300,215,2,8,1,0,-3.4942,-16.617,4,0.330373,-0.0674384,0.092,1
300,215,2,8,2,1,-3.13888,-15.2537,13,-0.142856,0.0572893,0.092,1
300,215,2,8,3,1,-4.78599,-16.8964,3,0.477485,-0.563875,0.092,1
300,216,2,9,0,-1,11.147,-14.6667,1,0.0668162,0.534041,0.091,0
300,217,2,8,0,-1,-8.13683,-7.72875,1,-0.414201,-0.25711,0.093,1
300,217,2,8,1,0,-8.53842,-8.68528,4,-0.304138,-0.322162,0.093,1
300,217,2,8,2,1,-7.18774,-8.27435,3,-0.332467,-0.263467,0.093,1
300,217,2,8,3,1,-9.10515,-7.49401,3,-0.436497,-0.403561,0.093,1
300,221,11,6,0,-1,-2.40488,-14.2839,1,-0.234002,0.364412,0.064,1
300,221,11,6,1,0,-2.23301,-15.6716,3,0.0857635,0.413254,0.064,1
300,221,11,6,2,0,-1.09716,-14.212,3,-0.244954,0.508281,0.064,1
300,222,2,9,0,-1,11.0012,-7.59116,1,-0.386535,-0.473441,0.088,1
300,222,2,9,1,0,10.0267,-8.00031,4,-0.628115,0.0509089,0.088,1
300,222,2,9,2,1,11.2681,-8.63277,3,-0.927446,-0.693565,0.088,1
300,222,2,9,3,1,10.5574,-6.7959,3,-0.0852975,-0.185865,0.088,1
300,223,2,6,0,-1,-9.99605,8.51764,1,0.490161,-0.0972303,0.094,1
300,223,2,6,1,0,-9.19909,7.8988,4,0.278023,-0.354369,0.094,1
300,223,2,6,2,1,-9.39092,9.26154,3,0.816935,-0.26219,0.094,1
300,223,2,6,3,1,-10.459,7.55382,3,0.150584,0.0762348,0.094,1
300,227,2,7,0,-1,4.45891,-22.8754,1,0.183407,-0.0892949,0.091,0
300,228,2,9,0,-1,-13.2897,-15.5595,1,-0.87266,-0.604448,0.092,1
300,228,2,9,1,0,-14.2174,-15.0211,4,-0.435914,0.155634,0.092,1
300,228,2,9,2,1,-14.198,-16.4256,3,-1.51406,0.140538,0.092,1
300,228,2,9,3,1,-12.9947,-14.5064,3,-0.0124086,-0.803667,0.092,1
300,230,11,8,0,-1,2.69863,-10.2038,1,-0.139563,0.464827,0.065,1
300,230,11,8,1,0,2.90544,-11.5548,3,-0.173922,0.418026,0.065,1
300,231,2,7,0,-1,-11.4697,-9.80518,1,0.14485,0.00134474,0.095,1
300,231,2,7,1,0,-11.5913,-8.79806,4,0.485833,0.13078,0.095,1
300,231,2,7,2,1,-12.2669,-10.0171,3,0.177673,0.356346,0.095,1
300,231,2,7,3,1,-10.643,-9.74387,3,-0.13176,-0.359836,0.095,1
300,232,2,8,0,-1,11.7567,9.99731,1,0.587251,0.130044,0.092,1
300,232,2,8,1,0,11.8207,11.0693,4,0.285719,0.286805,0.092,1
300,232,2,8,2,1,10.7073,10.1989,3,-0.119081,0.573936,0.092,1
300,232,2,8,3,1,12.5705,10.0057,3,-0.0227655,0.158428,0.092,1
300,234,2,4,0,-1,3.29935,-5.899,1,0.205048,0.244196,0.092,1
300,234,2,4,1,0,3.23323,-4.85024,4,0.329662,0.253502,0.092,1
300,234,2,4,2,1,2.30345,-5.88275,3,0.16031,0.402124,0.092,1
300,234,2,4,3,1,4.14671,-5.79113,3,0.243933,0.168785,0.092,1
300,235,2,9,0,-1,-4.1824,-15.0948,1,-0.313852,-0.339305,0.093,0
300,235,2,9,1,0,-3.59779,-14.2535,4,-0.58858,-0.138078,0.093,0
300,236,2,7,0,-1,-8.97526,-0.0854915,1,-0.421809,-0.199199,0.093,1
300,236,2,7,1,0,-9.94769,-0.15847,4,-0.424096,-0.159666,0.093,1
300,236,2,7,2,1,-8.81853,-0.976778,3,-0.452522,-0.197198,0.093,1
300,236,2,7,3,1,-9.15708,0.884796,3,-0.366532,-0.202145,0.093,1
300,238,2,8,0,-1,3.20787,-12.1676,1,-0.265251,0.685259,0.092,1
300,238,2,8,1,0,2.17673,-11.8322,4,-0.434702,-0.303195,0.092,1
300,238,2,8,2,1,2.72468,-13.1323,3,0.643006,0.0447082,0.092,1
300,238,2,8,3,1,3.26911,-11.0376,3,-0.998651,0.600817,0.092,1
300,239,11,9,0,-1,3.54972,-7.72722,1,0.0409396,-0.0363117,0.064,1
300,239,11,9,1,0,3.51372,-9.10718,3,-0.710294,-0.0184967,0.064,1
300,240,11,6,0,-1,-17.6835,-22.536,1,-0.00948986,-0.470104,0.065,0
300,241,2,8,0,-1,12.3749,-0.826308,1,0.0571067,0.27216,0.091,0
300,241,2,8,1,0,11.34,-1.01114,4,0.0467835,0.298352,0.091,0
300,242,2,8,0,-1,0.87177,4.41909,1,0.195647,-0.601433,0.092,1
300,242,2,8,1,0,1.76728,3.85303,4,0.531548,-0.0920811,0.092,1
300,242,2,8,2,1,1.55879,5.3197,3,-0.209866,-0.196248,0.092,1
300,242,2,8,3,1,0.501412,3.53014,3,0.72667,-0.894576,0.092,1
300,245,2,8,0,-1,-2.31766,-12.3984,1,0.34276,0.0384358,0.09,1
300,245,2,8,1,0,-1.2934,-12.4072,4,0.348805,-0.0422918,0.09,1
300,245,2,8,2,1,-2.20067,-11.3429,3,0.506768,0.0903868,0.09,1
300,245,2,8,3,1,-2.31643,-13.2176,3,0.314954,0.0107888,0.09,1
300,247,2,6,0,-1,-5.57575,8.10271,1,-0.358808,0.19793,0.093,0
300,247,2,6,1,0,-4.59934,8.27528,4,-0.489762,0.853017,0.093,0
300,249,11,8,0,-1,-6.76602,-4.99476,1,-0.749897,0.215572,0.067,1
300,249,11,8,1,0,-6.17636,-6.23648,3,-0.745142,0.219804,0.067,1
300,249,11,8,2,0,-5.539,-4.54221,3,-0.73647,0.174013,0.067,1
300,250,2,4,0,-1,-1.87634,-0.902184,1,-0.438436,0.00368208,0.091,1
300,250,2,4,1,0,-2.84006,-1.33338,4,-0.330413,-0.302008,0.091,1
300,250,2,4,2,1,-1.50381,-1.69991,3,-0.361691,-0.318767,0.091,1
300,250,2,4,3,1,-2.29534,-0.143888,3,-0.606069,-0.1804,0.091,1
300,251,2,9,0,-1,-7.62859,-7.11785,1,-0.418359,-0.259239,0.092,0
300,251,2,9,1,0,-7.69708,-6.06656,4,0.409323,-0.235787,0.092,0
300,253,2,10,0,-1,-9.83377,-14.894,1,-0.456413,-0.384462,0.091,1
300,253,2,10,1,0,-10.6282,-14.193,4,0.0652323,0.197002,0.091,1
300,253,2,10,2,1,-10.7004,-15.5942,3,-0.880099,0.256526,0.091,1
300,253,2,10,3,1,-9.31,-14.0342,3,0.194968,-0.824966,0.091,1
300,255,2,9,0,-1,11.594,-9.8399,1,-0.381847,-0.0983218,0.088,0
300,255,2,9,1,0,12.5896,-10.2028,4,-0.366724,-0.240978,0.088,0
300,255,2,9,2,1,12.0131,-8.96296,3,-0.0514079,-0.164948,0.088,0
300,256,2,8,0,-1,-10.9311,-10.3569,1,0.0568976,-0.216596,0.096,0
300,256,2,8,1,0,-9.97133,-10.2076,4,0.185574,-0.131067,0.096,0
300,256,2,8,2,1,-10.7717,-9.03151,3,0.598043,0.073744,0.096,0
300,257,11,10,0,-1,2.76242,-7.58413,1,0.0512339,0.0189221,0.064,0
300,258,2,8,0,-1,1.87993,8.52744,1,-0.293492,0.0214427,0.094,0
300,260,2,7,0,-1,-10.6879,8.98535,1,0.314135,-0.346036,0.095,0
300,260,2,7,1,0,-11.4189,9.6621,4,0.748459,0.149651,0.095,0
300,260,2,7,2,1,-11.3963,8.28765,3,-0.411622,0.111971,0.095,0
300,261,2,9,0,-1,11.037,9.48097,1,-0.0700496,0.439531,0.093,0
300,261,2,9,1,0,11.7948,8.80382,4,-0.271553,0.555362,0.093,0
300,261,2,9,2,1,11.2646,10.1325,3,-0.339023,0.70076,0.093,0
300,262,11,8,0,-1,2.05425,-3.61452,1,0.309411,-0.880197,0.065,0
330,56,2,3,0,-1,0.98033,6.26167,1,-0.257994,0.499731,0.091,1
330,56,2,3,1,0,1.97241,6.57143,4,0.0664212,-0.0118488,0.091,1
330,56,2,3,2,1,0.663738,7.12105,3,0.490811,0.789772,0.091,1
330,56,2,3,3,1,1.38368,5.35975,3,-0.0527716,0.0251266,0.091,1
330,58,4,5,0,-1,4.71553,2.49187,1,-0.0224466,0.0678798,0.574,1
330,58,4,5,1,0,3.62117,2.59059,8,-0.0179356,0.136505,0.574,1
330,58,4,5,2,1,2.64488,2.73497,12,-0.00937188,0.205728,0.574,1
330,58,4,5,3,0,5.25404,1.51359,8,-0.0294888,0.0714825,0.574,1
330,58,4,5,4,3,5.6564,0.615124,12,-0.062915,0.0650769,0.574,1
330,58,4,5,5,0,5.49489,3.26453,8,0.0251741,0.0149721,0.574,1
330,58,4,5,6,5,6.30182,3.8461,12,0.0562282,-0.029162,0.574,1
330,90,4,6,0,-1,5.44623,2.51614,1,-0.0105281,-7.14957e-05,0.575,1
330,90,4,6,1,0,6.56269,2.35305,8,-0.0205336,0.00540368,0.575,1
330,90,4,6,2,1,7.52274,2.10426,12,-0.0291362,0.019159,0.575,1
330,90,4,6,3,0,4.80068,3.43834,8,-0.00747953,-0.00409641,0.575,1
330,90,4,6,4,3,4.30327,4.2922,12,-0.00111085,0.00208671,0.575,1
330,90,4,6,5,0,4.57373,1.77877,8,-0.00065489,-0.00550003,0.575,1
330,90,4,6,6,5,3.72057,1.27667,12,0.0352975,-0.0603892,0.575,1
330,135,2,5,0,-1,-17.4546,-8.57758,1,-0.149944,0.422519,0.091,1
330,135,2,5,1,0,-18.1474,-7.78891,4,-0.237378,0.344635,0.091,1
330,135,2,5,2,1,-18.2602,-9.17897,3,-0.0984372,0.344039,0.091,1
330,135,2,5,3,1,-16.8465,-7.95409,3,-0.216933,0.467165,0.091,1
330,148,2,8,0,-1,2.98736,-0.175754,1,-0.341796,0.0892115,0.089,1
330,148,2,8,1,0,2.27518,0.594352,4,-0.210092,0.189956,0.089,1
330,148,2,8,2,1,2.20889,-0.805412,3,-0.619175,0.180853,0.089,1
330,148,2,8,3,1,3.57762,0.474226,3,-0.23175,0.00196968,0.089,1
330,164,13,5,0,-1,-0.687015,16.2065,1,0.0287695,0.0191737,0.118,1
330,164,13,5,1,0,-0.186279,15.3826,4,-0.119622,-0.0709174,0.118,1
330,164,13,5,2,1,0.194939,15.0877,3,-0.189742,-0.1427,0.118,1
330,164,13,5,3,1,0.0614017,16.7496,3,0.225711,-0.131978,0.118,1
330,164,13,5,4,1,-1.46947,15.5621,3,-0.122865,-0.0729707,0.118,1
330,166,2,7,0,-1,0.327387,14.0303,1,-0.239121,0.0505512,0.093,1
330,166,2,7,1,0,-0.50255,14.6516,4,-0.222279,0.0063672,0.093,1
330,166,2,7,2,1,-0.24071,13.2505,3,-0.063035,0.0320066,0.093,1
330,166,2,7,3,1,0.818285,14.6988,3,-0.189708,-0.0351101,0.093,1
330,172,2,8,0,-1,5.57783,17.7113,1,0.333297,0.360631,0.092,1
330,172,2,8,1,0,6.56696,17.3114,4,0.200389,0.105488,0.092,1
330,172,2,8,2,1,5.98769,18.5723,3,0.712712,0.382913,0.092,1
330,172,2,8,3,1,5.37361,16.7907,3,0.072697,0.346462,0.092,1
330,195,2,7,0,-1,-2.01024,-14.8342,1,-0.159706,-0.150346,0.091,1
330,195,2,7,1,0,-2.27457,-15.8463,4,-0.32776,-0.0245857,0.091,1
330,195,2,7,2,1,-1.09203,-15.1182,3,-0.0229358,-0.394432,0.091,1
330,195,2,7,3,1,-3.17623,-14.815,3,0.0276013,0.332879,0.091,1
330,199,2,9,0,-1,5.11746,18.3955,1,0.517865,0.466405,0.091,0
330,199,2,9,1,0,5.68516,19.2918,4,0.43109,0.486882,0.091,0
330,199,2,9,2,1,4.2902,19.1898,3,0.416951,0.238946,0.091,0
330,200,2,5,0,-1,0.505437,10.4762,1,0.116503,-0.438783,0.094,1
330,200,2,5,1,0,0.916312,9.59244,4,0.302326,-0.354505,0.094,1
330,200,2,5,2,1,1.26285,10.945,3,0.0480743,-0.290912,0.094,1
330,200,2,5,3,1,-0.334219,9.97673,3,0.220877,-0.617758,0.094,1
330,203,2,7,0,-1,-11.4346,-11.7929,1,-0.290473,-0.292369,0.093,1
330,203,2,7,1,0,-12.3178,-12.421,4,-0.607856,0.150404,0.093,1
330,203,2,7,2,1,-11.0315,-12.957,3,-0.869223,-0.476781,0.093,1
330,203,2,7,3,1,-12.0493,-11.1585,3,0.19017,-0.0760934,0.093,1
330,205,2,8,0,-1,7.15631,-18.7458,1,0.272749,0.212354,0.09,1
330,205,2,8,1,0,7.71139,-17.8612,4,0.270638,0.194902,0.09,1
330,205,2,8,2,1,6.34768,-18.1855,3,0.281963,0.134783,0.09,1
330,205,2,8,3,1,7.89775,-19.1614,3,0.173551,0.176886,0.09,1
330,210,2,7,0,-1,-1.81058,-11.5807,1,-0.139765,0.128038,0.091,1
330,210,2,7,1,0,-2.20271,-10.6309,4,-0.167558,0.110085,0.091,1
330,210,2,7,2,1,-2.87503,-11.8556,3,-0.107277,0.0878311,0.091,1
330,210,2,7,3,1,-1.04089,-11.2293,3,-0.133489,0.154387,0.091,1
330,211,4,7,0,-1,6.13386,3.00319,1,0.0140469,-0.0123153,0.574,0
330,211,4,7,1,0,7.21495,3.21339,8,0.0207224,0.0024796,0.574,0
330,211,4,7,2,1,8.20078,3.28899,12,0.0240608,0.0298197,0.574,0
330,211,4,7,3,0,5.49017,3.94423,8,0.0284619,-0.000406036,0.574,0
330,211,4,7,4,3,5.00372,4.80425,12,0.000253897,-0.0118062,0.574,0
330,211,4,7,5,0,5.92091,1.91191,8,0.0221413,-0.0194861,0.574,0
330,215,2,8,0,-1,1.15033,-11.1614,1,-0.195178,0.0387931,0.092,1
330,215,2,8,1,0,0.165681,-11.4499,4,-0.064337,-0.241292,0.092,1
330,215,2,8,2,1,1.36988,-12.2227,13,0.205534,0.129965,0.092,1
330,215,2,8,3,1,0.818187,-10.3177,3,-0.585172,0.0881468,0.092,1
330,217,2,8,0,-1,-9.69441,-9.48651,1,-0.0513237,-0.470446,0.093,1
330,217,2,8,1,0,-10.5752,-10.0705,4,-0.3056,-0.0998155,0.093,1
330,217,2,8,2,1,-9.25526,-10.3879,3,-0.33732,-0.28287,0.093,1
330,217,2,8,3,1,-10.2801,-8.78787,3,0.281721,-0.248437,0.093,1
330,222,2,9,0,-1,11.8256,-7.68114,1,0.936924,-0.272144,0.088,1
330,222,2,9,1,0,12.7981,-7.30706,4,0.477479,-0.111903,0.088,1
330,222,2,9,2,1,11.5675,-6.59253,3,-0.0341004,-0.469399,0.088,1
330,222,2,9,3,1,12.3813,-8.55571,3,0.513584,-0.289139,0.088,1
330,223,2,6,0,-1,-12.0487,9.44309,1,0.110373,0.262761,0.094,1
330,223,2,6,1,0,-11.6857,10.3426,4,0.300096,0.260372,0.094,1
330,223,2,6,2,1,-12.7766,9.4639,3,0.15184,0.6205,0.094,1
330,223,2,6,3,1,-11.3794,9.04049,3,0.402207,0.257757,0.094,1
330,228,2,9,0,-1,-19.9699,-8.45704,1,-0.0665689,0.371879,0.092,1
330,228,2,9,1,0,-19.7649,-7.43269,4,0.00993345,0.339326,0.092,1
330,228,2,9,2,1,-20.9303,-8.20854,3,-0.0357611,0.396458,0.092,1
330,228,2,9,3,1,-19.1038,-8.57109,3,-0.121971,0.282321,0.092,1
330,230,11,8,0,-1,-1.96811,-9.67795,1,-0.363537,0.163253,0.065,1
330,230,11,8,1,0,-0.68271,-9.18686,3,-0.262129,-0.0520294,0.065,1
330,231,2,7,0,-1,-13.0799,-7.93976,1,0.244809,0.502473,0.095,1
330,231,2,7,1,0,-12.18,-7.38223,4,0.359025,0.371315,0.095,1
330,231,2,7,2,1,-13.5144,-6.96283,3,0.443647,0.517211,0.095,1
330,231,2,7,3,1,-12.4725,-8.64715,3,0.277443,0.402414,0.095,1
330,232,2,8,0,-1,16.3981,10.1849,1,-0.119135,0.33349,0.092,1
330,232,2,8,1,0,16.4206,11.2716,4,-0.282791,0.260367,0.092,1
330,232,2,8,2,1,15.3713,10.325,3,-0.0545295,-0.0421099,0.092,1
330,232,2,8,3,1,17.4303,10.4036,3,-0.482598,0.00118986,0.092,1
330,235,2,9,0,-1,-1.81508,-16.9756,1,-0.199593,-0.144916,0.093,1
330,235,2,9,1,0,-1.18651,-17.7797,4,0.00298102,-0.000721837,0.093,1
330,235,2,9,2,1,-0.993743,-16.3999,13,-0.0371576,-0.0170596,0.093,1
330,235,2,9,3,1,-2.45945,-17.4448,3,-0.104642,-0.372178,0.093,1
330,238,2,8,0,-1,2.72894,-9.30996,1,-0.0835537,0.233129,0.092,1
330,238,2,8,1,0,1.74585,-8.94387,4,-0.0305531,0.392535,0.092,1
330,238,2,8,2,1,2.35243,-10.1992,3,-0.341264,0.238895,0.092,1
330,238,2,8,3,1,2.97702,-8.4973,3,0.0175325,0.252771,0.092,1
330,242,2,8,0,-1,10.9541,5.43537,1,0.383182,0.42576,0.092,1
330,242,2,8,1,0,11.4042,6.3809,4,0.748077,0.23975,0.092,1
330,242,2,8,2,1,10.0314,5.84472,3,0.493322,0.748124,0.092,1
330,242,2,8,3,1,11.7177,5.10506,3,0.312132,0.155942,0.092,1
330,245,2,8,0,-1,5.20798,-22.1759,1,0.134914,-0.419094,0.09,1
330,245,2,8,1,0,5.17032,-23.1988,4,0.130446,-0.411833,0.09,1
330,245,2,8,2,1,6.27436,-22.3509,3,0.141838,-0.452654,0.09,1
330,245,2,8,3,1,4.38424,-22.1463,3,0.148839,-0.367934,0.09,1
330,247,2,6,0,-1,-4.55607,6.16593,1,0.315973,-0.290217,0.093,1
330,247,2,6,1,0,-4.07004,5.31801,4,0.391536,-0.250536,0.093,1
330,247,2,6,2,1,-3.77845,6.63477,3,0.26014,-0.222848,0.093,1
330,247,2,6,3,1,-5.33918,5.58864,3,0.367429,-0.34228,0.093,1
330,250,2,4,0,-1,-5.3047,3.24509,1,0.380757,-0.0473095,0.091,1
330,250,2,4,1,0,-4.26136,3.36347,4,0.388472,-0.114583,0.091,1
330,250,2,4,2,1,-5.34021,4.24104,3,0.428719,-0.0511025,0.091,1
330,250,2,4,3,1,-5.15399,2.40127,3,0.321486,-0.0496176,0.091,1
330,253,2,10,0,-1,-9.13662,-11.7884,1,-0.0478429,-0.505807,0.091,1
330,253,2,10,1,0,-9.35494,-12.8033,4,-0.183512,-0.400128,0.091,1
330,253,2,10,2,1,-8.16255,-12.0887,3,-0.0680047,-0.523239,0.091,1
330,253,2,10,3,1,-9.99679,-11.6548,3,0.00628704,-0.246801,0.091,1
330,255,2,9,0,-1,15.4657,-10.4526,1,-0.183099,-0.113628,0.088,1
330,255,2,9,1,0,14.5487,-9.98715,4,-0.105127,0.128519,0.088,1
330,255,2,9,2,1,14.9859,-11.3223,3,-0.451494,0.117372,0.088,1
330,255,2,9,3,1,15.8563,-9.6031,3,-0.115382,0.077246,0.088,1
330,256,2,8,0,-1,-3.96596,-10.1529,1,0.0205596,0.452161,0.096,1
330,256,2,8,1,0,-3.64568,-9.23935,4,0.202831,0.392959,0.096,1
330,256,2,8,2,1,-4.95636,-9.71995,3,0.153143,0.49623,0.096,1
330,256,2,8,3,1,-3.23161,-10.4854,3,-0.04159,0.344115,0.096,1
330,258,2,8,0,-1,-0.473555,13.9274,1,-0.254897,-0.0151919,0.094,0
330,260,2,7,0,-1,-14.0505,10.4167,1,0.0643604,0.265242,0.095,1
330,260,2,7,1,0,-13.4497,11.141,4,0.0999094,0.208441,0.095,1
330,260,2,7,2,1,-14.7412,10.6281,3,-0.0360728,0.242961,0.095,1
330,260,2,7,3,1,-13.4774,9.82495,3,0.152853,0.311273,0.095,1
330,261,2,9,0,-1,8.94235,8.06364,1,0.49403,0.197889,0.093,1
330,261,2,9,1,0,9.78629,8.6996,4,0.379584,0.339324,0.093,1
330,261,2,9,2,1,8.40551,8.90923,3,0.343091,0.172743,0.093,1
330,261,2,9,3,1,9.57452,7.42029,3,0.653661,0.285664,0.093,1
330,263,2,8,0,-1,-2.52668,-14.2455,1,-0.0350774,-0.110324,0.092,0
330,263,2,8,1,0,-2.75453,-15.2773,4,-0.156032,-0.109467,0.092,0
330,265,2,8,0,-1,-11.375,-10.9521,1,-0.18752,-0.299109,0.094,0
330,265,2,8,1,0,-11.2717,-9.88023,4,-0.418974,-0.318678,0.094,0
330,265,2,8,2,1,-12.4676,-10.5815,3,-0.372607,-0.447703,0.094,0
330,267,2,4,0,-1,1.84525,5.89572,1,-0.128383,0.186004,0.092,1
330,267,2,4,1,0,1.42493,6.884,4,-0.146461,0.171069,0.092,1
330,267,2,4,2,1,0.768217,5.61698,3,-0.344559,0.26175,0.092,1
330,267,2,4,3,1,2.66474,6.24416,3,-0.0558245,0.443101,0.092,1
330,268,2,9,0,-1,-8.59857,-6.25124,1,-0.0124925,-0.0382433,0.097,1
330,268,2,9,1,0,-9.14837,-5.45785,4,0.0818384,0.0278368,0.097,1
330,268,2,9,2,1,-9.53341,-6.80375,3,-0.0477004,0.0667688,0.097,1
330,269,13,6,0,-1,-5.41779,17.8197,1,0.254306,0.156866,0.119,1
330,269,13,6,1,0,-4.62745,18.3865,4,0.2973,0.096725,0.119,1
330,269,13,6,2,1,-4.34837,18.8147,3,0.331294,0.0764731,0.119,1
330,269,13,6,3,1,-6.02274,18.4764,3,0.301845,0.189189,0.119,1
330,269,13,6,4,1,-4.7456,17.0876,3,0.192683,0.107246,0.119,1
330,272,2,7,0,-1,-11.3794,9.81169,1,0.186176,0.435917,0.093,1
330,272,2,7,1,0,-10.8541,10.6066,4,0.203644,0.473686,0.093,1
330,272,2,7,2,1,-12.2922,10.5792,3,0.241411,0.505144,0.093,1
330,272,2,7,3,1,-10.5772,9.39184,3,-0.127341,0.397722,0.093,1
330,273,2,9,0,-1,12.4888,10.3879,1,-0.397129,0.258676,0.092,1
330,273,2,9,1,0,11.853,11.2251,4,-0.112813,0.466977,0.092,1
330,273,2,9,2,1,11.5957,9.8511,3,-0.563933,0.560466,0.092,1
330,273,2,9,3,1,13.1467,10.9963,3,-0.175893,0.0458614,0.092,1
330,278,11,9,0,-1,-1.48732,-10.3203,1,-0.502146,0.0665062,0.065,0
330,280,2,9,0,-1,-0.341286,-15.3465,1,0.113247,-0.537528,0.091,1
330,280,2,9,1,0,-1.34073,-15.7168,4,0.0604153,-0.382877,0.091,1
330,280,2,9,2,1,-0.0828197,-16.3011,3,0.019251,-0.512764,0.091,1
330,280,2,9,3,1,-0.772059,-14.4919,3,-0.0970199,-0.325781,0.091,1
330,282,2,10,0,-1,-8.70937,-7.04326,1,-0.0423379,-0.0358759,0.098,0
330,283,2,9,0,-1,2.10728,8.18511,1,-0.354832,0.0792319,0.091,1
330,283,2,9,1,0,2.49389,7.20277,4,0.0681822,0.253877,0.091,1
330,283,2,9,2,1,3.37933,8.30713,3,-0.639087,0.854245,0.091,1
330,283,2,9,3,1,1.26525,7.66772,3,-0.0167858,0.054536,0.091,1
330,284,2,9,0,-1,-0.749065,-19.5555,1,-0.0692179,-0.370119,0.089,1
330,284,2,9,1,0,-0.178162,-20.4045,4,0.0335474,-0.300184,0.089,1
330,284,2,9,2,1,0.162867,-19.1273,3,-0.11194,-0.262466,0.089,1
330,284,2,9,3,1,-1.43215,-20.0137,3,-0.0148033,-0.451589,0.089,1
330,285,2,11,0,-1,-8.95183,-11.0346,1,-0.234667,-0.493362,0.09,0
330,285,2,11,1,0,-7.93742,-10.8342,4,-0.301267,-0.0810586,0.09,0
330,286,15,9,0,-1,0.743554,-11.8625,1,0.0691987,-0.160516,0.067,0
330,287,2,9,0,-1,16.9194,10.8185,1,-0.0941649,0.704108,0.091,1
330,287,2,9,1,0,17.0607,11.8404,4,-0.148961,0.79973,0.091,1
330,287,2,9,2,1,15.9122,10.9856,3,0.00505205,0.560443,0.091,1
330,287,2,9,3,1,17.6405,10.6861,3,0.614417,1.39777,0.091,1
330,289,2,10,0,-1,15.0642,-9.73865,1,-0.255195,-0.042859,0.089,0
330,289,2,10,1,0,14.0095,-9.41579,4,-0.444279,0.131585,0.089,0
330,289,2,10,2,1,14.3641,-10.7611,3,-1.04125,0.103185,0.089,0
330,292,2,10,0,-1,12.0823,-6.88533,1,0.210156,0.15337,0.089,0
330,292,2,10,1,0,12.4794,-5.90834,4,0.158521,0.423383,0.089,0
330,295,2,8,0,-1,-14.4728,9.75052,1,-0.0741026,0.393429,0.094,0
360,58,4,5,0,-1,5.02446,1.79594,1,0.102522,0.0383285,0.574,1
360,58,4,5,1,0,3.90024,1.91156,8,0.0809617,0.0472227,0.574,1
360,58,4,5,2,1,2.92823,2.09195,12,0.0697405,0.0244805,0.574,1
360,58,4,5,3,0,5.57045,0.73293,8,0.0500891,0.0107148,0.574,1
360,58,4,5,4,3,5.95417,-0.178885,12,-0.0033788,-0.0217423,0.574,1
360,58,4,5,5,0,5.6567,2.72133,8,0.0706777,0.0429421,0.574,1
360,58,4,5,6,5,6.26469,3.48995,12,0.0636433,0.040215,0.574,1
360,90,4,6,0,-1,5.56383,2.00114,1,0.0146238,0.0292848,0.575,1
360,90,4,6,1,0,6.6641,2.01211,8,0.0052607,0.00506617,0.575,1
360,90,4,6,2,1,7.64709,1.90959,12,-0.000940296,-0.0211466,0.575,1
360,90,4,6,3,0,4.93106,2.92497,8,-0.0257072,0.000843851,0.575,1
360,90,4,6,4,3,4.48477,3.80749,12,-0.116454,-0.0354828,0.575,1
360,90,4,6,5,0,4.95714,1.01095,8,0.0287954,0.0234875,0.575,1
360,90,4,6,6,5,4.40024,0.194916,12,0.0301822,0.0164505,0.575,1
360,148,2,8,0,-1,1.80877,-0.10354,1,0.169504,0.322229,0.089,1
360,148,2,8,1,0,2.35407,0.783086,4,0.296397,0.244127,0.089,1
360,148,2,8,2,1,0.973333,0.522349,3,0.380991,-0.020159,0.089,1
360,148,2,8,3,1,2.60712,-0.514985,3,-0.16333,0.184725,0.089,1
360,195,2,7,0,-1,2.03366,-16.4594,1,0.212914,-0.461311,0.091,1
360,195,2,7,1,0,2.51715,-17.3765,4,-0.207503,-0.693057,0.091,1
360,195,2,7,2,1,2.94618,-16.0577,3,0.404047,-0.825442,0.091,1
360,195,2,7,3,1,1.30678,-16.9411,3,-0.00832779,-0.254155,0.091,1
360,203,2,7,0,-1,-16.3292,-12.0769,1,0.408863,-0.0250904,0.093,1
360,203,2,7,1,0,-15.7474,-11.1969,4,0.417322,-0.018488,0.093,1
360,203,2,7,2,1,-17.1535,-11.3902,3,0.394507,0.116391,0.093,1
360,203,2,7,3,1,-15.6105,-12.4991,3,0.431701,-0.0157572,0.093,1
360,210,2,7,0,-1,-1.29407,-13.0417,1,-0.0376087,-0.282523,0.091,1
360,210,2,7,1,0,-1.86067,-13.8902,4,-0.262463,-0.126683,0.091,1
360,210,2,7,2,1,-0.474711,-13.7288,3,-0.21123,-0.458008,0.091,1
360,215,2,8,0,-1,2.07483,-11.3532,1,0.0275371,0.014895,0.092,1
360,215,2,8,1,0,2.59182,-10.4793,4,0.0274801,0.0125185,0.092,1
360,215,2,8,2,1,1.19394,-10.7846,13,0.0291107,0.00733065,0.092,1
360,215,2,8,3,1,2.75987,-11.7855,3,0.023339,0.00855704,0.092,1
360,217,2,8,0,-1,-19.8266,-8.91029,1,-0.408193,-0.225143,0.093,1
360,217,2,8,1,0,-20.8571,-8.82847,4,-0.376295,0.0992801,0.093,1
360,217,2,8,2,1,-20.0114,-9.9404,3,-0.733173,-0.165124,0.093,1
360,217,2,8,3,1,-19.7172,-8.09831,3,-0.112202,-0.30371,0.093,1
360,222,2,9,0,-1,15.1531,2.71428,1,-0.0663719,-0.12662,0.088,1
360,222,2,9,1,0,15.8803,3.54418,4,0.0171387,-0.24917,0.088,1
360,222,2,9,2,1,14.5042,3.87516,3,0.0662805,-0.227956,0.088,1
360,222,2,9,3,1,15.9079,2.25233,3,-0.0948055,-0.266345,0.088,1
360,223,2,6,0,-1,-2.94646,9.31797,1,0.467472,-0.0561842,0.094,1
360,223,2,6,1,0,-2.11189,8.80552,4,0.314777,-0.306854,0.094,1
360,223,2,6,2,1,-2.49967,10.1526,3,0.443693,-0.302734,0.094,1
360,223,2,6,3,1,-3.34069,8.3842,3,0.201746,0.0830146,0.094,1
360,231,2,7,0,-1,-11.9303,-6.93238,1,-0.0804837,-0.561967,0.095,1
360,231,2,7,1,0,-11.4096,-7.86818,4,0.362015,-0.247555,0.095,1
360,231,2,7,2,1,-10.7988,-6.58565,3,-0.230002,0.00455051,0.095,1
360,231,2,7,3,1,-12.7256,-7.69653,3,0.233642,-0.878552,0.095,1
360,232,2,8,0,-1,18.0072,18.2971,1,-0.252748,0.063681,0.092,1
360,232,2,8,1,0,17.2299,18.9969,4,0.0245851,0.377821,0.092,1
360,232,2,8,2,1,17.2454,17.6004,3,-0.525243,0.361196,0.092,1
360,232,2,8,3,1,18.533,19.0315,3,0.0277728,-0.136076,0.092,1
360,242,2,8,0,-1,17.2397,4.17452,1,0.130246,-0.14345,0.092,1
360,242,2,8,1,0,17.0027,3.16242,4,0.173626,-0.181028,0.092,1
360,242,2,8,2,1,18.1918,4.062,3,0.14041,-0.138858,0.092,1
360,242,2,8,3,1,16.4369,4.34574,3,-0.0118739,-0.294445,0.092,1
360,247,2,6,0,-1,-6.09552,7.75905,1,-0.368697,0.351852,0.093,1
360,247,2,6,1,0,-7.06007,7.86779,4,-0.436357,-0.0703526,0.093,1
360,247,2,6,2,1,-6.05559,6.92194,3,-0.0475522,0.354895,0.093,1
360,247,2,6,3,1,-6.09726,8.74471,3,-0.798441,0.322147,0.093,1
360,250,2,4,0,-1,0.609109,2.06157,1,0.000523158,-0.244226,0.091,1
360,250,2,4,1,0,1.65701,2.07941,4,0.0765358,0.000371951,0.091,1
360,250,2,4,2,1,0.649022,3.05226,3,0.0121972,-0.145437,0.091,1
360,250,2,4,3,1,0.705162,1.19082,3,0.0738477,0.073976,0.091,1
360,253,2,10,0,-1,-15.3224,-14.5588,1,0.0639204,0.247284,0.091,1
360,253,2,10,1,0,-14.6019,-13.7987,4,0.120308,0.196111,0.091,1
360,253,2,10,2,1,-15.9994,-13.8505,3,0.112925,0.271769,0.091,1
360,253,2,10,3,1,-14.6592,-15.1101,3,-0.00827726,0.211535,0.091,1
360,255,2,9,0,-1,8.21644,-5.90939,1,-0.0508943,-0.292274,0.088,1
360,255,2,9,1,0,8.32556,-6.95397,4,-0.0486139,-0.29484,0.088,1
360,255,2,9,2,1,9.20427,-5.88097,3,-0.115179,-0.239788,0.088,1
360,255,2,9,3,1,7.33903,-6.07258,3,0.0372509,-0.203081,0.088,1
360,260,2,7,0,-1,-14.5312,12.967,1,0.15014,0.0395992,0.095,1
360,260,2,7,1,0,-13.9886,13.7808,4,0.367959,0.0120998,0.095,1
360,260,2,7,2,1,-15.3945,13.6377,3,0.317013,0.634907,0.095,1
360,260,2,7,3,1,-13.6766,12.5077,3,0.280631,0.0390278,0.095,1
360,261,2,9,0,-1,11.7692,9.44735,1,-0.255334,0.223415,0.093,1
360,261,2,9,1,0,11.6605,10.4834,4,-0.127037,0.241576,0.093,1
360,261,2,9,2,1,10.8017,9.33835,3,-0.107601,0.239714,0.093,1
360,261,2,9,3,1,12.6323,9.62353,3,-0.195041,0.17866,0.093,1
360,265,2,8,0,-1,-13.0985,-9.25815,1,-0.101368,-0.926239,0.094,1
360,265,2,8,1,0,-12.5987,-10.1938,4,0.479006,-0.609888,0.094,1
360,265,2,8,2,1,-12.0347,-8.90161,3,-0.315922,-0.248127,0.094,1
360,265,2,8,3,1,-13.8704,-9.88713,3,0.282281,-1.3388,0.094,1
360,272,2,7,0,-1,-15.3988,14.4081,1,0.339372,0.339517,0.093,1
360,272,2,7,1,0,-14.6158,14.998,4,0.24886,0.362978,0.093,1
360,272,2,7,2,1,-15.9945,15.0973,3,0.223668,0.469374,0.093,1
360,272,2,7,3,1,-14.6678,13.7657,3,0.676169,0.258475,0.093,1
360,273,2,9,0,-1,13.9151,12.3697,1,0.105917,-0.103839,0.092,1
360,273,2,9,1,0,14.7473,11.7251,4,-0.075663,-0.214346,0.092,1
360,273,2,9,2,1,14.5465,13.1005,3,0.0888379,-0.159463,0.092,1
360,273,2,9,3,1,13.4376,11.6616,3,-0.135079,0.0741926,0.092,1
360,280,2,9,0,-1,4.12026,-17.5363,1,-0.149991,0.0455971,0.091,1
360,280,2,9,1,0,3.0854,-17.5857,4,-0.105459,-0.196435,0.091,1
360,280,2,9,2,1,4.13344,-18.4648,3,0.0312127,-0.00156712,0.091,1
360,280,2,9,3,1,3.99741,-16.6699,3,-0.276169,0.000755142,0.091,1
360,283,2,9,0,-1,1.97911,4.5801,1,0.179721,0.0619978,0.091,1
360,283,2,9,1,0,1.21774,3.79196,4,-0.139847,0.451092,0.091,1
360,283,2,9,2,1,2.57264,3.42871,3,-0.259119,0.0187793,0.091,1
360,283,2,9,3,1,1.00381,5.11915,3,0.440897,0.582219,0.091,1
360,286,15,9,0,-1,1.88149,-10.573,1,0.0273025,0.0155145,0.067,0
360,286,15,9,1,0,3.19686,-11.0543,13,0.0334985,0.0307062,0.067,0
360,287,2,9,0,-1,14.8617,15.6642,1,0.28155,-0.000174951,0.091,1
360,287,2,9,1,0,15.6754,14.9962,4,-0.0568555,-0.410434,0.091,1
360,287,2,9,2,1,15.6164,16.3965,3,0.706533,-0.3809,0.091,1
360,287,2,9,3,1,14.363,14.8984,3,-0.113386,0.213699,0.091,1
360,289,2,10,0,-1,17.8164,-2.87135,1,0.173758,-0.0424437,0.089,1
360,289,2,10,1,0,17.3264,-3.81277,4,-0.216298,0.171236,0.089,1
360,289,2,10,2,1,18.6662,-3.42709,3,0.00838564,-0.54437,0.089,1
360,289,2,10,3,1,16.8591,-2.57169,3,0.366219,0.394156,0.089,1
360,292,2,10,0,-1,14.342,2.72279,1,-0.0950356,0.093105,0.089,0
360,292,2,10,1,0,15.1609,3.37688,4,-0.163915,0.100295,0.089,0
360,292,2,10,2,1,13.7941,3.65714,3,-0.142021,0.550775,0.089,0
360,297,2,8,0,-1,-11.541,-6.20847,1,-0.523948,-0.349833,0.094,0
360,297,2,8,1,0,-11.1232,-7.16983,4,0.137571,-0.0942281,0.094,0
360,297,2,8,2,1,-10.4553,-5.9118,3,-0.672007,0.27141,0.094,0
360,301,2,10,0,-1,9.10576,11.8235,1,-0.199432,-0.337362,0.094,1
360,301,2,10,1,0,8.70541,10.8516,4,-0.0817878,-0.399489,0.094,1
360,301,2,10,2,1,10.0124,11.3828,3,-0.127334,-0.264013,0.094,1
360,301,2,10,3,1,8.26769,12.0754,3,-0.283201,-0.503097,0.094,1
360,302,2,9,0,-1,-20.3862,-8.30315,1,-0.224954,-0.0372107,0.092,0
360,302,2,9,1,0,-20.3429,-7.25524,4,-0.00308716,-0.0457169,0.092,0
360,302,2,9,2,1,-21.3969,-8.17714,3,-0.225375,0.207404,0.092,0
360,306,2,8,0,-1,-12.4994,11.4698,1,0.186639,-0.623712,0.094,1
360,306,2,8,1,0,-11.5291,11.3083,4,0.311598,0.0849325,0.094,1
360,306,2,8,2,1,-12.3561,12.4504,3,-0.397713,-0.414503,0.094,1
360,306,2,8,3,1,-12.4122,10.4428,3,1.01901,-0.657979,0.094,1
360,307,2,10,0,-1,15.6789,19.0199,1,0.0278195,0.363018,0.093,1
360,307,2,10,1,0,15.5537,20.0706,4,0.208552,0.402335,0.093,1
360,307,2,10,2,1,14.7217,18.9596,3,-0.0411205,0.582053,0.093,1
360,307,2,10,3,1,16.4924,19.174,3,0.00180054,0.216498,0.093,1
360,308,2,7,0,-1,-3.73971,9.17851,1,0.416909,0.320233,0.095,0
360,309,2,9,0,-1,1.81141,-0.904104,1,-0.187435,0.337737,0.088,0
360,312,2,9,0,-1,14.895,5.17005,1,0.0800889,-0.0839309,0.091,1
360,312,2,9,1,0,15.1504,4.14258,4,0.211575,-0.0466369,0.091,1
360,312,2,9,2,1,16.0718,5.16296,3,0.176394,0.0196172,0.091,1
360,312,2,9,3,1,13.9946,4.77591,3,0.225194,-0.138258,0.091,1
360,315,2,9,0,-1,17.6902,3.5073,1,0.139389,-0.125391,0.092,0
360,315,2,9,1,0,17.5686,2.47142,4,-0.0836804,-0.0831707,0.092,0
360,318,2,10,0,-1,15.9299,-8.27774,1,-0.0147453,0.300929,0.089,1
360,318,2,10,1,0,15.2342,-7.48922,4,-0.0932946,0.194426,0.089,1
360,318,2,10,2,1,15.286,-8.90343,3,0.250187,0.205425,0.089,1
360,318,2,10,3,1,16.5228,-7.76228,3,-0.00553846,0.377683,0.089,1
360,319,4,6,0,-1,4.40707,1.4203,1,0.0954487,0.152524,0.573,0
360,319,4,6,1,0,3.71288,0.626522,8,0.0524963,0.200466,0.573,0
360,319,4,6,2,1,2.96907,0.0507666,12,0.0123485,0.2201,0.573,0
360,319,4,6,3,0,5.55372,1.34041,8,0.0977229,0.0419936,0.573,0
360,319,4,6,4,3,6.51998,1.17701,12,0.085907,-0.0447778,0.573,0
360,321,2,8,0,-1,-16.4585,-11.2926,1,0.438275,-0.0261136,0.093,0
360,321,2,8,1,0,-16.3737,-10.2451,4,-0.28433,0.0412119,0.093,0
360,322,2,8,0,-1,-7.87707,9.34945,1,-0.379562,-0.324125,0.094,1
360,322,2,8,1,0,-8.85613,9.32963,4,-0.392318,0.0860224,0.094,1
360,322,2,8,2,1,-7.86978,8.38026,3,-0.82363,-0.369722,0.094,1
360,322,2,8,3,1,-8.02186,10.3455,3,-0.00826526,-0.221759,0.094,1
360,323,2,10,0,-1,11.1622,9.98963,1,-0.211024,0.264512,0.094,0
360,323,2,10,1,0,11.1086,11.0476,4,-0.0898906,0.249946,0.094,0
360,323,2,10,2,1,10.186,9.99951,3,-0.128347,0.273984,0.094,0
360,324,2,10,0,-1,2.65158,4.21808,1,0.218863,0.159408,0.09,0
360,324,2,10,1,0,2.56752,5.26581,4,0.167194,0.200764,0.09,0
360,324,2,10,2,1,1.37432,4.47997,3,-0.0174137,0.486429,0.09,0
360,325,16,8,0,-1,-18.3037,20.5923,1,-0.454525,0.334521,0.118,1
360,325,16,8,1,0,-17.1042,20.832,3,-0.487917,0.511356,0.118,1
360,325,16,8,2,0,-19.0872,21.157,4,-0.531661,0.230295,0.118,1
360,325,16,8,3,2,-18.6917,19.8175,3,-0.385832,0.274045,0.118,1
360,326,2,10,0,-1,13.5905,13.1077,1,0.0646622,-0.185025,0.093,0
360,326,2,10,1,0,14.0377,14.0576,4,0.638767,-0.500459,0.093,0
360,326,2,10,2,1,12.6988,13.614,3,0.346196,0.327542,0.093,0
360,330,2,10,0,-1,17.0172,15.9306,1,0.0654807,-0.400364,0.091,1
360,330,2,10,1,0,17.1822,14.8914,4,0.301997,-0.357178,0.091,1
360,330,2,10,2,1,18.0411,15.9998,3,-0.0872377,-0.0545473,0.091,1
360,330,2,10,3,1,16.1513,15.6872,3,0.188414,-0.507778,0.091,1
360,331,2,11,0,-1,18.5617,-2.5306,1,0.275378,-0.300958,0.088,0
360,331,2,11,1,0,19.4881,-3.03723,4,0.168877,-0.502218,0.088,0
360,331,2,11,2,1,19.223,-1.66376,3,0.295149,-0.493165,0.088,0
360,333,2,10,0,-1,13.1697,-7.81946,1,-0.0872853,-0.127756,0.087,1
360,333,2,10,1,0,12.2012,-8.28303,4,0.0692757,-0.27866,0.087,1
360,333,2,10,2,1,13.5296,-8.71125,3,0.0274586,-0.429851,0.087,1
360,333,2,10,3,1,12.137,-6.92746,3,0.483274,-0.125557,0.087,1
360,334,2,8,0,-1,-16.4002,10.4823,1,-0.220861,-0.104625,0.096,1
360,334,2,8,1,0,-17.2843,10.0614,4,-0.102445,-0.342649,0.096,1
360,334,2,8,2,1,-15.9852,9.60088,3,-0.0614627,-0.301611,0.096,1
360,334,2,8,3,1,-17.0295,11.3494,3,-0.667128,-0.223334,0.096,1
360,336,2,10,0,-1,2.37141,-20.9047,1,-0.482302,-0.868166,0.092,1
360,336,2,10,1,0,1.33576,-20.7504,4,-0.398925,-0.0242081,0.092,1
360,336,2,10,2,1,2.04482,-21.9935,3,-1.95024,-0.92468,0.092,1
360,336,2,10,3,1,2.45267,-20.0404,3,0.0565491,-0.769588,0.092,1
360,337,2,11,0,-1,15.7671,18.2182,1,0.202924,0.373978,0.093,0
360,339,2,10,0,-1,14.1829,5.55875,1,0.000219739,-0.208644,0.09,0
360,341,2,11,0,-1,15.1395,-8.17224,1,-0.0209197,0.297141,0.089,0
360,341,2,11,1,0,14.1997,-7.68788,4,-0.29839,-0.209247,0.089,0
360,341,2,11,2,1,14.688,-8.97296,3,-0.0447947,-0.0491418,0.089,0
360,342,2,11,0,-1,13.3572,-7.0642,1,0.625553,-0.270656,0.087,0
360,342,2,11,1,0,12.6814,-6.26407,4,0.868303,-0.100533,0.087,0
360,342,2,11,2,1,12.4035,-7.62119,3,-0.204167,0.0398877,0.087,0
360,343,2,7,0,-1,-6.72894,7.24511,1,-0.0854615,0.00707132,0.093,0
360,345,2,5,0,-1,-0.17226,1.88622,1,-0.105591,0.00633846,0.09,0
390,58,4,5,0,-1,8.41005,2.11493,1,0.201546,-0.170725,0.574,1
390,58,4,5,1,0,7.37107,2.50259,8,0.203896,-0.169756,0.574,1
390,58,4,5,2,1,6.47748,2.8897,12,0.192783,-0.238317,0.574,1
390,58,4,5,3,0,8.58089,0.946928,8,0.181135,-0.183468,0.574,1
390,58,4,5,4,3,8.61428,-0.0367812,12,0.155509,-0.195517,0.574,1
390,58,4,5,5,0,9.32601,2.80219,8,0.175813,-0.115863,0.574,1
390,58,4,5,6,5,10.1613,3.32954,12,0.132446,-0.0342409,0.574,1
390,90,4,6,0,-1,8.96534,2.25137,1,0.137925,-0.0872907,0.575,1
390,90,4,6,1,0,9.99652,1.87396,8,0.138447,-0.0782357,0.575,1
390,90,4,6,2,1,10.8821,1.43868,12,0.140573,-0.0766029,0.575,1
390,90,4,6,3,0,8.88654,3.38255,8,0.170914,-0.0778536,0.575,1
390,90,4,6,4,3,9.01908,4.37893,12,0.225433,-0.0759315,0.575,1
390,90,4,6,5,0,8.12798,1.44224,8,0.187234,-0.139118,0.575,1
390,90,4,6,6,5,7.40039,0.774788,12,0.196147,-0.149907,0.575,1
390,148,2,8,0,-1,4.11401,0.559975,1,0.108469,-0.315715,0.089,1
390,148,2,8,1,0,5.15427,0.680235,4,0.121631,-0.374176,0.089,1
390,148,2,8,2,1,3.99629,1.42083,3,0.20043,-0.256646,0.089,1
390,148,2,8,3,1,4.23921,-0.257534,3,0.0894522,-0.33807,0.089,1
390,195,2,7,0,-1,-4.94198,-16.3805,1,-0.680203,-0.213181,0.091,1
390,195,2,7,1,0,-5.88479,-16.8499,4,-0.488615,-0.605552,0.091,1
390,195,2,7,2,1,-4.56109,-17.3191,3,-0.259675,0.0417832,0.091,1
390,195,2,7,3,1,-5.40229,-15.6446,3,-0.928972,-0.428119,0.091,1
390,210,2,7,0,-1,0.456967,-9.71061,1,0.169356,0.293945,0.091,1
390,210,2,7,1,0,1.45966,-9.68219,4,0.15745,0.290072,0.091,1
390,210,2,7,2,1,0.478892,-8.67912,3,0.114109,0.269118,0.091,1
390,223,2,6,0,-1,-6.73611,0.122398,1,-0.0876786,-0.523049,0.094,1
390,223,2,6,1,0,-6.70335,-0.850704,4,-0.353466,-0.528965,0.094,1
390,223,2,6,2,1,-5.87367,0.264339,3,-0.00400595,-0.775362,0.094,1
390,223,2,6,3,1,-7.68283,0.0234664,3,-0.147929,-0.287358,0.094,1
390,231,2,7,0,-1,-19.7126,-5.53767,1,-0.132083,-0.501781,0.095,1
390,231,2,7,1,0,-18.9362,-6.27213,4,-0.0623666,-0.417781,0.095,1
390,231,2,7,2,1,-18.7095,-4.87096,3,-0.20197,-0.392371,0.095,1
390,231,2,7,3,1,-20.243,-6.22236,3,-0.0636855,-0.462844,0.095,1
390,250,2,4,0,-1,4.04629,3.06771,1,0.231384,-0.037842,0.091,1
390,250,2,4,1,0,4.33478,2.05081,4,-0.027276,-0.12723,0.091,1
390,250,2,4,2,1,5.0966,3.18428,3,0.104021,-0.259132,0.091,1
390,250,2,4,3,1,3.23769,2.76113,3,0.146984,0.0876656,0.091,1
390,255,2,9,0,-1,1.03092,-11.4227,1,-0.0805544,0.471508,0.088,1
390,255,2,9,1,0,0.101352,-10.9745,4,-0.0689103,0.45189,0.088,1
390,255,2,9,2,1,0.677298,-12.221,3,-0.516386,0.212119,0.088,1
390,255,2,9,3,1,1.37809,-10.6848,3,-0.0519005,0.565154,0.088,1
390,260,2,7,0,-1,-19.5046,10.4755,1,-0.415422,0.06864,0.095,1
390,260,2,7,1,0,-20.4712,10.6097,4,-0.451029,-0.166401,0.095,1
390,260,2,7,2,1,-19.6175,9.5276,3,-0.23109,0.0080789,0.095,1
390,260,2,7,3,1,-19.4991,11.4875,3,-0.670138,0.0769039,0.095,1
390,261,2,9,0,-1,4.88086,18.9198,1,0.315895,0.133284,0.093,1
390,261,2,9,1,0,5.87502,19.1783,4,0.24965,0.376815,0.093,1
390,261,2,9,2,1,4.55959,19.7414,3,0.0903493,-0.0174522,0.093,1
390,261,2,9,3,1,5.17355,18.0823,3,0.538415,0.189343,0.093,1
390,265,2,8,0,-1,-8.51083,-8.7376,1,0.158789,-0.372936,0.094,1
390,265,2,8,1,0,-9.17427,-9.55628,4,0.0395058,-0.265325,0.094,1
390,265,2,8,2,1,-7.78375,-9.4156,3,0.0495842,-0.388025,0.094,1
390,265,2,8,3,1,-9.26091,-8.25775,3,0.341179,-0.240279,0.094,1
390,273,2,9,0,-1,10.367,14.4645,1,-0.542038,-0.0673715,0.092,1
390,273,2,9,1,0,9.57439,15.2005,4,-0.388483,0.0816161,0.092,1
390,273,2,9,2,1,9.17691,13.8441,3,-0.561581,0.138772,0.092,1
390,273,2,9,3,1,10.8666,15.3454,3,-0.33802,-0.189135,0.092,1
390,280,2,9,0,-1,1.56449,-13.2795,1,0.0815692,0.0664563,0.091,1
390,280,2,9,1,0,1.69561,-12.2258,4,0.0566719,0.159409,0.091,1
390,280,2,9,2,1,0.54705,-12.9935,3,0.0376086,0.290864,0.091,1
390,280,2,9,3,1,2.47176,-13.2782,3,0.0811084,0.256754,0.091,1
390,283,2,9,0,-1,7.44427,4.26076,1,0.136011,-0.0498952,0.091,1
390,283,2,9,1,0,7.23718,3.23794,4,0.193417,-0.0903907,0.091,1
390,283,2,9,2,1,8.37322,4.00214,3,0.184751,-0.071999,0.091,1
390,283,2,9,3,1,6.59001,4.38495,3,0.0256432,-0.191218,0.091,1
390,287,2,9,0,-1,7.6175,18.723,1,-0.344638,0.00193905,0.091,1
390,287,2,9,1,0,7.08337,19.6351,4,-0.00108588,0.191686,0.091,1
390,287,2,9,2,1,6.59827,18.3224,3,-0.550436,0.378891,0.091,1
390,287,2,9,3,1,8.34291,19.286,3,-0.132593,-0.218167,0.091,1
390,297,2,8,0,-1,-1.07217,-10.05,1,0.10796,0.42343,0.094,1
390,297,2,8,1,0,-0.229148,-9.38526,4,0.12787,0.389917,0.094,1
390,297,2,8,2,1,-1.52825,-8.83746,3,0.0385055,0.261514,0.094,1
390,297,2,8,3,1,-0.485581,-10.6485,3,-0.273284,0.459719,0.094,1
390,301,2,10,0,-1,5.10935,14.1731,1,-0.268221,-0.206218,0.094,1
390,301,2,10,1,0,4.04636,14.2974,4,-0.227908,0.101536,0.094,1
390,301,2,10,2,1,4.77158,13.0646,3,-0.505538,-0.0655073,0.094,1
390,301,2,10,3,1,5.17861,15.0064,3,-0.0127827,-0.256058,0.094,1
390,306,2,8,0,-1,-1.00026,7.1059,1,0.444204,-0.416008,0.094,1
390,306,2,8,1,0,-0.0190478,7.12246,4,0.434058,-0.147613,0.094,1
390,306,2,8,2,1,-1.0654,8.03419,3,0.107291,-0.538003,0.094,1
390,306,2,8,3,1,-0.825284,6.19277,3,0.599567,-0.289941,0.094,1
390,308,2,7,0,-1,-3.63013,-0.552634,1,-0.476157,-0.162878,0.095,1
390,308,2,7,1,0,-4.51181,-0.963326,4,-0.4671,-0.1611,0.095,1
390,308,2,7,2,1,-3.16212,-1.29967,3,-0.472041,-0.200673,0.095,1
390,308,2,7,3,1,-4.09331,0.280712,3,-0.519925,-0.133194,0.095,1
390,312,2,9,0,-1,17.6234,3.20253,1,0.646588,0.356431,0.091,1
390,312,2,9,1,0,18.6477,2.95899,4,0.482346,-0.329376,0.091,1
390,312,2,9,2,1,17.9615,4.17303,3,1.29081,0.146516,0.091,1
390,312,2,9,3,1,17.4907,2.31637,3,0.0242349,0.493482,0.091,1
390,319,4,6,0,-1,7.68219,1.90505,1,0.196345,-0.189018,0.573,0
390,319,4,6,1,0,6.79011,1.2657,8,0.165845,-0.158536,0.573,0
390,319,4,6,2,1,5.94995,0.761452,12,0.114855,-0.0812183,0.573,0
390,319,4,6,3,0,8.79037,1.54525,8,0.20631,-0.173032,0.573,0
390,319,4,6,4,3,9.67368,1.11536,12,0.225762,-0.13447,0.573,0
390,322,2,8,0,-1,-3.88119,5.87743,1,-0.479454,-0.408828,0.094,1
390,322,2,8,1,0,-4.70836,6.39768,4,-0.149972,0.113822,0.094,1
390,322,2,8,2,1,-4.46912,5.02621,3,-0.894872,-0.00850312,0.094,1
390,322,2,8,3,1,-3.4473,6.91679,3,0.179058,-0.733168,0.094,1
390,323,2,10,0,-1,5.28495,19.6415,1,0.138786,0.240956,0.094,0
390,323,2,10,1,0,6.32055,19.8209,4,0.112827,0.411742,0.094,0
390,323,2,10,2,1,5.20803,20.6584,3,0.110687,0.374134,0.094,0
390,324,2,10,0,-1,5.71317,2.81366,1,0.204528,-0.208851,0.09,1
390,324,2,10,1,0,6.49337,2.12955,4,0.0837183,-0.302307,0.09,1
390,324,2,10,2,1,6.57925,3.55739,3,0.253285,-0.286468,0.09,1
390,324,2,10,3,1,5.17504,2.09942,3,0.052168,0.0385806,0.09,1
390,326,2,10,0,-1,10.9071,13.8348,1,-0.49522,-0.0267701,0.093,0
390,326,2,10,1,0,9.88007,13.8795,4,-0.505474,-0.188529,0.093,0
390,326,2,10,2,1,10.7309,12.7702,3,-0.406326,-0.110183,0.093,0
390,333,2,10,0,-1,11.1148,-16.0644,1,0.341362,0.233357,0.087,1
390,333,2,10,1,0,11.5073,-15.0959,4,0.252784,0.248869,0.087,1
390,333,2,10,2,1,10.2069,-15.583,3,0.318822,0.0884324,0.087,1
390,333,2,10,3,1,11.8938,-16.397,3,0.300662,0.25698,0.087,1
390,334,2,8,0,-1,-16.438,9.37161,1,-0.231254,-0.0305245,0.096,1
390,334,2,8,1,0,-17.4287,9.25164,4,-0.228846,0.0335159,0.096,1
390,334,2,8,2,1,-16.4163,8.32767,3,-0.254347,0.00355886,0.096,1
390,334,2,8,3,1,-16.764,10.3724,3,-0.156347,-0.00574044,0.096,1
390,336,2,10,0,-1,-6.97438,-13.6908,1,0.190643,-0.0336952,0.092,1
390,336,2,10,1,0,-6.34209,-14.5321,4,0.162664,-0.0607346,0.092,1
390,336,2,10,2,1,-6.11575,-13.1509,3,0.157977,-0.061203,0.092,1
390,336,2,10,3,1,-7.61877,-14.2774,3,0.201886,0.0400367,0.092,1
390,342,2,11,0,-1,7.05126,-2.02423,1,-0.299186,-0.163375,0.087,1
390,342,2,11,1,0,6.39996,-2.85587,4,-0.0995532,-0.332306,0.087,1
390,342,2,11,2,1,7.79682,-2.75717,3,-0.125962,0.0361204,0.087,1
390,342,2,11,3,1,6.21374,-1.55129,3,-0.463652,-0.393535,0.087,1
390,345,2,5,0,-1,3.43624,3.60411,1,0.303932,0.0401567,0.09,0
390,345,2,5,1,0,2.87108,4.49202,4,0.204518,-0.025236,0.09,0
390,345,2,5,2,1,2.54009,3.13279,3,0.366174,-0.0590588,0.09,0
390,346,2,9,0,-1,-15.683,9.70834,1,-0.201893,-0.13619,0.096,0
390,346,2,9,1,0,-14.761,9.3611,4,-0.355849,-0.493731,0.096,0
390,346,2,9,2,1,-15.2846,10.6386,3,0.0231681,-0.32092,0.096,0
390,348,2,9,0,-1,-5.52126,-5.63636,1,-0.421495,0.0500783,0.095,1
390,348,2,9,1,0,-6.52792,-5.9338,4,-0.41545,0.036005,0.095,1
390,348,2,9,2,1,-5.31881,-6.62573,3,-0.40162,0.0678908,0.095,1
390,348,2,9,3,1,-5.82828,-4.8234,3,-0.407849,0.0356314,0.095,1
390,349,2,8,0,-1,-0.362718,-15.9989,1,0.553353,-0.161057,0.092,1
390,349,2,8,1,0,0.666481,-16.2642,4,0.501639,-0.337832,0.092,1
390,349,2,8,2,1,0.0489907,-15.0331,3,0.368606,-0.408841,0.092,1
390,349,2,8,3,1,-0.457066,-16.9365,3,0.327639,-0.0596433,0.092,1
390,351,2,10,0,-1,17.2718,-11.9496,1,0.429335,-0.339,0.087,1
390,351,2,10,1,0,16.6008,-12.7369,4,0.0326718,-0.0240355,0.087,1
390,351,2,10,2,1,17.9703,-12.411,3,0.182005,-0.686217,0.087,1
390,351,2,10,3,1,16.5192,-11.4081,3,0.789584,0.0179619,0.087,1
390,353,2,11,0,-1,4.47354,13.7356,1,-0.416773,0.00166096,0.094,0
390,353,2,11,1,0,4.4407,14.7993,4,-0.104192,0.0205665,0.094,0
390,353,2,11,2,1,3.56528,13.671,3,-0.485701,0.314799,0.094,0
390,357,2,8,0,-1,-12.569,10.8735,1,0.324986,-0.04071,0.095,1
390,357,2,8,1,0,-11.91,11.5926,4,0.293749,-0.00875306,0.095,1
390,357,2,8,2,1,-13.267,11.4409,3,0.318666,-0.169519,0.095,1
390,357,2,8,3,1,-11.8246,10.285,3,0.289324,-0.00674299,0.095,1
390,360,2,9,0,-1,-1.86358,-9.94076,1,0.187809,0.717536,0.093,0
390,360,2,9,1,0,-1.00885,-9.3293,4,0.398116,0.428297,0.093,0
390,360,2,9,2,1,-2.40664,-9.14485,3,0.478309,0.734829,0.093,0
390,361,2,11,0,-1,5.77606,3.61864,1,0.0710002,-0.212155,0.089,0
390,361,2,11,1,0,5.12624,4.43468,4,0.219395,-0.0745432,0.089,0
390,362,2,10,0,-1,-2.92945,-19.5499,1,-0.154894,-0.33587,0.09,1
390,362,2,10,1,0,-3.28836,-20.5191,4,-0.182078,-0.353387,0.09,1
390,362,2,10,2,1,-1.89287,-20.3458,3,-0.134659,-0.647234,0.09,1
390,362,2,10,3,1,-3.54604,-19.2047,3,-0.262532,-0.361825,0.09,1
390,362,2,10,4,1,-2.17711,-19.6296,3,-0.098834,-0.479564,0.09,1
390,362,2,10,5,1,-4.13275,-19.504,3,-0.142397,-0.34326,0.09,1
390,364,2,9,0,-1,-2.32424,17.4558,1,0.344932,0.266367,0.093,1
390,364,2,9,1,0,-1.38969,17.7326,4,0.441293,-0.0545053,0.093,1
390,364,2,9,2,1,-2.66428,18.3024,3,0.643274,0.406364,0.093,1
390,364,2,9,3,1,-1.93423,16.6242,3,0.0847582,0.117719,0.093,1
390,366,2,9,0,-1,-4.06083,6.65883,1,0.035622,-0.297841,0.093,0
390,367,2,11,0,-1,5.52392,-13.5423,1,0.152302,0.271747,0.088,1
390,367,2,11,1,0,4.86832,-12.7328,4,-0.136405,0.042218,0.088,1
390,367,2,11,2,1,4.8926,-14.1343,3,0.640479,0.0892638,0.088,1
390,367,2,11,3,1,6.16284,-13.0596,3,-0.0581851,0.300431,0.088,1
390,370,2,11,0,-1,-9.24381,-15.7375,1,-0.292111,0.117638,0.093,1
390,370,2,11,1,0,-9.74271,-14.816,4,-0.0773434,0.235888,0.093,1
390,370,2,11,2,1,-10.1413,-16.1459,3,-0.581842,0.37685,0.093,1
390,370,2,11,3,1,-8.5281,-15.3195,3,-0.128632,0.10097,0.093,1
390,371,2,10,0,-1,8.28362,18.2606,1,-0.243659,0.154228,0.09,0
390,371,2,10,1,0,8.12252,17.2236,4,-0.0408425,0.119859,0.09,0
390,371,2,10,2,1,9.21145,18.1416,3,-0.164912,0.268002,0.09,0
390,373,2,12,0,-1,7.82913,-1.795,1,-0.366782,0.0886496,0.086,0
390,373,2,12,1,0,8.78737,-2.23953,4,-0.0900189,0.67968,0.086,0
390,374,17,8,0,-1,-16.3447,-11.3412,1,-0.40466,-0.504508,0.07,1
390,374,17,8,1,0,-14.948,-11.1505,3,-0.453143,-0.337849,0.07,1
390,374,17,8,2,0,-16.3952,-10.0359,3,-0.556301,-0.504311,0.07,1
390,375,2,10,0,-1,3.34999,-14.5657,1,-0.0712138,-0.255496,0.087,1
390,375,2,10,1,0,4.04528,-15.3521,4,0.127527,-0.118076,0.087,1
390,375,2,10,2,1,4.04036,-13.9639,3,-0.0438621,-0.155077,0.087,1
390,375,2,10,3,1,2.73122,-15.23,3,0.12843,-0.277422,0.087,1
390,376,2,11,0,-1,17.3801,-12.7737,1,0.134727,-0.351613,0.088,0
390,376,2,11,1,0,17.4232,-13.8329,4,-0.125638,-0.342557,0.088,0
390,376,2,11,2,1,18.5057,-12.9409,3,0.262169,-0.802412,0.088,0
390,378,2,9,0,-1,0.329911,-14.294,1,-0.342148,0.221827,0.092,1
390,378,2,9,1,0,-0.567985,-13.7328,4,-0.390702,0.0733021,0.092,1
390,378,2,9,2,1,-0.699893,-15.1506,3,0.00486942,0.0408679,0.092,1
390,378,2,9,3,1,0.73521,-13.5648,3,-0.371063,0.229655,0.092,1
390,379,2,8,0,-1,-18.9347,-5.54499,1,-0.126221,-0.428447,0.096,0
390,381,2,11,0,-1,11.8448,-15.7098,1,0.356857,0.234305,0.086,0
390,383,17,9,0,-1,-15.5901,-11.571,1,-0.410474,-0.611819,0.07,0
390,383,17,9,1,0,-15.414,-10.182,3,-0.372512,-0.60661,0.07,0
390,385,2,11,0,-1,-7.51677,-13.0973,1,0.265192,0.0405713,0.093,0
390,385,2,11,1,0,-8.29764,-12.3999,4,0.259679,0.0485557,0.093,0
390,386,2,10,0,-1,0.907114,-14.8628,1,-0.198295,0.371877,0.093,0
420,195,2,7,0,-1,-7.7759,-12.833,1,-0.534806,-0.299091,0.091,1
420,195,2,7,1,0,-8.77306,-13.1683,4,-0.380458,-0.422841,0.091,1
420,195,2,7,2,1,-7.46249,-13.6797,3,-0.0285545,0.475585,0.091,1
420,195,2,7,3,1,-7.96374,-12.1616,3,-0.504266,-0.0602931,0.091,1
420,223,2,6,0,-1,-17.1792,-3.34153,1,-0.395754,0.486459,0.094,1
420,223,2,6,1,0,-17.5952,-2.45495,4,-0.131945,0.615957,0.094,1
420,223,2,6,2,1,-18.0354,-3.77488,3,-0.635493,0.778168,0.094,1
420,223,2,6,3,1,-16.3193,-2.77065,3,-0.203465,0.306421,0.094,1
420,250,2,4,0,-1,-6.49499,6.03592,1,0.19864,0.506853,0.091,1
420,250,2,4,1,0,-6.3363,7.07982,4,-0.249411,0.581968,0.091,1
420,250,2,4,2,1,-7.4952,6.29174,3,0.0334066,0.158182,0.091,1
420,250,2,4,3,1,-5.56566,6.02841,3,0.27558,0.961975,0.091,1
420,265,2,8,0,-1,-7.97273,-7.30942,1,0.611632,-0.117648,0.094,1
420,265,2,8,1,0,-6.91685,-7.13328,4,0.501057,0.559175,0.094,1
420,265,2,8,2,1,-7.99967,-6.24463,3,-0.0327118,-0.0797566,0.094,1
420,265,2,8,3,1,-7.27008,-8.40265,3,0.696927,0.574637,0.094,1
420,273,2,9,0,-1,10.489,9.54349,1,0.19428,-0.344981,0.092,1
420,273,2,9,1,0,11.278,8.83555,4,0.0790644,-0.478229,0.092,1
420,273,2,9,2,1,11.1779,10.2121,3,0.249801,-0.471617,0.092,1
420,273,2,9,3,1,9.96707,8.81508,3,0.0746561,-0.1985,0.092,1
420,306,2,8,0,-1,-0.437624,7.0794,1,0.42758,-0.245729,0.094,1
420,306,2,8,1,0,0.209654,6.34598,4,0.329344,-0.317684,0.094,1
420,306,2,8,2,1,0.172677,7.73021,3,0.523003,-0.313096,0.094,1
420,306,2,8,3,1,-1.01904,6.40688,3,0.324707,-0.182851,0.094,1
420,324,2,10,0,-1,2.20735,4.17074,1,-0.360561,-0.0370531,0.09,1
420,324,2,10,1,0,1.15385,4.2768,4,-0.307211,0.241508,0.09,1
420,324,2,10,2,1,1.88981,3.07906,3,-0.666401,0.00284544,0.09,1
420,324,2,10,3,1,2.18141,5.08689,3,-0.12862,0.0309343,0.09,1
420,333,2,10,0,-1,9.31585,-10.8934,1,0.42198,0.0460902,0.087,1
420,333,2,10,1,0,10.3404,-10.6542,4,0.439667,-0.0340905,0.087,1
420,333,2,10,2,1,9.18461,-9.88566,3,0.527988,0.0592357,0.087,1
420,333,2,10,3,1,9.59123,-11.7386,3,0.343605,0.0253343,0.087,1
420,336,2,10,0,-1,1.22455,-15.4852,1,0.618646,-0.945275,0.092,1
420,336,2,10,1,0,2.27873,-15.6169,4,0.750852,-0.193484,0.092,1
420,336,2,10,2,1,1.41791,-14.5135,3,0.275351,-0.587848,0.092,1
420,336,2,10,3,1,1.20923,-16.3537,3,1.25581,-0.921074,0.092,1
420,342,2,11,0,-1,12.0924,-8.87467,1,0.140147,0.526177,0.087,1
420,342,2,11,1,0,11.39,-8.08996,4,-0.168948,0.24354,0.087,1
420,342,2,11,2,1,11.2282,-9.47803,3,0.426814,0.225158,0.087,1
420,342,2,11,3,1,12.7125,-8.16055,3,-0.114734,0.674832,0.087,1
420,345,2,5,0,-1,-1.50114,-5.92406,1,0.305092,-0.675162,0.09,1
420,345,2,5,1,0,-0.457535,-6.11,4,0.417972,-0.00661954,0.09,1
420,345,2,5,2,1,-1.11912,-4.86401,3,-0.355633,-0.411919,0.09,1
420,345,2,5,3,1,-1.48859,-6.92303,3,0.855598,-0.587889,0.09,1
420,348,2,9,0,-1,-10.4158,-11.3477,1,0.468432,-0.194476,0.095,1
420,348,2,9,1,0,-9.47661,-10.8778,4,0.281006,0.163028,0.095,1
420,348,2,9,2,1,-10.8006,-10.4174,3,0.114108,-0.386657,0.095,1
420,348,2,9,3,1,-9.95288,-12.0992,3,0.698567,-0.0353135,0.095,1
420,349,2,8,0,-1,1.02176,-11.2954,1,0.174778,-0.0139387,0.092,1
420,349,2,8,1,0,1.62073,-12.1591,4,0.169232,-0.0641633,0.092,1
420,349,2,8,2,1,1.92465,-10.7988,3,0.577541,-0.161452,0.092,1
420,349,2,8,3,1,0.357285,-11.8015,3,0.171003,-0.158075,0.092,1
420,351,2,10,0,-1,19.0629,-6.4705,1,0.210626,0.382054,0.087,1
420,351,2,10,1,0,19.9275,-5.89122,4,0.326165,0.200467,0.087,1
420,351,2,10,2,1,18.5174,-5.66215,3,0.360185,0.432414,0.087,1
420,351,2,10,3,1,19.6755,-7.18809,3,0.0997253,0.247829,0.087,1
420,357,2,8,0,-1,-9.98638,10.2243,1,-0.57193,0.199293,0.095,1
420,357,2,8,1,0,-10.709,10.8686,4,-0.293161,0.4826,0.095,1
420,357,2,8,2,1,-10.6276,9.49269,3,-0.780905,0.460463,0.095,1
420,357,2,8,3,1,-9.35977,10.9477,3,-0.24499,-0.00794839,0.095,1
420,361,2,11,0,-1,8.1406,6.91162,1,-0.284262,-0.26636,0.089,1
420,361,2,11,1,0,8.5652,5.94081,4,0.46854,0.0561972,0.089,1
420,361,2,11,2,1,7.33984,6.40168,3,0.0867317,-0.915288,0.089,1
420,370,2,11,0,-1,-12.8033,-14.0043,1,0.582513,-0.345753,0.093,1
420,370,2,11,1,0,-12.0248,-14.6347,4,0.312745,-0.351792,0.093,1
420,370,2,11,2,1,-12.1138,-13.2371,3,0.122708,-0.365058,0.093,1
420,370,2,11,3,1,-13.3784,-14.6756,3,0.23541,-0.155741,0.093,1
420,376,2,11,0,-1,19.2235,-5.67184,1,0.347001,0.353536,0.088,0
420,376,2,11,1,0,20.068,-5.04501,4,0.547823,0.0597778,0.088,0
420,376,2,11,2,1,18.6964,-4.79035,3,0.595748,0.37457,0.088,0
420,378,2,9,0,-1,-1.25529,-10.4052,1,-0.17345,-0.207055,0.092,1
420,378,2,9,1,0,-2.12259,-11.0162,4,-0.404276,0.211565,0.092,1
420,378,2,9,2,1,-0.737147,-11.2382,3,-0.478131,-0.441707,0.092,1
420,378,2,9,3,1,-1.87187,-9.74254,3,-0.132208,0.137426,0.092,1
420,381,2,11,0,-1,16.6249,-4.00579,1,0.0755024,0.56468,0.086,1
420,381,2,11,1,0,16.2869,-2.99525,4,-0.168412,0.422599,0.086,1
420,381,2,11,2,1,15.5784,-4.2028,3,0.250749,0.146737,0.086,1
420,381,2,11,3,1,17.505,-3.49092,3,-0.0648277,0.570214,0.086,1
420,385,2,11,0,-1,-7.37346,-10.9261,1,-0.252872,-0.214541,0.093,1
420,385,2,11,1,0,-8.25904,-11.4933,4,-0.64074,0.431194,0.093,1
420,385,2,11,2,1,-6.8816,-11.8235,3,-0.862924,-0.618004,0.093,1
420,385,2,11,3,1,-8.00326,-10.2092,3,0.128109,0.297824,0.093,1
420,386,2,10,0,-1,-0.824297,-9.72152,1,0.178737,-0.475738,0.093,0
420,387,2,9,0,-1,-8.05946,-8.09001,1,-0.140394,-0.10586,0.094,0
420,387,2,9,1,0,-8.9583,-7.57887,4,-0.0708537,0.140332,0.094,0
420,387,2,9,2,1,-8.35688,-8.84512,3,0.0583941,0.233993,0.094,0
420,390,2,9,0,-1,-12.1615,9.04092,1,-0.282016,0.532562,0.094,1
420,390,2,9,1,0,-12.6696,9.86985,4,-0.184357,0.598122,0.094,1
420,390,2,9,2,1,-12.9802,8.53354,3,-0.323299,0.645363,0.094,1
420,390,2,9,3,1,-11.3759,9.64433,3,-0.229194,0.476282,0.094,1
420,393,2,12,0,-1,-16.3882,-14.6797,1,-0.195483,-0.319205,0.094,1
420,393,2,12,1,0,-17.1832,-15.263,4,-0.134145,-0.417413,0.094,1
420,393,2,12,2,1,-15.7886,-15.2758,3,-0.136075,-0.161989,0.094,1
420,393,2,12,3,1,-16.9353,-13.9822,3,-0.610825,-0.319798,0.094,1
420,403,2,12,0,-1,9.84622,-7.08129,1,0.503841,-0.212572,0.086,1
420,403,2,12,1,0,10.8803,-7.28865,4,0.49954,-0.1452,0.086,1
420,403,2,12,2,1,10.2003,-6.06891,3,0.22876,-0.266865,0.086,1
420,403,2,12,3,1,9.78677,-8.0253,3,0.492064,-0.11953,0.086,1
420,411,2,13,0,-1,-15.7284,-14.2156,1,-0.342411,-0.105552,0.093,0
420,412,2,10,0,-1,-14.3189,5.7624,1,-0.433762,-0.461509,0.094,1
420,412,2,10,1,0,-14.6191,4.82671,4,-0.306891,-0.45832,0.094,1
420,412,2,10,2,1,-13.2414,5.08742,3,-0.406296,0.0846383,0.094,1
420,412,2,10,3,1,-15.1128,6.02499,3,-0.436464,-0.477932,0.094,1
420,414,2,8,0,-1,-6.7567,-17.6563,1,0.099839,0.529109,0.092,1
420,414,2,8,1,0,-7.25553,-16.7299,4,-0.411073,0.255722,0.092,1
420,414,2,8,2,1,-7.75175,-18.0455,3,0.252784,-0.00372749,0.092,1
420,414,2,8,3,1,-5.95516,-17.0973,3,-0.171996,1.06163,0.092,1
420,416,2,11,0,-1,-0.210887,-13.449,1,0.384515,-0.483476,0.092,1
420,416,2,11,1,0,-0.370286,-14.4991,4,-0.211223,-0.388962,0.092,1
420,416,2,11,2,1,0.888912,-13.8636,3,0.435303,-1.61352,0.092,1
420,416,2,11,3,1,-1.12617,-13.4299,3,0.186409,-0.0797504,0.092,1
420,417,2,12,0,-1,13.0908,-2.46774,1,0.187605,0.341459,0.085,1
420,417,2,12,1,0,14.0254,-2.0016,4,0.286631,0.155148,0.085,1
420,417,2,12,2,1,12.6627,-1.58487,3,0.365774,0.428037,0.085,1
420,417,2,12,3,1,13.5209,-3.22187,3,0.0903688,0.238318,0.085,1
420,418,2,6,0,-1,-0.850763,1.4365,1,0.281911,0.389917,0.091,1
420,418,2,6,1,0,-0.383563,2.37509,4,0.399418,0.343466,0.091,1
420,418,2,6,2,1,-1.69741,1.89068,3,0.32916,0.505107,0.091,1
420,418,2,6,3,1,-0.0705979,1.11062,3,0.303917,0.348443,0.091,1
420,419,2,11,0,-1,-10.7847,3.38904,1,0.296399,0.0216934,0.095,1
420,419,2,11,1,0,-9.84065,3.61273,4,0.19643,0.323083,0.095,1
420,419,2,11,2,1,-11.1439,4.06005,3,-0.141891,-0.454583,0.095,1
420,419,2,11,3,1,-10.5059,2.4913,3,0.306755,0.247099,0.095,1
420,420,2,12,0,-1,-18.5917,-6.49696,1,-0.573928,-0.0155955,0.092,1
420,420,2,12,1,0,-19.614,-6.24611,4,-0.461109,0.432465,0.092,1
420,420,2,12,2,1,-18.9634,-7.47821,3,-0.984509,0.14312,0.092,1
420,420,2,12,3,1,-18.4636,-5.60487,3,-0.155856,-0.105471,0.092,1
420,421,2,11,0,-1,2.9587,4.47263,1,-0.496209,0.249765,0.09,0
420,422,2,9,0,-1,-10.0382,11.0375,1,-0.150636,0.234792,0.095,0
420,422,2,9,1,0,-9.47295,11.824,4,-0.152989,0.23408,0.095,0
420,423,2,13,0,-1,13.3675,-1.71153,1,0.346461,0.282933,0.085,0
420,426,2,9,0,-1,-6.5684,-16.8751,1,-0.316891,0.629559,0.093,0
420,428,2,10,0,-1,-10.4645,5.25302,1,0.17842,-0.107997,0.095,1
420,428,2,10,1,0,-10.2885,4.2849,4,0.237994,-0.140117,0.095,1
420,428,2,10,2,1,-9.63572,5.49996,3,-0.0760356,0.0357952,0.095,1
420,428,2,10,3,1,-11.5397,4.81496,3,0.0672236,-0.642869,0.095,1
420,429,2,9,0,-1,3.58352,-9.11387,1,0.714675,-0.155422,0.092,1
420,429,2,9,1,0,3.56102,-10.1808,4,-0.0886762,-0.127067,0.092,1
420,429,2,9,2,1,4.74065,-9.41929,3,0.314404,-0.748877,0.092,1
420,429,2,9,3,1,2.56885,-9.30574,3,0.503266,0.576707,0.092,1
420,432,2,10,0,-1,10.3896,10.355,1,0.0905304,-0.364587,0.091,0
420,432,2,10,1,0,10.2562,11.4055,4,-0.497477,-0.460912,0.091,0
420,437,2,12,0,-1,16.381,-4.78542,1,0.251881,0.536568,0.085,0
420,437,2,12,1,0,15.3611,-5.06691,4,0.448922,-0.184855,0.085,0
420,439,2,11,0,-1,-13.5424,5.83994,1,-0.385661,0.471707,0.095,0
420,439,2,11,1,0,-12.7166,6.33478,4,-0.106645,0.065161,0.095,0
420,440,2,11,0,-1,-10.9419,4.68395,1,0.357282,-0.208813,0.094,0
420,442,2,12,0,-1,-12.7896,-14.8424,1,0.256734,-0.445649,0.093,0
420,442,2,12,1,0,-11.8677,-15.3263,4,0.442523,-0.229636,0.093,0
420,445,2,8,0,-1,-8.21418,-12.1617,1,-0.693753,-0.308547,0.092,0
450,195,2,7,0,-1,-9.73336,-8.12799,1,0.708234,0.28493,0.091,1
450,195,2,7,1,0,-9.46641,-7.0427,4,0.275375,0.454379,0.091,1
450,195,2,7,2,1,-10.6521,-7.73531,3,0.00648845,0.714579,0.091,1
450,195,2,7,3,1,-8.83234,-8.16818,3,0.285647,0.514898,0.091,1
450,250,2,4,0,-1,-13.0702,9.56939,1,0.0847353,-0.178183,0.091,1
450,250,2,4,1,0,-12.1808,9.1072,4,0.0469997,-0.110033,0.091,1
450,250,2,4,2,1,-12.8417,10.3302,3,0.191136,-0.00307287,0.091,1
450,250,2,4,3,1,-13.5155,8.98609,3,0.118582,0.0401277,0.091,1
450,273,2,9,0,-1,18.9125,6.57862,1,-0.21541,0.291963,0.092,1
450,273,2,9,1,0,19.0793,7.59584,4,0.336825,0.204449,0.092,1
450,273,2,9,2,1,17.8843,6.85931,3,-0.0680911,0.83821,0.092,1
450,273,2,9,3,1,19.7197,6.39752,3,-0.302142,-0.139767,0.092,1
450,306,2,8,0,-1,2.7612,7.14801,1,0.109972,0.208684,0.094,1
450,306,2,8,1,0,1.80268,6.9696,4,0.179487,-0.0495561,0.094,1
450,306,2,8,3,1,2.42758,8.03694,3,-0.0987923,0.0949797,0.094,1
450,324,2,10,0,-1,2.81674,3.84634,1,-0.412114,-0.73943,0.09,1
450,324,2,10,1,0,3.38268,2.92933,4,0.0650597,-0.509964,0.09,1
450,324,2,10,2,1,4.14328,4.13828,3,-0.829705,-0.0123533,0.09,1
450,324,2,10,3,1,2.0944,3.16209,3,0.0524371,-0.750252,0.09,1
450,336,2,10,0,-1,2.55731,-14.6649,1,0.278322,0.159426,0.092,1
450,336,2,10,1,0,3.27121,-13.9058,4,0.185207,0.202776,0.092,1
450,336,2,10,2,1,1.86979,-13.898,3,0.154764,0.046441,0.092,1
450,336,2,10,3,1,3.28346,-15.2405,3,0.489044,0.16324,0.092,1
450,342,2,11,0,-1,18.4275,-8.24755,1,0.30178,0.0354218,0.087,1
450,342,2,11,1,0,19.3864,-8.68375,4,0.220341,-0.161888,0.087,1
450,342,2,11,2,1,18.9269,-7.36615,3,0.428686,-0.0894521,0.087,1
450,342,2,11,3,1,18.1397,-9.1096,3,0.154697,0.0531707,0.087,1
450,345,2,5,0,-1,-2.45369,-6.78092,1,0.215057,-0.429035,0.09,1
450,345,2,5,1,0,-2.10781,-7.77234,4,-0.0683098,-0.520854,0.09,1
450,345,2,5,2,1,-1.48307,-6.52615,3,0.261873,-0.678756,0.09,1
450,345,2,5,3,1,-3.24603,-7.11677,3,0.132578,-0.16674,0.09,1
450,348,2,9,0,-1,-16.2769,-14.839,1,0.218772,-0.214989,0.095,1
450,348,2,9,1,0,-15.4155,-15.4351,4,0.165201,-0.296833,0.095,1
450,348,2,9,2,1,-15.7474,-14.0787,3,0.498433,-0.207491,0.095,1
450,348,2,9,3,1,-16.7167,-15.5579,3,0.150931,-0.163014,0.095,1
450,349,2,8,0,-1,-0.0147515,-13.1745,1,0.298687,0.393803,0.092,1
450,349,2,8,1,0,0.96801,-12.7832,4,0.574134,-0.280851,0.092,1
450,349,2,8,2,1,-0.238219,-12.0692,3,1.09121,0.603497,0.092,1
450,349,2,8,3,1,0.405535,-13.9725,3,0.024947,-0.0440065,0.092,1
450,357,2,8,0,-1,-10.7926,9.61187,1,-0.258145,0.0157717,0.095,1
450,357,2,8,1,0,-11.5426,9.06665,4,-0.281436,0.0959221,0.095,1
450,357,2,8,2,1,-10.1738,9.00627,3,-0.378974,-0.235778,0.095,1
450,357,2,8,3,1,-11.0301,10.2885,3,-0.151441,0.0466306,0.095,1
450,378,2,9,0,-1,-7.61854,-10.2906,1,0.465572,0.343933,0.092,1
450,378,2,9,1,0,-6.54816,-10.2676,4,0.467872,-0.305679,0.092,1
450,378,2,9,2,1,-7.3818,-9.14883,3,0.969226,0.0806735,0.092,1
450,378,2,9,3,1,-7.4601,-11.2178,3,-0.182808,0.307397,0.092,1
450,385,2,11,0,-1,-12.4494,-9.97426,1,-0.240177,-0.482214,0.093,1
450,385,2,11,1,0,-12.0218,-10.9271,4,0.0859025,-0.245519,0.093,1
450,385,2,11,2,1,-11.6411,-9.58269,3,-0.0269959,-0.128273,0.093,1
450,385,2,11,3,1,-13.2958,-10.5692,3,-0.0107183,-0.469353,0.093,1
450,386,2,10,0,-1,-8.28634,-10.7667,1,0.17002,0.771576,0.093,0
450,390,2,9,0,-1,-12.8913,14.6016,1,-0.428445,0.799619,0.094,1
450,390,2,9,1,0,-13.2523,15.5599,4,-0.546229,0.659066,0.094,1
450,390,2,9,2,1,-13.6679,14.3026,3,-0.361585,0.546436,0.094,1
450,390,2,9,3,1,-12.0069,15.2404,3,-0.445176,0.7976,0.094,1
450,403,2,12,0,-1,7.44019,-14.2374,1,-0.325612,-0.23503,0.086,1
450,403,2,12,1,0,6.39453,-14.3405,4,-0.32234,-0.24672,0.086,1
450,403,2,12,2,1,7.48793,-15.2106,3,-0.280677,-0.196502,0.086,1
450,403,2,12,3,1,7.27063,-13.3647,3,-0.324021,-0.242313,0.086,1
450,416,2,11,0,-1,-3.56154,-11.578,1,0.0505678,0.284709,0.092,1
450,416,2,11,1,0,-3.91473,-10.6174,4,0.0131292,0.315622,0.092,1
450,416,2,11,2,1,-4.36751,-11.9471,3,0.332219,0.237095,0.092,1
450,416,2,11,3,1,-2.87699,-11.429,3,-0.0976629,0.226114,0.092,1
450,418,2,6,0,-1,-4.13192,0.692697,1,-0.0282893,0.0965156,0.091,1
450,418,2,6,1,0,-5.1661,0.4864,4,0.138855,-0.0991641,0.091,1
450,418,2,6,3,1,-4.47166,1.64836,3,0.433955,-0.225477,0.091,1
450,421,2,11,0,-1,-4.67253,-2.05881,1,-0.377125,0.232191,0.09,1
450,421,2,11,1,0,-4.95578,-1.0464,4,-0.200422,0.281691,0.09,1
450,421,2,11,2,1,-5.73378,-2.20817,3,-0.387069,0.40691,0.09,1
450,421,2,11,3,1,-3.85829,-1.75804,3,-0.329827,0.0835883,0.09,1
450,422,2,9,0,-1,-11.4646,10.1655,1,-0.0709425,0.265977,0.095,0
450,422,2,9,1,0,-10.7549,10.9213,4,0.315737,-0.192426,0.095,0
450,422,2,9,2,1,-12.1337,10.9041,3,0.222979,0.473755,0.095,0
450,428,2,10,0,-1,-13.8077,4.36904,1,-0.157928,-0.385196,0.095,1
450,428,2,10,1,0,-13.4999,3.45251,4,0.209067,-0.263348,0.095,1
450,428,2,10,2,1,-12.9153,4.70546,3,-0.266048,-0.0373574,0.095,1
450,428,2,10,3,1,-14.728,4.01202,3,-0.0398049,-0.796161,0.095,1
450,429,2,9,0,-1,-1.89458,-10.1637,1,0.0234025,-0.16955,0.092,1
450,429,2,9,1,0,-2.44634,-11.0168,4,-0.449521,0.147073,0.092,1
450,429,2,9,2,1,-1.07056,-10.8676,3,-0.325914,-1.03248,0.092,1
450,429,2,9,3,1,-2.74438,-9.77161,3,-0.0124504,0.258188,0.092,1
450,432,2,10,0,-1,16.2623,7.94289,1,-0.652205,0.0901816,0.091,1
450,432,2,10,1,0,15.7684,8.88298,4,0.102463,0.507591,0.091,1
450,432,2,10,2,1,15.2307,7.74401,3,-0.804589,0.930024,0.091,1
450,432,2,10,3,1,17.0543,8.54897,3,-0.190838,-0.472141,0.091,1
450,440,2,11,0,-1,-14.1703,3.64345,1,0.130546,-0.527555,0.094,0
450,443,2,12,0,-1,-3.11311,-10.8759,1,-0.0772245,0.311674,0.093,0
450,443,2,12,1,0,-2.15898,-11.5034,4,-0.031401,0.212666,0.093,0
450,445,2,8,0,-1,-10.7862,-8.36633,1,-0.554858,0.62617,0.092,1
450,445,2,8,1,0,-11.2395,-7.35213,4,-0.379019,0.641734,0.092,1
450,445,2,8,2,1,-11.8473,-8.6053,3,0.493829,0.222894,0.092,1
450,445,2,8,3,1,-9.98293,-7.64808,3,-0.21256,1.41129,0.092,1
450,446,2,12,0,-1,17.7661,-7.78918,1,0.201538,-0.0976728,0.086,0
450,448,2,10,0,-1,-15.8488,13.6285,1,-0.112954,0.276013,0.093,1
450,448,2,10,1,0,-14.9375,14.0055,4,-0.0597064,0.185039,0.093,1
450,448,2,10,2,1,-16.1925,14.5766,3,-0.0068708,0.231963,0.093,1
450,448,2,10,3,1,-15.2254,12.7276,3,-0.253066,0.222439,0.093,1
450,449,2,9,0,-1,0.330764,-9.88655,1,0.799844,0.767156,0.092,1
450,449,2,9,1,0,1.55444,-9.95204,4,0.554288,0.161216,0.092,1
450,449,2,9,2,1,1.20587,-8.63506,3,0.863391,0.246673,0.092,1
450,449,2,9,3,1,1.07324,-11.1501,3,-0.194008,0.482918,0.092,1
450,450,2,12,0,-1,9.26104,-1.79922,1,-0.254786,-0.146588,0.091,1
450,450,2,12,1,0,8.35972,-1.23204,4,-0.343867,-0.100367,0.091,1
450,450,2,12,2,1,8.54921,-2.62086,3,-0.0556075,-0.0598744,0.091,1
450,450,2,12,3,1,9.6216,-0.911094,3,-0.389504,0.221791,0.091,1
450,451,2,13,0,-1,10.9427,-5.53785,1,-0.240088,-0.378179,0.087,1
450,451,2,13,1,0,10.6289,-6.59619,11,-0.829394,-0.18256,0.087,1
450,451,2,13,2,1,12.0132,-6.44145,3,-0.768081,-0.863967,0.087,1
450,451,2,13,3,1,9.90961,-5.50829,3,-0.390559,0.0995703,0.087,1
450,452,2,10,0,-1,-13.8267,-14.2815,1,0.269694,-0.0552623,0.094,1
450,452,2,10,1,0,-13.7073,-15.3515,4,-0.157213,-0.0810664,0.094,1
450,452,2,10,2,1,-12.9861,-14.1829,3,0.332448,-0.351244,0.094,1
450,452,2,10,3,1,-14.7565,-14.571,3,0.116596,0.31677,0.094,1
450,457,2,11,0,-1,-16.664,13.6442,1,-0.122757,0.581947,0.092,0
450,457,2,11,1,0,-17.1752,14.4773,4,-0.165159,0.568317,0.092,0
450,457,2,11,2,1,-17.4618,13.1324,3,-0.153024,0.568598,0.092,0
450,459,2,12,0,-1,-12.933,-9.34083,1,0.0882951,-0.274895,0.092,0
450,459,2,12,1,0,-13.9053,-9.7251,4,0.0429644,-0.0606855,0.092,0
450,460,2,11,0,-1,-13.3081,-13.6093,1,0.354926,-0.149736,0.094,0
450,460,2,11,1,0,-12.2435,-13.7751,4,0.33168,-0.192692,0.094,0
450,460,2,11,2,1,-12.9456,-12.5642,3,0.26256,-0.261626,0.094,0
450,461,2,11,0,-1,17.0639,7.82814,1,-0.688438,-0.324979,0.092,0
450,463,2,5,0,-1,-12.8498,8.77456,1,0.113823,-0.203014,0.09,0
450,463,2,5,1,0,-13.3976,7.87497,4,-0.196854,-0.00354988,0.09,0
450,463,2,5,2,1,-12.0513,8.23818,3,-0.146572,-0.221287,0.09,0
450,464,2,11,0,-1,2.27854,4.46691,1,0.0385491,-0.456325,0.089,0
450,464,2,11,1,0,2.75457,5.42482,4,0.319821,-0.468665,0.089,0
450,464,2,11,2,1,1.46117,4.90334,3,0.141095,-0.118821,0.089,0
450,464,2,11,3,2,2.9362,4.77507,3,0.102506,0.0148203,0.089,0
450,465,2,13,0,-1,8.82373,-8.4565,1,0.192304,-0.389008,0.085,1
450,465,2,13,1,0,9.3112,-9.39809,4,0.377131,-0.243125,0.085,1
450,465,2,13,2,1,9.95291,-8.15574,3,0.0561142,-0.0770817,0.085,1
450,465,2,13,3,1,8.02071,-9.09353,3,0.398668,-0.0499372,0.085,1
450,466,2,12,0,-1,-0.865647,4.28976,1,-0.153568,0.367689,0.09,1
450,466,2,12,1,0,-1.62548,5.05343,4,0.0553598,0.572303,0.09,1
450,466,2,12,2,1,-1.87337,3.68893,3,-0.111321,0.60672,0.09,1
450,466,2,12,3,1,-0.321492,5.07272,3,0.0671814,0.168363,0.09,1
450,467,2,14,0,-1,10.3061,-4.92714,1,-0.0766045,-0.235912,0.088,0
450,467,2,14,1,0,10.0758,-3.83256,11,1.30474,-0.00913745,0.088,0
450,467,2,14,2,1,8.72821,-4.44592,3,0.408135,1.94273,0.088,0
450,468,2,10,0,-1,-13.0616,13.7724,1,-0.133439,0.762555,0.095,0
450,468,2,10,1,0,-14.0763,13.831,4,-0.206149,-0.163147,0.095,0
450,468,2,10,2,1,-13.2672,12.7416,3,0.0989367,0.0683782,0.095,0
450,469,2,10,0,-1,-14.8703,-18.1665,1,1.21633,0.010295,0.094,1
450,469,2,10,1,0,-14.8181,-17.0715,4,-0.00644276,0.161083,0.094,1
450,469,2,10,2,1,-15.9824,-17.8204,3,0.42115,-0.541911,0.094,1
450,469,2,10,3,1,-13.8244,-18.0008,3,-0.0221741,0.287758,0.094,1
450,470,2,10,0,-1,19.577,7.07499,1,0.0357197,-0.0675589,0.092,0
450,470,2,10,1,0,20.2266,7.89941,4,-0.0141054,-0.0460411,0.092,0
450,475,18,11,0,-1,2.55261,-15.4559,1,0.318543,0.195358,0.067,0
450,475,18,11,1,0,3.52161,-14.6432,4,0.362893,0.160327,0.067,0
450,476,19,13,0,-1,-0.562423,3.5174,1,-0.0728642,0.395246,0.115,0
450,476,19,13,1,0,-1.00892,3.49255,3,-0.0810555,0.402644,0.115,0
450,476,19,13,2,0,0.230362,4.19529,4,-0.044116,0.374955,0.115,0
450,477,2,13,0,-1,9.64364,-2.50991,1,-0.614836,-0.122866,0.09,0
450,477,2,13,1,0,9.24393,-1.53917,4,-0.633235,0.0450881,0.09,0
450,478,2,11,0,-1,-14.5611,-18.9493,1,0.51005,-0.49162,0.094,0
450,479,2,14,0,-1,8.23259,-7.90494,1,-0.000172313,-0.61267,0.085,0
450,480,2,10,0,-1,0.983579,-9.7418,1,1.01795,0.94163,0.093,0
480,195,2,7,0,-1,-13.1599,-4.23874,1,-0.200201,-0.188303,0.091,1
480,195,2,7,1,0,-12.7936,-5.22015,4,-0.103891,-0.150007,0.091,1
480,195,2,7,2,1,-12.2627,-3.92971,3,-0.363557,-0.022306,0.091,1
480,195,2,7,3,1,-13.9204,-4.5531,3,-0.149532,-0.2472,0.091,1
480,324,2,10,0,-1,-2.42995,6.1507,1,-0.502819,0.435481,0.09,1
480,324,2,10,1,0,-3.47655,6.02827,4,-0.481337,0.295562,0.09,1
480,324,2,10,2,1,-2.53464,4.99485,3,-0.299269,0.445785,0.09,1
480,324,2,10,3,1,-2.65375,7.04851,3,-0.490132,0.275235,0.09,1
480,336,2,10,0,-1,-2.65711,-15.2246,1,-0.328581,0.133298,0.092,1
480,336,2,10,1,0,-3.2893,-14.3985,4,-0.0936087,0.254561,0.092,1
480,336,2,10,2,1,-3.63586,-15.7612,3,-0.412606,0.342811,0.092,1
480,336,2,10,3,1,-1.96569,-14.5291,3,-0.102745,-0.0285959,0.092,1
480,349,2,8,0,-1,5.9751,-10.2754,1,-0.176948,-0.357926,0.092,1
480,349,2,8,1,0,5.7258,-11.2944,4,-0.440468,-0.293066,0.092,1
480,349,2,8,2,1,6.91392,-10.5624,3,-0.201917,-0.610507,0.092,1
480,349,2,8,3,1,5.14353,-10.1203,3,-0.146961,-0.177104,0.092,1
480,357,2,8,0,-1,-9.95063,15.4891,1,-0.564173,0.249339,0.095,1
480,357,2,8,1,0,-10.7702,14.9371,4,-0.146681,-0.354007,0.095,1
480,357,2,8,2,1,-9.43856,14.5188,3,0.199699,0.690972,0.095,1
480,357,2,8,3,1,-10.7949,16.2514,3,-1.00554,-0.364157,0.095,1
480,385,2,11,0,-1,-12.4943,-8.66976,1,0.133187,-0.169554,0.093,1
480,385,2,11,1,0,-12.8074,-9.67629,4,-0.251556,-0.0571428,0.093,1
480,385,2,11,2,1,-11.5261,-9.12267,3,-0.0437507,-0.503065,0.093,1
480,385,2,11,3,1,-13.4013,-8.502,3,0.209882,0.173694,0.093,1
480,390,2,9,0,-1,-9.71077,18.7132,1,0.0416898,0.631931,0.094,1
480,390,2,9,1,0,-10.3331,19.4713,4,-0.418838,0.267054,0.094,1
480,390,2,9,2,1,-10.497,18.0946,3,0.309214,0.173456,0.094,1
480,390,2,9,3,1,-9.02393,19.5266,3,-0.444902,1.11076,0.094,1
480,403,2,12,0,-1,-3.90279,-17.6236,1,-0.529174,-0.192566,0.086,1
480,403,2,12,1,0,-4.63183,-18.3839,4,-0.383269,-0.378886,0.086,1
480,403,2,12,2,1,-3.2776,-18.5733,3,-0.28004,0.162947,0.086,1
480,403,2,12,3,1,-4.72418,-17.0665,3,-0.509002,-0.511568,0.086,1
480,422,2,9,0,-1,-6.8968,13.1389,1,0.302433,-0.112741,0.095,1
480,422,2,9,1,0,-6.70144,12.1877,4,0.300289,-0.121333,0.095,1
480,422,2,9,2,1,-6.06097,13.405,3,0.370843,-0.171329,0.095,1
480,422,2,9,3,1,-7.7944,12.904,3,0.242095,-0.190315,0.095,1
480,432,2,10,0,-1,3.17631,11.9945,1,-0.440517,-0.720059,0.091,1
480,432,2,10,1,0,2.26038,11.4449,4,-0.942977,0.0938758,0.091,1
480,432,2,10,2,1,3.38951,10.8944,3,-1.35967,-0.741207,0.091,1
480,432,2,10,3,1,2.52984,12.7455,3,0.236078,-0.136448,0.091,1
480,445,2,8,0,-1,-9.89014,-10.4963,1,0.205652,-0.301447,0.092,1
480,445,2,8,1,0,-9.22989,-11.3299,4,0.317525,-0.246975,0.092,1
480,445,2,8,2,1,-9.15265,-9.93794,3,0.00438895,-0.194479,0.092,1
480,445,2,8,3,1,-10.568,-11.2256,3,0.246221,-0.778442,0.092,1
480,449,2,9,0,-1,-3.17028,-12.7008,1,-0.157752,-0.240243,0.092,1
480,449,2,9,1,0,-2.72984,-13.6255,4,0.308071,0.0828508,0.092,1
480,449,2,9,2,1,-2.07485,-12.3467,3,-0.286095,0.42243,0.092,1
480,449,2,9,3,1,-3.97992,-13.2211,3,-0.0509808,-0.750794,0.092,1
480,451,2,13,0,-1,7.51446,-7.49695,1,-0.417012,-0.0831721,0.087,1
480,451,2,13,1,0,6.76391,-6.69776,11,0.353035,0.651599,0.087,1
480,451,2,13,2,1,6.22598,-8.01062,3,-0.964143,1.18278,0.087,1
480,451,2,13,3,1,8.09402,-6.54624,3,0.502781,-0.646845,0.087,1
480,459,2,12,0,-1,-4.39457,-16.1375,1,-0.0678653,-0.463597,0.092,1
480,459,2,12,1,0,-5.35495,-16.5608,4,-0.278135,-0.319711,0.092,1
480,459,2,12,2,1,-4.0352,-16.9676,3,-0.51264,-0.45323,0.092,1
480,459,2,12,3,1,-4.742,-15.4108,3,0.0332228,-0.411268,0.092,1
480,461,2,11,0,-1,16.9755,16.416,1,0.248571,0.415154,0.092,1
480,461,2,11,1,0,17.2677,17.4306,4,0.165063,0.432277,0.092,1
480,461,2,11,2,1,16.1755,16.8282,3,0.233917,0.304337,0.092,1
480,461,2,11,3,1,17.8853,16.2861,3,0.272441,0.478836,0.092,1
480,464,2,11,0,-1,6.74905,8.81548,1,0.434267,0.162697,0.089,1
480,464,2,11,1,0,7.8092,8.44396,4,0.387362,0.00868873,0.089,1
480,464,2,11,2,1,7.51506,9.77113,3,0.72518,0.0830139,0.089,1
480,464,2,11,3,2,7.18965,8.32061,3,0.349421,0.165951,0.089,1
480,464,2,11,4,1,6.66787,7.78184,3,0.15626,0.36235,0.089,1
480,465,2,13,0,-1,14.5319,-3.58247,1,0.296727,-0.184499,0.085,1
480,465,2,13,1,0,15.3856,-4.19508,4,0.12017,-0.402956,0.085,1
480,465,2,13,2,1,15.2404,-2.80729,3,0.567051,-0.331552,0.085,1
480,465,2,13,3,1,14.0739,-4.34113,3,0.08303,-0.0920146,0.085,1
480,466,2,12,0,-1,1.96644,9.89307,1,-0.0252027,0.410124,0.09,1
480,466,2,12,1,0,1.43086,10.7973,4,-0.2978,0.242393,0.09,1
480,466,2,12,2,1,0.988776,9.46347,3,0.0985193,0.103477,0.09,1
480,466,2,12,3,1,2.68645,10.4332,3,-0.200128,0.564708,0.09,1
480,467,2,14,0,-1,16.7111,-2.31247,1,0.459276,0.104376,0.088,1
480,467,2,14,1,0,17.0461,-1.35136,11,0.529939,0.0938288,0.088,1
480,467,2,14,2,1,15.8383,-2.08905,3,0.429915,0.303496,0.088,1
480,467,2,14,3,1,17.4073,-2.66585,3,0.442971,0.0705662,0.088,1
480,468,2,10,0,-1,-4.31032,4.20495,1,0.186701,-0.209733,0.095,1
480,468,2,10,1,0,-3.56231,3.51486,4,-0.546574,-0.441127,0.095,1
480,468,2,10,2,1,-3.48121,4.87698,3,0.146305,-0.360963,0.095,1
480,468,2,10,3,1,-4.84579,3.43743,3,-0.755282,-0.565443,0.095,1
480,475,18,11,0,-1,-1.86236,-15.277,1,-0.255343,0.0440644,0.067,0
480,475,18,11,1,0,-2.42678,-14.1703,4,0.152978,0.0817937,0.067,0
480,479,2,14,0,-1,13.1111,-5.81465,1,0.298934,-0.057923,0.085,1
480,479,2,14,1,0,14.1532,-6.0136,4,0.228595,-0.35028,0.085,1
480,479,2,14,2,1,13.4425,-4.8201,3,0.53265,-0.142735,0.085,1
480,479,2,14,3,1,13.0515,-6.74105,3,-0.0538076,0.0689818,0.085,1
480,480,2,10,0,-1,-2.40424,-12.9733,1,0.0461038,0.220674,0.093,0
480,485,2,9,0,-1,-14.712,-9.4389,1,-0.0870059,-0.359876,0.093,1
480,485,2,9,1,0,-14.4947,-10.4809,4,0.530419,-0.279185,0.093,1
480,485,2,9,2,1,-13.6232,-9.38079,3,-0.00688473,0.170815,0.093,1
480,485,2,9,3,1,-15.6911,-9.84392,3,0.169532,-0.961693,0.093,1
480,487,2,11,0,-1,-15.8401,8.66244,1,0.0307928,0.244578,0.095,1
480,487,2,11,1,0,-15.3105,9.47679,4,-0.0593055,0.301012,0.095,1
480,487,2,11,2,1,-16.6405,9.11988,3,-0.0398824,0.20961,0.095,1
480,487,2,11,3,1,-14.9749,8.17491,3,0.171381,0.3496,0.095,1
480,488,2,12,0,-1,6.19837,9.45005,1,0.607105,0.319716,0.088,0
480,488,2,12,1,0,7.02451,10.1765,4,0.600897,0.280687,0.088,0
480,488,2,12,2,1,5.66217,10.4153,3,0.577605,0.141243,0.088,0
480,488,2,12,3,2,6.82585,9.51498,3,0.496424,0.0940135,0.088,0
480,493,2,14,0,-1,8.30884,-7.77989,1,-0.711672,-0.915043,0.087,0
480,494,2,12,0,-1,-15.0546,8.82511,1,0.0105972,0.30888,0.094,0
480,494,2,12,1,0,-14.2183,9.30426,4,0.145279,0.0705923,0.094,0
480,495,2,11,0,-1,-3.21524,1.14847,1,-0.291399,0.212907,0.091,1
480,495,2,11,1,0,-4.2424,1.29487,4,-0.375037,-0.221052,0.091,1
480,495,2,11,2,1,-3.1585,0.381566,3,-0.46596,-0.249899,0.091,1
480,495,2,11,3,1,-2.97439,1.95941,3,-0.391151,-0.607768,0.091,1
480,499,2,13,0,-1,-4.91398,-18.8373,1,0.0368527,-0.103176,0.087,1
480,499,2,13,1,0,-3.85541,-18.7636,4,-0.0381882,-0.30304,0.087,1
480,499,2,13,2,1,-4.88457,-17.8115,3,0.660788,0.628619,0.087,1
480,499,2,13,3,1,-4.58721,-19.849,3,-0.183586,-0.134516,0.087,1
480,500,2,10,0,-1,-11.7048,9.34736,1,-0.0245151,-0.435852,0.096,1
480,500,2,10,1,0,-11.1482,8.5125,4,0.421813,-0.177487,0.096,1
480,500,2,10,2,1,-10.8826,9.85524,3,0.000371964,-0.104044,0.096,1
480,500,2,10,3,1,-12.4539,8.46332,3,0.467403,-0.798364,0.096,1
480,501,2,11,0,-1,-7.79404,17.5898,1,0.129925,0.44143,0.095,1
480,501,2,11,1,0,-7.82169,18.5678,4,-0.0541022,0.422429,0.095,1
480,501,2,11,2,1,-8.67361,17.4911,3,0.0978827,0.306553,0.095,1
480,501,2,11,3,1,-6.83693,17.7123,3,0.150717,0.630651,0.095,1
480,502,2,9,0,-1,-15.3742,-10.9957,1,0.285933,-0.36545,0.093,1
480,502,2,9,1,0,-14.3964,-11.3601,4,0.107378,-0.709051,0.093,1
480,502,2,9,2,1,-15.114,-10.1709,3,0.272776,-0.580181,0.093,1
480,502,2,9,3,1,-15.6487,-11.7727,3,-0.106256,-0.0229434,0.093,1
480,505,2,15,0,-1,12.3083,-5.70097,1,0.311665,-0.0417173,0.084,0
480,505,2,15,1,0,11.2583,-5.73681,4,0.312223,0.114616,0.084,0
480,507,2,8,0,-1,-8.12455,-8.61503,1,0.432208,-0.0580657,0.091,1
480,507,2,8,1,0,-7.26266,-9.2548,4,0.336965,-0.230758,0.091,1
480,507,2,8,2,1,-7.43804,-7.89288,3,0.672091,-0.22607,0.091,1
480,507,2,8,3,1,-8.56476,-9.27737,3,0.299673,0.111237,0.091,1
480,508,2,15,0,-1,17.4545,-1.95609,1,0.448279,0.124943,0.088,0
480,509,2,12,0,-1,10.1941,17.3539,1,0.196221,-0.404424,0.091,1
480,509,2,12,1,0,9.75846,16.2695,4,-0.352343,-0.151215,0.091,1
480,509,2,12,2,1,11.0025,16.4581,3,-0.319167,-0.361041,0.091,1
480,509,2,12,3,1,9.14464,17.4389,3,0.00435294,0.0579761,0.091,1
480,510,2,10,0,-1,-14.746,-8.63074,1,-0.179541,-0.321668,0.092,0
480,511,2,14,0,-1,14.7998,-0.927102,1,0.198476,0.230427,0.086,1
480,511,2,14,1,0,15.7247,-1.39871,4,0.341875,0.468923,0.086,1
480,511,2,14,2,1,15.4657,-0.0352653,3,0.0448233,0.437348,0.086,1
480,511,2,14,3,1,14.46,-1.80088,3,0.423321,0.246514,0.086,1
480,512,2,12,0,-1,-8.18011,16.8807,1,0.102531,0.459941,0.094,0
480,512,2,12,1,0,-7.43401,16.2655,4,-0.0931908,0.270465,0.094,0
480,515,2,14,0,-1,-5.54941,-18.2472,1,-0.194649,0.393279,0.086,1
480,515,2,14,1,0,-6.17587,-17.3525,4,0.00906608,0.366089,0.086,1
480,515,2,14,2,1,-6.7455,-18.6101,3,0.352845,0.222042,0.086,1
480,515,2,14,3,1,-5.35331,-16.3173,3,0.139174,0.407762,0.086,1
480,516,2,11,0,-1,5.51719,10.9592,1,0.0330553,-0.300848,0.092,1
480,516,2,11,1,0,6.33489,10.2272,4,0.435427,-0.186701,0.092,1
480,516,2,11,2,1,6.37976,11.4778,3,-0.390052,-0.240585,0.092,1
480,516,2,11,3,1,5.13855,9.68385,3,0.836622,-0.756611,0.092,1
480,517,2,11,0,-1,-11.5779,10.1702,1,-0.275133,-0.391608,0.097,0
480,517,2,11,1,0,-10.8602,10.7744,4,-0.580158,-0.0362918,0.097,0
480,518,2,13,0,-1,10.3041,16.5993,1,-0.306502,-0.498117,0.091,0
480,518,2,13,1,0,9.18073,16.3662,4,-0.371134,-0.300842,0.091,0
480,518,2,13,2,1,10.289,15.7169,3,-0.38955,-0.262663,0.091,0
480,519,2,9,0,-1,-8.26893,-7.81415,1,0.695998,-0.0408851,0.091,0
480,519,2,9,1,0,-9.17999,-8.32547,4,0.692791,-0.0183089,0.091,0
480,520,2,13,0,-1,-4.59837,-14.0442,1,-0.0238082,0.151141,0.092,1
480,520,2,13,1,0,-3.58327,-13.7142,4,0.0963489,-0.0725253,0.092,1
480,520,2,13,2,1,-4.85983,-13.1314,3,0.0672118,0.0350154,0.092,1
480,520,2,13,3,1,-4.24418,-14.808,3,-0.153964,0.0590005,0.092,1
480,521,2,15,0,-1,14.4262,-0.227396,1,0.349559,0.312869,0.086,0
480,522,2,11,0,-1,-4.76894,4.88212,1,0.765392,-0.196509,0.094,0
480,522,2,11,1,0,-4.55369,5.83183,4,-0.0507217,0.0819244,0.094,0
480,522,2,11,2,1,-5.66734,4.9308,3,1.17665,-1.56078,0.094,0
480,524,2,12,0,-1,-3.50378,1.89049,1,-0.589827,0.265895,0.09,0
480,524,2,12,1,0,-4.15533,2.73466,4,-0.452787,0.125825,0.09,0
480,524,2,12,2,1,-4.00399,1.4131,3,0.371176,-0.041493,0.09,0
480,527,2,9,0,-1,-9.91793,-11.2713,1,0.724123,-0.318329,0.093,0
480,527,2,9,1,0,-9.55465,-12.2313,4,0.23221,-0.613667,0.093,0
480,529,2,13,0,-1,-3.32549,-17.0005,1,-0.383634,0.0349121,0.086,0
480,529,2,13,1,0,-2.33049,-17.3224,4,-0.226524,-0.167066,0.086,0
480,529,2,13,2,1,-2.13555,-15.9307,3,-0.625981,-0.0580559,0.086,0
480,530,2,12,0,-1,5.48973,11.7557,1,0.0106502,-0.283136,0.093,0
510,195,2,7,0,-1,-11.3793,-4.73981,1,-0.419868,0.326961,0.091,1
510,195,2,7,1,0,-12.2138,-4.09063,4,-0.419719,0.382869,0.091,1
510,195,2,7,2,1,-11.9806,-5.45766,3,-0.295807,0.443842,0.091,1
510,195,2,7,3,1,-10.9104,-4.00162,3,-0.446703,0.397713,0.091,1
510,324,2,10,0,-1,0.876436,4.61917,1,-0.456642,-0.383707,0.09,1
510,324,2,10,1,0,-0.165922,4.76886,4,-0.462583,-0.39636,0.09,1
510,324,2,10,2,1,0.582321,3.58139,3,-0.349687,-0.315715,0.09,1
510,324,2,10,3,1,0.884014,5.53185,3,-0.392644,-0.51309,0.09,1
510,336,2,10,0,-1,-0.89358,-13.9794,1,-0.0109523,0.300887,0.092,1
510,336,2,10,1,0,-0.962849,-12.9365,4,-0.0481896,0.30039,0.092,1
510,336,2,10,2,1,-1.87315,-13.9989,3,-0.23688,0.44968,0.092,1
510,336,2,10,3,1,0.0393687,-13.8069,3,-0.0239918,0.316685,0.092,1
510,357,2,8,0,-1,-11.4459,14.4132,1,-0.637546,0.0619036,0.095,1
510,357,2,8,1,0,-12.0444,13.6918,4,-0.369385,-0.0893287,0.095,1
510,357,2,8,2,1,-10.7328,14.1969,3,-0.134542,-0.495764,0.095,1
510,357,2,8,3,1,-12.218,15.0102,3,0.365707,-0.0604059,0.095,1
510,385,2,11,0,-1,-13.2618,-5.62352,1,0.478753,0.246091,0.093,1
510,385,2,11,1,0,-12.5905,-4.78637,4,0.0856277,0.558138,0.093,1
510,385,2,11,2,1,-13.9944,-4.70628,3,0.0579398,-0.237143,0.093,1
510,385,2,11,3,1,-12.335,-6.06879,3,0.703127,0.651021,0.093,1
510,403,2,12,0,-1,0.951644,-17.4236,1,0.230175,0.153293,0.086,1
510,403,2,12,1,0,1.66655,-16.6441,4,0.0484566,0.290971,0.086,1
510,403,2,12,2,1,0.309965,-16.9717,3,0.0278034,0.0996348,0.086,1
510,403,2,12,3,1,1.63706,-17.9904,3,0.220935,0.299429,0.086,1
510,422,2,9,0,-1,-10,12.3494,1,0.0480073,-0.230207,0.095,1
510,422,2,9,1,0,-10.9875,12.6632,4,0.0687839,-0.409225,0.095,1
510,422,2,9,2,1,-10.8437,11.2798,3,-0.200057,-0.47582,0.095,1
510,422,2,9,3,1,-10.0692,13.622,3,0.123056,-0.327126,0.095,1
510,445,2,8,0,-1,-5.50838,-4.32833,1,0.271604,0.0269197,0.092,1
510,445,2,8,1,0,-4.4929,-4.06903,4,0.247406,0.123513,0.092,1
510,445,2,8,2,1,-5.70143,-3.36581,3,0.163792,-0.0200932,0.092,1
510,445,2,8,3,1,-5.24177,-5.14221,3,0.348533,0.0548473,0.092,1
510,459,2,12,0,-1,-3.32009,-16.3492,1,-0.0765973,0.598572,0.092,1
510,459,2,12,1,0,-3.62884,-15.3215,4,0.257454,0.684784,0.092,1
510,459,2,12,2,1,-4.41098,-16.4911,3,-0.205266,0.996031,0.092,1
510,459,2,12,3,1,-2.4471,-15.854,3,0.00230092,0.11323,0.092,1
510,461,2,11,0,-1,18.546,14.7061,1,0.637509,0.489349,0.092,1
510,461,2,11,1,0,18.2998,15.7218,4,-0.133333,0.323866,0.092,1
510,461,2,11,2,1,17.6801,14.6227,3,0.731083,-0.0930287,0.092,1
510,461,2,11,3,1,19.4212,15.012,3,0.403204,1.11543,0.092,1
510,464,2,11,0,-1,17.1387,11.243,1,0.201988,-0.355674,0.089,1
510,464,2,11,1,0,16.6826,10.2845,4,0.165213,-0.292162,0.089,1
510,464,2,11,2,1,18.0016,10.8,3,0.19163,-0.347225,0.089,1
510,464,2,11,3,2,16.5387,10.963,3,0.179858,-0.275787,0.089,1
510,464,2,11,4,1,16.0013,11.4081,3,0.041128,-0.338123,0.089,1
510,465,2,13,0,-1,16.0966,-9.22474,1,-0.529844,0.0530035,0.085,1
510,465,2,13,1,0,15.0672,-8.93374,4,-0.447464,0.439187,0.085,1
510,465,2,13,2,1,15.4919,-10.2621,3,-0.925978,0.300864,0.085,1
510,465,2,13,3,1,16.1764,-8.21478,3,-0.115141,-0.0909199,0.085,1
510,468,2,10,0,-1,-10.1228,1.20939,1,0.255729,-0.357534,0.095,1
510,468,2,10,1,0,-9.22618,0.829096,4,0.282947,-0.285078,0.095,1
510,468,2,10,2,1,-9.79189,2.08052,3,0.132484,-0.32619,0.095,1
510,468,2,10,3,1,-10.4183,0.279957,3,0.313402,-0.347954,0.095,1
510,475,18,11,0,-1,-0.28245,-14.4871,1,-0.0659135,0.230864,0.067,0
510,475,18,11,1,0,-0.238008,-13.2251,4,-0.138984,0.220344,0.067,0
510,475,18,11,2,0,0.433357,-15.2513,4,-0.0417238,0.260538,0.067,0
510,479,2,14,0,-1,9.35589,-11.4796,1,0.356903,-0.636577,0.085,1
510,479,2,14,1,0,9.17824,-12.5174,4,0.093655,-0.603726,0.085,1
510,479,2,14,2,1,10.2275,-11.5965,3,0.315851,-0.826334,0.085,1
510,479,2,14,3,1,8.33055,-11.5056,3,0.282081,-0.513395,0.085,1
510,485,2,9,0,-1,-10.5334,-7.28451,1,-0.0525214,0.208075,0.093,1
510,485,2,9,1,0,-10.8428,-6.27126,4,-0.119773,0.221364,0.093,1
510,485,2,9,2,1,-11.4918,-7.49336,3,0.355622,-0.0181034,0.093,1
510,485,2,9,3,1,-9.66456,-6.82842,3,-0.150204,0.146807,0.093,1
510,488,2,12,0,-1,13.7031,15.0882,1,0.545106,0.0745824,0.088,1
510,488,2,12,1,0,13.4483,13.9967,4,-0.0589264,0.20215,0.088,1
510,488,2,12,2,1,14.7947,14.3877,3,0.202525,-0.626543,0.088,1
510,488,2,12,3,2,13.3117,14.6288,3,0.339164,0.234297,0.088,1
510,488,2,12,4,1,12.5904,15.0089,3,0.408436,0.598512,0.088,1
510,500,2,10,0,-1,-8.26991,13.9935,1,-0.381638,-0.077092,0.096,1
510,500,2,10,1,0,-9.25438,13.8807,4,-0.345905,-0.365558,0.096,1
510,500,2,10,2,1,-8.17436,13.0262,3,-0.000237867,0.0934355,0.096,1
510,500,2,10,3,1,-8.58838,14.9957,3,-0.607187,-0.196037,0.096,1
510,502,2,9,0,-1,-13.1862,-7.54817,1,-0.137188,0.282032,0.093,1
510,502,2,9,1,0,-12.1882,-7.31038,4,0.0124454,-0.04991,0.093,1
510,502,2,9,2,1,-13.3996,-6.65705,3,0.32653,0.642569,0.093,1
510,502,2,9,3,1,-13.0275,-8.33556,3,-0.00281142,0.0017699,0.093,1
510,505,2,15,0,-1,11.8219,-10.6456,1,-0.942528,-0.186157,0.084,1
510,505,2,15,1,0,11.7537,-11.7062,4,-0.0198789,-0.238093,0.084,1
510,505,2,15,2,1,12.9593,-10.952,3,-0.656035,0.798303,0.084,1
510,505,2,15,3,1,10.7547,-10.8218,3,-0.776468,-1.05143,0.084,1
510,510,2,10,0,-1,-10.8863,-8.02115,1,0.031321,0.117974,0.092,0
510,510,2,10,1,0,-11.8128,-8.52494,4,0.192983,-0.239855,0.092,0
510,510,2,10,2,1,-10.4952,-9.01893,3,0.415842,0.428306,0.092,0
510,515,2,14,0,-1,-8.84829,-15.3024,1,-0.0270541,-0.328223,0.086,1
510,515,2,14,1,0,-8.89184,-16.3532,4,0.0617751,-0.326592,0.086,1
510,515,2,14,2,1,-7.86771,-15.4098,3,-0.0168688,-0.248048,0.086,1
510,515,2,14,3,1,-9.73938,-15.344,3,-0.0270521,-0.385321,0.086,1
510,517,2,11,0,-1,-7.57365,13.5598,1,-0.243576,0.107303,0.097,0
510,517,2,11,1,0,-7.45145,12.6371,4,-0.170108,0.101238,0.097,0
510,517,2,11,2,1,-6.53361,13.6487,3,-0.176653,0.118823,0.097,0
510,520,2,13,0,-1,3.14448,-18.451,1,-0.402767,-0.258401,0.092,1
510,520,2,13,1,0,2.38999,-17.6917,4,0.151032,0.291553,0.092,1
510,520,2,13,2,1,1.8292,-19.0098,3,-0.902702,0.725852,0.092,1
510,520,2,13,3,1,3.70202,-17.5885,3,0.226843,-0.569633,0.092,1
510,527,2,9,0,-1,-7.7193,-8.10516,1,-0.23522,-0.101325,0.093,1
510,527,2,9,1,0,-7.90964,-9.14659,4,-0.1476,-0.114044,0.093,1
510,527,2,9,2,1,-6.66719,-8.45453,3,-0.198684,-0.022062,0.093,1
510,527,2,9,3,1,-8.61317,-8.01882,3,-0.225997,-0.162774,0.093,1
510,529,2,13,0,-1,-1.30842,-16.6597,1,-0.160598,0.210892,0.086,1
510,529,2,13,1,0,-1.2754,-15.6006,4,-0.109676,0.213447,0.086,1
510,529,2,13,2,1,-2.33548,-16.5368,3,0.276143,-0.200794,0.086,1
510,529,2,13,3,1,-0.442847,-16.6015,3,-0.090666,0.228293,0.086,1
510,531,2,12,0,-1,16.637,12.9951,1,0.392411,-0.157885,0.091,1
510,531,2,12,1,0,17.6834,12.7772,4,0.372141,-0.35049,0.091,1
510,531,2,12,2,1,16.991,13.79,3,0.417681,-0.361399,0.091,1
510,531,2,12,3,1,16.5898,12.0662,3,0.229296,-0.159197,0.091,1
510,532,2,14,0,-1,21.6348,-12.3656,1,0.308296,-0.243863,0.086,1
510,532,2,14,1,0,22.4954,-12.9702,4,0.142362,-0.479153,0.086,1
510,532,2,14,2,1,22.3024,-11.588,3,0.519615,-0.404852,0.086,1
510,532,2,14,3,1,21.1904,-13.1613,3,0.113672,-0.19287,0.086,1
510,534,2,14,0,-1,2.37425,-18.5296,1,-0.45401,0.213328,0.091,0
510,535,2,13,0,-1,14.1979,14.4849,1,0.288096,-0.142346,0.087,0
510,535,2,13,1,0,14.8898,13.6037,4,-0.332771,-0.638914,0.087,0
510,535,2,13,2,1,15.3069,14.9208,3,0.534,-0.91236,0.087,0
510,535,2,13,3,2,14.2572,13.8244,3,-0.227055,-0.191088,0.087,0
510,536,2,14,0,-1,-1.47545,-17.4599,1,0.0790991,0.109083,0.085,0
510,536,2,14,1,0,-2.50827,-17.6957,4,-0.00526697,0.277019,0.085,0
510,536,2,14,2,1,-1.32729,-18.4187,3,-0.407368,-0.347443,0.085,0
510,539,2,13,0,-1,-4.44177,-15.1761,1,0.0359432,0.0520157,0.093,1
510,539,2,13,1,0,-3.42441,-14.6291,4,-0.33699,0.739984,0.093,1
510,539,2,13,2,1,-4.774,-14.2708,3,-0.517424,-0.003851,0.093,1
510,539,2,13,3,1,-3.93078,-15.8639,3,0.160658,0.567888,0.093,1
510,542,2,13,0,-1,1.71711,-17.2957,1,0.200981,0.342728,0.087,0
510,543,2,9,0,-1,-12.2705,10.4136,1,-0.00189943,-0.0147424,0.096,1
510,543,2,9,1,0,-11.5293,9.81008,4,0.0168625,-0.0111156,0.096,1
510,543,2,9,2,1,-11.8907,11.168,5,-0.0807876,-0.0466479,0.096,1
510,543,2,9,3,1,-12.8324,9.64119,3,0.0217245,0.0622771,0.096,1
510,544,2,8,0,-1,-11.0716,-5.48889,1,-0.318161,0.324616,0.09,0
510,544,2,8,1,0,-11.544,-6.43233,4,-0.228172,0.280726,0.09,0
510,544,2,8,2,1,-10.1743,-6.02906,3,-0.23806,0.289455,0.09,0
510,546,2,10,0,-1,-9.49708,11.7106,1,-0.201582,-0.433027,0.094,0
510,546,2,10,1,0,-9.37805,12.6952,4,0.0732506,-0.485477,0.094,0
510,546,2,10,2,1,-10.4447,11.8342,3,-0.487525,-0.00480268,0.094,0
510,547,2,15,0,-1,7.48749,-9.39048,1,0.314667,-0.523755,0.086,1
510,547,2,15,1,0,7.97876,-10.252,4,-0.0499893,-0.614103,0.086,1
510,547,2,15,2,1,8.52043,-8.90712,3,-0.948761,-0.474732,0.086,1
510,547,2,15,3,1,6.6348,-9.88725,3,0.434886,0.637712,0.086,1
510,549,2,12,0,-1,17.3115,10.4339,1,0.288344,-0.365792,0.09,0
510,549,2,12,1,0,16.5335,9.66242,4,0.287518,-0.331171,0.09,0
510,549,2,12,2,1,17.9239,9.5882,3,0.291455,-0.26734,0.09,0
510,551,2,16,0,-1,19.5617,-13.2072,1,0.217812,-0.267018,0.085,1
510,551,2,16,1,0,20.3946,-13.8375,4,0.246296,-0.225645,0.085,1
510,551,2,16,2,1,20.165,-12.4318,3,0.312771,-0.218743,0.085,1
510,551,2,16,3,1,19.0826,-13.9893,3,0.23256,-0.247975,0.085,1
510,552,2,10,0,-1,-7.28672,-8.76497,1,-0.173955,-0.0599164,0.092,0
510,553,2,12,0,-1,-14.0115,-5.96051,1,0.273533,0.654841,0.094,0
510,553,2,12,1,0,-15.0355,-5.69855,4,0.0804236,0.00662149,0.094,0
510,556,2,10,0,-1,-11.4648,10.5514,1,0.0204256,-0.112094,0.097,0
510,556,2,10,1,0,-10.4987,10.4752,4,0.0473774,-0.00527865,0.097,0
510,560,2,14,0,-1,16.875,-8.97167,1,-0.350385,-0.434924,0.086,0
510,561,2,17,0,-1,20.363,-13.1141,1,0.20452,-0.236554,0.086,0
510,566,2,9,0,-1,-11.2535,13.6137,1,-0.584384,0.0753934,0.096,0
510,566,2,9,1,0,-10.4713,13.036,4,-0.510909,-0.0321828,0.096,0
510,567,2,14,0,-1,-5.25728,-15.1787,1,0.050488,0.582309,0.094,0
540,324,2,10,0,-1,-9.34271,3.34053,1,0.248802,0.46517,0.09,1
540,324,2,10,1,0,-8.72013,4.18549,4,0.0873783,0.573143,0.09,1
540,324,2,10,2,1,-10.1174,4.0809,3,0.134193,0.343541,0.09,1
540,324,2,10,3,1,-8.60071,2.87986,3,0.252039,0.547571,0.09,1
540,336,2,10,0,-1,2.75971,-12.6299,1,-0.212945,0.395088,0.092,1
540,336,2,10,1,0,3.23297,-11.6962,4,0.0715358,0.241464,0.092,1
540,336,2,10,2,1,1.86959,-12.1461,3,-0.00805127,0.489937,0.092,1
540,336,2,10,3,1,3.64734,-12.94,3,-0.485878,0.070536,0.092,1
540,357,2,8,0,-1,-13.6904,5.18962,1,0.0331846,-0.608725,0.095,1
540,357,2,8,1,0,-14.6166,4.97526,4,-0.0679029,-0.253047,0.095,1
540,357,2,8,2,1,-13.2995,4.48161,3,-0.294172,-0.887814,0.095,1
540,357,2,8,3,1,-13.971,6.09331,3,0.151712,-0.381319,0.095,1
540,403,2,12,0,-1,-0.70825,-12.1467,1,-0.710395,0.36302,0.086,1
540,403,2,12,1,0,-1.13444,-11.1855,4,-0.280119,0.618813,0.086,1
540,403,2,12,2,1,-1.81807,-12.4081,3,-0.600983,0.840915,0.086,1
540,403,2,12,3,1,0.0834134,-11.7716,3,-0.467838,0.214988,0.086,1
540,422,2,9,0,-1,-8.53014,11.7243,1,0.452979,-0.141518,0.095,1
540,422,2,9,1,0,-8.03045,10.8871,4,0.0995789,-0.273822,0.095,1
540,422,2,9,2,1,-7.75151,12.2643,3,0.64574,-0.369245,0.095,1
540,422,2,9,3,1,-9.35162,10.9806,3,0.0828326,0.244096,0.095,1
540,445,2,8,0,-1,4.01781,3.49723,1,0.538776,-0.539304,0.092,1
540,445,2,8,1,0,4.53764,4.46987,4,0.20712,-0.222817,0.092,1
540,445,2,8,2,1,3.11424,4.32061,3,0.123023,-0.067786,0.092,1
540,445,2,8,3,1,4.6359,3.14086,3,-0.0845153,-0.171896,0.092,1
540,465,2,13,0,-1,8.33109,-15.5582,1,0.128918,-0.352179,0.085,1
540,465,2,13,1,0,8.9216,-16.4286,4,0.063299,-0.413821,0.085,1
540,465,2,13,2,1,9.22615,-15.0688,3,0.46866,-0.501782,0.085,1
540,465,2,13,3,1,7.63695,-16.1323,3,0.0517477,-0.456998,0.085,1
540,475,18,11,0,-1,1.99085,-7.0115,1,0.0440509,0.0641852,0.067,1
540,475,18,11,2,0,2.69903,-6.243,4,0.0564184,0.052785,0.067,1
540,479,2,14,0,-1,12.7025,-22.3582,1,-0.130824,-0.455585,0.085,1
540,479,2,14,1,0,12.4812,-23.3904,4,-0.0785228,-0.461637,0.085,1
540,479,2,14,2,1,13.7248,-22.6875,3,-0.115989,-0.38664,0.085,1
540,479,2,14,3,1,11.7782,-22.2807,3,-0.107714,-0.481269,0.085,1
540,485,2,9,0,-1,-12.5922,-10.4706,1,0.200498,0.397411,0.093,1
540,485,2,9,1,0,-11.6783,-9.95648,4,0.33374,0.151616,0.093,1
540,485,2,9,2,1,-13.0356,-9.48224,3,0.458591,0.48298,0.093,1
540,485,2,9,3,1,-12.0469,-11.2149,3,0.0315541,0.244908,0.093,1
540,488,2,12,0,-1,10.183,10.3498,1,-0.202861,-0.140178,0.088,1
540,488,2,12,1,0,9.1185,9.99303,4,-0.181121,-0.225627,0.088,1
540,488,2,12,2,1,10.1762,9.06593,3,-0.0979769,-0.106655,0.088,1
540,488,2,12,3,2,9.55758,10.4421,3,-0.243165,-0.1692,0.088,1
540,488,2,12,4,1,9.65991,11.2048,3,-0.152945,-0.241795,0.088,1
540,502,2,9,0,-1,-12.2815,-12.9715,1,0.258068,0.169687,0.093,1
540,502,2,9,1,0,-11.4134,-12.3693,4,0.217484,0.326878,0.093,1
540,502,2,9,2,1,-12.8229,-12.2292,3,0.219425,-0.0077699,0.093,1
540,502,2,9,3,1,-11.72,-13.6393,3,0.483633,0.305428,0.093,1
540,505,2,15,0,-1,14.9458,-21.4065,1,-0.00933298,-0.307578,0.084,1
540,525,2,10,0,-1,-15.8807,-10.2183,1,0.497713,0.442533,0.094,1
540,525,2,10,1,0,-15.6157,-9.15785,4,-0.0334446,0.582792,0.094,1
540,525,2,10,2,1,-16.8683,-9.78922,3,0.280948,0.0168079,0.094,1
540,525,2,10,3,1,-14.8828,-10.2514,3,0.561645,0.931828,0.094,1
540,527,2,9,0,-1,-10.8269,-15.4914,1,0.175686,0.0529482,0.093,1
540,527,2,9,1,0,-10.1126,-14.7121,4,0.199585,0.03916,0.093,1
540,527,2,9,2,1,-11.5335,-14.7377,3,0.195248,0.112874,0.093,1
540,527,2,9,3,1,-10.1943,-16.063,3,0.159803,0.0464745,0.093,1
540,529,2,13,0,-1,0.352091,-14.1578,1,-0.305834,-0.244501,0.086,1
540,529,2,13,1,0,-0.672853,-14.4135,4,-0.389349,0.02939,0.086,1
540,529,2,13,2,1,0.418472,-15.2974,3,-0.7501,-0.425166,0.086,1
540,529,2,13,3,1,-0.00383817,-13.2785,3,-0.419724,0.0650531,0.086,1
540,531,2,12,0,-1,10.991,6.1528,1,-0.371716,-0.873363,0.091,1
540,531,2,12,1,0,9.90264,6.03249,4,-0.542262,0.157452,0.091,1
540,531,2,12,2,1,10.6409,4.97229,3,-0.998353,0.0614353,0.091,1
540,531,2,12,3,1,10.7237,7.06387,3,0.207898,-0.444109,0.091,1
540,535,2,13,0,-1,10.5589,9.65224,1,-0.187615,-0.099438,0.087,0
540,535,2,13,1,0,9.56549,9.16229,4,-0.147408,-0.139096,0.087,0
540,535,2,13,2,1,10.9237,8.75728,3,-0.0524308,0.110089,0.087,0
540,535,2,13,3,2,9.84989,9.75588,3,-0.250394,-0.141988,0.087,0
540,539,2,13,0,-1,-9.46986,-9.05914,1,-0.392911,-0.210647,0.093,1
540,539,2,13,1,0,-10.403,-9.72147,4,-0.472203,-0.0741723,0.093,1
540,539,2,13,2,1,-9.06926,-10.1165,3,-0.482846,-0.224051,0.093,1
540,539,2,13,3,1,-10.0375,-8.45994,3,-0.363693,-0.10023,0.093,1
540,542,2,13,0,-1,-0.469566,-11.3683,1,-0.443762,0.217156,0.087,0
540,542,2,13,1,0,0.158526,-10.5321,4,-0.22116,0.0256836,0.087,0
540,543,2,9,0,-1,-10.0986,6.36204,1,0.0432424,-0.0407691,0.096,1
540,543,2,9,1,0,-9.37255,6.98588,4,0.0180175,-0.00615201,0.096,1
540,543,2,9,2,1,-10.7709,6.86185,5,0.0247994,-0.0727481,0.096,1
540,543,2,9,3,1,-9.43612,5.67402,3,0.0724328,-0.0059331,0.096,1
540,546,2,10,0,-1,-12.8911,7.72055,1,0.458124,-0.28315,0.094,1
540,546,2,10,1,0,-12.011,8.14495,4,0.299579,0.0283602,0.094,1
540,546,2,10,2,1,-13.3034,8.61098,3,0.130044,-0.535227,0.094,1
540,546,2,10,3,1,-12.3407,6.8698,3,0.651882,-0.0588791,0.094,1
540,547,2,15,0,-1,10.5909,-14.0361,1,0.342745,9.47553e-05,0.086,1
540,547,2,15,1,0,11.3048,-13.2667,4,0.101916,0.249581,0.086,1
540,547,2,15,2,1,9.90592,-13.2287,3,0.121833,-0.0552356,0.086,1
540,547,2,15,3,1,11.351,-14.5918,3,0.56825,0.260257,0.086,1
540,552,2,10,0,-1,-10.806,-14.7044,1,0.202582,0.0477865,0.092,0
540,552,2,10,1,0,-9.94563,-15.3292,4,0.170059,0.0051992,0.092,0
540,552,2,10,2,1,-10.2307,-13.9385,3,0.318313,0.0363246,0.092,0
540,555,2,9,0,-1,1.33024,-1.67374,1,-0.133757,0.569726,0.091,1
540,555,2,9,1,0,1.69682,-0.68151,4,0.455721,0.364523,0.091,1
540,555,2,9,2,1,0.370782,-1.11916,3,0.155936,1.24161,0.091,1
540,555,2,9,3,1,2.25141,-1.87748,3,-0.147516,0.0800195,0.091,1
540,556,2,10,0,-1,-10.1005,7.17894,1,0.0396953,-0.0400234,0.097,0
540,556,2,10,1,0,-9.55383,7.97767,4,0.010082,-0.0131462,0.097,0
540,560,2,14,0,-1,11.5538,-11.0563,1,0.388501,0.12574,0.086,1
540,560,2,14,1,0,12.5358,-11.176,4,0.417689,0.161603,0.086,1
540,560,2,14,2,1,11.5567,-10.1811,3,0.401822,0.13845,0.086,1
540,560,2,14,3,1,11.5991,-12.0869,3,0.493326,0.109701,0.086,1
540,566,2,9,0,-1,-14.1077,4.46558,1,-0.179231,-0.462602,0.096,0
540,566,2,9,1,0,-15.108,4.39993,4,-0.14764,-0.235086,0.096,0
540,566,2,9,2,1,-14.0529,3.52685,3,-0.262311,-0.399861,0.096,0
540,568,2,16,0,-1,10.2919,-14.7799,1,0.376386,-0.0241434,0.085,0
540,573,2,13,0,-1,10.3955,5.65225,1,-0.666932,-0.322976,0.092,0
540,573,2,13,1,0,10.3188,4.61336,4,-0.575636,-0.395117,0.092,0
540,573,2,13,2,1,11.3445,5.42702,3,-0.214394,-0.984622,0.092,0
540,574,2,16,0,-1,14.5346,-22.0872,1,0.0503593,-0.328279,0.083,0
540,574,2,16,1,0,14.7271,-23.1244,4,0.000370989,-0.255257,0.083,0
540,574,2,16,2,1,15.704,-22.111,3,-0.153555,-0.263518,0.083,0
540,577,2,11,0,-1,2.76207,5.73637,1,0.604883,0.801624,0.089,1
540,577,2,11,1,0,3.74733,6.14332,4,0.610226,0.684349,0.089,1
540,577,2,11,2,1,2.50088,6.802,3,0.678639,0.693006,0.089,1
540,577,2,11,3,1,3.32698,4.93977,3,0.193348,0.724102,0.089,1
540,578,2,15,0,-1,13.8875,-12.3947,1,0.0697476,0.0547044,0.086,1
540,578,2,15,1,0,12.858,-12.215,4,0.0648287,0.0249391,0.086,1
540,578,2,15,2,1,13.9887,-11.5323,3,0.0529801,0.0437701,0.086,1
540,583,2,12,0,-1,2.90221,7.95754,1,0.21454,0.854074,0.089,1
540,583,2,12,1,0,3.97799,7.8011,4,0.517291,0.961892,0.089,1
540,583,2,12,2,1,3.50123,9.12625,3,0.656566,0.90757,0.089,1
540,583,2,12,3,1,2.94313,7.11062,3,0.734222,1.12535,0.089,1
540,584,2,16,0,-1,11.4144,-16.7736,1,-0.31669,-0.386985,0.087,1
540,584,2,16,1,0,11.1064,-17.7811,4,0.251664,-0.571622,0.087,1
540,584,2,16,2,1,10.4842,-16.6193,3,-0.486504,-0.962015,0.087,1
540,587,2,13,0,-1,-4.52483,9.82514,1,0.151794,0.59329,0.089,1
540,587,2,13,1,0,-4.60335,10.8893,4,-0.339352,0.571661,0.089,1
540,587,2,13,2,1,-5.63158,9.93457,3,0.058455,0.146286,0.089,1
540,587,2,13,3,1,-3.61073,10.0524,3,0.114262,1.10286,0.089,1
540,588,2,15,0,-1,13.1121,-23.0397,1,-0.0857939,-0.430846,0.086,0
540,589,2,15,0,-1,11.0911,-7.30433,1,0.438206,0.219262,0.086,1
540,589,2,15,1,0,12.1611,-7.52953,4,0.430998,0.219276,0.086,1
540,589,2,15,2,1,11.3829,-6.41608,3,0.731507,0.369376,0.086,1
540,589,2,15,3,1,11.2753,-8.45955,3,0.272323,0.608843,0.086,1
540,590,2,14,0,-1,-0.0171917,-17.3012,1,-0.714383,-0.567738,0.087,1
540,590,2,14,1,0,-1.0756,-17.3225,4,-0.67397,-0.0861413,0.087,1
540,590,2,14,2,1,-0.103033,-18.3216,3,-1.41659,-0.886742,0.087,1
540,590,2,14,3,1,-0.191415,-16.3396,3,-0.271844,-0.383182,0.087,1
540,591,2,11,0,-1,2.5325,-11.8547,1,0.0367075,0.468101,0.092,0
540,593,2,10,0,-1,-12.3587,-9.70521,1,0.45119,0.331973,0.094,0
540,595,2,12,0,-1,1.05978,3.35426,1,0.335292,0.146569,0.089,1
540,595,2,12,1,0,1.40249,4.31949,4,0.0617849,0.167298,0.089,1
540,595,2,12,2,1,0.0685357,3.8428,3,0.18369,-0.113669,0.089,1
540,595,2,12,3,1,1.94711,3.1738,3,0.55398,0.424899,0.089,1
540,596,2,14,0,-1,7.10091,-8.87934,1,0.106069,0.577079,0.086,1
540,596,2,14,1,0,7.21126,-7.83042,4,0.380628,0.556134,0.086,1
540,596,2,14,2,1,6.0839,-8.6383,3,0.135259,0.894095,0.086,1
540,596,2,14,3,1,8.01787,-8.87565,3,0.156489,0.3822,0.086,1
540,597,2,11,0,-1,-16.3877,-10.851,1,0.507752,0.432687,0.093,0
540,598,2,9,0,-1,3.50499,4.10755,1,-0.472891,0.618539,0.092,1
540,598,2,9,1,0,3.99485,5.06005,4,0.366122,0.156987,0.092,1
540,598,2,9,2,1,2.55886,4.99609,3,0.359165,0.537868,0.092,1
540,598,2,9,3,1,4.74789,3.92566,3,0.216765,-0.0939614,0.092,1
540,600,2,16,0,-1,10.4824,-7.93615,1,-0.39746,0.9733,0.086,0
540,600,2,16,1,0,11.4106,-7.67513,4,0.0526424,-0.0319644,0.086,0
540,602,2,13,0,-1,0.777535,4.11497,1,0.268579,0.26773,0.09,0
540,602,2,13,1,0,1.55996,4.88109,4,0.183944,0.624546,0.09,0
540,603,2,10,0,-1,-7.73759,11.6329,1,0.456291,-0.100469,0.096,0
540,603,2,10,1,0,-6.82729,11.3514,4,0.379132,-0.23621,0.096,0
540,606,2,10,0,-1,-12.0729,-12.1932,1,0.201196,0.159695,0.094,0
540,608,2,10,0,-1,3.27431,3.29441,1,0.0228889,0.548315,0.092,0
540,608,2,10,1,0,3.86826,2.4264,4,-0.353724,0.39054,0.092,0
540,608,2,10,2,1,3.90015,3.85251,3,0.123002,0.532071,0.092,0
540,609,2,13,0,-1,2.21688,7.46664,1,0.67353,-0.0808673,0.09,0
540,609,2,13,1,0,1.79953,8.42137,4,0.480335,-0.241055,0.09,0
540,610,2,14,0,-1,-4.60735,9.01756,1,0.0841025,0.592868,0.089,0
540,611,20,15,0,-1,10.7735,-10.8527,1,0.371857,0.152204,0.061,0
570,324,2,10,0,-1,-3.49975,2.01659,1,-0.348292,-0.30311,0.09,1
570,324,2,10,1,0,-4.51044,1.7285,4,-0.447805,0.0446123,0.09,1
570,324,2,10,2,1,-3.362,0.926869,3,-0.740431,-0.38927,0.09,1
570,324,2,10,3,1,-3.81002,2.84049,3,-0.0921113,-0.175351,0.09,1
570,403,2,12,0,-1,-1.09779,-11.2279,1,0.10149,-0.620768,0.086,1
570,403,2,12,1,0,-0.705823,-12.2043,4,-0.0707563,-0.689982,0.086,1
570,403,2,12,2,1,-0.116014,-10.9484,3,0.0675268,-0.749195,0.086,1
570,403,2,12,3,1,-1.9015,-11.6428,3,0.0443493,-0.439631,0.086,1
570,422,2,9,0,-1,-9.94116,12.6703,1,0.119719,0.861203,0.095,1
570,422,2,9,1,0,-10.24,13.639,4,-0.136017,0.523481,0.095,1
570,422,2,9,2,1,-10.978,12.4958,3,-0.0711355,0.405115,0.095,1
570,422,2,9,3,1,-8.93285,13.5626,3,-0.116305,0.78187,0.095,1
570,445,2,8,0,-1,8.67104,6.42406,1,0.517329,0.540525,0.092,1
570,445,2,8,1,0,8.31936,7.42294,4,0.163723,0.324608,0.092,1
570,445,2,8,2,1,7.67942,6.17598,3,0.361571,0.142869,0.092,1
570,445,2,8,3,1,9.46513,6.81498,3,0.477693,0.938817,0.092,1
570,488,2,12,0,-1,11.3877,10.0674,1,0.237925,0.173158,0.088,1
570,488,2,12,1,0,12.4539,10.0144,4,0.235056,-0.0631848,0.088,1
570,488,2,12,4,1,11.4805,9.15732,3,0.133987,0.0462949,0.088,1
570,529,2,13,0,-1,-3.22441,-12.0046,1,-0.0325613,-0.370193,0.086,1
570,529,2,13,1,0,-4.16917,-12.4844,4,-0.0937067,-0.22878,0.086,1
570,529,2,13,2,1,-2.84225,-13.0163,3,-0.343613,-0.850338,0.086,1
570,529,2,13,3,1,-3.69604,-11.2161,3,0.111246,-0.37082,0.086,1
570,531,2,12,0,-1,16.0342,5.97302,1,0.53589,0.065721,0.091,1
570,531,2,12,1,0,17.0179,6.27882,4,0.674417,-0.49391,0.091,1
570,531,2,12,2,1,15.8606,6.77035,3,0.861808,0.241336,0.091,1
570,531,2,12,3,1,16.3116,5.18891,3,0.128411,-0.128734,0.091,1
570,535,2,13,0,-1,11.2927,10.8833,1,0.03247,0.166973,0.087,0
570,535,2,13,1,0,12.3102,11.2248,4,0.0665332,0.0771732,0.087,0
570,535,2,13,2,1,11.0506,11.8033,3,0.0967805,0.0727,0.087,0
570,535,2,13,3,2,11.9324,10.6088,3,0.173963,0.0995458,0.087,0
570,539,2,13,0,-1,-14.9178,-4.54918,1,-0.113999,0.0145691,0.093,1
570,539,2,13,1,0,-15.2808,-5.57672,4,0.0740177,-0.425838,0.093,1
570,539,2,13,2,1,-14.1147,-4.73978,3,-0.457167,0.0111601,0.093,1
570,539,2,13,3,1,-15.7183,-4.30557,3,-0.142175,-0.702766,0.093,1
570,542,2,13,0,-1,-5.86109,-2.81973,1,-0.0111101,0.280718,0.087,1
570,542,2,13,1,0,-5.22683,-1.98146,4,0.0581924,0.193897,0.087,1
570,542,2,13,2,1,-6.62184,-2.10343,3,0.0380615,0.287908,0.087,1
570,542,2,13,3,1,-5.04059,-3.28383,3,-0.0896582,0.158459,0.087,1
570,546,2,10,0,-1,-13.3757,14.2159,1,0.327352,-0.937138,0.094,1
570,546,2,10,1,0,-12.4289,13.9551,4,0.544859,-0.293665,0.094,1
570,546,2,10,2,1,-13.0159,15.2166,3,-0.0136784,-0.576203,0.094,1
570,546,2,10,3,1,-13.4063,13.0719,3,1.04206,-0.827868,0.094,1
570,555,2,9,0,-1,5.58619,4.33937,1,-0.148945,0.100957,0.091,1
570,555,2,9,1,0,5.0041,5.21894,4,-0.0445363,0.197312,0.091,1
570,555,2,9,2,1,4.71888,3.85066,3,0.188085,0.16822,0.091,1
570,555,2,9,3,1,6.23992,4.82616,3,-0.087917,0.109518,0.091,1
570,560,2,14,0,-1,13.9298,-11.631,1,-0.608013,-0.414048,0.086,1
570,560,2,14,1,0,13.5329,-12.5924,4,-0.563293,-0.390533,0.086,1
570,560,2,14,2,1,14.8127,-12.1252,3,-0.587385,-0.448557,0.086,1
570,560,2,14,3,1,12.7647,-11.5139,3,-0.647664,-0.480976,0.086,1
570,573,2,13,0,-1,16.5286,6.6499,1,0.820187,-0.0782429,0.092,0
570,573,2,13,1,0,17.6094,6.38803,4,0.736019,-0.281083,0.092,0
570,573,2,13,2,1,17.0816,7.49474,3,0.946983,-0.181152,0.092,0
570,577,2,11,0,-1,9.996,13.6725,1,0.021581,-0.112948,0.089,1
570,577,2,11,1,0,11.0346,13.3489,4,0.0938638,-0.232123,0.089,1
570,577,2,11,2,1,10.3733,14.6147,3,0.215381,-0.264521,0.089,1
570,577,2,11,3,1,9.83379,12.8333,3,-0.081575,0.106323,0.089,1
570,578,2,15,0,-1,13.8682,-13.7046,1,-0.18555,-0.204166,0.086,1
570,578,2,15,1,0,13.011,-13.1029,4,-0.184896,-0.139982,0.086,1
570,578,2,15,2,1,14.3265,-13.0148,3,-0.184494,-0.019525,0.086,1
570,583,2,12,0,-1,11.5198,14.3292,1,0.727108,-0.970882,0.089,1
570,583,2,12,1,0,11.954,13.4227,4,0.664058,-0.281678,0.089,1
570,583,2,12,2,1,12.362,14.789,3,-0.540097,0.181079,0.089,1
570,583,2,12,3,1,10.897,14.2035,3,0.202503,-0.490354,0.089,1
570,587,2,13,0,-1,-13.2104,16.6866,1,0.260491,0.0872281,0.089,1
570,587,2,13,1,0,-12.3693,16.0545,4,0.0989183,-0.0565196,0.089,1
570,587,2,13,2,1,-12.4549,17.4434,3,0.138865,-0.0616692,0.089,1
570,587,2,13,3,1,-13.6806,15.9884,3,0.0491516,0.00491306,0.089,1
570,589,2,15,0,-1,20.7684,-12.275,1,0.198843,-0.236048,0.086,1
570,589,2,15,1,0,21.5334,-12.8925,4,0.264784,-0.155004,0.086,1
570,589,2,15,2,1,21.2223,-11.5311,3,0.104945,-0.193845,0.086,1
570,589,2,15,3,1,20.2403,-13.1391,3,0.290819,-0.306357,0.086,1
570,590,2,14,0,-1,2.22109,-9.33589,1,0.110641,0.528,0.087,1
570,590,2,14,1,0,3.23936,-9.09546,4,0.211566,0.0786375,0.087,1
570,590,2,14,2,1,2.01775,-8.3739,3,0.491753,0.55537,0.087,1
570,590,2,14,3,1,2.52116,-10.2074,3,-0.201231,0.335616,0.087,1
570,596,2,14,0,-1,6.18559,2.22776,1,-0.552775,0.113712,0.086,1
570,596,2,14,1,0,5.29679,2.79737,4,-0.615466,-0.0615496,0.086,1
570,596,2,14,2,1,5.80713,1.50002,3,-0.0374371,0.167968,0.086,1
570,596,2,14,3,1,6.59389,2.81775,3,-0.561775,0.346831,0.086,1
570,600,2,16,0,-1,12.2406,-8.5738,1,-0.333514,-0.243269,0.086,1
570,600,2,16,1,0,11.3301,-9.01574,4,-0.135163,-0.457085,0.086,1
570,600,2,16,2,1,12.6851,-9.25232,3,0.0725943,0.115693,0.086,1
570,600,2,16,3,1,11.7455,-7.79349,3,-0.299275,-0.388998,0.086,1
570,603,2,10,0,-1,-9.54562,13.2071,1,0.403522,0.644543,0.096,1
570,603,2,10,1,0,-9.22208,14.0865,4,0.0195994,1.09173,0.096,1
570,603,2,10,2,1,-10.6637,13.8044,3,0.138982,0.744668,0.096,1
570,603,2,10,3,1,-8.26809,13.0861,3,0.0821705,1.20592,0.096,1
570,608,2,10,0,-1,6.64715,7.2509,1,-0.0391286,0.5549,0.092,1
570,608,2,10,1,0,6.57087,8.3007,4,-0.403635,0.589685,0.092,1
570,608,2,10,2,1,5.50259,7.38618,3,0.0690725,0.167394,0.092,1
570,608,2,10,3,1,7.57908,7.48215,3,-0.0209838,1.21476,0.092,1
570,609,2,13,0,-1,3.97805,19.3821,1,-0.183167,0.303721,0.09,1
570,609,2,13,1,0,3.49678,20.3151,4,-0.262261,0.263592,0.09,1
570,609,2,13,2,1,2.98517,19.0078,3,-0.162061,0.222625,0.09,1
570,609,2,13,3,1,4.7124,19.8509,3,-0.218922,0.378416,0.09,1
570,610,2,14,0,-1,-5.64883,12.3187,1,-0.419201,0.390332,0.089,1
570,610,2,14,1,0,-6.69885,12.5215,4,-0.508211,-0.123758,0.089,1
570,610,2,14,2,1,-6.11388,11.2386,3,0.231536,0.208666,0.089,1
570,610,2,14,3,1,-5.74533,13.426,3,-0.778553,0.122882,0.089,1
570,611,20,15,0,-1,13.354,-11.0207,1,-0.592804,-0.381816,0.061,0
570,611,20,15,1,0,12.3196,-10.9831,4,-0.565351,-0.254426,0.061,0
570,611,20,15,2,1,13.3235,-11.9462,3,-0.552713,-0.24755,0.061,0
570,611,20,15,3,1,13.1056,-9.96541,3,-0.46982,-0.32075,0.061,0
570,613,2,12,0,-1,3.41145,6.83948,1,-0.26886,0.519019,0.089,1
570,613,2,12,1,0,3.5344,7.8581,4,-0.134157,0.519694,0.089,1
570,613,2,12,2,1,2.31562,7.13076,3,-0.131526,0.498634,0.089,1
570,613,2,12,3,1,4.32815,6.79821,3,-0.40868,0.255503,0.089,1
570,614,2,10,0,-1,4.29162,2.06572,1,-0.367181,-0.175407,0.09,1
570,614,2,10,1,0,3.37625,1.54912,4,-0.467945,-0.0986793,0.09,1
570,614,2,10,2,1,4.66229,1.02103,3,-0.586118,-0.296587,0.09,1
570,614,2,10,3,1,3.7883,2.7988,3,-0.591337,-0.0806067,0.09,1
570,616,2,15,0,-1,-0.316703,-17.8658,1,0.153571,0.172959,0.087,1
570,616,2,15,1,0,-0.668562,-16.8769,4,0.271433,0.215604,0.087,1
570,616,2,15,2,1,-1.16699,-18.1649,3,0.224148,0.23687,0.087,1
570,616,2,15,3,1,0.465513,-17.5524,3,0.231682,0.154913,0.087,1
570,617,2,9,0,-1,7.96686,3.19513,1,-0.199772,0.220672,0.091,1
570,617,2,9,1,0,6.94667,3.44123,4,-0.114839,0.617464,0.091,1
570,617,2,9,2,1,7.97722,2.46758,3,-0.434175,0.264348,0.091,1
570,617,2,9,3,1,8.13085,3.96937,3,0.246026,-0.0666752,0.091,1
570,619,2,11,0,-1,6.05798,6.72513,1,0.13604,0.365299,0.093,0
570,619,2,11,1,0,5.04761,6.87198,4,0.186556,1.01634,0.093,0
570,619,2,11,2,1,5.86712,5.74338,3,-0.395873,0.469199,0.093,0
570,620,2,11,0,-1,-18.0997,13.4297,1,-0.276917,0.478811,0.094,1
570,620,2,11,1,0,-18.9828,13.8489,4,-0.450942,0.117079,0.094,1
570,620,2,11,2,1,-18.5274,12.5462,3,0.0948666,0.316098,0.094,1
570,620,2,11,3,1,-17.7974,14.4145,3,-0.665683,0.563777,0.094,1
570,623,2,14,0,-1,-2.65889,-17.8244,1,0.205607,-0.395845,0.087,1
570,623,2,14,1,0,-1.59654,-17.5194,4,0.0848025,0.0261154,0.087,1
570,623,2,14,2,1,-2.19713,-17.3775,3,0.0357944,-0.255701,0.087,1
570,623,2,14,3,1,-2.70861,-16.662,3,-0.14839,-0.256184,0.087,1
570,623,2,14,4,1,-2.24358,-18.703,3,0.577742,-0.237279,0.087,1
570,626,2,14,0,-1,-8.97649,-10.641,1,-0.260771,-0.498787,0.094,1
570,626,2,14,1,0,-9.81898,-11.3953,4,-0.467443,-0.274053,0.094,1
570,626,2,14,2,1,-8.44663,-11.7106,3,-0.576291,-0.604595,0.094,1
570,626,2,14,3,1,-9.58663,-10.0676,3,-0.119427,-0.331751,0.094,1
570,627,2,17,0,-1,9.25234,-8.78321,1,-0.797087,0.247497,0.085,1
570,627,2,17,1,0,8.38549,-8.26585,4,-0.771562,0.210671,0.085,1
570,627,2,17,2,1,8.67751,-9.57733,3,-1.22289,0.0147312,0.085,1
570,627,2,17,3,1,9.46517,-7.48718,3,-0.595858,-0.11405,0.085,1
570,629,2,13,0,-1,14.135,11.9211,1,-0.554455,-0.0278179,0.09,1
570,629,2,13,1,0,13.3038,12.5845,4,-0.100183,0.526835,0.09,1
570,629,2,13,2,1,13.1944,11.1865,3,-0.934943,0.565952,0.09,1
570,629,2,13,3,1,14.6055,12.8138,3,0.0686269,-0.335964,0.09,1
570,630,2,15,0,-1,-1.9348,-18.1575,1,0.292389,-0.198138,0.086,0
570,630,2,15,1,0,-1.68554,-19.1926,4,0.647414,-0.148135,0.086,0
570,633,2,14,0,-1,14.3991,7.70403,1,-0.207614,-0.584136,0.089,1
570,633,2,14,1,0,13.587,7.0112,4,-0.776972,-0.305847,0.089,1
570,633,2,14,2,1,14.9551,7.05291,3,-0.820111,-0.970297,0.089,1
570,633,2,14,3,1,13.8621,8.2818,3,-0.240964,-0.619692,0.089,1
570,634,2,16,0,-1,20.0771,-11.8655,1,0.305058,-0.0559719,0.086,0
570,637,2,14,0,-1,-4.00902,-11.8469,1,-0.103626,0.000324632,0.085,0
570,637,2,14,1,0,-3.36739,-12.65,4,-0.422686,-0.200011,0.085,0
570,638,2,15,0,-1,-9.79132,-10.6672,1,-0.258852,-0.259656,0.094,0
570,640,2,13,0,-1,14.0781,16.0592,1,-0.46,-0.360946,0.088,1
570,640,2,13,1,0,14.0876,15.0022,4,0.0773812,-0.348494,0.088,1
570,640,2,13,2,1,15.2459,15.806,3,-0.338501,0.238498,0.088,1
570,640,2,13,3,1,13.1026,15.8796,3,-0.269539,-0.74462,0.088,1
570,641,21,15,0,-1,2.64426,-8.64195,1,0.3985,0.362826,0.112,0
570,641,21,15,1,0,2.28433,-7.6439,4,0.718768,0.48174,0.112,0
570,642,2,15,0,-1,-5.33251,11.5524,1,-0.000796858,0.56639,0.088,0
570,642,2,15,1,0,-5.44855,10.4871,4,0.94346,0.44832,0.088,0
570,644,2,13,0,-1,4.04929,6.38518,1,0.0351856,0.639858,0.089,0
570,644,2,13,1,0,4.36751,7.44808,4,-0.0462991,0.54324,0.089,0
570,645,2,11,0,-1,-9.28161,11.7694,1,0.509608,-0.268135,0.095,1
570,645,2,11,1,0,-8.31129,11.4422,4,0.519471,-0.372862,0.095,1
570,645,2,11,2,1,-9.09033,12.5074,3,0.475769,-0.194816,0.095,1
570,645,2,11,3,1,-9.44864,10.8479,3,0.765766,-0.653429,0.095,1
570,646,2,14,0,-1,-16.1644,-4.72908,1,-0.742395,0.0318699,0.094,1
570,646,2,14,1,0,-16.3983,-3.5637,4,-0.851689,0.00187761,0.094,1
570,646,2,14,2,1,-17.5347,-4.38067,3,-0.71051,-0.226018,0.094,1
570,646,2,14,3,1,-15.0715,-3.71167,3,-0.762375,0.630674,0.094,1
570,647,2,15,0,-1,14.3546,8.53238,1,0.217854,-0.490971,0.088,0
570,647,2,15,1,0,13.8665,9.4771,4,0.105058,-0.526106,0.088,0
570,647,2,15,2,1,13.2116,8.22511,3,-0.334741,-0.355337,0.088,0
570,649,2,18,0,-1,9.75568,-8.09066,1,-0.366647,0.0949627,0.086,0
570,649,2,18,1,0,10.7497,-7.75507,4,-0.290621,-0.141244,0.086,0
570,649,2,18,2,1,10.009,-6.52906,3,-1.06543,-0.651237,0.086,0
570,650,2,12,0,-1,10.7313,13.8149,1,0.0694859,-0.3957,0.088,0
570,650,2,12,1,0,11.3677,14.69,4,-0.00260266,0.185735,0.088,0
600,403,2,12,0,-1,7.84442,-6.53973,1,0.281514,-0.0068949,0.086,1
600,403,2,12,1,0,8.42902,-5.53638,4,-0.587672,0.485084,0.086,1
600,403,2,12,2,1,7.0684,-5.91854,3,-0.184727,-0.322719,0.086,1
600,403,2,12,3,1,8.88112,-6.79854,3,0.115102,0.754983,0.086,1
600,422,2,9,0,-1,-14.2454,13.0202,1,-0.602534,0.301783,0.095,1
600,422,2,9,1,0,-14.8318,13.7984,4,-0.19713,0.567959,0.095,1
600,422,2,9,2,1,-15.0804,12.4481,3,-0.89622,0.660044,0.095,1
600,422,2,9,3,1,-13.5156,13.7464,3,-0.188982,-0.0366735,0.095,1
600,529,2,13,0,-1,-3.58199,-21.8676,1,0.49634,-0.224002,0.086,1
600,529,2,13,1,0,-2.68406,-21.3171,4,0.224485,0.232541,0.086,1
600,529,2,13,2,1,-4.03465,-20.926,3,0.0275452,-0.448616,0.086,1
600,529,2,13,3,1,-2.98037,-22.6021,3,0.874841,0.0754249,0.086,1
600,539,2,13,0,-1,-14.9917,-11.1381,1,0.52478,0.292511,0.093,1
600,539,2,13,1,0,-13.9683,-10.6112,4,0.572069,0.167219,0.093,1
600,539,2,13,2,1,-15.2228,-9.99904,3,0.601132,0.220345,0.093,1
600,539,2,13,3,1,-14.4676,-11.8126,3,0.388826,0.20363,0.093,1
600,546,2,10,0,-1,-13.5162,10.7541,1,0.192256,0.496299,0.094,1
600,546,2,10,1,0,-12.5891,11.0789,4,0.330767,-0.0915996,0.094,1
600,546,2,10,2,1,-13.8352,11.7006,3,0.813207,0.732684,0.094,1
600,546,2,10,3,1,-13.0566,9.79302,3,-0.484598,0.0478099,0.094,1
600,555,2,9,0,-1,-2.17911,5.4434,1,-0.273683,-0.332739,0.091,1
600,555,2,9,1,0,-2.21673,4.39503,4,-0.734996,-0.325782,0.091,1
600,555,2,9,2,1,-1.19769,5.34256,3,-0.160083,-0.909224,0.091,1
600,555,2,9,3,1,-3.06367,5.41171,3,-0.219142,0.0658459,0.091,1
600,577,2,11,0,-1,11.9095,9.90964,1,-0.250117,0.236279,0.089,1
600,577,2,11,1,0,11.965,10.9273,4,0.00490846,0.253386,0.089,1
600,577,2,11,2,1,10.9263,9.96144,3,-0.309618,0.512374,0.089,1
600,577,2,11,3,1,12.7541,9.9117,3,-0.0672748,0.319829,0.089,1
600,583,2,12,0,-1,16.6043,13.4901,1,-0.0301043,0.691806,0.089,1
600,583,2,12,1,0,16.6223,14.5898,4,-0.329117,0.697993,0.089,1
600,583,2,12,2,1,15.669,13.6155,3,0.00874453,0.357443,0.089,1
600,583,2,12,3,1,17.6136,13.7716,3,-0.243305,0.813825,0.089,1
600,587,2,13,0,-1,-5.44,10.6704,1,0.20949,-0.539846,0.089,1
600,587,2,13,1,0,-6.27672,10.0272,4,-0.227737,0.00646179,0.089,1
600,587,2,13,2,1,-4.89996,9.69071,3,-0.480482,-1.15287,0.089,1
600,587,2,13,3,1,-6.03762,11.3166,3,0.273851,-0.116389,0.089,1
600,596,2,14,0,-1,0.257988,3.93429,1,0.06296,-0.310953,0.086,1
600,596,2,14,1,0,1.12286,3.34921,4,0.00471161,-0.574635,0.086,1
600,596,2,14,2,1,0.703406,4.66586,3,0.364345,-0.493679,0.086,1
600,596,2,14,3,1,-0.204448,3.08414,3,0.0204116,-0.423899,0.086,1
600,600,2,16,0,-1,10.4077,-6.2532,1,-0.313839,0.0961339,0.086,1
600,600,2,16,1,0,9.47183,-6.04013,4,-0.396818,0.465459,0.086,1
600,600,2,16,2,1,10.2221,-7.23578,3,-0.572686,0.501096,0.086,1
600,600,2,16,3,1,10.5181,-5.20089,3,0.0535623,-0.221016,0.086,1
600,603,2,10,0,-1,-7.45196,14.5086,1,-0.309003,-0.104082,0.096,1
600,603,2,10,1,0,-8.28521,14.0106,4,-0.285042,-0.136575,0.096,1
600,603,2,10,2,1,-6.9201,13.8383,3,-0.276949,-0.0653804,0.096,1
600,603,2,10,3,1,-7.95898,15.2737,3,-0.27467,-0.136281,0.096,1
600,608,2,10,0,-1,13.2501,12.7049,1,0.233761,-0.465718,0.092,1
600,608,2,10,1,0,13.1974,11.7227,4,-0.299461,-0.193754,0.092,1
600,608,2,10,2,1,14.3805,12.5885,3,0.177608,-0.553759,0.092,1
600,608,2,10,3,1,12.4243,12.8167,3,0.127701,0.296896,0.092,1
600,610,2,14,0,-1,-9.48606,10.6135,1,0.0145916,-0.674505,0.089,1
600,610,2,14,1,0,-9.3602,9.56863,4,-0.0443902,-0.661071,0.089,1
600,610,2,14,2,1,-8.37387,10.5585,3,-0.00680822,-0.673775,0.089,1
600,610,2,14,3,1,-10.338,10.441,3,0.00125287,-0.58345,0.089,1
600,613,2,12,0,-1,1.73183,6.06254,1,0.10231,-0.0283489,0.089,1
600,613,2,12,1,0,1.46504,5.0412,4,0.210216,-0.0814185,0.089,1
600,613,2,12,2,1,2.56327,5.90094,3,-0.0976674,0.271085,0.089,1
600,613,2,12,3,1,0.784428,6.19245,3,-0.58243,-0.340716,0.089,1
600,614,2,10,0,-1,3.12306,0.747892,1,0.295691,-0.260041,0.09,1
600,614,2,10,1,0,3.82746,-0.0188474,4,0.123284,-0.383891,0.09,1
600,614,2,10,2,1,3.71973,1.39075,3,0.393377,-0.351863,0.09,1
600,614,2,10,3,1,2.51953,0.123268,3,0.181831,0.168755,0.09,1
600,616,2,15,0,-1,7.54582,-9.93983,1,0.452931,-0.148732,0.087,1
600,616,2,15,1,0,8.55129,-10.2563,4,0.379517,-0.148877,0.087,1
600,616,2,15,2,1,7.88133,-9.03594,3,-0.16473,-0.464022,0.087,1
600,616,2,15,3,1,7.42483,-10.9544,3,0.294726,-0.148333,0.087,1
600,619,2,11,0,-1,5.29635,4.09142,1,0.160618,-0.163974,0.093,1
600,619,2,11,1,0,6.11435,3.44704,4,0.271079,-0.0415289,0.093,1
600,619,2,11,2,1,6.02863,4.84569,3,0.118549,-0.0622037,0.093,1
600,619,2,11,3,1,4.76646,3.40796,3,0.268991,-0.352054,0.093,1
600,626,2,14,0,-1,-9.10395,-12.2069,1,-0.181692,0.182265,0.094,1
600,626,2,14,1,0,-9.71958,-11.2347,4,-0.0789868,0.240255,0.094,1
600,626,2,14,2,1,-10.1867,-12.5534,3,-0.129808,0.263972,0.094,1
600,626,2,14,3,1,-8.39727,-11.5105,3,-0.0937556,0.0995595,0.094,1
600,627,2,17,0,-1,9.53586,-8.57505,1,-0.0716156,-0.276149,0.085,1
600,627,2,17,1,0,8.8138,-9.19707,4,-0.204049,-0.402057,0.085,1
600,627,2,17,2,1,10.2216,-9.38071,3,-0.0712869,0.508427,0.085,1
600,627,2,17,3,1,9.00368,-7.80091,3,-0.258739,-0.165311,0.085,1
600,633,2,14,0,-1,11.7158,7.21235,1,-0.202538,0.300135,0.089,1
600,633,2,14,1,0,11.3591,8.20309,4,-0.0369627,0.352487,0.089,1
600,633,2,14,2,1,10.6304,7.00656,3,-0.129421,0.387105,0.089,1
600,633,2,14,3,1,12.5463,7.64797,3,-0.158911,0.138979,0.089,1
600,637,2,14,0,-1,-3.60558,-12.1161,1,-0.142018,0.680238,0.085,1
600,637,2,14,1,0,-3.0954,-11.1738,4,-0.131655,0.658597,0.085,1
600,637,2,14,2,1,-4.40957,-11.5994,3,-0.159434,0.691257,0.085,1
600,637,2,14,3,1,-2.5981,-12.423,3,-0.201013,0.629875,0.085,1
600,638,2,15,0,-1,-9.03192,-11.4299,1,-0.0878621,0.171623,0.094,0
600,638,2,15,1,0,-8.2975,-12.3215,4,-0.23218,0.0515218,0.094,0
600,644,2,13,0,-1,1.05793,5.68517,1,0.387443,-0.293795,0.089,0
600,644,2,13,1,0,1.29333,6.76943,4,0.83035,-0.464249,0.089,0
600,644,2,13,2,1,-0.0144566,6.24943,3,0.417177,0.623913,0.089,0
600,645,2,11,0,-1,-11.0816,3.76755,1,-0.00980369,-0.318918,0.095,1
600,645,2,11,1,0,-10.762,2.86113,4,0.116119,-0.276288,0.095,1
600,645,2,11,2,1,-10.3383,4.19962,3,-0.0382087,-0.223745,0.095,1
600,645,2,11,3,1,-11.9656,3.37335,3,0.0395222,-0.455745,0.095,1
600,648,2,11,0,-1,-12.7687,10.455,1,-0.0535406,-0.205252,0.093,0
600,648,2,11,1,0,-11.8073,10.6134,4,-0.0668913,-0.00534528,0.093,0
600,649,2,18,0,-1,7.69844,-4.34926,1,-0.627893,0.265996,0.086,1
600,649,2,18,1,0,6.81771,-4.67943,4,-0.567495,0.278369,0.086,1
600,649,2,18,2,1,8.17424,-4.88934,3,-0.474224,0.381161,0.086,1
600,649,2,18,3,1,7.41018,-3.4958,3,-0.284744,0.181531,0.086,1
600,650,2,12,0,-1,11.4582,10.6003,1,-0.0616213,0.39665,0.088,0
600,650,2,12,1,0,12.1275,11.4878,4,-0.210885,0.521961,0.088,0
600,650,2,12,2,1,10.734,11.3719,3,-0.170568,0.276087,0.088,0
600,656,2,12,0,-1,-10.3236,3.46572,1,0.0194014,-0.239477,0.094,0
600,657,2,13,0,-1,16.0219,12.8573,1,0.130122,0.523128,0.09,0
600,657,2,13,1,0,15.0453,13.3365,4,0.0220415,0.352512,0.09,0
600,657,2,13,2,1,14.9662,11.9514,3,-0.0573082,0.382317,0.09,0
600,659,2,11,0,-1,3.93814,0.730005,1,0.29909,-0.348095,0.091,0
600,659,2,11,1,0,4.4505,1.65461,4,0.459881,-0.421902,0.091,0
600,663,2,13,0,-1,7.12624,-7.0803,1,0.060871,0.412411,0.087,0
600,663,2,13,1,0,6.14202,-6.62603,4,0.10815,0.244176,0.087,0
600,664,2,14,0,-1,-15.9423,-14.4,1,0.139255,0.492439,0.092,1
600,664,2,14,1,0,-14.9755,-13.7793,4,0.513163,-0.0902392,0.092,1
600,664,2,14,2,1,-16.2393,-13.169,3,0.835288,0.633915,0.092,1
600,667,2,16,0,-1,6.82783,-10.3005,1,0.206336,0.424824,0.087,0
600,670,2,15,0,-1,-15.5092,-15.0924,1,-0.275672,0.234394,0.091,0
600,670,2,15,1,0,-14.4589,-15.5456,4,-0.338461,0.0953349,0.091,0
600,672,2,14,0,-1,0.613716,-19.4298,1,0.358623,-0.14821,0.087,1
600,672,2,14,1,0,1.38479,-20.1959,4,0.102501,-0.403263,0.087,1
600,672,2,14,2,1,1.52006,-18.8088,3,0.448873,-0.442073,0.087,1
600,672,2,14,3,1,0.068961,-20.036,3,0.153431,0.0457162,0.087,1
600,674,2,10,0,-1,-2.55972,6.15883,1,0.192696,-0.0938254,0.092,0
600,674,2,10,1,0,-3.46948,6.38195,4,0.280126,0.256746,0.092,0
600,676,2,18,0,-1,8.36549,-8.83534,1,0.0632137,0.1362,0.084,1
600,676,2,18,1,0,8.87386,-8.12622,4,0.173932,-0.0656118,0.084,1
600,676,2,18,2,1,7.53191,-8.0879,3,0.124887,-0.0552479,0.084,1
600,676,2,18,3,1,9.31818,-9.44897,3,0.383697,0.103923,0.084,1
600,678,2,15,0,-1,-4.38887,-12.3923,1,-0.115166,0.640797,0.086,0
600,678,2,15,1,0,-5.19223,-11.684,4,-0.183887,0.545204,0.086,0
600,678,2,15,2,1,-5.24371,-13.0702,3,-0.0255893,0.536313,0.086,0
600,679,2,19,0,-1,15.29,-8.08007,1,-0.00466362,-0.109793,0.087,1
600,679,2,19,1,0,14.2835,-8.09006,4,0.0536086,0.196574,0.087,1
600,679,2,19,2,1,15.1665,-9.16486,3,0.208865,0.285837,0.087,1
600,679,2,19,3,1,15.1417,-7.09456,8,0.123164,0.170554,0.087,1
600,685,22,15,0,-1,-0.484604,3.74188,1,-0.0516379,-0.0697981,0.111,0
600,685,22,15,1,0,-0.903903,2.79025,4,-0.0288006,-0.154666,0.111,0
600,685,22,15,2,1,0.467951,3.15258,3,0.00403448,-0.317023,0.111,0
600,685,22,15,3,1,-1.17262,4.09037,3,-0.168887,-0.224063,0.111,0
600,686,2,15,0,-1,-11.0224,15.9968,1,-0.529725,0.528639,0.09,1
600,686,2,15,1,0,-11.9815,15.5692,4,-0.215864,-0.189645,0.09,1
600,686,2,15,2,1,-10.7704,14.766,3,0.295424,0.550113,0.09,1
600,686,2,15,3,1,-11.5791,16.8315,3,-1.06634,0.113242,0.09,1
600,687,2,15,0,-1,4.46252,-19.0716,1,0.866527,-0.141205,0.088,1
600,687,2,15,1,0,5.31765,-18.3461,4,0.530684,0.338453,0.088,1
600,687,2,15,2,1,3.95159,-18.0264,3,0.377984,-0.369098,0.088,1
600,687,2,15,3,1,5.65871,-19.6903,3,1.14799,0.531744,0.088,1
600,688,2,17,0,-1,11.0769,-6.66027,1,-0.318213,-0.369008,0.087,0
600,688,2,17,1,0,11.7435,-7.37638,4,0.879482,0.32308,0.087,0
600,688,2,17,2,1,11.4981,-5.97484,3,-0.173101,-0.0655368,0.087,0
600,689,2,20,0,-1,15.8314,-8.65342,1,-0.118334,-0.225265,0.086,0
600,689,2,20,1,0,15.8886,-7.66856,4,-0.0767806,-0.184836,0.086,0
600,689,2,20,2,1,14.7782,-8.51112,3,-0.0991321,-0.105633,0.086,0
600,690,2,12,0,-1,5.43086,3.2912,1,0.34771,-0.127967,0.092,0
600,690,2,12,1,0,6.13678,2.52654,4,0.253538,-0.235234,0.092,0
600,692,23,11,0,-1,14.122,12.2248,1,1.06439,-0.585931,0.067,1
600,692,23,11,1,0,13.1628,13.3219,3,0.928666,-0.615845,0.067,1
600,692,23,11,2,0,13.8327,10.9192,3,-0.0998791,-0.327507,0.067,1
600,694,2,16,0,-1,5.22488,-19.0962,1,0.855362,0.200718,0.089,0
600,694,2,16,1,0,6.27802,-19.3386,4,0.900294,0.293218,0.089,0
600,695,2,16,0,-1,-11.2915,15.2421,1,-0.00590914,0.384591,0.09,0
600,696,2,19,0,-1,7.66211,-5.21365,1,0.0911221,0.222285,0.086,0
600,696,2,19,1,0,8.40441,-5.90574,4,-0.164454,0.0559541,0.086,0
600,697,2,10,0,-1,-13.5055,12.7334,1,-0.342003,0.780073,0.096,0
600,697,2,10,1,0,-13.2978,11.7954,4,-0.295816,0.549686,0.096,0
600,700,2,19,0,-1,9.16448,-8.5643,1,0.372872,-0.741139,0.083,0
600,700,2,19,1,0,10.2127,-8.39937,4,0.150959,0.353468,0.083,0
630,403,2,12,0,-1,10.2255,-8.38719,1,0.0388383,0.636247,0.086,1
630,403,2,12,1,0,11.0561,-7.73949,4,0.285073,0.331324,0.086,1
630,403,2,12,2,1,9.71855,-7.31333,3,0.489489,1.00622,0.086,1
630,403,2,12,3,1,10.9788,-9.06463,3,0.0220959,0.335769,0.086,1
630,422,2,9,0,-1,-16.7795,8.89088,1,0.13483,-0.48104,0.095,1
630,422,2,9,1,0,-16.5249,7.90484,4,0.31528,-0.431149,0.095,1
630,422,2,9,2,1,-15.9731,9.11778,3,0.173864,-0.350668,0.095,1
630,422,2,9,3,1,-17.7522,8.3177,3,0.2352,-0.673302,0.095,1
630,529,2,13,0,-1,0.575768,-12.3752,1,0.553805,-0.444137,0.086,1
630,529,2,13,1,0,1.62159,-12.1982,4,0.450258,0.247668,0.086,1
630,529,2,13,2,1,0.562334,-11.2706,3,-0.086513,-0.357087,0.086,1
630,529,2,13,3,1,0.959533,-13.34,3,1.27339,-0.237631,0.086,1
630,539,2,13,0,-1,-12.107,-17.8997,1,0.348138,0.220018,0.093,1
630,539,2,13,1,0,-11.0786,-17.3491,4,0.269945,0.404607,0.093,1
630,539,2,13,2,1,-12.3737,-16.8891,3,0.219845,0.191442,0.093,1
630,539,2,13,3,1,-11.4151,-18.6026,3,0.575851,0.328282,0.093,1
630,546,2,10,0,-1,-9.205,10.6671,1,0.303719,0.00158348,0.094,1
630,546,2,10,1,0,-9.20694,11.6455,4,0.113418,0.0398857,0.094,1
630,546,2,10,2,1,-10.2452,10.7054,3,0.144623,-0.0236028,0.094,1
630,546,2,10,3,1,-8.12229,10.9291,3,0.0429594,0.0105795,0.094,1
630,555,2,9,0,-1,-9.83342,-1.88164,1,-0.408795,0.150105,0.091,1
630,555,2,9,1,0,-9.75638,-0.820566,4,0.165478,0.122941,0.091,1
630,555,2,9,2,1,-10.9299,-1.59454,3,-0.143353,0.615332,0.091,1
630,555,2,9,3,1,-8.91381,-1.8249,3,-0.393422,-0.314011,0.091,1
630,577,2,11,0,-1,8.65088,22.1355,1,0.322252,0.0541283,0.089,1
630,577,2,11,1,0,9.41155,22.8578,4,0.310285,0.0502882,0.089,1
630,577,2,11,2,1,7.9828,22.9165,3,0.303772,-0.108214,0.089,1
630,577,2,11,3,1,9.32241,21.5605,3,0.258389,0.0584768,0.089,1
630,583,2,12,0,-1,14.3523,20.6369,1,0.564866,0.0617342,0.089,1
630,583,2,12,1,0,15.3197,20.2227,4,0.483076,-0.123142,0.089,1
630,583,2,12,2,1,14.923,21.5651,3,0.676421,-0.0676503,0.089,1
630,583,2,12,3,1,14.0874,19.7847,3,0.38248,0.16546,0.089,1
630,596,2,14,0,-1,-1.65219,-1.5179,1,0.273746,-0.0748902,0.086,1
630,596,2,14,1,0,-2.01964,-0.541119,4,0.589025,-0.0346421,0.086,1
630,596,2,14,2,1,-2.9564,-1.55202,3,0.0978856,0.463271,0.086,1
630,596,2,14,3,1,-0.813008,-1.04914,3,0.700741,-0.159601,0.086,1
630,600,2,16,0,-1,5.66658,1.41535,1,-0.118548,-0.305641,0.086,1
630,600,2,16,1,0,4.88134,0.846777,4,0.0077395,-0.381929,0.086,1
630,600,2,16,3,1,5.20318,2.1306,3,-0.295295,-0.231447,0.086,1
630,603,2,10,0,-1,-12.6043,8.52609,1,-0.110139,-0.686312,0.096,1
630,603,2,10,1,0,-12.3743,7.57325,4,0.366308,-0.574187,0.096,1
630,603,2,10,2,1,-11.6508,8.75229,3,-0.166695,-0.23535,0.096,1
630,603,2,10,3,1,-13.5519,8.12643,3,0.174698,-1.10791,0.096,1
630,608,2,10,0,-1,12.5589,13.6687,1,-0.0546642,-0.178283,0.092,1
630,608,2,10,1,0,13.3458,13.0383,4,-0.0439914,-0.298315,0.092,1
630,608,2,10,2,1,13.1694,14.4376,3,0.267263,-0.357594,0.092,1
630,608,2,10,3,1,11.994,13.142,3,-0.0234288,0.000636795,0.092,1
630,610,2,14,0,-1,-15.1196,7.53223,1,0.436855,-0.0382878,0.089,1
630,610,2,14,1,0,-14.0973,7.76709,4,0.508109,-0.460298,0.089,1
630,610,2,14,2,1,-15.1875,8.63119,3,0.989006,0.122271,0.089,1
630,610,2,14,3,1,-14.8779,6.72268,3,0.415558,-0.242653,0.089,1
630,613,2,12,0,-1,4.65194,3.54047,1,-0.00389812,-0.13848,0.089,1
630,613,2,12,1,0,3.98037,2.74452,4,-0.0177194,-0.125958,0.089,1
630,613,2,12,2,1,5.35294,2.98914,3,-0.0213623,-0.0157708,0.089,1
630,613,2,12,3,1,3.99227,4.05907,3,0.0220545,-0.168198,0.089,1
630,616,2,15,0,-1,9.46111,-22.1372,1,0.0257906,-0.620397,0.087,1
630,616,2,15,1,0,8.765,-22.9292,4,-0.397811,-0.251568,0.087,1
630,616,2,15,2,1,10.1673,-22.9575,3,-0.410099,-0.972351,0.087,1
630,616,2,15,3,1,8.64443,-21.6096,3,0.289365,-0.198753,0.087,1
630,626,2,14,0,-1,-13.7663,-9.84633,1,0.233741,-0.154328,0.094,1
630,626,2,14,1,0,-13.1655,-10.8164,4,-0.441924,-0.615197,0.094,1
630,626,2,14,2,1,-12.7334,-9.45022,3,0.853522,-0.990958,0.094,1
630,626,2,14,3,1,-14.42,-10.3275,3,-0.0998861,0.315486,0.094,1
630,627,2,17,0,-1,17.8974,-16.6072,1,0.134009,-0.342759,0.085,1
630,627,2,17,1,0,18.1454,-17.5502,4,0.100788,-0.347418,0.085,1
630,627,2,17,2,1,18.7464,-16.3424,3,0.139128,-0.36503,0.085,1
630,627,2,17,3,1,16.9483,-16.9069,3,0.131162,-0.289698,0.085,1
630,637,2,14,0,-1,-13.7351,-0.36826,1,-0.226873,0.401566,0.085,1
630,637,2,14,1,0,-13.707,0.674575,4,0.153926,0.402097,0.085,1
630,637,2,14,2,1,-14.7461,-0.249704,3,-0.215967,0.813957,0.085,1
630,637,2,14,3,1,-12.8338,-0.412197,3,-0.199648,0.116955,0.085,1
630,644,2,13,0,-1,12.845,9.41994,1,0.159174,-0.794687,0.089,1
630,644,2,13,1,0,12.0016,8.7814,4,-0.428183,-0.0102405,0.089,1
630,644,2,13,2,1,13.3538,8.424,3,-0.690193,-0.912943,0.089,1
630,644,2,13,3,1,12.0656,10.1256,3,1.17206,-0.107144,0.089,1
630,648,2,11,0,-1,-9.68732,10.0128,1,0.176786,0.100151,0.093,0
630,648,2,11,1,0,-10.5305,9.51154,4,0.153775,0.126928,0.093,0
630,648,2,11,2,1,-9.20196,9.13834,3,0.0962435,-0.0902677,0.093,0
630,650,2,12,0,-1,8.7138,22.9361,1,0.322632,0.0638219,0.088,0
630,650,2,12,1,0,9.48612,23.6527,4,0.367525,0.0250844,0.088,0
630,650,2,12,2,1,8.09563,23.66,3,0.3734,-0.00401962,0.088,0
630,657,2,13,0,-1,9.13987,14.8918,1,-0.332358,0.193513,0.09,1
630,657,2,13,1,0,8.50969,15.7355,4,-0.365304,0.15766,0.09,1
630,657,2,13,2,1,8.16323,14.3414,3,-0.374418,0.153567,0.09,1
630,657,2,13,3,1,9.79271,15.5585,3,-0.389476,0.0300249,0.09,1
630,676,2,18,0,-1,10.3788,-14.6769,1,0.0546675,0.063374,0.084,1
630,676,2,18,1,0,11.2429,-14.2462,4,0.0110877,0.228976,0.084,1
630,676,2,18,2,1,9.8821,-14.0745,3,0.0910588,0.46004,0.084,1
630,676,2,18,3,1,10.6549,-15.4028,3,0.257739,0.0847677,0.084,1
630,678,2,15,0,-1,-4.00916,-12.1115,1,0.389795,-0.362856,0.086,1
630,678,2,15,1,0,-3.63462,-13.0985,4,0.34845,-0.386391,0.086,1
630,678,2,15,2,1,-3.03329,-11.8376,3,0.35707,-0.392422,0.086,1
630,678,2,15,3,1,-4.91039,-12.6932,3,0.383459,-0.291065,0.086,1
630,679,2,19,0,-1,16.3335,-7.62922,1,0.000992153,-0.000478022,0.087,1
630,679,2,19,1,0,15.9369,-6.73627,4,0.001961,0.00010946,0.087,1
630,679,2,19,2,1,15.5833,-8.04468,3,-0.00290015,0.00131775,0.087,1
630,679,2,19,3,1,17.1921,-7.14725,8,0.00261967,0.00175457,0.087,1
630,685,22,15,0,-1,-0.828648,-1.65535,1,0.281928,0.0729754,0.111,0
630,685,22,15,1,0,0.183356,-1.2277,4,0.278736,-0.0828018,0.111,0
630,685,22,15,2,1,-0.947088,-0.416936,3,0.156169,0.0670752,0.111,0
630,685,22,15,3,1,-0.355388,-2.40366,3,-0.120268,0.0693679,0.111,0
630,686,2,15,0,-1,-9.51127,12.2486,1,0.131189,-0.0730312,0.09,1
630,686,2,15,1,0,-8.51122,11.8096,4,0.27469,0.208333,0.09,1
630,686,2,15,2,1,-8.91728,13.1422,3,-0.0509446,0.0996179,0.09,1
630,686,2,15,3,1,-9.69949,11.2317,3,0.436745,-0.118434,0.09,1
630,687,2,15,0,-1,5.1578,-16.2789,1,0.173099,0.242537,0.088,1
630,687,2,15,1,0,5.72574,-15.3531,4,0.278806,0.157322,0.088,1
630,687,2,15,2,1,4.45275,-15.8824,3,0.367236,-0.147081,0.088,1
630,687,2,15,3,1,5.81751,-16.7267,3,0.0638443,0.136304,0.088,1
630,688,2,17,0,-1,11.8438,-16.7314,1,-0.310509,-0.11714,0.087,1
630,688,2,17,1,0,11.4322,-15.7869,4,0.37432,0.211695,0.087,1
630,688,2,17,2,1,10.8606,-17.0742,3,-0.247621,0.481847,0.087,1
630,688,2,17,3,1,12.7395,-15.9745,3,0.235009,-1.09279,0.087,1
630,692,23,11,0,-1,20.0885,0.865448,1,0.407056,0.381572,0.067,1
630,692,23,11,1,0,18.7353,0.507563,3,0.461456,0.17523,0.067,1
630,692,23,11,2,0,20.314,-0.423511,3,0.603662,0.415837,0.067,1
630,694,2,16,0,-1,5.92526,-16.0506,1,0.147703,0.227438,0.089,0
630,694,2,16,1,0,6.62853,-16.8805,4,0.209369,0.346034,0.089,0
630,695,2,16,0,-1,-9.87297,12.9674,1,-0.0191625,-0.154268,0.09,0
630,697,2,10,0,-1,-16.4417,9.67161,1,-0.0615181,-0.397068,0.096,0
630,697,2,10,1,0,-15.4309,9.52188,4,0.0190877,0.240551,0.096,0
630,697,2,10,2,1,-16.1766,10.6643,3,-0.404644,-0.0192813,0.096,0
630,700,2,19,0,-1,11.103,-15.0516,1,0.150991,0.138047,0.083,0
630,700,2,19,1,0,10.5277,-15.9266,4,0.349586,0.053387,0.083,0
630,702,2,14,0,-1,-17.0341,-9.87713,1,0.405443,-0.303413,0.092,1
630,702,2,14,1,0,-16.1768,-10.6527,4,0.398304,-0.334092,0.092,1
630,702,2,14,2,1,-16.1218,-9.28373,3,0.444256,-0.396845,0.092,1
630,702,2,14,3,1,-17.4911,-10.6864,3,0.40498,-0.34825,0.092,1
630,703,23,12,0,-1,19.3189,1.07739,1,0.374633,0.264156,0.067,0
630,704,2,15,0,-1,-15.6694,4.42033,1,-0.181527,-0.735623,0.09,1
630,704,2,15,1,0,-16.7191,4.54397,12,-0.0453119,0.281167,0.09,1
630,704,2,15,2,1,-16.0466,3.28856,3,-1.44368,-0.522309,0.09,1
630,704,2,15,3,1,-15.6946,5.40395,3,0.807807,-0.726928,0.09,1
630,705,2,18,0,-1,12.0071,-10.4167,1,-0.00862149,0.197518,0.086,1
630,705,2,18,1,0,12.1586,-9.45577,4,0.217259,0.150353,0.086,1
630,705,2,18,2,1,11.0123,-10.3069,3,-0.0839664,0.528658,0.086,1
630,705,2,18,3,1,13.1159,-10.3768,3,0.172463,0.0589236,0.086,1
630,709,2,15,0,-1,-16.8451,-9.05252,1,-0.129454,-0.0527203,0.092,0
630,709,2,15,1,0,-16.3179,-7.96564,4,0.809261,-0.234107,0.092,0
630,709,2,15,2,1,-17.3429,-6.93779,3,-0.143606,-0.741801,0.092,0
630,710,2,14,0,-1,8.35235,15.0253,1,-0.330129,0.0773682,0.091,0
630,710,2,14,1,0,7.73441,15.8737,4,-0.354622,0.0327383,0.091,0
630,710,2,14,2,1,7.43691,14.5064,3,-0.231787,0.00573067,0.091,0
630,711,2,14,0,-1,3.59484,-14.4397,1,0.0435084,0.855499,0.087,1
630,711,2,14,1,0,4.63719,-14.151,4,0.34056,0.0748207,0.087,1
630,711,2,14,2,1,3.56753,-13.2472,3,0.419648,0.0561397,0.087,1
630,711,2,14,3,1,4.01602,-15.2918,3,-0.175943,0.277879,0.087,1
630,712,2,11,0,-1,12.7639,12.8499,1,0.521501,-0.0261235,0.091,0
630,713,2,13,0,-1,-2.21552,0.538567,1,0.0706019,0.177237,0.09,1
630,713,2,13,1,0,-1.1405,0.534855,4,-0.00642559,0.289206,0.09,1
630,713,2,13,2,1,-2.22566,1.45604,3,-0.485443,-0.386264,0.09,1
630,713,2,13,3,1,-2.34594,-0.0299766,3,0.0874791,0.137612,0.09,1
630,714,2,14,0,-1,-12.8141,-17.4444,1,0.257593,0.111567,0.094,0
630,714,2,14,1,0,-12.7864,-16.2618,4,0.42701,0.137113,0.094,0
630,714,2,14,2,1,-13.9785,-16.9599,3,0.36315,0.281774,0.094,0
630,715,2,18,0,-1,17.4984,-17.311,1,0.106114,-0.330975,0.085,0
630,716,2,10,0,-1,-9.77229,-2.69197,1,-0.750044,0.120632,0.092,0
630,719,2,15,0,-1,2.92713,-13.9041,1,-0.640853,0.179634,0.086,0
630,719,2,15,1,0,2.71223,-12.8216,4,0.365452,0.41026,0.086,0
630,719,2,15,2,1,2.11144,-14.0504,3,-0.697099,0.927436,0.086,0
630,720,24,15,0,-1,-13.1677,0.213478,1,-0.0284459,0.200742,0.11,0
630,723,2,14,0,-1,3.36096,-9.34536,1,-0.0144288,-0.300894,0.085,1
630,723,2,14,1,0,3.55568,-10.3896,4,0.414688,-0.248707,0.085,1
630,723,2,14,2,1,4.4446,-9.30684,3,0.106916,-0.0239651,0.085,1
630,723,2,14,3,1,2.36256,-9.81768,3,0.160333,-0.871199,0.085,1
630,724,25,14,0,-1,12.3837,11.3329,1,-0.868357,-0.758377,0.064,1
630,724,25,14,1,0,11.6512,12.1929,4,0.27794,0.2808,0.064,1
630,724,25,14,2,0,11.3559,11.245,1,-1.01416,-0.00756331,0.064,1
630,724,25,14,3,1,10.6599,11.1646,3,0.766825,0.0273968,0.064,1
630,724,25,14,4,1,12.8572,11.6476,3,0.0138758,-0.158275,0.064,1
630,725,2,19,0,-1,11.4664,-9.81014,1,0.206772,0.402156,0.087,0
630,725,2,19,1,0,10.4737,-9.7439,4,0.200998,0.553329,0.087,0
630,726,2,15,0,-1,-13.0174,-10.1343,1,0.064775,-0.573686,0.095,0
630,726,2,15,1,0,-13.8667,-10.9161,4,-0.190389,-0.254865,0.095,0
630,726,2,15,2,1,-12.4962,-11.3038,3,-0.246597,-0.817022,0.095,0
630,729,2,14,0,-1,-1.59112,0.934606,1,-0.00629224,0.268558,0.09,0
630,729,2,14,1,0,-1.60526,-0.132797,4,-0.546923,0.19787,0.09,0
630,730,2,15,0,-1,3.96855,-8.80374,1,0.0766793,-0.412859,0.085,0
630,731,2,15,0,-1,-15.6944,6.96548,1,0.527477,-0.131827,0.089,0
630,733,26,18,0,-1,11.1387,-16.4216,1,-0.118757,-0.0459537,0.062,0
630,734,2,13,0,-1,4.05577,4.0599,1,0.347665,-0.138245,0.088,0
660,403,2,12,0,-1,22.1622,-11.3423,1,0.123747,-0.526377,0.086,1
660,403,2,12,1,0,22.9479,-12.0486,4,0.469699,-0.146389,0.086,1
660,403,2,12,2,1,23.0024,-10.6437,3,-0.174394,-0.115938,0.086,1
660,403,2,12,3,1,21.6364,-12.1854,3,0.537407,-0.801117,0.086,1
660,529,2,13,0,-1,-4.35344,-13.7674,1,0.0387272,0.314898,0.086,1
660,529,2,13,1,0,-4.94699,-12.9028,4,0.11049,0.350154,0.086,1
660,529,2,13,2,1,-5.10741,-14.2809,3,0.0383037,0.337514,0.086,1
660,529,2,13,3,1,-3.68371,-13.2825,3,0.093737,0.277758,0.086,1
660,539,2,13,0,-1,-11.2495,-10.3434,1,-0.349276,-0.399461,0.093,1
660,539,2,13,1,0,-12.2274,-9.66545,4,-0.427608,0.101556,0.093,1
660,539,2,13,2,1,-12.2968,-11.0806,3,-1.03744,0.252938,0.093,1
660,539,2,13,3,1,-10.9231,-9.34289,3,-0.406861,-0.65375,0.093,1
660,596,2,14,0,-1,4.68903,-6.89482,1,-0.0048566,-0.276939,0.086,1
660,600,2,16,0,-1,8.75191,-4.20934,1,0.106769,-0.0683765,0.086,1
660,600,2,16,1,0,8.7724,-3.23387,4,0.130765,-0.0617481,0.086,1
660,600,2,16,3,1,9.79538,-4.07757,3,0.155603,-0.0284313,0.086,1
660,603,2,10,0,-1,-7.35617,9.55186,1,0.348913,-0.139144,0.096,1
660,603,2,10,1,0,-6.94208,8.66443,4,0.0993459,-0.19384,0.096,1
660,603,2,10,2,1,-6.48674,9.96522,3,0.572613,-0.291472,0.096,1
660,603,2,10,3,1,-8.19038,9.05531,3,0.142808,-0.0172884,0.096,1
660,608,2,10,0,-1,14.3119,9.19336,1,0.263297,0.238928,0.092,1
660,608,2,10,1,0,15.3635,9.21108,4,0.269188,-0.15876,0.092,1
660,608,2,10,2,1,14.3943,10.2542,3,0.651095,0.207116,0.092,1
660,608,2,10,3,1,14.3165,8.35676,3,-0.0350359,0.209103,0.092,1
660,610,2,14,0,-1,-13.9671,11.2559,1,0.342798,-0.391353,0.089,1
660,610,2,14,1,0,-13.2534,10.4797,4,0.57249,-0.143818,0.089,1
660,610,2,14,2,1,-13.1264,11.8769,3,0.148946,-0.091789,0.089,1
660,610,2,14,3,1,-14.5427,10.6294,3,0.465819,-0.760886,0.089,1
660,613,2,12,0,-1,7.00088,1.90056,1,0.0172821,-0.384093,0.089,1
660,613,2,12,1,0,6.51077,1.02431,4,0.00381385,-0.267829,0.089,1
660,613,2,12,2,1,7.8457,1.5421,3,-0.215854,0.25956,0.089,1
660,613,2,12,3,1,6.5068,2.42029,3,0.339673,-0.266342,0.089,1
660,626,2,14,0,-1,-10.5433,-14.5176,1,0.229926,-0.123912,0.094,1
660,626,2,14,1,0,-9.518,-14.9729,4,0.183001,-0.206819,0.094,1
660,626,2,14,2,1,-10.0149,-13.6607,3,0.364573,-0.131235,0.094,1
660,626,2,14,3,1,-10.7901,-15.3627,3,0.129742,-0.0700455,0.094,1
660,644,2,13,0,-1,-0.404328,10.2933,1,-0.219502,-0.123249,0.089,1
660,644,2,13,1,0,-1.03879,9.48846,4,-0.203109,-0.13341,0.089,1
660,644,2,13,2,1,0.360786,9.61718,3,-0.213474,-0.0713266,0.089,1
660,644,2,13,3,1,-0.97858,10.8323,3,-0.252098,-0.120182,0.089,1
660,676,2,18,0,-1,17.753,-10.9561,1,0.122246,-0.254809,0.084,1
660,676,2,18,1,0,18.4332,-11.6854,4,0.225655,-0.146792,0.084,1
660,676,2,18,2,1,18.4592,-10.3347,3,0.0913797,-0.134088,0.084,1
660,676,2,18,3,1,17.1298,-11.7475,3,0.233659,-0.498728,0.084,1
660,678,2,15,0,-1,-2.62592,-11.6222,1,0.176001,0.521928,0.086,1
660,678,2,15,1,0,-1.98769,-10.8767,4,0.38017,0.345749,0.086,1
660,678,2,15,2,1,-3.44303,-10.8413,3,0.50775,0.847035,0.086,1
660,678,2,15,3,1,-1.49612,-12.2383,3,0.00443036,0.289927,0.086,1
660,685,22,15,0,-1,3.89395,-6.93801,1,-0.00155783,-0.466481,0.111,0
660,685,22,15,1,0,3.26288,-7.78142,4,-0.139011,-0.348558,0.111,0
660,685,22,15,2,1,4.65263,-7.82044,3,-0.15334,-0.11565,0.111,0
660,685,22,15,3,1,3.08435,-6.47752,3,-0.113712,-0.325815,0.111,0
660,686,2,15,0,-1,-10.8388,11.7189,1,0.327982,-0.642579,0.09,1
660,686,2,15,1,0,-11.7197,11.1213,4,0.0809856,-0.307196,0.09,1
660,686,2,15,2,1,-10.4312,10.5463,3,-0.234246,-0.91813,0.09,1
660,686,2,15,3,1,-11.5975,12.4175,3,0.428127,-0.318109,0.09,1
660,702,2,14,0,-1,-22.1784,-9.33507,1,-0.0971372,0.105805,0.092,1
660,702,2,14,1,0,-23.2748,-9.65872,4,-0.0799374,0.0083596,0.092,1
660,702,2,14,2,1,-22.2075,-10.6114,3,-0.0270992,0.0793711,0.092,1
660,702,2,14,3,1,-22.5479,-8.57584,3,-0.164313,0.0632239,0.092,1
660,711,2,14,0,-1,9.74376,-14.1783,1,-0.688994,-0.00834974,0.087,1
660,711,2,14,1,0,9.19336,-13.2669,4,-0.026056,0.405016,0.087,1
660,711,2,14,2,1,8.57945,-14.5288,3,-0.921457,0.837081,0.087,1
660,711,2,14,3,1,10.5089,-13.4636,3,-0.120747,-0.34052,0.087,1
660,712,2,11,0,-1,14.9377,8.68248,1,0.062773,-0.00796119,0.091,0
660,712,2,11,1,0,14.9041,9.74115,4,0.466616,0.00600431,0.091,0
660,713,2,13,0,-1,-4.60036,7.63134,1,-0.339222,0.179859,0.09,1
660,713,2,13,1,0,-5.60164,7.96489,4,-0.398393,-0.0259895,0.09,1
660,713,2,13,2,1,-5.07558,6.63409,3,-0.1895,0.0678491,0.09,1
660,713,2,13,3,1,-4.35371,8.47069,3,-0.479655,0.223803,0.09,1
660,723,2,14,0,-1,11.7508,-15.915,1,0.0133022,0.0957236,0.085,1
660,723,2,14,1,0,11.8177,-14.8608,4,0.112908,0.0863332,0.085,1
660,723,2,14,2,1,10.7102,-15.6987,3,-0.150324,0.398478,0.085,1
660,723,2,14,3,1,12.6655,-15.8706,3,0.123319,0.0897512,0.085,1
660,724,25,14,0,-1,4.05692,15.4964,1,0.0642253,0.236105,0.064,1
660,724,25,14,1,0,5.1069,15.3751,4,0.0420427,0.112229,0.064,1
660,724,25,14,2,0,5.00644,16.1464,1,0.148865,0.112709,0.064,1
660,724,25,14,3,1,4.26872,16.5039,3,0.17077,0.214815,0.064,1
660,724,25,14,4,1,4.07126,14.5814,3,-0.074927,0.269349,0.064,1
660,726,2,15,0,-1,-10.2296,-15.5805,1,-0.0593906,-0.383196,0.095,1
660,726,2,15,1,0,-11.3189,-16.0781,4,-0.251883,0.0337409,0.095,1
660,726,2,15,2,1,-10.194,-16.8624,3,-0.470345,-0.344014,0.095,1
660,726,2,15,3,1,-11.2446,-14.7613,5,0.228363,0.00882868,0.095,1
660,729,2,14,0,-1,-5.32928,7.32703,1,-0.280847,0.0395553,0.09,0
660,729,2,14,1,0,-5.04538,8.34952,4,-0.535721,0.122472,0.09,0
660,730,2,15,0,-1,14.3635,-7.8967,1,-0.516964,0.232702,0.085,1
660,730,2,15,1,0,13.3214,-7.98596,4,-0.267672,0.0974077,0.085,1
660,730,2,15,2,1,14.2797,-9.01492,3,-0.681119,-0.456504,0.085,1
660,730,2,15,3,1,14.0524,-6.82977,3,0.181026,-0.252569,0.085,1
660,734,2,13,0,-1,3.93508,2.11759,1,-1.04607,0.0833844,0.088,1
660,734,2,13,1,0,3.07468,2.71361,4,-0.844001,0.466723,0.088,1
660,734,2,13,2,1,2.94119,1.295,3,-0.89362,0.472473,0.088,1
660,734,2,13,3,1,4.28997,3.33001,3,-0.698742,0.117858,0.088,1
660,736,2,14,0,-1,-2.75809,-16.1952,1,-0.322527,-0.45481,0.086,1
660,736,2,14,1,0,-2.87735,-17.2235,4,-0.0178033,-0.452591,0.086,1
660,736,2,14,2,1,-1.79374,-16.2845,3,-0.43338,-0.00571051,0.086,1
660,736,2,14,3,1,-3.66472,-16.1611,3,-0.252897,-0.577997,0.086,1
660,738,2,11,0,-1,-7.69692,12.527,1,-0.381031,0.0197829,0.095,1
660,738,2,11,1,0,-8.63515,12.7417,4,-0.375492,0.0412536,0.095,1
660,738,2,11,2,1,-7.73745,11.6595,3,-0.314179,0.102765,0.095,1
660,738,2,11,3,1,-7.58195,13.5097,3,-0.372882,0.0198296,0.095,1
660,739,25,15,0,-1,3.51618,16.1064,1,0.15649,0.305466,0.063,0
660,739,25,15,1,0,3.72053,17.1356,4,0.243813,0.286021,0.063,0
660,739,25,15,2,0,2.9372,17.1079,1,0.233317,0.346162,0.063,0
660,739,25,15,3,1,2.49564,16.4458,3,0.205536,0.361595,0.063,0
660,742,2,17,0,-1,8.00443,-4.54935,1,0.170214,-0.178594,0.087,0
660,742,2,17,1,0,8.87722,-4.95858,4,0.258911,-0.0220597,0.087,0
660,742,2,17,2,1,8.12061,-3.75304,3,0.166924,-0.079884,0.087,0
660,744,2,14,0,-1,6.47561,3.82301,1,-0.281373,-0.347345,0.089,1
660,744,2,14,1,0,5.71357,3.09688,4,-0.576125,0.000428733,0.089,1
660,744,2,14,2,1,7.0783,2.82867,3,-0.657415,-0.658368,0.089,1
660,744,2,14,3,1,5.69219,4.41528,3,0.0727996,0.0037888,0.089,1
660,746,2,14,0,-1,5.48812,1.76096,1,-0.128485,-0.299808,0.089,1
660,746,2,14,1,0,5.00037,2.72538,4,-0.615084,-0.520543,0.089,1
660,746,2,14,2,1,4.77366,1.33521,3,-0.910752,-0.172043,0.089,1
660,746,2,14,3,1,6.16698,2.27841,3,-0.152497,0.208817,0.089,1
660,747,2,12,0,-1,-8.3566,12.0451,1,-0.417036,0.0360076,0.095,0
660,747,2,12,1,0,-8.38901,11.0732,4,-0.152065,0.0126328,0.095,0
660,748,2,19,0,-1,17.013,-10.6024,1,0.196805,-0.136966,0.084,0
660,748,2,19,1,0,16.3838,-9.83745,4,0.407046,0.0303657,0.084,0
660,748,2,19,2,1,16.2346,-11.1868,3,0.0812716,0.070674,0.084,0
660,749,2,14,0,-1,-8.06159,-15.9116,1,0.105027,-0.105395,0.092,1
660,749,2,14,1,0,-8.38917,-17.0024,4,0.0103024,-0.143002,0.092,1
660,749,2,14,2,1,-7.13057,-16.3371,3,0.08803,-0.350656,0.092,1
660,749,2,14,3,1,-8.85365,-15.7747,3,0.154544,-0.114448,0.092,1
660,750,27,16,0,-1,-11.5388,-17.925,1,-0.148469,0.107875,0.07,1
660,750,27,16,1,0,-12.6706,-17.8142,4,-0.158528,-0.119617,0.07,1
660,750,27,16,2,1,-11.5521,-17.1184,5,-0.32752,0.161795,0.07,1
660,751,2,16,0,-1,-9.80497,-18.1545,1,-0.241519,-0.0937638,0.085,1
660,751,2,16,1,0,-10.7479,-17.712,4,-0.189872,0.0174256,0.085,1
660,751,2,16,2,1,-10.2716,-19.0247,3,-0.138053,0.0448449,0.085,1
660,751,2,16,3,1,-9.46735,-17.2715,3,-0.141642,-0.227512,0.085,1
660,752,2,13,0,-1,7.24153,1.12028,1,-0.0516877,-0.275419,0.088,0
660,752,2,13,1,0,6.26081,1.5392,4,-0.254279,-0.431478,0.088,0
660,752,2,13,2,1,6.5189,0.126743,3,0.409816,-0.41273,0.088,0
660,756,2,15,0,-1,-22.5744,-10.0194,1,-0.0406687,0.0795366,0.092,0
660,756,2,15,1,0,-23.66,-10.3327,4,0.00399439,-0.0722579,0.092,0
660,756,2,15,2,1,-22.6587,-11.2918,3,0.109146,0.0370386,0.092,0
660,760,2,15,0,-1,-7.75353,-16.6557,1,-0.00236219,-0.0929374,0.093,0
660,760,2,15,1,0,-6.6149,-16.8566,4,-0.0885688,-0.60326,0.093,0
660,761,2,14,0,-1,-1.23031,10.2137,1,-0.214044,-0.14583,0.089,0
660,761,2,14,1,0,-1.6963,11.1675,4,-0.375822,-0.231452,0.089,0
660,761,2,14,2,1,-2.21774,9.86902,3,-0.167995,-0.311517,0.089,0
660,763,2,14,0,-1,-6.50594,-8.27439,1,-0.459086,-0.144388,0.093,1
660,763,2,14,1,0,-7.63339,-8.0598,4,-0.484884,-0.30098,0.093,1
660,763,2,14,2,1,-6.92967,-9.26649,3,-0.220686,-0.150906,0.093,1
660,763,2,14,3,1,-6.48142,-7.46912,3,-0.535761,-0.179452,0.093,1
660,764,2,14,0,-1,-9.34974,-10.3205,1,-0.161932,0.39217,0.087,1
660,764,2,14,1,0,-9.14076,-9.288,4,0.272048,0.302606,0.087,1
660,764,2,14,2,1,-10.2917,-10.0678,3,-0.30845,1.08774,0.087,1
660,764,2,14,3,1,-8.50985,-10.4484,3,-0.0383364,0.143024,0.087,1
660,766,2,15,0,-1,-2.25159,-16.8366,1,-0.0948282,-0.301956,0.085,0
660,766,2,15,1,0,-2.36695,-17.8801,4,-0.0803942,-0.313283,0.085,0
660,766,2,15,2,1,-1.23982,-17.0644,3,-0.149537,-0.245159,0.085,0
660,767,2,16,0,-1,13.7732,-7.41072,1,-0.253045,-0.124722,0.086,1
660,767,2,16,1,0,14.6598,-6.82826,4,-0.295854,-0.0820953,0.086,1
660,767,2,16,2,1,13.2393,-6.71573,3,-0.285065,0.324865,0.086,1
660,767,2,16,3,1,14.5167,-8.18384,3,0.129019,-0.422802,0.086,1
660,770,2,15,0,-1,-9.44439,-11.1199,1,-0.0581669,0.391935,0.086,0
660,770,2,15,1,0,-9.75924,-12.1184,4,-0.0877999,0.417898,0.086,0
660,772,2,11,0,-1,-8.03541,9.98859,1,0.26245,-0.337558,0.096,0
660,774,2,16,0,-1,-1.83371,-11.693,1,-0.0177328,0.524236,0.087,0
660,774,2,16,1,0,-1.51446,-10.6584,4,0.168803,0.497311,0.087,0
660,775,2,14,0,-1,-11.7937,-9.80014,1,-0.241331,-0.886159,0.094,0
690,539,2,13,0,-1,-16.2749,-10.9997,1,-0.269268,-0.222457,0.093,1
690,539,2,13,1,0,-16.4463,-9.90024,4,0.164723,-0.108492,0.093,1
690,539,2,13,2,1,-17.3468,-10.982,3,-0.469247,0.399027,0.093,1
690,539,2,13,3,1,-15.4906,-10.8119,3,0.00181538,-0.229248,0.093,1
690,603,2,10,0,-1,-4.34095,2.8884,1,0.449592,-0.120838,0.096,1
690,603,2,10,1,0,-3.41435,3.24268,4,0.229015,0.410072,0.096,1
690,603,2,10,2,1,-4.64656,3.86096,3,-0.0334696,-0.191688,0.096,1
690,603,2,10,3,1,-3.65886,1.94114,3,0.762756,0.296571,0.096,1
690,608,2,10,0,-1,19.463,16.6649,1,0.134642,0.326979,0.092,1
690,608,2,10,1,0,19.6585,17.6949,4,-0.0352245,0.3593,0.092,1
690,608,2,10,2,1,18.5059,16.9011,3,0.0962923,0.170802,0.092,1
690,608,2,10,3,1,20.3199,16.5661,3,0.154919,0.467509,0.092,1
690,610,2,14,0,-1,-11.6983,-0.103443,1,0.078974,-0.512161,0.089,1
690,610,2,14,1,0,-11.783,-1.15229,4,-0.302582,-0.483367,0.089,1
690,610,2,14,2,1,-10.6325,-0.358869,3,0.0316555,-0.953256,0.089,1
690,610,2,14,3,1,-12.5733,-0.103194,3,0.0424065,-0.219128,0.089,1
690,678,2,15,0,-1,-0.241508,-7.08153,1,0.0914132,-0.582688,0.086,1
690,678,2,15,1,0,-0.34258,-8.13064,4,-0.176582,-0.560708,0.086,1
690,678,2,15,2,1,0.772942,-7.30449,3,0.043308,-0.852137,0.086,1
690,678,2,15,3,1,-1.29047,-7.16262,3,0.039578,-0.344979,0.086,1
690,686,2,15,0,-1,-7.96676,-0.263227,1,0.351966,-0.0470142,0.09,1
690,686,2,15,1,0,-7.10521,-0.824168,4,0.164118,-0.33264,0.09,1
690,686,2,15,2,1,-7.12124,0.572648,3,0.741269,-0.297458,0.09,1
690,686,2,15,3,1,-8.45212,-0.969447,3,0.104125,0.17131,0.09,1
690,711,2,14,0,-1,11.7135,-9.29755,1,-0.417526,0.315469,0.087,1
690,711,2,14,1,0,10.647,-9.07646,4,-0.556086,-0.443081,0.087,1
690,711,2,14,2,1,11.3455,-10.2918,3,0.466182,0.125524,0.087,1
690,711,2,14,3,1,11.7559,-8.44779,3,-0.715045,0.212007,0.087,1
690,712,2,11,0,-1,13.2412,15.2597,1,0.0991095,0.0907738,0.091,1
690,712,2,11,1,0,12.3811,15.8511,4,-0.0683006,-0.0636176,0.091,1
690,712,2,11,2,1,12.7602,14.5147,3,0.792503,0.246275,0.091,1
690,723,2,14,0,-1,18.5893,-8.07673,1,0.195091,0.116785,0.085,1
690,723,2,14,1,0,19.6403,-8.16016,4,0.178426,-0.122539,0.085,1
690,723,2,14,2,1,18.7656,-7.07258,3,0.444842,0.0971944,0.085,1
690,723,2,14,3,1,18.6081,-8.97952,3,0.0104499,0.0953672,0.085,1
690,730,2,15,0,-1,12.6284,-7.02792,1,0.523923,-0.45072,0.085,1
690,730,2,15,1,0,13.6986,-7.21751,4,0.703217,0.298919,0.085,1
690,730,2,15,2,1,12.9926,-5.97778,3,-0.124836,-0.174132,0.085,1
690,730,2,15,3,1,12.5985,-7.96265,3,0.714376,0.0788587,0.085,1
690,734,2,13,0,-1,10.0951,8.60789,1,0.412627,0.00620122,0.088,1
690,734,2,13,1,0,11.1423,8.88571,4,0.339718,0.233221,0.088,1
690,734,2,13,2,1,10.0903,9.84733,3,-0.0247897,-0.151825,0.088,1
690,734,2,13,3,1,10.595,7.7041,3,0.494464,0.154809,0.088,1
690,738,2,11,0,-1,-14.4259,10.688,1,-0.530221,0.0181902,0.095,1
690,738,2,11,1,0,-14.5398,11.6987,4,-0.16242,0.0513033,0.095,1
690,738,2,11,2,1,-15.2918,10.5851,3,-0.630104,0.358067,0.095,1
690,738,2,11,3,1,-13.361,11.1445,3,-0.432841,-0.485392,0.095,1
690,744,2,14,0,-1,3.32123,3.95093,1,0.0613608,0.481117,0.089,1
690,744,2,14,1,0,2.49567,4.58283,4,-0.0607422,0.360889,0.089,1
690,744,2,14,2,1,2.58968,3.2028,3,-0.441317,0.380671,0.089,1
690,744,2,14,3,1,3.812,4.69893,3,-0.0650611,0.660068,0.089,1
690,746,2,14,0,-1,-2.00915,-0.629845,1,-0.110447,-0.0892991,0.089,1
690,746,2,14,1,0,-1.07446,-0.0799055,4,-0.025605,-0.220353,0.089,1
690,746,2,14,2,1,-2.36649,0.449946,3,0.0348558,-0.152579,0.089,1
690,746,2,14,3,1,-1.26366,-1.36242,3,-0.0964039,-0.2066,0.089,1
690,747,2,12,0,-1,-14.8522,9.94995,1,-0.758482,0.166339,0.095,0
690,747,2,12,1,0,-15.8432,10.1557,4,-0.696562,0.386,0.095,0
690,747,2,12,2,1,-15.2525,8.93297,3,-0.991149,0.241841,0.095,0
690,753,2,15,0,-1,1.88035,1.83477,1,-0.982517,-0.51839,0.088,1
690,753,2,15,1,0,0.852472,1.94611,4,-0.862029,0.2773,0.088,1
690,753,2,15,2,1,1.57872,0.713908,3,-0.992827,0.243446,0.088,1
690,753,2,15,3,1,1.79439,3.01129,3,-0.148075,-0.133683,0.088,1
690,763,2,14,0,-1,-0.171839,-12.0236,1,0.503736,0.294507,0.093,1
690,763,2,14,1,0,-0.436109,-10.9195,4,-0.0411628,0.163504,0.093,1
690,763,2,14,2,1,-1.3923,-11.9944,3,0.613414,-0.373776,0.093,1
690,763,2,14,3,1,0.636687,-11.7446,3,0.259809,0.555322,0.093,1
690,764,2,14,0,-1,-5.78783,-6.25686,1,-0.0493822,0.606594,0.087,1
690,764,2,14,1,0,-6.54256,-5.52195,4,-0.203492,0.426813,0.087,1
690,764,2,14,2,1,-6.95179,-6.89028,3,0.0977818,0.327117,0.087,1
690,764,2,14,3,1,-5.22066,-5.57462,3,-0.199474,0.540187,0.087,1
690,767,2,16,0,-1,5.00956,-0.719465,1,0.173869,0.168406,0.086,1
690,767,2,16,1,0,5.22544,0.310181,4,-0.0817245,0.209396,0.086,1
690,767,2,16,2,1,4.05115,-0.427761,3,0.116651,-0.103405,0.086,1
690,767,2,16,3,1,5.86946,-0.869017,3,-0.00178396,0.328834,0.086,1
690,770,2,15,0,-1,-8.11687,-14.5921,1,0.372734,-0.204823,0.086,1
690,770,2,15,1,0,-7.38008,-15.3472,4,0.399911,-0.175172,0.086,1
690,770,2,15,2,1,-7.34865,-13.9505,3,0.339244,-0.169171,0.086,1
690,770,2,15,3,1,-8.68618,-15.3305,3,0.401374,-0.23442,0.086,1
690,772,2,11,0,-1,-5.10002,3.19796,1,0.308145,-0.503944,0.096,0
690,772,2,11,1,0,-5.43359,4.11772,4,0.352069,-0.483575,0.096,0
690,774,2,16,0,-1,3.20912,-16.2513,1,-0.361674,-0.904226,0.087,1
690,774,2,16,1,0,2.63806,-17.1865,4,-0.0134349,-1.17394,0.087,1
690,774,2,16,2,1,4.01009,-16.9871,3,-0.109875,-0.585134,0.087,1
690,774,2,16,3,1,2.2316,-15.9059,3,0.0331235,-1.17802,0.087,1
690,775,2,14,0,-1,-6.44826,-7.60298,1,0.380301,0.435974,0.094,1
690,775,2,14,1,0,-6.53616,-6.42832,4,-0.0272118,0.394503,0.094,1
690,775,2,14,2,1,-7.55831,-7.42068,3,0.460021,-0.110104,0.094,1
690,775,2,14,3,1,-5.47418,-7.25501,3,0.186544,0.67077,0.094,1
690,776,2,17,0,-1,6.82065,-0.230524,1,0.205881,0.700191,0.087,1
690,776,2,17,1,0,6.85923,0.816855,4,0.316128,0.701127,0.087,1
690,776,2,17,2,1,5.82539,-0.102978,3,0.452951,0.589375,0.087,1
690,776,2,17,3,1,7.80351,-0.171591,3,0.0302025,0.437584,0.087,1
690,779,2,15,0,-1,-2.85375,-0.6804,1,-0.161553,0.550744,0.088,0
690,779,2,15,1,0,-3.15561,0.343284,4,0.494767,0.748139,0.088,0
690,779,2,15,2,1,-4.16932,-0.634926,3,-0.163063,1.43454,0.088,0
690,780,2,15,0,-1,-0.817837,-11.5519,1,0.233268,-0.087644,0.093,0
690,780,2,15,1,0,0.244407,-11.1137,4,-0.0184922,0.52643,0.093,0
690,781,2,16,0,-1,-7.75508,-1.06808,1,0.113889,-0.130448,0.09,0
690,781,2,16,1,0,-7.92448,-2.10911,4,0.150767,-0.151468,0.09,0
690,781,2,16,2,1,-6.67089,-1.46755,3,0.292213,-0.396041,0.09,0
690,782,2,17,0,-1,1.15594,-14.7571,1,-0.1327,-0.419214,0.086,1
690,782,2,17,1,0,0.335268,-15.6038,4,-0.20148,-0.307554,0.086,1
690,782,2,17,2,1,1.5626,-16.2349,3,-0.242516,-0.446298,0.086,1
690,782,2,17,3,1,-0.106854,-14.3598,3,0.0981989,-0.179419,0.086,1
690,786,2,16,0,-1,-15.906,-8.72407,1,0.124793,-0.135244,0.085,1
690,786,2,16,1,0,-15.484,-9.69023,4,0.17429,-0.127599,0.085,1
690,786,2,16,2,1,-14.9646,-8.39272,3,0.011729,-0.070961,0.085,1
690,786,2,16,3,1,-16.6954,-9.18507,3,0.210273,-0.102608,0.085,1
690,791,2,14,0,-1,1.46328,5.71065,1,0.0232302,0.560314,0.089,1
690,791,2,14,1,0,2.13608,6.58453,4,0.369799,0.255525,0.089,1
690,791,2,14,2,1,0.744942,6.8708,3,0.342804,0.121639,0.089,1
690,791,2,14,3,1,2.35459,5.3192,3,0.176267,0.208324,0.089,1
690,792,2,16,0,-1,13.3071,-6.6472,1,0.236159,-0.145055,0.086,0
690,792,2,16,1,0,13.2038,-7.7604,4,1.03358,-0.281871,0.086,0
690,793,2,15,0,-1,4.70926,-4.18618,1,0.0283461,0.423885,0.086,1
690,793,2,15,1,0,3.62498,-4.12579,4,0.0327274,0.379934,0.086,1
690,793,2,15,2,1,4.38978,-5.31407,3,0.0843701,0.411375,0.086,1
690,793,2,15,3,1,4.63988,-3.2997,3,0.016763,0.409514,0.086,1
690,797,2,15,0,-1,17.7969,-8.22757,1,0.189348,0.139501,0.084,0
690,797,2,15,1,0,17.132,-7.41823,4,0.127142,0.0890144,0.084,0
690,797,2,15,2,1,16.9907,-8.81084,3,0.22321,0.0788402,0.084,0
690,798,2,14,0,-1,-12.5654,-14.0397,1,0.636728,0.424318,0.092,1
690,798,2,14,1,0,-12.4795,-12.9354,4,0.0225162,0.461004,0.092,1
690,798,2,14,2,1,-13.6604,-13.7018,3,0.453088,-0.145973,0.092,1
690,798,2,14,3,1,-11.5924,-13.9163,3,0.490701,0.86409,0.092,1
690,799,2,15,0,-1,-11.289,-5.04198,1,-0.393545,-0.161261,0.093,1
690,799,2,15,1,0,-11.7245,-6.09733,4,-0.532105,-0.118155,0.093,1
690,799,2,15,2,1,-10.409,-5.67611,3,-0.553633,-0.0928438,0.093,1
690,799,2,15,3,1,-12.0795,-4.8299,3,-0.431376,-0.10283,0.093,1
690,804,2,12,0,-1,14.9564,15.357,1,-0.00743195,0.145449,0.091,1
690,804,2,12,1,0,15.8085,15.978,4,0.217704,-0.151153,0.091,1
690,804,2,12,2,1,14.4422,16.2379,3,0.323147,0.401154,0.091,1
690,805,2,16,0,-1,5.10579,-4.8919,1,0.0517037,0.443949,0.085,0
690,805,2,16,1,0,5.46151,-3.91463,4,-0.0104906,0.470432,0.085,0
690,805,2,16,2,1,4.20566,-4.55793,3,0.0243826,0.401334,0.085,0
690,806,2,17,0,-1,-15.7441,-7.92801,1,-0.0905107,-0.0844847,0.086,0
690,806,2,17,1,0,-14.7459,-7.59151,4,-0.0976977,-0.0567247,0.086,0
690,806,2,17,2,1,-15.949,-6.87871,3,-0.173572,-0.146538,0.086,0
690,808,2,18,0,-1,7.37041,0.352713,1,0.229584,0.672043,0.088,0
690,810,2,14,0,-1,9.55796,9.24117,1,0.489459,0.0827088,0.087,0
690,810,2,14,1,0,9.37559,8.22823,4,0.332493,0.122919,0.087,0
690,810,2,14,2,1,10.4588,9.20275,3,0.345583,0.0955958,0.087,0
690,811,2,13,0,-1,14.6379,14.6168,1,0.0590461,0.111087,0.09,0
690,812,2,18,0,-1,1.97099,-14.4402,1,0.0771558,-0.915556,0.085,0
690,812,2,18,1,0,2.52522,-15.3875,4,-0.0600173,-1.04034,0.085,0
690,812,2,18,2,1,3.46142,-14.367,3,-0.0718598,-1.05051,0.085,0
690,812,2,18,3,1,1.16322,-15.4646,3,-0.167989,-0.470942,0.085,0
690,812,2,18,4,0,2.75514,-13.2793,3,0.0471705,-0.845148,0.085,0
690,813,2,15,0,-1,-6.05553,-6.95359,1,0.16263,0.574416,0.093,0
690,814,2,17,0,-1,4.2316,-15.1478,1,0.55547,-0.559842,0.088,1
690,814,2,17,1,0,4.39204,-16.2239,4,-0.101394,-0.684451,0.088,1
690,814,2,17,2,1,5.27857,-15.2714,3,0.337733,-1.08167,0.088,1
690,814,2,17,3,1,3.44885,-15.244,3,0.595402,0.0141682,0.088,1
690,815,2,17,0,-1,4.35942,-1.1876,1,0.244546,0.0982284,0.085,0
690,818,2,12,0,-1,11.274,14.3903,1,-0.271072,-0.223962,0.09,1
690,818,2,12,1,0,10.3953,14.9316,4,-0.153823,0.0268435,0.09,1
690,818,2,12,2,1,10.6395,13.5367,3,-0.533528,-0.0261112,0.09,1
690,819,2,14,0,-1,-16.191,-11.7805,1,-0.123813,-0.245707,0.094,0
690,820,2,15,0,-1,12.1219,-10.0046,1,-0.123954,0.471339,0.086,0
690,820,2,15,1,0,12.6373,-10.9195,4,-0.11611,0.493133,0.086,0
690,820,2,15,2,1,12.7801,-9.53031,3,-0.0217487,0.457123,0.086,0
690,821,2,15,0,-1,1.40703,6.46986,1,0.14178,0.507204,0.089,0
690,821,2,15,1,0,1.39707,7.50347,4,0.541997,0.474865,0.089,0
690,823,2,13,0,-1,12.017,14.6485,1,-0.187566,-0.199794,0.089,0
690,823,2,13,1,0,12.6983,13.8005,4,-0.684233,-0.412059,0.089,0
690,825,2,16,0,-1,1.71852,2.56689,1,-1.06037,-0.871675,0.089,0
720,539,2,13,0,-1,-11.3273,-12.8058,1,0.117543,-0.0175493,0.093,1
720,539,2,13,1,0,-10.4718,-12.052,4,0.29406,-0.146069,0.093,1
720,539,2,13,2,1,-11.8306,-11.7106,3,0.429747,0.266899,0.093,1
720,539,2,13,3,1,-10.6741,-13.3554,3,-0.0363882,-0.0567953,0.093,1
720,603,2,10,0,-1,-6.79513,10.0999,1,-0.187299,-0.211235,0.096,1
720,603,2,10,1,0,-7.59441,9.53117,4,-0.275607,-0.094373,0.096,1
720,603,2,10,2,1,-6.22822,9.27904,3,-0.332369,-0.304792,0.096,1
720,603,2,10,3,1,-7.47789,10.8755,3,-0.0550607,-0.113847,0.096,1
720,678,2,15,0,-1,-10.0545,-15.606,1,-0.371847,0.302429,0.086,1
720,678,2,15,1,0,-9.97791,-14.556,4,-0.0548496,0.279291,0.086,1
720,678,2,15,2,1,-11.0673,-15.4297,3,-0.301423,0.597885,0.086,1
720,678,2,15,3,1,-8.99809,-15.4881,3,-0.342631,-0.0260771,0.086,1
720,711,2,14,0,-1,1.72862,-12.1803,1,-0.0673065,-0.146547,0.087,1
720,711,2,14,1,0,2.55715,-12.8402,4,0.0915091,0.0507861,0.087,1
720,711,2,14,2,1,2.53976,-11.4086,3,-0.318791,0.0482956,0.087,1
720,711,2,14,3,1,1.2499,-12.9511,3,0.120471,-0.342978,0.087,1
720,712,2,11,0,-1,14.1371,18.277,1,0.454939,0.554447,0.091,1
720,712,2,11,1,0,14.8188,17.4718,4,-0.125301,0.0789693,0.091,1
720,712,2,11,2,1,14.9478,18.8708,3,0.73612,0.00420343,0.091,1
720,734,2,13,0,-1,20.194,5.74204,1,0.287727,0.154092,0.088,1
720,734,2,13,1,0,21.0568,6.34586,4,0.302987,0.133426,0.088,1
720,734,2,13,2,1,19.7029,6.70341,3,0.312981,0.176355,0.088,1
720,734,2,13,3,1,20.757,5.07393,3,0.280874,0.139874,0.088,1
720,738,2,11,0,-1,-10.2552,13.1505,1,-0.57227,0.165587,0.095,1
720,738,2,11,1,0,-10.8144,12.3565,4,-0.505387,0.0223595,0.095,1
720,738,2,11,2,1,-9.63768,13.0182,3,-0.658594,0.300134,0.095,1
720,738,2,11,3,1,-10.8161,13.6729,3,0.0479419,-0.0595536,0.095,1
720,744,2,14,0,-1,0.701263,1.4249,1,0.23001,-0.15433,0.089,1
720,744,2,14,1,0,1.75294,1.65944,4,0.183087,0.204551,0.089,1
720,744,2,14,2,1,0.871789,2.75751,3,-0.672105,-0.506428,0.089,1
720,744,2,14,3,1,1.19942,0.481941,3,0.577394,0.0809466,0.089,1
720,747,2,12,0,-1,-14.7614,11.3247,1,0.21278,-0.369803,0.095,1
720,747,2,12,1,0,-14.1579,10.5572,4,0.174319,-0.41583,0.095,1
720,747,2,12,2,1,-14.0433,11.9193,3,0.341832,-0.424564,0.095,1
720,747,2,12,3,1,-15.4647,10.6549,3,0.195969,-0.364556,0.095,1
720,753,2,15,0,-1,-4.67127,1.29161,1,-0.122233,-0.496282,0.088,1
720,753,2,15,1,0,-3.99091,0.487647,4,0.280553,-0.157303,0.088,1
720,753,2,15,2,1,-3.73011,1.87291,3,-0.390437,-0.0307958,0.088,1
720,753,2,15,3,1,-5.3481,0.54239,3,0.238006,-0.856732,0.088,1
720,763,2,14,0,-1,2.24529,-14.5743,1,0.644805,-0.16102,0.093,1
720,763,2,14,1,0,3.20543,-13.9166,4,0.2963,0.284629,0.093,1
720,763,2,14,2,1,1.83716,-13.5231,3,0.0922738,-0.330215,0.093,1
720,763,2,14,3,1,2.77097,-15.1598,3,0.587437,0.129612,0.093,1
720,767,2,16,0,-1,4.40475,6.99566,1,-0.401507,-0.0913247,0.086,1
720,767,2,16,1,0,3.44931,7.51954,4,0.186209,-0.25362,0.086,1
720,767,2,16,2,1,3.77415,6.20763,3,0.109325,-0.526603,0.086,1
720,767,2,16,3,1,4.61665,8.06974,3,0.509642,-0.105532,0.086,1
720,770,2,15,0,-1,4.25223,-15.6972,1,0.54292,-0.0285872,0.086,1
720,770,2,15,1,0,4.40617,-14.6604,4,0.330351,0.00919893,0.086,1
720,770,2,15,2,1,3.40094,-15.6249,3,0.403478,-0.088287,0.086,1
720,770,2,15,3,1,5.11043,-15.7684,3,0.762773,0.29623,0.086,1
720,772,2,11,0,-1,-9.00101,11.3286,1,-0.163037,-0.0755712,0.096,1
720,772,2,11,1,0,-9.95925,11.4638,4,-0.186808,-0.353662,0.096,1
720,772,2,11,2,1,-9.04952,10.4242,3,0.110204,-0.105435,0.096,1
720,772,2,11,3,1,-8.8909,12.2294,3,-0.149547,-0.433805,0.096,1
720,774,2,16,0,-1,-9.78021,-21.8015,1,0.0963731,0.403854,0.087,1
720,774,2,16,1,0,-8.69967,-21.7562,4,0.056838,0.0378149,0.087,1
720,774,2,16,2,1,-9.66644,-20.7196,3,-0.0159976,-0.0557272,0.087,1
720,774,2,16,3,1,-9.5391,-22.8305,3,-0.468972,0.450367,0.087,1
720,776,2,17,0,-1,5.58083,8.80504,1,-0.526665,-0.180747,0.087,1
720,776,2,17,1,0,4.51549,8.92487,4,-0.476915,0.287605,0.087,1
720,776,2,17,2,1,5.32619,7.80591,3,-0.90142,-0.0169782,0.087,1
720,776,2,17,3,1,5.58252,9.76588,3,-0.0960696,-0.171569,0.087,1
720,780,2,15,0,-1,2.51511,-13.8378,1,0.117536,0.0438343,0.093,0
720,780,2,15,1,0,3.30309,-14.6814,4,0.168523,0.174724,0.093,0
720,782,2,17,0,-1,-9.77122,-18.9475,1,-0.213079,-0.234737,0.086,1
720,782,2,17,1,0,-10.6151,-19.6159,4,-0.27662,-0.107257,0.086,1
720,782,2,17,2,1,-9.21194,-19.8499,3,-0.28745,-0.0869287,0.086,1
720,782,2,17,3,1,-10.4216,-18.2725,3,-0.167179,-0.112512,0.086,1
720,786,2,16,0,-1,-13.3568,-5.91258,1,0.588663,0.0751382,0.085,1
720,786,2,16,1,0,-12.6399,-6.70302,4,0.0682259,-0.413634,0.085,1
720,786,2,16,2,1,-12.294,-5.34419,3,0.940903,-0.663216,0.085,1
720,786,2,16,3,1,-13.9675,-6.76986,3,0.0368549,0.41085,0.085,1
720,791,2,14,0,-1,5.01773,12.7946,1,-0.265893,-0.064465,0.089,1
720,791,2,14,1,0,4.27832,12.0502,4,-0.24728,-0.0967205,0.089,1
720,791,2,14,2,1,5.66707,11.8761,3,-0.238658,-0.0464782,0.089,1
720,791,2,14,3,1,4.29131,13.36,3,-0.20583,-0.09033,0.089,1
720,798,2,14,0,-1,-10.0101,-8.95813,1,0.910981,0.716112,0.092,1
720,798,2,14,1,0,-9.0953,-8.20439,4,0.49141,0.856199,0.092,1
720,798,2,14,2,1,-10.4894,-8.0672,3,0.420394,0.253261,0.092,1
720,798,2,14,3,1,-8.59802,-9.39732,3,0.203825,0.760307,0.092,1
720,799,2,15,0,-1,-8.02322,-3.22836,1,-0.0291828,0.306744,0.093,1
720,799,2,15,1,0,-8.24064,-2.10913,4,-0.083684,0.300119,0.093,1
720,799,2,15,2,1,-9.13046,-3.17948,3,-0.0452707,0.272116,0.093,1
720,799,2,15,3,1,-7.24945,-2.9752,3,-0.0540775,0.346017,0.093,1
720,806,2,17,0,-1,-13.236,-12.4974,1,0.404129,0.417693,0.086,1
720,806,2,17,1,0,-13.305,-11.4433,4,-0.164226,0.368964,0.086,1
720,806,2,17,2,1,-14.2999,-12.4368,3,0.351544,-0.158252,0.086,1
720,806,2,17,3,1,-12.287,-12.2816,3,0.239253,0.832775,0.086,1
720,808,2,18,0,-1,5.01571,9.35761,1,-0.162855,0.212807,0.088,0
720,812,2,18,0,-1,1.00128,-18.4739,1,-0.0971311,0.189036,0.085,1
720,812,2,18,1,0,-0.0169046,-18.0798,4,-0.0102198,0.35868,0.085,1
720,812,2,18,2,1,0.356466,-19.4722,3,-0.274849,0.29575,0.085,1
720,812,2,18,3,1,1.19742,-17.4853,3,0.0764554,0.226412,0.085,1
720,812,2,18,4,0,1.30299,-19.8692,3,-0.307143,0.114469,0.085,1
720,812,2,18,5,0,2.32317,-18.0364,3,-0.072514,0.120294,0.085,1
720,815,2,17,0,-1,4.84882,6.346,1,-0.485167,0.344581,0.085,0
720,815,2,17,1,0,4.08193,5.69671,4,-0.961932,0.0698139,0.085,0
720,815,2,17,2,1,5.48816,5.96363,3,-0.727019,1.82141,0.085,0
720,817,2,16,0,-1,-11.6565,-10.3772,1,0.428107,0.26262,0.094,1
720,817,2,16,1,0,-10.5432,-10.1059,4,0.380294,0.521435,0.094,1
720,817,2,16,2,1,-11.6363,-9.23875,3,0.22981,0.295081,0.094,1
720,817,2,16,3,1,-11.3968,-11.1274,3,0.609725,0.320259,0.094,1
720,818,2,12,0,-1,10.902,17.4739,1,9.63817e-05,0.00129094,0.09,1
720,818,2,12,1,0,10.4814,16.5172,4,-0.000318404,0.00157058,0.09,1
720,818,2,12,2,1,11.7741,17.0531,3,0.000131811,0.000261635,0.09,1
720,819,2,14,0,-1,-12.024,-13.2038,1,-0.0722002,0.26656,0.094,0
720,820,2,15,0,-1,16.1151,-6.90128,1,-0.856698,0.133541,0.086,1
720,820,2,15,1,0,15.2473,-7.43146,4,-0.397923,-0.252452,0.086,1
720,820,2,15,2,1,16.5535,-7.92932,3,-0.157294,0.0163216,0.086,1
720,820,2,15,3,1,15.6418,-6.18537,3,-0.745076,-0.034691,0.086,1
720,821,2,15,0,-1,2.95068,16.6039,1,0.530153,0.13083,0.089,1
720,821,2,15,1,0,3.43047,17.5394,4,0.334089,0.232498,0.089,1
720,821,2,15,2,1,2.06013,17.2616,3,0.424989,-0.145721,0.089,1
720,821,2,15,3,1,3.76861,16.2713,3,0.507396,0.286883,0.089,1
720,823,2,13,0,-1,9.92776,14.2007,1,-0.158212,0.907301,0.089,1
720,823,2,13,1,0,10.9677,14.3479,4,-0.0851215,-0.0588115,0.089,1
720,823,2,13,2,1,9.78188,15.1297,3,0.659834,1.10664,0.089,1
720,825,2,16,0,-1,2.48738,1.21077,1,0.715185,0.472637,0.089,1
720,825,2,16,1,0,3.55183,1.11771,4,0.690185,-0.59444,0.089,1
720,825,2,16,2,1,2.81299,2.31302,3,1.49989,-0.128778,0.089,1
720,825,2,16,3,1,2.53992,0.197542,3,0.0387315,0.199762,0.089,1
720,827,2,14,0,-1,14.1193,11.7565,1,-0.00308338,-0.00335336,0.09,1
720,827,2,14,1,0,15.0604,12.2109,4,-0.000493296,-0.00869528,0.09,1
720,827,2,14,2,1,13.7294,12.6428,3,0.00184736,-0.00144983,0.09,1
720,828,2,18,0,-1,-11.0975,-7.5931,1,0.233169,-0.203849,0.086,1
720,828,2,18,1,0,-10.0687,-7.9813,4,0.583805,0.136859,0.086,1
720,828,2,18,2,1,-10.5842,-6.6801,3,-0.10174,-0.217852,0.086,1
720,828,2,18,3,1,-11.2893,-8.55196,3,0.911588,-0.237499,0.086,1
720,829,2,16,0,-1,12.5698,-7.62964,1,0.412686,0.550366,0.085,1
720,829,2,16,1,0,13.6132,-7.45788,4,0.518928,-0.116913,0.085,1
720,829,2,16,2,1,12.5723,-6.52181,3,1.13193,0.584425,0.085,1
720,829,2,16,3,1,12.8752,-8.56382,3,-0.164369,0.326001,0.085,1
720,831,2,19,0,-1,1.11408,-19.2212,1,-0.306701,0.198002,0.086,0
720,831,2,19,1,0,1.66262,-18.2845,4,-0.284673,0.288521,0.086,0
720,831,2,19,2,1,0.324007,-18.7234,3,-0.262817,0.255637,0.086,0
720,831,2,19,3,1,2.1891,-19.5231,3,-0.0611912,0.399693,0.086,0
720,831,2,19,4,0,-0.313103,-19.3399,3,-0.345969,0.171473,0.086,0
720,832,2,17,0,-1,0.0627393,-15.2966,1,-0.154207,0.723694,0.087,1
720,832,2,17,1,0,-0.868323,-14.7237,4,-0.23452,0.529645,0.087,1
720,832,2,17,2,1,-0.818051,-16.1206,3,0.428521,0.548661,0.087,1
720,832,2,17,3,1,0.437011,-14.3693,3,-0.272442,0.687653,0.087,1
720,833,2,15,0,-1,2.07376,6.02945,1,0.429745,0.271044,0.089,1
720,833,2,15,1,0,3.04019,5.61038,4,0.276675,-0.0958622,0.089,1
720,833,2,15,2,1,2.70438,6.97255,3,0.808784,0.0246553,0.089,1
720,833,2,15,3,1,1.80177,5.17152,3,0.116889,0.323224,0.089,1
720,836,2,15,0,-1,-9.66244,-9.73531,1,-0.314761,-0.358629,0.093,1
720,836,2,15,1,0,-8.73026,-10.1563,4,-0.599042,-0.556689,0.093,1
720,836,2,15,2,1,-9.04452,-8.83966,3,0.754291,-0.633307,0.093,1
720,836,2,15,3,1,-9.96758,-9.44474,3,-1.24217,-1.19179,0.093,1
720,837,2,13,0,-1,4.7747,11.3272,1,-0.201736,-0.0963664,0.09,1
720,837,2,13,1,0,3.7333,11.4428,4,-0.219256,-0.261,0.09,1
720,837,2,13,2,1,4.67909,10.416,3,-0.154392,-0.205826,0.09,1
720,841,2,15,0,-1,13.474,11.2837,1,-0.00715886,0.00223053,0.091,0
720,841,2,15,1,0,13.4451,10.239,7,-0.0105197,0.00232211,0.091,0
720,842,2,15,0,-1,1.6925,-11.3779,1,-0.200172,-0.167399,0.088,0
720,842,2,15,1,0,0.978969,-12.1388,4,-0.0653515,-0.315106,0.088,0
720,842,2,15,2,1,2.4077,-12.1094,3,-0.0738981,-0.0488639,0.088,0
720,843,2,14,0,-1,19.619,5.17994,1,0.339572,0.100781,0.089,0
720,845,2,12,0,-1,-8.50949,13.0793,1,-0.280277,-0.274525,0.094,1
720,845,2,12,1,0,-9.28561,12.4857,4,-0.183451,-0.370361,0.094,1
720,845,2,12,2,1,-7.89801,12.46,3,-0.00139487,-0.242509,0.094,1
720,845,2,12,3,1,-8.98425,13.7642,3,-1.01901,-0.354145,0.094,1
720,847,2,18,0,-1,-9.87038,-19.7583,1,-0.184768,-0.300615,0.086,0
720,847,2,18,1,0,-9.0828,-20.5681,4,0.444894,0.155674,0.086,0
720,848,2,14,0,-1,7.62986,10.748,1,-0.0942083,0.00808177,0.091,1
720,848,2,14,1,0,6.66626,10.8151,4,-0.101799,0.0779672,0.091,1
720,848,2,14,2,1,7.54137,9.73504,3,-0.312783,-0.0877167,0.091,1
720,849,2,14,0,-1,9.76302,13.0515,1,0.290511,0.123512,0.089,1
720,849,2,14,1,0,10.1726,12.074,4,-0.464135,-0.176147,0.089,1
720,849,2,14,2,1,10.6919,13.3656,3,-0.441346,-0.226633,0.089,1
720,850,2,11,0,-1,-7.5903,10.1654,1,-0.180409,-0.0854586,0.097,0
720,850,2,11,1,0,-8.34938,9.54424,4,-0.271046,0.0261357,0.097,0
720,850,2,11,2,1,-6.96728,9.29748,0,-0.307497,-0.182009,0.097,0
720,852,2,17,0,-1,-14.1629,-6.0256,1,0.506503,0.572704,0.084,0
720,853,2,16,0,-1,-1.77734,-13.2843,1,0.247575,-0.317996,0.085,1
720,853,2,16,1,0,-1.53446,-14.3034,4,0.440522,-0.261056,0.085,1
720,853,2,16,2,1,-0.875201,-13.0722,3,0.222587,-0.158083,0.085,1
720,853,2,16,3,1,-2.58915,-13.5191,3,0.223609,-0.521404,0.085,1
720,857,2,12,0,-1,-9.86583,16.7022,1,-0.434064,0.573041,0.094,1
720,857,2,12,1,0,-10.6902,16.1805,4,-0.0912957,0.0930635,0.094,1
720,857,2,12,2,1,-9.35275,15.8498,3,0.0388875,0.527905,0.094,1
720,857,2,12,3,1,-10.572,17.5161,3,-1.35351,0.228443,0.094,1
720,859,2,13,0,-1,10.1152,17.6192,1,7.40406e-05,0.00122906,0.089,0
720,859,2,13,1,0,9.09096,17.8265,4,8.36314e-05,0.00122634,0.089,0
720,860,2,17,0,-1,-0.774606,-0.696834,1,-0.277132,0.100137,0.088,1
720,860,2,17,1,0,-1.39026,0.132088,4,-0.220673,0.137656,0.088,1
720,860,2,17,2,1,-1.34948,-1.27063,3,-0.288279,0.107603,0.088,1
720,860,2,17,3,1,-0.0804869,-0.234266,3,-0.152237,0.435939,0.088,1
720,861,2,18,0,-1,-2.26934,-18.2515,1,-0.280952,-0.00628237,0.088,1
720,861,2,18,1,0,-1.86508,-19.2543,4,-0.185061,0.0330861,0.088,1
720,861,2,18,2,1,-3.10568,-18.7044,3,-0.233775,-0.0780649,0.088,1
720,863,2,15,0,-1,7.73705,11.5432,1,0.179501,-0.0175876,0.09,0
720,864,2,17,0,-1,-10.9061,-10.6895,1,0.503442,0.46297,0.094,0
720,864,2,17,1,0,-9.79407,-10.9381,4,0.438186,0.141251,0.094,0
720,865,2,19,0,-1,-2.77656,-17.6342,1,-0.252037,0.017095,0.087,0
720,867,2,16,0,-1,16.9009,-7.34137,1,-0.134927,0.412758,0.087,0
720,867,2,16,1,0,17.8074,-6.84837,4,0.274908,0.248014,0.087,0
720,867,2,16,2,1,16.4782,-6.9178,3,0.5923,0.449441,0.087,0
750,539,2,13,0,-1,-13.549,-15.1535,1,-0.032723,-0.17241,0.093,1
750,539,2,13,1,0,-13.648,-16.2969,4,0.0471393,-0.180548,0.093,1
750,539,2,13,2,1,-12.505,-15.4909,3,-0.00923551,-0.101771,0.093,1
750,539,2,13,3,1,-14.5157,-15.259,3,-0.0356368,-0.248855,0.093,1
750,738,2,11,0,-1,-18.5593,19.0377,1,-0.383111,0.422749,0.095,1
750,738,2,11,1,0,-18.8461,19.9708,4,-0.138995,0.498139,0.095,1
750,738,2,11,2,1,-19.4526,18.7392,3,-0.464401,0.657208,0.095,1
750,738,2,11,3,1,-17.652,19.4305,3,-0.278597,0.18767,0.095,1
750,744,2,14,0,-1,1.3985,3.60193,1,0.203976,0.0679811,0.089,1
750,744,2,14,1,0,1.77159,4.60201,4,0.264305,0.0556288,0.089,1
750,744,2,14,2,1,0.437551,4.17334,3,0.244951,0.142219,0.089,1
750,744,2,14,3,1,2.2746,3.40684,3,0.232964,0.023222,0.089,1
750,747,2,12,0,-1,-11.5721,-1.19115,1,-0.128531,-0.485491,0.095,1
750,747,2,12,1,0,-11.2346,-2.10687,4,0.189038,-0.35861,0.095,1
750,747,2,12,2,1,-10.651,-0.861063,3,-0.218318,-0.1693,0.095,1
750,747,2,12,3,1,-12.4826,-1.67621,3,0.0580803,-0.770626,0.095,1
750,770,2,15,0,-1,8.16658,-8.34853,1,-0.312205,0.253965,0.086,1
750,770,2,15,1,0,7.4518,-7.57279,4,-0.270688,0.312211,0.086,1
750,770,2,15,2,1,7.28676,-8.96189,3,-0.201662,0.312006,0.086,1
750,770,2,15,3,1,8.76723,-7.59838,3,-0.287931,0.342865,0.086,1
750,772,2,11,0,-1,-6.23744,10.6787,1,-0.117937,-0.161306,0.096,1
750,772,2,11,1,0,-6.71982,9.82852,4,-0.383487,-0.0312499,0.096,1
750,772,2,11,2,1,-5.35897,10.1457,3,-0.315901,-0.349746,0.096,1
750,772,2,11,3,1,-7.2808,11.0198,3,0.116531,0.177083,0.096,1
750,799,2,15,0,-1,-5.79212,4.93281,1,0.323128,-0.0461098,0.093,1
750,799,2,15,1,0,-4.80893,5.51986,4,0.148636,0.237751,0.093,1
750,799,2,15,2,1,-6.11897,6.01668,3,0.00971109,-0.110938,0.093,1
750,799,2,15,3,1,-5.25856,4.29197,3,0.504473,0.104268,0.093,1
750,806,2,17,0,-1,-6.39479,-10.9107,1,0.469375,-0.278182,0.086,1
750,806,2,17,1,0,-6.30666,-11.9745,4,0.248499,-0.237571,0.086,1
750,806,2,17,2,1,-5.31291,-10.9635,3,0.391091,-0.398884,0.086,1
750,806,2,17,3,1,-7.26471,-11.1027,3,0.315376,-0.169101,0.086,1
750,812,2,18,0,-1,-2.35168,-16.44,1,0.0666536,-0.623043,0.085,1
750,812,2,18,1,0,-2.20971,-17.534,4,0.309444,-0.544212,0.085,1
750,812,2,18,2,1,-1.22332,-16.5435,3,-0.202695,-0.0118672,0.085,1
750,812,2,18,3,1,-3.42044,-16.9379,3,-0.00429104,-1.11856,0.085,1
750,812,2,18,4,0,-1.41431,-15.3777,3,0.0280009,-0.556092,0.085,1
750,812,2,18,5,0,-3.39496,-15.6028,3,-0.13561,-0.870387,0.085,1
750,817,2,16,0,-1,-4.9938,-8.71188,1,-0.0580299,-0.166881,0.094,1
750,817,2,16,1,0,-4.10034,-9.41568,4,0.19146,0.0406316,0.094,1
750,817,2,16,2,1,-4.43256,-8.05861,3,-0.160393,-0.0757016,0.094,1
750,817,2,16,3,1,-5.4092,-9.46352,3,0.255285,-0.456827,0.094,1
750,819,2,14,0,-1,-14.0883,-14.5755,1,-0.0854344,-0.21941,0.094,0
750,819,2,14,1,0,-14.0613,-15.729,4,0.00243086,-0.214598,0.094,0
750,820,2,15,0,-1,6.74643,-14.8873,1,-0.421921,-0.209185,0.086,1
750,820,2,15,1,0,6.09271,-15.7131,4,-0.502849,-0.14499,0.086,1
750,820,2,15,2,1,7.47697,-15.6201,3,-0.496546,-0.261678,0.086,1
750,820,2,15,3,1,5.98349,-14.3979,3,-0.372502,-0.132706,0.086,1
750,821,2,15,0,-1,9.46213,9.94903,1,0.23106,-0.494569,0.089,1
750,821,2,15,1,0,10.3182,9.34327,4,0.392214,-0.226033,0.089,1
750,821,2,15,2,1,10.2596,10.7529,3,-0.1236,-0.235588,0.089,1
750,821,2,15,3,1,9.01646,9.13942,3,0.421052,-0.429601,0.089,1
750,823,2,13,0,-1,10.8716,16.2066,1,1.64044e-05,5.34972e-05,0.089,1
750,823,2,13,1,0,9.91005,15.7972,4,1.35752e-05,1.32137e-05,0.089,1
750,823,2,13,2,1,11.2193,15.3031,3,-0.000460095,-0.000207952,0.089,1
750,825,2,16,0,-1,12.3921,10.9331,1,0.150396,-0.215347,0.089,1
750,825,2,16,1,0,11.8548,10.0159,4,-0.15245,-0.067223,0.089,1
750,825,2,16,2,1,13.1812,10.4428,3,-0.0266261,-0.500579,0.089,1
750,825,2,16,3,1,11.6323,11.331,3,0.0324407,-0.07131,0.089,1
750,827,2,14,0,-1,15.6991,12.8267,1,0.179925,0.0629893,0.09,1
750,827,2,14,1,0,16.3509,13.6403,4,0.108932,0.121568,0.09,1
750,827,2,14,2,1,14.9861,13.3433,3,0.120355,0.060684,0.09,1
750,828,2,18,0,-1,-12.1244,-9.11664,1,-0.244451,-0.298245,0.086,1
750,828,2,18,1,0,-12.9345,-9.79096,4,-0.39975,-0.12636,0.086,1
750,828,2,18,2,1,-11.5573,-9.9802,3,-0.413367,-0.376902,0.086,1
750,828,2,18,3,1,-12.7874,-8.47824,3,-0.112195,-0.16498,0.086,1
750,829,2,16,0,-1,12.9854,-12.4595,1,0.547681,0.0388065,0.085,1
750,829,2,16,1,0,14.0151,-12.6834,4,0.556766,0.0785956,0.085,1
750,829,2,16,2,1,13.3052,-11.4783,3,0.453958,0.0164627,0.085,1
750,829,2,16,3,1,12.9097,-13.3889,3,0.565357,0.0845232,0.085,1
750,832,2,17,0,-1,0.576926,-14.7246,1,0.499486,-0.579286,0.087,1
750,832,2,17,1,0,1.216,-15.5805,4,0.501113,-0.608519,0.087,1
750,832,2,17,2,1,1.20153,-14.1949,3,0.135033,-0.636528,0.087,1
750,832,2,17,3,1,-0.150945,-15.4265,3,0.640492,0.199535,0.087,1
750,833,2,15,0,-1,3.34732,11.7966,1,-0.58565,0.556225,0.089,1
750,833,2,15,1,0,2.27337,11.6638,4,-0.53093,0.0744225,0.089,1
750,833,2,15,2,1,2.9575,10.4149,3,0.0650854,0.390197,0.089,1
750,833,2,15,3,1,2.89216,12.8637,3,-1.21479,0.424087,0.089,1
750,841,2,15,0,-1,13.0943,8.20686,1,0.00391438,-0.0518231,0.091,1
750,841,2,15,1,0,14.0052,8.72433,7,0.14247,-0.285913,0.091,1
750,841,2,15,2,1,12.6599,9.10625,3,0.216031,-0.0642259,0.091,1
750,845,2,12,0,-1,-11.667,12.2461,1,-0.0952642,0.402781,0.094,1
750,845,2,12,1,0,-11.513,13.2102,4,-0.222379,0.417464,0.094,1
750,845,2,12,2,1,-12.5946,12.357,3,-0.15399,0.316983,0.094,1
750,845,2,12,3,1,-10.676,12.2114,3,-0.0259987,0.57286,0.094,1
750,849,2,14,0,-1,9.9908,12.7034,1,-0.0039875,0.0722961,0.089,1
750,849,2,14,1,0,10.8174,12.0482,4,-0.0758373,0.0251774,0.089,1
750,849,2,14,2,1,10.5861,13.4193,3,0.0170411,0.0902689,0.089,1
750,853,2,16,0,-1,-7.85706,-12.5862,1,0.240636,0.0725603,0.085,1
750,853,2,16,1,0,-6.83513,-12.5043,4,0.239751,-0.0363457,0.085,1
750,853,2,16,2,1,-8.0416,-11.7905,3,0.332771,0.120519,0.085,1
750,853,2,16,3,1,-7.80136,-13.402,3,0.207821,0.0678224,0.085,1
750,855,2,16,0,-1,-6.58,4.7726,1,0.342148,-0.120042,0.094,0
750,857,2,12,0,-1,-7.98969,8.86364,1,-0.256735,-0.664251,0.094,1
750,857,2,12,1,0,-8.56688,8.06026,4,-0.735511,-0.400595,0.094,1
750,857,2,12,2,1,-7.25134,8.28218,3,-0.685185,-0.997396,0.094,1
750,857,2,12,3,1,-8.86172,9.38189,3,0.0339202,-0.244395,0.094,1
750,860,2,17,0,-1,4.21878,-1.31634,1,-0.0557933,0.363839,0.088,1
750,860,2,17,1,0,3.55554,-0.547465,4,-0.214491,0.267162,0.088,1
750,860,2,17,2,1,3.37106,-1.95656,3,0.271995,0.219951,0.088,1
750,860,2,17,3,1,4.95902,-0.601514,3,-0.161491,1.00077,0.088,1
750,864,2,17,0,-1,-8.489,-8.01379,1,0.0491356,-0.381742,0.094,1
750,864,2,17,1,0,-9.24187,-8.88706,4,-0.296164,-0.0926513,0.094,1
750,864,2,17,2,1,-7.85262,-9.11654,3,-0.403899,-0.528002,0.094,1
750,864,2,17,3,1,-9.24183,-7.58136,3,0.156987,-0.120557,0.094,1
750,867,2,16,0,-1,12.8427,-8.59815,1,-0.0131883,0.142508,0.087,1
750,867,2,16,1,0,13.2019,-7.60277,4,-0.188265,0.207295,0.087,1
750,867,2,16,2,1,11.9825,-8.27524,3,-0.252041,0.310031,0.087,1
750,867,2,16,3,1,13.6651,-8.82731,3,0.0196667,0.284916,0.087,1
750,871,2,17,0,-1,11.3763,-6.78881,1,-0.00750819,0.551088,0.084,1
750,871,2,17,1,0,11.464,-5.81622,4,-0.127794,0.523897,0.084,1
750,871,2,17,2,1,10.5911,-6.95316,3,-0.441086,0.767077,0.084,1
750,871,2,17,3,1,12.2816,-6.8336,3,-0.333559,0.385263,0.084,1
750,872,28,16,0,-1,2.71001,12.234,1,-0.73947,0.290633,0.114,0
750,872,28,16,1,0,3.47482,11.0448,3,-0.270234,0.587081,0.114,0
750,873,2,18,0,-1,1.86033,-13.6695,1,0.650258,-0.915232,0.086,1
750,873,2,18,1,0,1.57075,-14.7404,4,-0.200036,-0.618524,0.086,1
750,873,2,18,2,1,2.93078,-14.3925,3,0.0657499,-1.37774,0.086,1
750,873,2,18,3,1,0.793166,-13.5788,3,0.620042,-0.0318355,0.086,1
750,875,2,12,0,-1,-16.3366,10.2528,1,-0.0326378,0.0664624,0.094,1
750,875,2,12,1,0,-15.3966,10.0128,4,0.00613912,0.162553,0.094,1
750,875,2,12,2,1,-16.1576,11.1468,3,-0.25893,0.0177674,0.094,1
750,875,2,12,3,1,-16.517,9.32649,3,0.069136,0.0816766,0.094,1
750,877,2,17,0,-1,6.31225,-2.25537,1,0.127634,0.0813849,0.088,1
750,877,2,17,1,0,7.28402,-1.87111,4,0.163201,0.0294383,0.088,1
750,877,2,17,2,1,6.01827,-1.26538,3,0.174822,0.0208781,0.088,1
750,879,2,15,0,-1,1.33716,2.7827,1,-0.148862,0.0818155,0.09,0
750,879,2,15,1,0,0.421598,2.25257,4,-0.382479,0.456157,0.09,0
750,879,2,15,2,1,1.70431,1.68362,3,-0.597947,-0.0499588,0.09,0
750,880,2,12,0,-1,-15.1871,8.29751,1,-0.201392,-0.271396,0.097,1
750,880,2,12,1,0,-16.1618,8.35106,4,-0.188562,-0.305673,0.097,1
750,880,2,12,2,1,-15.2266,7.33614,3,-0.0677627,-0.195395,0.097,1
750,880,2,12,3,1,-15.2133,9.23638,3,-0.250436,-0.19112,0.097,1
750,882,2,18,0,-1,-5.81726,-10.3394,1,0.426801,-0.272074,0.087,0
750,882,2,18,1,0,-5.77792,-11.3822,4,0.416618,-0.359513,0.087,0
750,882,2,18,2,1,-4.87951,-10.2688,3,0.708218,-0.623531,0.087,0
750,884,2,16,0,-1,14.8504,-7.44695,1,0.0816465,0.126538,0.085,1
750,884,2,16,1,0,13.9138,-6.92717,4,0.0387329,0.161872,0.085,1
750,884,2,16,2,1,14.2427,-8.27823,3,0.0698414,0.198391,0.085,1
750,884,2,16,3,1,15.1855,-6.63561,3,-0.018143,0.298669,0.085,1
750,885,2,13,0,-1,-5.68505,8.31857,1,-0.100079,-0.383838,0.095,1
750,885,2,13,1,0,-6.58171,8.1095,4,-0.0888314,-0.362154,0.095,1
750,885,2,13,2,1,-5.40724,7.41215,3,0.13838,-0.100067,0.095,1
750,885,2,13,3,1,-5.67604,9.08105,3,-0.167853,-0.28186,0.095,1
750,887,2,15,0,-1,9.74925,13.4777,1,-0.361965,-0.060333,0.09,0
750,889,2,16,0,-1,13.994,11.6834,1,0.211246,-0.145774,0.091,1
750,889,2,16,1,0,14.8233,12.3239,7,0.192485,-0.190855,0.091,1
750,889,2,16,2,1,13.4401,12.5359,3,0.180789,-0.117892,0.091,1
750,890,2,17,0,-1,-7.39317,-11.9039,1,0.289369,0.0133199,0.084,0
750,890,2,17,1,0,-8.06438,-11.0584,4,0.441329,0.159866,0.084,0
750,891,2,17,0,-1,4.05415,3.10475,1,0.079483,-0.396114,0.089,1
750,891,2,17,1,0,4.6552,2.24463,4,0.0288438,-0.461237,0.089,1
750,891,2,17,2,1,4.96086,3.6171,3,0.147929,-0.505965,0.089,1
750,891,2,17,3,1,3.33518,2.5004,3,0.0587327,-0.457343,0.089,1
750,892,2,19,0,-1,-11.3234,-9.07017,1,-0.240588,-0.115933,0.085,0
750,896,2,13,0,-1,-9.41616,13.4733,1,-0.213096,0.345324,0.094,1
750,896,2,13,1,0,-9.82193,14.3595,4,-0.492523,0.240253,0.094,1
750,896,2,13,2,1,-10.2436,13.0447,3,-0.188109,0.147679,0.094,1
750,896,2,13,3,1,-8.57028,13.9882,3,-0.353203,0.733023,0.094,1
750,897,2,18,0,-1,-8.39112,-7.21063,1,-0.132491,-0.36858,0.093,0
750,900,2,18,0,-1,-3.64208,2.25743,1,-0.675011,0.248874,0.088,1
750,900,2,18,1,0,-3.88092,3.28395,4,-0.0744039,0.3817,0.088,1
750,900,2,18,2,1,-4.79938,2.21539,3,-0.592503,0.828095,0.088,1
750,900,2,18,3,1,-2.66065,2.6567,3,-0.477225,-0.395086,0.088,1
750,902,2,17,0,-1,14.0465,10.8751,1,-0.0893373,-0.135334,0.09,0
750,902,2,17,1,0,14.3734,9.87229,7,0.369064,0.0367487,0.09,0
750,904,2,18,0,-1,10.7535,-6.19351,1,-0.0110491,0.532568,0.084,0
750,904,2,18,1,0,11.1498,-5.20764,4,0.288984,0.436533,0.084,0
750,904,2,18,2,1,9.77368,-5.4631,3,0.281587,0.780486,0.084,0
750,905,2,16,0,-1,12.7643,-16.6395,1,0.362769,0.121224,0.087,1
750,905,2,16,1,0,13.4034,-15.811,4,0.441988,0.0624403,0.087,1
750,905,2,16,2,1,12.0301,-16.0476,3,0.389267,0.228012,0.087,1
750,905,2,16,3,1,13.4372,-17.1971,3,0.378766,0.0817859,0.087,1
750,907,2,15,0,-1,15.9973,12.0896,1,0.00111701,-0.0136172,0.089,0
750,910,2,12,0,-1,-3.68492,13.1359,1,0.346636,0.0347095,0.097,1
750,910,2,12,1,0,-2.80792,12.7081,4,0.342538,0.0198144,0.097,1
750,910,2,12,2,1,-3.33099,13.9766,3,0.622346,0.147323,0.097,1
750,910,2,12,3,1,-4.01221,12.1923,3,0.39091,-0.103588,0.097,1
750,911,2,17,0,-1,15.6271,-7.73182,1,0.0495422,-0.0658008,0.084,0
750,911,2,17,1,0,15.4929,-8.78887,4,-0.712904,0.0289781,0.084,0
750,911,2,17,2,1,16.7117,-8.10097,3,-0.184278,-0.890866,0.084,0
750,913,2,14,0,-1,-6.36226,8.84355,1,-0.172197,-0.515243,0.096,0
750,913,2,14,1,0,-5.98447,9.74928,4,-0.627052,-0.316312,0.096,0
750,918,2,17,0,-1,12.387,-9.26975,1,-0.298676,0.344573,0.086,0
750,920,2,17,0,-1,12.244,12.2574,1,0.588129,0.137646,0.09,1
750,920,2,17,1,0,12.7769,13.1563,4,0.198352,0.384171,0.09,1
750,920,2,17,2,1,11.3927,12.8943,3,0.268625,0.118373,0.09,1
750,920,2,17,3,1,13.1879,11.8546,3,0.22047,0.382883,0.09,1
750,921,2,13,0,-1,-8.78364,8.72024,1,-0.322103,-0.123757,0.093,0
750,923,2,19,0,-1,-2.43275,-15.6327,1,0.337231,-0.65154,0.084,0
750,923,2,19,1,0,-2.03937,-14.6212,4,0.78004,-0.856792,0.084,0
750,924,2,18,0,-1,4.36229,-0.518111,1,-0.452039,0.413321,0.089,0
750,924,2,18,1,0,4.13208,0.494931,4,-0.484999,0.458915,0.089,0
780,539,2,13,0,-1,-14.5917,-18.6545,1,0.276945,0.0504841,0.093,1
780,744,2,14,0,-1,3.70897,1.48167,1,-0.283675,-0.295163,0.089,1
780,744,2,14,1,0,2.64704,1.36301,4,-0.295473,-0.287,0.089,1
780,744,2,14,2,1,3.60545,0.34559,3,-0.174236,-0.143843,0.089,1
780,744,2,14,3,1,3.40204,2.43028,3,-0.401962,-0.200469,0.089,1
780,747,2,12,0,-1,-8.61869,-9.97421,1,0.273673,0.0675316,0.095,1
780,747,2,12,1,0,-7.75801,-10.49,4,0.126051,-0.188734,0.095,1
780,747,2,12,2,1,-7.88353,-9.11742,3,0.570212,-0.178163,0.095,1
780,747,2,12,3,1,-8.95438,-11.0147,3,-0.118757,0.332998,0.095,1
780,772,2,11,0,-1,-7.07808,12.654,1,0.167985,-0.182925,0.096,1
780,772,2,11,1,0,-7.18198,11.709,4,0.0553007,-0.211857,0.096,1
780,772,2,11,2,1,-6.21301,12.692,3,0.132014,-0.316036,0.096,1
780,772,2,11,3,1,-7.8823,12.8411,3,0.0427894,-0.225088,0.096,1
780,799,2,15,0,-1,-8.74593,10.5918,1,0.374057,-0.298771,0.093,1
780,799,2,15,1,0,-7.63008,10.8769,4,0.301052,0.0208955,0.093,1
780,799,2,15,2,1,-8.72245,11.805,3,0.105566,-0.206666,0.093,1
780,799,2,15,3,1,-8.37247,9.80529,3,0.65579,-0.24279,0.093,1
780,806,2,17,0,-1,-2.97712,-22.5986,1,0.44538,-0.102497,0.086,1
780,806,2,17,1,0,-2.21367,-21.8747,4,0.123075,0.249775,0.086,1
780,806,2,17,2,1,-3.61483,-21.7776,3,0.0815808,-0.354629,0.086,1
780,806,2,17,3,1,-2.21059,-23.197,3,0.868928,0.247275,0.086,1
780,812,2,18,0,-1,-10.4883,-15.5271,1,-0.366328,0.489347,0.085,1
780,812,2,18,1,0,-10.9644,-14.5599,4,-0.229969,0.524878,0.085,1
780,812,2,18,2,1,-11.495,-15.8576,3,-0.354269,0.584281,0.085,1
780,812,2,18,3,1,-9.68863,-14.9864,3,-0.27044,0.51921,0.085,1
780,812,2,18,4,0,-11.1032,-16.7858,3,-0.474269,0.53222,0.085,1
780,812,2,18,5,0,-9.20821,-15.9559,3,-0.438603,0.324345,0.085,1
780,817,2,16,0,-1,-0.852748,-9.71508,1,0.0559596,-0.273425,0.094,1
780,817,2,16,1,0,-0.235837,-10.6871,4,-0.101737,-0.391719,0.094,1
780,817,2,16,2,1,0.127564,-9.35169,3,0.0232035,-0.41919,0.094,1
780,817,2,16,3,1,-1.47527,-10.2585,3,-0.0282129,-0.217027,0.094,1
780,820,2,15,0,-1,3.7678,-8.45445,1,0.194276,0.424663,0.086,1
780,820,2,15,1,0,3.85049,-7.40569,4,-0.0328762,0.4408,0.086,1
780,820,2,15,2,1,2.74964,-8.26522,3,0.138285,0.202255,0.086,1
780,820,2,15,3,1,4.69629,-8.41845,3,0.166527,0.624033,0.086,1
780,825,2,16,0,-1,17.248,8.16187,1,0.19694,-0.0528511,0.089,1
780,825,2,16,1,0,18.2618,7.87144,4,0.193326,-0.0679951,0.089,1
780,825,2,16,2,1,17.685,9.14654,3,0.248277,-0.0592186,0.089,1
780,825,2,16,3,1,17.0787,7.21066,3,0.177103,-0.0655334,0.089,1
780,828,2,18,0,-1,-17.4321,-15.3359,1,-0.631757,0.0634315,0.086,1
780,828,2,18,1,0,-18.037,-14.4686,4,-0.0964722,0.471241,0.086,1
780,828,2,18,2,1,-18.4419,-15.8104,3,-1.14242,0.780104,0.086,1
780,828,2,18,3,1,-16.7224,-14.6704,3,-0.246313,-0.369038,0.086,1
780,829,2,16,0,-1,10.4236,-5.79982,1,-0.443381,-0.21618,0.085,1
780,829,2,16,1,0,10.1917,-6.82503,4,-0.47967,-0.216275,0.085,1
780,829,2,16,2,1,11.379,-6.11356,3,-0.57095,-0.0970785,0.085,1
780,829,2,16,3,1,9.55057,-5.67111,3,-0.328085,-0.141902,0.085,1
780,832,2,17,0,-1,11.2836,-19.814,1,0.358128,0.32874,0.087,1
780,832,2,17,1,0,11.4612,-18.7486,4,0.280382,0.287212,0.087,1
780,832,2,17,2,1,10.2608,-19.4514,3,0.288017,0.254066,0.087,1
780,832,2,17,3,1,12.2365,-19.8431,3,0.3684,0.446862,0.087,1
780,849,2,14,0,-1,9.89923,13.0636,1,0.0205985,-0.00749211,0.089,1
780,849,2,14,1,0,10.3706,12.1307,4,-0.025289,-0.0395036,0.089,1
780,849,2,14,2,1,10.7704,13.4683,3,0.0606839,-0.0912625,0.089,1
780,857,2,12,0,-1,-12.8374,8.71497,1,-0.034126,-0.0421776,0.094,1
780,857,2,12,1,0,-12.4018,7.83833,4,-0.0519991,-0.0634308,0.094,1
780,857,2,12,2,1,-12.1444,9.2013,3,0.0103952,-0.0616313,0.094,1
780,857,2,12,3,1,-13.765,7.64328,3,-0.0293468,-0.203279,0.094,1
780,860,2,17,0,-1,-4.16326,-3.75099,1,-0.125458,-0.256656,0.088,1
780,860,2,17,1,0,-4.64425,-4.68996,4,-0.352728,-0.158411,0.088,1
780,860,2,17,2,1,-3.26721,-4.43708,3,-0.277393,-0.575499,0.088,1
780,860,2,17,3,1,-5.10409,-3.41315,3,-0.231679,-0.12702,0.088,1
780,864,2,17,0,-1,-16.0671,-18.4336,1,0.0996652,-0.660741,0.094,1
780,864,2,17,1,0,-15.2004,-19.1929,4,0.415399,-0.260875,0.094,1
780,864,2,17,2,1,-15.0892,-17.7894,3,-0.300515,-0.195903,0.094,1
780,864,2,17,3,1,-16.499,-19.2209,3,0.399959,-0.61399,0.094,1
780,867,2,16,0,-1,4.84945,-13.5124,1,-0.473386,-0.229427,0.087,1
780,867,2,16,1,0,3.92295,-13.9375,4,-0.468561,0.000961491,0.087,1
780,867,2,16,2,1,5.20404,-14.4798,3,-0.392874,0.16308,0.087,1
780,867,2,16,3,1,4.67572,-12.8104,3,-0.0574101,-0.194327,0.087,1
780,875,2,12,0,-1,-11.4309,9.50355,1,-0.158483,-0.00651049,0.094,1
780,875,2,12,1,0,-12.2857,9.97335,4,-0.180195,-0.0346765,0.094,1
780,875,2,12,2,1,-11.9942,8.5989,3,-0.00498531,0.0118239,0.094,1
780,875,2,12,3,1,-11.0314,10.3524,3,-0.196953,0.0253068,0.094,1
780,879,2,15,0,-1,0.292505,4.30083,1,0.176613,0.263842,0.09,1
780,879,2,15,1,0,0.757587,3.36871,4,0.262326,0.309734,0.09,1
780,879,2,15,2,1,1.25973,4.67115,3,0.281275,0.274259,0.09,1
780,879,2,15,3,1,-0.459828,3.9128,3,0.305,0.36534,0.09,1
780,884,2,16,0,-1,11.2035,-13.3842,1,0.303985,-0.0739812,0.085,1
780,884,2,16,1,0,12.2303,-13.7535,4,0.343227,0.0739477,0.085,1
780,884,2,16,2,1,11.4767,-12.6195,3,0.0470684,-0.0949608,0.085,1
780,884,2,16,3,1,11.0977,-14.3774,3,0.46729,-0.179476,0.085,1
780,885,2,13,0,-1,-9.53654,8.18534,1,-0.0857124,-0.247198,0.095,1
780,885,2,13,1,0,-10.5099,8.22124,4,-0.0797745,0.0441544,0.095,1
780,885,2,13,2,1,-9.57885,7.22818,3,-0.437434,-0.275611,0.095,1
780,885,2,13,3,1,-9.45564,9.05439,3,0.110458,-0.192891,0.095,1
780,887,2,15,0,-1,9.10121,13.0147,1,0.0180542,0.00173301,0.09,0
780,891,2,17,0,-1,0.298408,-1.40135,1,0.00609023,0.0666763,0.089,1
780,891,2,17,1,0,0.582741,-0.384236,4,-0.158432,0.195666,0.089,1
780,891,2,17,2,1,-0.618868,-1.08248,3,-0.37875,0.45637,0.089,1
780,891,2,17,3,1,1.19304,-1.62964,3,0.394322,0.449304,0.089,1
780,892,2,19,0,-1,-11.273,-13.4211,1,-0.0890697,0.407406,0.085,1
780,892,2,19,1,0,-11.7654,-12.4683,4,-0.559432,0.188375,0.085,1
780,892,2,19,2,1,-12.3425,-13.8011,3,0.0239988,-0.0614849,0.085,1
780,892,2,19,3,1,-10.5074,-12.772,3,-0.452492,0.730785,0.085,1
780,897,2,18,0,-1,-11.564,-7.25237,1,0.000518286,-0.000646048,0.093,1
780,897,2,18,1,0,-10.6409,-6.58782,4,-0.00112701,0.00164746,0.093,1
780,897,2,18,2,1,-11.0122,-7.8504,3,0.0020299,0.000724492,0.093,1
780,900,2,18,0,-1,0.130479,7.28264,1,0.377475,0.572285,0.088,1
780,900,2,18,1,0,1.18902,7.25832,4,0.376009,-0.0572086,0.088,1
780,900,2,18,2,1,0.458034,8.46323,3,1.23287,0.473054,0.088,1
780,900,2,18,3,1,0.281852,6.23562,3,-0.139159,0.390753,0.088,1
780,905,2,16,0,-1,11.8549,-15.8346,1,0.343886,-0.914343,0.087,1
780,905,2,16,1,0,12.9656,-15.658,4,0.434138,0.0542332,0.087,1
780,905,2,16,2,1,11.9129,-14.7685,3,0.317882,-0.210044,0.087,1
780,905,2,16,3,1,12.0732,-16.6204,3,1.12841,-0.292042,0.087,1
780,911,2,17,0,-1,10.7717,-12.6522,1,0.220453,-0.092146,0.084,0
780,911,2,17,1,0,11.5361,-11.8876,4,0.0852688,0.0462971,0.084,0
780,911,2,17,2,1,10.1497,-11.7331,3,0.0415753,-0.113655,0.084,0
780,913,2,14,0,-1,-10.1089,8.76276,1,0.137706,-0.00706124,0.096,0
780,913,2,14,1,0,-10.4698,9.65723,4,0.0878364,-0.00989206,0.096,0
780,918,2,17,0,-1,5.88402,-8.14282,1,0.228203,0.544169,0.086,1
780,918,2,17,1,0,6.92732,-8.3085,4,0.138397,-0.0841305,0.086,1
780,918,2,17,2,1,6.24929,-7.06746,3,0.791097,0.229493,0.086,1
780,918,2,17,3,1,5.93326,-9.18369,3,-0.372648,0.550729,0.086,1
780,921,2,13,0,-1,-13.9634,8.18397,1,0.0665545,-0.232591,0.093,1
780,921,2,13,1,0,-13.221,7.45004,4,0.0136887,-0.204113,0.093,1
780,921,2,13,2,1,-13.5641,8.85264,3,-6.04017e-05,-0.186262,0.093,1
780,921,2,13,3,1,-14.5352,7.32828,3,-0.0204952,-0.123074,0.093,1
780,924,2,18,0,-1,1.23441,2.83191,1,-0.0431746,0.0642681,0.089,1
780,924,2,18,1,0,1.48689,3.86359,4,0.269191,0.0178215,0.089,1
780,924,2,18,2,1,0.124834,3.49072,3,0.237132,0.194319,0.089,1
780,924,2,18,3,1,2.2002,2.70664,3,-0.205839,-0.283209,0.089,1
780,929,2,16,0,-1,-2.70489,1.90792,1,-0.226468,-0.374509,0.09,1
780,929,2,16,1,0,-2.84615,0.868105,4,0.151781,-0.436711,0.09,1
780,929,2,16,2,1,-1.70162,1.68217,3,-0.0953203,-0.0875169,0.09,1
780,929,2,16,3,1,-3.56516,1.95735,3,-0.353704,-0.7821,0.09,1
780,931,2,12,0,-1,-7.76127,12.1744,1,0.156138,-0.104435,0.097,0
780,931,2,12,1,0,-8.63735,12.6232,4,0.110577,-0.174669,0.097,0
780,931,2,12,2,1,-8.20417,11.3113,3,0.179707,-0.151735,0.097,0
780,932,2,17,0,-1,16.4673,8.36648,1,0.189907,-0.0795416,0.088,0
780,932,2,17,1,0,15.939,9.22774,4,0.204246,-0.0710586,0.088,0
780,932,2,17,2,1,15.55,7.87846,3,0.185182,-0.0655619,0.088,0
780,934,2,17,0,-1,13.2751,-7.74884,1,-0.418742,0.663863,0.086,1
780,934,2,17,1,0,12.2136,-7.70672,4,-0.452963,-0.0931215,0.086,1
780,934,2,17,2,1,13.0377,-8.85201,3,0.312821,0.44374,0.086,1
780,934,2,17,3,1,13.0832,-6.71226,3,-1.19526,0.56663,0.086,1
780,936,2,15,0,-1,3.16972,7.48121,1,0.53951,-0.0829097,0.088,1
780,936,2,15,1,0,3.7828,6.60877,4,0.342722,-0.165955,0.088,1
780,936,2,15,2,1,4.22592,7.93038,3,0.448885,-0.220402,0.088,1
780,936,2,15,3,1,2.58206,6.85063,3,0.369093,0.19517,0.088,1
780,938,2,13,0,-1,-11.1,8.77969,1,0.0781217,0.100404,0.094,0
780,938,2,13,1,0,-11.466,7.88194,4,0.090262,0.0910916,0.094,0
780,940,2,18,0,-1,-4.49321,-3.01449,1,-0.104346,-0.247822,0.089,0
780,942,2,18,0,-1,-9.01121,-13.0598,1,-0.0772626,0.339705,0.093,1
780,942,2,18,1,0,-9.8833,-12.3238,4,0.153469,0.623204,0.093,1
780,942,2,18,2,1,-9.99969,-13.7326,3,-0.489868,0.723532,0.093,1
780,942,2,18,3,1,-8.58064,-12.3355,3,0.202045,0.23874,0.093,1
780,943,2,17,0,-1,9.6623,-15.4339,1,0.132627,-0.0353444,0.086,1
780,943,2,17,1,0,10.5984,-15.9555,4,0.145721,0.0833566,0.086,1
780,943,2,17,2,1,10.3307,-14.5925,3,0.27653,0.076395,0.086,1
780,943,2,17,3,1,9.28992,-16.4091,3,0.242918,-0.128592,0.086,1
780,945,2,18,0,-1,0.963179,-0.97244,1,-0.189954,0.382562,0.088,0
780,945,2,18,1,0,1.20737,0.0374692,4,0.188361,0.263451,0.088,0
780,945,2,18,2,1,-0.126875,-0.476391,3,0.26063,0.154633,0.088,0
780,946,2,13,0,-1,-9.37511,-9.62922,1,0.402097,0.348928,0.096,0
780,946,2,13,1,0,-8.60834,-9.07014,4,0.453567,0.294763,0.096,0
780,946,2,13,2,1,-9.96511,-8.8573,3,0.462496,0.567772,0.096,0
780,948,2,17,0,-1,-1.25092,-9.00317,1,-0.456604,-0.551311,0.095,0
780,949,2,17,0,-1,4.08352,-13.1478,1,-0.438983,-0.036257,0.086,0
780,949,2,17,1,0,4.38411,-12.1158,4,-0.33168,-0.138737,0.086,0
780,951,2,20,0,-1,-11.6032,-14.1708,1,0.263265,0.267707,0.084,0
780,951,2,20,1,0,-12.2519,-15.0099,4,0.833506,-0.146234,0.084,0
780,952,2,19,0,-1,3.58176,4.3477,1,0.588638,0.563219,0.09,1
780,952,2,19,1,0,3.34791,5.38947,4,-0.144807,0.396169,0.09,1
780,952,2,19,2,1,2.32415,4.41398,3,0.341178,-0.154497,0.09,1
780,952,2,19,3,1,4.62919,4.90837,3,0.20896,1.29489,0.09,1
780,953,2,14,0,-1,-13.169,8.15215,1,0.0770526,-0.0455136,0.093,0
780,955,2,16,0,-1,3.01303,8.2809,1,0.937488,-0.0386504,0.087,0
780,957,2,15,0,-1,4.44968,1.12949,1,0.00763879,0.266285,0.088,0
780,958,29,18,0,-1,-15.9546,-17.6309,1,-0.314185,-0.610557,0.119,0
780,958,29,18,1,0,-17.2032,-16.9926,3,0.0197997,0.0785295,0.119,0
780,959,2,17,0,-1,11.5129,-16.6806,1,0.359386,-0.620021,0.088,0
780,959,2,17,1,0,10.4695,-16.8918,4,0.635153,-0.224705,0.088,0
780,959,2,17,2,1,11.268,-18.0613,3,1.3668,0.690794,0.088,0
810,744,2,14,0,-1,3.36049,2.18543,1,0.133189,0.149703,0.089,1
810,744,2,14,1,0,3.08322,3.21006,4,0.562512,0.254204,0.089,1
810,744,2,14,2,1,2.23766,2.09184,3,0.481191,0.325942,0.089,1
810,744,2,14,3,1,4.16888,2.47122,3,0.326923,-0.102326,0.089,1
810,747,2,12,0,-1,-0.809301,-17.7256,1,0.288844,-0.392118,0.095,1
810,747,2,12,1,0,-0.349349,-18.5861,4,0.395684,-0.34064,0.095,1
810,747,2,12,2,1,-0.0026634,-17.2567,3,0.289662,-0.312947,0.095,1
810,747,2,12,3,1,-1.62457,-18.2822,3,0.351866,-0.554186,0.095,1
810,817,2,16,0,-1,10.591,-7.2494,1,0.208857,0.301882,0.094,1
810,817,2,16,1,0,10.6314,-6.11702,4,-0.0538104,0.284659,0.094,1
810,817,2,16,2,1,9.66551,-7.12677,3,0.0074142,0.225619,0.094,1
810,817,2,16,3,1,11.3255,-7.23168,3,0.251073,0.430999,0.094,1
810,820,2,15,0,-1,-0.1516,0.910473,1,0.0919184,0.348476,0.086,1
810,820,2,15,1,0,0.110912,1.93469,4,-0.20605,0.421191,0.086,1
810,820,2,15,2,1,-1.12323,1.27532,3,-0.0303929,0.074605,0.086,1
810,820,2,15,3,1,0.805043,0.826268,3,0.107171,0.609637,0.086,1
810,828,2,18,0,-1,-21.9692,-8.04083,1,-0.43069,-0.084082,0.086,1
810,828,2,18,1,0,-22.9463,-7.65328,4,-0.332784,0.164135,0.086,1
810,828,2,18,2,1,-22.4259,-8.95014,3,-0.662515,0.0314086,0.086,1
810,828,2,18,3,1,-21.7276,-7.15061,3,-0.20875,-0.142162,0.086,1
810,829,2,16,0,-1,10.7088,-10.4287,1,0.560625,-0.364225,0.085,1
810,829,2,16,1,0,11.7349,-10.6848,4,0.654741,0.0844379,0.085,1
810,829,2,16,2,1,11.0863,-9.44136,3,0.121785,-0.168308,0.085,1
810,829,2,16,3,1,10.6572,-11.4369,3,0.925821,-0.326458,0.085,1
810,849,2,14,0,-1,6.97244,12.1473,1,-0.0147855,0.00438127,0.089,1
810,849,2,14,1,0,7.78689,12.802,4,-0.0125079,-5.96718e-05,0.089,1
810,849,2,14,2,1,6.40093,13.0191,3,-0.0163483,-0.024864,0.089,1
810,857,2,12,0,-1,-12.3993,7.88782,1,0.340948,-0.013273,0.094,1
810,857,2,12,1,0,-11.4206,7.83168,4,0.339834,-0.0611435,0.094,1
810,857,2,12,2,1,-12.3889,8.79431,3,0.359203,-0.0842757,0.094,1
810,857,2,12,3,1,-12.3285,6.88296,3,0.259888,0.000180026,0.094,1
810,875,2,12,0,-1,-11.4185,10.207,1,0.291505,-0.311573,0.094,1
810,875,2,12,1,0,-10.7653,9.47389,4,0.275648,-0.328682,0.094,1
810,875,2,12,2,1,-10.6653,10.8448,3,0.188851,-0.320999,0.094,1
810,875,2,12,3,1,-12.0688,9.44483,3,0.296199,-0.108533,0.094,1
810,879,2,15,0,-1,1.35528,9.72133,1,-0.663494,0.243103,0.09,1
810,879,2,15,1,0,0.327748,9.70111,4,-0.624072,0.333256,0.09,1
810,879,2,15,2,1,1.27947,8.63832,3,-0.282565,0.621741,0.09,1
810,879,2,15,3,1,1.31828,10.5732,3,-0.7774,0.52967,0.09,1
810,885,2,13,0,-1,-8.73285,9.53032,1,-0.106095,-0.542995,0.095,1
810,885,2,13,1,0,-9.58982,9.10619,4,-0.230289,-0.335123,0.095,1
810,885,2,13,2,1,-8.20734,8.8818,3,-0.277136,-0.502345,0.095,1
810,885,2,13,3,1,-9.39149,10.3924,3,-0.0359703,-0.377776,0.095,1
810,887,2,15,0,-1,12.8961,15.9553,1,-0.162456,-0.0793488,0.09,1
810,887,2,15,1,0,11.8678,15.6721,4,-0.051902,-0.266266,0.09,1
810,887,2,15,2,1,13.0873,15.0072,3,0.0643569,-0.0336574,0.09,1
810,892,2,19,0,-1,-14.3822,-0.524713,1,-0.108789,0.369745,0.085,1
810,892,2,19,1,0,-15.1651,0.176463,4,-0.230689,0.240762,0.085,1
810,892,2,19,2,1,-15.1275,-1.26646,3,0.0718485,0.277665,0.085,1
810,892,2,19,3,1,-13.8483,0.142793,3,-0.234666,0.327594,0.085,1
810,900,2,18,0,-1,0.921084,7.65734,1,0.10421,0.311438,0.088,1
810,900,2,18,1,0,0.573554,8.65231,4,-0.290118,0.18686,0.088,1
810,900,2,18,2,1,-0.179304,7.47272,3,0.197424,-0.110442,0.088,1
810,900,2,18,3,1,1.82191,8.06781,3,-0.0774927,0.668545,0.088,1
810,905,2,16,0,-1,14.1097,-7.44465,1,0.294826,-0.0420212,0.087,1
810,905,2,16,1,0,15.0099,-8.00305,4,-0.00518995,-0.424825,0.087,1
810,905,2,16,2,1,14.5553,-6.69005,3,0.806705,-0.0259579,0.087,1
810,905,2,16,3,1,13.6435,-8.22948,3,-0.101545,0.0970636,0.087,1
810,918,2,17,0,-1,10.953,-16.1936,1,-0.0880905,-0.322718,0.086,1
810,918,2,17,1,0,10.4827,-17.1183,4,-0.251462,-0.23848,0.086,1
810,918,2,17,2,1,11.8181,-16.7066,3,-0.16187,-0.510071,0.086,1
810,918,2,17,3,1,10.2172,-15.7881,3,-0.0288528,-0.197358,0.086,1
810,924,2,18,0,-1,1.60996,2.18546,1,0.093662,0.0971483,0.089,1
810,924,2,18,1,0,2.67449,2.56695,4,-0.0907977,0.653069,0.089,1
810,924,2,18,2,1,1.63108,3.45844,3,-0.337982,0.478394,0.089,1
810,924,2,18,3,1,2.57527,1.21805,3,0.646507,0.577756,0.089,1
810,934,2,17,0,-1,14.0261,-4.97301,1,-0.273378,0.446138,0.086,1
810,934,2,17,1,0,13.1088,-5.45165,4,0.00560813,-0.0973437,0.086,1
810,934,2,17,2,1,14.4901,-5.79433,3,0.156106,0.414997,0.086,1
810,934,2,17,3,1,13.4879,-4.22045,3,-0.664673,0.140463,0.086,1
810,936,2,15,0,-1,13.6103,9.00143,1,0.663621,0.570754,0.088,1
810,936,2,15,1,0,13.9475,10.0537,4,0.453437,0.678644,0.088,1
810,936,2,15,2,1,12.5861,9.7801,3,0.362431,1.07459,0.088,1
810,936,2,15,3,1,14.5254,8.99227,3,0.618128,0.568833,0.088,1
810,938,2,13,0,-1,-9.20147,12.7853,1,0.486485,0.095998,0.094,1
810,938,2,13,1,0,-8.93124,13.724,4,0.154447,0.190302,0.094,1
810,938,2,13,2,1,-10.1397,13.0632,3,0.454067,-0.308336,0.094,1
810,938,2,13,3,1,-8.204,12.6313,3,0.43812,0.387006,0.094,1
810,942,2,18,0,-1,-12.6092,0.632826,1,-0.340164,0.123655,0.093,1
810,942,2,18,1,0,-13.7012,0.971172,4,-0.22238,0.523559,0.093,1
810,942,2,18,2,1,-13.2133,-0.337121,3,-0.764015,0.349363,0.093,1
810,942,2,18,3,1,-12.4765,1.45147,3,-0.023033,0.0768348,0.093,1
810,946,2,13,0,-1,3.75656,-16.7831,1,0.0285642,-0.393364,0.096,1
810,946,2,13,1,0,3.0319,-17.4389,4,0.0589028,-0.407357,0.096,1
810,946,2,13,2,1,4.40949,-17.4318,3,0.0616677,-0.405329,0.096,1
810,946,2,13,3,1,2.91483,-16.0964,3,0.166922,-0.402914,0.096,1
810,948,2,17,0,-1,8.21787,-6.03274,1,0.264198,0.326033,0.095,1
810,948,2,17,1,0,9.2091,-5.46418,4,0.460186,-0.0228611,0.095,1
810,948,2,17,2,1,7.9393,-4.88624,3,0.719566,0.577396,0.095,1
810,948,2,17,3,1,8.70381,-6.68149,3,0.00935847,0.153053,0.095,1
810,951,2,20,0,-1,-14.0539,-9.56499,1,-0.0131605,-0.572447,0.084,1
810,951,2,20,1,0,-14.1072,-10.6353,4,-0.456228,-0.433047,0.084,1
810,951,2,20,2,1,-12.9752,-9.7039,3,-0.00424779,-0.479235,0.084,1
810,951,2,20,3,1,-15.011,-9.67476,3,0.0383175,0.0720999,0.084,1
810,952,2,19,0,-1,3.34151,9.14076,1,-0.115911,0.377162,0.09,1
810,952,2,19,1,0,2.90324,10.1152,4,0.215694,0.490879,0.09,1
810,952,2,19,2,1,2.29855,8.86908,3,-0.0920513,0.65758,0.09,1
810,952,2,19,3,1,4.17214,9.66384,3,0.0987141,-0.00572861,0.09,1
810,955,2,16,0,-1,5.94177,9.82701,1,0.285467,0.623173,0.087,1
810,955,2,16,1,0,5.93035,10.8874,4,-0.180063,0.623168,0.087,1
810,955,2,16,2,1,4.89302,9.958,3,0.108735,0.274178,0.087,1
810,955,2,16,3,1,6.76712,10.0011,3,0.166852,0.959925,0.087,1
810,957,2,15,0,-1,3.76397,1.4981,1,-0.309797,-0.137419,0.088,0
810,957,2,15,1,0,4.80464,1.43199,4,-0.30561,0.0973633,0.088,0
810,964,30,18,0,-1,10.1878,-16.4775,1,-0.145524,-0.172598,0.111,0
810,966,31,17,0,-1,12.9978,-2.81139,1,0.0990534,0.406007,0.06,1
810,966,31,17,1,0,13.894,-2.24831,4,0.205081,0.342265,0.06,1
810,966,31,17,2,1,12.5128,-1.84424,3,0.252681,0.479553,0.06,1
810,966,31,17,3,1,13.5086,-3.4779,3,-0.14227,0.472291,0.06,1
810,966,31,17,4,0,14.0488,-2.93123,1,0.0477269,0.292133,0.06,1
810,966,31,17,5,4,15.0583,-2.85467,1,0.0112588,0.234182,0.06,1
810,966,31,17,6,5,16.1064,-2.73306,4,-0.0272576,0.328318,0.06,1
810,966,31,17,7,6,14.9202,-2.00042,3,-0.176118,0.107186,0.06,1
810,966,31,17,8,6,15.2863,-3.75983,3,0.199098,0.131423,0.06,1
810,967,2,20,0,-1,3.07583,8.37111,1,-0.0401128,0.372071,0.091,0
810,967,2,20,1,0,2.98548,7.32223,4,-0.180704,0.400588,0.091,0
810,973,2,18,0,-1,13.756,-5.75536,1,-0.0718063,0.374533,0.087,0
810,973,2,18,1,0,12.7205,-6.0248,4,0.00736926,-0.196898,0.087,0
810,977,2,19,0,-1,-9.66545,-13.4229,1,0.901589,-0.433612,0.092,1
810,977,2,19,1,0,-8.82255,-12.6262,4,0.447308,0.0775392,0.092,1
810,977,2,19,2,1,-10.1643,-12.1976,3,0.230577,-0.597749,0.092,1
810,977,2,19,3,1,-8.80137,-13.9349,3,1.3103,0.100471,0.092,1
810,978,2,21,0,-1,-14.6172,-8.96193,1,0.488769,-0.103253,0.085,0
810,978,2,21,1,0,-15.6664,-8.81293,4,0.558364,0.386578,0.085,0
810,981,2,20,0,-1,-11.8217,-6.07931,1,0.559576,-0.269256,0.086,1
810,981,2,20,1,0,-10.9897,-6.72815,4,0.76711,-0.00702546,0.086,1
810,981,2,20,2,1,-11.0859,-5.27648,3,0.345373,-0.0292923,0.086,1
810,981,2,20,3,1,-12.2822,-6.93735,3,0.834969,-0.457652,0.086,1
810,984,2,14,0,-1,-12.7509,16.3582,1,0.0112082,-0.205948,0.095,1
810,984,2,14,1,0,-12.8809,15.3935,4,0.00841644,-0.196246,0.095,1
810,984,2,14,2,1,-11.8391,16.2904,3,0.166234,-0.377698,0.095,1
810,984,2,14,3,1,-13.7433,16.3837,3,-0.131409,-0.287046,0.095,1
810,985,2,13,0,-1,-13.2039,7.9663,1,0.350285,0.0443449,0.093,0
810,985,2,13,1,0,-14.1717,8.08673,4,0.308516,-0.323962,0.093,0
810,986,2,20,0,-1,-12.1354,-10.2605,1,-0.0410186,0.41751,0.092,1
810,986,2,20,1,0,-12.0489,-9.12723,4,0.431904,0.251804,0.092,1
810,986,2,20,2,1,-13.1232,-10.0478,3,-0.235665,0.744399,0.092,1
810,986,2,20,3,1,-11.3162,-10.2361,3,-0.122943,-0.160984,0.092,1
810,987,2,13,0,-1,-5.71701,-20.6685,1,0.0669672,-0.5884,0.096,1
810,987,2,13,1,0,-4.7401,-20.6965,4,0.202031,0.00574891,0.096,1
810,987,2,13,2,1,-5.6753,-19.6751,3,-0.296997,-0.548098,0.096,1
810,987,2,13,3,1,-5.57562,-21.7676,3,0.725847,-0.330401,0.096,1
810,988,2,19,0,-1,1.12143,2.8181,1,-0.129181,-0.000757067,0.088,0
810,988,2,19,1,0,0.750519,3.7943,4,-0.415757,-0.0832157,0.088,0
810,990,31,18,0,-1,13.1682,-2.03647,1,0.230753,0.325373,0.06,0
810,990,31,18,1,0,12.6284,-1.12081,4,0.484751,0.420226,0.06,0
810,990,31,18,2,1,12.1112,-2.44902,3,0.338319,0.455249,0.06,0
810,990,31,18,3,1,13.8987,-1.46923,3,0.412658,0.141315,0.06,0
810,991,2,14,0,-1,-8.99707,8.72945,1,-0.308787,-0.460251,0.096,0
810,991,2,14,1,0,-9.95268,8.41961,4,-0.384843,-0.190078,0.096,0
810,991,2,14,2,1,-8.74506,7.76846,3,-0.533304,-0.513109,0.096,0
810,992,2,15,0,-1,7.69553,11.7903,1,0.0303236,0.110944,0.09,0
810,992,2,15,1,0,8.37037,10.9877,4,-0.0996687,0.00879622,0.09,0
810,994,2,14,0,-1,-5.10972,-21.2062,1,0.365192,-0.148538,0.097,0
810,995,2,14,0,-1,2.96649,-16.7327,1,0.0217358,-0.358219,0.095,0
810,996,2,13,0,-1,-11.5407,11.0065,1,-0.0409837,-0.343005,0.095,0
810,996,2,13,1,0,-11.7081,11.9677,4,0.206806,-0.286733,0.095,0
810,998,2,17,0,-1,10.194,-7.93585,1,0.33087,0.262671,0.093,0
810,999,2,13,0,-1,-0.817713,-16.923,1,0.243792,-0.393838,0.096,0
810,1000,2,16,0,-1,13.9235,8.19096,1,-0.624278,-0.0576905,0.088,0
810,1001,2,16,0,-1,12.258,16.4284,1,0.152581,0.380895,0.09,0
840,744,2,14,0,-1,10.575,9.53463,1,0.210583,0.312729,0.089,1
840,744,2,14,1,0,10.7941,10.5546,4,-0.0312974,0.379813,0.089,1
840,744,2,14,2,1,9.51682,9.94218,3,0.106133,0.173525,0.089,1
840,744,2,14,3,1,11.3748,9.36202,3,0.419289,0.60698,0.089,1
840,747,2,12,0,-1,1.46684,-16.9711,1,0.246409,-0.157135,0.095,1
840,747,2,12,1,0,2.33307,-16.5165,4,0.355487,-0.355266,0.095,1
840,747,2,12,2,1,0.976547,-16.2351,3,0.428473,-0.0367008,0.095,1
840,747,2,12,3,1,1.99184,-17.7763,3,0.129718,-0.290529,0.095,1
840,817,2,16,0,-1,11.4117,-12.4652,1,-0.0428536,0.361957,0.094,1
840,817,2,16,1,0,10.6539,-11.5986,4,-0.342094,0.08998,0.094,1
840,817,2,16,2,1,10.4276,-12.9781,3,0.0659922,0.0117477,0.094,1
840,817,2,16,3,1,11.9414,-11.7926,3,-0.245529,0.632736,0.094,1
840,829,2,16,0,-1,11.1316,-7.88189,1,0.229815,0.340621,0.085,1
840,829,2,16,1,0,11.3631,-6.8529,4,0.156617,0.36859,0.085,1
840,829,2,16,2,1,10.098,-7.46134,3,0.298581,0.118897,0.085,1
840,829,2,16,3,1,12.1356,-7.92062,3,0.151951,0.381346,0.085,1
840,849,2,14,0,-1,9.38823,15.5157,1,0.000713537,-0.00405822,0.089,1
840,849,2,14,1,0,9.30185,14.4743,4,-0.013251,-0.00288213,0.089,1
840,849,2,14,2,1,10.3492,15.4023,3,-0.00418192,-0.0133874,0.089,1
840,875,2,12,0,-1,-7.88841,9.14722,1,0.284252,0.284756,0.094,1
840,875,2,12,1,0,-7.30563,9.95842,4,-0.106737,0.555054,0.094,1
840,875,2,12,2,1,-8.68698,9.87051,3,-0.0225554,-0.30821,0.094,1
840,875,2,12,3,1,-6.94983,8.72201,3,0.229763,0.69297,0.094,1
840,879,2,15,0,-1,0.750543,1.66269,1,-0.480274,-0.45738,0.09,1
840,879,2,15,1,0,0.190245,0.765518,4,-0.0230387,-0.753855,0.09,1
840,879,2,15,2,1,1.58938,0.918155,3,-0.0804896,-0.167908,0.09,1
840,879,2,15,3,1,-0.129398,2.03141,3,-0.812737,-0.945114,0.09,1
840,887,2,15,0,-1,10.9411,13.2152,1,0.264553,0.102536,0.09,1
840,887,2,15,1,0,11.0053,12.1662,4,-0.57624,0.0621381,0.09,1
840,887,2,15,2,1,12.0184,13.1691,3,0.175602,-0.603173,0.09,1
840,905,2,16,0,-1,11.6358,-4.26333,1,-0.0813904,-0.0423305,0.087,1
840,905,2,16,1,0,11.5439,-5.32123,4,-0.036628,0.0132025,0.087,1
840,905,2,16,2,1,12.7038,-4.54864,3,-0.0371963,-0.0566266,0.087,1
840,905,2,16,3,1,10.5214,-4.34089,3,-0.290081,-0.179819,0.087,1
840,924,2,18,0,-1,4.63087,13.4853,1,-0.271787,0.290248,0.089,1
840,924,2,18,1,0,3.96171,14.2942,4,-0.231853,0.325178,0.089,1
840,924,2,18,2,1,3.72963,12.9119,3,-0.331751,0.341802,0.089,1
840,924,2,18,3,1,5.31092,14.1674,3,-0.238299,0.266034,0.089,1
840,934,2,17,0,-1,13.272,-6.00927,1,-0.27951,-0.168555,0.086,1
840,934,2,17,1,0,12.2394,-6.06525,4,-0.266989,0.0294519,0.086,1
840,934,2,17,2,1,13.4231,-6.83608,3,-0.420095,-0.243189,0.086,1
840,934,2,17,3,1,13.215,-5.17228,3,-0.185801,-0.0645452,0.086,1
840,936,2,15,0,-1,13.0242,12.1366,1,-0.0523848,0.702247,0.088,1
840,936,2,15,1,0,12.0471,12.5198,4,-0.327214,-0.0734392,0.088,1
840,936,2,15,2,1,12.3966,11.1519,3,0.723716,0.286002,0.088,1
840,936,2,15,3,1,13.1904,12.9493,3,-0.478163,0.380675,0.088,1
840,938,2,13,0,-1,-5.54385,9.43217,1,0.349586,-0.525285,0.094,1
840,938,2,13,1,0,-5.68423,8.48127,4,0.208972,-0.489239,0.094,1
840,938,2,13,2,1,-4.78024,9.52938,3,0.439154,-0.640284,0.094,1
840,938,2,13,3,1,-6.38172,9.5812,3,0.109984,-0.580528,0.094,1
840,946,2,13,0,-1,10.968,-22.6526,1,0.420193,-0.0958378,0.096,1
840,946,2,13,1,0,11.5394,-23.4226,4,0.212265,-0.218935,0.096,1
840,946,2,13,2,1,11.6913,-22.0471,3,0.503245,-0.251452,0.096,1
840,946,2,13,3,1,10.2005,-23.2115,3,0.254665,0.198155,0.096,1
840,955,2,16,0,-1,13.3498,14.7316,1,0.362653,-0.107109,0.087,1
840,955,2,16,1,0,14.3876,14.8567,4,0.353037,-0.072534,0.087,1
840,955,2,16,2,1,13.3941,15.8556,3,0.384789,-0.0250069,0.087,1
840,955,2,16,3,1,13.5241,13.9888,3,0.211921,0.0794906,0.087,1
840,957,2,15,0,-1,9.88671,9.15502,1,0.225534,0.230247,0.088,0
840,957,2,15,1,0,10.1423,10.1838,4,0.0173744,0.264636,0.088,0
840,957,2,15,2,1,8.87827,9.55565,3,0.18262,-0.023527,0.088,0
840,973,2,18,0,-1,12.7594,-6.64969,1,-0.412254,-0.099956,0.087,0
840,973,2,18,1,0,13.2223,-7.60553,4,-0.710481,-0.240545,0.087,0
840,977,2,19,0,-1,-9.13022,-12.86,1,-0.355053,-0.266652,0.092,1
840,977,2,19,1,0,-10.1586,-13.3304,4,-0.283048,-0.208395,0.092,1
840,977,2,19,2,1,-8.92929,-13.971,3,-0.230292,-0.329194,0.092,1
840,977,2,19,3,1,-9.47244,-12.191,3,-0.417179,-0.133201,0.092,1
840,981,2,20,0,-1,-10.646,-11.0086,1,-0.264452,-0.158868,0.086,1
840,981,2,20,1,0,-10.0422,-11.9191,4,-0.135224,0.0996449,0.086,1
840,981,2,20,2,1,-9.53482,-10.5107,3,0.136763,0.0791576,0.086,1
840,981,2,20,3,1,-11.3041,-11.6273,3,-0.254225,-0.141009,0.086,1
840,984,2,14,0,-1,-8.14634,14.503,1,0.324514,0.471136,0.095,1
840,984,2,14,1,0,-8.30097,15.4903,4,-0.072961,0.40464,0.095,1
840,984,2,14,2,1,-9.15672,14.3902,3,0.458524,-0.0229364,0.095,1
840,984,2,14,3,1,-7.065,14.9849,3,0.167307,0.991015,0.095,1
840,986,2,20,0,-1,-12.4461,-5.45458,1,0.416755,0.0581901,0.092,1
840,986,2,20,1,0,-11.341,-5.17458,4,0.370515,0.222015,0.092,1
840,986,2,20,2,1,-12.4545,-4.33081,3,0.255004,0.0648793,0.092,1
840,986,2,20,3,1,-12.146,-6.21493,3,0.544751,0.0778407,0.092,1
840,987,2,13,0,-1,-7.83666,-17.7139,1,0.229528,-0.241414,0.096,1
840,987,2,13,1,0,-6.85536,-17.5016,4,0.166246,0.0607627,0.096,1
840,987,2,13,2,1,-8.07273,-16.82,3,0.0243966,-0.214928,0.096,1
840,987,2,13,3,1,-7.50504,-18.681,3,0.40752,-0.06464,0.096,1
840,988,2,19,0,-1,4.30706,9.66864,1,-0.563334,-0.0787544,0.088,1
840,988,2,19,1,0,3.22749,9.50959,4,-0.51829,-0.418942,0.088,1
840,988,2,19,2,1,4.32395,8.69255,3,-0.20731,0.0235021,0.088,1
840,988,2,19,3,1,3.78745,10.7302,3,-0.958671,-0.214022,0.088,1
840,992,2,15,0,-1,8.41805,11.2439,1,-0.0163086,0.0316757,0.09,1
840,992,2,15,1,0,7.89051,10.3421,4,0.0292245,0.00820358,0.09,1
840,992,2,15,2,1,9.22668,10.7507,3,0.00396282,0.0566164,0.09,1
840,994,2,14,0,-1,-7.13474,-18.0501,1,0.376139,0.0515024,0.097,0
840,994,2,14,1,0,-7.39369,-17.0808,4,0.0687568,-0.0320374,0.097,0
840,995,2,14,0,-1,10.8426,-23.4587,1,0.206111,-0.071229,0.095,0
840,996,2,13,0,-1,-11.6405,17.3615,1,0.36194,0.0907049,0.095,1
840,996,2,13,1,0,-10.844,16.7958,4,0.390739,0.108206,0.095,1
840,996,2,13,2,1,-11.0849,18.1549,3,0.350399,0.0970301,0.095,1
840,996,2,13,3,1,-12.0967,16.427,3,0.414957,0.0742268,0.095,1
840,998,2,17,0,-1,9.86449,-5.51277,1,0.166106,0.4072,0.093,1
840,998,2,17,1,0,10.851,-4.93832,4,0.53643,-0.110516,0.093,1
840,998,2,17,2,1,9.53841,-4.38007,3,0.886115,0.901622,0.093,1
840,998,2,17,3,1,10.3382,-6.25553,3,-0.0622144,0.0674928,0.093,1
840,999,2,13,0,-1,1.42506,-12.456,1,0.251818,-0.0283363,0.096,1
840,999,2,13,1,0,1.93167,-13.2894,4,0.252836,-0.0331383,0.096,1
840,999,2,13,2,1,2.18557,-11.9405,3,0.272745,-0.0477007,0.096,1
840,999,2,13,3,1,0.643334,-13.0413,3,0.232535,-0.121621,0.096,1
840,1000,2,16,0,-1,14.6967,9.27812,1,-0.319615,-0.270474,0.088,1
840,1000,2,16,1,0,13.9055,9.97471,4,0.0511588,0.181938,0.088,1
840,1000,2,16,2,1,13.7073,8.57473,3,-0.896533,0.309069,0.088,1
840,1000,2,16,3,1,15.1388,10.0029,3,0.0622737,-0.470224,0.088,1
840,1002,2,21,0,-1,-11.2622,-16.5464,1,-0.151336,-0.2341,0.091,1
840,1002,2,21,1,0,-11.9544,-17.4578,4,-0.164501,-0.229413,0.091,1
840,1002,2,21,2,1,-10.5595,-17.3782,3,-0.169708,-0.174548,0.091,1
840,1002,2,21,3,1,-11.9887,-16.1506,3,-0.122211,-0.234575,0.091,1
840,1004,2,14,0,-1,-6.72737,11.7744,1,-0.131575,-0.595597,0.095,1
840,1004,2,14,1,0,-7.5166,11.1691,4,-0.46121,-0.192305,0.095,1
840,1004,2,14,2,1,-6.20758,10.7473,3,-0.683702,-0.813165,0.095,1
840,1004,2,14,3,1,-7.64438,12.4807,3,0.28593,-0.119296,0.095,1
840,1008,2,14,0,-1,1.10119,-11.7207,1,0.372521,0.0291255,0.097,0
840,1009,2,20,0,-1,-1.37516,-9.88485,1,0.160139,0.39449,0.091,1
840,1009,2,20,1,0,-1.91283,-8.87803,4,-0.121369,0.242459,0.091,1
840,1009,2,20,2,1,-2.46373,-10.165,3,0.21929,0.0973124,0.091,1
840,1009,2,20,3,1,-0.707138,-9.39888,3,0.0352686,0.598402,0.091,1
840,1010,2,21,0,-1,-8.80585,-10.6557,1,-0.0531561,-0.198386,0.087,1
840,1010,2,21,1,0,-9.84963,-10.8869,4,-0.189915,0.126195,0.087,1
840,1010,2,21,2,1,-8.74914,-11.8736,3,-0.524736,-0.282617,0.087,1
840,1010,2,21,3,1,-9.09066,-9.7851,3,-0.154649,0.16422,0.087,1
840,1011,2,17,0,-1,12.0823,-3.56697,1,0.254763,-0.312986,0.086,0
840,1011,2,17,1,0,13.0675,-3.96735,4,0.0888337,-0.753888,0.086,0
840,1011,2,17,2,1,12.7607,-2.61514,3,0.486786,-0.742983,0.086,0
840,1012,2,17,0,-1,15.4714,16.3721,1,-0.316083,0.238431,0.087,1
840,1012,2,17,1,0,14.4268,16.1609,4,-0.452805,0.344263,0.087,1
840,1012,2,17,2,1,15.59,15.3537,3,-0.554844,0.291351,0.087,1
840,1012,2,17,3,1,15.1769,17.1222,3,-0.326517,0.181191,0.087,1
840,1016,2,13,0,-1,0.926757,-14.6242,1,0.364522,-0.0476965,0.094,1
840,1016,2,13,1,0,1.6855,-15.2502,4,0.512159,0.0562423,0.094,1
840,1016,2,13,2,1,1.36183,-13.8964,3,0.308477,-0.0102321,0.094,1
840,1016,2,13,3,1,0.363328,-15.4416,3,0.575817,-0.157005,0.094,1
840,1017,2,16,0,-1,20.1015,21.1682,1,0.33707,0.185482,0.087,1
840,1017,2,16,1,0,20.9628,21.7806,4,0.306318,0.233597,0.087,1
840,1017,2,16,2,1,19.6084,22.13,3,0.288158,0.158674,0.087,1
840,1017,2,16,3,1,20.694,20.591,3,0.37398,0.219521,0.087,1
840,1018,2,17,0,-1,14.6386,-9.49678,1,0.49933,0.334869,0.084,1
840,1018,2,17,1,0,15.4618,-8.80394,4,0.531492,0.201718,0.084,1
840,1018,2,17,2,1,14.108,-8.52952,3,0.528711,0.42502,0.084,1
840,1018,2,17,3,1,15.4178,-10.1176,3,0.450579,0.110016,0.084,1
840,1019,2,16,0,-1,8.35299,12.2447,1,0.0215211,0.139741,0.089,1
840,1019,2,16,1,0,9.2856,11.7696,4,0.0342376,0.193043,0.089,1
840,1019,2,16,2,1,8.84293,13.0968,3,-0.0266237,0.184635,0.089,1
840,1021,2,15,0,-1,-7.73943,15.1605,1,0.0949356,0.598272,0.094,0
840,1021,2,15,1,0,-7.76797,16.1186,4,-0.266378,0.575825,0.094,0
840,1021,2,15,2,1,-8.96469,15.3614,3,0.0161833,0.112208,0.094,0
840,1022,2,20,0,-1,4.94805,9.10284,1,-0.398255,0.103302,0.087,0
840,1022,2,20,1,0,4.60757,8.06364,4,-0.275678,0.0481489,0.087,0
840,1022,2,20,2,1,5.96649,8.33455,3,-0.35994,0.412205,0.087,0
840,1023,2,17,0,-1,19.4704,20.666,1,0.308183,0.217246,0.088,0
840,1023,2,17,1,0,18.423,20.636,4,0.310633,0.0630836,0.088,0
840,1024,2,14,0,-1,1.02504,-15.4009,1,0.553786,9.61861e-05,0.093,0
840,1024,2,14,1,0,1.74291,-16.0265,4,0.502366,-0.0126259,0.093,0
840,1024,2,14,2,1,1.74939,-14.6109,3,0.490138,0.00914887,0.093,0
840,1026,2,22,0,-1,-10.5155,-16.2461,1,-0.16967,-0.184137,0.092,0
840,1034,2,17,0,-1,11.5228,-13.2676,1,-0.309794,0.326628,0.095,0
840,1034,2,17,1,0,12.6463,-13.0918,4,-0.272165,0.0999082,0.095,0
840,1035,2,16,0,-1,11.7758,7.75808,1,0.0698957,0.286125,0.088,1
840,1035,2,16,1,0,12.4242,8.62953,4,0.455697,-0.0379279,0.088,1
840,1035,2,16,2,1,11.0365,8.58651,3,0.477471,0.433791,0.088,1
840,1035,2,16,3,1,12.5005,7.44001,3,-0.466652,-0.165833,0.088,1
840,1036,32,14,0,-1,-12.7646,12.5904,1,0.0596223,-0.547731,0.07,1
840,1036,32,14,1,0,-12.4362,13.9272,3,-0.0982121,-0.512519,0.07,1
840,1036,32,14,2,0,-14.0334,12.9152,3,0.0457523,-0.61772,0.07,1
840,1037,2,13,0,-1,0.886729,-17.5307,1,0.151796,-0.0749819,0.096,0
840,1037,2,13,1,0,0.27031,-18.2822,4,0.142257,-0.079449,0.096,0
840,1038,2,21,0,-1,-15.0095,-5.96598,1,-0.515935,-0.14042,0.091,1
840,1038,2,21,1,0,-15.7336,-6.85337,4,-0.140269,-0.465986,0.091,1
840,1038,2,21,2,1,-14.3239,-6.97989,3,-0.0624422,0.532815,0.091,1
840,1038,2,21,3,1,-15.8398,-5.54785,3,-0.885105,-0.530041,0.091,1
840,1039,2,22,0,-1,-9.24474,-11.3193,1,-0.223149,-0.0845895,0.086,0
840,1039,2,22,1,0,-10.2909,-11.42,4,-0.200643,-0.209525,0.086,0
840,1040,2,21,0,-1,-10.9784,-10.3043,1,-0.0441636,-0.167703,0.085,0
840,1040,2,21,1,0,-10.2265,-9.5884,4,0.145154,-0.42589,0.085,0
840,1040,2,21,2,1,-11.6246,-9.57706,3,0.114634,0.107523,0.085,0
840,1041,2,18,0,-1,14.5302,-10.3139,1,-0.284297,0.426549,0.083,0
840,1042,2,17,0,-1,12.5681,14.8815,1,0.347899,-0.405998,0.087,0
840,1042,2,17,1,0,11.6196,14.4419,4,0.172352,0.0303202,0.087,0
840,1043,2,17,0,-1,11.8764,6.94146,1,-0.367658,0.207737,0.088,0
840,1043,2,17,1,0,12.9474,6.93985,4,-0.367332,-0.499841,0.088,0
840,1044,2,18,0,-1,14.9584,15.764,1,-0.265269,0.324714,0.088,0
840,1046,2,13,0,-1,-7.624,8.36975,1,0.528054,0.387827,0.095,0
840,1046,2,13,1,0,-8.56893,8.52706,4,0.533646,0.189344,0.095,0
840,1047,2,18,0,-1,9.26438,-6.04214,1,0.0347387,0.524568,0.094,0
870,744,2,14,0,-1,9.68487,15.3947,1,-0.566602,0.226535,0.089,1
870,744,2,14,1,0,8.80667,14.8218,4,-0.223828,-0.308029,0.089,1
870,744,2,14,2,1,10.0955,14.2533,3,0.185265,0.584849,0.089,1
870,744,2,14,3,1,9.16714,16.0783,3,-0.389299,-0.335532,0.089,1
870,747,2,12,0,-1,-0.818217,-19.0208,1,0.445478,0.337507,0.095,1
870,747,2,12,1,0,-0.773055,-18.0452,4,-0.0332385,0.361839,0.095,1
870,747,2,12,2,1,-1.82783,-18.9335,3,0.435558,-0.111236,0.095,1
870,747,2,12,3,1,0.236024,-18.9024,3,0.322588,0.792113,0.095,1
870,817,2,16,0,-1,9.45981,-12.9864,1,0.000599336,-0.72263,0.094,1
870,817,2,16,1,0,10.2571,-13.8157,4,0.453568,-0.27612,0.094,1
870,817,2,16,2,1,10.4538,-12.4272,3,-0.209106,-0.170204,0.094,1
870,817,2,16,3,1,8.95782,-13.7013,3,0.367605,-1.01819,0.094,1
870,829,2,16,0,-1,1.72142,-12.7895,1,-0.0876782,-0.100182,0.085,1
870,829,2,16,1,0,2.00341,-13.7962,4,-0.0616095,-0.183274,0.085,1
870,829,2,16,2,1,2.66089,-12.5576,3,-0.402813,-0.0368486,0.085,1
870,829,2,16,3,1,0.966815,-13.02,3,-0.0289627,-0.444894,0.085,1
870,875,2,12,0,-1,-9.0053,10.2017,1,0.211855,0.374409,0.094,1
870,875,2,12,1,0,-8.94298,11.1818,4,0.416354,0.329793,0.094,1
870,875,2,12,2,1,-9.9583,10.2055,3,0.339985,0.393434,0.094,1
870,875,2,12,3,1,-8.06986,10.2147,3,0.210844,0.127918,0.094,1
870,879,2,15,0,-1,3.67092,0.907095,1,0.323907,0.0245648,0.09,1
870,879,2,15,1,0,4.72496,1.27983,4,0.344177,0.214139,0.09,1
870,879,2,15,2,1,3.43728,1.83735,3,0.337872,0.13539,0.09,1
870,879,2,15,3,1,4.0867,0.178928,3,0.876664,-0.140715,0.09,1
870,887,2,15,0,-1,7.80795,14.3995,1,-0.0787005,-0.103548,0.09,1
870,887,2,15,1,0,7.41447,13.4287,4,-0.272555,-0.0208156,0.09,1
870,887,2,15,2,1,8.69238,13.9967,3,-0.208209,-0.170712,0.09,1
870,905,2,16,0,-1,11.6271,-10.6892,1,0.512328,-0.150358,0.087,1
870,905,2,16,1,0,12.3486,-11.4633,4,0.132353,-0.519905,0.087,1
870,905,2,16,2,1,12.5954,-10.0862,3,0.909786,-0.659539,0.087,1
870,905,2,16,3,1,10.9556,-11.4568,3,0.128684,0.0402407,0.087,1
870,934,2,17,0,-1,15.973,-12.4947,1,0.0594545,0.00278654,0.086,1
870,934,2,17,1,0,14.9249,-12.6864,4,0.00749032,0.334645,0.086,1
870,934,2,17,2,1,16.078,-13.5064,3,-0.147508,0.0817997,0.086,1
870,934,2,17,3,1,15.7783,-11.6853,3,0.226649,0.143914,0.086,1
870,936,2,15,0,-1,12.2137,14.8146,1,0.00448946,-0.381118,0.088,1
870,936,2,15,1,0,12.3192,13.767,4,-0.0209562,-0.381786,0.088,1
870,936,2,15,2,1,13.3072,14.7508,3,-0.172995,-0.240011,0.088,1
870,936,2,15,3,1,11.4311,14.6142,3,-0.00944884,-0.362113,0.088,1
870,938,2,13,0,-1,1.15667,-0.732973,1,-0.0242792,0.267911,0.094,1
870,938,2,13,1,0,0.237335,-0.397958,4,-0.0186104,0.225345,0.094,1
870,938,2,13,2,1,0.851361,-1.65514,3,-0.0441457,0.196106,0.094,1
870,938,2,13,3,1,1.33621,0.324582,3,0.0423225,0.154089,0.094,1
870,973,2,18,0,-1,15.4823,-13.1002,1,-0.206032,0.146475,0.087,0
870,973,2,18,1,0,15.6056,-14.1186,4,-0.268893,0.166816,0.087,0
870,977,2,19,0,-1,-15.6183,-7.14707,1,0.454804,-0.0299446,0.092,1
870,977,2,19,1,0,-14.7423,-7.89542,4,0.266322,-0.246275,0.092,1
870,977,2,19,2,1,-14.6823,-6.50229,3,0.476482,-0.25757,0.092,1
870,977,2,19,3,1,-16.0399,-7.8816,3,0.281044,0.153492,0.092,1
870,981,2,20,0,-1,-15.0805,-11.2757,1,-0.209014,0.112422,0.086,1
870,981,2,20,1,0,-16.0287,-11.7284,4,-0.196547,0.0879282,0.086,1
870,981,2,20,2,1,-14.718,-12.4439,3,-0.17196,0.133692,0.086,1
870,981,2,20,3,1,-15.4131,-10.5217,3,-0.229492,0.109914,0.086,1
870,986,2,20,0,-1,-7.75238,-0.542936,1,-0.253111,-0.0806016,0.092,1
870,986,2,20,1,0,-8.61737,-1.29441,4,-0.149623,-0.201571,0.092,1
870,986,2,20,2,1,-7.242,-1.55276,3,-0.115958,-0.00867844,0.092,1
870,986,2,20,3,1,-8.39111,-0.00779971,3,-0.328441,-0.164802,0.092,1
870,987,2,13,0,-1,-2.75669,-9.07814,1,0.38304,0.363472,0.096,1
870,987,2,13,1,0,-1.80746,-9.42474,4,0.189346,-0.164229,0.096,1
870,987,2,13,2,1,-2.33024,-8.1212,3,0.918364,0.143816,0.096,1
870,987,2,13,3,1,-2.95062,-10.1491,3,-0.221021,0.477565,0.096,1
870,988,2,19,0,-1,4.19836,1.32236,1,0.683997,0.19308,0.088,1
870,988,2,19,1,0,5.11964,1.8961,4,0.372226,0.687201,0.088,1
870,988,2,19,2,1,3.79468,2.36343,3,0.0955079,-0.0968957,0.088,1
870,988,2,19,3,1,5.21976,0.524183,3,1.00602,0.740677,0.088,1
870,994,2,14,0,-1,-2.35691,-9.74643,1,0.0161455,0.142818,0.097,0
870,994,2,14,1,0,-2.0536,-8.79325,4,0.556629,-0.0252582,0.097,0
870,996,2,13,0,-1,-13.0118,11.8312,1,0.212469,-0.318141,0.095,1
870,996,2,13,1,0,-13.8541,11.2292,4,0.305714,-0.360333,0.095,1
870,996,2,13,2,1,-12.5613,10.7886,3,0.30901,-0.507296,0.095,1
870,996,2,13,3,1,-13.9099,12.5126,3,0.114535,-0.330496,0.095,1
870,998,2,17,0,-1,6.35722,-9.21336,1,0.17929,-0.528242,0.093,1
870,998,2,17,1,0,7.46799,-8.90578,4,0.0443693,-0.0675377,0.093,1
870,998,2,17,2,1,6.46089,-7.93888,3,-0.45016,-0.617266,0.093,1
870,998,2,17,3,1,6.67853,-10.1034,3,0.380911,-0.278913,0.093,1
870,999,2,13,0,-1,0.162913,-13.4178,1,0.214025,-0.225889,0.096,1
870,999,2,13,1,0,1.05859,-13.8523,4,-0.0244637,-0.603324,0.096,1
870,999,2,13,2,1,0.659488,-12.5143,3,0.918511,-0.21143,0.096,1
870,999,2,13,3,1,-0.108263,-14.4684,3,-0.325099,-0.0708826,0.096,1
870,1000,2,16,0,-1,18.6859,11.7031,1,0.168385,-0.0287022,0.088,1
870,1004,2,14,0,-1,-15.6723,12.2056,1,0.3362,0.213236,0.095,1
870,1004,2,14,1,0,-14.6968,12.1648,4,0.319477,-0.0987809,0.095,1
870,1004,2,14,2,1,-15.6964,13.1044,3,0.679837,0.32131,0.095,1
870,1004,2,14,3,1,-15.4285,11.0232,3,-0.192943,0.261342,0.095,1
870,1008,2,14,0,-1,-0.650842,-13.2477,1,0.245544,-0.013373,0.097,0
870,1008,2,14,1,0,-1.39212,-12.5801,4,0.477219,0.302467,0.097,0
870,1008,2,14,2,1,-1.31769,-13.9359,3,-0.170355,0.273113,0.097,0
870,1009,2,20,0,-1,-0.591677,-1.55723,1,0.0906195,0.207332,0.091,1
870,1009,2,20,1,0,0.461304,-1.13011,4,0.072906,0.144419,0.091,1
870,1009,2,20,2,1,-0.758502,-0.471981,3,0.0407398,0.0506306,0.091,1
870,1009,2,20,3,1,-0.0547038,-2.36956,3,0.0599598,0.105397,0.091,1
870,1010,2,21,0,-1,-15.1635,-12.8503,1,-0.129272,0.116349,0.087,1
870,1010,2,21,1,0,-14.7163,-11.8524,4,-0.15946,0.130631,0.087,1
870,1010,2,21,2,1,-16.0229,-12.5375,3,-0.117503,0.0558308,0.087,1
870,1010,2,21,3,1,-14.1458,-13.0336,3,-0.150399,0.140464,0.087,1
870,1022,2,20,0,-1,4.03543,4.11568,1,0.475105,0.170542,0.087,1
870,1022,2,20,1,0,5.08794,4.3135,4,0.55986,-0.373159,0.087,1
870,1022,2,20,2,1,4.05497,5.24977,3,1.1036,0.278251,0.087,1
870,1022,2,20,3,1,4.23951,3.25421,3,0.00441233,0.095846,0.087,1
870,1034,2,17,0,-1,14.683,-14.8339,1,0.0887932,-0.040739,0.095,1
870,1034,2,17,1,0,14.9071,-13.7046,4,-0.403074,0.0753248,0.095,1
870,1034,2,17,2,1,13.5317,-14.029,3,-0.298141,-0.52961,0.095,1
870,1034,2,17,3,1,15.6425,-14.8055,3,-0.115294,0.283087,0.095,1
870,1035,2,16,0,-1,8.11712,10.2974,1,-0.0477029,0.426736,0.088,1
870,1035,2,16,1,0,8.87376,11.0301,4,-0.00445118,0.375572,0.088,1
870,1035,2,16,2,1,7.47559,11.1454,3,-0.0030813,0.363523,0.088,1
870,1035,2,16,3,1,8.78538,9.81823,3,-0.0858943,0.372329,0.088,1
870,1036,32,14,0,-1,-21.0512,4.39498,1,-0.739006,-0.32348,0.07,1
870,1036,32,14,1,0,-19.8461,3.71426,3,-0.883785,-0.481236,0.07,1
870,1036,32,14,2,0,-20.4749,5.57162,3,-0.667333,-0.343009,0.07,1
870,1037,2,13,0,-1,2.11454,-19.5325,1,-0.561478,0.0958061,0.096,1
870,1037,2,13,1,0,1.39691,-18.8641,4,-0.222073,0.477038,0.096,1
870,1037,2,13,2,1,1.40428,-20.237,3,-1.04399,0.465325,0.096,1
870,1037,2,13,3,1,2.70165,-18.6899,3,-0.141466,-0.0975807,0.096,1
870,1038,2,21,0,-1,-10.3448,-9.51265,1,-0.24841,-0.315422,0.091,1
870,1038,2,21,1,0,-10.8256,-10.5325,4,-0.165178,-0.356282,0.091,1
870,1038,2,21,2,1,-9.44969,-10.2558,3,-0.226449,-0.0905522,0.091,1
870,1038,2,21,3,1,-11.0744,-9.20919,3,-0.25962,-0.383626,0.091,1
870,1039,2,22,0,-1,-15.4097,-12.0729,1,-0.184206,0.108392,0.086,0
870,1039,2,22,1,0,-15.8649,-11.1005,4,-0.194555,0.106988,0.086,0
870,1040,2,21,0,-1,-9.61338,-12.6217,1,-0.637034,0.259011,0.085,1
870,1040,2,21,1,0,-10.5931,-12.2339,4,-0.766651,-0.0484563,0.085,1
870,1040,2,21,2,1,-10.1014,-13.5369,3,-0.333505,0.11117,0.085,1
870,1040,2,21,3,1,-9.39215,-11.7152,3,-0.938307,0.297252,0.085,1
870,1045,2,16,0,-1,2.63345,-3.06761,1,-0.253996,-0.374772,0.091,1
870,1045,2,16,1,0,2.4034,-4.09272,4,-0.0278681,-0.435459,0.091,1
870,1045,2,16,2,1,3.6626,-3.41334,3,-0.176299,-0.182263,0.091,1
870,1045,2,16,3,1,1.78674,-2.93603,3,-0.10883,-0.483843,0.091,1
870,1046,2,13,0,-1,-9.51636,10.8071,1,0.222228,0.417895,0.095,0
870,1050,2,16,0,-1,8.1103,15.1421,1,-0.28414,-0.0113295,0.089,0
870,1051,2,16,0,-1,14.1325,19.4526,1,0.695581,0.198257,0.087,1
870,1051,2,16,1,0,14.5645,20.2994,4,0.153122,0.478825,0.087,1
870,1051,2,16,2,1,13.1521,20.2171,3,0.198599,-0.399177,0.087,1
870,1051,2,16,3,1,14.8666,19.1086,3,0.933566,0.670723,0.087,1
870,1053,2,14,0,-1,-2.43845,-0.460038,1,-0.0676989,0.292863,0.095,1
870,1053,2,14,1,0,-2.34985,0.511123,4,0.186573,0.237678,0.095,1
870,1053,2,14,2,1,-3.34096,-0.4714,3,-0.0325507,0.437686,0.095,1
870,1053,2,14,3,1,-1.60068,-0.556116,3,-0.00906852,0.0692719,0.095,1
870,1054,32,15,0,-1,-17.76,3.16581,1,-0.0222097,0.549006,0.069,1
870,1054,32,15,1,0,-18.9201,2.42747,3,-0.144668,0.741655,0.069,1
870,1054,32,15,2,0,-17.0974,2.03363,3,-0.208983,0.438217,0.069,1
870,1056,2,21,0,-1,-8.49709,2.93069,1,-0.00839229,0.39736,0.091,1
870,1056,2,21,1,0,-7.65327,3.73109,4,0.31224,0.0736056,0.091,1
870,1056,2,21,2,1,-8.95174,4.10323,3,0.479966,0.661612,0.091,1
870,1056,2,21,3,1,-7.82666,2.44038,3,-0.1019,0.141669,0.091,1
870,1057,2,17,0,-1,17.9138,11.9117,1,0.17547,0.00467849,0.089,0
870,1057,2,17,1,0,17.2116,12.6852,4,0.116597,-0.0405453,0.089,0
870,1057,2,17,2,1,17.1097,11.2855,3,0.233277,-0.0442237,0.089,0
870,1058,2,14,0,-1,-12.3538,12.402,1,-0.0575991,-0.0752682,0.096,0
870,1058,2,14,1,0,-11.3334,12.449,4,-0.116907,-0.13304,0.096,0
870,1058,2,14,2,1,-12.0791,13.5976,3,0.0603716,0.035158,0.096,0
870,1058,2,14,3,1,-12.2086,11.5072,3,-0.261135,-0.0706848,0.096,0
870,1060,32,16,0,-1,-17.0271,2.84789,1,-0.0779153,0.422585,0.07,0
870,1062,2,22,0,-1,-11.0923,-9.85498,1,-0.202041,-0.398932,0.09,0
870,1062,2,22,1,0,-11.8183,-8.96018,4,-0.348794,-0.535073,0.09,0
870,1064,2,17,0,-1,7.18874,-15.4163,1,0.325178,-0.560079,0.095,1
870,1064,2,17,1,0,8.28084,-15.0389,4,-0.0108294,0.303661,0.095,1
870,1064,2,17,2,1,7.12433,-14.2213,3,-0.638564,-0.624501,0.095,1
870,1064,2,17,3,1,7.73356,-16.2455,3,0.691319,-0.0570684,0.095,1
870,1065,32,15,0,-1,-10.3236,10.8007,1,0.134398,0.284787,0.071,1
870,1065,32,15,1,0,-11.6874,10.798,3,0.135768,0.208614,0.071,1
870,1065,32,15,2,0,-10.4568,9.4913,3,0.485966,0.204504,0.071,1
870,1066,2,15,0,-1,-16.1789,11.3655,1,0.23524,0.393879,0.094,1
870,1066,2,15,1,0,-15.231,11.6061,4,0.271763,0.164512,0.094,1
870,1066,2,15,2,1,-16.4383,12.2674,3,0.460412,0.608744,0.094,1
870,1066,2,15,3,1,-15.9249,10.463,3,0.00169808,0.314587,0.094,1
870,1067,2,18,0,-1,13.888,-14.7757,1,0.0374737,-0.480327,0.094,0
870,1069,2,15,0,-1,-2.97837,0.127526,1,-0.00997679,0.373918,0.095,0
870,1070,32,16,0,-1,-10.8779,11.3496,1,0.0782859,0.262475,0.07,0
870,1072,2,14,0,-1,0.349947,-3.01569,1,-0.290934,-0.129322,0.093,1
870,1072,2,14,1,0,-0.63523,-2.96754,4,-0.235033,0.0791598,0.093,1
870,1072,2,14,2,1,0.183394,-4.08761,3,-0.0757439,0.189811,0.093,1
870,1072,2,14,3,1,0.100864,-1.85145,3,-0.121242,0.0551351,0.093,1
870,1073,2,20,0,-1,-15.5426,-3.94571,1,0.0827343,0.635283,0.092,1
870,1073,2,20,1,0,-14.5135,-3.44562,4,0.312257,0.22939,0.092,1
870,1073,2,20,2,1,-15.6972,-2.6793,3,0.883104,1.10165,0.092,1
870,1073,2,20,3,1,-15.0767,-4.63603,3,-0.0778627,0.422415,0.092,1
870,1074,2,22,0,-1,-8.49216,2.10572,1,-0.232175,0.394322,0.091,0
870,1074,2,22,1,0,-7.3997,1.73095,4,-0.386019,-0.0631572,0.091,0
870,1076,2,21,0,-1,-7.04672,-0.156153,1,-0.298531,0.00855432,0.091,0
870,1077,2,21,0,-1,3.31596,3.69419,1,0.324855,0.543137,0.086,0
870,1077,2,21,1,0,2.67792,2.83618,4,0.756842,0.285177,0.086,0
870,1079,2,17,0,-1,3.04134,-3.7535,1,-0.117807,-0.275747,0.09,0
870,1081,2,18,0,-1,6.61002,-14.8356,1,0.146846,-0.797769,0.095,0
870,1081,2,18,1,0,5.72782,-14.1045,4,0.236162,-0.703164,0.095,0
870,1081,2,18,2,1,5.9808,-15.4669,3,0.026851,-0.721582,0.095,0
870,1082,32,15,0,-1,-20.7469,3.65954,1,-0.338221,-0.212029,0.071,0
870,1082,32,15,1,0,-19.7611,4.61857,3,-0.52204,-0.111201,0.071,0
900,744,2,14,0,-1,14.0216,13.7742,1,-0.558967,0.697966,0.089,1
900,744,2,14,1,0,12.9526,13.9264,4,-0.645987,0.25558,0.089,1
900,744,2,14,2,1,13.7761,12.8071,3,0.179981,0.970802,0.089,1
900,744,2,14,3,1,13.8886,14.82,3,-0.588514,0.0301056,0.089,1
900,747,2,12,0,-1,-5.21289,-10.0669,1,0.0596232,0.365546,0.095,1
900,747,2,12,1,0,-4.79658,-9.22018,4,0.388646,0.223903,0.095,1
900,747,2,12,2,1,-6.02996,-9.81933,3,0.0981029,0.777632,0.095,1
900,747,2,12,3,1,-4.58663,-10.5511,3,-0.03694,0.171089,0.095,1
900,887,2,15,0,-1,6.10011,12.887,1,-0.0912278,-0.12422,0.09,1
900,887,2,15,1,0,5.08515,12.627,4,-0.157461,0.140247,0.09,1
900,887,2,15,2,1,6.28002,11.9021,3,-0.338927,-0.162583,0.09,1
900,905,2,16,0,-1,18.9657,-9.48203,1,-0.142916,-0.156575,0.087,1
900,905,2,16,1,0,18.5141,-10.4036,4,0.00584308,-0.26555,0.087,1
900,905,2,16,2,1,19.8375,-9.85579,3,-0.0840044,-0.0519431,0.087,1
900,905,2,16,3,1,18.0128,-9.10843,3,-0.480913,-0.439448,0.087,1
900,936,2,15,0,-1,11.7924,2.7524,1,-0.408302,-0.0650909,0.088,1
900,936,2,15,1,0,10.7686,2.52147,4,-0.424189,0.0115511,0.088,1
900,936,2,15,2,1,11.9068,1.71226,3,-0.471438,-0.0615762,0.088,1
900,936,2,15,3,1,11.4979,3.51044,3,-0.348042,-0.0438644,0.088,1
900,938,2,13,0,-1,4.95649,1.44661,1,1.00114,0.231122,0.094,1
900,938,2,13,1,0,5.45409,2.30228,4,0.74298,0.207045,0.094,1
900,938,2,13,2,1,4.33525,1.58157,3,0.615817,-0.0262061,0.094,1
900,938,2,13,3,1,5.79173,1.02319,3,-0.0569962,0.0146839,0.094,1
900,977,2,19,0,-1,-8.41175,-9.17504,1,0.205668,-0.908589,0.092,1
900,977,2,19,1,0,-7.66782,-9.7418,4,0.718195,-0.724892,0.092,1
900,977,2,19,2,1,-8.21353,-8.33693,3,-0.267485,-0.998148,0.092,1
900,977,2,19,3,1,-9.09725,-9.71834,3,0.701299,0.167716,0.092,1
900,987,2,13,0,-1,-1.42143,-11.6555,1,-0.378339,0.339227,0.096,1
900,987,2,13,1,0,-1.3031,-10.6588,4,0.0558551,0.296028,0.096,1
900,987,2,13,2,1,-2.409,-11.5232,3,-0.276312,0.758535,0.096,1
900,987,2,13,3,1,-0.354416,-11.62,3,-0.393037,-0.157591,0.096,1
900,994,2,14,0,-1,-0.859809,-11.115,1,-0.160222,0.105473,0.097,0
900,994,2,14,1,0,-1.85809,-11.0154,4,-0.117244,0.522689,0.097,0
900,996,2,13,0,-1,-7.69215,10.787,1,0.197468,0.663179,0.095,1
900,996,2,13,1,0,-7.28903,11.6887,4,0.235545,0.707881,0.095,1
900,996,2,13,2,1,-8.63918,11.3858,3,0.310412,0.610212,0.095,1
900,996,2,13,3,1,-6.63156,10.5667,3,0.19129,0.722515,0.095,1
900,998,2,17,0,-1,13.0217,-8.79154,1,-0.68573,-0.0387838,0.093,1
900,998,2,17,1,0,12.1244,-8.08568,4,-0.690278,-0.0514608,0.093,1
900,998,2,17,2,1,12.1864,-9.48333,3,-0.579814,-0.0407986,0.093,1
900,998,2,17,3,1,13.5473,-8.11676,3,-0.685083,-0.0532142,0.093,1
900,999,2,13,0,-1,-1.28381,-8.801,1,0.281541,-0.177865,0.096,1
900,999,2,13,1,0,-0.420214,-9.22394,4,0.363619,-0.00933961,0.096,1
900,999,2,13,2,1,-1.0535,-7.96883,3,0.0877942,-0.132239,0.096,1
900,999,2,13,3,1,-1.63459,-9.71215,3,0.476529,-0.239586,0.096,1
900,1004,2,14,0,-1,-18.2935,5.21319,1,-0.367525,0.186575,0.095,1
900,1004,2,14,1,0,-18.8361,6.03317,4,-0.108273,0.361954,0.095,1
900,1004,2,14,2,1,-19.1093,4.68706,3,-0.561327,0.452653,0.095,1
900,1004,2,14,3,1,-17.5353,5.88365,3,-0.147892,0.0277717,0.095,1
900,1008,2,14,0,-1,11.2034,-11.9424,1,0.100387,0.356954,0.097,1
900,1008,2,14,1,0,11.2448,-10.9865,4,0.157451,0.356187,0.097,1
900,1008,2,14,2,1,10.3812,-12.0903,3,0.0951079,0.402865,0.097,1
900,1008,2,14,3,1,12.2172,-11.855,3,0.0570276,0.26453,0.097,1
900,1009,2,20,0,-1,0.246551,-3.55718,1,-0.240171,-0.318035,0.091,1
900,1009,2,20,1,0,-0.0886078,-4.66423,4,0.0393912,-0.411204,0.091,1
900,1009,2,20,2,1,1.16238,-4.05044,3,-0.170639,-0.00324352,0.091,1
900,1009,2,20,3,1,-0.624345,-3.48223,3,-0.268474,-0.545372,0.091,1
900,1022,2,20,0,-1,11.5379,9.19073,1,-0.062773,-0.288665,0.087,1
900,1022,2,20,1,0,10.4574,9.43415,4,-0.356483,0.0435476,0.087,1
900,1022,2,20,2,1,11.117,8.09806,3,0.196229,0.24513,0.087,1
900,1022,2,20,3,1,11.6221,10.2664,3,-0.233623,-0.0523248,0.087,1
900,1035,2,16,0,-1,12.5982,11.8276,1,-0.506836,0.566771,0.088,1
900,1035,2,16,1,0,12.0746,12.7738,4,-0.271229,0.700472,0.088,1
900,1035,2,16,2,1,11.3958,11.5464,3,0.110983,0.513927,0.088,1
900,1035,2,16,3,1,13.1672,12.2861,3,-0.299147,0.198577,0.088,1
900,1038,2,21,0,-1,-17.0614,-12.4674,1,0.333437,-0.206947,0.091,1
900,1038,2,21,1,0,-15.9564,-12.2292,4,0.228151,0.10623,0.091,1
900,1038,2,21,2,1,-17.0536,-11.3555,3,-0.00776694,-0.160186,0.091,1
900,1038,2,21,3,1,-16.8405,-13.2354,3,0.405969,-0.0596973,0.091,1
900,1040,2,21,0,-1,-7.91328,-7.48987,1,-0.292255,-0.0385972,0.085,1
900,1040,2,21,1,0,-7.73397,-8.62849,4,0.77572,-0.0166135,0.085,1
900,1040,2,21,2,1,-6.80329,-7.68229,3,0.343156,0.170156,0.085,1
900,1040,2,21,3,1,-8.71587,-7.74653,3,0.451785,-0.504342,0.085,1
900,1048,2,21,0,-1,0.843251,-2.99923,1,-0.503258,-0.0305992,0.09,0
900,1050,2,16,0,-1,5.79832,13.6304,1,0.0384458,-0.0716792,0.089,0
900,1053,2,14,0,-1,-1.39447,9.56307,1,0.0102813,0.241772,0.095,1
900,1058,2,14,0,-1,-12.423,10.9464,1,0.377351,0.0209766,0.096,1
900,1058,2,14,1,0,-11.7321,11.732,4,0.204517,0.198823,0.096,1
900,1058,2,14,2,1,-13.1208,11.6815,3,0.30147,-0.378175,0.096,1
900,1058,2,14,3,1,-11.1269,10.5682,3,0.0749902,0.139151,0.096,1
900,1058,2,14,4,1,-11.1821,12.5113,4,-0.249639,0.511413,0.096,1
900,1062,2,22,0,-1,-16.3539,-12.881,1,0.428291,-0.139062,0.09,0
900,1062,2,22,1,0,-16.7221,-13.9861,4,0.312236,-0.110637,0.09,0
900,1064,2,17,0,-1,15.0361,-13.6094,1,0.460073,-0.0663632,0.095,1
900,1064,2,17,1,0,14.9589,-12.4718,4,-0.260873,-0.0739543,0.095,1
900,1064,2,17,2,1,13.9843,-13.4807,3,0.215869,-0.466404,0.095,1
900,1064,2,17,3,1,15.9403,-13.3187,3,0.304662,0.552942,0.095,1
900,1066,2,15,0,-1,-9.50405,10.6448,1,-0.241361,0.481504,0.094,1
900,1066,2,15,1,0,-9.42523,11.6249,4,0.266238,0.396749,0.094,1
900,1066,2,15,2,1,-10.4556,10.7337,3,-0.152619,0.932268,0.094,1
900,1066,2,15,3,1,-8.52269,10.6605,3,0.0883903,0.160063,0.094,1
900,1069,2,15,0,-1,-1.64331,10.3359,1,0.129338,0.21442,0.095,0
900,1073,2,20,0,-1,-9.68007,-9.35133,1,0.488502,-0.0721674,0.092,1
900,1073,2,20,1,0,-8.58398,-9.80287,4,0.341342,-0.212267,0.092,1
900,1073,2,20,2,1,-9.42863,-8.6637,3,-0.21777,-0.249358,0.092,1
900,1073,2,20,3,1,-9.88423,-10.0628,3,0.367284,0.0401967,0.092,1
900,1078,2,18,0,-1,15.9997,-5.90647,1,0.219756,0.415624,0.094,1
900,1078,2,18,1,0,15.4044,-4.93226,4,-0.281746,0.170152,0.094,1
900,1078,2,18,2,1,15.0505,-6.29253,3,0.538831,-0.0116842,0.094,1
900,1078,2,18,3,1,16.7718,-5.35261,3,-0.0433802,1.00279,0.094,1
900,1084,2,17,0,-1,21.7832,14.3958,1,0.464734,0.0921388,0.087,1
900,1084,2,17,1,0,22.4036,15.2502,4,0.217747,0.279452,0.087,1
900,1084,2,17,2,1,20.97,15.2211,3,0.231586,-0.0907065,0.087,1
900,1084,2,17,3,1,22.526,14.0297,3,0.571537,0.314236,0.087,1
900,1087,2,15,0,-1,-17.5002,5.05513,1,-0.384548,0.0761644,0.096,0
900,1087,2,15,1,0,-16.6476,5.5303,4,-0.14937,-0.330021,0.096,0
900,1088,2,13,0,-1,-4.3991,-9.8379,1,0.129556,0.107042,0.094,0
900,1088,2,13,1,0,-3.7837,-10.6051,4,-0.0340526,-0.0115324,0.094,0
900,1088,2,13,2,1,-3.53567,-9.25629,3,0.3384,-0.0788101,0.094,0
900,1093,2,17,0,-1,19.1957,-10.2818,1,-0.0538172,-0.14199,0.088,0
900,1093,2,17,1,0,18.6114,-11.1859,4,0.357197,-0.411618,0.088,0
900,1093,2,17,2,1,19.9763,-10.9148,3,0.297248,-0.0580383,0.088,0
900,1095,2,16,0,-1,14.2537,9.68829,1,-0.0711336,0.323982,0.088,1
900,1095,2,16,1,0,13.9027,10.6614,4,0.199112,0.372287,0.088,1
900,1095,2,16,2,1,13.0839,9.51419,3,-0.0769982,0.557724,0.088,1
900,1095,2,16,3,1,14.9989,10.0062,3,-0.0322967,-0.0260487,0.088,1
900,1096,2,14,0,-1,3.49879,2.94544,1,-0.223172,0.0282774,0.095,1
900,1096,2,14,1,0,4.5062,2.8124,4,-0.192312,0.313644,0.095,1
900,1096,2,14,2,1,3.54428,3.78247,3,-0.530976,-0.0454461,0.095,1
900,1096,2,14,3,1,3.67556,1.76739,3,0.173349,0.128019,0.095,1
900,1097,2,15,0,-1,10.607,-11.3693,1,0.108485,0.353934,0.097,0
900,1097,2,15,1,0,10.7347,-10.3961,4,0.202921,0.335368,0.097,0
900,1097,2,15,2,1,9.67779,-11.2788,3,0.163328,0.409302,0.097,0
900,1100,2,17,0,-1,12.15,11.0988,1,0.364696,-0.427717,0.087,0
900,1100,2,17,1,0,11.0449,10.8189,4,-0.470584,0.868983,0.087,0
900,1100,2,17,2,1,10.9465,9.3103,3,1.30279,0.14297,0.087,0
900,1101,2,22,0,-1,-14.1995,-12.9952,1,-0.546982,0.0467251,0.085,1
900,1101,2,22,1,0,-14.4425,-11.9845,4,0.0613807,0.174707,0.085,1
900,1101,2,22,2,1,-15.4114,-12.9587,3,-0.65264,0.8609,0.085,1
900,1101,2,22,3,1,-13.2494,-12.645,3,-0.334733,-0.48995,0.085,1
900,1102,2,18,0,-1,15.7202,-12.1012,1,-0.252353,0.349478,0.096,1
900,1102,2,18,1,0,15.5338,-10.9691,4,-0.0219331,0.444494,0.096,1
900,1102,2,18,2,1,14.4949,-11.9119,3,-0.00412197,0.507922,0.096,1
900,1102,2,18,3,1,16.5923,-11.7341,3,-0.26803,0.207542,0.096,1
900,1104,2,18,0,-1,21.6782,15.1817,1,0.243047,0.0557796,0.088,0
900,1105,2,14,0,-1,-0.530551,-8.48713,1,0.224079,-0.0386349,0.096,0
900,1107,2,17,0,-1,14.5528,10.4649,1,0.260396,0.266564,0.089,0
900,1107,2,17,1,0,15.3016,11.2137,4,0.35008,0.131642,0.089,0
900,1109,2,15,0,-1,-12.1876,11.658,1,0.273767,0.0053641,0.097,0
900,1109,2,15,1,0,-11.8808,10.67,4,0.434314,0.0242592,0.097,0
900,1109,2,15,2,1,-10.7834,11.5235,3,0.181261,0.280889,0.097,0
900,1113,2,16,0,-1,-11.2395,8.82007,1,-0.507708,0.178669,0.095,1
900,1113,2,16,1,0,-11.5438,9.74301,4,-0.431273,0.207739,0.095,1
900,1113,2,16,2,1,-12.1934,8.51924,3,-0.274378,0.151044,0.095,1
900,1113,2,16,3,1,-10.2807,9.36209,3,-0.404347,0.318326,0.095,1
900,1114,2,23,0,-1,-13.8484,-12.2523,1,-0.21757,-0.032665,0.085,0
900,1114,2,23,1,0,-14.4104,-11.3334,4,-0.0645249,0.165111,0.085,0
900,1116,2,19,0,-1,16.6285,-8.21656,1,-0.161795,0.693299,0.097,1
900,1116,2,19,1,0,15.5546,-7.80024,4,-0.42182,0.0455868,0.097,1
900,1116,2,19,2,1,15.9217,-9.15832,3,0.363406,0.259076,0.097,1
900,1116,2,19,3,1,16.7804,-7.35371,3,-0.678132,0.776032,0.097,1
900,1117,2,14,0,-1,5.20642,-0.862267,1,-0.01339,0.461459,0.094,1
900,1117,2,14,1,0,4.39668,-0.320286,4,-0.426687,-0.155159,0.094,1
900,1117,2,14,2,1,4.73335,-1.67395,3,0.714496,0.139392,0.094,1
900,1117,2,14,3,1,5.66723,0.0258542,3,-0.676116,0.861409,0.094,1
900,1118,2,21,0,-1,10.9403,8.66802,1,-0.221427,0.120945,0.088,0
900,1118,2,21,1,0,11.0936,9.74429,6,-0.348305,0.464977,0.088,0
900,1118,2,21,2,1,9.77223,9.10667,3,-0.0774481,-0.409119,0.088,0
900,1119,34,20,0,-1,-8.89064,-8.65541,1,0.433359,0.412199,0.067,0
900,1119,34,20,1,0,-9.6884,-7.57318,4,2.54454,0.823551,0.067,0
900,1119,34,20,2,0,-7.71138,-7.69415,3,-1.03224,-0.0219084,0.067,0
900,1120,2,14,0,-1,-7.75942,9.97755,1,0.162145,0.635077,0.096,0
900,1120,2,14,1,0,-7.1017,9.25911,4,0.167527,0.62727,0.096,0
900,1121,2,15,0,-1,4.04615,2.40186,1,-0.120363,0.0891092,0.094,0
900,1121,2,15,1,0,3.1653,1.91683,4,-0.14432,0.353637,0.094,0
900,1123,2,15,0,-1,14.5456,12.7771,1,0.29823,-0.0300655,0.089,1
900,1123,2,15,1,0,15.4987,12.3844,4,0.340677,0.208815,0.089,1
900,1123,2,15,2,1,15.5937,13.862,3,0.962814,0.11113,0.089,1
900,1123,2,15,3,1,14.4435,11.4883,3,-0.258325,0.91943,0.089,1
900,1125,2,22,0,-1,-7.20309,-7.0271,1,-0.390312,0.188281,0.085,0
900,1125,2,22,1,0,-6.42699,-6.29972,4,-0.0594093,-0.110928,0.085,0
900,1125,2,22,2,1,-7.79154,-6.45169,3,-0.0960593,0.208985,0.085,0
930,744,2,14,0,-1,6.11711,22.7778,1,0.418622,0.0805351,0.089,1
930,744,2,14,1,0,7.05988,23.2384,4,0.352143,0.190332,0.089,1
930,744,2,14,2,1,5.73339,23.6541,3,0.338096,-0.0729479,0.089,1
930,744,2,14,3,1,6.51228,22.0533,3,0.369282,0.160533,0.089,1
930,747,2,12,0,-1,2.56589,-15.5434,1,0.761288,0.0562819,0.095,1
930,747,2,12,1,0,3.53338,-15.4066,4,0.758368,0.157517,0.095,1
930,747,2,12,2,1,2.43589,-14.5824,3,0.658246,-0.045142,0.095,1
930,747,2,12,3,1,2.8079,-16.4984,3,0.825294,0.111168,0.095,1
930,938,2,13,0,-1,-2.5113,3.21518,1,-0.870464,0.166016,0.094,1
930,938,2,13,1,0,-2.42404,4.23969,4,-0.322543,-0.0308288,0.094,1
930,938,2,13,2,1,-3.45189,3.40138,3,-1.07774,0.386348,0.094,1
930,938,2,13,3,1,-1.65561,3.21377,3,-0.507684,0.227124,0.094,1
930,977,2,19,0,-1,-3.44078,-18.0814,1,0.0100204,-0.145218,0.092,1
930,977,2,19,1,0,-4.22114,-18.8975,4,-0.106923,0.0134716,0.092,1
930,977,2,19,2,1,-2.7931,-18.9899,3,-0.12645,-0.304493,0.092,1
930,977,2,19,3,1,-4.10208,-17.5873,3,0.0764472,-0.0244532,0.092,1
930,987,2,13,0,-1,0.155239,-21.9055,1,0.122958,-0.435452,0.096,1
930,987,2,13,1,0,0.00356629,-22.8983,4,0.236209,-0.461817,0.096,1
930,987,2,13,2,1,1.02071,-21.9293,3,0.0641268,-0.289563,0.096,1
930,987,2,13,3,1,-1.04471,-22.0594,3,0.115467,-0.63134,0.096,1
930,994,2,14,0,-1,-0.44595,-22.3453,1,0.193271,-0.491413,0.097,0
930,994,2,14,1,0,0.537935,-22.5113,4,0.217354,-0.394016,0.097,0
930,994,2,14,2,1,-0.173563,-21.2969,3,0.197809,-0.401754,0.097,0
930,998,2,17,0,-1,4.70807,0.741401,1,-0.332684,0.327434,0.093,1
930,998,2,17,1,0,4.10567,1.70774,4,-0.555897,0.249456,0.093,1
930,998,2,17,2,1,3.68997,0.367712,3,-0.238531,0.157669,0.093,1
930,998,2,17,3,1,5.41677,1.16384,3,-0.452197,0.661296,0.093,1
930,1008,2,14,0,-1,16.6856,-7.02341,1,0.370427,-0.247992,0.097,1
930,1008,2,14,1,0,16.8853,-7.9665,4,0.135898,-0.303249,0.097,1
930,1008,2,14,2,1,17.5334,-6.72531,3,0.583195,-0.52483,0.097,1
930,1008,2,14,3,1,15.714,-7.36675,3,0.223541,-0.126781,0.097,1
930,1035,2,16,0,-1,6.3281,5.53767,1,0.150166,-0.239803,0.088,1
930,1035,2,16,1,0,6.20529,4.49664,4,0.0810318,-0.248319,0.088,1
930,1035,2,16,2,1,7.37677,5.26864,3,0.141045,-0.3664,0.088,1
930,1035,2,16,3,1,5.51506,5.51131,3,0.153455,-0.20611,0.088,1
930,1040,2,21,0,-1,-1.49314,-12.9608,1,0.42158,0.148628,0.085,1
930,1040,2,21,1,0,-0.59803,-12.4085,4,0.443762,0.107645,0.085,1
930,1040,2,21,2,1,-1.92635,-12.0383,3,0.443072,0.0924691,0.085,1
930,1040,2,21,3,1,-0.966717,-13.6751,3,0.347947,0.132289,0.085,1
930,1073,2,20,0,-1,-5.35353,-20.3612,1,0.334985,0.105492,0.092,1
930,1073,2,20,1,0,-4.42576,-21,4,0.179314,-0.0189241,0.092,1
930,1073,2,20,2,1,-4.60039,-19.5776,3,0.131547,0.011935,0.092,1
930,1073,2,20,3,1,-5.74274,-21.0843,3,0.145694,0.231847,0.092,1
930,1078,2,18,0,-1,17.5201,-3.91741,1,0.585214,0.538569,0.094,1
930,1078,2,18,1,0,17.0872,-2.85099,4,-0.118806,0.250364,0.094,1
930,1078,2,18,2,1,16.2612,-3.99897,3,0.655529,-0.313848,0.094,1
930,1078,2,18,3,1,18.4146,-3.41119,3,0.24435,1.09374,0.094,1
930,1088,2,13,0,-1,0.411418,-14.8729,1,-0.320504,-0.672741,0.094,1
930,1088,2,13,1,0,1.10756,-14.2469,4,0.246508,-0.632415,0.094,1
930,1088,2,13,2,1,-0.253984,-14.656,3,-0.776837,0.853002,0.094,1
930,1088,2,13,3,1,1.70854,-15.5387,3,1.52645,0.709733,0.094,1
930,1095,2,16,0,-1,9.96491,9.32093,1,0.695607,-0.106455,0.088,1
930,1095,2,16,1,0,11.0436,9.15337,4,0.721833,0.0963737,0.088,1
930,1095,2,16,2,1,10.1918,10.2167,3,0.475944,-0.0816963,0.088,1
930,1095,2,16,3,1,10.1485,8.34579,3,0.838623,-0.0329435,0.088,1
930,1096,2,14,0,-1,0.833945,8.31751,1,-0.264606,-0.0962753,0.095,1
930,1096,2,14,1,0,0.100597,7.67455,4,-0.152982,-0.232188,0.095,1
930,1096,2,14,2,1,1.47444,7.76726,3,-0.17542,0.0197956,0.095,1
930,1096,2,14,3,1,0.0558264,8.98133,3,-0.348821,-0.240285,0.095,1
930,1097,2,15,0,-1,17.3979,-7.42766,1,0.249966,-0.452154,0.097,0
930,1097,2,15,1,0,17.6871,-8.35429,4,0.13659,-0.500608,0.097,0
930,1097,2,15,2,1,18.2727,-7.11269,3,0.168069,-0.535466,0.097,0
930,1100,2,17,0,-1,2.90344,4.4664,1,-0.716151,-0.225405,0.087,1
930,1100,2,17,1,0,2.15085,3.73823,4,-0.15241,-0.601826,0.087,1
930,1100,2,17,2,1,3.5833,3.47014,3,-0.0431816,-0.520355,0.087,1
930,1100,2,17,3,1,2.12343,4.9547,3,-0.651117,-0.512875,0.087,1
930,1101,2,22,0,-1,-11.0632,-4.5783,1,-0.387787,0.144239,0.085,1
930,1101,2,22,1,0,-12.0609,-4.11091,4,-0.539291,-0.114046,0.085,1
930,1101,2,22,2,1,-11.4737,-5.3116,3,-0.422276,-0.0559671,0.085,1
930,1101,2,22,3,1,-10.9612,-3.41327,3,-0.658138,-0.0314909,0.085,1
930,1102,2,18,0,-1,10.1175,-7.47575,1,-0.373358,-0.034156,0.096,1
930,1102,2,18,1,0,9.64363,-6.17949,4,-0.145078,0.15102,0.096,1
930,1102,2,18,2,1,9.11364,-7.36226,3,0.0272601,0.245653,0.096,1
930,1102,2,18,3,1,10.8112,-6.5854,3,-0.358615,-0.186364,0.096,1
930,1107,2,17,0,-1,9.49457,10.0308,1,0.577099,-0.175274,0.089,0
930,1107,2,17,1,0,10.1531,10.9007,4,0.271666,0.0800042,0.089,0
930,1107,2,17,2,1,8.7785,10.8762,3,0.308771,-0.469544,0.089,0
930,1113,2,16,0,-1,-7.37684,9.12191,1,0.40315,-0.360565,0.095,1
930,1113,2,16,1,0,-6.49355,8.72337,4,0.40772,-0.324585,0.095,1
930,1113,2,16,2,1,-7.02592,9.99457,3,0.00592384,-0.507745,0.095,1
930,1113,2,16,3,1,-7.70404,8.21265,3,0.363019,-0.208318,0.095,1
930,1114,2,23,0,-1,-10.9345,-5.44004,1,-0.00457421,0.280263,0.085,0
930,1114,2,23,1,0,-12.0384,-5.58467,4,-0.0317922,0.230049,0.085,0
930,1114,2,23,2,1,-11.1393,-6.64185,3,0.113048,0.36052,0.085,0
930,1116,2,19,0,-1,11.9153,-5.40338,1,-0.0920435,0.273554,0.097,1
930,1116,2,19,1,0,10.8268,-5.20873,4,-0.0726879,0.275766,0.097,1
930,1116,2,19,2,1,11.6414,-6.32022,3,-0.447647,-0.0322156,0.097,1
930,1116,2,19,3,1,12.0873,-4.68443,3,-0.110934,0.329559,0.097,1
930,1117,2,14,0,-1,-7.59664,1.58649,1,-0.342144,-0.113859,0.094,1
930,1117,2,14,1,0,-8.53236,1.29215,4,-0.407804,0.0248072,0.094,1
930,1117,2,14,2,1,-7.32089,0.647731,3,-0.612392,-0.295523,0.094,1
930,1117,2,14,3,1,-8.03226,2.50197,3,-0.437548,0.0484777,0.094,1
930,1119,34,20,0,-1,-9.20502,-10.1773,1,-0.345434,0.38107,0.067,1
930,1119,34,20,1,0,-10.3605,-10.237,4,-0.310558,-0.114584,0.067,1
930,1119,34,20,2,0,-10.263,-9.43846,3,-0.692474,-0.105719,0.067,1
930,1119,34,20,3,1,-9.44682,-11.3027,3,0.0730182,0.206423,0.067,1
930,1119,34,20,4,1,-9.45569,-9.30187,3,-0.753635,0.337787,0.067,1
930,1120,2,14,0,-1,-5.20435,11.7024,1,0.414114,-0.194731,0.096,1
930,1120,2,14,1,0,-4.51614,10.9971,4,0.299999,-0.300849,0.096,1
930,1120,2,14,2,1,-4.47517,12.3687,3,0.34385,-0.304884,0.096,1
930,1120,2,14,3,1,-5.88305,10.7891,3,0.234836,0.183956,0.096,1
930,1121,2,15,0,-1,-4.95218,3.49469,1,-0.330284,0.33643,0.094,1
930,1121,2,15,1,0,-5.43232,4.39855,4,-0.142822,0.438226,0.094,1
930,1121,2,15,2,1,-5.82369,3.09311,3,-0.556893,0.567155,0.094,1
930,1121,2,15,3,1,-4.16009,4.18322,3,-0.175664,0.132938,0.094,1
930,1125,2,22,0,-1,-5.12537,0.118549,1,-0.325249,0.181827,0.085,1
930,1125,2,22,1,0,-6.14237,0.380752,4,-0.361711,0.0463306,0.085,1
930,1125,2,22,2,1,-5.48368,-0.839943,3,-0.216696,0.135366,0.085,1
930,1125,2,22,3,1,-4.98765,1.01745,3,-0.437497,0.193946,0.085,1
930,1127,2,21,0,-1,-3.19452,-19.7093,1,-0.20158,-0.183122,0.093,1
930,1127,2,21,1,0,-4.28657,-19.9835,4,-0.190367,-0.381591,0.093,1
930,1127,2,21,2,1,-3.28643,-20.8839,3,-0.167893,-0.318603,0.093,1
930,1127,2,21,3,1,-3.48332,-18.9348,3,-0.220412,-0.257399,0.093,1
930,1130,2,17,0,-1,-9.50822,11.9457,1,0.233666,0.589357,0.095,1
930,1130,2,17,1,0,-9.27271,12.9192,4,-0.307596,0.735786,0.095,1
930,1130,2,17,2,1,-10.4737,12.2465,3,0.182161,-0.0443369,0.095,1
930,1130,2,17,3,1,-8.36685,11.9781,3,0.312661,1.31867,0.095,1
930,1133,2,19,0,-1,9.96481,-6.93454,1,-0.260728,0.131621,0.095,0
930,1133,2,19,1,0,10.9569,-7.48867,4,-0.439256,0.217897,0.095,0
930,1133,2,19,2,1,9.83941,-6.7019,3,-0.0735024,0.843469,0.095,0
930,1134,2,14,0,-1,-0.270402,6.30471,1,-0.557554,-0.155261,0.094,1
930,1134,2,14,1,0,-1.19395,5.95606,4,-0.677263,0.135573,0.094,1
930,1134,2,14,2,1,0.0577316,5.44051,3,-0.85029,-0.336412,0.094,1
930,1134,2,14,3,1,-0.810876,7.21273,3,-0.285112,0.0117979,0.094,1
930,1135,2,15,0,-1,-5.97286,11.969,1,0.466049,-0.00101641,0.096,0
930,1135,2,15,1,0,-6.42378,12.8354,4,0.260058,-0.0964352,0.096,0
930,1135,2,15,2,1,-6.79679,11.5083,3,0.388557,-0.135834,0.096,0
930,1136,2,18,0,-1,8.99298,-8.91166,1,-0.382585,0.235022,0.093,1
930,1136,2,18,1,0,8.04305,-8.24259,4,-0.452254,0.492907,0.093,1
930,1136,2,18,2,1,7.54364,-9.56859,3,-0.877852,0.711922,0.093,1
930,1136,2,18,3,1,9.47262,-8.02581,3,-0.595644,0.436721,0.093,1
930,1137,35,20,0,-1,11.4238,-4.72821,1,0.0333289,0.363553,0.122,0
930,1137,35,20,1,0,10.0458,-5.00255,3,0.0669896,0.496748,0.122,0
930,1138,2,18,0,-1,16.9609,5.37322,1,0.399205,-0.154709,0.087,1
930,1138,2,18,1,0,17.6131,4.54311,4,0.0760885,-0.427235,0.087,1
930,1138,2,18,2,1,17.9717,5.90171,3,0.75289,-0.617932,0.087,1
930,1138,2,18,3,1,16.4015,4.75037,3,0.162568,0.040755,0.087,1
930,1139,2,15,0,-1,5.32593,22.6408,1,0.413296,0.279608,0.089,0
930,1143,2,16,0,-1,-4.13321,3.42614,1,-0.396024,0.128674,0.095,0
930,1143,2,16,1,0,-3.39575,4.1434,4,-0.0570116,-0.10408,0.095,0
930,1146,2,22,0,-1,-9.79032,-13.1824,1,-0.261515,0.189008,0.094,1
930,1146,2,22,1,0,-10.7467,-12.5574,4,-0.258909,0.198469,0.094,1
930,1146,2,22,2,1,-10.5846,-13.9493,3,-0.309653,0.195361,0.094,1
930,1146,2,22,3,1,-9.44662,-12.435,3,-0.25829,0.183593,0.094,1
930,1150,34,21,0,-1,-8.44965,-10.4721,1,-0.326463,0.443852,0.067,0
930,1150,34,21,1,0,-8.24884,-11.5964,4,0.0858617,0.517411,0.067,0
930,1151,2,14,0,-1,-0.593595,2.709,1,-0.180015,0.196731,0.093,1
930,1151,2,14,1,0,-1.04612,3.72182,4,-0.115983,0.24401,0.093,1
930,1151,2,14,2,1,-1.5171,2.44793,3,-0.736207,0.473005,0.093,1
930,1151,2,14,3,1,0.0804807,3.13851,3,-0.220111,-0.0968745,0.093,1
930,1152,2,15,0,-1,0.517767,3.69468,1,-0.473237,-0.213664,0.093,1
930,1152,2,15,1,0,-0.459678,3.72932,4,-0.348053,-0.517605,0.093,1
930,1152,2,15,2,1,0.500104,2.61838,3,-0.368884,-0.510154,0.093,1
930,1152,2,15,3,1,0.383609,4.76558,3,-0.554577,-0.298147,0.093,1
930,1153,2,15,0,-1,1.24689,9.00558,1,-0.0972271,-0.190665,0.096,0
930,1155,2,19,0,-1,16.1938,5.62462,1,0.30685,-0.426873,0.088,0
930,1156,2,20,0,-1,-2.81033,-17.5935,1,-0.109631,-0.0195884,0.092,0
930,1156,2,20,1,0,-1.97247,-18.361,4,-0.123114,-0.0317914,0.092,0
930,1158,2,15,0,-1,-7.29899,2.33753,1,-0.302877,-0.139532,0.095,0
930,1159,2,18,0,-1,4.10588,3.98119,1,0.255618,-0.717931,0.087,1
930,1159,2,18,1,0,4.19753,2.93878,4,-0.148267,-0.614328,0.087,1
930,1159,2,18,2,1,5.28947,3.84024,3,0.308151,-0.964399,0.087,1
930,1159,2,18,3,1,3.0803,3.60124,3,-0.144313,-0.499182,0.087,1
930,1160,2,22,0,-1,-3.32671,-22.8095,1,-0.326647,-0.373944,0.092,1
930,1160,2,22,1,0,-2.58061,-23.6588,4,0.316246,-0.0499964,0.092,1
930,1160,2,22,2,1,-2.60675,-22.3052,3,-0.20334,0.0544224,0.092,1
930,1160,2,22,3,1,-3.88728,-23.386,3,0.0809454,-0.816653,0.092,1
930,1162,2,15,0,-1,-1.09331,3.15589,1,-0.378397,-0.0442188,0.092,0
930,1163,2,19,0,-1,9.78889,-9.13796,1,-0.385257,-0.317442,0.092,0
930,1163,2,19,1,0,8.78286,-9.78619,4,-0.267325,-0.160471,0.092,0
930,1164,2,18,0,-1,-10.1676,11.438,1,0.675772,0.00300617,0.095,0
930,1164,2,18,1,0,-11.0813,11.7992,4,0.551755,-0.275537,0.095,0
930,1165,2,16,0,-1,-0.130946,4.17221,1,-0.296042,0.212815,0.093,0
930,1165,2,16,1,0,0.753313,4.44483,4,-0.152392,-0.103657,0.093,0
930,1165,2,16,2,1,-0.747123,4.77034,3,-0.160973,0.0721764,0.093,0
930,1172,2,14,0,-1,-2.69744,2.38912,1,-1.60694,0.575693,0.095,0
960,747,2,12,0,-1,12.7276,-8.33844,1,0.366841,0.278956,0.095,1
960,747,2,12,1,0,13.4932,-8.94397,4,0.468228,0.54945,0.095,1
960,747,2,12,2,1,13.2683,-7.5904,3,0.377047,0.588263,0.095,1
960,747,2,12,3,1,12.2321,-9.19273,3,0.651005,0.281143,0.095,1
960,977,2,19,0,-1,1.60577,-21.7188,1,0.203771,-0.028544,0.092,1
960,977,2,19,1,0,2.83069,-21.7826,4,0.283334,-0.383989,0.092,1
960,977,2,19,2,1,2.40429,-20.4125,3,0.391115,-0.292603,0.092,1
960,977,2,19,3,1,1.76382,-22.5348,3,-0.00714558,0.114393,0.092,1
960,1040,2,21,0,-1,-0.0786269,-6.46802,1,-0.588475,0.0600726,0.085,1
960,1040,2,21,1,0,-0.755922,-5.66177,4,-0.181303,0.3965,0.085,1
960,1040,2,21,2,1,-1.01319,-7.03352,3,-0.804333,0.499841,0.085,1
960,1040,2,21,3,1,0.570256,-5.73196,3,-0.226414,-0.271946,0.085,1
960,1088,2,13,0,-1,2.83939,-20.7362,1,0.515267,-0.713544,0.094,1
960,1088,2,13,1,0,3.56665,-21.2459,4,0.788344,-0.344592,0.094,1
960,1088,2,13,2,1,3.17779,-19.8566,3,0.295264,-0.424489,0.094,1
960,1088,2,13,3,1,2.30546,-21.6316,3,0.810261,-0.718649,0.094,1
960,1095,2,16,0,-1,16.0075,7.89258,1,-0.310861,0.110055,0.088,1
960,1095,2,16,1,0,14.9504,8.0613,4,-0.313846,0.377458,0.088,1
960,1095,2,16,2,1,15.5294,6.79196,3,-0.861898,0.144739,0.088,1
960,1095,2,16,3,1,15.9459,8.74679,3,-0.256022,0.233337,0.088,1
960,1096,2,14,0,-1,6.85319,10.9721,1,0.225679,-0.24686,0.095,1
960,1096,2,14,1,0,7.39452,10.1373,4,0.0668293,-0.391933,0.095,1
960,1096,2,14,2,1,7.61744,11.4804,3,0.501884,-0.478192,0.095,1
960,1096,2,14,3,1,6.08482,10.171,3,0.101395,-0.0135191,0.095,1
960,1100,2,17,0,-1,-2.99912,1.23001,1,-0.00833395,0.536065,0.087,1
960,1100,2,17,1,0,-3.42358,2.17374,4,-0.35947,0.388556,0.087,1
960,1100,2,17,2,1,-4.16017,0.940912,3,0.360422,0.0840232,0.087,1
960,1100,2,17,3,1,-2.35631,1.57038,3,-0.313728,0.443907,0.087,1
960,1101,2,22,0,-1,-20.6617,-7.13571,1,-0.118812,0.420565,0.085,1
960,1101,2,22,1,0,-21.0944,-6.16894,4,-0.226752,0.391616,0.085,1
960,1101,2,22,2,1,-21.5738,-7.49166,3,-0.17949,0.381098,0.085,1
960,1101,2,22,3,1,-19.9172,-6.76277,3,-0.172921,0.506071,0.085,1
960,1102,2,18,0,-1,9.90432,-6.99739,1,-0.155914,-0.42877,0.096,1
960,1102,2,18,1,0,9.39531,-8.05219,4,-0.538105,-0.299988,0.096,1
960,1102,2,18,2,1,10.7832,-8.0447,3,-0.56398,-0.74326,0.096,1
960,1102,2,18,3,1,9.0748,-6.78576,3,-0.0584897,-0.203045,0.096,1
960,1107,2,17,0,-1,12.0092,15.0301,1,-0.473682,-0.0538865,0.089,1
960,1107,2,17,1,0,11.0683,14.5398,4,-0.529833,0.0739625,0.089,1
960,1107,2,17,2,1,12.3751,14.1445,3,-0.618929,-0.236671,0.089,1
960,1107,2,17,3,1,11.5072,15.683,3,-0.422863,0.0408257,0.089,1
960,1114,2,23,0,-1,-5.5867,-3.45516,1,0.327366,0.0834187,0.085,1
960,1114,2,23,1,0,-4.79182,-2.77118,4,0.212816,0.216413,0.085,1
960,1114,2,23,2,1,-6.17452,-2.64173,3,0.188767,-0.0117851,0.085,1
960,1114,2,23,3,1,-4.95048,-4.0801,3,0.434273,0.192422,0.085,1
960,1116,2,19,0,-1,14.606,-3.93378,1,-0.396314,-0.18775,0.097,1
960,1116,2,19,1,0,13.931,-4.85577,4,-0.306953,-0.246927,0.097,1
960,1116,2,19,2,1,15.3331,-4.9615,3,-0.293228,0.0152631,0.097,1
960,1116,2,19,3,1,13.9151,-3.50759,3,-0.496371,-0.236741,0.097,1
960,1120,2,14,0,-1,-0.463666,9.08461,1,0.159944,-0.421096,0.096,1
960,1120,2,14,1,0,-0.346318,8.11736,4,-0.104839,-0.449292,0.096,1
960,1120,2,14,2,1,0.466749,9.22745,3,0.188102,-0.644908,0.096,1
960,1120,2,14,3,1,-1.5145,8.85738,3,0.0940289,-0.150482,0.096,1
960,1130,2,17,0,-1,-10.9132,14.0154,1,0.291093,0.330396,0.095,1
960,1130,2,17,1,0,-10.2724,14.7505,4,0.453864,0.162509,0.095,1
960,1130,2,17,2,1,-11.6461,14.6147,3,0.46635,0.210556,0.095,1
960,1130,2,17,3,1,-10.0895,13.4596,3,0.282292,0.119227,0.095,1
960,1133,2,19,0,-1,9.65753,-6.19765,1,-0.0779269,-0.347451,0.095,0
960,1133,2,19,1,0,9.65074,-5.02934,4,0.616049,-0.319594,0.095,0
960,1133,2,19,2,1,8.57219,-5.77319,3,0.261766,0.234198,0.095,0
960,1137,35,20,0,-1,13.8517,-4.16772,1,-0.364759,-0.203489,0.122,0
960,1137,35,20,1,0,15.2812,-4.18665,3,-0.339724,0.0338439,0.122,0
960,1146,2,22,0,-1,-14.335,-8.64049,1,0.012432,-0.173613,0.094,1
960,1146,2,22,1,0,-14.9247,-7.6813,4,0.16944,-0.022678,0.094,1
960,1146,2,22,2,1,-15.3545,-9.05805,3,-0.138095,0.113317,0.094,1
960,1146,2,22,3,1,-13.6188,-7.96171,3,0.127457,-0.158234,0.094,1
960,1152,2,15,0,-1,-0.511116,4.73116,1,-0.159545,0.30554,0.093,1
960,1152,2,15,1,0,-0.011607,5.56968,4,-0.131567,0.473518,0.093,1
960,1152,2,15,2,1,-1.40362,5.04353,3,-0.0194988,0.433042,0.093,1
960,1152,2,15,3,1,0.704917,4.40909,3,0.299149,0.818635,0.093,1
960,1153,2,15,0,-1,6.72549,11.7767,1,0.494763,-0.192914,0.096,0
960,1156,2,20,0,-1,-1.46535,-17.9487,1,0.798597,0.120855,0.092,1
960,1156,2,20,1,0,-0.509755,-17.3222,4,0.478916,0.58921,0.092,1
960,1156,2,20,2,1,-1.84962,-16.8656,3,0.129432,-0.438632,0.092,1
960,1156,2,20,3,1,-0.900778,-18.5673,3,0.821615,0.461613,0.092,1
960,1159,2,18,0,-1,-2.65346,2.28752,1,-0.296926,0.103504,0.087,1
960,1159,2,18,1,0,-3.38825,3.08078,4,-0.063434,0.294183,0.087,1
960,1159,2,18,2,1,-4.10144,1.83601,3,-1.00566,0.89452,0.087,1
960,1159,2,18,3,1,-2.16269,3.04671,3,-0.0223395,0.109746,0.087,1
960,1164,2,18,0,-1,-12.9354,11.1668,1,0.564952,-0.693658,0.095,1
960,1164,2,18,1,0,-12.8263,10.2077,4,-0.0407185,-0.735765,0.095,1
960,1164,2,18,2,1,-11.996,11.3431,3,-0.0835322,-0.682637,0.095,1
960,1164,2,18,3,1,-13.9626,10.8935,3,0.403563,-0.113969,0.095,1
960,1165,2,16,0,-1,2.41529,0.405435,1,-0.263012,-0.88087,0.093,1
960,1165,2,16,1,0,2.37902,-0.56419,4,0.00268664,-0.885181,0.093,1
960,1165,2,16,2,1,3.3607,0.544798,3,-0.363929,-0.560414,0.093,1
960,1165,2,16,3,1,1.48947,0.385513,3,0.157006,-0.788547,0.093,1
960,1173,2,19,0,-1,-1.88715,1.97249,1,-0.180538,0.368505,0.086,0
960,1173,2,19,1,0,-1.13422,2.65456,4,0.0135429,0.0757097,0.086,0
960,1174,2,14,0,-1,-6.08163,-13.1155,1,0.131007,0.308096,0.093,1
960,1174,2,14,1,0,-5.51568,-12.3161,4,0.204902,0.252779,0.093,1
960,1174,2,14,2,1,-6.87993,-12.5085,3,0.193514,0.351898,0.093,1
960,1174,2,14,3,1,-5.15345,-13.5766,3,-0.015687,0.190727,0.093,1
960,1176,2,15,0,-1,-10.8969,11.2031,1,-0.315219,-0.797439,0.094,1
960,1176,2,15,1,0,-10.7089,10.2177,4,-0.00157808,-0.730654,0.094,1
960,1176,2,15,2,1,-9.819,11.2475,3,-0.55837,-0.266588,0.094,1
960,1176,2,15,3,1,-11.8968,10.7111,3,-0.247277,-1.12429,0.094,1
960,1177,2,19,0,-1,-13.0624,12.9265,1,0.820048,-0.0698833,0.094,1
960,1177,2,19,1,0,-12.7233,12.0048,4,0.327183,-0.269668,0.094,1
960,1177,2,19,2,1,-12.0493,13.2075,3,0.776188,-0.446791,0.094,1
960,1177,2,19,3,1,-13.9819,12.3921,3,0.551711,0.431321,0.094,1
960,1179,2,17,0,-1,2.18465,2.26806,1,-0.170172,-0.343873,0.092,1
960,1179,2,17,1,0,2.19349,1.28996,4,0.482283,-0.353169,0.092,1
960,1179,2,17,2,1,3.17645,2.40088,3,-0.0883241,0.154046,0.092,1
960,1179,2,17,3,1,1.14996,2.09606,3,-0.142106,-1.13978,0.092,1
960,1181,2,23,0,-1,-22.7332,-9.03093,1,-0.161644,0.328683,0.093,1
960,1181,2,23,1,0,-23.2458,-8.01305,4,-0.0472421,0.349769,0.093,1
960,1181,2,23,2,1,-23.6462,-9.34515,3,-0.146005,0.37729,0.093,1
960,1181,2,23,3,1,-22.0694,-8.5928,3,-0.108679,0.184341,0.093,1
960,1182,2,18,0,-1,9.00421,11.2429,1,0.563105,-0.074507,0.089,1
960,1182,2,18,1,0,9.97519,11.5405,4,0.4896,-0.0137988,0.089,1
960,1182,2,18,2,1,8.76302,12.2255,3,0.185987,-0.456662,0.089,1
960,1182,2,18,3,1,9.21026,10.5307,3,0.633797,-0.0941948,0.089,1
960,1184,2,24,0,-1,-13.1546,-4.00837,1,-0.263009,0.175247,0.085,1
960,1184,2,24,1,0,-13.9426,-4.72189,4,-0.314946,0.238476,0.085,1
960,1184,2,24,2,1,-12.5753,-4.89612,3,-0.302992,0.157982,0.085,1
960,1184,2,24,3,1,-13.8854,-3.40858,3,0.0652925,0.184528,0.085,1
960,1187,2,18,0,-1,-11.5299,15.9773,1,0.363311,0.336684,0.096,1
960,1187,2,18,1,0,-10.9675,16.7761,4,0.0942106,0.581069,0.096,1
960,1187,2,18,2,1,-12.3504,16.8344,3,0.0521911,0.340918,0.096,1
960,1187,2,18,3,1,-10.7549,15.4388,3,1.07607,0.714315,0.096,1
960,1188,2,20,0,-1,-20.155,7.36968,1,-0.198768,0.363508,0.093,1
960,1188,2,20,1,0,-20.7215,8.16363,4,-0.452966,0.178756,0.093,1
960,1188,2,20,2,1,-20.8935,6.79408,3,-0.00257324,0.115205,0.093,1
960,1188,2,20,3,1,-19.4205,8.0446,3,-0.412833,0.598941,0.093,1
960,1190,2,17,0,-1,16.5865,8.47146,1,-0.163718,-0.0313565,0.089,0
960,1191,2,23,0,-1,-21.3599,-6.75893,1,-0.14954,0.35688,0.086,1
960,1191,2,23,1,0,-21.7284,-5.76454,4,-0.312829,0.280446,0.086,1
960,1191,2,23,2,1,-22.3161,-7.02368,3,-0.033291,0.147199,0.086,1
960,1191,2,23,3,1,-20.4209,-6.1188,3,-0.252969,0.453516,0.086,1
960,1193,2,24,0,-1,-22.2678,-9.68369,1,-0.233635,0.308395,0.093,0
960,1195,2,23,0,-1,-14.1249,-7.49106,1,0.00699493,-0.253339,0.095,1
960,1195,2,23,1,0,-13.6853,-8.68628,4,0.205546,-0.157552,0.095,1
960,1195,2,23,2,1,-12.8601,-7.60303,3,-0.0242533,-0.0478209,0.095,1
960,1195,2,23,3,1,-14.9958,-8.43821,3,0.205131,-0.200789,0.095,1
960,1197,2,19,0,-1,9.7384,10.8229,1,0.493592,-0.280996,0.09,0
960,1197,2,19,1,0,9.33395,9.82418,4,0.719016,-0.38799,0.09,0
960,1198,2,18,0,-1,16.7875,18.8995,1,0.379088,-0.199968,0.088,1
960,1198,2,18,1,0,17.6885,18.3562,4,0.443168,-0.104791,0.088,1
960,1198,2,18,2,1,17.2932,19.6798,3,0.301674,-0.159919,0.088,1
960,1198,2,18,3,1,16.4925,18.1263,3,0.467574,-0.265968,0.088,1
960,1200,2,15,0,-1,-5.99923,-13.9181,1,-0.198146,0.269383,0.094,0
960,1203,2,25,0,-1,-12.9074,-3.23816,1,-0.250423,0.166819,0.086,0
960,1209,2,18,0,-1,-7.73876,15.3842,1,0.721127,0.304265,0.094,1
960,1209,2,18,1,0,-7.02885,16.0561,4,0.246701,0.745614,0.094,1
960,1209,2,18,2,1,-8.4191,16.1026,3,0.174484,-0.153722,0.094,1
960,1209,2,18,3,1,-6.87301,14.7484,3,1.10324,0.824214,0.094,1
960,1213,2,24,0,-1,-13.8497,-6.70466,1,0.0290915,-0.247148,0.095,0
960,1213,2,24,1,0,-12.7036,-7.03403,4,-0.018339,-0.463709,0.095,0
960,1213,2,24,2,1,-13.1349,-5.70717,3,0.817589,-0.331908,0.095,0
960,1214,2,13,0,-1,12.9914,-9.63209,1,0.657758,-0.60014,0.094,1
960,1214,2,13,1,0,13.7976,-10.2158,4,0.49025,-0.723015,0.094,1
960,1214,2,13,2,1,14.2037,-8.87041,3,0.427224,-0.636593,0.094,1
960,1214,2,13,3,1,12.6574,-10.8863,3,-0.0410304,0.0632472,0.094,1
960,1217,2,14,0,-1,3.61234,-20.4826,1,0.508173,-0.307818,0.093,0
960,1217,2,14,1,0,4.34242,-21.1324,4,0.887197,0.0685868,0.093,0
960,1218,2,19,0,-1,-7.95769,14.6113,1,0.469613,0.385401,0.095,0
960,1219,2,19,0,-1,-10.7261,16.1223,1,0.311262,0.117991,0.095,0
960,1219,2,19,1,0,-9.75245,16.131,4,0.255599,0.860816,0.095,0
960,1220,2,16,0,-1,0.235983,4.90086,1,-0.217886,1.10992,0.093,0
960,1221,2,18,0,-1,12.7996,15.1987,1,-0.498793,0.0324515,0.09,0
990,747,2,12,0,-1,12.2546,-9.41137,1,-0.349241,-0.337126,0.095,1
990,747,2,12,1,0,11.5161,-10.0174,4,-0.32272,-0.388019,0.095,1
990,747,2,12,2,1,12.9089,-9.92662,3,-0.357099,-0.181676,0.095,1
990,747,2,12,3,1,11.5525,-8.70314,3,-0.34013,-0.385036,0.095,1
990,1095,2,16,0,-1,7.9799,9.08185,1,-0.573221,-0.278007,0.088,1
990,1095,2,16,1,0,7.29099,8.25469,4,-0.237144,-0.55322,0.088,1
990,1095,2,16,2,1,8.71248,8.19136,3,-0.204757,-0.00894449,0.088,1
990,1095,2,16,3,1,7.11559,9.45436,3,-0.782993,-0.626767,0.088,1
990,1096,2,14,0,-1,2.40777,8.09095,1,0.074897,-0.386404,0.095,1
990,1096,2,14,1,0,2.87793,7.23489,4,-0.0545621,-0.46386,0.095,1
990,1096,2,14,2,1,3.09667,8.58512,3,0.201949,-0.504644,0.095,1
990,1096,2,14,3,1,1.5924,7.49194,3,-0.0139281,-0.280219,0.095,1
990,1102,2,18,0,-1,2.68294,-7.46142,1,-0.383497,0.274247,0.096,1
990,1102,2,18,1,0,1.56959,-7.72283,4,-0.296503,-0.116778,0.096,1
990,1102,2,18,2,1,2.65583,-8.61168,3,0.0303169,0.280503,0.096,1
990,1102,2,18,3,1,2.37205,-6.69024,3,-0.676145,0.161578,0.096,1
990,1107,2,17,0,-1,3.29468,11.0202,1,-0.0707073,-0.419622,0.089,1
990,1107,2,17,1,0,3.84546,10.1155,4,0.250947,-0.241752,0.089,1
990,1107,2,17,2,1,4.20865,11.4463,3,-0.0887319,-0.180195,0.089,1
990,1107,2,17,3,1,2.67022,10.4466,3,0.114409,-0.676706,0.089,1
990,1116,2,19,0,-1,12.8382,-13.7408,1,0.291734,0.181557,0.097,1
990,1116,2,19,1,0,13.9575,-13.945,4,0.222877,-0.108074,0.097,1
990,1116,2,19,2,1,13.4247,-12.6154,3,0.309652,-0.0554544,0.097,1
990,1116,2,19,3,1,12.7994,-14.5742,3,0.091397,0.167859,0.097,1
990,1130,2,17,0,-1,-11.0025,10.1515,1,1.14755,-0.110579,0.095,1
990,1130,2,17,1,0,-10.6462,11.1018,4,0.278876,0.426109,0.095,1
990,1130,2,17,2,1,-11.9806,10.7804,3,0.518349,-0.147142,0.095,1
990,1130,2,17,3,1,-9.9374,10.0024,3,0.552858,0.832935,0.095,1
990,1137,35,20,0,-1,13.4803,-13.2716,1,0.648851,-0.236324,0.122,0
990,1137,35,20,1,0,12.1474,-12.7564,3,0.664263,-0.273848,0.122,0
990,1137,35,20,2,0,14.1543,-12.3213,4,0.423043,-0.119216,0.122,0
990,1146,2,22,0,-1,-12.8544,-16.3947,1,0.349476,0.108586,0.094,1
990,1146,2,22,1,0,-13.1688,-15.3062,4,0.060188,0.0547232,0.094,1
990,1146,2,22,2,1,-13.8865,-16.5008,3,0.355658,-0.117924,0.094,1
990,1146,2,22,3,1,-12.0788,-16.0569,3,0.293498,0.456745,0.094,1
990,1152,2,15,0,-1,6.70423,0.710085,1,0.10164,-0.479159,0.093,1
990,1152,2,15,1,0,5.80656,0.269504,4,-0.0888665,-0.327481,0.093,1
990,1152,2,15,2,1,7.27034,0.0660218,3,-0.31151,-1.33874,0.093,1
990,1152,2,15,3,1,5.87077,1.59896,3,-0.341904,-0.36272,0.093,1
990,1156,2,20,0,-1,-1.74094,-13.6688,1,-0.297619,0.218044,0.092,1
990,1156,2,20,1,0,-2.45876,-12.7408,4,-0.0129816,0.444448,0.092,1
990,1156,2,20,2,1,-3.04603,-14.0243,3,-0.272381,0.56906,0.092,1
990,1156,2,20,3,1,-1.18873,-13.0381,3,-0.094627,0.0608809,0.092,1
990,1159,2,18,0,-1,-0.293508,-1.87782,1,0.199803,-0.244052,0.087,1
990,1159,2,18,1,0,0.7899,-1.96653,4,0.234286,-0.673219,0.087,1
990,1159,2,18,2,1,0.188771,-0.68483,3,0.797588,-0.449586,0.087,1
990,1159,2,18,3,1,-0.15452,-2.74262,3,-0.18253,-0.0682632,0.087,1
990,1164,2,18,0,-1,-19.3786,10.7815,1,-0.402897,0.035754,0.095,1
990,1164,2,18,1,0,-20.3447,10.9086,4,-0.423549,-0.110129,0.095,1
990,1164,2,18,2,1,-19.448,9.86208,3,-0.300079,-0.00587429,0.095,1
990,1164,2,18,3,1,-19.3559,11.7602,3,-0.572112,0.0677897,0.095,1
990,1165,2,16,0,-1,3.14311,-1.17283,1,0.616929,0.198753,0.093,1
990,1165,2,16,1,0,4.11031,-1.12712,4,0.609025,-0.278394,0.093,1
990,1165,2,16,2,1,2.91376,-0.253306,3,1.0516,0.454689,0.093,1
990,1165,2,16,3,1,3.2498,-2.12665,3,0.0768698,0.202973,0.093,1
990,1173,2,19,0,-1,-0.959763,-1.43542,1,0.247673,-0.128413,0.086,0
990,1173,2,19,1,0,-0.840021,-2.46836,4,-0.155676,-0.126626,0.086,0
990,1173,2,19,2,1,0.23348,-1.50441,3,0.290169,-0.548828,0.086,0
990,1176,2,15,0,-1,-13.0311,7.7354,1,0.235757,0.0641863,0.094,1
990,1176,2,15,1,0,-12.0643,7.76656,4,0.23807,-0.0109925,0.094,1
990,1176,2,15,2,1,-13.1082,8.65891,3,0.239272,-0.0705006,0.094,1
990,1176,2,15,3,1,-13.0242,6.8336,3,0.251683,-0.0468645,0.094,1
990,1177,2,19,0,-1,-10.8093,5.94365,1,-0.0602909,0.398909,0.094,1
990,1177,2,19,1,0,-10.3447,6.84056,4,0.48262,0.115448,0.094,1
990,1177,2,19,2,1,-11.6725,6.51904,3,0.304174,0.611082,0.094,1
990,1177,2,19,3,1,-9.8036,5.667,3,-0.30446,-0.248292,0.094,1
990,1179,2,17,0,-1,1.48187,0.327419,1,0.499697,-0.205334,0.092,1
990,1179,2,17,1,0,2.42923,0.594566,4,0.395923,0.355151,0.092,1
990,1179,2,17,2,1,1.0235,1.14062,3,0.267585,-0.269171,0.092,1
990,1179,2,17,3,1,2.10691,-0.676871,3,1.44149,0.0717244,0.092,1
990,1182,2,18,0,-1,9.0273,12.0363,1,0.116233,-0.188852,0.089,1
990,1182,2,18,1,0,10.0602,11.8023,4,0.138119,-0.0893221,0.089,1
990,1182,2,18,2,1,9.28826,12.9392,3,0.0606227,-0.168416,0.089,1
990,1182,2,18,3,1,8.98969,11.2121,3,0.164864,-0.154477,0.089,1
990,1190,2,17,0,-1,8.79631,8.99189,1,-0.533563,0.0426521,0.089,0
990,1190,2,17,1,0,8.03325,8.27576,4,-0.222027,-0.292546,0.089,0
990,1190,2,17,2,1,9.44066,8.01239,3,-0.102991,0.296955,0.089,0
990,1195,2,23,0,-1,-15.1822,-14.2707,1,0.408983,-0.0423927,0.095,1
990,1195,2,23,1,0,-14.4631,-13.302,4,-0.449305,0.62854,0.095,1
990,1195,2,23,2,1,-15.8044,-13.1981,3,-0.529096,0.0210399,0.095,1
990,1195,2,23,3,1,-14.1987,-14.6123,3,0.734413,0.842683,0.095,1
990,1197,2,19,0,-1,11.9981,4.36455,1,0.0412457,0.0687598,0.09,1
990,1197,2,19,1,0,11.046,4.8442,4,0.128521,0.268736,0.09,1
990,1197,2,19,2,1,11.3283,3.49332,3,-0.186851,0.213227,0.09,1
990,1197,2,19,3,2,12.0879,3.54772,4,-0.169486,0.0535832,0.09,1
990,1197,2,19,4,1,12.226,5.16213,3,0.197389,0.018596,0.09,1
990,1213,2,24,0,-1,-12.0199,-13.5553,1,0.0878155,0.454988,0.095,1
990,1213,2,24,1,0,-11.9929,-12.3588,4,0.10953,0.402885,0.095,1
990,1213,2,24,2,1,-13.1529,-13.1974,3,0.271233,0.262973,0.095,1
990,1213,2,24,3,1,-11.2367,-13.4355,3,0.210639,0.455261,0.095,1
990,1214,2,13,0,-1,7.48466,-18.334,1,0.157473,-0.441735,0.094,1
990,1214,2,13,1,0,7.15573,-19.2672,4,-0.09107,-0.364732,0.094,1
990,1214,2,13,2,1,8.42205,-18.7012,3,0.112356,-0.803744,0.094,1
990,1214,2,13,3,1,6.57143,-18.0779,3,0.188425,-0.236602,0.094,1
990,1220,2,16,0,-1,6.04108,1.03992,1,0.200361,-0.458291,0.093,0
990,1220,2,16,1,0,6.6454,1.83154,4,-0.253134,-0.0503679,0.093,0
990,1221,2,18,0,-1,11.8553,10.666,1,-0.149886,-0.290103,0.09,1
990,1221,2,18,1,0,10.8913,10.2332,4,-0.181918,-0.190196,0.09,1
990,1221,2,18,2,1,12.1507,9.68225,3,-0.203757,-0.298194,0.09,1
990,1221,2,18,3,1,11.3634,11.3675,3,0.015762,-0.291649,0.09,1
990,1222,2,14,0,-1,15.2961,-13.4583,1,0.189072,-0.463021,0.095,1
990,1222,2,14,1,0,16.1747,-13.8398,4,0.299119,-0.130564,0.095,1
990,1222,2,14,2,1,15.5089,-12.631,3,-0.124156,-0.351812,0.095,1
990,1222,2,14,3,1,14.8904,-14.1655,3,0.389041,-0.518014,0.095,1
990,1225,2,16,0,-1,-12.4346,7.18732,1,0.131782,-0.0056532,0.095,0
990,1225,2,16,1,0,-12.5222,6.22947,4,0.145044,-0.0327252,0.095,0
990,1225,2,16,2,1,-11.535,7.20785,3,-0.0179587,0.139531,0.095,0
990,1227,2,25,0,-1,-9.11835,-4.62039,1,-0.235887,0.29119,0.096,1
990,1227,2,25,1,0,-10.3167,-4.7113,4,-0.0892851,0.25921,0.096,1
990,1227,2,25,2,1,-9.38323,-5.72916,3,-0.0200993,0.297356,0.096,1
990,1227,2,25,3,1,-9.34514,-3.76456,3,-0.256366,0.384866,0.096,1
990,1228,36,19,0,-1,12.6646,10.6781,1,-0.164141,-0.273063,0.115,0
990,1228,36,19,1,0,13.1842,9.76327,4,-0.204166,-0.290977,0.115,0
990,1228,36,19,2,1,13.5712,11.079,3,-0.0918888,-0.34817,0.115,0
990,1229,2,17,0,-1,-4.46931,-1.26829,1,-0.321517,0.128944,0.092,1
990,1229,2,17,1,0,-5.38132,-0.893045,4,-0.35549,0.081416,0.092,1
990,1229,2,17,2,1,-4.81193,-2.2519,3,-0.331453,0.0975115,0.092,1
990,1229,2,17,3,1,-4.26323,-0.212225,3,-0.40946,0.158151,0.092,1
990,1230,2,20,0,-1,12.8141,4.24108,1,0.00575148,-0.230418,0.089,0
990,1230,2,20,1,0,12.9908,3.19824,4,-0.421372,-0.303348,0.089,0
990,1230,2,20,2,1,13.9051,4.23646,3,0.053511,-0.713396,0.089,0
990,1232,2,15,0,-1,15.5159,-14.2578,1,0.371872,-0.448553,0.094,0
990,1232,2,15,1,0,14.7519,-14.8987,4,0.549588,-0.681173,0.094,0
990,1233,2,13,0,-1,12.2524,-10.2423,1,-0.271726,-0.334581,0.095,0
990,1233,2,13,1,0,11.4806,-10.8467,4,-0.205422,-0.393522,0.095,0
990,1233,2,13,2,1,12.8322,-11.0362,3,-0.196112,-0.405995,0.095,0
990,1235,2,24,0,-1,-15.9362,-14.5486,1,0.453863,-0.108558,0.094,0
990,1239,2,18,0,-1,11.6863,18.9941,1,-0.0243331,0.315644,0.088,1
990,1239,2,18,1,0,11.709,20.0936,4,-0.0223611,0.315356,0.088,1
990,1239,2,18,2,1,10.7292,19.1204,3,-0.0853616,0.381162,0.088,1
990,1239,2,18,3,1,11.6662,19.6853,1,-0.0150604,0.305514,0.088,1
990,1239,2,18,4,1,12.4971,19.1687,3,0.0237312,0.362108,0.088,1
990,1242,2,14,0,-1,6.61269,-18.8836,1,-0.0638976,-0.300278,0.093,1
990,1242,2,14,1,0,6.63995,-19.8766,8,-0.203775,-0.313991,0.093,1
990,1242,2,14,2,1,7.78471,-19.0748,3,-0.0704544,-0.51453,0.093,1
990,1242,2,14,3,1,5.6441,-19.034,3,-0.10535,-0.205059,0.093,1
990,1243,2,21,0,-1,-3.3801,-10.0689,1,0.00912313,-0.423364,0.092,1
990,1243,2,21,1,0,-3.01786,-11.1531,4,-0.14609,-0.458331,0.092,1
990,1243,2,21,2,1,-2.25532,-9.996,3,-0.222605,-0.407189,0.092,1
990,1243,2,21,3,1,-4.11636,-10.4299,3,-0.0868147,-0.352195,0.092,1
990,1244,2,26,0,-1,-13.6687,-7.36561,1,-0.552039,-0.493154,0.096,1
990,1244,2,26,1,0,-13.0716,-8.41698,4,0.186524,-0.0517506,0.096,1
990,1244,2,26,2,1,-12.4241,-7.15865,3,-0.668299,0.372335,0.096,1
990,1244,2,26,3,1,-14.3559,-8.08466,3,-0.029315,-0.8235,0.096,1
990,1245,2,18,0,-1,4.33431,1.65276,1,-0.0728006,-0.426552,0.093,1
990,1245,2,18,1,0,4.48907,0.680545,4,0.223372,-0.416165,0.093,1
990,1245,2,18,2,1,5.20917,1.96233,3,0.0605837,-0.338684,0.093,1
990,1245,2,18,3,1,3.35078,1.31033,3,0.022014,-0.767626,0.093,1
990,1246,2,19,0,-1,8.22074,12.1344,1,0.0614147,-0.706066,0.089,0
990,1247,2,19,0,-1,11.5358,18.1964,1,-0.450367,0.397393,0.088,0
990,1249,2,18,0,-1,-10.7374,9.34056,1,0.0770936,-0.60675,0.096,0
990,1249,2,18,1,0,-11.6311,9.04667,4,-0.108008,-0.066376,0.096,0
990,1249,2,18,2,1,-10.3517,8.52121,3,0.290476,1.35814,0.096,0
990,1252,2,25,0,-1,-12.6983,-12.5505,1,-0.5947,1.3528,0.095,1
990,1252,2,25,1,0,-13.7972,-11.9765,4,-0.431249,1.08748,0.095,1
990,1252,2,25,2,1,-13.9577,-13.3658,3,0.15266,1.01086,0.095,1
990,1252,2,25,3,1,-12.698,-11.2006,3,0.221473,-0.0557577,0.095,1
990,1253,2,22,0,-1,-6.87965,-11.639,1,-0.865391,-0.327724,0.093,1
990,1253,2,22,1,0,-7.15055,-12.7735,4,0.136738,-0.777332,0.093,1
990,1253,2,22,2,1,-5.87022,-12.1963,3,-0.346814,-0.203257,0.093,1
990,1253,2,22,3,1,-8.046,-11.787,3,-0.399811,-1.3973,0.093,1
990,1255,2,18,0,-1,3.51404,11.7992,1,-0.371218,-0.32712,0.09,0
990,1256,2,14,0,-1,7.23122,-17.5662,1,0.0618845,-0.469475,0.093,0
990,1257,2,19,0,-1,4.04006,2.40548,1,0.0934725,-0.320567,0.092,0
990,1257,2,19,1,0,3.20233,2.90863,4,0.376605,0.179429,0.092,0
990,1263,2,23,0,-1,-7.67639,-10.9118,1,-0.576549,0.550761,0.094,1
990,1263,2,23,1,0,-8.16657,-9.88378,4,-0.883266,0.290738,0.094,1
990,1263,2,23,2,1,-8.97497,-10.9083,3,-0.361775,-0.24832,0.094,1
990,1263,2,23,3,1,-6.96498,-10.4195,3,-0.464185,0.860718,0.094,1
990,1264,2,20,0,-1,-10.5144,5.17378,1,-0.404116,0.245837,0.095,0
990,1264,2,20,1,0,-9.54181,4.98104,4,-0.514721,-0.490336,0.095,0
990,1265,2,18,0,-1,-3.84722,-1.78646,1,-0.276366,0.169092,0.093,0
990,1266,2,21,0,-1,-2.49545,-13.4823,1,-0.233815,0.40809,0.093,0
990,1266,2,21,1,0,-3.4903,-12.9292,4,-0.341433,0.186191,0.093,0
990,1268,2,18,0,-1,1.9122,1.02556,1,-0.419289,0.439641,0.091,0
990,1269,2,26,0,-1,-9.77398,-4.16891,1,-0.322736,0.417167,0.097,0
1020,747,2,12,0,-1,13.6551,-7.1821,1,-0.0123974,-0.382867,0.095,1
1020,747,2,12,1,0,12.8121,-7.62052,4,-0.0858082,-0.336147,0.095,1
1020,747,2,12,2,1,14.2009,-7.78593,3,-0.121092,-0.537949,0.095,1
1020,747,2,12,3,1,13.1494,-6.34731,3,0.0558306,-0.399841,0.095,1
1020,1095,2,16,0,-1,17.1361,7.36609,1,0.45715,0.269347,0.088,1
1020,1095,2,16,1,0,17.9998,7.96749,4,0.543393,0.133996,0.088,1
1020,1095,2,16,2,1,16.6504,8.31983,3,0.591439,0.316817,0.088,1
1020,1095,2,16,3,1,17.7057,6.77599,3,0.378038,0.163375,0.088,1
1020,1102,2,18,0,-1,2.55178,-14.4234,1,0.711845,0.277979,0.096,1
1020,1102,2,18,1,0,3.06079,-13.3905,4,0.381972,0.454052,0.096,1
1020,1102,2,18,2,1,1.69124,-13.588,3,0.41113,0.237352,0.096,1
1020,1102,2,18,3,1,3.33861,-14.67,3,0.589224,0.523268,0.096,1
1020,1107,2,17,0,-1,11.1083,2.70742,1,0.322918,-0.304029,0.089,1
1020,1107,2,17,1,0,12.069,2.28046,4,0.463069,0.00577412,0.089,1
1020,1107,2,17,2,1,11.5379,3.55874,3,0.0902436,-0.146707,0.089,1
1020,1107,2,17,3,1,10.9062,1.90347,3,0.584746,-0.381277,0.089,1
1020,1116,2,19,0,-1,19.9025,-9.71554,1,0.287569,-0.306452,0.097,1
1020,1116,2,19,1,0,19.557,-10.8054,4,-0.0633933,-0.181029,0.097,1
1020,1116,2,19,2,1,20.9126,-10.3463,3,0.122998,-0.680676,0.097,1
1020,1116,2,19,3,1,19.1038,-9.56788,3,0.353768,-0.0267536,0.097,1
1020,1130,2,17,0,-1,-3.19768,9.62206,1,-0.0323383,0.377087,0.095,1
1020,1130,2,17,1,0,-2.84128,10.5417,4,0.304602,0.242303,0.095,1
1020,1130,2,17,2,1,-4.12154,10.045,3,0.131658,0.685007,0.095,1
1020,1130,2,17,3,1,-2.20583,9.39476,3,-0.0940782,0.0152798,0.095,1
1020,1137,35,20,0,-1,20.2299,-10.4348,1,0.033634,-0.417465,0.122,0
1020,1137,35,20,1,0,21.3946,-9.63063,3,0.169568,-0.609896,0.122,0
1020,1137,35,20,2,0,20.6447,-11.4958,4,-0.220279,-0.505049,0.122,0
1020,1146,2,22,0,-1,-1.44077,-19.2853,1,0.535796,-0.752088,0.094,1
1020,1146,2,22,1,0,-0.520864,-18.5906,4,0.108401,-0.244795,0.094,1
1020,1146,2,22,2,1,-1.87223,-18.126,3,-0.0604641,-0.490449,0.094,1
1020,1146,2,22,3,1,-0.900492,-19.8341,3,0.356633,-0.345602,0.094,1
1020,1156,2,20,0,-1,-0.0411428,-13.5556,1,0.188986,-0.00140586,0.092,1
1020,1156,2,20,1,0,0.997348,-13.0739,4,0.19649,-0.0410811,0.092,1
1020,1156,2,20,2,1,-0.230652,-12.4021,3,0.280196,0.150784,0.092,1
1020,1156,2,20,3,1,0.454235,-14.2656,3,0.144459,-0.0253732,0.092,1
1020,1165,2,16,0,-1,8.76616,-9.2173,1,0.0272059,-0.141984,0.093,1
1020,1165,2,16,1,0,9.14341,-10.175,4,0.0148099,-0.310646,0.093,1
1020,1165,2,16,2,1,9.66852,-8.79571,3,0.125085,-0.512284,0.093,1
1020,1165,2,16,3,1,7.91648,-9.72805,3,0.160446,-0.217432,0.093,1
1020,1177,2,19,0,-1,-6.49184,10.2456,1,-0.338383,-0.138915,0.094,1
1020,1177,2,19,1,0,-6.90725,9.37013,4,-0.339372,-0.128634,0.094,1
1020,1177,2,19,2,1,-5.62584,9.92696,3,-0.383132,-0.0356761,0.094,1
1020,1177,2,19,3,1,-7.38872,10.5887,3,-0.324241,-0.117785,0.094,1
1020,1179,2,17,0,-1,0.903333,2.314,1,-0.143669,-0.0458541,0.092,1
1020,1179,2,17,1,0,0.0675603,1.67601,4,0.000643483,-0.236876,0.092,1
1020,1179,2,17,2,1,1.51745,1.52905,3,0.0150327,0.203483,0.092,1
1020,1179,2,17,3,1,0.0706603,2.97256,3,0.20363,-0.18052,0.092,1
1020,1182,2,18,0,-1,12.4049,16.6555,1,0.448118,0.0530748,0.089,1
1020,1182,2,18,1,0,13.236,16.0142,4,0.489793,0.268601,0.089,1
1020,1182,2,18,2,1,13.0733,17.4268,3,0.0824146,0.270205,0.089,1
1020,1182,2,18,3,1,12.026,15.9388,3,0.440073,0.0851195,0.089,1
1020,1213,2,24,0,-1,-2.15576,-16.287,1,-0.069461,-0.0881345,0.095,1
1020,1213,2,24,1,0,-2.80306,-17.3018,4,-0.325617,0.102681,0.095,1
1020,1213,2,24,2,1,-1.45383,-16.9714,3,-0.191123,-0.196544,0.095,1
1020,1213,2,24,3,1,-3.02375,-16.0069,3,0.170516,0.149414,0.095,1
1020,1233,2,13,0,-1,13.4847,-7.99971,1,-0.172059,-0.314345,0.095,0
1020,1233,2,13,1,0,12.9798,-8.84328,4,-0.342573,-0.196305,0.095,0
1020,1233,2,13,2,1,14.3302,-8.56379,3,-0.337178,-0.265541,0.095,0
1020,1242,2,14,0,-1,1.16346,-20.237,1,-0.0468237,-0.0784602,0.093,1
1020,1242,2,14,1,0,0.616619,-19.4259,8,0.0756077,-0.108665,0.093,1
1020,1242,2,14,2,1,0.142772,-20.7645,3,-0.0870621,-0.106767,0.093,1
1020,1242,2,14,3,1,1.92801,-19.5103,3,0.10059,-0.334603,0.093,1
1020,1243,2,21,0,-1,-0.590171,-10.9551,1,0.393702,0.313247,0.092,1
1020,1243,2,21,1,0,0.234846,-10.1642,4,0.339294,0.367587,0.092,1
1020,1243,2,21,2,1,-1.15509,-10.0344,3,0.334224,0.30754,0.092,1
1020,1243,2,21,3,1,0.0783558,-11.4629,3,0.428148,0.357149,0.092,1
1020,1245,2,18,0,-1,-0.370068,0.111977,1,-0.271625,-0.354849,0.093,1
1020,1245,2,18,1,0,-1.3873,0.290021,4,-0.340149,-0.615487,0.093,1
1020,1245,2,18,2,1,-0.364542,-0.754489,3,0.049637,-0.194478,0.093,1
1020,1245,2,18,3,1,-0.380743,1.11607,3,-0.575411,-0.284886,0.093,1
1020,1246,2,19,0,-1,14.0363,12.1309,1,0.682473,0.379313,0.089,1
1020,1246,2,19,1,0,14.7029,12.9524,4,0.21892,0.762749,0.089,1
1020,1246,2,19,2,1,13.3191,12.8378,3,0.274241,0.0299932,0.089,1
1020,1246,2,19,3,1,14.791,11.7396,3,0.94498,0.805714,0.089,1
1020,1249,2,18,0,-1,-12.9822,10.6989,1,-0.570458,-0.308638,0.096,1
1020,1249,2,18,1,0,-13.6115,9.93602,4,-0.21455,-0.568607,0.096,1
1020,1249,2,18,2,1,-12.2297,10.0007,3,-0.231928,0.156473,0.096,1
1020,1249,2,18,3,1,-13.9175,11.2011,3,-0.653953,-0.687684,0.096,1
1020,1253,2,22,0,-1,-11.6932,-14.724,1,0.0956374,0.33848,0.093,1
1020,1253,2,22,1,0,-11.4548,-13.5353,4,0.458178,0.466565,0.093,1
1020,1253,2,22,2,1,-12.7752,-13.9612,3,0.632293,0.264225,0.093,1
1020,1253,2,22,3,1,-10.6734,-14.5419,3,0.262281,0.422004,0.093,1
1020,1257,2,19,0,-1,2.78462,0.684699,1,-0.114771,0.106511,0.092,1
1020,1257,2,19,1,0,1.80135,0.512405,4,-0.0650624,-0.151919,0.092,1
1020,1257,2,19,2,1,2.89112,-0.483863,3,0.274132,0.216848,0.092,1
1020,1257,2,19,3,1,2.36946,1.66944,3,-0.370728,-0.021112,0.092,1
1020,1263,2,23,0,-1,-13.9968,-9.06433,1,0.215016,0.370641,0.094,1
1020,1263,2,23,1,0,-12.8622,-9.24572,4,0.0488673,-0.490206,0.094,1
1020,1263,2,23,2,1,-13.6417,-8.17092,3,0.763621,0.114522,0.094,1
1020,1263,2,23,3,1,-13.9923,-9.89787,3,-0.203616,0.0705225,0.094,1
1020,1264,2,20,0,-1,-2.4277,1.95576,1,-0.505196,-0.24988,0.095,1
1020,1264,2,20,1,0,-1.90296,1.05733,4,-0.66711,-0.359168,0.095,1
1020,1264,2,20,2,1,-1.59234,2.39323,3,-1.54389,-0.284768,0.095,1
1020,1264,2,20,3,1,-3.18086,1.23314,3,-0.666901,-0.396521,0.095,1
1020,1268,2,18,0,-1,0.831559,4.36878,1,-0.347713,-0.208423,0.091,1
1020,1268,2,18,1,0,-0.144376,4.12559,4,-0.391579,0.271399,0.091,1
1020,1268,2,18,2,1,1.19096,3.49005,3,-0.600138,-0.248363,0.091,1
1020,1268,2,18,3,1,0.447979,5.26049,3,0.0474611,0.105488,0.091,1
1020,1270,2,24,0,-1,-7.94587,-11.7341,1,-0.163427,-0.0533138,0.093,1
1020,1270,2,24,1,0,-7.71377,-10.6203,4,0.0782848,-0.105503,0.093,1
1020,1270,2,24,2,1,-8.84767,-11.2373,3,-0.0246965,0.088385,0.093,1
1020,1270,2,24,3,1,-7.13397,-11.8033,8,-0.202671,-0.244414,0.093,1
1020,1272,2,17,0,-1,9.61371,-9.5787,1,0.259953,-0.533143,0.094,0
1020,1272,2,17,1,0,10.4235,-9.00998,4,0.200472,-0.174738,0.094,0
1020,1272,2,17,2,1,9.0364,-9.41502,3,0.378928,-0.288145,0.094,0
1020,1276,2,19,0,-1,-11.6111,12.8123,1,0.0544985,-0.58186,0.095,1
1020,1276,2,19,1,0,-11.9337,11.9522,4,-0.0155986,-0.552213,0.095,1
1020,1276,2,19,2,1,-10.7349,12.6358,3,-0.00124399,-0.588807,0.095,1
1020,1276,2,19,3,1,-12.624,13.0616,3,0.149244,-0.428326,0.095,1
1020,1279,2,23,0,-1,-1.07143,-22.8475,1,0.226529,0.0553269,0.093,1
1020,1279,2,23,1,0,-0.0071433,-23.2662,4,0.16388,-0.0910957,0.093,1
1020,1279,2,23,2,1,-0.41167,-21.9329,3,0.427779,-0.00578842,0.093,1
1020,1279,2,23,3,1,-1.26176,-23.6581,3,0.128484,0.011486,0.093,1
1020,1280,2,25,0,-1,-12.9403,-7.89039,1,0.330637,0.0303588,0.096,1
1020,1280,2,25,1,0,-11.8134,-8.17839,4,0.405642,-0.042113,0.096,1
1020,1280,2,25,2,1,-12.5777,-7.01296,3,0.790692,0.195208,0.096,1
1020,1280,2,25,3,1,-13.0765,-8.58701,3,0.507718,-0.0574878,0.096,1
1020,1281,2,19,0,-1,-0.818492,1.55977,1,-0.486313,-0.723042,0.092,1
1020,1281,2,19,1,0,-1.80061,1.61998,4,-0.366356,-0.417525,0.092,1
1020,1281,2,19,2,1,-0.787838,0.573233,3,-0.329379,-0.392355,0.092,1
1020,1281,2,19,3,1,-1.12895,2.88979,3,0.0838858,-0.65678,0.092,1
1020,1282,2,18,0,-1,-9.66432,8.99142,1,-0.163634,-0.385617,0.094,1
1020,1282,2,18,1,0,-9.43276,8.01755,4,-0.22684,-0.465958,0.094,1
1020,1282,2,18,2,1,-8.34089,8.90007,3,0.440793,-1.2766,0.094,1
1020,1282,2,18,3,1,-10.5455,8.70278,3,0.0026862,-0.144376,0.094,1
1020,1283,2,24,0,-1,-14.9067,-10.7477,1,0.49658,0.255954,0.093,1
1020,1283,2,24,1,0,-14.6498,-9.61435,4,0.00454808,0.412508,0.093,1
1020,1283,2,24,2,1,-15.8387,-10.0842,3,0.293135,-0.145004,0.093,1
1020,1283,2,24,3,1,-14.0452,-10.7727,3,0.436559,0.607771,0.093,1
1020,1285,2,23,0,-1,-9.04953,-13.9388,1,-0.136136,0.534064,0.093,1
1020,1285,2,23,1,0,-9.96139,-13.2499,4,-0.291577,0.358369,0.093,1
1020,1285,2,23,2,1,-9.95709,-14.5039,3,0.148455,0.418774,0.093,1
1020,1285,2,23,3,1,-8.64467,-13.2395,3,-0.302358,0.563814,0.093,1
1020,1286,2,24,0,-1,-1.81744,-22.5466,1,0.186828,-0.053288,0.092,0
1020,1286,2,24,1,0,-2.95585,-22.5225,4,0.187932,-0.114413,0.092,0
1020,1290,37,20,0,-1,3.08013,1.46349,1,-0.0271398,0.0741122,0.067,0
1020,1290,37,20,1,0,2.57268,2.34719,4,-0.552197,-0.226258,0.067,0
1020,1290,37,20,2,1,2.60022,3.12377,3,-1.22249,-0.232734,0.067,0
1020,1291,2,20,0,-1,-6.17419,9.50327,1,-0.310442,-0.13604,0.095,0
1020,1292,2,19,0,-1,-10.1475,9.71195,1,-0.753781,-0.845514,0.093,0
1020,1292,2,19,1,0,-9.21559,9.47949,4,-0.161884,0.0180797,0.093,0
1020,1293,2,25,0,-1,-14.9957,-11.5593,1,0.109813,0.272655,0.094,0
1020,1293,2,25,1,0,-14.2772,-12.4462,11,0.147901,0.29404,0.094,0
1020,1294,2,19,0,-1,2.57271,-17.0266,1,0.799099,-0.100451,0.095,1
1020,1294,2,19,1,0,3.56105,-17.5633,4,0.572437,-0.365818,0.095,1
1020,1294,2,19,2,1,3.28005,-16.1941,3,0.0279022,-0.51978,0.095,1
1020,1294,2,19,3,1,2.22693,-17.5684,3,0.501524,-0.239881,0.095,1
1020,1295,2,23,0,-1,-11.8246,-15.6029,1,-1.26493,0.310818,0.094,0
1020,1295,2,23,1,0,-11.3257,-16.6753,4,-0.899796,0.259118,0.094,0
1020,1295,2,23,2,1,-10.8776,-15.3839,3,-0.289768,0.0285258,0.094,0
1020,1297,2,15,0,-1,0.379815,-20.177,1,-0.0692311,-0.0997312,0.092,0
1020,1298,2,18,0,-1,-2.97394,8.84009,1,-0.25011,0.321623,0.094,0
1020,1298,2,18,1,0,-2.4012,8.0506,4,-0.297886,0.292366,0.094,0
1020,1299,2,20,0,-1,-11.07,13.4047,1,0.0545963,-0.56429,0.094,0
1020,1302,2,25,0,-1,-1.46996,-15.8632,1,-0.005252,-0.236713,0.096,0
1020,1302,2,25,1,0,-2.54743,-15.3404,4,0.194099,0.232221,0.096,0
1020,1303,2,20,0,-1,1.4095,-17.0396,1,-0.230495,-0.122239,0.094,1
1020,1303,2,20,1,0,0.408714,-17.2502,4,-0.221543,0.104913,0.094,1
1020,1303,2,20,2,1,1.3483,-18.2919,3,-0.368677,-0.0931621,0.094,1
1020,1303,2,20,3,1,1.40399,-16.3565,3,0.115437,-0.190672,0.094,1
1020,1304,2,26,0,-1,-13.5496,-7.40638,1,0.079678,0.0518613,0.097,0
1020,1304,2,26,1,0,-13.6298,-6.20135,4,-0.714523,-0.018523,0.097,0
1020,1304,2,26,2,1,-14.7529,-5.36114,3,-1.06616,-0.278898,0.097,0
1020,1305,2,23,0,-1,-2.633,-18.6062,1,0.0848238,-0.0658013,0.095,1
1020,1305,2,23,1,0,-2.31045,-19.6763,4,-0.0993151,-0.141163,0.095,1
1020,1305,2,23,2,1,-1.44578,-18.5515,3,0.0618515,-0.397052,0.095,1
1020,1305,2,23,3,1,-3.3795,-18.8775,3,-0.0842564,-0.0735415,0.095,1
1020,1307,2,20,0,-1,-0.403534,2.6988,1,-0.248925,0.459637,0.091,1
1020,1307,2,20,1,0,0.380943,2.13633,4,-0.340054,0.0409221,0.091,1
1020,1307,2,20,2,1,0.269132,3.6018,3,-0.18981,-0.0383285,0.091,1
1020,1307,2,20,3,1,-1.00685,2.15061,3,-0.195083,-0.221868,0.091,1
1020,1312,2,19,0,-1,-12.3595,11.22,1,-0.728843,-0.15227,0.097,0
1020,1312,2,19,1,0,-11.439,10.9032,4,-0.616988,0.170379,0.097,0
1020,1313,2,19,0,-1,13.1973,16.7503,1,0.546915,0.144476,0.088,0
1020,1313,2,19,1,0,14.0967,17.2872,4,0.493491,0.399269,0.088,0
1050,747,2,12,0,-1,6.09102,-5.63707,1,0.499406,0.13232,0.095,1
1050,747,2,12,1,0,6.87953,-5.07494,4,0.195882,0.544081,0.095,1
1050,747,2,12,2,1,5.4727,-4.93335,3,0.118118,-0.108146,0.095,1
1050,747,2,12,3,1,6.83615,-6.38706,3,0.889378,0.489499,0.095,1
1050,1095,2,16,0,-1,16.8245,8.51106,1,-0.00114826,-0.508477,0.088,1
1050,1095,2,16,1,0,16.5005,7.51079,4,0.0297005,-0.51563,0.088,1
1050,1095,2,16,2,1,17.79,8.06567,3,0.00482305,-0.457921,0.088,1
1050,1095,2,16,3,1,16.0089,8.62577,3,0.00417572,-0.519244,0.088,1
1050,1102,2,18,0,-1,6.63477,-10.4449,1,0.0774509,0.623426,0.096,1
1050,1102,2,18,1,0,5.60276,-9.94673,4,-0.0609582,0.31896,0.096,1
1050,1102,2,18,2,1,5.80913,-11.3288,3,0.373912,0.388955,0.096,1
1050,1102,2,18,3,1,6.88419,-9.65894,3,-0.125594,0.620201,0.096,1
1050,1146,2,22,0,-1,-1.21879,-20.1743,1,-0.503695,0.128028,0.094,1
1050,1146,2,22,1,0,-1.27926,-19.0271,4,-0.353019,0.0966492,0.094,1
1050,1146,2,22,2,1,-2.318,-19.9611,3,-0.270873,-0.00868418,0.094,1
1050,1146,2,22,3,1,-0.31668,-19.9038,3,-0.640331,-0.224829,0.094,1
1050,1156,2,20,0,-1,3.13383,-10.5524,1,0.309454,0.10431,0.092,1
1050,1156,2,20,1,0,4.19345,-10.1322,4,0.235879,0.245521,0.092,1
1050,1156,2,20,2,1,2.94035,-9.5198,3,0.208304,0.198218,0.092,1
1050,1156,2,20,3,1,3.52095,-11.26,3,0.345546,0.150615,0.092,1
1050,1165,2,16,0,-1,9.17314,-18.2738,1,-0.278967,-0.172144,0.093,1
1050,1165,2,16,1,0,8.50796,-18.9965,4,-0.0863816,-0.350905,0.093,1
1050,1165,2,16,2,1,9.97544,-18.8687,3,-0.120316,0.0150705,0.093,1
1050,1165,2,16,3,1,8.31515,-17.702,3,-0.460163,-0.404733,0.093,1
1050,1179,2,17,0,-1,4.19507,2.9829,1,-0.600342,-0.105855,0.092,1
1050,1179,2,17,1,0,3.21724,3.10947,4,-0.557839,0.181889,0.092,1
1050,1179,2,17,2,1,4.07763,1.90807,3,-0.755851,-0.018544,0.092,1
1050,1179,2,17,3,1,4.13421,4.04352,3,-0.263503,-0.198654,0.092,1
1050,1182,2,18,0,-1,7.28031,14.8049,1,-0.0875987,-0.493253,0.089,1
1050,1182,2,18,1,0,6.61637,14.0409,4,-0.10302,-0.442693,0.089,1
1050,1182,2,18,2,1,7.96342,14.48,3,-0.189011,-0.187901,0.089,1
1050,1182,2,18,3,1,6.53699,15.2629,3,0.132148,-0.437592,0.089,1
1050,1213,2,24,0,-1,0.478332,-16.1295,1,-0.0144628,-0.0345061,0.095,1
1050,1213,2,24,1,0,-0.627424,-15.6868,4,0.0658763,0.291578,0.095,1
1050,1213,2,24,2,1,0.189491,-16.8514,3,-0.387753,0.0280766,0.095,1
1050,1213,2,24,3,1,0.644189,-15.4119,3,0.0848844,-0.0207753,0.095,1
1050,1233,2,13,0,-1,18.7805,-8.17867,1,-0.329599,0.297242,0.095,1
1050,1233,2,13,1,0,17.8476,-7.98103,4,-0.353982,0.215014,0.095,1
1050,1233,2,13,2,1,18.6316,-9.11084,3,-0.24141,0.322732,0.095,1
1050,1233,2,13,3,1,19.051,-7.38348,3,-0.344625,0.212553,0.095,1
1050,1242,2,14,0,-1,4.94246,-14.844,1,0.167023,0.285061,0.093,1
1050,1242,2,14,1,0,5.01759,-13.8781,8,0.17984,0.240344,0.093,1
1050,1242,2,14,2,1,4.0126,-14.8636,3,0.18023,0.219313,0.093,1
1050,1242,2,14,3,1,5.86977,-14.866,3,0.247652,0.260135,0.093,1
1050,1246,2,19,0,-1,7.04146,9.76807,1,0.295057,-0.130072,0.089,1
1050,1246,2,19,1,0,8.09211,9.89494,4,0.299223,-0.117971,0.089,1
1050,1246,2,19,2,1,7.02661,10.7749,3,0.344059,-0.0872058,0.089,1
1050,1246,2,19,3,1,7.30209,8.97175,3,0.32074,-0.127565,0.089,1
1050,1249,2,18,0,-1,-16.9814,11.4296,1,-0.342622,0.533062,0.096,1
1050,1249,2,18,1,0,-16.7661,12.3804,4,0.0025087,0.461478,0.096,1
1050,1249,2,18,2,1,-17.9397,11.6396,3,-0.219992,0.865961,0.096,1
1050,1249,2,18,3,1,-15.9531,11.3578,3,-0.358537,0.209192,0.096,1
1050,1257,2,19,0,-1,-1.22161,4.90607,1,-0.00682075,0.014462,0.092,1
1050,1257,2,19,1,0,-2.19029,4.92641,4,-0.00717362,-0.00532638,0.092,1
1050,1257,2,19,3,1,-1.25871,5.85085,3,-0.0249668,0.0125623,0.092,1
1050,1263,2,23,0,-1,-14.6425,-12.7596,1,-0.149782,-0.162802,0.094,1
1050,1263,2,23,1,0,-15.7567,-12.5164,4,-0.14112,-0.132141,0.094,1
1050,1263,2,23,2,1,-15.0567,-13.5937,3,-0.272081,-0.22919,0.094,1
1050,1263,2,23,3,1,-14.5798,-11.9375,3,-0.161661,-0.117297,0.094,1
1050,1268,2,18,0,-1,5.15641,5.49109,1,-0.434319,-0.224271,0.091,1
1050,1268,2,18,1,0,4.33357,6.15807,4,-0.265655,-0.0802077,0.091,1
1050,1268,2,18,2,1,4.6587,4.71906,3,-0.989982,-0.297808,0.091,1
1050,1268,2,18,3,1,5.45762,6.83021,3,-0.176265,-0.213947,0.091,1
1050,1276,2,19,0,-1,-14.1956,13.2601,1,-0.251399,-0.0502143,0.095,1
1050,1276,2,19,1,0,-15.1056,12.9514,4,-0.23229,-0.202709,0.095,1
1050,1276,2,19,2,1,-13.9763,12.1881,3,-0.183316,-0.125902,0.095,1
1050,1276,2,19,3,1,-14.8969,14.2426,3,-0.308116,-0.235583,0.095,1
1050,1280,2,25,0,-1,-14.4136,-6.76142,1,-0.340477,0.240794,0.096,1
1050,1280,2,25,1,0,-14.2572,-5.56886,4,0.13699,0.19603,0.096,1
1050,1280,2,25,2,1,-15.435,-6.30746,3,-0.198019,0.776899,0.096,1
1050,1280,2,25,3,1,-13.5792,-6.69626,3,-0.300763,-0.0614239,0.096,1
1050,1281,2,19,0,-1,-6.95824,7.20719,1,-0.170315,0.244092,0.092,1
1050,1281,2,19,1,0,-6.78699,8.15928,4,-0.0956815,0.246689,0.092,1
1050,1281,2,19,2,1,-7.90686,7.19299,3,-0.155078,0.332295,0.092,1
1050,1281,2,19,3,1,-5.93499,7.01366,3,-0.18967,0.187581,0.092,1
1050,1282,2,18,0,-1,-12.9468,1.18454,1,-0.158604,0.354501,0.094,1
1050,1282,2,18,1,0,-13.0864,2.13966,4,-0.121119,0.360214,0.094,1
1050,1282,2,18,2,1,-13.7868,0.926476,3,-0.16491,0.385072,0.094,1
1050,1282,2,18,3,1,-11.998,1.41444,3,-0.149645,0.318934,0.094,1
1050,1283,2,24,0,-1,-22.2451,-7.63435,1,-0.15256,0.224168,0.093,1
1050,1283,2,24,1,0,-21.5344,-6.72236,4,0.10003,-0.0160533,0.093,1
1050,1283,2,24,2,1,-22.8161,-6.67764,3,0.108961,0.290606,0.093,1
1050,1283,2,24,3,1,-21.4854,-8.02776,3,-0.281567,-0.0366433,0.093,1
1050,1285,2,23,0,-1,-3.39929,-10.4854,1,-0.125216,-0.164953,0.093,1
1050,1285,2,23,1,0,-3.70484,-11.6073,4,0.0169103,-0.212384,0.093,1
1050,1285,2,23,2,1,-2.44787,-11.2333,3,0.012945,-0.213904,0.093,1
1050,1285,2,23,3,1,-4.21718,-10.403,3,-0.137443,-0.278658,0.093,1
1050,1290,37,20,0,-1,-0.53431,4.49677,1,0.00677948,0.0374575,0.067,0
1050,1290,37,20,1,0,-0.432426,5.46037,4,-0.0121115,0.0394457,0.067,0
1050,1290,37,20,2,1,0.0772753,6.03525,3,-0.0233281,0.0493895,0.067,0
1050,1292,2,19,0,-1,-12.5879,15.8242,1,0.00759553,0.135587,0.093,1
1050,1292,2,19,1,0,-13.5697,15.9772,4,-0.0317624,0.0209667,0.093,1
1050,1292,2,19,2,1,-12.7672,14.8762,3,0.0781222,0.173789,0.093,1
1050,1292,2,19,3,1,-12.6707,16.9284,3,-0.189623,0.147131,0.093,1
1050,1293,2,25,0,-1,-22.8115,-8.20899,1,-0.180469,0.345433,0.094,0
1050,1293,2,25,1,0,-23.6406,-7.4617,11,0.0292138,0.648549,0.094,0
1050,1293,2,25,2,1,-23.5536,-8.74165,3,0.206184,0.651295,0.094,0
1050,1297,2,15,0,-1,4.39276,-14.259,1,0.0820778,0.220384,0.092,0
1050,1299,2,20,0,-1,-13.4112,13.5907,1,-0.358809,0.278208,0.094,0
1050,1299,2,20,1,0,-14.1381,14.0901,4,-0.497015,0.00745028,0.094,0
1050,1299,2,20,2,1,-13.5191,12.8388,3,-0.162174,0.160482,0.094,0
1050,1302,2,25,0,-1,-1.59636,-13.908,1,-0.403316,-0.34379,0.096,1
1050,1302,2,25,1,0,-2.36549,-14.838,4,-0.0585981,-0.624214,0.096,1
1050,1302,2,25,2,1,-0.964473,-14.8508,3,-0.0469477,-0.183235,0.096,1
1050,1302,2,25,3,1,-2.42477,-13.5349,3,-0.574764,-0.623458,0.096,1
1050,1303,2,20,0,-1,3.05663,-13.5064,1,0.133349,0.0381821,0.094,1
1050,1303,2,20,1,0,4.10029,-13.4844,4,0.158854,0.129729,0.094,1
1050,1303,2,20,2,1,3.35099,-12.2633,3,0.181361,0.134682,0.094,1
1050,1303,2,20,3,1,3.12049,-14.4213,3,0.301337,-0.0284992,0.094,1
1050,1304,2,26,0,-1,-14.7689,-10.6243,1,-0.221423,-0.21462,0.097,1
1050,1304,2,26,1,0,-15.345,-11.6824,4,-0.282398,-0.144249,0.097,1
1050,1304,2,26,2,1,-14.0154,-11.2461,3,-0.365333,0.0813157,0.097,1
1050,1304,2,26,3,1,-15.5304,-10.395,3,-0.24622,-0.123682,0.097,1
1050,1307,2,20,0,-1,-4.45016,2.2671,1,0.0611058,-0.492646,0.091,1
1050,1307,2,20,1,0,-4.56855,1.31217,4,0.172216,-0.474127,0.091,1
1050,1307,2,20,2,1,-3.30044,2.13353,3,0.012412,-0.198198,0.091,1
1050,1307,2,20,3,1,-5.50303,2.3878,3,-0.0149571,-0.607485,0.091,1
1050,1312,2,19,0,-1,-6.83942,1.6265,1,-0.145679,-0.461393,0.097,1
1050,1312,2,19,1,0,-6.90284,0.652623,4,0.0845502,-0.490255,0.097,1
1050,1312,2,19,2,1,-5.92269,1.62461,3,-0.194481,-0.211684,0.097,1
1050,1312,2,19,3,1,-7.83514,1.56425,3,-0.100303,-0.697486,0.097,1
1050,1312,2,19,4,3,-6.90982,2.58363,3,-0.214297,-0.6009,0.097,1
1050,1313,2,19,0,-1,10.5626,6.82516,1,-0.481557,-0.358224,0.088,1
1050,1313,2,19,1,0,9.79882,6.10965,4,-0.390447,-0.462377,0.088,1
1050,1313,2,19,2,1,11.163,5.97671,3,-0.354899,-0.399167,0.088,1
1050,1313,2,19,3,1,10.0142,7.37037,3,-0.186659,-0.511027,0.088,1
1050,1317,2,19,0,-1,5.01648,6.16554,1,-0.297703,-0.185231,0.092,0
1050,1317,2,19,1,0,4.17452,5.54729,4,-0.522999,0.102437,0.092,0
1050,1317,2,19,2,1,5.44969,4.78885,3,-0.681984,-0.062238,0.092,0
1050,1320,2,18,0,-1,20.25,-9.8906,1,-0.0923089,0.356717,0.095,1
1050,1320,2,18,1,0,19.4306,-9.33274,4,-0.212221,0.185376,0.095,1
1050,1320,2,18,2,1,19.9251,-10.7238,3,0.0787833,0.284101,0.095,1
1050,1320,2,18,3,1,20.66,-8.89585,3,-0.299883,0.451073,0.095,1
1050,1321,2,21,0,-1,-3.80634,2.7087,1,-0.135427,-0.207489,0.09,0
1050,1321,2,21,1,0,-3.85214,1.71626,4,0.178227,-0.260959,0.09,0
1050,1321,2,21,2,1,-2.89928,2.85729,3,-0.116151,-0.0299031,0.09,0
1050,1322,2,14,0,-1,12.7564,-9.56857,1,-0.00164252,-3.32541e-05,0.096,1
1050,1322,2,14,1,0,13.6618,-9.91382,4,-0.00267858,-0.00275765,0.096,1
1050,1322,2,14,2,1,12.9968,-8.70592,3,0.000911797,-0.000798969,0.096,1
1050,1327,2,15,0,-1,11.9655,-9.68868,1,-0.00208243,0.00295902,0.097,0
1050,1328,2,26,0,-1,-9.26625,-3.90377,1,-0.196012,0.425276,0.096,1
1050,1328,2,26,1,0,-10.4696,-3.98107,4,-0.197776,0.223312,0.096,1
1050,1328,2,26,2,1,-9.52535,-4.99751,3,-0.139378,0.2833,0.096,1
1050,1328,2,26,3,1,-9.53758,-3.05666,3,-0.353806,0.363435,0.096,1
1050,1329,2,17,0,-1,9.93903,-18.0136,1,-0.284355,-0.156913,0.093,0
1050,1329,2,17,1,0,10.7475,-17.4715,4,-0.224576,-0.246276,0.093,0
1050,1331,2,19,0,-1,-13.6263,1.63148,1,-0.140954,0.381448,0.094,0
1050,1332,2,24,0,-1,-3.13152,-11.2118,1,0.00485916,-0.104954,0.094,0
1050,1332,2,24,1,0,-2.37453,-12.0614,4,-0.138015,-0.231593,0.094,0
1050,1335,2,27,0,-1,-14.2282,-10.0261,1,-0.225653,-0.25281,0.097,0
1050,1335,2,27,1,0,-14.4415,-8.83953,4,0.45367,-0.133901,0.097,0
1050,1338,2,14,0,-1,18.3562,-7.46573,1,-0.431882,0.229022,0.096,0
1050,1338,2,14,1,0,18.8198,-6.60524,4,-0.517551,0.24918,0.096,0
1050,1341,2,23,0,-1,-0.700047,-17.0702,1,-0.294872,-0.0947623,0.093,1
1050,1341,2,23,1,0,-1.79344,-16.8844,4,-0.518868,-0.237791,0.093,1
1050,1341,2,23,2,1,-0.765451,-17.8933,3,-0.295682,-0.0171644,0.093,1
1050,1341,2,23,3,1,-0.57775,-16.4043,3,-0.704751,0.196497,0.093,1
1050,1341,2,23,4,1,-3.14844,-16.8788,1,-0.636244,-0.11341,0.093,1
1050,1342,2,20,0,-1,-11.9695,15.279,1,-0.32695,-0.255078,0.092,0
1050,1342,2,20,1,0,-12.2692,14.3439,4,-0.437357,-0.258406,0.092,0
1050,1342,2,20,2,1,-11.0467,14.9721,3,-0.420341,-0.36215,0.092,0
1050,1345,2,13,0,-1,6.19066,-4.82649,1,0.0488839,0.189663,0.095,0
1050,1346,2,18,0,-1,4.81834,3.50455,1,-0.282878,-0.474974,0.092,0
1050,1346,2,18,1,0,5.15009,2.59815,4,-0.195699,-0.43949,0.092,0
1050,1348,2,21,0,-1,3.63055,-14.0464,1,0.203866,0.115228,0.095,0
1050,1348,2,21,1,0,3.62456,-13.0043,4,-0.000866588,0.0780655,0.095,0
1050,1348,2,21,2,1,2.45291,-13.9463,3,0.137761,-0.111959,0.095,0
1050,1349,2,20,0,-1,9.73614,6.718,1,-0.518461,-0.370556,0.089,0
1050,1349,2,20,1,0,8.70209,7.00263,4,-0.305497,0.406753,0.089,0
1050,1349,2,20,2,1,8.9858,5.63757,3,-1.4146,0.16942,0.089,0
1050,1350,2,19,0,-1,7.40157,13.9646,1,-0.324891,-0.545795,0.088,0
1050,1350,2,19,1,0,8.43823,13.7563,4,-0.405013,-0.47447,0.088,0
1050,1351,38,20,0,-1,6.30669,9.43522,1,0.335406,-0.217822,0.064,0
1050,1351,38,20,1,0,5.28983,10.3526,3,0.307575,-0.202518,0.064,0
1050,1351,38,20,2,0,5.2704,9.58674,4,0.37147,-0.127809,0.064,0
1050,1353,2,24,0,-1,-1.34093,-17.5389,1,-0.3777,0.255198,0.092,0
1080,747,2,12,0,-1,11.7168,-2.40197,1,-0.0236149,-0.138638,0.095,1
1080,747,2,12,1,0,11.2486,-3.30525,4,0.170253,-0.207547,0.095,1
1080,747,2,12,2,1,12.6433,-3.07345,3,0.164227,-0.092619,0.095,1
1080,747,2,12,3,1,10.5932,-2.16004,3,0.162539,-0.228638,0.095,1
1080,1095,2,16,0,-1,8.03384,2.73819,1,-0.481841,0.337107,0.088,1
1080,1095,2,16,1,0,7.03056,3.04178,4,-0.384777,0.510835,0.088,1
1080,1095,2,16,2,1,7.5872,1.77298,3,-0.665665,0.380719,0.088,1
1080,1095,2,16,3,1,8.14214,3.54874,3,-0.347137,0.311856,0.088,1
1080,1102,2,18,0,-1,7.99289,-11.9888,1,-0.276022,-0.107935,0.096,1
1080,1102,2,18,1,0,7.12894,-12.7513,4,-0.269465,-0.123713,0.096,1
1080,1102,2,18,2,1,8.50489,-13.1311,3,-0.256872,-0.0746358,0.096,1
1080,1102,2,18,3,1,7.35629,-11.4582,3,-0.295689,-0.126063,0.096,1
1080,1156,2,20,0,-1,10.4362,-4.21773,1,0.0196786,-0.281404,0.092,1
1080,1156,2,20,1,0,11.5545,-3.96295,4,0.00823523,-0.243246,0.092,1
1080,1156,2,20,2,1,10.3999,-3.17739,3,0.202039,0.146485,0.092,1
1080,1156,2,20,3,1,10.7318,-4.97899,3,0.085889,-0.265851,0.092,1
1080,1179,2,17,0,-1,2.46759,0.736806,1,0.15684,0.348664,0.092,1
1080,1179,2,17,1,0,3.26318,1.35383,4,0.0109944,0.490095,0.092,1
1080,1179,2,17,2,1,1.81144,1.50264,3,-0.0441661,0.0766416,0.092,1
1080,1179,2,17,3,1,3.29589,0.0558714,3,0.420132,0.509708,0.092,1
1080,1233,2,13,0,-1,11.8864,-7.82188,1,-0.419157,-0.245788,0.095,1
1080,1233,2,13,1,0,11.0309,-8.28772,4,-0.323629,-0.499578,0.095,1
1080,1233,2,13,2,1,12.3613,-8.66638,3,-0.286684,-0.338256,0.095,1
1080,1233,2,13,3,1,11.1814,-6.98569,3,-0.824909,-0.461029,0.095,1
1080,1246,2,19,0,-1,10.6678,18.3304,1,0.102068,0.363559,0.089,1
1080,1246,2,19,1,0,11.4032,19.0806,4,0.196378,0.271038,0.089,1
1080,1246,2,19,2,1,10.0263,19.0577,3,0.194573,0.458411,0.089,1
1080,1246,2,19,3,1,11.3349,17.8538,3,0.0422203,0.276082,0.089,1
1080,1249,2,18,0,-1,-14.2865,16.1759,1,0.0771827,-0.797065,0.096,1
1080,1249,2,18,1,0,-14.9857,15.4847,4,-0.383593,-0.338612,0.096,1
1080,1249,2,18,2,1,-13.6106,15.3997,3,-0.431024,-1.28161,0.096,1
1080,1249,2,18,3,1,-15.1532,16.7956,3,0.440201,-0.226772,0.096,1
1080,1263,2,23,0,-1,-11.1203,-11.9424,1,-0.451201,0.359608,0.094,1
1080,1263,2,23,1,0,-12.2639,-11.8078,4,-0.513082,-0.10269,0.094,1
1080,1263,2,23,2,1,-11.6371,-12.9269,3,-0.271138,0.0896314,0.094,1
1080,1263,2,23,3,1,-11.1924,-11.0509,3,-0.695636,0.206595,0.094,1
1080,1268,2,18,0,-1,-0.441147,15.5557,1,-0.0440865,0.217949,0.091,1
1080,1268,2,18,1,0,-0.118342,16.4881,4,-0.220118,0.308626,0.091,1
1080,1268,2,18,2,1,-1.31546,15.6188,3,0.0172579,0.00064801,0.091,1
1080,1268,2,18,3,1,0.579739,15.3433,3,0.257602,0.582043,0.091,1
1080,1280,2,25,0,-1,-7.66652,-11.1314,1,-0.222217,0.00559217,0.096,1
1080,1280,2,25,1,0,-8.86334,-11.2801,4,-0.203351,-0.244636,0.096,1
1080,1280,2,25,2,1,-8.08501,-12.5107,3,-0.939378,-0.701812,0.096,1
1080,1280,2,25,3,1,-7.93676,-10.3405,3,-0.0964107,-0.328478,0.096,1
1080,1302,2,25,0,-1,-0.203677,-15.4857,1,0.909351,-0.10581,0.096,1
1080,1302,2,25,1,0,0.993917,-15.601,4,0.860016,-0.451886,0.096,1
1080,1302,2,25,2,1,0.26626,-14.4126,3,1.21597,-0.198851,0.096,1
1080,1302,2,25,3,1,-0.0826757,-16.3599,3,0.521342,0.0130976,0.096,1
1080,1304,2,26,0,-1,-15.4997,-11.0039,1,0.0010016,0.0019891,0.097,1
1080,1304,2,26,1,0,-14.312,-10.8645,4,0.00138369,-0.001859,0.097,1
1080,1304,2,26,2,1,-15.3734,-9.95253,3,0.00360877,0.000644737,0.097,1
1080,1313,2,19,0,-1,6.02329,2.04752,1,0.596409,0.215311,0.088,1
1080,1313,2,19,1,0,6.30762,3.05574,4,-0.0619281,0.422337,0.088,1
1080,1313,2,19,2,1,5.05645,2.38592,3,0.330133,-0.204605,0.088,1
1080,1313,2,19,3,1,6.89966,1.98452,3,0.648847,0.780978,0.088,1
1080,1317,2,19,0,-1,0.191323,15.9172,1,-0.168514,0.267909,0.092,1
1080,1317,2,19,1,0,-0.732679,16.2684,4,-0.171728,0.164458,0.092,1
1080,1317,2,19,2,1,-0.170024,14.8667,3,0.23593,0.307976,0.092,1
1080,1317,2,19,3,1,0.462189,16.9012,3,-0.167008,0.19967,0.092,1
1080,1320,2,18,0,-1,14.7589,-7.63262,1,0.107356,0.282299,0.095,1
1080,1320,2,18,1,0,15.1166,-6.7031,4,0.200397,0.228972,0.095,1
1080,1320,2,18,2,1,13.8628,-7.504,3,0.0329911,0.472737,0.095,1
1080,1320,2,18,3,1,15.9107,-7.74807,3,0.213685,0.220874,0.095,1
1080,1322,2,14,0,-1,11.1109,-11.9402,1,0.188282,0.137323,0.096,1
1080,1322,2,14,1,0,11.9367,-12.4482,4,0.0187596,-0.122091,0.096,1
1080,1322,2,14,2,1,11.4345,-11.1656,3,0.373701,0.0219176,0.096,1
1080,1327,2,15,0,-1,10.5361,-12.4965,1,-0.130938,0.467525,0.097,0
1080,1327,2,15,1,0,11.067,-13.3071,4,-0.245694,0.38979,0.097,0
1080,1338,2,14,0,-1,15.887,-3.62696,1,0.0252285,-0.0225135,0.096,1
1080,1338,2,14,1,0,16.8074,-3.45411,4,0.0992468,-0.212202,0.096,1
1080,1338,2,14,2,1,15.6357,-2.91862,3,0.268323,0.0732711,0.096,1
1080,1338,2,14,3,1,16.03,-4.51799,3,0.165182,-0.259226,0.096,1
1080,1341,2,23,0,-1,-6.8564,-14.9944,1,0.0824221,0.0499987,0.093,1
1080,1341,2,23,1,0,-5.78831,-15.385,4,0.0597976,-0.0146132,0.093,1
1080,1341,2,23,3,1,-7.0424,-15.7853,3,0.0395843,0.0524657,0.093,1
1080,1345,2,13,0,-1,11.9409,-3.1474,1,0.177021,-0.0807542,0.095,0
1080,1345,2,13,1,0,11.0869,-2.65834,4,0.0551444,-0.330152,0.095,0
1080,1346,2,18,0,-1,-0.283382,-3.45168,1,-0.348813,0.0365223,0.092,1
1080,1346,2,18,1,0,-1.24221,-3.28942,4,-0.376241,-0.129854,0.092,1
1080,1346,2,18,2,1,-0.258607,-4.38989,3,-0.216504,0.0164389,0.092,1
1080,1346,2,18,3,1,-0.198021,-2.50604,3,-0.499707,0.0467337,0.092,1
1080,1349,2,20,0,-1,3.72741,-0.827962,1,0.151238,0.273887,0.089,1
1080,1349,2,20,1,0,3.93985,0.233599,4,0.62345,0.176897,0.089,1
1080,1349,2,20,2,1,2.6798,-0.390214,3,0.326369,0.736894,0.089,1
1080,1349,2,20,3,1,4.62322,-0.780532,3,-0.0692329,-0.322458,0.089,1
1080,1351,38,20,0,-1,0.295542,5.98401,1,-0.103904,-0.11094,0.064,1
1080,1351,38,20,1,0,-1.07092,5.95485,3,-0.103533,-0.0701463,0.064,1
1080,1351,38,20,2,0,-0.545436,5.31168,4,-0.130095,-0.0955687,0.064,1
1080,1351,38,20,3,2,0.819094,5.26231,3,-0.140154,-0.119947,0.064,1
1080,1351,38,20,4,2,-0.405675,6.51149,3,-0.213684,-0.0816591,0.064,1
1080,1353,2,24,0,-1,-6.5206,-14.2689,1,0.0728259,0.0557067,0.092,0
1080,1353,2,24,1,0,-5.59206,-13.6137,10,0.120221,-0.011108,0.092,0
1080,1359,2,26,0,-1,-8.48369,-8.54369,1,-0.397314,0.508307,0.095,1
1080,1359,2,26,1,0,-9.28399,-7.61909,4,0.0462741,0.815854,0.095,1
1080,1359,2,26,2,1,-9.8169,-8.90526,3,-0.459055,1.0012,0.095,1
1080,1359,2,26,3,1,-7.99969,-7.88019,3,-0.118873,-0.0918992,0.095,1
1080,1360,38,21,0,-1,1.12721,5.98965,1,-0.0951761,-0.119495,0.063,0
1080,1360,38,21,1,0,1.18078,4.61569,3,-0.307449,-0.135599,0.063,0
1080,1360,38,21,2,0,1.77253,5.14038,4,-0.23361,-0.219214,0.063,0
1080,1360,38,21,3,2,2.06421,6.47637,3,0.0116054,-0.269604,0.063,0
1080,1367,2,26,0,-1,-2.87346,-15.4592,1,0.147861,0.0509032,0.096,1
1080,1367,2,26,1,0,-3.64831,-14.5252,4,-0.0966186,-0.116684,0.096,1
1080,1367,2,26,2,1,-3.78355,-15.9115,3,0.0158513,-0.162605,0.096,1
1080,1367,2,26,3,1,-2.36147,-14.7214,3,-0.110572,0.0507054,0.096,1
1080,1369,2,20,0,-1,4.80864,13.474,1,-0.132451,0.0926072,0.088,1
1080,1369,2,20,1,0,5.75933,13.9336,4,-0.0597363,0.00198175,0.088,1
1080,1369,2,20,2,1,4.42706,14.4001,3,-0.0457556,-0.00881568,0.088,1
1080,1369,2,20,3,1,5.38698,12.7892,3,-0.36926,0.138206,0.088,1
1080,1370,2,18,0,-1,1.64144,0.579835,1,0.136775,0.490072,0.093,0
1080,1370,2,18,1,0,1.06136,1.39139,4,-0.0586887,0.367348,0.093,0
1080,1370,2,18,2,1,0.638538,-0.00744036,3,0.0299663,0.334126,0.093,0
1080,1373,2,17,0,-1,16.6948,-1.21605,1,0.193606,-0.133186,0.088,1
1080,1373,2,17,1,0,17.443,-1.96927,4,0.58374,0.297453,0.088,1
1080,1373,2,17,2,1,17.3859,-0.579004,3,0.0575127,0.246795,0.088,1
1080,1373,2,17,3,1,16.2303,-1.81443,3,0.414178,-0.353934,0.088,1
1080,1374,2,21,0,-1,5.13118,14.2089,1,-0.282744,0.103109,0.087,0
1080,1374,2,21,1,0,6.12228,14.5576,4,-0.346106,0.100072,0.087,0
1080,1374,2,21,2,1,4.87267,15.1299,3,-0.422283,-0.0920167,0.087,0
1080,1375,2,19,0,-1,14.3535,-6.93696,1,-0.0183226,0.22291,0.096,0
1080,1377,2,27,0,-1,-12.0796,-5.57855,1,-0.195818,-0.369935,0.094,1
1080,1377,2,27,1,0,-12.3336,-6.74953,4,-0.11602,-0.393116,0.094,1
1080,1377,2,27,2,1,-11.1197,-6.06967,3,-0.180997,-0.335718,0.094,1
1080,1377,2,27,3,1,-12.8928,-5.55891,3,-0.138172,-0.394814,0.094,1
1080,1379,2,21,0,-1,7.17372,-0.0947682,1,0.0287284,0.163221,0.09,1
1080,1379,2,21,1,0,6.20146,0.335749,4,-0.0158136,0.0923149,0.09,1
1080,1379,2,21,2,1,6.79354,-0.906808,3,0.0724016,0.0987846,0.09,1
1080,1379,2,21,3,1,7.35509,0.720858,3,-0.124414,0.22124,0.09,1
1080,1380,2,15,0,-1,16.2449,-2.86133,1,0.267444,-0.127441,0.095,0
1080,1380,2,15,1,0,15.492,-2.19439,4,0.243771,-0.111953,0.095,0
1080,1382,2,19,0,-1,7.86739,-12.7638,1,-0.263893,-0.108419,0.095,0
1080,1383,2,26,0,-1,-3.64301,-12.9408,1,0.0663418,0.0371535,0.095,1
1080,1383,2,26,1,0,-2.45442,-12.6524,4,0.162442,0.0724081,0.095,1
1080,1383,2,26,2,1,-3.32485,-11.5653,3,0.404016,0.140215,0.095,1
1080,1383,2,26,3,1,-3.22508,-13.7078,3,0.0924294,0.213613,0.095,1
1080,1384,2,24,0,-1,-10.9153,-12.7223,1,-0.0354175,0.472253,0.095,0
1080,1386,2,20,0,-1,7.02319,15.7009,1,-0.110219,0.0708462,0.088,1
1080,1386,2,20,1,0,5.97224,15.5441,4,-0.127078,0.335972,0.088,1
1080,1386,2,20,2,1,7.07229,14.6898,3,-0.193408,0.238554,0.088,1
1080,1386,2,20,3,1,6.72228,16.5085,3,0.0573572,0.188151,0.088,1
1080,1387,2,22,0,-1,7.98102,-0.225171,1,0.103004,0.744454,0.091,0
1080,1388,2,27,0,-1,-4.08874,-13.6266,1,0.124838,-0.08153,0.096,0
1080,1391,2,21,0,-1,6.61693,15.0357,1,-0.271611,0.148432,0.088,0
1080,1391,2,21,1,0,6.8177,13.968,4,-0.353529,0.147328,0.088,0
1080,1391,2,21,2,1,7.78967,14.9762,3,-0.237187,0.0139021,0.088,0
1080,1393,2,27,0,-1,-7.6699,-8.6295,1,-0.496866,0.402705,0.094,0
1080,1393,2,27,1,0,-6.56383,-8.12211,4,-0.389067,-0.145457,0.094,0
1080,1393,2,27,2,1,-7.60821,-7.16027,3,-0.56905,-0.407804,0.094,0
1080,1394,2,21,0,-1,4.1506,-1.55219,1,-0.743527,-0.300907,0.089,0
1080,1396,2,20,0,-1,5.65609,2.76562,1,0.339064,0.0699695,0.087,0
1080,1397,2,27,0,-1,-2.93012,-16.2701,1,0.121633,0.0101249,0.096,0
1080,1398,2,26,0,-1,-7.91313,-11.8215,1,-0.399337,-0.0346051,0.097,0
1110,1095,2,16,0,-1,11.4846,11.3846,1,0.341488,-0.466863,0.088,1
1110,1095,2,16,1,0,11.3272,10.2868,4,-0.339535,-0.274681,0.088,1
1110,1095,2,16,2,1,12.4324,11.094,3,0.334409,-1.00981,0.088,1
1110,1095,2,16,3,1,10.6587,11.2967,3,0.634587,0.300798,0.088,1
1110,1102,2,18,0,-1,2.17181,-12.6361,1,-0.0976517,0.249832,0.096,1
1110,1102,2,18,1,0,1.65199,-11.5977,4,-0.151746,0.229525,0.096,1
1110,1102,2,18,2,1,1.08407,-12.9048,3,-0.044116,0.190806,0.096,1
1110,1102,2,18,3,1,2.83048,-12.148,3,-0.11708,0.294071,0.096,1
1110,1179,2,17,0,-1,1.04579,15.7032,1,-0.232184,0.570023,0.092,1
1110,1179,2,17,1,0,1.37285,16.6127,4,-0.150933,0.483216,0.092,1
1110,1179,2,17,2,1,0.0193242,15.9386,3,-0.299896,0.658754,0.092,1
1110,1179,2,17,3,1,2.05671,15.4914,3,-0.2738,0.377326,0.092,1
1110,1246,2,19,0,-1,12.5336,13.4929,1,-0.228102,0.0561649,0.089,1
1110,1246,2,19,1,0,11.9887,14.4214,4,-0.0866873,0.192918,0.089,1
1110,1246,2,19,2,1,11.6653,13.0659,3,-0.340099,0.173892,0.089,1
1110,1246,2,19,3,1,13.1495,13.9848,3,-0.183064,0.103644,0.089,1
1110,1263,2,23,0,-1,-17.6374,-10.7626,1,0.00429165,-0.304506,0.094,1
1110,1263,2,23,1,0,-16.6171,-11.3065,4,-0.00700768,-0.387041,0.094,1
1110,1263,2,23,2,1,-16.8738,-10.0604,3,0.155804,-0.360483,0.094,1
1110,1263,2,23,3,1,-17.9026,-11.7438,3,-0.105164,-0.0336165,0.094,1
1110,1280,2,25,0,-1,-4.80995,-14.6805,1,0.114766,-0.274749,0.096,1
1110,1280,2,25,1,0,-4.46211,-15.8296,4,0.122285,-0.268545,0.096,1
1110,1280,2,25,2,1,-3.86034,-14.5667,3,0.508325,-0.432231,0.096,1
1110,1280,2,25,3,1,-5.56153,-15.1306,3,0.0344155,-0.405528,0.096,1
1110,1302,2,25,0,-1,-1.82196,-20.337,1,-0.0259744,0.0681811,0.096,1
1110,1302,2,25,1,0,-2.38183,-19.2333,4,-0.218276,-0.0297055,0.096,1
1110,1302,2,25,2,1,-2.9584,-20.5235,3,0.000947846,-0.126127,0.096,1
1110,1302,2,25,3,1,-1.07658,-19.4778,3,-0.180176,0.13505,0.096,1
1110,1322,2,14,0,-1,13.067,-13.329,1,-0.0388332,-0.0308664,0.096,1
1110,1322,2,14,1,0,12.3045,-12.7311,4,-0.00737681,0.00938999,0.096,1
1110,1322,2,14,2,1,12.5805,-14.0822,3,-0.0854079,-0.00670334,0.096,1
1110,1327,2,15,0,-1,9.04508,-10.8042,1,0.12812,-0.062418,0.097,1
1110,1327,2,15,1,0,8.7034,-11.6996,4,-0.0407362,0.00976306,0.097,1
1110,1327,2,15,2,1,9.87969,-10.9313,3,0.0806119,-0.17882,0.097,1
1110,1349,2,20,0,-1,0.855615,-2.94003,1,-0.464002,-0.116652,0.089,1
1110,1349,2,20,1,0,-0.0826929,-2.44373,4,-0.120933,0.386643,0.089,1
1110,1349,2,20,2,1,0.33028,-3.75111,3,-0.762425,0.129498,0.089,1
1110,1349,2,20,3,1,1.10564,-2.13368,3,0.0222985,-0.0370631,0.089,1
1110,1351,38,20,0,-1,-8.09673,6.93532,1,-0.168264,-0.135959,0.064,1
1110,1351,38,20,1,0,-9.3124,6.31585,3,-0.117386,-0.191104,0.064,1
1110,1351,38,20,2,0,-8.54854,5.97995,4,-0.0584145,-0.205631,0.064,1
1110,1351,38,20,3,2,-7.26026,6.48484,3,-0.120632,-0.0485839,0.064,1
1110,1351,38,20,4,2,-8.90909,7.14051,3,-0.24661,-0.258757,0.064,1
1110,1359,2,26,0,-1,-9.223,-11.3029,1,-0.181289,-0.16429,0.095,1
1110,1359,2,26,1,0,-10.3842,-11.6075,4,-0.238847,0.0747,0.095,1
1110,1359,2,26,2,1,-9.24589,-12.411,3,-0.395726,-0.222186,0.095,1
1110,1359,2,26,3,1,-9.58117,-10.5124,3,-0.0683205,-0.0858579,0.095,1
1110,1367,2,26,0,-1,-7.96515,-22.6335,1,0.0528913,-0.0036944,0.096,1
1110,1367,2,26,1,0,-7.35273,-23.66,4,0.0202378,0.00289164,0.096,1
1110,1367,2,26,2,1,-6.85988,-22.3712,3,0.00952926,-0.043662,0.096,1
1110,1367,2,26,3,1,-8.58445,-23.21,3,-0.041906,-0.162102,0.096,1
1110,1370,2,18,0,-1,-4.17979,3.23678,1,-0.460455,0.156227,0.093,1
1110,1370,2,18,1,0,-5.15308,3.202,4,-0.458118,0.183431,0.093,1
1110,1370,2,18,2,1,-3.99948,2.26581,3,-0.438371,0.224668,0.093,1
1110,1370,2,18,3,1,-4.29573,4.19134,3,-0.424019,0.155225,0.093,1
1110,1373,2,17,0,-1,19.4878,-12.1614,1,-0.237422,-0.208034,0.088,1
1110,1373,2,17,1,0,18.4426,-12.2157,4,-0.238206,-0.0598785,0.088,1
1110,1373,2,17,2,1,19.4127,-13.2315,3,-0.355502,-0.196418,0.088,1
1110,1373,2,17,3,1,19.3287,-11.3613,3,-0.122671,-0.199136,0.088,1
1110,1377,2,27,0,-1,-13.6296,-8.71867,1,0.0244133,-0.00375892,0.094,1
1110,1377,2,27,1,0,-13.6382,-9.97253,4,0.342193,0.022314,0.094,1
1110,1377,2,27,2,1,-12.6068,-9.04622,3,0.24386,0.129448,0.094,1
1110,1377,2,27,3,1,-14.5236,-8.99988,3,0.11926,-0.133986,0.094,1
1110,1379,2,21,0,-1,-0.494035,4.92652,1,-0.541712,0.260654,0.09,1
1110,1379,2,21,1,0,-1.50472,5.40496,4,-0.6172,0.113303,0.09,1
1110,1379,2,21,2,1,-1.351,4.0102,3,-0.50319,0.109879,0.09,1
1110,1379,2,21,3,1,-0.303084,5.72267,3,-0.665625,0.28035,0.09,1
1110,1382,2,19,0,-1,1.47882,-12.2764,1,-0.127177,0.179047,0.095,0
1110,1382,2,19,1,0,0.350276,-12.3182,4,-0.132184,0.306827,0.095,0
1110,1383,2,26,0,-1,-0.626458,-8.4053,1,0.413431,-0.277591,0.095,1
1110,1383,2,26,1,0,-0.687109,-9.60692,4,0.278505,-0.270943,0.095,1
1110,1383,2,26,2,1,0.413789,-8.74345,3,0.223101,-0.21675,0.095,1
1110,1383,2,26,3,1,-1.50565,-8.5969,3,0.563035,-0.062996,0.095,1
1110,1384,2,24,0,-1,-12.0376,-13.5853,1,-0.251343,0.547545,0.095,1
1110,1384,2,24,1,0,-11.6967,-12.4515,4,0.0241926,0.498477,0.095,1
1110,1384,2,24,2,1,-12.7765,-13.1132,3,-0.229098,0.926919,0.095,1
1110,1384,2,24,3,1,-11.1944,-13.6487,3,-0.532643,0.332137,0.095,1
1110,1387,2,22,0,-1,-0.806953,4.33617,1,-0.446857,0.143103,0.091,1
1110,1387,2,22,1,0,-1.87693,4.43734,4,-0.48266,-0.000700426,0.091,1
1110,1387,2,22,2,1,-0.952806,3.37429,3,-0.224772,0.235994,0.091,1
1110,1387,2,22,3,1,-0.982597,5.28061,3,-0.611157,0.122558,0.091,1
1110,1388,2,27,0,-1,1.04466,-18.1565,1,0.32224,-0.589256,0.096,1
1110,1388,2,27,1,0,2.22469,-18.5643,4,0.529788,0.146375,0.096,1
1110,1388,2,27,2,1,1.9409,-17.1924,3,-0.00287422,0.0743798,0.096,1
1110,1388,2,27,3,1,1.06079,-19.1314,3,0.905798,-0.735556,0.096,1
1110,1393,2,27,0,-1,-2.8471,-14.8559,1,0.70951,-0.5143,0.094,1
1110,1393,2,27,1,0,-1.74598,-14.3185,4,0.304188,0.253639,0.094,1
1110,1393,2,27,2,1,-2.94487,-13.5379,3,-0.220565,-0.49594,0.094,1
1110,1393,2,27,3,1,-2.17266,-15.5584,3,1.3167,-0.145533,0.094,1
1110,1394,2,21,0,-1,0.593922,0.282132,1,-0.628378,0.477034,0.089,1
1110,1394,2,21,1,0,-0.438857,0.286795,4,-0.591168,-0.115144,0.089,1
1110,1394,2,21,2,1,0.518501,-0.783079,3,0.0542699,0.415372,0.089,1
1110,1394,2,21,3,1,0.455785,1.12929,3,-1.02149,0.415869,0.089,1
1110,1398,2,26,0,-1,-7.01842,-13.345,1,-0.0695864,1.04485,0.097,1
1110,1398,2,26,1,0,-8.22338,-13.4841,4,0.0443525,-0.394578,0.097,1
1110,1398,2,26,2,1,-7.26054,-14.5012,3,-0.339793,-0.704015,0.097,1
1110,1398,2,26,3,1,-7.25554,-12.5637,3,-0.485186,0.172876,0.097,1
1110,1399,2,20,0,-1,11.8248,13.8011,1,-0.134428,0.232135,0.09,0
1110,1399,2,20,1,0,12.6185,14.5325,4,-0.0834984,0.193084,0.09,0
1110,1399,2,20,2,1,11.2261,14.4238,3,-0.0980285,0.532687,0.09,0
1110,1405,2,26,0,-1,-5.65672,-22.6554,1,0.141548,0.00637898,0.097,1
1110,1405,2,26,1,0,-5.00289,-23.66,4,0.2095,0.00167187,0.097,1
1110,1405,2,26,2,1,-4.49123,-22.366,3,-0.0122778,0.0601109,0.097,1
1110,1405,2,26,3,1,-6.20196,-23.2337,3,0.18242,-0.0827918,0.097,1
1110,1407,2,28,0,-1,-13.3645,-7.94877,1,-0.667398,0.100455,0.093,1
1110,1407,2,28,1,0,-14.5681,-8.08511,4,-0.610084,-0.482606,0.093,1
1110,1407,2,28,2,1,-13.7983,-9.28961,3,0.0552039,-0.0478508,0.093,1
1110,1407,2,28,3,1,-13.7676,-7.04488,3,-1.09575,-0.118426,0.093,1
1110,1408,2,16,0,-1,9.43009,-11.5238,1,0.0359944,-0.119303,0.097,0
1110,1410,2,25,0,-1,-12.2397,-17.1108,1,-0.114847,0.513583,0.094,1
1110,1410,2,25,1,0,-13.3049,-16.6484,4,-0.426905,-0.200603,0.094,1
1110,1410,2,25,2,1,-13.0375,-17.9176,3,0.410104,-0.0295141,0.094,1
1110,1410,2,25,3,1,-12.1001,-16.1316,3,-0.764431,0.60449,0.094,1
1110,1413,2,27,0,-1,-2.91589,-19.7868,1,-0.150408,-0.112372,0.098,1
1110,1413,2,27,1,0,-2.45339,-20.9094,4,0.0778147,-0.0234064,0.098,1
1110,1413,2,27,2,1,-1.79555,-19.6689,3,-0.156963,0.100365,0.098,1
1110,1413,2,27,3,1,-3.58773,-20.2387,3,-0.0564721,-0.253,0.098,1
1110,1414,2,27,0,-1,-9.98283,-11.0544,1,-0.139257,-0.0152096,0.094,0
1110,1414,2,27,1,0,-10.1778,-9.87362,4,-0.108183,-0.00889151,0.094,0
1110,1416,2,15,0,-1,13.4774,-12.6421,1,0.0183019,-0.0646232,0.096,0
1110,1418,2,19,0,-1,-4.66426,2.5985,1,-0.450325,0.14435,0.094,0
1110,1419,2,26,0,-1,-12.0416,-17.9038,1,0.356986,0.627419,0.093,0
1110,1420,2,24,0,-1,-17.2593,-11.4456,1,0.226929,-0.202111,0.093,0
1110,1420,2,24,1,0,-18.3619,-11.1284,4,0.159926,-0.615533,0.093,0
1110,1421,2,26,0,-1,-1.38529,-21.0081,1,-0.0398341,0.0552348,0.096,0
1110,1424,2,22,0,-1,0.0186874,-0.29616,1,-0.372393,0.234218,0.089,0
1110,1425,38,21,0,-1,-7.87232,7.70574,1,-0.116058,-0.14761,0.063,0
1110,1426,2,28,0,-1,0.58365,-17.4934,1,0.122611,-0.766454,0.096,0
1110,1426,2,28,1,0,1.71773,-17.9459,4,0.37558,-0.115648,0.096,0
1110,1426,2,28,2,1,1.41379,-16.5756,3,-0.171923,-0.243772,0.096,0
1110,1427,2,21,0,-1,1.47842,-3.45198,1,-0.387362,0.0384546,0.09,0
1110,1427,2,21,1,0,2.45955,-3.81176,4,-0.375944,0.184696,0.09,0
1110,1429,2,28,0,-1,-2.49949,-14.1521,1,0.250651,-0.254882,0.095,0
1110,1430,2,17,0,-1,12.0492,10.8759,1,0.54891,-0.491755,0.089,0
1110,1430,2,17,1,0,13.1353,11.0408,4,0.89888,-0.674644,0.089,0
1110,1430,2,17,2,1,12.2992,12.2003,3,1.63148,-0.437449,0.089,0
1110,1432,2,25,0,-1,-12.6503,-14.1677,1,0.0494903,0.34246,0.096,0
1110,1432,2,25,1,0,-11.5849,-14.5098,4,-0.0745924,-0.30533,0.096,0
1110,1434,2,18,0,-1,0.573427,16.3495,1,0.116989,0.851021,0.091,0
1140,1095,2,16,0,-1,11.0394,8.18438,1,0.089996,0.398379,0.088,1
1140,1095,2,16,1,0,11.1698,9.22772,4,-0.0994418,0.427808,0.088,1
1140,1095,2,16,2,1,10.0396,8.398,3,0.00810683,0.276205,0.088,1
1140,1095,2,16,3,1,11.8599,8.22422,3,0.0821073,0.551069,0.088,1
1140,1263,2,23,0,-1,-8.49946,-16.0508,1,0.187159,0.341023,0.094,1
1140,1263,2,23,1,0,-7.93076,-15.0569,4,0.42324,0.106214,0.094,1
1140,1263,2,23,2,1,-9.21241,-15.1951,3,0.371712,0.451653,0.094,1
1140,1263,2,23,3,1,-7.59316,-16.3644,3,-0.154666,0.131246,0.094,1
1140,1322,2,14,0,-1,12.3289,-12.9834,1,0.00662825,-0.0359594,0.096,1
1140,1322,2,14,1,0,12.9943,-12.2226,4,-0.0167599,-0.0206632,0.096,1
1140,1322,2,14,2,1,11.6162,-12.4579,3,-0.0260885,0.017684,0.096,1
1140,1327,2,15,0,-1,6.67984,-11.19,1,0.00040941,0.00129322,0.097,1
1140,1327,2,15,1,0,6.85418,-12.1315,4,-0.00232832,0.000918971,0.097,1
1140,1327,2,15,2,1,7.44692,-10.8591,3,0.00141845,-0.000804549,0.097,1
1140,1349,2,20,0,-1,4.67482,-3.09909,1,0.30362,-0.383703,0.089,1
1140,1349,2,20,1,0,5.01502,-4.06961,4,0.113632,-0.501622,0.089,1
1140,1349,2,20,2,1,5.67925,-2.84586,3,0.203716,-0.560187,0.089,1
1140,1349,2,20,3,1,3.91779,-3.42516,3,0.12102,-0.490232,0.089,1
1140,1351,38,20,0,-1,-16.0771,11.2692,1,-0.0797636,-0.0071555,0.064,1
1140,1351,38,20,1,0,-17.4372,11.3948,3,-0.0778282,0.0242893,0.064,1
1140,1351,38,20,2,0,-16.9467,10.6888,4,-0.0589393,-0.0116814,0.064,1
1140,1351,38,20,3,2,-15.5497,10.5014,3,-0.0645306,0.021849,0.064,1
1140,1351,38,20,4,2,-16.6608,11.8648,3,-0.140357,0.0118458,0.064,1
1140,1359,2,26,0,-1,-11.595,-6.04894,1,0.137635,0.221823,0.095,1
1140,1359,2,26,1,0,-10.5975,-5.383,4,0.281383,0.0550125,0.095,1
1140,1359,2,26,2,1,-11.941,-4.99802,3,0.403445,0.33613,0.095,1
1140,1359,2,26,3,1,-11.045,-6.66319,3,0.0805436,0.148325,0.095,1
1140,1373,2,17,0,-1,19.343,-6.25456,1,-0.298213,0.0883979,0.088,1
1140,1373,2,17,1,0,18.2924,-6.24903,4,-0.283134,-0.0503902,0.088,1
1140,1373,2,17,2,1,19.1824,-7.33286,3,-0.134749,0.0793884,0.088,1
1140,1373,2,17,3,1,19.2107,-5.4388,3,-0.350304,0.0580672,0.088,1
1140,1377,2,27,0,-1,-12.4882,-4.06246,1,-0.0727338,0.321303,0.094,1
1140,1377,2,27,1,0,-12.8819,-2.92284,4,0.0355987,0.379112,0.094,1
1140,1377,2,27,2,1,-13.5912,-4.1177,3,-0.0230084,0.429955,0.094,1
1140,1377,2,27,3,1,-11.7684,-3.61486,3,-0.0334694,0.282888,0.094,1
1140,1379,2,21,0,-1,6.60021,-2.48066,1,0.464723,-0.314865,0.09,1
1140,1379,2,21,1,0,7.65195,-2.38123,4,0.524264,0.164472,0.09,1
1140,1379,2,21,2,1,6.74655,-1.28984,3,0.0668501,-0.276593,0.09,1
1140,1379,2,21,3,1,6.86258,-3.33323,3,0.929566,-0.0805339,0.09,1
1140,1383,2,26,0,-1,-1.06464,-11.2819,1,0.00239822,-0.451518,0.095,1
1140,1383,2,26,1,0,-1.30222,-12.4612,4,-0.341524,-0.373405,0.095,1
1140,1383,2,26,2,1,-0.113264,-11.7564,3,-0.1025,-0.741824,0.095,1
1140,1383,2,26,3,1,-1.87844,-11.2785,3,-0.0519254,-0.220961,0.095,1
1140,1384,2,24,0,-1,-9.96718,-8.48084,1,0.627534,0.18711,0.095,1
1140,1384,2,24,1,0,-8.97718,-9.05362,4,0.284068,-0.397665,0.095,1
1140,1384,2,24,2,1,-9.1205,-7.77211,3,0.901049,-0.332491,0.095,1
1140,1384,2,24,3,1,-10.2842,-9.26049,3,0.145541,0.462796,0.095,1
1140,1387,2,22,0,-1,3.78075,9.68933,1,-0.370235,0.795145,0.091,1
1140,1387,2,22,1,0,4.20669,10.6617,4,0.41295,0.454486,0.091,1
1140,1387,2,22,2,1,2.87023,10.2985,3,0.0969786,1.55614,0.091,1
1140,1387,2,22,3,1,4.65124,9.50589,3,-0.483742,0.0984289,0.091,1
1140,1388,2,27,0,-1,11.8645,-5.69116,1,0.131981,0.314939,0.096,1
1140,1388,2,27,1,0,12.3481,-4.56757,4,0.54989,0.16807,0.096,1
1140,1388,2,27,2,1,10.9616,-4.74096,3,0.46363,0.957179,0.096,1
1140,1388,2,27,3,1,12.6968,-5.82889,3,0.0589583,0.050433,0.096,1
1140,1393,2,27,0,-1,-4.78951,-10.6133,1,-0.196787,-0.0844445,0.094,1
1140,1393,2,27,1,0,-5.81876,-11.2303,4,-0.144819,-0.14547,0.094,1
1140,1393,2,27,2,1,-4.47278,-11.601,3,-0.122134,-0.074329,0.094,1
1140,1407,2,28,0,-1,-14.9211,-12.7097,1,-0.370733,0.0806253,0.093,1
1140,1407,2,28,1,0,-16.1129,-12.7672,4,-0.386339,0.356426,0.093,1
1140,1407,2,28,2,1,-15.1604,-13.7863,3,-0.684525,0.069179,0.093,1
1140,1407,2,28,3,1,-15.1559,-11.8591,3,-0.201878,0.154545,0.093,1
1140,1408,2,16,0,-1,7.38634,-11.6005,1,-0.000921703,-0.00113046,0.097,0
1140,1414,2,27,0,-1,-10.7946,-6.02262,1,0.142361,0.116601,0.094,0
1140,1414,2,27,1,0,-9.65209,-5.66943,4,0.185023,0.0354925,0.094,0
1140,1416,2,15,0,-1,13.0973,-12.9172,1,0.00726614,0.0141373,0.096,0
1140,1416,2,15,1,0,12.3426,-12.2412,4,0.0242397,0.0367018,0.096,0
1140,1425,38,21,0,-1,-10.0132,11.1832,1,-0.0743741,0.227689,0.063,1
1140,1425,38,21,1,0,-9.42003,12.4806,3,0.046621,0.15626,0.063,1
1140,1425,38,21,2,0,-10.0741,12.1877,4,-0.191129,0.227095,0.063,1
1140,1425,38,21,3,2,-11.0373,11.1784,3,-0.56637,0.519204,0.063,1
1140,1425,38,21,4,2,-9.23327,11.2097,3,0.0572579,0.410549,0.063,1
1140,1426,2,28,0,-1,-3.01542,-15.8543,1,-0.931324,-0.39158,0.096,1
1140,1426,2,28,1,0,-3.74071,-14.8766,4,-0.0724465,0.252696,0.096,1
1140,1426,2,28,2,1,-4.33387,-16.1568,3,-1.22322,0.774091,0.096,1
1140,1426,2,28,3,1,-2.41955,-15.0435,3,-0.209239,-0.904201,0.096,1
1140,1429,2,28,0,-1,-4.02573,-10.8689,1,-0.190701,-0.00180111,0.095,0
1140,1429,2,28,1,0,-3.75777,-12.0378,4,0.014497,0.0673248,0.095,0
1140,1429,2,28,2,1,-2.78994,-11.0393,3,-0.256608,0.338701,0.095,0
1140,1430,2,17,0,-1,14.7335,11.1441,1,0.391517,0.983655,0.089,1
1140,1430,2,17,1,0,14.5685,12.1689,4,-0.0741734,0.82573,0.089,1
1140,1430,2,17,2,1,13.6966,11.0535,3,0.445925,0.401464,0.089,1
1140,1430,2,17,3,1,15.6021,11.4989,3,-0.165633,0.651234,0.089,1
1140,1432,2,25,0,-1,-13.0566,-9.19005,1,0.0732265,-0.306945,0.096,1
1140,1432,2,25,1,0,-13.2783,-10.3109,4,-0.517327,-0.187153,0.096,1
1140,1432,2,25,2,1,-12.1161,-9.76012,3,-0.14891,-0.930647,0.096,1
1140,1432,2,25,3,1,-13.8815,-9.13239,3,0.282819,0.22899,0.096,1
1140,1437,2,18,0,-1,12.5996,10.0909,1,-0.482016,0.339191,0.088,1
1140,1437,2,18,1,0,12.6437,11.2314,4,-0.191372,0.405041,0.088,1
1140,1437,2,18,2,1,11.7609,10.1354,3,0.494813,-0.0512804,0.088,1
1140,1437,2,18,3,1,13.4482,10.3028,3,-0.204726,0.527058,0.088,1
1140,1440,2,17,0,-1,7.01161,13.2075,1,-0.38923,0.686701,0.089,1
1140,1440,2,17,1,0,7.36292,14.1863,4,0.112559,0.547877,0.089,1
1140,1440,2,17,2,1,6.0124,13.7639,3,-0.265504,1.69443,0.089,1
1140,1440,2,17,3,1,7.79044,13.0212,3,-0.386441,0.380207,0.089,1
1140,1441,2,29,0,-1,2.15255,-14.2392,1,-0.225454,-0.201568,0.097,1
1140,1441,2,29,1,0,1.00529,-13.8499,4,-0.11378,0.139768,0.097,1
1140,1441,2,29,2,1,1.376,-15.1881,3,-0.49738,0.0218297,0.097,1
1140,1441,2,29,3,1,2.22525,-13.3658,3,0.0365625,-0.276914,0.097,1
1140,1444,2,28,0,-1,-12.8795,-4.76994,1,0.0722019,0.226653,0.095,0
1140,1444,2,28,1,0,-13.9386,-5.33602,4,0.0760069,0.215119,0.095,0
1140,1445,2,29,0,-1,-14.1351,-12.8072,1,-0.420481,-0.210466,0.093,0
1140,1445,2,29,1,0,-12.9581,-12.6991,4,-0.406962,-0.440892,0.093,0
1140,1445,2,29,2,1,-14.0942,-11.8578,3,0.063557,0.20117,0.093,0
1140,1447,2,28,0,-1,2.08062,-9.34275,1,-0.599163,-0.144207,0.095,1
1140,1447,2,28,1,0,1.76578,-10.508,4,0.00778305,-0.303335,0.095,1
1140,1447,2,28,2,1,3.0904,-10.0276,3,-0.238489,0.373316,0.095,1
1140,1447,2,28,3,1,1.13464,-9.35395,3,-0.539403,-0.586996,0.095,1
1140,1449,2,23,0,-1,1.77506,3.42033,1,-0.202281,0.30469,0.092,1
1140,1449,2,23,1,0,1.28528,4.35215,4,-0.181205,0.320783,0.092,1
1140,1449,2,23,2,1,0.880948,3.04162,3,-0.212593,0.339415,0.092,1
1140,1449,2,23,3,1,2.42893,3.90491,3,-0.189728,0.305104,0.092,1
1140,1450,2,22,0,-1,7.04019,-1.84845,1,0.225375,-0.260021,0.089,0
1140,1450,2,22,1,0,5.98719,-1.65984,4,0.166035,-0.280155,0.089,0
1140,1452,38,21,0,-1,-16.2942,10.4898,1,-0.0135914,-0.0431383,0.063,0
1140,1452,38,21,1,0,-17.6745,10.5964,3,-0.00330698,-0.02692,0.063,0
1140,1453,2,18,0,-1,10.0427,10.4968,1,0.515327,0.359978,0.089,1
1140,1453,2,18,1,0,10.0549,11.5724,4,-0.0821773,0.288453,0.089,1
1140,1453,2,18,2,1,8.89539,10.7998,3,0.248385,-0.166024,0.089,1
1140,1453,2,18,3,1,10.9311,10.7096,3,0.404413,0.735691,0.089,1
1140,1454,38,22,0,-1,-9.4743,11.7636,1,0.000320213,0.143563,0.064,0
1140,1454,38,22,1,0,-8.65977,10.644,3,0.180212,0.242244,0.064,0
1140,1454,38,22,2,0,-8.47762,11.4842,4,0.0177285,0.0469567,0.064,0
1140,1456,2,28,0,-1,12.061,-6.4989,1,0.273885,0.329802,0.095,0
1140,1456,2,28,1,0,11.2257,-7.38149,4,0.124903,0.480174,0.095,0
1140,1456,2,28,2,1,12.5831,-7.68021,3,0.0688627,0.107148,0.095,0
1140,1457,2,30,0,-1,2.86595,-13.8487,1,-0.0900329,-0.429952,0.096,0
1140,1457,2,30,1,0,3.66516,-12.9521,4,-0.101139,-0.413008,0.096,0
1140,1458,2,21,0,-1,4.36249,-3.86867,1,0.318692,-0.285324,0.088,0
1140,1458,2,21,1,0,4.67562,-4.87352,4,-0.430175,-0.493082,0.088,0
1140,1459,2,19,0,-1,9.53612,9.85676,1,0.572741,0.401055,0.089,0
1140,1463,2,23,0,-1,3.13067,9.22166,1,-0.37359,0.764064,0.092,0
1170,1095,2,16,0,-1,14.8848,8.80199,1,0.526195,-0.125472,0.088,1
1170,1095,2,16,1,0,15.8597,8.40609,4,0.370043,-0.519527,0.088,1
1170,1095,2,16,2,1,15.2789,9.66664,3,0.725273,-0.358066,0.088,1
1170,1095,2,16,3,1,14.6938,8.01498,3,0.20469,-0.00238025,0.088,1
1170,1322,2,14,0,-1,10.256,-9.58415,1,0.154259,-0.0131955,0.096,1
1170,1322,2,14,1,0,11.1523,-9.95948,4,-0.0372679,-0.494321,0.096,1
1170,1322,2,14,2,1,10.519,-8.73388,3,0.496725,-0.248386,0.096,1
1170,1349,2,20,0,-1,4.0737,-14.6702,1,0.306378,-0.320823,0.089,1
1170,1349,2,20,1,0,5.07935,-14.3682,4,0.254831,-0.16128,0.089,1
1170,1349,2,20,2,1,3.84098,-13.7626,3,0.14119,-0.380819,0.089,1
1170,1349,2,20,3,1,4.41834,-15.4016,3,0.416703,-0.26171,0.089,1
1170,1373,2,17,0,-1,18.8101,-9.12787,1,0.470775,0.203733,0.088,1
1170,1373,2,17,1,0,19.8601,-9.0566,4,0.485239,-0.0196313,0.088,1
1170,1373,2,17,2,1,18.9058,-8.02787,3,0.693934,0.173825,0.088,1
1170,1373,2,17,3,1,19.0083,-9.93499,3,0.296478,0.16532,0.088,1
1170,1377,2,27,0,-1,-10.456,1.97678,1,0.188876,-0.514819,0.094,1
1170,1377,2,27,1,0,-10.9496,0.879928,4,-0.436175,-0.221609,0.094,1
1170,1377,2,27,2,1,-9.58803,1.19105,3,-0.195167,-1.0094,0.094,1
1170,1377,2,27,3,1,-11.2948,2.14098,3,0.241859,-0.0884105,0.094,1
1170,1379,2,21,0,-1,8.16269,-5.44433,1,-0.0613813,0.423005,0.09,1
1170,1379,2,21,1,0,9.20572,-5.32202,4,-0.0962062,0.253298,0.09,1
1170,1379,2,21,2,1,8.16181,-4.42598,3,0.0486205,0.464673,0.09,1
1170,1379,2,21,3,1,8.35325,-6.21941,3,-0.181595,0.318244,0.09,1
1170,1383,2,26,0,-1,1.4649,-6.26499,1,-0.157109,-0.0237163,0.095,1
1170,1383,2,26,1,0,0.273832,-6.46994,4,-0.210891,0.237431,0.095,1
1170,1383,2,26,2,1,1.27718,-7.43417,3,-0.469379,-0.0254777,0.095,1
1170,1383,2,26,3,1,1.14009,-5.48613,3,-0.00731581,0.0535667,0.095,1
1170,1384,2,24,0,-1,-9.87321,-0.634713,1,-0.448017,0.217517,0.095,1
1170,1384,2,24,1,0,-10.4554,0.358416,4,-0.057457,0.395154,0.095,1
1170,1384,2,24,2,1,-10.9451,-0.827582,3,-0.327095,0.565194,0.095,1
1170,1384,2,24,3,1,-9.24739,-0.0874012,3,-0.242201,0.0500647,0.095,1
1170,1387,2,22,0,-1,11.7167,13.7702,1,0.440286,0.870858,0.091,1
1170,1387,2,22,1,0,11.7894,14.9009,4,0.334972,0.791943,0.091,1
1170,1387,2,22,2,1,10.4181,14.7549,3,0.443857,0.434462,0.091,1
1170,1387,2,22,3,1,12.5387,14.0001,3,0.0804143,0.673356,0.091,1
1170,1388,2,27,0,-1,9.61222,-3.767,1,-0.266926,0.478445,0.096,1
1170,1388,2,27,1,0,8.54008,-3.22495,4,-0.312778,0.376161,0.096,1
1170,1388,2,27,2,1,8.98381,-4.54213,3,-0.264639,0.359919,0.096,1
1170,1388,2,27,3,1,9.82232,-2.97349,3,-0.339021,0.505233,0.096,1
1170,1425,38,21,0,-1,-14.1115,14.01,1,0.0256417,-0.421014,0.063,1
1170,1425,38,21,1,0,-14.3315,12.6551,3,0.343776,-0.476555,0.063,1
1170,1425,38,21,2,0,-13.6037,13.0414,4,0.250532,-0.28636,0.063,1
1170,1425,38,21,3,2,-12.7826,14.221,3,-0.0515067,-0.0608696,0.063,1
1170,1425,38,21,4,2,-14.776,13.3388,3,0.173909,-0.545818,0.063,1
1170,1426,2,28,0,-1,-3.73324,-9.27634,1,-0.0847481,0.185931,0.096,1
1170,1426,2,28,1,0,-3.55204,-8.06059,4,-0.202264,0.193742,0.096,1
1170,1426,2,28,2,1,-4.90303,-8.4718,3,-0.177857,0.0727758,0.096,1
1170,1426,2,28,3,1,-2.8417,-9.14932,3,-0.176163,0.218775,0.096,1
1170,1430,2,17,0,-1,15.4516,13.8472,1,0.206551,-0.109894,0.089,1
1170,1430,2,17,1,0,15.6511,12.8061,4,0.0364244,-0.146354,0.089,1
1170,1430,2,17,2,1,16.5099,13.9287,3,0.32147,-0.398549,0.089,1
1170,1430,2,17,3,1,14.689,13.5345,3,0.0878909,-0.0799931,0.089,1
1170,1432,2,25,0,-1,-11.4464,-4.36059,1,-0.0871009,-0.529032,0.096,1
1170,1432,2,25,1,0,-11.1602,-5.47523,4,-0.0168073,-0.505676,0.096,1
1170,1432,2,25,2,1,-10.408,-4.43462,3,-0.188646,-0.372992,0.096,1
1170,1432,2,25,3,1,-12.2158,-4.71836,3,-0.0803289,-0.564197,0.096,1
1170,1437,2,18,0,-1,15.754,11.0866,1,0.193026,-0.489806,0.088,1
1170,1437,2,18,1,0,16.7841,10.6317,4,0.519699,-0.0315848,0.088,1
1170,1437,2,18,2,1,16.2138,11.9386,3,-0.0958751,-0.417856,0.088,1
1170,1437,2,18,3,1,15.5955,10.3777,3,0.540334,-0.0465968,0.088,1
1170,1440,2,17,0,-1,13.5869,22.6656,1,0.157334,-0.0236684,0.089,1
1170,1440,2,17,1,0,13.9234,23.66,4,0.0900616,-0.00211565,0.089,1
1170,1440,2,17,2,1,12.6129,23.1725,3,0.133904,-0.0780103,0.089,1
1170,1440,2,17,3,1,14.4443,22.5642,3,0.105584,-0.0026487,0.089,1
1170,1441,2,29,0,-1,1.10053,-22.4621,1,-0.263223,-0.00804384,0.097,1
1170,1441,2,29,1,0,1.13248,-23.66,4,-0.00703987,0.00077764,0.097,1
1170,1441,2,29,2,1,2.17421,-22.7325,3,-0.259014,0.273936,0.097,1
1170,1441,2,29,3,1,0.303758,-22.6484,3,-0.204985,-0.14682,0.097,1
1170,1447,2,28,0,-1,-6.13537,-11.9755,1,-0.497218,0.512305,0.095,1
1170,1447,2,28,1,0,-7.34211,-11.9466,4,-0.51881,0.0105313,0.095,1
1170,1447,2,28,2,1,-6.48247,-13.0533,3,-0.184148,0.274255,0.095,1
1170,1447,2,28,3,1,-6.33162,-11.1232,3,-0.79006,0.368947,0.095,1
1170,1449,2,23,0,-1,-1.07229,0.278088,1,-0.500025,-0.415482,0.092,1
1170,1449,2,23,1,0,-1.99491,0.777018,4,-0.204186,0.127059,0.092,1
1170,1449,2,23,2,1,-1.51365,-0.518398,3,-0.833443,-0.0991277,0.092,1
1170,1449,2,23,3,1,-0.788083,1.047,3,-0.00312324,-0.82921,0.092,1
1170,1450,2,22,0,-1,6.1083,8.74351,1,0.700394,0.175985,0.089,1
1170,1450,2,22,1,0,6.80216,7.87219,4,0.211699,-0.0819984,0.089,1
1170,1450,2,22,2,1,6.99026,9.21735,3,0.615819,-0.116293,0.089,1
1170,1450,2,22,3,1,5.61226,7.95848,3,0.24001,0.570895,0.089,1
1170,1454,38,22,0,-1,-14.4167,14.7747,1,-0.186731,-0.501678,0.064,0
1170,1454,38,22,1,0,-13.408,13.8307,3,0.0380686,-0.242283,0.064,0
1170,1454,38,22,2,0,-13.3967,14.6654,4,-0.150869,-0.226904,0.064,0
1170,1454,38,22,3,2,-14.23,15.8136,3,-0.410183,-0.425513,0.064,0
1170,1456,2,28,0,-1,9.60792,-6.81122,1,0.246433,-0.00325258,0.095,1
1170,1456,2,28,1,0,10.5645,-6.05107,4,0.0312531,0.0348715,0.095,1
1170,1456,2,28,2,1,9.1974,-6.06083,3,-0.00702311,0.044804,0.095,1
1170,1456,2,28,3,1,10.1887,-7.33845,3,-0.0428507,0.00666996,0.095,1
1170,1463,2,23,0,-1,2.29964,0.583253,1,-0.026488,-0.725084,0.092,1
1170,1463,2,23,1,0,3.13226,-0.00125591,4,-0.038121,-0.722099,0.092,1
1170,1463,2,23,2,1,2.81314,1.32405,3,0.221171,-0.553185,0.092,1
1170,1463,2,23,3,1,1.88178,-0.114331,3,0.0307678,-0.834312,0.092,1
1170,1464,2,29,0,-1,-6.91435,-14.8816,1,-0.440486,0.352994,0.097,1
1170,1464,2,29,1,0,-8.1306,-14.8342,4,-0.479379,0.0430581,0.097,1
1170,1464,2,29,2,1,-7.38668,-16.0095,3,-0.320362,0.188441,0.097,1
1170,1464,2,29,3,1,-7.18482,-13.8659,3,-0.562993,0.10243,0.097,1
1170,1465,2,19,0,-1,15.0321,11.3781,1,0.259055,-0.257653,0.088,0
1170,1465,2,19,1,0,14.3146,12.257,4,0.347131,-0.167832,0.088,0
1170,1465,2,19,2,1,14.0055,10.8859,3,0.136317,-0.103698,0.088,0
1170,1470,2,29,0,-1,10.378,-6.78913,1,0.400447,-0.127792,0.096,0
1170,1470,2,29,1,0,9.63142,-7.79122,4,0.0492656,0.120765,0.096,0
1170,1472,2,25,0,-1,-9.02869,-5.15877,1,-0.446425,-0.169998,0.095,1
1170,1472,2,25,1,0,-9.61467,-6.14942,4,-0.13054,-0.397443,0.095,1
1170,1472,2,25,2,1,-8.33174,-6.05938,3,-0.117218,-0.249381,0.095,1
1170,1472,2,25,3,1,-9.86447,-4.87767,3,-0.460211,-0.57905,0.095,1
1170,1474,2,18,0,-1,2.89329,17.3242,1,-0.297469,0.199057,0.089,1
1170,1474,2,18,1,0,2.62749,18.3409,4,-0.177077,0.230526,0.089,1
1170,1474,2,18,2,1,1.83454,17.185,3,-0.311738,0.323187,0.089,1
1170,1474,2,18,3,1,3.64412,17.6603,3,-0.257915,0.111129,0.089,1
1170,1475,2,18,0,-1,17.147,13.26,1,0.0841769,-0.471376,0.089,1
1170,1475,2,18,1,0,17.2268,12.2078,4,0.654703,-0.405453,0.089,1
1170,1475,2,18,2,1,18.3184,13.1137,3,0.452695,-0.105888,0.089,1
1170,1475,2,18,3,1,16.3555,13.0498,3,0.489217,-0.659756,0.089,1
1170,1476,2,24,0,-1,-0.262179,6.55527,1,-0.0525373,0.0314341,0.093,1
1170,1476,2,24,1,0,-0.531232,7.55955,4,0.0515473,0.0671677,0.093,1
1170,1476,2,24,2,1,0.485161,6.85907,3,0.0594905,0.0810133,0.093,1
1170,1477,40,30,0,-1,-7.55654,-14.4293,1,-0.60771,0.105177,0.072,0
1170,1478,2,23,0,-1,4.13634,2.08542,1,-0.2332,-0.177168,0.088,1
1170,1478,2,23,1,0,4.63593,1.12523,4,0.461807,0.1247,0.088,1
1170,1478,2,23,2,1,4.95418,2.44719,3,-0.190155,0.24153,0.088,1
1170,1478,2,23,3,1,3.52597,1.5875,3,0.295307,-0.314513,0.088,1
1170,1479,2,28,0,-1,11.7639,-7.50209,1,0.21745,-0.146193,0.097,1
1170,1479,2,28,1,0,11.4369,-8.65354,4,0.292928,-0.229337,0.097,1
1170,1479,2,28,2,1,12.6502,-7.96136,3,0.251728,-0.193847,0.097,1
1170,1479,2,28,3,1,10.9208,-7.4561,3,0.180738,-0.352332,0.097,1
1170,1480,2,30,0,-1,2.94293,-18.3479,1,-0.391175,0.495689,0.096,1
1170,1480,2,30,1,0,1.78103,-18.0379,4,-0.505557,0.0793716,0.096,1
1170,1480,2,30,2,1,2.287,-19.3354,3,-0.127994,0.271774,0.096,1
1170,1480,2,30,3,1,2.96305,-17.449,3,-0.679586,0.383944,0.096,1
1170,1481,2,18,0,-1,17.3039,-4.68397,1,0.0292269,0.352759,0.087,1
1170,1481,2,18,1,0,17.3254,-3.58194,4,0.0682035,0.322283,0.087,1
1170,1481,2,18,2,1,16.1353,-4.28093,3,-0.110623,0.473418,0.087,1
1170,1481,2,18,3,1,18.2559,-4.34965,3,0.0546832,0.264774,0.087,1
1170,1482,2,17,0,-1,12.307,11.2546,1,0.297047,0.0269477,0.088,1
1170,1482,2,17,1,0,12.7029,10.2468,4,-0.204539,-0.147458,0.088,1
1170,1482,2,17,2,1,13.2191,11.5274,3,0.423059,-0.392677,0.088,1
1170,1482,2,17,3,1,11.5991,10.7687,3,0.0544403,0.382726,0.088,1
1170,1483,2,23,0,-1,10.9762,13.7515,1,0.112473,-0.715858,0.092,0
1170,1483,2,23,1,0,10.2831,12.9448,4,0.138252,-0.940792,0.092,0
1170,1483,2,23,2,1,11.2986,11.8998,3,0.0467733,-0.814663,0.092,0
1170,1484,41,29,0,-1,-4.39839,-9.77016,1,-0.152895,0.313674,0.071,0
1170,1484,41,29,1,0,-5.56698,-9.4254,4,-0.124626,0.385303,0.071,0
1170,1484,41,29,2,1,-5.16646,-10.7665,3,-0.0370213,0.403803,0.071,0
1170,1484,41,29,3,1,-4.36044,-8.95147,3,-0.102991,0.320825,0.071,0
1170,1485,2,29,0,-1,14.6283,-7.65805,1,-0.177898,0.318858,0.097,1
1170,1485,2,29,1,0,13.717,-6.86241,4,-0.138054,0.362431,0.097,1
1170,1485,2,29,2,1,13.7439,-8.24582,3,-0.115894,0.371676,0.097,1
1170,1485,2,29,3,1,15.0254,-6.90206,3,-0.136953,0.284246,0.097,1
1170,1486,2,22,0,-1,7.43592,-5.78973,1,0.103703,0.15694,0.089,0
1170,1486,2,22,1,0,6.39604,-5.65402,4,0.061062,-0.285098,0.089,0
1170,1487,2,26,0,-1,-12.7672,-11.3857,1,0.527156,-0.536657,0.097,1
1170,1487,2,26,1,0,-11.6298,-11.2458,4,0.490821,-0.103444,0.097,1
1170,1487,2,26,2,1,-12.49,-10.3001,3,0.172146,-0.458147,0.097,1
1170,1487,2,26,3,1,-12.5779,-12.1608,3,0.812317,-0.407521,0.097,1
1170,1488,42,24,0,-1,2.53733,-0.215588,1,0.0367379,-0.656152,0.067,0
1170,1488,42,24,1,0,3.05201,-1.15032,4,0.188346,-0.514489,0.067,0
1170,1488,42,24,2,1,3.70971,0.0891939,3,-0.0212841,-0.358769,0.067,0
1170,1488,42,24,3,1,1.91703,-0.74038,3,0.0465256,-0.827103,0.067,0
1170,1489,2,18,0,-1,12.8362,22.3723,1,0.17993,-0.0742418,0.088,0
1170,1489,2,18,1,0,11.8623,22.7601,4,0.167693,-0.103853,0.088,0
1170,1490,2,27,0,-1,2.03399,-5.69044,1,-0.347983,0.169288,0.094,0
1170,1492,2,28,0,-1,12.467,-4.23777,1,0.146083,0.493052,0.095,1
1170,1492,2,28,1,0,13.6717,-4.06233,4,0.236946,-0.207921,0.095,1
1170,1492,2,28,2,1,12.8089,-2.9333,3,0.92547,0.337086,0.095,1
1170,1492,2,28,3,1,12.8058,-5.05748,3,-0.349582,0.294017,0.095,1
1170,1493,2,26,0,-1,-8.23782,-5.29418,1,-0.400041,0.166278,0.094,0
1170,1495,2,19,0,-1,17.0031,-5.47809,1,0.252911,0.283124,0.086,0
1170,1495,2,19,1,0,16.0728,-4.99612,4,0.0758435,-0.0682864,0.086,0
1170,1495,2,19,2,1,16.0266,-6.39856,3,0.711156,-0.180709,0.086,0
1170,1496,2,18,0,-1,13.8482,-15.6337,1,0.0625914,-0.349544,0.087,1
1170,1496,2,18,1,0,14.7625,-15.1234,4,-0.0656923,-0.123629,0.087,1
1170,1496,2,18,2,1,14.3418,-16.2797,3,0.199499,-0.221887,0.087,1
1170,1497,2,27,0,-1,-14.5562,-8.28934,1,0.312864,0.625187,0.097,1
1170,1497,2,27,1,0,-13.6599,-7.51379,4,0.530847,-0.501178,0.097,1
1170,1497,2,27,2,1,-15.0217,-7.64739,3,-0.336927,2.09364,0.097,1
1170,1497,2,27,3,1,-13.9549,-8.73012,3,0.160305,-0.43561,0.097,1
1170,1500,44,30,0,-1,14.8714,-8.43536,1,0.289077,0.46862,0.122,0
1170,1500,44,30,1,0,14.25,-9.46309,4,0.457891,0.368838,0.122,0
1170,1502,2,29,0,-1,12.9784,-3.64725,1,0.480246,0.21504,0.094,0
1170,1503,2,25,0,-1,-9.15958,-1.02662,1,-0.732455,-0.27084,0.094,0
1170,1504,2,23,0,-1,5.48871,9.31127,1,0.562674,-0.0452715,0.089,0
1170,1504,2,23,1,0,5.42243,10.373,4,0.117694,-0.0462049,0.089,0
1170,1504,2,23,2,1,4.60705,9.27805,3,-0.324669,0.297673,0.089,0
1170,1506,2,18,0,-1,12.1519,12.0758,1,-0.401841,-0.159082,0.087,0
1170,1509,2,25,0,-1,-0.385144,5.77045,1,0.0534024,-0.0053961,0.093,0
1200,1322,2,14,0,-1,7.0699,-11.2144,1,-0.65366,0.204596,0.096,1
1200,1322,2,14,1,0,7.00574,-10.2325,4,0.156007,0.266841,0.096,1
1200,1322,2,14,2,1,5.93619,-11.1203,3,-0.644777,1.2215,0.096,1
1200,1379,2,21,0,-1,9.48633,-7.18088,1,-0.00102424,-0.00188115,0.09,1
1200,1379,2,21,1,0,8.4567,-7.00206,4,-0.000750629,-0.000268042,0.09,1
1200,1379,2,21,2,1,9.30259,-8.09597,3,-0.00241822,-0.00159854,0.09,1
1200,1383,2,26,0,-1,8.73216,2.18362,1,-0.116438,0.208104,0.095,1
1200,1383,2,26,1,0,7.6475,1.67328,4,-0.0842955,0.129964,0.095,1
1200,1383,2,26,2,1,8.94053,1.16387,3,-0.0187304,0.293504,0.095,1
1200,1383,2,26,3,1,8.22735,2.85243,3,-0.203016,0.178079,0.095,1
1200,1387,2,22,0,-1,14.7447,17.5682,1,-0.138224,0.0167532,0.091,1
1200,1387,2,22,1,0,13.8225,17.0888,4,0.0664635,-0.352122,0.091,1
1200,1387,2,22,2,1,15.2143,17.0268,3,0.14835,0.515337,0.091,1
1200,1387,2,22,3,1,14.3293,18.1951,3,-0.195604,-0.218339,0.091,1
1200,1425,38,21,0,-1,-7.43593,9.67511,1,0.0649189,0.208805,0.063,1
1200,1425,38,21,1,0,-7.36701,11.0923,3,0.0880172,0.174969,0.063,1
1200,1425,38,21,2,0,-7.91328,10.5607,4,-0.000327312,0.19155,0.063,1
1200,1425,38,21,3,2,-8.43228,9.23672,3,-0.165072,0.248802,0.063,1
1200,1425,38,21,4,2,-6.71905,10.0807,3,-0.00568728,0.20971,0.063,1
1200,1430,2,17,0,-1,15.0438,13.3089,1,-0.391183,0.000425297,0.089,1
1200,1430,2,17,1,0,14.0535,12.9154,4,-0.165704,-0.425646,0.089,1
1200,1430,2,17,2,1,15.2853,12.2127,3,0.429835,0.630646,0.089,1
1200,1430,2,17,3,1,14.6905,13.9384,3,-0.721448,0.0729536,0.089,1
1200,1432,2,25,0,-1,-11.7574,-8.43894,1,0.320416,-0.141888,0.096,1
1200,1432,2,25,1,0,-11.2398,-9.44255,4,-0.198943,-0.405949,0.096,1
1200,1432,2,25,2,1,-10.9107,-8.18251,3,0.240973,-0.574015,0.096,1
1200,1432,2,25,3,1,-12.442,-8.88749,3,0.0423442,0.140475,0.096,1
1200,1441,2,29,0,-1,2.62785,-20.0265,1,0.208655,0.470335,0.097,1
1200,1441,2,29,1,0,2.22639,-18.877,4,0.14641,0.437743,0.097,1
1200,1441,2,29,2,1,1.35409,-19.9562,3,0.474914,0.17862,0.097,1
1200,1441,2,29,3,1,3.35492,-19.5313,3,0.163786,0.443057,0.097,1
1200,1447,2,28,0,-1,-2.45002,-10.4201,1,-0.0484099,0.314643,0.095,1
1200,1447,2,28,1,0,-1.89738,-9.36515,4,-0.221822,0.394626,0.095,1
1200,1447,2,28,2,1,-3.1839,-9.89125,3,-0.0926309,0.0172975,0.095,1
1200,1447,2,28,3,1,-1.77773,-10.6855,3,0.264641,0.462607,0.095,1
1200,1449,2,23,0,-1,-2.08906,0.781466,1,-0.726083,0.167093,0.092,1
1200,1449,2,23,1,0,-2.42823,1.77982,4,-0.0997837,0.405776,0.092,1
1200,1449,2,23,2,1,-3.24652,0.648917,3,-1.115,1.1245,0.092,1
1200,1449,2,23,3,1,-1.33076,1.20923,3,-0.430808,-0.234668,0.092,1
1200,1450,2,22,0,-1,4.38675,12.9715,1,-0.467027,0.166322,0.089,1
1200,1450,2,22,1,0,3.75422,13.8118,4,-0.124481,0.432038,0.089,1
1200,1450,2,22,2,1,3.54776,12.4389,3,-0.575466,0.510403,0.089,1
1200,1450,2,22,3,1,4.95531,13.5796,3,-0.240769,-0.0465548,0.089,1
1200,1454,38,22,0,-1,-13.5685,12.811,1,-0.087203,0.297775,0.064,1
1200,1454,38,22,1,0,-12.5444,13.7882,3,0.0356489,0.130399,0.064,1
1200,1454,38,22,2,0,-13.3386,13.8064,4,-0.0159348,0.289086,0.064,1
1200,1454,38,22,3,2,-14.4987,13.0001,3,-0.0155776,0.282619,0.064,1
1200,1454,38,22,4,2,-12.7753,12.6619,3,0.00274863,0.286577,0.064,1
1200,1456,2,28,0,-1,12.8681,-12.6524,1,0.638077,-0.0477863,0.095,1
1200,1456,2,28,1,0,13.7849,-11.826,4,-0.127923,0.687683,0.095,1
1200,1456,2,28,2,1,12.4258,-11.4598,3,-0.241406,0.366366,0.095,1
1200,1456,2,28,3,1,13.4879,-13.069,3,0.63646,0.50034,0.095,1
1200,1464,2,29,0,-1,-5.48193,-17.0174,1,-0.256818,-0.131168,0.097,1
1200,1464,2,29,1,0,-6.45235,-17.7267,4,-0.213557,-0.177942,0.097,1
1200,1464,2,29,2,1,-5.09521,-18.049,3,-0.192924,-0.100239,0.097,1
1200,1464,2,29,3,1,-6.11092,-16.4634,3,-0.292812,-0.150948,0.097,1
1200,1470,2,29,0,-1,12.4744,-13.246,1,0.201306,0.172908,0.096,1
1200,1470,2,29,1,0,11.6089,-12.3923,4,-0.0953549,-0.0661849,0.096,1
1200,1470,2,29,2,1,11.4447,-13.7884,3,0.0564649,-0.041329,0.096,1
1200,1470,2,29,3,1,12.889,-12.0006,3,-0.286802,0.152652,0.096,1
1200,1475,2,18,0,-1,22.1448,1.41884,1,0.0303644,-0.577814,0.089,1
1200,1475,2,18,1,0,21.5372,0.558675,4,-0.379699,-0.272198,0.089,1
1200,1475,2,18,2,1,22.9471,0.611113,3,-0.315346,-0.957107,0.089,1
1200,1475,2,18,3,1,21.3888,1.78103,3,0.193005,-0.198707,0.089,1
1200,1476,2,24,0,-1,-1.05866,8.33656,1,-0.00552901,0.00203531,0.093,1
1200,1476,2,24,1,0,-0.320518,9.07771,4,-0.0140387,0.00967296,0.093,1
1200,1476,2,24,2,1,-0.407768,7.85079,3,-0.0023463,0.00846273,0.093,1
1200,1477,40,30,0,-1,-4.71722,-17.2603,1,-0.204626,0.033609,0.072,0
1200,1477,40,30,1,0,-5.08112,-15.2959,1,-0.0690329,0.0566958,0.072,0
1200,1477,40,30,2,0,-3.68167,-17.8628,4,-0.241569,-0.0257188,0.072,0
1200,1478,2,23,0,-1,-0.307412,3.02224,1,-0.581506,-0.0632061,0.088,1
1200,1478,2,23,1,0,-1.23216,3.44683,4,-0.412102,0.206803,0.088,1
1200,1478,2,23,2,1,-0.85526,2.1164,3,-0.742015,0.059883,0.088,1
1200,1478,2,23,3,1,0.0108689,3.74824,3,-0.331173,-0.242,0.088,1
1200,1479,2,28,0,-1,14.2642,-10.1541,1,-0.409461,-0.277617,0.097,1
1200,1479,2,28,1,0,13.0701,-10.2911,4,-0.417008,-0.221128,0.097,1
1200,1479,2,28,2,1,14.1217,-11.2114,3,-0.394438,-0.171693,0.097,1
1200,1479,2,28,3,1,13.9803,-9.36126,3,-0.336868,-0.318272,0.097,1
1200,1480,2,30,0,-1,1.89588,-11.2944,1,0.763949,0.537294,0.096,1
1200,1480,2,30,1,0,1.33261,-10.1922,4,0.131732,0.137328,0.096,1
1200,1480,2,30,2,1,0.713593,-11.4322,3,0.562278,-0.156966,0.096,1
1200,1480,2,30,3,1,2.66544,-10.1666,3,0.0913841,0.829175,0.096,1
1200,1482,2,17,0,-1,7.59124,11.0123,1,-0.383842,0.346708,0.088,1
1200,1482,2,17,1,0,8.38335,11.7054,4,0.252616,-0.368146,0.088,1
1200,1482,2,17,2,1,7.00582,12.0715,3,0.623422,1.13078,0.088,1
1200,1482,2,17,3,1,8.28641,10.4598,3,-0.867757,-0.279785,0.088,1
1200,1483,2,23,0,-1,8.90726,19.5105,1,0.223423,0.305113,0.092,1
1200,1483,2,23,1,0,9.54052,20.3536,4,-0.0845399,0.552905,0.092,1
1200,1483,2,23,2,1,8.18032,20.1101,3,-0.0492787,0.334313,0.092,1
1200,1483,2,23,3,1,9.65132,19.1416,3,0.353574,0.59401,0.092,1
1200,1485,2,29,0,-1,11.4897,-8.00894,1,0.124835,-0.317809,0.097,1
1200,1485,2,29,1,0,12.2319,-8.95192,4,0.135783,-0.306938,0.097,1
1200,1485,2,29,2,1,12.523,-7.58053,3,-0.077426,-0.276742,0.097,1
1200,1485,2,29,3,1,10.9561,-8.66673,3,0.155414,-0.215927,0.097,1
1200,1487,2,26,0,-1,-0.532108,-11.4758,1,0.0354988,0.451402,0.097,1
1200,1487,2,26,1,0,0.240238,-10.6443,4,0.349643,0.179934,0.097,1
1200,1487,2,26,2,1,-1.07807,-10.4543,3,0.382808,0.842973,0.097,1
1200,1487,2,26,3,1,0.0876952,-11.9618,3,-0.219226,0.279131,0.097,1
1200,1490,2,27,0,-1,4.76794,1.66311,1,0.0623371,0.497984,0.094,1
1200,1490,2,27,1,0,3.86746,2.45739,4,-0.311969,0.0840997,0.094,1
1200,1490,2,27,2,1,3.87541,1.05272,3,0.378765,0.0857841,0.094,1
1200,1490,2,27,3,1,5.1735,2.39845,3,-0.294175,0.721721,0.094,1
1200,1493,2,26,0,-1,-8.25054,-3.80405,1,-0.0796371,-0.151007,0.094,1
1200,1494,2,31,0,-1,-6.07121,-22.2354,1,-0.17245,-0.211264,0.096,1
1200,1494,2,31,1,0,-6.20129,-23.423,4,-0.022983,-0.206973,0.096,1
1200,1494,2,31,2,1,-5.02923,-22.6567,3,-0.126976,-0.0650716,0.096,1
1200,1494,2,31,3,1,-6.96837,-22.307,3,0.00379702,-0.183239,0.096,1
1200,1497,2,27,0,-1,-14.3775,-10.6252,1,0.549356,0.0123672,0.097,1
1200,1497,2,27,1,0,-13.9032,-11.6935,4,-0.167456,-0.367298,0.097,1
1200,1497,2,27,2,1,-13.1962,-10.5582,3,0.41504,-0.828474,0.097,1
1200,1497,2,27,3,1,-15.0557,-11.1098,3,0.10593,0.157015,0.097,1
1200,1498,43,15,0,-1,7.8961,-11.0929,1,-0.487264,-0.789322,0.071,0
1200,1500,44,30,0,-1,11.1197,-4.87542,1,-0.388407,0.716487,0.122,1
1200,1500,44,30,1,0,11.0518,-3.68013,4,0.394069,0.697893,0.122,1
1200,1500,44,30,2,1,9.99822,-4.60472,3,0.613563,0.375977,0.122,1
1200,1500,44,30,3,1,12.1691,-4.43893,3,-0.365047,-0.622899,0.122,1
1200,1500,44,30,4,2,10.2284,-3.40966,4,-0.243775,0.410016,0.122,1
1200,1500,44,30,5,4,8.95703,-3.95585,3,-0.0738138,-0.30137,0.122,1
1200,1506,2,18,0,-1,14.755,15.4326,1,0.331582,0.572656,0.087,1
1200,1506,2,18,1,0,15.7018,14.9403,4,-0.19251,-0.516519,0.087,1
1200,1506,2,18,2,1,15.188,16.2385,3,0.547082,-0.147173,0.087,1
1200,1506,2,18,3,1,14.4659,14.7592,3,-0.297019,0.579608,0.087,1
1200,1509,2,25,0,-1,-1.80387,8.04575,1,0.00326053,-0.0190156,0.093,0
1200,1514,2,26,0,-1,-10.4691,-7.8129,1,0.380458,-0.512817,0.097,1
1200,1514,2,26,1,0,-9.5969,-8.57875,4,0.559565,-0.400481,0.097,1
1200,1514,2,26,2,1,-9.30111,-7.31309,3,0.772928,-0.532714,0.097,1
1200,1514,2,26,3,1,-10.9108,-8.73802,3,0.596381,-0.62299,0.097,1
1200,1515,2,24,0,-1,3.76463,9.63973,1,-0.0406439,-0.278828,0.091,1
1200,1515,2,24,1,0,3.11763,8.66305,4,-0.16904,-0.136894,0.091,1
1200,1515,2,24,2,1,4.41421,8.9848,3,-0.414175,-0.181351,0.091,1
1200,1515,2,24,3,1,2.94944,9.87681,3,-0.368651,-0.349445,0.091,1
1200,1516,2,23,0,-1,9.10987,12.6499,1,0.320895,-0.0508831,0.092,1
1200,1516,2,23,1,0,10.0403,13.1429,4,0.296083,0.0228621,0.092,1
1200,1516,2,23,2,1,8.66556,13.6348,3,0.259954,-0.102554,0.092,1
1200,1516,2,23,3,1,9.66042,11.9752,3,0.308837,0.0152054,0.092,1
1200,1519,2,24,0,-1,-0.65865,3.79211,1,-0.269954,0.117329,0.088,0
1200,1519,2,24,1,0,-0.680462,4.85202,4,0.098204,0.145796,0.088,0
1200,1519,2,24,2,1,-1.7719,3.99039,3,-0.162447,0.490483,0.088,0
1200,1520,2,27,0,-1,-0.463797,-10.6727,1,0.27752,0.423856,0.096,0
1200,1520,2,27,1,0,0.225509,-9.7415,4,0.527959,0.24403,0.096,0
1200,1520,2,27,2,1,-1.04644,-9.60596,3,0.526987,1.0518,0.096,0
1200,1522,2,32,0,-1,-6.6028,-22.8354,1,-0.0725604,-0.336323,0.097,0
1200,1522,2,32,1,0,-6.60527,-21.6245,4,0.0195438,-0.342315,0.097,0
1200,1522,2,32,2,1,-7.75416,-22.4492,3,-0.0698776,-0.246555,0.097,0
1200,1524,2,31,0,-1,2.09209,-10.5682,1,0.764171,0.31844,0.096,0
1200,1524,2,31,1,0,2.36957,-11.7848,4,-0.117454,-0.101079,0.096,0
1200,1524,2,31,2,1,3.65008,-11.2059,3,0.12546,-0.867608,0.096,0
1200,1526,2,28,0,-1,-13.812,-10.0469,1,0.687761,0.0539873,0.098,0
1200,1526,2,28,1,0,-13.582,-11.1554,4,0.0434016,-0.00659629,0.098,0
1200,1526,2,28,2,1,-12.5299,-10.3571,3,0.72325,-0.634328,0.098,0
1200,1527,2,25,0,-1,1.80868,12.1877,1,-0.322517,0.0849986,0.092,1
1200,1527,2,25,1,0,0.937053,11.6003,4,-0.189386,-0.0938993,0.092,1
1200,1527,2,25,2,1,2.29592,11.235,3,-0.106923,0.287707,0.092,1
1200,1527,2,25,3,1,1.26423,12.7898,3,-0.536605,0.0153407,0.092,1
1200,1529,2,24,0,-1,0.560241,-0.0771179,1,-0.4761,-0.92362,0.092,1
1200,1529,2,24,1,0,-0.545836,-0.00816114,4,-0.514279,0.191892,0.092,1
1200,1529,2,24,2,1,0.360987,-1.02149,3,-1.15884,-0.291411,0.092,1
1200,1529,2,24,3,1,0.253177,0.932236,3,0.210115,-0.473918,0.092,1
1200,1533,38,23,0,-1,-12.8976,13.2099,1,-0.037315,0.20698,0.063,0
1200,1533,38,23,1,0,-12.605,11.8613,3,-0.535019,0.0835402,0.063,0
1200,1534,2,24,0,-1,9.36012,13.4127,1,0.248428,-0.0590069,0.092,0
1200,1536,2,26,0,-1,2.57078,12.4588,1,-0.526924,0.688155,0.093,0
1200,1538,2,19,0,-1,15.5087,15.6869,1,0.69695,-0.197995,0.088,0
1200,1538,2,19,1,0,16.2019,16.4685,4,0.352331,0.154208,0.088,0
1200,1543,2,25,0,-1,1.39316,-0.248712,1,-0.281803,-0.225195,0.093,0
1200,1545,38,22,0,-1,-7.17742,10.4257,1,0.0141771,0.28596,0.063,0
1200,1545,38,22,1,0,-5.87617,9.97047,3,-0.0263918,0.182497,0.063,0
1200,1545,38,22,2,0,-6.19524,10.8079,4,0.0535396,0.253179,0.063,0
1200,1546,2,27,0,-1,-9.81897,-6.75509,1,0.275378,0.804077,0.096,1
1200,1546,2,27,1,0,-10.9172,-7.08542,4,0.520036,-0.421084,0.096,1
1200,1546,2,27,2,1,-9.81572,-7.78264,3,0.248682,-0.657186,0.096,1
1200,1546,2,27,3,1,-10.3766,-5.90071,3,-0.335778,0.229223,0.096,1
1200,1547,2,30,0,-1,2.14094,-20.6835,1,0.942818,-0.110002,0.098,0
1200,1548,2,25,0,-1,3.18376,9.26604,1,-0.778907,0.230615,0.09,0
1230,1322,2,14,0,-1,6.99246,-11.084,1,-0.343502,-0.158586,0.096,1
1230,1322,2,14,1,0,6.49736,-10.2334,4,0.298711,0.223242,0.096,1
1230,1322,2,14,2,1,6.07756,-11.5495,3,-0.802155,0.564403,0.096,1
1230,1387,2,22,0,-1,7.56054,8.3981,1,0.488189,-0.663995,0.091,1
1230,1387,2,22,1,0,8.61212,8.56102,4,0.234745,-0.353913,0.091,1
1230,1387,2,22,2,1,7.60991,9.53741,3,-0.1358,-0.638949,0.091,1
1230,1387,2,22,3,1,7.84391,7.56539,3,0.16847,-0.368876,0.091,1
1230,1425,38,21,0,-1,-11.7738,12.0144,1,-0.211235,0.316953,0.063,1
1230,1425,38,21,1,0,-12.6057,13.1345,3,-0.454816,0.141051,0.063,1
1230,1425,38,21,2,0,-12.8514,12.13,4,-0.244395,0.0648909,0.063,1
1230,1425,38,21,3,2,-11.8822,11.0728,3,-0.01786,0.264328,0.063,1
1230,1425,38,21,4,2,-11.8615,12.8968,3,-0.429271,0.30611,0.063,1
1230,1430,2,17,0,-1,19.2306,4.04772,1,0.139562,-0.352784,0.089,1
1230,1430,2,17,1,0,19.1248,2.98604,4,-0.16196,-0.313828,0.089,1
1230,1430,2,17,2,1,20.4586,3.48859,3,0.000885509,-0.729348,0.089,1
1230,1430,2,17,3,1,18.3925,3.9684,3,0.108633,-0.104064,0.089,1
1230,1432,2,25,0,-1,-11.0623,-10.0077,1,0.722946,0.150071,0.096,1
1230,1432,2,25,1,0,-9.94217,-9.72947,4,0.799026,-0.227247,0.096,1
1230,1432,2,25,2,1,-10.9002,-8.89793,3,1.03483,0.0527689,0.096,1
1230,1432,2,25,3,1,-10.7377,-10.7709,3,0.528516,-0.0370978,0.096,1
1230,1441,2,29,0,-1,-5.48768,-11.868,1,-0.27359,-0.285381,0.097,1
1230,1441,2,29,1,0,-5.6345,-13.0521,4,-0.680366,-0.157659,0.097,1
1230,1441,2,29,2,1,-4.61701,-12.0811,3,-0.561984,-0.238124,0.097,1
1230,1441,2,29,3,1,-6.47913,-12.0467,3,0.0237799,0.444014,0.097,1
1230,1449,2,23,0,-1,-8.26904,8.95546,1,-0.579132,-0.065157,0.092,1
1230,1449,2,23,1,0,-9.149,8.40123,4,-0.364818,-0.416813,0.092,1
1230,1449,2,23,2,1,-7.80954,8.04039,3,-0.224071,0.0952968,0.092,1
1230,1449,2,23,3,1,-8.76208,9.61053,3,-0.870422,-0.246774,0.092,1
1230,1454,38,22,0,-1,-9.92271,18.4377,1,-0.20508,-0.171717,0.064,1
1230,1454,38,22,1,0,-11.2762,18.6094,3,-0.215905,-0.293349,0.064,1
1230,1454,38,22,2,0,-10.8023,17.8476,4,-0.176987,-0.214088,0.064,1
1230,1454,38,22,3,2,-9.39744,17.6717,3,-0.173998,-0.197136,0.064,1
1230,1454,38,22,4,2,-10.5598,19.0317,3,-0.200201,-0.218083,0.064,1
1230,1456,2,28,0,-1,13.9907,-15.0878,1,0.355902,0.136853,0.095,1
1230,1456,2,28,1,0,15.1317,-15.4673,4,0.19226,-0.380616,0.095,1
1230,1456,2,28,2,1,14.5591,-14.1881,3,0.550575,-0.258101,0.095,1
1230,1456,2,28,3,1,13.8994,-15.9065,3,0.0411314,0.091561,0.095,1
1230,1470,2,29,0,-1,4.21118,-14.9779,1,-0.483049,-0.461162,0.096,1
1230,1470,2,29,1,0,4.4512,-16.1681,4,0.134693,-0.359568,0.096,1
1230,1470,2,29,2,1,5.33202,-15.0425,3,-0.117622,-0.181056,0.096,1
1230,1470,2,29,3,1,3.44435,-15.3369,3,-0.260919,-0.838254,0.096,1
1230,1479,2,28,0,-1,10.4041,-19.1491,1,-0.160644,0.310268,0.097,1
1230,1479,2,28,1,0,9.93627,-18.0432,4,-0.0969102,0.334822,0.097,1
1230,1479,2,28,2,1,9.2966,-19.2787,3,-0.103293,0.339979,0.097,1
1230,1479,2,28,3,1,11.0888,-18.6731,3,-0.112805,0.307284,0.097,1
1230,1482,2,17,0,-1,16.4117,3.93575,1,0.0126718,-0.330016,0.088,1
1230,1482,2,17,1,0,16.2334,2.91702,4,0.00928186,-0.333075,0.088,1
1230,1482,2,17,2,1,17.4426,3.62866,3,0.0290478,-0.363758,0.088,1
1230,1482,2,17,3,1,15.6171,4.03234,3,-0.0116306,-0.345835,0.088,1
1230,1485,2,29,0,-1,15.137,-13.1324,1,0.517373,0.0160234,0.097,1
1230,1485,2,29,1,0,16.3546,-13.1493,4,0.510084,0.295646,0.097,1
1230,1485,2,29,2,1,15.6336,-11.9478,3,0.357718,0.193344,0.097,1
1230,1485,2,29,3,1,15.3435,-13.956,3,0.800576,-0.150514,0.097,1
1230,1487,2,26,0,-1,-3.62388,-13.3267,1,-0.234359,-0.64528,0.097,1
1230,1487,2,26,1,0,-4.74139,-13.6987,4,-0.219811,-0.406103,0.097,1
1230,1487,2,26,2,1,-3.57846,-14.2181,3,-0.016336,0.00186704,0.097,1
1230,1487,2,26,3,1,-3.93353,-12.6327,3,-0.517188,-0.238766,0.097,1
1230,1490,2,27,0,-1,-0.960048,-1.6984,1,-0.204756,-0.105778,0.094,1
1230,1490,2,27,1,0,-1.43321,-2.81366,4,-0.088657,-0.10659,0.094,1
1230,1490,2,27,2,1,-0.0862686,-2.41891,3,-0.0976252,-0.0682883,0.094,1
1230,1490,2,27,3,1,-1.81653,-1.56842,3,-0.160411,-0.102667,0.094,1
1230,1497,2,27,0,-1,-12.8474,-13.497,1,-0.533219,-1.11414,0.097,1
1230,1497,2,27,1,0,-12.4618,-14.6196,4,0.625414,-0.759029,0.097,1
1230,1497,2,27,2,1,-11.6995,-13.5955,3,0.0413609,-0.340278,0.097,1
1230,1497,2,27,3,1,-13.6302,-14.0751,3,0.612688,-0.955983,0.097,1
1230,1498,43,15,0,-1,7.79307,-10.9505,1,-0.35496,-0.0677854,0.071,0
1230,1514,2,26,0,-1,-6.67135,-14.9271,1,0.133121,0.400278,0.097,1
1230,1514,2,26,1,0,-6.73426,-13.7828,4,-0.211726,0.346627,0.097,1
1230,1514,2,26,2,1,-7.70159,-14.6888,3,-0.0761759,0.185981,0.097,1
1230,1514,2,26,3,1,-5.85632,-14.7592,3,0.213892,0.674621,0.097,1
1230,1515,2,24,0,-1,2.86787,3.80941,1,-0.0612822,0.748519,0.091,1
1230,1515,2,24,1,0,2.5732,4.82533,4,-0.717684,0.647962,0.091,1
1230,1515,2,24,2,1,1.78184,3.66505,3,0.192153,0.0316752,0.091,1
1230,1515,2,24,3,1,3.64606,4.2481,3,-0.752778,0.709849,0.091,1
1230,1516,2,23,0,-1,13.1303,13.5515,1,-0.0618303,-0.349399,0.092,1
1230,1516,2,23,1,0,12.4366,12.7459,4,-0.00992086,-0.393393,0.092,1
1230,1516,2,23,2,1,13.8953,12.8525,3,-0.0153002,-0.28136,0.092,1
1230,1516,2,23,3,1,12.445,13.9993,3,-0.111289,-0.391622,0.092,1
1230,1520,2,27,0,-1,8.48724,-9.10706,1,0.317604,-0.235812,0.096,1
1230,1520,2,27,1,0,9.64499,-9.10032,4,0.329052,0.102252,0.096,1
1230,1520,2,27,2,1,8.89849,-7.99407,3,0.104391,-0.0459671,0.096,1
1230,1520,2,27,3,1,8.64449,-9.94022,3,0.580134,-0.173355,0.096,1
1230,1526,2,28,0,-1,-4.37372,-17.5077,1,0.0428971,0.225748,0.098,1
1230,1526,2,28,1,0,-4.8441,-16.4818,4,-0.00387739,0.217823,0.098,1
1230,1526,2,28,2,1,-5.44798,-17.6044,3,-0.117121,0.271325,0.098,1
1230,1526,2,28,3,1,-3.6428,-17.1043,3,-0.0254647,0.164983,0.098,1
1230,1527,2,25,0,-1,-2.66478,16.2289,1,0.231896,0.259455,0.092,1
1230,1527,2,25,1,0,-1.77947,16.794,4,0.356368,0.066251,0.092,1
1230,1527,2,25,2,1,-3.1245,17.2132,3,0.450695,0.38768,0.092,1
1230,1527,2,25,3,1,-2.12104,15.6133,3,0.0961061,0.142686,0.092,1
1230,1529,2,24,0,-1,1.1368,-2.85349,1,-0.276155,0.0634159,0.092,1
1230,1529,2,24,1,0,0.801975,-1.85832,4,0.473618,0.301639,0.092,1
1230,1529,2,24,2,1,0.15387,-3.07835,3,-0.580085,0.763669,0.092,1
1230,1529,2,24,3,1,1.88804,-2.4746,3,-0.0986517,-0.671417,0.092,1
1230,1534,2,24,0,-1,13.1236,12.7655,1,-0.0161488,-0.353367,0.092,0
1230,1534,2,24,1,0,12.2496,13.3824,4,-0.0285105,-0.381068,0.092,0
1230,1543,2,25,0,-1,5.32118,4.96217,1,0.407657,0.573613,0.093,1
1230,1543,2,25,1,0,5.49694,5.99482,4,-0.0200514,0.64503,0.093,1
1230,1543,2,25,2,1,4.47093,5.06777,3,0.329208,0.238172,0.093,1
1230,1543,2,25,3,1,6.14914,5.02272,3,0.4204,0.944955,0.093,1
1230,1544,2,18,0,-1,19.8183,4.59306,1,0.311031,-0.538729,0.089,0
1230,1544,2,18,1,0,19.7535,3.54109,4,0.012471,-0.516279,0.089,0
1230,1544,2,18,2,1,20.8908,4.37676,3,0.276826,-0.858046,0.089,0
1230,1545,38,22,0,-1,-6.39502,18.5546,1,0.222772,0.126908,0.063,1
1230,1545,38,22,1,0,-5.03477,18.658,3,0.213747,0.261541,0.063,1
1230,1545,38,22,2,0,-5.61141,19.2608,4,0.154369,0.201524,0.063,1
1230,1545,38,22,3,2,-7.02454,19.2285,3,0.156297,0.0805946,0.063,1
1230,1545,38,22,4,2,-5.73268,18.0505,3,0.270868,0.188295,0.063,1
1230,1546,2,27,0,-1,-14.0582,-2.58861,1,0.0569453,0.40272,0.096,1
1230,1546,2,27,1,0,-14.65,-1.62281,4,-0.169439,0.251312,0.096,1
1230,1546,2,27,2,1,-15.0887,-2.83313,3,0.139056,0.136755,0.096,1
1230,1546,2,27,3,1,-13.3926,-2.13266,3,-0.040925,0.560315,0.096,1
1230,1547,2,30,0,-1,-4.34452,-15.4228,1,0.0261609,0.139352,0.098,1
1230,1547,2,30,1,0,-4.96904,-14.3897,4,-0.0945335,0.0446016,0.098,1
1230,1547,2,30,2,1,-5.13716,-15.7782,3,-0.342397,0.160504,0.098,1
1230,1547,2,30,3,1,-3.78766,-14.961,3,0.0418696,0.218244,0.098,1
1230,1548,2,25,0,-1,3.63523,3.47479,1,-0.0427248,0.479998,0.09,0
1230,1548,2,25,1,0,2.92296,2.7671,4,0.0719553,0.277913,0.09,0
1230,1548,2,25,2,1,4.333,2.76864,3,-0.0134813,-0.684988,0.09,0
1230,1550,2,24,0,-1,-4.82066,0.758325,1,-0.293406,-0.200401,0.092,1
1230,1550,2,24,1,0,-5.44153,-0.0890522,4,-0.114681,-0.336086,0.092,1
1230,1550,2,24,2,1,-4.08137,0.161017,3,-0.153666,-0.116231,0.092,1
1230,1550,2,24,3,1,-5.55733,1.1281,3,-0.383231,-0.363068,0.092,1
1230,1551,2,28,0,-1,9.1198,-8.64517,1,0.145065,-0.0142773,0.097,0
1230,1551,2,28,1,0,9.82952,-7.75496,4,0.134321,-0.00640143,0.097,0
1230,1557,2,29,0,-1,-4.21342,-16.7138,1,-0.0715108,0.252914,0.097,0
1230,1558,2,27,0,-1,-7.1337,-14.2744,1,-0.226761,0.219943,0.096,0
1230,1558,2,27,1,0,-6.02977,-14.0676,4,-0.361032,0.305731,0.096,0
1230,1558,2,27,2,1,-6.88288,-13.0621,3,-0.435296,0.243355,0.096,0
1230,1559,2,28,0,-1,-0.493402,-1.02229,1,-0.0463107,-0.268348,0.093,0
1230,1559,2,28,1,0,0.697257,-0.800917,4,-0.149678,0.244224,0.093,0
1230,1559,2,28,2,1,-0.250759,0.24764,3,-0.76038,-0.322273,0.093,0
1230,1560,2,18,0,-1,15.7762,3.41568,1,0.01317,-0.323413,0.087,0
1230,1560,2,18,1,0,14.7617,3.16358,4,-0.0532139,-0.0607405,0.087,0
1230,1561,2,27,0,-1,-2.29846,-14.5897,1,-0.0471926,0.395042,0.098,1
1230,1561,2,27,1,0,-2.8849,-13.6121,4,0.156151,0.496677,0.098,1
1230,1561,2,27,2,1,-3.05257,-14.8586,3,-0.0467048,0.553082,0.098,1
1230,1561,2,27,3,1,-1.6687,-14.1217,3,-0.0030861,0.115972,0.098,1
1230,1562,2,23,0,-1,8.06956,9.00704,1,0.0151635,-0.114992,0.091,0
1230,1562,2,23,1,0,8.28646,7.97059,4,0.0266129,0.0273395,0.091,0
1230,1562,2,23,2,1,9.14709,9.04686,3,-0.184744,0.287038,0.091,0
1230,1564,2,24,0,-1,-9.08054,9.07532,1,-0.619066,-0.390104,0.093,0
1230,1565,2,28,0,-1,-15.6114,-8.54892,1,-0.161822,-0.103796,0.096,1
1230,1565,2,28,1,0,-15.4218,-9.70115,4,0.219831,-0.0253277,0.096,1
1230,1565,2,28,2,1,-14.57,-8.74151,3,-0.100766,0.274174,0.096,1
1230,1565,2,28,3,1,-16.4882,-8.95832,3,-0.167176,-0.53985,0.096,1
1230,1566,2,30,0,-1,2.29851,-13.91,1,-0.705124,0.181639,0.096,1
1230,1566,2,30,1,0,1.50887,-13.001,4,-0.57921,0.257414,0.096,1
1230,1566,2,30,2,1,1.30117,-14.3846,3,-0.455081,0.232263,0.096,1
1230,1566,2,30,3,1,2.80011,-13.1549,3,-0.621264,-0.105039,0.096,1
1230,1568,2,30,0,-1,4.76291,-15.5519,1,-0.189838,-0.143406,0.096,0
1230,1568,2,30,1,0,5.03427,-16.7354,4,0.436096,0.00561439,0.096,0
1230,1571,38,22,0,-1,-12.3881,12.467,1,-0.308972,0.190473,0.064,0
1230,1571,38,22,1,0,-13.2844,13.5264,3,-0.519513,0.0141572,0.064,0
1230,1571,38,22,2,0,-13.3098,12.7375,4,-0.359873,0.00670707,0.064,0
1230,1571,38,22,3,2,-12.4601,11.5763,3,-0.0826383,0.210989,0.064,0
1230,1573,2,28,0,-1,-1.75375,-15.1777,1,-0.346959,0.113519,0.097,0
1230,1573,2,28,1,0,-0.731748,-14.6795,4,-0.271505,-0.0339398,0.097,0
1230,1574,2,26,0,-1,4.38154,1.94993,1,-0.0853336,-0.3061,0.092,1
1230,1574,2,26,1,0,4.0216,0.963435,4,0.255112,-0.715637,0.092,1
1230,1574,2,26,2,1,5.18448,1.85676,3,0.254002,-0.791085,0.092,1
1230,1574,2,26,3,1,3.62746,2.03145,3,0.219368,-0.781848,0.092,1
1230,1575,2,29,0,-1,-15.2577,-7.79414,1,0.042231,-0.210442,0.095,0
1230,1575,2,29,1,0,-14.116,-7.60243,0,0.120256,-0.735978,0.095,0
1230,1575,2,29,2,1,-14.9329,-6.60137,3,0.536098,-0.396415,0.095,0
1230,1577,2,31,0,-1,-5.05612,-15.0805,1,0.0230859,0.0558912,0.097,0
1230,1577,2,31,1,0,-5.92104,-15.9108,4,-0.307832,0.372201,0.097,0
1230,1578,2,30,0,-1,15.3088,-9.93565,1,0.524285,0.816825,0.098,1
1230,1578,2,30,1,0,14.6286,-8.93496,4,-0.229949,0.270272,0.098,1
1230,1578,2,30,2,1,14.1079,-10.2543,8,0.777384,-0.134378,0.098,1
1230,1578,2,30,3,1,15.9205,-9.21826,3,-0.0621279,0.949753,0.098,1
1230,1583,2,28,0,-1,-13.9718,-1.78111,1,-0.0993994,0.424251,0.096,0
1230,1584,2,30,0,-1,-5.15285,-12.5954,1,-0.209821,-0.257018,0.096,0
1230,1584,2,30,1,0,-5.60526,-13.7006,4,-0.0008501,-0.257089,0.096,0
1230,1584,2,30,2,1,-4.38583,-13.3371,3,-0.0693402,-0.268891,0.096,0
1230,1585,2,28,0,-1,-12.8671,-11.9639,1,-0.497231,0.101882,0.096,1
1230,1585,2,28,1,0,-13.9655,-11.6395,4,-0.483051,0.0290241,0.096,1
1230,1585,2,28,2,1,-13.6921,-12.8941,3,-0.422174,0.0352028,0.096,1
1230,1585,2,28,3,1,-12.7706,-11.0728,3,-0.226245,-0.520315,0.096,1
1230,1586,2,27,0,-1,4.53045,1.18262,1,0.78131,0.0520872,0.093,0
1260,1387,2,22,0,-1,13.9279,8.4142,1,-0.185105,0.31424,0.091,1
1260,1387,2,22,1,0,12.8958,8.60577,4,-0.217094,0.140487,0.091,1
1260,1387,2,22,2,1,13.6878,7.47816,3,-0.0335842,0.270883,0.091,1
1260,1387,2,22,3,1,13.9519,9.23611,3,-0.337988,0.341954,0.091,1
1260,1432,2,25,0,-1,-11.2244,-3.2435,1,-0.728316,-0.137234,0.096,1
1260,1432,2,25,1,0,-11.0554,-4.38172,4,-0.0145526,-0.038425,0.096,1
1260,1432,2,25,2,1,-10.0501,-3.56783,3,-0.582345,0.596532,0.096,1
1260,1432,2,25,3,1,-12.0848,-3.54975,3,-0.387716,-0.569794,0.096,1
1260,1441,2,29,0,-1,-12.1364,-11.8691,1,0.250753,0.04015,0.097,1
1260,1441,2,29,1,0,-10.9667,-12.2068,4,0.196123,-0.202587,0.097,1
1260,1441,2,29,2,1,-11.2188,-10.8048,3,0.48414,-0.151894,0.097,1
1260,1441,2,29,3,1,-12.1701,-12.7028,3,0.165454,-0.0671451,0.097,1
1260,1449,2,23,0,-1,-12.9517,1.24546,1,0.0814107,-0.32998,0.092,1
1260,1449,2,23,1,0,-13.5501,0.380915,4,-0.249966,-0.157116,0.092,1
1260,1449,2,23,2,1,-12.1875,0.601428,3,-0.183366,-0.698311,0.092,1
1260,1449,2,23,3,1,-13.686,1.6041,3,0.0244165,-0.155717,0.092,1
1260,1487,2,26,0,-1,-4.78953,-5.24653,1,-0.142732,0.333987,0.097,1
1260,1487,2,26,1,0,-5.28399,-4.21642,4,-0.0030213,0.402177,0.097,1
1260,1487,2,26,2,1,-5.82959,-5.3752,3,-0.171729,0.470606,0.097,1
1260,1487,2,26,3,1,-4.10346,-4.79487,3,-0.0791278,0.246855,0.097,1
1260,1497,2,27,0,-1,-7.9116,-14.2563,1,0.0023391,0.101026,0.097,1
1260,1497,2,27,1,0,-7.1808,-15.1496,4,-0.147917,-0.0123038,0.097,1
1260,1497,2,27,2,1,-6.74986,-13.9308,3,-0.053117,-0.0422046,0.097,1
1260,1497,2,27,3,1,-8.46359,-14.8888,3,-0.0851337,0.175902,0.097,1
1260,1515,2,24,0,-1,-1.1059,7.24838,1,0.0197454,-0.479246,0.091,1
1260,1515,2,24,1,0,-0.767593,6.2222,4,0.244811,-0.385521,0.091,1
1260,1515,2,24,2,1,-0.0899167,7.4218,3,-0.10719,-0.177995,0.091,1
1260,1515,2,24,3,1,-1.80766,6.83056,3,0.100135,-0.537792,0.091,1
1260,1516,2,23,0,-1,15.3427,12.0963,1,-0.0153002,0.441261,0.092,1
1260,1516,2,23,1,0,14.7014,12.9501,4,-0.260846,0.26882,0.092,1
1260,1516,2,23,2,1,14.4091,11.5233,3,0.0893578,0.225336,0.092,1
1260,1516,2,23,3,1,15.9266,12.6418,3,-0.189436,0.556929,0.092,1
1260,1520,2,27,0,-1,18.8565,-4.27273,1,0.244822,0.526546,0.096,1
1260,1520,2,27,1,0,18.6688,-3.13709,4,-0.0358693,0.486476,0.096,1
1260,1520,2,27,2,1,17.5099,-3.79156,3,0.188324,0.0933503,0.096,1
1260,1520,2,27,3,1,19.6704,-4.00105,3,0.056625,0.62842,0.096,1
1260,1526,2,28,0,-1,1.84997,-16.1858,1,0.407349,0.911154,0.098,1
1260,1526,2,28,1,0,1.34105,-15.0843,4,-0.736058,0.410053,0.098,1
1260,1526,2,28,2,1,0.736853,-16.2228,3,0.347879,-0.104771,0.098,1
1260,1526,2,28,3,1,2.57576,-15.4479,3,-0.673322,0.904773,0.098,1
1260,1529,2,24,0,-1,-4.75918,3.89554,1,-0.356924,-0.137919,0.092,1
1260,1529,2,24,1,0,-4.70726,2.86027,4,-0.213991,-0.140639,0.092,1
1260,1529,2,24,2,1,-3.79656,3.88378,3,-0.433535,0.0366447,0.092,1
1260,1529,2,24,3,1,-5.54381,3.83119,3,-0.388052,-0.289405,0.092,1
1260,1534,2,24,0,-1,14.5912,12.2895,1,-0.0547884,0.239513,0.092,0
1260,1534,2,24,1,0,15.3455,13.0683,4,-0.345017,0.541366,0.092,0
1260,1543,2,25,0,-1,8.62753,12.5262,1,0.415396,-0.10316,0.093,1
1260,1543,2,25,1,0,9.24744,11.6739,4,0.20484,-0.172585,0.093,1
1260,1543,2,25,2,1,9.58428,13.0219,3,0.296389,-0.157921,0.093,1
1260,1543,2,25,3,1,8.08481,11.7598,3,0.185315,0.00639537,0.093,1
1260,1547,2,30,0,-1,-5.24672,-11.3305,1,-0.303204,-0.446055,0.098,1
1260,1547,2,30,1,0,-5.15649,-12.5341,4,0.343776,-0.395392,0.098,1
1260,1547,2,30,2,1,-4.14696,-11.5563,3,-0.159678,0.1362,0.098,1
1260,1547,2,30,3,1,-6.08708,-11.6219,3,-0.20744,-0.932929,0.098,1
1260,1548,2,25,0,-1,-1.60441,7.9234,1,0.351908,-0.232026,0.09,0
1260,1548,2,25,1,0,-2.19627,8.81967,4,0.824525,0.0733406,0.09,0
1260,1548,2,25,2,1,-2.47548,7.466,3,0.093644,0.198241,0.09,0
1260,1551,2,28,0,-1,16.807,-2.86376,1,-0.223222,0.0650499,0.097,1
1260,1551,2,28,1,0,16.2294,-1.8644,4,-0.00485927,0.2708,0.097,1
1260,1551,2,28,2,1,15.5672,-2.98463,3,-0.244256,0.463345,0.097,1
1260,1551,2,28,3,1,17.4543,-2.30056,3,-0.141509,0.160291,0.097,1
1260,1554,2,26,0,-1,-13.1589,-8.07143,1,-0.689484,0.273754,0.097,1
1260,1554,2,26,1,0,-13.1673,-6.89067,4,0.291504,0.514475,0.097,1
1260,1554,2,26,2,1,-14.3371,-7.43227,3,0.0850526,1.29422,0.097,1
1260,1554,2,26,3,1,-12.0602,-7.62545,3,-0.0990489,0.0928133,0.097,1
1260,1557,2,29,0,-1,2.49281,-16.5826,1,0.0149978,0.221657,0.097,0
1260,1557,2,29,1,0,1.52585,-15.874,4,0.153849,0.451687,0.097,0
1260,1557,2,29,2,1,1.63567,-17.177,3,0.332487,0.409043,0.097,0
1260,1561,2,27,0,-1,-4.55854,-15.8585,1,-0.307078,-0.541708,0.098,1
1260,1561,2,27,1,0,-4.98987,-16.9523,4,0.147845,-0.61531,0.098,1
1260,1561,2,27,2,1,-3.75385,-16.6291,3,0.0976104,-0.21713,0.098,1
1260,1561,2,27,3,1,-5.62671,-15.8234,3,0.013998,-0.665597,0.098,1
1260,1562,2,23,0,-1,11.8182,0.710478,1,-0.00474803,-0.272937,0.091,1
1260,1562,2,23,1,0,11.4649,-0.264068,4,-0.0936461,-0.245272,0.091,1
1260,1562,2,23,2,1,12.6493,0.484362,3,0.0204896,-0.415776,0.091,1
1260,1562,2,23,3,1,11.0082,0.878195,3,0.0134459,-0.206958,0.091,1
1260,1566,2,30,0,-1,8.26966,-9.58633,1,0.578903,-0.111941,0.096,1
1260,1566,2,30,1,0,9.45427,-9.40695,4,0.512763,0.160927,0.096,1
1260,1566,2,30,2,1,8.5133,-8.36708,3,0.138749,-0.219581,0.096,1
1260,1566,2,30,3,1,8.59366,-10.4118,3,0.746792,-0.0585376,0.096,1
1260,1573,2,28,0,-1,4.57598,-14.6541,1,-0.0964704,0.183145,0.097,1
1260,1573,2,28,1,0,3.98651,-13.6758,4,0.0758674,0.303408,0.097,1
1260,1573,2,28,2,1,3.54658,-14.8776,3,-0.235405,0.415731,0.097,1
1260,1573,2,28,3,1,5.24908,-14.1712,3,-0.00926574,0.100172,0.097,1
1260,1574,2,26,0,-1,4.18815,5.3857,1,-0.181619,0.72012,0.092,1
1260,1574,2,26,1,0,4.07553,6.432,4,-0.573768,0.6769,0.092,1
1260,1574,2,26,2,1,3.25323,5.31823,3,-0.086341,0.332326,0.092,1
1260,1574,2,26,3,1,4.94181,5.64472,3,-0.304549,0.927062,0.092,1
1260,1575,2,29,0,-1,-15.2608,-11.2343,1,-0.0633445,-0.503585,0.095,1
1260,1575,2,29,1,0,-15.0364,-12.3554,0,-0.0415021,-0.498618,0.095,1
1260,1575,2,29,2,1,-14.2336,-11.355,3,-0.108193,-0.447825,0.095,1
1260,1575,2,29,3,1,-16.036,-11.5107,3,-0.0590979,-0.519747,0.095,1
1260,1578,2,30,0,-1,16.862,-7.94551,1,0.00432818,-0.0277623,0.098,1
1260,1578,2,30,1,0,15.7822,-8.4708,4,0.00793037,-0.0292971,0.098,1
1260,1578,2,30,2,1,17.0818,-8.98452,8,0.0426399,0.0626979,0.098,1
1260,1578,2,30,3,1,16.3535,-7.28936,3,-0.0161266,-0.0212125,0.098,1
1260,1584,2,30,0,-1,-8.87757,-10.2377,1,-0.430201,0.665331,0.096,1
1260,1584,2,30,1,0,-8.5659,-9.01945,4,0.475318,0.375744,0.096,1
1260,1584,2,30,2,1,-9.8173,-9.13094,3,0.47015,0.691502,0.096,1
1260,1584,2,30,3,1,-7.97257,-10.1572,3,-0.0840728,0.077592,0.096,1
1260,1585,2,28,0,-1,-16.7428,-21.482,1,-0.367649,-0.532108,0.096,1
1260,1585,2,28,1,0,-17.8629,-21.2326,4,-0.230092,0.104105,0.096,1
1260,1585,2,28,2,1,-17.369,-22.4302,3,-0.865192,-0.155521,0.096,1
1260,1585,2,28,3,1,-16.6957,-20.6251,3,0.102561,-0.563339,0.096,1
1260,1586,2,27,0,-1,6.31385,-0.82509,1,-0.361669,-0.436712,0.093,1
1260,1586,2,27,1,0,5.3251,-0.451242,4,-0.270797,-0.0772901,0.093,1
1260,1586,2,27,2,1,5.93519,-1.67935,3,-0.707912,-0.294105,0.093,1
1260,1586,2,27,3,1,6.43387,-0.0619097,3,-0.233841,-0.270596,0.093,1
1260,1591,2,31,0,-1,17.5744,-7.5713,1,-0.00630484,-0.0198676,0.099,0
1260,1591,2,31,1,0,18.3843,-8.45332,4,-0.0218926,-0.0316436,0.099,0
1260,1591,2,31,2,1,18.5527,-7.06322,8,-0.104877,-0.0253498,0.099,0
1260,1592,2,26,0,-1,8.12577,13.1513,1,0.707554,0.0944403,0.093,0
1260,1592,2,26,1,0,7.10616,12.9299,4,0.740673,-0.102354,0.093,0
1260,1594,2,31,0,-1,7.65668,-9.07209,1,0.353743,-0.389241,0.095,0
1260,1594,2,31,1,0,6.87231,-8.1697,4,0.22866,-0.502768,0.095,0
1260,1595,47,28,0,-1,-8.72826,-14.1661,1,0.00759955,0.0397628,0.122,0
1260,1595,47,28,1,0,-9.73459,-13.6033,4,0.0713329,0.0549479,0.122,0
1260,1595,47,28,2,1,-9.66853,-14.8885,3,0.0632099,0.0517501,0.122,0
1260,1595,47,28,3,1,-8.42906,-13.3802,3,0.121894,-0.143965,0.122,0
1260,1595,47,28,4,3,-9.38926,-12.9562,1,0.181579,-0.0145154,0.122,0
1260,1600,2,25,0,-1,-5.25233,3.23927,1,-0.259684,-0.18737,0.091,0
1260,1604,2,24,0,-1,12.1773,-0.0307881,1,-0.0888801,-0.31504,0.091,0
1260,1604,2,24,1,0,12.2412,-1.0801,4,-0.250969,-0.335887,0.091,0
1260,1604,2,24,2,1,13.2104,-0.0973116,3,-0.0597638,-0.534558,0.091,0
1260,1605,2,30,0,-1,-11.5081,-11.4429,1,0.359271,-0.0918265,0.096,0
1260,1605,2,30,1,0,-12.7135,-11.3016,4,0.434755,0.429226,0.096,0
1260,1608,2,29,0,-1,4.63596,-13.8558,1,0.0399638,0.163571,0.097,0
1260,1608,2,29,1,0,5.65326,-13.3587,4,-0.03581,0.319144,0.097,0
1260,1609,2,31,0,-1,-9.36309,-10.924,1,-0.986594,1.15642,0.095,0
1260,1609,2,31,1,0,-8.1935,-10.8214,4,-0.859004,0.272431,0.095,0
1260,1610,2,29,0,-1,17.6131,-3.00409,1,-0.202815,0.177223,0.096,0
1260,1610,2,29,1,0,18.1959,-3.98161,4,0.349096,0.579595,0.096,0
1260,1612,48,27,0,-1,-12.4607,-8.52619,1,-0.66445,-0.228656,0.122,0
1260,1612,48,27,1,0,-11.2828,-8.94278,3,0.196849,1.44493,0.122,0
1260,1612,48,27,2,0,-11.3534,-8.40066,4,-0.76798,-0.392855,0.122,0
1260,1615,2,28,0,-1,7.11601,-0.755571,1,-0.366315,-0.192061,0.094,0
1260,1615,2,28,1,0,8.08102,-1.16519,4,-0.358387,-0.191118,0.094,0
1260,1616,2,28,0,-1,-4.40433,-15.0513,1,-0.70713,-0.566601,0.099,0
1290,1387,2,22,0,-1,8.25874,11.1119,1,0.261537,0.419805,0.091,1
1290,1387,2,22,1,0,9.29689,11.2857,4,0.360407,-0.18393,0.091,1
1290,1387,2,22,2,1,8.2345,12.1803,3,0.950777,0.510414,0.091,1
1290,1387,2,22,3,1,8.54351,10.3074,3,-0.202474,0.239725,0.091,1
1290,1432,2,25,0,-1,0.151039,-7.56352,1,0.429996,-0.0271491,0.096,1
1290,1441,2,29,0,-1,-9.61033,-7.6474,1,-0.181795,0.553659,0.097,1
1290,1441,2,29,1,0,-10.6334,-6.97594,4,-0.551762,-0.0320065,0.097,1
1290,1441,2,29,2,1,-10.4803,-8.3707,3,0.344979,0.0530143,0.097,1
1290,1441,2,29,3,1,-9.40115,-6.54336,3,-0.763976,0.60223,0.097,1
1290,1515,2,24,0,-1,0.05519,8.02669,1,0.523743,-0.363042,0.091,1
1290,1515,2,24,1,0,0.94537,7.45225,4,0.759128,0.0157049,0.091,1
1290,1515,2,24,2,1,0.810446,8.83992,3,-0.0699634,-0.0547927,0.091,1
1290,1515,2,24,3,1,-0.234054,7.18549,3,0.863596,-0.177019,0.091,1
1290,1516,2,23,0,-1,9.41229,15.2323,1,0.26219,-0.309355,0.092,1
1290,1516,2,23,1,0,10.2756,14.6086,4,0.367177,-0.0686797,0.092,1
1290,1516,2,23,2,1,9.95661,16.0169,3,-0.159251,-0.186779,0.092,1
1290,1516,2,23,3,1,9.1181,14.0941,3,0.412306,-0.300452,0.092,1
1290,1526,2,28,0,-1,10.6345,-9.11817,1,0.384124,-0.0375109,0.098,1
1290,1526,2,28,1,0,11.4523,-8.32804,4,0.177181,0.326293,0.098,1
1290,1526,2,28,2,1,10.1419,-8.18105,3,0.177806,0.193346,0.098,1
1290,1526,2,28,3,1,11.2444,-9.63274,3,0.40515,0.406755,0.098,1
1290,1534,2,24,0,-1,17.3649,8.68654,1,-0.0837661,-0.419869,0.092,1
1290,1534,2,24,1,0,17.3008,7.635,4,0.0117296,-0.418576,0.092,1
1290,1534,2,24,2,1,18.4228,8.54546,3,-0.0368107,-0.337071,0.092,1
1290,1534,2,24,3,1,16.5359,8.58315,3,-0.0527467,-0.474354,0.092,1
1290,1543,2,25,0,-1,12.2463,7.87949,1,-0.330105,-0.185809,0.093,1
1290,1543,2,25,1,0,11.5135,7.12045,4,-0.132241,-0.363413,0.093,1
1290,1543,2,25,2,1,12.8952,7.17184,3,-0.158195,0.048558,0.093,1
1290,1543,2,25,3,1,11.5338,8.28577,3,-0.413734,-0.338007,0.093,1
1290,1547,2,30,0,-1,0.56372,-16.9734,1,0.577653,-0.173638,0.098,1
1290,1547,2,30,1,0,1.09687,-18.0673,4,0.343237,-0.191702,0.098,1
1290,1547,2,30,2,1,1.6177,-16.7851,3,0.152173,-0.0680454,0.098,1
1290,1547,2,30,3,1,-0.0217156,-17.3297,3,0.528174,0.23659,0.098,1
1290,1548,2,25,0,-1,1.19466,-1.58145,1,0.0139013,0.187378,0.09,1
1290,1548,2,25,1,0,0.611552,-0.69715,4,-0.0684245,0.119432,0.09,1
1290,1548,2,25,2,1,0.301978,-2.03377,3,0.0724541,0.0807402,0.09,1
1290,1548,2,25,3,1,1.7829,-1.04626,3,-0.0269987,0.246465,0.09,1
1290,1551,2,28,0,-1,19.2323,3.61041,1,0.220756,0.311763,0.097,1
1290,1551,2,28,1,0,20.1413,4.30192,4,0.232979,0.293225,0.097,1
1290,1551,2,28,2,1,18.8829,4.57732,3,0.240166,0.332275,0.097,1
1290,1551,2,28,3,1,19.8238,3.03214,3,0.195876,0.276562,0.097,1
1290,1557,2,29,0,-1,6.11595,-15.2064,1,0.333773,0.475262,0.097,1
1290,1557,2,29,1,0,6.12356,-14.0597,4,0.389142,0.460088,0.097,1
1290,1557,2,29,2,1,5.05864,-14.7606,3,0.317204,0.536823,0.097,1
1290,1557,2,29,3,1,6.93786,-15.0906,3,0.328868,0.396504,0.097,1
1290,1561,2,27,0,-1,9.11628,-16.6651,1,1.13144,0.0468626,0.098,1
1290,1561,2,27,1,0,8.90559,-15.4708,4,0.41132,-0.00498994,0.098,1
1290,1561,2,27,2,1,7.80804,-16.129,3,0.727943,-0.348672,0.098,1
1290,1561,2,27,3,1,10.0918,-16.0201,3,0.643197,0.781405,0.098,1
1290,1566,2,30,0,-1,18.5718,-4.05825,1,0.518996,-0.32068,0.096,1
1290,1566,2,30,1,0,19.7327,-3.7396,4,0.372956,0.204997,0.096,1
1290,1566,2,30,2,1,18.6036,-2.90208,3,-0.00415375,-0.297114,0.096,1
1290,1566,2,30,3,1,19.0108,-4.83479,3,0.841908,-0.110438,0.096,1
1290,1574,2,26,0,-1,3.78558,5.53528,1,-0.660878,0.143056,0.092,1
1290,1574,2,26,1,0,2.72038,5.58111,4,-0.611408,0.787485,0.092,1
1290,1574,2,26,2,1,3.61217,4.49946,3,-0.987008,0.455988,0.092,1
1290,1574,2,26,3,1,3.61623,6.3431,3,-0.106799,0.200718,0.092,1
1290,1578,2,30,0,-1,15.7637,-8.48869,1,-0.000397354,-0.00041141,0.098,1
1290,1578,2,30,1,0,16.0139,-9.65872,4,0.000325153,-0.000287887,0.098,1
1290,1578,2,30,2,1,16.822,-8.51631,8,-0.000441921,0.000114029,0.098,1
1290,1578,2,30,3,1,15.0056,-8.81583,3,-0.000263285,-0.000853186,0.098,1
1290,1584,2,30,0,-1,2.4982,-7.71336,1,0.416963,-0.137299,0.096,1
1290,1584,2,30,1,0,3.50923,-7.03806,4,0.584685,-0.409499,0.096,1
1290,1584,2,30,2,1,2.36567,-6.44577,3,0.799536,0.0892612,0.096,1
1290,1584,2,30,3,1,3.05366,-8.27768,3,0.355901,-0.325114,0.096,1
1290,1586,2,27,0,-1,0.560565,-5.18997,1,-0.0103034,-0.101326,0.093,1
1290,1586,2,27,1,0,0.725472,-6.25016,4,0.0863861,-0.0668015,0.093,1
1290,1586,2,27,2,1,1.83202,-5.39753,3,0.0303299,0.00159812,0.093,1
1290,1586,2,27,3,1,-0.196851,-5.53677,3,0.015376,-0.147822,0.093,1
1290,1592,2,26,0,-1,8.66016,13.3769,1,-0.000505316,0.526372,0.093,1
1290,1592,2,26,1,0,9.62794,13.8254,4,0.396727,-0.170075,0.093,1
1290,1592,2,26,2,1,8.283,14.2446,3,0.607124,0.573178,0.093,1
1290,1592,2,26,3,1,9.1809,12.749,3,-0.377243,0.147665,0.093,1
1290,1594,2,31,0,-1,13.0788,-1.43583,1,0.135031,0.314421,0.095,1
1290,1594,2,31,1,0,13.7233,-0.400406,4,-0.0308202,0.427787,0.095,1
1290,1594,2,31,2,1,12.3349,-0.624031,3,0.000446187,0.227156,0.095,1
1290,1594,2,31,3,1,13.9341,-1.69799,3,0.204377,0.471478,0.095,1
1290,1605,2,30,0,-1,-9.62795,-8.47714,1,0.0919629,0.557713,0.096,0
1290,1605,2,30,1,0,-10.1261,-9.58407,4,-0.050564,0.636243,0.096,0
1290,1605,2,30,2,1,-8.76648,-9.26328,0,-0.0472081,0.623696,0.096,0
1290,1609,2,31,0,-1,1.71206,-7.71629,1,0.372022,0.452725,0.095,0
1290,1609,2,31,1,0,2.73522,-7.05601,4,0.524345,0.135701,0.095,0
1290,1609,2,31,2,1,1.54258,-6.65818,3,0.596996,0.361385,0.095,0
1290,1612,48,27,0,-1,-14.284,-10.4181,1,-0.192775,0.174783,0.122,1
1290,1612,48,27,1,0,-14.4591,-9.21137,3,-0.561591,0.0966555,0.122,1
1290,1612,48,27,2,0,-15.0955,-9.5952,4,-0.44675,0.0108152,0.122,1
1290,1612,48,27,3,2,-15.0928,-10.8921,3,-0.295648,0.0690464,0.122,1
1290,1612,48,27,4,2,-13.7661,-9.65521,3,-0.479191,0.0898151,0.122,1
1290,1615,2,28,0,-1,1.85658,-4.7356,1,1.28647e-05,0.1816,0.094,1
1290,1615,2,28,1,0,1.20339,-5.61969,4,0.0351264,0.135896,0.094,1
1290,1615,2,28,2,1,2.58667,-5.65271,3,0.0427748,0.108414,0.094,1
1290,1615,2,28,3,1,1.11122,-4.46369,13,-0.122877,0.120763,0.094,1
1290,1616,2,28,0,-1,-1.21021,-18.7841,1,0.196177,0.296047,0.099,1
1290,1616,2,28,1,0,-0.291315,-18.107,4,0.401931,-0.0928203,0.099,1
1290,1616,2,28,2,1,-1.56107,-17.8225,3,0.395931,-0.302325,0.099,1
1290,1616,2,28,3,1,-0.493532,-19.4084,3,-0.160716,-0.134345,0.099,1
1290,1620,2,27,0,-1,0.0630037,3.62194,1,0.280086,0.339391,0.092,1
1290,1620,2,27,1,0,1.09354,3.91054,4,0.422371,-0.238877,0.092,1
1290,1620,2,27,2,1,-0.147863,4.4299,3,0.360925,-0.292098,0.092,1
1290,1620,2,27,3,1,0.436335,2.93556,3,-0.246409,0.193512,0.092,1
1290,1621,49,28,0,-1,-13.5581,-10.6645,1,-0.293183,-0.251335,0.097,0
1290,1621,49,28,1,0,-14.4826,-9.92956,3,-0.14879,0.0261331,0.097,0
1290,1621,49,28,2,0,-13.043,-11.8228,3,-0.403309,-0.331578,0.097,0
1290,1624,2,28,0,-1,4.48749,3.3691,1,0.0145042,0.384013,0.093,1
1290,1624,2,28,1,0,3.44934,3.60083,4,-0.179872,-0.376525,0.093,1
1290,1624,2,28,2,1,4.18633,2.42848,3,0.498038,-0.0048392,0.093,1
1290,1624,2,28,3,1,4.45979,4.18428,3,-0.653721,0.374546,0.093,1
1290,1626,2,32,0,-1,12.4585,-1.95547,1,0.190125,0.238992,0.095,0
1290,1626,2,32,1,0,11.3601,-2.44121,4,0.163501,0.283067,0.095,0
1290,1626,2,32,2,1,12.629,-3.02497,3,0.120591,0.220602,0.095,0
1290,1630,2,31,0,-1,-1.57963,-12.8824,1,0.198515,0.305993,0.099,1
1290,1630,2,31,1,0,-1.49323,-11.6852,4,-0.16878,0.335878,0.099,1
1290,1630,2,31,2,1,-2.57297,-12.5746,3,0.0171936,0.104126,0.099,1
1290,1630,2,31,3,1,-0.745067,-12.7573,3,0.0428175,0.493524,0.099,1
1290,1631,2,31,0,-1,14.2864,-1.13951,1,0.0828275,0.481717,0.097,1
1290,1631,2,31,1,0,13.1531,-0.715275,4,0.0151136,0.315534,0.097,1
1290,1631,2,31,2,1,13.2994,-2.14399,3,0.273043,0.336388,0.097,1
1290,1631,2,31,3,1,14.4509,-0.361799,3,-0.0380591,0.49085,0.097,1
1290,1632,2,25,0,-1,-5.62127,-0.75084,1,-0.281872,0.323707,0.091,1
1290,1632,2,25,1,0,-5.96891,0.245006,4,-0.105229,0.390852,0.091,1
1290,1632,2,25,2,1,-6.72188,-0.91322,3,-0.208733,0.493503,0.091,1
1290,1632,2,25,3,1,-4.89512,-0.34819,3,-0.205981,0.175003,0.091,1
1290,1633,2,24,0,-1,8.78044,15.6114,1,0.276055,-0.190108,0.091,1
1290,1633,2,24,1,0,7.97816,14.9574,4,0.195393,-0.0880622,0.091,1
1290,1633,2,24,2,1,9.41892,14.6617,3,0.181437,-0.296927,0.091,1
1290,1633,2,24,3,1,8.19632,16.1725,6,0.149308,-0.112631,0.091,1
1290,1634,2,26,0,-1,14.2384,14.004,1,-0.660578,-0.0745433,0.093,1
1290,1634,2,26,1,0,13.4714,14.7277,4,-0.263965,0.347183,0.093,1
1290,1634,2,26,2,1,13.4644,13.3468,3,-0.943679,0.319463,0.093,1
1290,1634,2,26,3,1,14.6475,14.7294,3,-0.274453,-0.297693,0.093,1
1290,1635,2,30,0,-1,1.86319,-15.4956,1,0.424273,-0.163344,0.098,1
1290,1635,2,30,1,0,2.50481,-16.443,4,0.158054,-0.360187,0.098,1
1290,1635,2,30,2,1,2.84531,-15.2153,3,0.684484,-0.490876,0.098,1
1290,1635,2,30,3,1,1.26558,-16.0011,3,0.282414,-0.00592819,0.098,1
1290,1636,2,27,0,-1,3.17847,5.01894,1,-0.826825,0.329509,0.091,0
1290,1637,2,26,0,-1,-5.90795,-1.50066,1,0.172932,0.135276,0.092,0
1290,1639,2,28,0,-1,0.0665473,-18.771,1,0.0276628,-0.241206,0.097,1
1290,1639,2,28,1,0,0.54382,-17.7405,4,0.421678,-0.288161,0.097,1
1290,1639,2,28,2,1,-0.773522,-17.5925,3,0.629863,0.680977,0.097,1
1290,1639,2,28,3,1,0.669196,-19.2391,4,-0.0554596,-0.332045,0.097,1
1290,1639,2,28,4,1,1.26374,-18.8566,3,-0.0562448,-0.474248,0.097,1
1290,1640,2,26,0,-1,1.5548,-2.30558,1,0.390147,0.37871,0.089,0
1290,1642,2,25,0,-1,-1.09497,5.49323,1,0.332184,-0.388236,0.092,1
1290,1642,2,25,1,0,-0.117814,5.09658,4,0.654061,0.227772,0.092,1
1290,1642,2,25,2,1,-0.46109,6.54365,3,-0.243111,0.0765154,0.092,1
1290,1642,2,25,3,1,-1.25655,4.60096,3,1.05498,-0.706281,0.092,1
1290,1643,2,26,0,-1,13.0194,8.10771,1,-0.416958,0.098217,0.094,0
1290,1644,2,29,0,-1,10.7854,-8.33797,1,0.499786,-0.190297,0.097,0
1290,1644,2,29,1,0,11.7313,-8.97969,4,0.84209,0.197033,0.097,0
1290,1644,2,29,2,1,11.6247,-7.65267,3,0.50927,0.137661,0.097,0
1290,1646,2,26,0,-1,-1.36943,6.23893,1,0.379159,-0.341287,0.093,0
1290,1646,2,26,1,0,-1.97496,7.08695,4,0.389082,-0.307915,0.093,0
1290,1646,2,26,2,1,-2.14264,5.58756,3,0.236497,-0.275979,0.093,0
1290,1647,2,28,0,-1,8.81581,-17.471,1,0.240873,0.38269,0.099,0
1290,1649,2,27,0,-1,7.85578,13.3272,1,-0.0490201,0.484563,0.093,0
1320,1387,2,22,0,-1,13.9257,14.319,1,-0.328403,-0.165852,0.091,1
1320,1387,2,22,1,0,13.4608,13.4042,4,-0.0699817,-0.291378,0.091,1
1320,1387,2,22,2,1,14.7863,13.822,3,-0.187133,0.0913505,0.091,1
1320,1387,2,22,3,1,13.2238,14.6465,3,-0.369528,-0.35585,0.091,1
1320,1441,2,29,0,-1,-22.482,-7.50672,1,0.0499832,-0.0992166,0.097,1
1320,1441,2,29,1,0,-23.6543,-7.84199,4,0.0377959,0.124529,0.097,1
1320,1441,2,29,2,1,-22.6958,-8.88648,3,-0.261026,-0.0902795,0.097,1
1320,1441,2,29,3,1,-23.0226,-6.68674,3,0.100494,0.0764031,0.097,1
1320,1515,2,24,0,-1,-5.08729,14.6296,1,-0.608871,0.0227847,0.091,1
1320,1515,2,24,1,0,-6.14801,14.5373,4,-0.565076,-0.105592,0.091,1
1320,1515,2,24,2,1,-5.20032,13.5263,3,-0.355947,0.0435846,0.091,1
1320,1515,2,24,3,1,-5.38367,15.4884,3,-0.57118,-0.0805152,0.091,1
1320,1526,2,28,0,-1,17.4343,-11.1328,1,-0.383501,0.284133,0.098,1
1320,1526,2,28,1,0,16.2936,-11.0509,4,-0.387368,-0.0122577,0.098,1
1320,1526,2,28,2,1,17.0316,-12.1045,3,-0.137702,0.182578,0.098,1
1320,1526,2,28,3,1,17.4134,-10.2955,3,-0.524112,0.277767,0.098,1
1320,1543,2,25,0,-1,9.34595,8.60228,1,0.71475,0.0623241,0.093,1
1320,1543,2,25,1,0,10.3733,8.88041,4,0.717684,-0.420637,0.093,1
1320,1543,2,25,2,1,9.14428,9.46215,3,0.730008,-0.0365586,0.093,1
1320,1543,2,25,3,1,9.75102,7.88905,3,0.0781872,-0.0807071,0.093,1
1320,1547,2,30,0,-1,-7.16681,-16.3636,1,-0.884058,-0.174134,0.098,1
1320,1547,2,30,1,0,-8.18815,-15.7034,4,-0.460855,0.492614,0.098,1
1320,1547,2,30,2,1,-8.14175,-17.0931,3,-1.32903,0.455681,0.098,1
1320,1547,2,30,3,1,-6.89125,-15.5107,3,-0.361835,-0.122774,0.098,1
1320,1557,2,29,0,-1,4.5384,-8.39066,1,0.112136,0.0387542,0.097,1
1320,1557,2,29,1,0,5.6872,-8.33688,4,0.0733587,0.158289,0.097,1
1320,1557,2,29,2,1,4.83821,-7.36977,3,-0.0483342,0.0726649,0.097,1
1320,1557,2,29,3,1,4.7083,-9.21228,3,0.123356,0.0994333,0.097,1
1320,1561,2,27,0,-1,10.7548,-4.71414,1,0.0933557,-0.407529,0.098,1
1320,1561,2,27,1,0,11.0806,-5.81413,4,-0.318763,-0.543277,0.098,1
1320,1561,2,27,2,1,11.8834,-4.81287,3,0.130469,-0.907629,0.098,1
1320,1561,2,27,3,1,9.99366,-5.07413,3,-0.0630013,-0.178691,0.098,1
1320,1578,2,30,0,-1,15.7627,-8.48974,1,4.86497e-06,2.22948e-05,0.098,1
1320,1578,2,30,1,0,16.0144,-9.65944,4,7.88152e-05,-1.33589e-05,0.098,1
1320,1578,2,30,2,1,16.8211,-8.51598,8,-7.63615e-05,-5.02303e-05,0.098,1
1320,1578,2,30,3,1,15.005,-8.81793,3,-7.34736e-06,4.12683e-05,0.098,1
1320,1584,2,30,0,-1,9.8833,1.41338,1,0.0274505,0.0470313,0.096,1
1320,1584,2,30,1,0,9.53262,2.59151,4,-0.362834,-0.0339774,0.096,1
1320,1584,2,30,2,1,8.79947,1.55816,3,0.0255244,-0.293657,0.096,1
1320,1584,2,30,3,1,10.7214,2.04998,3,-0.308832,0.145085,0.096,1
1320,1586,2,27,0,-1,-8.07102,-1.81932,1,-0.427626,-0.290284,0.093,1
1320,1586,2,27,1,0,-7.84321,-2.85287,4,-0.0518463,-0.223802,0.093,1
1320,1586,2,27,2,1,-6.95341,-1.79635,3,-0.571666,0.1933,0.093,1
1320,1586,2,27,3,1,-8.7959,-2.16629,3,-0.25274,-0.549478,0.093,1
1320,1592,2,26,0,-1,10.8559,13.487,1,0.239025,-0.297014,0.093,1
1320,1592,2,26,1,0,11.7127,12.88,4,0.15426,-0.426247,0.093,1
1320,1592,2,26,2,1,11.4752,14.2335,3,0.278693,-0.429193,0.093,1
1320,1592,2,26,3,1,10.5505,12.7234,3,0.121113,-0.214214,0.093,1
1320,1612,48,27,0,-1,-17.5903,-10.9179,1,0.11594,0.00866771,0.122,1
1320,1612,48,27,1,0,-17.1059,-9.83348,3,0.0376011,0.0371567,0.122,1
1320,1612,48,27,2,0,-17.8837,-9.79338,4,0.112114,0.0179078,0.122,1
1320,1612,48,27,3,2,-18.7502,-10.7521,3,0.114084,0.0304587,0.122,1
1320,1612,48,27,4,2,-16.9092,-10.6573,3,0.128729,0.0290639,0.122,1
1320,1616,2,28,0,-1,-5.39614,-13.9835,1,-0.569956,0.109366,0.099,1
1320,1616,2,28,1,0,-6.50562,-13.7024,4,-0.457042,0.559839,0.099,1
1320,1616,2,28,2,1,-5.96537,-14.8575,3,-0.793148,0.405027,0.099,1
1320,1616,2,28,3,1,-5.30336,-13.1613,3,-0.167766,-0.0836077,0.099,1
1320,1620,2,27,0,-1,8.58677,-2.77389,1,-0.131658,0.169185,0.092,1
1320,1620,2,27,1,0,7.86407,-2.00123,4,-0.0251388,0.264592,0.092,1
1320,1620,2,27,2,1,7.75841,-3.37348,3,-0.226774,0.27656,0.092,1
1320,1620,2,27,3,1,9.0314,-2.11005,3,-0.03698,0.106119,0.092,1
1320,1621,49,28,0,-1,-16.9235,-11.4285,1,0.147843,0.0349338,0.097,0
1320,1621,49,28,1,0,-16.749,-12.58,3,0.156097,0.0389336,0.097,0
1320,1621,49,28,2,0,-16.3584,-10.2413,3,0.165156,0.0258001,0.097,0
1320,1621,49,28,3,0,-18.2299,-11.369,3,0.14075,-0.0498993,0.097,0
1320,1624,2,28,0,-1,0.318676,-0.944681,1,-0.381195,0.396984,0.093,1
1320,1624,2,28,1,0,0.0302877,0.102483,4,-0.2445,0.556744,0.093,1
1320,1624,2,28,2,1,-0.611429,-1.0967,3,-0.992574,1.00075,0.093,1
1320,1624,2,28,3,1,1.08428,-0.393714,3,-0.654681,-0.183986,0.093,1
1320,1632,2,25,0,-1,-2.35968,-0.713104,1,0.49535,-0.0181043,0.091,1
1320,1632,2,25,1,0,-1.4623,-0.140856,4,0.271162,0.332016,0.091,1
1320,1632,2,25,2,1,-2.79276,0.242526,3,0.123266,-0.155151,0.091,1
1320,1632,2,25,3,1,-1.73986,-1.32157,3,0.774751,0.197073,0.091,1
1320,1633,2,24,0,-1,12.0556,16.8908,1,0.0122704,-0.0154959,0.091,1
1320,1633,2,24,1,0,11.4982,17.7748,4,0.0392585,0.00155291,0.091,1
1320,1633,2,24,2,1,11.1977,16.3612,3,-0.00528398,0.0109774,0.091,1
1320,1634,2,26,0,-1,15.2561,17.8021,1,0.0900294,0.234947,0.093,1
1320,1634,2,26,1,0,15.8453,18.6492,4,-0.0145116,0.305541,0.093,1
1320,1634,2,26,2,1,14.4886,18.3794,3,0.0150338,0.153062,0.093,1
1320,1634,2,26,3,1,15.9583,17.4287,3,0.131703,0.316307,0.093,1
1320,1635,2,30,0,-1,0.35389,-9.66197,1,-0.0691901,0.489191,0.098,1
1320,1635,2,30,1,0,-0.715677,-9.17693,4,-0.285436,0.0416969,0.098,1
1320,1635,2,30,2,1,-0.52465,-10.4868,3,0.245285,0.121175,0.098,1
1320,1635,2,30,3,1,0.564521,-8.86316,3,-0.426974,0.607196,0.098,1
1320,1637,2,26,0,-1,-2.82766,-1.37252,1,0.516049,-0.0348943,0.092,0
1320,1642,2,25,0,-1,3.16994,2.69689,1,0.577049,0.0210692,0.092,1
1320,1642,2,25,1,0,3.76066,3.68931,4,0.0212924,0.385575,0.092,1
1320,1642,2,25,2,1,2.31544,3.27463,3,0.271318,-0.988468,0.092,1
1320,1642,2,25,3,1,4.11863,2.56092,3,0.717575,0.681687,0.092,1
1320,1646,2,26,0,-1,-9.37786,6.88827,1,-0.286691,0.450176,0.093,1
1320,1646,2,26,1,0,-9.04495,7.87853,4,-0.0319849,0.379721,0.093,1
1320,1646,2,26,2,1,-10.4404,7.26723,3,-0.125156,0.617015,0.093,1
1320,1646,2,26,3,1,-8.55906,6.70957,3,-0.305614,0.272713,0.093,1
1320,1649,2,27,0,-1,8.87132,10.449,1,0.184964,0.00523814,0.093,1
1320,1649,2,27,1,0,9.68305,9.77285,4,0.354323,0.111752,0.093,1
1320,1649,2,27,2,1,9.51311,11.1682,3,-0.278649,-0.0224604,0.093,1
1320,1649,2,27,3,1,8.48996,9.76136,3,0.37799,-0.00186094,0.093,1
1320,1652,2,28,0,-1,1.22226,4.45157,1,-0.0202982,-0.371764,0.091,1
1320,1652,2,28,1,0,0.656073,3.55391,4,-0.320402,-0.182458,0.091,1
1320,1652,2,28,2,1,1.93224,3.99416,3,-0.480883,0.303161,0.091,1
1320,1652,2,28,3,1,0.489294,4.71748,3,0.243044,-0.0905141,0.091,1
1320,1656,2,27,0,-1,16.0471,18.0309,1,0.0638454,0.332277,0.094,0
1320,1657,2,27,0,-1,-8.69022,7.31861,1,-0.258742,0.369835,0.092,0
1320,1659,2,31,0,-1,-0.406317,-9.75929,1,-0.0282651,0.198802,0.098,0
1320,1659,2,31,1,0,-0.175326,-8.62404,4,-0.500945,0.296848,0.098,0
1320,1660,2,23,0,-1,13.1304,14.0632,1,-0.274392,-0.375721,0.092,0
1320,1660,2,23,1,0,12.4907,14.9193,4,-0.310304,-0.388461,0.092,0
1320,1660,2,23,2,1,12.4059,13.5478,3,-0.322905,-0.386531,0.092,0
1320,1662,2,30,0,-1,3.75317,-8.16196,1,0.193489,0.228058,0.096,0
1320,1662,2,30,1,0,3.62775,-7.02186,4,0.378776,0.244658,0.096,0
1320,1662,2,30,2,1,2.63571,-7.8416,3,0.259344,0.389677,0.096,0
1320,1663,2,29,0,-1,0.485242,-1.75511,1,-0.884771,0.180102,0.092,0
1320,1663,2,29,1,0,1.31714,-1.21122,4,-0.156712,-0.743013,0.092,0
1320,1664,2,29,0,-1,16.8272,-10.6113,1,-0.491269,0.168606,0.098,0
1320,1665,2,28,0,-1,9.6656,10.4615,1,0.157324,0.0415948,0.093,0
1320,1665,2,28,1,0,10.6952,10.307,4,0.139394,-0.0408223,0.093,0
1320,1666,2,30,0,-1,-14.0895,-10.1505,1,0.82541,-0.196972,0.098,1
1320,1666,2,30,1,0,-13.6819,-11.3216,4,0.38827,-0.405143,0.098,1
1320,1666,2,30,2,1,-13.0516,-10.149,3,0.445547,-0.750344,0.098,1
1320,1666,2,30,3,1,-14.9218,-10.9053,3,0.372602,-0.517719,0.098,1
1320,1666,2,30,4,1,-13.2942,-11.7785,1,0.288637,-0.45626,0.098,1
1320,1667,2,31,0,-1,9.83096,0.57056,1,-0.0585153,0.0116146,0.095,0
1320,1667,2,31,1,0,8.65822,0.196752,4,-0.332515,0.73581,0.095,0
1320,1667,2,31,2,1,9.388,-0.857797,3,-1.14117,0.216846,0.095,0
1320,1668,2,29,0,-1,-1.36325,-14.091,1,0.203568,0.248774,0.098,1
1320,1668,2,29,1,0,-0.348321,-14.7333,4,0.0526145,-0.295742,0.098,1
1320,1668,2,29,2,1,0.110628,-13.5248,3,-0.0683972,-0.399621,0.098,1
1320,1668,2,29,3,1,-1.61584,-14.9005,3,0.185108,-0.846266,0.098,1
1320,1669,2,28,0,-1,13.5743,0.198484,1,0.259481,0.16643,0.099,1
1320,1669,2,28,1,0,14.7119,0.351702,4,0.282428,-0.0393806,0.099,1
1320,1669,2,28,2,1,13.859,1.32427,3,0.473775,0.111725,0.099,1
1320,1669,2,28,3,1,13.8333,-0.61318,3,0.0881708,0.130094,0.099,1
1320,1671,2,29,0,-1,1.16142,5.25172,1,0.50956,-0.343936,0.091,0
1320,1672,2,28,0,-1,9.14942,-3.34933,1,0.0356138,0.335359,0.091,0
1320,1673,2,25,0,-1,-4.4249,15.1076,1,-0.249357,-0.474537,0.091,0
1320,1675,2,29,0,-1,12.9903,-0.35563,1,0.146474,0.285234,0.098,0
1320,1675,2,29,1,0,12.5916,-1.42326,4,-0.127138,0.387489,0.098,0
1320,1677,2,31,0,-1,-13.4287,-9.62077,1,0.133243,0.176368,0.099,0
1320,1677,2,31,1,0,-12.4145,-8.8969,4,0.138032,-0.0561404,0.099,0
1320,1677,2,31,2,1,-13.54,-8.08793,3,0.0952998,-0.394829,0.099,0
1320,1677,2,31,3,1,-12.8096,-10.1132,3,-0.382878,0.26146,0.099,0
1320,1682,2,31,0,-1,-4.58444,-19.9544,1,-0.364564,-0.212275,0.099,1
1320,1682,2,31,1,0,-4.92086,-21.1066,4,-0.0537241,-0.306043,0.099,1
1320,1682,2,31,2,1,-3.63655,-20.5474,3,-0.214605,0.0520337,0.099,1
1320,1682,2,31,3,1,-5.40615,-19.8957,3,-0.405326,-0.449552,0.099,1
1320,1683,2,26,0,-1,3.70535,2.09741,1,0.613686,0.0913892,0.092,0
1320,1683,2,26,1,0,3.41823,3.08089,4,-0.294891,0.141037,0.092,0
1320,1683,2,26,2,1,3.00933,1.54283,3,-1.99101,0.605718,0.092,0
1320,1690,2,30,0,-1,-1.63815,-13.312,1,0.378724,0.533921,0.098,0
1320,1690,2,30,1,0,-2.04324,-14.3278,4,0.286314,0.477586,0.098,0
1320,1690,2,30,2,1,-0.787107,-13.8028,3,0.360344,-0.17195,0.098,0
1350,1387,2,22,0,-1,22.7648,12.2592,1,-0.131186,0.292235,0.091,1
1350,1387,2,22,1,0,22.6422,13.3011,4,-0.206119,0.318011,0.091,1
1350,1387,2,22,2,1,21.7214,12.2704,3,-0.290636,0.408572,0.091,1
1350,1387,2,22,3,1,23.6092,12.5374,3,-0.203194,0.367285,0.091,1
1350,1515,2,24,0,-1,-2.0933,9.38038,1,0.00202159,-0.157648,0.091,1
1350,1515,2,24,1,0,-2.26709,8.34001,4,-0.331244,-0.0915711,0.091,1
1350,1515,2,24,2,1,-1.15105,9.14256,3,-0.0268666,-0.501006,0.091,1
1350,1515,2,24,3,1,-2.92224,9.3793,3,-0.0395265,0.0958574,0.091,1
1350,1526,2,28,0,-1,10.5448,-13.9505,1,0.156173,0.287986,0.098,1
1350,1526,2,28,1,0,10.5661,-12.8067,4,-0.0173247,0.259139,0.098,1
1350,1526,2,28,2,1,9.62242,-13.7098,3,0.162548,0.111776,0.098,1
1350,1526,2,28,3,1,11.3609,-13.89,3,0.186887,0.350942,0.098,1
1350,1543,2,25,0,-1,17.3934,14.0682,1,-0.148785,0.290008,0.093,1
1350,1543,2,25,1,0,17.2089,15.1062,4,0.125964,0.309748,0.093,1
1350,1543,2,25,2,1,16.4201,13.9816,3,-0.217783,0.557311,0.093,1
1350,1543,2,25,3,1,18.141,14.4026,3,-0.0608902,0.0969533,0.093,1
1350,1547,2,30,0,-1,-6.18563,-20.3108,1,-0.126971,-0.813054,0.098,1
1350,1547,2,30,1,0,-5.29053,-21.1248,4,0.388127,-0.257075,0.098,1
1350,1547,2,30,2,1,-5.14217,-19.722,3,-0.5079,-0.159443,0.098,1
1350,1547,2,30,3,1,-6.59863,-21.1504,3,0.396942,-1.07335,0.098,1
1350,1561,2,27,0,-1,5.17894,-14.7433,1,-0.357217,0.220489,0.098,1
1350,1561,2,27,1,0,4.06008,-14.9474,4,-0.222451,-0.289129,0.098,1
1350,1561,2,27,2,1,5.01466,-15.7978,3,0.0374703,0.0130319,0.098,1
1350,1561,2,27,3,1,4.84942,-13.9311,3,-0.652421,0.072738,0.098,1
1350,1578,2,30,0,-1,15.318,-7.58087,1,-6.00747e-05,-4.47608e-05,0.098,1
1350,1578,2,30,1,0,14.6814,-8.59397,4,4.58014e-05,-6.01269e-05,0.098,1
1350,1578,2,30,2,1,16.0573,-8.33871,8,-0.000114123,5.33893e-05,0.098,1
1350,1578,2,30,3,1,14.5464,-7.28672,3,-0.000123435,-0.000131353,0.098,1
1350,1584,2,30,0,-1,2.569,2.14543,1,0.114024,-0.62245,0.096,1
1350,1584,2,30,1,0,2.82587,0.949512,4,0.0130197,-0.593321,0.096,1
1350,1584,2,30,2,1,3.85515,1.70626,3,-0.0562277,-0.403546,0.096,1
1350,1584,2,30,3,1,1.82494,1.7671,3,0.0730998,-0.47693,0.096,1
1350,1592,2,26,0,-1,15.9472,16.2852,1,0.360533,0.214869,0.093,1
1350,1592,2,26,1,0,16.8875,15.8164,4,0.306753,0.152186,0.093,1
1350,1592,2,26,2,1,16.4371,17.1214,3,0.40472,0.151008,0.093,1
1350,1592,2,26,3,1,15.7785,15.4766,3,0.283646,0.235227,0.093,1
1350,1616,2,28,0,-1,-8.31272,-10.5876,1,-0.0970732,0.555591,0.099,1
1350,1616,2,28,1,0,-9.09438,-9.74059,4,-0.459496,0.265582,0.099,1
1350,1616,2,28,2,1,-9.30903,-11.014,3,-0.039538,0.200064,0.099,1
1350,1616,2,28,3,1,-7.80917,-9.92135,3,-0.39921,0.757039,0.099,1
1350,1620,2,27,0,-1,3.41886,-5.208,1,0.0417758,-0.275024,0.092,1
1350,1620,2,27,1,0,3.70285,-6.27286,4,-0.218859,-0.328101,0.092,1
1350,1620,2,27,2,1,4.64183,-5.27623,3,0.156942,-0.648271,0.092,1
1350,1620,2,27,3,1,2.66222,-5.76944,3,-0.120704,-0.0954599,0.092,1
1350,1624,2,28,0,-1,-0.289961,-5.02564,1,-0.314146,-0.374883,0.093,1
1350,1624,2,28,1,0,-0.788689,-5.95961,4,-0.0292243,-0.530904,0.093,1
1350,1624,2,28,2,1,0.536102,-5.56997,3,-0.0365951,-0.461227,0.093,1
1350,1624,2,28,3,1,-1.09703,-4.84193,3,-0.372377,-0.624166,0.093,1
1350,1632,2,25,0,-1,-0.351785,7.25479,1,0.154987,-0.109577,0.091,1
1350,1632,2,25,1,0,-0.734081,8.23197,4,0.0140402,-0.151119,0.091,1
1350,1632,2,25,2,1,-1.02984,6.89714,3,0.196912,-0.193894,0.091,1
1350,1632,2,25,3,1,0.308317,7.58856,3,0.145802,0.0740089,0.091,1
1350,1642,2,25,0,-1,1.65044,12.6115,1,-0.0274668,0.216534,0.092,1
1350,1642,2,25,1,0,1.57441,13.6667,4,0.129245,0.2242,0.092,1
1350,1642,2,25,2,1,0.484982,12.5788,3,0.0321629,0.317489,0.092,1
1350,1642,2,25,3,1,2.45192,12.8171,3,-0.0129666,0.0798385,0.092,1
1350,1646,2,26,0,-1,-2.31654,6.28179,1,0.065862,-0.126034,0.093,1
1350,1646,2,26,1,0,-1.45983,5.67362,4,-0.0277388,-0.205996,0.093,1
1350,1646,2,26,2,1,-1.93037,7.1112,3,0.128798,-0.14386,0.093,1
1350,1646,2,26,3,1,-2.68643,5.59002,3,-0.0465734,-0.146115,0.093,1
1350,1649,2,27,0,-1,16.0288,11.4263,1,-0.00380148,0.0507629,0.093,1
1350,1649,2,27,1,0,15.1834,12.0212,4,-0.0350393,0.0176269,0.093,1
1350,1649,2,27,2,1,15.6067,10.6734,3,-0.00455831,0.0275183,0.093,1
1350,1657,2,27,0,-1,-10.4933,6.78375,1,-0.418539,-0.00521466,0.092,1
1350,1657,2,27,1,0,-11.5178,6.65158,4,-0.378206,-0.301495,0.092,1
1350,1657,2,27,2,1,-10.4663,5.58088,3,-0.300336,-0.277144,0.092,1
1350,1657,2,27,3,1,-10.7388,7.61824,3,-0.591298,-0.0547269,0.092,1
1350,1660,2,23,0,-1,9.89241,17.4598,1,-0.407369,-0.17765,0.092,1
1350,1660,2,23,1,0,9.07152,16.787,4,-0.33131,-0.271684,0.092,1
1350,1660,2,23,2,1,10.4618,16.6936,3,-0.311063,-0.118981,0.092,1
1350,1660,2,23,3,1,9.28716,17.9998,3,-0.483563,-0.25346,0.092,1
1350,1664,2,29,0,-1,10.9934,-13.294,1,0.095549,0.348875,0.098,0
1350,1664,2,29,1,0,9.88486,-12.9459,4,0.0148814,0.114736,0.098,0
1350,1665,2,28,0,-1,15.2246,11.2904,1,-0.00150285,0.0572535,0.093,0
1350,1665,2,28,1,0,14.2268,11.6019,4,-0.0375172,-0.0417506,0.093,0
1350,1666,2,30,0,-1,-15.5406,-13.0724,1,-0.0305363,-0.0286104,0.098,1
1350,1666,2,30,1,0,-14.9214,-12.0594,4,-0.228516,0.110014,0.098,1
1350,1666,2,30,2,1,-16.2896,-11.9115,3,-0.308473,-0.0176657,0.098,1
1350,1666,2,30,3,1,-14.7759,-13.3706,3,0.0809424,0.129771,0.098,1
1350,1666,2,30,4,1,-14.8626,-11.4855,1,-0.245219,0.143404,0.098,1
1350,1667,2,31,0,-1,0.751935,-0.568038,1,0.450664,-0.546646,0.095,1
1350,1667,2,31,1,0,1.91748,-0.248885,4,0.279228,0.102031,0.095,1
1350,1667,2,31,2,1,0.942807,0.565287,3,-0.0760651,-0.436544,0.095,1
1350,1667,2,31,3,1,1.25362,-1.39176,3,0.717008,-0.133822,0.095,1
1350,1668,2,29,0,-1,2.85394,-14.1624,1,0.398784,0.00956612,0.098,1
1350,1668,2,29,1,0,3.43246,-15.1512,4,-0.147207,-0.468034,0.098,1
1350,1668,2,29,2,1,4.2314,-14.1005,3,0.434219,-1.00707,0.098,1
1350,1668,2,29,3,1,2.21606,-14.6104,3,0.165767,0.0766671,0.098,1
1350,1672,2,28,0,-1,3.39057,-4.34215,1,0.295325,-0.284993,0.091,0
1350,1672,2,28,1,0,2.64465,-5.01624,4,0.0964847,-0.0840567,0.091,0
1350,1672,2,28,2,1,4.03429,-4.78359,3,0.173421,-0.52445,0.091,0
1350,1673,2,25,0,-1,-4.96035,19.4471,1,0.51901,-0.13059,0.091,1
1350,1673,2,25,1,0,-4.05976,19.9931,4,0.327541,0.186164,0.091,1
1350,1673,2,25,2,1,-5.40027,20.3327,3,0.211017,-0.27366,0.091,1
1350,1673,2,25,3,1,-4.41193,18.822,3,0.739421,0.061063,0.091,1
1350,1677,2,31,0,-1,-14.3625,-4.64271,1,-0.471587,-0.358092,0.099,1
1350,1677,2,31,1,0,-13.6674,-5.55178,4,-0.202675,-0.139223,0.099,1
1350,1677,2,31,2,1,-13.2338,-4.20969,3,-0.755318,0.0602774,0.099,1
1350,1677,2,31,3,1,-14.9493,-5.04702,3,-0.359055,-0.542061,0.099,1
1350,1677,2,31,4,1,-13.1566,-5.87984,1,-0.132294,-0.0330725,0.099,1
1350,1683,2,26,0,-1,1.04416,9.1144,1,-0.16182,-0.0179761,0.092,1
1350,1683,2,26,1,0,0.918121,8.07359,4,0.326914,-0.0244491,0.092,1
1350,1683,2,26,2,1,2.19745,8.92907,3,-0.0339613,0.554388,0.092,1
1350,1683,2,26,3,1,0.150745,9.01683,3,0.0343597,-0.324091,0.092,1
1350,1690,2,30,0,-1,-2.50737,-18.6226,1,0.406887,0.094724,0.098,1
1350,1690,2,30,1,0,-1.68879,-17.8452,4,0.507693,-0.0851108,0.098,1
1350,1690,2,30,2,1,-2.95172,-17.7033,3,0.496184,0.0164737,0.098,1
1350,1690,2,30,3,1,-1.9297,-19.1845,3,0.304879,-0.0669631,0.098,1
1350,1694,2,31,0,-1,-10.9626,-21.153,1,-0.181055,-0.393838,0.098,1
1350,1694,2,31,1,0,-10.8029,-22.3434,4,0.13207,-0.351319,0.098,1
1350,1694,2,31,2,1,-9.86161,-21.3076,3,-0.147291,-0.100466,0.098,1
1350,1694,2,31,3,1,-11.7536,-21.4422,3,-0.0981615,-0.591341,0.098,1
1350,1700,2,29,0,-1,-0.93819,-12.5953,1,0.291393,0.227655,0.098,1
1350,1700,2,29,1,0,0.202965,-12.5844,4,0.339432,-0.063187,0.098,1
1350,1700,2,29,2,1,-0.487638,-11.4657,3,0.396003,-0.0590691,0.098,1
1350,1700,2,29,3,1,-0.872626,-13.3926,3,0.166366,0.215888,0.098,1
1350,1702,2,27,0,-1,1.55939,8.49458,1,0.211886,0.277988,0.093,0
1350,1702,2,27,1,0,1.31178,7.46978,4,0.187383,0.256669,0.093,0
1350,1703,2,32,0,-1,-14.4935,-5.50569,1,-0.237146,-0.397834,0.098,0
1350,1703,2,32,1,0,-15.0557,-6.62104,4,0.0477774,-0.537512,0.098,0
1350,1703,2,32,2,1,-13.6856,-6.43864,3,-8.29721e-05,-0.152316,0.098,0
1350,1703,2,32,3,1,-15.6385,-5.46575,3,-0.233955,-0.674594,0.098,0
1350,1704,2,28,0,-1,-11.4997,9.16049,1,-0.636391,-0.206588,0.092,1
1350,1704,2,28,1,0,-12.5518,9.25055,4,-0.600302,0.270882,0.092,1
1350,1704,2,28,2,1,-11.7755,8.01816,3,-1.13757,-0.0810346,0.092,1
1350,1704,2,28,3,1,-11.5755,9.99794,3,-0.276021,-0.148763,0.092,1
1350,1705,2,30,0,-1,0.00793887,-11.8198,1,0.454535,0.00121285,0.097,1
1350,1705,2,30,1,0,-0.267169,-12.9722,4,0.255023,0.14885,0.097,1
1350,1705,2,30,2,1,0.891799,-12.3455,3,0.357399,0.0801328,0.097,1
1350,1705,2,30,3,1,-1.05293,-11.8998,3,0.160787,0.151625,0.097,1
1350,1705,2,30,4,1,-0.586796,-14.0859,4,-0.0402993,0.238776,0.097,1
1350,1706,2,28,0,-1,5.9693,-14.896,1,-0.419884,0.102905,0.098,0
1350,1706,2,28,1,0,6.82754,-14.1424,4,-0.124708,-0.246554,0.098,0
1350,1707,2,26,0,-1,1.14009,11.9908,1,-0.20947,0.362183,0.092,0
1350,1707,2,26,1,0,2.18272,12.017,4,-0.199718,0.0754559,0.092,0
1350,1707,2,26,2,1,1.06162,13.0735,3,0.0346294,0.315506,0.092,0
1350,1708,2,24,0,-1,9.66252,16.7028,1,-0.322345,-0.203085,0.091,0
1350,1708,2,24,1,0,8.83604,16.0099,4,-0.230721,-0.306079,0.091,0
1350,1708,2,24,2,1,10.2116,15.9095,3,-0.21663,-0.112756,0.091,0
1350,1708,2,24,3,1,8.59447,17.2385,3,-0.351386,-0.324113,0.091,0
1350,1709,2,31,0,-1,-13.8735,-10.2736,1,-0.370311,0.481511,0.098,1
1350,1709,2,31,1,0,-15.0624,-10.0193,4,-0.277009,0.449111,0.098,1
1350,1709,2,31,2,1,-14.2539,-11.1572,3,-0.225959,0.326054,0.098,1
1350,1709,2,31,3,1,-13.8732,-9.49147,3,-0.248532,0.443161,0.098,1
1350,1710,2,31,0,-1,-16.0828,-13.651,1,0.0169836,-0.0789926,0.099,0
1350,1712,2,27,0,-1,-1.55375,6.49672,1,0.103108,-0.164215,0.094,0
1350,1712,2,27,1,0,-1.38257,7.57727,4,0.173164,-0.178055,0.094,0
1350,1714,2,25,0,-1,-2.45915,10.0963,1,0.0856539,-0.128952,0.09,0
1350,1714,2,25,1,0,-3.48544,10.3004,4,0.110554,-0.0227933,0.09,0
1350,1715,50,26,0,-1,17.5207,13.2715,1,-0.0372269,0.318827,0.118,0
1350,1715,50,26,1,0,17.621,12.2278,4,0.00888363,0.327657,0.118,0
1350,1716,2,26,0,-1,-0.260381,6.45698,1,-0.016535,-0.141723,0.09,0
1350,1717,2,32,0,-1,-13.1768,-10.9007,1,-0.176577,-0.124082,0.097,1
1350,1717,2,32,1,0,-14.3691,-10.5947,4,-0.0928138,0.129245,0.097,1
1350,1717,2,32,2,1,-13.8001,-11.8834,3,-0.511012,-0.0519292,0.097,1
1350,1717,2,32,3,1,-13.1151,-10.1092,3,0.0510572,0.129165,0.097,1
1350,1718,2,29,0,-1,-7.64205,-11.042,1,-0.26785,0.258064,0.099,0
1350,1718,2,29,1,0,-6.52645,-10.8047,4,-0.219234,0.0767624,0.099,0
1350,1720,2,31,0,-1,-1.69338,-18.5504,1,0.45531,-0.154777,0.098,0
1350,1721,2,31,0,-1,0.0842721,-10.9581,1,0.650756,-0.136438,0.098,0
1350,1721,2,31,1,0,0.350429,-9.80738,4,0.734911,-0.242949,0.098,0
1350,1721,2,31,2,1,-0.865077,-10.1985,3,0.716706,-0.287347,0.098,0
1350,1721,2,31,3,1,0.942227,-10.9616,3,0.708396,-0.303413,0.098,0
1350,1722,2,31,0,-1,3.3063,1.92821,1,0.283827,-0.197657,0.096,0
1350,1722,2,31,1,0,4.01408,0.942441,4,0.396949,-0.272718,0.096,0
1350,1722,2,31,2,1,4.41322,2.17439,3,0.41063,-0.397254,0.096,0
1350,1724,2,30,0,-1,3.5301,-12.9839,1,0.388662,-0.324401,0.099,1
1350,1724,2,30,1,0,4.61621,-13.3398,4,0.368542,-0.503592,0.099,1
1350,1724,2,30,2,1,4.40287,-12.0861,3,1.02422,-0.577388,0.099,1
1350,1724,2,30,3,1,3.52918,-14.1072,3,0.37428,-0.279796,0.099,1
1350,1724,2,30,4,3,2.67765,-15.1261,3,0.310917,-0.198538,0.099,1
1350,1725,2,32,0,-1,0.311792,0.113268,1,0.0081933,-0.821636,0.094,0
1350,1725,2,32,1,0,-0.160333,1.22106,4,0.151902,-0.753087,0.094,0
1350,1727,2,28,0,-1,-10.8925,6.0998,1,-0.537215,0.14225,0.093,0
1350,1728,2,31,0,-1,3.0611,-12.3353,1,0.383979,-0.308646,0.098,0
1380,1515,2,24,0,-1,-4.30726,3.56633,1,0.28187,-0.538979,0.091,1
1380,1515,2,24,1,0,-3.38102,3.05747,4,0.376451,-0.117974,0.091,1
1380,1515,2,24,2,1,-3.86755,4.33934,3,0.486677,-0.0325992,0.091,1
1380,1515,2,24,3,1,-4.58786,2.85191,3,0.318181,0.000898008,0.091,1
1380,1526,2,28,0,-1,13.1421,-9.69951,1,0.0305639,-0.568972,0.098,1
1380,1526,2,28,1,0,12.1359,-10.3367,4,-0.27505,-0.0219216,0.098,1
1380,1526,2,28,2,1,13.2038,-11.0604,3,-0.5636,-0.556284,0.098,1
1380,1526,2,28,3,1,12.176,-8.98559,3,0.815414,0.0455013,0.098,1
1380,1578,2,30,0,-1,14.7778,-8.70794,1,0.0809613,-0.41695,0.098,1
1380,1578,2,30,1,0,15.7278,-9.42387,4,0.447663,-0.00218049,0.098,1
1380,1578,2,30,2,1,15.654,-8.0142,8,-0.0725023,-0.0309603,0.098,1
1380,1578,2,30,3,1,14.4072,-9.4665,3,0.512592,-0.622005,0.098,1
1380,1584,2,30,0,-1,14.9637,-3.52614,1,-0.0868939,0.0932607,0.096,1
1380,1584,2,30,1,0,13.8306,-3.86546,4,-0.0124074,0.217583,0.096,1
1380,1584,2,30,2,1,14.8505,-4.59086,3,-0.278305,0.0569145,0.096,1
1380,1584,2,30,3,1,14.5537,-2.78523,3,-0.111367,0.221895,0.096,1
1380,1616,2,28,0,-1,-10.6333,-7.51384,1,0.198079,0.0808893,0.099,1
1380,1616,2,28,1,0,-9.4063,-7.37696,4,0.451995,-0.620122,0.099,1
1380,1616,2,28,2,1,-9.89102,-6.16865,3,0.0408202,-1.10568,0.099,1
1380,1616,2,28,3,1,-9.94142,-8.55388,3,0.551366,-0.635261,0.099,1
1380,1620,2,27,0,-1,5.84166,-6.93637,1,0.449408,-0.0729637,0.092,1
1380,1620,2,27,1,0,6.78147,-7.42451,4,0.242574,-0.462623,0.092,1
1380,1620,2,27,2,1,6.47143,-6.08206,3,0.816957,-0.310915,0.092,1
1380,1620,2,27,3,1,5.64392,-7.7176,3,0.120163,-0.00106238,0.092,1
1380,1624,2,28,0,-1,-3.34214,-9.81198,1,0.0262808,0.234293,0.093,1
1380,1624,2,28,1,0,-2.3093,-10.0298,4,-0.0883587,0.0523033,0.093,1
1380,1624,2,28,2,1,-2.85695,-8.72281,3,0.183996,0.213357,0.093,1
1380,1624,2,28,3,1,-3.38883,-10.6286,3,-0.223052,0.240923,0.093,1
1380,1646,2,26,0,-1,5.75415,8.28777,1,0.340105,0.00479121,0.093,1
1380,1646,2,26,1,0,6.78469,8.43559,4,0.333805,0.12506,0.093,1
1380,1646,2,26,2,1,5.47307,9.23755,3,0.327936,0.114253,0.093,1
1380,1646,2,26,3,1,6.00861,7.49212,3,0.363592,0.123469,0.093,1
1380,1660,2,23,0,-1,19.234,13.4516,1,0.572921,-0.312588,0.092,1
1380,1660,2,23,1,0,18.7627,12.5683,4,0.492036,-0.215398,0.092,1
1380,1660,2,23,2,1,20.0198,13.2225,3,0.347471,-0.0117055,0.092,1
1380,1660,2,23,3,1,18.3477,13.712,3,0.542659,-0.163883,0.092,1
1380,1664,2,29,0,-1,0.353051,-8.91843,1,-0.626152,0.0362311,0.098,1
1380,1664,2,29,1,0,-0.547678,-9.62853,4,-0.398782,-0.254159,0.098,1
1380,1664,2,29,2,1,0.733684,-10.0173,3,-0.286111,0.115861,0.098,1
1380,1664,2,29,3,1,-0.296437,-8.34859,3,-0.809889,-0.169688,0.098,1
1380,1666,2,30,0,-1,-15.5472,-9.56409,1,-0.145688,0.141663,0.098,1
1380,1666,2,30,1,0,-15.5879,-8.36397,4,0.0820831,0.174546,0.098,1
1380,1666,2,30,2,1,-16.7832,-9.07036,3,-0.150832,0.540175,0.098,1
1380,1666,2,30,3,1,-14.7189,-9.3548,3,-0.137362,0.00973249,0.098,1
1380,1666,2,30,4,1,-15.8001,-7.80979,1,0.212907,0.226031,0.098,1
1380,1668,2,29,0,-1,-2.64189,-12.3949,1,0.173921,0.154534,0.098,1
1380,1668,2,29,1,0,-1.55541,-12.0444,4,0.315294,-0.26155,0.098,1
1380,1668,2,29,2,1,-2.57174,-11.2366,3,0.901403,0.529373,0.098,1
1380,1668,2,29,3,1,-2.27844,-13.1484,3,-0.119468,0.0125881,0.098,1
1380,1690,2,30,0,-1,-6.43784,-10.8766,1,0.0319354,0.406419,0.098,1
1380,1690,2,30,1,0,-6.62381,-9.7649,4,0.103933,0.423274,0.098,1
1380,1690,2,30,2,1,-7.46413,-10.7278,3,-0.162043,0.64213,0.098,1
1380,1690,2,30,3,1,-5.63087,-10.6903,3,0.0897238,0.407876,0.098,1
1380,1700,2,29,0,-1,-1.33062,-15.3446,1,-0.276278,-0.0988993,0.098,1
1380,1700,2,29,1,0,-1.86057,-16.3481,4,-0.154237,-0.159834,0.098,1
1380,1700,2,29,2,1,-0.566907,-16.1568,3,-0.182537,0.0880025,0.098,1
1380,1700,2,29,3,1,-2.01148,-15.0051,3,-0.425557,-0.191648,0.098,1
1380,1704,2,28,0,-1,-5.17051,13.1806,1,0.229779,0.0635212,0.092,1
1380,1704,2,28,1,0,-4.25866,13.7024,4,0.183475,0.159425,0.092,1
1380,1704,2,28,2,1,-5.65936,14.0874,3,0.151768,0.00628867,0.092,1
1380,1704,2,28,3,1,-4.66387,12.5448,3,0.29093,0.11926,0.092,1
1380,1705,2,30,0,-1,-1.14982,-16.5323,1,-0.124949,0.00437386,0.097,1
1380,1705,2,30,1,0,-2.00382,-15.719,4,-0.222589,-0.16407,0.097,1
1380,1705,2,30,2,1,-2.28849,-16.9968,3,-0.0983486,-0.176567,0.097,1
1380,1705,2,30,3,1,-0.680741,-15.4619,3,-0.243927,0.0353517,0.097,1
1380,1705,2,30,4,1,-2.8138,-14.909,4,-0.465782,-0.442577,0.097,1
1380,1708,2,24,0,-1,19.5717,12.6443,1,0.524713,-0.425139,0.091,0
1380,1708,2,24,1,0,20.0927,11.6558,4,-0.0688149,-0.808345,0.091,0
1380,1708,2,24,2,1,20.9082,12.7571,3,0.388551,-1.19226,0.091,0
1380,1708,2,24,3,1,18.9054,11.8782,3,0.049144,-0.269068,0.091,0
1380,1709,2,31,0,-1,-17.5819,-6.79569,1,0.149415,-0.09707,0.098,1
1380,1709,2,31,1,0,-16.8027,-7.72776,4,0.0546106,-0.168964,0.098,1
1380,1709,2,31,2,1,-16.6724,-6.3429,3,0.376007,-0.184488,0.098,1
1380,1709,2,31,3,1,-18.0916,-7.5408,3,0.0786405,-0.0231898,0.098,1
1380,1710,2,31,0,-1,-15.7732,-10.3357,1,0.00371447,0.0825343,0.099,0
1380,1710,2,31,1,0,-16.6956,-11.1029,4,-0.0669455,0.159917,0.099,0
1380,1710,2,31,2,1,-15.3434,-11.489,3,-0.10278,0.0411601,0.099,0
1380,1712,2,27,0,-1,6.21436,8.96109,1,0.229637,0.0488696,0.094,0
1380,1712,2,27,1,0,7.25649,9.11557,4,0.198297,0.123187,0.094,0
1380,1712,2,27,2,1,6.03062,10.0124,3,0.153294,0.0788099,0.094,0
1380,1717,2,32,0,-1,-12.9442,-8.65512,1,0.470322,-0.153774,0.097,1
1380,1717,2,32,1,0,-12.4777,-9.77277,4,0.012685,-0.358876,0.097,1
1380,1717,2,32,2,1,-11.7282,-8.59636,3,0.437833,-0.628829,0.097,1
1380,1717,2,32,3,1,-13.6843,-9.25458,3,0.149844,-0.0265699,0.097,1
1380,1718,2,29,0,-1,-20.0976,-15.3249,1,-0.346544,-0.457361,0.099,1
1380,1718,2,29,1,0,-21.0423,-16.0021,4,-0.398189,-0.374485,0.099,1
1380,1718,2,29,2,1,-19.8088,-16.2641,3,-0.368953,-0.259354,0.099,1
1380,1718,2,29,3,1,-20.8291,-14.7164,3,-0.267404,-0.389692,0.099,1
1380,1720,2,31,0,-1,-6.01664,-10.1762,1,0.0588842,0.381554,0.098,0
1380,1720,2,31,1,0,-4.87209,-10.2488,4,0.0617761,0.262172,0.098,0
1380,1721,2,31,0,-1,-0.390019,-16.8477,1,-0.132223,0.0954862,0.098,0
1380,1721,2,31,1,0,0.748676,-16.9942,4,-0.219057,-0.218161,0.098,0
1380,1721,2,31,2,1,0.176071,-15.8339,3,-0.0731634,-0.121032,0.098,0
1380,1721,2,31,3,1,-0.398535,-17.6286,3,-0.324059,-0.0178846,0.098,0
1380,1722,2,31,0,-1,7.6175,5.52648,1,0.420315,0.0806681,0.096,1
1380,1722,2,31,1,0,8.65956,6.16711,4,0.43277,0.0863557,0.096,1
1380,1722,2,31,2,1,7.4858,6.53269,3,0.45581,0.0426169,0.096,1
1380,1722,2,31,3,1,8.43701,4.87549,3,0.106925,0.169577,0.096,1
1380,1724,2,30,0,-1,0.726361,-13.0351,1,-0.520876,-0.0525837,0.099,1
1380,1724,2,30,1,0,-0.395094,-12.7029,4,-0.431657,0.23095,0.099,1
1380,1724,2,30,2,1,-0.0139611,-13.9232,3,-0.586918,0.168182,0.099,1
1380,1724,2,30,3,1,0.781635,-12.1525,3,-0.328219,0.0223509,0.099,1
1380,1724,2,30,4,3,1.93161,-11.5375,3,-0.166327,-0.240513,0.099,1
1380,1728,2,31,0,-1,1.45887,-13.4347,1,-0.638471,-0.283308,0.098,0
1380,1728,2,31,1,0,2.08912,-14.4135,4,-0.191447,-0.0221903,0.098,0
1380,1728,2,31,2,1,2.62914,-13.2514,3,-0.525382,0.0864113,0.098,0
1380,1732,2,29,0,-1,-6.96132,8.23347,1,0.201239,-0.208663,0.093,1
1380,1732,2,29,1,0,-6.792,7.25452,4,0.323325,-0.201131,0.093,1
1380,1732,2,29,2,1,-5.93318,8.42843,3,0.219689,-0.102463,0.093,1
1380,1732,2,29,3,1,-7.78123,7.96943,3,0.20451,-0.359195,0.093,1
1380,1739,2,30,0,-1,-4.99413,-12.307,1,0.0879497,0.195293,0.097,1
1380,1739,2,30,1,0,-4.26604,-11.4263,4,0.258775,0.067141,0.097,1
1380,1739,2,30,2,1,-5.54127,-11.4875,3,0.234726,0.411153,0.097,1
1380,1739,2,30,3,1,-4.30688,-12.741,3,-0.0109831,0.0791588,0.097,1
1380,1744,2,30,0,-1,-8.72292,-9.61498,1,-0.287082,0.413573,0.099,1
1380,1744,2,30,1,0,-9.20329,-8.57516,4,0.115737,0.549469,0.099,1
1380,1744,2,30,2,1,-9.77761,-9.72437,3,-0.459255,0.808279,0.099,1
1380,1744,2,30,3,1,-8.03163,-9.16537,3,-0.104547,0.131041,0.099,1
1380,1745,2,32,0,-1,6.94685,6.00467,1,0.60282,0.332692,0.097,0
1380,1745,2,32,1,0,7.1962,7.20752,4,0.759314,0.33429,0.097,0
1380,1745,2,32,2,1,6.15193,6.54288,3,0.865556,0.221955,0.097,0
1380,1748,2,32,0,-1,-17.7737,-5.99325,1,0.384083,-0.0497635,0.099,0
1380,1748,2,32,1,0,-16.6629,-5.52573,4,0.416326,-0.117922,0.099,0
1380,1748,2,32,2,1,-17.7664,-4.65002,3,0.428309,-0.148891,0.099,0
1380,1749,2,29,0,-1,-10.3707,-6.71174,1,1.0429,0.203519,0.1,1
1380,1749,2,29,1,0,-9.20135,-6.56006,4,0.800306,0.332893,0.1,1
1380,1749,2,29,2,1,-10.4497,-6.17112,3,0.0377226,-0.396,0.1,1
1380,1749,2,29,3,1,-10.132,-7.39929,3,0.738118,0.496274,0.1,1
1380,1750,2,31,0,-1,-8.37618,-10.3422,1,-0.100833,0.530496,0.1,0
1380,1751,2,31,0,-1,-5.35273,-13.0251,1,-0.0573842,0.255982,0.096,0
1380,1753,2,30,0,-1,-9.12913,11.9205,1,0.214444,-0.713049,0.093,1
1380,1753,2,30,1,0,-9.71058,11.1025,4,-0.368277,-0.299987,0.093,1
1380,1753,2,30,2,1,-8.25343,11.2103,3,-0.267234,-1.40608,0.093,1
1380,1753,2,30,3,1,-9.97554,12.3088,3,0.413754,-0.115808,0.093,1
1380,1754,2,25,0,-1,-8.10609,6.02176,1,0.00167456,-0.150602,0.092,1
1380,1754,2,25,1,0,-7.21105,6.55833,4,0.0592942,-0.223814,0.092,1
1380,1754,2,25,2,1,-8.56825,6.82024,10,0.0929773,-0.022636,0.092,1
1380,1754,2,25,3,1,-7.58875,5.39206,3,-0.0643656,-0.200051,0.092,1
1380,1755,2,30,0,-1,0.127914,-9.68299,1,-0.368538,-0.0370698,0.099,0
1380,1755,2,30,1,0,-0.825822,-10.3543,4,-0.154159,-0.342934,0.099,0
1380,1755,2,30,2,1,0.381313,-10.8047,3,8.42687e-05,0.0679474,0.099,0
1380,1756,2,30,0,-1,-19.3186,-15.6034,1,-0.303875,-0.349958,0.099,0
1380,1756,2,30,1,0,-19.2499,-16.7613,4,-0.262283,-0.335889,0.099,0
1380,1756,2,30,2,1,-18.2469,-15.9715,3,-0.281635,-0.300043,0.099,0
1380,1757,2,31,0,-1,12.7327,-3.23461,1,0.482493,0.685769,0.095,1
1380,1757,2,31,1,0,12.0601,-2.23395,4,-0.0148232,0.337851,0.095,1
1380,1757,2,31,2,1,11.5767,-3.40412,3,0.64254,0.106907,0.095,1
1380,1757,2,31,3,1,13.3348,-2.56754,3,0.0650139,0.796629,0.095,1
1380,1758,2,29,0,-1,-2.67937,-9.3922,1,0.131021,0.159011,0.092,0
1380,1758,2,29,1,0,-3.73005,-9.26401,4,0.160637,0.285247,0.092,0
1380,1758,2,29,2,1,-2.84527,-10.3602,3,-0.0679676,0.0863739,0.092,0
1380,1759,2,29,0,-1,-5.61186,12.5103,1,0.242574,0.0458826,0.092,0
1380,1759,2,29,1,0,-5.65956,11.4651,4,0.36115,0.0360249,0.092,0
1380,1760,2,29,0,-1,12.4155,-9.79103,1,-0.0274149,-0.247316,0.098,0
1380,1760,2,29,1,0,13.4322,-10.3661,4,-0.0892538,-0.346615,0.098,0
1380,1760,2,29,2,1,13.2393,-9.08489,3,-0.109801,-0.23771,0.098,0
1380,1761,52,25,0,-1,-4.90017,4.11327,1,0.329501,-0.65948,0.116,0
1380,1766,2,32,0,-1,13.2512,-3.82968,1,0.240136,0.585615,0.096,0
1410,1515,2,24,0,-1,4.14406,3.50912,1,0.266655,0.0260272,0.091,1
1410,1515,2,24,1,0,4.74049,2.6069,4,-0.0844318,-0.181857,0.091,1
1410,1515,2,24,2,1,5.37068,3.85844,3,0.277967,-0.350087,0.091,1
1410,1515,2,24,3,1,3.57262,2.92644,3,0.0289701,0.10117,0.091,1
1410,1526,2,28,0,-1,14.6354,-12.747,1,-0.0920165,-0.335018,0.098,1
1410,1526,2,28,1,0,13.8968,-13.6558,4,-0.404929,-0.102348,0.098,1
1410,1526,2,28,2,1,15.1587,-13.8587,3,-0.500208,-0.616257,0.098,1
1410,1526,2,28,3,1,13.8552,-12.3544,3,0.0553249,-0.0589629,0.098,1
1410,1584,2,30,0,-1,15.0514,-3.90172,1,0.488385,-0.0412106,0.096,1
1410,1584,2,30,1,0,15.8865,-4.76932,4,0.150932,-0.365126,0.096,1
1410,1584,2,30,2,1,16.0995,-3.52465,3,0.614034,-0.456946,0.096,1
1410,1584,2,30,3,1,14.5768,-4.63289,3,0.199782,0.168316,0.096,1
1410,1616,2,28,0,-1,-9.32382,-2.27749,1,-0.0224615,0.228961,0.099,1
1410,1616,2,28,1,0,-8.96895,-1.17159,4,-0.02796,0.238275,0.099,1
1410,1616,2,28,2,1,-10.1769,-1.58344,3,0.0212978,0.130257,0.099,1
1410,1616,2,28,3,1,-8.44155,-2.35834,3,-0.0701262,0.228108,0.099,1
1410,1620,2,27,0,-1,2.47903,-0.819223,1,-0.142964,0.642449,0.092,1
1410,1620,2,27,1,0,3.38864,-0.256876,4,0.0981443,0.249749,0.092,1
1410,1620,2,27,2,1,2.09574,0.231103,3,0.260779,0.624241,0.092,1
1410,1620,2,27,3,1,3.10694,-1.37873,3,-0.421108,0.378405,0.092,1
1410,1646,2,26,0,-1,13.1416,19.8964,1,0.116628,0.385016,0.093,1
1410,1646,2,26,1,0,14.0781,20.3725,4,0.21386,0.193928,0.093,1
1410,1646,2,26,2,1,12.6323,20.8511,3,0.310432,0.523462,0.093,1
1410,1646,2,26,3,1,13.6364,19.232,3,0.00554413,0.288937,0.093,1
1410,1666,2,30,0,-1,-11.538,-2.31249,1,0.00734337,0.305725,0.098,1
1410,1666,2,30,1,0,-11.5955,-1.11314,4,-0.0278052,0.289712,0.098,1
1410,1666,2,30,2,1,-12.5929,-2.08431,3,-0.0609211,0.3337,0.098,1
1410,1666,2,30,3,1,-10.7246,-2.15127,3,-0.118935,0.198336,0.098,1
1410,1666,2,30,4,1,-11.7793,-0.542534,1,-0.0793794,0.27696,0.098,1
1410,1668,2,29,0,-1,-3.71289,-14.734,1,-0.222861,-0.668185,0.098,1
1410,1668,2,29,1,0,-4.52475,-15.5413,4,-0.126607,-0.773589,0.098,1
1410,1668,2,29,2,1,-3.23984,-15.645,3,-0.114334,-0.524819,0.098,1
1410,1668,2,29,3,1,-4.40003,-14.2505,3,-0.0925637,-0.789285,0.098,1
1410,1700,2,29,0,-1,0.180472,-22.8622,1,0.454804,0.00729457,0.098,1
1410,1700,2,29,1,0,0.991634,-23.66,4,0.45556,0.00108998,0.098,1
1410,1700,2,29,2,1,1.2084,-22.3954,3,0.312735,0.0225564,0.098,1
1410,1700,2,29,3,1,-0.351634,-23.5153,3,0.475658,0.0573916,0.098,1
1410,1704,2,28,0,-1,0.893977,8.61552,1,-0.320464,-0.0926772,0.092,1
1410,1704,2,28,1,0,0.0806475,9.28359,4,-0.179539,0.0906784,0.092,1
1410,1704,2,28,2,1,0.0883373,7.82115,3,-0.553027,0.0976433,0.092,1
1410,1704,2,28,3,1,1.30124,9.34695,3,-0.171777,-0.148287,0.092,1
1410,1710,2,31,0,-1,-16.3911,-15.8424,1,-0.168086,0.325657,0.099,1
1410,1710,2,31,1,0,-15.7993,-14.7975,4,0.0312444,0.210892,0.099,1
1410,1710,2,31,2,1,-17.172,-15.0711,3,-0.0218486,0.442983,0.099,1
1410,1710,2,31,3,1,-15.565,-16.0819,3,-0.231518,0.171848,0.099,1
1410,1710,2,31,4,1,-15.6417,-14.2212,1,0.15134,0.175022,0.099,1
1410,1712,2,27,0,-1,9.32479,19.4876,1,0.0225081,0.265821,0.094,1
1410,1712,2,27,1,0,9.10969,20.513,4,-0.188693,0.206829,0.094,1
1410,1712,2,27,2,1,8.40031,19.177,3,0.0980121,0.0165818,0.094,1
1410,1712,2,27,3,1,10.1298,19.7796,3,-0.0402278,0.493511,0.094,1
1410,1722,2,31,0,-1,14.0561,11.3771,1,-0.221387,0.417179,0.096,1
1410,1722,2,31,1,0,13.2137,12.2387,4,-0.251614,0.368155,0.096,1
1410,1722,2,31,2,1,13.1302,10.9813,3,-0.38968,0.381884,0.096,1
1410,1722,2,31,3,1,14.5191,12.1099,3,-0.241327,0.326188,0.096,1
1410,1724,2,30,0,-1,0.699878,-19.894,1,0.11141,0.263194,0.099,1
1410,1724,2,30,1,0,1.77785,-19.4379,4,-0.0608544,0.51729,0.099,1
1410,1724,2,30,2,1,0.79562,-18.5957,3,-0.308335,0.267709,0.099,1
1410,1724,2,30,3,1,1.22023,-20.6071,3,0.116133,0.395002,0.099,1
1410,1724,2,30,4,3,0.64104,-21.7904,3,0.491846,0.197098,0.099,1
1410,1728,2,31,0,-1,-0.125572,-19.9654,1,0.16983,0.224347,0.098,0
1410,1728,2,31,1,0,-0.999768,-19.1946,4,0.0117446,-0.0101941,0.098,0
1410,1728,2,31,2,1,-1.30339,-20.4539,3,0.666879,-0.180859,0.098,0
1410,1728,2,31,3,1,0.297416,-19.1942,3,0.0112659,0.296963,0.098,0
1410,1732,2,29,0,-1,4.8135,8.17589,1,-0.0502512,-0.291159,0.093,1
1410,1732,2,29,1,0,5.33467,7.37318,4,0.0944172,-0.236478,0.093,1
1410,1732,2,29,2,1,5.73097,8.78691,3,-0.0798547,-0.181221,0.093,1
1410,1732,2,29,3,1,4.13991,7.77498,3,0.00717312,-0.514331,0.093,1
1410,1734,2,28,0,-1,5.44392,-6.5407,1,-0.470144,0.13454,0.092,1
1410,1734,2,28,1,0,4.51482,-6.03421,4,-0.607348,-0.116027,0.092,1
1410,1734,2,28,2,1,4.82862,-7.38221,3,-0.271959,-0.0398897,0.092,1
1410,1734,2,28,3,1,5.64428,-5.75286,3,-0.676264,0.206474,0.092,1
1410,1744,2,30,0,-1,-8.80301,-9.81908,1,0.252507,-0.392513,0.099,1
1410,1744,2,30,1,0,-8.3529,-10.871,4,-0.0118691,-0.511251,0.099,1
1410,1744,2,30,2,1,-7.73198,-9.75568,3,0.32467,-0.703025,0.099,1
1410,1744,2,30,3,1,-9.5102,-10.243,3,0.144179,-0.212185,0.099,1
1410,1745,2,32,0,-1,15.7755,16.8516,1,0.280066,0.383659,0.097,1
1410,1745,2,32,1,0,15.2604,17.9191,4,-0.106271,0.189294,0.097,1
1410,1745,2,32,2,1,14.6201,16.818,3,0.324549,0.0276774,0.097,1
1410,1745,2,32,3,1,16.4614,17.2873,3,-0.10884,0.182931,0.097,1
1410,1749,2,29,0,-1,-0.220962,-4.25945,1,0.406117,0.154725,0.1,1
1410,1749,2,29,1,0,0.884028,-4.00836,4,0.502019,-0.258512,0.1,1
1410,1749,2,29,2,1,-0.0914122,-3.17518,3,0.828404,0.134331,0.1,1
1410,1749,2,29,3,1,-0.000980711,-5.04272,3,0.112451,0.0716224,0.1,1
1410,1750,2,31,0,-1,-12.9808,-9.78437,1,-0.35512,0.190741,0.1,1
1410,1750,2,31,1,0,-14.0787,-10.0935,4,-0.358351,0.226636,0.1,1
1410,1750,2,31,2,1,-13.001,-10.7858,3,-0.393265,0.15676,0.1,1
1410,1750,2,31,3,1,-13.2898,-9.04184,3,-0.345848,0.220624,0.1,1
1410,1753,2,30,0,-1,-15.693,9.46471,1,-0.0387147,-0.105468,0.093,1
1410,1753,2,30,1,0,-16.6551,9.28649,4,-0.0789328,0.0600108,0.093,1
1410,1753,2,30,2,1,-15.3913,8.55078,3,-0.240032,-0.209525,0.093,1
1410,1753,2,30,3,1,-16.0046,10.3946,3,0.121734,-0.0670769,0.093,1
1410,1757,2,31,0,-1,16.8962,2.37686,1,0.204696,0.498026,0.095,1
1410,1757,2,31,1,0,17.3874,3.47634,4,0.338079,0.426921,0.095,1
1410,1757,2,31,2,1,16.1961,3.07193,3,0.358142,0.482595,0.095,1
1410,1757,2,31,3,1,17.7396,2.22237,3,0.260154,0.351409,0.095,1
1410,1760,2,29,0,-1,10.8684,-12.8188,1,0.0412792,-0.262396,0.098,1
1410,1760,2,29,1,0,10.5936,-13.9388,4,-0.158247,-0.221692,0.098,1
1410,1760,2,29,2,1,11.7208,-13.3297,3,-0.0465362,-0.411683,0.098,1
1410,1760,2,29,3,1,10.0377,-12.7578,3,0.0417837,-0.145922,0.098,1
1410,1761,52,25,0,-1,3.95421,4.32968,1,0.42513,0.0436874,0.116,0
1410,1761,52,25,1,0,4.69071,5.11862,4,0.519061,-0.0482519,0.116,0
1410,1761,52,25,2,1,3.34549,5.35229,3,0.521717,0.0473775,0.116,0
1410,1761,52,25,3,1,4.64824,3.89224,3,0.474147,-0.0229848,0.116,0
1410,1761,52,25,4,3,5.25811,4.7221,1,0.621656,-0.0263498,0.116,0
1410,1761,52,25,5,4,6.08777,5.27086,1,0.625545,0.0774612,0.116,0
1410,1767,2,31,0,-1,9.17263,-1.89076,1,-0.273513,0.179708,0.095,1
1410,1767,2,31,1,0,8.57788,-0.849676,4,-0.188329,0.224502,0.095,1
1410,1767,2,31,2,1,8.17317,-2.04897,3,-0.27462,0.278082,0.095,1
1410,1767,2,31,3,1,9.79419,-1.33979,3,-0.218243,0.0785332,0.095,1
1410,1768,2,31,0,-1,-16.3466,9.91802,1,0.0312351,-0.00685273,0.093,0
1410,1768,2,31,1,0,-15.344,10.1367,4,0.0558291,-0.162499,0.093,0
1410,1768,2,31,2,1,-16.5309,11.0011,3,0.0136288,-0.20971,0.093,0
1410,1769,2,33,0,-1,6.74921,5.65291,1,0.160052,-0.202436,0.096,1
1410,1769,2,33,1,0,6.17387,4.60196,4,0.145143,-0.213999,0.096,1
1410,1769,2,33,2,1,7.43258,4.78826,3,0.198703,-0.178063,0.096,1
1410,1769,2,33,3,1,5.88008,5.92191,3,-0.0914189,-0.248404,0.096,1
1410,1772,2,30,0,-1,11.1627,-12.0577,1,-0.18932,-0.16862,0.099,0
1410,1772,2,30,1,0,12.235,-12.4425,4,-0.202678,-0.202305,0.099,0
1410,1772,2,30,2,1,11.8717,-11.2006,3,-0.0591822,-0.156229,0.099,0
1410,1773,2,32,0,-1,13.9053,10.577,1,-0.072516,0.415392,0.095,0
1410,1773,2,32,1,0,12.7615,10.1933,4,0.125833,-0.0965586,0.095,0
1410,1773,2,32,2,1,13.7721,9.42017,3,0.463632,0.354396,0.095,0
1410,1776,2,29,0,-1,16.9329,-6.90823,1,0.463719,-0.41934,0.099,1
1410,1776,2,29,1,0,16.6473,-8.04848,4,-0.480096,-0.194958,0.099,1
1410,1776,2,29,2,1,17.912,-7.78277,3,-0.250623,-1.24219,0.099,1
1410,1776,2,29,3,1,16.089,-6.8574,3,0.374774,0.195571,0.099,1
1410,1777,2,29,0,-1,-9.61324,-3.042,1,-0.0474856,0.233359,0.1,0
1410,1777,2,29,1,0,-10.7378,-3.25342,4,-0.0569014,0.300632,0.1,0
1410,1777,2,29,2,1,-9.77621,-4.10842,3,-0.149167,0.188961,0.1,0
1410,1780,2,28,0,-1,7.3311,20.1776,1,0.102668,-0.0284302,0.093,1
1410,1780,2,28,1,0,8.37955,20.3277,4,0.00564393,0.366951,0.093,1
1410,1780,2,28,2,1,7.16173,21.231,3,-0.312374,-0.0936192,0.093,1
1410,1780,2,28,3,1,7.65164,19.3595,3,0.320272,0.134499,0.093,1
1410,1782,2,31,0,-1,-11.1441,-1.61999,1,0.023875,0.31717,0.097,0
1410,1782,2,31,1,0,-10.503,-0.613767,4,0.10501,0.264901,0.097,0
1410,1785,2,30,0,-1,16.7071,-6.11017,1,1.04552,-0.262626,0.099,0
1410,1786,2,30,0,-1,4.60513,7.33529,1,-0.00254568,-0.255213,0.093,0
1410,1786,2,30,1,0,3.57885,7.34618,4,-0.0402611,0.529994,0.093,0
1410,1786,2,30,2,1,4.40091,6.13157,3,-0.735184,0.0654772,0.093,0
1410,1787,2,33,0,-1,12.0205,12.7827,1,-0.339666,0.178465,0.098,1
1410,1787,2,33,1,0,11.158,11.9253,4,-0.163604,-0.162314,0.098,1
1410,1787,2,33,2,1,12.4304,11.5726,3,-0.357783,-0.327855,0.098,1
1410,1787,2,33,3,1,11.371,13.2288,3,-0.621179,-0.0306718,0.098,1
1410,1788,2,31,0,-1,9.82507,-7.70931,1,0.709104,-0.480743,0.095,1
1410,1788,2,31,1,0,10.8623,-7.19357,4,0.701316,0.265108,0.095,1
1410,1788,2,31,2,1,9.65994,-6.68714,3,0.0663292,-0.592076,0.095,1
1410,1788,2,31,3,1,10.5263,-8.47233,3,1.18134,0.0445386,0.095,1
1410,1789,2,29,0,-1,6.52269,20.2373,1,0.116496,-0.0910735,0.092,0
1410,1790,2,30,0,-1,0.517577,-4.60113,1,0.280115,-0.121526,0.099,0
1410,1791,2,27,0,-1,10.6298,20.9089,1,0.236192,0.512487,0.092,1
1410,1791,2,27,1,0,10.0696,21.8335,4,0.275669,0.485939,0.092,1
1410,1791,2,27,2,1,9.81796,20.3797,3,0.0666299,0.534634,0.092,1
1410,1791,2,27,3,1,11.2367,21.4917,3,0.237376,0.28603,0.092,1
1410,1792,2,29,0,-1,14.5437,-11.9175,1,0.516957,-0.218928,0.097,0
1410,1792,2,29,1,0,13.7863,-11.0405,4,0.0954754,-0.530861,0.097,0
1410,1794,2,28,0,-1,8.1044,15.8271,1,0.0156458,-0.307184,0.095,1
1410,1794,2,28,1,0,8.47245,14.8464,4,0.0429378,-0.31595,0.095,1
1410,1794,2,28,2,1,9.13938,16.2047,3,-0.236729,-0.188079,0.095,1
1410,1794,2,28,3,1,7.37985,15.4176,3,-0.0303134,-0.501189,0.095,1
1410,1795,2,30,0,-1,0.298196,-23.6582,1,0.471447,0.00219107,0.097,0
1410,1796,2,28,0,-1,11.2403,20.3656,1,0.455139,0.81678,0.091,0
1410,1797,2,34,0,-1,6.80604,6.44621,1,0.477413,-0.173939,0.097,0
1410,1797,2,34,1,0,7.29002,7.54098,4,0.783711,-0.230611,0.097,0
1410,1797,2,34,2,1,6.11885,7.10055,3,0.557114,0.349201,0.097,0
1410,1799,2,33,0,-1,15.8703,17.677,1,-0.0398003,0.501151,0.098,0
1410,1799,2,33,1,0,16.7376,18.5317,4,0.210969,0.235543,0.098,0
1410,1799,2,33,2,1,15.5792,19.0898,3,0.314839,0.404082,0.098,0
1410,1800,2,29,0,-1,8.08659,16.6293,1,-0.407149,-0.284818,0.096,0
1410,1803,2,34,0,-1,11.749,12.0567,1,-1.19905,0.308218,0.098,0
1410,1804,2,32,0,-1,10.469,-7.29479,1,0.221875,-0.475125,0.094,0
1440,1515,2,24,0,-1,13.2784,5.92391,1,-0.133408,0.532697,0.091,1
1440,1515,2,24,1,0,12.4557,6.58298,4,-0.422716,0.166921,0.091,1
1440,1515,2,24,2,1,12.5934,5.20307,3,0.0470208,0.192847,0.091,1
1440,1515,2,24,3,1,13.6692,6.68582,3,-0.459553,0.686298,0.091,1
1440,1526,2,28,0,-1,10.21,-3.98384,1,-0.27499,0.487221,0.098,1
1440,1526,2,28,1,0,9.07281,-3.84821,4,-0.300252,0.279158,0.098,1
1440,1526,2,28,2,1,9.69391,-4.96906,3,-0.00211481,0.464502,0.098,1
1440,1526,2,28,3,1,10.2021,-3.17791,3,-0.37929,0.417649,0.098,1
1440,1620,2,27,0,-1,5.9852,2.35311,1,0.334469,-0.379852,0.092,1
1440,1620,2,27,1,0,6.34417,1.32944,4,0.34485,-0.357462,0.092,1
1440,1620,2,27,2,1,7.29018,2.35179,3,0.332952,-0.338079,0.092,1
1440,1620,2,27,3,1,5.29067,1.89979,3,0.348446,-0.316569,0.092,1
1440,1666,2,30,0,-1,-8.50554,7.11799,1,0.0810712,0.285333,0.098,1
1440,1666,2,30,1,0,-8.53341,8.29059,4,0.0262019,0.320667,0.098,1
1440,1666,2,30,2,1,-9.48478,7.26122,3,0.18739,0.133261,0.098,1
1440,1666,2,30,3,1,-7.71281,7.20886,3,0.184819,0.474329,0.098,1
1440,1666,2,30,4,1,-8.70595,8.86494,1,0.128609,0.374079,0.098,1
1440,1668,2,29,0,-1,2.90775,-18.9391,1,0.0318157,0.358302,0.098,1
1440,1668,2,29,1,0,2.30245,-17.997,4,0.240428,0.397903,0.098,1
1440,1668,2,29,2,1,1.80492,-19.2185,3,0.0354484,0.429232,0.098,1
1440,1668,2,29,3,1,3.52325,-18.3583,3,0.0891238,0.397775,0.098,1
1440,1704,2,28,0,-1,-7.66831,17.4134,1,0.294236,0.400553,0.092,1
1440,1704,2,28,1,0,-6.70329,17.1263,4,0.271733,0.415405,0.092,1
1440,1704,2,28,2,1,-7.66362,18.2483,3,0.346383,0.480977,0.092,1
1440,1704,2,28,3,1,-7.76851,16.542,3,0.289931,0.327249,0.092,1
1440,1722,2,31,0,-1,14.6677,10.6575,1,-0.613885,-0.02484,0.096,1
1440,1722,2,31,1,0,14.0922,11.723,4,0.190079,0.384926,0.096,1
1440,1722,2,31,2,1,13.6593,10.5329,3,-0.508984,0.614989,0.096,1
1440,1722,2,31,3,1,15.3325,11.2679,3,-0.213995,-0.664661,0.096,1
1440,1728,2,31,0,-1,-3.87148,-16.306,1,0.426613,0.100837,0.098,1
1440,1728,2,31,1,0,-3.49736,-15.1746,4,0.131072,0.219382,0.098,1
1440,1728,2,31,2,1,-4.82897,-15.4047,3,-0.477501,1.61207,0.098,1
1440,1728,2,31,3,1,-2.71951,-16.2023,3,0.00479907,0.217623,0.098,1
1440,1728,2,31,4,3,-1.74581,-17.0537,3,-0.395864,-0.121707,0.098,1
1440,1744,2,30,0,-1,-9.95438,-7.89464,1,-0.599864,0.0247179,0.099,1
1440,1744,2,30,1,0,-10.9151,-8.53716,4,-0.519061,-0.0931967,0.099,1
1440,1744,2,30,2,1,-9.74297,-9.00979,3,-0.568028,-0.307204,0.099,1
1440,1744,2,30,3,1,-10.4815,-7.30404,3,-0.562579,-0.0912522,0.099,1
1440,1750,2,31,0,-1,-9.11146,-5.14285,1,0.179946,0.186301,0.1,1
1440,1750,2,31,1,0,-8.42254,-4.22815,4,0.153125,0.176309,0.1,1
1440,1750,2,31,2,1,-9.70008,-4.32965,3,0.153709,0.136415,0.1,1
1440,1750,2,31,3,1,-8.43887,-5.57428,3,0.075457,0.168342,0.1,1
1440,1761,52,25,0,-1,1.30612,3.50007,1,-0.44341,-0.243273,0.116,1
1440,1761,52,25,1,0,0.320914,3.09769,4,-0.489507,-0.105095,0.116,1
1440,1761,52,25,2,1,1.65859,2.71346,3,-0.537682,-0.290499,0.116,1
1440,1761,52,25,3,1,0.888576,4.17027,3,-0.339499,-0.181824,0.116,1
1440,1761,52,25,4,3,-0.0908142,3.80914,1,-0.371066,-0.0354421,0.116,1
1440,1761,52,25,5,4,-1.05133,4.10797,1,-0.32221,0.106805,0.116,1
1440,1761,52,25,6,5,-1.98049,4.61159,4,-0.292438,0.170276,0.116,1
1440,1761,52,25,7,6,-1.68871,3.26729,3,-0.248965,0.181215,0.116,1
1440,1761,52,25,8,6,-0.779881,4.8665,3,-0.303429,0.144597,0.116,1
1440,1769,2,33,0,-1,14.8759,8.37887,1,-0.106389,0.175341,0.096,1
1440,1769,2,33,1,0,13.9955,9.22775,4,-0.208734,0.14147,0.096,1
1440,1769,2,33,2,1,13.9794,7.96335,3,0.187942,0.201555,0.096,1
1440,1769,2,33,3,1,15.3101,9.24203,3,-0.239585,0.71303,0.096,1
1440,1773,2,32,0,-1,15.9973,9.01339,1,-0.304242,-0.519167,0.095,1
1440,1773,2,32,1,0,14.7309,9.13614,4,-0.205101,0.415858,0.095,1
1440,1773,2,32,2,1,15.5397,8.16194,3,-1.12146,-0.314959,0.095,1
1440,1773,2,32,3,1,15.7994,9.87726,3,0.313388,-0.311079,0.095,1
1440,1776,2,29,0,-1,10.4492,-9.65239,1,-0.0649316,-0.207291,0.099,1
1440,1776,2,29,1,0,9.38917,-10.1785,4,-0.16844,-1.56886e-05,0.099,1
1440,1776,2,29,2,1,10.3989,-11.0129,3,-0.392101,-0.332954,0.099,1
1440,1776,2,29,3,1,9.94236,-8.96221,3,0.00430523,-0.0797003,0.099,1
1440,1782,2,31,0,-1,-8.00024,7.76803,1,0.0343513,0.29414,0.097,0
1440,1782,2,31,1,0,-6.92678,7.20041,4,0.140106,0.406205,0.097,0
1440,1785,2,30,0,-1,10.6573,-10.3823,1,-0.203473,-0.250191,0.099,0
1440,1785,2,30,1,0,9.75457,-9.65481,4,-0.0752923,-0.0800018,0.099,0
1440,1785,2,30,2,1,9.60006,-10.9489,3,-0.269603,-0.0455546,0.099,0
1440,1788,2,31,0,-1,9.79198,-0.0766223,1,-0.292871,0.131247,0.095,1
1440,1788,2,31,1,0,8.83085,0.495799,4,-0.236322,0.222742,0.095,1
1440,1788,2,31,2,1,9.12607,-0.731096,3,-0.373286,0.169287,0.095,1
1440,1788,2,31,3,1,10.1224,0.721449,3,-0.217303,0.119005,0.095,1
1440,1792,2,29,0,-1,11.2142,-12.5367,1,0.579029,0.132347,0.097,1
1440,1792,2,29,1,0,12.4086,-12.6199,4,0.528582,-0.550147,0.097,1
1440,1792,2,29,2,1,12.1264,-11.3487,3,0.500003,-0.608362,0.097,1
1440,1792,2,29,3,1,11.4527,-13.506,3,0.274667,-0.304677,0.097,1
1440,1804,2,32,0,-1,11.8112,-6.43203,1,-0.124674,0.0967015,0.094,1
1440,1804,2,32,1,0,10.6662,-6.42854,4,-0.124021,-0.271205,0.094,1
1440,1804,2,32,2,1,11.5277,-7.35072,3,0.175116,-0.00164856,0.094,1
1440,1804,2,32,3,1,11.5117,-5.44168,3,-0.570688,0.128415,0.094,1
1440,1805,2,28,0,-1,-2.02495,1.74507,1,-0.143844,0.408002,0.091,1
1440,1805,2,28,1,0,-2.58302,2.63574,4,-0.459025,0.198505,0.091,1
1440,1805,2,28,2,1,-2.93852,1.26427,3,-0.0741521,0.114857,0.091,1
1440,1805,2,28,3,1,-1.45181,2.31684,3,-0.322386,0.557682,0.091,1
1440,1808,2,30,0,-1,2.88279,-15.6997,1,0.32873,0.450221,0.097,1
1440,1808,2,30,1,0,2.35154,-14.6599,4,-0.331416,0.134244,0.097,1
1440,1808,2,30,2,1,1.7552,-15.8088,3,0.38052,-0.208966,0.097,1
1440,1808,2,30,3,1,3.60009,-15.074,3,-0.0445628,0.858951,0.097,1
1440,1810,2,31,0,-1,-9.76745,-12.9004,1,-0.223367,-0.315508,0.098,1
1440,1810,2,31,1,0,-10.7628,-13.4673,4,-0.372661,-0.0164915,0.098,1
1440,1810,2,31,2,1,-9.60671,-14.0284,3,-0.622179,-0.612274,0.098,1
1440,1810,2,31,3,1,-10.2146,-12.2686,3,0.108391,-0.206445,0.098,1
1440,1815,2,29,0,-1,3.41056,8.17529,1,0.223097,0.344167,0.09,1
1440,1815,2,29,1,0,3.28658,9.22094,4,0.0753377,0.319848,0.09,1
1440,1815,2,29,2,1,2.36595,8.1941,3,0.199042,0.204114,0.09,1
1440,1815,2,29,3,1,4.20925,8.402,3,0.202218,0.475723,0.09,1
1440,1816,2,31,0,-1,-4.48916,-14.5616,1,0.581809,-0.0447781,0.096,1
1440,1816,2,31,1,0,-3.44866,-14.1135,4,0.264969,0.363325,0.096,1
1440,1816,2,31,2,1,-4.71083,-13.6806,3,0.23334,0.224019,0.096,1
1440,1816,2,31,3,1,-4.09044,-15.2586,3,0.295517,0.191968,0.096,1
1440,1819,2,33,0,-1,12.5748,-6.7652,1,-0.178366,-0.0420793,0.093,0
1440,1819,2,33,1,0,12.8266,-7.87137,4,-0.494984,-0.120646,0.093,0
1440,1819,2,33,2,1,13.6928,-6.94829,3,-0.149246,-0.433722,0.093,0
1440,1821,2,28,0,-1,5.94596,1.63205,1,0.309729,-0.432174,0.092,1
1440,1821,2,28,1,0,6.99925,1.30755,4,0.343295,-0.352564,0.092,1
1440,1821,2,28,2,1,6.63901,2.65633,3,0.309983,-0.357548,0.092,1
1440,1821,2,28,3,1,5.95366,0.734504,3,0.364296,-0.408213,0.092,1
1440,1823,2,32,0,-1,-4.11263,-17.1435,1,-0.231061,0.211799,0.099,0
1440,1823,2,32,1,0,-4.55538,-16.114,4,0.11873,0.493326,0.099,0
1440,1823,2,32,2,1,-5.55777,-16.9352,3,-0.512117,1.06531,0.099,0
1440,1823,2,32,3,1,-3.36368,-16.7082,3,-0.194828,-0.352783,0.099,0
1440,1824,2,30,0,-1,2.41792,-19.5661,1,0.016795,0.37337,0.098,0
1440,1824,2,30,1,0,1.78212,-18.5837,4,0.126089,0.405679,0.098,0
1440,1824,2,30,2,1,1.31601,-19.806,3,-0.119943,0.515964,0.098,0
1440,1825,2,30,0,-1,1.95314,10.1022,1,-0.236214,0.135311,0.091,1
1440,1825,2,30,1,0,1.2829,10.917,4,-0.0341993,0.31206,0.091,1
1440,1825,2,30,2,1,1.06445,9.55363,3,-0.504876,0.385674,0.091,1
1440,1825,2,30,3,1,2.50387,10.71,3,-0.087947,0.0286395,0.091,1
1440,1827,2,32,0,-1,-8.34642,-4.91071,1,0.241992,0.110113,0.101,0
1440,1827,2,32,1,0,-7.69724,-5.84909,4,0.169535,0.0500058,0.101,0
1440,1827,2,32,2,1,-7.4676,-4.58218,3,0.359329,-0.000469522,0.101,0
1440,1828,2,32,0,-1,-9.15419,-12.3751,1,-0.376984,-0.150598,0.097,0
1440,1828,2,32,1,0,-8.28782,-13.1135,4,-0.25206,-0.00844106,0.097,0
1440,1828,2,32,2,1,-8.27131,-11.8226,6,-0.478049,-0.0101178,0.097,0
1440,1829,2,31,0,-1,-13.6784,-12.2861,1,-0.44577,-0.371062,0.098,1
1440,1829,2,31,1,0,-13.5184,-13.4077,4,0.0144603,-0.289604,0.098,1
1440,1829,2,31,2,1,-12.6453,-12.4586,3,-0.341921,0.0356103,0.098,1
1440,1829,2,31,3,1,-14.4756,-12.4431,3,-0.384489,-0.680825,0.098,1
1440,1831,53,29,0,-1,-6.95813,17.9121,1,0.341075,0.369891,0.117,0
1440,1831,53,29,1,0,-6.12886,18.6498,4,0.641425,0.0839302,0.117,0
1440,1831,53,29,2,1,-7.50133,19.0765,3,0.793447,0.463927,0.117,0
1440,1831,53,29,3,1,-6.08248,17.4461,3,0.380591,0.0870173,0.117,0
1440,1832,2,29,0,-1,5.28024,1.15955,1,0.221578,-0.310659,0.091,0
1440,1833,2,31,0,-1,2.69066,9.78467,1,-0.324572,-0.0549691,0.092,0
1440,1834,2,29,0,-1,8.03285,-8.22594,1,-0.429973,-0.312923,0.097,1
1440,1834,2,29,1,0,7.49699,-9.24165,4,-0.251641,-0.395669,0.097,1
1440,1834,2,29,2,1,8.76187,-9.0179,3,-0.314312,-0.126849,0.097,1
1440,1834,2,29,3,1,7.24505,-7.95813,3,-0.481862,-0.414248,0.097,1
1440,1837,52,26,0,-1,2.11409,3.55992,1,-0.432613,-0.511827,0.117,0
1440,1838,2,29,0,-1,-2.80277,1.9547,1,-0.219492,0.118262,0.092,0
1440,1839,2,32,0,-1,-14.0826,-12.9903,1,-0.155377,-0.540934,0.097,0
1440,1839,2,32,1,0,-15.2052,-13.1717,4,-0.170784,-0.412282,0.097,0
1440,1841,2,32,0,-1,-4.09242,-13.8347,1,-0.135608,0.473063,0.096,0
1440,1844,2,33,0,-1,12.5192,9.08037,1,-0.805463,-0.262773,0.094,1
1440,1844,2,33,1,0,11.3808,9.51614,4,-0.600374,0.228933,0.094,1
1440,1844,2,33,2,1,11.2012,8.22091,3,-1.29339,0.320094,0.094,1
1440,1844,2,33,3,1,12.627,9.97483,3,-0.303951,-0.458281,0.094,1
1440,1847,2,31,0,-1,-9.33549,-8.38294,1,-0.497873,0.261388,0.098,0
1440,1847,2,31,1,0,-8.36605,-7.82867,4,-0.147962,-0.182546,0.098,0
1440,1849,2,34,0,-1,11.7898,8.80733,1,-1.10957,0.236793,0.095,0
1440,1849,2,34,1,0,10.658,8.4107,4,-1.04346,0.0687085,0.095,0
1440,1849,2,34,2,1,11.9209,8.02458,3,-1.15546,-0.677084,0.095,0
1440,1850,2,31,0,-1,2.54421,-16.4792,1,0.702444,0.149229,0.096,0
1440,1850,2,31,1,0,1.37664,-16.6213,4,0.613482,0.0237862,0.096,0
1440,1850,2,31,2,1,1.80803,-17.8218,3,0.506626,0.0970203,0.096,0
1440,1852,2,30,0,-1,11.8129,-12.0644,1,0.567383,0.117442,0.097,0
1470,1526,2,28,0,-1,1.46793,-3.50115,1,-0.335271,0.368621,0.098,1
1470,1526,2,28,1,0,1.86496,-2.42771,4,0.187198,0.181963,0.098,1
1470,1526,2,28,2,1,0.620819,-2.76233,3,-0.0170085,0.870521,0.098,1
1470,1526,2,28,3,1,2.28191,-3.6796,3,-0.42403,-0.0246327,0.098,1
1470,1620,2,27,0,-1,-0.0208827,3.54628,1,0.751157,-0.330759,0.092,1
1470,1620,2,27,1,0,0.635308,4.35755,4,0.255503,0.0708939,0.092,1
1470,1620,2,27,2,1,-0.712181,4.02291,3,0.397934,-0.327755,0.092,1
1470,1620,2,27,3,1,0.636152,3.17769,3,1.02193,0.0267658,0.092,1
1470,1666,2,30,0,-1,-4.98082,14.9574,1,-0.364133,0.723538,0.098,1
1470,1666,2,30,1,0,-3.74682,14.7083,4,-0.430037,0.19095,0.098,1
1470,1666,2,30,2,1,-4.62241,15.7713,3,0.108403,0.617653,0.098,1
1470,1666,2,30,4,1,-3.11289,14.7284,1,-0.394227,-0.129807,0.098,1
1470,1668,2,29,0,-1,-1.20107,-16.6384,1,-0.436471,0.268578,0.098,1
1470,1668,2,29,1,0,-1.27489,-15.4913,4,0.335716,0.324307,0.098,1
1470,1668,2,29,2,1,-2.26918,-16.3047,3,-0.284274,1.05257,0.098,1
1470,1722,2,31,0,-1,17.2111,18.7363,1,0.290249,0.188091,0.096,1
1470,1722,2,31,1,0,17.5678,19.8851,4,-0.0124897,0.282282,0.096,1
1470,1722,2,31,2,1,16.4027,19.3849,3,0.122803,-0.0306218,0.096,1
1470,1722,2,31,3,1,18.0663,18.6751,3,0.294779,0.408863,0.096,1
1470,1728,2,31,0,-1,0.876588,-10.9508,1,-0.354628,0.35755,0.098,1
1470,1728,2,31,1,0,0.388467,-9.90171,4,-0.37947,0.307153,0.098,1
1470,1728,2,31,2,1,0.017083,-11.1352,3,-0.264691,0.271742,0.098,1
1470,1728,2,31,3,1,1.52805,-10.5179,3,-0.337407,0.333423,0.098,1
1470,1728,2,31,4,3,2.55599,-11.349,3,-0.222101,0.470237,0.098,1
1470,1744,2,30,0,-1,-12.683,-7.28405,1,0.559877,0.389512,0.099,1
1470,1744,2,30,1,0,-11.5523,-7.02272,4,0.322357,0.284221,0.099,1
1470,1744,2,30,2,1,-12.3887,-6.04425,3,0.183223,0.24807,0.099,1
1470,1744,2,30,3,1,-12.5182,-7.96935,3,-0.124141,0.537879,0.099,1
1470,1761,52,25,0,-1,-6.23205,6.79136,1,-0.253837,0.0358894,0.116,1
1470,1761,52,25,1,0,-7.23826,7.16994,4,-0.23553,0.0863633,0.116,1
1470,1761,52,25,2,1,-6.62146,5.93174,3,-0.200153,0.0974406,0.116,1
1470,1761,52,25,3,1,-6.10869,7.61572,3,-0.227991,0.0297015,0.116,1
1470,1761,52,25,4,3,-7.12602,7.94183,1,-0.211678,0.134802,0.116,1
1470,1761,52,25,5,4,-7.81594,8.7014,1,-0.132639,0.242383,0.116,1
1470,1761,52,25,6,5,-8.37548,9.61904,4,-0.000298786,0.345909,0.116,1
1470,1761,52,25,7,6,-8.97407,8.3918,3,-0.294614,0.483697,0.116,1
1470,1761,52,25,8,6,-7.20914,9.23374,3,-0.0641076,0.171415,0.116,1
1470,1769,2,33,0,-1,12.5598,7.27099,1,-0.395878,-0.284309,0.096,1
1470,1769,2,33,1,0,11.313,6.99164,4,-0.546942,-0.154281,0.096,1
1470,1769,2,33,2,1,12.28,6.17568,3,-0.730634,-0.34607,0.096,1
1470,1769,2,33,3,1,11.8486,8.17936,3,-0.324019,-0.325015,0.096,1
1470,1773,2,32,0,-1,12.3395,7.8788,1,-0.67613,-0.584507,0.095,1
1470,1773,2,32,1,0,11.1851,7.87625,4,-0.677971,-0.255374,0.095,1
1470,1773,2,32,2,1,12.0408,6.9136,3,-0.72357,-0.39421,0.095,1
1470,1773,2,32,3,1,12.2185,8.76966,3,-0.172499,-0.709057,0.095,1
1470,1776,2,29,0,-1,8.29679,-5.45174,1,-0.30538,0.514047,0.099,1
1470,1776,2,29,1,0,7.13411,-5.71769,4,-0.192622,0.0578459,0.099,1
1470,1776,2,29,2,1,7.9004,-6.79211,3,0.141658,0.298939,0.099,1
1470,1776,2,29,3,1,7.76576,-4.54947,3,-0.408672,0.183043,0.099,1
1470,1782,2,31,0,-1,-5.83785,14.8172,1,-0.244663,-0.142761,0.097,0
1470,1782,2,31,1,0,-6.75408,13.9977,4,-0.0249448,-0.439891,0.097,0
1470,1782,2,31,2,1,-5.36883,13.7471,3,0.10012,0.429945,0.097,0
1470,1782,2,31,3,1,-6.75083,15.311,3,-1.11283,-0.402861,0.097,0
1470,1785,2,30,0,-1,8.32886,-6.21774,1,-0.131772,0.52449,0.099,0
1470,1785,2,30,1,0,7.65674,-5.27135,4,-0.455916,0.274647,0.099,0
1470,1785,2,30,2,1,7.1751,-6.47967,3,-0.0350218,0.092607,0.099,0
1470,1792,2,29,0,-1,9.27345,-11.4836,1,0.306363,0.296722,0.097,1
1470,1792,2,29,1,0,10.1277,-10.7288,4,0.346872,0.253003,0.097,1
1470,1792,2,29,2,1,8.85647,-10.5594,3,0.354482,0.231656,0.097,1
1470,1792,2,29,3,1,9.87278,-12.0185,3,0.277182,0.257939,0.097,1
1470,1804,2,32,0,-1,13.9375,-8.39266,1,0.0911357,-0.499005,0.094,1
1470,1804,2,32,1,0,13.2893,-9.31274,4,-0.0677045,-0.36099,0.094,1
1470,1804,2,32,2,1,14.5503,-9.17691,3,-0.0240366,-0.624608,0.094,1
1470,1804,2,32,3,1,13.0965,-8.02646,3,0.0805173,-0.329332,0.094,1
1470,1805,2,28,0,-1,-0.92305,-0.966125,1,0.219467,-0.423026,0.091,1
1470,1805,2,28,1,0,0.078137,-1.36021,4,0.336857,-0.113925,0.091,1
1470,1805,2,28,2,1,-0.462421,-0.0679576,3,0.0220376,-0.241299,0.091,1
1470,1805,2,28,3,1,-1.03475,-1.74827,3,0.449951,-0.462817,0.091,1
1470,1808,2,30,0,-1,5.89799,-9.30654,1,-0.322273,0.210264,0.097,1
1470,1808,2,30,1,0,5.40211,-8.28038,4,-0.0372535,0.358471,0.097,1
1470,1808,2,30,2,1,4.84366,-9.42495,3,-0.332616,0.502668,0.097,1
1470,1808,2,30,3,1,6.59993,-8.88946,3,-0.202796,0.0342304,0.097,1
1470,1810,2,31,0,-1,-13.1886,-12.9387,1,-0.365596,-0.318108,0.098,1
1470,1810,2,31,1,0,-13.9541,-13.816,4,-0.0405371,-0.601792,0.098,1
1470,1810,2,31,2,1,-12.6756,-13.7923,3,-0.0395897,-0.0723092,0.098,1
1470,1810,2,31,3,1,-14.0919,-12.5213,3,-0.496519,-0.649527,0.098,1
1470,1816,2,31,0,-1,3.34375,-9.94481,1,-0.151101,0.424357,0.096,1
1470,1816,2,31,1,0,2.36688,-9.33746,4,0.0694505,0.789902,0.096,1
1470,1816,2,31,2,1,2.59018,-10.5826,3,-0.650035,0.635193,0.096,1
1470,1816,2,31,3,1,3.6727,-9.18764,3,0.120887,0.340089,0.096,1
1470,1819,2,33,0,-1,20.234,-12.5749,1,0.232124,-0.0587038,0.093,1
1470,1819,2,33,1,0,20.9605,-13.4221,4,0.117014,-0.151989,0.093,1
1470,1819,2,33,2,1,21.0209,-12.1596,3,0.300143,-0.151281,0.093,1
1470,1821,2,28,0,-1,-1.54186,5.17348,1,-0.0679131,-0.351533,0.092,1
1470,1821,2,28,1,0,-0.486347,5.00265,4,0.187554,0.121987,0.092,1
1470,1821,2,28,2,1,-1.22533,6.17942,3,-0.366758,-0.28369,0.092,1
1470,1821,2,28,3,1,-1.53941,4.62159,3,0.543966,-0.310386,0.092,1
1470,1823,2,32,0,-1,-13.3152,-8.71705,1,0.531459,0.0856067,0.099,1
1470,1823,2,32,1,0,-13.3555,-7.50125,4,0.224074,0.118564,0.099,1
1470,1823,2,32,2,1,-14.3832,-8.2803,3,0.129358,0.264407,0.099,1
1470,1823,2,32,3,1,-12.0867,-8.15294,3,0.0111515,-0.0576471,0.099,1
1470,1823,2,32,4,3,-10.8329,-8.48279,3,0.0378528,0.0118372,0.099,1
1470,1828,2,32,0,-1,-12.3586,-13.0092,1,-0.330581,0.0400821,0.097,0
1470,1828,2,32,1,0,-11.9081,-14.0735,4,0.181543,0.258201,0.097,0
1470,1828,2,32,2,1,-11.186,-13.0022,6,-0.203031,0.53227,0.097,0
1470,1829,2,31,0,-1,-18.2227,-12.9281,1,-0.257712,0.67057,0.098,1
1470,1829,2,31,1,0,-18.5055,-11.8111,4,-0.536076,0.562282,0.098,1
1470,1829,2,31,2,1,-19.1453,-12.9176,3,-0.443437,0.453887,0.098,1
1470,1829,2,31,3,1,-17.4374,-12.5523,3,-0.423308,0.683298,0.098,1
1470,1832,2,29,0,-1,4.98401,3.62553,1,0.131919,0.0250416,0.091,1
1470,1832,2,29,1,0,5.56902,4.504,4,-0.0437444,0.141068,0.091,1
1470,1832,2,29,2,1,5.74195,3.34965,3,0.190821,0.172186,0.091,1
1470,1834,2,29,0,-1,4.36732,-18.2118,1,0.0940073,-0.328125,0.097,1
1470,1834,2,29,1,0,4.87837,-19.2418,4,0.143744,-0.304648,0.097,1
1470,1834,2,29,2,1,5.44601,-18.0885,3,0.125634,-0.298514,0.097,1
1470,1834,2,29,3,1,3.693,-18.6948,3,0.121553,-0.347371,0.097,1
1470,1837,52,26,0,-1,-5.61964,6.23318,1,-0.338383,-0.055409,0.117,0
1470,1837,52,26,1,0,-5.94701,5.22328,4,-0.767566,0.0865442,0.117,0
1470,1837,52,26,2,1,-4.64869,5.69116,3,-0.562585,-0.460422,0.117,0
1470,1838,2,29,0,-1,-0.160648,-0.797524,1,0.169483,-0.14975,0.092,0
1470,1838,2,29,1,0,-0.335836,-1.89085,4,0.522445,-0.201335,0.092,0
1470,1838,2,29,2,1,0.853531,-1.17854,3,0.301417,0.180706,0.092,0
1470,1839,2,32,0,-1,-18.854,-13.4451,1,-0.128569,0.59074,0.097,0
1470,1839,2,32,1,0,-19.4503,-12.4031,4,-0.282942,0.488078,0.097,0
1470,1841,2,32,0,-1,3.78515,-10.6213,1,-0.246966,0.358984,0.096,0
1470,1841,2,32,1,0,3.413,-11.6984,4,-0.0539041,0.292464,0.096,0
1470,1844,2,33,0,-1,13.6854,12.7137,1,0.138733,0.0627989,0.094,1
1470,1844,2,33,1,0,14.8543,13.0231,4,0.154864,0.0569243,0.094,1
1470,1844,2,33,2,1,13.867,13.8222,3,0.191479,0.09701,0.094,1
1470,1844,2,33,3,1,14.1067,11.9129,3,0.257536,-0.00875882,0.094,1
1470,1847,2,31,0,-1,-5.80738,-4.37328,1,-0.34565,0.35771,0.098,1
1470,1847,2,31,1,0,-6.25104,-3.26794,4,0.00110792,0.508331,0.098,1
1470,1847,2,31,2,1,-7.08618,-4.26315,3,-0.539102,0.947718,0.098,1
1470,1847,2,31,3,1,-5.11052,-3.86855,3,-0.129461,0.247187,0.098,1
1470,1849,2,34,0,-1,8.0697,7.49151,1,0.414588,-0.136841,0.095,1
1470,1849,2,34,1,0,9.21989,7.14436,4,0.307081,-0.515504,0.095,1
1470,1849,2,34,2,1,8.80322,8.35495,3,0.720848,-0.378019,0.095,1
1470,1849,2,34,3,1,8.00674,6.64787,3,0.19825,-0.204229,0.095,1
1470,1850,2,31,0,-1,-3.18521,-13.8582,1,-0.898239,0.501164,0.096,1
1470,1850,2,31,1,0,-3.09146,-12.7015,4,0.133028,0.423634,0.096,1
1470,1850,2,31,2,1,-4.28611,-13.206,3,-0.313036,1.46255,0.096,1
1470,1850,2,31,3,1,-2.25425,-13.7305,3,-0.677816,-0.254105,0.096,1
1470,1852,2,30,0,-1,12.675,-13.7796,1,-0.291476,0.604992,0.097,1
1470,1852,2,30,1,0,12.7342,-12.6351,4,0.428652,0.569262,0.097,1
1470,1852,2,30,2,1,11.6397,-13.3166,3,-0.078879,1.33425,0.097,1
1470,1852,2,30,3,1,13.5175,-13.7015,3,-0.261414,0.0569395,0.097,1
1470,1857,54,32,0,-1,16.4427,18.5018,1,0.294425,0.176149,0.121,0
1470,1858,2,35,0,-1,7.70657,13.4314,1,-0.198443,-0.677849,0.096,1
1470,1858,2,35,1,0,8.73806,12.7788,4,0.0508346,-0.23721,0.096,1
1470,1858,2,35,2,1,8.76192,14.0333,3,-0.53634,-0.222435,0.096,1
1470,1858,2,35,3,1,7.48124,12.3942,3,0.123144,-0.473352,0.096,1
1470,1859,2,32,0,-1,1.87495,-19.595,1,-0.366434,-0.251625,0.097,1
1470,1859,2,32,1,0,0.865686,-19.0594,4,-0.117246,0.218311,0.097,1
1470,1859,2,32,2,1,1.0248,-20.3402,3,-0.785641,0.134181,0.097,1
1470,1859,2,32,3,1,2.15415,-18.7478,3,0.081054,-0.610626,0.097,1
1470,1861,2,32,0,-1,1.03208,-11.7518,1,-0.145043,0.420005,0.097,0
1470,1861,2,32,1,0,0.490758,-12.763,4,0.263885,0.204994,0.097,0
1470,1862,2,34,0,-1,13.6271,19.6936,1,0.059758,0.179129,0.093,1
1470,1862,2,34,1,0,13.8706,20.8713,4,0.0948337,0.172202,0.093,1
1470,1862,2,34,2,1,12.7667,20.2543,3,0.0759478,0.204476,0.093,1
1470,1862,2,34,3,1,14.4609,19.7023,3,0.0620406,0.156795,0.093,1
1470,1863,2,31,0,-1,7.13995,-8.11606,1,-0.211044,0.247051,0.096,1
1470,1863,2,31,1,0,6.62989,-7.09075,4,-0.23927,0.232977,0.096,1
1470,1863,2,31,2,1,6.13568,-8.3212,3,-0.0558066,0.157614,0.096,1
1470,1863,2,31,3,1,7.81116,-7.65048,3,-0.221777,0.269105,0.096,1
1470,1868,2,32,0,-1,-6.15729,-5.11127,1,-0.570229,0.453185,0.098,0
1470,1868,2,32,1,0,-6.40507,-4.00275,4,-0.286674,0.507981,0.098,0
1470,1868,2,32,2,1,-7.26607,-4.97897,3,-0.455555,0.700202,0.098,0
1470,1870,2,35,0,-1,13.4735,18.9039,1,0.0637337,0.178065,0.092,0
1470,1870,2,35,1,0,13.1918,17.7396,4,0.0202736,0.188518,0.092,0
1470,1871,2,30,0,-1,3.70047,-17.757,1,-0.000845362,-0.466046,0.096,0
1470,1873,2,31,0,-1,-15.4672,-11.2789,1,-0.45793,0.250201,0.098,1
1470,1873,2,31,1,0,-16.5934,-11.0561,4,-0.470075,0.169146,0.098,1
1470,1873,2,31,2,1,-15.9846,-12.1768,3,-0.286316,0.285799,0.098,1
1470,1873,2,31,3,1,-15.423,-10.4663,3,-0.395787,0.0185292,0.098,1
1470,1874,2,33,0,-1,13.5276,-5.76366,1,0.211794,0.267637,0.094,1
1470,1874,2,33,1,0,13.7787,-4.67148,4,0.0444231,0.313071,0.094,1
1470,1874,2,33,2,1,12.7138,-5.35333,3,0.169756,0.130276,0.094,1
1470,1874,2,33,3,1,14.4653,-5.78925,3,0.253572,0.443447,0.094,1
1470,1875,2,34,0,-1,14.4338,12.4474,1,0.155615,0.106676,0.094,0
1470,1875,2,34,1,0,13.3357,11.9213,4,0.213898,0.0766804,0.094,0
1470,1875,2,34,2,1,14.4308,11.2546,3,0.213726,0.0443069,0.094,0
1470,1876,2,32,0,-1,-14.6814,-11.4656,1,-0.404419,0.537612,0.097,0
1470,1877,2,34,0,-1,12.8576,-6.21137,1,0.296903,0.132874,0.095,0
1470,1878,2,33,0,-1,-13.6303,-9.52199,1,0.043618,0.285985,0.1,0
1470,1878,2,33,1,0,-14.2968,-10.5143,4,-0.346189,0.479919,0.1,0
1470,1878,2,33,2,1,-13.0332,-10.7795,3,-0.559957,-0.553857,0.1,0
1470,1878,2,33,3,1,-14.3715,-9.21553,3,0.382952,0.461229,0.1,0
1470,1880,2,31,0,-1,-13.3097,-8.05251,1,0.0159469,-0.237393,0.098,1
1470,1880,2,31,1,0,-12.5304,-8.83563,4,0.50431,0.141257,0.098,1
1470,1880,2,31,2,1,-12.0922,-7.52637,3,0.628707,0.07667,0.098,1
1470,1880,2,31,3,1,-13.845,-8.61187,3,0.277192,-0.175975,0.098,1
1470,1881,2,34,0,-1,13.3543,7.59268,1,0.114499,-1.10227,0.095,0
1470,1881,2,34,1,0,13.9078,8.71211,4,0.0498505,-0.841513,0.095,0
1470,1881,2,34,2,1,12.8647,8.13848,3,-0.47462,0.101103,0.095,0
1470,1883,2,29,0,-1,-1.66911,4.26847,1,0.0120571,-0.350712,0.091,0
1470,1884,2,35,0,-1,7.26728,7.45777,1,0.41462,-0.12253,0.095,0
1470,1884,2,35,1,0,6.11618,7.13165,4,0.406398,-0.121985,0.095,0
1500,1526,2,28,0,-1,0.983087,3.72878,1,0.238933,-0.218206,0.098,1
1500,1526,2,28,1,0,2.08692,3.43108,4,0.293411,-0.086109,0.098,1
1500,1526,2,28,2,1,1.78766,4.69066,3,-0.0272974,-0.19983,0.098,1
1500,1526,2,28,3,1,0.909898,2.82048,3,0.23504,0.121115,0.098,1
1500,1620,2,27,0,-1,2.17451,7.29241,1,0.228952,0.246986,0.092,1
1500,1620,2,27,1,0,2.47729,8.29815,4,0.145352,0.270073,0.092,1
1500,1620,2,27,2,1,1.28336,7.61107,3,0.204344,0.149728,0.092,1
1500,1620,2,27,3,1,2.95868,7.22666,3,0.204489,0.30066,0.092,1
1500,1668,2,29,0,-1,-1.93269,-14.9514,1,1.20448,-0.545997,0.098,1
1500,1668,2,29,1,0,-1.45817,-13.9053,4,0.0972459,-0.0910914,0.098,1
1500,1668,2,29,2,1,-2.71667,-14.0661,3,0.0146337,0.0058327,0.098,1
1500,1728,2,31,0,-1,-6.16674,-4.90027,1,-0.226425,0.390709,0.098,1
1500,1728,2,31,1,0,-6.55363,-3.79675,4,-0.273719,0.341364,0.098,1
1500,1728,2,31,2,1,-7.23911,-4.86338,3,-0.143916,0.220936,0.098,1
1500,1728,2,31,3,1,-5.36178,-4.31169,3,-0.184948,0.506033,0.098,1
1500,1728,2,31,4,3,-4.1333,-4.75817,3,-0.070287,0.717028,0.098,1
1500,1744,2,30,0,-1,-7.88939,-13.4064,1,0.684415,-0.0626363,0.099,1
1500,1744,2,30,1,0,-6.7512,-13.558,4,0.366184,-0.593695,0.099,1
1500,1744,2,30,2,1,-7.45453,-12.4408,3,0.712785,-0.0425334,0.099,1
1500,1744,2,30,3,1,-7.87102,-14.2343,3,0.0314753,-0.208082,0.099,1
1500,1761,52,25,0,-1,-16.8418,6.57638,1,-0.231246,-0.309448,0.116,1
1500,1761,52,25,1,0,-17.3539,5.65638,4,-0.326847,-0.256109,0.116,1
1500,1761,52,25,2,1,-16.0758,6.20538,3,-0.248503,-0.427274,0.116,1
1500,1761,52,25,3,1,-17.5725,6.86053,3,-0.205653,-0.234197,0.116,1
1500,1761,52,25,4,3,-18.0986,5.94789,1,-0.30702,-0.168218,0.116,1
1500,1761,52,25,5,4,-19.0118,5.51009,1,-0.356137,-0.0644835,0.116,1
1500,1761,52,25,6,5,-20.0437,5.25423,4,-0.368289,-0.0211424,0.116,1
1500,1761,52,25,7,6,-18.9858,4.39002,3,-0.355741,-0.00132657,0.116,1
1500,1761,52,25,8,6,-19.3205,6.25328,3,-0.349367,-0.0412197,0.116,1
1500,1769,2,33,0,-1,4.1385,-2.12445,1,0.00386362,-0.526355,0.096,1
1500,1769,2,33,1,0,4.94902,-3.00734,4,0.145995,-0.399206,0.096,1
1500,1769,2,33,2,1,5.21709,-1.74189,3,0.00579507,-0.382613,0.096,1
1500,1769,2,33,3,1,3.64915,-2.83703,3,0.138344,-0.453588,0.096,1
1500,1773,2,32,0,-1,12.7058,16.0178,1,0.0409032,-0.0352303,0.095,1
1500,1773,2,32,1,0,11.5071,15.9809,4,0.0197238,0.596564,0.095,1
1500,1773,2,32,2,1,12.4846,15.2142,3,-0.303488,0.105639,0.095,1
1500,1773,2,32,3,1,12.5903,16.7337,3,0.145529,0.38702,0.095,1
1500,1792,2,29,0,-1,17.8854,-5.46044,1,-0.214425,0.257703,0.097,1
1500,1792,2,29,1,0,17.3636,-4.40806,4,-0.2796,0.194085,0.097,1
1500,1792,2,29,2,1,16.6026,-5.48537,3,0.046305,-0.0749418,0.097,1
1500,1792,2,29,3,1,18.5695,-4.89684,3,-0.238763,0.24051,0.097,1
1500,1804,2,32,0,-1,19.1055,-10.1715,1,-0.277523,-0.349814,0.094,1
1500,1804,2,32,1,0,17.9964,-10.1239,4,-0.259702,-0.188017,0.094,1
1500,1804,2,32,2,1,18.8782,-11.0304,3,-0.306215,-0.237848,0.094,1
1500,1804,2,32,3,1,19.0954,-9.34424,3,-0.198802,-0.27904,0.094,1
1500,1805,2,28,0,-1,-0.661381,6.39551,1,0.418639,0.156993,0.091,1
1500,1805,2,28,1,0,-0.0871777,7.30376,4,0.124927,0.336453,0.091,1
1500,1805,2,28,2,1,-1.47868,7.11576,3,0.196006,-0.193335,0.091,1
1500,1805,2,28,3,1,0.0834285,6.12789,3,0.499599,0.383444,0.091,1
1500,1810,2,31,0,-1,-14.9447,-14.9626,1,-0.290953,-0.0953029,0.098,1
1500,1810,2,31,1,0,-16.0885,-15.0173,4,-0.285937,-0.220273,0.098,1
1500,1810,2,31,2,1,-15.1945,-15.9445,3,-0.15295,-0.0969295,0.098,1
1500,1810,2,31,3,1,-15.1146,-14.1575,3,-0.406049,-0.105887,0.098,1
1500,1816,2,31,0,-1,-3.07188,-12.4589,1,-0.437413,-0.020479,0.096,1
1500,1816,2,31,1,0,-4.18467,-12.6579,4,-0.35923,-0.234553,0.096,1
1500,1816,2,31,2,1,-3.03752,-13.2747,3,-0.493565,-0.451157,0.096,1
1500,1816,2,31,3,1,-3.23715,-11.7692,3,-0.526635,0.0349392,0.096,1
1500,1821,2,28,0,-1,-2.49395,2.66891,1,-0.296449,0.0795908,0.092,1
1500,1821,2,28,1,0,-3.28163,1.95264,4,-0.179204,-0.0709281,0.092,1
1500,1821,2,28,2,1,-1.89294,1.69606,3,-0.144728,0.163703,0.092,1
1500,1821,2,28,3,1,-3.15432,3.1177,3,-0.364918,-0.05907,0.092,1
1500,1823,2,32,0,-1,-13.3904,-10.1035,1,0.0644476,0.0926919,0.099,1
1500,1823,2,32,1,0,-13.8058,-8.98361,4,0.186288,0.121322,0.099,1
1500,1823,2,32,2,1,-14.6622,-9.91759,3,0.128185,0.158239,0.099,1
1500,1823,2,32,3,1,-12.6373,-9.52561,3,0.11262,-0.0168422,0.099,1
1500,1823,2,32,4,3,-11.4256,-10.008,3,0.0503953,-0.137871,0.099,1
1500,1838,2,29,0,-1,-0.70015,7.17328,1,0.181407,0.153274,0.092,0
1500,1838,2,29,1,0,0.342643,6.81547,4,0.29949,0.487005,0.092,0
1500,1838,2,29,2,1,-0.190408,8.10034,3,-0.0656647,0.337834,0.092,0
1500,1849,2,34,0,-1,6.23974,7.05703,1,-0.116339,0.21237,0.095,1
1500,1849,2,34,1,0,5.05011,7.27941,4,-0.0606976,0.318253,0.095,1
1500,1849,2,34,2,1,5.7051,6.16994,3,-0.0759845,0.278191,0.095,1
1500,1849,2,34,3,1,6.21242,7.87473,3,-0.0249936,0.263923,0.095,1
1500,1850,2,31,0,-1,1.82899,-8.08674,1,0.311787,0.0217411,0.096,1
1500,1850,2,31,1,0,2.85851,-7.59165,4,0.302423,0.0487937,0.096,1
1500,1850,2,31,2,1,1.72469,-6.98988,3,0.307543,0.0786928,0.096,1
1500,1850,2,31,3,1,2.28681,-8.77592,3,0.262617,0.0694608,0.096,1
1500,1858,2,35,0,-1,12.0688,12.4397,1,-0.504095,0.369293,0.096,1
1500,1858,2,35,1,0,11.0925,11.7426,4,-0.192988,-0.00800575,0.096,1
1500,1858,2,35,2,1,12.29,11.3421,3,0.00467202,0.519149,0.096,1
1500,1858,2,35,3,1,11.2761,13.0542,3,-0.600347,0.0546473,0.096,1
1500,1859,2,32,0,-1,4.05385,-9.6085,1,0.429264,0.114693,0.097,1
1500,1859,2,32,1,0,4.97145,-8.92267,4,0.240571,0.383826,0.097,1
1500,1859,2,32,2,1,3.72437,-8.58977,3,0.14821,0.0411343,0.097,1
1500,1859,2,32,3,1,4.66328,-10.1888,3,0.64679,0.311147,0.097,1
1500,1861,2,32,0,-1,-6.38651,-5.70165,1,-0.409254,0.449798,0.097,0
1500,1861,2,32,1,0,-7.53129,-5.60428,4,-0.429771,0.159148,0.097,0
1500,1861,2,32,2,1,-6.96198,-6.76077,3,-0.129125,0.276131,0.097,0
1500,1878,2,33,0,-1,-12.977,-10.8519,1,0.0898348,0.11014,0.1,0
1500,1878,2,33,1,0,-11.9026,-11.344,4,0.0949845,0.0730915,0.1,0
1500,1878,2,33,2,1,-12.231,-10.1281,3,0.139613,0.0759094,0.1,0
1500,1878,2,33,3,1,-13.0845,-11.8847,3,0.145212,0.0414469,0.1,0
1500,1880,2,31,0,-1,-11.6786,-8.45816,1,0.471572,-0.0737737,0.098,1
1500,1880,2,31,1,0,-10.5766,-8.0946,4,0.358029,0.410298,0.098,1
1500,1880,2,31,2,1,-11.507,-7.14667,3,-0.0402129,-0.0272222,0.098,1
1500,1880,2,31,3,1,-11.215,-9.19635,3,0.790814,0.115984,0.098,1
1500,1881,2,34,0,-1,4.54647,-1.44009,1,-0.0118847,-0.52591,0.095,0
1500,1881,2,34,1,0,5.37377,-2.35377,4,0.183601,-0.352172,0.095,0
1500,1881,2,34,2,1,5.66801,-1.10011,3,-0.0722232,-0.287759,0.095,0
1500,1882,2,28,0,-1,2.4463,6.53932,1,0.138161,0.211958,0.091,0
1500,1882,2,28,1,0,2.35883,5.45177,4,0.0595804,0.216709,0.091,0
1500,1882,2,28,2,1,3.44424,6.31112,3,0.0474505,0.207014,0.091,0
1500,1883,2,29,0,-1,-1.7086,2.52809,1,-0.273228,0.193564,0.091,0
1500,1883,2,29,1,0,-2.55574,1.89817,4,-0.188166,0.0913837,0.091,0
1500,1884,2,35,0,-1,10.5754,15.3455,1,-0.276179,0.107655,0.095,1
1500,1884,2,35,1,0,10.3268,14.1661,4,-0.561385,0.063033,0.095,1
1500,1884,2,35,2,1,11.5129,14.6566,3,-0.516501,-0.208912,0.095,1
1500,1884,2,35,3,1,9.65798,15.3391,3,-0.411646,0.0868148,0.095,1
1500,1885,2,33,0,-1,10.1822,-7.71815,1,-0.424426,0.130659,0.093,1
1500,1885,2,33,1,0,9.64315,-6.64751,4,-0.764998,-0.0810641,0.093,1
1500,1885,2,33,2,1,9.183,-7.82625,3,-0.282853,-0.256062,0.093,1
1500,1885,2,33,3,1,10.8404,-7.12446,3,-0.606476,0.223005,0.093,1
1500,1886,2,32,0,-1,1.03812,-18.8043,1,0.656268,-0.0522295,0.095,1
1500,1886,2,32,1,0,1.88984,-17.9889,4,0.201416,0.436055,0.095,1
1500,1886,2,32,2,1,0.638071,-17.6755,3,0.0944706,-0.0315633,0.095,1
1500,1886,2,32,3,1,1.75951,-19.2867,3,0.942646,0.358386,0.095,1
1500,1888,2,30,0,-1,11.5677,-5.82305,1,-0.198292,0.0306031,0.098,1
1500,1888,2,30,1,0,10.4444,-6.03897,4,-0.231865,0.0818697,0.098,1
1500,1888,2,30,2,1,11.613,-6.79204,3,-0.361981,-0.071729,0.098,1
1500,1888,2,30,3,1,11.3008,-5.04829,3,-0.183314,-0.0255671,0.098,1
1500,1889,55,30,0,-1,-2.10734,-15.7249,1,-0.138611,0.158477,0.073,0
1500,1889,55,30,1,0,-0.762879,-15.8347,4,-0.609871,0.453501,0.073,0
1500,1889,55,30,2,0,-2.58496,-15.0914,3,0.0160041,-0.311774,0.073,0
1500,1890,2,36,0,-1,8.83266,14.4683,1,-0.0705495,-0.0264189,0.095,1
1500,1890,2,36,1,0,10.0477,14.7084,4,-0.179444,0.149417,0.095,1
1500,1890,2,36,2,1,8.97841,15.3367,3,-0.19708,-0.0403187,0.095,1
1500,1890,2,36,3,1,9.10824,13.8128,3,0.0596412,-0.311935,0.095,1
1500,1895,2,31,0,-1,-8.62187,-11.0352,1,0.333985,0.0503507,0.1,1
1500,1895,2,31,1,0,-7.50628,-10.7269,4,0.296256,0.423976,0.1,1
1500,1895,2,31,2,1,-8.53486,-9.97009,3,0.0287373,0.0135505,0.1,1
1500,1895,2,31,3,1,-8.31186,-11.6754,3,0.412228,0.477404,0.1,1
1500,1896,2,29,0,-1,1.56544,1.84985,1,0.290961,-0.0298552,0.099,1
1500,1896,2,29,1,0,2.71467,1.97551,4,0.321423,-0.274503,0.099,1
1500,1896,2,29,2,1,1.71956,2.75818,3,0.616857,0.273871,0.099,1
1500,1896,2,29,3,1,1.75524,1.08475,3,0.256035,-0.156165,0.099,1
1500,1897,2,35,0,-1,5.47394,6.88208,1,-0.147933,0.176357,0.096,0
1500,1897,2,35,1,0,4.42106,7.53123,4,-0.243563,0.0256007,0.096,0
1500,1897,2,35,2,1,4.73238,6.30404,3,-0.21811,0.0423932,0.096,0
1500,1901,2,32,0,-1,1.14929,-8.51347,1,0.203985,0.176794,0.095,0
1500,1901,2,32,1,0,0.0542387,-8.82107,4,0.11418,0.453818,0.095,0
1500,1901,2,32,2,1,1.12569,-9.5409,3,-0.159222,0.0526057,0.095,0
1500,1902,2,33,0,-1,0.377172,-18.3445,1,0.593269,-0.193176,0.094,0
1500,1908,2,32,0,-1,-14.2146,-14.6281,1,-0.263614,-0.167884,0.097,0
1500,1908,2,32,1,0,-13.6765,-13.6254,4,-0.144771,-0.23536,0.097,0
1500,1912,2,34,0,-1,9.76578,-8.43202,1,-0.419005,0.152562,0.092,0
1500,1912,2,34,1,0,8.57465,-8.33645,4,-0.385219,0.643579,0.092,0
1500,1912,2,34,2,1,9.10844,-9.47883,3,-0.823014,0.455479,0.092,0
1500,1914,2,30,0,-1,0.843964,1.46918,1,0.157324,0.180564,0.098,0
1500,1914,2,30,1,0,0.73645,0.32896,4,-0.42862,0.218165,0.098,0
1500,1915,2,31,0,-1,12.0573,-5.18571,1,-0.393223,0.208978,0.098,0
1500,1916,2,32,0,-1,-11.2207,-7.82095,1,0.338409,-0.0173286,0.098,0
1500,1916,2,32,1,0,-10.0633,-7.68158,4,0.300666,0.500106,0.098,0
1500,1917,2,33,0,-1,18.5102,-9.62105,1,-0.0981026,-0.167721,0.094,0
1500,1917,2,33,1,0,17.8007,-8.76756,4,0.169791,0.0378172,0.094,0
1500,1918,56,32,0,-1,-9.41489,-11.1722,1,0.376509,-0.301179,0.125,0
1500,1919,2,33,0,-1,13.7523,14.1802,1,-0.0870021,0.157176,0.096,1
1500,1919,2,33,1,0,12.8776,13.375,4,0.116218,-0.0686907,0.096,1
1500,1919,2,33,2,1,14.124,13.0293,3,0.174173,0.282902,0.096,1
1500,1919,2,33,3,1,13.0193,14.6628,3,-0.337974,0.0251439,0.096,1
1500,1920,57,30,0,-1,17.5639,-6.20373,1,-0.269641,0.287568,0.072,0
1500,1920,57,30,1,0,18.69,-7.39012,3,-0.478662,0.0799613,0.072,0
1500,1920,57,30,2,0,17.2352,-5.12297,4,-0.18705,0.318374,0.072,0
1500,1922,2,37,0,-1,7.99374,14.4357,1,0.00736615,0.38821,0.094,0
1500,1922,2,37,1,0,7.32839,13.4199,4,0.170513,0.30335,0.094,0
1500,1923,2,31,0,-1,-7.30476,-12.8814,1,0.83992,-0.0301507,0.1,0
1500,1923,2,31,1,0,-6.93577,-11.7686,4,0.905956,0.0838513,0.1,0
1500,1923,2,31,2,1,-8.18717,-12.0967,3,1.05993,0.475091,0.1,0
1500,1925,2,36,0,-1,12.7957,12.7496,1,-0.153431,-0.356235,0.097,0
1530,1526,2,28,0,-1,4.503,4.50258,1,0.06019,-0.306166,0.098,1
1530,1526,2,28,1,0,4.56663,3.35339,4,-0.122617,-0.321169,0.098,1
1530,1526,2,28,2,1,5.52499,4.21529,3,-0.0516721,-0.422767,0.098,1
1530,1526,2,28,3,1,3.68753,4.31365,3,0.0814269,-0.149754,0.098,1
1530,1620,2,27,0,-1,-2.70764,5.62001,1,-0.511423,-0.757494,0.092,1
1530,1620,2,27,1,0,-1.82825,5.09918,4,-0.267048,-0.524575,0.092,1
1530,1620,2,27,2,1,-1.95856,6.48984,3,-0.442157,-0.620379,0.092,1
1530,1620,2,27,3,1,-3.03871,4.78314,3,-0.248255,-0.400858,0.092,1
1530,1744,2,30,0,-1,-4.8132,-20.0688,1,-0.0817651,0.0223347,0.099,1
1530,1744,2,30,1,0,-3.75921,-20.5031,4,0.0747066,0.261036,0.099,1
1530,1744,2,30,2,1,-4.03965,-19.2363,3,-0.708487,0.0581431,0.099,1
1530,1792,2,29,0,-1,17.6635,-8.11405,1,0.22136,0.216837,0.097,1
1530,1792,2,29,1,0,18.4488,-7.28065,4,0.399116,0.0568128,0.097,1
1530,1792,2,29,2,1,17.1679,-7.17374,3,0.415155,0.245739,0.097,1
1530,1792,2,29,3,1,18.3383,-8.58736,3,0.143765,0.0908162,0.097,1
1530,1804,2,32,0,-1,11.7037,-9.62763,1,0.0352178,0.0287048,0.094,1
1530,1804,2,32,1,0,10.7129,-10.1261,4,0.0169133,-0.037681,0.094,1
1530,1804,2,32,2,1,11.9187,-10.5271,3,0.11818,0.284985,0.094,1
1530,1804,2,32,3,1,11.2938,-8.9057,3,-0.0254738,-0.0383287,0.094,1
1530,1816,2,31,0,-1,-2.83785,-21.9801,1,-0.0652925,-0.0280268,0.096,1
1530,1816,2,31,1,0,-2.72974,-20.8288,4,0.315039,-0.0495498,0.096,1
1530,1816,2,31,2,1,-3.91295,-21.4359,3,0.18611,0.2045,0.096,1
1530,1816,2,31,3,1,-2.00811,-21.9326,3,-0.0739119,-0.304751,0.096,1
1530,1858,2,35,0,-1,12.5713,4.89805,1,-0.329783,-0.218623,0.096,1
1530,1858,2,35,1,0,11.3697,4.86744,4,-0.342643,0.0806529,0.096,1
1530,1858,2,35,2,1,12.1767,3.89845,3,-0.594139,-0.127505,0.096,1
1530,1858,2,35,3,1,12.3082,5.79624,3,-0.138946,-0.124047,0.096,1
1530,1880,2,31,0,-1,-16.4551,-10.0411,1,0.147741,-0.959135,0.098,1
1530,1880,2,31,1,0,-15.3066,-10.0519,4,0.178123,-0.324906,0.098,1
1530,1880,2,31,2,1,-15.9855,-8.96023,3,-0.495645,-0.800744,0.098,1
1530,1880,2,31,3,1,-16.3188,-10.8957,3,0.506613,-0.624001,0.098,1
1530,1882,2,28,0,-1,0.35006,3.50989,1,-0.350174,-0.346624,0.091,1
1530,1882,2,28,1,0,-0.77579,3.52721,4,-0.297045,0.123554,0.091,1
1530,1882,2,28,2,1,-0.0425604,2.35018,3,-1.05011,-0.412306,0.091,1
1530,1882,2,28,3,1,0.0838935,4.30629,3,-0.0161461,-0.170703,0.091,1
1530,1884,2,35,0,-1,15.0443,14.2469,1,0.455212,0.320086,0.095,1
1530,1884,2,35,1,0,14.7468,15.3144,4,-0.228033,0.0207322,0.095,1
1530,1884,2,35,2,1,14.0913,14.2538,3,-0.78762,-0.0445793,0.095,1
1530,1884,2,35,3,1,15.7957,14.3848,3,0.274475,0.316443,0.095,1
1530,1886,2,32,0,-1,11.5083,-14.5871,1,0.690295,0.398172,0.095,1
1530,1886,2,32,1,0,12.5124,-15.1999,4,0.233562,-0.355368,0.095,1
1530,1886,2,32,2,1,12.5805,-13.9064,3,1.2298,-0.394216,0.095,1
1530,1886,2,32,3,1,11.1954,-15.3557,3,0.114919,0.615205,0.095,1
1530,1888,2,30,0,-1,10.8566,-11.7597,1,0.121274,0.0681261,0.098,1
1530,1888,2,30,1,0,10.209,-10.8132,4,-0.160917,-0.0900712,0.098,1
1530,1888,2,30,2,1,9.74169,-12.1285,3,0.253665,-0.236619,0.098,1
1530,1888,2,30,3,1,11.4494,-11.204,3,-0.0926635,0.134308,0.098,1
1530,1895,2,31,0,-1,-12.7341,-7.451,1,-0.713354,-0.530523,0.1,1
1530,1895,2,31,1,0,-12.5307,-8.56833,4,-0.274834,-0.548072,0.1,1
1530,1895,2,31,2,1,-11.354,-7.97535,3,-0.232236,-0.796982,0.1,1
1530,1895,2,31,3,1,-13.5622,-7.72243,3,0.0972281,-0.247216,0.1,1
1530,1896,2,29,0,-1,10.6343,2.92934,1,-0.0569305,0.358639,0.099,1
1530,1896,2,29,1,0,10.0519,3.91171,4,-0.0491059,0.362279,0.099,1
1530,1896,2,29,2,1,9.6235,2.69778,3,-0.0517384,0.359569,0.099,1
1530,1896,2,29,3,1,11.275,3.44465,3,-0.0545623,0.351972,0.099,1
1530,1915,2,31,0,-1,8.77201,-10.4772,1,0.197829,0.0126219,0.098,1
1530,1915,2,31,1,0,9.85566,-10.0815,4,0.0742268,0.186549,0.098,1
1530,1915,2,31,2,1,8.92538,-9.02728,3,-0.232051,-0.028765,0.098,1
1530,1915,2,31,3,1,9.15763,-11.2001,3,0.377404,-0.0468687,0.098,1
1530,1916,2,32,0,-1,-13.1525,-6.97748,1,0.313614,-0.356062,0.098,1
1530,1916,2,32,1,0,-13.0924,-8.13818,4,-0.393415,-0.543186,0.098,1
1530,1916,2,32,2,1,-12.0465,-7.32185,3,-0.011958,-1.14165,0.098,1
1530,1916,2,32,3,1,-14.1795,-7.32104,3,0.102432,0.0716642,0.098,1
1530,1917,2,33,0,-1,10.9093,-9.48144,1,0.0653588,-0.00755295,0.094,0
1530,1917,2,33,1,0,10.4929,-8.45583,4,-0.0298291,-0.0467057,0.094,0
1530,1918,56,32,0,-1,-9.18429,-6.30831,1,0.593198,-0.00633531,0.125,1
1530,1918,56,32,1,0,-8.29996,-7.00607,4,0.457492,-0.121934,0.125,1
1530,1918,56,32,2,1,-9.07134,-7.36585,3,0.293597,0.474392,0.125,1
1530,1918,56,32,3,1,-8.3597,-5.71833,3,1.4104,-0.029618,0.125,1
1530,1918,56,32,4,1,-9.58976,-7.06288,3,0.364038,-0.167854,0.125,1
1530,1919,2,33,0,-1,15.6956,10.3747,1,0.192334,-0.365175,0.096,1
1530,1919,2,33,1,0,16.5042,11.3004,4,0.0659137,-0.0777762,0.096,1
1530,1919,2,33,2,1,15.2406,11.3906,3,0.120917,0.0745309,0.096,1
1530,1919,2,33,3,1,16.527,9.94572,3,0.35948,0.0213414,0.096,1
1530,1920,57,30,0,-1,7.60164,-5.62667,1,-0.616492,0.416555,0.072,1
1530,1920,57,30,1,0,8.91844,-6.63206,3,-0.537019,0.442745,0.072,1
1530,1920,57,30,2,0,6.87256,-4.70369,4,-0.863854,0.349616,0.072,1
1530,1920,57,30,3,2,6.68186,-5.984,3,-0.564326,0.324319,0.072,1
1530,1920,57,30,4,2,8.19713,-4.81582,3,-0.91205,0.479813,0.072,1
1530,1923,2,31,0,-1,1.33137,-17.3458,1,-0.105543,0.256817,0.1,1
1530,1923,2,31,1,0,0.787863,-16.2817,4,0.130636,0.242854,0.1,1
1530,1923,2,31,2,1,0.0313783,-17.326,3,-0.114917,0.325393,0.1,1
1530,1923,2,31,3,1,2.07281,-16.5467,3,0.137107,-0.071256,0.1,1
1530,1924,2,34,0,-1,14.9493,10.5956,1,0.329934,0.267482,0.095,0
1530,1924,2,34,1,0,15.4832,9.5118,4,-0.0891152,0.0993495,0.095,0
1530,1924,2,34,2,1,16.258,10.5611,3,0.00692164,0.0341148,0.095,0
1530,1928,2,29,0,-1,4.34366,5.29643,1,0.0671689,-0.30011,0.097,0
1530,1928,2,29,1,0,3.963,6.37271,4,0.101561,-0.284474,0.097,0
1530,1929,2,32,0,-1,5.8334,-20.8106,1,-0.0250606,-0.33397,0.095,1
1530,1929,2,32,1,0,5.95753,-21.9475,4,0.281999,-0.382294,0.095,1
1530,1929,2,32,2,1,6.8242,-20.9878,3,-0.0113999,-0.173478,0.095,1
1530,1929,2,32,3,1,5.04278,-21.0143,3,0.0693337,-0.639383,0.095,1
1530,1930,2,32,0,-1,-2.35845,-13.0106,1,0.652524,0.369216,0.099,1
1530,1930,2,32,1,0,-1.39333,-13.6502,4,0.410269,0.0182082,0.099,1
1530,1930,2,32,2,1,-1.42805,-12.3656,3,0.675365,0.0154057,0.099,1
1530,1930,2,32,3,1,-2.67169,-13.8754,3,0.324665,0.552406,0.099,1
1530,1931,2,36,0,-1,15.6552,14.9088,1,0.300611,0.71891,0.096,0
1530,1931,2,36,1,0,16.2999,16.0151,4,-0.0968686,1.09162,0.096,0
1530,1931,2,36,2,1,15.1896,15.6969,3,0.528877,0.524389,0.096,0
1530,1937,2,31,0,-1,-4.38991,-20.7497,1,0.0549912,0.15893,0.1,0
1530,1937,2,31,1,0,-4.88176,-21.7689,4,0.0557042,0.209333,0.1,0
1530,1942,2,33,0,-1,5.92813,-20.0079,1,0.282009,-0.331408,0.096,0
1530,1943,2,32,0,-1,0.783409,-17.9296,1,0.443933,-0.0705331,0.101,0
1530,1943,2,32,1,0,1.93041,-17.6864,4,0.33085,1.21248,0.101,0
1530,1943,2,32,2,1,0.830057,-16.9589,3,-0.181658,0.365326,0.101,0
1530,1948,57,31,0,-1,7.42188,-4.85482,1,-0.424553,0.331526,0.071,0
1530,1948,57,31,1,0,7.46646,-6.49585,3,-0.420376,0.306203,0.071,0
1530,1948,57,31,2,0,7.88403,-3.79519,4,0.0567941,0.00540671,0.071,0
1530,1949,2,32,0,-1,-3.21011,-21.2902,1,0.237548,0.125198,0.097,0
1530,1950,2,32,0,-1,8.63396,-9.71152,1,-0.28771,-0.0317625,0.098,0
1530,1950,2,32,1,0,9.66004,-9.19652,4,-0.265737,-0.13057,0.098,0
1530,1950,2,32,2,1,8.36842,-8.58877,3,-0.197178,0.109884,0.098,0
1530,1954,58,29,0,-1,1.01611,4.00234,1,-0.432326,-0.296709,0.116,0
1530,1954,58,29,1,0,2.02727,3.56168,4,-0.31305,-0.0216859,0.116,0
1530,1954,58,29,2,1,2.64983,3.94189,1,-0.448752,0.210341,0.116,0
1530,1955,2,30,0,-1,17.5465,-8.9096,1,0.0665008,0.239582,0.098,0
1530,1956,2,31,0,-1,10.6266,-12.5276,1,0.293376,0.0230375,0.097,0
1530,1956,2,31,1,0,9.53817,-12.8659,4,0.248316,0.110171,0.097,0
1530,1957,2,33,0,-1,-12.9144,-6.17936,1,-0.508454,-0.261252,0.099,0
1530,1960,2,28,0,-1,-2.33964,4.85785,1,0.492472,-0.36804,0.091,0
1560,1526,2,28,0,-1,-2.20747,4.44504,1,-0.663414,-0.145337,0.098,1
1560,1526,2,28,1,0,-2.83851,3.48837,4,-0.685037,-0.136343,0.098,1
1560,1526,2,28,2,1,-1.58387,3.67881,3,-0.647177,-0.367319,0.098,1
1560,1526,2,28,3,1,-2.97748,4.79255,3,-0.657105,-0.136072,0.098,1
1560,1620,2,27,0,-1,3.21758,14.8178,1,0.0133142,0.381773,0.092,1
1560,1620,2,27,1,0,4.23827,14.5672,4,-0.0779798,-0.0550805,0.092,1
1560,1620,2,27,2,1,3.39323,15.6066,3,0.635294,0.423633,0.092,1
1560,1620,2,27,3,1,3.1802,14.0525,3,-0.331569,0.42999,0.092,1
1560,1804,2,32,0,-1,12.0304,-4.51484,1,-0.82065,0.654193,0.094,1
1560,1804,2,32,1,0,10.9246,-4.78625,4,-0.609763,-0.0559396,0.094,1
1560,1804,2,32,2,1,11.8753,-5.64469,3,0.100932,0.679433,0.094,1
1560,1804,2,32,3,1,11.5142,-3.6282,3,-1.07495,0.197728,0.094,1
1560,1816,2,31,0,-1,-1.48025,-13.5162,1,-0.18537,0.183371,0.096,1
1560,1816,2,31,1,0,-0.339423,-13.2819,4,-0.100402,-0.302278,0.096,1
1560,1816,2,31,2,1,-1.29185,-12.4394,3,-0.267307,-0.492703,0.096,1
1560,1816,2,31,3,1,-1.27084,-14.2625,3,-0.263086,-0.131271,0.096,1
1560,1858,2,35,0,-1,4.75622,10.7608,1,-0.260693,0.188473,0.096,1
1560,1858,2,35,1,0,3.62137,11.1651,4,-0.392256,-0.138589,0.096,1
1560,1858,2,35,2,1,4.09054,9.98525,3,-0.0414556,0.0142406,0.096,1
1560,1858,2,35,3,1,4.79086,11.7677,3,-0.585932,0.208573,0.096,1
1560,1880,2,31,0,-1,-8.76413,-7.32533,1,-0.375779,0.208564,0.098,1
1560,1880,2,31,1,0,-9.83162,-7.77385,4,-0.228614,-0.350724,0.098,1
1560,1880,2,31,2,1,-8.68725,-8.37038,3,-0.0326093,0.21606,0.098,1
1560,1880,2,31,3,1,-9.39098,-6.53923,3,-0.977525,-0.129384,0.098,1
1560,1882,2,28,0,-1,3.50386,0.607342,1,0.107375,0.259475,0.091,1
1560,1882,2,28,1,0,4.39508,1.23422,4,0.273034,0.0875464,0.091,1
1560,1882,2,28,2,1,3.00625,1.33137,3,0.307195,0.344365,0.091,1
1560,1882,2,28,3,1,4.15139,0.122505,3,0.22829,0.130047,0.091,1
1560,1884,2,35,0,-1,4.87638,16.8805,1,-0.322832,0.0407813,0.095,1
1560,1884,2,35,1,0,3.88686,16.1432,4,-0.202628,-0.0656115,0.095,1
1560,1884,2,35,2,1,5.11075,15.8476,3,-0.226333,-0.0574209,0.095,1
1560,1884,2,35,3,1,4.00892,17.4701,3,-0.310751,-0.0748584,0.095,1
1560,1888,2,30,0,-1,11.0393,-8.18055,1,-0.277729,0.0690394,0.098,1
1560,1888,2,30,1,0,10.6438,-7.07138,4,0.00802929,0.280862,0.098,1
1560,1888,2,30,2,1,9.86397,-8.31698,3,-0.691786,0.665243,0.098,1
1560,1888,2,30,3,1,11.8012,-7.71845,3,-0.210798,-0.184143,0.098,1
1560,1895,2,31,0,-1,-13.5051,-6.314,1,0.184071,0.188724,0.1,1
1560,1895,2,31,1,0,-13.0071,-5.29282,4,0.221474,0.150969,0.1,1
1560,1895,2,31,2,1,-14.3426,-5.43408,3,0.20392,0.152015,0.1,1
1560,1895,2,31,3,1,-12.7108,-6.54946,3,0.207185,0.148272,0.1,1
1560,1915,2,31,0,-1,8.50033,-10.9148,1,0.243722,-1.15748,0.098,1
1560,1915,2,31,1,0,8.0811,-11.9968,4,-0.11391,-0.951361,0.098,1
1560,1915,2,31,2,1,9.32095,-11.3824,3,-0.0424743,-1.02804,0.098,1
1560,1915,2,31,3,1,7.68231,-10.7712,3,0.0564254,-0.871546,0.098,1
1560,1916,2,32,0,-1,-10.6809,-5.56984,1,0.228619,0.585868,0.098,1
1560,1916,2,32,1,0,-11.0699,-4.49775,4,-0.0655202,0.491853,0.098,1
1560,1916,2,32,2,1,-11.75,-5.59062,3,0.290443,0.302575,0.098,1
1560,1916,2,32,3,1,-9.93447,-5.16483,3,0.119057,0.822946,0.098,1
1560,1917,2,33,0,-1,14.9326,-8.65443,1,0.475614,-0.724416,0.094,1
1560,1917,2,33,1,0,14.4877,-9.70743,4,-0.301148,-0.378873,0.094,1
1560,1917,2,33,2,1,15.7449,-9.53772,3,-0.179466,-1.17359,0.094,1
1560,1917,2,33,3,1,13.8954,-8.53471,3,0.234696,-0.0560448,0.094,1
1560,1919,2,33,0,-1,6.08145,14.1324,1,0.115467,0.171886,0.096,1
1560,1919,2,33,1,0,4.89018,14.2374,4,0.0747455,0.247091,0.096,1
1560,1919,2,33,2,1,5.6981,13.2749,3,-0.27483,-0.0217198,0.096,1
1560,1919,2,33,3,1,6.03015,14.9222,3,0.00430848,0.27941,0.096,1
1560,1920,57,30,0,-1,6.12761,-1.19751,1,-0.398209,0.0494592,0.072,1
1560,1920,57,30,1,0,7.36334,-2.27829,3,-0.689295,-0.284193,0.072,1
1560,1920,57,30,2,0,5.64668,-0.178994,4,-0.0637622,0.185585,0.072,1
1560,1920,57,30,3,2,5.09526,-1.34447,3,-0.59018,0.411475,0.072,1
1560,1920,57,30,4,2,6.84972,-0.804726,3,-0.281169,-0.234463,0.072,1
1560,1923,2,31,0,-1,1.45986,-17.5422,1,0.721958,-0.338044,0.1,1
1560,1923,2,31,1,0,2.44333,-16.9392,4,0.284297,0.390019,0.1,1
1560,1923,2,31,2,1,1.24615,-16.4301,3,-0.0787282,-0.450269,0.1,1
1560,1923,2,31,3,1,2.08316,-18.1973,3,1.24046,0.105986,0.1,1
1560,1924,2,34,0,-1,4.6926,12.7315,1,-0.26734,-0.0799967,0.095,1
1560,1924,2,34,1,0,3.71066,13.4534,4,-0.365677,-0.0509525,0.095,1
1560,1924,2,34,2,1,3.67861,12.1964,3,-0.188276,-0.0443795,0.095,1
1560,1924,2,34,3,1,5.01507,13.5128,3,-0.400511,-0.135351,0.095,1
1560,1930,2,32,0,-1,0.256495,-6.72222,1,-0.282543,0.123574,0.099,1
1560,1930,2,32,1,0,-0.891238,-6.63396,4,-0.292052,-0.0802167,0.099,1
1560,1930,2,32,2,1,-0.188245,-7.70801,3,-0.0507117,0.0862567,0.099,1
1560,1930,2,32,3,1,0.174577,-5.87243,3,-0.42079,0.106128,0.099,1
1560,1931,2,36,0,-1,8.0157,17.272,1,0.426562,-0.234985,0.096,1
1560,1931,2,36,1,0,8.85718,16.4062,4,0.0204356,-0.639173,0.096,1
1560,1931,2,36,2,1,9.07216,17.6486,3,0.662616,-0.740405,0.096,1
1560,1931,2,36,3,1,7.54956,16.5505,3,0.0798019,-0.0628965,0.096,1
1560,1943,2,32,0,-1,0.716766,-11.1661,1,-0.00169201,0.298237,0.101,1
1560,1943,2,32,1,0,-0.053634,-12.0323,4,0.270636,0.0588011,0.101,1
1560,1943,2,32,2,1,1.21509,-12.3468,3,0.340167,0.290736,0.101,1
1560,1943,2,32,3,1,0.0983063,-10.7277,3,-0.0966323,0.112273,0.101,1
1560,1948,57,31,0,-1,6.29482,-0.394725,1,-0.129382,0.0177048,0.071,0
1560,1948,57,31,1,0,5.75636,-1.94327,3,-0.590453,0.178133,0.071,0
1560,1948,57,31,2,0,7.10722,0.403575,4,0.0341222,-0.148106,0.071,0
1560,1948,57,31,3,2,5.82787,0.598186,3,0.0718649,0.224702,0.071,0
1560,1949,2,32,0,-1,-4.81902,-10.4438,1,-0.246962,0.215139,0.097,1
1560,1949,2,32,1,0,-5.63536,-9.63724,4,-0.0431784,0.458706,0.097,1
1560,1949,2,32,2,1,-5.78905,-10.9114,3,-0.410409,0.504421,0.097,1
1560,1949,2,32,3,1,-4.33265,-9.76378,3,-0.108393,0.159596,0.097,1
1560,1950,2,32,0,-1,8.54262,-7.83919,1,-0.412222,0.10108,0.098,1
1560,1950,2,32,1,0,9.03776,-8.84214,4,0.511543,0.457747,0.098,1
1560,1950,2,32,2,1,9.12941,-7.42133,3,0.0909351,0.394354,0.098,1
1560,1950,2,32,3,1,7.93594,-8.12167,3,0.307998,0.148852,0.098,1
1560,1954,58,29,0,-1,-0.506947,2.47511,1,-0.685312,0.0597837,0.116,1
1560,1954,58,29,1,0,-1.37809,1.83834,4,-0.250977,-0.296837,0.116,1
1560,1954,58,29,2,1,-1.42837,1.13877,1,0.287136,-0.317754,0.116,1
1560,1954,58,29,3,1,0.0019547,1.54935,3,-0.192633,0.0614544,0.116,1
1560,1954,58,29,4,1,-1.25603,2.97583,3,-0.211681,-0.264237,0.116,1
1560,1956,2,31,0,-1,10.552,-7.58844,1,0.344412,0.482181,0.097,0
1560,1956,2,31,1,0,10.025,-6.54492,4,-0.260894,0.152198,0.097,0
1560,1956,2,31,2,1,9.91029,-7.87715,3,-0.0360666,0.464135,0.097,0
1560,1956,2,31,3,1,11.2852,-7.00217,3,-0.157542,0.198171,0.097,0
1560,1957,2,33,0,-1,-12.3842,-12.6558,1,-0.0524548,-0.592702,0.099,1
1560,1957,2,33,1,0,-11.8168,-13.722,4,-0.117567,-0.746769,0.099,1
1560,1957,2,33,2,1,-11.2057,-12.6262,3,0.0238446,-0.559881,0.099,1
1560,1957,2,33,3,1,-12.9738,-13.162,3,0.114719,-0.398139,0.099,1
1560,1960,2,28,0,-1,3.57629,-5.70736,1,-0.00318247,0.318044,0.091,1
1560,1960,2,28,1,0,3.18913,-4.73487,4,-0.106282,0.266162,0.091,1
1560,1960,2,28,2,1,2.59505,-6.01979,3,0.0112024,0.210197,0.091,1
1560,1960,2,28,3,1,4.23732,-5.24683,3,-0.0543769,0.390508,0.091,1
1560,1961,2,32,0,-1,-7.94378,-15.5824,1,0.313941,-0.240761,0.099,1
1560,1961,2,32,1,0,-7.0887,-16.3564,4,0.0323878,-0.402347,0.099,1
1560,1961,2,32,2,1,-6.75461,-15.06,3,0.11229,-0.347802,0.099,1
1560,1961,2,32,3,1,-8.39937,-16.2973,3,-0.000524976,0.0520249,0.099,1
1560,1963,2,33,0,-1,0.791594,-7.3358,1,-0.31221,0.100394,0.098,0
1560,1963,2,33,1,0,0.463745,-8.43332,4,-0.0226328,0.0117959,0.098,0
1560,1963,2,33,2,1,1.68414,-8.01704,3,-0.130196,0.316524,0.098,0
1560,1964,2,29,0,-1,-9.25822,8.87891,1,-0.63097,0.188901,0.092,1
1560,1964,2,29,1,0,-10.1973,8.40092,4,-0.443156,-0.167079,0.092,1
1560,1964,2,29,2,1,-8.91559,7.87219,3,-0.240381,0.345479,0.092,1
1560,1964,2,29,3,1,-9.77566,9.4967,3,-0.816481,-0.0193016,0.092,1
1560,1968,2,28,0,-1,-2.64398,9.0214,1,0.212029,0.111821,0.091,1
1560,1968,2,28,1,0,-1.66245,9.41719,4,0.198787,0.139236,0.091,1
1560,1968,2,28,2,1,-2.90558,10.0143,3,0.174225,0.0869399,0.091,1
1560,1968,2,28,3,1,-2.17875,8.36823,3,0.235239,0.119941,0.091,1
1560,1969,2,37,0,-1,3.53064,20.1108,1,-0.319679,-0.454891,0.096,1
1560,1969,2,37,1,0,2.47329,19.5331,4,-0.596831,0.0578569,0.096,1
1560,1969,2,37,2,1,3.62355,19.006,3,-0.84684,-0.502173,0.096,1
1560,1969,2,37,3,1,2.96533,20.7547,3,-0.0167861,-0.167001,0.096,1
1560,1972,2,32,0,-1,-15.2028,-12.2943,1,0.7123,0.256888,0.099,1
1560,1972,2,32,1,0,-14.2041,-12.8289,4,0.427404,-0.374053,0.099,1
1560,1972,2,32,2,1,-14.1532,-11.5206,3,1.30191,-0.40513,0.099,1
1560,1972,2,32,3,1,-15.5062,-13.1426,3,0.193243,0.431159,0.099,1
1560,1973,2,33,0,-1,1.90559,-11.7653,1,0.241845,0.307596,0.1,1
1560,1973,2,33,1,0,1.41691,-10.7208,4,-0.0983918,0.177102,0.1,1
1560,1973,2,33,2,1,0.827002,-11.8622,3,-0.0381462,0.165597,0.1,1
1560,1973,2,33,3,1,2.61855,-11.2233,3,-0.0129155,0.427205,0.1,1
1560,1974,2,29,0,-1,2.84251,-5.36495,1,-0.0527569,0.231774,0.091,0
1560,1974,2,29,1,0,2.48363,-4.37219,4,-0.049667,0.248481,0.091,0
1560,1974,2,29,2,1,1.82018,-5.57999,3,-0.084928,0.27539,0.091,0
1560,1975,2,29,0,-1,3.51787,2.72222,1,0.540204,0.165286,0.099,1
1560,1975,2,29,1,0,4.31226,1.90572,4,0.658769,0.158414,0.099,1
1560,1975,2,29,2,1,4.18018,3.16531,3,0.664899,0.108443,0.099,1
1560,1975,2,29,3,1,3.02001,2.02236,3,0.632372,-0.309429,0.099,1
1560,1976,2,29,0,-1,-3.40237,8.75194,1,0.143626,0.309912,0.092,0
1560,1977,2,36,0,-1,4.13225,16.732,1,-0.295465,-0.0599839,0.094,0
1560,1977,2,36,1,0,3.08506,16.1637,4,-0.359862,0.0740128,0.094,0
1560,1977,2,36,2,1,4.21217,15.4963,3,-0.409688,-0.146856,0.094,0
1560,1978,2,35,0,-1,5.43697,12.3873,1,-0.206077,-0.066296,0.096,0
1560,1978,2,35,1,0,6.51708,11.8302,4,-0.115311,0.0424514,0.096,0
1560,1978,2,35,2,1,6.33356,13.0675,3,-0.098693,0.0181491,0.096,0
1560,1979,2,32,0,-1,2.69637,-20.16,1,0.175905,0.280643,0.101,1
1560,1979,2,32,1,0,2.84404,-19.0271,4,0.412101,0.26302,0.101,1
1560,1979,2,32,2,1,1.73608,-19.6717,3,0.270786,0.51862,0.101,1
1560,1979,2,32,3,1,3.52668,-20.1519,3,0.230475,0.162797,0.101,1
1560,1981,2,33,0,-1,-4.01198,-10.4402,1,-0.233466,0.188399,0.098,0
1560,1981,2,33,1,0,-3.64013,-11.5037,4,-0.0772687,0.283412,0.098,0
1560,1982,2,36,0,-1,5.1222,10.0394,1,-0.304757,0.16534,0.097,0
1560,1982,2,36,1,0,6.32411,9.97416,4,-0.349453,-0.480649,0.097,0
1560,1983,2,33,0,-1,-16.6043,-12.4041,1,-0.492075,0.330589,0.098,1
1560,1983,2,33,1,0,-17.6667,-11.9114,4,-0.33743,0.498874,0.098,1
1560,1983,2,33,2,1,-17.9174,-13.1905,3,-0.745624,0.527448,0.098,1
1560,1983,2,33,3,1,-16.6196,-11.0541,3,0.564401,-0.620642,0.098,1
1560,1985,58,30,0,-1,0.244467,2.58616,1,-0.738671,-0.102323,0.115,0
1560,1985,58,30,1,0,0.699332,1.62476,4,-0.633858,-0.0209423,0.115,0
1560,1985,58,30,2,1,1.39622,1.53962,1,-0.682232,0.33147,0.115,0
1560,1985,58,30,3,1,0.915365,2.99051,3,-0.286062,-0.120111,0.115,0
1560,1987,2,30,0,-1,3.01249,3.37673,1,0.0831783,-0.247592,0.1,0
1560,1987,2,30,1,0,2.30709,4.28544,4,0.301503,-0.113146,0.1,0
1560,1987,2,30,2,1,2.29033,3.00704,3,-0.156917,-0.17753,0.1,0
1560,1988,2,32,0,-1,-8.1698,-7.89826,1,-0.158703,0.552172,0.098,0
1560,1988,2,32,1,0,-7.03288,-8.07538,4,-0.3548,-0.0486651,0.098,0
1560,1988,2,32,2,1,-7.79738,-7.05506,3,0.364244,0.67802,0.098,0
1560,1989,2,34,0,-1,-11.7144,-12.9755,1,-0.224195,-0.852576,0.098,0
1560,1989,2,34,1,0,-10.7258,-13.5114,4,0.223828,-0.320182,0.098,0
1560,1989,2,34,2,1,-10.5923,-12.1772,3,0.922558,-0.493938,0.098,0
1560,1990,2,32,0,-1,-0.701133,-13.642,1,-0.337929,-0.192272,0.097,0
1560,1990,2,32,1,0,0.403298,-13.1801,4,-0.334874,-0.600492,0.097,0
1590,1526,2,28,0,-1,-9.83256,7.19237,1,0.598058,-0.280048,0.098,1
1590,1526,2,28,1,0,-8.64075,7.05947,4,0.588307,0.0824005,0.098,1
1590,1526,2,28,2,1,-9.04163,8.30953,3,-0.126426,-0.052909,0.098,1
1590,1526,2,28,3,1,-9.54347,6.10364,3,0.757583,-0.145107,0.098,1
1590,1620,2,27,0,-1,-2.55068,19.9802,1,-0.233184,-0.217369,0.092,1
1590,1620,2,27,1,0,-3.49538,19.5166,4,-0.331688,0.00188587,0.092,1
1590,1620,2,27,3,1,-3.04211,20.6005,3,-0.0716128,-0.102948,0.092,1
1590,1804,2,32,0,-1,5.15713,-0.213728,1,-0.373136,-0.208537,0.094,1
1590,1804,2,32,1,0,4.3316,-0.968867,4,-0.291069,-0.205697,0.094,1
1590,1804,2,32,2,1,5.58507,-1.03816,3,-0.30541,0.0988499,0.094,1
1590,1804,2,32,3,1,4.58405,0.318846,3,-0.321585,-0.122761,0.094,1
1590,1816,2,31,0,-1,-0.110052,-16.1419,1,-0.348191,-0.357138,0.096,1
1590,1816,2,31,1,0,-1.24176,-16.25,4,-0.411581,0.224283,0.096,1
1590,1816,2,31,2,1,-0.510606,-17.2924,3,-0.854242,0.0233365,0.096,1
1590,1816,2,31,3,1,-0.382295,-15.259,3,0.155945,-0.252746,0.096,1
1590,1858,2,35,0,-1,6.49309,5.10365,1,0.295338,-0.303153,0.096,1
1590,1858,2,35,1,0,7.6539,4.79004,4,0.440384,0.198047,0.096,1
1590,1858,2,35,2,1,7.07228,5.91733,3,0.132479,0.0435486,0.096,1
1590,1858,2,35,3,1,6.50141,4.15503,3,0.810996,-0.504497,0.096,1
1590,1880,2,31,0,-1,-12.655,-10.9998,1,0.142146,-0.0393965,0.098,1
1590,1880,2,31,1,0,-11.5322,-10.8186,4,0.158669,-0.501963,0.098,1
1590,1880,2,31,2,1,-12.5555,-9.97672,3,0.485934,-0.333679,0.098,1
1590,1880,2,31,3,1,-12.4382,-11.7686,3,-0.261454,-0.107321,0.098,1
1590,1882,2,28,0,-1,-1.05516,2.67225,1,-0.350988,0.380098,0.091,1
1590,1882,2,28,1,0,-0.615968,3.7159,4,0.126929,0.174834,0.091,1
1590,1882,2,28,2,1,-1.98777,3.52687,3,0.0282543,0.813075,0.091,1
1590,1882,2,28,3,1,-0.258394,2.57657,3,-0.391675,0.00774266,0.091,1
1590,1915,2,31,0,-1,14.2533,-19.3882,1,0.373295,-0.245951,0.098,1
1590,1915,2,31,1,0,15.0883,-20.169,4,0.272249,-0.350623,0.098,1
1590,1915,2,31,2,1,15.1484,-18.7736,3,0.415157,-0.337663,0.098,1
1590,1915,2,31,3,1,13.7822,-20.068,3,0.269527,-0.177227,0.098,1
1590,1917,2,33,0,-1,10.6135,-6.10857,1,-0.314602,0.425277,0.094,1
1590,1917,2,33,1,0,9.5192,-5.8606,4,-0.423076,-0.0300735,0.094,1
1590,1917,2,33,2,1,10.1943,-6.93632,3,-0.0385618,0.204854,0.094,1
1590,1917,2,33,3,1,10.6255,-5.16594,3,-0.764983,0.524852,0.094,1
1590,1923,2,31,0,-1,2.67549,-13.1918,1,-0.48393,0.149236,0.1,1
1590,1923,2,31,1,0,1.75786,-12.4989,4,-0.361054,0.24966,0.1,1
1590,1923,2,31,2,1,1.8487,-13.7881,3,-0.320616,0.172669,0.1,1
1590,1923,2,31,3,1,3.05123,-12.4195,3,-0.339112,-0.0684012,0.1,1
1590,1931,2,36,0,-1,11.2825,12.0953,1,0.737985,-0.53076,0.096,1
1590,1931,2,36,1,0,12.429,12.51,4,0.48958,0.230183,0.096,1
1590,1931,2,36,2,1,11.3803,13.2408,3,-0.0566057,-0.609035,0.096,1
1590,1931,2,36,3,1,11.9507,11.2971,3,1.15562,-0.00636567,0.096,1
1590,1943,2,32,0,-1,-3.39613,-11.2127,1,-0.2418,-0.234634,0.101,1
1590,1943,2,32,1,0,-4.44468,-11.6457,4,-0.322119,-0.0561355,0.101,1
1590,1943,2,32,2,1,-3.31819,-12.2745,3,-0.43724,-0.213051,0.101,1
1590,1943,2,32,3,1,-3.75926,-10.4796,3,-0.123741,-0.160649,0.101,1
1590,1950,2,32,0,-1,9.62626,-9.56717,1,-0.54765,-0.562071,0.098,1
1590,1950,2,32,1,0,9.95016,-10.6749,4,0.22838,-0.337426,0.098,1
1590,1950,2,32,2,1,10.8601,-9.5907,3,-0.561837,0.338682,0.098,1
1590,1950,2,32,3,1,8.79339,-10.0555,3,-0.232361,-1.18119,0.098,1
1590,1954,58,29,0,-1,-1.50367,-3.25679,1,-0.0316726,-0.246921,0.116,1
1590,1954,58,29,1,0,-1.78846,-4.31431,4,-0.0203107,-0.251665,0.116,1
1590,1954,58,29,2,1,-1.30024,-4.84279,1,-0.0271251,-0.259487,0.116,1
1590,1954,58,29,3,1,-0.570496,-3.66558,3,-0.0186061,-0.245366,0.116,1
1590,1954,58,29,4,1,-2.31255,-3.27034,3,-0.0289263,-0.257261,0.116,1
1590,1957,2,33,0,-1,-9.91321,-13.5178,1,0.581766,0.155307,0.099,1
1590,1957,2,33,1,0,-8.76202,-13.4404,4,0.57038,0.472243,0.099,1
1590,1957,2,33,2,1,-9.66835,-12.5279,3,0.313858,0.212539,0.099,1
1590,1957,2,33,3,1,-9.72124,-14.3127,3,0.815624,0.170555,0.099,1
1590,1960,2,28,0,-1,6.05174,2.76981,1,0.150622,-0.379897,0.091,1
1590,1960,2,28,1,0,6.20671,1.74462,4,0.119174,-0.37522,0.091,1
1590,1960,2,28,3,1,5.28507,2.44203,3,0.145872,-0.306956,0.091,1
1590,1961,2,32,0,-1,-3.90261,-13.937,1,-0.323228,-0.202206,0.099,1
1590,1961,2,32,1,0,-4.48084,-14.9477,4,-0.376785,-0.182958,0.099,1
1590,1961,2,32,2,1,-3.19505,-14.7086,3,-0.358233,-0.154954,0.099,1
1590,1961,2,32,3,1,-4.67638,-13.6565,3,-0.222484,-0.189866,0.099,1
1590,1964,2,29,0,-1,-8.85156,11.0868,1,0.370443,-0.170747,0.092,1
1590,1964,2,29,1,0,-8.10628,11.8269,4,0.367921,0.0871565,0.092,1
1590,1964,2,29,2,1,-9.47959,11.9413,3,0.502786,-0.315704,0.092,1
1590,1964,2,29,3,1,-8.17432,10.5997,3,0.400504,-0.130184,0.092,1
1590,1968,2,28,0,-1,4.43852,1.80343,1,-0.297547,-0.49139,0.091,1
1590,1968,2,28,1,0,3.90907,0.891257,4,-0.680423,-0.151434,0.091,1
1590,1968,2,28,2,1,5.28329,1.1395,3,-0.390081,-1.41357,0.091,1
1590,1968,2,28,3,1,3.65904,2.04286,3,-0.0868413,0.0649965,0.091,1
1590,1974,2,29,0,-1,6.7671,2.3744,1,0.190589,-0.24102,0.091,0
1590,1974,2,29,1,0,6.73275,1.30198,4,0.3282,-0.212632,0.091,0
1590,1974,2,29,2,1,7.68017,2.28133,3,0.129244,-0.0308279,0.091,0
1590,1975,2,29,0,-1,16.3327,9.92911,1,-0.160145,0.193438,0.099,1
1590,1975,2,29,1,0,15.2454,10.2686,4,-0.289128,-0.214643,0.099,1
1590,1975,2,29,2,1,15.7784,9.04126,3,0.115279,-0.138817,0.099,1
1590,1975,2,29,3,1,16.4723,10.6877,3,-0.392693,0.0222914,0.099,1
1590,1980,2,30,0,-1,-19.4357,13.6232,1,-0.0408914,0.279253,0.091,1
1590,1980,2,30,1,0,-20.0943,14.4535,4,-0.16794,0.169708,0.091,1
1590,1980,2,30,2,1,-20.34,13.0953,3,0.0837526,0.113231,0.091,1
1590,1980,2,30,3,1,-18.899,14.2033,3,-0.136008,0.355306,0.091,1
1590,1983,2,33,0,-1,-18.5661,-6.20069,1,-0.314293,0.0753077,0.098,1
1590,1983,2,33,1,0,-19.6876,-6.38567,4,-0.276694,-0.0429121,0.098,1
1590,1983,2,33,2,1,-18.7065,-7.22608,3,-0.153785,0.0786939,0.098,1
1590,1983,2,33,3,1,-18.7941,-5.41815,3,-0.354865,0.0278769,0.098,1
1590,1985,58,30,0,-1,0.987144,0.698789,1,-0.406677,0.429662,0.115,1
1590,1985,58,30,1,0,1.27359,1.72957,4,-0.0106072,0.336066,0.115,1
1590,1985,58,30,2,1,0.770314,2.24962,1,0.183619,0.540465,0.115,1
1590,1985,58,30,3,1,-0.0212321,1.2784,3,-0.170403,0.765642,0.115,1
1590,1985,58,30,4,1,1.76045,0.590515,3,-0.461262,0.128707,0.115,1
1590,1987,2,30,0,-1,-3.27967,10.4221,1,-0.39659,0.232397,0.1,1
1590,1987,2,30,1,0,-4.3676,10.0412,4,-0.233218,-0.201835,0.1,1
1590,1987,2,30,2,1,-3.27146,9.37925,3,-0.0155936,0.194909,0.1,1
1590,1987,2,30,3,1,-3.71427,11.1803,3,-0.477616,-0.0628207,0.1,1
1590,1988,2,32,0,-1,-11.7792,-9.10816,1,-0.215239,-0.0541432,0.098,1
1590,1988,2,32,1,0,-11.9498,-10.2854,4,0.640782,-0.0566777,0.098,1
1590,1988,2,32,2,1,-10.7782,-9.74037,3,0.414902,0.748458,0.098,1
1590,1988,2,32,3,1,-12.8714,-9.30978,3,0.0630973,-0.498248,0.098,1
1590,1989,2,34,0,-1,-3.30033,-18.114,1,0.173942,-0.182759,0.098,1
1590,1989,2,34,1,0,-3.46697,-19.2842,4,-0.1869,-0.14132,0.098,1
1590,1989,2,34,2,1,-2.19045,-18.9659,3,-0.108065,-0.536876,0.098,1
1590,1989,2,34,3,1,-4.16221,-18.1425,3,0.134562,0.0423006,0.098,1
1590,1990,2,32,0,-1,-2.58765,-15.7089,1,-0.33337,-0.31264,0.097,1
1590,1990,2,32,1,0,-3.22249,-16.7208,4,-0.393518,-0.24613,0.097,1
1590,1990,2,32,2,1,-1.95543,-16.5551,3,-0.351328,-0.305513,0.097,1
1590,1990,2,32,3,1,-3.47572,-15.429,3,-0.317867,-0.214189,0.097,1
1590,1995,2,29,0,-1,-1.24538,3.40703,1,-0.0116651,0.47214,0.092,0
1590,1995,2,29,1,0,-0.128495,3.35394,4,-0.0364432,-0.094835,0.092,0
1590,1995,2,29,2,1,-1.17043,4.29827,7,0.448786,0.439773,0.092,0
1590,1996,58,31,0,-1,1.6444,1.2216,1,-0.191275,0.147865,0.115,0
1590,1996,58,31,1,0,1.81644,2.32159,4,0.563864,0.00750705,0.115,0
1590,1997,2,31,0,-1,-2.49672,10.1986,1,-0.27239,0.72348,0.101,0
1590,1998,2,35,0,-1,-2.58873,-18.3792,1,0.0931392,-0.405796,0.097,0
1590,1998,2,35,1,0,-3.71224,-18.6854,4,-0.0195504,-0.0384319,0.097,0
1590,1998,2,35,2,1,-2.755,-19.5515,3,-0.384457,-0.404679,0.097,0
1590,2001,2,34,0,-1,17.2974,-15.7738,1,0.305692,0.648608,0.095,1
1590,2001,2,34,1,0,16.3672,-15.1389,4,-0.105201,0.0587694,0.095,1
1590,2001,2,34,2,1,16.4125,-16.4122,3,0.712828,0.136086,0.095,1
1590,2001,2,34,3,1,17.6524,-14.811,3,-0.311314,0.712978,0.095,1
1590,2004,2,33,0,-1,5.95065,-0.247521,1,-0.4131,-0.0437664,0.093,0
1590,2006,2,31,0,-1,-21.0292,10.6026,1,-0.276345,0.353359,0.09,1
1590,2006,2,31,1,0,-21.981,11.0242,4,-0.317432,0.245101,0.09,1
1590,2006,2,31,2,1,-21.435,9.71955,3,-0.146116,0.316569,0.09,1
1590,2006,2,31,3,1,-20.8028,11.3528,3,-0.332756,0.336266,0.09,1
1590,2007,2,34,0,-1,-17.8196,-6.48709,1,-0.29501,0.173218,0.097,0
1590,2009,2,37,0,-1,10.2685,13.4843,1,-0.128257,0.238194,0.097,1
1590,2009,2,37,1,0,9.17459,14.0331,4,0.0386322,0.468677,0.097,1
1590,2009,2,37,2,1,9.0969,12.7605,3,0.281538,0.460058,0.097,1
1590,2009,2,37,3,1,10.4086,14.4463,3,0.164138,0.210928,0.097,1
1590,2011,2,33,0,-1,-6.73629,-13.1919,1,-0.482104,0.264975,0.1,1
1590,2011,2,33,1,0,-7.83643,-13.1059,4,-0.488074,-0.00279691,0.1,1
1590,2011,2,33,2,1,-7.19833,-14.2415,3,-0.626135,-0.136771,0.1,1
1590,2011,2,33,3,1,-6.75907,-12.2467,3,-0.501368,-0.0469843,0.1,1
1590,2012,2,33,0,-1,-3.09796,-13.8379,1,-0.327463,-0.2247,0.099,0
1590,2012,2,33,1,0,-3.83552,-14.6963,4,-0.38735,-0.166879,0.099,0
1590,2012,2,33,2,1,-2.51975,-14.6809,3,-0.348151,-0.328739,0.099,0
1590,2014,2,30,0,-1,13.4493,9.659,1,0.23202,0.300315,0.098,1
1590,2014,2,30,1,0,14.4145,10.2907,4,0.48012,0.0327066,0.098,1
1590,2014,2,30,2,1,13.2098,10.6946,3,0.58999,0.313384,0.098,1
1590,2014,2,30,3,1,13.9902,9.00403,3,0.346325,0.097173,0.098,1
1590,2015,2,32,0,-1,-16.6363,-11.1503,1,-0.24398,0.257865,0.099,1
1590,2015,2,32,1,0,-16.9523,-10.0515,4,-0.148915,0.262814,0.099,1
1590,2015,2,32,2,1,-17.5885,-11.1636,3,-0.344688,0.358865,0.099,1
1590,2015,2,32,3,1,-15.8689,-10.7857,3,-0.28352,0.036786,0.099,1
1590,2016,2,33,0,-1,-14.1275,-7.58033,1,0.0307632,-0.446392,0.099,1
1590,2016,2,33,1,0,-13.4684,-8.51942,4,0.131864,-0.362079,0.099,1
1590,2016,2,33,2,1,-13.1869,-7.26434,3,-0.100428,-0.300867,0.099,1
1590,2016,2,33,3,1,-14.727,-8.18626,3,0.101459,-0.456302,0.099,1
1590,2018,2,33,0,-1,-2.38921,-16.8898,1,-0.357422,-0.266019,0.098,1
1590,2018,2,33,1,0,-1.81871,-15.8289,4,-0.492377,-0.148404,0.098,1
1590,2018,2,33,2,1,-3.08231,-16.0735,3,-0.417723,-0.261139,0.098,1
1590,2018,2,33,3,1,-1.31591,-17.0497,3,-0.174053,0.0014341,0.098,1
1590,2020,2,31,0,-1,-19.2619,12.836,1,-0.0811174,0.276799,0.09,0
1590,2020,2,31,1,0,-19.2943,11.7852,4,-0.123805,0.281496,0.09,0
1590,2021,2,32,0,-1,-21.7919,10.3061,1,-0.199837,0.20148,0.09,0
1590,2021,2,32,1,0,-22.7562,10.7259,4,-0.250215,-0.00587325,0.09,0
1590,2021,2,32,2,1,-22.3963,9.39023,3,-0.00630287,0.0445197,0.09,0
1590,2023,2,34,0,-1,-14.5175,-6.87207,1,0.412844,-0.233151,0.098,0
1590,2024,2,34,0,-1,7.5802,-4.75423,1,-0.694254,0.509586,0.095,1
1590,2024,2,34,1,0,6.47235,-4.94092,4,-0.682311,0.0149291,0.095,1
1590,2024,2,34,2,1,7.48663,-5.72942,3,-0.0604412,0.562436,0.095,1
1590,2024,2,34,3,1,7.22766,-3.87092,3,-0.936486,0.195218,0.095,1
1590,2025,2,31,0,-1,14.2229,9.62568,1,0.171731,0.115945,0.097,0
1590,2025,2,31,1,0,15.3261,9.62778,4,0.247663,0.319502,0.097,0
1590,2027,2,29,0,-1,-9.81926,8.00642,1,0.277264,-0.295818,0.097,0
1590,2027,2,29,1,0,-10.5964,7.17031,4,0.63345,-0.658683,0.097,0
1590,2027,2,29,2,1,-9.28789,7.3075,3,0.57654,0.0470296,0.097,0
1590,2028,2,30,0,-1,15.5432,12.3003,1,-0.37689,0.868307,0.099,1
1590,2028,2,30,1,0,14.9205,13.2539,4,-0.242157,0.958147,0.099,1
1590,2028,2,30,2,1,14.6342,11.9929,3,-0.0261894,0.925561,0.099,1
1590,2028,2,30,3,1,16.1824,12.9288,3,-0.379369,0.638825,0.099,1
1590,2029,2,33,0,-1,-4.1782,-11.0023,1,-0.200322,-0.102509,0.1,0
1590,2030,2,30,0,-1,-8.0806,11.2895,1,0.203679,0.0752172,0.093,0
1590,2030,2,30,1,0,-7.06989,11.5316,4,0.291809,0.734093,0.093,0
1590,2030,2,30,2,1,-7.981,12.6283,3,0.922866,0.922593,0.093,0
1590,2032,2,33,0,-1,-12.3472,-9.55391,1,-0.120635,0.0656984,0.098,0
1590,2032,2,33,1,0,-13.1559,-10.3939,4,0.210843,-0.0470022,0.098,0
1590,2035,2,34,0,-1,-7.28261,-12.5737,1,-0.569159,0.25914,0.1,0
1590,2035,2,34,1,0,-8.35215,-12.1892,4,-0.507477,0.42258,0.1,0
1590,2037,2,34,0,-1,-10.6716,-13.7999,1,0.542745,0.235318,0.1,0
1590,2039,2,35,0,-1,6.9391,-5.2303,1,-0.608653,0.468734,0.094,0
1620,1526,2,28,0,-1,-8.91931,9.80206,1,0.281482,0.468209,0.098,1
1620,1526,2,28,1,0,-8.74804,10.9522,4,-0.13054,0.535466,0.098,1
1620,1526,2,28,2,1,-9.94821,10.4615,3,0.047288,0.0694409,0.098,1
1620,1526,2,28,3,1,-7.91093,9.95172,3,0.234412,0.820574,0.098,1
1620,1804,2,32,0,-1,-4.72828,-11.2358,1,-0.322929,-0.649321,0.094,1
1620,1804,2,32,1,0,-3.92729,-12.0251,4,0.149979,-0.157058,0.094,1
1620,1804,2,32,2,1,-3.78883,-10.7546,3,-0.696919,-0.0644857,0.094,1
1620,1804,2,32,3,1,-5.24699,-12.0886,3,0.207497,-0.822542,0.094,1
1620,1816,2,31,0,-1,-0.208243,-15.704,1,0.0085327,-0.393558,0.096,1
1620,1816,2,31,1,0,-0.377253,-16.8473,4,0.17019,-0.390588,0.096,1
1620,1816,2,31,2,1,0.712808,-16.1301,3,-0.0924869,0.0313075,0.096,1
1620,1816,2,31,3,1,-1.03197,-15.689,3,-0.171304,-0.546847,0.096,1
1620,1880,2,31,0,-1,-16.8237,-19.4789,1,-0.083296,-0.430411,0.098,1
1620,1880,2,31,1,0,-17.6708,-20.2556,4,-0.407441,-0.0743283,0.098,1
1620,1880,2,31,2,1,-16.4151,-20.531,3,-0.523962,-0.645449,0.098,1
1620,1880,2,31,3,1,-17.4686,-18.9552,3,0.134357,-0.15382,0.098,1
1620,1917,2,33,0,-1,16.2191,0.49932,1,-0.492247,0.0581138,0.094,1
1620,1917,2,33,1,0,15.0806,0.451821,4,-0.434311,0.180863,0.094,1
1620,1917,2,33,2,1,15.7962,-0.571684,3,-0.41806,0.100155,0.094,1
1620,1917,2,33,3,1,16.0979,1.26162,3,-0.348852,0.191867,0.094,1
1620,1923,2,31,0,-1,-1.38268,-12.9178,1,-0.381291,0.367975,0.1,1
1620,1923,2,31,1,0,-2.48349,-12.5915,4,-0.484752,-0.0418021,0.1,1
1620,1923,2,31,2,1,-2.01104,-13.7806,3,-0.288932,0.0317051,0.1,1
1620,1923,2,31,3,1,-1.25739,-12.1266,3,-0.575482,0.285423,0.1,1
1620,1931,2,36,0,-1,8.704,9.14742,1,-0.484454,-0.352661,0.096,1
1620,1931,2,36,1,0,8.70677,7.94373,4,-0.323204,-0.345803,0.096,1
1620,1931,2,36,2,1,9.6631,8.79647,3,-0.427794,-0.210427,0.096,1
1620,1931,2,36,3,1,7.85093,8.91206,3,-0.476719,-0.481014,0.096,1
1620,1943,2,32,0,-1,1.74053,-11.0373,1,0.442394,-0.191662,0.101,1
1620,1943,2,32,1,0,2.20499,-12.0474,4,0.072501,-0.320719,0.101,1
1620,1943,2,32,2,1,2.71893,-10.8534,3,0.383452,-0.439058,0.101,1
1620,1943,2,32,3,1,0.902996,-11.6519,3,0.203878,0.197573,0.101,1
1620,1950,2,32,0,-1,11.2101,-8.13055,1,-0.00858187,0.364541,0.098,1
1620,1950,2,32,1,0,12.3913,-7.82356,4,-0.0224489,0.33277,0.098,1
1620,1950,2,32,2,1,11.1959,-7.09805,3,0.0937025,0.496114,0.098,1
1620,1950,2,32,3,1,11.8817,-9.0065,3,-0.328912,0.287058,0.098,1
1620,1957,2,33,0,-1,-5.43934,-7.77284,1,0.404519,-0.0896694,0.099,1
1620,1957,2,33,1,0,-4.2968,-7.63326,4,0.37423,0.248187,0.099,1
1620,1957,2,33,2,1,-5.16883,-6.69182,3,0.273217,0.163502,0.099,1
1620,1957,2,33,3,1,-5.17496,-8.59891,3,0.658924,-0.00359832,0.099,1
1620,1964,2,29,0,-1,-14.763,16.7012,1,0.133429,-0.483222,0.092,1
1620,1964,2,29,1,0,-14.4722,15.6662,4,0.195379,-0.43208,0.092,1
1620,1964,2,29,2,1,-13.6447,16.8126,3,0.0828811,-0.338051,0.092,1
1620,1964,2,29,3,1,-15.4601,16.2596,3,0.260858,-0.318565,0.092,1
1620,1968,2,28,0,-1,0.753035,5.68746,1,0.308173,0.301216,0.091,1
1620,1968,2,28,1,0,1.67556,6.16071,4,0.195166,0.522635,0.091,1
1620,1968,2,28,2,1,0.382307,6.65629,3,0.106628,0.293527,0.091,1
1620,1968,2,28,3,1,1.1926,5.04016,3,0.413933,0.430661,0.091,1
1620,1975,2,29,0,-1,13.882,5.9074,1,-0.304136,-0.253625,0.099,1
1620,1975,2,29,1,0,13.2422,4.95079,4,-0.120671,-0.36687,0.099,1
1620,1975,2,29,2,1,14.5197,5.10424,3,-0.148663,-0.0858278,0.099,1
1620,1975,2,29,3,1,13.1162,6.24677,3,-0.345338,-0.379273,0.099,1
1620,1985,58,30,0,-1,6.98631,2.30114,1,0.343165,-0.564023,0.115,1
1620,1985,58,30,1,0,6.46748,1.34187,4,-0.216406,-0.229102,0.115,1
1620,1985,58,30,2,1,6.8566,0.714631,1,-0.627845,-0.491942,0.115,1
1620,1985,58,30,3,1,7.82624,1.50748,3,-0.100043,-0.999545,0.115,1
1620,1985,58,30,4,1,6.21751,2.56127,3,0.519852,-0.0594618,0.115,1
1620,1987,2,30,0,-1,-15.8767,8.81157,1,0.288377,-0.259166,0.1,1
1620,1987,2,30,1,0,-14.7983,9.19851,4,0.341401,-0.341139,0.1,1
1620,1987,2,30,2,1,-15.8786,9.86827,3,0.349722,-0.355782,0.1,1
1620,1987,2,30,3,1,-15.4746,8.07372,3,0.237988,-0.256684,0.1,1
1620,1988,2,32,0,-1,-10.3304,-6.85976,1,0.319776,0.0419056,0.098,1
1620,1988,2,32,1,0,-9.4573,-6.11252,4,0.082426,0.296195,0.098,1
1620,1988,2,32,2,1,-10.701,-5.7648,3,-0.034708,-0.0665667,0.098,1
1620,1988,2,32,3,1,-9.65455,-7.40992,3,0.539263,0.22199,0.098,1
1620,1990,2,32,0,-1,-1.62907,-17.7839,1,-0.278687,0.0818351,0.097,1
1620,1990,2,32,1,0,-2.76877,-17.703,4,-0.307925,-0.350376,0.097,1
1620,1990,2,32,2,1,-2.00928,-18.7388,3,-0.0415355,-0.166546,0.097,1
1620,1990,2,32,3,1,-1.65858,-16.9665,3,-0.592742,0.0997783,0.097,1
1620,1996,58,31,0,-1,6.24452,1.95364,1,0.0822467,-0.081402,0.115,0
1620,1996,58,31,1,0,5.17564,1.73969,4,0.0684841,-0.0739113,0.115,0
1620,1996,58,31,2,1,4.9173,1.06591,1,0.0541827,-0.0728313,0.115,0
1620,2001,2,34,0,-1,14.907,-4.16761,1,-0.279407,0.0436063,0.095,1
1620,2001,2,34,1,0,13.8761,-3.74164,4,-0.209962,0.231035,0.095,1
1620,2001,2,34,2,1,14.3835,-4.90464,3,-0.415531,0.126162,0.095,1
1620,2001,2,34,3,1,15.12,-3.33475,3,-0.179282,0.0688403,0.095,1
1620,2011,2,33,0,-1,-8.03778,-0.753894,1,-0.235444,0.19743,0.1,1
1620,2011,2,33,1,0,-9.0703,-0.265906,4,-0.335158,0.0658856,0.1,1
1620,2011,2,33,2,1,-8.72784,-1.511,3,-0.109946,0.141102,0.1,1
1620,2011,2,33,3,1,-7.80234,0.0340589,3,-0.390332,0.296711,0.1,1
1620,2014,2,30,0,-1,14.1467,8.91323,1,0.251517,-0.327153,0.098,1
1620,2014,2,30,1,0,15.3027,9.03083,4,0.182312,0.163116,0.098,1
1620,2014,2,30,2,1,14.4474,10.0052,3,-0.219636,-0.173164,0.098,1
1620,2014,2,30,3,1,14.5813,7.87788,3,0.614989,-0.110792,0.098,1
1620,2016,2,33,0,-1,-15.6854,-13.909,1,0.255352,-1.00935,0.099,1
1620,2016,2,33,1,0,-14.5292,-13.9056,4,0.253697,-0.168277,0.099,1
1620,2016,2,33,2,1,-15.1865,-12.7758,3,-0.594223,-0.64698,0.099,1
1620,2016,2,33,3,1,-15.4427,-14.8537,3,1.0403,-0.942801,0.099,1
1620,2023,2,34,0,-1,-12.6278,-8.23071,1,0.461656,0.32229,0.098,1
1620,2023,2,34,1,0,-12.3711,-7.08212,4,0.0226713,0.57348,0.098,1
1620,2023,2,34,2,1,-13.677,-7.32218,3,0.263814,0.0101939,0.098,1
1620,2023,2,34,3,1,-11.6509,-8.17475,3,0.701977,1.18114,0.098,1
1620,2024,2,34,0,-1,1.16901,-9.52581,1,-0.00106512,-0.23869,0.095,1
1620,2024,2,34,1,0,1.96063,-10.301,4,0.203422,-0.0109038,0.095,1
1620,2024,2,34,2,1,2.04258,-8.98486,3,-0.132854,0.0199695,0.095,1
1620,2024,2,34,3,1,0.632626,-10.205,3,0.224424,-0.134614,0.095,1
1620,2025,2,31,0,-1,14.8005,8.50919,1,0.420821,-0.0777619,0.097,0
1620,2025,2,31,1,0,13.6777,8.24582,4,0.535747,-0.561591,0.097,0
1620,2028,2,30,0,-1,7.41162,8.2054,1,-0.184881,-0.374968,0.099,1
1620,2028,2,30,1,0,6.57791,7.44498,4,-0.423955,-0.130566,0.099,1
1620,2028,2,30,2,1,7.77937,6.99591,3,-0.647593,-0.806236,0.099,1
1620,2028,2,30,3,1,6.81011,8.78046,3,0.0228687,-0.192451,0.099,1
1620,2029,2,33,0,-1,-2.82069,-16.0509,1,-0.210102,-0.133581,0.1,1
1620,2029,2,33,1,0,-2.34073,-17.0721,4,-0.374479,-0.192372,0.1,1
1620,2029,2,33,2,1,-1.88439,-15.869,3,-0.360496,-0.168326,0.1,1
1620,2029,2,33,3,1,-3.50676,-16.4952,3,-0.307806,-0.0468462,0.1,1
1620,2030,2,30,0,-1,-13.0557,12.8074,1,-0.434746,0.401697,0.093,1
1620,2030,2,30,1,0,-12.3562,13.5962,4,-0.063482,0.0645858,0.093,1
1620,2030,2,30,2,1,-13.7412,13.557,3,-0.0767389,0.516379,0.093,1
1620,2030,2,30,3,1,-12.3603,12.4243,3,-0.648475,0.0832197,0.093,1
1620,2032,2,33,0,-1,-11.8447,-10.9861,1,-0.446145,-0.612059,0.098,1
1620,2032,2,33,1,0,-12.4506,-11.953,4,-0.30998,-0.677017,0.098,1
1620,2032,2,33,2,1,-11.158,-11.8657,3,-0.291785,-0.604309,0.098,1
1620,2032,2,33,3,1,-12.7569,-10.672,3,0.0881468,-0.589712,0.098,1
1620,2035,2,34,0,-1,-2.14389,1.40961,1,0.337173,0.395491,0.1,1
1620,2035,2,34,1,0,-2.024,2.54557,4,0.0999524,0.429428,0.1,1
1620,2035,2,34,2,1,-3.12065,1.89073,3,0.238365,0.251297,0.1,1
1620,2035,2,34,3,1,-1.3287,1.42569,3,0.307096,0.574899,0.1,1
1620,2037,2,34,0,-1,-5.8208,-7.0656,1,0.142682,-0.24137,0.1,0
1620,2039,2,35,0,-1,1.95874,-9.6392,1,0.0328909,0.0166345,0.094,0
1620,2041,2,31,0,-1,18.4515,16.4443,1,-0.353652,-0.0742484,0.1,1
1620,2041,2,31,1,0,17.5671,15.7233,4,-0.466682,0.0649926,0.1,1
1620,2041,2,31,2,1,18.8248,15.4795,3,-0.502077,-0.147488,0.1,1
1620,2041,2,31,3,1,17.86,17.0061,3,-0.281817,0.0240905,0.1,1
1620,2045,2,29,0,-1,1.55886,5.51059,1,0.368551,0.498485,0.092,0
1620,2046,2,32,0,-1,-16.548,-18.7201,1,-0.22407,-0.380652,0.098,0
1620,2047,2,33,0,-1,12.4605,-8.74937,1,-0.0829525,-0.0903494,0.099,1
1620,2047,2,33,1,0,11.2631,-8.96614,4,-0.104748,0.0643507,0.099,1
1620,2047,2,33,2,1,12.0254,-10.2195,3,-0.63235,-0.243715,0.099,1
1620,2047,2,33,3,1,11.7876,-7.69475,3,0.0795039,0.0126441,0.099,1
1620,2049,2,30,0,-1,14.4393,6.49765,1,0.0371739,-0.575528,0.099,0
1620,2050,2,34,0,-1,-9.66485,-9.14335,1,0.75166,-0.314869,0.097,1
1620,2050,2,34,1,0,-9.17559,-10.1878,4,0.00486538,-0.679687,0.097,1
1620,2050,2,34,2,1,-8.34195,-9.20382,3,0.469411,-1.111,0.097,1
1620,2050,2,34,3,1,-10.3842,-9.62882,3,0.554751,0.512816,0.097,1
1620,2053,2,37,0,-1,9.89357,7.26446,1,-0.0723925,-0.156691,0.096,1
1620,2053,2,37,1,0,8.78215,6.81269,4,0.029306,-0.49357,0.096,1
1620,2053,2,37,2,1,9.92652,6.25747,3,0.162511,-0.150625,0.096,1
1620,2053,2,37,3,1,9.42963,7.95059,3,-0.349139,-0.30022,0.096,1
1620,2056,2,33,0,-1,-11.0518,-7.21852,1,0.360273,-0.0114248,0.099,0
1620,2059,2,29,0,-1,-9.69889,9.5234,1,0.482942,-0.240316,0.099,0
1620,2059,2,29,1,0,-10.8489,9.55798,4,0.450869,-0.100685,0.099,0
1620,2060,59,38,0,-1,10.6694,7.06247,1,-0.0355233,-0.11221,0.071,0
1620,2061,2,34,0,-1,-7.38845,-1.22073,1,-0.218774,0.176739,0.101,0
1620,2062,2,31,0,-1,6.59576,8.10189,1,-0.230841,-0.150647,0.1,0
1620,2062,2,31,1,0,5.46332,8.2861,4,-0.215166,0.0312953,0.1,0
1620,2062,2,31,2,1,5.93158,7.07289,3,-0.587273,-0.123456,0.1,0
1620,2066,2,34,0,-1,12.7758,-5.9219,1,-0.431666,0.0745735,0.094,1
1620,2066,2,34,1,0,11.8792,-5.2412,4,-0.416788,0.150093,0.094,1
1620,2066,2,34,2,1,12.0047,-6.5032,3,-0.275369,0.198041,0.094,1
1620,2066,2,34,3,1,13.1636,-5.05587,3,-0.436138,0.0806867,0.094,1
1620,2067,2,32,0,-1,2.9913,-16.9921,1,-0.248188,-0.334785,0.099,1
1620,2067,2,32,1,0,1.85995,-17.0133,4,-0.233683,-0.140115,0.099,1
1620,2067,2,32,2,1,2.81984,-17.8754,3,-0.341347,-0.290769,0.099,1
1620,2067,2,32,3,1,2.91112,-16.2257,3,0.200016,-0.744851,0.099,1
1620,2069,2,32,0,-1,-0.709244,-16.3149,1,0.0870687,-0.434208,0.097,0
1620,2069,2,32,1,0,0.33248,-16.84,4,0.275601,-0.0490758,0.097,0
1620,2071,2,34,0,-1,-2.71642,-15.2621,1,-0.025597,-0.140813,0.1,0
1620,2071,2,34,1,0,-1.80123,-14.589,4,-0.116022,0.0103842,0.1,0
1620,2071,2,34,2,1,-3.07102,-14.4094,3,-0.103426,0.0825106,0.1,0
1620,2073,2,31,0,-1,-13.4947,10.4284,1,-0.0845193,-0.422373,0.099,1
1620,2073,2,31,1,0,-13.5648,9.28661,4,-0.373421,-0.400222,0.099,1
1620,2073,2,31,2,1,-12.5943,10.1177,3,-0.108312,-0.628237,0.099,1
1620,2073,2,31,3,1,-14.3201,10.3602,3,-0.0833469,-0.220564,0.099,1
1620,2077,2,31,0,-1,-8.29982,14.955,1,0.54093,0.398103,0.092,1
1620,2077,2,31,1,0,-7.55704,14.1937,1,-0.0699835,-0.213983,0.092,1
1620,2077,2,31,2,1,-7.22241,15.5533,3,1.21973,-0.523242,0.092,1
1620,2077,2,31,3,1,-8.7402,14.2291,3,-0.0508246,0.713885,0.092,1
1620,2078,2,33,0,-1,1.07029,-10.7111,1,0.399196,-0.202749,0.102,0
1620,2078,2,33,1,0,0.205478,-11.4334,4,0.122107,0.0726243,0.102,0
1620,2078,2,33,2,1,1.49672,-11.7864,3,0.00140553,-0.313856,0.102,0
1620,2079,2,35,0,-1,13.5648,-5.76147,1,-0.427483,0.159321,0.095,0
1620,2079,2,35,1,0,14.6177,-6.13073,4,-0.343623,0.383736,0.095,0
1620,2082,2,34,0,-1,11.7703,-8.43491,1,-0.0566778,0.166341,0.099,0
1620,2082,2,34,1,0,11.795,-9.6112,4,-0.74448,0.119648,0.099,0
1620,2083,2,30,0,-1,-14.1057,16.2727,1,0.246329,-0.342,0.093,0
1620,2084,2,34,0,-1,16.5421,-0.214952,1,0.489506,0.32595,0.095,0
1620,2085,2,35,0,-1,-12.9786,-7.53797,1,0.0641452,0.0376529,0.097,0
1650,1526,2,28,0,-1,-8.04087,22.3967,1,0.0802391,0.503432,0.098,1
1650,1526,2,28,1,0,-8.11021,23.5206,4,-0.180555,0.491551,0.098,1
1650,1526,2,28,2,1,-8.99216,22.5776,3,0.0184746,0.305979,0.098,1
1650,1526,2,28,3,1,-7.20796,22.5138,3,0.0632,0.711493,0.098,1
1650,1816,2,31,0,-1,-2.95759,-14.5922,1,-0.132724,-0.243464,0.096,1
1650,1816,2,31,1,0,-3.74781,-15.4617,4,-0.142637,-0.277247,0.096,1
1650,1816,2,31,2,1,-2.47733,-15.5979,3,-0.160809,-0.156734,0.096,1
1650,1816,2,31,3,1,-3.98697,-14.1476,3,0.0259092,-0.254922,0.096,1
1650,1917,2,33,0,-1,13.3627,-2.65532,1,0.289076,-0.290647,0.094,1
1650,1917,2,33,1,0,13.7419,-3.7122,4,-0.0284852,-0.388431,0.094,1
1650,1917,2,33,2,1,14.3109,-2.57868,3,0.331121,-0.523244,0.094,1
1650,1917,2,33,3,1,12.5891,-3.09178,3,0.148443,-0.0962438,0.094,1
1650,1923,2,31,0,-1,-3.36187,-17.0726,1,-0.513409,-0.381361,0.1,1
1650,1923,2,31,1,0,-4.5075,-17.0527,4,-0.458222,0.224007,0.1,1
1650,1923,2,31,2,1,-3.57307,-17.9101,3,-0.922119,-0.410921,0.1,1
1650,1923,2,31,3,1,-3.44446,-16.2728,3,-0.0668498,-0.297325,0.1,1
1650,1943,2,32,0,-1,-1.90899,-18.8709,1,-0.324949,-0.201031,0.101,1
1650,1943,2,32,1,0,-2.98777,-18.5194,4,-0.478721,-0.331529,0.101,1
1650,1943,2,32,2,1,-2.90109,-19.8494,3,-0.528279,-0.263966,0.101,1
1650,1943,2,32,3,1,-1.79193,-17.9422,3,-0.594388,-0.10666,0.101,1
1650,1950,2,32,0,-1,10.6158,-6.37982,1,-0.635526,-0.139872,0.098,1
1650,1950,2,32,1,0,10.0273,-7.37859,4,-0.201073,-0.344449,0.098,1
1650,1950,2,32,2,1,11.4237,-7.41139,3,-0.172144,0.108358,0.098,1
1650,1950,2,32,3,1,9.86178,-6.08362,3,-0.0660047,-0.326765,0.098,1
1650,1964,2,29,0,-1,-11.3294,15.3493,1,0.436421,0.33465,0.092,1
1650,1964,2,29,1,0,-10.2408,15.3201,4,0.460829,0.0723842,0.092,1
1650,1964,2,29,2,1,-10.8474,16.5836,3,1.05163,0.332866,0.092,1
1650,1964,2,29,3,1,-11.1106,14.5721,3,0.282936,0.302634,0.092,1
1650,1968,2,28,0,-1,1.01429,14.5302,1,-0.0242091,0.178987,0.091,1
1650,1968,2,28,1,0,0.54016,15.4982,4,0.134294,0.250719,0.091,1
1650,1968,2,28,2,1,-0.151072,14.2757,3,-0.0696058,0.359008,0.091,1
1650,1968,2,28,3,1,1.62107,15.0569,3,0.0703368,0.0971655,0.091,1
1650,1985,58,30,0,-1,3.40452,-1.84241,1,0.330575,-0.0642951,0.115,1
1650,1985,58,30,1,0,3.88758,-2.83236,4,0.0104694,-0.211451,0.115,1
1650,1985,58,30,2,1,4.61082,-2.88893,1,-0.00726333,-0.440962,0.115,1
1650,1985,58,30,3,1,4.48246,-1.59441,3,0.411972,-0.402528,0.115,1
1650,1985,58,30,4,1,2.80094,-2.38616,3,0.149297,0.141357,0.115,1
1650,1996,58,31,0,-1,2.94583,-1.17848,1,0.278065,-0.11075,0.115,0
1650,1996,58,31,1,0,3.1723,-0.10911,4,0.0285046,-0.0638489,0.115,0
1650,1996,58,31,2,1,2.66119,0.403078,1,-0.101661,-0.199,0.115,0
1650,2023,2,34,0,-1,-14.0459,-10.4161,1,-0.0273999,-0.663998,0.098,1
1650,2023,2,34,1,0,-14.2136,-11.5796,4,0.0901676,-0.676,0.098,1
1650,2023,2,34,2,1,-13.1407,-10.9141,3,-0.0754056,-0.367983,0.098,1
1650,2023,2,34,3,1,-15.0554,-10.6006,3,-0.0799088,-0.804686,0.098,1
1650,2028,2,30,0,-1,-2.63585,-2.14353,1,0.0748304,-0.463699,0.099,1
1650,2028,2,30,1,0,-2.54503,-3.28697,4,0.0720171,-0.470064,0.099,1
1650,2028,2,30,2,1,-1.6432,-2.36883,3,0.0461863,-0.458315,0.099,1
1650,2028,2,30,3,1,-3.44241,-2.34942,3,0.0651962,-0.470508,0.099,1
1650,2029,2,33,0,-1,-4.53618,-21.5294,1,-0.923469,0.186316,0.1,1
1650,2029,2,33,1,0,-4.29787,-20.4011,4,-0.123211,0.0252906,0.1,1
1650,2029,2,33,2,1,-5.53235,-20.8271,3,-0.357267,0.718571,0.1,1
1650,2029,2,33,3,1,-3.6161,-21.5276,3,-0.858187,-0.357965,0.1,1
1650,2030,2,30,0,-1,-10.8834,12.9076,1,0.100822,0.246102,0.093,1
1650,2030,2,30,1,0,-10.076,13.5386,4,0.162757,0.173848,0.093,1
1650,2030,2,30,2,1,-11.4816,13.4292,3,0.133389,0.105712,0.093,1
1650,2030,2,30,3,1,-10.2949,12.381,3,0.0805323,0.240728,0.093,1
1650,2032,2,33,0,-1,-15.7883,-8.69392,1,-0.186739,-0.350188,0.098,1
1650,2032,2,33,1,0,-15.9932,-9.82305,4,-0.318022,-0.30942,0.098,1
1650,2032,2,33,2,1,-14.7885,-9.36194,3,-0.388675,-0.171756,0.098,1
1650,2032,2,33,3,1,-16.6508,-8.68657,3,0.0227951,-0.105891,0.098,1
1650,2035,2,34,0,-1,-3.22338,14.213,1,0.0459422,0.435516,0.1,1
1650,2035,2,34,1,0,-3.67333,15.2631,4,-0.204204,0.327684,0.1,1
1650,2035,2,34,2,1,-4.26887,14.1227,3,0.0575045,0.196337,0.1,1
1650,2035,2,34,3,1,-2.51828,14.6395,3,-0.0550873,0.595872,0.1,1
1650,2045,2,29,0,-1,0.672419,13.799,1,-0.072402,0.202413,0.092,0
1650,2045,2,29,1,0,1.66326,14.1249,4,-0.0526991,0.150321,0.092,0
1650,2045,2,29,2,1,0.409118,14.7615,3,0.00296007,0.261074,0.092,0
1650,2050,2,34,0,-1,-13.2207,-3.28205,1,-0.423719,-0.116113,0.097,1
1650,2050,2,34,1,0,-13.7617,-4.30046,4,0.0917793,-0.402603,0.097,1
1650,2050,2,34,2,1,-12.4835,-4.09154,3,-0.0237687,0.293116,0.097,1
1650,2050,2,34,3,1,-14.1381,-3.04518,3,-0.570408,-0.614615,0.097,1
1650,2059,2,29,0,-1,-12.8253,12.2974,1,-0.333267,0.327603,0.099,1
1650,2059,2,29,1,0,-13.6987,13.0478,4,-0.119745,0.559292,0.099,1
1650,2059,2,29,2,1,-13.7911,11.7774,3,-0.448861,0.441355,0.099,1
1650,2059,2,29,3,1,-12.3866,12.986,3,-0.146045,0.180843,0.099,1
1650,2062,2,31,0,-1,-1.08538,5.95207,1,0.0595109,-0.488968,0.1,1
1650,2062,2,31,1,0,-1.56217,4.87973,4,-0.319745,-0.327277,0.1,1
1650,2062,2,31,2,1,-0.252032,5.0552,3,-0.306904,-0.583442,0.1,1
1650,2062,2,31,3,1,-1.89174,6.15604,3,0.127099,-0.225669,0.1,1
1650,2066,2,34,0,-1,5.39896,-10.9839,1,0.0777736,0.031218,0.094,1
1650,2066,2,34,1,0,6.49105,-11.2484,4,0.0918266,0.212647,0.094,1
1650,2066,2,34,2,1,5.8444,-10.1704,3,0.156844,0.303428,0.094,1
1650,2066,2,34,3,1,5.33743,-11.9494,3,0.234607,-0.0122273,0.094,1
1650,2067,2,32,0,-1,5.03738,-14.647,1,0.320843,-0.24876,0.099,1
1650,2067,2,32,1,0,5.63713,-15.6379,4,0.032427,-0.416397,0.099,1
1650,2067,2,32,2,1,6.31267,-14.5369,3,0.257835,-0.568179,0.099,1
1650,2067,2,32,3,1,4.36336,-15.3152,3,0.124431,-0.0331812,0.099,1
1650,2069,2,32,0,-1,-2.79883,-13.8337,1,-0.499319,-0.0886359,0.097,0
1650,2069,2,32,1,0,-3.52659,-14.7496,4,-0.148106,-0.270615,0.097,0
1650,2069,2,32,2,1,-2.21302,-14.8317,3,-0.0954574,-0.0201486,0.097,0
1650,2071,2,34,0,-1,2.57704,-23.024,1,-0.436909,-0.160662,0.1,1
1650,2071,2,34,1,0,1.55336,-22.479,4,-0.202949,0.1009,0.1,1
1650,2071,2,34,2,1,2.00119,-23.6592,3,-0.325267,0.0462709,0.1,1
1650,2071,2,34,3,1,2.81416,-22.193,3,-0.0823185,-0.303054,0.1,1
1650,2073,2,31,0,-1,-13.2349,9.92292,1,0.173498,0.363175,0.099,1
1650,2073,2,31,1,0,-12.1474,10.3451,4,0.49047,-0.389484,0.099,1
1650,2073,2,31,2,1,-13.1977,11.0519,3,0.940966,0.362124,0.099,1
1650,2073,2,31,3,1,-12.7628,9.17977,3,-0.375897,0.0708761,0.099,1
1650,2078,2,33,0,-1,-1.4277,-19.6996,1,-0.234161,-0.0822151,0.102,1
1650,2078,2,33,1,0,-2.47207,-19.2758,4,-0.219207,0.0210674,0.102,1
1650,2078,2,33,2,1,-1.95049,-20.4645,3,-0.530831,-0.0651774,0.102,1
1650,2078,2,33,3,1,-1.18272,-18.9483,3,-0.146776,-0.00661781,0.102,1
1650,2079,2,35,0,-1,6.92134,-10.0537,1,-0.283239,0.645449,0.095,1
1650,2079,2,35,1,0,7.85989,-9.46658,4,0.185487,-0.0610933,0.095,1
1650,2079,2,35,2,1,6.61323,-9.08446,3,0.53442,0.971934,0.095,1
1650,2079,2,35,3,1,7.66526,-10.7892,3,-0.804715,0.140095,0.095,1
1650,2083,2,30,0,-1,-10.7929,15.8919,1,0.519714,0.209795,0.093,0
1650,2084,2,34,0,-1,12.6832,-2.22249,1,0.251156,-0.364505,0.095,0
1650,2085,2,35,0,-1,-13.3403,-9.96052,1,-0.0875627,-0.443967,0.097,0
1650,2085,2,35,1,0,-12.1479,-9.81074,4,0.00555672,-0.406791,0.097,0
1650,2085,2,35,2,1,-12.9532,-8.84242,3,0.206428,-0.300607,0.097,0
1650,2086,2,33,0,-1,4.64166,-13.9307,1,0.555197,-0.133924,0.1,0
1650,2086,2,33,1,0,5.77919,-13.9157,4,0.564392,-0.281914,0.1,0
1650,2086,2,33,2,1,5.06468,-12.8469,3,0.591932,-0.278196,0.1,0
1650,2088,2,35,0,-1,-12.4329,-3.0809,1,-0.490248,0.157694,0.097,0
1650,2088,2,35,1,0,-11.6218,-3.88334,4,-0.292753,0.354189,0.097,0
1650,2089,2,31,0,-1,-15.133,12.0996,1,0.0225478,0.352875,0.093,1
1650,2089,2,31,1,0,-14.8978,13.1449,4,-0.124705,0.421339,0.093,1
1650,2089,2,31,2,1,-16.1297,12.5209,3,-0.00244774,0.199685,0.093,1
1650,2089,2,31,3,1,-14.3399,12.1541,3,-0.138602,0.503292,0.093,1
1650,2092,60,33,0,-1,11.3896,-6.57742,1,-0.603001,0.180995,0.073,0
1650,2096,2,35,0,-1,-8.50788,1.78173,1,-0.31023,-0.0982591,0.099,1
1650,2096,2,35,1,0,-9.32196,0.97553,4,-0.192701,-0.216729,0.099,1
1650,2096,2,35,2,1,-8.04369,0.831738,3,-0.175307,-0.0498936,0.099,1
1650,2096,2,35,3,1,-9.17285,2.27682,3,-0.380545,-0.193125,0.099,1
1650,2098,2,34,0,-1,-11.8286,-10.4636,1,0.697261,0.0737791,0.098,1
1650,2098,2,34,1,0,-12.4175,-11.5392,4,0.239227,-0.183416,0.098,1
1650,2098,2,34,2,1,-11.1871,-11.2221,3,0.0589067,0.070359,0.098,1
1650,2098,2,34,3,1,-12.684,-10.2993,3,0.167751,-0.332371,0.098,1
1650,2099,2,32,0,-1,-13.834,9.36349,1,-0.265582,0.808307,0.1,0
1650,2100,61,32,0,-1,-14.9364,11.3144,1,0.0134175,0.335226,0.068,0
1650,2100,61,32,1,0,-15.8644,10.8238,4,0.0961956,0.172321,0.068,0
1650,2100,61,32,2,1,-15.4227,9.70231,3,0.285049,0.246091,0.068,0
1650,2103,2,32,0,-1,-0.981481,5.19086,1,-0.232203,-0.52287,0.101,0
1650,2103,2,32,1,0,-2.11581,5.42812,4,-0.135161,-0.132157,0.101,0
1650,2104,2,35,0,-1,11.98,-4.45951,1,0.170665,-0.472842,0.093,1
1650,2104,2,35,1,0,12.798,-5.25813,4,0.390405,-0.256851,0.093,1
1650,2104,2,35,2,1,12.8525,-3.98916,3,-0.0028271,-0.212328,0.093,1
1650,2104,2,35,3,1,11.4686,-5.51192,3,0.443371,-0.472325,0.093,1
1650,2105,62,29,0,-1,-7.57261,23.0426,1,-0.0678945,0.608309,0.123,0
1650,2105,62,29,1,0,-7.64945,21.7378,3,0.235551,0.585799,0.123,0
1650,2106,2,36,0,-1,-7.8941,2.30169,1,-0.28021,-0.133928,0.099,0
1650,2107,2,35,0,-1,-10.976,-9.89669,1,1.41625,0.110746,0.098,0
1650,2107,2,35,1,0,-11.0521,-8.49199,4,-0.702677,0.00471182,0.098,0
1650,2107,2,35,2,1,-9.9567,-9.41808,3,-2.29602,-1.14515,0.098,0
1650,2109,63,31,0,-1,-10.7926,13.7385,1,0.273813,0.219953,0.118,0
1650,2109,63,31,1,0,-11.738,14.219,4,0.287414,0.121573,0.118,0
1650,2110,2,31,0,-1,1.96834,3.45286,1,0.0292195,0.580953,0.099,1
1650,2110,2,31,1,0,2.9276,4.12243,4,0.485083,-0.0602705,0.099,1
1650,2110,2,31,2,1,1.85198,4.88726,3,1.00667,0.706709,0.099,1
1650,2110,2,31,3,1,2.59514,2.8448,3,-0.295285,0.135882,0.099,1
1650,2111,2,36,0,-1,13.5035,-10.256,1,0.043611,0.446407,0.094,1
1650,2111,2,36,1,0,13.7705,-9.07044,4,0.53793,0.378377,0.094,1
1650,2111,2,36,2,1,12.6935,-9.72259,3,0.17134,0.997923,0.094,1
1650,2111,2,36,3,1,14.3197,-10.3148,3,0.0209944,0.170501,0.094,1
1650,2112,2,34,0,-1,-16.6695,-6.77563,1,0.49369,0.0605571,0.099,1
1650,2112,2,34,1,0,-15.7381,-6.1085,4,0.462717,0.117843,0.099,1
1650,2112,2,34,2,1,-16.9689,-5.79174,3,0.443673,0.0201578,0.099,1
1650,2112,2,34,3,1,-16.1062,-7.3691,3,0.590883,0.090734,0.099,1
1650,2115,2,36,0,-1,12.0892,-5.22714,1,0.351616,-0.438715,0.093,0
1650,2116,2,35,0,-1,5.86829,-11.6148,1,0.242847,0.119509,0.095,0
1650,2116,2,35,1,0,4.71813,-11.6068,4,0.226968,-0.362874,0.095,0
1650,2117,2,32,0,-1,2.10883,4.21047,1,0.508166,0.500343,0.1,0
1650,2117,2,32,1,0,2.41875,5.30707,4,0.539469,0.539984,0.1,0
1650,2121,2,37,0,-1,14.0778,-9.68701,1,0.280512,0.190253,0.093,0
1650,2121,2,37,1,0,15.294,-9.62948,4,0.268065,0.34073,0.093,0
1680,1816,2,31,0,-1,-2.22162,-16.8307,1,-0.326766,0.139227,0.096,1
1680,1816,2,31,1,0,-1.60524,-15.899,4,0.338814,-0.281339,0.096,1
1680,1816,2,31,2,1,-2.87121,-16.192,3,0.0460876,0.793357,0.096,1
1680,1816,2,31,3,1,-1.63999,-17.2328,3,0.102904,-0.288335,0.096,1
1680,1923,2,31,0,-1,-6.61709,-13.7421,1,-0.597807,0.915882,0.1,1
1680,1923,2,31,1,0,-6.59237,-12.5903,4,-0.762239,0.846633,0.1,1
1680,1923,2,31,3,1,-5.71295,-13.5507,3,-0.48816,0.998925,0.1,1
1680,1943,2,32,0,-1,0.97637,-10.1686,1,-0.217266,0.030954,0.101,1
1680,1943,2,32,1,0,-0.0762006,-10.6827,4,0.0140966,-0.430141,0.101,1
1680,1943,2,32,2,1,1.11703,-11.083,3,0.274578,0.415385,0.101,1
1680,1943,2,32,3,1,0.194735,-9.39949,3,-0.331032,-0.375914,0.101,1
1680,1950,2,32,0,-1,16.4015,-12.7261,1,0.325357,-0.00409146,0.098,1
1680,1950,2,32,1,0,17.5034,-13.275,4,0.450525,0.0260402,0.098,1
1680,1950,2,32,2,1,17.3362,-11.8797,3,0.133382,-0.0784938,0.098,1
1680,1950,2,32,3,1,16.245,-13.3836,3,0.517082,0.190251,0.098,1
1680,2030,2,30,0,-1,-8.69438,8.1415,1,-0.0987023,-0.237571,0.093,1
1680,2030,2,30,1,0,-9.42542,7.34717,4,-0.264719,-0.0989847,0.093,1
1680,2030,2,30,2,1,-8.06378,7.20181,3,-0.300091,-0.316239,0.093,1
1680,2030,2,30,3,1,-9.41107,8.50017,3,0.0523114,-0.124355,0.093,1
1680,2062,2,31,0,-1,-0.587742,-1.60259,1,-0.413497,-0.225145,0.1,1
1680,2062,2,31,1,0,-0.779147,-2.7499,4,-0.108176,-0.358609,0.1,1
1680,2062,2,31,2,1,0.410632,-2.17502,3,-0.210173,-0.232905,0.1,1
1680,2062,2,31,3,1,-1.46281,-1.63908,3,-0.382794,-0.604892,0.1,1
1680,2067,2,32,0,-1,-6.06165,-17.2989,1,-0.560023,-0.173973,0.099,1
1680,2067,2,32,1,0,-6.74559,-18.2159,4,-0.705149,-0.0554425,0.099,1
1680,2067,2,32,2,1,-5.46969,-18.1801,3,-0.679699,-0.264348,0.099,1
1680,2067,2,32,3,1,-6.76845,-16.9021,3,-0.507924,-0.0433718,0.099,1
1680,2069,2,32,0,-1,-0.195204,-15.2676,1,1.31295,-0.203558,0.097,1
1680,2069,2,32,1,0,0.37425,-14.2417,4,0.242259,0.445255,0.097,1
1680,2069,2,32,2,1,-0.944307,-14.1494,3,0.213604,-0.335327,0.097,1
1680,2069,2,32,3,1,1.05523,-15.3877,3,-0.0789353,0.394337,0.097,1
1680,2073,2,31,0,-1,-0.612735,7.66313,1,0.210133,-0.433171,0.099,1
1680,2073,2,31,1,0,0.434843,7.20513,4,0.376906,-0.0257358,0.099,1
1680,2073,2,31,2,1,0.0370672,8.43358,3,-0.110591,-0.175379,0.099,1
1680,2073,2,31,3,1,-0.826799,6.85697,3,0.494393,-0.463006,0.099,1
1680,2078,2,33,0,-1,-4.45052,-14.7847,1,-0.0634817,0.121032,0.102,1
1680,2078,2,33,1,0,-4.41543,-13.6049,4,0.381219,0.0373584,0.102,1
1680,2078,2,33,2,1,-5.42195,-14.374,3,-0.285171,0.708919,0.102,1
1680,2078,2,33,3,1,-3.6326,-14.6387,3,0.131487,-0.215006,0.102,1
1680,2079,2,35,0,-1,15.2143,-14.6382,1,0.305948,0.0500937,0.095,1
1680,2079,2,35,1,0,14.6096,-13.6955,4,-0.317666,-0.24201,0.095,1
1680,2079,2,35,2,1,14.1662,-14.8763,3,0.374797,-0.535695,0.095,1
1680,2079,2,35,3,1,15.8894,-13.8698,3,-0.448719,0.00184414,0.095,1
1680,2085,2,35,0,-1,-10.4073,-14.2548,1,0.274394,0.135242,0.097,1
1680,2085,2,35,1,0,-10.1641,-13.1459,4,0.221551,0.132463,0.097,1
1680,2085,2,35,2,1,-11.3248,-13.6765,3,0.335273,-0.063066,0.097,1
1680,2085,2,35,3,1,-9.61984,-14.3909,3,0.328348,0.172863,0.097,1
1680,2086,2,33,0,-1,17.1593,-14.4263,1,0.241193,-0.0144147,0.1,1
1680,2086,2,33,1,0,18.1595,-13.8968,4,0.194863,0.192264,0.1,1
1680,2086,2,33,2,1,16.9046,-13.6247,3,0.262348,-0.282677,0.1,1
1680,2086,2,33,3,1,17.5673,-15.0727,3,0.190093,0.200175,0.1,1
1680,2089,2,31,0,-1,-16.5569,12.5965,1,-0.107795,0.00366996,0.093,1
1680,2089,2,31,1,0,-15.5087,12.5677,4,-0.104852,-0.143797,0.093,1
1680,2089,2,31,2,1,-16.5128,13.5201,3,0.0969291,0.0591994,0.093,1
1680,2089,2,31,3,1,-16.4236,11.8305,3,-0.180346,-0.0400282,0.093,1
1680,2092,60,33,0,-1,15.5597,-12.4298,1,0.244561,0.0143425,0.073,0
1680,2092,60,33,1,0,14.6241,-11.6407,4,0.487618,0.354191,0.073,0
1680,2092,60,33,2,1,14.3748,-12.9888,3,-0.19115,0.375218,0.073,0
1680,2092,60,33,3,0,15.3035,-11.8234,1,0.354548,0.0711678,0.073,0
1680,2098,2,34,0,-1,-8.86845,-9.56223,1,-0.495135,0.00418404,0.098,1
1680,2098,2,34,1,0,-9.86384,-10.1377,4,-0.286669,-0.345081,0.098,1
1680,2098,2,34,2,1,-8.66071,-10.7011,3,-0.130961,0.0254964,0.098,1
1680,2098,2,34,3,1,-9.54683,-8.86503,3,-0.547947,-0.263522,0.098,1
1680,2099,2,32,0,-1,-15.0263,14.3878,1,-0.0553222,0.129632,0.1,1
1680,2099,2,32,1,0,-15.7383,13.5071,4,0.242988,-0.166352,0.1,1
1680,2099,2,32,2,1,-14.5292,13.3165,3,0.322951,0.308504,0.1,1
1680,2099,2,32,3,1,-15.7245,14.8587,3,-0.204182,-0.179889,0.1,1
1680,2103,2,32,0,-1,-0.332279,-2.3395,1,-0.396617,-0.135541,0.101,0
1680,2103,2,32,1,0,-1.49262,-2.44415,4,-0.382996,-0.577543,0.101,0
1680,2103,2,32,2,1,-0.683764,-3.47767,3,0.0644907,-0.181437,0.101,0
1680,2107,2,35,0,-1,-8.23686,-10.0737,1,-0.333164,0.220205,0.098,0
1680,2107,2,35,1,0,-9.2873,-10.5666,4,-0.126923,-0.226237,0.098,0
1680,2107,2,35,2,1,-8.21032,-11.3239,3,0.20522,0.208556,0.098,0
1680,2109,63,31,0,-1,-8.15476,8.77779,1,-0.127222,-0.190644,0.118,0
1680,2109,63,31,1,0,-7.82655,9.79258,4,-0.101846,-0.16262,0.118,0
1680,2109,63,31,2,1,-8.9564,9.05237,3,-0.0705185,-0.143816,0.118,0
1680,2109,63,31,3,2,-7.93885,8.01983,1,-0.154372,-0.277604,0.118,0
1680,2110,2,31,0,-1,2.16247,-1.87263,1,-0.182403,-0.166142,0.099,1
1680,2110,2,31,1,0,1.18302,-2.4615,4,-0.374937,0.137133,0.099,1
1680,2110,2,31,2,1,2.33663,-3.03065,3,-0.559387,-0.214868,0.099,1
1680,2110,2,31,3,1,1.646,-1.22656,3,-0.0421371,0.00871587,0.099,1
1680,2111,2,36,0,-1,18.2773,-12.1995,1,0.698355,0.0562109,0.094,1
1680,2111,2,36,1,0,18.9403,-13.2203,4,0.404353,-0.0934704,0.094,1
1680,2111,2,36,2,1,19.2009,-11.979,3,0.103989,-0.0362626,0.094,1
1680,2111,2,36,3,1,17.7378,-12.7092,3,0.4853,0.171804,0.094,1
1680,2112,2,34,0,-1,-8.42223,-6.57836,1,-0.238145,0.168597,0.099,1
1680,2112,2,34,1,0,-9.46871,-7.08284,4,-0.113469,-0.16267,0.099,1
1680,2112,2,34,2,1,-8.32725,-7.62065,3,-0.0172316,0.273135,0.099,1
1680,2112,2,34,3,1,-9.06548,-5.83771,3,-0.523414,-0.0503182,0.099,1
1680,2117,2,32,0,-1,12.4704,3.77153,1,0.0113381,0.234538,0.1,1
1680,2117,2,32,1,0,12.4557,4.90051,4,-0.0468626,0.259195,0.1,1
1680,2117,2,32,2,1,11.5291,3.93385,3,-0.0381626,0.225448,0.1,1
1680,2117,2,32,3,1,13.2593,3.85936,3,0.0356677,0.35646,0.1,1
1680,2127,2,36,0,-1,-9.7901,-13.7277,1,0.267878,0.136629,0.098,0
1680,2134,64,35,0,-1,-7.74495,-7.05639,1,-0.198174,0.193744,0.074,0
1680,2134,64,35,1,0,-6.60986,-7.32746,4,-0.201378,0.0786023,0.074,0
1680,2134,64,35,2,1,-7.16582,-6.17972,3,-0.120356,0.110729,0.074,0
1680,2134,64,35,3,1,-7.74441,-7.93577,3,-0.173677,0.132506,0.074,0
1680,2135,2,33,0,-1,1.58533,-10.7711,1,-0.164097,0.0554797,0.102,0
1680,2135,2,33,1,0,0.878999,-11.7642,4,-0.763274,0.379996,0.102,0
1680,2135,2,33,2,1,2.11727,-12.0545,3,-0.874613,-0.0632529,0.102,0
1680,2136,2,33,0,-1,-15.8237,14.2109,1,0.0378264,-0.195858,0.1,0
1680,2141,2,32,0,-1,-1.27604,8.11826,1,0.337956,-0.260102,0.099,0
1680,2141,2,32,1,0,-2.24853,7.5272,4,0.227847,-0.0745904,0.099,0
1680,2142,2,33,0,-1,11.976,4.41069,1,0.0541621,0.24046,0.099,0
1680,2142,2,33,1,0,10.8299,4.31407,4,0.0491552,0.574621,0.099,0
1680,2146,2,32,0,-1,3.49071,-4.79588,1,-0.19341,-0.758882,0.099,1
1680,2146,2,32,1,0,2.47421,-5.30868,4,-0.441504,-0.246525,0.099,1
1680,2146,2,32,2,1,3.67771,-5.78778,3,-0.874622,-1.39746,0.099,1
1680,2146,2,32,3,1,3.02016,-4.10626,3,0.237049,-0.535918,0.099,1
1680,2151,2,34,0,-1,-4.76081,-15.5642,1,-0.710472,0.371047,0.103,0
1680,2151,2,34,1,0,-4.93517,-16.6973,4,-0.453942,0.365391,0.103,0
1680,2151,2,34,2,1,-3.91166,-15.9082,3,0.245431,-0.349182,0.103,0
1680,2156,2,32,0,-1,-7.06218,-14.4239,1,-0.379758,0.846368,0.101,0
1710,1816,2,31,0,-1,1.13182,-12.5352,1,0.758832,0.355969,0.096,1
1710,1816,2,31,1,0,2.20948,-12.0764,4,1.0079,-0.144647,0.096,1
1710,1816,2,31,2,1,1.24684,-11.2997,3,1.24754,0.54462,0.096,1
1710,1816,2,31,3,1,1.54811,-13.1998,3,0.327934,0.256683,0.096,1
1710,1923,2,31,0,-1,-11.58,-10.6282,1,-0.423858,-0.445611,0.1,1
1710,1923,2,31,1,0,-11.7662,-11.7657,4,-0.537652,-0.447369,0.1,1
1710,1923,2,31,3,1,-12.4298,-10.6655,3,-0.322298,-0.304034,0.1,1
1710,1943,2,32,0,-1,-2.8069,-12.3921,1,0.257386,0.584062,0.101,1
1710,1943,2,32,1,0,-2.56579,-11.2777,4,-0.0865522,0.630179,0.101,1
1710,1943,2,32,2,1,-3.70972,-11.8753,3,0.293933,0.0262099,0.101,1
1710,1943,2,32,3,1,-1.89637,-12.415,3,-0.00644171,0.62912,0.101,1
1710,2030,2,30,0,-1,-13.5599,7.18227,1,-0.122546,0.0869906,0.093,1
1710,2030,2,30,1,0,-14.0956,8.07965,4,-0.0574288,0.14473,0.093,1
1710,2030,2,30,2,1,-14.3181,6.68814,3,-0.184699,0.135149,0.093,1
1710,2030,2,30,3,1,-12.9817,7.7068,3,-0.0124778,0.408273,0.093,1
1710,2069,2,32,0,-1,-1.83814,-17.5873,1,0.374768,-0.183013,0.097,1
1710,2069,2,32,1,0,-1.19539,-18.5348,4,0.391888,-0.176447,0.097,1
1710,2069,2,32,2,1,-0.8675,-17.2924,3,0.380302,-0.175656,0.097,1
1710,2069,2,32,3,1,-2.47401,-18.1299,3,0.39361,-0.183957,0.097,1
1710,2073,2,31,0,-1,4.01621,4.79443,1,-0.205329,-0.345721,0.099,1
1710,2073,2,31,1,0,2.97795,4.31453,4,-0.249225,-0.248151,0.099,1
1710,2073,2,31,2,1,4.14639,3.77155,3,-0.27159,-0.318608,0.099,1
1710,2073,2,31,3,1,3.55797,5.48222,3,-0.120461,-0.320275,0.099,1
1710,2078,2,33,0,-1,-5.94859,-0.651927,1,0.293604,0.529465,0.102,1
1710,2078,2,33,1,0,-4.8043,-0.754262,4,0.262204,0.0307198,0.102,1
1710,2078,2,33,2,1,-5.4687,0.358712,3,0.683981,0.242307,0.102,1
1710,2078,2,33,3,1,-5.86175,-1.51634,3,-0.0150771,0.458481,0.102,1
1710,2079,2,35,0,-1,10.2162,-5.5368,1,0.302685,-0.314637,0.095,1
1710,2079,2,35,1,0,10.5662,-6.60089,4,-0.00648684,-0.405161,0.095,1
1710,2079,2,35,2,1,11.1752,-5.48688,3,0.261291,-0.520397,0.095,1
1710,2079,2,35,3,1,9.41045,-5.98432,3,0.161086,-0.134528,0.095,1
1710,2085,2,35,0,-1,-15.1771,-12.4072,1,0.0245348,0.346796,0.097,1
1710,2085,2,35,1,0,-14.8584,-11.2934,4,-0.224476,0.405343,0.097,1
1710,2085,2,35,2,1,-16.0358,-11.826,3,-0.144055,0.189276,0.097,1
1710,2085,2,35,3,1,-13.9929,-12.3219,3,0.0242194,0.605433,0.097,1
1710,2098,2,34,0,-1,-13.0651,-6.66551,1,-0.405677,0.255431,0.098,1
1710,2098,2,34,1,0,-14.2444,-6.81013,4,-0.454488,0.130571,0.098,1
1710,2098,2,34,2,1,-13.1686,-7.58619,3,-0.225667,0.528221,0.098,1
1710,2098,2,34,3,1,-13.4802,-5.76772,3,-0.812858,0.367025,0.098,1
1710,2099,2,32,0,-1,-4.64874,15.2669,1,0.0662151,0.407228,0.1,1
1710,2099,2,32,1,0,-5.23406,16.2478,4,-0.0924181,0.30753,0.1,1
1710,2099,2,32,2,1,-5.62206,15.0916,3,0.119937,0.23439,0.1,1
1710,2099,2,32,3,1,-4.00989,15.7822,3,-0.0289075,0.461723,0.1,1
1710,2107,2,35,0,-1,-14.657,-19.7031,1,0.0911133,-0.287356,0.098,1
1710,2107,2,35,1,0,-13.6417,-20.264,4,0.0260747,-0.355634,0.098,1
1710,2107,2,35,2,1,-14.1202,-19.0921,3,-0.000592576,-0.311812,0.098,1
1710,2107,2,35,3,1,-14.9182,-20.4964,3,0.0131899,-0.384368,0.098,1
1710,2109,63,31,0,-1,-11.8126,9.25687,1,-0.179936,0.283476,0.118,1
1710,2109,63,31,1,0,-12.1234,10.2579,4,-0.0352327,0.306843,0.118,1
1710,2109,63,31,2,1,-13.1192,9.26469,3,-0.11357,0.479941,0.118,1
1710,2109,63,31,3,2,-11.9481,8.41089,1,-0.145028,0.263149,0.118,1
1710,2109,63,31,4,1,-11.0933,9.69555,3,-0.0136905,0.372258,0.118,1
1710,2110,2,31,0,-1,9.72079,0.69627,1,0.257667,0.041389,0.099,1
1710,2110,2,31,1,0,10.8227,0.220622,4,0.0853499,-0.309011,0.099,1
1710,2110,2,31,2,1,10.7644,1.54172,3,0.617871,-0.268838,0.099,1
1710,2110,2,31,3,1,9.55232,-0.207021,3,-0.0856686,0.144804,0.099,1
1710,2117,2,32,0,-1,17.4216,2.979,1,0.235267,-0.666633,0.1,1
1710,2117,2,32,1,0,16.8325,1.99231,4,-0.0640364,-0.466905,0.1,1
1710,2117,2,32,2,1,18.1102,2.14292,3,-0.0312821,-0.740634,0.1,1
1710,2117,2,32,3,1,16.5996,3.27917,3,0.401312,-0.358949,0.1,1
1710,2127,2,36,0,-1,-14.9545,-13.1572,1,0.266121,0.409859,0.098,0
1710,2127,2,36,1,0,-14.5971,-12.055,4,-0.0392697,0.474188,0.098,0
1710,2127,2,36,2,1,-14.1755,-13.3168,3,0.272685,0.576143,0.098,0
1710,2136,2,33,0,-1,-6.91442,7.76521,1,-0.391791,0.282868,0.1,1
1710,2136,2,33,1,0,-7.82659,8.44342,4,-0.561781,0.0319027,0.1,1
1710,2136,2,33,2,1,-7.67141,7.23529,3,-0.283142,0.0699041,0.1,1
1710,2136,2,33,3,1,-6.50928,8.4751,3,-0.560053,0.47155,0.1,1
1710,2141,2,32,0,-1,9.26636,4.93844,1,0.437209,0.134368,0.099,1
1710,2141,2,32,1,0,9.57839,6.06273,4,0.00314762,0.277556,0.099,1
1710,2141,2,32,2,1,8.29337,5.71715,3,0.124619,-0.0830559,0.099,1
1710,2141,2,32,3,1,10.0969,4.86133,3,0.452124,0.461001,0.099,1
1710,2142,2,33,0,-1,20.3988,13.7402,1,0.0399511,0.0920363,0.099,1
1710,2142,2,33,1,0,21.3348,14.3986,4,0.249751,-0.174665,0.099,1
1710,2142,2,33,2,1,20.0965,14.7419,3,0.371417,0.27227,0.099,1
1710,2142,2,33,3,1,20.9555,13.1408,3,-0.120561,-0.0430597,0.099,1
1710,2151,2,34,0,-1,-12.7132,-18.5208,1,0.243128,-0.275936,0.103,1
1710,2151,2,34,1,0,-13.2714,-19.5067,4,0.310771,-0.346121,0.103,1
1710,2151,2,34,2,1,-12.0337,-19.1315,3,0.135661,0.164064,0.103,1
1710,2151,2,34,3,1,-13.4392,-18.2097,3,0.0867935,-0.381943,0.103,1
1710,2156,2,32,0,-1,-10.7742,-10.746,1,-0.419378,-0.360128,0.101,0
1710,2156,2,32,1,0,-11.1351,-11.836,4,-0.207569,-0.46376,0.101,0
1710,2156,2,32,2,1,-9.92729,-11.5492,3,-0.250988,-0.205849,0.101,0
1710,2157,2,32,0,-1,0.537536,-10.7348,1,0.221329,2.19683,0.096,1
1710,2157,2,32,1,0,0.187508,-9.75864,4,0.411157,1.42408,0.096,1
1710,2157,2,32,2,1,-0.926776,-10.6652,3,0.604942,1.0228,0.096,1
1710,2157,2,32,3,1,1.5762,-10.2087,3,-0.359667,-1.25399,0.096,1
1710,2159,2,32,0,-1,-0.0459457,6.39684,1,0.146988,0.401377,0.1,1
1710,2159,2,32,1,0,1.02816,6.7838,4,0.324048,-0.0980152,0.1,1
1710,2159,2,32,2,1,-0.140618,7.38459,3,0.514639,0.271797,0.1,1
1710,2159,2,32,3,1,0.332161,5.66341,3,-0.213204,0.24044,0.1,1
1710,2160,63,32,0,-1,-12.5528,9.59875,1,-0.217005,0.218227,0.117,0
1710,2160,63,32,1,0,-12.7745,10.6515,4,0.0616734,0.272198,0.117,0
1710,2160,63,32,2,1,-13.8748,9.7951,3,-0.115889,0.52551,0.117,0
1710,2160,63,32,3,2,-12.9669,8.66792,1,-0.0154133,0.524034,0.117,0
1710,2161,2,33,0,-1,0.295481,8.97749,1,-0.094066,0.267211,0.099,1
1710,2161,2,33,1,0,0.252627,10.1174,4,0.0863181,0.279327,0.099,1
1710,2161,2,33,2,1,-0.73733,9.29366,3,-0.169102,0.577827,0.099,1
1710,2161,2,33,3,1,1.10128,9.11166,3,-0.0576172,0.155902,0.099,1
1710,2162,2,36,0,-1,9.44989,-18.0076,1,-0.00792788,-0.45188,0.094,1
1710,2162,2,36,1,0,8.5467,-18.6682,4,-0.191659,-0.195938,0.094,1
1710,2162,2,36,2,1,9.88136,-18.9221,3,-0.254766,-0.50125,0.094,1
1710,2162,2,36,3,1,8.78147,-17.3808,3,0.201122,-0.274851,0.094,1
1710,2164,2,36,0,-1,-14.1231,-7.84524,1,-0.293267,0.203911,0.097,1
1710,2164,2,36,1,0,-15.0843,-7.22596,4,-0.404797,-0.029918,0.097,1
1710,2164,2,36,2,1,-14.991,-8.51357,3,-0.0339137,-0.00567918,0.097,1
1710,2164,2,36,3,1,-13.7718,-7.14714,3,-0.400517,0.290114,0.097,1
1710,2166,2,31,0,-1,-14.3401,7.39309,1,-0.14103,0.21072,0.093,0
1710,2166,2,31,1,0,-15.219,6.82148,4,-0.0423291,0.0330358,0.093,0
1710,2169,2,34,0,-1,14.6289,15.681,1,-0.515164,0.286739,0.099,1
1710,2169,2,34,1,0,13.51,15.4541,4,-0.510225,0.199366,0.099,1
1710,2169,2,34,2,1,14.5934,14.779,3,-0.550329,0.265614,0.099,1
1710,2169,2,34,3,1,14.3589,16.4542,3,-0.54589,0.27694,0.099,1
1710,2170,2,32,0,-1,0.550896,0.649303,1,-0.252243,-0.198573,0.099,1
1710,2170,2,32,1,0,-0.564501,0.341137,4,-0.302765,0.0652436,0.099,1
1710,2170,2,32,2,1,0.487887,-0.389101,3,-0.505427,-0.237615,0.099,1
1710,2170,2,32,3,1,0.179029,1.4163,3,0.010404,-0.135315,0.099,1
1710,2171,2,34,0,-1,-4.46271,7.07197,1,-0.214884,0.572542,0.1,1
1710,2171,2,34,1,0,-5.54964,7.44946,4,-0.435844,-0.0657254,0.1,1
1710,2171,2,34,2,1,-5.19507,6.19955,3,0.343445,0.149308,0.1,1
1710,2171,2,34,3,1,-4.34901,7.97386,3,-0.717017,0.583759,0.1,1
1710,2172,2,32,0,-1,10.0633,1.41329,1,0.533496,-0.0107452,0.099,1
1710,2172,2,32,1,0,11.2169,1.03819,4,0.385767,-0.575607,0.099,1
1710,2172,2,32,2,1,10.9512,2.31427,3,1.1718,-0.411735,0.099,1
1710,2172,2,32,3,1,10.1588,0.211919,3,0.0853908,-0.163956,0.099,1
1710,2173,2,37,0,-1,-13.8865,-8.6049,1,-0.260982,0.248872,0.098,0
1710,2174,2,35,0,-1,-12.2562,-6.96664,1,-0.19189,0.819576,0.097,0
1710,2174,2,35,1,0,-11.469,-7.84152,4,-0.635256,0.451264,0.097,0
1710,2175,2,33,0,-1,-1.86669,-18.3859,1,0.386645,-0.18429,0.097,0
1710,2176,2,35,0,-1,14.1072,11.4481,1,-0.938585,-0.00197017,0.1,1
1710,2176,2,35,1,0,13.1046,12.0748,4,-0.373821,0.426131,0.1,1
1710,2176,2,35,2,1,13.314,10.8415,3,-0.760269,0.235864,0.1,1
1710,2176,2,35,3,1,14.4057,12.3275,3,-0.257882,0.341993,0.1,1
1710,2178,2,33,0,-1,1.366,0.733321,1,-0.307326,0.0642133,0.098,0
1710,2178,2,33,1,0,2.50358,0.584019,4,-0.341579,-0.0639185,0.098,0
1710,2179,2,34,0,-1,-5.44883,12.8707,1,-0.0281867,0.560393,0.101,1
1710,2179,2,34,1,0,-4.53345,13.5595,4,0.406023,-0.0159782,0.101,1
1710,2179,2,34,2,1,-5.7062,13.9114,3,0.613815,0.706588,0.101,1
1710,2179,2,34,3,1,-4.85662,12.2775,3,-0.395643,0.185359,0.101,1
1710,2180,2,33,0,-1,0.371806,7.08856,1,0.438749,0.230257,0.101,0
1710,2180,2,33,1,0,-0.21297,8.10069,4,0.612654,0.332081,0.101,0
1710,2181,2,33,0,-1,8.99192,5.66053,1,0.172234,0.0108738,0.099,0
1710,2181,2,33,1,0,8.64444,6.7406,4,0.067136,-0.0331843,0.099,0
1710,2182,2,36,0,-1,14.683,-3.19161,1,0.420258,-0.165248,0.095,1
1710,2182,2,36,1,0,14.3359,-4.31196,4,0.223234,-0.0332601,0.095,1
1710,2182,2,36,2,1,15.424,-3.64626,3,0.360771,-0.221433,0.095,1
1710,2182,2,36,3,1,13.5369,-3.26058,3,0.558777,0.266725,0.095,1
1710,2183,65,33,0,-1,9.2582,1.36542,1,0.498676,0.272315,0.124,0
1710,2183,65,33,1,0,10.4554,0.860752,3,0.306367,-0.128452,0.124,0
1710,2184,2,36,0,-1,-15.0403,-18.9757,1,0.128178,-0.248286,0.099,0
1710,2184,2,36,1,0,-14.1464,-18.2776,4,0.00449606,-0.125779,0.099,0
1710,2184,2,36,2,1,-15.3592,-17.9064,3,-0.0805442,-0.334984,0.099,0
1710,2185,2,34,0,-1,20.146,16.5151,1,0.171085,0.973588,0.1,1
1710,2185,2,34,1,0,19.6063,17.5157,4,-0.266302,0.742465,0.1,1
1710,2185,2,34,2,1,19.4153,16.1925,3,0.0943824,0.682468,0.1,1
1710,2185,2,34,3,1,20.7764,16.9481,3,-0.0909807,1.06646,0.1,1
1710,2186,2,37,0,-1,14.1336,-3.70247,1,0.461218,-0.2805,0.095,0
1710,2186,2,37,1,0,15.1082,-4.27155,4,0.368145,-0.521416,0.095,0
1710,2189,2,36,0,-1,13.8571,12.2092,1,-0.278756,0.377154,0.101,0
1710,2189,2,36,1,0,13.4689,13.2736,4,-0.0628723,0.445264,0.101,0
1740,1816,2,31,0,-1,3.24288,-14.193,1,0.576598,-0.606156,0.096,1
1740,1816,2,31,1,0,2.77249,-15.2028,4,-0.00576118,-0.126374,0.096,1
1740,1816,2,31,2,1,4.12387,-15.3048,3,0.0191129,-1.46244,0.096,1
1740,1816,2,31,3,1,2.42949,-13.9191,3,-0.30439,0.0136582,0.096,1
1740,1943,2,32,0,-1,-0.597574,-1.12809,1,-0.327269,0.0843651,0.101,1
1740,1943,2,32,1,0,-1.64176,-0.665627,4,-0.250141,0.264428,0.101,1
1740,1943,2,32,2,1,-1.28355,-1.90126,3,-0.441515,0.206447,0.101,1
1740,1943,2,32,3,1,-0.372679,-0.337088,3,-0.201833,0.0554244,0.101,1
1740,2030,2,30,0,-1,-14.5124,13.3834,1,-0.0218805,0.370297,0.093,1
1740,2069,2,32,0,-1,-3.95652,-13.9744,1,-0.179294,-0.411777,0.097,1
1740,2069,2,32,1,0,-3.75555,-15.134,4,0.0767511,-0.548611,0.097,1
1740,2069,2,32,2,1,-2.70979,-14.3119,3,-0.207234,-0.402151,0.097,1
1740,2069,2,32,3,1,-4.79779,-14.3425,3,-0.0913271,-0.93794,0.097,1
1740,2073,2,31,0,-1,2.30131,6.57184,1,0.00538872,0.289891,0.099,1
1740,2073,2,31,1,0,3.42004,6.92676,4,0.230091,-0.379248,0.099,1
1740,2073,2,31,2,1,2.27715,7.58736,3,0.675369,0.345156,0.099,1
1740,2073,2,31,3,1,2.74856,5.80991,3,-0.320017,-0.0696774,0.099,1
1740,2078,2,33,0,-1,-2.69641,3.32965,1,-0.114081,-0.366287,0.102,1
1740,2078,2,33,1,0,-1.83384,2.61992,4,0.138739,-0.00425817,0.102,1
1740,2078,2,33,2,1,-1.79128,3.88964,3,-0.173663,-0.0235248,0.102,1
1740,2078,2,33,3,1,-3.12733,2.60725,3,0.166224,-0.61643,0.102,1
1740,2079,2,35,0,-1,11.2427,-1.44931,1,-0.102422,0.395838,0.095,1
1740,2079,2,35,1,0,10.4056,-0.710248,4,-0.0513988,0.444404,0.095,1
1740,2079,2,35,2,1,10.4922,-1.96823,3,-0.0300939,0.434851,0.095,1
1740,2079,2,35,3,1,11.7165,-0.760359,3,-0.0494172,0.424682,0.095,1
1740,2085,2,35,0,-1,-5.44134,-6.3557,1,0.393387,0.399673,0.097,1
1740,2085,2,35,1,0,-4.85236,-5.31282,4,0.479975,0.478487,0.097,1
1740,2085,2,35,2,1,-6.12703,-5.58758,3,0.549257,0.287467,0.097,1
1740,2085,2,35,3,1,-4.73552,-6.61479,3,0.392685,0.513208,0.097,1
1740,2117,2,32,0,-1,20.4424,-7.74149,1,0.456003,-0.190338,0.1,1
1740,2117,2,32,1,0,21.513,-8.143,4,0.423458,-0.278915,0.1,1
1740,2117,2,32,2,1,21.108,-6.92543,3,0.524216,-0.249489,0.1,1
1740,2117,2,32,3,1,20.2662,-8.54503,3,0.39075,-0.183771,0.1,1
1740,2127,2,36,0,-1,-4.74716,-11.0596,1,0.395388,-0.00373615,0.098,1
1740,2127,2,36,1,0,-3.65061,-10.75,4,0.343819,0.058793,0.098,1
1740,2127,2,36,2,1,-4.50715,-11.8033,3,0.42388,-0.0337369,0.098,1
1740,2127,2,36,3,1,-4.67471,-9.99279,3,0.298753,-0.0615844,0.098,1
1740,2136,2,33,0,-1,-7.04895,12.974,1,0.771993,-0.470649,0.1,1
1740,2136,2,33,1,0,-7.43218,11.886,4,0.0774991,-0.245838,0.1,1
1740,2136,2,33,2,1,-6.23243,12.188,3,0.186544,-0.907054,0.1,1
1740,2136,2,33,3,1,-7.96318,13.0792,3,0.81043,0.0250854,0.1,1
1740,2141,2,32,0,-1,13.7068,13.0617,1,-0.360999,0.20285,0.099,1
1740,2141,2,32,1,0,12.7342,13.7336,4,-0.228402,0.374085,0.099,1
1740,2141,2,32,2,1,12.4186,12.4732,3,-0.399459,0.423011,0.099,1
1740,2141,2,32,3,1,14.0516,13.789,3,-0.246093,0.148272,0.099,1
1740,2157,2,32,0,-1,10.2767,-6.14464,1,0.0712599,0.302361,0.096,1
1740,2157,2,32,1,0,11.255,-5.55638,4,0.161998,0.11973,0.096,1
1740,2157,2,32,2,1,10.0463,-5.13629,3,0.239166,0.336964,0.096,1
1740,2157,2,32,3,1,10.769,-6.77991,3,-0.0167152,0.176792,0.096,1
1740,2159,2,32,0,-1,2.93673,8.40131,1,-0.123783,-0.19913,0.1,1
1740,2159,2,32,1,0,2.90861,7.24495,4,0.291368,-0.232815,0.1,1
1740,2159,2,32,2,1,3.97601,7.97826,3,0.0331221,0.11526,0.1,1
1740,2159,2,32,3,1,2.06853,8.2159,3,0.0872184,-0.399771,0.1,1
1740,2164,2,36,0,-1,-10.7973,-5.10598,1,0.433656,0.0332603,0.097,1
1740,2164,2,36,1,0,-9.67221,-5.33592,4,0.371023,-0.292074,0.097,1
1740,2164,2,36,2,1,-10.1738,-4.15393,3,0.835457,-0.091522,0.097,1
1740,2164,2,36,3,1,-10.8382,-5.94642,3,0.117087,0.201915,0.097,1
1740,2166,2,31,0,-1,-13.8097,13.7591,1,-0.071109,0.450261,0.093,0
1740,2166,2,31,1,0,-12.8873,14.2571,4,0.243054,-0.0956335,0.093,0
1740,2169,2,34,0,-1,8.46184,8.80678,1,0.249392,-0.34483,0.099,1
1740,2169,2,34,1,0,9.2204,7.9935,4,0.406462,-0.200568,0.099,1
1740,2169,2,34,2,1,9.37375,9.27533,3,0.0732989,-0.168958,0.099,1
1740,2169,2,34,3,1,7.92378,8.30995,3,0.362026,-0.465966,0.099,1
1740,2170,2,32,0,-1,-4.45722,10.3943,1,-0.298968,0.102778,0.099,1
1740,2170,2,32,1,0,-5.57859,10.6693,4,-0.303294,0.0779867,0.099,1
1740,2170,2,32,2,1,-5.0077,9.51993,3,-0.292701,0.0883724,0.099,1
1740,2170,2,32,3,1,-4.41182,11.2374,3,-0.317453,0.113455,0.099,1
1740,2173,2,37,0,-1,-11.6035,-5.15628,1,0.412132,0.316127,0.098,0
1740,2175,2,33,0,-1,-1.03777,-9.47979,1,-0.435907,0.371991,0.097,1
1740,2175,2,33,1,0,-2.19118,-9.50901,4,-0.415268,-0.14117,0.097,1
1740,2175,2,33,2,1,-1.38542,-10.5182,3,0.0132154,0.185456,0.097,1
1740,2175,2,33,3,1,-1.25948,-8.59469,3,-0.889352,0.363124,0.097,1
1740,2176,2,35,0,-1,8.99831,5.5506,1,0.235341,0.307419,0.1,1
1740,2176,2,35,1,0,9.1274,6.70387,4,0.275041,0.26496,0.1,1
1740,2176,2,35,2,1,7.97668,6.21231,3,0.151871,0.541188,0.1,1
1740,2176,2,35,3,1,9.84157,5.66215,3,0.184298,0.518925,0.1,1
1740,2178,2,33,0,-1,8.16024,4.05589,1,-0.135614,-0.129688,0.098,1
1740,2178,2,33,1,0,7.10554,4.43902,4,-0.358659,-0.555053,0.098,1
1740,2178,2,33,2,1,7.88912,3.38742,3,0.28447,-0.0781128,0.098,1
1740,2178,2,33,3,1,8.35481,4.84837,3,-0.652949,0.35583,0.098,1
1740,2180,2,33,0,-1,6.14922,6.35915,1,0.563243,-0.273842,0.101,1
1740,2180,2,33,1,0,6.30055,5.20209,4,-0.460041,-0.357235,0.101,1
1740,2180,2,33,2,1,7.0529,6.20148,3,0.476401,-0.901023,0.101,1
1740,2180,2,33,3,1,5.35438,6.12199,3,0.345714,0.503667,0.101,1
1740,2181,2,33,0,-1,12.9664,12.9774,1,-0.413486,0.306731,0.099,0
1740,2181,2,33,1,0,13.2573,14.089,4,0.0856498,0.145444,0.099,0
1740,2181,2,33,2,1,12.1868,13.2898,3,-0.413879,0.73812,0.099,0
1740,2182,2,36,0,-1,14.0919,-10.5475,1,-0.212468,-0.300016,0.095,1
1740,2182,2,36,1,0,13.2038,-11.3083,4,-0.19143,-0.297149,0.095,1
1740,2182,2,36,2,1,14.3682,-11.8438,3,-0.223448,-0.420454,0.095,1
1740,2182,2,36,3,1,13.2033,-9.97423,3,-0.27847,-0.280496,0.095,1
1740,2185,2,34,0,-1,12.1575,22.7337,1,0.238714,-0.0651786,0.1,1
1740,2185,2,34,1,0,12.8665,23.6592,4,0.191151,-0.0186257,0.1,1
1740,2185,2,34,2,1,11.5534,23.5852,3,0.208657,-0.0761214,0.1,1
1740,2185,2,34,3,1,12.9226,22.3161,3,0.347205,-0.0215066,0.1,1
1740,2186,2,37,0,-1,13.3462,-10.6517,1,-0.254034,-0.268024,0.095,0
1740,2186,2,37,1,0,14.3836,-11.1269,4,-0.365994,-0.437164,0.095,0
1740,2189,2,36,0,-1,8.95844,13.9803,1,0.326452,-0.0490261,0.101,1
1740,2189,2,36,1,0,9.9586,14.4838,4,0.239919,0.112344,0.101,1
1740,2189,2,36,2,1,8.7585,14.9651,3,0.146818,-0.125803,0.101,1
1740,2189,2,36,3,1,9.31202,13.3006,3,0.390609,0.0303592,0.101,1
1740,2190,2,33,0,-1,12.619,-5.98769,1,0.267541,0.0490828,0.095,1
1740,2190,2,33,1,0,13.7116,-6.31845,4,0.198199,0.0167287,0.095,1
1740,2190,2,33,2,1,13.1447,-5.16187,3,0.440026,0.188018,0.095,1
1740,2190,2,33,3,1,12.5191,-6.8491,3,0.0736247,0.195443,0.095,1
1740,2191,2,34,0,-1,-15.5347,8.05966,1,-0.0476144,-0.279078,0.099,1
1740,2191,2,34,1,0,-15.6085,6.92986,4,-0.0339552,-0.274485,0.099,1
1740,2191,2,34,2,1,-14.6287,7.66144,3,-0.016732,-0.305823,0.099,1
1740,2191,2,34,3,1,-16.3631,8.05091,3,-0.0424461,-0.270253,0.099,1
1740,2192,66,35,0,-1,8.44314,7.96842,1,0.37514,-0.306565,0.074,0
1740,2192,66,35,1,0,8.18441,6.86043,4,0.326527,-0.175992,0.074,0
1740,2192,66,35,2,1,9.40214,7.25154,3,0.342603,0.018069,0.074,0
1740,2192,66,35,3,1,7.35252,7.91521,3,0.253284,-0.242611,0.074,0
1740,2192,66,35,4,3,7.51071,6.82748,4,-0.00143548,-0.249309,0.074,0
1740,2193,2,32,0,-1,1.57537,6.96702,1,0.0222212,0.289373,0.099,0
1740,2193,2,32,1,0,1.46289,8.10847,4,0.184188,0.267876,0.099,0
1740,2193,2,32,2,1,0.537154,7.24511,3,-0.156758,0.756333,0.099,0
1740,2194,2,36,0,-1,18.2126,-12.3101,1,0.115914,0.567477,0.096,1
1740,2194,2,36,1,0,17.6318,-11.3809,4,-0.252159,0.298263,0.096,1
1740,2194,2,36,2,1,17.3485,-12.6567,3,0.358775,0.111845,0.096,1
1740,2195,2,35,0,-1,12.9089,22.9578,1,0.312322,-0.227654,0.101,0
1740,2196,2,37,0,-1,-13.383,-7.09789,1,0.137026,-0.445342,0.098,1
1740,2196,2,37,1,0,-13.1067,-8.2187,4,0.320934,-0.387015,0.098,1
1740,2196,2,37,2,1,-14.1787,-7.48625,3,0.228681,-0.516989,0.098,1
1740,2196,2,37,3,1,-12.26,-7.24359,3,-0.0411382,-0.0705801,0.098,1
1740,2197,2,34,0,-1,8.71758,-2.62715,1,0.037852,0.40721,0.095,1
1740,2197,2,34,1,0,8.58044,-1.49504,4,-0.281844,0.37156,0.095,1
1740,2197,2,34,2,1,7.73143,-2.463,3,-0.00904587,0.1391,0.095,1
1740,2197,2,34,3,1,9.50903,-2.42282,3,0.00181801,0.658779,0.095,1
1740,2198,2,32,0,-1,6.11635,-14.1805,1,-0.0417323,-0.576519,0.096,1
1740,2198,2,32,1,0,5.47834,-15.1808,4,0.398424,-0.275883,0.096,1
1740,2198,2,32,2,1,6.73462,-15.3771,3,0.418646,-0.0828346,0.096,1
1740,2198,2,32,3,1,5.28056,-13.8527,3,-0.205362,-0.0416679,0.096,1
1740,2199,67,37,0,-1,18.4326,-11.5276,1,-0.0728467,0.628351,0.071,0
1740,2199,67,37,1,0,17.6748,-10.6674,4,-0.353166,0.31958,0.071,0
1740,2199,67,37,2,1,18.4032,-10.3059,3,-0.487936,0.568693,0.071,0
1740,2199,67,37,3,1,17.2974,-11.9211,3,0.256612,0.100339,0.071,0
1740,2200,2,34,0,-1,-0.7552,1.3681,1,-0.36436,0.0695718,0.098,1
1740,2200,2,34,1,0,-1.40766,2.27745,4,0.124577,0.386461,0.098,1
1740,2200,2,34,2,1,-1.85269,1.07909,3,-0.721128,0.665288,0.098,1
1740,2200,2,34,3,1,-0.152483,1.96682,3,-0.048089,-0.111358,0.098,1
1740,2201,2,36,0,-1,-4.07476,-7.89734,1,0.446969,0.263914,0.098,1
1740,2201,2,36,1,0,-3.08146,-7.25055,4,0.586633,0.00244587,0.098,1
1740,2201,2,36,2,1,-4.10532,-6.44026,3,0.686377,0.145162,0.098,1
1740,2201,2,36,3,1,-3.46456,-8.50556,3,0.195835,0.102804,0.098,1
1740,2201,2,36,4,2,-5.24346,-5.72687,3,0.846844,0.362051,0.098,1
1740,2203,2,33,0,-1,9.47983,-6.07245,1,0.0796831,0.26509,0.096,0
1740,2203,2,33,1,0,9.14091,-4.98419,4,0.268828,0.31888,0.096,0
1740,2203,2,33,2,1,8.44284,-6.06017,3,0.170922,0.391188,0.096,0
1740,2206,2,34,0,-1,-13.0499,11.3334,1,-0.397778,-0.258137,0.1,1
1740,2206,2,34,1,0,-13.5399,10.2855,4,0.165441,-0.585364,0.1,1
1740,2206,2,34,2,1,-12.3127,10.3951,3,0.158944,-0.436491,0.1,1
1740,2206,2,34,3,1,-14.0361,11.5055,3,-0.77628,-0.981462,0.1,1
1740,2208,2,36,0,-1,13.3766,-8.15751,1,-0.0756565,-0.0716165,0.096,1
1740,2208,2,36,1,0,12.3296,-8.54595,4,0.00436307,-0.354874,0.096,1
1740,2208,2,36,2,1,13.486,-9.08268,3,-0.163621,-0.637123,0.096,1
1740,2208,2,36,3,1,12.9635,-7.41514,3,-0.300278,-0.175912,0.096,1
1740,2209,2,33,0,-1,-3.75076,9.99198,1,-0.246545,0.2036,0.098,0
1740,2209,2,33,1,0,-3.04571,9.0929,4,-0.172945,0.26446,0.098,0
1740,2212,2,37,0,-1,9.75853,13.7695,1,0.369982,0.0921081,0.102,0
1740,2212,2,37,1,0,9.69193,12.6175,4,0.578737,0.0936847,0.102,0
1740,2214,2,35,0,-1,-16.0807,7.46162,1,-0.0442652,-0.288365,0.098,0
1740,2214,2,35,1,0,-17.2111,7.61436,4,-0.0284677,-0.136222,0.098,0
1740,2216,2,37,0,-1,-4.88864,-7.93975,1,0.43395,0.383819,0.097,0
1740,2216,2,37,1,0,-3.97931,-7.2728,4,0.512778,0.250353,0.097,0
1740,2216,2,37,2,1,-5.25619,-7.16467,3,0.490762,0.305647,0.097,0
1740,2216,2,37,3,1,-4.43342,-8.55463,3,0.231483,0.365312,0.097,0
1740,2217,2,32,0,-1,3.86892,-14.8298,1,0.633983,-0.388759,0.095,0
1740,2217,2,32,1,0,4.27629,-16.0672,4,-1.407,-0.651245,0.095,0
1740,2217,2,32,2,1,5.03328,-14.9939,3,-2.37176,-1.02089,0.095,0
1740,2219,2,33,0,-1,3.14377,9.18717,1,0.0773733,-0.231261,0.099,0
1740,2221,2,36,0,-1,-6.12376,-6.76438,1,0.42499,0.249751,0.096,0
1740,2222,2,37,0,-1,-3.9972,-11.361,1,0.396865,-0.0607769,0.098,0
1740,2222,2,37,1,0,-3.13167,-12.0869,4,0.300351,-0.166121,0.098,0
1740,2223,2,34,0,-1,-0.468708,-10.0576,1,-0.49335,0.320502,0.098,0
1740,2223,2,34,1,0,0.652426,-9.83538,4,-0.395156,-0.164175,0.098,0
1740,2225,2,36,0,-1,9.28027,4.7674,1,-0.32336,0.153369,0.099,0
1740,2225,2,36,1,0,10.1172,3.9612,4,-0.318804,0.169496,0.099,0
1740,2225,2,36,2,1,10.1604,5.21812,3,0.103752,-0.0707986,0.099,0
1740,2226,2,33,0,-1,-3.47762,-14.5886,1,-0.167445,-0.272242,0.097,0
1740,2226,2,33,1,0,-2.9662,-15.6112,4,-0.378311,-0.426215,0.097,0
1770,1816,2,31,0,-1,-0.999569,-10.2483,1,-0.170572,-0.113904,0.096,1
1770,1816,2,31,1,0,-1.7893,-11.0683,4,-0.179926,-0.0956176,0.096,1
1770,1816,2,31,2,1,-0.502497,-11.118,3,-0.175967,-0.0845763,0.096,1
1770,1816,2,31,3,1,-1.6511,-9.75951,3,-0.116697,-0.104358,0.096,1
1770,2069,2,32,0,-1,-7.21489,-16.2272,1,-0.150162,-0.0117649,0.097,1
1770,2069,2,32,1,0,-6.31832,-16.9526,4,-0.232667,-0.228705,0.097,1
1770,2069,2,32,2,1,-6.23063,-15.6362,3,0.0685054,-0.258964,0.097,1
1770,2069,2,32,3,1,-7.6193,-17.0309,3,-0.158248,-0.417222,0.097,1
1770,2073,2,31,0,-1,-1.64217,7.45654,1,-0.199932,0.480216,0.099,1
1770,2073,2,31,1,0,-2.69779,7.91522,4,-0.419438,-0.0433622,0.099,1
1770,2073,2,31,2,1,-2.46206,6.64449,3,-0.0781156,-0.00288059,0.099,1
1770,2073,2,31,3,1,-1.44059,8.28138,3,-0.612442,0.666864,0.099,1
1770,2127,2,36,0,-1,-4.27148,-15.4079,1,0.100773,0.0905658,0.098,1
1770,2127,2,36,1,0,-4.86516,-16.4059,4,0.446169,-0.18957,0.098,1
1770,2127,2,36,2,1,-5.49949,-15.2172,3,-0.081415,-0.522973,0.098,1
1770,2127,2,36,3,1,-3.58202,-16.2058,3,0.302721,0.385877,0.098,1
1770,2136,2,33,0,-1,-9.1646,18.6955,1,-0.262773,0.215947,0.1,1
1770,2136,2,33,1,0,-10.2494,19.1211,4,-0.0988644,0.685535,0.1,1
1770,2136,2,33,2,1,-10.0138,17.9341,3,-0.666027,0.57652,0.1,1
1770,2136,2,33,3,1,-9.01296,19.5314,3,0.0108249,0.281733,0.1,1
1770,2141,2,32,0,-1,9.40239,7.14394,1,0.439753,0.161174,0.099,1
1770,2141,2,32,1,0,10.5758,7.21764,4,0.181681,-0.0875018,0.099,1
1770,2141,2,32,2,1,9.5731,7.97336,3,0.0851049,-0.107139,0.099,1
1770,2141,2,32,3,1,9.6725,6.25604,3,0.520376,-0.505832,0.099,1
1770,2157,2,32,0,-1,11.2724,-5.92429,1,0.128948,-0.77916,0.096,1
1770,2157,2,32,1,0,11.0603,-7.05365,4,-0.475626,-0.638787,0.096,1
1770,2157,2,32,2,1,12.1887,-6.46781,3,-0.212522,-1.09785,0.096,1
1770,2157,2,32,3,1,10.4316,-5.89338,3,0.275326,-0.20525,0.096,1
1770,2159,2,32,0,-1,3.1703,9.17233,1,0.170207,0.296151,0.1,1
1770,2159,2,32,1,0,3.42447,10.295,4,0.395343,0.242763,0.1,1
1770,2159,2,32,2,1,2.24791,9.78662,3,0.250013,0.500739,0.1,1
1770,2159,2,32,3,1,3.99853,9.11592,3,0.110556,0.10925,0.1,1
1770,2164,2,36,0,-1,-4.64112,-9.32857,1,0.187017,0.45707,0.097,1
1770,2164,2,36,1,0,-4.45211,-8.19866,4,0.180075,0.459651,0.097,1
1770,2164,2,36,2,1,-5.56505,-8.84594,3,0.175675,0.466519,0.097,1
1770,2164,2,36,3,1,-3.80543,-9.32787,3,0.181295,0.465391,0.097,1
1770,2173,2,37,0,-1,-11.7912,-4.04084,1,0.498253,0.0705205,0.098,1
1770,2173,2,37,1,0,-10.6772,-4.31796,4,0.388164,-0.337456,0.098,1
1770,2173,2,37,2,1,-11.1791,-3.14624,3,0.88653,-0.106662,0.098,1
1770,2173,2,37,3,1,-11.9178,-4.86456,3,0.205274,0.0686146,0.098,1
1770,2176,2,35,0,-1,19.4807,3.21689,1,0.103984,-0.480439,0.1,1
1770,2176,2,35,1,0,19.242,2.09791,4,-0.0587174,-0.445269,0.1,1
1770,2176,2,35,2,1,20.3872,2.67504,3,0.0232749,-0.607841,0.1,1
1770,2176,2,35,3,1,18.6558,3.26932,3,0.114415,-0.357711,0.1,1
1770,2178,2,33,0,-1,-1.30894,-4.51721,1,-0.0209222,-0.506572,0.098,1
1770,2178,2,33,1,0,-1.97522,-5.44273,4,-0.443344,-0.230811,0.098,1
1770,2178,2,33,2,1,-0.700015,-5.34058,3,-0.431773,-0.48825,0.098,1
1770,2178,2,33,3,1,-1.99987,-4.1227,3,-0.234733,-0.241191,0.098,1
1770,2180,2,33,0,-1,5.16655,5.43522,1,0.184983,-0.107175,0.101,1
1770,2180,2,33,1,0,6.26495,5.1018,4,0.213878,0.0100058,0.101,1
1770,2180,2,33,2,1,5.70231,6.259,3,0.182863,-0.00500634,0.101,1
1770,2180,2,33,3,1,5.02419,4.60075,3,0.264575,-0.125545,0.101,1
1770,2181,2,33,0,-1,11.2839,17.3762,1,0.263527,-0.409273,0.099,1
1770,2181,2,33,1,0,12.2074,16.7075,4,0.233963,-0.453081,0.099,1
1770,2181,2,33,2,1,12.1431,17.9892,3,0.239794,-0.433943,0.099,1
1770,2181,2,33,3,1,10.8933,16.648,3,0.244487,-0.399808,0.099,1
1770,2190,2,33,0,-1,12.9353,-0.77373,1,-0.117601,0.10229,0.095,1
1770,2190,2,33,1,0,11.9477,-0.173711,4,0.0190999,0.285811,0.095,1
1770,2190,2,33,2,1,11.9383,-1.46128,3,-0.145105,0.279187,0.095,1
1770,2190,2,33,3,1,13.2384,0.0674259,3,0.0716032,0.105784,0.095,1
1770,2196,2,37,0,-1,-7.81119,-8.90785,1,0.0625753,0.347853,0.098,1
1770,2196,2,37,1,0,-8.28134,-7.88674,4,-0.0467763,0.232784,0.098,1
1770,2196,2,37,2,1,-7.11201,-8.5603,3,0.0540392,0.405205,0.098,1
1770,2196,2,37,3,1,-8.81556,-9.05941,3,0.0237867,0.171344,0.098,1
1770,2197,2,34,0,-1,6.67395,2.72373,1,0.14162,0.0392044,0.095,1
1770,2197,2,34,1,0,7.70081,3.20919,4,0.144712,-0.0213351,0.095,1
1770,2197,2,34,3,1,7.09778,2.03757,3,0.0627514,-0.00527223,0.095,1
1770,2206,2,34,0,-1,-10.0956,16.1077,1,0.209799,0.196884,0.1,1
1770,2206,2,34,1,0,-9.05842,16.5787,4,0.31667,-0.0293727,0.1,1
1770,2206,2,34,2,1,-10.1754,17.0643,3,0.441293,0.260651,0.1,1
1770,2206,2,34,3,1,-9.66949,15.416,3,0.182157,0.0449725,0.1,1
1770,2208,2,36,0,-1,19.2973,-11.0546,1,0.259681,-0.318287,0.096,1
1770,2208,2,36,1,0,19.5138,-12.152,4,0.120709,-0.344354,0.096,1
1770,2208,2,36,2,1,20.247,-11.1237,3,0.156641,-0.378141,0.096,1
1770,2208,2,36,3,1,18.459,-11.3702,3,0.243537,-0.178273,0.096,1
1770,2217,2,32,0,-1,2.78564,-14.7368,1,-0.230485,-0.10626,0.095,1
1770,2217,2,32,1,0,1.70548,-15.1242,4,-0.418768,0.409182,0.095,1
1770,2217,2,32,2,1,2.815,-15.741,3,-0.616481,0.0273633,0.095,1
1770,2217,2,32,3,1,2.41415,-14.0151,3,-0.0715926,0.17861,0.095,1
1770,2219,2,33,0,-1,3.51856,8.43516,1,0.0376748,0.218201,0.099,0
1770,2219,2,33,1,0,3.43606,7.28752,4,-0.525677,0.251958,0.099,0
1770,2219,2,33,2,1,4.55785,7.93058,3,-0.151878,-0.381397,0.099,0
1770,2222,2,37,0,-1,-5.01131,-15.5794,1,0.210831,-0.439064,0.098,0
1770,2222,2,37,1,0,-5.18312,-14.4186,4,-0.373404,-0.556206,0.098,0
1770,2225,2,36,0,-1,20.9554,1.4244,1,0.0253433,-0.407735,0.099,1
1770,2225,2,36,1,0,20.6273,0.335428,4,-0.00730887,-0.372122,0.099,1
1770,2225,2,36,2,1,21.81,0.851441,3,0.0149661,-0.357546,0.099,1
1770,2225,2,36,3,1,20.1474,1.56259,3,0.0753911,-0.335722,0.099,1
1770,2226,2,33,0,-1,0.416618,-22.8021,1,-0.246095,0.0227112,0.097,1
1770,2226,2,33,1,0,-0.448117,-23.5486,4,-0.322549,0.109059,0.097,1
1770,2226,2,33,2,1,0.822931,-23.66,3,-0.333578,0.0016852,0.097,1
1770,2226,2,33,3,1,-0.184952,-22.2608,3,-0.193294,0.0816522,0.097,1
1770,2231,2,34,0,-1,1.32032,8.19238,1,-0.088812,0.411677,0.102,1
1770,2231,2,34,1,0,1.06809,9.31393,4,0.276369,0.499429,0.102,1
1770,2231,2,34,2,1,0.179767,8.3256,3,-0.12792,0.878892,0.102,1
1770,2231,2,34,3,1,2.09417,8.48539,3,-0.00102865,0.17291,0.102,1
1770,2232,2,34,0,-1,14.0252,-7.12546,1,-0.540581,0.453999,0.094,1
1770,2232,2,34,1,0,14.3869,-6.02929,4,0.139446,0.229141,0.094,1
1770,2232,2,34,2,1,13.1196,-6.30811,3,0.048034,0.756253,0.094,1
1770,2232,2,34,3,1,14.9391,-7.22878,13,-0.607998,-0.113514,0.094,1
1770,2234,2,34,0,-1,-5.17175,9.78665,1,0.439784,-0.409672,0.1,1
1770,2234,2,34,1,0,-5.0915,8.63016,4,0.264055,-0.414951,0.1,1
1770,2234,2,34,2,1,-4.37299,9.57178,3,0.401401,-0.530702,0.1,1
1770,2234,2,34,3,1,-6.04342,9.52897,3,0.439293,-0.201401,0.1,1
1770,2238,2,34,0,-1,13.1412,12.8758,1,-0.259394,-0.508746,0.099,1
1770,2238,2,34,1,0,12.8204,11.738,4,-0.843071,-0.332688,0.099,1
1770,2238,2,34,2,1,13.8644,12.3913,3,-0.444568,-0.79841,0.099,1
1770,2238,2,34,3,1,12.3519,12.9587,3,-0.140988,-0.0553698,0.099,1
1770,2241,2,35,0,-1,0.297064,1.08512,1,0.262146,-0.206488,0.097,1
1770,2241,2,35,1,0,1.3894,0.715674,4,0.277274,-0.169426,0.097,1
1770,2241,2,35,2,1,0.946448,1.92182,3,0.196899,-0.207846,0.097,1
1770,2241,2,35,3,1,0.128058,0.263556,3,0.28575,-0.206081,0.097,1
1770,2242,2,37,0,-1,13.9534,-9.05772,1,-0.1851,0.381857,0.095,1
1770,2242,2,37,1,0,12.8512,-8.83853,4,-0.289352,-0.142288,0.095,1
1770,2242,2,37,2,1,13.4465,-9.96649,3,0.162418,0.0737392,0.095,1
1770,2242,2,37,3,1,13.9201,-8.07257,3,-0.669123,0.366898,0.095,1
1770,2244,2,33,0,-1,-1.81793,-19.4946,1,-0.043864,0.0202765,0.096,1
1770,2244,2,33,1,0,-2.50996,-18.5704,4,-0.739898,-0.243427,0.096,1
1770,2244,2,33,2,1,-3.47639,-19.5552,3,-1.3883,0.643669,0.096,1
1770,2244,2,33,3,1,-1.24646,-18.9548,3,-0.682289,0.0129435,0.096,1
1770,2246,2,38,0,-1,-9.38064,-16.1091,1,0.0331644,-0.593684,0.099,1
1770,2246,2,38,1,0,-10.4161,-16.61,4,-0.193414,-0.118566,0.099,1
1770,2246,2,38,2,1,-9.87721,-15.4159,3,0.348935,-0.3724,0.099,1
1770,2246,2,38,3,1,-9.27515,-17.2169,3,-0.437961,-0.574858,0.099,1
1770,2247,2,35,0,-1,0.711654,8.69969,1,0.013069,0.509368,0.102,0
1770,2247,2,35,1,0,0.309275,9.77238,4,0.154099,0.549028,0.102,0
1770,2247,2,35,2,1,-0.475227,8.7534,3,-0.250138,0.803751,0.102,0
1770,2248,2,35,0,-1,-4.4522,10.2191,1,0.509728,-0.534217,0.101,0
1770,2248,2,35,1,0,-3.79972,9.22081,4,0.257168,-0.702687,0.101,0
1770,2248,2,35,2,1,-3.27504,10.3091,3,0.435432,-0.770149,0.101,0
1770,2250,2,35,0,-1,-8.41839,14.6592,1,0.169743,-0.409364,0.099,1
1770,2250,2,35,1,0,-8.63281,13.5322,4,-0.336416,-0.295922,0.099,1
1770,2250,2,35,2,1,-7.51911,14.008,3,-0.259118,-0.480586,0.099,1
1770,2250,2,35,3,1,-9.23132,14.7055,3,0.166419,-0.0218033,0.099,1
1770,2251,2,33,0,-1,-6.87795,-15.4418,1,0.273793,-0.158943,0.096,0
1770,2251,2,33,1,0,-6.14444,-16.2389,4,0.350268,-0.141085,0.096,0
1770,2251,2,33,2,1,-6.29445,-14.8954,3,0.418263,-0.0976526,0.096,0
1770,2254,2,32,0,-1,-0.23044,-10.0223,1,-0.216295,0.00288391,0.097,0
1770,2256,2,33,0,-1,9.87395,-2.09691,1,0.355294,0.593943,0.095,1
1770,2256,2,33,1,0,9.98475,-0.952425,4,-0.300452,0.658585,0.095,1
1770,2256,2,33,2,1,8.86059,-1.60854,3,0.170589,-0.149661,0.095,1
1770,2256,2,33,3,1,10.7895,-1.98472,3,0.260092,1.08665,0.095,1
1770,2259,2,38,0,-1,-11.7505,-7.91381,1,-0.00720742,0.704219,0.099,1
1770,2259,2,38,1,0,-10.7815,-7.29679,4,0.403956,0.0517151,0.099,1
1770,2259,2,38,2,1,-11.9501,-6.72347,3,0.758043,0.808444,0.099,1
1770,2259,2,38,3,1,-11.1628,-8.56369,3,-0.378356,0.288813,0.099,1
1770,2260,2,34,0,-1,-7.12041,12.2934,1,-0.335316,-0.0372879,0.101,1
1770,2260,2,34,1,0,-8.05929,12.9455,4,-0.342407,-0.0702962,0.101,1
1770,2260,2,34,2,1,-7.88247,11.7388,3,-0.154914,-0.0426424,0.101,1
1770,2260,2,34,3,1,-6.67023,13.0637,3,-0.346735,-0.140299,0.101,1
1770,2262,2,33,0,-1,15.7783,12.4799,1,-0.0514698,0.620247,0.1,1
1770,2262,2,33,1,0,14.6332,12.5897,4,-0.168201,-0.0431212,0.1,1
1770,2262,2,33,2,1,15.1915,11.4164,3,0.437611,0.216096,0.1,1
1770,2262,2,33,3,1,15.5999,13.4661,3,-0.738554,0.665087,0.1,1
1770,2263,2,37,0,-1,-7.89072,-14.8842,1,0.265879,-0.411543,0.098,1
1770,2263,2,37,1,0,-6.98282,-14.1922,4,-0.0654737,0.071675,0.098,1
1770,2263,2,37,2,1,-8.20926,-13.748,3,-0.264908,-0.580235,0.098,1
1770,2263,2,37,3,1,-7.36082,-15.4493,3,-0.102131,0.201566,0.098,1
1770,2266,2,34,0,-1,5.69839,4.85051,1,0.264348,-0.0565197,0.102,0
1770,2266,2,34,1,0,6.80759,4.53946,4,0.33876,0.113527,0.102,0
1770,2266,2,34,2,1,6.48523,5.81475,3,0.22817,0.0668374,0.102,0
1770,2269,2,34,0,-1,13.4649,-1.39376,1,-0.0922779,0.150544,0.096,0
1770,2269,2,34,1,0,13.1053,-2.41655,4,-0.276955,0.231761,0.096,0
1770,2269,2,34,2,1,14.3782,-2.19633,3,-0.272218,0.179886,0.096,0
1770,2270,2,35,0,-1,-14.0231,15.0924,1,-0.724256,-0.630919,0.099,1
1770,2270,2,35,1,0,-13.6706,13.9914,4,0.0340245,-0.382882,0.099,1
1770,2270,2,35,2,1,-12.8423,14.9101,3,-0.549116,0.16748,0.099,1
1770,2270,2,35,3,1,-14.8419,14.5908,3,-0.371249,-1.16021,0.099,1
1770,2273,2,38,0,-1,-7.57898,-8.11954,1,0.0851467,0.381471,0.099,0
1770,2273,2,38,1,0,-6.4241,-8.1623,4,0.0989497,0.5093,0.099,0
1770,2274,2,34,0,-1,1.14374,-22.4608,1,-0.174499,-0.12733,0.096,0
1770,2277,2,38,0,-1,-11.2694,-4.64808,1,0.228966,-0.176806,0.099,0
1770,2279,2,35,0,-1,13.1952,13.7079,1,-0.31382,-0.498063,0.1,0
1770,2279,2,35,1,0,13.9826,14.5527,4,-0.412352,-0.39467,0.1,0
1770,2279,2,35,2,1,12.7196,14.8772,3,-0.411481,-0.346509,0.1,0
1770,2280,2,36,0,-1,-0.5122,1.10717,1,0.257656,-0.165523,0.098,0
1770,2280,2,36,1,0,-1.65297,1.14455,4,0.25387,-0.153647,0.098,0
1770,2281,2,34,0,-1,-8.41462,19.0273,1,-0.171206,-0.00364008,0.099,0
1770,2281,2,34,1,0,-7.42663,19.6024,4,-0.241143,0.12245,0.099,0
1770,2283,2,33,0,-1,10.0319,6.65297,1,0.245846,-0.383284,0.1,0
1770,2283,2,33,1,0,10.693,5.72865,4,0.0525654,-0.558209,0.1,0
1770,2285,2,34,0,-1,-2.53399,-19.7124,1,-0.285125,-0.126576,0.097,0
1770,2287,2,36,0,-1,-7.89858,15.2676,1,0.132654,-0.372937,0.098,0
1799.99,2073,2,31,0,-1,-1.33907,7.82769,1,0.026878,0.267074,0.099,1
1799.99,2073,2,31,1,0,-1.14864,8.97495,4,0.184015,0.245952,0.099,1
1799.99,2073,2,31,2,1,-2.34144,8.48576,3,0.117739,0.408583,0.099,1
1799.99,2073,2,31,3,1,-0.518017,7.83444,3,-0.101821,0.113707,0.099,1
1799.99,2127,2,36,0,-1,-0.86484,-14.1092,1,-0.476463,-0.359235,0.098,1
1799.99,2127,2,36,1,0,-1.47608,-15.092,4,-0.0250779,-0.653161,0.098,1
1799.99,2127,2,36,2,1,-1.62757,-13.7997,3,-0.702515,-0.730022,0.098,1
1799.99,2127,2,36,3,1,-0.189318,-15.023,3,0.000777151,-0.464909,0.098,1
1799.99,2157,2,32,0,-1,8.64623,-6.73649,1,0.112949,0.419557,0.096,1
1799.99,2157,2,32,1,0,9.7311,-6.35452,4,0.381316,-0.254126,0.096,1
1799.99,2157,2,32,2,1,8.69198,-5.58695,3,0.951178,0.518966,0.096,1
1799.99,2157,2,32,3,1,9.05743,-7.4895,3,-0.282434,0.169188,0.096,1
1799.99,2164,2,36,0,-1,-5.7258,-8.07756,1,-0.353141,-0.099985,0.097,1
1799.99,2164,2,36,1,0,-6.69531,-8.67212,4,-0.310647,-0.178138,0.097,1
1799.99,2164,2,36,2,1,-5.45473,-9.01463,3,-0.260094,0.0563838,0.097,1
1799.99,2164,2,36,3,1,-6.22679,-7.44462,3,-0.351292,-0.142142,0.097,1
1799.99,2173,2,37,0,-1,-4.45624,0.828114,1,0.364679,-0.0254364,0.098,1
1799.99,2173,2,37,1,0,-3.35026,0.815703,4,0.325117,0.0360378,0.098,1
1799.99,2173,2,37,2,1,-4.22339,1.77309,3,0.220528,-0.046633,0.098,1
1799.99,2173,2,37,3,1,-4.49058,0.0849449,3,0.317006,0.0109736,0.098,1
1799.99,2181,2,33,0,-1,16.1354,22.6478,1,0.0592821,0.138981,0.099,1
1799.99,2181,2,33,1,0,15.6054,23.66,4,-0.218424,-0.000902914,0.099,1
1799.99,2181,2,33,2,1,15.055,22.4973,3,0.114018,-0.170199,0.099,1
1799.99,2181,2,33,3,1,16.807,23.1506,3,-0.0801982,0.319249,0.099,1
1799.99,2222,2,37,0,-1,-1.86249,-12.708,1,-0.584896,-0.231521,0.098,1
1799.99,2222,2,37,1,0,-2.7363,-13.3622,4,-0.571202,-0.168829,0.098,1
1799.99,2222,2,37,2,1,-1.88499,-12.2294,3,-0.53325,-0.159312,0.098,1
1799.99,2222,2,37,3,1,-2.37478,-12.1227,3,-0.684797,-0.117218,0.098,1
1799.99,2226,2,33,0,-1,4.88848,-16.7204,1,-0.222366,0.208292,0.097,1
1799.99,2226,2,33,1,0,3.7425,-16.7215,4,-0.282098,-0.268533,0.097,1
1799.99,2226,2,33,2,1,4.55492,-17.7018,3,0.0441426,0.0534515,0.097,1
1799.99,2226,2,33,3,1,4.71124,-15.8145,3,-0.806755,0.165618,0.097,1
1799.99,2232,2,34,0,-1,14.36,-8.20909,1,0.129433,0.189201,0.094,1
1799.99,2232,2,34,1,0,14.72,-7.12077,4,0.331748,0.123627,0.094,1
1799.99,2232,2,34,2,1,13.4086,-7.20643,3,0.332726,0.369951,0.094,1
1799.99,2232,2,34,3,1,15.1595,-8.36648,13,0.112765,0.0477291,0.094,1
1799.99,2234,2,34,0,-1,-11.1571,16.6717,1,-0.28652,0.505104,0.1,1
1799.99,2234,2,34,1,0,-10.5805,17.6625,4,0.176368,0.231576,0.1,1
1799.99,2234,2,34,2,1,-11.7988,17.531,3,0.106291,0.844128,0.1,1
1799.99,2234,2,34,3,1,-10.3657,16.3664,3,-0.428442,0.130857,0.1,1
1799.99,2238,2,34,0,-1,17.9992,4.89985,1,0.00970724,-0.416171,0.099,1
1799.99,2238,2,34,1,0,17.0909,4.18782,4,-0.225958,-0.162617,0.099,1
1799.99,2238,2,34,2,1,18.3174,3.79887,3,-0.332319,-0.431601,0.099,1
1799.99,2238,2,34,3,1,17.3721,5.46283,3,0.0825979,-0.254317,0.099,1
1799.99,2241,2,35,0,-1,2.22796,-0.282537,1,-0.0386256,-0.25939,0.097,1
1799.99,2241,2,35,1,0,2.36372,-1.41141,4,-0.258258,-0.373219,0.097,1
1799.99,2241,2,35,2,1,3.23418,-0.482674,3,-0.265366,-0.382331,0.097,1
1799.99,2241,2,35,3,1,1.44335,-0.362172,3,-0.221106,-0.376995,0.097,1
1799.99,2242,2,37,0,-1,5.2097,-6.619,1,-0.80891,-0.00888474,0.095,1
1799.99,2242,2,37,1,0,4.49782,-5.69743,4,-0.386755,0.483758,0.095,1
1799.99,2242,2,37,2,1,4.34339,-6.92684,3,-0.606441,0.576585,0.095,1
1799.99,2242,2,37,3,1,5.79026,-5.82714,3,-0.455216,0.119719,0.095,1
1799.99,2244,2,33,0,-1,8.1787,-17.014,1,0.586943,0.19735,0.096,1
1799.99,2244,2,33,1,0,8.7985,-16.0428,4,0.300974,0.402126,0.096,1
1799.99,2244,2,33,2,1,7.54679,-16.205,3,0.496149,-0.143437,0.096,1
1799.99,2244,2,33,3,1,9.0365,-17.3376,3,0.541378,0.461905,0.096,1
1799.99,2248,2,35,0,-1,-14.2419,12.0201,1,-0.338797,-0.110994,0.101,1
1799.99,2248,2,35,1,0,-15.3497,12.416,4,-0.292524,0.0497733,0.101,1
1799.99,2248,2,35,2,1,-15.105,11.2327,3,-0.354373,0.0557179,0.101,1
1799.99,2248,2,35,3,1,-14.1245,12.8692,3,-0.146216,-0.497246,0.101,1
1799.99,2250,2,35,0,-1,-17.1217,10.2789,1,-1.06931,-0.276062,0.099,1
1799.99,2250,2,35,1,0,-17.8237,9.37257,4,-0.727831,-0.564581,0.099,1
1799.99,2250,2,35,2,1,-16.5954,9.38063,3,-0.741664,0.103168,0.099,1
1799.99,2250,2,35,3,1,-18.0078,10.6696,3,-1.10067,-0.639433,0.099,1
1799.99,2259,2,38,0,-1,-17.3827,-10.8846,1,0.36076,-0.142182,0.099,1
1799.99,2259,2,38,1,0,-16.2294,-11.1251,4,0.44457,0.0171365,0.099,1
1799.99,2259,2,38,2,1,-16.9087,-10.0368,3,0.146505,-0.204391,0.099,1
1799.99,2259,2,38,3,1,-17.3863,-11.7924,3,0.645306,-0.351121,0.099,1
1799.99,2260,2,34,0,-1,-13.5379,9.58929,1,-0.392789,-0.168088,0.101,1
1799.99,2260,2,34,1,0,-13.9274,8.52566,4,-0.0338191,-0.281139,0.101,1
1799.99,2260,2,34,2,1,-12.705,8.86542,3,-0.16649,-0.00139603,0.101,1
1799.99,2260,2,34,3,1,-14.6035,9.80139,3,-0.5168,-0.489487,0.101,1
1799.99,2262,2,33,0,-1,13.4779,9.92696,1,0.0852512,-0.667365,0.1,1
1799.99,2262,2,33,1,0,14.1147,8.94455,4,0.0408089,-0.726382,0.1,1
1799.99,2262,2,33,2,1,14.7595,10.0531,3,0.366628,-0.900382,0.1,1
1799.99,2262,2,33,3,1,12.8669,9.34251,3,0.201042,-0.327027,0.1,1
1799.99,2263,2,37,0,-1,-16.8508,-12.0954,1,0.282272,0.0258219,0.098,1
1799.99,2263,2,37,1,0,-15.748,-11.8318,4,0.296322,-0.00828899,0.098,1
1799.99,2263,2,37,2,1,-16.886,-11.2835,3,0.473428,0.25095,0.098,1
1799.99,2263,2,37,3,1,-16.6086,-12.8151,3,0.152146,0.155677,0.098,1
1799.99,2270,2,35,0,-1,-9.5415,11.0481,1,0.27876,0.144495,0.099,1
1799.99,2270,2,35,1,0,-8.50599,11.5358,4,0.226044,0.289764,0.099,1
1799.99,2270,2,35,2,1,-9.63078,12.0082,3,0.239048,0.298335,0.099,1
1799.99,2270,2,35,3,1,-9.07979,10.362,3,0.347511,0.227148,0.099,1
1799.99,2274,2,34,0,-1,5.61931,-17.0991,1,0.207792,1.13073,0.096,0
1799.99,2277,2,38,0,-1,-3.87259,0.228323,1,0.395112,-0.00940745,0.099,0
1799.99,2277,2,38,1,0,-4.6115,-0.670631,4,0.35625,0.0226512,0.099,0
1799.99,2279,2,35,0,-1,12.3966,16.9178,1,0.476501,0.758132,0.1,1
1799.99,2279,2,35,1,0,13.5365,16.7695,4,0.35355,-0.0974267,0.1,1
1799.99,2279,2,35,2,1,13.1178,18.0182,3,1.23394,0.233769,0.1,1
1799.99,2279,2,35,3,1,12.4402,16.0205,3,-0.202095,0.717708,0.1,1
1799.99,2280,2,36,0,-1,6.32266,8.62531,1,0.593443,0.12411,0.098,1
1799.99,2280,2,36,1,0,7.39533,9.0232,4,0.707439,-0.20635,0.098,1
1799.99,2280,2,36,2,1,6.30195,9.68107,3,0.95096,0.233262,0.098,1
1799.99,2280,2,36,3,1,6.65839,7.88236,3,0.348214,0.0114251,0.098,1
1799.99,2283,2,33,0,-1,9.68408,11.5874,1,-0.505299,0.627214,0.1,1
1799.99,2283,2,33,1,0,8.52995,11.5162,4,-0.419888,0.0121667,0.1,1
1799.99,2283,2,33,2,1,9.37943,10.5613,3,-0.0308565,0.301697,0.1,1
1799.99,2283,2,33,3,1,9.48062,12.4162,3,-0.834182,0.468852,0.1,1
1799.99,2287,2,36,0,-1,-13.6913,13.4313,1,-0.315645,0.142675,0.098,1
1799.99,2287,2,36,1,0,-14.748,12.8803,4,-0.294887,0.324634,0.098,1
1799.99,2287,2,36,2,1,-13.5663,12.5614,3,-0.262786,-0.185586,0.098,1
1799.99,2287,2,36,3,1,-14.1826,14.0405,3,-0.291853,0.312481,0.098,1
1799.99,2290,2,39,0,-1,-8.95776,-10.7197,1,0.366455,-0.239298,0.1,1
1799.99,2290,2,39,1,0,-7.86337,-10.3954,5,0.261567,0.0376129,0.1,1
1799.99,2290,2,39,2,1,-8.66772,-9.37146,3,-0.385414,-0.322369,0.1,1
1799.99,2290,2,39,3,1,-8.26431,-11.6772,3,0.337135,-0.0172004,0.1,1
1799.99,2293,2,34,0,-1,18.5782,10.4484,1,-0.105283,0.244963,0.1,1
1799.99,2293,2,34,1,0,17.693,11.1532,4,-0.0437845,0.297251,0.1,1
1799.99,2293,2,34,2,1,17.7106,9.86707,3,-0.151124,0.291145,0.1,1
1799.99,2293,2,34,3,1,19.0488,11.1272,3,-0.0325389,0.0914839,0.1,1
1799.99,2295,69,35,0,-1,13.6809,-8.62535,1,0.191194,0.0504469,0.069,0
1799.99,2295,69,35,1,0,12.5457,-8.40364,4,0.0838235,-0.0410235,0.069,0
1799.99,2295,69,35,2,1,13.1291,-9.60102,3,0.149122,0.0746674,0.069,0
1799.99,2295,69,35,3,1,13.729,-7.83941,13,-0.0099946,0.0106585,0.069,0
1799.99,2299,2,33,0,-1,8.27183,-7.45655,1,-0.204255,0.550862,0.095,0
1799.99,2299,2,33,1,0,7.13863,-7.3658,4,-0.20921,0.0814417,0.095,0
1799.99,2299,2,33,2,1,7.85911,-8.44103,3,0.208571,0.338413,0.095,0
1799.99,2300,2,36,0,-1,12.6643,12.8848,1,0.146003,-0.117317,0.099,1
1799.99,2300,2,36,1,0,11.6415,12.3668,4,-0.0485775,0.166578,0.099,1
1799.99,2300,2,36,2,1,12.7356,11.6579,3,-0.361678,-0.314492,0.099,1
1799.99,2300,2,36,3,1,12.1466,13.5778,3,0.0703817,0.066839,0.099,1
1799.99,2305,2,36,0,-1,-11.3478,0.572533,1,-0.149541,-0.457909,0.098,1
1799.99,2305,2,36,1,0,-11.7083,-0.512183,4,-0.158784,-0.454905,0.098,1
1799.99,2305,2,36,2,1,-10.5727,-0.0797969,3,-0.145562,-0.490389,0.098,1
1799.99,2305,2,36,3,1,-12.1591,0.71979,3,-0.146131,-0.448158,0.098,1
1799.99,2309,2,35,0,-1,18.5508,5.49182,1,0.075508,-0.450864,0.099,0
1799.99,2311,2,38,0,-1,10.5354,-11.4442,1,-0.20291,-0.0129942,0.094,1
1799.99,2311,2,38,1,0,9.41998,-11.5355,12,-0.188568,-0.213039,0.094,1
1799.99,2311,2,38,2,1,10.3486,-12.4004,3,-0.0743098,-0.0928241,0.094,1
1799.99,2311,2,38,3,1,10.2961,-10.5607,3,-0.364518,-0.0571265,0.094,1
1799.99,2313,2,32,0,-1,-1.06683,7.04424,1,-0.433126,0.138618,0.1,0
1799.99,2313,2,32,1,0,-0.14057,6.35697,4,-0.258362,0.44668,0.1,0
1799.99,2314,2,34,0,-1,2.65677,-12.881,1,-0.0143753,0.266255,0.095,1
1799.99,2314,2,34,1,0,2.19103,-11.8377,4,-0.0856952,0.248018,0.095,1
1799.99,2314,2,34,2,1,1.59794,-13.0021,3,0.174843,0.130699,0.095,1
1799.99,2314,2,34,3,1,3.33993,-12.4526,3,-0.0615071,0.28158,0.095,1
1799.99,2315,2,36,0,-1,1.81145,-0.943748,1,0.167502,-0.217576,0.097,0
1799.99,2315,2,36,1,0,0.741415,-0.539105,4,0.289329,-0.117565,0.097,0
1799.99,2315,2,36,2,1,1.49055,-1.58424,3,-0.00676854,-0.485584,0.097,0
1799.99,2317,2,36,0,-1,-14.2409,9.18117,1,-0.25273,-0.612209,0.1,1
1799.99,2317,2,36,1,0,-14.4906,8.05259,4,0.194473,-0.833456,0.1,1
1799.99,2317,2,36,2,1,-13.3114,8.47532,3,0.0795897,-0.73756,0.1,1
1799.99,2317,2,36,3,1,-15.0428,9.22281,3,0.115988,-0.966904,0.1,1
1799.99,2318,2,35,0,-1,-12.799,9.88025,1,-0.426795,-0.0911513,0.1,0
1799.99,2318,2,35,1,0,-11.6638,9.95152,4,-0.494227,0.629596,0.1,0
1799.99,2320,2,38,0,-1,-10.9907,-13.3301,1,-0.305196,-0.442118,0.099,1
1799.99,2320,2,38,1,0,-11.6262,-14.2828,4,0.0383781,-0.671734,0.099,1
1799.99,2320,2,38,2,1,-10.3518,-14.096,3,0.00183767,-0.371198,0.099,1
1799.99,2320,2,38,3,1,-11.7575,-12.986,3,-0.38045,-0.700927,0.099,1
1799.99,2322,2,36,0,-1,-10.2796,10.7237,1,0.12139,0.471244,0.098,0
1799.99,2323,70,37,0,-1,-13.1622,14.0428,1,-0.421988,0.273637,0.123,0
1799.99,2325,2,35,0,-1,18.392,11.2356,1,-0.116024,0.259889,0.099,0
1799.99,2328,2,39,0,-1,12.0227,-9.4221,1,0.426083,0.167215,0.093,1
1799.99,2328,2,39,1,0,12.9967,-8.8778,12,0.354586,0.264304,0.093,1
1799.99,2328,2,39,2,1,11.7631,-8.58591,3,0.306204,0.209265,0.093,1
1799.99,2328,2,39,3,1,12.5669,-10.1039,3,0.531715,0.193077,0.093,1
1799.99,2330,2,35,0,-1,3.18916,-13.4808,1,-0.127386,0.143765,0.096,0
1799.99,2330,2,35,1,0,2.50276,-14.3879,4,0.0856461,-0.0209921,0.096,0
1799.99,2330,2,35,2,1,3.80962,-14.3615,3,0.0872003,0.153244,0.096,0
1799.99,2331,2,36,0,-1,-13.428,11.8529,1,-0.371348,-0.358911,0.102,0
1799.99,2331,2,36,1,0,-12.3452,11.4775,4,-0.378557,-0.436763,0.102,0
1799.99,2331,2,36,2,1,-12.7821,12.6051,3,-0.238957,-0.396372,0.102,0
1799.99,2332,2,39,0,-1,-18.5776,-10.7832,1,-0.150805,-0.220608,0.099,1
1799.99,2332,2,39,1,0,-19.3341,-9.92177,4,-0.214585,-0.244752,0.099,1
1799.99,2332,2,39,2,1,-19.3741,-11.2039,3,-0.125916,-0.226909,0.099,1
1799.99,2332,2,39,3,1,-18.0289,-9.99467,3,-0.195034,0.17575,0.099,1
1799.99,2334,2,38,0,-1,5.73609,-7.2913,1,-0.119286,0.375405,0.094,0
1799.99,2334,2,38,1,0,6.06829,-8.38221,4,-0.352124,0.207035,0.094,0
1799.99,2335,2,34,0,-1,12.7032,10.2727,1,0.290858,-0.21033,0.101,0
1799.99,2335,2,34,1,0,11.647,10.786,4,0.314863,-0.207104,0.101,0
1799.99,2335,2,34,2,1,11.7343,9.50326,3,0.494281,-0.164947,0.101,0
1799.99,2338,2,34,0,-1,7.36439,-16.9785,1,0.579937,-0.079041,0.096,0
1799.99,2338,2,34,1,0,6.95504,-15.8954,4,0.706265,0.0253192,0.096,0
1799.99,2340,2,40,0,-1,-9.23797,-9.96209,1,1.09061,0.0795678,0.1,0
1799.99,2341,2,37,0,-1,12.9762,13.6226,1,0.187382,-0.116003,0.099,0
