seconds,id,lineage,generation,cells,genome_nodes,modules,branches,width,height,speed,heading,motors,sensors,storage,attackers,neural_rate,geometry_rate,property_rate,role_rate,insert_rate,erase_rate,duplication_rate,deletion_rate,copy_rate,move_rate,constructor_rate,meta_rate,neural_magnitude,geometry_magnitude,property_magnitude,acquired_energy,extracted_energy,converted_energy,age,parent,parent_lineage,defenders,memory,senders,receivers,paid_thrust
0,0,1,0,5,5,1,1,2.07512,1.3085,0,0.179999,0,0,13.2,0,0.34,0.24,0.14,0.035,0.04,0.025,0.008,0.004,0.01,0.006,0.035,0.002,1,1,1,0,0,0,0,4294967295,4294967295,0,0,0,0,0
0,1,2,0,4,4,1,1,1.31228,1.39245,0,-0.70792,2,1,4.8,0,0.34,0.24,0.14,0.035,0.04,0.025,0.008,0.004,0.01,0.006,0.035,0.002,1,1,1,0,0,0,0,4294967295,4294967295,0,0,0,0,0
0,2,3,0,9,9,1,2,5.22364,5.08182,0,2.4503,2,1,10.8,0,0.34,0.24,0.14,0.035,0.04,0.025,0.008,0.004,0.01,0.006,0.035,0.002,1,1,1,0,0,0,0,4294967295,4294967295,0,0,0,0,0
0,3,4,0,7,3,2,1,3.60862,3.19545,0,0.611955,3,0,10.8,0,0.34,0.24,0.14,0.035,0.04,0.025,0.008,0.004,0.01,0.006,0.035,0.002,1,1,1,0,0,0,0,4294967295,4294967295,0,0,0,0,0
30,0,1,0,5,5,1,1,2.09731,1.44872,0.0538515,0.447085,0,0,13.2,0,0.34,0.24,0.14,0.035,0.04,0.025,0.008,0.004,0.01,0.006,0.035,0.002,1,1,1,4.32,0,0,29.9996,4294967295,4294967295,0,0,0,0,0
30,1,2,0,4,4,1,1,1.61562,1.49226,0.382519,0.885374,2,1,4.8,0,0.34,0.24,0.14,0.035,0.04,0.025,0.008,0.004,0.01,0.006,0.035,0.002,1,1,1,4.87699,0,0,29.9996,4294967295,4294967295,0,0,0,0,0.901286
30,2,3,0,9,9,1,2,6.5014,3.96256,0.112053,1.07452,2,1,10.8,0,0.34,0.24,0.14,0.035,0.04,0.025,0.008,0.004,0.01,0.006,0.035,0.002,1,1,1,7.12314,0,0,29.9996,4294967295,4294967295,0,0,0,0,0.82904
30,3,4,0,7,3,2,1,3.29722,3.80028,0.238044,-2.98481,3,0,10.8,0,0.34,0.24,0.14,0.035,0.04,0.025,0.008,0.004,0.01,0.006,0.035,0.002,1,1,1,9,0,0,29.9996,4294967295,4294967295,0,0,0,0,1.37201
30,5,2,1,4,4,1,1,2.10371,1.12757,0.403425,1.14429,2,1,4.8,0,0.34,0.24,0.14,0.035,0.04,0.025,0.008,0.004,0.01,0.006,0.035,0.002,1,1,1,6.28301,0,0,29.9913,1,2,0,0,0,0,0.524126
30,6,5,1,10,10,1,2,5.78391,6.30746,0.376621,-2.85252,2,1,12,0,0.34,0.24,0.14,0.035,0.04,0.025,0.008,0.004,0.01,0.006,0.035,0.002,1,1,1,6.43686,0,0,29.9913,2,3,0,0,0,0,2.00066
30,7,4,1,7,3,2,1,3.51109,3.54916,0.152426,0.974053,3,0,10.8,0,0.34,0.24,0.14,0.035,0.04,0.025,0.008,0.004,0.01,0.006,0.035,0.002,1,1,1,8.4,0,0,29.9913,3,4,0,0,0,0,1.37201
30,8,2,2,4,4,1,1,1.78771,1.27616,0.5063,1.99637,2,1,4.8,0,0.34,0.24,0.14,0.035,0.04,0.025,0.008,0.004,0.01,0.006,0.035,0.002,1,1,1,1.68,0,0,24.8164,5,2,0,0,0,0,1.19672
30,9,4,2,7,3,2,1,3.31458,3.11823,0.444347,1.26354,0,0,10.8,0,0.34,0.24,0.14,0.035,0.04,0.025,0.008,0.004,0.01,0.006,0.035,0.002,1,1,1,1.56,0,0,20.3081,7,4,0,0,3,0,0
60,0,1,0,5,5,1,1,1.97082,1.3252,0.00775707,-0.0678593,0,0,13.2,0,0.34,0.24,0.14,0.035,0.04,0.025,0.008,0.004,0.01,0.006,0.035,0.002,1,1,1,9.20657,0,0,60.0056,4294967295,4294967295,0,0,0,0,0
60,2,3,0,9,9,1,2,7.91843,1.67002,0.421851,-0.92239,2,1,10.8,0,0.34,0.24,0.14,0.035,0.04,0.025,0.008,0.004,0.01,0.006,0.035,0.002,1,1,1,15.8831,0,0,60.0056,4294967295,4294967295,0,0,0,0,2.55427
60,3,4,0,7,3,2,1,3.26129,3.81751,0.244274,2.96417,3,0,10.8,0,0.34,0.24,0.14,0.035,0.04,0.025,0.008,0.004,0.01,0.006,0.035,0.002,1,1,1,12,0,0,60.0056,4294967295,4294967295,0,0,0,0,1.37201
60,4,1,1,5,5,1,1,1.93404,1.63695,7.80637e-05,2.59406,0,0,13.2,0,0.34,0.24,0.14,0.035,0.04,0.025,0.008,0.004,0.01,0.006,0.035,0.002,1,1,1,3.63343,0,0,59.9972,0,1,0,0,0,0,0
60,5,2,1,4,4,1,1,1.16131,1.94394,0.52865,2.86884,2,1,4.8,0,0.34,0.24,0.14,0.035,0.04,0.025,0.008,0.004,0.01,0.006,0.035,0.002,1,1,1,11.4595,0,0,59.9972,1,2,0,0,0,0,0.523483
60,6,5,1,10,10,1,2,7.20477,2.8573,0.274898,3.04378,2,1,12,0,0.34,0.24,0.14,0.035,0.04,0.025,0.008,0.004,0.01,0.006,0.035,0.002,1,1,1,13.5169,0,0,59.9972,2,3,0,0,0,0,0.961117
60,7,4,1,7,3,2,1,3.4363,3.63643,0.152157,2.8822,3,0,10.8,0,0.34,0.24,0.14,0.035,0.04,0.025,0.008,0.004,0.01,0.006,0.035,0.002,1,1,1,13.08,0,0,59.9972,3,4,0,0,0,0,1.37201
60,8,2,2,4,4,1,1,1.3931,1.33333,0.230386,-2.30588,2,1,4.8,0,0.34,0.24,0.14,0.035,0.04,0.025,0.008,0.004,0.01,0.006,0.035,0.002,1,1,1,5.9287,0,0,54.8211,5,2,0,0,0,0,0.525501
60,9,4,2,7,3,2,1,3.63525,3.23386,0.117008,2.57191,0,0,10.8,0,0.34,0.24,0.14,0.035,0.04,0.025,0.008,0.004,0.01,0.006,0.035,0.002,1,1,1,6.72,0,0,50.3118,7,4,0,0,3,0,0
90,0,1,0,5,5,1,1,2.10626,1.30281,0.020295,-0.133654,0,0,13.2,0,0.34,0.24,0.14,0.035,0.04,0.025,0.008,0.004,0.01,0.006,0.035,0.002,1,1,1,12.2159,0,0,90.0001,4294967295,4294967295,0,0,0,0,0
90,2,3,0,9,9,1,2,3.59065,6.6406,0.64142,-1.12067,2,1,10.8,0,0.34,0.24,0.14,0.035,0.04,0.025,0.008,0.004,0.01,0.006,0.035,0.002,1,1,1,27.347,0,0,90.0001,4294967295,4294967295,0,0,0,0,2.06015
90,3,4,0,7,3,2,1,2.9607,3.88208,0.194215,3.0992,3,0,10.8,0,0.34,0.24,0.14,0.035,0.04,0.025,0.008,0.004,0.01,0.006,0.035,0.002,1,1,1,17.76,0,0,90.0001,4294967295,4294967295,0,0,0,0,1.37201
90,4,1,1,5,5,1,1,1.93405,1.63695,2.0192e-09,2.59406,0,0,13.2,0,0.34,0.24,0.14,0.035,0.04,0.025,0.008,0.004,0.01,0.006,0.035,0.002,1,1,1,7.71343,0,0,89.9918,0,1,0,0,0,0,0
90,5,2,1,4,4,1,1,1.05974,1.99047,0.392683,3.10476,2,1,4.8,0,0.34,0.24,0.14,0.035,0.04,0.025,0.008,0.004,0.01,0.006,0.035,0.002,1,1,1,19.7395,0,0,89.9918,1,2,0,0,0,0,1.15387
90,9,4,2,7,3,2,1,3.37053,3.57686,0.0114879,1.23564,0,0,10.8,0,0.34,0.24,0.14,0.035,0.04,0.025,0.008,0.004,0.01,0.006,0.035,0.002,1,1,1,13.32,0,0,80.3108,7,4,0,0,3,0,0
90,15,4,3,7,3,2,1,3.37389,3.56152,0.00828226,-0.866396,0,0,10.8,0,0.34,0.24,0.14,0.035,0.04,0.025,0.008,0.004,0.01,0.006,0.035,0.002,1,1,1,7.44,0,0,57.4384,9,4,0,0,3,0,0
90,19,3,1,9,9,1,2,7.00139,2.63801,0.260384,-1.09888,2,1,10.8,0,0.34,0.24,0.14,0.035,0.04,0.025,0.008,0.004,0.01,0.006,0.035,0.002,1,1,1,15.0843,0,0,36.784,2,3,0,0,0,0,1.82914
90,20,2,2,4,4,1,1,1.58684,1.32391,0.32947,0.971534,2,1,4.8,0,0.34,0.24,0.14,0.035,0.04,0.025,0.008,0.004,0.01,0.006,0.035,0.002,1,1,1,4.8,0,0,33.5499,5,2,0,0,0,0,1.14311
90,23,3,2,9,9,1,2,2.08893,6.86302,0.227628,2.03271,2,1,10.8,0,0.34,0.24,0.14,0.035,0.04,0.025,0.008,0.004,0.01,0.006,0.035,0.002,1,1,1,4.05176,0,0,20.6248,19,3,0,0,0,0,1.22687
90,26,2,2,4,4,1,1,1.76861,1.21733,0.621314,-1.24958,2,1,4.8,0,0.34,0.24,0.14,0.035,0.04,0.025,0.008,0.004,0.01,0.006,0.035,0.002,1,1,1,2.64,0,0,13.7582,5,2,0,0,0,0,1.25269
120,0,1,0,5,5,1,1,2.11577,1.29649,0.043688,-0.166085,0,0,13.2,0,0.34,0.24,0.14,0.035,0.04,0.025,0.008,0.004,0.01,0.006,0.035,0.002,1,1,1,15.3119,0,0,119.993,4294967295,4294967295,0,0,0,0,0
120,2,3,0,9,9,1,2,5.75681,4.99366,0.719213,-2.30443,2,1,10.8,0,0.34,0.24,0.14,0.035,0.04,0.025,0.008,0.004,0.01,0.006,0.035,0.002,1,1,1,36.227,0,0,119.993,4294967295,4294967295,0,0,0,0,1.99717
120,3,4,0,7,3,2,1,3.28357,3.85058,0.23933,2.94812,3,0,10.8,0,0.34,0.24,0.14,0.035,0.04,0.025,0.008,0.004,0.01,0.006,0.035,0.002,1,1,1,22.32,0,0,119.993,4294967295,4294967295,0,0,0,0,1.37201
120,4,1,1,5,5,1,1,1.92258,1.49362,0.018426,2.77114,0,0,13.2,0,0.34,0.24,0.14,0.035,0.04,0.025,0.008,0.004,0.01,0.006,0.035,0.002,1,1,1,12.1027,0,0,119.984,0,1,0,0,0,0,0
120,5,2,1,4,4,1,1,1.29911,1.50923,0.650131,-0.570856,2,1,4.8,0,0.34,0.24,0.14,0.035,0.04,0.025,0.008,0.004,0.01,0.006,0.035,0.002,1,1,1,29.9593,0,0,119.984,1,2,0,0,0,0,1.14669
120,9,4,2,7,3,2,1,3.58716,3.39102,0.0334866,1.39439,0,0,10.8,0,0.34,0.24,0.14,0.035,0.04,0.025,0.008,0.004,0.01,0.006,0.035,0.002,1,1,1,18.7931,0,0,110.303,7,4,0,0,3,0,0
120,15,4,3,7,3,2,1,3.48228,3.49751,0.0499983,-0.769086,0,0,10.8,0,0.34,0.24,0.14,0.035,0.04,0.025,0.008,0.004,0.01,0.006,0.035,0.002,1,1,1,11.16,0,0,87.434,9,4,0,0,3,0,0
120,17,1,1,5,5,1,1,2.00606,1.53061,0.0270749,-0.416586,0,0,13.2,0,0.34,0.24,0.14,0.035,0.04,0.025,0.008,0.004,0.01,0.006,0.035,0.002,1,1,1,7.33466,0,0,79.6443,0,1,0,0,0,0,0
120,19,3,1,9,9,1,2,6.79385,4.08655,0.227347,-2.44746,2,1,10.8,0,0.34,0.24,0.14,0.035,0.04,0.025,0.008,0.004,0.01,0.006,0.035,0.002,1,1,1,23.4066,0,0,66.7891,2,3,0,0,0,0,1.60333
120,20,2,2,4,4,1,1,1.49559,1.29135,0.409112,-2.24693,2,1,4.8,0,0.34,0.24,0.14,0.035,0.04,0.025,0.008,0.004,0.01,0.006,0.035,0.002,1,1,1,14.5692,0,0,63.5563,5,2,0,0,0,0,1.18454
120,23,3,2,9,9,1,2,4.68604,6.39747,0.285701,3.03025,2,1,10.8,0,0.34,0.24,0.14,0.035,0.04,0.025,0.008,0.004,0.01,0.006,0.035,0.002,1,1,1,14.1318,0,0,50.6286,19,3,0,0,0,0,1.1668
120,24,2,3,4,4,1,1,1.12429,1.89139,0.328872,2.8618,2,1,4.8,0,0.34,0.24,0.14,0.035,0.04,0.025,0.008,0.004,0.01,0.006,0.035,0.002,1,1,1,4.54986,0,0,49.7784,20,2,0,0,0,0,0.647258
120,26,2,2,4,4,1,1,1.04919,1.91675,0.433394,-3.12466,2,1,4.8,0,0.34,0.24,0.14,0.035,0.04,0.025,0.008,0.004,0.01,0.006,0.035,0.002,1,1,1,13.0425,0,0,43.7604,5,2,0,0,0,0,0.525867
120,31,2,3,4,4,1,1,1.07869,1.92737,0.41849,-3.08065,2,1,4.8,0,0.34,0.24,0.14,0.035,0.04,0.025,0.008,0.004,0.01,0.006,0.035,0.002,1,1,1,10.5003,0,0,34.2584,26,2,0,0,0,0,1.13826
120,32,3,2,9,9,1,2,6.00245,4.66921,0.428469,3.00812,2,1,10.8,0,0.34,0.24,0.14,0.035,0.04,0.025,0.008,0.004,0.01,0.006,0.035,0.002,1,1,1,5.2348,0,0,33.8083,19,3,0,0,0,0,1.19449
120,33,2,2,4,4,1,1,1.54305,1.57735,0.226446,2.46666,2,1,4.8,0,0.34,0.24,0.14,0.035,0.04,0.025,0.008,0.004,0.01,0.006,0.035,0.002,1,1,1,4.02546,0,0,32.9415,5,2,0,0,0,0,0.869224
120,35,2,4,4,4,1,1,1.9033,1.05296,0.370243,1.55724,2,1,4.8,0,0.34,0.24,0.14,0.035,0.04,0.025,0.008,0.004,0.01,0.006,0.035,0.002,1,1,1,3.79471,0,0,22.5581,31,2,0,0,0,0,1.008
120,36,2,3,4,4,1,1,2.16038,1.1148,0.580377,2.15864,2,1,4.8,0,0.34,0.24,0.14,0.035,0.04,0.025,0.008,0.004,0.01,0.006,0.035,0.002,1,1,1,8.95514,0,0,21.5498,26,2,0,0,0,0,1.27878
120,42,2,4,4,4,1,1,2.08455,1.07179,0.572123,-1.26539,2,1,4.8,0,0.34,0.24,0.14,0.035,0.04,0.025,0.008,0.004,0.01,0.006,0.035,0.002,1,1,1,2.21883,0,0,16.7498,36,2,0,0,0,0,1.27302
120,43,2,2,4,4,1,1,1.27467,1.78115,0.643812,-2.62549,2,1,4.8,0,0.34,0.24,0.14,0.035,0.04,0.025,0.008,0.004,0.01,0.006,0.035,0.002,1,1,1,1.87491,0,0,14.4332,5,2,0,0,0,0,1.22195
120,44,2,3,4,4,1,1,1.43261,1.30984,0.43421,-2.35603,2,1,4.8,0,0.34,0.24,0.14,0.035,0.04,0.025,0.008,0.004,0.01,0.006,0.035,0.002,1,1,1,1.58547,0,0,12.2666,20,2,0,0,0,0,0.526767
120,45,2,4,3,3,1,0,0.835965,1.2382,0.0444083,1.18038,1,1,3.6,0,0.34,0.24,0.14,0.035,0.04,0.025,0.008,0.004,0.01,0.006,0.035,0.002,1,1,1,0.715319,0,0,11.7416,31,2,0,0,0,0,0
120,48,2,3,4,4,1,1,1.07072,1.85225,0.369007,3.0265,2,1,4.8,0,0.34,0.24,0.14,0.035,0.04,0.025,0.008,0.004,0.01,0.006,0.035,0.002,1,1,1,0.161502,0,0,10.7333,26,2,0,0,0,0,0.592303
120,51,2,4,4,4,1,1,1.46455,1.29426,0.587188,0.871862,2,1,4.8,0,0.34,0.24,0.14,0.035,0.04,0.025,0.008,0.004,0.01,0.006,0.035,0.002,1,1,1,0.717484,0,0,5.05834,36,2,0,0,0,0,1.27878
150,0,1,0,5,5,1,1,2.13347,1.26004,0.0543017,-0.282977,0,0,13.2,0,0.34,0.24,0.14,0.035,0.04,0.025,0.008,0.004,0.01,0.006,0.035,0.002,1,1,1,18.2091,0,0,149.985,4294967295,4294967295,0,0,0,0,0
150,2,3,0,6,9,1,0,5.40069,2.18595,0.356757,0,0,0,7.2,0,0.34,0.24,0.14,0.035,0.04,0.025,0.008,0.004,0.01,0.006,0.035,0.002,1,1,1,14.8075,0,0,149.985,4294967295,4294967295,0,0,0,0,0
150,3,4,0,7,3,2,1,3.39984,3.72651,0.244075,2.84135,3,0,10.8,0,0.34,0.24,0.14,0.035,0.04,0.025,0.008,0.004,0.01,0.006,0.035,0.002,1,1,1,24.72,0,0,149.985,4294967295,4294967295,0,0,0,0,1.37201
150,4,1,1,5,5,1,1,1.94845,1.46606,1.64295e-05,2.78461,0,0,13.2,0,0.34,0.24,0.14,0.035,0.04,0.025,0.008,0.004,0.01,0.006,0.035,0.002,1,1,1,12.8227,0,0,149.977,0,1,0,0,0,0,0
150,5,2,1,4,4,1,1,1.36516,1.29376,0.0729087,-2.40883,2,1,4.8,0,0.34,0.24,0.14,0.035,0.04,0.025,0.008,0.004,0.01,0.006,0.035,0.002,1,1,1,31.8412,0,0,149.977,1,2,0,0,0,0,0.836951
150,9,4,2,7,3,2,1,3.39963,3.46964,0.0329525,2.09512,0,0,10.8,0,0.34,0.24,0.14,0.035,0.04,0.025,0.008,0.004,0.01,0.006,0.035,0.002,1,1,1,21.9746,0,0,140.296,7,4,0,0,3,0,0
150,15,4,3,7,3,2,1,3.27812,3.3308,0.062731,-0.842467,0,0,10.8,0,0.34,0.24,0.14,0.035,0.04,0.025,0.008,0.004,0.01,0.006,0.035,0.002,1,1,1,17.7459,0,0,117.427,9,4,0,0,3,0,0
150,17,1,1,5,5,1,1,1.99913,1.5893,0.0938124,-0.479683,0,0,13.2,0,0.34,0.24,0.14,0.035,0.04,0.025,0.008,0.004,0.01,0.006,0.035,0.002,1,1,1,9.8921,0,0,109.637,0,1,0,0,0,0,0
150,20,2,2,4,4,1,1,1.32001,1.39248,0.460457,-0.636467,2,1,4.8,0,0.34,0.24,0.14,0.035,0.04,0.025,0.008,0.004,0.01,0.006,0.035,0.002,1,1,1,21.0922,0,0,93.5492,5,2,0,0,0,0,1.27302
150,22,4,4,7,3,2,1,3.46165,3.57886,0.0585927,3.02485,0,0,10.8,0,0.34,0.24,0.14,0.035,0.04,0.025,0.008,0.004,0.01,0.006,0.035,0.002,1,1,1,13.5741,0,0,83.1018,15,4,0,0,3,0,0
150,26,2,2,4,4,1,1,1.87328,1.12608,0.435547,1.32448,2,1,4.8,0,0.34,0.24,0.14,0.035,0.04,0.025,0.008,0.004,0.01,0.006,0.035,0.002,1,1,1,14.9625,0,0,73.7624,5,2,0,0,0,0,0.926761
150,31,2,3,4,4,1,1,1.06101,2.00338,0.43272,0.204486,2,1,4.8,0,0.34,0.24,0.14,0.035,0.04,0.025,0.008,0.004,0.01,0.006,0.035,0.002,1,1,1,14.8663,0,0,64.2647,26,2,0,0,0,0,0.496709
150,35,2,4,4,4,1,1,1.48203,1.52488,0.494965,2.43217,2,1,4.8,0,0.34,0.24,0.14,0.035,0.04,0.025,0.008,0.004,0.01,0.006,0.035,0.002,1,1,1,10.5147,0,0,52.5623,31,2,0,0,0,0,1.02693
150,36,2,3,4,4,1,1,1.53471,1.4632,0.344578,0.92843,2,1,4.8,0,0.34,0.24,0.14,0.035,0.04,0.025,0.008,0.004,0.01,0.006,0.035,0.002,1,1,1,11.3815,0,0,51.5538,26,2,0,0,0,0,1.2275
150,39,2,5,4,4,1,1,1.20773,1.76283,0.552621,-2.90532,2,1,4.8,0,0.34,0.24,0.14,0.035,0.04,0.025,0.008,0.004,0.01,0.006,0.035,0.002,1,1,1,8.88663,0,0,47.7613,35,2,0,0,0,0,0.728059
150,42,2,4,4,4,1,1,1.6708,1.26565,0.319653,-2.04932,2,1,4.8,0,0.34,0.24,0.14,0.035,0.04,0.025,0.008,0.004,0.01,0.006,0.035,0.002,1,1,1,8.10943,0,0,46.7527,36,2,0,0,0,0,1.22106
150,43,2,2,3,4,1,0,1.10284,0.78572,0.362574,0.0111434,1,1,3.6,0,0.34,0.24,0.14,0.035,0.04,0.025,0.008,0.004,0.01,0.006,0.035,0.002,1,1,1,3.67402,0,0,44.4356,5,2,0,0,0,0,0
150,44,2,3,4,4,1,1,1.2701,1.75706,0.451006,2.60393,2,1,4.8,0,0.34,0.24,0.14,0.035,0.04,0.025,0.008,0.004,0.01,0.006,0.035,0.002,1,1,1,5.24949,0,0,42.2685,20,2,0,0,0,0,0.757326
150,46,2,5,4,4,1,1,2.11072,1.05585,0.249774,1.59645,2,1,4.8,0,0.34,0.24,0.14,0.035,0.04,0.025,0.008,0.004,0.01,0.006,0.035,0.002,1,1,1,2.81854,0,0,40.8765,42,2,0,0,0,0,0.6488
150,52,2,4,4,4,1,1,1.31671,1.41037,0.350665,-0.72058,2,1,4.8,0,0.34,0.24,0.14,0.035,0.04,0.025,0.008,0.004,0.01,0.006,0.035,0.002,1,1,1,6.72,0,0,32.1246,31,2,0,0,0,0,0.521787
150,54,2,3,4,4,1,1,1.28557,1.57884,0.41861,-0.660453,2,1,4.8,0,0.34,0.24,0.14,0.035,0.04,0.025,0.008,0.004,0.01,0.006,0.035,0.002,1,1,1,8.64248,0,0,31.4496,20,2,0,0,0,0,1.14297
150,58,4,5,7,3,2,1,3.14738,3.7701,0.0013747,-2.98246,0,0,10.8,0,0.34,0.24,0.14,0.035,0.04,0.025,0.008,0.004,0.01,0.006,0.035,0.002,1,1,1,2.88,0,0,21.1914,22,4,0,0,3,0,0
150,60,2,5,4,4,1,1,1.12567,1.75866,0.0775781,-0.15545,1,1,4.8,0,0.34,0.24,0.14,0.035,0.04,0.025,0.008,0.004,0.01,0.006,0.035,0.002,1,1,1,3.87932,0,0,21.0581,35,2,0,0,0,0,0
150,61,2,3,4,4,1,1,1.89438,1.06634,0.381365,1.62999,2,1,4.8,0,0.34,0.24,0.14,0.035,0.04,0.025,0.008,0.004,0.01,0.006,0.035,0.002,1,1,1,3.24,0,0,17.0748,20,2,0,0,0,0,1.25921
150,64,2,6,4,4,1,1,1.30484,1.61217,0.311577,-0.360242,2,1,4.8,0,0.34,0.24,0.14,0.035,0.04,0.025,0.008,0.004,0.01,0.006,0.035,0.002,1,1,1,1.80157,0,0,15.0749,39,2,0,0,0,0,0.507594
150,65,2,5,4,4,1,1,1.17433,1.65999,0.603225,-0.268931,2,1,4.8,0,0.34,0.24,0.14,0.035,0.04,0.025,0.008,0.004,0.01,0.006,0.035,0.002,1,1,1,1.32,0,0,14.5499,52,2,0,0,0,0,1.19332
150,66,2,4,4,4,1,1,1.25325,1.65281,0.486148,2.68488,2,1,4.8,0,0.34,0.24,0.14,0.035,0.04,0.025,0.008,0.004,0.01,0.006,0.035,0.002,1,1,1,0.6,0,0,14.4665,54,2,0,0,0,0,1.23214
150,68,2,6,4,4,1,1,2.17435,1.04984,0.416245,-1.47254,1,1,4.8,0,0.34,0.24,0.14,0.035,0.04,0.025,0.008,0.004,0.01,0.006,0.035,0.002,1,1,1,0.6,0,0,14.1999,60,2,0,0,0,0,0
180,0,1,0,5,5,1,1,2.12262,1.28297,0.00492269,0.0994514,0,0,13.2,0,0.34,0.24,0.14,0.035,0.04,0.025,0.008,0.004,0.01,0.006,0.035,0.002,1,1,1,18.6566,0,0,179.978,4294967295,4294967295,0,0,0,0,0
180,4,1,1,5,5,1,1,1.71151,2.02773,0.000446139,2.30055,0,0,13.2,0,0.34,0.24,0.14,0.035,0.04,0.025,0.008,0.004,0.01,0.006,0.035,0.002,1,1,1,12.9427,0,0,179.97,0,1,0,0,0,0,0
180,9,4,2,7,3,2,1,3.76033,3.17884,0.201754,2.00312,0,0,10.8,0,0.34,0.24,0.14,0.035,0.04,0.025,0.008,0.004,0.01,0.006,0.035,0.002,1,1,1,22.9346,0,0,170.289,7,4,0,0,3,0,0
180,15,4,3,7,3,2,1,3.51123,3.22347,0.0383395,-0.747463,0,0,10.8,0,0.34,0.24,0.14,0.035,0.04,0.025,0.008,0.004,0.01,0.006,0.035,0.002,1,1,1,19.7309,0,0,147.419,9,4,0,0,3,0,0
180,17,1,1,5,5,1,1,2.04058,1.4272,0.00319219,-0.13185,0,0,13.2,0,0.34,0.24,0.14,0.035,0.04,0.025,0.008,0.004,0.01,0.006,0.035,0.002,1,1,1,11.2666,0,0,139.63,0,1,0,0,0,0,0
180,20,2,2,4,4,1,1,1.86712,1.05044,0.304226,-1.55821,2,1,4.8,0,0.34,0.24,0.14,0.035,0.04,0.025,0.008,0.004,0.01,0.006,0.035,0.002,1,1,1,24.1879,0,0,123.542,5,2,0,0,0,0,0.739947
180,22,4,4,7,3,2,1,3.75504,3.20891,0.0177566,2.73557,0,0,10.8,0,0.34,0.24,0.14,0.035,0.04,0.025,0.008,0.004,0.01,0.006,0.035,0.002,1,1,1,16.1257,0,0,113.094,15,4,0,0,3,0,0
180,26,2,2,4,4,1,1,1.05195,1.97537,0.461817,0.0204917,2,1,4.8,0,0.34,0.24,0.14,0.035,0.04,0.025,0.008,0.004,0.01,0.006,0.035,0.002,1,1,1,21.7305,0,0,103.755,5,2,0,0,0,0,0.99177
180,31,2,3,4,4,1,1,2.16101,1.06456,0.518261,1.68334,2,1,4.8,0,0.34,0.24,0.14,0.035,0.04,0.025,0.008,0.004,0.01,0.006,0.035,0.002,1,1,1,20.8516,0,0,94.2574,26,2,0,0,0,0,1.26375
180,39,2,5,4,4,1,1,1.97157,1.05287,0.498665,1.51452,2,1,4.8,0,0.34,0.24,0.14,0.035,0.04,0.025,0.008,0.004,0.01,0.006,0.035,0.002,1,1,1,10.4466,0,0,77.7614,35,2,0,0,0,0,0.808301
180,42,2,4,4,4,1,1,1.19055,1.76465,0.471766,2.87329,2,1,4.8,0,0.34,0.24,0.14,0.035,0.04,0.025,0.008,0.004,0.01,0.006,0.035,0.002,1,1,1,14.3499,0,0,76.7533,36,2,0,0,0,0,0.700218
180,43,2,2,3,4,1,0,1.02489,1.04385,0.0262049,-1.51744,1,1,3.6,0,0.34,0.24,0.14,0.035,0.04,0.025,0.008,0.004,0.01,0.006,0.035,0.002,1,1,1,6.0946,0,0,74.4372,5,2,0,0,0,0,0
180,44,2,3,4,4,1,1,1.73263,1.31799,0.259952,-0.980539,2,1,4.8,0,0.34,0.24,0.14,0.035,0.04,0.025,0.008,0.004,0.01,0.006,0.035,0.002,1,1,1,16.3302,0,0,72.2711,20,2,0,0,0,0,0.519892
180,46,2,5,4,4,1,1,1.10388,2.02703,0.23282,-0.231271,2,1,4.8,0,0.34,0.24,0.14,0.035,0.04,0.025,0.008,0.004,0.01,0.006,0.035,0.002,1,1,1,9.53853,0,0,70.8798,42,2,0,0,0,0,0.731404
180,50,2,4,4,4,1,1,1.54509,1.40448,0.662851,-0.775225,2,1,4.8,0,0.34,0.24,0.14,0.035,0.04,0.025,0.008,0.004,0.01,0.006,0.035,0.002,1,1,1,8.15268,0,0,67.4723,44,2,0,0,0,0,1.27302
180,52,2,4,4,4,1,1,1.3127,1.77164,0.627705,0.568756,2,1,4.8,0,0.34,0.24,0.14,0.035,0.04,0.025,0.008,0.004,0.01,0.006,0.035,0.002,1,1,1,11.4881,0,0,62.131,31,2,0,0,0,0,0.523481
180,54,2,3,4,4,1,1,1.82124,1.05682,0.399136,-1.53285,2,1,4.8,0,0.34,0.24,0.14,0.035,0.04,0.025,0.008,0.004,0.01,0.006,0.035,0.002,1,1,1,11.0961,0,0,61.4559,20,2,0,0,0,0,0.712399
180,56,2,3,4,4,1,1,1.27696,1.68825,0.458866,-2.94365,2,1,4.8,0,0.34,0.24,0.14,0.035,0.04,0.025,0.008,0.004,0.01,0.006,0.035,0.002,1,1,1,3.12,0,0,51.9789,26,2,0,0,0,0,0.958744
180,58,4,5,7,3,2,1,3.21044,3.90806,0.0429002,-2.84949,0,0,10.8,0,0.34,0.24,0.14,0.035,0.04,0.025,0.008,0.004,0.01,0.006,0.035,0.002,1,1,1,7.96749,0,0,51.1954,22,4,0,0,3,0,0
180,60,2,5,4,4,1,1,1.06021,1.79165,0.103877,0.0595311,1,1,4.8,0,0.34,0.24,0.14,0.035,0.04,0.025,0.008,0.004,0.01,0.006,0.035,0.002,1,1,1,6.03932,0,0,51.062,35,2,0,0,0,0,0.333241
180,61,2,3,4,4,1,1,1.28418,1.40563,0.404607,-0.752087,2,1,4.8,0,0.34,0.24,0.14,0.035,0.04,0.025,0.008,0.004,0.01,0.006,0.035,0.002,1,1,1,8.96035,0,0,47.0778,20,2,0,0,0,0,1.04292
180,64,2,6,4,4,1,1,1.15358,1.87861,0.591349,2.84968,2,1,4.8,0,0.34,0.24,0.14,0.035,0.04,0.025,0.008,0.004,0.01,0.006,0.035,0.002,1,1,1,10.2016,0,0,45.0774,39,2,0,0,0,0,0.61927
180,65,2,5,4,4,1,1,1.37606,1.50582,0.480023,0.647125,2,1,4.8,0,0.34,0.24,0.14,0.035,0.04,0.025,0.008,0.004,0.01,0.006,0.035,0.002,1,1,1,4.50677,0,0,44.5523,52,2,0,0,0,0,0.791565
180,66,2,4,4,4,1,1,1.42857,1.38879,0.347192,-0.943372,2,1,4.8,0,0.34,0.24,0.14,0.035,0.04,0.025,0.008,0.004,0.01,0.006,0.035,0.002,1,1,1,7.37104,0,0,44.4689,54,2,0,0,0,0,0.524665
180,68,2,6,4,4,1,1,1.63346,1.27124,1.12863e-05,1.1289,1,1,4.8,0,0.34,0.24,0.14,0.035,0.04,0.025,0.008,0.004,0.01,0.006,0.035,0.002,1,1,1,2.46013,0,0,44.2022,60,2,0,0,0,0,0
180,69,2,4,4,4,1,1,1.63303,1.3611,0.642258,-1.31644,2,1,4.8,0,0.34,0.24,0.14,0.035,0.04,0.025,0.008,0.004,0.01,0.006,0.035,0.002,1,1,1,2.4,0,0,41.3933,61,2,0,0,0,0,0.812874
180,71,2,7,4,4,1,1,1.05831,2.02515,0.50678,-3.14084,2,1,4.8,0,0.34,0.24,0.14,0.035,0.04,0.025,0.008,0.004,0.01,0.006,0.035,0.002,1,1,1,6.2497,0,0,40.2764,64,2,0,0,0,0,1.05621
180,75,2,3,4,4,1,1,2.1428,1.07228,0.796578,-1.60134,2,1,4.8,0,0.34,0.24,0.14,0.035,0.04,0.025,0.008,0.004,0.01,0.006,0.035,0.002,1,1,1,6.40355,0,0,36.2588,20,2,0,0,0,0,0.79001
180,76,2,6,3,3,1,0,0.773488,1.39641,0.0278005,-0.737579,1,1,3.6,0,0.34,0.24,0.14,0.035,0.04,0.025,0.008,0.004,0.01,0.006,0.035,0.002,1,1,1,1.944,0,0,35.4087,46,2,0,0,0,0,0
180,77,2,4,4,4,1,1,1.04958,1.88465,0.669066,-3.13342,2,1,4.8,0,0.34,0.24,0.14,0.035,0.04,0.025,0.008,0.004,0.01,0.006,0.035,0.002,1,1,1,8.18205,0,0,34.7835,31,2,0,0,0,0,1.11352
180,78,2,6,3,3,1,0,1.36873,0.751373,0.203769,0.802215,1,1,3.6,0,0.34,0.24,0.14,0.035,0.04,0.025,0.008,0.004,0.01,0.006,0.035,0.002,1,1,1,1.56,0,0,31.6663,39,2,0,0,0,0,0.338391
180,79,2,4,4,4,1,1,1.63904,1.34667,0.519819,-1.04683,2,1,4.8,0,0.34,0.24,0.14,0.035,0.04,0.025,0.008,0.004,0.01,0.006,0.035,0.002,1,1,1,6.02518,0,0,31.0329,54,2,0,0,0,0,0.750294
180,81,2,5,4,4,1,1,1.3059,1.39889,0.532406,-0.791946,2,1,4.8,0,0.34,0.24,0.14,0.035,0.04,0.025,0.008,0.004,0.01,0.006,0.035,0.002,1,1,1,5.55336,0,0,26.8163,42,2,0,0,0,0,0.606657
180,82,2,5,3,3,1,0,0.814622,1.2862,0.00340342,-2.4647,1,1,3.6,0,0.34,0.24,0.14,0.035,0.04,0.025,0.008,0.004,0.01,0.006,0.035,0.002,1,1,1,0.84,0,0,26.233,77,2,0,0,0,0,0
180,84,2,5,4,4,1,1,1.14617,1.98404,0.37275,-0.262174,2,1,4.8,0,0.34,0.24,0.14,0.035,0.04,0.025,0.008,0.004,0.01,0.006,0.035,0.002,1,1,1,4.73477,0,0,20.2831,50,2,0,0,0,0,1.2437
180,89,2,4,4,4,1,1,1.22902,1.7128,0.0596834,2.80753,2,1,4.8,0,0.34,0.24,0.14,0.035,0.04,0.025,0.008,0.004,0.01,0.006,0.035,0.002,1,1,1,0.84,0,0,15.3999,44,2,0,0,0,0,0
180,97,2,7,4,4,1,1,1.60317,1.30529,0.455168,-2.16852,2,1,4.8,0,0.34,0.24,0.14,0.035,0.04,0.025,0.008,0.004,0.01,0.006,0.035,0.002,1,1,1,0.12,0,0,6.48332,64,2,0,0,0,0,1.17159
210,0,1,0,5,5,1,1,2.1308,1.28013,9.48714e-06,0.112312,0,0,13.2,0,0.34,0.24,0.14,0.035,0.04,0.025,0.008,0.004,0.01,0.006,0.035,0.002,1,1,1,19.6166,0,0,209.971,4294967295,4294967295,0,0,0,0,0
210,15,4,3,6,3,2,1,2.89833,2.77138,0.000251392,-0.696635,0,0,9.6,0,0.34,0.24,0.14,0.035,0.04,0.025,0.008,0.004,0.01,0.006,0.035,0.002,1,1,1,17.1131,0,0,177.412,9,4,0,0,2,0,0
210,17,1,1,5,5,1,1,2.02461,1.44458,4.71038e-05,-0.140892,0,0,13.2,0,0.34,0.24,0.14,0.035,0.04,0.025,0.008,0.004,0.01,0.006,0.035,0.002,1,1,1,12.1066,0,0,169.622,0,1,0,0,0,0,0
210,22,4,4,7,3,2,1,3.51648,3.39889,0.000173818,2.77319,0,0,10.8,0,0.34,0.24,0.14,0.035,0.04,0.025,0.008,0.004,0.01,0.006,0.035,0.002,1,1,1,18.2314,0,0,143.087,15,4,0,0,3,0,0
210,26,2,2,4,4,1,1,1.41362,1.26576,0.628895,-2.48145,2,1,4.8,0,0.34,0.24,0.14,0.035,0.04,0.025,0.008,0.004,0.01,0.006,0.035,0.002,1,1,1,24.9225,0,0,133.748,5,2,0,0,0,0,0.963807
210,31,2,3,4,4,1,1,1.75357,1.20433,0.352079,-1.9467,2,1,4.8,0,0.34,0.24,0.14,0.035,0.04,0.025,0.008,0.004,0.01,0.006,0.035,0.002,1,1,1,25.2076,0,0,124.25,26,2,0,0,0,0,0.585323
210,39,2,5,3,4,1,0,1.17774,0.818515,0.0046871,2.90699,1,1,3.6,0,0.34,0.24,0.14,0.035,0.04,0.025,0.008,0.004,0.01,0.006,0.035,0.002,1,1,1,13.0778,0,0,107.754,35,2,0,0,0,0,0.1487
210,42,2,4,4,4,1,1,1.254,1.77414,0.395525,2.73202,2,1,4.8,0,0.34,0.24,0.14,0.035,0.04,0.025,0.008,0.004,0.01,0.006,0.035,0.002,1,1,1,17.7269,0,0,106.746,36,2,0,0,0,0,0.527036
210,43,2,2,3,4,1,0,0.960494,1.20734,0.558716,-2.7012,1,1,3.6,0,0.34,0.24,0.14,0.035,0.04,0.025,0.008,0.004,0.01,0.006,0.035,0.002,1,1,1,8.65114,0,0,104.43,5,2,0,0,0,0,1.02928
210,44,2,3,4,4,1,1,1.60853,1.29881,0.0939301,-1.02768,2,1,4.8,0,0.34,0.24,0.14,0.035,0.04,0.025,0.008,0.004,0.01,0.006,0.035,0.002,1,1,1,22.9203,0,0,102.264,20,2,0,0,0,0,0.831196
210,46,2,5,4,4,1,1,1.59909,1.75196,0.517503,0.861274,2,1,4.8,0,0.34,0.24,0.14,0.035,0.04,0.025,0.008,0.004,0.01,0.006,0.035,0.002,1,1,1,12.8031,0,0,100.872,42,2,0,0,0,0,0.666243
210,50,2,4,4,4,1,1,1.06851,1.84078,0.42272,-3.06438,2,1,4.8,0,0.34,0.24,0.14,0.035,0.04,0.025,0.008,0.004,0.01,0.006,0.035,0.002,1,1,1,10.3127,0,0,97.4649,44,2,0,0,0,0,0.669145
210,52,2,4,4,4,1,1,1.41998,1.34927,0.547417,-2.25637,2,1,4.8,0,0.34,0.24,0.14,0.035,0.04,0.025,0.008,0.004,0.01,0.006,0.035,0.002,1,1,1,19.2802,0,0,92.1246,31,2,0,0,0,0,0.866684
210,56,2,3,4,4,1,1,1.51858,1.38418,0.503108,-0.876228,2,1,4.8,0,0.34,0.24,0.14,0.035,0.04,0.025,0.008,0.004,0.01,0.006,0.035,0.002,1,1,1,9.16279,0,0,81.977,26,2,0,0,0,0,0.526647
210,58,4,5,7,3,2,1,3.12201,3.9933,0.000135007,-2.98242,0,0,10.8,0,0.34,0.24,0.14,0.035,0.04,0.025,0.008,0.004,0.01,0.006,0.035,0.002,1,1,1,11.4626,0,0,81.1939,22,4,0,0,3,0,0
210,61,2,3,4,4,1,1,1.86648,1.0654,0.311916,1.52941,2,1,4.8,0,0.34,0.24,0.14,0.035,0.04,0.025,0.008,0.004,0.01,0.006,0.035,0.002,1,1,1,12.5893,0,0,77.0782,20,2,0,0,0,0,0.841309
210,64,2,6,4,4,1,1,1.4906,1.30568,0.311977,0.897341,2,1,4.8,0,0.34,0.24,0.14,0.035,0.04,0.025,0.008,0.004,0.01,0.006,0.035,0.002,1,1,1,16.0483,0,0,75.0787,39,2,0,0,0,0,0.810264
210,65,2,5,4,4,1,1,1.91551,1.20013,0.57164,-1.26027,2,1,4.8,0,0.34,0.24,0.14,0.035,0.04,0.025,0.008,0.004,0.01,0.006,0.035,0.002,1,1,1,9.25877,0,0,74.5539,52,2,0,0,0,0,0.964026
210,66,2,4,4,4,1,1,1.24368,1.83603,0.570247,-2.77121,2,1,4.8,0,0.34,0.24,0.14,0.035,0.04,0.025,0.008,0.004,0.01,0.006,0.035,0.002,1,1,1,13.0474,0,0,74.4705,54,2,0,0,0,0,0.65804
210,71,2,7,4,4,1,1,1.57872,1.75446,0.255926,-2.42356,2,1,4.8,0,0.34,0.24,0.14,0.035,0.04,0.025,0.008,0.004,0.01,0.006,0.035,0.002,1,1,1,10.9375,0,0,70.2799,64,2,0,0,0,0,0.92473
210,75,2,3,4,4,1,1,1.26823,1.8172,0.37968,-0.519843,2,1,4.8,0,0.34,0.24,0.14,0.035,0.04,0.025,0.008,0.004,0.01,0.006,0.035,0.002,1,1,1,8.05245,0,0,66.2642,20,2,0,0,0,0,0.638494
210,77,2,4,4,4,1,1,1.58979,1.39118,0.0654043,-0.832507,2,1,4.8,0,0.34,0.24,0.14,0.035,0.04,0.025,0.008,0.004,0.01,0.006,0.035,0.002,1,1,1,11.112,0,0,64.7896,31,2,0,0,0,0,0.806758
210,79,2,4,3,4,1,0,1.1323,1.00355,0.213484,-1.26427,1,1,3.6,0,0.34,0.24,0.14,0.035,0.04,0.025,0.008,0.004,0.01,0.006,0.035,0.002,1,1,1,5.4891,0,0,61.0391,54,2,0,0,0,0,0
210,81,2,5,4,4,1,1,1.77487,1.1636,0.298999,1.67202,2,1,4.8,0,0.34,0.24,0.14,0.035,0.04,0.025,0.008,0.004,0.01,0.006,0.035,0.002,1,1,1,6.63194,0,0,56.8216,42,2,0,0,0,0,0.574396
210,84,2,5,4,4,1,1,1.35843,1.69577,0.177119,-2.43636,2,1,4.8,0,0.34,0.24,0.14,0.035,0.04,0.025,0.008,0.004,0.01,0.006,0.035,0.002,1,1,1,6.36517,0,0,50.2868,50,2,0,0,0,0,0.874316
210,86,2,5,4,4,1,1,1.0569,1.74266,0.307712,0.0365652,2,1,4.8,0,0.34,0.24,0.14,0.035,0.04,0.025,0.008,0.004,0.01,0.006,0.035,0.002,1,1,1,2.786,0,0,49.2283,52,2,0,0,0,0,0.761445
210,88,2,4,4,4,1,1,1.48891,0.390442,0.458912,-2.78736,2,1,4.8,0,0.34,0.24,0.14,0.035,0.04,0.025,0.008,0.004,0.01,0.006,0.035,0.002,1,1,1,4.93093,0,0,47.9447,31,2,0,0,0,0,0.85293
210,94,2,4,4,4,1,1,1.25104,1.61417,0.204797,2.84477,2,1,4.8,0,0.34,0.24,0.14,0.035,0.04,0.025,0.008,0.004,0.01,0.006,0.035,0.002,1,1,1,5.80211,0,0,37.3174,56,2,0,0,0,0,0.59911
210,97,2,7,4,4,1,1,1.18981,1.74797,0.394573,-0.259136,2,1,4.8,0,0.34,0.24,0.14,0.035,0.04,0.025,0.008,0.004,0.01,0.006,0.035,0.002,1,1,1,4.68,0,0,36.4839,64,2,0,0,0,0,0.861712
210,98,2,4,4,4,1,1,1.24858,1.73768,0.525288,-2.84752,2,1,4.8,0,0.34,0.24,0.14,0.035,0.04,0.025,0.008,0.004,0.01,0.006,0.035,0.002,1,1,1,7.00262,0,0,32.483,44,2,0,0,0,0,0.643036
210,99,2,5,4,4,1,1,1.65479,1.37298,0.233282,2.21989,2,1,4.8,0,0.34,0.24,0.14,0.035,0.04,0.025,0.008,0.004,0.01,0.006,0.035,0.002,1,1,1,3.24,0,0,32.483,50,2,0,0,0,0,0.662766
210,100,2,5,4,4,1,1,1.72919,1.25511,0.70295,1.8598,2,1,4.8,0,0.34,0.24,0.14,0.035,0.04,0.025,0.008,0.004,0.01,0.006,0.035,0.002,1,1,1,6.40294,0,0,32.483,66,2,0,0,0,0,1.22736
210,101,2,8,4,4,1,1,1.08151,1.97321,0.549044,-2.94582,2,1,4.8,0,0.34,0.24,0.14,0.035,0.04,0.025,0.008,0.004,0.01,0.006,0.035,0.002,1,1,1,2.04585,0,0,27.6913,71,2,0,0,0,0,1.09192
210,104,8,4,5,5,1,2,1.47149,1.79629,0.382369,-0.647335,2,2,6,0,0.34,0.24,0.14,0.035,0.04,0.025,0.008,0.004,0.01,0.006,0.035,0.002,1,1,1,1.35679,0,0,27.2413,75,2,0,0,0,0,0
210,105,2,5,3,3,1,0,1.27133,0.846903,0.0262492,-0.944777,1,1,3.6,0,0.34,0.24,0.14,0.035,0.04,0.025,0.008,0.004,0.01,0.006,0.035,0.002,1,1,1,1.63833,0,0,26.5997,98,2,0,0,0,0,0
210,107,2,5,4,4,1,1,2.00451,1.09462,0.512507,-1.83536,2,1,4.8,0,0.34,0.24,0.14,0.035,0.04,0.025,0.008,0.004,0.01,0.006,0.035,0.002,1,1,1,3.95942,0,0,26.1914,77,2,0,0,0,0,1.27295
210,108,2,7,4,4,1,1,1.53316,1.36993,0.376545,-0.975971,2,1,4.8,0,0.34,0.24,0.14,0.035,0.04,0.025,0.008,0.004,0.01,0.006,0.035,0.002,1,1,1,3.6,0,0,23.2414,64,2,0,0,0,0,0.512398
210,109,2,5,4,4,1,1,2.18947,1.06458,0.482858,-1.74575,2,1,4.8,0,0.34,0.24,0.14,0.035,0.04,0.025,0.008,0.004,0.01,0.006,0.035,0.002,1,1,1,1.20071,0,0,23.2414,79,2,0,0,0,0,0.668067
210,110,2,5,5,5,1,1,1.5453,1.98115,0.430446,0.812505,3,1,6,0,0.34,0.24,0.14,0.035,0.04,0.025,0.008,0.004,0.01,0.006,0.035,0.002,1,1,1,2.84844,0,0,22.1914,52,2,0,0,0,0,1.18703
210,112,2,4,4,4,1,1,1.72715,1.30595,0.426363,2.07996,2,1,4.8,0,0.34,0.24,0.14,0.035,0.04,0.025,0.008,0.004,0.01,0.006,0.035,0.002,1,1,1,3.12,0,0,21.3248,44,2,0,0,0,0,0.955856
210,113,2,8,4,4,1,1,1.71732,1.28394,0.282921,1.94272,2,1,4.8,0,0.34,0.24,0.14,0.035,0.04,0.025,0.008,0.004,0.01,0.006,0.035,0.002,1,1,1,1.44,0,0,16.8332,71,2,0,0,0,0,0.480534
240,0,1,0,5,5,1,1,2.1308,1.28013,1.15092e-05,0.112316,0,0,13.2,0,0.34,0.24,0.14,0.035,0.04,0.025,0.008,0.004,0.01,0.006,0.035,0.002,1,1,1,22.3427,0,0,239.963,4294967295,4294967295,0,0,0,0,0
240,17,1,1,5,5,1,1,2.0246,1.44459,1.67797e-05,-0.140885,0,0,13.2,0,0.34,0.24,0.14,0.035,0.04,0.025,0.008,0.004,0.01,0.006,0.035,0.002,1,1,1,13.8514,0,0,199.615,0,1,0,0,0,0,0
240,22,4,4,7,3,2,1,2.88139,4.00613,0.204816,2.22493,0,0,10.8,0,0.34,0.24,0.14,0.035,0.04,0.025,0.008,0.004,0.01,0.006,0.035,0.002,1,1,1,24.5218,0,0,173.08,15,4,0,0,3,0,0
240,44,2,3,4,4,1,1,1.39105,1.76869,0.219516,-2.47615,2,1,4.8,0,0.34,0.24,0.14,0.035,0.04,0.025,0.008,0.004,0.01,0.006,0.035,0.002,1,1,1,27.4884,0,0,132.256,20,2,0,0,0,0,0.770755
240,46,2,5,4,4,1,1,1.06797,1.83885,0.389468,-3.06441,2,1,4.8,0,0.34,0.24,0.14,0.035,0.04,0.025,0.008,0.004,0.01,0.006,0.035,0.002,1,1,1,19.528,0,0,130.865,42,2,0,0,0,0,0.711434
240,52,2,4,4,4,1,1,1.59566,1.30313,0.31743,0.969326,2,1,4.8,0,0.34,0.24,0.14,0.035,0.04,0.025,0.008,0.004,0.01,0.006,0.035,0.002,1,1,1,21.8242,0,0,122.117,31,2,0,0,0,0,0.503946
240,56,2,3,4,4,1,1,1.54873,1.33832,0.310263,1.96972,2,1,4.8,0,0.34,0.24,0.14,0.035,0.04,0.025,0.008,0.004,0.01,0.006,0.035,0.002,1,1,1,14.4849,0,0,111.97,26,2,0,0,0,0,1.2267
240,58,4,5,7,3,2,1,3.89,3.12296,0.0368613,2.88876,0,0,10.8,0,0.34,0.24,0.14,0.035,0.04,0.025,0.008,0.004,0.01,0.006,0.035,0.002,1,1,1,15.9515,0,0,111.187,22,4,0,0,3,0,0
240,61,2,3,4,4,1,1,1.95805,1.18224,0.396981,1.24861,2,1,4.8,0,0.34,0.24,0.14,0.035,0.04,0.025,0.008,0.004,0.01,0.006,0.035,0.002,1,1,1,16.9342,0,0,107.071,20,2,0,0,0,0,1.22504
240,66,2,4,4,4,1,1,1.35319,1.6312,0.289866,-0.773918,2,1,4.8,0,0.34,0.24,0.14,0.035,0.04,0.025,0.008,0.004,0.01,0.006,0.035,0.002,1,1,1,21.5345,0,0,104.463,54,2,0,0,0,0,1.27878
240,71,2,7,4,4,1,1,1.59806,1.30228,0.385453,-1.95432,2,1,4.8,0,0.34,0.24,0.14,0.035,0.04,0.025,0.008,0.004,0.01,0.006,0.035,0.002,1,1,1,15.2484,0,0,100.273,64,2,0,0,0,0,1.27302
240,77,2,4,4,4,1,1,1.27267,1.86251,0.260304,0.465764,2,1,4.8,0,0.34,0.24,0.14,0.035,0.04,0.025,0.008,0.004,0.01,0.006,0.035,0.002,1,1,1,15.552,0,0,94.7822,31,2,0,0,0,0,1.05364
240,92,2,6,4,4,1,1,1.62073,1.34516,0.315774,2.13712,2,1,4.8,0,0.34,0.24,0.14,0.035,0.04,0.025,0.008,0.004,0.01,0.006,0.035,0.002,1,1,1,7.47669,0,0,70.8381,46,2,0,0,0,0,0.763111
240,94,2,4,4,4,1,1,1.72489,1.25005,0.482165,1.0901,2,1,4.8,0,0.34,0.24,0.14,0.035,0.04,0.025,0.008,0.004,0.01,0.006,0.035,0.002,1,1,1,7.04974,0,0,67.3223,56,2,0,0,0,0,0.776141
240,97,2,7,1,4,1,0,0,0,0.310956,0,0,0,1.2,0,0.34,0.24,0.14,0.035,0.04,0.025,0.008,0.004,0.01,0.006,0.035,0.002,1,1,1,0.24,0,0,66.4892,64,2,0,0,0,0,0
240,99,2,5,4,4,1,1,1.74771,1.20516,0.465842,1.26903,2,1,4.8,0,0.34,0.24,0.14,0.035,0.04,0.025,0.008,0.004,0.01,0.006,0.035,0.002,1,1,1,6.6,0,0,62.4894,50,2,0,0,0,0,0.844733
240,100,2,5,4,4,1,1,1.04731,1.91169,0.449394,-0.113653,2,1,4.8,0,0.34,0.24,0.14,0.035,0.04,0.025,0.008,0.004,0.01,0.006,0.035,0.002,1,1,1,8.89978,0,0,62.4894,66,2,0,0,0,0,0.748413
240,107,2,5,4,4,1,1,1.39446,1.62929,0.299167,-2.6072,2,1,4.8,0,0.34,0.24,0.14,0.035,0.04,0.025,0.008,0.004,0.01,0.006,0.035,0.002,1,1,1,6.23942,0,0,56.1964,77,2,0,0,0,0,0
240,108,2,7,4,4,1,1,1.34985,1.69049,0.328038,0.557696,2,1,4.8,0,0.34,0.24,0.14,0.035,0.04,0.025,0.008,0.004,0.01,0.006,0.035,0.002,1,1,1,4.032,0,0,53.2458,64,2,0,0,0,0,0
240,110,2,5,5,5,1,1,1.87101,2.09921,0.72,-1.59217,3,1,6,0,0.34,0.24,0.14,0.035,0.04,0.025,0.008,0.004,0.01,0.006,0.035,0.002,1,1,1,7.49671,0,0,52.1956,52,2,0,0,0,0,1.56301
240,112,2,4,4,4,1,1,1.47483,1.38421,0.348589,2.20037,2,1,4.8,0,0.34,0.24,0.14,0.035,0.04,0.025,0.008,0.004,0.01,0.006,0.035,0.002,1,1,1,6.72,0,0,51.3287,44,2,0,0,0,0,0.632873
240,113,2,8,4,4,1,1,1.52101,1.26819,0.824709,-2.10398,2,1,4.8,0,0.34,0.24,0.14,0.035,0.04,0.025,0.008,0.004,0.01,0.006,0.035,0.002,1,1,1,10.488,0,0,46.8361,71,2,0,0,0,0,1.2353
240,122,2,9,3,3,1,0,1.04248,0.824388,0.108231,-0.0142784,1,1,3.6,0,0.34,0.24,0.14,0.035,0.04,0.025,0.008,0.004,0.01,0.006,0.035,0.002,1,1,1,1.128,0,0,41.2099,113,2,0,0,0,0,0
240,125,2,4,4,4,1,1,2.04255,0.991947,0.582748,-1.61342,2,1,4.8,0,0.34,0.24,0.14,0.035,0.04,0.025,0.008,0.004,0.01,0.006,0.035,0.002,1,1,1,9.40645,0,0,35.3753,44,2,0,0,0,0,0.526263
240,135,2,5,4,4,1,1,1.64424,1.34439,0.515353,-0.876877,2,1,4.8,0,0.34,0.24,0.14,0.035,0.04,0.025,0.008,0.004,0.01,0.006,0.035,0.002,1,1,1,5.31549,0,0,28.183,94,2,0,0,0,0,1.21991
240,136,10,5,5,5,1,2,1.89526,1.40441,0.378381,0.151506,2,1,6,0,0.34,0.24,0.14,0.035,0.04,0.025,0.008,0.004,0.01,0.006,0.035,0.002,1,1,1,4.06138,0,0,26.8663,66,2,0,0,0,0,0.801808
240,142,2,6,4,4,1,1,1.25635,1.4895,0.263832,2.83116,2,1,4.8,0,0.34,0.24,0.14,0.035,0.04,0.025,0.008,0.004,0.01,0.006,0.035,0.002,1,1,1,7.47663,0,0,24.733,100,2,0,0,0,0,0.675451
240,153,2,6,4,4,1,1,1.07555,1.8759,0.345338,-0.118782,2,1,4.8,0,0.34,0.24,0.14,0.035,0.04,0.025,0.008,0.004,0.01,0.006,0.035,0.002,1,1,1,0.144,0,0,13.3499,46,2,0,0,0,0,0.506821
240,155,2,5,4,4,1,1,1.3585,1.36374,0.335535,-0.758169,2,1,4.8,0,0.34,0.24,0.14,0.035,0.04,0.025,0.008,0.004,0.01,0.006,0.035,0.002,1,1,1,1.7519,0,0,12.9332,66,2,0,0,0,0,1.15805
240,157,2,9,4,4,1,1,1.9262,1.11833,0.313183,-1.77676,2,1,4.8,0,0.34,0.24,0.14,0.035,0.04,0.025,0.008,0.004,0.01,0.006,0.035,0.002,1,1,1,0.36,0,0,12.1832,113,2,0,0,0,0,1.04356
240,164,13,5,5,5,1,1,1.82814,1.58519,0.371911,2.13925,3,1,6,0,0.34,0.24,0.14,0.035,0.04,0.025,0.008,0.004,0.01,0.006,0.035,0.002,1,1,1,0.520887,0,0,9.9166,125,2,0,0,0,0,1.25881
240,166,2,7,4,4,1,1,1.40588,1.31961,0.364453,0.858319,2,1,4.8,0,0.34,0.24,0.14,0.035,0.04,0.025,0.008,0.004,0.01,0.006,0.035,0.002,1,1,1,2.62043,0,0,8.18329,142,2,0,0,0,0,1.18289
240,170,2,6,4,4,1,1,1.21033,1.71966,0.814354,2.8053,2,1,4.8,0,0.34,0.24,0.14,0.035,0.04,0.025,0.008,0.004,0.01,0.006,0.035,0.002,1,1,1,1.92,0,0,6.26666,135,2,0,0,0,0,1.27878
270,0,1,0,5,5,1,1,1.97548,1.43957,0.0218727,-0.409642,0,0,13.2,0,0.34,0.24,0.14,0.035,0.04,0.025,0.008,0.004,0.01,0.006,0.035,0.002,1,1,1,24.7667,0,0,269.956,4294967295,4294967295,0,0,0,0,0
270,22,4,4,7,3,2,1,3.57996,3.38781,0.016147,2.5103,0,0,10.8,0,0.34,0.24,0.14,0.035,0.04,0.025,0.008,0.004,0.01,0.006,0.035,0.002,1,1,1,26.6098,0,0,203.072,15,4,0,0,3,0,0
270,56,2,3,4,4,1,1,1.34392,1.62831,0.366011,0.507629,2,1,4.8,0,0.34,0.24,0.14,0.035,0.04,0.025,0.008,0.004,0.01,0.006,0.035,0.002,1,1,1,16.8849,0,0,141.962,26,2,0,0,0,0,0.706198
270,58,4,5,7,3,2,1,3.20399,3.68802,0.0405006,-3.13199,0,0,10.8,0,0.34,0.24,0.14,0.035,0.04,0.025,0.008,0.004,0.01,0.006,0.035,0.002,1,1,1,20.2184,0,0,141.179,22,4,0,0,3,0,0
270,66,2,4,4,4,1,1,1.84758,1.20513,0.297759,1.1452,2,1,4.8,0,0.34,0.24,0.14,0.035,0.04,0.025,0.008,0.004,0.01,0.006,0.035,0.002,1,1,1,25.9356,0,0,134.456,54,2,0,0,0,0,0.647371
270,71,2,7,4,4,1,1,1.57724,1.19523,0.8217,1.18116,2,1,4.8,0,0.34,0.24,0.14,0.035,0.04,0.025,0.008,0.004,0.01,0.006,0.035,0.002,1,1,1,21.0579,0,0,130.265,64,2,0,0,0,0,1.28153
270,77,2,4,4,4,1,1,1.22166,1.86767,0.355636,-2.76932,2,1,4.8,0,0.34,0.24,0.14,0.035,0.04,0.025,0.008,0.004,0.01,0.006,0.035,0.002,1,1,1,20.3844,0,0,124.775,31,2,0,0,0,0,0.956698
270,90,4,6,7,3,2,1,3.29678,3.46178,0.0274298,-0.0822617,0,0,10.8,0,0.34,0.24,0.14,0.035,0.04,0.025,0.008,0.004,0.01,0.006,0.035,0.002,1,1,1,9.76202,0,0,104.83,58,4,0,0,3,0,0
270,99,2,5,4,4,1,1,1.27371,1.62199,0.380655,2.61023,2,1,4.8,0,0.34,0.24,0.14,0.035,0.04,0.025,0.008,0.004,0.01,0.006,0.035,0.002,1,1,1,9.84,0,0,92.4828,50,2,0,0,0,0,0.796197
270,110,2,5,5,5,1,1,1.53634,1.7344,0.125218,-2.51257,3,1,6,0,0.34,0.24,0.14,0.035,0.04,0.025,0.008,0.004,0.01,0.006,0.035,0.002,1,1,1,12.2967,0,0,82.1937,52,2,0,0,0,0,0.955719
270,113,2,8,4,4,1,1,1.44218,1.30821,0.513236,0.825257,2,1,4.8,0,0.34,0.24,0.14,0.035,0.04,0.025,0.008,0.004,0.01,0.006,0.035,0.002,1,1,1,17.5938,0,0,76.8366,71,2,0,0,0,0,0.590561
270,125,2,4,4,4,1,1,1.29442,1.53712,0.20402,-0.80759,2,1,4.8,0,0.34,0.24,0.14,0.035,0.04,0.025,0.008,0.004,0.01,0.006,0.035,0.002,1,1,1,14.5954,0,0,65.3811,44,2,0,0,0,0,0.625136
270,135,2,5,4,4,1,1,1.22944,1.76308,0.446067,2.79467,2,1,4.8,0,0.34,0.24,0.14,0.035,0.04,0.025,0.008,0.004,0.01,0.006,0.035,0.002,1,1,1,10.7155,0,0,58.1885,94,2,0,0,0,0,1.07943
270,136,10,5,5,5,1,2,1.36539,1.94596,0.328438,1.4332,2,1,6,0,0.34,0.24,0.14,0.035,0.04,0.025,0.008,0.004,0.01,0.006,0.035,0.002,1,1,1,6.94898,0,0,56.8716,66,2,0,0,0,0,1.27878
270,142,2,6,4,4,1,1,1.6202,1.30003,0.553459,-2.18871,2,1,4.8,0,0.34,0.24,0.14,0.035,0.04,0.025,0.008,0.004,0.01,0.006,0.035,0.002,1,1,1,9.15663,0,0,54.7378,100,2,0,0,0,0,0.799648
270,144,11,5,3,3,1,1,1.14765,1.84998,0.825174,-0.608465,2,0,3.6,0,0.34,0.24,0.14,0.035,0.04,0.025,0.008,0.004,0.01,0.006,0.035,0.002,1,1,1,5.60898,0,0,53.9209,77,2,0,0,0,0,0.856423
270,153,2,6,4,4,1,1,1.04936,2.19666,0.371908,0.381321,2,1,4.8,0,0.34,0.24,0.14,0.035,0.04,0.025,0.008,0.004,0.01,0.006,0.035,0.002,1,1,1,7.008,0,0,43.352,46,2,0,0,0,0,0.614245
270,164,13,5,5,5,1,1,1.61635,1.72413,0.491662,-1.11248,3,1,6,0,0.34,0.24,0.14,0.035,0.04,0.025,0.008,0.004,0.01,0.006,0.035,0.002,1,1,1,6.25374,0,0,39.918,125,2,0,0,0,0,1.22899
270,166,2,7,4,4,1,1,1.8194,1.23936,0.545173,1.0448,2,1,4.8,0,0.34,0.24,0.14,0.035,0.04,0.025,0.008,0.004,0.01,0.006,0.035,0.002,1,1,1,5.74043,0,0,38.1842,142,2,0,0,0,0,1.18957
270,170,2,6,4,4,1,1,1.37171,1.51891,0.378563,0.623705,2,1,4.8,0,0.34,0.24,0.14,0.035,0.04,0.025,0.008,0.004,0.01,0.006,0.035,0.002,1,1,1,7.64694,0,0,36.2672,135,2,0,0,0,0,0.899021
270,172,2,8,4,4,1,1,1.49709,0.566452,0.291879,0.0623168,2,1,4.8,0,0.34,0.24,0.14,0.035,0.04,0.025,0.008,0.004,0.01,0.006,0.035,0.002,1,1,1,2.76805,0,0,33.3832,166,2,0,0,0,0,0.817533
270,173,2,5,3,4,1,0,0.800832,1.38663,0.262454,2.44621,1,1,3.6,0,0.34,0.24,0.14,0.035,0.04,0.025,0.008,0.004,0.01,0.006,0.035,0.002,1,1,1,2.5124,0,0,32.1163,66,2,0,0,0,0,0
270,174,2,7,4,4,1,1,1.06022,1.80056,0.263724,-0.0613693,2,1,4.8,0,0.34,0.24,0.14,0.035,0.04,0.025,0.008,0.004,0.01,0.006,0.035,0.002,1,1,1,3.12,0,0,31.4663,170,2,0,0,0,0,0.683436
270,181,2,5,4,4,1,1,1.22468,1.51962,0.462665,-0.245715,2,1,4.8,0,0.34,0.24,0.14,0.035,0.04,0.025,0.008,0.004,0.01,0.006,0.035,0.002,1,1,1,5.02614,0,0,27.8997,125,2,0,0,0,0,1.00969
270,182,2,7,4,4,1,1,1.63108,1.27726,0.372823,-2.11128,2,1,4.8,0,0.34,0.24,0.14,0.035,0.04,0.025,0.008,0.004,0.01,0.006,0.035,0.002,1,1,1,5.09449,0,0,27.3663,142,2,0,0,0,0,1.15435
270,186,2,9,4,4,1,1,1.63224,1.27616,0.452052,-2.05518,2,1,4.8,0,0.34,0.24,0.14,0.035,0.04,0.025,0.008,0.004,0.01,0.006,0.035,0.002,1,1,1,0.970952,0,0,26.3414,113,2,0,0,0,0,0.576709
270,188,2,6,4,4,1,1,1.07301,1.86217,0.48591,0.0647014,2,1,4.8,0,0.34,0.24,0.14,0.035,0.04,0.025,0.008,0.004,0.01,0.006,0.035,0.002,1,1,1,7.88287,0,0,25.4497,135,2,0,0,0,0,0.450822
270,193,2,7,4,4,1,1,1.90784,1.04875,0.452066,-1.64321,2,1,4.8,0,0.34,0.24,0.14,0.035,0.04,0.025,0.008,0.004,0.01,0.006,0.035,0.002,1,1,1,0,0,0,20.6498,170,2,0,0,0,0,0.693085
270,195,2,7,4,4,1,1,1.3755,1.47111,0.0816374,0.552387,2,1,4.8,0,0.34,0.24,0.14,0.035,0.04,0.025,0.008,0.004,0.01,0.006,0.035,0.002,1,1,1,3.12,0,0,19.4165,188,2,0,0,0,0,1.07365
270,196,11,6,3,3,1,1,1.13119,1.78479,0.459851,2.542,2,0,3.6,0,0.34,0.24,0.14,0.035,0.04,0.025,0.008,0.004,0.01,0.006,0.035,0.002,1,1,1,1.71408,0,0,17.7915,144,11,0,0,0,0,0.856423
270,203,2,7,4,4,1,1,1.41699,1.43709,0.155385,-2.57457,2,1,4.8,0,0.34,0.24,0.14,0.035,0.04,0.025,0.008,0.004,0.01,0.006,0.035,0.002,1,1,1,3.0981,0,0,15.7415,153,2,0,0,0,0,1.27878
270,204,2,9,4,4,1,1,1.23236,1.96118,0.378785,0.446956,2,1,4.8,0,0.34,0.24,0.14,0.035,0.04,0.025,0.008,0.004,0.01,0.006,0.035,0.002,1,1,1,2.59574,0,0,15.5248,113,2,0,0,0,0,0.709678
270,205,2,8,4,4,1,1,1.02956,2.11871,0.673315,-0.272188,2,1,4.8,0,0.34,0.24,0.14,0.035,0.04,0.025,0.008,0.004,0.01,0.006,0.035,0.002,1,1,1,1.128,0,0,14.6165,195,2,0,0,0,0,1.27878
270,210,2,7,4,4,1,1,1.44778,1.54283,0.356802,2.62823,2,1,4.8,0,0.34,0.24,0.14,0.035,0.04,0.025,0.008,0.004,0.01,0.006,0.035,0.002,1,1,1,0.72,0,0,7.40831,188,2,0,0,0,0,0.390028
300,0,1,0,5,5,1,1,1.9814,1.3107,0.020775,-0.328543,0,0,13.2,0,0.34,0.24,0.14,0.035,0.04,0.025,0.008,0.004,0.01,0.006,0.035,0.002,1,1,1,26.4707,0,0,299.949,4294967295,4294967295,0,0,0,0,0
300,56,2,3,4,4,1,1,1.74354,1.349,0.27873,-2.20988,2,1,4.8,0,0.34,0.24,0.14,0.035,0.04,0.025,0.008,0.004,0.01,0.006,0.035,0.002,1,1,1,27.2028,0,0,171.955,26,2,0,0,0,0,0.769523
300,58,4,5,7,3,2,1,3.87179,2.88621,0.0962807,-2.64844,0,0,10.8,0,0.34,0.24,0.14,0.035,0.04,0.025,0.008,0.004,0.01,0.006,0.035,0.002,1,1,1,27.173,0,0,171.172,22,4,0,0,3,0,0
300,71,2,7,4,4,1,1,1.68794,1.13267,0.242614,1.41436,2,1,4.8,0,0.34,0.24,0.14,0.035,0.04,0.025,0.008,0.004,0.01,0.006,0.035,0.002,1,1,1,25.4019,0,0,160.258,64,2,0,0,0,0,0.573131
300,90,4,6,7,3,2,1,3.81123,3.07796,0.00798731,0.541693,0,0,10.8,0,0.34,0.24,0.14,0.035,0.04,0.025,0.008,0.004,0.01,0.006,0.035,0.002,1,1,1,14.9942,0,0,134.822,58,4,0,0,3,0,0
300,113,2,8,4,4,1,1,1.07054,1.81531,0.17089,-0.0825472,2,1,4.8,0,0.34,0.24,0.14,0.035,0.04,0.025,0.008,0.004,0.01,0.006,0.035,0.002,1,1,1,20.0418,0,0,106.829,71,2,0,0,0,0,0
300,125,2,4,4,4,1,1,1.63797,1.32888,0.481614,-1.13897,2,1,4.8,0,0.34,0.24,0.14,0.035,0.04,0.025,0.008,0.004,0.01,0.006,0.035,0.002,1,1,1,17.6552,0,0,95.3738,44,2,0,0,0,0,1.0917
300,135,2,5,4,4,1,1,1.30411,1.33737,0.634748,-0.697776,2,1,4.8,0,0.34,0.24,0.14,0.035,0.04,0.025,0.008,0.004,0.01,0.006,0.035,0.002,1,1,1,15.4695,0,0,88.1839,94,2,0,0,0,0,1.27878
300,144,11,5,3,3,1,1,1.68907,1.30017,0.599975,1.19122,2,0,3.6,0,0.34,0.24,0.14,0.035,0.04,0.025,0.008,0.004,0.01,0.006,0.035,0.002,1,1,1,7.81698,0,0,83.9182,77,2,0,0,0,0,0.856423
300,148,2,8,4,4,1,1,1.05779,1.93589,0.468453,-3.08196,2,1,4.8,0,0.34,0.24,0.14,0.035,0.04,0.025,0.008,0.004,0.01,0.006,0.035,0.002,1,1,1,10.3394,0,0,80.9939,71,2,0,0,0,0,0.517879
300,153,2,6,4,4,1,1,1.2287,1.85645,0.217019,0.356992,2,1,4.8,0,0.34,0.24,0.14,0.035,0.04,0.025,0.008,0.004,0.01,0.006,0.035,0.002,1,1,1,12.4685,0,0,73.3541,46,2,0,0,0,0,0.491101
300,164,13,5,5,5,1,1,1.70791,1.76316,0.53161,0.345471,3,1,6,0,0.34,0.24,0.14,0.035,0.04,0.025,0.008,0.004,0.01,0.006,0.035,0.002,1,1,1,12.7568,0,0,69.9217,125,2,0,0,0,0,0.600175
300,166,2,7,4,4,1,1,1.19991,1.79927,0.323034,2.82932,2,1,4.8,0,0.34,0.24,0.14,0.035,0.04,0.025,0.008,0.004,0.01,0.006,0.035,0.002,1,1,1,13.0604,0,0,68.1887,142,2,0,0,0,0,0.533199
300,172,2,8,4,4,1,1,1.66152,1.27857,0.574601,-2.14266,2,1,4.8,0,0.34,0.24,0.14,0.035,0.04,0.025,0.008,0.004,0.01,0.006,0.035,0.002,1,1,1,8.3335,0,0,63.3896,166,2,0,0,0,0,1.25288
300,182,2,7,4,4,1,1,1.44418,1.53911,0.424083,-2.58252,2,1,4.8,0,0.34,0.24,0.14,0.035,0.04,0.025,0.008,0.004,0.01,0.006,0.035,0.002,1,1,1,11.6945,0,0,57.3717,142,2,0,0,0,0,0.55457
300,188,2,6,4,4,1,1,1.31909,1.42706,0.244409,-0.662537,2,1,4.8,0,0.34,0.24,0.14,0.035,0.04,0.025,0.008,0.004,0.01,0.006,0.035,0.002,1,1,1,9.46687,0,0,55.4546,135,2,0,0,0,0,0
300,195,2,7,4,4,1,1,1.1644,1.86574,0.427148,2.87232,2,1,4.8,0,0.34,0.24,0.14,0.035,0.04,0.025,0.008,0.004,0.01,0.006,0.035,0.002,1,1,1,10.944,0,0,49.42,188,2,0,0,0,0,0.713327
300,196,11,6,3,3,1,1,1.76537,1.16517,0.782667,0.552744,2,0,3.6,0,0.34,0.24,0.14,0.035,0.04,0.025,0.008,0.004,0.01,0.006,0.035,0.002,1,1,1,3.20208,0,0,47.7946,144,11,0,0,0,0,0.856423
300,200,2,5,4,4,1,1,0.986839,1.92441,0.291194,2.99887,2,1,4.8,0,0.34,0.24,0.14,0.035,0.04,0.025,0.008,0.004,0.01,0.006,0.035,0.002,1,1,1,7.81878,0,0,47.0862,125,2,0,0,0,0,0.500318
300,203,2,7,4,4,1,1,1.29396,1.39102,0.368136,-0.996171,2,1,4.8,0,0.34,0.24,0.14,0.035,0.04,0.025,0.008,0.004,0.01,0.006,0.035,0.002,1,1,1,7.43917,0,0,45.7442,153,2,0,0,0,0,0.526701
300,204,2,9,4,4,1,1,1.21526,1.97821,0.120694,-2.70254,2,1,4.8,0,0.34,0.24,0.14,0.035,0.04,0.025,0.008,0.004,0.01,0.006,0.035,0.002,1,1,1,5.56402,0,0,45.5275,113,2,0,0,0,0,1.12387
300,205,2,8,4,4,1,1,1.4329,1.39303,0.399499,2.26281,2,1,4.8,0,0.34,0.24,0.14,0.035,0.04,0.025,0.008,0.004,0.01,0.006,0.035,0.002,1,1,1,4.344,0,0,44.619,195,2,0,0,0,0,0.788834
300,210,2,7,4,4,1,1,1.38113,1.29144,0.143983,-2.38322,2,1,4.8,0,0.34,0.24,0.14,0.035,0.04,0.025,0.008,0.004,0.01,0.006,0.035,0.002,1,1,1,7.93149,0,0,37.4091,188,2,0,0,0,0,0.599095
300,213,11,7,3,3,1,1,1.36027,1.58911,0.191082,2.92528,2,0,3.6,0,0.34,0.24,0.14,0.035,0.04,0.025,0.008,0.004,0.01,0.006,0.035,0.002,1,1,1,5.99289,0,0,33.5666,196,11,0,0,0,0,0.856423
300,215,2,8,4,4,1,1,1.64712,1.64264,0.289863,-0.750401,1,1,4.8,0,0.34,0.24,0.14,0.035,0.04,0.025,0.008,0.004,0.01,0.006,0.035,0.002,1,1,1,4.15848,0,0,32.1913,210,2,0,0,0,1,0.754675
300,217,2,8,4,4,1,1,1.91741,1.19127,0.485112,-1.96829,2,1,4.8,0,0.34,0.24,0.14,0.035,0.04,0.025,0.008,0.004,0.01,0.006,0.035,0.002,1,1,1,6.13842,0,0,30.7496,203,2,0,0,0,0,0.803238
300,221,11,6,3,3,1,1,1.30772,1.45965,0.448239,-1.44757,2,0,3.6,0,0.34,0.24,0.14,0.035,0.04,0.025,0.008,0.004,0.01,0.006,0.035,0.002,1,1,1,1.608,0,0,27.5997,144,11,0,0,0,0,0.856423
300,222,2,9,4,4,1,1,1.24143,1.83687,0.602362,-2.74411,2,1,4.8,0,0.34,0.24,0.14,0.035,0.04,0.025,0.008,0.004,0.01,0.006,0.035,0.002,1,1,1,2.87352,0,0,27.3247,148,2,0,0,0,0,1.0358
300,223,2,6,4,4,1,1,1.25988,1.70772,0.462273,-0.660244,2,1,4.8,0,0.34,0.24,0.14,0.035,0.04,0.025,0.008,0.004,0.01,0.006,0.035,0.002,1,1,1,8.35115,0,0,26.6747,200,2,0,0,0,0,1.26827
300,228,2,9,4,4,1,1,1.22279,1.91925,0.761325,2.61576,2,1,4.8,0,0.34,0.24,0.14,0.035,0.04,0.025,0.008,0.004,0.01,0.006,0.035,0.002,1,1,1,7.55643,0,0,25.9497,217,2,0,0,0,0,1.19293
300,230,11,8,2,2,1,0,0.206814,1.35101,0.468429,-1.41889,1,0,2.4,0,0.34,0.24,0.14,0.035,0.04,0.025,0.008,0.004,0.01,0.006,0.035,0.002,1,1,1,1.83401,0,0,25.7497,213,11,0,0,0,0,0.428505
300,231,2,7,4,4,1,1,1.62388,1.21906,0.172179,1.69096,2,1,4.8,0,0.34,0.24,0.14,0.035,0.04,0.025,0.008,0.004,0.01,0.006,0.035,0.002,1,1,1,3.52727,0,0,24.583,153,2,0,0,0,0,0.550037
300,232,2,8,4,4,1,1,1.86317,1.07202,0.340517,1.51111,2,1,4.8,0,0.34,0.24,0.14,0.035,0.04,0.025,0.008,0.004,0.01,0.006,0.035,0.002,1,1,1,5.56791,0,0,24.5747,166,2,0,0,0,0,0.527569
300,234,2,4,4,4,1,1,1.84326,1.04876,0.355629,1.63376,2,1,4.8,0,0.34,0.24,0.14,0.035,0.04,0.025,0.008,0.004,0.01,0.006,0.035,0.002,1,1,1,1.56,0,0,22.9581,56,2,0,0,0,0,0.791547
300,236,2,7,4,4,1,1,1.12916,1.86157,0.457368,-3.06669,2,1,4.8,0,0.34,0.24,0.14,0.035,0.04,0.025,0.008,0.004,0.01,0.006,0.035,0.002,1,1,1,1.824,0,0,21.8748,223,2,0,0,0,0,0.677484
300,238,2,8,4,4,1,1,1.09237,2.09471,0.368292,2.82708,2,1,4.8,0,0.34,0.24,0.14,0.035,0.04,0.025,0.008,0.004,0.01,0.006,0.035,0.002,1,1,1,2.76,0,0,20.7748,195,2,0,0,0,0,1.00204
300,239,11,9,2,2,1,0,0.0359919,1.37996,0.335797,-1.59687,1,0,2.4,0,0.34,0.24,0.14,0.035,0.04,0.025,0.008,0.004,0.01,0.006,0.035,0.002,1,1,1,1.17572,0,0,17.5665,230,11,0,0,0,0,0.428505
300,242,2,8,4,4,1,1,1.26586,1.78956,0.543795,-0.563695,2,1,4.8,0,0.34,0.24,0.14,0.035,0.04,0.025,0.008,0.004,0.01,0.006,0.035,0.002,1,1,1,2.16,0,0,14.2749,182,2,0,0,0,0,1.12852
300,245,2,8,4,4,1,1,1.02426,1.87463,0.379103,-0.0085965,2,1,4.8,0,0.34,0.24,0.14,0.035,0.04,0.025,0.008,0.004,0.01,0.006,0.035,0.002,1,1,1,1.55368,0,0,14.0499,210,2,0,0,0,0,0.719173
300,249,11,8,3,3,1,1,1.22703,1.69427,0.771073,-1.12745,2,0,3.6,0,0.34,0.24,0.14,0.035,0.04,0.025,0.008,0.004,0.01,0.006,0.035,0.002,1,1,1,0.6,0,0,12.3749,213,11,0,0,0,0,0.848826
300,250,2,4,4,4,1,1,1.33625,1.55602,0.477742,-2.72088,2,1,4.8,0,0.34,0.24,0.14,0.035,0.04,0.025,0.008,0.004,0.01,0.006,0.035,0.002,1,1,1,1.69197,0,0,10.0499,56,2,0,0,0,0,0.588742
300,253,2,10,4,4,1,1,1.39036,1.56001,0.328808,2.41858,2,1,4.8,0,0.34,0.24,0.14,0.035,0.04,0.025,0.008,0.004,0.01,0.006,0.035,0.002,1,1,1,1.56,0,0,9.23328,228,2,0,0,0,0,1.0272
330,56,2,3,4,4,1,1,1.30867,1.7613,0.331473,0.302634,2,1,4.8,0,0.34,0.24,0.14,0.035,0.04,0.025,0.008,0.004,0.01,0.006,0.035,0.002,1,1,1,32.4546,0,0,201.948,26,2,0,0,0,0,1.19996
330,58,4,5,7,3,2,1,3.65695,3.23098,0.0765625,3.05163,0,0,10.8,0,0.34,0.24,0.14,0.035,0.04,0.025,0.008,0.004,0.01,0.006,0.035,0.002,1,1,1,31.9981,0,0,201.165,22,4,0,0,3,0,0
330,90,4,6,7,3,2,1,3.80217,3.01553,0.00788975,-0.145048,0,0,10.8,0,0.34,0.24,0.14,0.035,0.04,0.025,0.008,0.004,0.01,0.006,0.035,0.002,1,1,1,19.3142,0,0,164.815,58,4,0,0,3,0,0
330,135,2,5,4,4,1,1,1.41372,1.39006,0.431928,2.29153,2,1,4.8,0,0.34,0.24,0.14,0.035,0.04,0.025,0.008,0.004,0.01,0.006,0.035,0.002,1,1,1,17.3567,0,0,118.177,94,2,0,0,0,0,0.822604
330,148,2,8,4,4,1,1,1.36874,1.39976,0.369232,2.31714,2,1,4.8,0,0.34,0.24,0.14,0.035,0.04,0.025,0.008,0.004,0.01,0.006,0.035,0.002,1,1,1,13.5794,0,0,110.987,71,2,0,0,0,0,0.513295
330,164,13,5,5,5,1,1,1.6644,1.66191,0.087432,-1.02467,3,1,6,0,0.34,0.24,0.14,0.035,0.04,0.025,0.008,0.004,0.01,0.006,0.035,0.002,1,1,1,18.0368,0,0,99.9143,125,2,0,0,0,0,1.27345
330,166,2,7,4,4,1,1,1.32084,1.44832,0.179042,2.49903,2,1,4.8,0,0.34,0.24,0.14,0.035,0.04,0.025,0.008,0.004,0.01,0.006,0.035,0.002,1,1,1,15.0921,0,0,98.1814,142,2,0,0,0,0,0.759167
330,172,2,8,4,4,1,1,1.19335,1.7816,0.445057,-0.384179,2,1,4.8,0,0.34,0.24,0.14,0.035,0.04,0.025,0.008,0.004,0.01,0.006,0.035,0.002,1,1,1,11.2375,0,0,93.3826,166,2,0,0,0,0,0.627346
330,195,2,7,4,4,1,1,2.0842,1.0313,0.134402,-1.82626,2,1,4.8,0,0.34,0.24,0.14,0.035,0.04,0.025,0.008,0.004,0.01,0.006,0.035,0.002,1,1,1,13.704,0,0,79.4193,188,2,0,0,0,0,1.22129
330,200,2,5,4,4,1,1,1.59707,1.35254,0.458919,-1.1356,2,1,4.8,0,0.34,0.24,0.14,0.035,0.04,0.025,0.008,0.004,0.01,0.006,0.035,0.002,1,1,1,12.1861,0,0,77.0866,125,2,0,0,0,0,0.662694
330,203,2,7,4,4,1,1,1.28629,1.79848,0.43091,-2.52333,2,1,4.8,0,0.34,0.24,0.14,0.035,0.04,0.025,0.008,0.004,0.01,0.006,0.035,0.002,1,1,1,11.96,0,0,75.7452,153,2,0,0,0,0,1.09115
330,205,2,8,4,4,1,1,1.55006,1.30017,0.307679,1.01042,2,1,4.8,0,0.34,0.24,0.14,0.035,0.04,0.025,0.008,0.004,0.01,0.006,0.035,0.002,1,1,1,6.94581,0,0,74.6205,195,2,0,0,0,0,0
330,210,2,7,4,4,1,1,1.83414,1.22463,0.182196,1.96233,2,1,4.8,0,0.34,0.24,0.14,0.035,0.04,0.025,0.008,0.004,0.01,0.006,0.035,0.002,1,1,1,12.495,0,0,67.4139,188,2,0,0,0,0,0.403
330,215,2,8,4,4,1,1,1.20419,1.90508,0.159836,-2.85659,1,1,4.8,0,0.34,0.24,0.14,0.035,0.04,0.025,0.008,0.004,0.01,0.006,0.035,0.002,1,1,1,8.23502,0,0,62.1977,210,2,0,0,0,1,0.774302
330,217,2,8,4,4,1,1,1.31996,1.60007,0.294069,-2.55615,2,1,4.8,0,0.34,0.24,0.14,0.035,0.04,0.025,0.008,0.004,0.01,0.006,0.035,0.002,1,1,1,10.4584,0,0,60.7557,203,2,0,0,0,0,0.877506
330,222,2,9,4,4,1,1,1.23058,1.96317,0.552964,0.36723,2,1,4.8,0,0.34,0.24,0.14,0.035,0.04,0.025,0.008,0.004,0.01,0.006,0.035,0.002,1,1,1,7.79352,0,0,57.33,148,2,0,0,0,0,0.857724
330,223,2,6,4,4,1,1,1.39719,1.30213,0.425308,1.18725,2,1,4.8,0,0.34,0.24,0.14,0.035,0.04,0.025,0.008,0.004,0.01,0.006,0.035,0.002,1,1,1,13.4151,0,0,56.6799,200,2,0,0,0,0,0.727788
330,228,2,9,4,4,1,1,1.82652,1.1384,0.351604,1.37328,2,1,4.8,0,0.34,0.24,0.14,0.035,0.04,0.025,0.008,0.004,0.01,0.006,0.035,0.002,1,1,1,8.63643,0,0,55.9547,217,2,0,0,0,0,0.899679
330,230,11,8,2,2,1,0,1.2854,0.491083,0.317738,0.364935,1,0,2.4,0,0.34,0.24,0.14,0.035,0.04,0.025,0.008,0.004,0.01,0.006,0.035,0.002,1,1,1,3.39401,0,0,55.7547,213,11,0,0,0,0,0.428505
330,231,2,7,4,4,1,1,1.33443,1.68432,0.557436,0.554666,2,1,4.8,0,0.34,0.24,0.14,0.035,0.04,0.025,0.008,0.004,0.01,0.006,0.035,0.002,1,1,1,8.27122,0,0,54.5878,153,2,0,0,0,0,1.00122
330,232,2,8,4,4,1,1,2.05908,1.08665,0.272438,1.55011,2,1,4.8,0,0.34,0.24,0.14,0.035,0.04,0.025,0.008,0.004,0.01,0.006,0.035,0.002,1,1,1,12.7937,0,0,54.5794,166,2,0,0,0,0,1.27253
330,235,2,9,4,4,1,1,1.46571,1.37985,0.158235,-0.907335,1,1,4.8,0,0.34,0.24,0.14,0.035,0.04,0.025,0.008,0.004,0.01,0.006,0.035,0.002,1,1,1,2.74399,0,0,52.2206,215,2,0,0,0,1,0.0454076
330,238,2,8,4,4,1,1,1.23118,1.7019,0.300013,2.78512,2,1,4.8,0,0.34,0.24,0.14,0.035,0.04,0.025,0.008,0.004,0.01,0.006,0.035,0.002,1,1,1,7.344,0,0,50.7786,195,2,0,0,0,0,0.584243
330,242,2,8,4,4,1,1,1.68631,1.27584,0.623219,1.12653,2,1,4.8,0,0.34,0.24,0.14,0.035,0.04,0.025,0.008,0.004,0.01,0.006,0.035,0.002,1,1,1,6.89912,0,0,44.2772,182,2,0,0,0,0,0.517986
330,245,2,8,4,4,1,1,1.89012,1.05255,0.435652,-1.6076,2,1,4.8,0,0.34,0.24,0.14,0.035,0.04,0.025,0.008,0.004,0.01,0.006,0.035,0.002,1,1,1,7.60671,0,0,44.0522,210,2,0,0,0,0,0.634092
330,247,2,6,4,4,1,1,1.56074,1.31676,0.433403,-1.05032,2,1,4.8,0,0.34,0.24,0.14,0.035,0.04,0.025,0.008,0.004,0.01,0.006,0.035,0.002,1,1,1,2.208,0,0,42.8019,200,2,0,0,0,0,1.00642
330,250,2,4,4,4,1,1,1.07885,1.83977,0.38549,0.112979,2,1,4.8,0,0.34,0.24,0.14,0.035,0.04,0.025,0.008,0.004,0.01,0.006,0.035,0.002,1,1,1,3.00287,0,0,40.0513,56,2,0,0,0,0,0.511069
330,253,2,10,4,4,1,1,1.83424,1.14851,0.425352,-1.78268,2,1,4.8,0,0.34,0.24,0.14,0.035,0.04,0.025,0.008,0.004,0.01,0.006,0.035,0.002,1,1,1,5.48761,0,0,39.2345,228,2,0,0,0,0,1.0727
330,255,2,9,4,4,1,1,1.30759,1.71921,0.220098,2.67193,2,1,4.8,0,0.34,0.24,0.14,0.035,0.04,0.025,0.008,0.004,0.01,0.006,0.035,0.002,1,1,1,5.88,0,0,38.776,148,2,0,0,0,0,0.978869
330,256,2,8,4,4,1,1,1.72475,1.24603,0.429606,1.23361,2,1,4.8,0,0.34,0.24,0.14,0.035,0.04,0.025,0.008,0.004,0.01,0.006,0.035,0.002,1,1,1,5.64,0,0,38.376,231,2,0,0,0,0,0.778462
330,260,2,7,4,4,1,1,1.29147,1.31607,0.266412,0.878371,2,1,4.8,0,0.34,0.24,0.14,0.035,0.04,0.025,0.008,0.004,0.01,0.006,0.035,0.002,1,1,1,6.36,0,0,34.7752,223,2,0,0,0,0,0.611117
330,261,2,9,4,4,1,1,1.38078,1.48895,0.529713,0.645772,2,1,4.8,0,0.34,0.24,0.14,0.035,0.04,0.025,0.008,0.004,0.01,0.006,0.035,0.002,1,1,1,6.55843,0,0,33.825,232,2,0,0,0,0,1.18192
330,267,2,4,4,4,1,1,1.89652,1.26701,0.314605,1.97293,2,1,4.8,0,0.34,0.24,0.14,0.035,0.04,0.025,0.008,0.004,0.01,0.006,0.035,0.002,1,1,1,2.43958,0,0,29.133,56,2,0,0,0,0,1.2067
330,268,2,9,3,3,1,0,0.934841,1.3459,0.0201253,2.17679,1,1,3.6,0,0.34,0.24,0.14,0.035,0.04,0.025,0.008,0.004,0.01,0.006,0.035,0.002,1,1,1,1.54439,0,0,28.7413,256,2,0,0,0,0,0
330,269,13,6,5,5,1,1,1.67436,1.72709,0.302642,0.622121,3,1,6,0,0.34,0.24,0.14,0.035,0.04,0.025,0.008,0.004,0.01,0.006,0.035,0.002,1,1,1,0.72,0,0,25.3914,164,13,0,0,0,0,0.727102
330,272,2,7,4,4,1,1,1.71504,1.2148,0.470302,0.986819,2,1,4.8,0,0.34,0.24,0.14,0.035,0.04,0.025,0.008,0.004,0.01,0.006,0.035,0.002,1,1,1,3.81028,0,0,21.2914,223,2,0,0,0,0,0.78427
330,273,2,9,4,4,1,1,1.551,1.37399,0.456624,2.2203,2,1,4.8,0,0.34,0.24,0.14,0.035,0.04,0.025,0.008,0.004,0.01,0.006,0.035,0.002,1,1,1,3.34501,0,0,19.1665,232,2,0,0,0,0,0.61872
330,280,2,9,4,4,1,1,1.25791,1.8092,0.44039,-2.76737,2,1,4.8,0,0.34,0.24,0.14,0.035,0.04,0.025,0.008,0.004,0.01,0.006,0.035,0.002,1,1,1,0.48,0,0,13.0582,238,2,0,0,0,0,0.736761
330,283,2,9,4,4,1,1,2.11408,1.10435,0.389763,-1.19585,2,1,4.8,0,0.34,0.24,0.14,0.035,0.04,0.025,0.008,0.004,0.01,0.006,0.035,0.002,1,1,1,1.92,0,0,12.3916,242,2,0,0,0,0,0.516892
330,284,2,9,4,4,1,1,1.59501,1.2773,0.348463,-0.978818,2,1,4.8,0,0.34,0.24,0.14,0.035,0.04,0.025,0.008,0.004,0.01,0.006,0.035,0.002,1,1,1,0,0,0,12.2332,245,2,0,0,0,0,0.612932
330,287,2,9,4,4,1,1,1.72833,1.15428,0.870611,1.43341,2,1,4.8,0,0.34,0.24,0.14,0.035,0.04,0.025,0.008,0.004,0.01,0.006,0.035,0.002,1,1,1,1.34954,0,0,5.60833,232,2,0,0,0,0,1.27253
360,58,4,5,7,3,2,1,3.33646,3.66883,0.0672735,3.0391,0,0,10.8,0,0.34,0.24,0.14,0.035,0.04,0.025,0.008,0.004,0.01,0.006,0.035,0.002,1,1,1,33.7981,0,0,231.157,22,4,0,0,3,0,0
360,90,4,6,7,3,2,1,3.24685,3.61258,0.00955016,0.00997394,0,0,10.8,0,0.34,0.24,0.14,0.035,0.04,0.025,0.008,0.004,0.01,0.006,0.035,0.002,1,1,1,21.3542,0,0,194.808,58,4,0,0,3,0,0
360,148,2,8,4,4,1,1,1.63378,1.29807,0.250188,1.0194,2,1,4.8,0,0.34,0.24,0.14,0.035,0.04,0.025,0.008,0.004,0.01,0.006,0.035,0.002,1,1,1,19.0994,0,0,140.979,71,2,0,0,0,0,1.14458
360,195,2,7,4,4,1,1,1.6394,1.3188,0.567423,-1.08561,2,1,4.8,0,0.34,0.24,0.14,0.035,0.04,0.025,0.008,0.004,0.01,0.006,0.035,0.002,1,1,1,18.8081,0,0,109.412,188,2,0,0,0,0,0.987581
360,203,2,7,4,4,1,1,1.54302,1.3022,0.413344,0.986598,2,1,4.8,0,0.34,0.24,0.14,0.035,0.04,0.025,0.008,0.004,0.01,0.006,0.035,0.002,1,1,1,16.76,0,0,105.738,153,2,0,0,0,0,1.27302
360,210,2,7,3,4,1,0,1.38596,0.848516,0.335574,-2.15955,1,1,3.6,0,0.34,0.24,0.14,0.035,0.04,0.025,0.008,0.004,0.01,0.006,0.035,0.002,1,1,1,11.789,0,0,97.4066,188,2,0,0,0,0,0.416571
360,215,2,8,4,4,1,1,1.56592,1.30623,0.0289656,1.03659,1,1,4.8,0,0.34,0.24,0.14,0.035,0.04,0.025,0.008,0.004,0.01,0.006,0.035,0.002,1,1,1,11.475,0,0,92.1912,210,2,0,0,0,1,0
360,217,2,8,4,4,1,1,1.13995,1.84209,0.433742,3.06236,2,1,4.8,0,0.34,0.24,0.14,0.035,0.04,0.025,0.008,0.004,0.01,0.006,0.035,0.002,1,1,1,14.4266,0,0,90.7499,203,2,0,0,0,0,0.77899
360,222,2,9,4,4,1,1,1.40372,1.62282,0.21839,0.851279,2,1,4.8,0,0.34,0.24,0.14,0.035,0.04,0.025,0.008,0.004,0.01,0.006,0.035,0.002,1,1,1,10.6735,0,0,87.3257,148,2,0,0,0,0,0.866268
360,223,2,6,4,4,1,1,1.2288,1.76836,0.385511,-0.550664,2,1,4.8,0,0.34,0.24,0.14,0.035,0.04,0.025,0.008,0.004,0.01,0.006,0.035,0.002,1,1,1,15.9474,0,0,86.6759,200,2,0,0,0,0,1.19146
360,231,2,7,4,4,1,1,1.92679,1.28253,0.426876,-1.06309,2,1,4.8,0,0.34,0.24,0.14,0.035,0.04,0.025,0.008,0.004,0.01,0.006,0.035,0.002,1,1,1,13.0429,0,0,84.5847,153,2,0,0,0,0,1.04374
360,232,2,8,4,4,1,1,1.30311,1.43113,0.246339,2.40857,2,1,4.8,0,0.34,0.24,0.14,0.035,0.04,0.025,0.008,0.004,0.01,0.006,0.035,0.002,1,1,1,17.2174,0,0,84.5764,166,2,0,0,0,0,0.776519
360,242,2,8,4,4,1,1,1.75492,1.18332,0.218118,-1.80081,2,1,4.8,0,0.34,0.24,0.14,0.035,0.04,0.025,0.008,0.004,0.01,0.006,0.035,0.002,1,1,1,10.4032,0,0,74.2789,182,2,0,0,0,0,0.866936
360,247,2,6,4,4,1,1,1.00448,1.82277,0.477281,3.02933,2,1,4.8,0,0.34,0.24,0.14,0.035,0.04,0.025,0.008,0.004,0.01,0.006,0.035,0.002,1,1,1,8.04,0,0,72.8043,200,2,0,0,0,0,0.643569
360,250,2,4,4,4,1,1,1.0479,1.86145,0.0887505,0.0170169,2,1,4.8,0,0.34,0.24,0.14,0.035,0.04,0.025,0.008,0.004,0.01,0.006,0.035,0.002,1,1,1,9.07487,0,0,70.055,56,2,0,0,0,0,0.526737
360,253,2,10,4,4,1,1,1.39743,1.31142,0.24267,0.812125,2,1,4.8,0,0.34,0.24,0.14,0.035,0.04,0.025,0.008,0.004,0.01,0.006,0.035,0.002,1,1,1,7.04761,0,0,69.2385,228,2,0,0,0,0,0
360,255,2,9,4,4,1,1,1.86523,1.073,0.261289,-1.46671,2,1,4.8,0,0.34,0.24,0.14,0.035,0.04,0.025,0.008,0.004,0.01,0.006,0.035,0.002,1,1,1,14.784,0,0,68.7803,148,2,0,0,0,0,0.516861
360,260,2,7,4,4,1,1,1.71787,1.27311,0.332737,0.982774,2,1,4.8,0,0.34,0.24,0.14,0.035,0.04,0.025,0.008,0.004,0.01,0.006,0.035,0.002,1,1,1,14.6225,0,0,64.7812,223,2,0,0,0,0,1.18114
360,261,2,9,4,4,1,1,1.8306,1.14508,0.279461,1.67536,2,1,4.8,0,0.34,0.24,0.14,0.035,0.04,0.025,0.008,0.004,0.01,0.006,0.035,0.002,1,1,1,10.1679,0,0,63.8314,232,2,0,0,0,0,0.666431
360,265,2,8,4,4,1,1,1.83573,1.29215,0.785485,-1.08021,2,1,4.8,0,0.34,0.24,0.14,0.035,0.04,0.025,0.008,0.004,0.01,0.006,0.035,0.002,1,1,1,6.43192,0,0,59.8305,203,2,0,0,0,0,0.856866
360,272,2,7,4,4,1,1,1.37865,1.33169,0.516008,0.645722,2,1,4.8,0,0.34,0.24,0.14,0.035,0.04,0.025,0.008,0.004,0.01,0.006,0.035,0.002,1,1,1,9.86634,0,0,51.2954,223,2,0,0,0,0,1.22989
360,273,2,9,4,4,1,1,1.3097,1.43884,0.100943,-0.659037,2,1,4.8,0,0.34,0.24,0.14,0.035,0.04,0.025,0.008,0.004,0.01,0.006,0.035,0.002,1,1,1,8.76347,0,0,49.1699,232,2,0,0,0,0,0.567649
360,280,2,9,4,4,1,1,1.04804,1.79489,0.13072,-3.07448,2,1,4.8,0,0.34,0.24,0.14,0.035,0.04,0.025,0.008,0.004,0.01,0.006,0.035,0.002,1,1,1,8.33308,0,0,43.0603,238,2,0,0,0,0,1.17666
360,283,2,9,4,4,1,1,1.56884,1.69044,0.283981,-2.33892,2,1,4.8,0,0.34,0.24,0.14,0.035,0.04,0.025,0.008,0.004,0.01,0.006,0.035,0.002,1,1,1,5.89246,0,0,42.3935,242,2,0,0,0,0,1.09369
360,287,2,9,4,4,1,1,1.3124,1.49809,0.250341,-0.687394,2,1,4.8,0,0.34,0.24,0.14,0.035,0.04,0.025,0.008,0.004,0.01,0.006,0.035,0.002,1,1,1,5.63826,0,0,35.6087,232,2,0,0,0,0,0.663526
360,289,2,10,4,4,1,1,1.80715,1.24108,0.0831887,-2.05068,2,1,4.8,0,0.34,0.24,0.14,0.035,0.04,0.025,0.008,0.004,0.01,0.006,0.035,0.002,1,1,1,4.37663,0,0,34.7168,255,2,0,0,0,0,0.734696
360,301,2,10,4,4,1,1,1.74471,1.22372,0.413856,-1.96156,2,1,4.8,0,0.34,0.24,0.14,0.035,0.04,0.025,0.008,0.004,0.01,0.006,0.035,0.002,1,1,1,3.12977,0,0,29.3163,261,2,0,0,0,0,0.960815
360,306,2,8,4,4,1,1,0.970284,2.00757,0.490505,-0.164853,2,1,4.8,0,0.34,0.24,0.14,0.035,0.04,0.025,0.008,0.004,0.01,0.006,0.035,0.002,1,1,1,3.36455,0,0,27.508,272,2,0,0,0,0,1.10745
360,307,2,10,4,4,1,1,1.77072,1.11106,0.394067,1.68947,2,1,4.8,0,0.34,0.24,0.14,0.035,0.04,0.025,0.008,0.004,0.01,0.006,0.035,0.002,1,1,1,2.59426,0,0,25.5414,273,2,0,0,0,0,0.721631
360,312,2,9,4,4,1,1,2.07723,1.02747,0.184171,-1.32716,2,1,4.8,0,0.34,0.24,0.14,0.035,0.04,0.025,0.008,0.004,0.01,0.006,0.035,0.002,1,1,1,2.544,0,0,22.5081,232,2,0,0,0,0,0.811963
360,318,2,10,4,4,1,1,1.28869,1.4142,0.27177,2.29376,2,1,4.8,0,0.34,0.24,0.14,0.035,0.04,0.025,0.008,0.004,0.01,0.006,0.035,0.002,1,1,1,3.24,0,0,20.9414,255,2,0,0,0,0,0.935582
360,322,2,8,4,4,1,1,0.986352,1.9652,0.451408,-3.12135,2,1,4.8,0,0.34,0.24,0.14,0.035,0.04,0.025,0.008,0.004,0.01,0.006,0.035,0.002,1,1,1,1.56949,0,0,18.7748,260,2,0,0,0,0,1.16415
360,325,16,8,4,4,1,1,1.98302,1.33942,0.574589,0.197244,2,1,4.8,0,0.34,0.24,0.14,0.035,0.04,0.025,0.008,0.004,0.01,0.006,0.035,0.002,1,1,1,0.23105,0,0,16.4248,272,2,0,0,0,0,0.834236
360,330,2,10,4,4,1,1,1.88982,1.10847,0.350151,-1.41332,2,1,4.8,0,0.34,0.24,0.14,0.035,0.04,0.025,0.008,0.004,0.01,0.006,0.035,0.002,1,1,1,0.12,0,0,12.8582,287,2,0,0,0,0,0.828121
360,333,2,10,4,4,1,1,1.39262,1.78378,0.270171,-2.69515,2,1,4.8,0,0.34,0.24,0.14,0.035,0.04,0.025,0.008,0.004,0.01,0.006,0.035,0.002,1,1,1,3.24,0,0,9.30828,255,2,0,0,0,0,1.02018
360,334,2,8,4,4,1,1,1.29911,1.74854,0.358094,-2.69723,2,1,4.8,0,0.34,0.24,0.14,0.035,0.04,0.025,0.008,0.004,0.01,0.006,0.035,0.002,1,1,1,0.48,0,0,7.79997,260,2,0,0,0,0,0.653812
360,336,2,10,4,4,1,1,1.11691,1.95311,0.948383,3.01309,2,1,4.8,0,0.34,0.24,0.14,0.035,0.04,0.025,0.008,0.004,0.01,0.006,0.035,0.002,1,1,1,2.18904,0,0,7.29164,280,2,0,0,0,0,1.24325
390,58,4,5,7,3,2,1,3.68384,3.36632,0.237881,2.78448,0,0,10.8,0,0.34,0.24,0.14,0.035,0.04,0.025,0.008,0.004,0.01,0.006,0.035,0.002,1,1,1,35.0221,0,0,261.15,22,4,0,0,3,0,0
390,90,4,6,7,3,2,1,3.48167,3.60415,0.196976,-0.350854,0,0,10.8,0,0.34,0.24,0.14,0.035,0.04,0.025,0.008,0.004,0.01,0.006,0.035,0.002,1,1,1,22.8902,0,0,224.801,58,4,0,0,3,0,0
390,148,2,8,4,4,1,1,1.15798,1.67836,0.346464,0.115094,2,1,4.8,0,0.34,0.24,0.14,0.035,0.04,0.025,0.008,0.004,0.01,0.006,0.035,0.002,1,1,1,22.0994,0,0,170.972,71,2,0,0,0,0,1.25993
390,195,2,7,4,4,1,1,1.3237,1.6745,0.661902,-2.67969,2,1,4.8,0,0.34,0.24,0.14,0.035,0.04,0.025,0.008,0.004,0.01,0.006,0.035,0.002,1,1,1,24.8866,0,0,139.405,188,2,0,0,0,0,1.1633
390,210,2,7,3,4,1,0,1.00269,1.03148,0.320112,0.0283309,1,1,3.6,0,0.34,0.24,0.14,0.035,0.04,0.025,0.008,0.004,0.01,0.006,0.035,0.002,1,1,1,15.9323,0,0,127.399,188,2,0,0,0,0,0
390,223,2,6,4,4,1,1,1.80916,1.11504,0.549081,-1.53714,2,1,4.8,0,0.34,0.24,0.14,0.035,0.04,0.025,0.008,0.004,0.01,0.006,0.035,0.002,1,1,1,23.1701,0,0,116.669,200,2,0,0,0,0,0.793584
390,231,2,7,4,4,1,1,1.53351,1.40118,0.458362,-0.757628,2,1,4.8,0,0.34,0.24,0.14,0.035,0.04,0.025,0.008,0.004,0.01,0.006,0.035,0.002,1,1,1,20.2909,0,0,114.577,153,2,0,0,0,0,1.2784
390,250,2,4,4,4,1,1,1.85892,1.13347,0.141506,-1.29436,2,1,4.8,0,0.34,0.24,0.14,0.035,0.04,0.025,0.008,0.004,0.01,0.006,0.035,0.002,1,1,1,12.1949,0,0,100.048,56,2,0,0,0,0,1.21482
390,255,2,9,4,4,1,1,1.27674,1.53619,0.461482,2.69227,2,1,4.8,0,0.34,0.24,0.14,0.035,0.04,0.025,0.008,0.004,0.01,0.006,0.035,0.002,1,1,1,21.552,0,0,98.7729,148,2,0,0,0,0,0.560839
390,260,2,7,4,4,1,1,0.972118,1.95987,0.441931,3.00362,2,1,4.8,0,0.34,0.24,0.14,0.035,0.04,0.025,0.008,0.004,0.01,0.006,0.035,0.002,1,1,1,20.1425,0,0,94.7739,223,2,0,0,0,0,0.574057
390,261,2,9,4,4,1,1,1.31543,1.65911,0.343828,0.254424,2,1,4.8,0,0.34,0.24,0.14,0.035,0.04,0.025,0.008,0.004,0.01,0.006,0.035,0.002,1,1,1,13.8159,0,0,93.8242,232,2,0,0,0,0,0.898232
390,265,2,8,4,4,1,1,1.47716,1.29853,0.349211,-2.25184,2,1,4.8,0,0.34,0.24,0.14,0.035,0.04,0.025,0.008,0.004,0.01,0.006,0.035,0.002,1,1,1,12.232,0,0,89.8251,203,2,0,0,0,0,0.854854
390,273,2,9,4,4,1,1,1.6897,1.50132,0.45762,2.39319,2,1,4.8,0,0.34,0.24,0.14,0.035,0.04,0.025,0.008,0.004,0.01,0.006,0.035,0.002,1,1,1,12.7884,0,0,79.1694,232,2,0,0,0,0,0.565058
390,280,2,9,4,4,1,1,1.92471,1.05379,0.203762,1.46637,2,1,4.8,0,0.34,0.24,0.14,0.035,0.04,0.025,0.008,0.004,0.01,0.006,0.035,0.002,1,1,1,13.9731,0,0,73.0626,238,2,0,0,0,0,0.642699
390,283,2,9,4,4,1,1,1.78321,1.14702,0.16849,-1.77056,2,1,4.8,0,0.34,0.24,0.14,0.035,0.04,0.025,0.008,0.004,0.01,0.006,0.035,0.002,1,1,1,9.18046,0,0,72.396,242,2,0,0,0,0,0.657618
390,287,2,9,4,4,1,1,1.74465,1.3127,0.272017,2.10058,2,1,4.8,0,0.34,0.24,0.14,0.035,0.04,0.025,0.008,0.004,0.01,0.006,0.035,0.002,1,1,1,10.8403,0,0,65.6144,232,2,0,0,0,0,0.514462
390,297,2,8,4,4,1,1,1.2991,1.81101,0.383645,0.667723,2,1,4.8,0,0.34,0.24,0.14,0.035,0.04,0.025,0.008,0.004,0.01,0.006,0.035,0.002,1,1,1,6.7616,0,0,60.389,231,2,0,0,0,0,0.89353
390,301,2,10,4,4,1,1,1.13225,1.94174,0.27509,3.02522,2,1,4.8,0,0.34,0.24,0.14,0.035,0.04,0.025,0.008,0.004,0.01,0.006,0.035,0.002,1,1,1,7.20977,0,0,59.3221,261,2,0,0,0,0,0.514803
390,306,2,8,4,4,1,1,1.04635,1.84143,0.52732,0.0168804,2,1,4.8,0,0.34,0.24,0.14,0.035,0.04,0.025,0.008,0.004,0.01,0.006,0.035,0.002,1,1,1,7.96299,0,0,57.5134,272,2,0,0,0,0,0.956687
390,308,2,7,4,4,1,1,1.34968,1.58039,0.510995,-2.70567,2,1,4.8,0,0.34,0.24,0.14,0.035,0.04,0.025,0.008,0.004,0.01,0.006,0.035,0.002,1,1,1,1.44,0,0,54.9962,223,2,0,0,0,0,0.719956
390,312,2,9,4,4,1,1,1.15698,1.85667,0.633345,-0.233428,2,1,4.8,0,0.34,0.24,0.14,0.035,0.04,0.025,0.008,0.004,0.01,0.006,0.035,0.002,1,1,1,5.05261,0,0,52.5123,232,2,0,0,0,0,1.1709
390,322,2,8,4,4,1,1,1.26106,1.89058,0.424586,2.58016,2,1,4.8,0,0.34,0.24,0.14,0.035,0.04,0.025,0.008,0.004,0.01,0.006,0.035,0.002,1,1,1,4.83349,0,0,48.7782,260,2,0,0,0,0,0.616634
390,324,2,10,4,4,1,1,1.40421,1.45797,0.240913,-0.719875,2,1,4.8,0,0.34,0.24,0.14,0.035,0.04,0.025,0.008,0.004,0.01,0.006,0.035,0.002,1,1,1,4.91659,0,0,46.9445,283,2,0,0,0,0,1.25
390,333,2,10,4,4,1,1,1.68695,1.30106,0.367244,1.18581,2,1,4.8,0,0.34,0.24,0.14,0.035,0.04,0.025,0.008,0.004,0.01,0.006,0.035,0.002,1,1,1,9.03294,0,0,39.3095,255,2,0,0,0,0,0.796211
390,334,2,8,4,4,1,1,1.01239,2.04473,0.217698,-3.02108,2,1,4.8,0,0.34,0.24,0.14,0.035,0.04,0.025,0.008,0.004,0.01,0.006,0.035,0.002,1,1,1,4.92,0,0,37.8008,260,2,0,0,0,0,0.84113
390,336,2,10,4,4,1,1,1.50302,1.38117,0.180619,-0.90692,2,1,4.8,0,0.34,0.24,0.14,0.035,0.04,0.025,0.008,0.004,0.01,0.006,0.035,0.002,1,1,1,8.43619,0,0,37.2924,280,2,0,0,0,0,0.817535
390,342,2,11,4,4,1,1,1.58308,1.30458,0.326402,-2.23519,2,1,4.8,0,0.34,0.24,0.14,0.035,0.04,0.025,0.008,0.004,0.01,0.006,0.035,0.002,1,1,1,3.74433,0,0,34.5085,333,2,0,0,0,0,0.522463
390,348,2,9,4,4,1,1,1.20911,1.80233,0.414324,-2.85429,2,1,4.8,0,0.34,0.24,0.14,0.035,0.04,0.025,0.008,0.004,0.01,0.006,0.035,0.002,1,1,1,1.75992,0,0,29.7746,265,2,0,0,0,0,0.544096
390,349,2,8,4,4,1,1,1.12355,1.90345,0.500165,-0.252329,2,1,4.8,0,0.34,0.24,0.14,0.035,0.04,0.025,0.008,0.004,0.01,0.006,0.035,0.002,1,1,1,3.91787,0,0,29.4996,195,2,0,0,0,0,0.610661
390,351,2,10,4,4,1,1,1.45112,1.32882,0.4415,-2.27664,2,1,4.8,0,0.34,0.24,0.14,0.035,0.04,0.025,0.008,0.004,0.01,0.006,0.035,0.002,1,1,1,4.56,0,0,27.4747,255,2,0,0,0,0,1.15058
390,357,2,8,4,4,1,1,1.44239,1.30765,0.31183,0.828977,2,1,4.8,0,0.34,0.24,0.14,0.035,0.04,0.025,0.008,0.004,0.01,0.006,0.035,0.002,1,1,1,2.04,0,0,24.7164,260,2,0,0,0,0,0.944085
390,362,2,10,6,6,1,1,2.23988,1.31448,0.450541,-1.90609,4,1,7.2,0,0.34,0.24,0.14,0.035,0.04,0.025,0.008,0.004,0.01,0.006,0.035,0.002,1,1,1,3,0,0,20.6498,280,2,0,0,0,0,0.781608
390,364,2,9,4,4,1,1,1.27459,1.67812,0.420906,0.287875,2,1,4.8,0,0.34,0.24,0.14,0.035,0.04,0.025,0.008,0.004,0.01,0.006,0.035,0.002,1,1,1,0.48,0,0,20.3581,306,2,0,0,0,0,0.528804
390,367,2,11,4,4,1,1,1.29452,1.4015,0.230891,2.25153,2,1,4.8,0,0.34,0.24,0.14,0.035,0.04,0.025,0.008,0.004,0.01,0.006,0.035,0.002,1,1,1,0.255063,0,0,19.5915,333,2,0,0,0,0,0.736166
390,370,2,11,4,4,1,1,1.6132,1.32986,0.340714,2.08637,2,1,4.8,0,0.34,0.24,0.14,0.035,0.04,0.025,0.008,0.004,0.01,0.006,0.035,0.002,1,1,1,1.224,0,0,18.6248,336,2,0,0,0,0,1.03901
390,374,17,8,3,3,1,1,1.44716,1.30536,0.650914,0.135692,2,0,3.6,0,0.34,0.24,0.14,0.035,0.04,0.025,0.008,0.004,0.01,0.006,0.035,0.002,1,1,1,1.8,0,0,16.6582,231,2,0,0,0,0,0.857093
390,375,2,10,4,4,1,1,1.31407,1.38818,0.204572,-0.846836,2,1,4.8,0,0.34,0.24,0.14,0.035,0.04,0.025,0.008,0.004,0.01,0.006,0.035,0.002,1,1,1,0.24,0,0,14.8499,255,2,0,0,0,0,0.823264
390,378,2,9,4,4,1,1,1.4351,1.58576,0.309017,2.58294,2,1,4.8,0,0.34,0.24,0.14,0.035,0.04,0.025,0.008,0.004,0.01,0.006,0.035,0.002,1,1,1,1.0201,0,0,10.1749,349,2,0,0,0,0,0.706487
420,195,2,7,4,4,1,1,1.31057,1.51815,0.370049,-2.81716,2,1,4.8,0,0.34,0.24,0.14,0.035,0.04,0.025,0.008,0.004,0.01,0.006,0.035,0.002,1,1,1,31.4866,0,0,169.397,188,2,0,0,0,0,1.16783
420,223,2,6,4,4,1,1,1.7161,1.31993,0.644726,2.00949,2,1,4.8,0,0.34,0.24,0.14,0.035,0.04,0.025,0.008,0.004,0.01,0.006,0.035,0.002,1,1,1,25.5701,0,0,146.661,200,2,0,0,0,0,1.02852
420,250,2,4,4,4,1,1,1.92954,1.05141,0.556005,1.41993,2,1,4.8,0,0.34,0.24,0.14,0.035,0.04,0.025,0.008,0.004,0.01,0.006,0.035,0.002,1,1,1,16.5258,0,0,130.04,56,2,0,0,0,0,1.14213
420,265,2,8,4,4,1,1,1.08282,2.15802,0.502136,0.165293,2,1,4.8,0,0.34,0.24,0.14,0.035,0.04,0.025,0.008,0.004,0.01,0.006,0.035,0.002,1,1,1,16.072,0,0,119.818,203,2,0,0,0,0,1.12608
420,273,2,9,4,4,1,1,1.31097,1.39706,0.402134,-0.731305,2,1,4.8,0,0.34,0.24,0.14,0.035,0.04,0.025,0.008,0.004,0.01,0.006,0.035,0.002,1,1,1,17.9484,0,0,109.162,232,2,0,0,0,0,0.906904
420,306,2,8,4,4,1,1,1.2287,1.38423,0.480696,-0.847705,2,1,4.8,0,0.34,0.24,0.14,0.035,0.04,0.025,0.008,0.004,0.01,0.006,0.035,0.002,1,1,1,12.403,0,0,87.509,272,2,0,0,0,0,1.14083
420,324,2,10,4,4,1,1,1.0535,2.00783,0.370517,3.04126,2,1,4.8,0,0.34,0.24,0.14,0.035,0.04,0.025,0.008,0.004,0.01,0.006,0.035,0.002,1,1,1,10.4366,0,0,76.9449,283,2,0,0,0,0,0.516607
420,333,2,10,4,4,1,1,1.15581,1.85293,0.433982,0.229362,2,1,4.8,0,0.34,0.24,0.14,0.035,0.04,0.025,0.008,0.004,0.01,0.006,0.035,0.002,1,1,1,14.6065,0,0,69.3135,255,2,0,0,0,0,1.16238
420,336,2,10,4,4,1,1,1.0695,1.84026,0.981836,-0.104956,2,1,4.8,0,0.34,0.24,0.14,0.035,0.04,0.025,0.008,0.004,0.01,0.006,0.035,0.002,1,1,1,14.7962,0,0,67.2973,280,2,0,0,0,0,1.27878
420,342,2,11,4,4,1,1,1.48438,1.38808,0.423392,2.30085,2,1,4.8,0,0.34,0.24,0.14,0.035,0.04,0.025,0.008,0.004,0.01,0.006,0.035,0.002,1,1,1,10.8719,0,0,64.5146,333,2,0,0,0,0,0.792291
420,345,2,5,4,4,1,1,1.04361,2.05902,0.519828,-0.176326,2,1,4.8,0,0.34,0.24,0.14,0.035,0.04,0.025,0.008,0.004,0.01,0.006,0.035,0.002,1,1,1,7.11705,0,0,62.6061,250,2,0,0,0,0,0.749032
420,348,2,9,4,4,1,1,1.32402,1.68176,0.406647,0.463911,2,1,4.8,0,0.34,0.24,0.14,0.035,0.04,0.025,0.008,0.004,0.01,0.006,0.035,0.002,1,1,1,6.19992,0,0,59.7805,265,2,0,0,0,0,0.515035
420,349,2,8,4,4,1,1,1.56736,1.36024,0.290665,-0.96441,2,1,4.8,0,0.34,0.24,0.14,0.035,0.04,0.025,0.008,0.004,0.01,0.006,0.035,0.002,1,1,1,10.1579,0,0,59.5055,195,2,0,0,0,0,0.465349
420,351,2,10,4,4,1,1,1.41015,1.52594,0.40218,0.590267,2,1,4.8,0,0.34,0.24,0.14,0.035,0.04,0.025,0.008,0.004,0.01,0.006,0.035,0.002,1,1,1,7.43693,0,0,57.48,255,2,0,0,0,0,0.535562
420,357,2,8,4,4,1,1,1.34928,1.45505,0.551289,2.41349,2,1,4.8,0,0.34,0.24,0.14,0.035,0.04,0.025,0.008,0.004,0.01,0.006,0.035,0.002,1,1,1,8.98831,0,0,54.7211,260,2,0,0,0,0,0.613786
420,361,2,11,3,3,1,0,1.22536,0.97081,0.385873,-1.1585,1,1,3.6,0,0.34,0.24,0.14,0.035,0.04,0.025,0.008,0.004,0.01,0.006,0.035,0.002,1,1,1,3.17397,0,0,53.0958,324,2,0,0,0,0,1.27852
420,370,2,11,4,4,1,1,1.35355,1.43851,0.436986,-0.661304,2,1,4.8,0,0.34,0.24,0.14,0.035,0.04,0.025,0.008,0.004,0.01,0.006,0.035,0.002,1,1,1,11.712,0,0,48.6281,336,2,0,0,0,0,0.963087
420,378,2,9,4,4,1,1,1.38544,1.49567,0.306325,-2.52789,2,1,4.8,0,0.34,0.24,0.14,0.035,0.04,0.025,0.008,0.004,0.01,0.006,0.035,0.002,1,1,1,4.5241,0,0,40.1763,349,2,0,0,0,0,0.918935
420,381,2,11,4,4,1,1,1.92662,1.20754,0.426691,1.89364,2,1,4.8,0,0.34,0.24,0.14,0.035,0.04,0.025,0.008,0.004,0.01,0.006,0.035,0.002,1,1,1,5.67042,0,0,34.5668,333,2,0,0,0,0,0.535016
420,385,2,11,4,4,1,1,1.37743,1.61433,0.407929,-2.55259,2,1,4.8,0,0.34,0.24,0.14,0.035,0.04,0.025,0.008,0.004,0.01,0.006,0.035,0.002,1,1,1,3.24,0,0,32.6331,336,2,0,0,0,0,0.471634
420,390,2,9,4,4,1,1,1.60432,1.3363,0.618014,2.12071,2,1,4.8,0,0.34,0.24,0.14,0.035,0.04,0.025,0.008,0.004,0.01,0.006,0.035,0.002,1,1,1,8.62935,0,0,27.1413,357,2,0,0,0,0,0.709225
420,393,2,12,4,4,1,1,1.39455,1.29362,0.406465,-2.4892,2,1,4.8,0,0.34,0.24,0.14,0.035,0.04,0.025,0.008,0.004,0.01,0.006,0.035,0.002,1,1,1,1.89918,0,0,25.1164,370,2,0,0,0,0,0.595166
420,403,2,12,4,4,1,1,1.09349,1.95639,0.469486,-0.197911,2,1,4.8,0,0.34,0.24,0.14,0.035,0.04,0.025,0.008,0.004,0.01,0.006,0.035,0.002,1,1,1,1.32,0,0,22.3997,342,2,0,0,0,0,0.535037
420,412,2,10,4,4,1,1,1.87142,1.19827,0.514264,-1.88126,2,1,4.8,0,0.34,0.24,0.14,0.035,0.04,0.025,0.008,0.004,0.01,0.006,0.035,0.002,1,1,1,5.66404,0,0,19.4665,390,2,0,0,0,0,0.570843
420,414,2,8,4,4,1,1,1.79658,1.31562,0.464271,2.06474,2,1,4.8,0,0.34,0.24,0.14,0.035,0.04,0.025,0.008,0.004,0.01,0.006,0.035,0.002,1,1,1,1.8,0,0,17.5915,195,2,0,0,0,0,1.1998
420,416,2,11,4,4,1,1,2.01508,1.0692,0.671514,-1.70207,2,1,4.8,0,0.34,0.24,0.14,0.035,0.04,0.025,0.008,0.004,0.01,0.006,0.035,0.002,1,1,1,0.6,0,0,17.1415,336,2,0,0,0,0,1.22508
420,417,2,12,4,4,1,1,1.36275,1.637,0.372331,0.462648,2,1,4.8,0,0.34,0.24,0.14,0.035,0.04,0.025,0.008,0.004,0.01,0.006,0.035,0.002,1,1,1,1.49051,0,0,16.4832,381,2,0,0,0,0,0.578903
420,418,2,6,4,4,1,1,1.62681,1.26448,0.515147,1.10894,2,1,4.8,0,0.34,0.24,0.14,0.035,0.04,0.025,0.008,0.004,0.01,0.006,0.035,0.002,1,1,1,1.32,0,0,14.6749,345,2,0,0,0,0,0.717067
420,419,2,11,4,4,1,1,1.30327,1.56875,0.167967,0.232656,2,1,4.8,0,0.34,0.24,0.14,0.035,0.04,0.025,0.008,0.004,0.01,0.006,0.035,0.002,1,1,1,0.48,0,0,14.6665,412,2,0,0,0,0,0.673736
420,420,2,12,4,4,1,1,1.15039,1.87334,0.555595,2.92033,2,1,4.8,0,0.34,0.24,0.14,0.035,0.04,0.025,0.008,0.004,0.01,0.006,0.035,0.002,1,1,1,0.36,0,0,14.1915,370,2,0,0,0,0,0.797446
420,428,2,10,4,4,1,1,1.90394,1.21506,0.236839,-1.39093,2,1,4.8,0,0.34,0.24,0.14,0.035,0.04,0.025,0.008,0.004,0.01,0.006,0.035,0.002,1,1,1,0.48,0,0,8.64995,390,2,0,0,0,0,0.521577
420,429,2,9,4,4,1,1,2.1718,1.06693,0.378393,-1.59189,2,1,4.8,0,0.34,0.24,0.14,0.035,0.04,0.025,0.008,0.004,0.01,0.006,0.035,0.002,1,1,1,0.288,0,0,8.57495,349,2,0,0,0,0,0.471752
450,195,2,7,4,4,1,1,1.81978,1.12547,0.586496,1.32961,2,1,4.8,0,0.34,0.24,0.14,0.035,0.04,0.025,0.008,0.004,0.01,0.006,0.035,0.002,1,1,1,36.5506,0,0,199.39,188,2,0,0,0,0,0.394143
450,250,2,4,4,4,1,1,1.3347,1.34416,0.126975,-0.479283,2,1,4.8,0,0.34,0.24,0.14,0.035,0.04,0.025,0.008,0.004,0.01,0.006,0.035,0.002,1,1,1,22.2087,0,0,160.033,56,2,0,0,0,0,0.644327
450,273,2,9,4,4,1,1,1.83537,1.19832,0.305122,1.4082,2,1,4.8,0,0.34,0.24,0.14,0.035,0.04,0.025,0.008,0.004,0.01,0.006,0.035,0.002,1,1,1,23.7324,0,0,139.155,232,2,0,0,0,0,0.513353
450,306,2,8,3,4,1,0,0.958515,1.06734,0.105895,-2.95757,1,1,3.6,0,0.34,0.24,0.14,0.035,0.04,0.025,0.008,0.004,0.01,0.006,0.035,0.002,1,1,1,9.70055,0,0,117.502,272,2,0,0,0,0,0
450,324,2,10,4,4,1,1,2.04888,1.20895,0.576207,-1.01785,2,1,4.8,0,0.34,0.24,0.14,0.035,0.04,0.025,0.008,0.004,0.01,0.006,0.035,0.002,1,1,1,17.9966,0,0,106.938,283,2,0,0,0,0,0.509008
450,336,2,10,4,4,1,1,1.41367,1.34255,0.311573,0.835478,2,1,4.8,0,0.34,0.24,0.14,0.035,0.04,0.025,0.008,0.004,0.01,0.006,0.035,0.002,1,1,1,19.5962,0,0,97.29,280,2,0,0,0,0,0.390261
450,342,2,11,4,4,1,1,1.24675,1.74345,0.279355,-0.426906,2,1,4.8,0,0.34,0.24,0.14,0.035,0.04,0.025,0.008,0.004,0.01,0.006,0.035,0.002,1,1,1,13.5359,0,0,94.5073,333,2,0,0,0,0,0.535723
450,345,2,5,4,4,1,1,1.76295,1.24619,0.468795,-1.23513,2,1,4.8,0,0.34,0.24,0.14,0.035,0.04,0.025,0.008,0.004,0.01,0.006,0.035,0.002,1,1,1,10.381,0,0,92.5994,250,2,0,0,0,0,0.585883
450,348,2,9,4,4,1,1,1.30117,1.47923,0.339695,-0.605379,2,1,4.8,0,0.34,0.24,0.14,0.035,0.04,0.025,0.008,0.004,0.01,0.006,0.035,0.002,1,1,1,15.3279,0,0,89.7751,265,2,0,0,0,0,0.521464
450,349,2,8,4,4,1,1,1.20623,1.90332,0.524893,0.378959,2,1,4.8,0,0.34,0.24,0.14,0.035,0.04,0.025,0.008,0.004,0.01,0.006,0.035,0.002,1,1,1,15.4782,0,0,89.5002,195,2,0,0,0,0,1.03685
450,357,2,8,4,4,1,1,1.36876,1.28223,0.268199,-2.51302,2,1,4.8,0,0.34,0.24,0.14,0.035,0.04,0.025,0.008,0.004,0.01,0.006,0.035,0.002,1,1,1,13.0966,0,0,84.718,260,2,0,0,0,0,1.139
450,378,2,9,4,4,1,1,1.07038,2.06893,0.442978,0.0214262,2,1,4.8,0,0.34,0.24,0.14,0.035,0.04,0.025,0.008,0.004,0.01,0.006,0.035,0.002,1,1,1,7.5241,0,0,70.1799,349,2,0,0,0,0,0.758513
450,385,2,11,4,4,1,1,1.65469,1.34444,0.334798,-1.12959,2,1,4.8,0,0.34,0.24,0.14,0.035,0.04,0.025,0.008,0.004,0.01,0.006,0.035,0.002,1,1,1,7.61947,0,0,62.6395,336,2,0,0,0,0,0.700362
450,390,2,9,4,4,1,1,1.66099,1.25727,0.830239,1.93112,2,1,4.8,0,0.34,0.24,0.14,0.035,0.04,0.025,0.008,0.004,0.01,0.006,0.035,0.002,1,1,1,14.9267,0,0,57.1466,357,2,0,0,0,0,1.19566
450,403,2,12,4,4,1,1,1.0934,1.84587,0.388633,-3.04331,2,1,4.8,0,0.34,0.24,0.14,0.035,0.04,0.025,0.008,0.004,0.01,0.006,0.035,0.002,1,1,1,9.528,0,0,52.404,342,2,0,0,0,0,0.627913
450,416,2,11,4,4,1,1,1.49051,1.3297,0.276142,1.94249,2,1,4.8,0,0.34,0.24,0.14,0.035,0.04,0.025,0.008,0.004,0.01,0.006,0.035,0.002,1,1,1,4.44,0,0,47.1445,336,2,0,0,0,0,1.27369
450,418,2,6,3,4,1,0,1.03418,1.16196,0.196792,-2.9447,1,1,3.6,0,0.34,0.24,0.14,0.035,0.04,0.025,0.008,0.004,0.01,0.006,0.035,0.002,1,1,1,4.17374,0,0,44.6773,345,2,0,0,0,0,0.00284299
450,421,2,11,4,4,1,1,1.87548,1.16177,0.409601,1.84359,2,1,4.8,0,0.34,0.24,0.14,0.035,0.04,0.025,0.008,0.004,0.01,0.006,0.035,0.002,1,1,1,7.12448,0,0,44.1772,324,2,0,0,0,0,0.813015
450,428,2,10,4,4,1,1,1.81275,1.25295,0.375948,-1.24684,2,1,4.8,0,0.34,0.24,0.14,0.035,0.04,0.025,0.008,0.004,0.01,0.006,0.035,0.002,1,1,1,3.48,0,0,38.651,390,2,0,0,0,0,0.769638
450,429,2,9,4,4,1,1,1.67382,1.24518,0.276051,-2.14491,2,1,4.8,0,0.34,0.24,0.14,0.035,0.04,0.025,0.008,0.004,0.01,0.006,0.035,0.002,1,1,1,3.864,0,0,38.576,349,2,0,0,0,0,1.11365
450,432,2,10,4,4,1,1,1.82351,1.13897,0.467838,2.05448,2,1,4.8,0,0.34,0.24,0.14,0.035,0.04,0.025,0.008,0.004,0.01,0.006,0.035,0.002,1,1,1,3.864,0,0,36.9173,273,2,0,0,0,0,0.671627
450,445,2,8,4,4,1,1,1.86437,1.25316,0.743641,1.99112,2,1,4.8,0,0.34,0.24,0.14,0.035,0.04,0.025,0.008,0.004,0.01,0.006,0.035,0.002,1,1,1,1.44,0,0,31.2246,195,2,0,0,0,0,0.627356
450,448,2,10,4,4,1,1,1.25496,1.84902,0.25313,0.392207,2,1,4.8,0,0.34,0.24,0.14,0.035,0.04,0.025,0.008,0.004,0.01,0.006,0.035,0.002,1,1,1,4.2,0,0,27.833,390,2,0,0,0,0,0.520553
450,449,2,9,4,4,1,1,1.22368,2.51503,0.654,-0.0534733,2,1,4.8,0,0.34,0.24,0.14,0.035,0.04,0.025,0.008,0.004,0.01,0.006,0.035,0.002,1,1,1,3.0797,0,0,27.758,349,2,0,0,0,0,1.25825
450,450,2,12,4,4,1,1,1.26187,1.70977,0.261806,2.57992,2,1,4.8,0,0.34,0.24,0.14,0.035,0.04,0.025,0.008,0.004,0.01,0.006,0.035,0.002,1,1,1,3.57474,0,0,26.633,421,2,0,0,0,0,0.93376
450,451,2,13,4,4,1,1,2.10356,1.08791,0.648099,-1.85904,2,0,4.8,0,0.34,0.24,0.14,0.035,0.04,0.025,0.008,0.004,0.01,0.006,0.035,0.002,1,1,1,5.184,0,0,26.483,403,2,0,0,0,0,1.2781
450,452,2,10,4,4,1,1,1.7704,1.16856,0.146732,-1.45963,2,1,4.8,0,0.34,0.24,0.14,0.035,0.04,0.025,0.008,0.004,0.01,0.006,0.035,0.002,1,1,1,3.6,0,0,22.9747,348,2,0,0,0,0,0.589154
450,465,2,13,4,4,1,1,1.93219,1.24235,0.318721,-1.09308,2,1,4.8,0,0.34,0.24,0.14,0.035,0.04,0.025,0.008,0.004,0.01,0.006,0.035,0.002,1,1,1,1.8,0,0,13.3582,403,2,0,0,0,0,0.542701
450,466,2,12,4,4,1,1,1.55188,1.3838,0.430243,2.35368,2,1,4.8,0,0.34,0.24,0.14,0.035,0.04,0.025,0.008,0.004,0.01,0.006,0.035,0.002,1,1,1,2.16,0,0,13.2999,421,2,0,0,0,0,0.9919
450,469,2,10,4,4,1,1,2.15808,1.09499,0.402748,1.52312,2,1,4.8,0,0.34,0.24,0.14,0.035,0.04,0.025,0.008,0.004,0.01,0.006,0.035,0.002,1,1,1,1.17811,0,0,11.0999,348,2,0,0,0,0,1.26279
480,195,2,7,4,4,1,1,1.65772,1.29044,0.254611,-1.21358,2,1,4.8,0,0.34,0.24,0.14,0.035,0.04,0.025,0.008,0.004,0.01,0.006,0.035,0.002,1,1,1,41.9761,0,0,229.383,188,2,0,0,0,0,0.387609
480,324,2,10,4,4,1,1,1.0466,2.05365,0.57304,-3.02513,2,1,4.8,0,0.34,0.24,0.14,0.035,0.04,0.025,0.008,0.004,0.01,0.006,0.035,0.002,1,1,1,24.1616,0,0,136.93,283,2,0,0,0,0,0.8219
480,336,2,10,4,4,1,1,1.67018,1.3627,0.292819,2.24332,2,1,4.8,0,0.34,0.24,0.14,0.035,0.04,0.025,0.008,0.004,0.01,0.006,0.035,0.002,1,1,1,23.4362,0,0,127.283,280,2,0,0,0,0,0.788489
480,349,2,8,4,4,1,1,1.77039,1.17414,0.433251,-1.81072,2,1,4.8,0,0.34,0.24,0.14,0.035,0.04,0.025,0.008,0.004,0.01,0.006,0.035,0.002,1,1,1,18.1182,0,0,119.493,195,2,0,0,0,0,0.551118
480,357,2,8,4,4,1,1,1.35639,1.73263,0.383219,-2.54893,2,1,4.8,0,0.34,0.24,0.14,0.035,0.04,0.025,0.008,0.004,0.01,0.006,0.035,0.002,1,1,1,17.6293,0,0,114.711,260,2,0,0,0,0,0.998302
480,385,2,11,4,4,1,1,1.87514,1.1743,0.139529,-1.85301,2,1,4.8,0,0.34,0.24,0.14,0.035,0.04,0.025,0.008,0.004,0.01,0.006,0.035,0.002,1,1,1,12.4826,0,0,92.6328,336,2,0,0,0,0,0.400669
480,390,2,9,4,4,1,1,1.47307,1.43203,0.560657,2.25817,2,1,4.8,0,0.34,0.24,0.14,0.035,0.04,0.025,0.008,0.004,0.01,0.006,0.035,0.002,1,1,1,19.2467,0,0,87.1424,357,2,0,0,0,0,0.932547
480,403,2,12,4,4,1,1,1.44658,1.50681,0.483579,-2.3352,2,1,4.8,0,0.34,0.24,0.14,0.035,0.04,0.025,0.008,0.004,0.01,0.006,0.035,0.002,1,1,1,19.1604,0,0,82.4019,342,2,0,0,0,0,0.921503
480,422,2,9,4,4,1,1,1.73343,1.21735,0.338444,-1.36824,2,1,4.8,0,0.34,0.24,0.14,0.035,0.04,0.025,0.008,0.004,0.01,0.006,0.035,0.002,1,1,1,7.67903,0,0,73.4541,357,2,0,0,0,0,0.525665
480,432,2,10,4,4,1,1,1.12913,1.85109,0.730881,-2.60114,2,1,4.8,0,0.34,0.24,0.14,0.035,0.04,0.025,0.008,0.004,0.01,0.006,0.035,0.002,1,1,1,12.6669,0,0,66.9224,273,2,0,0,0,0,1.21832
480,445,2,8,4,4,1,1,1.41537,1.39192,0.426705,-0.900902,2,1,4.8,0,0.34,0.24,0.14,0.035,0.04,0.025,0.008,0.004,0.01,0.006,0.035,0.002,1,1,1,10.5758,0,0,61.2308,195,2,0,0,0,0,1.20273
480,449,2,9,4,4,1,1,1.90507,1.27884,0.130105,-1.12629,2,1,4.8,0,0.34,0.24,0.14,0.035,0.04,0.025,0.008,0.004,0.01,0.006,0.035,0.002,1,1,1,6.1997,0,0,57.7634,349,2,0,0,0,0,0.823257
480,451,2,13,4,4,1,1,1.86804,1.46439,0.305737,2.32482,2,0,4.8,0,0.34,0.24,0.14,0.035,0.04,0.025,0.008,0.004,0.01,0.006,0.035,0.002,1,1,1,8.328,0,0,56.4882,403,2,0,0,0,0,1.2781
480,459,2,12,4,4,1,1,1.31975,1.55681,0.460745,-2.70713,2,1,4.8,0,0.34,0.24,0.14,0.035,0.04,0.025,0.008,0.004,0.01,0.006,0.035,0.002,1,1,1,6.66209,0,0,48.2864,385,2,0,0,0,0,1.26675
480,461,2,11,4,4,1,1,1.70978,1.14449,0.468058,1.29042,2,1,4.8,0,0.34,0.24,0.14,0.035,0.04,0.025,0.008,0.004,0.01,0.006,0.035,0.002,1,1,1,4.85235,0,0,46.7694,432,2,0,0,0,0,1.00516
480,464,2,11,5,5,1,1,1.14134,1.9893,0.439333,-0.337065,3,1,6,0,0.34,0.24,0.14,0.035,0.04,0.025,0.008,0.004,0.01,0.006,0.035,0.002,1,1,1,8.05698,0,0,45.6942,324,2,0,0,0,0,0.949582
480,465,2,13,4,4,1,1,1.31169,1.53384,0.367475,-0.622419,2,1,4.8,0,0.34,0.24,0.14,0.035,0.04,0.025,0.008,0.004,0.01,0.006,0.035,0.002,1,1,1,9.85313,0,0,43.3604,403,2,0,0,0,0,0.702745
480,466,2,12,4,4,1,1,1.69768,1.33383,0.34682,2.10554,2,1,4.8,0,0.34,0.24,0.14,0.035,0.04,0.025,0.008,0.004,0.01,0.006,0.035,0.002,1,1,1,6.624,0,0,43.302,421,2,0,0,0,0,0.554327
480,467,2,14,4,4,1,1,1.56898,1.31449,0.487013,1.23547,2,0,4.8,0,0.34,0.24,0.14,0.035,0.04,0.025,0.008,0.004,0.01,0.006,0.035,0.002,1,1,1,4.344,0,0,41.9934,451,2,0,0,0,0,1.2781
480,468,2,10,4,4,1,1,1.36458,1.43955,0.462766,-0.745146,2,1,4.8,0,0.34,0.24,0.14,0.035,0.04,0.025,0.008,0.004,0.01,0.006,0.035,0.002,1,1,1,10.9346,0,0,41.86,390,2,0,0,0,0,0.930314
480,479,2,14,4,4,1,1,1.10172,1.92095,0.278956,-0.188644,2,1,4.8,0,0.34,0.24,0.14,0.035,0.04,0.025,0.008,0.004,0.01,0.006,0.035,0.002,1,1,1,3.24,0,0,35.3336,465,2,0,0,0,0,0.637378
480,485,2,9,4,4,1,1,2.06793,1.10015,0.388268,-1.36527,2,1,4.8,0,0.34,0.24,0.14,0.035,0.04,0.025,0.008,0.004,0.01,0.006,0.035,0.002,1,1,1,2.77901,0,0,30.2496,445,2,0,0,0,0,1.02974
480,487,2,11,4,4,1,1,1.66558,1.30188,0.277398,0.994235,2,1,4.8,0,0.34,0.24,0.14,0.035,0.04,0.025,0.008,0.004,0.01,0.006,0.035,0.002,1,1,1,2.54276,0,0,28.5663,468,2,0,0,0,0,0.928162
480,495,2,11,4,4,1,1,1.26801,1.57785,0.438094,3.00001,2,1,4.8,0,0.34,0.24,0.14,0.035,0.04,0.025,0.008,0.004,0.01,0.006,0.035,0.002,1,1,1,4.31015,0,0,22.2247,324,2,0,0,0,0,0.926746
480,499,2,13,4,4,1,1,1.05857,2.03747,0.120979,0.0694794,2,1,4.8,0,0.34,0.24,0.14,0.035,0.04,0.025,0.008,0.004,0.01,0.006,0.035,0.002,1,1,1,3.59165,0,0,17.6915,403,2,0,0,0,0,1.00752
480,500,2,10,4,4,1,1,1.57131,1.39192,0.436308,-0.982776,2,1,4.8,0,0.34,0.24,0.14,0.035,0.04,0.025,0.008,0.004,0.01,0.006,0.035,0.002,1,1,1,2.64,0,0,17.6748,422,2,0,0,0,0,1.01353
480,501,2,11,4,4,1,1,1.83667,1.07663,0.457512,1.59907,2,1,4.8,0,0.34,0.24,0.14,0.035,0.04,0.025,0.008,0.004,0.01,0.006,0.035,0.002,1,1,1,2.16,0,0,16.8998,468,2,0,0,0,0,0.752413
480,502,2,9,4,4,1,1,1.25227,1.6018,0.442142,-0.356726,2,1,4.8,0,0.34,0.24,0.14,0.035,0.04,0.025,0.008,0.004,0.01,0.006,0.035,0.002,1,1,1,1.08709,0,0,14.8499,445,2,0,0,0,0,0.58053
480,507,2,8,4,4,1,1,1.30209,1.38449,0.44678,-0.638552,2,1,4.8,0,0.34,0.24,0.14,0.035,0.04,0.025,0.008,0.004,0.01,0.006,0.035,0.002,1,1,1,1.66206,0,0,12.9332,195,2,0,0,0,0,1.07174
480,509,2,12,4,4,1,1,1.85786,1.16942,0.244841,-1.95282,2,1,4.8,0,0.34,0.24,0.14,0.035,0.04,0.025,0.008,0.004,0.01,0.006,0.035,0.002,1,1,1,2.88,0,0,12.7249,461,2,0,0,0,0,0.862122
480,511,2,14,4,4,1,1,1.26468,1.76562,0.427956,-0.471558,2,1,4.8,0,0.34,0.24,0.14,0.035,0.04,0.025,0.008,0.004,0.01,0.006,0.035,0.002,1,1,1,0.48,0,0,10.9249,465,2,0,0,0,0,0.535849
480,515,2,14,4,4,1,1,1.39219,2.2928,0.355642,2.18165,2,1,4.8,0,0.34,0.24,0.14,0.035,0.04,0.025,0.008,0.004,0.01,0.006,0.035,0.002,1,1,1,1.32,0,0,9.74994,499,2,0,0,0,0,1.09003
480,516,2,11,4,4,1,1,1.24121,1.7939,0.436018,-0.730127,2,1,4.8,0,0.34,0.24,0.14,0.035,0.04,0.025,0.008,0.004,0.01,0.006,0.035,0.002,1,1,1,1.2,0,0,7.24998,432,2,0,0,0,0,1.28475
480,520,2,13,4,4,1,1,1.27656,1.67666,0.0433038,0.333685,2,1,4.8,0,0.34,0.24,0.14,0.035,0.04,0.025,0.008,0.004,0.01,0.006,0.035,0.002,1,1,1,0.12,0,0,6.41665,459,2,0,0,0,0,0.425812
510,195,2,7,4,4,1,1,1.30343,1.45604,0.553954,2.48049,2,1,4.8,0,0.34,0.24,0.14,0.035,0.04,0.025,0.008,0.004,0.01,0.006,0.035,0.002,1,1,1,47.2561,0,0,259.375,188,2,0,0,0,0,0.56867
510,324,2,10,4,4,1,1,1.04994,1.95046,0.57821,2.99896,2,1,4.8,0,0.34,0.24,0.14,0.035,0.04,0.025,0.008,0.004,0.01,0.006,0.035,0.002,1,1,1,28.3856,0,0,166.923,283,2,0,0,0,0,1.27852
510,336,2,10,4,4,1,1,1.91252,1.06243,0.351146,1.65648,2,1,4.8,0,0.34,0.24,0.14,0.035,0.04,0.025,0.008,0.004,0.01,0.006,0.035,0.002,1,1,1,26.6825,0,0,157.275,280,2,0,0,0,0,1.13529
510,357,2,8,4,4,1,1,1.48514,1.31839,0.242693,-2.2633,2,1,4.8,0,0.34,0.24,0.14,0.035,0.04,0.025,0.008,0.004,0.01,0.006,0.035,0.002,1,1,1,25.1967,0,0,144.703,260,2,0,0,0,0,0.808002
510,385,2,11,4,4,1,1,1.65948,1.36251,0.450041,0.914211,2,1,4.8,0,0.34,0.24,0.14,0.035,0.04,0.025,0.008,0.004,0.01,0.006,0.035,0.002,1,1,1,17.5226,0,0,122.625,336,2,0,0,0,0,0.946455
510,403,2,12,4,4,1,1,1.35658,1.34625,0.248662,0.828541,2,1,4.8,0,0.34,0.24,0.14,0.035,0.04,0.025,0.008,0.004,0.01,0.006,0.035,0.002,1,1,1,20.9604,0,0,112.395,342,2,0,0,0,0,1.20181
510,422,2,9,4,4,1,1,0.987521,2.34219,0.360732,2.83398,2,1,4.8,0,0.34,0.24,0.14,0.035,0.04,0.025,0.008,0.004,0.01,0.006,0.035,0.002,1,1,1,13.199,0,0,103.447,357,2,0,0,0,0,1.10636
510,445,2,8,4,4,1,1,1.20853,1.7764,0.261957,0.250003,2,1,4.8,0,0.34,0.24,0.14,0.035,0.04,0.025,0.008,0.004,0.01,0.006,0.035,0.002,1,1,1,14.9198,0,0,91.2248,195,2,0,0,0,0,0.39091
510,459,2,12,4,4,1,1,1.96388,1.16959,0.59818,1.88202,2,1,4.8,0,0.34,0.24,0.14,0.035,0.04,0.025,0.008,0.004,0.01,0.006,0.035,0.002,1,1,1,11.8362,0,0,78.2863,385,2,0,0,0,0,1.26675
510,461,2,11,4,4,1,1,1.74114,1.09909,0.615125,1.80858,2,1,4.8,0,0.34,0.24,0.14,0.035,0.04,0.025,0.008,0.004,0.01,0.006,0.035,0.002,1,1,1,11.0208,0,0,76.77,432,2,0,0,0,0,0.595474
510,464,2,11,5,5,1,1,2.00027,1.12366,0.357598,-2.01492,3,1,6,0,0.34,0.24,0.14,0.035,0.04,0.025,0.008,0.004,0.01,0.006,0.035,0.002,1,1,1,13.9399,0,0,75.6952,324,2,0,0,0,0,1.67793
510,465,2,13,4,4,1,1,1.10921,2.04737,0.534266,2.86611,2,1,4.8,0,0.34,0.24,0.14,0.035,0.04,0.025,0.008,0.004,0.01,0.006,0.035,0.002,1,1,1,15.9873,0,0,73.3625,403,2,0,0,0,0,0.924026
510,468,2,10,4,4,1,1,1.19207,1.80057,0.411036,-0.401162,2,1,4.8,0,0.34,0.24,0.14,0.035,0.04,0.025,0.008,0.004,0.01,0.006,0.035,0.002,1,1,1,12.4361,0,0,71.8628,390,2,0,0,0,0,0
510,479,2,14,4,4,1,1,1.8969,1.03774,0.696235,-1.74034,2,1,4.8,0,0.34,0.24,0.14,0.035,0.04,0.025,0.008,0.004,0.01,0.006,0.035,0.002,1,1,1,12.3748,0,0,65.3394,465,2,0,0,0,0,0.813995
510,485,2,9,4,4,1,1,1.82728,1.22211,0.139781,1.86721,2,1,4.8,0,0.34,0.24,0.14,0.035,0.04,0.025,0.008,0.004,0.01,0.006,0.035,0.002,1,1,1,7.70611,0,0,60.2556,445,2,0,0,0,0,0.669445
510,488,2,12,5,5,1,1,2.20423,1.09151,0.303068,-1.8001,3,1,6,0,0.34,0.24,0.14,0.035,0.04,0.025,0.008,0.004,0.01,0.006,0.035,0.002,1,1,1,8.5365,0,0,58.1969,464,2,0,0,0,0,1.70057
510,500,2,10,4,4,1,1,1.08002,1.96953,0.360507,-3.02756,2,1,4.8,0,0.34,0.24,0.14,0.035,0.04,0.025,0.008,0.004,0.01,0.006,0.035,0.002,1,1,1,5.568,0,0,47.6779,422,2,0,0,0,0,1.04018
510,502,2,9,4,4,1,1,1.21141,1.67852,0.224691,0.233909,2,1,4.8,0,0.34,0.24,0.14,0.035,0.04,0.025,0.008,0.004,0.01,0.006,0.035,0.002,1,1,1,4.32709,0,0,44.8523,445,2,0,0,0,0,0.747523
510,505,2,15,4,4,1,1,2.20453,1.06055,0.622216,-1.635,2,1,4.8,0,0.34,0.24,0.14,0.035,0.04,0.025,0.008,0.004,0.01,0.006,0.035,0.002,1,1,1,7.27266,0,0,43.4937,479,2,0,0,0,0,0.517124
510,515,2,14,4,4,1,1,1.87167,1.05082,0.322054,-1.61222,2,1,4.8,0,0.34,0.24,0.14,0.035,0.04,0.025,0.008,0.004,0.01,0.006,0.035,0.002,1,1,1,4.41783,0,0,39.7513,499,2,0,0,0,0,0.388837
510,520,2,13,4,4,1,1,1.87283,1.42129,0.236682,2.37236,2,1,4.8,0,0.34,0.24,0.14,0.035,0.04,0.025,0.008,0.004,0.01,0.006,0.035,0.002,1,1,1,3.12,0,0,36.4172,459,2,0,0,0,0,1.25859
510,527,2,9,4,4,1,1,1.94598,1.12777,0.225309,-1.75157,2,1,4.8,0,0.34,0.24,0.14,0.035,0.04,0.025,0.008,0.004,0.01,0.006,0.035,0.002,1,1,1,3.2329,0,0,34.0334,445,2,0,0,0,0,1.01447
510,529,2,13,4,4,1,1,1.89263,1.05911,0.114932,1.53963,2,1,4.8,0,0.34,0.24,0.14,0.035,0.04,0.025,0.008,0.004,0.01,0.006,0.035,0.002,1,1,1,4.67953,0,0,33.7333,403,2,0,0,0,0,1.03697
510,531,2,12,4,4,1,1,1.09363,1.72386,0.436692,-0.205331,2,1,4.8,0,0.34,0.24,0.14,0.035,0.04,0.025,0.008,0.004,0.01,0.006,0.035,0.002,1,1,1,1.2,0,0,30.408,461,2,0,0,0,0,0.889704
510,532,2,14,4,4,1,1,1.30504,1.57329,0.427148,-0.612365,2,1,4.8,0,0.34,0.24,0.14,0.035,0.04,0.025,0.008,0.004,0.01,0.006,0.035,0.002,1,1,1,1.008,0,0,30.108,465,2,0,0,0,0,0.693109
510,539,2,13,4,4,1,1,1.34959,1.59312,0.376792,0.512677,2,1,4.8,0,0.34,0.24,0.14,0.035,0.04,0.025,0.008,0.004,0.01,0.006,0.035,0.002,1,1,1,1.92,0,0,25.5997,459,2,0,0,0,0,1.27872
510,543,2,9,4,4,1,1,1.30312,1.52678,0.0113177,-0.683301,1,2,4.8,0,0.34,0.24,0.14,0.035,0.04,0.025,0.008,0.004,0.01,0.006,0.035,0.002,1,1,1,2.32061,0,0,21.4664,357,2,0,0,0,0,0
510,547,2,15,4,4,1,1,1.88564,1.3449,0.251556,-1.05255,2,1,4.8,0,0.34,0.24,0.14,0.035,0.04,0.025,0.008,0.004,0.01,0.006,0.035,0.002,1,1,1,1.104,0,0,13.8665,479,2,0,0,0,0,0.860495
510,551,2,16,4,4,1,1,1.31201,1.55752,0.348154,-0.647786,2,1,4.8,0,0.34,0.24,0.14,0.035,0.04,0.025,0.008,0.004,0.01,0.006,0.035,0.002,1,1,1,0.504,0,0,11.6749,505,2,0,0,0,0,0.680502
540,324,2,10,4,4,1,1,1.51673,1.30563,0.515058,0.935786,2,1,4.8,0,0.34,0.24,0.14,0.035,0.04,0.025,0.008,0.004,0.01,0.006,0.035,0.002,1,1,1,34.5536,0,0,196.916,283,2,0,0,0,0,0.532348
540,336,2,10,4,4,1,1,1.77775,1.24378,0.338796,1.12103,2,1,4.8,0,0.34,0.24,0.14,0.035,0.04,0.025,0.008,0.004,0.01,0.006,0.035,0.002,1,1,1,32.1251,0,0,187.268,280,2,0,0,0,0,0.766288
540,357,2,8,4,4,1,1,1.3171,1.61169,0.534564,-2.91416,2,1,4.8,0,0.34,0.24,0.14,0.035,0.04,0.025,0.008,0.004,0.01,0.006,0.035,0.002,1,1,1,28.849,0,0,174.696,260,2,0,0,0,0,1.00442
540,403,2,12,4,4,1,1,1.90148,1.22256,0.724277,1.98814,2,1,4.8,0,0.34,0.24,0.14,0.035,0.04,0.025,0.008,0.004,0.01,0.006,0.035,0.002,1,1,1,26.859,0,0,142.387,342,2,0,0,0,0,0.5832
540,422,2,9,4,4,1,1,1.60011,1.37723,0.347619,-1.03269,2,1,4.8,0,0.34,0.24,0.14,0.035,0.04,0.025,0.008,0.004,0.01,0.006,0.035,0.002,1,1,1,18.9046,0,0,133.439,357,2,0,0,0,0,0.863564
540,445,2,8,4,4,1,1,1.52166,1.32901,0.31809,1.07997,2,1,4.8,0,0.34,0.24,0.14,0.035,0.04,0.025,0.008,0.004,0.01,0.006,0.035,0.002,1,1,1,25.9651,0,0,121.217,195,2,0,0,0,0,0.391055
540,465,2,13,4,4,1,1,1.5892,1.3598,0.46655,-0.974711,2,1,4.8,0,0.34,0.24,0.14,0.035,0.04,0.025,0.008,0.004,0.01,0.006,0.035,0.002,1,1,1,23.1513,0,0,103.355,403,2,0,0,0,0,0.752405
540,475,18,11,2,5,1,0,0.708183,0.7685,0.0770975,0,0,1,2.4,0,0.34,0.24,0.14,0.035,0.04,0.025,0.008,0.004,0.01,0.006,0.035,0.002,1,1,1,3.888,0,0,98.9479,336,2,0,0,0,0,0
540,479,2,14,4,4,1,1,1.94662,1.10966,0.459226,-1.78201,2,1,4.8,0,0.34,0.24,0.14,0.035,0.04,0.025,0.008,0.004,0.01,0.006,0.035,0.002,1,1,1,15.1348,0,0,95.3321,465,2,0,0,0,0,0.840194
540,485,2,9,4,4,1,1,1.35731,1.73262,0.409258,0.51247,2,1,4.8,0,0.34,0.24,0.14,0.035,0.04,0.025,0.008,0.004,0.01,0.006,0.035,0.002,1,1,1,11.8101,0,0,90.25,445,2,0,0,0,0,0.470345
540,488,2,12,5,5,1,1,1.06446,2.13889,0.249118,-2.81818,3,1,6,0,0.34,0.24,0.14,0.035,0.04,0.025,0.008,0.004,0.01,0.006,0.035,0.002,1,1,1,12.8437,0,0,88.1922,464,2,0,0,0,0,1.63526
540,502,2,9,4,4,1,1,1.40953,1.41009,0.355309,0.606467,2,1,4.8,0,0.34,0.24,0.14,0.035,0.04,0.025,0.008,0.004,0.01,0.006,0.035,0.002,1,1,1,11.5511,0,0,74.8538,445,2,0,0,0,0,0.521423
540,505,2,15,1,4,1,0,0,0,0.307719,0,0,0,1.2,0,0.34,0.24,0.14,0.035,0.04,0.025,0.008,0.004,0.01,0.006,0.035,0.002,1,1,1,1.85631,0,0,73.4958,479,2,0,0,0,0,0
540,525,2,10,4,4,1,1,1.98545,1.09358,0.591841,1.32589,2,1,4.8,0,0.34,0.24,0.14,0.035,0.04,0.025,0.008,0.004,0.01,0.006,0.035,0.002,1,1,1,2.28,0,0,64.6813,502,2,0,0,0,0,0.368678
540,527,2,9,4,4,1,1,1.42094,1.3509,0.1931,0.828857,2,1,4.8,0,0.34,0.24,0.14,0.035,0.04,0.025,0.008,0.004,0.01,0.006,0.035,0.002,1,1,1,7.25754,0,0,64.0398,445,2,0,0,0,0,0.426446
540,529,2,13,4,4,1,1,1.09132,2.01889,0.487925,-2.89714,2,1,4.8,0,0.34,0.24,0.14,0.035,0.04,0.025,0.008,0.004,0.01,0.006,0.035,0.002,1,1,1,11.8701,0,0,63.7397,403,2,0,0,0,0,0.55473
540,531,2,12,4,4,1,1,1.08838,2.09158,0.506951,-3.0315,2,1,4.8,0,0.34,0.24,0.14,0.035,0.04,0.025,0.008,0.004,0.01,0.006,0.035,0.002,1,1,1,6.48378,0,0,60.414,461,2,0,0,0,0,1.27302
540,539,2,13,4,4,1,1,1.33376,1.6566,0.4542,-2.50498,2,1,4.8,0,0.34,0.24,0.14,0.035,0.04,0.025,0.008,0.004,0.01,0.006,0.035,0.002,1,1,1,5.28,0,0,55.6046,459,2,0,0,0,0,0.405386
540,543,2,9,4,4,1,1,1.39833,1.31186,0.0505567,0.709847,1,2,4.8,0,0.34,0.24,0.14,0.035,0.04,0.025,0.008,0.004,0.01,0.006,0.035,0.002,1,1,1,5.72552,0,0,51.4704,357,2,0,0,0,0,0
540,546,2,10,4,4,1,1,1.29238,1.74118,0.439537,0.449331,2,1,4.8,0,0.34,0.24,0.14,0.035,0.04,0.025,0.008,0.004,0.01,0.006,0.035,0.002,1,1,1,3.89168,0,0,47.8697,422,2,0,0,0,0,0.884991
540,547,2,15,4,4,1,1,1.44508,1.36311,0.305614,0.822829,2,1,4.8,0,0.34,0.24,0.14,0.035,0.04,0.025,0.008,0.004,0.01,0.006,0.035,0.002,1,1,1,4.224,0,0,43.8688,479,2,0,0,0,0,0.588541
540,555,2,9,4,4,1,1,1.88063,1.19597,0.569986,1.21691,2,1,4.8,0,0.34,0.24,0.14,0.035,0.04,0.025,0.008,0.004,0.01,0.006,0.035,0.002,1,1,1,2.664,0,0,39.4178,445,2,0,0,0,0,1.26675
540,560,2,14,4,4,1,1,0.98194,1.90574,0.445905,-0.121335,2,1,4.8,0,0.34,0.24,0.14,0.035,0.04,0.025,0.008,0.004,0.01,0.006,0.035,0.002,1,1,1,6.18007,0,0,37.0757,465,2,0,0,0,0,1.06345
540,577,2,11,4,4,1,1,1.24645,1.86223,0.893863,0.391694,2,1,4.8,0,0.34,0.24,0.14,0.035,0.04,0.025,0.008,0.004,0.01,0.006,0.035,0.002,1,1,1,8.304,0,0,27.7997,324,2,0,0,0,0,1.26074
540,578,2,15,3,3,1,0,1.13068,0.862347,0.0748394,2.96878,1,1,3.6,0,0.34,0.24,0.14,0.035,0.04,0.025,0.008,0.004,0.01,0.006,0.035,0.002,1,1,1,5.04,0,0,27.133,479,2,0,0,0,0,0
540,583,2,12,4,4,1,1,1.07578,2.01563,1.09885,-0.144411,2,1,4.8,0,0.34,0.24,0.14,0.035,0.04,0.025,0.008,0.004,0.01,0.006,0.035,0.002,1,1,1,7.08,0,0,22.9997,577,2,0,0,0,0,1.14259
540,584,2,16,3,3,1,0,0.930177,1.16176,0.666081,-1.8675,1,1,3.6,0,0.34,0.24,0.14,0.035,0.04,0.025,0.008,0.004,0.01,0.006,0.035,0.002,1,1,1,0.12,0,0,22.7414,578,2,0,0,0,0,0.946316
540,587,2,13,4,4,1,1,2.02084,1.06419,0.603536,1.64444,2,1,4.8,0,0.34,0.24,0.14,0.035,0.04,0.025,0.008,0.004,0.01,0.006,0.035,0.002,1,1,1,2.04,0,0,18.1998,583,2,0,0,0,0,1.2434
540,589,2,15,4,4,1,1,1.06996,2.04347,0.587125,-0.207441,2,1,4.8,0,0.34,0.24,0.14,0.035,0.04,0.025,0.008,0.004,0.01,0.006,0.035,0.002,1,1,1,2.04,0,0,17.1748,560,2,0,0,0,0,1.10793
540,590,2,14,4,4,1,1,1.05841,1.98203,0.907181,-3.12155,2,1,4.8,0,0.34,0.24,0.14,0.035,0.04,0.025,0.008,0.004,0.01,0.006,0.035,0.002,1,1,1,1.43419,0,0,16.9082,529,2,0,0,0,0,1.15487
540,595,2,12,4,4,1,1,1.87857,1.14569,0.323883,1.22962,2,1,4.8,0,0.34,0.24,0.14,0.035,0.04,0.025,0.008,0.004,0.01,0.006,0.035,0.002,1,1,1,1.26941,0,0,12.1832,577,2,0,0,0,0,1.01941
540,596,2,14,4,4,1,1,1.93397,1.04893,0.633034,1.46598,2,1,4.8,0,0.34,0.24,0.14,0.035,0.04,0.025,0.008,0.004,0.01,0.006,0.035,0.002,1,1,1,0.6,0,0,11.4416,465,2,0,0,0,0,1.2204
540,598,2,9,4,4,1,1,2.18902,1.13439,0.326643,1.09579,2,1,4.8,0,0.34,0.24,0.14,0.035,0.04,0.025,0.008,0.004,0.01,0.006,0.035,0.002,1,1,1,2.39072,0,0,8.60829,445,2,0,0,0,0,1.24763
570,324,2,10,4,4,1,1,1.14844,1.91362,0.456207,-2.86392,2,1,4.8,0,0.34,0.24,0.14,0.035,0.04,0.025,0.008,0.004,0.01,0.006,0.035,0.002,1,1,1,36.3536,0,0,226.908,283,2,0,0,0,0,0.596405
570,403,2,12,4,4,1,1,1.78548,1.25585,0.62591,-1.18903,2,1,4.8,0,0.34,0.24,0.14,0.035,0.04,0.025,0.008,0.004,0.01,0.006,0.035,0.002,1,1,1,29.9619,0,0,172.38,342,2,0,0,0,0,0.927459
570,422,2,9,4,4,1,1,2.0452,1.14321,0.644932,1.87002,2,1,4.8,0,0.34,0.24,0.14,0.035,0.04,0.025,0.008,0.004,0.01,0.006,0.035,0.002,1,1,1,22.9846,0,0,163.432,357,2,0,0,0,0,0.526148
570,445,2,8,4,4,1,1,1.78572,1.24696,0.617528,1.90932,2,1,4.8,0,0.34,0.24,0.14,0.035,0.04,0.025,0.008,0.004,0.01,0.006,0.035,0.002,1,1,1,29.3251,0,0,151.21,195,2,0,0,0,0,0.489297
570,488,2,12,3,5,1,0,1.06624,0.91011,0.20892,-0.0496766,1,1,3.6,0,0.34,0.24,0.14,0.035,0.04,0.025,0.008,0.004,0.01,0.006,0.035,0.002,1,1,1,11.2535,0,0,118.185,464,2,0,0,0,0,0.829969
570,529,2,13,4,4,1,1,1.32693,1.80016,0.463782,-2.67164,2,1,4.8,0,0.34,0.24,0.14,0.035,0.04,0.025,0.008,0.004,0.01,0.006,0.035,0.002,1,1,1,19.9341,0,0,93.7325,403,2,0,0,0,0,0.901408
570,531,2,12,4,4,1,1,1.15731,1.58145,0.55576,0.301416,2,1,4.8,0,0.34,0.24,0.14,0.035,0.04,0.025,0.008,0.004,0.01,0.006,0.035,0.002,1,1,1,9.5097,0,0,90.4083,461,2,0,0,0,0,1.06079
570,539,2,13,4,4,1,1,1.60358,1.27115,0.318695,-1.89104,2,1,4.8,0,0.34,0.24,0.14,0.035,0.04,0.025,0.008,0.004,0.01,0.006,0.035,0.002,1,1,1,15.2011,0,0,85.6012,459,2,0,0,0,0,1.27579
570,542,2,13,4,4,1,1,1.58124,1.30237,0.230248,0.923067,2,1,4.8,0,0.34,0.24,0.14,0.035,0.04,0.025,0.008,0.004,0.01,0.006,0.035,0.002,1,1,1,5.25146,0,0,82.8268,403,2,0,0,0,0,0.518784
570,546,2,10,4,4,1,1,0.977377,2.14476,0.812204,-0.268779,2,1,4.8,0,0.34,0.24,0.14,0.035,0.04,0.025,0.008,0.004,0.01,0.006,0.035,0.002,1,1,1,9.53168,0,0,77.8697,422,2,0,0,0,0,0.878083
570,555,2,9,4,4,1,1,1.52104,1.36828,0.145879,2.15541,2,1,4.8,0,0.34,0.24,0.14,0.035,0.04,0.025,0.008,0.004,0.01,0.006,0.035,0.002,1,1,1,7.59838,0,0,69.4218,445,2,0,0,0,0,0.853753
570,560,2,14,4,4,1,1,2.04801,1.0784,0.741523,-1.96236,2,1,4.8,0,0.34,0.24,0.14,0.035,0.04,0.025,0.008,0.004,0.01,0.006,0.035,0.002,1,1,1,10.2438,0,0,67.0807,465,2,0,0,0,0,1.27302
570,577,2,11,4,4,1,1,1.2008,1.78147,0.140403,-0.302038,2,1,4.8,0,0.34,0.24,0.14,0.035,0.04,0.025,0.008,0.004,0.01,0.006,0.035,0.002,1,1,1,14.8627,0,0,57.8051,324,2,0,0,0,0,1.2213
570,578,2,15,3,3,1,0,1.31551,0.689759,0.221163,2.52958,1,1,3.6,0,0.34,0.24,0.14,0.035,0.04,0.025,0.008,0.004,0.01,0.006,0.035,0.002,1,1,1,6.096,0,0,57.1383,479,2,0,0,0,0,0.454188
570,583,2,12,4,4,1,1,1.46495,1.3663,0.470992,-1.1241,2,1,4.8,0,0.34,0.24,0.14,0.035,0.04,0.025,0.008,0.004,0.01,0.006,0.035,0.002,1,1,1,16.6212,0,0,53.0041,577,2,0,0,0,0,0.509627
570,587,2,13,4,4,1,1,1.31127,1.45506,0.137011,-0.644478,2,1,4.8,0,0.34,0.24,0.14,0.035,0.04,0.025,0.008,0.004,0.01,0.006,0.035,0.002,1,1,1,6.672,0,0,48.2031,583,2,0,0,0,0,0.835241
570,589,2,15,4,4,1,1,1.29312,1.60798,0.309525,-0.67915,2,1,4.8,0,0.34,0.24,0.14,0.035,0.04,0.025,0.008,0.004,0.01,0.006,0.035,0.002,1,1,1,6.42084,0,0,47.1778,560,2,0,0,0,0,0.533988
570,590,2,14,4,4,1,1,1.22161,1.8335,0.40453,0.231871,2,1,4.8,0,0.34,0.24,0.14,0.035,0.04,0.025,0.008,0.004,0.01,0.006,0.035,0.002,1,1,1,7.77019,0,0,46.9111,529,2,0,0,0,0,1.20498
570,596,2,14,4,4,1,1,1.29709,1.31773,0.46404,2.57166,2,1,4.8,0,0.34,0.24,0.14,0.035,0.04,0.025,0.008,0.004,0.01,0.006,0.035,0.002,1,1,1,3.30991,0,0,41.4433,465,2,0,0,0,0,0.826499
570,600,2,16,4,4,1,1,1.35491,1.45883,0.299117,-2.68968,2,1,4.8,0,0.34,0.24,0.14,0.035,0.04,0.025,0.008,0.004,0.01,0.006,0.035,0.002,1,1,1,4.97916,0,0,37.5508,589,2,0,0,0,0,1.20991
570,603,2,10,4,4,1,1,2.39565,1.00035,0.935683,1.21825,2,1,4.8,0,0.34,0.24,0.14,0.035,0.04,0.025,0.008,0.004,0.01,0.006,0.035,0.002,1,1,1,5.62346,0,0,34.8835,422,2,0,0,0,0,0.816078
570,608,2,10,4,4,1,1,2.07649,1.0498,0.639345,1.64333,2,1,4.8,0,0.34,0.24,0.14,0.035,0.04,0.025,0.008,0.004,0.01,0.006,0.035,0.002,1,1,1,5.28,0,0,33.8083,598,2,0,0,0,0,1.08394
570,609,2,13,4,4,1,1,1.72722,1.30727,0.357771,2.04701,2,1,4.8,0,0.34,0.24,0.14,0.035,0.04,0.025,0.008,0.004,0.01,0.006,0.035,0.002,1,1,1,3.47435,0,0,32.6831,583,2,0,0,0,0,0.579858
570,610,2,14,4,4,1,1,1.05002,2.18745,0.397782,2.95075,2,1,4.8,0,0.34,0.24,0.14,0.035,0.04,0.025,0.008,0.004,0.01,0.006,0.035,0.002,1,1,1,3.72,0,0,31.8913,587,2,0,0,0,0,0.512858
570,613,2,12,4,4,1,1,2.01253,1.05989,0.506457,1.45068,2,1,4.8,0,0.34,0.24,0.14,0.035,0.04,0.025,0.008,0.004,0.01,0.006,0.035,0.002,1,1,1,3.84,0,0,31.0746,577,2,0,0,0,0,0.500757
570,614,2,10,4,4,1,1,1.28604,1.77777,0.528834,-2.62779,2,1,4.8,0,0.34,0.24,0.14,0.035,0.04,0.025,0.008,0.004,0.01,0.006,0.035,0.002,1,1,1,2.86562,0,0,30.2913,555,2,0,0,0,0,1.26675
570,616,2,15,4,4,1,1,1.6325,1.28795,0.294194,1.91264,2,1,4.8,0,0.34,0.24,0.14,0.035,0.04,0.025,0.008,0.004,0.01,0.006,0.035,0.002,1,1,1,1.2596,0,0,28.5497,590,2,0,0,0,0,1.27302
570,617,2,9,4,4,1,1,1.18419,1.50179,0.287844,2.90488,2,1,4.8,0,0.34,0.24,0.14,0.035,0.04,0.025,0.008,0.004,0.01,0.006,0.035,0.002,1,1,1,0.553174,0,0,27.7913,445,2,0,0,0,0,0.716233
570,620,2,11,4,4,1,1,1.18536,1.8683,0.491454,2.69837,2,1,4.8,0,0.34,0.24,0.14,0.035,0.04,0.025,0.008,0.004,0.01,0.006,0.035,0.002,1,1,1,1.8,0,0,26.2997,546,2,0,0,0,0,0.652371
570,623,2,14,5,5,1,1,1.11207,2.04098,0.270022,0.279586,3,1,6,0,0.34,0.24,0.14,0.035,0.04,0.025,0.008,0.004,0.01,0.006,0.035,0.002,1,1,1,3.6604,0,0,25.733,529,2,0,0,0,0,2.54518
570,626,2,14,4,4,1,1,1.37235,1.64295,0.556153,-2.39205,2,1,4.8,0,0.34,0.24,0.14,0.035,0.04,0.025,0.008,0.004,0.01,0.006,0.035,0.002,1,1,1,2.16,0,0,22.9914,539,2,0,0,0,0,1.03832
570,627,2,17,4,4,1,1,1.07968,2.09016,0.851587,2.60351,2,1,4.8,0,0.34,0.24,0.14,0.035,0.04,0.025,0.008,0.004,0.01,0.006,0.035,0.002,1,1,1,2.76,0,0,22.3497,600,2,0,0,0,0,0.791959
570,629,2,13,4,4,1,1,1.41112,1.6273,0.42166,2.46795,2,1,4.8,0,0.34,0.24,0.14,0.035,0.04,0.025,0.008,0.004,0.01,0.006,0.035,0.002,1,1,1,5.38622,0,0,21.0581,583,2,0,0,0,0,0.825809
570,633,2,14,4,4,1,1,1.36811,1.2706,0.803702,-2.43525,2,1,4.8,0,0.34,0.24,0.14,0.035,0.04,0.025,0.008,0.004,0.01,0.006,0.035,0.002,1,1,1,4.27091,0,0,16.2582,629,2,0,0,0,0,1.19129
570,640,2,13,4,4,1,1,2.14332,1.057,0.39203,-1.56179,2,1,4.8,0,0.34,0.24,0.14,0.035,0.04,0.025,0.008,0.004,0.01,0.006,0.035,0.002,1,1,1,0.12,0,0,10.2416,583,2,0,0,0,0,0.514718
570,645,2,11,4,4,1,1,1.13735,1.6595,0.678856,-0.32528,2,1,4.8,0,0.335275,0.24,0.14,0.035,0.04,0.025,0.008,0.004,0.01,0.006,0.035,0.002,1,1,1,0.08817,0,0,5.575,603,2,0,0,0,0,0.88724
570,646,2,14,4,4,1,1,2.46313,1.16538,0.774536,1.78823,2,1,4.8,0,0.34,0.24,0.14,0.035,0.04,0.025,0.008,0.004,0.01,0.006,0.035,0.002,1,1,1,0.124308,0,0,5.48334,539,2,0,0,0,0,0.637607
600,403,2,12,4,4,1,1,1.81272,1.26217,0.246239,1.04323,2,1,4.8,0,0.34,0.24,0.14,0.035,0.04,0.025,0.008,0.004,0.01,0.006,0.035,0.002,1,1,1,36.3576,0,0,202.373,342,2,0,0,0,0,0.931187
600,422,2,9,4,4,1,1,1.5648,1.35033,0.60115,2.21655,2,1,4.8,0,0.34,0.24,0.14,0.035,0.04,0.025,0.008,0.004,0.01,0.006,0.035,0.002,1,1,1,28.6961,0,0,193.425,357,2,0,0,0,0,1.22916
600,529,2,13,4,4,1,1,1.35059,1.67611,0.415917,0.549986,2,1,4.8,0,0.34,0.24,0.14,0.035,0.04,0.025,0.008,0.004,0.01,0.006,0.035,0.002,1,1,1,26.5751,0,0,123.725,403,2,0,0,0,0,0.539084
600,539,2,13,4,4,1,1,1.25449,1.8136,0.566552,0.494786,2,1,4.8,0,0.34,0.24,0.14,0.035,0.04,0.025,0.008,0.004,0.01,0.006,0.035,0.002,1,1,1,20.4091,0,0,115.594,459,2,0,0,0,0,0.373085
600,546,2,10,4,4,1,1,1.24612,1.90759,0.36486,0.337021,2,1,4.8,0,0.34,0.24,0.14,0.035,0.04,0.025,0.008,0.004,0.01,0.006,0.035,0.002,1,1,1,14.5283,0,0,107.862,422,2,0,0,0,0,0.714775
600,555,2,9,4,4,1,1,1.86598,1.04837,0.511247,-1.60667,2,1,4.8,0,0.34,0.24,0.14,0.035,0.04,0.025,0.008,0.004,0.01,0.006,0.035,0.002,1,1,1,12.3319,0,0,99.4145,445,2,0,0,0,0,0.766269
600,577,2,11,4,4,1,1,1.82775,1.01769,0.365235,1.51628,2,1,4.8,0,0.34,0.24,0.14,0.035,0.04,0.025,0.008,0.004,0.01,0.006,0.035,0.002,1,1,1,17.7667,0,0,87.8006,324,2,0,0,0,0,1.26731
600,583,2,12,4,4,1,1,1.94462,1.09968,0.65725,1.5544,2,1,4.8,0,0.34,0.24,0.14,0.035,0.04,0.025,0.008,0.004,0.01,0.006,0.035,0.002,1,1,1,19.1803,0,0,83.0018,577,2,0,0,0,0,1.27852
600,587,2,13,4,4,1,1,1.37676,1.62586,0.454155,-2.48624,2,1,4.8,0,0.34,0.24,0.14,0.035,0.04,0.025,0.008,0.004,0.01,0.006,0.035,0.002,1,1,1,10.272,0,0,78.203,583,2,0,0,0,0,0.519324
600,596,2,14,4,4,1,1,1.32731,1.58172,0.464765,-0.594767,2,1,4.8,0,0.34,0.24,0.14,0.035,0.04,0.025,0.008,0.004,0.01,0.006,0.035,0.002,1,1,1,10.1092,0,0,71.4463,465,2,0,0,0,0,1.13276
600,600,2,16,4,4,1,1,1.0463,2.03489,0.372556,2.91774,2,1,4.8,0,0.34,0.24,0.14,0.035,0.04,0.025,0.008,0.004,0.01,0.006,0.035,0.002,1,1,1,11.1898,0,0,67.5556,589,2,0,0,0,0,0.709188
600,603,2,10,4,4,1,1,1.36511,1.4354,0.307021,-2.60288,2,1,4.8,0,0.34,0.24,0.14,0.035,0.04,0.025,0.008,0.004,0.01,0.006,0.035,0.002,1,1,1,8.19198,0,0,64.8895,422,2,0,0,0,0,0.526073
600,608,2,10,4,4,1,1,1.95615,1.09403,0.236786,-1.62438,2,1,4.8,0,0.34,0.24,0.14,0.035,0.04,0.025,0.008,0.004,0.01,0.006,0.035,0.002,1,1,1,11.16,0,0,63.8147,598,2,0,0,0,0,1.15842
600,610,2,14,4,4,1,1,1.96417,1.0449,0.64826,-1.45092,2,1,4.8,0,0.34,0.24,0.14,0.035,0.04,0.025,0.008,0.004,0.01,0.006,0.035,0.002,1,1,1,10.8,0,0,61.8976,587,2,0,0,0,0,0.552488
600,613,2,12,4,4,1,1,1.77884,1.15125,0.102254,-1.8263,2,1,4.8,0,0.34,0.24,0.14,0.035,0.04,0.025,0.008,0.004,0.01,0.006,0.035,0.002,1,1,1,8.34448,0,0,61.0808,577,2,0,0,0,0,1.26005
600,614,2,10,4,4,1,1,1.30793,1.4096,0.323303,-0.82775,2,1,4.8,0,0.34,0.24,0.14,0.035,0.04,0.025,0.008,0.004,0.01,0.006,0.035,0.002,1,1,1,7.33277,0,0,60.2973,555,2,0,0,0,0,0.838521
600,616,2,15,4,4,1,1,1.12646,1.91847,0.331128,-0.304958,2,1,4.8,0,0.34,0.24,0.14,0.035,0.04,0.025,0.008,0.004,0.01,0.006,0.035,0.002,1,1,1,6.41512,0,0,58.5553,590,2,0,0,0,0,0.986042
600,619,2,11,4,4,1,1,1.34788,1.43773,0.256814,-0.667229,2,1,4.8,0,0.34,0.24,0.14,0.035,0.04,0.025,0.008,0.004,0.01,0.006,0.035,0.002,1,1,1,5.21954,0,0,57.2133,608,2,0,0,0,0,0.535909
600,626,2,14,4,4,1,1,1.78942,1.31873,0.230809,2.15464,2,1,4.8,0,0.34,0.24,0.14,0.035,0.04,0.025,0.008,0.004,0.01,0.006,0.035,0.002,1,1,1,5.87924,0,0,52.9957,539,2,0,0,0,0,0.404084
600,627,2,17,4,4,1,1,1.40781,1.57981,0.173051,-2.43049,2,1,4.8,0,0.34,0.24,0.14,0.035,0.04,0.025,0.008,0.004,0.01,0.006,0.035,0.002,1,1,1,8.38934,0,0,52.3539,600,2,0,0,0,0,1.26573
600,633,2,14,4,4,1,1,1.91594,1.19653,0.322873,1.91636,2,1,4.8,0,0.34,0.24,0.14,0.035,0.04,0.025,0.008,0.004,0.01,0.006,0.035,0.002,1,1,1,5.25491,0,0,46.261,629,2,0,0,0,0,0.635512
600,637,2,14,4,4,1,1,1.81147,1.24915,0.683627,1.07456,2,1,4.8,0,0.34,0.24,0.14,0.035,0.04,0.025,0.008,0.004,0.01,0.006,0.035,0.002,1,1,1,4.8,0,0,42.9019,529,2,0,0,0,0,0.900696
600,645,2,11,4,4,1,1,1.62731,1.33849,0.319808,-1.23181,2,1,4.8,0,0.335275,0.24,0.14,0.035,0.04,0.025,0.008,0.004,0.01,0.006,0.035,0.002,1,1,1,2.66493,0,0,35.5754,603,2,0,0,0,0,0.569243
600,649,2,18,4,4,1,1,1.35653,1.39354,0.561531,-2.78292,2,1,4.8,0,0.34,0.24,0.14,0.035,0.04,0.025,0.008,0.004,0.01,0.006,0.035,0.002,1,1,1,8.09338,0,0,33.975,627,2,0,0,0,0,0.924529
600,664,2,14,3,3,1,0,1.26383,1.23106,0.604318,0.590127,1,1,3.6,0,0.34,0.24,0.14,0.035,0.04,0.025,0.008,0.004,0.01,0.006,0.035,0.002,1,1,1,2.64,0,0,24.6664,539,2,0,0,0,0,0.297251
600,672,2,14,4,4,1,1,1.4511,1.38707,0.35613,-0.782155,2,1,4.8,0,0.34,0.24,0.14,0.035,0.04,0.025,0.008,0.004,0.01,0.006,0.035,0.002,1,1,1,3.744,0,0,18.8831,529,2,0,0,0,0,0.547307
600,676,2,18,4,4,1,1,1.78627,1.36107,0.188802,0.948821,2,1,4.8,0,0.34,0.24,0.14,0.035,0.04,0.025,0.008,0.004,0.01,0.006,0.035,0.002,1,1,1,1.48864,0,0,17.3082,627,2,0,0,0,0,0.989741
600,679,2,19,4,4,1,1,1.00641,2.0703,0.165865,-3.13166,1,1,7.8,0,0.34,0.24,0.14,0.035,0.04,0.025,0.008,0.004,0.01,0.006,0.035,0.002,1,1,1,3.12,0,0,14.2082,649,2,0,0,0,0,0
600,686,2,15,4,4,1,1,1.21112,2.0655,0.454457,-2.72224,2,1,4.8,0,0.34,0.24,0.14,0.035,0.04,0.025,0.008,0.004,0.01,0.006,0.035,0.002,1,1,1,1.56,0,0,10.6916,610,2,0,0,0,0,0.75605
600,687,2,15,4,4,1,1,1.70712,1.66389,0.736314,0.703534,2,1,4.8,0,0.34,0.24,0.14,0.035,0.04,0.025,0.008,0.004,0.01,0.006,0.035,0.002,1,1,1,2.16,0,0,10.4916,672,2,0,0,0,0,1.27259
600,692,23,11,3,3,1,1,0.959227,2.40278,0.811228,2.28923,2,0,3.6,0,0.34,0.24,0.14,0.035,0.04,0.025,0.008,0.004,0.01,0.006,0.035,0.002,1,1,1,0.84,0,0,4.55835,608,2,0,0,0,0,0.850999
630,403,2,12,4,4,1,1,1.33756,1.7513,0.61401,0.662313,2,1,4.8,0,0.34,0.24,0.14,0.035,0.04,0.025,0.008,0.004,0.01,0.006,0.035,0.002,1,1,1,40.7016,0,0,232.365,342,2,0,0,0,0,1.08038
630,422,2,9,4,4,1,1,1.77915,1.21294,0.529557,-1.31807,2,1,4.8,0,0.34,0.24,0.14,0.035,0.04,0.025,0.008,0.004,0.01,0.006,0.035,0.002,1,1,1,31.6961,0,0,223.418,357,2,0,0,0,0,1.09491
630,529,2,13,4,4,1,1,1.05925,2.06936,0.582355,0.167715,2,1,4.8,0,0.34,0.24,0.14,0.035,0.04,0.025,0.008,0.004,0.01,0.006,0.035,0.002,1,1,1,35.2837,0,0,153.718,403,2,0,0,0,0,1.20921
630,539,2,13,4,4,1,1,1.29503,1.71353,0.454719,0.510946,2,1,4.8,0,0.34,0.24,0.14,0.035,0.04,0.025,0.008,0.004,0.01,0.006,0.035,0.002,1,1,1,25.8091,0,0,145.587,459,2,0,0,0,0,1.13137
630,546,2,10,4,4,1,1,2.12294,0.978428,0.151347,1.57278,2,1,4.8,0,0.34,0.24,0.14,0.035,0.04,0.025,0.008,0.004,0.01,0.006,0.035,0.002,1,1,1,17.5283,0,0,137.855,422,2,0,0,0,0,0.961005
630,555,2,9,4,4,1,1,2.01605,1.06108,0.242183,1.49832,2,1,4.8,0,0.34,0.24,0.14,0.035,0.04,0.025,0.008,0.004,0.01,0.006,0.035,0.002,1,1,1,16.5559,0,0,129.407,445,2,0,0,0,0,0.464315
630,577,2,11,4,4,1,1,1.42875,1.35597,0.298987,0.759539,2,1,4.8,0,0.34,0.24,0.14,0.035,0.04,0.025,0.008,0.004,0.01,0.006,0.035,0.002,1,1,1,21.0558,0,0,117.793,324,2,0,0,0,0,0.867228
630,583,2,12,4,4,1,1,1.23225,1.78041,0.526789,-0.404578,2,1,4.8,0,0.34,0.24,0.14,0.035,0.04,0.025,0.008,0.004,0.01,0.006,0.035,0.002,1,1,1,23.7403,0,0,112.994,577,2,0,0,0,0,0.830222
630,596,2,14,4,4,1,1,2.14339,1.0109,0.418176,1.9306,2,1,4.8,0,0.34,0.24,0.14,0.035,0.04,0.025,0.008,0.004,0.01,0.006,0.035,0.002,1,1,1,12.6292,0,0,101.439,465,2,0,0,0,0,1.27302
630,600,2,16,3,4,1,0,0.78524,1.28382,0.334915,-2.51489,1,1,3.6,0,0.34,0.24,0.14,0.035,0.04,0.025,0.008,0.004,0.01,0.006,0.035,0.002,1,1,1,10.9738,0,0,97.5482,589,2,0,0,0,0,0
630,603,2,10,4,4,1,1,1.90103,1.17904,0.654281,-1.33394,2,1,4.8,0,0.34,0.24,0.14,0.035,0.04,0.025,0.008,0.004,0.01,0.006,0.035,0.002,1,1,1,13.2981,0,0,94.8822,422,2,0,0,0,0,1.232
630,608,2,10,4,4,1,1,1.35178,1.39928,0.211526,-0.675471,2,1,4.8,0,0.34,0.24,0.14,0.035,0.04,0.025,0.008,0.004,0.01,0.006,0.035,0.002,1,1,1,14.8814,0,0,93.8075,598,2,0,0,0,0,0.397457
630,610,2,14,4,4,1,1,1.09014,1.90851,0.607423,0.225819,2,1,4.8,0,0.34,0.24,0.14,0.035,0.04,0.025,0.008,0.004,0.01,0.006,0.035,0.002,1,1,1,16.92,0,0,91.8913,587,2,0,0,0,0,1.27302
630,613,2,12,4,4,1,1,1.37257,1.31455,0.112224,-2.27164,2,1,4.8,0,0.34,0.24,0.14,0.035,0.04,0.025,0.008,0.004,0.01,0.006,0.035,0.002,1,1,1,17.5647,0,0,91.0748,577,2,0,0,0,0,0.519682
630,616,2,15,4,4,1,1,1.52283,1.34797,0.525413,-2.29182,2,1,4.8,0,0.34,0.24,0.14,0.035,0.04,0.025,0.008,0.004,0.01,0.006,0.035,0.002,1,1,1,10.3438,0,0,88.5504,590,2,0,0,0,0,0.753695
630,626,2,14,4,4,1,1,1.68659,1.36617,0.386129,-0.996906,2,1,4.8,0,0.34,0.24,0.14,0.035,0.04,0.025,0.008,0.004,0.01,0.006,0.035,0.002,1,1,1,12.2392,0,0,82.9935,539,2,0,0,0,0,1.13446
630,627,2,17,4,4,1,1,1.79812,1.20776,0.359155,-1.31363,2,1,4.8,0,0.34,0.24,0.14,0.035,0.04,0.025,0.008,0.004,0.01,0.006,0.035,0.002,1,1,1,11.3296,0,0,82.352,600,2,0,0,0,0,0.675468
630,637,2,14,4,4,1,1,1.91238,1.08677,0.450517,1.54388,2,1,4.8,0,0.34,0.24,0.14,0.035,0.04,0.025,0.008,0.004,0.01,0.006,0.035,0.002,1,1,1,9.36,0,0,72.9043,529,2,0,0,0,0,0.924239
630,644,2,13,4,4,1,1,1.35218,1.70156,0.459346,-2.49355,2,1,4.8,0,0.34,0.24,0.14,0.035,0.04,0.025,0.008,0.004,0.01,0.006,0.035,0.002,1,1,1,8.8995,0,0,66.4975,613,2,0,0,0,0,1.22075
630,657,2,13,4,4,1,1,1.62949,1.39409,0.389079,2.21232,2,1,4.8,0,0.34,0.24,0.14,0.035,0.04,0.025,0.008,0.004,0.01,0.006,0.035,0.002,1,1,1,6.10488,0,0,59.4305,583,2,0,0,0,0,0.977871
630,676,2,18,4,4,1,1,1.36078,1.3283,0.233544,0.462472,2,1,4.8,0,0.34,0.24,0.14,0.035,0.04,0.025,0.008,0.004,0.01,0.006,0.035,0.002,1,1,1,4.44013,0,0,47.3112,627,2,0,0,0,0,1.27259
630,678,2,15,4,4,1,1,1.8771,1.26093,0.514751,-1.20813,2,1,4.8,0,0.34,0.24,0.14,0.035,0.04,0.025,0.008,0.004,0.01,0.006,0.035,0.002,1,1,1,2.88,0,0,44.4022,637,2,0,0,0,0,1.01567
630,679,2,19,4,4,1,1,1.60882,1.30841,0.000950444,1.98874,1,1,7.8,0,0.34,0.24,0.14,0.035,0.04,0.025,0.008,0.004,0.01,0.006,0.035,0.002,1,1,1,3.984,0,0,44.2105,649,2,0,0,0,0,0
630,686,2,15,4,4,1,1,1.18828,1.9105,0.200051,-0.413656,2,1,4.8,0,0.34,0.24,0.14,0.035,0.04,0.025,0.008,0.004,0.01,0.006,0.035,0.002,1,1,1,4.73389,0,0,40.6931,610,2,0,0,0,0,1.05223
630,687,2,15,4,4,1,1,1.36476,1.37364,0.241227,1.02053,2,1,4.8,0,0.34,0.24,0.14,0.035,0.04,0.025,0.008,0.004,0.01,0.006,0.035,0.002,1,1,1,4.824,0,0,40.4931,672,2,0,0,0,0,0.645689
630,688,2,17,4,4,1,1,1.87889,1.28728,0.129729,1.9818,2,1,4.8,0,0.34,0.24,0.14,0.035,0.04,0.025,0.008,0.004,0.01,0.006,0.035,0.002,1,1,1,6.19469,0,0,39.7763,600,2,0,0,0,0,0.850296
630,692,23,11,3,3,1,1,1.5787,1.28896,0.588153,-2.88304,2,0,3.6,0,0.34,0.24,0.14,0.035,0.04,0.025,0.008,0.004,0.01,0.006,0.035,0.002,1,1,1,1.92,0,0,34.5585,608,2,0,0,0,0,0.850999
630,702,2,14,4,4,1,1,1.36931,1.40269,0.538745,-0.716052,2,1,4.8,0,0.34,0.24,0.14,0.035,0.04,0.025,0.008,0.004,0.01,0.006,0.035,0.002,1,1,1,5.52,0,0,30.433,539,2,0,0,0,0,1.26637
630,704,2,15,4,4,1,1,1.04968,2.11539,0.477418,3.02434,2,0,4.8,0,0.34,0.24,0.14,0.035,0.04,0.025,0.008,0.004,0.01,0.006,0.035,0.002,1,1,1,1.2,0,0,27.8663,610,2,0,0,1,0,1.15137
630,705,2,18,4,4,1,1,2.10357,0.96096,0.245377,1.41434,2,1,4.8,0,0.34,0.24,0.14,0.035,0.04,0.025,0.008,0.004,0.01,0.006,0.035,0.002,1,1,1,2.70192,0,0,27.1747,688,2,0,0,0,0,1.27302
630,711,2,14,4,4,1,1,1.06967,2.04457,0.352903,0.27023,2,1,4.8,0,0.34,0.24,0.14,0.035,0.04,0.025,0.008,0.004,0.01,0.006,0.035,0.002,1,1,1,3.41137,0,0,23.0914,529,2,0,0,0,0,0.714015
630,713,2,13,4,4,1,1,1.20543,1.48602,0.099639,-0.0034525,2,1,4.8,0,0.34,0.24,0.14,0.035,0.04,0.025,0.008,0.004,0.01,0.006,0.035,0.002,1,1,1,2.60098,0,0,20.6331,613,2,0,0,0,0,0.94905
630,723,2,14,4,4,1,1,2.08204,1.08279,0.397878,-1.38645,2,1,4.8,0,0.34,0.24,0.14,0.035,0.04,0.025,0.008,0.004,0.01,0.006,0.035,0.002,1,1,1,1.8,0,0,12.2749,529,2,0,0,0,0,0.925103
630,724,25,14,5,5,1,2,2.19739,1.02832,0.205743,2.27631,2,1,6,0,0.34,0.24,0.14,0.035,0.04,0.025,0.008,0.004,0.01,0.006,0.035,0.002,1,1,1,1.44,0,0,10.4083,644,2,0,0,0,0,1.19382
660,403,2,12,4,4,1,1,1.36605,1.54166,0.463839,-0.732195,2,1,4.8,0,0.34,0.24,0.14,0.035,0.04,0.025,0.008,0.004,0.01,0.006,0.035,0.002,1,1,1,44.0787,0,0,262.358,342,2,0,0,0,0,0.755397
660,529,2,13,4,4,1,1,1.4237,1.37812,0.327713,2.17238,2,1,4.8,0,0.34,0.24,0.14,0.035,0.04,0.025,0.008,0.004,0.01,0.006,0.035,0.002,1,1,1,44.5898,0,0,183.711,403,2,0,0,0,0,0.550376
660,539,2,13,4,4,1,1,1.37374,1.73769,0.582123,2.55474,2,1,4.8,0,0.34,0.24,0.14,0.035,0.04,0.025,0.008,0.004,0.01,0.006,0.035,0.002,1,1,1,38.9081,0,0,175.579,459,2,0,0,0,0,1.25987
660,596,2,14,1,4,1,0,0,0,0.276982,0,0,0,1.2,0,0.34,0.24,0.14,0.035,0.04,0.025,0.008,0.004,0.01,0.006,0.035,0.002,1,1,1,1.27502,0,0,131.432,465,2,0,0,0,0,0
660,600,2,16,3,4,1,0,1.04347,0.975462,0.141302,1.54979,1,1,3.6,0,0.34,0.24,0.14,0.035,0.04,0.025,0.008,0.004,0.01,0.006,0.035,0.002,1,1,1,14.4538,0,0,127.541,589,2,0,0,0,0,0
660,603,2,10,4,4,1,1,1.70365,1.30079,0.332226,-1.13421,2,1,4.8,0,0.34,0.24,0.14,0.035,0.04,0.025,0.008,0.004,0.01,0.006,0.035,0.002,1,1,1,19.4421,0,0,124.875,422,2,0,0,0,0,0.525632
660,608,2,10,4,4,1,1,1.05157,1.89746,0.312805,0.0168515,2,1,4.8,0,0.34,0.24,0.14,0.035,0.04,0.025,0.008,0.004,0.01,0.006,0.035,0.002,1,1,1,19.4378,0,0,123.8,598,2,0,0,0,0,0.716448
660,610,2,14,4,4,1,1,1.41627,1.39719,0.516429,-0.827258,2,1,4.8,0,0.34,0.24,0.14,0.035,0.04,0.025,0.008,0.004,0.01,0.006,0.035,0.002,1,1,1,20.8824,0,0,121.884,587,2,0,0,0,0,1.27852
660,613,2,12,4,4,1,1,1.3389,1.39598,0.168614,-2.08078,2,1,4.8,0,0.34,0.24,0.14,0.035,0.04,0.025,0.008,0.004,0.01,0.006,0.035,0.002,1,1,1,21.1649,0,0,121.067,577,2,0,0,0,0,0.609455
660,626,2,14,4,4,1,1,1.27213,1.70202,0.262931,-0.398556,2,1,4.8,0,0.34,0.24,0.14,0.035,0.04,0.025,0.008,0.004,0.01,0.006,0.035,0.002,1,1,1,16.1992,0,0,112.986,539,2,0,0,0,0,0.992281
660,644,2,13,4,4,1,1,1.39957,1.34387,0.248712,-2.23836,2,1,4.8,0,0.34,0.24,0.14,0.035,0.04,0.025,0.008,0.004,0.01,0.006,0.035,0.002,1,1,1,15.5919,0,0,96.4902,613,2,0,0,0,0,0.63322
660,676,2,18,4,4,1,1,1.32941,1.41275,0.308511,-0.820221,2,1,4.8,0,0.34,0.24,0.14,0.035,0.04,0.025,0.008,0.004,0.01,0.006,0.035,0.002,1,1,1,9.48013,0,0,77.3115,627,2,0,0,0,0,1.05037
660,678,2,15,4,4,1,1,1.94691,1.397,0.567888,0.862757,2,1,4.8,0,0.34,0.24,0.14,0.035,0.04,0.025,0.008,0.004,0.01,0.006,0.035,0.002,1,1,1,13.161,0,0,74.4039,637,2,0,0,0,0,0.522894
660,686,2,15,4,4,1,1,1.28851,1.87115,0.566904,-2.54554,2,1,4.8,0,0.34,0.24,0.14,0.035,0.04,0.025,0.008,0.004,0.01,0.006,0.035,0.002,1,1,1,8.18989,0,0,70.6965,610,2,0,0,0,0,1.27852
660,702,2,14,4,4,1,1,1.09636,2.03555,0.11228,-2.83518,2,1,4.8,0,0.34,0.24,0.14,0.035,0.04,0.025,0.008,0.004,0.01,0.006,0.035,0.002,1,1,1,9.312,0,0,60.439,539,2,0,0,0,0,0.674491
660,711,2,14,4,4,1,1,1.92947,1.26184,0.492811,2.11407,2,1,4.8,0,0.34,0.24,0.14,0.035,0.04,0.025,0.008,0.004,0.01,0.006,0.035,0.002,1,1,1,6.91189,0,0,53.0958,529,2,0,0,0,0,1.26826
660,713,2,13,4,4,1,1,1.24793,1.8366,0.368908,2.82003,2,1,4.8,0,0.34,0.24,0.14,0.035,0.04,0.025,0.008,0.004,0.01,0.006,0.035,0.002,1,1,1,4.28098,0,0,50.6369,613,2,0,0,0,0,0.512665
660,723,2,14,4,4,1,1,1.95525,1.05414,0.169397,1.50741,2,1,4.8,0,0.34,0.24,0.14,0.035,0.04,0.025,0.008,0.004,0.01,0.006,0.035,0.002,1,1,1,6.432,0,0,42.2768,529,2,0,0,0,0,0.989028
660,724,25,14,5,5,1,2,1.04998,1.92248,0.201653,-0.114944,2,1,6,0,0.34,0.24,0.14,0.035,0.04,0.025,0.008,0.004,0.01,0.006,0.035,0.002,1,1,1,4.64352,0,0,40.4097,644,2,0,0,0,0,0.513809
660,726,2,15,4,4,1,1,1.12489,2.10107,0.22006,-2.69367,1,2,4.8,0,0.34,0.24,0.14,0.035,0.04,0.025,0.008,0.004,0.01,0.006,0.035,0.002,1,1,1,3.96,0,0,37.7008,626,2,0,0,0,0,1.05634
660,730,2,15,4,4,1,1,1.04206,2.18515,0.334864,-3.05615,2,1,4.8,0,0.34,0.24,0.14,0.035,0.04,0.025,0.008,0.004,0.01,0.006,0.035,0.002,1,1,1,4.49932,0,0,35.592,723,2,0,0,0,0,0.535569
660,734,2,13,4,4,1,1,1.34878,2.03502,0.916105,2.53576,2,1,4.8,0,0.34,0.24,0.14,0.035,0.04,0.025,0.008,0.004,0.01,0.006,0.035,0.002,1,1,1,6.05603,0,0,31.2496,613,2,0,0,0,0,1.19948
660,736,2,14,4,4,1,1,1.87098,1.06247,0.452585,-1.68626,2,1,4.8,0,0.34,0.24,0.14,0.035,0.04,0.025,0.008,0.004,0.01,0.006,0.035,0.002,1,1,1,3.96,0,0,28.733,529,2,0,0,0,0,0.534594
660,738,2,11,4,4,1,1,1.0532,1.85011,0.363804,2.91662,2,1,4.8,0,0.34,0.24,0.14,0.035,0.04,0.025,0.008,0.004,0.01,0.006,0.035,0.002,1,1,1,3.24,0,0,28.6663,603,2,0,0,0,0,0.836174
660,744,2,14,4,4,1,1,1.38612,1.58661,0.43894,-2.38033,2,1,4.8,0,0.34,0.24,0.14,0.035,0.04,0.025,0.008,0.004,0.01,0.006,0.035,0.002,1,1,1,2.064,0,0,25.033,644,2,0,0,0,0,1.27302
660,746,2,14,4,4,1,1,1.39332,1.39017,0.492353,2.03903,2,1,4.8,0,0.34,0.24,0.14,0.035,0.04,0.025,0.008,0.004,0.01,0.006,0.035,0.002,1,1,1,0.12,0,0,24.5164,734,2,0,0,0,0,1.27852
660,749,2,14,4,4,1,1,1.72308,1.22771,0.199559,-1.84318,2,1,4.8,0,0.34,0.24,0.14,0.035,0.04,0.025,0.008,0.004,0.01,0.006,0.035,0.002,1,1,1,3,0,0,23.4664,539,2,0,0,0,0,0.694471
660,750,27,16,3,3,1,0,1.13182,0.806618,0.217339,3.0634,0,2,3.6,0,0.34,0.24,0.14,0.035,0.04,0.025,0.008,0.004,0.01,0.006,0.035,0.002,1,1,1,0.528,0,0,23.4581,726,2,0,0,0,0,0
660,751,2,16,4,4,1,1,1.28056,1.75323,0.189197,2.70284,2,1,4.8,0,0.34,0.24,0.14,0.035,0.04,0.025,0.008,0.004,0.01,0.006,0.035,0.002,1,1,1,0.864,0,0,20.5498,678,2,0,0,0,0,0.688244
660,763,2,14,4,4,1,1,1.15196,1.79737,0.46725,2.97287,2,1,4.8,0,0.34,0.24,0.14,0.035,0.04,0.025,0.008,0.004,0.01,0.006,0.035,0.002,1,1,1,0.830519,0,0,12.6499,539,2,0,0,0,0,1.27878
660,764,2,14,4,4,1,1,1.78189,1.1604,0.485008,1.3711,2,1,4.8,0,0.34,0.24,0.14,0.035,0.04,0.025,0.008,0.004,0.01,0.006,0.035,0.002,1,1,1,2.28805,0,0,10.8916,529,2,0,0,0,0,1.27302
660,767,2,16,4,4,1,1,1.42055,1.46811,0.192,0.581265,2,1,4.8,0,0.34,0.24,0.14,0.035,0.04,0.025,0.008,0.004,0.01,0.006,0.035,0.002,1,1,1,1.50068,0,0,8.77495,730,2,0,0,0,0,1.1449
690,539,2,13,4,4,1,1,1.85618,1.09945,0.148562,1.74487,2,1,4.8,0,0.34,0.24,0.14,0.035,0.04,0.025,0.008,0.004,0.01,0.006,0.035,0.002,1,1,1,44.184,0,0,205.572,459,2,0,0,0,0,0.585622
690,603,2,10,4,4,1,1,1.23221,1.91982,0.365504,0.365193,2,1,4.8,0,0.34,0.24,0.14,0.035,0.04,0.025,0.008,0.004,0.01,0.006,0.035,0.002,1,1,1,24.0343,0,0,154.868,422,2,0,0,0,0,0.821179
690,608,2,10,4,4,1,1,1.81398,1.12881,0.342553,1.38324,2,1,4.8,0,0.34,0.24,0.14,0.035,0.04,0.025,0.008,0.004,0.01,0.006,0.035,0.002,1,1,1,22.9178,0,0,153.793,598,2,0,0,0,0,0.390948
690,610,2,14,4,4,1,1,1.9408,1.04909,0.543266,-1.65137,2,1,4.8,0,0.34,0.24,0.14,0.035,0.04,0.025,0.008,0.004,0.01,0.006,0.035,0.002,1,1,1,26.2426,0,0,151.877,587,2,0,0,0,0,0.850468
690,678,2,15,4,4,1,1,2.06341,1.04911,0.585128,-1.66684,2,1,4.8,0,0.34,0.24,0.14,0.035,0.04,0.025,0.008,0.004,0.01,0.006,0.035,0.002,1,1,1,15.2013,0,0,104.397,637,2,0,0,0,0,1.05673
690,686,2,15,4,4,1,1,1.34691,1.54209,0.363099,-0.577139,2,1,4.8,0,0.34,0.24,0.14,0.035,0.04,0.025,0.008,0.004,0.01,0.006,0.035,0.002,1,1,1,12.4505,0,0,100.689,610,2,0,0,0,0,0.95969
690,711,2,14,4,4,1,1,1.10895,1.844,0.310092,2.93717,2,1,4.8,0,0.34,0.24,0.14,0.035,0.04,0.025,0.008,0.004,0.01,0.006,0.035,0.002,1,1,1,15.4431,0,0,83.0934,529,2,0,0,0,0,1.27259
690,712,2,11,3,3,1,0,0.860019,1.33642,0.289176,2.53921,1,1,3.6,0,0.34,0.24,0.14,0.035,0.04,0.025,0.008,0.004,0.01,0.006,0.035,0.002,1,1,1,6.89082,0,0,82.3103,608,2,0,0,0,0,0
690,723,2,14,4,4,1,1,1.051,1.90694,0.2124,-0.0792157,2,1,4.8,0,0.34,0.24,0.14,0.035,0.04,0.025,0.008,0.004,0.01,0.006,0.035,0.002,1,1,1,11.3268,0,0,72.2794,529,2,0,0,0,0,0.5343
690,730,2,15,4,4,1,1,1.10011,1.98487,0.458351,-0.175342,2,1,4.8,0,0.34,0.24,0.14,0.035,0.04,0.025,0.008,0.004,0.01,0.006,0.035,0.002,1,1,1,9.43031,0,0,65.5977,723,2,0,0,0,0,1.18432
690,734,2,13,4,4,1,1,1.05193,2.14322,0.311457,0.259326,2,1,4.8,0,0.34,0.24,0.14,0.035,0.04,0.025,0.008,0.004,0.01,0.006,0.035,0.002,1,1,1,13.496,0,0,61.2558,613,2,0,0,0,0,0.841831
690,738,2,11,4,4,1,1,1.93077,1.11359,0.439134,1.68306,2,1,4.8,0,0.34,0.24,0.14,0.035,0.04,0.025,0.008,0.004,0.01,0.006,0.035,0.002,1,1,1,8.71158,0,0,58.672,603,2,0,0,0,0,0.984408
690,744,2,14,4,4,1,1,1.31634,1.49613,0.487373,2.48829,2,1,4.8,0,0.34,0.24,0.14,0.035,0.04,0.025,0.008,0.004,0.01,0.006,0.035,0.002,1,1,1,9.024,0,0,55.0378,644,2,0,0,0,0,1.24089
690,746,2,14,4,4,1,1,1.29203,1.81236,0.174352,0.531822,2,1,4.8,0,0.34,0.24,0.14,0.035,0.04,0.025,0.008,0.004,0.01,0.006,0.035,0.002,1,1,1,4.32,0,0,54.5211,734,2,0,0,0,0,0.910971
690,753,2,15,4,4,1,1,1.02788,2.29738,0.747084,3.03369,2,1,4.8,0,0.34,0.24,0.14,0.035,0.04,0.025,0.008,0.004,0.01,0.006,0.035,0.002,1,1,1,1.32,0,0,49.295,744,2,0,0,0,0,1.04758
690,763,2,14,4,4,1,1,2.02899,1.10409,0.370252,1.82509,2,1,4.8,0,0.34,0.24,0.14,0.035,0.04,0.025,0.008,0.004,0.01,0.006,0.035,0.002,1,1,1,6.10654,0,0,42.6519,539,2,0,0,0,0,0.370478
690,764,2,14,4,4,1,1,1.73113,1.36833,0.483375,2.3695,2,1,4.8,0,0.34,0.24,0.14,0.035,0.04,0.025,0.008,0.004,0.01,0.006,0.035,0.002,1,1,1,5.81954,0,0,40.8932,529,2,0,0,0,0,0.807939
690,767,2,16,4,4,1,1,1.81831,1.1792,0.159441,1.36412,2,1,4.8,0,0.34,0.24,0.14,0.035,0.04,0.025,0.008,0.004,0.01,0.006,0.035,0.002,1,1,1,6.95367,0,0,38.776,730,2,0,0,0,0,0.587116
690,770,2,15,4,4,1,1,1.33753,1.39666,0.426026,-0.797638,2,1,4.8,0,0.34,0.24,0.14,0.035,0.04,0.025,0.008,0.004,0.01,0.006,0.035,0.002,1,1,1,4.78409,0,0,36.0921,764,2,0,0,0,0,1.04695
690,774,2,16,4,4,1,1,1.77849,1.28061,0.96695,-2.11899,2,1,4.8,0,0.34,0.24,0.14,0.035,0.04,0.025,0.008,0.004,0.01,0.006,0.035,0.002,1,1,1,9.28468,0,0,32.458,678,2,0,0,0,0,1.27302
690,775,2,14,4,4,1,1,2.08412,1.17466,0.428266,1.66486,2,1,4.8,0,0.34,0.24,0.14,0.035,0.04,0.025,0.008,0.004,0.01,0.006,0.035,0.002,1,1,1,5.40743,0,0,31.8329,539,2,0,0,0,0,0.842047
690,776,2,17,4,4,1,1,1.97812,1.04738,0.657024,1.53398,2,1,4.8,0,0.34,0.24,0.14,0.035,0.04,0.025,0.008,0.004,0.01,0.006,0.035,0.002,1,1,1,3.23349,0,0,30.1913,767,2,0,0,0,0,0.525874
690,782,2,17,4,4,1,1,1.66946,1.87517,0.358659,-2.34057,2,1,4.8,0,0.34,0.24,0.14,0.035,0.04,0.025,0.008,0.004,0.01,0.006,0.035,0.002,1,1,1,5.26904,0,0,27.658,774,2,0,0,0,0,1.27259
690,786,2,16,4,4,1,1,1.73079,1.29751,0.169924,-1.15898,2,1,4.8,0,0.34,0.24,0.14,0.035,0.04,0.025,0.008,0.004,0.01,0.006,0.035,0.002,1,1,1,4.38403,0,0,27.0913,770,2,0,0,0,0,1.14378
690,791,2,14,4,4,1,1,1.60964,1.5516,0.366128,0.914684,2,1,4.8,0,0.34,0.24,0.14,0.035,0.04,0.025,0.008,0.004,0.01,0.006,0.035,0.002,1,1,1,3.12,0,0,24.6414,734,2,0,0,0,0,0.60744
690,793,2,15,4,4,1,1,1.08428,2.01437,0.408196,3.08595,2,1,4.8,0,0.34,0.24,0.14,0.035,0.04,0.025,0.008,0.004,0.01,0.006,0.035,0.002,1,1,1,2.70076,0,0,23.7247,711,2,0,0,0,0,0.627428
690,798,2,14,4,4,1,1,2.06806,1.10435,0.56683,1.51256,2,1,4.8,0,0.34,0.24,0.14,0.035,0.04,0.025,0.008,0.004,0.01,0.006,0.035,0.002,1,1,1,0.624,0,0,21.0164,539,2,0,0,0,0,0.6611
690,799,2,15,4,4,1,1,1.67057,1.26743,0.49221,-1.94278,2,1,4.8,0,0.34,0.24,0.14,0.035,0.04,0.025,0.008,0.004,0.01,0.006,0.035,0.002,1,1,1,1.68,0,0,21.0164,775,2,0,0,0,0,1.20112
690,804,2,12,3,3,1,0,1.3663,0.880925,0.221339,0.629791,1,1,3.6,0,0.34,0.24,0.14,0.035,0.04,0.025,0.008,0.004,0.01,0.006,0.035,0.002,1,1,1,0.96,0,0,16.9332,712,2,0,0,0,0,0.929142
690,814,2,17,4,4,1,1,1.82972,1.07613,0.674016,-1.4228,2,1,4.8,0,0.34,0.24,0.14,0.035,0.04,0.025,0.008,0.004,0.01,0.006,0.035,0.002,1,1,1,0.12,0,0,10.0583,774,2,0,0,0,0,1.27302
690,818,2,12,3,3,1,0,0.878671,1.39492,0.328025,2.58944,1,1,3.6,0,0.34,0.24,0.14,0.035,0.04,0.025,0.008,0.004,0.01,0.006,0.035,0.002,1,1,1,1.32,0,0,7.31664,712,2,0,0,0,0,0
720,539,2,13,4,4,1,1,1.35884,1.64479,0.201576,0.741649,2,1,4.8,0,0.34,0.24,0.14,0.035,0.04,0.025,0.008,0.004,0.01,0.006,0.035,0.002,1,1,1,46.728,0,0,235.565,459,2,0,0,0,0,0.554195
720,603,2,10,4,4,1,1,1.36619,1.5965,0.27924,-2.52319,2,1,4.8,0,0.34,0.24,0.14,0.035,0.04,0.025,0.008,0.004,0.01,0.006,0.035,0.002,1,1,1,28.6352,0,0,184.86,422,2,0,0,0,0,0.999385
720,678,2,15,4,4,1,1,2.06919,1.04999,0.393473,1.49802,2,1,4.8,0,0.34,0.24,0.14,0.035,0.04,0.025,0.008,0.004,0.01,0.006,0.035,0.002,1,1,1,18.1053,0,0,134.389,637,2,0,0,0,0,0.813556
720,711,2,14,4,4,1,1,1.30724,1.5425,0.106877,-0.672609,2,1,4.8,0,0.34,0.24,0.14,0.035,0.04,0.025,0.008,0.004,0.01,0.006,0.035,0.002,1,1,1,20.8431,0,0,113.086,529,2,0,0,0,0,0.938326
720,712,2,11,3,3,1,0,0.81065,1.39898,0.413978,-0.868336,1,1,3.6,0,0.34,0.24,0.14,0.035,0.04,0.025,0.008,0.004,0.01,0.006,0.035,0.002,1,1,1,7.97082,0,0,112.303,608,2,0,0,0,0,0
720,734,2,13,4,4,1,1,1.35384,1.62948,0.332388,0.610644,2,1,4.8,0,0.34,0.24,0.14,0.035,0.04,0.025,0.008,0.004,0.01,0.006,0.035,0.002,1,1,1,16.496,0,0,91.2498,613,2,0,0,0,0,0.604371
720,738,2,11,4,4,1,1,1.17839,1.31638,0.435461,-2.18448,2,1,4.8,0,0.34,0.24,0.14,0.035,0.04,0.025,0.008,0.004,0.01,0.006,0.035,0.002,1,1,1,18.6364,0,0,88.6671,603,2,0,0,0,0,1.24892
720,744,2,14,4,4,1,1,1.05168,2.27557,0.123032,0.219422,2,1,4.8,0,0.34,0.24,0.14,0.035,0.04,0.025,0.008,0.004,0.01,0.006,0.035,0.002,1,1,1,14.5983,0,0,85.0346,644,2,0,0,0,0,0.964287
720,747,2,12,4,4,1,1,1.42136,1.36208,0.456569,-0.904397,2,1,4.8,0,0.34,0.24,0.14,0.035,0.04,0.025,0.008,0.004,0.01,0.006,0.035,0.002,1,1,1,8.19366,0,0,83.8682,738,2,0,0,0,0,0.880785
720,753,2,15,4,4,1,1,1.61799,1.38526,0.385281,-0.868483,2,1,4.8,0,0.34,0.24,0.14,0.035,0.04,0.025,0.008,0.004,0.01,0.006,0.035,0.002,1,1,1,5.30498,0,0,79.2944,744,2,0,0,0,0,0.518962
720,763,2,14,4,4,1,1,1.36827,1.63671,0.405661,0.619899,2,1,4.8,0,0.34,0.24,0.14,0.035,0.04,0.025,0.008,0.004,0.01,0.006,0.035,0.002,1,1,1,8.87763,0,0,72.6543,539,2,0,0,0,0,0.62662
720,767,2,16,4,4,1,1,1.16734,1.86212,0.264295,2.64004,2,1,4.8,0,0.34,0.24,0.14,0.035,0.04,0.025,0.008,0.004,0.01,0.006,0.035,0.002,1,1,1,11.6337,0,0,68.7803,730,2,0,0,0,0,0.534032
720,770,2,15,4,4,1,1,1.70949,1.10795,0.512055,1.42339,2,1,4.8,0,0.34,0.24,0.14,0.035,0.04,0.025,0.008,0.004,0.01,0.006,0.035,0.002,1,1,1,13.7841,0,0,66.0976,764,2,0,0,0,0,0.795202
720,772,2,11,4,4,1,1,1.06835,1.80517,0.260937,3.00139,2,1,4.8,0,0.34,0.24,0.14,0.035,0.04,0.025,0.008,0.004,0.01,0.006,0.035,0.002,1,1,1,5.48507,0,0,64.4563,603,2,0,0,0,0,1.27878
720,774,2,16,4,4,1,1,1.08054,2.11086,0.224927,0.0418668,2,1,4.8,0,0.34,0.24,0.14,0.035,0.04,0.025,0.008,0.004,0.01,0.006,0.035,0.002,1,1,1,13.2003,0,0,62.4644,678,2,0,0,0,0,0.802568
720,776,2,17,4,4,1,1,1.06703,1.95997,0.500684,3.02958,2,1,4.8,0,0.34,0.24,0.14,0.035,0.04,0.025,0.008,0.004,0.01,0.006,0.035,0.002,1,1,1,6.21268,0,0,60.1973,767,2,0,0,0,0,0.88378
720,782,2,17,4,4,1,1,1.40317,1.57744,0.272134,-2.47169,2,1,4.8,0,0.34,0.24,0.14,0.035,0.04,0.025,0.008,0.004,0.01,0.006,0.035,0.002,1,1,1,8.81459,0,0,57.6634,774,2,0,0,0,0,0.711587
720,786,2,16,4,4,1,1,1.67349,1.42567,0.434539,-0.834147,2,1,4.8,0,0.34,0.24,0.14,0.035,0.04,0.025,0.008,0.004,0.01,0.006,0.035,0.002,1,1,1,8.94403,0,0,57.0966,770,2,0,0,0,0,1.18891
720,791,2,14,4,4,1,1,1.38875,1.48384,0.250738,-2.35282,2,1,4.8,0,0.34,0.24,0.14,0.035,0.04,0.025,0.008,0.004,0.01,0.006,0.035,0.002,1,1,1,7.68,0,0,54.6461,734,2,0,0,0,0,0.48567
720,798,2,14,4,4,1,1,1.89141,1.33012,0.821353,0.708515,2,1,4.8,0,0.34,0.24,0.14,0.035,0.04,0.025,0.008,0.004,0.01,0.006,0.035,0.002,1,1,1,8.07256,0,0,51.0203,539,2,0,0,0,0,1.10558
720,799,2,15,4,4,1,1,1.88101,1.11923,0.310811,1.78203,2,1,4.8,0,0.34,0.24,0.14,0.035,0.04,0.025,0.008,0.004,0.01,0.006,0.035,0.002,1,1,1,7.14667,0,0,51.0203,775,2,0,0,0,0,0.527268
720,806,2,17,4,4,1,1,2.0129,1.05411,0.420202,1.63617,2,1,4.8,0,0.34,0.24,0.14,0.035,0.04,0.025,0.008,0.004,0.01,0.006,0.035,0.002,1,1,1,6.24,0,0,46.1359,786,2,0,0,0,0,0.825403
720,812,2,18,6,6,1,2,2.34007,2.38393,0.245621,2.77226,4,1,7.2,0,0.34,0.24,0.14,0.035,0.04,0.025,0.008,0.004,0.01,0.006,0.035,0.002,1,1,1,8.54002,0,0,40.6014,782,2,0,0,0,0,1.39738
720,817,2,16,4,4,1,1,1.11329,1.88865,0.540486,0.258347,2,1,4.8,0,0.34,0.24,0.14,0.035,0.04,0.025,0.008,0.004,0.01,0.006,0.035,0.002,1,1,1,4.2,0,0,38.0926,799,2,0,0,0,0,0.759669
720,818,2,12,3,3,1,0,1.29272,0.95669,0.00104148,-1.98497,1,1,3.6,0,0.34,0.24,0.14,0.035,0.04,0.025,0.008,0.004,0.01,0.006,0.035,0.002,1,1,1,6.84,0,0,37.3174,712,2,0,0,0,0,0
720,820,2,15,4,4,1,1,1.30614,1.74395,0.540339,-2.59313,2,1,4.8,0,0.34,0.24,0.14,0.035,0.04,0.025,0.008,0.004,0.01,0.006,0.035,0.002,1,1,1,9.73104,0,0,34.5835,711,2,0,0,0,0,1.24045
720,821,2,15,4,4,1,1,1.70848,1.26802,0.466529,1.09688,2,1,4.8,0,0.34,0.24,0.14,0.035,0.04,0.025,0.008,0.004,0.01,0.006,0.035,0.002,1,1,1,5.00801,0,0,34.2667,791,2,0,0,0,0,0.774639
720,823,2,13,3,3,1,0,1.18585,0.929006,0.666333,0.140621,1,1,3.6,0,0.34,0.24,0.14,0.035,0.04,0.025,0.008,0.004,0.01,0.006,0.035,0.002,1,1,1,5.15407,0,0,33.7166,818,2,0,0,0,0,0
720,825,2,16,4,4,1,1,1.06445,2.11548,0.736107,-0.0872098,2,1,4.8,0,0.34,0.24,0.14,0.035,0.04,0.025,0.008,0.004,0.01,0.006,0.035,0.002,1,1,1,7.13919,0,0,31.3913,753,2,0,0,0,0,0.505576
720,827,2,14,3,3,1,0,1.33104,0.886339,0.00453627,0.449828,1,1,3.6,0,0.34,0.24,0.14,0.035,0.04,0.025,0.008,0.004,0.01,0.006,0.035,0.002,1,1,1,3.12,0,0,29.6413,823,2,0,0,0,0,0
720,828,2,18,4,4,1,1,1.22052,1.87186,0.427156,-0.360829,2,1,4.8,0,0.34,0.24,0.14,0.035,0.04,0.025,0.008,0.004,0.01,0.006,0.035,0.002,1,1,1,2.352,0,0,29.4913,806,2,0,0,0,0,1.26509
720,829,2,16,4,4,1,1,1.04341,2.04201,0.58164,0.163149,2,1,4.8,0,0.34,0.24,0.14,0.035,0.04,0.025,0.008,0.004,0.01,0.006,0.035,0.002,1,1,1,2.64,0,0,27.4413,820,2,0,0,0,0,1.07347
720,832,2,17,4,4,1,1,1.30533,1.75122,0.625125,2.58999,2,1,4.8,0,0.34,0.24,0.14,0.035,0.04,0.025,0.008,0.004,0.01,0.006,0.035,0.002,1,1,1,4.56,0,0,25.7164,774,2,0,0,0,0,0.724017
720,833,2,15,4,4,1,1,1.23842,1.80103,0.428465,-0.40916,2,1,4.8,0,0.34,0.24,0.14,0.035,0.04,0.025,0.008,0.004,0.01,0.006,0.035,0.002,1,1,1,2.16,0,0,25.508,744,2,0,0,0,0,0.514416
720,836,2,15,4,4,1,1,1.23732,1.3166,0.76952,-0.404807,2,1,4.8,0,0.34,0.24,0.14,0.035,0.04,0.025,0.008,0.004,0.01,0.006,0.035,0.002,1,1,1,0.639443,0,0,24.2497,798,2,0,0,0,0,1.05554
720,837,2,13,3,3,1,0,1.04139,1.02679,0.26838,3.03098,1,1,3.6,0,0.34,0.24,0.14,0.035,0.04,0.025,0.008,0.004,0.01,0.006,0.035,0.002,1,1,1,2.82342,0,0,21.9748,818,2,0,0,0,0,0
720,845,2,12,4,4,1,1,1.3876,1.30412,0.483741,-2.48865,2,1,4.8,0,0.34,0.24,0.14,0.035,0.04,0.025,0.008,0.004,0.01,0.006,0.035,0.002,1,1,1,3.72,0,0,20.5748,738,2,0,0,0,0,0.819112
720,848,2,14,3,3,1,0,0.963601,1.08011,0.169598,3.07203,1,1,3.6,0,0.34,0.24,0.14,0.035,0.04,0.025,0.008,0.004,0.01,0.006,0.035,0.002,1,1,1,0.84,0,0,17.8998,837,2,0,0,0,0,0.590934
720,849,2,14,3,3,1,0,0.928918,1.29163,0.225137,-1.17398,1,1,3.6,0,0.34,0.24,0.14,0.035,0.04,0.025,0.008,0.004,0.01,0.006,0.035,0.002,1,1,1,0.834567,0,0,17.0832,823,2,0,0,0,0,0
720,853,2,16,4,4,1,1,1.71394,1.23123,0.423567,-1.33685,2,1,4.8,0,0.34,0.24,0.14,0.035,0.04,0.025,0.008,0.004,0.01,0.006,0.035,0.002,1,1,1,1.92,0,0,13.6582,770,2,0,0,0,0,0.523012
720,857,2,12,4,4,1,1,1.33743,1.66631,0.581426,-2.57729,2,1,4.8,0,0.34,0.24,0.14,0.035,0.04,0.025,0.008,0.004,0.01,0.006,0.035,0.002,1,1,1,1.11516,0,0,9.07495,738,2,0,0,0,0,0.712701
720,860,2,17,4,4,1,1,1.30977,1.40272,0.305259,2.20962,2,1,4.8,0,0.34,0.24,0.14,0.035,0.04,0.025,0.008,0.004,0.01,0.006,0.035,0.002,1,1,1,0.12,0,0,8.74162,825,2,0,0,0,0,0.519319
720,861,2,18,3,3,1,0,1.24059,1.00285,0.233887,-1.18762,1,1,3.6,0,0.34,0.24,0.14,0.035,0.04,0.025,0.008,0.004,0.01,0.006,0.035,0.002,1,1,1,0.72,0,0,8.74162,832,2,0,0,0,0,0
750,539,2,13,4,4,1,1,2.01063,1.14342,0.176061,-1.6378,2,1,4.8,0,0.34,0.24,0.14,0.035,0.04,0.025,0.008,0.004,0.01,0.006,0.035,0.002,1,1,1,50.472,0,0,265.557,459,2,0,0,0,0,0.390415
750,738,2,11,4,4,1,1,1.80063,1.23164,0.543048,1.86894,2,1,4.8,0,0.34,0.24,0.14,0.035,0.04,0.025,0.008,0.004,0.01,0.006,0.035,0.002,1,1,1,21.4444,0,0,118.66,603,2,0,0,0,0,0.812389
750,744,2,14,4,4,1,1,1.83705,1.19517,0.24734,1.21373,2,1,4.8,0,0.34,0.24,0.14,0.035,0.04,0.025,0.008,0.004,0.01,0.006,0.035,0.002,1,1,1,20.0361,0,0,115.027,644,2,0,0,0,0,0.531645
750,747,2,12,4,4,1,1,1.83157,1.24581,0.446703,-1.21773,2,1,4.8,0,0.34,0.24,0.14,0.035,0.04,0.025,0.008,0.004,0.01,0.006,0.035,0.002,1,1,1,11.6737,0,0,113.861,738,2,0,0,0,0,0.54762
750,770,2,15,4,4,1,1,1.48047,1.3891,0.406293,2.31532,2,1,4.8,0,0.34,0.24,0.14,0.035,0.04,0.025,0.008,0.004,0.01,0.006,0.035,0.002,1,1,1,15.7281,0,0,96.0903,764,2,0,0,0,0,0.525411
750,772,2,11,4,4,1,1,1.92183,1.19124,0.197563,-2.08692,2,1,4.8,0,0.34,0.24,0.14,0.035,0.04,0.025,0.008,0.004,0.01,0.006,0.035,0.002,1,1,1,14.2404,0,0,94.449,603,2,0,0,0,0,0.962988
750,799,2,15,4,4,1,1,1.31003,1.72471,0.250787,0.557643,2,1,4.8,0,0.34,0.24,0.14,0.035,0.04,0.025,0.008,0.004,0.01,0.006,0.035,0.002,1,1,1,11.4664,0,0,81.0189,775,2,0,0,0,0,0.576854
750,806,2,17,4,4,1,1,1.9518,1.06384,0.44744,-1.48815,2,1,4.8,0,0.34,0.24,0.14,0.035,0.04,0.025,0.008,0.004,0.01,0.006,0.035,0.002,1,1,1,11.304,0,0,76.1368,786,2,0,0,0,0,1.02474
750,812,2,18,6,6,1,2,2.19711,2.15627,0.620778,-1.44175,4,1,7.2,0,0.34,0.24,0.14,0.035,0.04,0.025,0.008,0.004,0.01,0.006,0.035,0.002,1,1,1,16.8313,0,0,70.6048,782,2,0,0,0,0,2.49339
750,817,2,16,4,4,1,1,1.30886,1.40492,0.174306,-0.647855,2,1,4.8,0,0.34,0.24,0.14,0.035,0.04,0.025,0.008,0.004,0.01,0.006,0.035,0.002,1,1,1,7.60784,0,0,68.0971,799,2,0,0,0,0,0.60376
750,820,2,15,4,4,1,1,1.49348,1.31515,0.485935,-2.24042,2,1,4.8,0,0.34,0.24,0.14,0.035,0.04,0.025,0.008,0.004,0.01,0.006,0.035,0.002,1,1,1,15.9977,0,0,64.5896,711,2,0,0,0,0,1.01812
750,821,2,15,4,4,1,1,1.30171,1.61345,0.415944,-0.615826,2,1,4.8,0,0.34,0.24,0.14,0.035,0.04,0.025,0.008,0.004,0.01,0.006,0.035,0.002,1,1,1,7.25262,0,0,64.273,791,2,0,0,0,0,0
750,823,2,13,3,3,1,0,1.30922,0.903518,0.000150904,-2.73904,1,1,3.6,0,0.34,0.24,0.14,0.035,0.04,0.025,0.008,0.004,0.01,0.006,0.035,0.002,1,1,1,8.15407,0,0,63.723,818,2,0,0,0,0,0.0130919
750,825,2,16,4,4,1,1,1.54887,1.31509,0.213617,-2.10074,2,1,4.8,0,0.34,0.24,0.14,0.035,0.04,0.025,0.008,0.004,0.01,0.006,0.035,0.002,1,1,1,16.3698,0,0,61.3975,753,2,0,0,0,0,1.04616
750,827,2,14,3,3,1,0,1.36481,0.813633,0.159024,0.89539,1,1,3.6,0,0.34,0.24,0.14,0.035,0.04,0.025,0.008,0.004,0.01,0.006,0.035,0.002,1,1,1,6.6,0,0,59.6472,823,2,0,0,0,0,0
750,828,2,18,4,4,1,1,1.37723,1.50196,0.379345,-2.44739,2,1,4.8,0,0.34,0.24,0.14,0.035,0.04,0.025,0.008,0.004,0.01,0.006,0.035,0.002,1,1,1,6.16086,0,0,59.4971,806,2,0,0,0,0,0.581391
750,829,2,16,4,4,1,1,1.10532,1.91061,0.53374,-0.214076,2,1,4.8,0,0.34,0.24,0.14,0.035,0.04,0.025,0.008,0.004,0.01,0.006,0.035,0.002,1,1,1,7.94376,0,0,57.4467,820,2,0,0,0,0,0.833087
750,832,2,17,4,4,1,1,1.36695,1.3856,0.601798,-0.929417,2,1,4.8,0,0.34,0.24,0.14,0.035,0.04,0.025,0.008,0.004,0.01,0.006,0.035,0.002,1,1,1,10.2541,0,0,55.7213,774,2,0,0,0,0,1.25848
750,833,2,15,4,4,1,1,1.07395,2.44872,0.671931,-3.0186,2,1,4.8,0,0.34,0.24,0.14,0.035,0.04,0.025,0.008,0.004,0.01,0.006,0.035,0.002,1,1,1,5.568,0,0,55.513,744,2,0,0,0,0,1.27852
750,841,2,15,3,3,1,0,1.34535,0.899387,0.180406,0.516618,1,0,3.6,0,0.34,0.24,0.14,0.035,0.04,0.025,0.008,0.004,0.01,0.006,0.035,0.002,1,1,1,3.96,0,0,51.4121,827,2,0,0,0,0,0.134701
750,845,2,12,4,4,1,1,1.91865,0.998806,0.445255,1.41249,2,1,4.8,0,0.34,0.24,0.14,0.035,0.04,0.025,0.008,0.004,0.01,0.006,0.035,0.002,1,1,1,7.88603,0,0,50.5786,738,2,0,0,0,0,0.84188
750,849,2,14,3,3,1,0,0.826613,1.37116,0.0659874,-0.670262,1,1,3.6,0,0.34,0.24,0.14,0.035,0.04,0.025,0.008,0.004,0.01,0.006,0.035,0.002,1,1,1,3.95457,0,0,47.0862,823,2,0,0,0,0,0
750,853,2,16,4,4,1,1,1.20647,1.61147,0.261345,0.07992,2,1,4.8,0,0.34,0.24,0.14,0.035,0.04,0.025,0.008,0.004,0.01,0.006,0.035,0.002,1,1,1,5.70274,0,0,43.6604,770,2,0,0,0,0,1.27223
750,857,2,12,4,4,1,1,1.61038,1.32162,0.708065,-2.1938,2,1,4.8,0,0.34,0.24,0.14,0.035,0.04,0.025,0.008,0.004,0.01,0.006,0.035,0.002,1,1,1,6.77916,0,0,39.0761,738,2,0,0,0,0,1.25438
750,860,2,17,4,4,1,1,1.58796,1.40909,0.464649,2.28257,2,1,4.8,0,0.34,0.24,0.14,0.035,0.04,0.025,0.008,0.004,0.01,0.006,0.035,0.002,1,1,1,8.208,0,0,38.7427,825,2,0,0,0,0,1.06601
750,864,2,17,4,4,1,1,1.38926,1.53518,0.306696,-2.26293,2,1,4.8,0,0.34,0.24,0.14,0.035,0.04,0.025,0.008,0.004,0.01,0.006,0.035,0.002,1,1,1,2.97616,0,0,35.0753,817,2,0,0,0,0,0.859243
750,867,2,16,4,4,1,1,1.68262,1.22454,0.259899,1.22444,2,1,4.8,0,0.34,0.24,0.14,0.035,0.04,0.025,0.008,0.004,0.01,0.006,0.035,0.002,1,1,1,4.031,0,0,33.8167,820,2,0,0,0,0,0.748617
750,871,2,17,4,4,1,1,1.69048,1.13694,0.601507,1.48093,2,1,4.8,0,0.34,0.24,0.14,0.035,0.04,0.025,0.008,0.004,0.01,0.006,0.035,0.002,1,1,1,3.53659,0,0,29.8163,829,2,0,0,0,0,1.18287
750,873,2,18,4,4,1,1,2.13762,1.16156,0.788738,-1.83491,2,1,4.8,0,0.34,0.24,0.14,0.035,0.04,0.025,0.008,0.004,0.01,0.006,0.035,0.002,1,1,1,2.52,0,0,28.5247,832,2,0,0,0,0,0.793509
750,875,2,12,4,4,1,1,1.12046,1.82033,0.0983196,-0.249902,2,1,4.8,0,0.34,0.24,0.14,0.035,0.04,0.025,0.008,0.004,0.01,0.006,0.035,0.002,1,1,1,2.16,0,0,28.083,738,2,0,0,0,0,0.619393
750,877,2,17,3,3,1,0,1.26576,0.989997,0.161308,0.37656,1,1,3.6,0,0.34,0.24,0.14,0.035,0.04,0.025,0.008,0.004,0.01,0.006,0.035,0.002,1,1,1,1.104,0,0,27.8663,825,2,0,0,0,0,0
750,880,2,12,4,4,1,1,0.974701,1.90023,0.298954,3.08671,2,1,4.8,0,0.34,0.24,0.14,0.035,0.04,0.025,0.008,0.004,0.01,0.006,0.035,0.002,1,1,1,0.72,0,0,24.0497,772,2,0,0,0,0,0.670507
750,884,2,16,4,4,1,1,1.27171,1.64262,0.201025,2.63497,2,1,4.8,0,0.34,0.24,0.14,0.035,0.04,0.025,0.008,0.004,0.01,0.006,0.035,0.002,1,1,1,3.54795,0,0,22.8747,820,2,0,0,0,0,0.571993
750,885,2,13,4,4,1,1,1.17447,1.6689,0.287216,-2.91252,2,1,4.8,0,0.34,0.24,0.14,0.035,0.04,0.025,0.008,0.004,0.01,0.006,0.035,0.002,1,1,1,3.22828,0,0,20.7498,845,2,0,0,0,0,1.15739
750,889,2,16,3,3,1,0,1.38329,0.852442,0.246814,0.657555,1,0,3.6,0,0.34,0.24,0.14,0.035,0.04,0.025,0.008,0.004,0.01,0.006,0.035,0.002,1,1,1,1.68,0,0,19.5331,841,2,0,0,0,0,0.134701
750,891,2,17,4,4,1,1,1.62569,1.37246,0.461926,-0.960873,2,1,4.8,0,0.34,0.24,0.14,0.035,0.04,0.025,0.008,0.004,0.01,0.006,0.035,0.002,1,1,1,1.56,0,0,17.3915,825,2,0,0,0,0,0.983816
750,896,2,13,4,4,1,1,1.6733,1.3148,0.481197,2.00022,2,1,4.8,0,0.34,0.24,0.14,0.035,0.04,0.025,0.008,0.004,0.01,0.006,0.035,0.002,1,1,1,0.48,0,0,16.0832,857,2,0,0,0,0,0.807187
750,900,2,18,4,4,1,1,2.13872,1.06856,0.526812,1.7994,2,1,4.8,0,0.34,0.24,0.14,0.035,0.04,0.025,0.008,0.004,0.01,0.006,0.035,0.002,1,1,1,0.6,0,0,14.7915,860,2,0,0,0,0,0.477997
750,905,2,16,4,4,1,1,1.40709,1.38614,0.412096,0.913754,2,1,4.8,0,0.34,0.24,0.14,0.035,0.04,0.025,0.008,0.004,0.01,0.006,0.035,0.002,1,1,1,0.512036,0,0,11.1166,820,2,0,0,0,0,0.522509
750,910,2,12,4,4,1,1,1.20429,1.78426,0.426315,-0.453909,2,1,4.8,0,0.34,0.24,0.14,0.035,0.04,0.025,0.008,0.004,0.01,0.006,0.035,0.002,1,1,1,0.24,0,0,9.32494,772,2,0,0,0,0,0.762848
750,920,2,17,4,4,1,1,1.79521,1.30173,0.408792,1.03569,2,1,4.8,0,0.34,0.24,0.14,0.035,0.04,0.025,0.008,0.004,0.01,0.006,0.035,0.002,1,1,1,0.384,0,0,5.825,825,2,0,0,0,0,0.491729
780,539,2,13,1,4,1,0,0,0,0.281509,0,0,0,1.2,0,0.34,0.24,0.14,0.035,0.04,0.025,0.008,0.004,0.01,0.006,0.035,0.002,1,1,1,7.56415,0,0,295.55,459,2,0,0,0,0,0
780,744,2,14,4,4,1,1,1.06193,2.08469,0.370235,-3.03032,2,1,4.8,0,0.34,0.24,0.14,0.035,0.04,0.025,0.008,0.004,0.01,0.006,0.035,0.002,1,1,1,26.7561,0,0,145.02,644,2,0,0,0,0,0.514745
780,747,2,12,4,4,1,1,1.19637,1.89726,0.212961,-0.539921,2,1,4.8,0,0.34,0.24,0.14,0.035,0.04,0.025,0.008,0.004,0.01,0.006,0.035,0.002,1,1,1,16.8331,0,0,143.854,738,2,0,0,0,0,0.521931
780,772,2,11,4,4,1,1,1.66929,1.1321,0.254263,-1.6803,2,1,4.8,0,0.34,0.24,0.14,0.035,0.04,0.025,0.008,0.004,0.01,0.006,0.035,0.002,1,1,1,18.2662,0,0,124.442,603,2,0,0,0,0,1.08915
780,799,2,15,4,4,1,1,1.11585,1.99971,0.402527,0.269504,2,1,4.8,0,0.34,0.24,0.14,0.035,0.04,0.025,0.008,0.004,0.01,0.006,0.035,0.002,1,1,1,14.6104,0,0,111.012,775,2,0,0,0,0,0.593656
780,806,2,17,4,4,1,1,1.40425,1.41945,0.379872,0.758793,2,1,4.8,0,0.34,0.24,0.14,0.035,0.04,0.025,0.008,0.004,0.01,0.006,0.035,0.002,1,1,1,13.9696,0,0,106.129,786,2,0,0,0,0,0.622561
780,812,2,18,6,6,1,2,2.28683,2.22596,0.610095,2.02817,4,1,7.2,0,0.34,0.24,0.14,0.035,0.04,0.025,0.008,0.004,0.01,0.006,0.035,0.002,1,1,1,21.4159,0,0,100.597,782,2,0,0,0,0,1.3859
780,817,2,16,4,4,1,1,1.60283,1.33544,0.325588,-0.985928,2,1,4.8,0,0.34,0.24,0.14,0.035,0.04,0.025,0.008,0.004,0.01,0.006,0.035,0.002,1,1,1,13.1758,0,0,98.0898,799,2,0,0,0,0,0.610017
780,820,2,15,4,4,1,1,1.94665,1.04876,0.438704,1.49212,2,1,4.8,0,0.34,0.24,0.14,0.035,0.04,0.025,0.008,0.004,0.01,0.006,0.035,0.002,1,1,1,19.8617,0,0,94.5823,711,2,0,0,0,0,0.535621
780,825,2,16,4,4,1,1,1.18313,1.93588,0.212955,-0.279009,2,1,4.8,0,0.34,0.24,0.14,0.035,0.04,0.025,0.008,0.004,0.01,0.006,0.035,0.002,1,1,1,19.3698,0,0,91.3914,753,2,0,0,0,0,0.589249
780,828,2,18,4,4,1,1,1.71949,1.34183,0.579652,2.17978,2,1,4.8,0,0.34,0.24,0.14,0.035,0.04,0.025,0.008,0.004,0.01,0.006,0.035,0.002,1,1,1,10.9849,0,0,89.4919,806,2,0,0,0,0,1.17743
780,829,2,16,4,4,1,1,1.82846,1.15392,0.485465,-1.79327,2,1,4.8,0,0.34,0.24,0.14,0.035,0.04,0.025,0.008,0.004,0.01,0.006,0.035,0.002,1,1,1,14.5438,0,0,87.4424,820,2,0,0,0,0,1.27302
780,832,2,17,4,4,1,1,1.97568,1.09447,0.461723,1.40566,2,1,4.8,0,0.34,0.24,0.14,0.035,0.04,0.025,0.008,0.004,0.01,0.006,0.035,0.002,1,1,1,12.7981,0,0,85.7178,774,2,0,0,0,0,0.829403
780,849,2,14,3,3,1,0,0.871175,1.33758,0.0497221,-1.10298,1,1,3.6,0,0.34,0.24,0.14,0.035,0.04,0.025,0.008,0.004,0.01,0.006,0.035,0.002,1,1,1,6.95457,0,0,77.0866,823,2,0,0,0,0,0.415361
780,857,2,12,4,4,1,1,1.62058,1.55802,0.0962825,-1.10964,2,1,4.8,0,0.34,0.24,0.14,0.035,0.04,0.025,0.008,0.004,0.01,0.006,0.035,0.002,1,1,1,11.6224,0,0,69.0802,738,2,0,0,0,0,0.957272
780,860,2,17,4,4,1,1,1.83688,1.27681,0.3728,-2.04421,2,1,4.8,0,0.34,0.24,0.14,0.035,0.04,0.025,0.008,0.004,0.01,0.006,0.035,0.002,1,1,1,11.688,0,0,68.7469,825,2,0,0,0,0,0.642962
780,864,2,17,4,4,1,1,1.4098,1.43157,0.45933,-0.700066,2,1,4.8,0,0.34,0.24,0.14,0.035,0.04,0.025,0.008,0.004,0.01,0.006,0.035,0.002,1,1,1,12.1442,0,0,65.0812,817,2,0,0,0,0,0.898599
780,867,2,16,4,4,1,1,1.28109,1.66939,0.354062,-2.7114,2,1,4.8,0,0.34,0.24,0.14,0.035,0.04,0.025,0.008,0.004,0.01,0.006,0.035,0.002,1,1,1,10.7199,0,0,63.8231,820,2,0,0,0,0,0.89203
780,875,2,12,4,4,1,1,1.25421,1.75352,0.135158,2.63903,2,1,4.8,0,0.34,0.24,0.14,0.035,0.04,0.025,0.008,0.004,0.01,0.006,0.035,0.002,1,1,1,7.07195,0,0,58.0885,738,2,0,0,0,0,1.27302
780,879,2,15,4,4,1,1,1.71955,1.30244,0.397087,-1.10799,2,1,4.8,0,0.34,0.24,0.14,0.035,0.04,0.025,0.008,0.004,0.01,0.006,0.035,0.002,1,1,1,7.31943,0,0,57.6467,744,2,0,0,0,0,0.513867
780,884,2,16,4,4,1,1,1.13262,1.75791,0.298389,-0.345286,2,1,4.8,0,0.34,0.24,0.14,0.035,0.04,0.025,0.008,0.004,0.01,0.006,0.035,0.002,1,1,1,6.17102,0,0,52.8791,820,2,0,0,0,0,0.87264
780,885,2,13,4,4,1,1,1.05424,1.82621,0.208191,3.10473,2,1,4.8,0,0.34,0.24,0.14,0.035,0.04,0.025,0.008,0.004,0.01,0.006,0.035,0.002,1,1,1,5.98828,0,0,50.7536,845,2,0,0,0,0,0.866639
780,891,2,17,4,4,1,1,1.8119,1.24541,0.293999,1.29821,2,1,4.8,0,0.34,0.24,0.14,0.035,0.04,0.025,0.008,0.004,0.01,0.006,0.035,0.002,1,1,1,6.264,0,0,47.3946,825,2,0,0,0,0,0.507445
780,892,2,19,4,4,1,1,1.83518,1.3328,0.415357,2.04772,2,1,4.8,0,0.34,0.24,0.14,0.035,0.04,0.025,0.008,0.004,0.01,0.006,0.035,0.002,1,1,1,3.264,0,0,46.7527,828,2,0,0,0,0,1.18794
780,897,2,18,3,3,1,0,0.923105,1.26258,0.000745242,0.643322,1,1,3.6,0,0.34,0.24,0.14,0.035,0.04,0.025,0.008,0.004,0.01,0.006,0.035,0.002,1,1,1,1.68,0,0,45.7525,864,2,0,0,0,0,0
780,900,2,18,4,4,1,1,1.05854,2.2276,0.576272,-0.0229737,2,1,4.8,0,0.34,0.24,0.14,0.035,0.04,0.025,0.008,0.004,0.01,0.006,0.035,0.002,1,1,1,3.85437,0,0,44.794,860,2,0,0,0,0,0.989422
780,905,2,16,4,4,1,1,1.11065,1.85185,0.652071,0.157681,2,1,4.8,0,0.34,0.24,0.14,0.035,0.04,0.025,0.008,0.004,0.01,0.006,0.035,0.002,1,1,1,8.4191,0,0,41.1182,820,2,0,0,0,0,0.84949
780,918,2,17,4,4,1,1,1.0433,2.11623,0.366959,-0.157487,2,1,4.8,0,0.34,0.24,0.14,0.035,0.04,0.025,0.008,0.004,0.01,0.006,0.035,0.002,1,1,1,2.184,0,0,37.2591,867,2,0,0,0,0,0.887661
780,921,2,13,4,4,1,1,1.31418,1.52435,0.187106,-0.779701,2,1,4.8,0,0.34,0.24,0.14,0.035,0.04,0.025,0.008,0.004,0.01,0.006,0.035,0.002,1,1,1,2.8991,0,0,35.0502,857,2,0,0,0,0,1.07337
780,924,2,18,4,4,1,1,2.07536,1.15695,0.0643499,1.33079,2,1,4.8,0,0.34,0.24,0.14,0.035,0.04,0.025,0.008,0.004,0.01,0.006,0.035,0.002,1,1,1,5.09433,0,0,33.5583,860,2,0,0,0,0,1.13915
780,929,2,16,4,4,1,1,1.86354,1.08924,0.440134,-1.70583,2,1,4.8,0,0.34,0.24,0.14,0.035,0.04,0.025,0.008,0.004,0.01,0.006,0.035,0.002,1,1,1,1.37874,0,0,26.908,879,2,0,0,0,0,1.05624
780,934,2,17,4,4,1,1,1.06149,2.13975,0.590389,3.10193,2,1,4.8,0,0.34,0.24,0.14,0.035,0.04,0.025,0.008,0.004,0.01,0.006,0.035,0.002,1,1,1,0.6,0,0,20.2581,829,2,0,0,0,0,1.25334
780,936,2,15,4,4,1,1,1.64386,1.32161,0.430541,-0.958247,2,1,4.8,0,0.34,0.24,0.14,0.035,0.04,0.025,0.008,0.004,0.01,0.006,0.035,0.002,1,1,1,2.42415,0,0,18.7498,744,2,0,0,0,0,0.653872
780,942,2,18,4,4,1,1,1.41905,1.40879,0.484194,2.45997,2,1,4.8,0,0.34,0.24,0.14,0.035,0.04,0.025,0.008,0.004,0.01,0.006,0.035,0.002,1,1,1,1.2,0,0,15.1832,864,2,0,0,0,0,0.747261
780,943,2,17,4,4,1,1,1.30849,1.81659,0.199452,-0.508402,2,1,4.8,0,0.34,0.24,0.14,0.035,0.04,0.025,0.008,0.004,0.01,0.006,0.035,0.002,1,1,1,0.460878,0,0,14.9999,905,2,0,0,0,0,0.81785
780,952,2,19,4,4,1,1,2.30504,1.04177,0.580789,1.79161,2,1,4.8,0,0.34,0.24,0.14,0.035,0.04,0.025,0.008,0.004,0.01,0.006,0.035,0.002,1,1,1,0.539553,0,0,8.80828,924,2,0,0,0,0,0.643416
810,744,2,14,4,4,1,1,1.93122,1.11822,0.407373,1.83507,2,1,4.8,0,0.34,0.24,0.14,0.035,0.04,0.025,0.008,0.004,0.01,0.006,0.035,0.002,1,1,1,30.1766,0,0,175.013,644,2,0,0,0,0,1.20987
810,747,2,12,4,4,1,1,1.6219,1.32945,0.519499,-1.07994,2,1,4.8,0,0.34,0.24,0.14,0.035,0.04,0.025,0.008,0.004,0.01,0.006,0.035,0.002,1,1,1,27.1357,0,0,173.846,738,2,0,0,0,0,0.733468
810,817,2,16,4,4,1,1,1.66003,1.13238,0.327534,1.55455,2,1,4.8,0,0.34,0.24,0.14,0.035,0.04,0.025,0.008,0.004,0.01,0.006,0.035,0.002,1,1,1,19.0558,0,0,128.082,799,2,0,0,0,0,0.391048
810,820,2,15,4,4,1,1,1.92827,1.10843,0.363597,1.31989,2,1,4.8,0,0.34,0.24,0.14,0.035,0.04,0.025,0.008,0.004,0.01,0.006,0.035,0.002,1,1,1,22.1657,0,0,124.575,711,2,0,0,0,0,1.10191
810,828,2,18,4,4,1,1,1.21875,1.79954,0.408757,2.76397,2,1,4.8,0,0.34,0.24,0.14,0.035,0.04,0.025,0.008,0.004,0.01,0.006,0.035,0.002,1,1,1,14.7049,0,0,119.485,806,2,0,0,0,0,0.628452
810,829,2,16,4,4,1,1,1.07765,1.99557,0.597964,-0.244598,2,1,4.8,0,0.34,0.24,0.14,0.035,0.04,0.025,0.008,0.004,0.01,0.006,0.035,0.002,1,1,1,21.8694,0,0,117.435,820,2,0,0,0,0,0.996436
810,849,2,14,3,3,1,0,1.38597,0.871746,0.0160782,0.677101,1,1,3.6,0,0.34,0.24,0.14,0.035,0.04,0.025,0.008,0.004,0.01,0.006,0.035,0.002,1,1,1,11.2746,0,0,107.079,823,2,0,0,0,0,0
810,857,2,12,4,4,1,1,0.97865,1.91135,0.327375,-0.0573033,2,1,4.8,0,0.34,0.24,0.14,0.035,0.04,0.025,0.008,0.004,0.01,0.006,0.035,0.002,1,1,1,17.9609,0,0,99.0729,738,2,0,0,0,0,0.496538
810,875,2,12,4,4,1,1,1.40346,1.40001,0.375132,-0.843001,2,1,4.8,0,0.34,0.24,0.14,0.035,0.04,0.025,0.008,0.004,0.01,0.006,0.035,0.002,1,1,1,13.5937,0,0,88.0839,738,2,0,0,0,0,0.552177
810,879,2,15,4,4,1,1,1.02753,1.93489,0.728701,-3.12192,2,1,4.8,0,0.34,0.24,0.14,0.035,0.04,0.025,0.008,0.004,0.01,0.006,0.035,0.002,1,1,1,11.7834,0,0,87.6423,744,2,0,0,0,0,0.627782
810,885,2,13,4,4,1,1,1.38248,1.51059,0.468591,-2.68202,2,1,4.8,0,0.34,0.24,0.14,0.035,0.04,0.025,0.008,0.004,0.01,0.006,0.035,0.002,1,1,1,11.9878,0,0,80.7523,845,2,0,0,0,0,0.996302
810,887,2,15,3,3,1,0,1.21948,0.948055,0.135952,-2.87283,1,1,3.6,0,0.34,0.24,0.14,0.035,0.04,0.025,0.008,0.004,0.01,0.006,0.035,0.002,1,1,1,3.48,0,0,79.8776,849,2,0,0,0,0,0
810,892,2,19,4,4,1,1,1.31688,1.44293,0.328861,2.41123,2,1,4.8,0,0.34,0.24,0.14,0.035,0.04,0.025,0.008,0.004,0.01,0.006,0.035,0.002,1,1,1,10.193,0,0,76.7533,828,2,0,0,0,0,0.760531
810,900,2,18,4,4,1,1,2.00122,1.1796,0.264615,1.90683,2,1,4.8,0,0.34,0.24,0.14,0.035,0.04,0.025,0.008,0.004,0.01,0.006,0.035,0.002,1,1,1,7.11837,0,0,74.7955,860,2,0,0,0,0,0.87858
810,905,2,16,4,4,1,1,1.36645,1.53943,0.267655,-0.555206,2,1,4.8,0,0.34,0.24,0.14,0.035,0.04,0.025,0.008,0.004,0.01,0.006,0.035,0.002,1,1,1,11.3951,0,0,71.1214,820,2,0,0,0,0,0.531323
810,918,2,17,4,4,1,1,1.60093,1.33025,0.343748,-2.04129,2,1,4.8,0,0.34,0.24,0.14,0.035,0.04,0.025,0.008,0.004,0.01,0.006,0.035,0.002,1,1,1,4.92,0,0,67.264,867,2,0,0,0,0,0.490007
810,924,2,18,4,4,1,1,1.06453,2.24039,0.458252,0.344109,2,1,4.8,0,0.34,0.24,0.14,0.035,0.04,0.025,0.008,0.004,0.01,0.006,0.035,0.002,1,1,1,9.41794,0,0,63.5647,860,2,0,0,0,0,1.18029
810,934,2,17,4,4,1,1,1.38135,1.57388,0.297948,-2.66065,2,1,4.8,0,0.34,0.24,0.14,0.035,0.04,0.025,0.008,0.004,0.01,0.006,0.035,0.002,1,1,1,6.45586,0,0,50.2618,829,2,0,0,0,0,0.607
810,936,2,15,4,4,1,1,1.93938,1.06139,0.893323,1.2607,2,1,4.8,0,0.34,0.24,0.14,0.035,0.04,0.025,0.008,0.004,0.01,0.006,0.035,0.002,1,1,1,10.8806,0,0,48.7532,744,2,0,0,0,0,0.744268
810,938,2,13,4,4,1,1,1.93567,1.09265,0.393991,1.29047,2,1,4.8,0,0.34,0.24,0.14,0.035,0.04,0.025,0.008,0.004,0.01,0.006,0.035,0.002,1,1,1,5.53822,0,0,46.4694,875,2,0,0,0,0,0.899409
810,942,2,18,4,4,1,1,1.22476,1.78859,0.431104,2.8605,2,1,4.8,0,0.34,0.24,0.14,0.035,0.04,0.025,0.008,0.004,0.01,0.006,0.035,0.002,1,1,1,6.82302,0,0,45.1857,864,2,0,0,0,0,0.776238
810,946,2,13,4,4,1,1,1.49466,1.34246,0.409928,-2.4061,2,1,4.8,0,0.34,0.24,0.14,0.035,0.04,0.025,0.008,0.004,0.01,0.006,0.035,0.002,1,1,1,4.51269,0,0,41.8934,747,2,0,0,0,0,1.08162
810,948,2,17,4,4,1,1,1.2698,1.79525,0.445847,0.540133,2,1,4.8,0,0.34,0.24,0.14,0.035,0.04,0.025,0.008,0.004,0.01,0.006,0.035,0.002,1,1,1,1.224,0,0,39.9513,817,2,0,0,0,0,1.0183
810,951,2,20,4,4,1,1,2.03578,1.07034,0.369546,-1.62058,2,1,4.8,0,0.34,0.24,0.14,0.035,0.04,0.025,0.008,0.004,0.01,0.006,0.035,0.002,1,1,1,3.36,0,0,38.9427,892,2,0,0,0,0,0.919132
810,952,2,19,4,4,1,1,1.8736,1.24613,0.380904,1.99346,2,1,4.8,0,0.34,0.24,0.14,0.035,0.04,0.025,0.008,0.004,0.01,0.006,0.035,0.002,1,1,1,5.21264,0,0,38.8094,924,2,0,0,0,0,1.04711
810,955,2,16,4,4,1,1,1.87409,1.06037,0.627383,1.58156,2,1,4.8,0,0.34,0.24,0.14,0.035,0.04,0.025,0.008,0.004,0.01,0.006,0.035,0.002,1,1,1,2.28,0,0,35.9504,936,2,0,0,0,0,0.595143
810,966,31,17,9,9,2,3,3.59361,1.9156,0.314722,0.560978,4,2,10.8,0,0.34,0.24,0.14,0.035,0.04,0.025,0.008,0.004,0.01,0.006,0.035,0.002,1,1,1,7.51426,0,0,29.8496,829,2,0,0,0,0,1.15423
810,977,2,19,4,4,1,1,1.36292,1.73726,0.753285,0.776616,2,1,4.8,0,0.34,0.24,0.14,0.035,0.04,0.025,0.008,0.004,0.01,0.006,0.035,0.002,1,1,1,5.016,0,0,20.7998,942,2,0,0,0,0,1.26982
810,981,2,20,4,4,1,1,1.29251,1.66088,0.655158,-0.662306,2,1,4.8,0,0.34,0.24,0.14,0.035,0.04,0.025,0.008,0.004,0.01,0.006,0.035,0.002,1,1,1,1.44,0,0,17.7081,892,2,0,0,0,0,1.20551
810,984,2,14,4,4,1,1,1.90424,0.990244,0.267081,-1.70477,2,1,4.8,0,0.34,0.24,0.14,0.035,0.04,0.025,0.008,0.004,0.01,0.006,0.035,0.002,1,1,1,0.12,0,0,14.7249,938,2,0,0,0,0,0.469536
810,986,2,20,4,4,1,1,1.80707,1.13324,0.313286,1.51402,2,1,4.8,0,0.34,0.24,0.14,0.035,0.04,0.025,0.008,0.004,0.01,0.006,0.035,0.002,1,1,1,0.84,0,0,13.2249,977,2,0,0,0,0,1.25622
810,987,2,13,4,4,1,1,0.976906,2.09257,0.404811,-0.0287066,2,1,4.8,0,0.34,0.24,0.14,0.035,0.04,0.025,0.008,0.004,0.01,0.006,0.035,0.002,1,1,1,0.985206,0,0,12.6916,747,2,0,0,0,0,0.527144
840,744,2,14,4,4,1,1,1.85795,1.19259,0.408234,1.35921,2,1,4.8,0,0.34,0.24,0.14,0.035,0.04,0.025,0.008,0.004,0.01,0.006,0.035,0.002,1,1,1,35.7569,0,0,205.005,644,2,0,0,0,0,1.06989
840,747,2,12,4,4,1,1,1.35652,1.54121,0.358014,0.483294,2,1,4.8,0,0.34,0.24,0.14,0.035,0.04,0.025,0.008,0.004,0.01,0.006,0.035,0.002,1,1,1,33.0337,0,0,203.839,738,2,0,0,0,0,0.523358
840,817,2,16,4,4,1,1,1.5138,1.37956,0.3083,2.30866,2,1,4.8,0,0.34,0.24,0.14,0.035,0.04,0.025,0.008,0.004,0.01,0.006,0.035,0.002,1,1,1,25.5612,0,0,158.075,799,2,0,0,0,0,0.984441
840,829,2,16,4,4,1,1,2.03757,1.06772,0.367703,1.34951,2,1,4.8,0,0.34,0.24,0.14,0.035,0.04,0.025,0.008,0.004,0.01,0.006,0.035,0.002,1,1,1,28.8534,0,0,147.428,820,2,0,0,0,0,0.531171
840,849,2,14,3,3,1,0,1.04736,1.04144,0.00877343,-1.65356,1,1,3.6,0,0.34,0.24,0.14,0.035,0.04,0.025,0.008,0.004,0.01,0.006,0.035,0.002,1,1,1,14.1546,0,0,137.072,823,2,0,0,0,0,0
840,875,2,12,4,4,1,1,1.73715,1.23641,0.320895,0.947818,2,1,4.8,0,0.34,0.24,0.14,0.035,0.04,0.025,0.008,0.004,0.01,0.006,0.035,0.002,1,1,1,20.1436,0,0,118.077,738,2,0,0,0,0,1.23118
840,879,2,15,4,4,1,1,1.71878,1.26589,0.677887,-2.12905,2,1,4.8,0,0.34,0.24,0.14,0.035,0.04,0.025,0.008,0.004,0.01,0.006,0.035,0.002,1,1,1,16.0554,0,0,117.635,744,2,0,0,0,0,1.26547
840,887,2,15,3,3,1,0,1.0773,1.04909,0.153043,-1.50963,1,1,3.6,0,0.34,0.24,0.14,0.035,0.04,0.025,0.008,0.004,0.01,0.006,0.035,0.002,1,1,1,9.6,0,0,109.87,849,2,0,0,0,0,0
840,905,2,16,4,4,1,1,2.18244,1.05789,0.129619,-1.65743,2,1,4.8,0,0.34,0.24,0.14,0.035,0.04,0.025,0.008,0.004,0.01,0.006,0.035,0.002,1,1,1,17.8018,0,0,101.114,820,2,0,0,0,0,0.831484
840,924,2,18,4,4,1,1,1.58129,1.38234,0.406907,2.26191,2,1,4.8,0,0.34,0.24,0.14,0.035,0.04,0.025,0.008,0.004,0.01,0.006,0.035,0.002,1,1,1,14.7525,0,0,93.5575,860,2,0,0,0,0,0.595213
840,934,2,17,4,4,1,1,1.18368,1.6638,0.308998,-3.08744,2,1,4.8,0,0.34,0.24,0.14,0.035,0.04,0.025,0.008,0.004,0.01,0.006,0.035,0.002,1,1,1,9.46125,0,0,80.2608,829,2,0,0,0,0,0.856821
840,936,2,15,4,4,1,1,1.1433,1.7974,0.3256,2.76788,2,1,4.8,0,0.34,0.24,0.14,0.035,0.04,0.025,0.008,0.004,0.01,0.006,0.035,0.002,1,1,1,20.3375,0,0,78.7528,744,2,0,0,0,0,0.644057
840,938,2,13,4,4,1,1,1.60147,1.09993,0.623685,-1.71737,2,1,4.8,0,0.34,0.24,0.14,0.035,0.04,0.025,0.008,0.004,0.01,0.006,0.035,0.002,1,1,1,11.9462,0,0,76.4701,875,2,0,0,0,0,0.981365
840,946,2,13,4,4,1,1,1.49086,1.37548,0.359566,-0.93236,2,1,4.8,0,0.34,0.24,0.14,0.035,0.04,0.025,0.008,0.004,0.01,0.006,0.035,0.002,1,1,1,6.45669,0,0,71.8962,747,2,0,0,0,0,0
840,955,2,16,4,4,1,1,1.0378,1.86687,0.329588,0.119942,2,1,4.8,0,0.34,0.24,0.14,0.035,0.04,0.025,0.008,0.004,0.01,0.006,0.035,0.002,1,1,1,7.2,0,0,65.956,936,2,0,0,0,0,0.517432
840,977,2,19,4,4,1,1,1.22929,1.77997,0.397767,-2.69324,2,1,4.8,0,0.34,0.24,0.14,0.035,0.04,0.025,0.008,0.004,0.01,0.006,0.035,0.002,1,1,1,8.976,0,0,50.8036,942,2,0,0,0,0,0.948593
840,981,2,20,4,4,1,1,1.76924,1.4084,0.132781,-0.985253,2,1,4.8,0,0.34,0.24,0.14,0.035,0.04,0.025,0.008,0.004,0.01,0.006,0.035,0.002,1,1,1,9.672,0,0,47.7113,892,2,0,0,0,0,1.25976
840,984,2,14,4,4,1,1,2.09171,1.10007,0.51049,1.72616,2,1,4.8,0,0.34,0.24,0.14,0.035,0.04,0.025,0.008,0.004,0.01,0.006,0.035,0.002,1,1,1,5.70602,0,0,44.7273,938,2,0,0,0,0,1.13986
840,986,2,20,4,4,1,1,1.11355,1.88412,0.410603,0.267503,2,1,4.8,0,0.34,0.24,0.14,0.035,0.04,0.025,0.008,0.004,0.01,0.006,0.035,0.002,1,1,1,10.9996,0,0,43.227,977,2,0,0,0,0,0.377987
840,987,2,13,4,4,1,1,1.21737,1.86099,0.236759,0.213069,2,1,4.8,0,0.34,0.24,0.14,0.035,0.04,0.025,0.008,0.004,0.01,0.006,0.035,0.002,1,1,1,4.8083,0,0,42.6935,747,2,0,0,0,0,0.582868
840,988,2,19,4,4,1,1,1.09647,2.03764,0.587653,-2.99532,2,1,4.8,0,0.34,0.24,0.14,0.035,0.04,0.025,0.008,0.004,0.01,0.006,0.035,0.002,1,1,1,4.189,0,0,42.1184,924,2,0,0,0,0,1.25876
840,992,2,15,3,3,1,0,1.33617,0.901838,0.0326536,-2.10009,1,1,3.6,0,0.34,0.24,0.14,0.035,0.04,0.025,0.008,0.004,0.01,0.006,0.035,0.002,1,1,1,1.44,0,0,39.4095,849,2,0,0,0,0,0.19458
840,996,2,13,4,4,1,1,1.25271,1.72784,0.390629,-0.61753,2,1,4.8,0,0.34,0.24,0.14,0.035,0.04,0.025,0.008,0.004,0.01,0.006,0.035,0.002,1,1,1,5.16,0,0,36.7756,875,2,0,0,0,0,0.587051
840,998,2,17,4,4,1,1,1.31257,1.87545,0.495748,0.54668,2,1,4.8,0,0.34,0.24,0.14,0.035,0.04,0.025,0.008,0.004,0.01,0.006,0.035,0.002,1,1,1,3.96,0,0,34.2334,817,2,0,0,0,0,0.494233
840,999,2,13,4,4,1,1,1.54224,1.34885,0.258993,-1.0246,2,1,4.8,0,0.34,0.24,0.14,0.035,0.04,0.025,0.008,0.004,0.01,0.006,0.035,0.002,1,1,1,3.38698,0,0,31.8746,747,2,0,0,0,0,0.700026
840,1000,2,16,4,4,1,1,1.43148,1.42816,0.282658,2.41968,2,1,4.8,0,0.34,0.24,0.14,0.035,0.04,0.025,0.008,0.004,0.01,0.006,0.035,0.002,1,1,1,6.92297,0,0,31.7996,936,2,0,0,0,0,0.550107
840,1002,2,21,4,4,1,1,1.42915,1.30711,0.265855,-2.20101,2,1,4.8,0,0.34,0.24,0.14,0.035,0.04,0.025,0.008,0.004,0.01,0.006,0.035,0.002,1,1,1,1.824,0,0,31.0246,986,2,0,0,0,0,0.417107
840,1004,2,14,4,4,1,1,1.4368,1.73341,0.49629,-2.48735,2,1,4.8,0,0.34,0.24,0.14,0.035,0.04,0.025,0.008,0.004,0.01,0.006,0.035,0.002,1,1,1,0.775879,0,0,28.683,938,2,0,0,0,0,1.04304
840,1009,2,20,4,4,1,1,1.75659,1.28696,0.341141,2.08065,2,1,4.8,0,0.34,0.24,0.14,0.035,0.04,0.025,0.008,0.004,0.01,0.006,0.035,0.002,1,1,1,2.4,0,0,26.5247,977,2,0,0,0,0,0.390777
840,1010,2,21,4,4,1,1,1.10049,2.08854,0.235485,-2.92362,2,1,4.8,0,0.34,0.24,0.14,0.035,0.04,0.025,0.008,0.004,0.01,0.006,0.035,0.002,1,1,1,3,0,0,25.8747,981,2,0,0,0,0,0.411344
840,1012,2,17,4,4,1,1,1.1632,1.76849,0.489697,-2.94211,2,1,4.8,0,0.34,0.24,0.14,0.035,0.04,0.025,0.008,0.004,0.01,0.006,0.035,0.002,1,1,1,1.92,0,0,24.4747,1000,2,0,0,0,0,0.899481
840,1016,2,13,4,4,1,1,1.32217,1.5452,0.442027,-0.689877,2,1,4.8,0,0.34,0.24,0.14,0.035,0.04,0.025,0.008,0.004,0.01,0.006,0.035,0.002,1,1,1,3.16981,0,0,21.0581,747,2,0,0,0,0,1.07627
840,1017,2,16,4,4,1,1,1.35443,1.53907,0.38243,0.618073,2,1,4.8,0,0.34,0.24,0.14,0.035,0.04,0.025,0.008,0.004,0.01,0.006,0.035,0.002,1,1,1,1.28348,0,0,20.9831,936,2,0,0,0,0,0.819293
840,1018,2,17,4,4,1,1,1.35385,1.58811,0.56948,0.699615,2,1,4.8,0,0.34,0.24,0.14,0.035,0.04,0.025,0.008,0.004,0.01,0.006,0.035,0.002,1,1,1,1.92,0,0,20.6164,829,2,0,0,0,0,0.846438
840,1019,2,16,3,3,1,0,0.932604,1.32725,0.172746,-0.471192,1,1,3.6,0,0.34,0.24,0.14,0.035,0.04,0.025,0.008,0.004,0.01,0.006,0.035,0.002,1,1,1,0.48,0,0,20.1164,887,2,0,0,0,0,0
840,1035,2,16,4,4,1,1,1.46401,1.18953,0.186104,0.931123,2,1,4.8,0,0.34,0.24,0.14,0.035,0.04,0.025,0.008,0.004,0.01,0.006,0.035,0.002,1,1,1,1.65138,0,0,10.1666,936,2,0,0,0,0,0.498017
840,1036,32,14,3,3,1,1,1.59726,1.33682,0.559329,1.32992,2,0,3.6,0,0.34,0.24,0.14,0.035,0.04,0.025,0.008,0.004,0.01,0.006,0.035,0.002,1,1,1,0.48,0,0,9.57494,996,2,0,0,0,0,0.856712
840,1038,2,21,4,4,1,1,1.51588,1.43204,0.428397,-2.2358,2,1,4.8,0,0.34,0.24,0.14,0.035,0.04,0.025,0.008,0.004,0.01,0.006,0.035,0.002,1,1,1,0.175473,0,0,7.29997,986,2,0,0,0,0,1.21536
870,744,2,14,4,4,1,1,1.28887,1.82501,0.252131,-2.56357,2,1,4.8,0,0.34,0.24,0.14,0.035,0.04,0.025,0.008,0.004,0.01,0.006,0.035,0.002,1,1,1,39.6449,0,0,234.998,644,2,0,0,0,0,1.27852
870,747,2,12,4,4,1,1,2.06386,0.975622,0.452411,1.52454,2,1,4.8,0,0.34,0.24,0.14,0.035,0.04,0.025,0.008,0.004,0.01,0.006,0.035,0.002,1,1,1,38.3073,0,0,233.832,738,2,0,0,0,0,1.00789
870,817,2,16,4,4,1,1,1.49599,1.38852,0.567833,-0.785716,2,1,4.8,0,0.34,0.24,0.14,0.035,0.04,0.025,0.008,0.004,0.01,0.006,0.035,0.002,1,1,1,32.5293,0,0,188.068,799,2,0,0,0,0,1.15623
870,829,2,16,4,4,1,1,1.69408,1.23856,0.240204,-1.29767,2,1,4.8,0,0.34,0.24,0.14,0.035,0.04,0.025,0.008,0.004,0.01,0.006,0.035,0.002,1,1,1,32.8134,0,0,177.42,820,2,0,0,0,0,0.524176
870,875,2,12,4,4,1,1,1.88844,0.980086,0.425155,1.50729,2,1,4.8,0,0.34,0.24,0.14,0.035,0.04,0.025,0.008,0.004,0.01,0.006,0.035,0.002,1,1,1,22.8504,0,0,148.069,738,2,0,0,0,0,0.490928
870,879,2,15,4,4,1,1,1.28767,1.65842,0.474258,0.339897,2,1,4.8,0,0.34,0.24,0.14,0.035,0.04,0.025,0.008,0.004,0.01,0.006,0.035,0.002,1,1,1,20.9754,0,0,147.628,744,2,0,0,0,0,1.13902
870,887,2,15,3,3,1,0,1.27791,0.970789,0.210837,-1.95588,1,1,3.6,0,0.34,0.24,0.14,0.035,0.04,0.025,0.008,0.004,0.01,0.006,0.035,0.002,1,1,1,11.712,0,0,139.863,849,2,0,0,0,0,0
870,905,2,16,4,4,1,1,1.63982,1.3771,0.530092,-0.82055,2,1,4.8,0,0.34,0.24,0.14,0.035,0.04,0.025,0.008,0.004,0.01,0.006,0.035,0.002,1,1,1,21.4623,0,0,131.107,820,2,0,0,0,0,1.00499
870,934,2,17,4,4,1,1,1.1531,1.82104,0.145446,-2.96069,2,1,4.8,0,0.34,0.24,0.14,0.035,0.04,0.025,0.008,0.004,0.01,0.006,0.035,0.002,1,1,1,12.6612,0,0,110.253,829,2,0,0,0,0,0.640807
870,936,2,15,4,4,1,1,1.87603,1.04757,0.344861,-1.47043,2,1,4.8,0,0.34,0.24,0.14,0.035,0.04,0.025,0.008,0.004,0.01,0.006,0.035,0.002,1,1,1,23.9375,0,0,108.746,744,2,0,0,0,0,0.887897
870,938,2,13,4,4,1,1,1.09887,1.97973,0.211159,2.79214,2,1,4.8,0,0.34,0.24,0.14,0.035,0.04,0.025,0.008,0.004,0.01,0.006,0.035,0.002,1,1,1,21.7169,0,0,106.463,875,2,0,0,0,0,1.25636
870,977,2,19,4,4,1,1,1.35766,1.39313,0.381694,-0.687657,2,1,4.8,0,0.34,0.24,0.14,0.035,0.04,0.025,0.008,0.004,0.01,0.006,0.035,0.002,1,1,1,16.2308,0,0,80.8023,942,2,0,0,0,0,1.11877
870,981,2,20,4,4,1,1,1.31068,1.92221,0.230267,-2.69613,2,1,4.8,0,0.34,0.24,0.14,0.035,0.04,0.025,0.008,0.004,0.01,0.006,0.035,0.002,1,1,1,13.0695,0,0,77.7114,892,2,0,0,0,0,0.938519
870,986,2,20,4,4,1,1,1.37537,1.54496,0.240476,-2.40694,2,1,4.8,0,0.34,0.24,0.14,0.035,0.04,0.025,0.008,0.004,0.01,0.006,0.035,0.002,1,1,1,14.6647,0,0,73.2292,977,2,0,0,0,0,0.526427
870,987,2,13,4,4,1,1,1.14315,2.02792,0.377958,-0.350094,2,1,4.8,0,0.34,0.24,0.14,0.035,0.04,0.025,0.008,0.004,0.01,0.006,0.035,0.002,1,1,1,8.6483,0,0,72.696,747,2,0,0,0,0,0.753448
870,988,2,19,4,4,1,1,1.42508,1.83925,0.660428,0.556985,2,1,4.8,0,0.34,0.24,0.14,0.035,0.04,0.025,0.008,0.004,0.01,0.006,0.035,0.002,1,1,1,9.613,0,0,72.1211,924,2,0,0,0,0,0.94066
870,996,2,13,4,4,1,1,1.34867,1.72398,0.446228,-2.52109,2,1,4.8,0,0.34,0.24,0.14,0.035,0.04,0.025,0.008,0.004,0.01,0.006,0.035,0.002,1,1,1,10.4995,0,0,66.7808,875,2,0,0,0,0,1.12887
870,998,2,17,4,4,1,1,1.11077,2.16452,0.374982,0.289503,2,1,4.8,0,0.34,0.24,0.14,0.035,0.04,0.025,0.008,0.004,0.01,0.006,0.035,0.002,1,1,1,7.8,0,0,64.2397,817,2,0,0,0,0,1.08175
870,999,2,13,4,4,1,1,1.16686,1.95417,0.339902,-0.45166,2,1,4.8,0,0.34,0.24,0.14,0.035,0.04,0.025,0.008,0.004,0.01,0.006,0.035,0.002,1,1,1,8.42698,0,0,61.881,747,2,0,0,0,0,1.21129
870,1000,2,16,1,4,1,0,0,0,0.170814,0,0,0,1.2,0,0.34,0.24,0.14,0.035,0.04,0.025,0.008,0.004,0.01,0.006,0.035,0.002,1,1,1,1.104,0,0,61.806,936,2,0,0,0,0,0
870,1004,2,14,4,4,1,1,0.999514,2.08121,0.334611,-0.041779,2,1,4.8,0,0.34,0.24,0.14,0.035,0.04,0.025,0.008,0.004,0.01,0.006,0.035,0.002,1,1,1,7.61588,0,0,58.6886,938,2,0,0,0,0,0.980249
870,1009,2,20,4,4,1,1,1.21981,1.89758,0.143103,0.404715,2,1,4.8,0,0.34,0.24,0.14,0.035,0.04,0.025,0.008,0.004,0.01,0.006,0.035,0.002,1,1,1,4.99794,0,0,56.5298,977,2,0,0,0,0,1.16895
870,1010,2,21,4,4,1,1,1.87716,1.18116,0.177893,1.14951,2,1,4.8,0,0.34,0.24,0.14,0.035,0.04,0.025,0.008,0.004,0.01,0.006,0.035,0.002,1,1,1,5.37073,0,0,55.8797,981,2,0,0,0,0,0.725976
870,1022,2,20,4,4,1,1,1.05251,1.99556,0.537458,0.185783,2,1,4.8,0,0.34,0.24,0.14,0.035,0.04,0.025,0.008,0.004,0.01,0.006,0.035,0.002,1,1,1,5.4,0,0,46.8944,988,2,0,0,0,0,1.17433
870,1034,2,17,4,4,1,1,2.11081,1.1293,0.189488,1.39429,2,1,4.8,0,0.34,0.24,0.14,0.035,0.04,0.025,0.008,0.004,0.01,0.006,0.035,0.002,1,1,1,3.6,0,0,40.5681,817,2,0,0,0,0,1.27878
870,1035,2,16,4,4,1,1,1.39817,1.32715,0.386155,0.769371,2,1,4.8,0,0.34,0.24,0.14,0.035,0.04,0.025,0.008,0.004,0.01,0.006,0.035,0.002,1,1,1,7.09938,0,0,40.168,936,2,0,0,0,0,1.02227
870,1036,32,14,3,3,1,1,1.20509,1.85736,0.853876,-0.514188,2,0,3.6,0,0.34,0.24,0.14,0.035,0.04,0.025,0.008,0.004,0.01,0.006,0.035,0.002,1,1,1,6.96,0,0,39.5762,996,2,0,0,0,0,0.856712
870,1037,2,13,4,4,1,1,1.30474,1.54708,0.545533,2.39172,2,1,4.8,0,0.34,0.24,0.14,0.035,0.04,0.025,0.008,0.004,0.01,0.006,0.035,0.002,1,1,1,1.12565,0,0,37.3007,747,2,0,0,0,0,1.24224
870,1038,2,21,4,4,1,1,1.62471,1.32333,0.364214,-1.99199,2,1,4.8,0,0.34,0.24,0.14,0.035,0.04,0.025,0.008,0.004,0.01,0.006,0.035,0.002,1,1,1,4.93748,0,0,37.3007,986,2,0,0,0,0,1.04368
870,1040,2,21,4,4,1,1,1.20092,1.82165,0.686541,2.76469,2,1,4.8,0,0.34,0.24,0.14,0.035,0.04,0.025,0.008,0.004,0.01,0.006,0.035,0.002,1,1,1,5.28,0,0,36.6339,981,2,0,0,0,0,1.12164
870,1045,2,16,4,4,1,1,1.87586,1.15669,0.395368,-1.79156,2,1,4.8,0,0.34,0.24,0.14,0.035,0.04,0.025,0.008,0.004,0.01,0.006,0.035,0.002,1,1,1,2.28,0,0,33.75,879,2,0,0,0,0,0.555509
870,1051,2,16,4,4,1,1,1.71445,1.19085,0.549075,1.09902,2,1,4.8,0,0.34,0.24,0.14,0.035,0.04,0.025,0.008,0.004,0.01,0.006,0.035,0.002,1,1,1,2.16,0,0,28.8663,936,2,0,0,0,0,1.00585
870,1053,2,14,4,4,1,1,1.74028,1.06724,0.260093,1.47982,2,1,4.8,0,0.34,0.24,0.14,0.035,0.04,0.025,0.008,0.004,0.01,0.006,0.035,0.002,1,1,1,2.16,0,0,27.9247,938,2,0,0,0,0,0.986557
870,1054,32,15,3,3,1,1,1.82276,1.13218,0.589754,-2.5748,2,0,3.6,0,0.34,0.24,0.14,0.035,0.04,0.025,0.008,0.004,0.01,0.006,0.035,0.002,1,1,1,1.2,0,0,26.0247,1036,32,0,0,0,0,0.856712
870,1056,2,21,4,4,1,1,1.29847,1.66285,0.36131,0.778362,2,1,4.8,0,0.34,0.24,0.14,0.035,0.04,0.025,0.008,0.004,0.01,0.006,0.035,0.002,1,1,1,3.88682,0,0,25.5914,986,2,0,0,0,0,0.643328
870,1064,2,17,4,4,1,1,1.15651,2.02419,0.251817,0.352066,2,1,4.8,0,0.34,0.24,0.14,0.035,0.04,0.025,0.008,0.004,0.01,0.006,0.035,0.002,1,1,1,4.46519,0,0,16.9665,817,2,0,0,0,0,0.540971
870,1065,32,15,3,3,1,1,1.36381,1.3094,0.342994,-3.13958,2,0,3.6,0,0.34,0.24,0.14,0.035,0.04,0.025,0.008,0.004,0.01,0.006,0.035,0.002,1,1,1,0.984,0,0,16.1748,1036,32,0,0,0,0,0.856712
870,1066,2,15,4,4,1,1,1.20732,1.80442,0.442626,0.248581,2,1,4.8,0,0.34,0.24,0.14,0.035,0.04,0.025,0.008,0.004,0.01,0.006,0.035,0.002,1,1,1,0.780527,0,0,15.2749,1004,2,0,0,0,0,0.955689
870,1072,2,14,4,4,1,1,0.985177,2.23616,0.187183,3.09276,2,1,4.8,0,0.34,0.24,0.14,0.035,0.04,0.025,0.008,0.004,0.01,0.006,0.035,0.002,1,1,1,0.457619,0,0,8.24163,938,2,0,0,0,0,0.987562
870,1073,2,20,4,4,1,1,1.18373,1.95673,0.66833,0.471687,2,1,4.8,0,0.34,0.24,0.14,0.035,0.04,0.025,0.008,0.004,0.01,0.006,0.035,0.002,1,1,1,1.19963,0,0,7.92496,977,2,0,0,0,0,0.818517
900,744,2,14,4,4,1,1,1.06901,2.01284,0.633602,3.00024,2,1,4.8,0,0.34,0.24,0.14,0.035,0.04,0.025,0.008,0.004,0.01,0.006,0.035,0.002,1,1,1,46.0049,0,0,264.991,644,2,0,0,0,0,0.576181
900,747,2,12,4,4,1,1,1.44333,1.3309,0.405084,1.11382,2,1,4.8,0,0.34,0.24,0.14,0.035,0.04,0.025,0.008,0.004,0.01,0.006,0.035,0.002,1,1,1,43.2217,0,0,263.824,738,2,0,0,0,0,0.862601
900,887,2,15,3,3,1,0,1.19487,0.98492,0.201872,-2.89079,1,1,3.6,0,0.34,0.24,0.14,0.035,0.04,0.025,0.008,0.004,0.01,0.006,0.035,0.002,1,1,1,13.416,0,0,169.856,849,2,0,0,0,0,0.334389
900,905,2,16,4,4,1,1,1.82474,1.29514,0.288021,-2.02646,2,1,4.8,0,0.34,0.24,0.14,0.035,0.04,0.025,0.008,0.004,0.01,0.006,0.035,0.002,1,1,1,26.0981,0,0,161.099,820,2,0,0,0,0,0.56891
900,936,2,15,4,4,1,1,1.13826,1.79818,0.414901,-2.91975,2,1,4.8,0,0.34,0.24,0.14,0.035,0.04,0.025,0.008,0.004,0.01,0.006,0.035,0.002,1,1,1,29.3855,0,0,138.738,744,2,0,0,0,0,0.520108
900,938,2,13,4,4,1,1,1.45647,1.2791,0.585532,1.04407,2,1,4.8,0,0.34,0.24,0.14,0.035,0.04,0.025,0.008,0.004,0.01,0.006,0.035,0.002,1,1,1,30.5373,0,0,136.455,875,2,0,0,0,0,1.24535
900,977,2,19,4,4,1,1,1.42943,1.40487,0.703303,-0.631676,2,1,4.8,0,0.34,0.24,0.14,0.035,0.04,0.025,0.008,0.004,0.01,0.006,0.035,0.002,1,1,1,21.3343,0,0,110.795,942,2,0,0,0,0,1.26675
900,987,2,13,4,4,1,1,2.05459,0.996696,0.396226,1.45263,2,1,4.8,0,0.34,0.24,0.14,0.035,0.04,0.025,0.008,0.004,0.01,0.006,0.035,0.002,1,1,1,12.805,0,0,102.689,747,2,0,0,0,0,0.788059
900,996,2,13,4,4,1,1,2.00762,1.122,0.715199,1.15036,2,1,4.8,0,0.34,0.24,0.14,0.035,0.04,0.025,0.008,0.004,0.01,0.006,0.035,0.002,1,1,1,16.0797,0,0,96.7734,875,2,0,0,0,0,1.26515
900,998,2,17,4,4,1,1,1.42285,1.39765,0.661831,2.49437,2,1,4.8,0,0.34,0.24,0.14,0.035,0.04,0.025,0.008,0.004,0.01,0.006,0.035,0.002,1,1,1,13.7737,0,0,94.2324,817,2,0,0,0,0,1.03736
900,999,2,13,4,4,1,1,1.21438,1.74331,0.333107,-0.455412,2,1,4.8,0,0.34,0.24,0.14,0.035,0.04,0.025,0.008,0.004,0.01,0.006,0.035,0.002,1,1,1,12.9323,0,0,91.8746,747,2,0,0,0,0,0.538739
900,1004,2,14,4,4,1,1,1.574,1.34611,0.39235,2.15537,2,1,4.8,0,0.34,0.24,0.14,0.035,0.04,0.025,0.008,0.004,0.01,0.006,0.035,0.002,1,1,1,10.6129,0,0,88.6837,938,2,0,0,0,0,0.693229
900,1008,2,14,4,4,1,1,1.83601,1.10383,0.360031,1.52746,2,1,4.8,0,0.34,0.24,0.14,0.035,0.04,0.025,0.008,0.004172,0.01,0.006,0.035,0.002,1,1,1,6.93302,0,0,87.0758,999,2,0,0,0,0,0.391037
900,1009,2,20,4,4,1,1,1.78673,1.182,0.357279,-1.84541,2,1,4.8,0,0.34,0.24,0.14,0.035,0.04,0.025,0.008,0.004,0.01,0.006,0.035,0.002,1,1,1,10.2539,0,0,86.5259,977,2,0,0,0,0,0.880167
900,1022,2,20,4,4,1,1,1.16467,2.16831,0.114909,2.92001,2,1,4.8,0,0.34,0.24,0.14,0.035,0.04,0.025,0.008,0.004,0.01,0.006,0.035,0.002,1,1,1,10.988,0,0,76.895,988,2,0,0,0,0,0.60494
900,1035,2,16,4,4,1,1,1.77136,1.22739,0.550738,2.07621,2,1,4.8,0,0.34,0.24,0.14,0.035,0.04,0.025,0.008,0.004,0.01,0.006,0.035,0.002,1,1,1,13.0994,0,0,70.1716,936,2,0,0,0,0,0.511111
900,1038,2,21,4,4,1,1,1.105,1.8799,0.25298,0.231688,2,1,4.8,0,0.34,0.24,0.14,0.035,0.04,0.025,0.008,0.004,0.01,0.006,0.035,0.002,1,1,1,7.60148,0,0,67.3056,986,2,0,0,0,0,1.04738
900,1040,2,21,4,4,1,1,1.91258,1.13862,0.334099,-1.4146,2,1,4.8,0,0.34,0.24,0.14,0.035,0.04,0.025,0.008,0.004,0.01,0.006,0.035,0.002,1,1,1,13.1214,0,0,66.6391,981,2,0,0,0,0,0.883086
900,1053,2,14,1,4,1,0,0,0,0.241991,0,0,0,1.2,0,0.34,0.24,0.14,0.035,0.04,0.025,0.008,0.004,0.01,0.006,0.035,0.002,1,1,1,0.6,0,0,57.9301,938,2,0,0,0,0,0
900,1058,2,14,5,5,1,1,1.99392,1.94312,0.172568,0.849447,2,2,6,0,0.34,0.24,0.14,0.035,0.04,0.025,0.008,0.004,0.01,0.006,0.035,0.002,1,1,1,8.06299,0,0,53.9293,996,2,0,0,0,0,0.7228
900,1064,2,17,4,4,1,1,1.95601,1.13764,0.180434,1.65793,2,1,4.8,0,0.34,0.24,0.14,0.035,0.04,0.025,0.008,0.004,0.01,0.006,0.035,0.002,1,1,1,9.4821,0,0,46.9695,817,2,0,0,0,0,1.00321
900,1066,2,15,4,4,1,1,1.93294,0.980151,0.492744,1.49056,2,1,4.8,0,0.34,0.24,0.14,0.035,0.04,0.025,0.008,0.004,0.01,0.006,0.035,0.002,1,1,1,6.60028,0,0,45.2774,1004,2,0,0,0,0,0.869927
900,1073,2,20,4,4,1,1,1.30026,1.39913,0.274178,-0.371405,2,1,4.8,0,0.34,0.24,0.14,0.035,0.04,0.025,0.008,0.004,0.01,0.006,0.035,0.002,1,1,1,4.27829,0,0,37.9259,977,2,0,0,0,0,1.26675
900,1078,2,18,4,4,1,1,1.7213,1.36026,0.408844,2.13869,2,1,4.8,0,0.34,0.24,0.14,0.035,0.04,0.025,0.008,0.004,0.01,0.006,0.035,0.002,1,1,1,1.37577,0,0,35.8671,998,2,0,0,0,0,1.07095
900,1084,2,17,4,4,1,1,1.55594,1.22055,0.400093,0.942743,2,1,4.8,0,0.34,0.24,0.14,0.035,0.04,0.025,0.008,0.004,0.01,0.006,0.035,0.002,1,1,1,2.9888,0,0,30.4913,1035,2,0,0,0,0,0.674148
900,1095,2,16,4,4,1,1,1.91502,1.14725,0.307021,1.91692,2,1,4.8,0,0.34,0.24,0.14,0.035,0.04,0.025,0.008,0.004,0.01,0.006,0.035,0.002,1,1,1,2.76,0,0,19.5331,936,2,0,0,0,0,0.625093
900,1096,2,14,4,4,1,1,1.00741,2.01508,0.220496,-0.131302,2,1,4.8,0,0.34,0.24,0.14,0.035,0.04,0.025,0.008,0.004,0.01,0.006,0.035,0.002,1,1,1,3.12901,0,0,19.4665,938,2,0,0,0,0,0.904723
900,1101,2,22,4,4,1,1,2.16196,1.01065,0.396908,1.80681,2,1,4.8,0,0.34,0.24,0.14,0.035,0.04,0.025,0.008,0.004,0.01,0.006,0.035,0.002,1,1,1,2.61218,0,0,15.5332,1040,2,0,0,0,0,0.969851
900,1102,2,18,4,4,1,1,2.09734,1.1321,0.401325,1.7534,2,1,4.8,0,0.34,0.24,0.14,0.035,0.04,0.025,0.008,0.004,0.01,0.006,0.035,0.002,1,1,1,4.73421,0,0,15.4665,1064,2,0,0,0,0,1.09002
900,1113,2,16,4,4,1,1,1.91271,1.22377,0.457529,1.88923,2,1,4.8,0,0.34,0.24,0.14,0.035,0.04,0.025,0.008,0.004,0.01,0.006,0.035,0.002,1,1,1,0.84,0,0,9.89993,1066,2,0,0,0,0,0.834838
900,1116,2,19,4,4,1,1,1.22587,1.80461,0.497121,2.79114,2,1,4.8,0,0.34,0.24,0.14,0.035,0.04,0.025,0.008,0.004,0.01,0.006,0.035,0.002,1,1,1,0.669077,0,0,8.85828,1102,2,0,0,0,0,1.09317
900,1117,2,14,4,4,1,1,1.27055,1.6998,0.341858,2.55175,2,1,4.8,0,0.34,0.24,0.14,0.035,0.04,0.025,0.008,0.004,0.01,0.006,0.035,0.002,1,1,1,0.42095,0,0,8.64995,938,2,0,0,0,0,0.635188
900,1123,2,15,4,4,1,1,1.15022,2.3737,0.451881,-0.390829,2,1,4.8,0,0.34,0.24,0.14,0.035,0.04,0.025,0.008,0.004,0.01,0.006,0.035,0.002,1,1,1,0.12,0,0,5.20001,744,2,0,0,0,0,0.546162
930,744,2,14,4,4,1,1,1.3265,1.60078,0.380246,0.454381,2,1,4.8,0,0.34,0.24,0.14,0.035,0.04,0.025,0.008,0.004,0.01,0.006,0.035,0.002,1,1,1,47.9729,0,0,294.983,644,2,0,0,0,0,0.557237
930,747,2,12,4,4,1,1,1.09749,1.91599,0.754051,0.140429,2,1,4.8,0,0.34,0.24,0.14,0.035,0.04,0.025,0.008,0.004,0.01,0.006,0.035,0.002,1,1,1,48.538,0,0,293.817,738,2,0,0,0,0,0.666899
930,938,2,13,4,4,1,1,1.79628,1.02592,0.719382,1.48583,2,1,4.8,0,0.34,0.24,0.14,0.035,0.04,0.025,0.008,0.004,0.01,0.006,0.035,0.002,1,1,1,37.7233,0,0,166.448,875,2,0,0,0,0,1.24784
930,977,2,19,4,4,1,1,1.42804,1.40264,0.120887,-2.31442,2,1,4.8,0,0.34,0.24,0.14,0.035,0.04,0.025,0.008,0.004,0.01,0.006,0.035,0.002,1,1,1,26.7287,0,0,140.788,942,2,0,0,0,0,0.516244
930,987,2,13,4,4,1,1,2.06542,0.992809,0.474079,-1.7224,2,1,4.8,0,0.34,0.24,0.14,0.035,0.04,0.025,0.008,0.004,0.01,0.006,0.035,0.002,1,1,1,16.8655,0,0,132.681,747,2,0,0,0,0,0.845149
930,998,2,17,4,4,1,1,1.72681,1.34003,0.526939,2.14759,2,1,4.8,0,0.34,0.24,0.14,0.035,0.04,0.025,0.008,0.004,0.01,0.006,0.035,0.002,1,1,1,18.0956,0,0,124.225,817,2,0,0,0,0,1.27401
930,1008,2,14,4,4,1,1,1.81941,1.24119,0.445181,-1.36217,2,1,4.8,0,0.34,0.24,0.14,0.035,0.04,0.025,0.008,0.004172,0.01,0.006,0.035,0.002,1,1,1,10.7234,0,0,117.068,999,2,0,0,0,0,0.882479
930,1035,2,16,4,4,1,1,1.86171,1.04103,0.295941,-1.68821,2,1,4.8,0,0.34,0.24,0.14,0.035,0.04,0.025,0.008,0.004,0.01,0.006,0.035,0.002,1,1,1,16.8696,0,0,100.164,936,2,0,0,0,0,0.515036
930,1040,2,21,4,4,1,1,1.32832,1.63682,0.431199,0.552871,2,1,4.8,0,0.34,0.24,0.14,0.035,0.04,0.025,0.008,0.004,0.01,0.006,0.035,0.002,1,1,1,14.8014,0,0,96.6318,981,2,0,0,0,0,0.87223
930,1073,2,20,4,4,1,1,1.31698,1.50677,0.214428,-0.583656,2,1,4.8,0,0.34,0.24,0.14,0.035,0.04,0.025,0.008,0.004,0.01,0.006,0.035,0.002,1,1,1,9.14299,0,0,67.9305,977,2,0,0,0,0,0.684051
930,1078,2,18,4,4,1,1,2.15337,1.14798,0.520093,1.97574,2,1,4.8,0,0.34,0.24,0.14,0.035,0.04,0.025,0.008,0.004,0.01,0.006,0.035,0.002,1,1,1,3.98388,0,0,65.8726,998,2,0,0,0,0,0.744197
930,1088,2,13,4,4,1,1,1.96252,1.29175,0.180763,0.732335,2,1,4.8,0,0.34,0.24,0.14,0.035,0.04,0.025,0.008,0.004,0.01,0.006,0.035,0.002,1,1,1,5.14058,0,0,57.6551,747,2,0,0,0,0,1.26839
930,1095,2,16,4,4,1,1,1.07871,1.87088,0.683713,-0.154104,2,1,4.8,0,0.34,0.24,0.14,0.035,0.04,0.025,0.008,0.004,0.01,0.006,0.035,0.002,1,1,1,6.36,0,0,49.5367,936,2,0,0,0,0,1.27852
930,1096,2,14,4,4,1,1,1.41861,1.30678,0.272533,-2.42177,2,1,4.8,0,0.34,0.24,0.14,0.035,0.04,0.025,0.008,0.004,0.01,0.006,0.035,0.002,1,1,1,7.44134,0,0,49.47,938,2,0,0,0,0,0.523842
930,1100,2,17,4,4,1,1,1.45987,1.48456,0.607446,-2.37269,2,1,4.8,0,0.34,0.24,0.14,0.035,0.04,0.025,0.008,0.004,0.01,0.006,0.035,0.002,1,1,1,9.00081,0,0,46.7861,1035,2,0,0,0,0,1.26296
930,1101,2,22,4,4,1,1,1.09977,1.89833,0.502077,2.70349,2,1,4.8,0,0.34,0.24,0.14,0.035,0.04,0.025,0.008,0.004,0.01,0.006,0.035,0.002,1,1,1,6.24806,0,0,45.5358,1040,2,0,0,0,0,1.26681
930,1102,2,18,4,4,1,1,1.69757,1.29626,0.216964,1.94061,2,1,4.8,0,0.34,0.24,0.14,0.035,0.04,0.025,0.008,0.004,0.01,0.006,0.035,0.002,1,1,1,8.91157,0,0,45.4691,1064,2,0,0,0,0,1.228
930,1113,2,16,4,4,1,1,1.2105,1.78192,0.457941,-0.423857,2,1,4.8,0,0.34,0.24,0.14,0.035,0.04,0.025,0.008,0.004,0.01,0.006,0.035,0.002,1,1,1,6.648,0,0,39.9013,1066,2,0,0,0,0,0.531165
930,1116,2,19,4,4,1,1,1.26053,1.63579,0.27839,2.98401,2,1,4.8,0,0.34,0.24,0.14,0.035,0.04,0.025,0.008,0.004,0.01,0.006,0.035,0.002,1,1,1,4.98908,0,0,38.8594,1102,2,0,0,0,0,0.940976
930,1117,2,14,4,4,1,1,1.21147,1.85424,0.45775,-2.83684,2,1,4.8,0,0.34,0.24,0.14,0.035,0.04,0.025,0.008,0.004,0.01,0.006,0.035,0.002,1,1,1,4.39141,0,0,38.651,938,2,0,0,0,0,0.70342
930,1119,34,20,5,5,1,2,1.15543,2.00087,0.429612,-3.07061,3,1,6,0,0.34,0.24,0.14,0.035,0.04,0.025,0.008,0.004,0.01,0.006,0.035,0.002,1,1,1,4.90398,0,0,37.2841,977,2,0,0,0,0,1.23533
930,1120,2,14,4,4,1,1,1.40789,1.57957,0.358069,-0.797669,2,1,4.8,0,0.34,0.24,0.14,0.035,0.04,0.025,0.008,0.004,0.01,0.006,0.035,0.002,1,1,1,5.4,0,0,36.0588,996,2,0,0,0,0,0.510149
930,1121,2,15,4,4,1,1,1.6636,1.30544,0.476216,2.05909,2,1,4.8,0,0.34,0.24,0.14,0.035,0.04,0.025,0.008,0.004,0.01,0.006,0.035,0.002,1,1,1,3.52886,0,0,35.9004,1096,2,0,0,0,0,0.962254
930,1125,2,22,4,4,1,1,1.15472,1.85739,0.3631,2.88927,2,1,4.8,0,0.34,0.24,0.14,0.035,0.04,0.025,0.008,0.004,0.01,0.006,0.035,0.002,1,1,1,1.8,0,0,34.0667,1040,2,0,0,0,0,0.55325
930,1127,2,21,4,4,1,1,1.09205,1.94908,0.345509,-2.87621,2,1,4.8,0,0.34,0.24,0.14,0.035,0.04,0.025,0.008,0.004,0.01,0.006,0.035,0.002,1,1,1,8.28245,0,0,31.0996,1073,2,0,0,0,0,0.54676
930,1130,2,17,4,4,1,1,2.10689,0.973514,0.658332,1.33344,2,1,4.8,0,0.34,0.24,0.14,0.035,0.04,0.025,0.008,0.004,0.01,0.006,0.035,0.002,1,1,1,2.16,0,0,29.283,1113,2,0,0,0,0,1.27012
930,1134,2,14,4,4,1,1,1.25168,1.77222,0.598774,-2.78063,2,1,4.8,0,0.34,0.24,0.14,0.035,0.04,0.025,0.008,0.004,0.01,0.006,0.035,0.002,1,1,1,6.26219,0,0,27.833,938,2,0,0,0,0,0.728057
930,1136,2,18,4,4,1,1,1.92898,1.54278,0.743721,2.54733,2,1,4.8,0,0.34,0.24,0.14,0.035,0.04,0.025,0.008,0.004,0.01,0.006,0.035,0.002,1,1,1,3.36,0,0,26.7913,998,2,0,0,0,0,1.23563
930,1138,2,18,4,4,1,1,1.57018,1.35859,0.452614,-0.904883,2,1,4.8,0,0.34,0.24,0.14,0.035,0.04,0.025,0.008,0.004,0.01,0.006,0.035,0.002,1,1,1,2.664,0,0,26.1497,1100,2,0,0,0,0,0.613765
930,1146,2,22,4,4,1,1,1.30005,1.51431,0.332787,2.58207,2,1,4.8,0,0.34,0.24,0.14,0.035,0.04,0.025,0.008,0.004,0.01,0.006,0.035,0.002,1,1,1,1.2,0,0,20.1748,1127,2,0,0,0,0,0.390759
930,1151,2,14,4,4,1,1,1.59758,1.27389,0.373796,1.99098,2,1,4.8,0,0.34,0.24,0.14,0.035,0.04,0.025,0.008,0.004,0.01,0.006,0.035,0.002,1,1,1,1.18318,0,0,17.0165,938,2,0,0,0,0,0.496763
930,1152,2,15,4,4,1,1,0.977444,2.1472,0.581723,3.10617,2,1,4.8,0,0.34,0.24,0.14,0.035,0.04,0.025,0.008,0.004,0.01,0.006,0.035,0.002,1,1,1,3.48552,0,0,15.2332,1134,2,0,0,0,0,1.26806
930,1159,2,18,4,4,1,1,2.20917,1.04241,0.702241,-1.4831,2,1,4.8,0,0.34,0.24,0.14,0.035,0.04,0.025,0.008,0.004,0.01,0.006,0.035,0.002,1,1,1,0.6,0,0,9.51661,1100,2,0,0,0,0,0.582872
930,1160,2,22,4,4,1,1,1.30668,1.35357,0.298395,-0.830618,2,1,4.8,0,0.34,0.24,0.14,0.035,0.04,0.025,0.008,0.004,0.01,0.006,0.035,0.002,1,1,1,0.587671,0,0,9.35828,1127,2,0,0,0,0,0.817905
960,747,2,12,4,4,1,1,1.26108,1.60233,0.630168,-0.669211,2,1,4.8,0,0.34,0.24,0.14,0.035,0.04,0.025,0.008,0.004,0.01,0.006,0.035,0.002,1,1,1,55.4353,0,0,323.81,738,2,0,0,0,0,1.21555
960,977,2,19,4,4,1,1,1.22492,2.12231,0.263124,-0.0327082,2,1,4.8,0,0.34,0.24,0.14,0.035,0.04,0.025,0.008,0.004,0.01,0.006,0.035,0.002,1,1,1,34.0727,0,0,170.78,942,2,0,0,0,0,1.10916
960,1040,2,21,4,4,1,1,1.58345,1.37176,0.481559,2.26949,2,1,4.8,0,0.34,0.24,0.14,0.035,0.04,0.025,0.008,0.004,0.01,0.006,0.035,0.002,1,1,1,17.8326,0,0,126.624,981,2,0,0,0,0,0.413177
960,1088,2,13,4,4,1,1,1.26118,1.77502,0.815841,-0.611291,2,1,4.8,0,0.34,0.24,0.14,0.035,0.04,0.025,0.008,0.004,0.01,0.006,0.035,0.002,1,1,1,12.0525,0,0,87.6507,747,2,0,0,0,0,0.552438
960,1095,2,16,4,4,1,1,1.05703,1.95482,0.486441,2.98331,2,1,4.8,0,0.34,0.24,0.14,0.035,0.04,0.025,0.008,0.004,0.01,0.006,0.035,0.002,1,1,1,11.88,0,0,79.536,936,2,0,0,0,0,1.16415
960,1096,2,14,4,4,1,1,1.53262,1.34311,0.360596,-0.995469,2,1,4.8,0,0.34,0.24,0.14,0.035,0.04,0.025,0.008,0.004,0.01,0.006,0.035,0.002,1,1,1,11.1613,0,0,79.4693,938,2,0,0,0,0,1.08585
960,1100,2,17,4,4,1,1,1.80386,1.23283,0.371905,1.99346,2,1,4.8,0,0.34,0.24,0.14,0.035,0.04,0.025,0.008,0.004,0.01,0.006,0.035,0.002,1,1,1,11.7087,0,0,76.7866,1035,2,0,0,0,0,0.529559
960,1101,2,22,4,4,1,1,1.6566,1.32272,0.459277,1.99167,2,1,4.8,0,0.34,0.24,0.14,0.035,0.04,0.025,0.008,0.004,0.01,0.006,0.035,0.002,1,1,1,12.0416,0,0,75.5369,1040,2,0,0,0,0,0.583671
960,1102,2,18,4,4,1,1,1.70837,1.26644,0.532622,-2.00104,2,1,4.8,0,0.34,0.24,0.14,0.035,0.04,0.025,0.008,0.004,0.01,0.006,0.035,0.002,1,1,1,11.7436,0,0,75.4703,1064,2,0,0,0,0,1.2138
960,1107,2,17,4,4,1,1,1.30679,1.53851,0.513211,-2.66117,2,1,4.8,0,0.34,0.24,0.14,0.035,0.04,0.025,0.008,0.004,0.01,0.006,0.035,0.002,1,1,1,14.5677,0,0,73.9707,1095,2,0,0,0,0,1.22498
960,1114,2,23,4,4,1,1,1.38269,1.43837,0.314636,0.710548,2,1,4.8,0,0.34,0.24,0.14,0.035,0.04,0.025,0.008,0.004,0.01,0.006,0.035,0.002,1,1,1,6.5203,0,0,69.4301,1101,2,0,0,0,0,0.413472
960,1116,2,19,4,4,1,1,1.418,1.4539,0.407676,-2.18339,2,1,4.8,0,0.34,0.24,0.14,0.035,0.04,0.025,0.008,0.004,0.01,0.006,0.035,0.002,1,1,1,8.9417,0,0,68.8636,1102,2,0,0,0,0,0.737206
960,1120,2,14,4,4,1,1,1.98125,1.11009,0.424893,-1.45007,2,1,4.8,0,0.34,0.24,0.14,0.035,0.04,0.025,0.008,0.004,0.01,0.006,0.035,0.002,1,1,1,7.29619,0,0,66.0643,996,2,0,0,0,0,0.519801
960,1130,2,17,4,4,1,1,1.55665,1.29092,0.426296,0.853935,2,1,4.8,0,0.34,0.24,0.14,0.035,0.04,0.025,0.008,0.004,0.01,0.006,0.035,0.002,1,1,1,11.5241,0,0,59.2888,1113,2,0,0,0,0,0.856321
960,1146,2,22,4,4,1,1,1.73564,1.37675,0.073952,2.14142,2,1,4.8,0,0.34,0.24,0.14,0.035,0.04,0.025,0.008,0.004,0.01,0.006,0.035,0.002,1,1,1,10.6005,0,0,50.1785,1127,2,0,0,0,0,0.887593
960,1152,2,15,4,4,1,1,2.10854,1.16059,0.507692,1.03355,2,1,4.8,0,0.34,0.24,0.14,0.035,0.04,0.025,0.008,0.004,0.01,0.006,0.035,0.002,1,1,1,7.74265,0,0,45.2358,1134,2,0,0,0,0,1.12755
960,1156,2,20,4,4,1,1,1.33987,1.70168,0.586507,0.599659,2,1,4.8,0,0.34,0.24,0.14,0.035,0.04,0.025,0.008,0.004,0.01,0.006,0.035,0.002,1,1,1,1.68,0,0,41.0849,977,2,0,0,0,0,0.584001
960,1159,2,18,4,4,1,1,1.93875,1.24477,0.493267,2.31795,2,1,4.8,0,0.34,0.24,0.14,0.035,0.04,0.025,0.008,0.004,0.01,0.006,0.035,0.002,1,1,1,5.15744,0,0,39.5179,1100,2,0,0,0,0,1.11356
960,1164,2,18,4,4,1,1,1.96661,1.13539,0.595189,-1.45749,2,1,4.8,0,0.34,0.24,0.14,0.035,0.04,0.025,0.008,0.004,0.01,0.006,0.035,0.002,1,1,1,6.20497,0,0,34.7002,1130,2,0,0,0,0,1.08734
960,1165,2,16,4,4,1,1,1.87123,1.10899,0.787465,-1.60818,2,1,4.8,0,0.34,0.24,0.14,0.035,0.04,0.025,0.008,0.004,0.01,0.006,0.035,0.002,1,1,1,7.35006,0,0,34.4418,1152,2,0,0,0,0,0.757748
960,1174,2,14,4,4,1,1,1.72648,1.26042,0.304306,0.954707,2,1,4.8,0,0.34,0.24,0.14,0.035,0.04,0.025,0.008,0.004,0.01,0.006,0.035,0.002,1,1,1,1.36812,0,0,28.8496,1088,2,0,0,0,0,0.523896
960,1176,2,15,4,4,1,1,2.07775,1.02982,0.781835,-1.38228,2,1,4.8,0,0.34,0.24,0.14,0.035,0.04,0.025,0.008,0.004,0.01,0.006,0.035,0.002,1,1,1,3.144,0,0,28.4247,1134,2,0,0,0,0,1.27302
960,1177,2,19,4,4,1,1,1.93257,1.20271,0.625115,-1.21826,2,1,4.8,0,0.34,0.24,0.14,0.035,0.04,0.025,0.008,0.004,0.01,0.006,0.035,0.002,1,1,1,4.45013,0,0,27.4497,1164,2,0,0,0,0,0.552791
960,1179,2,17,4,4,1,1,2.02649,1.11093,0.421189,-1.56176,2,1,4.8,0,0.34,0.24,0.14,0.035,0.04,0.025,0.008,0.004,0.01,0.006,0.035,0.002,1,1,1,0.776808,0,0,26.458,1165,2,0,0,0,0,0.690991
960,1181,2,23,4,4,1,1,1.57676,1.3321,0.330974,2.05667,2,1,4.8,0,0.34,0.24,0.14,0.035,0.04,0.025,0.008,0.004,0.01,0.006,0.035,0.002,1,1,1,2.18457,0,0,24.933,1146,2,0,0,0,0,0.651019
960,1182,2,18,4,4,1,1,1.21217,1.69481,0.494643,0.297355,2,1,4.8,0,0.34,0.24,0.14,0.035,0.04,0.025,0.008,0.004,0.01,0.006,0.035,0.002,1,1,1,3.84,0,0,24.3247,1107,2,0,0,0,0,0.5156
960,1184,2,24,4,4,1,1,1.36724,1.48754,0.278072,-2.40573,2,1,4.8,0,0.34,0.24,0.14,0.035,0.04,0.025,0.008,0.004,0.01,0.006,0.035,0.002,1,1,1,1.92,0,0,22.8081,1114,2,0,0,0,0,0.677941
960,1187,2,18,4,4,1,1,1.59548,1.39556,0.63282,0.957322,2,1,4.8,0,0.34,0.24,0.14,0.035,0.04,0.025,0.008,0.004,0.01,0.006,0.035,0.002,1,1,1,3.32322,0,0,19.6665,1130,2,0,0,0,0,0.756145
960,1188,2,20,4,4,1,1,1.47301,1.36955,0.41211,2.19058,2,1,4.8,0,0.34,0.24,0.14,0.035,0.04,0.025,0.008,0.004,0.01,0.006,0.035,0.002,1,1,1,1.728,0,0,19.2415,1177,2,0,0,0,0,0.719388
960,1191,2,23,4,4,1,1,1.89523,1.25914,0.361697,1.92567,2,1,4.8,0,0.34,0.24,0.14,0.035,0.04,0.025,0.008,0.004,0.01,0.006,0.035,0.002,1,1,1,0.0818245,0,0,15.3082,1101,2,0,0,0,0,0.546692
960,1195,2,23,4,4,1,1,2.13567,1.19521,0.191983,-1.19894,2,1,4.8,0,0.34,0.24,0.14,0.035,0.04,0.025,0.008,0.004,0.01,0.006,0.035,0.002,1,1,1,2.58791,0,0,13.9915,1146,2,0,0,0,0,1.19417
960,1198,2,18,4,4,1,1,1.196,1.55348,0.437802,-0.542627,2,1,4.8,0,0.34,0.24,0.14,0.035,0.04,0.025,0.008,0.004,0.01,0.006,0.035,0.002,1,1,1,0.6,0,0,12.8582,1107,2,0,0,0,0,0.766382
960,1209,2,18,4,4,1,1,1.54609,1.35417,0.707203,0.757913,2,1,4.8,0,0.34,0.24,0.14,0.035,0.04,0.025,0.008,0.004,0.01,0.006,0.035,0.002,1,1,1,0.968657,0,0,8.84995,1130,2,0,0,0,0,0.922802
960,1214,2,13,4,4,1,1,1.54626,2.01584,0.609841,-0.626673,2,1,4.8,0,0.34,0.24,0.14,0.035,0.04,0.025,0.008,0.004,0.01,0.006,0.035,0.002,1,1,1,2.76157,0,0,5.36667,747,2,0,0,0,0,0.526433
990,747,2,12,4,4,1,1,1.39275,1.31428,0.47061,-2.45435,2,1,4.8,0,0.34,0.24,0.14,0.035,0.04,0.025,0.008,0.004,0.01,0.006,0.035,0.002,1,1,1,58.7114,0,0,353.802,738,2,0,0,0,0,0.75973
990,1095,2,16,4,4,1,1,1.59689,1.26301,0.580147,-2.26525,2,1,4.8,0,0.34,0.24,0.14,0.035,0.04,0.025,0.008,0.004,0.01,0.006,0.035,0.002,1,1,1,16.7431,0,0,109.529,936,2,0,0,0,0,1.22468
990,1096,2,14,4,4,1,1,1.50428,1.35023,0.412087,-1.06855,2,1,4.8,0,0.34,0.24,0.14,0.035,0.04,0.025,0.008,0.004,0.01,0.006,0.035,0.002,1,1,1,14.1853,0,0,109.462,938,2,0,0,0,0,0.822174
990,1102,2,18,4,4,1,1,1.11335,1.92144,0.363772,-2.89161,2,1,4.8,0,0.34,0.24,0.14,0.035,0.04,0.025,0.008,0.004,0.01,0.006,0.035,0.002,1,1,1,15.7276,0,0,105.463,1064,2,0,0,0,0,0.682228
990,1107,2,17,4,4,1,1,1.53843,1.3308,0.383044,-1.02393,2,1,4.8,0,0.34,0.24,0.14,0.035,0.04,0.025,0.008,0.004,0.01,0.006,0.035,0.002,1,1,1,20.4426,0,0,103.963,1095,2,0,0,0,0,0.831889
990,1116,2,19,4,4,1,1,1.15808,1.95884,0.233584,-0.161113,2,1,4.8,0,0.34,0.24,0.14,0.035,0.04,0.025,0.008,0.004,0.01,0.006,0.035,0.002,1,1,1,13.5098,0,0,98.8563,1102,2,0,0,0,0,0.378039
990,1130,2,17,4,4,1,1,2.04323,1.09944,0.672719,1.21207,2,1,4.8,0,0.34,0.24,0.14,0.035,0.04,0.025,0.008,0.004,0.01,0.006,0.035,0.002,1,1,1,17.2401,0,0,89.2836,1113,2,0,0,0,0,1.25479
990,1146,2,22,4,4,1,1,1.80775,1.19455,0.292963,1.87139,2,1,4.8,0,0.34,0.24,0.14,0.035,0.04,0.025,0.008,0.004,0.01,0.006,0.035,0.002,1,1,1,13.9605,0,0,80.1775,1127,2,0,0,0,0,0.705852
990,1152,2,15,4,4,1,1,1.46377,1.53294,0.647157,-2.68533,2,1,4.8,0,0.34,0.24,0.14,0.035,0.04,0.025,0.008,0.004,0.01,0.006,0.035,0.002,1,1,1,11.7026,0,0,75.237,1134,2,0,0,0,0,0.882045
990,1156,2,20,4,4,1,1,1.8573,1.28343,0.364823,2.24856,2,1,4.8,0,0.34,0.24,0.14,0.035,0.04,0.025,0.008,0.004,0.01,0.006,0.035,0.002,1,1,1,10.2,0,0,71.088,977,2,0,0,0,0,0.569598
990,1159,2,18,4,4,1,1,1.08341,2.05779,0.444429,-0.081701,2,1,4.8,0,0.34,0.24,0.14,0.035,0.04,0.025,0.008,0.004,0.01,0.006,0.035,0.002,1,1,1,8.18144,0,0,69.5218,1100,2,0,0,0,0,0.94497
990,1164,2,18,4,4,1,1,0.988852,1.89807,0.42467,3.01083,2,1,4.8,0,0.34,0.24,0.14,0.035,0.04,0.025,0.008,0.004,0.01,0.006,0.035,0.002,1,1,1,9.20497,0,0,64.7063,1130,2,0,0,0,0,0.670217
990,1165,2,16,4,4,1,1,1.19656,1.87334,0.606085,0.0472312,2,1,4.8,0,0.34,0.24,0.14,0.035,0.04,0.025,0.008,0.004,0.01,0.006,0.035,0.002,1,1,1,12.5821,0,0,64.448,1152,2,0,0,0,0,0.525564
990,1176,2,15,4,4,1,1,1.04389,1.82531,0.241729,0.03222,2,1,4.8,0,0.34,0.24,0.14,0.035,0.04,0.025,0.008,0.004,0.01,0.006,0.035,0.002,1,1,1,6.74211,0,0,58.4302,1134,2,0,0,0,0,0.530342
990,1177,2,19,4,4,1,1,1.8689,1.17356,0.24335,1.09292,2,1,4.8,0,0.34,0.24,0.14,0.035,0.04,0.025,0.008,0.004,0.01,0.006,0.035,0.002,1,1,1,9.75413,0,0,57.455,1164,2,0,0,0,0,0.751615
990,1179,2,17,4,4,1,1,1.40574,1.81749,0.651283,0.274854,2,1,4.8,0,0.34,0.24,0.14,0.035,0.04,0.025,0.008,0.004,0.01,0.006,0.035,0.002,1,1,1,9.44081,0,0,56.4632,1165,2,0,0,0,0,0.862298
990,1182,2,18,4,4,1,1,1.07049,1.72711,0.192277,-0.222798,2,1,4.8,0,0.34,0.24,0.14,0.035,0.04,0.025,0.008,0.004,0.01,0.006,0.035,0.002,1,1,1,8.73131,0,0,54.3294,1107,2,0,0,0,0,0.722141
990,1195,2,23,4,4,1,1,1.60566,1.41421,0.364807,0.951572,2,1,4.8,0,0.34,0.24,0.14,0.035,0.04,0.025,0.008,0.004,0.01,0.006,0.035,0.002,1,1,1,6.45191,0,0,43.9938,1146,2,0,0,0,0,1.27878
990,1197,2,19,5,5,1,1,1.17994,1.66882,0.124599,2.6749,2,2,6,0,0.34,0.24,0.14,0.035,0.04,0.025,0.008,0.004,0.01,0.006,0.035,0.002,1,1,1,4.22869,0,0,43.9271,1182,2,0,0,0,0,0.692578
990,1213,2,24,4,4,1,1,1.91628,1.19651,0.429058,1.56758,2,1,4.8,0,0.34,0.24,0.14,0.035,0.04,0.025,0.008,0.004,0.01,0.006,0.035,0.002,1,1,1,8.47778,0,0,36.3589,1195,2,0,0,0,0,0.878469
990,1214,2,13,4,4,1,1,1.85062,1.18933,0.470741,-1.90965,2,1,4.8,0,0.34,0.24,0.14,0.035,0.04,0.025,0.008,0.004,0.01,0.006,0.035,0.002,1,1,1,8.59938,0,0,35.367,747,2,0,0,0,0,1.01135
990,1221,2,18,4,4,1,1,1.25941,1.68524,0.297426,-2.71963,2,1,4.8,0,0.34,0.24,0.14,0.035,0.04,0.025,0.008,0.004,0.01,0.006,0.035,0.002,1,1,1,3.85707,0,0,32.0413,1107,2,0,0,0,0,0.581004
990,1222,2,14,4,4,1,1,1.28427,1.53452,0.411453,-0.4097,2,1,4.8,0,0.34,0.24,0.14,0.035,0.04,0.025,0.008,0.004,0.01,0.006,0.035,0.002,1,1,1,3.95456,0,0,30.5663,1214,2,0,0,0,0,1.2693
990,1227,2,25,4,4,1,1,1.19834,1.9646,0.342903,-3.04651,2,1,4.8,0,0.34,0.24,0.14,0.035,0.04,0.025,0.008,0.004,0.01,0.006,0.035,0.002,1,1,1,5.25528,0,0,28.1997,1213,2,0,0,0,0,0.893808
990,1229,2,17,4,4,1,1,1.11809,2.03968,0.373135,2.75125,2,1,4.8,0,0.34,0.24,0.14,0.035,0.04,0.025,0.008,0.004,0.01,0.006,0.035,0.002,1,1,1,2.86488,0,0,27.1913,1165,2,0,0,0,0,0.526262
990,1239,2,18,5,5,1,1,1.76791,1.09956,0.336862,1.55022,2,1,6,0,0.34,0.24,0.14,0.035,0.04,0.025,0.008,0.004,0.01,0.006,0.035,0.002,1,1,1,1.88305,0,0,21.2248,1107,2,0,0,0,0,0.659695
990,1242,2,14,4,4,1,1,2.14061,0.993032,0.351412,-1.54335,2,0,7.8,0,0.34,0.24,0.14,0.035,0.04,0.025,0.008,0.004,0.01,0.006,0.035,0.002,1,1,1,1.824,0,0,19.7498,1214,2,0,0,0,0,0.523932
990,1243,2,21,4,4,1,1,1.86104,1.15709,0.425177,-1.22899,2,1,4.8,0,0.34,0.24,0.14,0.035,0.04,0.025,0.008,0.004,0.01,0.006,0.035,0.002,1,1,1,3.744,0,0,19.2248,1156,2,0,0,0,0,0.918363
990,1244,2,26,4,4,1,1,1.93188,1.25833,0.364211,-1.03491,2,1,4.8,0,0.34,0.24,0.14,0.035,0.04,0.025,0.008,0.004,0.01,0.006,0.035,0.002,1,1,1,1.2,0,0,16.9248,1227,2,0,0,0,0,0.534786
990,1245,2,18,4,4,1,1,1.85839,1.28179,0.490731,-1.41294,2,1,4.8,0,0.34,0.24,0.14,0.035,0.04,0.025,0.008,0.004,0.01,0.006,0.035,0.002,1,1,1,2.4,0,0,16.4915,1179,2,0,0,0,0,1.24235
990,1252,2,25,4,4,1,1,1.25967,2.16518,0.864345,2.6796,2,1,4.8,0,0.34,0.24,0.14,0.035,0.04,0.025,0.008,0.004,0.01,0.006,0.035,0.002,1,1,1,1.8,0,0,10.9083,1213,2,0,0,0,0,1.26675
990,1253,2,22,4,4,1,1,2.17579,1.1345,0.770422,-1.78584,2,1,4.8,0,0.34,0.24,0.14,0.035,0.04,0.025,0.008,0.004,0.01,0.006,0.035,0.002,1,1,1,4.80085,0,0,10.2499,1243,2,0,0,0,0,1.01725
990,1263,2,23,4,4,1,1,2.00998,1.02804,0.677246,2.03509,2,1,4.8,0,0.34,0.24,0.14,0.035,0.04,0.025,0.008,0.004,0.01,0.006,0.035,0.002,1,1,1,1.56,0,0,5.45,1253,2,0,0,0,0,1.27878
1020,747,2,12,4,4,1,1,1.38872,1.43862,0.416212,-2.66199,2,1,4.8,0,0.34,0.24,0.14,0.035,0.04,0.025,0.008,0.004,0.01,0.006,0.035,0.002,1,1,1,63.5254,0,0,383.795,738,2,0,0,0,0,0.50148
1020,1095,2,16,4,4,1,1,1.34942,1.54384,0.539769,0.608241,2,1,4.8,0,0.34,0.24,0.14,0.035,0.04,0.025,0.008,0.004,0.01,0.006,0.035,0.002,1,1,1,21.1976,0,0,139.521,936,2,0,0,0,0,0.74131
1020,1102,2,18,4,4,1,1,1.64737,1.27956,0.642921,1.13231,2,1,4.8,0,0.34,0.24,0.14,0.035,0.04,0.025,0.008,0.004,0.01,0.006,0.035,0.002,1,1,1,22.2316,0,0,135.456,1064,2,0,0,0,0,1.12611
1020,1107,2,17,4,4,1,1,1.16274,1.65527,0.419607,-0.418238,2,1,4.8,0,0.34,0.24,0.14,0.035,0.04,0.025,0.008,0.004,0.01,0.006,0.035,0.002,1,1,1,22.9092,0,0,133.956,1095,2,0,0,0,0,0.58227
1020,1116,2,19,4,4,1,1,1.8088,1.23747,0.346332,-1.85844,2,1,4.8,0,0.34,0.24,0.14,0.035,0.04,0.025,0.008,0.004,0.01,0.006,0.035,0.002,1,1,1,15.9855,0,0,128.849,1102,2,0,0,0,0,0.660095
1020,1130,2,17,4,4,1,1,1.91571,1.14695,0.33889,1.20108,2,1,4.8,0,0.34,0.24,0.14,0.035,0.04,0.025,0.008,0.004,0.01,0.006,0.035,0.002,1,1,1,23.7846,0,0,119.276,1113,2,0,0,0,0,0.771121
1020,1146,2,22,4,4,1,1,1.35137,1.70808,0.51502,0.66615,2,1,4.8,0,0.34,0.24,0.14,0.035,0.04,0.025,0.008,0.004,0.01,0.006,0.035,0.002,1,1,1,23.8544,0,0,110.17,1127,2,0,0,0,0,0.591744
1020,1156,2,20,4,4,1,1,1.228,1.86354,0.203591,0.453672,2,1,4.8,0,0.34,0.24,0.14,0.035,0.04,0.025,0.008,0.004,0.01,0.006,0.035,0.002,1,1,1,13.8165,0,0,101.081,977,2,0,0,0,0,0.388482
1020,1165,2,16,4,4,1,1,1.75205,1.3793,0.30672,-1.19555,2,1,4.8,0,0.34,0.24,0.14,0.035,0.04,0.025,0.008,0.004,0.01,0.006,0.035,0.002,1,1,1,17.4061,0,0,94.4407,1152,2,0,0,0,0,1.23458
1020,1177,2,19,4,4,1,1,1.76288,1.21861,0.361925,-2.01385,2,1,4.8,0,0.34,0.24,0.14,0.035,0.04,0.025,0.008,0.004,0.01,0.006,0.035,0.002,1,1,1,13.9798,0,0,87.4507,1164,2,0,0,0,0,1.06585
1020,1179,2,17,4,4,1,1,1.44989,1.44351,0.0676388,-2.4896,2,1,4.8,0,0.34,0.24,0.14,0.035,0.04,0.025,0.008,0.004,0.01,0.006,0.035,0.002,1,1,1,13.3172,0,0,86.4593,1165,2,0,0,0,0,0.522226
1020,1182,2,18,4,4,1,1,1.20997,1.48802,0.402422,-0.657171,2,1,4.8,0,0.34,0.24,0.14,0.035,0.04,0.025,0.008,0.004,0.01,0.006,0.035,0.002,1,1,1,16.2137,0,0,84.3265,1107,2,0,0,0,0,1.08237
1020,1213,2,24,4,4,1,1,1.56993,1.29494,0.10424,-2.11921,2,1,4.8,0,0.34,0.24,0.14,0.035,0.04,0.025,0.008,0.004,0.01,0.006,0.035,0.002,1,1,1,15.3005,0,0,66.3642,1195,2,0,0,0,0,0.529411
1020,1242,2,14,4,4,1,1,1.78524,1.33854,0.15748,2.16401,2,0,7.8,0,0.34,0.24,0.14,0.035,0.04,0.025,0.008,0.004,0.01,0.006,0.035,0.002,1,1,1,5.064,0,0,49.7534,1214,2,0,0,0,0,0.523932
1020,1243,2,21,4,4,1,1,1.38994,1.42859,0.502901,0.783619,2,1,4.8,0,0.34,0.24,0.14,0.035,0.04,0.025,0.008,0.004,0.01,0.006,0.035,0.002,1,1,1,8.23309,0,0,49.2283,1156,2,0,0,0,0,0.46551
1020,1245,2,18,4,4,1,1,1.02275,1.87056,0.460682,2.96832,2,1,4.8,0,0.34,0.24,0.14,0.035,0.04,0.025,0.008,0.004,0.01,0.006,0.035,0.002,1,1,1,7.46207,0,0,46.4944,1179,2,0,0,0,0,1.27878
1020,1246,2,19,4,4,1,1,1.47191,1.21286,0.724938,0.889206,2,1,4.8,0,0.34,0.24,0.14,0.035,0.04,0.025,0.008,0.004,0.01,0.006,0.035,0.002,1,1,1,0.96,0,0,45.8192,1182,2,0,0,0,0,1.27844
1020,1249,2,18,4,4,1,1,1.68788,1.26504,0.54633,-2.26055,2,1,4.8,0,0.34,0.24,0.14,0.035,0.04,0.025,0.008,0.004,0.01,0.006,0.035,0.002,1,1,1,8.20406,0,0,42.3601,1130,2,0,0,0,0,1.09077
1020,1253,2,22,4,4,1,1,2.10181,1.18865,0.519719,1.39223,2,1,4.8,0,0.34,0.24,0.14,0.035,0.04,0.025,0.008,0.004,0.01,0.006,0.035,0.002,1,1,1,10.4063,0,0,40.2514,1243,2,0,0,0,0,0.850156
1020,1257,2,19,4,4,1,1,1.08976,2.1533,0.0786651,-2.96813,2,1,4.8,0,0.34,0.24,0.14,0.035,0.04,0.025,0.008,0.004,0.01,0.006,0.035,0.002,1,1,1,4.72993,0,0,37.7508,1245,2,0,0,0,0,0.583363
1020,1263,2,23,4,4,1,1,1.13464,1.72695,0.206622,-0.139165,2,1,4.8,0,0.34,0.24,0.14,0.035,0.04,0.025,0.008,0.004,0.01,0.006,0.035,0.002,1,1,1,7.56,0,0,35.4503,1253,2,0,0,0,0,0.663912
1020,1264,2,20,4,4,1,1,1.58852,1.3359,0.905204,-1.04218,2,1,4.8,0,0.34,0.24,0.14,0.035,0.04,0.025,0.008,0.004,0.01,0.006,0.035,0.002,1,1,1,2.568,0,0,35.3837,1177,2,0,0,0,0,0.938809
1020,1268,2,18,4,4,1,1,1.33534,1.77044,0.323609,-2.89737,2,1,4.8,0,0.34,0.24,0.14,0.035,0.04,0.025,0.008,0.004,0.01,0.006,0.035,0.002,1,1,1,5.808,0,0,32.108,1179,2,0,0,0,0,1.26754
1020,1270,2,24,4,4,1,1,1.7137,1.18297,0.110903,1.38472,1,1,7.8,0,0.34,0.24,0.14,0.035,0.04,0.025,0.008,0.004,0.01,0.006,0.035,0.002,1,1,1,1.944,0,0,30.6496,1263,2,0,0,0,0,0
1020,1276,2,19,4,4,1,1,1.8891,1.10937,0.539827,-1.92961,2,1,4.8,0,0.34,0.24,0.14,0.035,0.04,0.025,0.008,0.004,0.01,0.006,0.035,0.002,1,1,1,2.52,0,0,27.008,1249,2,0,0,0,0,0.528944
1020,1279,2,23,4,4,1,1,1.25462,1.72525,0.236787,-0.355491,2,1,4.8,0,0.34,0.24,0.14,0.035,0.04,0.025,0.008,0.004,0.01,0.006,0.035,0.002,1,1,1,2.49727,0,0,24.633,1253,2,0,0,0,0,0.565469
1020,1280,2,25,4,4,1,1,1.26311,1.57405,0.509646,-0.230854,2,1,4.8,0,0.34,0.24,0.14,0.035,0.04,0.025,0.008,0.004,0.01,0.006,0.035,0.002,1,1,1,4.2,0,0,24.483,1213,2,0,0,0,0,1.26675
1020,1281,2,19,4,4,1,1,1.01277,2.31655,0.612411,3.08036,2,1,4.8,0,0.34,0.24,0.14,0.035,0.04,0.025,0.008,0.004,0.01,0.006,0.035,0.002,1,1,1,5.04,0,0,23.6664,1268,2,0,0,0,0,0.721601
1020,1282,2,18,4,4,1,1,2.20464,0.973869,0.568291,-1.33736,2,1,4.8,0,0.34,0.24,0.14,0.035,0.04,0.025,0.008,0.004,0.01,0.006,0.035,0.002,1,1,1,4.09717,0,0,20.9914,1130,2,0,0,0,0,1.27259
1020,1283,2,24,4,4,1,1,1.79353,1.15832,0.417927,1.36729,2,1,4.8,0,0.34,0.24,0.14,0.035,0.04,0.025,0.008,0.004,0.01,0.006,0.035,0.002,1,1,1,2.592,0,0,19.8331,1263,2,0,0,0,0,1.14385
1020,1285,2,23,4,4,1,1,1.31672,1.26434,0.490789,2.514,2,1,4.8,0,0.34,0.24,0.14,0.035,0.04,0.025,0.008,0.004,0.01,0.006,0.035,0.002,1,1,1,0.782967,0,0,18.3748,1146,2,0,0,0,0,1.24733
1020,1294,2,19,4,4,1,1,1.33412,1.37436,0.565495,-0.478114,2,1,4.8,0,0.34,0.24,0.14,0.035,0.04,0.025,0.008,0.004,0.01,0.006,0.035,0.002,1,1,1,3.31206,0,0,12.6832,1102,2,0,0,0,0,0.912666
1020,1303,2,20,4,4,1,1,1.00079,1.93533,0.191722,-2.91488,2,1,4.8,0,0.34,0.24,0.14,0.035,0.04,0.025,0.008,0.004,0.01,0.006,0.035,0.002,1,1,1,0.137031,0,0,7.32497,1294,2,0,0,0,0,0.917314
1020,1305,2,23,4,4,1,1,1.93372,1.12481,0.16964,-1.25868,2,1,4.8,0,0.34,0.24,0.14,0.035,0.04,0.025,0.008,0.004,0.01,0.006,0.035,0.002,1,1,1,0.754903,0,0,5.65833,1146,2,0,0,0,0,0.826611
1020,1307,2,20,4,4,1,1,1.38779,1.46546,0.250774,-0.622047,2,1,4.8,0,0.34,0.24,0.14,0.035,0.04,0.025,0.008,0.004,0.01,0.006,0.035,0.002,1,1,1,0.227578,0,0,5.19167,1281,2,0,0,0,0,0.560868
1050,747,2,12,4,4,1,1,1.40683,1.45371,0.501143,0.619333,2,1,4.8,0,0.34,0.24,0.14,0.035,0.04,0.025,0.008,0.004,0.01,0.006,0.035,0.002,1,1,1,68.4963,0,0,413.788,738,2,0,0,0,0,0.522904
1050,1095,2,16,4,4,1,1,1.78107,1.11498,0.500406,-1.88402,2,1,4.8,0,0.34,0.24,0.14,0.035,0.04,0.025,0.008,0.004,0.01,0.006,0.035,0.002,1,1,1,25.8776,0,0,169.514,936,2,0,0,0,0,0.706897
1050,1102,2,18,4,4,1,1,1.28143,1.66982,0.492357,2.71122,2,1,4.8,0,0.34,0.24,0.14,0.035,0.04,0.025,0.008,0.004,0.01,0.006,0.035,0.002,1,1,1,26.4316,0,0,165.448,1064,2,0,0,0,0,0.539854
1050,1146,2,22,4,4,1,1,2.00132,1.14723,0.441985,1.64282,2,1,4.8,0,0.34,0.24,0.14,0.035,0.04,0.025,0.008,0.004,0.01,0.006,0.035,0.002,1,1,1,29.6144,0,0,140.163,1127,2,0,0,0,0,1.20482
1050,1156,2,20,4,4,1,1,1.2531,1.74016,0.325608,0.396883,2,1,4.8,0,0.34,0.24,0.14,0.035,0.04,0.025,0.008,0.004,0.01,0.006,0.035,0.002,1,1,1,18.6277,0,0,131.073,977,2,0,0,0,0,0.451259
1050,1165,2,16,4,4,1,1,1.66029,1.29454,0.328598,-2.31474,2,1,4.8,0,0.34,0.24,0.14,0.035,0.04,0.025,0.008,0.004,0.01,0.006,0.035,0.002,1,1,1,21.0061,0,0,124.433,1152,2,0,0,0,0,0.75604
1050,1179,2,17,4,4,1,1,0.977831,2.13546,0.545526,3.01287,2,1,4.8,0,0.34,0.24,0.14,0.035,0.04,0.025,0.008,0.004,0.01,0.006,0.035,0.002,1,1,1,18.7172,0,0,116.452,1165,2,0,0,0,0,1.00631
1050,1182,2,18,4,4,1,1,1.42642,1.22196,0.395233,-2.28622,2,1,4.8,0,0.34,0.24,0.14,0.035,0.04,0.025,0.008,0.004,0.01,0.006,0.035,0.002,1,1,1,22.4915,0,0,114.319,1107,2,0,0,0,0,1.16237
1050,1213,2,24,4,4,1,1,1.27161,1.43947,0.0912151,2.78013,2,1,4.8,0,0.34,0.24,0.14,0.035,0.04,0.025,0.008,0.004,0.01,0.006,0.035,0.002,1,1,1,19.5005,0,0,96.3569,1195,2,0,0,0,0,0.97663
1050,1233,2,13,4,4,1,1,1.20342,1.72736,0.411496,2.93283,2,1,4.8,0,0.34,0.24,0.14,0.035,0.04,0.025,0.008,0.004,0.01,0.006,0.035,0.002,1,1,1,10.0667,0,0,84.2015,747,2,0,0,0,0,0.491936
1050,1242,2,14,4,4,1,1,1.85717,0.987841,0.317211,1.49316,2,0,7.8,0,0.34,0.24,0.14,0.035,0.04,0.025,0.008,0.004,0.01,0.006,0.035,0.002,1,1,1,6.31561,0,0,79.7526,1214,2,0,0,0,0,0.523932
1050,1246,2,19,4,4,1,1,1.0655,1.80316,0.335361,0.120174,2,1,4.8,0,0.34,0.24,0.14,0.035,0.04,0.025,0.008,0.004,0.01,0.006,0.035,0.002,1,1,1,8.9983,0,0,75.8202,1182,2,0,0,0,0,0.904918
1050,1249,2,18,4,4,1,1,1.98656,1.02264,0.566101,1.34816,2,1,4.8,0,0.34,0.24,0.14,0.035,0.04,0.025,0.008,0.004,0.01,0.006,0.035,0.002,1,1,1,12.2329,0,0,72.3627,1130,2,0,0,0,0,0.939628
1050,1257,2,19,3,4,1,0,0.968675,0.944783,0.0148652,3.1206,1,1,3.6,0,0.34,0.24,0.14,0.035,0.04,0.025,0.008,0.004,0.01,0.006,0.035,0.002,1,1,1,5.16,0,0,67.7555,1245,2,0,0,0,0,0
1050,1263,2,23,4,4,1,1,1.17695,1.6562,0.241938,2.94608,2,1,4.8,0,0.34,0.24,0.14,0.035,0.04,0.025,0.008,0.004,0.01,0.006,0.035,0.002,1,1,1,11.4,0,0,65.4561,1253,2,0,0,0,0,0.453847
1050,1268,2,18,4,4,1,1,1.12404,2.11115,0.509229,2.46043,2,1,4.8,0,0.34,0.24,0.14,0.035,0.04,0.025,0.008,0.004,0.01,0.006,0.035,0.002,1,1,1,10.6163,0,0,62.1144,1179,2,0,0,0,0,1.08029
1050,1276,2,19,4,4,1,1,1.12932,2.05441,0.288136,-2.81457,2,1,4.8,0,0.34,0.24,0.14,0.035,0.04,0.025,0.008,0.004,0.01,0.006,0.035,0.002,1,1,1,6.88502,0,0,57.0133,1249,2,0,0,0,0,1.04305
1050,1280,2,25,4,4,1,1,1.85585,1.19256,0.337359,1.45973,2,1,4.8,0,0.34,0.24,0.14,0.035,0.04,0.025,0.008,0.004,0.01,0.006,0.035,0.002,1,1,1,10.92,0,0,54.4877,1213,2,0,0,0,0,1.0739
1050,1281,2,19,4,4,1,1,1.97188,1.14562,0.295216,1.39283,2,1,4.8,0,0.34,0.24,0.14,0.035,0.04,0.025,0.008,0.004,0.01,0.006,0.035,0.002,1,1,1,6.408,0,0,53.6709,1268,2,0,0,0,0,0
1050,1282,2,18,4,4,1,1,1.78886,1.21318,0.38454,1.71587,2,1,4.8,0,0.34,0.24,0.14,0.035,0.04,0.025,0.008,0.004,0.01,0.006,0.035,0.002,1,1,1,7.34654,0,0,50.9953,1130,2,0,0,0,0,0.78099
1050,1283,2,24,4,4,1,1,1.33072,1.35012,0.128501,0.928177,2,1,4.8,0,0.34,0.24,0.14,0.035,0.04,0.025,0.008,0.004,0.01,0.006,0.035,0.002,1,1,1,5.77711,0,0,49.8367,1263,2,0,0,0,0,0.713553
1050,1285,2,23,4,4,1,1,1.76931,1.20438,0.225128,-1.81733,2,1,4.8,0,0.34,0.24,0.14,0.035,0.04,0.025,0.008,0.004,0.01,0.006,0.035,0.002,1,1,1,4.62297,0,0,48.3781,1146,2,0,0,0,0,0.514037
1050,1292,2,19,4,4,1,1,0.981782,2.05224,0.124094,2.98698,2,1,4.8,0,0.34,0.24,0.14,0.035,0.04,0.025,0.008,0.004,0.01,0.006,0.035,0.002,1,1,1,5.328,0,0,46.1943,1282,2,0,0,0,0,0.513668
1050,1302,2,25,4,4,1,1,1.4603,1.31594,0.519844,-2.24242,2,1,4.8,0,0.34,0.24,0.14,0.035,0.04,0.025,0.008,0.004,0.01,0.006,0.035,0.002,1,1,1,2.52,0,0,38.1259,1213,2,0,0,0,0,0.802944
1050,1303,2,20,4,4,1,1,1.04366,2.15794,0.205487,0.0403744,2,1,4.8,0,0.34,0.24,0.14,0.035,0.04,0.025,0.008,0.004,0.01,0.006,0.035,0.002,1,1,1,5.42989,0,0,37.3257,1294,2,0,0,0,0,0.63571
1050,1304,2,26,4,4,1,1,1.51497,1.28735,0.296337,-2.05001,2,1,4.8,0,0.34,0.24,0.14,0.035,0.04,0.025,0.008,0.004,0.01,0.006,0.035,0.002,1,1,1,3.8923,0,0,37.1757,1280,2,0,0,0,0,0.513129
1050,1307,2,20,4,4,1,1,2.20259,1.07563,0.446854,-1.69414,2,1,4.8,0,0.34,0.24,0.14,0.035,0.04,0.025,0.008,0.004,0.01,0.006,0.035,0.002,1,1,1,4.18758,0,0,35.1919,1281,2,0,0,0,0,0.70228
1050,1312,2,19,5,5,1,1,1.91245,1.93101,0.505379,-1.63582,3,1,6,0,0.34,0.24,0.14,0.035,0.04,0.025,0.008,0.004,0.01,0.006,0.035,0.002,1,1,1,3.69837,0,0,33.3499,1249,2,0,0,0,0,1.12238
1050,1313,2,19,4,4,1,1,1.36416,1.39366,0.558671,-2.38883,2,1,4.8,0,0.34,0.24,0.14,0.035,0.04,0.025,0.008,0.004,0.01,0.006,0.035,0.002,1,1,1,4.36054,0,0,33.0248,1182,2,0,0,0,0,0.527412
1050,1320,2,18,4,4,1,1,1.22932,1.82797,0.345299,2.54386,2,1,4.8,0,0.34,0.24,0.14,0.035,0.04,0.025,0.008,0.004,0.01,0.006,0.035,0.002,1,1,1,1.79321,0,0,28.3747,1272,2,0,0,0,0,0.694238
1050,1322,2,14,3,3,1,0,0.905349,1.20789,0.00165027,-0.364324,1,1,3.6,0,0.34,0.24,0.14,0.035,0.04,0.025,0.008,0.004,0.01,0.006,0.035,0.002,1,1,1,1.77738,0,0,27.4663,1233,2,0,0,0,0,0
1050,1328,2,26,4,4,1,1,1.20337,1.94084,0.392475,-3.05808,2,1,4.8,0,0.34,0.24,0.14,0.035,0.04,0.025,0.008,0.004,0.01,0.006,0.035,0.002,1,1,1,0.384,0,0,22.5914,1280,2,0,0,0,0,0.753843
1050,1341,2,23,5,5,1,1,2.57069,1.48898,0.492976,2.99262,2,1,6,0,0.34,0.24,0.14,0.035,0.04,0.025,0.008,0.004,0.01,0.006,0.035,0.002,1,1,1,1.92,0,0,13.9665,1146,2,0,0,0,0,1.08444
1080,747,2,12,4,4,1,1,2.05012,1.14521,0.204571,-2.04908,2,1,4.8,0,0.34,0.24,0.14,0.035,0.04,0.025,0.008,0.004,0.01,0.006,0.035,0.002,1,1,1,72.0963,0,0,443.78,738,2,0,0,0,0,0.837703
1080,1095,2,16,4,4,1,1,1.11158,1.77575,0.607526,2.84776,2,1,4.8,0,0.34,0.24,0.14,0.035,0.04,0.025,0.008,0.004,0.01,0.006,0.035,0.002,1,1,1,31.6856,0,0,199.507,936,2,0,0,0,0,1.25652
1080,1102,2,18,4,4,1,1,1.37595,1.67289,0.295025,-2.39913,2,1,4.8,0,0.34,0.24,0.14,0.035,0.04,0.025,0.008,0.004,0.01,0.006,0.035,0.002,1,1,1,31.0868,0,0,195.441,1064,2,0,0,0,0,0.386232
1080,1156,2,20,4,4,1,1,1.15464,1.8016,0.179324,0.243368,2,1,4.8,0,0.34,0.24,0.14,0.035,0.04,0.025,0.008,0.004,0.01,0.006,0.035,0.002,1,1,1,20.4517,0,0,161.066,977,2,0,0,0,0,0.7359
1080,1179,2,17,4,4,1,1,1.48445,1.44677,0.381334,0.659652,2,1,4.8,0,0.34,0.24,0.14,0.035,0.04,0.025,0.008,0.004,0.01,0.006,0.035,0.002,1,1,1,25.0052,0,0,146.445,1165,2,0,0,0,0,1.15747
1080,1233,2,13,4,4,1,1,1.33039,1.68069,0.603359,-2.64297,2,1,4.8,0,0.34,0.24,0.14,0.035,0.04,0.025,0.008,0.004,0.01,0.006,0.035,0.002,1,1,1,16.1359,0,0,114.194,747,2,0,0,0,0,1.2692
1080,1246,2,19,4,4,1,1,1.37691,1.2268,0.367499,0.795398,2,1,4.8,0,0.34,0.24,0.14,0.035,0.04,0.025,0.008,0.004,0.01,0.006,0.035,0.002,1,1,1,17.0945,0,0,105.813,1182,2,0,0,0,0,0.500053
1080,1249,2,18,4,4,1,1,1.54259,1.39594,0.665179,-2.36192,2,1,4.8,0,0.34,0.24,0.14,0.035,0.04,0.025,0.008,0.004,0.01,0.006,0.035,0.002,1,1,1,15.931,0,0,102.355,1130,2,0,0,0,0,1.09806
1080,1263,2,23,4,4,1,1,1.14359,1.87606,0.50218,3.04372,2,1,4.8,0,0.34,0.24,0.14,0.035,0.04,0.025,0.008,0.004,0.01,0.006,0.035,0.002,1,1,1,16.0375,0,0,95.4488,1253,2,0,0,0,0,0.857436
1080,1268,2,18,4,4,1,1,1.8952,1.14489,0.277329,1.23752,2,1,4.8,0,0.34,0.24,0.14,0.035,0.04,0.025,0.008,0.004,0.01,0.006,0.035,0.002,1,1,1,14.199,0,0,92.1079,1179,2,0,0,0,0,1.00194
1080,1280,2,25,4,4,1,1,1.19682,2.17019,0.483914,-2.99864,2,1,4.8,0,0.34,0.24,0.14,0.035,0.04,0.025,0.008,0.004,0.01,0.006,0.035,0.002,1,1,1,18.9948,0,0,84.4848,1213,2,0,0,0,0,0.529342
1080,1302,2,25,4,4,1,1,1.19759,1.94726,0.896155,-0.0766144,2,1,4.8,0,0.34,0.24,0.14,0.035,0.04,0.025,0.008,0.004,0.01,0.006,0.035,0.002,1,1,1,10.5666,0,0,68.1304,1213,2,0,0,0,0,0.964204
1080,1304,2,26,3,4,1,0,1.18766,1.05139,0.00201464,0.136209,1,1,3.6,0,0.34,0.24,0.14,0.035,0.04,0.025,0.008,0.004,0.01,0.006,0.035,0.002,1,1,1,4.82651,0,0,67.1807,1280,2,0,0,0,0,0
1080,1313,2,19,4,4,1,1,1.8432,1.07122,0.485052,1.29592,2,1,4.8,0,0.34,0.24,0.14,0.035,0.04,0.025,0.008,0.004,0.01,0.006,0.035,0.002,1,1,1,9.28054,0,0,63.0312,1182,2,0,0,0,0,1.26377
1080,1317,2,19,4,4,1,1,1.19487,2.03452,0.244596,2.77845,2,1,4.8,0,0.34,0.24,0.14,0.035,0.04,0.025,0.008,0.004,0.01,0.006,0.035,0.002,1,1,1,4.87537,0,0,60.3056,1268,2,0,0,0,0,0
1080,1320,2,18,4,4,1,1,2.04794,1.04497,0.331581,1.2034,2,1,4.8,0,0.34,0.24,0.14,0.035,0.04,0.025,0.008,0.004,0.01,0.006,0.035,0.002,1,1,1,6.83321,0,0,58.3802,1272,2,0,0,0,0,0.530906
1080,1322,2,14,3,3,1,0,0.825813,1.28268,0.193976,-0.551544,1,1,3.6,0,0.34,0.24,0.14,0.035,0.04,0.025,0.008,0.004,0.01,0.006,0.035,0.002,1,1,1,5.25738,0,0,57.4717,1233,2,0,0,0,0,0
1080,1338,2,14,4,4,1,1,1.17167,1.59936,0.174697,0.185628,2,1,4.8,0,0.34,0.24,0.14,0.035,0.04,0.025,0.008,0.004,0.01,0.006,0.035,0.002,1,1,1,3.53843,0,0,46.161,1233,2,0,0,0,0,1.05784
1080,1341,2,23,3,5,1,0,1.25409,0.790866,0.0673057,-0.331232,1,1,3.6,0,0.34,0.24,0.14,0.035,0.04,0.025,0.008,0.004,0.01,0.006,0.035,0.002,1,1,1,2.33839,0,0,43.9688,1146,2,0,0,0,0,0
1080,1346,2,18,4,4,1,1,1.04419,1.88385,0.360395,2.97396,2,1,4.8,0,0.34,0.24,0.14,0.035,0.04,0.025,0.008,0.004,0.01,0.006,0.035,0.002,1,1,1,3.024,0,0,40.018,1179,2,0,0,0,0,0.592124
1080,1349,2,20,4,4,1,1,1.94342,1.06156,0.336644,1.37328,2,1,4.8,0,0.34,0.24,0.14,0.035,0.04,0.025,0.008,0.004,0.01,0.006,0.035,0.002,1,1,1,6.144,0,0,37.4258,1313,2,0,0,0,0,0.801812
1080,1351,38,20,5,5,1,2,1.89001,1.24918,0.168134,-3.12026,3,1,6,0,0.34,0.24,0.14,0.035,0.04,0.025,0.008,0.004,0.01,0.006,0.035,0.002,1,1,1,5.67813,0,0,34.5418,1246,2,0,0,0,0,0.788073
1080,1359,2,26,4,4,1,1,1.81721,1.28617,0.604739,2.30362,2,1,4.8,0,0.34,0.24,0.14,0.035,0.04,0.025,0.008,0.004,0.01,0.006,0.035,0.002,1,1,1,7.008,0,0,29.2913,1280,2,0,0,0,0,0.978659
1080,1367,2,26,4,4,1,1,1.42209,1.38634,0.0457305,2.2827,2,1,4.8,0,0.34,0.24,0.14,0.035,0.04,0.025,0.008,0.004,0.01,0.006,0.035,0.002,1,1,1,0.48,0,0,24.433,1302,2,0,0,0,0,0.518629
1080,1369,2,20,4,4,1,1,1.33227,1.61085,0.161799,0.450255,2,1,4.8,0,0.34,0.24,0.14,0.035,0.04,0.025,0.008,0.004,0.01,0.006,0.035,0.002,1,1,1,3.38363,0,0,22.5247,1246,2,0,0,0,0,0.710903
1080,1373,2,17,4,4,1,1,1.21267,1.39027,0.312586,-0.788771,2,1,4.8,0,0.34,0.24,0.14,0.035,0.04,0.025,0.008,0.004,0.01,0.006,0.035,0.002,1,1,1,1.32,0,0,17.8831,1095,2,0,0,0,0,0.665174
1080,1377,2,27,4,4,1,1,1.77318,1.19062,0.405352,-1.76496,2,1,4.8,0,0.34,0.24,0.14,0.035,0.04,0.025,0.008,0.004,0.01,0.006,0.035,0.002,1,1,1,0.984,0,0,15.6665,1359,2,0,0,0,0,0.633409
1080,1379,2,21,4,4,1,1,1.15363,1.62767,0.144222,2.72474,2,1,4.8,0,0.34,0.24,0.14,0.035,0.04,0.025,0.008,0.004,0.01,0.006,0.035,0.002,1,1,1,1.56,0,0,14.7165,1349,2,0,0,0,0,0.657214
1080,1383,2,26,4,4,1,1,1.18859,2.14247,0.215158,0.257369,2,1,4.8,0,0.34,0.24,0.14,0.035,0.04,0.025,0.008,0.004,0.01,0.006,0.035,0.002,1,1,1,1.39973,0,0,13.1999,1280,2,0,0,0,0,1.04302
1080,1386,2,20,4,4,1,1,1.10004,1.8187,0.22833,-2.99341,2,1,4.8,0,0.34,0.24,0.14,0.035,0.04,0.025,0.008,0.004,0.01,0.006,0.035,0.002,1,1,1,2.38506,0,0,11.7082,1246,2,0,0,0,0,1.26736
1110,1095,2,16,4,4,1,1,1.77369,1.09782,0.43638,-1.71323,2,1,4.8,0,0.34,0.24,0.14,0.035,0.04,0.025,0.008,0.004,0.01,0.006,0.035,0.002,1,1,1,38.6456,0,0,229.499,936,2,0,0,0,0,1.04767
1110,1102,2,18,4,4,1,1,1.74641,1.30708,0.262004,2.05427,2,1,4.8,0,0.34,0.24,0.14,0.035,0.04,0.025,0.008,0.004,0.01,0.006,0.035,0.002,1,1,1,34.3521,0,0,225.434,1064,2,0,0,0,0,0.557769
1110,1179,2,17,4,4,1,1,2.03738,1.12127,0.574497,1.22559,2,1,4.8,0,0.34,0.24,0.14,0.035,0.04,0.025,0.008,0.004,0.01,0.006,0.035,0.002,1,1,1,30.8044,0,0,176.437,1165,2,0,0,0,0,0.527266
1110,1246,2,19,4,4,1,1,1.48419,1.35549,0.247423,2.10151,2,1,4.8,0,0.34,0.24,0.14,0.035,0.04,0.025,0.008,0.004,0.01,0.006,0.035,0.002,1,1,1,20.8992,0,0,135.806,1182,2,0,0,0,0,0.516607
1110,1263,2,23,4,4,1,1,1.28548,1.6834,0.271676,-0.470399,2,1,4.8,0,0.34,0.24,0.14,0.035,0.04,0.025,0.008,0.004,0.01,0.006,0.035,0.002,1,1,1,21.9415,0,0,125.441,1253,2,0,0,0,0,1.13883
1110,1280,2,25,4,4,1,1,1.70118,1.26292,0.396499,-1.2575,2,1,4.8,0,0.34,0.24,0.14,0.035,0.04,0.025,0.008,0.004,0.01,0.006,0.035,0.002,1,1,1,24.4776,0,0,114.477,1213,2,0,0,0,0,0.596299
1110,1302,2,25,4,4,1,1,1.88181,1.29018,0.106531,2.05961,2,1,4.8,0,0.34,0.24,0.14,0.035,0.04,0.025,0.008,0.004,0.01,0.006,0.035,0.002,1,1,1,13.6866,0,0,98.1231,1213,2,0,0,0,0,0.390293
1110,1322,2,14,3,3,1,0,0.762499,1.35107,0.0448669,2.4766,1,1,3.6,0,0.34,0.24,0.14,0.035,0.04,0.025,0.008,0.004,0.01,0.006,0.035,0.002,1,1,1,8.85738,0,0,87.4674,1233,2,0,0,0,0,0
1110,1327,2,15,3,3,1,0,1.17629,0.895421,0.0953374,-1.93533,1,1,3.6,0,0.34,0.24,0.14,0.035,0.04,0.025,0.008,0.004,0.01,0.006,0.035,0.002,1,1,1,3.8112,0,0,83.5767,1322,2,0,0,0,0,0
1110,1349,2,20,4,4,1,1,1.18833,1.61743,0.343433,2.65506,2,1,4.8,0,0.34,0.24,0.14,0.035,0.04,0.025,0.008,0.004,0.01,0.006,0.035,0.002,1,1,1,12.9472,0,0,67.4306,1313,2,0,0,0,0,0.940153
1110,1351,38,20,5,5,1,2,2.05214,1.16056,0.220147,-2.67032,3,1,6,0,0.34,0.24,0.14,0.035,0.04,0.025,0.008,0.004,0.01,0.006,0.035,0.002,1,1,1,11.3016,0,0,64.548,1246,2,0,0,0,0,0.586124
1110,1359,2,26,4,4,1,1,1.16117,1.89859,0.24237,-2.86567,2,1,4.8,0,0.34,0.24,0.14,0.035,0.04,0.025,0.008,0.004,0.01,0.006,0.035,0.002,1,1,1,10.608,0,0,59.2971,1280,2,0,0,0,0,0.555109
1110,1367,2,26,4,4,1,1,1.72457,1.28879,0.0526372,-1.01352,2,1,4.8,0,0.34,0.24,0.14,0.035,0.04,0.025,0.008,0.004,0.01,0.006,0.035,0.002,1,1,1,3.52896,0,0,54.4377,1302,2,0,0,0,0,0.7041
1110,1370,2,18,4,4,1,1,1.1536,1.92553,0.480207,-3.10587,2,1,4.8,0,0.34,0.24,0.14,0.035,0.04,0.025,0.008,0.004,0.01,0.006,0.035,0.002,1,1,1,5.38876,0,0,50.8536,1179,2,0,0,0,0,1.139
1110,1373,2,17,4,4,1,1,1.04514,1.87025,0.290466,-3.08968,2,1,4.8,0,0.34,0.24,0.14,0.035,0.04,0.025,0.008,0.004,0.01,0.006,0.035,0.002,1,1,1,3.192,0,0,47.8863,1095,2,0,0,0,0,0.515887
1110,1377,2,27,4,4,1,1,1.91687,1.25386,0.182465,-1.55825,2,1,4.8,0,0.34,0.24,0.14,0.035,0.04,0.025,0.008,0.004,0.01,0.006,0.035,0.002,1,1,1,6.56826,0,0,45.6692,1359,2,0,0,0,0,0.469058
1110,1379,2,21,4,4,1,1,1.20163,1.71247,0.612489,2.69947,2,1,4.8,0,0.34,0.24,0.14,0.035,0.04,0.025,0.008,0.004,0.01,0.006,0.035,0.002,1,1,1,6.89503,0,0,44.719,1349,2,0,0,0,0,0.514499
1110,1383,2,26,4,4,1,1,1.91944,1.20161,0.423582,-1.60187,2,1,4.8,0,0.34,0.24,0.14,0.035,0.04,0.025,0.008,0.004,0.01,0.006,0.035,0.002,1,1,1,7.23173,0,0,43.202,1280,2,0,0,0,0,1.27878
1110,1384,2,24,4,4,1,1,1.58211,1.19713,0.627061,1.29805,2,1,4.8,0,0.34,0.24,0.14,0.035,0.04,0.025,0.008,0.004,0.01,0.006,0.035,0.002,1,1,1,6.53304,0,0,42.1434,1263,2,0,0,0,0,0.517209
1110,1387,2,22,4,4,1,1,1.06998,1.90632,0.458786,3.04732,2,1,4.8,0,0.34,0.24,0.14,0.035,0.04,0.025,0.008,0.004,0.01,0.006,0.035,0.002,1,1,1,1.62497,0,0,39.918,1379,2,0,0,0,0,1.10901
1110,1388,2,27,4,4,1,1,1.18003,1.93894,0.518339,-0.31331,2,1,4.8,0,0.34,0.24,0.14,0.035,0.04,0.025,0.008,0.004,0.01,0.006,0.035,0.002,1,1,1,3.6,0,0,38.401,1383,2,0,0,0,0,1.23678
1110,1393,2,27,4,4,1,1,1.19889,2.02058,0.573652,0.473343,2,1,4.8,0,0.34,0.24,0.14,0.035,0.04,0.025,0.008,0.004,0.01,0.006,0.035,0.002,1,1,1,4.584,0,0,34.1167,1359,2,0,0,0,0,1.24311
1110,1394,2,21,4,4,1,1,1.03278,1.91237,0.622772,3.13708,2,1,4.8,0,0.34,0.24,0.14,0.035,0.04,0.025,0.008,0.004,0.01,0.006,0.035,0.002,1,1,1,3.12,0,0,33.9,1349,2,0,0,0,0,1.12705
1110,1398,2,26,4,4,1,1,1.20496,1.93758,0.21463,-3.00729,2,1,4.8,0,0.34,0.24,0.14,0.035,0.04,0.025,0.008,0.004,0.01,0.006,0.035,0.002,1,1,1,1.56,0,0,32.0079,1280,2,0,0,0,0,0.43714
1110,1405,2,26,4,4,1,1,1.71073,1.29396,0.130349,-0.974465,2,1,4.8,0,0.34,0.24,0.14,0.035,0.04,0.025,0.008,0.004,0.01,0.006,0.035,0.002,1,1,1,3.912,0,0,26.2247,1302,2,0,0,0,0,0.369041
1110,1407,2,28,4,4,1,1,1.20362,2.24473,0.595505,-3.00944,2,1,4.8,0,0.34,0.24,0.14,0.035,0.04,0.025,0.008,0.004,0.01,0.006,0.035,0.002,1,1,1,0.357422,0,0,23.8497,1377,2,0,0,0,0,0.928224
1110,1410,2,25,4,4,1,1,1.20481,1.78604,0.315379,2.75147,2,1,4.8,0,0.34,0.24,0.14,0.035,0.04,0.025,0.008,0.004,0.01,0.006,0.035,0.002,1,1,1,1.50696,0,0,21.1914,1384,2,0,0,0,0,0.98003
1110,1413,2,27,4,4,1,1,1.79218,1.24056,0.101549,-1.16066,2,1,4.8,0,0.34,0.24,0.14,0.035,0.04,0.025,0.008,0.004,0.01,0.006,0.035,0.002,1,1,1,0.12,0,0,19.5331,1405,2,0,0,0,0,0.522325
1140,1095,2,16,4,4,1,1,1.8203,1.04334,0.413858,1.44645,2,1,4.8,0,0.34,0.24,0.14,0.035,0.04,0.025,0.008,0.004,0.01,0.006,0.035,0.002,1,1,1,43.6567,0,0,259.492,936,2,0,0,0,0,0.811976
1140,1263,2,23,4,4,1,1,1.61926,1.3075,0.330326,1.07044,2,1,4.8,0,0.34,0.24,0.14,0.035,0.04,0.025,0.008,0.004,0.01,0.006,0.035,0.002,1,1,1,24.8455,0,0,155.434,1253,2,0,0,0,0,0.434517
1140,1322,2,14,3,3,1,0,1.37805,0.760784,0.0177267,0.852225,1,1,3.6,0,0.34,0.24,0.14,0.035,0.04,0.025,0.008,0.004,0.01,0.006,0.035,0.002,1,1,1,12.0974,0,0,117.46,1233,2,0,0,0,0,0
1140,1327,2,15,3,3,1,0,0.767083,1.27239,0.000497986,-1.38769,1,1,3.6,0,0.34,0.24,0.14,0.035,0.04,0.025,0.008,0.004,0.01,0.006,0.035,0.002,1,1,1,5.2512,0,0,113.569,1322,2,0,0,0,0,0
1140,1349,2,20,4,4,1,1,1.76146,1.22375,0.518269,-1.23364,2,1,4.8,0,0.34,0.24,0.14,0.035,0.04,0.025,0.008,0.004,0.01,0.006,0.035,0.002,1,1,1,19.6672,0,0,97.4233,1313,2,0,0,0,0,1.02811
1140,1351,38,20,5,5,1,2,1.8875,1.36341,0.0846467,3.04949,3,1,6,0,0.34,0.24,0.14,0.035,0.04,0.025,0.008,0.004,0.01,0.006,0.035,0.002,1,1,1,18.7416,0,0,94.5406,1246,2,0,0,0,0,0.577097
1140,1359,2,26,4,4,1,1,1.3435,1.66517,0.295274,0.607995,2,1,4.8,0,0.34,0.24,0.14,0.035,0.04,0.025,0.008,0.004,0.01,0.006,0.035,0.002,1,1,1,13.7476,0,0,89.2919,1280,2,0,0,0,0,0.461139
1140,1373,2,17,4,4,1,1,1.05056,1.89406,0.270185,3.13633,2,1,4.8,0,0.34,0.24,0.14,0.035,0.04,0.025,0.008,0.004,0.01,0.006,0.035,0.002,1,1,1,8.79341,0,0,77.8864,1095,2,0,0,0,0,0.511815
1140,1377,2,27,4,4,1,1,1.82284,1.19486,0.354089,1.92275,2,1,4.8,0,0.34,0.24,0.14,0.035,0.04,0.025,0.008,0.004,0.01,0.006,0.035,0.002,1,1,1,11.1866,0,0,75.6702,1359,2,0,0,0,0,0.570488
1140,1379,2,21,4,4,1,1,1.05174,2.04339,0.512311,0.0942611,2,1,4.8,0,0.34,0.24,0.14,0.035,0.04,0.025,0.008,0.004,0.01,0.006,0.035,0.002,1,1,1,12.2352,0,0,74.7205,1349,2,0,0,0,0,1.01997
1140,1383,2,26,4,4,1,1,1.76518,1.18262,0.463647,-1.75024,2,1,4.8,0,0.34,0.24,0.14,0.035,0.04,0.025,0.008,0.004,0.01,0.006,0.035,0.002,1,1,1,11.0654,0,0,73.2042,1280,2,0,0,0,0,0.807455
1140,1384,2,24,4,4,1,1,1.30703,1.48839,0.489959,-0.505151,2,1,4.8,0,0.34,0.24,0.14,0.035,0.04,0.025,0.008,0.004,0.01,0.006,0.035,0.002,1,1,1,11.813,0,0,72.1461,1263,2,0,0,0,0,0.497309
1140,1387,2,22,4,4,1,1,1.781,1.1558,0.731126,1.15793,2,1,4.8,0,0.34,0.24,0.14,0.035,0.04,0.025,0.008,0.004,0.01,0.006,0.035,0.002,1,1,1,11.3365,0,0,69.9217,1379,2,0,0,0,0,1.27046
1140,1388,2,27,4,4,1,1,1.73514,1.26132,0.479106,1.18374,2,1,4.8,0,0.34,0.24,0.14,0.035,0.04,0.025,0.008,0.004,0.01,0.006,0.035,0.002,1,1,1,14.4489,0,0,68.4054,1383,2,0,0,0,0,1.1095
1140,1393,2,27,3,4,1,0,1.34598,0.987704,0.184878,-2.5822,1,1,3.6,0,0.34,0.24,0.14,0.035,0.04,0.025,0.008,0.004,0.01,0.006,0.035,0.002,1,1,1,5.304,0,0,64.1231,1359,2,0,0,0,0,0
1140,1407,2,28,4,4,1,1,1.19178,1.92726,0.442834,-3.07401,2,1,4.8,0,0.34,0.24,0.14,0.035,0.04,0.025,0.008,0.004,0.01,0.006,0.035,0.002,1,1,1,6.59375,0,0,53.8543,1377,2,0,0,0,0,0.864136
1140,1425,38,21,5,5,1,2,1.804,1.30218,0.340824,1.14195,3,1,6,0,0.34,0.24,0.14,0.035,0.04,0.025,0.008,0.004,0.01,0.006,0.035,0.002,1,1,1,4.74867,0,0,40.2347,1351,38,0,0,0,0,0.923685
1140,1426,2,28,4,4,1,1,1.91432,1.28019,0.612758,2.22842,2,1,4.8,0,0.34,0.24,0.14,0.035,0.04,0.025,0.008,0.004,0.01,0.006,0.035,0.002,1,1,1,8.85832,0,0,39.0594,1388,2,0,0,0,0,1.26676
1140,1430,2,17,4,4,1,1,1.90551,1.11539,0.730953,1.73042,2,1,4.8,0,0.34,0.24,0.14,0.035,0.04,0.025,0.008,0.004,0.01,0.006,0.035,0.002,1,1,1,6.48,0,0,34.7085,1095,2,0,0,0,0,1.2443
1140,1432,2,25,4,4,1,1,1.76543,1.17849,0.308834,-1.74675,2,1,4.8,0,0.34,0.24,0.14,0.035,0.04,0.025,0.008,0.004,0.01,0.006,0.035,0.002,1,1,1,1.79571,0,0,34.0084,1384,2,0,0,0,0,1.17491
1140,1437,2,18,4,4,1,1,1.6873,1.14052,0.319701,1.53217,2,1,4.8,0,0.34,0.24,0.14,0.035,0.04,0.025,0.008,0.004,0.01,0.006,0.035,0.002,1,1,1,2.76,0,0,29.908,1430,2,0,0,0,0,1.02299
1140,1440,2,17,4,4,1,1,1.77804,1.16512,0.85926,1.22617,2,1,4.8,0,0.34,0.24,0.14,0.035,0.04,0.025,0.008,0.004,0.01,0.006,0.035,0.002,1,1,1,7.05182,0,0,23.8914,1095,2,0,0,0,0,1.27301
1140,1441,2,29,4,4,1,1,1.21996,1.82229,0.21513,2.83385,2,1,4.8,0,0.34,0.24,0.14,0.035,0.04,0.025,0.008,0.004,0.01,0.006,0.035,0.002,1,1,1,3.24,0,0,21.3081,1426,2,0,0,0,0,0.806556
1140,1447,2,28,4,4,1,1,1.95576,1.16529,0.380141,-1.81532,2,1,4.8,0,0.34,0.24,0.14,0.035,0.04,0.025,0.008,0.004,0.01,0.006,0.035,0.002,1,1,1,0.144,0,0,15.2915,1388,2,0,0,0,0,0.38848
1140,1449,2,23,4,4,1,1,1.54798,1.31052,0.373361,2.05472,2,1,4.8,0,0.34,0.24,0.14,0.035,0.04,0.025,0.008,0.004,0.01,0.006,0.035,0.002,1,1,1,0.72,0,0,12.0749,1387,2,0,0,0,0,0.992301
1140,1453,2,18,4,4,1,1,2.03575,1.07558,0.407971,1.55944,2,1,4.8,0,0.34,0.24,0.14,0.035,0.04,0.025,0.008,0.004,0.01,0.006,0.035,0.002,1,1,1,0.816621,0,0,8.25829,1440,2,0,0,0,0,1.10645
1170,1095,2,16,4,4,1,1,1.16594,1.65166,0.521172,-0.385722,2,1,4.8,0,0.34,0.24,0.14,0.035,0.04,0.025,0.008,0.004,0.01,0.006,0.035,0.002,1,1,1,50.3732,0,0,289.485,936,2,0,0,0,0,0.508244
1170,1322,2,14,3,3,1,0,0.896376,1.22561,0.324557,-0.396537,1,1,3.6,0,0.34,0.24,0.14,0.035,0.04,0.025,0.008,0.004,0.01,0.006,0.035,0.002,1,1,1,15.1214,0,0,147.453,1233,2,0,0,0,0,0.182983
1170,1349,2,20,4,4,1,1,1.23837,1.63903,0.396641,0.291753,2,1,4.8,0,0.34,0.24,0.14,0.035,0.04,0.025,0.008,0.004,0.01,0.006,0.035,0.002,1,1,1,22.4329,0,0,127.416,1313,2,0,0,0,0,0.45861
1170,1373,2,17,4,4,1,1,1.05003,1.90713,0.503882,0.067771,2,1,4.8,0,0.34,0.24,0.14,0.035,0.04,0.025,0.008,0.004,0.01,0.006,0.035,0.002,1,1,1,18.4666,0,0,107.879,1095,2,0,0,0,0,0.609107
1170,1377,2,27,4,4,1,1,1.70674,1.26105,0.461295,-1.97432,2,1,4.8,0,0.34,0.24,0.14,0.035,0.04,0.025,0.008,0.004,0.01,0.006,0.035,0.002,1,1,1,15.3951,0,0,105.663,1359,2,0,0,0,0,0.981147
1170,1379,2,21,4,4,1,1,1.04391,1.79343,0.371967,0.116733,2,1,4.8,0,0.34,0.24,0.14,0.035,0.04,0.025,0.008,0.004,0.01,0.006,0.035,0.002,1,1,1,17.7389,0,0,104.713,1349,2,0,0,0,0,0.600133
1170,1383,2,26,4,4,1,1,1.19106,1.94804,0.219656,-2.95183,2,1,4.8,0,0.34,0.24,0.14,0.035,0.04,0.025,0.008,0.004,0.01,0.006,0.035,0.002,1,1,1,15.4701,0,0,103.197,1280,2,0,0,0,0,0.759547
1170,1384,2,24,4,4,1,1,1.69768,1.186,0.407963,2.12037,2,1,4.8,0,0.34,0.24,0.14,0.035,0.04,0.025,0.008,0.004,0.01,0.006,0.035,0.002,1,1,1,18.005,0,0,102.139,1263,2,0,0,0,0,1.09545
1170,1387,2,22,4,4,1,1,2.12069,1.13072,0.765061,1.50655,2,1,4.8,0,0.34,0.24,0.14,0.035,0.04,0.025,0.008,0.004,0.01,0.006,0.035,0.002,1,1,1,16.0718,0,0,99.9143,1379,2,0,0,0,0,1.14511
1170,1388,2,27,4,4,1,1,1.28224,1.56864,0.521891,2.69285,2,1,4.8,0,0.34,0.24,0.14,0.035,0.04,0.025,0.008,0.004,0.01,0.006,0.035,0.002,1,1,1,20.7274,0,0,98.398,1383,2,0,0,0,0,0.448073
1170,1425,38,21,5,5,1,2,1.9934,1.56591,0.38768,-1.73179,3,1,6,0,0.34,0.24,0.14,0.035,0.04,0.025,0.008,0.004,0.01,0.006,0.035,0.002,1,1,1,9.59981,0,0,70.2382,1351,38,0,0,0,0,1.09194
1170,1426,2,28,4,4,1,1,2.06133,1.21574,0.232037,1.44221,2,1,4.8,0,0.34,0.24,0.14,0.035,0.04,0.025,0.008,0.004,0.01,0.006,0.035,0.002,1,1,1,12.7301,0,0,69.0635,1388,2,0,0,0,0,0.592454
1170,1430,2,17,4,4,1,1,1.8209,1.12258,0.245645,-1.38142,2,1,4.8,0,0.34,0.24,0.14,0.035,0.04,0.025,0.008,0.004,0.01,0.006,0.035,0.002,1,1,1,11.64,0,0,64.7146,1095,2,0,0,0,0,0.554599
1170,1432,2,25,4,4,1,1,1.8078,1.11464,0.501711,-1.30009,2,1,4.8,0,0.34,0.24,0.14,0.035,0.04,0.025,0.008,0.004,0.01,0.006,0.035,0.002,1,1,1,9.18771,0,0,64.0148,1384,2,0,0,0,0,0.575312
1170,1437,2,18,4,4,1,1,1.18855,1.56092,0.380046,-0.41587,2,1,4.8,0,0.34,0.24,0.14,0.035,0.04,0.025,0.008,0.004,0.01,0.006,0.035,0.002,1,1,1,7.8,0,0,59.9139,1430,2,0,0,0,0,0.818251
1170,1440,2,17,4,4,1,1,1.83137,1.09582,0.124596,1.24449,2,1,4.8,0,0.34,0.24,0.14,0.035,0.04,0.025,0.008,0.004,0.01,0.006,0.035,0.002,1,1,1,9.95379,0,0,53.8959,1095,2,0,0,0,0,0.786624
1170,1441,2,29,4,4,1,1,1.87045,1.19789,0.185995,-1.52477,2,1,4.8,0,0.34,0.24,0.14,0.035,0.04,0.025,0.008,0.004,0.01,0.006,0.035,0.002,1,1,1,8.52203,0,0,51.3121,1426,2,0,0,0,0,0.55492
1170,1447,2,28,4,4,1,1,1.20673,1.93008,0.576665,3.13704,2,1,4.8,0,0.34,0.24,0.14,0.035,0.04,0.025,0.008,0.004,0.01,0.006,0.035,0.002,1,1,1,4.8,0,0,45.2941,1388,2,0,0,0,0,0.637275
1170,1449,2,23,4,4,1,1,1.20683,1.5654,0.490822,2.64586,2,1,4.8,0,0.34,0.24,0.14,0.035,0.04,0.025,0.008,0.004,0.01,0.006,0.035,0.002,1,1,1,8.14097,0,0,42.0767,1387,2,0,0,0,0,0.481255
1170,1450,2,22,4,4,1,1,1.37801,1.34517,0.46277,-0.898298,2,1,4.8,0,0.34,0.24,0.14,0.035,0.04,0.025,0.008,0.004,0.01,0.006,0.035,0.002,1,1,1,8.78109,0,0,40.2097,1379,2,0,0,0,0,1.24366
1170,1456,2,28,4,4,1,1,1.36706,1.28738,0.0606234,0.83575,2,1,4.8,0,0.34,0.24,0.14,0.035,0.04,0.025,0.008,0.004,0.01,0.006,0.035,0.002,1,1,1,3.34831,0,0,34.4751,1388,2,0,0,0,0,0.674468
1170,1463,2,23,4,4,1,1,1.25048,1.43838,0.710216,-0.612075,2,1,4.8,0,0.34,0.24,0.14,0.035,0.04,0.025,0.008,0.004,0.01,0.006,0.035,0.002,1,1,1,5.24915,0,0,31.2579,1387,2,0,0,0,0,1.26478
1170,1464,2,29,4,4,1,1,1.21625,2.14363,0.482407,3.122,2,1,4.8,0,0.34,0.24,0.14,0.035,0.04,0.025,0.008,0.004,0.01,0.006,0.035,0.002,1,1,1,3.46311,0,0,30.8663,1426,2,0,0,0,0,1.14873
1170,1472,2,25,4,4,1,1,1.53273,1.27175,0.452844,-2.08559,2,1,4.8,0,0.34,0.24,0.14,0.035,0.04,0.025,0.008,0.004,0.01,0.006,0.035,0.002,1,1,1,2.52,0,0,28.0913,1384,2,0,0,0,0,1.10369
1170,1474,2,18,4,4,1,1,1.80957,1.15589,0.33881,1.8265,2,1,4.8,0,0.34,0.24,0.14,0.035,0.04,0.025,0.008,0.004,0.01,0.006,0.035,0.002,1,1,1,1.41924,0,0,27.4413,1440,2,0,0,0,0,0.598674
1170,1475,2,18,4,4,1,1,1.96286,1.05218,0.587515,-1.49514,2,1,4.8,0,0.34,0.24,0.14,0.035,0.04,0.025,0.008,0.004,0.01,0.006,0.035,0.002,1,1,1,3.12,0,0,27.008,1430,2,0,0,0,0,0.978928
1170,1476,2,24,3,3,1,0,1.01639,1.00428,0.0629673,1.83256,1,1,3.6,0,0.34,0.24,0.14,0.035,0.04,0.025,0.008,0.004,0.01,0.006,0.035,0.002,1,1,1,1.32,0,0,26.0997,1449,2,0,0,0,0,0
1170,1478,2,23,4,4,1,1,1.42822,1.32196,0.0891393,-1.09104,2,1,4.8,0,0.34,0.24,0.14,0.035,0.04,0.025,0.008,0.004,0.01,0.006,0.035,0.002,1,1,1,2.70991,0,0,25.5414,1450,2,0,0,0,0,0.609737
1170,1479,2,28,4,4,1,1,1.72946,1.19745,0.32963,-1.82812,2,1,4.8,0,0.34,0.24,0.14,0.035,0.04,0.025,0.008,0.004,0.01,0.006,0.035,0.002,1,1,1,4.58323,0,0,23.6581,1388,2,0,0,0,0,0.50819
1170,1480,2,30,4,4,1,1,1.18202,1.88638,0.525565,2.90019,2,1,4.8,0,0.34,0.24,0.14,0.035,0.04,0.025,0.008,0.004,0.01,0.006,0.035,0.002,1,1,1,1.44,0,0,21.9164,1441,2,0,0,0,0,1.00535
1170,1481,2,18,4,4,1,1,2.1206,1.10203,0.353461,1.55126,2,1,4.8,0,0.34,0.24,0.14,0.035,0.04,0.025,0.008,0.004,0.01,0.006,0.035,0.002,1,1,1,3.624,0,0,21.2414,1373,2,0,0,0,0,0.673171
1170,1482,2,17,4,4,1,1,1.62005,1.28058,0.146187,-1.19645,2,1,4.8,0,0.34,0.24,0.14,0.035,0.04,0.025,0.008,0.004,0.01,0.006,0.035,0.002,1,1,1,1.8,0,0,21.0831,1095,2,0,0,0,0,0.936575
1170,1485,2,29,4,4,1,1,1.30843,1.38341,0.363289,2.44322,2,1,4.8,0,0.34,0.24,0.14,0.035,0.04,0.025,0.008,0.004,0.01,0.006,0.035,0.002,1,1,1,2.52,0,0,18.8581,1479,2,0,0,0,0,0.829421
1170,1487,2,26,4,4,1,1,1.13744,1.86065,0.626354,0.141792,2,1,4.8,0,0.34,0.24,0.14,0.035,0.04,0.025,0.008,0.004,0.01,0.006,0.035,0.002,1,1,1,4.104,0,0,17.8248,1432,2,0,0,0,0,1.20128
1170,1492,2,28,4,4,1,1,1.20466,2.12419,0.331569,0.163981,2,1,4.8,0,0.34,0.24,0.14,0.035,0.04,0.025,0.008,0.004,0.01,0.006,0.035,0.002,1,1,1,0.84,0,0,12.8416,1388,2,0,0,0,0,0.893681
1170,1496,2,18,3,3,1,0,0.914344,1.15628,0.240759,0.509021,1,1,3.6,0,0.34,0.24,0.14,0.035,0.04,0.025,0.008,0.004,0.01,0.006,0.035,0.002,1,1,1,0.144,0,0,10.4249,1373,2,0,0,0,0,0
1170,1497,2,27,4,4,1,1,1.36176,1.21633,0.475702,0.732657,2,1,4.8,0,0.34,0.24,0.14,0.035,0.04,0.025,0.008,0.004,0.01,0.006,0.035,0.002,1,1,1,0.6,0,0,10.2333,1487,2,0,0,0,0,1.24274
1200,1322,2,14,3,3,1,0,1.13372,0.981918,0.680783,1.63605,1,1,3.6,0,0.34,0.24,0.14,0.035,0.04,0.025,0.008,0.004,0.01,0.006,0.035,0.002,1,1,1,18.3037,0,0,177.445,1233,2,0,0,0,0,1.27302
1200,1379,2,21,3,4,1,0,1.02963,1.09391,0.00187461,2.96963,1,1,3.6,0,0.34,0.24,0.14,0.035,0.04,0.025,0.008,0.004,0.01,0.006,0.035,0.002,1,1,1,16.8029,0,0,134.706,1349,2,0,0,0,0,0
1200,1383,2,26,4,4,1,1,1.29302,1.68856,0.228312,-2.68246,2,1,4.8,0,0.34,0.24,0.14,0.035,0.04,0.025,0.008,0.004,0.01,0.006,0.035,0.002,1,1,1,21.4309,0,0,133.19,1280,2,0,0,0,0,0.60485
1200,1387,2,22,4,4,1,1,1.39188,1.16822,0.0312619,-2.66217,2,1,4.8,0,0.34,0.24,0.14,0.035,0.04,0.025,0.008,0.004,0.01,0.006,0.035,0.002,1,1,1,21.7782,0,0,129.907,1379,2,0,0,0,0,1.1175
1200,1425,38,21,5,5,1,2,1.71323,1.85556,0.206799,1.5222,3,1,6,0,0.34,0.24,0.14,0.035,0.04,0.025,0.008,0.004,0.01,0.006,0.035,0.002,1,1,1,16.259,0,0,100.231,1351,38,0,0,0,0,0.813022
1200,1430,2,17,4,4,1,1,1.23179,1.72575,0.22325,-2.76342,2,1,4.8,0,0.34,0.24,0.14,0.035,0.04,0.025,0.008,0.004,0.01,0.006,0.035,0.002,1,1,1,15.5481,0,0,94.7073,1095,2,0,0,0,0,0.860982
1200,1432,2,25,4,4,1,1,1.53127,1.26005,0.265396,-1.07527,2,1,4.8,0,0.34,0.24,0.14,0.035,0.04,0.025,0.008,0.004,0.01,0.006,0.035,0.002,1,1,1,14.253,0,0,94.0074,1384,2,0,0,0,0,0.739907
1200,1441,2,29,4,4,1,1,2.00083,1.14947,0.456051,1.92617,2,1,4.8,0,0.34,0.24,0.14,0.035,0.04,0.025,0.008,0.004,0.01,0.006,0.035,0.002,1,1,1,14.402,0,0,81.3105,1426,2,0,0,0,0,1.17301
1200,1447,2,28,4,4,1,1,1.40617,1.32036,0.298306,1.10763,2,1,4.8,0,0.34,0.24,0.14,0.035,0.04,0.025,0.008,0.004,0.01,0.006,0.035,0.002,1,1,1,7.68,0,0,75.2953,1388,2,0,0,0,0,0.390492
1200,1449,2,23,4,4,1,1,1.91577,1.1309,0.696614,1.8983,2,1,4.8,0,0.34,0.24,0.14,0.035,0.04,0.025,0.008,0.004,0.01,0.006,0.035,0.002,1,1,1,16.3674,0,0,72.0795,1387,2,0,0,0,0,1.23461
1200,1450,2,22,4,4,1,1,1.40755,1.37283,0.440882,2.21611,2,1,4.8,0,0.34,0.24,0.14,0.035,0.04,0.025,0.008,0.004,0.01,0.006,0.035,0.002,1,1,1,10.7419,0,0,70.2132,1379,2,0,0,0,0,0.636708
1200,1454,38,22,5,5,1,2,1.95432,1.14446,0.257792,0.76196,3,1,6,0,0.34,0.24,0.14,0.035,0.04,0.025,0.008,0.004,0.01,0.006,0.035,0.002,1,1,1,7.88498,0,0,67.5306,1425,38,0,0,0,0,0.924212
1200,1456,2,28,4,4,1,1,1.35907,1.60927,0.439407,0.897844,2,1,4.8,0,0.34,0.24,0.14,0.035,0.04,0.025,0.008,0.004,0.01,0.006,0.035,0.002,1,1,1,8.98831,0,0,64.4813,1388,2,0,0,0,0,1.23607
1200,1464,2,29,4,4,1,1,1.35714,1.58564,0.277047,-2.49107,2,1,4.8,0,0.34,0.24,0.14,0.035,0.04,0.025,0.008,0.004,0.01,0.006,0.035,0.002,1,1,1,6.99111,0,0,60.8724,1426,2,0,0,0,0,0.597353
1200,1470,2,29,4,4,1,1,1.44438,1.78783,0.0627574,2.52735,2,1,4.8,0,0.34,0.24,0.14,0.035,0.04,0.025,0.008,0.004,0.01,0.006,0.035,0.002,1,1,1,2.70927,0,0,59.6805,1456,2,0,0,0,0,1.20059
1200,1475,2,18,4,4,1,1,1.5583,1.22235,0.515134,-2.18575,2,1,4.8,0,0.34,0.24,0.14,0.035,0.04,0.025,0.008,0.004,0.01,0.006,0.035,0.002,1,1,1,4.224,0,0,57.0133,1430,2,0,0,0,0,0.111703
1200,1476,2,24,3,3,1,0,0.738139,1.22693,0.00992804,0.787438,1,1,3.6,0,0.34,0.24,0.14,0.035,0.04,0.025,0.008,0.004,0.01,0.006,0.035,0.002,1,1,1,3.34766,0,0,56.1047,1449,2,0,0,0,0,0
1200,1478,2,23,4,4,1,1,1.24303,1.63185,0.516789,2.71116,2,1,4.8,0,0.34,0.24,0.14,0.035,0.04,0.025,0.008,0.004,0.01,0.006,0.035,0.002,1,1,1,7.09762,0,0,55.5463,1450,2,0,0,0,0,0.460219
1200,1479,2,28,4,4,1,1,1.19417,1.85014,0.461262,-3.00803,2,1,4.8,0,0.34,0.24,0.14,0.035,0.04,0.025,0.008,0.004,0.01,0.006,0.035,0.002,1,1,1,6.92091,0,0,53.6626,1388,2,0,0,0,0,1.12728
1200,1480,2,30,4,4,1,1,1.95185,1.26552,0.513226,2.0626,2,1,4.8,0,0.34,0.24,0.14,0.035,0.04,0.025,0.008,0.004,0.01,0.006,0.035,0.002,1,1,1,9.49461,0,0,51.9205,1441,2,0,0,0,0,1.27878
1200,1482,2,17,4,4,1,1,1.37753,1.61169,0.227652,0.718784,2,1,4.8,0,0.34,0.24,0.14,0.035,0.04,0.025,0.008,0.004,0.01,0.006,0.035,0.002,1,1,1,6.42785,0,0,51.087,1095,2,0,0,0,0,1.22902
1200,1483,2,23,4,4,1,1,1.47101,1.21198,0.460124,0.926585,2,1,4.8,0,0.34,0.24,0.14,0.035,0.04,0.025,0.008,0.004,0.01,0.006,0.035,0.002,1,1,1,3.27665,0,0,50.4452,1387,2,0,0,0,0,0.944863
1200,1485,2,29,4,4,1,1,1.56693,1.37138,0.291898,-0.884624,2,1,4.8,0,0.34,0.24,0.14,0.035,0.04,0.025,0.008,0.004,0.01,0.006,0.035,0.002,1,1,1,8.52,0,0,48.8615,1479,2,0,0,0,0,0.38401
1200,1487,2,26,4,4,1,1,1.31831,1.50751,0.459323,0.841593,2,1,4.8,0,0.34,0.24,0.14,0.035,0.04,0.025,0.008,0.004,0.01,0.006,0.035,0.002,1,1,1,9.15339,0,0,47.828,1432,2,0,0,0,0,0.514997
1200,1490,2,27,4,4,1,1,1.30604,1.40467,0.349839,2.43813,2,1,4.8,0,0.34,0.24,0.14,0.035,0.04,0.025,0.008,0.004,0.01,0.006,0.035,0.002,1,1,1,1.08,0,0,44.5356,1383,2,0,0,0,0,0.728092
1200,1493,2,26,1,4,1,0,0,0,0.170719,0,0,0,1.2,0,0.34,0.24,0.14,0.035,0.04,0.025,0.008,0.004,0.01,0.006,0.035,0.002,1,1,1,0.264,0,0,42.6352,1472,2,0,0,0,0,0
1200,1494,2,31,4,4,1,1,1.93913,1.18761,0.184696,-1.66053,2,1,4.8,0,0.34,0.24,0.14,0.035,0.04,0.025,0.008,0.004,0.01,0.006,0.035,0.002,1,1,1,3,0,0,42.5435,1480,2,0,0,0,0,0.378094
1200,1497,2,27,4,4,1,1,1.85954,1.13529,0.341747,-1.13361,2,1,4.8,0,0.34,0.24,0.14,0.035,0.04,0.025,0.008,0.004,0.01,0.006,0.035,0.002,1,1,1,5.99859,0,0,40.2347,1487,2,0,0,0,0,1.07806
1200,1500,44,30,6,6,1,1,3.21208,1.46576,0.212946,1.6469,3,2,7.2,0,0.34,0.24,0.14,0.035,0.04,0.025,0.008,0.004,0.01,0.006,0.035,0.002,1,1,1,2.904,0,0,38.9761,1485,2,0,0,0,0,0.507598
1200,1506,2,18,4,4,1,1,1.23593,1.47929,0.156151,-0.479513,2,1,4.8,0,0.34,0.24,0.14,0.035,0.04,0.025,0.008,0.004,0.01,0.006,0.035,0.002,1,1,1,2.93194,0,0,33.6416,1482,2,0,0,0,0,0.925534
1200,1514,2,26,4,4,1,1,1.60973,1.42494,0.775153,-0.701202,2,1,4.8,0,0.34,0.24,0.14,0.035,0.04,0.025,0.008,0.004,0.01,0.006,0.035,0.002,1,1,1,4.81835,0,0,22.7164,1432,2,0,0,0,0,0.552887
1200,1515,2,24,4,4,1,1,1.46477,1.21376,0.342871,-2.15587,2,1,4.8,0,0.34,0.24,0.14,0.035,0.04,0.025,0.008,0.004,0.01,0.006,0.035,0.002,1,1,1,4.82138,0,0,22.3914,1449,2,0,0,0,0,0.992731
1200,1516,2,23,4,4,1,1,1.37475,1.65959,0.297842,0.487257,2,1,4.8,0,0.34,0.24,0.14,0.035,0.04,0.025,0.008,0.004,0.01,0.006,0.035,0.002,1,1,1,2.4997,0,0,17.6415,1387,2,0,0,0,0,1.26139
1200,1527,2,25,4,4,1,1,1.35887,1.55479,0.298071,-2.54861,2,1,4.8,0,0.34,0.24,0.14,0.035,0.04,0.025,0.008,0.004,0.01,0.006,0.035,0.002,1,1,1,1.49485,0,0,12.5332,1515,2,0,0,0,0,0.603876
1200,1529,2,24,4,4,1,1,1.10608,1.95372,0.612438,3.07933,2,1,4.8,0,0.34,0.24,0.14,0.035,0.04,0.025,0.008,0.004,0.01,0.006,0.035,0.002,1,1,1,1.32,0,0,11.5749,1449,2,0,0,0,0,0.844614
1200,1546,2,27,4,4,1,1,1.10147,1.88193,0.177436,-2.83005,2,1,4.8,0,0.34,0.24,0.14,0.035,0.04,0.025,0.008,0.004,0.01,0.006,0.035,0.002,1,1,1,0.376675,0,0,5.84166,1514,2,0,0,0,0,1.18319
1230,1322,2,14,3,3,1,0,0.914903,1.31602,0.351668,2.09796,1,1,3.6,0,0.34,0.24,0.14,0.035,0.04,0.025,0.008,0.004,0.01,0.006,0.035,0.002,1,1,1,20.0209,0,0,207.438,1233,2,0,0,0,0,1.15011
1230,1387,2,22,4,4,1,1,1.05158,1.97202,0.540517,0.153711,2,1,4.8,0,0.34,0.24,0.14,0.035,0.04,0.025,0.008,0.004,0.01,0.006,0.035,0.002,1,1,1,27.7744,0,0,159.9,1379,2,0,0,0,0,1.26738
1230,1425,38,21,5,5,1,2,1.0776,2.06169,0.34862,2.20966,3,1,6,0,0.34,0.24,0.14,0.035,0.04,0.025,0.008,0.004,0.01,0.006,0.035,0.002,1,1,1,23.9701,0,0,130.224,1351,38,0,0,0,0,1.20255
1230,1430,2,17,4,4,1,1,2.06616,1.06167,0.375638,-1.67008,2,1,4.8,0,0.34,0.24,0.14,0.035,0.04,0.025,0.008,0.004,0.01,0.006,0.035,0.002,1,1,1,19.276,0,0,124.7,1095,2,0,0,0,0,0.724061
1230,1432,2,25,4,4,1,1,1.12017,1.87299,0.771482,0.262842,2,1,4.8,0,0.34,0.24,0.14,0.035,0.04,0.025,0.008,0.004,0.01,0.006,0.035,0.002,1,1,1,18.813,0,0,124,1384,2,0,0,0,0,1.27024
1230,1441,2,29,4,4,1,1,1.86211,1.18414,0.377722,-1.67479,2,1,4.8,0,0.34,0.24,0.14,0.035,0.04,0.025,0.008,0.004,0.01,0.006,0.035,0.002,1,1,1,23.57,0,0,111.303,1426,2,0,0,0,0,1.1124
1230,1449,2,23,4,4,1,1,1.33946,1.57014,0.533649,-2.57952,2,1,4.8,0,0.34,0.24,0.14,0.035,0.04,0.025,0.008,0.004,0.01,0.006,0.035,0.002,1,1,1,21.1674,0,0,102.072,1387,2,0,0,0,0,1.15247
1230,1454,38,22,5,5,1,2,1.87879,1.36009,0.292764,3.0154,3,1,6,0,0.34,0.24,0.14,0.035,0.04,0.025,0.008,0.004,0.01,0.006,0.035,0.002,1,1,1,10.429,0,0,97.5232,1425,38,0,0,0,0,1.18737
1230,1456,2,28,4,4,1,1,1.23233,1.71841,0.302866,-0.156783,2,1,4.8,0,0.34,0.24,0.14,0.035,0.04,0.025,0.008,0.004,0.01,0.006,0.035,0.002,1,1,1,12.2763,0,0,94.474,1388,2,0,0,0,0,0.570683
1230,1470,2,29,4,4,1,1,1.88767,1.1902,0.494604,-1.20755,2,1,4.8,0,0.34,0.24,0.14,0.035,0.04,0.025,0.008,0.004,0.01,0.006,0.035,0.002,1,1,1,7.20393,0,0,89.6752,1456,2,0,0,0,0,0.455112
1230,1479,2,28,4,4,1,1,1.79218,1.23551,0.344104,1.99037,2,1,4.8,0,0.34,0.24,0.14,0.035,0.04,0.025,0.008,0.004,0.01,0.006,0.035,0.002,1,1,1,10.6409,0,0,83.66,1388,2,0,0,0,0,0.606673
1230,1482,2,17,4,4,1,1,1.82545,1.11532,0.343312,-1.74408,2,1,4.8,0,0.34,0.24,0.14,0.035,0.04,0.025,0.008,0.004,0.01,0.006,0.035,0.002,1,1,1,10.3099,0,0,81.0856,1095,2,0,0,0,0,0.702657
1230,1485,2,29,4,4,1,1,1.21765,2.00822,0.553578,0.00546125,2,1,4.8,0,0.34,0.24,0.14,0.035,0.04,0.025,0.008,0.004,0.01,0.006,0.035,0.002,1,1,1,15.504,0,0,78.8611,1479,2,0,0,0,0,0.665489
1230,1487,2,26,4,4,1,1,1.16293,1.58542,0.405833,-2.80085,2,1,4.8,0,0.34,0.24,0.14,0.035,0.04,0.025,0.008,0.004,0.01,0.006,0.035,0.002,1,1,1,15.4566,0,0,77.8281,1432,2,0,0,0,0,0.543818
1230,1490,2,27,4,4,1,1,1.73026,1.24524,0.167897,-1.95268,2,1,4.8,0,0.34,0.24,0.14,0.035,0.04,0.025,0.008,0.004,0.01,0.006,0.035,0.002,1,1,1,6.48,0,0,74.5372,1383,2,0,0,0,0,0.474541
1230,1497,2,27,4,4,1,1,1.93076,1.12254,0.814025,-1.22052,2,1,4.8,0,0.34,0.24,0.14,0.035,0.04,0.025,0.008,0.004,0.01,0.006,0.035,0.002,1,1,1,16.4622,0,0,70.2382,1487,2,0,0,0,0,0.8221
1230,1514,2,26,4,4,1,1,1.84527,1.1443,0.402148,1.64508,2,1,4.8,0,0.34,0.24,0.14,0.035,0.04,0.025,0.008,0.004,0.01,0.006,0.035,0.002,1,1,1,7.57835,0,0,52.7207,1432,2,0,0,0,0,1.27878
1230,1515,2,24,4,4,1,1,1.86422,1.16028,0.630752,1.8531,2,1,4.8,0,0.34,0.24,0.14,0.035,0.04,0.025,0.008,0.004,0.01,0.006,0.035,0.002,1,1,1,9.29153,0,0,52.3956,1449,2,0,0,0,0,1.13458
1230,1516,2,23,4,4,1,1,1.45868,1.2534,0.3574,-2.28174,2,1,4.8,0,0.34,0.24,0.14,0.035,0.04,0.025,0.008,0.004,0.01,0.006,0.035,0.002,1,1,1,5.41448,0,0,47.6446,1387,2,0,0,0,0,1.27852
1230,1520,2,27,4,4,1,1,1.15774,1.94615,0.34429,0.0251771,2,1,4.8,0,0.34,0.24,0.14,0.035,0.04,0.025,0.008,0.004,0.01,0.006,0.035,0.002,1,1,1,4.91481,0,0,45.6525,1487,2,0,0,0,0,0.802304
1230,1526,2,28,4,4,1,1,1.80519,1.12259,0.221489,2.02005,2,1,4.8,0,0.34,0.24,0.14,0.035,0.04,0.025,0.008,0.004,0.01,0.006,0.035,0.002,1,1,1,3.91987,0,0,43.0019,1497,2,0,0,0,0,0.655988
1230,1527,2,25,4,4,1,1,1.34503,1.59989,0.355425,0.568128,2,1,4.8,0,0.34,0.24,0.14,0.035,0.04,0.025,0.008,0.004,0.01,0.006,0.035,0.002,1,1,1,4.15205,0,0,42.5352,1515,2,0,0,0,0,0.503759
1230,1529,2,24,4,4,1,1,1.73417,1.22002,0.165973,1.89535,2,1,4.8,0,0.34,0.24,0.14,0.035,0.04,0.025,0.008,0.004,0.01,0.006,0.035,0.002,1,1,1,6.56837,0,0,41.5766,1449,2,0,0,0,0,1.27046
1230,1543,2,25,4,4,1,1,1.67821,1.03265,0.664349,1.4022,2,1,4.8,0,0.34,0.24,0.14,0.035,0.04,0.025,0.008,0.004,0.01,0.006,0.035,0.002,1,1,1,5.33563,0,0,36.2838,1529,2,0,0,0,0,0.478778
1230,1545,38,22,5,5,1,2,1.98978,1.21031,0.266389,0.0758338,3,1,6,0,0.34,0.24,0.14,0.035,0.04,0.025,0.008,0.004,0.01,0.006,0.035,0.002,1,1,1,1.92,0,0,35.9754,1425,38,0,0,0,0,0.591094
1230,1546,2,27,4,4,1,1,1.69619,1.21033,0.337794,2.13989,2,1,4.8,0,0.34,0.24,0.14,0.035,0.04,0.025,0.008,0.004,0.01,0.006,0.035,0.002,1,1,1,3.40067,0,0,35.8421,1514,2,0,0,0,0,0.520108
1230,1547,2,30,4,4,1,1,1.34949,1.3885,0.168212,2.13387,2,1,4.8,0,0.34,0.24,0.14,0.035,0.04,0.025,0.008,0.004,0.01,0.006,0.035,0.002,1,1,1,4.56,0,0,34.8002,1441,2,0,0,0,0,0.490573
1230,1550,2,24,4,4,1,1,1.47595,1.21715,0.346844,-2.20313,2,1,4.8,0,0.34,0.24,0.14,0.035,0.04,0.025,0.008,0.004,0.01,0.006,0.035,0.002,1,1,1,1.44,0,0,30.7579,1449,2,0,0,0,0,0.521277
1230,1561,2,27,4,4,1,1,1.38387,1.24644,0.390473,2.13051,2,1,4.8,0,0.34,0.24,0.14,0.035,0.04,0.025,0.008,0.004,0.01,0.006,0.035,0.002,1,1,1,2.52,0,0,21.2164,1487,2,0,0,0,0,1.27027
1230,1565,2,28,4,4,1,1,1.91823,1.15223,0.111786,-1.38833,2,1,4.8,0,0.34,0.24,0.14,0.035,0.04,0.025,0.008,0.004,0.01,0.006,0.035,0.002,1,1,1,2.93094,0,0,19.9331,1497,2,0,0,0,0,1.19322
1230,1566,2,30,4,4,1,1,1.49894,1.38359,0.606912,2.30541,2,1,4.8,0,0.34,0.24,0.14,0.035,0.04,0.025,0.008,0.004,0.01,0.006,0.035,0.002,1,1,1,0.744,0,0,18.0998,1441,2,0,0,0,0,1.22698
1230,1574,2,26,4,4,1,1,1.55702,1.06801,0.668298,-1.92065,2,1,4.8,0,0.34,0.24,0.14,0.035,0.04,0.025,0.008,0.004,0.01,0.006,0.035,0.002,1,1,1,1.13737,0,0,12.5416,1543,2,0,0,0,0,1.15746
1230,1578,2,30,4,4,1,1,1.81261,1.31932,0.53844,2.18719,1,1,8.07939,0,0.34,0.24,0.14,0.035,0.04,0.025,0.008,0.004,0.01,0.006,0.035,0.002,1,1,1,2.16,0,0,10.5166,1485,2,0,0,0,0,0
1230,1585,2,28,4,4,1,1,1.19493,1.82133,0.416693,2.87376,2,1,4.8,0,0.34,0.24,0.14,0.035,0.04,0.025,0.008,0.004,0.01,0.006,0.035,0.002,1,1,1,0.350898,0,0,6.36666,1497,2,0,0,0,0,0.918844
1260,1387,2,22,4,4,1,1,1.05602,1.75794,0.329622,2.95807,2,1,4.8,0,0.34,0.24,0.14,0.035,0.04,0.025,0.008,0.004,0.01,0.006,0.035,0.002,1,1,1,32.0227,0,0,189.892,1379,2,0,0,0,0,0.436472
1260,1432,2,25,4,4,1,1,2.03471,1.13823,0.429848,-1.40401,2,1,4.8,0,0.34,0.24,0.14,0.035,0.04,0.025,0.008,0.004,0.01,0.006,0.035,0.002,1,1,1,24.405,0,0,153.993,1384,2,0,0,0,0,0.995997
1260,1441,2,29,4,4,1,1,1.20347,1.89797,0.290234,-0.261674,2,1,4.8,0,0.34,0.24,0.14,0.035,0.04,0.025,0.008,0.004,0.01,0.006,0.035,0.002,1,1,1,28.7584,0,0,141.296,1426,2,0,0,0,0,0.666068
1260,1449,2,23,4,4,1,1,1.49847,1.22318,0.345133,-2.17623,2,1,4.8,0,0.34,0.24,0.14,0.035,0.04,0.025,0.008,0.004,0.01,0.006,0.035,0.002,1,1,1,23.9889,0,0,132.065,1387,2,0,0,0,0,0.482473
1260,1487,2,26,4,4,1,1,1.72613,1.15878,0.37669,2.03768,2,1,4.8,0,0.34,0.24,0.14,0.035,0.04,0.025,0.008,0.004,0.01,0.006,0.035,0.002,1,1,1,18.4566,0,0,107.821,1432,2,0,0,0,0,0.498787
1260,1497,2,27,4,4,1,1,1.71373,1.21881,0.0901491,-0.865736,2,1,4.8,0,0.34,0.24,0.14,0.035,0.04,0.025,0.008,0.004,0.01,0.006,0.035,0.002,1,1,1,19.5332,0,0,100.231,1487,2,0,0,0,0,0
1260,1515,2,24,4,4,1,1,1.71774,1.19959,0.400348,-1.25234,2,1,4.8,0,0.34,0.24,0.14,0.035,0.04,0.025,0.008,0.004,0.01,0.006,0.035,0.002,1,1,1,12.8693,0,0,82.3936,1449,2,0,0,0,0,1.26557
1260,1516,2,23,4,4,1,1,1.51756,1.42679,0.38476,2.21495,2,1,4.8,0,0.34,0.24,0.14,0.035,0.04,0.025,0.008,0.004,0.01,0.006,0.035,0.002,1,1,1,10.2854,0,0,77.6448,1387,2,0,0,0,0,0.464123
1260,1520,2,27,4,4,1,1,2.1605,1.13564,0.448298,1.75403,2,1,4.8,0,0.34,0.24,0.14,0.035,0.04,0.025,0.008,0.004,0.01,0.006,0.035,0.002,1,1,1,8.03481,0,0,75.6536,1487,2,0,0,0,0,0
1260,1526,2,28,4,4,1,1,1.8389,1.13858,0.554946,2.02296,2,1,4.8,0,0.34,0.24,0.14,0.035,0.04,0.025,0.008,0.004,0.01,0.006,0.035,0.002,1,1,1,8.47987,0,0,73.0042,1497,2,0,0,0,0,1.27878
1260,1529,2,24,4,4,1,1,1.74725,1.03527,0.372606,-1.52069,2,1,4.8,0,0.34,0.24,0.14,0.035,0.04,0.025,0.008,0.004,0.01,0.006,0.035,0.002,1,1,1,10.5284,0,0,71.5796,1449,2,0,0,0,0,0.917628
1260,1543,2,25,4,4,1,1,1.49947,1.34797,0.295469,-0.941938,2,1,4.8,0,0.34,0.24,0.14,0.035,0.04,0.025,0.008,0.004,0.01,0.006,0.035,0.002,1,1,1,9.17563,0,0,66.2892,1529,2,0,0,0,0,1.18986
1260,1547,2,30,4,4,1,1,1.94012,1.20358,0.417601,-1.4766,2,1,4.8,0,0.34,0.24,0.14,0.035,0.04,0.025,0.008,0.004,0.01,0.006,0.035,0.002,1,1,1,6.96,0,0,64.8062,1441,2,0,0,0,0,1.23375
1260,1551,2,28,4,4,1,1,1.88703,1.12022,0.284761,2.11428,2,1,4.8,0,0.34,0.24,0.14,0.035,0.04,0.025,0.008,0.004,0.01,0.006,0.035,0.002,1,1,1,5.424,0,0,59.4805,1520,2,0,0,0,0,0.525751
1260,1554,2,26,4,4,1,1,2.27687,1.18076,0.553482,1.59724,2,1,4.8,0,0.34,0.24,0.14,0.035,0.04,0.025,0.008,0.004,0.01,0.006,0.035,0.002,1,1,1,4.44,0,0,56.3715,1432,2,0,0,0,0,1.26067
1260,1561,2,27,4,4,1,1,1.87286,1.12893,0.510075,-1.92705,2,1,4.8,0,0.34,0.24,0.14,0.035,0.04,0.025,0.008,0.004,0.01,0.006,0.035,0.002,1,1,1,8.4,0,0,51.2204,1487,2,0,0,0,0,1.1941
1260,1562,2,23,4,4,1,1,1.64108,1.14226,0.285691,-1.91854,2,1,4.8,0,0.34,0.24,0.14,0.035,0.04,0.025,0.008,0.004,0.01,0.006,0.035,0.002,1,1,1,4.8035,0,0,50.3619,1387,2,0,0,0,0,0.904751
1260,1566,2,30,4,4,1,1,1.18462,2.04473,0.49761,0.169642,2,1,4.8,0,0.34,0.24,0.14,0.035,0.04,0.025,0.008,0.004,0.01,0.006,0.035,0.002,1,1,1,6.62218,0,0,48.103,1441,2,0,0,0,0,0.65857
1260,1573,2,28,4,4,1,1,1.7025,1.20172,0.25924,2.13245,2,1,4.8,0,0.34,0.24,0.14,0.035,0.04,0.025,0.008,0.004,0.01,0.006,0.035,0.002,1,1,1,3.48,0,0,42.5769,1561,2,0,0,0,0,0.616634
1260,1574,2,26,4,4,1,1,1.68858,1.11376,0.723294,1.67803,2,1,4.8,0,0.34,0.24,0.14,0.035,0.04,0.025,0.008,0.004,0.01,0.006,0.035,0.002,1,1,1,9.28511,0,0,42.5435,1543,2,0,0,0,0,0.462579
1260,1575,2,29,4,4,1,1,1.80239,1.12103,0.497121,-1.35387,2,0,4.8,0,0.34,0.24,0.14,0.035,0.04,0.025,0.008,0.004,0.01,0.006,0.035,0.002,1,1,1,2.04,0,0,42.3851,1565,2,0,0,0,0,0.848974
1260,1578,2,30,4,4,1,1,1.29957,1.69516,0.0104457,-2.66948,1,1,8.07939,0,0.34,0.24,0.14,0.035,0.04,0.025,0.008,0.004,0.01,0.006,0.035,0.002,1,1,1,6.36,0,0,40.5181,1485,2,0,0,0,0,0
1260,1584,2,30,4,4,1,1,1.84473,1.21821,0.465204,1.33969,2,1,4.8,0,0.34,0.24,0.14,0.035,0.04,0.025,0.008,0.004,0.01,0.006,0.035,0.002,1,1,1,5.64,0,0,37.2841,1441,2,0,0,0,0,1.26676
1260,1585,2,28,4,4,1,1,1.16717,1.80501,0.444825,2.94187,2,1,4.8,0,0.34,0.24,0.14,0.035,0.04,0.025,0.008,0.004,0.01,0.006,0.035,0.002,1,1,1,2.6309,0,0,36.3672,1497,2,0,0,0,0,0.647912
1260,1586,2,27,4,4,1,1,1.10877,1.61744,0.477085,2.7801,2,1,4.8,0,0.34,0.24,0.14,0.035,0.04,0.025,0.008,0.004,0.01,0.006,0.035,0.002,1,1,1,3.06263,0,0,32.383,1574,2,0,0,0,0,0.713708
1290,1387,2,22,4,4,1,1,1.06239,1.87292,0.422034,0.165855,2,1,4.8,0,0.34,0.24,0.14,0.035,0.04,0.025,0.008,0.004,0.01,0.006,0.035,0.002,1,1,1,36.2821,0,0,219.885,1379,2,0,0,0,0,0.925366
1290,1432,2,25,1,4,1,0,0,0,0.430853,0,0,0,1.2,0,0.34,0.24,0.14,0.035,0.04,0.025,0.008,0.004,0.01,0.006,0.035,0.002,1,1,1,4.83045,0,0,183.985,1384,2,0,0,0,0,0
1290,1441,2,29,4,4,1,1,1.23227,1.82734,0.411815,2.58016,2,1,4.8,0,0.34,0.24,0.14,0.035,0.04,0.025,0.008,0.004,0.01,0.006,0.035,0.002,1,1,1,33.3832,0,0,171.289,1426,2,0,0,0,0,1.22289
1290,1515,2,24,4,4,1,1,1.17942,1.65443,0.538939,-0.57307,2,1,4.8,0,0.34,0.24,0.14,0.035,0.04,0.025,0.008,0.004,0.01,0.006,0.035,0.002,1,1,1,24.2735,0,0,112.386,1449,2,0,0,0,0,1.26557
1290,1516,2,23,4,4,1,1,1.15749,1.92273,0.308965,-0.625665,2,1,4.8,0,0.34,0.24,0.14,0.035,0.04,0.025,0.008,0.004,0.01,0.006,0.035,0.002,1,1,1,16.7202,0,0,107.637,1387,2,0,0,0,0,1.27852
1290,1526,2,28,4,4,1,1,1.31043,1.45169,0.362237,0.787516,2,1,4.8,0,0.34,0.24,0.14,0.035,0.04,0.025,0.008,0.004,0.01,0.006,0.035,0.002,1,1,1,16.48,0,0,102.997,1497,2,0,0,0,0,1.0178
1290,1534,2,24,4,4,1,1,1.8869,1.05153,0.414441,-1.63167,2,1,4.8,0,0.34,0.24,0.14,0.035,0.04,0.025,0.008,0.004,0.01,0.006,0.035,0.002,1,1,1,7.92708,0,0,99.4061,1516,2,0,0,0,0,0.724119
1290,1543,2,25,4,4,1,1,1.38171,1.16532,0.332894,-2.33866,2,1,4.8,0,0.34,0.24,0.14,0.035,0.04,0.025,0.008,0.004,0.01,0.006,0.035,0.002,1,1,1,17.0956,0,0,96.2819,1529,2,0,0,0,0,0.470454
1290,1547,2,30,4,4,1,1,1.63942,1.28227,0.403321,-1.09796,2,1,4.8,0,0.34,0.24,0.14,0.035,0.04,0.025,0.008,0.004,0.01,0.006,0.035,0.002,1,1,1,13.7881,0,0,94.7989,1441,2,0,0,0,0,1.19254
1290,1548,2,25,4,4,1,1,1.48092,1.33662,0.15852,2.15375,2,1,4.8,0,0.34,0.24,0.14,0.035,0.04,0.025,0.008,0.004,0.01,0.006,0.035,0.002,1,1,1,6.06201,0,0,91.7163,1515,2,0,0,0,0,0.807124
1290,1551,2,28,4,4,1,1,1.25838,1.54518,0.376254,0.669681,2,1,4.8,0,0.34,0.24,0.14,0.035,0.04,0.025,0.008,0.004,0.01,0.006,0.035,0.002,1,1,1,7.824,0,0,89.4752,1520,2,0,0,0,0,0.0123206
1290,1557,2,29,4,4,1,1,1.87923,1.14667,0.57912,1.58352,2,1,4.8,0,0.34,0.24,0.14,0.035,0.04,0.025,0.008,0.004,0.01,0.006,0.035,0.002,1,1,1,7.00699,0,0,85.9511,1526,2,0,0,0,0,1.24658
1290,1561,2,27,4,4,1,1,2.28377,1.19425,0.738075,1.76478,2,1,4.8,0,0.34,0.24,0.14,0.035,0.04,0.025,0.008,0.004,0.01,0.006,0.035,0.002,1,1,1,19.4234,0,0,81.2189,1487,2,0,0,0,0,0.936448
1290,1566,2,30,4,4,1,1,1.16094,1.93271,0.451778,0.28724,2,1,4.8,0,0.34,0.24,0.14,0.035,0.04,0.025,0.008,0.004,0.01,0.006,0.035,0.002,1,1,1,12.6702,0,0,78.103,1441,2,0,0,0,0,0.4345
1290,1574,2,26,4,4,1,1,1.0652,1.84364,0.712292,3.09859,2,1,4.8,0,0.34,0.24,0.14,0.035,0.04,0.025,0.008,0.004,0.01,0.006,0.035,0.002,1,1,1,12.7018,0,0,72.546,1543,2,0,0,0,0,1.25097
1290,1578,2,30,4,4,1,1,1.81645,1.17003,0.000408772,-1.34081,1,1,8.07939,0,0.34,0.24,0.14,0.035,0.04,0.025,0.008,0.004,0.01,0.006,0.035,0.002,1,1,1,7.56,0,0,70.5215,1485,2,0,0,0,0,0
1290,1584,2,30,4,4,1,1,1.14356,1.83191,0.57367,0.608231,2,1,4.8,0,0.34,0.24,0.14,0.035,0.04,0.025,0.008,0.004,0.01,0.006,0.035,0.002,1,1,1,8.424,0,0,67.289,1441,2,0,0,0,0,1.02923
1290,1586,2,27,4,4,1,1,2.02887,1.06019,0.0842798,-1.41649,2,1,4.8,0,0.34,0.24,0.14,0.035,0.04,0.025,0.008,0.004,0.01,0.006,0.035,0.002,1,1,1,7.39971,0,0,62.3894,1574,2,0,0,0,0,0.731707
1290,1592,2,26,4,4,1,1,1.34493,1.49563,0.311472,0.433909,2,1,4.8,0,0.34,0.24,0.14,0.035,0.04,0.025,0.008,0.004,0.01,0.006,0.035,0.002,1,1,1,4.8,0,0,56.3715,1543,2,0,0,0,0,0.965022
1290,1594,2,31,4,4,1,1,1.59926,1.29759,0.368403,1.03341,2,1,4.8,0,0.34,0.24,0.14,0.035,0.04,0.025,0.008,0.004,0.01,0.006,0.035,0.002,1,1,1,5.65106,0,0,55.9047,1566,2,0,0,0,0,1.27178
1290,1612,48,27,5,5,1,2,1.32947,1.68077,0.404918,1.73426,3,1,6,0,0.34,0.24,0.14,0.035,0.04,0.025,0.008,0.004,0.01,0.006,0.035,0.002,1,1,1,6.43283,0,0,38.0426,1554,2,0,0,0,0,1.63186
1290,1615,2,28,4,4,1,1,1.47545,1.18902,0.13713,-2.2071,1,1,4.8,0,0.34,0.24,0.14,0.035,0.04,0.025,0.008,0.004,0.01,0.006,0.035,0.002,1,1,1,0.72,0,0,33.5083,1586,2,0,0,0,1,0.279413
1290,1616,2,28,4,4,1,1,1.26976,1.58588,0.216351,0.654414,2,1,4.8,0,0.34,0.24,0.14,0.035,0.04,0.025,0.008,0.004,0.01,0.006,0.035,0.002,1,1,1,2.52,0,0,33.2832,1561,2,0,0,0,0,0.493718
1290,1620,2,27,4,4,1,1,1.24141,1.49434,0.204244,0.273058,2,1,4.8,0,0.34,0.24,0.14,0.035,0.04,0.025,0.008,0.004,0.01,0.006,0.035,0.002,1,1,1,7.19386,0,0,28.6496,1574,2,0,0,0,0,0.698315
1290,1624,2,28,4,4,1,1,1.03816,1.7558,0.123832,2.92198,2,1,4.8,0,0.34,0.24,0.14,0.035,0.04,0.025,0.008,0.004,0.01,0.006,0.035,0.002,1,1,1,1.44,0,0,23.8497,1620,2,0,0,0,0,0.696371
1290,1630,2,31,4,4,1,1,1.8279,1.19721,0.310691,1.51812,2,1,4.8,0,0.34,0.24,0.14,0.035,0.04,0.025,0.008,0.004,0.01,0.006,0.035,0.002,1,1,1,0.544227,0,0,22.4081,1547,2,0,0,0,0,0.476497
1290,1631,2,31,4,4,1,1,1.29781,1.78219,0.414563,2.80277,2,1,4.8,0,0.34,0.24,0.14,0.035,0.04,0.025,0.008,0.004,0.01,0.006,0.035,0.002,1,1,1,1.37876,0,0,21.5248,1566,2,0,0,0,0,0.383866
1290,1632,2,25,4,4,1,1,1.82676,1.15823,0.39967,1.90665,2,1,4.8,0,0.34,0.24,0.14,0.035,0.04,0.025,0.008,0.004,0.01,0.006,0.035,0.002,1,1,1,1.248,0,0,19.7831,1515,2,0,0,0,0,0.815643
1290,1633,2,24,4,4,1,1,1.44075,1.51087,0.26416,-2.45772,1,1,4.8,1,0.34,0.24,0.14,0.035,0.04,0.025,0.008,0.004,0.01,0.006,0.035,0.002,1,1,1,0.4292,0,0,19.4248,1516,2,0,0,0,0,0
1290,1634,2,26,4,4,1,1,1.18309,1.38255,0.540702,2.38523,2,1,4.8,0,0.34,0.24,0.14,0.035,0.04,0.025,0.008,0.004,0.01,0.006,0.035,0.002,1,1,1,1.32,0,0,18.6665,1543,2,0,0,0,0,0.464301
1290,1635,2,30,4,4,1,1,1.57973,1.22771,0.46376,-0.956113,2,1,4.8,0,0.34,0.24,0.14,0.035,0.04,0.025,0.008,0.004,0.01,0.006,0.035,0.002,1,1,1,1.31258,0,0,18.5081,1557,2,0,0,0,0,1.07513
1290,1639,2,28,5,5,1,1,2.03726,1.64666,0.233638,1.1564,2,2,6,0,0.34,0.24,0.14,0.035,0.04,0.025,0.008,0.004,0.01,0.006,0.035,0.002,1,1,1,1.85533,0,0,14.2415,1561,2,0,0,0,0,0.945339
1290,1642,2,25,4,4,1,1,1.13873,1.94269,0.491025,-0.385608,2,1,4.8,0,0.34,0.24,0.14,0.035,0.04,0.025,0.008,0.004,0.01,0.006,0.035,0.002,1,1,1,2.42362,0,0,8.96662,1515,2,0,0,0,0,1.19691
1320,1387,2,22,4,4,1,1,1.5625,1.2423,0.299271,-2.04092,2,1,4.8,0,0.34,0.24,0.14,0.035,0.04,0.025,0.008,0.004,0.01,0.006,0.035,0.002,1,1,1,41.5641,0,0,249.878,1379,2,0,0,0,0,1.27852
1320,1441,2,29,4,4,1,1,1.17233,2.19973,0.0184116,-2.84368,2,1,4.8,0,0.34,0.24,0.14,0.035,0.04,0.025,0.008,0.004,0.01,0.006,0.035,0.002,1,1,1,39.7082,0,0,201.281,1426,2,0,0,0,0,0.683796
1320,1515,2,24,4,4,1,1,1.06072,1.96204,0.526121,-3.05478,2,1,4.8,0,0.34,0.24,0.14,0.035,0.04,0.025,0.008,0.004,0.01,0.006,0.035,0.002,1,1,1,29.0022,0,0,142.379,1449,2,0,0,0,0,0.613781
1320,1526,2,28,4,4,1,1,1.14067,1.80905,0.402238,3.08929,2,1,4.8,0,0.34,0.24,0.14,0.035,0.04,0.025,0.008,0.004,0.01,0.006,0.035,0.002,1,1,1,19.48,0,0,132.99,1497,2,0,0,0,0,0.512422
1320,1543,2,25,4,4,1,1,1.22903,1.57311,0.572636,0.264383,2,1,4.8,0,0.34,0.24,0.14,0.035,0.04,0.025,0.008,0.004,0.01,0.006,0.035,0.002,1,1,1,19.1356,0,0,126.275,1529,2,0,0,0,0,0.872099
1320,1547,2,30,4,4,1,1,1.2969,1.58242,0.776218,2.58706,2,1,4.8,0,0.34,0.24,0.14,0.035,0.04,0.025,0.008,0.004,0.01,0.006,0.035,0.002,1,1,1,23.2473,0,0,124.792,1441,2,0,0,0,0,1.26676
1320,1557,2,29,4,4,1,1,1.14881,1.84251,0.112953,0.0661384,2,1,4.8,0,0.34,0.24,0.14,0.035,0.04,0.025,0.008,0.004,0.01,0.006,0.035,0.002,1,1,1,11.0214,0,0,115.944,1526,2,0,0,0,0,0
1320,1561,2,27,4,4,1,1,1.88973,1.09999,0.51081,-1.26352,2,1,4.8,0,0.34,0.24,0.14,0.035,0.04,0.025,0.008,0.004,0.01,0.006,0.035,0.002,1,1,1,23.8871,0,0,111.212,1487,2,0,0,0,0,1.07385
1320,1578,2,30,4,4,1,1,1.81613,1.1697,9.70802e-09,-1.33945,1,1,8.07939,0,0.34,0.24,0.14,0.035,0.04,0.025,0.008,0.004,0.01,0.006,0.035,0.002,1,1,1,10.56,0,0,100.514,1485,2,0,0,0,0,0
1320,1584,2,30,4,4,1,1,1.92193,1.17813,0.15834,1.87947,2,1,4.8,0,0.34,0.24,0.14,0.035,0.04,0.025,0.008,0.004,0.01,0.006,0.035,0.002,1,1,1,14.3447,0,0,97.2816,1441,2,0,0,0,0,0.549725
1320,1586,2,27,4,4,1,1,1.84249,1.05652,0.391907,-1.35385,2,1,4.8,0,0.34,0.24,0.14,0.035,0.04,0.025,0.008,0.004,0.01,0.006,0.035,0.002,1,1,1,9.97135,0,0,92.3828,1574,2,0,0,0,0,0.733245
1320,1592,2,26,4,4,1,1,1.16223,1.51009,0.39503,-0.616414,2,1,4.8,0,0.34,0.24,0.14,0.035,0.04,0.025,0.008,0.004,0.01,0.006,0.035,0.002,1,1,1,9.19481,0,0,86.3676,1543,2,0,0,0,0,0.925827
1320,1612,48,27,5,5,1,2,1.84093,1.12454,0.104639,1.17008,3,1,6,0,0.34,0.24,0.14,0.035,0.04,0.025,0.008,0.004,0.01,0.006,0.035,0.002,1,1,1,9.19283,0,0,68.0471,1554,2,0,0,0,0,0
1320,1616,2,28,4,4,1,1,1.20225,1.69617,0.555266,2.9128,2,1,4.8,0,0.34,0.24,0.14,0.035,0.04,0.025,0.008,0.004,0.01,0.006,0.035,0.002,1,1,1,9.35548,0,0,63.2896,1561,2,0,0,0,0,0.942093
1320,1620,2,27,4,4,1,1,1.27299,1.37225,0.229601,2.3228,2,1,4.8,0,0.34,0.24,0.14,0.035,0.04,0.025,0.008,0.004,0.01,0.006,0.035,0.002,1,1,1,10.7939,0,0,58.6553,1574,2,0,0,0,0,0.501228
1320,1624,2,28,4,4,1,1,1.69571,1.19919,0.720284,1.83953,2,1,4.8,0,0.34,0.24,0.14,0.035,0.04,0.025,0.008,0.004,0.01,0.006,0.035,0.002,1,1,1,6.312,0,0,53.8543,1620,2,0,0,0,0,1.14323
1320,1632,2,25,4,4,1,1,1.33046,1.5641,0.425535,0.567668,2,1,4.8,0,0.34,0.24,0.14,0.035,0.04,0.025,0.008,0.004,0.01,0.006,0.035,0.002,1,1,1,5.36032,0,0,49.7867,1515,2,0,0,0,0,1.12466
1320,1633,2,24,3,4,1,0,0.857851,1.41366,0.0154466,2.13336,1,1,3.6,0,0.34,0.24,0.14,0.035,0.04,0.025,0.008,0.004,0.01,0.006,0.035,0.002,1,1,1,2.92374,0,0,49.4283,1516,2,0,0,0,0,0
1320,1634,2,26,4,4,1,1,1.46972,1.22048,0.258507,0.963085,2,1,4.8,0,0.34,0.24,0.14,0.035,0.04,0.025,0.008,0.004,0.01,0.006,0.035,0.002,1,1,1,4.10677,0,0,48.6698,1543,2,0,0,0,0,0.596421
1320,1635,2,30,4,4,1,1,1.2802,1.62363,0.342178,2.73521,2,1,4.8,0,0.34,0.24,0.14,0.035,0.04,0.025,0.008,0.004,0.01,0.006,0.035,0.002,1,1,1,4.30825,0,0,48.5115,1557,2,0,0,0,0,0.842602
1320,1642,2,25,4,4,1,1,1.80319,1.12839,0.397593,1.03389,2,1,4.8,0,0.34,0.24,0.14,0.035,0.04,0.025,0.008,0.004,0.01,0.006,0.035,0.002,1,1,1,8.18362,0,0,38.9678,1515,2,0,0,0,0,0.662314
1320,1646,2,26,4,4,1,1,1.88135,1.16897,0.46896,1.24648,2,1,4.8,0,0.34,0.24,0.14,0.035,0.04,0.025,0.008,0.004,0.01,0.006,0.035,0.002,1,1,1,3.96,0,0,34.1667,1642,2,0,0,0,0,1.26557
1320,1649,2,27,4,4,1,1,1.19309,1.40684,0.161329,-0.694555,2,1,4.8,0,0.34,0.24,0.14,0.035,0.04,0.025,0.008,0.004,0.01,0.006,0.035,0.002,1,1,1,2.82251,0,0,31.3996,1592,2,0,0,0,0,1.21175
1320,1652,2,28,4,4,1,1,1.44294,1.16357,0.167962,-2.04263,2,1,4.8,0,0.34,0.24,0.14,0.035,0.04,0.025,0.008,0.004,0.01,0.006,0.035,0.002,1,1,1,2.88,0,0,29.8996,1620,2,0,0,0,0,0.967488
1320,1666,2,30,5,5,1,1,1.87014,1.62944,0.657172,-1.21653,2,1,6,0,0.34,0.24,0.14,0.035,0.04,0.025,0.008,0.004,0.01,0.006,0.035,0.002,1,1,1,4.44,0,0,22.4914,1441,2,0,0,0,0,1.19157
1320,1668,2,29,4,4,1,1,1.72647,1.37569,0.336389,-0.54483,2,1,4.8,0,0.34,0.24,0.14,0.035,0.04,0.025,0.008,0.004,0.01,0.006,0.035,0.002,1,1,1,3.2599,0,0,21.5998,1616,2,0,0,0,0,0.632389
1320,1669,2,28,4,4,1,1,1.13751,1.93745,0.290964,0.153251,2,1,4.8,0,0.34,0.24,0.14,0.035,0.04,0.025,0.008,0.004,0.01,0.006,0.035,0.002,1,1,1,2.04036,0,0,21.4081,1561,2,0,0,0,0,0.710359
1320,1682,2,31,4,4,1,1,1.7696,1.21087,0.346108,-1.83552,2,1,4.8,0,0.34,0.24,0.14,0.035,0.04,0.025,0.008,0.004,0.01,0.006,0.035,0.002,1,1,1,0.72,0,0,11.4999,1547,2,0,0,0,0,0.388022
1350,1387,2,22,4,4,1,1,1.88786,1.04188,0.404047,1.68786,2,1,4.8,0,0.34,0.24,0.14,0.035,0.04,0.025,0.008,0.004,0.01,0.006,0.035,0.002,1,1,1,45.5393,0,0,279.87,1379,2,0,0,0,0,0.710121
1350,1515,2,24,4,4,1,1,1.77119,1.04037,0.191166,-1.73632,2,1,4.8,0,0.34,0.24,0.14,0.035,0.04,0.025,0.008,0.004,0.01,0.006,0.035,0.002,1,1,1,34.1622,0,0,172.372,1449,2,0,0,0,0,0.788588
1350,1526,2,28,4,4,1,1,1.73848,1.14374,0.280424,1.57155,2,1,4.8,0,0.34,0.24,0.14,0.035,0.04,0.025,0.008,0.004,0.01,0.006,0.035,0.002,1,1,1,24.4783,0,0,162.982,1497,2,0,0,0,0,0.497185
1350,1543,2,25,4,4,1,1,1.72094,1.12455,0.322439,1.74673,2,1,4.8,0,0.34,0.24,0.14,0.035,0.04,0.025,0.008,0.004,0.01,0.006,0.035,0.002,1,1,1,23.7477,0,0,156.267,1529,2,0,0,0,0,0.665024
1350,1547,2,30,4,4,1,1,1.45646,1.42842,0.576953,-0.718647,2,1,4.8,0,0.34,0.24,0.14,0.035,0.04,0.025,0.008,0.004,0.01,0.006,0.035,0.002,1,1,1,28.7179,0,0,154.784,1441,2,0,0,0,0,0.914005
1350,1561,2,27,4,4,1,1,1.11886,1.86673,0.298686,-2.94177,2,1,4.8,0,0.34,0.24,0.14,0.035,0.04,0.025,0.008,0.004,0.01,0.006,0.035,0.002,1,1,1,29.6471,0,0,141.204,1487,2,0,0,0,0,1.27722
1350,1578,2,30,4,4,1,1,1.51087,1.30725,7.78033e-05,-2.11243,1,1,8.07939,0,0.34,0.24,0.14,0.035,0.04,0.025,0.008,0.004,0.01,0.006,0.035,0.002,1,1,1,14.16,0,0,130.507,1485,2,0,0,0,0,0
1350,1584,2,30,4,4,1,1,2.03021,1.19591,0.525295,-1.33986,2,1,4.8,0,0.34,0.24,0.14,0.035,0.04,0.025,0.008,0.004,0.01,0.006,0.035,0.002,1,1,1,20.72,0,0,127.274,1441,2,0,0,0,0,1.18223
1350,1592,2,26,4,4,1,1,1.109,1.64473,0.387721,-0.462398,2,1,4.8,0,0.34,0.24,0.14,0.035,0.04,0.025,0.008,0.004,0.01,0.006,0.035,0.002,1,1,1,12.0143,0,0,116.36,1543,2,0,0,0,0,0.846424
1350,1616,2,28,4,4,1,1,1.49986,1.27341,0.509468,2.33544,2,1,4.8,0,0.34,0.24,0.14,0.035,0.04,0.025,0.008,0.004,0.01,0.006,0.035,0.002,1,1,1,16.1895,0,0,93.2826,1561,2,0,0,0,0,1.23894
1350,1620,2,27,4,4,1,1,1.97961,1.06486,0.33855,-1.31017,2,1,4.8,0,0.34,0.24,0.14,0.035,0.04,0.025,0.008,0.004,0.01,0.006,0.035,0.002,1,1,1,16.6163,0,0,88.6504,1574,2,0,0,0,0,0.966482
1350,1624,2,28,4,4,1,1,1.63313,1.11768,0.532143,-2.06126,2,1,4.8,0,0.34,0.24,0.14,0.035,0.04,0.025,0.008,0.004,0.01,0.006,0.035,0.002,1,1,1,10.1585,0,0,83.8516,1620,2,0,0,0,0,1.18063
1350,1632,2,25,4,4,1,1,1.33815,1.33483,0.159437,1.94371,2,1,4.8,0,0.34,0.24,0.14,0.035,0.04,0.025,0.008,0.004,0.01,0.006,0.035,0.002,1,1,1,8.96032,0,0,79.7859,1515,2,0,0,0,0,0.702529
1350,1642,2,25,4,4,1,1,1.96694,1.08796,0.211687,1.64273,2,1,4.8,0,0.34,0.24,0.14,0.035,0.04,0.025,0.008,0.004,0.01,0.006,0.035,0.002,1,1,1,13.1036,0,0,68.9719,1515,2,0,0,0,0,0.465687
1350,1646,2,26,4,4,1,1,1.2266,1.52118,0.158385,-0.617342,2,1,4.8,0,0.34,0.24,0.14,0.035,0.04,0.025,0.008,0.004,0.01,0.006,0.035,0.002,1,1,1,9.46402,0,0,64.1731,1642,2,0,0,0,0,1.01844
1350,1649,2,27,3,4,1,0,0.845366,1.34772,0.0350901,2.52838,1,1,3.6,0,0.34,0.24,0.14,0.035,0.04,0.025,0.008,0.004,0.01,0.006,0.035,0.002,1,1,1,5.22375,0,0,61.4059,1592,2,0,0,0,0,0
1350,1657,2,27,4,4,1,1,1.05146,2.03736,0.451277,-3.01329,2,1,4.8,0,0.34,0.24,0.14,0.035,0.04,0.025,0.008,0.004,0.01,0.006,0.035,0.002,1,1,1,7.59998,0,0,57.9635,1646,2,0,0,0,0,0.482814
1350,1660,2,23,4,4,1,1,1.39031,1.30616,0.43491,-2.45504,2,1,4.8,0,0.34,0.24,0.14,0.035,0.04,0.025,0.008,0.004,0.01,0.006,0.035,0.002,1,1,1,6.67639,0,0,56.9383,1387,2,0,0,0,0,0.458656
1350,1666,2,30,5,5,1,1,1.51369,1.8851,0.161127,1.04148,2,1,6,0,0.34,0.24,0.14,0.035,0.04,0.025,0.008,0.004,0.01,0.006,0.035,0.002,1,1,1,9.74032,0,0,52.4956,1441,2,0,0,0,0,0.384011
1350,1667,2,31,4,4,1,1,1.16555,1.95705,0.426422,0.286633,2,1,4.8,0,0.34,0.24,0.14,0.035,0.04,0.025,0.008,0.004,0.01,0.006,0.035,0.002,1,1,1,5.52,0,0,51.6205,1584,2,0,0,0,0,1.01947
1350,1668,2,29,4,4,1,1,2.01534,1.05068,0.407286,-1.02207,2,1,4.8,0,0.34,0.24,0.14,0.035,0.04,0.025,0.008,0.004,0.01,0.006,0.035,0.002,1,1,1,11.1222,0,0,51.6038,1616,2,0,0,0,0,1.27027
1350,1673,2,25,4,4,1,1,1.34051,1.51073,0.450959,0.545046,2,1,4.8,0,0.34,0.24,0.14,0.035,0.04,0.025,0.008,0.004,0.01,0.006,0.035,0.002,1,1,1,1.8,0,0,46.2943,1515,2,0,0,0,0,0.765497
1350,1677,2,31,5,5,1,1,1.79277,1.67014,0.434256,-0.898636,2,1,6,0,0.34,0.24,0.14,0.035,0.04,0.025,0.008,0.004,0.01,0.006,0.035,0.002,1,1,1,4.68,0,0,42.5769,1666,2,0,0,0,0,0
1350,1683,2,26,4,4,1,1,2.0467,1.04081,0.0625916,-1.69131,2,1,4.8,0,0.34,0.24,0.14,0.035,0.04,0.025,0.008,0.004,0.01,0.006,0.035,0.002,1,1,1,3.36,0,0,40.3264,1642,2,0,0,0,0,0.649012
1350,1690,2,30,4,4,1,1,1.26293,1.48116,0.429032,0.779017,2,1,4.8,0,0.34,0.24,0.14,0.035,0.04,0.025,0.008,0.004,0.01,0.006,0.035,0.002,1,1,1,3.47399,0,0,35.267,1668,2,0,0,0,0,1.1677
1350,1694,2,31,4,4,1,1,1.89201,1.19037,0.366705,-1.41805,2,1,4.8,0,0.34,0.24,0.14,0.035,0.04,0.025,0.008,0.004,0.01,0.006,0.035,0.002,1,1,1,1.62064,0,0,30.683,1547,2,0,0,0,0,0.461655
1350,1700,2,29,4,4,1,1,1.14116,1.92688,0.308923,0.0288449,2,1,4.8,0,0.34,0.24,0.14,0.035,0.04,0.025,0.008,0.004,0.01,0.006,0.035,0.002,1,1,1,5.54053,0,0,27.9663,1616,2,0,0,0,0,1.24309
1350,1704,2,28,4,4,1,1,1.05204,1.97979,0.663861,3.0562,2,1,4.8,0,0.34,0.24,0.14,0.035,0.04,0.025,0.008,0.004,0.01,0.006,0.035,0.002,1,1,1,2.28,0,0,24.8914,1657,2,0,0,0,0,0.741434
1350,1705,2,30,5,5,1,1,1.94473,2.26606,0.267968,-1.78578,2,2,6,0,0.34,0.24,0.14,0.035,0.04,0.025,0.008,0.004,0.01,0.006,0.035,0.002,1,1,1,4.9228,0,0,23.1664,1700,2,0,0,0,0,0.94647
1350,1709,2,31,4,4,1,1,1.18924,1.66571,0.50916,2.95027,2,1,4.8,0,0.34,0.24,0.14,0.035,0.04,0.025,0.008,0.004,0.01,0.006,0.035,0.002,1,1,1,3.80087,0,0,19.8664,1547,2,0,0,0,0,1.06499
1350,1717,2,32,4,4,1,1,1.25404,1.77426,0.183496,2.90974,2,1,4.8,0,0.34,0.24,0.14,0.035,0.04,0.025,0.008,0.004,0.01,0.006,0.035,0.002,1,1,1,0.48,0,0,15.0665,1709,2,0,0,0,0,1.08442
1350,1724,2,30,5,5,1,1,1.93857,3.04008,0.620729,-0.297326,3,1,6,0,0.34,0.24,0.14,0.035,0.04,0.025,0.008,0.004,0.01,0.006,0.035,0.002,1,1,1,1.41212,0,0,7.23331,1668,2,0,0,0,0,1.37211
1380,1515,2,24,4,4,1,1,1.20683,1.48743,0.404284,-0.502376,2,1,4.8,0,0.34,0.24,0.14,0.035,0.04,0.025,0.008,0.004,0.01,0.006,0.035,0.002,1,1,1,42.3222,0,0,202.364,1449,2,0,0,0,0,0.659787
1380,1526,2,28,4,4,1,1,1.06791,2.0748,0.275425,-2.5577,2,1,4.8,0,0.34,0.24,0.14,0.035,0.04,0.025,0.008,0.004,0.01,0.006,0.035,0.002,1,1,1,31.6753,0,0,192.975,1497,2,0,0,0,0,1.19749
1380,1578,2,30,4,4,1,1,1.32067,1.4523,0.36123,-0.626443,1,1,8.07939,0,0.34,0.24,0.14,0.035,0.04,0.025,0.008,0.004,0.01,0.006,0.035,0.002,1,1,1,16.44,0,0,160.5,1485,2,0,0,0,0,0.282837
1380,1584,2,30,4,4,1,1,1.13305,1.80563,0.191505,-2.83125,2,1,4.8,0,0.34,0.24,0.14,0.035,0.04,0.025,0.008,0.004,0.01,0.006,0.035,0.002,1,1,1,29.1778,0,0,157.267,1441,2,0,0,0,0,0.624505
1380,1616,2,28,4,4,1,1,1.22705,2.38522,0.649154,0.130457,2,1,4.8,0,0.34,0.24,0.14,0.035,0.04,0.025,0.008,0.004,0.01,0.006,0.035,0.002,1,1,1,23.9207,0,0,123.275,1561,2,0,0,0,0,0.727689
1380,1620,2,27,4,4,1,1,1.13756,1.63554,0.459098,-0.479051,2,1,4.8,0,0.34,0.24,0.14,0.035,0.04,0.025,0.008,0.004,0.01,0.006,0.035,0.002,1,1,1,18.3944,0,0,118.643,1574,2,0,0,0,0,0.716206
1380,1624,2,28,4,4,1,1,1.07953,1.90579,0.186937,-0.207847,2,1,4.8,0,0.34,0.24,0.14,0.035,0.04,0.025,0.008,0.004,0.01,0.006,0.035,0.002,1,1,1,15.5058,0,0,113.844,1620,2,0,0,0,0,0.427213
1380,1646,2,26,4,4,1,1,1.31162,1.74543,0.353512,0.142465,2,1,4.8,0,0.34,0.24,0.14,0.035,0.04,0.025,0.008,0.004,0.01,0.006,0.035,0.002,1,1,1,14.3914,0,0,94.1657,1642,2,0,0,0,0,0.654492
1380,1660,2,23,4,4,1,1,1.67213,1.1437,0.519458,-2.061,2,1,4.8,0,0.34,0.24,0.14,0.035,0.04,0.025,0.008,0.004,0.01,0.006,0.035,0.002,1,1,1,10.495,0,0,86.9342,1387,2,0,0,0,0,0.9524
1380,1664,2,29,4,4,1,1,1.28136,1.66869,0.534568,-2.45462,2,1,4.8,0,0.34,0.24,0.14,0.035,0.04,0.025,0.008,0.004,0.01,0.006,0.035,0.002,1,1,1,5.07798,0,0,83.3934,1526,2,0,0,0,0,0.620232
1380,1666,2,30,5,5,1,1,2.06432,1.75431,0.220189,1.62403,2,1,6,0,0.34,0.24,0.14,0.035,0.04,0.025,0.008,0.004,0.01,0.006,0.035,0.002,1,1,1,15.282,0,0,82.4936,1441,2,0,0,0,0,0.792069
1380,1668,2,29,4,4,1,1,1.08648,1.9118,0.335876,0.331441,2,1,4.8,0,0.34,0.24,0.14,0.035,0.04,0.025,0.008,0.004,0.01,0.006,0.035,0.002,1,1,1,15.3222,0,0,81.6021,1616,2,0,0,0,0,0.782493
1380,1690,2,30,4,4,1,1,1.83326,1.11168,0.470193,1.75591,2,1,4.8,0,0.34,0.24,0.14,0.035,0.04,0.025,0.008,0.004,0.01,0.006,0.035,0.002,1,1,1,8.03399,0,0,65.2728,1668,2,0,0,0,0,0.970362
1380,1700,2,29,4,4,1,1,1.44457,1.34291,0.275003,-2.03733,2,1,4.8,0,0.34,0.24,0.14,0.035,0.04,0.025,0.008,0.004,0.01,0.006,0.035,0.002,1,1,1,9.92838,0,0,57.9718,1616,2,0,0,0,0,0.651651
1380,1704,2,28,4,4,1,1,1.4007,1.54259,0.231044,0.519719,2,1,4.8,0,0.34,0.24,0.14,0.035,0.04,0.025,0.008,0.004,0.01,0.006,0.035,0.002,1,1,1,9.01368,0,0,54.8962,1657,2,0,0,0,0,0.485913
1380,1705,2,30,5,5,1,1,2.13306,2.08779,0.274822,2.39998,2,2,6,0,0.34,0.24,0.14,0.035,0.04,0.025,0.008,0.004,0.01,0.006,0.035,0.002,1,1,1,9.20775,0,0,53.1708,1700,2,0,0,0,0,0.898119
1380,1709,2,31,4,4,1,1,1.41924,1.38486,0.202832,-0.855131,2,1,4.8,0,0.34,0.24,0.14,0.035,0.04,0.025,0.008,0.004,0.01,0.006,0.035,0.002,1,1,1,8.15608,0,0,49.8701,1547,2,0,0,0,0,0.506145
1380,1717,2,32,4,4,1,1,1.95613,1.17641,0.39613,-1.15602,2,1,4.8,0,0.34,0.24,0.14,0.035,0.04,0.025,0.008,0.004,0.01,0.006,0.035,0.002,1,1,1,5.06032,0,0,45.0691,1709,2,0,0,0,0,0.398366
1380,1718,2,29,4,4,1,1,1.23349,1.54776,0.506239,-2.50032,2,1,4.8,0,0.34,0.24,0.14,0.035,0.04,0.025,0.008,0.004,0.01,0.006,0.035,0.002,1,1,1,7.08,0,0,42.9603,1616,2,0,0,0,0,0.767596
1380,1722,2,31,4,4,1,1,1.17376,1.6572,0.366432,0.570572,2,1,4.8,0,0.34,0.24,0.14,0.035,0.04,0.025,0.008,0.004,0.01,0.006,0.035,0.002,1,1,1,6,0,0,39.6429,1584,2,0,0,0,0,0.856406
1380,1724,2,30,5,5,1,1,2.32671,2.38576,0.407609,2.87295,3,1,6,0,0.34,0.24,0.14,0.035,0.04,0.025,0.008,0.004,0.01,0.006,0.035,0.002,1,1,1,5.51612,0,0,37.234,1668,2,0,0,0,0,0.933789
1380,1732,2,29,4,4,1,1,1.84806,1.17391,0.322062,-1.39953,2,1,4.8,0,0.34,0.24,0.14,0.035,0.04,0.025,0.008,0.004,0.01,0.006,0.035,0.002,1,1,1,3.85687,0,0,28.633,1704,2,0,0,0,0,0.571571
1380,1739,2,30,4,4,1,1,1.27523,1.31473,0.236122,0.899363,2,1,4.8,0,0.34,0.24,0.14,0.035,0.04,0.025,0.008,0.004,0.01,0.006,0.035,0.002,1,1,1,1.56,0,0,25.2164,1668,2,0,0,0,0,0.745484
1380,1744,2,30,4,4,1,1,1.74598,1.1492,0.509866,2.02293,2,1,4.8,0,0.34,0.24,0.14,0.035,0.04,0.025,0.008,0.004,0.01,0.006,0.035,0.002,1,1,1,3.36,0,0,24.458,1718,2,0,0,0,0,0.485873
1380,1749,2,29,4,4,1,1,1.24838,1.22817,0.673831,0.148355,2,1,4.8,0,0.34,0.24,0.14,0.035,0.04,0.025,0.008,0.004,0.01,0.006,0.035,0.002,1,1,1,1.29279,0,0,20.3331,1616,2,0,0,0,0,0.874278
1380,1753,2,30,4,4,1,1,1.72211,1.20634,0.633734,-2.18871,2,1,4.8,0,0.34,0.24,0.14,0.035,0.04,0.025,0.008,0.004,0.01,0.006,0.035,0.002,1,1,1,1.76945,0,0,17.5082,1732,2,0,0,0,0,1.0203
1380,1754,2,25,4,4,1,1,1.35719,1.42818,0.150946,0.540053,1,1,4.8,0,0.34,0.24,0.14,0.035,0.04,0.025,0.008,0.004,0.01,0.006,0.035,0.002,1,1,1,0.48,0,0,17.4082,1515,2,0,1,0,0,0
1380,1757,2,31,4,4,1,1,1.75803,1.17017,0.564307,2.18189,2,1,4.8,0,0.34,0.24,0.14,0.035,0.04,0.025,0.008,0.004,0.01,0.006,0.035,0.002,1,1,1,1.68,0,0,11.9916,1584,2,0,0,0,0,1.05938
1410,1515,2,24,4,4,1,1,1.79806,1.25155,0.158725,-0.986677,2,1,4.8,0,0.34,0.24,0.14,0.035,0.04,0.025,0.008,0.004,0.01,0.006,0.035,0.002,1,1,1,48.8547,0,0,232.357,1449,2,0,0,0,0,1.04441
1410,1526,2,28,4,4,1,1,1.30343,1.50428,0.364425,-2.2339,2,1,4.8,0,0.34,0.24,0.14,0.035,0.04,0.025,0.008,0.004,0.01,0.006,0.035,0.002,1,1,1,38.5321,0,0,222.968,1497,2,0,0,0,0,0.859716
1410,1584,2,30,4,4,1,1,1.5227,1.24467,0.402692,-0.785141,2,1,4.8,0,0.34,0.24,0.14,0.035,0.04,0.025,0.008,0.004,0.01,0.006,0.035,0.002,1,1,1,35.3858,0,0,187.26,1441,2,0,0,0,0,0.981894
1410,1616,2,28,4,4,1,1,1.73539,1.18676,0.207886,1.27966,2,1,4.8,0,0.34,0.24,0.14,0.035,0.04,0.025,0.008,0.004,0.01,0.006,0.035,0.002,1,1,1,28.161,0,0,153.268,1561,2,0,0,0,0,0.770155
1410,1620,2,27,4,4,1,1,1.29289,1.60983,0.476479,0.553716,2,1,4.8,0,0.34,0.24,0.14,0.035,0.04,0.025,0.008,0.004,0.01,0.006,0.035,0.002,1,1,1,27.8268,0,0,148.636,1574,2,0,0,0,0,1.15437
1410,1646,2,26,4,4,1,1,1.44583,1.6191,0.383549,0.470355,2,1,4.8,0,0.34,0.24,0.14,0.035,0.04,0.025,0.008,0.004,0.01,0.006,0.035,0.002,1,1,1,21.0924,0,0,124.158,1642,2,0,0,0,0,0.462938
1410,1666,2,30,5,5,1,1,1.86832,1.76996,0.286403,1.63812,2,1,6,0,0.34,0.24,0.14,0.035,0.04,0.025,0.008,0.004,0.01,0.006,0.035,0.002,1,1,1,20.9775,0,0,112.486,1441,2,0,0,0,0,0.449688
1410,1668,2,29,4,4,1,1,1.28491,1.3945,0.702869,-2.33965,2,1,4.8,0,0.34,0.24,0.14,0.035,0.04,0.025,0.008,0.004,0.01,0.006,0.035,0.002,1,1,1,20.6923,0,0,111.595,1616,2,0,0,0,0,1.27878
1410,1700,2,29,4,4,1,1,1.56004,1.26458,0.425263,-0.757757,2,1,4.8,0,0.34,0.24,0.14,0.035,0.04,0.025,0.008,0.004,0.01,0.006,0.035,0.002,1,1,1,12.9879,0,0,87.9672,1616,2,0,0,0,0,0.71011
1410,1704,2,28,4,4,1,1,1.22059,1.5258,0.306485,2.45394,2,1,4.8,0,0.34,0.24,0.14,0.035,0.04,0.025,0.008,0.004,0.01,0.006,0.035,0.002,1,1,1,12.7097,0,0,84.893,1657,2,0,0,0,0,0.478321
1410,1710,2,31,5,5,1,1,1.607,1.86072,0.269548,1.07481,2,1,6,0,0.34,0.24,0.14,0.035,0.04,0.025,0.008,0.004,0.01,0.006,0.035,0.002,1,1,1,3.72,0,0,79.2277,1666,2,0,0,0,0,0.563053
1410,1712,2,27,4,4,1,1,1.72953,1.33603,0.247176,1.77758,2,1,4.8,0,0.34,0.24,0.14,0.035,0.04,0.025,0.008,0.004,0.01,0.006,0.035,0.002,1,1,1,11.2997,0,0,78.8778,1646,2,0,0,0,0,0.679624
1410,1722,2,31,4,4,1,1,1.38888,1.25747,0.464294,2.36425,2,1,4.8,0,0.34,0.24,0.14,0.035,0.04,0.025,0.008,0.004,0.01,0.006,0.035,0.002,1,1,1,9.96,0,0,69.6467,1584,2,0,0,0,0,0.975944
1410,1724,2,30,5,5,1,1,1.13681,3.19475,0.335452,0.419677,3,1,6,0,0.34,0.24,0.14,0.035,0.04,0.025,0.008,0.004,0.01,0.006,0.035,0.002,1,1,1,11.3249,0,0,67.239,1668,2,0,0,0,0,1.6618
1410,1732,2,29,4,4,1,1,1.59106,1.41373,0.30588,-0.99494,2,1,4.8,0,0.34,0.24,0.14,0.035,0.04,0.025,0.008,0.004,0.01,0.006,0.035,0.002,1,1,1,8.5082,0,0,58.6386,1704,2,0,0,0,0,1.06238
1410,1734,2,28,4,4,1,1,1.12946,1.62935,0.508539,2.64249,2,1,4.8,0,0.34,0.24,0.14,0.035,0.04,0.025,0.008,0.004,0.01,0.006,0.035,0.002,1,1,1,0.744,0,0,57.9885,1620,2,0,0,0,0,0.701346
1410,1744,2,30,4,4,1,1,1.77822,1.11532,0.488111,-1.14712,2,1,4.8,0,0.34,0.24,0.14,0.035,0.04,0.025,0.008,0.004,0.01,0.006,0.035,0.002,1,1,1,8.76,0,0,54.4627,1718,2,0,0,0,0,0.807993
1410,1745,2,32,4,4,1,1,1.8413,1.10111,0.218758,2.03977,2,1,4.8,0,0.34,0.24,0.14,0.035,0.04,0.025,0.008,0.004,0.01,0.006,0.035,0.002,1,1,1,10.824,0,0,54.1627,1722,2,0,0,0,0,0.463765
1410,1749,2,29,4,4,1,1,1.10499,1.86754,0.462953,0.242799,2,1,4.8,0,0.34,0.24,0.14,0.035,0.04,0.025,0.008,0.004,0.01,0.006,0.035,0.002,1,1,1,4.89279,0,0,50.3368,1616,2,0,0,0,0,0.808233
1410,1750,2,31,4,4,1,1,1.09786,1.74398,0.413948,-2.8478,2,1,4.8,0,0.34,0.24,0.14,0.035,0.04,0.025,0.008,0.004,0.01,0.006,0.035,0.002,1,1,1,2.28,0,0,49.6617,1744,2,0,0,0,0,0.65647
1410,1753,2,30,4,4,1,1,1.26384,1.84381,0.09981,-2.95844,2,1,4.8,0,0.34,0.24,0.14,0.035,0.04,0.025,0.008,0.004,0.01,0.006,0.035,0.002,1,1,1,5.00945,0,0,47.5112,1732,2,0,0,0,0,0
1410,1757,2,31,4,4,1,1,1.54342,1.25397,0.526901,1.16997,2,1,4.8,0,0.34,0.24,0.14,0.035,0.04,0.025,0.008,0.004,0.01,0.006,0.035,0.002,1,1,1,7.498,0,0,41.9934,1584,2,0,0,0,0,0.939809
1410,1760,2,29,4,4,1,1,1.68314,1.18092,0.262195,-1.79203,2,1,4.8,0,0.34,0.24,0.14,0.035,0.04,0.025,0.008,0.004,0.01,0.006,0.035,0.002,1,1,1,3.90127,0,0,38.8927,1526,2,0,0,0,0,0.527095
1410,1767,2,31,4,4,1,1,1.62102,1.1993,0.305197,2.10919,2,1,4.8,0,0.34,0.24,0.14,0.035,0.04,0.025,0.008,0.004,0.01,0.006,0.035,0.002,1,1,1,2.16,0,0,31.1413,1584,2,0,0,0,0,0.37319
1410,1769,2,33,4,4,1,1,1.5525,1.31996,0.234604,-2.05232,2,1,4.8,0,0.34,0.24,0.14,0.035,0.04,0.025,0.008,0.004,0.01,0.006,0.035,0.002,1,1,1,4.44,0,0,26.8663,1745,2,0,0,0,0,1.27878
1410,1776,2,29,4,4,1,1,1.82298,1.19109,0.416102,-1.79681,2,1,4.8,0,0.34,0.24,0.14,0.035,0.04,0.025,0.008,0.004,0.01,0.006,0.035,0.002,1,1,1,2.35706,0,0,21.4914,1526,2,0,0,0,0,1.09775
1410,1780,2,28,4,4,1,1,1.21782,1.87144,0.0991998,0.142259,2,1,4.8,0,0.34,0.24,0.14,0.035,0.04,0.025,0.008,0.004,0.01,0.006,0.035,0.002,1,1,1,1.06945,0,0,19.5998,1712,2,0,0,0,0,0.835638
1410,1787,2,33,4,4,1,1,1.27239,1.65619,0.380315,-2.33984,2,1,4.8,0,0.34,0.24,0.14,0.035,0.04,0.025,0.008,0.004,0.01,0.006,0.035,0.002,1,1,1,1.824,0,0,15.4332,1745,2,0,0,0,0,1.02873
1410,1788,2,31,4,4,1,1,1.2024,1.7852,0.69137,0.480773,2,1,4.8,0,0.34,0.24,0.14,0.035,0.04,0.025,0.008,0.004,0.01,0.006,0.035,0.002,1,1,1,1.8,0,0,15.0582,1584,2,0,0,0,0,0.784474
1410,1791,2,27,4,4,1,1,1.41874,1.45382,0.498418,2.11549,2,1,4.8,0,0.34,0.24,0.14,0.035,0.04,0.025,0.008,0.004,0.01,0.006,0.035,0.002,1,1,1,1.38797,0,0,12.0166,1646,2,0,0,0,0,0.957404
1410,1794,2,28,4,4,1,1,1.75952,1.35832,0.332213,-1.21177,2,1,4.8,0,0.34,0.24,0.14,0.035,0.04,0.025,0.008,0.004,0.01,0.006,0.035,0.002,1,1,1,0.84,0,0,8.78329,1712,2,0,0,0,0,0.88927
1440,1515,2,24,4,4,1,1,1.2135,1.48275,0.46306,2.46619,2,1,4.8,0,0.34,0.24,0.14,0.035,0.04,0.025,0.008,0.004,0.01,0.006,0.035,0.002,1,1,1,52.2755,0,0,262.35,1449,2,0,0,0,0,1.03081
1440,1526,2,28,4,4,1,1,1.1372,1.79115,0.476499,3.04224,2,1,4.8,0,0.34,0.24,0.14,0.035,0.04,0.025,0.008,0.004,0.01,0.006,0.035,0.002,1,1,1,47.4325,0,0,252.96,1497,2,0,0,0,0,0.870596
1440,1620,2,27,4,4,1,1,1.99951,1.02367,0.486641,-1.23352,2,1,4.8,0,0.34,0.24,0.14,0.035,0.04,0.025,0.008,0.004,0.01,0.006,0.035,0.002,1,1,1,33.6501,0,0,178.628,1574,2,0,0,0,0,1.02047
1440,1666,2,30,5,5,1,1,1.77197,1.74695,0.340028,1.61392,2,1,6,0,0.34,0.24,0.14,0.035,0.04,0.025,0.008,0.004,0.01,0.006,0.035,0.002,1,1,1,26.198,0,0,142.479,1441,2,0,0,0,0,0.385428
1440,1668,2,29,4,4,1,1,1.71833,1.2215,0.408046,2.16122,2,1,4.8,0,0.34,0.24,0.14,0.035,0.04,0.025,0.008,0.004,0.01,0.006,0.035,0.002,1,1,1,26.5963,0,0,141.587,1616,2,0,0,0,0,0.832194
1440,1704,2,28,4,4,1,1,1.06522,1.70623,0.505189,-0.289162,2,1,4.8,0,0.34,0.24,0.14,0.035,0.04,0.025,0.008,0.004,0.01,0.006,0.035,0.002,1,1,1,18.5372,0,0,114.886,1657,2,0,0,0,0,0.772896
1440,1722,2,31,4,4,1,1,1.67324,1.19013,0.297014,2.08534,2,1,4.8,0,0.34,0.24,0.14,0.035,0.04,0.025,0.008,0.004,0.01,0.006,0.035,0.002,1,1,1,15.9644,0,0,99.6394,1584,2,0,0,0,0,0.450233
1440,1728,2,31,5,5,1,1,3.08316,1.87903,0.410378,1.27081,3,1,6,0,0.34,0.24,0.14,0.035,0.04,0.025,0.008,0.004,0.01,0.006,0.035,0.002,1,1,1,11.4475,0,0,91.2331,1724,2,0,0,0,0,1.70756
1440,1744,2,30,4,4,1,1,1.17218,1.70574,0.57437,-2.53278,2,1,4.8,0,0.34,0.24,0.14,0.035,0.04,0.025,0.008,0.004,0.01,0.006,0.035,0.002,1,1,1,18.2589,0,0,84.4598,1718,2,0,0,0,0,0.92959
1440,1750,2,31,4,4,1,1,1.27754,1.34613,0.218158,0.944637,2,1,4.8,0,0.34,0.24,0.14,0.035,0.04,0.025,0.008,0.004,0.01,0.006,0.035,0.002,1,1,1,7.104,0,0,79.6609,1744,2,0,0,0,0,0.527648
1440,1761,52,25,9,9,2,2,3.63908,2.15304,0.373085,-2.75385,4,2,10.8,0,0.34,0.24,0.14,0.035,0.04,0.025,0.008,0.004,0.01,0.006,0.035,0.002,1,1,1,11.7602,0,0,65.0562,1515,2,0,0,0,0,1.76372
1440,1769,2,33,4,4,1,1,1.33074,1.27868,0.321214,2.39375,2,1,4.8,0,0.34,0.24,0.14,0.035,0.04,0.025,0.008,0.004,0.01,0.006,0.035,0.002,1,1,1,6.6,0,0,56.8716,1745,2,0,0,0,0,0.809679
1440,1773,2,32,4,4,1,1,1.26641,1.71531,0.376458,3.06433,2,1,4.8,0,0.34,0.24,0.14,0.035,0.04,0.025,0.008,0.004,0.01,0.006,0.035,0.002,1,1,1,7.47977,0,0,52.7624,1722,2,0,0,0,0,0.827282
1440,1776,2,29,4,4,1,1,1.06007,2.05064,0.219403,-2.66154,2,1,4.8,0,0.34,0.24,0.14,0.035,0.04,0.025,0.008,0.004,0.01,0.006,0.035,0.002,1,1,1,6.15408,0,0,51.4954,1526,2,0,0,0,0,0.523243
1440,1788,2,31,4,4,1,1,1.29151,1.45254,0.322726,2.62379,2,1,4.8,0,0.34,0.24,0.14,0.035,0.04,0.025,0.008,0.004,0.01,0.006,0.035,0.002,1,1,1,5.80024,0,0,45.0607,1584,2,0,0,0,0,0.373701
1440,1792,2,29,4,4,1,1,1.19436,2.15726,0.576309,-0.0501798,2,1,4.8,0,0.34,0.24,0.14,0.035,0.04,0.025,0.008,0.004,0.01,0.006,0.035,0.002,1,1,1,3.94393,0,0,40.6764,1526,2,0,0,0,0,0.90002
1440,1804,2,32,4,4,1,1,1.14505,1.90905,0.161508,-3.12528,2,1,4.8,0,0.34,0.24,0.14,0.035,0.04,0.025,0.008,0.004,0.01,0.006,0.035,0.002,1,1,1,3.82594,0,0,31.5079,1788,2,0,0,0,0,1.14142
1440,1805,2,28,4,4,1,1,1.48671,1.37147,0.4058,2.13053,2,1,4.8,0,0.34,0.24,0.14,0.035,0.04,0.025,0.008,0.004,0.01,0.006,0.035,0.002,1,1,1,5.64,0,0,30.9246,1620,2,0,0,0,0,0.411789
1440,1808,2,30,4,4,1,1,1.84489,1.14898,0.319662,2.06246,2,1,4.8,0,0.34,0.24,0.14,0.035,0.04,0.025,0.008,0.004,0.01,0.006,0.035,0.002,1,1,1,9.10897,0,0,30.0413,1668,2,0,0,0,0,0.498858
1440,1810,2,31,4,4,1,1,1.15609,1.75974,0.399675,-2.6045,2,1,4.8,0,0.34,0.24,0.14,0.035,0.04,0.025,0.008,0.004,0.01,0.006,0.035,0.002,1,1,1,3.96,0,0,28.1163,1744,2,0,0,0,0,0.966757
1440,1815,2,29,4,4,1,1,1.8433,1.04565,0.378773,1.68882,2,1,4.8,0,0.34,0.24,0.14,0.035,0.04,0.025,0.008,0.004,0.01,0.006,0.035,0.002,1,1,1,4.06186,0,0,25.4747,1805,2,0,0,0,0,0.645847
1440,1816,2,31,4,4,1,1,1.26217,1.57806,0.389865,0.426018,2,1,4.8,0,0.34,0.24,0.14,0.035,0.04,0.025,0.008,0.004,0.01,0.006,0.035,0.002,1,1,1,1.92,0,0,25.0747,1808,2,0,0,0,0,0.51028
1440,1821,2,28,4,4,1,1,1.05328,1.92183,0.510256,-0.298853,2,1,4.8,0,0.34,0.24,0.14,0.035,0.04,0.025,0.008,0.004,0.01,0.006,0.035,0.002,1,1,1,1.49672,0,0,20.1081,1620,2,0,0,0,0,0.521432
1440,1825,2,30,4,4,1,1,1.43942,1.36334,0.304926,2.25915,2,1,4.8,0,0.34,0.24,0.14,0.035,0.04,0.025,0.008,0.004,0.01,0.006,0.035,0.002,1,1,1,0.788745,0,0,17.1248,1815,2,0,0,0,0,0.527141
1440,1829,2,31,4,4,1,1,1.83031,1.12157,0.436294,-1.40974,2,1,4.8,0,0.34,0.24,0.14,0.035,0.04,0.025,0.008,0.004,0.01,0.006,0.035,0.002,1,1,1,2.46219,0,0,14.8415,1744,2,0,0,0,0,0.563876
1440,1834,2,29,4,4,1,1,1.51682,1.28352,0.483837,-2.0369,2,1,4.8,0,0.34,0.24,0.14,0.035,0.04,0.025,0.008,0.004,0.01,0.006,0.035,0.002,1,1,1,0.579565,0,0,11.8249,1526,2,0,0,0,0,0.522792
1440,1844,2,33,4,4,1,1,1.42578,1.75392,0.752024,2.79536,2,1,4.8,0,0.34,0.24,0.14,0.035,0.04,0.025,0.008,0.004,0.01,0.006,0.035,0.002,1,1,1,3.84,0,0,8.70829,1773,2,0,0,0,0,0.972045
1470,1526,2,28,4,4,1,1,1.66109,1.25189,0.378912,1.23589,2,1,4.8,0,0.34,0.24,0.14,0.035,0.04,0.025,0.008,0.004,0.01,0.006,0.035,0.002,1,1,1,50.4325,0,0,282.953,1497,2,0,0,0,0,0.63081
1470,1620,2,27,4,4,1,1,1.34833,1.17986,0.622625,0.89069,2,1,4.8,0,0.34,0.24,0.14,0.035,0.04,0.025,0.008,0.004,0.01,0.006,0.035,0.002,1,1,1,38.2101,0,0,208.621,1574,2,0,0,0,0,0.480797
1470,1666,2,30,4,5,1,1,1.86793,1.06303,0.442502,-0.179856,1,1,4.8,0,0.34,0.24,0.14,0.035,0.04,0.025,0.008,0.004,0.01,0.006,0.035,0.002,1,1,1,26.552,0,0,172.472,1441,2,0,0,0,0,0.611701
1470,1668,2,29,3,4,1,0,1.06811,1.14708,0.563301,1.65442,1,1,3.6,0,0.34,0.24,0.14,0.035,0.04,0.025,0.008,0.004,0.01,0.006,0.035,0.002,1,1,1,26.2881,0,0,171.58,1616,2,0,0,0,0,1.27027
1470,1722,2,31,4,4,1,1,1.66357,1.20995,0.274277,1.28913,2,1,4.8,0,0.34,0.24,0.14,0.035,0.04,0.025,0.008,0.004,0.01,0.006,0.035,0.002,1,1,1,18.1244,0,0,129.632,1584,2,0,0,0,0,0.541482
1470,1728,2,31,5,5,1,1,2.53891,1.44733,0.467173,2.02566,3,1,6,0,0.34,0.24,0.14,0.035,0.04,0.025,0.008,0.004,0.01,0.006,0.035,0.002,1,1,1,17.5014,0,0,121.226,1724,2,0,0,0,0,1.71607
1470,1744,2,30,4,4,1,1,1.13066,1.9251,0.43422,0.2465,2,1,4.8,0,0.34,0.24,0.14,0.035,0.04,0.025,0.008,0.004,0.01,0.006,0.035,0.002,1,1,1,28.8163,0,0,114.452,1718,2,0,0,0,0,0.690805
1470,1761,52,25,9,9,2,2,2.86538,3.68731,0.255223,2.78173,4,2,10.8,0,0.34,0.24,0.14,0.035,0.04,0.025,0.008,0.004,0.01,0.006,0.035,0.002,1,1,1,17.5202,0,0,95.0489,1515,2,0,0,0,0,1.56204
1470,1769,2,33,4,4,1,1,1.24683,2.00368,0.571253,-2.90183,2,1,4.8,0,0.34,0.24,0.14,0.035,0.04,0.025,0.008,0.004,0.01,0.006,0.035,0.002,1,1,1,13.56,0,0,86.8675,1745,2,0,0,0,0,0.538805
1470,1773,2,32,4,4,1,1,1.15446,1.85606,0.743265,-3.12001,2,1,4.8,0,0.34,0.24,0.14,0.035,0.04,0.025,0.008,0.004,0.01,0.006,0.035,0.002,1,1,1,9.75977,0,0,82.7602,1722,2,0,0,0,0,0.852189
1470,1776,2,29,4,4,1,1,1.16268,2.24264,0.325567,-2.89736,2,1,4.8,0,0.34,0.24,0.14,0.035,0.04,0.025,0.008,0.004,0.01,0.006,0.035,0.002,1,1,1,11.1627,0,0,81.4938,1526,2,0,0,0,0,0.542374
1470,1792,2,29,4,4,1,1,1.2712,1.45907,0.413155,0.743043,2,1,4.8,0,0.34,0.24,0.14,0.035,0.04,0.025,0.008,0.004,0.01,0.006,0.035,0.002,1,1,1,9.89663,0,0,70.6798,1526,2,0,0,0,0,0.496299
1470,1804,2,32,4,4,1,1,1.45382,1.28628,0.453923,-2.16514,2,1,4.8,0,0.34,0.24,0.14,0.035,0.04,0.025,0.008,0.004,0.01,0.006,0.035,0.002,1,1,1,11.7391,0,0,61.5142,1788,2,0,0,0,0,0.848837
1470,1805,2,28,4,4,1,1,1.11289,1.68031,0.402933,-0.374992,2,1,4.8,0,0.34,0.24,0.14,0.035,0.04,0.025,0.008,0.004,0.01,0.006,0.035,0.002,1,1,1,10.4866,0,0,60.9308,1620,2,0,0,0,0,1.22762
1470,1808,2,30,4,4,1,1,1.75626,1.14457,0.35561,2.04031,2,1,4.8,0,0.34,0.24,0.14,0.035,0.04,0.025,0.008,0.004,0.01,0.006,0.035,0.002,1,1,1,12.8026,0,0,60.0473,1668,2,0,0,0,0,0.752308
1470,1810,2,31,4,4,1,1,1.41631,1.29468,0.473228,-2.26886,2,1,4.8,0,0.34,0.24,0.14,0.035,0.04,0.025,0.008,0.004,0.01,0.006,0.035,0.002,1,1,1,7.8,0,0,58.1218,1744,2,0,0,0,0,0.971327
1470,1816,2,31,4,4,1,1,1.30582,1.39491,0.568285,2.60471,2,1,4.8,0,0.34,0.24,0.14,0.035,0.04,0.025,0.008,0.004,0.01,0.006,0.035,0.002,1,1,1,6.30606,0,0,55.0795,1808,2,0,0,0,0,1.08612
1470,1819,2,33,3,4,1,0,0.786911,1.26259,0.247788,-0.842628,1,1,3.6,0,0.34,0.24,0.14,0.035,0.04,0.025,0.008,0.004,0.01,0.006,0.035,0.002,1,1,1,2.21738,0,0,53.6542,1804,2,0,0,0,0,0.146658
1470,1821,2,28,4,4,1,1,1.05552,1.55783,0.218871,-0.16045,2,1,4.8,0,0.34,0.24,0.14,0.035,0.04,0.025,0.008,0.004,0.01,0.006,0.035,0.002,1,1,1,7.97672,0,0,50.1118,1620,2,0,0,0,0,1.21245
1470,1823,2,32,5,5,1,1,3.5503,1.21581,0.205026,1.62324,3,1,6,0,0.34,0.24,0.14,0.035,0.04,0.025,0.008,0.004,0.01,0.006,0.035,0.002,1,1,1,8.01725,0,0,49.1366,1728,2,0,0,0,0,1.21259
1470,1829,2,31,4,4,1,1,1.70786,1.117,0.723466,1.83812,2,1,4.8,0,0.34,0.24,0.14,0.035,0.04,0.025,0.008,0.004,0.01,0.006,0.035,0.002,1,1,1,5.33181,0,0,44.844,1744,2,0,0,0,0,0.821229
1470,1832,2,29,3,3,1,0,0.757941,1.15436,0.146167,0.983295,1,1,3.6,0,0.34,0.24,0.14,0.035,0.04,0.025,0.008,0.004,0.01,0.006,0.035,0.002,1,1,1,0.48,0,0,42.3601,1821,2,0,0,0,0,0.491183
1470,1834,2,29,4,4,1,1,1.753,1.15323,0.341882,-1.09084,2,1,4.8,0,0.34,0.24,0.14,0.035,0.04,0.025,0.008,0.004,0.01,0.006,0.035,0.002,1,1,1,3.81956,0,0,41.8267,1526,2,0,0,0,0,0.636299
1470,1844,2,33,4,4,1,1,1.16893,1.90926,0.192796,0.27816,2,1,4.8,0,0.34,0.24,0.14,0.035,0.04,0.025,0.008,0.004,0.01,0.006,0.035,0.002,1,1,1,10.0286,0,0,38.7094,1773,2,0,0,0,0,0.552163
1470,1847,2,31,4,4,1,1,1.97566,1.10535,0.574123,1.97185,2,1,4.8,0,0.34,0.24,0.14,0.035,0.04,0.025,0.008,0.004,0.01,0.006,0.035,0.002,1,1,1,4.51747,0,0,34.025,1744,2,0,0,0,0,1.08434
1470,1849,2,34,4,4,1,1,1.21315,1.70708,0.513343,-0.273762,2,1,4.8,0,0.34,0.24,0.14,0.035,0.04,0.025,0.008,0.004,0.01,0.006,0.035,0.002,1,1,1,8.74944,0,0,33.9083,1844,2,0,0,0,0,0.394361
1470,1850,2,31,4,4,1,1,2.03186,1.15673,0.690764,1.50929,2,1,4.8,0,0.34,0.24,0.14,0.035,0.04,0.025,0.008,0.004,0.01,0.006,0.035,0.002,1,1,1,7.344,0,0,33.875,1808,2,0,0,0,0,1.27679
1470,1852,2,30,4,4,1,1,1.87782,1.14442,0.643369,1.53855,2,1,4.8,0,0.34,0.24,0.14,0.035,0.04,0.025,0.008,0.004,0.01,0.006,0.035,0.002,1,1,1,0.96,0,0,33.0665,1792,2,0,0,0,0,1.01107
1470,1858,2,35,4,4,1,1,1.28068,1.63908,0.426419,-0.544737,2,1,4.8,0,0.34,0.24,0.14,0.035,0.04,0.025,0.008,0.004,0.01,0.006,0.035,0.002,1,1,1,0.84,0,0,29.108,1849,2,0,0,0,0,1.24218
1470,1859,2,32,4,4,1,1,1.28846,1.59243,0.323248,2.67307,2,1,4.8,0,0.34,0.24,0.14,0.035,0.04,0.025,0.008,0.004,0.01,0.006,0.035,0.002,1,1,1,0.72,0,0,29.0746,1850,2,0,0,0,0,0.757979
1470,1862,2,34,4,4,1,1,1.69418,1.17775,0.192582,1.38628,2,1,4.8,0,0.34,0.24,0.14,0.035,0.04,0.025,0.008,0.004,0.01,0.006,0.035,0.002,1,1,1,1.55576,0,0,23.0914,1844,2,0,0,0,0,0.398127
1470,1863,2,31,4,4,1,1,1.67548,1.23046,0.290692,2.05178,2,1,4.8,0,0.34,0.24,0.14,0.035,0.04,0.025,0.008,0.004,0.01,0.006,0.035,0.002,1,1,1,1.25035,0,0,23.0581,1808,2,0,0,0,0,0.528826
1470,1873,2,31,4,4,1,1,1.17042,1.71054,0.441315,2.96558,2,1,4.8,0,0.34,0.24,0.14,0.035,0.04,0.025,0.008,0.004,0.01,0.006,0.035,0.002,1,1,1,1.95438,0,0,15.7832,1744,2,0,0,0,0,0.853056
1470,1874,2,33,4,4,1,1,1.75144,1.11776,0.334897,1.36421,2,1,4.8,0,0.34,0.24,0.14,0.035,0.04,0.025,0.008,0.004,0.01,0.006,0.035,0.002,1,1,1,1.13413,0,0,15.2332,1804,2,0,0,0,0,0.4491
1470,1880,2,31,4,4,1,1,1.75285,1.30926,0.359872,-0.768512,2,1,4.8,0,0.34,0.24,0.14,0.035,0.04,0.025,0.008,0.004,0.01,0.006,0.035,0.002,1,1,1,0.0314936,0,0,4.96668,1744,2,0,0,0,0,1.03678
1500,1526,2,28,4,4,1,1,1.17702,1.87018,0.208332,-0.244071,2,1,4.8,0,0.34,0.24,0.14,0.035,0.04,0.025,0.008,0.004,0.01,0.006,0.035,0.002,1,1,1,57.2324,0,0,312.946,1497,2,0,0,0,0,0.679577
1500,1620,2,27,4,4,1,1,1.67532,1.07148,0.311173,1.27837,2,1,4.8,0,0.34,0.24,0.14,0.035,0.04,0.025,0.008,0.004,0.01,0.006,0.035,0.002,1,1,1,43.1535,0,0,238.614,1574,2,0,0,0,0,0.48585
1500,1668,2,29,3,4,1,0,1.2585,1.04608,0.48663,1.1643,1,1,3.6,0,0.34,0.24,0.14,0.035,0.04,0.025,0.008,0.004,0.01,0.006,0.035,0.002,1,1,1,31.0881,0,0,201.573,1616,2,0,0,0,0,1.04778
1500,1728,2,31,5,5,1,1,3.1058,1.10352,0.470914,1.92736,3,1,6,0,0.34,0.24,0.14,0.035,0.04,0.025,0.008,0.004,0.01,0.006,0.035,0.002,1,1,1,21.1254,0,0,151.218,1724,2,0,0,0,0,1.18242
1500,1744,2,30,4,4,1,1,1.13819,1.79352,0.502747,-0.113041,2,1,4.8,0,0.34,0.24,0.14,0.035,0.04,0.025,0.008,0.004,0.01,0.006,0.035,0.002,1,1,1,35.5363,0,0,144.445,1718,2,0,0,0,0,0.526493
1500,1761,52,25,9,9,2,2,3.96791,2.47051,0.349192,-2.07871,4,2,10.8,0,0.34,0.24,0.14,0.035,0.04,0.025,0.008,0.004,0.01,0.006,0.035,0.002,1,1,1,25.3202,0,0,125.042,1515,2,0,0,0,0,1.57221
1500,1769,2,33,4,4,1,1,1.56794,1.26545,0.446531,-0.808745,2,1,4.8,0,0.34,0.24,0.14,0.035,0.04,0.025,0.008,0.004,0.01,0.006,0.035,0.002,1,1,1,16.3036,0,0,116.86,1745,2,0,0,0,0,0.6138
1500,1773,2,32,4,4,1,1,1.19869,1.51953,0.264619,-3.09139,2,1,4.8,0,0.34,0.24,0.14,0.035,0.04,0.025,0.008,0.004,0.01,0.006,0.035,0.002,1,1,1,17.6148,0,0,112.753,1722,2,0,0,0,0,0.857636
1500,1792,2,29,4,4,1,1,1.96693,1.07731,0.230812,2.05047,2,1,4.8,0,0.34,0.24,0.14,0.035,0.04,0.025,0.008,0.004,0.01,0.006,0.035,0.002,1,1,1,16.9766,0,0,100.672,1526,2,0,0,0,0,0.72521
1500,1804,2,32,4,4,1,1,1.1091,1.68616,0.3707,3.1181,2,1,4.8,0,0.34,0.24,0.14,0.035,0.04,0.025,0.008,0.004,0.01,0.006,0.035,0.002,1,1,1,18.2314,0,0,91.508,1788,2,0,0,0,0,0.637474
1500,1805,2,28,4,4,1,1,1.56211,1.17587,0.3538,1.00703,2,1,4.8,0,0.34,0.24,0.14,0.035,0.04,0.025,0.008,0.004,0.01,0.006,0.035,0.002,1,1,1,13.0302,0,0,90.9249,1620,2,0,0,0,0,0.80723
1500,1810,2,31,4,4,1,1,1.14381,1.78695,0.312147,-3.07441,2,1,4.8,0,0.34,0.24,0.14,0.035,0.04,0.025,0.008,0.004,0.01,0.006,0.035,0.002,1,1,1,13.1892,0,0,88.1172,1744,2,0,0,0,0,1.10223
1500,1816,2,31,4,4,1,1,1.14716,1.50547,0.484219,-2.94525,2,1,4.8,0,0.34,0.24,0.14,0.035,0.04,0.025,0.008,0.004,0.01,0.006,0.035,0.002,1,1,1,10.9141,0,0,85.0763,1808,2,0,0,0,0,1.273
1500,1821,2,28,4,4,1,1,1.38869,1.42164,0.247948,-2.40364,2,1,4.8,0,0.34,0.24,0.14,0.035,0.04,0.025,0.008,0.004,0.01,0.006,0.035,0.002,1,1,1,11.231,0,0,80.1108,1620,2,0,0,0,0,0.588632
1500,1823,2,32,5,5,1,1,3.23658,1.11993,0.116793,1.94533,3,1,6,0,0.34,0.24,0.14,0.035,0.04,0.025,0.008,0.004,0.01,0.006,0.035,0.002,1,1,1,10.5593,0,0,79.1361,1728,2,0,0,0,0,1.57376
1500,1849,2,34,4,4,1,1,1.18963,1.70479,0.277044,2.97615,2,1,4.8,0,0.34,0.24,0.14,0.035,0.04,0.025,0.008,0.004,0.01,0.006,0.035,0.002,1,1,1,13.5144,0,0,63.9147,1844,2,0,0,0,0,0.372762
1500,1850,2,31,4,4,1,1,1.13381,1.78604,0.301098,0.467611,2,1,4.8,0,0.34,0.24,0.14,0.035,0.04,0.025,0.008,0.004,0.01,0.006,0.035,0.002,1,1,1,12.0639,0,0,63.8814,1808,2,0,0,0,0,0.610016
1500,1858,2,35,4,4,1,1,1.19746,1.71203,0.398874,-2.50217,2,1,4.8,0,0.34,0.24,0.14,0.035,0.04,0.025,0.008,0.004,0.01,0.006,0.035,0.002,1,1,1,6.95411,0,0,59.1137,1849,2,0,0,0,0,0.935565
1500,1859,2,32,4,4,1,1,1.24708,1.59907,0.423497,0.66121,2,1,4.8,0,0.34,0.24,0.14,0.035,0.04,0.025,0.008,0.004,0.01,0.006,0.035,0.002,1,1,1,4.584,0,0,59.0804,1850,2,0,0,0,0,1.07349
1500,1880,2,31,4,4,1,1,1.10194,2.04968,0.409108,0.338047,2,1,4.8,0,0.34,0.24,0.14,0.035,0.04,0.025,0.008,0.004,0.01,0.006,0.035,0.002,1,1,1,4.75227,0,0,34.9669,1744,2,0,0,0,0,1.17501
1500,1884,2,35,4,4,1,1,1.85494,1.17943,0.441595,-1.75916,2,1,4.8,0,0.34,0.24,0.14,0.035,0.04,0.025,0.008,0.004,0.01,0.006,0.035,0.002,1,1,1,7.248,0,0,32.5247,1849,2,0,0,0,0,0.428544
1500,1885,2,33,4,4,1,1,1.65741,1.17874,0.519705,2.0566,2,1,4.8,0,0.34,0.24,0.14,0.035,0.04,0.025,0.008,0.004,0.01,0.006,0.035,0.002,1,1,1,3.17973,0,0,32.0746,1804,2,0,0,0,0,1.15371
1500,1886,2,32,4,4,1,1,1.25177,1.61116,0.505921,0.782997,2,1,4.8,0,0.34,0.24,0.14,0.035,0.04,0.025,0.008,0.004,0.01,0.006,0.035,0.002,1,1,1,3.48,0,0,30.8913,1850,2,0,0,0,0,1.27928
1500,1888,2,30,4,4,1,1,1.16854,1.74374,0.243893,-2.93233,2,1,4.8,0,0.34,0.24,0.14,0.035,0.04,0.025,0.008,0.004,0.01,0.006,0.035,0.002,1,1,1,2.42375,0,0,27.483,1792,2,0,0,0,0,0.523172
1500,1890,2,36,4,4,1,1,1.21508,1.52392,0.112545,0.214436,2,1,4.8,0,0.34,0.24,0.14,0.035,0.04,0.025,0.008,0.004,0.01,0.006,0.035,0.002,1,1,1,2.4,0,0,27.158,1884,2,0,0,0,0,0.375153
1500,1895,2,31,4,4,1,1,1.11559,1.7053,0.36049,0.289039,2,1,4.8,0,0.34,0.24,0.14,0.035,0.04,0.025,0.008,0.004,0.01,0.006,0.035,0.002,1,1,1,2.52,0,0,24.1497,1744,2,0,0,0,0,0.988161
1500,1896,2,29,4,4,1,1,1.14923,1.67343,0.374239,0.128273,2,1,4.8,0,0.34,0.24,0.14,0.035,0.04,0.025,0.008,0.004,0.01,0.006,0.035,0.002,1,1,1,2.20009,0,0,21.8498,1526,2,0,0,0,0,0.526887
1500,1919,2,33,4,4,1,1,1.24634,1.63344,0.104687,-2.37817,2,1,4.8,0,0.34,0.24,0.14,0.035,0.04,0.025,0.008,0.004,0.01,0.006,0.035,0.002,1,1,1,0.910831,0,0,8.58329,1773,2,0,0,0,0,1.11475
1530,1526,2,28,4,4,1,1,1.83746,1.14919,0.300075,-1.49612,2,1,4.8,0,0.34,0.24,0.14,0.035,0.04,0.025,0.008,0.004,0.01,0.006,0.035,0.002,1,1,1,61.7924,0,0,342.938,1497,2,0,0,0,0,0.709402
1530,1620,2,27,4,4,1,1,1.21046,1.70669,0.682954,-0.534714,2,1,4.8,0,0.34,0.24,0.14,0.035,0.04,0.025,0.008,0.004,0.01,0.006,0.035,0.002,1,1,1,51.3144,0,0,268.606,1574,2,0,0,0,0,1.06463
1530,1744,2,30,3,4,1,0,1.054,1.26674,0.264289,-0.371466,1,1,3.6,0,0.34,0.24,0.14,0.035,0.04,0.025,0.008,0.004,0.01,0.006,0.035,0.002,1,1,1,30.932,0,0,174.438,1718,2,0,0,0,0,0
1530,1792,2,29,4,4,1,1,1.28082,1.41362,0.331976,0.834486,2,1,4.8,0,0.34,0.24,0.14,0.035,0.04,0.025,0.008,0.004,0.01,0.006,0.035,0.002,1,1,1,22.7251,0,0,130.665,1526,2,0,0,0,0,0.521917
1530,1804,2,32,4,4,1,1,1.20579,1.62136,0.0695833,-2.65612,2,1,4.8,0,0.34,0.24,0.14,0.035,0.04,0.025,0.008,0.004,0.01,0.006,0.035,0.002,1,1,1,21.4467,0,0,121.501,1788,2,0,0,0,0,0.408955
1530,1816,2,31,4,4,1,1,1.90485,1.15125,0.100818,1.49652,2,1,4.8,0,0.34,0.24,0.14,0.035,0.04,0.025,0.008,0.004,0.01,0.006,0.035,0.002,1,1,1,15.7141,0,0,115.069,1808,2,0,0,0,0,0.540779
1530,1858,2,35,4,4,1,1,1.20165,1.89778,0.364622,-3.09676,2,1,4.8,0,0.34,0.24,0.14,0.035,0.04,0.025,0.008,0.004,0.01,0.006,0.035,0.002,1,1,1,9.95411,0,0,89.1086,1849,2,0,0,0,0,0.71705
1530,1880,2,31,4,4,1,1,1.14847,1.93547,0.682412,0.00995693,2,1,4.8,0,0.34,0.24,0.14,0.035,0.04,0.025,0.008,0.004,0.01,0.006,0.035,0.002,1,1,1,12.8645,0,0,64.9729,1744,2,0,0,0,0,1.21866
1530,1882,2,28,4,4,1,1,1.12585,1.95611,0.473403,3.12621,2,1,4.8,0,0.34,0.24,0.14,0.035,0.04,0.025,0.008,0.004,0.01,0.006,0.035,0.002,1,1,1,6.66868,0,0,64.6146,1620,2,0,0,0,0,0.464387
1530,1884,2,35,4,4,1,1,1.7044,1.06752,0.169033,1.86195,2,1,4.8,0,0.34,0.24,0.14,0.035,0.04,0.025,0.008,0.004,0.01,0.006,0.035,0.002,1,1,1,10.8782,0,0,62.5311,1849,2,0,0,0,0,1.27878
1530,1886,2,32,4,4,1,1,1.38511,1.44926,0.570965,-0.52866,2,1,4.8,0,0.34,0.24,0.14,0.035,0.04,0.025,0.008,0.004,0.01,0.006,0.035,0.002,1,1,1,6.36,0,0,60.8974,1850,2,0,0,0,0,0.756475
1530,1888,2,30,4,4,1,1,1.70766,1.31532,0.0434221,2.19024,2,1,4.8,0,0.34,0.24,0.14,0.035,0.04,0.025,0.008,0.004,0.01,0.006,0.035,0.002,1,1,1,9.74375,0,0,57.4884,1792,2,0,0,0,0,0.627164
1530,1895,2,31,4,4,1,1,2.20825,1.11733,0.600407,-1.37135,2,1,4.8,0,0.34,0.24,0.14,0.035,0.04,0.025,0.008,0.004,0.01,0.006,0.035,0.002,1,1,1,8.928,0,0,54.1543,1744,2,0,0,0,0,1.20017
1530,1896,2,29,4,4,1,1,1.65153,1.21393,0.362028,2.12528,2,1,4.8,0,0.34,0.24,0.14,0.035,0.04,0.025,0.008,0.004,0.01,0.006,0.035,0.002,1,1,1,5.20009,0,0,51.8538,1526,2,0,0,0,0,0.527089
1530,1915,2,31,4,4,1,1,1.08365,2.17286,0.108827,0.369459,2,1,4.8,0,0.34,0.24,0.14,0.035,0.04,0.025,0.008,0.004,0.01,0.006,0.035,0.002,1,1,1,3.39212,0,0,43.7604,1888,2,0,0,0,0,0.526945
1530,1916,2,32,4,4,1,1,2.13305,1.1607,0.492316,-1.49964,2,1,4.8,0,0.34,0.24,0.14,0.035,0.04,0.025,0.008,0.004,0.01,0.006,0.035,0.002,1,1,1,3.42082,0,0,39.5595,1880,2,0,0,0,0,1.25384
1530,1918,56,32,5,5,1,1,1.2898,1.64752,0.624453,-0.648653,3,1,6,0,0.34,0.24,0.14,0.035,0.04,0.025,0.008,0.004,0.01,0.006,0.035,0.002,1,1,1,1.2,0,0,38.8177,1895,2,0,0,0,0,2.15457
1530,1919,2,33,4,4,1,1,1.28641,1.44485,0.204031,0.872192,2,1,4.8,0,0.34,0.24,0.14,0.035,0.04,0.025,0.008,0.004,0.01,0.006,0.035,0.002,1,1,1,5.44187,0,0,38.5843,1773,2,0,0,0,0,0.760368
1530,1920,57,30,5,5,1,2,2.23658,1.92837,0.806439,-0.632731,3,1,6,0,0.34,0.24,0.14,0.035,0.04,0.025,0.008,0.004,0.01,0.006,0.035,0.002,1,1,1,5.60034,0,0,37.7425,1792,2,0,0,0,0,1.67804
1530,1923,2,31,4,4,1,1,2.04144,1.0641,0.188822,2.06238,2,1,4.8,0,0.34,0.24,0.14,0.035,0.04,0.025,0.008,0.004,0.01,0.006,0.035,0.002,1,1,1,7.37152,0,0,34.9086,1744,2,0,0,0,0,0.879316
1530,1929,2,32,4,4,1,1,1.78141,1.13685,0.390302,-1.44268,2,1,4.8,0,0.34,0.24,0.14,0.035,0.04,0.025,0.008,0.004,0.01,0.006,0.035,0.002,1,1,1,2.304,0,0,30.2996,1816,2,0,0,0,0,0.742414
1530,1930,2,32,4,4,1,1,1.27836,1.5098,0.568315,-0.565854,2,1,4.8,0,0.34,0.24,0.14,0.035,0.04,0.025,0.008,0.004,0.01,0.006,0.035,0.002,1,1,1,2.70848,0,0,28.958,1923,2,0,0,0,0,1.27381
1560,1526,2,28,4,4,1,1,1.39361,1.30418,0.691616,-2.13454,2,1,4.8,0,0.34,0.24,0.14,0.035,0.04,0.025,0.008,0.004,0.01,0.006,0.035,0.002,1,1,1,68.7044,0,0,372.931,1497,2,0,0,0,0,1.11932
1560,1620,2,27,4,4,1,1,1.05807,1.55412,0.30107,-0.240799,2,1,4.8,0,0.34,0.24,0.14,0.035,0.04,0.025,0.008,0.004,0.01,0.006,0.035,0.002,1,1,1,56.2583,0,0,298.599,1574,2,0,0,0,0,0.635691
1560,1804,2,32,4,4,1,1,1.10588,2.01649,0.705255,-2.88156,2,1,4.8,0,0.34,0.24,0.14,0.035,0.04,0.025,0.008,0.004,0.01,0.006,0.035,0.002,1,1,1,28.0467,0,0,151.493,1788,2,0,0,0,0,1.18466
1560,1816,2,31,4,4,1,1,1.14083,1.82312,0.275907,0.22188,2,1,4.8,0,0.34,0.24,0.14,0.035,0.04,0.025,0.008,0.004,0.01,0.006,0.035,0.002,1,1,1,23.6581,0,0,145.062,1808,2,0,0,0,0,0.876057
1560,1858,2,35,4,4,1,1,1.16949,1.78242,0.327264,2.81868,2,1,4.8,0,0.34,0.24,0.14,0.035,0.04,0.025,0.008,0.004,0.01,0.006,0.035,0.002,1,1,1,15.5701,0,0,119.101,1849,2,0,0,0,0,0.677878
1560,1880,2,31,4,4,1,1,1.14437,1.83115,0.40387,-2.72446,2,1,4.8,0,0.34,0.24,0.14,0.035,0.04,0.025,0.008,0.004,0.01,0.006,0.035,0.002,1,1,1,20.0427,0,0,94.9655,1744,2,0,0,0,0,1.25615
1560,1882,2,28,4,4,1,1,1.38883,1.20887,0.307573,0.613003,2,1,4.8,0,0.34,0.24,0.14,0.035,0.04,0.025,0.008,0.004,0.01,0.006,0.035,0.002,1,1,1,12.4046,0,0,94.6073,1620,2,0,0,0,0,0.854899
1560,1884,2,35,4,4,1,1,1.22389,1.6225,0.268524,-2.48191,2,1,4.8,0,0.34,0.24,0.14,0.035,0.04,0.025,0.008,0.004,0.01,0.006,0.035,0.002,1,1,1,16.3276,0,0,92.5245,1849,2,0,0,0,0,0.519387
1560,1888,2,30,4,4,1,1,1.9372,1.2456,0.359237,1.93268,2,1,4.8,0,0.34,0.24,0.14,0.035,0.04,0.025,0.008,0.004,0.01,0.006,0.035,0.002,1,1,1,14.0048,0,0,87.484,1792,2,0,0,0,0,0.748554
1560,1895,2,31,4,4,1,1,1.63184,1.25664,0.259385,1.13644,2,1,4.8,0,0.34,0.24,0.14,0.035,0.04,0.025,0.008,0.004,0.01,0.006,0.035,0.002,1,1,1,12.7625,0,0,84.1515,1744,2,0,0,0,0,0.52684
1560,1915,2,31,4,4,1,1,1.63864,1.22562,1.00275,-1.92107,2,1,4.8,0,0.34,0.24,0.14,0.035,0.04,0.025,0.008,0.004,0.01,0.006,0.035,0.002,1,1,1,8.73874,0,0,73.7624,1888,2,0,0,0,0,1.27878
1560,1916,2,32,4,4,1,1,1.81555,1.09286,0.569108,1.9382,2,1,4.8,0,0.34,0.24,0.14,0.035,0.04,0.025,0.008,0.004,0.01,0.006,0.035,0.002,1,1,1,9.19493,0,0,69.5634,1880,2,0,0,0,0,0.866673
1560,1917,2,33,4,4,1,1,1.84955,1.17272,0.586052,-1.95116,2,1,4.8,0,0.34,0.24,0.14,0.035,0.04,0.025,0.008,0.004,0.01,0.006,0.035,0.002,1,1,1,4.22468,0,0,69.4634,1804,2,0,0,0,0,0.806871
1560,1919,2,33,4,4,1,1,1.19127,1.64728,0.170354,3.07304,2,1,4.8,0,0.34,0.24,0.14,0.035,0.04,0.025,0.008,0.004,0.01,0.006,0.035,0.002,1,1,1,9.6512,0,0,68.5886,1773,2,0,0,0,0,0.488674
1560,1920,57,30,5,5,1,2,2.26808,2.0993,0.405331,-0.699248,3,1,6,0,0.34,0.24,0.14,0.035,0.04,0.025,0.008,0.004,0.01,0.006,0.035,0.002,1,1,1,8.54434,0,0,67.7472,1792,2,0,0,0,0,0.981823
1560,1923,2,31,4,4,1,1,1.19718,1.76714,0.546901,0.569415,2,1,4.8,0,0.34,0.24,0.14,0.035,0.04,0.025,0.008,0.004,0.01,0.006,0.035,0.002,1,1,1,14.7621,0,0,64.9145,1744,2,0,0,0,0,1.26147
1560,1924,2,34,4,4,1,1,1.33647,1.31641,0.315171,2.52701,2,1,4.8,0,0.34,0.24,0.14,0.035,0.04,0.025,0.008,0.004,0.01,0.006,0.035,0.002,1,1,1,5.09151,0,0,63.2063,1919,2,0,0,0,0,1.02798
1560,1930,2,32,4,4,1,1,1.14773,1.83558,0.268083,3.08421,2,1,4.8,0,0.34,0.24,0.14,0.035,0.04,0.025,0.008,0.004,0.01,0.006,0.035,0.002,1,1,1,7.51547,0,0,58.9637,1923,2,0,0,0,0,0.504532
1560,1931,2,36,4,4,1,1,1.5226,1.24244,0.514088,-0.780288,2,1,4.8,0,0.34,0.24,0.14,0.035,0.04,0.025,0.008,0.004,0.01,0.006,0.035,0.002,1,1,1,5.73674,0,0,58.947,1884,2,0,0,0,0,0.980596
1560,1943,2,32,4,4,1,1,1.26872,1.61905,0.229171,-2.27834,2,1,4.8,0,0.34,0.24,0.14,0.035,0.04,0.025,0.008,0.004,0.01,0.006,0.035,0.002,1,1,1,6.4087,0,0,48.1364,1923,2,0,0,0,0,0.837394
1560,1949,2,32,4,4,1,1,1.4564,1.2742,0.390853,2.38156,2,1,4.8,0,0.34,0.24,0.14,0.035,0.04,0.025,0.008,0.004,0.01,0.006,0.035,0.002,1,1,1,2.64,0,0,43.0686,1816,2,0,0,0,0,0.52496
1560,1950,2,32,4,4,1,1,1.19347,1.4208,0.302359,-1.09285,2,1,4.8,0,0.34,0.24,0.14,0.035,0.04,0.025,0.008,0.004,0.01,0.006,0.035,0.002,1,1,1,2.45337,0,0,42.3435,1915,2,0,0,0,0,0.499221
1560,1954,58,29,5,5,1,1,1.43033,1.83706,0.259518,-2.51039,2,1,6,0,0.34,0.24,0.14,0.035,0.04,0.025,0.008,0.004,0.01,0.006,0.035,0.002,1,1,1,6.48,0,0,38.2176,1882,2,0,0,0,0,0.90646
1560,1957,2,33,4,4,1,1,1.76814,1.09581,0.574427,-1.06241,2,1,4.8,0,0.34,0.24,0.14,0.035,0.04,0.025,0.008,0.004,0.01,0.006,0.035,0.002,1,1,1,3.24,0,0,36.0505,1916,2,0,0,0,0,0.937545
1560,1960,2,28,4,4,1,1,1.64227,1.28492,0.298675,1.94968,2,1,4.8,0,0.34,0.24,0.14,0.035,0.04,0.025,0.008,0.004,0.01,0.006,0.035,0.002,1,1,1,6.19875,0,0,32.1996,1620,2,0,0,0,0,0.559693
1560,1961,2,32,4,4,1,1,1.64476,1.29635,0.26117,-0.716293,2,1,4.8,0,0.34,0.24,0.14,0.035,0.04,0.025,0.008,0.004,0.01,0.006,0.035,0.002,1,1,1,4.49654,0,0,30.033,1880,2,0,0,0,0,0.593416
1560,1964,2,29,4,4,1,1,1.28173,1.6245,0.539804,-2.67078,2,1,4.8,0,0.34,0.24,0.14,0.035,0.04,0.025,0.008,0.004,0.01,0.006,0.035,0.002,1,1,1,3.253,0,0,27.3997,1960,2,0,0,0,0,0.48294
1560,1968,2,28,4,4,1,1,1.24313,1.64609,0.234862,0.383291,2,1,4.8,0,0.34,0.24,0.14,0.035,0.04,0.025,0.008,0.004,0.01,0.006,0.035,0.002,1,1,1,2.0611,0,0,21.3831,1620,2,0,0,0,0,0.482075
1560,1969,2,37,4,4,1,1,1.15026,1.74865,0.518754,-2.62217,2,1,4.8,0,0.34,0.24,0.14,0.035,0.04,0.025,0.008,0.004,0.01,0.006,0.035,0.002,1,1,1,1.0237,0,0,21.2414,1931,2,0,0,0,0,0.740335
1560,1972,2,32,4,4,1,1,1.35294,1.62199,0.659109,-0.472073,2,1,4.8,0,0.34,0.24,0.14,0.035,0.04,0.025,0.008,0.004,0.01,0.006,0.035,0.002,1,1,1,4.04277,0,0,19.2165,1880,2,0,0,0,0,1.26043
1560,1973,2,33,4,4,1,1,1.79154,1.14145,0.270363,2.02776,2,1,4.8,0,0.34,0.24,0.14,0.035,0.04,0.025,0.008,0.004,0.01,0.006,0.035,0.002,1,1,1,0.538549,0,0,18.1165,1943,2,0,0,0,0,0.640341
1560,1975,2,29,4,4,1,1,1.29225,1.2596,0.624815,-0.779765,2,1,4.8,0,0.34,0.24,0.14,0.035,0.04,0.025,0.008,0.004,0.01,0.006,0.035,0.002,1,1,1,3.36,0,0,16.3332,1526,2,0,0,0,0,1.27878
1560,1979,2,32,4,4,1,1,1.7906,1.13281,0.409826,1.46053,2,1,4.8,0,0.34,0.24,0.14,0.035,0.04,0.025,0.008,0.004,0.01,0.006,0.035,0.002,1,1,1,0.36,0,0,12.0999,1923,2,0,0,0,0,0.727355
1560,1983,2,33,4,4,1,1,1.31317,2.13636,0.312616,2.72675,2,1,4.8,0,0.34,0.24,0.14,0.035,0.04,0.025,0.008,0.004,0.01,0.006,0.035,0.002,1,1,1,0.48,0,0,8.70829,1972,2,0,0,0,0,1.04979
1590,1526,2,28,4,4,1,1,1.19181,2.20589,0.465023,-0.0916905,2,1,4.8,0,0.34,0.24,0.14,0.035,0.04,0.025,0.008,0.004,0.01,0.006,0.035,0.002,1,1,1,75.9668,0,0,402.924,1497,2,0,0,0,0,1.18581
1590,1620,2,27,3,4,1,0,0.944706,1.08389,0.237232,-2.68542,1,1,3.6,0,0.34,0.24,0.14,0.035,0.04,0.025,0.008,0.004,0.01,0.006,0.035,0.002,1,1,1,41.0442,0,0,328.592,1574,2,0,0,0,0,0
1590,1804,2,32,4,4,1,1,1.25347,1.35701,0.340878,-2.38134,2,1,4.8,0,0.34,0.24,0.14,0.035,0.04,0.025,0.008,0.004,0.01,0.006,0.035,0.002,1,1,1,30.7039,0,0,181.486,1788,2,0,0,0,0,0.94961
1590,1816,2,31,4,4,1,1,1.13171,2.0334,0.3756,-3.02699,2,1,4.8,0,0.34,0.24,0.14,0.035,0.04,0.025,0.008,0.004,0.01,0.006,0.035,0.002,1,1,1,27.2581,0,0,175.054,1808,2,0,0,0,0,1.02207
1590,1858,2,35,4,4,1,1,1.16081,1.7623,0.44301,-0.244505,2,1,4.8,0,0.34,0.24,0.14,0.035,0.04,0.025,0.008,0.004,0.01,0.006,0.035,0.002,1,1,1,18.5701,0,0,149.094,1849,2,0,0,0,0,0.836257
1590,1880,2,31,4,4,1,1,1.12279,1.79192,0.278496,0.17934,2,1,4.8,0,0.34,0.24,0.14,0.035,0.04,0.025,0.008,0.004,0.01,0.006,0.035,0.002,1,1,1,26.6035,0,0,124.958,1744,2,0,0,0,0,1.14639
1590,1882,2,28,4,4,1,1,1.72937,1.13933,0.373984,1.17247,2,1,4.8,0,0.34,0.24,0.14,0.035,0.04,0.025,0.008,0.004,0.01,0.006,0.035,0.002,1,1,1,15.9566,0,0,124.6,1620,2,0,0,0,0,1.19659
1590,1915,2,31,4,4,1,1,1.36624,1.39541,0.433363,-0.732462,2,1,4.8,0,0.34,0.24,0.14,0.035,0.04,0.025,0.008,0.004,0.01,0.006,0.035,0.002,1,1,1,11.5467,0,0,103.755,1888,2,0,0,0,0,0
1590,1917,2,33,4,4,1,1,1.10629,1.77037,0.477021,2.93812,2,1,4.8,0,0.34,0.24,0.14,0.035,0.04,0.025,0.008,0.004,0.01,0.006,0.035,0.002,1,1,1,12.3847,0,0,99.4561,1804,2,0,0,0,0,0.930528
1590,1923,2,31,4,4,1,1,1.29337,1.36866,0.396652,2.51426,2,1,4.8,0,0.34,0.24,0.14,0.035,0.04,0.025,0.008,0.004,0.01,0.006,0.035,0.002,1,1,1,17.7621,0,0,94.9072,1744,2,0,0,0,0,1.1953
1590,1931,2,36,4,4,1,1,1.1465,1.94371,0.6251,0.366468,2,1,4.8,0,0.34,0.24,0.14,0.035,0.04,0.025,0.008,0.004,0.01,0.006,0.035,0.002,1,1,1,13.8967,0,0,88.942,1884,2,0,0,0,0,1.03977
1590,1943,2,32,4,4,1,1,1.12649,1.79493,0.326623,-2.73061,2,1,4.8,0,0.34,0.24,0.14,0.035,0.04,0.025,0.008,0.004,0.01,0.006,0.035,0.002,1,1,1,12.8887,0,0,78.1363,1923,2,0,0,0,0,0.527142
1590,1950,2,32,4,4,1,1,2.06666,1.10775,0.516866,-1.26697,2,1,4.8,0,0.34,0.24,0.14,0.035,0.04,0.025,0.008,0.004,0.01,0.006,0.035,0.002,1,1,1,7.25337,0,0,72.3461,1915,2,0,0,0,0,1.21899
1590,1954,58,29,5,5,1,1,1.74206,1.586,0.253409,-1.83386,2,1,6,0,0.34,0.24,0.14,0.035,0.04,0.025,0.008,0.004,0.01,0.006,0.035,0.002,1,1,1,8.88,0,0,68.2221,1882,2,0,0,0,0,0.503864
1590,1957,2,33,4,4,1,1,1.1512,1.78481,0.62386,0.0865216,2,1,4.8,0,0.34,0.24,0.14,0.035,0.04,0.025,0.008,0.004,0.01,0.006,0.035,0.002,1,1,1,7.92,0,0,66.0559,1916,2,0,0,0,0,0.98705
1590,1960,2,28,3,4,1,0,0.921635,1.02519,0.380173,-1.42077,1,1,3.6,0,0.34,0.24,0.14,0.035,0.04,0.025,0.008,0.004,0.01,0.006,0.035,0.002,1,1,1,8.7884,0,0,62.206,1620,2,0,0,0,0,0
1590,1961,2,32,4,4,1,1,1.48133,1.29117,0.36854,-2.07114,2,1,4.8,0,0.34,0.24,0.14,0.035,0.04,0.025,0.008,0.004,0.01,0.006,0.035,0.002,1,1,1,9.50786,0,0,60.0389,1880,2,0,0,0,0,0.518804
1590,1964,2,29,4,4,1,1,1.37331,1.3416,0.431232,0.781902,2,1,4.8,0,0.34,0.24,0.14,0.035,0.04,0.025,0.008,0.004,0.01,0.006,0.035,0.002,1,1,1,10.5273,0,0,57.405,1960,2,0,0,0,0,0.613848
1590,1968,2,28,4,4,1,1,1.62424,1.1516,0.616562,-2.09671,2,1,4.8,0,0.34,0.24,0.14,0.035,0.04,0.025,0.008,0.004,0.01,0.006,0.035,0.002,1,1,1,6.20286,0,0,51.3871,1620,2,0,0,0,0,1.15058
1590,1975,2,29,4,4,1,1,1.22688,1.64642,0.184906,2.85829,2,1,4.8,0,0.34,0.24,0.14,0.035,0.04,0.025,0.008,0.004,0.01,0.006,0.035,0.002,1,1,1,12.192,0,0,46.336,1526,2,0,0,0,0,0.81377
1590,1980,2,30,4,4,1,1,1.44097,1.3582,0.238481,2.24141,2,1,4.8,0,0.34,0.24,0.14,0.035,0.04,0.025,0.008,0.004,0.01,0.006,0.035,0.002,1,1,1,6.214,0,0,41.5183,1964,2,0,0,0,0,0.474654
1590,1983,2,33,4,4,1,1,1.12147,1.80792,0.277096,-2.95876,2,1,4.8,0,0.34,0.24,0.14,0.035,0.04,0.025,0.008,0.004,0.01,0.006,0.035,0.002,1,1,1,2.52,0,0,38.7094,1972,2,0,0,0,0,0
1590,1985,58,30,5,5,1,1,1.78169,1.6591,0.472914,1.29975,2,1,6,0,0.34,0.24,0.14,0.035,0.04,0.025,0.008,0.004,0.01,0.006,0.035,0.002,1,1,1,5.04,0,0,36.4172,1954,58,0,0,0,0,1.08091
1590,1987,2,30,4,4,1,1,1.09614,1.80108,0.283684,-2.7854,2,1,4.8,0,0.34,0.24,0.14,0.035,0.04,0.025,0.008,0.004,0.01,0.006,0.035,0.002,1,1,1,2.64,0,0,34.4501,1975,2,0,0,0,0,0.641386
1590,1988,2,32,4,4,1,1,2.09321,1.17723,0.228558,-1.69535,2,1,4.8,0,0.34,0.24,0.14,0.035,0.04,0.025,0.008,0.004,0.01,0.006,0.035,0.002,1,1,1,8.02252,0,0,34.1834,1880,2,0,0,0,0,1.27878
1590,1989,2,34,4,4,1,1,1.97177,1.17028,0.204691,-1.69288,2,1,4.8,0,0.34,0.24,0.14,0.035,0.04,0.025,0.008,0.004,0.01,0.006,0.035,0.002,1,1,1,3.96862,0,0,34.1334,1957,2,0,0,0,0,0.682038
1590,1990,2,32,4,4,1,1,1.52029,1.29182,0.441032,-2.11173,2,1,4.8,0,0.34,0.24,0.14,0.035,0.04,0.025,0.008,0.004,0.01,0.006,0.035,0.002,1,1,1,5.76362,0,0,33.4416,1816,2,0,0,0,0,1.26335
1590,2001,2,34,4,4,1,1,1.28512,1.60121,0.417202,2.56203,2,1,4.8,0,0.34,0.24,0.14,0.035,0.04,0.025,0.008,0.004,0.01,0.006,0.035,0.002,1,1,1,1.2,0,0,28.458,1917,2,0,0,0,0,0.933537
1590,2006,2,31,4,4,1,1,1.17813,1.63326,0.412031,2.72455,2,1,4.8,0,0.34,0.24,0.14,0.035,0.04,0.025,0.008,0.004,0.01,0.006,0.035,0.002,1,1,1,3.72,0,0,25.4997,1980,2,0,0,0,0,0.643945
1590,2009,2,37,4,4,1,1,1.31167,1.68584,0.355779,2.69594,2,1,4.8,0,0.34,0.24,0.14,0.035,0.04,0.025,0.008,0.004,0.01,0.006,0.035,0.002,1,1,1,0.6,0,0,22.3997,1931,2,0,0,0,0,0.428255
1590,2011,2,33,4,4,1,1,1.10014,1.99488,0.524787,3.08294,2,1,4.8,0,0.34,0.24,0.14,0.035,0.04,0.025,0.008,0.004,0.01,0.006,0.035,0.002,1,1,1,3.39275,0,0,20.2581,1943,2,0,0,0,0,1.13992
1590,2014,2,30,4,4,1,1,1.20471,1.69055,0.4521,0.598867,2,1,4.8,0,0.34,0.24,0.14,0.035,0.04,0.025,0.008,0.004,0.01,0.006,0.035,0.002,1,1,1,2.28,0,0,18.9915,1975,2,0,0,0,0,1.1605
1590,2015,2,32,4,4,1,1,1.7196,1.11204,0.342993,1.87028,2,1,4.8,0,0.34,0.24,0.14,0.035,0.04,0.025,0.008,0.004,0.01,0.006,0.035,0.002,1,1,1,0.12,0,0,16.2582,1880,2,0,0,0,0,0.660639
1590,2016,2,33,4,4,1,1,1.54006,1.25509,0.393542,-0.939469,2,1,4.8,0,0.34,0.24,0.14,0.035,0.04,0.025,0.008,0.004,0.01,0.006,0.035,0.002,1,1,1,1.56,0,0,15.3999,1988,2,0,0,0,0,0.825833
1590,2018,2,33,4,4,1,1,1.7664,1.22083,0.397852,1.09678,2,1,4.8,0,0.34,0.24,0.14,0.035,0.04,0.025,0.008,0.004,0.01,0.006,0.035,0.002,1,1,1,0.688686,0,0,14.9249,1990,2,0,0,0,0,1.07639
1590,2024,2,34,4,4,1,1,1.10786,1.85849,0.674417,-2.95529,2,1,4.8,0,0.34,0.24,0.14,0.035,0.04,0.025,0.008,0.004,0.01,0.006,0.035,0.002,1,1,1,1.56,0,0,9.02495,1917,2,0,0,0,0,0.568327
1590,2028,2,30,4,4,1,1,1.54824,1.26099,0.885565,2.16861,2,1,4.8,0,0.34,0.24,0.14,0.035,0.04,0.025,0.008,0.004,0.01,0.006,0.035,0.002,1,1,1,2.83159,0,0,7.09998,1975,2,0,0,0,0,1.19625
1620,1526,2,28,4,4,1,1,2.03728,1.15015,0.485621,1.44233,2,1,4.8,0,0.34,0.24,0.14,0.035,0.04,0.025,0.008,0.004,0.01,0.006,0.035,0.002,1,1,1,81.6308,0,0,432.916,1497,2,0,0,0,0,0.953963
1620,1804,2,32,4,4,1,1,1.45816,1.33406,0.454585,-0.758664,2,1,4.8,0,0.34,0.24,0.14,0.035,0.04,0.025,0.008,0.004,0.01,0.006,0.035,0.002,1,1,1,34.0881,0,0,211.479,1788,2,0,0,0,0,0.564247
1620,1816,2,31,4,4,1,1,1.74478,1.15834,0.325617,-1.69819,2,1,4.8,0,0.34,0.24,0.14,0.035,0.04,0.025,0.008,0.004,0.01,0.006,0.035,0.002,1,1,1,32.4661,0,0,205.047,1808,2,0,0,0,0,1.21293
1620,1880,2,31,4,4,1,1,1.25573,1.57573,0.393338,-2.38018,2,1,4.8,0,0.34,0.24,0.14,0.035,0.04,0.025,0.008,0.004,0.01,0.006,0.035,0.002,1,1,1,29.0275,0,0,154.951,1744,2,0,0,0,0,0.691332
1620,1917,2,33,4,4,1,1,1.13844,1.83331,0.443692,-3.08053,2,1,4.8,0,0.34,0.24,0.14,0.035,0.04,0.025,0.008,0.004,0.01,0.006,0.035,0.002,1,1,1,18.7771,0,0,129.449,1804,2,0,0,0,0,0.671258
1620,1923,2,31,4,4,1,1,1.22609,1.65401,0.461541,2.87277,2,1,4.8,0,0.34,0.24,0.14,0.035,0.04,0.025,0.008,0.004,0.01,0.006,0.035,0.002,1,1,1,25.1541,0,0,124.9,1744,2,0,0,0,0,0.604359
1620,1931,2,36,4,4,1,1,1.81217,1.20369,0.551326,-1.54914,2,1,4.8,0,0.34,0.24,0.14,0.035,0.04,0.025,0.008,0.004,0.01,0.006,0.035,0.002,1,1,1,18.172,0,0,118.935,1884,2,0,0,0,0,0.816058
1620,1943,2,32,4,4,1,1,1.81593,1.19397,0.333843,-1.12042,2,1,4.8,0,0.34,0.24,0.14,0.035,0.04,0.025,0.008,0.004,0.01,0.006,0.035,0.002,1,1,1,19.9687,0,0,108.129,1923,2,0,0,0,0,0.552317
1620,1950,2,32,4,4,1,1,1.19543,1.90845,0.376058,0.273614,2,1,4.8,0,0.34,0.24,0.14,0.035,0.04,0.025,0.008,0.004,0.01,0.006,0.035,0.002,1,1,1,13.319,0,0,102.339,1915,2,0,0,0,0,1.24175
1620,1957,2,33,4,4,1,1,1.14254,1.90709,0.435067,0.140928,2,1,4.8,0,0.34,0.24,0.14,0.035,0.04,0.025,0.008,0.004,0.01,0.006,0.035,0.002,1,1,1,10.32,0,0,96.0486,1916,2,0,0,0,0,0.720514
1620,1964,2,29,4,4,1,1,1.81542,1.14649,0.427438,-1.29692,2,1,4.8,0,0.34,0.24,0.14,0.035,0.04,0.025,0.008,0.004,0.01,0.006,0.035,0.002,1,1,1,14.9368,0,0,87.4007,1960,2,0,0,0,0,1.11032
1620,1968,2,28,4,4,1,1,1.29326,1.61613,0.464004,0.473987,2,1,4.8,0,0.34,0.24,0.14,0.035,0.04,0.025,0.008,0.004,0.01,0.006,0.035,0.002,1,1,1,10.9316,0,0,81.3855,1620,2,0,0,0,0,1.25649
1620,1975,2,29,4,4,1,1,1.40347,1.29598,0.355556,-2.14093,2,1,4.8,0,0.34,0.24,0.14,0.035,0.04,0.025,0.008,0.004,0.01,0.006,0.035,0.002,1,1,1,15.4743,0,0,76.3368,1526,2,0,0,0,0,0.667107
1620,1985,58,30,5,5,1,1,1.60873,1.84664,0.469096,-2.0666,2,1,6,0,0.34,0.24,0.14,0.035,0.04,0.025,0.008,0.004,0.01,0.006,0.035,0.002,1,1,1,8.86607,0,0,66.4225,1954,58,0,0,0,0,1.26674
1620,1987,2,30,4,4,1,1,1.08036,1.79455,0.429614,0.363861,2,1,4.8,0,0.34,0.24,0.14,0.035,0.04,0.025,0.008,0.004,0.01,0.006,0.035,0.002,1,1,1,10.44,0,0,64.4563,1975,2,0,0,0,0,1.20803
1620,1988,2,32,4,4,1,1,1.24367,1.64512,0.258091,0.727242,2,1,4.8,0,0.34,0.24,0.14,0.035,0.04,0.025,0.008,0.004,0.01,0.006,0.035,0.002,1,1,1,11.2385,0,0,64.1897,1880,2,0,0,0,0,0.527625
1620,1990,2,32,4,4,1,1,1.1397,1.77234,0.316524,3.09014,2,1,4.8,0,0.34,0.24,0.14,0.035,0.04,0.025,0.008,0.004,0.01,0.006,0.035,0.002,1,1,1,9.38762,0,0,63.448,1816,2,0,0,0,0,0.968818
1620,2001,2,34,4,4,1,1,1.24386,1.56989,0.295383,2.76908,2,1,4.8,0,0.34,0.24,0.14,0.035,0.04,0.025,0.008,0.004,0.01,0.006,0.035,0.002,1,1,1,4.56183,0,0,58.4636,1917,2,0,0,0,0,0.430623
1620,2011,2,33,4,4,1,1,1.26796,1.54506,0.319997,2.71945,2,1,4.8,0,0.34,0.24,0.14,0.035,0.04,0.025,0.008,0.004,0.01,0.006,0.035,0.002,1,1,1,6.61096,0,0,50.2618,1943,2,0,0,0,0,0.647776
1620,2014,2,30,4,4,1,1,1.156,2.12729,0.235616,0.12074,2,1,4.8,0,0.34,0.24,0.14,0.035,0.04,0.025,0.008,0.004,0.01,0.006,0.035,0.002,1,1,1,4.8,0,0,48.9949,1975,2,0,0,0,0,0.138032
1620,2016,2,33,4,4,1,1,1.15618,2.07796,0.731899,0.0222527,2,1,4.8,0,0.34,0.24,0.14,0.035,0.04,0.025,0.008,0.004,0.01,0.006,0.035,0.002,1,1,1,7.944,0,0,45.4025,1988,2,0,0,0,0,1.23818
1620,2023,2,34,4,4,1,1,2.02603,1.14859,0.635357,1.37024,2,1,4.8,0,0.34,0.24,0.14,0.035,0.04,0.025,0.008,0.004,0.01,0.006,0.035,0.002,1,1,1,1.44,0,0,40.6014,2016,2,0,0,0,0,1.17827
1620,2024,2,34,4,4,1,1,1.40996,1.31614,0.11701,-0.755553,2,1,4.8,0,0.34,0.24,0.14,0.035,0.04,0.025,0.008,0.004,0.01,0.006,0.035,0.002,1,1,1,3.20143,0,0,39.0261,1917,2,0,0,0,0,0.80483
1620,2028,2,30,4,4,1,1,1.20146,1.78456,0.486335,-2.38278,2,1,4.8,0,0.34,0.24,0.14,0.035,0.04,0.025,0.008,0.004,0.01,0.006,0.035,0.002,1,1,1,7.75748,0,0,37.1007,1975,2,0,0,0,0,1.25839
1620,2029,2,33,4,4,1,1,1.62237,1.20314,0.341186,-1.11207,2,1,4.8,0,0.34,0.24,0.14,0.035,0.04,0.025,0.008,0.004,0.01,0.006,0.035,0.002,1,1,1,3.312,0,0,36.5589,1943,2,0,0,0,0,0.695544
1620,2030,2,30,4,4,1,1,1.38491,1.17191,0.405657,0.845353,2,1,4.8,0,0.34,0.24,0.14,0.035,0.04,0.025,0.008,0.004,0.01,0.006,0.035,0.002,1,1,1,6.7185,0,0,35.2169,1964,2,0,0,0,0,0.797043
1620,2032,2,33,4,4,1,1,1.59897,1.28098,0.665532,-2.11124,2,1,4.8,0,0.34,0.24,0.14,0.035,0.04,0.025,0.008,0.004,0.01,0.006,0.035,0.002,1,1,1,6.48,0,0,33.2165,1988,2,0,0,0,0,0.527485
1620,2035,2,34,4,4,1,1,1.79195,1.13595,0.480342,1.48501,2,1,4.8,0,0.34,0.24,0.14,0.035,0.04,0.025,0.008,0.004,0.01,0.006,0.035,0.002,1,1,1,4.74979,0,0,32.558,2011,2,0,0,0,0,0.909261
1620,2041,2,31,4,4,1,1,1.25767,1.52659,0.402426,-2.43824,2,1,4.8,0,0.34,0.24,0.14,0.035,0.04,0.025,0.008,0.004,0.01,0.006,0.035,0.002,1,1,1,1.429,0,0,30.483,2028,2,0,0,0,0,0.601171
1620,2047,2,33,4,4,1,1,1.19743,2.52474,0.195974,-2.94315,2,1,4.8,0,0.34,0.24,0.14,0.035,0.04,0.025,0.008,0.004,0.01,0.006,0.035,0.002,1,1,1,2.85222,0,0,26.9663,1950,2,0,0,0,0,1.10268
1620,2050,2,34,4,4,1,1,2.04224,1.04445,0.597268,-1.11336,2,1,4.8,0,0.34,0.24,0.14,0.035,0.04,0.025,0.008,0.004,0.01,0.006,0.035,0.002,1,1,1,0.84,0,0,25.8414,2032,2,0,0,0,0,1.26268
1620,2053,2,37,4,4,1,1,1.14438,1.69312,0.281203,-2.73615,2,1,4.8,0,0.34,0.24,0.14,0.035,0.04,0.025,0.008,0.004,0.01,0.006,0.035,0.002,1,1,1,2.18071,0,0,24.4747,1931,2,0,0,0,0,1.12457
1620,2066,2,34,4,4,1,1,1.28442,1.44733,0.409793,2.5116,2,1,4.8,0,0.34,0.24,0.14,0.035,0.04,0.025,0.008,0.004,0.01,0.006,0.035,0.002,1,1,1,2.88,0,0,16.8998,1917,2,0,0,0,0,1.09843
1620,2067,2,32,4,4,1,1,1.13135,1.64976,0.408507,-3.10344,2,1,4.8,0,0.34,0.24,0.14,0.035,0.04,0.025,0.008,0.004,0.01,0.006,0.035,0.002,1,1,1,0.84,0,0,16.8415,1923,2,0,0,0,0,1.11922
1620,2073,2,31,4,4,1,1,1.72572,1.14179,0.448298,-1.61282,2,1,4.8,0,0.34,0.24,0.14,0.035,0.04,0.025,0.008,0.004,0.01,0.006,0.035,0.002,1,1,1,1.68,0,0,14.6415,1987,2,0,0,0,0,0.515239
1620,2077,2,31,4,4,1,1,1.51779,1.3596,0.420532,-0.797696,2,0,4.8,0,0.34,0.24,0.14,0.035,0.04,0.025,0.008,0.004,0.01,0.006,0.035,0.002,1,1,1,0.431889,0,0,12.5582,2030,2,0,0,0,0,1.05154
1650,1526,2,28,4,4,1,1,1.78421,1.12389,0.503136,1.65178,2,1,4.8,0,0.34,0.24,0.14,0.035,0.04,0.025,0.008,0.004,0.01,0.006,0.035,0.002,1,1,1,85.3748,0,0,462.909,1497,2,0,0,0,0,0.793213
1650,1816,2,31,4,4,1,1,1.50965,1.4503,0.25466,-2.28909,2,1,4.8,0,0.34,0.24,0.14,0.035,0.04,0.025,0.008,0.004,0.01,0.006,0.035,0.002,1,1,1,36.6661,0,0,235.04,1808,2,0,0,0,0,0.590946
1650,1917,2,33,4,4,1,1,1.72175,1.13351,0.373673,-1.20692,2,1,4.8,0,0.34,0.24,0.14,0.035,0.04,0.025,0.008,0.004,0.01,0.006,0.035,0.002,1,1,1,20.9371,0,0,159.441,1804,2,0,0,0,0,0.391169
1650,1923,2,31,4,4,1,1,1.14564,1.63729,0.535795,-3.13965,2,1,4.8,0,0.34,0.24,0.14,0.035,0.04,0.025,0.008,0.004,0.01,0.006,0.035,0.002,1,1,1,28.2869,0,0,154.893,1744,2,0,0,0,0,1.14412
1650,1943,2,32,4,4,1,1,1.19584,1.90717,0.53189,2.84597,2,1,4.8,0,0.34,0.24,0.14,0.035,0.04,0.025,0.008,0.004,0.01,0.006,0.035,0.002,1,1,1,24.2759,0,0,138.122,1923,2,0,0,0,0,0.523609
1650,1950,2,32,4,4,1,1,1.56196,1.32777,0.321025,-2.0839,2,1,4.8,0,0.34,0.24,0.14,0.035,0.04,0.025,0.008,0.004,0.01,0.006,0.035,0.002,1,1,1,17.055,0,0,132.331,1915,2,0,0,0,0,0.594103
1650,1964,2,29,4,4,1,1,1.08855,2.01146,0.615826,-0.026852,2,1,4.8,0,0.34,0.24,0.14,0.035,0.04,0.025,0.008,0.004,0.01,0.006,0.035,0.002,1,1,1,17.9368,0,0,117.393,1960,2,0,0,0,0,1.27046
1650,1968,2,28,4,4,1,1,1.77215,1.22247,0.223196,2.02626,2,1,4.8,0,0.34,0.24,0.14,0.035,0.04,0.025,0.008,0.004,0.01,0.006,0.035,0.002,1,1,1,13.8324,0,0,111.378,1620,2,0,0,0,0,0.4853
1650,1985,58,30,5,5,1,1,1.80988,1.29452,0.265131,-1.11683,2,1,6,0,0.34,0.24,0.14,0.035,0.04,0.025,0.008,0.004,0.01,0.006,0.035,0.002,1,1,1,12.4523,0,0,96.4152,1954,58,0,0,0,0,0.734817
1650,2023,2,34,4,4,1,1,1.91468,1.16353,0.628593,-1.69459,2,1,4.8,0,0.34,0.24,0.14,0.035,0.04,0.025,0.008,0.004,0.01,0.006,0.035,0.002,1,1,1,6.44053,0,0,70.6048,2016,2,0,0,0,0,1.27351
1650,2028,2,30,4,4,1,1,1.79922,1.14344,0.4701,-1.47217,2,1,4.8,0,0.34,0.24,0.14,0.035,0.04,0.025,0.008,0.004,0.01,0.006,0.035,0.002,1,1,1,13.6375,0,0,67.1057,1975,2,0,0,0,0,1.00687
1650,2029,2,33,4,4,1,1,1.91625,1.12829,0.583346,1.38201,2,1,4.8,0,0.34,0.24,0.14,0.035,0.04,0.025,0.008,0.004,0.01,0.006,0.035,0.002,1,1,1,8.616,0,0,66.5641,1943,2,0,0,0,0,0.887187
1650,2030,2,30,4,4,1,1,1.40553,1.15758,0.225743,0.663353,2,1,4.8,0,0.34,0.24,0.14,0.035,0.04,0.025,0.008,0.004,0.01,0.006,0.035,0.002,1,1,1,12.4302,0,0,65.2228,1964,2,0,0,0,0,0.771949
1650,2032,2,33,4,4,1,1,1.86233,1.13647,0.319811,-1.73097,2,1,4.8,0,0.34,0.24,0.14,0.035,0.04,0.025,0.008,0.004,0.01,0.006,0.035,0.002,1,1,1,14.52,0,0,63.2229,1988,2,0,0,0,0,0.5115
1650,2035,2,34,4,4,1,1,1.75059,1.14039,0.390799,1.99497,2,1,4.8,0,0.34,0.24,0.14,0.035,0.04,0.025,0.008,0.004,0.01,0.006,0.035,0.002,1,1,1,9.90979,0,0,62.5645,2011,2,0,0,0,0,0.516625
1650,2050,2,34,4,4,1,1,1.65459,1.25528,0.312615,-2.03972,2,1,4.8,0,0.34,0.24,0.14,0.035,0.04,0.025,0.008,0.004,0.01,0.006,0.035,0.002,1,1,1,5.17152,0,0,55.8464,2032,2,0,0,0,0,0.861313
1650,2059,2,29,4,4,1,1,1.40453,1.27038,0.459313,2.45121,2,1,4.8,0,0.34,0.24,0.14,0.035,0.04,0.025,0.008,0.004,0.01,0.006,0.035,0.002,1,1,1,2.8081,0,0,50.4785,1526,2,0,0,0,0,1.07341
1650,2062,2,31,4,4,1,1,1.6397,1.27631,0.420968,-1.96981,2,1,4.8,0,0.34,0.24,0.14,0.035,0.04,0.025,0.008,0.004,0.01,0.006,0.035,0.002,1,1,1,5.688,0,0,47.8113,2028,2,0,0,0,0,0.927793
1650,2066,2,34,4,4,1,1,1.15362,1.77899,0.193822,-0.218297,2,1,4.8,0,0.34,0.24,0.14,0.035,0.04,0.025,0.008,0.004,0.01,0.006,0.035,0.002,1,1,1,10.2,0,0,46.9028,1917,2,0,0,0,0,0.479577
1650,2067,2,32,4,4,1,1,1.9493,1.10108,0.366152,-1.00716,2,1,4.8,0,0.34,0.24,0.14,0.035,0.04,0.025,0.008,0.004,0.01,0.006,0.035,0.002,1,1,1,6.24,0,0,46.8444,1923,2,0,0,0,0,0.504883
1650,2071,2,34,4,4,1,1,1.26081,1.4662,0.273558,2.67176,2,1,4.8,0,0.34,0.24,0.14,0.035,0.04,0.025,0.008,0.004,0.01,0.006,0.035,0.002,1,1,1,3.78647,0,0,46.0109,2029,2,0,0,0,0,0.971543
1650,2073,2,31,4,4,1,1,1.08747,1.8721,0.323644,0.389706,2,1,4.8,0,0.34,0.24,0.14,0.035,0.04,0.025,0.008,0.004,0.01,0.006,0.035,0.002,1,1,1,4.224,0,0,44.644,1987,2,0,0,0,0,1.25989
1650,2078,2,33,4,4,1,1,1.28935,1.51621,0.28469,2.77548,2,1,4.8,0,0.34,0.24,0.14,0.035,0.04,0.025,0.008,0.004,0.01,0.006,0.035,0.002,1,1,1,2.76,0,0,39.993,1943,2,0,0,0,0,0.527214
1650,2079,2,35,4,4,1,1,1.24666,1.7047,0.433963,0.578348,2,1,4.8,0,0.34,0.24,0.14,0.035,0.04,0.025,0.008,0.004,0.01,0.006,0.035,0.002,1,1,1,5.16,0,0,39.4679,2066,2,0,0,0,0,0.803088
1650,2089,2,31,4,4,1,1,1.78982,1.04528,0.37427,1.34944,2,1,4.8,0,0.34,0.24,0.14,0.035,0.04,0.025,0.008,0.004,0.01,0.006,0.035,0.002,1,1,1,4.68,0,0,29.358,2030,2,0,0,0,0,0.993806
1650,2096,2,35,4,4,1,1,1.27827,1.44508,0.299207,-2.34169,2,1,4.8,0,0.34,0.24,0.14,0.035,0.04,0.025,0.008,0.004,0.01,0.006,0.035,0.002,1,1,1,1.68,0,0,27.408,2035,2,0,0,0,0,0.523507
1650,2098,2,34,4,4,1,1,1.49692,1.23995,0.305269,-2.05235,2,1,4.8,0,0.34,0.24,0.14,0.035,0.04,0.025,0.008,0.004,0.01,0.006,0.035,0.002,1,1,1,3.6,0,0,25.0497,2032,2,0,0,0,0,0.999562
1650,2104,2,35,4,4,1,1,1.38393,1.52275,0.433273,-0.754009,2,1,4.8,0,0.34,0.24,0.14,0.035,0.04,0.025,0.008,0.004,0.01,0.006,0.035,0.002,1,1,1,2.37312,0,0,21.4748,2066,2,0,0,0,0,0.472542
1650,2110,2,31,4,4,1,1,1.07562,2.04246,0.458314,0.62875,2,1,4.8,0,0.34,0.24,0.14,0.035,0.04,0.025,0.008,0.004,0.01,0.006,0.035,0.002,1,1,1,1.68,0,0,16.2582,2028,2,0,0,0,0,1.27024
1650,2111,2,36,4,4,1,1,1.62619,1.24431,0.534542,1.36861,2,1,4.8,0,0.34,0.24,0.14,0.035,0.04,0.025,0.008,0.004,0.01,0.006,0.035,0.002,1,1,1,2.4,0,0,14.6249,2079,2,0,0,0,0,1.04762
1650,2112,2,34,4,4,1,1,1.23084,1.57737,0.502968,0.640913,2,1,4.8,0,0.34,0.24,0.14,0.035,0.04,0.025,0.008,0.004,0.01,0.006,0.035,0.002,1,1,1,0.36,0,0,14.2332,2032,2,0,0,0,0,1.10256
1680,1816,2,31,4,4,1,1,1.26597,1.33382,0.0992588,1.00572,2,1,4.8,0,0.34,0.24,0.14,0.035,0.04,0.025,0.008,0.004,0.01,0.006,0.035,0.002,1,1,1,42.482,0,0,265.032,1808,2,0,0,0,0,0.756678
1680,1923,2,31,3,4,1,0,0.904144,1.15181,1.10762,1.5687,1,1,3.6,0,0.34,0.24,0.14,0.035,0.04,0.025,0.008,0.004,0.01,0.006,0.035,0.002,1,1,1,25.1541,0,0,184.885,1744,2,0,0,0,0,1.24449
1680,1943,2,32,4,4,1,1,1.19323,1.6835,0.110905,-2.66786,2,1,4.8,0,0.34,0.24,0.14,0.035,0.04,0.025,0.008,0.004,0.01,0.006,0.035,0.002,1,1,1,30.2999,0,0,168.114,1923,2,0,0,0,0,0.514656
1680,1950,2,32,4,4,1,1,1.2584,1.50388,0.35815,-0.442777,2,1,4.8,0,0.34,0.24,0.14,0.035,0.04,0.025,0.008,0.004,0.01,0.006,0.035,0.002,1,1,1,22.1891,0,0,162.324,1915,2,0,0,0,0,0.625531
1680,2030,2,30,4,4,1,1,1.36165,1.29836,0.247175,-2.31473,2,1,4.8,0,0.34,0.24,0.14,0.035,0.04,0.025,0.008,0.004,0.01,0.006,0.035,0.002,1,1,1,16.8452,0,0,95.2155,1964,2,0,0,0,0,0.770749
1680,2062,2,31,4,4,1,1,1.87344,1.14732,0.45161,-1.71674,2,1,4.8,0,0.34,0.24,0.14,0.035,0.04,0.025,0.008,0.004,0.01,0.006,0.035,0.002,1,1,1,8.712,0,0,77.8114,2028,2,0,0,0,0,1.02955
1680,2067,2,32,4,4,1,1,1.29876,1.31374,0.62773,-2.19227,2,1,4.8,0,0.34,0.24,0.14,0.035,0.04,0.025,0.008,0.004,0.01,0.006,0.035,0.002,1,1,1,9,0,0,76.845,1923,2,0,0,0,0,0.745907
1680,2069,2,32,4,4,1,1,1.99953,1.23837,0.429107,1.08343,2,1,4.8,0,0.34,0.24,0.14,0.035,0.04,0.025,0.008,0.004,0.01,0.006,0.035,0.002,1,1,1,5.58404,0,0,76.5117,1816,2,0,0,0,0,0.718345
1680,2073,2,31,4,4,1,1,1.26164,1.57662,0.36628,-0.392795,2,1,4.8,0,0.34,0.24,0.14,0.035,0.04,0.025,0.008,0.004,0.01,0.006,0.035,0.002,1,1,1,11.568,0,0,74.6455,1987,2,0,0,0,0,0.687566
1680,2078,2,33,4,4,1,1,1.78935,1.17977,0.168154,1.56042,2,1,4.8,0,0.34,0.24,0.14,0.035,0.04,0.025,0.008,0.004,0.01,0.006,0.035,0.002,1,1,1,8.76,0,0,69.9966,1943,2,0,0,0,0,0.910063
1680,2079,2,35,4,4,1,1,1.72319,1.18075,0.1827,2.16052,2,1,4.8,0,0.34,0.24,0.14,0.035,0.04,0.025,0.008,0.004,0.01,0.006,0.035,0.002,1,1,1,7.92,0,0,69.4718,2066,2,0,0,0,0,1.16
1680,2085,2,35,4,4,1,1,1.70501,1.24503,0.304867,1.37423,2,1,4.8,0,0.34,0.24,0.14,0.035,0.04,0.025,0.008,0.004,0.01,0.006,0.035,0.002,1,1,1,6.05446,0,0,63.3063,2023,2,0,0,0,0,1.09378
1680,2086,2,33,4,4,1,1,1.25494,1.44803,0.2234,0.506183,2,1,4.8,0,0.34,0.24,0.14,0.035,0.04,0.025,0.008,0.004,0.01,0.006,0.035,0.002,1,1,1,4.73353,0,0,62.7978,2067,2,0,0,0,0,0.902468
1680,2089,2,31,4,4,1,1,1.04818,1.68966,0.0799549,-0.0273839,2,1,4.8,0,0.34,0.24,0.14,0.035,0.04,0.025,0.008,0.004,0.01,0.006,0.035,0.002,1,1,1,6.6,0,0,59.3638,2030,2,0,0,0,0,0.526593
1680,2098,2,34,4,4,1,1,1.20313,1.83605,0.392813,-2.59805,2,1,4.8,0,0.34,0.24,0.14,0.035,0.04,0.025,0.008,0.004,0.01,0.006,0.035,0.002,1,1,1,7.26163,0,0,55.0545,2032,2,0,0,0,0,0.664277
1680,2099,2,32,4,4,1,1,1.20913,1.54219,0.0799793,-2.23133,2,1,4.8,0,0.34,0.24,0.14,0.035,0.04,0.025,0.008,0.004,0.01,0.006,0.035,0.002,1,1,1,2.928,0,0,54.7211,2073,2,0,0,0,0,0.956381
1680,2110,2,31,4,4,1,1,1.1536,1.80409,0.295621,-2.58091,2,1,4.8,0,0.34,0.24,0.14,0.035,0.04,0.025,0.008,0.004,0.01,0.006,0.035,0.002,1,1,1,9.89691,0,0,46.261,2028,2,0,0,0,0,0.926862
1680,2111,2,36,4,4,1,1,1.46315,1.24131,0.423712,-0.975415,2,1,4.8,0,0.34,0.24,0.14,0.035,0.04,0.025,0.008,0.004,0.01,0.006,0.035,0.002,1,1,1,5.52,0,0,44.6273,2079,2,0,0,0,0,0.733491
1680,2112,2,34,4,4,1,1,1.14146,1.78293,0.230278,-2.67303,2,1,4.8,0,0.34,0.24,0.14,0.035,0.04,0.025,0.008,0.004,0.01,0.006,0.035,0.002,1,1,1,6.72,0,0,44.2355,2032,2,0,0,0,0,0.703369
1680,2117,2,32,4,4,1,1,1.73013,1.12898,0.269078,1.6032,2,1,4.8,0,0.34,0.24,0.14,0.035,0.04,0.025,0.008,0.004,0.01,0.006,0.035,0.002,1,1,1,4.24409,0,0,38.1426,2110,2,0,0,0,0,0.527366
1680,2146,2,32,4,4,1,1,1.2035,1.68152,0.800613,-2.65501,2,1,4.8,0,0.34,0.24,0.14,0.035,0.04,0.025,0.008,0.004,0.01,0.006,0.035,0.002,1,1,1,0.27927,0,0,8.15829,2110,2,0,0,0,0,1.19203
1710,1816,2,31,4,4,1,1,1.07766,1.90009,0.873061,0.421856,2,1,4.8,0,0.34,0.24,0.14,0.035,0.04,0.025,0.008,0.004,0.01,0.006,0.035,0.002,1,1,1,48.242,0,0,295.025,1808,2,0,0,0,0,1.25314
1710,1923,2,31,3,4,1,0,0.849753,1.13755,0.585093,-1.7137,1,1,3.6,0,0.34,0.24,0.14,0.035,0.04,0.025,0.008,0.004,0.01,0.006,0.035,0.002,1,1,1,28.0148,0,0,214.878,1744,2,0,0,0,0,0
1710,1943,2,32,4,4,1,1,1.81335,1.13728,0.481233,1.37708,2,1,4.8,0,0.34,0.24,0.14,0.035,0.04,0.025,0.008,0.004,0.01,0.006,0.035,0.002,1,1,1,33.3239,0,0,198.107,1923,2,0,0,0,0,0.638566
1710,2030,2,30,4,4,1,1,1.33636,1.3915,0.215507,2.10893,2,1,4.8,0,0.34,0.24,0.14,0.035,0.04,0.025,0.008,0.004,0.01,0.006,0.035,0.002,1,1,1,22.3652,0,0,125.208,1964,2,0,0,0,0,0.494072
1710,2069,2,32,4,4,1,1,1.60651,1.2423,0.425031,-0.955365,2,1,4.8,0,0.34,0.24,0.14,0.035,0.04,0.025,0.008,0.004,0.01,0.006,0.035,0.002,1,1,1,10.504,0,0,106.504,1816,2,0,0,0,0,1.12693
1710,2073,2,31,4,4,1,1,1.16844,1.71067,0.373867,-2.68927,2,1,4.8,0,0.34,0.24,0.14,0.035,0.04,0.025,0.008,0.004,0.01,0.006,0.035,0.002,1,1,1,19.008,0,0,104.638,1987,2,0,0,0,0,0.697594
1710,2078,2,33,4,4,1,1,1.14429,1.87505,0.439458,-0.0698321,2,1,4.8,0,0.34,0.24,0.14,0.035,0.04,0.025,0.008,0.004,0.01,0.006,0.035,0.002,1,1,1,12.3836,0,0,99.9893,1943,2,0,0,0,0,1.01976
1710,2079,2,35,4,4,1,1,1.76475,1.11401,0.387799,-1.23369,2,1,4.8,0,0.34,0.24,0.14,0.035,0.04,0.025,0.008,0.004,0.01,0.006,0.035,0.002,1,1,1,19.4651,0,0,99.4644,2066,2,0,0,0,0,0.391203
1710,2085,2,35,4,4,1,1,2.0429,1.1138,0.394889,1.31144,2,1,4.8,0,0.34,0.24,0.14,0.035,0.04,0.025,0.008,0.004,0.01,0.006,0.035,0.002,1,1,1,10.8379,0,0,93.2993,2023,2,0,0,0,0,0.764805
1710,2098,2,34,4,4,1,1,1.17935,1.81847,0.572638,-3.00021,2,1,4.8,0,0.34,0.24,0.14,0.035,0.04,0.025,0.008,0.004,0.01,0.006,0.035,0.002,1,1,1,13.1656,0,0,85.0513,2032,2,0,0,0,0,1.09828
1710,2099,2,32,4,4,1,1,1.61217,1.15625,0.35309,2.12812,2,1,4.8,0,0.34,0.24,0.14,0.035,0.04,0.025,0.008,0.004,0.01,0.006,0.035,0.002,1,1,1,8.12555,0,0,84.718,2073,2,0,0,0,0,0.526691
1710,2107,2,35,4,4,1,1,1.27651,1.40432,0.336361,-0.485315,2,1,4.8,0,0.34,0.24,0.14,0.035,0.04,0.025,0.008,0.004,0.01,0.006,0.035,0.002,1,1,1,10.2505,0,0,79.4193,2098,2,0,0,0,0,0.7866
1710,2109,63,31,5,5,1,1,2.02585,1.84704,0.354791,1.87184,2,1,6,0,0.34,0.24,0.14,0.035,0.04,0.025,0.008,0.004,0.01,0.006,0.035,0.002,1,1,1,8.71505,0,0,77.9864,2030,2,0,0,0,0,0.696291
1710,2110,2,31,4,4,1,1,1.27034,1.74874,0.239714,-0.388148,2,1,4.8,0,0.34,0.24,0.14,0.035,0.04,0.025,0.008,0.004,0.01,0.006,0.035,0.002,1,1,1,17.1209,0,0,76.2618,2028,2,0,0,0,0,1.07432
1710,2117,2,32,4,4,1,1,1.51056,1.28686,0.574445,-2.08964,2,1,4.8,0,0.34,0.24,0.14,0.035,0.04,0.025,0.008,0.004,0.01,0.006,0.035,0.002,1,1,1,8.47433,0,0,68.1471,2110,2,0,0,0,0,0.552665
1710,2136,2,33,4,4,1,1,1.31731,1.23982,0.497587,2.52162,2,1,4.8,0,0.34,0.24,0.14,0.035,0.04,0.025,0.008,0.004,0.01,0.006,0.035,0.002,1,1,1,6.50224,0,0,50.0118,2099,2,0,0,0,0,0.518573
1710,2141,2,32,4,4,1,1,1.8035,1.2014,0.321946,1.31943,2,1,4.8,0,0.34,0.24,0.14,0.035,0.04,0.025,0.008,0.004,0.01,0.006,0.035,0.002,1,1,1,4.8297,0,0,44.2272,2073,2,0,0,0,0,0.504777
1710,2142,2,33,4,4,1,1,1.23825,1.60105,0.14002,0.632384,2,1,4.8,0,0.34,0.24,0.14,0.035,0.04,0.025,0.008,0.004,0.01,0.006,0.035,0.002,1,1,1,8.63764,0,0,44.1772,2117,2,0,0,0,0,0.483695
1710,2151,2,34,4,4,1,1,1.40548,1.29693,0.285943,-2.06664,2,1,4.8,0,0.34,0.24,0.14,0.035,0.04,0.025,0.008,0.004,0.01,0.006,0.035,0.002,1,1,1,3.05868,0,0,36.1922,2078,2,0,0,0,0,0.865202
1710,2157,2,32,4,4,1,1,2.50297,0.976194,0.875379,1.93444,2,1,4.8,0,0.34,0.24,0.14,0.035,0.04,0.025,0.008,0.004,0.01,0.006,0.035,0.002,1,1,1,4.04784,0,0,31.0579,1816,2,0,0,0,0,1.26966
1710,2159,2,32,4,4,1,1,1.16878,1.72118,0.280838,0.365154,2,1,4.8,0,0.34,0.24,0.14,0.035,0.04,0.025,0.008,0.004,0.01,0.006,0.035,0.002,1,1,1,5.769,0,0,26.2914,2110,2,0,0,0,0,1.27026
1710,2161,2,33,4,4,1,1,1.83861,1.13988,0.32539,1.62774,2,1,4.8,0,0.34,0.24,0.14,0.035,0.04,0.025,0.008,0.004,0.01,0.006,0.035,0.002,1,1,1,3.52292,0,0,21.4914,2159,2,0,0,0,0,0.4939
1710,2162,2,36,4,4,1,1,1.33465,1.54132,0.361565,-2.49076,2,1,4.8,0,0.34,0.24,0.14,0.035,0.04,0.025,0.008,0.004,0.01,0.006,0.035,0.002,1,1,1,1.272,0,0,20.8664,2079,2,0,0,0,0,0.513091
1710,2164,2,36,4,4,1,1,1.31242,1.36643,0.30544,2.58861,2,1,4.8,0,0.34,0.24,0.14,0.035,0.04,0.025,0.008,0.004,0.01,0.006,0.035,0.002,1,1,1,2.04,0,0,20.1081,2107,2,0,0,0,0,1.20444
1710,2169,2,34,4,4,1,1,1.11888,1.67521,0.589457,-2.92216,2,1,4.8,0,0.34,0.24,0.14,0.035,0.04,0.025,0.008,0.004,0.01,0.006,0.035,0.002,1,1,1,6.32813,0,0,17.7165,2142,2,0,0,0,0,0.778074
1710,2170,2,32,4,4,1,1,1.1154,1.8054,0.291426,-2.85267,2,1,4.8,0,0.34,0.24,0.14,0.035,0.04,0.025,0.008,0.004,0.01,0.006,0.035,0.002,1,1,1,2.34809,0,0,17.3415,2073,2,0,0,0,0,0.508356
1710,2171,2,34,4,4,1,1,1.20063,1.77431,0.402065,2.82669,2,1,4.8,0,0.34,0.24,0.14,0.035,0.04,0.025,0.008,0.004,0.01,0.006,0.035,0.002,1,1,1,0.72,0,0,16.6915,2161,2,0,0,0,0,0.828081
1710,2172,2,32,4,4,1,1,1.15362,2.10235,0.616812,-0.295004,2,1,4.8,0,0.34,0.24,0.14,0.035,0.04,0.025,0.008,0.004,0.01,0.006,0.035,0.002,1,1,1,2.16,0,0,15.4748,2110,2,0,0,0,0,1.15109
1710,2176,2,35,4,4,1,1,1.30108,1.48603,0.634209,2.60234,2,1,4.8,0,0.34,0.24,0.14,0.035,0.04,0.025,0.008,0.004,0.01,0.006,0.035,0.002,1,1,1,2.04,0,0,12.9166,2169,2,0,0,0,0,0.517312
1710,2179,2,34,4,4,1,1,1.17275,1.63393,0.388777,0.664463,2,1,4.8,0,0.34,0.24,0.14,0.035,0.04,0.025,0.008,0.004,0.01,0.006,0.035,0.002,1,1,1,0.108207,0,0,11.2416,2136,2,0,0,0,0,0.559551
1710,2182,2,36,4,4,1,1,1.88715,1.12036,0.392633,-1.85181,2,1,4.8,0,0.34,0.24,0.14,0.035,0.04,0.025,0.008,0.004,0.01,0.006,0.035,0.002,1,1,1,2.03061,0,0,10.0499,2079,2,0,0,0,0,1.13031
1710,2185,2,34,4,4,1,1,1.3611,1.32311,0.866549,2.08482,2,1,4.8,0,0.34,0.24,0.14,0.035,0.04,0.025,0.008,0.004,0.01,0.006,0.035,0.002,1,1,1,0.72,0,0,6.89998,2142,2,0,0,0,0,1.09651
1740,1816,2,31,4,4,1,1,1.69438,1.38574,0.549981,-1.98736,2,1,4.8,0,0.34,0.24,0.14,0.035,0.04,0.025,0.008,0.004,0.01,0.006,0.035,0.002,1,1,1,55.562,0,0,325.018,1808,2,0,0,0,0,1.26966
1740,1943,2,32,4,4,1,1,1.26908,1.56417,0.341244,2.74402,2,1,4.8,0,0.34,0.24,0.14,0.035,0.04,0.025,0.008,0.004,0.01,0.006,0.035,0.002,1,1,1,36.3655,0,0,228.1,1923,2,0,0,0,0,0.523753
1740,2030,2,30,1,4,1,0,0,0,0.370943,0,0,0,1.2,0,0.34,0.24,0.14,0.035,0.04,0.025,0.008,0.004,0.01,0.006,0.035,0.002,1,1,1,3.25572,0,0,155.201,1964,2,0,0,0,0,0
1740,2069,2,32,4,4,1,1,2.088,1.15954,0.583796,-1.37983,2,1,4.8,0,0.34,0.24,0.14,0.035,0.04,0.025,0.008,0.004,0.01,0.006,0.035,0.002,1,1,1,19.717,0,0,136.497,1816,2,0,0,0,0,0.610709
1740,2073,2,31,4,4,1,1,1.14289,1.77745,0.154864,0.326568,2,1,4.8,0,0.34,0.24,0.14,0.035,0.04,0.025,0.008,0.004,0.01,0.006,0.035,0.002,1,1,1,23.9906,0,0,134.631,1987,2,0,0,0,0,1.17315
1740,2078,2,33,4,4,1,1,1.33604,1.28239,0.252662,-0.669132,2,1,4.8,0,0.34,0.24,0.14,0.035,0.04,0.025,0.008,0.004,0.01,0.006,0.035,0.002,1,1,1,15.1436,0,0,129.982,1943,2,0,0,0,0,0.527229
1740,2079,2,35,4,4,1,1,1.31087,1.25798,0.428929,2.43764,2,1,4.8,0,0.34,0.24,0.14,0.035,0.04,0.025,0.008,0.004,0.01,0.006,0.035,0.002,1,1,1,26.8132,0,0,129.457,2066,2,0,0,0,0,0.461966
1740,2085,2,35,4,4,1,1,1.39151,1.30197,0.618153,1.07605,2,1,4.8,0,0.34,0.24,0.14,0.035,0.04,0.025,0.008,0.004,0.01,0.006,0.035,0.002,1,1,1,18.6533,0,0,123.292,2023,2,0,0,0,0,0.587819
1740,2117,2,32,4,4,1,1,1.24679,1.6196,0.502152,-0.33943,2,1,4.8,0,0.34,0.24,0.14,0.035,0.04,0.025,0.008,0.004,0.01,0.006,0.035,0.002,1,1,1,10.6906,0,0,98.1398,2110,2,0,0,0,0,0.792005
1740,2127,2,36,4,4,1,1,1.09655,1.81046,0.365599,0.294578,2,1,4.8,0,0.34,0.24,0.14,0.035,0.04,0.025,0.008,0.004,0.01,0.006,0.035,0.002,1,1,1,9.94635,0,0,89.2669,2085,2,0,0,0,0,0.9982
1740,2136,2,33,4,4,1,1,1.73075,1.19318,0.610558,-1.8901,2,1,4.8,0,0.34,0.24,0.14,0.035,0.04,0.025,0.008,0.004,0.01,0.006,0.035,0.002,1,1,1,14.4222,0,0,80.0109,2099,2,0,0,0,0,1.24025
1740,2141,2,32,4,4,1,1,1.63295,1.31579,0.421568,2.55642,2,1,4.8,0,0.34,0.24,0.14,0.035,0.04,0.025,0.008,0.004,0.01,0.006,0.035,0.002,1,1,1,9.0297,0,0,74.2289,2073,2,0,0,0,0,0.946104
1740,2157,2,32,4,4,1,1,1.20876,1.64362,0.260226,0.560749,2,1,4.8,0,0.34,0.24,0.14,0.035,0.04,0.025,0.008,0.004,0.01,0.006,0.035,0.002,1,1,1,8.48045,0,0,61.0641,1816,2,0,0,0,0,0.661418
1740,2159,2,32,4,4,1,1,1.90748,1.15635,0.193037,-1.57575,2,1,4.8,0,0.34,0.24,0.14,0.035,0.04,0.025,0.008,0.004,0.01,0.006,0.035,0.002,1,1,1,12.129,0,0,56.2965,2110,2,0,0,0,0,1.20791
1740,2164,2,36,4,4,1,1,1.166,1.79249,0.44087,-0.182235,2,1,4.8,0,0.34,0.24,0.14,0.035,0.04,0.025,0.008,0.004,0.01,0.006,0.035,0.002,1,1,1,5.52935,0,0,50.1118,2107,2,0,0,0,0,0.966864
1740,2169,2,34,4,4,1,1,1.44996,1.28183,0.401858,-0.800839,2,1,4.8,0,0.34,0.24,0.14,0.035,0.04,0.025,0.008,0.004,0.01,0.006,0.035,0.002,1,1,1,8.84813,0,0,47.7196,2142,2,0,0,0,0,1.26081
1740,2170,2,32,4,4,1,1,1.16676,1.71752,0.317837,2.9204,2,1,4.8,0,0.34,0.24,0.14,0.035,0.04,0.025,0.008,0.004,0.01,0.006,0.035,0.002,1,1,1,8.13209,0,0,47.3445,2073,2,0,0,0,0,0.902673
1740,2175,2,33,4,4,1,1,1.15341,1.92353,0.473753,-3.0969,2,1,4.8,0,0.34,0.24,0.14,0.035,0.04,0.025,0.008,0.004,0.01,0.006,0.035,0.002,1,1,1,3.07731,0,0,43.2603,2069,2,0,0,0,0,1.08072
1740,2176,2,35,4,4,1,1,1.86489,1.15327,0.459733,1.47869,2,1,4.8,0,0.34,0.24,0.14,0.035,0.04,0.025,0.008,0.004,0.01,0.006,0.035,0.002,1,1,1,10.2552,0,0,42.9186,2169,2,0,0,0,0,1.23702
1740,2178,2,33,4,4,1,1,1.24927,1.46094,0.238486,2.81251,2,1,4.8,0,0.34,0.24,0.14,0.035,0.04,0.025,0.008,0.004,0.01,0.006,0.035,0.002,1,1,1,6.67107,0,0,41.3349,2170,2,0,0,0,0,0.944751
1740,2180,2,33,4,4,1,1,1.69852,1.15706,0.345858,-1.42139,2,1,4.8,0,0.34,0.24,0.14,0.035,0.04,0.025,0.008,0.004,0.01,0.006,0.035,0.002,1,1,1,5.11293,0,0,40.6764,2159,2,0,0,0,0,1.25436
1740,2182,2,36,4,4,1,1,1.16493,1.86956,0.395728,-2.41394,2,1,4.8,0,0.34,0.24,0.14,0.035,0.04,0.025,0.008,0.004,0.01,0.006,0.035,0.002,1,1,1,5.15061,0,0,40.0513,2079,2,0,0,0,0,0.985401
1740,2185,2,34,4,4,1,1,1.36918,1.3431,0.250571,0.936411,2,1,4.8,0,0.34,0.24,0.14,0.035,0.04,0.025,0.008,0.004,0.01,0.006,0.035,0.002,1,1,1,2.88,0,0,36.9006,2142,2,0,0,0,0,0.815155
1740,2189,2,36,4,4,1,1,1.2001,1.66453,0.276066,0.485743,2,1,4.8,0,0.34,0.24,0.14,0.035,0.04,0.025,0.008,0.004,0.01,0.006,0.035,0.002,1,1,1,3.36,0,0,32.558,2176,2,0,0,0,0,0.854557
1740,2190,2,33,4,4,1,1,1.19248,1.68723,0.26938,-0.274606,2,1,4.8,0,0.34,0.24,0.14,0.035,0.04,0.025,0.008,0.004,0.01,0.006,0.035,0.002,1,1,1,8.02133,0,0,30.7746,2157,2,0,0,0,0,1.27384
1740,2191,2,34,4,4,1,1,1.73436,1.1298,0.284593,-1.61662,2,1,4.8,0,0.34,0.24,0.14,0.035,0.04,0.025,0.008,0.004,0.01,0.006,0.035,0.002,1,1,1,3.48,0,0,30.4246,2136,2,0,0,0,0,0.603771
1740,2194,2,36,3,4,1,0,0.8641,1.27579,0.334197,2.14877,1,1,3.6,0,0.34,0.24,0.14,0.035,0.04,0.025,0.008,0.004,0.01,0.006,0.035,0.002,1,1,1,2.92882,0,0,29.233,2079,2,0,0,0,0,0
1740,2196,2,37,4,4,1,1,1.91872,1.1208,0.389941,-1.30975,2,1,4.8,0,0.34,0.24,0.14,0.035,0.04,0.025,0.008,0.004,0.01,0.006,0.035,0.002,1,1,1,2.39265,0,0,29.2163,2127,2,0,0,0,0,1.15921
1740,2197,2,34,4,4,1,1,1.7776,1.13211,0.399134,1.71071,2,1,4.8,0,0.34,0.24,0.14,0.035,0.04,0.025,0.008,0.004,0.01,0.006,0.035,0.002,1,1,1,4.09162,0,0,25.9747,2190,2,0,0,0,0,0.514708
1740,2198,2,32,4,4,1,1,1.45406,1.52445,0.282756,-2.1192,2,1,4.8,0,0.34,0.24,0.14,0.035,0.04,0.025,0.008,0.004,0.01,0.006,0.035,0.002,1,1,1,1.92,0,0,24.758,1816,2,0,0,0,0,0.757548
1740,2200,2,34,4,4,1,1,1.70021,1.19836,0.356906,2.21253,2,1,4.8,0,0.34,0.24,0.14,0.035,0.04,0.025,0.008,0.004,0.01,0.006,0.035,0.002,1,1,1,2.15542,0,0,23.4331,2178,2,0,0,0,0,0.858444
1740,2201,2,36,5,5,1,1,2.162,2.7787,0.579666,0.596547,3,1,6,0,0.34,0.24,0.14,0.035,0.04,0.025,0.008,0.004,0.01,0.006,0.035,0.002,1,1,1,4.29935,0,0,22.8747,2085,2,0,0,0,0,1.09928
1740,2206,2,34,4,4,1,1,1.72345,1.22003,0.603951,-1.98882,2,1,4.8,0,0.34,0.24,0.14,0.035,0.04,0.025,0.008,0.004,0.01,0.006,0.035,0.002,1,1,1,1.32,0,0,19.3415,2136,2,0,0,0,0,1.03094
1740,2208,2,36,4,4,1,1,1.15643,1.66754,0.337533,-2.76699,2,1,4.8,0,0.34,0.24,0.14,0.035,0.04,0.025,0.008,0.004,0.01,0.006,0.035,0.002,1,1,1,1.62716,0,0,18.4165,2079,2,0,0,0,0,0.979785
1770,1816,2,31,4,4,1,1,1.28681,1.35851,0.189147,-2.318,2,1,4.8,0,0.34,0.24,0.14,0.035,0.04,0.025,0.008,0.004,0.01,0.006,0.035,0.002,1,1,1,59.474,0,0,355.01,1808,2,0,0,0,0,0
1770,2069,2,32,4,4,1,1,1.38866,1.39471,0.257825,-0.660905,2,1,4.8,0,0.34,0.24,0.14,0.035,0.04,0.025,0.008,0.004,0.01,0.006,0.035,0.002,1,1,1,23.5868,0,0,166.49,1816,2,0,0,0,0,0.676827
1770,2073,2,31,4,4,1,1,1.2572,1.63689,0.427767,2.75105,2,1,4.8,0,0.34,0.24,0.14,0.035,0.04,0.025,0.008,0.004,0.01,0.006,0.035,0.002,1,1,1,27.4226,0,0,164.624,1987,2,0,0,0,0,0.688624
1770,2127,2,36,4,4,1,1,1.91747,1.18865,0.200927,-2.08807,2,1,4.8,0,0.34,0.24,0.14,0.035,0.04,0.025,0.008,0.004,0.01,0.006,0.035,0.002,1,1,1,13.6955,0,0,119.26,2085,2,0,0,0,0,1.27878
1770,2136,2,33,4,4,1,1,1.2364,1.59728,0.508099,2.78706,2,1,4.8,0,0.34,0.24,0.14,0.035,0.04,0.025,0.008,0.004,0.01,0.006,0.035,0.002,1,1,1,22.4926,0,0,110.004,2099,2,0,0,0,0,1.08412
1770,2141,2,32,4,4,1,1,1.17344,1.71732,0.335053,0.0820893,2,1,4.8,0,0.34,0.24,0.14,0.035,0.04,0.025,0.008,0.004,0.01,0.006,0.035,0.002,1,1,1,18.3807,0,0,104.222,2073,2,0,0,0,0,1.17953
1770,2157,2,32,4,4,1,1,1.75711,1.16027,0.683953,-1.73703,2,1,4.8,0,0.34,0.24,0.14,0.035,0.04,0.025,0.008,0.004,0.01,0.006,0.035,0.002,1,1,1,14.5045,0,0,91.0582,1816,2,0,0,0,0,1.26966
1770,2159,2,32,4,4,1,1,1.75062,1.17909,0.368924,1.36752,2,1,4.8,0,0.34,0.24,0.14,0.035,0.04,0.025,0.008,0.004,0.01,0.006,0.035,0.002,1,1,1,15.249,0,0,86.2927,2110,2,0,0,0,0,0.511186
1770,2164,2,36,4,4,1,1,1.75962,1.12992,0.496343,1.42441,2,1,4.8,0,0.34,0.24,0.14,0.035,0.04,0.025,0.008,0.004,0.01,0.006,0.035,0.002,1,1,1,13.7857,0,0,80.1108,2107,2,0,0,0,0,0.889328
1770,2173,2,37,4,4,1,1,1.24062,1.71832,0.500398,-0.224443,2,1,4.8,0,0.34,0.24,0.14,0.035,0.04,0.025,0.008,0.004,0.01,0.006,0.035,0.002,1,1,1,6,0,0,75.312,2164,2,0,0,0,0,1.0707
1770,2176,2,35,4,4,1,1,1.73144,1.17141,0.475022,-1.7616,2,1,4.8,0,0.34,0.24,0.14,0.035,0.04,0.025,0.008,0.004,0.01,0.006,0.035,0.002,1,1,1,11.8463,0,0,72.9209,2169,2,0,0,0,0,0.837774
1770,2178,2,33,4,4,1,1,1.29985,1.32003,0.463021,-2.17539,2,1,4.8,0,0.34,0.24,0.14,0.035,0.04,0.025,0.008,0.004,0.01,0.006,0.035,0.002,1,1,1,10.1031,0,0,71.338,2170,2,0,0,0,0,0.723158
1770,2180,2,33,4,4,1,1,1.24076,1.65825,0.2191,-0.275351,2,1,4.8,0,0.34,0.24,0.14,0.035,0.04,0.025,0.008,0.004,0.01,0.006,0.035,0.002,1,1,1,10.5022,0,0,70.6798,2159,2,0,0,0,0,0.636786
1770,2181,2,33,4,4,1,1,1.31412,1.34127,0.489939,-0.60739,2,1,4.8,0,0.34,0.24,0.14,0.035,0.04,0.025,0.008,0.004,0.01,0.006,0.035,0.002,1,1,1,8.16693,0,0,70.5965,2141,2,0,0,0,0,0.516553
1770,2190,2,33,4,4,1,1,1.30012,1.52871,0.197994,2.61497,2,1,4.8,0,0.34,0.24,0.14,0.035,0.04,0.025,0.008,0.004,0.01,0.006,0.035,0.002,1,1,1,13.2053,0,0,60.7807,2157,2,0,0,0,0,0.486432
1770,2196,2,37,4,4,1,1,1.70355,1.17267,0.290242,2.02165,2,1,4.8,0,0.34,0.24,0.14,0.035,0.04,0.025,0.008,0.004,0.01,0.006,0.035,0.002,1,1,1,9.61665,0,0,59.2221,2127,2,0,0,0,0,0.777803
1770,2197,2,34,3,4,1,0,1.02686,1.17163,0.116437,0.460983,1,1,3.6,0,0.34,0.24,0.14,0.035,0.04,0.025,0.008,0.004,0.01,0.006,0.035,0.002,1,1,1,4.83562,0,0,55.9797,2190,2,0,0,0,0,0
1770,2206,2,34,4,4,1,1,1.11697,1.64833,0.310863,0.445622,2,1,4.8,0,0.34,0.24,0.14,0.035,0.04,0.025,0.008,0.004,0.01,0.006,0.035,0.002,1,1,1,9.9646,0,0,49.345,2136,2,0,0,0,0,0.719622
1770,2208,2,36,4,4,1,1,1.78806,1.09735,0.361886,-1.35668,2,1,4.8,0,0.34,0.24,0.14,0.035,0.04,0.025,0.008,0.004,0.01,0.006,0.035,0.002,1,1,1,9.31964,0,0,48.4198,2079,2,0,0,0,0,0.46353
1770,2217,2,32,4,4,1,1,1.10953,1.7259,0.35772,-2.77785,2,1,4.8,0,0.34,0.24,0.14,0.035,0.04,0.025,0.008,0.004,0.01,0.006,0.035,0.002,1,1,1,6.6,0,0,39.918,1816,2,0,0,0,0,1.10292
1770,2225,2,36,4,4,1,1,1.66259,1.22716,0.369277,-1.8441,2,1,4.8,0,0.34,0.24,0.14,0.035,0.04,0.025,0.008,0.004,0.01,0.006,0.035,0.002,1,1,1,1.62728,0,0,33.7833,2176,2,0,0,0,0,0
1770,2226,2,33,4,4,1,1,1.27105,1.39921,0.279109,-2.4101,2,1,4.8,0,0.34,0.24,0.14,0.035,0.04,0.025,0.008,0.004,0.01,0.006,0.035,0.002,1,1,1,5.8225,0,0,32.5831,2069,2,0,0,0,0,0.613803
1770,2231,2,34,4,4,1,1,1.9144,1.12156,0.490946,1.81137,2,1,4.8,0,0.34,0.24,0.14,0.035,0.04,0.025,0.008,0.004,0.01,0.006,0.035,0.002,1,1,1,3.13545,0,0,29.783,2180,2,0,0,0,0,0.828539
1770,2232,2,34,4,4,1,1,1.81944,1.19949,0.409395,1.27148,1,1,4.8,0,0.34,0.24,0.14,0.035,0.04,0.025,0.008,0.004,0.01,0.006,0.035,0.002,1,1,1,4.2,0,0,29.7246,2190,2,0,0,0,1,0
1770,2234,2,34,4,4,1,1,1.67043,1.15649,0.548235,-1.48216,2,1,4.8,0,0.34,0.24,0.14,0.035,0.04,0.025,0.008,0.004,0.01,0.006,0.035,0.002,1,1,1,4.2,0,0,28.5746,2136,2,0,0,0,0,0.516662
1770,2238,2,34,4,4,1,1,1.51248,1.22069,0.598079,-1.82628,2,1,4.8,0,0.34,0.24,0.14,0.035,0.04,0.025,0.008,0.004,0.01,0.006,0.035,0.002,1,1,1,4.8,0,0,26.5413,2181,2,0,0,0,0,1.23166
1770,2241,2,35,4,4,1,1,1.26135,1.65826,0.322923,-0.306778,2,1,4.8,0,0.34,0.24,0.14,0.035,0.04,0.025,0.008,0.004,0.01,0.006,0.035,0.002,1,1,1,3.69852,0,0,26.4163,2200,2,0,0,0,0,0.938833
1770,2242,2,37,4,4,1,1,1.10216,1.89392,0.29847,2.96464,2,1,4.8,0,0.34,0.24,0.14,0.035,0.04,0.025,0.008,0.004,0.01,0.006,0.035,0.002,1,1,1,0.6,0,0,26.2747,2208,2,0,0,0,0,0.391008
1770,2244,2,33,4,4,1,1,2.22993,0.984785,0.721769,2.23289,2,1,4.8,0,0.34,0.24,0.14,0.035,0.04,0.025,0.008,0.004,0.01,0.006,0.035,0.002,1,1,1,3.84,0,0,25.7914,2217,2,0,0,0,0,0.75462
1770,2246,2,38,4,4,1,1,1.14094,1.80095,0.419531,-2.67171,2,1,4.8,0,0.34,0.24,0.14,0.035,0.04,0.025,0.008,0.004,0.01,0.006,0.035,0.002,1,1,1,1.14176,0,0,25.4164,2196,2,0,0,0,0,0.733304
1770,2250,2,35,4,4,1,1,1.71222,1.17323,0.308803,-1.73944,2,1,4.8,0,0.34,0.24,0.14,0.035,0.04,0.025,0.008,0.004,0.01,0.006,0.035,0.002,1,1,1,3.65298,0,0,21.8664,2206,2,0,0,0,0,1.10875
1770,2256,2,33,4,4,1,1,1.92895,1.14448,0.560675,1.49365,2,1,4.8,0,0.34,0.24,0.14,0.035,0.04,0.025,0.008,0.004,0.01,0.006,0.035,0.002,1,1,1,0.504,0,0,18.3998,2157,2,0,0,0,0,0.88863
1770,2259,2,38,4,4,1,1,1.16861,1.84022,0.502318,0.586388,2,1,4.8,0,0.34,0.24,0.14,0.035,0.04,0.025,0.008,0.004,0.01,0.006,0.035,0.002,1,1,1,2.28,0,0,18.0498,2173,2,0,0,0,0,0.523078
1770,2260,2,34,4,4,1,1,1.38906,1.32482,0.303657,2.55384,2,1,4.8,0,0.34,0.24,0.14,0.035,0.04,0.025,0.008,0.004,0.01,0.006,0.035,0.002,1,1,1,1.34542,0,0,14.3999,2136,2,0,0,0,0,1.23328
1770,2262,2,33,4,4,1,1,1.14507,2.04976,0.387113,3.06532,2,1,4.8,0,0.34,0.24,0.14,0.035,0.04,0.025,0.008,0.004,0.01,0.006,0.035,0.002,1,1,1,2.64,0,0,14.2749,2141,2,0,0,0,0,1.27285
1770,2263,2,37,4,4,1,1,1.22644,1.70136,0.184401,0.670627,2,1,4.8,0,0.34,0.24,0.14,0.035,0.04,0.025,0.008,0.004,0.01,0.006,0.035,0.002,1,1,1,0.67267,0,0,12.6416,2164,2,0,0,0,0,0.799942
1770,2270,2,35,4,4,1,1,1.99964,1.10106,0.643243,-1.24157,2,1,4.8,0,0.34,0.24,0.14,0.035,0.04,0.025,0.008,0.004,0.01,0.006,0.035,0.002,1,1,1,0.480929,0,0,7.89997,2206,2,0,0,0,0,0.882311
1799.99,2073,2,31,4,4,1,1,1.82342,1.14726,0.264967,1.42567,2,1,4.8,0,0.34,0.24,0.14,0.035,0.04,0.025,0.008,0.004,0.01,0.006,0.035,0.002,1,1,1,32.8226,0,0,194.608,1987,2,0,0,0,0,0.526368
1799.99,2127,2,36,4,4,1,1,1.43826,1.29234,0.628499,-2.1078,2,1,4.8,0,0.34,0.24,0.14,0.035,0.04,0.025,0.008,0.004,0.01,0.006,0.035,0.002,1,1,1,18.9133,0,0,149.244,2085,2,0,0,0,0,1.04772
1799.99,2157,2,32,4,4,1,1,1.08487,1.90254,0.360659,0.357901,2,1,4.8,0,0.34,0.24,0.14,0.035,0.04,0.025,0.008,0.004,0.01,0.006,0.035,0.002,1,1,1,19.6647,0,0,121.043,1816,2,0,0,0,0,0.949117
1799.99,2164,2,36,4,4,1,1,1.24058,1.57001,0.331519,-2.57212,2,1,4.8,0,0.34,0.24,0.14,0.035,0.04,0.025,0.008,0.004,0.01,0.006,0.035,0.002,1,1,1,15.5618,0,0,110.095,2107,2,0,0,0,0,0
1799.99,2173,2,37,4,4,1,1,1.14033,1.68815,0.306896,0.00814036,2,1,4.8,0,0.34,0.24,0.14,0.035,0.04,0.025,0.008,0.004,0.01,0.006,0.035,0.002,1,1,1,8.49003,0,0,105.296,2164,2,0,0,0,0,0.536543
1799.99,2181,2,33,4,4,1,1,1.752,1.16269,0.0783217,2.07247,2,1,4.8,0,0.34,0.24,0.14,0.035,0.04,0.025,0.008,0.004,0.01,0.006,0.035,0.002,1,1,1,10.9639,0,0,100.581,2141,2,0,0,0,0,0.748409
1799.99,2222,2,37,4,4,1,1,0.87381,1.23949,0.617188,-2.47955,2,1,4.8,0,0.34,0.24,0.14,0.035,0.04,0.025,0.008,0.004,0.01,0.006,0.035,0.002,1,1,1,4.16845,0,0,66.8057,2127,2,0,0,0,0,1.26513
1799.99,2226,2,33,4,4,1,1,1.14598,1.88734,0.319248,-3.12124,2,1,4.8,0,0.34,0.24,0.14,0.035,0.04,0.025,0.008,0.004,0.01,0.006,0.035,0.002,1,1,1,8.42393,0,0,62.5811,2069,2,0,0,0,0,1.26966
1799.99,2232,2,34,4,4,1,1,1.75091,1.24571,0.291086,1.27065,1,1,4.8,0,0.34,0.24,0.14,0.035,0.04,0.025,0.008,0.004,0.01,0.006,0.035,0.002,1,1,1,6.72,0,0,59.7222,2190,2,0,0,0,1,0.334932
1799.99,2234,2,34,4,4,1,1,1.43306,1.29602,0.441353,1.06314,2,1,4.8,0,0.34,0.24,0.14,0.035,0.04,0.025,0.008,0.004,0.01,0.006,0.035,0.002,1,1,1,8.28,0,0,58.5719,2136,2,0,0,0,0,0.705042
1799.99,2238,2,34,4,4,1,1,1.22644,1.66396,0.336954,-2.45735,2,1,4.8,0,0.34,0.24,0.14,0.035,0.04,0.025,0.008,0.004,0.01,0.006,0.035,0.002,1,1,1,7.824,0,0,56.5382,2181,2,0,0,0,0,0.800545
1799.99,2241,2,35,4,4,1,1,1.79083,1.12887,0.399307,-1.43175,2,1,4.8,0,0.34,0.24,0.14,0.035,0.04,0.025,0.008,0.004,0.01,0.006,0.035,0.002,1,1,1,9.57852,0,0,56.4131,2200,2,0,0,0,0,0.654021
1799.99,2242,2,37,4,4,1,1,1.44687,1.22941,0.635765,2.24788,2,1,4.8,0,0.34,0.24,0.14,0.035,0.04,0.025,0.008,0.004,0.01,0.006,0.035,0.002,1,1,1,8.352,0,0,56.2714,2208,2,0,0,0,0,0.852243
1799.99,2244,2,33,4,4,1,1,1.48971,1.29484,0.533265,1.02214,2,1,4.8,0,0.34,0.24,0.14,0.035,0.04,0.025,0.008,0.004,0.01,0.006,0.035,0.002,1,1,1,12.2283,0,0,55.788,2217,2,0,0,0,0,0.657626
1799.99,2248,2,35,4,4,1,1,1.22523,1.63651,0.309634,2.81778,2,1,4.8,0,0.34,0.24,0.14,0.035,0.04,0.025,0.008,0.004,0.01,0.006,0.035,0.002,1,1,1,6.288,0,0,53.7709,2234,2,0,0,0,0,0.653327
1799.99,2250,2,35,4,4,1,1,1.41245,1.29702,0.972807,-2.21042,2,1,4.8,0,0.34,0.24,0.14,0.035,0.04,0.025,0.008,0.004,0.01,0.006,0.035,0.002,1,1,1,10.5461,0,0,51.8622,2206,2,0,0,0,0,0.611263
1799.99,2259,2,38,4,4,1,1,1.15685,1.75556,0.434023,-0.186228,2,1,4.8,0,0.34,0.24,0.14,0.035,0.04,0.025,0.008,0.004,0.01,0.006,0.035,0.002,1,1,1,10.8036,0,0,48.0447,2173,2,0,0,0,0,1.26705
1799.99,2260,2,34,4,4,1,1,1.89848,1.27572,0.363635,-1.90246,2,1,4.8,0,0.34,0.24,0.14,0.035,0.04,0.025,0.008,0.004,0.01,0.006,0.035,0.002,1,1,1,5.49862,0,0,44.3939,2136,2,0,0,0,0,0.515944
1799.99,2262,2,33,4,4,1,1,1.89264,1.1085,0.677851,-0.976306,2,1,4.8,0,0.34,0.24,0.14,0.035,0.04,0.025,0.008,0.004,0.01,0.006,0.035,0.002,1,1,1,9.84,0,0,44.2689,2141,2,0,0,0,0,1.11849
1799.99,2263,2,37,4,4,1,1,1.13802,1.53163,0.319172,0.254,2,1,4.8,0,0.34,0.24,0.14,0.035,0.04,0.025,0.008,0.004,0.01,0.006,0.035,0.002,1,1,1,9.48838,0,0,42.6352,2164,2,0,0,0,0,1.05084
1799.99,2270,2,35,4,4,1,1,1.12479,1.64617,0.363333,0.459572,2,1,4.8,0,0.34,0.24,0.14,0.035,0.04,0.025,0.008,0.004,0.01,0.006,0.035,0.002,1,1,1,6.663,0,0,37.8925,2206,2,0,0,0,0,0.6507
1799.99,2279,2,35,4,4,1,1,1.13994,1.99772,0.61572,-0.110038,2,1,4.8,0,0.34,0.24,0.14,0.035,0.04,0.025,0.008,0.004,0.01,0.006,0.035,0.002,1,1,1,6.72,0,0,34.3168,2238,2,0,0,0,0,0.525811
1799.99,2280,2,36,4,4,1,1,1.09338,1.79871,0.651282,0.374564,2,1,4.8,0,0.34,0.24,0.14,0.035,0.04,0.025,0.008,0.004,0.01,0.006,0.035,0.002,1,1,1,5.4,0,0,34.0417,2241,2,0,0,0,0,1.09966
1799.99,2283,2,33,4,4,1,1,1.15413,1.85484,0.569693,-3.06069,2,1,4.8,0,0.34,0.24,0.14,0.035,0.04,0.025,0.008,0.004,0.01,0.006,0.035,0.002,1,1,1,4.50597,0,0,32.5414,2141,2,0,0,0,0,0.527345
1799.99,2287,2,36,4,4,1,1,1.1816,1.47906,0.326984,-2.64155,2,1,4.8,0,0.34,0.24,0.14,0.035,0.04,0.025,0.008,0.004,0.01,0.006,0.035,0.002,1,1,1,3.3069,0,0,31.2913,2250,2,0,0,0,0,0.677917
1799.99,2290,2,39,4,4,1,1,1.09439,2.30576,0.198283,0.307479,2,1,4.8,0,0.34,0.24,0.14,0.035,0.04,0.025,0.008,0.004,0.01,0.006,0.035,0.002,1,1,1,2.80309,0,0,30.6246,2259,2,0,0,0,0,0.782122
1799.99,2293,2,34,4,4,1,1,1.35579,1.28614,0.245719,2.48851,2,1,4.8,0,0.34,0.24,0.14,0.035,0.04,0.025,0.008,0.004,0.01,0.006,0.035,0.002,1,1,1,2.57977,0,0,30.5746,2262,2,0,0,0,0,0.560231
1799.99,2300,2,36,4,4,1,1,1.09408,1.91992,0.0693476,-2.65341,2,1,4.8,0,0.34,0.24,0.14,0.035,0.04,0.025,0.008,0.004,0.01,0.006,0.035,0.002,1,1,1,1.2,0,0,26.5747,2279,2,0,0,0,0,0.520019
1799.99,2305,2,36,4,4,1,1,1.58643,1.23197,0.486541,-1.87227,2,1,4.8,0,0.34,0.24,0.14,0.035,0.04,0.025,0.008,0.004,0.01,0.006,0.035,0.002,1,1,1,1.85792,0,0,24.383,2270,2,0,0,0,0,0.699715
1799.99,2311,2,38,4,4,1,1,1.11543,1.83968,0.227867,-3.04054,2,0,4.8,0,0.34,0.24,0.14,0.035,0.04,0.025,0.008,0.004,0.01,0.006,0.035,0.002,1,1,1,3.144,0,0,18.9415,2242,2,0,0,1,0,0.390162
1799.99,2314,2,34,4,4,1,1,1.74199,1.16438,0.231661,2.01002,2,1,4.8,0,0.34,0.24,0.14,0.035,0.04,0.025,0.008,0.004,0.01,0.006,0.035,0.002,1,1,1,2.39322,0,0,14.9415,2244,2,0,0,0,0,0.651936
1799.99,2317,2,36,4,4,1,1,1.73148,1.17022,0.78828,-1.76919,2,1,4.8,0,0.34,0.24,0.14,0.035,0.04,0.025,0.008,0.004,0.01,0.006,0.035,0.002,1,1,1,1.4868,0,0,12.1582,2250,2,0,0,0,0,0.618176
1799.99,2320,2,38,4,4,1,1,1.40574,1.29685,0.569818,-2.13964,2,1,4.8,0,0.34,0.24,0.14,0.035,0.04,0.025,0.008,0.004,0.01,0.006,0.035,0.002,1,1,1,1.32,0,0,11.4749,2263,2,0,0,0,0,0.830847
1799.99,2328,2,39,4,4,1,1,1.23359,1.51801,0.455189,0.528944,2,0,4.8,0,0.34,0.24,0.14,0.035,0.04,0.025,0.008,0.004,0.01,0.006,0.035,0.002,1,1,1,0.84,0,0,9.06661,2311,2,0,0,1,0,1.07838
1799.99,2332,2,39,4,4,1,1,1.34518,1.2821,0.214746,2.31077,2,1,4.8,0,0.34,0.24,0.14,0.035,0.04,0.025,0.008,0.004,0.01,0.006,0.035,0.002,1,1,1,0.12,0,0,5.39167,2259,2,0,0,0,0,0.77757
