seconds,id,lineage,generation,cells,genome_nodes,modules,branches,width,height,speed,heading,motors,sensors,storage,attackers,neural_rate,geometry_rate,property_rate,role_rate,insert_rate,erase_rate,duplication_rate,deletion_rate,copy_rate,move_rate,constructor_rate,meta_rate,neural_magnitude,geometry_magnitude,property_magnitude,acquired_energy,extracted_energy,converted_energy,age,parent,parent_lineage,defenders,memory,senders,receivers,paid_thrust
0,0,1,0,5,5,1,1,2.07512,1.3085,0,0.179999,0,0,13.2,0,0.34,0.24,0.14,0.035,0.04,0.025,0.008,0.004,0.01,0.006,0.035,0.002,1,1,1,0,0,0,0,4294967295,4294967295,0,0,0,0,0
0,1,2,0,4,4,1,1,1.31228,1.39245,0,-0.70792,2,1,4.8,0,0.34,0.24,0.14,0.035,0.04,0.025,0.008,0.004,0.01,0.006,0.035,0.002,1,1,1,0,0,0,0,4294967295,4294967295,0,0,0,0,0
0,2,3,0,9,9,1,2,5.22364,5.08182,0,2.4503,2,1,10.8,0,0.34,0.24,0.14,0.035,0.04,0.025,0.008,0.004,0.01,0.006,0.035,0.002,1,1,1,0,0,0,0,4294967295,4294967295,0,0,0,0,0
0,3,4,0,7,3,2,1,3.60862,3.19545,0,0.611955,3,0,10.8,0,0.34,0.24,0.14,0.035,0.04,0.025,0.008,0.004,0.01,0.006,0.035,0.002,1,1,1,0,0,0,0,4294967295,4294967295,0,0,0,0,0
30,0,1,0,5,5,1,1,1.89294,1.37784,0.104067,-0.120844,0,0,13.2,0,0.34,0.24,0.14,0.035,0.04,0.025,0.008,0.004,0.01,0.006,0.035,0.002,1,1,1,4.68,0,0,29.9996,4294967295,4294967295,0,0,0,0,0
30,1,2,0,4,4,1,1,1.69747,1.25875,0.534657,-2.09207,2,1,4.8,0,0.34,0.24,0.14,0.035,0.04,0.025,0.008,0.004,0.01,0.006,0.035,0.002,1,1,1,4.61704,0,0,29.9996,4294967295,4294967295,0,0,0,0,0.697383
30,2,3,0,9,9,1,2,6.00637,4.06726,0.466004,0.524323,2,1,10.8,0,0.34,0.24,0.14,0.035,0.04,0.025,0.008,0.004,0.01,0.006,0.035,0.002,1,1,1,14.2064,0,0,29.9996,4294967295,4294967295,0,0,0,0,1.66242
30,3,4,0,7,3,2,1,3.4555,3.73568,0.159538,-1.90412,3,0,10.8,0,0.34,0.24,0.14,0.035,0.04,0.025,0.008,0.004,0.01,0.006,0.035,0.002,1,1,1,8.28,0,0,29.9996,4294967295,4294967295,0,0,0,0,1.37201
30,4,1,1,5,5,1,1,1.35953,2.13526,0.098225,1.6969,0,0,10.8,0,0.34,0.24,0.14,0.035,0.04,0.025,0.008,0.004,0.01,0.006,0.035,0.002,1,1,1,1.32,0,0,29.9913,0,1,0,0,0,0,0
30,5,2,1,4,4,1,1,1.28337,1.60445,0.503785,-0.567562,2,1,4.8,0,0.34,0.24,0.14,0.035,0.04,0.025,0.008,0.004,0.01,0.006,0.035,0.002,1,1,1,3.36,0,0,29.9913,1,2,0,0,0,0,0.818291
30,6,3,1,9,9,1,2,4.13039,6.28159,0.178178,-2.95366,2,1,10.8,0,0.34,0.24,0.14,0.035,0.04,0.025,0.008,0.004,0.01,0.006,0.035,0.002,1,1,1,8.22692,0,0,29.9913,2,3,0,0,0,0,1.52418
30,7,4,1,7,3,2,1,3.52268,3.58649,0.489045,0.412255,3,0,10.8,0,0.34,0.24,0.14,0.035,0.04,0.025,0.008,0.004,0.01,0.006,0.035,0.002,1,1,1,8.64,0,0,29.9913,3,4,0,0,0,0,1.37201
30,8,4,2,7,3,2,1,3.29416,3.5799,0.621971,-1.62572,3,0,10.8,0,0.34,0.24,0.14,0.035,0.04,0.025,0.008,0.004,0.01,0.006,0.035,0.002,1,1,1,3.84,0,0,21.5914,7,4,0,0,0,0,1.37201
30,13,3,1,8,8,1,2,4.52796,4.65859,0.0522943,1.84949,2,1,9.6,0,0.34,0.24,0.14,0.035,0.04,0.025,0.008,0.004,0.01,0.006,0.035,0.002,1,1,1,1.70848,0,0,13.1749,2,3,0,0,0,0,1.37476
60,0,1,0,5,5,1,1,2.04044,1.31604,0.00470273,0.0954253,0,0,13.2,0,0.34,0.24,0.14,0.035,0.04,0.025,0.008,0.004,0.01,0.006,0.035,0.002,1,1,1,9.84,0,0,60.0056,4294967295,4294967295,0,0,0,0,0
60,1,2,0,4,4,1,1,1.11158,1.97063,0.494855,2.87083,2,1,4.8,0,0.34,0.24,0.14,0.035,0.04,0.025,0.008,0.004,0.01,0.006,0.035,0.002,1,1,1,10.2502,0,0,60.0056,4294967295,4294967295,0,0,0,0,0.561214
60,2,3,0,9,9,1,2,4.98634,6.05539,0.453581,-0.631063,2,1,10.8,0,0.34,0.24,0.14,0.035,0.04,0.025,0.008,0.004,0.01,0.006,0.035,0.002,1,1,1,22.0544,0,0,60.0056,4294967295,4294967295,0,0,0,0,2.09149
60,3,4,0,7,3,2,1,3.70958,3.2963,0.194183,-2.53213,3,0,10.8,0,0.34,0.24,0.14,0.035,0.04,0.025,0.008,0.004,0.01,0.006,0.035,0.002,1,1,1,12.12,0,0,60.0056,4294967295,4294967295,0,0,0,0,1.37201
60,4,1,1,5,5,1,1,1.64166,1.93251,1.37086e-05,1.01969,0,0,10.8,0,0.34,0.24,0.14,0.035,0.04,0.025,0.008,0.004,0.01,0.006,0.035,0.002,1,1,1,4.08,0,0,59.9972,0,1,0,0,0,0,0
60,5,2,1,4,4,1,1,1.62712,1.25637,0.431034,-1.26418,2,1,4.8,0,0.34,0.24,0.14,0.035,0.04,0.025,0.008,0.004,0.01,0.006,0.035,0.002,1,1,1,9.84,0,0,59.9972,1,2,0,0,0,0,0.583853
60,6,3,1,9,9,1,2,5.65668,5.64557,0.488594,2.58329,2,1,10.8,0,0.34,0.24,0.14,0.035,0.04,0.025,0.008,0.004,0.01,0.006,0.035,0.002,1,1,1,21.1869,0,0,59.9972,2,3,0,0,0,0,2.42537
60,7,4,1,7,3,2,1,3.5892,3.66448,0.216688,-2.88918,3,0,10.8,0,0.34,0.24,0.14,0.035,0.04,0.025,0.008,0.004,0.01,0.006,0.035,0.002,1,1,1,14.0859,0,0,59.9972,3,4,0,0,0,0,1.37201
60,8,4,2,7,3,2,1,3.46498,3.76881,0.160592,1.80537,3,0,10.8,0,0.34,0.24,0.14,0.035,0.04,0.025,0.008,0.004,0.01,0.006,0.035,0.002,1,1,1,9.67411,0,0,51.5954,7,4,0,0,0,0,1.37201
60,9,2,2,4,4,1,1,1.26871,1.71322,0.285791,-0.392405,2,1,4.8,0,0.34,0.24,0.14,0.035,0.04,0.025,0.008,0.004,0.01,0.006,0.035,0.002,1,1,1,2.28,0,0,49.9784,5,2,0,0,0,0,0.522922
60,10,3,2,8,9,1,1,5.8015,3.29903,0.259419,1.2173,1,1,9.6,0,0.34,0.24,0.14,0.035,0.04,0.025,0.008,0.004,0.01,0.006,0.035,0.002,1,1,1,6.908,0,0,49.1949,6,3,0,0,0,0,0
60,11,2,1,4,4,1,1,1.26106,1.72629,0.455428,-2.77755,2,1,4.8,0,0.34,0.24,0.14,0.035,0.04,0.025,0.008,0.004,0.01,0.006,0.035,0.002,1,1,1,9.21107,0,0,49.1783,1,2,0,0,0,0,0.781145
60,17,2,2,4,4,1,1,1.33845,1.50813,0.228194,2.52553,2,1,4.8,0,0.34,0.24,0.14,0.035,0.04,0.025,0.008,0.004,0.01,0.006,0.035,0.002,1,1,1,3.29522,0,0,20.0248,11,2,0,0,0,0,0.537217
60,19,2,2,4,4,1,1,1.24904,1.78089,0.227893,-0.364226,2,1,4.8,0,0.34,0.24,0.14,0.035,0.04,0.025,0.008,0.004,0.01,0.006,0.035,0.002,1,1,1,0.6,0,0,15.8915,5,2,0,0,0,0,0.528245
60,24,2,2,4,4,1,1,2.35504,1.02395,0.949289,-1.35854,2,1,4.8,0,0.34,0.24,0.14,0.035,0.04,0.025,0.008,0.004,0.01,0.006,0.035,0.002,1,1,1,0,0,0,9.20828,11,2,0,0,0,0,1.27302
90,0,1,0,5,5,1,1,2.08345,1.46943,0.035685,0.467723,0,0,13.2,0,0.34,0.24,0.14,0.035,0.04,0.025,0.008,0.004,0.01,0.006,0.035,0.002,1,1,1,14.76,0,0,90.0001,4294967295,4294967295,0,0,0,0,0
90,1,2,0,4,4,1,1,1.1066,1.9794,0.603809,-2.91363,2,1,4.8,0,0.34,0.24,0.14,0.035,0.04,0.025,0.008,0.004,0.01,0.006,0.035,0.002,1,1,1,16.2502,0,0,90.0001,4294967295,4294967295,0,0,0,0,1.15992
90,2,3,0,9,9,1,2,6.81218,2.48652,0.3894,2.94945,2,1,10.8,0,0.34,0.24,0.14,0.035,0.04,0.025,0.008,0.004,0.01,0.006,0.035,0.002,1,1,1,40.1683,0,0,90.0001,4294967295,4294967295,0,0,0,0,2.27749
90,3,4,0,7,3,2,1,3.38468,3.07015,0.153548,2.58713,3,0,10.8,0,0.34,0.24,0.14,0.035,0.04,0.025,0.008,0.004,0.01,0.006,0.035,0.002,1,1,1,14.28,0,0,90.0001,4294967295,4294967295,0,0,0,0,1.37201
90,4,1,1,5,5,1,1,1.51308,1.95812,0.00467151,1.11475,0,0,10.8,0,0.34,0.24,0.14,0.035,0.04,0.025,0.008,0.004,0.01,0.006,0.035,0.002,1,1,1,8.16,0,0,89.9918,0,1,0,0,0,0,0
90,6,3,1,9,9,1,2,6.63246,2.77176,0.26389,-1.04354,2,1,10.8,0,0.34,0.24,0.14,0.035,0.04,0.025,0.008,0.004,0.01,0.006,0.035,0.002,1,1,1,24.6189,0,0,89.9918,2,3,0,0,0,0,1.99323
90,7,4,1,7,3,2,1,3.57377,3.38776,0.323683,-0.822996,3,0,10.8,0,0.34,0.24,0.14,0.035,0.04,0.025,0.008,0.004,0.01,0.006,0.035,0.002,1,1,1,17.9739,0,0,89.9918,3,4,0,0,0,0,1.37201
90,8,4,2,7,3,2,1,3.70051,3.37171,0.170927,2.09568,3,0,10.8,0,0.34,0.24,0.14,0.035,0.04,0.025,0.008,0.004,0.01,0.006,0.035,0.002,1,1,1,18.9061,0,0,81.5938,7,4,0,0,0,0,1.37201
90,10,3,2,8,9,1,1,6.8146,3.56131,0.34289,2.90068,1,1,9.6,0,0.34,0.24,0.14,0.035,0.04,0.025,0.008,0.004,0.01,0.006,0.035,0.002,1,1,1,16.9554,0,0,79.1944,6,3,0,0,0,0,1.8603
90,11,2,1,4,4,1,1,1.2267,1.79884,0.335629,-0.399248,2,1,4.8,0,0.34,0.24,0.14,0.035,0.04,0.025,0.008,0.004,0.01,0.006,0.035,0.002,1,1,1,16.6326,0,0,79.1777,1,2,0,0,0,0,1.10433
90,14,4,3,7,3,2,1,3.52496,3.68975,0.218106,1.13324,3,0,10.8,0,0.34,0.24,0.14,0.035,0.04,0.025,0.008,0.004,0.01,0.006,0.035,0.002,1,1,1,12.2688,0,0,60.3557,8,4,0,0,0,0,1.37201
90,17,2,2,4,4,1,1,1.35357,1.54483,0.409511,2.53848,2,1,4.8,0,0.34,0.24,0.14,0.035,0.04,0.025,0.008,0.004,0.01,0.006,0.035,0.002,1,1,1,13.4307,0,0,50.0284,11,2,0,0,0,0,0.941548
90,20,1,1,5,5,1,1,1.29044,2.08923,0.00829999,-1.34272,0,0,13.2,0,0.34,0.24,0.14,0.035,0.04,0.025,0.008,0.004,0.01,0.006,0.035,0.002,1,1,1,3.6,0,0,45.8692,0,1,0,0,0,0,0
90,21,2,3,4,4,1,1,1.35555,1.67354,0.664687,-2.47325,2,1,4.8,0,0.34,0.24,0.14,0.035,0.04,0.025,0.008,0.004,0.01,0.006,0.035,0.002,1,1,1,7.92602,0,0,45.2274,17,2,0,0,0,0,1.26093
90,24,2,2,4,4,1,1,1.69892,1.29432,0.384051,1.02639,2,1,4.8,0,0.34,0.24,0.14,0.035,0.04,0.025,0.008,0.004,0.01,0.006,0.035,0.002,1,1,1,7.17982,0,0,39.2095,11,2,0,0,0,0,0.547107
90,25,3,1,9,9,1,2,2.0261,7.52204,0.196752,1.23546,2,1,10.8,0,0.34,0.24,0.14,0.035,0.04,0.025,0.008,0.004,0.01,0.006,0.035,0.002,1,1,1,8.41313,0,0,34.8085,2,3,0,0,0,0,1.89725
90,28,2,3,4,4,1,1,1.50074,1.31594,0.533015,1.04905,2,1,4.8,0,0.34,0.24,0.14,0.035,0.04,0.025,0.008,0.004,0.01,0.006,0.035,0.002,1,1,1,0.560982,0,0,27.8497,24,2,0,0,0,0,0.503179
90,29,4,4,7,3,2,1,3.43461,3.71908,0.213139,2.06897,3,0,10.8,0,0.34,0.24,0.14,0.035,0.04,0.025,0.008,0.004,0.01,0.006,0.035,0.002,1,1,1,3.91043,0,0,27.0997,14,4,0,0,0,0,1.37201
90,34,2,2,4,4,1,1,1.6474,1.25709,0.838963,1.22411,2,1,4.8,0,0.34,0.24,0.14,0.035,0.04,0.025,0.008,0.004,0.01,0.006,0.035,0.002,1,1,1,8.9185,0,0,24.1914,11,2,0,0,0,0,1.27302
90,37,4,3,7,3,2,1,3.78744,3.13293,0.0780956,0.823102,3,0,10.8,0,0.34,0.24,0.14,0.035,0.04,0.025,0.008,0.004,0.01,0.006,0.035,0.002,1,1,1,2.94207,0,0,21.0831,8,4,0,0,0,0,1.37201
90,38,2,4,4,4,1,1,1.06168,2.10411,0.514933,-3.11259,2,1,4.8,0,0.34,0.24,0.14,0.035,0.04,0.025,0.008,0.004,0.01,0.006,0.035,0.002,1,1,1,0.36,0,0,19.4831,21,2,0,0,0,0,0.995825
90,39,2,3,4,4,1,1,1.59874,1.29334,0.276145,1.19499,2,1,4.8,0,0.34,0.24,0.14,0.035,0.04,0.025,0.008,0.004,0.01,0.006,0.035,0.002,1,1,1,2.04,0,0,19.3915,34,2,0,0,0,0,0.842477
90,42,2,3,4,4,1,1,1.39767,1.45759,0.450384,0.628704,2,1,4.8,0,0.34,0.24,0.14,0.035,0.04,0.025,0.008,0.004,0.01,0.006,0.035,0.002,1,1,1,2.16,0,0,13.4665,17,2,0,0,0,0,1.11197
90,47,2,3,4,4,1,1,1.06484,2.22719,0.526701,-3.06427,2,1,4.8,0,0.34,0.24,0.14,0.035,0.04,0.025,0.008,0.004,0.01,0.006,0.035,0.002,1,1,1,2.72307,0,0,8.57495,34,2,0,0,0,0,0.642356
120,0,1,0,5,5,1,1,1.87676,1.8014,0.000396066,0.812831,0,0,13.2,0,0.34,0.24,0.14,0.035,0.04,0.025,0.008,0.004,0.01,0.006,0.035,0.002,1,1,1,18.6,0,0,119.993,4294967295,4294967295,0,0,0,0,0
120,1,2,0,4,4,1,1,1.71021,1.20649,0.69976,1.06997,2,1,4.8,0,0.34,0.24,0.14,0.035,0.04,0.025,0.008,0.004,0.01,0.006,0.035,0.002,1,1,1,22.1302,0,0,119.993,4294967295,4294967295,0,0,0,0,0.569374
120,2,3,0,9,9,1,2,5.97128,5.39049,0.275634,-1.49556,2,1,10.8,0,0.34,0.24,0.14,0.035,0.04,0.025,0.008,0.004,0.01,0.006,0.035,0.002,1,1,1,48.2711,0,0,119.993,4294967295,4294967295,0,0,0,0,2.00848
120,4,1,1,5,5,1,1,1.98333,1.35586,0.00116335,0.460997,0,0,10.8,0,0.34,0.24,0.14,0.035,0.04,0.025,0.008,0.004,0.01,0.006,0.035,0.002,1,1,1,10.92,0,0,119.984,0,1,0,0,0,0,0
120,7,4,1,7,3,2,1,3.81641,3.53202,0.0191276,-2.47441,3,0,10.8,0,0.34,0.24,0.14,0.035,0.04,0.025,0.008,0.004,0.01,0.006,0.035,0.002,1,1,1,24.5226,0,0,119.984,3,4,0,0,0,0,1.37201
120,8,4,2,7,3,2,1,3.29122,3.82328,0.193891,-1.03212,3,0,10.8,0,0.34,0.24,0.14,0.035,0.04,0.025,0.008,0.004,0.01,0.006,0.035,0.002,1,1,1,25.5742,0,0,111.586,7,4,0,0,0,0,1.37201
120,10,3,2,8,9,1,1,6.20919,5.06929,0.559869,1.5312,1,1,9.6,0,0.34,0.24,0.14,0.035,0.04,0.025,0.008,0.004,0.01,0.006,0.035,0.002,1,1,1,29.0217,0,0,109.187,6,3,0,0,0,0,1.95594
120,14,4,3,7,3,2,1,3.76168,3.46692,0.184565,-0.61442,3,0,10.8,0,0.34,0.24,0.14,0.035,0.04,0.025,0.008,0.004,0.01,0.006,0.035,0.002,1,1,1,16.5888,0,0,90.35,8,4,0,0,0,0,1.37201
120,17,2,2,4,4,1,1,2.07262,1.06028,0.415409,-1.56059,2,1,4.8,0,0.34,0.24,0.14,0.035,0.04,0.025,0.008,0.004,0.01,0.006,0.035,0.002,1,1,1,18.3507,0,0,80.0275,11,2,0,0,0,0,0.94959
120,20,1,1,5,5,1,1,1.28885,2.09019,2.25022e-07,-1.33884,0,0,13.2,0,0.34,0.24,0.14,0.035,0.04,0.025,0.008,0.004,0.01,0.006,0.035,0.002,1,1,1,6.24,0,0,75.8702,0,1,0,0,0,0,0
120,21,2,3,4,4,1,1,1.21696,1.80887,0.213779,0.284887,2,1,4.8,0,0.34,0.24,0.14,0.035,0.04,0.025,0.008,0.004,0.01,0.006,0.035,0.002,1,1,1,12.8367,0,0,75.2287,17,2,0,0,0,0,0.750173
120,24,2,2,4,4,1,1,2.05327,1.07832,0.228648,1.71995,2,1,4.8,0,0.34,0.24,0.14,0.035,0.04,0.025,0.008,0.004,0.01,0.006,0.035,0.002,1,1,1,13.0598,0,0,69.2135,11,2,0,0,0,0,1.13452
120,25,3,1,9,9,1,2,3.52462,5.49275,0.594346,-2.52633,2,1,10.8,0,0.34,0.24,0.14,0.035,0.04,0.025,0.008,0.004,0.01,0.006,0.035,0.002,1,1,1,22.5662,0,0,64.8146,2,3,0,0,0,0,1.96436
120,26,3,3,9,9,1,2,5.74368,5.76242,0.449655,1.47397,2,1,10.8,0,0.34,0.24,0.14,0.035,0.04,0.025,0.008,0.004,0.01,0.006,0.035,0.002,1,1,1,14.0652,0,0,64.348,10,3,0,0,0,0,2.05566
120,29,4,4,7,3,2,1,3.61233,3.66747,0.259957,-0.254537,3,0,10.8,0,0.34,0.24,0.14,0.035,0.04,0.025,0.008,0.004,0.01,0.006,0.035,0.002,1,1,1,9.81443,0,0,57.105,14,4,0,0,0,0,1.37201
120,34,2,2,4,4,1,1,1.3892,1.56607,0.224554,0.80093,2,1,4.8,0,0.34,0.24,0.14,0.035,0.04,0.025,0.008,0.004,0.01,0.006,0.035,0.002,1,1,1,11.39,0,0,54.196,11,2,0,0,0,0,0.707924
120,37,4,3,7,3,2,1,3.51529,3.78681,0.0408135,-2.19345,3,0,10.8,0,0.34,0.24,0.14,0.035,0.04,0.025,0.008,0.004,0.01,0.006,0.035,0.002,1,1,1,9.0276,0,0,51.087,8,4,0,0,0,0,1.37201
120,42,2,3,4,4,1,1,1.33022,1.6635,0.474446,0.476788,2,1,4.8,0,0.34,0.24,0.14,0.035,0.04,0.025,0.008,0.004,0.01,0.006,0.035,0.002,1,1,1,6.96,0,0,43.4687,17,2,0,0,0,0,0.697948
120,43,2,2,4,4,1,1,1.38792,1.41244,0.393387,-2.49197,2,1,4.8,0,0.34,0.24,0.14,0.035,0.04,0.025,0.008,0.004,0.01,0.006,0.035,0.002,1,1,1,4.62474,0,0,43.377,11,2,0,0,0,0,0.526197
120,45,3,1,9,9,1,2,6.53838,5.0609,0.855269,0.865026,2,1,10.8,0,0.34,0.24,0.14,0.035,0.04,0.025,0.008,0.004,0.01,0.006,0.035,0.002,1,1,1,14.0605,0,0,40.1597,2,3,0,0,0,0,2.48691
120,46,2,4,4,4,1,1,1.31122,1.45221,0.47755,2.55832,2,1,4.8,0,0.34,0.24,0.14,0.035,0.04,0.025,0.008,0.004,0.01,0.006,0.035,0.002,1,1,1,2.04,0,0,38.6677,42,2,0,0,0,0,0.981675
120,47,2,3,4,4,1,1,1.34831,1.39935,0.30128,-0.979096,2,1,4.8,0,0.34,0.24,0.14,0.035,0.04,0.025,0.008,0.004,0.01,0.006,0.035,0.002,1,1,1,7.52307,0,0,38.576,34,2,0,0,0,0,1.01026
120,50,2,1,4,4,1,1,1.2538,1.54091,0.395486,-0.31945,2,1,4.8,0,0.34,0.24,0.14,0.035,0.04,0.025,0.008,0.004,0.01,0.006,0.035,0.002,1,1,1,2.76,0,0,34.1417,1,2,0,0,0,0,0.678459
120,51,2,4,4,4,1,1,2.037,1.17595,0.402979,1.26283,2,1,4.8,0,0.34,0.24,0.14,0.035,0.04,0.025,0.008,0.004,0.01,0.006,0.035,0.002,1,1,1,7.2,0,0,33.775,47,2,0,0,0,0,1.11938
120,52,1,1,5,5,1,1,1.34754,1.95583,0.000186031,-1.73813,0,0,13.2,0,0.34,0.24,0.14,0.035,0.04,0.025,0.008,0.004,0.01,0.006,0.035,0.002,1,1,1,4.32,0,0,33.4832,0,1,0,0,0,0,0
120,53,2,3,4,4,1,1,1.52094,1.39187,0.251755,2.28882,2,1,4.8,0,0.34,0.24,0.14,0.035,0.04,0.025,0.008,0.004,0.01,0.006,0.035,0.002,1,1,1,6.24,0,0,32.6497,17,2,0,0,0,0,1.27878
120,56,3,2,9,9,1,2,4.23381,4.49799,0.51037,0.801163,2,1,10.8,0,0.34,0.24,0.14,0.035,0.04,0.025,0.008,0.004,0.01,0.006,0.035,0.002,1,1,1,3.78644,0,0,29.358,45,3,0,0,0,0,2.8538
120,57,2,3,4,4,1,1,1.26203,1.66603,0.305686,-0.391152,2,1,4.8,0,0.34,0.24,0.14,0.035,0.04,0.025,0.008,0.004,0.01,0.006,0.035,0.002,1,1,1,1.08,0,0,28.1747,24,2,0,0,0,0,0.525894
120,58,2,4,4,4,1,1,1.75997,1.33135,0.257083,1.17069,2,1,4.8,0,0.34,0.24,0.14,0.035,0.04,0.025,0.008,0.004,0.01,0.006,0.035,0.002,1,1,1,2.20211,0,0,24.1331,21,2,0,0,0,0,0.527101
120,60,2,1,4,4,1,1,1.69224,1.24306,0.395665,1.03337,2,1,4.8,0,0.34,0.24,0.14,0.035,0.04,0.025,0.008,0.004,0.01,0.006,0.035,0.002,1,1,1,3,0,0,22.4914,1,2,0,0,0,0,0.854879
120,61,2,4,4,4,1,1,1.12179,1.79936,0.45211,-0.179475,2,1,4.8,0,0.34,0.24,0.14,0.035,0.04,0.025,0.008,0.004,0.01,0.006,0.035,0.002,1,1,1,4.18635,0,0,22.4914,53,2,0,0,0,0,0.737393
120,62,2,3,4,4,1,1,1.26528,1.71581,0.260583,-2.78971,2,1,4.8,0,0.34,0.24,0.14,0.035,0.04,0.025,0.008,0.004,0.01,0.006,0.035,0.002,1,1,1,0.84,0,0,19.8414,17,2,0,0,0,0,0.879365
120,64,2,4,3,3,1,0,0.839505,1.30398,0.282499,-1.15563,1,1,3.6,0,0.34,0.24,0.14,0.035,0.04,0.025,0.008,0.004,0.01,0.006,0.035,0.002,1,1,1,1.2,0,0,15.8415,47,2,0,0,0,0,0
120,65,2,5,4,4,1,1,1.41881,1.36931,0.491902,-0.717432,2,1,4.8,0,0.34,0.24,0.14,0.035,0.04,0.025,0.008,0.004,0.01,0.006,0.035,0.002,1,1,1,3.72,0,0,15.2915,51,2,0,0,0,0,1.05377
150,0,1,0,5,5,1,1,1.96831,1.83812,0.00848825,0.760752,0,0,13.2,0,0.34,0.24,0.14,0.035,0.04,0.025,0.008,0.004,0.01,0.006,0.035,0.002,1,1,1,22.5463,0,0,149.985,4294967295,4294967295,0,0,0,0,0
150,1,2,0,4,4,1,1,1.50135,1.37048,0.589334,2.2434,2,1,4.8,0,0.34,0.24,0.14,0.035,0.04,0.025,0.008,0.004,0.01,0.006,0.035,0.002,1,1,1,25.1302,0,0,149.985,4294967295,4294967295,0,0,0,0,1.23395
150,2,3,0,9,9,1,2,1.48719,7.45103,0.637937,-2.066,2,1,10.8,0,0.34,0.24,0.14,0.035,0.04,0.025,0.008,0.004,0.01,0.006,0.035,0.002,1,1,1,59.6324,0,0,149.985,4294967295,4294967295,0,0,0,0,2.04935
150,4,1,1,5,5,1,1,1.98897,1.45278,0.198556,0.452574,0,0,10.8,0,0.34,0.24,0.14,0.035,0.04,0.025,0.008,0.004,0.01,0.006,0.035,0.002,1,1,1,13.344,0,0,149.977,0,1,0,0,0,0,0
150,7,4,1,7,3,2,1,3.78571,3.4751,0.000617664,-1.45736,3,0,10.8,0,0.34,0.24,0.14,0.035,0.04,0.025,0.008,0.004,0.01,0.006,0.035,0.002,1,1,1,30.1866,0,0,149.977,3,4,0,0,0,0,1.37201
150,8,4,2,7,3,2,1,3.50241,3.64586,0.129818,-2.07447,3,0,10.8,0,0.34,0.24,0.14,0.035,0.04,0.025,0.008,0.004,0.01,0.006,0.035,0.002,1,1,1,28.3419,0,0,141.579,7,4,0,0,0,0,1.37201
150,10,3,2,8,9,1,1,3.96148,5.71165,0.163565,-1.55994,1,1,9.6,0,0.34,0.24,0.14,0.035,0.04,0.025,0.008,0.004,0.01,0.006,0.035,0.002,1,1,1,35.111,0,0,139.18,6,3,0,0,0,0,0
150,20,1,1,5,5,1,1,1.28885,2.09019,9.08667e-11,-1.33884,0,0,13.2,0,0.34,0.24,0.14,0.035,0.04,0.025,0.008,0.004,0.01,0.006,0.035,0.002,1,1,1,9.84,0,0,105.863,0,1,0,0,0,0,0
150,24,2,2,4,4,1,1,1.05802,2.11954,0.317718,-0.060168,2,1,4.8,0,0.34,0.24,0.14,0.035,0.04,0.025,0.008,0.004,0.01,0.006,0.035,0.002,1,1,1,14.7398,0,0,99.2062,11,2,0,0,0,0,0.942787
150,25,3,1,9,9,1,2,3.62389,6.92115,0.365161,-1.2091,2,1,10.8,0,0.34,0.24,0.14,0.035,0.04,0.025,0.008,0.004,0.01,0.006,0.035,0.002,1,1,1,27.0845,0,0,94.8072,2,3,0,0,0,0,2.0249
150,26,3,3,9,9,1,2,3.31786,5.87474,0.428742,-0.46402,2,1,10.8,0,0.34,0.24,0.14,0.035,0.04,0.025,0.008,0.004,0.01,0.006,0.035,0.002,1,1,1,23.1844,0,0,94.3407,10,3,0,0,0,0,1.97045
150,29,4,4,7,3,2,1,3.18352,4.16529,0.0661971,0.0124808,3,0,10.8,0,0.34,0.24,0.14,0.035,0.04,0.025,0.008,0.004,0.01,0.006,0.035,0.002,1,1,1,14.9024,0,0,87.1008,14,4,0,0,0,0,1.37201
150,32,1,2,5,5,1,1,2.09577,1.36227,0.00038004,-2.71191,0,0,10.8,0,0.34,0.24,0.14,0.035,0.04,0.025,0.008,0.004,0.01,0.006,0.035,0.002,1,1,1,4.92,0,0,85.1763,4,1,0,0,0,0,0
150,34,2,2,4,4,1,1,1.56675,1.43497,0.506219,2.31624,2,1,4.8,0,0.34,0.24,0.14,0.035,0.04,0.025,0.008,0.004,0.01,0.006,0.035,0.002,1,1,1,15.902,0,0,84.1932,11,2,0,0,0,0,0.491422
150,45,3,1,9,9,1,2,2.42143,6.70122,0.0250567,2.00498,2,1,10.8,0,0.34,0.24,0.14,0.035,0.04,0.025,0.008,0.004,0.01,0.006,0.035,0.002,1,1,1,18.8948,0,0,70.1633,2,3,0,0,0,0,0.59641
150,47,2,3,4,4,1,1,1.30885,1.67387,0.566685,0.447739,2,1,4.8,0,0.34,0.24,0.14,0.035,0.04,0.025,0.008,0.004,0.01,0.006,0.035,0.002,1,1,1,12.2742,0,0,68.5803,34,2,0,0,0,0,0.512871
150,51,2,4,4,4,1,1,1.85465,1.27862,0.336829,2.03476,2,1,4.8,0,0.34,0.24,0.14,0.035,0.04,0.025,0.008,0.004,0.01,0.006,0.035,0.002,1,1,1,10.6812,0,0,63.7814,47,2,0,0,0,0,0.76144
150,52,1,1,5,5,1,1,1.34752,1.95584,5.13981e-09,-1.73816,0,0,13.2,0,0.34,0.24,0.14,0.035,0.04,0.025,0.008,0.004,0.01,0.006,0.035,0.002,1,1,1,7.8,0,0,63.4897,0,1,0,0,0,0,0
150,53,2,3,4,4,1,1,1.79801,1.19963,0.424033,-1.91583,2,1,4.8,0,0.34,0.24,0.14,0.035,0.04,0.025,0.008,0.004,0.01,0.006,0.035,0.002,1,1,1,11.64,0,0,62.6561,17,2,0,0,0,0,0.767288
150,56,3,2,9,9,1,2,2.27859,7.30218,0.0697584,2.04779,2,1,10.8,0,0.34,0.24,0.14,0.035,0.04,0.025,0.008,0.004,0.01,0.006,0.035,0.002,1,1,1,11.4904,0,0,59.3638,45,3,0,0,0,0,0.614676
150,58,2,4,4,4,1,1,1.40861,1.39645,0.271415,2.37509,2,1,4.8,0,0.34,0.24,0.14,0.035,0.04,0.025,0.008,0.004,0.01,0.006,0.035,0.002,1,1,1,5.5063,0,0,54.1377,21,2,0,0,0,0,0.514728
150,60,2,1,4,4,1,1,1.39647,1.51503,0.522187,-2.38584,2,1,4.8,0,0.34,0.24,0.14,0.035,0.04,0.025,0.008,0.004,0.01,0.006,0.035,0.002,1,1,1,8.04,0,0,52.4956,1,2,0,0,0,0,0.942939
150,61,2,4,4,4,1,1,1.25483,1.71481,0.219974,-0.488452,2,1,4.8,0,0.34,0.24,0.14,0.035,0.04,0.025,0.008,0.004,0.01,0.006,0.035,0.002,1,1,1,4.54635,0,0,52.4956,53,2,0,0,0,0,0
150,62,2,3,4,4,1,1,1.75235,1.25067,0.397001,1.0778,2,1,4.8,0,0.34,0.24,0.14,0.035,0.04,0.025,0.008,0.004,0.01,0.006,0.035,0.002,1,1,1,6.384,0,0,49.8451,17,2,0,0,0,0,1.24089
150,64,2,4,3,3,1,0,1.15404,1.02082,0.134904,1.35204,1,1,3.6,0,0.34,0.24,0.14,0.035,0.04,0.025,0.008,0.004,0.01,0.006,0.035,0.002,1,1,1,5.09837,0,0,45.8442,47,2,0,0,0,0,0
150,65,2,5,4,4,1,1,1.79014,1.34787,0.343649,2.34035,2,1,4.8,0,0.34,0.24,0.14,0.035,0.04,0.025,0.008,0.004,0.01,0.006,0.035,0.002,1,1,1,9.01241,0,0,45.2941,51,2,0,0,0,0,1.21313
150,70,2,4,1,4,1,0,0,0,0.306527,0,0,0,1.2,0,0.34,0.24,0.14,0.035,0.04,0.025,0.008,0.004,0.01,0.006,0.035,0.002,1,1,1,0.36,0,0,39.9346,53,2,0,0,0,0,0
150,75,2,2,4,4,1,1,1.21423,2.13294,0.507426,-2.70603,2,1,4.8,0,0.34,0.24,0.14,0.035,0.04,0.025,0.008,0.004,0.01,0.006,0.035,0.002,1,1,1,3.6,0,0,32.5747,60,2,0,0,0,0,0.701265
150,79,2,5,3,3,1,0,1.01877,1.28012,0.405235,-0.259903,1,1,3.6,0,0.34,0.24,0.14,0.035,0.04,0.025,0.008,0.004,0.01,0.006,0.035,0.002,1,1,1,0.96,0,0,20.4831,64,2,0,0,0,0,0.677431
150,84,3,1,9,9,1,2,5.51697,3.9999,0.331351,-2.71618,2,1,10.8,0,0.34,0.24,0.14,0.035,0.04,0.025,0.008,0.004,0.01,0.006,0.035,0.002,1,1,1,6.56756,0,0,19.2165,2,3,0,0,0,0,2.05096
150,88,2,6,4,4,1,1,1.50285,1.45663,0.43885,-2.41424,2,1,4.8,0,0.34,0.24,0.14,0.035,0.04,0.025,0.008,0.004,0.01,0.006,0.035,0.002,1,1,1,1.92,0,0,16.0665,65,2,0,0,0,0,0.731897
180,0,1,0,5,5,1,1,1.25138,2.13296,0.107243,1.30522,0,0,13.2,0,0.34,0.24,0.14,0.035,0.04,0.025,0.008,0.004,0.01,0.006,0.035,0.002,1,1,1,25.5787,0,0,179.978,4294967295,4294967295,0,0,0,0,0
180,1,2,0,4,4,1,1,1.04747,1.83803,0.214449,-3.08603,2,1,4.8,0,0.34,0.24,0.14,0.035,0.04,0.025,0.008,0.004,0.01,0.006,0.035,0.002,1,1,1,28.4294,0,0,179.978,4294967295,4294967295,0,0,0,0,0.617601
180,2,3,0,9,9,1,2,5.07094,4.97204,0.139971,3.06698,2,1,10.8,0,0.34,0.24,0.14,0.035,0.04,0.025,0.008,0.004,0.01,0.006,0.035,0.002,1,1,1,68.3684,0,0,179.978,4294967295,4294967295,0,0,0,0,1.96278
180,4,1,1,5,5,1,1,1.23545,2.10345,1.32257e-05,1.91351,0,0,10.8,0,0.34,0.24,0.14,0.035,0.04,0.025,0.008,0.004,0.01,0.006,0.035,0.002,1,1,1,15.744,0,0,179.97,0,1,0,0,0,0,0
180,7,4,1,7,3,2,1,3.82219,3.52913,0.0520832,-1.19174,3,0,10.8,0,0.34,0.24,0.14,0.035,0.04,0.025,0.008,0.004,0.01,0.006,0.035,0.002,1,1,1,34.6506,0,0,179.97,3,4,0,0,0,0,1.37201
180,8,4,2,7,3,2,1,3.78832,3.39823,0.00211724,-2.54799,3,0,10.8,0,0.34,0.24,0.14,0.035,0.04,0.025,0.008,0.004,0.01,0.006,0.035,0.002,1,1,1,34.9938,0,0,171.572,7,4,0,0,0,0,1.37201
180,10,3,2,8,9,1,1,6.20721,5.56755,0.411069,0.484364,1,1,9.6,0,0.34,0.24,0.14,0.035,0.04,0.025,0.008,0.004,0.01,0.006,0.035,0.002,1,1,1,43.3288,0,0,169.172,6,3,0,0,0,0,1.95966
180,20,1,1,5,5,1,1,1.3595,1.90887,0.0981709,-1.613,0,0,13.2,0,0.34,0.24,0.14,0.035,0.04,0.025,0.008,0.004,0.01,0.006,0.035,0.002,1,1,1,13.2,0,0,135.856,0,1,0,0,0,0,0
180,24,2,2,4,4,1,1,1.07487,1.92008,0.678956,0.109264,2,1,4.8,0,0.34,0.24,0.14,0.035,0.04,0.025,0.008,0.004,0.01,0.006,0.035,0.002,1,1,1,19.4678,0,0,129.199,11,2,0,0,0,0,0.980736
180,25,3,1,9,9,1,2,3.1459,5.78418,0.486084,-3.07434,2,1,10.8,0,0.34,0.24,0.14,0.035,0.04,0.025,0.008,0.004,0.01,0.006,0.035,0.002,1,1,1,37.3521,0,0,124.8,2,3,0,0,0,0,0.509621
180,26,3,3,9,9,1,2,2.78036,6.30717,0.300628,-1.87888,2,1,10.8,0,0.34,0.24,0.14,0.035,0.04,0.025,0.008,0.004,0.01,0.006,0.035,0.002,1,1,1,30.7743,0,0,124.333,10,3,0,0,0,0,1.39301
180,29,4,4,7,3,2,1,3.62836,3.69284,0.0636618,-0.182658,3,0,10.8,0,0.34,0.24,0.14,0.035,0.04,0.025,0.008,0.004,0.01,0.006,0.035,0.002,1,1,1,20.0864,0,0,117.093,14,4,0,0,0,0,1.37201
180,32,1,2,5,5,1,1,1.8326,1.83839,0.132628,-2.29574,0,0,10.8,0,0.34,0.24,0.14,0.035,0.04,0.025,0.008,0.004,0.01,0.006,0.035,0.002,1,1,1,8.04,0,0,115.169,4,1,0,0,0,0,0
180,34,2,2,4,4,1,1,1.48608,1.29474,0.641242,1.01909,2,1,4.8,0,0.34,0.24,0.14,0.035,0.04,0.025,0.008,0.004,0.01,0.006,0.035,0.002,1,1,1,22.8549,0,0,114.186,11,2,0,0,0,0,1.27878
180,45,3,1,7,9,1,1,5.60916,4.65943,0.00179122,2.54992,0,1,8.4,0,0.34,0.24,0.14,0.035,0.04,0.025,0.008,0.004,0.01,0.006,0.035,0.002,1,1,1,17.8913,0,0,100.156,2,3,0,0,0,0,0
180,47,2,3,4,4,1,1,1.85863,1.16016,0.423467,1.29407,2,1,4.8,0,0.34,0.24,0.14,0.035,0.04,0.025,0.008,0.004,0.01,0.006,0.035,0.002,1,1,1,17.4342,0,0,98.573,34,2,0,0,0,0,0.735375
180,52,1,1,5,5,1,1,2.03483,1.33013,0.0412388,-3.08411,0,0,13.2,0,0.34,0.24,0.14,0.035,0.04,0.025,0.008,0.004,0.01,0.006,0.035,0.002,1,1,1,9.84,0,0,93.4826,0,1,0,0,0,0,0
180,58,2,4,4,4,1,1,1.50172,1.3993,0.511018,0.906892,2,1,4.8,0,0.34,0.24,0.14,0.035,0.04,0.025,0.008,0.004,0.01,0.006,0.035,0.002,1,1,1,9.1378,0,0,84.1348,21,2,0,0,0,0,0.834809
180,60,2,1,4,4,1,1,1.89154,1.1353,0.252587,1.31473,2,1,4.8,0,0.34,0.24,0.14,0.035,0.04,0.025,0.008,0.004,0.01,0.006,0.035,0.002,1,1,1,12.432,0,0,82.4936,1,2,0,0,0,0,0.659493
180,62,2,3,4,4,1,1,2.14501,1.0659,0.446713,1.72285,2,1,4.8,0,0.34,0.24,0.14,0.035,0.04,0.025,0.008,0.004,0.01,0.006,0.035,0.002,1,1,1,13.464,0,0,79.8442,17,2,0,0,0,0,0.935464
180,82,1,1,5,5,1,1,1.7048,1.8704,0.132801,1.02183,0,0,13.2,0,0.34,0.24,0.14,0.035,0.04,0.025,0.008,0.004,0.01,0.006,0.035,0.002,1,1,1,5.26125,0,0,50.0701,0,1,0,0,0,0,0
180,84,3,1,9,9,1,2,6.88165,2.814,0.408191,2.56465,2,1,10.8,0,0.34,0.24,0.14,0.035,0.04,0.025,0.008,0.004,0.01,0.006,0.035,0.002,1,1,1,14.3478,0,0,49.2199,2,3,0,0,0,0,1.46668
180,90,2,3,5,5,1,1,1.61785,1.42975,0.745824,2.54001,3,1,6,0,0.34,0.24,0.14,0.035,0.04,0.025,0.008,0.004,0.01,0.006,0.035,0.002,1,1,1,1.62457,0,0,42.5602,34,2,0,0,0,0,0.947863
180,98,2,4,4,4,1,1,1.80041,1.10817,0.162019,1.65562,1,2,4.8,0,0.34,0.24,0.14,0.035,0.04,0.025,0.008,0.004,0.01,0.006,0.035,0.002,1,1,1,4.68,0,0,34.1334,62,2,0,0,0,0,0
180,105,2,4,4,4,1,1,1.03161,2.10885,0.208134,0.211265,2,1,4.8,0,0.34,0.24,0.14,0.035,0.04,0.025,0.008,0.004,0.01,0.006,0.035,0.002,1,1,1,6.21438,0,0,29.708,47,2,0,0,0,0,0.836585
180,111,3,3,9,9,1,2,1.43095,7.92401,0.270369,2.40337,2,1,10.8,0,0.34,0.24,0.14,0.035,0.04,0.025,0.008,0.004,0.01,0.006,0.035,0.002,1,1,1,5.32695,0,0,24.6664,10,3,0,0,0,0,2.58285
180,114,2,5,4,4,1,1,1.63621,1.28518,0.643099,-2.08935,2,1,4.8,0,0.34,0.24,0.14,0.035,0.04,0.025,0.008,0.004,0.01,0.006,0.035,0.002,1,1,1,6.41668,0,0,14.7915,105,2,0,0,0,0,0.913199
180,120,2,6,4,4,1,1,1.22327,1.8443,0.406239,-2.85833,2,1,4.8,0,0.34,0.24,0.14,0.035,0.04,0.025,0.008,0.004,0.01,0.006,0.035,0.002,1,1,1,0.48,0,0,9.9916,114,2,0,0,0,0,1.18327
210,0,1,0,5,5,1,1,1.27109,2.12501,3.36141e-05,1.33234,0,0,13.2,0,0.34,0.24,0.14,0.035,0.04,0.025,0.008,0.004,0.01,0.006,0.035,0.002,1,1,1,28.1839,0,0,209.971,4294967295,4294967295,0,0,0,0,0
210,2,3,0,9,9,1,2,3.92919,6.30933,0.482509,-0.615433,2,1,10.8,0,0.34,0.24,0.14,0.035,0.04,0.025,0.008,0.004,0.01,0.006,0.035,0.002,1,1,1,83.6796,0,0,209.971,4294967295,4294967295,0,0,0,0,1.8783
210,4,1,1,5,5,1,1,1.23545,2.10345,3.72532e-10,1.91351,0,0,10.8,0,0.34,0.24,0.14,0.035,0.04,0.025,0.008,0.004,0.01,0.006,0.035,0.002,1,1,1,17.1286,0,0,209.962,0,1,0,0,0,0,0
210,7,4,1,7,3,2,1,3.59581,3.75856,0.0213277,-0.167042,3,0,10.8,0,0.34,0.24,0.14,0.035,0.04,0.025,0.008,0.004,0.01,0.006,0.035,0.002,1,1,1,38.6346,0,0,209.962,3,4,0,0,0,0,1.37201
210,8,4,2,7,3,2,1,3.56891,3.70994,0.0384218,-1.98122,3,0,10.8,0,0.34,0.24,0.14,0.035,0.04,0.025,0.008,0.004,0.01,0.006,0.035,0.002,1,1,1,36.7843,0,0,201.565,7,4,0,0,0,0,1.37201
210,10,3,2,8,9,1,1,6.05229,4.78895,0.390097,1.63752,1,1,9.6,0,0.34,0.24,0.14,0.035,0.04,0.025,0.008,0.004,0.01,0.006,0.035,0.002,1,1,1,48.4899,0,0,199.165,6,3,0,0,0,0,2.01601
210,20,1,1,5,5,1,1,1.25744,2.1616,0.214289,-1.46318,0,0,13.2,0,0.34,0.24,0.14,0.035,0.04,0.025,0.008,0.004,0.01,0.006,0.035,0.002,1,1,1,15.384,0,0,165.848,0,1,0,0,0,0,0
210,24,2,2,4,4,1,1,1.84126,1.2176,0.443986,1.87214,2,1,4.8,0,0.34,0.24,0.14,0.035,0.04,0.025,0.008,0.004,0.01,0.006,0.035,0.002,1,1,1,28.7772,0,0,159.192,11,2,0,0,0,0,0.967749
210,25,3,1,9,9,1,2,5.67349,4.02782,0.181274,-2.66441,2,1,10.8,0,0.34,0.24,0.14,0.035,0.04,0.025,0.008,0.004,0.01,0.006,0.035,0.002,1,1,1,41.886,0,0,154.793,2,3,0,0,0,0,1.88448
210,26,3,3,9,9,1,2,7.65858,2.49042,0.413135,-2.96211,2,1,10.8,0,0.34,0.24,0.14,0.035,0.04,0.025,0.008,0.004,0.01,0.006,0.035,0.002,1,1,1,36.2166,0,0,154.326,10,3,0,0,0,0,1.15093
210,29,4,4,7,3,2,1,3.39622,3.81087,0.0673797,0.0302285,3,0,10.8,0,0.34,0.24,0.14,0.035,0.04,0.025,0.008,0.004,0.01,0.006,0.035,0.002,1,1,1,23.2863,0,0,147.086,14,4,0,0,0,0,1.37201
210,32,1,2,5,5,1,1,1.36948,1.98016,3.81712e-06,-1.93547,0,0,10.8,0,0.34,0.24,0.14,0.035,0.04,0.025,0.008,0.004,0.01,0.006,0.035,0.002,1,1,1,8.4,0,0,145.162,4,1,0,0,0,0,0
210,45,3,1,7,9,1,1,1.47162,7.39544,0.450151,1.62603,0,1,8.4,0,0.34,0.24,0.14,0.035,0.04,0.025,0.008,0.004,0.01,0.006,0.035,0.002,1,1,1,22.2113,0,0,130.149,2,3,0,0,0,0,0
210,52,1,1,5,5,1,1,1.96643,1.42149,0.00369622,2.94081,0,0,13.2,0,0.34,0.24,0.14,0.035,0.04,0.025,0.008,0.004,0.01,0.006,0.035,0.002,1,1,1,12.7571,0,0,123.475,0,1,0,0,0,0,0
210,62,2,3,4,4,1,1,1.51794,1.29768,0.636118,-2.17179,2,1,4.8,0,0.34,0.24,0.14,0.035,0.04,0.025,0.008,0.004,0.01,0.006,0.035,0.002,1,1,1,20.8921,0,0,109.837,17,2,0,0,0,0,0.674496
210,82,1,1,5,5,1,1,1.68374,1.88963,3.69239e-05,1.04785,0,0,13.2,0,0.34,0.24,0.14,0.035,0.04,0.025,0.008,0.004,0.01,0.006,0.035,0.002,1,1,1,8.80449,0,0,80.0692,0,1,0,0,0,0,0
210,84,3,1,9,9,1,2,1.18556,7.7746,0.439233,0.865798,2,1,10.8,0,0.34,0.24,0.14,0.035,0.04,0.025,0.008,0.004,0.01,0.006,0.035,0.002,1,1,1,21.3525,0,0,79.2194,2,3,0,0,0,0,2.01153
210,90,2,3,5,5,1,1,1.89778,1.61461,0.491728,-1.95172,3,1,6,0,0.34,0.24,0.14,0.035,0.04,0.025,0.008,0.004,0.01,0.006,0.035,0.002,1,1,1,8.70295,0,0,72.5627,34,2,0,0,0,0,0.949135
210,98,2,4,4,4,1,1,1.55243,1.38405,0.608859,-2.24753,1,2,4.8,0,0.34,0.24,0.14,0.035,0.04,0.025,0.008,0.004,0.01,0.006,0.035,0.002,1,1,1,10.8,0,0,64.1397,62,2,0,0,0,0,0.973324
210,104,3,1,9,9,1,2,6.00255,4.9902,0.666912,-2.25267,2,1,10.8,0,0.34,0.24,0.14,0.035,0.04,0.025,0.008,0.004,0.01,0.006,0.035,0.002,1,1,1,11.8711,0,0,60.1389,2,3,0,0,0,0,2.09149
210,111,3,3,9,9,1,2,6.25016,3.19209,0.176083,2.36284,2,1,10.8,0,0.34,0.24,0.14,0.035,0.04,0.025,0.008,0.004,0.01,0.006,0.035,0.002,1,1,1,8.15169,0,0,54.6711,10,3,0,0,0,0,0
210,114,2,5,4,4,1,1,1.4449,1.33655,0.323261,0.880166,2,1,4.8,0,0.34,0.24,0.14,0.035,0.04,0.025,0.008,0.004,0.01,0.006,0.035,0.002,1,1,1,14.7303,0,0,44.794,105,2,0,0,0,0,0.94782
210,120,2,6,4,4,1,1,1.21021,1.75567,0.348924,-0.344397,2,1,4.8,0,0.34,0.24,0.14,0.035,0.04,0.025,0.008,0.004,0.01,0.006,0.035,0.002,1,1,1,4.21847,0,0,39.993,114,2,0,0,0,0,0.610972
210,127,3,2,9,9,1,2,3.52011,6.10226,0.557639,-2.17602,2,1,10.8,0,0.34,0.24,0.14,0.035,0.04,0.025,0.008,0.004,0.01,0.006,0.035,0.002,1,1,1,7.62712,0,0,28.833,25,3,0,0,0,0,2.09008
210,131,2,6,4,4,1,1,1.1708,1.9719,0.711647,2.73345,2,1,4.8,0,0.34,0.24,0.14,0.035,0.04,0.025,0.008,0.004,0.01,0.006,0.035,0.002,1,1,1,6.41245,0,0,26.3747,114,2,0,0,0,0,1.27878
210,134,2,7,4,4,1,1,1.28687,1.52936,0.579708,2.50682,2,1,4.8,0,0.34,0.24,0.14,0.035,0.04,0.025,0.008,0.004,0.01,0.006,0.035,0.002,1,1,1,3.93225,0,0,18.7748,131,2,0,0,0,0,0.829377
210,138,2,4,5,5,1,1,1.46205,1.68226,0.499044,-2.4697,3,1,6,0,0.34,0.24,0.14,0.035,0.04,0.025,0.008,0.004,0.01,0.006,0.035,0.002,1,1,1,4.37659,0,0,17.1832,90,2,0,0,0,0,1.00646
210,139,2,3,4,4,1,1,1.97782,1.13109,0.656562,1.79377,2,1,4.8,0,0.34,0.24,0.14,0.035,0.04,0.025,0.008,0.004,0.01,0.006,0.035,0.002,1,1,1,0.912,0,0,14.0832,24,2,0,0,0,0,1.27878
210,140,2,6,4,4,1,1,1.97014,1.09391,0.752544,-1.35849,2,1,4.8,0,0.34,0.24,0.14,0.035,0.04,0.025,0.008,0.004,0.01,0.006,0.035,0.002,1,1,1,2.45952,0,0,13.7749,114,2,0,0,0,0,1.24713
210,144,2,4,4,4,1,1,1.20363,1.70351,0.168849,2.90101,2,1,4.8,0,0.34,0.24,0.14,0.035,0.04,0.025,0.008,0.004,0.01,0.006,0.035,0.002,1,1,1,0.024,0,0,6.52499,62,2,0,0,0,0,0.753217
240,0,1,0,5,5,1,1,1.53062,1.95473,0.0529428,1.11617,0,0,13.2,0,0.34,0.24,0.14,0.035,0.04,0.025,0.008,0.004,0.01,0.006,0.035,0.002,1,1,1,31.2085,0,0,239.963,4294967295,4294967295,0,0,0,0,0
240,2,3,0,9,9,1,2,2.09036,6.31112,0.35885,-2.42716,2,1,10.8,0,0.34,0.24,0.14,0.035,0.04,0.025,0.008,0.004,0.01,0.006,0.035,0.002,1,1,1,88.9349,0,0,239.963,4294967295,4294967295,0,0,0,0,1.72354
240,4,1,1,5,5,1,1,1.97653,1.33115,0.00787406,2.88537,0,0,10.8,0,0.34,0.24,0.14,0.035,0.04,0.025,0.008,0.004,0.01,0.006,0.035,0.002,1,1,1,18.6886,0,0,239.955,0,1,0,0,0,0,0
240,7,4,1,7,3,2,1,3.70035,3.64561,0.0363509,0.770371,3,0,10.8,0,0.34,0.24,0.14,0.035,0.04,0.025,0.008,0.004,0.01,0.006,0.035,0.002,1,1,1,41.2226,0,0,239.955,3,4,0,0,0,0,1.37201
240,20,1,1,5,5,1,1,1.798,1.88064,5.81032e-06,-0.762057,0,0,13.2,0,0.34,0.24,0.14,0.035,0.04,0.025,0.008,0.004,0.01,0.006,0.035,0.002,1,1,1,16.7234,0,0,195.841,0,1,0,0,0,0,0
240,24,2,2,4,4,1,1,1.40543,1.58361,0.281748,-2.43866,2,1,4.8,0,0.34,0.24,0.14,0.035,0.04,0.025,0.008,0.004,0.01,0.006,0.035,0.002,1,1,1,31.6812,0,0,189.184,11,2,0,0,0,0,0.533547
240,25,3,1,9,9,1,2,2.37574,7.58585,0.457144,-0.409934,2,1,10.8,0,0.34,0.24,0.14,0.035,0.04,0.025,0.008,0.004,0.01,0.006,0.035,0.002,1,1,1,56.2487,0,0,184.785,2,3,0,0,0,0,2.05789
240,26,3,3,9,9,1,2,2.27044,7.86212,0.91233,-1.58316,2,1,10.8,0,0.34,0.24,0.14,0.035,0.04,0.025,0.008,0.004,0.01,0.006,0.035,0.002,1,1,1,40.5916,0,0,184.319,10,3,0,0,0,0,2.1062
240,29,4,4,7,3,2,1,3.80347,3.352,0.000404711,0.569071,3,0,10.8,0,0.34,0.24,0.14,0.035,0.04,0.025,0.008,0.004,0.01,0.006,0.035,0.002,1,1,1,30.5598,0,0,177.079,14,4,0,0,0,0,1.37201
240,45,3,1,7,9,1,1,5.03186,5.25402,0.353175,2.31774,0,1,8.4,0,0.34,0.24,0.14,0.035,0.04,0.025,0.008,0.004,0.01,0.006,0.035,0.002,1,1,1,27.5689,0,0,160.141,2,3,0,0,0,0,0
240,52,1,1,5,5,1,1,1.31082,2.04381,0.112049,-1.7804,0,0,13.2,0,0.34,0.24,0.14,0.035,0.04,0.025,0.008,0.004,0.01,0.006,0.035,0.002,1,1,1,16.2629,0,0,153.468,0,1,0,0,0,0,0
240,62,2,3,4,4,1,1,1.69127,1.38029,0.449027,2.08214,2,1,4.8,0,0.34,0.24,0.14,0.035,0.04,0.025,0.008,0.004,0.01,0.006,0.035,0.002,1,1,1,26.8921,0,0,139.83,17,2,0,0,0,0,1.08106
240,82,1,1,5,5,1,1,1.24149,2.13569,0.140597,1.7839,0,0,13.2,0,0.34,0.24,0.14,0.035,0.04,0.025,0.008,0.004,0.01,0.006,0.035,0.002,1,1,1,13.0066,0,0,110.062,0,1,0,0,0,0,0
240,84,3,1,9,9,1,2,2.57528,7.17749,0.368796,1.36029,2,1,10.8,0,0.34,0.24,0.14,0.035,0.04,0.025,0.008,0.004,0.01,0.006,0.035,0.002,1,1,1,26.2672,0,0,109.212,2,3,0,0,0,0,1.06464
240,98,2,4,4,4,1,1,1.40393,1.36897,0.14387,0.638194,1,2,4.8,0,0.34,0.24,0.14,0.035,0.04,0.025,0.008,0.004,0.01,0.006,0.035,0.002,1,1,1,14.7721,0,0,94.1324,62,2,0,0,0,0,0
240,104,3,1,9,9,1,2,4.14137,6.88724,0.356044,-2.04102,2,1,10.8,0,0.34,0.24,0.14,0.035,0.04,0.025,0.008,0.004,0.01,0.006,0.035,0.002,1,1,1,19.7439,0,0,90.1334,2,3,0,0,0,0,1.73671
240,114,2,5,4,4,1,1,1.24407,1.87157,0.376787,-2.91461,2,1,4.8,0,0.34,0.24,0.14,0.035,0.04,0.025,0.008,0.004,0.01,0.006,0.035,0.002,1,1,1,19.2741,0,0,74.7955,105,2,0,0,0,0,0.75746
240,127,3,2,9,9,1,2,1.97651,8.01052,0.288413,-2.58685,2,1,10.8,0,0.34,0.24,0.14,0.035,0.04,0.025,0.008,0.004,0.01,0.006,0.035,0.002,1,1,1,19.5579,0,0,58.8387,25,3,0,0,0,0,1.96826
240,131,2,6,4,4,1,1,1.49366,1.57126,0.530372,-0.777791,2,1,4.8,0,0.34,0.24,0.14,0.035,0.04,0.025,0.008,0.004,0.01,0.006,0.035,0.002,1,1,1,11.8208,0,0,56.3798,114,2,0,0,0,0,1.27878
240,134,2,7,4,4,1,1,1.37759,1.41851,0.264814,2.30719,2,1,4.8,0,0.34,0.24,0.14,0.035,0.04,0.025,0.008,0.004,0.01,0.006,0.035,0.002,1,1,1,8.94771,0,0,48.7782,131,2,0,0,0,0,0.739445
240,138,2,4,5,5,1,1,1.29057,1.90802,0.576215,-2.98945,3,1,6,0,0.34,0.24,0.14,0.035,0.04,0.025,0.008,0.004,0.01,0.006,0.035,0.002,1,1,1,10.0809,0,0,47.1862,90,2,0,0,0,0,1.17881
240,139,2,3,4,4,1,1,1.30583,1.43397,0.539023,2.40561,2,1,4.8,0,0.34,0.24,0.14,0.035,0.04,0.025,0.008,0.004,0.01,0.006,0.035,0.002,1,1,1,6.82243,0,0,44.0855,24,2,0,0,0,0,1.15585
240,140,2,6,4,4,1,1,1.34105,1.57404,0.406347,-2.7475,2,1,4.8,0,0.34,0.24,0.14,0.035,0.04,0.025,0.008,0.004,0.01,0.006,0.035,0.002,1,1,1,6.67564,0,0,43.7771,114,2,0,0,0,0,0.744746
240,144,2,4,4,4,1,1,1.27205,1.63424,0.461418,-2.88151,2,1,4.8,0,0.34,0.24,0.14,0.035,0.04,0.025,0.008,0.004,0.01,0.006,0.035,0.002,1,1,1,2.28802,0,0,36.5256,62,2,0,0,0,0,0.918105
240,146,3,1,7,9,1,1,0.469704,7.45963,0.394168,1.51212,0,1,8.4,0,0.34,0.24,0.14,0.035,0.04,0.025,0.008,0.004,0.01,0.006,0.035,0.002,1,1,1,2.5268,0,0,34.3501,2,3,0,0,0,0,0
240,147,2,8,4,4,1,1,1.40381,1.58811,0.343935,-2.52634,2,1,4.8,0,0.34,0.24,0.14,0.035,0.04,0.025,0.008,0.004,0.01,0.006,0.035,0.002,1,1,1,3.96,0,0,33.6333,134,2,0,0,0,0,0.595744
240,148,2,3,4,4,1,1,1.6475,1.39956,0.240041,-0.902084,2,1,4.8,0,0.34,0.24,0.14,0.035,0.04,0.025,0.008,0.004,0.01,0.006,0.035,0.002,1,1,1,5.88,0,0,32.5247,24,2,0,0,0,0,0.492261
240,150,2,6,4,4,1,1,1.28056,1.71063,0.699822,-2.69832,2,1,4.8,0,0.34,0.24,0.14,0.035,0.04,0.025,0.008,0.004,0.01,0.006,0.035,0.002,1,1,1,4.90541,0,0,29.7996,114,2,0,0,0,0,0.662796
240,151,2,7,4,4,1,1,1.2492,1.77928,0.551567,-0.510028,2,1,4.8,0,0.34,0.24,0.14,0.035,0.04,0.025,0.008,0.004,0.01,0.006,0.035,0.002,1,1,1,6.01704,0,0,29.6163,140,2,0,0,0,0,0.833295
240,153,1,2,5,5,1,1,1.34942,1.96454,0.136958,1.34867,0,0,13.2,0,0.34,0.24,0.14,0.035,0.04,0.025,0.008,0.004,0.01,0.006,0.035,0.002,1,1,1,2.44841,0,0,22.1581,82,1,0,0,0,0,0
240,157,2,6,4,4,1,1,1.08433,1.8849,0.363272,3.03983,2,1,4.8,0,0.34,0.24,0.14,0.035,0.04,0.025,0.008,0.004,0.01,0.006,0.035,0.002,1,1,1,0.36,0,0,16.3332,114,2,0,0,0,0,0.978018
240,158,2,8,4,4,1,1,1.93372,1.14268,0.422638,1.80777,2,1,4.8,0,0.34,0.24,0.14,0.035,0.04,0.025,0.008,0.004,0.01,0.006,0.035,0.002,1,1,1,0.476053,0,0,15.3832,134,2,0,0,0,0,0.608284
240,159,2,4,4,4,1,1,1.37761,1.52778,0.464225,0.663884,2,1,4.8,0,0.34,0.24,0.14,0.035,0.04,0.025,0.008,0.004,0.01,0.006,0.035,0.002,1,1,1,1.00811,0,0,13.5165,139,2,0,0,0,0,0.631909
240,160,2,4,4,4,1,1,2.0584,1.05834,0.329616,1.70506,2,1,4.8,0,0.34,0.24,0.14,0.035,0.04,0.025,0.008,0.004,0.01,0.006,0.035,0.002,1,1,1,0.12,0,0,6.30832,62,2,0,0,0,0,0.69785
270,0,1,0,5,5,1,1,2.09064,1.39823,0.00911765,0.454976,0,0,13.2,0,0.34,0.24,0.14,0.035,0.04,0.025,0.008,0.004,0.01,0.006,0.035,0.002,1,1,1,31.7365,0,0,269.956,4294967295,4294967295,0,0,0,0,0
270,2,3,0,9,9,1,2,7.25179,2.3746,0.284843,0.49495,2,1,10.8,0,0.34,0.24,0.14,0.035,0.04,0.025,0.008,0.004,0.01,0.006,0.035,0.002,1,1,1,100.5,0,0,269.956,4294967295,4294967295,0,0,0,0,1.66843
270,20,1,1,5,5,1,1,1.74965,1.92946,0.00111218,-0.816905,0,0,13.2,0,0.34,0.24,0.14,0.035,0.04,0.025,0.008,0.004,0.01,0.006,0.035,0.002,1,1,1,17.4674,0,0,225.834,0,1,0,0,0,0,0
270,25,3,1,9,9,1,2,4.88155,6.0372,0.434143,-0.753213,2,1,10.8,0,0.34,0.24,0.14,0.035,0.04,0.025,0.008,0.004,0.01,0.006,0.035,0.002,1,1,1,67.5758,0,0,214.778,2,3,0,0,0,0,2.04957
270,26,3,3,9,9,1,2,2.16975,7.14242,0.271328,-1.669,2,1,10.8,0,0.34,0.24,0.14,0.035,0.04,0.025,0.008,0.004,0.01,0.006,0.035,0.002,1,1,1,55.7769,0,0,214.311,10,3,0,0,0,0,1.45344
270,29,4,4,7,3,2,1,3.78597,3.50915,0.000907255,-0.62774,3,0,10.8,0,0.34,0.24,0.14,0.035,0.04,0.025,0.008,0.004,0.01,0.006,0.035,0.002,1,1,1,32.7211,0,0,207.072,14,4,0,0,0,0,1.37201
270,45,3,1,7,9,1,1,2.67762,6.79375,0.0180616,2.09236,0,1,8.4,0,0.34,0.24,0.14,0.035,0.04,0.025,0.008,0.004,0.01,0.006,0.035,0.002,1,1,1,34.4089,0,0,190.134,2,3,0,0,0,0,0
270,52,1,1,5,5,1,1,1.81847,1.94586,8.9184e-05,-0.733263,0,0,13.2,0,0.34,0.24,0.14,0.035,0.04,0.025,0.008,0.004,0.01,0.006,0.035,0.002,1,1,1,17.2229,0,0,183.461,0,1,0,0,0,0,0
270,62,2,3,4,4,1,1,1.73694,1.3203,0.30322,-1.12349,2,1,4.8,0,0.34,0.24,0.14,0.035,0.04,0.025,0.008,0.004,0.01,0.006,0.035,0.002,1,1,1,29.4657,0,0,169.822,17,2,0,0,0,0,0.785428
270,82,1,1,5,5,1,1,1.96372,1.34685,0.0962895,-0.180069,0,0,13.2,0,0.34,0.24,0.14,0.035,0.04,0.025,0.008,0.004,0.01,0.006,0.035,0.002,1,1,1,13.9666,0,0,140.055,0,1,0,0,0,0,0
270,84,3,1,9,9,1,2,6.52433,4.00431,0.169173,2.93006,2,1,10.8,0,0.34,0.24,0.14,0.035,0.04,0.025,0.008,0.004,0.01,0.006,0.035,0.002,1,1,1,26.7472,0,0,139.205,2,3,0,0,0,0,0.605744
270,98,2,4,4,4,1,1,1.79961,1.29948,0.230178,0.939771,1,2,4.8,0,0.34,0.24,0.14,0.035,0.04,0.025,0.008,0.004,0.01,0.006,0.035,0.002,1,1,1,16.7121,0,0,124.125,62,2,0,0,0,0,0.193705
270,104,3,1,9,9,1,2,5.71757,5.38118,0.204567,-2.62385,2,1,10.8,0,0.34,0.24,0.14,0.035,0.04,0.025,0.008,0.004,0.01,0.006,0.035,0.002,1,1,1,23.9776,0,0,120.126,2,3,0,0,0,0,1.13587
270,114,2,5,4,4,1,1,1.11552,1.9976,0.726567,0.281889,2,1,4.8,0,0.34,0.24,0.14,0.035,0.04,0.025,0.008,0.004,0.01,0.006,0.035,0.002,1,1,1,25.8418,0,0,104.788,105,2,0,0,0,0,0.494946
270,127,3,2,9,9,1,2,3.32236,6.05267,0.44909,3.12947,2,1,10.8,0,0.34,0.24,0.14,0.035,0.04,0.025,0.008,0.004,0.01,0.006,0.035,0.002,1,1,1,26.6458,0,0,88.8337,25,3,0,0,0,0,1.93994
270,131,2,6,4,4,1,1,1.39947,1.3815,0.0874888,-0.803439,2,1,4.8,0,0.34,0.24,0.14,0.035,0.04,0.025,0.008,0.004,0.01,0.006,0.035,0.002,1,1,1,17.1865,0,0,86.376,114,2,0,0,0,0,0.681579
270,138,2,4,5,5,1,1,1.72258,1.47459,0.39887,-0.96265,3,1,6,0,0.34,0.24,0.14,0.035,0.04,0.025,0.008,0.004,0.01,0.006,0.035,0.002,1,1,1,11.2803,0,0,77.1865,90,2,0,0,0,0,1.25
270,139,2,3,3,4,1,0,0.7014,1.30845,0.0056319,-2.19567,1,1,3.6,0,0.34,0.24,0.14,0.035,0.04,0.025,0.008,0.004,0.01,0.006,0.035,0.002,1,1,1,7.19728,0,0,74.0873,24,2,0,0,0,0,0
270,150,2,6,4,4,1,1,1.26729,1.60821,0.225193,2.47676,2,1,4.8,0,0.34,0.24,0.14,0.035,0.04,0.025,0.008,0.004,0.01,0.006,0.035,0.002,1,1,1,7.68941,0,0,59.8055,114,2,0,0,0,0,0.757518
270,151,2,7,4,4,1,1,1.95976,1.05674,0.127499,-1.43611,2,1,4.8,0,0.34,0.24,0.14,0.035,0.04,0.025,0.008,0.004,0.01,0.006,0.035,0.002,1,1,1,10.291,0,0,59.6222,140,2,0,0,0,0,1.26201
270,152,3,4,9,9,1,2,4.72073,6.00765,0.421816,-3.02339,2,1,10.8,0,0.34,0.24,0.14,0.035,0.04,0.025,0.008,0.004,0.01,0.006,0.035,0.002,1,1,1,15.8312,0,0,56.1631,26,3,0,0,0,0,1.15355
270,153,1,2,5,5,1,1,1.30935,2.00403,0.0569868,1.64777,0,0,13.2,0,0.34,0.24,0.14,0.035,0.04,0.025,0.008,0.004,0.01,0.006,0.035,0.002,1,1,1,6.73874,0,0,52.1622,82,1,0,0,0,0,0
270,160,2,4,4,4,1,1,1.60589,1.26206,0.307573,-1.9821,2,1,4.8,0,0.34,0.24,0.14,0.035,0.04,0.025,0.008,0.004,0.01,0.006,0.035,0.002,1,1,1,6.12,0,0,36.3088,62,2,0,0,0,0,0.498372
270,163,2,7,5,5,1,1,2.05175,1.08651,0.51066,1.56599,2,1,6,0,0.34,0.24,0.14,0.035,0.04,0.025,0.008,0.004,0.01,0.006,0.035,0.002,1,1,1,3.57997,0,0,31.2746,131,2,0,0,0,0,1.25491
270,164,2,4,4,4,1,1,1.36093,1.58762,0.258991,0.436892,2,1,4.8,0,0.34,0.24,0.14,0.035,0.04,0.025,0.008,0.004,0.01,0.006,0.035,0.002,1,1,1,4.68,0,0,30.158,148,2,0,0,0,0,1.05781
270,165,3,2,9,9,1,2,4.79801,3.70943,0.212596,2.90908,2,1,10.8,0,0.34,0.24,0.14,0.035,0.04,0.025,0.008,0.004,0.01,0.006,0.035,0.002,1,1,1,10.767,0,0,26.533,25,3,0,0,0,0,2.18732
270,166,2,7,4,4,1,1,1.27941,1.66638,0.411577,-0.539963,2,1,4.8,0,0.34,0.24,0.14,0.035,0.04,0.025,0.008,0.004,0.01,0.006,0.035,0.002,1,1,1,3.65466,0,0,26.533,150,2,0,0,0,0,0.913095
270,169,2,8,4,4,1,1,1.62125,1.36259,0.461684,2.18376,2,1,4.8,0,0.34,0.24,0.14,0.035,0.04,0.025,0.008,0.004,0.01,0.006,0.035,0.002,1,1,1,2.52,0,0,20.5998,151,2,0,0,0,0,1.15075
270,175,2,7,4,4,1,1,1.27902,1.60481,0.445967,2.5628,2,1,4.8,0,0.34,0.24,0.14,0.035,0.04,0.025,0.008,0.004,0.01,0.006,0.035,0.002,1,1,1,0.96,0,0,18.5665,131,2,0,0,0,0,1.16553
270,176,2,6,4,4,1,1,1.43149,1.26433,0.35371,1.61089,2,1,4.8,0,0.34,0.24,0.14,0.035,0.04,0.025,0.008,0.004,0.01,0.006,0.035,0.002,1,1,1,0.624,0,0,17.1915,114,2,0,0,0,0,1.20609
270,187,2,5,4,4,1,1,1.0695,1.9019,0.702936,2.94565,2,1,4.8,0,0.34,0.24,0.14,0.035,0.04,0.025,0.008,0.004,0.01,0.006,0.035,0.002,1,1,1,1.68,0,0,9.49161,160,2,0,0,0,0,1.15892
300,0,1,0,5,5,1,1,2.09173,1.39097,2.4724e-07,0.44984,0,0,13.2,0,0.34,0.24,0.14,0.035,0.04,0.025,0.008,0.004,0.01,0.006,0.035,0.002,1,1,1,31.8565,0,0,299.949,4294967295,4294967295,0,0,0,0,0
300,2,3,0,9,9,1,2,3.07218,6.99984,0.326094,1.69624,2,1,10.8,0,0.34,0.24,0.14,0.035,0.04,0.025,0.008,0.004,0.01,0.006,0.035,0.002,1,1,1,106.5,0,0,299.949,4294967295,4294967295,0,0,0,0,2.05164
300,25,3,1,9,9,1,2,2.20297,6.86874,0.236699,-2.49638,2,1,10.8,0,0.34,0.24,0.14,0.035,0.04,0.025,0.008,0.004,0.01,0.006,0.035,0.002,1,1,1,76.4192,0,0,244.771,2,3,0,0,0,0,1.30934
300,26,3,3,6,9,1,2,2.63503,3.12874,0.709209,0.513531,2,1,7.2,0,0.34,0.24,0.14,0.035,0.04,0.025,0.008,0.004,0.01,0.006,0.035,0.002,1,1,1,52.2729,0,0,244.304,10,3,0,0,0,0,1.89769
300,29,4,4,7,3,2,1,3.80517,3.38393,0.00492507,0.500977,3,0,10.8,0,0.34,0.24,0.14,0.035,0.04,0.025,0.008,0.004,0.01,0.006,0.035,0.002,1,1,1,37.8154,0,0,237.064,14,4,0,0,0,0,1.37201
300,45,3,1,7,9,1,1,5.75212,3.63971,0.375419,2.31712,0,1,8.4,0,0.34,0.24,0.14,0.035,0.04,0.025,0.008,0.004,0.01,0.006,0.035,0.002,1,1,1,43.1046,0,0,220.127,2,3,0,0,0,0,0
300,52,1,1,5,5,1,1,2.04067,1.3287,0.0882584,0.0815958,0,0,13.2,0,0.34,0.24,0.14,0.035,0.04,0.025,0.008,0.004,0.01,0.006,0.035,0.002,1,1,1,18.9216,0,0,213.453,0,1,0,0,0,0,0
300,82,1,1,5,5,1,1,1.92367,1.353,9.48188e-05,-0.0721363,0,0,13.2,0,0.34,0.24,0.14,0.035,0.04,0.025,0.008,0.004,0.01,0.006,0.035,0.002,1,1,1,13.9666,0,0,170.047,0,1,0,0,0,0,0
300,114,2,5,4,4,1,1,1.27296,1.70149,0.372448,-0.55063,2,1,4.8,0,0.34,0.24,0.14,0.035,0.04,0.025,0.008,0.004,0.01,0.006,0.035,0.002,1,1,1,30.2549,0,0,134.781,105,2,0,0,0,0,0.597118
300,127,3,2,9,9,1,2,4.42876,6.29877,0.383631,0.344404,2,1,10.8,0,0.34,0.24,0.14,0.035,0.04,0.025,0.008,0.004,0.01,0.006,0.035,0.002,1,1,1,33.6948,0,0,118.826,25,3,0,0,0,0,2.09149
300,139,2,3,3,4,1,0,0.775737,1.26794,0.0102778,-2.0017,1,1,3.6,0,0.34,0.24,0.14,0.035,0.04,0.025,0.008,0.004,0.01,0.006,0.035,0.002,1,1,1,10.7174,0,0,104.08,24,2,0,0,0,0,0
300,151,2,7,4,4,1,1,1.53576,1.38726,0.57531,2.23693,2,1,4.8,0,0.34,0.24,0.14,0.035,0.04,0.025,0.008,0.004,0.01,0.006,0.035,0.002,1,1,1,16.0879,0,0,89.6168,140,2,0,0,0,0,0.883866
300,152,3,4,9,9,1,2,6.30463,3.90882,0.247634,2.24966,2,1,10.8,0,0.34,0.24,0.14,0.035,0.04,0.025,0.008,0.004,0.01,0.006,0.035,0.002,1,1,1,17.0339,0,0,86.1594,26,3,0,0,0,0,0.780798
300,153,1,2,5,5,1,1,1.21115,2.12796,0.355872,1.80727,0,0,13.2,0,0.34,0.24,0.14,0.035,0.04,0.025,0.008,0.004,0.01,0.006,0.035,0.002,1,1,1,10.0919,0,0,82.1603,82,1,0,0,0,0,0
300,160,2,4,4,4,1,1,1.7413,1.29831,0.481932,1.9971,2,1,4.8,0,0.34,0.24,0.14,0.035,0.04,0.025,0.008,0.004,0.01,0.006,0.035,0.002,1,1,1,8.712,0,0,66.3142,62,2,0,0,0,0,1.19009
300,164,2,4,4,4,1,1,1.68267,1.2908,0.305244,-1.43308,2,1,4.8,0,0.34,0.24,0.14,0.035,0.04,0.025,0.008,0.004,0.01,0.006,0.035,0.002,1,1,1,9.79795,0,0,60.1639,148,2,0,0,0,0,1.08227
300,165,3,2,9,9,1,2,4.96035,6.30736,0.271157,-1.772,2,1,10.8,0,0.34,0.24,0.14,0.035,0.04,0.025,0.008,0.004,0.01,0.006,0.035,0.002,1,1,1,15.7665,0,0,56.5382,25,3,0,0,0,0,2.36759
300,166,2,7,4,4,1,1,1.35888,1.63973,0.174329,0.627455,2,1,4.8,0,0.34,0.24,0.14,0.035,0.04,0.025,0.008,0.004,0.01,0.006,0.035,0.002,1,1,1,9.09686,0,0,56.5382,150,2,0,0,0,0,0.506334
300,169,2,8,4,4,1,1,1.18488,1.79302,0.407829,-0.315588,2,1,4.8,0,0.34,0.24,0.14,0.035,0.04,0.025,0.008,0.004,0.01,0.006,0.035,0.002,1,1,1,7.32,0,0,50.6036,151,2,0,0,0,0,0.731399
300,172,2,8,4,4,1,1,1.8301,1.22685,0.299333,1.1357,2,1,4.8,0,0.34,0.24,0.14,0.035,0.04,0.025,0.008,0.004,0.01,0.006,0.035,0.002,1,1,1,5.27013,0,0,50.2618,166,2,0,0,0,0,1.04133
300,175,2,7,4,4,1,1,1.2775,1.6323,0.440177,-0.517274,2,1,4.8,0,0.34,0.24,0.14,0.035,0.04,0.025,0.008,0.004,0.01,0.006,0.035,0.002,1,1,1,3.72201,0,0,48.5698,131,2,0,0,0,0,0.717901
300,176,2,6,4,4,1,1,1.37002,1.30234,0.323438,-2.35624,2,1,4.8,0,0.34,0.24,0.14,0.035,0.04,0.025,0.008,0.004,0.01,0.006,0.035,0.002,1,1,1,5.98635,0,0,47.1945,114,2,0,0,0,0,1.27302
300,181,2,5,4,4,1,1,1.05088,2.10562,0.508446,-3.0688,2,1,4.8,0,0.34,0.24,0.14,0.035,0.04,0.025,0.008,0.004,0.01,0.006,0.035,0.002,1,1,1,6.23072,0,0,45.3775,164,2,0,0,0,0,0.654584
300,187,2,5,4,4,1,1,1.48006,1.30393,0.432484,0.918138,2,1,4.8,0,0.34,0.24,0.14,0.035,0.04,0.025,0.008,0.004,0.01,0.006,0.035,0.002,1,1,1,8.55721,0,0,39.4929,160,2,0,0,0,0,0.513452
300,188,2,8,4,4,1,1,1.22852,1.71546,0.367455,2.76303,2,1,4.8,0,0.34,0.24,0.14,0.035,0.04,0.025,0.008,0.004,0.01,0.006,0.035,0.002,1,1,1,4.97534,0,0,38.6177,151,2,0,0,0,0,0.564354
300,194,3,2,9,9,1,2,6.87724,2.29064,0.303956,0.420426,2,1,10.8,0,0.34,0.24,0.14,0.035,0.04,0.025,0.008,0.004,0.01,0.006,0.035,0.002,1,1,1,5.80124,0,0,28.5497,25,3,0,0,0,0,1.28454
300,199,3,4,9,9,1,2,5.71304,3.50659,0.499061,-0.940925,2,1,10.8,1,0.34,0.24,0.14,0.035,0.04,0.025,0.008,0.004,0.01,0.006,0.035,0.002,1,1,1,5.9814,3.15208,0,24.8497,26,3,0,0,0,0,2.36761
300,200,2,7,4,4,1,1,1.63262,1.27559,0.0926576,1.7713,2,1,4.8,0,0.34,0.24,0.14,0.035,0.04,0.025,0.008,0.004,0.01,0.006,0.035,0.002,1,1,1,3.76883,0,0,24.5497,176,2,0,0,0,0,0.37851
300,201,2,9,4,4,1,1,1.13461,2.02528,0.416515,2.82972,2,1,4.8,0,0.34,0.24,0.14,0.035,0.04,0.025,0.008,0.004,0.01,0.006,0.035,0.002,1,1,1,2.48433,0,0,23.2081,188,2,0,0,0,0,0.653417
300,203,3,2,9,9,1,2,6.89992,2.21369,0.313026,-1.66801,2,1,10.8,0,0.34,0.24,0.14,0.035,0.04,0.025,0.008,0.004,0.01,0.006,0.035,0.002,1,1,1,3.32607,0,0,21.5498,45,3,0,0,0,0,2.66099
300,206,2,6,4,4,1,1,1.90826,1.13769,0.532158,1.76076,2,1,4.8,0,0.34,0.24,0.14,0.035,0.04,0.025,0.008,0.004,0.01,0.006,0.035,0.002,1,1,1,0.104785,0,0,19.2831,187,2,0,0,0,0,0.677152
300,212,2,6,4,4,1,1,1.24835,1.88162,0.567956,-0.473958,2,1,4.8,0,0.34,0.24,0.14,0.035,0.04,0.025,0.008,0.004,0.01,0.006,0.035,0.002,1,1,1,5.89615,0,0,15.8665,181,2,0,0,0,0,0.813355
300,213,9,8,3,3,1,1,1.96502,1.0737,0.0951059,-2.2572,2,0,3.6,0,0.34,0.24,0.14,0.035,0.04,0.025,0.008,0.004,0.01,0.006,0.035,0.002,1,1,1,0.838686,0,0,13.8832,200,2,0,0,0,0,0.78293
300,218,2,7,4,4,1,1,1.16697,1.65588,0.454872,3.00431,2,1,4.8,0,0.34,0.24,0.14,0.035,0.04,0.025,0.008,0.004,0.01,0.006,0.035,0.002,1,1,1,0.504585,0,0,6.94165,212,2,0,0,0,0,1.05398
330,2,3,0,9,9,1,2,5.66406,4.98127,0.29968,-1.63858,2,1,10.8,0,0.34,0.24,0.14,0.035,0.04,0.025,0.008,0.004,0.01,0.006,0.035,0.002,1,1,1,115.462,0,0,329.941,4294967295,4294967295,0,0,0,0,1.23143
330,25,3,1,8,9,1,1,1.47176,7.27645,0.0897314,-1.75588,1,1,9.6,0,0.34,0.24,0.14,0.035,0.04,0.025,0.008,0.004,0.01,0.006,0.035,0.002,1,1,1,67.1672,0,0,274.763,2,3,0,0,0,0,0
330,26,3,3,6,9,1,2,3.7412,2.1266,0.628445,3.03975,2,1,7.2,0,0.34,0.24,0.14,0.035,0.04,0.025,0.008,0.004,0.01,0.006,0.035,0.002,1,1,1,63.3101,0,0,274.297,10,3,0,0,0,0,2.0768
330,29,4,4,7,3,2,1,3.67959,3.65102,0.00826408,0.771854,3,0,10.8,0,0.34,0.24,0.14,0.035,0.04,0.025,0.008,0.004,0.01,0.006,0.035,0.002,1,1,1,40.6954,0,0,267.057,14,4,0,0,0,0,1.37201
330,45,3,1,7,9,1,1,7.28991,0.84011,0.0982612,3.01946,0,1,8.4,0,0.34,0.24,0.14,0.035,0.04,0.025,0.008,0.004,0.01,0.006,0.035,0.002,1,1,1,45.5767,0,0,250.119,2,3,0,0,0,0,0
330,52,1,1,5,5,1,1,1.68582,1.91844,0.0771751,0.984829,0,0,13.2,0,0.34,0.24,0.14,0.035,0.04,0.025,0.008,0.004,0.01,0.006,0.035,0.002,1,1,1,20.0421,0,0,243.446,0,1,0,0,0,0,0
330,114,2,5,4,4,1,1,1.56279,1.2642,0.172596,1.17644,2,1,4.8,0,0.34,0.24,0.14,0.035,0.04,0.025,0.008,0.004,0.01,0.006,0.035,0.002,1,1,1,35.4422,0,0,164.773,105,2,0,0,0,0,0.751896
330,127,3,2,9,9,1,2,6.40758,3.01363,0.468294,-0.531814,2,1,10.8,0,0.34,0.24,0.14,0.035,0.04,0.025,0.008,0.004,0.01,0.006,0.035,0.002,1,1,1,39.3583,0,0,148.819,25,3,0,0,0,0,1.6038
330,139,2,3,3,4,1,0,0.774835,1.2704,0.00679547,-2.01076,1,1,3.6,0,0.34,0.24,0.14,0.035,0.04,0.025,0.008,0.004,0.01,0.006,0.035,0.002,1,1,1,13.9574,0,0,134.073,24,2,0,0,0,0,0
330,152,3,4,8,9,1,1,4.23399,6.14548,0.0591312,1.02159,1,1,9.6,0,0.34,0.24,0.14,0.035,0.04,0.025,0.008,0.004,0.01,0.006,0.035,0.002,1,1,1,16.6679,0,0,116.152,26,3,0,0,0,0,0
330,153,1,2,5,5,1,1,1.19322,2.16175,0.251354,1.86812,0,0,13.2,0,0.34,0.24,0.14,0.035,0.04,0.025,0.008,0.004,0.01,0.006,0.035,0.002,1,1,1,11.8643,0,0,112.153,82,1,0,0,0,0,0
330,160,2,4,4,4,1,1,1.86696,1.05721,0.245587,1.57808,2,1,4.8,0,0.34,0.24,0.14,0.035,0.04,0.025,0.008,0.004,0.01,0.006,0.035,0.002,1,1,1,14.112,0,0,96.3069,62,2,0,0,0,0,0.513957
330,165,3,2,9,9,1,2,1.82583,7.15179,0.0932054,-1.52604,2,1,10.8,0,0.34,0.24,0.14,0.035,0.04,0.025,0.008,0.004,0.01,0.006,0.035,0.002,1,1,1,23.3579,0,0,86.5343,25,3,0,0,0,0,0
330,166,2,7,4,4,1,1,1.9038,1.12021,0.43471,1.3741,2,1,4.8,0,0.34,0.24,0.14,0.035,0.04,0.025,0.008,0.004,0.01,0.006,0.035,0.002,1,1,1,12.4809,0,0,86.5343,150,2,0,0,0,0,0.571544
330,169,2,8,4,4,1,1,1.36625,1.55325,0.405887,-2.52611,2,1,4.8,0,0.34,0.24,0.14,0.035,0.04,0.025,0.008,0.004,0.01,0.006,0.035,0.002,1,1,1,11.928,0,0,80.6024,151,2,0,0,0,0,0.623434
330,176,2,6,4,4,1,1,1.71069,1.21577,0.209573,1.81773,2,1,4.8,0,0.34,0.24,0.14,0.035,0.04,0.025,0.008,0.004,0.01,0.006,0.035,0.002,1,1,1,11.6744,0,0,77.1949,114,2,0,0,0,0,0.719355
330,181,2,5,4,4,1,1,1.26997,2.02401,0.603034,-2.60389,2,1,4.8,0,0.34,0.24,0.14,0.035,0.04,0.025,0.008,0.004,0.01,0.006,0.035,0.002,1,1,1,10.4883,0,0,75.3787,164,2,0,0,0,0,1.07321
330,199,3,4,6,9,1,2,2.1933,3.58705,0.615027,1.75734,2,1,7.2,0,0.34,0.24,0.14,0.035,0.04,0.025,0.008,0.004,0.01,0.006,0.035,0.002,1,1,1,10.3925,0,0,54.8545,26,3,0,0,0,0,1.93338
330,200,2,7,4,4,1,1,1.91006,1.23267,0.325557,-1.96013,2,1,4.8,0,0.34,0.24,0.14,0.035,0.04,0.025,0.008,0.004,0.01,0.006,0.035,0.002,1,1,1,8.63138,0,0,54.5544,176,2,0,0,0,0,1.08779
330,201,2,9,4,4,1,1,1.23397,1.78058,0.358384,-0.325452,2,1,4.8,0,0.34,0.24,0.14,0.035,0.04,0.025,0.008,0.004,0.01,0.006,0.035,0.002,1,1,1,5.22047,0,0,53.2125,188,2,0,0,0,0,0.905717
330,203,3,2,9,9,1,2,5.00618,4.57681,0.377099,-1.91498,2,1,10.8,0,0.34,0.24,0.14,0.035,0.04,0.025,0.008,0.004,0.01,0.006,0.035,0.002,1,1,1,7.05659,0,0,51.5538,45,3,0,0,0,0,1.39981
330,205,2,6,4,4,1,1,1.67144,1.18622,0.41108,1.74255,2,1,4.8,0,0.34,0.24,0.14,0.035,0.04,0.025,0.008,0.004,0.01,0.006,0.035,0.002,1,1,1,4.77752,0,0,50.6786,114,2,0,0,0,0,1.12463
330,212,2,6,4,4,1,1,1.1593,2.15412,0.0884222,-2.69352,2,1,4.8,0,0.34,0.24,0.14,0.035,0.04,0.025,0.008,0.004,0.01,0.006,0.035,0.002,1,1,1,10.8502,0,0,45.8692,181,2,0,0,0,0,0.51433
330,230,2,9,4,4,1,1,1.05079,1.97844,0.359499,-3.01329,2,1,4.8,0,0.34,0.24,0.14,0.035,0.04,0.025,0.008,0.004,0.01,0.006,0.035,0.002,1,1,1,2.28,0,0,25.633,169,2,0,0,0,0,0.787772
330,232,2,7,4,4,1,1,1.90543,1.40812,0.419052,-2.17962,2,1,4.8,0,0.34,0.24,0.14,0.035,0.04,0.025,0.008,0.004,0.01,0.006,0.035,0.002,1,1,1,3.39442,0,0,22.3831,212,2,0,0,0,0,1.27388
360,2,3,0,9,9,1,2,3.62983,6.42586,0.190274,-1.75212,2,1,10.8,0,0.34,0.24,0.14,0.035,0.04,0.025,0.008,0.004,0.01,0.006,0.035,0.002,1,1,1,119.885,0,0,359.934,4294967295,4294967295,0,0,0,0,0.987452
360,26,3,3,6,9,1,2,2.94859,2.42424,0.665087,0.700068,2,1,7.2,0,0.34,0.24,0.14,0.035,0.04,0.025,0.008,0.004,0.01,0.006,0.035,0.002,1,1,1,73.4782,0,0,304.289,10,3,0,0,0,0,2.05152
360,52,1,1,5,5,1,1,1.66625,1.92388,2.09257e-06,1.00078,0,0,13.2,0,0.34,0.24,0.14,0.035,0.04,0.025,0.008,0.004,0.01,0.006,0.035,0.002,1,1,1,21.0261,0,0,273.439,0,1,0,0,0,0,0
360,114,2,5,4,4,1,1,1.65042,1.3051,0.618859,1.08975,2,1,4.8,0,0.34,0.24,0.14,0.035,0.04,0.025,0.008,0.004,0.01,0.006,0.035,0.002,1,1,1,43.7942,0,0,194.766,105,2,0,0,0,0,1.27302
360,127,3,2,9,9,1,2,4.95426,4.93338,0.418472,-1.26493,2,1,10.8,0,0.34,0.24,0.14,0.035,0.04,0.025,0.008,0.004,0.01,0.006,0.035,0.002,1,1,1,40.8943,0,0,178.812,25,3,0,0,0,0,2.0349
360,153,1,2,5,5,1,1,1.58574,2.10384,0.0685349,2.13176,0,0,13.2,0,0.34,0.24,0.14,0.035,0.04,0.025,0.008,0.004,0.01,0.006,0.035,0.002,1,1,1,12.1301,0,0,142.146,82,1,0,0,0,0,0
360,160,2,4,4,4,1,1,1.96499,1.20415,0.211994,-1.10969,2,1,4.8,0,0.34,0.24,0.14,0.035,0.04,0.025,0.008,0.004,0.01,0.006,0.035,0.002,1,1,1,19.2858,0,0,126.3,62,2,0,0,0,0,0.516048
360,165,3,2,9,9,1,2,1.97112,7.72121,0.541509,1.20916,2,1,10.8,0,0.34,0.24,0.14,0.035,0.04,0.025,0.008,0.004,0.01,0.006,0.035,0.002,1,1,1,28.4216,0,0,116.527,25,3,0,0,0,0,1.98958
360,176,2,6,4,4,1,1,1.40157,1.3092,0.444598,0.792967,2,1,4.8,0,0.34,0.24,0.14,0.035,0.04,0.025,0.008,0.004,0.01,0.006,0.035,0.002,1,1,1,14.1944,0,0,107.188,114,2,0,0,0,0,0.616472
360,181,2,5,4,4,1,1,1.91952,1.30062,0.637962,-1.05364,2,1,4.8,0,0.34,0.24,0.14,0.035,0.04,0.025,0.008,0.004,0.01,0.006,0.035,0.002,1,1,1,13.8483,0,0,105.371,164,2,0,0,0,0,1.18664
360,199,3,4,6,9,1,2,2.5583,3.21866,0.960246,2.13087,2,1,7.2,0,0.34,0.24,0.14,0.035,0.04,0.025,0.008,0.004,0.01,0.006,0.035,0.002,1,1,1,18.3219,0,0,84.8513,26,3,0,0,0,0,1.89073
360,200,2,7,4,4,1,1,1.37757,1.6666,0.0444468,0.646234,2,1,4.8,0,0.34,0.24,0.14,0.035,0.04,0.025,0.008,0.004,0.01,0.006,0.035,0.002,1,1,1,12.838,0,0,84.5514,176,2,0,0,0,0,0.597265
360,205,2,6,4,4,1,1,1.54909,1.33817,0.354776,-2.02924,2,1,4.8,0,0.34,0.24,0.14,0.035,0.04,0.025,0.008,0.004,0.01,0.006,0.035,0.002,1,1,1,9.18392,0,0,80.6774,114,2,0,0,0,0,1.27878
360,212,2,6,4,4,1,1,1.28779,1.72919,0.567375,-0.518691,2,1,4.8,0,0.34,0.24,0.14,0.035,0.04,0.025,0.008,0.004,0.01,0.006,0.035,0.002,1,1,1,17.4493,0,0,75.8702,181,2,0,0,0,0,0.50857
360,232,2,7,4,4,1,1,2.50671,1.11533,0.607714,-1.42045,2,1,4.8,0,0.34,0.24,0.14,0.035,0.04,0.025,0.008,0.004,0.01,0.006,0.035,0.002,1,1,1,7.17899,0,0,52.3873,212,2,0,0,0,0,0.857161
360,241,2,7,4,4,1,1,1.42789,1.64907,0.402097,-2.4613,2,1,4.8,0,0.34,0.24,0.14,0.035,0.04,0.025,0.008,0.004,0.01,0.006,0.035,0.002,1,1,1,4.2453,0,0,39.6096,212,2,0,0,0,0,0.74881
360,247,3,4,9,9,1,2,6.56697,2.57456,0.323041,-0.0499053,2,1,10.8,0,0.34,0.24,0.14,0.035,0.04,0.025,0.008,0.004,0.01,0.006,0.035,0.002,1,1,1,12.671,0,0,36.6256,26,3,0,0,0,0,1.23706
360,255,3,5,9,9,1,2,6.52765,2.91751,0.353165,-0.57908,2,1,10.8,0,0.34,0.24,0.14,0.035,0.04,0.025,0.008,0.004,0.01,0.006,0.035,0.002,1,1,1,10.5161,0,0,25.8247,247,3,0,0,0,0,1.02893
360,261,3,4,9,9,1,2,4.95731,6.48516,0.827247,0.629701,2,1,10.8,0,0.34,0.24,0.14,0.035,0.04,0.025,0.008,0.004,0.01,0.006,0.035,0.002,1,1,1,4.79399,0,0,19.8081,26,3,0,0,0,0,2.08962
360,263,2,6,4,4,1,1,1.146,1.79094,0.314013,2.94611,2,1,4.8,0,0.34,0.24,0.14,0.035,0.04,0.025,0.008,0.004,0.01,0.006,0.035,0.002,1,1,1,0.6,0,0,14.7749,114,2,0,0,0,0,0.49101
390,2,3,0,9,9,1,2,2.46863,7.37014,0.504865,1.77996,2,1,10.8,0,0.34,0.24,0.14,0.035,0.04,0.025,0.008,0.004,0.01,0.006,0.035,0.002,1,1,1,125.333,0,0,389.927,4294967295,4294967295,0,0,0,0,1.94061
390,26,3,3,6,9,1,2,1.6646,3.61686,0.995179,1.79961,2,1,7.2,0,0.34,0.24,0.14,0.035,0.04,0.025,0.008,0.004,0.01,0.006,0.035,0.002,1,1,1,79.7642,0,0,334.282,10,3,0,0,0,0,1.86655
390,114,2,5,4,4,1,1,1.83229,1.23601,0.302602,-1.17991,2,1,4.8,0,0.34,0.24,0.14,0.035,0.04,0.025,0.008,0.004,0.01,0.006,0.035,0.002,1,1,1,49.2591,0,0,224.759,105,2,0,0,0,0,0.917862
390,165,3,2,9,9,1,2,5.26931,5.13118,0.462164,-0.972231,2,1,10.8,0,0.34,0.24,0.14,0.035,0.04,0.025,0.008,0.004,0.01,0.006,0.035,0.002,1,1,1,33.6668,0,0,146.52,25,3,0,0,0,0,0.0949908
390,181,2,5,4,4,1,1,1.40129,1.60736,0.344138,-2.53605,2,1,4.8,0,0.34,0.24,0.14,0.035,0.04,0.025,0.008,0.004,0.01,0.006,0.035,0.002,1,1,1,19.047,0,0,135.364,164,2,0,0,0,0,0.723653
390,199,3,4,6,9,1,2,1.68573,3.80074,1.01131,2.28998,2,1,7.2,0,0.34,0.24,0.14,0.035,0.04,0.025,0.008,0.004,0.01,0.006,0.035,0.002,1,1,1,27.4973,0,0,114.844,26,3,0,0,0,0,2.07543
390,205,2,6,4,4,1,1,1.58736,1.43301,0.158464,2.39775,2,1,4.8,0,0.34,0.24,0.14,0.035,0.04,0.025,0.008,0.004,0.01,0.006,0.035,0.002,1,1,1,14.9214,0,0,110.67,114,2,0,0,0,0,1.25248
390,212,2,6,4,4,1,1,1.88602,1.19643,0.532546,1.18487,2,1,4.8,0,0.34,0.24,0.14,0.035,0.04,0.025,0.008,0.004,0.01,0.006,0.035,0.002,1,1,1,21.1693,0,0,105.863,181,2,0,0,0,0,0.973269
390,231,2,8,4,4,1,1,1.41844,1.3096,0.352914,-2.17567,2,1,4.8,0,0.34,0.24,0.14,0.035,0.04,0.025,0.008,0.004,0.01,0.006,0.035,0.002,1,1,1,6.43482,0,0,82.5686,200,2,0,0,0,0,1.00958
390,232,2,7,4,4,1,1,1.98922,1.04182,0.301954,1.48877,2,1,4.8,0,0.34,0.24,0.14,0.035,0.04,0.025,0.008,0.004,0.01,0.006,0.035,0.002,1,1,1,10.9489,0,0,82.3853,212,2,0,0,0,0,0.971068
390,238,2,7,4,4,1,1,1.39967,1.33262,0.25297,-2.37387,2,1,4.8,0,0.34,0.24,0.14,0.035,0.04,0.025,0.008,0.004,0.01,0.006,0.035,0.002,1,1,1,7.81669,0,0,70.2632,205,2,0,0,0,0,0.601613
390,241,2,7,4,4,1,1,1.20412,2.00252,0.570503,0.500448,2,1,4.8,0,0.34,0.24,0.14,0.035,0.04,0.025,0.008,0.004,0.01,0.006,0.035,0.002,1,1,1,9.1893,0,0,69.6134,212,2,0,0,0,0,1.27302
390,242,2,8,4,4,1,1,1.90045,1.22043,0.466596,-1.95359,2,1,4.8,0,0.34,0.24,0.14,0.035,0.04,0.025,0.008,0.004,0.01,0.006,0.035,0.002,1,1,1,5.29777,0,0,69.0802,232,2,0,0,0,0,0.629462
390,247,3,4,9,9,1,2,4.20833,5.65591,0.457912,0.450823,2,1,10.8,0,0.34,0.24,0.14,0.035,0.04,0.025,0.008,0.004,0.01,0.006,0.035,0.002,1,1,1,20.159,0,0,66.6308,26,3,0,0,0,0,2.09149
390,255,3,5,9,9,1,2,5.50081,4.11403,0.321917,1.76367,2,1,10.8,0,0.34,0.24,0.14,0.035,0.04,0.025,0.008,0.004,0.01,0.006,0.035,0.002,1,1,1,14.1526,0,0,55.8297,247,3,0,0,0,0,1.70184
390,261,3,4,9,9,1,2,7.12328,4.02568,0.407877,2.41079,2,1,10.8,0,0.34,0.24,0.14,0.035,0.04,0.025,0.008,0.004,0.01,0.006,0.035,0.002,1,1,1,16.6482,0,0,49.8117,26,3,0,0,0,0,1.50729
390,263,2,6,4,4,1,1,1.1606,1.81762,0.299722,-2.80289,2,1,4.8,0,0.34,0.24,0.14,0.035,0.04,0.025,0.008,0.004,0.01,0.006,0.035,0.002,1,1,1,9.67201,0,0,44.7773,114,2,0,0,0,0,1.27302
390,265,2,7,4,4,1,1,1.33987,1.56437,0.495571,2.50051,2,1,4.8,0,0.34,0.24,0.14,0.035,0.04,0.025,0.008,0.004,0.01,0.006,0.035,0.002,1,1,1,5.04,0,0,40.4847,212,2,0,0,0,0,1.08693
390,268,3,5,9,9,1,2,6.59704,2.4983,0.547644,2.5837,2,1,10.8,0,0.34,0.24,0.14,0.035,0.04,0.025,0.008,0.004,0.01,0.006,0.035,0.002,1,1,1,11.0844,0,0,33.7583,261,3,0,0,0,0,1.63471
390,270,2,6,4,4,1,1,1.07038,1.93521,0.664082,2.65569,2,1,4.8,0,0.34,0.24,0.14,0.035,0.04,0.025,0.008,0.004,0.01,0.006,0.035,0.002,1,1,1,4.61512,0,0,32.108,114,2,0,0,0,0,1.27878
390,275,2,8,4,4,1,1,1.05217,1.92462,0.490335,-3.13152,2,1,4.8,0,0.34,0.24,0.14,0.035,0.04,0.025,0.008,0.004,0.01,0.006,0.035,0.002,1,1,1,1.08,0,0,27.4913,238,2,0,0,0,0,0.77669
390,277,2,7,4,4,1,1,1.56085,1.36716,0.543462,-0.936977,2,1,4.8,0,0.34,0.24,0.14,0.035,0.04,0.025,0.008,0.004,0.01,0.006,0.035,0.002,1,1,1,1.08,0,0,25.008,263,2,0,0,0,0,0.68961
390,284,2,6,4,4,1,1,1.33629,1.65864,0.278163,-2.56546,2,1,4.8,0,0.34,0.24,0.14,0.035,0.04,0.025,0.008,0.004,0.01,0.006,0.035,0.002,1,1,1,2.52,0,0,15.6748,114,2,0,0,0,0,0.808978
420,2,3,0,6,9,1,0,4.54903,4.25746,0.0161884,0,0,0,7.2,0,0.34,0.24,0.14,0.035,0.04,0.025,0.008,0.004,0.01,0.006,0.035,0.002,1,1,1,58.2331,0,0,419.92,4294967295,4294967295,0,0,0,0,0
420,114,2,5,4,4,1,1,1.7191,1.27973,0.576923,-1.18118,2,1,4.8,0,0.34,0.24,0.14,0.035,0.04,0.025,0.008,0.004,0.01,0.006,0.035,0.002,1,1,1,58.2591,0,0,254.752,105,2,0,0,0,0,0.746157
420,199,3,4,6,9,1,2,1.95688,3.55086,0.589857,-1.85909,2,1,7.2,0,0.34,0.24,0.14,0.035,0.04,0.025,0.008,0.004,0.01,0.006,0.035,0.002,1,1,1,36.5601,0,0,144.837,26,3,0,0,0,0,1.72753
420,205,2,6,4,4,1,1,1.12416,1.7737,0.792285,-0.13211,2,1,4.8,0,0.34,0.24,0.14,0.035,0.04,0.025,0.008,0.004,0.01,0.006,0.035,0.002,1,1,1,24.0157,0,0,140.663,114,2,0,0,0,0,1.27302
420,231,2,8,4,4,1,1,1.03974,1.87429,0.406948,0.0437786,2,1,4.8,0,0.34,0.24,0.14,0.035,0.04,0.025,0.008,0.004,0.01,0.006,0.035,0.002,1,1,1,9.80407,0,0,112.561,200,2,0,0,0,0,1.27797
420,232,2,7,4,4,1,1,1.70903,1.31613,0.190225,0.967344,2,1,4.8,0,0.34,0.24,0.14,0.035,0.04,0.025,0.008,0.004,0.01,0.006,0.035,0.002,1,1,1,17.1746,0,0,112.378,212,2,0,0,0,0,0.851008
420,241,2,7,4,4,1,1,1.05024,2.00119,0.306633,0.00870753,2,1,4.8,0,0.34,0.24,0.14,0.035,0.04,0.025,0.008,0.004,0.01,0.006,0.035,0.002,1,1,1,12.4936,0,0,99.6061,212,2,0,0,0,0,0.735542
420,247,3,4,9,9,1,2,4.44061,6.27038,0.532093,0.0280504,2,1,10.8,0,0.34,0.24,0.14,0.035,0.04,0.025,0.008,0.004,0.01,0.006,0.035,0.002,1,1,1,37.4638,0,0,96.6235,26,3,0,0,0,0,2.00483
420,261,3,4,6,9,1,0,3.85159,5.12302,0.0704758,0,0,0,7.2,0,0.34,0.24,0.14,0.035,0.04,0.025,0.008,0.004,0.01,0.006,0.035,0.002,1,1,1,7.39547,0,0,79.8109,26,3,0,0,0,0,0
420,265,2,7,4,4,1,1,2.25324,1.03051,0.119966,-1.5557,2,1,4.8,0,0.34,0.24,0.14,0.035,0.04,0.025,0.008,0.004,0.01,0.006,0.035,0.002,1,1,1,10.5475,0,0,70.4882,212,2,0,0,0,0,1.27302
420,268,3,5,9,9,1,2,3.56611,6.54683,0.094526,2.27652,2,1,10.8,0,0.34,0.24,0.14,0.035,0.04,0.025,0.008,0.004,0.01,0.006,0.035,0.002,1,1,1,12.1884,0,0,63.7647,261,3,0,0,0,0,0.544631
420,272,3,5,9,9,1,2,7.55839,2.58504,0.544799,1.87563,2,1,10.8,1,0.34,0.24,0.14,0.035,0.04,0.025,0.008,0.004,0.01,0.006,0.035,0.002,1,1,1,14.105,0,0,59.8806,199,3,0,0,0,0,2.20903
420,281,2,7,4,4,1,1,1.47206,1.3809,0.523628,-0.823178,2,1,4.8,0,0.34,0.24,0.14,0.035,0.04,0.025,0.008,0.004,0.01,0.006,0.035,0.002,1,1,1,10.2635,0,0,51.4788,205,2,0,0,0,0,0.694678
420,284,2,6,4,4,1,1,1.19699,1.85099,0.276926,-0.373779,2,1,4.8,0,0.34,0.24,0.14,0.035,0.04,0.025,0.008,0.004,0.01,0.006,0.035,0.002,1,1,1,4.66518,0,0,45.6775,114,2,0,0,0,0,0.750118
420,286,2,8,4,4,1,1,2.25049,1.06481,0.523426,1.55942,2,1,4.8,0,0.34,0.24,0.14,0.035,0.04,0.025,0.008,0.004,0.01,0.006,0.035,0.002,1,1,1,3.36748,0,0,37.7425,265,2,0,0,0,0,0.784282
420,298,3,5,9,9,1,2,3.09999,7.57596,0.645906,1.68002,2,1,10.8,0,0.34,0.24,0.14,0.035,0.04,0.025,0.008,0.004,0.01,0.006,0.035,0.002,1,1,1,6.81522,0,0,27.533,247,3,0,0,0,0,2.83641
420,299,2,8,4,4,1,1,1.70548,1.25358,0.315597,1.25152,2,1,4.8,0,0.34,0.24,0.14,0.035,0.04,0.025,0.008,0.004,0.01,0.006,0.035,0.002,1,1,1,6.24,0,0,25.9664,281,2,0,0,0,0,0.853865
420,303,2,7,4,4,1,1,1.13893,1.9148,0.426179,-0.510999,2,1,4.8,0,0.34,0.24,0.14,0.035,0.04,0.025,0.008,0.004,0.01,0.006,0.035,0.002,1,1,1,5.38594,0,0,19.9498,205,2,0,0,0,0,1.27878
420,310,2,9,4,4,1,1,1.0593,2.0833,0.66328,-0.0196751,2,1,4.8,0,0.34,0.24,0.14,0.035,0.04,0.025,0.008,0.004,0.01,0.006,0.035,0.002,1,1,1,1.08,0,0,16.1248,299,2,0,0,0,0,1.27303
420,312,2,6,4,4,1,1,1.19455,2.02218,0.516186,0.436302,2,1,4.8,0,0.34,0.24,0.14,0.035,0.04,0.025,0.008,0.004,0.01,0.006,0.035,0.002,1,1,1,0.72,0,0,15.3915,114,2,0,0,0,0,1.05463
420,313,2,8,4,4,1,1,1.61219,1.3351,0.118537,2.0628,1,2,4.8,0,0.34,0.24,0.14,0.035,0.04,0.025,0.008,0.004,0.01,0.006,0.035,0.002,1,1,1,0.0339992,0,0,15.1499,281,2,0,0,0,0,0.552379
420,314,2,8,3,3,1,0,1.20806,1.00413,0.00878461,-1.8514,1,1,3.6,0,0.34,0.24,0.14,0.035,0.04,0.025,0.008,0.004,0.01,0.006,0.035,0.002,1,1,1,0.6,0,0,15.1499,303,2,0,0,0,0,0
420,319,2,7,4,4,1,1,1.03903,2.22534,0.196304,-2.81661,2,1,4.8,0,0.34,0.24,0.14,0.035,0.04,0.025,0.008,0.004,0.01,0.006,0.035,0.002,1,1,1,0.12,0,0,9.13328,205,2,0,0,0,0,0.924547
450,114,2,5,4,4,1,1,1.834,1.08374,0.347942,-1.5932,2,1,4.8,0,0.34,0.24,0.14,0.035,0.04,0.025,0.008,0.004,0.01,0.006,0.035,0.002,1,1,1,61.1391,0,0,284.744,105,2,0,0,0,0,0.631134
450,205,2,6,4,4,1,1,1.19915,1.8365,0.369103,-2.87592,2,1,4.8,0,0.34,0.24,0.14,0.035,0.04,0.025,0.008,0.004,0.01,0.006,0.035,0.002,1,1,1,27.6878,0,0,170.655,114,2,0,0,0,0,0.595553
450,232,2,7,4,4,1,1,1.15164,1.96333,0.344681,-0.154452,2,1,4.8,0,0.34,0.24,0.14,0.035,0.04,0.025,0.008,0.004,0.01,0.006,0.035,0.002,1,1,1,21.0055,0,0,142.371,212,2,0,0,0,0,0.564204
450,247,3,4,9,9,1,2,7.32179,3.91836,0.63713,-0.0335963,2,1,10.8,0,0.34,0.24,0.14,0.035,0.04,0.025,0.008,0.004,0.01,0.006,0.035,0.002,1,1,1,56.0869,0,0,126.616,26,3,0,0,0,0,1.0641
450,265,2,7,4,4,1,1,2.11091,1.161,0.10057,-1.97163,2,1,4.8,0,0.34,0.24,0.14,0.035,0.04,0.025,0.008,0.004,0.01,0.006,0.035,0.002,1,1,1,20.1093,0,0,100.481,212,2,0,0,0,0,0.640201
450,272,3,5,3,9,1,0,2.49953,0.258628,0.403828,0,0,0,3.6,0,0.34,0.24,0.14,0.035,0.04,0.025,0.008,0.004,0.01,0.006,0.035,0.002,1,1,1,6.50295,0,0,89.8751,199,3,0,0,0,0,0
450,286,2,8,4,4,1,1,1.03959,2.11511,0.494,-0.279588,2,1,4.8,0,0.34,0.24,0.14,0.035,0.04,0.025,0.008,0.004,0.01,0.006,0.035,0.002,1,1,1,7.30353,0,0,67.7472,265,2,0,0,0,0,0.660346
450,298,3,5,9,9,1,2,4.95179,5.49548,0.546727,0.0610924,2,1,10.8,0,0.34,0.24,0.14,0.035,0.04,0.025,0.008,0.004,0.01,0.006,0.035,0.002,1,1,1,14.749,0,0,57.5384,247,3,0,0,0,0,2.32895
450,299,2,8,4,4,1,1,1.28949,1.87392,0.376166,-0.770849,2,1,4.8,0,0.34,0.24,0.14,0.035,0.04,0.025,0.008,0.004,0.01,0.006,0.035,0.002,1,1,1,12.48,0,0,55.9714,281,2,0,0,0,0,1.21232
450,301,10,6,10,10,1,2,5.69574,3.29514,0.59629,-0.961204,2,2,12,1,0.34,0.24,0.14,0.035,0.04,0.025,0.008,0.004,0.01,0.006,0.035,0.002,1,1,1,20.2341,0.722156,0,54.221,272,3,0,0,0,0,2.00124
450,303,2,7,4,4,1,1,1.35555,1.55576,0.648353,-2.72219,2,1,4.8,0,0.34,0.24,0.14,0.035,0.04,0.025,0.008,0.004,0.01,0.006,0.035,0.002,1,1,1,16.7332,0,0,49.9534,205,2,0,0,0,0,1.27878
450,310,2,9,4,4,1,1,1.79884,1.25692,0.553465,-2.01672,2,1,4.8,0,0.34,0.24,0.14,0.035,0.04,0.025,0.008,0.004,0.01,0.006,0.035,0.002,1,1,1,6.84,0,0,46.1276,299,2,0,0,0,0,1.21747
450,312,2,6,4,4,1,1,1.78957,1.25677,0.301945,-1.18531,2,1,4.8,0,0.34,0.24,0.14,0.035,0.04,0.025,0.008,0.004,0.01,0.006,0.035,0.002,1,1,1,4.2,0,0,45.3941,114,2,0,0,0,0,0.509582
450,322,2,8,4,4,1,1,1.37621,1.37447,0.685789,0.6947,2,1,4.8,0,0.34,0.24,0.14,0.035,0.04,0.025,0.008,0.004,0.01,0.006,0.035,0.002,1,1,1,4.8,0,0,35.5337,303,2,0,0,0,0,1.27302
450,327,3,5,9,9,1,2,5.39068,4.05831,0.486148,2.03448,2,1,10.8,0,0.34,0.24,0.14,0.035,0.04,0.025,0.008,0.004,0.01,0.006,0.035,0.002,1,1,1,12.4111,0,0,31.8913,247,3,0,0,0,0,1.7072
450,328,2,8,4,4,1,1,1.71039,1.34512,0.447729,2.00717,2,1,4.8,0,0.34,0.24,0.14,0.035,0.04,0.025,0.008,0.004,0.01,0.006,0.035,0.002,1,1,1,3.12,0,0,30.9663,265,2,0,0,0,0,1.16236
450,330,2,6,4,4,1,1,1.85236,1.27639,0.344494,-1.20573,2,1,4.8,0,0.34,0.24,0.14,0.035,0.04,0.025,0.008,0.004,0.01,0.006,0.035,0.002,1,1,1,1.92,0,0,27.6663,114,2,0,0,0,0,0.852996
450,335,2,8,4,4,1,1,1.95791,1.03841,0.363612,1.68078,2,1,4.8,0,0.34,0.24,0.14,0.035,0.04,0.025,0.008,0.004,0.01,0.006,0.035,0.002,1,1,1,3.48,0,0,23.1914,303,2,0,0,0,0,1.1674
450,340,2,9,4,4,1,1,2.25775,1.0624,0.694896,-1.50176,2,1,4.8,0,0.34,0.24,0.14,0.035,0.04,0.025,0.008,0.004,0.01,0.006,0.035,0.002,1,1,1,1.56,0,0,19.7165,299,2,0,0,0,0,1.1821
450,341,3,6,9,9,1,2,6.92265,3.75925,0.519299,0.105441,2,1,10.8,0,0.34,0.24,0.14,0.035,0.04,0.025,0.008,0.004,0.01,0.006,0.035,0.002,1,1,1,0.960103,0,0,18.8915,327,3,0,0,0,0,1.9278
450,345,3,5,9,9,1,2,2.57511,6.09964,0.513312,0.370363,2,1,10.8,0,0.34,0.24,0.14,0.035,0.04,0.025,0.008,0.004,0.01,0.006,0.035,0.002,1,1,1,2.02933,0,0,12.8749,247,3,0,0,0,0,1.92045
450,346,2,8,4,4,1,1,1.84072,1.0923,0.389584,-1.38953,2,1,4.8,0,0.34,0.24,0.14,0.035,0.04,0.025,0.008,0.004,0.01,0.006,0.035,0.002,1,1,1,1.08,0,0,12.3749,303,2,0,0,0,0,0.981634
480,232,2,7,4,4,1,1,2.09184,1.11094,0.433065,1.27281,2,1,4.8,0,0.34,0.24,0.14,0.035,0.04,0.025,0.008,0.004,0.01,0.006,0.035,0.002,1,1,1,26.8855,0,0,172.363,212,2,0,0,0,0,0.568013
480,247,3,4,9,9,1,2,6.52496,4.38073,0.168963,0.249088,2,1,10.8,0,0.34,0.24,0.14,0.035,0.04,0.025,0.008,0.004,0.01,0.006,0.035,0.002,1,1,1,57.026,0,0,156.609,26,3,0,0,0,0,0.962697
480,265,2,7,4,4,1,1,1.07068,2.03686,0.286895,-0.154096,2,1,4.8,0,0.34,0.24,0.14,0.035,0.04,0.025,0.008,0.004,0.01,0.006,0.035,0.002,1,1,1,21.5253,0,0,130.474,212,2,0,0,0,0,0
480,272,3,5,3,9,1,0,2.46367,0.508698,6.70816e-06,0,0,0,3.6,0,0.34,0.24,0.14,0.035,0.04,0.025,0.008,0.004,0.01,0.006,0.035,0.002,1,1,1,8.79605,0,0,119.868,199,3,0,0,0,0,0
480,298,3,5,9,9,1,2,7.32996,3.27746,0.543705,-3.08307,2,1,10.8,0,0.34,0.24,0.14,0.035,0.04,0.025,0.008,0.004,0.01,0.006,0.035,0.002,1,1,1,26.1472,0,0,87.534,247,3,0,0,0,0,2.85277
480,299,2,8,4,4,1,1,1.05479,2.15383,0.515469,0.0535117,2,1,4.8,0,0.34,0.24,0.14,0.035,0.04,0.025,0.008,0.004,0.01,0.006,0.035,0.002,1,1,1,18.7298,0,0,85.9677,281,2,0,0,0,0,1.24115
480,301,10,6,7,10,1,1,3.56598,5.24191,0.00232709,-2.64784,0,1,8.4,1,0.34,0.24,0.14,0.035,0.04,0.025,0.008,0.004,0.01,0.006,0.035,0.002,1,1,1,15.7185,0.722156,0,84.2182,272,3,0,0,0,0,0
480,303,2,7,4,4,1,1,1.15819,1.87076,0.529523,-0.245401,2,1,4.8,0,0.34,0.24,0.14,0.035,0.04,0.025,0.008,0.004,0.01,0.006,0.035,0.002,1,1,1,21.4606,0,0,79.9525,205,2,0,0,0,0,0.882545
480,310,2,9,4,4,1,1,1.36699,1.51643,0.567328,0.468167,2,1,4.8,0,0.34,0.24,0.14,0.035,0.04,0.025,0.008,0.004,0.01,0.006,0.035,0.002,1,1,1,13.2714,0,0,76.1285,299,2,0,0,0,0,0.527273
480,320,3,6,9,9,1,2,7.03003,4.1385,0.602868,3.04496,2,1,10.8,0,0.34,0.24,0.14,0.035,0.04,0.025,0.008,0.004,0.01,0.006,0.035,0.002,1,1,1,18.7309,0,0,67.9138,298,3,0,0,0,0,2.20441
480,322,2,8,4,4,1,1,1.13431,1.76364,0.367155,-0.248124,2,1,4.8,0,0.34,0.24,0.14,0.035,0.04,0.025,0.008,0.004,0.01,0.006,0.035,0.002,1,1,1,11.9568,0,0,65.5394,303,2,0,0,0,0,0.671972
480,328,2,8,4,4,1,1,1.66904,1.43915,0.62993,2.2347,2,1,4.8,0,0.34,0.24,0.14,0.035,0.04,0.025,0.008,0.004,0.01,0.006,0.035,0.002,1,1,1,10.5905,0,0,60.9725,265,2,0,0,0,0,1.27201
480,346,2,8,4,4,1,1,1.04951,1.87463,0.719474,-3.12782,2,1,4.8,0,0.34,0.24,0.14,0.035,0.04,0.025,0.008,0.004,0.01,0.006,0.035,0.002,1,1,1,7.704,0,0,42.3768,303,2,0,0,0,0,0.995724
480,347,2,9,3,3,1,0,1.04391,0.907566,0.0300446,-0.0391152,1,1,3.6,0,0.34,0.24,0.14,0.035,0.04,0.025,0.008,0.004,0.01,0.006,0.035,0.002,1,1,1,6.84,0,0,40.5097,328,2,0,0,0,0,0
480,351,2,8,4,4,1,1,1.70377,1.37139,0.412039,-1.00486,2,1,4.8,0,0.34,0.24,0.14,0.035,0.04,0.025,0.008,0.004,0.01,0.006,0.035,0.002,1,1,1,5.77307,0,0,34.4918,265,2,0,0,0,0,0.715122
480,353,2,10,4,4,1,1,1.67409,1.46262,0.406992,2.39059,2,1,4.8,0,0.34,0.24,0.14,0.035,0.04,0.025,0.008,0.004,0.01,0.006,0.035,0.002,1,1,1,1.8,0,0,33.2999,310,2,0,0,0,0,1.13216
480,357,2,9,4,4,1,1,1.04933,1.83453,0.551638,3.11529,2,1,4.8,0,0.34,0.24,0.14,0.035,0.04,0.025,0.008,0.004,0.01,0.006,0.035,0.002,1,1,1,5.71481,0,0,31.1663,322,2,0,0,0,0,0.532522
480,360,2,9,4,4,1,1,1.59617,1.43571,0.373731,-0.885392,2,1,4.8,0,0.34,0.24,0.14,0.035,0.04,0.025,0.008,0.004,0.01,0.006,0.035,0.002,1,1,1,4.25971,0,0,29.6913,351,2,0,0,0,0,1.11066
480,361,2,10,3,3,1,0,1.20101,1.00623,0.67303,-0.458814,1,1,3.6,0,0.34,0.24,0.14,0.035,0.04,0.025,0.008,0.004,0.01,0.006,0.035,0.002,1,1,1,4.8,0,0,29.5913,347,2,0,0,0,0,1.21028
480,366,2,10,4,4,1,1,1.18291,1.6544,0.517888,-0.329566,2,1,4.8,0,0.34,0.24,0.14,0.035,0.04,0.025,0.008,0.004,0.01,0.006,0.035,0.002,1,1,1,0.6,0,0,26.3664,357,2,0,0,0,0,1.0503
480,369,2,9,4,4,1,1,1.27126,1.37999,0.307409,-0.739213,2,1,4.8,0,0.34,0.24,0.14,0.035,0.04,0.025,0.008,0.004,0.01,0.006,0.035,0.002,1,1,1,0.48,0,0,25.433,346,2,0,0,0,0,0.830873
480,375,2,9,4,4,1,1,1.1247,2.25,0.473902,-2.63962,2,1,4.8,0,0.34,0.24,0.14,0.035,0.04,0.025,0.008,0.004,0.01,0.006,0.035,0.002,1,1,1,3.72,0,0,23.1497,328,2,0,0,0,0,0.511972
480,379,2,10,3,3,1,0,0.828588,1.27591,0.0688065,1.05928,1,1,3.6,0,0.34,0.24,0.14,0.035,0.04,0.025,0.008,0.004,0.01,0.006,0.035,0.002,1,1,1,0.48,0,0,19.9748,347,2,0,0,0,0,0.0147112
480,382,2,11,3,3,1,0,1.036,1.04258,0.370003,1.44961,1,1,3.6,0,0.34,0.24,0.14,0.035,0.04,0.025,0.008,0.004,0.01,0.006,0.035,0.002,1,1,1,2.304,0,0,13.5915,361,2,0,0,0,0,0
480,383,2,9,4,4,1,1,1.2417,1.58283,0.439005,2.47974,2,1,4.8,0,0.34,0.24,0.14,0.035,0.04,0.025,0.008,0.004,0.01,0.006,0.035,0.002,1,1,1,1.84325,0,0,11.4332,322,2,0,0,0,0,0.855205
480,387,2,9,4,4,1,1,1.09792,2.18299,0.765404,3.00914,2,1,4.8,0,0.34,0.24,0.14,0.035,0.04,0.025,0.008,0.004,0.01,0.006,0.035,0.002,1,1,1,0.375342,0,0,10.3166,299,2,0,0,0,0,0.643132
510,232,2,7,4,4,1,1,1.97403,1.25644,0.486013,2.03856,2,1,4.8,0,0.34,0.24,0.14,0.035,0.04,0.025,0.008,0.004,0.01,0.006,0.035,0.002,1,1,1,29.5255,0,0,202.356,212,2,0,0,0,0,1.27623
510,272,3,5,3,9,1,0,2.19982,1.21857,0.0352715,0,0,0,3.6,0,0.34,0.24,0.14,0.035,0.04,0.025,0.008,0.004,0.01,0.006,0.035,0.002,1,1,1,10.2601,0,0,149.86,199,3,0,0,0,0,0
510,298,3,5,6,9,1,0,6.00459,2.12701,0.0154552,0,0,0,7.2,0,0.34,0.24,0.14,0.035,0.04,0.025,0.008,0.004,0.01,0.006,0.035,0.002,1,1,1,11.5032,0,0,117.527,247,3,0,0,0,0,0
510,301,10,6,7,10,1,1,4.36963,4.58023,0.0378931,-2.76771,0,1,8.4,1,0.34,0.24,0.14,0.035,0.04,0.025,0.008,0.004,0.01,0.006,0.035,0.002,1,1,1,19.3185,2.0956,0,114.211,272,3,0,0,0,0,0
510,303,2,7,4,4,1,1,1.87148,1.11477,0.233551,-1.92583,2,1,4.8,0,0.34,0.24,0.14,0.035,0.04,0.025,0.008,0.004,0.01,0.006,0.035,0.002,1,1,1,24.7155,0,0,109.945,205,2,0,0,0,0,0.856603
510,310,2,9,4,4,1,1,1.7948,1.13314,0.260238,1.47777,2,1,4.8,0,0.34,0.24,0.14,0.035,0.04,0.025,0.008,0.004,0.01,0.006,0.035,0.002,1,1,1,17.0154,0,0,106.121,299,2,0,0,0,0,0.720987
510,320,3,6,8,9,1,1,6.78426,1.85122,0.342408,2.26417,1,1,9.6,0,0.34,0.24,0.14,0.035,0.04,0.025,0.008,0.004,0.01,0.006,0.035,0.002,1,1,1,24.6554,0,0,97.9065,298,3,0,0,0,0,0
510,322,2,8,4,4,1,1,1.38537,1.33112,0.549972,-2.5962,2,1,4.8,0,0.34,0.24,0.14,0.035,0.04,0.025,0.008,0.004,0.01,0.006,0.035,0.002,1,1,1,17.8893,0,0,95.5321,303,2,0,0,0,0,0.521189
510,346,2,8,4,4,1,1,1.78411,1.11074,0.180689,1.33965,2,1,4.8,0,0.34,0.24,0.14,0.035,0.04,0.025,0.008,0.004,0.01,0.006,0.035,0.002,1,1,1,17.3697,0,0,72.3794,303,2,0,0,0,0,0.526447
510,353,2,10,4,4,1,1,1.50209,1.38292,0.324366,2.39269,2,1,4.8,0,0.34,0.24,0.14,0.035,0.04,0.025,0.008,0.004,0.01,0.006,0.035,0.002,1,1,1,7.61631,0,0,63.3063,310,2,0,0,0,0,0.49267
510,357,2,9,4,4,1,1,1.77849,1.09283,0.322207,1.37785,2,1,4.8,0,0.34,0.24,0.14,0.035,0.04,0.025,0.008,0.004,0.01,0.006,0.035,0.002,1,1,1,8.80202,0,0,61.1725,322,2,0,0,0,0,0.524651
510,360,2,9,4,4,1,1,1.32615,1.50166,0.164901,-0.725809,2,1,4.8,0,0.34,0.24,0.14,0.035,0.04,0.025,0.008,0.004,0.01,0.006,0.035,0.002,1,1,1,9.64499,0,0,59.6972,351,2,0,0,0,0,0.665378
510,369,2,9,4,4,1,1,1.68364,1.39043,0.330736,-0.815368,2,1,4.8,0,0.34,0.24,0.14,0.035,0.04,0.025,0.008,0.004,0.01,0.006,0.035,0.002,1,1,1,6.67525,0,0,55.4379,346,2,0,0,0,0,0.52401
510,373,2,10,4,4,1,1,1.39405,1.91545,0.934773,0.506728,2,1,4.8,0,0.34,0.24,0.14,0.035,0.04,0.025,0.008,0.004,0.01,0.006,0.035,0.002,1,1,1,10.5111,0,0,54.046,360,2,0,0,0,0,1.21941
510,375,2,9,4,4,1,1,1.46347,1.47223,0.290819,2.34952,2,1,4.8,0,0.34,0.24,0.14,0.035,0.04,0.025,0.008,0.004,0.01,0.006,0.035,0.002,1,1,1,12.0224,0,0,53.1541,328,2,0,0,0,0,0.995357
510,380,2,8,4,4,1,1,2.0138,1.05189,0.0429882,1.58656,2,1,4.8,0,0.34,0.24,0.14,0.035,0.04,0.025,0.008,0.004,0.01,0.006,0.035,0.002,1,1,1,3.4755,0,0,47.6696,303,2,0,0,0,0,0.512165
510,383,2,9,4,4,1,1,1.5782,1.20904,0.330509,-2.0171,2,1,4.8,0,0.34,0.24,0.14,0.035,0.04,0.025,0.008,0.004,0.01,0.006,0.035,0.002,1,1,1,4.43578,0,0,41.4349,322,2,0,0,0,0,0.672111
510,387,2,9,4,4,1,1,1.04452,1.90281,0.238262,3.06544,2,1,4.8,0,0.34,0.24,0.14,0.035,0.04,0.025,0.008,0.004,0.01,0.006,0.035,0.002,1,1,1,4.3855,0,0,40.318,299,2,0,0,0,0,1.03744
510,393,2,10,4,4,1,1,1.28712,1.68607,0.00447134,2.59064,1,2,4.8,0,0.34,0.24,0.14,0.035,0.04,0.025,0.008,0.004,0.01,0.006,0.035,0.002,1,1,1,4.03442,0,0,36.1171,375,2,0,0,0,0,0
510,396,3,7,9,9,1,2,6.68013,4.49955,0.264532,-0.0313061,2,1,10.8,0,0.34,0.24,0.14,0.035,0.04,0.025,0.008,0.004,0.01,0.006,0.035,0.002,1,1,1,10.1301,0,0,34.2084,320,3,0,0,0,0,1.37291
510,402,2,10,4,4,1,1,1.07072,2.08609,0.655279,0.264358,2,1,4.8,0,0.34,0.24,0.14,0.035,0.04,0.025,0.008,0.004,0.01,0.006,0.035,0.002,1,1,1,7.04431,0,0,29.2496,310,2,0,0,0,0,1.2689
510,405,2,9,4,4,1,1,1.40456,1.33072,0.580165,-2.49363,2,1,4.8,0,0.34,0.24,0.14,0.035,0.04,0.025,0.008,0.004,0.01,0.006,0.035,0.002,1,1,1,3.8024,0,0,26.0497,346,2,0,0,0,0,1.25694
510,406,12,9,3,3,1,1,1.71515,1.07951,0.796057,0.685703,2,0,3.6,0,0.34,0.24,0.14,0.035,0.04,0.025,0.008,0.004,0.01,0.006,0.035,0.002,1,1,1,1.08,0,0,24.633,322,2,0,0,0,0,0.856733
510,407,2,11,4,4,1,1,1.18353,1.72511,0.526263,2.92727,2,1,4.8,0,0.34,0.24,0.14,0.035,0.04,0.025,0.008,0.004,0.01,0.006,0.035,0.002,1,1,1,3.6,0,0,24.4497,402,2,0,0,0,0,0.684501
510,412,2,10,4,4,1,1,1.23231,1.98071,0.371231,-2.79043,2,1,4.8,0,0.34,0.24,0.14,0.035,0.04,0.025,0.008,0.004,0.01,0.006,0.035,0.002,1,1,1,2.01392,0,0,19.1331,375,2,0,0,0,0,0.836686
510,416,2,9,4,4,1,1,1.33076,1.29214,0.024928,-1.42731,2,1,4.8,0,0.34,0.24,0.14,0.035,0.04,0.025,0.008,0.004,0.01,0.006,0.035,0.002,1,1,1,1.68462,0,0,13.8999,346,2,0,0,0,0,0.490982
510,417,2,11,4,4,1,1,1.24425,1.876,0.246413,0.334024,2,1,4.8,0,0.34,0.24,0.14,0.035,0.04,0.025,0.008,0.004,0.01,0.006,0.035,0.002,1,1,1,0.810779,0,0,13.3999,373,2,0,0,0,0,0.373828
510,422,2,11,4,4,1,1,1.97829,1.11662,0.524523,1.37335,2,1,4.8,0,0.34,0.24,0.14,0.035,0.04,0.025,0.008,0.004,0.01,0.006,0.035,0.002,1,1,1,3.20747,0,0,10.5083,402,2,0,0,0,0,0.626941
540,232,2,7,4,4,1,1,1.34555,1.42794,0.223513,2.33902,2,1,4.8,0,0.34,0.24,0.14,0.035,0.04,0.025,0.008,0.004,0.01,0.006,0.035,0.002,1,1,1,41.7512,0,0,232.349,212,2,0,0,0,0,0.951455
540,298,3,5,6,9,1,0,2.66993,5.86312,0.177045,0,0,0,7.2,0,0.34,0.24,0.14,0.035,0.04,0.025,0.008,0.004,0.01,0.006,0.035,0.002,1,1,1,17.4312,0,0,147.519,247,3,0,0,0,0,0
540,320,3,6,8,9,1,1,5.16237,5.85308,0.269234,0.634621,1,1,9.6,0,0.34,0.24,0.14,0.035,0.04,0.025,0.008,0.004,0.01,0.006,0.035,0.002,1,1,1,27.1744,0,0,127.899,298,3,0,0,0,0,0.201976
540,353,2,10,4,4,1,1,1.28626,1.56816,0.571087,-0.500786,2,1,4.8,0,0.34,0.24,0.14,0.035,0.04,0.025,0.008,0.004,0.01,0.006,0.035,0.002,1,1,1,12.3421,0,0,93.2993,310,2,0,0,0,0,0.511343
540,360,2,9,4,4,1,1,1.51486,1.45495,0.243163,-0.836742,2,1,4.8,0,0.34,0.24,0.14,0.035,0.04,0.025,0.008,0.004,0.01,0.006,0.035,0.002,1,1,1,14.445,0,0,89.6918,351,2,0,0,0,0,1.22096
540,369,2,9,4,4,1,1,1.78485,1.07563,0.356709,1.60309,2,1,4.8,0,0.34,0.24,0.14,0.035,0.04,0.025,0.008,0.004,0.01,0.006,0.035,0.002,1,1,1,10.7553,0,0,85.4345,346,2,0,0,0,0,0.51102
540,373,2,10,4,4,1,1,2.00714,1.14883,0.197928,1.2632,2,1,4.8,0,0.34,0.24,0.14,0.035,0.04,0.025,0.008,0.004,0.01,0.006,0.035,0.002,1,1,1,16.6285,0,0,84.0432,360,2,0,0,0,0,0.588401
540,375,2,9,4,4,1,1,1.96359,1.12619,0.923729,-1.46495,2,1,4.8,0,0.34,0.24,0.14,0.035,0.04,0.025,0.008,0.004,0.01,0.006,0.035,0.002,1,1,1,15.3824,0,0,83.1518,328,2,0,0,0,0,1.27878
540,383,2,9,4,4,1,1,1.0675,2.26044,0.36556,0.213411,2,1,4.8,0,0.34,0.24,0.14,0.035,0.04,0.025,0.008,0.004,0.01,0.006,0.035,0.002,1,1,1,11.9395,0,0,71.438,322,2,0,0,0,0,0.853601
540,387,2,9,4,4,1,1,1.11031,2.34229,0.604186,-0.0548971,2,1,4.8,0,0.34,0.24,0.14,0.035,0.04,0.025,0.008,0.004,0.01,0.006,0.035,0.002,1,1,1,11.0527,0,0,70.3216,299,2,0,0,0,0,1.17747
540,393,2,10,4,4,1,1,1.9151,1.25306,0.247709,1.11378,1,2,4.8,0,0.34,0.24,0.14,0.035,0.04,0.025,0.008,0.004,0.01,0.006,0.035,0.002,1,1,1,8.53714,0,0,66.1226,375,2,0,0,0,0,0.848886
540,395,2,10,4,4,1,1,1.8897,1.19288,0.389497,-1.1784,2,1,4.8,0,0.34,0.24,0.14,0.035,0.04,0.025,0.008,0.004,0.01,0.006,0.035,0.002,1,1,1,9.82819,0,0,65.4394,383,2,0,0,0,0,0.644968
540,396,3,7,9,9,1,2,4.04319,5.60084,0.239025,1.57665,2,1,10.8,0,0.34,0.24,0.14,0.035,0.04,0.025,0.008,0.004,0.01,0.006,0.035,0.002,1,1,1,19.5141,0,0,64.2147,320,3,0,0,0,0,2.34845
540,402,2,10,4,4,1,1,1.28017,1.74155,0.353682,-0.485621,2,1,4.8,0,0.34,0.24,0.14,0.035,0.04,0.025,0.008,0.004,0.01,0.006,0.035,0.002,1,1,1,11.7243,0,0,59.2554,310,2,0,0,0,0,1.10295
540,405,2,9,4,4,1,1,1.77214,1.16617,0.309124,1.79755,2,1,4.8,0,0.34,0.24,0.14,0.035,0.04,0.025,0.008,0.004,0.01,0.006,0.035,0.002,1,1,1,7.7624,0,0,56.0547,346,2,0,0,0,0,0.520642
540,408,2,10,4,4,1,1,2.21286,1.03834,0.174431,-1.21981,2,1,4.8,0,0.34,0.24,0.14,0.035,0.04,0.025,0.008,0.004,0.01,0.006,0.035,0.002,1,1,1,5.70131,0,0,51.2537,405,2,0,0,0,0,1.12344
540,410,2,10,4,4,1,1,1.39684,1.4137,0.238836,2.25493,2,1,4.8,0,0.34,0.24,0.14,0.035,0.04,0.025,0.008,0.004,0.01,0.006,0.035,0.002,1,0.995338,1,6.23322,0,0,50.5702,369,2,0,0,0,0,1.19511
540,412,2,10,4,4,1,1,1.06575,2.32864,0.476699,0.010174,2,1,4.8,0,0.34,0.24,0.14,0.035,0.04,0.025,0.008,0.004,0.01,0.006,0.035,0.002,1,1,1,4.89392,0,0,49.1366,375,2,0,0,0,0,1.23199
540,416,2,9,4,4,1,1,1.18863,1.70983,0.334482,2.73972,2,1,4.8,0,0.34,0.24,0.14,0.035,0.04,0.025,0.008,0.004,0.01,0.006,0.035,0.002,1,1,1,3.60462,0,0,43.9021,346,2,0,0,0,0,0.608758
540,422,2,11,4,4,1,1,1.80423,1.18031,0.513536,1.7917,2,1,4.8,0,0.34,0.24,0.14,0.035,0.04,0.025,0.008,0.004,0.01,0.006,0.035,0.002,1,1,1,14.0958,0,0,40.5097,402,2,0,0,0,0,0.50334
540,438,2,11,4,4,1,1,1.20963,1.78571,0.30033,0.235422,2,1,4.8,0,0.34,0.24,0.14,0.035,0.04,0.025,0.008,0.004,0.01,0.006,0.035,0.002,1,1,1,3.40796,0,0,31.7913,373,2,0,0,0,0,0.609225
540,445,2,8,4,4,1,1,1.48334,1.27368,0.813143,-2.2423,2,1,4.8,0,0.34,0.24,0.14,0.035,0.04,0.025,0.008,0.004,0.01,0.006,0.035,0.002,1,1,1,8.03616,0,0,27.5163,232,2,0,0,0,0,1.2795
540,448,3,8,9,9,1,2,4.79978,6.6412,0.260587,-2.40728,2,1,10.8,0,0.34,0.24,0.14,0.035,0.04,0.025,0.008,0.004,0.01,0.006,0.035,0.002,1,1,1,6.24,0,0,25.6997,396,3,0,0,0,0,1.85418
540,453,2,9,4,4,1,1,2.17492,1.40881,0.545669,-2.15514,2,1,4.8,0,0.34,0.24,0.14,0.035,0.04,0.025,0.008,0.004,0.01,0.006,0.035,0.002,1,1,1,1.44,0,0,22.7164,445,2,0,0,0,0,0.568984
540,454,2,12,4,4,1,1,1.72689,1.25778,0.558637,-1.07683,2,1,4.8,0,0.34,0.24,0.14,0.035,0.04,0.025,0.008,0.004,0.01,0.006,0.035,0.002,1,1,1,3.42613,0,0,22.0664,422,2,0,0,0,0,0.718114
540,455,2,11,4,4,1,1,1.65863,1.5702,0.455747,-0.973607,2,1,4.8,0,0.34,0.24,0.14,0.035,0.04,0.025,0.008,0.004,0.01,0.006,0.035,0.002,1,1,1,2.52,0,0,20.9748,373,2,0,0,0,0,0.996185
540,459,2,8,4,4,1,1,1.20871,1.86959,0.477786,-0.38234,2,1,4.8,0,0.34,0.24,0.14,0.035,0.04,0.025,0.008,0.004,0.01,0.006,0.035,0.002,1,1,1,1.704,0,0,16.6998,232,2,0,0,0,0,0.567
540,464,2,12,4,4,1,1,1.02717,1.99023,0.496629,-0.10483,2,1,4.8,0,0.34,0.24,0.14,0.035,0.04,0.025,0.008,0.004,0.01,0.006,0.035,0.002,1,1,1,1.2,0,0,10.3333,422,2,0,0,0,0,1.27878
540,468,2,11,4,4,1,1,1.33894,1.60065,0.380429,0.381061,2,1,4.8,0,0.34,0.24,0.14,0.035,0.04,0.025,0.008,0.004,0.01,0.006,0.035,0.002,1,1,1,1.08,0,0,9.17495,395,2,0,0,0,0,1.23613
540,470,2,8,4,4,1,1,1.0034,2.58775,0.0596876,0.158519,2,1,4.8,0,0.34,0.24,0.14,0.035,0.04,0.025,0.008,0.004,0.01,0.006,0.035,0.002,1,1,1,0.820623,0,0,5.88333,232,2,0,0,0,0,1.2318
570,298,3,5,6,9,1,0,3.33759,5.60866,0.430009,0,0,0,7.2,0,0.34,0.24,0.14,0.035,0.04,0.025,0.008,0.004,0.01,0.006,0.035,0.002,1,1,1,22.0741,0,0,177.512,247,3,0,0,0,0,0
570,353,2,10,4,4,1,1,1.97417,1.2855,0.577383,0.977886,2,1,4.8,0,0.34,0.24,0.14,0.035,0.04,0.025,0.008,0.004,0.01,0.006,0.035,0.002,1,1,1,18.6237,0,0,123.292,310,2,0,0,0,0,1.27878
570,360,2,9,4,4,1,1,2.06038,1.15444,0.493054,-1.28897,2,1,4.8,0,0.34,0.24,0.14,0.035,0.04,0.025,0.008,0.004,0.01,0.006,0.035,0.002,1,1,1,22.9976,0,0,119.685,351,2,0,0,0,0,0.77163
570,369,2,9,4,4,1,1,1.04445,1.84052,0.337596,0.17393,2,1,4.8,0,0.34,0.24,0.14,0.035,0.04,0.025,0.008,0.004,0.01,0.006,0.035,0.002,1,1,1,16.6593,0,0,115.427,346,2,0,0,0,0,0.711696
570,383,2,9,4,4,1,1,1.3272,1.69081,0.400974,0.61698,2,1,4.8,0,0.34,0.24,0.14,0.035,0.04,0.025,0.008,0.004,0.01,0.006,0.035,0.002,1,1,1,13.9839,0,0,101.431,322,2,0,0,0,0,0.818457
570,387,2,9,4,4,1,1,1.22694,1.70963,0.297748,-0.336679,2,1,4.8,0,0.34,0.24,0.14,0.035,0.04,0.025,0.008,0.004,0.01,0.006,0.035,0.002,1,1,1,13.4527,0,0,100.314,299,2,0,0,0,0,0.162261
570,393,2,10,4,4,1,1,1.5419,1.42232,0.00860106,-0.946765,1,2,4.8,0,0.34,0.24,0.14,0.035,0.04,0.025,0.008,0.004,0.01,0.006,0.035,0.002,1,1,1,14.1771,0,0,96.1153,375,2,0,0,0,0,0
570,395,2,10,3,4,1,0,1.35314,0.901786,0.100015,-2.62199,1,1,3.6,0,0.34,0.24,0.14,0.035,0.04,0.025,0.008,0.004,0.01,0.006,0.035,0.002,1,1,1,9.89648,0,0,95.4321,383,2,0,0,0,0,0
570,396,3,7,9,9,1,2,6.26945,3.8473,0.190989,2.42258,2,1,10.8,0,0.34,0.24,0.14,0.035,0.04,0.025,0.008,0.004,0.01,0.006,0.035,0.002,1,1,1,22.3941,0,0,94.2074,320,3,0,0,0,0,0.906316
570,398,2,10,5,5,1,2,2.16463,2.57646,0.453861,-0.207052,2,1,6,0,0.34,0.24,0.14,0.035,0.04,0.025,0.008,0.004,0.01,0.006,0.035,0.002,1,1,1,6.24,0,0,93.0827,387,2,0,0,0,0,1.26731
570,408,2,10,4,4,1,1,1.06762,1.88432,0.651144,0.0645004,2,1,4.8,0,0.34,0.24,0.14,0.035,0.04,0.025,0.008,0.004,0.01,0.006,0.035,0.002,1,1,1,13.1954,0,0,81.2522,405,2,0,0,0,0,0.884926
570,410,2,10,4,4,1,1,1.54145,1.25813,0.225105,-2.14352,2,1,4.8,0,0.34,0.24,0.14,0.035,0.04,0.025,0.008,0.004,0.01,0.006,0.035,0.002,1,0.995338,1,8.75322,0,0,80.5691,369,2,0,0,0,0,0.911476
570,412,2,10,4,4,1,1,1.12249,2.06699,0.847492,-0.420383,2,1,4.8,0,0.34,0.24,0.14,0.035,0.04,0.025,0.008,0.004,0.01,0.006,0.035,0.002,1,1,1,9.77859,0,0,79.1361,375,2,0,0,0,0,1.18065
570,419,2,11,4,4,1,1,1.43554,1.44606,0.0120733,-2.40828,1,2,4.8,0,0.34,0.24,0.14,0.035,0.04,0.025,0.008,0.004,0.01,0.006,0.035,0.002,1,1,1,5.00955,0,0,72.771,393,2,0,0,0,0,0
570,422,2,11,4,4,1,1,1.38415,1.31229,0.601913,0.842694,2,1,4.8,0,0.34,0.24,0.14,0.035,0.04,0.025,0.008,0.004,0.01,0.006,0.035,0.002,1,1,1,17.2525,0,0,70.5132,402,2,0,0,0,0,1.21153
570,426,2,10,4,4,1,1,2.09215,1.15703,0.697383,1.11853,2,1,4.8,0,0.34,0.24,0.14,0.035,0.04,0.025,0.008,0.004,0.01,0.006,0.035,0.002,1,1,1,12.2766,0,0,68.1721,375,2,0,0,0,0,1.10982
570,432,2,10,4,4,1,1,1.04638,2.13391,0.287444,0.0717281,2,1,4.8,0,0.34,0.24,0.14,0.035,0.04,0.025,0.008,0.004,0.01,0.006,0.035,0.002,1,1,1,5.88,0,0,64.9062,360,2,0,0,0,0,0.529493
570,445,2,8,4,4,1,1,1.77021,1.25617,0.360902,-1.87787,2,1,4.8,0,0.34,0.24,0.14,0.035,0.04,0.025,0.008,0.004,0.01,0.006,0.035,0.002,1,1,1,11.6732,0,0,57.5217,232,2,0,0,0,0,1.17637
570,448,3,8,9,9,1,2,7.21585,2.25151,0.433622,2.21608,2,1,10.8,0,0.34,0.24,0.14,0.035,0.04,0.025,0.008,0.004,0.01,0.006,0.035,0.002,1,1,1,13.3223,0,0,55.7047,396,3,0,0,0,0,2.78012
570,454,2,12,4,4,1,1,1.36085,1.39,0.517014,-0.778961,2,1,4.8,0,0.34,0.24,0.14,0.035,0.04,0.025,0.008,0.004,0.01,0.006,0.035,0.002,1,1,1,7.75307,0,0,52.0705,422,2,0,0,0,0,0.924053
570,462,2,11,4,4,1,1,1.22205,1.63543,0.478871,-0.474982,2,1,4.8,0,0.34,0.24,0.14,0.035,0.04,0.025,0.008,0.004,0.01,0.006,0.035,0.002,1,1,1,6.18151,0,0,43.6437,408,2,0,0,0,0,0.994012
570,464,2,12,4,4,1,1,1.12136,2.1298,0.514924,0.196203,2,1,4.8,0,0.34,0.24,0.14,0.035,0.04,0.025,0.008,0.004,0.01,0.006,0.035,0.002,1,1,1,6.20671,0,0,40.3347,422,2,0,0,0,0,1.05214
570,470,2,8,4,4,1,1,1.69429,1.32104,0.203926,1.07898,2,1,4.8,0,0.34,0.24,0.14,0.035,0.04,0.025,0.008,0.004,0.01,0.006,0.035,0.002,1,1,1,3.2939,0,0,35.8838,232,2,0,0,0,0,1.06513
570,478,2,9,4,4,1,1,1.62693,1.61044,0.603999,0.805045,2,1,4.8,0,0.34,0.24,0.14,0.035,0.04,0.025,0.008,0.004,0.01,0.006,0.035,0.002,1,1,1,4.40728,0,0,30.4663,445,2,0,0,0,0,1.27388
570,479,2,11,4,4,1,1,1.77934,1.31629,0.556357,2.05235,2,1,4.8,0,0.34,0.24,0.14,0.035,0.04,0.025,0.008,0.004,0.01,0.006,0.035,0.002,1,1,1,2.47993,0,0,29.6746,353,2,0,0,0,0,1.24692
570,488,2,11,4,4,1,1,1.96781,1.12172,0.38034,-1.74502,2,1,4.8,0,0.34,0.24,0.14,0.035,0.04,0.025,0.008,0.004,0.01,0.006,0.035,0.002,1,1,1,1.61989,0,0,23.3081,426,2,0,0,0,0,1.14645
570,496,2,10,4,4,1,1,1.60174,1.41154,0.399226,-0.833427,2,1,4.8,0,0.34,0.24,0.14,0.035,0.04,0.025,0.008,0.004,0.01,0.006,0.035,0.002,1,1,1,0.793718,0,0,12.6416,360,2,0,0,0,0,0.658176
570,497,2,12,4,4,1,1,1.85369,1.09867,0.543166,-1.36351,2,1,4.8,0,0.34,0.24,0.14,0.035,0.04,0.025,0.008,0.004,0.01,0.006,0.035,0.002,1,1,1,2.44054,0,0,12.0916,462,2,0,0,0,0,1.10958
600,298,3,5,6,9,1,0,4.50207,4.4832,0.00282177,0,0,0,7.2,0,0.34,0.24,0.14,0.035,0.04,0.025,0.008,0.004,0.01,0.006,0.035,0.002,1,1,1,26.662,0,0,207.505,247,3,0,0,0,0,0
600,353,2,10,4,4,1,1,1.66115,1.33347,0.401793,2.06202,2,1,4.8,0,0.34,0.24,0.14,0.035,0.04,0.025,0.008,0.004,0.01,0.006,0.035,0.002,1,1,1,21.8157,0,0,153.285,310,2,0,0,0,0,0.526521
600,393,2,10,4,4,1,1,1.5668,1.41751,0.0446581,2.2208,1,2,4.8,0,0.34,0.24,0.14,0.035,0.04,0.025,0.008,0.004,0.01,0.006,0.035,0.002,1,1,1,18.8571,0,0,126.108,375,2,0,0,0,0,0
600,398,2,10,5,5,1,2,2.43586,2.15261,0.281905,-3.08546,2,1,6,0,0.34,0.24,0.14,0.035,0.04,0.025,0.008,0.004,0.01,0.006,0.035,0.002,1,1,1,13.2185,0,0,123.075,387,2,0,0,0,0,0.513495
600,408,2,10,4,4,1,1,0.990212,2.23633,0.272969,2.74132,2,1,4.8,0,0.34,0.24,0.14,0.035,0.04,0.025,0.008,0.004,0.01,0.006,0.035,0.002,1,1,1,15.23,0,0,111.245,405,2,0,0,0,0,1.27878
600,426,2,10,4,4,1,1,1.99354,1.28987,0.318627,2.05781,2,1,4.8,0,0.34,0.24,0.14,0.035,0.04,0.025,0.008,0.004,0.01,0.006,0.035,0.002,1,1,1,15.9385,0,0,98.1648,375,2,0,0,0,0,1.15426
600,454,2,12,4,4,1,1,1.13549,1.7428,0.44491,-0.13327,2,1,4.8,0,0.34,0.24,0.14,0.035,0.04,0.025,0.008,0.004,0.01,0.006,0.035,0.002,1,1,1,14.923,0,0,82.0687,422,2,0,0,0,0,0.730107
600,456,3,6,9,9,1,2,6.59166,3.38599,0.449053,-2.26196,2,1,10.8,0,0.34,0.24,0.14,0.035,0.04,0.025,0.008,0.004,0.01,0.006,0.035,0.002,1,1,1,21.2158,0,0,80.3691,298,3,0,0,0,0,1.45214
600,462,2,11,4,4,1,1,1.40113,1.38542,0.40138,2.22288,2,1,4.8,0,0.34,0.24,0.14,0.035,0.04,0.025,0.008,0.004,0.01,0.006,0.035,0.002,1,1,1,8.10151,0,0,73.6457,408,2,0,0,0,0,0.769036
600,464,2,12,4,4,1,1,1.39371,1.37498,0.295853,0.856349,2,1,4.8,0,0.34,0.24,0.14,0.035,0.04,0.025,0.008,0.004,0.01,0.006,0.035,0.002,1,1,1,9.37677,0,0,70.3382,422,2,0,0,0,0,1.2689
600,470,2,8,4,4,1,1,1.92809,1.11198,0.355639,-1.68965,2,1,4.8,0,0.34,0.24,0.14,0.035,0.04,0.025,0.008,0.004,0.01,0.006,0.035,0.002,1,1,1,7.48157,0,0,65.8893,232,2,0,0,0,0,0.699204
600,478,2,9,4,4,1,1,1.28812,1.73937,0.257662,0.282542,2,1,4.8,0,0.34,0.24,0.14,0.035,0.04,0.025,0.008,0.004,0.01,0.006,0.035,0.002,1,1,1,10.5046,0,0,60.4723,445,2,0,0,0,0,1.26147
600,482,17,11,5,5,1,2,1.91884,2.73713,0.561577,-1.33039,2,1,6,0,0.34,0.24,0.14,0.035,0.04,0.025,0.008,0.004,0.01,0.006,0.035,0.002,1,1,1,12.2653,0,0,58.3886,398,2,0,0,0,0,1.26916
600,488,2,11,4,4,1,1,1.315,1.74613,0.423181,2.5233,2,1,4.8,0,0.34,0.24,0.14,0.035,0.04,0.025,0.008,0.004,0.01,0.006,0.035,0.002,1,1,1,4.77028,0,0,53.3125,426,2,0,0,0,0,1.14998
600,493,2,10,3,3,1,0,0.90221,1.04387,0.0283035,-1.57222,1,1,3.6,0,0.34,0.24,0.14,0.035,0.04,0.025,0.008,0.004,0.01,0.006,0.035,0.002,1,1,1,3,0,0,47.5112,478,2,0,0,0,0,0
600,496,2,10,4,4,1,1,1.20141,2.05579,0.864905,-2.61812,2,1,4.8,0,0.34,0.24,0.14,0.035,0.04,0.025,0.008,0.004,0.01,0.006,0.035,0.002,1,1,1,7.29932,0,0,42.6435,360,2,0,0,0,0,0.516798
600,497,2,12,4,4,1,1,2.04052,1.06908,0.783684,1.4029,2,1,4.8,0,0.34,0.24,0.14,0.035,0.04,0.025,0.008,0.004,0.01,0.006,0.035,0.002,1,1,1,6.78752,0,0,42.0934,462,2,0,0,0,0,0.519597
600,502,2,11,3,3,1,0,1.42417,0.93595,0.0726369,-2.42054,1,1,3.6,0,0.34,0.24,0.14,0.035,0.04,0.025,0.008,0.004,0.01,0.006,0.035,0.002,1,1,1,2.4,0,0,33.7916,393,2,0,0,0,0,0
600,511,2,11,4,4,1,1,1.32948,1.40498,0.372343,2.26329,2,1,4.8,0,0.34,0.24,0.14,0.035,0.04,0.025,0.008,0.004,0.01,0.006,0.035,0.002,1,1,1,3.264,0,0,31.8996,426,2,0,0,0,0,0.973171
600,512,2,13,4,4,1,1,1.21153,1.38836,0.239141,2.41923,2,1,4.8,0,0.34,0.24,0.14,0.035,0.04,0.025,0.008,0.004,0.01,0.006,0.035,0.002,1,1,1,4.76074,0,0,31.8496,497,2,0,0,0,0,1.04366
600,515,2,13,4,4,1,1,1.15083,2.06666,0.145742,2.83923,2,1,4.8,0,0.34,0.24,0.14,0.035,0.04,0.025,0.008,0.004,0.01,0.006,0.035,0.002,1,1,1,5.50587,0,0,29.0163,454,2,0,0,0,0,0.511495
600,520,17,12,5,5,1,2,2.5463,1.28773,0.307248,-2.12629,2,1,6,0,0.34,0.24,0.14,0.035,0.04,0.025,0.008,0.004,0.01,0.006,0.035,0.002,1,1,1,3.65226,0,0,21.4914,482,17,0,0,0,0,0.908855
600,521,2,11,4,4,1,1,2.05086,1.11595,0.710362,-1.80154,2,1,4.8,0,0.34,0.24,0.14,0.035,0.04,0.025,0.008,0.004,0.01,0.006,0.035,0.002,1,1,1,4.82272,0,0,19.5998,496,2,0,0,0,0,1.00551
600,528,3,7,9,9,1,2,6.25018,4.17383,0.629896,2.64099,2,1,10.8,0,0.34,0.24,0.14,0.035,0.04,0.025,0.008,0.004,0.01,0.006,0.035,0.002,1,1,1,2.05389,0,0,14.4082,456,3,0,0,0,0,1.72103
600,529,2,14,4,4,1,1,1.77221,1.1885,0.420014,1.86706,2,1,4.8,0,0.34,0.24,0.14,0.035,0.04,0.025,0.008,0.004,0.01,0.006,0.035,0.002,1,1,1,0.732281,0,0,13.0082,512,2,0,0,0,0,0.767585
600,530,2,14,4,4,1,1,1.33864,1.65593,0.175118,-2.79855,1,1,4.8,0,0.34,0.24,0.14,0.035,0.04,0.025,0.008,0.004,0.01,0.006,0.035,0.002,1,1,1,1.32,0,0,12.9999,515,2,0,1,0,0,0
600,534,17,12,5,5,1,2,1.3518,2.55723,0.376381,2.43513,2,1,6,0,0.34,0.24,0.14,0.035,0.04,0.025,0.008,0.004,0.01,0.006,0.035,0.002,1,1,1,1.56,0,0,9.47494,482,17,0,0,0,0,0.845973
600,539,2,12,4,4,1,1,1.98436,1.25975,0.199724,-1.13164,2,1,4.8,0,0.34,0.24,0.14,0.035,0.04,0.025,0.008,0.004,0.01,0.006,0.035,0.002,1,1,1,0.48,0,0,8.24163,521,2,0,0,0,0,0.582482
630,298,3,5,6,9,1,0,5.69584,2.10821,0.231146,0,0,0,7.2,0,0.34,0.24,0.14,0.035,0.04,0.025,0.008,0.004,0.01,0.006,0.035,0.002,1,1,1,34.8399,0,0,237.497,247,3,0,0,0,0,0
630,353,2,10,4,4,1,1,1.58299,1.28958,0.115073,-2.13356,2,1,4.8,0,0.34,0.24,0.14,0.035,0.04,0.025,0.008,0.004,0.01,0.006,0.035,0.002,1,1,1,27.2157,0,0,183.277,310,2,0,0,0,0,0.526587
630,408,2,10,4,4,1,1,1.29955,1.70709,0.468754,0.474856,2,1,4.8,0,0.34,0.24,0.14,0.035,0.04,0.025,0.008,0.004,0.01,0.006,0.035,0.002,1,1,1,19.07,0,0,141.238,405,2,0,0,0,0,0.527045
630,454,2,12,4,4,1,1,1.0257,1.85937,0.435156,-3.08561,2,1,4.8,0,0.34,0.24,0.14,0.035,0.04,0.025,0.008,0.004,0.01,0.006,0.035,0.002,1,1,1,20.923,0,0,112.061,422,2,0,0,0,0,1.16752
630,456,3,6,9,9,1,2,7.22153,2.30088,0.0943003,1.01074,2,1,10.8,0,0.34,0.24,0.14,0.035,0.04,0.025,0.008,0.004,0.01,0.006,0.035,0.002,1,1,1,27.4765,0,0,110.362,298,3,0,0,0,0,2.26437
630,464,2,12,4,4,1,1,1.24585,1.71863,0.391801,-0.395125,2,1,4.8,0,0.34,0.24,0.14,0.035,0.04,0.025,0.008,0.004,0.01,0.006,0.035,0.002,1,1,1,13.7926,0,0,100.331,422,2,0,0,0,0,0.534699
630,475,2,13,4,4,1,1,1.85014,1.11224,0.143108,1.63378,2,1,4.8,0,0.34,0.24,0.14,0.035,0.04,0.025,0.008,0.004,0.01,0.006,0.035,0.002,1,1,1,11.5676,0,0,92.6328,464,2,0,0,0,0,1.27707
630,478,2,9,4,4,1,1,1.53007,1.30654,0.523338,-2.23566,2,1,4.8,0,0.34,0.24,0.14,0.035,0.04,0.025,0.008,0.004,0.01,0.006,0.035,0.002,1,1,1,15.9286,0,0,90.4666,445,2,0,0,0,0,1.09337
630,482,17,11,5,5,1,2,2.26753,2.41173,0.598638,1.55425,2,1,6,0,0.34,0.24,0.14,0.035,0.04,0.025,0.008,0.004,0.01,0.006,0.035,0.002,1,1,1,20.7853,0,0,88.3838,398,2,0,0,0,0,0.791987
630,488,2,11,4,4,1,1,2.06407,1.21646,0.100551,1.91068,2,1,4.8,0,0.34,0.24,0.14,0.035,0.04,0.025,0.008,0.004,0.01,0.006,0.035,0.002,1,1,1,9.24348,0,0,83.3101,426,2,0,0,0,0,1.0573
630,493,2,10,3,3,1,0,0.744912,1.31493,0.0361158,-2.35938,1,1,3.6,0,0.34,0.24,0.14,0.035,0.04,0.025,0.008,0.004,0.01,0.006,0.035,0.002,1,1,1,4.44,0,0,77.5115,478,2,0,0,0,0,0
630,502,2,11,3,3,1,0,1.05715,1.08562,0.18722,3.09422,1,1,3.6,0,0.34,0.24,0.14,0.035,0.04,0.025,0.008,0.004,0.01,0.006,0.035,0.002,1,1,1,4.44,0,0,63.7981,393,2,0,0,0,0,0
630,511,2,11,4,4,1,1,1.25729,1.90751,0.532981,-2.78277,2,1,4.8,0,0.34,0.24,0.14,0.035,0.04,0.025,0.008,0.004,0.01,0.006,0.035,0.002,1,1,1,10.8998,0,0,61.906,426,2,0,0,0,0,0.886321
630,512,2,13,4,4,1,1,1.22829,1.59394,0.367865,2.64972,2,1,4.8,0,0.34,0.24,0.14,0.035,0.04,0.025,0.008,0.004,0.01,0.006,0.035,0.002,1,1,1,10.131,0,0,61.856,497,2,0,0,0,0,0.492521
630,520,17,12,5,5,1,2,1.41089,2.58633,0.310724,2.71094,2,1,6,0,0.34,0.24,0.14,0.035,0.04,0.025,0.008,0.004,0.01,0.006,0.035,0.002,1,1,1,7.81059,0,0,51.4954,482,17,0,0,0,0,0.676257
630,521,2,11,4,4,1,1,1.60778,1.43161,0.114327,0.819876,2,1,4.8,0,0.34,0.24,0.14,0.035,0.04,0.025,0.008,0.004,0.01,0.006,0.035,0.002,1,1,1,12.4804,0,0,49.6034,496,2,0,0,0,0,1.27283
630,529,2,14,4,4,1,1,1.53886,1.38958,0.503199,1.99695,2,1,4.8,0,0.34,0.24,0.14,0.035,0.04,0.025,0.008,0.004,0.01,0.006,0.035,0.002,1,1,1,7.99968,0,0,43.0103,512,2,0,0,0,0,1.27878
630,530,2,14,4,4,1,1,1.70768,1.25977,0.168028,-1.94237,1,1,4.8,0,0.34,0.24,0.14,0.035,0.04,0.025,0.008,0.004,0.01,0.006,0.035,0.002,1,1,1,3.21135,0,0,43.0019,515,2,0,1,0,0,0.67809
630,534,17,12,5,5,1,2,1.92224,2.56804,0.252387,-1.45016,2,1,6,0,0.34,0.24,0.14,0.035,0.04,0.025,0.008,0.004,0.01,0.006,0.035,0.002,1,1,1,6.72,0,0,39.4762,482,17,0,0,0,0,0.951846
630,541,2,13,4,4,1,1,1.25849,1.29619,0.241484,2.62299,2,1,4.8,0,0.34,0.24,0.14,0.035,0.04,0.025,0.008,0.004,0.01,0.006,0.035,0.002,1,1,1,5.02056,0,0,36.984,454,2,0,0,0,0,0.921725
630,547,3,6,9,9,1,2,6.60025,3.90031,0.184786,-2.72389,2,1,10.8,0,0.34,0.24,0.14,0.035,0.04,0.025,0.008,0.004,0.01,0.006,0.035,0.002,1,1,1,7.83852,0,0,33.0165,298,3,0,0,0,0,0.493265
630,548,2,10,4,4,1,1,1.29087,1.58298,0.249459,-2.87081,2,1,4.8,0,0.34,0.24,0.14,0.035,0.04,0.025,0.008,0.004,0.01,0.006,0.035,0.002,1,1,1,6.09712,0,0,32.9331,478,2,0,0,0,0,0.834143
630,556,2,11,4,4,1,1,1.03658,1.96894,0.806399,3.02167,2,1,4.8,0,0.34,0.24,0.14,0.035,0.04,0.025,0.008,0.004,0.01,0.006,0.035,0.002,1,1,1,3.84,0,0,27.9663,548,2,0,0,0,0,0.831606
630,558,17,12,5,5,1,2,2.30092,2.37391,0.513185,1.52557,2,1,6,0,0.34,0.24,0.14,0.035,0.04,0.025,0.008,0.004,0.01,0.006,0.035,0.002,1,1,1,3.84,0,0,27.458,482,17,0,0,0,0,1.02827
630,559,2,12,4,4,1,1,1.04667,1.96768,0.316284,-3.09494,2,1,4.8,0,0.34,0.24,0.14,0.035,0.04,0.025,0.008,0.004,0.01,0.006,0.035,0.002,1,1,1,1.36786,0,0,27.4247,521,2,0,0,0,0,0.825792
630,560,2,14,4,4,1,1,1.41364,1.47921,0.339371,-2.33118,2,1,4.8,0,0.34,0.24,0.14,0.035,0.04,0.025,0.008,0.004,0.01,0.006,0.035,0.002,1,1,1,2.47141,0,0,26.0747,475,2,0,0,0,0,0.61213
630,561,2,15,4,4,1,1,1.63597,1.20434,0.419861,1.35212,2,1,4.8,0,0.34,0.24,0.14,0.035,0.04,0.025,0.008,0.004,0.01,0.006,0.035,0.002,1,1,1,2.592,0,0,25.8664,529,2,0,0,0,0,0.626292
630,566,2,10,4,4,1,1,1.08275,1.98711,0.520664,2.91668,2,1,4.8,0,0.34,0.24,0.14,0.035,0.04,0.025,0.008,0.004,0.01,0.006,0.035,0.002,1,1,1,0.542383,0,0,21.9831,478,2,0,0,0,0,0.826475
630,573,2,12,4,4,1,1,1.9335,1.1821,0.222545,-1.99017,2,1,4.8,0,0.34,0.24,0.14,0.035,0.04,0.025,0.008,0.004,0.01,0.006,0.035,0.002,1,1,1,2.928,0,0,14.5582,511,2,0,0,0,0,1.0848
630,575,2,12,4,4,1,1,1.31867,1.67157,0.901652,2.33168,2,1,4.8,0,0.34,0.24,0.14,0.035,0.04,0.025,0.008,0.004,0.01,0.006,0.035,0.002,1,1,1,3.264,0,0,10.9749,521,2,0,0,0,0,1.27302
630,579,2,12,4,4,1,1,1.31959,1.22445,0.411421,-0.323189,1,1,4.8,0,0.34,0.24,0.14,0.035,0.04,0.025,0.008,0.004,0.01,0.006,0.035,0.002,1,1,1,0.48,0,0,6.09999,556,2,0,0,0,0,0
660,298,3,5,6,9,1,0,4.26015,4.25753,0.357439,0,0,0,7.2,0,0.34,0.24,0.14,0.035,0.04,0.025,0.008,0.004,0.01,0.006,0.035,0.002,1,1,1,38.5597,0,0,267.49,247,3,0,0,0,0,0
660,454,2,12,4,4,1,1,1.43443,1.57265,0.636185,2.4793,2,1,4.8,0,0.34,0.24,0.14,0.035,0.04,0.025,0.008,0.004,0.01,0.006,0.035,0.002,1,1,1,26.323,0,0,142.054,422,2,0,0,0,0,1.24984
660,456,3,6,9,9,1,2,2.25474,6.80206,0.211609,-1.19703,2,1,10.8,0,0.34,0.24,0.14,0.035,0.04,0.025,0.008,0.004,0.01,0.006,0.035,0.002,1,1,1,34.4365,0,0,140.354,298,3,0,0,0,0,0.692284
660,475,2,13,4,4,1,1,1.17697,1.70922,0.350144,-0.348343,2,1,4.8,0,0.34,0.24,0.14,0.035,0.04,0.025,0.008,0.004,0.01,0.006,0.035,0.002,1,1,1,15.7109,0,0,122.625,464,2,0,0,0,0,0.515968
660,482,17,11,5,5,1,2,2.15553,2.35315,0.384304,1.54491,2,1,6,0,0.34,0.24,0.14,0.035,0.04,0.025,0.008,0.004,0.01,0.006,0.035,0.002,1,1,1,23.5453,0,0,118.376,398,2,0,0,0,0,0.781659
660,502,2,11,3,3,1,0,1.13282,1.04289,0.0520976,-1.64167,1,1,3.6,0,0.34,0.24,0.14,0.035,0.04,0.025,0.008,0.004,0.01,0.006,0.035,0.002,1,1,1,6.648,0,0,93.7908,393,2,0,0,0,0,0
660,511,2,11,4,4,1,1,1.50323,1.28317,0.613717,-2.26379,2,1,4.8,0,0.34,0.24,0.14,0.035,0.04,0.025,0.008,0.004,0.01,0.006,0.035,0.002,1,1,1,16.6994,0,0,91.8996,426,2,0,0,0,0,0.663665
660,512,2,13,4,4,1,1,1.2009,1.67252,0.293821,2.7263,2,1,4.8,0,0.34,0.24,0.14,0.035,0.04,0.025,0.008,0.004,0.01,0.006,0.035,0.002,1,1,1,14.2802,0,0,91.8496,497,2,0,0,0,0,0.526758
660,521,2,11,4,4,1,1,1.30231,1.62698,0.422318,2.4862,2,1,4.8,0,0.34,0.24,0.14,0.035,0.04,0.025,0.008,0.004,0.01,0.006,0.035,0.002,1,1,1,16.0804,0,0,79.6026,496,2,0,0,0,0,1.12596
660,529,2,14,4,4,1,1,1.21703,1.71942,0.273718,-0.309194,2,1,4.8,0,0.34,0.24,0.14,0.035,0.04,0.025,0.008,0.004,0.01,0.006,0.035,0.002,1,1,1,10.2797,0,0,73.0126,512,2,0,0,0,0,0.789748
660,547,3,6,9,9,1,2,6.89891,2.44631,0.330629,-0.855143,2,1,10.8,0,0.34,0.24,0.14,0.035,0.04,0.025,0.008,0.004,0.01,0.006,0.035,0.002,1,1,1,16.6607,0,0,63.0229,298,3,0,0,0,0,1.29802
660,556,2,11,4,4,1,1,1.24664,1.83633,0.290151,0.247474,2,1,4.8,0,0.34,0.24,0.14,0.035,0.04,0.025,0.008,0.004,0.01,0.006,0.035,0.002,1,1,1,9.27296,0,0,57.9718,548,2,0,0,0,0,1.17269
660,558,17,12,5,5,1,2,1.84962,2.63527,0.0515256,-1.2478,2,1,6,0,0.34,0.24,0.14,0.035,0.04,0.025,0.008,0.004,0.01,0.006,0.035,0.002,1,1,1,9.72,0,0,57.4634,482,17,0,0,0,0,1.20462
660,559,2,12,4,4,1,1,2.12309,1.08184,0.694985,-1.3285,2,1,4.8,0,0.34,0.24,0.14,0.035,0.04,0.025,0.008,0.004,0.01,0.006,0.035,0.002,1,1,1,7.60161,0,0,57.43,521,2,0,0,0,0,0.71947
660,561,2,15,4,4,1,1,1.22818,1.78373,0.493112,-0.372648,2,1,4.8,0,0.34,0.24,0.14,0.035,0.04,0.025,0.008,0.004,0.01,0.006,0.035,0.002,1,1,1,8.712,0,0,55.8714,529,2,0,0,0,0,0.751824
660,562,2,14,4,4,1,1,1.03756,1.95117,0.742663,-0.0642486,2,1,4.8,0,0.34,0.24,0.14,0.035,0.04,0.025,0.008,0.004,0.01,0.006,0.035,0.002,1,1,1,5.904,0,0,55.4629,512,2,0,0,0,0,0.844059
660,571,2,14,4,4,1,1,1.71698,1.31307,0.278979,-0.997192,2,1,4.8,0,0.34,0.24,0.14,0.035,0.04,0.025,0.008,0.004,0.01,0.006,0.035,0.002,1,1,1,6.83496,0,0,45.1524,475,2,0,0,0,0,1.04882
660,573,2,12,4,4,1,1,2.16066,1.20062,0.302413,2.14596,2,1,4.8,0,0.34,0.24,0.14,0.035,0.04,0.025,0.008,0.004,0.01,0.006,0.035,0.002,1,1,1,7.41369,0,0,44.5606,511,2,0,0,0,0,0.519476
660,575,2,12,4,4,1,1,1.94554,1.23451,0.192929,-1.16353,2,1,4.8,0,0.34,0.24,0.14,0.035,0.04,0.025,0.008,0.004,0.01,0.006,0.035,0.002,1,1,1,6.528,0,0,40.9765,521,2,0,0,0,0,1.12967
660,578,17,13,5,5,1,2,1.33477,2.69038,0.144453,2.65291,2,1,6,0,0.34,0.24,0.14,0.035,0.04,0.025,0.008,0.004,0.01,0.006,0.035,0.002,1,1,1,5.8212,0,0,38.8844,558,17,0,0,0,0,0.855765
660,581,2,16,4,4,1,1,1.2666,1.85429,0.469959,0.468752,2,1,4.8,0,0.34,0.24,0.14,0.035,0.04,0.025,0.008,0.004,0.01,0.006,0.035,0.002,1,1,1,3.48,0,0,35.6254,561,2,0,0,0,0,1.27302
660,582,2,13,4,4,1,1,1.2909,1.84348,0.378103,2.72056,2,1,4.8,0,0.34,0.24,0.14,0.035,0.04,0.025,0.008,0.004,0.01,0.006,0.035,0.002,1,1,1,5.76,0,0,35.4837,573,2,0,0,0,0,1.14593
660,583,2,13,4,4,1,1,1.15283,2.03188,0.555876,-0.323687,2,1,4.8,0,0.34,0.24,0.14,0.035,0.04,0.025,0.008,0.004,0.01,0.006,0.035,0.002,1,1,1,3.84208,0,0,34.2084,454,2,0,0,0,0,1.17626
660,585,2,13,4,4,1,1,2.08255,1.0368,0.39813,1.77104,2,1,4.8,0,0.34,0.24,0.14,0.035,0.04,0.025,0.008,0.004,0.01,0.006,0.035,0.002,1,1,1,2.28,0,0,33.7916,575,2,0,0,0,0,0.83885
660,589,2,12,4,4,1,1,1.65316,1.41652,0.360099,2.25963,2,1,4.8,0,0.34,0.24,0.14,0.035,0.04,0.025,0.008,0.004,0.01,0.006,0.035,0.002,1,1,1,3.49308,0,0,32.3497,511,2,0,0,0,0,0.520106
660,590,17,12,5,5,1,2,2.4055,2.10452,0.107502,1.57967,2,1,6,0,0.34,0.24,0.14,0.035,0.04,0.025,0.008,0.004,0.01,0.006,0.035,0.002,1,1,1,5.64,0,0,31.8079,482,17,0,0,0,0,0.734568
660,595,2,12,4,4,1,1,1.11291,2.22634,0.367914,-3.06417,2,1,4.8,0,0.34,0.24,0.14,0.035,0.04,0.025,0.008,0.004,0.01,0.006,0.035,0.002,1,1,1,3.73193,0,0,24.8164,556,2,0,0,0,0,1.18902
690,298,3,5,6,9,1,0,1.86255,6.07236,0.000356032,0,0,0,7.2,0,0.34,0.24,0.14,0.035,0.04,0.025,0.008,0.004,0.01,0.006,0.035,0.002,1,1,1,39.5437,0,0,297.483,247,3,0,0,0,0,0
690,454,2,12,4,4,1,1,1.63157,1.29487,0.55641,-2.16487,2,1,4.8,0,0.34,0.24,0.14,0.035,0.04,0.025,0.008,0.004,0.01,0.006,0.035,0.002,1,1,1,30.643,0,0,172.047,422,2,0,0,0,0,1.03531
690,456,3,6,1,9,1,0,0,0,0.000472853,0,0,0,1.2,0,0.34,0.24,0.14,0.035,0.04,0.025,0.008,0.004,0.01,0.006,0.035,0.002,1,1,1,5.59995,0,0,170.347,298,3,0,0,0,0,0
690,475,2,13,4,4,1,1,1.90438,1.02123,0.479112,1.56743,2,1,4.8,0,0.34,0.24,0.14,0.035,0.04,0.025,0.008,0.004,0.01,0.006,0.035,0.002,1,1,1,20.0309,0,0,152.618,464,2,0,0,0,0,0.806783
690,521,2,11,4,4,1,1,1.05602,2.30613,0.626275,3.04156,2,1,4.8,0,0.34,0.24,0.14,0.035,0.04,0.025,0.008,0.004,0.01,0.006,0.035,0.002,1,1,1,22.3401,0,0,109.595,496,2,0,0,0,0,1.27302
690,547,3,6,9,9,1,2,5.01395,5.75648,0.368833,-2.00927,2,1,10.8,0,0.34,0.24,0.14,0.035,0.04,0.025,0.008,0.004,0.01,0.006,0.035,0.002,1,1,1,22.3484,0,0,93.016,298,3,0,0,0,0,0.54496
690,556,2,11,4,4,1,1,1.5217,1.47623,0.655009,2.33864,2,1,4.8,0,0.34,0.24,0.14,0.035,0.04,0.025,0.008,0.004,0.01,0.006,0.035,0.002,1,1,1,19.6946,0,0,87.9672,548,2,0,0,0,0,0.914634
690,558,17,12,2,5,1,0,1.65379,0.771134,0.247607,0,0,0,2.4,0,0.34,0.24,0.14,0.035,0.04,0.025,0.008,0.004,0.01,0.006,0.035,0.002,1,1,1,5.304,0,0,87.459,482,17,0,0,0,0,0
690,559,2,12,4,4,1,1,1.31504,1.8721,0.669733,0.449205,2,1,4.8,0,0.34,0.24,0.14,0.035,0.04,0.025,0.008,0.004,0.01,0.006,0.035,0.002,1,1,1,15.8064,0,0,87.4257,521,2,0,0,0,0,0.83793
690,561,2,15,4,4,1,1,2.09489,1.05516,0.47419,1.55389,2,1,4.8,0,0.34,0.24,0.14,0.035,0.04,0.025,0.008,0.004,0.01,0.006,0.035,0.002,1,1,1,11.5672,0,0,85.8678,529,2,0,0,0,0,0.621717
690,562,2,14,4,4,1,1,1.94177,1.14622,0.685354,-1.27754,2,1,4.8,0,0.34,0.24,0.14,0.035,0.04,0.025,0.008,0.004,0.01,0.006,0.035,0.002,1,1,1,10.824,0,0,85.4595,512,2,0,0,0,0,0.613227
690,571,2,14,4,4,1,1,1.17477,1.81963,0.259176,-0.373565,2,1,4.8,0,0.34,0.24,0.14,0.035,0.04,0.025,0.008,0.004,0.01,0.006,0.035,0.002,1,1,1,12.379,0,0,75.1537,475,2,0,0,0,0,0.860716
690,573,2,12,3,4,1,0,1.19682,1.05137,0.2734,1.58183,1,1,3.6,0,0.34,0.24,0.14,0.035,0.04,0.025,0.008,0.004,0.01,0.006,0.035,0.002,1,1,1,7.05428,0,0,74.5622,511,2,0,0,0,0,0.110156
690,578,17,13,5,5,1,2,2.21673,1.976,0.565604,0.545197,2,1,6,0,0.34,0.24,0.14,0.035,0.04,0.025,0.008,0.004,0.01,0.006,0.035,0.002,1,1,1,12.9988,0,0,68.8886,558,17,0,0,0,0,0.618719
690,581,2,16,4,4,1,1,1.35892,1.50346,0.521418,2.49758,2,1,4.8,0,0.34,0.24,0.14,0.035,0.04,0.025,0.008,0.004,0.01,0.006,0.035,0.002,1,1,1,7.22485,0,0,65.631,561,2,0,0,0,0,1.23346
690,582,2,13,4,4,1,1,1.88655,1.3043,0.345868,1.15551,2,1,4.8,0,0.34,0.24,0.14,0.035,0.04,0.025,0.008,0.004,0.01,0.006,0.035,0.002,1,1,1,9.36,0,0,65.4894,573,2,0,0,0,0,0.518387
690,590,17,12,5,5,1,2,2.70126,1.88482,0.214494,-2.81406,2,1,6,0,0.34,0.24,0.14,0.035,0.04,0.025,0.008,0.004,0.01,0.006,0.035,0.002,1,1,1,7.92412,0,0,61.8143,482,17,0,0,0,0,0.629644
690,595,2,12,4,4,1,1,1.9044,1.22451,0.738441,-2.01328,2,1,4.8,0,0.34,0.24,0.14,0.035,0.04,0.025,0.008,0.004,0.01,0.006,0.035,0.002,1,1,1,15.0809,0,0,54.8211,556,2,0,0,0,0,1.22091
690,597,22,15,5,5,1,2,1.78898,1.56857,0.273905,-0.118224,2,1,6,0,0.34,0.24,0.14,0.035,0.04,0.025,0.008,0.004,0.01,0.006,0.035,0.002,1,1,1,5.88,0,0,53.5625,571,2,0,0,0,0,0.79893
690,603,2,15,4,4,1,1,1.32057,1.46584,0.326289,-2.80923,2,1,4.8,0,0.34,0.24,0.14,0.035,0.04,0.025,0.008,0.004,0.01,0.006,0.035,0.002,1,1,1,6.6,0,0,48.4781,562,2,0,0,0,0,0.752732
690,609,17,14,5,5,1,2,1.35,2.78918,0.329414,1.7951,2,1,6,0,0.34,0.24,0.14,0.035,0.04,0.025,0.008,0.004,0.01,0.006,0.035,0.002,1,1,1,6.82522,0,0,45.4191,578,17,0,0,0,0,0.498983
690,611,3,7,9,9,1,2,4.77308,6.18433,0.585527,-1.74843,2,1,10.8,0,0.34,0.24,0.14,0.035,0.04,0.025,0.008,0.004,0.01,0.006,0.035,0.002,1,1,1,11.8166,0,0,44.7857,547,3,0,0,0,0,1.86608
690,613,2,13,4,4,1,1,1.38583,1.61737,0.547046,-2.4974,2,1,4.8,0,0.34,0.24,0.14,0.035,0.04,0.025,0.008,0.004,0.01,0.006,0.035,0.002,1,1,1,7.07447,0,0,42.8686,559,2,0,0,0,0,1.16168
690,620,2,14,4,4,1,1,1.20192,2.05564,0.442718,-2.89859,2,1,4.8,0,0.34,0.24,0.14,0.035,0.04,0.025,0.008,0.004,0.01,0.006,0.035,0.002,1,1,1,5.82354,0,0,37.5091,582,2,0,0,0,0,0.853822
690,623,2,13,4,4,1,1,1.20102,2.04665,0.405266,0.318791,2,1,4.8,0,0.34,0.24,0.14,0.035,0.04,0.025,0.008,0.004,0.01,0.006,0.035,0.002,1,1,1,6.39607,0,0,33.1415,595,2,0,0,0,0,0.638857
690,627,2,13,4,4,1,1,1.50502,1.37021,0.654666,2.18757,2,1,4.8,0,0.34,0.24,0.14,0.035,0.04,0.025,0.008,0.004,0.01,0.006,0.035,0.002,1,1,1,3.82476,0,0,28.208,454,2,0,0,0,0,1.2577
690,635,24,13,5,5,1,2,1.85725,1.27477,0.500498,-1.22571,2,2,6,0,0.34,0.24,0.14,0.035,0.04,0.025,0.008,0.004,0.01,0.006,0.035,0.002,1,1,1,1.09658,0,0,22.3247,595,2,0,0,0,0,0.757182
690,636,25,12,5,5,1,2,2.02633,1.6986,0.757078,2.58467,2,1,6,0,0.34,0.24,0.14,0.035,0.04,0.025,0.008,0.004,0.01,0.006,0.035,0.002,1,1,1,6.5727,0,0,22.1414,556,2,0,0,0,0,0.564156
690,641,2,14,4,4,1,1,1.17346,2.02461,0.408956,-0.329139,2,1,4.8,0,0.34,0.24,0.14,0.035,0.04,0.025,0.008,0.004,0.01,0.006,0.035,0.002,1,1,1,0.24,0,0,19.0998,623,2,0,0,0,0,0.55871
690,643,2,14,4,4,1,1,1.04793,1.96894,0.277302,2.99944,2,1,4.8,0,0.34,0.24,0.14,0.035,0.04,0.025,0.008,0.004,0.01,0.006,0.035,0.002,1,1,1,1.34807,0,0,15.1499,613,2,0,0,0,0,0.638828
690,645,25,13,5,5,1,2,2.16289,1.85954,0.487713,2.43901,2,1,6,0,0.34,0.24,0.14,0.035,0.04,0.025,0.008,0.004,0.01,0.006,0.035,0.002,1,1,1,0.84,0,0,11.9666,636,25,0,0,0,0,1.05025
690,647,2,13,4,4,1,1,2.07562,1.15804,0.265965,-1.40161,2,1,4.8,0,0.34,0.24,0.14,0.035,0.04,0.025,0.008,0.004,0.01,0.006,0.035,0.002,1,1,1,1.55887,0,0,10.3083,595,2,0,0,0,0,0.951233
690,648,2,12,4,4,1,1,1.6001,1.43544,0.66443,-2.27901,2,1,4.8,0,0.34,0.24,0.14,0.035,0.04,0.025,0.008,0.004,0.01,0.006,0.035,0.002,1,1,1,0.36,0,0,10.0333,556,2,0,0,0,0,0.883006
690,649,2,16,4,4,1,1,1.50604,1.27541,0.636642,1.78729,2,1,4.8,0,0.34,0.24,0.14,0.035,0.04,0.025,0.008,0.004,0.01,0.006,0.035,0.002,1,1,1,0,0,0,9.58327,603,2,0,0,0,0,0.563428
690,651,2,13,4,4,1,1,1.64948,1.30952,0.495291,0.937872,2,1,4.8,0,0.34,0.24,0.14,0.035,0.04,0.025,0.008,0.004,0.01,0.006,0.035,0.002,1,1,1,0.12,0,0,7.46664,559,2,0,0,0,0,1.00175
720,454,2,12,4,4,1,1,1.95445,1.06627,0.246563,-1.54509,2,1,4.8,0,0.34,0.24,0.14,0.035,0.04,0.025,0.008,0.004,0.01,0.006,0.035,0.002,1,1,1,35.5185,0,0,202.039,422,2,0,0,0,0,0.730206
720,456,3,6,1,9,1,0,0,0,0.000427248,0,0,0,1.2,0,0.34,0.24,0.14,0.035,0.04,0.025,0.008,0.004,0.01,0.006,0.035,0.002,1,1,1,6.82408,0,0,200.34,298,3,0,0,0,0,0
720,559,2,12,4,4,1,1,1.19826,1.95734,0.531989,2.68159,2,1,4.8,0,0.34,0.24,0.14,0.035,0.04,0.025,0.008,0.004,0.01,0.006,0.035,0.002,1,1,1,19.8318,0,0,117.418,521,2,0,0,0,0,1.2708
720,562,2,14,4,4,1,1,1.29362,1.71367,0.478519,-2.67329,2,1,4.8,0,0.34,0.24,0.14,0.035,0.04,0.025,0.008,0.004,0.01,0.006,0.035,0.002,1,1,1,15.624,0,0,115.452,512,2,0,0,0,0,1.24221
720,571,2,14,4,4,1,1,1.25197,1.3986,0.313908,-0.628453,2,1,4.8,0,0.34,0.24,0.14,0.035,0.04,0.025,0.008,0.004,0.01,0.006,0.035,0.002,1,1,1,17.803,0,0,105.146,475,2,0,0,0,0,0.8852
720,578,17,13,5,5,1,2,1.32822,2.47687,0.149665,2.55533,2,1,6,0,0.34,0.24,0.14,0.035,0.04,0.025,0.008,0.004,0.01,0.006,0.035,0.002,1,1,1,15.4708,0,0,98.8812,558,17,0,0,0,0,1.13483
720,581,2,16,4,4,1,1,1.79916,1.16484,0.456608,1.22259,2,1,4.8,0,0.34,0.24,0.14,0.035,0.04,0.025,0.008,0.004,0.01,0.006,0.035,0.002,1,1,1,10.21,0,0,95.6237,561,2,0,0,0,0,0.953982
720,595,2,12,4,4,1,1,1.82126,1.21123,0.234818,-1.92747,2,1,4.8,0,0.34,0.24,0.14,0.035,0.04,0.025,0.008,0.004,0.01,0.006,0.035,0.002,1,1,1,18.5202,0,0,84.818,556,2,0,0,0,0,0.718062
720,597,22,15,5,5,1,2,1.9746,1.21734,0.0609277,1.11611,2,1,6,0,0.34,0.24,0.14,0.035,0.04,0.025,0.008,0.004,0.01,0.006,0.035,0.002,1,1,1,12.8313,0,0,83.56,571,2,0,0,0,0,1.13715
720,603,2,15,4,4,1,1,1.61483,1.22119,0.236408,-2.04018,2,1,4.8,0,0.34,0.24,0.14,0.035,0.04,0.025,0.008,0.004,0.01,0.006,0.035,0.002,1,1,1,8.23158,0,0,78.4779,562,2,0,0,0,0,0.525076
720,609,17,14,5,5,1,2,2.54459,1.77008,0.412977,0.174999,2,1,6,0,0.34,0.24,0.14,0.035,0.04,0.025,0.008,0.004,0.01,0.006,0.035,0.002,1,1,1,11.0492,0,0,75.4203,578,17,0,0,0,0,0.518898
720,611,3,7,9,9,1,2,7.14389,3.49586,0.626416,-1.95273,2,1,10.8,0,0.34,0.24,0.14,0.035,0.04,0.025,0.008,0.004,0.01,0.006,0.035,0.002,1,1,1,26.0145,0,0,74.7871,547,3,0,0,0,0,2.32024
720,613,2,13,4,4,1,1,1.0543,2.09737,0.573396,3.07087,2,1,4.8,0,0.34,0.24,0.14,0.035,0.04,0.025,0.008,0.004,0.01,0.006,0.035,0.002,1,1,1,12.4363,0,0,72.8709,559,2,0,0,0,0,1.22565
720,620,2,14,4,4,1,1,1.76898,1.39365,0.41905,-1.16081,2,1,4.8,0,0.34,0.24,0.14,0.035,0.04,0.025,0.008,0.004,0.01,0.006,0.035,0.002,1,1,1,10.8068,0,0,67.5139,582,2,0,0,0,0,1.05048
720,623,2,13,4,4,1,1,1.2969,1.62027,0.315819,0.331924,2,1,4.8,0,0.34,0.24,0.14,0.035,0.04,0.025,0.008,0.004,0.01,0.006,0.035,0.002,1,1,1,10.5961,0,0,63.1479,595,2,0,0,0,0,1.24761
720,626,2,15,4,4,1,1,1.31834,1.80483,0.553243,2.69661,2,1,4.8,0,0.34,0.24,0.14,0.035,0.04,0.025,0.008,0.004,0.01,0.006,0.035,0.002,1,1,1,9.47036,0,0,58.2969,620,2,0,0,0,0,1.12544
720,630,3,8,9,9,1,2,5.36342,5.64845,0.704743,-2.12345,2,1,10.8,0,0.34,0.24,0.14,0.035,0.04,0.025,0.008,0.004,0.01,0.006,0.035,0.002,1,1,1,13.8229,0,0,55.2046,611,3,0,0,0,0,1.97984
720,636,25,12,5,5,1,2,1.95406,1.643,0.209568,2.67611,2,1,6,0,0.34,0.24,0.14,0.035,0.04,0.025,0.008,0.004,0.01,0.006,0.035,0.002,1,1,1,14.4474,0,0,52.1456,556,2,0,0,0,0,1.26099
720,645,25,13,5,5,1,2,1.29142,2.4542,0.485923,1.38657,2,1,6,0,0.34,0.24,0.14,0.035,0.04,0.025,0.008,0.004,0.01,0.006,0.035,0.002,1,1,1,6.36,0,0,41.9684,636,25,0,0,0,0,0.628197
720,647,2,13,4,4,1,1,1.38355,1.66438,0.180522,-2.4916,2,1,4.8,0,0.34,0.24,0.14,0.035,0.04,0.025,0.008,0.004,0.01,0.006,0.035,0.002,1,1,1,7.01741,0,0,40.3097,595,2,0,0,0,0,0.743066
720,648,2,12,4,4,1,1,1.87578,1.22959,0.567112,1.13039,2,1,4.8,0,0.34,0.24,0.14,0.035,0.04,0.025,0.008,0.004,0.01,0.006,0.035,0.002,1,1,1,3.43289,0,0,40.0346,556,2,0,0,0,0,1.14424
720,651,2,13,4,4,1,1,1.30606,1.41212,0.320631,-0.814365,2,1,4.8,0,0.34,0.24,0.14,0.035,0.04,0.025,0.008,0.004,0.01,0.006,0.035,0.002,1,1,1,9.76122,0,0,37.4674,559,2,0,0,0,0,1.26625
720,653,2,14,4,4,1,1,1.34855,1.78234,0.537277,-2.63597,2,1,4.8,0,0.34,0.24,0.14,0.035,0.04,0.025,0.008,0.004,0.01,0.006,0.035,0.002,1,1,1,2.65551,0,0,35.5087,647,2,0,0,0,0,0.799268
720,657,17,15,5,5,1,2,2.74843,1.86751,0.641694,0.458214,2,1,6,0,0.34,0.24,0.14,0.035,0.04,0.025,0.008,0.004,0.01,0.006,0.035,0.002,1,1,1,6.24,0,0,32.8581,609,17,0,0,0,0,1.03119
720,660,2,13,4,4,1,1,1.95341,1.06088,0.353097,-1.56546,2,1,4.8,0,0.34,0.24,0.14,0.035,0.04,0.025,0.008,0.004,0.01,0.006,0.035,0.002,1,1,1,5.53155,0,0,29.483,595,2,0,0,0,0,1.17208
720,666,2,14,4,4,1,1,1.24933,1.83834,0.18171,-0.514289,2,1,4.8,0,0.34,0.24,0.14,0.035,0.04,0.025,0.008,0.004,0.01,0.006,0.035,0.002,1,1,1,2.58501,0,0,24.683,660,2,0,0,0,0,0.565364
720,670,2,16,4,4,1,1,1.80086,1.28943,0.377786,1.01064,2,1,4.8,0,0.34,0.24,0.14,0.035,0.04,0.025,0.008,0.004,0.01,0.006,0.035,0.002,1,1,1,2.4,0,0,22.0331,626,2,0,0,0,0,0.717097
720,673,25,13,5,5,1,2,1.69269,2.05129,0.370745,1.0352,2,1,6,0,0.34,0.24,0.14,0.035,0.04,0.025,0.008,0.004,0.01,0.006,0.035,0.002,1,1,1,2.73123,0,0,20.9164,636,25,0,0,0,0,1.2795
720,674,17,16,5,5,1,2,2.70772,2.25431,0.112969,-1.25149,2,1,6,0,0.34,0.24,0.14,0.035,0.04,0.025,0.008,0.004,0.01,0.006,0.035,0.002,1,1,1,3.48,0,0,20.1748,657,17,0,0,0,0,1.27878
720,677,2,14,4,4,1,1,1.05206,2.09437,0.457339,0.017834,2,1,4.8,0,0.34,0.24,0.14,0.035,0.04,0.025,0.008,0.004,0.01,0.006,0.035,0.002,1,1,1,2.04,0,0,19.3748,651,2,0,0,0,0,0.756554
750,454,2,12,4,4,1,1,1.21107,1.82583,0.359021,-0.202951,2,1,4.8,0,0.34,0.24,0.14,0.035,0.04,0.025,0.008,0.004,0.01,0.006,0.035,0.002,1,1,1,39.4785,0,0,232.032,422,2,0,0,0,0,0.801155
750,571,2,14,4,4,1,1,1.68127,1.0721,0.278464,1.42466,2,1,4.8,0,0.34,0.24,0.14,0.035,0.04,0.025,0.008,0.004,0.01,0.006,0.035,0.002,1,1,1,20.2053,0,0,135.139,475,2,0,0,0,0,0.716816
750,595,2,12,4,4,1,1,1.21719,2.03827,0.369519,0.376402,2,1,4.8,0,0.34,0.24,0.14,0.035,0.04,0.025,0.008,0.004,0.01,0.006,0.035,0.002,1,1,1,24.2581,0,0,114.811,556,2,0,0,0,0,0.833366
750,597,22,15,5,5,1,2,1.7034,1.76263,0.207317,-0.0719886,2,1,6,0,0.34,0.24,0.14,0.035,0.04,0.025,0.008,0.004,0.01,0.006,0.035,0.002,1,1,1,19.1697,0,0,113.553,571,2,0,0,0,0,0.904829
750,609,17,14,5,5,1,2,2.59137,1.37031,0.33947,-2.46015,2,1,6,0,0.34,0.24,0.14,0.035,0.04,0.025,0.008,0.004,0.01,0.006,0.035,0.002,1,1,1,14.4092,0,0,105.413,578,17,0,0,0,0,0.655481
750,611,3,7,9,9,1,2,2.14272,6.86416,0.0591644,2.10763,2,1,10.8,0,0.34,0.24,0.14,0.035,0.04,0.025,0.008,0.004,0.01,0.006,0.035,0.002,1,1,1,36.974,0,0,104.78,547,3,0,0,0,0,2.02857
750,613,2,13,4,4,1,1,2.03151,1.16631,0.331463,-2.04081,2,1,4.8,0,0.34,0.24,0.14,0.035,0.04,0.025,0.008,0.004,0.01,0.006,0.035,0.002,1,1,1,21.5211,0,0,102.864,559,2,0,0,0,0,1.24023
750,620,2,14,4,4,1,1,1.17093,2.02742,0.535958,2.88809,2,1,4.8,0,0.34,0.24,0.14,0.035,0.04,0.025,0.008,0.004,0.01,0.006,0.035,0.002,1,1,1,15.7672,0,0,97.5066,582,2,0,0,0,0,1.14326
750,623,2,13,4,4,1,1,2.06851,1.15396,0.321167,-1.88543,2,1,4.8,0,0.34,0.24,0.14,0.035,0.04,0.025,0.008,0.004,0.01,0.006,0.035,0.002,1,1,1,17.0327,0,0,93.141,595,2,0,0,0,0,0.728416
750,626,2,15,4,4,1,1,1.10675,2.20661,0.25166,-2.99384,2,1,4.8,0,0.34,0.24,0.14,0.035,0.04,0.025,0.008,0.004,0.01,0.006,0.035,0.002,1,1,1,14.612,0,0,88.2922,620,2,0,0,0,0,0.539439
750,630,3,8,9,9,1,2,6.88633,3.73275,0.235963,3.10587,2,1,10.8,0,0.34,0.24,0.14,0.035,0.04,0.025,0.008,0.004,0.01,0.006,0.035,0.002,1,1,1,16.5487,0,0,85.2013,611,3,0,0,0,0,1.03376
750,645,25,13,5,5,1,2,1.59441,2.29827,0.13689,-2.00153,2,1,6,0,0.34,0.24,0.14,0.035,0.04,0.025,0.008,0.004,0.01,0.006,0.035,0.002,1,1,1,9.80304,0,0,71.9712,636,25,0,0,0,0,0.70697
750,651,2,13,4,4,1,1,1.33474,1.65963,0.542788,-0.55241,2,1,4.8,0,0.34,0.24,0.14,0.035,0.04,0.025,0.008,0.004,0.01,0.006,0.035,0.002,1,1,1,11.2259,0,0,67.4723,559,2,0,0,0,0,0.842012
750,657,17,15,5,5,1,2,1.50508,2.52013,0.462434,2.71325,2,1,6,0,0.34,0.24,0.14,0.035,0.04,0.025,0.008,0.004,0.01,0.006,0.035,0.002,1,1,1,10.8,0,0,62.8645,609,17,0,0,0,0,1.21801
750,660,2,13,4,4,1,1,1.82948,1.2288,0.39513,-1.98455,2,1,4.8,0,0.34,0.24,0.14,0.035,0.04,0.025,0.008,0.004,0.01,0.006,0.035,0.002,1,1,1,10.6915,0,0,59.4888,595,2,0,0,0,0,1.10602
750,661,2,14,4,4,1,1,1.97132,1.22853,0.303939,-1.3496,2,1,4.8,0,0.34,0.24,0.14,0.035,0.04,0.025,0.008,0.004,0.01,0.006,0.035,0.002,1,1,1,2.88,0,0,59.3471,623,2,0,0,0,0,0
750,670,2,16,4,4,1,1,1.78246,1.27458,0.557551,-2.05323,2,1,4.8,0,0.34,0.24,0.14,0.035,0.04,0.025,0.008,0.004,0.01,0.006,0.035,0.002,1,1,1,5.88,0,0,52.0372,626,2,0,0,0,0,1.23507
750,674,17,16,5,5,1,2,2.27447,2.27579,0.412167,-0.0382519,2,1,6,0,0.34,0.24,0.14,0.035,0.04,0.025,0.008,0.004,0.01,0.006,0.035,0.002,1,1,1,13.1541,0,0,50.1785,657,17,0,0,0,0,1.25622
750,679,2,15,4,4,1,1,1.35009,1.66709,0.433083,-0.572999,2,1,4.8,0,0.34,0.24,0.14,0.035,0.04,0.025,0.008,0.004,0.01,0.006,0.035,0.002,1,1,1,4.44259,0,0,45.4025,620,2,0,0,0,0,0.706907
750,682,2,14,4,4,1,1,1.0176,2.35262,0.424122,2.89168,2,1,4.8,0,0.34,0.24,0.14,0.035,0.04,0.025,0.008,0.004,0.01,0.006,0.035,0.002,1,1,1,4.08,0,0,43.302,660,2,0,0,0,0,1.09754
750,692,2,14,4,4,1,1,1.43601,1.74196,0.371207,2.47276,2,1,4.8,0,0.34,0.24,0.14,0.035,0.04,0.025,0.008,0.004,0.01,0.006,0.035,0.002,1,1,1,1.97032,0,0,34.1751,651,2,0,0,0,0,0.667966
750,694,2,17,4,4,1,1,2.1009,1.05032,0.326352,1.69208,2,1,4.8,0,0.34,0.24,0.14,0.035,0.04,0.025,0.008,0.004,0.01,0.006,0.035,0.002,1,1,1,3.6,0,0,33.9417,670,2,0,0,0,0,0.710022
750,698,17,17,5,5,1,2,2.72551,1.91362,0.639726,0.588476,2,1,6,0,0.34,0.24,0.14,0.035,0.04,0.025,0.008,0.004,0.01,0.006,0.035,0.002,1,1,1,10.0459,0,0,29.8496,674,17,0,0,0,0,1.27303
750,699,2,14,4,4,1,1,2.05362,1.05096,0.334168,-1.54543,2,1,4.8,0,0.34,0.24,0.14,0.035,0.04,0.025,0.008,0.004,0.01,0.006,0.035,0.002,1,1,1,1.30405,0,0,27.633,613,2,0,0,0,0,0.672653
750,700,2,16,4,4,1,1,2.14329,1.1584,0.537366,-1.80263,2,1,4.8,0,0.34,0.24,0.14,0.035,0.04,0.025,0.008,0.004,0.01,0.006,0.035,0.002,1,1,1,3.6,0,0,26.833,626,2,0,0,0,0,1.26883
750,706,2,16,4,4,1,1,1.70672,1.39046,0.559615,-0.948771,2,1,4.8,0,0.34,0.24,0.14,0.035,0.04,0.025,0.008,0.004,0.01,0.006,0.035,0.002,1,1,1,0.36,0,0,20.8998,679,2,0,0,0,0,0.858132
750,714,17,17,5,5,1,2,1.37752,2.577,0.586626,-0.538764,2,1,6,0,0.34,0.24,0.14,0.035,0.04,0.025,0.008,0.004,0.01,0.006,0.035,0.002,1,1,1,1.2,0,0,11.9916,674,17,0,0,0,0,1.03926
750,717,17,18,5,5,1,2,1.24613,2.85018,0.463682,-0.615492,2,1,6,0,0.34,0.24,0.14,0.035,0.04,0.025,0.008,0.004,0.01,0.006,0.035,0.002,1,1,1,2.304,0,0,11.5249,698,17,0,0,0,0,1.23774
780,597,22,15,5,5,1,2,1.24117,2.10037,0.199033,2.68546,2,1,6,0,0.34,0.24,0.14,0.035,0.04,0.025,0.008,0.004,0.01,0.006,0.035,0.002,1,1,1,25.0497,0,0,143.545,571,2,0,0,0,0,1.27878
780,611,3,7,9,9,1,2,2.19736,7.28034,0.327723,1.82602,2,1,10.8,0,0.34,0.24,0.14,0.035,0.04,0.025,0.008,0.004,0.01,0.006,0.035,0.002,1,1,1,40.623,0,0,134.772,547,3,0,0,0,0,0.621904
780,613,2,13,4,4,1,1,1.88775,1.29906,0.332517,-1.14503,2,1,4.8,0,0.34,0.24,0.14,0.035,0.04,0.025,0.008,0.004,0.01,0.006,0.035,0.002,1,1,1,27.6411,0,0,132.856,559,2,0,0,0,0,0.659841
780,626,2,15,4,4,1,1,1.10507,1.88738,0.332563,-3.05755,2,1,4.8,0,0.34,0.24,0.14,0.035,0.04,0.025,0.008,0.004,0.01,0.006,0.035,0.002,1,1,1,20.5519,0,0,118.285,620,2,0,0,0,0,0.771591
780,629,23,16,11,11,2,4,3.24787,2.93417,0.0413878,-1.34455,4,2,13.2,0,0.34,0.24,0.14,0.035,0.04,0.025,0.008,0.004,0.01,0.006,0.035,0.002,1,1,1,27.0303,0,0,116.227,597,22,0,0,0,0,1.48904
780,645,25,13,5,5,1,2,2.14567,1.89586,0.430677,-0.979478,2,1,6,0,0.34,0.24,0.14,0.035,0.04,0.025,0.008,0.004,0.01,0.006,0.035,0.002,1,1,1,17.2003,0,0,101.964,636,25,0,0,0,0,1.26293
780,655,25,14,5,5,1,2,1.82338,1.97359,0.423064,0.658533,2,1,6,0,0.34,0.24,0.14,0.035,0.04,0.025,0.008,0.004,0.01,0.006,0.035,0.002,1,1,1,9.24165,0,0,93.4659,645,25,0,0,0,0,0.529813
780,657,17,15,5,5,1,2,2.61107,1.86102,0.266725,0.263997,2,1,6,0,0.34,0.24,0.14,0.035,0.04,0.025,0.008,0.004,0.01,0.006,0.035,0.002,1,1,1,15.3684,0,0,92.8577,609,17,0,0,0,0,0.858419
780,660,2,13,4,4,1,1,1.7085,1.33644,0.47571,-2.21904,2,1,4.8,0,0.34,0.24,0.14,0.035,0.04,0.025,0.008,0.004,0.01,0.006,0.035,0.002,1,1,1,18.0425,0,0,89.4835,595,2,0,0,0,0,1.27388
780,670,2,16,4,4,1,1,1.36459,1.70653,0.381859,0.548413,2,1,4.8,0,0.34,0.24,0.14,0.035,0.04,0.025,0.008,0.004,0.01,0.006,0.035,0.002,1,1,1,10.2545,0,0,82.0354,626,2,0,0,0,0,0.755728
780,674,17,16,5,5,1,2,2.07181,2.36678,0.473809,2.87526,2,1,6,0,0.34,0.24,0.14,0.035,0.04,0.025,0.008,0.004,0.01,0.006,0.035,0.002,1,1,1,15.9621,0,0,80.1775,657,17,0,0,0,0,1.24049
780,682,2,14,4,4,1,1,2.04351,1.1646,0.477457,1.94167,2,1,4.8,0,0.34,0.24,0.14,0.035,0.04,0.025,0.008,0.004,0.01,0.006,0.035,0.002,1,1,1,8.83657,0,0,73.3042,660,2,0,0,0,0,1.00733
780,698,17,17,5,5,1,2,1.96853,2.39837,0.376658,-0.248248,2,1,6,0,0.34,0.24,0.14,0.035,0.04,0.025,0.008,0.004,0.01,0.006,0.035,0.002,1,1,1,13.6201,0,0,59.8555,674,17,0,0,0,0,0.933472
780,714,17,17,5,5,1,2,1.89029,2.73716,0.336712,-1.1842,2,1,6,0,0.34,0.24,0.14,0.035,0.04,0.025,0.008,0.004,0.01,0.006,0.035,0.002,1,1,1,4.74338,0,0,41.9934,674,17,0,0,0,0,1.27303
780,717,17,18,5,5,1,2,2.74834,1.94056,0.430993,0.313343,2,1,6,0,0.34,0.24,0.14,0.035,0.04,0.025,0.008,0.004,0.01,0.006,0.035,0.002,1,1,1,6.432,0,0,41.5266,698,17,0,0,0,0,1.08285
780,719,3,8,9,9,1,2,6.63921,4.97276,0.719892,3.11578,2,1,10.8,0,0.34,0.24,0.14,0.035,0.04,0.025,0.008,0.004,0.01,0.006,0.035,0.002,1,1,1,13.5468,0,0,38.5677,611,3,0,0,0,0,0.792032
780,726,2,14,4,4,1,1,1.33907,1.70513,0.387391,0.482413,2,1,4.8,0,0.34,0.24,0.14,0.035,0.04,0.025,0.008,0.004,0.01,0.006,0.035,0.002,1,1,1,4.41658,0,0,34.0834,613,2,0,0,0,0,0.974063
780,733,17,18,5,5,1,2,2.45942,1.98717,0.266141,0.0759108,2,1,6,0,0.34,0.24,0.14,0.035,0.04,0.025,0.008,0.004,0.01,0.006,0.035,0.002,1,1,1,3.11734,0,0,29.508,698,17,0,0,0,0,0.909802
780,738,3,9,9,9,1,2,5.42222,5.36546,0.536091,2.06445,2,1,10.8,0,0.34,0.24,0.14,0.035,0.04,0.025,0.008,0.004,0.01,0.006,0.035,0.002,1,1,1,4.6124,0,0,27.7663,719,3,0,0,0,0,2.04051
780,746,2,14,4,4,1,1,1.84986,1.15993,0.518109,1.70924,2,1,4.8,0,0.34,0.24,0.14,0.035,0.04,0.025,0.008,0.004,0.01,0.006,0.035,0.002,1,1,1,2.76,0,0,24.9164,660,2,0,0,0,0,0
780,750,2,14,4,4,1,1,1.11482,2.15515,0.374144,-0.0767455,2,1,4.8,0,0.34,0.24,0.14,0.035,0.04,0.025,0.008,0.004,0.01,0.006,0.035,0.002,1,1,1,4.68,0,0,23.2664,613,2,0,0,0,0,1.18446
780,753,2,16,4,4,1,1,1.23506,2.0862,0.372582,-2.67773,2,1,4.8,0,0.34,0.24,0.14,0.035,0.04,0.025,0.008,0.004,0.01,0.006,0.035,0.002,1,1,1,1.8601,0,0,20.8414,626,2,0,0,0,0,0.572198
780,754,2,15,4,4,1,1,2.18372,1.07446,0.457731,1.65253,2,1,4.8,0,0.34,0.24,0.14,0.035,0.04,0.025,0.008,0.004,0.01,0.006,0.035,0.002,1,1,1,0.888,0,0,19.6498,746,2,0,0,0,0,1.2795
810,597,22,15,5,5,1,2,1.86168,1.11278,0.454012,-2.17253,2,1,6,0,0.34,0.24,0.14,0.035,0.04,0.025,0.008,0.004,0.01,0.006,0.035,0.002,1,1,1,32.0097,0,0,173.538,571,2,0,0,0,0,0.738368
810,629,23,16,11,11,2,4,2.26951,3.72881,0.568888,-2.81521,4,2,13.2,0,0.34,0.24,0.14,0.035,0.04,0.025,0.008,0.004,0.01,0.006,0.035,0.002,1,1,1,40.1031,0,0,146.22,597,22,0,0,0,0,2.53712
810,645,25,13,5,5,1,2,2.0406,1.84826,0.302049,2.36116,2,1,6,0,0.34,0.24,0.14,0.035,0.04,0.025,0.008,0.004,0.01,0.006,0.035,0.002,1,1,1,22.0258,0,0,131.957,636,25,0,0,0,0,0.530488
810,655,25,14,5,5,1,2,1.28076,2.27692,0.307318,-1.74963,2,1,6,0,0.34,0.24,0.14,0.035,0.04,0.025,0.008,0.004,0.01,0.006,0.035,0.002,1,1,1,17.0694,0,0,123.459,645,25,0,0,0,0,0.567605
810,657,17,15,5,5,1,2,2.47066,1.33515,0.343572,0.942443,2,1,6,0,0.34,0.24,0.14,0.035,0.04,0.025,0.008,0.004,0.01,0.006,0.035,0.002,1,1,1,21.4404,0,0,122.85,609,17,0,0,0,0,1.15994
810,660,2,13,4,4,1,1,1.37364,1.67365,0.370493,0.479349,2,1,4.8,0,0.34,0.24,0.14,0.035,0.04,0.025,0.008,0.004,0.01,0.006,0.035,0.002,1,1,1,20.9945,0,0,119.476,595,2,0,0,0,0,0.913769
810,674,17,16,5,5,1,2,2.60203,1.78971,0.332315,0.45183,2,1,6,0,0.34,0.24,0.14,0.035,0.04,0.025,0.008,0.004,0.01,0.006,0.035,0.002,1,1,1,21.0021,0,0,110.17,657,17,0,0,0,0,1.08305
810,698,17,17,5,5,1,2,2.68618,1.73983,0.32969,0.667061,2,1,6,0,0.34,0.24,0.14,0.035,0.04,0.025,0.008,0.004,0.01,0.006,0.035,0.002,1,1,1,18.0601,0,0,89.8501,674,17,0,0,0,0,0.972786
810,717,17,18,5,5,1,2,2.76293,1.95226,0.46467,-2.76711,2,1,6,0,0.34,0.24,0.14,0.035,0.04,0.025,0.008,0.004,0.01,0.006,0.035,0.002,1,1,1,16.4563,0,0,71.5296,698,17,0,0,0,0,1.22549
810,719,3,8,9,9,1,2,2.43304,6.80243,0.284288,-1.04554,2,1,10.8,0,0.34,0.24,0.14,0.035,0.04,0.025,0.008,0.004,0.01,0.006,0.035,0.002,1,1,1,16.9548,0,0,68.572,611,3,0,0,0,0,1.32326
810,726,2,14,4,4,1,1,1.24043,1.99094,0.55335,0.431089,2,1,4.8,0,0.34,0.24,0.14,0.035,0.04,0.025,0.008,0.004,0.01,0.006,0.035,0.002,1,1,1,11.6166,0,0,64.0897,613,2,0,0,0,0,0.896011
810,733,17,18,5,5,1,2,1.44227,2.50552,0.466289,-0.554086,2,1,6,0,0.34,0.24,0.14,0.035,0.04,0.025,0.008,0.004,0.01,0.006,0.035,0.002,1,1,1,8.54134,0,0,59.5138,698,17,0,0,0,0,1.24926
810,734,2,15,4,4,1,1,1.82106,1.23569,0.446001,1.3166,2,1,4.8,0,0.34,0.24,0.14,0.035,0.04,0.025,0.008,0.004,0.01,0.006,0.035,0.002,1,1,1,8.18082,0,0,59.2888,726,2,0,0,0,0,1.04853
810,738,3,9,9,9,1,2,6.69044,4.23609,0.482674,0.86472,2,1,10.8,0,0.34,0.24,0.14,0.035,0.04,0.025,0.008,0.004,0.01,0.006,0.035,0.002,1,1,1,10.0124,0,0,57.7718,719,3,0,0,0,0,2.88018
810,750,2,14,4,4,1,1,1.43685,1.43937,0.429686,-0.944939,2,1,4.8,0,0.34,0.24,0.14,0.035,0.04,0.025,0.008,0.004,0.01,0.006,0.035,0.002,1,1,1,8.184,0,0,53.2708,613,2,0,0,0,0,0.74859
810,753,2,16,4,4,1,1,1.30228,1.76285,0.379462,2.72386,2,1,4.8,0,0.34,0.24,0.14,0.035,0.04,0.025,0.008,0.004,0.01,0.006,0.035,0.002,1,1,1,6.0841,0,0,50.8453,626,2,0,0,0,0,1.18109
810,754,2,15,4,4,1,1,1.06414,2.13076,0.350774,-2.88615,2,1,4.8,0,0.34,0.24,0.14,0.035,0.04,0.025,0.008,0.004,0.01,0.006,0.035,0.002,1,1,1,6.69281,0,0,49.6534,746,2,0,0,0,0,0.842198
810,755,25,15,5,5,1,2,1.72154,1.93999,0.33155,2.20785,2,1,6,0,0.34,0.24,0.14,0.035,0.04,0.025,0.008,0.004,0.01,0.006,0.035,0.002,1,1,1,6.64288,0,0,47.6446,655,25,0,0,0,0,0.568996
810,760,25,14,5,5,1,2,1.54506,2.34007,0.258612,-1.95528,2,1,6,0,0.34,0.24,0.14,0.035,0.04,0.025,0.008,0.004,0.01,0.006,0.035,0.002,1,1,1,3.54431,0,0,41.3266,645,25,0,0,0,0,0.568978
810,762,22,16,5,5,1,2,2.0353,1.26459,0.416884,0.333797,2,1,6,0,0.34,0.24,0.14,0.035,0.04,0.025,0.008,0.004,0.01,0.006,0.035,0.002,1,1,1,4.4641,0,0,39.0761,597,22,0,0,0,0,0.866338
810,764,23,17,11,11,2,4,3.25689,2.48791,0.425846,2.43596,4,2,13.2,0,0.34,0.24,0.14,0.035,0.04,0.025,0.008,0.004,0.01,0.006,0.035,0.002,1,1,1,4.01589,0,0,38.0175,629,23,0,0,0,0,1.76779
810,770,2,15,4,4,1,1,1.34154,1.75043,0.320618,0.35665,2,1,4.8,0,0.34,0.24,0.14,0.035,0.04,0.025,0.008,0.004,0.01,0.006,0.035,0.002,1,1,1,5.04,0,0,34.5501,750,2,0,0,0,0,0.933501
810,776,17,19,5,5,1,2,1.57242,2.63249,0.127448,-0.985464,2,1,6,1,0.34,0.24,0.14,0.035,0.04,0.025,0.008,0.004,0.01,0.006,0.035,0.002,1,1,1,5.4,0,0,27.1663,717,17,0,0,0,0,0.686979
810,785,27,16,5,5,1,1,2.20592,1.72626,0.208687,-1.42446,2,2,6,0,0.34,0.24,0.14,0.035,0.04,0.025,0.008,0.004,0.01,0.006,0.035,0.002,1,1,1,2.544,0,0,20.0331,734,2,0,0,0,0,0.971969
810,787,2,15,4,4,1,1,1.29554,1.65897,0.542169,2.61844,2,1,4.8,0,0.34,0.24,0.14,0.035,0.04,0.025,0.008,0.004,0.01,0.006,0.035,0.002,1,1,1,1.44,0,0,15.4998,726,2,0,0,0,0,1.1074
810,788,17,19,5,5,1,2,1.62463,2.54644,0.519214,2.18045,2,1,6,0,0.34,0.24,0.14,0.035,0.04,0.025,0.008,0.004,0.01,0.006,0.035,0.002,1,1,1,2.46069,0,0,14.6499,717,17,0,0,0,0,1.2528
810,790,25,16,5,5,1,2,2.4756,1.16344,0.408325,3.08524,2,1,6,0,0.34,0.24,0.14,0.035,0.04,0.025,0.008,0.004,0.01,0.006,0.035,0.002,1,1,1,1.21588,0,0,13.9749,755,25,0,0,0,0,0.551435
840,629,23,16,11,11,2,4,3.07953,3.20977,0.332598,-3.02974,4,2,13.2,0,0.34,0.24,0.14,0.035,0.04,0.025,0.008,0.004,0.01,0.006,0.035,0.002,1,1,1,42.8151,0,0,176.212,597,22,0,0,0,0,1.65221
840,655,25,14,5,5,1,2,1.46448,2.19514,0.384457,1.26601,2,1,6,0,0.34,0.24,0.14,0.035,0.04,0.025,0.008,0.004,0.01,0.006,0.035,0.002,1,1,1,24.67,0,0,153.451,645,25,0,0,0,0,0.622681
840,657,17,15,5,5,1,2,1.43725,2.60048,0.417837,-0.863924,2,1,6,0,0.34,0.24,0.14,0.035,0.04,0.025,0.008,0.004,0.01,0.006,0.035,0.002,1,1,1,25.7604,0,0,152.843,609,17,0,0,0,0,1.27878
840,674,17,16,5,5,1,2,2.23717,2.18141,0.241579,3.04088,2,1,6,0,0.34,0.24,0.14,0.035,0.04,0.025,0.008,0.004,0.01,0.006,0.035,0.002,1,1,1,29.4885,0,0,140.163,657,17,0,0,0,0,0.646178
840,698,17,17,5,5,1,2,2.67168,1.61304,0.371233,-2.57689,2,1,6,0,0.34,0.24,0.14,0.035,0.04,0.025,0.008,0.004,0.01,0.006,0.035,0.002,1,1,1,22.8601,0,0,119.843,674,17,0,0,0,0,0.526763
840,719,3,8,9,9,1,2,6.00374,5.6722,0.8,2.66744,2,1,10.8,0,0.34,0.24,0.14,0.035,0.04,0.025,0.008,0.004,0.01,0.006,0.035,0.002,1,1,1,28.857,0,0,98.5647,611,3,0,0,0,0,2.09113
840,732,17,17,5,5,1,2,2.16207,2.29642,0.422519,2.8728,2,1,6,0,0.34,0.24,0.14,0.035,0.04,0.025,0.008,0.004,0.01,0.006,0.035,0.002,1,1,1,9.024,0,0,89.9751,674,17,0,0,0,0,0.716564
840,733,17,18,5,5,1,2,2.41995,1.93462,0.45395,1.17766,2,1,6,0,0.34,0.24,0.14,0.035,0.04,0.025,0.008,0.004,0.01,0.006,0.035,0.002,1,1,1,12.4053,0,0,89.5085,698,17,0,0,0,0,1.08875
840,753,2,16,4,4,1,1,1.54039,1.49108,0.422305,0.905455,2,1,4.8,0,0.34,0.24,0.14,0.035,0.04,0.025,0.008,0.004,0.01,0.006,0.035,0.002,1,1,1,11.6521,0,0,80.844,626,2,0,0,0,0,0.861314
840,754,2,15,4,4,1,1,2.03815,1.21639,0.307769,-1.19828,2,1,4.8,0,0.34,0.24,0.14,0.035,0.04,0.025,0.008,0.004,0.01,0.006,0.035,0.002,1,1,1,9.72257,0,0,79.6526,746,2,0,0,0,0,0.681116
840,755,25,15,5,5,1,2,2.41999,1.35671,0.399634,2.91153,2,1,6,0,0.34,0.24,0.14,0.035,0.04,0.025,0.008,0.004,0.01,0.006,0.035,0.002,1,1,1,7.89088,0,0,77.6448,655,25,0,0,0,0,0.65446
840,762,22,16,5,5,1,2,2.13642,1.09192,0.304824,0.900038,2,1,6,0,0.34,0.24,0.14,0.035,0.04,0.025,0.008,0.004,0.01,0.006,0.035,0.002,1,1,1,12.6241,0,0,69.0802,597,22,0,0,0,0,0.981924
840,764,23,17,10,11,2,3,2.96495,3.31444,0.512214,-0.230865,3,2,12,0,0.34,0.24,0.14,0.035,0.04,0.025,0.008,0.004,0.01,0.006,0.035,0.002,1,1,1,15.8015,0,0,68.0221,629,23,0,0,0,0,2.15575
840,776,17,19,5,5,1,2,2.10626,2.61912,0.334457,-0.0726901,2,1,6,1,0.34,0.24,0.14,0.035,0.04,0.025,0.008,0.004,0.01,0.006,0.035,0.002,1,1,1,12.7719,0,0,57.1716,717,17,0,0,0,0,1.27878
840,779,2,16,4,4,1,1,1.24037,1.90625,0.436171,0.339415,2,1,4.8,0,0.34,0.24,0.14,0.035,0.04,0.025,0.008,0.004,0.01,0.006,0.035,0.002,1,1,1,6.4305,0,0,54.0543,754,2,0,0,0,0,0.579344
840,783,17,20,5,5,1,2,1.94181,2.52984,0.427611,1.84948,2,1,6,1,0.34,0.24,0.14,0.035,0.04,0.025,0.008,0.004,0.01,0.006,0.035,0.002,1,1,1,5.10811,0,0,50.6702,776,17,0,0,0,0,1.15686
840,785,27,16,5,5,1,1,2.33792,1.98591,0.481478,2.82346,2,2,6,0,0.34,0.24,0.14,0.035,0.04,0.025,0.008,0.004,0.01,0.006,0.035,0.002,1,1,1,9.22465,0,0,50.0368,734,2,0,0,0,0,0.868102
840,787,2,15,4,4,1,1,1.33304,1.47398,0.483509,2.50525,2,1,4.8,0,0.34,0.24,0.14,0.035,0.04,0.025,0.008,0.004,0.01,0.006,0.035,0.002,1,1,1,4.704,0,0,45.5025,726,2,0,0,0,0,0.713459
840,788,17,19,5,5,1,2,1.74417,2.6995,0.373567,2.0356,2,1,6,0,0.34,0.24,0.14,0.035,0.04,0.025,0.008,0.004,0.01,0.006,0.035,0.002,1,1,1,8.03831,0,0,44.6523,717,17,0,0,0,0,0.731223
840,792,22,17,5,5,1,2,1.74911,1.69722,0.774404,-1.76465,2,1,6,0,0.34,0.24,0.14,0.035,0.04,0.025,0.008,0.004,0.01,0.006,0.035,0.002,1,1,1,7.68,0,0,41.6517,762,22,0,0,0,0,1.27878
840,793,17,20,5,5,1,2,2.76042,1.69083,0.479571,-2.68597,2,1,6,0,0.34,0.24,0.14,0.035,0.04,0.025,0.008,0.004,0.01,0.006,0.035,0.002,1,1,1,5.88169,0,0,38.651,788,17,0,0,0,0,0.518961
840,797,25,15,5,5,1,2,1.6584,2.00478,0.289993,-1.16091,2,1,6,0,0.34,0.24,0.14,0.035,0.04,0.025,0.008,0.004,0.01,0.006,0.035,0.002,1,1,1,3.84231,0,0,37.9592,655,25,0,0,0,0,0.743823
840,804,2,17,4,4,1,1,1.07707,2.05857,0.577367,0.158438,2,1,4.8,0,0.34,0.24,0.14,0.035,0.04,0.025,0.008,0.004,0.01,0.006,0.035,0.002,1,1,1,1.52212,0,0,20.4581,779,2,0,0,0,0,1.26367
840,807,17,17,5,5,1,2,1.4964,2.67082,0.499778,-0.741381,2,1,6,0,0.34,0.24,0.14,0.035,0.04,0.025,0.008,0.004,0.01,0.006,0.035,0.002,1,1,1,2.09764,0,0,19.0581,674,17,0,0,0,0,1.17356
840,812,22,18,5,5,1,2,1.32465,2.37843,0.779173,2.52259,2,1,6,0,0.34,0.24,0.14,0.035,0.04,0.025,0.008,0.004,0.01,0.006,0.035,0.002,1,1,1,0.6,0,0,15.8998,792,22,0,0,0,0,1.22246
870,655,25,14,5,5,1,2,2.11248,1.73214,0.419916,-0.533794,2,1,6,0,0.34,0.24,0.14,0.035,0.04,0.025,0.008,0.004,0.01,0.006,0.035,0.002,1,1,1,29.5808,0,0,183.444,645,25,0,0,0,0,1.2795
870,657,17,15,5,5,1,2,2.66604,1.89171,0.269345,0.414873,2,1,6,0,0.34,0.24,0.14,0.035,0.04,0.025,0.008,0.004,0.01,0.006,0.035,0.002,1,1,1,30.9444,0,0,182.836,609,17,0,0,0,0,0.84953
870,698,17,17,5,5,1,2,1.56594,2.847,0.170687,-0.882047,2,1,6,0,0.34,0.24,0.14,0.035,0.04,0.025,0.008,0.004,0.01,0.006,0.035,0.002,1,1,1,30.5881,0,0,149.835,674,17,0,0,0,0,0.526881
870,719,3,8,9,9,1,2,5.2424,5.97287,0.363059,-2.65497,2,1,10.8,0,0.34,0.24,0.14,0.035,0.04,0.025,0.008,0.004,0.01,0.006,0.035,0.002,1,1,1,40.2667,0,0,128.557,611,3,0,0,0,0,0.572246
870,732,17,17,5,5,1,2,2.49088,1.90476,0.494286,1.17054,2,1,6,0,0.34,0.24,0.14,0.035,0.04,0.025,0.008,0.004,0.01,0.006,0.035,0.002,1,1,1,14.928,0,0,119.968,674,17,0,0,0,0,1.26028
870,762,22,16,5,5,1,2,1.81085,1.08687,0.326592,0.929879,2,1,6,0,0.34,0.24,0.14,0.035,0.04,0.025,0.008,0.004,0.01,0.006,0.035,0.002,1,1,1,14.8315,0,0,99.0729,597,22,0,0,0,0,0
870,764,23,17,10,11,2,3,2.85557,3.23896,0.206836,-2.1498,3,2,12,0,0.34,0.24,0.14,0.035,0.04,0.025,0.008,0.004,0.01,0.006,0.035,0.002,1,1,1,20.4815,0,0,98.0148,629,23,0,0,0,0,1.09728
870,779,2,16,4,4,1,1,1.24729,1.76872,0.292825,0.276509,2,1,4.8,0,0.34,0.24,0.14,0.035,0.04,0.025,0.008,0.004,0.01,0.006,0.035,0.002,1,1,1,9.97521,0,0,84.0515,754,2,0,0,0,0,1.01312
870,780,3,9,9,9,1,2,7.51217,2.37217,0.768414,-2.71909,2,1,10.8,0,0.34,0.24,0.14,0.035,0.04,0.025,0.008,0.004,0.01,0.006,0.035,0.002,1,1,1,12.2126,0,0,83.9849,719,3,0,0,0,0,1.99197
870,783,17,20,5,5,1,2,1.89588,2.48478,0.552975,-1.19219,2,1,6,1,0.34,0.24,0.14,0.035,0.04,0.025,0.008,0.004,0.01,0.006,0.035,0.002,1,1,1,10.6761,0,0,80.669,776,17,0,0,0,0,1.22437
870,785,27,16,5,5,1,1,2.58409,1.36616,0.429431,1.9252,2,2,6,0,0.34,0.24,0.14,0.035,0.04,0.025,0.008,0.004,0.01,0.006,0.035,0.002,1,1,1,13.2903,0,0,80.0359,734,2,0,0,0,0,0.648478
870,787,2,15,4,4,1,1,1.32247,1.45554,0.537406,-0.617526,2,1,4.8,0,0.34,0.24,0.14,0.035,0.04,0.025,0.008,0.004,0.01,0.006,0.035,0.002,1,1,1,8.89985,0,0,75.5036,726,2,0,0,0,0,1.17586
870,793,17,20,5,5,1,2,2.14551,2.34814,0.178107,-1.28541,2,1,6,0,0.34,0.24,0.14,0.035,0.04,0.025,0.008,0.004,0.01,0.006,0.035,0.002,1,1,1,11.6243,0,0,68.6553,788,17,0,0,0,0,0.980068
870,804,2,17,4,4,1,1,1.61446,1.37885,0.586427,-1.11605,2,1,4.8,0,0.34,0.24,0.14,0.035,0.04,0.025,0.008,0.004,0.01,0.006,0.035,0.002,1,1,1,5.47956,0,0,50.4619,779,2,0,0,0,0,1.23687
870,807,17,17,5,5,1,2,2.28608,2.18604,0.314517,-1.77869,2,1,6,0,0.34,0.24,0.14,0.035,0.04,0.025,0.008,0.004,0.01,0.006,0.035,0.002,1,1,1,7.26857,0,0,49.0616,674,17,0,0,0,0,1.27303
870,812,22,18,5,5,1,2,1.22416,2.05104,0.291022,1.74325,2,1,6,0,0.34,0.24,0.14,0.035,0.04,0.025,0.008,0.004,0.01,0.006,0.035,0.002,1,1,1,4.32,0,0,45.9026,792,22,0,0,0,0,0.792836
870,814,17,21,5,5,1,2,2.41641,2.44365,0.272614,-1.68582,2,1,6,0,0.34,0.24,0.14,0.035,0.04,0.025,0.008,0.004,0.01,0.006,0.035,0.002,1,1,1,6.42075,0,0,45.5692,793,17,0,0,0,0,0.527014
870,817,22,17,5,5,1,2,2.03303,1.01333,0.409512,-2.33979,2,1,6,0,0.34,0.24,0.14,0.035,0.04,0.025,0.008,0.004,0.01,0.006,0.035,0.002,1,1,1,5.04,0,0,42.3018,762,22,0,0,0,0,1.02928
870,829,22,18,5,5,1,2,2.21597,1.09421,0.447524,-2.22885,2,1,6,0,0.34,0.24,0.14,0.035,0.04,0.025,0.008,0.004,0.01,0.006,0.035,0.002,1,1,1,4.2,0,0,28.858,817,22,0,0,0,0,1.25517
900,655,25,14,5,5,1,2,1.36143,2.57789,0.415584,-1.78278,2,1,6,0,0.34,0.24,0.14,0.035,0.04,0.025,0.008,0.004,0.01,0.006,0.035,0.002,1,1,1,37.4052,0,0,213.437,645,25,0,0,0,0,1.04139
900,657,17,15,5,5,1,2,2.58363,1.84011,0.338505,0.344386,2,1,6,0,0.34,0.24,0.14,0.035,0.04,0.025,0.008,0.004,0.01,0.006,0.035,0.002,1,1,1,37.3524,0,0,212.828,609,17,0,0,0,0,1.27878
900,698,17,17,5,5,1,2,1.58409,2.96279,0.349912,2.76185,2,1,6,0,0.34,0.24,0.14,0.035,0.04,0.025,0.008,0.004,0.01,0.006,0.035,0.002,1,1,1,41.3881,0,0,179.828,674,17,0,0,0,0,1.24769
900,719,3,8,9,9,1,2,5.3849,5.48981,0.235502,-1.95199,2,1,10.8,0,0.34,0.24,0.14,0.035,0.04,0.025,0.008,0.004,0.01,0.006,0.035,0.002,1,1,1,42.8107,0,0,158.55,611,3,0,0,0,0,1.01388
900,732,17,17,5,5,1,2,3.03099,1.26747,0.436381,0.685163,2,1,6,0,0.34,0.24,0.14,0.035,0.04,0.025,0.008,0.004,0.01,0.006,0.035,0.002,1,1,1,23.424,0,0,149.96,674,17,0,0,0,0,1.27878
900,779,2,16,4,4,1,1,2.24483,1.05626,0.57307,1.64895,2,1,4.8,0,0.34,0.24,0.14,0.035,0.04,0.025,0.008,0.004,0.01,0.006,0.035,0.002,1,1,1,14.9605,0,0,114.044,754,2,0,0,0,0,0.551863
900,783,17,20,5,5,1,2,2.10786,1.98034,0.503296,1.224,2,1,6,1,0.34,0.24,0.14,0.035,0.04,0.025,0.008,0.004,0.01,0.006,0.035,0.002,1,1,1,20.8041,0,0,110.662,776,17,0,0,0,0,1.1122
900,787,2,15,4,4,1,1,1.30171,1.97648,0.317412,-2.49769,2,1,4.8,0,0.34,0.24,0.14,0.035,0.04,0.025,0.008,0.004,0.01,0.006,0.035,0.002,1,1,1,12.4279,0,0,105.496,726,2,0,0,0,0,1.27811
900,804,2,17,4,4,1,1,1.11087,1.90767,0.426753,-3.03767,2,1,4.8,0,0.34,0.24,0.14,0.035,0.04,0.025,0.008,0.004,0.01,0.006,0.035,0.002,1,1,1,12.9743,0,0,80.4607,779,2,0,0,0,0,0.584649
900,807,17,17,5,5,1,2,2.70216,2.00777,0.556084,0.0623893,2,1,6,0,0.34,0.24,0.14,0.035,0.04,0.025,0.008,0.004,0.01,0.006,0.035,0.002,1,1,1,18.9199,0,0,79.0611,674,17,0,0,0,0,0.75215
900,814,17,21,5,5,1,2,2.43424,2.02462,0.223112,-2.87322,2,1,6,0,0.34,0.24,0.14,0.035,0.04,0.025,0.008,0.004,0.01,0.006,0.035,0.002,1,1,1,11.8447,0,0,75.5703,793,17,0,0,0,0,0.762479
900,822,25,15,5,5,1,2,2.10855,1.87339,0.598879,-0.789878,2,1,6,0,0.34,0.24,0.14,0.035,0.04,0.025,0.008,0.004,0.01,0.006,0.035,0.002,1,1,1,11.6174,0,0,66.5308,655,25,0,0,0,0,1.10282
900,828,17,18,5,5,1,2,1.76031,2.70271,0.532528,1.69612,2,1,6,0,0.34,0.24,0.14,0.035,0.04,0.025,0.008,0.004,0.01,0.006,0.035,0.002,1,1,1,6.81769,0,0,60.3306,807,17,0,0,0,0,1.10845
900,829,22,18,5,5,1,2,2.09394,1.17255,0.309614,0.318713,2,1,6,0,0.34,0.24,0.14,0.035,0.04,0.025,0.008,0.004,0.01,0.006,0.035,0.002,1,1,1,10.608,0,0,58.8637,817,22,0,0,0,0,0.528504
900,831,17,22,5,5,1,2,2.52424,2.37891,0.354328,0.15609,2,1,6,0,0.34,0.24,0.14,0.035,0.04,0.025,0.008,0.004,0.01,0.006,0.035,0.002,1,1,1,7.52325,0,0,53.0624,814,17,0,0,0,0,1.08701
900,832,22,19,5,5,1,2,2.00876,1.08415,0.309289,0.697363,2,1,6,0,0.34,0.24,0.14,0.035,0.04,0.025,0.008,0.004,0.01,0.006,0.035,0.002,1,1,1,4.92581,0,0,52.8624,829,22,0,0,0,0,0.523539
900,841,17,18,5,5,1,2,1.95492,2.6211,0.358205,1.81389,2,1,6,0,0.34,0.24,0.14,0.035,0.04,0.025,0.008,0.004,0.01,0.006,0.035,0.002,1,1,1,6.25798,0,0,35.7754,732,17,0,0,0,0,1.24464
900,847,28,21,6,6,1,2,1.52788,2.61681,0.220774,-1.53579,2,2,7.2,1,0.34,0.24,0.14,0.035,0.04,0.025,0.008,0.004,0.01,0.006,0.035,0.002,1,1,1,1.08,3.33625,0,27.583,783,17,0,0,0,0,0.521138
900,848,2,18,4,4,1,1,1.85925,1.26908,0.458046,-2.0931,2,1,4.8,0,0.34,0.24,0.14,0.035,0.04,0.025,0.008,0.004,0.01,0.006,0.035,0.002,1,1,1,3.6,0,0,27.4247,804,2,0,0,0,0,0.968689
900,851,17,19,5,5,1,2,2.25455,2.35846,0.260768,1.6048,2,1,6,0,0.34,0.24,0.14,0.035,0.04,0.025,0.008,0.004,0.01,0.006,0.035,0.002,1,1,1,2.352,0,0,25.658,828,17,0,0,0,0,1.19839
900,852,17,18,5,5,1,2,2.82285,1.57475,0.805695,-2.7112,2,1,6,0,0.34,0.24,0.14,0.035,0.04,0.025,0.008,0.004,0.01,0.006,0.035,0.002,1,1,1,4.8,0,0,23.8664,698,17,0,0,0,0,0.535089
900,855,25,16,5,5,1,2,2.00214,1.32509,0.301504,0.0891054,2,1,6,0,0.34,0.24,0.14,0.035,0.04,0.025,0.008,0.004,0.01,0.006,0.035,0.002,1,1,1,3.34432,0,0,21.0914,822,25,0,0,0,0,1.26554
900,857,17,18,5,5,1,2,2.52003,1.31634,0.349024,-2.52107,2,1,6,0,0.34,0.24,0.14,0.035,0.04,0.025,0.008,0.004,0.01,0.006,0.035,0.002,1,1,1,2.4,0,0,19.6415,807,17,0,0,0,0,0.601088
900,863,17,19,5,5,1,2,1.71325,2.51423,0.226444,-1.81307,2,1,6,0,0.34,0.24,0.14,0.035,0.04,0.025,0.008,0.004,0.01,0.006,0.035,0.002,1,1,1,2.28,0,0,14.7165,852,17,0,0,0,0,0.601816
900,868,2,18,4,4,1,1,2.17851,1.0835,0.54694,-1.64449,2,1,4.8,0,0.34,0.24,0.14,0.035,0.04,0.025,0.008,0.004,0.01,0.006,0.035,0.002,1,1,1,1.032,0,0,12.1082,804,2,0,0,0,0,0.895483
900,869,25,15,5,5,1,2,2.13362,1.85787,0.578386,0.724234,2,1,6,0,0.34,0.24,0.14,0.035,0.04,0.025,0.008,0.004,0.01,0.006,0.035,0.002,1,1,1,0.96,0,0,9.17495,655,25,0,0,0,0,0.930501
900,870,17,18,5,5,1,2,1.3568,2.57595,0.431403,2.31802,2,1,6,0,0.34,0.24,0.14,0.035,0.04,0.025,0.008,0.004,0.01,0.006,0.035,0.002,1,1,1,0.48,0,0,8.69995,698,17,0,0,0,0,1.15333
930,655,25,14,5,5,1,2,1.35756,2.30049,0.258084,-1.81012,2,1,6,0,0.34,0.24,0.14,0.035,0.04,0.025,0.008,0.004,0.01,0.006,0.035,0.002,1,1,1,43.4078,0,0,243.429,645,25,0,0,0,0,0.654939
930,732,17,17,5,5,1,2,1.50758,2.6409,0.356291,2.21523,2,1,6,0,0.34,0.24,0.14,0.035,0.04,0.025,0.008,0.004,0.01,0.006,0.035,0.002,1,1,1,27.768,0,0,179.953,674,17,0,0,0,0,0.749736
930,779,2,16,4,4,1,1,2.13781,1.02368,0.13466,1.34242,2,1,4.8,0,0.34,0.24,0.14,0.035,0.04,0.025,0.008,0.004,0.01,0.006,0.035,0.002,1,1,1,22.4005,0,0,144.037,754,2,0,0,0,0,0.526818
930,787,2,15,4,4,1,1,1.43982,1.34624,0.462792,-2.26937,2,1,4.8,0,0.34,0.24,0.14,0.035,0.04,0.025,0.008,0.004,0.01,0.006,0.035,0.002,1,1,1,19.6907,0,0,135.489,726,2,0,0,0,0,0.659472
930,804,2,17,4,4,1,1,2.01172,1.2414,0.427451,-1.15819,2,1,4.8,0,0.34,0.24,0.14,0.035,0.04,0.025,0.008,0.004,0.01,0.006,0.035,0.002,1,1,1,17.4143,0,0,110.453,779,2,0,0,0,0,0.537814
930,807,17,17,5,5,1,2,1.66039,2.64695,0.276305,2.02647,2,1,6,0,0.34,0.24,0.14,0.035,0.04,0.025,0.008,0.004,0.01,0.006,0.035,0.002,1,1,1,24.1551,0,0,109.054,674,17,0,0,0,0,0.915331
930,831,17,22,5,5,1,2,2.4069,1.92404,0.4161,1.24322,2,1,6,0,0.34,0.24,0.14,0.035,0.04,0.025,0.008,0.004,0.01,0.006,0.035,0.002,1,1,1,10.4597,0,0,83.0601,814,17,0,0,0,0,1.06441
930,832,22,19,5,5,1,2,1.77384,1.55991,0.351205,-0.146169,2,1,6,0,0.34,0.24,0.14,0.035,0.04,0.025,0.008,0.004,0.01,0.006,0.035,0.002,1,1,1,8.52581,0,0,82.8602,829,22,0,0,0,0,0.618714
930,841,17,18,5,5,1,2,2.74369,1.23558,0.319951,-2.06559,2,1,6,0,0.34,0.24,0.14,0.035,0.04,0.025,0.008,0.004,0.01,0.006,0.035,0.002,1,1,1,11.3245,0,0,65.781,732,17,0,0,0,0,0.602851
930,851,17,19,5,5,1,2,1.76342,2.74932,0.609524,2.09808,2,1,6,0,0.34,0.24,0.14,0.035,0.04,0.025,0.008,0.004,0.01,0.006,0.035,0.002,1,1,1,9.93617,0,0,55.663,828,17,0,0,0,0,1.19668
930,852,17,18,5,5,1,2,1.93683,2.52642,0.105232,2.91935,2,1,6,0,0.34,0.24,0.14,0.035,0.04,0.025,0.008,0.004,0.01,0.006,0.035,0.002,1,1,1,7.04736,0,0,53.8709,698,17,0,0,0,0,0
930,853,2,16,5,5,1,1,1.6227,2.13347,0.415327,-3.05784,3,1,6,0,0.34,0.24,0.14,0.035,0.04,0.025,0.008,0.004,0.01,0.006,0.035,0.002,1,1,1,5.22,0,0,51.7205,787,2,0,0,0,0,1.62371
930,855,25,16,5,5,1,2,1.79711,2.23958,0.293838,2.1371,2,1,6,0,0.34,0.24,0.14,0.035,0.04,0.025,0.008,0.004,0.01,0.006,0.035,0.002,1,1,1,6.78633,0,0,51.0953,822,25,0,0,0,0,1.27384
930,860,17,19,5,5,1,2,2.27579,2.24314,0.335815,-3.10714,2,1,6,0,0.34,0.24,0.14,0.035,0.04,0.025,0.008,0.004,0.01,0.006,0.035,0.002,1,1,1,4.56862,0,0,48.1781,841,17,0,0,0,0,0.637358
930,863,17,19,5,5,1,2,2.50201,1.82689,0.125527,-2.74433,2,1,6,0,0.34,0.24,0.14,0.035,0.04,0.025,0.008,0.004,0.01,0.006,0.035,0.002,1,1,1,6.29718,0,0,44.719,852,17,0,0,0,0,0.950609
930,867,29,18,4,4,1,1,1.62868,2.11926,0.213831,2.96526,2,0,4.8,0,0.34,0.24,0.14,0.035,0.04,0.025,0.008,0.004,0.01,0.006,0.035,0.002,1,1,1,5.64,0,0,42.1351,732,17,0,0,0,0,0.524108
930,869,25,15,5,5,1,2,1.8622,2.02678,0.316142,0.741097,2,1,6,0,0.34,0.24,0.14,0.035,0.04,0.025,0.008,0.004,0.01,0.006,0.035,0.002,1,1,1,7.44,0,0,39.1761,655,25,0,0,0,0,0.579733
930,871,25,16,5,5,1,2,1.75594,2.13051,0.486096,2.01746,2,1,6,0,0.34,0.24,0.14,0.035,0.04,0.025,0.008,0.004,0.01,0.006,0.035,0.002,1,1,1,6.34279,0,0,37.034,822,25,0,0,0,0,1.04268
930,877,17,20,4,4,1,1,1.16803,2.56205,0.168968,1.90652,1,1,4.8,0,0.34,0.24,0.14,0.035,0.04,0.025,0.008,0.004,0.01,0.006,0.035,0.002,1,1,1,3.48,0,0,30.9163,863,17,0,0,0,0,0
930,878,2,17,4,4,1,1,2.04801,1.05564,0.440426,1.50757,2,1,4.8,0,0.34,0.24,0.14,0.035,0.04,0.025,0.008,0.004,0.01,0.006,0.035,0.002,1,1,1,2.04,0,0,30.683,779,2,0,0,0,0,1.04257
930,879,25,16,5,5,1,2,1.23689,2.33763,0.300145,-1.50852,2,1,6,0,0.34,0.24,0.14,0.035,0.04,0.025,0.008,0.004,0.01,0.006,0.035,0.002,1,1,1,3.6,0,0,30.0996,869,25,0,0,0,0,0.736451
930,881,17,20,5,5,1,2,1.10639,2.93629,0.16942,-0.476419,2,1,6,0,0.34,0.24,0.14,0.035,0.04,0.025,0.008,0.004,0.01,0.006,0.035,0.002,1,1,1,1.44,0,0,28.683,851,17,0,0,0,0,0.762425
930,882,29,19,4,4,1,1,2.54368,1.15925,0.248737,-2.15659,2,0,4.8,0,0.34,0.24,0.14,0.035,0.04,0.025,0.008,0.004,0.01,0.006,0.035,0.002,1,1,1,0.24,0,0,27.8413,867,29,0,0,0,0,0.524108
930,886,25,15,5,5,1,2,2.08988,1.66395,0.192505,-2.70267,2,1,6,0,0.34,0.24,0.14,0.035,0.04,0.025,0.008,0.004,0.01,0.006,0.035,0.002,1,1,1,3.95748,0,0,23.3914,655,25,0,0,0,0,0.741784
930,888,25,17,5,5,1,2,2.37788,1.63426,0.415262,2.66095,2,1,6,0,0.34,0.24,0.14,0.035,0.04,0.025,0.008,0.004,0.01,0.006,0.035,0.002,1,1,1,1.8,0,0,22.3581,871,25,0,0,0,0,1.21615
930,906,2,17,4,4,1,1,1.83366,1.61624,0.781119,-1.06329,2,1,4.8,0,0.34,0.24,0.14,0.035,0.04,0.025,0.008,0.004,0.01,0.006,0.035,0.002,1,1,1,0.72,0,0,5.74166,779,2,0,0,0,0,1.27165
960,779,2,16,3,4,1,0,1.01404,1.30846,0.213775,-1.20351,1,1,3.6,0,0.34,0.24,0.14,0.035,0.04,0.025,0.008,0.004,0.01,0.006,0.035,0.002,1,1,1,20.8165,0,0,174.03,754,2,0,0,0,0,0.0895408
960,787,2,15,4,4,1,1,1.1118,1.94527,0.373161,-0.108473,2,1,4.8,0,0.34,0.24,0.14,0.035,0.04,0.025,0.008,0.004,0.01,0.006,0.035,0.002,1,1,1,27.7068,0,0,165.482,726,2,0,0,0,0,0.634104
960,807,17,17,5,5,1,2,1.34021,2.60128,0.430431,2.30425,2,1,6,0,0.34,0.24,0.14,0.035,0.04,0.025,0.008,0.004,0.01,0.006,0.035,0.002,1,1,1,30.7551,0,0,139.046,674,17,0,0,0,0,1.01252
960,841,17,18,5,5,1,2,2.0605,2.30023,0.450637,1.58314,2,1,6,0,0.34,0.24,0.14,0.035,0.04,0.025,0.008,0.004,0.01,0.006,0.035,0.002,1,1,1,17.5381,0,0,95.7737,732,17,0,0,0,0,1.27303
960,851,17,19,5,5,1,2,2.52656,1.30623,0.312224,0.831708,2,1,6,0,0.34,0.24,0.14,0.035,0.04,0.025,0.008,0.004,0.01,0.006,0.035,0.002,1,1,1,13.0562,0,0,85.6595,828,17,0,0,0,0,0.911196
960,853,2,16,5,5,1,1,2.12601,1.81101,0.304789,1.47683,3,1,6,0,0.34,0.24,0.14,0.035,0.04,0.025,0.008,0.004,0.01,0.006,0.035,0.002,1,1,1,13.6842,0,0,81.7188,787,2,0,0,0,0,1.35988
960,855,25,16,5,5,1,2,2.48822,1.56724,0.519378,-0.381943,2,1,6,0,0.34,0.24,0.14,0.035,0.04,0.025,0.008,0.004,0.01,0.006,0.035,0.002,1,1,1,14.2263,0,0,81.0939,822,25,0,0,0,0,1.27384
960,863,17,19,5,5,1,2,1.94225,2.58786,0.353598,-1.26381,2,1,6,0,0.34,0.24,0.14,0.035,0.04,0.025,0.008,0.004,0.01,0.006,0.035,0.002,1,1,1,12.067,0,0,74.7205,852,17,0,0,0,0,0.573127
960,866,25,17,5,5,1,2,1.52839,2.39472,0.342399,1.2103,2,1,6,0,0.34,0.24,0.14,0.035,0.04,0.025,0.008,0.004,0.01,0.006,0.035,0.002,1,1,1,7.478,0,0,73.0542,855,25,0,0,0,0,1.03321
960,867,29,18,4,4,1,1,1.79464,1.74513,0.21784,-3.04711,2,0,4.8,0,0.34,0.24,0.14,0.035,0.04,0.025,0.008,0.004,0.01,0.006,0.035,0.002,1,1,1,8.04,0,0,72.1378,732,17,0,0,0,0,0.524108
960,869,25,15,5,5,1,2,1.22415,2.31185,0.395474,1.46542,2,1,6,0,0.34,0.24,0.14,0.035,0.04,0.025,0.008,0.004,0.01,0.006,0.035,0.002,1,1,1,12.624,0,0,69.1802,655,25,0,0,0,0,0.568503
960,871,25,16,5,5,1,2,1.90903,1.89091,0.316205,-2.45789,2,1,6,0,0.34,0.24,0.14,0.035,0.04,0.025,0.008,0.004,0.01,0.006,0.035,0.002,1,1,1,9.24679,0,0,67.039,822,25,0,0,0,0,1.06808
960,877,17,20,4,4,1,1,1.14801,2.41537,0.209019,2.54926,1,1,4.8,0,0.34,0.24,0.14,0.035,0.04,0.025,0.008,0.004,0.01,0.006,0.035,0.002,1,1,1,5.03022,0,0,60.9224,863,17,0,0,0,0,0.237266
960,878,2,17,4,4,1,1,1.07114,2.18856,0.255513,0.0949844,2,1,4.8,0,0.34,0.24,0.14,0.035,0.04,0.025,0.008,0.004,0.01,0.006,0.035,0.002,1,1,1,9.22634,0,0,60.6891,779,2,0,0,0,0,0.97023
960,879,25,16,5,5,1,2,1.5244,2.12849,0.332419,1.86725,2,1,6,0,0.34,0.24,0.14,0.035,0.04,0.025,0.008,0.004,0.01,0.006,0.035,0.002,1,1,1,8.08902,0,0,60.1056,869,25,0,0,0,0,1.03165
960,881,17,20,5,5,1,2,1.37662,2.51868,0.545039,-0.52457,2,1,6,0,0.34,0.24,0.14,0.035,0.04,0.025,0.008,0.004,0.01,0.006,0.035,0.002,1,1,1,9.12,0,0,58.6886,851,17,0,0,0,0,0.724709
960,890,17,19,6,6,1,2,2.81102,2.55658,0.636642,1.33831,2,1,7.2,0,0.34,0.24,0.14,0.035,0.04,0.025,0.008,0.004,0.01,0.006,0.035,0.002,1,1,1,7.12987,0,0,49.2866,841,17,0,0,0,0,1.27303
960,902,2,17,5,5,1,1,2.14547,1.47471,0.349482,-1.34303,3,1,6,0,0.34,0.24,0.14,0.035,0.04,0.025,0.008,0.004,0.01,0.006,0.035,0.002,1,1,1,6.42638,0,0,39.3345,853,2,0,0,0,0,1.22706
960,906,2,17,4,4,1,1,1.70549,1.22594,0.321996,1.60216,2,1,4.8,0,0.34,0.24,0.14,0.035,0.04,0.025,0.008,0.004,0.01,0.006,0.035,0.002,1,1,1,4.25253,0,0,35.7421,779,2,0,0,0,0,1.1384
960,909,2,18,4,4,1,1,1.05236,2.08327,0.335415,-3.14094,2,1,4.8,0,0.34,0.24,0.14,0.035,0.04,0.025,0.008,0.004,0.01,0.006,0.035,0.002,1,1,1,2.45328,0,0,33.2082,878,2,0,0,0,0,0.523477
960,915,2,17,4,4,1,1,1.72333,1.46514,0.413531,-2.17609,2,1,4.8,0,0.34,0.24,0.14,0.035,0.04,0.025,0.008,0.004,0.01,0.006,0.035,0.002,1,1,1,5.84178,0,0,24.9247,779,2,0,0,0,0,0.964569
960,917,2,16,4,4,1,1,1.41675,1.60117,0.508332,-2.34739,2,1,4.8,0,0.34,0.24,0.14,0.035,0.04,0.025,0.008,0.004,0.01,0.006,0.035,0.002,1,1,1,2.064,0,0,24.608,787,2,0,0,0,0,1.0578
960,920,2,17,5,5,1,1,1.96467,1.92878,0.299568,-0.352338,3,1,6,0,0.34,0.24,0.14,0.035,0.04,0.025,0.008,0.004,0.01,0.006,0.035,0.002,1,1,1,2.52574,0,0,20.8248,853,2,0,0,0,0,1.69683
960,922,2,18,4,4,1,1,1.38771,1.76928,0.589286,-2.39238,2,1,4.8,0,0.34,0.24,0.14,0.035,0.04,0.025,0.008,0.004,0.01,0.006,0.035,0.002,1,1,1,3.24,0,0,20.1248,915,2,0,0,0,0,0.825881
960,931,17,18,5,5,1,2,1.61916,2.59925,0.381899,-1.16354,2,1,6,0,0.34,0.24,0.14,0.035,0.04,0.025,0.008,0.004,0.01,0.006,0.035,0.002,1,1,1,2.4,0,0,13.0832,807,17,0,0,0,0,0.923779
960,935,17,21,5,5,1,2,1.24001,2.7332,0.294076,2.41536,2,1,6,0,0.34,0.24,0.14,0.035,0.04,0.025,0.008,0.004,0.01,0.006,0.035,0.002,1,1,1,1.08,0,0,6.55832,881,17,0,0,0,0,1.24378
990,787,2,15,4,4,1,1,2.1645,1.05562,0.343293,-1.37614,2,1,4.8,0,0.34,0.24,0.14,0.035,0.04,0.025,0.008,0.004,0.01,0.006,0.035,0.002,1,1,1,34.0668,0,0,195.474,726,2,0,0,0,0,1.27484
990,807,17,17,5,5,1,2,1.41129,2.57853,0.207891,-0.811363,2,1,6,0,0.34,0.24,0.14,0.035,0.04,0.025,0.008,0.004,0.01,0.006,0.035,0.002,1,1,1,35.3192,0,0,169.039,674,17,0,0,0,0,0.516022
990,855,25,16,5,5,1,2,1.54595,2.53737,0.474817,2.05936,2,1,6,0,0.34,0.24,0.14,0.035,0.04,0.025,0.008,0.004,0.01,0.006,0.035,0.002,1,1,1,20.2635,0,0,111.087,822,25,0,0,0,0,1.01822
990,866,25,17,5,5,1,2,1.41562,2.11152,0.359047,1.8433,2,1,6,0,0.34,0.24,0.14,0.035,0.04,0.025,0.008,0.004,0.01,0.006,0.035,0.002,1,1,1,14.4954,0,0,103.047,855,25,0,0,0,0,0.566463
990,867,29,18,4,4,1,1,2.45687,1.09673,0.272303,-2.42661,2,0,4.8,0,0.34,0.24,0.14,0.035,0.04,0.025,0.008,0.004,0.01,0.006,0.035,0.002,1,1,1,10.44,0,0,102.13,732,17,0,0,0,0,0.524108
990,869,25,15,5,5,1,2,1.4641,1.94482,0.503993,-1.57913,2,1,6,0,0.34,0.24,0.14,0.035,0.04,0.025,0.008,0.004,0.01,0.006,0.035,0.002,1,1,1,21.944,0,0,99.1728,655,25,0,0,0,0,0.881958
990,878,2,17,4,4,1,1,2.03532,1.11176,0.344746,1.90224,2,1,4.8,0,0.34,0.24,0.14,0.035,0.04,0.025,0.008,0.004,0.01,0.006,0.035,0.002,1,1,1,18.9397,0,0,90.6833,779,2,0,0,0,0,1.13046
990,879,25,16,5,5,1,2,1.34807,2.34953,0.308524,-1.79563,2,1,6,0,0.34,0.24,0.14,0.035,0.04,0.025,0.008,0.004,0.01,0.006,0.035,0.002,1,1,1,12.673,0,0,90.1001,869,25,0,0,0,0,0.805053
990,881,17,20,5,5,1,2,1.54078,2.75111,0.343325,2.50171,2,1,6,0,0.34,0.24,0.14,0.035,0.04,0.025,0.008,0.004,0.01,0.006,0.035,0.002,1,1,1,17.6769,0,0,88.6837,851,17,0,0,0,0,0.494831
990,890,17,19,6,6,1,2,2.53604,2.21469,0.448119,1.20936,2,1,7.2,0,0.34,0.24,0.14,0.035,0.04,0.025,0.008,0.004,0.01,0.006,0.035,0.002,1,1,1,13.3699,0,0,79.286,841,17,0,0,0,0,1.01825
990,909,2,18,4,4,1,1,2.09101,1.10066,0.43331,-1.27232,2,1,4.8,0,0.34,0.24,0.14,0.035,0.04,0.025,0.008,0.004,0.01,0.006,0.035,0.002,1,1,1,8.84559,0,0,63.2146,878,2,0,0,0,0,0.495049
990,917,2,16,4,4,1,1,1.76435,1.19876,0.163358,1.39519,2,1,4.8,0,0.34,0.24,0.14,0.035,0.04,0.025,0.008,0.004,0.01,0.006,0.035,0.002,1,1,1,7.248,0,0,54.6128,787,2,0,0,0,0,0.771689
990,925,32,18,5,5,1,2,1.93948,1.14223,0.250916,-1.55913,3,1,6,0,0.34,0.24,0.14,0.035,0.04,0.025,0.008,0.004,0.01,0.006,0.035,0.002,1,1,1,6.22183,0,0,47.0611,878,2,0,0,0,0,1.1436
990,935,17,21,5,5,1,2,2.49444,2.0578,0.813013,0.255318,2,1,6,0,0.34,0.24,0.14,0.035,0.04,0.025,0.008,0.004,0.01,0.006,0.035,0.002,1,1,1,8.4,0,0,36.5589,881,17,0,0,0,0,1.27303
990,937,25,16,5,5,1,2,1.36714,2.53789,0.309626,-1.78788,2,1,6,0,0.34,0.24,0.14,0.035,0.04,0.025,0.008,0.004,0.01,0.006,0.035,0.002,1,1,1,1.2,0,0,34.1834,869,25,0,0,0,0,0.903095
990,939,25,18,6,6,1,2,1.38993,2.98999,0.47899,-1.36357,3,1,7.2,0,0.34,0.24,0.14,0.035,0.04,0.025,0.008,0.004,0.01,0.006,0.035,0.002,1,1,1,3.6,0,0,33.2582,866,25,0,0,0,0,1.68476
990,941,2,16,4,4,1,1,1.73669,1.32342,0.2169,1.09607,2,1,4.8,0,0.34,0.24,0.14,0.035,0.04,0.025,0.008,0.004,0.01,0.006,0.035,0.002,1,1,1,4.60374,0,0,31.4746,787,2,0,0,0,0,0.777947
990,942,17,22,5,5,1,2,2.42926,2.15446,0.410417,-0.0580335,2,1,6,0,0.34,0.24,0.14,0.035,0.04,0.025,0.008,0.004,0.01,0.006,0.035,0.002,1,1,1,4.08,0,0,30.558,935,17,0,0,0,0,0.991885
990,946,2,17,4,4,1,1,2.03215,1.13398,0.451957,1.60415,2,1,4.8,0,0.34,0.24,0.14,0.035,0.04,0.025,0.008,0.004,0.01,0.006,0.035,0.002,1,1,1,2.10332,0,0,26.0497,941,2,0,0,0,0,0.997657
990,947,17,21,5,5,1,1,2.80371,1.06182,0.731467,1.3047,2,1,6,0,0.34,0.24,0.14,0.035,0.04,0.025,0.008,0.004,0.01,0.006,0.035,0.002,1,1,1,4.52864,0,0,24.5414,881,17,0,0,0,0,0.570052
990,951,2,16,3,3,1,0,1.36489,1.0233,0.0698593,0.473419,1,1,3.6,0,0.34,0.24,0.14,0.035,0.04,0.025,0.008,0.004,0.01,0.006,0.035,0.002,1,1,1,1.44,0,0,20.6581,787,2,0,0,0,0,0.217054
990,960,2,18,4,4,1,1,2.02665,1.07036,0.235446,1.66623,2,1,4.8,0,0.34,0.24,0.14,0.035,0.04,0.025,0.008,0.004,0.01,0.006,0.035,0.002,1,1,1,1.32,0,0,14.2915,878,2,0,0,0,0,1.06483
1020,787,2,15,4,4,1,1,1.94357,1.04919,0.458983,-1.52144,2,1,4.8,0,0.34,0.24,0.14,0.035,0.04,0.025,0.008,0.004,0.01,0.006,0.035,0.002,1,1,1,37.3453,0,0,225.467,726,2,0,0,0,0,0.711094
1020,855,25,16,5,5,1,2,1.8561,2.11546,0.424906,-2.38756,2,1,6,0,0.34,0.24,0.14,0.035,0.04,0.025,0.008,0.004,0.01,0.006,0.035,0.002,1,1,1,28.5646,0,0,141.079,822,25,0,0,0,0,1.27947
1020,869,25,15,5,5,1,2,1.78609,2.13547,0.0896445,0.926571,2,1,6,0,0.34,0.24,0.14,0.035,0.04,0.025,0.008,0.004,0.01,0.006,0.035,0.002,1,1,1,26.9222,0,0,129.166,655,25,0,0,0,0,0.926557
1020,878,2,17,4,4,1,1,1.77393,1.2559,0.465619,1.08007,2,1,4.8,0,0.34,0.24,0.14,0.035,0.04,0.025,0.008,0.004,0.01,0.006,0.035,0.002,1,1,1,24.6814,0,0,120.676,779,2,0,0,0,0,0.76277
1020,879,25,16,5,5,1,2,2.11365,1.86726,0.548194,-0.802624,2,1,6,0,0.34,0.24,0.14,0.035,0.04,0.025,0.008,0.004,0.01,0.006,0.035,0.002,1,1,1,18.313,0,0,120.093,869,25,0,0,0,0,1.26004
1020,881,17,20,5,5,1,2,1.25326,2.59835,0.325988,-0.609816,2,1,6,0,0.34,0.24,0.14,0.035,0.04,0.025,0.008,0.004,0.01,0.006,0.035,0.002,1,1,1,20.3409,0,0,118.676,851,17,0,0,0,0,0.589733
1020,890,17,19,6,6,1,2,2.1647,2.39514,0.366696,1.53168,2,1,7.2,0,0.34,0.24,0.14,0.035,0.04,0.025,0.008,0.004,0.01,0.006,0.035,0.002,1,1,1,17.3299,0,0,109.279,841,17,0,0,0,0,0.663267
1020,891,25,17,5,5,1,2,1.74264,1.91296,0.426682,-1.12144,2,1,6,0,0.34,0.24,0.14,0.035,0.04,0.025,0.008,0.004,0.01,0.006,0.035,0.002,1,1,1,6.05376,0,0,108.254,879,25,0,0,0,0,1.04979
1020,909,2,18,4,4,1,1,1.57152,1.56707,0.218808,-2.26307,2,1,4.8,0,0.34,0.24,0.14,0.035,0.04,0.025,0.008,0.004,0.01,0.006,0.035,0.002,1,1,1,13.2473,0,0,93.2076,878,2,0,0,0,0,0.830699
1020,917,2,16,4,4,1,1,1.44124,1.46103,0.407015,0.846631,2,1,4.8,0,0.34,0.24,0.14,0.035,0.04,0.025,0.008,0.004,0.01,0.006,0.035,0.002,1,1,1,14.1411,0,0,84.6097,787,2,0,0,0,0,0.635524
1020,918,2,19,4,4,1,1,1.95765,1.25226,0.424635,-2.10644,2,1,4.8,0,0.34,0.24,0.14,0.035,0.04,0.025,0.008,0.004,0.01,0.006,0.035,0.002,1,1,1,7.2,0,0,82.6352,909,2,0,0,0,0,0.837782
1020,925,32,18,5,5,1,2,1.30422,1.91358,0.638373,0.890475,3,1,6,0,0.34,0.24,0.14,0.035,0.04,0.025,0.008,0.004,0.01,0.006,0.035,0.002,1,1,1,12.0058,0,0,77.0616,878,2,0,0,0,0,1.17169
1020,935,17,21,5,5,1,2,1.87543,2.69507,0.361898,-1.30119,2,1,6,0,0.34,0.24,0.14,0.035,0.04,0.025,0.008,0.004,0.01,0.006,0.035,0.002,1,1,1,17.0659,0,0,66.5641,881,17,0,0,0,0,0.771395
1020,937,25,16,5,5,1,2,2.34998,1.32709,0.316787,-0.204574,2,1,6,0,0.34,0.24,0.14,0.035,0.04,0.025,0.008,0.004,0.01,0.006,0.035,0.002,1,1,1,8.76,0,0,64.1897,869,25,0,0,0,0,1.12715
1020,939,25,18,6,6,1,2,1.57687,2.69799,0.179934,1.16292,3,1,7.2,0,0.34,0.24,0.14,0.035,0.04,0.025,0.008,0.004,0.01,0.006,0.035,0.002,1,1,1,7.98571,0,0,63.2646,866,25,0,0,0,0,0.969289
1020,942,17,22,5,5,1,2,2.04399,2.63964,0.534723,1.66426,2,1,6,0,0.34,0.24,0.14,0.035,0.04,0.025,0.008,0.004,0.01,0.006,0.035,0.002,1,1,1,9.384,0,0,60.564,935,17,0,0,0,0,1.14899
1020,945,25,17,5,5,1,2,1.7882,2.14992,0.188502,-2.24515,2,1,6,0,0.34,0.24,0.14,0.035,0.04,0.025,0.008,0.004,0.01,0.006,0.035,0.002,1,1,1,5.69873,0,0,57.5884,855,25,0,0,0,0,0.695371
1020,962,25,17,5,5,1,2,1.69905,2.17345,0.0880277,-2.12798,2,1,6,0,0.34,0.24,0.14,0.035,0.04,0.025,0.008,0.004,0.01,0.006,0.035,0.002,1,1,1,3.0081,0,0,41.6933,937,25,0,0,0,0,1.08729
1020,967,2,17,4,4,1,1,1.23787,1.87714,0.449767,0.375954,2,1,4.8,0,0.34,0.24,0.14,0.035,0.04,0.025,0.008,0.004,0.01,0.006,0.035,0.002,1,1,1,5.544,0,0,40.318,917,2,0,0,0,0,1.14249
1020,973,25,16,5,5,1,2,1.88957,1.87702,0.318644,0.628141,2,1,6,0,0.34,0.24,0.14,0.035,0.04,0.025,0.008,0.004,0.01,0.006,0.035,0.002,1,1,1,3.024,0,0,35.6754,869,25,0,0,0,0,0.832206
1020,984,17,22,5,5,1,2,1.54801,2.502,0.34783,-0.508115,2,1,6,0,0.34,0.24,0.14,0.035,0.04,0.025,0.008,0.004,0.01,0.006,0.035,0.002,1,1,1,6.36343,0,0,27.133,935,17,0,0,0,0,0.759166
1020,987,2,18,4,4,1,1,1.15075,1.92713,0.0505896,2.88021,1,1,4.8,0,0.34,0.24,0.14,0.035,0.04,0.025,0.008,0.004,0.01,0.006,0.035,0.002,1,1,1,0.984,0,0,22.6581,878,2,0,1,0,0,0
1020,988,2,20,4,4,1,1,1.38702,1.689,0.642721,-2.55835,2,1,4.8,0,0.34,0.24,0.14,0.035,0.04,0.025,0.008,0.004,0.01,0.006,0.035,0.002,1,1,1,4.92,0,0,21.9914,918,2,0,0,0,0,1.26856
1020,989,25,17,5,5,1,2,2.13639,1.39469,0.465712,-2.97295,2,1,6,0,0.34,0.24,0.14,0.035,0.04,0.025,0.008,0.004,0.01,0.006,0.035,0.002,1,1,1,2.08064,0,0,21.5081,855,25,0,0,0,0,1.09459
1020,991,17,23,5,5,1,2,1.20895,2.83016,0.470345,-0.558292,2,1,6,0,0.34,0.24,0.14,0.035,0.04,0.025,0.008,0.004,0.01,0.006,0.035,0.002,1,1,1,7.07326,0,0,21.1331,984,17,0,0,0,0,1.14689
1020,994,2,18,4,4,1,1,1.04926,2.1766,0.715957,-0.16708,2,1,4.8,0,0.34,0.24,0.14,0.035,0.04,0.025,0.008,0.004,0.01,0.006,0.035,0.002,1,1,1,1.92,0,0,17.4748,967,2,0,0,0,0,1.27484
1020,995,2,21,4,4,1,1,1.23752,1.87257,0.694924,-0.578106,2,1,4.8,0,0.34,0.24,0.14,0.035,0.04,0.025,0.008,0.004,0.01,0.006,0.035,0.002,1,1,1,3.48,0,0,16.6165,988,2,0,0,0,0,0.553292
1020,998,17,24,5,5,1,2,2.09653,2.33532,0.414466,-0.079839,2,1,6,0,0.34,0.24,0.14,0.035,0.04,0.025,0.008,0.004,0.01,0.006,0.035,0.002,1,1,1,1.20802,0,0,15.1332,991,17,0,0,0,0,0.946477
1020,999,17,22,5,5,1,2,2.67975,1.2384,0.350254,0.94356,2,1,6,0,0.34,0.24,0.14,0.035,0.04,0.025,0.008,0.004,0.01,0.006,0.035,0.002,1,1,1,0.934119,0,0,15.1165,935,17,0,0,0,0,0.731313
1020,1003,2,17,4,4,1,1,1.57158,1.38701,0.905179,-1.07787,2,1,4.8,0,0.34,0.24,0.14,0.035,0.04,0.025,0.008,0.004,0.01,0.006,0.035,0.002,1,1,1,2.88,0,0,11.4582,917,2,0,0,0,0,1.09084
1020,1008,2,22,4,4,1,1,1.08357,2.53887,0.47271,0.179582,2,1,4.8,0,0.34,0.24,0.14,0.035,0.04,0.025,0.008,0.004,0.01,0.006,0.035,0.002,1,1,1,0.36,0,0,10.1583,995,2,0,0,0,0,0.823304
1020,1015,2,18,4,4,1,1,1.2296,2.15639,0.680359,0.407724,2,1,4.8,0,0.34,0.24,0.14,0.035,0.04,0.025,0.008,0.004,0.01,0.006,0.035,0.002,1,1,1,0.6,0,0,6.65832,1003,2,0,0,0,0,0.642536
1050,855,25,16,5,5,1,2,1.50382,2.04252,0.322767,1.86545,2,1,6,0,0.34,0.24,0.14,0.035,0.04,0.025,0.008,0.004,0.01,0.006,0.035,0.002,1,1,1,31.8427,0,0,171.072,822,25,0,0,0,0,0.885544
1050,869,25,15,5,5,1,2,1.3828,2.30147,0.306963,-1.82555,2,1,6,0,0.34,0.24,0.14,0.035,0.04,0.025,0.008,0.004,0.01,0.006,0.035,0.002,1,1,1,30.343,0,0,159.158,655,25,0,0,0,0,1.17488
1050,909,2,18,4,4,1,1,1.52961,1.41618,0.344903,1.88032,2,1,4.8,0,0.34,0.24,0.14,0.035,0.04,0.025,0.008,0.004,0.01,0.006,0.035,0.002,1,1,1,22.6167,0,0,123.2,878,2,0,0,0,0,0.537333
1050,917,2,16,4,4,1,1,1.75941,1.11839,0.505691,1.63013,2,1,4.8,0,0.34,0.24,0.14,0.035,0.04,0.025,0.008,0.004,0.01,0.006,0.035,0.002,1,1,1,23.4786,0,0,114.602,787,2,0,0,0,0,1.27811
1050,937,25,16,5,5,1,2,2.22712,1.58859,0.269741,2.71426,2,1,6,0,0.34,0.24,0.14,0.035,0.04,0.025,0.008,0.004,0.01,0.006,0.035,0.002,1,1,1,12.84,0,0,94.1824,869,25,0,0,0,0,0.701222
1050,939,25,18,6,6,1,2,3.00567,1.86405,0.18182,-2.63489,3,1,7.2,0,0.34,0.24,0.14,0.035,0.04,0.025,0.008,0.004,0.01,0.006,0.035,0.002,1,1,1,14.3457,0,0,93.2576,866,25,0,0,0,0,1.59442
1050,942,17,22,5,5,1,2,1.22672,2.75354,0.241615,2.4867,2,1,6,0,0.34,0.24,0.14,0.035,0.04,0.025,0.008,0.004,0.01,0.006,0.035,0.002,1,1,1,13.3249,0,0,90.5583,935,17,0,0,0,0,0.79775
1050,945,25,17,5,5,1,2,1.8934,1.55545,0.160389,-2.60703,2,1,6,0,0.34,0.24,0.14,0.035,0.04,0.025,0.008,0.004,0.01,0.006,0.035,0.002,1,1,1,12.2265,0,0,87.584,855,25,0,0,0,0,1.27392
1050,962,25,17,5,5,1,2,1.67734,2.26192,0.31017,-2.09483,2,1,6,0,0.34,0.24,0.14,0.035,0.04,0.025,0.008,0.004,0.01,0.006,0.035,0.002,1,1,1,10.4698,0,0,71.6962,937,25,0,0,0,0,0.687952
1050,967,2,17,4,4,1,1,1.23684,1.79383,0.375592,2.78913,2,1,4.8,0,0.34,0.24,0.14,0.035,0.04,0.025,0.008,0.004,0.01,0.006,0.035,0.002,1,1,1,14.6501,0,0,70.3216,917,2,0,0,0,0,0.645404
1050,982,25,18,5,5,1,2,1.67069,2.55925,0.380713,1.80248,2,1,6,0,0.34,0.24,0.14,0.035,0.04,0.025,0.008,0.004,0.01,0.006,0.035,0.002,1,1,1,5.88015,0,0,57.53,945,25,0,0,0,0,1.01311
1050,984,17,22,5,5,1,2,1.56664,2.63786,0.112256,2.16435,2,1,6,0,0.34,0.24,0.14,0.035,0.04,0.025,0.008,0.004,0.01,0.006,0.035,0.002,1,1,1,9.12343,0,0,57.1383,935,17,0,0,0,0,1.27878
1050,986,2,19,1,4,1,0,0,0,0.239594,0,0,0,1.2,0,0.34,0.24,0.14,0.035,0.04,0.025,0.008,0.004,0.01,0.006,0.035,0.002,1,1,1,0.96,0,0,53.1708,909,2,0,0,0,0,0
1050,988,2,20,4,4,1,1,1.34604,1.85518,0.490948,0.546724,2,1,4.8,0,0.34,0.24,0.14,0.035,0.04,0.025,0.008,0.004,0.01,0.006,0.035,0.002,1,1,1,9.78059,0,0,51.9955,918,2,0,0,0,0,1.25183
1050,989,25,17,5,5,1,2,1.59661,2.1386,0.176418,-2.00516,2,1,6,0,0.34,0.24,0.14,0.035,0.04,0.025,0.008,0.004,0.01,0.006,0.035,0.002,1,1,1,9.08511,0,0,51.5121,855,25,0,0,0,0,1.27384
1050,991,17,23,5,5,1,2,2.62597,1.65999,0.39566,-2.87968,2,1,6,0,0.34,0.24,0.14,0.035,0.04,0.025,0.008,0.004,0.01,0.006,0.035,0.002,1,1,1,7.77544,0,0,51.137,984,17,0,0,0,0,1.21868
1050,994,2,18,4,4,1,1,2.21863,1.04926,0.47579,-1.45088,2,1,4.8,0,0.34,0.24,0.14,0.035,0.04,0.025,0.008,0.004,0.01,0.006,0.035,0.002,1,1,1,10.8289,0,0,47.4779,967,2,0,0,0,0,0.654097
1050,995,2,21,4,4,1,1,1.03134,2.11624,0.48092,-0.198782,2,1,4.8,0,0.34,0.24,0.14,0.035,0.04,0.025,0.008,0.004,0.01,0.006,0.035,0.002,1,1,1,10.7919,0,0,46.6194,988,2,0,0,0,0,0.833753
1050,997,25,18,5,5,1,2,1.68565,1.92009,0.320843,-1.04399,2,1,6,0,0.34,0.24,0.14,0.035,0.04,0.025,0.008,0.004,0.01,0.006,0.035,0.002,1,1,1,7.08,0,0,46.0276,962,25,0,0,0,0,1.27881
1050,998,17,24,5,5,1,2,1.19575,2.73416,0.162591,-0.542815,2,1,6,0,0.34,0.24,0.14,0.035,0.04,0.025,0.008,0.004,0.01,0.006,0.035,0.002,1,1,1,7.75234,0,0,45.1357,991,17,0,0,0,0,1.00222
1050,999,17,22,5,5,1,2,2.75196,1.81828,0.540336,-2.64803,2,1,6,0,0.34,0.24,0.14,0.035,0.04,0.025,0.008,0.004,0.01,0.006,0.035,0.002,1,1,1,4.05412,0,0,45.1191,935,17,0,0,0,0,1.27023
1050,1008,2,22,4,4,1,1,1.04503,2.15244,0.385232,0.160471,2,1,4.8,0,0.34,0.24,0.14,0.035,0.04,0.025,0.008,0.004,0.01,0.006,0.035,0.002,1,1,1,4.9828,0,0,40.1597,995,2,0,0,0,0,0.743101
1050,1023,2,17,4,4,1,1,1.26381,1.93557,0.564754,0.464314,2,1,4.8,0,0.34,0.24,0.14,0.035,0.04,0.025,0.008,0.004,0.01,0.006,0.035,0.002,1,1,1,2.56246,0,0,23.9831,917,2,0,0,0,0,0.712284
1050,1025,2,18,4,4,1,1,1.55487,1.3255,0.308928,1.00001,2,1,4.8,0,0.34,0.24,0.14,0.035,0.04,0.025,0.008,0.004,0.01,0.006,0.035,0.002,1,1,1,2.7989,0,0,23.0747,967,2,0,0,0,0,0.62099
1050,1027,2,21,4,4,1,1,2.13095,1.07712,0.367078,-1.37917,2,1,4.8,0,0.34,0.24,0.14,0.035,0.04,0.025,0.008,0.004,0.01,0.006,0.035,0.002,1,1,1,0.528,0,0,22.4831,988,2,0,0,0,0,0.665228
1050,1030,2,19,4,4,1,1,1.6927,1.38602,0.467112,2.2131,2,1,4.8,0,0.34,0.24,0.14,0.035,0.04,0.025,0.008,0.004,0.01,0.006,0.035,0.002,1,1,1,1.69185,0,0,17.8748,994,2,0,0,0,0,0.955021
1050,1033,2,19,4,4,1,1,1.13821,2.24151,0.709241,2.8598,2,1,4.8,0,0.34,0.24,0.14,0.035,0.04,0.025,0.008,0.004,0.01,0.006,0.035,0.002,1,1,1,4.56,0,0,15.9665,909,2,0,0,0,0,0.670197
1050,1034,25,18,6,6,1,2,2.29965,1.55071,0.210683,0.41491,2,1,7.2,0,0.34,0.24,0.14,0.035,0.04,0.025,0.008,0.004,0.01,0.006,0.035,0.002,1,1,1,1.74724,0,0,15.3915,989,25,0,0,0,0,0.558936
1050,1035,25,19,5,5,1,2,1.31461,2.26027,0.405433,-1.77861,2,1,6,0,0.34,0.24,0.14,0.035,0.04,0.025,0.008,0.004,0.01,0.006,0.035,0.002,1,1,1,1.08,0,0,14.0749,997,25,0,0,0,0,0.705786
1050,1037,2,18,4,4,1,1,1.18177,1.9019,0.673568,0.324734,2,1,4.8,0,0.34,0.24,0.14,0.035,0.04,0.025,0.008,0.004,0.01,0.006,0.035,0.002,1,1,1,1.18671,0,0,11.9666,967,2,0,0,0,0,0.647008
1050,1040,2,20,4,4,1,1,2.24452,1.13596,0.49762,1.30218,2,1,4.8,0,0.34,0.24,0.14,0.035,0.04,0.025,0.008,0.004,0.01,0.006,0.035,0.002,1,1,1,0.36,0,0,10.7999,1033,2,0,0,0,0,1.0791
1050,1042,2,22,4,4,1,1,2.4158,1.06679,0.422695,1.75814,2,1,4.8,0,0.34,0.24,0.14,0.035,0.04,0.025,0.008,0.004,0.01,0.006,0.035,0.002,1,1,1,1.56,0,0,10.5583,995,2,0,0,0,0,1.09972
1050,1047,2,17,4,4,1,1,1.92591,1.22811,0.193019,-1.67521,2,1,4.8,0,0.34,0.24,0.14,0.035,0.04,0.025,0.008,0.004,0.01,0.006,0.035,0.002,1,1,1,1.56,0,0,7.31664,917,2,0,0,0,0,0.977063
1050,1049,2,19,4,4,1,1,1.58876,1.41013,0.0748592,-0.930103,2,1,4.8,0,0.34,0.24,0.14,0.035,0.04,0.025,0.008,0.004,0.01,0.006,0.035,0.002,1,1,1,0.333845,0,0,6.79165,994,2,0,0,0,0,0.639953
1080,917,2,16,4,4,1,1,1.84447,1.23015,0.45838,-1.77271,2,1,4.8,0,0.34,0.24,0.14,0.035,0.04,0.025,0.008,0.004,0.01,0.006,0.035,0.002,1,1,1,25.3465,0,0,144.595,787,2,0,0,0,0,0.894808
1080,939,25,18,6,6,1,2,1.23987,3.11067,0.225575,-1.6652,3,1,7.2,0,0.34,0.24,0.14,0.035,0.04,0.025,0.008,0.004,0.01,0.006,0.035,0.002,1,1,1,18.9537,0,0,123.25,866,25,0,0,0,0,1.37068
1080,942,17,22,5,5,1,2,1.61735,2.62079,0.40291,-0.960387,2,1,6,0,0.34,0.24,0.14,0.035,0.04,0.025,0.008,0.004,0.01,0.006,0.035,0.002,1,1,1,17.8695,0,0,120.551,935,17,0,0,0,0,1.27878
1080,945,25,17,5,5,1,2,2.31718,1.22159,0.312336,-0.122485,2,1,6,0,0.34,0.24,0.14,0.035,0.04,0.025,0.008,0.004,0.01,0.006,0.035,0.002,1,1,1,17.5576,0,0,117.577,855,25,0,0,0,0,1.25837
1080,967,2,17,4,4,1,1,1.2335,1.81604,0.438771,2.86328,2,1,4.8,0,0.34,0.24,0.14,0.035,0.04,0.025,0.008,0.004,0.01,0.006,0.035,0.002,1,1,1,16.0901,0,0,100.314,917,2,0,0,0,0,0
1080,982,25,18,5,5,1,2,1.91998,1.95117,0.298379,-1.13329,2,1,6,0,0.34,0.24,0.14,0.035,0.04,0.025,0.008,0.004,0.01,0.006,0.035,0.002,1,1,1,7.86933,0,0,87.5257,945,25,0,0,0,0,0.112426
1080,984,17,22,5,5,1,2,2.58883,2.46586,0.388743,0.0541972,2,1,6,0,0.34,0.24,0.14,0.035,0.04,0.025,0.008,0.004,0.01,0.006,0.035,0.002,1,1,1,17.9074,0,0,87.1341,935,17,0,0,0,0,1.09562
1080,988,2,20,4,4,1,1,1.70518,1.37784,0.181172,-1.02834,2,1,4.8,0,0.34,0.24,0.14,0.035,0.04,0.025,0.008,0.004,0.01,0.006,0.035,0.002,1,1,1,13.9806,0,0,81.9937,918,2,0,0,0,0,0.555242
1080,989,25,17,5,5,1,2,1.23232,2.34769,0.238855,1.55116,2,1,6,0,0.34,0.24,0.14,0.035,0.04,0.025,0.008,0.004,0.01,0.006,0.035,0.002,1,1,1,14.5027,0,0,81.5105,855,25,0,0,0,0,0.551819
1080,994,2,18,4,4,1,1,1.46375,1.49076,0.352639,0.714011,2,1,4.8,0,0.34,0.24,0.14,0.035,0.04,0.025,0.008,0.004,0.01,0.006,0.035,0.002,1,1,1,12.8025,0,0,77.4781,967,2,0,0,0,0,0.742285
1080,995,2,21,4,4,1,1,1.06666,2.20064,0.558175,-2.87192,2,1,4.8,0,0.34,0.24,0.14,0.035,0.04,0.025,0.008,0.004,0.01,0.006,0.035,0.002,1,1,1,20.1835,0,0,76.62,988,2,0,0,0,0,0.922693
1080,997,25,18,5,5,1,2,1.61738,2.05999,0.404337,-1.17883,2,1,6,0,0.34,0.24,0.14,0.035,0.04,0.025,0.008,0.004,0.01,0.006,0.035,0.002,1,1,1,13.8,0,0,76.0285,962,25,0,0,0,0,0.936088
1080,999,17,22,5,5,1,2,1.94919,2.6657,0.413426,1.78784,2,1,6,0,0.34,0.24,0.14,0.035,0.04,0.025,0.008,0.004,0.01,0.006,0.035,0.002,1,1,1,7.55812,0,0,75.1204,935,17,0,0,0,0,0.817284
1080,1008,2,22,4,4,1,1,2.09094,1.04702,0.335431,1.5833,2,1,4.8,0,0.34,0.24,0.14,0.035,0.04,0.025,0.008,0.004,0.01,0.006,0.035,0.002,1,1,1,7.2628,0,0,70.1633,995,2,0,0,0,0,0
1080,1011,17,23,5,5,1,2,2.41094,1.3678,0.541261,0.938654,2,1,6,0,0.34,0.24,0.14,0.035,0.04,0.025,0.008,0.004,0.01,0.006,0.035,0.002,1,1,1,4.76624,0,0,69.1218,984,17,0,0,0,0,1.18824
1080,1023,2,17,4,4,1,1,1.07255,1.94695,0.594021,-2.98136,2,1,4.8,0,0.34,0.24,0.14,0.035,0.04,0.025,0.008,0.004,0.01,0.006,0.035,0.002,1,1,1,8.26512,0,0,53.9876,917,2,0,0,0,0,0.835875
1080,1025,2,18,4,4,1,1,1.41747,1.5192,0.384226,0.624467,2,1,4.8,0,0.34,0.24,0.14,0.035,0.04,0.025,0.008,0.004,0.01,0.006,0.035,0.002,1,1,1,9.90157,0,0,53.0791,967,2,0,0,0,0,0.663008
1080,1030,2,19,4,4,1,1,1.05866,2.22388,0.650815,3.05459,2,1,4.8,0,0.34,0.24,0.14,0.035,0.04,0.025,0.008,0.004,0.01,0.006,0.035,0.002,1,1,1,7.47585,0,0,47.878,994,2,0,0,0,0,1.19593
1080,1033,2,19,4,4,1,1,1.16307,1.9824,0.403887,3.06661,2,1,4.8,0,0.34,0.24,0.14,0.035,0.04,0.025,0.008,0.004,0.01,0.006,0.035,0.002,1,1,1,9.21637,0,0,45.9692,909,2,0,0,0,0,0.525497
1080,1034,25,18,4,6,1,1,1.62896,0.965084,0.0488063,-3.13904,1,1,4.8,0,0.34,0.24,0.14,0.035,0.04,0.025,0.008,0.004,0.01,0.006,0.035,0.002,1,1,1,2.82724,0,0,45.3941,989,25,0,0,0,0,0
1080,1035,25,19,5,5,1,2,2.01925,1.67251,0.33316,-2.6546,2,1,6,0,0.34,0.24,0.14,0.035,0.04,0.025,0.008,0.004,0.01,0.006,0.035,0.002,1,1,1,8.68259,0,0,44.0772,997,25,0,0,0,0,1.02604
1080,1037,2,18,4,4,1,1,1.70133,1.27435,0.332056,-1.00363,2,1,4.8,0,0.34,0.24,0.14,0.035,0.04,0.025,0.008,0.004,0.01,0.006,0.035,0.002,1,1,1,6.61071,0,0,41.9684,967,2,0,0,0,0,1.26986
1080,1040,2,20,4,4,1,1,1.24149,1.80985,0.321164,-0.302772,2,1,4.8,0,0.34,0.24,0.14,0.035,0.04,0.025,0.008,0.004,0.01,0.006,0.035,0.002,1,1,1,6.11406,0,0,40.8015,1033,2,0,0,0,0,1.27545
1080,1042,2,22,4,4,1,1,1.0573,2.14665,0.349231,-0.15231,2,1,4.8,0,0.34,0.24,0.14,0.035,0.04,0.025,0.008,0.004,0.01,0.006,0.035,0.002,1,1,1,8.904,0,0,40.5598,995,2,0,0,0,0,0.759876
1080,1047,2,17,4,4,1,1,1.44502,1.43927,0.57976,0.725732,2,1,4.8,0,0.34,0.24,0.14,0.035,0.04,0.025,0.008,0.004,0.01,0.006,0.035,0.002,1,1,1,5.58046,0,0,37.3174,917,2,0,0,0,0,0.919108
1080,1054,2,19,4,4,1,1,1.12964,2.0273,0.757539,2.8462,2,1,4.8,0,0.34,0.24,0.14,0.035,0.04,0.025,0.008,0.004,0.01,0.006,0.035,0.002,1,1,1,5.22579,0,0,32.9915,1025,2,0,0,0,0,0.774459
1080,1055,2,23,4,4,1,1,1.28744,1.8168,0.316309,-2.8798,2,1,4.8,0,0.34,0.24,0.14,0.035,0.04,0.025,0.008,0.004,0.01,0.006,0.035,0.002,1,1,1,6.38111,0,0,32.9081,1042,2,0,0,0,0,0.542385
1080,1057,2,18,4,4,1,1,1.22237,1.95409,0.444059,2.72906,2,1,4.8,0,0.34,0.24,0.14,0.035,0.04,0.025,0.008,0.004,0.01,0.006,0.035,0.002,1,1,1,4.78534,0,0,30.208,1023,2,0,0,0,0,1.18014
1080,1059,2,18,4,4,1,1,1.76391,1.34715,0.293145,-1.02601,2,1,4.8,0,0.34,0.24,0.14,0.035,0.04,0.025,0.008,0.004,0.01,0.006,0.035,0.002,1,1,1,1.2,0,0,29.8496,1047,2,0,0,0,0,0.878538
1080,1060,25,19,5,5,1,2,2.35284,1.54266,0.101259,-0.383903,2,1,6,0,0.34,0.24,0.14,0.035,0.04,0.025,0.008,0.004,0.01,0.006,0.035,0.002,1,1,1,3.744,0,0,29.083,997,25,0,0,0,0,0.833967
1080,1065,2,22,4,4,1,1,1.26367,1.81889,0.477813,2.6759,2,1,4.8,0,0.34,0.24,0.14,0.035,0.04,0.025,0.008,0.004,0.01,0.006,0.035,0.002,1,1,1,1.58994,0,0,22.0081,995,2,0,0,0,0,0.826049
1080,1069,2,20,4,4,1,1,1.93794,1.179,0.404153,1.83976,2,1,4.8,0,0.34,0.24,0.14,0.035,0.04,0.025,0.008,0.004,0.01,0.006,0.035,0.002,1,1,1,0.767151,0,0,18.5665,1033,2,0,0,0,0,0.60433
1080,1070,2,19,4,4,1,1,1.39925,1.55115,0.352307,-2.61405,2,1,4.8,0,0.34,0.24,0.14,0.035,0.04,0.025,0.008,0.004,0.01,0.006,0.035,0.002,1,1,1,2.70725,0,0,17.6748,1025,2,0,0,0,0,0.796426
1080,1074,2,23,3,3,1,0,1.31551,1.02652,0.0539851,-1.77952,1,1,3.6,0,0.34,0.24,0.14,0.035,0.04,0.025,0.008,0.004,0.01,0.006,0.035,0.002,1,1,1,1.2,0,0,12.4916,1042,2,0,0,0,0,0
1080,1077,2,22,4,4,1,1,2.13614,1.05641,0.313177,1.54822,2,1,4.8,0,0.34,0.24,0.14,0.035,0.04,0.025,0.008,0.004,0.01,0.006,0.035,0.002,1,1,1,2.05213,0,0,9.48327,995,2,0,0,0,0,0.500935
1080,1081,2,20,4,4,1,1,1.17348,1.80352,0.190352,-0.149113,2,1,4.8,0,0.34,0.24,0.14,0.035,0.04,0.025,0.008,0.004,0.01,0.006,0.035,0.002,1,1,1,0.36,0,0,8.28329,1054,2,0,0,0,0,0.634293
1080,1085,2,24,4,4,1,1,1.29913,1.47587,0.33662,-0.779276,2,1,4.8,0,0.34,0.24,0.14,0.035,0.04,0.025,0.008,0.004,0.01,0.006,0.035,0.002,1,1,1,0.24,0,0,5.68333,1055,2,0,0,0,0,0.548656
1110,939,25,18,6,6,1,2,1.31713,3.25637,0.340551,-1.22262,3,1,7.2,0,0.34,0.24,0.14,0.035,0.04,0.025,0.008,0.004,0.01,0.006,0.035,0.002,1,1,1,28.5402,0,0,153.243,866,25,0,0,0,0,1.30314
1110,942,17,22,5,5,1,2,1.81828,2.38043,0.267692,-0.475562,2,1,6,0,0.34,0.24,0.14,0.035,0.04,0.025,0.008,0.004,0.01,0.006,0.035,0.002,1,1,1,24.2177,0,0,150.544,935,17,0,0,0,0,0.753478
1110,945,25,17,5,5,1,2,2.29131,1.28456,0.204364,-0.172657,2,1,6,0,0.34,0.24,0.14,0.035,0.04,0.025,0.008,0.004,0.01,0.006,0.035,0.002,1,1,1,24.016,0,0,147.569,855,25,0,0,0,0,0.659482
1110,984,17,22,5,5,1,2,1.79263,2.71033,0.281236,-1.1642,2,1,6,0,0.34,0.24,0.14,0.035,0.04,0.025,0.008,0.004,0.01,0.006,0.035,0.002,1,1,1,20.3074,0,0,117.127,935,17,0,0,0,0,0.560329
1110,988,2,20,4,4,1,1,1.21038,2.01427,0.490381,-2.81787,2,1,4.8,0,0.34,0.24,0.14,0.035,0.04,0.025,0.008,0.004,0.01,0.006,0.035,0.002,1,1,1,18.1683,0,0,111.986,918,2,0,0,0,0,0.861527
1110,989,25,17,2,5,1,0,0.202739,1.20565,0.133073,-1.4042,0,0,2.4,0,0.34,0.24,0.14,0.035,0.04,0.025,0.008,0.004,0.01,0.006,0.035,0.002,1,1,1,4.93768,0,0,111.503,855,25,0,0,0,0,0
1110,1011,17,23,5,5,1,2,1.24584,2.58335,0.167609,2.30239,2,1,6,0,0.34,0.24,0.14,0.035,0.04,0.025,0.008,0.004,0.01,0.006,0.035,0.002,1,1,1,9.03209,0,0,99.1145,984,17,0,0,0,0,1.21341
1110,1020,17,23,5,5,1,2,1.88827,2.55922,0.4186,-1.27934,2,1,6,0,0.34,0.24,0.14,0.035,0.04,0.025,0.008,0.004,0.01,0.006,0.035,0.002,1,1,1,12.0634,0,0,93.5575,942,17,0,0,0,0,0.852965
1110,1023,2,17,4,4,1,1,1.46993,1.44005,0.659791,-0.72189,2,1,4.8,0,0.34,0.24,0.14,0.035,0.04,0.025,0.008,0.004,0.01,0.006,0.035,0.002,1,1,1,14.0251,0,0,83.9849,917,2,0,0,0,0,0.843206
1110,1025,2,18,4,4,1,1,1.2117,1.92543,0.644305,2.66255,2,1,4.8,0,0.34,0.24,0.14,0.035,0.04,0.025,0.008,0.004,0.01,0.006,0.035,0.002,1,1,1,16.1416,0,0,83.0768,967,2,0,0,0,0,1.24112
1110,1030,2,19,4,4,1,1,1.40106,1.44372,0.561864,2.66822,2,1,4.8,0,0.34,0.24,0.14,0.035,0.04,0.025,0.008,0.004,0.01,0.006,0.035,0.002,1,1,1,17.4603,0,0,77.878,994,2,0,0,0,0,0.832414
1110,1035,25,19,5,5,1,2,2.08153,1.33027,0.228966,-0.133787,2,1,6,0,0.34,0.24,0.14,0.035,0.04,0.025,0.008,0.004,0.01,0.006,0.035,0.002,1,1,1,11.0582,0,0,74.079,997,25,0,0,0,0,0.768505
1110,1037,2,18,4,4,1,1,1.95303,1.18456,0.365141,-1.82219,2,1,4.8,0,0.34,0.24,0.14,0.035,0.04,0.025,0.008,0.004,0.01,0.006,0.035,0.002,1,1,1,12.5702,0,0,71.9712,967,2,0,0,0,0,1.09327
1110,1040,2,20,4,4,1,1,1.4317,1.32173,0.327507,0.758953,2,1,4.8,0,0.34,0.24,0.14,0.035,0.04,0.025,0.008,0.004,0.01,0.006,0.035,0.002,1,1,1,12.2341,0,0,70.8048,1033,2,0,0,0,0,1.26755
1110,1048,2,19,4,4,1,1,1.70738,1.34695,0.731392,-2.18119,2,1,4.8,0,0.34,0.24,0.14,0.035,0.04,0.025,0.008,0.004,0.01,0.006,0.035,0.002,1,1,1,6.84212,0,0,67.1723,1037,2,0,0,0,0,1.25251
1110,1054,2,19,4,4,1,1,1.04614,1.93713,0.318862,0.0792985,2,1,4.8,0,0.34,0.24,0.14,0.035,0.04,0.025,0.008,0.004,0.01,0.006,0.035,0.002,1,1,1,7.15898,0,0,62.9979,1025,2,0,0,0,0,0
1110,1055,2,23,4,4,1,1,1.16567,2.04371,0.368993,0.246564,2,1,4.8,0,0.34,0.24,0.14,0.035,0.04,0.025,0.008,0.004,0.01,0.006,0.035,0.002,1,1,1,8.18111,0,0,62.9145,1042,2,0,0,0,0,0.828654
1110,1057,2,18,4,4,1,1,1.55959,1.32304,0.202972,-1.31087,2,1,4.8,0,0.34,0.24,0.14,0.035,0.04,0.025,0.008,0.004,0.01,0.006,0.035,0.002,1,1,1,9.06122,0,0,60.214,1023,2,0,0,0,0,0.859132
1110,1065,2,22,4,4,1,1,1.36747,1.4412,0.424657,2.28162,2,1,4.8,0,0.34,0.24,0.14,0.035,0.04,0.025,0.008,0.004,0.01,0.006,0.035,0.002,1,1,1,6.41394,0,0,52.0122,995,2,0,0,0,0,1.14392
1110,1067,25,18,5,5,1,2,1.18132,2.3881,0.0784418,1.45636,2,1,6,0,0.34,0.24,0.14,0.035,0.04,0.025,0.008,0.004,0.01,0.006,0.035,0.002,1,1,1,5.76323,0,0,50.6786,945,25,0,0,0,0,1.16031
1110,1072,2,21,4,4,1,1,1.86973,1.29996,0.430516,2.12603,2,1,4.8,0,0.34,0.24,0.14,0.035,0.04,0.025,0.008,0.004,0.01,0.006,0.035,0.002,1,1,1,5.35332,0,0,46.9194,1040,2,0,0,0,0,1.11563
1110,1074,2,23,3,3,1,0,0.897401,1.42035,0.039199,-0.908052,1,1,3.6,0,0.34,0.24,0.14,0.035,0.04,0.025,0.008,0.004,0.01,0.006,0.035,0.002,1,1,1,3.72215,0,0,42.4935,1042,2,0,0,0,0,0
1110,1077,2,22,4,4,1,1,1.02341,2.16982,0.550701,2.89671,2,1,4.8,0,0.34,0.24,0.14,0.035,0.04,0.025,0.008,0.004,0.01,0.006,0.035,0.002,1,1,1,6.87613,0,0,39.4845,995,2,0,0,0,0,1.14392
1110,1081,2,20,4,4,1,1,1.44508,1.45414,0.226936,-1.01327,2,1,4.8,0,0.34,0.24,0.14,0.035,0.04,0.025,0.008,0.004,0.01,0.006,0.035,0.002,1,1,1,3.36,0,0,38.2843,1054,2,0,0,0,0,0
1110,1083,25,20,5,5,1,2,1.92161,1.92793,0.45712,-1.02096,2,1,6,0,0.34,0.24,0.14,0.035,0.04,0.025,0.008,0.004,0.01,0.006,0.035,0.002,1,1,1,3.19288,0,0,35.8838,1035,25,0,0,0,0,0.981529
1110,1085,2,24,4,4,1,1,1.51552,1.33992,0.294151,0.789327,2,1,4.8,0,0.34,0.24,0.14,0.035,0.04,0.025,0.008,0.004,0.01,0.006,0.035,0.002,1,1,1,3.29539,0,0,35.6837,1055,2,0,0,0,0,0.61683
1110,1086,17,24,5,5,1,2,2.61638,1.447,0.303562,0.700197,2,1,6,0,0.34,0.24,0.14,0.035,0.04,0.025,0.008,0.004,0.01,0.006,0.035,0.002,1,1,1,3.48,0,0,35.1919,1011,17,0,0,0,0,0.606763
1110,1087,2,19,4,4,1,1,1.3568,1.48285,0.0676542,-3.00149,2,1,4.8,0,0.34,0.24,0.14,0.035,0.04,0.025,0.008,0.004,0.01,0.006,0.035,0.002,1,1,1,4.68,0,0,35.1836,1057,2,0,0,0,0,1.20285
1110,1088,2,24,3,3,1,0,1.05649,1.4532,0.517211,-0.407353,1,1,3.6,0,0.34,0.24,0.14,0.035,0.04,0.025,0.008,0.004,0.01,0.006,0.035,0.002,1,1,1,3.30461,0,0,34.4001,1074,2,0,0,0,0,0.914688
1110,1092,2,23,4,4,1,1,1.05635,2.22155,0.219744,-0.276799,2,1,4.8,0,0.34,0.24,0.14,0.035,0.04,0.025,0.008,0.004,0.01,0.006,0.035,0.002,1,1,1,5.16,0,0,33.4166,1077,2,0,0,0,0,0.500632
1110,1094,2,20,4,4,1,1,1.86618,1.07094,0.282294,1.41422,2,1,4.8,0,0.34,0.24,0.14,0.035,0.04,0.025,0.008,0.004,0.01,0.006,0.035,0.002,1,1,1,4.49161,0,0,30.0663,1030,2,0,0,0,0,1.18353
1110,1102,2,22,4,4,1,1,1.37306,1.76125,0.481001,0.587594,2,1,4.8,0,0.34,0.24,0.14,0.035,0.04,0.025,0.008,0.004,0.01,0.006,0.035,0.002,1,1,1,1.32,0,0,28.183,995,2,0,0,0,0,0.551412
1110,1110,2,18,4,4,1,0,1.36991,1.78648,0.354754,-2.10981,2,1,4.8,0,0.34,0.24,0.14,0.035,0.04,0.025,0.008,0.004,0.01,0.006,0.035,0.002,1,1,1,3.09929,0,0,23.5997,1023,2,0,0,0,0,0.437031
1110,1112,2,20,4,4,1,1,1.0557,2.12539,0.617878,3.08072,2,1,4.8,0,0.34,0.24,0.14,0.035,0.04,0.025,0.008,0.004,0.01,0.006,0.035,0.002,1,1,1,3.47788,0,0,20.3248,1048,2,0,0,0,0,1.23358
1110,1123,17,24,5,5,1,2,2.13991,2.35583,0.424528,-1.6575,2,1,6,0,0.34,0.24,0.14,0.035,0.04,0.025,0.008,0.004,0.01,0.006,0.035,0.002,1,1,1,1.2,0,0,13.8165,1020,17,0,0,0,0,0.867121
1110,1124,2,20,4,4,1,1,1.18582,1.87606,0.331003,-2.92144,2,1,4.8,0,0.34,0.24,0.14,0.035,0.04,0.025,0.008,0.004,0.01,0.006,0.035,0.002,1,1,1,1.36866,0,0,12.4749,1030,2,0,0,0,0,1.2374
1110,1125,2,19,4,4,1,1,1.83256,1.21708,0.793946,-1.74756,2,1,4.8,0,0.34,0.24,0.14,0.035,0.04,0.025,0.008,0.004,0.01,0.006,0.035,0.002,1,1,1,2.16,0,0,9.8166,1037,2,0,0,0,0,1.13496
1140,939,25,18,6,6,1,2,1.42969,2.95802,0.381019,1.82338,3,1,7.2,0,0.34,0.24,0.14,0.035,0.04,0.025,0.008,0.004,0.01,0.006,0.035,0.002,1,1,1,34.5613,0,0,183.236,866,25,0,0,0,0,1.36169
1140,942,17,22,5,5,1,2,1.49934,2.53385,0.332909,2.39104,2,1,6,0,0.34,0.24,0.14,0.035,0.04,0.025,0.008,0.004,0.01,0.006,0.035,0.002,1,1,1,27.7217,0,0,180.536,935,17,0,0,0,0,0.49948
1140,988,2,20,4,4,1,1,1.89558,1.23591,0.190444,-2.10265,2,1,4.8,0,0.34,0.24,0.14,0.035,0.04,0.025,0.008,0.004,0.01,0.006,0.035,0.002,1,1,1,22.0323,0,0,141.979,918,2,0,0,0,0,0
1140,1023,2,17,4,4,1,1,1.06321,2.07568,0.379246,0.208365,2,1,4.8,0,0.34,0.24,0.14,0.035,0.04,0.025,0.008,0.004,0.01,0.006,0.035,0.002,1,1,1,21.0091,0,0,113.978,917,2,0,0,0,0,0.808543
1140,1025,2,18,4,4,1,1,1.41685,1.70784,0.330338,2.61253,2,1,4.8,0,0.34,0.24,0.14,0.035,0.04,0.025,0.008,0.004,0.01,0.006,0.035,0.002,1,1,1,19.8616,0,0,113.069,967,2,0,0,0,0,0.982769
1140,1030,2,19,4,4,1,1,1.88518,1.31184,0.544531,-1.07834,2,1,4.8,0,0.34,0.24,0.14,0.035,0.04,0.025,0.008,0.004,0.01,0.006,0.035,0.002,1,1,1,19.6203,0,0,107.871,994,2,0,0,0,0,1.27668
1140,1037,2,18,4,4,1,1,1.67609,1.67587,0.2341,2.56986,2,1,4.8,0,0.34,0.24,0.14,0.035,0.04,0.025,0.008,0.004,0.01,0.006,0.035,0.002,1,1,1,19.1702,0,0,101.964,967,2,0,0,0,0,1.20116
1140,1040,2,20,4,4,1,1,1.27004,1.97375,0.747499,-2.67026,2,1,4.8,0,0.34,0.24,0.14,0.035,0.04,0.025,0.008,0.004,0.01,0.006,0.035,0.002,1,1,1,14.3547,0,0,100.797,1033,2,0,0,0,0,1.14361
1140,1048,2,19,4,4,1,1,1.37156,1.75845,0.487463,-2.54975,2,1,4.8,0,0.34,0.24,0.14,0.035,0.04,0.025,0.008,0.004,0.01,0.006,0.035,0.002,1,1,1,12.9621,0,0,97.165,1037,2,0,0,0,0,0.9493
1140,1057,2,18,4,4,1,1,2.08016,1.05099,0.642474,1.64808,2,1,4.8,0,0.34,0.24,0.14,0.035,0.04,0.025,0.008,0.004,0.01,0.006,0.035,0.002,1,1,1,15.9012,0,0,90.2084,1023,2,0,0,0,0,0.662103
1140,1067,25,18,5,5,1,2,2.08835,1.90073,0.338532,0.591161,2,1,6,0,0.34,0.24,0.14,0.035,0.04,0.025,0.008,0.004,0.01,0.006,0.035,0.002,1,1,1,13.0224,0,0,80.6774,945,25,0,0,0,0,1.08671
1140,1072,2,21,4,4,1,1,2.04597,1.14036,0.455514,1.80318,2,1,4.8,0,0.34,0.24,0.14,0.035,0.04,0.025,0.008,0.004,0.01,0.006,0.035,0.002,1,1,1,11.4733,0,0,76.9199,1040,2,0,0,0,0,0.731691
1140,1074,2,23,3,3,1,0,1.02165,1.25611,0.355652,-0.192408,1,1,3.6,0,0.34,0.24,0.14,0.035,0.04,0.025,0.008,0.004,0.01,0.006,0.035,0.002,1,1,1,6.28503,0,0,72.496,1042,2,0,0,0,0,0
1140,1077,2,22,4,4,1,1,1.62123,1.43319,0.231949,-0.943143,2,1,4.8,0,0.34,0.24,0.14,0.035,0.04,0.025,0.008,0.004,0.01,0.006,0.035,0.002,1,1,1,9.54013,0,0,69.4884,995,2,0,0,0,0,0.607541
1140,1085,2,24,4,4,1,1,1.40033,1.65748,0.631344,-2.84458,2,1,4.8,0,0.34,0.24,0.14,0.035,0.04,0.025,0.008,0.004,0.01,0.006,0.035,0.002,1,1,1,11.3354,0,0,65.6894,1055,2,0,0,0,0,0.889881
1140,1086,17,24,5,5,1,2,2.7165,1.7222,0.365386,-2.84542,2,1,6,0,0.34,0.24,0.14,0.035,0.04,0.025,0.008,0.004,0.01,0.006,0.035,0.002,1,1,1,7.728,0,0,65.1978,1011,17,0,0,0,0,0.51924
1140,1094,2,20,4,4,1,1,1.15236,2.04826,0.665763,2.86221,2,1,4.8,0,0.34,0.24,0.14,0.035,0.04,0.025,0.008,0.004,0.01,0.006,0.035,0.002,1,1,1,9.12419,0,0,60.0723,1030,2,0,0,0,0,1.18103
1140,1110,2,18,4,4,1,0,1.95668,1.19584,0.133955,3.042,2,1,4.8,0,0.34,0.24,0.14,0.035,0.04,0.025,0.008,0.004,0.01,0.006,0.035,0.002,1,1,1,5.12547,0,0,53.6042,1023,2,0,0,0,0,0
1140,1111,2,19,4,4,1,1,1.99534,1.20406,0.405798,1.87427,2,1,4.8,0,0.34,0.24,0.14,0.035,0.04,0.025,0.008,0.004,0.01,0.006,0.035,0.002,1,1,1,4.84412,0,0,53.4959,1057,2,0,0,0,0,0.694685
1140,1112,2,20,4,4,1,1,1.65773,1.28959,0.211853,-1.33918,2,1,4.8,0,0.34,0.24,0.14,0.035,0.04,0.025,0.008,0.004,0.01,0.006,0.035,0.002,1,1,1,8.51788,0,0,50.3285,1048,2,0,0,0,0,0.976216
1140,1123,17,24,5,5,1,2,2.77078,1.74729,0.460756,0.283661,2,1,6,0,0.34,0.24,0.14,0.035,0.04,0.025,0.008,0.004,0.01,0.006,0.035,0.002,1,1,1,10.032,0,0,43.8188,1020,17,0,0,0,0,1.13498
1140,1124,2,20,4,4,1,1,1.25399,1.88452,0.333451,0.300534,2,1,4.8,0,0.34,0.24,0.14,0.035,0.04,0.025,0.008,0.004,0.01,0.006,0.035,0.002,1,1,1,4.91788,0,0,42.4768,1030,2,0,0,0,0,0.619963
1140,1126,25,19,6,6,1,2,2.45095,1.81573,0.652869,2.52005,3,1,7.2,0,0.34,0.24,0.14,0.035,0.04,0.025,0.008,0.004,0.01,0.006,0.035,0.002,1,1,1,11.6144,0,0,36.6256,939,25,0,0,0,0,1.66488
1140,1127,2,25,3,3,1,0,1.00377,1.44346,0.281122,2.64064,1,1,3.6,0,0.34,0.24,0.14,0.035,0.04,0.025,0.008,0.004,0.01,0.006,0.035,0.002,1,1,1,3.08437,0,0,35.517,1088,2,0,0,0,0,0.570243
1140,1131,2,19,4,4,1,1,2.13867,1.1548,0.228782,1.79507,2,1,4.8,0,0.34,0.24,0.14,0.035,0.04,0.025,0.008,0.004,0.01,0.006,0.035,0.002,1,1,1,5.664,0,0,34.3001,1025,2,0,0,0,0,0.774548
1140,1134,2,20,4,4,1,1,1.99855,1.22171,0.633818,-1.17331,2,1,4.8,0,0.34,0.24,0.14,0.035,0.04,0.025,0.008,0.004,0.01,0.006,0.035,0.002,1,1,1,3.93446,0,0,31.4913,1030,2,0,0,0,0,0.962043
1140,1137,35,19,4,4,1,1,2.20507,1.37127,0.187365,-0.891106,2,0,4.8,0,0.34,0.24,0.14,0.035,0.04,0.025,0.008,0.004,0.01,0.006,0.035,0.002,1,1,1,2.22084,0,0,29.3163,1067,25,0,0,0,0,0.523932
1140,1143,2,18,4,4,1,1,1.30114,1.67223,0.52734,-0.513259,2,1,4.8,0,0.34,0.24,0.14,0.035,0.04,0.025,0.008,0.004,0.01,0.006,0.035,0.002,1,1,1,1.32,0,0,24.5664,1023,2,0,0,0,0,0.888812
1140,1145,2,20,4,4,1,1,1.16574,2.00078,0.294378,0.295414,2,1,4.8,0,0.34,0.24,0.14,0.035,0.04,0.025,0.008,0.004,0.01,0.006,0.035,0.002,1,1,1,2.28,0,0,23.7247,1048,2,0,0,0,0,0.995368
1140,1146,2,22,4,4,1,1,1.89835,1.2001,0.31951,1.26373,2,1,4.8,0,0.34,0.24,0.14,0.035,0.04,0.025,0.008,0.004,0.01,0.006,0.035,0.002,1,1,1,2.952,0,0,23.5997,1072,2,0,0,0,0,0.757905
1140,1148,2,21,4,4,1,1,1.12715,2.14185,0.340506,0.389419,2,1,4.8,0,0.34,0.24,0.14,0.035,0.04,0.025,0.008,0.004,0.01,0.006,0.035,0.002,1,1,1,1.56,0,0,22.4164,1094,2,0,0,0,0,0.725017
1140,1152,2,21,4,4,1,1,1.8296,1.07592,0.575165,-1.52658,2,1,4.8,0,0.34,0.24,0.14,0.035,0.04,0.025,0.008,0.004,0.01,0.006,0.035,0.002,1,1,1,1.8,0,0,21.6414,1112,2,0,0,0,0,1.17464
1140,1153,17,25,5,5,1,2,1.26055,2.5439,0.239899,2.47047,2,1,6,0,0.34,0.24,0.14,0.035,0.04,0.025,0.008,0.004,0.01,0.006,0.035,0.002,1,1,1,1.68,0,0,21.4081,1123,17,0,0,0,0,0.755569
1140,1159,25,20,6,6,1,2,1.18679,3.058,0.425568,1.55288,3,1,7.2,0,0.34,0.24,0.14,0.035,0.04,0.025,0.008,0.004,0.01,0.006,0.035,0.002,1,1,1,2.71646,0,0,17.3332,1126,25,0,0,0,0,1.58605
1140,1174,2,25,4,4,1,1,1.34121,1.53881,0.314676,0.170238,2,1,4.8,0,0.34,0.24,0.14,0.035,0.04,0.025,0.008,0.004,0.01,0.006,0.035,0.002,1,1,1,0.72,0,0,5.41667,1085,2,0,0,0,0,0.841535
1170,939,25,18,6,6,1,2,1.42993,3.01,0.251873,1.6503,3,1,7.2,0,0.34,0.24,0.14,0.035,0.04,0.025,0.008,0.004,0.01,0.006,0.035,0.002,1,1,1,42.7933,0,0,213.228,866,25,0,0,0,0,1.65869
1170,1025,2,18,4,4,1,1,2.07723,1.0513,0.59412,1.68568,2,1,4.8,0,0.34,0.24,0.14,0.035,0.04,0.025,0.008,0.004,0.01,0.006,0.035,0.002,1,1,1,28.5016,0,0,143.062,967,2,0,0,0,0,1.1787
1170,1030,2,19,4,4,1,1,1.61117,1.22045,0.871216,1.59918,2,1,4.8,0,0.34,0.24,0.14,0.035,0.04,0.025,0.008,0.004,0.01,0.006,0.035,0.002,1,1,1,26.5083,0,0,137.863,994,2,0,0,0,0,0.960546
1170,1037,2,18,1,4,1,0,0,0,0.16189,0,0,0,1.2,0,0.34,0.24,0.14,0.035,0.04,0.025,0.008,0.004,0.01,0.006,0.035,0.002,1,1,1,2.05128,0,0,131.957,967,2,0,0,0,0,0
1170,1040,2,20,4,4,1,1,1.23446,1.85779,0.508052,2.64017,2,1,4.8,0,0.34,0.24,0.14,0.035,0.04,0.025,0.008,0.004,0.01,0.006,0.035,0.002,1,1,1,20.2493,0,0,130.79,1033,2,0,0,0,0,0.926376
1170,1048,2,19,4,4,1,1,2.10465,1.05854,0.422485,1.68441,2,1,4.8,0,0.34,0.24,0.14,0.035,0.04,0.025,0.008,0.004,0.01,0.006,0.035,0.002,1,1,1,17.2283,0,0,127.158,1037,2,0,0,0,0,0.929622
1170,1067,25,18,5,5,1,2,1.39092,2.42461,0.258105,1.33806,2,1,6,0,0.34,0.24,0.14,0.035,0.04,0.025,0.008,0.004,0.01,0.006,0.035,0.002,1,1,1,15.3072,0,0,110.67,945,25,0,0,0,0,0.534178
1170,1085,2,24,4,4,1,1,2.09326,1.05249,0.189996,-1.8187,2,1,4.8,0,0.34,0.24,0.14,0.035,0.04,0.025,0.008,0.004,0.01,0.006,0.035,0.002,1,1,1,17.1803,0,0,95.682,1055,2,0,0,0,0,1.14272
1170,1094,2,20,4,4,1,1,1.69894,1.31437,0.554117,1.02345,2,1,4.8,0,0.34,0.24,0.14,0.035,0.04,0.025,0.008,0.004,0.01,0.006,0.035,0.002,1,1,1,17.6183,0,0,90.0667,1030,2,0,0,0,0,0.874663
1170,1111,2,19,4,4,1,1,1.97855,1.18733,0.412705,1.83164,2,1,4.8,0,0.34,0.24,0.14,0.035,0.04,0.025,0.008,0.004,0.01,0.006,0.035,0.002,1,1,1,7.24412,0,0,83.4933,1057,2,0,0,0,0,1.07447
1170,1112,2,20,4,4,1,1,1.34796,1.76855,0.629138,0.60397,2,1,4.8,0,0.34,0.24,0.14,0.035,0.04,0.025,0.008,0.004,0.01,0.006,0.035,0.002,1,1,1,13.3505,0,0,80.3274,1048,2,0,0,0,0,1.27484
1170,1115,2,21,4,4,1,1,1.30214,1.81357,0.455779,0.4191,2,1,4.8,0,0.34,0.24,0.14,0.035,0.04,0.025,0.008,0.004,0.01,0.006,0.035,0.002,1,1,1,8.37639,0,0,78.3363,1040,2,0,0,0,0,0.554049
1170,1123,17,24,5,5,1,2,1.74099,2.54825,0.293378,1.83107,2,1,6,0,0.34,0.24,0.14,0.035,0.04,0.025,0.008,0.004,0.01,0.006,0.035,0.002,1,1,1,12.2245,0,0,73.8207,1020,17,0,0,0,0,0.728401
1170,1126,25,19,6,6,1,2,2.47494,2.05339,0.265847,0.748804,3,1,7.2,0,0.34,0.24,0.14,0.035,0.04,0.025,0.008,0.004,0.01,0.006,0.035,0.002,1,1,1,13.2944,0,0,66.6308,939,25,0,0,0,0,1.01247
1170,1131,2,19,4,4,1,1,1.71327,1.39603,0.346555,2.15766,2,1,4.8,0,0.34,0.24,0.14,0.035,0.04,0.025,0.008,0.004,0.01,0.006,0.035,0.002,1,1,1,11.4269,0,0,64.3064,1025,2,0,0,0,0,0.662332
1170,1134,2,20,4,4,1,1,1.18389,1.9535,0.503274,-0.403524,2,1,4.8,0,0.34,0.24,0.14,0.035,0.04,0.025,0.008,0.004,0.01,0.006,0.035,0.002,1,1,1,10.0785,0,0,61.4976,1030,2,0,0,0,0,1.27484
1170,1137,35,19,4,4,1,1,1.32353,2.32168,0.35968,0.735652,2,0,4.8,0,0.34,0.24,0.14,0.035,0.04,0.025,0.008,0.004,0.01,0.006,0.035,0.002,1,1,1,5.22084,0,0,59.3221,1067,25,0,0,0,0,0.523932
1170,1145,2,20,4,4,1,1,1.45111,1.46744,0.348611,2.4347,2,1,4.8,0,0.34,0.24,0.14,0.035,0.04,0.025,0.008,0.004,0.01,0.006,0.035,0.002,1,1,1,4.88335,0,0,53.7292,1048,2,0,0,0,0,0.726983
1170,1146,2,22,4,4,1,1,1.80057,1.23394,0.487164,1.20227,2,1,4.8,0,0.34,0.24,0.14,0.035,0.04,0.025,0.008,0.004,0.01,0.006,0.035,0.002,1,1,1,8.112,0,0,53.6042,1072,2,0,0,0,0,1.07841
1170,1147,2,19,4,4,1,1,2.09473,1.0476,0.450553,1.42779,2,1,4.8,0,0.34,0.24,0.14,0.035,0.04,0.025,0.008,0.004,0.01,0.006,0.035,0.002,1,1,1,3.6,0,0,53.2458,1025,2,0,0,0,0,1.06294
1170,1148,2,21,4,4,1,1,2.18739,1.099,0.0960345,1.59296,2,1,4.8,0,0.34,0.24,0.14,0.035,0.04,0.025,0.008,0.004,0.01,0.006,0.035,0.002,1,1,1,7.62135,0,0,52.4206,1094,2,0,0,0,0,1.01167
1170,1152,2,21,4,4,1,1,1.42871,1.35979,0.498047,-2.36794,2,1,4.8,0,0.34,0.24,0.14,0.035,0.04,0.025,0.008,0.004,0.01,0.006,0.035,0.002,1,1,1,6.7879,0,0,51.6455,1112,2,0,0,0,0,1.00463
1170,1158,2,23,4,4,1,1,1.89856,1.2248,0.48324,-2.05453,2,1,4.8,0,0.34,0.24,0.14,0.035,0.04,0.025,0.008,0.004,0.01,0.006,0.035,0.002,1,1,1,0.6,0,0,47.9947,1146,2,0,0,0,0,1.23095
1170,1159,25,20,6,6,1,2,2.88251,1.4058,0.149616,0.152483,3,1,7.2,0,0.34,0.24,0.14,0.035,0.04,0.025,0.008,0.004,0.01,0.006,0.035,0.002,1,1,1,7.90046,0,0,47.3362,1126,25,0,0,0,0,1.02623
1170,1168,2,20,4,4,1,1,2.19013,1.07393,0.605363,1.60672,2,1,4.8,0,0.34,0.24,0.14,0.035,0.04,0.025,0.008,0.004,0.01,0.006,0.035,0.002,1,1,1,5.39707,0,0,41.86,1131,2,0,0,0,0,1.12059
1170,1174,2,25,4,4,1,1,1.04826,2.1923,0.175822,-0.0950377,2,1,4.8,0,0.34,0.24,0.14,0.035,0.04,0.025,0.008,0.004,0.01,0.006,0.035,0.002,1,1,1,3.24,0,0,35.417,1085,2,0,0,0,0,0.766197
1170,1179,2,22,4,4,1,1,1.03114,2.06739,0.258227,0.157586,2,1,4.8,0,0.34,0.24,0.14,0.035,0.04,0.025,0.008,0.004,0.01,0.006,0.035,0.002,1,1,1,6.50894,0,0,32.6831,1148,2,0,0,0,0,1.27278
1170,1181,2,21,4,4,1,1,2.19954,1.0418,0.530785,1.75556,2,1,4.8,0,0.34,0.24,0.14,0.035,0.04,0.025,0.008,0.004,0.01,0.006,0.035,0.002,1,1,1,2.16,0,0,30.308,1112,2,0,0,0,0,0.716929
1170,1190,36,21,3,3,1,1,1.5931,1.29754,0.321904,0.226838,2,0,3.6,0,0.34,0.24,0.14,0.035,0.04,0.025,0.008,0.004,0.01,0.006,0.035,0.002,1,1,1,1.08,0,0,26.4747,1094,2,0,0,0,0,0.861931
1170,1195,2,25,5,5,1,1,2.0506,3.1877,0.512153,0.134937,3,1,6,0,0.34,0.24,0.14,0.035,0.04,0.025,0.008,0.004,0.01,0.006,0.035,0.002,1,1,1,3.9231,0,0,24.0414,1085,2,0,0,0,0,1.55539
1170,1203,2,21,4,4,1,1,1.71989,1.39748,0.613183,-0.836569,2,1,4.8,0,0.34,0.24,0.14,0.035,0.04,0.025,0.008,0.004,0.01,0.006,0.035,0.002,1,1,1,1.58903,0,0,16.7915,1094,2,0,0,0,0,0.633354
1170,1205,2,23,4,4,1,1,1.60812,1.39771,0.432717,-0.88042,2,1,4.8,0,0.34,0.24,0.14,0.035,0.04,0.025,0.008,0.004,0.01,0.006,0.035,0.002,1,1,1,1.72301,0,0,16.1582,1179,2,0,0,0,0,1.27811
1170,1207,2,22,4,4,1,1,1.42344,1.54195,0.41924,0.726393,2,1,4.8,0,0.34,0.24,0.14,0.035,0.04,0.025,0.008,0.004,0.01,0.006,0.035,0.002,1,1,1,1.13845,0,0,14.4082,1115,2,0,0,0,0,0.61756
1200,939,25,18,6,6,1,2,1.29328,3.04555,0.282283,-1.56478,3,1,7.2,0,0.34,0.24,0.14,0.035,0.04,0.025,0.008,0.004,0.01,0.006,0.035,0.002,1,1,1,47.7657,0,0,243.221,866,25,0,0,0,0,1.06782
1200,1030,2,19,4,4,1,1,1.05884,1.94321,0.258024,0.02365,2,1,4.8,0,0.34,0.24,0.14,0.035,0.04,0.025,0.008,0.004,0.01,0.006,0.035,0.002,1,1,1,29.9883,0,0,167.856,994,2,0,0,0,0,0.945257
1200,1085,2,24,4,4,1,1,1.05798,2.08461,0.36634,0.0556242,2,1,4.8,0,0.34,0.24,0.14,0.035,0.04,0.025,0.008,0.004,0.01,0.006,0.035,0.002,1,1,1,23.1323,0,0,125.675,1055,2,0,0,0,0,0.78085
1200,1094,2,20,4,4,1,1,1.4147,1.63763,0.498704,0.741286,2,1,4.8,0,0.34,0.24,0.14,0.035,0.04,0.025,0.008,0.004,0.01,0.006,0.035,0.002,1,1,1,19.9223,0,0,120.059,1030,2,0,0,0,0,0.877841
1200,1115,2,21,4,4,1,1,1.43478,1.31054,0.329849,-2.33171,2,1,4.8,0,0.34,0.24,0.14,0.035,0.04,0.025,0.008,0.004,0.01,0.006,0.035,0.002,1,1,1,10.2964,0,0,108.329,1040,2,0,0,0,0,1.03764
1200,1123,17,24,5,5,1,2,2.8989,1.26448,0.71885,-2.30569,2,1,6,0,0.34,0.24,0.14,0.035,0.04,0.025,0.008,0.004,0.01,0.006,0.035,0.002,1,1,1,18.4475,0,0,103.813,1020,17,0,0,0,0,1.16152
1200,1131,2,19,4,4,1,1,1.76544,1.26231,0.383249,-1.8227,2,1,4.8,0,0.34,0.24,0.14,0.035,0.04,0.025,0.008,0.004,0.01,0.006,0.035,0.002,1,1,1,21.2669,0,0,94.299,1025,2,0,0,0,0,0.658233
1200,1137,35,19,4,4,1,1,1.2201,2.39888,0.249137,1.03385,2,0,4.8,0,0.34,0.24,0.14,0.035,0.04,0.025,0.008,0.004,0.01,0.006,0.035,0.002,1,1,1,7.49871,0,0,89.3169,1067,25,0,0,0,0,0.523932
1200,1146,2,22,4,4,1,1,1.35911,1.84578,0.232877,2.69139,2,1,4.8,0,0.34,0.24,0.14,0.035,0.04,0.025,0.008,0.004,0.01,0.006,0.035,0.002,1,1,1,16.512,0,0,83.6016,1072,2,0,0,0,0,0.825396
1200,1147,2,19,4,4,1,1,1.93029,1.27172,0.254445,-2.2182,2,1,4.8,0,0.34,0.24,0.14,0.035,0.04,0.025,0.008,0.004,0.01,0.006,0.035,0.002,1,1,1,5.64,0,0,83.2434,1025,2,0,0,0,0,1.01433
1200,1158,2,23,4,4,1,1,1.25275,2.03461,0.493101,-0.115846,2,1,4.8,0,0.34,0.24,0.14,0.035,0.04,0.025,0.008,0.004,0.01,0.006,0.035,0.002,1,1,1,9.432,0,0,77.9947,1146,2,0,0,0,0,0.748922
1200,1159,25,20,6,6,1,2,2.09721,2.50924,0.108288,-0.936499,3,1,7.2,0,0.34,0.24,0.14,0.035,0.04,0.025,0.008,0.004,0.01,0.006,0.035,0.002,1,1,1,11.9782,0,0,77.3365,1126,25,0,0,0,0,1.63676
1200,1168,2,20,4,4,1,1,1.74126,1.38128,0.248719,-0.89686,2,1,4.8,0,0.34,0.24,0.14,0.035,0.04,0.025,0.008,0.004,0.01,0.006,0.035,0.002,1,1,1,10.5811,0,0,71.8628,1131,2,0,0,0,0,1.059
1200,1179,2,22,4,4,1,1,2.16795,1.06762,0.722248,1.69403,2,1,4.8,0,0.34,0.24,0.14,0.035,0.04,0.025,0.008,0.004,0.01,0.006,0.035,0.002,1,1,1,12.6289,0,0,62.6895,1148,2,0,0,0,0,1.26807
1200,1186,2,21,4,4,1,1,1.38593,1.71314,0.462169,-0.708021,2,1,4.8,0,0.34,0.24,0.14,0.035,0.04,0.025,0.008,0.004,0.01,0.006,0.035,0.002,1,1,1,5.16,0,0,59.072,1168,2,0,0,0,0,0.661672
1200,1196,2,20,4,4,1,1,1.26366,1.67433,0.648339,-0.417343,2,1,4.8,0,0.34,0.24,0.14,0.035,0.04,0.025,0.008,0.004,0.01,0.006,0.035,0.002,1,1,1,7.68,0,0,53.2375,1131,2,0,0,0,0,1.26268
1200,1203,2,21,4,4,1,1,1.33175,1.78829,0.571991,-2.64353,2,1,4.8,0,0.34,0.24,0.14,0.035,0.04,0.025,0.008,0.004,0.01,0.006,0.035,0.002,1,1,1,4.63703,0,0,46.7944,1094,2,0,0,0,0,0.653663
1200,1205,2,23,4,4,1,1,1.35969,1.80877,0.604768,0.454397,2,1,4.8,0,0.34,0.24,0.14,0.035,0.04,0.025,0.008,0.004,0.01,0.006,0.035,0.002,1,1,1,4.84301,0,0,46.161,1179,2,0,0,0,0,1.18286
1200,1207,2,22,3,4,1,0,1.11899,1.11224,0.0869805,0.274587,1,1,3.6,0,0.34,0.24,0.14,0.035,0.04,0.025,0.008,0.004,0.01,0.006,0.035,0.002,1,1,1,2.45845,0,0,44.4106,1115,2,0,0,0,0,0
1200,1209,25,19,6,6,1,2,1.47155,2.77841,0.245836,1.23815,3,1,7.2,0,0.34,0.24,0.14,0.035,0.04,0.025,0.008,0.004,0.01,0.006,0.035,0.002,1,1,1,3.01302,0,0,43.7688,939,25,0,0,0,0,0
1200,1212,2,25,3,3,1,0,1.09546,1.04481,0.0111952,-1.61128,1,1,3.6,0,0.34,0.24,0.14,0.035,0.04,0.025,0.008,0.004,0.01,0.006,0.035,0.002,1,1,1,2.82405,0,0,31.4746,1085,2,0,0,0,0,0
1200,1215,2,19,4,4,1,1,1.17891,1.80464,0.35742,-0.291898,2,1,4.8,0,0.34,0.24,0.14,0.035,0.04,0.025,0.008,0.004,0.01,0.006,0.035,0.002,1,1,1,3.05259,0,0,30.8746,1025,2,0,0,0,0,1.22087
1200,1216,2,20,4,4,1,1,0.973354,1.33135,0.308081,-2.27911,2,1,4.8,0,0.34,0.24,0.14,0.035,0.04,0.025,0.008,0.004,0.01,0.006,0.035,0.002,1,1,1,4.56,0,0,30.7579,1030,2,0,0,0,0,1.27484
1200,1224,2,23,4,4,1,1,2.10592,1.17432,0.564319,-1.89132,2,1,4.8,0,0.34,0.24,0.14,0.035,0.04,0.025,0.008,0.004,0.01,0.006,0.035,0.002,1,1,1,6.6,0,0,27.183,1179,2,0,0,0,0,0.990817
1200,1226,2,21,4,4,1,1,1.94126,1.0894,0.196624,1.56461,2,1,4.8,0,0.34,0.24,0.14,0.035,0.04,0.025,0.008,0.004,0.01,0.006,0.035,0.002,1,1,1,1.32,0,0,26.333,1196,2,0,0,0,0,0.678835
1200,1229,2,24,4,4,1,1,1.25209,2.09092,0.371148,0.0702259,2,1,4.8,0,0.34,0.24,0.14,0.035,0.04,0.025,0.008,0.004,0.01,0.006,0.035,0.002,1,1,1,2.28,0,0,23.0081,1158,2,0,0,0,0,0.659
1200,1230,39,23,5,5,1,2,1.9761,1.51637,0.255967,1.23002,2,2,6,0,0.34,0.24,0.14,0.035,0.04,0.025,0.008,0.004,0.01,0.006,0.035,0.002,1,1,1,1.92,0,0,22.7914,1146,2,0,0,0,0,0.537605
1200,1233,2,20,4,4,1,1,1.60118,1.29935,0.330059,0.995925,2,1,4.8,0,0.34,0.24,0.14,0.035,0.04,0.025,0.008,0.004,0.01,0.006,0.035,0.002,1,1,1,0.288038,0,0,19.9414,1131,2,0,0,0,0,0.837637
1200,1234,2,24,4,4,1,1,1.57378,1.70039,0.800214,-2.29703,2,1,4.8,0,0.34,0.24,0.14,0.035,0.04,0.025,0.008,0.004,0.01,0.006,0.035,0.002,1,1,1,2.88,0,0,19.5415,1224,2,0,0,0,0,0.654072
1200,1244,2,23,4,4,1,1,1.29411,1.86263,0.306582,3.04602,2,1,4.8,0,0.34,0.24,0.14,0.035,0.04,0.025,0.008,0.004,0.01,0.006,0.035,0.002,1,1,1,1.44,0,0,10.9666,1179,2,0,0,0,0,0.907123
1200,1246,2,20,4,4,1,1,1.3328,1.84067,0.643054,-0.965748,2,1,4.8,0,0.34,0.24,0.14,0.035,0.04,0.025,0.008,0.004,0.01,0.006,0.035,0.002,1,1,1,1.92,0,0,6.94165,1131,2,0,0,0,0,0.640236
1200,1248,2,25,4,4,1,1,1.04793,2.40808,0.128296,0.201776,2,1,4.8,0,0.34,0.24,0.14,0.035,0.04,0.025,0.008,0.004,0.01,0.006,0.035,0.002,1,1,1,0.6,0,0,6.24999,1234,2,0,0,0,0,1.07977
1230,939,25,18,6,6,1,2,2.15698,2.28907,0.184527,0.90154,3,1,7.2,0,0.34,0.24,0.14,0.035,0.04,0.025,0.008,0.004,0.01,0.006,0.035,0.002,1,1,1,54.2937,0,0,273.214,866,25,0,0,0,0,1.41117
1230,1030,2,19,4,4,1,1,1.43591,1.32515,0.381596,0.85449,2,1,4.8,0,0.34,0.24,0.14,0.035,0.04,0.025,0.008,0.004,0.01,0.006,0.035,0.002,1,1,1,34.6138,0,0,197.849,994,2,0,0,0,0,1.06814
1230,1085,2,24,4,4,1,1,1.13445,2.02674,0.329294,2.77935,2,1,4.8,0,0.34,0.24,0.14,0.035,0.04,0.025,0.008,0.004,0.01,0.006,0.035,0.002,1,1,1,25.8923,0,0,155.667,1055,2,0,0,0,0,1.14392
1230,1094,2,20,4,4,1,1,1.29681,1.76656,0.346478,-0.32383,2,1,4.8,0,0.34,0.24,0.14,0.035,0.04,0.025,0.008,0.004,0.01,0.006,0.035,0.002,1,1,1,23.6296,0,0,150.052,1030,2,0,0,0,0,0.662719
1230,1146,2,22,4,4,1,1,2.17805,1.25044,0.682064,1.42559,2,1,4.8,0,0.34,0.24,0.14,0.035,0.04,0.025,0.008,0.004,0.01,0.006,0.035,0.002,1,1,1,20.976,0,0,113.594,1072,2,0,0,0,0,1.25441
1230,1147,2,19,3,4,1,0,0.967948,1.35318,0.00295917,2.75509,1,1,3.6,0,0.34,0.24,0.14,0.035,0.04,0.025,0.008,0.004,0.01,0.006,0.035,0.002,1,1,1,9.00867,0,0,113.236,1025,2,0,0,0,0,0
1230,1159,25,20,6,6,1,2,2.08273,2.32182,0.299239,0.936998,3,1,7.2,0,0.34,0.24,0.14,0.035,0.04,0.025,0.008,0.004,0.01,0.006,0.035,0.002,1,1,1,18.8048,0,0,107.329,1126,25,0,0,0,0,0.948101
1230,1168,2,20,4,4,1,1,1.13712,2.05067,0.493967,-0.173163,2,1,4.8,0,0.34,0.24,0.14,0.035,0.04,0.025,0.008,0.004,0.01,0.006,0.035,0.002,1,1,1,18.4792,0,0,101.856,1131,2,0,0,0,0,0.644339
1230,1179,2,22,4,4,1,1,1.0537,1.9842,0.316533,-0.0157434,2,1,4.8,0,0.34,0.24,0.14,0.035,0.04,0.025,0.008,0.004,0.01,0.006,0.035,0.002,1,1,1,16.4689,0,0,92.6828,1148,2,0,0,0,0,0.658653
1230,1203,2,21,4,4,1,1,1.77778,1.31031,0.290257,-1.1165,2,1,4.8,0,0.34,0.24,0.14,0.035,0.04,0.025,0.008,0.004,0.01,0.006,0.035,0.002,1,1,1,8.47703,0,0,76.795,1094,2,0,0,0,0,0.975237
1230,1212,2,25,3,3,1,0,1.07097,1.2318,0.0796084,-1.26322,1,1,3.6,0,0.34,0.24,0.14,0.035,0.04,0.025,0.008,0.004,0.01,0.006,0.035,0.002,1,1,1,5.58405,0,0,61.4809,1085,2,0,0,0,0,0
1230,1215,2,19,4,4,1,1,1.06404,2.05055,0.438711,-0.137967,2,1,4.8,0,0.34,0.24,0.14,0.035,0.04,0.025,0.008,0.004,0.01,0.006,0.035,0.002,1,1,1,6.00342,0,0,60.8808,1025,2,0,0,0,0,1.04372
1230,1216,2,20,4,4,1,1,1.05667,2.37376,0.477964,0.0577688,2,1,4.8,0,0.34,0.24,0.14,0.035,0.04,0.025,0.008,0.004,0.01,0.006,0.035,0.002,1,1,1,10.7747,0,0,60.7641,1030,2,0,0,0,0,0.897388
1230,1224,2,23,4,4,1,1,1.66468,1.30387,0.364827,1.00797,2,1,4.8,0,0.34,0.24,0.14,0.035,0.04,0.025,0.008,0.004,0.01,0.006,0.035,0.002,1,1,1,12.5522,0,0,57.1883,1179,2,0,0,0,0,1.16125
1230,1229,2,24,4,4,1,1,1.41468,1.92367,0.83729,-0.583186,2,1,4.8,0,0.34,0.24,0.14,0.035,0.04,0.025,0.008,0.004,0.01,0.006,0.035,0.002,1,1,1,9.20353,0,0,53.0124,1158,2,0,0,0,0,1.03343
1230,1240,2,21,4,4,1,1,1.74768,1.34132,0.45004,2.04125,2,0,7.8,0,0.34,0.24,0.14,0.035,0.04,0.025,0.008,0.004,0.01,0.006,0.035,0.002,1,1,1,0.812997,0,0,46.8194,1168,2,0,0,0,0,0.659842
1230,1244,2,23,4,4,1,1,1.32759,1.42887,0.434348,-0.658727,2,1,4.8,0,0.34,0.24,0.14,0.035,0.04,0.025,0.008,0.004,0.01,0.006,0.035,0.002,1,1,1,5.46519,0,0,40.9682,1179,2,0,0,0,0,0.86416
1230,1245,2,23,4,4,1,1,1.68944,1.47438,0.315673,-2.35174,2,1,4.8,0,0.34,0.24,0.14,0.035,0.04,0.025,0.008,0.004,0.01,0.006,0.035,0.002,1,1,1,4.344,0,0,39.0761,1146,2,0,0,0,0,1.14975
1230,1246,2,20,4,4,1,1,1.82417,1.22951,0.273223,-1.66688,2,1,4.8,0,0.34,0.24,0.14,0.035,0.04,0.025,0.008,0.004,0.01,0.006,0.035,0.002,1,1,1,3.89182,0,0,36.9423,1131,2,0,0,0,0,0.932247
1230,1248,2,25,4,4,1,1,1.90096,1.06509,0.366459,1.79012,2,1,4.8,0,0.34,0.24,0.14,0.035,0.04,0.025,0.008,0.004,0.01,0.006,0.035,0.002,1,1,1,3.6,0,0,36.2505,1234,2,0,0,0,0,0.842761
1230,1258,2,24,4,4,1,1,1.29332,1.78196,0.342992,2.65439,2,1,4.8,0,0.34,0.24,0.14,0.035,0.04,0.025,0.008,0.004,0.01,0.006,0.035,0.002,1,1,1,3.3277,0,0,31.2163,1244,2,0,0,0,0,0.806644
1230,1263,2,24,4,4,1,1,2.19242,1.02908,0.544563,1.8907,2,1,4.8,0,0.34,0.24,0.14,0.035,0.04,0.025,0.008,0.004,0.01,0.006,0.035,0.002,1,1,1,3.96,0,0,30.3913,1224,2,0,0,0,0,1.27484
1230,1269,2,25,4,4,1,1,1.28494,1.99782,0.362524,-2.57485,2,1,4.8,0,0.34,0.24,0.14,0.035,0.04,0.025,0.008,0.004,0.01,0.006,0.035,0.002,1,1,1,3.504,0,0,27.008,1229,2,0,0,0,0,0.529985
1230,1274,2,20,4,4,1,1,1.13815,2.0795,0.523913,2.97846,2,1,4.8,0,0.34,0.24,0.14,0.035,0.04,0.025,0.008,0.004,0.01,0.006,0.035,0.002,1,1,1,4.70013,0,0,22.1997,1030,2,0,0,0,0,0.682393
1230,1276,40,21,6,6,1,2,2.46521,2.68311,0.355708,0.538405,4,1,7.2,0,0.34,0.24,0.14,0.035,0.04,0.025,0.008,0.004,0.01,0.006,0.035,0.002,1,1,1,4.11963,0,0,19.8331,1216,2,0,0,0,0,1.63449
1230,1278,2,24,4,4,1,1,1.4655,1.37868,0.747563,2.37803,2,1,4.8,0,0.34,0.24,0.14,0.035,0.04,0.025,0.008,0.004,0.01,0.006,0.035,0.002,1,1,1,2.424,0,0,19.5498,1224,2,0,0,0,0,1.14423
1230,1281,2,21,4,4,1,1,1.66402,1.37159,0.471318,2.06462,2,1,4.8,0,0.34,0.24,0.14,0.035,0.04,0.025,0.008,0.004,0.01,0.006,0.035,0.002,1,1,1,1.06066,0,0,15.0582,1274,2,0,0,0,0,0.662992
1260,939,25,18,6,6,1,2,2.96916,1.34301,0.152991,0.142285,3,1,7.2,0,0.34,0.24,0.14,0.035,0.04,0.025,0.008,0.004,0.01,0.006,0.035,0.002,1,1,1,61.0617,0,0,303.206,866,25,0,0,0,0,0.979299
1260,1085,2,24,4,4,1,1,1.45266,1.48884,0.249872,0.683944,2,1,4.8,0,0.34,0.24,0.14,0.035,0.04,0.025,0.008,0.004,0.01,0.006,0.035,0.002,1,1,1,28.9157,0,0,185.66,1055,2,0,0,0,0,0.534139
1260,1146,2,22,4,4,1,1,1.26278,1.92498,0.373487,-0.152015,2,1,4.8,0,0.34,0.24,0.14,0.035,0.04,0.025,0.008,0.004,0.01,0.006,0.035,0.002,1,1,1,25.217,0,0,143.587,1072,2,0,0,0,0,0.542715
1260,1147,2,19,3,4,1,0,1.02836,1.05966,0.554344,0.0306893,1,1,3.6,0,0.34,0.24,0.14,0.035,0.04,0.025,0.008,0.004,0.01,0.006,0.035,0.002,1,1,1,13.6887,0,0,143.229,1025,2,0,0,0,0,0
1260,1159,25,20,6,6,1,2,2.64129,1.62002,0.372882,-0.458608,3,1,7.2,0,0.34,0.24,0.14,0.035,0.04,0.025,0.008,0.004,0.01,0.006,0.035,0.002,1,1,1,26.0542,0,0,137.322,1126,25,0,0,0,0,1.35659
1260,1168,2,20,4,4,1,1,1.85028,1.35056,0.772073,-0.979573,2,1,4.8,0,0.34,0.24,0.14,0.035,0.04,0.025,0.008,0.004,0.01,0.006,0.035,0.002,1,1,1,24.2464,0,0,131.848,1131,2,0,0,0,0,1.27484
1260,1212,2,25,3,3,1,0,1.42077,0.887785,0.0453181,0.671523,1,1,3.6,0,0.34,0.24,0.14,0.035,0.04,0.025,0.008,0.004,0.01,0.006,0.035,0.002,1,1,1,9.18509,0,0,91.4747,1085,2,0,0,0,0,0.186808
1260,1224,2,23,4,4,1,1,1.34963,1.62426,0.754432,0.594642,2,1,4.8,0,0.34,0.24,0.14,0.035,0.04,0.025,0.008,0.004,0.01,0.006,0.035,0.002,1,1,1,19.6562,0,0,87.1841,1179,2,0,0,0,0,1.21771
1260,1240,2,21,4,4,1,1,1.36106,1.74365,0.428499,-2.59077,2,0,7.8,0,0.34,0.24,0.14,0.035,0.04,0.025,0.008,0.004,0.01,0.006,0.035,0.002,1,1,1,3.19418,0,0,76.82,1168,2,0,0,0,0,0.659842
1260,1246,2,20,4,4,1,1,1.39087,1.68954,0.459824,-2.54566,2,1,4.8,0,0.34,0.24,0.14,0.035,0.04,0.025,0.008,0.004,0.01,0.006,0.035,0.002,1,1,1,8.2714,0,0,66.9474,1131,2,0,0,0,0,1.27484
1260,1248,2,25,4,4,1,1,1.21302,1.89612,0.80384,2.86144,2,1,4.8,0,0.34,0.24,0.14,0.035,0.04,0.025,0.008,0.004,0.01,0.006,0.035,0.002,1,1,1,10.3166,0,0,66.2559,1234,2,0,0,0,0,0.660448
1260,1258,2,24,4,4,1,1,1.24513,1.88237,0.245167,2.78685,2,1,4.8,0,0.34,0.24,0.14,0.035,0.04,0.025,0.008,0.004,0.01,0.006,0.035,0.002,1,1,1,9.80774,0,0,61.2225,1244,2,0,0,0,0,0.93728
1260,1261,2,26,4,4,1,1,1.83861,1.10579,0.238842,-1.6035,2,1,4.8,0,0.34,0.24,0.14,0.035,0.04,0.025,0.008,0.004,0.01,0.006,0.035,0.002,1,1,1,3.00337,0,0,60.6557,1248,2,0,0,0,0,0.919234
1260,1269,2,25,4,4,1,1,2.13201,1.22789,0.0263078,-1.76099,2,1,4.8,0,0.34,0.24,0.14,0.035,0.04,0.025,0.008,0.004,0.01,0.006,0.035,0.002,1,1,1,8.184,0,0,57.0133,1229,2,0,0,0,0,0.992869
1260,1278,2,24,4,4,1,1,1.82955,1.05672,0.467472,-1.53944,2,1,4.8,0,0.34,0.24,0.14,0.035,0.04,0.025,0.008,0.004,0.01,0.006,0.035,0.002,1,1,1,8.47849,0,0,49.5533,1224,2,0,0,0,0,0.922732
1260,1287,2,25,4,4,1,1,1.30198,1.60572,0.401678,-0.456336,2,1,4.8,0,0.34,0.24,0.14,0.035,0.04,0.025,0.008,0.004,0.01,0.006,0.035,0.002,1,1,1,8.14973,0,0,40.3931,1278,2,0,0,0,0,0.845664
1260,1291,2,25,4,4,1,1,1.20436,2.24131,0.635291,0.408425,2,1,4.8,0,0.34,0.24,0.14,0.035,0.04,0.025,0.008,0.004,0.01,0.006,0.035,0.002,1,1,1,4.04246,0,0,34.9336,1263,2,0,0,0,0,1.01971
1260,1293,2,21,4,4,1,1,2.0467,1.08479,0.322503,1.41753,2,1,4.8,0,0.34,0.24,0.14,0.035,0.04,0.025,0.008,0.004,0.01,0.006,0.035,0.002,1,1,1,5.19439,0,0,33.7833,1168,2,0,0,0,0,1.02987
1260,1297,2,25,4,4,1,1,1.41792,1.58518,0.381445,-2.50697,2,0,4.8,0,0.34,0.24,0.14,0.035,0.04,0.025,0.008,0.004,0.01,0.006,0.035,0.002,1,1,1,2.07498,0,0,28.058,1258,2,0,0,0,0,0.657513
1260,1299,2,20,4,4,1,1,1.05161,2.41505,0.568105,-3.13068,2,1,4.8,0,0.34,0.24,0.14,0.035,0.04,0.025,0.008,0.004,0.01,0.006,0.035,0.002,1,1,1,5.04,0,0,27.7497,1147,2,0,0,0,0,1.19767
1260,1303,2,26,3,3,1,0,0.896001,1.41416,0.0499419,-0.540722,1,1,3.6,0,0.34,0.24,0.14,0.035,0.04,0.025,0.008,0.004,0.01,0.006,0.035,0.002,1,1,1,2.20696,0,0,23.6331,1212,2,0,0,0,0,0
1260,1305,2,24,4,4,1,1,2.19266,1.22344,0.556001,2.20424,2,1,4.8,0,0.34,0.24,0.14,0.035,0.04,0.025,0.008,0.004,0.01,0.006,0.035,0.002,1,1,1,0.72,0,0,22.4331,1224,2,0,0,0,0,1.2499
1260,1308,2,26,4,4,1,1,1.84427,1.48625,0.484379,-0.924537,2,1,4.8,0,0.34,0.24,0.14,0.035,0.04,0.025,0.008,0.004,0.01,0.006,0.035,0.002,1,1,1,3.7395,0,0,19.5581,1287,2,0,0,0,0,0.706484
1260,1319,2,26,4,4,1,1,1.65299,1.37612,0.685027,-0.917324,2,1,4.8,0,0.34,0.24,0.14,0.035,0.04,0.025,0.008,0.004,0.01,0.006,0.035,0.002,1,1,1,0.329637,0,0,8.74162,1287,2,0,0,0,0,0.925564
1260,1321,2,21,4,4,1,1,1.72953,1.52387,0.353565,1.68399,2,1,4.8,0,0.34,0.24,0.14,0.035,0.04,0.025,0.008,0.004,0.01,0.006,0.035,0.002,1,1,1,0.48,0,0,5.50834,1299,2,0,0,0,0,0
1290,1085,2,24,4,4,1,1,1.28499,1.89589,0.720648,-0.663474,2,1,4.8,0,0.34,0.24,0.14,0.035,0.04,0.025,0.008,0.004,0.01,0.006,0.035,0.002,1,1,1,37.7957,0,0,215.653,1055,2,0,0,0,0,1.27545
1290,1146,2,22,4,4,1,1,1.97609,1.25397,0.437207,-1.65756,2,1,4.8,0,0.34,0.24,0.14,0.035,0.04,0.025,0.008,0.004,0.01,0.006,0.035,0.002,1,1,1,29.921,0,0,173.58,1072,2,0,0,0,0,0.626997
1290,1147,2,19,3,4,1,0,1.0475,1.14551,0.0682112,3.08335,1,1,3.6,0,0.34,0.24,0.14,0.035,0.04,0.025,0.008,0.004,0.01,0.006,0.035,0.002,1,1,1,16.7127,0,0,173.221,1025,2,0,0,0,0,0
1290,1159,25,20,6,6,1,2,1.39383,3.19403,0.482276,-1.0672,3,1,7.2,0,0.34,0.24,0.14,0.035,0.04,0.025,0.008,0.004,0.01,0.006,0.035,0.002,1,1,1,32.9454,0,0,167.315,1126,25,0,0,0,0,1.7014
1290,1168,2,20,4,4,1,1,1.68045,1.39805,0.319075,-0.889229,2,1,4.8,0,0.34,0.24,0.14,0.035,0.04,0.025,0.008,0.004,0.01,0.006,0.035,0.002,1,1,1,28.0864,0,0,161.841,1131,2,0,0,0,0,0.65401
1290,1192,25,21,6,6,1,2,1.47679,2.98527,0.202289,1.92171,3,1,7.2,0,0.34,0.24,0.14,0.035,0.04,0.025,0.008,0.004,0.01,0.006,0.035,0.002,1,1,1,9.96208,0,0,145.062,1159,25,0,0,0,0,0.965639
1290,1224,2,23,4,4,1,1,1.10304,1.98167,0.510297,2.99565,2,1,4.8,0,0.34,0.24,0.14,0.035,0.04,0.025,0.008,0.004,0.01,0.006,0.035,0.002,1,1,1,29.0964,0,0,117.177,1179,2,0,0,0,0,0.933119
1290,1239,2,25,4,4,1,1,1.10072,2.07638,0.389259,-0.358708,2,1,4.8,0,0.34,0.24,0.14,0.035,0.04,0.025,0.008,0.004,0.01,0.006,0.035,0.002,1,1,1,7.59096,0,0,107.429,1085,2,0,0,0,0,0.553161
1290,1240,2,21,4,4,1,1,1.79362,1.33062,0.427022,-1.08072,2,0,7.8,0,0.34,0.24,0.14,0.035,0.04,0.025,0.008,0.004,0.01,0.006,0.035,0.002,1,1,1,4.89818,0,0,106.813,1168,2,0,0,0,0,0.659842
1290,1246,2,20,4,4,1,1,1.71187,1.28618,0.581168,-2.1245,2,1,4.8,0,0.34,0.24,0.14,0.035,0.04,0.025,0.008,0.004,0.01,0.006,0.035,0.002,1,1,1,14.8451,0,0,96.9401,1131,2,0,0,0,0,1.25932
1290,1248,2,25,4,4,1,1,2.12934,0.989579,0.530903,1.95235,2,1,4.8,0,0.34,0.24,0.14,0.035,0.04,0.025,0.008,0.004,0.01,0.006,0.035,0.002,1,1,1,16.7286,0,0,96.2486,1234,2,0,0,0,0,1.06965
1290,1255,2,21,4,4,1,1,1.14034,1.96775,0.553291,-2.87963,2,1,4.8,0,0.34,0.24,0.14,0.035,0.04,0.025,0.008,0.004,0.01,0.006,0.035,0.002,1,1,1,7.83487,0,0,92.1412,1246,2,0,0,0,0,1.26982
1290,1261,2,26,4,4,1,1,1.85324,1.08323,0.43627,1.80668,2,1,4.8,0,0.34,0.24,0.14,0.035,0.04,0.025,0.008,0.004,0.01,0.006,0.035,0.002,1,1,1,6.02737,0,0,90.6499,1248,2,0,0,0,0,0
1290,1269,2,25,4,4,1,1,2.04029,1.25753,0.205097,-1.62487,2,1,4.8,0,0.34,0.24,0.14,0.035,0.04,0.025,0.008,0.004,0.01,0.006,0.035,0.002,1,1,1,12.6921,0,0,87.0091,1229,2,0,0,0,0,0.591116
1290,1286,2,26,4,4,1,1,1.65057,1.53443,0.0978765,-2.21615,2,1,4.8,0,0.34,0.24,0.14,0.035,0.04,0.025,0.008,0.004,0.01,0.006,0.035,0.002,1,1,1,7.21865,0,0,71.4796,1269,2,0,0,0,0,1.05191
1290,1291,2,25,4,4,1,1,1.93064,1.33739,0.422431,-1.12866,2,1,4.8,0,0.34,0.24,0.14,0.035,0.04,0.025,0.008,0.004,0.01,0.006,0.035,0.002,1,1,1,7.45918,0,0,64.9395,1263,2,0,0,0,0,1.21646
1290,1299,2,20,4,4,1,1,1.92823,1.3442,0.414909,2.13036,2,1,4.8,0,0.34,0.24,0.14,0.035,0.04,0.025,0.008,0.004,0.01,0.006,0.035,0.002,1,1,1,12.029,0,0,57.7551,1147,2,0,0,0,0,0.788628
1290,1300,2,23,4,4,1,1,1.84555,1.23891,0.418853,-2.08201,2,1,4.8,0,0.34,0.24,0.14,0.035,0.04,0.025,0.008,0.004,0.01,0.006,0.035,0.002,1,1,1,5.28,0,0,57.0883,1146,2,0,0,0,0,0.94328
1290,1303,2,26,3,3,1,0,1.23205,1.14166,0.518484,-2.77642,1,1,3.6,0,0.34,0.24,0.14,0.035,0.04,0.025,0.008,0.004,0.01,0.006,0.035,0.002,1,1,1,7.60696,0,0,53.6376,1212,2,0,0,0,0,0
1290,1305,2,24,4,4,1,1,1.28307,1.8842,0.691234,-2.71924,2,1,4.8,0,0.34,0.24,0.14,0.035,0.04,0.025,0.008,0.004,0.01,0.006,0.035,0.002,1,1,1,9,0,0,52.4373,1224,2,0,0,0,0,1.10521
1290,1308,2,26,4,4,1,1,1.90153,1.20307,0.374455,-1.2468,2,1,4.8,0,0.34,0.24,0.14,0.035,0.04,0.025,0.008,0.004,0.01,0.006,0.035,0.002,1,1,1,9.63947,0,0,49.5617,1287,2,0,0,0,0,1.19542
1290,1310,2,27,3,3,1,0,1.37703,0.956665,0.00354593,0.528786,0,1,3.6,0,0.34,0.24,0.14,0.035,0.04,0.025,0.008,0.004,0.01,0.006,0.035,0.002,1,1,1,3.84,0,0,47.8363,1303,2,0,0,0,0,0
1290,1313,2,27,3,5,1,0,0.82097,1.07703,0.260101,1.53587,1,1,3.6,0,0.34,0.24,0.14,0.035,0.04,0.025,0.008,0.004,0.01,0.006,0.035,0.002,1,1,1,1.32,0,0,44.7607,1308,2,0,0,0,0,0.0452819
1290,1321,2,21,1,4,1,0,0,0,0.0383251,0,0,0,1.2,0,0.34,0.24,0.14,0.035,0.04,0.025,0.008,0.004,0.01,0.006,0.035,0.002,1,1,1,0.36,0,0,35.5087,1299,2,0,0,0,0,0
1290,1324,2,21,4,4,1,1,1.10846,2.26595,0.503275,0.441262,2,1,4.8,0,0.34,0.24,0.14,0.035,0.04,0.025,0.008,0.004,0.01,0.006,0.035,0.002,1,1,1,4.56,0,0,31.4246,1168,2,0,0,0,0,0.656841
1290,1326,2,27,4,4,1,1,1.28496,1.72006,0.145318,0.621465,2,1,4.8,0,0.34,0.24,0.14,0.035,0.04,0.025,0.008,0.004,0.01,0.006,0.035,0.002,1,1,1,5.16,0,0,30.608,1261,2,0,0,0,0,0.678922
1290,1329,2,25,4,4,1,1,1.2554,1.70576,0.844208,0.235691,2,1,4.8,0,0.34,0.24,0.14,0.035,0.04,0.025,0.008,0.004,0.01,0.006,0.035,0.002,1,1,1,8.304,0,0,25.8414,1305,2,0,0,0,0,1.20727
1290,1330,2,24,4,4,1,1,1.36659,1.47987,0.362092,-0.5938,2,1,4.8,0,0.34,0.24,0.14,0.035,0.04,0.025,0.008,0.004,0.01,0.006,0.035,0.002,1,1,1,2.16181,0,0,24.8497,1224,2,0,0,0,0,0.658434
1290,1331,2,21,4,4,1,1,2.20421,1.15071,0.554522,1.75769,2,1,4.8,0,0.34,0.24,0.14,0.035,0.04,0.025,0.008,0.004,0.01,0.006,0.035,0.002,1,1,1,4.87229,0,0,24.6914,1299,2,0,0,0,0,1.26491
1290,1332,2,26,4,4,1,1,1.20193,1.78226,0.333143,-2.72266,2,1,4.8,0,0.34,0.24,0.14,0.035,0.04,0.025,0.008,0.004,0.01,0.006,0.035,0.002,1,1,1,0.621619,0,0,24.5914,1248,2,0,0,0,0,0.95162
1290,1334,25,21,6,6,1,2,1.64058,2.58502,0.347564,-1.90533,3,1,7.2,0,0.34,0.24,0.14,0.035,0.04,0.025,0.008,0.004,0.01,0.006,0.035,0.002,1,1,1,2.22433,0,0,22.4497,1159,25,0,0,0,0,1.26802
1290,1337,2,26,4,4,1,1,1.08414,1.97488,0.46683,3.05564,2,1,4.8,0,0.34,0.24,0.14,0.035,0.04,0.025,0.008,0.004,0.01,0.006,0.035,0.002,1,1,1,0.96,0,0,20.1498,1329,2,0,0,0,0,0.92395
1290,1341,2,28,3,3,1,0,1.42539,0.874873,0.00522746,-2.46547,0,1,3.6,0,0.34,0.24,0.14,0.035,0.04,0.025,0.008,0.004,0.01,0.006,0.035,0.002,1,1,1,1.2,0,0,18.2415,1310,2,0,0,0,0,0
1290,1345,2,25,4,4,1,1,2.55861,1.06933,0.850905,-1.42036,2,1,4.8,0,0.34,0.24,0.14,0.035,0.04,0.025,0.008,0.004,0.01,0.006,0.035,0.002,1,1,1,0.96,0,0,14.1332,1305,2,0,0,0,0,0.705018
1290,1346,2,24,4,4,1,1,1.71686,1.26547,0.199478,1.11117,2,1,4.8,0,0.34,0.24,0.14,0.035,0.04,0.025,0.008,0.004,0.01,0.006,0.035,0.002,1,1,1,2.88,0,0,14.0332,1224,2,0,0,0,0,0.858455
1290,1347,2,21,4,4,1,1,1.44032,1.58654,0.50471,0.576096,2,1,4.8,0,0.34,0.24,0.14,0.035,0.04,0.025,0.008,0.004,0.01,0.006,0.035,0.002,1,1,1,0.12,0,0,13.8749,1299,2,0,0,0,0,1.25808
1290,1352,2,27,3,3,1,0,1.07364,1.0638,0.375002,-1.48681,1,1,3.6,0,0.34,0.24,0.14,0.035,0.04,0.025,0.008,0.004,0.01,0.006,0.035,0.002,1,1,1,1.56,0,0,12.2249,1303,2,0,0,0,0,0
1290,1355,2,26,4,4,1,1,1.99449,1.29456,0.300856,-1.14087,2,1,4.8,0,0.34,0.24,0.14,0.035,0.04,0.025,0.008,0.004,0.01,0.006,0.035,0.002,1,1,1,1.2,0,0,9.33328,1329,2,0,0,0,0,1.10892
1290,1359,2,22,4,4,1,1,1.18111,1.9204,0.325548,0.22328,2,1,4.8,0,0.34,0.24,0.14,0.035,0.04,0.025,0.008,0.004,0.01,0.006,0.035,0.002,1,1,1,0.36,0,0,7.22498,1331,2,0,0,0,0,1.24412
1290,1360,2,25,4,4,1,1,1.31052,1.88755,0.502085,0.463068,2,1,4.8,0,0.34,0.24,0.14,0.035,0.04,0.025,0.008,0.004,0.01,0.006,0.035,0.002,1,1,1,0.36,0,0,6.79998,1085,2,0,0,0,0,1.12089
1320,1085,2,24,4,4,1,1,2.39043,1.09829,0.197691,1.65386,2,1,4.8,0,0.34,0.24,0.14,0.035,0.04,0.025,0.008,0.004,0.01,0.006,0.035,0.002,1,1,1,43.3679,0,0,245.645,1055,2,0,0,0,0,1.27545
1320,1146,2,22,4,4,1,1,2.09338,1.24053,0.484063,-1.62325,2,1,4.8,0,0.34,0.24,0.14,0.035,0.04,0.025,0.008,0.004,0.01,0.006,0.035,0.002,1,1,1,36.2819,0,0,203.572,1072,2,0,0,0,0,0.489354
1320,1239,2,25,4,4,1,1,1.2885,1.71542,0.699441,2.4665,2,1,4.8,0,0.34,0.24,0.14,0.035,0.04,0.025,0.008,0.004,0.01,0.006,0.035,0.002,1,1,1,12.271,0,0,137.422,1085,2,0,0,0,0,0.801832
1320,1248,2,25,4,4,1,1,1.7027,1.33611,0.475948,2.43291,2,1,4.8,0,0.34,0.24,0.14,0.035,0.04,0.025,0.008,0.004,0.01,0.006,0.035,0.002,1,1,1,21.5821,0,0,126.241,1234,2,0,0,0,0,1.21277
1320,1255,2,21,4,4,1,1,1.13642,1.95225,0.638802,0.256458,2,1,4.8,0,0.34,0.24,0.14,0.035,0.04,0.025,0.008,0.004,0.01,0.006,0.035,0.002,1,1,1,12.2124,0,0,122.134,1246,2,0,0,0,0,1.08981
1320,1269,2,25,4,4,1,1,1.97008,1.21268,0.325142,1.29854,2,1,4.8,0,0.34,0.24,0.14,0.035,0.04,0.025,0.008,0.004,0.01,0.006,0.035,0.002,1,1,1,15.9561,0,0,117.002,1229,2,0,0,0,0,0.522054
1320,1291,2,25,4,4,1,1,2.15055,1.1957,0.596633,1.86862,2,1,4.8,0,0.34,0.24,0.14,0.035,0.04,0.025,0.008,0.004,0.01,0.006,0.035,0.002,1,1,1,16.2144,0,0,94.9322,1263,2,0,0,0,0,1.27484
1320,1300,2,23,4,4,1,1,1.23298,1.98032,0.405952,2.94199,2,1,4.8,0,0.34,0.24,0.14,0.035,0.04,0.025,0.008,0.004,0.01,0.006,0.035,0.002,1,1,1,8.064,0,0,87.0841,1146,2,0,0,0,0,0.692474
1320,1303,2,26,3,3,1,0,0.942373,1.40658,0.678188,2.24746,1,1,3.6,0,0.34,0.24,0.14,0.035,0.04,0.025,0.008,0.004,0.01,0.006,0.035,0.002,1,1,1,11.447,0,0,83.635,1212,2,0,0,0,0,0.922109
1320,1304,2,26,4,4,1,1,1.47834,1.74865,0.306066,0.609223,2,1,4.8,0,0.34,0.24,0.14,0.035,0.04,0.025,0.008,0.004,0.01,0.006,0.035,0.002,1,1,1,2.99976,0,0,82.8352,1291,2,0,0,0,0,0.643699
1320,1305,2,24,4,4,1,1,1.24655,1.51564,0.52305,2.91681,2,1,4.8,0,0.34,0.24,0.14,0.035,0.04,0.025,0.008,0.004,0.01,0.006,0.035,0.002,1,1,1,15.6686,0,0,82.4353,1224,2,0,0,0,0,0.810588
1320,1308,2,26,3,4,1,0,0.836279,1.06146,0.244657,-1.59886,1,1,3.6,0,0.34,0.24,0.14,0.035,0.04,0.025,0.008,0.004,0.01,0.006,0.035,0.002,1,1,1,7.4835,0,0,79.561,1287,2,0,0,0,0,0
1320,1329,2,25,4,4,1,1,1.77947,1.38095,0.237649,-0.929272,2,1,4.8,0,0.34,0.24,0.14,0.035,0.04,0.025,0.008,0.004,0.01,0.006,0.035,0.002,1,1,1,11.9496,0,0,55.8464,1305,2,0,0,0,0,0.943552
1320,1331,2,21,4,4,1,1,1.95941,1.17508,0.255627,-1.41766,2,1,4.8,0,0.34,0.24,0.14,0.035,0.04,0.025,0.008,0.004,0.01,0.006,0.035,0.002,1,1,1,11.7571,0,0,54.6961,1299,2,0,0,0,0,0.910035
1320,1333,2,28,4,4,1,1,1.1165,1.80212,0.336078,-0.0226372,2,1,4.8,0,0.34,0.24,0.14,0.035,0.04,0.025,0.008,0.004,0.01,0.006,0.035,0.002,1,1,1,5.54926,0,0,54.4461,1326,2,0,0,0,0,0.962573
1320,1334,25,21,6,6,1,2,2.29981,2.22223,0.239624,-2.37131,3,1,7.2,0,0.34,0.24,0.14,0.035,0.04,0.025,0.008,0.004,0.01,0.006,0.035,0.002,1,1,1,8.02794,0,0,52.454,1159,25,0,0,0,0,1.49244
1320,1342,2,22,4,4,1,1,1.04824,1.94345,0.357777,0.064367,2,1,4.8,0,0.34,0.24,0.14,0.035,0.04,0.025,0.008,0.004,0.01,0.006,0.035,0.002,1,1,1,5.1382,0,0,47.1278,1255,2,0,0,0,0,0.661411
1320,1345,2,25,4,4,1,1,1.26096,1.75387,0.276401,2.79598,2,1,4.8,0,0.34,0.24,0.14,0.035,0.04,0.025,0.008,0.004,0.01,0.006,0.035,0.002,1,1,1,6.864,0,0,44.1355,1305,2,0,0,0,0,1.00467
1320,1346,2,24,4,4,1,1,1.31186,1.81869,0.348627,2.71211,2,1,4.8,0,0.34,0.24,0.14,0.035,0.04,0.025,0.008,0.004,0.01,0.006,0.035,0.002,1,1,1,6.66502,0,0,44.0355,1224,2,0,0,0,0,0.65242
1320,1347,2,21,4,4,1,1,1.94081,1.33559,0.700765,2.03155,2,1,4.8,0,0.34,0.24,0.14,0.035,0.04,0.025,0.008,0.004,0.01,0.006,0.035,0.002,1,1,1,3.38896,0,0,43.8771,1299,2,0,0,0,0,0
1320,1352,2,27,3,3,1,0,1.03262,1.26341,0.754786,2.96945,1,1,3.6,0,0.34,0.24,0.14,0.035,0.04,0.025,0.008,0.004,0.01,0.006,0.035,0.002,1,1,1,3.94571,0,0,42.2268,1303,2,0,0,0,0,1.02942
1320,1355,2,26,4,4,1,1,1.61789,1.2959,0.416843,1.1204,2,1,4.8,0,0.34,0.24,0.14,0.035,0.04,0.025,0.008,0.004,0.01,0.006,0.035,0.002,1,1,1,5.28,0,0,39.3345,1329,2,0,0,0,0,0.65203
1320,1356,2,25,4,4,1,1,1.98116,1.07989,0.355075,-1.39099,2,1,4.8,0,0.34,0.24,0.14,0.035,0.04,0.025,0.008,0.004,0.01,0.006,0.035,0.002,1,1,1,1.32,0,0,39.2345,1346,2,0,0,0,0,1.11411
1320,1359,2,22,4,4,1,1,1.20262,2.04476,0.485862,-2.82706,2,1,4.8,0,0.34,0.24,0.14,0.035,0.04,0.025,0.008,0.004,0.01,0.006,0.035,0.002,1,1,1,3.84,0,0,37.2257,1331,2,0,0,0,0,0.644241
1320,1360,2,25,4,4,1,1,2.26042,1.06048,0.406501,1.71769,2,1,4.8,0,0.34,0.24,0.14,0.035,0.04,0.025,0.008,0.004,0.01,0.006,0.035,0.002,1,1,1,6.48,0,0,36.8006,1085,2,0,0,0,0,0.833008
1320,1363,2,28,3,3,1,0,1.02543,1.08069,0.247596,-0.198564,1,1,3.6,0,0.34,0.24,0.14,0.035,0.04,0.025,0.008,0.004,0.01,0.006,0.035,0.002,1,1,1,4.824,0,0,32.1996,1352,2,0,0,0,0,0
1320,1370,2,26,4,4,1,1,1.43572,1.36451,0.523391,0.871481,2,1,4.8,0,0.34,0.24,0.14,0.035,0.04,0.025,0.008,0.004,0.01,0.006,0.035,0.002,1,1,1,2.64,0,0,28.2997,1329,2,0,0,0,0,0.705221
1320,1374,2,26,4,4,1,1,1.54731,1.46622,0.524679,2.27543,2,1,4.8,0,0.34,0.24,0.14,0.035,0.04,0.025,0.008,0.004,0.01,0.006,0.035,0.002,1,1,1,3.53898,0,0,25.8414,1345,2,0,0,0,0,0.662653
1320,1375,2,27,3,3,1,0,1.04067,1.19667,0.314964,-0.130546,1,1,3.6,0,0.34,0.24,0.14,0.035,0.04,0.025,0.008,0.004,0.01,0.006,0.035,0.002,1,1,1,0,0,0,24.7747,1303,2,0,0,0,0,0.41804
1320,1376,2,22,4,4,1,1,1.16086,2.11765,0.698552,0.302324,2,1,4.8,0,0.34,0.24,0.14,0.035,0.04,0.025,0.008,0.004,0.01,0.006,0.035,0.002,1,1,1,3.30152,0,0,24.1831,1331,2,0,0,0,0,1.25355
1320,1377,42,25,5,5,1,1,2.34855,1.78969,0.505705,1.50063,2,1,6,0,0.34,0.24,0.14,0.035,0.04,0.025,0.008,0.004,0.01,0.006,0.035,0.002,1,1,1,3.23892,0,0,23.1164,1085,2,0,0,0,0,1.19643
1320,1381,2,29,3,3,1,0,1.16025,1.17941,0.15243,1.88206,1,1,3.6,0,0.34,0.24,0.14,0.035,0.04,0.025,0.008,0.004,0.01,0.006,0.035,0.002,1,1,1,1.68,0,0,19.1165,1363,2,0,0,0,0,0
1320,1383,2,25,4,4,1,1,1.06454,2.13632,0.386101,-3.0715,2,1,4.8,0,0.34,0.24,0.14,0.035,0.04,0.025,0.008,0.004,0.01,0.006,0.035,0.002,1,1,1,1.68,0,0,17.8331,1305,2,0,0,0,0,0.848191
1320,1386,2,26,4,4,1,1,2.25116,1.07394,0.542161,-1.73789,2,1,4.8,0,0.34,0.24,0.14,0.035,0.04,0.025,0.008,0.004,0.01,0.006,0.035,0.002,1,1,1,0.96,0,0,16.1582,1291,2,0,0,0,0,1.07683
1320,1391,2,26,4,4,1,1,1.40806,1.69654,0.434685,-2.64372,2,1,4.8,0,0.34,0.24,0.14,0.035,0.04,0.025,0.008,0.004,0.01,0.006,0.035,0.002,1,1,1,1.82405,0,0,11.9916,1360,2,0,0,0,0,0.693397
1350,1085,2,24,4,4,1,1,1.62837,1.68489,0.472328,-0.896024,2,1,4.8,0,0.34,0.24,0.14,0.035,0.04,0.025,0.008,0.004,0.01,0.006,0.035,0.002,1,1,1,46.6947,0,0,275.638,1055,2,0,0,0,0,0.519663
1350,1248,2,25,4,4,1,1,1.80309,1.27668,0.0409382,2.15097,2,1,4.8,0,0.34,0.24,0.14,0.035,0.04,0.025,0.008,0.004,0.01,0.006,0.035,0.002,1,1,1,25.9671,0,0,156.234,1234,2,0,0,0,0,0.770371
1350,1255,2,21,4,4,1,1,1.66192,1.38492,0.234958,-0.978202,2,1,4.8,0,0.34,0.24,0.14,0.035,0.04,0.025,0.008,0.004,0.01,0.006,0.035,0.002,1,1,1,19.0764,0,0,152.127,1246,2,0,0,0,0,0.924372
1350,1291,2,25,4,4,1,1,1.3509,1.78293,0.831167,0.281038,2,1,4.8,0,0.34,0.24,0.14,0.035,0.04,0.025,0.008,0.004,0.01,0.006,0.035,0.002,1,1,1,21.0062,0,0,124.925,1263,2,0,0,0,0,1.27484
1350,1303,2,26,3,3,1,0,1.40571,0.957,0.362485,1.13719,1,1,3.6,0,0.34,0.24,0.14,0.035,0.04,0.025,0.008,0.004,0.01,0.006,0.035,0.002,1,1,1,16.247,0,0,113.628,1212,2,0,0,0,0,1.13134
1350,1304,2,26,4,4,1,1,1.65939,1.44351,0.619747,-1.2209,2,1,4.8,0,0.34,0.24,0.14,0.035,0.04,0.025,0.008,0.004,0.01,0.006,0.035,0.002,1,1,1,7.82376,0,0,112.828,1291,2,0,0,0,0,1.10239
1350,1305,2,24,4,4,1,1,1.47328,1.38363,0.264917,2.09411,2,1,4.8,0,0.34,0.24,0.14,0.035,0.04,0.025,0.008,0.004,0.01,0.006,0.035,0.002,1,1,1,20.4242,0,0,112.428,1224,2,0,0,0,0,1.21004
1350,1331,2,21,4,4,1,1,1.43428,1.55992,0.353253,0.813633,2,1,4.8,0,0.34,0.24,0.14,0.035,0.04,0.025,0.008,0.004,0.01,0.006,0.035,0.002,1,1,1,16.6531,0,0,84.693,1299,2,0,0,0,0,0.661407
1350,1334,25,21,6,6,1,2,2.24581,2.30846,0.165875,0.898199,3,1,7.2,0,0.34,0.24,0.14,0.035,0.04,0.025,0.008,0.004,0.01,0.006,0.035,0.002,1,1,1,13.3559,0,0,82.4519,1159,25,0,0,0,0,1.12023
1350,1342,2,22,4,4,1,1,1.86415,1.26881,0.528796,1.99324,2,1,4.8,0,0.34,0.24,0.14,0.035,0.04,0.025,0.008,0.004,0.01,0.006,0.035,0.002,1,1,1,8.03463,0,0,77.1282,1255,2,0,0,0,0,0.712396
1350,1346,2,24,4,4,1,1,1.68316,1.32556,0.38023,2.17726,2,1,4.8,0,0.34,0.24,0.14,0.035,0.04,0.025,0.008,0.004,0.01,0.006,0.035,0.002,1,1,1,14.825,0,0,74.0373,1224,2,0,0,0,0,1.25472
1350,1355,2,26,4,4,1,1,1.94601,1.32832,0.517818,-1.04459,2,1,4.8,0,0.34,0.24,0.14,0.035,0.04,0.025,0.008,0.004,0.01,0.006,0.035,0.002,1,1,1,13.992,0,0,69.3385,1329,2,0,0,0,0,1.27484
1350,1356,2,25,4,4,1,1,1.57748,1.40783,0.423778,-0.893815,2,1,4.8,0,0.34,0.24,0.14,0.035,0.04,0.025,0.008,0.004,0.01,0.006,0.035,0.002,1,1,1,8.07573,0,0,69.2385,1346,2,0,0,0,0,0.732442
1350,1359,2,22,4,4,1,1,1.13025,2.15165,0.540603,2.97162,2,1,4.8,0,0.34,0.24,0.14,0.035,0.04,0.025,0.008,0.004,0.01,0.006,0.035,0.002,1,1,1,8.04,0,0,67.2306,1331,2,0,0,0,0,1.27484
1350,1360,2,25,4,4,1,1,2.12713,1.07916,0.318388,-1.92386,2,1,4.8,0,0.34,0.24,0.14,0.035,0.04,0.025,0.008,0.004,0.01,0.006,0.035,0.002,1,1,1,10.92,0,0,66.8057,1085,2,0,0,0,0,0.668657
1350,1363,2,28,3,3,1,0,1.35534,0.977046,0.333649,-1.94431,1,1,3.6,0,0.34,0.24,0.14,0.035,0.04,0.025,0.008,0.004,0.01,0.006,0.035,0.002,1,1,1,7.344,0,0,62.206,1352,2,0,0,0,0,0.611831
1350,1371,2,29,4,4,1,1,1.18664,1.88523,0.337848,2.96965,2,1,4.8,0,0.34,0.24,0.14,0.035,0.04,0.025,0.008,0.004,0.01,0.006,0.035,0.002,1,1,1,4.29317,0,0,56.8716,1333,2,0,0,0,0,0.67624
1350,1374,2,26,4,4,1,1,1.08261,1.91745,0.307255,0.168924,2,1,4.8,0,0.34,0.24,0.14,0.035,0.04,0.025,0.008,0.004,0.01,0.006,0.035,0.002,1,1,1,7.42797,0,0,55.8464,1345,2,0,0,0,0,0.754983
1350,1376,2,22,4,4,1,1,1.46154,1.4725,0.454521,0.809825,2,1,4.8,0,0.34,0.24,0.14,0.035,0.04,0.025,0.008,0.004,0.01,0.006,0.035,0.002,1,1,1,7.98152,0,0,54.1877,1331,2,0,0,0,0,0.767348
1350,1377,42,25,5,5,1,1,2.1193,1.71277,0.173447,-2.10329,2,1,6,0,0.34,0.24,0.14,0.035,0.04,0.025,0.008,0.004,0.01,0.006,0.035,0.002,1,1,1,6.66413,0,0,53.1208,1085,2,0,0,0,0,1.1034
1350,1381,2,29,3,3,1,0,1.03387,1.19549,0.000296303,-0.146329,1,1,3.6,0,0.34,0.24,0.14,0.035,0.04,0.025,0.008,0.004,0.01,0.006,0.035,0.002,1,1,1,3.6,0,0,49.1199,1363,2,0,0,0,0,0
1350,1383,2,25,4,4,1,1,1.07924,1.92768,0.354609,-0.0300722,2,1,4.8,0,0.34,0.24,0.14,0.035,0.04,0.025,0.008,0.004,0.01,0.006,0.035,0.002,1,1,1,7.56,0,0,47.8363,1305,2,0,0,0,0,0.718706
1350,1384,2,23,4,4,1,1,1.4238,1.70732,0.383677,0.688124,2,1,4.8,0,0.34,0.24,0.14,0.035,0.04,0.025,0.008,0.004,0.01,0.006,0.035,0.002,1,1,1,4.4144,0,0,47.6946,1376,2,0,0,0,0,0.759908
1350,1394,2,26,4,4,1,1,0.582435,1.46502,0.131909,1.99483,2,1,4.8,0,0.34,0.24,0.14,0.035,0.04,0.025,0.008,0.004,0.01,0.006,0.035,0.002,1,1,1,2.4,0,0,38.7427,1383,2,0,0,0,0,0.628761
1350,1395,2,29,3,3,1,0,1.29373,0.996349,0.0497231,-1.87326,1,1,3.6,0,0.34,0.24,0.14,0.035,0.04,0.025,0.008,0.004,0.01,0.006,0.035,0.002,1,1,1,2.784,0,0,38.3926,1363,2,0,0,0,0,0
1350,1400,2,22,4,4,1,1,1.39476,1.73244,0.546996,0.577182,2,1,4.8,0,0.34,0.24,0.14,0.035,0.04,0.025,0.008,0.004,0.01,0.006,0.035,0.002,1,1,1,5.36899,0,0,34.7669,1331,2,0,0,0,0,0.645529
1350,1417,2,22,4,4,1,1,1.7178,1.27684,0.610668,1.2136,2,1,4.8,0,0.34,0.24,0.14,0.035,0.04,0.025,0.008,0.004,0.01,0.006,0.035,0.002,1,1,1,4.464,0,0,27.2497,1255,2,0,0,0,0,1.19793
1350,1422,2,24,4,4,1,1,1.15613,1.78352,0.182795,-3.03002,2,1,4.8,0,0.34,0.24,0.14,0.035,0.04,0.025,0.008,0.004,0.01,0.006,0.035,0.002,1,1,1,1.4896,0,0,21.4498,1384,2,0,0,0,0,1.00588
1350,1423,2,27,3,3,1,0,1.28363,1.01204,0.097981,-1.83226,1,1,3.6,0,0.34,0.24,0.14,0.035,0.04,0.025,0.008,0.004,0.01,0.006,0.035,0.002,1,1,1,1.44,0,0,21.2414,1303,2,0,0,0,0,0.488672
1350,1424,2,23,4,4,1,1,1.70128,1.38139,0.147658,-0.754933,2,1,4.8,0,0.34,0.24,0.14,0.035,0.04,0.025,0.008,0.004,0.01,0.006,0.035,0.002,1,1,1,2.04,0,0,20.4081,1417,2,0,0,0,0,1.14222
1350,1426,2,23,4,4,1,1,2.0491,1.15564,0.607043,-1.64882,2,1,4.8,0,0.34,0.24,0.14,0.035,0.04,0.025,0.008,0.004,0.01,0.006,0.035,0.002,1,1,1,1.2,0,0,17.6248,1400,2,0,0,0,0,1.24534
1350,1428,2,26,4,4,1,1,1.59734,2.02182,0.593218,-0.577359,2,1,4.8,0,0.34,0.24,0.14,0.035,0.04,0.025,0.008,0.004,0.01,0.006,0.035,0.002,1,1,1,3.50642,0,0,16.9332,1356,2,0,0,0,0,0.829524
1350,1429,2,27,4,4,1,1,1.77806,1.32094,0.323836,1.97604,2,1,4.8,0,0.34,0.24,0.14,0.035,0.04,0.025,0.008,0.004,0.01,0.006,0.035,0.002,1,1,1,1.8,0,0,15.7665,1355,2,0,0,0,0,0.642356
1350,1433,2,25,4,4,1,1,1.08095,2.0771,0.755584,-2.99217,2,1,4.8,0,0.34,0.24,0.14,0.035,0.04,0.025,0.008,0.004,0.01,0.006,0.035,0.002,1,1,1,3.96,0,0,14.0665,1346,2,0,0,0,0,0.733977
1350,1441,2,26,4,4,1,1,1.14219,2.03102,0.256058,-2.84222,2,1,4.8,0,0.34,0.24,0.14,0.035,0.04,0.025,0.008,0.004,0.01,0.006,0.035,0.002,1,1,1,0.24,0,0,6.26666,1433,2,0,0,0,0,1.14351
1350,1443,43,27,3,3,1,1,1.7441,1.11647,0.899276,0.758493,2,0,3.6,0,0.34,0.24,0.14,0.035,0.04,0.025,0.008,0.004,0.01,0.006,0.035,0.002,1,1,1,0.6,0,0,4.98334,1428,2,0,0,0,0,0.862083
1380,1248,2,25,4,4,1,1,1.34733,1.33101,0.607586,-2.29543,2,1,4.8,0,0.34,0.24,0.14,0.035,0.04,0.025,0.008,0.004,0.01,0.006,0.035,0.002,1,1,1,30.4071,0,0,186.227,1234,2,0,0,0,0,0.789486
1380,1291,2,25,4,4,1,1,1.2726,1.82937,0.411973,-0.359452,2,1,4.8,0,0.34,0.24,0.14,0.035,0.04,0.025,0.008,0.004,0.01,0.006,0.035,0.002,1,1,1,27.0062,0,0,154.918,1263,2,0,0,0,0,0.874877
1380,1304,2,26,4,4,1,1,1.6382,1.21167,0.461458,-1.53651,2,1,4.8,0,0.34,0.24,0.14,0.035,0.04,0.025,0.008,0.004,0.01,0.006,0.035,0.002,1,1,1,13.1848,0,0,142.821,1291,2,0,0,0,0,0.626771
1380,1331,2,21,4,4,1,1,1.62699,1.4095,0.540893,1.27653,2,1,4.8,0,0.34,0.24,0.14,0.035,0.04,0.025,0.008,0.004,0.01,0.006,0.035,0.002,1,1,1,20.0781,0,0,114.686,1299,2,0,0,0,0,0.990047
1380,1334,25,21,6,6,1,2,2.26415,2.11058,0.324227,-0.732165,3,1,7.2,0,0.34,0.24,0.14,0.035,0.04,0.025,0.008,0.004,0.01,0.006,0.035,0.002,1,1,1,18.9067,0,0,112.445,1159,25,0,0,0,0,0.980593
1380,1346,2,24,4,4,1,1,1.78577,1.23967,0.490693,-1.86639,2,1,4.8,0,0.34,0.24,0.14,0.035,0.04,0.025,0.008,0.004,0.01,0.006,0.035,0.002,1,1,1,19.145,0,0,104.03,1224,2,0,0,0,0,1.21583
1380,1355,2,26,4,4,1,1,1.09149,2.09246,0.416395,-0.130038,2,1,4.8,0,0.34,0.24,0.14,0.035,0.04,0.025,0.008,0.004,0.01,0.006,0.035,0.002,1,1,1,18.552,0,0,99.3311,1329,2,0,0,0,0,0.682438
1380,1359,2,22,4,4,1,1,1.36862,1.76408,0.343571,-2.51142,2,1,4.8,0,0.34,0.24,0.14,0.035,0.04,0.025,0.008,0.004,0.01,0.006,0.035,0.002,1,1,1,18.4201,0,0,97.2233,1331,2,0,0,0,0,0.653221
1380,1374,2,26,4,4,1,1,2.10933,1.06569,0.492019,1.28612,2,1,4.8,0,0.34,0.24,0.14,0.035,0.04,0.025,0.008,0.004,0.01,0.006,0.035,0.002,1,1,1,14.388,0,0,85.8428,1345,2,0,0,0,0,1.0297
1380,1383,2,25,4,4,1,1,2.19779,1.09425,0.609768,2.02128,2,1,4.8,0,0.34,0.24,0.14,0.035,0.04,0.025,0.008,0.004,0.01,0.006,0.035,0.002,1,1,1,13.08,0,0,77.8364,1305,2,0,0,0,0,0.867845
1380,1392,2,27,4,4,1,1,1.10495,1.72889,0.168893,-3.14146,2,1,4.8,0,0.34,0.24,0.14,0.035,0.04,0.025,0.008,0.004,0.01,0.006,0.035,0.002,1,1,1,7.47741,0,0,71.7879,1374,2,0,0,0,0,0.912905
1380,1394,2,26,4,4,1,1,1.13112,2.16601,0.343993,-2.80224,2,1,4.8,0,0.34,0.24,0.14,0.035,0.04,0.025,0.008,0.004,0.01,0.006,0.035,0.002,1,1,1,5.43097,0,0,68.7469,1383,2,0,0,0,0,0.0912969
1380,1396,2,26,4,4,1,1,1.31807,1.61507,0.448968,-2.48129,2,1,4.8,0,0.34,0.24,0.14,0.035,0.04,0.025,0.008,0.004,0.01,0.006,0.035,0.002,1,1,1,5.63087,0,0,67.7888,1248,2,0,0,0,0,0.951574
1380,1400,2,22,4,4,1,1,2.00666,1.37642,0.678538,1.18864,2,1,4.8,0,0.34,0.24,0.14,0.035,0.04,0.025,0.008,0.004,0.01,0.006,0.035,0.002,1,1,1,10.1004,0,0,64.7729,1331,2,0,0,0,0,0.678255
1380,1408,2,26,4,4,1,1,1.24619,1.78107,0.516397,-0.434909,2,1,4.8,0,0.34,0.24,0.14,0.035,0.04,0.025,0.008,0.004,0.01,0.006,0.035,0.002,1,1,1,9.55341,0,0,60.5224,1291,2,0,0,0,0,1.22043
1380,1417,2,22,4,4,1,1,1.93795,1.11734,0.562722,1.3759,2,1,4.8,0,0.34,0.24,0.14,0.035,0.04,0.025,0.008,0.004,0.01,0.006,0.035,0.002,1,1,1,10.032,0,0,57.255,1255,2,0,0,0,0,0.741805
1380,1423,2,27,3,3,1,0,1.07711,1.04521,0.0116393,-1.58341,1,1,3.6,0,0.34,0.24,0.14,0.035,0.04,0.025,0.008,0.004,0.01,0.006,0.035,0.002,1,1,1,5.64,0,0,51.2454,1303,2,0,0,0,0,0.0739042
1380,1424,2,23,4,4,1,1,1.73302,1.28726,0.448049,1.04915,2,1,4.8,0,0.34,0.24,0.14,0.035,0.04,0.025,0.008,0.004,0.01,0.006,0.035,0.002,1,1,1,5.304,0,0,50.4119,1417,2,0,0,0,0,1.07075
1380,1426,2,23,4,4,1,1,2.10871,1.1128,0.504098,1.40845,2,1,4.8,0,0.34,0.24,0.14,0.035,0.04,0.025,0.008,0.004,0.01,0.006,0.035,0.002,1,1,1,8.49444,0,0,47.6279,1400,2,0,0,0,0,0.96459
1380,1428,2,26,4,4,1,1,1.58102,1.41826,0.419825,2.22751,2,1,4.8,0,0.34,0.24,0.14,0.035,0.04,0.025,0.008,0.004,0.01,0.006,0.035,0.002,1,1,1,5.80701,0,0,46.9361,1356,2,0,0,0,0,0.678785
1380,1429,2,27,4,4,1,1,1.96274,1.19732,0.45445,1.26631,2,1,4.8,0,0.34,0.24,0.14,0.035,0.04,0.025,0.008,0.004,0.01,0.006,0.035,0.002,1,1,1,6.96,0,0,45.7692,1355,2,0,0,0,0,0.946658
1380,1433,2,25,4,4,1,1,1.97038,1.17171,0.508342,1.87841,2,1,4.8,0,0.34,0.24,0.14,0.035,0.04,0.025,0.008,0.004,0.01,0.006,0.035,0.002,1,1,1,8.66128,0,0,44.0688,1346,2,0,0,0,0,0.781512
1380,1434,2,28,3,3,1,0,1.06858,1.04472,0.0141562,-1.5453,1,1,3.6,0,0.34,0.24,0.14,0.035,0.04,0.025,0.008,0.004,0.01,0.006,0.035,0.002,1,1,1,2.184,0,0,43.8188,1423,2,0,0,0,0,0
1380,1440,2,28,4,4,1,1,1.95142,1.23754,0.53656,-1.95917,2,1,4.8,0,0.34,0.24,0.14,0.035,0.04,0.025,0.008,0.004,0.01,0.006,0.035,0.002,1,1,1,1.44,0,0,37.4007,1429,2,0,0,0,0,0.711022
1380,1443,43,27,3,3,1,1,1.88242,1.22343,0.545459,-2.12453,2,0,3.6,0,0.34,0.24,0.14,0.035,0.04,0.025,0.008,0.004,0.01,0.006,0.035,0.002,1,1,1,1.54549,0,0,34.9836,1428,2,0,0,0,0,0.862083
1380,1448,2,27,4,4,1,1,1.15244,1.88729,0.535223,-0.193658,2,1,4.8,0,0.34,0.24,0.14,0.035,0.04,0.025,0.008,0.004,0.01,0.006,0.035,0.002,1,1,1,5.72267,0,0,32.9998,1355,2,0,0,0,0,0.860326
1380,1453,2,27,4,4,1,1,0.991789,2.37849,1.0268,-0.0160616,2,1,4.8,0,0.34,0.24,0.14,0.035,0.04,0.025,0.008,0.004,0.01,0.006,0.035,0.002,1,1,1,3.24,0,0,26.3997,1408,2,0,0,0,0,1.26188
1380,1455,2,28,4,4,1,1,1.06596,2.10043,0.190827,2.72684,2,1,4.8,0,0.34,0.24,0.14,0.035,0.04,0.025,0.008,0.004,0.01,0.006,0.035,0.002,1,1,1,4.15356,0,0,25.283,1448,2,0,0,0,0,0.654477
1380,1456,2,24,4,4,1,1,1.02938,2.32149,0.37227,0.219157,2,1,4.8,0,0.34,0.24,0.14,0.035,0.04,0.025,0.008,0.004,0.01,0.006,0.035,0.002,1,1,1,2.04,0,0,23.0997,1426,2,0,0,0,0,0.738822
1380,1458,2,26,4,4,1,1,1.29275,1.81657,0.567655,-2.71292,2,1,4.8,0,0.34,0.24,0.14,0.035,0.04,0.025,0.008,0.004,0.01,0.006,0.035,0.002,1,1,1,0.682639,0,0,22.6497,1433,2,0,0,0,0,0.931054
1380,1462,2,26,4,4,1,1,1.35474,2.22707,0.477938,-0.519835,2,1,4.8,0,0.34,0.24,0.14,0.035,0.04,0.025,0.008,0.004,0.01,0.006,0.035,0.002,1,1,1,3.90339,0,0,20.1248,1291,2,0,0,0,0,0.938919
1380,1464,2,23,4,4,1,1,1.24443,2.21689,0.512652,-0.251786,2,1,4.8,0,0.34,0.24,0.14,0.035,0.04,0.025,0.008,0.004,0.01,0.006,0.035,0.002,1,1,1,2.28,0,0,19.9331,1359,2,0,0,0,0,1.15671
1380,1466,2,28,4,4,1,1,1.94857,1.05549,0.531209,1.51776,2,1,4.8,0,0.34,0.24,0.14,0.035,0.04,0.025,0.008,0.004,0.01,0.006,0.035,0.002,1,1,1,0.6,0,0,19.0248,1392,2,0,0,0,0,0.948001
1380,1480,2,27,4,4,1,1,1.22411,1.66841,0.288175,0.08272,2,1,4.8,0,0.34,0.24,0.14,0.035,0.04,0.025,0.008,0.004,0.01,0.006,0.035,0.002,1,1,1,1.49661,0,0,9.7416,1462,2,0,0,0,0,0.662707
1380,1481,2,23,4,4,1,1,2.31174,1.06224,0.498409,-1.61454,2,1,4.8,0,0.34,0.24,0.14,0.035,0.04,0.025,0.008,0.004,0.01,0.006,0.035,0.002,1,1,1,0.451819,0,0,9.11661,1359,2,0,0,0,0,0.652544
1410,1248,2,25,4,4,1,1,1.68462,1.16873,0.928871,1.3193,2,1,4.8,0,0.34,0.24,0.14,0.035,0.04,0.025,0.008,0.004,0.01,0.006,0.035,0.002,1,1,1,39.4071,0,0,216.219,1234,2,0,0,0,0,1.08588
1410,1346,2,24,3,4,1,0,1.04405,1.00199,0.41302,3.07824,1,1,3.6,0,0.34,0.24,0.14,0.035,0.04,0.025,0.008,0.004,0.01,0.006,0.035,0.002,1,1,1,16.5996,0,0,134.023,1224,2,0,0,0,0,1.2545
1410,1355,2,26,4,4,1,1,1.44345,1.3259,0.396028,0.785795,2,1,4.8,0,0.34,0.24,0.14,0.035,0.04,0.025,0.008,0.004,0.01,0.006,0.035,0.002,1,1,1,21.1298,0,0,129.324,1329,2,0,0,0,0,0.8982
1410,1374,2,26,4,4,1,1,1.92547,1.19777,0.485766,-1.82115,2,1,4.8,0,0.34,0.24,0.14,0.035,0.04,0.025,0.008,0.004,0.01,0.006,0.035,0.002,1,1,1,16.812,0,0,115.835,1345,2,0,0,0,0,0.849468
1410,1383,2,25,4,4,1,1,2.27351,1.09781,1.08783,-1.17848,2,1,4.8,0,0.34,0.24,0.14,0.035,0.04,0.025,0.008,0.004,0.01,0.006,0.035,0.002,1,1,1,17.88,0,0,107.829,1305,2,0,0,0,0,0.724432
1410,1392,2,27,4,4,1,1,2.09871,1.13779,0.578919,-1.13851,2,1,4.8,0,0.34,0.24,0.14,0.035,0.04,0.025,0.008,0.004,0.01,0.006,0.035,0.002,1,1,1,14.7215,0,0,101.781,1374,2,0,0,0,0,1.0483
1410,1396,2,26,1,4,1,0,0,0,0.378606,0,0,0,1.2,0,0.34,0.24,0.14,0.035,0.04,0.025,0.008,0.004,0.01,0.006,0.035,0.002,1,1,1,2.1545,0,0,97.7815,1248,2,0,0,0,0,0
1410,1408,2,26,4,4,1,1,1.27746,1.94135,0.493025,-2.83801,2,1,4.8,0,0.34,0.24,0.14,0.035,0.04,0.025,0.008,0.004,0.01,0.006,0.035,0.002,1,1,1,12.5054,0,0,90.5166,1291,2,0,0,0,0,1.14583
1410,1423,2,27,3,3,1,0,1.1186,1.07609,0.0629677,1.68473,1,1,3.6,0,0.34,0.24,0.14,0.035,0.04,0.025,0.008,0.004,0.01,0.006,0.035,0.002,1,1,1,9,0,0,81.2439,1303,2,0,0,0,0,0.210504
1410,1424,2,23,4,4,1,1,1.16946,1.94339,0.604988,-0.240683,2,1,4.8,0,0.34,0.24,0.14,0.035,0.04,0.025,0.008,0.004,0.01,0.006,0.035,0.002,1,1,1,15.1917,0,0,80.4108,1417,2,0,0,0,0,1.05149
1410,1426,2,23,4,4,1,1,1.91647,1.27468,0.169465,-1.67677,2,1,4.8,0,0.34,0.24,0.14,0.035,0.04,0.025,0.008,0.004,0.01,0.006,0.035,0.002,1,1,1,12.0944,0,0,77.6281,1400,2,0,0,0,0,1.27811
1410,1428,2,26,4,4,1,1,2.64442,1.08254,0.618077,-1.70102,2,1,4.8,0,0.34,0.24,0.14,0.035,0.04,0.025,0.008,0.004,0.01,0.006,0.035,0.002,1,1,1,13.247,0,0,76.9366,1356,2,0,0,0,0,1.12508
1410,1433,2,25,4,4,1,1,1.92606,1.08953,0.265916,1.63701,2,1,4.8,0,0.34,0.24,0.14,0.035,0.04,0.025,0.008,0.004,0.01,0.006,0.035,0.002,1,1,1,15.8133,0,0,74.0706,1346,2,0,0,0,0,0.796681
1410,1448,2,27,4,4,1,1,1.45137,1.33229,0.432476,-2.32417,2,1,4.8,0,0.34,0.24,0.14,0.035,0.04,0.025,0.008,0.004,0.01,0.006,0.035,0.002,1,1,1,8.24267,0,0,63.0062,1355,2,0,0,0,0,0.663008
1410,1455,2,28,4,4,1,1,1.57366,1.32498,0.537943,-2.20834,2,1,4.8,0,0.34,0.24,0.14,0.035,0.04,0.025,0.008,0.004,0.01,0.006,0.035,0.002,1,1,1,8.23356,0,0,55.2879,1448,2,0,0,0,0,0.662863
1410,1462,2,26,4,4,1,1,1.30536,1.95702,0.282114,-0.53102,2,1,4.8,0,0.34,0.24,0.14,0.035,0.04,0.025,0.008,0.004,0.01,0.006,0.035,0.002,1,1,1,8.00739,0,0,50.1285,1291,2,0,0,0,0,0.662804
1410,1464,2,23,4,4,1,1,1.9146,1.40256,0.303311,1.20885,2,1,4.8,0,0.34,0.24,0.14,0.035,0.04,0.025,0.008,0.004,0.01,0.006,0.035,0.002,1,1,1,5.808,0,0,49.9368,1359,2,0,0,0,0,1.282
1410,1466,2,28,4,4,1,1,1.83906,1.25432,0.337043,1.96647,2,1,4.8,0,0.34,0.24,0.14,0.035,0.04,0.025,0.008,0.004,0.01,0.006,0.035,0.002,1,1,1,5.592,0,0,49.0282,1392,2,0,0,0,0,1.21331
1410,1467,2,27,4,4,1,1,1.90282,1.30319,0.469132,1.18723,2,1,4.8,0,0.34,0.24,0.14,0.035,0.04,0.025,0.008,0.004,0.01,0.006,0.035,0.002,1,1,1,2.064,0,0,48.4281,1428,2,0,0,0,0,1.17368
1410,1480,2,27,4,4,1,1,1.45054,1.79034,0.328797,-2.60927,2,1,4.8,0,0.34,0.24,0.14,0.035,0.04,0.025,0.008,0.004,0.01,0.006,0.035,0.002,1,1,1,4.08702,0,0,39.7429,1462,2,0,0,0,0,0.810027
1410,1487,2,26,4,4,1,1,1.4055,1.3733,0.418519,-1.68927,2,1,4.8,0,0.34,0.24,0.14,0.035,0.04,0.025,0.008,0.004,0.01,0.006,0.035,0.002,1,1,1,3.24,0,0,34.0584,1383,2,0,0,0,0,1.10508
1410,1492,2,30,4,4,1,1,1.05437,2.07922,0.420319,0.0131791,2,1,4.8,0,0.34,0.24,0.14,0.035,0.04,0.025,0.008,0.004,0.01,0.006,0.035,0.002,1,1,1,3.48,0,0,29.933,1484,2,0,0,0,0,0.661199
1410,1498,2,26,4,4,1,1,1.67507,1.27349,1.0642,2.03766,2,1,4.8,0,0.34,0.24,0.14,0.035,0.04,0.025,0.008,0.004,0.01,0.006,0.035,0.002,1,1,1,9.57295,0,0,24.7497,1248,2,0,0,0,0,0.814955
1410,1504,2,27,4,4,1,1,1.32357,1.46201,0.482649,2.50768,2,1,4.8,0,0.34,0.24,0.14,0.035,0.04,0.025,0.008,0.004,0.01,0.006,0.035,0.002,1,1,1,3.24072,0,0,17.3582,1498,2,0,0,0,0,0.723365
1410,1507,2,24,4,4,1,1,1.39902,1.43568,0.444643,-0.701955,2,1,4.8,0,0.34,0.24,0.14,0.035,0.04,0.025,0.008,0.004,0.01,0.006,0.035,0.002,1,1,1,2.16,0,0,14.2332,1424,2,0,0,0,0,0.66331
1410,1508,2,26,4,4,1,1,1.429,1.37349,0.376921,-1.11734,2,1,4.8,0,0.34,0.24,0.14,0.035,0.04,0.025,0.008,0.004,0.01,0.006,0.035,0.002,1,1,1,2.64,0,0,13.9749,1433,2,0,0,0,0,1.07124
1410,1509,2,28,4,4,1,1,1.79349,1.27233,0.478752,-0.984712,2,1,4.8,0,0.34,0.24,0.14,0.035,0.04,0.025,0.008,0.004,0.01,0.006,0.035,0.002,1,1,1,0.850487,0,0,12.5582,1504,2,0,0,0,0,0.658944
1410,1510,2,26,4,4,1,1,1.76174,1.2251,0.517494,-1.1673,2,1,4.8,0,0.34,0.24,0.14,0.035,0.04,0.025,0.008,0.004,0.01,0.006,0.035,0.002,1,1,1,0.48,0,0,11.1832,1248,2,0,0,0,0,1.27484
1410,1518,2,28,4,4,1,1,1.79267,1.2573,0.883914,1.14709,2,1,4.8,0,0.34,0.24,0.14,0.035,0.04,0.025,0.008,0.004,0.01,0.006,0.035,0.002,1,1,1,0.6,0,0,7.02498,1392,2,0,0,0,0,0.774164
1410,1519,2,27,4,4,1,1,1.06848,2.46352,0.429875,0.157715,2,1,4.8,0,0.34,0.24,0.14,0.035,0.04,0.025,0.008,0.004,0.01,0.006,0.035,0.002,1,1,1,0.369567,0,0,6.54165,1498,2,0,0,0,0,0.816834
1440,1346,2,24,3,4,1,0,0.907186,1.04466,0.0325105,1.64956,1,1,3.6,0,0.34,0.24,0.14,0.035,0.04,0.025,0.008,0.004,0.01,0.006,0.035,0.002,1,1,1,21.7413,0,0,164.015,1224,2,0,0,0,0,0
1440,1355,2,26,4,4,1,1,1.60713,1.37986,0.745804,1.95607,2,1,4.8,0,0.34,0.24,0.14,0.035,0.04,0.025,0.008,0.004,0.01,0.006,0.035,0.002,1,1,1,28.1652,0,0,159.316,1329,2,0,0,0,0,0.640517
1440,1408,2,26,4,4,1,1,1.03849,2.21169,0.355149,-3.08712,2,1,4.8,0,0.34,0.24,0.14,0.035,0.04,0.025,0.008,0.004,0.01,0.006,0.035,0.002,1,1,1,18.5294,0,0,120.509,1291,2,0,0,0,0,0.627976
1440,1423,2,27,3,3,1,0,1.06488,1.12476,0.239009,1.73191,1,1,3.6,0,0.34,0.24,0.14,0.035,0.04,0.025,0.008,0.004,0.01,0.006,0.035,0.002,1,1,1,12.0937,0,0,111.237,1303,2,0,0,0,0,0.58077
1440,1424,2,23,4,4,1,1,1.98099,1.19965,0.362334,-2.07016,2,1,4.8,0,0.34,0.24,0.14,0.035,0.04,0.025,0.008,0.004,0.01,0.006,0.035,0.002,1,1,1,21.5757,0,0,110.403,1417,2,0,0,0,0,0.770689
1440,1426,2,23,4,4,1,1,1.45736,1.61945,0.375988,-0.492848,2,1,4.8,0,0.34,0.24,0.14,0.035,0.04,0.025,0.008,0.004,0.01,0.006,0.035,0.002,1,1,1,15.8144,0,0,107.621,1400,2,0,0,0,0,0
1440,1433,2,25,4,4,1,1,1.89208,1.10177,0.44118,-1.6503,2,1,4.8,0,0.34,0.24,0.14,0.035,0.04,0.025,0.008,0.004,0.01,0.006,0.035,0.002,1,1,1,17.8533,0,0,104.063,1346,2,0,0,0,0,0.858235
1440,1448,2,27,4,4,1,1,1.61966,1.34788,0.259637,1.15108,2,1,4.8,0,0.34,0.24,0.14,0.035,0.04,0.025,0.008,0.004,0.01,0.006,0.035,0.002,1,1,1,13.2579,0,0,92.9994,1355,2,0,0,0,0,0.829707
1440,1455,2,28,4,4,1,1,2.26054,1.08167,0.396604,1.52798,2,1,4.8,0,0.34,0.24,0.14,0.035,0.04,0.025,0.008,0.004,0.01,0.006,0.035,0.002,1,1,1,13.7155,0,0,85.2846,1448,2,0,0,0,0,1.10805
1440,1462,2,26,4,4,1,1,2.02061,1.1552,0.504314,1.74805,2,1,4.8,0,0.34,0.24,0.14,0.035,0.04,0.025,0.008,0.004,0.01,0.006,0.035,0.002,1,1,1,11.6865,0,0,80.1275,1291,2,0,0,0,0,0.876304
1440,1464,2,23,4,4,1,1,1.4148,1.76698,0.347989,-0.475909,2,1,4.8,0,0.34,0.24,0.14,0.035,0.04,0.025,0.008,0.004,0.01,0.006,0.035,0.002,1,1,1,10.224,0,0,79.9359,1359,2,0,0,0,0,0.941489
1440,1467,2,27,4,4,1,1,1.13324,2.05589,0.470457,-0.239356,2,1,4.8,0,0.34,0.24,0.14,0.035,0.04,0.025,0.008,0.004,0.01,0.006,0.035,0.002,1,1,1,11.4716,0,0,78.4279,1428,2,0,0,0,0,0.900271
1440,1483,2,25,4,4,1,1,1.92165,1.11844,0.558389,1.46139,2,1,4.8,0,0.34,0.24,0.14,0.035,0.04,0.025,0.008,0.004,0.01,0.006,0.035,0.002,1,1,1,7.62401,0,0,67.1723,1346,2,0,0,0,0,0.829508
1440,1493,2,28,3,3,1,0,1.11661,1.04603,0.572751,1.68583,1,1,3.6,0,0.34,0.24,0.14,0.035,0.04,0.025,0.008,0.004,0.01,0.006,0.035,0.002,1,1,1,2.78627,0,0,59.1637,1423,2,0,0,0,0,0
1440,1507,2,24,4,4,1,1,1.10779,1.97053,0.221502,3.01151,2,1,4.8,0,0.34,0.24,0.14,0.035,0.04,0.025,0.008,0.004,0.01,0.006,0.035,0.002,1,1,1,9.03578,0,0,44.2355,1424,2,0,0,0,0,0.926349
1440,1509,2,28,4,4,1,1,1.95562,1.04351,0.38349,-1.39588,2,1,4.8,0,0.34,0.24,0.14,0.035,0.04,0.025,0.008,0.004,0.01,0.006,0.035,0.002,1,1,1,7.69561,0,0,42.5602,1504,2,0,0,0,0,0.731687
1440,1510,2,26,4,4,1,1,2.41152,1.06131,0.587057,1.72901,2,1,4.8,0,0.34,0.24,0.14,0.035,0.04,0.025,0.008,0.004,0.01,0.006,0.035,0.002,1,1,1,8.81977,0,0,41.1849,1248,2,0,0,0,0,1.27811
1440,1511,2,25,4,4,1,1,1.14305,1.21151,0.346039,2.29464,2,1,4.8,0,0.34,0.24,0.14,0.035,0.04,0.025,0.008,0.004,0.01,0.006,0.035,0.002,1,1,1,1.64921,0,0,39.4345,1507,2,0,0,0,0,0.897792
1440,1516,2,28,4,4,1,1,1.56366,1.45386,0.614831,2.39646,2,1,4.8,0,0.34,0.24,0.14,0.035,0.04,0.025,0.008,0.004,0.01,0.006,0.035,0.002,1,1,1,2.16,0,0,37.7008,1467,2,0,0,0,0,0.887431
1440,1519,2,27,4,4,1,1,1.05425,1.93094,0.444638,0.00156767,2,1,4.8,0,0.34,0.24,0.14,0.035,0.04,0.025,0.008,0.004,0.01,0.006,0.035,0.002,1,1,1,6.11187,0,0,36.5422,1498,2,0,0,0,0,0.92953
1440,1524,2,24,4,4,1,1,1.32837,1.78976,0.451638,0.483669,2,1,4.8,0,0.34,0.24,0.14,0.035,0.04,0.025,0.008,0.004,0.01,0.006,0.035,0.002,1,1,1,2.16,0,0,33.4166,1424,2,0,0,0,0,0.765552
1440,1529,2,29,4,4,1,1,1.88777,1.2259,0.559136,2.08145,2,1,4.8,0,0.34,0.24,0.14,0.035,0.04,0.025,0.008,0.004,0.01,0.006,0.035,0.002,1,1,1,4.00222,0,0,31.2913,1509,2,0,0,0,0,1.11953
1440,1534,2,27,4,4,1,1,1.10403,2.44837,0.758174,3.03584,2,1,4.8,0,0.34,0.24,0.14,0.035,0.04,0.025,0.008,0.004,0.01,0.006,0.035,0.002,1,1,1,2.028,0,0,26.9747,1355,2,0,0,0,0,0.741508
1440,1537,2,27,4,4,1,1,1.3387,1.38028,0.493051,-2.31621,2,1,4.8,0,0.34,0.24,0.14,0.035,0.04,0.025,0.008,0.004,0.01,0.006,0.035,0.002,1,1,1,2.89801,0,0,25.2497,1510,2,0,0,0,0,0.622896
1440,1541,2,30,4,4,1,1,1.88373,1.05949,0.430733,1.73781,2,1,4.8,0,0.34,0.24,0.14,0.035,0.04,0.025,0.008,0.004,0.01,0.006,0.035,0.002,1,1,1,0.744,0,0,21.5164,1529,2,0,0,0,0,0.89049
1440,1547,2,26,4,4,1,1,1.10409,2.01637,0.691891,-0.107054,2,1,4.8,0,0.34,0.24,0.14,0.035,0.04,0.025,0.008,0.004,0.01,0.006,0.035,0.002,1,1,1,1.58774,0,0,16.5832,1483,2,0,0,0,0,1.25078
1440,1548,2,28,4,4,1,1,1.63525,1.32856,0.385591,1.10717,2,1,4.8,0,0.34,0.24,0.14,0.035,0.04,0.025,0.008,0.004,0.01,0.006,0.035,0.002,1,1,1,2.11343,0,0,15.5415,1519,2,0,0,0,0,0.947298
1440,1563,2,29,3,3,1,0,1.12046,1.02668,0.259914,1.37546,1,1,3.6,0,0.34,0.24,0.14,0.035,0.04,0.025,0.008,0.004,0.01,0.006,0.035,0.002,1,1,1,0.48,0,0,3.61669,1493,2,0,0,0,0,0
1470,1355,2,26,4,4,1,1,1.60237,1.46306,0.106027,2.29235,2,1,4.8,0,0.34,0.24,0.14,0.035,0.04,0.025,0.008,0.004,0.01,0.006,0.035,0.002,1,1,1,38.2615,0,0,189.309,1329,2,0,0,0,0,0.632077
1470,1408,2,26,4,4,1,1,1.33388,1.92897,0.293962,-2.80763,2,1,4.8,0,0.34,0.24,0.14,0.035,0.04,0.025,0.008,0.004,0.01,0.006,0.035,0.002,1,1,1,23.3294,0,0,150.502,1291,2,0,0,0,0,0.75031
1470,1423,2,27,3,3,1,0,1.44028,0.946803,0.202301,1.0416,1,1,3.6,0,0.34,0.24,0.14,0.035,0.04,0.025,0.008,0.004,0.01,0.006,0.035,0.002,1,1,1,16.1737,0,0,141.229,1303,2,0,0,0,0,0
1470,1433,2,25,4,4,1,1,1.30259,1.65298,0.405428,-0.595082,2,1,4.8,0,0.34,0.24,0.14,0.035,0.04,0.025,0.008,0.004,0.01,0.006,0.035,0.002,1,1,1,23.8934,0,0,134.056,1346,2,0,0,0,0,0.829601
1470,1455,2,28,4,4,1,1,2.30635,1.07695,0.429535,1.82181,2,1,4.8,0,0.34,0.24,0.14,0.035,0.04,0.025,0.008,0.004,0.01,0.006,0.035,0.002,1,1,1,20.0755,0,0,115.277,1448,2,0,0,0,0,0.955472
1470,1462,2,26,4,4,1,1,2.15134,1.05431,0.612692,-1.54806,2,1,4.8,0,0.34,0.24,0.14,0.035,0.04,0.025,0.008,0.004,0.01,0.006,0.035,0.002,1,1,1,14.9265,0,0,110.12,1291,2,0,0,0,0,0.655494
1470,1467,2,27,4,4,1,1,1.65357,1.37468,0.527126,2.09075,2,1,4.8,0,0.34,0.24,0.14,0.035,0.04,0.025,0.008,0.004,0.01,0.006,0.035,0.002,1,1,1,19.8179,0,0,108.421,1428,2,0,0,0,0,0.711417
1470,1493,2,28,3,3,1,0,1.35771,0.902886,0.166447,0.421239,1,1,3.6,0,0.34,0.24,0.14,0.035,0.04,0.025,0.008,0.004,0.01,0.006,0.035,0.002,1,1,1,6.32109,0,0,89.1586,1423,2,0,0,0,0,0
1470,1507,2,24,4,4,1,1,2.10008,1.54037,0.350023,2.0896,2,1,4.8,0,0.34,0.24,0.14,0.035,0.04,0.025,0.008,0.004,0.01,0.006,0.035,0.002,1,1,1,14.4358,0,0,74.2373,1424,2,0,0,0,0,0.650544
1470,1510,2,26,4,4,1,1,1.05394,2.02326,0.537539,0.0851317,2,1,4.8,0,0.34,0.24,0.14,0.035,0.04,0.025,0.008,0.004,0.01,0.006,0.035,0.002,1,1,1,15.5925,0,0,71.188,1248,2,0,0,0,0,1.0888
1470,1516,2,28,4,4,1,1,1.18374,2.05195,0.48602,2.93757,2,1,4.8,0,0.34,0.24,0.14,0.035,0.04,0.025,0.008,0.004,0.01,0.006,0.035,0.002,1,1,1,6.96,0,0,67.7055,1467,2,0,0,0,0,0.649923
1470,1533,2,29,4,4,1,1,1.41739,1.64427,0.410445,-2.39612,2,1,4.8,0,0.34,0.24,0.14,0.035,0.04,0.025,0.008,0.004,0.01,0.006,0.035,0.002,1,1,1,6.19065,0,0,57.2633,1455,2,0,0,0,0,1.07514
1470,1534,2,27,4,4,1,1,1.3065,1.46419,0.422864,2.34032,2,1,4.8,0,0.34,0.24,0.14,0.035,0.04,0.025,0.008,0.004,0.01,0.006,0.035,0.002,1,1,1,7.30503,0,0,56.9799,1355,2,0,0,0,0,0.705269
1470,1537,2,27,4,4,1,1,1.90412,1.0492,0.727384,-1.46783,2,1,4.8,0,0.34,0.24,0.14,0.035,0.04,0.025,0.008,0.004,0.01,0.006,0.035,0.002,1,1,1,8.24527,0,0,55.2546,1510,2,0,0,0,0,1.27811
1470,1538,2,27,4,4,1,1,1.04488,2.09337,0.250611,-3.12541,2,1,4.8,0,0.34,0.24,0.14,0.035,0.04,0.025,0.008,0.004,0.01,0.006,0.035,0.002,1,1,1,6.63335,0,0,52.8624,1408,2,0,0,0,0,0.813434
1470,1547,2,26,4,4,1,1,1.2236,1.89615,0.439342,2.81502,2,1,4.8,0,0.34,0.24,0.14,0.035,0.04,0.025,0.008,0.004,0.01,0.006,0.035,0.002,1,1,1,5.09134,0,0,46.586,1483,2,0,0,0,0,0.631662
1470,1552,2,25,4,4,1,1,1.05486,1.96963,0.747627,-3.13198,2,1,4.8,0,0.34,0.24,0.14,0.035,0.04,0.025,0.008,0.004,0.01,0.006,0.035,0.002,1,1,1,8.712,0,0,40.2597,1507,2,0,0,0,0,1.27812
1470,1559,2,27,4,4,1,1,1.56462,1.32189,0.549115,1.17752,2,1,4.8,0,0.34,0.24,0.14,0.035,0.04,0.025,0.008,0.004,0.01,0.006,0.035,0.002,1,1,1,5.136,0,0,36.2588,1510,2,0,0,0,0,1.01969
1470,1563,2,29,3,3,1,0,0.973697,1.40059,0.368379,2.74676,1,1,3.6,0,0.34,0.24,0.14,0.035,0.04,0.025,0.008,0.004,0.01,0.006,0.035,0.002,1,1,1,4.38517,0,0,33.6166,1493,2,0,0,0,0,0.973876
1470,1564,2,28,4,4,1,1,2.20527,1.06768,0.42547,1.44105,2,1,4.8,0,0.34,0.24,0.14,0.035,0.04,0.025,0.008,0.004,0.01,0.006,0.035,0.002,1,1,1,7.96129,0,0,32.5664,1467,2,0,0,0,0,0.642455
1470,1570,2,30,3,3,1,0,0.974085,1.25094,0.224746,2.77813,1,1,3.6,0,0.34,0.24,0.14,0.035,0.04,0.025,0.008,0.004,0.01,0.006,0.035,0.002,1,1,1,3.6,0,0,30.0163,1563,2,0,0,0,0,0
1470,1572,2,28,4,4,1,1,1.12858,2.05129,0.724729,-2.93963,2,1,4.8,0,0.34,0.24,0.14,0.035,0.04,0.025,0.008,0.004,0.01,0.006,0.035,0.002,1,1,1,3.18146,0,0,28.7246,1534,2,0,0,0,0,1.18596
1470,1574,47,29,5,5,1,2,2.05866,2.51267,0.299736,1.9424,2,1,6,0,0.34,0.24,0.14,0.035,0.04,0.025,0.008,0.004,0.01,0.006,0.035,0.002,1,1,1,0.938392,0,0,25.058,1564,2,0,0,0,0,0.854484
1470,1576,2,27,4,4,1,1,1.63785,1.31551,0.539929,-2.12665,2,1,4.8,0,0.34,0.24,0.14,0.035,0.04,0.025,0.008,0.004,0.01,0.006,0.035,0.002,1,1,1,0.744,0,0,24.208,1355,2,0,0,0,0,0.861222
1470,1579,2,27,4,4,1,1,1.31118,0.986397,0.202882,0.362644,2,1,4.8,0,0.34,0.24,0.14,0.035,0.04,0.025,0.008,0.004,0.01,0.006,0.035,0.002,1,1,1,2.64,0,0,23.7664,1510,2,0,0,0,0,0.661733
1470,1580,2,31,3,3,1,0,1.48699,1.02043,0.824108,-1.807,1,1,3.6,0,0.34,0.24,0.14,0.035,0.04,0.025,0.008,0.004,0.01,0.006,0.035,0.002,1,1,1,1.08,0,0,23.6747,1570,2,0,0,0,0,1.14438
1470,1581,2,28,4,4,1,1,1.31715,2.19183,0.447904,0.529347,2,1,4.8,0,0.34,0.24,0.14,0.035,0.04,0.025,0.008,0.004,0.01,0.006,0.035,0.002,1,1,1,2.16,0,0,22.2414,1538,2,0,0,0,0,1.16882
1470,1583,2,28,4,4,1,1,1.75191,1.11763,0.532953,1.58041,2,1,4.8,0,0.34,0.24,0.14,0.035,0.04,0.025,0.008,0.004,0.01,0.006,0.035,0.002,1,1,1,4.8,0,0,21.7498,1467,2,0,0,0,0,1.21197
1470,1588,48,29,5,5,1,2,1.3195,1.86962,0.284778,-0.633731,3,1,6,0,0.34,0.24,0.14,0.035,0.04,0.025,0.008,0.004,0.01,0.006,0.035,0.002,1,1,1,3.72,0,0,16.9498,1583,2,0,0,0,0,1.13663
1470,1590,2,26,4,4,1,1,1.39517,0.670213,0.621651,-2.99374,2,1,4.8,0,0.34,0.24,0.14,0.035,0.04,0.025,0.008,0.004,0.01,0.006,0.035,0.002,1,1,1,1.32,0,0,15.7665,1552,2,0,0,0,0,1.15517
1470,1595,2,28,4,4,1,1,1.31366,1.53827,0.18639,-0.568287,2,1,4.8,0,0.34,0.24,0.14,0.035,0.04,0.025,0.008,0.004,0.01,0.006,0.035,0.002,1,1,1,0.727324,0,0,10.9333,1467,2,0,0,0,0,0.635066
1470,1599,2,27,4,4,1,1,1.31754,2.0067,0.18863,-2.5923,2,1,4.8,0,0.34,0.24,0.14,0.035,0.04,0.025,0.008,0.004,0.01,0.006,0.035,0.002,1,1,1,1.344,0,0,8.56662,1355,2,0,0,0,0,0.769971
1500,1355,2,26,4,4,1,1,1.08747,1.91048,0.529164,-0.0790769,2,1,4.8,0,0.34,0.24,0.14,0.035,0.04,0.025,0.008,0.004,0.01,0.006,0.035,0.002,1,1,1,42.4689,0,0,219.302,1329,2,0,0,0,0,0.955182
1500,1455,2,28,4,4,1,1,1.11099,1.91364,0.504728,-0.159207,2,1,4.8,0,0.34,0.24,0.14,0.035,0.04,0.025,0.008,0.004,0.01,0.006,0.035,0.002,1,1,1,26.1675,0,0,145.27,1448,2,0,0,0,0,0.954435
1500,1462,2,26,4,4,1,1,1.47275,1.53494,0.373829,-0.826734,2,1,4.8,0,0.34,0.24,0.14,0.035,0.04,0.025,0.008,0.004,0.01,0.006,0.035,0.002,1,1,1,18.7665,0,0,140.113,1291,2,0,0,0,0,0.882316
1500,1467,2,27,4,4,1,1,1.5274,1.41849,0.461779,-0.863471,2,1,4.8,0,0.34,0.24,0.14,0.035,0.04,0.025,0.008,0.004,0.01,0.006,0.035,0.002,1,1,1,27.6179,0,0,138.413,1428,2,0,0,0,0,0.630967
1500,1510,2,26,4,4,1,1,1.74319,1.06371,0.530956,-1.51856,2,1,4.8,0,0.34,0.24,0.14,0.035,0.04,0.025,0.008,0.004,0.01,0.006,0.035,0.002,1,1,1,25.8615,0,0,101.181,1248,2,0,0,0,0,1.12664
1500,1537,2,27,4,4,1,1,1.04075,1.81942,0.407714,0.060517,2,1,4.8,0,0.34,0.24,0.14,0.035,0.04,0.025,0.008,0.004,0.01,0.006,0.035,0.002,1,1,1,14.747,0,0,85.2512,1510,2,0,0,0,0,0.65184
1500,1552,2,25,4,4,1,1,1.26392,2.00601,0.191222,-2.47711,2,1,4.8,0,0.34,0.24,0.14,0.035,0.04,0.025,0.008,0.004,0.01,0.006,0.035,0.002,1,1,1,18.2954,0,0,70.2632,1507,2,0,0,0,0,0.922944
1500,1559,2,27,4,4,1,1,1.46645,1.36042,0.376363,1.01148,2,1,4.8,0,0.34,0.24,0.14,0.035,0.04,0.025,0.008,0.004,0.01,0.006,0.035,0.002,1,1,1,6.816,0,0,66.2642,1510,2,0,0,0,0,0.775064
1500,1563,2,29,3,3,1,0,1.29661,1.01444,0.244275,-2.76656,1,1,3.6,0,0.34,0.24,0.14,0.035,0.04,0.025,0.008,0.004,0.01,0.006,0.035,0.002,1,1,1,8.46911,0,0,63.623,1493,2,0,0,0,0,0
1500,1564,2,28,4,4,1,1,1.09559,1.75803,0.303599,3.10215,2,1,4.8,0,0.34,0.24,0.14,0.035,0.04,0.025,0.008,0.004,0.01,0.006,0.035,0.002,1,1,1,11.9213,0,0,62.5728,1467,2,0,0,0,0,0.847917
1500,1570,2,30,3,3,1,0,0.903085,1.42378,0.125718,2.60944,1,1,3.6,0,0.34,0.24,0.14,0.035,0.04,0.025,0.008,0.004,0.01,0.006,0.035,0.002,1,1,1,6.72,0,0,60.0222,1563,2,0,0,0,0,0
1500,1572,2,28,4,4,1,1,1.2976,1.6405,0.103307,-0.272996,2,1,4.8,0,0.34,0.24,0.14,0.035,0.04,0.025,0.008,0.004,0.01,0.006,0.035,0.002,1,1,1,8.10146,0,0,58.7303,1534,2,0,0,0,0,0.781653
1500,1574,47,29,5,5,1,2,2.16661,2.50903,0.197578,-1.25856,2,1,6,0,0.34,0.24,0.14,0.035,0.04,0.025,0.008,0.004,0.01,0.006,0.035,0.002,1,1,1,6.72239,0,0,55.0629,1564,2,0,0,0,0,1.17161
1500,1580,2,31,3,3,1,0,1.30845,0.996087,0.000483434,1.26365,1,1,3.6,0,0.34,0.24,0.14,0.035,0.04,0.025,0.008,0.004,0.01,0.006,0.035,0.002,1,1,1,5.32193,0,0,53.6792,1570,2,0,0,0,0,0
1500,1581,2,28,4,4,1,1,1.39184,1.98835,0.600328,-2.60783,2,1,4.8,0,0.34,0.24,0.14,0.035,0.04,0.025,0.008,0.004,0.01,0.006,0.035,0.002,1,1,1,8.5242,0,0,52.2456,1538,2,0,0,0,0,0.894465
1500,1583,2,28,3,4,1,0,0.861829,1.4325,0.182912,2.53887,1,1,3.6,0,0.34,0.24,0.14,0.035,0.04,0.025,0.008,0.004,0.01,0.006,0.035,0.002,1,1,1,5.688,0,0,51.7538,1467,2,0,0,0,0,0
1500,1587,2,29,4,4,1,1,1.57143,1.36696,0.206646,-2.26296,2,1,4.8,0,0.34,0.24,0.14,0.035,0.04,0.025,0.008,0.004,0.01,0.006,0.035,0.002,1,1,1,6.4758,0,0,47.4446,1581,2,0,0,0,0,0.698419
1500,1588,48,29,5,5,1,2,1.32579,1.83743,0.23441,2.48048,3,1,6,0,0.34,0.24,0.14,0.035,0.04,0.025,0.008,0.004,0.01,0.006,0.035,0.002,1,1,1,6.24,0,0,46.9528,1583,2,0,0,0,0,0.941267
1500,1591,49,29,5,5,1,2,2.08861,1.23194,0.407636,1.69921,2,1,6,0,0.34,0.24,0.14,0.035,0.04,0.025,0.008,0.004,0.01,0.006,0.035,0.002,1,1,1,7.80212,0,0,44.2022,1455,2,0,0,0,0,0.721567
1500,1605,2,29,4,4,1,1,1.05405,1.93345,0.223517,3.13683,2,1,4.8,0,0.34,0.24,0.14,0.035,0.04,0.025,0.008,0.004,0.01,0.006,0.035,0.002,1,1,1,2.04,0,0,34.7919,1572,2,0,0,0,0,1.20941
1500,1611,2,28,4,4,1,1,2.06542,0.989853,0.44159,1.72296,2,1,4.8,0,0.34,0.24,0.14,0.035,0.04,0.025,0.008,0.004,0.01,0.006,0.035,0.002,1,1,1,3.8795,0,0,30.1163,1467,2,0,0,0,0,1.02831
1500,1612,2,26,4,4,1,1,1.97261,1.29799,0.541447,-1.13939,2,1,4.8,0,0.34,0.24,0.14,0.035,0.04,0.025,0.008,0.004,0.01,0.006,0.035,0.002,1,1,1,4.896,0,0,29.3996,1552,2,0,0,0,0,0.902583
1500,1613,2,28,4,4,1,1,1.34491,1.52629,0.456054,-2.41366,2,1,4.8,0,0.34,0.24,0.14,0.035,0.04,0.025,0.008,0.004,0.01,0.006,0.035,0.002,1,1,1,2.568,0,0,29.2496,1537,2,0,0,0,0,1.07569
1500,1614,2,30,3,3,1,0,0.752009,1.32377,0.0477475,-0.771258,1,1,3.6,0,0.34,0.24,0.14,0.035,0.04,0.025,0.008,0.004,0.01,0.006,0.035,0.002,1,1,1,1.43606,0,0,29.1496,1563,2,0,0,0,0,1.13502
1500,1615,2,27,4,4,1,1,1.24618,1.88943,0.343112,0.830429,2,1,4.8,0,0.34,0.24,0.14,0.035,0.04,0.025,0.008,0.004,0.01,0.006,0.035,0.002,1,1,1,5.76,0,0,28.1913,1510,2,0,0,0,0,1.11436
1500,1616,50,27,5,5,1,2,2.00984,2.04423,0.52531,-1.2257,2,1,6,0,0.34,0.24,0.14,0.035,0.04,0.025,0.008,0.004,0.01,0.006,0.035,0.002,1,1,1,4.60367,0,0,27.7497,1355,2,0,0,0,0,1.27484
1500,1617,2,29,4,4,1,1,1.15483,1.94688,0.474659,-2.8966,2,1,4.8,0,0.34,0.24,0.14,0.035,0.04,0.025,0.008,0.004,0.01,0.006,0.035,0.002,1,1,1,1.8,0,0,27.4497,1564,2,0,0,0,0,0.771512
1500,1624,49,30,5,5,1,2,1.44532,2.08326,0.275917,0.642027,2,1,6,0,0.34,0.24,0.14,0.035,0.04,0.025,0.008,0.004,0.01,0.006,0.035,0.002,1,1,1,0.6,0,0,19.5498,1591,49,0,0,0,0,0.654629
1500,1626,2,26,4,4,1,1,1.05551,2.25868,0.454345,-0.102855,2,1,4.8,0,0.34,0.24,0.14,0.035,0.04,0.025,0.008,0.004,0.01,0.006,0.035,0.002,1,1,1,1.86871,0,0,18.5831,1552,2,0,0,0,0,0.953035
1500,1632,2,28,4,4,1,1,1.41344,1.35547,0.40487,-0.984869,2,1,4.8,0,0.34,0.24,0.14,0.035,0.04,0.025,0.008,0.004,0.01,0.006,0.035,0.002,1,1,1,0.72,0,0,14.9999,1615,2,0,0,0,0,1.16156
1500,1633,2,30,4,4,1,1,2.25175,1.06015,0.472462,-1.56258,2,1,4.8,0,0.34,0.24,0.14,0.035,0.04,0.025,0.008,0.004,0.01,0.006,0.035,0.002,1,1,1,1.44,0,0,14.8249,1587,2,0,0,0,0,0.820198
1500,1642,2,27,4,4,1,1,1.06832,2.10484,0.553633,-2.95827,2,1,4.8,0,0.34,0.24,0.14,0.035,0.04,0.025,0.008,0.004,0.01,0.006,0.035,0.002,1,1,1,1.90122,0,0,10.3833,1510,2,0,0,0,0,1.27484
1500,1648,2,26,4,4,1,1,1.01916,2.20473,0.512854,-3.10417,2,1,4.8,0,0.34,0.24,0.14,0.035,0.04,0.025,0.008,0.004,0.01,0.006,0.035,0.002,1,1,1,2.89969,0,0,7.76663,1552,2,0,0,0,0,0.904866
1530,1455,2,28,4,4,1,1,1.3203,1.56635,0.0995969,-0.584742,2,1,4.8,0,0.34,0.24,0.14,0.035,0.04,0.025,0.008,0.004,0.01,0.006,0.035,0.002,1,1,1,35.0161,0,0,175.263,1448,2,0,0,0,0,1.01661
1530,1462,2,26,4,4,1,1,1.09508,2.10255,0.404061,-0.115936,2,1,4.8,0,0.34,0.24,0.14,0.035,0.04,0.025,0.008,0.004,0.01,0.006,0.035,0.002,1,1,1,23.4705,0,0,170.106,1291,2,0,0,0,0,0.620015
1530,1467,2,27,4,4,1,1,1.04954,2.0536,0.46824,-3.07437,2,1,4.8,0,0.34,0.24,0.14,0.035,0.04,0.025,0.008,0.004,0.01,0.006,0.035,0.002,1,1,1,31.2179,0,0,168.406,1428,2,0,0,0,0,1.14946
1530,1510,2,26,4,4,1,1,1.55033,1.31852,0.222763,1.14638,2,1,4.8,0,0.34,0.24,0.14,0.035,0.04,0.025,0.008,0.004,0.01,0.006,0.035,0.002,1,1,1,30.6337,0,0,131.173,1248,2,0,0,0,0,1.10502
1530,1552,2,25,4,4,1,1,1.41021,1.43896,0.606187,-0.691229,2,1,4.8,0,0.34,0.24,0.14,0.035,0.04,0.025,0.008,0.004,0.01,0.006,0.035,0.002,1,1,1,24.4154,0,0,100.256,1507,2,0,0,0,0,0.922405
1530,1563,2,29,3,3,1,0,1.04492,1.08017,0.00736787,3.12606,1,1,3.6,0,0.34,0.24,0.14,0.035,0.04,0.025,0.008,0.004,0.01,0.006,0.035,0.002,1,1,1,10.0291,0,0,93.6159,1493,2,0,0,0,0,0
1530,1564,2,28,4,4,1,1,1.89339,1.28374,0.401572,-1.14906,2,1,4.8,0,0.34,0.24,0.14,0.035,0.04,0.025,0.008,0.004,0.01,0.006,0.035,0.002,1,1,1,15.5693,0,0,92.5661,1467,2,0,0,0,0,0.981619
1530,1570,2,30,3,3,1,0,1.42314,0.879447,0.291548,-2.13406,1,1,3.6,0,0.34,0.24,0.14,0.035,0.04,0.025,0.008,0.004,0.01,0.006,0.035,0.002,1,1,1,10.3598,0,0,90.0167,1563,2,0,0,0,0,0
1530,1574,47,29,5,5,1,2,1.4498,2.76753,0.40466,1.17083,2,1,6,0,0.34,0.24,0.14,0.035,0.04,0.025,0.008,0.004,0.01,0.006,0.035,0.002,1,1,1,11.7002,0,0,85.0596,1564,2,0,0,0,0,0.805681
1530,1580,2,31,3,3,1,0,0.799419,1.45927,0.0567446,2.33131,1,1,3.6,0,0.34,0.24,0.14,0.035,0.04,0.025,0.008,0.004,0.01,0.006,0.035,0.002,1,1,1,9.16193,0,0,83.6766,1570,2,0,0,0,0,0.0899794
1530,1591,49,29,5,5,1,2,2.30955,1.38488,0.520838,2.10868,2,1,6,0,0.34,0.24,0.14,0.035,0.04,0.025,0.008,0.004,0.01,0.006,0.035,0.002,1,1,1,13.1021,0,0,74.2039,1455,2,0,0,0,0,1.15784
1530,1608,47,30,5,5,1,2,2.47172,1.98103,0.40824,0.406188,2,1,6,0,0.34,0.24,0.14,0.035,0.04,0.025,0.008,0.004,0.01,0.006,0.035,0.002,1,1,1,5.8222,0,0,63.473,1574,47,0,0,0,0,0.83039
1530,1611,2,28,4,4,1,1,1.8337,1.17958,0.0770652,-1.3135,2,1,4.8,0,0.34,0.24,0.14,0.035,0.04,0.025,0.008,0.004,0.01,0.006,0.035,0.002,1,1,1,8.0795,0,0,60.1223,1467,2,0,0,0,0,0.644775
1530,1612,2,26,4,4,1,1,1.20014,1.78035,0.290753,-0.2462,2,1,4.8,0,0.34,0.24,0.14,0.035,0.04,0.025,0.008,0.004,0.01,0.006,0.035,0.002,1,1,1,9.53456,0,0,59.4054,1552,2,0,0,0,0,0.65258
1530,1615,2,27,4,4,1,1,1.97682,1.11737,0.524515,-1.19538,2,1,4.8,0,0.34,0.24,0.14,0.035,0.04,0.025,0.008,0.004,0.01,0.006,0.035,0.002,1,1,1,8.4,0,0,58.1969,1510,2,0,0,0,0,1.02981
1530,1616,50,27,5,5,1,2,1.71012,2.21545,0.588923,2.0693,2,1,6,0,0.34,0.24,0.14,0.035,0.04,0.025,0.008,0.004,0.01,0.006,0.035,0.002,1,1,1,13.4837,0,0,57.7551,1355,2,0,0,0,0,1.00008
1530,1624,49,30,5,5,1,2,1.16918,2.32295,0.295978,0.184734,2,1,6,0,0.34,0.24,0.14,0.035,0.04,0.025,0.008,0.004,0.01,0.006,0.035,0.002,1,1,1,4.584,0,0,49.5533,1591,49,0,0,0,0,0.631287
1530,1626,2,26,4,4,1,1,1.70102,1.10514,0.478208,1.51849,2,1,4.8,0,0.34,0.24,0.14,0.035,0.04,0.025,0.008,0.004,0.01,0.006,0.035,0.002,1,1,1,10.0287,0,0,48.5865,1552,2,0,0,0,0,1.26223
1530,1628,50,28,5,5,1,2,1.98682,1.32605,0.441742,0.856346,2,1,6,0,0.34,0.24,0.14,0.035,0.04,0.025,0.008,0.004,0.01,0.006,0.035,0.002,1,1,1,2.76,0,0,47.4446,1616,50,0,0,0,0,0.819104
1530,1630,2,32,3,3,1,0,1.39597,0.945013,0.457042,-2.02147,1,0,3.6,0,0.34,0.24,0.14,0.035,0.04,0.025,0.008,0.004,0.01,0.006,0.035,0.002,1,1,1,2.904,0,0,47.3029,1580,2,0,0,0,0,0.531407
1530,1632,2,28,4,4,1,1,1.32445,1.39946,0.478639,-0.655093,2,1,4.8,0,0.34,0.24,0.14,0.035,0.04,0.025,0.008,0.004,0.01,0.006,0.035,0.002,1,1,1,3.48,0,0,45.0024,1615,2,0,0,0,0,0.659567
1530,1633,2,30,4,4,1,1,1.81672,1.42246,0.592973,1.99052,2,1,4.8,0,0.34,0.24,0.14,0.035,0.04,0.025,0.008,0.004,0.01,0.006,0.035,0.002,1,1,1,7.73633,0,0,44.8273,1587,2,0,0,0,0,0.662161
1530,1639,2,29,4,4,1,1,1.07629,1.8035,0.604358,-2.8793,2,1,4.8,0,0.34,0.24,0.14,0.035,0.04,0.025,0.008,0.004,0.01,0.006,0.035,0.002,1,1,1,1.92,0,0,41.4016,1455,2,0,0,0,0,1.12204
1530,1642,2,27,4,4,1,1,1.6415,1.31549,0.563825,-0.785485,2,1,4.8,0,0.34,0.24,0.14,0.035,0.04,0.025,0.008,0.004,0.01,0.006,0.035,0.002,1,1,1,5.30922,0,0,40.3847,1510,2,0,0,0,0,0.90016
1530,1644,2,31,4,4,1,1,1.36082,1.89565,0.529636,-2.70383,2,1,4.8,0,0.34,0.24,0.14,0.035,0.04,0.025,0.008,0.004,0.01,0.006,0.035,0.002,1,1,1,2.88,0,0,39.993,1633,2,0,0,0,0,1.18651
1530,1648,2,26,4,4,1,1,1.5211,1.31934,0.470748,0.927295,2,1,4.8,0,0.34,0.24,0.14,0.035,0.04,0.025,0.008,0.004,0.01,0.006,0.035,0.002,1,1,1,4.65169,0,0,37.7675,1552,2,0,0,0,0,0.657725
1530,1651,2,29,4,4,1,1,1.23038,1.80509,0.449654,2.67641,2,1,4.8,0,0.34,0.24,0.14,0.035,0.04,0.025,0.008,0.004,0.01,0.006,0.035,0.002,1,1,1,3.45819,0,0,36.3755,1611,2,0,0,0,0,0.763797
1530,1656,2,27,4,4,1,1,1.80226,1.30202,0.31876,1.24283,2,1,4.8,0,0.34,0.24,0.14,0.035,0.04,0.025,0.008,0.004,0.01,0.006,0.035,0.002,1,1,1,3.60733,0,0,32.9665,1648,2,0,0,0,0,0.663213
1530,1657,2,28,4,4,1,1,1.60674,1.38056,0.292811,-1.0753,2,1,4.8,0,0.34,0.24,0.14,0.035,0.04,0.025,0.008,0.004,0.01,0.006,0.035,0.002,1,1,1,3.624,0,0,32.308,1467,2,0,0,0,0,0.818365
1530,1658,2,27,4,4,1,1,1.59976,1.19345,0.419505,-1.92283,2,1,4.8,0,0.34,0.24,0.14,0.035,0.04,0.025,0.008,0.004,0.01,0.006,0.035,0.002,1,1,1,4.2,0,0,29.5663,1510,2,0,0,0,0,0.632393
1530,1661,2,26,4,4,1,1,1.36242,1.66997,0.362556,0.437378,2,1,4.8,0,0.34,0.24,0.14,0.035,0.04,0.025,0.008,0.004,0.01,0.006,0.035,0.002,1,1,1,0.84,0,0,26.9497,1552,2,0,0,0,0,1.11923
1530,1662,2,27,4,4,1,1,1.40844,1.58756,0.33652,0.652075,2,1,4.8,0,0.34,0.24,0.14,0.035,0.04,0.025,0.008,0.004,0.01,0.006,0.035,0.002,1,1,1,4.59472,0,0,26.4163,1626,2,0,0,0,0,0.916379
1530,1680,2,28,4,4,1,1,1.9144,1.03194,0.484155,1.36675,2,1,4.8,0,0.34,0.24,0.14,0.035,0.04,0.025,0.008,0.004,0.01,0.006,0.035,0.002,1,1,1,0.36,0,0,13.4082,1662,2,0,0,0,0,0.635358
1530,1683,50,28,5,5,1,2,2.04077,1.49484,0.385585,-2.3338,2,1,6,0,0.34,0.24,0.14,0.035,0.04,0.025,0.008,0.004,0.01,0.006,0.035,0.002,1,1,1,1.32,0,0,10.8666,1616,50,0,0,0,0,1.17135
1560,1455,2,28,4,4,1,1,1.86346,1.12562,0.54036,-1.67403,2,1,4.8,0,0.34,0.24,0.14,0.035,0.04,0.025,0.008,0.004,0.01,0.006,0.035,0.002,1,1,1,40.0984,0,0,205.255,1448,2,0,0,0,0,0.751686
1560,1467,2,27,4,4,1,1,1.26963,1.77737,0.27681,2.89527,2,1,4.8,0,0.34,0.24,0.14,0.035,0.04,0.025,0.008,0.004,0.01,0.006,0.035,0.002,1,1,1,38.3292,0,0,198.399,1428,2,0,0,0,0,0.913727
1560,1552,2,25,4,4,1,1,1.34926,1.49754,0.806144,2.55422,2,1,4.8,0,0.34,0.24,0.14,0.035,0.04,0.025,0.008,0.004,0.01,0.006,0.035,0.002,1,1,1,27.6554,0,0,130.249,1507,2,0,0,0,0,1.27812
1560,1563,2,29,3,3,1,0,1.38355,0.942606,0.127851,-2.62918,1,1,3.6,0,0.34,0.24,0.14,0.035,0.04,0.025,0.008,0.004,0.01,0.006,0.035,0.002,1,1,1,13.0291,0,0,123.609,1493,2,0,0,0,0,0
1560,1570,2,30,3,3,1,0,0.795993,1.4415,0.00773572,2.36589,1,1,3.6,0,0.34,0.24,0.14,0.035,0.04,0.025,0.008,0.004,0.01,0.006,0.035,0.002,1,1,1,13.7198,0,0,120.009,1563,2,0,0,0,0,0
1560,1574,47,29,5,5,1,2,2.00054,2.3636,0.091247,1.15395,2,1,6,0,0.34,0.24,0.14,0.035,0.04,0.025,0.008,0.004,0.01,0.006,0.035,0.002,1,1,1,17.9402,0,0,115.052,1564,2,0,0,0,0,1.17044
1560,1591,49,29,5,5,1,2,1.05986,2.4961,0.273822,0.337496,2,1,6,0,0.34,0.24,0.14,0.035,0.04,0.025,0.008,0.004,0.01,0.006,0.035,0.002,1,1,1,18.3821,0,0,104.197,1455,2,0,0,0,0,0.729306
1560,1608,47,30,5,5,1,2,2.50121,1.73589,0.395356,-3.08842,2,1,6,0,0.34,0.24,0.14,0.035,0.04,0.025,0.008,0.004,0.01,0.006,0.035,0.002,1,1,1,10.4062,0,0,93.4659,1574,47,0,0,0,0,0.705617
1560,1612,2,26,4,4,1,1,1.91661,1.09291,0.538023,-1.65696,2,1,4.8,0,0.34,0.24,0.14,0.035,0.04,0.025,0.008,0.004,0.01,0.006,0.035,0.002,1,1,1,12.7221,0,0,89.4002,1552,2,0,0,0,0,0.921103
1560,1615,2,27,4,4,1,1,1.2227,1.80627,0.498141,2.73328,2,1,4.8,0,0.34,0.24,0.14,0.035,0.04,0.025,0.008,0.004,0.01,0.006,0.035,0.002,1,1,1,13.9869,0,0,88.1922,1510,2,0,0,0,0,0.981748
1560,1616,50,27,5,5,1,2,2.0154,1.94671,0.464971,-2.81895,2,1,6,0,0.34,0.24,0.14,0.035,0.04,0.025,0.008,0.004,0.01,0.006,0.035,0.002,1,1,1,16.9637,0,0,87.7506,1355,2,0,0,0,0,1.19687
1560,1618,2,31,3,3,1,0,1.1359,1.05397,0.0151754,-2.98355,1,1,3.6,0,0.34,0.24,0.14,0.035,0.04,0.025,0.008,0.004,0.01,0.006,0.035,0.002,1,1,1,6.00497,0,0,85.9677,1570,2,0,0,0,0,0
1560,1630,2,32,3,3,1,0,0.82461,1.44692,0.229303,-0.672478,1,0,3.6,0,0.34,0.24,0.14,0.035,0.04,0.025,0.008,0.004,0.01,0.006,0.035,0.002,1,1,1,4.584,0,0,77.3032,1580,2,0,0,0,0,0.531407
1560,1632,2,28,4,4,1,1,1.22518,1.71946,0.244358,0.311545,2,1,4.8,0,0.34,0.24,0.14,0.035,0.04,0.025,0.008,0.004,0.01,0.006,0.035,0.002,1,1,1,10.4272,0,0,75.0037,1615,2,0,0,0,0,1.08615
1560,1633,2,30,4,4,1,1,1.08173,2.52734,0.378946,0.0400941,2,1,4.8,0,0.34,0.24,0.14,0.035,0.04,0.025,0.008,0.004,0.01,0.006,0.035,0.002,1,1,1,12.4353,0,0,74.8288,1587,2,0,0,0,0,0.81904
1560,1639,2,29,4,4,1,1,1.73816,1.06045,0.378164,-1.53427,2,1,4.8,0,0.34,0.24,0.14,0.035,0.04,0.025,0.008,0.004,0.01,0.006,0.035,0.002,1,1,1,5.38881,0,0,71.4046,1455,2,0,0,0,0,0.661516
1560,1642,2,27,4,4,1,1,1.50621,1.30844,0.485568,1.03776,2,1,4.8,0,0.34,0.24,0.14,0.035,0.04,0.025,0.008,0.004,0.01,0.006,0.035,0.002,1,1,1,11.6255,0,0,70.3882,1510,2,0,0,0,0,0.788776
1560,1656,2,27,4,4,1,1,1.8413,1.26463,0.538202,-1.8223,2,1,4.8,0,0.34,0.24,0.14,0.035,0.04,0.025,0.008,0.004,0.01,0.006,0.035,0.002,1,1,1,7.96865,0,0,62.9729,1648,2,0,0,0,0,1.27812
1560,1661,2,26,4,4,1,1,1.29306,1.74178,0.381001,0.340053,2,1,4.8,0,0.34,0.24,0.14,0.035,0.04,0.025,0.008,0.004,0.01,0.006,0.035,0.002,1,1,1,6.12,0,0,56.9549,1552,2,0,0,0,0,1.11487
1560,1662,2,27,4,4,1,1,2.04073,1.05747,0.629014,-1.62291,2,1,4.8,0,0.34,0.24,0.14,0.035,0.04,0.025,0.008,0.004,0.01,0.006,0.035,0.002,1,1,1,7.83472,0,0,56.4215,1626,2,0,0,0,0,1.21774
1560,1666,2,28,4,4,1,1,1.05018,1.91167,0.677572,0.0786638,2,1,4.8,0,0.34,0.24,0.14,0.035,0.04,0.025,0.008,0.004,0.01,0.006,0.035,0.002,1,1,1,11.5354,0,0,51.4954,1467,2,0,0,0,0,1.24719
1560,1680,2,28,4,4,1,1,1.98646,1.10593,0.299882,-1.74046,2,1,4.8,0,0.34,0.24,0.14,0.035,0.04,0.025,0.008,0.004,0.01,0.006,0.035,0.002,1,1,1,6.18673,0,0,43.4104,1662,2,0,0,0,0,1.27809
1560,1681,2,27,4,4,1,1,1.05747,2.12407,0.299258,3.03576,2,1,4.8,0,0.34,0.24,0.14,0.035,0.04,0.025,0.008,0.004,0.01,0.006,0.035,0.002,1,1,1,11.2067,0,0,42.5435,1626,2,0,0,0,0,0.75655
1560,1683,50,28,5,5,1,2,2.04099,2.02418,0.30144,1.83348,2,1,6,0,0.34,0.24,0.14,0.035,0.04,0.025,0.008,0.004,0.01,0.006,0.035,0.002,1,1,1,11.0225,0,0,40.8682,1616,50,0,0,0,0,0.678751
1560,1686,52,33,2,2,1,0,1.42314,0.239689,0.321792,-2.97474,1,0,2.4,0,0.34,0.24,0.14,0.035,0.04,0.025,0.008,0.004,0.01,0.006,0.035,0.002,1,1,1,1.08,0,0,38.1592,1630,2,0,0,0,0,0.384876
1560,1690,50,29,5,5,1,2,1.31431,2.13493,0.397072,2.54013,2,1,6,0,0.34,0.24,0.14,0.035,0.04,0.025,0.008,0.004,0.01,0.006,0.035,0.002,1,1,1,3,0,0,34.8669,1683,50,0,0,0,0,0.786926
1560,1691,2,29,4,4,1,1,1.7358,1.31589,0.388396,-2.06555,2,1,4.8,0,0.34,0.24,0.14,0.035,0.04,0.025,0.008,0.004,0.01,0.006,0.035,0.002,1,1,1,3.97481,0,0,33.9834,1455,2,0,0,0,0,0.727982
1560,1692,2,27,4,4,1,1,1.26271,1.4916,1.2036,1.68759,2,1,4.8,0,0.34,0.24,0.14,0.035,0.04,0.025,0.008,0.004,0.01,0.006,0.035,0.002,1,1,1,4.18817,0,0,33.775,1661,2,0,0,0,0,0.641581
1560,1699,2,32,3,3,1,0,1.06737,1.05239,0.012083,1.6483,1,1,3.6,0,0.34,0.24,0.14,0.035,0.04,0.025,0.008,0.004,0.01,0.006,0.035,0.002,1,1,1,1.152,0,0,26.4663,1618,2,0,0,0,0,0
1560,1702,2,29,4,4,1,1,1.99408,1.05322,0.23212,1.57046,2,1,4.8,0,0.34,0.24,0.14,0.035,0.04,0.025,0.008,0.004,0.01,0.006,0.035,0.002,1,1,1,1.91012,0,0,24.6247,1694,2,0,0,0,0,0.88351
1560,1706,2,29,4,4,1,1,1.43115,1.53157,0.490972,-2.51044,2,1,4.8,0,0.34,0.24,0.14,0.035,0.04,0.025,0.008,0.004,0.01,0.006,0.035,0.002,1,1,1,1.2893,0,0,22.9997,1455,2,0,0,0,0,0.655395
1560,1712,2,29,4,4,1,1,1.0326,2.22703,0.321847,0.14284,2,1,4.8,0,0.34,0.24,0.14,0.035,0.04,0.025,0.008,0.004,0.01,0.006,0.035,0.002,1,1,1,1.01713,0,0,19.7581,1632,2,0,0,0,0,0.879085
1560,1713,2,29,4,4,1,1,1.03564,1.89507,0.0419098,0.0180845,2,1,4.8,0,0.34,0.24,0.14,0.035,0.04,0.025,0.008,0.004,0.01,0.006,0.035,0.002,1,1,1,0.480688,0,0,19.7498,1666,2,0,0,0,0,0
1560,1716,2,28,4,4,1,1,1.06966,1.91781,0.371696,0.128303,2,1,4.8,0,0.34,0.24,0.14,0.035,0.04,0.025,0.008,0.004,0.01,0.006,0.035,0.002,1,1,1,2.12755,0,0,18.8165,1681,2,0,0,0,0,0.869994
1560,1726,2,28,4,4,1,1,1.36955,1.51344,0.509328,-2.51626,2,1,4.8,0,0.34,0.24,0.14,0.035,0.04,0.025,0.008,0.004,0.01,0.006,0.035,0.002,1,1,1,2.10121,0,0,11.3416,1642,2,0,0,0,0,0.75305
1560,1727,2,29,4,4,1,1,1.10528,2.09817,0.466116,0.320643,2,1,4.8,0,0.34,0.24,0.14,0.035,0.04,0.025,0.008,0.004,0.01,0.006,0.035,0.002,1,1,1,2.06175,0,0,8.83328,1666,2,0,0,0,0,0.90852
1560,1729,2,28,3,3,1,0,1.35597,1.14337,1.03586,-2.41295,1,1,3.6,0,0.34,0.24,0.14,0.035,0.04,0.025,0.008,0.004,0.01,0.006,0.035,0.002,1,1,1,1.224,0,0,7.84997,1681,2,0,0,0,0,0
1560,1732,50,29,5,5,1,2,1.79709,2.19357,0.334746,-0.0931288,2,1,6,0,0.34,0.24,0.14,0.035,0.04,0.025,0.008,0.004,0.01,0.006,0.035,0.002,1,1,1,0.12,0,0,6.04999,1683,50,0,0,0,0,0.89587
1590,1467,2,27,4,4,1,1,1.45901,1.4319,0.0605747,-0.784202,2,1,4.8,0,0.34,0.24,0.14,0.035,0.04,0.025,0.008,0.004,0.01,0.006,0.035,0.002,1,1,1,43.4852,0,0,228.391,1428,2,0,0,0,0,0.689524
1590,1552,2,25,4,4,1,1,1.23205,1.83747,0.297974,-0.337181,2,1,4.8,0,0.34,0.24,0.14,0.035,0.04,0.025,0.008,0.004,0.01,0.006,0.035,0.002,1,1,1,31.1354,0,0,160.241,1507,2,0,0,0,0,0.659631
1590,1563,2,29,3,3,1,0,0.849977,1.40653,0.219124,-0.593974,1,1,3.6,0,0.34,0.24,0.14,0.035,0.04,0.025,0.008,0.004,0.01,0.006,0.035,0.002,1,1,1,16.3891,0,0,153.601,1493,2,0,0,0,0,0
1590,1574,47,29,5,5,1,2,2.45583,1.73902,0.14991,2.60634,2,1,6,0,0.34,0.24,0.14,0.035,0.04,0.025,0.008,0.004,0.01,0.006,0.035,0.002,1,1,1,23.8744,0,0,145.045,1564,2,0,0,0,0,0.936985
1590,1591,49,29,5,5,1,2,1.40682,2.15847,0.386468,0.672263,2,1,6,0,0.34,0.24,0.14,0.035,0.04,0.025,0.008,0.004,0.01,0.006,0.035,0.002,1,1,1,23.5736,0,0,134.189,1455,2,0,0,0,0,1.20232
1590,1608,47,30,5,5,1,2,2.09041,2.42948,0.0477446,2.02075,2,1,6,0,0.34,0.24,0.14,0.035,0.04,0.025,0.008,0.004,0.01,0.006,0.035,0.002,1,1,1,13.45,0,0,123.459,1574,47,0,0,0,0,1.00559
1590,1612,2,26,4,4,1,1,1.3764,1.62467,0.561102,-2.6079,2,1,4.8,0,0.34,0.24,0.14,0.035,0.04,0.025,0.008,0.004,0.01,0.006,0.035,0.002,1,1,1,16.0821,0,0,119.393,1552,2,0,0,0,0,0.803481
1590,1615,2,27,4,4,1,1,1.36525,1.32327,0.342895,2.50646,2,1,4.8,0,0.34,0.24,0.14,0.035,0.04,0.025,0.008,0.004,0.01,0.006,0.035,0.002,1,1,1,19.7316,0,0,118.185,1510,2,0,0,0,0,0.642435
1590,1616,50,27,5,5,1,2,1.32012,2.71916,0.416788,-0.261111,2,1,6,0,0.34,0.24,0.14,0.035,0.04,0.025,0.008,0.004,0.01,0.006,0.035,0.002,1,1,1,22.7286,0,0,117.743,1355,2,0,0,0,0,1.26794
1590,1618,2,31,3,3,1,0,1.3651,0.996792,0.197074,1.23103,1,1,3.6,0,0.34,0.24,0.14,0.035,0.04,0.025,0.008,0.004,0.01,0.006,0.035,0.002,1,1,1,8.82008,0,0,115.96,1570,2,0,0,0,0,0.0740602
1590,1632,2,28,4,4,1,1,1.5837,1.32421,0.358933,2.24097,2,1,4.8,0,0.34,0.24,0.14,0.035,0.04,0.025,0.008,0.004,0.01,0.006,0.035,0.002,1,1,1,12.9472,0,0,104.996,1615,2,0,0,0,0,0.826896
1590,1633,2,30,4,4,1,1,2.08384,1.09314,0.302172,1.49853,2,1,4.8,0,0.34,0.24,0.14,0.035,0.04,0.025,0.008,0.004,0.01,0.006,0.035,0.002,1,1,1,17,0,0,104.821,1587,2,0,0,0,0,0.631458
1590,1661,2,26,4,4,1,1,1.57048,1.54728,0.58454,-2.30092,2,1,4.8,0,0.34,0.24,0.14,0.035,0.04,0.025,0.008,0.004,0.01,0.006,0.035,0.002,1,1,1,15.4545,0,0,86.9508,1552,2,0,0,0,0,1.1968
1590,1662,2,27,4,4,1,1,1.77818,1.26832,0.211788,1.24537,2,1,4.8,0,0.34,0.24,0.14,0.035,0.04,0.025,0.008,0.004,0.01,0.006,0.035,0.002,1,1,1,10.6596,0,0,86.4176,1626,2,0,0,0,0,0.645044
1590,1666,2,28,4,4,1,1,1.53113,1.33892,0.298399,1.79261,2,1,4.8,0,0.34,0.24,0.14,0.035,0.04,0.025,0.008,0.004,0.01,0.006,0.035,0.002,1,1,1,17.3472,0,0,81.4938,1467,2,0,0,0,0,0.793453
1590,1680,2,28,4,4,1,1,1.16582,1.72096,0.380931,-0.484478,2,1,4.8,0,0.34,0.24,0.14,0.035,0.04,0.025,0.008,0.004,0.01,0.006,0.035,0.002,1,1,1,10.6537,0,0,73.4125,1662,2,0,0,0,0,0.720249
1590,1681,2,27,4,4,1,1,1.85386,1.19184,0.653889,-1.84075,2,1,4.8,0,0.34,0.24,0.14,0.035,0.04,0.025,0.008,0.004,0.01,0.006,0.035,0.002,1,1,1,18.2533,0,0,72.546,1626,2,0,0,0,0,1.27484
1590,1683,50,28,5,5,1,2,1.41434,2.10414,0.596047,-1.03313,2,1,6,0,0.34,0.24,0.14,0.035,0.04,0.025,0.008,0.004,0.01,0.006,0.035,0.002,1,1,1,19.7449,0,0,70.8714,1616,50,0,0,0,0,0.662639
1590,1686,52,33,2,2,1,0,1.14243,0.881935,0.319488,-0.65742,1,0,2.4,0,0.34,0.24,0.14,0.035,0.04,0.025,0.008,0.004,0.01,0.006,0.035,0.002,1,1,1,1.68,0,0,68.1637,1630,2,0,0,0,0,0.384876
1590,1690,50,29,5,5,1,2,1.56335,2.00253,0.427176,-0.203374,2,1,6,0,0.34,0.24,0.14,0.035,0.04,0.025,0.008,0.004,0.01,0.006,0.035,0.002,1,1,1,9.82901,0,0,64.8729,1683,50,0,0,0,0,1.26202
1590,1691,2,29,4,4,1,1,1.64586,1.39211,0.823816,2.21117,2,1,4.8,0,0.34,0.24,0.14,0.035,0.04,0.025,0.008,0.004,0.01,0.006,0.035,0.002,1,1,1,9.82631,0,0,63.9898,1455,2,0,0,0,0,1.27811
1590,1692,2,27,4,4,1,1,1.54082,1.3289,0.561557,-2.18308,2,1,4.8,0,0.34,0.24,0.14,0.035,0.04,0.025,0.008,0.004,0.01,0.006,0.035,0.002,1,1,1,9.77115,0,0,63.7814,1661,2,0,0,0,0,0.881868
1590,1693,2,31,4,4,1,1,2.00777,1.32093,0.610727,1.96839,2,1,4.8,0,0.34,0.24,0.14,0.035,0.04,0.025,0.008,0.004,0.01,0.006,0.035,0.002,1,1,1,6.72,0,0,61.8476,1633,2,0,0,0,0,1.27811
1590,1695,2,30,4,4,1,1,1.44549,1.29327,0.257488,0.594535,2,1,4.8,0,0.34,0.24,0.14,0.035,0.04,0.025,0.008,0.004,0.01,0.006,0.035,0.002,1,1,1,3.41249,0,0,59.1887,1691,2,0,0,0,0,1.12885
1590,1709,47,30,5,5,1,2,1.45308,2.21224,0.0864686,-1.97436,2,1,6,0,0.34,0.24,0.14,0.035,0.04,0.025,0.008,0.004,0.01,0.006,0.035,0.002,1,1,1,5.35681,0,0,52.4623,1574,47,0,0,0,0,0.859864
1590,1713,2,29,4,4,1,1,1.78016,1.3381,0.366335,2.01948,2,1,4.8,0,0.34,0.24,0.14,0.035,0.04,0.025,0.008,0.004,0.01,0.006,0.035,0.002,1,1,1,2.76069,0,0,49.7534,1666,2,0,0,0,0,0.0196689
1590,1718,2,28,4,4,1,1,1.46771,1.46086,0.399685,2.48524,2,1,4.8,0,0.34,0.24,0.14,0.035,0.04,0.025,0.008,0.004,0.01,0.006,0.035,0.002,1,1,1,4.39184,0,0,46.3027,1467,2,0,0,0,0,0.845335
1590,1720,2,28,4,4,1,1,1.48682,1.5971,0.526619,2.44392,2,1,4.8,0,0.34,0.24,0.14,0.035,0.04,0.025,0.008,0.004,0.01,0.006,0.035,0.002,1,1,1,6.15146,0,0,45.6192,1615,2,0,0,0,0,1.25953
1590,1725,2,29,4,4,1,1,1.35139,1.71896,0.461446,0.944636,2,1,4.8,0,0.34,0.24,0.14,0.035,0.04,0.025,0.008,0.004,0.01,0.006,0.035,0.002,1,1,1,6.33006,0,0,42.8352,1680,2,0,0,0,0,1.15641
1590,1727,2,29,4,4,1,1,1.55087,1.32266,0.167564,-2.12447,2,1,4.8,0,0.34,0.24,0.14,0.035,0.04,0.025,0.008,0.004,0.01,0.006,0.035,0.002,1,1,1,5.08575,0,0,38.8344,1666,2,0,0,0,0,0.972561
1590,1739,2,28,4,4,1,1,2.03199,1.19872,0.740439,-1.03082,2,1,4.8,0,0.34,0.24,0.14,0.035,0.04,0.025,0.008,0.004,0.01,0.006,0.035,0.002,1,1,1,4.00626,0,0,31.4496,1692,2,0,0,0,0,1.10228
1590,1741,2,29,4,4,1,1,1.04065,2.16213,0.191865,3.10313,2,1,4.8,0,0.34,0.24,0.14,0.035,0.04,0.025,0.008,0.004,0.01,0.006,0.035,0.002,1,1,1,3.37864,0,0,27.5413,1666,2,0,0,0,0,0.887937
1590,1744,2,27,4,4,1,1,1.71063,1.32232,0.697052,-2.0125,2,1,4.8,0,0.34,0.24,0.14,0.035,0.04,0.025,0.008,0.004,0.01,0.006,0.035,0.002,1,1,1,3.2005,0,0,23.5081,1661,2,0,0,0,0,1.27484
1590,1752,2,29,4,4,1,1,1.76056,1.43913,0.155288,2.37971,2,1,4.8,0,0.34,0.24,0.14,0.035,0.04,0.025,0.008,0.004,0.01,0.006,0.035,0.002,1,1,1,0.657489,0,0,13.3415,1666,2,0,0,0,0,0.821056
1590,1754,2,28,4,4,1,1,1.92558,1.1433,0.366337,-1.68304,2,1,4.8,0,0.34,0.24,0.14,0.035,0.04,0.025,0.008,0.004,0.01,0.006,0.035,0.002,1,1,1,1.15383,0,0,11.4416,1681,2,0,0,0,0,0.789425
1590,1758,2,29,4,4,1,1,1.79112,1.29074,0.507924,1.16824,2,1,4.8,0,0.34,0.24,0.14,0.035,0.04,0.025,0.008,0.004,0.01,0.006,0.035,0.002,1,1,1,1.16854,0,0,9.25828,1720,2,0,0,0,0,0.68697
1590,1760,50,29,5,5,1,2,2.0761,1.83542,0.26141,-2.90623,2,1,6,0,0.34,0.24,0.14,0.035,0.04,0.025,0.008,0.004,0.01,0.006,0.035,0.002,1,1,1,0.428044,0,0,7.77497,1683,50,0,0,0,0,0.707686
1590,1761,2,30,4,4,1,1,1.25549,1.53299,0.718539,2.55322,2,1,4.8,0,0.34,0.24,0.14,0.035,0.04,0.025,0.008,0.004,0.01,0.006,0.035,0.002,1,1,1,0.24,0,0,7.5583,1725,2,0,0,0,0,0.989954
1620,1467,2,27,4,4,1,1,1.05715,2.21566,0.561204,3.02628,2,1,4.8,0,0.34,0.24,0.14,0.035,0.04,0.025,0.008,0.004,0.01,0.006,0.035,0.002,1,1,1,48.2635,0,0,258.384,1428,2,0,0,0,0,1.24562
1620,1591,49,29,5,5,1,2,2.40527,1.34321,0.320771,-1.20576,2,1,6,0,0.34,0.24,0.14,0.035,0.04,0.025,0.008,0.004,0.01,0.006,0.035,0.002,1,1,1,31.8536,0,0,164.182,1455,2,0,0,0,0,0.891219
1620,1615,2,27,4,4,1,1,1.59504,1.36792,0.0989496,-2.13083,2,1,4.8,0,0.34,0.24,0.14,0.035,0.04,0.025,0.008,0.004,0.01,0.006,0.035,0.002,1,1,1,22.2329,0,0,148.178,1510,2,0,0,0,0,0.977798
1620,1616,50,27,5,5,1,2,1.86244,2.02178,0.333194,-1.18515,2,1,6,0,0.34,0.24,0.14,0.035,0.04,0.025,0.008,0.004,0.01,0.006,0.035,0.002,1,1,1,28.2486,0,0,147.736,1355,2,0,0,0,0,1.27449
1620,1632,2,28,4,4,1,1,1.28534,1.60935,0.457354,-0.429516,2,1,4.8,0,0.34,0.24,0.14,0.035,0.04,0.025,0.008,0.004,0.01,0.006,0.035,0.002,1,1,1,18.4912,0,0,134.989,1615,2,0,0,0,0,0.758555
1620,1633,2,30,4,4,1,1,1.09743,2.0926,0.400506,3.00636,2,1,4.8,0,0.34,0.24,0.14,0.035,0.04,0.025,0.008,0.004,0.01,0.006,0.035,0.002,1,1,1,22.8858,0,0,134.814,1587,2,0,0,0,0,1.27257
1620,1661,2,26,4,4,1,1,1.4259,1.3923,0.541798,-2.36598,2,1,4.8,0,0.34,0.24,0.14,0.035,0.04,0.025,0.008,0.004,0.01,0.006,0.035,0.002,1,1,1,19.3447,0,0,116.944,1552,2,0,0,0,0,1.05886
1620,1666,2,28,1,4,1,0,0,0,0.719228,0,0,0,1.2,0,0.34,0.24,0.14,0.035,0.04,0.025,0.008,0.004,0.01,0.006,0.035,0.002,1,1,1,3.32704,0,0,111.487,1467,2,0,0,0,0,0
1620,1681,2,27,4,4,1,1,1.47743,1.3323,0.464712,-2.38575,2,1,4.8,0,0.34,0.24,0.14,0.035,0.04,0.025,0.008,0.004,0.01,0.006,0.035,0.002,1,1,1,22.9313,0,0,102.539,1626,2,0,0,0,0,1.25263
1620,1683,50,28,5,5,1,2,1.97855,1.78331,0.141661,1.59654,2,1,6,0,0.34,0.24,0.14,0.035,0.04,0.025,0.008,0.004,0.01,0.006,0.035,0.002,1,1,1,22.1449,0,0,100.864,1616,50,0,0,0,0,0.7125
1620,1691,2,29,4,4,1,1,1.20896,1.58362,0.397271,3.14108,2,1,4.8,0,0.34,0.24,0.14,0.035,0.04,0.025,0.008,0.004,0.01,0.006,0.035,0.002,1,1,1,13.6169,0,0,93.9824,1455,2,0,0,0,0,0.658163
1620,1692,2,27,4,4,1,1,1.14451,2.0786,0.661699,-0.235862,2,1,4.8,0,0.34,0.24,0.14,0.035,0.04,0.025,0.008,0.004,0.01,0.006,0.035,0.002,1,1,1,13.0592,0,0,93.7742,1661,2,0,0,0,0,0.975394
1620,1693,2,31,4,4,1,1,1.7394,1.48999,0.293085,2.25931,2,1,4.8,0,0.34,0.24,0.14,0.035,0.04,0.025,0.008,0.004,0.01,0.006,0.035,0.002,1,1,1,9.69286,0,0,91.8413,1633,2,0,0,0,0,0.899856
1620,1695,2,30,4,4,1,1,2.09306,1.05371,0.363186,1.53097,2,1,4.8,0,0.34,0.24,0.14,0.035,0.04,0.025,0.008,0.004,0.01,0.006,0.035,0.002,1,1,1,9.43718,0,0,89.1836,1691,2,0,0,0,0,0.662763
1620,1709,47,30,5,5,1,2,2.11468,2.20345,0.657431,2.29348,2,1,6,0,0.34,0.24,0.14,0.035,0.04,0.025,0.008,0.004,0.01,0.006,0.035,0.002,1,1,1,9.89434,0,0,82.4603,1574,47,0,0,0,0,1.18868
1620,1717,2,32,3,3,1,0,1.0682,1.20343,0.0396801,1.79393,1,1,3.6,0,0.34,0.24,0.14,0.035,0.04,0.025,0.008,0.004,0.01,0.006,0.035,0.002,1,1,1,4.944,0,0,76.8533,1618,2,0,0,0,0,0.216059
1620,1720,2,28,4,4,1,1,1.36093,1.40003,0.741572,0.811275,2,1,4.8,0,0.34,0.24,0.14,0.035,0.04,0.025,0.008,0.004,0.01,0.006,0.035,0.002,1,1,1,15.7776,0,0,75.6203,1615,2,0,0,0,0,1.2065
1620,1721,49,30,5,5,1,2,2.23143,1.34793,0.342661,1.07485,2,1,6,0,0.34,0.24,0.14,0.035,0.04,0.025,0.008,0.004,0.01,0.006,0.035,0.002,1,1,1,3.37196,0,0,75.1454,1591,49,0,0,0,0,0.809682
1620,1739,2,28,4,4,1,1,1.18362,2.03988,0.602314,-0.295949,2,1,4.8,0,0.34,0.24,0.14,0.035,0.04,0.025,0.008,0.004,0.01,0.006,0.035,0.002,1,1,1,10.6799,0,0,61.4559,1692,2,0,0,0,0,0.636848
1620,1744,2,27,4,4,1,1,1.37762,1.74664,0.180859,-2.64731,2,1,4.8,0,0.34,0.24,0.14,0.035,0.04,0.025,0.008,0.004,0.01,0.006,0.035,0.002,1,1,1,5.3605,0,0,53.5125,1661,2,0,0,0,0,0.208217
1620,1752,2,29,4,4,1,1,1.05335,2.06053,0.399655,0.0384473,2,1,4.8,0,0.34,0.24,0.14,0.035,0.04,0.025,0.008,0.004,0.01,0.006,0.035,0.002,1,1,1,3.75349,0,0,43.3437,1666,2,0,0,0,0,1.08778
1620,1753,2,28,4,4,1,1,1.55297,1.38258,0.706416,-0.935873,2,1,4.8,0,0.34,0.24,0.14,0.035,0.04,0.025,0.008,0.004,0.01,0.006,0.035,0.002,1,1,1,3.24,0,0,42.3185,1467,2,0,0,0,0,1.11279
1620,1754,2,28,4,4,1,1,2.1311,1.01761,0.529372,1.80291,2,1,4.8,0,0.34,0.24,0.14,0.035,0.04,0.025,0.008,0.004,0.01,0.006,0.035,0.002,1,1,1,3.86494,0,0,41.4433,1681,2,0,0,0,0,0.640613
1620,1758,2,29,4,4,1,1,1.06049,1.81678,0.325325,-3.07043,2,1,4.8,0,0.34,0.24,0.14,0.035,0.04,0.025,0.008,0.004,0.01,0.006,0.035,0.002,1,1,1,6.03186,0,0,39.2595,1720,2,0,0,0,0,1.27484
1620,1760,50,29,5,5,1,2,1.54631,2.05258,0.262086,-0.651797,2,1,6,0,0.34,0.24,0.14,0.035,0.04,0.025,0.008,0.004,0.01,0.006,0.035,0.002,1,1,1,5.53189,0,0,37.7758,1683,50,0,0,0,0,0.940639
1620,1761,2,30,4,4,1,1,1.50314,1.43754,0.379544,2.33685,2,1,4.8,0,0.34,0.24,0.14,0.035,0.04,0.025,0.008,0.004,0.01,0.006,0.035,0.002,1,1,1,5.16,0,0,37.5591,1725,2,0,0,0,0,0.659257
1620,1763,2,29,4,4,1,1,1.34344,1.65247,0.358002,-0.644299,2,1,4.8,0,0.34,0.24,0.14,0.035,0.04,0.025,0.008,0.004,0.01,0.006,0.035,0.002,1,1,1,5.57444,0,0,37.134,1739,2,0,0,0,0,1.23658
1620,1772,2,28,5,5,1,1,1.36869,2.82567,0.246188,-2.71894,3,1,6,0,0.34,0.24,0.14,0.035,0.04,0.025,0.008,0.004,0.01,0.006,0.035,0.002,1,1,1,2.50476,0,0,30.0996,1681,2,0,0,0,0,1.18539
1620,1774,2,27,4,4,1,1,1.05846,2.03796,0.411904,0.0508577,2,1,4.8,0,0.34,0.24,0.14,0.035,0.04,0.025,0.008,0.004,0.01,0.006,0.035,0.002,1,1,1,2.16,0,0,26.7663,1661,2,0,0,0,0,0.771462
1620,1778,2,31,4,4,1,1,1.88827,1.04962,0.385373,-1.58201,2,1,4.8,0,0.34,0.24,0.14,0.035,0.04,0.025,0.008,0.004,0.01,0.006,0.035,0.002,1,1,1,0.12,0,0,24.8664,1695,2,0,0,0,0,0.660481
1620,1779,2,32,5,5,1,2,1.82848,2.06754,0.671255,-2.08779,3,1,6,0,0.34,0.24,0.14,0.035,0.04,0.025,0.008,0.004,0.01,0.006,0.035,0.002,1,1,1,0.705442,0,0,24.1831,1693,2,0,0,0,0,1.09214
1620,1781,2,29,4,4,1,1,1.76893,1.26547,0.429844,-2.03295,2,1,4.8,0,0.34,0.24,0.14,0.035,0.04,0.025,0.008,0.004,0.01,0.006,0.035,0.002,1,1,1,3.6,0,0,23.6414,1720,2,0,0,0,0,0.632222
1620,1797,2,29,4,4,1,1,1.30068,1.69745,0.287377,-2.50469,2,1,4.8,0,0.34,0.24,0.14,0.035,0.04,0.025,0.008,0.004,0.01,0.006,0.035,0.002,1,1,1,1.17386,0,0,10.2416,1720,2,0,0,0,0,0.917455
1650,1591,49,29,5,5,1,2,2.38349,1.22236,0.206486,1.37963,2,1,6,0,0.34,0.24,0.14,0.035,0.04,0.025,0.008,0.004,0.01,0.006,0.035,0.002,1,1,1,34.8536,0,0,194.175,1455,2,0,0,0,0,0.754708
1650,1616,50,27,5,5,1,2,2.09234,1.64547,0.502533,0.573802,2,1,6,0,0.34,0.24,0.14,0.035,0.04,0.025,0.008,0.004,0.01,0.006,0.035,0.002,1,1,1,31.1046,0,0,177.729,1355,2,0,0,0,0,0.948446
1650,1633,2,30,4,4,1,1,1.29826,1.72872,0.293541,-0.576162,2,1,4.8,0,0.34,0.24,0.14,0.035,0.04,0.025,0.008,0.004,0.01,0.006,0.035,0.002,1,1,1,34.7208,0,0,164.807,1587,2,0,0,0,0,1.24778
1650,1661,2,26,4,4,1,1,1.7952,1.33661,0.341446,-1.01409,2,1,4.8,0,0.34,0.24,0.14,0.035,0.04,0.025,0.008,0.004,0.01,0.006,0.035,0.002,1,1,1,22.7624,0,0,146.936,1552,2,0,0,0,0,0.719342
1650,1666,2,28,1,4,1,0,0,0,0.0313261,0,0,0,1.2,0,0.34,0.24,0.14,0.035,0.04,0.025,0.008,0.004,0.01,0.006,0.035,0.002,1,1,1,4.40704,0,0,141.479,1467,2,0,0,0,0,0
1650,1681,2,27,4,4,1,1,1.10777,1.96343,0.426706,-0.101924,2,1,4.8,0,0.34,0.24,0.14,0.035,0.04,0.025,0.008,0.004,0.01,0.006,0.035,0.002,1,1,1,26.2913,0,0,132.531,1626,2,0,0,0,0,0.472916
1650,1691,2,29,4,4,1,1,1.46532,1.31084,0.338749,0.59884,2,1,4.8,0,0.34,0.24,0.14,0.035,0.04,0.025,0.008,0.004,0.01,0.006,0.035,0.002,1,1,1,17.6906,0,0,123.975,1455,2,0,0,0,0,0.970506
1650,1692,2,27,4,4,1,1,1.62436,1.32247,0.483428,-2.0081,2,1,4.8,0,0.34,0.24,0.14,0.035,0.04,0.025,0.008,0.004,0.01,0.006,0.035,0.002,1,1,1,18.9722,0,0,123.767,1661,2,0,0,0,0,0.906143
1650,1695,2,30,4,4,1,1,1.42409,1.67049,0.284032,0.446099,2,1,4.8,0,0.34,0.24,0.14,0.035,0.04,0.025,0.008,0.004,0.01,0.006,0.035,0.002,1,1,1,11.2372,0,0,119.176,1691,2,0,0,0,0,0
1650,1709,47,30,5,5,1,2,2.62553,2.25014,0.376464,0.20682,2,1,6,0,0.34,0.24,0.14,0.035,0.04,0.025,0.008,0.004,0.01,0.006,0.035,0.002,1,1,1,14.565,0,0,112.453,1574,47,0,0,0,0,0.892069
1650,1720,2,28,4,4,1,1,1.39173,1.45251,0.355523,-2.5342,2,1,4.8,0,0.34,0.24,0.14,0.035,0.04,0.025,0.008,0.004,0.01,0.006,0.035,0.002,1,1,1,20.2416,0,0,105.613,1615,2,0,0,0,0,0.92179
1650,1745,2,31,4,4,1,1,1.14718,2.18219,0.478422,0.330289,2,1,4.8,0,0.34,0.24,0.14,0.035,0.04,0.025,0.008,0.004,0.01,0.006,0.035,0.002,1,1,1,7.23923,0,0,80.3524,1633,2,0,0,0,0,1.24188
1650,1753,2,28,4,4,1,1,1.16589,1.91858,0.337964,-2.98214,2,1,4.8,0,0.34,0.24,0.14,0.035,0.04,0.025,0.008,0.004,0.01,0.006,0.035,0.002,1,1,1,8.16,0,0,72.3211,1467,2,0,0,0,0,1.27484
1650,1758,2,29,4,4,1,1,1.24586,1.82205,0.237054,-2.57339,2,1,4.8,0,0.34,0.24,0.14,0.035,0.04,0.025,0.008,0.004,0.01,0.006,0.035,0.002,1,1,1,8.73205,0,0,69.2635,1720,2,0,0,0,0,0.638174
1650,1763,2,29,4,4,1,1,1.29855,1.4304,0.48284,2.53318,2,1,4.8,0,0.34,0.24,0.14,0.035,0.04,0.025,0.008,0.004,0.01,0.006,0.035,0.002,1,1,1,11.5039,0,0,67.139,1739,2,0,0,0,0,0.677305
1650,1769,2,30,4,4,1,1,1.25541,1.78379,0.299019,0.378583,2,1,4.8,0,0.34,0.24,0.14,0.035,0.04,0.025,0.008,0.004,0.01,0.006,0.035,0.002,1,1,1,7.30723,0,0,63.2479,1758,2,0,0,0,0,0.685848
1650,1771,54,28,5,5,1,1,2.08749,1.08808,0.754151,1.40837,2,1,6,0,0.34,0.24,0.14,0.035,0.04,0.025,0.008,0.004,0.01,0.006,0.035,0.002,1,1,1,7.2,0,0,61.2808,1692,2,0,0,0,0,1.24734
1650,1778,2,31,4,4,1,1,1.53091,1.93384,0.548889,2.61258,2,1,4.8,0,0.34,0.24,0.14,0.035,0.04,0.025,0.008,0.004,0.01,0.006,0.035,0.002,1,1,1,7.944,0,0,54.8711,1695,2,0,0,0,0,0.659466
1650,1781,2,29,4,4,1,1,1.08703,1.65081,0.186201,3.06187,2,1,4.8,0,0.34,0.24,0.14,0.035,0.04,0.025,0.008,0.004,0.01,0.006,0.035,0.002,1,1,1,6.72,0,0,53.6459,1720,2,0,0,0,0,0.766025
1650,1792,2,31,4,4,1,1,1.13041,1.96686,0.526316,-2.94145,2,1,4.8,0,0.34,0.24,0.14,0.035,0.04,0.025,0.008,0.004,0.01,0.006,0.035,0.002,1,1,1,4.44,0,0,44.1022,1761,2,0,0,0,0,0.909426
1650,1797,2,29,4,4,1,1,1.10298,1.84418,0.413918,3.04665,2,1,4.8,0,0.34,0.24,0.14,0.035,0.04,0.025,0.008,0.004,0.01,0.006,0.035,0.002,1,1,1,6.45386,0,0,40.243,1720,2,0,0,0,0,0.8428
1650,1801,2,30,4,4,1,1,2.0103,1.21939,0.559295,2.27873,2,1,4.8,0,0.34,0.24,0.14,0.035,0.04,0.025,0.008,0.004,0.01,0.006,0.035,0.002,1,1,1,4.44,0,0,35.392,1797,2,0,0,0,0,0.662403
1650,1807,2,30,4,4,1,1,1.21431,1.85177,0.752193,0.217068,2,1,4.8,0,0.34,0.24,0.14,0.035,0.04,0.025,0.008,0.004,0.01,0.006,0.035,0.002,1,1,1,6.624,0,0,31.0579,1763,2,0,0,0,0,1.08763
1650,1812,2,29,4,4,1,1,1.14224,1.70474,0.161702,-2.91065,2,1,4.8,0,0.34,0.24,0.14,0.035,0.04,0.025,0.008,0.004,0.01,0.006,0.035,0.002,1,1,1,1.44,0,0,28.408,1720,2,0,0,0,0,1.22099
1650,1815,2,31,4,4,1,1,0.974009,2.45576,0.461545,0.48152,2,1,4.8,0,0.34,0.24,0.14,0.035,0.04,0.025,0.008,0.004,0.01,0.006,0.035,0.002,1,1,1,1.56,0,0,26.258,1807,2,0,0,0,0,1.21252
1650,1816,2,31,4,4,1,1,1.61153,1.22891,0.466254,-1.24306,2,1,4.8,0,0.34,0.24,0.14,0.035,0.04,0.025,0.008,0.004,0.01,0.006,0.035,0.002,1,1,1,3.62119,0,0,24.2497,1769,2,0,0,0,0,1.26153
1650,1819,2,31,4,4,1,1,2.10265,1.05507,0.463989,1.67604,2,1,4.8,0,0.34,0.24,0.14,0.035,0.04,0.025,0.008,0.004,0.01,0.006,0.035,0.002,1,1,1,1.71074,0,0,23.4331,1633,2,0,0,0,0,0.716732
1650,1820,2,32,4,4,1,1,1.34024,1.43522,0.386978,2.80774,2,1,4.8,0,0.34,0.24,0.14,0.035,0.04,0.025,0.008,0.004,0.01,0.006,0.035,0.002,1,1,1,4.02105,0,0,23.0497,1778,2,0,0,0,0,1.05755
1650,1822,2,28,4,4,1,1,1.38921,1.51648,0.471182,2.54358,2,1,4.8,0,0.34,0.24,0.14,0.035,0.04,0.025,0.008,0.004,0.01,0.006,0.035,0.002,1,1,1,2.26893,0,0,21.8748,1692,2,0,0,0,0,0.953553
1650,1827,2,30,4,4,1,1,1.47321,1.32455,0.860996,0.840711,2,1,4.8,0,0.34,0.24,0.14,0.035,0.04,0.025,0.008,0.004,0.01,0.006,0.035,0.002,1,1,1,2.52,0,0,20.2414,1763,2,0,0,0,0,1.17655
1650,1830,2,33,4,4,1,1,1.91951,1.38014,0.276407,1.87191,2,1,4.8,0,0.34,0.24,0.14,0.035,0.04,0.025,0.008,0.004,0.01,0.006,0.035,0.002,1,1,1,2.93895,0,0,17.3082,1820,2,0,0,0,0,0.73293
1650,1834,2,31,4,4,1,1,1.99383,2.15081,0.449248,-0.207309,2,1,4.8,0,0.34,0.24,0.14,0.035,0.04,0.025,0.008,0.004,0.01,0.006,0.035,0.002,1,1,1,1.56,0,0,12.6166,1633,2,0,0,0,0,1.13269
1680,1633,2,30,4,4,1,1,2.30511,1.32539,1.01692,-2.06726,2,1,4.8,0,0.34,0.24,0.14,0.035,0.04,0.025,0.008,0.004,0.01,0.006,0.035,0.002,1,1,1,39.5817,0,0,194.799,1587,2,0,0,0,0,1.23807
1680,1753,2,28,4,4,1,1,1.13305,1.85534,0.2475,0.163742,2,1,4.8,0,0.34,0.24,0.14,0.035,0.04,0.025,0.008,0.004,0.01,0.006,0.035,0.002,1,1,1,14.0016,0,0,102.314,1467,2,0,0,0,0,1.22179
1680,1758,2,29,4,4,1,1,2.00621,1.0524,0.332124,1.62395,2,1,4.8,0,0.34,0.24,0.14,0.035,0.04,0.025,0.008,0.004,0.01,0.006,0.035,0.002,1,1,1,13.892,0,0,99.2562,1720,2,0,0,0,0,0.632513
1680,1763,2,29,4,4,1,1,1.87279,1.33958,0.443278,2.14699,2,1,4.8,0,0.34,0.24,0.14,0.035,0.04,0.025,0.008,0.004,0.01,0.006,0.035,0.002,1,1,1,15.3407,0,0,97.1317,1739,2,0,0,0,0,1.27812
1680,1769,2,30,4,4,1,1,1.34671,1.56969,0.427308,0.636585,2,1,4.8,0,0.34,0.24,0.14,0.035,0.04,0.025,0.008,0.004,0.01,0.006,0.035,0.002,1,1,1,11.6512,0,0,93.241,1758,2,0,0,0,0,1.22476
1680,1771,54,28,5,5,1,1,2.09632,1.09236,0.393616,1.49636,2,1,6,0,0.34,0.24,0.14,0.035,0.04,0.025,0.008,0.004,0.01,0.006,0.035,0.002,1,1,1,11.064,0,0,91.2748,1692,2,0,0,0,0,0.866931
1680,1778,2,31,4,4,1,1,1.39981,1.63752,0.375437,-2.66216,2,1,4.8,0,0.34,0.24,0.14,0.035,0.04,0.025,0.008,0.004,0.01,0.006,0.035,0.002,1,1,1,13.5284,0,0,84.868,1695,2,0,0,0,0,0.774276
1680,1781,2,29,4,4,1,1,1.73278,1.48363,0.457185,-2.18181,2,1,4.8,0,0.34,0.24,0.14,0.035,0.04,0.025,0.008,0.004,0.01,0.006,0.035,0.002,1,1,1,13.44,0,0,83.6433,1720,2,0,0,0,0,0.910227
1680,1792,2,31,4,4,1,1,1.92258,1.11251,0.695951,1.37908,2,1,4.8,0,0.34,0.24,0.14,0.035,0.04,0.025,0.008,0.004,0.01,0.006,0.035,0.002,1,1,1,13.2844,0,0,74.104,1761,2,0,0,0,0,0.784485
1680,1801,2,30,4,4,1,1,1.84258,1.20885,0.278389,-1.09086,2,1,4.8,0,0.34,0.24,0.14,0.035,0.04,0.025,0.008,0.004,0.01,0.006,0.035,0.002,1,1,1,10.6853,0,0,65.3978,1797,2,0,0,0,0,0.802868
1680,1807,2,30,4,4,1,1,1.35312,1.67173,0.239048,0.669179,2,1,4.8,0,0.34,0.24,0.14,0.035,0.04,0.025,0.008,0.004,0.01,0.006,0.035,0.002,1,1,1,15.2137,0,0,61.0641,1763,2,0,0,0,0,0.649222
1680,1814,2,29,4,4,1,1,1.24765,1.67595,0.408877,2.69337,2,1,4.8,0,0.34,0.24,0.14,0.035,0.04,0.025,0.008,0.004,0.01,0.006,0.035,0.002,1,1,1,10.2129,0,0,57.5384,1753,2,0,0,0,0,0.80721
1680,1815,2,31,4,4,1,1,2.28876,1.08727,0.836039,1.08833,2,1,4.8,0,0.34,0.24,0.14,0.035,0.04,0.025,0.008,0.004,0.01,0.006,0.035,0.002,1,1,1,12.514,0,0,56.2631,1807,2,0,0,0,0,1.2523
1680,1819,2,31,4,4,1,1,1.32006,1.70714,0.556183,2.5561,2,1,4.8,0,0.34,0.24,0.14,0.035,0.04,0.025,0.008,0.004,0.01,0.006,0.035,0.002,1,1,1,9.8972,0,0,53.4375,1633,2,0,0,0,0,0.6645
1680,1820,2,32,4,4,1,1,1.88693,1.05387,0.452486,1.59461,2,1,4.8,0,0.34,0.24,0.14,0.035,0.04,0.025,0.008,0.004,0.01,0.006,0.035,0.002,1,1,1,14.2771,0,0,53.0541,1778,2,0,0,0,0,0.661576
1680,1823,2,31,4,4,1,1,1.05839,1.92109,0.326607,0.250896,2,1,4.8,0,0.34,0.24,0.14,0.035,0.04,0.025,0.008,0.004,0.01,0.006,0.035,0.002,1,1,1,5.16,0,0,51.8455,1801,2,0,0,0,0,0.661747
1680,1826,2,32,4,4,1,1,1.11334,1.85992,0.513581,-0.180877,2,1,4.8,0,0.34,0.24,0.14,0.035,0.04,0.025,0.008,0.004,0.01,0.006,0.035,0.002,1,1,1,3,0,0,51.2037,1792,2,0,0,0,0,0.936219
1680,1827,2,30,4,4,1,1,1.07213,2.24497,0.230246,-3.00174,2,1,4.8,0,0.34,0.24,0.14,0.035,0.04,0.025,0.008,0.004,0.01,0.006,0.035,0.002,1,1,1,8.16,0,0,50.2452,1763,2,0,0,0,0,0.979436
1680,1828,2,32,4,4,1,1,1.29027,1.73989,0.357176,-0.537843,2,1,4.8,0,0.34,0.24,0.14,0.035,0.04,0.025,0.008,0.004,0.01,0.006,0.035,0.002,1,1,1,1.56,0,0,48.6365,1819,2,0,0,0,0,1.27124
1680,1848,2,31,4,4,1,1,1.51526,1.32022,0.466912,-2.21024,2,1,4.8,0,0.34,0.24,0.14,0.035,0.04,0.025,0.008,0.004,0.01,0.006,0.035,0.002,1,1,1,2.784,0,0,31.6079,1827,2,0,0,0,0,0.793081
1680,1853,2,33,4,4,1,1,1.44418,1.55988,0.19825,0.653754,2,1,4.8,0,0.34,0.24,0.14,0.035,0.04,0.025,0.008,0.004,0.01,0.006,0.035,0.002,1,1,1,4.32,0,0,25.8747,1820,2,0,0,0,0,0.829598
1680,1854,2,31,4,4,1,1,1.2474,1.8015,0.597779,-0.327772,2,1,4.8,0,0.34,0.24,0.14,0.035,0.04,0.025,0.008,0.004,0.01,0.006,0.035,0.002,1,1,1,4.736,0,0,25.808,1807,2,0,0,0,0,0.927101
1680,1857,2,32,4,4,1,1,2.15838,1.07836,0.351518,-1.54452,2,1,4.8,0,0.34,0.24,0.14,0.035,0.04,0.025,0.008,0.004,0.01,0.006,0.035,0.002,1,1,1,3.96,0,0,24.9497,1815,2,0,0,0,0,0.649677
1680,1859,2,30,4,4,1,1,1.15133,2.02742,0.746909,0.565386,2,1,4.8,0,0.34,0.24,0.14,0.035,0.04,0.025,0.008,0.004,0.01,0.006,0.035,0.002,1,1,1,1.224,0,0,24.1497,1781,2,0,0,0,0,1.22721
1680,1863,2,34,4,4,1,1,1.33884,1.60114,0.385271,2.58974,2,1,4.8,0,0.34,0.24,0.14,0.035,0.04,0.025,0.008,0.004,0.01,0.006,0.035,0.002,1,1,1,0.6,0,0,18.2915,1853,2,0,0,0,0,0.744868
1680,1865,2,32,4,4,1,1,1.68851,1.39496,0.48618,0.936875,2,1,4.8,0,0.34,0.24,0.14,0.035,0.04,0.025,0.008,0.004,0.01,0.006,0.035,0.002,1,1,1,1.44,0,0,17.2582,1854,2,0,0,0,0,0.783339
1680,1869,2,31,4,4,1,1,1.23936,1.83666,0.260496,-0.309679,2,1,4.8,0,0.34,0.24,0.14,0.035,0.04,0.025,0.008,0.004,0.01,0.006,0.035,0.002,1,1,1,1.70788,0,0,14.9915,1807,2,0,0,0,0,0.66123
1680,1871,2,31,4,4,1,1,1.61707,1.58424,0.693252,0.886227,2,1,4.8,0,0.34,0.24,0.14,0.035,0.04,0.025,0.008,0.004,0.01,0.006,0.035,0.002,1,1,1,1.0187,0,0,14.5749,1801,2,0,0,0,0,1.03958
1680,1872,2,33,4,4,1,1,1.12957,1.87134,0.387724,-3.0351,2,1,4.8,0,0.34,0.24,0.14,0.035,0.04,0.025,0.008,0.004,0.01,0.006,0.035,0.002,1,1,1,0.24,0,0,14.1999,1820,2,0,0,0,0,0.627177
1680,1873,2,32,4,4,1,1,1.2029,1.96524,0.822497,0.350527,2,1,4.8,0,0.34,0.24,0.14,0.035,0.04,0.025,0.008,0.004,0.01,0.006,0.035,0.002,1,1,1,5.35209,0,0,13.1916,1815,2,0,0,0,0,1.18449
1680,1875,2,30,4,4,1,1,1.28957,1.49852,0.323707,2.79443,2,1,4.8,0,0.34,0.24,0.14,0.035,0.04,0.025,0.008,0.004,0.01,0.006,0.035,0.002,1,1,1,1.73369,0,0,11.2499,1814,2,0,0,0,0,1.1851
1680,1880,2,33,4,4,1,1,1.35777,1.84839,0.552571,0.850368,2,1,4.8,0,0.34,0.24,0.14,0.035,0.04,0.025,0.008,0.004,0.01,0.006,0.035,0.002,1,1,1,0.84,0,0,8.39162,1873,2,0,0,0,0,1.27812
1680,1882,59,32,3,3,1,0,1.04782,1.0471,0.214572,-2.74144,1,1,3.6,0,0.34,0.24,0.14,0.035,0.04,0.025,0.008,0.004,0.01,0.006,0.035,0.002,1,1,1,0,0,0,7.5083,1792,2,0,0,0,0,0.704319
1710,1758,2,29,4,4,1,1,1.07684,2.01288,0.400541,-2.90133,2,1,4.8,0,0.34,0.24,0.14,0.035,0.04,0.025,0.008,0.004,0.01,0.006,0.035,0.002,1,1,1,17.012,0,0,129.249,1720,2,0,0,0,0,0.809584
1710,1763,2,29,4,4,1,1,2.10998,1.05687,0.571135,-1.5303,2,1,4.8,0,0.34,0.24,0.14,0.035,0.04,0.025,0.008,0.004,0.01,0.006,0.035,0.002,1,1,1,22.7087,0,0,127.124,1739,2,0,0,0,0,0.683129
1710,1769,2,30,4,4,1,1,1.33377,1.34411,0.724531,0.817074,2,1,4.8,0,0.34,0.24,0.14,0.035,0.04,0.025,0.008,0.004,0.01,0.006,0.035,0.002,1,1,1,18.4513,0,0,123.234,1758,2,0,0,0,0,1.12486
1710,1771,54,28,5,5,1,1,2.08533,1.21169,0.293578,-1.28,2,1,6,0,0.34,0.24,0.14,0.035,0.04,0.025,0.008,0.004,0.01,0.006,0.035,0.002,1,1,1,18.8857,0,0,121.267,1692,2,0,0,0,0,1.27484
1710,1781,2,29,4,4,1,1,1.6433,1.2753,0.548039,-2.00295,2,1,4.8,0,0.34,0.24,0.14,0.035,0.04,0.025,0.008,0.004,0.01,0.006,0.035,0.002,1,1,1,17.04,0,0,113.636,1720,2,0,0,0,0,0.891136
1710,1792,2,31,4,4,1,1,1.80804,1.09718,0.491302,-2.08821,2,1,4.8,0,0.34,0.24,0.14,0.035,0.04,0.025,0.008,0.004,0.01,0.006,0.035,0.002,1,1,1,19.1644,0,0,104.097,1761,2,0,0,0,0,1.27484
1710,1801,2,30,4,4,1,1,1.35488,1.43105,0.298636,-2.39176,2,1,4.8,0,0.34,0.24,0.14,0.035,0.04,0.025,0.008,0.004,0.01,0.006,0.035,0.002,1,1,1,13.8243,0,0,95.3904,1797,2,0,0,0,0,0.726131
1710,1807,2,30,4,4,1,1,1.70897,1.28533,0.419608,1.17601,2,1,4.8,0,0.34,0.24,0.14,0.035,0.04,0.025,0.008,0.004,0.01,0.006,0.035,0.002,1,1,1,17.0857,0,0,91.0582,1763,2,0,0,0,0,0.940852
1710,1814,2,29,4,4,1,1,1.41184,1.59614,0.508323,0.69151,2,1,4.8,0,0.34,0.24,0.14,0.035,0.04,0.025,0.008,0.004,0.01,0.006,0.035,0.002,1,1,1,12.7729,0,0,87.534,1753,2,0,0,0,0,1.11071
1710,1815,2,31,4,4,1,1,2.16217,1.16035,0.516313,1.27071,2,1,4.8,0,0.34,0.24,0.14,0.035,0.04,0.025,0.008,0.004,0.01,0.006,0.035,0.002,1,1,1,15.2182,0,0,86.2593,1807,2,0,0,0,0,1.03723
1710,1819,2,31,4,4,1,1,1.6429,1.54278,0.459045,-0.780083,2,1,4.8,0,0.34,0.24,0.14,0.035,0.04,0.025,0.008,0.004,0.01,0.006,0.035,0.002,1,1,1,15.0633,0,0,83.435,1633,2,0,0,0,0,0.641875
1710,1820,2,32,4,4,1,1,1.19114,1.83162,0.222327,2.83037,2,1,4.8,0,0.34,0.24,0.14,0.035,0.04,0.025,0.008,0.004,0.01,0.006,0.035,0.002,1,1,1,20.2732,0,0,83.0518,1778,2,0,0,0,0,0.925723
1710,1826,2,32,4,4,1,1,1.9734,1.10291,0.440838,1.84,2,1,4.8,0,0.34,0.24,0.14,0.035,0.04,0.025,0.008,0.004,0.01,0.006,0.035,0.002,1,1,1,6.24,0,0,81.2022,1792,2,0,0,0,0,0.943451
1710,1828,2,32,4,4,1,1,1.55223,1.59986,0.591274,-2.46437,2,1,4.8,0,0.34,0.24,0.14,0.035,0.04,0.025,0.008,0.004,0.01,0.006,0.035,0.002,1,1,1,9.4313,0,0,78.6362,1819,2,0,0,0,0,0.792841
1710,1838,2,31,4,4,1,1,1.28704,1.6182,0.821131,2.77009,2,1,4.8,0,0.34,0.24,0.14,0.035,0.04,0.025,0.008,0.004,0.01,0.006,0.035,0.002,1,1,1,7.30595,0,0,68.3137,1769,2,0,0,0,0,0.67071
1710,1848,2,31,4,4,1,1,2.10877,1.05697,0.656457,-1.53921,2,1,4.8,0,0.34,0.24,0.14,0.035,0.04,0.025,0.008,0.004,0.01,0.006,0.035,0.002,1,1,1,7.05485,0,0,61.6143,1827,2,0,0,0,0,0.683082
1710,1854,2,31,4,4,1,1,1.1267,2.01412,0.314852,-2.88527,2,1,4.8,0,0.34,0.24,0.14,0.035,0.04,0.025,0.008,0.004,0.01,0.006,0.035,0.002,1,1,1,8.54709,0,0,55.813,1807,2,0,0,0,0,0.649789
1710,1857,2,32,4,4,1,1,1.22,1.74671,0.529542,-0.417283,2,1,4.8,0,0.34,0.24,0.14,0.035,0.04,0.025,0.008,0.004,0.01,0.006,0.035,0.002,1,1,1,14.1048,0,0,54.9545,1815,2,0,0,0,0,1.05058
1710,1859,2,30,4,4,1,1,1.59694,1.32539,0.418717,2.26101,2,1,4.8,0,0.34,0.24,0.14,0.035,0.04,0.025,0.008,0.004,0.01,0.006,0.035,0.002,1,1,1,6.456,0,0,54.1543,1781,2,0,0,0,0,0.808795
1710,1862,58,31,5,5,1,2,1.7742,1.88175,0.642451,-1.20584,3,1,6,0,0.34,0.24,0.14,0.035,0.04,0.025,0.008,0.004,0.01,0.006,0.035,0.002,1,1,1,7.97803,0,0,52.1872,1633,2,0,0,0,0,1.27257
1710,1863,2,34,4,4,1,1,1.35286,1.48867,0.451661,2.44538,2,1,4.8,0,0.34,0.24,0.14,0.035,0.04,0.025,0.008,0.004,0.01,0.006,0.035,0.002,1,1,1,6.65538,0,0,48.2947,1853,2,0,0,0,0,0.908459
1710,1865,2,32,4,4,1,1,2.07492,1.05839,0.390217,-1.48793,2,1,4.8,0,0.34,0.24,0.14,0.035,0.04,0.025,0.008,0.004,0.01,0.006,0.035,0.002,1,1,1,4.4412,0,0,47.2612,1854,2,0,0,0,0,0.860903
1710,1871,2,31,4,4,1,1,1.1755,1.57659,0.58161,2.79033,2,1,4.8,0,0.34,0.24,0.14,0.035,0.04,0.025,0.008,0.004,0.01,0.006,0.035,0.002,1,1,1,5.92509,0,0,44.5773,1801,2,0,0,0,0,0.762928
1710,1873,2,32,4,4,1,1,1.12427,1.99133,0.154898,-0.214667,2,1,4.8,0,0.34,0.24,0.14,0.035,0.04,0.025,0.008,0.004,0.01,0.006,0.035,0.002,1,1,1,9.03365,0,0,43.1937,1815,2,0,0,0,0,0.935103
1710,1879,2,33,4,4,1,1,1.04242,1.9885,0.437683,0.182594,2,1,4.8,0,0.34,0.24,0.14,0.035,0.04,0.025,0.008,0.004,0.01,0.006,0.035,0.002,1,1,1,3.96,0,0,39.2845,1857,2,0,0,0,0,1.21051
1710,1880,2,33,3,4,1,0,1.13922,1.25396,0.664913,0.290459,1,1,3.6,0,0.34,0.24,0.14,0.035,0.04,0.025,0.008,0.004,0.01,0.006,0.035,0.002,1,1,1,2.84372,0,0,38.3926,1873,2,0,0,0,0,0.211125
1710,1881,2,30,4,4,1,1,1.22189,2.0327,0.34077,2.92399,2,1,4.8,0,0.34,0.24,0.14,0.035,0.04,0.025,0.008,0.004,0.01,0.006,0.035,0.002,1,1,1,3.984,0,0,37.7675,1763,2,0,0,0,0,0.801392
1710,1884,2,33,4,4,1,1,1.3903,1.56426,0.657595,-0.846951,2,1,4.8,0,0.34,0.24,0.14,0.035,0.04,0.025,0.008,0.004,0.01,0.006,0.035,0.002,1,1,1,7.94401,0,0,35.3586,1828,2,0,0,0,0,0.643968
1710,1888,2,32,5,5,1,1,1.86237,2.31535,0.352943,0.972236,3,1,6,0,0.34,0.24,0.14,0.035,0.04,0.025,0.008,0.004,0.01,0.006,0.035,0.002,1,1,1,4.77695,0,0,32.3747,1815,2,0,0,0,0,2.45718
1710,1891,2,33,4,4,1,1,1.30425,1.80596,0.381231,2.5885,2,1,4.8,0,0.34,0.24,0.14,0.035,0.04,0.025,0.008,0.004,0.01,0.006,0.035,0.002,1,1,1,3.36706,0,0,30.608,1820,2,0,0,0,0,1.16716
1710,1892,2,30,4,4,1,1,1.8802,1.25781,0.450051,-1.18142,2,1,4.8,0,0.34,0.24,0.14,0.035,0.04,0.025,0.008,0.004,0.01,0.006,0.035,0.002,1,1,1,6.21866,0,0,30.433,1814,2,0,0,0,0,1.2346
1710,1895,61,32,3,3,1,0,0.913116,1.09999,0.275822,1.75264,1,1,3.6,0,0.34,0.24,0.14,0.035,0.04,0.025,0.008,0.004,0.01,0.006,0.035,0.002,1,1,1,2.64,0,0,27.8913,1792,2,0,0,0,0,0
1710,1896,2,33,4,4,1,1,1.3229,1.54055,0.404904,2.47496,2,1,4.8,0,0.34,0.24,0.14,0.035,0.04,0.025,0.008,0.004,0.01,0.006,0.035,0.002,1,1,1,4.74533,0,0,27.5747,1873,2,0,0,0,0,0.641627
1710,1903,2,33,4,4,1,1,1.04533,2.18035,0.555059,-2.97387,2,1,4.8,0,0.34,0.24,0.14,0.035,0.04,0.025,0.008,0.004,0.01,0.006,0.035,0.002,1,1,1,2.73328,0,0,17.5332,1857,2,0,0,0,0,0.65923
1710,1906,2,30,4,4,1,1,1.2686,1.72593,0.623471,-0.41513,2,1,4.8,0,0.34,0.24,0.14,0.035,0.04,0.025,0.008,0.004,0.01,0.006,0.035,0.002,1,1,1,0.48,0,0,13.8665,1763,2,0,0,0,0,0.912528
1710,1909,2,33,4,4,1,1,1.13841,2.1199,0.461865,2.87109,2,1,4.8,0,0.34,0.24,0.14,0.035,0.04,0.025,0.008,0.004,0.01,0.006,0.035,0.002,1,1,1,0.48,0,0,13.5332,1828,2,0,0,0,0,0.917558
1710,1917,2,35,4,4,1,1,1.06317,2.00823,0.625432,-0.106953,2,1,4.8,0,0.34,0.24,0.14,0.035,0.04,0.025,0.008,0.004,0.01,0.006,0.035,0.002,1,1,1,1.8,0,0,10.8249,1863,2,0,0,0,0,0.836324
1710,1921,2,34,4,4,1,1,1.0531,2.17016,0.301155,-3.01988,2,1,4.8,0,0.34,0.24,0.14,0.035,0.04,0.025,0.008,0.004,0.01,0.006,0.035,0.002,1,1,1,0.747904,0,0,7.96663,1884,2,0,0,0,0,0.756385
1710,1925,2,33,4,4,1,1,1.34895,1.51629,0.599698,-0.441087,2,1,4.8,0,0.34,0.24,0.14,0.035,0.04,0.025,0.008,0.004,0.01,0.006,0.035,0.002,1,1,1,0.500323,0,0,5.69167,1857,2,0,0,0,0,0.809691
1740,1769,2,30,4,4,1,1,1.52164,1.27928,0.524239,0.946127,2,1,4.8,0,0.34,0.24,0.14,0.035,0.04,0.025,0.008,0.004,0.01,0.006,0.035,0.002,1,1,1,26.8646,0,0,153.226,1758,2,0,0,0,0,0.778598
1740,1771,54,28,5,5,1,1,1.39981,2.04623,0.473829,-2.33384,2,1,6,0,0.34,0.24,0.14,0.035,0.04,0.025,0.008,0.004,0.01,0.006,0.035,0.002,1,1,1,21.8857,0,0,151.26,1692,2,0,0,0,0,0.914444
1740,1781,2,29,4,4,1,1,1.83439,1.16688,0.571369,1.42207,2,1,4.8,0,0.34,0.24,0.14,0.035,0.04,0.025,0.008,0.004,0.01,0.006,0.035,0.002,1,1,1,21.9607,0,0,143.629,1720,2,0,0,0,0,1.27484
1740,1792,2,31,4,4,1,1,1.13157,1.98091,0.554172,3.02288,2,1,4.8,0,0.34,0.24,0.14,0.035,0.04,0.025,0.008,0.004,0.01,0.006,0.035,0.002,1,1,1,23.1244,0,0,134.089,1761,2,0,0,0,0,1.22132
1740,1814,2,29,4,4,1,1,1.50787,1.29358,0.31363,-2.34496,2,1,4.8,0,0.34,0.24,0.14,0.035,0.04,0.025,0.008,0.004,0.01,0.006,0.035,0.002,1,1,1,20.2843,0,0,117.527,1753,2,0,0,0,0,1.27484
1740,1819,2,31,4,4,1,1,1.82932,1.32279,0.330977,1.07029,2,1,4.8,0,0.34,0.24,0.14,0.035,0.04,0.025,0.008,0.004,0.01,0.006,0.035,0.002,1,1,1,21.7833,0,0,113.428,1633,2,0,0,0,0,0.749708
1740,1820,2,32,4,4,1,1,1.05168,2.25498,0.279561,3.13379,2,1,4.8,0,0.34,0.24,0.14,0.035,0.04,0.025,0.008,0.004,0.01,0.006,0.035,0.002,1,1,1,24.4127,0,0,113.044,1778,2,0,0,0,0,1.25755
1740,1838,2,31,4,4,1,1,1.78782,1.25934,0.20314,1.27919,2,1,4.8,0,0.34,0.24,0.14,0.035,0.04,0.025,0.008,0.004,0.01,0.006,0.035,0.002,1,1,1,8.38595,0,0,98.3064,1769,2,0,0,0,0,0
1740,1848,2,31,4,4,1,1,1.25684,1.80767,0.131644,2.71097,2,1,4.8,0,0.34,0.24,0.14,0.035,0.04,0.025,0.008,0.004,0.01,0.006,0.035,0.002,1,1,1,11.3403,0,0,91.608,1827,2,0,0,0,0,0.849799
1740,1857,2,32,4,4,1,1,1.15768,1.97817,0.554589,0.360104,2,1,4.8,0,0.34,0.24,0.14,0.035,0.04,0.025,0.008,0.004,0.01,0.006,0.035,0.002,1,1,1,24.868,0,0,84.9513,1815,2,0,0,0,0,1.24051
1740,1859,2,30,4,4,1,1,1.99702,1.13618,0.318576,2.07802,2,1,4.8,0,0.34,0.24,0.14,0.035,0.04,0.025,0.008,0.004,0.01,0.006,0.035,0.002,1,1,1,9.65489,0,0,84.1515,1781,2,0,0,0,0,0.710225
1740,1862,58,31,2,5,1,0,0.39732,1.41656,0.323275,-1.84425,1,0,2.4,0,0.34,0.24,0.14,0.035,0.04,0.025,0.008,0.004,0.01,0.006,0.035,0.002,1,1,1,4.968,0,0,82.1853,1633,2,0,0,0,0,0
1740,1871,2,31,4,4,1,1,1.34865,1.39898,0.530941,0.849618,2,1,4.8,0,0.34,0.24,0.14,0.035,0.04,0.025,0.008,0.004,0.01,0.006,0.035,0.002,1,1,1,12.4877,0,0,74.5788,1801,2,0,0,0,0,0.851256
1740,1881,2,30,4,4,1,1,2.15094,1.09146,0.642958,-1.82808,2,1,4.8,0,0.34,0.24,0.14,0.035,0.04,0.025,0.008,0.004,0.01,0.006,0.035,0.002,1,1,1,7.16725,0,0,67.7722,1763,2,0,0,0,0,1.19008
1740,1884,2,33,4,4,1,1,1.63367,1.51741,0.0492362,-0.737341,2,1,4.8,0,0.34,0.24,0.14,0.035,0.04,0.025,0.008,0.004,0.01,0.006,0.035,0.002,1,1,1,11.9706,0,0,65.3644,1828,2,0,0,0,0,1.16127
1740,1891,2,33,4,4,1,1,2.42639,1.08126,0.341855,1.73492,2,1,4.8,0,0.34,0.24,0.14,0.035,0.04,0.025,0.008,0.004,0.01,0.006,0.035,0.002,1,1,1,8.44359,0,0,60.614,1820,2,0,0,0,0,0.674638
1740,1892,2,30,4,4,1,1,1.06815,2.25229,0.383095,-2.80669,2,1,4.8,0,0.34,0.24,0.14,0.035,0.04,0.025,0.008,0.004,0.01,0.006,0.035,0.002,1,1,1,9.74552,0,0,60.439,1814,2,0,0,0,0,0.659425
1740,1895,61,32,3,3,1,0,1.11796,0.789426,0.37749,3.01477,1,1,3.6,0,0.34,0.24,0.14,0.035,0.04,0.025,0.008,0.004,0.01,0.006,0.035,0.002,1,1,1,6.85229,0,0,57.8968,1792,2,0,0,0,0,0
1740,1898,2,32,4,4,1,1,1.19497,1.84624,0.708825,2.85727,2,1,4.8,0,0.34,0.24,0.14,0.035,0.04,0.025,0.008,0.004,0.01,0.006,0.035,0.002,1,1,1,5.74997,0,0,51.2454,1871,2,0,0,0,0,0.64389
1740,1901,2,30,4,4,1,1,1.38175,1.51462,0.262377,0.50705,2,1,4.8,0,0.34,0.24,0.14,0.035,0.04,0.025,0.008,0.004,0.01,0.006,0.035,0.002,1,1,1,2.664,0,0,49.1783,1814,2,0,0,0,0,1.08355
1740,1913,61,33,3,3,1,0,1.07534,1.04168,0.0141678,-2.83391,0,1,3.6,1,0.34,0.24,0.14,0.035,0.04,0.025,0.008,0.004,0.01,0.006,0.035,0.002,1,1,1,1.00823,0,0,41.1766,1895,61,0,0,0,0,0
1740,1917,2,35,4,4,1,1,1.4587,1.42572,0.854554,0.758858,2,1,4.8,0,0.34,0.24,0.14,0.035,0.04,0.025,0.008,0.004,0.01,0.006,0.035,0.002,1,1,1,4.32,0,0,40.8265,1863,2,0,0,0,0,0.235482
1740,1925,2,33,4,4,1,1,2.17717,1.10408,0.25078,1.38073,2,1,4.8,0,0.34,0.24,0.14,0.035,0.04,0.025,0.008,0.004,0.01,0.006,0.035,0.002,1,1,1,4.98832,0,0,35.6921,1857,2,0,0,0,0,0.638394
1740,1926,2,32,4,4,1,1,1.1921,1.63035,0.470719,-0.464104,2,1,4.8,0,0.34,0.24,0.14,0.035,0.04,0.025,0.008,0.004,0.01,0.006,0.035,0.002,1,1,1,9.20833,0,0,33.9667,1792,2,0,0,0,0,1.08094
1740,1929,2,31,4,4,1,1,1.05019,1.78986,0.408646,3.12087,2,1,4.8,0,0.34,0.24,0.14,0.035,0.04,0.025,0.008,0.004,0.01,0.006,0.035,0.002,1,1,1,5.64,0,0,30.158,1769,2,0,0,0,0,0.74601
1740,1938,63,33,3,3,1,1,1.77434,1.29952,0.367302,-1.97788,2,0,3.6,0,0.34,0.24,0.14,0.035,0.04,0.025,0.008,0.004,0.01,0.006,0.035,0.002,1,1,1,1.88559,0,0,24.8747,1857,2,0,0,0,0,0.856718
1740,1940,2,34,4,4,1,1,1.05106,1.98426,0.538431,-0.00812642,2,1,4.8,0,0.34,0.24,0.14,0.035,0.04,0.025,0.008,0.004,0.01,0.006,0.035,0.002,1,1,1,5.33094,0,0,24.5247,1884,2,0,0,0,0,1.00515
1740,1945,2,31,5,5,1,1,1.26547,1.9483,0.32285,-0.341128,2,1,6,0,0.34,0.24,0.14,0.035,0.04,0.025,0.008,0.004,0.01,0.006,0.035,0.002,1,1,1,1.3191,0,0,22.2247,1892,2,0,0,0,0,0.629405
1740,1948,2,32,4,4,1,1,1.46503,1.26176,0.204895,-0.815396,2,1,4.8,0,0.34,0.24,0.14,0.035,0.04,0.025,0.008,0.004,0.01,0.006,0.035,0.002,1,1,1,3,0,0,20.5331,1929,2,0,0,0,0,1.15248
1740,1953,2,31,4,4,1,1,1.90193,1.0441,0.52198,-1.52366,2,1,4.8,0,0.34,0.24,0.14,0.035,0.04,0.025,0.008,0.004,0.01,0.006,0.035,0.002,1,1,1,0.482701,0,0,18.8331,1769,2,0,0,0,0,0.823831
1740,1956,2,33,4,4,1,1,1.86795,1.09047,0.476512,1.28129,2,1,4.8,0,0.34,0.24,0.14,0.035,0.04,0.025,0.008,0.004,0.01,0.006,0.035,0.002,1,1,1,1.37948,0,0,16.2915,1926,2,0,0,0,0,0.873772
1740,1958,2,33,4,4,1,1,1.51559,1.30764,0.467985,0.888456,2,1,4.8,0,0.34,0.24,0.14,0.035,0.04,0.025,0.008,0.004,0.01,0.006,0.035,0.002,1,1,1,1.73952,0,0,14.8332,1857,2,0,0,0,0,1.20245
1740,1967,2,35,4,4,1,1,1.33957,2.02937,0.247974,0.245193,2,1,4.8,0,0.34,0.24,0.14,0.035,0.04,0.025,0.008,0.004,0.01,0.006,0.035,0.002,1,1,1,1.10222,0,0,7.9833,1940,2,0,0,0,0,0.727645
1740,1969,2,33,4,4,1,1,2.12545,1.05524,0.512841,-1.50147,2,1,4.8,0,0.34,0.24,0.14,0.035,0.04,0.025,0.008,0.004,0.01,0.006,0.035,0.002,1,1,1,0.48,0,0,7.6333,1898,2,0,0,0,0,0.837584
1770,1769,2,30,4,4,1,1,1.0286,1.9449,0.668602,-2.92773,2,1,4.8,0,0.34,0.24,0.14,0.035,0.04,0.025,0.008,0.004,0.01,0.006,0.035,0.002,1,1,1,33.1046,0,0,183.219,1758,2,0,0,0,0,1.2701
1770,1781,2,29,4,4,1,1,1.14042,1.94573,0.259043,-2.70246,2,1,4.8,0,0.34,0.24,0.14,0.035,0.04,0.025,0.008,0.004,0.01,0.006,0.035,0.002,1,1,1,26.1607,0,0,173.621,1720,2,0,0,0,0,0.730376
1770,1792,2,31,4,4,1,1,1.11383,1.99727,0.110942,2.89937,2,1,4.8,0,0.34,0.24,0.14,0.035,0.04,0.025,0.008,0.004,0.01,0.006,0.035,0.002,1,1,1,28.0022,0,0,164.082,1761,2,0,0,0,0,1.12948
1770,1814,2,29,4,4,1,1,1.92179,1.17017,0.496509,1.84928,2,1,4.8,0,0.34,0.24,0.14,0.035,0.04,0.025,0.008,0.004,0.01,0.006,0.035,0.002,1,1,1,23.2503,0,0,147.519,1753,2,0,0,0,0,0.798327
1770,1820,2,32,4,4,1,1,2.122,1.09183,0.422497,1.74912,2,1,4.8,0,0.34,0.24,0.14,0.035,0.04,0.025,0.008,0.004,0.01,0.006,0.035,0.002,1,1,1,28.3727,0,0,143.037,1778,2,0,0,0,0,0.623087
1770,1857,2,32,4,4,1,1,1.62587,1.30483,0.328985,-2.03922,2,1,4.8,0,0.34,0.24,0.14,0.035,0.04,0.025,0.008,0.004,0.01,0.006,0.035,0.002,1,1,1,31.8536,0,0,114.944,1815,2,0,0,0,0,1.11249
1770,1859,2,30,4,4,1,1,1.30991,1.64341,0.435881,2.83458,2,1,4.8,0,0.34,0.24,0.14,0.035,0.04,0.025,0.008,0.004,0.01,0.006,0.035,0.002,1,1,1,15.2949,0,0,114.144,1781,2,0,0,0,0,0.639467
1770,1891,2,33,4,4,1,1,1.54355,1.45839,0.28657,-0.936174,2,1,4.8,0,0.34,0.24,0.14,0.035,0.04,0.025,0.008,0.004,0.01,0.006,0.035,0.002,1,1,1,11.8315,0,0,90.6083,1820,2,0,0,0,0,0.996421
1770,1892,2,30,4,4,1,1,1.57891,1.31773,0.519097,0.981114,2,1,4.8,0,0.34,0.24,0.14,0.035,0.04,0.025,0.008,0.004,0.01,0.006,0.035,0.002,1,1,1,16.4655,0,0,90.4333,1814,2,0,0,0,0,1.15028
1770,1901,2,30,4,4,1,1,1.29585,1.78926,0.312712,-0.310412,2,1,4.8,0,0.34,0.24,0.14,0.035,0.04,0.025,0.008,0.004,0.01,0.006,0.035,0.002,1,1,1,6.66414,0,0,79.1777,1814,2,0,0,0,0,1.07954
1770,1912,2,31,4,4,1,1,1.63158,1.32444,0.0833474,-2.01962,2,1,4.8,0,0.34,0.24,0.14,0.035,0.04,0.025,0.008,0.004,0.01,0.006,0.035,0.002,1,1,1,7.96111,0,0,71.9128,1859,2,0,0,0,0,0.762919
1770,1923,2,33,4,4,1,1,2.13674,1.05776,0.503604,1.59239,2,1,4.8,0,0.34,0.24,0.14,0.035,0.04,0.025,0.008,0.004,0.01,0.006,0.035,0.002,1,1,1,5.22374,0,0,66.6891,1820,2,0,0,0,0,1.09119
1770,1925,2,33,4,4,1,1,2.26282,1.07291,0.556529,1.46825,2,1,4.8,0,0.34,0.24,0.14,0.035,0.04,0.025,0.008,0.004,0.01,0.006,0.035,0.002,1,1,1,11.6664,0,0,65.6977,1857,2,0,0,0,0,0.919119
1770,1926,2,32,4,4,1,1,1.6573,1.24376,0.254236,-1.36657,2,1,4.8,0,0.34,0.24,0.14,0.035,0.04,0.025,0.008,0.004,0.01,0.006,0.035,0.002,1,1,1,13.6214,0,0,63.9731,1792,2,0,0,0,0,0.658784
1770,1938,63,33,3,3,1,1,1.78153,1.23835,0.607718,-2.71817,2,0,3.6,0,0.34,0.24,0.14,0.035,0.04,0.025,0.008,0.004,0.01,0.006,0.035,0.002,1,1,1,3.92278,0,0,54.8795,1857,2,0,0,0,0,0.856718
1770,1955,2,34,4,4,1,1,1.44182,1.24411,0.454109,-1.6432,2,1,4.8,0,0.34,0.24,0.14,0.035,0.04,0.025,0.008,0.004,0.01,0.006,0.035,0.002,1,1,1,9.144,0,0,48.0947,1925,2,0,0,0,0,1.0359
1770,1956,2,33,4,4,1,1,1.3608,1.66721,0.0604092,-0.788258,2,1,4.8,0,0.34,0.24,0.14,0.035,0.04,0.025,0.008,0.004,0.01,0.006,0.035,0.002,1,1,1,5.63527,0,0,46.2943,1926,2,0,0,0,0,0.671647
1770,1958,2,33,4,4,1,1,1.05054,1.95001,0.453975,-3.07779,2,1,4.8,0,0.34,0.24,0.14,0.035,0.04,0.025,0.008,0.004,0.01,0.006,0.035,0.002,1,1,1,4.59445,0,0,44.8357,1857,2,0,0,0,0,0.709315
1770,1967,2,35,4,4,1,1,1.53591,1.85614,0.446633,0.617298,2,1,4.8,0,0.34,0.24,0.14,0.035,0.04,0.025,0.008,0.004,0.01,0.006,0.035,0.002,1,1,1,6.29701,0,0,37.9842,1940,2,0,0,0,0,0.700102
1770,1969,2,33,4,4,1,1,1.14458,1.83079,0.56535,-2.83604,2,1,4.8,0,0.34,0.24,0.14,0.035,0.04,0.025,0.008,0.004,0.01,0.006,0.035,0.002,1,1,1,5.16,0,0,37.6341,1898,2,0,0,0,0,0.857037
1770,1975,2,33,4,4,1,1,1.05502,1.98265,0.639184,-3.12241,2,1,4.8,0,0.34,0.24,0.14,0.035,0.04,0.025,0.008,0.004,0.01,0.006,0.035,0.002,1,1,1,4.99601,0,0,33.8083,1857,2,0,0,0,0,1.24588
1770,1976,2,36,4,4,1,1,1.41239,3.02795,0.451276,-0.178415,2,0,4.8,0,0.34,0.24,0.14,0.035,0.04,0.025,0.008,0.004,0.01,0.006,0.035,0.002,1,1,1,2.53206,0,0,33.0832,1967,2,0,0,0,0,0.663812
1770,1982,65,31,5,5,1,1,1.33984,0.813416,0.176944,2.29,2,1,6,0,0.34,0.24,0.14,0.035,0.04,0.025,0.008,0.004,0.01,0.006,0.035,0.002,1,1,1,2.76,0,0,29.483,1769,2,0,0,0,0,1.16001
1770,1987,2,34,4,4,1,1,1.64998,1.28686,0.455588,-2.06457,2,1,4.8,0,0.34,0.24,0.14,0.035,0.04,0.025,0.008,0.004,0.01,0.006,0.035,0.002,1,1,1,1.44,0,0,25.9497,1969,2,0,0,0,0,0.892647
1770,1990,2,33,4,4,1,1,1.11355,1.94326,0.597772,0.205994,2,1,4.8,0,0.34,0.24,0.14,0.035,0.04,0.025,0.008,0.004,0.01,0.006,0.035,0.002,1,1,1,6.36,0,0,23.2664,1926,2,0,0,0,0,1.21943
1770,1992,2,33,4,4,1,1,1.96694,1.08713,0.495609,-1.5953,2,1,4.8,0,0.34,0.24,0.14,0.035,0.04,0.025,0.008,0.004,0.01,0.006,0.035,0.002,1,1,1,4.11371,0,0,22.9914,1857,2,0,0,0,0,0.657315
1770,1994,2,34,4,4,1,1,1.31624,1.68623,0.569875,-0.372038,2,1,4.8,0,0.34,0.24,0.14,0.035,0.04,0.025,0.008,0.004,0.01,0.006,0.035,0.002,1,1,1,5.43889,0,0,20.3414,1975,2,0,0,0,0,1.13088
1770,1995,2,35,4,4,1,1,1.24129,1.93862,0.46057,-3.02083,2,1,4.8,0,0.34,0.24,0.14,0.035,0.04,0.025,0.008,0.004,0.01,0.006,0.035,0.002,1,1,1,0.96,0,0,18.2081,1955,2,0,0,0,0,0.912184
1770,2001,2,34,4,4,1,1,1.7371,1.20637,0.641917,0.982987,2,1,4.8,0,0.34,0.24,0.14,0.035,0.04,0.025,0.008,0.004,0.01,0.006,0.035,0.002,1,1,1,0.48,0,0,16.0165,1990,2,0,0,0,0,0.643365
1770,2002,2,35,4,4,1,1,1.3179,1.41838,0.264523,-0.928204,2,1,4.8,0,0.34,0.24,0.14,0.035,0.04,0.025,0.008,0.004,0.01,0.006,0.035,0.002,1,1,1,2.27118,0,0,15.4582,1994,2,0,0,0,0,0.643982
1770,2003,2,32,4,4,1,1,1.04965,2.09536,0.153955,0.573041,2,0,4.8,0,0.34,0.24,0.14,0.035,0.04,0.025,0.008,0.004,0.01,0.006,0.035,0.002,1,1,1,2.52,0,0,14.7165,1912,2,0,0,0,0,0.659842
1770,2004,2,31,4,4,1,1,1.27886,1.84853,0.447436,0.439281,2,1,4.8,0,0.34,0.24,0.14,0.035,0.04,0.025,0.008,0.004,0.01,0.006,0.035,0.002,1,1,1,1.92,0,0,13.4665,1892,2,0,0,0,0,0.773914
1799.99,1769,2,30,4,4,1,1,1.23663,1.77217,0.528091,-0.38783,2,1,4.8,0,0.34,0.24,0.14,0.035,0.04,0.025,0.008,0.004,0.01,0.006,0.035,0.002,1,1,1,39.3142,0,0,213.203,1758,2,0,0,0,0,0.815567
1799.99,1792,2,31,4,4,1,1,1.87204,1.11203,0.0401917,1.43392,2,1,4.8,0,0.34,0.24,0.14,0.035,0.04,0.025,0.008,0.004,0.01,0.006,0.035,0.002,1,1,1,35.9959,0,0,194.066,1761,2,0,0,0,0,1.27127
1799.99,1820,2,32,4,4,1,1,2.03649,1.12836,0.534059,-1.39367,2,1,4.8,0,0.34,0.24,0.14,0.035,0.04,0.025,0.008,0.004,0.01,0.006,0.035,0.002,1,1,1,33.4367,0,0,173.021,1778,2,0,0,0,0,1.02371
1799.99,1857,2,32,4,4,1,1,1.79476,1.3353,0.458848,2.12691,2,1,4.8,0,0.34,0.24,0.14,0.035,0.04,0.025,0.008,0.004,0.01,0.006,0.035,0.002,1,1,1,35.8705,0,0,144.928,1815,2,0,0,0,0,0.869185
1799.99,1892,2,30,2,4,1,0,0.969566,0.390693,0.348211,-0.383052,0,1,2.4,0,0.34,0.24,0.14,0.035,0.04,0.025,0.008,0.004,0.01,0.006,0.035,0.002,1,1,1,10.2438,0,0,120.418,1814,2,0,0,0,0,0
1799.99,1901,2,30,4,4,1,1,1.06216,2.14137,0.214034,2.98092,2,1,4.8,0,0.34,0.24,0.14,0.035,0.04,0.025,0.008,0.004,0.01,0.006,0.035,0.002,1,1,1,12.1928,0,0,109.162,1814,2,0,0,0,0,0.745573
1799.99,1923,2,33,4,4,1,1,1.11738,1.94474,0.127688,-3.059,2,1,4.8,0,0.34,0.24,0.14,0.035,0.04,0.025,0.008,0.004,0.01,0.006,0.035,0.002,1,1,1,11.1037,0,0,96.6735,1820,2,0,0,0,0,1.04308
1799.99,1925,2,33,4,4,1,1,2.11226,1.14025,0.533172,-1.75101,2,1,4.8,0,0.34,0.24,0.14,0.035,0.04,0.025,0.008,0.004,0.01,0.006,0.035,0.002,1,1,1,18.4288,0,0,95.682,1857,2,0,0,0,0,0.918537
1799.99,1926,2,32,4,4,1,1,1.20303,1.50296,0.287529,-0.667929,2,1,4.8,0,0.34,0.24,0.14,0.035,0.04,0.025,0.008,0.004,0.01,0.006,0.035,0.002,1,1,1,16.2615,0,0,93.9575,1792,2,0,0,0,0,0
1799.99,1955,2,34,4,4,1,1,1.40537,1.58594,0.581854,2.41688,2,1,4.8,0,0.34,0.24,0.14,0.035,0.04,0.025,0.008,0.004,0.01,0.006,0.035,0.002,1,1,1,12.4322,0,0,78.0863,1925,2,0,0,0,0,1.20035
1799.99,1958,2,33,4,4,1,1,1.1114,1.91301,0.349296,-2.98981,2,1,4.8,0,0.34,0.24,0.14,0.035,0.04,0.025,0.008,0.004,0.01,0.006,0.035,0.002,1,1,1,13.5845,0,0,74.8288,1857,2,0,0,0,0,0.658076
1799.99,1963,2,31,4,4,1,1,1.32709,1.5198,0.469934,2.51279,2,1,4.8,0,0.34,0.24,0.14,0.035,0.04,0.025,0.008,0.004,0.01,0.006,0.035,0.002,1,1,1,2.31937,0,0,71.8129,1901,2,0,0,0,0,0.644224
1799.99,1967,2,35,4,4,1,1,2.10076,1.22925,0.205164,1.31006,2,1,4.8,0,0.34,0.24,0.14,0.035,0.04,0.025,0.008,0.004,0.01,0.006,0.035,0.002,1,1,1,10.3371,0,0,67.9805,1940,2,0,0,0,0,0.649071
1799.99,1971,2,34,4,4,1,1,1.67792,1.41343,0.34425,-0.824104,2,1,4.8,0,0.34,0.24,0.14,0.035,0.04,0.025,0.008,0.004,0.01,0.006,0.035,0.002,1,1,1,1.92,0,0,64.7479,1958,2,0,0,0,0,1.03285
1799.99,1975,2,33,4,4,1,1,1.85953,1.28622,0.888357,-1.09412,2,1,4.8,0,0.34,0.24,0.14,0.035,0.04,0.025,0.008,0.004,0.01,0.006,0.035,0.002,1,1,1,15.1571,0,0,63.8064,1857,2,0,0,0,0,1.28144
1799.99,1982,65,31,5,5,1,1,0.984697,1.32593,0.385192,2.02855,2,1,6,0,0.34,0.24,0.14,0.035,0.04,0.025,0.008,0.004,0.01,0.006,0.035,0.002,1,1,1,5.64,0,0,59.4805,1769,2,0,0,0,0,1.27484
1799.99,1990,2,33,4,4,1,1,1.65766,1.1605,0.495297,-2.02196,2,1,4.8,0,0.34,0.24,0.14,0.035,0.04,0.025,0.008,0.004,0.01,0.006,0.035,0.002,1,1,1,16.2998,0,0,53.2625,1926,2,0,0,0,0,0.710155
1799.99,1992,2,33,4,4,1,1,1.44999,1.74149,0.473508,-2.35032,2,1,4.8,0,0.34,0.24,0.14,0.035,0.04,0.025,0.008,0.004,0.01,0.006,0.035,0.002,1,1,1,10.3458,0,0,52.9874,1857,2,0,0,0,0,1.23403
1799.99,1994,2,34,4,4,1,1,1.52163,1.43159,0.492528,2.32685,2,1,4.8,0,0.34,0.24,0.14,0.035,0.04,0.025,0.008,0.004,0.01,0.006,0.035,0.002,1,1,1,8.29568,0,0,50.3368,1975,2,0,0,0,0,0.725278
1799.99,1995,2,35,4,4,1,1,1.58508,1.34831,0.336023,-2.30339,2,1,4.8,0,0.34,0.24,0.14,0.035,0.04,0.025,0.008,0.004,0.01,0.006,0.035,0.002,1,1,1,5.6642,0,0,48.2031,1955,2,0,0,0,0,0.648423
1799.99,2002,2,35,4,4,1,1,1.51168,1.33158,0.453009,0.910668,2,1,4.8,0,0.34,0.24,0.14,0.035,0.04,0.025,0.008,0.004,0.01,0.006,0.035,0.002,1,1,1,9.74058,0,0,45.4525,1994,2,0,0,0,0,1.24469
1799.99,2003,2,32,4,4,1,1,1.32447,1.58902,0.343462,2.63015,2,0,4.8,0,0.34,0.24,0.14,0.035,0.04,0.025,0.008,0.004,0.01,0.006,0.035,0.002,1,1,1,8.76,0,0,44.7106,1912,2,0,0,0,0,0.659842
1799.99,2004,2,31,4,4,1,1,1.76339,1.0723,0.579678,-1.6356,2,1,4.8,0,0.34,0.24,0.14,0.035,0.04,0.025,0.008,0.004,0.01,0.006,0.035,0.002,1,1,1,9.48,0,0,43.4604,1892,2,0,0,0,0,0.65151
1799.99,2005,2,33,5,5,1,1,1.5261,2.12741,0.526725,0.219876,2,2,6,0,0.34,0.24,0.14,0.035,0.04,0.025,0.008,0.004,0.01,0.006,0.035,0.002,1,1,1,5.54932,0,0,42.1684,1857,2,0,0,0,0,1.54669
1799.99,2006,2,34,4,4,1,1,2.21009,1.07635,0.511691,1.38636,2,1,4.8,0,0.34,0.24,0.14,0.035,0.04,0.025,0.008,0.004,0.01,0.006,0.035,0.002,1,1,1,3.768,0,0,42.1351,1925,2,0,0,0,0,0.963903
1799.99,2010,2,36,4,4,1,1,2.01116,1.22963,0.740853,-1.20743,2,1,4.8,0,0.34,0.24,0.14,0.035,0.04,0.025,0.008,0.004,0.01,0.006,0.035,0.002,1,1,1,3.52857,0,0,39.2428,2002,2,0,0,0,0,0.804621
1799.99,2017,2,32,4,4,1,1,1.83408,1.31183,0.271755,-1.08575,2,1,4.8,0,0.34,0.24,0.14,0.035,0.04,0.025,0.008,0.004,0.01,0.006,0.035,0.002,1,1,1,3.48,0,0,36.4839,2004,2,0,0,0,0,0.688048
1799.99,2018,2,33,4,4,1,1,1.39787,1.6425,0.539175,2.64302,2,0,4.8,0,0.34,0.24,0.14,0.035,0.04,0.025,0.008,0.004,0.01,0.006,0.035,0.002,1,1,1,3.792,0,0,35.292,2003,2,0,0,0,0,0.635815
1799.99,2022,2,35,4,4,1,1,2.03401,1.25803,0.292027,-1.31102,2,1,4.8,0,0.34,0.24,0.14,0.035,0.04,0.025,0.008,0.004,0.01,0.006,0.035,0.002,1,1,1,2.90145,0,0,32.333,1955,2,0,0,0,0,0.890525
1799.99,2028,2,31,4,4,1,1,1.51253,1.35435,0.395409,-2.03233,2,1,4.8,0,0.34,0.24,0.14,0.035,0.04,0.025,0.008,0.004,0.01,0.006,0.035,0.002,1,1,1,3.288,0,0,27.483,1769,2,0,0,0,0,0.653966
1799.99,2029,2,34,4,4,1,1,1.31205,1.6034,0.335379,-0.543713,2,1,4.8,0,0.34,0.24,0.14,0.035,0.04,0.025,0.008,0.004,0.01,0.006,0.035,0.002,1,1,1,2.50352,0,0,27.283,1975,2,0,0,0,0,0.655219
1799.99,2037,2,34,4,4,1,1,1.05148,2.02322,0.514665,-2.89948,2,1,4.8,0,0.34,0.24,0.14,0.035,0.04,0.025,0.008,0.004,0.01,0.006,0.035,0.002,1,1,1,4.00916,0,0,22.3331,1992,2,0,0,0,0,1.28144
1799.99,2038,2,34,4,4,1,1,1.53996,1.35145,0.112775,-2.1716,2,1,4.8,0,0.34,0.24,0.14,0.035,0.04,0.025,0.008,0.004,0.01,0.006,0.035,0.002,1,1,1,0.864,0,0,21.6248,1923,2,0,0,0,0,0.661603
1799.99,2041,2,32,4,4,1,1,1.32068,1.52461,0.460749,-0.610538,2,1,4.8,0,0.34,0.24,0.14,0.035,0.04,0.025,0.008,0.004,0.01,0.006,0.035,0.002,1,1,1,2.52,0,0,20.9331,2004,2,0,0,0,0,0.864749
1799.99,2042,2,34,4,4,1,1,1.67731,1.16154,0.453159,-2.05644,2,1,4.8,0,0.34,0.24,0.14,0.035,0.04,0.025,0.008,0.004,0.01,0.006,0.035,0.002,1,1,1,3.48,0,0,19.9748,1990,2,0,0,0,0,0.660698
1799.99,2051,2,32,4,4,1,1,1.12365,2.03443,0.397925,-0.250549,2,1,4.8,0,0.34,0.24,0.14,0.035,0.04,0.025,0.008,0.004,0.01,0.006,0.035,0.002,1,1,1,2.12268,0,0,12.9832,1792,2,0,0,0,0,0.662309
1799.99,2052,2,34,4,4,1,1,1.52331,1.54729,0.347785,-0.865235,2,1,4.8,0,0.34,0.24,0.14,0.035,0.04,0.025,0.008,0.004,0.01,0.006,0.035,0.002,1,1,1,1.02381,0,0,10.5166,1925,2,0,0,0,0,0.826338
1799.99,2053,2,34,4,4,1,1,1.4046,1.58903,0.29405,0.633074,2,0,4.8,0,0.34,0.24,0.14,0.035,0.04,0.025,0.008,0.004,0.01,0.006,0.035,0.002,1,1,1,0,0,0,9.32494,1975,2,0,1,0,0,0.646108
1799.99,2054,2,34,4,4,1,1,1.89194,1.30734,0.204017,-2.08485,2,1,4.8,0,0.34,0.24,0.14,0.035,0.04,0.025,0.008,0.004,0.01,0.006,0.035,0.002,1,1,1,2.04,0,0,8.98328,1990,2,0,0,0,0,0.817973
