seconds,id,lineage,generation,cell,parent,x,y,role,vx,vy,hue,mature
0,0,1,0,0,-1,-12.7899,-9.84065,1,0,0,0.7,1
0,0,1,0,1,0,-11.9832,-9.69385,8,0,0,0.7,1
0,0,1,0,2,0,-13.3204,-9.21553,8,0,0,0.7,1
0,0,1,0,3,0,-12.9762,-10.524,8,0,0,0.7,1
0,0,1,0,4,1,-11.2453,-9.55958,0,0,0,0.7,1
0,1,2,0,0,-1,10.5528,-8.08745,1,0,0,0.09,1
0,1,2,0,1,0,11.3467,-8.76699,4,0,0,0.09,1
0,1,2,0,2,1,11.2078,-7.37454,3,0,0,0.09,1
0,1,2,0,3,1,10.0344,-8.74664,3,0,0,0.09,1
0,2,3,0,0,-1,-9.73679,9.71455,1,0,0,0.34,1
0,2,3,0,1,0,-10.5059,10.351,4,0,0,0.34,1
0,2,3,0,2,1,-10.408,9.04223,3,0,0,0.34,1
0,2,3,0,3,1,-9.19846,10.2368,3,0,0,0.34,1
0,2,3,0,4,0,-8.8584,8.82521,0,0,0,0.34,1
0,2,3,0,5,4,-8.17922,7.73911,0,0,0,0.34,1
0,2,3,0,6,5,-7.10162,7.04653,0,0,0,0.34,1
0,2,3,0,7,6,-6.42244,5.96042,0,0,0,0.34,1
0,2,3,0,8,7,-5.28228,5.26919,0,0,0,0.34,1
0,3,4,0,0,-1,1.33439,4.49413,1,0,0,0.57,1
0,3,4,0,1,0,2.23477,5.12605,8,0,0,0.57,1
0,3,4,0,2,1,3.09812,5.60615,3,0,0,0.57,1
0,3,4,0,3,0,0.336949,4.95792,8,0,0,0.57,1
0,3,4,0,4,3,-0.510501,5.46555,3,0,0,0.57,1
0,3,4,0,5,0,1.43146,3.39842,8,0,0,0.57,1
0,3,4,0,6,5,1.41557,2.4107,3,0,0,0.57,1
30,0,1,0,0,-1,-12.7092,-9.9549,1,0.132037,-0.0304065,0.7,1
30,0,1,0,1,0,-11.9244,-10.0502,8,0.0184369,-0.095946,0.7,1
30,0,1,0,2,0,-12.8826,-9.18716,8,0.346971,-0.280558,0.7,1
30,0,1,0,3,0,-13.0856,-10.565,8,-0.0325866,0.224767,0.7,1
30,0,1,0,4,1,-11.1926,-10.0923,0,-0.0511794,-0.133478,0.7,1
30,1,2,0,0,-1,9.73438,-10.068,1,-0.399427,-0.396683,0.09,1
30,1,2,0,1,0,9.22007,-10.9636,4,-0.153762,-0.531597,0.09,1
30,1,2,0,2,1,10.5732,-10.4951,3,-0.275632,-0.162934,0.09,1
30,1,2,0,3,1,8.87572,-9.70486,3,-0.456671,-0.617949,0.09,1
30,2,3,0,0,-1,-2.33337,9.09382,1,0.291284,0.729851,0.34,1
30,2,3,0,1,0,-1.4275,9.6177,4,0.0664252,1.09966,0.34,1
30,2,3,0,2,1,-2.67313,10.0059,3,-0.0525971,0.658691,0.34,1
30,2,3,0,3,1,-1.36135,8.31775,3,0.6077,1.13296,0.34,1
30,2,3,0,4,0,-3.59513,8.83295,0,0.417902,0.194046,0.34,1
30,2,3,0,5,4,-5.00542,8.7839,0,0.436205,-0.00602513,0.34,1
30,2,3,0,6,5,-6.08435,8.00265,0,0.315361,-0.142128,0.34,1
30,2,3,0,7,6,-7.14479,7.26217,0,0.126263,-0.00390589,0.34,1
30,2,3,0,8,7,-7.36772,5.93869,0,-0.228106,0.0338483,0.34,1
30,3,4,0,0,-1,3.78974,7.73546,1,-0.0231373,0.0528232,0.57,1
30,3,4,0,1,0,3.40001,6.60984,8,0.296306,-0.0837513,0.57,1
30,3,4,0,2,1,3.14254,5.66589,3,0.615829,-0.27181,0.57,1
30,3,4,0,3,0,4.88926,7.96435,8,-0.0681287,0.6073,0.57,1
30,3,4,0,4,3,5.88283,8.06166,3,-0.0991035,1.08801,0.57,1
30,3,4,0,5,0,3.05319,8.62655,8,-0.263285,-0.00608533,0.57,1
30,3,4,0,6,5,2.42733,9.40157,3,-0.696629,-0.295407,0.57,1
30,4,1,1,0,-1,-12.6626,-8.80078,1,-0.124343,0.153711,0.699,1
30,4,1,1,1,0,-12.7662,-7.98318,2,0.0666006,0.00653046,0.699,1
30,4,1,1,2,0,-13.3662,-9.36683,8,-0.105594,0.25027,0.699,1
30,4,1,1,3,0,-12.0067,-9.1006,8,-0.241987,0.0761466,0.699,1
30,4,1,1,4,1,-12.8618,-7.23156,0,0.10021,-0.101807,0.699,1
30,5,2,1,0,-1,12.5651,-6.92528,1,0.477224,-0.289388,0.089,1
30,5,2,1,1,0,13.3697,-7.43823,4,0.440945,-0.315551,0.089,1
30,5,2,1,2,1,13.3395,-6.00927,3,0.306599,-0.309478,0.089,1
30,5,2,1,3,1,12.0863,-7.61372,3,0.425413,-0.242168,0.089,1
30,6,3,1,0,-1,-12.3446,5.90625,1,0.101269,-0.117239,0.339,1
30,6,3,1,1,0,-13.4024,5.70508,4,0.161211,-0.0749553,0.339,1
30,6,3,1,2,1,-12.7517,4.60386,3,0.515473,0.121432,0.339,1
30,6,3,1,3,1,-13.0277,6.98645,3,0.243898,-0.0438667,0.339,1
30,6,3,1,4,0,-11.2557,6.49222,0,0.206749,-0.232609,0.339,1
30,6,3,1,5,4,-10.2741,7.35006,0,0.0542562,-0.342664,0.339,1
30,6,3,1,6,5,-10.1129,8.59779,0,0.0803388,-0.232045,0.339,1
30,6,3,1,7,6,-9.39995,9.59641,0,0.0152837,-0.0555421,0.339,1
30,6,3,1,8,7,-9.27201,10.8855,0,-0.108043,-0.00104246,0.339,1
30,7,4,1,0,-1,0.74406,1.85816,1,0.521747,-0.0235847,0.571,1
30,7,4,1,1,0,1.82991,2.33302,8,0.162978,0.471017,0.571,1
30,7,4,1,2,1,2.76749,2.68007,3,-0.0285537,0.809278,0.571,1
30,7,4,1,3,0,-0.120811,2.60892,8,0.427011,-0.469523,0.571,1
30,7,4,1,4,3,-0.755187,3.27724,3,0.298713,-0.379773,0.571,1
30,7,4,1,5,0,0.618138,0.683434,8,0.81336,0.0772764,0.571,1
30,7,4,1,6,5,0.502485,-0.309257,3,1.17917,0.0918073,0.571,1
30,8,4,2,0,-1,-0.400774,1.85933,1,-0.230064,-0.264105,0.571,1
30,8,4,2,1,0,-0.463487,0.718716,8,0.03679,-0.335538,0.571,1
30,8,4,2,2,1,-0.734392,-0.219725,3,0.721108,-0.446272,0.571,1
30,8,4,2,3,0,0.560197,2.65192,8,-0.72626,0.022994,0.571,1
30,8,4,2,4,3,1.39393,3.25532,3,-0.889535,0.274812,0.571,1
30,8,4,2,5,0,-1.35073,2.46192,8,-0.159641,0.076825,0.571,1
30,8,4,2,6,5,-1.90023,3.36018,3,-2.80251,-0.92627,0.571,1
30,9,2,2,0,-1,13.3322,-6.72488,1,0.494632,-0.301635,0.09,0
30,10,3,2,0,-1,-11.4567,5.91927,1,-0.0371403,0.0742499,0.338,0
30,10,3,2,1,0,-10.395,5.94122,4,-0.101892,0.389507,0.338,0
30,10,3,2,2,1,-11.0714,7.1055,3,-0.282601,0.306835,0.338,0
30,10,3,2,3,1,-11.1041,4.87633,3,0.265835,0.100964,0.338,0
30,10,3,2,4,0,-12.5685,6.46789,0,-0.204082,-0.252382,0.338,0
30,11,2,1,0,-1,9.94287,-10.8674,1,-0.178052,-0.340816,0.089,0
30,11,2,1,1,0,9.34844,-11.7443,4,0.0878505,-0.519224,0.089,0
30,11,2,1,2,1,10.7386,-11.5703,3,0.0316549,-0.0591401,0.089,0
30,12,4,1,0,-1,3.06462,7.97794,1,-0.0204291,0.175314,0.569,0
30,12,4,1,1,0,1.94978,8.24311,8,-0.0782001,-0.550617,0.569,0
30,12,4,1,2,1,1.07166,8.76624,3,-0.533634,-1.22586,0.569,0
30,12,4,1,3,0,3.63317,7.0153,8,0.0554081,0.439489,0.569,0
30,13,3,1,0,-1,-3.96047,8.0576,1,0.164653,0.164943,0.339,1
30,13,3,1,1,0,-4.24096,9.03782,4,0.375688,0.175469,0.339,1
30,13,3,1,2,1,-5.18739,8.12274,3,0.207235,0.267398,0.339,1
30,13,3,1,3,1,-3.16826,8.21725,3,-0.107115,-0.393794,0.339,1
30,13,3,1,4,0,-3.4746,6.88181,0,0.0192253,0.116695,0.339,1
30,13,3,1,5,4,-2.81246,5.74249,0,-0.0610766,-0.0288091,0.339,1
30,13,3,1,6,5,-1.943,4.77555,0,-0.207951,-0.240718,0.339,1
30,13,3,1,7,6,-0.659423,4.37923,0,-0.244575,-0.453204,0.339,1
60,0,1,0,0,-1,-12.2937,-11.1848,1,0.00112483,0.012832,0.7,1
60,0,1,0,1,0,-11.4702,-11.106,8,-0.0140995,0.00493266,0.7,1
60,0,1,0,2,0,-12.7623,-10.5128,8,-0.0116781,0.00875953,0.7,1
60,0,1,0,3,0,-12.6051,-11.8288,8,0.0280226,0.0168398,0.7,1
60,0,1,0,4,1,-10.7219,-11.0075,0,-0.0178287,-0.0248214,0.7,1
60,1,2,0,0,-1,14.2727,-22.6525,1,-0.591447,0.0384681,0.09,1
60,1,2,0,1,0,13.2555,-22.3702,4,-0.57652,-0.05732,0.09,1
60,1,2,0,2,1,13.8522,-23.648,3,-0.24791,0.0952263,0.09,1
60,1,2,0,3,1,14.3671,-21.6773,3,-0.563215,-0.0402569,0.09,1
60,2,3,0,0,-1,7.21322,8.78717,1,0.141697,-0.18602,0.34,1
60,2,3,0,1,0,8.09836,8.14036,4,0.265418,0.125648,0.34,1
60,2,3,0,2,1,8.11943,9.42701,3,0.318347,0.186868,0.34,1
60,2,3,0,3,1,6.96713,7.53278,3,0.708511,-1.02967,0.34,1
60,2,3,0,4,0,6.47238,9.85424,0,-0.129123,-0.317843,0.34,1
60,2,3,0,5,4,6.10789,11.0646,0,0.0373922,-0.433303,0.34,1
60,2,3,0,6,5,5.15552,11.965,0,0.392216,-0.344986,0.34,1
60,2,3,0,7,6,4.37589,13.0342,0,0.764801,-0.200557,0.34,1
60,2,3,0,8,7,3.1331,13.5882,0,0.817279,-0.180294,0.34,1
60,3,4,0,0,-1,3.64981,7.86096,1,-0.062706,0.170024,0.57,1
60,3,4,0,1,0,2.72004,7.21187,8,0.203502,-0.212715,0.57,1
60,3,4,0,2,1,1.87636,6.67858,3,0.422201,-0.560089,0.57,1
60,3,4,0,3,0,4.68693,7.42386,8,0.117735,0.596049,0.57,1
60,3,4,0,4,3,5.58594,6.97826,3,0.301557,0.96529,0.57,1
60,3,4,0,5,0,3.59743,8.97637,8,-0.522613,0.14918,0.57,1
60,3,4,0,6,5,3.63619,9.97488,3,-0.934676,0.165846,0.57,1
60,4,1,1,0,-1,-13.2757,-7.55387,1,-1.59487e-05,7.68267e-06,0.699,1
60,4,1,1,1,0,-12.8463,-6.85528,2,5.60965e-06,7.10069e-06,0.699,1
60,4,1,1,2,0,-14.0952,-7.5314,8,-3.16748e-05,1.22829e-05,0.699,1
60,4,1,1,3,0,-12.8913,-8.14882,8,8.23495e-06,3.23696e-05,0.699,1
60,4,1,1,4,1,-12.4536,-6.21632,0,1.51701e-05,6.53251e-06,0.699,1
60,5,2,1,0,-1,18.8432,-18.8239,1,0.366262,-0.277467,0.089,1
60,5,2,1,1,0,19.1248,-19.7133,4,0.199361,-0.329951,0.089,1
60,5,2,1,2,1,19.7168,-18.457,3,0.375906,-0.417365,0.089,1
60,5,2,1,3,1,18.0897,-18.9054,3,0.302834,-0.168622,0.089,1
60,6,3,1,0,-1,-11.6966,15.0329,1,-0.255106,0.461084,0.339,1
60,6,3,1,1,0,-12.59,15.591,4,-0.494156,0.151185,0.339,1
60,6,3,1,2,1,-12.5114,14.2892,3,0.239225,0.228067,0.339,1
60,6,3,1,3,1,-11.3442,16.0677,3,-0.758144,0.803184,0.339,1
60,6,3,1,4,0,-10.7329,14.163,0,-0.106227,0.596586,0.339,1
60,6,3,1,5,4,-9.78184,13.1258,0,-0.381938,0.427038,0.339,1
60,6,3,1,6,5,-8.60886,12.4924,0,-0.483821,0.17622,0.339,1
60,6,3,1,7,6,-7.91988,11.3618,0,-0.265051,0.2597,0.339,1
60,6,3,1,8,7,-6.93334,10.4222,0,0.0757438,0.562217,0.339,1
60,7,4,1,0,-1,-1.78276,3.85118,1,0.153007,0.137469,0.571,1
60,7,4,1,1,0,-2.93793,3.55325,8,0.264901,-0.319846,0.571,1
60,7,4,1,2,1,-3.90774,3.30921,3,0.355042,-0.692537,0.571,1
60,7,4,1,3,0,-0.967852,2.97644,8,0.499691,0.447674,0.571,1
60,7,4,1,4,3,-0.318543,2.21397,3,0.802095,0.697919,0.571,1
60,7,4,1,5,0,-1.3649,4.96699,8,-0.312253,0.318911,0.571,1
60,7,4,1,6,5,-0.952683,5.87845,3,-0.709705,0.502375,0.571,1
60,8,4,2,0,-1,1.70136,-0.463277,1,0.145647,0.0271499,0.571,1
60,8,4,2,1,0,1.42301,0.701515,8,-0.386495,-0.0831176,0.571,1
60,8,4,2,2,1,1.2161,1.6841,3,-0.890849,-0.183393,0.571,1
60,8,4,2,3,0,0.900017,-1.35215,8,0.532693,-0.301451,0.571,1
60,8,4,2,4,3,0.215936,-2.0847,3,0.837967,-0.577299,0.571,1
60,8,4,2,5,0,2.79514,-0.92735,8,0.349487,0.444485,0.571,1
60,8,4,2,6,5,3.68092,-1.38602,3,0.532175,0.76247,0.571,1
60,9,2,2,0,-1,20.8027,-13.4685,1,0.245782,-0.141819,0.09,1
60,9,2,2,1,0,21.6651,-13.8254,4,0.231027,-0.176006,0.09,1
60,9,2,2,2,1,21.2586,-12.4562,3,0.274223,-0.162867,0.09,1
60,9,2,2,3,1,20.3963,-14.1694,3,0.218168,-0.125503,0.09,1
60,10,3,2,0,-1,-10.8816,12.3703,1,-0.380708,0.274936,0.338,1
60,10,3,2,1,0,-10.5365,13.3055,4,-0.580019,0.339993,0.338,1
60,10,3,2,2,1,-11.7277,12.759,3,-0.451885,0.0170085,0.338,1
60,10,3,2,4,0,-11.5456,11.3162,0,-0.150827,0.13197,0.338,1
60,10,3,2,5,4,-12.7215,10.8584,0,-0.107654,-0.0374042,0.338,1
60,10,3,2,6,5,-13.8136,10.2337,0,-0.107043,-0.0784798,0.338,1
60,10,3,2,7,6,-15.0726,10.3942,0,-0.120554,-0.0854958,0.338,1
60,10,3,2,8,7,-16.338,10.0065,0,-0.122707,-0.0923896,0.338,1
60,11,2,1,0,-1,13.6874,-11.717,1,0.0120115,0.0176001,0.089,1
60,11,2,1,1,0,12.6245,-12.122,4,-0.380779,-0.286161,0.089,1
60,11,2,1,2,1,13.8855,-12.699,3,-0.538359,-0.295208,0.089,1
60,11,2,1,3,1,13.2053,-10.9727,3,-0.714995,-0.265303,0.089,1
60,12,4,1,0,-1,2.86304,8.01908,1,-0.128025,-0.152935,0.569,0
60,12,4,1,1,0,1.74275,8.02581,8,-0.131442,-0.612426,0.569,0
60,12,4,1,2,1,0.746059,8.11974,3,-0.170585,-1.0211,0.569,0
60,12,4,1,3,0,3.46674,7.07194,8,0.261231,0.0942125,0.569,0
60,14,4,3,0,-1,2.11797,0.239224,1,-0.205437,0.203613,0.57,0
60,14,4,3,1,0,2.4875,1.37227,8,-0.614876,0.33121,0.57,0
60,14,4,3,2,1,2.83937,2.30669,3,-0.909524,0.438744,0.57,0
60,14,4,3,3,0,0.969867,-0.0519401,8,-0.0930803,-0.315555,0.57,0
60,14,4,3,4,3,-0.000284956,-0.279474,3,-0.00407394,-0.75294,0.57,0
60,16,4,2,0,-1,-2.10944,4.60601,1,-0.146963,0.0121248,0.57,0
60,16,4,2,1,0,-1.76714,5.75144,8,-0.644925,0.165504,0.57,0
60,16,4,2,2,1,-1.43694,6.69842,3,-1.05621,0.312785,0.57,0
60,16,4,2,3,0,-3.26777,4.33843,8,-0.0342012,-0.471468,0.57,0
60,16,4,2,4,3,-4.24882,4.15352,3,0.0412434,-0.872202,0.57,0
60,17,2,2,0,-1,15.3133,-10.0569,1,-0.369158,-0.0725648,0.09,1
60,17,2,2,1,0,14.4393,-9.43813,4,-0.03575,0.398029,0.09,1
60,17,2,2,2,1,14.799,-10.7867,3,-0.441993,0.299754,0.09,1
60,17,2,2,3,1,15.7777,-9.27858,3,0.055498,-0.170417,0.09,1
60,18,2,3,0,-1,21.5259,-13.1179,1,0.260877,-0.170524,0.089,0
60,19,2,2,0,-1,16.8007,-19.8576,1,0.157976,-0.144533,0.088,1
60,19,2,2,1,0,17.6747,-20.1908,4,0.0953706,-0.230651,0.088,1
60,19,2,2,2,1,17.2775,-18.8122,3,0.106433,-0.237377,0.088,1
60,19,2,2,3,1,16.4256,-20.5931,3,0.0798773,-0.185978,0.088,1
60,20,1,1,0,-1,-11.8296,-11.859,1,0.00263366,-0.00207415,0.701,0
60,20,1,1,1,0,-12.1781,-12.6085,8,0.00935928,-0.0179139,0.701,0
60,20,1,1,2,0,-11.0135,-11.7991,8,0.0017319,0.00124491,0.701,0
60,21,2,3,0,-1,15.1308,-9.28991,1,0.0552022,0.00158861,0.091,0
60,21,2,3,1,0,14.5073,-10.1513,4,-0.593717,0.47601,0.091,0
60,22,2,1,0,-1,14.7343,-23.3271,1,-0.0795455,0.4179,0.089,0
60,23,5,3,0,-1,17.5076,-19.4839,1,0.233096,-0.175165,0.063,0
60,24,2,2,0,-1,14.4756,-11.442,1,0.0235198,-0.510204,0.089,1
60,24,2,2,1,0,14.6963,-12.466,4,-0.686722,-0.587795,0.089,1
60,24,2,2,2,1,15.8236,-11.6151,3,-0.174169,-1.1183,0.089,1
60,24,2,2,3,1,13.4686,-11.8499,3,-1.24011,-0.962143,0.089,1
60,25,3,1,0,-1,7.18417,9.66906,1,0.184491,-0.300801,0.34,0
60,25,3,1,1,0,6.24524,9.23891,4,0.494998,-1.28788,0.34,0
60,25,3,1,2,1,7.54749,9.16569,3,0.305961,-0.78989,0.34,0
60,27,3,2,0,-1,-11.9507,15.7913,1,-0.433804,0.376236,0.338,0
60,27,3,2,1,0,-12.0968,16.782,4,-0.330351,0.385054,0.338,0
90,0,1,0,0,-1,-11.7614,-10.0572,1,0.0498523,-0.0755095,0.7,1
90,0,1,0,1,0,-11.0191,-9.68228,8,0.112643,-0.0192186,0.7,1
90,0,1,0,2,0,-12.4491,-9.60545,8,0.150767,0.00748988,0.7,1
90,0,1,0,3,0,-11.8774,-10.7645,8,-0.318237,-0.0635747,0.7,1
90,0,1,0,4,1,-10.3656,-9.29503,0,-0.0344608,0.324826,0.7,1
90,1,2,0,0,-1,1.80943,-16.9135,1,-0.658834,0.239474,0.09,1
90,1,2,0,1,0,0.761914,-17.1565,4,-0.469098,-0.386052,0.09,1
90,1,2,0,2,1,1.86851,-18.0186,3,0.0756918,0.273153,0.09,1
90,1,2,0,3,1,1.43352,-16.0392,3,-1.33908,0.212428,0.09,1
90,2,3,0,0,-1,7.87959,11.2331,1,-0.371795,-0.384249,0.34,1
90,2,3,0,1,0,6.80331,11.4425,4,-0.440836,-0.728546,0.34,1
90,2,3,0,2,1,7.20683,10.2399,3,-0.0186863,-0.602779,0.34,1
90,2,3,0,3,1,7.60395,12.4464,3,-0.573544,-0.648604,0.34,1
90,2,3,0,4,0,9.16065,11.1169,0,-0.33347,-0.161949,0.34,1
90,2,3,0,5,4,10.5161,10.9179,0,-0.258048,-0.00983336,0.34,1
90,2,3,0,6,5,11.6751,11.3764,0,-0.346911,0.23383,0.34,1
90,2,3,0,7,6,12.8878,11.6311,0,-0.358003,0.218922,0.34,1
90,2,3,0,8,7,13.6155,12.7264,0,-0.175015,0.0809448,0.34,1
90,3,4,0,0,-1,3.06966,8.51116,1,-0.130306,0.215925,0.57,1
90,3,4,0,1,0,2.13738,9.08849,8,-0.270207,0.0261349,0.57,1
90,3,4,0,2,1,1.30833,9.6067,3,-0.37003,-0.115696,0.57,1
90,3,4,0,3,0,2.60019,7.51758,8,0.296759,-0.0277278,0.57,1
90,3,4,0,4,3,1.96468,6.7629,3,0.588668,-0.298051,0.57,1
90,3,4,0,5,0,3.92619,9.20886,8,-0.328778,0.439672,0.57,1
90,3,4,0,6,5,4.693,9.83305,3,-0.465205,0.592869,0.57,1
90,4,1,1,0,-1,-13.1989,-7.40333,1,-0.00173712,0.00474339,0.699,1
90,4,1,1,1,0,-12.8377,-6.66691,2,-0.000622257,0.00375028,0.699,1
90,4,1,1,2,0,-14.0199,-7.44375,8,-0.00157783,0.00690622,0.699,1
90,4,1,1,3,0,-12.7478,-7.95177,8,-0.00210658,0.00443991,0.699,1
90,4,1,1,4,1,-12.5068,-5.99366,0,0.000616988,0.00287857,0.699,1
90,6,3,1,0,-1,-8.48254,19.2757,1,0.0993155,-0.440215,0.339,1
90,6,3,1,1,0,-7.96785,18.3917,4,-0.0994078,-0.54457,0.339,1
90,6,3,1,2,1,-7.33695,19.5187,3,0.275946,-0.740371,0.339,1
90,6,3,1,3,1,-9.18638,18.8975,3,0.0114228,-0.263402,0.339,1
90,6,3,1,4,0,-9.25707,20.2827,0,0.20818,-0.367483,0.339,1
90,6,3,1,5,4,-10.2426,21.1634,0,0.235951,-0.293728,0.339,1
90,6,3,1,6,5,-11.5448,21.0857,0,0.193964,-0.0534534,0.339,1
90,6,3,1,7,6,-12.8381,21.1395,0,0.190809,0.206235,0.339,1
90,6,3,1,8,7,-13.9694,20.4098,0,0.0442664,0.424784,0.339,1
90,7,4,1,0,-1,-2.08244,0.827724,1,0.215658,-0.143075,0.571,1
90,7,4,1,1,0,-1.28607,-0.0309029,8,0.356313,0.0175181,0.571,1
90,7,4,1,2,1,-0.608436,-0.749275,3,0.491455,0.160977,0.571,1
90,7,4,1,3,0,-1.51556,1.85712,8,0.1061,-0.100268,0.571,1
90,7,4,1,4,3,-0.904942,2.63849,3,0.0350265,-0.057683,0.571,1
90,7,4,1,5,0,-3.22218,0.496055,8,0.315323,-0.418789,0.571,1
90,7,4,1,6,5,-4.1822,0.231151,3,0.396886,-0.666893,0.571,1
90,8,4,2,0,-1,-0.0881127,4.44663,1,-0.0775222,-0.0620753,0.571,1
90,8,4,2,1,0,-0.683415,5.47466,8,-0.207765,-0.122455,0.571,1
90,8,4,2,2,1,-1.18343,6.33702,3,-0.324283,-0.168505,0.571,1
90,8,4,2,3,0,-0.852713,3.59034,8,-0.0856304,-0.157582,0.571,1
90,8,4,2,4,3,-1.60174,2.96532,3,-0.116578,-0.18642,0.571,1
90,8,4,2,5,0,1.12202,4.59479,8,-0.10745,0.283136,0.571,1
90,8,4,2,6,5,2.09877,4.81268,3,-0.250402,0.666009,0.571,1
90,10,3,2,0,-1,-14.3258,7.5832,1,-0.246415,0.518295,0.338,1
90,10,3,2,1,0,-15.3409,7.83258,4,-0.199718,1.05427,0.338,1
90,10,3,2,2,1,-15.1893,6.54534,3,-0.938822,1.05011,0.338,1
90,10,3,2,4,0,-13.0561,7.48193,0,-0.251431,0.0160872,0.338,1
90,10,3,2,5,4,-11.7562,7.7873,0,-0.268896,-0.0946284,0.338,1
90,10,3,2,6,5,-10.7549,8.69595,0,-0.228011,-0.126254,0.338,1
90,10,3,2,7,6,-9.503,9.15431,0,-0.143999,-0.220868,0.338,1
90,10,3,2,8,7,-8.52625,10.1066,0,0.150426,-0.464629,0.338,1
90,11,2,1,0,-1,8.52509,-10.7019,1,0.243005,-0.249304,0.089,1
90,11,2,1,1,0,9.50249,-11.1143,4,0.330497,-0.0111667,0.089,1
90,11,2,1,2,1,9.08658,-9.79097,3,0.195093,-0.100304,0.089,1
90,11,2,1,3,1,8.27579,-11.5898,3,0.408533,-0.284765,0.089,1
90,12,4,1,0,-1,2.90487,9.27347,1,-0.255794,0.214785,0.569,0
90,12,4,1,1,0,2.30795,10.188,8,-0.546575,-0.0011402,0.569,0
90,12,4,1,2,1,1.83317,11.0502,3,-0.832692,-0.180045,0.569,0
90,12,4,1,3,0,2.3518,8.30393,8,-0.0738778,0.132022,0.569,0
90,14,4,3,0,-1,1.22128,-3.99389,1,0.0803538,-0.196186,0.57,1
90,14,4,3,1,0,1.72456,-2.91804,8,-0.278647,-0.0240301,0.57,1
90,14,4,3,2,1,2.17285,-2.0261,3,-0.622947,0.146079,0.57,1
90,14,4,3,3,0,0.0346726,-4.01704,8,0.0784542,-0.561664,0.57,1
90,14,4,3,4,3,-0.959645,-3.95649,3,0.0510657,-0.852907,0.57,1
90,14,4,3,5,0,1.95538,-4.92839,8,0.289668,-0.0599537,0.57,1
90,14,4,3,6,5,2.56531,-5.71586,3,0.420305,0.0220296,0.57,1
90,17,2,2,0,-1,10.2692,-7.14479,1,-0.604868,0.170189,0.09,1
90,17,2,2,1,0,9.43133,-6.56771,4,-0.376481,0.053054,0.09,1
90,17,2,2,2,1,9.67856,-7.93423,3,-0.39377,-0.111164,0.09,1
90,17,2,2,3,1,10.7849,-6.3894,3,-0.257126,0.0256298,0.09,1
90,20,1,1,0,-1,-12.465,-13.4252,1,-0.00215682,-0.00820796,0.701,1
90,20,1,1,1,0,-12.2796,-14.2239,8,-0.000989941,-0.00780461,0.701,1
90,20,1,1,2,0,-11.866,-12.8653,8,-0.00244936,-0.00787366,0.701,1
90,20,1,1,3,0,-13.1565,-13.2718,8,-0.00247922,-0.00945785,0.701,1
90,20,1,1,4,1,-12.1099,-14.9545,0,0.000319083,-0.00742463,0.701,1
90,21,2,3,0,-1,11.2852,-9.49535,1,-0.77893,-0.0348775,0.091,1
90,21,2,3,1,0,10.4498,-10.155,4,-0.476602,-0.414973,0.091,1
90,21,2,3,2,1,11.8053,-10.5252,3,-0.287133,0.241415,0.091,1
90,21,2,3,3,1,10.4788,-8.85163,3,-1.04487,-0.402808,0.091,1
90,24,2,2,0,-1,1.76021,-15.1303,1,-0.593569,-0.180534,0.089,1
90,24,2,2,1,0,2.29626,-14.2449,4,-0.137918,-0.267978,0.089,1
90,24,2,2,2,1,0.874317,-14.4632,3,-0.0515451,0.174804,0.089,1
90,24,2,2,3,1,2.57323,-15.5392,3,-0.666102,-0.236124,0.089,1
90,25,3,1,0,-1,15.1602,17.2662,1,-0.160162,0.212978,0.34,1
90,25,3,1,1,0,15.5193,18.2964,4,-0.303445,0.25957,0.34,1
90,25,3,1,2,1,14.2689,18.096,3,-0.260823,-0.0229293,0.34,1
90,25,3,1,3,1,16.295,17.2684,3,-0.125159,0.389959,0.34,1
90,25,3,1,4,0,14.8921,16.0264,0,-0.00660929,0.190292,0.34,1
90,25,3,1,5,4,14.5116,14.7125,0,0.168226,0.171234,0.34,1
90,25,3,1,6,5,14.7177,13.3965,0,0.249767,0.175304,0.34,1
90,25,3,1,7,6,14.4785,12.098,0,0.0775668,0.174374,0.34,1
90,25,3,1,8,7,14.8054,10.7744,0,-0.308954,0.0885068,0.34,1
90,26,3,3,0,-1,-14.396,8.36627,1,0.00597967,0.540244,0.337,0
90,26,3,3,1,0,-13.872,9.27757,4,0.306886,0.466947,0.337,0
90,26,3,3,2,1,-15.1488,9.52256,3,0.306839,0.335904,0.337,0
90,26,3,3,3,1,-13.6153,8.02223,3,0.0982836,0.462309,0.337,0
90,26,3,3,4,0,-14.8869,7.15277,0,-0.989724,0.827576,0.337,0
90,26,3,3,5,4,-15.6615,6.03401,0,-0.915589,0.35458,0.337,0
90,26,3,3,6,5,-16.2506,4.89994,0,0.17139,-0.424637,0.337,0
90,28,2,3,0,-1,4.76897,-14.4391,1,-0.0567723,0.409382,0.088,1
90,28,2,3,1,0,5.28378,-13.5436,4,0.508405,0.194033,0.088,1
90,28,2,3,2,1,3.95824,-14.0115,3,0.169062,1.20807,0.088,1
90,28,2,3,3,1,5.45898,-14.8596,3,0.120941,0.187427,0.088,1
90,29,4,4,0,-1,4.72635,-0.0186901,1,-0.171971,0.260844,0.569,1
90,29,4,4,1,0,4.16146,1.01985,8,-0.368094,0.18777,0.569,1
90,29,4,4,2,1,3.69821,1.89743,3,-0.44801,0.166842,0.569,1
90,29,4,4,3,0,4.06607,-1.01281,8,0.209075,-0.00782458,0.569,1
90,29,4,4,4,3,3.47378,-1.82164,3,0.587783,-0.287845,0.569,1
90,29,4,4,5,0,5.91433,-0.0345212,8,-0.163805,0.462389,0.569,1
90,29,4,4,6,5,6.90839,-0.099124,3,-0.145179,0.623453,0.569,1
90,32,1,2,0,-1,-13.5538,-8.12528,1,-0.000722841,0.00414227,0.7,0
90,32,1,2,1,0,-13.091,-8.80213,2,-0.00792947,-0.00135999,0.7,0
90,34,2,2,0,-1,2.79001,-12.7345,1,0.374283,0.835414,0.089,1
90,34,2,2,1,0,3.14992,-11.7383,4,0.342697,0.730294,0.089,1
90,34,2,2,2,1,1.86695,-12.2507,3,0.281059,0.728999,0.089,1
90,34,2,2,3,1,3.51435,-12.9954,3,0.543165,0.686306,0.089,1
90,37,4,3,0,-1,0.418633,4.65632,1,0.0427002,-0.284866,0.57,1
90,37,4,3,1,0,1.19143,5.4897,8,-0.163599,-0.0707407,0.57,1
90,37,4,3,2,1,2.02323,5.99168,3,-0.315929,0.179319,0.57,1
90,37,4,3,3,0,-0.782531,4.64047,8,0.0389454,-0.205433,0.57,1
90,37,4,3,4,3,-1.76421,4.52243,3,0.00401992,0.128081,0.57,1
90,37,4,3,5,0,1.0034,3.657,8,0.371633,-0.0637247,0.57,1
90,37,4,3,6,5,1.56687,2.85875,3,0.499473,0.0507471,0.57,1
90,38,2,4,0,-1,14.7272,-12.8688,1,-0.48229,-0.481877,0.091,1
90,38,2,4,1,0,13.6655,-12.8996,4,-0.428693,-0.446663,0.091,1
90,38,2,4,2,1,14.5965,-13.9428,3,-0.0757955,-0.159109,0.091,1
90,38,2,4,3,1,14.4277,-11.8387,3,-0.0786694,-0.675109,0.091,1
90,39,2,3,0,-1,9.27073,-1.10491,1,0.16987,0.214287,0.088,1
90,39,2,3,1,0,9.6506,-0.142145,4,0.0255374,0.268601,0.088,1
90,39,2,3,2,1,8.40818,-0.780877,3,0.0605404,0.185799,0.088,1
90,39,2,3,3,1,10.0069,-1.43549,3,0.229427,0.323536,0.088,1
90,40,3,2,0,-1,14.4435,16.726,1,-0.107162,0.121483,0.339,0
90,40,3,2,1,0,13.4001,16.3957,4,-0.0768631,-0.0361658,0.339,0
90,40,3,2,2,1,14.3385,15.5023,3,0.0583118,0.119352,0.339,0
90,40,3,2,3,1,13.702,17.6185,3,-0.321874,0.0244788,0.339,0
90,40,3,2,4,0,15.7037,16.7032,0,-0.0926844,0.309309,0.339,0
90,41,2,4,0,-1,10.0176,-0.767721,1,0.132188,0.30654,0.088,0
90,41,2,4,1,0,10.7913,-1.48449,4,0.230669,0.403585,0.088,0
90,42,2,3,0,-1,11.1574,0.946105,1,0.124397,0.428976,0.09,1
90,42,2,3,1,0,11.9986,1.55777,4,0.132617,0.39641,0.09,1
90,42,2,3,2,1,10.601,1.65753,3,0.106114,0.230723,0.09,1
90,42,2,3,3,1,11.992,0.199936,3,0.753166,0.3579,0.09,1
90,43,2,2,0,-1,7.8666,-10.2284,1,0.123534,-0.433083,0.09,0
90,43,2,2,1,0,7.09748,-9.51204,4,0.265094,-0.288794,0.09,0
90,44,4,4,0,-1,2.00655,-3.85916,1,0.0670581,-0.0823529,0.569,0
90,45,3,1,0,-1,8.54044,10.6741,1,-0.132254,-0.196895,0.34,0
90,45,3,1,1,0,9.10216,9.71463,4,-0.055628,-0.0927344,0.34,0
90,45,3,1,2,1,9.81196,10.7686,3,-0.249413,0.07373,0.34,0
90,45,3,1,3,1,7.84348,9.7885,3,-0.103294,-0.575461,0.34,0
90,45,3,1,4,0,8.07204,11.8949,0,0.199169,-0.183302,0.34,0
90,45,3,1,5,4,7.47283,13.1766,0,0.011472,-0.305811,0.34,0
90,45,3,1,6,5,6.57532,14.08,0,-0.0277901,-0.291073,0.34,0
90,45,3,1,7,6,6.5709,15.3495,0,-0.534507,-0.275281,0.34,0
90,46,2,4,0,-1,10.9626,0.197824,1,0.393511,0.366255,0.089,0
90,46,2,4,1,0,11.6693,-0.566604,4,0.407626,0.376181,0.089,0
90,46,2,4,2,1,11.9604,0.827295,3,0.384294,0.358025,0.089,0
90,47,2,3,0,-1,-0.278721,-14.1842,1,-0.438911,-0.26177,0.089,1
90,47,2,3,1,0,-1.34356,-14.2666,4,-0.483427,-0.168653,0.089,1
90,47,2,3,2,1,-0.546446,-15.4285,3,-0.640453,-0.278348,0.089,1
90,47,2,3,3,1,-0.5844,-13.2013,3,-0.288482,-0.296924,0.089,1
90,50,2,1,0,-1,2.55108,-16.5494,1,-0.694205,0.472888,0.089,0
90,50,2,1,1,0,2.62418,-17.7076,4,-0.303842,0.384851,0.089,0
90,50,2,1,2,1,3.94802,-17.2428,3,-0.299816,0.548326,0.089,0
90,51,2,4,0,-1,0.402334,-13.713,1,-0.394328,-0.066794,0.09,0
90,51,2,4,1,0,1.44188,-14.049,4,0.0220113,0.863716,0.09,0
90,51,2,4,2,1,1.133,-12.6984,3,-0.0846498,0.743871,0.09,0
90,52,1,1,0,-1,-11.0769,-10.5538,1,0.0348818,-0.0620006,0.701,0
90,52,1,1,1,0,-10.6826,-11.3005,8,-0.0505873,-0.10763,0.701,0
90,53,2,3,0,-1,10.1811,-6.31941,1,-0.744076,0.314379,0.089,0
90,53,2,3,1,0,10.4743,-5.30335,4,-0.306248,0.297094,0.089,0
120,0,1,0,0,-1,-12.7171,-10.3482,1,0.000285708,-0.000395451,0.7,1
120,0,1,0,1,0,-12.1534,-9.75272,8,5.31224e-05,-0.000266949,0.7,1
120,0,1,0,2,0,-13.5145,-10.1579,8,0.000226342,-0.000659916,0.7,1
120,0,1,0,3,0,-12.4631,-11.0094,8,0.000450873,-0.00035169,0.7,1
120,0,1,0,4,1,-11.6378,-9.20803,0,-6.07764e-05,-6.06901e-05,0.7,1
120,1,2,0,0,-1,-4.69537,-19.0065,1,-0.621661,0.571773,0.09,1
120,1,2,0,1,0,-4.19279,-18.0883,4,-0.578379,0.549672,0.09,1
120,1,2,0,2,1,-5.53522,-18.4595,3,-0.408383,0.248405,0.09,1
120,1,2,0,3,1,-3.82501,-19.2948,3,-0.369048,0.611119,0.09,1
120,2,3,0,0,-1,5.02545,5.41052,1,-0.27789,-0.361599,0.34,1
120,2,3,0,1,0,5.103,4.38162,4,-0.759313,-0.430112,0.34,1
120,2,3,0,2,1,6.29293,4.90458,3,-0.508959,-0.913426,0.34,1
120,2,3,0,3,1,4.24966,5.40911,3,-0.142496,0.0641465,0.34,1
120,2,3,0,4,0,4.57389,6.61086,0,0.20237,-0.122303,0.34,1
120,2,3,0,5,4,3.70119,7.63198,0,0.382273,0.136147,0.34,1
120,2,3,0,6,5,2.45326,8.14274,0,0.349485,0.0385507,0.34,1
120,2,3,0,7,6,1.53488,9.12074,0,0.168177,-0.187201,0.34,1
120,2,3,0,8,7,0.32165,9.77211,0,-0.0402217,-0.624471,0.34,1
120,4,1,1,0,-1,-13.5876,-6.80981,1,-0.00122975,0.00148285,0.699,1
120,4,1,1,1,0,-12.8531,-6.44501,2,-0.000737571,-0.000349494,0.699,1
120,4,1,1,2,0,-14.1653,-6.19584,8,-0.00184896,0.00165106,0.699,1
120,4,1,1,3,0,-13.4265,-7.46605,8,-0.00234138,0.00144847,0.699,1
120,4,1,1,4,1,-12.182,-6.11019,0,0.000432615,-0.00320407,0.699,1
120,7,4,1,0,-1,-0.572331,-1.71992,1,0.0229044,0.0145404,0.571,1
120,7,4,1,1,0,-1.5162,-2.46339,8,0.361584,-0.403317,0.571,1
120,7,4,1,2,1,-2.32906,-3.05613,3,0.645091,-0.785775,0.571,1
120,7,4,1,3,0,0.552262,-2.11337,8,0.159733,0.425987,0.571,1
120,7,4,1,4,3,1.48735,-2.46423,3,0.268703,0.728131,0.571,1
120,7,4,1,5,0,-0.675155,-0.527486,8,-0.532968,-0.0330755,0.571,1
120,7,4,1,6,5,-0.705085,0.475887,3,-1.01238,-0.0479832,0.571,1
120,8,4,2,0,-1,-2.97362,3.53863,1,0.12193,-0.158771,0.571,1
120,8,4,2,1,0,-2.35614,2.50542,8,0.532621,0.0945251,0.571,1
120,8,4,2,2,1,-1.84887,1.64331,3,0.855111,0.288823,0.571,1
120,8,4,2,3,0,-2.33827,4.5978,8,-0.287825,0.0941657,0.571,1
120,8,4,2,4,3,-1.84486,5.46659,3,-0.672283,0.315183,0.571,1
120,8,4,2,5,0,-4.16481,3.64111,8,0.0687157,-0.704595,0.571,1
120,8,4,2,6,5,-5.13608,3.88383,3,-0.0605666,-1.16669,0.571,1
120,10,3,2,0,-1,-12.7581,12.4381,1,0.537772,0.918924,0.338,1
120,10,3,2,1,0,-12.7163,13.4926,4,0.868064,0.888308,0.338,1
120,10,3,2,2,1,-13.9938,13.257,3,0.822446,1.13642,0.338,1
120,10,3,2,4,0,-12.4873,11.171,0,0.0930253,0.847952,0.338,1
120,10,3,2,5,4,-11.6772,9.96903,0,-0.342986,0.610555,0.338,1
120,10,3,2,6,5,-10.3088,9.50385,0,-0.505325,0.213518,0.338,1
120,10,3,2,7,6,-9.12019,8.74961,0,-0.684355,-0.0106232,0.338,1
120,10,3,2,8,7,-7.78464,8.42327,0,-0.719285,-0.126632,0.338,1
120,14,4,3,0,-1,4.35835,-4.47301,1,-0.0419515,0.171428,0.57,1
120,14,4,3,1,0,5.3393,-5.16508,8,0.249807,0.579923,0.57,1
120,14,4,3,2,1,6.13595,-5.77679,3,0.510352,0.915198,0.57,1
120,14,4,3,3,0,4.52424,-3.29221,8,-0.528343,0.239587,0.57,1
120,14,4,3,4,3,4.71303,-2.30988,3,-0.929344,0.316494,0.57,1
120,14,4,3,5,0,3.2645,-5.03776,8,0.187276,-0.281492,0.57,1
120,14,4,3,6,5,2.37427,-5.48936,3,0.379868,-0.660727,0.57,1
120,17,2,2,0,-1,8.14537,-3.74039,1,-0.36081,-0.244953,0.09,1
120,17,2,2,1,0,8.15619,-4.80068,4,-0.208433,-0.230467,0.09,1
120,17,2,2,2,1,9.25903,-3.90834,3,-0.48354,0.153126,0.09,1
120,17,2,2,3,1,7.18641,-3.87935,3,-0.415013,-0.45656,0.09,1
120,20,1,1,0,-1,-12.4705,-13.4486,1,-2.11706e-05,-1.34181e-06,0.701,1
120,20,1,1,1,0,-12.282,-14.2466,8,-4.37673e-05,-3.46738e-06,0.701,1
120,20,1,1,2,0,-11.8737,-12.8863,8,1.79797e-05,-5.11195e-06,0.701,1
120,20,1,1,3,0,-13.1626,-13.298,8,1.31072e-05,3.69723e-06,0.701,1
120,20,1,1,4,1,-12.1096,-14.9765,0,3.36409e-05,5.11858e-06,0.701,1
120,21,2,3,0,-1,18.1724,-4.51409,1,0.127974,0.228514,0.091,1
120,21,2,3,1,0,19.19,-4.21609,4,0.238108,-0.0547536,0.091,1
120,21,2,3,2,1,17.973,-3.54478,3,0.412134,0.174858,0.091,1
120,21,2,3,3,1,18.5436,-5.35365,3,-0.081931,0.147779,0.091,1
120,24,2,2,0,-1,-2.91013,-19.7174,1,-0.28454,-0.122875,0.089,1
120,24,2,2,1,0,-3.06126,-18.7116,4,-0.08771,-0.0662065,0.089,1
120,24,2,2,2,1,-4.04183,-19.7899,3,-0.496417,0.37426,0.089,1
120,24,2,2,3,1,-1.98856,-19.5054,3,-0.039418,-0.076281,0.089,1
120,25,3,1,0,-1,11.7079,17.3352,1,-1.01717,-0.305429,0.34,1
120,25,3,1,1,0,10.8734,16.7454,4,-0.848254,-0.556645,0.34,1
120,25,3,1,2,1,12.1899,16.6451,3,-0.818341,-0.120496,0.34,1
120,25,3,1,3,1,10.8559,18.0288,3,-1.33746,-0.563294,0.34,1
120,25,3,1,4,0,12.9677,17.4866,0,-1.04386,0.0220457,0.34,1
120,25,3,1,5,4,13.7924,16.4164,0,-0.595738,0.326739,0.34,1
120,25,3,1,6,5,14.3806,15.2017,0,-0.143765,0.541583,0.34,1
120,25,3,1,7,6,13.9483,13.8882,0,0.143939,0.4485,0.34,1
120,25,3,1,8,7,13.978,12.5361,0,0.316495,0.437433,0.34,1
120,26,3,3,0,-1,-12.1328,11.9697,1,0.388727,0.80406,0.337,1
120,26,3,3,1,0,-12.0314,13.0139,4,0.815077,0.758464,0.337,1
120,26,3,3,2,1,-13.3229,12.8618,3,0.780141,1.19302,0.337,1
120,26,3,3,3,1,-11.372,11.8693,3,0.261479,0.428469,0.337,1
120,26,3,3,4,0,-11.8459,10.7047,0,-0.0674792,0.695943,0.337,1
120,26,3,3,5,4,-11.1194,9.44558,0,-0.521427,0.434431,0.337,1
120,26,3,3,6,5,-9.89732,8.78768,0,-0.714993,0.0647597,0.337,1
120,26,3,3,7,6,-8.86408,7.87351,0,-0.901307,-0.140873,0.337,1
120,26,3,3,8,7,-7.57918,7.25146,0,-0.985727,-0.303385,0.337,1
120,29,4,4,0,-1,5.69433,2.26945,1,0.138284,-0.191255,0.569,1
120,29,4,4,1,0,6.82421,1.97548,8,0.196823,0.14612,0.569,1
120,29,4,4,2,1,7.79863,1.7959,3,0.283957,0.680746,0.569,1
120,29,4,4,3,0,5.78597,3.42654,8,0.153694,-0.172436,0.569,1
120,29,4,4,4,3,6.06325,4.35666,3,-0.203235,-0.187247,0.569,1
120,29,4,4,5,0,4.88174,1.40166,8,0.390327,-0.490019,0.569,1
120,29,4,4,6,5,4.1863,0.689187,3,0.59417,-0.732656,0.569,1
120,32,1,2,0,-1,-14.172,-7.50964,1,0.000506374,1.35089e-05,0.7,0
120,32,1,2,1,0,-14.9089,-7.8694,2,0.000269395,0.000893256,0.7,0
120,32,1,2,2,0,-13.5972,-8.12573,8,0.00120506,0.000171964,0.7,0
120,32,1,2,3,0,-14.3299,-6.85383,8,0.00172223,4.85085e-05,0.7,0
120,34,2,2,0,-1,11.0351,-10.3091,1,-0.0796565,-0.0939334,0.089,1
120,34,2,2,1,0,11.7487,-9.57296,4,0.133257,-0.236633,0.089,1
120,34,2,2,2,1,10.3711,-9.3541,3,0.0641949,-0.263339,0.089,1
120,34,2,2,3,1,11.7603,-10.9202,3,-0.578868,-0.176943,0.089,1
120,37,4,3,0,-1,-2.37972,3.80655,1,0.0234975,0.0626258,0.57,1
120,37,4,3,1,0,-3.09261,2.81356,8,0.395801,-0.202159,0.57,1
120,37,4,3,2,1,-3.72186,2.03534,3,0.674296,-0.426366,0.57,1
120,37,4,3,3,0,-1.19051,3.63633,8,0.0825144,0.483706,0.57,1
120,37,4,3,4,3,-0.206567,3.4811,3,0.135946,0.831742,0.57,1
120,37,4,3,5,0,-2.95973,4.92661,8,-0.424135,-0.167185,0.57,1
120,37,4,3,6,5,-3.39791,5.82215,3,-0.754664,-0.32965,0.57,1
120,42,2,3,0,-1,19.3294,9.18983,1,0.49941,0.0567424,0.09,1
120,42,2,3,1,0,20.2642,9.6727,4,0.358706,0.312744,0.09,1
120,42,2,3,2,1,18.934,10.1077,3,0.244669,-0.00919001,0.09,1
120,42,2,3,3,1,19.8229,8.4442,3,0.721492,0.162774,0.09,1
120,43,2,2,0,-1,13.0873,-9.93543,1,0.35509,-0.12279,0.09,1
120,43,2,2,1,0,12.2979,-10.535,4,0.271708,-0.066844,0.09,1
120,43,2,2,2,1,13.6859,-10.6518,3,0.339094,0.235632,0.09,1
120,43,2,2,3,1,12.4199,-9.23934,3,0.607626,-0.0362044,0.09,1
120,44,4,4,0,-1,3.91681,-5.10246,1,0.197115,0.0051315,0.569,0
120,44,4,4,1,0,2.97932,-4.32862,8,-0.147491,-0.4095,0.569,0
120,44,4,4,2,1,2.21418,-3.67966,3,-0.433415,-0.743785,0.569,0
120,45,3,1,0,-1,11.2085,14.9124,1,0.668068,0.704623,0.34,1
120,45,3,1,1,0,11.8995,15.7232,4,0.469682,0.785592,0.34,1
120,45,3,1,2,1,10.6222,15.7494,3,0.415466,0.717897,0.34,1
120,45,3,1,3,1,12.4348,14.5139,3,0.692728,0.871709,0.34,1
120,45,3,1,4,0,10.1267,14.1327,0,0.868884,0.278158,0.34,1
120,45,3,1,5,4,8.78644,13.6592,0,0.820658,0.137089,0.34,1
120,45,3,1,6,5,7.7842,12.6763,0,0.484433,0.431492,0.34,1
120,45,3,1,7,6,6.60819,11.907,0,0.0490902,1.1597,0.34,1
120,45,3,1,8,7,5.8964,10.6885,0,-0.613344,1.57588,0.34,1
120,46,2,4,0,-1,14.7816,14.0206,1,0.0196111,0.467554,0.089,1
120,46,2,4,1,0,13.9072,14.5975,4,0.0385792,0.487715,0.089,1
120,46,2,4,2,1,14.3562,13.268,3,0.0930411,0.528909,0.089,1
120,46,2,4,3,1,15.2184,14.7202,3,0.0627159,0.414003,0.089,1
120,47,2,3,0,-1,-1.9168,-13.6809,1,-0.0376684,-0.254836,0.089,1
120,47,2,3,1,0,-1.3259,-14.5602,4,0.616405,0.177449,0.089,1
120,47,2,3,2,1,-1.27668,-13.1608,3,0.0437688,0.194279,0.089,1
120,47,2,3,3,1,-2.625,-14.4354,3,0.56562,-0.318576,0.089,1
120,49,4,5,0,-1,6.32675,2.75689,1,-0.1686,0.187328,0.57,0
120,50,2,1,0,-1,0.315568,-21.2403,1,0.284697,-0.350417,0.089,1
120,50,2,1,1,0,1.40717,-21.6014,4,0.37404,-0.126493,0.089,1
120,50,2,1,2,1,0.627188,-20.4559,3,0.503939,-0.0855747,0.089,1
120,50,2,1,3,1,0.153374,-21.9968,3,0.323646,0.0208274,0.089,1
120,51,2,4,0,-1,-3.61647,-17.8293,1,-0.320282,-0.0402356,0.09,1
120,51,2,4,1,0,-3.30463,-16.8489,4,0.567654,-0.39881,0.09,1
120,51,2,4,2,1,-4.70421,-17.0727,3,0.455281,-0.22955,0.09,1
120,51,2,4,3,1,-2.66721,-18.0249,3,-0.211849,-0.866782,0.09,1
120,52,1,1,0,-1,-9.23233,-10.9574,1,0.000171842,-5.79398e-05,0.701,1
120,52,1,1,1,0,-9.3689,-11.7659,8,0.000171252,-5.39865e-05,0.701,1
120,52,1,1,2,0,-8.46396,-10.6714,8,0.000169628,-7.365e-05,0.701,1
120,52,1,1,3,0,-9.8115,-10.5496,8,0.000248501,-4.95165e-05,0.701,1
120,52,1,1,4,1,-9.4938,-12.5055,0,0.000122049,-5.6497e-05,0.701,1
120,53,2,3,0,-1,16.2238,-6.06826,1,-0.194107,0.148976,0.089,1
120,53,2,3,1,0,15.5246,-5.26788,4,-0.297172,0.0604775,0.089,1
120,53,2,3,2,1,15.311,-6.65975,3,0.213431,0.00784992,0.089,1
120,53,2,3,3,1,16.8319,-5.32731,3,-0.208178,0.664663,0.089,1
120,55,4,4,0,-1,-1.7098,4.19773,1,-0.104414,0.2907,0.571,0
120,55,4,4,1,0,-0.843082,5.03218,8,-0.464163,0.65826,0.571,0
120,55,4,4,2,1,-0.0393284,5.64046,3,-0.757375,1.04813,0.571,0
120,55,4,4,3,0,-2.94607,4.27091,8,-0.115369,-0.163693,0.571,0
120,55,4,4,4,3,-3.93298,4.39795,3,-0.153198,-0.538687,0.571,0
120,56,3,2,0,-1,11.1233,13.9192,1,0.871315,-0.0205231,0.339,1
120,56,3,2,1,0,11.8481,14.6671,4,0.653115,0.164273,0.339,1
120,56,3,2,2,1,10.5501,14.7242,3,0.716115,0.0589771,0.339,1
120,56,3,2,3,1,11.9703,13.3807,3,0.994926,0.278313,0.339,1
120,56,3,2,4,0,10.0537,13.1986,0,0.990462,-0.152863,0.339,1
120,56,3,2,5,4,8.81106,12.657,0,0.834418,-0.04427,0.339,1
120,56,3,2,6,5,8.29042,11.4556,0,0.00130505,0.249197,0.339,1
120,56,3,2,7,6,7.73649,10.3054,0,-0.207076,0.521396,0.339,1
120,56,3,2,8,7,9.0427,10.2262,0,-0.350637,-0.152731,0.339,1
120,57,2,3,0,-1,0.197804,-19.4027,1,0.363649,-0.0595001,0.089,1
120,57,2,3,1,0,1.15938,-19.7993,4,0.353937,-0.0147037,0.089,1
120,57,2,3,2,1,0.596344,-18.5156,3,0.0952403,-0.148935,0.089,1
120,57,2,3,3,1,-0.102651,-20.1817,3,0.356977,-0.132756,0.089,1
120,58,2,4,0,-1,12.2904,-12.2772,1,-0.29313,0.1038,0.092,1
120,58,2,4,1,0,12.6986,-11.3121,4,-0.17711,0.0629097,0.092,1
120,58,2,4,2,1,11.3999,-11.8205,3,-0.207573,0.1549,0.092,1
120,58,2,4,3,1,13.1599,-12.6434,3,-0.294728,0.0125024,0.092,1
120,60,2,1,0,-1,-6.09781,-17.5564,1,-0.225799,0.165524,0.09,1
120,60,2,1,1,0,-5.55284,-16.6419,4,-0.186189,0.299129,0.09,1
120,60,2,1,2,1,-6.94694,-16.7683,3,-0.348617,0.438448,0.09,1
120,60,2,1,3,1,-5.25471,-17.885,3,0.237889,0.590748,0.09,1
120,61,2,4,0,-1,18.1924,-2.01997,1,0.412447,-0.264576,0.09,1
120,61,2,4,1,0,19.2272,-2.20771,4,0.466304,-0.0595615,0.09,1
120,61,2,4,2,1,18.429,-1.06329,3,0.243141,-0.222159,0.09,1
120,61,2,4,3,1,18.1054,-2.86266,3,0.564237,-0.107476,0.09,1
120,62,2,3,0,-1,8.9878,-5.13129,1,-0.0785222,-0.114731,0.089,1
120,62,2,3,1,0,7.99424,-5.49609,4,0.00973343,-0.383675,0.089,1
120,62,2,3,2,1,9.25952,-6.07313,3,0.0646627,-0.268698,0.089,1
120,62,2,3,3,1,8.66198,-4.35732,3,-0.26243,-0.240571,0.089,1
120,63,2,3,0,-1,13.3397,-9.22338,1,0.264818,-0.123328,0.091,0
120,63,2,3,1,0,13.445,-8.2061,4,0.541475,-0.195917,0.091,0
120,64,2,4,0,-1,-3.00067,-16.3217,1,0.48811,-0.0317696,0.09,1
120,64,2,4,1,0,-2.57401,-17.2897,4,0.126233,-0.233643,0.09,1
120,64,2,4,2,1,-2.16116,-15.9857,3,0.131441,-0.137151,0.09,1
120,65,2,5,0,-1,-5.21148,-15.3206,1,0.247207,-0.149928,0.091,1
120,65,2,5,1,0,-4.42248,-16.009,4,0.88577,0.38098,0.091,1
120,65,2,5,2,1,-4.34233,-14.6628,3,0.0811079,0.508735,0.091,1
120,65,2,5,3,1,-5.76114,-16.0321,3,0.747295,-0.583347,0.091,1
120,68,2,4,0,-1,17.3655,-4.39865,1,0.135558,0.348846,0.091,0
120,68,2,4,1,0,16.9141,-3.44489,4,0.405468,0.456536,0.091,0
120,68,2,4,2,1,16.3848,-4.73635,3,-0.0897741,0.641223,0.091,0
120,70,2,4,0,-1,16.3107,-6.8951,1,0.783254,0.237313,0.09,0
120,71,6,3,0,-1,7.66762,-4.37679,1,-0.286788,-0.282629,0.115,0
120,73,2,5,0,-1,-3.93446,-17.1019,1,0.138347,0.190992,0.091,0
120,73,2,5,1,0,-4.65799,-16.3622,4,0.0898808,0.240479,0.091,0
120,75,2,2,0,-1,-6.81203,-17.91,1,-0.301306,0.013687,0.091,0
150,0,1,0,0,-1,-12.6814,-10.3695,1,0.000779496,-0.0243155,0.7,1
150,0,1,0,1,0,-12.0269,-9.74646,8,0.00372276,-0.0428722,0.7,1
150,0,1,0,2,0,-13.4516,-10.1227,8,0.070177,0.0714938,0.7,1
150,0,1,0,3,0,-12.5346,-11.0609,8,-0.0403947,-0.0419224,0.7,1
150,0,1,0,4,1,-11.4833,-9.22282,0,-0.0274967,-0.00427855,0.7,1
150,1,2,0,0,-1,-10.0447,-17.5464,1,-0.512846,0.302278,0.09,1
150,1,2,0,1,0,-10.7017,-16.7214,4,-0.201687,0.555102,0.09,1
150,1,2,0,2,1,-10.9089,-18.0919,3,-0.757241,0.629869,0.09,1
150,1,2,0,3,1,-9.40757,-16.9457,3,-0.277876,0.092547,0.09,1
150,2,3,0,0,-1,4.15516,3.63618,1,-0.667466,-0.3804,0.34,1
150,2,3,0,1,0,3.66736,2.73302,4,-0.900021,-0.374759,0.34,1
150,2,3,0,2,1,4.95694,2.77999,3,-0.842659,-1.31289,0.34,1
150,2,3,0,3,1,3.46975,4.03933,3,-0.838833,-0.430238,0.34,1
150,2,3,0,4,0,4.59523,4.84176,0,-0.455207,-0.375215,0.34,1
150,2,3,0,5,4,4.82926,6.21453,0,-0.325464,-0.312307,0.34,1
150,2,3,0,6,5,4.33569,7.57476,0,-0.481103,-0.247983,0.34,1
150,2,3,0,7,6,4.63281,8.853,0,0.0277545,-0.403827,0.34,1
150,2,3,0,8,7,4.35314,10.1841,0,0.557642,-0.352322,0.34,1
150,4,1,1,0,-1,-12.9186,-5.47332,1,-0.138675,0.0493004,0.699,1
150,4,1,1,1,0,-12.1884,-5.11824,2,-0.169439,0.251726,0.699,1
150,4,1,1,2,0,-13.5332,-4.9326,8,-0.393377,-0.157887,0.699,1
150,4,1,1,3,0,-12.9164,-6.19362,8,0.0443482,0.0237811,0.699,1
150,4,1,1,4,1,-11.5442,-4.74084,0,-0.187885,0.354175,0.699,1
150,7,4,1,0,-1,-0.66872,-1.62154,1,-0.000157259,6.51013e-05,0.571,1
150,7,4,1,1,0,-0.533149,-2.81149,8,0.544393,0.0609578,0.571,1
150,7,4,1,2,1,-0.459246,-3.81231,3,1.00327,0.0938837,0.571,1
150,7,4,1,3,0,0.291228,-0.905954,8,-0.32584,0.438435,0.571,1
150,7,4,1,4,3,1.11777,-0.337207,3,-0.58435,0.815421,0.571,1
150,7,4,1,5,0,-1.76558,-1.14179,8,-0.220225,-0.499783,0.571,1
150,7,4,1,6,5,-2.66794,-0.703296,3,-0.421066,-0.910673,0.571,1
150,8,4,2,0,-1,-2.91678,4.14941,1,-0.0190464,-0.18151,0.571,1
150,8,4,2,1,0,-3.49343,3.10301,8,0.210549,-0.317808,0.571,1
150,8,4,2,2,1,-4.06433,2.26671,3,0.459656,-0.393736,0.571,1
150,8,4,2,3,0,-1.71598,4.13166,8,-0.0623527,0.329462,0.571,1
150,8,4,2,4,3,-0.714026,4.08753,3,-0.0269438,0.691883,0.571,1
150,8,4,2,5,0,-3.62874,5.10568,8,-0.315783,-0.377761,0.571,1
150,8,4,2,6,5,-4.21644,5.91256,3,-0.598889,-0.587969,0.571,1
150,10,3,2,0,-1,-14.4024,6.32315,1,0.349053,-0.342332,0.338,1
150,10,3,2,1,0,-14.3917,5.33826,4,0.465728,-0.325294,0.338,1
150,10,3,2,2,1,-13.4702,6.26814,3,0.43557,-0.248177,0.338,1
150,10,3,2,4,0,-14.2288,7.55363,0,0.1061,-0.326194,0.338,1
150,10,3,2,5,4,-13.5355,8.66178,0,-0.169966,-0.172056,0.338,1
150,10,3,2,6,5,-12.7444,9.73249,0,-0.359987,-0.0787232,0.338,1
150,10,3,2,7,6,-11.496,10.207,0,-0.450322,0.0310302,0.338,1
150,10,3,2,8,7,-10.4409,11.0499,0,-0.609646,0.174224,0.338,1
150,20,1,1,0,-1,-12.4705,-13.4486,1,-2.11162e-05,-1.11733e-06,0.701,1
150,20,1,1,1,0,-12.282,-14.2466,8,-4.37436e-05,-3.25016e-06,0.701,1
150,20,1,1,2,0,-11.8737,-12.8863,8,1.80557e-05,-4.9105e-06,0.701,1
150,20,1,1,3,0,-13.1626,-13.298,8,1.31674e-05,3.94839e-06,0.701,1
150,20,1,1,4,1,-12.1096,-14.9765,0,3.36366e-05,5.32917e-06,0.701,1
150,24,2,2,0,-1,-2.7235,-17.6808,1,0.275802,-0.0172656,0.089,1
150,24,2,2,1,0,-1.66548,-17.7446,4,0.284219,0.0130734,0.089,1
150,24,2,2,2,1,-2.412,-16.5552,3,0.304775,0.0344283,0.089,1
150,24,2,2,3,1,-2.57975,-18.6748,3,0.404723,-0.0888644,0.089,1
150,25,3,1,0,-1,14.2272,14.5715,1,0.0558738,-0.382944,0.34,1
150,25,3,1,1,0,14.6053,13.5721,4,0.262976,-0.308382,0.34,1
150,25,3,1,2,1,15.2891,14.6732,3,-0.0263816,-0.110132,0.34,1
150,25,3,1,3,1,13.4726,14.1176,3,-0.0377678,-0.827471,0.34,1
150,25,3,1,4,0,13.885,15.8438,0,0.31967,-0.302177,0.34,1
150,25,3,1,5,4,13.3697,17.0861,0,0.385602,-0.190433,0.34,1
150,25,3,1,6,5,12.4713,18.0452,0,0.224745,-0.290911,0.34,1
150,25,3,1,7,6,12.2985,19.3213,0,0.0426933,-0.301774,0.34,1
150,25,3,1,8,7,11.6652,20.4932,0,-0.0579543,-0.35711,0.34,1
150,26,3,3,0,-1,-14.2097,4.62897,1,0.810592,-0.235288,0.337,1
150,26,3,3,1,0,-13.2872,4.16725,4,0.942483,0.0776293,0.337,1
150,26,3,3,2,1,-13.617,5.44976,3,0.27534,-0.0931099,0.337,1
150,26,3,3,3,1,-14.416,3.55671,3,1.06732,-0.157796,0.337,1
150,26,3,3,4,0,-15.0356,5.63851,0,0.493161,-0.495413,0.337,1
150,26,3,3,5,4,-14.803,7.0002,0,0.203278,-0.479714,0.337,1
150,26,3,3,6,5,-14.2031,8.25877,0,-0.0872262,-0.389402,0.337,1
150,26,3,3,7,6,-12.858,8.66971,0,-0.166259,-0.300522,0.337,1
150,26,3,3,8,7,-11.7177,9.43145,0,-0.330326,-0.0701727,0.337,1
150,29,4,4,0,-1,6.23665,1.5162,1,-0.0298773,-0.135061,0.569,1
150,29,4,4,1,0,7.43667,1.53118,8,-0.134446,0.30389,0.569,1
150,29,4,4,2,1,8.43965,1.61864,3,-0.224042,0.601127,0.569,1
150,29,4,4,3,0,6.05758,2.69537,8,-0.537114,-0.190401,0.569,1
150,29,4,4,4,3,6.03975,3.69645,3,-0.679878,-0.195112,0.569,1
150,29,4,4,5,0,5.70586,0.435237,8,0.424466,-0.197958,0.569,1
150,29,4,4,6,5,5.25613,-0.468837,3,0.719801,-0.232494,0.569,1
150,32,1,2,0,-1,-14.7641,-8.85183,1,-0.000175559,-0.000384136,0.7,1
150,32,1,2,1,0,-15.5096,-9.19343,2,-0.000173121,-0.000277079,0.7,1
150,32,1,2,2,0,-14.0956,-9.32651,8,-0.000229411,-0.000443465,0.7,1
150,32,1,2,3,0,-14.7525,-8.14363,8,-3.84328e-05,-0.00033331,0.7,1
150,32,1,2,4,1,-16.1914,-9.50589,0,-0.000334508,-0.000207091,0.7,1
150,34,2,2,0,-1,12.1989,2.70053,1,-0.287778,0.50222,0.089,1
150,34,2,2,1,0,11.4786,3.48077,4,-0.461973,0.333581,0.089,1
150,34,2,2,2,1,11.2269,2.10075,3,0.094432,0.26343,0.089,1
150,34,2,2,3,1,12.7937,3.53572,3,-0.458824,0.591568,0.089,1
150,45,3,1,0,-1,14.1346,18.962,1,-0.0460011,0.0149128,0.34,1
150,45,3,1,1,0,13.7009,19.8975,4,0.0217121,0.0775855,0.34,1
150,45,3,1,2,1,13.1813,18.6967,3,-0.102912,0.139742,0.34,1
150,45,3,1,3,1,15.0215,19.6766,3,0.00177072,0.0455845,0.34,1
150,45,3,1,4,0,14.4821,17.7605,0,-0.101823,-0.0299288,0.34,1
150,45,3,1,5,4,13.9976,16.598,0,0.109648,-0.181582,0.34,1
150,45,3,1,6,5,13.7324,15.269,0,0.0831555,-0.180689,0.34,1
150,45,3,1,7,6,12.772,14.4821,0,-0.0522792,0.0402569,0.34,1
150,45,3,1,8,7,12.6001,13.1963,0,-0.131849,0.0186375,0.34,1
150,47,2,3,0,-1,8.99426,-9.14126,1,0.436201,0.43875,0.089,1
150,47,2,3,1,0,9.93791,-8.68805,4,0.464289,0.332649,0.089,1
150,47,2,3,2,1,8.62906,-8.20726,3,0.463382,0.421813,0.089,1
150,47,2,3,3,1,9.38985,-9.88113,3,0.18429,0.462476,0.089,1
150,51,2,4,0,-1,-2.78234,-15.2745,1,-0.182747,0.248868,0.09,1
150,51,2,4,1,0,-3.26184,-14.3163,4,0.0732106,0.408759,0.09,1
150,51,2,4,2,1,-3.8731,-15.5949,3,-0.331512,0.629817,0.09,1
150,51,2,4,3,1,-2.01845,-14.7959,3,-0.129688,-0.0669853,0.09,1
150,52,1,1,0,-1,-9.23194,-10.9574,1,-1.05041e-05,-2.45177e-05,0.701,1
150,52,1,1,1,0,-9.36853,-11.7659,8,-3.47449e-07,1.97252e-06,0.701,1
150,52,1,1,2,0,-8.46356,-10.6714,8,1.1898e-06,-2.11127e-05,0.701,1
150,52,1,1,3,0,-9.81108,-10.5496,8,-7.23272e-06,1.9091e-06,0.701,1
150,52,1,1,4,1,-9.49347,-12.5055,0,1.69186e-05,4.17398e-05,0.701,1
150,53,2,3,0,-1,17.7738,-16.6126,1,-0.247597,-0.363966,0.089,1
150,53,2,3,1,0,17.4164,-17.6069,4,-0.110882,-0.414232,0.089,1
150,53,2,3,2,1,18.6978,-17.0566,3,-0.196841,-0.223388,0.089,1
150,53,2,3,3,1,16.8998,-16.4073,3,-0.269056,-0.480733,0.089,1
150,56,3,2,0,-1,14.8339,18.5551,1,-0.0597963,0.0597868,0.339,1
150,56,3,2,1,0,14.3563,19.4793,4,-0.0336695,0.0343888,0.339,1
150,56,3,2,2,1,13.854,18.2461,3,-0.123437,0.0489801,0.339,1
150,56,3,2,3,1,15.5607,18.9841,3,-0.0983007,-0.130487,0.339,1
150,56,3,2,4,0,15.3123,17.3662,0,-0.0727258,0.0970053,0.339,1
150,56,3,2,5,4,15.6168,16.0355,0,-0.198836,0.155985,0.339,1
150,56,3,2,6,5,16.1325,14.797,0,-0.150243,0.20633,0.339,1
150,56,3,2,7,6,15.7402,13.5332,0,0.170384,0.0999432,0.339,1
150,56,3,2,8,7,15.6162,12.1771,0,0.716604,0.0377162,0.339,1
150,58,2,4,0,-1,15.8431,-14.9774,1,-0.308773,-0.0702801,0.092,1
150,58,2,4,1,0,15.0873,-14.2497,4,-0.101437,0.149027,0.092,1
150,58,2,4,2,1,15.1066,-15.6462,3,-0.548807,0.13079,0.092,1
150,58,2,4,3,1,16.4959,-14.3163,3,-0.126187,-0.178055,0.092,1
150,60,2,1,0,-1,1.78274,-12.9172,1,-0.146114,-0.518077,0.09,1
150,60,2,1,1,0,1.01535,-13.6404,4,-0.494126,-0.15115,0.09,1
150,60,2,1,2,1,2.41182,-13.8442,3,-0.568306,-0.800363,0.09,1
150,60,2,1,3,1,1.03703,-12.3292,3,-0.0352963,-0.208424,0.09,1
150,61,2,4,0,-1,22.7331,-9.26635,1,0.0166114,-0.211428,0.09,1
150,61,2,4,1,0,23.66,-9.75888,4,-0.00077637,-0.247394,0.09,1
150,61,2,4,2,1,23.3029,-8.41004,3,0.0187592,-0.214344,0.09,1
150,61,2,4,3,1,22.4052,-10.1249,3,-0.0667095,-0.206142,0.09,1
150,62,2,3,0,-1,10.2158,-11.9602,1,0.245835,0.313101,0.089,1
150,62,2,3,1,0,10.7179,-11.0256,4,0.436191,0.200217,0.089,1
150,62,2,3,2,1,9.36403,-11.313,3,0.420848,0.304556,0.089,1
150,62,2,3,3,1,11.1164,-12.2763,3,0.190639,0.103308,0.089,1
150,64,2,4,0,-1,-4.89066,-17.0438,1,-0.0479831,0.0835922,0.09,1
150,64,2,4,1,0,-4.66372,-16.023,4,-0.182142,0.117277,0.09,1
150,64,2,4,2,1,-5.81776,-16.8129,3,-0.112299,0.0148562,0.09,1
150,65,2,5,0,-1,-9.21127,-5.0447,1,-0.217318,0.303278,0.091,1
150,65,2,5,1,0,-9.95243,-4.27968,4,0.0194704,0.390983,0.091,1
150,65,2,5,2,1,-10.4498,-5.62755,3,-0.643101,0.564067,0.091,1
150,65,2,5,3,1,-8.6597,-4.48671,3,-0.0112338,-0.179766,0.091,1
150,70,2,4,0,-1,21.578,-5.92285,1,0.111327,0.285596,0.09,1
150,73,2,5,0,-1,-3.48294,-14.9443,1,-0.0705427,0.408587,0.091,0
150,73,2,5,1,0,-2.61592,-14.2992,4,0.0458891,0.238319,0.091,0
150,73,2,5,2,1,-4.00607,-14.1206,3,0.00163312,0.187784,0.091,0
150,75,2,2,0,-1,-3.69199,-11.7353,1,-0.565488,-0.0435131,0.091,1
150,75,2,2,1,0,-4.61658,-12.1656,4,-0.53039,-0.249614,0.091,1
150,75,2,2,2,1,-3.40235,-12.9935,3,0.0127523,0.572727,0.091,1
150,75,2,2,3,1,-4.28803,-10.8606,3,-0.942692,-0.154063,0.091,1
150,76,4,3,0,-1,-3.71452,4.17038,1,-0.02184,-0.305069,0.57,0
150,79,2,5,0,-1,-5.98139,-19.9196,1,0.262294,0.26249,0.089,1
150,79,2,5,1,0,-4.96262,-20.1905,4,0.106209,-0.32623,0.089,1
150,79,2,5,2,1,-5.60641,-18.9104,3,0.847158,0.0532795,0.089,1
150,82,1,1,0,-1,-11.928,-10.2971,1,-0.0282319,-0.00798397,0.701,0
150,82,1,1,1,0,-11.2037,-9.92444,8,-0.0758582,-0.0289504,0.701,0
150,82,1,1,2,0,-12.6633,-9.7555,8,-0.0227303,0.0387095,0.701,0
150,82,1,1,3,0,-11.8287,-10.9932,8,0.120094,0.0390394,0.701,0
150,84,3,1,0,-1,2.03183,7.42246,1,-0.553675,0.279952,0.339,1
150,84,3,1,1,0,1.0817,6.99198,4,-0.382159,-0.215369,0.339,1
150,84,3,1,2,1,2.29108,6.45305,3,0.0134478,0.693433,0.339,1
150,84,3,1,3,1,1.23358,8.28074,3,-1.31917,-0.12,0.339,1
150,84,3,1,4,0,3.3307,7.52898,0,-0.486533,0.431325,0.339,1
150,84,3,1,5,4,4.75369,7.24171,0,-0.379772,-0.18065,0.339,1
150,84,3,1,6,5,5.7186,8.1449,0,-0.273054,-0.335445,0.339,1
150,84,3,1,7,6,6.59867,9.1079,0,0.0233616,-0.588424,0.339,1
150,84,3,1,8,7,6.49099,10.4529,0,0.430883,-0.537413,0.339,1
150,85,2,5,0,-1,22.3771,-8.54693,1,-0.0167559,-0.226606,0.091,0
150,87,2,6,0,-1,-6.23524,-20.6872,1,-0.0524814,0.364824,0.09,0
150,88,2,6,0,-1,-2.93046,-4.50117,1,-0.489087,0.343666,0.09,1
150,88,2,6,1,0,-3.78349,-5.26051,4,-0.307142,-0.0904354,0.09,1
150,88,2,6,2,1,-2.37055,-5.36402,3,-0.285816,0.382002,0.09,1
150,88,2,6,3,1,-3.8734,-3.90739,3,-0.623449,-0.21963,0.09,1
150,90,2,3,0,-1,12.1708,1.88502,1,0.384584,0.472079,0.088,0
150,92,2,4,0,-1,18.2044,-15.9301,1,-0.471036,-0.221153,0.089,0
150,93,2,5,0,-1,-4.71094,-17.8236,1,-0.0300006,0.0839188,0.091,0
150,94,4,5,0,-1,6.56856,0.791099,1,0.852944,-0.00708297,0.569,0
150,94,4,5,1,0,6.81259,1.96524,8,0.636139,-0.18042,0.569,0
150,95,2,3,0,-1,-3.6228,-12.5274,1,-0.381585,0.228214,0.091,0
150,95,2,3,1,0,-4.27944,-13.3839,4,-0.637024,0.650358,0.091,0
150,95,2,3,2,1,-2.89797,-13.5699,3,-0.682305,-0.230868,0.091,0
150,98,2,4,0,-1,9.58599,-12.465,1,0.25866,0.295313,0.088,0
150,98,2,4,1,0,9.34173,-13.4811,4,0.257257,0.294188,0.088,0
150,100,2,6,0,-1,-9.97564,-5.09274,1,-0.38207,0.337608,0.091,0
150,100,2,6,1,0,-11.0077,-5.33103,4,-0.559577,-0.039094,0.091,0
150,101,2,7,0,-1,-3.72424,-4.76717,1,-0.17182,-0.415112,0.089,0
180,0,1,0,0,-1,-13.394,-9.0534,1,-0.0630775,0.0752024,0.7,1
180,0,1,0,1,0,-13.1552,-8.17546,8,-0.0551547,0.0714443,0.7,1
180,0,1,0,2,0,-14.1793,-9.29154,8,-0.0834353,0.144989,0.7,1
180,0,1,0,3,0,-12.9279,-9.57452,8,-0.0770598,0.0371104,0.7,1
180,0,1,0,4,1,-12.9723,-7.44156,0,-0.073518,0.0755453,0.7,1
180,1,2,0,0,-1,-12.4561,-11.1482,1,-0.19491,-0.162378,0.09,1
180,1,2,0,1,0,-13.5036,-11.2065,4,-0.195111,-0.153428,0.09,1
180,1,2,0,2,1,-12.4563,-12.1419,3,-0.105404,-0.0355214,0.09,1
180,1,2,0,3,1,-12.5684,-10.3039,3,-0.228646,-0.108601,0.09,1
180,2,3,0,0,-1,-0.193599,0.944117,1,-0.262642,0.254457,0.34,1
180,2,3,0,1,0,-1.26876,1.02448,4,-0.26219,0.335048,0.34,1
180,2,3,0,2,1,-0.95288,-0.21152,3,-0.275167,0.324477,0.34,1
180,2,3,0,3,1,-0.321246,1.90359,3,-0.0613857,0.0795456,0.34,1
180,2,3,0,4,0,1.05892,1.0915,0,-0.224623,0.0360401,0.34,1
180,2,3,0,5,4,2.32267,1.34436,0,-0.214562,-0.0193434,0.34,1
180,2,3,0,6,5,3.04185,2.40691,0,-0.132462,-0.0604842,0.34,1
180,2,3,0,7,6,3.80218,3.43246,0,0.0321115,-0.157297,0.34,1
180,2,3,0,8,7,3.63873,4.76052,0,0.350207,-0.0975007,0.34,1
180,4,1,1,0,-1,-13.2774,-4.95881,1,-2.03737e-05,1.55327e-05,0.699,1
180,4,1,1,1,0,-13.5529,-4.18649,2,-3.9994e-05,1.36185e-05,0.699,1
180,4,1,1,2,0,-13.8083,-5.58356,8,3.22613e-05,1.40683e-05,0.699,1
180,4,1,1,3,0,-12.5729,-5.0319,8,6.38781e-06,-6.62283e-07,0.699,1
180,4,1,1,4,1,-13.805,-3.48011,0,-3.18259e-05,-3.75056e-06,0.699,1
180,7,4,1,0,-1,-0.847625,-3.32556,1,-0.0366307,-0.024188,0.571,1
180,7,4,1,1,0,-0.408434,-4.42818,8,0.396316,0.171826,0.571,1
180,7,4,1,2,1,-0.0619513,-5.36273,3,0.726831,0.308474,0.571,1
180,7,4,1,3,0,0.00149425,-2.48067,8,-0.37399,0.29769,0.571,1
180,7,4,1,4,3,0.768509,-1.83361,3,-0.637038,0.59908,0.571,1
180,7,4,1,5,0,-2.0491,-3.23438,8,-0.061275,-0.600315,0.571,1
180,7,4,1,6,5,-3.05368,-3.1459,3,-0.0939898,-1.10831,0.571,1
180,8,4,2,0,-1,-4.3982,2.75121,1,0.011243,-0.00462117,0.571,1
180,8,4,2,1,0,-5.38952,2.08228,8,0.306504,-0.442858,0.571,1
180,8,4,2,2,1,-6.23979,1.55185,3,0.533307,-0.807555,0.571,1
180,8,4,2,3,0,-3.32842,2.21552,8,0.254363,0.47411,0.571,1
180,8,4,2,4,3,-2.45148,1.7291,3,0.475736,0.869387,0.571,1
180,8,4,2,5,0,-4.48127,3.94645,8,-0.547137,-0.0436049,0.571,1
180,8,4,2,6,5,-4.51083,4.95008,3,-1.02621,-0.0574571,0.571,1
180,10,3,2,0,-1,-6.84004,15.9767,1,0.290706,0.141116,0.338,1
180,10,3,2,1,0,-5.89315,16.4749,4,0.569359,-0.383345,0.338,1
180,10,3,2,2,1,-6.83639,17.3213,3,1.1122,0.117297,0.338,1
180,10,3,2,4,0,-7.94242,15.2374,0,0.127792,0.389011,0.338,1
180,10,3,2,5,4,-9.19651,14.4677,0,-0.00520213,0.620765,0.338,1
180,10,3,2,6,5,-10.023,13.4165,0,0.096597,0.485961,0.338,1
180,10,3,2,7,6,-11.2616,12.8268,0,0.159497,0.406464,0.338,1
180,10,3,2,8,7,-12.1004,11.7538,0,0.0103291,0.511605,0.338,1
180,20,1,1,0,-1,-14.1674,-12.3518,1,-0.0240563,-0.0816056,0.701,1
180,20,1,1,1,0,-14.2018,-13.1654,8,-0.0744086,-0.0673335,0.701,1
180,20,1,1,2,0,-13.4275,-12.0028,8,0.0138178,-0.165535,0.701,1
180,20,1,1,3,0,-14.787,-11.9961,8,-0.0141567,-0.056579,0.701,1
180,20,1,1,4,1,-14.2524,-13.905,0,-0.15121,-0.0513587,0.701,1
180,24,2,2,0,-1,9.41438,-17.4552,1,0.559946,-0.577677,0.089,1
180,24,2,2,1,0,10.4611,-17.3404,4,0.494133,0.0583337,0.089,1
180,24,2,2,2,1,9.38624,-16.4339,3,0.00804846,-0.509216,0.089,1
180,24,2,2,3,1,9.62972,-18.354,3,1.17222,-0.515265,0.089,1
180,25,3,1,0,-1,12.5057,14.6586,1,-0.813903,0.101657,0.34,1
180,25,3,1,1,0,11.5043,14.5911,4,-0.805773,0.0862302,0.34,1
180,25,3,1,2,1,12.5163,13.7537,3,-0.815651,0.0941955,0.34,1
180,25,3,1,3,1,12.3909,15.5595,3,-0.633106,-0.0858387,0.34,1
180,25,3,1,4,0,13.7262,14.3598,0,-0.751688,0.371554,0.34,1
180,25,3,1,5,4,14.3124,13.1982,0,-0.37453,0.55707,0.34,1
180,25,3,1,6,5,14.6502,11.9479,0,-0.0532606,0.627195,0.34,1
180,25,3,1,7,6,13.8029,10.9487,0,0.189377,0.404145,0.34,1
180,25,3,1,8,7,13.1327,9.77535,0,0.418021,0.269722,0.34,1
180,26,3,3,0,-1,-9.00076,10.6859,1,-0.569234,-0.0967642,0.337,1
180,26,3,3,1,0,-9.3228,9.67389,4,-1.18547,0.0129191,0.337,1
180,26,3,3,2,1,-8.04765,9.83819,3,-0.995642,-0.843327,0.337,1
180,26,3,3,3,1,-9.83277,10.868,3,-0.408455,0.285633,0.337,1
180,26,3,3,4,0,-8.58872,11.9264,0,-0.15709,-0.145959,0.337,1
180,26,3,3,5,4,-8.10473,13.241,0,0.0747287,-0.118672,0.337,1
180,26,3,3,6,5,-8.49957,14.5412,0,0.25071,-0.0466814,0.337,1
180,26,3,3,7,6,-9.40894,15.566,0,0.247394,0.0742566,0.337,1
180,26,3,3,8,7,-10.828,15.9811,0,0.128209,0.183542,0.337,1
180,29,4,4,0,-1,6.76184,1.50896,1,-0.0103787,-0.056566,0.569,1
180,29,4,4,1,0,7.942,1.29097,8,0.0834736,0.446901,0.569,1
180,29,4,4,2,1,8.92002,1.07996,3,0.17433,0.864255,0.569,1
180,29,4,4,3,0,6.33274,2.6257,8,-0.48738,-0.238878,0.569,1
180,29,4,4,4,3,6.0026,3.57213,3,-0.891666,-0.379097,0.569,1
180,29,4,4,5,0,5.97882,0.607543,8,0.373575,-0.391203,0.569,1
180,29,4,4,6,5,5.29167,-0.120701,3,0.683664,-0.684793,0.569,1
180,32,1,2,0,-1,-15.2765,-8.36353,1,-0.133578,0.12085,0.7,1
180,32,1,2,1,0,-15.8204,-8.97744,2,-0.0503122,0.0678444,0.7,1
180,32,1,2,2,0,-14.4803,-8.52957,8,-0.117744,0.166295,0.7,1
180,32,1,2,3,0,-15.5395,-7.70535,8,-0.23424,0.0797272,0.7,1
180,32,1,2,4,1,-16.3129,-9.54374,0,0.0393148,0.00481098,0.7,1
180,34,2,2,0,-1,15.7916,9.91228,1,0.304189,0.570024,0.089,1
180,34,2,2,1,0,16.3428,10.8079,4,0.172109,0.557846,0.089,1
180,34,2,2,2,1,15.0082,10.4037,3,0.205407,0.324186,0.089,1
180,34,2,2,3,1,16.4942,9.51313,3,0.890652,0.574455,0.089,1
180,45,3,1,0,-1,8.20712,15.4221,1,-0.00281678,-0.00187996,0.34,1
180,45,3,1,1,0,7.37849,15.9789,4,-0.004213,-0.00409787,0.34,1
180,45,3,1,4,0,9.16862,14.6233,0,-0.00109788,0.000387911,0.34,1
180,45,3,1,5,4,9.9416,13.6018,0,-0.000726426,0.00128929,0.34,1
180,45,3,1,6,5,11.0679,12.9916,0,-0.0005267,0.00281971,0.34,1
180,45,3,1,7,6,11.8123,11.9489,0,0.000813635,0.00430549,0.34,1
180,45,3,1,8,7,12.9877,11.3195,0,0.00262159,0.00821473,0.34,1
180,47,2,3,0,-1,21.0951,-6.61611,1,0.323729,0.322452,0.089,1
180,47,2,3,1,0,21.3818,-5.6068,4,0.00285815,0.41528,0.089,1
180,47,2,3,2,1,20.1282,-6.29615,3,0.183304,0.0859749,0.089,1
180,47,2,3,3,1,21.9868,-6.76695,3,0.38985,0.611442,0.089,1
180,52,1,1,0,-1,-9.40868,-8.21133,1,0.0111541,0.0392986,0.701,1
180,52,1,1,1,0,-10.2291,-8.25854,8,0.0117358,0.0410395,0.701,1
180,52,1,1,2,0,-8.94203,-8.88721,8,0.00599504,0.0344795,0.701,1
180,52,1,1,3,0,-9.13861,-7.55709,8,0.0194732,0.0389674,0.701,1
180,52,1,1,4,1,-10.9769,-8.30545,0,0.00964167,0.0440837,0.701,1
180,58,2,4,0,-1,21.5663,-13.8496,1,0.485911,0.216824,0.092,1
180,58,2,4,1,0,22.2144,-13.0213,4,0.377445,0.301443,0.092,1
180,58,2,4,2,1,20.8272,-13.172,3,0.397595,0.10948,0.092,1
180,58,2,4,3,1,22.329,-14.4206,3,0.552181,0.316064,0.092,1
180,60,2,1,0,-1,5.81619,-12.2089,1,0.215682,-0.0300724,0.09,1
180,60,2,1,1,0,6.08179,-11.1944,4,0.139751,0.0590457,0.09,1
180,60,2,1,2,1,4.85133,-11.8618,3,-0.0160974,0.393959,0.09,1
180,60,2,1,3,1,6.74287,-12.3297,3,0.428987,0.233184,0.09,1
180,62,2,3,0,-1,7.77407,-8.13611,1,-0.426779,0.303466,0.089,1
180,62,2,3,1,0,7.61073,-7.0702,4,0.0632393,0.291372,0.089,1
180,62,2,3,2,1,6.55927,-7.99665,3,-0.519123,0.891887,0.089,1
180,62,2,3,3,1,8.70428,-7.78035,3,-0.0155576,0.0579583,0.089,1
180,82,1,1,0,-1,-12.7603,-8.64463,1,-0.0380026,0.12354,0.701,1
180,82,1,1,1,0,-12.3357,-7.95056,8,-0.0375786,0.148005,0.701,1
180,82,1,1,2,0,-13.6527,-8.5244,8,-0.0529504,0.0677402,0.701,1
180,82,1,1,3,0,-12.2962,-9.18251,8,-0.0517406,0.120478,0.701,1
180,82,1,1,4,1,-11.9479,-7.31212,0,-0.0442134,0.165145,0.701,1
180,84,3,1,0,-1,-7.33781,10.0032,1,-0.506882,0.254808,0.339,1
180,84,3,1,1,0,-8.22869,10.583,4,-0.224288,0.303914,0.339,1
180,84,3,1,2,1,-8.27159,9.27692,3,-0.443716,0.215581,0.339,1
180,84,3,1,3,1,-6.93944,10.6381,3,-0.187011,-0.0606234,0.339,1
180,84,3,1,4,0,-6.21396,9.40188,0,-0.612988,0.038123,0.339,1
180,84,3,1,5,4,-4.96707,8.97336,0,-0.640112,-0.247984,0.339,1
180,84,3,1,6,5,-3.6722,9.11004,0,-0.583431,-0.226596,0.339,1
180,84,3,1,7,6,-2.62756,8.35285,0,-0.282818,0.128638,0.339,1
180,84,3,1,8,7,-1.38993,7.82408,0,-0.0387308,0.645798,0.339,1
180,90,2,3,0,-1,12.2674,7.862,1,-0.740092,0.113566,0.088,1
180,90,2,3,1,0,11.4049,8.45405,4,-0.867207,-0.11074,0.088,1
180,90,2,3,2,1,11.7178,7.08441,3,-0.415601,-0.0137548,0.088,1
180,90,2,3,3,1,12.7038,8.51416,3,-0.846172,-0.0734383,0.088,1
180,90,2,3,4,3,13.0228,8.1982,3,-0.855593,-0.0978528,0.088,1
180,94,4,5,0,-1,7.22987,0.86197,1,0.265634,0.142258,0.569,0
180,94,4,5,1,0,7.55467,1.9979,8,-0.21958,0.281826,0.569,0
180,98,2,4,0,-1,9.83764,-11.0391,1,0.0317231,0.138986,0.088,1
180,98,2,4,1,0,9.74949,-10.0022,4,0.0849826,0.145633,0.088,1
180,98,2,4,2,1,8.89419,-11.1104,3,-0.102823,0.292058,0.088,1
180,98,2,4,3,1,10.6946,-10.9182,4,0.0181052,0.0706105,0.088,1
180,104,3,1,0,-1,0.569819,0.513192,1,-0.364846,0.0989408,0.341,0
180,104,3,1,1,0,0.976394,-0.435338,4,-0.584862,0.021783,0.341,0
180,104,3,1,2,1,1.71967,0.658532,3,-0.321339,-0.146828,0.341,0
180,104,3,1,3,1,-0.177141,0.159332,3,-0.480333,0.230439,0.341,0
180,104,3,1,4,0,0.380156,1.74165,0,-0.0684937,0.135194,0.341,0
180,104,3,1,5,4,0.357807,3.0398,0,0.0426048,0.100534,0.341,0
180,104,3,1,6,5,-0.0537854,4.26804,0,0.0041108,0.0514307,0.341,0
180,104,3,1,7,6,0.227838,5.52606,0,-0.027048,0.0328255,0.341,0
180,105,2,4,0,-1,9.31215,-14.2081,1,0.256918,-0.125817,0.09,1
180,105,2,4,1,0,10.3438,-13.9869,4,0.1023,-0.195929,0.09,1
180,105,2,4,2,1,9.42722,-12.8815,3,0.148911,0.00309188,0.09,1
180,105,2,4,3,1,9.50145,-14.9904,3,0.0657402,-0.284495,0.09,1
180,107,2,2,0,-1,5.34332,-12.8511,1,0.0135016,0.043891,0.09,0
180,107,2,2,1,0,4.32979,-13.0881,4,-0.00556361,-0.073434,0.09,0
180,107,2,2,2,1,5.59364,-13.6824,3,0.0101082,-0.0145529,0.09,0
180,110,1,2,0,-1,-9.76261,-8.93411,1,0.0434702,0.0231965,0.702,0
180,111,3,3,0,-1,-10.9503,16.7674,1,-0.207775,0.167819,0.339,1
180,111,3,3,1,0,-11.747,17.4923,4,-0.475453,-0.0432665,0.339,1
180,111,3,3,2,1,-11.7741,16.1957,3,0.157727,0.0211962,0.339,1
180,111,3,3,3,1,-10.5791,18.1154,3,-0.738909,0.403282,0.339,1
180,111,3,3,4,0,-10.3432,15.5765,0,0.206646,0.36851,0.339,1
180,111,3,3,5,4,-10.5505,14.1797,0,0.300826,0.358646,0.339,1
180,111,3,3,6,5,-10.4847,12.7881,0,0.213476,0.358787,0.339,1
180,111,3,3,7,6,-10.9505,11.5385,0,0.0769646,0.385227,0.339,1
180,111,3,3,8,7,-10.7859,10.1914,0,-0.0496934,0.357739,0.339,1
180,112,2,5,0,-1,10.1255,-11.7784,1,0.0362262,0.152713,0.089,0
180,112,2,5,1,0,9.13591,-12.0095,4,0.0537166,-0.206339,0.089,0
180,112,2,5,2,1,10.2383,-12.9568,3,0.180701,0.110755,0.089,0
180,114,2,5,0,-1,0.77567,-13.097,1,-0.393698,-0.487403,0.091,1
180,114,2,5,1,0,0.256266,-14.0073,4,-0.512899,-0.436236,0.091,1
180,114,2,5,2,1,1.61813,-13.7046,3,-0.524695,-0.561639,0.091,1
180,114,2,5,3,1,-0.0180738,-12.7221,3,-0.31707,-0.40164,0.091,1
180,117,7,4,0,-1,7.91289,-8.95265,1,-0.926762,0.317327,0.114,0
180,117,7,4,1,0,8.51984,-8.50305,3,-0.660482,0.216091,0.114,0
180,117,7,4,2,0,9.02147,-8.75893,4,-0.833536,-0.544635,0.114,0
180,119,2,4,0,-1,20.7221,-5.90362,1,0.0882599,0.195647,0.09,0
180,120,2,6,0,-1,3.47883,-11.2012,1,-0.231082,-0.0916922,0.091,1
180,120,2,6,1,0,2.4558,-11.499,4,-0.182283,-0.164702,0.091,1
180,120,2,6,2,1,3.67907,-12.1694,3,-0.485429,-0.698314,0.091,1
180,120,2,6,3,1,2.99454,-10.3251,3,-0.460597,0.0644641,0.091,1
180,122,1,2,0,-1,-14.8576,-12.7935,1,-0.0335147,-0.0802831,0.7,0
180,122,1,2,1,0,-15.188,-13.5493,8,-0.11374,-0.051591,0.7,0
180,123,3,4,0,-1,-10.9499,17.5472,1,-0.533158,0.149221,0.338,0
180,124,2,5,0,-1,9.69593,-13.5169,1,0.277338,0.0663251,0.091,0
180,124,2,5,1,0,9.92184,-12.4432,4,-0.534471,0.346509,0.091,0
180,126,3,3,0,-1,-6.40961,15.2865,1,-0.207226,-0.0679155,0.337,0
180,126,3,3,1,0,-5.51036,15.9192,4,0.113816,-0.513112,0.337,0
210,0,1,0,0,-1,-13.5463,-8.77378,1,3.52685e-06,1.47574e-05,0.7,1
210,0,1,0,1,0,-13.3327,-7.89503,8,4.86515e-05,-2.43852e-05,0.7,1
210,0,1,0,2,0,-14.3331,-9.00447,8,1.81546e-05,3.97701e-05,0.7,1
210,0,1,0,3,0,-13.062,-9.28476,8,4.46697e-05,2.46336e-06,0.7,1
210,0,1,0,4,1,-13.1749,-7.15974,0,5.29468e-05,-2.62264e-05,0.7,1
210,2,3,0,0,-1,3.34891,-2.96439,1,0.137146,-0.208273,0.34,1
210,2,3,0,1,0,4.20806,-3.57183,4,-0.152054,-0.570259,0.34,1
210,2,3,0,2,1,4.34036,-2.29173,3,0.518913,-0.617713,0.34,1
210,2,3,0,3,1,2.90129,-3.62636,3,-0.189739,0.0811796,0.34,1
210,2,3,0,4,0,2.25838,-2.27212,0,0.265318,-0.122018,0.34,1
210,2,3,0,5,4,1.45866,-1.14839,0,0.256671,-0.329046,0.34,1
210,2,3,0,6,5,0.641468,-0.0506089,0,0.139186,-0.600535,0.34,1
210,2,3,0,7,6,0.639777,1.31328,0,0.296765,-0.749886,0.34,1
210,2,3,0,8,7,0.411176,2.68297,0,0.58467,-0.809011,0.34,1
210,4,1,1,0,-1,-13.2774,-4.95881,1,-1.47851e-05,5.04928e-06,0.699,1
210,4,1,1,1,0,-13.5529,-4.18649,2,-1.80025e-05,5.64637e-06,0.699,1
210,4,1,1,2,0,-13.8083,-5.58356,8,1.86639e-05,2.03963e-05,0.699,1
210,4,1,1,3,0,-12.5729,-5.0319,8,1.16754e-05,-2.17635e-05,0.699,1
210,4,1,1,4,1,-13.805,-3.48011,0,2.44689e-06,-9.32728e-06,0.699,1
210,7,4,1,0,-1,-0.858628,-3.60139,1,-0.0347259,-0.0113156,0.571,1
210,7,4,1,1,0,0.324748,-3.80092,8,0.0644675,0.534046,0.571,1
210,7,4,1,2,1,1.30789,-4.01013,3,0.167685,0.991822,0.571,1
210,7,4,1,3,0,-1.27631,-2.47738,8,-0.529519,-0.190503,0.571,1
210,7,4,1,4,3,-1.59113,-1.524,3,-0.941238,-0.324058,0.571,1
210,7,4,1,5,0,-1.62152,-4.52888,8,0.390469,-0.371009,0.571,1
210,7,4,1,6,5,-2.28792,-5.28255,3,0.747634,-0.692247,0.571,1
210,8,4,2,0,-1,-6.27462,3.48211,1,-0.0271808,0.0433182,0.571,1
210,8,4,2,1,0,-6.75184,2.38542,8,0.452871,-0.186994,0.571,1
210,8,4,2,2,1,-7.20759,1.49243,3,0.835473,-0.398483,0.571,1
210,8,4,2,3,0,-5.08161,3.61942,8,-0.0768702,0.571162,0.571,1
210,8,4,2,4,3,-4.08001,3.70012,3,-0.106177,1.00321,0.571,1
210,8,4,2,5,0,-7.03079,4.41088,8,-0.446464,-0.279452,0.571,1
210,8,4,2,6,5,-7.64892,5.20237,3,-0.820604,-0.561362,0.571,1
210,10,3,2,0,-1,-12.0127,13.4702,1,0.170816,0.616164,0.338,1
210,10,3,2,1,0,-12.0836,14.5316,4,0.655484,0.632976,0.338,1
210,10,3,2,2,1,-13.2441,13.9936,3,0.363051,1.20237,0.338,1
210,10,3,2,4,0,-11.6872,12.1911,0,-0.215016,0.517352,0.338,1
210,10,3,2,5,4,-10.985,10.9818,0,-0.393577,0.331848,0.338,1
210,10,3,2,6,5,-9.71842,10.4722,0,-0.452236,0.113774,0.338,1
210,10,3,2,7,6,-8.56246,9.79084,0,-0.556074,-0.0910269,0.338,1
210,10,3,2,8,7,-7.1918,9.74265,0,-0.557944,-0.36237,0.338,1
210,20,1,1,0,-1,-14.7908,-12.6171,1,-0.326928,0.119278,0.701,1
210,20,1,1,1,0,-14.7001,-13.4567,8,-0.123284,0.0619831,0.701,1
210,20,1,1,2,0,-14.1812,-12.0552,8,-0.212658,0.126493,0.701,1
210,20,1,1,3,0,-15.4387,-12.3336,8,-0.542677,-0.135702,0.701,1
210,20,1,1,4,1,-14.6249,-14.2168,0,0.152855,0.0275382,0.701,1
210,24,2,2,0,-1,14.885,-5.38988,1,-0.147466,0.398611,0.089,1
210,24,2,2,1,0,14.5704,-4.37769,4,-0.263777,0.389258,0.089,1
210,24,2,2,2,1,13.885,-5.59528,3,-0.0717926,0.304617,0.089,1
210,24,2,2,3,1,15.7262,-4.97129,3,-0.194532,0.549122,0.089,1
210,25,3,1,0,-1,11.1896,15.0073,1,-0.257732,-0.309239,0.34,1
210,25,3,1,1,0,10.2918,14.5431,4,-0.240633,-0.422808,0.34,1
210,25,3,1,2,1,11.5384,14.1222,3,-0.227756,-0.359849,0.34,1
210,25,3,1,3,1,10.6343,15.7847,3,-0.302146,-0.43015,0.34,1
210,25,3,1,4,0,12.4259,15.2276,0,-0.28077,-0.0946122,0.34,1
210,25,3,1,5,4,13.5598,14.6131,0,-0.237725,0.0521406,0.34,1
210,25,3,1,6,5,14.7112,14.0437,0,-0.199584,0.22261,0.34,1
210,25,3,1,7,6,15.1662,12.8339,0,-0.0364926,0.308462,0.34,1
210,25,3,1,8,7,15.9653,11.7569,0,0.233928,0.521031,0.34,1
210,26,3,3,0,-1,-17.6569,14.7694,1,-0.0689011,0.330464,0.337,1
210,26,3,3,1,0,-18.6795,14.5838,4,-0.10586,0.350999,0.337,1
210,26,3,3,2,1,-17.8635,13.573,3,-0.094931,0.370222,0.337,1
210,26,3,3,3,1,-17.8462,15.5857,3,-0.106393,0.325683,0.337,1
210,26,3,3,4,0,-16.3956,15.047,0,0.00664457,0.21493,0.337,1
210,26,3,3,5,4,-15.0194,15.2836,0,0.184966,0.0271909,0.337,1
210,26,3,3,6,5,-13.6976,15.8395,0,0.305521,0.1612,0.337,1
210,26,3,3,7,6,-12.3788,15.7512,0,0.36401,0.809405,0.337,1
210,26,3,3,8,7,-11.021,16.0634,0,0.118311,1.07884,0.337,1
210,29,4,4,0,-1,6.68395,1.56308,1,-0.00243648,-0.0413313,0.569,1
210,29,4,4,1,0,7.88241,1.59932,8,-0.0572406,0.358391,0.569,1
210,29,4,4,2,1,8.88171,1.54141,3,-0.0725158,0.758314,0.569,1
210,29,4,4,3,0,6.01467,2.56063,8,-0.426879,-0.308374,0.569,1
210,29,4,4,4,3,5.48549,3.41494,3,-0.838328,-0.545686,0.569,1
210,29,4,4,5,0,6.1512,0.491249,8,0.437155,-0.236615,0.569,1
210,29,4,4,6,5,5.68144,-0.395938,3,0.819783,-0.434955,0.569,1
210,32,1,2,0,-1,-15.6758,-8.03711,1,-1.15147e-05,-1.47789e-05,0.7,1
210,32,1,2,1,0,-15.9683,-8.80319,2,-2.65323e-05,2.77867e-05,0.7,1
210,32,1,2,2,0,-14.8663,-7.90729,8,2.94044e-05,-2.85854e-05,0.7,1
210,32,1,2,3,0,-16.1638,-7.52371,8,-4.39121e-05,-6.84254e-06,0.7,1
210,32,1,2,4,1,-16.2358,-9.50387,0,3.84393e-05,3.52659e-05,0.7,1
210,45,3,1,0,-1,7.12191,15.4674,1,-0.0139222,-0.479995,0.34,1
210,45,3,1,1,0,7.06609,16.477,4,0.257015,-0.47316,0.34,1
210,45,3,1,4,0,7.08332,14.1943,0,-0.328307,-0.457146,0.34,1
210,45,3,1,5,4,6.82529,12.8396,0,-0.518614,-0.372564,0.34,1
210,45,3,1,6,5,7.12479,11.4812,0,-0.51892,-0.354881,0.34,1
210,45,3,1,7,6,7.44502,10.0993,0,-0.237938,-0.318519,0.34,1
210,45,3,1,8,7,8.29691,9.08159,0,-0.212084,-0.274224,0.34,1
210,52,1,1,0,-1,-9.75261,-8.13967,1,-0.00210328,0.00141031,0.701,1
210,52,1,1,1,0,-10.5561,-7.97613,8,-0.00252108,0.00180822,0.701,1
210,52,1,1,2,0,-9.46436,-8.99686,8,-0.0074776,-0.000862094,0.701,1
210,52,1,1,3,0,-9.32465,-7.57537,8,-0.00232013,0.00264739,0.701,1
210,52,1,1,4,1,-11.2911,-7.82663,0,-0.00314891,0.000724317,0.701,1
210,62,2,3,0,-1,18.0619,-10.5964,1,-0.491373,-0.572021,0.089,1
210,62,2,3,1,0,17.4718,-11.4571,4,-0.395269,-0.575199,0.089,1
210,62,2,3,2,1,18.799,-11.0259,3,-0.467827,-0.284601,0.089,1
210,62,2,3,3,1,17.281,-10.1594,3,-0.267113,-0.528998,0.089,1
210,82,1,1,0,-1,-12.9135,-8.34234,1,-4.35173e-05,2.07664e-05,0.701,1
210,82,1,1,1,0,-12.5042,-7.63234,8,-3.98916e-05,-2.78553e-05,0.701,1
210,82,1,1,2,0,-13.8133,-8.25481,8,-2.83531e-05,1.16559e-05,0.701,1
210,82,1,1,3,0,-12.4381,-8.8722,8,-1.80651e-05,3.12443e-05,0.701,1
210,82,1,1,4,1,-12.1296,-6.98258,0,-5.35168e-05,-1.41478e-05,0.701,1
210,84,3,1,0,-1,-14.2119,15.657,1,0.0943986,0.291262,0.339,1
210,84,3,1,1,0,-13.5095,16.4825,4,0.249926,0.151008,0.339,1
210,84,3,1,2,1,-14.695,16.9471,3,0.38861,0.509962,0.339,1
210,84,3,1,3,1,-13.5377,15.1474,3,0.156384,0.150637,0.339,1
210,84,3,1,4,0,-14.6301,14.4581,0,-0.189683,0.378512,0.339,1
210,84,3,1,5,4,-14.5761,13.1077,0,-0.274021,0.458861,0.339,1
210,84,3,1,6,5,-14.0414,11.8501,0,-0.166502,0.626849,0.339,1
210,84,3,1,7,6,-14.1418,10.5037,0,-0.224328,0.696013,0.339,1
210,84,3,1,8,7,-13.8077,9.17252,0,-0.376025,0.675237,0.339,1
210,90,2,3,0,-1,17.5338,5.85864,1,0.455072,-0.449343,0.088,1
210,90,2,3,1,0,17.1414,4.8788,4,-0.0340676,-0.247589,0.088,1
210,90,2,3,2,1,18.4782,5.29941,3,0.166768,-0.863572,0.088,1
210,90,2,3,3,1,16.5804,6.07286,3,0.548577,0.0276868,0.088,1
210,90,2,3,4,3,16.7255,6.49341,3,0.756009,-0.0368601,0.088,1
210,98,2,4,0,-1,12.5695,-7.13282,1,0.478802,-0.588245,0.088,1
210,98,2,4,1,0,11.8335,-8.04912,4,-0.360388,-0.18649,0.088,1
210,98,2,4,2,1,13.2374,-8.07788,3,-0.506804,-1.28843,0.088,1
210,98,2,4,3,1,11.685,-6.69384,4,0.738262,-0.347004,0.088,1
210,104,3,1,0,-1,-9.2589,-3.24889,1,-0.473876,-0.519651,0.341,1
210,104,3,1,1,0,-9.91327,-4.05499,4,-0.168246,-0.744867,0.341,1
210,104,3,1,2,1,-8.60036,-4.04126,3,-0.159607,0.0111882,0.341,1
210,104,3,1,3,1,-10.2364,-2.8024,3,-0.910683,-0.914595,0.341,1
210,104,3,1,4,0,-8.26354,-2.43303,0,-0.570593,-0.419034,0.341,1
210,104,3,1,5,4,-7.14787,-1.64009,0,-0.454883,-0.579848,0.341,1
210,104,3,1,6,5,-6.4574,-0.487619,0,-0.386941,-0.587457,0.341,1
210,104,3,1,7,6,-5.27022,0.0731383,0,-0.41903,-0.405242,0.341,1
210,104,3,1,8,7,-4.23382,0.93521,0,-0.423972,-0.344135,0.341,1
210,110,1,2,0,-1,-10.062,-8.81838,1,-0.00846368,0.00401516,0.702,0
210,110,1,2,1,0,-9.22765,-8.46913,8,-0.00449954,-0.00635298,0.702,0
210,111,3,3,0,-1,-19.7466,22.8687,1,-0.231722,-0.0597438,0.339,1
210,111,3,3,1,0,-20.4538,23.5665,4,-0.269537,-0.14656,0.339,1
210,111,3,3,2,1,-20.5553,22.2614,3,-0.0195714,-0.167536,0.339,1
210,111,3,3,3,1,-19.111,23.3728,3,-0.301204,-0.293871,0.339,1
210,111,3,3,4,0,-18.8825,21.9807,0,-0.199747,-0.0298907,0.339,1
210,111,3,3,5,4,-17.995,21.0954,0,-0.155143,0.00860684,0.339,1
210,111,3,3,6,5,-16.743,20.9561,0,-0.126297,0.04529,0.339,1
210,111,3,3,7,6,-15.626,20.3745,0,-0.0900544,0.0541921,0.339,1
210,111,3,3,8,7,-14.3051,20.4427,0,-0.0692214,-0.0208381,0.339,1
210,114,2,5,0,-1,-12.601,-12.1734,1,-0.0557419,0.554086,0.091,1
210,114,2,5,1,0,-11.9356,-11.3682,4,0.526212,-0.116107,0.091,1
210,114,2,5,2,1,-13.3009,-11.6959,3,0.0915528,1.04993,0.091,1
210,114,2,5,3,1,-11.856,-12.7048,3,-0.82577,-0.222049,0.091,1
210,120,2,6,0,-1,6.07078,-19.0664,1,0.339988,-0.11451,0.091,1
210,120,2,6,1,0,7.06026,-19.4213,4,0.370516,-0.0235798,0.091,1
210,120,2,6,2,1,6.47056,-18.1542,3,0.247574,-0.0812369,0.091,1
210,120,2,6,3,1,5.85005,-19.9099,3,0.399802,-0.103363,0.091,1
210,123,3,4,0,-1,-19.7545,23.66,1,-0.228091,-0.00245026,0.338,0
210,126,3,3,0,-1,-11.5121,14.1035,1,0.361424,0.449407,0.337,0
210,126,3,3,1,0,-11.3104,15.1992,4,0.428254,0.458521,0.337,0
210,126,3,3,2,1,-12.6179,15.0241,3,0.488929,0.224888,0.337,0
210,126,3,3,3,1,-10.698,14.0191,3,0.264866,0.357148,0.337,0
210,126,3,3,4,0,-11.3918,12.8737,0,0.0903232,0.408543,0.337,0
210,126,3,3,5,4,-10.7748,11.7499,0,-0.249829,0.228263,0.337,0
210,126,3,3,6,5,-9.53059,11.3729,0,-0.360605,0.0102802,0.337,0
210,126,3,3,7,6,-8.43421,10.6908,0,-0.503058,-0.146971,0.337,0
210,127,3,2,0,-1,7.72476,11.4736,1,-0.496601,-0.406878,0.339,1
210,127,3,2,1,0,7.1391,10.6271,4,-0.345385,-0.510342,0.339,1
210,127,3,2,2,1,8.40968,10.9494,3,-0.372486,-0.401946,0.339,1
210,127,3,2,3,1,6.39314,11.6793,3,-0.640257,-0.747516,0.339,1
210,127,3,2,4,0,8.67539,12.2707,0,-0.675638,-0.164873,0.339,1
210,127,3,2,5,4,9.67924,12.9693,0,-0.714522,-0.0380966,0.339,1
210,127,3,2,6,5,9.55678,14.1886,0,-0.577519,-0.00727397,0.339,1
210,127,3,2,7,6,9.91325,15.3971,0,-0.330526,-0.168693,0.339,1
210,127,3,2,8,7,9.78274,16.7294,0,-0.0970629,-0.223729,0.339,1
210,131,2,6,0,-1,0.450206,-11.1995,1,-0.169037,0.937724,0.092,1
210,131,2,6,1,0,-0.524518,-10.778,4,-0.496886,0.187007,0.092,1
210,131,2,6,2,1,-0.196583,-12.155,3,0.559324,0.42784,0.092,1
210,131,2,6,3,1,0.646286,-10.1831,3,-0.947434,1.09168,0.092,1
210,133,2,7,0,-1,5.28078,-19.2103,1,0.309877,0.043884,0.091,0
210,134,2,7,0,-1,-3.60574,-15.3407,1,-0.237619,0.662523,0.091,1
210,134,2,7,1,0,-4.46644,-14.7069,4,-0.763502,0.0142378,0.091,1
210,134,2,7,2,1,-4.26495,-16.0903,3,-0.257987,0.129828,0.091,1
210,134,2,7,3,1,-3.17957,-14.5609,3,-0.825676,0.208625,0.091,1
210,138,2,4,0,-1,12.0821,9.53346,1,-0.389631,-0.360408,0.089,1
210,138,2,4,1,0,11.2591,8.87889,4,-0.582956,-0.121681,0.089,1
210,138,2,4,2,1,12.7211,8.71294,3,-0.6247,-0.563336,0.089,1
210,138,2,4,3,1,11.5282,10.1589,3,-0.212985,-0.197855,0.089,1
210,138,2,4,4,3,11.9028,10.3952,3,-0.142664,-0.309832,0.089,1
210,139,2,3,0,-1,12.5857,-9.95063,1,0.216007,0.647851,0.089,1
210,139,2,3,1,0,12.3515,-8.91768,4,-0.42204,0.514212,0.089,1
210,139,2,3,2,1,11.5185,-10.0488,3,0.117289,0.105231,0.089,1
210,139,2,3,3,1,13.4963,-9.55584,3,0.0618006,1.35882,0.089,1
210,140,2,6,0,-1,-3.35028,-10.4702,1,0.662114,-0.483089,0.092,1
210,140,2,6,1,0,-3.1276,-11.5033,4,-0.0137154,-0.635837,0.092,1
210,140,2,6,2,1,-2.25792,-10.4094,3,0.804454,-1.26647,0.092,1
210,140,2,6,3,1,-4.22807,-10.7755,3,0.418616,0.0276886,0.092,1
210,144,2,4,0,-1,19.8013,-8.75897,1,0.157236,-0.0359236,0.088,1
210,144,2,4,1,0,18.7858,-8.50986,4,0.204126,0.299893,0.088,1
210,144,2,4,2,1,19.5392,-9.67869,3,-0.119174,0.111329,0.088,1
210,144,2,4,3,1,19.9895,-7.97517,3,0.321696,-0.00355122,0.088,1
210,146,3,1,0,-1,3.05448,-2.2018,1,0.453978,-0.0680533,0.341,0
210,146,3,1,1,0,3.54998,-1.32608,4,0.413972,-0.0265552,0.341,0
210,146,3,1,2,1,2.24398,-1.45209,3,0.441248,-0.308829,0.341,0
210,147,2,8,0,-1,-3.5783,-16.17,1,-0.301689,0.626552,0.09,0
210,147,2,8,1,0,-3.80721,-17.2185,4,0.218533,0.420687,0.09,0
210,147,2,8,2,1,-2.42401,-17.4447,3,0.316868,0.519699,0.09,0
210,148,2,3,0,-1,14.8286,-6.19828,1,0.174186,0.360184,0.09,0
210,148,2,3,1,0,14.2648,-7.08048,4,0.176447,0.330209,0.09,0
210,149,8,5,0,-1,12.1001,-7.5999,1,0.108867,0.00341299,0.113,0
240,0,1,0,0,-1,-15.928,-8.80862,1,-0.0487288,0.00172198,0.7,1
240,0,1,0,1,0,-15.5683,-8.07275,8,-0.0770867,0.0094608,0.7,1
240,0,1,0,2,0,-16.741,-8.88946,8,-0.0436245,-0.0130522,0.7,1
240,0,1,0,3,0,-15.4867,-9.36525,8,-0.0147475,0.025987,0.7,1
240,0,1,0,4,1,-15.2104,-7.41052,0,-0.0786498,0.00734915,0.7,1
240,2,3,0,0,-1,7.04108,-13.7143,1,-0.423976,-0.128102,0.34,1
240,2,3,0,1,0,6.26386,-14.3884,4,-0.556897,-0.0356038,0.34,1
240,2,3,0,2,1,7.47876,-14.8057,3,-0.633672,-0.203004,0.34,1
240,2,3,0,3,1,6.54413,-13.1014,3,-0.394836,-0.0926466,0.34,1
240,2,3,0,4,0,7.81816,-12.6958,0,-0.324813,-0.176268,0.34,1
240,2,3,0,5,4,8.08078,-11.3368,0,-0.678315,-0.110552,0.34,1
240,2,3,0,6,5,7.58762,-10.2961,0,-0.158259,-0.239289,0.34,1
240,2,3,0,7,6,7.14459,-9.14789,0,0.189023,-0.380772,0.34,1
240,2,3,0,8,7,5.99042,-8.49459,0,0.273318,-0.393041,0.34,1
240,4,1,1,0,-1,-14.3256,-3.39253,1,-0.00655874,0.00482992,0.699,1
240,4,1,1,1,0,-15.119,-3.18469,2,-0.00699103,0.00455446,0.699,1
240,4,1,1,2,0,-14.1084,-4.18313,8,-0.0047609,0.00536003,0.699,1
240,4,1,1,3,0,-13.868,-2.85198,8,-0.00606151,0.00433059,0.699,1
240,4,1,1,4,1,-15.8445,-2.99442,0,-0.00722695,0.0044094,0.699,1
240,7,4,1,0,-1,-1.25209,-3.56046,1,0.00219632,-0.00358856,0.571,1
240,7,4,1,1,0,-0.392581,-2.7264,8,-0.379418,0.394908,0.571,1
240,7,4,1,2,1,0.355016,-2.05702,3,-0.685913,0.739228,0.571,1
240,7,4,1,3,0,-2.40336,-3.23501,8,-0.122946,-0.521717,0.571,1
240,7,4,1,4,3,-3.34533,-2.91465,3,-0.105538,-0.823693,0.571,1
240,7,4,1,5,0,-0.959592,-4.72104,8,0.528715,0.132476,0.571,1
240,7,4,1,6,5,-0.752758,-5.70263,3,0.973165,0.225699,0.571,1
240,20,1,1,0,-1,-15.5987,-12.6013,1,3.03959e-06,-2.65345e-05,0.701,1
240,20,1,1,1,0,-15.0055,-13.1674,8,-1.5329e-05,3.14521e-05,0.701,1
240,20,1,1,2,0,-15.4051,-11.8046,8,2.73384e-05,2.01513e-05,0.701,1
240,20,1,1,3,0,-16.261,-12.8525,8,-7.8594e-05,-1.77629e-05,0.701,1
240,20,1,1,4,1,-14.463,-13.6852,0,3.50019e-05,-1.89419e-06,0.701,1
240,24,2,2,0,-1,13.7204,-3.27156,1,-0.183485,-0.170412,0.089,1
240,24,2,2,1,0,12.9099,-3.95825,4,-0.493589,0.19795,0.089,1
240,24,2,2,2,1,14.3154,-4.19617,3,-0.561602,-0.235314,0.089,1
240,24,2,2,3,1,13.0654,-2.61256,3,0.115486,0.115299,0.089,1
240,25,3,1,0,-1,12.8804,8.90143,1,0.786628,-0.162686,0.34,1
240,25,3,1,1,0,13.835,8.48659,4,0.94948,0.22525,0.34,1
240,25,3,1,2,1,13.2599,9.66646,3,0.40808,-0.0347602,0.34,1
240,25,3,1,3,1,12.8011,7.72364,3,1.2471,-0.175058,0.34,1
240,25,3,1,4,0,12.0273,9.87679,0,0.438253,-0.473693,0.34,1
240,25,3,1,5,4,11.8655,11.2803,0,0.0944568,-0.519803,0.34,1
240,25,3,1,6,5,11.5249,12.6254,0,-0.139556,-0.585169,0.34,1
240,25,3,1,7,6,11.7517,13.9663,0,-0.330724,-0.559997,0.34,1
240,25,3,1,8,7,11.4593,15.3095,0,-0.531494,-0.610298,0.34,1
240,26,3,3,0,-1,-13.6457,7.37736,1,0.181942,-0.914697,0.337,1
240,26,3,3,1,0,-13.6597,6.24154,4,0.58763,-0.979161,0.337,1
240,26,3,3,2,1,-12.4054,6.74427,3,0.26263,-0.720243,0.337,1
240,26,3,3,3,1,-14.6759,7.05603,3,0.412521,-1.16786,0.337,1
240,26,3,3,4,0,-13.5591,8.72822,0,-0.213098,-0.938113,0.337,1
240,26,3,3,5,4,-13.1746,10.0901,0,-0.107138,-0.899768,0.337,1
240,26,3,3,6,5,-13.4133,11.4315,0,0.0841608,-0.830713,0.337,1
240,26,3,3,7,6,-13.2553,12.7529,0,0.096027,-0.816853,0.337,1
240,26,3,3,8,7,-13.6209,14.1037,0,-0.0120123,-0.841173,0.337,1
240,29,4,4,0,-1,7.31734,1.47478,1,-0.00101182,-0.00122117,0.569,1
240,29,4,4,1,0,8.32565,2.11976,8,-0.293335,0.457521,0.569,1
240,29,4,4,2,1,9.191,2.62706,3,-0.522323,0.849781,0.569,1
240,29,4,4,3,0,6.25666,2.03033,8,-0.255176,-0.483368,0.569,1
240,29,4,4,4,3,5.38754,2.53165,3,-0.484436,-0.878563,0.569,1
240,29,4,4,5,0,7.37511,0.27855,8,0.547499,0.0245062,0.569,1
240,29,4,4,6,5,7.38528,-0.724941,3,1.0091,0.0285291,0.569,1
240,45,3,1,0,-1,1.7812,8.76622,1,-0.112521,-0.501875,0.34,1
240,45,3,1,1,0,1.09346,9.509,4,-0.14911,-0.528844,0.34,1
240,45,3,1,4,0,2.59491,7.76434,0,-0.0994422,-0.474612,0.34,1
240,45,3,1,5,4,3.41002,6.65539,0,-0.0200389,-0.402239,0.34,1
240,45,3,1,6,5,4.46455,6.04696,0,0.179219,-0.146335,0.34,1
240,45,3,1,7,6,5.01611,4.94407,0,0.18123,-0.144472,0.34,1
240,45,3,1,8,7,6.12532,4.25499,0,0.0929094,-0.27279,0.34,1
240,52,1,1,0,-1,-9.76141,-6.73561,1,-0.116851,0.145667,0.701,1
240,52,1,1,1,0,-9.93702,-7.56118,8,-0.00831721,0.0408306,0.701,1
240,52,1,1,2,0,-9.0061,-6.25297,8,-0.15279,0.248807,0.701,1
240,52,1,1,3,0,-10.3169,-6.28198,8,-0.150819,0.111138,0.701,1
240,52,1,1,4,1,-10.133,-8.29678,0,0.150802,-0.0600232,0.701,1
240,62,2,3,0,-1,9.28322,-10.9939,1,-0.773617,0.420862,0.089,1
240,62,2,3,1,0,8.77958,-10.0964,4,-0.417263,0.523922,0.089,1
240,62,2,3,2,1,8.39854,-11.4767,3,0.313309,0.43224,0.089,1
240,62,2,3,3,1,10.0898,-10.386,3,-0.651466,-0.434661,0.089,1
240,82,1,1,0,-1,-14.2648,-7.62745,1,-0.109328,0.015757,0.701,1
240,82,1,1,1,0,-14.438,-6.82713,8,-0.118406,0.0983254,0.701,1
240,82,1,1,2,0,-14.8236,-8.22135,8,-0.106122,0.0395088,0.701,1
240,82,1,1,3,0,-13.5821,-7.78015,8,-0.111185,-0.308703,0.701,1
240,82,1,1,4,1,-14.5423,-6.08566,0,-0.257262,0.124097,0.701,1
240,84,3,1,0,-1,-8.58655,20.4237,1,0.21971,0.319863,0.339,1
240,84,3,1,1,0,-8.37365,21.4201,4,-0.0807553,0.376287,0.339,1
240,84,3,1,2,1,-9.49525,20.7352,3,0.201068,-0.09726,0.339,1
240,84,3,1,3,1,-7.65469,20.3366,3,0.349552,0.658665,0.339,1
240,84,3,1,4,0,-9.08259,19.2553,0,0.391415,0.253519,0.339,1
240,84,3,1,5,4,-9.77308,18.121,0,0.265677,0.343357,0.339,1
240,84,3,1,6,5,-9.79089,16.8068,0,0.095475,0.358047,0.339,1
240,84,3,1,7,6,-10.23,15.5797,0,0.0133161,0.393172,0.339,1
240,84,3,1,8,7,-10.0744,14.2426,0,-0.0271768,0.390496,0.339,1
240,98,2,4,0,-1,10.0925,-8.59152,1,-0.137409,0.172912,0.088,1
240,98,2,4,1,0,10.9158,-7.98083,4,0.0462744,-0.131459,0.088,1
240,98,2,4,2,1,9.51183,-7.92274,3,0.0345017,0.382802,0.088,1
240,98,2,4,3,1,10.5687,-9.29171,4,-0.369816,-0.0378373,0.088,1
240,104,3,1,0,-1,-12.5926,-7.42221,1,-0.210005,-0.356223,0.341,1
240,104,3,1,1,0,-13.0709,-8.36318,4,-0.251592,-0.29287,0.341,1
240,104,3,1,2,1,-11.8003,-8.26473,3,-0.258424,-0.365694,0.341,1
240,104,3,1,3,1,-13.5365,-7.11972,3,-0.256544,-0.182226,0.341,1
240,104,3,1,4,0,-11.934,-6.29646,0,-0.265252,-0.326304,0.341,1
240,104,3,1,5,4,-11.1106,-5.15903,0,-0.0773413,-0.403521,0.341,1
240,104,3,1,6,5,-10.7933,-3.81362,0,0.0888497,-0.41711,0.341,1
240,104,3,1,7,6,-9.9561,-2.74033,0,-0.112326,-0.234861,0.341,1
240,104,3,1,8,7,-9.39514,-1.47594,0,-0.515138,-0.032092,0.341,1
240,110,1,2,0,-1,-8.95325,-6.84787,1,-0.115757,0.259447,0.702,0
240,110,1,2,1,0,-9.52432,-6.15706,8,-0.0856773,0.290598,0.702,0
240,110,1,2,2,0,-9.14646,-7.63917,8,-0.0575452,0.287184,0.702,0
240,110,1,2,3,0,-8.36257,-6.66831,8,-0.136219,0.157377,0.702,0
240,114,2,5,0,-1,-9.34839,-10.1747,1,-0.129631,-0.257711,0.091,1
240,114,2,5,1,0,-10.3864,-10.4144,4,-0.146819,-0.438901,0.091,1
240,114,2,5,2,1,-9.14231,-11.0447,3,-0.098082,-0.231627,0.091,1
240,114,2,5,3,1,-9.88071,-9.17308,3,-0.460055,-0.326736,0.091,1
240,127,3,2,0,-1,3.15081,1.88799,1,-0.669922,0.04366,0.339,1
240,127,3,2,1,0,2.25768,1.33456,4,-0.83854,0.317034,0.339,1
240,127,3,2,2,1,3.20695,0.469521,3,-1.11576,0.00956227,0.339,1
240,127,3,2,3,1,2.77651,2.54635,3,-0.480577,0.161925,0.339,1
240,127,3,2,4,0,3.94261,2.93263,0,-0.36271,-0.195204,0.339,1
240,127,3,2,5,4,4.23419,4.38774,0,0.0188611,-0.267064,0.339,1
240,127,3,2,6,5,3.64712,5.77758,0,0.319805,-0.124212,0.339,1
240,127,3,2,7,6,3.20491,7.2319,0,0.487158,-0.0456041,0.339,1
240,127,3,2,8,7,2.52041,8.48004,0,0.078239,-0.308174,0.339,1
240,131,2,6,0,-1,-1.42707,-19.5446,1,-0.311543,-0.616681,0.092,1
240,131,2,6,1,0,-0.669685,-20.2906,4,0.248874,-0.0561632,0.092,1
240,131,2,6,2,1,-0.484002,-18.8913,3,-0.67946,0.0805497,0.092,1
240,131,2,6,3,1,-1.97766,-20.4626,3,0.374265,-1.49706,0.092,1
240,134,2,7,0,-1,-7.48819,-6.75016,1,-0.244861,0.156247,0.091,1
240,134,2,7,1,0,-8.19732,-5.96789,4,-0.130695,0.252405,0.091,1
240,134,2,7,2,1,-8.27981,-7.3864,3,-0.258939,0.261991,0.091,1
240,134,2,7,3,1,-6.90222,-6.10328,3,-0.153043,0.0377419,0.091,1
240,138,2,4,0,-1,-3.77223,-0.00329167,1,-0.565807,-0.00283044,0.089,1
240,138,2,4,1,0,-4.81533,-0.163223,4,-0.550649,-0.0828518,0.089,1
240,138,2,4,2,1,-3.64598,-1.05086,3,-0.478306,-0.0148612,0.089,1
240,138,2,4,3,1,-3.966,0.828063,3,-0.636283,-0.0162353,0.089,1
240,138,2,4,4,3,-3.52476,0.857164,3,-0.648053,0.00999256,0.089,1
240,139,2,3,0,-1,10.6713,-0.0557551,1,-0.0482479,0.57059,0.089,1
240,139,2,3,1,0,9.89425,0.64802,4,-0.356134,0.269412,0.089,1
240,139,2,3,2,1,9.97514,-0.75466,3,0.133125,0.323195,0.089,1
240,139,2,3,3,1,11.2001,0.679312,3,-0.363531,0.897333,0.089,1
240,140,2,6,0,-1,-8.9442,-9.43033,1,-0.350723,-0.0414585,0.092,1
240,140,2,6,1,0,-9.91152,-9.83259,4,-0.191165,-0.421931,0.092,1
240,140,2,6,2,1,-8.57046,-10.2436,3,-0.13468,-0.297456,0.092,1
240,140,2,6,3,1,-9.27988,-8.66951,3,-0.665702,-0.155776,0.092,1
240,142,1,1,0,-1,-16.3786,-8.13814,1,-0.0378803,0.0110114,0.7,0
240,142,1,1,1,0,-16.0345,-7.39245,8,-0.05778,0.0247641,0.7,0
240,142,1,1,2,0,-17.1952,-8.19727,8,-0.0289901,-0.00677035,0.7,0
240,144,2,4,0,-1,13.2059,-5.77546,1,-0.366097,-0.096468,0.088,1
240,144,2,4,1,0,12.1879,-6.04636,4,-0.383221,-0.242534,0.088,1
240,144,2,4,2,1,13.46,-6.57993,3,-0.389438,-0.183113,0.088,1
240,144,2,4,3,1,12.902,-4.94569,3,-0.576265,-0.159952,0.088,1
240,146,3,1,0,-1,9.15631,-1.44501,1,0.0830216,0.273462,0.341,1
240,146,3,1,1,0,9.21552,-0.436996,4,-0.394243,0.235629,0.341,1
240,146,3,1,4,0,9.0023,-2.70192,0,0.127265,0.328097,0.341,1
240,146,3,1,5,4,8.82621,-4.01984,0,-0.155375,0.426731,0.341,1
240,146,3,1,6,5,9.17938,-5.29235,0,-0.286112,0.436833,0.341,1
240,146,3,1,7,6,8.8104,-6.54622,0,-0.236984,0.447968,0.341,1
240,146,3,1,8,7,8.74582,-7.89663,0,-0.0453286,0.456859,0.341,1
240,147,2,8,0,-1,-14.0907,-19.0178,1,-0.242725,-0.293051,0.09,1
240,147,2,8,1,0,-14.9366,-19.6157,4,-0.33824,-0.0670373,0.09,1
240,147,2,8,2,1,-13.5328,-19.9175,3,-0.395977,-0.492273,0.09,1
240,147,2,8,3,1,-14.647,-18.3294,3,0.00432971,-0.120618,0.09,1
240,148,2,3,0,-1,12.7456,-8.61305,1,0.0400828,-0.371832,0.09,1
240,148,2,3,1,0,13.3975,-9.43815,4,0.224203,-0.218832,0.09,1
240,148,2,3,2,1,13.737,-8.03859,3,-0.201251,-0.116782,0.09,1
240,148,2,3,3,1,12.0895,-9.29822,3,0.245876,-0.201669,0.09,1
240,149,8,5,0,-1,10.8806,-8.69305,1,-0.156009,-0.0676487,0.113,0
240,149,8,5,1,0,10.2827,-7.82284,4,0.168332,0.157731,0.113,0
240,149,8,5,2,1,9.73813,-9.15088,3,-0.263883,0.336844,0.113,0
240,149,8,5,3,1,11.6098,-8.08998,4,0.0924531,-0.322771,0.113,0
240,150,2,6,0,-1,-12.4913,-11.4334,1,-0.545249,-0.524803,0.092,1
240,150,2,6,1,0,-13.4603,-11.8934,4,-0.837761,0.0502925,0.092,1
240,150,2,6,2,1,-12.1797,-12.3749,3,-0.97433,-0.550573,0.092,1
240,150,2,6,3,1,-13.0225,-10.6643,3,-0.140479,-0.238607,0.092,1
240,151,2,7,0,-1,-2.40658,-14.8559,1,0.564368,0.443181,0.092,1
240,151,2,7,1,0,-1.48597,-15.3709,4,0.325695,0.00115533,0.092,1
240,151,2,7,2,1,-1.75965,-13.9936,3,0.82722,0.0728579,0.092,1
240,151,2,7,3,1,-2.73517,-15.7728,3,0.121217,0.702449,0.092,1
240,152,3,4,0,-1,-12.9703,6.90838,1,0.0880668,-0.919125,0.338,0
240,152,3,4,1,0,-12.5491,5.97208,4,-0.036638,-0.716147,0.338,0
240,152,3,4,2,1,-11.8517,7.11924,3,-0.406825,-0.353055,0.338,0
240,152,3,4,3,1,-13.6302,6.68625,3,-0.189412,-0.64709,0.338,0
240,152,3,4,4,0,-13.2458,8.0943,0,0.304997,-0.905478,0.338,0
240,153,1,2,0,-1,-11.1886,-9.05993,1,-0.0657406,-0.0569665,0.702,1
240,153,1,2,1,0,-11.0069,-8.25535,8,-0.122012,-0.0274472,0.702,1
240,153,1,2,2,0,-11.9773,-9.31002,8,-0.0198778,-0.184516,0.702,1
240,153,1,2,3,0,-10.6279,-9.48208,8,-0.116128,-0.0508416,0.702,1
240,153,1,2,4,1,-10.857,-7.51754,0,-0.290965,0.0180189,0.702,1
240,156,2,3,0,-1,12.9264,-3.30918,1,-0.203408,0.158586,0.09,0
240,156,2,3,1,0,13.6396,-4.08296,13,-0.366326,0.0516655,0.09,0
240,157,2,6,0,-1,-11.4922,-13.2139,1,-0.366368,0.310834,0.091,1
240,157,2,6,1,0,-12.5285,-13.1081,4,-0.384754,-0.00475019,0.091,1
240,157,2,6,2,1,-11.6909,-14.2394,3,0.0544389,0.316258,0.091,1
240,157,2,6,3,1,-11.4441,-12.3545,3,-0.533467,0.151092,0.091,1
240,158,2,8,0,-1,-4.71245,-3.46912,1,0.417482,0.475896,0.09,1
240,158,2,8,1,0,-4.9597,-2.44535,4,-0.160249,0.344039,0.09,1
240,158,2,8,2,1,-5.78108,-3.58802,3,0.507556,-0.119104,0.09,1
240,158,2,8,3,1,-3.84737,-3.13731,3,0.0241584,0.794336,0.09,1
240,159,2,4,0,-1,13.5015,2.25624,1,0.120864,0.500878,0.09,1
240,159,2,4,1,0,14.3299,2.90432,4,0.399518,0.145399,0.09,1
240,159,2,4,2,1,12.9523,3.13399,3,0.495441,0.756331,0.09,1
240,159,2,4,3,1,14.114,1.60621,3,-0.131231,0.230054,0.09,1
240,160,2,4,0,-1,11.055,-12.5871,1,0.355663,-0.523928,0.089,1
240,160,2,4,1,0,10.9121,-11.5287,4,0.0131189,-0.532548,0.089,1
240,160,2,4,2,1,9.89681,-12.4786,3,-0.374238,-0.114716,0.089,1
240,160,2,4,3,1,11.9552,-12.3261,3,0.297749,-0.114466,0.089,1
240,162,2,9,0,-1,-14.1998,-19.8168,1,-0.405906,-0.305705,0.089,0
240,163,2,7,0,-1,-2.00474,-20.0827,1,-0.361314,-0.270232,0.093,0
270,0,1,0,0,-1,-19.2803,-6.31506,1,-0.0031448,0.00918568,0.7,1
270,0,1,0,1,0,-18.5437,-5.9547,8,-0.00257489,0.00779002,0.7,1
270,0,1,0,2,0,-19.9606,-5.85751,8,-0.00224544,0.0105342,0.7,1
270,0,1,0,3,0,-19.2741,-7.02333,8,-0.00442294,0.00917336,0.7,1
270,0,1,0,4,1,-17.87,-5.6251,0,-0.00198595,0.00657959,0.7,1
270,2,3,0,0,-1,8.99416,-17.6091,1,0.213703,0.310399,0.34,1
270,2,3,0,1,0,9.92018,-17.1093,4,0.0913586,0.557998,0.34,1
270,2,3,0,2,1,8.8404,-16.3129,3,-0.263992,0.0901248,0.34,1
270,2,3,0,3,1,9.70963,-18.3829,3,0.4427,0.520386,0.34,1
270,2,3,0,4,0,7.76402,-17.9151,0,0.260016,0.111518,0.34,1
270,2,3,0,5,4,6.44088,-17.7404,0,0.288011,0.00676801,0.34,1
270,2,3,0,6,5,5.17511,-18.1065,0,0.351288,-0.0697857,0.34,1
270,2,3,0,7,6,3.8686,-18.074,0,0.38606,-0.0861016,0.34,1
270,2,3,0,8,7,2.66839,-18.6875,0,0.437546,-0.136502,0.34,1
270,20,1,1,0,-1,-18.2624,-14.2304,1,-0.000519143,-0.00066366,0.701,1
270,20,1,1,1,0,-17.7011,-14.8282,8,-0.000990853,-0.00116987,0.701,1
270,20,1,1,2,0,-18.0254,-13.4455,8,0.000273968,-0.000818064,0.701,1
270,20,1,1,3,0,-18.9374,-14.445,8,-0.000706334,4.73978e-05,0.701,1
270,20,1,1,4,1,-17.1878,-15.375,0,-0.00158288,-0.00169651,0.701,1
270,25,3,1,0,-1,11.1527,10.4951,1,0.106123,-0.409426,0.34,1
270,25,3,1,1,0,11.9383,9.75855,4,-0.00235669,-0.56787,0.34,1
270,25,3,1,2,1,12.0656,11.06,3,0.00820521,-0.578249,0.34,1
270,25,3,1,3,1,10.6489,9.73657,3,0.0101393,0.024636,0.34,1
270,25,3,1,4,0,10.4003,11.5344,0,0.15699,-0.347193,0.34,1
270,25,3,1,5,4,9.88125,12.792,0,0.25846,-0.317894,0.34,1
270,25,3,1,6,5,8.88451,13.7078,0,0.279043,-0.352266,0.34,1
270,25,3,1,7,6,8.23942,14.8902,0,0.0784588,-0.496015,0.34,1
270,25,3,1,8,7,7.18406,15.7738,0,-0.160445,-0.793327,0.34,1
270,26,3,3,0,-1,-13.2247,8.01979,1,-0.149097,-0.249164,0.337,1
270,26,3,3,1,0,-13.3245,7.00608,4,0.0322376,-0.278948,0.337,1
270,26,3,3,2,1,-12.3295,7.85988,3,-0.117481,-0.108458,0.337,1
270,26,3,3,3,1,-14.1993,7.95395,3,-0.158449,-0.473873,0.337,1
270,26,3,3,4,0,-12.7905,9.21151,0,-0.316443,-0.179245,0.337,1
270,26,3,3,5,4,-12.0807,10.3254,0,-0.32396,-0.165028,0.337,1
270,26,3,3,6,5,-12.1482,11.6252,0,-0.284378,-0.166886,0.337,1
270,26,3,3,7,6,-12.0296,12.9153,0,-0.204334,-0.173361,0.337,1
270,26,3,3,8,7,-12.6627,14.1485,0,-0.0390168,-0.0829747,0.337,1
270,29,4,4,0,-1,7.14054,-0.664133,1,0.000278267,-0.000634804,0.569,1
270,29,4,4,1,0,8.10991,-1.36757,8,0.323286,0.442758,0.569,1
270,29,4,4,2,1,8.89836,-1.98847,3,0.609361,0.804635,0.569,1
270,29,4,4,3,0,7.26067,0.527027,8,-0.542358,0.0548414,0.569,1
270,29,4,4,4,3,7.39912,1.52067,3,-0.994085,0.118468,0.569,1
270,29,4,4,5,0,6.04559,-1.14821,8,0.21972,-0.50037,0.569,1
270,29,4,4,6,5,5.11239,-1.5165,3,0.386323,-0.925525,0.569,1
270,45,3,1,0,-1,0.717534,8.81441,1,0.0132483,-0.0071172,0.34,1
270,45,3,1,1,0,0.219973,9.68028,4,0.0433805,0.010334,0.34,1
270,45,3,1,4,0,1.22705,7.67235,0,-0.0251354,-0.0245379,0.34,1
270,45,3,1,5,4,1.45297,6.41014,0,-0.044962,-0.0302756,0.34,1
270,45,3,1,6,5,2.14534,5.33046,0,-0.0315018,-0.0251255,0.34,1
270,45,3,1,7,6,2.24532,4.0514,0,0.0290748,-0.0243952,0.34,1
270,45,3,1,8,7,2.89759,2.88653,0,0.0930576,0.000963132,0.34,1
270,52,1,1,0,-1,-10.5657,-6.00398,1,5.65048e-05,-7.03206e-05,0.701,1
270,52,1,1,1,0,-9.95807,-6.55138,8,0.000134842,-2.85997e-05,0.701,1
270,52,1,1,2,0,-10.5117,-5.10749,8,-5.71214e-05,-6.23661e-05,0.701,1
270,52,1,1,3,0,-11.2193,-6.28345,8,5.79729e-05,-4.66006e-05,0.701,1
270,52,1,1,4,1,-9.40082,-7.05335,0,0.000159325,-6.64784e-05,0.701,1
270,62,2,3,0,-1,2.36237,-7.73008,1,-0.0571521,-0.294284,0.089,1
270,62,2,3,1,0,2.81706,-8.67787,4,-0.0677556,-0.29719,0.089,1
270,62,2,3,2,1,3.35386,-7.35758,3,-0.0784359,-0.303368,0.089,1
270,62,2,3,3,1,1.61692,-8.15084,3,-0.0667741,-0.287575,0.089,1
270,82,1,1,0,-1,-17.8213,-8.17657,1,-0.0766884,0.0682206,0.701,1
270,82,1,1,1,0,-17.015,-8.32336,8,-0.0895853,0.0585664,0.701,1
270,82,1,1,2,0,-18.0897,-7.40245,8,-0.0508129,0.076938,0.701,1
270,82,1,1,3,0,-18.2399,-8.7493,8,-0.0593695,0.0589161,0.701,1
270,82,1,1,4,1,-16.2761,-8.45114,0,-0.100248,0.0371685,0.701,1
270,84,3,1,0,-1,-14.0831,22.83,1,-0.209623,-0.0496962,0.339,1
270,84,3,1,1,0,-15.072,23.0423,4,-0.237626,-0.175552,0.339,1
270,84,3,1,2,1,-14.3748,21.9305,3,-0.0831126,-0.0808892,0.339,1
270,84,3,1,3,1,-13.9266,23.66,3,-0.333694,-3.98903e-05,0.339,1
270,84,3,1,4,0,-12.9145,22.355,0,-0.166782,0.0522594,0.339,1
270,84,3,1,5,4,-11.9182,21.5077,0,-0.133615,0.0832876,0.339,1
270,84,3,1,6,5,-10.698,21.0608,0,-0.125865,0.0954477,0.339,1
270,84,3,1,7,6,-9.80107,20.1279,0,-0.115277,0.10232,0.339,1
270,84,3,1,8,7,-8.54764,19.6557,0,-0.110624,0.111648,0.339,1
270,98,2,4,0,-1,8.83806,-8.37988,1,0.114782,0.14133,0.088,1
270,98,2,4,1,0,9.46376,-7.52356,4,-0.0404931,0.237561,0.088,1
270,98,2,4,2,1,8.0821,-7.83154,3,-0.0796987,0.336936,0.088,1
270,98,2,4,3,1,9.88171,-8.82304,4,-0.183174,0.185364,0.088,1
270,104,3,1,0,-1,-16.9423,-10.3557,1,-0.186993,-0.0746268,0.341,1
270,104,3,1,1,0,-17.8299,-10.8612,4,-0.310409,0.0989815,0.341,1
270,104,3,1,2,1,-16.6873,-11.4716,3,-0.473462,-0.194227,0.341,1
270,104,3,1,3,1,-17.3157,-9.64872,3,-0.0953116,-0.00612678,0.341,1
270,104,3,1,4,0,-15.8915,-9.64157,0,-0.0565525,-0.240461,0.341,1
270,104,3,1,5,4,-14.7881,-8.90952,0,-0.048948,-0.207226,0.341,1
270,104,3,1,6,5,-14.0433,-7.82131,0,-0.137409,-0.130617,0.341,1
270,104,3,1,7,6,-12.9068,-7.17721,0,-0.15017,-0.102246,0.341,1
270,104,3,1,8,7,-12.1123,-6.09041,0,-0.0817436,-0.150913,0.341,1
270,110,1,2,0,-1,-9.98837,-5.4519,1,-5.38267e-05,2.80885e-05,0.702,0
270,110,1,2,1,0,-10.8919,-5.52392,8,-1.8626e-05,-8.41584e-05,0.702,0
270,110,1,2,2,0,-9.41967,-6.04281,8,5.73828e-05,6.46096e-05,0.702,0
270,110,1,2,3,0,-9.78481,-4.87512,8,-5.69496e-05,4.49887e-05,0.702,0
270,114,2,5,0,-1,-6.39851,-13.1132,1,0.704138,0.578817,0.091,1
270,114,2,5,1,0,-5.3787,-12.8179,4,0.854361,0.00148652,0.091,1
270,114,2,5,2,1,-6.49422,-11.9819,3,0.803455,-0.0944677,0.091,1
270,114,2,5,3,1,-5.99117,-13.9795,3,0.46578,0.185212,0.091,1
270,127,3,2,0,-1,-1.47436,0.0182537,1,-0.817193,0.336942,0.339,1
270,127,3,2,1,0,-2.50567,0.0307606,4,-0.821437,0.629024,0.339,1
270,127,3,2,2,1,-1.9666,-1.13242,3,-1.1534,0.471173,0.339,1
270,127,3,2,3,1,-1.43847,0.807698,3,-0.627856,0.353671,0.339,1
270,127,3,2,4,0,-0.228167,0.299891,0,-0.713466,-0.0988615,0.339,1
270,127,3,2,5,4,0.798036,1.16814,0,-0.357835,-0.526299,0.339,1
270,127,3,2,6,5,0.773349,2.49453,0,0.00860729,-0.533433,0.339,1
270,127,3,2,7,6,0.816695,3.79893,0,0.193309,-0.547154,0.339,1
270,127,3,2,8,7,0.0663482,4.92025,0,0.268424,-0.496163,0.339,1
270,131,2,6,0,-1,4.40134,-22.9072,1,-0.0104722,-0.0839394,0.092,1
270,131,2,6,1,0,5.1275,-23.66,4,0.0786506,0.00215221,0.092,1
270,131,2,6,2,1,5.2184,-22.2785,3,0.0222861,0.00357273,0.092,1
270,131,2,6,3,1,3.81893,-23.5549,3,0.0573711,-0.238981,0.092,1
270,138,2,4,0,-1,-8.05598,-1.4103,1,0.00571101,-0.395263,0.089,1
270,138,2,4,1,0,-7.45599,-2.27214,4,0.200091,-0.260614,0.089,1
270,138,2,4,2,1,-7.22241,-0.797556,3,-0.16589,-0.202689,0.089,1
270,138,2,4,3,1,-8.73898,-1.90083,3,0.121629,-0.540823,0.089,1
270,138,2,4,4,3,-8.94499,-1.50432,3,0.0387019,-0.584885,0.089,1
270,139,2,3,0,-1,3.81344,4.50084,1,-0.000267233,0.00391578,0.089,1
270,139,2,3,1,0,3.20271,3.65412,4,0.00214641,0.00903084,0.089,1
270,139,2,3,3,1,3.11204,4.96257,3,-0.00249966,0.00393768,0.089,1
270,149,8,5,0,-1,9.60944,-8.29875,1,0.0922305,0.211862,0.113,0
270,149,8,5,1,0,8.81915,-7.65346,4,0.00326765,0.0845618,0.113,0
270,149,8,5,2,1,8.98837,-9.07781,3,-0.154628,0.0541917,0.113,0
270,149,8,5,3,1,10.1659,-7.71354,4,-0.000721726,0.0384462,0.113,0
270,150,2,6,0,-1,-22.8399,-8.55439,1,-0.00145928,0.216321,0.092,1
270,150,2,6,1,0,-23.66,-7.91152,4,0.00396816,0.264966,0.092,1
270,150,2,6,2,1,-23.6039,-9.31224,3,0.171164,0.279897,0.092,1
270,150,2,6,3,1,-22.3927,-7.70403,3,0.0803096,0.103038,0.092,1
270,151,2,7,0,-1,-2.00581,-11.2795,1,-0.116332,-0.156112,0.092,1
270,151,2,7,1,0,-1.86515,-12.3175,4,0.321316,-0.116534,0.092,1
270,151,2,7,2,1,-0.914232,-11.2608,3,-0.201125,0.354115,0.092,1
270,151,2,7,3,1,-2.87399,-11.52,3,-0.154793,-0.568618,0.092,1
270,152,3,4,0,-1,-14.1835,5.902,1,-0.390229,-0.380396,0.338,1
270,152,3,4,1,0,-15.2092,5.78019,4,-0.423809,-0.00458416,0.338,1
270,152,3,4,2,1,-14.5522,4.65841,3,-0.884131,-0.297654,0.338,1
270,152,3,4,3,1,-14.2524,6.69158,3,0.0731905,-0.491088,0.338,1
270,152,3,4,4,0,-12.959,6.27629,0,-0.353095,-0.475001,0.338,1
270,152,3,4,5,4,-11.7983,6.95977,0,-0.401607,-0.279471,0.338,1
270,152,3,4,6,5,-11.2821,8.18517,0,-0.341789,-0.226508,0.338,1
270,152,3,4,7,6,-10.5611,9.27733,0,-0.166155,-0.26826,0.338,1
270,152,3,4,8,7,-10.4884,10.6661,0,0.193142,-0.251362,0.338,1
270,153,1,2,0,-1,-12.8884,-10.216,1,0.0277435,0.055187,0.702,1
270,153,1,2,1,0,-12.9516,-9.39631,8,0.0286445,0.0380878,0.702,1
270,153,1,2,2,0,-13.5562,-10.6539,8,0.0126679,0.136986,0.702,1
270,153,1,2,3,0,-12.2468,-10.5268,8,0.0115499,0.0185529,0.702,1
270,153,1,2,4,1,-13.012,-8.64991,0,-0.00608775,0.0262038,0.702,1
270,160,2,4,0,-1,7.25498,-12.5122,1,-0.137434,-0.297277,0.089,1
270,160,2,4,1,0,6.83619,-13.4724,4,-0.141281,-0.312925,0.089,1
270,160,2,4,2,1,8.08535,-12.8643,3,-0.223843,-0.164048,0.089,1
270,160,2,4,3,1,6.47947,-12.2103,3,-0.0908307,-0.303484,0.089,1
270,163,2,7,0,-1,-4.61735,-19.3015,1,-0.46455,0.347532,0.093,1
270,163,2,7,1,0,-4.61234,-18.2594,4,0.0594767,0.344588,0.093,1
270,163,2,7,2,1,-5.85291,-18.9366,3,-0.254913,0.871859,0.093,1
270,163,2,7,3,2,-5.31394,-19.0442,1,-0.316285,0.599741,0.093,1
270,163,2,7,4,1,-3.80116,-19.3459,3,-0.505749,-0.0845491,0.093,1
270,164,2,4,0,-1,10.0365,-10.7039,1,0.169733,-0.125614,0.091,1
270,164,2,4,1,0,10.9907,-10.2583,4,0.347735,-0.410152,0.091,1
270,164,2,4,2,1,9.62974,-9.82002,3,0.597759,0.454996,0.091,1
270,164,2,4,3,1,10.3496,-11.4076,3,-0.105256,-0.14984,0.091,1
270,165,3,2,0,-1,8.24164,9.93263,1,-0.205063,0.580221,0.341,1
270,165,3,2,1,0,7.18676,10.1824,4,-0.191308,0.587211,0.341,1
270,165,3,2,2,1,7.50693,8.93241,3,0.0420071,0.639226,0.341,1
270,165,3,2,3,1,8.18757,10.9791,3,-0.452688,0.95789,0.341,1
270,165,3,2,4,0,9.52174,9.54104,0,-0.28591,0.326089,0.341,1
270,165,3,2,5,4,11.0144,9.25911,0,-0.356543,-0.277504,0.341,1
270,165,3,2,6,5,11.7814,10.4166,0,-0.0022089,-0.429975,0.341,1
270,165,3,2,7,6,11.9848,11.7388,0,0.420503,-0.373368,0.341,1
270,165,3,2,8,7,11.1182,12.6418,0,0.734733,-0.119536,0.341,1
270,166,2,7,0,-1,-14.4968,-12.2125,1,0.412396,-0.02765,0.091,1
270,166,2,7,1,0,-13.5849,-12.759,4,0.112885,-0.604296,0.091,1
270,166,2,7,2,1,-13.8097,-11.3954,3,0.805843,-0.526426,0.091,1
270,166,2,7,3,1,-14.8643,-13.0618,3,-0.031409,0.147888,0.091,1
270,167,2,4,0,-1,3.10538,-8.01591,1,-0.0528001,-0.301045,0.088,0
270,169,2,8,0,-1,-2.74296,-13.7242,1,-0.229374,0.222084,0.092,1
270,169,2,8,1,0,-3.35349,-12.8562,4,-0.671676,-0.152095,0.092,1
270,169,2,8,2,1,-3.68251,-14.2188,3,-0.0863351,-0.32775,0.092,1
270,169,2,8,3,1,-2.06126,-13.0014,3,-0.76178,-0.334566,0.092,1
270,172,2,8,0,-1,-15.2764,-12.4441,1,0.304478,0.225637,0.092,0
270,172,2,8,1,0,-15.8721,-13.3121,4,0.191165,0.272512,0.092,0
270,175,2,7,0,-1,0.017974,-17.2769,1,-0.178611,0.407122,0.092,1
270,175,2,7,1,0,-0.864034,-16.7005,4,-0.325305,0.208295,0.092,1
270,175,2,7,2,1,-0.611752,-18.0777,3,-0.0820141,0.255663,0.092,1
270,175,2,7,3,1,0.414988,-16.4729,3,-0.401641,0.614482,0.092,1
270,176,2,6,0,-1,-8.07225,-12.4081,1,-0.138923,0.334449,0.091,1
270,176,2,6,1,0,-8.11375,-11.3733,4,-0.153097,0.320193,0.091,1
270,176,2,6,2,1,-8.72686,-12.6376,3,0.491292,-0.0511101,0.091,1
270,176,2,6,3,1,-7.29538,-12.3914,3,0.333658,0.707102,0.091,1
270,178,2,5,0,-1,-8.14648,-2.20687,1,0.172026,-0.411775,0.09,0
270,178,2,5,1,0,-7.55941,-3.06216,4,0.354605,-0.281205,0.09,0
270,178,2,5,2,1,-7.21452,-1.59995,3,0.0449768,-0.207963,0.09,0
270,179,2,8,0,-1,-4.06688,-18.6765,1,-0.111926,0.0373844,0.092,0
270,179,2,8,1,0,-4.12308,-17.575,4,0.632338,0.053446,0.092,0
270,181,2,5,0,-1,9.46841,-11.3023,1,-0.335252,0.273311,0.092,0
270,181,2,5,1,0,8.54967,-11.8328,4,-0.206318,-0.0542558,0.092,0
270,181,2,5,2,1,9.9055,-12.3219,3,-0.105953,0.296143,0.092,0
270,182,1,3,0,-1,-12.2361,-9.74042,1,0.0194943,0.0252909,0.701,0
270,182,1,3,1,0,-12.007,-8.95574,8,0.00347058,0.0175793,0.701,0
270,186,3,1,0,-1,8.29225,-17.2165,1,0.228016,0.259343,0.339,0
270,186,3,1,1,0,8.076,-16.2258,8,0.276543,0.261919,0.339,0
270,186,3,1,2,1,7.25644,-17.248,3,0.331083,0.235921,0.339,0
270,186,3,1,3,1,9.1676,-16.954,3,0.358454,0.353228,0.339,0
270,186,3,1,4,0,8.38143,-18.472,0,0.149706,0.24365,0.339,0
270,186,3,1,5,4,8.14989,-19.7437,0,0.146201,0.237631,0.339,0
270,187,2,5,0,-1,4.62337,-10.8727,1,-0.523662,0.425511,0.089,1
270,187,2,5,1,0,3.56822,-10.6633,4,-0.674302,-0.265731,0.089,1
270,187,2,5,2,1,4.34364,-11.8179,3,-0.272291,-0.0251951,0.089,1
270,187,2,5,3,1,4.63771,-9.91602,3,-1.24687,0.588699,0.089,1
270,188,2,8,0,-1,-1.41639,-11.8153,1,0.117804,0.0380169,0.092,0
270,188,2,8,1,0,-0.43314,-12.1518,4,0.181702,0.169018,0.092,0
270,190,2,6,0,-1,5.36975,-11.2128,1,-0.569615,0.255199,0.088,0
270,190,2,6,1,0,5.3266,-12.2667,4,0.0357981,0.198599,0.088,0
270,192,2,9,0,-1,-2.3547,-14.4339,1,0.0235443,0.424543,0.091,0
300,0,1,0,0,-1,-19.2889,-6.28898,1,-2.35373e-06,1.44636e-06,0.7,1
300,0,1,0,1,0,-18.5505,-5.93243,8,-2.41189e-05,7.38168e-07,0.7,1
300,0,1,0,2,0,-19.9668,-5.82789,8,-6.38446e-05,-1.13597e-05,0.7,1
300,0,1,0,3,0,-19.2863,-6.99728,8,6.01694e-06,5.43738e-06,0.7,1
300,0,1,0,4,1,-17.8751,-5.60631,0,8.39102e-05,4.91088e-06,0.7,1
300,2,3,0,0,-1,15.1112,-8.59772,1,-0.355478,0.411819,0.34,1
300,2,3,0,1,0,14.9795,-7.55344,4,-0.608843,0.359333,0.34,1
300,2,3,0,2,1,14.001,-8.46681,3,-0.574656,0.251327,0.34,1
300,2,3,0,3,1,16.0132,-8.31487,3,-0.242103,0.753251,0.34,1
300,2,3,0,4,0,15.0399,-9.87427,0,-0.233736,0.404214,0.34,1
300,2,3,0,5,4,14.4529,-11.0473,0,0.00649155,0.189232,0.34,1
300,2,3,0,6,5,14.1424,-12.3045,0,0.126062,0.0835591,0.34,1
300,2,3,0,7,6,13.2774,-13.2609,0,0.161535,0.0110837,0.34,1
300,2,3,0,8,7,12.941,-14.5533,0,0.14675,0.0132638,0.34,1
300,25,3,1,0,-1,15.9635,5.74848,1,-0.546874,-0.103896,0.34,1
300,25,3,1,1,0,15.1341,5.1242,4,-0.601394,-0.041192,0.34,1
300,25,3,1,2,1,16.2933,4.53548,3,-0.504981,0.0523632,0.34,1
300,25,3,1,3,1,15.4969,6.37838,3,-0.680838,-0.0838817,0.34,1
300,25,3,1,4,0,16.7981,6.73457,0,-0.211929,-0.391465,0.34,1
300,25,3,1,5,4,17.2095,8.07351,0,0.350278,-0.571783,0.34,1
300,25,3,1,6,5,16.4433,9.20116,0,0.529411,-0.413206,0.34,1
300,25,3,1,7,6,15.9681,10.4423,0,0.695155,-0.344806,0.34,1
300,25,3,1,8,7,15.0065,11.4042,0,0.819584,-0.227026,0.34,1
300,26,3,3,0,-1,-6.93094,15.8567,1,0.657388,0.376192,0.337,1
300,26,3,3,1,0,-6.03436,16.3623,4,0.832078,0.151934,0.337,1
300,26,3,3,2,1,-7.14107,16.9953,3,0.99532,0.450904,0.337,1
300,26,3,3,3,1,-6.62506,15.1783,3,0.590012,0.302833,0.337,1
300,26,3,3,4,0,-7.8871,14.9943,0,0.270677,0.740738,0.337,1
300,26,3,3,5,4,-8.66939,13.8666,0,-0.679664,1.29412,0.337,1
300,29,4,4,0,-1,7.19327,-0.721471,1,-0.000907967,-0.00546992,0.569,1
300,29,4,4,1,0,8.24361,-0.146337,8,-0.261173,0.471476,0.569,1
300,29,4,4,2,1,9.14228,0.299952,3,-0.461437,0.876669,0.569,1
300,29,4,4,3,0,6.17155,-0.0958405,8,-0.285332,-0.467195,0.569,1
300,29,4,4,4,3,5.33711,0.462013,3,-0.53887,-0.844597,0.569,1
300,29,4,4,5,0,7.17157,-1.91948,8,0.551234,-0.0164221,0.569,1
300,29,4,4,6,5,7.11614,-2.92192,3,1.01607,-0.0428335,0.569,1
300,45,3,1,0,-1,-1.83596,3.54176,1,0.121646,-0.372375,0.34,1
300,45,3,1,1,0,-2.51734,4.27859,4,-0.00871139,-0.508562,0.34,1
300,45,3,1,4,0,-1.1111,2.51073,0,-0.00489364,-0.430346,0.34,1
300,45,3,1,5,4,-0.492273,1.28165,0,0.0509109,-0.373411,0.34,1
300,45,3,1,6,5,0.792804,1.13309,0,0.0728418,-0.350536,0.34,1
300,45,3,1,7,6,1.92379,0.638886,0,0.0659213,-0.319378,0.34,1
300,45,3,1,8,7,3.23478,0.738925,0,0.0523614,-0.249901,0.34,1
300,52,1,1,0,-1,-10.4637,-5.59948,1,-0.0173253,0.0612843,0.701,1
300,52,1,1,1,0,-9.64279,-5.53234,8,-0.00303898,0.0869687,0.701,1
300,52,1,1,2,0,-10.9348,-4.9295,8,-0.0327293,0.0372002,0.701,1
300,52,1,1,3,0,-10.7369,-6.25821,8,-0.100313,0.0731883,0.701,1
300,52,1,1,4,1,-8.89417,-5.47001,0,-0.00150671,0.154566,0.701,1
300,82,1,1,0,-1,-18.1076,-7.92789,1,-0.000103219,5.97192e-05,0.701,1
300,82,1,1,1,0,-17.2898,-7.98699,8,-8.44091e-05,0.000162695,0.701,1
300,82,1,1,2,0,-18.4654,-7.19018,8,-0.00011225,4.08448e-05,0.701,1
300,82,1,1,3,0,-18.4585,-8.54318,8,0.000114488,-5.45322e-05,0.701,1
300,82,1,1,4,1,-16.5417,-8.04104,0,0.000106956,0.000258835,0.701,1
300,114,2,5,0,-1,-4.80234,-10.6113,1,0.337435,-0.232897,0.091,1
300,114,2,5,1,0,-3.89443,-11.1687,4,0.380954,-0.133038,0.091,1
300,114,2,5,2,1,-4.04983,-9.74916,3,0.0943881,-0.113638,0.091,1
300,114,2,5,3,1,-5.16739,-11.4507,3,0.46275,-0.290173,0.091,1
300,127,3,2,0,-1,1.00759,-2.23051,1,0.497994,0.0455009,0.339,1
300,127,3,2,1,0,1.97907,-1.88204,4,0.321223,0.538512,0.339,1
300,127,3,2,2,1,0.71835,-1.47731,3,0.136256,-0.0647625,0.339,1
300,127,3,2,3,1,1.82059,-3.1531,3,0.917066,0.438855,0.339,1
300,127,3,2,4,0,-0.232902,-1.88226,0,0.31723,-0.621115,0.339,1
300,127,3,2,5,4,-0.822773,-0.598924,0,-0.133141,-0.826896,0.339,1
300,127,3,2,6,5,-1.50549,0.604042,0,-0.331343,-0.906656,0.339,1
300,127,3,2,7,6,-1.75816,1.93954,0,0.0499761,-0.759629,0.339,1
300,127,3,2,8,7,-2.44969,3.14567,0,0.460434,-0.474901,0.339,1
300,139,2,3,0,-1,5.0758,2.28307,1,-0.00512005,-0.000383094,0.089,1
300,139,2,3,1,0,4.63931,1.33359,4,-0.0206998,0.00669881,0.089,1
300,139,2,3,3,1,4.30006,2.60153,3,0.0017106,0.012905,0.089,1
300,151,2,7,0,-1,1.13037,-4.65037,1,0.0525322,0.520291,0.092,1
300,151,2,7,1,0,0.49826,-3.84614,4,-0.0763055,0.637298,0.092,1
300,151,2,7,2,1,0.283992,-5.2334,3,-0.0893572,0.75578,0.092,1
300,151,2,7,3,1,1.81975,-4.18096,3,-0.274637,0.354967,0.092,1
300,152,3,4,0,-1,-20.4661,7.6408,1,-0.108399,0.282196,0.338,1
300,152,3,4,1,0,-21.103,8.43027,4,-0.103793,0.286297,0.338,1
300,152,3,4,2,1,-21.4022,7.1637,3,-0.104418,0.285011,0.338,1
300,152,3,4,3,1,-19.8225,8.14229,3,-0.106034,0.281481,0.338,1
300,152,3,4,4,0,-19.6803,6.65249,0,-0.124612,0.268269,0.338,1
300,152,3,4,5,4,-18.8394,5.65207,0,-0.167107,0.227387,0.338,1
300,152,3,4,6,5,-17.5812,5.31933,0,-0.188114,0.13369,0.338,1
300,152,3,4,7,6,-16.4736,4.65124,0,-0.237731,0.0451555,0.338,1
300,152,3,4,8,7,-15.0976,4.52145,0,-0.246412,-0.0646639,0.338,1
300,153,1,2,0,-1,-13.6083,-10.0492,1,-0.290569,0.195278,0.702,1
300,153,1,2,1,0,-13.8193,-9.17344,8,-0.399161,0.1445,0.702,1
300,153,1,2,2,0,-14.2063,-10.5966,8,-0.148504,0.0491028,0.702,1
300,153,1,2,3,0,-12.9952,-10.3697,8,-0.265411,0.427019,0.702,1
300,153,1,2,4,1,-14.0723,-8.46868,0,-0.404302,0.128677,0.702,1
300,160,2,4,0,-1,2.30015,-15.0699,1,-0.0526974,0.496497,0.089,1
300,160,2,4,1,0,1.86406,-14.1097,4,-0.42631,0.32389,0.089,1
300,160,2,4,2,1,1.33719,-15.408,3,0.0350521,0.124543,0.089,1
300,160,2,4,3,1,3.07849,-14.5806,3,-0.214715,0.866777,0.089,1
300,164,2,4,0,-1,17.2277,-7.52343,1,0.162346,0.0324047,0.091,1
300,164,2,4,1,0,17.3736,-8.57566,4,0.568592,0.0432056,0.091,1
300,164,2,4,2,1,17.9955,-7.28486,3,0.239392,0.188355,0.091,1
300,164,2,4,3,1,16.3128,-7.81174,3,0.242589,-0.404013,0.091,1
300,165,3,2,0,-1,0.417852,1.89906,1,-0.0750816,-0.299594,0.341,1
300,165,3,2,1,0,0.211198,0.885845,4,0.027894,-0.311902,0.341,1
300,165,3,2,2,1,1.32497,1.64347,3,-0.202265,-0.0439989,0.341,1
300,165,3,2,3,1,-0.593742,1.90268,3,-0.0453542,-0.359918,0.341,1
300,165,3,2,4,0,1.00541,3.04292,0,-0.17667,-0.23427,0.341,1
300,165,3,2,5,4,1.9763,4.0138,0,0.00149179,-0.395055,0.341,1
300,165,3,2,6,5,2.57548,5.24147,0,0.104032,-0.460168,0.341,1
300,165,3,2,7,6,3.64226,6.08401,0,-0.0940501,-0.21444,0.341,1
300,165,3,2,8,7,4.36661,7.19321,0,-0.532668,0.0899459,0.341,1
300,166,2,7,0,-1,-6.84724,-11.209,1,0.218891,-0.120876,0.091,1
300,166,2,7,1,0,-5.99317,-10.5897,4,0.197585,-0.133471,0.091,1
300,166,2,7,2,1,-7.35205,-10.2478,3,0.214128,0.204766,0.091,1
300,166,2,7,3,1,-6.20461,-11.8876,3,0.0468294,-0.115746,0.091,1
300,169,2,8,0,-1,-5.05221,-13.513,1,0.326747,-0.25171,0.092,1
300,169,2,8,1,0,-4.05003,-13.8402,4,0.440842,0.0892148,0.092,1
300,169,2,8,2,1,-4.67362,-12.5878,3,0.0986691,-0.0813086,0.092,1
300,169,2,8,3,1,-5.23491,-14.3808,3,0.632598,-0.400103,0.092,1
300,172,2,8,0,-1,-7.68182,-9.45937,1,0.203696,0.238874,0.092,1
300,172,2,8,1,0,-7.23275,-8.4932,4,0.148997,0.268032,0.092,1
300,172,2,8,2,1,-8.61467,-8.8172,3,0.192801,0.11578,0.092,1
300,172,2,8,3,1,-6.78457,-9.72006,3,0.220906,0.297224,0.092,1
300,175,2,7,0,-1,-3.32494,-19.5072,1,0.237982,-0.397454,0.092,1
300,175,2,7,1,0,-2.41165,-20.0268,4,0.303197,-0.282628,0.092,1
300,175,2,7,2,1,-2.75665,-18.675,3,0.130433,-0.32791,0.092,1
300,175,2,7,3,1,-3.68915,-20.3073,3,0.336311,-0.435676,0.092,1
300,176,2,6,0,-1,-9.46383,-6.86055,1,-0.345361,0.16754,0.091,1
300,176,2,6,1,0,-10.1983,-7.595,4,-0.312994,0.162132,0.091,1
300,176,2,6,2,1,-8.82833,-7.34515,3,-0.303452,0.1531,0.091,1
300,176,2,6,3,1,-9.99413,-6.29266,3,-0.161075,0.159829,0.091,1
300,181,2,5,0,-1,10.9287,-3.55622,1,-0.505462,0.356683,0.092,1
300,181,2,5,1,0,9.87784,-3.63285,4,-0.471338,-0.110163,0.092,1
300,181,2,5,2,1,10.8514,-4.70498,3,0.0354829,0.349297,0.092,1
300,181,2,5,3,1,10.6856,-2.59936,3,-0.915269,0.234462,0.092,1
300,182,1,3,0,-1,-13.1889,-9.35491,1,-0.302904,0.173863,0.701,0
300,182,1,3,1,0,-13.2364,-8.54092,8,-0.413634,0.146655,0.701,0
300,182,1,3,2,0,-14.0039,-9.72716,8,-0.256655,0.0647254,0.701,0
300,182,1,3,3,0,-12.4854,-9.45551,8,-0.282813,0.260191,0.701,0
300,186,3,1,0,-1,14.5056,-9.14318,1,-0.11111,0.173348,0.339,0
300,186,3,1,1,0,13.4993,-9.05675,8,-0.0646042,-0.134415,0.339,0
300,186,3,1,2,1,14.2437,-10.1393,3,0.0480397,-0.120024,0.339,0
300,186,3,1,3,1,14.504,-8.15938,3,-0.331446,0.16741,0.339,0
300,186,3,1,4,0,15.7184,-9.45925,0,-0.0870285,0.321576,0.339,0
300,186,3,1,5,4,16.7986,-10.1562,0,-0.00989612,0.493716,0.339,0
300,187,2,5,0,-1,8.55904,-15.1218,1,0.285656,0.334748,0.089,1
300,187,2,5,1,0,9.19678,-14.2875,4,0.160824,0.431905,0.089,1
300,187,2,5,2,1,7.8086,-14.4562,3,0.204355,0.223791,0.089,1
300,187,2,5,3,1,9.28866,-15.5914,3,0.341259,0.426748,0.089,1
300,188,2,8,0,-1,-6.32905,-21.4253,1,-0.359805,-0.12529,0.092,1
300,188,2,8,1,0,-7.30421,-21.0374,4,-0.348771,-0.107001,0.092,1
300,188,2,8,2,1,-6.73538,-22.3149,3,-0.347987,-0.106993,0.092,1
300,188,2,8,3,1,-6.07569,-20.5995,3,-0.327461,-0.155546,0.092,1
300,194,3,2,0,-1,20.4402,9.08523,1,0.249759,0.251427,0.339,1
300,194,3,2,1,0,21.3761,9.50367,4,0.384934,-0.0864687,0.339,1
300,194,3,2,2,1,20.3078,10.2421,3,0.705533,0.380438,0.339,1
300,194,3,2,3,1,20.7363,8.35125,3,-0.218973,0.214697,0.339,1
300,194,3,2,4,0,19.2958,8.52083,0,0.202071,0.357086,0.339,1
300,194,3,2,5,4,17.9745,8.24317,0,0.27724,0.138678,0.339,1
300,194,3,2,6,5,16.5969,7.95144,0,0.370945,-0.253057,0.339,1
300,194,3,2,7,6,15.6567,8.82492,0,0.381792,-0.381187,0.339,1
300,194,3,2,8,7,14.4989,9.48598,0,0.378763,-0.482526,0.339,1
300,199,3,4,0,-1,-4.71974,7.4665,1,0.157223,-0.736135,0.338,1
300,199,3,4,1,0,-4.13097,6.65877,4,0.00537002,-0.878715,0.338,1
300,199,3,4,2,1,-3.87267,7.93047,3,0.229378,-0.924223,0.338,1
300,199,3,4,3,1,-5.37501,7.05766,3,0.159276,-0.538874,0.338,1
300,199,3,4,4,0,-5.33776,8.56938,0,0.222018,-0.704942,0.338,1
300,199,3,4,5,4,-5.93018,9.74586,0,0.36974,-0.658815,0.338,1
300,199,3,4,6,5,-7.18854,10.0054,6,0.409472,-0.131454,0.338,1
300,199,3,4,7,6,-8.44788,10.1654,0,0.384642,0.272917,0.338,1
300,199,3,4,8,7,-9.58571,9.40233,0,0.258707,0.382033,0.338,1
300,200,2,7,0,-1,-11.6982,-9.77162,1,-0.0468915,-0.0295041,0.09,1
300,200,2,7,1,0,-11.9063,-8.74767,4,0.227547,0.0255852,0.09,1
300,200,2,7,2,1,-12.4804,-10.0233,3,0.02041,0.0683198,0.09,1
300,200,2,7,3,1,-10.8478,-9.52842,3,0.164874,-0.00561809,0.09,1
300,201,2,9,0,-1,0.493705,-11.2576,1,-0.0801195,0.63219,0.092,1
300,201,2,9,1,0,-0.510493,-10.9339,4,-0.301533,-0.0529613,0.092,1
300,201,2,9,2,1,-0.00506618,-12.287,3,0.55981,0.260076,0.092,1
300,201,2,9,3,1,0.624115,-10.2617,3,-0.75654,0.723139,0.092,1
300,203,3,2,0,-1,-3.32623,8.4346,1,0.168868,-0.799342,0.339,1
300,203,3,2,1,0,-3.42918,7.37897,4,0.477678,-0.737757,0.339,1
300,203,3,2,2,1,-2.54402,8.37038,3,0.308769,-0.562898,0.339,1
300,203,3,2,3,1,-4.49575,8.1641,3,0.428757,-0.752164,0.339,1
300,203,3,2,4,0,-2.62139,9.52303,0,-0.407514,-0.500028,0.339,1
300,203,3,2,5,4,-1.21741,9.59266,0,-0.440671,0.161744,0.339,1
300,203,3,2,6,5,0.164971,9.46928,0,-0.425258,0.446536,0.339,1
300,203,3,2,7,6,1.19347,8.55223,0,-0.563209,0.357075,0.339,1
300,203,3,2,8,7,2.40417,7.84309,0,-0.888354,-0.0908087,0.339,1
300,205,2,6,0,-1,-4.02543,-10.4704,1,0.279937,0.0467632,0.092,0
300,205,2,6,1,0,-3.00409,-10.6994,4,0.259129,0.091666,0.092,0
300,206,2,6,0,-1,6.67919,-16.05,1,0.0746969,0.530305,0.088,1
300,206,2,6,1,0,6.48076,-15.018,4,0.103551,0.535585,0.088,1
300,206,2,6,2,1,5.6786,-16.1557,3,0.0913515,0.555599,0.088,1
300,206,2,6,3,1,7.58685,-15.7503,3,0.0783762,0.478509,0.088,1
300,209,2,9,0,-1,-8.16961,-10.0952,1,0.169189,0.252655,0.093,0
300,209,2,9,1,0,-9.09906,-10.1157,4,0.155992,0.32288,0.093,0
300,209,2,9,2,1,-8.05383,-11.0456,3,0.061733,0.225363,0.093,0
300,210,2,10,0,-1,-0.228205,-11.6075,1,0.165068,0.123904,0.092,0
300,212,2,6,0,-1,9.2526,-10.3482,1,0.416675,-0.318665,0.092,1
300,212,2,6,1,0,10.1817,-10.8248,4,0.302617,-0.489309,0.092,1
300,212,2,6,2,1,10.1303,-9.35357,3,-0.201565,-0.529808,0.092,1
300,212,2,6,3,1,8.93337,-11.2352,3,0.385035,-0.746973,0.092,1
300,213,9,8,0,-1,-9.02247,-8.00533,1,-0.0129366,0.0557502,0.115,1
300,213,9,8,1,0,-9.90216,-9.07903,3,0.0884356,-0.0395437,0.115,1
300,213,9,8,2,0,-7.93714,-8.73878,3,0.0905741,0.215798,0.115,1
300,214,2,8,0,-1,-7.12234,-11.9757,1,-0.238159,0.0281042,0.092,0
300,214,2,8,1,0,-8.02617,-12.5164,4,-0.161291,-0.0949273,0.092,0
300,215,9,9,0,-1,-8.22019,-7.94812,1,-0.0393682,0.258141,0.116,0
300,217,2,5,0,-1,17.2739,-6.70375,1,-0.212601,0.0231805,0.092,0
300,218,2,7,0,-1,9.45251,-8.69123,1,-0.372963,-0.0281969,0.093,1
300,218,2,7,1,0,8.44676,-8.55228,4,-0.419339,-0.0165085,0.093,1
300,218,2,7,2,1,9.48904,-9.55274,3,-0.402371,-0.131449,0.093,1
300,218,2,7,3,1,9.61373,-7.89686,3,-0.620509,0.301221,0.093,1
300,222,2,8,0,-1,1.13969,-3.82791,1,-0.163611,0.470598,0.091,0
300,223,2,8,0,-1,8.99148,-9.38171,1,-0.0619634,-0.0281836,0.092,0
330,2,3,0,0,-1,8.31446,-10.8963,1,-0.0618476,-0.351335,0.34,1
330,2,3,0,1,0,8.24413,-11.9323,4,0.136238,-0.429232,0.34,1
330,2,3,0,2,1,9.40306,-11.2654,3,0.0399239,-0.268852,0.34,1
330,2,3,0,3,1,7.5073,-10.8811,3,0.144446,-0.476991,0.34,1
330,2,3,0,4,0,8.68485,-9.68528,0,-0.265388,-0.168719,0.34,1
330,2,3,0,5,4,9.66662,-8.81975,0,-0.0338621,0.0448273,0.34,1
330,2,3,0,6,5,10.5169,-7.80388,0,0.463386,-0.125851,0.34,1
330,2,3,0,7,6,11.8864,-7.45131,0,0.489211,-0.277148,0.34,1
330,2,3,0,8,7,13.1714,-6.95104,0,0.540968,-0.218932,0.34,1
330,25,3,1,0,-1,14.0025,-5.47388,1,-0.0172715,-0.023597,0.34,1
330,25,3,1,1,0,13.8219,-6.43865,4,0.0588789,-0.0546993,0.34,1
330,25,3,1,3,1,13.2871,-5.19397,3,-0.0443817,-0.10705,0.34,1
330,25,3,1,4,0,14.313,-4.26215,0,0.00316315,-0.0257361,0.34,1
330,25,3,1,5,4,14.6914,-3.02671,0,0.128194,-0.0982259,0.34,1
330,25,3,1,6,5,14.4483,-1.74786,0,0.145811,-0.126662,0.34,1
330,25,3,1,7,6,14.7589,-0.486344,0,0.0482594,-0.113306,0.34,1
330,25,3,1,8,7,14.5212,0.837808,0,-0.141011,-0.145214,0.34,1
330,26,3,3,0,-1,5.90298,5.67506,1,-0.850756,-0.10898,0.337,1
330,26,3,3,1,0,4.74538,5.79336,4,-0.895746,0.418928,0.337,1
330,26,3,3,2,1,4.91639,4.56808,3,-1.01532,0.362716,0.337,1
330,26,3,3,3,1,5.64004,6.69467,3,0.0870996,-0.409963,0.337,1
330,26,3,3,4,0,7.24762,5.45118,0,-0.751201,-0.180753,0.337,1
330,26,3,3,5,4,8.48658,4.85742,0,-0.342466,0.0491132,0.337,1
330,29,4,4,0,-1,7.65221,0.614899,1,-0.00340617,0.0221221,0.569,1
330,29,4,4,1,0,8.508,1.44782,8,-0.359375,0.390157,0.569,1
330,29,4,4,2,1,9.24593,2.12413,3,-0.633405,0.69033,0.569,1
330,29,4,4,3,0,6.50936,0.968432,8,-0.170763,-0.503965,0.569,1
330,29,4,4,4,3,5.56634,1.31053,3,-0.33644,-0.952449,0.569,1
330,29,4,4,5,0,7.9495,-0.545486,8,0.518786,0.15672,0.569,1
330,29,4,4,6,5,8.15938,-1.5269,3,0.967965,0.25249,0.569,1
330,45,3,1,0,-1,-1.33925,-1.9709,1,0.111895,-0.0644837,0.34,1
330,45,3,1,1,0,-2.33466,-1.84872,4,0.102175,-0.093891,0.34,1
330,45,3,1,4,0,-0.105373,-2.21673,0,0.12246,-0.0231187,0.34,1
330,45,3,1,5,4,1.1408,-2.60795,0,0.130051,0.0515345,0.34,1
330,45,3,1,6,5,2.42058,-2.37505,0,0.00950763,0.0980292,0.34,1
330,45,3,1,7,6,3.83968,-2.68883,0,-0.00851863,-0.180108,0.34,1
330,45,3,1,8,7,4.95524,-1.88381,0,0.0356756,-0.256846,0.34,1
330,52,1,1,0,-1,-11.5793,-0.199523,1,-0.0413511,0.0620954,0.701,1
330,52,1,1,1,0,-11.1256,0.484049,8,-0.0461322,0.0638069,0.701,1
330,52,1,1,2,0,-12.3974,-0.149412,8,-0.0419911,0.0635147,0.701,1
330,52,1,1,3,0,-11.2179,-0.80874,8,-0.0333345,0.0660353,0.701,1
330,52,1,1,4,1,-10.7115,1.1097,0,-0.0506242,0.0660229,0.701,1
330,114,2,5,0,-1,2.22768,-13.0108,1,0.0763765,0.138544,0.091,1
330,114,2,5,1,0,2.62952,-12.0452,4,0.0494976,0.168602,0.091,1
330,114,2,5,2,1,1.40568,-12.7247,3,0.0554619,0.118053,0.091,1
330,114,2,5,3,1,2.96847,-13.3094,3,0.100882,0.204869,0.091,1
330,127,3,2,0,-1,7.64021,-6.21263,1,0.0312946,-0.522455,0.339,1
330,127,3,2,1,0,8.5016,-6.71943,4,0.000363789,-0.817618,0.339,1
330,127,3,2,2,1,8.47989,-5.39381,3,-0.314511,-0.816459,0.339,1
330,127,3,2,3,1,7.16844,-6.66359,3,0.114094,-0.454093,0.339,1
330,127,3,2,4,0,6.62535,-5.50952,0,-0.0232875,-0.460658,0.339,1
330,127,3,2,5,4,5.77204,-4.60512,0,0.0647937,-0.510856,0.339,1
330,127,3,2,6,5,4.53833,-4.32292,0,0.184509,-0.405862,0.339,1
330,127,3,2,7,6,3.42078,-3.7058,0,0.372885,-0.184178,0.339,1
330,127,3,2,8,7,2.09402,-3.83658,0,0.373475,0.0348525,0.339,1
330,139,2,3,0,-1,5.1168,2.36464,1,0.00518889,0.00662417,0.089,1
330,139,2,3,1,0,4.67169,1.41907,4,0.00640891,0.0056074,0.089,1
330,139,2,3,3,1,4.34197,2.68947,3,0.00111761,0.00370345,0.089,1
330,152,3,4,0,-1,-19.0143,13.341,1,0.0515627,0.0228491,0.338,1
330,152,3,4,1,0,-18.4929,14.1929,4,-0.00809885,0.0565343,0.338,1
330,152,3,4,3,1,-18.3433,12.8841,3,0.0707963,0.0639581,0.338,1
330,152,3,4,4,0,-19.7664,12.3408,0,0.126685,-0.0300947,0.338,1
330,152,3,4,5,4,-20.7009,11.4562,0,0.144248,-0.0348355,0.338,1
330,152,3,4,6,5,-21.1248,10.2387,0,0.0882898,-0.0035114,0.338,1
330,152,3,4,7,6,-22.0213,9.31168,0,-0.0186719,0.116422,0.338,1
330,152,3,4,8,7,-22.5773,8.04746,0,-0.204898,0.210324,0.338,1
330,153,1,2,0,-1,-16.5417,-10.5421,1,-0.255369,0.0299987,0.702,1
330,153,1,2,1,0,-16.8022,-9.69193,8,-0.338891,-0.00670387,0.702,1
330,153,1,2,2,0,-17.0874,-11.1475,8,-0.0787388,-0.148938,0.702,1
330,153,1,2,3,0,-15.8942,-10.6788,8,-0.245705,0.151855,0.702,1
330,153,1,2,4,1,-17.0407,-8.98573,0,-0.338026,-0.0162995,0.702,1
330,160,2,4,0,-1,3.58413,-13.9756,1,0.186372,0.131978,0.089,1
330,160,2,4,1,0,3.57644,-12.9184,4,0.16281,0.150563,0.089,1
330,160,2,4,2,1,2.58775,-13.9374,3,0.141595,0.185182,0.089,1
330,160,2,4,3,1,4.45471,-13.8824,3,0.217165,0.213323,0.089,1
330,165,3,2,0,-1,2.7813,-1.68259,1,-0.0328656,0.0425462,0.341,1
330,165,3,2,1,0,2.82678,-2.698,4,0.105109,0.171081,0.341,1
330,165,3,2,2,1,3.76843,-1.71557,3,0.0370628,0.308314,0.341,1
330,165,3,2,3,1,1.9426,-1.67411,3,-0.29266,-0.0968928,0.341,1
330,165,3,2,4,0,2.99518,-0.444031,0,-0.236204,-0.0148985,0.341,1
330,165,3,2,5,4,3.43905,0.769478,0,-0.0457845,0.00700502,0.341,1
330,165,3,2,6,5,3.16942,2.01936,0,0.079547,0.0826854,0.341,1
330,165,3,2,7,6,3.41596,3.27258,0,0.0261992,0.1235,0.341,1
330,165,3,2,8,7,2.94597,4.45379,0,0.0414209,0.152824,0.341,1
330,166,2,7,0,-1,-9.42377,-17.7991,1,-0.472061,0.33687,0.091,1
330,166,2,7,1,0,-9.2183,-16.7681,4,0.118154,0.225394,0.091,1
330,166,2,7,2,1,-10.4238,-17.4803,3,-0.286639,0.909315,0.091,1
330,166,2,7,3,1,-8.51999,-17.8883,3,-0.518685,-0.175526,0.091,1
330,169,2,8,0,-1,-6.2284,-15.1681,1,-0.461994,0.088778,0.092,1
330,169,2,8,1,0,-7.0855,-15.7742,4,-0.352958,-0.0613458,0.092,1
330,169,2,8,2,1,-5.71925,-16.0514,3,-0.29187,0.285503,0.092,1
330,169,2,8,3,1,-6.78018,-14.4981,3,-0.491958,-0.0304214,0.092,1
330,176,2,6,0,-1,-14.3503,-8.87746,1,-0.0433491,0.167188,0.091,1
330,176,2,6,1,0,-14.5995,-7.88881,4,0.109553,0.19048,0.091,1
330,176,2,6,2,1,-15.2945,-9.10458,3,-0.168884,0.313321,0.091,1
330,176,2,6,3,1,-13.5838,-8.78284,3,0.0633452,0.166381,0.091,1
330,181,2,5,0,-1,9.04423,-5.41508,1,0.0844597,-0.561558,0.092,1
330,181,2,5,1,0,8.12252,-5.96471,4,-0.130282,-0.48595,0.092,1
330,181,2,5,2,1,9.35104,-6.67073,3,-0.181499,-0.413032,0.092,1
330,181,2,5,3,1,8.08107,-4.64673,3,-1.14358,-0.524158,0.092,1
330,182,1,3,0,-1,-16.1511,-9.86885,1,-0.228431,0.0322562,0.701,0
330,182,1,3,1,0,-16.19,-9.05204,8,-0.368325,0.042393,0.701,0
330,182,1,3,2,0,-16.9686,-10.263,8,-0.179245,-0.051669,0.701,0
330,182,1,3,3,0,-15.4497,-10.057,8,-0.181606,0.132765,0.701,0
330,186,3,1,0,-1,9.00418,-10.5053,1,-0.188394,-0.262765,0.339,0
330,186,3,1,1,0,9.99457,-10.9075,8,-0.0986809,0.0674066,0.339,0
330,186,3,1,2,1,9.89566,-9.61056,3,-0.446001,0.0633474,0.339,0
330,186,3,1,3,1,8.78442,-11.4403,3,0.092719,-0.418673,0.339,0
330,186,3,1,4,0,7.80784,-9.93787,0,-0.347129,-0.573618,0.339,0
330,186,3,1,5,4,6.77891,-8.90342,0,-0.413685,-0.467431,0.339,0
330,186,3,1,6,5,5.69988,-7.98493,0,0.124231,0.251578,0.339,0
330,199,3,4,0,-1,-10.8576,-7.50123,1,-0.260869,0.45242,0.338,1
330,199,3,4,1,0,-11.0541,-6.46005,4,0.433884,0.581459,0.338,1
330,199,3,4,2,1,-12.1811,-7.10769,3,-0.0426072,1.39246,0.338,1
330,199,3,4,3,1,-10.0284,-7.28014,3,-0.111924,-0.120844,0.338,1
330,199,3,4,4,0,-10.4582,-8.74524,0,-1.00989,0.212577,0.338,1
330,199,3,4,5,4,-9.98784,-10.0471,0,-1.7453,-0.0426349,0.338,1
330,200,2,7,0,-1,-14.3931,-11.3956,1,-0.703043,-0.00176354,0.09,1
330,200,2,7,1,0,-14.8037,-12.3966,4,0.138528,-0.347898,0.09,1
330,200,2,7,2,1,-13.3975,-12.1476,3,0.0444887,0.212274,0.09,1
330,200,2,7,3,1,-15.3075,-11.1639,3,-0.528488,-0.634889,0.09,1
330,201,2,9,0,-1,0.868768,-11.8275,1,0.313897,0.287929,0.092,1
330,201,2,9,1,0,1.86257,-12.1628,4,0.198055,0.00793126,0.092,1
330,201,2,9,2,1,1.29085,-10.8669,3,0.58954,0.18264,0.092,1
330,201,2,9,3,1,0.628601,-12.6475,3,0.0953419,0.31056,0.092,1
330,203,3,2,0,-1,0.702516,-7.59844,1,-0.338196,-0.492005,0.339,1
330,203,3,2,1,0,0.360093,-8.55371,4,-0.58815,-0.38683,0.339,1
330,203,3,2,2,1,1.66722,-8.33964,3,-0.602769,-0.620615,0.339,1
330,203,3,2,3,1,-0.00380001,-7.27563,3,-0.253333,-0.287553,0.339,1
330,203,3,2,4,0,0.842127,-6.33946,0,0.0703553,-0.561914,0.339,1
330,203,3,2,5,4,0.379245,-5.09558,0,0.362294,-0.48501,0.339,1
330,203,3,2,6,5,-0.849998,-4.60931,0,0.419896,-0.338369,0.339,1
330,203,3,2,7,6,-1.99176,-3.9769,0,0.479812,-0.211016,0.339,1
330,203,3,2,8,7,-3.33896,-4.06629,0,0.457667,-0.0105708,0.339,1
330,205,2,6,0,-1,-3.73677,-10.8565,1,0.0201666,0.442431,0.092,1
330,205,2,6,1,0,-3.90822,-9.86814,4,0.00344042,0.435595,0.092,1
330,205,2,6,2,1,-4.67911,-11.0544,3,0.319054,0.227444,0.092,1
330,205,2,6,3,1,-3.00767,-10.8607,3,0.047162,0.491975,0.092,1
330,210,2,10,0,-1,1.5982,-11.5053,1,0.392876,0.1258,0.092,0
330,212,2,6,0,-1,10.4218,-7.16657,1,0.0027558,-0.0859242,0.092,1
330,212,2,6,1,0,9.48434,-7.6172,4,-0.00516101,-0.00508819,0.092,1
330,212,2,6,2,1,10.6436,-8.51042,3,0.0957037,0.134219,0.092,1
330,212,2,6,3,1,9.95384,-6.35629,3,0.244277,-0.148745,0.092,1
330,224,2,4,0,-1,5.33148,3.13532,1,-0.0189399,0.0133617,0.09,0
330,224,2,4,1,0,6.34387,3.39459,4,-0.0172119,0.00634387,0.09,0
330,228,3,2,0,-1,13.3206,-5.92975,1,0.029319,-0.0973658,0.34,0
330,230,2,9,0,-1,-8.05285,-20.5445,1,-0.38307,0.137567,0.091,1
330,230,2,9,1,0,-9.10363,-20.6801,4,-0.336338,-0.173299,0.091,1
330,230,2,9,2,1,-8.06985,-21.6134,3,-0.130605,0.0659137,0.091,1
330,230,2,9,3,1,-8.31792,-19.6349,3,-0.587254,0.0155663,0.091,1
330,231,2,8,0,-1,-15.1301,-11.7232,1,-0.503723,-0.618506,0.09,0
330,231,2,8,1,0,-14.1476,-12.0741,4,-0.206454,0.0932774,0.09,0
330,232,2,7,0,-1,14.1298,-10.2299,1,-0.00827496,-0.34193,0.093,1
330,232,2,7,1,0,13.5057,-11.1251,4,-0.401296,-0.110254,0.093,1
330,232,2,7,2,1,14.9518,-11.2943,3,-0.545284,-1.25162,0.093,1
330,232,2,7,3,1,13.0464,-9.88615,3,0.360084,0.136665,0.093,1
330,235,2,10,0,-1,-7.48877,-21.1198,1,-0.214175,0.338165,0.092,0
330,235,2,10,1,0,-6.48485,-21.3919,4,-0.26708,0.212636,0.092,0
330,238,2,7,0,-1,-3.16759,-10.2243,1,-0.0792362,0.497477,0.091,0
330,238,2,7,1,0,-2.27251,-10.818,4,-0.0127844,0.625921,0.091,0
330,240,2,5,0,-1,3.4312,-14.7687,1,0.162177,0.124787,0.09,0
330,241,2,7,0,-1,11.1693,-7.38635,1,0.0455617,0.104003,0.093,0
330,241,2,7,1,0,11.7568,-8.26475,4,-0.737444,-0.216103,0.093,0
330,241,2,7,2,1,12.173,-6.87263,3,-0.113009,-0.215926,0.093,0
330,242,2,8,0,-1,14.857,-9.8454,1,0.0499771,-0.487019,0.092,0
330,242,2,8,1,0,13.9338,-9.38652,4,0.216091,-0.155482,0.092,0
330,242,2,8,2,1,14.2825,-10.9043,3,-0.351407,-0.313285,0.092,0
330,244,2,7,0,-1,-13.9248,-8.15234,1,0.0837841,0.104678,0.09,0
330,244,2,7,1,0,-13.7659,-7.10775,4,0.187164,0.100796,0.09,0
330,247,3,4,0,-1,6.09146,6.48731,1,-0.662285,-0.0495482,0.336,0
330,247,3,4,1,0,5.36374,7.37561,4,-1.1312,-0.124704,0.336,0
330,247,3,4,2,1,5.342,6.08797,3,-0.325772,-0.0233834,0.336,0
330,247,3,4,3,1,6.59891,7.52633,3,-1.22546,0.512561,0.336,0
330,247,3,4,4,0,6.52744,5.24946,0,-0.333674,0.00754948,0.336,0
330,249,3,3,0,-1,7.84842,-7.02272,1,0.297312,-0.306008,0.338,0
330,249,3,3,1,0,7.85239,-8.04303,4,-0.202723,-0.190031,0.338,0
330,250,3,3,0,-1,3.34003,-2.22167,1,0.0759247,0.0515239,0.342,0
360,2,3,0,0,-1,12.1665,-15.4616,1,-0.0188644,-0.201932,0.34,1
360,2,3,0,1,0,11.9782,-16.489,4,-0.15729,-0.183163,0.34,1
360,2,3,0,2,1,13.2858,-16.2729,3,-0.115871,-0.411687,0.34,1
360,2,3,0,3,1,11.3231,-15.3586,3,0.00256232,-0.0904076,0.34,1
360,2,3,0,4,0,12.3629,-14.2047,0,0.102488,-0.212855,0.34,1
360,2,3,0,5,4,12.289,-12.8999,0,0.165378,-0.176166,0.34,1
360,2,3,0,6,5,11.3937,-11.9463,0,0.173379,-0.139739,0.34,1
360,2,3,0,7,6,10.7794,-10.8027,0,0.147667,-0.136969,0.34,1
360,2,3,0,8,7,9.656,-10.0631,0,0.163979,-0.0956504,0.34,1
360,26,3,3,0,-1,1.88168,6.85634,1,0.499953,0.469864,0.337,1
360,26,3,3,1,0,2.68139,7.53002,4,0.415278,0.473812,0.337,1
360,26,3,3,2,1,1.40102,7.78993,3,0.41747,0.523781,0.337,1
360,26,3,3,3,1,2.64869,6.23046,3,0.469047,0.448147,0.337,1
360,26,3,3,4,0,0.814192,6.13883,0,0.678218,0.242274,0.337,1
360,26,3,3,5,4,-0.267201,5.3657,0,0.495091,0.501687,0.337,1
360,52,1,1,0,-1,-11.6965,-0.0192326,1,5.50129e-06,-1.35321e-07,0.701,1
360,52,1,1,1,0,-11.254,0.671117,8,-7.20948e-06,1.43179e-06,0.701,1
360,52,1,1,2,0,-12.5155,0.0187422,8,7.67929e-06,-3.90459e-07,0.701,1
360,52,1,1,3,0,-11.3235,-0.621342,8,-1.21828e-05,1.35945e-06,0.701,1
360,52,1,1,4,1,-10.8493,1.30254,0,4.24588e-07,6.45121e-06,0.701,1
360,114,2,5,0,-1,-6.17925,-15.2732,1,-0.28052,0.626305,0.091,1
360,114,2,5,1,0,-5.67681,-14.3106,4,0.155211,0.42134,0.091,1
360,114,2,5,2,1,-7.02472,-14.5845,3,0.074407,1.0717,0.091,1
360,114,2,5,3,1,-5.3743,-15.6157,3,-0.483991,0.297614,0.091,1
360,127,3,2,0,-1,-6.11773,-12.4169,1,-0.058632,-0.612756,0.339,1
360,127,3,2,1,0,-5.80072,-13.4208,4,0.177148,-0.441607,0.339,1
360,127,3,2,2,1,-4.95339,-12.4146,3,-0.217338,-0.036987,0.339,1
360,127,3,2,3,1,-7.07172,-13.0429,3,0.000243581,-0.835808,0.339,1
360,127,3,2,4,0,-6.23071,-11.1278,0,-0.116684,-0.630171,0.339,1
360,127,3,2,5,4,-5.47321,-10.044,0,-0.27337,-0.434233,0.339,1
360,127,3,2,6,5,-4.66277,-9.03171,0,-0.540805,-0.17013,0.339,1
360,127,3,2,7,6,-3.37342,-8.94075,0,-0.556115,0.0350274,0.339,1
360,127,3,2,8,7,-2.11746,-8.48743,0,-0.558328,0.0301478,0.339,1
360,153,1,2,0,-1,-17.2441,-10.6002,1,-0.0268553,-0.0632979,0.702,1
360,153,1,2,1,0,-17.7237,-9.8368,8,0.013252,-0.0399778,0.702,1
360,153,1,2,2,0,-17.6616,-11.3071,8,-0.117917,-0.00127978,0.702,1
360,153,1,2,3,0,-16.5533,-10.5722,8,-0.0169952,-0.136571,0.702,1
360,153,1,2,4,1,-18.1391,-9.20325,0,-0.00885221,-0.0632768,0.702,1
360,160,2,4,0,-1,2.34229,-19.2352,1,0.353743,0.567644,0.089,1
360,160,2,4,1,0,2.86671,-20.2907,4,0.117904,0.00288824,0.089,1
360,160,2,4,2,1,3.54205,-19.0865,3,0.122179,-0.258395,0.089,1
360,160,2,4,3,1,1.57706,-20.1613,3,0.243979,-0.443077,0.089,1
360,165,3,2,0,-1,3.05365,4.31576,1,0.215235,0.328736,0.341,1
360,165,3,2,1,0,3.42225,5.29019,4,0.347785,0.290375,0.341,1
360,165,3,2,2,1,2.11395,5.14077,3,0.282973,0.75966,0.341,1
360,165,3,2,3,1,3.74032,3.9817,3,0.255692,0.255847,0.341,1
360,165,3,2,4,0,2.89361,3.0063,0,0.122774,0.348751,0.341,1
360,165,3,2,5,4,2.8387,1.52313,0,0.176169,0.408499,0.341,1
360,165,3,2,6,5,2.97516,0.0649372,0,0.27924,0.51382,0.341,1
360,165,3,2,7,6,2.28445,-1.17636,0,0.185064,0.703995,0.341,1
360,165,3,2,8,7,1.7692,-2.43102,0,0.0177689,0.885561,0.341,1
360,176,2,6,0,-1,-17.2841,-7.50037,1,0.508319,-0.0646523,0.091,1
360,176,2,6,1,0,-16.5513,-6.75635,4,0.152019,0.321482,0.091,1
360,176,2,6,2,1,-17.9528,-6.85036,3,0.199415,-0.295999,0.091,1
360,176,2,6,3,1,-16.6397,-8.06555,3,0.903439,0.271173,0.091,1
360,181,2,5,0,-1,9.09937,-5.89519,1,-0.311293,-0.749284,0.092,1
360,181,2,5,1,0,9.62014,-6.81076,4,0.117549,-0.493187,0.092,1
360,181,2,5,2,1,10.241,-5.51014,3,-0.581694,-0.22575,0.092,1
360,181,2,5,3,1,8.32152,-6.54541,3,0.0304616,-0.972461,0.092,1
360,182,1,3,0,-1,-17.0339,-9.85476,1,-0.0243471,-0.0612922,0.701,0
360,182,1,3,1,0,-17.2937,-9.07382,8,-0.0399916,-0.0909406,0.701,0
360,182,1,3,2,0,-17.7043,-10.4654,8,-0.0447289,0.00688945,0.701,0
360,182,1,3,3,0,-16.3046,-9.86154,8,-0.0399955,-0.0421259,0.701,0
360,186,3,1,0,-1,12.8986,-15.1313,1,-0.00202997,-0.213161,0.339,0
360,186,3,1,1,0,13.8716,-15.3953,8,-0.00536585,-0.270072,0.339,0
360,186,3,1,2,1,13.3175,-14.2076,3,0.0536827,-0.245771,0.339,0
360,186,3,1,3,1,12.6787,-15.9449,3,-0.0224972,-0.20276,0.339,0
360,186,3,1,4,0,11.728,-14.6728,0,0.033077,-0.116639,0.339,0
360,186,3,1,5,4,10.6655,-13.9525,0,0.0636594,-0.0669988,0.339,0
360,186,3,1,6,5,9.39932,-13.7513,0,0.0689714,-0.0227929,0.339,0
360,199,3,4,0,-1,-15.8693,-4.54631,1,-0.463989,0.793439,0.338,1
360,199,3,4,1,0,-16.4366,-3.64153,4,-0.421592,0.821109,0.338,1
360,199,3,4,2,1,-17.0388,-4.78741,3,-0.390078,0.746478,0.338,1
360,199,3,4,3,1,-15.204,-3.95309,3,-0.357751,1.0971,0.338,1
360,199,3,4,4,0,-15.1983,-5.6731,0,-0.925576,0.503034,0.338,1
360,199,3,4,5,4,-14.4805,-6.86019,0,-1.63291,-0.0086127,0.338,1
360,200,2,7,0,-1,-9.20405,-11.5853,1,-0.03766,-0.279259,0.09,1
360,200,2,7,1,0,-8.35828,-10.9474,4,-0.161058,-0.00348295,0.09,1
360,200,2,7,2,1,-9.73585,-10.5759,3,-0.0996422,0.132988,0.09,1
360,200,2,7,3,1,-8.52637,-12.2425,3,0.177658,0.0192205,0.09,1
360,205,2,6,0,-1,-13.7967,-9.19027,1,-0.175548,-0.144997,0.092,1
360,205,2,6,1,0,-14.2569,-10.1227,4,-0.00862859,-0.209253,0.092,1
360,205,2,6,2,1,-12.9032,-9.77667,3,0.0557407,-0.863412,0.092,1
360,205,2,6,3,1,-14.4523,-8.78456,3,-0.0753187,-0.186738,0.092,1
360,212,2,6,0,-1,14.1356,-7.29576,1,0.389042,-0.542244,0.092,1
360,212,2,6,1,0,15.0215,-7.80147,4,0.637149,0.0520783,0.092,1
360,212,2,6,2,1,14.709,-6.35829,3,0.405482,0.0179119,0.092,1
360,212,2,6,3,1,13.7337,-8.08748,3,0.613842,-0.510849,0.092,1
360,231,2,8,0,-1,-9.10655,-10.8058,1,-0.380188,-0.271787,0.09,0
360,231,2,8,1,0,-9.44896,-9.8122,4,0.140928,-0.0676826,0.09,0
360,231,2,8,2,1,-10.3653,-10.9159,3,-0.200622,0.2519,0.09,0
360,232,2,7,0,-1,12.9873,-9.30334,1,0.23474,-0.570611,0.093,1
360,232,2,7,1,0,13.1563,-10.4187,4,-0.51021,-0.639559,0.093,1
360,232,2,7,2,1,14.4349,-9.76808,3,-0.168898,-1.273,0.093,1
360,232,2,7,3,1,11.9282,-9.97636,3,-0.267331,0.158829,0.093,1
360,238,2,7,0,-1,-14.5177,-9.57358,1,-0.347348,0.0201915,0.091,0
360,238,2,7,1,0,-15.3121,-8.96542,4,-0.781329,-0.48428,0.091,0
360,238,2,7,2,1,-15.1974,-10.3959,3,-0.308677,-0.499842,0.091,0
360,240,2,5,0,-1,2.31919,-18.2388,1,0.0711071,0.181785,0.09,0
360,240,2,5,1,0,3.37307,-17.7186,4,-0.231681,-1.09982,0.09,0
360,240,2,5,2,1,2.1679,-17.0892,3,0.339939,-1.949,0.09,0
360,241,2,7,0,-1,7.80499,-9.28423,1,-0.165076,-0.3556,0.093,1
360,241,2,7,1,0,6.98501,-9.94771,4,-0.328806,-0.0688023,0.093,1
360,241,2,7,2,1,8.4129,-10.2906,3,-0.468569,-0.817293,0.093,1
360,241,2,7,3,1,7.1356,-8.64152,3,0.0452623,-0.079546,0.093,1
360,242,2,8,0,-1,12.9405,-8.46817,1,0.64273,-0.543052,0.092,0
360,242,2,8,1,0,12.0994,-9.07332,4,0.287279,-0.014231,0.092,0
360,242,2,8,2,1,13.5987,-9.5026,3,0.116617,-0.722825,0.092,0
360,247,3,4,0,-1,-1.38596,9.40307,1,0.377896,-0.326338,0.336,1
360,247,3,4,1,0,-0.353827,9.35151,4,0.387364,-0.0288179,0.336,1
360,247,3,4,2,1,-1.1805,10.3371,3,0.0680147,-0.429748,0.336,1
360,247,3,4,3,1,-1.32899,8.48169,3,0.711723,-0.532684,0.336,1
360,247,3,4,4,0,-2.63814,9.60733,0,0.342682,-0.526272,0.336,1
360,247,3,4,5,4,-3.87923,10.0568,0,0.377984,-0.524409,0.336,1
360,247,3,4,6,5,-5.07637,9.54548,0,0.248239,-0.109832,0.336,1
360,247,3,4,7,6,-6.24579,8.97928,0,0.0681158,0.355743,0.336,1
360,247,3,4,8,7,-6.9208,7.76257,0,-0.159316,0.51509,0.336,1
360,249,3,3,0,-1,-6.87719,-12.1338,1,-0.0663094,-0.721485,0.338,0
360,249,3,3,1,0,-7.7645,-12.6602,4,0.0187866,-0.785927,0.338,0
360,249,3,3,2,1,-6.52356,-13.1438,3,0.0217141,-0.873571,0.338,0
360,249,3,3,3,1,-7.5159,-11.392,3,-0.219996,-0.708639,0.338,0
360,249,3,3,4,0,-5.71365,-11.6166,0,-0.129206,-0.605158,0.338,0
360,249,3,3,5,4,-4.54183,-11.0613,0,-0.266962,-0.343218,0.338,0
360,250,3,3,0,-1,2.82064,5.10997,1,0.333176,0.377079,0.342,0
360,250,3,3,1,0,3.29775,6.02417,4,0.660234,0.283621,0.342,0
360,250,3,3,2,1,1.97234,6.08935,3,0.741089,0.94497,0.342,0
360,250,3,3,3,1,3.7311,4.75482,3,0.199391,0.177702,0.342,0
360,250,3,3,4,0,2.19147,4.04627,0,0.0837564,0.491424,0.342,0
360,250,3,3,5,4,1.20786,3.28394,0,0.0826901,0.567905,0.342,0
360,250,3,3,6,5,0.426728,2.29051,0,0.292364,0.446168,0.342,0
360,250,3,3,7,6,-0.798124,1.90265,0,0.444428,0.00653889,0.342,0
360,255,3,5,0,-1,-1.18623,12.9464,1,0.193643,0.196613,0.337,1
360,255,3,5,1,0,-0.305131,12.3703,4,0.149529,0.114709,0.337,1
360,255,3,5,2,1,-0.271076,13.6791,3,0.300601,0.116279,0.337,1
360,255,3,5,3,1,-1.6299,12.3447,3,0.171499,0.0571264,0.337,1
360,255,3,5,4,0,-2.40828,13.1367,0,0.262876,0.47701,0.337,1
360,255,3,5,5,4,-3.69103,13.0566,0,0.22867,0.37075,0.337,1
360,255,3,5,6,5,-4.69328,12.2537,0,0.280883,0.271666,0.337,1
360,255,3,5,7,6,-5.88075,11.7832,0,0.266932,0.3618,0.337,1
360,255,3,5,8,7,-6.79873,10.7616,0,0.244051,0.421159,0.337,1
360,261,3,4,0,-1,1.11618,8.36063,1,0.706596,0.530078,0.336,1
360,261,3,4,1,0,1.97409,8.98575,4,0.917437,0.204393,0.336,1
360,261,3,4,2,1,0.811265,9.50747,3,1.01806,0.379294,0.336,1
360,261,3,4,3,1,1.96554,7.67208,3,0.0784476,0.116355,0.336,1
360,261,3,4,4,0,0.0435659,7.5585,0,0.757286,0.378254,0.336,1
360,261,3,4,5,4,-1.09402,6.70097,0,0.499683,0.826941,0.336,1
360,261,3,4,6,5,-1.64622,5.41395,0,0.397449,0.941204,0.336,1
360,261,3,4,7,6,-2.51619,4.36111,0,0.530713,0.829569,0.336,1
360,261,3,4,8,7,-2.98322,3.02231,0,0.632738,0.769587,0.336,1
360,263,2,6,0,-1,-0.343782,-16.2595,1,-0.315204,0.00706609,0.09,1
360,263,2,6,1,0,-1.37137,-16.056,4,-0.326093,-0.0482695,0.09,1
360,263,2,6,2,1,-0.588147,-17.2088,3,-0.257723,-0.00734458,0.09,1
360,263,2,6,3,1,-0.225367,-15.4179,3,-0.356108,0.000377098,0.09,1
360,264,3,6,0,-1,-1.3854,13.8028,1,0.218768,0.190471,0.336,0
360,264,3,6,1,0,-1.92666,14.7198,4,0.293118,0.228095,0.336,0
360,264,3,6,2,1,-2.79262,13.7714,3,0.149312,0.343282,0.336,0
360,264,3,6,3,1,-0.686283,14.3477,3,0.167555,-0.0985775,0.336,0
360,264,3,6,4,0,-0.473239,12.9567,0,0.19456,0.151146,0.336,0
360,264,3,6,5,4,0.621969,12.2483,0,0.247266,0.141888,0.336,0
360,264,3,6,6,5,1.92939,12.385,0,0.31763,-0.0897318,0.336,0
360,264,3,6,7,6,3.21663,12.162,0,0.266605,-0.539004,0.336,0
360,265,2,7,0,-1,13.9642,-6.54292,1,0.47886,-0.576416,0.093,0
360,265,2,7,1,0,14.9596,-7.00692,4,0.419909,-0.317683,0.093,0
360,265,2,7,2,1,14.8682,-5.56292,3,0.296567,-0.274002,0.093,0
360,266,3,5,0,-1,-1.76476,10.1312,1,0.188047,-0.46137,0.335,0
360,266,3,5,1,0,-2.53616,10.7652,4,0.423912,-0.318206,0.335,0
360,267,2,8,0,-1,7.73497,-10.0709,1,-0.269871,-0.368598,0.094,0
360,268,3,5,0,-1,0.363808,8.18384,1,0.775279,0.335821,0.337,0
360,270,2,6,0,-1,-5.46326,-14.9471,1,0.17397,-0.185776,0.09,0
390,2,3,0,0,-1,10.9411,-10.4831,1,-0.330214,0.570222,0.34,1
390,2,3,0,1,0,10.7243,-9.46147,4,-0.424216,0.622586,0.34,1
390,2,3,0,2,1,10.0132,-10.5289,3,-0.616441,0.778368,0.34,1
390,2,3,0,3,1,11.9727,-9.86163,3,-0.43227,0.714317,0.34,1
390,2,3,0,4,0,10.7706,-11.7608,0,0.0586432,0.455819,0.34,1
390,2,3,0,5,4,10.1198,-12.9539,0,0.184656,0.32222,0.34,1
390,2,3,0,6,5,9.95205,-14.2799,0,0.196343,0.293791,0.34,1
390,2,3,0,7,6,9.50404,-15.5212,0,0.0507855,0.307337,0.34,1
390,2,3,0,8,7,9.8551,-16.8316,0,-0.330475,0.171604,0.34,1
390,26,3,3,0,-1,22.5097,15.8012,1,0.119766,0.915826,0.337,1
390,26,3,3,1,0,22.2853,16.7648,4,-0.13194,0.805151,0.337,1
390,26,3,3,2,1,21.7366,15.5541,3,0.126489,0.699611,0.337,1
390,26,3,3,3,1,23.4012,16.1208,3,0.233772,1.34459,0.337,1
390,26,3,3,4,0,22.6233,14.5068,0,0.526406,0.985447,0.337,1
390,26,3,3,5,4,22.4055,13.148,0,1.17034,0.859397,0.337,1
390,114,2,5,0,-1,2.34681,-11.9154,1,0.195217,-0.223906,0.091,1
390,114,2,5,1,0,2.74849,-12.8901,4,-0.17504,-0.375076,0.091,1
390,114,2,5,2,1,3.39051,-11.6541,3,0.200633,-0.571195,0.091,1
390,114,2,5,3,1,1.55822,-12.3361,3,-0.0219769,-0.0237867,0.091,1
390,165,3,2,0,-1,17.5258,-2.31502,1,0.251536,-0.377237,0.341,1
390,165,3,2,1,0,18.1014,-3.15894,4,0.274761,-0.302023,0.341,1
390,165,3,2,2,1,18.3976,-1.85808,3,0.253202,-0.276496,0.341,1
390,165,3,2,3,1,16.861,-2.72092,3,0.205085,-0.365552,0.341,1
390,165,3,2,4,0,16.8786,-1.23365,0,0.199347,-0.448628,0.341,1
390,165,3,2,5,4,16.3281,-0.0416506,0,0.296611,-0.435169,0.341,1
390,165,3,2,6,5,15.264,0.732463,0,0.461088,-0.223933,0.341,1
390,165,3,2,7,6,14.3864,1.69737,0,0.519269,-0.168372,0.341,1
390,165,3,2,8,7,13.1282,1.97224,0,0.480109,-0.343965,0.341,1
390,181,2,5,0,-1,15.5036,-4.40014,1,0.0268032,-0.30473,0.092,1
390,181,2,5,1,0,14.628,-5.00633,4,0.0901542,-0.385433,0.092,1
390,181,2,5,2,1,16.0293,-5.30768,3,0.106476,-0.321975,0.092,1
390,181,2,5,3,1,14.713,-3.70032,3,-0.127802,-0.36109,0.092,1
390,199,3,4,0,-1,-12.1207,7.98113,1,-0.38794,0.974672,0.338,1
390,199,3,4,1,0,-12.8195,8.77921,4,-0.795501,0.723649,0.338,1
390,199,3,4,2,1,-13.2753,7.53275,3,-0.281114,0.518715,0.338,1
390,199,3,4,3,1,-11.5895,9.1957,3,-1.04303,1.36992,0.338,1
390,199,3,4,4,0,-11.7906,6.74002,0,-0.0896467,1.00242,0.338,1
390,199,3,4,5,4,-11.7148,5.39496,0,0.190132,0.980639,0.338,1
390,205,2,6,0,-1,-6.12845,-12.4667,1,-0.0282948,0.451311,0.092,1
390,205,2,6,1,0,-6.91621,-11.7418,4,-0.452073,-0.127443,0.092,1
390,205,2,6,2,1,-7.16494,-13.1704,3,0.463135,-0.276969,0.092,1
390,205,2,6,3,1,-5.57758,-11.7374,3,-0.402854,0.427759,0.092,1
390,212,2,6,0,-1,15.3471,-12.5149,1,0.454661,0.454982,0.092,1
390,212,2,6,1,0,15.747,-11.5307,4,0.50692,0.389253,0.092,1
390,212,2,6,2,1,14.3903,-11.9469,3,0.422647,0.362191,0.092,1
390,212,2,6,3,1,16.2763,-12.7271,3,0.188099,0.230751,0.092,1
390,231,2,8,0,-1,-9.16296,-7.94117,1,-0.061455,-0.342239,0.09,1
390,231,2,8,1,0,-9.7573,-8.8009,4,-0.203601,-0.244337,0.09,1
390,231,2,8,2,1,-8.42698,-8.33625,3,-0.0762617,-0.583472,0.09,1
390,231,2,8,3,1,-9.84542,-7.49129,3,0.217441,-0.236161,0.09,1
390,232,2,7,0,-1,12.6768,-12.1991,1,0.115537,0.390297,0.093,1
390,232,2,7,1,0,12.7623,-11.1595,4,-0.0429417,0.390031,0.093,1
390,232,2,7,2,1,11.5904,-12.0035,3,0.198719,0.0320746,0.093,1
390,232,2,7,3,1,13.5796,-12.2013,3,-0.0831313,0.380662,0.093,1
390,238,2,7,0,-1,-13.6942,-19.893,1,-0.20835,-0.156195,0.091,1
390,238,2,7,1,0,-14.4354,-20.6085,4,-0.174286,-0.192677,0.091,1
390,238,2,7,2,1,-13.0357,-20.6113,3,-0.179644,-0.0810441,0.091,1
390,238,2,7,3,1,-14.2147,-19.2787,3,-0.248085,-0.176064,0.091,1
390,241,2,7,0,-1,14.0408,-7.93402,1,0.484963,0.221429,0.093,1
390,241,2,7,1,0,15.0176,-7.39982,4,0.775943,-0.079011,0.093,1
390,241,2,7,2,1,13.8135,-6.67529,3,0.776163,-0.0276622,0.093,1
390,241,2,7,3,1,14.6384,-8.67781,3,0.228608,0.157815,0.093,1
390,242,2,8,0,-1,12.2249,-5.84072,1,-0.311761,-0.262117,0.092,1
390,242,2,8,1,0,11.8349,-6.80924,4,-0.522609,-0.223224,0.092,1
390,242,2,8,2,1,13.2362,-6.22812,3,-0.736981,-0.0712439,0.092,1
390,242,2,8,3,1,11.3357,-5.58881,3,-0.183682,-0.078437,0.092,1
390,247,3,4,0,-1,0.957428,-1.51761,1,0.763517,0.373796,0.336,1
390,247,3,4,1,0,1.90227,-1.06024,4,0.572699,0.77239,0.336,1
390,247,3,4,2,1,0.643721,-0.705743,3,0.444369,0.321264,0.336,1
390,247,3,4,3,1,1.89892,-2.3463,3,1.04568,0.784722,0.336,1
390,247,3,4,4,0,-0.341607,-1.49562,0,0.762838,-0.154774,0.336,1
390,247,3,4,5,4,-1.34231,-0.513943,0,0.454955,-0.508583,0.336,1
390,247,3,4,6,5,-2.18541,0.568133,0,0.166603,-0.771654,0.336,1
390,247,3,4,7,6,-2.13442,1.91335,0,0.0021107,-0.787023,0.336,1
390,247,3,4,8,7,-2.30606,3.30961,0,-0.167264,-0.816441,0.336,1
390,250,3,3,0,-1,18.265,-2.57186,1,0.2702,-0.344937,0.342,0
390,250,3,3,1,0,18.8974,-3.37072,4,0.539332,-0.0781812,0.342,0
390,250,3,3,2,1,19.1039,-2.07157,3,0.278928,-0.0214694,0.342,0
390,250,3,3,3,1,17.5775,-3.61688,3,0.699615,-0.825548,0.342,0
390,250,3,3,4,0,17.7262,-1.42846,0,0.0635986,-0.49603,0.342,0
390,250,3,3,5,4,17.5898,-0.160485,0,0.160846,-0.434728,0.342,0
390,250,3,3,6,5,16.6915,0.702542,0,0.305996,-0.263206,0.342,0
390,250,3,3,7,6,15.9954,1.73607,0,0.420301,-0.175029,0.342,0
390,253,2,6,0,-1,16.3217,-4.49868,1,-0.00610942,-0.493133,0.093,0
390,253,2,6,1,0,17.3594,-4.72842,4,-0.0697161,-0.707445,0.093,0
390,253,2,6,2,1,16.6168,-3.51041,3,0.365818,-0.405665,0.093,0
390,255,3,5,0,-1,6.45442,17.8693,1,-0.389696,0.676535,0.337,1
390,255,3,5,1,0,6.26229,18.8531,4,-0.572699,0.619271,0.337,1
390,255,3,5,2,1,5.43761,17.8145,3,-0.552147,0.591359,0.337,1
390,255,3,5,3,1,7.34769,18.1175,3,-0.309779,0.886094,0.337,1
390,255,3,5,4,0,6.32673,16.6312,0,-0.020679,0.589652,0.337,1
390,255,3,5,5,4,5.25782,16.0249,0,0.187086,0.0729988,0.337,1
390,255,3,5,6,5,4.25474,15.3454,0,0.37667,-0.270523,0.337,1
390,255,3,5,7,6,3.0275,15.3695,0,0.366209,-0.248055,0.337,1
390,255,3,5,8,7,1.84688,14.739,0,0.286779,-0.0890195,0.337,1
390,261,3,4,0,-1,8.89422,17.863,1,-0.280227,0.227071,0.336,1
390,261,3,4,1,0,8.07172,18.6003,4,-0.183918,0.441228,0.336,1
390,261,3,4,2,1,7.70945,17.3737,3,-0.357265,0.642235,0.336,1
390,261,3,4,3,1,9.38861,18.6899,3,-0.207321,0.155147,0.336,1
390,261,3,4,4,0,9.84959,16.9163,0,-0.473217,-0.0249133,0.336,1
390,261,3,4,5,4,10.9808,16.0901,0,-0.428892,-0.0687369,0.336,1
390,261,3,4,6,5,12.3407,15.8372,0,-0.402168,0.089624,0.336,1
390,261,3,4,7,6,13.4892,15.1143,0,-0.292252,0.301509,0.336,1
390,261,3,4,8,7,14.8327,14.6643,0,-0.21418,0.563431,0.336,1
390,263,2,6,0,-1,-5.03982,-11.1962,1,-0.249447,0.282466,0.09,1
390,263,2,6,1,0,-6.01433,-11.5395,4,-0.34785,0.386868,0.09,1
390,263,2,6,2,1,-4.85373,-12.3408,3,-0.811867,-0.241948,0.09,1
390,263,2,6,3,1,-5.05506,-10.5231,3,0.22454,-0.243008,0.09,1
390,265,2,7,0,-1,14.2829,-10.7183,1,-0.134057,0.367847,0.093,1
390,265,2,7,1,0,13.4337,-10.0846,4,0.0468709,0.618898,0.093,1
390,265,2,7,2,1,13.4733,-11.4903,3,-0.0667383,0.580932,0.093,1
390,265,2,7,3,1,14.7736,-9.92596,3,0.0772374,0.413122,0.093,1
390,267,2,8,0,-1,13.9737,-7.20362,1,0.556369,0.201665,0.094,0
390,267,2,8,1,0,14.7297,-7.93567,4,0.418972,0.208909,0.094,0
390,267,2,8,2,1,14.626,-6.48931,3,1.01999,0.332325,0.094,0
390,268,3,5,0,-1,8.07913,17.9202,1,-0.40051,0.410474,0.337,1
390,268,3,5,1,0,7.08335,18.5416,4,-0.241846,0.979472,0.337,1
390,268,3,5,2,1,6.89822,17.2555,3,-0.796317,1.07935,0.337,1
390,268,3,5,3,1,8.14748,19.3179,3,0.255349,0.319125,0.337,1
390,268,3,5,4,0,9.20286,17.1865,0,-0.535433,0.121485,0.337,1
390,268,3,5,5,4,10.5742,16.9236,0,-0.433446,-0.0425591,0.337,1
390,268,3,5,6,5,11.585,17.6996,0,-0.34088,-0.052383,0.337,1
390,268,3,5,7,6,12.716,18.281,0,-0.404123,0.071397,0.337,1
390,268,3,5,8,7,13.4953,19.4219,0,-0.830732,0.337845,0.337,1
390,270,2,6,0,-1,-1.35376,-18.3434,1,-1.17625,-0.771805,0.09,1
390,270,2,6,1,0,-2.30162,-17.8428,4,-0.540556,0.00443328,0.09,1
390,270,2,6,2,1,-1.60115,-19.0267,3,-0.42122,0.0420849,0.09,1
390,270,2,6,3,1,-1.23124,-17.0915,3,-0.444107,0.101884,0.09,1
390,271,3,4,0,-1,21.8103,16.3393,1,-0.0695571,0.680439,0.337,0
390,271,3,4,1,0,21.1264,17.169,4,-0.198335,0.548423,0.337,0
390,271,3,4,2,1,20.6709,15.9726,3,-0.172264,0.515737,0.337,0
390,271,3,4,3,1,22.4221,17.4176,3,-0.223666,0.683344,0.337,0
390,272,3,5,0,-1,-11.3768,7.52954,1,-0.40838,0.82183,0.338,0
390,272,3,5,1,0,-11.5732,8.48362,4,-0.327995,0.886772,0.338,0
390,272,3,5,2,1,-12.3967,7.45575,3,-0.468857,1.01709,0.338,0
390,272,3,5,3,1,-10.4713,7.75135,3,-0.507728,0.612962,0.338,0
390,272,3,5,4,0,-11.0782,6.29861,0,0.0730262,0.931947,0.338,0
390,275,2,8,0,-1,-19.5623,-18.6447,1,-0.496633,0.148727,0.09,1
390,275,2,8,1,0,-20.6145,-18.6553,4,-0.493977,-0.14853,0.09,1
390,275,2,8,2,1,-19.6523,-19.6707,3,-0.2093,0.122201,0.09,1
390,275,2,8,3,1,-19.6752,-17.746,3,-0.746943,0.115548,0.09,1
390,277,2,7,0,-1,5.15171,-11.155,1,0.385019,-0.400889,0.09,1
390,277,2,7,1,0,5.77558,-12.0038,4,0.513577,-0.30166,0.09,1
390,277,2,7,2,1,6.04309,-10.6367,3,0.295422,-0.26686,0.09,1
390,277,2,7,3,1,4.48224,-11.7915,3,0.492002,-0.402797,0.09,1
390,278,2,9,0,-1,-9.02237,-8.74002,1,-0.0943845,-0.327685,0.09,0
390,278,2,9,1,0,-8.00348,-8.98171,4,-0.084059,-0.458224,0.09,0
390,280,2,7,0,-1,-0.736173,-17.9699,1,-0.879683,-0.545666,0.09,0
390,280,2,7,1,0,-0.275741,-18.9332,4,0.109269,0.47059,0.09,0
390,280,2,7,2,1,-1.08338,-17.6944,3,1.23415,0.828287,0.09,0
390,281,2,7,0,-1,-6.89882,-12.4332,1,-0.116559,-0.0786231,0.093,0
390,281,2,7,1,0,-7.72171,-11.7974,4,-0.287463,-0.22177,0.093,0
390,283,2,8,0,-1,-14.5188,-19.8863,1,-0.205318,-0.199347,0.09,0
390,283,2,8,1,0,-14.9567,-18.9309,4,-0.301257,-0.246577,0.09,0
390,284,2,6,0,-1,-3.356,-15.7733,1,-0.18022,-0.202443,0.09,1
390,284,2,6,1,0,-4.24485,-16.3507,4,-0.267897,-0.0809634,0.09,1
390,284,2,6,2,1,-2.90856,-16.7307,3,-0.325734,-0.2869,0.09,1
390,284,2,6,3,1,-3.95627,-15.072,3,-0.0934038,-0.12673,0.09,1
390,285,2,7,0,-1,-2.67781,-15.3275,1,-0.207732,-0.151601,0.089,0
390,285,2,7,1,0,-1.76341,-14.808,4,-0.356749,0.113269,0.089,0
390,286,2,8,0,-1,14.1307,-9.92969,1,0.190569,0.390761,0.094,0
390,286,2,8,1,0,13.3921,-9.1997,4,0.0395959,0.174325,0.094,0
390,290,3,6,0,-1,8.6364,17.2878,1,-0.308396,0.238881,0.336,0
390,290,3,6,1,0,9.66918,17.6529,4,-0.234654,0.057861,0.336,0
390,290,3,6,2,1,8.69173,18.4834,3,-0.116928,0.176701,0.336,0
390,290,3,6,3,1,9.10778,16.4343,3,-0.348016,0.068387,0.336,0
390,290,3,6,4,0,7.50334,16.7434,0,-0.230322,0.00581584,0.336,0
390,291,2,7,0,-1,-5.76629,-10.6703,1,-0.232098,0.511823,0.089,0
390,291,2,7,1,0,-6.79664,-10.1269,4,-0.208869,0.755168,0.089,0
390,291,2,7,2,1,-6.07779,-11.2075,3,-0.447821,0.523687,0.089,0
390,291,2,7,3,0,-6.55661,-10.7492,3,-0.385266,1.18116,0.089,0
420,2,3,0,0,-1,18.6457,-8.73338,1,-0.0339991,0.100613,0.34,1
420,2,3,0,4,0,17.6319,-9.465,0,0.0122529,0.0354059,0.34,1
420,2,3,0,5,4,16.4762,-10.019,0,0.0369779,-0.0240918,0.34,1
420,2,3,0,6,5,15.7481,-11.0729,0,0.0478973,-0.0368993,0.34,1
420,2,3,0,7,6,14.692,-11.7969,0,0.0339395,-0.0236214,0.34,1
420,2,3,0,8,7,14.0966,-12.9908,0,-0.0133922,-0.00208589,0.34,1
420,114,2,5,0,-1,2.87627,-12.0981,1,0.488062,-0.355065,0.091,1
420,114,2,5,1,0,3.27471,-13.0684,4,0.176813,-0.482138,0.091,1
420,114,2,5,2,1,3.82265,-11.7887,3,0.598239,-0.664322,0.091,1
420,114,2,5,3,1,2.10355,-12.474,3,0.32425,-0.173502,0.091,1
420,199,3,4,0,-1,-19.0806,5.66114,1,0.365319,-0.477916,0.338,1
420,199,3,4,1,0,-19.3897,4.61885,4,0.404728,-0.421444,0.338,1
420,199,3,4,2,1,-18.156,4.89663,3,0.489167,-0.681198,0.338,1
420,199,3,4,3,1,-20.1129,5.70426,3,0.831032,-0.162487,0.338,1
420,199,3,4,4,0,-18.9274,6.8887,0,0.0852372,-0.444425,0.338,1
420,199,3,4,5,4,-18.831,8.16971,0,0.0384824,-0.573671,0.338,1
420,205,2,6,0,-1,-15.0125,-9.6188,1,0.939417,0.0288011,0.092,1
420,205,2,6,1,0,-13.9717,-9.75711,4,0.823052,-0.598742,0.092,1
420,205,2,6,2,1,-14.8441,-8.68726,3,1.11763,-0.330033,0.092,1
420,205,2,6,3,1,-15.0958,-10.461,3,0.228695,0.284443,0.092,1
420,231,2,8,0,-1,-11.8819,-4.74213,1,0.292515,0.174399,0.09,1
420,231,2,8,1,0,-10.8421,-4.69658,4,0.338117,-0.026443,0.09,1
420,231,2,8,2,1,-11.8498,-3.69914,3,0.688823,0.309985,0.09,1
420,231,2,8,3,1,-11.8214,-5.57343,3,0.192727,0.144561,0.09,1
420,232,2,7,0,-1,9.28231,-10.6285,1,0.166056,0.0789029,0.093,1
420,232,2,7,1,0,9.87071,-9.77476,4,0.0448619,0.0508666,0.093,1
420,232,2,7,2,1,8.43375,-10.2072,3,0.386505,-0.59714,0.093,1
420,232,2,7,3,1,10.1428,-11.0909,3,0.0663877,0.0954514,0.093,1
420,241,2,7,0,-1,17.3098,-1.30255,1,0.234074,0.198258,0.093,1
420,241,2,7,1,0,18.36,-1.29341,4,0.232742,0.231768,0.093,1
420,241,2,7,2,1,17.3945,-0.223465,3,0.182447,0.18715,0.093,1
420,241,2,7,3,1,17.4456,-2.22466,3,0.245413,0.221836,0.093,1
420,247,3,4,0,-1,5.89343,3.14831,1,1.02715,-0.289066,0.336,1
420,247,3,4,1,0,6.93722,3.1776,4,0.860345,-0.516901,0.336,1
420,247,3,4,2,1,6.42664,4.35174,3,1.22831,-0.242262,0.336,1
420,247,3,4,3,1,5.88548,2.35152,3,0.592805,-0.267558,0.336,1
420,247,3,4,4,0,4.62363,2.81426,0,0.934513,0.140966,0.336,1
420,247,3,4,5,4,3.42292,2.05108,0,0.566634,0.578309,0.336,1
420,247,3,4,6,5,3.00809,0.730956,0,0.020585,0.706716,0.336,1
420,247,3,4,7,6,2.49661,-0.515617,0,-0.26817,0.796871,0.336,1
420,247,3,4,8,7,2.63611,-1.91865,0,-0.472958,0.76022,0.336,1
420,261,3,4,0,-1,12.5768,22.1917,1,0.289914,-0.295553,0.336,1
420,261,3,4,4,0,11.6605,21.3296,0,0.0782596,-0.0697257,0.336,1
420,261,3,4,5,4,10.5544,20.5978,0,0.0311104,0.0749588,0.336,1
420,261,3,4,6,5,10.034,19.3837,0,-0.0614934,0.137683,0.336,1
420,261,3,4,7,6,9.17881,18.3872,0,-0.0414681,0.131215,0.336,1
420,261,3,4,8,7,8.72523,17.0686,0,0.122919,0.0765857,0.336,1
420,265,2,7,0,-1,8.55497,-8.7407,1,0.142446,-0.0156491,0.093,1
420,265,2,7,1,0,8.57054,-9.77122,4,-0.172624,0.0328115,0.093,1
420,265,2,7,2,1,9.79301,-9.0378,3,0.338886,-0.627003,0.093,1
420,265,2,7,3,1,7.53977,-8.96649,3,-0.115377,0.170646,0.093,1
420,268,3,5,0,-1,10.1315,22.5255,1,-0.0516501,-0.0484963,0.337,1
420,268,3,5,1,0,9.48187,23.2879,4,-0.189411,-0.113013,0.337,1
420,268,3,5,2,1,9.39222,21.9795,3,-0.322145,-0.116609,0.337,1
420,268,3,5,3,1,10.7696,23.0459,3,-0.176846,0.154655,0.337,1
420,268,3,5,4,0,10.8354,21.4881,0,0.0120755,-0.028973,0.337,1
420,268,3,5,5,4,11.2802,20.2606,0,0.028851,0.0461791,0.337,1
420,268,3,5,6,5,12.0058,19.1889,0,0.0785369,0.1715,0.337,1
420,268,3,5,7,6,12.2102,17.9053,0,-0.00401889,0.212435,0.337,1
420,268,3,5,8,7,12.9583,16.741,0,-0.0852104,0.191264,0.337,1
420,272,3,5,0,-1,-14.5999,9.08162,1,-0.374495,0.700636,0.338,1
420,272,3,5,1,0,-14.9115,10.072,4,-0.143874,0.799453,0.338,1
420,272,3,5,2,1,-16.0058,9.4045,3,-0.285066,1.04314,0.338,1
420,272,3,5,3,1,-13.84,9.18531,3,-0.369637,0.531217,0.338,1
420,272,3,5,4,0,-13.7628,8.09477,0,-0.579039,0.494597,0.338,1
420,272,3,5,5,4,-12.4967,7.48696,0,-0.752286,0.143586,0.338,1
420,272,3,5,6,5,-11.1221,7.71683,6,-0.707477,-0.243451,0.338,1
420,272,3,5,7,6,-9.75685,7.70173,0,-0.725436,-0.625382,0.338,1
420,272,3,5,8,7,-8.44745,8.25704,0,-0.589612,-0.960125,0.338,1
420,278,2,9,0,-1,-11.374,-4.11666,1,0.441435,0.0153287,0.09,0
420,278,2,9,1,0,-11.606,-3.0622,4,0.868252,0.117818,0.09,0
420,278,2,9,2,1,-12.4788,-4.18027,3,0.47637,0.421822,0.09,0
420,281,2,7,0,-1,-12.9393,-22.5937,1,-0.0178517,-0.581197,0.093,1
420,281,2,7,1,0,-12.2079,-23.3825,4,0.253616,-0.421581,0.093,1
420,281,2,7,2,1,-12.0283,-22.0016,3,0.295089,-0.439921,0.093,1
420,281,2,7,3,1,-13.5003,-23.2627,3,0.300459,-0.479776,0.093,1
420,284,2,6,0,-1,-12.607,-20.1878,1,0.148454,-0.384942,0.09,1
420,284,2,6,1,0,-11.6255,-20.5727,4,0.303038,0.0191604,0.09,1
420,284,2,6,2,1,-12.0987,-19.2537,3,-0.288987,-0.193989,0.09,1
420,284,2,6,3,1,-12.8225,-21.1047,3,0.469544,-0.349912,0.09,1
420,286,2,8,0,-1,10.4659,-1.04369,1,-0.148752,0.507528,0.094,1
420,286,2,8,1,0,10.478,0.0211182,4,-0.0234277,0.476357,0.094,1
420,286,2,8,2,1,9.2595,-0.751968,3,-0.139806,0.632892,0.094,1
420,286,2,8,3,1,11.51,-0.779172,3,0.0227682,0.456854,0.094,1
420,298,3,5,0,-1,-2.10781,1.78856,1,-0.125487,0.582891,0.335,1
420,298,3,5,1,0,-2.22485,2.85587,4,-0.0110137,0.579031,0.335,1
420,298,3,5,2,1,-3.38076,2.28969,3,-0.0276112,0.611409,0.335,1
420,298,3,5,3,1,-1.2255,1.99026,3,0.0130382,0.662591,0.335,1
420,298,3,5,4,0,-1.80507,0.512707,0,-0.453197,0.531737,0.335,1
420,298,3,5,5,4,-1.32953,-0.837653,0,-0.585379,0.527163,0.335,1
420,298,3,5,6,5,-0.530238,-1.9799,0,-0.515709,0.606196,0.335,1
420,298,3,5,7,6,-0.486427,-3.32722,0,-0.354451,0.627108,0.335,1
420,298,3,5,8,7,-0.280776,-4.72009,0,-0.102104,0.668067,0.335,1
420,299,2,8,0,-1,2.59467,-15.8054,1,0.290204,0.0717771,0.092,1
420,299,2,8,1,0,2.92022,-14.8206,4,0.155009,0.17925,0.092,1
420,299,2,8,2,1,1.70453,-15.493,3,0.0961234,0.273496,0.092,1
420,299,2,8,3,1,3.41001,-16.0742,3,0.423755,0.289251,0.092,1
420,301,10,6,0,-1,-14.5386,9.90274,1,-0.176132,0.684851,0.363,0
420,301,10,6,1,0,-14.1936,9.656,4,-0.228858,0.59817,0.363,0
420,301,10,6,2,0,-15.5771,10.2335,4,-0.106285,0.922767,0.363,0
420,301,10,6,3,2,-15.4138,8.95539,3,-0.396916,0.888966,0.363,0
420,301,10,6,4,2,-14.3436,10.6772,3,-0.0414968,0.717174,0.363,0
420,301,10,6,5,0,-13.2799,9.80628,0,-0.205805,0.384421,0.363,0
420,301,10,6,6,5,-11.954,9.7331,0,-0.246193,-0.053076,0.363,0
420,301,10,6,7,6,-10.7623,10.3006,6,-0.00436056,-0.55727,0.363,0
420,303,2,7,0,-1,-14.9579,-6.27707,1,0.188021,-0.433809,0.091,1
420,303,2,7,1,0,-14.0216,-6.80202,4,0.48992,0.032443,0.091,1
420,303,2,7,2,1,-14.271,-5.41998,3,-0.211843,-0.116065,0.091,1
420,303,2,7,3,1,-15.1606,-7.33479,3,0.821603,-0.599659,0.091,1
420,306,3,5,0,-1,-18.4004,6.3007,1,0.20033,-0.373748,0.339,0
420,306,3,5,1,0,-17.3843,6.7139,4,0.110104,-0.187857,0.339,0
420,306,3,5,2,1,-18.4142,7.50073,3,-0.00893235,-0.366366,0.339,0
420,306,3,5,3,1,-17.3688,5.44171,3,0.274235,-0.147946,0.339,0
420,306,3,5,4,0,-19.6322,6.51457,0,0.164728,-0.265917,0.339,0
420,310,2,9,0,-1,-4.70204,-9.98868,1,0.46586,0.666112,0.092,1
420,310,2,9,1,0,-3.64274,-10.0095,4,0.4564,-0.100927,0.092,1
420,310,2,9,2,1,-4.45977,-8.87041,3,1.34935,0.555191,0.092,1
420,310,2,9,3,1,-4.56807,-10.9537,3,-0.168418,0.496916,0.092,1
420,312,2,6,0,-1,-0.507565,-8.92911,1,0.00340827,0.751329,0.091,1
420,312,2,6,1,0,0.457617,-8.47908,4,0.363918,-0.00492098,0.091,1
420,312,2,6,2,1,-0.736935,-7.73532,3,0.949282,0.9381,0.091,1
420,312,2,6,3,1,0.11456,-9.7575,3,-0.4988,0.211373,0.091,1
420,313,2,8,0,-1,-14.8254,-17.4942,1,-0.113002,0.0549404,0.092,1
420,313,2,8,1,0,-15.3205,-16.5705,4,0.0392008,0.139677,0.092,1
420,313,2,8,2,1,-15.7177,-17.9056,3,-0.199175,0.214669,0.092,1
420,313,2,8,3,1,-14.1055,-17.0664,5,-0.0370496,-0.0505375,0.092,1
420,314,2,8,0,-1,-18.9957,-6.16217,1,-0.00990494,0.00856903,0.092,1
420,314,2,8,1,0,-19.2851,-7.1663,4,0.00364866,0.00450079,0.092,1
420,314,2,8,2,1,-18.0771,-6.46021,3,-0.000582864,0.0123811,0.092,1
420,318,2,9,0,-1,11.1,-1.54447,1,-0.424123,0.170148,0.094,0
420,319,2,7,0,-1,-16.4547,-9.15375,1,-0.583962,0.698116,0.091,1
420,319,2,7,1,0,-17.4762,-9.49793,4,-0.240674,0.121055,0.091,1
420,319,2,7,2,1,-16.4372,-10.4393,3,-0.0802491,0.189929,0.091,1
420,319,2,7,3,1,-17.1781,-8.21398,3,0.607651,-0.282317,0.091,1
420,320,3,6,0,-1,-1.69276,2.4552,1,0.0116376,0.245598,0.334,0
420,320,3,6,1,0,-0.699799,2.59303,4,0.161533,0.693763,0.334,0
420,320,3,6,2,1,-1.26129,1.39436,3,-0.273313,0.493179,0.334,0
420,322,2,8,0,-1,-15.2223,-5.49443,1,0.164426,-0.450895,0.091,0
420,322,2,8,1,0,-15.9663,-4.74547,4,0.487703,-0.213685,0.091,0
420,322,2,8,2,1,-15.882,-6.14416,3,-0.193243,-0.297839,0.091,0
420,323,2,9,0,-1,3.31935,-15.4547,1,0.140159,0.395624,0.093,0
420,323,2,9,1,0,3.64399,-14.4774,4,0.355968,0.345101,0.093,0
420,324,11,8,0,-1,10.0129,-10.3232,1,0.234762,0.19205,0.118,0
420,324,11,8,1,0,10.7615,-9.58053,4,0.118021,0.541649,0.118,0
420,324,11,8,2,1,9.31918,-9.38202,3,0.0868151,1.21647,0.118,0
420,325,2,8,0,-1,-13.6211,-22.1009,1,0.37287,0.0347445,0.093,0
420,325,2,8,1,0,-14.4597,-21.4435,4,0.120728,-0.255772,0.093,0
420,327,3,5,0,-1,6.45892,2.54477,1,0.788573,-0.671519,0.337,0
450,114,2,5,0,-1,3.12856,-11.5129,1,-0.126166,-0.333447,0.091,1
450,114,2,5,1,0,3.10528,-12.5516,4,-0.0624874,-0.331979,0.091,1
450,114,2,5,2,1,4.13359,-11.6112,3,-0.11262,-0.270144,0.091,1
450,114,2,5,3,1,2.29959,-11.4679,3,-0.131533,-0.387193,0.091,1
450,205,2,6,0,-1,-16.1352,-17.8459,1,-0.254248,-0.262907,0.092,1
450,205,2,6,1,0,-17.1661,-18.1264,4,-0.258377,-0.241264,0.092,1
450,205,2,6,2,1,-15.9669,-18.811,3,-0.282137,-0.280841,0.092,1
450,205,2,6,3,1,-16.5589,-16.9745,3,-0.277757,-0.229629,0.092,1
450,232,2,7,0,-1,10.9462,-6.08977,1,0.311475,0.130122,0.093,1
450,232,2,7,1,0,11.9692,-6.24904,4,0.28879,-0.060315,0.093,1
450,232,2,7,2,1,11.262,-4.98821,3,0.546342,0.0822867,0.093,1
450,232,2,7,3,1,10.8176,-6.95154,3,0.218251,0.0429515,0.093,1
450,247,3,4,0,-1,18.2127,12.9317,1,0.934771,0.095424,0.336,1
450,247,3,4,1,0,19.2878,12.8955,4,0.862273,0.00949537,0.336,1
450,247,3,4,2,1,18.9147,14.1108,3,0.663507,-0.234265,0.336,1
450,247,3,4,3,1,18.5254,11.8309,3,0.344368,0.331343,0.336,1
450,247,3,4,4,0,16.8979,12.9112,0,0.96846,0.0533598,0.336,1
450,247,3,4,5,4,15.4708,12.4705,0,0.919015,-0.121648,0.336,1
450,247,3,4,6,5,14.3162,11.6094,0,0.67024,-0.123653,0.336,1
450,247,3,4,7,6,13.018,11.1476,0,0.387726,0.158726,0.336,1
450,247,3,4,8,7,11.966,10.1924,0,-0.0581532,0.523657,0.336,1
450,265,2,7,0,-1,16.2868,-5.60857,1,0.322014,-0.196855,0.093,1
450,265,2,7,1,0,15.8684,-6.59587,4,-0.0911865,-0.0309782,0.093,1
450,265,2,7,2,1,17.2917,-6.22655,3,-0.129719,-0.183479,0.093,1
450,265,2,7,3,1,15.1808,-5.43487,3,-0.0484719,0.0124903,0.093,1
450,272,3,5,0,-1,-10.7386,7.98836,1,-0.260885,-0.236699,0.338,1
450,272,3,5,4,0,-9.4926,8.09504,0,-0.236543,-0.380055,0.338,1
450,272,3,5,5,4,-8.23907,7.83641,0,-0.208872,-0.36754,0.338,1
450,286,2,8,0,-1,19.0484,4.17106,1,0.467277,0.272537,0.094,1
450,286,2,8,1,0,20.088,3.87259,4,0.391885,0.0162215,0.094,1
450,286,2,8,2,1,19.4831,5.14624,3,0.810205,0.196335,0.094,1
450,286,2,8,3,1,19.0865,3.03113,3,0.125744,0.340833,0.094,1
450,298,3,5,0,-1,5.96267,15.8448,1,0.853886,-0.0369042,0.335,1
450,298,3,5,1,0,7.0123,15.909,4,0.893563,-0.299462,0.335,1
450,298,3,5,2,1,6.30399,16.9759,3,1.27244,-0.065022,0.335,1
450,298,3,5,3,1,6.01633,15.0366,3,0.658956,-0.0496289,0.335,1
450,298,3,5,4,0,4.66845,15.6863,0,0.79213,0.165391,0.335,1
450,298,3,5,5,4,3.32533,15.3194,0,0.694093,0.360081,0.335,1
450,298,3,5,6,5,2.58394,14.1672,0,0.367188,0.52519,0.335,1
450,298,3,5,7,6,2.0605,12.9073,0,-0.260818,0.777327,0.335,1
450,298,3,5,8,7,2.2238,11.4804,0,-0.825928,0.732336,0.335,1
450,299,2,8,0,-1,1.73082,-14.4027,1,0.187647,-0.181024,0.092,1
450,299,2,8,1,0,2.49372,-15.1437,4,0.101822,-0.395098,0.092,1
450,299,2,8,2,1,2.52885,-13.7556,3,0.361905,-0.49626,0.092,1
450,299,2,8,3,1,1.23936,-15.6295,3,0.152991,-0.199233,0.092,1
450,301,10,6,0,-1,-11.9764,9.91919,1,-0.41118,0.713565,0.363,1
450,301,10,6,1,0,-11.6907,9.51006,4,-0.66229,0.553788,0.363,1
450,301,10,6,2,0,-12.8178,10.558,4,-0.293075,0.931284,0.363,1
450,301,10,6,3,2,-13.1181,9.2897,3,-1.35054,1.00062,0.363,1
450,301,10,6,4,2,-11.5113,10.5694,3,-0.317601,0.638363,0.363,1
450,301,10,6,5,0,-10.696,9.66578,0,-0.602289,-0.30277,0.363,1
450,301,10,6,6,5,-9.31075,9.4563,0,-0.666311,-0.692883,0.363,1
450,301,10,6,7,6,-8.15349,10.093,6,-0.846641,-0.342542,0.363,1
450,301,10,6,8,7,-7.42241,11.1508,0,-0.858939,-0.117995,0.363,1
450,301,10,6,9,8,-7.88409,12.5848,0,0.752518,0.434058,0.363,1
450,303,2,7,0,-1,-0.853304,-17.178,1,-0.21654,-0.278951,0.091,1
450,303,2,7,1,0,-1.91583,-17.6517,4,-0.239035,-0.762249,0.091,1
450,303,2,7,2,1,-0.560286,-18.0699,3,-0.320552,-0.170221,0.091,1
450,303,2,7,3,1,-1.36092,-16.5142,3,-0.953306,-0.721153,0.091,1
450,310,2,9,0,-1,-1.93706,-14.104,1,-0.145753,-0.691131,0.092,1
450,310,2,9,1,0,-2.39458,-15.0611,4,-0.462891,-0.306168,0.092,1
450,310,2,9,2,1,-0.972551,-14.9983,3,-0.328932,-1.11494,0.092,1
450,310,2,9,3,1,-2.77139,-13.8042,3,0.263576,0.00347456,0.092,1
450,312,2,6,0,-1,3.97245,-13.8434,1,-0.0586823,-0.310208,0.091,1
450,312,2,6,1,0,4.36544,-14.8119,4,0.189372,-0.196831,0.091,1
450,312,2,6,2,1,4.97529,-13.5551,3,0.0921106,-0.141201,0.091,1
450,312,2,6,3,1,3.18572,-14.1642,3,0.0243632,-0.533981,0.091,1
450,318,2,9,0,-1,18.6604,4.91495,1,0.582461,0.309033,0.094,0
450,318,2,9,1,0,19.2919,5.79187,4,0.740332,0.150388,0.094,0
450,318,2,9,2,1,17.8715,5.89844,3,0.775528,0.622905,0.094,0
450,320,3,6,0,-1,6.63093,15.3903,1,0.781711,-0.175394,0.334,0
450,320,3,6,1,0,7.68523,15.3757,4,0.77509,-0.576123,0.334,0
450,320,3,6,2,1,7.2807,16.6122,3,1.31979,-0.391244,0.334,0
450,320,3,6,3,1,6.6473,14.5829,3,0.503968,-0.241059,0.334,0
450,320,3,6,4,0,5.34257,15.2467,0,0.761786,0.163296,0.334,0
450,320,3,6,5,4,4.08021,14.8449,0,0.737702,0.405061,0.334,0
450,320,3,6,6,5,3.29581,13.7981,0,0.449657,0.669326,0.334,0
450,322,2,8,0,-1,-11.8774,-6.99043,1,0.568529,0.332656,0.091,1
450,322,2,8,1,0,-11.0686,-6.31645,4,0.743562,0.136393,0.091,1
450,322,2,8,2,1,-12.4448,-6.18271,3,0.776658,0.453247,0.091,1
450,322,2,8,3,1,-11.2902,-7.55717,3,0.415118,0.198217,0.091,1
450,324,11,8,0,-1,11.453,-6.73659,1,0.171985,0.0306257,0.118,0
450,324,11,8,1,0,11.2244,-7.76081,4,0.0271726,0.0517466,0.118,0
450,324,11,8,2,1,12.4946,-7.07708,3,0.0419913,0.000194442,0.118,0
450,327,3,5,0,-1,20.0659,12.7637,1,-0.591093,0.78063,0.337,1
450,327,3,5,1,0,19.6047,13.686,4,-0.465137,0.891508,0.337,1
450,327,3,5,2,1,19.3502,12.4102,3,-1.00132,0.909211,0.337,1
450,327,3,5,3,1,20.8522,13.3055,3,-0.546892,0.561905,0.337,1
450,327,3,5,4,0,20.1305,11.4733,0,-0.0334307,0.792442,0.337,1
450,327,3,5,5,4,19.1925,10.4415,0,0.346932,0.418775,0.337,1
450,327,3,5,6,5,18.1193,9.62769,0,0.283359,0.358842,0.337,1
450,327,3,5,7,6,16.8529,9.8653,0,0.271362,0.00144734,0.337,1
450,327,3,5,8,7,15.4615,9.93465,0,0.284818,-0.587177,0.337,1
450,328,2,8,0,-1,5.04155,-1.504,1,-0.225323,0.401308,0.094,1
450,328,2,8,1,0,4.60747,-0.573217,4,-0.289439,0.374294,0.094,1
450,328,2,8,2,1,4.08113,-1.91834,3,-0.0984643,0.292591,0.094,1
450,328,2,8,3,1,5.79152,-1.19611,3,-0.245944,0.503181,0.094,1
450,330,2,6,0,-1,-0.802315,-11.8215,1,-0.188509,-0.410609,0.092,1
450,330,2,6,1,0,-0.426568,-12.8046,4,0.280492,-0.235874,0.092,1
450,330,2,6,2,1,0.236115,-11.5282,3,-0.424192,0.117903,0.092,1
450,330,2,6,3,1,-1.61624,-12.2499,3,0.0207206,-0.813729,0.092,1
450,334,2,7,0,-1,-15.3959,-18.2132,1,-0.235113,-0.209047,0.092,0
450,334,2,7,1,0,-15.3648,-19.2776,4,-0.262308,-0.198254,0.092,0
450,334,2,7,2,1,-14.3313,-18.3505,3,-0.180362,-0.280786,0.092,0
450,335,2,8,0,-1,-11.8283,-12.4316,1,-0.0970515,0.290866,0.091,1
450,335,2,8,1,0,-11.943,-11.3932,4,0.0470259,0.34467,0.091,1
450,335,2,8,2,1,-12.9458,-12.4043,3,-0.119842,0.499203,0.091,1
450,335,2,8,3,1,-10.9879,-12.3035,3,-0.00824033,0.308765,0.091,1
450,336,2,7,0,-1,-0.0863931,-12.1761,1,-0.0281586,-0.102509,0.091,0
450,340,2,9,0,-1,0.594401,-15.2646,1,0.150691,-0.729094,0.092,1
450,340,2,9,1,0,0.667858,-16.327,4,0.197077,-0.711194,0.092,1
450,340,2,9,2,1,1.96712,-15.7368,3,-0.0697731,-0.15526,0.092,1
450,340,2,9,3,1,-0.290628,-15.4394,3,-0.235727,-1.18372,0.092,1
450,341,3,6,0,-1,21.6457,10.1615,1,0.54109,0.19681,0.336,1
450,341,3,6,1,0,22.6774,10.2707,4,0.627055,-0.267463,0.336,1
450,341,3,6,2,1,22.1043,11.4277,3,1.2718,0.042666,0.336,1
450,341,3,6,3,1,21.7064,9.37345,3,0.277628,0.141338,0.336,1
450,341,3,6,4,0,20.4459,9.69904,0,0.343721,0.621851,0.336,1
450,341,3,6,5,4,19.3105,8.96017,0,0.259841,0.593365,0.336,1
450,341,3,6,6,5,18.4059,8.00622,0,0.400438,0.352666,0.336,1
450,341,3,6,7,6,17.1081,7.94177,0,0.372228,-0.0686205,0.336,1
450,341,3,6,8,7,15.7547,7.66843,0,0.391312,-0.298404,0.336,1
450,342,2,9,0,-1,-12.4924,-11.9835,1,-0.0439167,0.411858,0.09,0
450,342,2,9,1,0,-11.4851,-11.7576,4,-0.041225,0.291266,0.09,0
450,342,2,9,2,1,-12.785,-11.1867,3,-0.0229298,0.465906,0.09,0
450,343,2,7,0,-1,3.69717,-14.6065,1,0.018892,-0.362221,0.091,0
450,344,2,6,0,-1,2.56458,-12.1024,1,-0.106349,-0.355816,0.09,0
450,345,3,5,0,-1,18.1418,14.3656,1,0.764586,0.0781778,0.335,1
450,345,3,5,1,0,19.1182,14.7447,4,0.761776,-0.0449781,0.335,1
450,345,3,5,2,1,18.1898,15.638,3,0.861385,0.0982196,0.335,1
450,345,3,5,3,1,18.3926,13.6429,3,0.479907,0.199862,0.335,1
450,345,3,5,4,0,16.9732,13.648,0,0.701778,0.316781,0.335,1
450,345,3,5,5,4,16.5431,12.3281,0,0.178716,0.405668,0.335,1
450,345,3,5,6,5,17.3694,11.4622,0,0.227,0.167632,0.335,1
450,345,3,5,7,6,17.7788,10.3603,0,0.122039,-0.00746027,0.335,1
450,345,3,5,8,7,18.826,9.53839,0,0.327851,0.113383,0.335,1
450,346,2,8,0,-1,-4.22753,-12.0742,1,0.291784,-0.300128,0.09,1
450,346,2,8,1,0,-4.03742,-13.1115,4,0.00267479,-0.343526,0.09,1
450,346,2,8,2,1,-3.17774,-12.0192,3,0.357765,-0.60033,0.09,1
450,346,2,8,3,1,-5.01846,-12.3233,3,0.237519,-0.0353757,0.09,1
450,347,2,9,0,-1,5.33089,-0.727946,1,-0.223133,0.398689,0.093,0
450,347,2,9,1,0,6.39059,-0.717896,4,-0.208692,0.41441,0.093,0
450,350,2,10,0,-1,1.28071,-14.862,1,-0.355374,0.279073,0.091,0
450,351,2,8,0,-1,15.6544,-6.00393,1,0.31178,-0.261627,0.093,0
450,351,2,8,1,0,15.1843,-6.88126,4,0.522934,-0.601682,0.093,0
450,351,2,8,2,1,16.6516,-6.60571,3,0.437461,-0.930806,0.093,0
450,353,2,10,0,-1,-1.58831,-14.8071,1,-0.0244795,-0.825379,0.091,0
450,353,2,10,1,0,-1.17782,-15.7907,4,-0.62546,-1.11702,0.091,0
450,354,3,6,0,-1,17.5837,13.9044,1,0.754541,-0.0491642,0.335,0
450,355,2,8,0,-1,-1.48168,-17.362,1,-0.0344779,-0.0762331,0.09,0
450,356,10,7,0,-1,-12.5508,9.41168,1,-0.0935762,0.678587,0.364,0
480,232,2,7,0,-1,14.367,-4.18551,1,0.317924,0.435721,0.093,1
480,232,2,7,1,0,14.6804,-3.16512,4,0.117739,0.464989,0.093,1
480,232,2,7,2,1,13.2777,-3.52607,3,0.198708,0.0521766,0.093,1
480,232,2,7,3,1,15.3695,-4.27606,3,0.247448,0.538125,0.093,1
480,247,3,4,0,-1,21.2601,18.1831,1,0.157735,-0.0429402,0.336,1
480,247,3,4,1,0,22.2443,18.4334,4,0.204754,-0.193639,0.336,1
480,247,3,4,2,1,21.2549,19.2711,3,0.410182,0.0413668,0.336,1
480,247,3,4,3,1,21.4229,17.4011,3,0.0697197,-0.0821637,0.336,1
480,247,3,4,4,0,20.0518,17.8041,0,0.101452,0.123004,0.336,1
480,247,3,4,5,4,18.8042,17.3688,0,0.0592912,0.237035,0.336,1
480,247,3,4,6,5,17.8976,16.4106,0,0.0586233,0.24735,0.336,1
480,247,3,4,7,6,16.7031,15.8743,0,0.109261,0.164437,0.336,1
480,247,3,4,8,7,15.7194,14.8903,0,0.256406,0.0298573,0.336,1
480,265,2,7,0,-1,20.0475,-14.875,1,0.228736,-0.231021,0.093,1
480,265,2,7,1,0,21.0831,-15.0358,4,0.248738,-0.125006,0.093,1
480,265,2,7,2,1,20.3422,-13.7631,3,-0.0327827,-0.297441,0.093,1
480,265,2,7,3,1,20.0124,-15.7999,3,0.314524,-0.207075,0.093,1
480,272,3,5,0,-1,-11.3968,7.24666,1,4.57687e-05,1.3856e-06,0.338,1
480,272,3,5,4,0,-10.1521,7.13172,0,-2.66228e-05,-5.4883e-06,0.338,1
480,272,3,5,5,4,-8.9331,6.73796,0,-3.70457e-05,-5.09469e-06,0.338,1
480,298,3,5,0,-1,-4.85092,9.61617,1,-0.443889,0.212366,0.335,1
480,298,3,5,1,0,-5.98866,9.5495,4,-0.46223,0.148863,0.335,1
480,298,3,5,2,1,-5.44958,8.37325,3,-0.439692,0.118708,0.335,1
480,298,3,5,3,1,-5.12811,10.4922,3,-0.511274,0.122454,0.335,1
480,298,3,5,4,0,-3.57113,9.26421,0,-0.51572,-0.0201207,0.335,1
480,298,3,5,5,4,-2.33345,8.84076,0,-0.424454,0.032762,0.335,1
480,298,3,5,6,5,-1.02562,8.6028,0,-0.430144,0.496711,0.335,1
480,298,3,5,7,6,0.0232736,7.75809,0,-0.574926,0.477963,0.335,1
480,298,3,5,8,7,1.34129,7.21473,0,-0.810744,0.0425958,0.335,1
480,299,2,8,0,-1,-1.73449,-16.662,1,0.638399,-0.173577,0.092,1
480,299,2,8,1,0,-0.679697,-16.6055,4,0.569951,0.0285589,0.092,1
480,299,2,8,2,1,-1.53076,-15.4652,3,0.353324,-0.0839066,0.092,1
480,299,2,8,3,1,-1.53795,-17.619,3,0.492241,0.0479295,0.092,1
480,301,10,6,0,-1,-10.9121,14.8826,1,0.0131852,-0.0170236,0.363,1
480,301,10,6,1,0,-11.3345,14.6552,4,0.00855296,-0.00841354,0.363,1
480,301,10,6,5,0,-11.6449,13.8701,0,-0.00773615,-0.00176871,0.363,1
480,301,10,6,6,5,-12.5949,13.0112,0,-0.0188656,0.011283,0.363,1
480,301,10,6,7,6,-13.06,11.8183,6,-0.0173867,0.0113214,0.363,1
480,301,10,6,8,7,-13.969,10.9166,0,-0.00592472,0.000587354,0.363,1
480,301,10,6,9,8,-14.478,9.64069,0,0.0180123,-0.00871672,0.363,1
480,303,2,7,0,-1,-2.15761,-17.2369,1,0.506404,-0.0569592,0.091,1
480,303,2,7,1,0,-1.05331,-17.5135,4,0.490266,-0.0644908,0.091,1
480,303,2,7,2,1,-1.3903,-16.1562,3,0.602716,-0.00949514,0.091,1
480,303,2,7,3,1,-2.2115,-18.027,3,0.50829,-0.0788402,0.091,1
480,310,2,9,0,-1,-4.0383,-14.3657,1,0.345076,-0.000620096,0.092,1
480,310,2,9,1,0,-3.10769,-13.8952,4,0.331596,0.2912,0.092,1
480,310,2,9,2,1,-4.47468,-13.5811,3,0.466479,0.458488,0.092,1
480,310,2,9,3,1,-3.63182,-15.0975,3,0.99198,0.0196948,0.092,1
480,320,3,6,0,-1,-5.53303,9.7202,1,-0.525599,-0.122571,0.334,1
480,320,3,6,1,0,-6.64971,9.82845,4,-0.693093,-0.236116,0.334,1
480,320,3,6,2,1,-6.03737,8.69702,3,-0.341408,0.148702,0.334,1
480,320,3,6,3,1,-5.88172,10.8362,3,-0.708877,-0.33247,0.334,1
480,320,3,6,4,0,-4.32261,9.2197,0,-0.427506,0.193529,0.334,1
480,320,3,6,5,4,-3.25077,8.37166,0,-0.578691,0.197333,0.334,1
480,320,3,6,6,5,-1.95468,8.01416,0,-0.630467,0.221523,0.334,1
480,320,3,6,7,6,-0.932951,7.17396,0,-0.713214,0.211527,0.334,1
480,320,3,6,8,7,0.380317,6.69768,0,-0.791717,0.124935,0.334,1
480,322,2,8,0,-1,-5.0596,-6.91998,1,0.363561,-0.125199,0.091,1
480,322,2,8,1,0,-4.04194,-7.1778,4,0.384286,-0.0343266,0.091,1
480,322,2,8,2,1,-4.72291,-5.9612,3,0.249981,-0.129973,0.091,1
480,322,2,8,3,1,-5.17625,-7.72484,3,0.413413,-0.117003,0.091,1
480,324,11,8,0,-1,13.7094,-4.67942,1,0.34298,0.431021,0.118,0
480,324,11,8,1,0,13.9444,-3.6698,4,0.286813,0.451669,0.118,0
480,324,11,8,2,1,12.6481,-4.34903,3,0.337476,0.32623,0.118,0
480,324,11,8,3,1,14.5194,-4.89264,3,0.369698,0.48814,0.118,0
480,324,11,8,4,2,12.5776,-3.34936,1,0.217045,0.331407,0.118,0
480,324,11,8,5,4,12.5826,-2.35408,1,0.0563173,0.331041,0.118,0
480,328,2,8,0,-1,-5.8313,6.74543,1,-0.461145,0.407793,0.094,1
480,328,2,8,1,0,-6.49679,7.59602,4,-0.645183,0.188251,0.094,1
480,328,2,8,2,1,-6.86734,6.20451,3,-0.42694,0.100195,0.094,1
480,328,2,8,3,1,-5.1983,7.64366,3,-0.595378,0.652042,0.094,1
480,346,2,8,0,-1,-11.1052,-12.7047,1,-0.673403,0.213837,0.09,1
480,346,2,8,1,0,-12.1547,-12.7191,4,-0.689917,0.128566,0.09,1
480,346,2,8,2,1,-11.2262,-13.7517,3,-0.625544,0.164489,0.09,1
480,346,2,8,3,1,-11.2138,-11.877,3,-0.803048,0.191329,0.09,1
480,347,2,9,0,-1,7.02053,3.81992,1,0.0249824,0.0111236,0.093,1
480,347,2,9,1,0,8.06444,3.77906,4,0.0279443,0.00186681,0.093,1
480,347,2,9,2,1,7.07521,2.91235,3,0.037063,-0.00789511,0.093,1
480,351,2,8,0,-1,18.6745,-18.8849,1,0.216054,-0.328488,0.093,1
480,351,2,8,1,0,19.2394,-19.774,4,0.246053,-0.317584,0.093,1
480,351,2,8,2,1,19.6699,-18.4026,3,0.263971,-0.325524,0.093,1
480,351,2,8,3,1,17.9662,-19.4749,3,0.23702,-0.365888,0.093,1
480,353,2,10,0,-1,-8.25463,-16.0367,1,-0.316621,0.920188,0.091,1
480,353,2,10,1,0,-9.03177,-15.3113,4,-0.629395,0.452896,0.091,1
480,353,2,10,2,1,-9.40765,-16.6855,3,0.445998,0.102904,0.091,1
480,353,2,10,3,1,-7.73356,-15.2229,3,-0.594928,-0.271261,0.091,1
480,357,2,9,0,-1,-10.4013,-4.27559,1,-0.486143,-0.295813,0.091,1
480,357,2,9,1,0,-11.4506,-4.24798,4,-0.491229,0.110391,0.091,1
480,357,2,9,2,1,-10.5171,-5.29573,3,-0.879711,-0.251467,0.091,1
480,357,2,9,3,1,-10.4691,-3.4612,3,-0.234882,-0.264939,0.091,1
480,360,2,9,0,-1,14.366,-8.74774,1,0.242259,-0.157304,0.093,1
480,360,2,9,1,0,15.0262,-9.55522,4,0.185606,-0.234999,0.093,1
480,360,2,9,2,1,15.3111,-8.1195,3,0.684355,-0.324091,0.093,1
480,360,2,9,3,1,13.715,-9.41309,3,0.242051,0.0833459,0.093,1
480,361,2,10,0,-1,-2.57266,2.80431,1,-0.117707,-0.837263,0.093,1
480,361,2,10,1,0,-1.61613,2.33181,4,0.356041,0.103991,0.093,1
480,361,2,10,2,1,-2.81714,1.79808,3,0.826093,-0.982457,0.093,1
480,366,2,10,0,-1,-7.28782,-4.47925,1,0.297533,-0.611744,0.09,1
480,366,2,10,1,0,-6.28528,-4.82216,4,0.530951,0.191938,0.09,1
480,366,2,10,2,1,-6.95044,-3.58323,3,-0.409006,-0.314561,0.09,1
480,366,2,10,3,1,-7.46819,-5.23763,3,0.834043,-0.914881,0.09,1
480,369,2,9,0,-1,-8.18661,-13.5233,1,-0.0428151,-0.153899,0.09,1
480,369,2,9,1,0,-7.42258,-14.2198,4,0.374568,0.249962,0.09,1
480,369,2,9,2,1,-7.51106,-12.8398,3,0.478168,0.386282,0.09,1
480,369,2,9,3,1,-8.69384,-14.1417,3,0.363683,-0.115393,0.09,1
480,370,3,6,0,-1,-11.3397,8.04462,1,-7.46242e-06,-2.22712e-05,0.337,0
480,370,3,6,1,0,-11.368,9.04254,4,-7.08888e-06,-2.37275e-05,0.337,0
480,373,2,10,0,-1,15.1637,-8.78635,1,0.213113,-0.336386,0.094,0
480,373,2,10,1,0,15.9594,-9.45349,4,0.424692,-0.143091,0.094,0
480,373,2,10,2,1,16.0925,-8.00846,3,0.158788,-0.11882,0.094,0
480,374,2,8,0,-1,20.6941,-14.4086,1,0.193005,-0.174508,0.092,0
480,374,2,8,1,0,21.7368,-14.3324,4,0.185635,-0.0647782,0.092,0
480,375,2,9,0,-1,2.37804,2.52425,1,-0.501027,-0.358802,0.093,1
480,375,2,9,1,0,1.44553,2.01243,4,-0.482061,-0.317537,0.093,1
480,375,2,9,2,1,2.57023,1.08029,3,-0.161199,0.0845178,0.093,1
480,375,2,9,3,1,1.58652,3.3303,3,-0.540991,-0.276037,0.093,1
480,379,2,10,0,-1,8.58112,4.92009,1,0.0879875,-0.0267523,0.092,1
480,379,2,10,1,0,9.09271,5.83145,4,0.0158223,0.0141541,0.092,1
480,379,2,10,2,1,9.4097,4.55554,3,0.101174,0.0369064,0.092,1
480,380,2,8,0,-1,-2.96356,-17.5748,1,0.422039,0.296108,0.09,0
480,380,2,8,1,0,-4.04981,-17.7646,4,0.319077,1.05571,0.09,0
480,380,2,8,2,1,-3.16302,-18.8497,3,-0.182782,0.657064,0.09,0
480,382,2,11,0,-1,0.540124,-0.250092,1,0.610679,0.138932,0.094,1
480,382,2,11,1,0,0.66709,0.792489,4,-0.00688869,0.221989,0.094,1
480,382,2,11,2,1,1.57613,-0.164567,3,0.170108,0.434821,0.094,1
480,383,2,9,0,-1,-8.07445,-9.68035,1,-0.3545,0.229578,0.09,1
480,383,2,9,1,0,-8.94999,-8.99824,4,-0.596441,-0.0262583,0.09,1
480,383,2,9,2,1,-8.61505,-10.3899,3,-0.0755024,0.112196,0.09,1
480,383,2,9,3,1,-7.70829,-8.80709,3,-0.640699,0.23606,0.09,1
480,386,2,10,0,-1,6.23347,3.96115,1,0.0312915,0.0703138,0.094,0
480,386,2,10,1,0,5.22318,4.22724,4,0.0230569,0.0505349,0.094,0
480,387,2,9,0,-1,-6.73081,-14.8685,1,-0.67441,0.421774,0.093,1
480,387,2,9,1,0,-7.82872,-14.7223,4,-0.783268,0.3201,0.093,1
480,387,2,9,2,1,-7.2977,-16.0396,3,-0.548917,0.464297,0.093,1
480,387,2,9,3,1,-6.89118,-13.8566,3,-0.663147,0.292481,0.093,1
480,388,2,9,0,-1,-5.5122,5.97367,1,-0.659292,0.353188,0.094,0
480,388,2,9,1,0,-6.37008,5.35329,4,-0.234845,-0.262731,0.094,0
480,388,2,9,2,1,-5.03489,4.77755,3,0.0419577,0.455795,0.094,0
480,390,2,9,0,-1,17.9955,-18.4521,1,0.328694,-0.143335,0.092,0
480,391,3,6,0,-1,-4.33514,10.3036,1,-0.660157,0.524063,0.334,0
480,391,3,6,1,0,-3.28919,10.2986,4,-0.852376,0.664504,0.334,0
480,392,2,12,0,-1,-0.0836959,0.274868,1,0.34389,-0.237299,0.095,0
480,392,2,12,1,0,-1.11215,0.540933,4,0.164511,-1.06324,0.095,0
480,393,2,10,0,-1,3.19504,2.50038,1,-0.486211,0.350767,0.092,0
480,393,2,10,1,0,4.24917,2.37999,4,-0.622711,-0.358122,0.092,0
480,393,2,10,2,1,3.382,3.53288,3,0.145559,0.264076,0.092,0
480,395,2,10,0,-1,-8.89162,-9.72141,1,-0.325635,-0.0675905,0.089,0
480,395,2,10,1,0,-9.30692,-10.7587,4,-0.0288772,-0.199956,0.089,0
480,396,3,7,0,-1,-5.01371,9.04699,1,-0.525396,-0.16539,0.335,0
480,396,3,7,1,0,-4.13749,8.4889,4,-0.352704,0.0475656,0.335,0
480,396,3,7,2,1,-4.0402,9.81061,3,-0.843837,-0.10757,0.335,0
510,232,2,7,0,-1,16.706,7.38808,1,-0.396797,0.333551,0.093,1
510,232,2,7,1,0,16.213,8.36397,4,-0.320135,0.382233,0.093,1
510,232,2,7,2,1,15.5322,7.10753,3,-0.282575,0.361782,0.093,1
510,232,2,7,3,1,17.5063,8.26752,3,-0.316292,0.353517,0.093,1
510,272,3,5,0,-1,-17.4811,6.16144,1,-0.0333728,0.00252396,0.338,1
510,272,3,5,4,0,-16.326,5.6841,0,-0.0361276,-0.00401829,0.338,1
510,272,3,5,5,4,-15.2813,4.94286,0,-0.0360882,-0.00541596,0.338,1
510,298,3,5,0,-1,-11.5792,12.8518,1,0.0128574,0.020517,0.335,1
510,298,3,5,4,0,-10.381,12.4954,0,0.00164111,-0.0123209,0.335,1
510,298,3,5,5,4,-9.27509,11.8453,0,-0.0085201,-0.0130058,0.335,1
510,298,3,5,6,5,-8.00057,11.6917,0,-0.0136654,0.0080641,0.335,1
510,298,3,5,7,6,-6.92398,10.9918,0,-0.00128005,0.0343807,0.335,1
510,298,3,5,8,7,-5.57462,10.7248,0,0.00229329,0.0548559,0.335,1
510,301,10,6,0,-1,-12.9757,15.4049,1,0.00425206,-0.0130963,0.363,1
510,301,10,6,1,0,-13.423,15.2295,4,0.00192111,-0.00722978,0.363,1
510,301,10,6,5,0,-13.8239,14.4886,0,-0.00721808,-0.00253618,0.363,1
510,301,10,6,6,5,-14.8776,13.7703,0,-0.0140873,0.00749727,0.363,1
510,301,10,6,7,6,-15.5152,12.6667,6,-0.0389729,0.0187823,0.363,1
510,301,10,6,8,7,-16.5752,11.9585,0,-0.0720023,0.0518226,0.363,1
510,301,10,6,9,8,-17.3454,10.8247,0,-0.110557,0.0645451,0.363,1
510,303,2,7,0,-1,-0.0952978,-22.6824,1,-0.231224,0.0689774,0.091,1
510,303,2,7,1,0,-0.457721,-23.66,4,-0.0982541,0.00478067,0.091,1
510,303,2,7,2,1,0.896397,-23.2969,3,-0.18597,0.275784,0.091,1
510,303,2,7,3,1,-0.975082,-22.5452,3,-0.380451,-0.0847697,0.091,1
510,310,2,9,0,-1,4.77891,-9.50168,1,0.16513,0.203772,0.092,1
510,310,2,9,1,0,4.87509,-8.47071,4,0.0506763,0.223153,0.092,1
510,310,2,9,2,1,3.80223,-9.37114,3,0.113851,0.144565,0.092,1
510,310,2,9,3,1,5.59702,-9.60385,3,0.196342,0.326788,0.092,1
510,320,3,6,0,-1,-15.6809,9.71044,1,-0.212317,-0.137331,0.334,1
510,320,3,6,1,0,-16.3322,10.4941,4,-0.121518,-0.0640687,0.334,1
510,320,3,6,2,1,-16.8103,9.27786,3,-0.224214,-0.0422347,0.334,1
510,320,3,6,4,0,-14.6475,8.97934,0,-0.25361,-0.196895,0.334,1
510,320,3,6,5,4,-13.3514,8.64291,0,-0.227011,-0.166603,0.334,1
510,320,3,6,6,5,-12.0552,9.0499,0,-0.196353,-0.363406,0.334,1
510,320,3,6,7,6,-10.7038,9.13351,0,-0.335077,-0.53068,0.334,1
510,320,3,6,8,7,-10.0261,10.3919,0,0.0198165,-0.757136,0.334,1
510,322,2,8,0,-1,-2.0413,-15.2191,1,-0.521267,0.072959,0.091,1
510,322,2,8,1,0,-2.93445,-15.7611,4,-0.488582,0.0189886,0.091,1
510,322,2,8,2,1,-1.54908,-15.9173,3,-0.486045,-0.0555783,0.091,1
510,322,2,8,3,1,-2.47842,-14.5862,3,-0.700359,0.0900799,0.091,1
510,324,11,8,0,-1,17.2341,6.70369,1,-0.412073,0.308572,0.118,0
510,324,11,8,1,0,16.2322,6.74744,4,-0.41452,0.274976,0.118,0
510,324,11,8,2,1,17.1402,5.63402,3,-0.496973,0.213808,0.118,0
510,324,11,8,3,1,17.3881,7.45783,3,-0.461528,0.365757,0.118,0
510,324,11,8,4,2,16.1611,5.55327,1,-0.483175,0.263666,0.118,0
510,324,11,8,5,4,15.1686,5.53009,1,-0.456638,0.308584,0.118,0
510,346,2,8,0,-1,-16.2196,-16.7236,1,-0.222002,0.0635865,0.09,1
510,346,2,8,1,0,-15.9784,-15.6984,4,0.015077,0.0144371,0.09,1
510,346,2,8,2,1,-17.1859,-16.4082,3,-0.201047,0.360212,0.09,1
510,346,2,8,3,1,-15.4018,-16.8092,3,-0.228351,-0.0954947,0.09,1
510,353,2,10,0,-1,-10.7561,-17.4942,1,-0.419398,-0.061513,0.091,1
510,353,2,10,1,0,-11.5387,-16.7667,4,-0.175425,0.208698,0.091,1
510,353,2,10,2,1,-11.7397,-18.1496,3,-0.480976,0.279723,0.091,1
510,353,2,10,3,1,-10.2376,-16.8291,3,-0.217054,-0.536187,0.091,1
510,357,2,9,0,-1,-13.1389,-1.95739,1,-0.118554,0.328955,0.091,1
510,357,2,9,1,0,-12.9374,-0.926107,4,0.00570991,0.300462,0.091,1
510,357,2,9,2,1,-14.0997,-1.70077,3,-0.0645929,0.416138,0.091,1
510,357,2,9,3,1,-12.3212,-2.01893,3,-0.143752,0.202609,0.091,1
510,360,2,9,0,-1,8.634,-11.5608,1,0.252765,0.00863927,0.093,1
510,360,2,9,1,0,9.41909,-12.2575,4,-0.0443247,-0.310495,0.093,1
510,360,2,9,2,1,9.42984,-10.812,3,0.319378,-0.338644,0.093,1
510,360,2,9,3,1,8.10369,-12.3137,3,-0.0678001,0.167784,0.093,1
510,369,2,9,0,-1,1.54697,-12.5291,1,0.329823,-0.142028,0.09,1
510,369,2,9,1,0,2.26194,-13.2883,4,0.316474,-0.0241439,0.09,1
510,369,2,9,2,1,2.68959,-11.8978,3,0.374093,-0.0752079,0.09,1
510,369,2,9,3,1,1.00595,-13.207,3,0.213671,-0.235355,0.09,1
510,370,3,6,0,-1,-16.7599,6.50846,1,-0.0511088,0.0389124,0.337,0
510,370,3,6,1,0,-15.8693,6.96038,4,-0.022926,-0.0174949,0.337,0
510,373,2,10,0,-1,10.3581,-10.1516,1,0.948139,-0.235085,0.094,1
510,373,2,10,1,0,11.2826,-9.63838,4,0.590182,0.452006,0.094,1
510,373,2,10,2,1,9.94381,-9.07326,3,0.298834,-0.137248,0.094,1
510,373,2,10,3,1,11.3379,-10.9887,3,1.85637,0.502285,0.094,1
510,375,2,9,0,-1,3.57472,5.82579,1,-0.300808,0.145225,0.093,1
510,375,2,9,1,0,2.83157,6.57893,4,-0.313339,0.104349,0.093,1
510,375,2,9,2,1,2.66746,5.14831,3,-0.148587,0.0776144,0.093,1
510,375,2,9,3,1,4.13093,6.62054,3,-0.311342,0.119546,0.093,1
510,380,2,8,0,-1,0.240723,-19.6836,1,-0.108372,0.00611664,0.09,1
510,380,2,8,1,0,0.224136,-18.6317,4,0.221784,0.0173857,0.09,1
510,380,2,8,2,1,-0.924015,-19.4461,3,-0.0677677,0.431298,0.09,1
510,380,2,8,3,1,1.08978,-19.5496,3,-0.0951133,-0.290117,0.09,1
510,383,2,9,0,-1,-10.6567,-10.3124,1,-0.0816584,-0.293046,0.09,1
510,383,2,9,1,0,-11.1417,-11.3261,4,0.0456689,-0.459032,0.09,1
510,383,2,9,2,1,-9.80793,-10.8296,3,-0.202416,-0.0453147,0.09,1
510,383,2,9,3,1,-11.3861,-10.117,3,-0.0638156,-0.489636,0.09,1
510,387,2,9,0,-1,-0.00817022,-16.6461,1,-0.207431,0.171053,0.093,1
510,387,2,9,1,0,-1.05269,-16.5664,4,-0.226458,0.197827,0.093,1
510,387,2,9,2,1,-0.202033,-17.6617,3,-0.162947,0.281681,0.093,1
510,387,2,9,3,1,-0.0144747,-15.7589,3,-0.0980707,0.00166978,0.093,1
510,393,2,10,0,-1,1.90041,3.53508,1,-0.000693739,0.000921129,0.092,1
510,393,2,10,1,0,1.00968,4.08237,4,-0.00160368,0.000922874,0.092,1
510,393,2,10,2,1,1.27395,2.66422,3,-0.01364,-0.0014477,0.092,1
510,393,2,10,3,1,2.2968,4.35028,5,-0.00190526,0.000838118,0.092,1
510,395,2,10,0,-1,-10.4978,-11.1038,1,-0.133362,-0.252838,0.089,0
510,395,2,10,1,0,-11.0135,-12.1103,4,0.217895,-0.420366,0.089,0
510,395,2,10,2,1,-9.65848,-11.7716,3,0.148951,-0.127959,0.089,0
510,396,3,7,0,-1,-8.50266,8.45728,1,0.354456,0.29153,0.335,1
510,396,3,7,1,0,-7.44862,8.42427,4,0.304993,0.325974,0.335,1
510,396,3,7,2,1,-8.37236,9.32997,3,0.156782,0.188177,0.335,1
510,396,3,7,3,1,-8.2591,7.42041,3,0.353084,0.267086,0.335,1
510,396,3,7,4,0,-9.75104,8.86725,0,0.429025,0.30007,0.335,1
510,396,3,7,5,4,-10.8615,9.85442,0,0.463385,0.0806339,0.335,1
510,396,3,7,6,5,-12.0029,10.5246,0,0.10626,-0.329027,0.335,1
510,396,3,7,7,6,-12.8211,11.5128,0,0.095117,-0.390774,0.335,1
510,396,3,7,8,7,-14.1287,11.92,0,0.116816,-0.669285,0.335,1
510,398,2,10,0,-1,0.756033,-16.8821,1,-0.113881,0.422709,0.094,0
510,402,2,10,0,-1,9.17405,-6.87518,1,0.339261,0.692482,0.091,1
510,402,2,10,1,0,10.2011,-6.59717,4,0.541199,-0.00927414,0.091,1
510,402,2,10,2,1,9.13038,-5.69554,3,1.1906,0.763425,0.091,1
510,402,2,10,3,1,9.62136,-7.78163,3,-0.11796,0.301411,0.091,1
510,405,2,9,0,-1,-12.315,-10.242,1,-0.0965647,-0.490398,0.089,1
510,405,2,9,1,0,-13.1363,-10.8637,4,-0.181661,-0.375455,0.089,1
510,405,2,9,2,1,-11.7318,-10.9645,3,-0.266119,-0.916212,0.089,1
510,405,2,9,3,1,-12.9159,-9.6338,3,-0.27224,-0.390182,0.089,1
510,406,12,9,0,-1,-4.99963,-16.9379,1,-0.155002,-0.781274,0.066,1
510,406,12,9,1,0,-3.9194,-16.0541,3,-0.145068,-0.793591,0.066,1
510,406,12,9,2,0,-5.63456,-15.8584,3,-0.139791,-0.772447,0.066,1
510,407,2,11,0,-1,-1.85815,-20.958,1,-0.562196,-0.0762304,0.09,1
510,407,2,11,1,0,-2.86795,-20.7383,4,-0.494457,0.221106,0.09,1
510,407,2,11,2,1,-2.15742,-21.7819,3,-0.834794,-0.0393612,0.09,1
510,407,2,11,3,1,-1.68441,-20.0568,3,-0.203296,-0.313577,0.09,1
510,408,2,10,0,-1,-11.863,-9.61037,1,-0.366179,-0.363504,0.09,0
510,408,2,10,1,0,-11.8404,-8.59196,4,0.083811,-0.359982,0.09,0
510,409,13,11,0,-1,-9.92147,-17.4736,1,-0.396199,-0.53223,0.116,0
510,409,13,11,1,0,-8.51138,-17.4494,3,-0.402234,-1.1331,0.116,0
510,409,13,11,2,0,-9.8146,-16.1438,3,0.234749,-0.602682,0.116,0
510,410,2,10,0,-1,1.57554,-11.7087,1,0.656687,-0.327909,0.091,0
510,410,2,10,1,0,0.843548,-12.4628,4,-0.0161379,0.11713,0.091,0
510,410,2,10,2,1,2.19546,-12.2003,3,0.0272034,-0.175179,0.091,0
510,412,2,10,0,-1,4.15549,11.8584,1,-0.373583,0.144938,0.093,1
510,412,2,10,1,0,3.16483,11.4954,4,-0.336921,-0.0256275,0.093,1
510,412,2,10,2,1,4.39714,10.7081,3,-0.260171,0.130179,0.093,1
510,412,2,10,3,1,3.71358,12.6889,3,-0.488408,0.0263323,0.093,1
510,413,2,10,0,-1,5.39959,-8.96647,1,0.1054,0.26975,0.093,0
510,413,2,10,1,0,6.37589,-9.35444,4,0.147376,0.360788,0.093,0
510,415,3,7,0,-1,-16.2308,9.08304,1,-0.216238,-0.144844,0.333,0
510,415,3,7,1,0,-17.2476,8.71671,4,-0.229566,-0.0583323,0.333,0
510,415,3,7,2,1,-16.1952,7.9794,3,-0.261546,-0.114336,0.333,0
510,415,3,7,3,1,-16.9177,9.99247,3,0.0410019,-0.135413,0.333,0
510,416,2,9,0,-1,-14.2168,-9.37571,1,-0.0621371,0.0913735,0.089,1
510,416,2,9,1,0,-14.0725,-10.3746,4,0.155692,0.106482,0.089,1
510,416,2,9,2,1,-13.5046,-9.08247,3,0.222049,-0.0397764,0.089,1
510,416,2,9,3,1,-14.8353,-9.33678,3,-0.298808,-0.0597918,0.089,1
510,417,2,11,0,-1,7.12657,-14.2188,1,0.203706,0.0492605,0.095,1
510,417,2,11,1,0,8.10678,-13.8786,4,0.258866,-0.101921,0.095,1
510,417,2,11,2,1,6.86253,-13.1561,3,0.415803,0.182198,0.095,1
510,417,2,11,3,1,7.3456,-15.0321,3,0.0974265,0.00945363,0.095,1
510,419,2,11,0,-1,2.6998,3.57603,1,0.000514598,-0.00488414,0.093,0
510,419,2,11,1,0,3.67548,3.20106,4,-0.00782043,-0.0278101,0.093,0
510,422,2,11,0,-1,9.90093,-4.39668,1,0.325762,0.31562,0.092,1
510,422,2,11,1,0,10.0982,-3.41074,4,0.290867,0.394287,0.092,1
510,422,2,11,2,1,8.90291,-4.13215,3,0.0917222,0.772147,0.092,1
510,422,2,11,3,1,10.8812,-4.52736,3,0.207885,0.405405,0.092,1
510,423,2,12,0,-1,-2.34175,-20.3011,1,-0.447155,0.00159745,0.091,0
510,423,2,12,1,0,-2.57216,-19.2767,4,-0.131015,0.0428518,0.091,0
510,424,2,11,0,-1,3.82284,11.14,1,-0.281008,0.119558,0.092,0
510,426,2,10,0,-1,4.22173,5.34799,1,-0.323127,0.13835,0.094,0
510,426,2,10,1,0,3.53707,4.55853,4,-0.222429,0.0217253,0.094,0
510,426,2,10,2,1,4.97057,4.63961,3,-0.26617,0.16722,0.094,0
510,428,2,12,0,-1,7.87121,-14.5506,1,0.155929,-0.0647198,0.094,0
510,432,2,10,0,-1,7.8331,-11.4962,1,0.267794,0.0547776,0.094,0
510,433,2,12,0,-1,10.5435,-3.92863,1,-0.0254844,0.776774,0.091,0
510,433,2,12,1,0,10.7306,-2.92778,4,0.255774,0.904372,0.091,0
510,433,2,12,2,1,9.3291,-3.08765,3,0.144923,0.691055,0.091,0
510,434,2,9,0,-1,-1.35737,-14.7908,1,-0.212788,-0.450588,0.09,0
510,436,2,9,0,-1,-15.8809,-17.4558,1,-0.429712,-0.0441907,0.091,0
510,438,2,11,0,-1,10.0534,-10.8904,1,0.547799,-0.0718537,0.095,0
540,232,2,7,0,-1,12.3553,11.9039,1,0.355954,0.199798,0.093,1
540,232,2,7,1,0,11.6202,12.6647,4,0.055379,-0.152145,0.093,1
540,232,2,7,2,1,11.5886,11.2368,3,-0.0168259,-0.195567,0.093,1
540,232,2,7,3,1,12.9341,12.5928,3,-0.00333553,-0.656022,0.093,1
540,298,3,5,0,-1,-14.2325,11.0893,1,-0.366308,0.35184,0.335,1
540,298,3,5,4,0,-13.6897,12.2622,0,-0.309078,0.23267,0.335,1
540,298,3,5,5,4,-12.7144,13.1238,0,-0.246962,0.195142,0.335,1
540,298,3,5,6,5,-12.5161,14.3969,0,0.0584933,0.148169,0.335,1
540,298,3,5,7,6,-11.8976,15.5268,0,0.188489,0.0428952,0.335,1
540,298,3,5,8,7,-11.5626,16.9524,0,0.200619,-0.0204329,0.335,1
540,320,3,6,0,-1,-13.2933,16.4706,1,0.135021,0.191344,0.334,1
540,320,3,6,1,0,-12.4742,17.0736,4,0.21768,0.0601333,0.334,1
540,320,3,6,2,1,-13.6933,17.5568,3,0.287806,0.307685,0.334,1
540,320,3,6,4,0,-14.2816,15.6763,0,0.0317656,0.324094,0.334,1
540,320,3,6,5,4,-15.3601,14.9121,0,0.00577146,0.338774,0.334,1
540,320,3,6,6,5,-15.9912,13.7619,0,-0.00246984,0.324331,0.334,1
540,320,3,6,7,6,-16.9936,12.9326,0,0.0698072,0.226531,0.334,1
540,320,3,6,8,7,-17.6366,11.7038,0,0.334114,0.0909313,0.334,1
540,353,2,10,0,-1,-8.41914,-8.39967,1,0.480438,-0.376408,0.091,1
540,353,2,10,1,0,-7.49354,-8.90627,4,0.26953,-0.602489,0.091,1
540,353,2,10,2,1,-7.89996,-7.57474,3,0.757715,-0.388483,0.091,1
540,353,2,10,3,1,-8.77981,-9.1429,3,0.167582,-0.185598,0.091,1
540,360,2,9,0,-1,14.5716,-9.1723,1,0.207246,-0.0523524,0.093,1
540,360,2,9,1,0,15.2917,-9.97038,4,-0.0714228,-0.312046,0.093,1
540,360,2,9,2,1,15.4961,-8.55969,3,0.69884,-0.40971,0.093,1
540,360,2,9,3,1,13.9813,-10.0146,3,-0.0861916,0.152945,0.093,1
540,369,2,9,0,-1,6.12012,-10.2388,1,0.0284603,0.330182,0.09,1
540,369,2,9,1,0,6.08666,-9.20299,4,0.194526,0.347529,0.09,1
540,369,2,9,2,1,5.14687,-10.2786,3,-0.0861201,0.584153,0.09,1
540,369,2,9,3,1,6.93172,-10.1429,3,-0.0129388,0.159581,0.09,1
540,373,2,10,0,-1,5.85563,-14.855,1,-0.218012,0.102157,0.094,1
540,373,2,10,1,0,6.17569,-13.8475,4,-0.0896738,0.071485,0.094,1
540,373,2,10,2,1,4.79226,-14.3347,3,-0.132815,0.195399,0.094,1
540,373,2,10,3,1,6.7994,-14.9963,3,-0.268675,-0.01708,0.094,1
540,375,2,9,0,-1,-5.00185,0.990985,1,0.373505,-0.846886,0.093,1
540,375,2,9,1,0,-4.88634,-0.0963127,4,0.407687,-0.842355,0.093,1
540,375,2,9,2,1,-4.05917,1.02988,3,0.362429,-0.807823,0.093,1
540,375,2,9,3,1,-6.02276,0.519931,3,0.397389,-0.861162,0.093,1
540,383,2,9,0,-1,-5.20159,-10.7828,1,0.0152046,0.559495,0.09,1
540,383,2,9,1,0,-4.13409,-10.5515,4,0.0545611,0.250537,0.09,1
540,383,2,9,2,1,-4.83749,-9.28412,3,0.167679,0.263457,0.09,1
540,383,2,9,3,1,-5.03766,-11.5446,3,-0.0836961,0.380645,0.09,1
540,387,2,9,0,-1,-3.39086,-11.4785,1,0.652673,-0.111563,0.093,1
540,387,2,9,1,0,-2.28055,-11.5395,4,0.508297,-0.566454,0.093,1
540,387,2,9,2,1,-2.80513,-10.2531,3,0.519309,-0.199663,0.093,1
540,387,2,9,3,1,-3.11502,-12.5954,3,0.243034,-0.585715,0.093,1
540,393,2,10,0,-1,-0.98532,2.96006,1,0.123255,0.146005,0.092,1
540,393,2,10,1,0,-0.516313,3.91384,4,0.305734,0.0558133,0.092,1
540,393,2,10,2,1,-1.93972,3.73918,3,0.250057,0.527086,0.092,1
540,393,2,10,3,1,-0.0246143,2.66078,5,0.0285016,-0.0352696,0.092,1
540,395,2,10,0,-1,-8.30414,-5.72384,1,0.24252,-0.397786,0.089,1
540,395,2,10,1,0,-7.87617,-6.75793,4,0.634469,-0.201812,0.089,1
540,395,2,10,2,1,-7.12819,-5.56505,3,-0.0445126,0.279518,0.089,1
540,395,2,10,3,1,-9.01789,-6.23267,3,0.41615,-0.611727,0.089,1
540,396,3,7,0,-1,-10.781,16.1081,1,0.172941,0.375912,0.335,1
540,396,3,7,1,0,-10.7871,17.1493,4,0.00366263,0.441653,0.335,1
540,396,3,7,2,1,-11.7116,16.2436,3,0.277543,0.154809,0.335,1
540,396,3,7,3,1,-9.90101,16.2265,3,0.136747,0.607725,0.335,1
540,396,3,7,4,0,-10.8953,14.8234,0,0.373054,0.282106,0.335,1
540,396,3,7,5,4,-10.8544,13.4423,0,0.459069,0.22254,0.335,1
540,396,3,7,6,5,-9.96074,12.3425,0,0.204638,0.242914,0.335,1
540,396,3,7,7,6,-9.02915,11.5515,0,-0.262713,-0.208079,0.335,1
540,396,3,7,8,7,-7.6684,11.5485,0,-0.386524,-0.20373,0.335,1
540,398,2,10,0,-1,-4.24682,-11.7666,1,0.436027,0.132032,0.094,0
540,398,2,10,1,0,-3.94753,-12.7798,4,-0.0842142,-0.176874,0.094,0
540,398,2,10,2,1,-2.84238,-11.9416,3,-0.387261,-0.180434,0.094,0
540,398,2,10,3,0,-4.48024,-9.99578,1,1.06261,0.347762,0.094,0
540,402,2,10,0,-1,8.59568,-11.7444,1,0.296181,-0.1613,0.091,1
540,402,2,10,1,0,9.52562,-12.2352,4,0.364681,-0.0878323,0.091,1
540,402,2,10,2,1,9.08393,-10.9088,3,0.198298,-0.154094,0.091,1
540,402,2,10,3,1,8.24544,-12.6504,3,0.414647,-0.2123,0.091,1
540,405,2,9,0,-1,-16.339,-6.97316,1,-0.0783603,0.297881,0.089,1
540,405,2,9,1,0,-16.5758,-5.94684,4,-0.0624398,0.301334,0.089,1
540,405,2,9,2,1,-17.3415,-7.11301,3,-0.0809374,0.316581,0.089,1
540,405,2,9,3,1,-15.5694,-6.69703,3,-0.0709043,0.285572,0.089,1
540,408,2,10,0,-1,-10.5901,-5.34054,1,-0.0756881,-0.0745398,0.09,1
540,408,2,10,1,0,-10.21,-6.37888,4,-0.284574,-0.136865,0.09,1
540,408,2,10,2,1,-9.23785,-5.36544,3,0.305368,-0.656027,0.09,1
540,408,2,10,3,1,-11.4507,-6.00101,3,-0.207317,0.220854,0.09,1
540,410,2,10,0,-1,-0.153007,-12.7987,1,-0.255665,-0.0475156,0.091,1
540,410,2,10,1,0,-0.813153,-11.9893,4,-0.0557437,0.152291,0.091,1
540,410,2,10,2,1,-0.964889,-13.403,3,-0.514912,0.239525,0.091,1
540,410,2,10,3,1,0.43195,-12.2238,3,-0.111663,-0.163013,0.091,1
540,412,2,10,0,-1,6.20604,11.1027,1,0.304583,0.505656,0.093,1
540,412,2,10,1,0,7.27179,11.1136,4,0.377905,-0.120866,0.093,1
540,412,2,10,2,1,6.60846,12.4123,3,1.09761,0.30268,0.093,1
540,412,2,10,3,1,6.43665,10.0836,3,-0.163108,0.323082,0.093,1
540,416,2,9,0,-1,-17.4276,-8.83885,1,-0.200742,0.298737,0.089,1
540,416,2,9,1,0,-18.3986,-8.42615,4,-0.303326,0.0747988,0.089,1
540,416,2,9,2,1,-17.929,-9.74058,3,-0.060994,0.161177,0.089,1
540,416,2,9,3,1,-17.21,-8.03074,3,-0.411297,0.38004,0.089,1
540,419,2,11,0,-1,-0.538712,2.26763,1,-0.145077,-0.0627129,0.093,0
540,419,2,11,1,0,0.518661,2.05699,4,-0.0903902,-0.0577604,0.093,0
540,419,2,11,2,1,-0.200911,3.30262,3,0.243613,0.0962534,0.093,0
540,422,2,11,0,-1,-2.01284,-3.86794,1,-0.357686,0.322729,0.092,1
540,422,2,11,1,0,-2.23614,-2.87357,4,-0.59366,0.254294,0.092,1
540,422,2,11,2,1,-2.9851,-4.05389,3,-0.372815,0.130051,0.092,1
540,422,2,11,3,1,-1.18088,-3.64653,3,-0.349614,0.483717,0.092,1
540,424,2,11,0,-1,6.75483,11.6678,1,0.596672,0.182759,0.092,0
540,426,2,10,0,-1,-4.42987,1.63047,1,0.350774,-0.824881,0.094,0
540,426,2,10,1,0,-3.41123,1.21148,4,0.361994,-0.801102,0.094,0
540,426,2,10,2,1,-3.57726,2.62327,3,0.339223,-0.802727,0.094,0
540,432,2,10,0,-1,14.1661,-8.45088,1,0.0409455,-0.145204,0.094,0
540,432,2,10,1,0,14.1497,-7.38932,4,0.160525,-0.142985,0.094,0
540,432,2,10,2,1,13.0114,-8.27491,3,0.101987,-0.0608179,0.094,0
540,438,2,11,0,-1,16.6251,-10.9709,1,0.290751,-0.231347,0.095,1
540,438,2,11,1,0,17.6875,-10.716,4,0.213937,-0.245134,0.095,1
540,438,2,11,2,1,16.4779,-9.95306,3,0.205348,-0.244781,0.095,1
540,438,2,11,3,1,16.8698,-11.7388,3,0.0585186,-0.202042,0.095,1
540,439,2,10,0,-1,-17.1214,-9.58479,1,0.063895,0.402269,0.089,0
540,442,14,11,0,-1,-0.949874,-12.7096,1,-0.157269,-0.0713271,0.066,0
540,442,14,11,1,0,-0.0970684,-11.5948,3,-0.104651,0.0413199,0.066,0
540,442,14,11,2,0,-2.18808,-12.4721,3,-0.174868,0.304787,0.066,0
540,445,2,8,0,-1,8.36214,9.97679,1,-0.366415,-0.807926,0.092,1
540,445,2,8,1,0,7.70018,9.14383,4,-0.142006,-0.98047,0.092,1
540,445,2,8,2,1,9.13903,9.19385,3,-0.154939,-0.403634,0.092,1
540,445,2,8,3,1,7.65569,10.4175,3,-0.167707,-0.952578,0.092,1
540,446,2,12,0,-1,15.867,-11.2669,1,0.213447,0.141291,0.096,0
540,448,3,8,0,-1,-12.137,10.4393,1,0.139499,-0.29306,0.334,1
540,448,3,8,1,0,-12.9198,9.73252,4,0.0861347,-0.447922,0.334,1
540,448,3,8,2,1,-11.6399,9.43815,3,0.343265,-0.00179569,0.334,1
540,448,3,8,3,1,-13.1107,11.0725,3,0.0465626,-0.248498,0.334,1
540,448,3,8,4,0,-11.1664,11.297,0,-0.18571,-0.34343,0.334,1
540,448,3,8,5,4,-10.5565,12.601,0,-0.623497,-0.285378,0.334,1
540,448,3,8,6,5,-9.98114,13.8556,0,-0.172974,-0.275585,0.334,1
540,448,3,8,7,6,-9.03526,14.8479,0,-0.0557997,-0.244725,0.334,1
540,448,3,8,8,7,-8.31094,16.0794,0,-0.12326,-0.140501,0.334,1
540,449,2,11,0,-1,8.89123,-12.4815,1,0.433007,-0.0861012,0.092,0
540,449,2,11,1,0,8.86951,-13.5223,4,0.282052,-0.0730581,0.092,0
540,452,2,10,0,-1,5.51772,-9.69036,1,0.146103,0.412807,0.089,0
540,452,2,10,1,0,4.54566,-9.28904,4,-0.0440603,-0.0556217,0.089,0
540,453,2,9,0,-1,13.4766,14.5574,1,0.419196,0.451327,0.093,1
540,453,2,9,1,0,12.889,13.6689,4,0.139127,0.450537,0.093,1
540,453,2,9,2,1,14.3325,13.4488,3,0.0384817,0.338319,0.093,1
540,453,2,9,3,1,12.1575,14.8576,3,0.531038,0.62852,0.093,1
540,454,2,12,0,-1,2.3523,-3.80669,1,0.463359,-0.496766,0.091,1
540,454,2,12,1,0,2.83884,-4.71022,4,-0.131784,-0.739905,0.091,1
540,454,2,12,2,1,3.44196,-3.45244,3,-0.427023,-0.571153,0.091,1
540,454,2,12,3,1,1.71507,-4.03087,3,-0.0182673,-0.423826,0.091,1
540,455,2,11,0,-1,16.6181,-8.29637,1,0.264451,-0.282666,0.095,1
540,455,2,11,1,0,17.2447,-9.21786,4,0.326879,-0.251965,0.095,1
540,455,2,11,2,1,17.5504,-7.75775,3,0.0815584,-0.162732,0.095,1
540,455,2,11,3,1,15.8917,-9.32796,3,0.35025,-0.811438,0.095,1
540,456,3,6,0,-1,-13.6228,11.5414,1,0.12114,-0.148151,0.336,0
540,456,3,6,1,0,-13.2749,10.5745,4,-0.0384805,-0.305189,0.336,0
540,456,3,6,2,1,-12.7881,11.8289,3,0.176128,-0.483183,0.336,0
540,457,15,10,0,-1,-16.1228,-7.74837,1,-0.225509,0.257594,0.064,0
540,459,2,8,0,-1,12.468,8.81733,1,0.477544,-0.167366,0.093,1
540,459,2,8,1,0,13.442,8.42567,4,0.471748,-0.160331,0.093,1
540,459,2,8,2,1,12.9824,9.78954,3,0.364413,-0.18145,0.093,1
540,459,2,8,3,1,12.2333,7.91996,3,0.478428,-0.154726,0.093,1
540,460,2,12,0,-1,17.4483,-8.41188,1,0.327784,-0.0657483,0.095,0
540,460,2,12,1,0,16.5573,-9.06257,4,0.323286,0.0172728,0.095,0
540,460,2,12,2,1,18.0083,-9.28396,3,0.44624,0.273808,0.095,0
540,462,2,11,0,-1,-10.7929,-6.04126,1,-0.220263,-0.0533019,0.091,0
540,462,2,11,1,0,-10.0077,-5.29468,4,0.0774839,-0.405279,0.091,0
540,462,2,11,2,1,-11.4212,-5.18703,3,0.0619726,0.338919,0.091,0
540,464,2,12,0,-1,2.38825,0.898819,1,0.736983,-0.0032571,0.092,1
540,464,2,12,1,0,3.41542,0.790744,4,0.49668,0.31762,0.092,1
540,464,2,12,2,1,2.57174,1.92465,3,0.0908531,0.176777,0.092,1
540,464,2,12,3,1,2.45119,-0.0655724,3,0.576425,0.0856385,0.092,1
540,465,2,13,0,-1,2.7612,-3.14797,1,0.534147,-0.371397,0.091,0
540,465,2,13,1,0,3.38637,-2.32937,4,-0.291574,0.493783,0.091,0
540,465,2,13,2,1,2.0218,-2.6223,3,0.0638667,-0.0679893,0.091,0
540,466,2,11,0,-1,5.4931,-14.1531,1,-0.0874396,0.158871,0.093,0
540,466,2,11,1,0,4.59766,-13.6115,4,-0.0687284,0.165502,0.093,0
540,466,2,11,2,1,4.79168,-15.0698,3,-0.0184629,0.166141,0.093,0
540,468,2,11,0,-1,-5.29464,-4.22371,1,0.678916,0.18511,0.09,1
540,468,2,11,1,0,-4.27904,-3.81682,4,0.28791,0.346878,0.09,1
540,468,2,11,2,1,-5.61797,-3.41883,3,-0.0454667,-0.191993,0.09,1
540,468,2,11,3,1,-4.84707,-5.01948,3,0.571852,-0.0468434,0.09,1
540,470,2,8,0,-1,12.5128,13.0409,1,-0.201574,-0.0779248,0.092,1
540,470,2,8,1,0,13.5162,13.2013,4,-0.2199,-0.069389,0.092,1
540,470,2,8,2,1,12.8161,14.4871,3,0.604114,0.456187,0.092,1
540,470,2,8,3,1,13.2503,11.8993,3,0.0248546,-0.190772,0.092,1
540,471,16,9,0,-1,-11.39,10.1715,1,0.245846,0.10713,0.359,0
540,471,16,9,1,0,-11.879,11.4196,3,-0.755571,-0.259255,0.359,0
540,471,16,9,2,0,-12.6804,10.0125,3,0.444532,0.11465,0.359,0
540,473,2,10,0,-1,-4.40854,-11.0625,1,-0.123575,-0.0635642,0.09,0
540,473,2,10,1,0,-3.84208,-12.0715,4,0.303723,0.128525,0.09,0
540,474,2,12,0,-1,-4.52045,-4.49115,1,0.789661,0.135479,0.089,0
540,475,2,13,0,-1,2.95877,1.47707,1,0.451661,0.629974,0.091,0
570,298,3,5,0,-1,-15.782,9.49911,1,0.340254,-0.649049,0.335,1
570,298,3,5,4,0,-15.6059,10.7961,0,-0.138456,-0.573278,0.335,1
570,298,3,5,5,4,-14.8849,11.9566,0,-0.519544,-0.264743,0.335,1
570,298,3,5,6,5,-14.2439,13.1821,0,-0.599828,-0.139382,0.335,1
570,298,3,5,7,6,-13.1403,13.9109,0,-0.445286,-0.184289,0.335,1
570,298,3,5,8,7,-12.4444,15.1078,0,-0.0936942,-0.318845,0.335,1
570,353,2,10,0,-1,-6.67011,-7.10333,1,0.192932,0.564065,0.091,1
570,353,2,10,1,0,-6.06003,-6.19788,4,0.222774,0.55684,0.091,1
570,353,2,10,2,1,-7.46548,-6.10879,3,0.234078,0.338344,0.091,1
570,353,2,10,3,1,-5.49131,-7.39429,3,0.361211,0.617242,0.091,1
570,360,2,9,0,-1,17.2408,-2.93249,1,0.463592,-0.22405,0.093,1
570,360,2,9,1,0,17.535,-3.94864,4,0.138997,-0.335079,0.093,1
570,360,2,9,2,1,18.4131,-2.7942,3,0.549769,-0.658508,0.093,1
570,360,2,9,3,1,16.3527,-3.39362,3,0.314707,-0.100451,0.093,1
570,369,2,9,0,-1,15.9364,-6.25775,1,0.450203,-0.106668,0.09,1
570,369,2,9,1,0,16.9771,-6.07489,4,0.394131,0.077725,0.09,1
570,369,2,9,2,1,15.9327,-5.15877,3,0.249731,-0.116938,0.09,1
570,369,2,9,3,1,16.1461,-6.99929,3,0.256194,0.164368,0.09,1
570,383,2,9,0,-1,-1.82345,-17.8149,1,0.25131,-0.271616,0.09,1
570,383,2,9,1,0,-0.905978,-17.1641,4,0.292712,-0.323672,0.09,1
570,383,2,9,2,1,-2.23318,-16.7082,3,0.366953,-0.109964,0.09,1
570,383,2,9,3,1,-1.31932,-18.399,3,0.326284,-0.315373,0.09,1
570,387,2,9,0,-1,4.41998,-9.71366,1,0.312432,-0.0926194,0.093,1
570,387,2,9,1,0,5.41277,-10.0611,4,0.243224,-0.241142,0.093,1
570,387,2,9,2,1,4.8066,-8.80627,3,0.392151,-0.151586,0.093,1
570,387,2,9,3,1,4.18583,-10.5159,3,0.144426,0.0104849,0.093,1
570,393,2,10,0,-1,0.986768,6.60074,1,0.10527,0.0952056,0.092,1
570,393,2,10,1,0,1.59119,5.76128,4,-0.0154987,0.0429484,0.092,1
570,393,2,10,2,1,1.81563,7.18359,3,-0.0355249,0.067949,0.092,1
570,393,2,10,3,1,0.273726,6.08569,5,-0.0873585,-0.196763,0.092,1
570,395,2,10,0,-1,-0.474658,-9.51547,1,-0.0477445,-0.103465,0.089,1
570,395,2,10,1,0,-1.44025,-10.0678,4,-0.0869278,-0.0368163,0.089,1
570,395,2,10,2,1,-0.0871097,-10.4173,3,-0.101084,-0.0453149,0.089,1
570,396,3,7,0,-1,-15.2145,22.9955,1,-0.223345,0.0372575,0.335,1
570,396,3,7,1,0,-15.9737,23.66,4,-0.25924,-0.001738,0.335,1
570,396,3,7,2,1,-16.0701,22.3687,3,-0.192598,-0.00610875,0.335,1
570,396,3,7,3,1,-14.6618,23.6067,3,-0.256795,0.064757,0.335,1
570,396,3,7,4,0,-14.3025,22.1288,0,-0.173589,0.0856146,0.335,1
570,396,3,7,5,4,-13.4417,21.1601,0,-0.129249,0.115582,0.335,1
570,396,3,7,6,5,-12.2061,20.7868,0,-0.122967,0.112791,0.335,1
570,396,3,7,7,6,-11.1589,20.0407,0,-0.139084,0.0805504,0.335,1
570,396,3,7,8,7,-9.80061,19.8127,0,-0.148022,0.0102668,0.335,1
570,398,2,10,0,-1,-0.442424,-18.6324,1,0.483078,-0.0766105,0.094,1
570,398,2,10,1,0,0.583331,-18.8478,4,0.524745,0.11342,0.094,1
570,398,2,10,2,1,-0.177216,-17.6649,3,0.276611,-0.049096,0.094,1
570,398,2,10,3,0,-1.5813,-17.1476,1,0.297158,-0.223414,0.094,1
570,398,2,10,4,1,-0.356291,-19.7241,3,0.671723,-0.0332098,0.094,1
570,408,2,10,0,-1,-10.6405,-4.50175,1,0.520474,-0.732298,0.09,1
570,408,2,10,1,0,-9.57292,-4.43279,4,0.819405,0.306334,0.09,1
570,408,2,10,2,1,-10.4682,-3.36153,3,-0.151926,-0.522014,0.09,1
570,408,2,10,3,1,-10.5817,-5.24585,3,1.17791,-0.141296,0.09,1
570,410,2,10,0,-1,0.178442,-12.0228,1,-0.202778,0.0595404,0.091,1
570,410,2,10,1,0,-0.396757,-12.9148,4,-0.261264,0.100936,0.091,1
570,410,2,10,2,1,0.995531,-12.8062,3,-0.227195,-0.117115,0.091,1
570,410,2,10,3,1,-0.545918,-11.6567,3,-0.199999,0.0849165,0.091,1
570,412,2,10,0,-1,12.8612,16.2622,1,0.806013,0.261423,0.093,1
570,412,2,10,1,0,13.8361,15.8264,4,0.610816,0.110557,0.093,1
570,412,2,10,2,1,13.5527,17.2316,3,1.41264,0.351121,0.093,1
570,412,2,10,3,1,12.7136,15.1646,3,0.298114,0.584613,0.093,1
570,419,2,11,0,-1,-0.84975,3.43111,1,-0.00852892,-0.0393128,0.093,1
570,419,2,11,1,0,-1.62647,2.73137,4,-0.0674859,0.0291454,0.093,1
570,419,2,11,2,1,-0.190932,2.595,3,-0.0740093,-0.0136093,0.093,1
570,419,2,11,3,1,-1.51199,4.04105,5,0.103092,0.0123912,0.093,1
570,422,2,11,0,-1,12.4799,-0.604804,1,0.447303,0.378103,0.092,1
570,422,2,11,1,0,13.16,0.158057,4,0.632091,0.221196,0.092,1
570,422,2,11,2,1,11.7758,0.138994,3,0.630262,0.493262,0.092,1
570,422,2,11,3,1,13.138,-1.15424,3,0.304004,0.227269,0.092,1
570,424,2,11,0,-1,12.0557,16.3245,1,0.873884,0.0476297,0.092,0
570,426,2,10,0,-1,9.33082,1.93159,1,1.00171,-0.0618193,0.094,1
570,426,2,10,1,0,9.79943,2.89609,4,0.210134,0.380653,0.094,1
570,426,2,10,2,1,8.35028,2.73509,3,0.321146,-0.606797,0.094,1
570,426,2,10,3,1,10.4424,1.73906,3,1.17507,0.957219,0.094,1
570,432,2,10,0,-1,16.8711,-8.18657,1,0.338152,0.0482986,0.094,1
570,432,2,10,1,0,17.9175,-8.11139,4,0.305393,0.0100469,0.094,1
570,432,2,10,2,1,16.9803,-6.97706,3,0.310644,0.0248734,0.094,1
570,432,2,10,3,1,17.0704,-9.11097,3,0.181888,0.0937353,0.094,1
570,442,14,11,0,-1,0.0861447,-11.2009,1,-0.184824,0.0479114,0.066,0
570,442,14,11,1,0,-0.844051,-12.2706,3,-0.237287,0.103604,0.066,0
570,442,14,11,2,0,1.00409,-12.0303,3,-0.188965,0.0370553,0.066,0
570,445,2,8,0,-1,13.8212,2.02664,1,-0.296227,-0.246294,0.092,1
570,445,2,8,1,0,13.51,1.04514,4,-0.127566,-0.303686,0.092,1
570,445,2,8,2,1,14.8247,1.64567,3,-0.238334,-0.0623898,0.092,1
570,445,2,8,3,1,13.0545,2.30131,3,-0.373245,-0.393616,0.092,1
570,448,3,8,0,-1,-14.8135,3.70723,1,-0.313922,0.58238,0.334,1
570,448,3,8,1,0,-15.4599,4.56602,4,-0.154328,0.729548,0.334,1
570,448,3,8,2,1,-16.074,3.44768,3,-0.368887,0.841995,0.334,1
570,448,3,8,3,1,-14.2198,4.27014,3,-0.241866,0.469913,0.334,1
570,448,3,8,4,0,-13.8867,2.77413,0,-0.531844,0.336361,0.334,1
570,448,3,8,5,4,-12.6039,2.31451,0,-0.604937,0.0731978,0.334,1
570,448,3,8,6,5,-11.3309,2.779,0,-0.517691,-0.145537,0.334,1
570,448,3,8,7,6,-10.0145,2.99625,0,-0.470446,-0.421961,0.334,1
570,448,3,8,8,7,-8.85817,3.79676,0,-0.277137,-0.701658,0.334,1
570,454,2,12,0,-1,9.97804,-7.0164,1,0.325923,-0.337696,0.091,1
570,454,2,12,1,0,10.705,-7.73407,4,0.0939419,-0.567101,0.091,1
570,454,2,12,2,1,10.7571,-6.34407,3,0.659548,-0.570973,0.091,1
570,454,2,12,3,1,9.39622,-7.64031,3,0.112733,-0.214095,0.091,1
570,456,3,6,0,-1,-15.2839,8.81196,1,0.510057,-0.514335,0.336,0
570,456,3,6,1,0,-14.7708,7.894,4,0.705451,-0.391527,0.336,0
570,456,3,6,2,1,-14.48,9.17109,3,0.477346,-0.336662,0.336,0
570,456,3,6,3,1,-16.0405,7.97769,3,0.665403,-0.711485,0.336,0
570,456,3,6,4,0,-15.3422,10.0723,0,0.184973,-0.512092,0.336,0
570,456,3,6,5,4,-14.6424,11.1571,0,-0.20463,-0.212545,0.336,0
570,456,3,6,6,5,-14.2362,12.3838,0,-0.466851,-0.122601,0.336,0
570,462,2,11,0,-1,-8.30738,-16.6168,1,0.313715,-0.369175,0.091,1
570,462,2,11,1,0,-7.3691,-17.0993,4,0.288814,-0.415201,0.091,1
570,462,2,11,2,1,-7.71824,-15.7581,3,0.267755,-0.418765,0.091,1
570,462,2,11,3,1,-8.59115,-17.3936,3,0.270389,-0.335671,0.091,1
570,464,2,12,0,-1,5.35001,4.23797,1,0.534135,-0.489816,0.092,1
570,464,2,12,1,0,6.36836,4.44038,4,0.402548,0.134871,0.092,1
570,464,2,12,2,1,5.247,5.33567,3,-0.131011,-0.515983,0.092,1
570,464,2,12,3,1,5.8439,3.20587,3,0.998186,-0.123277,0.092,1
570,470,2,8,0,-1,14.0803,12.6409,1,-0.0661588,0.212243,0.092,1
570,470,2,8,1,0,14.5223,13.4659,4,0.204208,0.0829943,0.092,1
570,470,2,8,2,1,13.1072,13.1909,3,0.139001,0.516709,0.092,1
570,470,2,8,3,1,14.8015,12.1449,3,-0.172125,-0.00302029,0.092,1
570,471,16,9,0,-1,-14.0515,3.45572,1,-0.389558,0.36548,0.359,0
570,471,16,9,1,0,-12.7671,3.15208,3,-0.43761,0.10509,0.359,0
570,471,16,9,2,0,-13.5757,4.67145,3,-0.0523036,0.23377,0.359,0
570,471,16,9,3,0,-12.9578,4.06685,0,-0.294593,0.138072,0.359,0
570,471,16,9,4,3,-11.7894,4.64193,0,-0.258079,-0.0273905,0.359,0
570,471,16,9,5,4,-11.1002,5.74499,0,-0.116031,-0.13374,0.359,0
570,471,16,9,6,5,-10.0949,6.55697,0,0.0306452,-0.325407,0.359,0
570,473,2,10,0,-1,-0.997831,-17.7665,1,0.242269,-0.261416,0.09,0
570,473,2,10,1,0,-0.258401,-16.8853,4,0.0718845,-0.104659,0.09,0
570,475,2,13,0,-1,5.8352,4.88712,1,0.111434,-0.163982,0.091,0
570,475,2,13,1,0,5.99018,3.87411,4,0.701039,-0.071584,0.091,0
570,475,2,13,2,1,6.972,4.89801,3,0.254084,0.367914,0.091,0
570,478,2,9,0,-1,12.7494,14.1924,1,0.19684,0.565907,0.091,1
570,478,2,9,1,0,13.4883,14.9608,4,0.248215,0.503645,0.091,1
570,478,2,9,2,1,12.0632,15.2756,3,0.283501,0.702573,0.091,1
570,478,2,9,3,1,13.6901,13.6651,3,0.143076,0.481161,0.091,1
570,479,2,11,0,-1,-6.23079,-7.51763,1,0.313225,0.528859,0.092,1
570,479,2,11,1,0,-6.74933,-6.52538,4,0.20261,0.434547,0.092,1
570,479,2,11,2,1,-7.21381,-7.84167,3,0.464854,0.311303,0.092,1
570,479,2,11,3,1,-5.43447,-6.69549,3,0.229263,0.593056,0.092,1
570,480,2,9,0,-1,14.8768,12.8479,1,-0.0139846,-0.0157129,0.091,0
570,482,17,11,0,-1,0.312161,-18.2601,1,0.404676,0.0550986,0.119,0
570,482,17,11,1,0,1.19753,-18.879,4,0.513635,0.200098,0.119,0
570,482,17,11,2,1,0.830857,-17.5273,3,0.349862,0.156431,0.119,0
570,482,17,11,3,0,0.480484,-16.4465,1,-0.0566058,0.107208,0.119,0
570,488,2,11,0,-1,3.26768,3.64995,1,0.141215,-0.380199,0.094,1
570,488,2,11,1,0,3.08686,2.62258,4,-0.138891,-0.327798,0.094,1
570,488,2,11,2,1,4.32084,3.37006,3,0.0543647,-0.673354,0.094,1
570,488,2,11,3,1,2.35302,3.7443,3,0.156899,-0.124941,0.094,1
570,489,18,10,0,-1,3.62201,-9.82462,1,0.296688,0.115229,0.068,0
570,490,2,9,0,-1,13.0748,1.66311,1,-0.237091,-0.361842,0.091,0
570,490,2,9,1,0,12.3,2.39932,4,-0.358249,-0.469698,0.091,0
570,490,2,9,2,1,12.265,0.964552,3,-0.181346,-0.460284,0.091,0
570,491,2,11,0,-1,17.3926,-7.58775,1,0.354631,0.0486225,0.095,0
570,491,2,11,1,0,16.3507,-7.66385,4,0.344794,-0.17475,0.095,0
570,493,2,10,0,-1,12.1894,13.5988,1,0.0619129,0.702611,0.092,0
570,493,2,10,1,0,11.2452,13.1289,4,0.21298,0.401308,0.092,0
570,495,2,12,0,-1,-0.352846,4.05898,1,0.100497,-0.126985,0.092,0
570,496,2,10,0,-1,14.612,-3.85465,1,0.435262,0.0177786,0.093,1
570,496,2,10,1,0,15.3183,-4.63221,4,0.139182,-0.257228,0.093,1
570,496,2,10,2,1,15.6049,-3.22066,3,0.786347,-0.398474,0.093,1
570,496,2,10,3,1,14.0031,-4.62396,3,0.148317,0.115722,0.093,1
570,497,2,12,0,-1,-4.60341,-14.4402,1,0.384727,-0.258435,0.091,1
570,497,2,12,1,0,-4.38998,-15.4551,4,0.122519,-0.403231,0.091,1
570,497,2,12,2,1,-3.53034,-14.3564,3,0.569449,-0.743655,0.091,1
570,497,2,12,3,1,-5.38403,-14.5986,3,0.50078,-0.0886839,0.091,1
570,498,2,12,0,-1,-6.22119,-8.34126,1,0.65211,0.55585,0.091,0
570,499,2,12,0,-1,2.62149,3.15864,1,-0.0284774,-0.150246,0.093,0
570,501,2,10,0,-1,15.3841,-5.69134,1,0.340574,-0.33577,0.089,0
570,501,2,10,1,0,14.3735,-5.45789,4,0.481292,0.107141,0.089,0
570,502,2,11,0,-1,0.883081,5.79807,1,0.0198106,0.10158,0.091,0
570,502,2,11,1,0,0.153069,5.05301,4,-0.0506499,0.11244,0.091,0
570,503,2,11,0,-1,-7.4728,-7.17603,1,0.215278,0.239828,0.092,0
570,506,2,11,0,-1,-9.8998,-4.82534,1,0.0929981,-0.291811,0.089,0
570,511,2,11,0,-1,9.21079,1.12137,1,0.351551,-0.00784505,0.093,0
570,512,2,13,0,-1,-4.90743,-15.1953,1,0.120451,-0.120186,0.092,0
570,513,2,10,0,-1,17.0164,-2.15732,1,0.412306,-0.237579,0.094,0
600,298,3,5,0,-1,-7.37455,10.8911,1,0.00719517,-0.00552761,0.335,1
600,298,3,5,4,0,-8.25076,9.99963,0,-0.00073254,0.00223248,0.335,1
600,298,3,5,5,4,-9.32798,9.30656,0,-0.00417483,0.00738622,0.335,1
600,298,3,5,6,5,-10.0096,8.22205,0,-0.00260574,0.00630554,0.335,1
600,298,3,5,7,6,-11.0903,7.53441,0,0.00254825,-0.0017856,0.335,1
600,298,3,5,8,7,-11.8766,6.4079,0,0.0146182,-0.0102767,0.335,1
600,353,2,10,0,-1,-8.80951,2.36786,1,-0.0184797,0.432223,0.091,1
600,353,2,10,1,0,-9.30466,3.29342,4,-0.215762,0.326679,0.091,1
600,353,2,10,2,1,-9.7303,1.95995,3,0.0712396,0.235958,0.091,1
600,353,2,10,3,1,-8.06916,2.86303,3,-0.122619,0.586728,0.091,1
600,393,2,10,0,-1,3.05721,3.74042,1,0.0111874,-0.0193497,0.092,1
600,393,2,10,1,0,2.4245,4.5727,4,0.0575307,0.0125131,0.092,1
600,393,2,10,2,1,2.15728,3.1552,3,0.0426643,0.0164247,0.092,1
600,393,2,10,3,1,3.72408,4.3701,5,0.0380525,-0.107459,0.092,1
600,398,2,10,0,-1,5.8962,-11.5557,1,-0.390702,-0.0232483,0.094,1
600,398,2,10,1,0,4.84025,-11.6151,4,-0.360591,-0.21972,0.094,1
600,398,2,10,2,1,5.85889,-12.567,3,-0.210616,-0.0358391,0.094,1
600,398,2,10,3,0,7.27611,-12.7873,1,-0.0598126,0.305921,0.094,1
600,398,2,10,4,1,5.70822,-10.6347,3,-0.381699,-0.158141,0.094,1
600,408,2,10,0,-1,-9.52566,-5.93324,1,-0.156817,-0.272189,0.09,1
600,408,2,10,1,0,-10.5159,-5.51427,4,-0.112956,-0.0778094,0.09,1
600,408,2,10,2,1,-10.0709,-6.84483,3,-0.472088,-0.179387,0.09,1
600,408,2,10,3,1,-9.59404,-4.6085,3,-0.225446,0.02292,0.09,1
600,426,2,10,0,-1,13.7603,7.58165,1,-0.448312,-0.273134,0.094,1
600,426,2,10,1,0,13.2694,8.50856,4,0.0773585,-0.0153594,0.094,1
600,426,2,10,2,1,12.5714,7.21869,3,-0.613435,0.337612,0.094,1
600,426,2,10,3,1,14.5649,8.21898,3,-0.0793699,-0.751107,0.094,1
600,454,2,12,0,-1,12.3644,-8.71469,1,0.444882,-0.124177,0.091,1
600,454,2,12,1,0,13.3787,-8.85067,4,0.394006,-0.304496,0.091,1
600,454,2,12,2,1,12.5197,-7.76663,3,0.501021,-0.172884,0.091,1
600,454,2,12,3,1,12.2433,-9.50943,3,0.276,-0.144063,0.091,1
600,456,3,6,0,-1,-16.8319,12.0989,1,0.00155901,-0.701477,0.336,1
600,456,3,6,1,0,-17.4832,11.3116,4,-0.17233,-0.565423,0.336,1
600,456,3,6,2,1,-16.1906,11.0727,3,-0.300264,-1.27638,0.336,1
600,456,3,6,3,1,-17.446,12.6201,3,0.24929,-0.568804,0.336,1
600,456,3,6,4,0,-16.0168,13.0752,0,-0.0591139,-0.673057,0.336,1
600,456,3,6,5,4,-14.8564,13.7683,0,-0.343693,-0.412674,0.336,1
600,456,3,6,6,5,-13.5984,14.4587,0,-0.622029,0.00251864,0.336,1
600,456,3,6,7,6,-12.2954,14.1387,0,-0.534332,0.351431,0.336,1
600,456,3,6,8,7,-10.8915,14.0482,0,-0.516705,0.519043,0.336,1
600,462,2,11,0,-1,-10.283,-22.6143,1,-0.425981,0.0668389,0.091,1
600,462,2,11,1,0,-10.9177,-21.783,4,-0.242097,0.243214,0.091,1
600,462,2,11,2,1,-11.0903,-23.1684,3,-0.488009,0.313323,0.091,1
600,462,2,11,3,1,-9.68914,-22.0636,3,-0.342845,-0.0481396,0.091,1
600,464,2,12,0,-1,10.5841,11.8135,1,0.260687,0.0448336,0.092,1
600,464,2,12,1,0,11.2811,12.6171,4,0.397504,-0.117275,0.092,1
600,464,2,12,2,1,9.88735,12.67,3,0.384503,0.0530838,0.092,1
600,464,2,12,3,1,11.2319,11.295,3,0.131644,-0.126911,0.092,1
600,470,2,8,0,-1,17.0517,4.69945,1,0.0565993,-0.354576,0.092,1
600,470,2,8,1,0,16.9405,3.76757,4,0.082214,-0.354889,0.092,1
600,470,2,8,2,1,18.118,4.59935,3,0.0582705,-0.3185,0.092,1
600,470,2,8,3,1,16.1899,4.87954,3,0.0560085,-0.371895,0.092,1
600,475,2,13,0,-1,10.6494,12.5705,1,0.440372,0.0736536,0.091,0
600,475,2,13,1,0,11.5551,12.0395,4,0.257259,-0.200302,0.091,0
600,475,2,13,2,1,11.43,13.4573,3,0.592005,-0.147726,0.091,0
600,478,2,9,0,-1,10.2023,14.1471,1,-0.0401065,0.443003,0.091,1
600,478,2,9,1,0,11.1991,14.4365,4,0.0501117,0.391886,0.091,1
600,478,2,9,2,1,9.91098,15.0725,3,-0.136077,-0.0559273,0.091,1
600,478,2,9,3,1,10.4835,13.3331,3,0.331737,0.23096,0.091,1
600,480,2,9,0,-1,16.3876,4.22261,1,0.064405,-0.368305,0.091,0
600,482,17,11,0,-1,-5.39751,-12.9543,1,-0.163226,-0.419746,0.119,1
600,482,17,11,1,0,-5.138,-14.0129,4,-0.43858,-0.476499,0.119,1
600,482,17,11,2,1,-4.27311,-12.9181,3,0.267033,-0.953379,0.119,1
600,482,17,11,3,0,-4.62631,-11.2758,1,0.892117,-0.960532,0.119,1
600,482,17,11,4,1,-6.19195,-13.243,3,0.0176074,0.0617668,0.119,1
600,488,2,11,0,-1,6.94192,1.59257,1,-0.109147,0.521578,0.094,1
600,488,2,11,1,0,6.07594,2.20857,4,-0.261852,0.295653,0.094,1
600,488,2,11,2,1,6.10111,0.778547,3,0.106444,0.353283,0.094,1
600,488,2,11,3,1,7.39095,2.52468,3,-0.291108,0.42841,0.094,1
600,493,2,10,0,-1,16.2016,13.8901,1,-0.0408136,-0.0246574,0.092,1
600,493,2,10,1,0,16.2001,12.8462,4,0.0298597,-0.028191,0.092,1
600,493,2,10,2,1,15.2993,13.8048,3,0.0395145,-0.0271145,0.092,1
600,496,2,10,0,-1,7.9257,-8.35222,1,-0.828842,0.209181,0.093,1
600,496,2,10,1,0,6.96199,-8.90845,4,-0.68371,0.370521,0.093,1
600,496,2,10,2,1,8.1634,-9.70277,3,-0.873804,-0.267577,0.093,1
600,496,2,10,3,1,7.19093,-7.64698,3,-0.936697,0.650311,0.093,1
600,497,2,12,0,-1,3.95245,-19.9643,1,0.889767,0.290623,0.091,1
600,497,2,12,1,0,4.13365,-18.8953,4,0.471948,0.394707,0.091,1
600,497,2,12,2,1,2.87891,-19.4095,3,0.758511,-0.325114,0.091,1
600,497,2,12,3,1,4.91942,-19.8587,3,0.810163,0.753067,0.091,1
600,499,2,12,0,-1,6.74592,2.35952,1,-0.332686,0.472531,0.093,0
600,502,2,11,0,-1,-1.02023,6.73775,1,-0.0295011,-0.0473373,0.091,1
600,502,2,11,1,0,-1.80634,6.04682,4,-0.0913887,0.0265405,0.091,1
600,502,2,11,2,1,-0.382174,5.8018,3,-0.0970207,0.0210013,0.091,1
600,506,2,11,0,-1,-9.62363,-5.20456,1,0.381474,-0.193722,0.089,0
600,506,2,11,1,0,-8.74885,-5.81938,4,0.0190073,-0.579609,0.089,0
600,506,2,11,2,1,-8.72901,-4.41563,3,0.165374,-0.570652,0.089,0
600,511,2,11,0,-1,8.58051,-6.87072,1,-0.716878,0.283935,0.093,1
600,511,2,11,1,0,7.90065,-6.05116,4,-0.180153,0.625369,0.093,1
600,511,2,11,2,1,7.96477,-7.45615,3,-0.179397,0.522066,0.093,1
600,511,2,11,3,1,9.23014,-6.10683,3,-0.198314,-0.661133,0.093,1
600,512,2,13,0,-1,1.85606,-20.1926,1,-0.170821,0.264566,0.092,1
600,512,2,13,1,0,1.05799,-19.4893,4,-0.27858,0.221586,0.092,1
600,512,2,13,2,1,1.10558,-20.8777,3,0.390999,0.288464,0.092,1
600,512,2,13,3,1,2.26951,-19.6628,3,-0.304837,0.110299,0.092,1
600,515,2,13,0,-1,8.61653,-10.4947,1,-0.0535916,-0.0949746,0.092,1
600,515,2,13,1,0,7.659,-10.1961,4,-0.184008,-0.0690185,0.092,1
600,515,2,13,2,1,8.16183,-11.5133,3,-0.105268,0.151982,0.092,1
600,515,2,13,3,1,8.80983,-9.44662,3,-0.226647,-0.112511,0.092,1
600,520,17,12,0,-1,-4.1595,-13.7716,1,-0.318087,-0.275605,0.119,1
600,520,17,12,1,0,-4.70439,-14.6495,4,-0.0679716,-0.443022,0.119,1
600,520,17,12,2,1,-3.34055,-14.1871,3,-0.254564,0.0994156,0.119,1
600,520,17,12,3,0,-2.34813,-13.6865,1,-0.347274,0.236567,0.119,1
600,520,17,12,4,1,-4.89443,-13.3618,3,-0.252795,-0.523287,0.119,1
600,521,2,11,0,-1,3.65443,-9.41696,1,0.249367,-0.682947,0.094,1
600,521,2,11,1,0,3.41312,-10.4442,4,-0.459424,-0.52414,0.094,1
600,521,2,11,2,1,4.75363,-9.89975,3,0.00130561,-1.58329,0.094,1
600,521,2,11,3,1,2.70277,-9.32821,3,0.280734,-0.0501553,0.094,1
600,524,2,11,0,-1,12.9694,7.72231,1,-0.388024,0.132945,0.095,0
600,524,2,11,1,0,11.8898,7.61355,4,-0.466421,0.728937,0.095,0
600,524,2,11,2,1,12.6806,6.3976,3,-1.28968,0.195749,0.095,0
600,526,17,13,0,-1,-4.02091,-14.5697,1,-0.177686,-0.282848,0.12,0
600,526,17,13,1,0,-3.66096,-15.5518,4,-0.105524,-0.296037,0.12,0
600,527,20,11,0,-1,6.68206,-11.3957,1,-0.399969,-0.0890277,0.119,0
600,527,20,11,1,0,7.42467,-12.1281,4,-0.547631,-0.175314,0.119,0
600,528,3,7,0,-1,-17.7426,15.5377,1,-0.790843,0.206293,0.336,1
600,528,3,7,1,0,-18.6471,16.0326,4,-0.574179,0.736416,0.336,1
600,528,3,7,2,1,-18.7421,14.7385,3,-1.40251,0.804008,0.336,1
600,528,3,7,3,1,-17.3342,16.2014,3,-0.525344,0.115373,0.336,1
600,528,3,7,4,0,-16.5328,15.1173,0,-0.954105,-0.47612,0.336,1
600,528,3,7,5,4,-15.412,14.4715,0,-0.775896,-0.5119,0.336,1
600,528,3,7,6,5,-14.2002,14.0399,0,-0.541038,-0.199401,0.336,1
600,528,3,7,7,6,-13.5174,12.9567,0,-0.198543,-0.0101609,0.336,1
600,528,3,7,8,7,-12.492,12.0276,0,0.200522,0.432355,0.336,1
600,529,2,14,0,-1,-0.781648,-19.7487,1,0.0716349,0.443467,0.091,1
600,529,2,14,1,0,-1.0695,-18.8057,4,-0.00803244,0.414478,0.091,1
600,529,2,14,2,1,-1.7902,-19.9942,3,0.261415,0.234259,0.091,1
600,529,2,14,3,1,-0.0179821,-19.5034,3,0.0665407,0.541587,0.091,1
600,530,2,14,0,-1,14.4845,-10.5,1,-0.0100356,0.214322,0.091,1
600,530,2,14,1,0,13.5409,-10.837,4,0.126611,-0.160489,0.091,1
600,530,2,14,2,1,14.8795,-11.3533,10,0.377525,0.519033,0.091,1
600,530,2,14,3,1,14.2041,-9.69736,3,-0.336062,0.109544,0.091,1
600,534,17,12,0,-1,-8.6604,-10.9734,1,-0.301637,0.301494,0.118,1
600,534,17,12,1,0,-9.45905,-10.2918,4,-0.568425,0.0365128,0.118,1
600,534,17,12,2,1,-9.38853,-11.6863,3,-0.312101,0.0780183,0.118,1
600,534,17,12,3,0,-8.77094,-12.8046,1,0.362791,0.308446,0.118,1
600,534,17,12,4,1,-8.10725,-10.2474,3,-0.561961,0.553606,0.118,1
600,537,21,11,0,-1,16.0733,14.6788,1,-0.0574215,-0.0230871,0.117,0
600,539,2,12,0,-1,3.63656,-6.48176,1,0.182811,-0.0232453,0.093,1
600,539,2,12,1,0,4.08349,-7.43317,4,-0.275889,-0.257289,0.093,1
600,539,2,12,2,1,4.80471,-6.17342,3,0.547027,-0.729214,0.093,1
600,539,2,12,3,1,2.82034,-7.04471,3,-0.107249,0.290005,0.093,1
600,540,2,15,0,-1,14.1575,-11.2498,1,0.30013,0.0720893,0.09,0
600,541,2,13,0,-1,11.556,-8.66061,1,0.416568,-0.658297,0.092,0
600,541,2,13,1,0,11.3343,-7.66792,4,0.0915266,-0.73208,0.092,0
600,543,2,12,0,-1,-1.52841,7.36087,1,-0.017237,-0.0456764,0.092,0
600,546,17,13,0,-1,-8.83467,-10.177,1,-0.519598,0.154277,0.118,0
600,547,3,6,0,-1,-7.99977,11.3902,1,0.00757132,-0.00513238,0.334,0
600,548,2,10,0,-1,9.54459,13.661,1,0.493806,-0.289899,0.09,0
600,548,2,10,1,0,8.50995,13.458,4,0.535661,-0.316016,0.09,0
600,550,2,11,0,-1,7.74921,-9.0826,1,-0.257467,-0.0364326,0.094,0
600,551,2,14,0,-1,8.97073,-11.2099,1,0.0117784,-0.0625703,0.093,0
630,298,3,5,0,-1,-12.8535,12.8052,1,0.0335444,0.245499,0.335,1
630,298,3,5,4,0,-11.6153,13.0325,0,0.049672,0.106748,0.335,1
630,298,3,5,5,4,-10.3361,12.8259,0,0.0986479,0.150459,0.335,1
630,298,3,5,6,5,-9.08215,12.6917,0,0.131599,0.224116,0.335,1
630,298,3,5,7,6,-8.28024,11.7029,0,0.176385,0.249926,0.335,1
630,298,3,5,8,7,-7.15763,10.9243,0,0.176136,0.239756,0.335,1
630,353,2,10,0,-1,-1.93299,8.00743,1,-0.0379343,-0.117066,0.091,1
630,353,2,10,1,0,-2.49334,7.11912,4,-0.0349488,-0.122334,0.091,1
630,353,2,10,2,1,-1.13151,7.44289,3,-0.0320812,-0.0909999,0.091,1
630,353,2,10,3,1,-2.7145,8.40869,3,0.02277,-0.122496,0.091,1
630,408,2,10,0,-1,-17.4631,-1.42755,1,0.211522,0.482475,0.09,1
630,408,2,10,1,0,-16.5271,-0.94633,4,0.430697,0.0435754,0.09,1
630,408,2,10,2,1,-17.8266,-0.40989,3,0.645422,0.645035,0.09,1
630,408,2,10,3,1,-16.9905,-2.11698,3,-0.0866439,0.268805,0.09,1
630,454,2,12,0,-1,15.2639,-9.77994,1,-0.400598,-0.0835174,0.091,1
630,454,2,12,1,0,14.2382,-9.83741,4,-0.432668,0.196629,0.091,1
630,454,2,12,2,1,15.2423,-10.788,3,-0.707764,-0.0947872,0.091,1
630,454,2,12,3,1,15.1824,-8.92865,3,-0.199265,-0.0521292,0.091,1
630,456,3,6,0,-1,-11.4995,11.4,1,0.0792714,0.160896,0.336,1
630,456,3,6,1,0,-10.9214,12.3221,4,0.156035,0.104924,0.336,1
630,456,3,6,2,1,-12.1864,12.3563,3,0.15522,0.25892,0.336,1
630,456,3,6,3,1,-10.2312,11.1978,3,-0.191226,-0.137704,0.336,1
630,456,3,6,4,0,-12.3626,10.4232,0,0.152573,0.107553,0.336,1
630,456,3,6,5,4,-13.6584,10.2867,0,0.143778,-0.022356,0.336,1
630,456,3,6,6,5,-14.9298,10.0554,0,0.144919,-0.120471,0.336,1
630,456,3,6,7,6,-16.0911,10.6239,0,0.107074,-0.178753,0.336,1
630,456,3,6,8,7,-17.4527,10.8317,0,0.100697,-0.197709,0.336,1
630,464,2,12,0,-1,10.0418,4.00896,1,0.23758,-0.239401,0.092,1
630,464,2,12,1,0,10.982,3.61682,4,0.171534,-0.41847,0.092,1
630,464,2,12,2,1,10.5093,4.93331,3,0.459685,-0.313715,0.092,1
630,464,2,12,3,1,9.73617,3.21469,3,0.122746,-0.24207,0.092,1
630,475,2,13,0,-1,12.1357,12.2997,1,-0.121685,0.135059,0.091,1
630,475,2,13,1,0,12.0725,13.3022,4,0.107847,0.137875,0.091,1
630,475,2,13,2,1,11.2194,12.19,3,-0.125786,0.313944,0.091,1
630,475,2,13,3,1,13.0696,12.4761,3,-0.00466875,-0.0329318,0.091,1
630,478,2,9,0,-1,12.7794,20.0919,1,-0.472412,-0.0898041,0.091,1
630,478,2,9,1,0,12.1288,19.2619,4,-0.618502,0.00872382,0.091,1
630,478,2,9,2,1,13.5478,19.335,3,-0.603904,-0.197156,0.091,1
630,478,2,9,3,1,12.0177,20.5684,3,-0.382937,0.0231635,0.091,1
630,482,17,11,0,-1,-13.5388,-13.0888,1,0.529835,0.360075,0.119,1
630,482,17,11,1,0,-13.5207,-11.9971,4,0.231426,0.415856,0.119,1
630,482,17,11,2,1,-14.6805,-12.7493,3,0.270384,0.353234,0.119,1
630,482,17,11,3,0,-14.8287,-14.4088,1,0.298984,0.618866,0.119,1
630,482,17,11,4,1,-12.5611,-12.8911,3,0.526586,0.599294,0.119,1
630,488,2,11,0,-1,9.56465,10.0657,1,0.0595253,0.107753,0.094,1
630,488,2,11,1,0,9.21278,11.0608,4,-0.195063,0.0254492,0.094,1
630,488,2,11,2,1,8.42949,9.84432,3,-0.00349961,-0.11398,0.094,1
630,488,2,11,3,1,10.4936,10.6411,3,-0.157686,0.252298,0.094,1
630,493,2,10,0,-1,14.706,16.7892,1,0.0196301,0.104173,0.092,1
630,493,2,10,1,0,13.9611,16.049,4,0.187566,-0.0629079,0.092,1
630,493,2,10,2,1,13.9767,17.364,3,-0.100395,-0.0595055,0.092,1
630,499,2,12,0,-1,9.87436,10.7972,1,-0.182622,0.230366,0.093,0
630,499,2,12,1,0,10.5845,11.4325,4,-0.245899,0.291203,0.093,0
630,502,2,11,0,-1,-1.03572,6.17374,1,-0.0686344,-0.170632,0.091,1
630,502,2,11,1,0,-2.09286,6.22386,4,-0.0556516,-0.232861,0.091,1
630,502,2,11,2,1,-1.15469,5.13824,3,0.0501142,-0.153247,0.091,1
630,511,2,11,0,-1,12.7234,-11.2451,1,-0.46834,0.111039,0.093,1
630,511,2,11,1,0,11.6856,-11.6343,4,-0.446156,0.187195,0.093,1
630,511,2,11,2,1,12.9429,-12.354,3,-0.323129,0.54416,0.093,1
630,511,2,11,3,1,12.2165,-10.4465,3,-0.576974,0.27668,0.093,1
630,512,2,13,0,-1,-2.32484,-13.3025,1,-0.322063,0.0656409,0.092,1
630,512,2,13,1,0,-3.25848,-12.8022,4,-0.33483,0.0676862,0.092,1
630,512,2,13,2,1,-2.87374,-14.1306,3,-0.448143,0.0159104,0.092,1
630,512,2,13,3,1,-2.03019,-12.5366,3,-0.347816,0.0840431,0.092,1
630,520,17,12,0,-1,-6.00667,-15.1084,1,-0.302024,0.0665409,0.119,1
630,520,17,12,1,0,-6.94827,-14.6758,4,-0.335267,-0.0235069,0.119,1
630,520,17,12,2,1,-6.21846,-15.8948,3,-0.198587,0.0548511,0.119,1
630,520,17,12,3,0,-5.53738,-16.8826,1,-0.298305,0.0724267,0.119,1
630,520,17,12,4,1,-5.69732,-14.2963,3,-0.38433,0.158096,0.119,1
630,521,2,11,0,-1,-5.65462,-12.6856,1,0.0315138,0.317268,0.094,1
630,521,2,11,1,0,-4.9328,-11.9122,4,0.595224,-0.204935,0.094,1
630,521,2,11,2,1,-6.35787,-11.8067,3,0.632658,0.369324,0.094,1
630,521,2,11,3,1,-4.7501,-13.2384,3,-0.805283,-0.427703,0.094,1
630,526,17,13,0,-1,-6.77068,-15.4163,1,-0.267415,-0.00943799,0.12,0
630,526,17,13,1,0,-7.77953,-15.7287,4,-0.20111,-0.114177,0.12,0
630,526,17,13,2,1,-6.65897,-16.5596,3,-0.153139,0.0569577,0.12,0
630,526,17,13,3,0,-5.1218,-16.2017,1,-0.223495,0.0888557,0.12,0
630,529,2,14,0,-1,-5.94485,-9.64858,1,-0.292408,0.622123,0.091,1
630,529,2,14,1,0,-6.34526,-8.76657,4,-0.256165,0.522213,0.091,1
630,529,2,14,2,1,-6.74477,-10.1561,3,0.101684,0.203957,0.091,1
630,529,2,14,3,1,-5.20591,-9.3561,3,-0.246624,0.541255,0.091,1
630,530,2,14,0,-1,15.3375,-12.6536,1,-0.252099,-0.0940133,0.091,1
630,530,2,14,1,0,14.9614,-13.6188,4,0.325185,-0.361002,0.091,1
630,530,2,14,2,1,16.2395,-12.9999,10,0.0137206,0.301055,0.091,1
630,530,2,14,3,1,14.5318,-12.3591,3,0.10616,-0.489855,0.091,1
630,534,17,12,0,-1,-16.8034,-13.1365,1,-0.110297,-0.206963,0.118,1
630,534,17,12,1,0,-16.6775,-14.1751,4,-0.270637,-0.194692,0.118,1
630,534,17,12,2,1,-15.6903,-13.2076,3,-0.101189,-0.338263,0.118,1
630,534,17,12,3,0,-15.7907,-11.607,1,0.133284,-0.418212,0.118,1
630,534,17,12,4,1,-17.6125,-13.1987,3,-0.0949545,-0.0231938,0.118,1
630,537,21,11,0,-1,15.4602,17.0788,1,-0.1581,0.558958,0.117,0
630,540,2,15,0,-1,15.6059,-13.4048,1,-0.112271,0.0209901,0.09,0
630,541,2,13,0,-1,12.8679,-13.5224,1,-0.0493569,-0.212062,0.092,1
630,541,2,13,1,0,11.9543,-13.0011,4,-0.346921,-0.361209,0.092,1
630,541,2,13,2,1,12.4553,-14.2973,3,-0.129861,-0.198485,0.092,1
630,541,2,13,3,1,13.2128,-13.0642,3,-0.434865,0.674257,0.092,1
630,543,2,12,0,-1,-1.54428,6.7805,1,0.039804,-0.0832942,0.092,0
630,546,17,13,0,-1,-17.2579,-13.8235,1,-0.177887,-0.134851,0.118,0
630,546,17,13,1,0,-18.0727,-14.5027,4,-0.0709625,-0.259084,0.118,0
630,546,17,13,2,1,-16.7448,-14.9561,3,-0.00526715,-0.0954241,0.118,0
630,546,17,13,3,0,-15.429,-13.8671,1,-0.129764,0.133473,0.118,0
630,547,3,6,0,-1,-15.8334,12.6217,1,-0.208807,0.0490493,0.334,1
630,547,3,6,1,0,-16.7555,12.2124,4,-0.145959,-0.0741669,0.334,1
630,547,3,6,2,1,-15.5691,11.6576,3,-0.0185346,0.190899,0.334,1
630,547,3,6,3,1,-16.1583,13.3785,3,-0.299214,0.0038978,0.334,1
630,547,3,6,4,0,-14.6483,13.0458,0,-0.245376,0.132769,0.334,1
630,547,3,6,5,4,-13.4009,13.4117,0,-0.2251,0.012465,0.334,1
630,547,3,6,6,5,-12.4571,14.3013,0,-0.165478,-0.0576622,0.334,1
630,547,3,6,7,6,-11.2301,14.6965,0,-0.156956,-0.0633853,0.334,1
630,547,3,6,8,7,-10.1553,15.5579,0,-0.187714,-0.0123869,0.334,1
630,548,2,10,0,-1,9.64526,12.3648,1,-0.0963092,0.0979567,0.09,1
630,548,2,10,1,0,8.60594,12.0763,4,-0.167745,0.304658,0.09,1
630,548,2,10,2,1,9.89681,11.5654,3,-0.21432,0.17897,0.09,1
630,548,2,10,3,1,9.42232,13.1484,3,-0.11031,0.224098,0.09,1
630,556,2,11,0,-1,6.54633,12.1877,1,-0.793963,0.362623,0.09,1
630,556,2,11,1,0,5.50976,12.3126,4,-0.87326,-0.167596,0.09,1
630,556,2,11,2,1,6.40691,11.179,3,-0.480321,0.135209,0.09,1
630,556,2,11,3,1,6.51795,13.1479,3,-1.0648,-0.0381963,0.09,1
630,557,3,7,0,-1,-11.6098,10.601,1,0.0860856,0.180798,0.336,0
630,557,3,7,1,0,-12.1103,9.71697,4,0.18385,0.14881,0.336,0
630,557,3,7,2,1,-10.8181,9.94762,3,0.166907,0.31631,0.336,0
630,557,3,7,3,1,-12.4733,11.0053,3,-0.206865,0.0570187,0.336,0
630,557,3,7,4,0,-10.8261,11.5757,0,0.0121103,0.22421,0.336,0
630,557,3,7,5,4,-9.66814,12.0964,0,-0.132246,0.456926,0.336,0
630,558,17,12,0,-1,-8.74433,-12.7071,1,-0.288505,0.0844182,0.119,1
630,558,17,12,1,0,-8.69611,-11.6418,4,-0.343736,-0.0606083,0.119,1
630,558,17,12,2,1,-9.97396,-12.2391,3,-0.759751,0.399085,0.119,1
630,558,17,12,3,0,-10.0142,-14.0157,1,-0.764863,0.666605,0.119,1
630,558,17,12,4,1,-7.7133,-12.5057,3,-0.133636,0.0670572,0.119,1
630,559,2,12,0,-1,-1.19867,-11.5363,1,-0.301525,-0.0379999,0.093,1
630,559,2,12,1,0,-2.24534,-11.5852,4,-0.3079,-0.0854126,0.093,1
630,559,2,12,2,1,-1.21256,-12.596,3,-0.245836,-0.0157034,0.093,1
630,559,2,12,3,1,-1.35963,-10.6283,3,-0.399333,-0.0238639,0.093,1
630,560,2,14,0,-1,13.8998,5.48428,1,-0.0619113,-0.379965,0.09,1
630,560,2,14,1,0,13.1909,4.73897,4,-0.260534,-0.189396,0.09,1
630,560,2,14,2,1,14.6045,4.5072,3,-0.308246,-0.449817,0.09,1
630,560,2,14,3,1,13.2659,5.9864,3,0.0603984,-0.212703,0.09,1
630,561,2,15,0,-1,-2.87639,-6.71716,1,0.00185751,0.432123,0.09,1
630,561,2,15,1,0,-2.66634,-5.77198,4,0.125505,0.381798,0.09,1
630,561,2,15,2,1,-3.80711,-6.55786,3,-0.0285825,0.568017,0.09,1
630,561,2,15,3,1,-2.17114,-6.97631,3,-0.0731211,0.297312,0.09,1
630,562,2,14,0,-1,-1.6359,-13.7297,1,-0.356907,-0.021089,0.093,0
630,562,2,14,1,0,-1.52666,-14.7742,4,-0.0745464,-0.00107733,0.093,0
630,562,2,14,2,1,-0.638172,-13.6932,3,-0.219813,0.122054,0.093,0
630,563,2,14,0,-1,13.6481,-13.0496,1,-0.0845243,-0.254083,0.093,0
630,563,2,14,1,0,13.5482,-14.0428,4,-0.210216,-0.21004,0.093,0
630,563,2,14,2,1,14.5819,-13.1038,3,-0.296753,-0.255072,0.093,0
630,566,2,10,0,-1,14.9456,19.8172,1,-0.488266,0.125251,0.09,1
630,566,2,10,1,0,13.9219,20.0514,4,-0.527236,-0.0146195,0.09,1
630,566,2,10,2,1,14.6126,18.7798,3,-0.388809,0.0743357,0.09,1
630,566,2,10,3,1,15.0047,20.7669,3,-0.643772,0.192938,0.09,1
630,567,2,11,0,-1,-1.21024,8.36191,1,-0.0201734,-0.129331,0.092,0
630,567,2,11,1,0,-0.323031,8.9209,4,-0.00674397,-0.126324,0.092,0
630,567,2,11,2,1,-1.68464,9.23262,3,0.0166476,-0.0845967,0.092,0
630,570,2,15,0,-1,13.9165,4.69436,1,-0.305933,-0.393155,0.091,0
630,571,2,14,0,-1,12.7021,12.832,1,-0.0425271,0.0577958,0.09,0
630,571,2,14,1,0,12.5995,11.7653,4,-0.374136,0.0961303,0.09,0
630,571,2,14,2,1,13.8771,12.3106,3,-0.0572723,-0.609413,0.09,0
630,573,2,12,0,-1,10.5764,-10.323,1,-0.313694,-0.113337,0.094,1
630,573,2,12,1,0,10.1375,-11.3076,4,0.0252424,-0.260511,0.094,1
630,573,2,12,2,1,11.5294,-10.9499,3,-0.146327,0.510973,0.094,1
630,573,2,12,3,1,9.59586,-10.1255,3,-0.394874,-0.459772,0.094,1
630,575,2,12,0,-1,-7.43661,-10.4443,1,-0.404771,0.54064,0.095,1
630,575,2,12,1,0,-8.16226,-9.68214,4,-0.0674565,0.796338,0.095,1
630,575,2,12,2,1,-8.0703,-11.0943,3,-0.346999,0.740763,0.095,1
630,575,2,12,3,1,-6.84359,-9.42271,3,0.165719,1.46916,0.095,1
630,576,2,15,0,-1,-5.66526,-8.88873,1,-0.453123,0.689283,0.09,0
630,578,17,13,0,-1,-8.81131,-13.5295,1,-0.206669,0.196216,0.118,0
630,578,17,13,1,0,-9.79642,-13.1838,4,-0.305509,-0.0496727,0.118,0
630,578,17,13,2,1,-9.17355,-14.4462,3,-0.512043,-0.165812,0.118,0
630,578,17,13,3,0,-8.34731,-15.3047,1,1.0215,0.582191,0.118,0
630,579,2,12,0,-1,8.00296,12.9463,1,-0.657904,0.895206,0.091,1
630,579,2,12,1,0,8.92252,12.6383,4,-0.482848,0.144275,0.091,1
630,579,2,12,2,1,7.78911,13.5536,3,-0.0642471,0.870099,0.091,1
630,579,2,12,3,1,7.60293,12.3292,2,0.0396925,-0.747537,0.091,1
630,581,2,16,0,-1,-2.19878,-6.25143,1,0.0950098,0.325672,0.09,0
630,582,2,13,0,-1,10.8332,-9.52946,1,-0.158804,-0.165574,0.093,0
630,582,2,13,1,0,11.8324,-9.15835,4,0.0219672,-0.681039,0.093,0
630,582,2,13,2,1,10.7126,-8.22871,3,0.522064,-0.0542964,0.093,0
630,583,2,13,0,-1,16.0556,-9.95414,1,-0.32317,0.139232,0.091,0
630,583,2,13,1,0,16.9844,-10.3855,4,-0.325937,0.0612342,0.091,0
630,583,2,13,2,1,16.5046,-9.08778,3,-0.10178,0.139769,0.091,0
630,585,2,13,0,-1,-6.83814,-10.9638,1,-0.451362,0.603646,0.094,0
630,585,2,13,1,0,-5.86381,-10.5648,4,-0.395103,0.500134,0.094,0
630,585,2,13,2,1,-7.00934,-9.67152,3,-1.09075,-0.0813797,0.094,0
630,589,2,12,0,-1,12.31,-11.8636,1,-0.0948604,-0.212026,0.094,0
630,590,17,12,0,-1,-13.0749,-13.8029,1,-0.378376,-0.398903,0.118,0
660,298,3,5,0,-1,-8.76708,18.7439,1,0.491347,0.213443,0.335,1
660,298,3,5,4,0,-7.949,17.8389,0,0.280964,0.00782787,0.335,1
660,298,3,5,5,4,-7.38622,16.7829,0,0.272893,-0.0715172,0.335,1
660,298,3,5,6,5,-6.30091,16.2464,0,0.309707,-0.170483,0.335,1
660,298,3,5,7,6,-5.64248,15.2102,0,0.38009,-0.198973,0.335,1
660,298,3,5,8,7,-4.50693,14.4864,0,0.337349,-0.332409,0.335,1
660,454,2,12,0,-1,12.6658,-11.2764,1,-0.28737,0.325107,0.091,1
660,454,2,12,1,0,11.8282,-10.6232,4,-0.753662,-0.440719,0.091,1
660,454,2,12,2,1,11.7059,-11.9802,3,-0.535307,-0.442039,0.091,1
660,454,2,12,3,1,13.1404,-10.4075,3,-0.863026,-0.167062,0.091,1
660,456,3,6,0,-1,-9.15609,-3.24022,1,-0.151637,-0.203742,0.336,1
660,456,3,6,1,0,-8.79327,-4.16532,4,-0.296058,-0.233938,0.336,1
660,456,3,6,2,1,-8.14038,-3.02858,3,-0.190527,-0.34533,0.336,1
660,456,3,6,3,1,-10.0919,-3.75692,3,-0.168627,0.116766,0.336,1
660,456,3,6,4,0,-9.3995,-2.02968,0,0.0486171,-0.165874,0.336,1
660,456,3,6,5,4,-8.89826,-0.925945,0,-0.121626,-0.107245,0.336,1
660,456,3,6,6,5,-8.70385,0.282417,0,-0.156152,-0.131056,0.336,1
660,456,3,6,7,6,-7.97329,1.29119,0,-0.0579527,-0.225652,0.336,1
660,456,3,6,8,7,-7.83715,2.63674,0,-0.0287644,-0.24228,0.336,1
660,475,2,13,0,-1,14.361,13.133,1,0.307131,-0.186315,0.091,1
660,475,2,13,1,0,15.3118,12.7877,4,0.358266,-0.0519516,0.091,1
660,475,2,13,2,1,14.675,14.0636,3,0.193748,-0.132384,0.091,1
660,475,2,13,3,1,14.1349,12.3544,3,0.41745,-0.205474,0.091,1
660,482,17,11,0,-1,-20.1234,-6.67496,1,-0.0985693,0.323021,0.119,1
660,482,17,11,1,0,-20.096,-5.61664,4,0.073948,0.313978,0.119,1
660,482,17,11,2,1,-21.1871,-6.47677,3,-0.0311553,0.442358,0.119,1
660,482,17,11,3,0,-21.4172,-7.96979,1,-0.353818,0.579321,0.119,1
660,482,17,11,4,1,-19.2617,-6.62549,3,-0.0556209,0.205677,0.119,1
660,502,2,11,0,-1,-3.08729,4.36395,1,0.0202233,0.0749012,0.091,1
660,502,2,11,1,0,-3.16133,3.32106,4,-0.121878,0.0855092,0.091,1
660,502,2,11,2,1,-2.02851,4.2144,3,-0.0127444,-0.0539195,0.091,1
660,511,2,11,0,-1,10.7597,-12.1318,1,-0.388722,-0.238981,0.093,1
660,511,2,11,1,0,10.0217,-13.0205,4,-0.314223,-0.287723,0.093,1
660,511,2,11,2,1,11.4767,-12.9382,3,-0.584707,-0.720222,0.093,1
660,511,2,11,3,1,9.97351,-11.7373,3,-0.410138,-0.526174,0.093,1
660,512,2,13,0,-1,-4.71735,-11.2343,1,-0.252177,0.167081,0.092,1
660,512,2,13,1,0,-5.68102,-10.8094,4,-0.268899,0.128406,0.092,1
660,512,2,13,2,1,-5.20158,-12.1219,3,-0.208802,0.158674,0.092,1
660,512,2,13,3,1,-4.48011,-10.4494,3,-0.271005,0.161898,0.092,1
660,521,2,11,0,-1,-7.16279,-11.5561,1,-0.109678,0.47316,0.094,1
660,521,2,11,1,0,-7.99679,-10.915,4,-0.315285,0.227532,0.094,1
660,521,2,11,2,1,-7.96038,-12.3454,3,0.00512203,0.260174,0.094,1
660,521,2,11,3,1,-6.69448,-10.7184,3,-0.384095,0.52484,0.094,1
660,529,2,14,0,-1,-6.53073,-0.933067,1,0.0482737,-0.335426,0.091,1
660,529,2,14,1,0,-5.58081,-1.23651,4,0.209425,0.0768198,0.091,1
660,529,2,14,2,1,-6.20852,0.0446331,3,-0.343327,-0.203154,0.091,1
660,529,2,14,3,1,-6.79784,-1.67479,3,0.458081,-0.567813,0.091,1
660,543,2,12,0,-1,-2.98945,5.15832,1,0.0998309,0.0647874,0.092,0
660,547,3,6,0,-1,-8.53064,11.0706,1,-0.37886,-0.547487,0.334,1
660,547,3,6,1,0,-7.84566,10.2827,4,-0.747616,-0.778697,0.334,1
660,547,3,6,2,1,-7.30815,11.4641,3,-0.573266,-0.900608,0.334,1
660,547,3,6,3,1,-9.11358,10.6139,3,-0.650505,-0.418229,0.334,1
660,547,3,6,4,0,-9.41819,11.935,0,-0.104826,-0.307463,0.334,1
660,547,3,6,5,4,-10.3761,12.729,0,0.150216,-0.21623,0.334,1
660,547,3,6,6,5,-11.6139,12.5036,0,0.224961,0.0552947,0.334,1
660,547,3,6,7,6,-12.8856,12.5859,0,0.37746,0.217402,0.334,1
660,547,3,6,8,7,-14.2071,12.1848,0,0.478572,0.183687,0.334,1
660,556,2,11,0,-1,4.47682,2.25768,1,0.313231,-0.200242,0.09,1
660,556,2,11,1,0,5.49893,2.51592,4,0.179559,0.344369,0.09,1
660,556,2,11,2,1,4.25228,3.23719,3,-0.138737,-0.193181,0.09,1
660,556,2,11,3,1,4.82504,1.40085,3,0.803231,-0.0386502,0.09,1
660,557,3,7,0,-1,-9.7964,-2.79219,1,0.0596586,0.102248,0.336,0
660,557,3,7,1,0,-10.6692,-3.26056,4,-0.0469925,0.105088,0.336,0
660,557,3,7,2,1,-9.49582,-3.92165,3,-0.293647,-0.286152,0.336,0
660,557,3,7,3,1,-10.1686,-2.04336,3,-0.18151,0.115087,0.336,0
660,557,3,7,4,0,-8.62648,-2.35921,0,0.151623,-0.0966643,0.336,0
660,557,3,7,5,4,-7.339,-2.43101,0,0.0787948,-0.561662,0.336,0
660,558,17,12,0,-1,-13.7656,-7.95477,1,-0.047302,0.0165485,0.119,1
660,558,17,12,1,0,-13.4331,-8.94837,4,-0.159554,-0.0454228,0.119,1
660,558,17,12,2,1,-12.6914,-7.78699,3,0.00325618,-0.173099,0.119,1
660,558,17,12,3,0,-12.9828,-6.3131,1,0.0298119,-0.0285177,0.119,1
660,558,17,12,4,1,-14.541,-8.24815,3,-0.054495,0.111081,0.119,1
660,559,2,12,0,-1,1.60811,-12.2018,1,0.450155,-0.62001,0.093,1
660,559,2,12,1,0,1.8569,-13.2085,4,0.0616796,-0.712936,0.093,1
660,559,2,12,2,1,2.79915,-12.1266,3,0.359541,-0.942147,0.093,1
660,559,2,12,3,1,0.676061,-12.5311,3,0.322334,-0.23551,0.093,1
660,561,2,15,0,-1,5.4421,-2.84275,1,0.316061,0.318014,0.09,1
660,561,2,15,1,0,6.39659,-3.21588,4,0.278198,0.140097,0.09,1
660,561,2,15,2,1,6.19242,-1.78414,3,0.814867,0.202419,0.09,1
660,561,2,15,3,1,5.16842,-3.56787,3,0.172573,0.517932,0.09,1
660,562,2,14,0,-1,-0.0349854,-17.4326,1,0.622454,0.0137314,0.093,1
660,562,2,14,1,0,1.00257,-17.4994,4,0.728102,0.47744,0.093,1
660,562,2,14,2,1,0.263818,-16.2693,3,0.584987,0.25633,0.093,1
660,562,2,14,3,1,-0.0245332,-18.2205,3,0.841858,0.306458,0.093,1
660,571,2,14,0,-1,14.0098,10.5103,1,0.0718561,-0.145297,0.09,1
660,571,2,14,1,0,14.5773,9.63189,4,-0.0479078,-0.235156,0.09,1
660,571,2,14,2,1,15.1047,10.945,3,0.379121,-0.40259,0.09,1
660,571,2,14,3,1,13.3877,10.0128,3,-0.0489988,-0.275212,0.09,1
660,573,2,12,0,-1,1.76148,-8.74999,1,-0.485007,0.310742,0.094,1
660,573,2,12,1,0,1.18076,-7.85419,4,-0.145998,0.397644,0.094,1
660,573,2,12,2,1,0.334317,-9.05481,3,-0.0754348,0.258406,0.094,1
660,573,2,12,3,1,2.49498,-7.98396,3,-0.149723,-0.112252,0.094,1
660,575,2,12,0,-1,-13.9125,-3.82043,1,-0.0745259,0.103426,0.095,1
660,575,2,12,1,0,-13.4919,-4.79556,4,-0.317162,-0.0135135,0.095,1
660,575,2,12,2,1,-12.7149,-3.56105,3,-0.159349,-0.126531,0.095,1
660,575,2,12,3,1,-14.6605,-4.23656,3,-0.187783,0.259531,0.095,1
660,576,2,15,0,-1,-6.10782,-1.61426,1,0.422991,-0.0795258,0.09,0
660,576,2,15,1,0,-5.85738,-0.633478,4,0.0769825,0.00846758,0.09,0
660,578,17,13,0,-1,-11.7032,-5.21981,1,-0.093859,-0.0891424,0.118,1
660,578,17,13,1,0,-12.6369,-4.72336,4,-0.179385,-0.265925,0.118,1
660,578,17,13,2,1,-12.2233,-6.0462,3,0.0290485,-0.239286,0.118,1
660,578,17,13,3,0,-11.3022,-7.01223,1,0.242789,-0.0172364,0.118,1
660,578,17,13,4,1,-11.3914,-4.32184,3,-0.233906,-0.0712686,0.118,1
660,581,2,16,0,-1,5.95006,-3.28111,1,0.382285,0.183615,0.09,1
660,581,2,16,1,0,6.88565,-2.80732,4,0.550524,-0.120659,0.09,1
660,581,2,16,2,1,5.61905,-2.14332,3,0.786578,0.300304,0.09,1
660,581,2,16,3,1,6.44498,-3.99761,3,0.112888,0.0569136,0.09,1
660,582,2,13,0,-1,10.5647,-6.6717,1,-0.314674,0.0707649,0.093,1
660,582,2,13,1,0,9.60375,-6.24139,4,-0.321018,0.00616255,0.093,1
660,582,2,13,2,1,10.0299,-7.61657,3,-0.269312,0.0166215,0.093,1
660,582,2,13,3,1,10.8946,-5.77309,3,-0.495452,0.477513,0.093,1
660,583,2,13,0,-1,14.2768,-15.0976,1,0.0862092,-0.759089,0.091,1
660,583,2,13,1,0,15.2807,-15.4344,4,0.481697,-0.0625671,0.091,1
660,583,2,13,2,1,15.1357,-14.0104,3,-0.340475,-0.25789,0.091,1
660,583,2,13,3,1,14.1278,-16.0423,3,1.00865,-0.768717,0.091,1
660,585,2,13,0,-1,-9.08041,-5.74449,1,0.0451393,-0.204428,0.094,1
660,585,2,13,1,0,-9.2879,-4.72221,4,-0.0349683,-0.25118,0.094,1
660,585,2,13,2,1,-10.2832,-5.75901,3,0.348946,-0.563582,0.094,1
660,585,2,13,3,1,-8.20061,-5.43716,3,-0.256932,-0.570047,0.094,1
660,589,2,12,0,-1,13.3087,-9.65861,1,-0.282394,0.152164,0.094,1
660,589,2,12,1,0,12.6606,-8.87144,4,0.00640711,0.49785,0.094,1
660,589,2,12,2,1,12.3063,-10.288,3,-0.0544139,0.737971,0.094,1
660,589,2,12,3,1,13.9594,-9.12622,3,-0.121652,-0.020364,0.094,1
660,590,17,12,0,-1,-12.6961,-9.64564,1,0.0116303,-0.13713,0.118,1
660,590,17,12,1,0,-12.7053,-8.60511,4,-0.0383802,-0.128371,0.118,1
660,590,17,12,2,1,-13.6915,-9.63375,3,-0.0755723,-0.0711613,0.118,1
660,590,17,12,3,0,-14.1724,-10.7096,1,-0.006773,-0.10226,0.118,1
660,590,17,12,4,1,-11.7669,-9.50684,3,-0.0136032,-0.0843945,0.118,1
660,595,2,12,0,-1,6.33163,0.0566117,1,0.0642361,-0.574898,0.091,1
660,595,2,12,1,0,5.21872,-0.0297235,4,0.0186253,0.0461866,0.091,1
660,595,2,12,2,1,6.24737,-1.00098,3,-0.611534,-0.604491,0.091,1
660,595,2,12,3,1,5.65965,1.22536,3,0.909586,-0.288302,0.091,1
660,597,22,15,0,-1,14.3061,11.2571,1,0.192244,-0.175699,0.115,0
660,597,22,15,1,0,13.0239,11.7038,1,0.176148,-0.175042,0.115,0
660,597,22,15,2,0,13.3431,10.9574,4,0.156581,-0.160144,0.115,0
660,597,22,15,3,2,14.6369,10.3598,3,0.120247,-0.194809,0.115,0
660,599,2,13,0,-1,-13.1815,-4.11188,1,-0.173361,-0.159292,0.094,0
660,599,2,13,1,0,-12.1331,-4.06887,4,-0.199245,-0.161205,0.094,0
660,600,2,14,0,-1,15.0891,13.4839,1,0.243679,-0.0712235,0.092,0
660,603,2,15,0,-1,-0.352296,-16.7236,1,0.347219,-0.151025,0.092,0
660,603,2,15,1,0,0.680412,-16.9492,4,0.066834,-0.618631,0.092,0
660,603,2,15,2,1,-0.0552724,-15.7345,3,0.607622,-0.372926,0.092,0
660,605,17,13,0,-1,-12.5017,-10.4252,1,0.0677705,-0.135787,0.119,0
660,605,17,13,1,0,-13.347,-11.0495,4,0.0295277,-0.11514,0.119,0
660,605,17,13,2,1,-11.973,-11.2431,3,0.012079,-0.0607905,0.119,0
660,605,17,13,3,0,-10.7108,-10.7845,1,0.0850877,-0.1419,0.119,0
660,607,3,6,0,-1,-9.13693,19.4112,1,0.456723,0.187956,0.334,0
660,607,3,6,1,0,-8.15349,19.0989,4,0.475445,0.234397,0.334,0
660,607,3,6,2,1,-8.60944,20.3155,3,0.368176,0.187193,0.334,0
660,607,3,6,3,1,-9.28789,18.3728,3,0.502409,0.192228,0.334,0
660,609,17,14,0,-1,-11.4179,-5.97215,1,-0.0753013,-0.0756929,0.119,0
660,609,17,14,1,0,-12.0365,-6.82423,4,0.230228,-0.297683,0.119,0
660,609,17,14,2,1,-10.6465,-6.56106,3,0.135391,0.230655,0.119,0
660,611,3,7,0,-1,-9.41125,11.2179,1,-0.287807,-0.404743,0.335,0
660,611,3,7,1,0,-10.2353,10.5022,4,-0.222318,-0.481171,0.335,0
660,611,3,7,2,1,-9.14124,9.84142,3,-0.170472,-0.377131,0.335,0
660,611,3,7,3,1,-10.5617,11.6909,3,-0.234472,-0.496147,0.335,0
660,611,3,7,4,0,-8.5981,12.1997,0,-0.202692,-0.414192,0.335,0
660,611,3,7,5,4,-8.18427,13.4461,0,0.113822,-0.429038,0.335,0
660,611,3,7,6,5,-8.53172,14.7083,0,0.215999,-0.365996,0.335,0
660,611,3,7,7,6,-8.32626,15.9843,0,0.307317,-0.373571,0.335,0
660,612,17,13,0,-1,-14.2554,-7.32099,1,-0.0721247,0.02913,0.119,0
660,612,17,13,1,0,-14.8638,-6.47096,4,0.00603988,0.101309,0.119,0
660,613,2,13,0,-1,1.22154,-12.9278,1,0.155336,-0.440856,0.092,0
660,613,2,13,1,0,0.31807,-13.4812,4,-0.166482,0.101171,0.092,0
660,613,2,13,2,1,1.67983,-13.9746,3,-0.435039,-0.658092,0.092,0
660,615,2,14,0,-1,-3.95199,-11.4812,1,-0.284701,0.064266,0.093,0
660,616,2,13,0,-1,0.98777,-8.69043,1,-0.538652,0.429302,0.094,0
660,617,2,17,0,-1,6.21952,-2.52055,1,0.551749,0.134306,0.091,0
660,617,2,17,1,0,6.96516,-1.86816,4,0.739872,-0.0637313,0.091,0
660,620,2,14,0,-1,11.2688,-7.06568,1,-0.340027,-0.0716327,0.092,0
660,620,2,14,1,0,12.2915,-6.84083,4,-0.334585,-0.139963,0.092,0
660,620,2,14,2,1,10.9522,-6.31012,3,-0.247959,-0.14804,0.092,0
660,621,2,14,0,-1,14.9641,-14.7639,1,0.0413075,-0.626366,0.092,0
660,622,2,13,0,-1,12.5105,-9.6265,1,-0.327772,0.696364,0.094,0
660,623,2,13,0,-1,7.17766,-0.145483,1,0.0625556,-0.293732,0.092,0
660,623,2,13,1,0,7.9594,-0.8957,4,0.295997,-0.00275105,0.092,0
660,625,2,12,0,-1,10.6049,-12.8056,1,0.540545,-0.728942,0.094,0
690,298,3,5,0,-1,-2.41628,19.9215,1,0.00180641,-0.00022782,0.335,1
690,298,3,5,4,0,-2.78095,18.7259,0,0.000136558,0.000139764,0.335,1
690,298,3,5,5,4,-3.41168,17.611,0,-0.000899736,0.000761193,0.335,1
690,298,3,5,6,5,-3.50257,16.3333,0,-0.00105678,0.000736453,0.335,1
690,298,3,5,7,6,-4.12641,15.2145,0,-0.000184666,0.000262946,0.335,1
690,298,3,5,8,7,-4.27883,13.8492,0,0.00150588,1.66502e-05,0.335,1
690,454,2,12,0,-1,2.21755,-12.5848,1,-0.00693926,-0.561807,0.091,1
690,454,2,12,1,0,1.64229,-13.4365,4,-0.514975,-0.237089,0.091,1
690,454,2,12,2,1,3.03946,-13.3765,3,-0.472865,-1.10806,0.091,1
690,454,2,12,3,1,1.40789,-12.1416,3,0.0839253,-0.123765,0.091,1
690,456,3,6,0,-1,-11.2297,-4.79538,1,-0.000467868,6.84812e-05,0.336,1
690,475,2,13,0,-1,11.9157,16.3842,1,0.183041,0.29063,0.091,1
690,475,2,13,1,0,11.9191,17.4054,4,0.423712,0.303262,0.091,1
690,475,2,13,2,1,10.8729,16.4698,3,-0.290125,1.06881,0.091,1
690,475,2,13,3,1,12.7773,16.4904,3,0.286114,0.156497,0.091,1
690,521,2,11,0,-1,-10.5375,-8.35121,1,-0.569596,0.151598,0.094,1
690,521,2,11,1,0,-11.5935,-8.24522,4,-0.489214,0.767531,0.094,1
690,521,2,11,2,1,-10.9788,-9.55936,3,-1.18007,0.329002,0.094,1
690,521,2,11,3,1,-10.7077,-7.25323,3,0.178083,0.176169,0.094,1
690,547,3,6,0,-1,-20.984,3.42647,1,-0.184661,-0.319111,0.334,1
690,547,3,6,1,0,-21.4187,2.49952,4,-0.109447,-0.349931,0.334,1
690,547,3,6,2,1,-20.1539,2.81404,3,-0.140487,-0.23659,0.334,1
690,547,3,6,3,1,-21.759,3.7564,3,-0.218502,-0.340335,0.334,1
690,547,3,6,4,0,-20.3481,4.52054,0,-0.202772,-0.311058,0.334,1
690,547,3,6,5,4,-19.3799,5.39982,0,-0.229731,-0.299262,0.334,1
690,547,3,6,6,5,-18.7316,6.52605,0,-0.294137,-0.275793,0.334,1
690,547,3,6,7,6,-17.6219,7.19117,0,-0.320252,-0.248923,0.334,1
690,547,3,6,8,7,-16.7451,8.256,0,-0.345645,-0.233269,0.334,1
690,556,2,11,0,-1,9.60347,16.1188,1,-0.5665,0.332422,0.09,1
690,556,2,11,1,0,8.86661,16.882,4,-0.401288,0.532825,0.09,1
690,556,2,11,2,1,8.65472,15.4698,3,-0.456669,0.568672,0.09,1
690,556,2,11,3,1,10.1764,16.946,3,-0.413173,0.433621,0.09,1
690,558,17,12,0,-1,-16.1592,-10.8473,1,0.120531,0.138345,0.119,1
690,558,17,12,3,0,-17.813,-11.6185,1,0.0540366,0.325081,0.119,1
690,559,2,12,0,-1,0.00149389,-19.9603,1,0.748201,-0.290148,0.093,1
690,559,2,12,1,0,0.949424,-19.5033,4,0.497744,0.257894,0.093,1
690,559,2,12,2,1,-0.365614,-18.8907,3,0.158673,-0.472802,0.093,1
690,559,2,12,3,1,0.581166,-20.7628,3,1.23355,0.0394818,0.093,1
690,561,2,15,0,-1,10.6966,-5.32477,1,0.0615628,0.5057,0.09,1
690,561,2,15,1,0,10.7144,-4.26962,4,-0.000188985,0.494632,0.09,1
690,561,2,15,2,1,9.41678,-4.82705,3,0.0532515,0.402879,0.09,1
690,561,2,15,3,1,11.5117,-5.25368,3,0.021389,0.488664,0.09,1
690,562,2,14,0,-1,2.36664,-15.4675,1,-0.441485,-0.769992,0.093,1
690,562,2,14,1,0,2.67304,-16.4822,4,0.263614,-0.553902,0.093,1
690,562,2,14,2,1,3.50021,-15.3359,3,-0.521658,0.0248581,0.093,1
690,562,2,14,3,1,1.55844,-15.8954,3,-0.156697,-1.30524,0.093,1
690,571,2,14,0,-1,12.6904,6.34288,1,0.230119,0.243464,0.09,1
690,571,2,14,1,0,13.6231,5.97729,4,0.119625,-0.0367466,0.09,1
690,571,2,14,2,1,13.0057,7.23944,3,0.490472,0.144451,0.09,1
690,571,2,14,3,1,12.4483,5.41981,3,-0.0598278,0.331291,0.09,1
690,573,2,12,0,-1,-0.0576736,-9.952,1,-0.193579,0.144277,0.094,1
690,573,2,12,1,0,-0.0692758,-8.90063,4,0.175176,0.154729,0.094,1
690,573,2,12,2,1,-1.25449,-9.7763,3,-0.0844757,0.514714,0.094,1
690,578,17,13,0,-1,-10.4666,-12.7459,1,0.687276,0.020458,0.118,1
690,578,17,13,1,0,-9.57103,-12.2027,4,0.409551,0.416179,0.118,1
690,578,17,13,2,1,-11.0185,-12.0642,3,0.504959,-0.132459,0.118,1
690,578,17,13,3,0,-11.7878,-11.4855,1,0.456035,-0.416557,0.118,1
690,578,17,13,4,1,-9.79647,-13.4615,3,0.757222,0.383008,0.118,1
690,581,2,16,0,-1,10.8694,-4.78128,1,0.0423959,0.530598,0.09,1
690,581,2,16,1,0,10.0662,-4.17829,4,-0.043693,0.425657,0.09,1
690,581,2,16,2,1,10.0022,-5.60662,3,0.138189,0.419152,0.09,1
690,581,2,16,3,1,11.3611,-4.10316,3,-0.0701575,0.7092,0.09,1
690,582,2,13,0,-1,7.03204,-4.94465,1,0.19031,0.275743,0.093,1
690,582,2,13,1,0,7.45885,-3.97665,4,0.00280985,0.35435,0.093,1
690,582,2,13,2,1,6.01014,-4.22392,3,0.0231161,0.236366,0.093,1
690,582,2,13,3,1,7.8967,-5.28095,3,0.26502,0.43061,0.093,1
690,590,17,12,0,-1,-18.6246,-16.8716,1,-0.129816,-0.155616,0.118,1
690,590,17,12,1,0,-19.6369,-17.2156,4,-0.151088,-0.0944683,0.118,1
690,590,17,12,2,1,-18.4638,-17.9493,3,-0.193989,-0.168226,0.118,1
690,590,17,12,3,0,-16.9356,-17.5982,1,-0.163119,-0.239855,0.118,1
690,590,17,12,4,1,-19.0201,-16.0645,3,-0.0969293,-0.12289,0.118,1
690,595,2,12,0,-1,-0.246101,5.22826,1,-0.238517,-0.622122,0.091,1
690,595,2,12,1,0,-0.697237,4.27612,4,-0.734274,-0.396055,0.091,1
690,595,2,12,2,1,0.713101,4.56041,3,-0.549017,-1.26335,0.091,1
690,595,2,12,3,1,-1.1913,5.50062,3,-0.149129,-0.15419,0.091,1
690,597,22,15,0,-1,12.5427,12.7046,1,0.292299,0.0504652,0.115,1
690,597,22,15,1,0,13.8795,12.5458,1,0.3227,0.291104,0.115,1
690,597,22,15,2,0,13.4344,13.253,4,0.197167,0.156857,0.115,1
690,597,22,15,3,2,12.0905,13.6472,3,0.117591,-0.127065,0.115,1
690,597,22,15,4,2,13.0951,12.0786,3,0.369253,0.0624285,0.115,1
690,600,2,14,0,-1,11.979,15.5776,1,-0.463653,0.212182,0.092,0
690,603,2,15,0,-1,0.513922,-6.32451,1,-0.273775,-0.0536484,0.092,1
690,603,2,15,1,0,-0.472163,-6.66488,4,-0.120318,-0.402939,0.092,1
690,603,2,15,2,1,0.848404,-7.1202,3,-0.0770401,-0.317524,0.092,1
690,603,2,15,3,1,0.283752,-5.65436,3,-0.282278,-0.29163,0.092,1
690,605,17,13,0,-1,-17.8199,-16.8031,1,-0.125615,-0.21178,0.119,0
690,605,17,13,1,0,-17.6732,-17.8414,4,-0.183596,-0.22123,0.119,0
690,605,17,13,2,1,-16.7844,-16.7568,3,-0.205683,-0.205432,0.119,0
690,605,17,13,3,0,-16.6707,-15.3844,1,0.0447841,-0.350886,0.119,0
690,609,17,14,0,-1,-11.3167,-10.3655,1,-0.0538911,-0.044933,0.119,1
690,609,17,14,1,0,-11.5485,-9.34957,4,-0.316894,-0.259733,0.119,1
690,609,17,14,2,1,-12.5643,-10.2859,3,0.482531,-0.908843,0.119,1
690,609,17,14,3,0,-11.9069,-12.1388,1,0.0545969,0.0693254,0.119,1
690,609,17,14,4,1,-11.2143,-10.7172,3,0.874656,-0.132204,0.119,1
690,611,3,7,0,-1,-10.8882,9.17838,1,0.259834,-0.524586,0.335,1
690,611,3,7,1,0,-11.0849,8.08285,4,0.347251,-0.550749,0.335,1
690,611,3,7,2,1,-9.85614,8.35358,3,0.389458,-0.647927,0.335,1
690,611,3,7,3,1,-11.9697,8.95164,3,0.0765545,-0.854943,0.335,1
690,611,3,7,4,0,-11.0022,10.4492,0,0.223814,-0.525064,0.335,1
690,611,3,7,5,4,-11.4408,11.7473,0,0.251912,-0.554848,0.335,1
690,611,3,7,6,5,-12.49,12.6245,0,0.36768,-0.43222,0.335,1
690,611,3,7,7,6,-13.3413,13.6724,0,0.651733,-0.195735,0.335,1
690,611,3,7,8,7,-14.6292,14.2672,0,0.870117,0.292592,0.335,1
690,613,2,13,0,-1,-6.89446,-18.9284,1,-0.260748,-0.536407,0.092,1
690,613,2,13,1,0,-7.7457,-19.5678,4,-0.391715,-0.365156,0.092,1
690,613,2,13,2,1,-6.35987,-19.8941,3,-0.419451,-0.441362,0.092,1
690,613,2,13,3,1,-7.54249,-18.2767,3,-0.299735,-0.361991,0.092,1
690,616,2,13,0,-1,-0.6263,-9.40057,1,0.0242434,0.383747,0.094,0
690,617,2,17,0,-1,10.0763,-4.93728,1,0.0510877,0.434701,0.091,0
690,617,2,17,1,0,9.27235,-5.56767,4,0.161025,0.293052,0.091,0
690,620,2,14,0,-1,14.4329,-8.37525,1,0.449864,-0.575646,0.092,1
690,620,2,14,1,0,13.3683,-8.63917,4,0.231128,0.281336,0.092,1
690,620,2,14,2,1,14.5702,-9.46972,3,-0.482849,-0.834175,0.092,1
690,620,2,14,3,1,13.9942,-7.41408,3,1.02628,-0.150884,0.092,1
690,623,2,13,0,-1,15.244,10.1569,1,0.197167,0.424659,0.092,1
690,623,2,13,1,0,16.2427,10.4866,4,0.31067,0.0748071,0.092,1
690,623,2,13,2,1,15.0417,11.2807,3,0.599463,0.5237,0.092,1
690,623,2,13,3,1,15.7193,9.23403,3,-0.0842669,0.234312,0.092,1
690,626,2,15,0,-1,13.7348,-8.18931,1,0.575059,-0.138553,0.091,0
690,626,2,15,1,0,13.821,-9.30055,4,-0.129537,-0.238283,0.091,0
690,626,2,15,2,1,15.1394,-8.75107,3,0.327403,-1.03417,0.091,0
690,627,2,13,0,-1,12.5052,-9.6409,1,-0.182968,0.79556,0.092,1
690,627,2,13,1,0,11.9044,-8.79351,4,-0.688237,0.501485,0.092,1
690,627,2,13,2,1,11.5977,-10.1637,3,0.224639,0.296239,0.092,1
690,627,2,13,3,1,13.1027,-9.17887,3,-0.696896,0.654495,0.092,1
690,629,23,16,0,-1,12.2103,11.9483,1,0.278163,0.0804268,0.09,0
690,629,23,16,1,0,10.9642,11.3699,1,0.0210504,0.676062,0.09,0
690,629,23,16,2,0,11.6675,11.0777,4,-0.104839,0.316848,0.09,0
690,629,23,16,3,2,13.0536,11.246,3,-0.0708954,-0.0504798,0.09,0
690,630,3,8,0,-1,-10.0927,9.44639,1,0.239304,-0.489518,0.336,0
690,630,3,8,1,0,-9.07589,9.8991,4,0.24263,-0.461294,0.336,0
690,630,3,8,2,1,-9.98989,10.7712,3,0.156275,-0.554562,0.336,0
690,630,3,8,3,1,-9.58905,8.84113,3,0.197877,-0.439217,0.336,0
690,630,3,8,4,0,-11.2459,8.80423,0,0.1944,-0.462471,0.336,0
690,630,3,8,5,4,-12.4375,8.25653,0,-0.0053265,-0.149678,0.336,0
690,630,3,8,6,5,-13.1676,7.18525,0,-0.383538,0.0650965,0.336,0
690,634,2,14,0,-1,6.72844,-4.21988,1,0.0181286,0.190245,0.092,0
690,634,2,14,1,0,6.28445,-3.35467,4,0.210071,0.28538,0.092,0
690,635,24,13,0,-1,-0.887751,-4.64435,1,-0.302667,-0.173897,0.066,1
690,635,24,13,1,0,-0.465146,-5.82,4,-0.639955,-0.317054,0.066,1
690,635,24,13,2,0,-1.10118,-5.66596,4,-0.601811,-0.108387,0.066,1
690,635,24,13,3,2,0.102473,-4.85008,3,-0.203709,-0.639253,0.066,1
690,635,24,13,4,2,-1.75477,-4.54523,3,-0.408467,-0.0308551,0.066,1
690,636,25,12,0,-1,2.69605,3.79277,1,-0.0025902,-0.631861,0.115,1
690,636,25,12,1,0,1.65023,4.44397,1,-0.203568,-0.887893,0.115,1
690,636,25,12,2,0,2.47497,2.74537,4,0.368278,-0.733894,0.115,1
690,636,25,12,3,2,3.65677,3.56606,3,0.251898,-0.557621,0.115,1
690,636,25,12,4,2,1.63043,3.71955,3,0.173277,-0.928282,0.115,1
690,637,2,15,0,-1,12.9564,5.60307,1,0.016909,0.162621,0.089,0
690,637,2,15,1,0,12.0164,6.10489,4,0.15805,0.428092,0.089,0
690,637,2,15,2,1,12.0676,4.71556,3,-0.211094,0.409145,0.089,0
690,639,3,7,0,-1,-20.227,3.71089,1,-0.181788,-0.328215,0.334,0
690,639,3,7,1,0,-19.5235,4.42919,4,-0.183976,-0.328158,0.334,0
690,641,2,14,0,-1,15.9894,0.369718,1,0.343259,-0.251018,0.092,1
690,641,2,14,1,0,16.9841,0.0299711,4,0.364581,-0.181002,0.092,1
690,641,2,14,2,1,16.4885,1.37963,3,0.271799,-0.216284,0.092,1
690,641,2,14,3,1,15.8106,-0.64498,3,0.395084,-0.238292,0.092,1
690,643,2,14,0,-1,-6.15217,-14.3963,1,-0.31188,-0.00925604,0.091,1
690,643,2,14,1,0,-7.18966,-14.2478,4,-0.298987,0.0326976,0.091,1
690,643,2,14,2,1,-6.37133,-15.4325,3,-0.179875,0.112555,0.091,1
690,643,2,14,3,1,-6.14174,-13.4635,3,-0.303828,0.0436225,0.091,1
690,645,25,13,0,-1,5.60331,6.08967,1,0.456375,-0.646393,0.114,1
690,645,25,13,1,0,4.64306,6.90273,1,1.12444,0.0317335,0.114,1
690,645,25,13,2,0,5.27408,5.0432,4,-0.339355,-0.338612,0.114,1
690,645,25,13,3,2,6.64924,5.46064,3,-0.0278194,-1.20063,0.114,1
690,645,25,13,4,2,4.48635,6.07549,3,0.0192178,0.0499444,0.114,1
690,646,2,15,0,-1,-5.35575,-14.4836,1,-0.339287,-0.244805,0.09,0
690,646,2,15,1,0,-4.64892,-13.7133,4,-0.183485,-0.387831,0.09,0
690,647,2,13,0,-1,-2.69529,7.5939,1,-0.254485,-0.285161,0.09,1
690,647,2,13,1,0,-2.51211,6.5215,4,0.361886,-0.190023,0.09,1
690,647,2,13,2,1,-1.6676,7.67954,3,-0.315963,0.292159,0.09,1
690,647,2,13,3,1,-3.74322,6.97594,3,0.10577,-0.875857,0.09,1
690,648,2,12,0,-1,6.20693,12.9309,1,-0.795387,-0.0806882,0.089,1
690,648,2,12,1,0,5.52139,12.1304,4,-0.506415,-0.330436,0.089,1
690,648,2,12,2,1,6.95588,12.0027,3,-0.472391,0.30165,0.089,1
690,648,2,12,3,1,5.35578,13.4382,3,-0.834809,-0.397075,0.089,1
690,649,2,16,0,-1,2.59724,-5.69809,1,0.0614063,0.494839,0.092,1
690,649,2,16,1,0,2.37523,-4.68869,4,-0.0338239,0.476937,0.092,1
690,649,2,16,2,1,1.83484,-5.9641,3,-0.157189,0.502758,0.092,1
690,649,2,16,3,1,3.34088,-5.53282,3,0.460343,1.05046,0.092,1
690,651,2,13,0,-1,-2.69627,-17.895,1,-0.157985,0.6169,0.092,1
690,651,2,13,1,0,-2.07284,-17.0452,4,0.521674,0.0658926,0.092,1
690,651,2,13,2,1,-3.50341,-17.2406,3,0.263937,1.4145,0.092,1
690,651,2,13,3,1,-1.85393,-18.3547,3,-0.509087,-0.119673,0.092,1
690,653,2,14,0,-1,-2.38638,8.38126,1,-0.685836,-0.151643,0.091,0
690,653,2,14,1,0,-1.5665,9.06406,4,-0.770241,-0.0935431,0.091,0
690,654,2,14,0,-1,-6.23674,-18.4479,1,-0.390075,-0.341755,0.093,0
690,654,2,14,1,0,-5.19267,-18.5902,4,-0.316794,0.110546,0.093,0
690,657,17,15,0,-1,-10.7371,-11.0673,1,0.599632,0.435388,0.119,0
690,657,17,15,1,0,-10.1262,-11.938,4,0.749361,0.674385,0.119,0
720,454,2,12,0,-1,-0.714014,-17.4162,1,-0.0822625,-0.295987,0.091,1
720,454,2,12,1,0,-0.688216,-18.4195,4,-0.0838964,-0.305646,0.091,1
720,454,2,12,2,1,0.422346,-17.553,3,-0.0151544,-0.210076,0.091,1
720,454,2,12,3,1,-1.5321,-17.3533,3,0.0103365,-0.159607,0.091,1
720,456,3,6,0,-1,-10.3123,-7.00546,1,0.000164672,-0.000394238,0.336,1
720,559,2,12,0,-1,12.0696,-16.0697,1,0.0899128,0.704026,0.093,1
720,559,2,12,1,0,11.1164,-15.5975,4,-0.103807,0.327701,0.093,1
720,559,2,12,2,1,11.2871,-17.0216,3,0.613931,0.425643,0.093,1
720,559,2,12,3,1,12.3147,-15.0642,3,-0.274085,0.645474,0.093,1
720,562,2,14,0,-1,3.73098,-19.4669,1,0.271629,-0.269174,0.093,1
720,562,2,14,1,0,2.73246,-19.972,4,0.346414,-0.464545,0.093,1
720,562,2,14,2,1,4.02608,-20.4362,3,0.518941,0.0220818,0.093,1
720,562,2,14,3,1,2.99168,-18.7225,3,0.366292,-0.473206,0.093,1
720,571,2,14,0,-1,5.75813,8.08466,1,0.182136,-0.148896,0.09,1
720,571,2,14,1,0,6.581,7.48663,4,0.0779553,-0.282319,0.09,1
720,571,2,14,2,1,6.157,8.82517,3,0.402191,-0.175239,0.09,1
720,571,2,14,3,1,5.32903,7.42657,3,0.10125,-0.390356,0.09,1
720,578,17,13,0,-1,-6.05578,-4.0562,1,-0.221011,0.0482278,0.118,1
720,578,17,13,1,0,-6.91591,-3.48494,4,-0.311359,-0.137836,0.118,1
720,578,17,13,2,1,-6.60828,-4.85709,3,-0.0642639,-0.0935401,0.118,1
720,578,17,13,3,0,-5.90903,-5.87343,1,0.169385,0.100582,0.118,1
720,578,17,13,4,1,-5.5877,-3.39655,3,-0.311556,-0.0364259,0.118,1
720,581,2,16,0,-1,8.49975,-2.74561,1,0.595951,0.174381,0.09,1
720,581,2,16,1,0,8.83855,-1.81226,4,0.0354837,0.379533,0.09,1
720,581,2,16,2,1,7.50243,-2.25855,3,0.279761,-0.381973,0.09,1
720,581,2,16,3,1,9.30159,-2.9771,3,0.72147,0.646753,0.09,1
720,595,2,12,0,-1,-6.7838,0.715122,1,-0.208077,0.03465,0.091,1
720,595,2,12,1,0,-7.15179,-0.272461,4,-0.294313,0.0484164,0.091,1
720,595,2,12,2,1,-5.8317,0.271389,3,-0.287224,-0.00416686,0.091,1
720,595,2,12,3,1,-7.65296,0.93877,3,-0.131459,0.105098,0.091,1
720,597,22,15,0,-1,6.14129,12.6024,1,-0.0684011,-0.122306,0.115,1
720,597,22,15,1,0,6.73638,13.8198,1,-0.00232238,-0.151527,0.115,1
720,597,22,15,2,0,5.94592,13.6639,4,0.058509,-0.102108,0.115,1
720,597,22,15,3,2,5.04227,12.6307,3,-0.260449,0.170843,0.115,1
720,597,22,15,4,2,7.01687,13.0626,3,0.129968,-0.0640533,0.115,1
720,603,2,15,0,-1,2.58301,-6.34601,1,0.0200791,-0.22263,0.092,1
720,603,2,15,1,0,2.10814,-7.28228,4,0.063902,-0.246279,0.092,1
720,603,2,15,2,1,3.43549,-6.84354,3,0.0498206,-0.206579,0.092,1
720,603,2,15,3,1,1.82065,-6.06108,3,0.00228582,-0.260301,0.092,1
720,609,17,14,0,-1,-13.1419,-8.85954,1,0.549385,0.26215,0.119,1
720,609,17,14,1,0,-12.1123,-8.67749,4,0.467906,0.400208,0.119,1
720,609,17,14,2,1,-13.3227,-7.98569,3,0.213579,-0.116114,0.119,1
720,609,17,14,3,0,-14.6568,-7.84592,1,0.0547127,-0.329996,0.119,1
720,609,17,14,4,1,-13.0121,-9.616,3,0.77371,-0.0643811,0.119,1
720,611,3,7,0,-1,-13.9915,9.07533,1,-0.168584,-0.745552,0.335,1
720,611,3,7,1,0,-14.3844,8.09717,4,0.0509159,-0.901359,0.335,1
720,611,3,7,2,1,-13.1009,8.46512,3,0.113843,-1.34531,0.335,1
720,611,3,7,3,1,-14.9786,9.15711,3,-0.165305,-1.02465,0.335,1
720,611,3,7,4,0,-13.114,10.0589,0,-0.520342,-0.530276,0.335,1
720,611,3,7,5,4,-11.679,10.352,0,-0.635529,-0.204353,0.335,1
720,611,3,7,6,5,-10.4517,10.9441,0,-0.723876,-0.023539,0.335,1
720,611,3,7,7,6,-9.11416,11.0163,0,-0.72373,0.141534,0.335,1
720,611,3,7,8,7,-7.83471,11.593,0,-0.755976,0.236542,0.335,1
720,613,2,13,0,-1,-6.6559,-9.31788,1,-0.243104,0.634754,0.092,1
720,613,2,13,1,0,-7.7102,-9.2432,4,-0.232949,0.401665,0.092,1
720,613,2,13,2,1,-6.93958,-10.4487,3,0.203303,0.686484,0.092,1
720,613,2,13,3,1,-6.74744,-8.35129,3,-0.309026,0.495671,0.092,1
720,620,2,14,0,-1,10.0741,-8.9088,1,0.264786,-0.424473,0.092,1
720,620,2,14,1,0,10.4869,-9.85861,4,0.42968,-0.334788,0.092,1
720,620,2,14,2,1,10.9625,-8.46496,3,-0.089806,-0.155247,0.092,1
720,620,2,14,3,1,9.19353,-9.38932,3,0.384722,-0.438554,0.092,1
720,623,2,13,0,-1,13.2115,11.7644,1,0.314244,0.0286859,0.092,1
720,623,2,13,1,0,14.2082,12.1079,4,0.254629,0.252636,0.092,1
720,623,2,13,2,1,12.9113,12.7774,3,0.135584,0.0137015,0.092,1
720,623,2,13,3,1,13.2659,11.1571,3,0.513331,0.040924,0.092,1
720,626,2,15,0,-1,12.1083,-12.388,1,-0.576192,0.0395324,0.091,1
720,626,2,15,1,0,11.1618,-11.9367,4,-0.589999,0.0408752,0.091,1
720,626,2,15,2,1,11.4843,-13.3299,3,-0.463027,0.0896289,0.091,1
720,626,2,15,3,1,12.4802,-11.5251,3,-0.581853,-0.0783149,0.091,1
720,629,23,16,0,-1,6.27858,11.7428,1,0.0791034,-0.0946483,0.09,0
720,629,23,16,1,0,6.42614,10.3905,1,0.119866,-0.0732852,0.09,0
720,629,23,16,2,0,6.99265,10.95,4,0.158773,-0.040945,0.09,0
720,629,23,16,3,2,6.94714,12.325,3,-0.13986,-0.0514554,0.09,0
720,629,23,16,4,2,5.76556,10.9077,3,0.169901,-0.19351,0.09,0
720,629,23,16,5,3,7.56339,11.459,1,0.0663033,0.0766728,0.09,0
720,629,23,16,6,5,8.46955,11.0263,1,0.156676,0.248899,0.09,0
720,630,3,8,0,-1,-13.2176,9.37609,1,-0.64822,-0.561641,0.336,1
720,630,3,8,1,0,-13.756,8.50321,4,-0.315304,-0.567854,0.336,1
720,630,3,8,2,1,-12.4367,8.73103,3,-0.385745,0.123229,0.336,1
720,630,3,8,3,1,-13.9462,9.74797,3,-0.814955,-0.632381,0.336,1
720,630,3,8,4,0,-12.4219,10.409,0,-0.747018,-0.449562,0.336,1
720,630,3,8,5,4,-11.2826,11.2042,0,-0.691554,-0.401072,0.336,1
720,630,3,8,6,5,-10.499,12.3026,0,-0.543017,-0.43529,0.336,1
720,630,3,8,7,6,-9.38819,13.0174,0,-0.483175,-0.434374,0.336,1
720,630,3,8,8,7,-8.58277,14.1517,0,-0.483941,-0.39441,0.336,1
720,636,25,12,0,-1,0.546432,3.67306,1,-0.345348,-0.372853,0.115,1
720,636,25,12,1,0,-0.562899,4.23028,1,-0.328211,-0.0313004,0.115,1
720,636,25,12,2,0,0.496212,2.58728,4,0.257835,-0.301653,0.115,1
720,636,25,12,3,2,1.39116,3.7382,3,-0.770953,0.673345,0.115,1
720,636,25,12,4,2,-0.358646,3.53337,3,0.199943,-0.32014,0.115,1
720,645,25,13,0,-1,1.41768,5.64242,1,-0.491675,-0.206674,0.114,1
720,645,25,13,1,0,1.64325,6.853,1,-0.368787,-0.207092,0.114,1
720,645,25,13,2,0,0.351832,5.51738,4,-0.479468,-0.122518,0.114,1
720,645,25,13,3,2,1.30889,4.39879,3,-0.617546,-0.240292,0.114,1
720,645,25,13,4,2,0.876762,6.71472,3,-0.272394,-0.188161,0.114,1
720,647,2,13,0,-1,2.02856,8.3759,1,-0.042929,-0.157186,0.09,1
720,647,2,13,1,0,1.17751,7.72894,4,-0.0949276,-0.103101,0.09,1
720,647,2,13,2,1,2.56107,7.36777,3,-0.140314,-0.262115,0.09,1
720,647,2,13,3,1,1.24318,9.03215,3,-0.0777498,-0.105877,0.09,1
720,648,2,12,0,-1,1.39197,15.1217,1,-0.0485091,0.582464,0.089,1
720,648,2,12,1,0,1.84164,16.0758,4,0.418133,0.369435,0.089,1
720,648,2,12,2,1,0.439709,15.7668,3,0.24621,1.10972,0.089,1
720,648,2,12,3,1,2.31549,14.8462,3,-0.13095,0.154399,0.089,1
720,651,2,13,0,-1,1.48911,-19.9445,1,-0.168194,-0.0182281,0.092,1
720,651,2,13,1,0,2.23996,-20.7402,4,-0.437928,-0.439823,0.092,1
720,651,2,13,2,1,2.25587,-19.3281,3,0.0443655,-0.529992,0.092,1
720,651,2,13,3,1,0.949814,-20.5803,3,-0.318022,0.0548453,0.092,1
720,653,2,14,0,-1,-0.414087,7.54832,1,-0.484749,-0.192707,0.091,1
720,653,2,14,1,0,-1.33442,7.0388,4,-0.386166,-0.362912,0.091,1
720,653,2,14,2,1,0.0141334,6.52779,3,-0.278978,-0.0891482,0.091,1
720,653,2,14,3,1,-1.02415,8.31013,3,-0.806144,-0.245505,0.091,1
720,655,25,14,0,-1,1.99004,5.06877,1,-0.347623,-0.057278,0.114,0
720,655,25,14,1,0,0.780372,4.9466,1,-0.391701,-0.119915,0.114,0
720,655,25,14,2,0,2.16459,4.03742,4,0.232571,0.00913756,0.114,0
720,655,25,14,3,2,3.16514,5.05901,3,0.0170346,0.505613,0.114,0
720,657,17,15,0,-1,-13.3301,-10.4458,1,0.435736,0.379035,0.119,1
720,657,17,15,1,0,-12.3901,-9.98217,4,0.447874,0.109645,0.119,1
720,657,17,15,2,1,-13.6741,-9.3302,3,0.52431,0.54189,0.119,1
720,657,17,15,3,0,-15.1385,-10.1444,1,0.643018,1.1618,0.119,1
720,657,17,15,4,1,-12.9193,-11.1977,3,0.000968882,0.274201,0.119,1
720,660,2,13,0,-1,3.75343,3.99026,1,0.0965068,-0.408395,0.09,1
720,660,2,13,1,0,3.75909,2.92938,4,0.147881,-0.363927,0.09,1
720,660,2,13,2,1,4.85189,3.8436,3,0.00859235,-0.184427,0.09,1
720,660,2,13,3,1,2.89848,3.90393,3,0.1113,-0.407854,0.09,1
720,661,2,14,0,-1,13.9655,11.3517,1,0.392398,0.167996,0.093,0
720,661,2,14,1,0,13.4616,12.2357,4,0.199176,0.052075,0.093,0
720,661,2,14,2,1,13.3198,10.7234,3,0.255844,0.0198541,0.093,0
720,666,2,14,0,-1,-1.75355,2.56765,1,-0.0617744,-0.166117,0.09,1
720,666,2,14,1,0,-0.846909,2.05539,4,0.00646299,-0.168507,0.09,1
720,666,2,14,2,1,-1.14328,3.4676,3,-0.286942,-0.267751,0.09,1
720,666,2,14,3,1,-2.09624,1.62926,3,0.0227458,-0.0504716,0.09,1
720,668,17,14,0,-1,-6.18254,-3.24584,1,-0.333418,0.0511782,0.118,0
720,668,17,14,1,0,-5.22532,-2.75602,4,-0.258457,-0.0719389,0.118,0
720,670,2,16,0,-1,15.0264,-8.89671,1,0.424477,0.231364,0.09,1
720,670,2,16,1,0,15.5908,-7.99684,4,0.204004,0.354814,0.09,1
720,670,2,16,2,1,14.1585,-8.0886,3,0.238478,-0.0373487,0.09,1
720,670,2,16,3,1,15.9593,-9.28628,3,0.306182,0.403689,0.09,1
720,673,25,13,0,-1,-6.0992,-1.49848,1,-0.344544,-0.00905376,0.115,1
720,673,25,13,1,0,-5.47458,-0.445966,1,-0.475568,0.0534145,0.115,1
720,673,25,13,2,0,-7.16727,-1.38597,4,-0.366609,-0.0748389,0.115,1
720,673,25,13,3,2,-6.19658,-2.47642,3,-0.279482,0.0129964,0.115,1
720,673,25,13,4,2,-6.31206,-0.425129,3,-0.386924,-0.029605,0.115,1
720,674,17,16,0,-1,-13.9567,-11.8811,1,0.249774,-1.83224,0.119,1
720,674,17,16,1,0,-13.5937,-12.9792,4,0.296761,-0.77791,0.119,1
720,674,17,16,2,1,-12.5462,-11.9332,3,0.463475,0.559391,0.119,1
720,674,17,16,3,0,-12.3044,-11.0681,1,-0.821678,-0.177374,0.119,1
720,674,17,16,4,1,-15.0121,-13.3225,3,-0.495415,1.75406,0.119,1
720,676,3,7,0,-1,-9.58399,-7.33639,1,0.000165444,-0.000394925,0.337,0
720,676,3,7,1,0,-8.6383,-7.65626,4,0.000169443,-0.000396063,0.337,0
720,677,2,14,0,-1,1.04937,-13.1142,1,0.422755,-0.0812226,0.093,1
720,677,2,14,1,0,2.10144,-13.0954,4,0.413836,0.0838704,0.093,1
720,677,2,14,2,1,1.15547,-11.9762,3,0.416603,0.0875319,0.093,1
720,677,2,14,3,1,1.22068,-14.0706,3,0.576147,-0.0822428,0.093,1
720,678,2,13,0,-1,-6.06536,1.08121,1,-0.273937,0.193777,0.09,0
720,678,2,13,1,0,-5.04016,1.30727,4,-0.198005,-0.105901,0.09,0
720,679,2,15,0,-1,10.8295,-9.222,1,0.259625,-0.413658,0.091,0
720,679,2,15,1,0,11.82,-8.89175,4,0.192387,-0.343336,0.091,0
720,680,2,14,0,-1,2.83049,8.54943,1,-0.0383306,-0.157879,0.09,0
720,680,2,14,1,0,3.31839,7.61413,4,-0.180088,-0.22987,0.09,0
720,680,2,14,2,1,3.96541,8.89991,3,0.0194282,-0.33183,0.09,0
720,681,2,15,0,-1,-2.53507,2.70923,1,-0.0981563,-0.131215,0.09,0
720,681,2,15,1,0,-2.25075,3.715,4,0.0302925,-0.174372,0.09,0
720,682,2,14,0,-1,4.12872,4.71072,1,-0.455507,-0.14031,0.089,0
720,684,2,15,0,-1,6.5496,8.25813,1,0.230536,-0.147391,0.09,0
720,684,2,15,1,0,6.71975,9.27705,4,0.563867,-0.166065,0.09,0
720,685,2,15,0,-1,1.60278,-12.5409,1,0.315331,0.017586,0.094,0
720,685,2,15,1,0,2.46905,-11.9588,4,0.3284,0.00436017,0.094,0
720,686,25,14,0,-1,-5.5014,-2.0139,1,-0.182468,0.128297,0.115,0
720,686,25,14,1,0,-6.73116,-1.99432,1,-0.195088,-0.0547193,0.115,0
720,688,2,13,0,-1,-1.29462,-18.0281,1,-0.163989,-0.119451,0.09,0
720,688,2,13,1,0,-1.57796,-19.0178,4,-0.455556,0.00552251,0.09,0
720,689,25,13,0,-1,1.02148,3.02873,1,0.0761914,-0.329325,0.116,0
720,689,25,13,1,0,-0.177527,2.80418,1,-0.164002,-0.410342,0.116,0
720,689,25,13,2,0,1.29961,2.00939,4,0.489028,-0.470587,0.116,0
720,689,25,13,3,2,2.03728,3.2051,3,1.54413,-0.857341,0.116,0
720,691,2,15,0,-1,3.00258,-19.437,1,0.293859,-0.364754,0.092,0
720,692,2,14,0,-1,0.857524,-19.3635,1,-0.504723,-0.358874,0.091,0
720,692,2,14,1,0,0.499861,-18.3517,4,-0.234886,-0.393343,0.091,0
720,692,2,14,2,1,-0.533029,-19.4136,3,0.888304,-1.19559,0.091,0
720,694,2,17,0,-1,14.2622,-9.16973,1,0.452855,0.211674,0.089,0
720,694,2,17,1,0,13.5229,-9.91793,4,0.294907,0.380835,0.089,0
750,454,2,12,0,-1,-1.93233,-16.6478,1,0.360552,-0.237144,0.091,1
750,454,2,12,1,0,-0.952281,-16.8495,4,0.370015,-0.118131,0.091,1
750,454,2,12,2,1,-1.61239,-15.6059,3,-0.0230066,-0.331752,0.091,1
750,454,2,12,3,1,-2.16335,-17.4318,3,0.413758,-0.21018,0.091,1
750,571,2,14,0,-1,1.79269,7.34117,1,-0.15281,0.25418,0.09,1
750,571,2,14,1,0,1.93888,8.33446,4,0.0299371,0.227551,0.09,1
750,571,2,14,2,1,0.915923,7.35641,3,-0.16813,0.426545,0.09,1
750,571,2,14,3,1,2.59719,7.26237,3,-0.169706,0.105835,0.09,1
750,595,2,12,0,-1,-9.66942,12.3227,1,0.203588,0.549983,0.091,1
750,595,2,12,1,0,-8.67829,12.7144,4,0.355739,0.0970782,0.091,1
750,595,2,12,2,1,-9.89547,13.5123,3,0.490214,0.252543,0.091,1
750,595,2,12,3,1,-9.11418,11.474,3,-0.123957,0.252787,0.091,1
750,597,22,15,0,-1,14.0422,12.1149,1,0.194948,-0.205172,0.115,1
750,597,22,15,1,0,15.3888,12.0178,1,0.232657,0.160559,0.115,1
750,597,22,15,2,0,14.9425,12.6557,4,0.0999471,-0.0691317,0.115,1
750,597,22,15,3,2,13.6854,13.2385,3,0.145978,-0.00360987,0.115,1
750,597,22,15,4,2,14.5873,11.4759,3,0.324786,-0.161705,0.115,1
750,609,17,14,0,-1,-6.93897,-13.7076,1,-0.169394,-0.271235,0.119,1
750,609,17,14,1,0,-7.75309,-14.3679,4,-0.14937,-0.279886,0.119,1
750,609,17,14,2,1,-6.35341,-14.4405,3,-0.134997,-0.115715,0.119,1
750,609,17,14,3,0,-5.16173,-14.1361,1,-0.225671,-0.486663,0.119,1
750,609,17,14,4,1,-7.62355,-13.0702,3,-0.250957,-0.266136,0.119,1
750,611,3,7,0,-1,-12.3223,14.0819,1,0.026064,-0.0270824,0.335,1
750,611,3,7,1,0,-12.8396,14.9511,4,-0.211316,-0.164319,0.335,1
750,611,3,7,2,1,-13.1795,13.6829,3,0.191892,-0.276479,0.335,1
750,611,3,7,3,1,-11.6177,14.5845,3,-0.0412467,0.347144,0.335,1
750,611,3,7,4,0,-11.889,12.8926,0,0.229232,0.0555985,0.335,1
750,611,3,7,5,4,-12.2672,11.6333,0,0.260203,0.0367244,0.335,1
750,611,3,7,6,5,-12.3823,10.3413,0,0.123546,0.00213674,0.335,1
750,611,3,7,7,6,-13.208,9.34924,0,0.0383051,0.0293773,0.335,1
750,611,3,7,8,7,-13.7604,8.08696,0,-0.0897157,0.07335,0.335,1
750,613,2,13,0,-1,2.68209,-10.449,1,0.234943,-0.408652,0.092,1
750,613,2,13,1,0,2.19316,-11.4115,4,-0.187888,-0.171762,0.092,1
750,613,2,13,2,1,3.64493,-11.3745,3,-0.159384,-0.826655,0.092,1
750,613,2,13,3,1,1.61343,-10.2452,3,0.625304,0.184472,0.092,1
750,620,2,14,0,-1,15.0127,-12.5745,1,-0.494416,-0.0181246,0.092,1
750,620,2,14,1,0,13.9916,-12.31,4,-0.54141,-0.214052,0.092,1
750,620,2,14,2,1,14.5826,-13.6262,3,-0.375344,-0.148305,0.092,1
750,620,2,14,3,1,15.1626,-11.5988,3,-0.713662,0.0957054,0.092,1
750,623,2,13,0,-1,3.63619,18.8507,1,-0.202377,-0.227705,0.092,1
750,623,2,13,1,0,3.3119,17.8542,4,-0.224011,-0.247265,0.092,1
750,623,2,13,2,1,4.6798,18.3745,3,-0.162732,-0.400289,0.092,1
750,623,2,13,3,1,2.61129,19.0082,3,-0.114545,-0.199557,0.092,1
750,626,2,15,0,-1,12.7924,-8.3224,1,0.165287,0.107853,0.091,1
750,626,2,15,1,0,11.6856,-8.48712,4,-0.139579,0.344135,0.091,1
750,626,2,15,2,1,12.6299,-9.56351,3,-0.297831,0.283267,0.091,1
750,626,2,15,3,1,12.4483,-7.3569,3,-0.0612575,0.214576,0.091,1
750,629,23,16,0,-1,13.8887,11.2888,1,0.293352,-0.212016,0.09,0
750,629,23,16,1,0,13.0555,10.2171,1,0.101173,-0.0580143,0.09,0
750,629,23,16,2,0,13.8226,10.2458,4,0.100391,-0.193915,0.09,0
750,629,23,16,3,2,15.1058,10.8421,3,0.142535,-0.377446,0.09,0
750,629,23,16,4,2,13.0353,11.2096,3,0.462189,0.120879,0.09,0
750,629,23,16,5,3,14.5296,9.95879,1,0.0964014,-0.365489,0.09,0
750,629,23,16,6,5,14.3251,8.97165,1,0.044305,-0.383069,0.09,0
750,629,23,16,7,6,13.3432,8.03273,1,-0.0222485,-0.317864,0.09,0
750,629,23,16,8,6,14.1151,7.96846,4,-0.0358006,-0.386639,0.09,0
750,629,23,16,9,8,15.3702,8.55444,3,0.0147424,-0.550863,0.09,0
750,630,3,8,0,-1,-22.5933,10.2283,1,-0.234912,0.0152552,0.336,1
750,630,3,8,1,0,-23.6189,10.265,4,-0.264175,-0.130349,0.336,1
750,630,3,8,2,1,-22.7934,9.24763,3,-0.229736,-0.0923973,0.336,1
750,630,3,8,3,1,-22.6865,11.0678,3,-0.45312,0.0785562,0.336,1
750,630,3,8,4,0,-21.3552,9.9288,0,-0.181246,0.131431,0.336,1
750,630,3,8,5,4,-20.2499,9.18411,0,-0.0869701,0.212657,0.336,1
750,630,3,8,6,5,-19.0018,8.73627,0,-0.0608933,0.300874,0.336,1
750,630,3,8,7,6,-18.0428,7.82656,0,-0.199932,0.185021,0.336,1
750,630,3,8,8,7,-16.7326,7.33509,0,-0.337502,-0.140976,0.336,1
750,645,25,13,0,-1,4.16534,0.55843,1,0.142612,-0.0555867,0.114,1
750,645,25,13,1,0,3.65086,-0.561221,1,0.0694355,-0.0154797,0.114,1
750,645,25,13,2,0,5.24527,0.464102,4,0.111356,-0.163625,0.114,1
750,645,25,13,3,2,4.53397,1.73705,3,0.281392,-0.0645993,0.114,1
750,645,25,13,4,2,4.37154,-0.489226,3,-0.0100314,-0.039429,0.114,1
750,651,2,13,0,-1,6.84378,-22.5199,1,0.536003,0.0507945,0.092,1
750,651,2,13,1,0,7.73252,-23.0677,4,0.355918,-0.315653,0.092,1
750,651,2,13,2,1,7.57166,-21.6385,3,0.943044,-0.264903,0.092,1
750,651,2,13,3,1,6.39779,-23.2981,3,0.291824,0.0931063,0.092,1
750,655,25,14,0,-1,3.4843,0.969971,1,0.117702,-0.142846,0.114,0
750,655,25,14,1,0,4.71424,1.04489,1,0.128923,-0.0676713,0.114,0
750,655,25,14,2,0,3.22583,1.98236,4,0.203993,-0.135421,0.114,0
750,655,25,14,3,2,2.47261,0.751362,3,-0.0154074,-0.00406678,0.114,0
750,657,17,15,0,-1,-12.6865,-14.36,1,-0.448576,0.0103786,0.119,1
750,657,17,15,1,0,-13.6432,-13.9231,4,-0.397318,0.189484,0.119,1
750,657,17,15,2,1,-13.0995,-15.1939,3,-0.971366,-0.0348729,0.119,1
750,657,17,15,3,0,-12.1381,-16.1037,1,-0.201865,0.0827698,0.119,1
750,657,17,15,4,1,-12.374,-13.5835,3,-0.29277,-0.212088,0.119,1
750,660,2,13,0,-1,2.37449,4.42607,1,-0.322046,-0.215557,0.09,1
750,660,2,13,1,0,1.95113,3.46189,4,-0.366811,-0.201775,0.09,1
750,660,2,13,2,1,3.32161,3.86095,3,-0.36248,-0.255784,0.09,1
750,660,2,13,3,1,1.49213,4.69069,3,-0.284552,-0.171538,0.09,1
750,661,2,14,0,-1,11.5046,18.0612,1,0.273822,-0.195828,0.093,1
750,661,2,14,1,0,11.7342,17.04,4,0.250752,-0.178051,0.093,1
750,661,2,14,2,1,12.4929,18.2686,3,0.230064,-0.149263,0.093,1
750,661,2,14,3,1,10.5215,17.656,3,0.302693,-0.0769504,0.093,1
750,670,2,16,0,-1,14.9165,-9.89182,1,-0.205186,-0.49097,0.09,1
750,670,2,16,1,0,14.4229,-10.8344,4,-0.497098,-0.362912,0.09,1
750,670,2,16,2,1,15.831,-10.5967,3,-0.42726,-0.848174,0.09,1
750,670,2,16,3,1,14.0485,-9.5598,3,-0.081373,-0.170775,0.09,1
750,674,17,16,0,-1,-0.269443,-14.2918,1,0.458744,-0.325719,0.119,1
750,674,17,16,1,0,0.787855,-14.3323,4,0.432849,-0.126497,0.119,1
750,674,17,16,2,1,-0.108743,-13.2957,3,0.632338,0.131945,0.119,1
750,674,17,16,3,0,-1.48662,-12.9312,1,0.178151,-0.64798,0.119,1
750,674,17,16,4,1,-0.19213,-15.207,3,0.20211,0.180148,0.119,1
750,679,2,15,0,-1,20.6691,-13.417,1,0.419305,-0.118787,0.091,1
750,679,2,15,1,0,21.5522,-13.9867,4,0.477402,-0.0250456,0.091,1
750,679,2,15,2,1,21.345,-12.56,3,0.307044,-0.0483716,0.091,1
750,679,2,15,3,1,20.2021,-14.2271,3,0.4961,-0.141685,0.091,1
750,682,2,14,0,-1,6.17179,2.92619,1,-0.212991,0.426335,0.089,1
750,682,2,14,1,0,5.15419,3.18592,4,-0.0973721,0.51615,0.089,1
750,682,2,14,2,1,5.66947,1.84431,3,-0.158502,0.414368,0.089,1
750,682,2,14,3,1,6.02377,4.19693,3,0.265517,0.327403,0.089,1
750,684,2,15,0,-1,1.26175,7.96904,1,-0.0270787,0.356877,0.09,0
750,684,2,15,1,0,0.250696,7.78141,4,-0.077721,0.656055,0.09,0
750,688,2,13,0,-1,-1.4972,-17.3525,1,0.447689,-0.187914,0.09,0
750,688,2,13,1,0,-2.00139,-18.2426,4,0.433255,-0.173829,0.09,0
750,692,2,14,0,-1,4.67383,-21.6294,1,0.130493,0.516957,0.091,1
750,692,2,14,1,0,3.84246,-20.9723,4,-0.167137,0.147364,0.091,1
750,692,2,14,2,1,3.69021,-22.4101,3,0.362046,0.0959952,0.091,1
750,692,2,14,3,1,5.12621,-20.6682,3,-0.312116,0.724453,0.091,1
750,694,2,17,0,-1,12.5438,-0.717841,1,0.100837,0.285039,0.089,1
750,694,2,17,1,0,12.4158,0.332475,4,0.195567,0.297049,0.089,1
750,694,2,17,2,1,11.3334,-0.651953,3,0.106017,0.394238,0.089,1
750,694,2,17,3,1,13.4343,-0.536335,3,0.127776,0.21656,0.089,1
750,698,17,17,0,-1,-11.5977,-8.46981,1,0.518489,0.242156,0.12,1
750,698,17,17,1,0,-10.7058,-7.87458,4,0.593417,0.10661,0.12,1
750,698,17,17,2,1,-11.9282,-7.22915,3,0.681174,0.291144,0.12,1
750,698,17,17,3,0,-13.4313,-8.38496,1,0.550294,0.651685,0.12,1
750,698,17,17,4,1,-11.0358,-9.14277,3,0.532053,0.109527,0.12,1
750,699,2,14,0,-1,-2.32998,-7.31349,1,0.238931,-0.258815,0.093,1
750,699,2,14,1,0,-2.30331,-8.36445,4,0.174313,-0.259348,0.093,1
750,699,2,14,2,1,-1.21537,-7.42431,3,0.218275,-0.315564,0.093,1
750,699,2,14,3,1,-3.26899,-7.47733,3,0.261352,-0.160996,0.093,1
750,700,2,16,0,-1,10.3691,-10.6771,1,0.164547,-0.570219,0.092,1
750,700,2,16,1,0,10.138,-11.656,4,0.0183949,-0.519587,0.092,1
750,700,2,16,2,1,11.447,-10.9857,3,0.116088,-0.584851,0.092,1
750,700,2,16,3,1,9.30373,-10.4976,3,0.108824,-0.435756,0.092,1
750,702,2,14,0,-1,7.10144,-23.2905,1,0.333083,0.00992093,0.093,0
750,706,2,16,0,-1,18.3382,-21.7105,1,0.184706,-0.525936,0.092,1
750,706,2,16,1,0,18.9513,-22.5656,4,0.169462,-0.53675,0.092,1
750,706,2,16,2,1,19.3096,-21.1751,3,0.193194,-0.542853,0.092,1
750,706,2,16,3,1,17.6029,-22.2976,3,0.173977,-0.513509,0.092,1
750,709,2,18,0,-1,11.9211,-0.240517,1,0.145469,0.345922,0.089,0
750,709,2,18,1,0,11.538,0.72649,4,-0.0195169,0.282607,0.089,0
750,713,2,16,0,-1,13.7344,-8.26427,1,0.677779,-1.77267,0.09,0
750,713,2,16,1,0,14.7297,-8.15819,4,1.12054,0.274827,0.09,0
750,713,2,16,2,1,14.3918,-6.88076,3,0.194553,0.131871,0.09,0
750,713,2,16,3,0,13.1093,-9.00954,3,-2.92928,-0.193712,0.09,0
750,714,17,17,0,-1,-0.204634,-11.8595,1,0.70371,-0.105591,0.118,1
750,714,17,17,1,0,0.709429,-12.4058,4,0.608646,-0.196475,0.118,1
750,714,17,17,2,1,0.302232,-11.0866,3,-0.0446761,-0.282617,0.118,1
750,714,17,17,3,0,-0.668092,-10.0793,1,1.12663,0.0331468,0.118,1
750,714,17,17,4,1,-0.570284,-12.6563,3,0.517534,0.198833,0.118,1
750,717,17,18,0,-1,-15.8899,-13.4253,1,0.212017,-0.580519,0.119,1
750,717,17,18,1,0,-15.0199,-14.0405,4,0.56294,-0.0739809,0.119,1
750,717,17,18,2,1,-15.1902,-12.6421,3,-0.346158,-0.178558,0.119,1
750,717,17,18,3,0,-15.9659,-11.5857,1,-0.792978,-0.612518,0.119,1
750,717,17,18,4,1,-16.266,-14.4359,3,0.789461,-0.833494,0.119,1
750,719,3,8,0,-1,-11.7267,13.5734,1,0.0666696,0.0421811,0.334,0
750,719,3,8,1,0,-11.1802,12.6611,4,0.261312,0.153855,0.334,0
750,719,3,8,2,1,-10.7667,13.8986,3,0.0248515,0.228873,0.334,0
750,719,3,8,3,1,-12.4526,12.6368,3,0.27843,-0.183617,0.334,0
750,719,3,8,4,0,-12.132,14.8147,0,-0.274384,-0.0776101,0.334,0
750,719,3,8,5,4,-11.7959,16.0599,0,-0.391244,-0.0441226,0.334,0
750,719,3,8,6,5,-12.0204,17.3197,0,-0.325776,-0.0441091,0.334,0
750,720,2,14,0,-1,3.98229,18.1191,1,-0.298202,-0.254994,0.092,0
750,720,2,14,1,0,3.6312,17.1165,4,-0.263621,-0.282697,0.092,0
750,720,2,14,2,1,4.99986,17.5449,3,-0.376564,0.0533879,0.092,0
750,723,2,15,0,-1,6.85737,2.52314,1,-0.47946,0.0367933,0.09,0
750,723,2,15,1,0,7.84164,2.83437,4,-0.370862,-0.202163,0.09,0
750,723,2,15,2,1,6.58795,3.58091,3,0.0556437,0.516028,0.09,0
750,725,2,13,0,-1,-9.37861,13.062,1,0.39803,0.510748,0.091,0
750,725,2,13,1,0,-9.61601,14.1077,4,0.417866,0.567861,0.091,0
750,726,2,14,0,-1,2.15781,-9.78576,1,0.786539,0.0911505,0.093,0
750,726,2,14,1,0,1.26913,-9.14815,4,0.848302,0.152435,0.093,0
750,726,2,14,2,1,1.02422,-10.5744,3,0.993651,-0.0387152,0.093,0
750,728,26,17,0,-1,9.64951,-11.0314,1,0.374809,-0.884323,0.067,0
750,730,17,19,0,-1,-16.3835,-12.7872,1,0.117893,-0.656078,0.119,0
750,730,17,19,1,0,-17.1338,-12.0588,4,0.109872,-0.644641,0.119,0
780,597,22,15,0,-1,14.8097,15.0298,1,0.0744897,0.0369721,0.115,1
780,597,22,15,1,0,13.5731,15.6365,1,-0.137701,-0.404877,0.115,1
780,597,22,15,2,0,13.7796,14.8911,4,0.0623381,-0.346758,0.115,1
780,597,22,15,3,2,14.8142,13.9507,3,0.223339,-0.130334,0.115,1
780,597,22,15,4,2,14.3577,16.0511,3,-0.426023,-0.129128,0.115,1
780,611,3,7,0,-1,-18.8517,21.9078,1,0.005243,0.313587,0.335,1
780,611,3,7,1,0,-19.1093,22.895,4,-0.0758112,0.282049,0.335,1
780,611,3,7,2,1,-19.7222,21.7203,3,0.0372989,0.226315,0.335,1
780,611,3,7,3,1,-18.0905,22.1793,3,-0.0146167,0.375096,0.335,1
780,611,3,7,4,0,-18.8064,20.6434,0,0.133217,0.31896,0.335,1
780,611,3,7,5,4,-19.3058,19.4207,0,0.18729,0.306303,0.335,1
780,611,3,7,6,5,-19.4306,18.1153,0,0.131828,0.319149,0.335,1
780,611,3,7,7,6,-20.0874,16.9869,0,0.0281568,0.384023,0.335,1
780,611,3,7,8,7,-20.2878,15.6147,0,-0.103241,0.405582,0.335,1
780,613,2,13,0,-1,11.1871,-13.6994,1,0.0667704,-0.294766,0.092,1
780,613,2,13,1,0,11.6181,-14.6499,4,0.0858508,-0.328003,0.092,1
780,613,2,13,2,1,12.2359,-13.3509,3,0.102361,-0.360747,0.092,1
780,613,2,13,3,1,10.3481,-14.1741,3,0.118969,-0.292903,0.092,1
780,626,2,15,0,-1,8.3666,-1.04106,1,-0.264786,0.212716,0.091,1
780,626,2,15,1,0,7.31545,-1.12961,4,-0.251987,0.0973978,0.091,1
780,626,2,15,2,1,8.42052,-2.08569,3,-0.0874598,0.302032,0.091,1
780,626,2,15,3,1,8.32156,-0.198317,3,-0.401214,0.258856,0.091,1
780,629,23,16,0,-1,10.7602,18.1572,1,-0.121287,0.357314,0.09,1
780,629,23,16,1,0,11.073,16.7982,1,-0.408783,0.368821,0.09,1
780,629,23,16,2,0,11.4522,17.4316,4,-0.10412,0.235252,0.09,1
780,629,23,16,3,2,11.5412,18.8491,3,0.322067,0.170905,0.09,1
780,629,23,16,4,2,10.1558,17.5468,3,-0.0847592,0.0191719,0.09,1
780,629,23,16,5,3,11.9824,17.9223,1,0.124836,0.0259505,0.09,1
780,629,23,16,6,5,12.6801,17.2382,1,0.0657946,-0.0975494,0.09,1
780,629,23,16,7,6,12.8764,15.9149,1,-0.104975,-0.111509,0.09,1
780,629,23,16,8,6,13.4037,16.5291,4,0.0369842,-0.221832,0.09,1
780,629,23,16,9,8,13.381,17.9167,3,0.516304,-0.241765,0.09,1
780,629,23,16,10,8,12.1491,16.6656,3,0.0769681,-0.179972,0.09,1
780,645,25,13,0,-1,2.58075,-0.357535,1,0.154473,0.38995,0.114,1
780,645,25,13,1,0,3.26816,-1.38127,1,0.200494,0.392792,0.114,1
780,645,25,13,2,0,3.23766,0.514586,4,0.0682915,0.490093,0.114,1
780,645,25,13,3,2,1.7735,0.441209,3,0.10173,0.171581,0.114,1
780,645,25,13,4,2,3.91917,-0.609676,3,0.170388,0.593602,0.114,1
780,655,25,14,0,-1,4.74141,2.08467,1,-0.212523,0.147375,0.114,1
780,655,25,14,1,0,5.71416,2.83735,1,-0.417757,0.286142,0.114,1
780,655,25,14,2,0,3.89078,2.73061,4,-0.220469,0.21102,0.114,1
780,655,25,14,3,2,4.01934,1.29075,3,-0.45072,0.18528,0.114,1
780,655,25,14,4,2,5.14317,3.26434,3,-0.392326,0.437326,0.114,1
780,657,17,15,0,-1,-6.56742,-15.572,1,0.252217,-0.0281834,0.119,1
780,657,17,15,1,0,-5.54702,-15.2961,4,0.24461,0.00103396,0.119,1
780,657,17,15,2,1,-6.70206,-14.5103,3,0.16148,-0.117292,0.119,1
780,657,17,15,3,0,-8.15809,-14.6751,1,0.336874,0.119818,0.119,1
780,657,17,15,4,1,-6.28018,-16.3713,3,0.337079,-0.035725,0.119,1
780,660,2,13,0,-1,0.275084,-9.13158,1,-0.348603,-0.342006,0.09,1
780,660,2,13,1,0,-0.365507,-9.97732,4,-0.441247,-0.257959,0.09,1
780,660,2,13,2,1,1.06143,-10.0308,3,-0.440458,-0.46327,0.09,1
780,660,2,13,3,1,-0.647068,-8.69441,3,-0.197714,-0.194365,0.09,1
780,670,2,16,0,-1,11.1273,-2.39826,1,0.198783,0.288072,0.09,1
780,670,2,16,1,0,12.0268,-1.84877,4,0.212278,0.283135,0.09,1
780,670,2,16,2,1,10.6622,-1.43043,3,0.250309,0.387905,0.09,1
780,670,2,16,3,1,11.6539,-3.13696,3,0.23196,0.279847,0.09,1
780,674,17,16,0,-1,1.38169,-17.7174,1,-0.357174,-0.000275422,0.119,1
780,674,17,16,1,0,0.338145,-17.4327,4,-0.255437,0.395481,0.119,1
780,674,17,16,2,1,0.705252,-18.7674,3,-0.849589,0.230868,0.119,1
780,674,17,16,3,0,2.40996,-19.237,1,-0.828504,-0.327387,0.119,1
780,674,17,16,4,1,1.51048,-16.8702,3,-0.062614,-0.0261399,0.119,1
780,682,2,14,0,-1,-1.91068,6.70929,1,0.00164158,0.38858,0.089,1
780,682,2,14,1,0,-2.30454,7.72216,4,-0.0973469,0.420596,0.089,1
780,682,2,14,2,1,-3.09273,6.55755,3,-0.0199814,0.449892,0.089,1
780,682,2,14,3,1,-1.04923,7.40079,3,-0.0884143,0.639825,0.089,1
780,698,17,17,0,-1,-6.47244,-10.3977,1,0.34964,0.00593833,0.12,1
780,698,17,17,1,0,-5.44739,-10.6575,4,0.327564,-0.0947725,0.12,1
780,698,17,17,2,1,-6.07097,-9.42079,3,0.317184,-0.106894,0.12,1
780,698,17,17,3,0,-7.41592,-8.83195,1,0.611878,0.159744,0.12,1
780,698,17,17,4,1,-6.62175,-11.2303,3,0.277008,0.0279343,0.12,1
780,714,17,17,0,-1,4.15889,-20.0359,1,0.0776178,-0.323082,0.118,1
780,714,17,17,1,0,4.56171,-21.0255,4,-0.00246571,-0.384583,0.118,1
780,714,17,17,2,1,5.28267,-19.8516,3,0.167883,-0.506796,0.118,1
780,714,17,17,3,0,4.73055,-18.2883,1,-0.09638,-0.234546,0.118,1
780,714,17,17,4,1,3.39239,-20.4354,3,0.0964916,-0.2169,0.118,1
780,717,17,18,0,-1,-14.9799,-6.69636,1,0.334469,0.136707,0.119,1
780,717,17,18,1,0,-13.9744,-6.37054,4,0.402626,-0.0285042,0.119,1
780,717,17,18,2,1,-15.067,-5.51914,3,0.751849,0.438207,0.119,1
780,717,17,18,3,0,-16.7227,-6.15762,1,0.288528,0.0519239,0.119,1
780,717,17,18,4,1,-14.7229,-7.4597,3,0.275278,0.057483,0.119,1
780,719,3,8,0,-1,-13.2284,13.4373,1,-0.551579,0.431686,0.334,1
780,719,3,8,1,0,-14.3464,13.4662,4,-0.499755,0.0590311,0.334,1
780,719,3,8,2,1,-13.9816,12.198,3,-0.0551243,0.126225,0.334,1
780,719,3,8,3,1,-13.6891,14.4997,3,-0.3598,-0.0807855,0.334,1
780,719,3,8,4,0,-11.9077,13.0391,0,-0.620923,0.578351,0.334,1
780,719,3,8,5,4,-10.5062,12.4634,0,-0.703763,0.632483,0.334,1
780,719,3,8,6,5,-9.12832,11.9628,0,-0.852563,0.421578,0.334,1
780,719,3,8,7,6,-8.41296,10.7675,0,-1.11526,0.318428,0.334,1
780,719,3,8,8,7,-7.70721,9.52691,0,-1.05032,0.382185,0.334,1
780,726,2,14,0,-1,10.108,-11.0093,1,0.371673,0.0161833,0.093,1
780,726,2,14,1,0,11.046,-10.5181,4,0.426597,-0.0827745,0.093,1
780,726,2,14,2,1,9.70693,-10.0277,3,0.449492,-0.035819,0.093,1
780,726,2,14,3,1,10.5078,-11.7328,3,0.296408,-0.0267621,0.093,1
780,732,17,17,0,-1,2.12765,-17.3652,1,-0.290731,-0.152682,0.118,0
780,732,17,17,1,0,3.13983,-17.0388,4,-0.214163,-0.422722,0.118,0
780,732,17,17,2,1,1.9931,-16.2381,3,0.0040809,-0.0949828,0.118,0
780,732,17,17,3,0,0.494201,-16.546,1,-0.0528033,0.367099,0.118,0
780,733,17,18,0,-1,-7.23206,-12.7338,1,0.199634,-0.064547,0.121,1
780,733,17,18,1,0,-6.18323,-12.654,4,0.227206,-0.139102,0.121,1
780,733,17,18,2,1,-7.22805,-11.7461,3,0.349963,0.00563976,0.121,1
780,733,17,18,3,0,-8.64265,-11.5706,1,0.306579,0.0846278,0.121,1
780,733,17,18,4,1,-7.13856,-13.5578,3,0.227672,-0.114467,0.121,1
780,734,2,15,0,-1,9.31249,-11.1774,1,0.48536,-0.537728,0.094,0
780,738,3,9,0,-1,-12.446,13.354,1,-0.015481,0.509341,0.334,1
780,738,3,9,1,0,-12.9127,14.2215,4,0.0890732,0.560144,0.334,1
780,738,3,9,2,1,-13.4863,13.0025,3,-0.536129,0.820541,0.334,1
780,738,3,9,3,1,-11.7164,13.8042,3,0.0757554,0.502786,0.334,1
780,738,3,9,4,0,-11.8812,12.2009,0,-0.260214,0.45387,0.334,1
780,738,3,9,5,4,-11.1915,10.9901,0,-0.274305,0.476743,0.334,1
780,738,3,9,6,5,-10.0249,10.2566,0,-0.272702,0.4097,0.334,1
780,738,3,9,7,6,-9.4221,9.06353,0,-0.459229,0.311499,0.334,1
780,738,3,9,8,7,-8.06406,8.85599,0,-0.466665,0.289535,0.334,1
780,742,17,16,0,-1,-7.36792,-15.4949,1,0.244831,-0.103756,0.12,0
780,742,17,16,1,0,-8.37555,-15.778,4,0.231169,-0.0519786,0.12,0
780,746,2,14,0,-1,-3.74062,4.86113,1,0.0953528,0.621015,0.089,1
780,746,2,14,1,0,-3.886,5.90453,4,-0.15073,0.560574,0.089,1
780,746,2,14,2,1,-4.76657,4.7446,3,0.205049,0.302274,0.089,1
780,746,2,14,3,1,-2.91671,5.01882,3,-0.0557618,0.586445,0.089,1
780,748,2,17,0,-1,10.6683,-3.06023,1,0.139716,0.309888,0.091,0
780,748,2,17,1,0,10.1552,-3.97373,4,0.0355447,0.354017,0.091,0
780,749,17,19,0,-1,-8.03036,-12.7408,1,0.189801,0.00662415,0.122,0
780,749,17,19,1,0,-9.06678,-12.8681,4,0.208836,-0.171825,0.122,0
780,750,2,14,0,-1,1.60115,-13.0483,1,0.237244,-0.432203,0.093,1
780,750,2,14,1,0,2.71597,-13.134,4,0.249122,-0.130553,0.093,1
780,750,2,14,2,1,1.87194,-11.9825,3,-0.259122,-0.504809,0.093,1
780,750,2,14,3,1,1.8748,-14.1377,3,0.424306,-0.279735,0.093,1
780,751,2,15,0,-1,-1.95894,5.88087,1,0.088608,0.354502,0.088,0
780,751,2,15,1,0,-2.09828,4.82588,4,0.0648059,0.36115,0.088,0
780,751,2,15,2,1,-0.852627,5.54937,3,0.0918826,0.357611,0.088,0
780,752,3,8,0,-1,-19.4327,22.4516,1,-0.0479388,0.276541,0.334,0
780,752,3,8,1,0,-19.8966,23.3647,4,-0.238269,0.187792,0.334,0
780,752,3,8,2,1,-20.3779,22.1465,3,-0.0170189,0.109418,0.334,0
780,752,3,8,3,1,-18.6202,23.266,3,-0.221749,0.438576,0.334,0
780,753,2,16,0,-1,7.50346,-0.361864,1,-0.395004,0.0558675,0.091,1
780,753,2,16,1,0,6.55495,-0.836374,4,-0.331753,-0.110822,0.091,1
780,753,2,16,2,1,7.79001,-1.61737,3,-0.210472,0.104076,0.091,1
780,753,2,16,3,1,6.99351,0.468831,3,-0.553085,-0.0427916,0.091,1
780,754,2,15,0,-1,-4.32145,5.44,1,-0.138413,0.417153,0.088,1
780,754,2,15,1,0,-4.40947,6.51446,4,-0.536222,0.319396,0.088,1
780,754,2,15,2,1,-5.38526,5.45812,3,-0.236719,0.00798101,0.088,1
780,754,2,15,3,1,-3.20153,5.93807,3,-0.46792,0.459587,0.088,1
780,755,25,15,0,-1,4.49736,2.82657,1,-0.86153,0.0414092,0.114,0
780,756,17,18,0,-1,-7.26863,-10.2993,1,0.335254,-0.038307,0.119,0
780,756,17,18,1,0,-8.30552,-10.1661,4,0.317129,-0.140516,0.119,0
780,758,2,17,0,-1,7.80294,0.390566,1,-0.519844,0.100537,0.092,0
780,759,2,14,0,-1,1.08098,-9.10145,1,-0.351796,-0.15822,0.09,0
780,759,2,14,1,0,2.07424,-8.76303,4,-0.298846,-0.291011,0.09,0
780,760,25,14,0,-1,2.5099,0.426772,1,0.107483,0.349236,0.115,0
780,760,25,14,1,0,3.20663,-0.585815,1,-0.0170126,0.217499,0.115,0
780,762,22,16,0,-1,14.2204,15.4808,1,-0.174376,-0.321737,0.114,0
780,762,22,16,1,0,15.2016,16.4237,1,-0.093328,-0.462387,0.114,0
780,764,23,17,0,-1,9.96219,18.287,1,-0.163103,0.0540707,0.091,0
780,764,23,17,1,0,8.69964,17.7536,1,-0.0490899,-0.238517,0.091,0
780,764,23,17,2,0,9.31971,17.4691,4,-0.00596365,-0.0469531,0.091,0
780,764,23,17,3,2,10.7239,17.4449,3,-0.0415451,0.31214,0.091,0
780,764,23,17,4,2,9.0717,18.694,3,-0.0105938,-0.0362296,0.091,0
780,766,2,14,0,-1,10.9766,-14.4797,1,0.223209,-0.332538,0.093,0
780,766,2,14,1,0,10.8941,-15.5242,4,0.0335265,-0.334699,0.093,0
780,770,2,15,0,-1,1.09831,-12.4008,1,-0.17856,-0.734043,0.092,0
780,770,2,15,1,0,0.358774,-11.578,4,-0.0158892,-0.574141,0.092,0
780,770,2,15,2,1,0.423172,-13.0112,3,-0.0972532,-0.571493,0.092,0
810,597,22,15,0,-1,10.7062,6.17564,1,-0.417248,-0.265536,0.115,1
810,597,22,15,1,0,9.94203,5.06286,1,0.016667,-0.561767,0.115,1
810,597,22,15,2,0,10.7619,5.1458,4,0.0125312,-0.276111,0.115,1
810,597,22,15,3,2,11.7211,6.171,3,-0.352374,0.0733348,0.115,1
810,597,22,15,4,2,9.85938,5.97352,3,-0.449119,-0.903352,0.115,1
810,629,23,16,0,-1,7.74105,6.85631,1,0.27135,-0.649633,0.09,1
810,629,23,16,1,0,6.45376,6.42058,1,0.0963835,-0.132927,0.09,1
810,629,23,16,2,0,7.14358,6.02424,4,-0.0542028,-0.416855,0.09,1
810,629,23,16,3,2,8.5444,6.12428,3,-0.0255377,-0.910958,0.09,1
810,629,23,16,4,2,7.02522,7.27914,3,0.452125,-0.355319,0.09,1
810,629,23,16,5,3,7.74519,5.45456,1,-0.209469,-0.69251,0.09,1
810,629,23,16,6,5,7.38468,4.51613,1,-0.388778,-0.623896,0.09,1
810,629,23,16,7,6,6.27489,3.74133,1,-0.550208,-0.398474,0.09,1
810,629,23,16,8,6,7.02578,3.55032,4,-0.606666,-0.536055,0.09,1
810,629,23,16,9,8,8.36362,3.8945,3,-0.520961,-0.86361,0.09,1
810,629,23,16,10,8,6.61556,4.73737,3,-0.273134,-0.410323,0.09,1
810,645,25,13,0,-1,-3.00358,1.55672,1,-0.107134,-0.327497,0.114,1
810,645,25,13,1,0,-3.88263,2.42709,1,0.0955126,-0.123977,0.114,1
810,645,25,13,2,0,-3.44976,0.57883,4,-0.338895,-0.220985,0.114,1
810,645,25,13,3,2,-2.05756,0.940148,3,-0.236234,-0.59702,0.114,1
810,645,25,13,4,2,-4.09816,1.70378,3,-0.0992773,-0.0759566,0.114,1
810,655,25,14,0,-1,4.00528,3.15668,1,0.274729,0.0271523,0.114,1
810,655,25,14,1,0,3.78728,1.9507,1,0.378817,0.0422188,0.114,1
810,655,25,14,2,0,5.06804,3.38665,4,0.288093,-0.0153277,0.114,1
810,655,25,14,3,2,3.87373,4.22762,3,0.340001,0.00697016,0.114,1
810,655,25,14,4,2,4.48998,2.21484,3,0.251824,0.0369568,0.114,1
810,657,17,15,0,-1,1.33331,-18.4191,1,0.39764,0.176976,0.119,1
810,657,17,15,1,0,1.94004,-17.5841,4,0.172344,0.319923,0.119,1
810,657,17,15,2,1,0.561378,-17.8509,3,0.233838,-0.0146154,0.119,1
810,657,17,15,3,0,-0.497149,-18.508,1,0.430212,-0.41065,0.119,1
810,657,17,15,4,1,1.97351,-18.9193,3,0.438158,0.321844,0.119,1
810,660,2,13,0,-1,0.64588,-10.0946,1,0.306124,0.0276834,0.09,1
810,660,2,13,1,0,1.58342,-9.60733,4,0.0734399,0.455836,0.09,1
810,660,2,13,2,1,0.20978,-9.19503,3,-0.00113469,0.232042,0.09,1
810,660,2,13,3,1,1.23114,-10.8687,3,0.755668,0.238413,0.09,1
810,674,17,16,0,-1,-5.29197,-18.8633,1,0.0593651,0.319169,0.119,1
810,674,17,16,1,0,-4.29044,-18.3773,4,0.122888,0.171308,0.119,1
810,674,17,16,2,1,-5.56396,-17.8613,3,0.31932,0.760247,0.119,1
810,674,17,16,3,0,-6.89247,-17.9489,1,-0.00807336,0.168594,0.119,1
810,674,17,16,4,1,-4.44719,-19.6511,3,0.0267314,0.158715,0.119,1
810,698,17,17,0,-1,0.854923,-12.6354,1,0.266994,0.0115071,0.12,1
810,698,17,17,1,0,1.70894,-11.9629,4,0.472945,-0.261825,0.12,1
810,698,17,17,2,1,0.410463,-11.5003,3,0.583166,0.0531099,0.12,1
810,698,17,17,3,0,-0.977243,-12.5566,1,0.267264,0.445642,0.12,1
810,698,17,17,4,1,1.45815,-13.2401,3,0.0567871,-0.183164,0.12,1
810,717,17,18,0,-1,-7.75847,-11.8558,1,-0.382459,-0.161154,0.119,1
810,717,17,18,1,0,-8.74947,-12.2453,4,-0.448858,0.0338082,0.119,1
810,717,17,18,2,1,-7.62932,-13.0508,3,-0.529092,-0.0860625,0.119,1
810,717,17,18,3,0,-5.98654,-12.3235,1,-0.522776,-0.674313,0.119,1
810,717,17,18,4,1,-8.10605,-11.0985,3,-0.225233,-0.0882547,0.119,1
810,719,3,8,0,-1,-19.1566,6.32476,1,0.282484,-0.33743,0.334,1
810,719,3,8,1,0,-18.6395,5.43258,4,0.390139,-0.281404,0.334,1
810,719,3,8,2,1,-18.2069,6.66935,3,0.246623,-0.231626,0.334,1
810,719,3,8,3,1,-19.812,5.77863,3,0.335146,-0.47592,0.334,1
810,719,3,8,4,0,-19.5376,7.54242,0,0.169704,-0.364859,0.334,1
810,719,3,8,5,4,-19.1611,8.80293,0,0.0193125,-0.300975,0.334,1
810,719,3,8,6,5,-18.9395,10.0878,0,-0.1461,-0.261788,0.334,1
810,719,3,8,7,6,-18.0241,11.0119,0,-0.257775,-0.145786,0.334,1
810,719,3,8,8,7,-17.379,12.235,0,-0.389128,-0.0747599,0.334,1
810,726,2,14,0,-1,18.8222,-1.99926,1,0.111864,0.682101,0.093,1
810,726,2,14,1,0,19.7822,-1.55776,4,0.41242,0.0306071,0.093,1
810,726,2,14,2,1,18.5417,-0.812826,3,0.920103,0.893823,0.093,1
810,726,2,14,3,1,19.2808,-2.80376,3,-0.451943,0.3719,0.093,1
810,732,17,17,0,-1,-6.05181,-19.288,1,-0.0319981,0.499145,0.118,0
810,732,17,17,1,0,-6.17772,-18.2518,4,0.29001,0.533404,0.118,0
810,732,17,17,2,1,-7.31692,-19.0523,3,0.0889063,0.776089,0.118,0
810,732,17,17,3,0,-7.26216,-20.6859,1,-0.607405,1.01108,0.118,0
810,733,17,18,0,-1,-0.884809,-15.1233,1,0.364789,-0.109934,0.121,1
810,733,17,18,1,0,0.0204886,-15.6835,4,0.198741,-0.396144,0.121,1
810,733,17,18,2,1,-0.15951,-14.3181,3,0.558428,-0.356212,0.121,1
810,733,17,18,3,0,-1.42178,-13.3682,1,0.926468,0.0708718,0.121,1
810,733,17,18,4,1,-1.27785,-15.8737,3,0.14425,-0.000926547,0.121,1
810,734,2,15,0,-1,11.0388,-0.0488314,1,-0.129234,0.487475,0.094,1
810,734,2,15,1,0,11.3049,0.975264,4,0.389654,0.29375,0.094,1
810,734,2,15,2,1,9.98338,0.365935,3,0.447841,0.283206,0.094,1
810,734,2,15,3,1,11.8044,-0.260425,3,0.385673,0.344819,0.094,1
810,738,3,9,0,-1,-2.57201,18.5559,1,0.215303,0.438739,0.334,1
810,738,3,9,1,0,-1.87299,19.3757,4,0.24073,0.414727,0.334,1
810,738,3,9,2,1,-3.15048,19.4834,3,0.251698,0.712856,0.334,1
810,738,3,9,3,1,-1.64358,18.1878,3,0.114749,0.388126,0.334,1
810,738,3,9,4,0,-3.65512,17.8386,0,0.253955,0.409012,0.334,1
810,738,3,9,5,4,-4.91559,17.3322,0,0.304042,0.360026,0.334,1
810,738,3,9,6,5,-5.94537,16.4697,0,0.385251,0.307586,0.334,1
810,738,3,9,7,6,-7.21536,16.0872,0,0.436976,0.230971,0.334,1
810,738,3,9,8,7,-8.33403,15.2473,0,0.575599,0.0774132,0.334,1
810,750,2,14,0,-1,4.26563,-15.1059,1,0.382686,-0.192766,0.093,1
810,750,2,14,1,0,4.90453,-15.9898,4,0.532033,-0.0564448,0.093,1
810,750,2,14,2,1,5.0275,-14.5505,3,0.239525,-0.0332202,0.093,1
810,750,2,14,3,1,3.59066,-15.8256,3,0.420622,-0.405958,0.093,1
810,753,2,16,0,-1,8.88086,-2.00505,1,-0.262346,0.0414493,0.091,1
810,753,2,16,1,0,7.90416,-1.57153,4,-0.302715,0.0788484,0.091,1
810,753,2,16,2,1,8.39663,-2.90174,3,-0.570437,-0.000964238,0.091,1
810,753,2,16,3,1,9.20644,-1.13889,3,-0.347974,0.201871,0.091,1
810,754,2,15,0,-1,-11.8512,12.1187,1,-0.221316,-0.213502,0.088,1
810,754,2,15,1,0,-12.8809,11.8498,4,-0.314222,0.00335849,0.088,1
810,754,2,15,2,1,-11.8167,10.8459,3,-0.562462,-0.251047,0.088,1
810,754,2,15,3,1,-12.2092,12.9766,3,-0.19489,-0.0838932,0.088,1
810,755,25,15,0,-1,-6.20278,0.952196,1,-0.181249,-0.31851,0.114,1
810,755,25,15,1,0,-6.96067,1.97641,1,-0.190447,-0.325648,0.114,1
810,755,25,15,2,0,-6.81356,0.0364173,4,-0.170681,-0.305288,0.114,1
810,755,25,15,3,2,-5.38368,0.272344,3,-0.186743,-0.154008,0.114,1
810,755,25,15,4,2,-7.10522,1.27614,3,-0.159233,-0.296175,0.114,1
810,756,17,18,0,-1,0.489581,-13.377,1,0.330455,0.00990691,0.119,0
810,756,17,18,1,0,0.672821,-14.4201,4,0.677321,0.0953929,0.119,0
810,758,2,17,0,-1,9.64387,-2.3038,1,-0.207326,0.085042,0.092,0
810,758,2,17,1,0,9.6831,-3.37083,4,-0.880569,0.0852137,0.092,0
810,760,25,14,0,-1,0.69443,0.979893,1,0.283382,0.0178862,0.115,1
810,760,25,14,1,0,0.229055,-0.17025,1,0.192257,0.0616965,0.115,1
810,760,25,14,2,0,1.77411,0.857691,4,0.272663,-0.0548052,0.115,1
810,760,25,14,3,2,1.05961,2.10708,3,0.293627,-0.0303025,0.115,1
810,760,25,14,4,2,0.995537,-0.232986,3,0.25055,-0.0332224,0.115,1
810,762,22,16,0,-1,11.7665,9.59063,1,0.177352,0.425555,0.114,1
810,762,22,16,1,0,13.0671,10.0417,1,0.30835,0.0637403,0.114,1
810,762,22,16,2,0,12.4125,10.3705,4,0.372615,0.277555,0.114,1
810,762,22,16,3,2,11.0318,10.3311,3,0.346377,0.520344,0.114,1
810,762,22,16,4,2,12.4134,9.10591,3,0.163473,0.285358,0.114,1
810,764,23,17,0,-1,3.16349,10.8876,1,-0.378769,0.275281,0.091,1
810,764,23,17,1,0,2.12668,11.771,1,-0.473977,0.143051,0.091,1
810,764,23,17,2,0,2.13961,11.0179,4,-0.419871,0.117435,0.091,1
810,764,23,17,3,2,3.07755,9.9511,3,-0.336348,0.204943,0.091,1
810,764,23,17,4,2,3.08289,11.8118,3,-0.619117,0.347987,0.091,1
810,764,23,17,5,3,2.08763,10.307,1,-0.394441,0.0933834,0.091,1
810,764,23,17,6,5,1.0878,10.2227,1,-0.39308,-0.0836884,0.091,1
810,764,23,17,7,6,-0.093404,10.8731,1,-0.51482,-0.273583,0.091,1
810,764,23,17,8,6,0.0908564,9.9692,4,-0.338759,-0.300964,0.091,1
810,764,23,17,9,8,1.33404,9.32388,3,-0.246092,-0.125665,0.091,1
810,764,23,17,10,8,0.726682,11.0268,3,-0.563052,-0.16153,0.091,1
810,770,2,15,0,-1,3.0321,-16.6623,1,0.301532,0.201789,0.092,1
810,770,2,15,1,0,4.07577,-16.2735,4,0.450817,-0.112248,0.092,1
810,770,2,15,2,1,2.73423,-15.7384,3,0.510707,0.208144,0.092,1
810,770,2,15,3,1,3.60534,-17.4889,3,-0.0512134,0.122047,0.092,1
810,773,3,10,0,-1,-2.8572,17.7554,1,0.263287,0.398164,0.333,0
810,773,3,10,1,0,-3.73408,17.1942,4,0.229926,0.41852,0.333,0
810,773,3,10,2,1,-2.55998,16.6351,3,0.117718,0.169963,0.333,0
810,773,3,10,3,1,-3.32706,18.4113,3,0.251816,0.404216,0.333,0
810,774,2,16,0,-1,2.21705,-16.6572,1,0.281137,-0.175518,0.093,0
810,774,2,16,1,0,1.7722,-15.653,4,0.0486448,-0.270964,0.093,0
810,774,2,16,2,1,1.22542,-16.9912,3,0.424777,-0.415357,0.093,0
810,776,17,19,0,-1,-13.7188,-9.18401,1,0.0459717,-0.140659,0.118,1
810,776,17,19,1,0,-13.1368,-10.0621,4,0.0726049,-0.116474,0.118,1
810,776,17,19,2,1,-12.8381,-8.69233,3,0.15619,-0.137083,0.118,1
810,776,17,19,3,0,-13.2107,-7.42965,6,-0.0987906,-0.0957908,0.118,1
810,776,17,19,4,1,-14.4105,-9.792,3,0.0778995,-0.094479,0.118,1
810,779,2,16,0,-1,-12.2437,11.4459,1,-0.442316,-0.079802,0.087,0
810,779,2,16,1,0,-12.4911,10.4342,4,-0.455956,-0.0828971,0.087,0
810,780,3,9,0,-1,-18.8945,7.08184,1,0.200369,-0.311397,0.334,0
810,781,2,15,0,-1,4.11584,-14.3185,1,0.136082,-0.245933,0.092,0
810,782,17,16,0,-1,2.15818,-18.3079,1,0.39773,0.33226,0.118,0
810,782,17,16,1,0,2.69682,-19.2241,4,0.41759,0.331453,0.118,0
810,783,17,20,0,-1,-14.326,-8.6506,1,-0.0608746,-0.307541,0.118,0
810,783,17,20,1,0,-15.3048,-8.25707,4,-0.288861,-0.943813,0.118,0
810,785,27,16,0,-1,11.0775,-3.12299,1,-0.491949,-0.472213,0.119,1
810,785,27,16,1,0,11.2326,-4.17546,4,0.0619689,-0.41769,0.119,1
810,785,27,16,2,1,12.5164,-4.77851,4,0.379799,0.363932,0.119,1
810,785,27,16,3,1,12.162,-3.05224,3,-0.685131,0.201237,0.119,1
810,785,27,16,4,1,10.3105,-3.26944,3,0.125701,-0.522102,0.119,1
810,787,2,15,0,-1,16.8348,1.5219,1,-0.213654,0.515802,0.092,1
810,787,2,15,1,0,15.9201,2.04943,4,-0.325214,0.332478,0.092,1
810,787,2,15,2,1,16.1662,0.62983,3,-0.171571,0.350252,0.092,1
810,787,2,15,3,1,17.2157,2.2888,3,-0.389351,0.67059,0.092,1
810,788,17,19,0,-1,-7.81733,-7.30248,1,-0.217403,0.594007,0.119,1
810,788,17,19,1,0,-8.42573,-6.43137,4,-0.499914,0.338039,0.119,1
810,788,17,19,2,1,-8.77694,-7.78836,3,0.00326332,0.050142,0.119,1
810,788,17,19,3,0,-8.3214,-8.9778,1,-0.266587,0.442802,0.119,1
810,788,17,19,4,1,-7.1523,-6.65698,3,-0.388247,0.780847,0.119,1
810,790,25,16,0,-1,-6.4601,1.44043,1,-0.19032,-0.36256,0.114,1
810,790,25,16,1,0,-7.72496,1.51179,1,-0.200288,-0.471989,0.114,1
810,790,25,16,2,0,-6.18404,0.348348,4,-0.153794,-0.354612,0.114,1
810,790,25,16,3,2,-5.24937,1.44114,3,-0.222504,-0.300751,0.114,1
810,790,25,16,4,2,-7.4698,0.670079,3,-0.137047,-0.34069,0.114,1
810,791,25,15,0,-1,1.20166,0.406804,1,0.245844,-0.0123136,0.115,0
810,791,25,15,1,0,-0.0194054,0.586812,1,0.26409,0.116084,0.115,0
810,792,22,17,0,-1,11.0998,9.11936,1,0.370283,0.107479,0.113,0
810,792,22,17,1,0,9.73942,9.07784,1,0.372407,-0.502913,0.113,0
810,793,17,20,0,-1,-7.95317,-8.18769,1,0.013231,0.58604,0.12,0
810,793,17,20,1,0,-8.94499,-8.63993,4,0.206946,-0.431872,0.12,0
810,793,17,20,2,1,-7.97117,-9.70049,3,0.285435,0.0139584,0.12,0
810,796,25,17,0,-1,-5.97033,2.07608,1,-0.351378,-0.231269,0.115,0
810,797,25,15,0,-1,4.49138,3.75796,1,0.225484,0.014371,0.115,0
810,797,25,15,1,0,5.09288,2.67069,1,0.476209,0.1497,0.115,0
810,797,25,15,2,0,5.37524,4.2842,4,0.118295,0.0711568,0.115,0
810,800,2,16,0,-1,10.5999,0.596877,1,-0.0890104,0.829506,0.095,0
810,800,2,16,1,0,9.69845,0.945955,4,-0.320008,0.803214,0.095,0
810,800,2,16,2,1,10.2441,-0.431145,3,-0.445131,0.925989,0.095,0
810,801,22,16,0,-1,10.0073,6.57662,1,-0.259943,0.119247,0.114,0
840,629,23,16,0,-1,3.64704,-2.42837,1,-0.403072,-0.0891474,0.09,1
840,629,23,16,1,0,2.30196,-2.57945,1,-0.378642,-0.329712,0.09,1
840,629,23,16,2,0,2.89312,-3.1205,4,-0.281922,-0.215434,0.09,1
840,629,23,16,3,2,4.31089,-3.30384,3,-0.251338,-0.0444737,0.09,1
840,629,23,16,4,2,2.96146,-1.89116,3,-0.547617,-0.20062,0.09,1
840,629,23,16,5,3,3.33232,-3.66899,1,-0.216028,-0.129444,0.09,1
840,629,23,16,6,5,2.57161,-4.31805,1,-0.1649,-0.198343,0.09,1
840,629,23,16,7,6,1.23136,-4.46,1,-0.141599,-0.300393,0.09,1
840,629,23,16,8,6,1.83554,-5.03485,4,-0.0776874,-0.313788,0.09,1
840,629,23,16,9,8,3.23252,-5.10093,3,-0.0657741,-0.149955,0.09,1
840,629,23,16,10,8,1.913,-3.79747,3,-0.325697,-0.317421,0.09,1
840,655,25,14,0,-1,-1.23057,3.93238,1,-0.250631,0.0794348,0.114,1
840,655,25,14,1,0,-0.860464,5.10884,1,-0.529068,0.146246,0.114,1
840,655,25,14,2,0,-2.32494,3.79661,4,-0.298161,-0.0399364,0.114,1
840,655,25,14,3,2,-1.15916,2.9137,3,-0.291527,0.034168,0.114,1
840,655,25,14,4,2,-1.61927,4.8599,3,-0.524509,0.109235,0.114,1
840,657,17,15,0,-1,-0.73474,-18.7551,1,0.153051,-0.470673,0.119,1
840,657,17,15,1,0,-0.0622946,-19.5424,4,0.324562,-0.294719,0.119,1
840,657,17,15,2,1,0.0699726,-18.1455,3,-0.0972568,-0.243219,0.119,1
840,657,17,15,3,0,-0.490812,-16.942,1,-0.145789,-0.436403,0.119,1
840,657,17,15,4,1,-1.36727,-19.2603,3,0.25235,-0.586635,0.119,1
840,674,17,16,0,-1,-3.09929,-14.6906,1,-0.179815,0.0674494,0.119,1
840,674,17,16,1,0,-4.13969,-14.5855,4,-0.213141,0.153754,0.119,1
840,674,17,16,2,1,-3.32627,-15.7139,3,-0.255563,0.142704,0.119,1
840,674,17,16,3,0,-1.90252,-16.0586,1,-0.280893,-0.043126,0.119,1
840,674,17,16,4,1,-3.02523,-13.8772,3,-0.202315,0.101364,0.119,1
840,698,17,17,0,-1,10.8737,-12.5979,1,0.000658831,-0.328931,0.12,1
840,698,17,17,1,0,9.97999,-13.1641,4,-0.125681,-0.104802,0.12,1
840,698,17,17,2,1,11.3289,-13.5086,3,-0.156408,-0.224772,0.12,1
840,698,17,17,3,0,12.6517,-13.0542,1,-0.179333,-1.00569,0.12,1
840,698,17,17,4,1,10.3023,-11.8955,3,0.120325,-0.160485,0.12,1
840,719,3,8,0,-1,-11.0278,11.5284,1,-1.07078,0.160276,0.334,1
840,719,3,8,1,0,-11.9862,12.0202,4,-1.08514,0.0868564,0.334,1
840,719,3,8,2,1,-11.7669,10.7117,3,-0.888608,0.0838554,0.334,1
840,719,3,8,3,1,-10.8515,12.4288,3,-1.19609,0.318336,0.334,1
840,719,3,8,4,0,-9.88072,10.8374,0,-1.09734,0.0601139,0.334,1
840,719,3,8,5,4,-8.7662,9.88279,0,-0.848438,0.163111,0.334,1
840,719,3,8,6,5,-7.56039,9.10464,0,-0.545203,0.527107,0.334,1
840,719,3,8,7,6,-6.89813,7.87022,0,-0.0361169,0.771787,0.334,1
840,719,3,8,8,7,-5.98251,6.75662,0,0.327877,1.04857,0.334,1
840,732,17,17,0,-1,-9.88238,-14.3277,1,-0.265847,-0.153522,0.118,1
840,732,17,17,1,0,-10.9148,-14.0433,4,-0.201555,0.138873,0.118,1
840,732,17,17,2,1,-10.4791,-15.3606,3,-0.452996,0.0792648,0.118,1
840,732,17,17,3,0,-8.75271,-15.7823,1,-0.926576,-0.675231,0.118,1
840,732,17,17,4,1,-9.7338,-13.4859,3,-0.149557,-0.079976,0.118,1
840,733,17,18,0,-1,-5.23895,-20.8599,1,-0.0655475,0.346215,0.121,1
840,733,17,18,1,0,-4.8272,-19.8671,4,0.370157,0.162654,0.121,1
840,733,17,18,2,1,-6.19427,-20.0801,3,0.277454,0.72975,0.121,1
840,733,17,18,3,0,-6.82063,-21.8017,1,-0.492494,1.05754,0.121,1
840,733,17,18,4,1,-4.40068,-21.1105,3,-0.178729,-0.0281588,0.121,1
840,753,2,16,0,-1,9.21888,-6.85666,1,0.374312,-0.0770674,0.091,1
840,753,2,16,1,0,9.87218,-6.02411,4,0.332608,0.111907,0.091,1
840,753,2,16,2,1,8.41198,-5.90893,3,0.404846,0.031295,0.091,1
840,753,2,16,3,1,9.95238,-7.40001,3,0.560693,0.171231,0.091,1
840,754,2,15,0,-1,-16.4238,21.8068,1,0.513207,0.0960309,0.088,1
840,754,2,15,1,0,-16.0397,20.8238,4,-0.0961049,-0.145525,0.088,1
840,754,2,15,2,1,-15.2511,22.0401,3,0.627763,-0.616083,0.088,1
840,754,2,15,3,1,-17.2893,21.2583,3,0.18581,0.63424,0.088,1
840,755,25,15,0,-1,-2.51666,-6.26017,1,0.337912,-0.434699,0.114,1
840,755,25,15,1,0,-3.72814,-5.97643,1,0.474465,0.148598,0.114,1
840,755,25,15,2,0,-2.39847,-7.33314,4,-0.170659,-0.49123,0.114,1
840,755,25,15,3,2,-1.30815,-6.38903,3,0.264955,-0.983204,0.114,1
840,755,25,15,4,2,-3.54136,-6.70922,3,0.116863,0.04442,0.114,1
840,762,22,16,0,-1,15.1387,12.4898,1,-0.230005,0.135799,0.114,1
840,762,22,16,1,0,16.0051,13.5817,1,-0.292965,0.250014,0.114,1
840,762,22,16,2,0,15.0243,13.5121,4,-0.122247,0.189911,0.114,1
840,762,22,16,3,2,13.8687,12.6482,3,-0.0271211,0.316219,0.114,1
840,762,22,16,4,2,15.9756,12.6778,3,0.442432,0.614738,0.114,1
840,764,23,17,0,-1,5.44581,5.61784,1,0.47176,0.184935,0.091,1
840,764,23,17,1,0,6.77353,5.30575,1,0.533899,0.430942,0.091,1
840,764,23,17,2,0,6.41819,5.98512,4,0.41128,0.33406,0.091,1
840,764,23,17,3,2,5.10892,6.46967,3,0.368093,0.19935,0.091,1
840,764,23,17,5,3,6.10326,6.79415,1,0.376974,0.203987,0.091,1
840,764,23,17,6,5,6.76388,7.55879,1,0.459942,0.147704,0.091,1
840,764,23,17,7,6,8.07387,7.88245,1,0.498515,0.0233454,0.091,1
840,764,23,17,8,6,7.44489,8.34426,4,0.57019,0.0566977,0.091,1
840,764,23,17,9,8,6.08502,8.62018,3,0.62731,0.318799,0.091,1
840,764,23,17,10,8,7.42137,7.09347,3,0.415705,0.0568818,0.091,1
840,776,17,19,0,-1,-14.2602,-15.835,1,0.445198,-0.0447314,0.118,1
840,776,17,19,1,0,-13.1749,-15.914,4,0.477665,0.314204,0.118,1
840,776,17,19,2,1,-13.9744,-14.7794,3,0.19873,0.112802,0.118,1
840,776,17,19,3,0,-15.2811,-14.2998,6,-0.229708,-0.494399,0.118,1
840,776,17,19,4,1,-13.9889,-16.9189,3,0.779868,0.0699991,0.118,1
840,779,2,16,0,-1,-20.2238,12.9039,1,0.335793,0.296474,0.087,1
840,779,2,16,1,0,-19.2338,13.2534,4,0.391845,0.135835,0.087,1
840,779,2,16,2,1,-20.4742,13.9768,3,0.509737,0.339653,0.087,1
840,779,2,16,3,1,-19.807,12.0705,3,0.191508,0.229143,0.087,1
840,780,3,9,0,-1,-11.8492,11.4907,1,-1.06781,0.230343,0.334,0
840,780,3,9,1,0,-12.693,12.1731,4,-0.784655,0.570608,0.334,0
840,780,3,9,2,1,-12.7468,10.8711,3,-1.30296,0.611268,0.334,0
840,780,3,9,3,1,-11.5364,12.6231,3,-0.613963,0.0297423,0.334,0
840,782,17,16,0,-1,-0.818708,-19.5807,1,0.301326,-0.496278,0.118,0
840,782,17,16,1,0,-1.84345,-19.8719,4,0.37798,-0.765147,0.118,0
840,783,17,20,0,-1,-11.1475,-8.02061,1,0.130758,0.484682,0.118,1
840,783,17,20,1,0,-11.4386,-7.00323,4,-0.322325,0.35117,0.118,1
840,783,17,20,2,1,-12.1573,-8.2095,3,0.238344,0.00372558,0.118,1
840,783,17,20,3,0,-12.1888,-9.53307,6,0.651224,0.125194,0.118,1
840,783,17,20,4,1,-10.247,-7.54343,3,0.0056349,1.05418,0.118,1
840,785,27,16,0,-1,10.622,-15.1681,1,-0.454579,-0.242925,0.119,1
840,785,27,16,1,0,9.61391,-14.8361,4,-0.439242,-0.210529,0.119,1
840,785,27,16,2,1,8.45607,-15.6518,4,-0.515738,-0.110215,0.119,1
840,785,27,16,3,1,10.0696,-16.2384,3,-0.358198,-0.188196,0.119,1
840,785,27,16,4,1,10.794,-14.2525,3,-0.442834,-0.201454,0.119,1
840,787,2,15,0,-1,11.5963,-6.56399,1,-0.461364,0.162313,0.092,1
840,787,2,15,1,0,10.7521,-5.94024,4,-0.399196,0.248581,0.092,1
840,787,2,15,2,1,10.8677,-7.36636,3,-0.494683,0.240834,0.092,1
840,787,2,15,3,1,12.0851,-5.89237,3,-0.398368,0.163954,0.092,1
840,788,17,19,0,-1,-14.4008,-1.89414,1,-0.140354,0.271498,0.119,1
840,788,17,19,1,0,-14.8748,-0.948877,4,0.0603084,0.372737,0.119,1
840,788,17,19,2,1,-15.4167,-2.22562,3,-0.178057,0.473434,0.119,1
840,788,17,19,3,0,-14.9196,-3.64838,1,-0.578987,0.400788,0.119,1
840,788,17,19,4,1,-13.6725,-1.47656,3,-0.0499306,0.125317,0.119,1
840,792,22,17,0,-1,12.3752,17.0815,1,0.704858,-0.276668,0.113,1
840,792,22,17,1,0,12.1134,15.7479,1,0.901339,-0.324636,0.113,1
840,792,22,17,2,0,12.865,16.1709,4,0.602675,-0.356315,0.113,1
840,792,22,17,3,2,13.4792,17.4452,3,0.547436,-0.446183,0.113,1
840,792,22,17,4,2,11.7301,16.6017,3,0.927235,0.210465,0.113,1
840,793,17,20,0,-1,-11.0095,-12.3104,1,-0.590346,-0.0578681,0.12,1
840,793,17,20,1,0,-11.9852,-12.7885,4,-0.451617,-0.438524,0.12,1
840,793,17,20,2,1,-10.6345,-13.1974,3,-0.388979,0.047013,0.12,1
840,793,17,20,3,0,-9.22478,-12.8522,1,-0.738034,-0.116977,0.12,1
840,793,17,20,4,1,-11.7017,-11.5066,3,0.0796124,-0.610187,0.12,1
840,797,25,15,0,-1,3.0311,1.4637,1,0.148017,0.285384,0.115,1
840,797,25,15,1,0,3.52237,0.333046,1,0.0547795,0.264874,0.115,1
840,797,25,15,2,0,3.79581,2.2253,4,0.215043,0.206496,0.115,1
840,797,25,15,3,2,2.35995,2.33782,3,0.214898,0.250117,0.115,1
840,797,25,15,4,2,4.01835,0.95504,3,0.172706,0.19881,0.115,1
840,798,27,17,0,-1,9.98677,-15.6253,1,-0.497516,-0.199553,0.118,0
840,798,27,17,1,0,9.10497,-16.0342,4,-0.552539,-0.0604102,0.118,0
840,798,27,17,2,1,9.29307,-17.4425,4,-0.802207,-0.0930363,0.118,0
840,798,27,17,3,1,10.1996,-16.9701,3,-0.733761,-0.269366,0.118,0
840,804,2,17,0,-1,-15.2231,9.78049,1,0.567588,0.0269056,0.088,1
840,804,2,17,1,0,-14.1808,9.94703,4,0.531572,0.246475,0.088,1
840,804,2,17,2,1,-15.2579,10.9054,3,0.367407,0.0715431,0.088,1
840,804,2,17,3,1,-14.8757,8.84685,3,0.80475,0.0731333,0.088,1
840,806,17,19,0,-1,-5.17745,-21.6629,1,-0.260667,0.333227,0.12,0
840,807,17,17,0,-1,-2.14147,-16.9164,1,0.232791,-0.511636,0.118,1
840,807,17,17,1,0,-1.35635,-17.6352,4,0.420435,-0.299548,0.118,1
840,807,17,17,2,1,-1.11531,-16.2529,3,-0.238351,-0.186466,0.118,1
840,807,17,17,3,0,-2.31706,-15.0951,1,-0.127311,-0.545689,0.118,1
840,807,17,17,4,1,-2.61172,-17.7659,3,0.470761,-0.837711,0.118,1
840,809,17,20,0,-1,-15.0901,-15.8805,1,0.455402,-0.195187,0.117,0
840,809,17,20,1,0,-14.7298,-14.9041,4,0.243282,-0.115612,0.117,0
840,809,17,20,2,1,-16.0718,-15.2928,3,0.329489,-0.372828,0.117,0
840,810,17,20,0,-1,-13.8956,-2.51723,1,-0.137054,0.272322,0.118,0
840,812,22,18,0,-1,11.095,18.0973,1,-1.27326,-0.359027,0.114,1
840,812,22,18,1,0,10.008,18.8717,1,-1.34254,0.341734,0.114,1
840,812,22,18,2,0,10.0332,18.2872,4,-0.698749,-0.317366,0.114,1
840,812,22,18,3,2,9.77036,16.9118,3,-0.408789,-0.246686,0.114,1
840,812,22,18,4,2,10.7814,19.2902,3,0.36872,-1.39962,0.114,1
840,814,17,21,0,-1,-10.3079,-12.697,1,-0.416897,-0.0759394,0.121,0
840,814,17,21,1,0,-10.5963,-11.6773,4,0.476839,-0.0449903,0.121,0
840,814,17,21,2,1,-11.2441,-12.9273,3,0.10606,0.0625046,0.121,0
840,816,25,16,0,-1,2.55402,0.815114,1,0.122661,0.304501,0.116,0
840,817,22,17,0,-1,14.5006,12.83,1,0.0866787,0.165064,0.113,0
840,817,22,17,1,0,13.7592,11.6675,1,-0.393601,0.441752,0.113,0
840,817,22,17,2,0,14.5262,11.7882,4,-0.670431,-0.0259318,0.113,0
840,817,22,17,3,2,15.6804,12.4985,3,-0.834627,-0.338483,0.113,0
840,822,25,15,0,-1,-0.52305,3.53705,1,-0.0950008,0.124427,0.113,0
840,822,25,15,1,0,-1.73086,3.40591,1,-0.030229,-0.022089,0.113,0
840,822,25,15,2,0,-0.2374,2.5253,4,-0.50237,-0.0163283,0.113,0
840,823,23,18,0,-1,4.70083,5.30636,1,0.424977,0.301427,0.091,0
840,825,2,17,0,-1,9.11665,-6.08528,1,0.545412,-0.076549,0.092,0
840,825,2,17,1,0,9.66655,-5.20468,4,0.206887,0.155346,0.092,0
870,655,25,14,0,-1,4.75813,-0.75907,1,-0.124732,0.403591,0.114,1
870,655,25,14,1,0,5.83518,-1.39563,1,-0.16493,0.453214,0.114,1
870,655,25,14,2,0,4.93454,0.336511,4,-0.171969,0.379055,0.114,1
870,655,25,14,3,2,3.72269,-0.467868,3,-0.0800894,0.227721,0.114,1
870,655,25,14,4,2,5.81954,-0.577515,3,0.175291,0.603774,0.114,1
870,657,17,15,0,-1,6.9446,-15.4919,1,0.195943,0.1234,0.119,1
870,657,17,15,1,0,7.93302,-15.0566,4,0.217896,0.125805,0.119,1
870,657,17,15,2,1,6.72736,-14.3623,3,0.300852,0.27801,0.119,1
870,657,17,15,3,0,5.26698,-14.7781,1,0.152996,0.0113774,0.119,1
870,657,17,15,4,1,7.44221,-16.254,3,0.309538,0.115474,0.119,1
870,698,17,17,0,-1,10.0592,-6.60982,1,0.204317,-0.233252,0.12,1
870,698,17,17,1,0,10.7573,-7.45782,4,0.331807,-0.0145382,0.12,1
870,698,17,17,2,1,11.0527,-6.06924,3,-0.0289808,0.0677257,0.12,1
870,698,17,17,3,0,10.6016,-4.86512,1,-0.173096,-0.132818,0.12,1
870,698,17,17,4,1,9.48673,-7.71213,3,0.306156,-0.251472,0.12,1
870,719,3,8,0,-1,-11.2535,6.52307,1,-0.558217,-0.00306315,0.334,1
870,719,3,8,1,0,-12.1625,6.04218,4,-0.556518,-0.0549278,0.334,1
870,719,3,8,2,1,-11.174,5.16085,3,-0.57549,-0.141864,0.334,1
870,719,3,8,3,1,-11.8421,7.2239,3,-0.457822,-0.0169988,0.334,1
870,719,3,8,4,0,-10.1281,7.11669,0,-0.593434,0.0922155,0.334,1
870,719,3,8,5,4,-8.93804,7.7197,0,-0.512939,-0.0788638,0.334,1
870,719,3,8,6,5,-8.32102,8.89109,0,-0.107101,-0.271441,0.334,1
870,719,3,8,7,6,-7.41705,9.83692,0,0.127013,-0.457759,0.334,1
870,719,3,8,8,7,-6.92006,11.1337,0,0.302307,-0.509164,0.334,1
870,732,17,17,0,-1,-6.61137,-10.0084,1,0.418665,0.0284602,0.118,1
870,732,17,17,1,0,-6.19025,-9.01302,4,0.802404,-0.0420784,0.118,1
870,732,17,17,2,1,-7.56502,-9.0463,3,0.953642,-0.0735679,0.118,1
870,732,17,17,3,0,-8.20459,-10.9178,1,0.0908958,0.495542,0.118,1
870,732,17,17,4,1,-5.71371,-10.2348,3,0.198013,-0.212044,0.118,1
870,762,22,16,0,-1,20.7997,19.767,1,0.09517,0.335566,0.114,1
870,762,22,16,1,0,21.6105,20.8538,1,0.0742956,0.356442,0.114,1
870,762,22,16,2,0,20.8243,20.7858,4,0.090755,0.318461,0.114,1
870,762,22,16,3,2,19.8058,19.8287,3,0.10144,0.279213,0.114,1
870,762,22,16,4,2,21.6167,19.8159,3,0.0826811,0.281661,0.114,1
870,764,23,17,0,-1,12.8064,8.32389,1,0.0503414,-0.22175,0.091,1
870,764,23,17,1,0,12.0619,7.18503,1,0.0456924,-0.210849,0.091,1
870,764,23,17,2,0,12.8138,7.28773,4,0.0558259,-0.23568,0.091,1
870,764,23,17,3,2,13.6464,8.40042,3,0.0197217,-0.225241,0.091,1
870,764,23,17,5,3,13.6266,7.33711,1,0.0883099,-0.222072,0.091,1
870,764,23,17,6,5,14.2056,6.51141,1,0.183208,-0.142375,0.091,1
870,764,23,17,7,6,14.3871,5.16146,1,0.177998,-0.114444,0.091,1
870,764,23,17,8,6,14.9174,5.7894,4,0.314211,-0.0418769,0.091,1
870,764,23,17,9,8,14.8975,7.19659,3,0.0394277,-0.037294,0.091,1
870,764,23,17,10,8,13.677,5.88115,3,0.321958,-0.15985,0.091,1
870,779,2,16,0,-1,-12.3251,8.79999,1,0.0225433,0.388215,0.087,1
870,779,2,16,1,0,-11.3185,9.08564,4,0.088281,0.0838569,0.087,1
870,779,2,16,2,1,-12.5658,9.79889,3,0.265248,0.457675,0.087,1
870,779,2,16,3,1,-12.0993,8.03017,3,-0.155172,0.220534,0.087,1
870,780,3,9,0,-1,-12.1259,5.196,1,-0.56965,-0.470767,0.334,1
870,780,3,9,1,0,-13.0481,4.78142,4,-0.513808,-0.773116,0.334,1
870,780,3,9,2,1,-11.7688,4.37917,3,-0.378597,-0.236442,0.334,1
870,780,3,9,3,1,-13.069,6.05399,3,-1.0926,-0.891279,0.334,1
870,780,3,9,4,0,-10.8927,5.72997,0,-0.751201,-0.0706378,0.334,1
870,780,3,9,5,4,-9.48812,5.78162,0,-0.714338,-0.088347,0.334,1
870,780,3,9,6,5,-8.18398,6.20897,0,-0.628373,-0.260089,0.334,1
870,780,3,9,7,6,-6.84183,6.19058,0,-0.595228,-0.459373,0.334,1
870,780,3,9,8,7,-5.55679,6.75134,0,-0.5043,-0.59529,0.334,1
870,782,17,16,0,-1,6.22044,-15.9089,1,0.0339928,0.363803,0.118,0
870,782,17,16,1,0,6.13295,-14.8544,4,0.173312,0.373482,0.118,0
870,782,17,16,2,1,4.9787,-15.6173,3,0.139244,0.408287,0.118,0
870,782,17,16,3,0,5.12434,-17.3861,1,-0.297081,0.598029,0.118,0
870,783,17,20,0,-1,-13.2187,-12.68,1,0.254643,-0.599543,0.118,1
870,783,17,20,1,0,-12.8291,-13.6596,4,0.529094,-0.502306,0.118,1
870,783,17,20,2,1,-12.3813,-12.3311,3,0.231791,-0.409056,0.118,1
870,783,17,20,3,0,-12.1673,-11.1748,6,-0.308277,-0.192772,0.118,1
870,783,17,20,4,1,-14.0632,-13.2608,3,0.423981,-0.81919,0.118,1
870,785,27,16,0,-1,2.02671,-8.61299,1,0.0652927,0.549309,0.119,1
870,785,27,16,1,0,1.66969,-7.64815,4,-0.156737,0.461608,0.119,1
870,785,27,16,2,1,0.25182,-7.59618,4,-0.168969,0.149569,0.119,1
870,785,27,16,3,1,1.01626,-8.96233,3,0.197527,0.289577,0.119,1
870,785,27,16,4,1,2.83591,-8.27499,3,-0.0274248,0.695194,0.119,1
870,787,2,15,0,-1,13.1856,3.88368,1,0.335118,-0.387079,0.092,1
870,787,2,15,1,0,14.0393,3.2774,4,0.580576,-0.0758393,0.092,1
870,787,2,15,2,1,13.7216,4.68158,3,0.22914,-0.166386,0.092,1
870,787,2,15,3,1,12.7168,3.22604,3,0.599829,-0.626493,0.092,1
870,793,17,20,0,-1,-16.2661,-11.6261,1,0.137573,-0.14458,0.12,1
870,793,17,20,1,0,-15.9695,-12.6371,4,0.175416,-0.0962674,0.12,1
870,793,17,20,2,1,-15.3861,-11.3607,3,0.121754,-0.0553874,0.12,1
870,793,17,20,3,0,-15.0193,-10.2889,1,0.0961793,-0.14192,0.12,1
870,793,17,20,4,1,-17.1648,-12.1353,3,0.145944,-0.140554,0.12,1
870,798,27,17,0,-1,1.277,-8.25355,1,-0.024435,0.364691,0.118,0
870,798,27,17,1,0,1.00586,-7.30395,4,-0.224915,0.305104,0.118,0
870,798,27,17,2,1,-0.398492,-7.09302,4,-0.267696,0.00171491,0.118,0
870,798,27,17,3,1,0.289301,-8.55792,3,0.072128,0.136351,0.118,0
870,804,2,17,0,-1,-11.0931,10.5532,1,0.394387,-0.278279,0.088,1
870,804,2,17,1,0,-10.6292,9.60436,4,0.576026,-0.199146,0.088,1
870,804,2,17,2,1,-10.2357,10.9832,3,0.573341,-0.191753,0.088,1
870,804,2,17,3,1,-11.8502,10.0205,3,0.509006,-0.465951,0.088,1
870,807,17,17,0,-1,0.328787,-13.5375,1,-0.188352,-0.301816,0.118,1
870,807,17,17,1,0,0.110675,-14.5715,4,-0.226853,-0.265592,0.118,1
870,807,17,17,2,1,1.43784,-14.0753,3,-0.228938,-0.188147,0.118,1
870,807,17,17,3,0,1.74632,-12.3855,1,-0.146614,-0.388717,0.118,1
870,807,17,17,4,1,-0.539762,-13.4749,3,-0.0877724,-0.160031,0.118,1
870,812,22,18,0,-1,2.07959,13.4153,1,-0.180079,0.200707,0.114,1
870,812,22,18,1,0,1.84787,14.7457,1,-0.258985,0.168111,0.114,1
870,812,22,18,2,0,1.33992,14.1211,4,-0.285467,0.11306,0.114,1
870,812,22,18,3,2,1.43156,12.6947,3,-0.0926316,0.119646,0.114,1
870,812,22,18,4,2,2.56407,14.0809,3,-0.292596,0.339631,0.114,1
870,814,17,21,0,-1,-9.42748,-7.68571,1,-0.27738,0.241178,0.121,1
870,814,17,21,1,0,-9.55838,-8.81881,4,-0.489113,0.128566,0.121,1
870,814,17,21,2,1,-8.14482,-8.75995,3,-0.716897,-0.632585,0.121,1
870,814,17,21,3,0,-8.14972,-6.37516,1,0.372157,-0.31663,0.121,1
870,814,17,21,4,1,-10.5612,-7.942,3,-0.205745,0.228001,0.121,1
870,817,22,17,0,-1,3.59609,7.32644,1,-0.216027,-0.330833,0.113,1
870,817,22,17,1,0,2.64854,6.34728,1,-0.209792,-0.329271,0.113,1
870,817,22,17,2,0,3.45476,6.3131,4,-0.222754,-0.345835,0.113,1
870,817,22,17,3,2,4.53669,7.18536,3,-0.215977,-0.366444,0.113,1
870,817,22,17,4,2,2.50366,7.20498,3,-0.21457,-0.367733,0.113,1
870,822,25,15,0,-1,4.04172,-1.19897,1,-0.00733419,0.212266,0.113,0
870,822,25,15,1,0,4.37777,-0.0445863,1,-0.000117257,0.187628,0.113,0
870,822,25,15,2,0,3.02069,-0.886957,4,-0.0126184,0.218357,0.113,0
870,822,25,15,3,2,3.39429,-2.25979,3,-0.00239298,0.226978,0.113,0
870,823,23,18,0,-1,12.3415,8.97906,1,0.174329,-0.128366,0.091,0
870,826,17,18,0,-1,9.46133,-5.98796,1,0.338683,-0.229097,0.121,0
870,826,17,18,1,0,8.38322,-6.07417,4,0.328768,-0.231206,0.121,0
870,826,17,18,2,1,9.37259,-7.00947,3,0.256057,-0.284118,0.121,0
870,826,17,18,3,0,11.0673,-6.84461,1,0.481034,-0.11235,0.121,0
870,828,17,18,0,-1,0.775838,-14.201,1,-0.393557,-0.44728,0.117,0
870,828,17,18,1,0,1.59124,-14.8794,4,-0.424123,-0.390194,0.117,0
870,829,22,18,0,-1,3.04336,6.82878,1,-0.223648,-0.360594,0.114,1
870,829,22,18,1,0,2.19754,5.73457,1,-0.275633,-0.315997,0.114,1
870,829,22,18,2,0,2.94595,5.74977,4,-0.289351,-0.351154,0.114,1
870,829,22,18,3,2,4.21897,6.32102,3,-0.259663,-0.406611,0.114,1
870,829,22,18,4,2,2.00301,6.62095,3,-0.297821,-0.353079,0.114,1
870,831,17,22,0,-1,-8.6921,-7.44252,1,-0.143745,0.122933,0.12,0
870,831,17,22,1,0,-9.50373,-8.20256,4,0.314307,-0.00862481,0.12,0
870,831,17,22,2,1,-8.13634,-8.08338,3,0.388381,-0.279854,0.12,0
870,831,17,22,3,0,-6.83237,-7.20214,1,-0.415604,0.993378,0.12,0
870,832,22,19,0,-1,2.99324,7.68193,1,-0.278799,-0.372602,0.115,0
870,835,17,21,0,-1,-16.7242,-10.9609,1,0.198998,-0.132611,0.121,0
870,836,22,19,0,-1,1.27192,13.4044,1,-0.180691,0.0872846,0.115,0
870,837,3,10,0,-1,-12.4927,4.3236,1,-0.321073,-0.608043,0.335,0
870,837,3,10,1,0,-12.5678,3.25142,4,-0.226515,-0.679566,0.335,0
870,837,3,10,2,1,-11.3526,3.66029,3,-0.354802,-0.31342,0.335,0
870,837,3,10,3,1,-13.4,4.15971,3,-0.428484,-0.938722,0.335,0
870,837,3,10,4,0,-12.6576,5.5273,0,0.0198547,-0.529806,0.335,0
870,841,17,18,0,-1,-6.99065,-9.33173,1,0.648988,0.106574,0.117,0
900,655,25,14,0,-1,11.0713,7.98772,1,0.481341,0.223075,0.114,1
900,655,25,14,1,0,10.8126,6.78569,1,0.294752,0.241921,0.114,1
900,655,25,14,2,0,12.174,8.06251,4,0.331968,0.149192,0.114,1
900,655,25,14,3,2,11.5408,9.36358,3,0.436778,0.227249,0.114,1
900,655,25,14,4,2,11.5874,6.92161,3,0.289443,0.134864,0.114,1
900,657,17,15,0,-1,16.6883,-11.2651,1,0.34414,0.0800509,0.119,1
900,657,17,15,1,0,17.7054,-10.9003,4,0.286203,0.298246,0.119,1
900,657,17,15,2,1,16.4127,-10.3398,3,0.121203,-0.0451144,0.119,1
900,657,17,15,3,0,15.1218,-10.3324,1,0.224824,-0.267252,0.119,1
900,657,17,15,4,1,17.3429,-12.1725,3,0.694694,0.202739,0.119,1
900,698,17,17,0,-1,19.3076,-12.9172,1,-0.26651,-0.308423,0.12,1
900,698,17,17,1,0,18.3199,-12.523,4,-0.201275,-0.434841,0.12,1
900,698,17,17,2,1,19.0149,-13.7254,3,-0.139614,-0.486255,0.12,1
900,698,17,17,3,0,19.904,-14.6522,1,0.0900356,-0.220743,0.12,1
900,698,17,17,4,1,19.3592,-11.6895,3,-0.271845,-0.111185,0.12,1
900,719,3,8,0,-1,-21.8549,-0.477387,1,-0.0424015,-0.271094,0.334,1
900,719,3,8,1,0,-22.2328,-1.42017,4,0.03326,-0.303342,0.334,1
900,719,3,8,2,1,-21.0441,-0.863514,3,-0.0201838,-0.189199,0.334,1
900,719,3,8,3,1,-22.6593,-0.266435,3,-0.0740214,-0.34837,0.334,1
900,719,3,8,4,0,-21.1172,0.550341,0,-0.103467,-0.226672,0.334,1
900,719,3,8,5,4,-19.9871,1.23562,0,-0.147653,-0.167591,0.334,1
900,719,3,8,6,5,-19.1705,2.25891,0,-0.219869,-0.124447,0.334,1
900,719,3,8,7,6,-18.052,2.92434,0,-0.250283,-0.0949749,0.334,1
900,719,3,8,8,7,-17.2745,4.06963,0,-0.283304,-0.0812042,0.334,1
900,732,17,17,0,-1,-0.687452,-16.5468,1,0.0788971,0.169384,0.118,1
900,732,17,17,1,0,0.132332,-15.8769,4,0.00833548,0.222712,0.118,1
900,732,17,17,2,1,-1.25656,-16.0609,3,0.00454642,0.651459,0.118,1
900,732,17,17,3,0,-2.39608,-15.8442,1,0.208328,0.52439,0.118,1
900,732,17,17,4,1,0.634909,-17.1116,3,0.44586,0.482479,0.118,1
900,779,2,16,0,-1,-15.2284,9.76283,1,-0.727752,0.302138,0.087,1
900,779,2,16,1,0,-15.3111,10.8191,4,0.0400166,0.357878,0.087,1
900,779,2,16,2,1,-16.4617,9.93048,3,-0.631045,1.1561,0.087,1
900,779,2,16,3,1,-14.2169,10.0676,3,-0.475904,-0.390054,0.087,1
900,783,17,20,0,-1,-8.07565,-6.12188,1,0.427953,0.151347,0.118,1
900,783,17,20,1,0,-7.72968,-5.16457,4,0.685496,0.0786985,0.118,1
900,783,17,20,2,1,-8.98768,-5.73575,3,0.26547,0.807682,0.118,1
900,783,17,20,3,0,-9.59669,-7.14491,6,0.192621,0.699564,0.118,1
900,783,17,20,4,1,-7.48883,-6.51785,3,0.211303,0.0386982,0.118,1
900,787,2,15,0,-1,18.8645,-6.76031,1,-0.509376,0.281434,0.092,1
900,787,2,15,1,0,18.0086,-7.40277,4,-0.185332,-0.186462,0.092,1
900,787,2,15,2,1,19.3103,-8.06109,3,0.102949,0.425388,0.092,1
900,787,2,15,3,1,18.197,-6.08461,3,-0.621114,-0.144935,0.092,1
900,804,2,17,0,-1,-15.541,17.7519,1,-0.427804,0.15726,0.088,1
900,804,2,17,1,0,-16.5832,17.6432,4,-0.391738,-0.187496,0.088,1
900,804,2,17,2,1,-15.4724,16.7246,3,-0.106943,0.159591,0.088,1
900,804,2,17,3,1,-15.7251,18.6322,3,-0.758334,0.145017,0.088,1
900,807,17,17,0,-1,-4.45701,-12.5776,1,0.434236,-0.386136,0.118,1
900,807,17,17,1,0,-3.39083,-12.511,4,0.417402,-0.402089,0.118,1
900,807,17,17,2,1,-4.17205,-11.3732,3,0.306478,-0.441569,0.118,1
900,807,17,17,3,0,-6.09299,-11.7464,1,0.575441,-0.121493,0.118,1
900,807,17,17,4,1,-4.31915,-13.3809,3,0.417649,-0.410261,0.118,1
900,814,17,21,0,-1,-18.1128,-10.4624,1,-0.178789,-0.119047,0.121,1
900,814,17,21,1,0,-19.132,-10.7427,4,-0.195737,-0.0737046,0.121,1
900,814,17,21,2,1,-17.8763,-11.3557,3,-0.237981,-0.155161,0.121,1
900,814,17,21,3,0,-16.6978,-11.6202,1,-0.190797,-0.128082,0.121,1
900,814,17,21,4,1,-18.5198,-9.59555,3,-0.155831,-0.0936823,0.121,1
900,822,25,15,0,-1,0.254967,2.14538,1,0.482551,0.307524,0.113,1
900,822,25,15,1,0,1.12477,1.26775,1,0.671494,0.425204,0.113,1
900,822,25,15,2,0,0.727316,3.14114,4,0.181422,0.487097,0.113,1
900,822,25,15,3,2,-0.709311,3.01774,3,0.144464,0.609376,0.113,1
900,822,25,15,4,2,1.39923,2.02003,3,0.276622,0.59586,0.113,1
900,828,17,18,0,-1,1.69929,-16.2704,1,0.517136,0.322353,0.117,1
900,828,17,18,1,0,1.55846,-15.1525,4,0.112586,0.274028,0.117,1
900,828,17,18,2,1,0.835299,-16.3488,3,0.15284,0.460145,0.117,1
900,828,17,18,3,0,0.712965,-17.8552,1,0.634577,0.513811,0.117,1
900,828,17,18,4,1,2.47327,-15.9865,3,0.285193,0.47703,0.117,1
900,829,22,18,0,-1,-2.2123,1.91949,1,0.331892,-0.0193713,0.114,1
900,829,22,18,1,0,-0.952844,2.33506,1,0.351254,0.225397,0.114,1
900,829,22,18,2,0,-1.68626,2.82099,4,0.1171,0.063216,0.114,1
900,829,22,18,3,2,-3.04679,2.38549,3,0.296095,-0.388192,0.114,1
900,829,22,18,4,2,-1.27813,1.64844,3,0.4516,0.138751,0.114,1
900,831,17,22,0,-1,-9.65239,-5.32447,1,0.291421,0.188093,0.12,1
900,831,17,22,1,0,-8.59965,-5.1588,4,0.414945,0.376209,0.12,1
900,831,17,22,2,1,-9.44271,-4.02087,3,0.0241862,0.0242333,0.12,1
900,831,17,22,3,0,-11.1239,-4.24729,1,0.0881696,0.0118703,0.12,1
900,831,17,22,4,1,-9.15575,-6.39978,3,0.70321,0.306473,0.12,1
900,832,22,19,0,-1,6.61603,8.39832,1,0.0811287,0.304364,0.115,1
900,832,22,19,1,0,7.65139,9.26573,1,0.0131062,0.4063,0.115,1
900,832,22,19,2,0,6.85341,9.39987,4,0.0611159,0.285099,0.115,1
900,832,22,19,3,2,5.64263,8.70185,3,0.0730099,0.293367,0.115,1
900,832,22,19,4,2,7.45768,8.31571,3,0.0382937,0.234154,0.115,1
900,841,17,18,0,-1,0.571116,-7.24597,1,0.0236755,0.371662,0.117,1
900,841,17,18,1,0,0.310847,-6.19649,4,-0.258384,0.318645,0.117,1
900,841,17,18,2,1,-0.591572,-7.26213,3,0.197679,-0.0951395,0.117,1
900,841,17,18,3,0,-0.355081,-8.81758,1,-0.226075,0.566079,0.117,1
900,841,17,18,4,1,1.36335,-6.92678,3,-0.19863,0.569236,0.117,1
900,847,28,21,0,-1,-5.75611,-10.2699,1,0.235025,-0.0940392,0.093,1
900,847,28,21,1,0,-5.72786,-11.0765,4,0.459322,-0.077867,0.093,1
900,847,28,21,2,0,-5.13272,-11.1478,4,0.4622,0.0574358,0.093,1
900,847,28,21,3,2,-4.89584,-9.77474,3,0.102505,0.114256,0.093,1
900,847,28,21,4,0,-5.19023,-8.53101,6,-0.37328,0.0923411,0.093,1
900,847,28,21,5,2,-6.42372,-10.8163,3,0.43869,-0.0701271,0.093,1
900,848,2,18,0,-1,-15.3237,14.1639,1,-0.130569,-0.418832,0.087,1
900,848,2,18,1,0,-15.8422,13.2631,4,-0.289672,-0.33763,0.087,1
900,848,2,18,2,1,-14.4307,13.6382,3,-0.212016,-0.678019,0.087,1
900,848,2,18,3,1,-16.29,14.5322,3,-0.0639644,-0.260266,0.087,1
900,851,17,19,0,-1,-3.56169,-16.6743,1,-0.0523484,0.485306,0.116,1
900,851,17,19,1,0,-3.59763,-15.6179,4,-0.348376,0.445739,0.116,1
900,851,17,19,2,1,-4.50877,-16.6759,3,-0.0338478,0.168039,0.116,1
900,851,17,19,3,0,-4.87224,-17.9763,1,0.615684,-0.13562,0.116,1
900,851,17,19,4,1,-2.61768,-16.4318,3,-0.54557,0.288403,0.116,1
900,852,17,18,0,-1,9.93886,-9.74463,1,-0.349448,-0.459643,0.119,1
900,852,17,18,1,0,8.89791,-10.2225,4,-0.318157,-0.719543,0.119,1
900,852,17,18,2,1,10.1762,-10.6729,3,-0.337902,-0.741779,0.119,1
900,852,17,18,3,0,11.7208,-10.3351,1,-0.479306,-0.795184,0.119,1
900,852,17,18,4,1,9.48026,-9.09812,3,-0.132344,-0.973487,0.119,1
900,853,2,16,0,-1,18.8401,-7.5378,1,-0.051217,0.318496,0.091,0
900,855,25,16,0,-1,5.63089,2.3533,1,-0.0251599,0.204974,0.114,1
900,855,25,16,1,0,6.85168,2.46236,1,-0.0819628,0.662674,0.114,1
900,855,25,16,2,0,5.30919,3.42512,4,-0.512608,-0.00657451,0.114,1
900,855,25,16,3,2,4.84954,2.10003,3,0.131829,-0.257116,0.114,1
900,855,25,16,4,2,6.60104,3.24867,3,-0.382433,0.626952,0.114,1
900,856,17,23,0,-1,-10.4506,-5.42455,1,0.255093,0.204986,0.12,0
900,856,17,23,1,0,-10.1263,-4.43679,4,-0.364256,0.444483,0.12,0
900,856,17,23,2,1,-11.3116,-5.18277,3,0.028072,-0.186013,0.12,0
900,857,17,18,0,-1,-9.55526,-19.1832,1,-0.279854,-0.26607,0.117,1
900,857,17,18,1,0,-10.4077,-19.7924,4,-0.233974,-0.335079,0.117,1
900,857,17,18,2,1,-9.00977,-19.8638,3,-0.258743,-0.381768,0.117,1
900,857,17,18,3,0,-7.88768,-19.8114,1,-0.15954,0.0457398,0.117,1
900,857,17,18,4,1,-10.2187,-18.5474,3,-0.310107,-0.28852,0.117,1
900,859,22,19,0,-1,-2.40129,2.70351,1,0.11967,-0.0703949,0.115,0
900,859,22,19,1,0,-1.65072,3.83772,1,-0.0792975,0.0562272,0.115,0
900,859,22,19,2,0,-2.42051,3.7149,4,-0.0446392,-0.0838261,0.115,0
900,860,17,19,0,-1,0.825111,-8.03541,1,0.062293,0.325543,0.118,0
900,860,17,19,1,0,0.917696,-9.10779,4,-0.14284,0.250274,0.118,0
900,860,17,19,2,1,1.97287,-8.20282,3,-0.00193963,0.023327,0.118,0
900,860,17,19,3,0,1.96645,-6.58488,1,0.359183,0.101529,0.118,0
900,861,2,19,0,-1,-15.096,13.3822,1,-0.298859,-0.462184,0.088,0
900,861,2,19,1,0,-15.3334,12.3578,4,-0.576812,-0.400739,0.088,0
900,861,2,19,2,1,-14.0173,12.9324,3,-0.397607,-0.823552,0.088,0
900,862,17,22,0,-1,-17.3021,-10.3918,1,-0.169717,-0.154387,0.12,0
900,862,17,22,1,0,-16.3805,-10.9045,4,-0.113362,-0.0598531,0.12,0
900,862,17,22,2,1,-16.7129,-9.55417,3,-0.255255,-0.0842304,0.12,0
900,863,17,19,0,-1,11.3318,-8.97356,1,-0.0989515,-0.00814918,0.12,1
900,863,17,19,1,0,11.0728,-10.0215,4,-0.455394,-0.0338946,0.12,1
900,863,17,19,2,1,12.3942,-9.31675,3,-0.204663,-0.708235,0.12,1
900,863,17,19,3,0,12.413,-7.5073,1,0.45637,-0.318474,0.12,1
900,863,17,19,4,1,10.6998,-8.74296,3,-0.134528,0.0243366,0.12,1
900,864,17,16,0,-1,17.3974,-11.4873,1,0.236342,0.194031,0.118,0
900,864,17,16,1,0,18.3963,-11.4488,4,0.171056,0.0617962,0.118,0
900,864,17,16,2,1,17.538,-10.2802,3,0.124863,0.102502,0.118,0
900,865,17,19,0,-1,-9.12592,-18.5034,1,-0.232218,-0.299194,0.116,0
900,866,25,17,0,-1,5.18214,1.56916,1,0.0911987,0.190657,0.114,0
900,866,25,17,1,0,4.10531,2.18374,1,0.079971,0.291014,0.114,0
900,866,25,17,2,0,4.41983,0.798109,4,0.116044,0.255311,0.114,0
900,866,25,17,3,2,5.76991,0.403127,3,0.104673,0.10354,0.114,0
900,867,29,18,0,-1,-0.0265491,-16.8812,1,0.14125,-0.158587,0.143,0
900,867,29,18,1,0,0.814158,-15.7467,3,-0.167158,0.456219,0.143,0
900,867,29,18,2,0,1.49895,-15.8406,1,0.425159,-0.515147,0.143,0
900,868,2,18,0,-1,-17.2522,19.8795,1,-0.570509,-0.210003,0.087,1
900,868,2,18,1,0,-17.3321,18.796,4,-0.235289,-0.286757,0.087,1
900,868,2,18,2,1,-16.0796,19.5595,3,-0.595226,0.208035,0.087,1
900,868,2,18,3,1,-18.2581,19.7066,3,-0.553985,-0.69323,0.087,1
900,869,25,15,0,-1,10.1439,7.93433,1,-0.268895,0.605181,0.114,1
900,869,25,15,1,0,11.0478,8.73392,1,0.353823,-0.0701112,0.114,1
900,869,25,15,2,0,9.43235,8.7328,4,-0.137407,0.75181,0.114,1
900,869,25,15,3,2,8.9142,7.40118,3,-0.453635,0.875115,0.114,1
900,869,25,15,4,2,10.6427,9.25905,3,-0.024761,0.680791,0.114,1
900,870,17,18,0,-1,19.7109,-10.4026,1,-0.461355,0.506718,0.12,1
900,870,17,18,1,0,18.9853,-9.61929,4,-0.625502,0.424041,0.12,1
900,870,17,18,2,1,18.9043,-11.0009,3,0.369657,0.339507,0.12,1
900,870,17,18,3,0,19.2558,-12.1952,1,0.355456,0.0292097,0.12,1
900,870,17,18,4,1,20.2611,-9.72673,3,-0.608721,0.626894,0.12,1
900,871,25,16,0,-1,0.0398711,2.88903,1,0.2863,0.218607,0.112,0
900,871,25,16,1,0,1.28951,2.80884,1,0.340141,0.781502,0.112,0
900,872,22,20,0,-1,6.47458,7.6053,1,-0.193113,0.361383,0.116,0
900,874,2,19,0,-1,-16.8362,19.2194,1,0.00564856,0.177501,0.086,0
900,876,17,21,0,-1,-7.31726,-5.76842,1,0.289241,0.229196,0.119,0
930,655,25,14,0,-1,18.9582,12.0474,1,0.242203,-0.0298128,0.114,1
930,655,25,14,1,0,18.666,10.8495,1,0.323333,-0.0526548,0.114,1
930,655,25,14,2,0,20.0235,12.17,4,0.232782,0.0446074,0.114,1
930,655,25,14,3,2,18.9327,13.15,3,0.193771,0.00884249,0.114,1
930,655,25,14,4,2,19.3916,11.0413,3,0.298262,0.0155835,0.114,1
930,732,17,17,0,-1,2.76078,-8.90025,1,-0.155894,0.288412,0.118,1
930,732,17,17,1,0,2.12923,-8.05982,4,-0.13775,0.332885,0.118,1
930,732,17,17,2,1,1.88928,-9.43309,3,-0.233047,0.364662,0.118,1
930,732,17,17,3,0,2.49357,-10.7007,1,-0.16568,0.277312,0.118,1
930,732,17,17,4,1,3.39686,-8.38519,3,-0.116664,0.32388,0.118,1
930,779,2,16,0,-1,-9.30133,6.18085,1,0.273412,0.0298639,0.087,1
930,779,2,16,1,0,-9.0634,7.20453,4,-0.151585,0.141887,0.087,1
930,779,2,16,2,1,-10.3286,6.51527,3,-0.015975,-0.0601131,0.087,1
930,779,2,16,3,1,-8.19075,6.19073,3,0.0328178,0.408846,0.087,1
930,787,2,15,0,-1,8.48379,-2.53563,1,-0.470714,-0.187413,0.092,1
930,787,2,15,1,0,7.80806,-3.34021,4,-0.285658,-0.342186,0.092,1
930,787,2,15,2,1,9.24788,-3.35751,3,-0.268511,-0.0278731,0.092,1
930,787,2,15,3,1,7.817,-2.01126,3,-0.585448,-0.355577,0.092,1
930,804,2,17,0,-1,-10.4238,16.5492,1,0.586088,-0.0222862,0.088,1
930,804,2,17,1,0,-10.0009,15.5829,4,0.0115806,-0.271734,0.088,1
930,804,2,17,2,1,-9.25368,16.8243,3,0.787046,-0.726914,0.088,1
930,804,2,17,3,1,-11.2654,15.9742,3,0.218214,0.425915,0.088,1
930,807,17,17,0,-1,0.697949,-9.14629,1,-0.208201,0.214913,0.118,1
930,807,17,17,1,0,0.233215,-8.19799,4,-0.455618,0.117543,0.118,1
930,807,17,17,2,1,-0.237115,-9.51485,3,-0.108269,0.000245692,0.118,1
930,807,17,17,3,0,0.0177422,-10.8449,1,0.111465,0.0838998,0.118,1
930,807,17,17,4,1,1.42328,-8.60811,3,-0.328393,0.548005,0.118,1
930,831,17,22,0,-1,-16.0718,2.31846,1,-0.0275247,0.327913,0.12,1
930,831,17,22,1,0,-15.73,3.32423,4,0.274955,0.222977,0.12,1
930,831,17,22,2,1,-17.0292,2.85178,3,0.162993,0.55269,0.12,1
930,831,17,22,3,0,-17.6602,1.40018,1,-0.352016,0.89084,0.12,1
930,831,17,22,4,1,-15.2533,2.10066,3,-0.0739821,0.0860243,0.12,1
930,832,22,19,0,-1,5.94533,17.6287,1,0.309883,0.10088,0.115,1
930,832,22,19,1,0,7.28499,17.4315,1,0.3565,0.370038,0.115,1
930,832,22,19,2,0,6.84861,18.1075,4,0.225896,0.251072,0.115,1
930,832,22,19,3,2,5.51115,18.5046,3,0.208394,0.0781861,0.115,1
930,832,22,19,4,2,6.39902,16.9447,3,0.367257,0.163574,0.115,1
930,841,17,18,0,-1,1.73692,-2.85325,1,-0.292674,0.0941399,0.117,1
930,841,17,18,1,0,1.22741,-3.79756,4,-0.436758,0.167927,0.117,1
930,841,17,18,2,1,2.60736,-3.44969,3,-0.402718,-0.043866,0.117,1
930,841,17,18,3,0,3.55149,-2.64172,1,-0.251055,-0.198414,0.117,1
930,841,17,18,4,1,0.807795,-2.56198,3,-0.19147,0.26237,0.117,1
930,851,17,19,0,-1,-10.9105,-10.2325,1,-0.371137,0.298274,0.116,1
930,851,17,19,1,0,-11.4462,-9.31254,4,-0.182339,0.470422,0.116,1
930,851,17,19,2,1,-12.0125,-10.5681,3,-0.724401,0.723169,0.116,1
930,851,17,19,3,0,-11.0454,-12.0619,1,-0.70533,0.296758,0.116,1
930,851,17,19,4,1,-10.2491,-9.75719,3,-0.385215,0.129336,0.116,1
930,852,17,18,0,-1,4.34779,-7.92739,1,0.0161528,0.112619,0.119,1
930,852,17,18,1,0,3.29032,-7.68843,4,0.0311616,0.239651,0.119,1
930,852,17,18,2,1,3.9338,-8.9642,3,0.177011,0.312397,0.119,1
930,852,17,18,3,0,5.22716,-9.52621,1,-0.40659,-0.121979,0.119,1
930,852,17,18,4,1,4.41268,-6.99979,3,0.123028,-0.0198721,0.119,1
930,853,2,16,0,-1,13.8707,-9.30639,1,-0.269115,-0.177244,0.091,1
930,853,2,16,1,0,12.7621,-9.39946,4,-0.24553,-0.161062,0.091,1
930,853,2,16,2,1,13.6389,-10.5095,3,-0.511615,-0.375253,0.091,1
930,853,2,16,3,2,12.248,-9.91884,3,-0.447731,-0.134191,0.091,1
930,853,2,16,4,1,13.5889,-8.37599,3,-0.436078,0.0328536,0.091,1
930,855,25,16,0,-1,7.78944,5.18029,1,-0.276052,-0.311077,0.114,1
930,855,25,16,1,0,7.11773,6.23683,1,0.314654,0.1154,0.114,1
930,855,25,16,2,0,7.10049,4.32685,4,-0.626308,0.00298578,0.114,1
930,855,25,16,3,2,8.50834,3.99725,3,-0.784463,-0.935453,0.114,1
930,855,25,16,4,2,6.71123,5.57201,3,0.183589,0.264552,0.114,1
930,860,17,19,0,-1,2.27937,-5.52472,1,-0.420496,0.0453655,0.118,1
930,860,17,19,1,0,1.24422,-5.56039,4,-0.43581,-0.237144,0.118,1
930,860,17,19,2,1,2.23556,-6.54882,3,-0.334721,-0.0633552,0.118,1
930,860,17,19,3,0,3.52001,-6.87605,1,0.0348826,0.426562,0.118,1
930,860,17,19,4,1,2.17098,-4.63291,3,-0.522318,-0.126184,0.118,1
930,863,17,19,0,-1,11.1173,-4.48373,1,-0.172903,-0.0648921,0.12,1
930,863,17,19,1,0,10.1046,-4.90862,4,-0.139158,-0.118879,0.12,1
930,863,17,19,2,1,11.494,-5.55877,3,-0.0806963,0.0286159,0.12,1
930,863,17,19,3,0,12.6066,-5.53774,1,-0.00390837,0.142524,0.12,1
930,863,17,19,4,1,10.6338,-3.73188,3,-0.227018,-0.0576661,0.12,1
930,866,25,17,0,-1,7.82273,6.01075,1,0.24687,-0.367911,0.114,0
930,866,25,17,1,0,9.03498,6.22225,1,0.290786,-0.454218,0.114,0
930,866,25,17,2,0,7.62396,7.06706,4,0.370128,-0.375732,0.114,0
930,866,25,17,3,2,6.34598,6.36107,3,0.305621,-0.263551,0.114,0
930,867,29,18,0,-1,5.76301,-15.9179,1,0.0798707,0.15626,0.143,1
930,867,29,18,1,0,4.41425,-15.6776,3,0.0777052,0.205409,0.143,1
930,867,29,18,2,0,4.13433,-15.0361,1,0.0934512,0.215172,0.143,1
930,867,29,18,3,0,5.31777,-17.1554,3,0.107713,0.199615,0.143,1
930,869,25,15,0,-1,9.73062,18.9184,1,-0.213159,0.162644,0.114,1
930,869,25,15,1,0,10.6384,19.7491,1,-0.403524,0.376612,0.114,1
930,869,25,15,2,0,8.77619,19.4108,4,-0.297857,-0.0222516,0.114,1
930,869,25,15,3,2,9.1188,18.0116,3,-0.0831608,0.0322248,0.114,1
930,869,25,15,4,2,9.91553,20.0384,3,-0.403256,0.182866,0.114,1
930,871,25,16,0,-1,-2.02638,15.3543,1,-0.495708,0.0744009,0.112,1
930,871,25,16,1,0,-2.56103,16.4706,1,-1.0809,-0.201981,0.112,1
930,871,25,16,2,0,-2.77979,14.5762,4,-0.0936438,-0.314924,0.112,1
930,871,25,16,3,2,-1.32339,14.3401,3,0.0271653,0.408933,0.112,1
930,871,25,16,4,2,-3.07933,15.8401,3,-0.736107,-0.463071,0.112,1
930,877,17,20,0,-1,12.0067,-4.8947,1,-0.233306,0.0890661,0.119,1
930,877,17,20,1,0,11.6499,-3.87229,4,-0.444042,0.0252743,0.119,1
930,877,17,20,2,1,10.8386,-5.17365,3,-0.161022,-0.14901,0.119,1
930,877,17,20,3,0,11.0299,-6.43434,1,0.204892,-0.200937,0.119,1
930,878,2,17,0,-1,-12.1422,10.1566,1,-0.0307559,0.384377,0.088,1
930,878,2,17,1,0,-12.0754,11.2123,4,0.349645,0.368677,0.088,1
930,878,2,17,2,1,-13.2435,10.3833,3,-0.0336411,0.887819,0.088,1
930,878,2,17,3,1,-11.1955,10.2367,3,0.0430425,0.0899734,0.088,1
930,879,25,16,0,-1,10.6555,6.42697,1,0.311318,0.00922875,0.114,1
930,879,25,16,1,0,10.7321,5.19765,1,0.150106,-0.00120104,0.114,1
930,879,25,16,2,0,11.6709,6.81293,4,0.367472,-0.136747,0.114,1
930,879,25,16,3,2,10.4341,7.53528,3,0.462515,0.0275199,0.114,1
930,879,25,16,4,2,11.439,5.49067,3,0.19477,-0.107211,0.114,1
930,880,17,20,0,-1,1.63021,-5.01546,1,-0.656613,-0.216851,0.119,0
930,881,17,20,0,-1,-9.77965,-10.9649,1,0.283924,-0.112979,0.115,1
930,881,17,20,1,0,-8.84028,-11.4497,4,0.233169,0.0419645,0.115,1
930,881,17,20,2,1,-9.37789,-10.1544,3,-0.0809718,-0.0386624,0.115,1
930,881,17,20,3,0,-9.92103,-9.11885,1,0.347854,-0.206787,0.115,1
930,881,17,20,4,1,-9.94667,-12.0551,3,0.0602177,0.386574,0.115,1
930,882,29,19,0,-1,8.83926,-17.5494,1,0.00216908,0.202349,0.142,1
930,882,29,19,1,0,8.07013,-18.7086,3,0.164772,0.108898,0.142,1
930,882,29,19,2,0,7.36207,-18.4771,1,0.160414,-0.100526,0.142,1
930,882,29,19,3,0,9.90575,-18.3223,3,0.289073,0.570266,0.142,1
930,885,30,18,0,-1,1.07439,-9.85594,1,-0.213444,0.196049,0.093,0
930,886,25,15,0,-1,20.8226,14.2258,1,0.152214,-0.142482,0.114,1
930,886,25,15,1,0,19.7122,13.7045,1,0.166541,-0.192559,0.114,1
930,886,25,15,2,0,21.5681,13.4438,4,0.214778,-0.0787796,0.114,1
930,886,25,15,3,2,21.8021,14.8646,3,-0.00841782,-0.0440415,0.114,1
930,886,25,15,4,2,20.2966,13.2007,3,0.227091,-0.142669,0.114,1
930,888,25,17,0,-1,4.04186,8.53925,1,-0.20796,-0.296035,0.111,1
930,888,25,17,1,0,2.93771,9.11498,1,-0.37766,-0.638055,0.111,1
930,888,25,17,2,0,3.80276,7.48072,4,-0.106035,-0.316197,0.111,1
930,888,25,17,3,2,5.11501,8.03837,3,-0.127172,-0.273982,0.111,1
930,888,25,17,4,2,2.73713,8.27443,3,-0.120887,-0.327218,0.111,1
930,889,17,18,0,-1,3.2237,-9.55856,1,-0.0438526,0.326374,0.119,0
930,889,17,18,1,0,3.73149,-10.475,4,0.103218,0.380446,0.119,0
930,890,17,19,0,-1,2.49211,-2.56999,1,-0.254066,-0.0264055,0.116,0
930,890,17,19,1,0,1.54196,-2.10857,4,-0.172696,0.14368,0.116,0
930,890,17,19,2,1,1.85062,-3.48351,3,-0.355353,0.106573,0.116,0
930,890,17,19,3,0,3.22161,-4.2483,1,-0.549916,-0.158571,0.116,0
930,891,25,17,0,-1,11.3892,6.17126,1,0.265535,-0.10833,0.113,0
930,893,31,16,0,-1,20.0921,14.5835,1,0.168861,-0.133082,0.089,0
930,893,31,16,1,0,19.8349,15.78,1,0.256608,-0.114356,0.089,0
930,893,31,16,2,1,20.3207,16.3647,4,0.312912,-0.15883,0.089,0
930,893,31,16,3,0,19.0977,14.2486,4,0.169795,-0.125,0.089,0
930,897,25,16,0,-1,10.3948,18.466,1,-0.181092,0.215194,0.113,0
930,899,17,21,0,-1,12.809,-4.76136,1,-0.247931,0.185483,0.119,0
930,899,17,21,1,0,13.4264,-5.66209,4,0.0674896,0.399715,0.119,0
930,900,25,15,0,-1,19.467,12.6632,1,0.207926,-0.00204577,0.113,0
930,901,29,19,0,-1,5.98073,-16.6814,1,0.337108,0.164314,0.143,0
930,901,29,19,1,0,6.86137,-17.7629,3,-0.136986,-0.267475,0.143,0
930,902,2,17,0,-1,14.7444,-9.32226,1,-0.323684,-0.353232,0.09,0
930,902,2,17,1,0,15.7704,-8.949,4,-0.357845,-0.560701,0.09,0
930,902,2,17,2,1,14.5285,-8.20088,3,0.00190957,0.316601,0.09,0
930,903,25,17,0,-1,-2.03017,14.5599,1,-0.0787867,0.0707162,0.111,0
930,906,2,17,0,-1,-7.80243,6.67828,1,0.663637,0.0349127,0.086,1
930,906,2,17,1,0,-7.26723,5.71584,4,0.947946,0.193212,0.086,1
930,906,2,17,2,1,-6.70715,7.02319,3,0.411262,0.393245,0.086,1
930,906,2,17,3,1,-8.54081,5.40696,3,0.995457,0.186228,0.086,1
930,909,2,18,0,-1,-12.2867,9.36294,1,0.160389,0.342733,0.088,0
960,779,2,16,0,-1,-3.39852,8.20813,1,0.181623,0.300202,0.087,1
960,779,2,16,1,0,-3.02994,7.25013,4,-0.190742,0.222838,0.087,1
960,779,2,16,2,1,-2.38448,8.55859,3,0.0304815,0.117931,0.087,1
960,787,2,15,0,-1,0.241672,-14.516,1,0.182633,-0.278446,0.092,1
960,787,2,15,1,0,1.28903,-14.63,4,0.178813,-0.385704,0.092,1
960,787,2,15,2,1,0.525063,-13.4146,3,0.311503,-0.268811,0.092,1
960,787,2,15,3,1,0.177227,-15.3599,3,0.148547,-0.313287,0.092,1
960,807,17,17,0,-1,-5.21174,-16.5839,1,-0.375881,0.084894,0.118,1
960,807,17,17,1,0,-5.91918,-15.7989,4,-0.295759,0.160941,0.118,1
960,807,17,17,2,1,-6.00489,-17.1939,3,-0.327975,0.165959,0.118,1
960,807,17,17,3,0,-5.44909,-18.4002,1,-0.742736,0.131491,0.118,1
960,807,17,17,4,1,-4.66469,-15.8197,3,-0.307107,0.113587,0.118,1
960,841,17,18,0,-1,-1.05493,5.14229,1,0.290214,0.337814,0.117,1
960,841,17,18,1,0,-1.06741,6.15395,4,0.590481,0.295498,0.117,1
960,841,17,18,2,1,-2.26313,5.40305,3,0.236931,0.843115,0.117,1
960,841,17,18,3,0,-2.31223,3.85373,1,-0.189704,0.822911,0.117,1
960,841,17,18,4,1,-0.251724,5.08815,3,0.014017,-0.252487,0.117,1
960,851,17,19,0,-1,-8.98997,-1.28028,1,0.248404,0.219764,0.116,1
960,851,17,19,1,0,-8.28952,-0.511759,4,0.146088,0.317225,0.116,1
960,851,17,19,2,1,-9.68525,-0.621024,3,0.15465,0.159334,0.116,1
960,851,17,19,3,0,-10.8119,-1.13936,1,0.233153,-0.0389996,0.116,1
960,851,17,19,4,1,-8.28538,-1.81799,3,0.442279,0.310929,0.116,1
960,853,2,16,0,-1,13.4327,-9.95338,1,0.133744,0.19356,0.091,1
960,853,2,16,1,0,13.534,-8.87856,4,0.305488,0.0684225,0.091,1
960,853,2,16,2,1,12.1896,-9.47146,3,0.220266,0.265898,0.091,1
960,853,2,16,3,2,12.9623,-8.19757,3,0.381405,0.139249,0.091,1
960,853,2,16,4,1,14.3156,-10.0086,3,0.315793,0.0269825,0.091,1
960,855,25,16,0,-1,2.47422,2.7143,1,-0.171355,0.664222,0.114,1
960,855,25,16,1,0,3.6481,2.24279,1,-0.278961,0.503787,0.114,1
960,855,25,16,2,0,2.51515,3.81003,4,-0.14858,0.699585,0.114,1
960,855,25,16,3,2,1.15989,3.30679,3,0.179303,0.000454016,0.114,1
960,855,25,16,4,2,3.47886,2.96906,3,-0.235881,0.644759,0.114,1
960,863,17,19,0,-1,7.54632,-11.8952,1,-0.0226193,-0.4232,0.12,1
960,863,17,19,1,0,7.87561,-12.934,4,0.101839,-0.381572,0.12,1
960,863,17,19,2,1,8.65682,-11.6446,3,-0.17701,-0.216691,0.12,1
960,863,17,19,3,0,8.51572,-10.3461,1,-0.214479,-0.305618,0.12,1
960,863,17,19,4,1,6.71457,-12.3153,3,0.0938867,-0.42737,0.12,1
960,866,25,17,0,-1,0.11128,1.00388,1,-0.398869,-0.0602106,0.114,1
960,866,25,17,1,0,0.552606,2.17461,1,0.0699923,-0.268659,0.114,1
960,866,25,17,2,0,-0.975782,1.02178,4,-0.423098,0.370268,0.114,1
960,866,25,17,3,2,-0.257,-0.220112,3,-0.713569,0.252137,0.114,1
960,866,25,17,4,2,-0.200937,2.05585,3,-0.175375,0.194648,0.114,1
960,867,29,18,0,-1,13.1797,-11.403,1,0.211136,0.101253,0.143,1
960,867,29,18,1,0,11.8033,-11.5334,3,0.267488,0.297242,0.143,1
960,867,29,18,2,0,11.3851,-10.9632,1,0.191753,0.0921683,0.143,1
960,867,29,18,3,0,13.1773,-12.7084,3,-0.0613099,0.132478,0.143,1
960,869,25,15,0,-1,7.80759,13.0597,1,-0.286559,-0.142322,0.114,1
960,869,25,15,1,0,7.93617,14.2753,1,-0.457166,-0.165198,0.114,1
960,869,25,15,2,0,6.71201,12.8646,4,-0.394223,-0.126374,0.114,1
960,869,25,15,3,2,7.83572,11.9634,3,-0.333138,0.0236836,0.114,1
960,869,25,15,4,2,7.18956,14.0509,3,-0.425907,-0.147841,0.114,1
960,871,25,16,0,-1,-1.26241,11.9315,1,0.319771,-0.0275904,0.112,1
960,871,25,16,1,0,-2.22942,11.1436,1,0.171531,0.138516,0.112,1
960,871,25,16,2,0,-0.320388,11.3896,4,0.259307,-0.122611,0.112,1
960,871,25,16,3,2,-0.611134,12.8109,3,0.606998,-0.0127885,0.112,1
960,871,25,16,4,2,-1.51686,10.92,3,0.222335,-0.0339866,0.112,1
960,877,17,20,0,-1,8.34011,-7.05167,1,-0.138574,0.0411149,0.119,1
960,877,17,20,1,0,7.43862,-6.44502,4,-0.0725378,0.139573,0.119,1
960,877,17,20,2,1,7.70123,-7.93037,3,-0.22027,0.115615,0.119,1
960,877,17,20,3,0,8.58662,-8.8604,1,-0.345444,0.0128305,0.119,1
960,878,2,17,0,-1,-9.7091,8.67579,1,0.20456,0.0061611,0.088,1
960,878,2,17,1,0,-8.65567,8.77616,4,0.209129,0.099946,0.088,1
960,878,2,17,2,1,-9.7268,9.74287,3,0.141963,0.0159769,0.088,1
960,878,2,17,3,1,-9.20649,7.55431,3,0.45975,-0.00567021,0.088,1
960,879,25,16,0,-1,8.68623,10.1448,1,-0.296626,-0.131125,0.114,1
960,879,25,16,1,0,8.32824,11.3168,1,-0.510751,-0.209664,0.114,1
960,879,25,16,2,0,7.82616,9.49876,4,-0.124458,-0.327044,0.114,1
960,879,25,16,3,2,9.23832,9.18834,3,-0.0276381,0.0738557,0.114,1
960,879,25,16,4,2,7.71391,10.8271,3,-0.410885,-0.346596,0.114,1
960,881,17,20,0,-1,-8.83237,-9.36455,1,0.477027,-0.138583,0.115,1
960,881,17,20,1,0,-7.92557,-9.88927,4,0.498902,-0.211322,0.115,1
960,881,17,20,2,1,-8.20027,-8.51657,3,0.241738,-0.35735,0.115,1
960,881,17,20,3,0,-9.30219,-7.60846,1,0.833474,-0.164411,0.115,1
960,881,17,20,4,1,-9.17956,-10.1271,3,0.494767,-0.100467,0.115,1
960,890,17,19,0,-1,1.14001,4.53395,1,0.811128,0.275148,0.116,1
960,890,17,19,1,0,1.38637,5.57446,4,0.815408,0.192101,0.116,1
960,890,17,19,2,1,0.00311551,5.60707,3,0.853661,0.0560337,0.116,1
960,890,17,19,3,0,-0.392138,3.44169,1,0.302332,0.785198,0.116,1
960,890,17,19,4,1,2.41888,4.7466,3,0.519269,-0.155117,0.116,1
960,890,17,19,5,4,1.77285,3.05049,1,0.393336,-0.185255,0.116,1
960,891,25,17,0,-1,7.89642,10.2211,1,-0.344517,-0.332838,0.113,0
960,891,25,17,1,0,6.96546,11.0419,1,-0.363881,-0.334049,0.113,0
960,901,29,19,0,-1,13.8848,-11.7968,1,0.198827,0.136725,0.143,0
960,901,29,19,1,0,12.5067,-11.9462,3,0.189202,0.0224055,0.143,0
960,902,2,17,0,-1,15.4039,-7.53406,1,0.162281,-0.255114,0.09,1
960,902,2,17,1,0,15.6489,-8.59078,4,0.401705,-0.171412,0.09,1
960,902,2,17,2,1,16.6027,-7.51923,3,0.126583,0.062267,0.09,1
960,902,2,17,3,2,16.2932,-8.99395,3,0.55656,-0.0265998,0.09,1
960,902,2,17,4,1,14.4572,-7.96251,3,0.422365,-0.125115,0.09,1
960,903,25,17,0,-1,-0.484839,12.1201,1,0.327183,-0.0273313,0.111,0
960,906,2,17,0,-1,-1.57552,6.6903,1,-0.0626713,0.269731,0.086,1
960,906,2,17,1,0,-1.60636,7.67354,4,-0.170887,0.324573,0.086,1
960,906,2,17,2,1,-2.35306,6.4476,3,0.0575236,0.188866,0.086,1
960,906,2,17,3,1,-0.647577,6.76837,3,-0.135118,0.466664,0.086,1
960,909,2,18,0,-1,-14.9421,8.53018,1,-0.337264,0.0526927,0.088,1
960,909,2,18,1,0,-15.9945,8.5295,4,-0.35168,-0.0936977,0.088,1
960,909,2,18,2,1,-15.062,7.43295,3,-0.187414,0.0623747,0.088,1
960,909,2,18,3,1,-15.1251,9.51622,3,-0.465146,-0.000926643,0.088,1
960,910,2,18,0,-1,-2.238,7.18812,1,-0.0766524,0.329216,0.085,0
960,910,2,18,1,0,-3.10101,6.53818,4,-0.0231641,0.336626,0.085,0
960,915,2,17,0,-1,-17.3867,3.78818,1,-0.562258,-0.0754392,0.088,1
960,915,2,17,1,0,-17.9783,2.93318,4,-0.159768,-0.347896,0.088,1
960,915,2,17,2,1,-16.5251,2.79681,3,-0.0844939,0.440901,0.088,1
960,915,2,17,3,1,-18.2484,4.26195,3,-0.784552,-0.469905,0.088,1
960,916,17,20,0,-1,-8.18318,-1.17493,1,0.214588,0.371383,0.115,0
960,917,2,16,0,-1,4.58154,-14.0336,1,-0.00515422,-0.498077,0.091,1
960,917,2,16,1,0,3.84101,-14.7872,4,-0.444072,-0.155136,0.091,1
960,917,2,16,2,1,5.25776,-15.0564,3,-0.612104,-0.919983,0.091,1
960,917,2,16,3,1,3.92804,-13.4552,3,0.183086,-0.260681,0.091,1
960,918,2,19,0,-1,-14.2683,8.08621,1,-0.534525,-0.267537,0.087,0
960,920,2,17,0,-1,12.8878,-9.10886,1,0.248144,0.279704,0.09,1
960,920,2,17,1,0,13.916,-9.48689,4,0.228509,0.0256039,0.09,1
960,920,2,17,2,1,13.7128,-8.12121,3,0.295878,0.0827127,0.09,1
960,920,2,17,3,2,14.6681,-9.32408,3,0.352865,0.19391,0.09,1
960,920,2,17,4,1,12.7034,-10.05,3,0.148327,0.206206,0.09,1
960,922,2,18,0,-1,-6.77146,0.92692,1,-0.140583,-0.56344,0.088,1
960,922,2,18,1,0,-7.53267,0.218891,4,-0.495029,-0.200015,0.088,1
960,922,2,18,2,1,-6.14496,-0.195946,3,-0.725921,-0.980391,0.088,1
960,922,2,18,3,1,-7.4064,1.57333,3,0.112918,-0.255426,0.088,1
960,925,32,18,0,-1,-10.4675,8.46844,1,0.150704,0.185387,0.063,0
960,925,32,18,1,0,-10.2659,7.89314,3,0.00446628,0.164745,0.063,0
960,925,32,18,2,0,-10.4679,7.35976,4,0.0548563,0.178478,0.063,0
960,925,32,18,3,2,-9.26104,8.19208,3,0.138422,0.0486063,0.063,0
960,928,2,18,0,-1,15.0281,-8.19624,1,0.174944,-0.280218,0.089,0
960,928,2,18,1,0,14.3984,-7.31528,4,0.186644,-0.150218,0.089,0
960,928,2,18,2,1,14.2649,-8.75516,3,-0.138324,-0.0400521,0.089,0
960,928,2,18,3,2,13.6059,-7.40137,3,0.0998747,0.134961,0.089,0
960,929,2,19,0,-1,-7.58868,0.90553,1,-0.147493,-0.185785,0.087,0
960,929,2,19,1,0,-8.62992,1.00776,4,-0.151086,-0.218177,0.087,0
960,930,2,17,0,-1,-2.64925,7.89039,1,0.0917802,0.00238097,0.088,0
960,930,2,17,1,0,-1.66755,8.29692,4,-0.0110393,0.316818,0.088,0
960,931,17,18,0,-1,-4.2695,-20.8247,1,0.00384421,-0.429755,0.119,1
960,931,17,18,1,0,-3.85675,-21.7815,4,0.166365,-0.382168,0.119,1
960,931,17,18,2,1,-3.43112,-20.4266,3,-0.00558671,-0.341632,0.119,1
960,931,17,18,3,0,-3.46246,-19.1823,1,-0.41978,-0.211734,0.119,1
960,931,17,18,4,1,-5.05028,-21.3387,3,0.126149,-0.539845,0.119,1
960,932,2,18,0,-1,12.2097,-8.65198,1,0.141893,0.216147,0.091,0
960,932,2,18,1,0,11.1569,-8.6074,4,0.10559,-0.0465755,0.091,0
960,933,2,18,0,-1,-18.1873,3.62079,1,-0.483847,-0.398991,0.087,0
960,933,2,18,1,0,-19.1163,4.13336,4,-0.245983,0.0521196,0.087,0
960,933,2,18,2,1,-18.8545,2.72887,3,-0.465466,0.0384759,0.087,0
960,934,2,17,0,-1,4.57403,-13.2218,1,-0.130368,-0.445723,0.092,0
960,935,17,21,0,-1,-9.96354,-9.59063,1,-0.105903,-0.229407,0.115,1
960,935,17,21,1,0,-10.7647,-8.87907,4,-0.319906,-0.481141,0.115,1
960,935,17,21,2,1,-10.6843,-10.2696,3,-0.190118,-0.460386,0.115,1
960,935,17,21,3,0,-10.0156,-11.4302,1,-0.0665042,-0.252814,0.115,1
960,935,17,21,4,1,-9.52471,-8.69698,3,-0.288152,0.319222,0.115,1
960,936,17,19,0,-1,-3.51132,-21.1194,1,0.0274649,-0.339187,0.12,0
960,936,17,19,1,0,-2.50451,-21.4039,4,0.0706556,-0.163234,0.12,0
960,937,25,16,0,-1,7.24943,12.5211,1,-0.0827791,-0.168273,0.113,0
960,938,2,17,0,-1,13.5926,-10.7443,1,-0.231799,0.243399,0.09,0
960,939,25,18,0,-1,0.911297,0.914131,1,-0.409822,-0.347679,0.115,0
960,940,17,20,0,-1,1.01086,3.79503,1,1.15051,0.430664,0.117,0
960,940,17,20,1,0,0.117104,3.34545,4,1.66689,0.0677874,0.117,0
960,941,2,16,0,-1,-0.378463,-14.0061,1,0.138947,-0.30999,0.092,0
990,787,2,15,0,-1,-2.43123,-20.2778,1,0.0464661,-0.357867,0.092,1
990,787,2,15,1,0,-2.22311,-21.3334,4,0.0564933,-0.294936,0.092,1
990,787,2,15,2,1,-1.16005,-20.3291,3,-0.0630048,-0.132462,0.092,1
990,787,2,15,3,1,-3.32455,-20.6162,3,-0.176098,-0.581143,0.092,1
990,807,17,17,0,-1,-14.5424,-17.4731,1,0.0389401,-0.215309,0.118,1
990,807,17,17,1,0,-13.8271,-18.2265,4,0.0817987,-0.174876,0.118,1
990,807,17,17,2,1,-13.7181,-16.8379,3,0.0618871,-0.17148,0.118,1
990,807,17,17,3,0,-14.4903,-15.648,1,-0.09461,-0.211954,0.118,1
990,807,17,17,4,1,-15.1294,-18.0461,3,0.0702535,-0.253714,0.118,1
990,855,25,16,0,-1,4.55255,-0.215419,1,-0.360045,-0.504177,0.114,1
990,855,25,16,1,0,3.96897,0.882482,1,0.424236,-0.268952,0.114,1
990,855,25,16,2,0,3.75461,-0.980723,4,-0.7814,-0.186647,0.114,1
990,855,25,16,3,2,5.0259,-1.65488,3,-0.953666,-0.502139,0.114,1
990,855,25,16,4,2,3.47995,0.286911,3,-0.181117,-0.0234811,0.114,1
990,866,25,17,0,-1,-9.38995,7.31821,1,-0.328114,-0.16062,0.114,1
990,866,25,17,1,0,-9.72216,8.50698,1,-0.280207,-0.142116,0.114,1
990,866,25,17,2,0,-10.2529,6.67993,4,-0.356209,-0.125653,0.114,1
990,866,25,17,3,2,-8.843,6.39545,3,-0.373949,-0.228573,0.114,1
990,866,25,17,4,2,-10.2586,7.97284,3,-0.274349,-0.131492,0.114,1
990,867,29,18,0,-1,18.4385,-8.68395,1,0.116026,0.251641,0.143,1
990,867,29,18,1,0,17.3812,-9.60191,3,0.151837,0.210202,0.143,1
990,867,29,18,2,0,16.7074,-9.33314,1,0.139645,0.188268,0.143,1
990,867,29,18,3,0,19.1642,-9.78067,3,0.15696,0.281427,0.143,1
990,869,25,15,0,-1,15.4503,11.0172,1,0.50427,-0.0795436,0.114,1
990,869,25,15,1,0,15.4401,9.79238,1,1.09272,-0.232684,0.114,1
990,869,25,15,2,0,16.3776,11.5341,4,0.109375,0.401995,0.114,1
990,869,25,15,3,2,14.9135,11.7372,3,0.037189,-0.161929,0.114,1
990,869,25,15,4,2,16.1357,10.2529,3,0.773058,0.202116,0.114,1
990,878,2,17,0,-1,-14.579,13.002,1,0.214843,0.338772,0.088,1
990,878,2,17,1,0,-14.9332,14.0312,4,0.0902194,0.377233,0.088,1
990,878,2,17,2,1,-15.8552,12.9194,3,0.344246,0.161857,0.088,1
990,878,2,17,3,1,-13.8198,13.3757,3,0.00700924,0.334921,0.088,1
990,879,25,16,0,-1,13.8147,7.6313,1,0.271248,0.00941562,0.114,1
990,879,25,16,1,0,13.5394,6.42764,1,0.438866,-0.0259396,0.114,1
990,879,25,16,2,0,14.8875,7.76479,4,0.253997,0.195655,0.114,1
990,879,25,16,3,2,13.8616,8.77716,3,0.0646053,0.00272078,0.114,1
990,879,25,16,4,2,14.298,6.61774,3,0.49275,0.0727329,0.114,1
990,881,17,20,0,-1,-8.59531,-18.1655,1,-0.257095,0.00969444,0.115,1
990,881,17,20,1,0,-9.46255,-17.52,4,-0.053387,0.276616,0.115,1
990,881,17,20,2,1,-9.72092,-18.9117,3,-0.412824,0.335524,0.115,1
990,881,17,20,3,0,-8.26011,-19.9687,1,-0.988309,-0.124943,0.115,1
990,881,17,20,4,1,-8.18014,-17.2176,3,0.0375107,-0.11718,0.115,1
990,890,17,19,0,-1,6.18109,16.0461,1,0.0356875,0.333842,0.116,1
990,890,17,19,1,0,6.55201,17.0272,4,0.130875,0.325468,0.116,1
990,890,17,19,2,1,5.24747,16.5576,3,-0.088417,0.982433,0.116,1
990,890,17,19,3,0,4.52148,15.2806,1,0.138091,0.132068,0.116,1
990,890,17,19,4,1,7.05752,15.8038,3,0.0411865,0.298898,0.116,1
990,890,17,19,5,4,5.51861,14.8125,1,-0.151435,0.613912,0.116,1
990,891,25,17,0,-1,13.0084,7.6864,1,0.27389,0.0765222,0.113,0
990,891,25,17,1,0,11.7829,7.72742,1,0.273211,0.119119,0.113,0
990,901,29,19,0,-1,19.1662,-8.97083,1,0.132787,0.293587,0.143,0
990,901,29,19,1,0,17.7687,-8.93801,3,0.129301,0.233689,0.143,0
990,901,29,19,2,0,17.441,-8.30635,1,0.106565,0.223472,0.143,0
990,909,2,18,0,-1,-14.107,8.56036,1,-0.0259308,-0.551262,0.088,1
990,909,2,18,1,0,-13.7847,7.51288,4,0.206458,-0.397062,0.088,1
990,909,2,18,2,1,-12.892,8.61354,3,-0.140167,-0.126631,0.088,1
990,909,2,18,3,1,-14.983,8.01496,3,0.00735612,-0.65763,0.088,1
990,917,2,16,0,-1,-0.779978,-13.6073,1,0.0779101,0.0624244,0.091,1
990,917,2,16,1,0,-0.586222,-12.5153,4,0.291127,0.062084,0.091,1
990,917,2,16,2,1,-1.84461,-13.1899,3,0.157115,0.408487,0.091,1
990,917,2,16,3,1,-0.0802671,-13.7141,3,-0.0861104,-0.0499485,0.091,1
990,918,2,19,0,-1,-14.1171,9.40756,1,0.127422,-0.580267,0.087,0
990,918,2,19,1,0,-14.0264,10.4859,4,-0.198172,-0.545341,0.087,0
990,918,2,19,2,1,-15.0455,9.50802,3,-0.419414,-0.332629,0.087,0
990,925,32,18,0,-1,-12.2035,10.303,1,-0.0459779,-0.156025,0.063,1
990,925,32,18,1,0,-12.196,9.66811,3,0.0234343,-0.137609,0.063,1
990,925,32,18,2,0,-12.6277,9.2827,4,0.130096,-0.232233,0.063,1
990,925,32,18,3,2,-11.299,9.81676,3,0.155224,-0.298797,0.063,1
990,925,32,18,4,2,-13.2385,10.4249,3,-0.247926,-0.429825,0.063,1
990,935,17,21,0,-1,-11.8203,-12.8361,1,0.750712,0.341303,0.115,1
990,935,17,21,1,0,-10.7978,-12.5692,4,0.850062,0.233898,0.115,1
990,935,17,21,2,1,-11.9969,-11.8488,3,0.964834,0.33278,0.115,1
990,935,17,21,3,0,-13.2922,-11.6724,1,0.589458,0.174752,0.115,1
990,935,17,21,4,1,-11.3168,-13.7302,3,0.652386,0.341363,0.115,1
990,937,25,16,0,-1,7.31604,12.6487,1,0.426211,0.306155,0.113,1
990,937,25,16,1,0,7.04786,11.4328,1,-0.258554,0.456115,0.113,1
990,937,25,16,2,0,8.415,12.6961,4,0.469393,-0.373371,0.113,1
990,937,25,16,3,2,7.74151,13.9707,3,1.14897,-0.0432898,0.113,1
990,937,25,16,4,2,7.81116,11.5331,3,-0.283355,0.0268044,0.113,1
990,939,25,18,0,-1,1.26346,2.33683,1,0.600202,-0.14089,0.115,1
990,939,25,18,1,0,1.51058,1.16148,1,0.599477,-0.215495,0.115,1
990,939,25,18,2,0,2.22375,2.96267,4,0.288406,-0.147927,0.115,1
990,939,25,18,3,2,0.833825,3.24597,3,0.374019,-0.1713,0.115,1
990,939,25,18,4,2,2.16398,1.70829,3,0.540212,-0.123595,0.115,1
990,939,25,18,5,3,1.1344,4.15147,3,0.332994,-0.0826177,0.115,1
990,941,2,16,0,-1,-1.13169,-6.21999,1,0.217741,0.130167,0.092,1
990,941,2,16,1,0,-0.628192,-5.24027,4,0.132016,0.172618,0.092,1
990,941,2,16,2,1,-2.10597,-5.44579,3,0.141976,0.152117,0.092,1
990,941,2,16,3,1,-0.369282,-6.56369,3,0.112374,0.167821,0.092,1
990,942,17,22,0,-1,-14.1117,-12.1026,1,0.22222,-0.329545,0.115,1
990,942,17,22,1,0,-13.0164,-12.1662,4,0.226978,-0.51306,0.115,1
990,942,17,22,2,1,-13.99,-11.1788,3,0.607139,-0.240373,0.115,1
990,942,17,22,3,0,-15.4457,-10.8613,1,0.216243,-0.578311,0.115,1
990,942,17,22,4,1,-13.9428,-13.0158,3,-0.172412,-0.0709582,0.115,1
990,945,25,17,0,-1,5.32267,-0.547821,1,0.28617,-0.117509,0.113,0
990,945,25,17,1,0,6.27321,-1.30079,1,-0.0209698,-0.249534,0.113,0
990,945,25,17,2,0,5.72589,0.409789,4,0.0686683,-0.256166,0.113,0
990,945,25,17,3,2,4.75833,-0.682409,3,-0.114082,-0.395158,0.113,0
990,946,2,17,0,-1,-1.78505,-6.05043,1,0.360815,0.327518,0.093,1
990,946,2,17,1,0,-1.82115,-4.96831,4,0.29234,0.36062,0.093,1
990,946,2,17,2,1,-2.75705,-6.10229,3,0.499377,0.334694,0.093,1
990,946,2,17,3,1,-0.724895,-5.83041,3,0.151162,0.229615,0.093,1
990,947,17,21,0,-1,-4.39139,-5.86465,1,-0.218587,1.00426,0.116,1
990,947,17,21,1,0,-4.10197,-4.80283,4,-0.31041,0.898909,0.116,1
990,947,17,21,2,1,-5.40596,-5.04027,3,-0.236181,0.558925,0.116,1
990,947,17,21,3,1,-5.87397,-5.49624,1,-0.299754,0.407091,0.116,1
990,947,17,21,4,1,-3.07026,-5.48457,3,-0.344407,0.505705,0.116,1
990,948,17,18,0,-1,-14.5096,-18.2913,1,0.0829215,-0.213962,0.117,0
990,948,17,18,1,0,-15.3972,-18.8427,4,0.120666,-0.274545,0.117,0
990,951,2,16,0,-1,-7.51614,-22.7701,1,-0.181469,-0.0175655,0.093,1
990,951,2,16,1,0,-6.58413,-22.2926,4,-0.0505112,-0.26369,0.093,1
990,951,2,16,2,1,-7.94902,-21.7468,3,0.102915,0.116134,0.093,1
990,952,32,19,0,-1,-11.6413,10.8902,1,-0.115321,-0.115081,0.063,0
990,952,32,19,1,0,-11.4231,11.4744,3,-0.258589,-0.0648222,0.063,0
990,952,32,19,2,0,-10.8963,11.7186,4,-0.306499,0.0430488,0.063,0
990,954,17,22,0,-1,-5.22044,-5.74478,1,-0.400945,0.479297,0.117,0
990,954,17,22,1,0,-5.74453,-6.6886,4,0.150668,0.0415089,0.117,0
990,954,17,22,2,1,-4.40894,-6.55319,3,0.225764,-0.0225714,0.117,0
990,954,17,22,3,1,-4.54733,-5.39345,1,-0.496359,0.480113,0.117,0
990,956,2,18,0,-1,-1.31173,-5.42575,1,0.205784,0.373967,0.092,0
990,956,2,18,1,0,-1.17842,-4.39395,4,0.404971,0.341981,0.092,0
990,958,2,17,0,-1,-7.26472,-22.0112,1,0.0238023,-0.0888066,0.094,0
990,960,2,18,0,-1,-11.5593,13.1957,1,-0.29738,0.085712,0.089,1
990,960,2,18,1,0,-11.6589,14.2368,4,-0.0856747,0.148876,0.089,1
990,960,2,18,2,1,-12.669,13.1664,3,-0.185111,0.275503,0.089,1
990,960,2,18,3,1,-10.6424,13.4174,3,-0.177395,0.0653181,0.089,1
990,961,33,21,0,-1,-8.29892,-18.9056,1,-0.505402,-0.0918898,0.09,0
990,961,33,21,1,0,-7.85106,-17.9642,4,-0.172888,-0.244275,0.09,0
990,961,33,21,2,1,-9.17784,-18.462,3,-0.325365,0.185875,0.09,0
990,961,33,21,3,0,-8.79197,-17.4437,1,-0.0310581,0.0667846,0.09,0
990,962,25,17,0,-1,6.51351,12.8299,1,0.447179,0.461939,0.112,0
990,966,2,16,0,-1,-1.79266,-19.7615,1,0.0322255,-0.378158,0.091,0
990,966,2,16,1,0,-2.82041,-19.626,4,-0.00352985,-0.457247,0.091,0
990,966,2,16,2,1,-1.84006,-20.7053,3,0.122065,-0.34753,0.091,0
990,967,2,17,0,-1,-1.06521,-14.4356,1,-0.188549,0.325076,0.09,0
990,967,2,17,1,0,-0.994632,-15.5409,4,-0.622184,0.426695,0.09,0
990,967,2,17,2,1,0.125391,-14.675,3,0.137267,-0.321033,0.09,0
990,973,25,16,0,-1,15.7286,11.7663,1,0.126491,0.296811,0.114,0
990,973,25,16,1,0,16.6477,10.8589,1,-0.0374954,0.101901,0.114,0
990,973,25,16,2,0,16.2999,12.6695,4,0.459868,0.339354,0.114,0
990,973,25,16,3,2,14.8757,12.9405,3,0.574145,0.625086,0.114,0
990,975,2,19,0,-1,-12.1616,13.7339,1,-0.0476538,0.354348,0.09,0
990,976,2,18,0,-1,-15.2261,13.4402,1,0.313506,0.481241,0.088,0
990,976,2,18,1,0,-16.1807,13.8914,4,-0.0483207,-0.262008,0.088,0
990,977,17,23,0,-1,-14.9316,-12.3078,1,0.127358,-0.770929,0.114,0
990,977,17,23,1,0,-14.5293,-11.3552,4,0.173905,-1.06385,0.114,0
990,979,25,19,0,-1,1.48734,3.05406,1,-0.306451,0.638621,0.116,0
1020,787,2,15,0,-1,2.61558,-19.1461,1,0.0729765,-0.440187,0.092,1
1020,787,2,15,1,0,2.66741,-20.1953,4,0.222387,-0.436238,0.092,1
1020,787,2,15,2,1,3.72685,-19.2135,3,0.11674,-0.319434,0.092,1
1020,787,2,15,3,1,1.78329,-19.2118,3,0.0707613,-0.575435,0.092,1
1020,855,25,16,0,-1,-2.85407,-2.37825,1,0.34676,-0.168493,0.114,1
1020,855,25,16,1,0,-3.75335,-3.22281,1,0.777987,-0.635533,0.114,1
1020,855,25,16,2,0,-1.89725,-2.88398,4,0.488122,0.350074,0.114,1
1020,855,25,16,3,2,-2.19131,-1.4632,3,-0.342051,0.238934,0.114,1
1020,855,25,16,4,2,-3.0421,-3.57866,3,0.803093,-0.245985,0.114,1
1020,869,25,15,0,-1,13.4675,13.2011,1,0.00938088,-0.0878635,0.114,1
1020,869,25,15,1,0,14.2276,14.2131,1,-0.0919784,-0.0439968,0.114,1
1020,869,25,15,2,0,12.4415,13.4409,4,0.013408,-0.19064,0.114,1
1020,869,25,15,3,2,13.0253,12.0899,3,0.380701,-0.0199384,0.114,1
1020,869,25,15,4,2,13.5105,14.2254,3,-0.082989,-0.0431531,0.114,1
1020,878,2,17,0,-1,-5.14156,16.3847,1,0.410226,0.281122,0.088,1
1020,878,2,17,1,0,-4.64627,17.3117,4,0.361384,0.310459,0.088,1
1020,878,2,17,2,1,-6.05033,17.0097,3,0.399902,0.130243,0.088,1
1020,878,2,17,3,1,-4.2764,16.0558,3,0.369787,0.323747,0.088,1
1020,879,25,16,0,-1,18.3587,5.54829,1,0.552854,0.0875443,0.114,1
1020,879,25,16,1,0,19.2187,4.65816,1,1.0412,0.549634,0.114,1
1020,879,25,16,2,0,18.8204,6.52543,4,0.0259635,0.339891,0.114,1
1020,879,25,16,3,2,17.4027,6.2292,3,0.163893,-0.345604,0.114,1
1020,879,25,16,4,2,19.5163,5.43083,3,0.606832,0.709154,0.114,1
1020,881,17,20,0,-1,-5.0116,-17.9365,1,0.253725,-0.228975,0.115,1
1020,881,17,20,1,0,-4.15012,-18.5384,4,0.251121,-0.224762,0.115,1
1020,881,17,20,2,1,-4.39112,-17.1673,3,0.19156,-0.236282,0.115,1
1020,881,17,20,3,0,-5.23589,-16.1236,1,0.263441,-0.230555,0.115,1
1020,881,17,20,4,1,-5.40338,-18.722,3,0.242693,-0.179697,0.115,1
1020,890,17,19,0,-1,12.4196,17.5384,1,0.134684,0.351,0.116,1
1020,890,17,19,1,0,12.461,18.5948,4,0.126441,0.349669,0.116,1
1020,890,17,19,2,1,11.2543,17.9054,3,0.140653,0.340202,0.116,1
1020,890,17,19,3,0,11.1761,16.1997,1,0.155674,0.337548,0.116,1
1020,890,17,19,4,1,13.3408,17.6098,3,0.108422,0.332154,0.116,1
1020,890,17,19,5,4,12.1468,16.2292,1,0.0721769,0.362119,0.116,1
1020,891,25,17,0,-1,15.8129,11.47,1,0.1148,0.266124,0.113,1
1020,891,25,17,1,0,16.3449,10.3669,1,0.451469,0.387954,0.113,1
1020,891,25,17,2,0,16.6722,12.1393,4,0.0546837,0.423937,0.113,1
1020,891,25,17,3,2,15.252,12.2798,3,0.10059,0.304874,0.113,1
1020,891,25,17,4,2,16.9946,10.8641,3,0.213712,0.534595,0.113,1
1020,909,2,18,0,-1,-10.4568,-1.93787,1,0.00244846,-0.281766,0.088,1
1020,909,2,18,1,0,-11.1386,-2.76017,4,-0.201033,-0.106002,0.088,1
1020,909,2,18,2,1,-9.69652,-3.0308,3,-0.217148,-0.264647,0.088,1
1020,909,2,18,3,1,-11.268,-1.46373,3,-0.0173634,-0.108152,0.088,1
1020,917,2,16,0,-1,5.18879,-14.8355,1,0.606055,-0.0312346,0.091,1
1020,917,2,16,1,0,5.88885,-14.044,4,0.152761,0.34521,0.091,1
1020,917,2,16,2,1,4.44761,-13.908,3,0.10269,-0.262134,0.091,1
1020,917,2,16,3,1,5.82092,-15.369,3,0.731656,0.283434,0.091,1
1020,918,2,19,0,-1,-13.0501,10.0815,1,0.106814,-0.540887,0.087,1
1020,918,2,19,1,0,-13.5938,9.16531,4,-0.325151,-0.172717,0.087,1
1020,918,2,19,2,1,-12.1748,9.44536,3,-0.0785629,-1.13868,0.087,1
1020,918,2,19,3,1,-14.1325,10.4176,3,0.33843,0.154254,0.087,1
1020,925,32,18,0,-1,-2.49846,15.0356,1,0.522317,0.256783,0.063,1
1020,925,32,18,1,0,-2.12295,15.4997,3,0.685838,0.133261,0.063,1
1020,925,32,18,2,0,-1.5456,15.6492,4,0.727184,-0.0800619,0.063,1
1020,925,32,18,3,2,-2.84983,16.2556,3,0.925475,0.366064,0.063,1
1020,925,32,18,4,2,-1.6717,14.342,3,0.268866,-0.0490755,0.063,1
1020,935,17,21,0,-1,-0.61379,-18.4895,1,-0.0777813,-0.352669,0.115,1
1020,935,17,21,1,0,-0.332597,-19.507,4,-0.155478,-0.357486,0.115,1
1020,935,17,21,2,1,0.498873,-18.3981,3,-0.218977,-0.311501,0.115,1
1020,935,17,21,3,0,0.105858,-16.812,1,0.0717974,-0.417034,0.115,1
1020,935,17,21,4,1,-1.37656,-18.7787,3,-0.127535,-0.298037,0.115,1
1020,937,25,16,0,-1,14.2265,5.62438,1,0.0477536,0.313244,0.113,1
1020,937,25,16,1,0,15.4386,5.3729,1,0.0261042,0.230618,0.113,1
1020,937,25,16,2,0,14.0892,6.69999,4,0.135067,0.329381,0.113,1
1020,937,25,16,3,2,13.0886,5.68485,3,0.0582545,0.416922,0.113,1
1020,937,25,16,4,2,15.2257,6.08473,3,0.0936879,0.252116,0.113,1
1020,939,25,18,0,-1,2.63086,7.68076,1,-0.120112,0.111889,0.115,1
1020,939,25,18,1,0,3.11856,8.80941,1,-0.075901,0.0825479,0.115,1
1020,939,25,18,2,0,1.55231,7.78082,4,-0.107863,0.186862,0.115,1
1020,939,25,18,3,2,2.39529,6.58482,3,-0.161496,0.140402,0.115,1
1020,939,25,18,4,2,2.33416,8.87133,3,-0.0536973,0.157679,0.115,1
1020,939,25,18,5,3,1.5417,6.17333,3,-0.169744,0.15193,0.115,1
1020,942,17,22,0,-1,-12.2959,-9.33518,1,-0.17255,0.298471,0.115,1
1020,942,17,22,1,0,-12.3933,-8.29683,4,-0.106441,0.237932,0.115,1
1020,942,17,22,2,1,-13.4778,-9.22657,3,-0.327499,0.554212,0.115,1
1020,942,17,22,3,0,-13.1944,-10.9365,1,-0.949217,0.820132,0.115,1
1020,942,17,22,4,1,-11.4338,-9.15948,3,-0.287244,0.0261957,0.115,1
1020,945,25,17,0,-1,9.51637,1.43737,1,0.207508,-0.0494821,0.113,1
1020,945,25,17,1,0,8.74708,0.474995,1,0.130079,0.0150805,0.113,1
1020,945,25,17,2,0,10.5353,1.09661,4,0.183928,-0.121739,0.113,1
1020,945,25,17,3,2,10.0925,2.49323,3,0.270936,-0.0951524,0.113,1
1020,945,25,17,4,2,9.47803,0.343311,3,0.113881,-0.00732273,0.113,1
1020,962,25,17,0,-1,11.6031,12.9712,1,0.117669,-0.0207543,0.112,1
1020,962,25,17,1,0,10.9508,11.9243,1,-0.011336,0.0519486,0.112,1
1020,962,25,17,2,0,12.6499,12.7385,4,0.0939502,-0.142616,0.112,1
1020,962,25,17,3,2,12.0295,14.0454,3,0.278658,-0.0391793,0.112,1
1020,962,25,17,4,2,11.6863,11.872,3,-0.0528574,0.0402608,0.112,1
1020,967,2,17,0,-1,-2.35987,-4.22938,1,0.410329,-0.0887746,0.09,1
1020,967,2,17,1,0,-1.37027,-3.83876,4,0.373017,0.108529,0.09,1
1020,967,2,17,2,1,-2.60815,-3.12176,3,0.391815,0.0253211,0.09,1
1020,967,2,17,3,1,-1.98213,-4.9989,3,0.623256,0.0033716,0.09,1
1020,973,25,16,0,-1,14.7912,17.7181,1,-0.39014,0.119776,0.114,1
1020,973,25,16,1,0,15.7929,18.4456,1,-0.135503,-0.220622,0.114,1
1020,973,25,16,2,0,13.9033,18.333,4,-0.184504,0.430921,0.114,1
1020,973,25,16,3,2,13.9695,16.9002,3,-0.701304,0.402747,0.114,1
1020,973,25,16,4,2,15.1237,18.7773,3,-0.0212583,-0.03591,0.114,1
1020,979,25,19,0,-1,1.99822,7.19166,1,-0.133299,0.131772,0.116,0
1020,979,25,19,1,0,3.17813,6.87005,1,-0.137502,0.10694,0.116,0
1020,979,25,19,2,0,2.10106,8.2287,4,-0.111454,0.134188,0.116,0
1020,982,25,18,0,-1,10.2185,1.79577,1,0.225116,-0.093173,0.114,0
1020,982,25,18,1,0,10.833,2.85478,1,0.206963,-0.0819248,0.114,0
1020,982,25,18,2,0,9.24696,2.20071,4,0.236397,-0.0613933,0.114,0
1020,983,25,17,0,-1,15.5718,17.52,1,-0.406199,0.03217,0.115,0
1020,984,17,22,0,-1,1.16754,-16.4455,1,0.285562,-0.23713,0.116,1
1020,984,17,22,1,0,2.09851,-16.9639,4,0.225841,-0.345592,0.116,1
1020,984,17,22,2,1,1.81676,-15.618,3,0.157478,-0.381568,0.116,1
1020,984,17,22,3,0,0.550505,-14.7194,1,0.117373,-0.284184,0.116,1
1020,984,17,22,4,1,0.813732,-17.2214,3,0.18757,-0.192469,0.116,1
1020,986,2,19,0,-1,-10.3389,-2.69959,1,-0.250332,-0.341416,0.089,0
1020,986,2,19,1,0,-9.62027,-1.9235,4,0.0366145,-0.61576,0.089,0
1020,987,2,18,0,-1,-8.45784,15.1668,1,0.0274644,-0.111737,0.087,1
1020,987,2,18,1,0,-9.4679,15.437,4,0.08171,0.102706,0.087,1
1020,987,2,18,2,1,-8.81599,14.1486,3,-0.180827,-0.0267909,0.087,1
1020,987,2,18,3,1,-8.31715,16.0757,10,0.202738,-0.118339,0.087,1
1020,988,2,20,0,-1,-7.44722,12.2132,1,-0.512871,-0.418268,0.088,1
1020,988,2,20,1,0,-8.32765,11.6323,4,-0.314605,-0.713356,0.088,1
1020,988,2,20,2,1,-6.94063,11.2379,3,-0.15648,-0.171216,0.088,1
1020,988,2,20,3,1,-8.18826,12.9268,3,-0.656873,-0.676329,0.088,1
1020,989,25,17,0,-1,-4.50853,3.02821,1,0.255042,-0.336638,0.113,1
1020,989,25,17,1,0,-5.72235,2.82155,1,0.277006,-0.509022,0.113,1
1020,989,25,17,2,0,-3.94286,2.11315,4,0.40935,-0.248847,0.113,1
1020,989,25,17,3,2,-3.58596,3.50784,3,0.223924,-0.201157,0.113,1
1020,989,25,17,4,2,-5.22621,2.19368,3,0.400791,-0.427555,0.113,1
1020,991,17,23,0,-1,6.79277,-17.3182,1,0.403564,-0.1212,0.116,1
1020,991,17,23,1,0,7.65755,-17.8583,4,0.317624,-0.213866,0.116,1
1020,991,17,23,2,1,7.35853,-16.4521,3,0.440718,-0.202867,0.116,1
1020,991,17,23,3,0,6.59618,-15.5103,1,0.944951,-0.103946,0.116,1
1020,991,17,23,4,1,6.4486,-18.3405,3,0.188006,0.127863,0.116,1
1020,994,2,18,0,-1,4.40724,-10.5481,1,0.512881,-0.73272,0.089,1
1020,994,2,18,1,0,5.45651,-10.725,4,0.640277,-0.0168526,0.089,1
1020,994,2,18,2,1,4.92464,-9.36904,3,-0.214966,-0.33974,0.089,1
1020,994,2,18,3,1,4.40967,-11.5456,3,1.23185,-0.779486,0.089,1
1020,995,2,21,0,-1,-11.456,8.83465,1,0.211205,-0.993008,0.087,1
1020,995,2,21,1,0,-10.5772,8.2613,4,0.547418,-0.396458,0.087,1
1020,995,2,21,2,1,-10.8032,9.67791,3,0.153213,-0.448231,0.087,1
1020,995,2,21,3,1,-11.8148,7.80535,3,0.562839,-0.518583,0.087,1
1020,997,25,18,0,-1,10.8017,12.8887,1,0.101726,0.121374,0.111,0
1020,997,25,18,1,0,9.95411,13.7718,1,0.19738,0.208072,0.111,0
1020,997,25,18,2,0,10.1615,12.0566,4,-0.00654742,0.203769,0.111,0
1020,998,17,24,0,-1,3.42579,-15.9485,1,0.450911,-0.126793,0.117,1
1020,998,17,24,1,0,4.48739,-16.0334,4,0.409674,0.157406,0.117,1
1020,998,17,24,2,1,3.5197,-15.0326,3,0.0946209,-0.112714,0.117,1
1020,998,17,24,3,0,2.39086,-14.4475,1,0.246449,-0.250653,0.117,1
1020,998,17,24,4,1,3.48539,-16.7828,3,0.746921,-0.372661,0.117,1
1020,999,17,22,0,-1,-1.25167,-15.4285,1,0.315158,0.261381,0.115,1
1020,999,17,22,1,0,-0.633505,-14.5757,4,0.0970615,0.424718,0.115,1
1020,999,17,22,2,1,-2.00892,-14.835,3,0.156488,0.138629,0.115,1
1020,999,17,22,3,0,-3.08019,-15.5293,1,0.337968,-0.218869,0.115,1
1020,999,17,22,4,1,-0.40044,-15.8141,3,0.464281,0.483833,0.115,1
1020,1001,25,18,0,-1,15.1118,11.0977,1,0.230573,-0.0971728,0.112,0
1020,1001,25,18,1,0,13.9651,10.6834,1,0.147445,0.0225702,0.112,0
1020,1001,25,18,2,0,15.5037,10.1344,4,0.206321,-0.132297,0.112,0
1020,1001,25,18,3,2,16.3677,11.3085,3,-0.00823655,-0.024414,0.112,0
1020,1002,25,16,0,-1,13.009,13.8732,1,-0.0196401,-0.0661465,0.114,0
1020,1002,25,16,1,0,14.1843,13.4725,1,0.0178852,0.0601394,0.114,0
1020,1002,25,16,2,0,13.1414,14.9323,4,-0.192755,-0.0297299,0.114,0
1020,1003,2,17,0,-1,8.38305,-16.589,1,0.644503,-0.848591,0.091,1
1020,1003,2,17,1,0,8.88043,-17.515,4,0.696855,-0.725821,0.091,1
1020,1003,2,17,2,1,9.2267,-16.128,3,0.418698,-0.687464,0.091,1
1020,1003,2,17,3,1,7.65512,-17.0302,3,0.864901,-0.231955,0.091,1
1020,1004,2,20,0,-1,-13.783,9.80734,1,-0.118842,-0.154395,0.086,0
1020,1005,32,19,0,-1,-2.47679,14.2316,1,0.0856593,0.24722,0.064,0
1020,1005,32,19,1,0,-3.13381,14.2891,3,0.0747994,0.37918,0.064,0
1020,1008,2,22,0,-1,-11.0967,10.2954,1,1.06087,0.423895,0.086,1
1020,1008,2,22,1,0,-10.0131,10.4922,4,0.854964,0.0687598,0.086,1
1020,1008,2,22,2,1,-10.8318,11.6872,3,0.438807,-0.1039,0.086,1
1020,1008,2,22,3,1,-10.1362,9.14833,3,-0.555221,0.192065,0.086,1
1020,1009,25,17,0,-1,14.0938,4.82459,1,0.393607,0.250014,0.114,0
1020,1011,17,23,0,-1,1.4737,-17.1828,1,0.100928,-0.309055,0.115,0
1020,1015,2,18,0,-1,9.23375,-16.8493,1,0.607878,-0.334801,0.092,1
1020,1015,2,18,1,0,10.1664,-16.4465,4,0.705786,-0.216427,0.092,1
1020,1015,2,18,2,1,8.93676,-15.5911,3,0.352281,-0.747687,0.092,1
1020,1015,2,18,3,1,9.85189,-17.7475,3,0.67254,-0.0930955,0.092,1
1020,1016,25,17,0,-1,-3.51561,-1.91853,1,0.389357,-0.258797,0.114,0
1020,1017,17,25,0,-1,2.62793,-16.1318,1,0.53633,-0.30376,0.118,0
1020,1020,17,23,0,-1,-13.0406,-9.05676,1,-0.0151612,0.540594,0.115,0
1020,1020,17,23,1,0,-14.1034,-9.36344,4,-0.0427177,0.624752,0.115,0
1020,1022,2,19,0,-1,10.0034,-17.0996,1,0.659741,-0.0605784,0.093,0
1050,855,25,16,0,-1,-4.0872,-0.0386506,1,-0.210486,-0.221636,0.114,1
1050,855,25,16,1,0,-4.44408,1.1373,1,-0.265485,-0.241041,0.114,1
1050,855,25,16,2,0,-4.92779,-0.716207,4,-0.172477,-0.307936,0.114,1
1050,855,25,16,3,2,-3.50259,-0.905218,3,-0.159594,-0.116867,0.114,1
1050,855,25,16,4,2,-5.00641,0.55613,3,-0.233735,-0.345065,0.114,1
1050,869,25,15,0,-1,14.7978,9.66394,1,0.241269,-0.150209,0.114,1
1050,869,25,15,1,0,14.4817,8.4504,1,0.549364,-0.232284,0.114,1
1050,869,25,15,2,0,15.8645,9.78226,4,0.211979,0.12322,0.114,1
1050,869,25,15,3,2,14.7937,10.7519,3,-0.0325638,-0.145903,0.114,1
1050,869,25,15,4,2,15.1852,8.64647,3,0.496484,-0.0475217,0.114,1
1050,909,2,18,0,-1,-6.06991,-7.01764,1,-0.00325495,0.23727,0.088,1
1050,909,2,18,1,0,-6.38021,-6.04735,4,-0.221039,0.258884,0.088,1
1050,909,2,18,2,1,-6.72386,-7.46353,3,0.115904,0.188286,0.088,1
1050,909,2,18,3,1,-5.19425,-6.63007,3,-0.0633903,0.684435,0.088,1
1050,917,2,16,0,-1,16.0193,-4.62093,1,0.154809,0.618547,0.091,1
1050,917,2,16,1,0,15.9602,-3.62609,4,0.382377,0.488454,0.091,1
1050,917,2,16,2,1,14.9715,-4.68118,3,0.061725,0.750923,0.091,1
1050,917,2,16,3,1,16.7309,-4.74448,3,-0.0460833,0.0878292,0.091,1
1050,937,25,16,0,-1,11.9625,4.63239,1,-0.00356455,-0.290387,0.113,1
1050,937,25,16,1,0,10.8382,5.14439,1,0.0325151,-0.21148,0.113,1
1050,937,25,16,2,0,11.8713,3.5558,4,-0.0463868,-0.287569,0.113,1
1050,937,25,16,3,2,13.0654,4.35424,3,-0.029675,-0.306804,0.113,1
1050,937,25,16,4,2,10.883,4.38706,3,-0.0135787,-0.2511,0.113,1
1050,939,25,18,0,-1,-2.55048,5.56485,1,0.00460927,-0.284527,0.115,1
1050,939,25,18,1,0,-3.62506,4.96843,1,0.196307,-0.625401,0.115,1
1050,939,25,18,2,0,-1.80159,4.76739,4,0.267325,-0.0409481,0.115,1
1050,939,25,18,3,2,-1.50294,6.19973,3,-0.241625,0.0681563,0.115,1
1050,939,25,18,4,2,-3.0518,4.33568,3,0.404631,-0.458297,0.115,1
1050,939,25,18,5,3,-0.619382,5.82684,3,-0.111621,0.381804,0.115,1
1050,942,17,22,0,-1,-9.20216,-4.883,1,-0.181604,0.281112,0.115,1
1050,942,17,22,1,0,-10.0481,-4.23338,4,-0.331712,0.0708314,0.115,1
1050,942,17,22,2,1,-9.97167,-5.65342,3,0.127402,0.0993962,0.115,1
1050,942,17,22,3,0,-9.17331,-6.71281,1,0.237973,0.288708,0.115,1
1050,942,17,22,4,1,-8.82135,-3.95927,3,-0.39699,0.338143,0.115,1
1050,945,25,17,0,-1,13.1769,-6.01886,1,-0.0852093,-0.0515574,0.113,1
1050,945,25,17,1,0,12.0725,-6.67273,1,-0.220347,0.20741,0.113,1
1050,945,25,17,2,0,13.9659,-6.67096,4,-0.0415691,-0.208085,0.113,1
1050,945,25,17,3,2,13.9462,-5.17973,3,-0.0446254,-0.401186,0.113,1
1050,945,25,17,4,2,12.6385,-6.73518,3,-0.0327683,-0.226947,0.113,1
1050,962,25,17,0,-1,9.571,2.19723,1,0.261463,-0.166493,0.112,1
1050,962,25,17,1,0,8.95484,1.13108,1,0.227946,-0.135177,0.112,1
1050,962,25,17,2,0,10.6322,1.97741,4,0.241157,-0.236486,0.112,1
1050,962,25,17,3,2,9.97371,3.25453,3,0.262736,-0.226794,0.112,1
1050,962,25,17,4,2,9.72052,0.992605,3,0.211555,-0.211497,0.112,1
1050,967,2,17,0,-1,6.56813,9.30471,1,-0.102524,0.350257,0.09,1
1050,967,2,17,1,0,5.58182,9.6675,4,-0.125836,0.320765,0.09,1
1050,967,2,17,2,1,6.12926,8.31092,3,0.0234843,0.351917,0.09,1
1050,967,2,17,3,1,6.81866,10.1048,3,-0.18908,0.426858,0.09,1
1050,979,25,19,0,-1,-1.75784,5.51757,1,0.0158496,-0.00489018,0.116,0
1050,979,25,19,1,0,-2.2663,6.63812,1,-0.402877,-0.18338,0.116,0
1050,979,25,19,2,0,-2.59648,4.88597,4,0.243823,-0.311666,0.116,0
1050,982,25,18,0,-1,12.7553,-5.45557,1,-0.193318,-0.00369537,0.114,1
1050,982,25,18,1,0,12.4619,-4.21196,1,-0.297309,0.11586,0.114,1
1050,982,25,18,2,0,11.8785,-6.11224,4,0.0118865,-0.506522,0.114,1
1050,982,25,18,3,2,13.2204,-6.77121,3,0.0964906,-0.32905,0.114,1
1050,982,25,18,4,2,11.5497,-4.75777,3,-0.588625,-0.913955,0.114,1
1050,984,17,22,0,-1,0.387166,-19.0283,1,-0.00913802,0.240736,0.116,1
1050,984,17,22,1,0,-0.197607,-18.1616,4,-0.171588,0.107045,0.116,1
1050,984,17,22,2,1,-0.522005,-19.5247,3,-0.151594,0.101625,0.116,1
1050,984,17,22,3,0,-0.0410917,-20.7995,1,0.390419,0.155616,0.116,1
1050,984,17,22,4,1,1.04464,-18.5034,3,-0.21933,-0.0674012,0.116,1
1050,986,2,19,0,-1,-17.833,0.467289,1,-0.174879,0.163775,0.089,1
1050,988,2,20,0,-1,-1.51643,2.62301,1,0.581161,-0.256562,0.088,1
1050,988,2,20,1,0,-0.611778,3.17358,4,0.24416,0.331249,0.088,1
1050,988,2,20,2,1,-1.95782,3.71243,3,-0.0623961,-0.436262,0.088,1
1050,988,2,20,3,1,-0.676742,1.85725,3,1.19945,0.287006,0.088,1
1050,989,25,17,0,-1,3.90298,6.30451,1,0.230762,-0.0893586,0.113,1
1050,989,25,17,1,0,3.37981,5.17679,1,-0.0647363,0.0519581,0.113,1
1050,989,25,17,2,0,4.97641,6.24968,4,0.213767,-0.284178,0.113,1
1050,989,25,17,3,2,4.02315,7.31539,3,0.242352,-0.256568,0.113,1
1050,989,25,17,4,2,4.09435,5.31,3,-0.0186485,-0.0651863,0.113,1
1050,991,17,23,0,-1,5.71607,-22.7739,1,-0.349327,0.0463162,0.116,1
1050,991,17,23,1,0,4.70157,-23.0459,4,-0.405278,0.257063,0.116,1
1050,991,17,23,2,1,5.9645,-23.66,3,-0.532859,0.00228169,0.116,1
1050,991,17,23,3,0,7.32753,-23.6432,1,-0.500415,-0.236872,0.116,1
1050,991,17,23,4,1,5.42297,-22,3,-0.182667,0.106168,0.116,1
1050,994,2,18,0,-1,4.14525,0.0248674,1,-0.0216973,-0.395789,0.089,1
1050,994,2,18,1,0,4.27167,-1.02439,4,-0.427455,-0.464078,0.089,1
1050,994,2,18,2,1,5.47851,-0.225781,3,-0.430502,-0.444162,0.089,1
1050,994,2,18,3,1,3.25988,-0.156369,3,-0.223804,-0.246582,0.089,1
1050,995,2,21,0,-1,-13.2454,6.44981,1,0.112763,-0.502299,0.087,1
1050,995,2,21,1,0,-12.2141,6.24205,4,0.135681,-0.416759,0.087,1
1050,995,2,21,2,1,-12.8804,7.51033,3,-0.031904,-0.5144,0.087,1
1050,995,2,21,3,1,-13.2229,5.39409,3,0.176898,-0.449558,0.087,1
1050,997,25,18,0,-1,7.31338,12.9694,1,0.298537,0.188523,0.111,1
1050,997,25,18,1,0,7.9351,11.9005,1,0.095776,0.0561843,0.111,1
1050,997,25,18,2,0,7.971,13.8205,4,0.464366,0.0409536,0.111,1
1050,997,25,18,3,2,6.56912,13.5575,3,0.340383,0.584861,0.111,1
1050,997,25,18,4,2,8.25477,12.5619,3,0.165805,-0.0275214,0.111,1
1050,998,17,24,0,-1,1.44038,-16.8961,1,-0.0739537,0.144238,0.117,1
1050,998,17,24,1,0,2.3715,-17.4578,4,0.0372451,0.293632,0.117,1
1050,998,17,24,2,1,2.03625,-16.115,3,0.347203,0.362609,0.117,1
1050,998,17,24,3,0,1.21941,-15.0603,1,0.0225192,0.20257,0.117,1
1050,998,17,24,4,1,1.17574,-17.7944,3,0.218318,-0.405617,0.117,1
1050,999,17,22,0,-1,-5.98589,-10.0995,1,-0.407352,-0.215283,0.115,1
1050,999,17,22,1,0,-6.92567,-10.6051,4,-0.552304,0.0559306,0.115,1
1050,999,17,22,2,1,-5.70022,-11.236,3,-0.714871,-0.264369,0.115,1
1050,999,17,22,3,0,-4.17371,-10.3905,1,-0.495808,-0.777598,0.115,1
1050,999,17,22,4,1,-6.47732,-9.41773,3,-0.213168,-0.070685,0.115,1
1050,1002,25,16,0,-1,15.4418,9.20323,1,0.360951,0.0171969,0.114,0
1050,1002,25,16,1,0,14.1945,9.16931,1,0.369191,-0.308099,0.114,0
1050,1002,25,16,2,0,15.7199,8.16329,4,0.628285,0.0903747,0.114,0
1050,1008,2,22,0,-1,-6.37667,12.159,1,0.265706,0.354141,0.086,1
1050,1008,2,22,1,0,-5.33164,12.3282,4,0.340152,-0.0852989,0.086,1
1050,1008,2,22,2,1,-6.36492,13.3283,3,0.7873,0.39961,0.086,1
1050,1008,2,22,3,1,-5.972,11.1759,3,-0.089567,0.1532,0.086,1
1050,1009,25,17,0,-1,12.1085,5.4273,1,-0.0586717,-0.281652,0.114,0
1050,1009,25,17,1,0,12.2949,6.63926,1,-0.0687179,-0.28067,0.114,0
1050,1011,17,23,0,-1,0.432762,-18.2235,1,-0.0394819,0.276195,0.115,0
1050,1016,25,17,0,-1,-3.64644,0.633954,1,-0.195314,-0.217616,0.114,0
1050,1017,17,25,0,-1,0.63835,-17.1156,1,0.0271555,-0.200856,0.118,0
1050,1017,17,25,1,0,0.764357,-16.0753,4,0.19766,-0.190157,0.118,0
1050,1017,17,25,2,1,-0.218777,-17.0679,3,0.0680128,-0.0428987,0.118,0
1050,1017,17,25,3,0,-0.92284,-18.1235,1,-0.270071,0.280422,0.118,0
1050,1020,17,23,0,-1,-9.20553,-5.68918,1,0.0139353,0.283783,0.115,0
1050,1020,17,23,1,0,-9.9841,-4.98013,4,-0.226199,0.068745,0.115,0
1050,1020,17,23,2,1,-9.95264,-6.40205,3,0.142685,0.0804247,0.115,0
1050,1023,2,17,0,-1,10.1254,-9.63931,1,0.346716,0.382988,0.092,1
1050,1023,2,17,1,0,11.0687,-9.1669,4,0.599702,-0.101234,0.092,1
1050,1023,2,17,2,1,9.80484,-8.46235,3,0.991578,0.629455,0.092,1
1050,1023,2,17,3,1,10.5527,-10.3979,3,0.074636,0.11469,0.092,1
1050,1025,2,18,0,-1,1.37502,0.958561,1,0.347973,-0.0314604,0.09,1
1050,1025,2,18,1,0,1.94334,1.84368,4,0.216871,0.0523106,0.09,1
1050,1025,2,18,2,1,0.524365,1.65275,3,0.278821,-0.223229,0.09,1
1050,1025,2,18,3,1,2.07923,0.518185,3,0.384274,0.0639861,0.09,1
1050,1027,2,21,0,-1,-5.47047,2.26257,1,0.274664,-0.277458,0.089,1
1050,1027,2,21,1,0,-5.272,1.23955,4,-0.171815,-0.357915,0.089,1
1050,1027,2,21,2,1,-4.32322,2.31667,3,0.361004,-0.815308,0.089,1
1050,1027,2,21,3,1,-6.45417,1.81222,3,0.0475356,0.0742992,0.089,1
1050,1028,17,24,0,-1,5.2993,-23.4714,1,-0.495796,0.128572,0.115,0
1050,1030,2,19,0,-1,4.61009,-5.9007,1,-0.35791,0.341344,0.09,1
1050,1030,2,19,1,0,3.97661,-5.05395,4,-0.424588,0.284929,0.09,1
1050,1030,2,19,2,1,3.57775,-6.43997,3,-0.241349,0.230043,0.09,1
1050,1030,2,19,3,1,5.27045,-5.30902,3,-0.409232,0.342591,0.09,1
1050,1033,2,19,0,-1,-10.9404,-12.1041,1,-0.925229,-0.0680282,0.089,1
1050,1033,2,19,1,0,-12.0786,-11.7746,4,-0.703841,0.449062,0.089,1
1050,1033,2,19,2,1,-11.7561,-13.1759,3,-1.05221,0.313846,0.089,1
1050,1033,2,19,3,1,-11.0592,-10.9344,3,-0.105737,-0.16486,0.089,1
1050,1034,25,18,0,-1,4.43306,8.44298,1,0.0394487,0.249403,0.114,1
1050,1034,25,18,1,0,5.58467,8.95024,1,-0.00479346,0.373073,0.114,1
1050,1034,25,18,2,0,3.63315,9.16006,4,-0.0502903,0.106112,0.114,1
1050,1034,25,18,3,2,3.28503,7.73648,3,0.227897,0.0198935,0.114,1
1050,1034,25,18,4,3,4.60502,7.70769,1,0.204668,0.175184,0.114,1
1050,1034,25,18,5,2,4.89658,9.2584,3,-0.0357971,0.281608,0.114,1
1050,1035,25,19,0,-1,11.1194,10.0269,1,0.400611,0.0450921,0.112,1
1050,1035,25,19,1,0,10.866,8.82501,1,0.337478,0.0566146,0.112,1
1050,1035,25,19,2,0,12.1806,10.1947,4,0.423982,-0.0728574,0.112,1
1050,1035,25,19,3,2,11.0623,11.0853,3,0.557425,0.110894,0.112,1
1050,1035,25,19,4,2,11.5828,8.92526,3,0.302511,0.00479924,0.112,1
1050,1037,2,18,0,-1,5.50368,13.9762,1,0.134727,0.723782,0.089,1
1050,1037,2,18,1,0,6.50576,14.3136,4,0.180953,0.551306,0.089,1
1050,1037,2,18,2,1,5.32399,15.1103,3,0.286536,0.718112,0.089,1
1050,1037,2,18,3,1,5.75034,13.2084,3,0.108901,0.605535,0.089,1
1050,1040,2,20,0,-1,-9.45349,-13.2699,1,0.186612,0.663822,0.089,1
1050,1040,2,20,1,0,-9.1408,-12.134,4,-0.162264,0.635509,0.089,1
1050,1040,2,20,2,1,-10.4249,-12.7772,3,0.0732787,0.0293797,0.089,1
1050,1040,2,20,3,1,-8.18033,-13.0381,3,-0.0397684,0.660929,0.089,1
1050,1041,2,20,0,-1,5.37008,-6.16496,1,-0.420341,0.172628,0.089,0
1050,1042,2,22,0,-1,-11.3054,9.66474,1,0.394792,0.317676,0.087,1
1050,1042,2,22,1,0,-11.5076,10.7315,4,-0.33618,0.235555,0.087,1
1050,1042,2,22,2,1,-12.6284,9.80455,3,-0.0410953,-0.119474,0.087,1
1050,1042,2,22,3,1,-10.2126,10.335,3,-0.208999,1.24614,0.087,1
1050,1043,25,18,0,-1,10.0569,1.58595,1,0.20299,-0.211628,0.113,0
1050,1046,25,19,0,-1,5.21359,8.23733,1,0.0222622,0.342048,0.113,0
1050,1047,2,17,0,-1,14.4784,-4.36998,1,-0.214086,-0.14861,0.092,1
1050,1047,2,17,1,0,14.3626,-5.47481,4,0.674048,-0.295031,0.092,1
1050,1047,2,17,2,1,15.7102,-5.05679,3,0.253897,0.606318,0.092,1
1050,1047,2,17,3,1,13.7843,-4.2467,3,-0.314668,-0.823545,0.092,1
1050,1048,2,19,0,-1,4.86995,13.4696,1,-0.0117393,0.947373,0.088,0
1050,1049,2,19,0,-1,5.68091,0.981138,1,0.180646,0.0918725,0.088,1
1050,1049,2,19,1,0,6.26666,0.195556,4,-0.162277,-0.169216,0.088,1
1050,1049,2,19,2,1,6.54874,1.60569,3,0.0889752,-0.204259,0.088,1
1050,1049,2,19,3,1,4.95999,0.495361,3,0.0599696,0.529935,0.088,1
1050,1051,2,19,0,-1,-6.85802,-6.70117,1,0.02156,0.140375,0.089,0
1050,1051,2,19,1,0,-7.13769,-5.67876,4,0.445065,0.190825,0.089,0
1050,1051,2,19,2,1,-8.26686,-6.60522,3,0.400252,0.247758,0.089,0
1050,1053,25,19,0,-1,12.2302,-4.94051,1,-0.193266,-0.0231245,0.114,0
1050,1053,25,19,1,0,11.757,-3.80888,1,-0.831903,-0.430728,0.114,0
1050,1054,2,19,0,-1,0.834578,0.363703,1,0.379715,-0.0591944,0.089,0
1050,1055,2,23,0,-1,-10.9258,10.3425,1,0.177662,0.397107,0.088,0
1050,1055,2,23,1,0,-9.89064,10.559,4,0.338509,0.634371,0.088,0
1050,1056,2,23,0,-1,-6.74661,11.441,1,0.139037,0.412649,0.086,0
1080,917,2,16,0,-1,17.6296,1.75258,1,-0.0338595,-0.45634,0.091,1
1080,917,2,16,1,0,17.4211,0.7339,4,-0.0380145,-0.455836,0.091,1
1080,917,2,16,2,1,18.6812,1.42909,3,-0.0397144,-0.466047,0.091,1
1080,917,2,16,3,1,16.8367,1.96404,3,-0.0336061,-0.44954,0.091,1
1080,939,25,18,0,-1,2.01561,5.63611,1,0.089809,-0.114192,0.115,1
1080,939,25,18,1,0,1.89834,4.39754,1,-0.175612,-0.108124,0.115,1
1080,939,25,18,2,0,3.04653,5.92545,4,0.176092,-0.308613,0.115,1
1080,939,25,18,3,2,1.80667,6.71274,3,0.475734,0.225008,0.115,1
1080,939,25,18,4,2,2.51469,4.75159,3,-0.0582638,-0.219857,0.115,1
1080,939,25,18,5,3,2.32354,7.50821,3,0.721003,-0.0416453,0.115,1
1080,942,17,22,0,-1,-14.9066,-12.711,1,0.183182,-0.430418,0.115,1
1080,942,17,22,1,0,-14.2921,-13.5895,4,0.514777,-0.269046,0.115,1
1080,942,17,22,2,1,-13.9301,-12.212,3,0.104242,-0.169465,0.115,1
1080,942,17,22,3,0,-14.3425,-10.9687,1,-0.424296,-0.265381,0.115,1
1080,942,17,22,4,1,-15.5474,-13.5801,3,0.515275,-0.671413,0.115,1
1080,945,25,17,0,-1,13.7811,-10.791,1,-0.199841,0.382277,0.113,1
1080,945,25,17,1,0,14.996,-10.9405,1,-0.243997,0.0335297,0.113,1
1080,945,25,17,2,0,13.6068,-9.71892,4,-0.0340728,0.410987,0.113,1
1080,945,25,17,3,2,12.6788,-10.8171,3,-0.0149326,0.393106,0.113,1
1080,945,25,17,4,2,14.8998,-10.0005,3,-0.088061,0.229718,0.113,1
1080,967,2,17,0,-1,-3.74426,13.9683,1,-0.451772,0.0353839,0.09,1
1080,967,2,17,1,0,-4.74686,14.2548,4,-0.402693,0.185725,0.09,1
1080,967,2,17,2,1,-4.12357,12.9487,3,-0.565815,0.12244,0.09,1
1080,967,2,17,3,1,-3.51336,14.7647,3,-0.305775,-0.0256582,0.09,1
1080,982,25,18,0,-1,8.71591,-3.87789,1,0.291081,0.194915,0.114,1
1080,982,25,18,1,0,9.23244,-4.98223,1,0.0975784,0.102117,0.114,1
1080,982,25,18,2,0,9.51827,-3.16949,4,0.364188,0.0818576,0.114,1
1080,982,25,18,3,2,8.07939,-3.03106,3,0.345823,0.348507,0.114,1
1080,982,25,18,4,2,9.99937,-4.5146,3,0.198414,0.00970554,0.114,1
1080,984,17,22,0,-1,-6.32191,-14.7441,1,-0.0976062,0.396112,0.116,1
1080,984,17,22,1,0,-5.23193,-14.685,4,0.0407452,0.195897,0.116,1
1080,984,17,22,2,1,-5.79609,-13.3568,3,0.570674,0.403098,0.116,1
1080,984,17,22,3,0,-7.82076,-13.6175,1,0.122918,0.733537,0.116,1
1080,984,17,22,4,1,-5.7879,-15.8226,3,0.437528,-0.108767,0.116,1
1080,988,2,20,0,-1,3.29485,7.13447,1,0.0927418,-0.0857983,0.088,1
1080,988,2,20,1,0,3.83815,6.23315,4,0.331095,0.0399377,0.088,1
1080,988,2,20,2,1,4.25515,7.61098,3,-0.0128838,0.153693,0.088,1
1080,988,2,20,3,1,2.54998,6.46759,3,0.294334,-0.274393,0.088,1
1080,989,25,17,0,-1,4.15148,4.1068,1,0.174874,-0.180803,0.113,1
1080,989,25,17,1,0,4.17551,5.33038,1,0.0897919,-0.210674,0.113,1
1080,989,25,17,2,0,3.13496,3.76567,4,0.156658,-0.279981,0.113,1
1080,989,25,17,3,2,4.36728,2.98269,3,0.254481,-0.0906201,0.113,1
1080,989,25,17,4,2,3.44382,5.02207,3,0.0154095,-0.211838,0.113,1
1080,994,2,18,0,-1,6.81335,-2.98824,1,0.149953,0.329445,0.089,1
1080,994,2,18,1,0,7.60895,-2.29883,4,0.0740405,0.416201,0.089,1
1080,994,2,18,2,1,6.1452,-2.11636,3,0.0344244,0.183606,0.089,1
1080,994,2,18,3,1,7.43187,-3.60712,3,0.239031,0.390677,0.089,1
1080,995,2,21,0,-1,-14.413,6.79265,1,-0.388655,-0.0434319,0.087,1
1080,995,2,21,1,0,-15.4442,6.50763,4,-0.282385,-0.463435,0.087,1
1080,995,2,21,2,1,-14.3775,5.53937,3,-0.227831,-0.425286,0.087,1
1080,995,2,21,3,1,-15.0122,7.74001,3,-1.05402,-0.150054,0.087,1
1080,997,25,18,0,-1,20.4049,14.7271,1,0.357253,0.0987945,0.111,1
1080,997,25,18,1,0,20.8761,13.5871,1,0.642178,0.215715,0.111,1
1080,997,25,18,2,0,21.2004,15.455,4,0.180367,0.293519,0.111,1
1080,997,25,18,3,2,19.7748,15.6471,3,0.137146,-0.0424386,0.111,1
1080,997,25,18,4,2,21.3922,14.1751,3,0.490768,0.339619,0.111,1
1080,999,17,22,0,-1,-12.7793,-1.2251,1,-0.157303,0.319271,0.115,1
1080,999,17,22,1,0,-13.0078,-0.189063,4,0.0691221,0.369606,0.115,1
1080,999,17,22,2,1,-13.9329,-1.2215,3,-0.148214,0.563086,0.115,1
1080,999,17,22,3,0,-13.6126,-2.85476,1,-0.503029,0.49345,0.115,1
1080,999,17,22,4,1,-11.9837,-0.940678,3,-0.0931037,0.146655,0.115,1
1080,1008,2,22,0,-1,-5.13637,11.7066,1,0.0304353,0.339621,0.086,1
1080,1008,2,22,1,0,-5.14946,12.7537,4,-0.181645,0.348268,0.086,1
1080,1008,2,22,2,1,-6.22085,11.786,3,0.037481,0.124356,0.086,1
1080,1008,2,22,3,1,-4.12991,11.9169,3,-0.0493843,0.519527,0.086,1
1080,1011,17,23,0,-1,-5.44209,-13.6032,1,0.337541,0.297511,0.115,1
1080,1011,17,23,1,0,-4.80282,-12.7304,4,0.66383,-0.00669987,0.115,1
1080,1011,17,23,2,1,-6.18913,-12.6193,3,0.70582,0.686649,0.115,1
1080,1011,17,23,3,0,-7.21375,-13.7786,1,0.197144,0.760323,0.115,1
1080,1011,17,23,4,1,-4.81493,-13.9871,3,0.222577,-0.0643597,0.115,1
1080,1020,17,23,0,-1,-14.6291,-11.9358,1,0.311764,-0.343311,0.115,0
1080,1020,17,23,1,0,-14.2098,-12.8783,4,-0.601926,-0.483685,0.115,0
1080,1020,17,23,2,1,-13.6382,-11.516,3,-0.231127,-0.192343,0.115,0
1080,1020,17,23,3,0,-13.0295,-12.7311,1,0.263907,0.159108,0.115,0
1080,1023,2,17,0,-1,17.4173,-12.6622,1,-0.553083,-0.152939,0.092,1
1080,1023,2,17,1,0,16.3784,-12.8301,4,-0.583048,0.0351092,0.092,1
1080,1023,2,17,2,1,17.451,-13.7844,3,-0.792227,-0.205277,0.092,1
1080,1023,2,17,3,1,17.2616,-11.8375,3,-0.406322,-0.118535,0.092,1
1080,1025,2,18,0,-1,6.74329,6.32618,1,0.114146,0.345393,0.09,1
1080,1025,2,18,1,0,7.59317,6.93867,4,0.0859531,0.394841,0.09,1
1080,1025,2,18,2,1,6.1757,7.17773,3,0.0963651,0.357907,0.09,1
1080,1025,2,18,3,1,7.2429,5.65852,3,0.186316,0.360966,0.09,1
1080,1030,2,19,0,-1,-1.15573,-14.5266,1,-0.436564,-0.760503,0.09,1
1080,1030,2,19,1,0,-2.21439,-14.4343,4,-0.366311,0.103377,0.09,1
1080,1030,2,19,2,1,-1.64093,-15.7701,3,-1.48255,-0.386715,0.09,1
1080,1030,2,19,3,1,-1.20135,-13.5462,3,0.342785,-0.689104,0.09,1
1080,1033,2,19,0,-1,-21.1641,-8.42466,1,-0.368807,0.191491,0.089,1
1080,1033,2,19,1,0,-22.3272,-8.33729,4,-0.370233,0.163945,0.089,1
1080,1033,2,19,2,1,-21.4905,-9.505,3,-0.324655,0.197857,0.089,1
1080,1033,2,19,3,1,-21.2975,-7.5226,3,-0.378807,0.174158,0.089,1
1080,1034,25,18,0,-1,-0.0462226,7.216,1,0.0314607,-0.0595854,0.114,1
1080,1034,25,18,1,0,-1.2832,7.21284,1,0.0130705,0.0223883,0.114,1
1080,1034,25,18,2,0,0.34576,6.25091,4,-0.0109061,-0.13533,0.114,1
1080,1034,25,18,5,2,-0.910038,6.57419,3,-0.0183331,-0.0220982,0.114,1
1080,1035,25,19,0,-1,10.976,7.49624,1,0.310513,-0.129547,0.112,1
1080,1035,25,19,1,0,9.88111,6.91646,1,0.276219,-0.00495663,0.112,1
1080,1035,25,19,2,0,11.7651,6.68576,4,0.200323,-0.219787,0.112,1
1080,1035,25,19,3,2,11.9004,8.07972,3,0.48404,-0.221779,0.112,1
1080,1035,25,19,4,2,10.412,6.40721,3,0.157205,-0.281165,0.112,1
1080,1037,2,18,0,-1,9.02488,11.8256,1,0.41472,-0.078394,0.089,1
1080,1037,2,18,1,0,9.621,10.8897,4,0.0176055,-0.469245,0.089,1
1080,1037,2,18,2,1,10.0419,12.1641,3,0.354197,-0.580531,0.089,1
1080,1037,2,18,3,1,8.34057,11.1564,3,0.241145,0.286693,0.089,1
1080,1040,2,20,0,-1,-13.733,-15.4094,1,0.236861,-0.337923,0.089,1
1080,1040,2,20,1,0,-12.619,-15.7574,4,0.316162,0.0952624,0.089,1
1080,1040,2,20,2,1,-13.2236,-14.4461,3,-0.150641,-0.132731,0.089,1
1080,1040,2,20,3,1,-13.8605,-16.256,3,0.523121,-0.515553,0.089,1
1080,1042,2,22,0,-1,-14.4144,9.57487,1,0.216087,0.0359049,0.087,1
1080,1042,2,22,1,0,-13.3571,9.41258,4,0.182788,-0.00271829,0.087,1
1080,1042,2,22,2,1,-14.2394,10.5709,3,0.483944,0.302492,0.087,1
1080,1042,2,22,3,1,-14.2551,8.4242,3,0.51236,-0.405464,0.087,1
1080,1047,2,17,0,-1,22.1175,-10.9187,1,0.507796,-0.371006,0.092,1
1080,1047,2,17,1,0,22.9025,-10.2223,4,0.325017,-0.132517,0.092,1
1080,1047,2,17,2,1,21.4574,-10.0938,3,0.316376,-0.469988,0.092,1
1080,1047,2,17,3,1,22.6894,-11.5331,3,0.851771,-0.198712,0.092,1
1080,1048,2,19,0,-1,8.99905,12.6741,1,0.569642,-0.0238106,0.088,0
1080,1048,2,19,1,0,10.0575,12.613,4,0.629376,-0.0412838,0.088,0
1080,1048,2,19,2,1,9.64989,13.932,3,0.0784943,-0.124319,0.088,0
1080,1053,25,19,0,-1,9.42183,-4.18508,1,0.241839,0.0571642,0.114,0
1080,1053,25,19,1,0,9.97214,-5.30162,1,0.0457578,-0.03465,0.114,0
1080,1053,25,19,2,0,10.2662,-3.56262,4,0.365016,-0.108921,0.114,0
1080,1054,2,19,0,-1,-0.368204,0.858046,1,-0.611795,0.279856,0.089,1
1080,1054,2,19,1,0,-1.38244,1.16667,4,-0.733832,-0.096013,0.089,1
1080,1054,2,19,2,1,-0.844404,-0.16785,3,-1.03693,-0.224206,0.089,1
1080,1054,2,19,3,1,-0.252799,1.85945,3,-0.615965,-0.396313,0.089,1
1080,1055,2,23,0,-1,-12.7349,12.7214,1,-0.507726,-0.140829,0.088,1
1080,1055,2,23,1,0,-13.7639,12.4457,4,-0.529931,0.0509906,0.088,1
1080,1055,2,23,2,1,-12.4765,11.8588,3,-0.478087,0.118718,0.088,1
1080,1055,2,23,3,1,-13.2934,13.6756,3,0.282795,-0.312891,0.088,1
1080,1057,2,18,0,-1,11.344,-13.0099,1,-0.381626,-0.136005,0.092,1
1080,1057,2,18,1,0,10.3605,-12.5794,4,-0.355173,0.00994271,0.092,1
1080,1057,2,18,2,1,10.6179,-14.0167,3,-0.733118,-0.0500612,0.092,1
1080,1057,2,18,3,1,11.5829,-12.0626,3,-0.269272,-0.184751,0.092,1
1080,1059,2,18,0,-1,21.6728,-8.99965,1,0.0870326,-0.309909,0.091,1
1080,1059,2,18,1,0,22.2156,-9.89539,4,0.356818,-0.133137,0.091,1
1080,1059,2,18,2,1,22.7259,-8.54825,3,-0.0160601,0.0228228,0.091,1
1080,1059,2,18,3,1,20.962,-9.46202,3,0.227304,-0.552298,0.091,1
1080,1060,25,19,0,-1,7.1062,10.227,1,0.077725,0.158598,0.112,1
1080,1060,25,19,1,0,8.24544,9.76679,1,0.267065,0.570406,0.112,1
1080,1060,25,19,2,0,7.22776,11.3095,4,-0.260677,0.149624,0.112,1
1080,1060,25,19,3,2,6.05677,10.6582,3,-0.00871701,-0.37912,0.112,1
1080,1060,25,19,4,2,8.40961,10.6203,3,-0.299829,-0.0456725,0.112,1
1080,1062,2,17,0,-1,16.9607,1.28798,1,-0.0364459,-0.452291,0.091,0
1080,1064,2,19,0,-1,6.89209,-2.19027,1,0.0582319,0.332762,0.088,0
1080,1065,2,22,0,-1,-8.11289,12.1843,1,-0.473245,0.0700424,0.086,1
1080,1065,2,22,1,0,-8.98067,12.778,4,-0.245007,0.419513,0.086,1
1080,1065,2,22,2,1,-8.86674,11.3453,3,-0.892357,0.365956,0.086,1
1080,1065,2,22,3,1,-7.717,13.1641,3,-0.108633,-0.020597,0.086,1
1080,1067,25,18,0,-1,14.28,-11.4266,1,-0.385333,0.233667,0.113,0
1080,1067,25,18,1,0,15.4773,-11.6847,1,-0.441126,-0.0422713,0.113,0
1080,1067,25,18,2,0,14.3425,-10.3873,4,-0.138429,0.219223,0.113,0
1080,1068,2,21,0,-1,2.8984,7.83241,1,0.252264,0.0163447,0.089,0
1080,1069,2,20,0,-1,-16.739,-1.61872,1,-0.0335757,0.404876,0.09,1
1080,1069,2,20,1,0,-17.0494,-0.492625,4,-0.12492,0.379896,0.09,1
1080,1069,2,20,2,1,-17.874,-1.67163,3,-0.0556151,0.332007,0.09,1
1080,1069,2,20,3,1,-15.9361,-1.0828,3,-0.0726927,0.47419,0.09,1
1080,1070,2,19,0,-1,1.91383,0.063539,1,-0.243537,-0.00228133,0.09,1
1080,1070,2,19,1,0,1.01727,-0.458816,4,-0.25829,-0.351176,0.09,1
1080,1070,2,19,2,1,2.41652,-0.761048,3,-0.222684,-0.189017,0.09,1
1080,1070,2,19,3,1,1.58909,0.790104,3,-0.50287,-0.149956,0.09,1
1080,1072,2,21,0,-1,-13.367,-16.1055,1,0.18688,-0.419189,0.09,0
1080,1072,2,21,1,0,-14.5559,-15.8247,4,0.12474,-0.608716,0.09,0
1080,1072,2,21,2,1,-13.974,-17.1273,3,0.0978663,-0.591598,0.09,0
1080,1073,25,18,0,-1,3.75915,3.41901,1,0.224659,-0.16494,0.114,0
1080,1073,25,18,1,0,4.10944,2.24712,1,0.161166,-0.178131,0.114,0
1080,1074,2,23,0,-1,-13.7246,10.0463,1,-0.214892,0.0640316,0.086,1
1080,1074,2,23,1,0,-13.942,9.0198,4,0.181707,-0.0540549,0.086,1
1080,1074,2,23,2,1,-12.6265,9.63356,3,0.166951,0.0813268,0.086,1
1080,1077,2,22,0,-1,-10.0104,9.00474,1,0.176133,0.269203,0.087,1
1080,1077,2,22,1,0,-9.98658,10.0612,4,0.176659,0.266995,0.087,1
1080,1077,2,22,2,1,-11.119,9.18273,3,0.19066,0.234208,0.087,1
1080,1077,2,22,3,1,-8.98286,9.21087,3,0.165974,0.262063,0.087,1
1080,1078,25,19,0,-1,19.6207,14.543,1,0.397971,-0.0785123,0.11,0
1080,1081,2,20,0,-1,2.18696,2.6542,1,-0.0507738,-0.247824,0.088,1
1080,1081,2,20,1,0,3.21846,2.49924,4,-0.0360387,-0.117165,0.088,1
1080,1081,2,20,2,1,2.37472,3.66461,3,-0.0756979,-0.165933,0.088,1
1080,1081,2,20,3,1,2.04499,1.86109,3,0.0196296,-0.216961,0.088,1
1080,1083,25,20,0,-1,10.6019,8.28689,1,0.034765,-0.280641,0.111,0
1080,1083,25,20,1,0,11.5856,9.00208,1,0.199048,-0.521762,0.111,0
1080,1083,25,20,2,0,10.0297,9.2027,4,0.312545,-0.110849,0.111,0
1080,1083,25,20,3,2,9.62758,7.84464,3,-0.574838,0.136305,0.111,0
1080,1085,2,24,0,-1,-11.8508,14.2914,1,-0.711007,0.103325,0.087,1
1080,1085,2,24,1,0,-11.1211,13.5705,4,-0.0265692,0.704542,0.087,1
1080,1085,2,24,2,1,-11.5097,14.9928,3,0.564111,0.76592,0.087,1
1080,1085,2,24,3,1,-12.4202,13.5169,3,-0.0782468,-0.251044,0.087,1
1080,1086,17,24,0,-1,-6.30657,-13.7909,1,0.399154,0.441505,0.116,0
1080,1086,17,24,1,0,-7.10619,-13.1139,4,0.605366,0.550039,0.116,0
1080,1086,17,24,2,1,-7.16397,-14.5673,3,-0.716412,0.455496,0.116,0
1080,1086,17,24,3,0,-6.41628,-15.589,1,-1.07403,0.521197,0.116,0
1080,1087,2,19,0,-1,10.6075,-13.2803,1,-0.343432,-0.0392012,0.093,0
1080,1087,2,19,1,0,9.9428,-14.1118,4,-0.814322,0.363657,0.093,0
1080,1087,2,19,2,1,11.3911,-14.2974,3,-0.871827,-0.214675,0.093,0
1080,1088,2,24,0,-1,-13.553,10.824,1,-0.0272729,0.197861,0.085,0
1080,1088,2,24,1,0,-12.4167,10.8644,4,0.0522426,-0.705998,0.085,0
1080,1089,25,20,0,-1,7.68528,10.7236,1,-0.192293,0.469263,0.111,0
1080,1091,2,20,0,-1,1.10811,0.0376845,1,0.165472,-0.296597,0.089,0
1080,1091,2,20,1,0,0.893344,1.01611,4,0.499467,-0.699593,0.089,0
1080,1092,2,23,0,-1,-9.87306,8.20858,1,0.136384,0.267611,0.088,0
1080,1092,2,23,1,0,-9.53512,7.21556,4,0.10927,0.263181,0.088,0
1110,939,25,18,0,-1,-2.73184,3.51963,1,0.18609,0.468928,0.115,1
1110,939,25,18,1,0,-2.30056,2.33138,1,-0.390269,0.206146,0.115,1
1110,939,25,18,2,0,-1.86613,4.18626,4,0.421652,0.148934,0.115,1
1110,939,25,18,3,2,-3.18326,4.7643,3,0.475423,0.311954,0.115,1
1110,939,25,18,4,2,-1.94008,2.91592,3,0.091826,0.11927,0.115,1
1110,939,25,18,5,3,-2.71145,5.58775,3,0.48031,0.349387,0.115,1
1110,942,17,22,0,-1,-10.4134,-12.8408,1,0.138609,-0.174357,0.115,1
1110,942,17,22,1,0,-9.46506,-13.3291,4,0.201447,-0.128055,0.115,1
1110,942,17,22,2,1,-9.71875,-11.9769,3,0.296089,-0.110421,0.115,1
1110,942,17,22,3,0,-11.2833,-11.2281,1,0.11497,-0.182714,0.115,1
1110,942,17,22,4,1,-10.706,-13.6085,3,0.265403,-0.275179,0.115,1
1110,945,25,17,0,-1,12.6532,-1.22537,1,0.0213868,0.214731,0.113,1
1110,945,25,17,1,0,13.8565,-1.43522,1,0.0309873,0.209908,0.113,1
1110,945,25,17,2,0,12.5062,-0.15066,4,-0.150565,0.218794,0.113,1
1110,945,25,17,3,2,11.5652,-1.22863,3,0.0719121,0.0390834,0.113,1
1110,945,25,17,4,2,13.6669,-0.720255,3,-0.101145,0.331328,0.113,1
1110,984,17,22,0,-1,-5.9165,-20.8886,1,0.062808,-0.241053,0.116,1
1110,984,17,22,1,0,-5.4986,-21.8591,4,0.0145698,-0.270037,0.116,1
1110,984,17,22,2,1,-4.84836,-20.6324,3,0.109294,-0.319631,0.116,1
1110,984,17,22,3,0,-5.35876,-19.1488,1,0.190679,-0.277614,0.116,1
1110,984,17,22,4,1,-6.64099,-21.3038,3,0.0391802,-0.234738,0.116,1
1110,988,2,20,0,-1,4.26108,-0.220294,1,-0.377365,-0.439181,0.088,1
1110,988,2,20,1,0,3.25591,-0.557553,4,-0.509789,-0.0633833,0.088,1
1110,988,2,20,2,1,4.46629,-1.33935,3,-0.675546,-0.278647,0.088,1
1110,988,2,20,3,1,3.69116,0.674922,3,-0.126313,-0.216191,0.088,1
1110,989,25,17,0,-1,9.83815,-0.123311,1,0.0341606,0.0360971,0.113,1
1110,989,25,17,1,0,10.0409,-1.32896,1,0.215112,0.0571615,0.113,1
1110,1011,17,23,0,-1,-4.95405,-4.97469,1,-0.0596622,0.151896,0.115,1
1110,1011,17,23,1,0,-5.64086,-4.2097,4,0.024641,0.20612,0.115,1
1110,1011,17,23,2,1,-5.44507,-5.60333,3,-0.132223,0.166047,0.115,1
1110,1011,17,23,3,0,-5.1502,-6.79305,1,-0.125798,0.179387,0.115,1
1110,1011,17,23,4,1,-4.39502,-4.36446,3,0.0176798,0.0880654,0.115,1
1110,1020,17,23,0,-1,-16.3658,-4.12628,1,-0.255473,-0.46785,0.115,1
1110,1020,17,23,1,0,-16.0613,-5.14158,4,0.158234,-0.35249,0.115,1
1110,1020,17,23,2,1,-15.3549,-3.94055,3,-0.354097,-0.0984346,0.115,1
1110,1020,17,23,3,0,-15.3629,-2.58237,1,-1.05317,0.0471547,0.115,1
1110,1020,17,23,4,1,-17.2432,-4.66471,3,0.0624372,-0.645314,0.115,1
1110,1023,2,17,0,-1,8.35862,-11.3412,1,0.700095,-0.0511742,0.092,1
1110,1023,2,17,1,0,9.14986,-12.0378,4,0.31721,-0.50894,0.092,1
1110,1023,2,17,2,1,9.28046,-10.603,3,1.15588,-0.587337,0.092,1
1110,1023,2,17,3,1,7.81052,-12.0431,3,0.320191,0.282428,0.092,1
1110,1025,2,18,0,-1,12.9483,8.56278,1,-0.865166,-0.546283,0.09,1
1110,1025,2,18,1,0,11.9779,9.06682,4,-0.638455,-0.13025,0.09,1
1110,1025,2,18,2,1,12.0803,7.63888,3,-0.35316,-0.0999994,0.09,1
1110,1025,2,18,3,1,13.1896,9.56431,3,-0.521349,-0.216727,0.09,1
1110,1030,2,19,0,-1,0.792276,-11.1717,1,-0.00548291,0.632398,0.09,1
1110,1030,2,19,1,0,-0.236836,-10.6446,4,-0.372202,0.320495,0.09,1
1110,1030,2,19,2,1,0.301769,-12.0111,3,-0.0219344,0.40163,0.09,1
1110,1030,2,19,3,1,1.16423,-10.5673,3,-0.633345,0.641482,0.09,1
1110,1035,25,19,0,-1,15.1377,-1.80851,1,-0.239871,0.0706629,0.112,1
1110,1035,25,19,1,0,16.3531,-1.97209,1,-0.239411,0.0629291,0.112,1
1110,1035,25,19,2,0,14.8192,-0.785522,4,-0.238262,0.0798204,0.112,1
1110,1035,25,19,3,2,14.2716,-2.11579,3,-0.132971,0.0680054,0.112,1
1110,1035,25,19,4,2,16.1366,-1.2409,3,-0.256647,0.00983015,0.112,1
1110,1037,2,18,0,-1,15.6251,11.22,1,0.0373978,-0.420696,0.089,1
1110,1037,2,18,1,0,15.3621,10.1959,4,-0.440647,-0.289018,0.089,1
1110,1037,2,18,2,1,16.7024,10.6919,3,-0.308938,-0.671727,0.089,1
1110,1037,2,18,3,1,14.7494,11.3805,3,0.149326,0.033688,0.089,1
1110,1040,2,20,0,-1,-2.37338,-12.1817,1,-0.110961,0.297541,0.089,1
1110,1040,2,20,1,0,-1.51571,-11.3683,4,0.160454,0.18588,0.089,1
1110,1040,2,20,2,1,-2.9474,-11.57,3,0.153239,0.587923,0.089,1
1110,1040,2,20,3,1,-1.61906,-12.69,3,0.202235,0.174518,0.089,1
1110,1048,2,19,0,-1,8.55341,17.0601,1,-0.883184,-0.103962,0.088,1
1110,1048,2,19,1,0,7.94532,16.1908,4,-0.403421,-0.453132,0.088,1
1110,1048,2,19,2,1,9.39739,16.1441,3,-0.373728,0.343672,0.088,1
1110,1048,2,19,3,1,7.69001,17.4911,3,-1.14958,-0.60102,0.088,1
1110,1054,2,19,0,-1,-7.0941,-3.21102,1,0.240885,0.32214,0.089,1
1110,1054,2,19,1,0,-6.04796,-3.12789,4,0.236103,0.277286,0.089,1
1110,1054,2,19,2,1,-7.04747,-2.0853,3,0.111851,0.136635,0.089,1
1110,1054,2,19,3,1,-7.0307,-4.02243,3,0.211751,0.256825,0.089,1
1110,1055,2,23,0,-1,-20.6285,17.9131,1,0.327552,0.143399,0.088,1
1110,1055,2,23,1,0,-19.6041,18.1709,4,0.30348,0.242629,0.088,1
1110,1055,2,23,2,1,-20.7698,19.0108,3,0.228906,0.138674,0.088,1
1110,1055,2,23,3,1,-20.1229,16.9671,3,0.433892,0.185577,0.088,1
1110,1057,2,18,0,-1,8.42962,-7.28616,1,0.00944745,-0.133316,0.092,1
1110,1057,2,18,1,0,8.70012,-8.3033,4,-0.125766,-0.126566,0.092,1
1110,1057,2,18,2,1,9.24058,-6.98026,3,0.506036,-0.415241,0.092,1
1110,1057,2,18,3,1,7.68099,-7.39317,3,-0.132746,-0.0950234,0.092,1
1110,1065,2,22,0,-1,-9.38857,13.2582,1,-0.159302,0.529393,0.086,1
1110,1065,2,22,1,0,-9.95824,14.1344,4,0.136355,0.595706,0.086,1
1110,1065,2,22,2,1,-10.0607,12.6932,3,-0.574854,0.368938,0.086,1
1110,1065,2,22,3,1,-8.69327,13.772,3,-0.0416254,0.0796414,0.086,1
1110,1067,25,18,0,-1,10.9766,-6.98949,1,0.0625379,0.0468272,0.113,1
1110,1067,25,18,1,0,11.1174,-5.76455,1,-0.485135,0.11583,0.113,1
1110,1067,25,18,2,0,9.93604,-7.25097,4,0.198378,-0.397872,0.113,1
1110,1067,25,18,3,2,11.0596,-8.15265,3,0.547743,0.104761,0.113,1
1110,1067,25,18,4,2,10.3286,-6.01601,3,-0.25286,-0.255337,0.113,1
1110,1068,2,21,0,-1,4.76666,0.413156,1,0.00915623,-0.750672,0.089,0
1110,1072,2,21,0,-1,-14.5523,-12.4507,1,-0.409412,0.348494,0.09,1
1110,1072,2,21,1,0,-15.1654,-11.4625,4,-0.106703,0.488177,0.09,1
1110,1072,2,21,2,1,-15.7788,-12.7625,3,-0.300494,0.542057,0.09,1
1110,1072,2,21,3,1,-13.9091,-11.8601,3,-0.201181,0.0103734,0.09,1
1110,1073,25,18,0,-1,10.462,0.37726,1,0.0385114,0.0686232,0.114,0
1110,1073,25,18,1,0,10.8789,-0.767284,1,-0.0101224,0.0311336,0.114,0
1110,1073,25,18,2,0,11.3891,0.852604,4,0.0671399,0.0790121,0.114,0
1110,1074,2,23,0,-1,-9.63229,8.81594,1,0.0223886,-0.0334391,0.086,1
1110,1074,2,23,1,0,-8.98912,7.9919,4,0.0577415,-0.00643595,0.086,1
1110,1074,2,23,2,1,-8.73489,9.41224,3,0.0306266,0.000352455,0.086,1
1110,1077,2,22,0,-1,-6.94361,9.01901,1,-0.528802,-0.329371,0.087,1
1110,1077,2,22,1,0,-7.96702,9.27476,4,-0.381322,0.206247,0.087,1
1110,1077,2,22,2,1,-7.42108,7.94338,3,-1.22023,-0.136417,0.087,1
1110,1077,2,22,3,1,-6.94427,10.1132,3,-0.0101356,-0.260706,0.087,1
1110,1081,2,20,0,-1,9.82433,-3.74491,1,0.105919,-0.276508,0.088,1
1110,1081,2,20,1,0,10.3736,-4.62584,4,0.154074,-0.223476,0.088,1
1110,1081,2,20,2,1,10.5744,-3.1717,3,0.00115782,-0.161011,0.088,1
1110,1081,2,20,3,1,9.1293,-4.15253,3,0.190857,-0.126206,0.088,1
1110,1083,25,20,0,-1,20.2135,15.0561,1,0.137811,0.374707,0.111,1
1110,1083,25,20,1,0,20.8573,14.0056,1,0.357974,0.507884,0.111,1
1110,1083,25,20,2,0,20.84,15.9335,4,-0.0525235,0.510783,0.111,1
1110,1083,25,20,3,2,19.4055,15.7895,3,-0.021887,0.186881,0.111,1
1110,1083,25,20,4,2,21.3271,14.6306,3,0.223829,0.612389,0.111,1
1110,1085,2,24,0,-1,-13.2888,10.6162,1,0.0520916,0.224289,0.087,1
1110,1085,2,24,1,0,-12.5512,11.3596,4,0.189181,0.0889873,0.087,1
1110,1085,2,24,2,1,-13.9873,11.3844,3,0.177689,0.640344,0.087,1
1110,1085,2,24,3,1,-12.4718,10.0445,3,0.146583,0.0781554,0.087,1
1110,1086,17,24,0,-1,-7.1609,-4.8908,1,0.0237463,0.168563,0.116,1
1110,1086,17,24,1,0,-6.36256,-4.2181,4,0.0295613,0.161427,0.116,1
1110,1086,17,24,2,1,-7.76597,-4.00963,3,0.0108594,0.0505651,0.116,1
1110,1086,17,24,3,0,-8.97893,-4.73124,1,0.112331,0.925754,0.116,1
1110,1086,17,24,4,1,-6.549,-5.45663,3,0.114238,0.183397,0.116,1
1110,1087,2,19,0,-1,0.0172463,-9.72973,1,-0.280378,-0.0807966,0.093,1
1110,1087,2,19,1,0,-0.971431,-9.86916,4,-0.142008,-0.292868,0.093,1
1110,1087,2,19,2,1,0.385373,-10.448,3,0.429341,0.936647,0.093,1
1110,1087,2,19,3,1,0.0634659,-8.96516,3,-0.109812,-0.312675,0.093,1
1110,1088,2,24,0,-1,-11.2239,12.1476,1,0.451628,0.564565,0.085,1
1110,1088,2,24,1,0,-10.1674,11.6918,4,0.12047,-0.392669,0.085,1
1110,1088,2,24,2,1,-10.2342,13.145,3,0.972818,-0.316128,0.085,1
1110,1092,2,23,0,-1,-11.54,15.6929,1,0.46338,0.534935,0.088,1
1110,1092,2,23,1,0,-10.4837,15.3928,4,0.150563,-0.246437,0.088,1
1110,1092,2,23,2,1,-10.9075,16.7143,3,0.595312,-0.268681,0.088,1
1110,1092,2,23,3,1,-11.4379,14.4927,3,-0.405486,0.335922,0.088,1
1110,1094,2,20,0,-1,0.0097559,-12.5189,1,-0.0825738,0.354772,0.091,1
1110,1094,2,20,1,0,0.178828,-11.4479,4,0.253703,0.241463,0.091,1
1110,1094,2,20,2,1,-0.86763,-12.3312,3,0.0107423,0.638709,0.091,1
1110,1094,2,20,3,1,0.998552,-12.4877,3,-0.212348,-0.106179,0.091,1
1110,1097,2,20,0,-1,-0.60661,-9.19252,1,-0.242944,-0.0206588,0.092,0
1110,1101,17,23,0,-1,-6.13638,-20.1178,1,0.0542076,-0.240389,0.116,0
1110,1102,2,22,0,-1,-8.91989,4.74305,1,0.263771,0.429958,0.086,1
1110,1102,2,22,1,0,-8.04458,5.32607,4,0.472075,0.133747,0.086,1
1110,1102,2,22,2,1,-9.41764,5.77043,3,0.62234,0.585741,0.086,1
1110,1102,2,22,3,1,-8.12272,4.00918,3,0.0415049,0.170654,0.086,1
1110,1105,2,21,0,-1,10.6199,-3.91634,1,0.111969,-0.196199,0.087,0
1110,1105,2,21,1,0,11.3596,-3.16256,4,0.398905,-0.506842,0.087,0
1110,1107,2,24,0,-1,-21.4258,18.034,1,0.352175,0.304287,0.087,0
1110,1110,2,18,0,-1,3.39446,-11.5801,1,-0.515276,0.0885083,0.091,1
1110,1110,2,18,1,0,2.86091,-12.4722,4,-0.479897,0.0462917,0.091,1
1110,1110,2,18,2,1,2.68521,-11.1439,3,-0.278924,0.0346786,0.091,1
1110,1110,2,18,3,2,4.05512,-10.6857,3,-0.114216,-0.463057,0.091,1
1110,1111,2,19,0,-1,8.15628,-8.03099,1,-0.138933,-0.2204,0.093,0
1110,1111,2,19,1,0,8.29179,-9.08389,4,-0.222337,-0.374369,0.093,0
1110,1111,2,19,2,1,9.50271,-8.28753,3,0.0169664,-0.845403,0.093,0
1110,1112,2,20,0,-1,12.0264,12.8241,1,-0.609155,-0.548441,0.088,1
1110,1112,2,20,1,0,10.9707,12.8884,4,-0.564782,-0.201938,0.088,1
1110,1112,2,20,2,1,11.723,11.6585,3,-0.549336,-0.187527,0.088,1
1110,1112,2,20,3,1,11.9506,13.7839,3,-0.0295929,-0.804461,0.088,1
1110,1115,2,21,0,-1,-1.63058,-11.985,1,-0.202807,0.223719,0.088,0
1110,1115,2,21,1,0,-0.623854,-11.4319,4,-0.25452,0.366651,0.088,0
1110,1115,2,21,2,1,-1.89907,-10.7222,3,-0.259823,0.399033,0.088,0
1110,1117,34,18,0,-1,12.9602,-1.98885,1,0.172597,0.259788,0.138,0
1110,1117,34,18,1,0,11.8339,-2.13513,1,0.234817,-0.0652803,0.138,0
1110,1117,34,18,2,0,12.1455,-2.89743,1,0.350936,0.0652248,0.138,0
1110,1117,34,18,3,0,13.6829,-2.75001,4,0.393137,0.470081,0.138,0
1110,1119,17,23,0,-1,-10.7696,-12.1156,1,0.156275,-0.14332,0.116,0
1110,1119,17,23,1,0,-10.4878,-11.1046,4,0.0978492,-0.117405,0.116,0
1110,1121,17,24,0,-1,-5.7845,-4.98749,1,-0.0710676,0.183713,0.114,0
1110,1121,17,24,1,0,-6.0671,-6.0166,4,-0.151827,0.185001,0.114,0
1110,1123,17,24,0,-1,-12.2325,-6.32935,1,-0.228909,-0.360268,0.115,1
1110,1123,17,24,1,0,-12.3243,-7.38472,4,-0.272219,-0.345508,0.115,1
1110,1123,17,24,2,1,-11.119,-6.69922,3,-0.309185,-0.258181,0.115,1
1110,1123,17,24,3,0,-10.9485,-5.02889,1,-0.0692318,-0.525756,0.115,1
1110,1123,17,24,4,1,-13.0885,-6.36944,3,-0.236276,-0.315982,0.115,1
1110,1124,2,20,0,-1,4.78096,-13.0561,1,-0.268375,-0.0541303,0.089,1
1110,1124,2,20,1,0,3.7459,-13.2877,4,-0.260076,-0.24716,0.089,1
1110,1124,2,20,2,1,4.93172,-14.0959,3,-0.245908,-0.145519,0.089,1
1110,1124,2,20,3,1,4.50682,-12.2198,3,-0.410434,-0.14418,0.089,1
1110,1125,2,19,0,-1,15.8165,9.10489,1,0.0945523,-0.851887,0.088,1
1110,1125,2,19,1,0,15.6333,8.07939,4,-0.305391,-0.734388,0.088,1
1110,1125,2,19,2,1,16.8978,8.74924,3,-0.195958,-0.895388,0.088,1
1110,1125,2,19,3,1,15.0652,9.29646,3,-0.197888,-0.63602,0.088,1
1110,1126,25,19,0,-1,-3.3515,4.03981,1,-0.32706,0.0582223,0.115,0
1110,1126,25,19,1,0,-2.40112,4.85225,1,0.405345,-0.680982,0.115,0
1110,1126,25,19,2,0,-4.18744,4.71473,4,0.244957,0.810742,0.115,0
1110,1126,25,19,3,2,-4.08727,3.28122,3,-1.11675,0.673299,0.115,0
1110,1127,2,25,0,-1,-10.8465,11.431,1,0.122589,0.471241,0.084,0
1110,1127,2,25,1,0,-9.8899,10.804,4,-0.406119,-0.310756,0.084,0
1110,1131,2,19,0,-1,13.5,7.91829,1,-0.335968,-0.166815,0.09,0
1110,1131,2,19,1,0,13.6093,6.85142,4,-0.173007,-0.187097,0.09,0
1110,1131,2,19,2,1,14.4597,7.99325,3,0.278547,-0.453983,0.09,0
1110,1132,2,24,0,-1,-10.9305,16.1632,1,0.506297,0.766853,0.088,0
1110,1132,2,24,1,0,-10.9234,17.272,4,0.370203,1.11413,0.088,0
1110,1134,2,20,0,-1,0.120089,-10.9264,1,-0.0600236,-0.152337,0.089,0
1140,939,25,18,0,-1,-4.60832,5.42392,1,-0.337041,-0.127147,0.115,1
1140,939,25,18,1,0,-4.91789,6.62333,1,-0.319744,-0.130432,0.115,1
1140,939,25,18,2,0,-5.46264,4.76919,4,-0.378195,-0.0848978,0.115,1
1140,939,25,18,3,2,-4.03296,4.64748,3,-0.393909,-0.0349248,0.115,1
1140,939,25,18,4,2,-5.39404,6.06097,3,-0.342879,-0.0941135,0.115,1
1140,939,25,18,5,3,-4.10094,3.66531,3,-0.460434,-0.0220299,0.115,1
1140,942,17,22,0,-1,-6.7429,-14.2712,1,-0.259499,0.195927,0.115,1
1140,942,17,22,1,0,-7.51851,-13.5478,4,-0.219746,0.218493,0.115,1
1140,942,17,22,2,1,-7.74854,-14.9205,3,-0.246346,0.211044,0.115,1
1140,942,17,22,3,0,-6.48739,-16.0817,1,-0.39514,0.185415,0.115,1
1140,942,17,22,4,1,-6.2492,-13.5791,3,-0.213834,0.183932,0.115,1
1140,988,2,20,0,-1,0.205251,-0.34848,1,-0.009782,-0.205938,0.088,1
1140,988,2,20,1,0,-0.32171,-1.24405,4,-0.0759273,-0.155718,0.088,1
1140,988,2,20,2,1,1.11137,-0.909993,3,-0.0330883,-0.291217,0.088,1
1140,988,2,20,3,1,-0.78421,-0.00814252,3,0.0505538,-0.10584,0.088,1
1140,1023,2,17,0,-1,18.6365,-8.41557,1,0.277238,-0.0981836,0.092,1
1140,1023,2,17,1,0,19.6997,-8.19077,4,0.345785,-0.406523,0.092,1
1140,1023,2,17,2,1,18.6852,-7.153,3,0.680754,-0.0792699,0.092,1
1140,1023,2,17,3,1,18.883,-9.22868,3,0.0238392,-0.149966,0.092,1
1140,1025,2,18,0,-1,3.18825,6.86481,1,-0.394636,-0.0353207,0.09,1
1140,1025,2,18,1,0,2.27318,7.39982,4,-0.258816,0.243922,0.09,1
1140,1025,2,18,2,1,2.14975,5.95075,3,-0.225787,0.293314,0.09,1
1140,1025,2,18,3,1,3.56661,7.65858,3,-0.261725,0.164549,0.09,1
1140,1030,2,19,0,-1,-0.116378,-12.8471,1,0.0330786,-0.413254,0.09,1
1140,1030,2,19,1,0,0.384083,-13.7798,4,-0.167788,-0.566841,0.09,1
1140,1030,2,19,2,1,1.01946,-12.468,3,0.315486,-0.759277,0.09,1
1140,1030,2,19,3,1,-0.865723,-13.244,3,-0.148795,-0.438516,0.09,1
1140,1037,2,18,0,-1,13.7627,10.7497,1,-0.114918,0.154855,0.089,1
1140,1037,2,18,1,0,12.8705,11.3238,4,-0.189588,0.406998,0.089,1
1140,1037,2,18,2,1,12.5149,9.90987,3,-0.433518,0.574859,0.089,1
1140,1037,2,18,3,1,14.191,11.5857,3,-0.115464,-0.751486,0.089,1
1140,1040,2,20,0,-1,-8.24228,-11.3048,1,-0.211944,-0.810404,0.089,1
1140,1040,2,20,1,0,-9.29844,-11.8431,4,-0.487842,-0.267141,0.089,1
1140,1040,2,20,2,1,-8.0284,-12.5219,3,-0.900574,-1.0645,0.089,1
1140,1040,2,20,3,1,-8.90389,-10.5482,3,0.0934267,-0.440442,0.089,1
1140,1048,2,19,0,-1,15.6412,6.90586,1,-0.591818,0.00265089,0.088,1
1140,1048,2,19,1,0,14.7667,6.318,4,-0.323299,-0.392488,0.088,1
1140,1048,2,19,2,1,16.1383,5.84823,3,-0.0901232,0.27378,0.088,1
1140,1048,2,19,3,1,15.0822,7.60669,3,-0.908059,-0.259726,0.088,1
1140,1057,2,18,0,-1,10.9036,-7.58347,1,0.315517,0.613469,0.092,1
1140,1057,2,18,1,0,10.8222,-6.53249,4,-0.0536366,0.585899,0.092,1
1140,1057,2,18,2,1,9.71872,-7.46445,3,0.139084,0.354771,0.092,1
1140,1057,2,18,3,1,11.7989,-7.43683,3,0.264464,0.928113,0.092,1
1140,1067,25,18,0,-1,15.4916,-5.83092,1,-0.0498143,0.293019,0.113,1
1140,1067,25,18,1,0,16.5123,-5.14579,1,-0.197748,0.462706,0.113,1
1140,1067,25,18,2,0,14.6106,-5.11552,4,-0.141484,0.174212,0.113,1
1140,1067,25,18,3,2,14.424,-6.54553,3,0.0662533,0.162369,0.113,1
1140,1067,25,18,4,2,15.8356,-4.6448,3,-0.258328,0.497474,0.113,1
1140,1072,2,21,0,-1,-16.6993,-2.98831,1,-0.245233,0.376794,0.09,1
1140,1072,2,21,1,0,-16.9692,-1.84795,4,-0.316707,0.354163,0.09,1
1140,1072,2,21,2,1,-17.8933,-2.95088,3,-0.220759,0.273076,0.09,1
1140,1072,2,21,3,1,-15.8473,-2.52145,3,-0.18101,0.542301,0.09,1
1140,1074,2,23,0,-1,-15.512,9.00076,1,-0.308648,0.259659,0.086,1
1140,1074,2,23,1,0,-14.4904,8.80172,4,-0.31204,0.175476,0.086,1
1140,1074,2,23,2,1,-15.1933,10.0578,3,-0.191641,0.256613,0.086,1
1140,1077,2,22,0,-1,-0.782405,10.944,1,0.248335,-0.0675683,0.087,1
1140,1077,2,22,1,0,-0.166957,10.0957,4,0.13359,-0.148897,0.087,1
1140,1077,2,22,2,1,0.139259,11.5289,3,0.310676,-0.183296,0.087,1
1140,1077,2,22,3,1,-1.48198,10.1619,3,0.138211,-0.0132201,0.087,1
1140,1085,2,24,0,-1,-12.7998,10.2611,1,-0.345977,-0.552739,0.087,1
1140,1085,2,24,1,0,-13.8135,9.95087,4,-0.684028,-0.437584,0.087,1
1140,1085,2,24,2,1,-12.4132,9.61816,3,-0.826763,-0.118626,0.087,1
1140,1085,2,24,3,1,-13.5746,11.2756,3,0.0354352,-0.640417,0.087,1
1140,1086,17,24,0,-1,-3.37987,4.59267,1,-0.419023,0.0963759,0.116,1
1140,1086,17,24,1,0,-4.43328,4.27123,4,-0.392288,0.00129404,0.116,1
1140,1086,17,24,2,1,-3.18308,3.64815,3,-0.353185,0.0943383,0.116,1
1140,1086,17,24,3,0,-1.71678,3.82905,1,-0.291675,0.39235,0.116,1
1140,1086,17,24,4,1,-3.76705,5.37035,3,-0.29488,-0.0633009,0.116,1
1140,1094,2,20,0,-1,-3.9208,-8.99967,1,-0.326174,0.796082,0.091,1
1140,1094,2,20,1,0,-4.9406,-8.7071,4,-0.525435,0.122729,0.091,1
1140,1094,2,20,2,1,-4.50041,-10.0942,3,0.34698,0.38999,0.091,1
1140,1094,2,20,3,1,-3.78824,-8.04596,3,-0.967012,0.910683,0.091,1
1140,1110,2,18,0,-1,-4.80673,-18.7047,1,-0.164587,0.0145346,0.091,1
1140,1110,2,18,1,0,-5.85723,-18.5997,4,-0.144001,0.148565,0.091,1
1140,1110,2,18,2,1,-4.73134,-17.9013,3,-0.0727023,0.0398679,0.091,1
1140,1110,2,18,3,2,-3.90055,-19.0971,3,-0.114986,-0.000945736,0.091,1
1140,1111,2,19,0,-1,8.84236,-9.68131,1,-0.128523,0.422626,0.093,1
1140,1111,2,19,1,0,8.53287,-8.69298,4,-0.435272,0.304985,0.093,1
1140,1111,2,19,2,1,7.72491,-9.89704,3,-0.0222793,0.0153489,0.093,1
1140,1111,2,19,3,1,9.72024,-9.42148,3,-0.179567,0.688312,0.093,1
1140,1112,2,20,0,-1,8.84849,7.9094,1,-0.0962982,-0.149407,0.088,1
1140,1112,2,20,1,0,9.08624,6.90134,4,0.0750916,-0.190169,0.088,1
1140,1112,2,20,2,1,9.72339,8.19093,3,-0.436572,-0.12544,0.088,1
1140,1112,2,20,3,1,8.06566,7.76975,3,0.0321907,-0.267775,0.088,1
1140,1115,2,21,0,-1,-9.03652,-11.2756,1,-0.208902,-0.395466,0.088,0
1140,1115,2,21,1,0,-10.1783,-11.6121,4,-0.444155,0.352886,0.088,0
1140,1115,2,21,2,1,-9.17,-12.6482,3,-1.14124,-0.32628,0.088,0
1140,1123,17,24,0,-1,-4.57949,-3.38665,1,0.396979,0.117414,0.115,1
1140,1123,17,24,1,0,-3.51608,-3.07664,4,0.536195,-0.0222651,0.115,1
1140,1123,17,24,2,1,-4.7168,-2.36886,3,0.67968,0.0940933,0.115,1
1140,1123,17,24,3,0,-6.28686,-2.655,1,0.249085,-0.062313,0.115,1
1140,1123,17,24,4,1,-4.20031,-4.11614,3,0.436549,0.0291706,0.115,1
1140,1124,2,20,0,-1,7.85304,-20.1386,1,0.242708,0.267123,0.089,1
1140,1124,2,20,1,0,8.84678,-19.8306,4,0.311646,-0.0199944,0.089,1
1140,1124,2,20,2,1,7.59279,-19.0592,3,0.525326,0.360681,0.089,1
1140,1124,2,20,3,1,8.10782,-20.9437,3,0.000396888,0.174797,0.089,1
1140,1126,25,19,0,-1,1.99962,-3.38864,1,-0.177123,-0.578721,0.115,1
1140,1126,25,19,1,0,0.996207,-2.66996,1,-0.0414516,-0.39964,0.115,1
1140,1126,25,19,2,0,1.74409,-4.43342,4,-0.412313,-0.515116,0.115,1
1140,1126,25,19,3,2,2.94415,-3.65836,3,-0.19841,-0.832177,0.115,1
1140,1126,25,19,4,2,0.941178,-3.4164,3,-0.24414,-0.370059,0.115,1
1140,1126,25,19,5,3,3.39213,-4.48568,3,-0.384346,-0.940144,0.115,1
1140,1127,2,25,0,-1,-12.1454,9.05015,1,-0.189887,-0.0373976,0.084,1
1140,1127,2,25,1,0,-13.1492,9.59976,4,-0.285891,-0.0379939,0.084,1
1140,1127,2,25,2,1,-13.0033,8.1563,3,-0.359207,-0.0432136,0.084,1
1140,1131,2,19,0,-1,11.417,7.73673,1,-0.0808326,0.0249992,0.09,1
1140,1131,2,19,1,0,11.198,8.69677,4,0.214105,0.109388,0.09,1
1140,1131,2,19,2,1,10.2308,7.54197,3,0.688879,-0.31274,0.09,1
1140,1131,2,19,3,1,12.3694,7.9902,3,0.0443364,-0.11603,0.09,1
1140,1134,2,20,0,-1,0.649835,-13.0895,1,0.196787,-0.642219,0.089,1
1140,1134,2,20,1,0,1.06049,-14.0677,4,-0.0352823,-0.75229,0.089,1
1140,1134,2,20,2,1,1.79325,-12.846,3,0.189407,-0.910012,0.089,1
1140,1134,2,20,3,1,-0.2053,-13.577,3,0.204822,-0.169091,0.089,1
1140,1137,35,19,0,-1,14.8046,-5.84752,1,0.0757603,0.172129,0.088,1
1140,1137,35,19,1,0,15.5739,-6.79936,1,0.0618373,0.152214,0.088,1
1140,1137,35,19,2,0,13.3688,-5.80254,3,0.0886997,0.203473,0.088,1
1140,1137,35,19,3,0,14.8532,-7.17381,3,0.0654713,0.162517,0.088,1
1140,1138,2,23,0,-1,0.00858204,10.8109,1,0.232452,-0.154951,0.088,0
1140,1138,2,23,1,0,0.94461,11.2777,4,0.316684,-0.336232,0.088,0
1140,1140,2,21,0,-1,0.40805,-1.12984,1,-0.0246161,-0.220016,0.087,0
1140,1140,2,21,1,0,-0.118867,-2.03929,4,-0.0330014,-0.213293,0.087,0
1140,1140,2,21,2,1,1.27826,-1.71888,3,0.00252397,-0.370835,0.087,0
1140,1141,2,26,0,-1,-12.9172,8.88265,1,-0.146781,-0.0971619,0.083,0
1140,1141,2,26,1,0,-13.8711,8.29863,4,-0.261112,0.0389582,0.083,0
1140,1143,2,18,0,-1,18.4379,-16.5847,1,0.170013,-0.59775,0.093,1
1140,1143,2,18,1,0,19.3553,-17.1018,4,0.351608,-0.272223,0.093,1
1140,1143,2,18,2,1,19.1033,-15.6814,3,-0.175728,-0.362666,0.093,1
1140,1143,2,18,3,1,18.0542,-17.3536,3,0.439409,-0.725091,0.093,1
1140,1145,2,20,0,-1,11.1496,11.5361,1,0.31603,-0.188236,0.089,1
1140,1145,2,20,1,0,12.1711,11.8469,4,0.212569,0.105801,0.089,1
1140,1145,2,20,2,1,11.0054,12.7553,3,-0.272755,-0.492084,0.089,1
1140,1145,2,20,3,1,11.3716,10.7546,3,0.637198,-0.192952,0.089,1
1140,1146,2,22,0,-1,-9.76409,-14.5739,1,0.190926,0.236401,0.089,1
1140,1146,2,22,1,0,-9.38354,-13.3738,4,0.170445,0.221353,0.089,1
1140,1146,2,22,2,1,-10.7394,-13.8698,3,0.148907,0.359469,0.089,1
1140,1146,2,22,3,1,-8.84103,-14.5569,3,0.201348,0.244365,0.089,1
1140,1147,2,19,0,-1,2.97507,6.09667,1,0.0533232,-0.244638,0.09,0
1140,1148,2,21,0,-1,-3.68883,-14.5912,1,0.406294,-0.206493,0.09,1
1140,1148,2,21,1,0,-2.70258,-14.1865,4,0.300899,0.0925488,0.09,1
1140,1148,2,21,2,1,-3.82973,-13.283,3,-0.138769,-0.468804,0.09,1
1140,1148,2,21,3,1,-3.18607,-15.4248,3,0.655786,-0.0142623,0.09,1
1140,1149,2,19,0,-1,-4.08566,-18.3273,1,-0.14524,-0.0501117,0.091,0
1140,1149,2,19,1,0,-3.91775,-17.2924,4,-0.0665899,-0.0725809,0.091,0
1140,1149,2,19,2,1,-3.27215,-18.4572,3,-0.178973,-0.139795,0.091,0
1140,1152,2,21,0,-1,8.71935,10.6459,1,0.504431,-0.597472,0.088,1
1140,1152,2,21,1,0,8.76604,9.59036,4,-0.604332,-0.719605,0.088,1
1140,1152,2,21,2,1,9.68684,10.6663,3,-0.0415735,-1.29595,0.088,1
1140,1152,2,21,3,1,7.85725,10.6069,3,0.70896,0.383456,0.088,1
1140,1153,17,25,0,-1,-14.1868,-3.17332,1,-0.118346,0.176141,0.114,1
1140,1153,17,25,1,0,-15.0092,-2.52025,4,-0.0702543,0.249539,0.114,1
1140,1153,17,25,2,1,-14.9383,-3.94729,3,-0.121088,0.250215,0.114,1
1140,1153,17,25,3,0,-14.0291,-4.98988,1,-0.302896,0.156956,0.114,1
1140,1153,17,25,4,1,-13.7487,-2.44598,3,-0.0537737,0.164521,0.114,1
1140,1154,2,21,0,-1,8.20657,-19.4081,1,0.440015,0.190834,0.09,0
1140,1154,2,21,1,0,9.14036,-18.9263,4,0.570431,-0.0296363,0.09,0
1140,1154,2,21,2,1,7.88517,-18.2169,3,0.818783,0.397931,0.09,0
1140,1158,2,23,0,-1,-9.90279,-15.3678,1,0.516148,0.183712,0.088,0
1140,1159,25,20,0,-1,0.969384,4.97379,1,-0.512006,0.0372713,0.114,1
1140,1159,25,20,1,0,0.991336,6.199,1,-0.892195,0.0299185,0.114,1
1140,1159,25,20,2,0,-0.0512349,4.65246,4,-0.444224,-0.169958,0.114,1
1140,1159,25,20,3,2,1.13556,3.82874,3,-0.158171,0.24938,0.114,1
1140,1159,25,20,4,2,0.240715,5.9178,3,-0.713596,-0.109615,0.114,1
1140,1159,25,20,5,3,0.464846,3.14101,3,0.167002,-0.0704349,0.114,1
1140,1161,35,20,0,-1,15.3076,-5.19162,1,-0.0727302,0.29983,0.088,0
1140,1163,17,26,0,-1,-14.981,-3.24511,1,-0.136029,0.316995,0.115,0
1140,1164,2,19,0,-1,14.0178,10.001,1,-0.314553,-0.0875523,0.088,0
1140,1164,2,19,1,0,14.5299,10.8977,4,0.0819785,-0.540179,0.088,0
1140,1164,2,19,2,1,13.0423,10.6221,3,-0.237935,0.538224,0.088,0
1140,1166,2,18,0,-1,18.0028,-7.90026,1,0.449073,0.106527,0.091,0
1140,1166,2,18,1,0,18.0173,-8.93808,4,0.123597,0.0991161,0.091,0
1140,1166,2,18,2,1,19.0175,-7.88404,3,0.449156,-0.209533,0.091,0
1140,1168,2,20,0,-1,10.8076,7.30926,1,-0.00522908,0.107518,0.089,0
1140,1168,2,20,1,0,11.877,7.44878,4,-0.101845,0.0426372,0.089,0
1140,1168,2,20,2,1,10.702,8.35864,3,0.0176314,0.479692,0.089,0
1140,1169,2,21,0,-1,11.6155,12.1483,1,0.171522,-0.0733906,0.09,0
1140,1169,2,21,1,0,11.9579,11.121,4,0.681398,0.0517974,0.09,0
1140,1174,2,25,0,-1,-12.5824,11.8972,1,0.438701,0.133853,0.086,1
1140,1174,2,25,1,0,-11.5261,12.0787,4,0.149207,0.612026,0.086,1
1140,1174,2,25,2,1,-12.8673,12.5805,3,-0.0706255,0.0419827,0.086,1
1140,1174,2,25,3,1,-12.2996,11.0417,3,0.594012,-0.196798,0.086,1
1140,1175,2,20,0,-1,9.22466,-8.96191,1,-0.38622,0.576693,0.092,0
1140,1178,17,25,0,-1,-4.11018,-2.76126,1,0.292673,0.0423367,0.115,0
1140,1178,17,25,1,0,-3.1529,-2.32642,4,0.286647,-0.284444,0.115,0
1140,1179,2,22,0,-1,-4.33304,-14.0859,1,-0.130031,-0.8533,0.09,0
1170,939,25,18,0,-1,-9.28414,11.235,1,-0.00541767,-0.446306,0.115,1
1170,939,25,18,1,0,-9.37742,12.4059,1,0.0795466,-0.392422,0.115,1
1170,939,25,18,2,0,-10.2205,10.6469,4,-0.222139,-0.183051,0.115,1
1170,939,25,18,3,2,-8.83013,10.2104,3,-0.206054,-0.00234306,0.115,1
1170,939,25,18,4,2,-10.2601,11.9763,3,-0.284255,-0.132334,0.115,1
1170,939,25,18,5,3,-9.31742,9.39591,3,0.391966,-0.33457,0.115,1
1170,1025,2,18,0,-1,6.39397,5.80863,1,0.234492,0.633074,0.09,1
1170,1025,2,18,1,0,6.27265,6.85993,4,-0.298849,0.572972,0.09,1
1170,1025,2,18,2,1,5.20056,5.88437,3,0.173689,0.0427142,0.09,1
1170,1025,2,18,3,1,7.27779,6.00078,3,0.174044,1.11076,0.09,1
1170,1030,2,19,0,-1,1.95711,-16.209,1,0.794042,0.574699,0.09,1
1170,1030,2,19,1,0,1.92723,-15.1568,4,0.681697,0.509375,0.09,1
1170,1030,2,19,2,1,1.1741,-16.3772,3,1.07192,0.264029,0.09,1
1170,1030,2,19,3,1,2.78527,-16.1592,3,0.514196,0.316029,0.09,1
1170,1037,2,18,0,-1,18.9059,20.5476,1,-0.0284419,0.159372,0.089,1
1170,1040,2,20,0,-1,-18.9857,-7.63582,1,-0.513421,-0.183223,0.089,1
1170,1040,2,20,1,0,-20.0143,-7.072,4,-0.403072,0.0355008,0.089,1
1170,1040,2,20,2,1,-19.8353,-8.50618,3,-0.70833,0.00577051,0.089,1
1170,1040,2,20,3,1,-18.7798,-6.64838,3,-0.405301,0.0499284,0.089,1
1170,1048,2,19,0,-1,10.745,3.31197,1,0.0407575,0.403796,0.088,1
1170,1048,2,19,1,0,10.6242,4.37051,4,-0.401749,0.353275,0.088,1
1170,1048,2,19,2,1,9.54943,3.40568,3,-0.0668719,-0.0343741,0.088,1
1170,1048,2,19,3,1,11.6541,3.53658,3,0.0916946,0.933469,0.088,1
1170,1067,25,18,0,-1,12.8025,-5.19247,1,-0.289137,-0.0867238,0.113,1
1170,1067,25,18,1,0,13.0883,-3.9866,1,-0.0836477,-0.173595,0.113,1
1170,1067,25,18,2,0,11.6974,-5.30964,4,-0.30006,0.0898971,0.113,1
1170,1067,25,18,3,2,12.6319,-6.41121,3,-0.390863,-0.0235762,0.113,1
1170,1067,25,18,4,2,12.3446,-4.14927,3,-0.22063,0.0677912,0.113,1
1170,1085,2,24,0,-1,-11.1731,11.7326,1,-0.0870814,-0.0950679,0.087,1
1170,1085,2,24,1,0,-11.4331,10.7056,4,-0.25785,-0.0626415,0.087,1
1170,1085,2,24,2,1,-10.1259,11.2934,3,-0.0587474,-0.379476,0.087,1
1170,1085,2,24,3,1,-12.2191,11.7581,3,-0.151698,0.0184046,0.087,1
1170,1094,2,20,0,-1,-17.4217,-0.943727,1,-0.197163,0.609019,0.091,1
1170,1094,2,20,1,0,-16.8727,-0.0429065,4,0.344046,0.288298,0.091,1
1170,1094,2,20,2,1,-18.3166,-0.107222,3,0.292438,1.16152,0.091,1
1170,1094,2,20,3,1,-16.6176,-1.35727,3,-0.391883,0.157126,0.091,1
1170,1111,2,19,0,-1,6.09329,1.06703,1,-0.0471229,0.398555,0.093,1
1170,1111,2,19,1,0,5.82314,2.07907,4,-0.148877,0.38141,0.093,1
1170,1111,2,19,2,1,4.9984,0.891744,3,-0.0527483,0.290277,0.093,1
1170,1111,2,19,3,1,6.97695,1.32022,3,-0.0562557,0.552156,0.093,1
1170,1112,2,20,0,-1,2.19652,5.69089,1,-0.0197714,0.726549,0.088,1
1170,1112,2,20,1,0,3.11539,6.32489,4,-0.0641385,0.674638,0.088,1
1170,1112,2,20,2,1,1.76742,6.76978,3,-0.194029,0.43321,0.088,1
1170,1112,2,20,3,1,2.99808,5.00123,3,-0.156597,0.644354,0.088,1
1170,1115,2,21,0,-1,-6.97658,-3.68086,1,0.264687,0.385101,0.088,1
1170,1115,2,21,1,0,-5.91083,-3.20608,4,0.321448,0.267779,0.088,1
1170,1115,2,21,2,1,-7.21297,-2.59151,3,0.404211,0.421491,0.088,1
1170,1115,2,21,3,1,-6.43473,-4.40508,3,0.167552,0.333827,0.088,1
1170,1123,17,24,0,-1,4.29395,1.50626,1,-0.0171727,0.298753,0.115,1
1170,1123,17,24,1,0,4.02901,2.5011,4,-0.0758767,0.296389,0.115,1
1170,1123,17,24,2,1,3.40671,1.21279,3,0.146298,0.193874,0.115,1
1170,1123,17,24,3,0,3.34112,-0.0471477,1,0.130091,0.195629,0.115,1
1170,1123,17,24,4,1,5.08211,1.81992,3,-0.0482596,0.476014,0.115,1
1170,1126,25,19,0,-1,-2.98752,-3.25316,1,-0.268833,-0.0164082,0.115,1
1170,1126,25,19,1,0,-2.08672,-2.41599,1,-0.268072,-0.0249215,0.115,1
1170,1126,25,19,2,0,-3.90646,-2.73844,4,-0.296628,-0.0204699,0.115,1
1170,1126,25,19,3,2,-3.6131,-4.15679,3,-0.210886,0.00918974,0.115,1
1170,1126,25,19,4,2,-2.78283,-2.10339,3,-0.29239,-0.0444938,0.115,1
1170,1126,25,19,5,3,-4.56167,-3.92257,3,-0.244981,-0.108396,0.115,1
1170,1131,2,19,0,-1,15.1582,11.7404,1,-0.117562,0.343031,0.09,1
1170,1131,2,19,1,0,14.5736,12.6195,4,-0.158196,0.317866,0.09,1
1170,1131,2,19,2,1,14.2275,11.2235,3,-0.071815,0.322913,0.09,1
1170,1131,2,19,3,1,15.9408,12.483,3,-0.11887,0.321578,0.09,1
1170,1134,2,20,0,-1,-5.85862,-17.8482,1,0.647673,-0.0133006,0.089,1
1170,1134,2,20,1,0,-4.86968,-18.2705,4,0.602007,0.0747224,0.089,1
1170,1134,2,20,2,1,-5.31557,-16.8826,3,0.215761,0.0268083,0.089,1
1170,1134,2,20,3,1,-6.05358,-18.8361,3,0.534663,0.140105,0.089,1
1170,1137,35,19,0,-1,12.4044,-5.62936,1,-0.316539,-0.008678,0.088,1
1170,1137,35,19,1,0,13.3486,-4.77477,1,-0.129278,-0.224861,0.088,1
1170,1137,35,19,2,0,12.4299,-7.09645,3,-0.6021,-0.0112012,0.088,1
1170,1137,35,19,3,0,13.7279,-5.47496,3,-0.27123,-0.329506,0.088,1
1170,1145,2,20,0,-1,8.91347,15.5944,1,-0.0930888,0.417506,0.089,1
1170,1145,2,20,1,0,8.10448,16.2854,4,-0.333804,0.138486,0.089,1
1170,1145,2,20,2,1,8.00915,14.818,3,0.140161,0.104934,0.089,1
1170,1145,2,20,3,1,9.46026,16.2262,3,-0.309855,0.599455,0.089,1
1170,1146,2,22,0,-1,-13.8061,-8.27497,1,0.39945,0.241392,0.089,1
1170,1146,2,22,1,0,-13.3526,-7.10054,4,0.399127,0.23871,0.089,1
1170,1146,2,22,2,1,-14.7074,-7.54605,3,0.313188,0.476099,0.089,1
1170,1146,2,22,3,1,-12.9068,-8.33448,3,0.425729,0.241033,0.089,1
1170,1147,2,19,0,-1,-0.275135,4.04882,1,-0.349683,0.511327,0.09,1
1170,1147,2,19,1,0,-0.124343,5.09604,4,-0.056767,0.452877,0.09,1
1170,1147,2,19,2,1,-1.40738,4.43923,3,-0.0363516,0.44563,0.09,1
1170,1147,2,19,3,1,0.687346,4.04844,3,-0.442365,0.160021,0.09,1
1170,1148,2,21,0,-1,-9.5659,-17.0939,1,0.333378,0.131727,0.09,1
1170,1148,2,21,1,0,-9.59026,-15.9949,4,-0.524225,0.0219618,0.09,1
1170,1148,2,21,2,1,-10.8421,-16.7336,3,-0.286209,-0.488363,0.09,1
1170,1148,2,21,3,1,-8.65471,-16.9311,3,0.121827,0.480874,0.09,1
1170,1152,2,21,0,-1,5.58631,10.5112,1,-0.239512,-0.41373,0.088,1
1170,1152,2,21,1,0,4.83442,9.77676,4,-0.557926,-0.122419,0.088,1
1170,1152,2,21,2,1,6.26313,9.74816,3,-0.584236,-0.689699,0.088,1
1170,1152,2,21,3,1,4.94835,11.1079,3,-0.038656,-0.171104,0.088,1
1170,1158,2,23,0,-1,-17.1078,-8.49399,1,-0.656822,-0.06051,0.088,1
1170,1158,2,23,1,0,-17.6963,-9.61413,4,0.0824439,-0.47748,0.088,1
1170,1158,2,23,2,1,-16.2767,-9.34128,3,-0.0472455,0.20294,0.088,1
1170,1158,2,23,3,1,-18.1753,-8.38933,3,-0.901332,-0.855302,0.088,1
1170,1159,25,20,0,-1,0.473121,1.31407,1,-0.0303042,0.0777528,0.114,1
1170,1159,25,20,1,0,1.68719,1.50064,1,-0.0711216,0.290302,0.114,1
1170,1159,25,20,2,0,-0.0664083,2.24861,4,-0.164433,0.0178598,0.114,1
1170,1159,25,20,3,2,-0.320614,0.842811,3,-0.122555,0.00957074,0.114,1
1170,1159,25,20,4,2,1.2069,2.09208,3,-0.123725,0.277635,0.114,1
1170,1159,25,20,5,3,-1.19532,1.20691,3,-0.176635,-0.097403,0.114,1
1170,1161,35,20,0,-1,12.1525,-4.84607,1,-0.192752,0.039535,0.088,0
1170,1161,35,20,1,0,10.9319,-5.00851,1,-0.238254,0.442502,0.088,0
1170,1168,2,20,0,-1,12.4878,10.4134,1,0.359804,0.585435,0.089,1
1170,1168,2,20,1,0,12.4492,11.4874,4,-0.0412944,0.474411,0.089,1
1170,1168,2,20,2,1,11.2652,10.6829,3,-0.0452768,0.361458,0.089,1
1170,1168,2,20,3,1,13.4554,10.5692,3,0.442817,0.891852,0.089,1
1170,1169,2,21,0,-1,8.12974,15.5729,1,-0.0833557,0.127939,0.09,0
1170,1169,2,21,1,0,8.7788,16.4182,4,-0.38151,0.356558,0.09,0
1170,1174,2,25,0,-1,-9.98486,13.9487,1,0.13271,-0.0128466,0.086,1
1170,1174,2,25,1,0,-8.9366,13.8487,4,0.0559165,0.154624,0.086,1
1170,1174,2,25,2,1,-9.79777,15.0056,3,-0.0598571,0.072427,0.086,1
1170,1174,2,25,3,1,-9.79972,12.8133,3,-0.26928,0.474905,0.086,1
1170,1175,2,20,0,-1,6.47053,1.77917,1,-0.159439,0.452194,0.092,0
1170,1178,17,25,0,-1,3.58034,1.93365,1,-0.0534169,0.297755,0.115,0
1170,1178,17,25,1,0,3.41769,2.98699,4,0.0561347,0.336347,0.115,0
1170,1178,17,25,2,1,2.46728,1.97062,3,0.0521382,0.348005,0.115,0
1170,1179,2,22,0,-1,0.0927552,-15.5938,1,0.136166,-0.122823,0.09,1
1170,1179,2,22,1,0,1.1239,-15.43,4,0.242139,0.0594163,0.09,1
1170,1179,2,22,2,1,0.122258,-14.3738,3,-0.00340142,-0.1622,0.09,1
1170,1179,2,22,3,1,0.277341,-16.4412,3,0.577559,-0.174035,0.09,1
1170,1181,2,21,0,-1,2.78199,5.71649,1,0.163804,0.469912,0.087,1
1170,1181,2,21,1,0,2.58729,6.75829,4,-0.0961265,0.436661,0.087,1
1170,1181,2,21,2,1,1.40662,5.89745,3,-0.119396,0.411576,0.087,1
1170,1181,2,21,3,1,3.60616,5.84994,3,0.197177,0.800003,0.087,1
1170,1185,2,26,0,-1,-9.41266,13.3992,1,0.146936,-0.0584568,0.086,0
1170,1185,2,26,1,0,-10.4575,13.4634,4,0.0962283,0.267569,0.086,0
1170,1186,2,21,0,-1,12.9562,9.74913,1,-0.173023,0.225025,0.09,0
1170,1186,2,21,1,0,13.6318,8.94872,4,-0.678504,-0.258149,0.09,0
1170,1190,36,21,0,-1,-10.117,-16.6385,1,-0.328654,-0.160314,0.066,1
1170,1190,36,21,1,0,-8.71706,-16.3154,3,-0.353624,0.0101824,0.066,1
1170,1190,36,21,2,0,-10.3102,-15.3409,3,-0.250104,-0.101394,0.066,1
1170,1191,25,20,0,-1,-3.74793,-3.55426,1,-0.263409,0.0116929,0.114,0
1170,1191,25,20,1,0,-4.73436,-2.83186,1,-0.329056,-0.0824718,0.114,0
1170,1191,25,20,2,0,-4.23791,-4.54452,4,-0.0942039,-0.0671025,0.114,0
1170,1191,25,20,3,2,-2.8021,-4.39785,3,-0.128851,0.356666,0.114,0
1170,1192,25,21,0,-1,0.757846,0.555871,1,0.207144,0.148929,0.113,0
1170,1192,25,21,1,0,1.86284,0.0245406,1,0.148825,0.000218953,0.113,0
1170,1195,2,25,0,-1,-9.00833,6.59086,1,0.541194,-0.149449,0.088,1
1170,1195,2,25,1,0,-7.9711,6.73167,4,0.517832,0.0180899,0.088,1
1170,1195,2,25,2,1,-9.02166,7.72189,3,0.424495,-0.0762531,0.088,1
1170,1195,2,25,3,1,-8.65328,5.56894,3,0.675056,-0.0728723,0.088,1
1170,1195,2,25,4,2,-10.0217,8.75664,3,0.369685,-0.126203,0.088,1
1170,1196,2,20,0,-1,15.2774,12.5074,1,-0.201381,0.360852,0.09,0
1170,1196,2,20,1,0,15.9165,11.6565,4,-0.0616995,0.473203,0.09,0
1170,1199,37,19,0,-1,13.1155,-5.93119,1,-0.338255,-0.102369,0.088,0
1170,1199,37,19,1,0,11.9194,-6.31094,1,-0.412131,0.16889,0.088,0
1170,1200,2,22,0,-1,6.35994,10.7353,1,-0.251481,-0.31063,0.088,0
1170,1200,2,22,1,0,7.2792,10.2344,4,-0.101752,-0.108108,0.088,0
1170,1200,2,22,2,1,6.90707,11.6221,3,-0.118197,-0.134569,0.088,0
1170,1202,2,21,0,-1,-6.0082,-17.0345,1,0.317656,-0.105384,0.089,0
1170,1202,2,21,1,0,-5.091,-17.5404,4,0.625528,0.178922,0.089,0
1170,1202,2,21,2,1,-5.30187,-16.0838,3,0.478383,0.115754,0.089,0
1170,1203,2,21,0,-1,-7.69105,-0.516283,1,0.727879,0.0521533,0.092,1
1170,1203,2,21,1,0,-6.98291,-1.30087,4,0.24763,-0.383913,0.092,1
1170,1203,2,21,2,1,-6.5976,0.0966135,3,1.10264,-0.612569,0.092,1
1170,1203,2,21,3,1,-8.31748,-1.19039,3,0.306278,0.369519,0.092,1
1170,1205,2,23,0,-1,-2.39369,-14.9149,1,0.255988,-0.194942,0.091,1
1170,1205,2,23,1,0,-1.72139,-15.7288,4,0.0739718,-0.370737,0.091,1
1170,1205,2,23,2,1,-1.42493,-14.3311,3,0.776386,-0.511564,0.091,1
1170,1205,2,23,3,1,-3.03305,-15.5102,3,0.117776,-0.14645,0.091,1
1170,1206,2,20,0,-1,10.6524,2.5024,1,-0.0861813,0.418053,0.088,0
1170,1206,2,20,1,0,10.1637,1.56818,4,0.26287,0.234716,0.088,0
1170,1207,2,22,0,-1,-10.9235,-4.30896,1,0.11335,0.440272,0.088,1
1170,1207,2,22,1,0,-10.0497,-3.53266,4,0.201479,0.33579,0.088,1
1170,1207,2,22,2,1,-11.4732,-3.29787,3,0.223163,0.455544,0.088,1
1170,1207,2,22,3,1,-10.1062,-4.83982,3,0.0375508,0.343494,0.088,1
1170,1209,25,19,0,-1,-8.53634,10.9048,1,0.166305,-0.35361,0.116,0
1170,1209,25,19,1,0,-7.37799,11.2897,1,0.0472285,0.199573,0.116,0
1170,1209,25,19,2,0,-8.62486,11.8854,4,0.0536508,-0.26706,0.116,0
1170,1209,25,19,3,2,-9.46312,10.71,3,0.0672524,-0.367196,0.116,0
1170,1209,25,19,4,2,-7.69944,10.8819,3,0.336707,0.265716,0.116,0
1170,1210,2,26,0,-1,-8.34524,6.13321,1,0.648326,-0.00565003,0.088,0
1170,1210,2,26,1,0,-7.9947,5.13236,4,0.774995,0.0509031,0.088,0
1170,1211,2,22,0,-1,-10.1136,-17.7098,1,0.338827,0.174481,0.089,0
1170,1211,2,22,1,0,-11.111,-18.0525,4,0.318692,0.251354,0.089,0
1170,1212,2,25,0,-1,-11.414,12.504,1,-0.0808214,-0.0595463,0.086,0
1200,939,25,18,0,-1,-8.64491,9.66663,1,0.248586,-0.0625502,0.115,1
1200,939,25,18,1,0,-8.63747,8.42861,1,0.214228,-0.0473208,0.115,1
1200,939,25,18,2,0,-7.64077,10.0524,4,0.266921,-0.116341,0.115,1
1200,939,25,18,3,2,-8.93406,10.6683,3,0.28116,-0.112305,0.115,1
1200,939,25,18,4,2,-8.02839,8.82185,3,0.247963,-0.116121,0.115,1
1200,939,25,18,5,3,-8.43532,11.4742,3,0.322606,-0.151657,0.115,1
1200,1030,2,19,0,-1,7.3787,-8.49933,1,0.147867,0.198212,0.09,1
1200,1030,2,19,1,0,8.43754,-8.47428,4,0.177544,0.336322,0.09,1
1200,1030,2,19,2,1,7.49663,-7.39425,3,-0.0106975,0.136707,0.09,1
1200,1030,2,19,3,1,7.46056,-9.33746,3,0.334799,0.130854,0.09,1
1200,1085,2,24,0,-1,-9.80609,7.33589,1,0.34977,0.252236,0.087,1
1200,1085,2,24,1,0,-8.76705,7.39374,4,0.350074,-0.0148843,0.087,1
1200,1085,2,24,2,1,-9.82503,8.40375,3,0.578342,0.229726,0.087,1
1200,1085,2,24,3,1,-9.54024,6.31914,3,0.016216,0.219804,0.087,1
1200,1094,2,20,0,-1,-8.95426,3.71645,1,0.604075,0.0529847,0.091,1
1200,1094,2,20,1,0,-8.1717,4.43284,4,0.226749,0.460197,0.091,1
1200,1094,2,20,2,1,-9.5864,4.74504,3,0.0828463,-0.153363,0.091,1
1200,1094,2,20,3,1,-8.22744,3.10741,3,0.922576,0.419596,0.091,1
1200,1115,2,21,0,-1,-6.70065,-10.4187,1,-0.25409,-0.114657,0.088,1
1200,1115,2,21,1,0,-7.50177,-11.2601,4,-0.275632,-0.0839735,0.088,1
1200,1115,2,21,2,1,-6.06699,-11.2167,3,-0.244539,-0.318753,0.088,1
1200,1115,2,21,3,1,-7.40676,-9.94955,3,-0.404516,-0.0753134,0.088,1
1200,1123,17,24,0,-1,1.56761,0.326972,1,-0.146778,-0.691673,0.115,1
1200,1123,17,24,1,0,0.854623,-0.461926,4,-0.231794,-0.507641,0.115,1
1200,1123,17,24,2,1,2.35899,-0.474997,3,-0.392992,-0.542988,0.115,1
1200,1123,17,24,3,0,3.33854,0.633044,1,-0.533545,-1.24685,0.115,1
1200,1123,17,24,4,1,0.439644,0.789481,3,-0.289616,-0.231949,0.115,1
1200,1131,2,19,0,-1,11.2639,11.1217,1,0.0700391,-0.384174,0.09,1
1200,1131,2,19,1,0,11.0054,10.1171,4,-0.0256342,-0.386571,0.09,1
1200,1131,2,19,2,1,12.268,10.8186,3,0.00016696,-0.374115,0.09,1
1200,1131,2,19,3,1,10.5026,11.3794,3,0.108441,-0.38048,0.09,1
1200,1137,35,19,0,-1,6.12052,-5.01179,1,-0.190324,0.114467,0.088,1
1200,1137,35,19,1,0,6.74578,-3.96143,1,-0.203143,0.1209,0.088,1
1200,1137,35,19,2,0,6.61998,-6.36031,3,-0.270994,0.0858908,0.088,1
1200,1137,35,19,3,0,7.34062,-4.53278,3,-0.206392,0.163225,0.088,1
1200,1146,2,22,0,-1,-5.2548,-12.4,1,-0.276533,0.380269,0.089,1
1200,1146,2,22,1,0,-6.40924,-11.8421,4,-0.58333,-0.126204,0.089,1
1200,1146,2,22,2,1,-6.49742,-13.3061,3,0.617423,-0.185018,0.089,1
1200,1146,2,22,3,1,-5.1383,-11.4603,3,-0.671904,0.10894,0.089,1
1200,1147,2,19,0,-1,-0.839456,5.41019,1,0.142147,-0.313459,0.09,1
1200,1147,2,19,1,0,-1.47138,4.57444,4,0.0508398,-0.268139,0.09,1
1200,1147,2,19,2,1,-0.0514317,4.85036,3,0.00560274,-0.121398,0.09,1
1200,1147,2,19,3,1,-1.98172,5.84616,3,-0.146424,-0.313446,0.09,1
1200,1158,2,23,0,-1,-8.62236,-17.0253,1,0.410168,-0.17862,0.088,1
1200,1158,2,23,1,0,-7.36961,-17.1711,4,0.411141,-0.235785,0.088,1
1200,1158,2,23,2,1,-8.11166,-15.938,3,0.47574,-0.189879,0.088,1
1200,1158,2,23,3,1,-8.45482,-17.9726,3,0.467696,-0.276648,0.088,1
1200,1159,25,20,0,-1,-1.22908,3.35264,1,0.0753577,0.0651579,0.114,1
1200,1159,25,20,1,0,-0.498563,2.35971,1,0.0736879,0.0840897,0.114,1
1200,1159,25,20,2,0,-0.657112,4.26524,4,0.0584033,0.0457207,0.114,1
1200,1159,25,20,3,2,-2.05555,3.94694,3,0.056141,0.0267806,0.114,1
1200,1159,25,20,4,2,-0.18009,3.05255,3,0.165775,0.0711452,0.114,1
1200,1159,25,20,5,3,-2.2773,4.86895,3,0.13165,0.0348376,0.114,1
1200,1161,35,20,0,-1,5.35305,-4.80234,1,-0.188764,0.088155,0.088,0
1200,1161,35,20,1,0,5.91814,-5.88781,1,-0.152198,0.102836,0.088,0
1200,1168,2,20,0,-1,11.2075,14.8235,1,0.18175,-0.143211,0.089,1
1200,1168,2,20,1,0,11.8625,14.0033,4,0.041377,-0.274632,0.089,1
1200,1168,2,20,2,1,12.245,15.3845,3,0.240166,-0.344701,0.089,1
1200,1168,2,20,3,1,10.5037,14.2341,3,0.0875052,-0.0659475,0.089,1
1200,1178,17,25,0,-1,1.9688,-0.499758,1,0.200264,-0.222775,0.115,0
1200,1178,17,25,1,0,2.56404,0.385288,4,0.495587,-0.239055,0.115,0
1200,1178,17,25,2,1,1.27456,0.0701669,3,-0.190214,1.45148,0.115,0
1200,1178,17,25,3,0,0.800059,-1.89579,1,1.17872,-0.719483,0.115,0
1200,1179,2,22,0,-1,1.32947,-13.5577,1,0.502567,0.770964,0.09,1
1200,1179,2,22,1,0,1.19723,-12.4901,4,-0.258839,0.648296,0.09,1
1200,1179,2,22,2,1,0.0277543,-13.3105,3,0.0801046,0.0209667,0.09,1
1200,1179,2,22,3,1,2.19571,-13.3528,3,0.375784,1.36277,0.09,1
1200,1186,2,21,0,-1,9.75973,11.3961,1,0.206917,-0.272147,0.09,1
1200,1186,2,21,1,0,10.5843,10.6902,4,0.0644415,-0.489775,0.09,1
1200,1186,2,21,2,1,10.6403,12.1166,3,-0.293469,-0.46486,0.09,1
1200,1186,2,21,3,1,9.25437,10.4035,3,0.120789,-0.619257,0.09,1
1200,1192,25,21,0,-1,-1.91113,2.92614,1,0.139864,-0.0071331,0.113,0
1200,1192,25,21,1,0,-2.12965,1.72134,1,-0.0763271,0.0387197,0.113,0
1200,1196,2,20,0,-1,16.0953,11.2156,1,0.427425,-0.579402,0.09,1
1200,1196,2,20,1,0,17.0591,10.7883,4,0.70433,-0.0141444,0.09,1
1200,1196,2,20,2,1,16.3976,12.0647,3,0.280184,-0.235651,0.09,1
1200,1196,2,20,3,1,15.7954,10.3904,3,0.846355,-0.445792,0.09,1
1200,1203,2,21,0,-1,-9.06456,-10.2782,1,-0.478353,-0.274752,0.092,1
1200,1203,2,21,1,0,-9.98842,-10.7806,4,-0.423981,-0.384934,0.092,1
1200,1203,2,21,2,1,-8.65667,-11.341,3,-0.393556,-0.323347,0.092,1
1200,1203,2,21,3,1,-9.50006,-9.55267,3,-0.591866,-0.309699,0.092,1
1200,1205,2,23,0,-1,7.21065,-18.8609,1,0.68151,-0.0734475,0.091,1
1200,1205,2,23,1,0,8.15003,-18.402,4,0.494228,0.280436,0.091,1
1200,1205,2,23,2,1,6.79035,-17.8168,3,0.226554,-0.336547,0.091,1
1200,1205,2,23,3,1,7.67398,-19.6256,3,1.01608,0.071477,0.091,1
1200,1207,2,22,0,-1,-10.1576,1.49626,1,0.094285,0.0238327,0.088,1
1200,1207,2,22,1,0,-9.03858,1.81149,4,0.112336,-0.0390575,0.088,1
1200,1207,2,22,3,1,-9.74017,0.699243,3,0.0537542,-0.00196276,0.088,1
1200,1209,25,19,0,-1,-11.5146,16.4866,1,-0.160493,0.281128,0.116,1
1200,1209,25,19,1,0,-11.1119,17.6523,1,-0.367617,0.356648,0.116,1
1200,1209,25,19,2,0,-12.5834,16.4592,4,-0.146345,0.10744,0.116,1
1200,1209,25,19,3,2,-11.5702,15.4359,3,0.0270366,0.253365,0.116,1
1200,1209,25,19,4,2,-11.8423,17.5256,3,-0.28164,0.194618,0.116,1
1200,1209,25,19,5,3,-12.3465,14.8739,3,0.126212,0.0441843,0.116,1
1200,1212,2,25,0,-1,-12.8165,9.33548,1,0.0129684,-0.0182697,0.086,1
1200,1212,2,25,1,0,-12.8588,8.29067,4,-0.00587459,-0.0135524,0.086,1
1200,1212,2,25,2,1,-11.7633,9.228,3,-0.0105817,-0.00158189,0.086,1
1200,1215,2,19,0,-1,1.78851,2.01697,1,0.220209,-0.0551244,0.089,1
1200,1215,2,19,1,0,2.7971,1.7139,4,0.345854,0.263011,0.089,1
1200,1215,2,19,2,1,2.0434,2.93759,3,0.229493,0.208574,0.089,1
1200,1215,2,19,3,1,1.61819,1.13296,3,0.608653,-0.147793,0.089,1
1200,1216,2,20,0,-1,8.62634,-9.66111,1,0.260881,-0.840092,0.09,1
1200,1216,2,20,1,0,7.97959,-10.4161,4,0.0591109,-0.102147,0.09,1
1200,1216,2,20,2,1,8.94194,-9.08477,3,-0.0872587,-0.107722,0.09,1
1200,1216,2,20,3,1,8.95294,-9.6596,3,0.536217,0.0869765,0.09,1
1200,1218,2,21,0,-1,-9.71588,3.98098,1,0.543672,-0.148334,0.09,0
1200,1219,2,20,0,-1,-1.57736,5.42609,1,0.234787,0.375011,0.091,0
1200,1219,2,20,1,0,-0.65678,6.0517,4,0.534471,-0.0239652,0.091,0
1200,1219,2,20,2,1,-1.89314,6.74789,3,0.80498,0.344833,0.091,0
1200,1220,2,24,0,-1,7.50329,-18.0948,1,0.359788,0.0562456,0.09,0
1200,1220,2,24,1,0,8.50798,-17.7274,4,0.239466,0.369739,0.09,0
1200,1220,2,24,2,1,7.33634,-16.8799,3,-0.155408,-0.187102,0.09,0
1200,1224,2,23,0,-1,0.852441,-10.0591,1,-0.896646,0.129545,0.09,1
1200,1224,2,23,1,0,0.517361,-11.0685,4,-0.147317,-0.088732,0.09,1
1200,1224,2,23,2,1,1.96393,-10.8571,3,-0.341064,0.962045,0.09,1
1200,1224,2,23,3,1,-0.141988,-9.89419,3,-0.800002,-0.43633,0.09,1
1200,1226,2,21,0,-1,13.88,14.5662,1,0.110332,0.0606164,0.09,1
1200,1226,2,21,1,0,13.8864,15.6009,4,-0.11466,0.242845,0.09,1
1200,1226,2,21,2,1,12.7311,14.669,3,0.183491,0.109167,0.09,1
1200,1226,2,21,3,1,14.6724,14.5115,3,-0.087265,0.368481,0.09,1
1200,1227,2,20,0,-1,0.991098,1.99081,1,0.254041,-0.360088,0.088,0
1200,1228,38,26,0,-1,-13.5377,8.99152,1,0.00635936,-0.00227904,0.111,0
1200,1228,38,26,1,0,-14.4092,10.1426,1,0.00962967,-0.000167837,0.111,0
1200,1229,2,24,0,-1,-15.3402,-10.0515,1,0.32506,0.166274,0.089,1
1200,1229,2,24,1,0,-14.0881,-9.96339,4,0.330854,0.114788,0.089,1
1200,1229,2,24,2,1,-15.0486,-8.88967,3,0.37837,0.191988,0.089,1
1200,1229,2,24,3,1,-14.9723,-10.9806,3,0.29283,0.192373,0.089,1
1200,1230,39,23,0,-1,-15.2678,-6.20368,1,0.0661682,0.230459,0.114,1
1200,1230,39,23,1,0,-14.8425,-5.00437,4,0.0238197,0.259314,0.114,1
1200,1230,39,23,2,1,-16.2098,-5.4453,3,0.0433201,0.20393,0.114,1
1200,1230,39,23,3,0,-15.8047,-4.69084,4,0.0980465,0.235801,0.114,1
1200,1230,39,23,4,1,-14.2337,-6.20721,3,0.0978865,0.307259,0.114,1
1200,1231,2,22,0,-1,9.78679,12.2439,1,0.309633,-0.200711,0.089,0
1200,1231,2,22,1,0,10.6852,12.8513,4,0.179405,-0.0207788,0.089,0
1200,1231,2,22,2,1,9.43899,13.5307,3,-0.0530536,-0.235816,0.089,0
1200,1233,2,20,0,-1,18.2696,22.7851,1,0.352443,-0.0445941,0.089,1
1200,1233,2,20,1,0,18.8365,23.66,4,0.346555,-0.00234622,0.089,1
1200,1233,2,20,2,1,17.4048,23.4877,3,0.371191,-0.172574,0.089,1
1200,1233,2,20,3,1,19.0059,22.3606,3,0.217974,-0.0697245,0.089,1
1200,1234,2,24,0,-1,0.957683,-17.2883,1,-0.7842,-0.662426,0.09,1
1200,1234,2,24,1,0,0.249369,-18.0858,4,-0.437692,-0.910601,0.09,1
1200,1234,2,24,2,1,1.65462,-18.4704,3,-0.146459,0.0122289,0.09,1
1200,1234,2,24,3,1,0.0808413,-16.77,3,-0.698911,-0.882953,0.09,1
1200,1236,25,19,0,-1,-9.40143,9.93668,1,0.250409,-0.058377,0.114,0
1200,1239,2,25,0,-1,-9.28037,7.95199,1,0.502079,0.113848,0.088,0
1200,1239,2,25,1,0,-9.27279,9.00848,4,0.778933,0.110868,0.088,0
1200,1240,2,21,0,-1,11.0996,15.6179,1,-0.0125152,-0.165895,0.09,0
1200,1242,39,24,0,-1,-14.6891,-5.6794,1,0.0267135,0.262212,0.115,0
1200,1243,2,24,0,-1,-7.96421,-17.4699,1,0.389055,-0.197118,0.089,0
1200,1243,2,24,1,0,-6.70897,-17.6337,4,0.40484,-0.140316,0.089,0
1200,1243,2,24,2,1,-7.39865,-16.3627,3,0.289966,-0.191645,0.089,0
1200,1243,2,24,3,1,-7.75544,-18.4188,3,0.482795,-0.211147,0.089,0
1200,1244,2,23,0,-1,-0.640775,-14.7606,1,-0.244486,-0.743932,0.09,1
1200,1244,2,23,1,0,-1.65436,-14.6635,4,-0.451332,0.943536,0.09,1
1200,1244,2,23,2,1,-0.969589,-15.9672,3,-0.671799,1.29004,0.09,1
1200,1244,2,23,3,1,-0.360252,-14.1046,3,0.144291,-1.40386,0.09,1
1200,1245,2,23,0,-1,-4.73555,-12.9666,1,-0.371835,0.202356,0.088,0
1200,1245,2,23,1,0,-5.85236,-12.3307,4,-0.322173,0.217683,0.088,0
1200,1245,2,23,2,1,-5.56268,-13.7245,3,-0.143404,0.247919,0.088,0
1200,1246,2,20,0,-1,12.7094,9.30112,1,-0.446245,-0.883869,0.09,1
1200,1246,2,20,1,0,13.3409,8.38799,4,0.412908,-0.426394,0.09,1
1200,1246,2,20,2,1,13.3795,9.81406,3,0.170488,-0.481404,0.09,1
1200,1246,2,20,3,1,12.0467,7.97338,3,0.538481,-0.69023,0.09,1
1200,1248,2,25,0,-1,2.35807,-16.855,1,0.778233,-0.516841,0.091,1
1200,1248,2,25,1,0,3.406,-16.6406,4,0.447225,-0.100357,0.091,1
1200,1248,2,25,2,1,2.74718,-15.4249,3,0.164939,-0.115072,0.091,1
1200,1248,2,25,3,1,2.79945,-17.833,3,-0.877351,0.74425,0.091,1
1200,1254,2,22,0,-1,13.3643,15.1804,1,0.367432,0.236899,0.091,0
1200,1255,2,21,0,-1,12.6659,8.53356,1,0.517813,-0.896711,0.091,0
1200,1258,2,24,0,-1,0.0470103,-15.1686,1,-0.242598,-0.707068,0.089,0
1230,939,25,18,0,-1,-7.52324,16.6799,1,-0.0313811,0.233009,0.115,1
1230,939,25,18,1,0,-6.76053,17.6441,1,-0.204105,0.383534,0.115,1
1230,939,25,18,2,0,-8.54297,17.0335,4,-0.10746,0.0436347,0.115,1
1230,939,25,18,3,2,-7.98113,15.7168,3,0.0420451,0.109067,0.115,1
1230,939,25,18,4,2,-7.52879,17.8306,3,-0.265117,0.217882,0.115,1
1230,939,25,18,5,3,-8.91752,15.5415,3,0.0584587,-0.00315602,0.115,1
1230,1030,2,19,0,-1,15.6386,-4.15653,1,0.0851219,0.19786,0.09,1
1230,1030,2,19,1,0,16.3262,-3.36659,4,-0.0755564,0.333401,0.09,1
1230,1030,2,19,2,1,14.8903,-3.4835,3,-0.0986548,0.720036,0.09,1
1230,1030,2,19,3,1,16.2578,-4.69173,3,0.228631,0.268694,0.09,1
1230,1085,2,24,0,-1,-10.8118,8.39674,1,-0.375666,-0.236677,0.087,1
1230,1085,2,24,1,0,-11.7892,8.76714,4,-0.236195,0.11978,0.087,1
1230,1085,2,24,2,1,-11.2374,7.42029,3,-0.633967,-0.0402989,0.087,1
1230,1085,2,24,3,1,-10.6547,9.44703,3,-0.0028535,-0.262027,0.087,1
1230,1094,2,20,0,-1,2.90892,10.8249,1,0.319243,-0.14581,0.091,1
1230,1094,2,20,1,0,3.89216,10.4949,4,0.345099,-0.0677091,0.091,1
1230,1094,2,20,2,1,3.36339,11.833,3,0.25696,-0.103718,0.091,1
1230,1094,2,20,3,1,2.59534,10.0665,3,0.376584,-0.168815,0.091,1
1230,1146,2,22,0,-1,-12.291,-9.75141,1,0.628641,0.532148,0.089,1
1230,1146,2,22,1,0,-12.1081,-8.50097,4,-0.113604,0.600336,0.089,1
1230,1146,2,22,2,1,-13.415,-9.11524,3,0.200358,0.0296456,0.089,1
1230,1146,2,22,3,1,-11.237,-9.47919,3,0.585209,1.23616,0.089,1
1230,1147,2,19,0,-1,5.03815,2.98443,1,0.00202632,-0.00437453,0.09,1
1230,1147,2,19,1,0,4.0702,3.37836,4,0.00345919,-0.000855102,0.09,1
1230,1147,2,19,2,1,4.5697,2.02518,3,-0.00136265,-0.00263246,0.09,1
1230,1159,25,20,0,-1,-1.26804,-0.118865,1,-0.29788,0.0638173,0.114,1
1230,1159,25,20,1,0,-0.54039,0.871206,1,-0.092125,-0.0964801,0.114,1
1230,1159,25,20,2,0,-2.29478,0.198469,4,-0.215671,0.309367,0.114,1
1230,1159,25,20,3,2,-1.70012,-1.10241,3,-0.454976,0.209712,0.114,1
1230,1159,25,20,4,2,-1.27703,1.00061,3,-0.00394709,0.0551547,0.114,1
1230,1159,25,20,5,3,-2.62312,-1.32121,3,-0.483377,0.368014,0.114,1
1230,1168,2,20,0,-1,10.0365,7.61427,1,0.00959111,-0.49888,0.089,1
1230,1168,2,20,1,0,11.0562,7.4359,4,0.125642,-0.215984,0.089,1
1230,1168,2,20,2,1,10.3401,8.73354,3,-0.157722,-0.426134,0.089,1
1230,1168,2,20,3,1,9.91913,6.68287,3,0.479438,-0.781304,0.089,1
1230,1179,2,22,0,-1,5.59591,-17.7715,1,0.320581,-0.191467,0.09,1
1230,1179,2,22,1,0,6.64961,-17.7881,4,0.319961,0.0290822,0.09,1
1230,1179,2,22,2,1,5.77836,-16.6515,3,0.0840535,-0.14881,0.09,1
1230,1179,2,22,3,1,5.62191,-18.6357,3,0.464815,-0.122847,0.09,1
1230,1192,25,21,0,-1,-0.476661,0.0301121,1,-0.266392,-0.0841377,0.113,0
1230,1192,25,21,1,0,0.560306,0.682041,1,-0.176068,-0.219153,0.113,0
1230,1203,2,21,0,-1,-15.024,-14.4127,1,0.0462425,-0.250345,0.092,1
1230,1203,2,21,1,0,-14.5624,-15.3579,4,-0.104121,-0.313088,0.092,1
1230,1203,2,21,2,1,-13.9835,-14.0476,3,0.126662,-0.409049,0.092,1
1230,1203,2,21,3,1,-15.7613,-14.7949,3,-0.00590564,-0.186844,0.092,1
1230,1212,2,25,0,-1,-13.0911,9.33187,1,-0.0403968,0.0103724,0.086,1
1230,1212,2,25,1,0,-12.7746,8.33545,4,0.0254164,0.0334946,0.086,1
1230,1212,2,25,2,1,-12.0201,9.56725,3,-0.143997,0.134357,0.086,1
1230,1215,2,19,0,-1,12.7069,1.40055,1,0.370036,-0.349931,0.089,1
1230,1215,2,19,1,0,13.7589,1.25447,4,0.438849,0.133968,0.089,1
1230,1215,2,19,2,1,13.0568,2.51746,3,-0.0804485,-0.14624,0.089,1
1230,1215,2,19,3,1,12.6949,0.466911,3,0.840945,-0.422987,0.089,1
1230,1216,2,20,0,-1,21.4003,-5.45684,1,0.108533,0.576328,0.09,1
1230,1216,2,20,1,0,22.4569,-5.39573,4,0.104141,0.446223,0.09,1
1230,1216,2,20,2,1,21.6843,-4.1693,3,0.0215191,0.382164,0.09,1
1230,1216,2,20,3,1,21.7193,-6.54307,3,0.0053856,0.49207,0.09,1
1230,1224,2,23,0,-1,-2.8597,-18.0291,1,0.543736,0.156752,0.09,1
1230,1224,2,23,1,0,-2.30307,-17.1468,4,-0.0819331,0.540428,0.09,1
1230,1224,2,23,2,1,-3.73795,-17.366,3,0.230297,-0.544109,0.09,1
1230,1224,2,23,3,1,-2.07328,-18.4507,3,0.552428,0.608988,0.09,1
1230,1227,2,20,0,-1,12.1271,1.96562,1,0.46364,-0.254188,0.088,0
1230,1229,2,24,0,-1,-7.32978,-7.40704,1,0.895739,0.0752463,0.089,1
1230,1229,2,24,1,0,-6.30132,-8.08554,4,0.656543,-0.353935,0.089,1
1230,1229,2,24,2,1,-6.20405,-6.63627,3,1.29326,-0.437517,0.089,1
1230,1229,2,24,3,1,-7.61873,-8.55994,3,0.472607,0.261499,0.089,1
1230,1236,25,19,0,-1,-7.06587,16.0092,1,-0.123817,0.163858,0.114,0
1230,1236,25,19,1,0,-7.64137,14.9268,1,-0.169245,0.186655,0.114,0
1230,1236,25,19,2,0,-6.07148,15.6695,4,-0.138613,0.114919,0.114,0
1230,1239,2,25,0,-1,-11.5433,8.04429,1,-0.511532,0.028925,0.088,0
1230,1239,2,25,1,0,-11.9159,7.04899,4,-0.745848,0.119841,0.088,0
1230,1240,2,21,0,-1,4.40173,16.8549,1,-0.271833,0.323418,0.09,1
1230,1240,2,21,1,0,3.92567,17.791,8,-0.181996,0.369743,0.09,1
1230,1240,2,21,2,1,3.41447,16.4497,3,-0.442743,0.464543,0.09,1
1230,1240,2,21,3,1,5.16214,17.2049,3,-0.24596,0.233409,0.09,1
1230,1244,2,23,0,-1,6.64505,-23.0189,1,0.462912,0.00362392,0.09,1
1230,1244,2,23,1,0,7.47333,-23.66,4,0.452944,0.000525646,0.09,1
1230,1244,2,23,2,1,7.3535,-22.2311,3,0.372757,-0.0124144,0.09,1
1230,1244,2,23,3,1,6.14574,-23.66,3,0.448766,0.00131798,0.09,1
1230,1245,2,23,0,-1,-12.6591,-15.6704,1,-0.234514,-0.204103,0.088,1
1230,1245,2,23,1,0,-13.5592,-16.5786,4,-0.0195663,-0.369407,0.088,1
1230,1245,2,23,2,1,-12.1305,-16.7567,3,0.0254608,-0.13958,0.088,1
1230,1245,2,23,3,1,-13.8199,-15.2823,3,-0.309596,-0.429153,0.088,1
1230,1246,2,20,0,-1,11.65,9.83061,1,-0.184869,-0.258814,0.09,1
1230,1246,2,20,1,0,11.5496,8.78856,4,0.482433,-0.442546,0.09,1
1230,1246,2,20,2,1,12.7007,9.6366,3,-0.129658,0.171249,0.09,1
1230,1246,2,20,3,1,10.8765,10.0181,3,-0.24553,-0.560022,0.09,1
1230,1248,2,25,0,-1,7.36195,-13.5224,1,0.316182,0.347794,0.091,1
1230,1248,2,25,1,0,7.13559,-12.5069,4,-0.0729432,0.262793,0.091,1
1230,1248,2,25,2,1,6.28313,-13.5719,3,0.309044,-0.0522812,0.091,1
1230,1248,2,25,3,1,8.18409,-13.3749,3,0.262108,0.660483,0.091,1
1230,1255,2,21,0,-1,10.9519,9.40343,1,-0.285147,0.0144228,0.091,0
1230,1255,2,21,1,0,10.0456,9.86597,4,-0.149527,-0.168733,0.091,0
1230,1258,2,24,0,-1,-0.962881,-16.2519,1,-0.49385,-0.156546,0.089,1
1230,1258,2,24,1,0,-1.89315,-15.7591,4,-0.22395,0.326125,0.089,1
1230,1258,2,24,2,1,-1.66252,-17.1824,3,-0.676933,0.26945,0.089,1
1230,1258,2,24,3,1,-0.599834,-15.4004,3,0.0249781,-0.51694,0.089,1
1230,1261,2,26,0,-1,7.79153,-12.828,1,0.0621533,0.511162,0.09,0
1230,1263,2,24,0,-1,-2.22357,-12.6998,1,-0.388034,0.479901,0.089,1
1230,1263,2,24,1,0,-2.56448,-11.6707,4,-0.497081,0.452275,0.089,1
1230,1263,2,24,2,1,-3.61917,-12.6826,3,-0.150856,0.082087,0.089,1
1230,1263,2,24,3,1,-1.42675,-12.3093,3,-0.41516,0.610236,0.089,1
1230,1267,2,22,0,-1,-15.5084,-13.7696,1,0.0429131,-0.258648,0.092,0
1230,1267,2,22,1,0,-16.5058,-13.4501,4,0.0467496,-0.24578,0.092,0
1230,1269,2,25,0,-1,-10.7499,-7.19409,1,-0.0672451,-0.504367,0.088,1
1230,1269,2,25,1,0,-11.7997,-7.86218,4,-0.583842,0.172368,0.088,1
1230,1269,2,25,2,1,-10.5148,-8.53581,3,-0.867115,-0.245475,0.088,1
1230,1269,2,25,3,1,-11.4682,-6.53799,3,0.270904,-0.162141,0.088,1
1230,1273,2,23,0,-1,5.07482,-17.1582,1,0.265824,-0.247736,0.089,0
1230,1273,2,23,1,0,4.41503,-16.3447,4,0.245569,-0.269575,0.089,0
1230,1274,2,20,0,-1,19.8671,-4.01424,1,0.140669,0.373934,0.09,1
1230,1274,2,20,1,0,18.7933,-3.8375,4,0.167183,0.573901,0.09,1
1230,1274,2,20,2,1,19.035,-5.25959,3,-0.0547001,0.509972,0.09,1
1230,1274,2,20,3,1,19.9315,-3.18009,3,0.165986,0.595502,0.09,1
1230,1275,2,24,0,-1,-12.3906,-14.933,1,-0.312001,-0.190882,0.087,0
1230,1275,2,24,1,0,-13.3239,-15.8,4,-0.298298,-0.213648,0.087,0
1230,1276,40,21,0,-1,22.2527,-6.09131,1,-0.0729941,0.330768,0.065,1
1230,1276,40,21,1,0,23.1733,-5.54149,4,0.0206142,0.168537,0.065,1
1230,1276,40,21,2,1,21.8718,-4.94068,3,0.118916,0.464797,0.065,1
1230,1276,40,21,3,1,22.7431,-6.80641,3,-0.0549908,0.201302,0.065,1
1230,1276,40,21,4,2,20.7081,-4.1233,3,-0.00104481,0.33126,0.065,1
1230,1276,40,21,5,2,21.1147,-6.07352,3,-0.0660221,0.636863,0.065,1
1230,1277,2,21,0,-1,3.28416,10.1008,1,0.386093,-0.111769,0.092,0
1230,1278,2,24,0,-1,-3.18112,-15.7788,1,-0.766012,0.192956,0.089,1
1230,1278,2,24,1,0,-3.93945,-15.0529,4,-0.209127,0.782281,0.089,1
1230,1278,2,24,2,1,-4.04198,-16.4316,3,-1.33202,0.684611,0.089,1
1230,1278,2,24,3,1,-2.57648,-15.2726,3,-0.380787,-0.349676,0.089,1
1230,1280,2,25,0,-1,-7.0132,-8.1743,1,0.650518,0.0418862,0.09,0
1230,1280,2,25,1,0,-6.72826,-9.43822,4,-0.381028,-0.134606,0.09,0
1230,1280,2,25,2,1,-5.65921,-8.45879,3,0.247936,-0.799915,0.09,0
1230,1281,2,21,0,-1,17.3949,-5.20567,1,0.104793,0.569265,0.091,1
1230,1281,2,21,1,0,16.8959,-4.27864,4,-0.190157,0.39767,0.091,1
1230,1281,2,21,2,1,16.4562,-5.65023,3,-0.153614,0.348089,0.091,1
1230,1281,2,21,3,1,18.1202,-4.77693,3,-0.146213,0.53048,0.091,1
1230,1283,40,22,0,-1,23.004,-6.04555,1,-0.105051,0.159368,0.066,0
1230,1283,40,22,1,0,23.66,-5.18942,4,-0.0146207,0.0315367,0.066,0
1230,1283,40,22,2,1,22.4441,-4.53478,3,0.144566,0.198371,0.066,0
1230,1283,40,22,3,1,23.6577,-6.51996,3,0.027378,0.0416101,0.066,0
1230,1286,2,26,0,-1,-10.0882,-7.66395,1,0.379567,0.0425742,0.088,0
1230,1286,2,26,1,0,-10.3496,-6.44099,4,-0.0691147,-0.0778221,0.088,0
1230,1287,2,25,0,-1,-3.23183,-14.9574,1,-0.0703975,0.250264,0.09,0
1230,1291,2,25,0,-1,-2.91839,-12.3562,1,-0.407191,0.41995,0.09,0
1230,1292,2,21,0,-1,19.2534,-4.47638,1,-0.0616291,0.612404,0.089,0
1230,1293,2,21,0,-1,10.718,8.06234,1,0.012491,-0.481844,0.089,0
1230,1293,2,21,1,0,11.7294,7.70666,4,0.257116,-0.0061162,0.089,0
1230,1293,2,21,2,1,11.2134,9.03812,3,0.0432441,-0.208745,0.089,0
1260,939,25,18,0,-1,-14.908,16.9353,1,-0.0239007,0.161304,0.115,1
1260,939,25,18,1,0,-13.6971,17.1088,1,-0.0303509,0.208296,0.115,1
1260,939,25,18,2,0,-15.3543,17.9198,4,-0.0679123,0.141633,0.115,1
1260,939,25,18,3,2,-15.8569,16.5768,3,-0.0133968,0.122047,0.115,1
1260,939,25,18,4,2,-14.023,17.8256,3,-0.0672552,0.160219,0.115,1
1260,939,25,18,5,3,-16.6663,17.0742,3,-0.0302415,0.094367,0.115,1
1260,1085,2,24,0,-1,-7.73134,10.6028,1,0.231523,0.141606,0.087,1
1260,1085,2,24,1,0,-6.92227,11.2624,4,0.2474,0.115268,0.087,1
1260,1085,2,24,2,1,-8.37493,11.4333,3,0.233757,0.0587438,0.087,1
1260,1085,2,24,3,1,-6.93746,9.94449,3,0.181245,0.131461,0.087,1
1260,1146,2,22,0,-1,-16.4912,-10.8144,1,0.33025,-0.38742,0.089,1
1260,1146,2,22,1,0,-15.2284,-11.0079,4,0.368746,-0.0222836,0.089,1
1260,1146,2,22,2,1,-16.0364,-9.83992,3,-0.0119096,-0.283809,0.089,1
1260,1146,2,22,3,1,-16.2871,-11.7649,3,0.49269,-0.223008,0.089,1
1260,1147,2,19,0,-1,5.64824,4.56072,1,0.382466,0.509557,0.09,1
1260,1147,2,19,1,0,6.6766,4.59229,4,0.424723,0.168419,0.09,1
1260,1147,2,19,2,1,5.65279,5.62039,3,0.566822,0.258917,0.09,1
1260,1159,25,20,0,-1,3.80294,4.95009,1,0.103827,0.348217,0.114,1
1260,1159,25,20,1,0,4.92986,4.39371,1,0.222893,0.549911,0.114,1
1260,1159,25,20,2,0,3.88956,6.01373,4,-0.0192651,0.380577,0.114,1
1260,1159,25,20,3,2,2.78185,5.07904,3,0.0976271,0.26581,0.114,1
1260,1159,25,20,4,2,4.87785,5.1623,3,0.109316,0.52379,0.114,1
1260,1159,25,20,5,3,2.28857,5.87432,3,-0.0880614,0.127989,0.114,1
1260,1168,2,20,0,-1,11.4483,-4.79386,1,-0.126566,-0.815307,0.089,1
1260,1168,2,20,1,0,12.0373,-5.67134,4,0.359086,-0.49614,0.089,1
1260,1168,2,20,2,1,12.5686,-4.32078,3,0.349103,-0.45179,0.089,1
1260,1168,2,20,3,1,10.7183,-5.32701,3,0.156467,-1.23556,0.089,1
1260,1192,25,21,0,-1,3.24693,4.38315,1,0.175453,0.27267,0.113,0
1260,1192,25,21,1,0,4.35878,3.83248,1,0.266519,0.490288,0.113,0
1260,1192,25,21,2,0,3.3247,5.46734,4,0.0266264,0.273889,0.113,0
1260,1192,25,21,3,2,2.1526,4.59503,3,0.289391,-0.0627303,0.113,0
1260,1192,25,21,4,2,4.29652,4.5859,3,0.186179,0.443893,0.113,0
1260,1212,2,25,0,-1,-18.7069,12.735,1,0.00470686,0.0280189,0.086,1
1260,1212,2,25,1,0,-17.8879,13.3858,4,0.0454768,-0.0222134,0.086,1
1260,1212,2,25,2,1,-19.3087,13.6227,3,0.0619902,0.0710099,0.086,1
1260,1224,2,23,0,-1,-1.40342,-17.3578,1,0.477823,0.414789,0.09,1
1260,1224,2,23,1,0,-0.530587,-16.7675,4,0.868852,-0.0212697,0.09,1
1260,1224,2,23,2,1,-1.88021,-16.3966,3,1.05928,0.483651,0.09,1
1260,1224,2,23,3,1,-1.0159,-18.0209,3,0.403689,0.224015,0.09,1
1260,1239,2,25,0,-1,-7.65098,11.405,1,0.264339,0.142514,0.088,0
1260,1239,2,25,1,0,-8.28437,12.2428,4,0.184167,0.0775604,0.088,0
1260,1240,2,21,0,-1,8.40048,17.5847,1,-0.249391,-0.356126,0.09,1
1260,1240,2,21,1,0,7.50527,17.0348,8,-0.336737,-0.214111,0.09,1
1260,1240,2,21,2,1,8.86632,16.5733,3,-0.409604,-0.429521,0.09,1
1260,1240,2,21,3,1,7.98513,18.3169,3,-0.132752,-0.290322,0.09,1
1260,1246,2,20,0,-1,11.9083,13.5039,1,-0.544216,0.131067,0.09,1
1260,1246,2,20,1,0,11.0553,12.9254,4,-0.341932,-0.139824,0.09,1
1260,1246,2,20,2,1,12.4462,12.5096,3,-0.190297,0.368969,0.09,1
1260,1246,2,20,3,1,11.5208,14.1991,3,-0.723869,0.016449,0.09,1
1260,1248,2,25,0,-1,9.50206,-6.42475,1,-0.469176,0.572816,0.091,1
1260,1248,2,25,1,0,8.52387,-6.14331,4,-0.683334,0.28581,0.091,1
1260,1248,2,25,2,1,9.10406,-7.41306,3,-0.103718,0.599234,0.091,1
1260,1248,2,25,3,1,9.73689,-5.51694,3,-1.02844,0.804622,0.091,1
1260,1255,2,21,0,-1,11.1028,13.7018,1,-0.611468,-0.107919,0.091,0
1260,1255,2,21,1,0,10.9225,14.7516,4,-1.01684,-0.188622,0.091,0
1260,1258,2,24,0,-1,-4.4771,-11.7141,1,-0.278192,-0.16087,0.089,1
1260,1258,2,24,1,0,-5.47168,-11.3457,4,-0.17956,0.190942,0.089,1
1260,1258,2,24,2,1,-5.06255,-12.7525,3,-0.509606,0.106715,0.089,1
1260,1258,2,24,3,1,-4.22655,-10.8701,3,0.00876591,-0.343684,0.089,1
1260,1261,2,26,0,-1,11.0226,-7.24379,1,0.478117,0.459624,0.09,1
1260,1261,2,26,1,0,10.9877,-8.30975,4,-0.650675,-0.0291666,0.09,1
1260,1261,2,26,2,1,11.7808,-7.20396,3,0.222354,-0.755755,0.09,1
1260,1261,2,26,3,1,9.94214,-7.44022,3,-0.460471,-0.5373,0.09,1
1260,1269,2,25,0,-1,-15.0387,-8.9645,1,-0.0493924,-0.0232177,0.088,1
1260,1269,2,25,1,0,-15.2751,-10.1924,4,0.115058,-0.041846,0.088,1
1260,1269,2,25,2,1,-13.977,-9.52202,3,0.0172788,0.153236,0.088,1
1260,1269,2,25,3,1,-16.109,-9.12233,3,-0.0244775,-0.175666,0.088,1
1260,1278,2,24,0,-1,-15.3895,-15.8064,1,-0.0452334,-0.372936,0.089,1
1260,1278,2,24,1,0,-15.3567,-16.8522,4,0.214206,-0.417099,0.089,1
1260,1278,2,24,2,1,-14.3951,-15.7954,3,0.104944,-0.343564,0.089,1
1260,1278,2,24,3,1,-16.2247,-15.8519,3,-0.102451,-0.728412,0.089,1
1260,1286,2,26,0,-1,-14.2576,-8.76802,1,-0.0631891,0.0216224,0.088,0
1260,1286,2,26,1,0,-14.5162,-10.0017,4,0.0994804,-0.0335928,0.088,0
1260,1286,2,26,2,1,-13.185,-9.40969,3,0.0971818,-0.0668513,0.088,0
1260,1287,2,25,0,-1,-17.7938,-12.1863,1,0.0753161,-0.395431,0.09,1
1260,1287,2,25,1,0,-16.8559,-12.6467,4,0.167269,-0.256107,0.09,1
1260,1287,2,25,2,1,-17.3024,-11.2894,3,0.270286,-0.225953,0.09,1
1260,1287,2,25,3,1,-18.1578,-12.8951,3,0.22997,-0.547187,0.09,1
1260,1291,2,25,0,-1,-7.16381,-8.26404,1,0.667034,0.125727,0.09,1
1260,1291,2,25,1,0,-6.18418,-7.84009,4,0.56498,0.374186,0.09,1
1260,1291,2,25,2,1,-7.38855,-6.8608,3,0.154041,-0.140947,0.09,1
1260,1291,2,25,3,1,-6.58413,-9.10211,3,1.09187,0.204422,0.09,1
1260,1293,2,21,0,-1,14.1059,16.5215,1,0.118849,0.260707,0.089,1
1260,1293,2,21,1,0,14.2734,17.6063,4,-0.276652,0.385416,0.089,1
1260,1293,2,21,2,1,13.1089,16.7906,3,0.163039,-0.135092,0.089,1
1260,1293,2,21,3,1,15.1556,16.5812,3,0.123197,0.772574,0.089,1
1260,1296,2,22,0,-1,13.5243,15.8939,1,-0.117052,0.407045,0.088,0
1260,1296,2,22,1,0,12.5032,16.2105,4,-0.0976242,0.615955,0.088,0
1260,1296,2,22,2,1,12.6798,14.7735,3,-0.134523,0.682926,0.088,0
1260,1297,2,25,0,-1,-4.17152,-14.2506,1,-0.380844,0.0990378,0.09,1
1260,1297,2,25,1,0,-5.04525,-14.8939,0,-0.342291,-0.0920889,0.09,1
1260,1297,2,25,2,1,-3.62733,-15.2135,3,-0.402531,0.172112,0.09,1
1260,1297,2,25,3,1,-4.67819,-13.6283,3,-0.398291,-0.104461,0.09,1
1260,1299,2,20,0,-1,4.7043,0.0232203,1,-0.327409,-0.36435,0.091,1
1260,1299,2,20,1,0,3.65885,0.0118154,4,-0.493158,-0.0151768,0.091,1
1260,1299,2,20,2,1,4.16321,-1.38026,3,-1.03747,-0.0642433,0.091,1
1260,1299,2,20,3,1,4.71046,1.03479,3,-0.260433,-0.378406,0.091,1
1260,1300,2,23,0,-1,-17.015,-10.1756,1,0.43113,-0.331322,0.088,0
1260,1300,2,23,1,0,-17.9496,-9.31891,4,0.281508,-0.522111,0.088,0
1260,1303,2,26,0,-1,-12.1333,12.9942,1,0.0480785,-0.00234133,0.085,1
1260,1303,2,26,1,0,-11.2373,12.4563,4,0.0334301,-0.0260882,0.085,1
1260,1303,2,26,2,1,-11.5217,13.8704,3,0.0599021,-0.0210758,0.085,1
1260,1304,2,26,0,-1,-7.8625,-7.8462,1,0.294422,-0.438586,0.09,0
1260,1305,2,24,0,-1,-2.80294,-16.5979,1,-0.137092,0.748983,0.089,1
1260,1305,2,24,1,0,-3.39438,-15.7925,4,0.0527156,0.995727,0.089,1
1260,1305,2,24,2,1,-4.2418,-17.016,3,0.440096,0.829871,0.089,1
1260,1305,2,24,3,1,-2.04914,-15.9624,3,0.0307867,-0.384421,0.089,1
1260,1308,2,26,0,-1,-9.14169,-5.10809,1,0.483826,-0.185118,0.091,1
1260,1308,2,26,1,0,-8.50991,-5.94563,4,0.133995,-0.47562,0.091,1
1260,1308,2,26,2,1,-8.03974,-4.55837,3,0.704105,-0.667733,0.091,1
1260,1308,2,26,3,1,-9.88401,-6.04462,3,0.104817,0.0176037,0.091,1
1260,1309,2,26,0,-1,-4.39466,-14.977,1,-0.284976,0.056155,0.091,0
1260,1309,2,26,1,0,-4.18941,-15.9803,0,-1.15387,-0.343293,0.091,0
1260,1310,2,27,0,-1,-12.7365,12.4684,1,0.00910321,0.0435923,0.084,0
1260,1310,2,27,1,0,-12.784,11.4244,4,-0.00947722,0.044693,0.084,0
1260,1313,2,27,0,-1,-9.83445,-5.38463,1,0.42585,-0.0317798,0.092,0
1260,1313,2,27,1,0,-9.25196,-6.31927,4,0.0729321,-0.238407,0.092,0
1260,1313,2,27,2,1,-8.3585,-5.21801,3,0.402636,-0.51384,0.092,0
1260,1315,25,19,0,-1,-14.2687,16.4609,1,0.0511554,0.255006,0.116,0
1260,1315,25,19,1,0,-14.6833,17.6167,1,-0.0630154,0.20801,0.116,0
1260,1316,2,25,0,-1,-5.20607,-12.0244,1,-0.334999,0.0709139,0.088,0
1260,1316,2,25,1,0,-5.71127,-12.9413,4,-0.429538,0.115786,0.088,0
1260,1316,2,25,2,1,-4.25583,-12.6733,3,-0.42997,0.018036,0.088,0
1260,1318,2,25,0,-1,-14.9948,-15.1041,1,-0.286766,-0.21967,0.089,0
1260,1318,2,25,1,0,-13.9705,-14.8816,4,-0.398621,0.32709,0.089,0
1260,1319,2,26,0,-1,-17.5478,-15.5144,1,0.0201009,-0.611231,0.091,1
1260,1319,2,26,1,0,-16.9105,-16.3467,4,-0.0502883,-0.67139,0.091,1
1260,1319,2,26,2,1,-16.548,-14.9706,3,0.122017,-0.701058,0.091,1
1260,1319,2,26,3,1,-18.201,-16.0299,3,-0.055396,-0.756189,0.091,1
1260,1321,2,21,0,-1,5.65015,-0.662902,1,-0.0515647,-0.476844,0.092,1
1260,1321,2,21,1,0,5.53787,0.324821,4,0.45728,-0.296267,0.092,1
1260,1321,2,21,2,1,4.76515,-0.855926,3,-0.241116,-0.460684,0.092,1
1260,1321,2,21,3,1,6.49468,-1.19905,3,-0.201003,-0.179996,0.092,1
1260,1324,2,21,0,-1,11.9737,-4.21519,1,-0.591538,-0.498646,0.088,0
1290,1085,2,24,0,-1,-6.43011,5.01276,1,0.0699371,-0.876431,0.087,1
1290,1085,2,24,1,0,-5.59382,4.35904,4,0.511313,-0.326049,0.087,1
1290,1085,2,24,2,1,-5.54856,5.80926,3,-0.411941,-0.28992,0.087,1
1290,1085,2,24,3,1,-6.83355,3.91336,3,0.822559,-1.21417,0.087,1
1290,1146,2,22,0,-1,-9.78817,-7.15956,1,-0.364467,-0.367848,0.089,1
1290,1146,2,22,1,0,-9.89724,-8.41353,4,0.1034,-0.408809,0.089,1
1290,1146,2,22,2,1,-8.70109,-7.60901,3,-0.0856662,-0.119368,0.089,1
1290,1146,2,22,3,1,-10.6772,-7.36329,3,-0.336408,-0.713857,0.089,1
1290,1147,2,19,0,-1,10.4435,1.7832,1,0.0840788,-0.258438,0.09,1
1290,1147,2,19,1,0,9.396,1.84428,4,0.11864,0.208582,0.09,1
1290,1147,2,19,2,1,10.2783,0.698771,3,-0.312437,-0.122877,0.09,1
1290,1159,25,20,0,-1,8.25684,14.9653,1,0.305959,0.193672,0.114,1
1290,1159,25,20,1,0,8.88181,13.831,1,0.188238,0.117087,0.114,1
1290,1159,25,20,2,0,9.07754,15.7628,4,0.429506,0.0568762,0.114,1
1290,1159,25,20,3,2,7.73759,16.1353,3,0.554508,0.296284,0.114,1
1290,1159,25,20,4,2,9.13142,14.4819,3,0.365849,0.0624329,0.114,1
1290,1159,25,20,5,3,8.08517,17.025,3,0.907984,0.167806,0.114,1
1290,1168,2,20,0,-1,19.7243,-13.1954,1,0.227779,-0.1916,0.089,1
1290,1168,2,20,1,0,20.3876,-14.013,4,0.0581022,-0.321148,0.089,1
1290,1168,2,20,2,1,20.7315,-12.6149,3,0.427371,-0.401522,0.089,1
1290,1168,2,20,3,1,19.0511,-13.7124,3,0.113073,-0.058424,0.089,1
1290,1192,25,21,0,-1,-0.853888,8.96587,1,-0.167143,-0.0235757,0.113,1
1290,1192,25,21,1,0,-1.27964,10.1289,1,-0.115896,-0.00219719,0.113,1
1290,1192,25,21,2,0,-1.66257,8.23438,4,-0.212396,0.00914325,0.113,1
1290,1192,25,21,3,2,-0.225023,8.05777,3,-0.234952,-0.0863362,0.113,1
1290,1192,25,21,4,2,-1.70182,9.53327,3,-0.134377,0.00775816,0.113,1
1290,1192,25,21,5,3,-0.480716,7.14364,3,-0.340188,-0.0505359,0.113,1
1290,1224,2,23,0,-1,0.292112,-22.3347,1,-0.500952,0.283889,0.09,1
1290,1224,2,23,1,0,-0.752458,-22.1812,4,-0.559929,-0.086535,0.09,1
1290,1224,2,23,2,1,-0.0369833,-23.4367,3,-0.1118,0.169253,0.09,1
1290,1224,2,23,3,1,0.350586,-21.455,3,-0.776099,0.240602,0.09,1
1290,1239,2,25,0,-1,-6.56882,11.9415,1,0.38164,-0.16085,0.088,1
1290,1239,2,25,1,0,-5.58075,11.5711,4,0.422647,-0.0574179,0.088,1
1290,1239,2,25,2,1,-6.04062,12.938,3,0.29918,-0.100068,0.088,1
1290,1239,2,25,3,1,-6.68147,10.8616,3,0.412758,-0.0358073,0.088,1
1290,1240,2,21,0,-1,7.83584,21.2758,1,0.340675,-0.267818,0.09,1
1290,1240,2,21,1,0,8.33036,20.3489,8,0.193198,-0.346592,0.09,1
1290,1240,2,21,2,1,8.87343,21.6795,3,0.405028,-0.432909,0.09,1
1290,1240,2,21,3,1,7.0798,20.9059,3,0.281719,-0.147525,0.09,1
1290,1246,2,20,0,-1,17.532,6.60193,1,0.0597984,-0.623869,0.09,1
1290,1246,2,20,1,0,16.974,5.69931,4,-0.0456679,-0.547433,0.09,1
1290,1246,2,20,2,1,18.4066,5.81757,3,-0.0366254,-0.638128,0.09,1
1290,1246,2,20,3,1,16.6947,6.98549,3,0.117236,-0.513313,0.09,1
1290,1248,2,25,0,-1,-0.412697,-2.68806,1,0.303692,0.421175,0.091,1
1290,1248,2,25,1,0,-0.809734,-1.69848,4,0.288436,0.433999,0.091,1
1290,1248,2,25,2,1,-1.79593,-2.65036,3,0.112132,0.622236,0.091,1
1290,1248,2,25,3,1,0.33341,-2.44384,3,0.267466,0.410837,0.091,1
1290,1255,2,21,0,-1,4.36568,6.80406,1,-0.455181,0.0287149,0.091,1
1290,1255,2,21,1,0,3.34475,6.53033,4,-0.549724,0.282559,0.091,1
1290,1255,2,21,2,1,4.48509,5.63506,3,-0.76153,0.0264499,0.091,1
1290,1255,2,21,3,1,4.13437,7.60281,3,-0.392888,0.147478,0.091,1
1290,1261,2,26,0,-1,-0.681144,-7.2805,1,-0.48219,0.162408,0.09,1
1290,1261,2,26,1,0,-0.928387,-6.25184,4,-0.293616,0.193135,0.09,1
1290,1261,2,26,2,1,-1.73359,-7.33507,3,-0.423791,0.263567,0.09,1
1290,1261,2,26,3,1,0.11965,-7.11335,3,-0.441414,-0.0254869,0.09,1
1290,1269,2,25,0,-1,-10.8015,-4.62142,1,0.0988398,-0.114481,0.088,1
1290,1269,2,25,1,0,-10.8696,-5.87895,4,-0.210611,-0.111364,0.088,1
1290,1269,2,25,2,1,-9.68929,-5.05797,3,0.0960971,-0.53915,0.088,1
1290,1269,2,25,3,1,-11.7296,-4.84026,3,-0.125322,-0.0431851,0.088,1
1290,1286,2,26,0,-1,-13.8359,-9.4723,1,0.224313,-0.0183325,0.088,1
1290,1286,2,26,1,0,-14.6106,-10.5012,4,0.0251772,0.00909389,0.088,1
1290,1286,2,26,2,1,-13.1883,-10.7256,3,-0.0919527,-0.301253,0.088,1
1290,1286,2,26,3,1,-14.8389,-9.19116,3,-0.0809257,-0.0734459,0.088,1
1290,1291,2,25,0,-1,-6.74905,-10.4649,1,-0.00192035,-0.362283,0.09,1
1290,1291,2,25,1,0,-6.29575,-11.4225,4,-0.254076,-0.470508,0.09,1
1290,1291,2,25,2,1,-5.55877,-10.0851,3,0.131183,-0.669936,0.09,1
1290,1291,2,25,3,1,-7.48941,-10.8376,3,-0.121196,-0.168994,0.09,1
1290,1299,2,20,0,-1,-2.29596,-11.3252,1,-0.539651,-0.0332258,0.091,1
1290,1299,2,20,1,0,-2.85497,-10.4327,4,-0.219643,0.158123,0.091,1
1290,1299,2,20,2,1,-3.37873,-11.7769,3,-0.462937,0.256535,0.091,1
1290,1299,2,20,3,1,-1.4505,-10.8399,3,-0.430972,-0.527412,0.091,1
1290,1300,2,23,0,-1,-12.9277,-11.7111,1,-0.169526,-0.392908,0.088,1
1290,1300,2,23,1,0,-13.5452,-12.8119,4,-0.0195166,-0.440459,0.088,1
1290,1300,2,23,2,1,-12.1144,-12.6301,3,-0.0192845,-0.30465,0.088,1
1290,1300,2,23,3,1,-13.96,-11.5729,3,-0.212407,-0.483706,0.088,1
1290,1303,2,26,0,-1,-8.73754,9.461,1,0.747396,-0.354396,0.085,1
1290,1303,2,26,1,0,-9.71817,9.08609,4,0.534984,0.178934,0.085,1
1290,1303,2,26,2,1,-8.48612,8.31934,3,0.176664,-0.363635,0.085,1
1290,1304,2,26,0,-1,-7.36496,-9.9373,1,-0.249846,-0.657242,0.09,0
1290,1305,2,24,0,-1,-2.46007,-15.2319,1,-0.736498,-0.253938,0.089,1
1290,1305,2,24,1,0,-3.45173,-15.6776,4,-0.594447,-0.422788,0.089,1
1290,1305,2,24,2,1,-2.16867,-16.2763,3,-0.404736,-0.150713,0.089,1
1290,1305,2,24,3,1,-3.1738,-14.392,3,-0.747487,-0.388596,0.089,1
1290,1308,2,26,0,-1,-16.7792,-9.90125,1,-0.0626125,-0.27047,0.091,1
1290,1308,2,26,1,0,-16.4477,-10.8883,4,0.00446411,-0.303873,0.091,1
1290,1308,2,26,2,1,-15.674,-9.68526,3,0.129446,-0.412894,0.091,1
1290,1308,2,26,3,1,-17.5756,-10.1345,3,-0.117887,-0.50986,0.091,1
1290,1310,2,27,0,-1,-13.7368,12.0409,1,0.00133586,0.00345641,0.084,1
1290,1310,2,27,1,0,-12.8345,12.5681,4,0.00081656,0.004253,0.084,1
1290,1310,2,27,2,1,-14.2115,12.9976,7,0.000298048,0.0026423,0.084,1
1290,1313,2,27,0,-1,-14.9198,-0.153871,1,-0.109122,0.214706,0.092,1
1290,1313,2,27,1,0,-14.8832,0.891674,4,-0.151843,0.216701,0.092,1
1290,1313,2,27,3,1,-14.0988,-0.185353,3,-0.0772437,0.271792,0.092,1
1290,1321,2,21,0,-1,5.49811,-0.0891953,1,0.0186609,0.0334751,0.092,1
1290,1324,2,21,0,-1,10.0769,-6.06504,1,0.441854,0.0463313,0.088,1
1290,1324,2,21,1,0,11.022,-5.61865,4,0.601195,0.045427,0.088,1
1290,1324,2,21,2,1,9.91353,-4.66237,3,0.41813,-0.384238,0.088,1
1290,1324,2,21,3,1,10.5337,-6.92832,3,0.549949,0.203416,0.088,1
1290,1326,2,27,0,-1,13.0323,-9.38047,1,0.0960715,0.132112,0.091,1
1290,1326,2,27,1,0,13.8963,-8.76173,4,0.237854,-0.10531,0.091,1
1290,1326,2,27,2,1,12.6113,-8.32896,3,0.291484,0.134137,0.091,1
1290,1326,2,27,3,1,13.5791,-10.049,3,-0.0621176,-0.0174803,0.091,1
1290,1327,25,22,0,-1,-0.975684,8.19444,1,-0.232235,-0.00712626,0.112,0
1290,1327,25,22,1,0,-2.06419,8.81285,1,-0.219138,0.019702,0.112,0
1290,1327,25,22,2,0,-1.30883,7.20508,4,-0.284572,0.0113645,0.112,0
1290,1328,2,20,0,-1,10.8544,2.47436,1,0.356154,-0.426946,0.09,0
1290,1329,2,25,0,-1,11.3679,-7.24853,1,0.755319,0.208566,0.089,1
1290,1329,2,25,1,0,12.3882,-7.0035,4,0.741847,0.125949,0.089,1
1290,1329,2,25,2,1,11.1328,-6.31245,3,0.835067,0.31554,0.089,1
1290,1329,2,25,3,1,11.543,-8.01821,3,1.00519,-0.135661,0.089,1
1290,1330,2,24,0,-1,2.89172,-19.8329,1,0.271163,-0.210328,0.091,1
1290,1330,2,24,1,0,3.7516,-20.4134,4,0.194144,-0.32669,0.091,1
1290,1330,2,24,2,1,3.59821,-18.986,3,0.396793,-0.302726,0.091,1
1290,1330,2,24,3,1,2.38501,-20.4659,3,0.189238,-0.156479,0.091,1
1290,1331,2,21,0,-1,0.471465,4.05008,1,-0.4034,0.48184,0.09,1
1290,1331,2,21,1,0,0.277264,5.07703,4,-0.415999,0.406788,0.09,1
1290,1331,2,21,2,1,-0.591157,3.92632,3,-0.357977,0.28732,0.09,1
1290,1331,2,21,3,1,1.61305,4.4155,3,-0.322495,0.458158,0.09,1
1290,1332,2,26,0,-1,0.690676,-6.06857,1,-0.308291,0.0261261,0.092,1
1290,1332,2,26,1,0,-0.265333,-6.49427,4,-0.347211,0.106375,0.092,1
1290,1332,2,26,2,1,0.936593,-7.11541,3,-0.429214,-0.0228647,0.092,1
1290,1332,2,26,3,1,0.199962,-5.33315,3,-0.236794,0.0617096,0.092,1
1290,1333,2,28,0,-1,12.5461,-10.0352,1,0.0447639,0.210579,0.092,0
1290,1333,2,28,1,0,11.6727,-9.44901,4,0.329835,0.61103,0.092,0
1290,1333,2,28,2,1,11.7404,-10.8066,3,0.0478268,0.630597,0.092,0
1290,1334,25,21,0,-1,8.41622,13.9925,1,0.274683,0.118626,0.113,1
1290,1334,25,21,1,0,8.01175,12.8289,1,0.328914,0.107621,0.113,1
1290,1334,25,21,2,0,9.55987,13.9115,4,0.293654,0.0523998,0.113,1
1290,1334,25,21,3,2,8.76455,15.1049,3,0.414826,0.0834224,0.113,1
1290,1334,25,21,4,2,8.81707,12.8627,3,0.257815,0.0915504,0.113,1
1290,1334,25,21,5,3,9.65234,15.4139,3,0.464319,0.00551981,0.113,1
1290,1336,2,21,0,-1,19.0176,-12.8113,1,0.183295,-0.282336,0.088,0
1290,1336,2,21,1,0,19.2239,-11.7857,4,-0.00158831,-0.245565,0.088,0
1290,1337,2,26,0,-1,0.280497,-10.0553,1,-0.44435,0.00675851,0.089,1
1290,1337,2,26,1,0,-0.776874,-9.96417,4,-0.429221,0.17201,0.089,1
1290,1337,2,26,2,1,-0.0203155,-11.1799,3,-0.65135,0.029809,0.089,1
1290,1337,2,26,3,1,0.307262,-9.20501,3,-0.327258,0.0287376,0.089,1
1290,1338,2,25,0,-1,3.06906,-20.6299,1,0.154814,-0.235648,0.09,0
1290,1339,2,27,0,-1,-0.141678,-7.88692,1,-0.562849,0.0872973,0.089,0
1290,1340,2,22,0,-1,9.70938,-5.36321,1,-0.21343,-0.305402,0.087,0
1290,1340,2,22,1,0,8.84945,-4.76041,4,-0.181273,-0.297012,0.087,0
1290,1341,2,28,0,-1,-14.6308,8.83782,1,-0.00444798,-0.00137507,0.084,1
1290,1341,2,28,1,0,-15.4459,8.18388,4,-0.000106618,-0.00734397,0.084,1
1290,1341,2,28,2,1,-14.0205,7.96295,7,0.000271884,-0.00636723,0.084,1
1290,1342,2,22,0,-1,5.01534,6.33347,1,-0.528101,-0.120812,0.09,0
1290,1342,2,22,1,0,3.98646,6.10388,4,-0.578759,0.115853,0.09,0
1290,1342,2,22,2,1,5.06766,5.13264,3,-0.627731,0.0508106,0.09,0
1290,1343,2,27,0,-1,1.08103,-9.93305,1,-0.412852,-0.20241,0.09,0
1290,1345,2,25,0,-1,-1.63607,-15.5932,1,-0.224637,-0.869649,0.09,1
1290,1345,2,25,1,0,-1.47399,-16.6625,4,-0.13691,-0.920133,0.09,1
1290,1345,2,25,2,1,-0.236291,-15.9472,3,-0.261665,-0.779466,0.09,1
1290,1345,2,25,3,1,-2.7949,-16.4505,3,-0.275464,-0.713589,0.09,1
1290,1346,2,24,0,-1,-4.46799,-18.3762,1,0.147927,0.0591884,0.091,1
1290,1346,2,24,1,0,-3.9755,-17.3813,4,-0.0207726,0.224131,0.091,1
1290,1346,2,24,2,1,-5.40029,-17.5175,3,0.0437543,0.18941,0.091,1
1290,1346,2,24,3,1,-3.68343,-18.6468,3,-0.0191688,0.31062,0.091,1
1290,1347,2,21,0,-1,-1.07189,-2.48599,1,0.270568,0.445786,0.09,1
1290,1347,2,21,1,0,-0.188388,-1.91207,4,0.287863,0.437181,0.09,1
1290,1347,2,21,2,1,-1.62871,-1.72088,3,0.291254,0.391614,0.09,1
1290,1347,2,21,3,1,-0.662226,-3.30742,3,0.171539,0.466916,0.09,1
1290,1348,2,26,0,-1,0.111916,-3.31631,1,0.209502,0.321683,0.09,0
1290,1348,2,26,1,0,-0.588258,-4.10764,4,0.194361,0.366259,0.09,0
1290,1349,2,29,0,-1,-14.6687,9.63688,1,0.00118559,-0.000606256,0.084,0
1290,1350,2,26,0,-1,-7.31341,11.6249,1,0.220765,0.203791,0.087,0
1290,1350,2,26,1,0,-7.94882,10.9109,4,0.341552,0.0987042,0.087,0
1290,1351,2,27,0,-1,-13.8977,-8.63808,1,0.0889928,0.00313396,0.087,0
1290,1351,2,27,1,0,-12.6301,-8.50674,4,0.154719,-0.758941,0.087,0
1290,1351,2,27,2,1,-13.3811,-7.27487,3,0.946808,-0.268415,0.087,0
1290,1352,2,27,0,-1,-12.6719,9.31804,1,0.179268,-0.1398,0.084,1
1290,1352,2,27,1,0,-12.5836,8.26914,4,-0.758184,-0.122312,0.084,1
1290,1352,2,27,2,1,-11.5982,9.33294,3,-0.169156,-0.578141,0.084,1
1290,1354,2,27,0,-1,-17.1412,-10.6197,1,0.152817,-0.347739,0.091,0
1290,1354,2,27,1,0,-16.9833,-11.6357,4,-0.00190288,-0.386605,0.091,0
1290,1355,2,26,0,-1,8.85492,-8.42615,1,0.342022,-0.0879786,0.088,1
1290,1355,2,26,1,0,9.28737,-9.36928,4,-0.149528,-0.354951,0.088,1
1290,1355,2,26,2,1,10.0373,-8.07471,3,0.512247,-0.739787,0.088,1
1290,1355,2,26,3,1,8.04286,-8.84346,3,0.150744,0.336329,0.088,1
1290,1356,2,25,0,-1,-4.59347,-19.2393,1,-0.700061,0.208071,0.092,0
1290,1356,2,25,1,0,-3.8085,-19.8139,4,-0.650914,0.155063,0.092,0
1290,1356,2,25,2,1,-5.20254,-19.0912,3,-0.467648,0.400924,0.092,0
1290,1358,2,26,0,-1,-10.8621,-3.81773,1,-0.193371,-0.128462,0.089,0
1290,1359,2,22,0,-1,1.22602,3.52994,1,-0.082353,0.617616,0.09,1
1290,1359,2,22,1,0,2.23755,3.75962,4,-0.0406237,0.377968,0.09,1
1290,1359,2,22,2,1,1.05644,4.63762,3,-0.231874,0.263104,0.09,1
1290,1359,2,22,3,1,1.22238,2.71722,3,0.348066,0.0434876,0.09,1
1290,1360,2,25,0,-1,-5.40972,7.36841,1,0.278367,0.703471,0.088,1
1290,1360,2,25,1,0,-4.46756,7.83881,4,0.92343,-0.383623,0.088,1
1290,1360,2,25,2,1,-5.77807,8.42867,3,1.31583,0.285564,0.088,1
1290,1360,2,25,3,1,-4.85384,6.54113,3,-0.670706,0.183451,0.088,1
1290,1361,2,24,0,-1,-12.3507,-11.1485,1,0.00460273,-0.605381,0.089,0
1290,1361,2,24,1,0,-12.5206,-9.90817,4,-0.0276022,-0.62,0.089,0
1290,1362,2,27,0,-1,9.61975,-8.69254,1,0.156303,-0.72585,0.088,0
1290,1363,2,28,0,-1,-13.4649,9.39056,1,0.253025,-0.0469032,0.085,0
1320,1085,2,24,0,-1,1.95807,0.442303,1,0.198488,-0.0197732,0.087,1
1320,1085,2,24,1,0,1.86663,1.54059,4,0.0239183,0.231523,0.087,1
1320,1085,2,24,2,1,0.732011,0.626888,3,0.163521,0.153359,0.087,1
1320,1085,2,24,3,1,3.12244,1.0783,3,0.125588,0.237934,0.087,1
1320,1146,2,22,0,-1,-10.5641,-13.7107,1,-0.243822,-0.354438,0.089,1
1320,1146,2,22,1,0,-10.6293,-14.9512,4,-0.455214,-0.285704,0.089,1
1320,1146,2,22,2,1,-9.33209,-14.2792,3,-0.258738,-0.258041,0.089,1
1320,1146,2,22,3,1,-11.4255,-13.8939,3,-0.541868,-0.326622,0.089,1
1320,1239,2,25,0,-1,-7.23938,12.8138,1,-0.243075,0.588021,0.088,1
1320,1239,2,25,1,0,-8.06158,13.472,4,-0.00953999,0.861156,0.088,1
1320,1239,2,25,2,1,-8.01444,12.0367,3,-0.465082,0.829543,0.088,1
1320,1239,2,25,3,1,-6.77308,13.7521,3,0.0878601,0.447228,0.088,1
1320,1248,2,25,0,-1,11.8741,6.51573,1,0.0754575,0.546523,0.091,1
1320,1248,2,25,1,0,11.074,7.20158,4,-0.0173728,0.42513,0.091,1
1320,1248,2,25,2,1,10.7361,5.86547,3,0.141015,0.412576,0.091,1
1320,1248,2,25,3,1,12.4388,7.11136,3,-0.0067941,0.509824,0.091,1
1320,1255,2,21,0,-1,4.84785,12.1378,1,0.539992,0.265607,0.091,1
1320,1255,2,21,1,0,5.86742,12.4052,4,0.665158,-0.220152,0.091,1
1320,1255,2,21,2,1,4.731,13.2783,3,1.11594,0.402413,0.091,1
1320,1255,2,21,3,1,5.08321,11.326,3,0.167092,0.133545,0.091,1
1320,1269,2,25,0,-1,-9.27844,-6.08951,1,0.103233,0.320521,0.088,1
1320,1269,2,25,1,0,-8.93988,-4.87683,4,0.147645,0.307962,0.088,1
1320,1269,2,25,2,1,-10.285,-5.38594,3,0.148201,0.306211,0.088,1
1320,1269,2,25,3,1,-8.31494,-6.07037,3,0.0786897,0.274942,0.088,1
1320,1291,2,25,0,-1,-10.7255,-8.60115,1,0.361104,0.575965,0.09,1
1320,1291,2,25,1,0,-11.0366,-7.58764,4,-0.150208,0.421854,0.09,1
1320,1291,2,25,2,1,-12.0199,-8.78334,3,0.227646,0.0925714,0.09,1
1320,1291,2,25,3,1,-9.86939,-8.21599,3,0.277563,1.18617,0.09,1
1320,1300,2,23,0,-1,-11.5785,-21.7169,1,-0.39291,0.151458,0.088,1
1320,1300,2,23,1,0,-12.8115,-21.4675,4,-0.421473,0.00331125,0.088,1
1320,1300,2,23,2,1,-12.2141,-22.7722,3,-0.303874,0.0644356,0.088,1
1320,1300,2,23,3,1,-11.6851,-20.7919,3,-0.473212,0.103255,0.088,1
1320,1303,2,26,0,-1,-8.08205,11.1601,1,-0.248135,0.595938,0.085,1
1320,1303,2,26,1,0,-8.74028,11.9797,4,-0.309299,0.596702,0.085,1
1320,1303,2,26,2,1,-9.02442,10.5731,3,-0.35391,0.6264,0.085,1
1320,1304,2,26,0,-1,-7.807,-20.4641,1,0.36221,-0.0253994,0.09,1
1320,1304,2,26,1,0,-6.95523,-19.8698,4,0.240011,0.129951,0.09,1
1320,1304,2,26,2,1,-8.43357,-19.4206,3,0.151049,-0.150878,0.09,1
1320,1304,2,26,3,1,-7.3697,-21.1692,3,0.470987,0.0507444,0.09,1
1320,1305,2,24,0,-1,-2.34604,-8.75183,1,-0.350074,0.327292,0.089,1
1320,1305,2,24,1,0,-3.37422,-8.51674,4,-0.347707,0.51408,0.089,1
1320,1305,2,24,2,1,-2.44271,-9.53911,3,-0.714215,0.26585,0.089,1
1320,1305,2,24,3,1,-2.12767,-8.02347,3,-0.213194,0.210374,0.089,1
1320,1308,2,26,0,-1,-15.9203,-20.5076,1,0.228436,-0.301747,0.091,1
1320,1308,2,26,1,0,-15.9497,-21.5557,4,-0.0756245,-0.28022,0.091,1
1320,1308,2,26,3,1,-16.7565,-20.4942,3,0.31597,0.0172032,0.091,1
1320,1329,2,25,0,-1,20.3081,-2.32076,1,-0.016017,-0.231398,0.089,1
1320,1329,2,25,1,0,20.9439,-3.17203,4,-0.0500542,-0.255542,0.089,1
1320,1329,2,25,2,1,21.4386,-1.79108,3,-0.124659,-0.231462,0.089,1
1320,1329,2,25,3,1,19.6592,-2.85815,3,-0.0350861,-0.204981,0.089,1
1320,1331,2,21,0,-1,4.70014,3.29643,1,0.492411,0.0751734,0.09,1
1320,1331,2,21,1,0,4.86024,2.25913,4,-0.098108,-0.0159576,0.09,1
1320,1331,2,21,2,1,5.69984,3.43421,3,0.321478,-0.20725,0.09,1
1320,1331,2,21,3,1,3.74043,3.20626,3,0.27548,0.398876,0.09,1
1320,1333,2,28,0,-1,10.4689,-12.2992,1,0.23057,-0.393444,0.092,1
1320,1333,2,28,1,0,11.5237,-12.3231,4,0.252322,-0.0334003,0.092,1
1320,1333,2,28,2,1,10.5872,-11.3083,3,0.0288732,-0.264756,0.092,1
1320,1333,2,28,3,1,10.4072,-13.1105,3,0.432642,-0.265098,0.092,1
1320,1334,25,21,0,-1,16.8705,12.6695,1,0.177041,-0.173974,0.113,1
1320,1334,25,21,1,0,15.9813,11.8068,1,-0.0402828,0.0483423,0.113,1
1320,1334,25,21,2,0,17.8436,12.2318,4,0.0766507,-0.387543,0.113,1
1320,1334,25,21,3,2,17.3624,13.6101,3,0.188363,-0.367105,0.113,1
1320,1334,25,21,4,2,16.7006,11.6165,3,-0.0841855,-0.0663668,0.113,1
1320,1334,25,21,5,3,18.2811,13.8388,3,0.189455,-0.398723,0.113,1
1320,1342,2,22,0,-1,-4.25858,3.45672,1,0.279704,-0.302211,0.09,1
1320,1342,2,22,1,0,-3.21034,3.52429,4,0.265857,-0.0496671,0.09,1
1320,1342,2,22,2,1,-4.20439,4.56619,3,0.138408,-0.185527,0.09,1
1320,1342,2,22,3,1,-4.18518,2.62274,3,0.479114,-0.296447,0.09,1
1320,1345,2,25,0,-1,4.24304,-14.7149,1,-0.0995506,0.178993,0.09,1
1320,1345,2,25,1,0,3.25259,-14.3583,4,0.0034819,0.455743,0.09,1
1320,1345,2,25,2,1,3.78481,-15.6798,3,-0.28988,0.325222,0.09,1
1320,1345,2,25,3,1,4.51355,-13.926,3,0.123164,0.113962,0.09,1
1320,1346,2,24,0,-1,-2.2027,-10.4892,1,-0.314533,0.453139,0.091,1
1320,1346,2,24,1,0,-3.14251,-10.0588,4,-0.477506,-0.0230295,0.091,1
1320,1346,2,24,2,1,-2.87439,-11.5058,3,0.631925,0.180809,0.091,1
1320,1346,2,24,3,1,-1.83065,-9.68707,3,-0.614636,0.548573,0.091,1
1320,1347,2,21,0,-1,11.6368,5.44585,1,0.648493,0.463397,0.09,1
1320,1347,2,21,1,0,11.1699,6.38651,4,0.340402,0.33239,0.09,1
1320,1347,2,21,2,1,10.572,5.05093,3,0.943122,0.119677,0.09,1
1320,1347,2,21,3,1,12.5128,5.78673,3,0.449033,0.563637,0.09,1
1320,1352,2,27,0,-1,-16.8506,9.94383,1,-0.573638,-0.0928502,0.084,1
1320,1352,2,27,1,0,-17.8833,10.1234,4,-0.512664,0.295181,0.084,1
1320,1352,2,27,2,1,-17.1906,8.85995,3,-1.1746,-0.0773196,0.084,1
1320,1355,2,26,0,-1,3.60904,-12.466,1,0.134995,0.343259,0.088,1
1320,1355,2,26,1,0,4.0663,-11.5204,4,0.0940021,0.36079,0.088,1
1320,1355,2,26,2,1,2.74159,-12.1027,3,0.000421381,0.559314,0.088,1
1320,1355,2,26,3,1,4.35948,-12.8163,3,0.133835,0.36396,0.088,1
1320,1356,2,25,0,-1,-3.15471,-12.3122,1,0.436939,-0.0942315,0.092,1
1320,1356,2,25,1,0,-2.96505,-13.3556,4,-0.285488,-0.247946,0.092,1
1320,1356,2,25,2,1,-2.01757,-12.2757,3,0.563388,-0.968517,0.092,1
1320,1356,2,25,3,1,-3.99873,-12.5176,3,0.0264255,0.0991761,0.092,1
1320,1358,2,26,0,-1,-9.38771,-6.88656,1,0.0706851,0.325264,0.089,0
1320,1359,2,22,0,-1,3.70048,5.44179,1,-0.378673,-0.255408,0.09,1
1320,1359,2,22,1,0,2.69914,5.11602,4,-0.334658,-0.384419,0.09,1
1320,1359,2,22,2,1,3.90177,4.31872,3,-0.305488,-0.331892,0.09,1
1320,1359,2,22,3,1,3.44937,6.36348,3,-0.49387,-0.248432,0.09,1
1320,1360,2,25,0,-1,-9.42452,9.87897,1,-0.15319,0.32682,0.088,1
1320,1360,2,25,1,0,-9.58143,10.9395,4,-0.54794,0.255236,0.088,1
1320,1360,2,25,2,1,-10.6087,9.92541,3,-0.164717,-0.129179,0.088,1
1320,1360,2,25,3,1,-8.34826,10.3936,3,-0.416108,0.547364,0.088,1
1320,1363,2,28,0,-1,-12.8268,12.6783,1,-0.129729,0.0947784,0.085,1
1320,1363,2,28,1,0,-11.8013,12.472,4,-0.0637995,0.186056,0.085,1
1320,1363,2,28,2,1,-12.7531,13.5527,3,0.277806,0.457158,0.085,1
1320,1370,2,26,0,-1,16.0661,4.29472,1,0.0978934,0.547282,0.088,1
1320,1370,2,26,1,0,16.7435,5.10009,4,0.426755,0.276616,0.088,1
1320,1370,2,26,2,1,15.3078,5.13074,3,0.443352,0.81675,0.088,1
1320,1370,2,26,3,1,16.7292,3.76623,3,-0.130475,0.278093,0.088,1
1320,1371,2,29,0,-1,11.0869,-12.8042,1,0.374406,-0.218776,0.092,0
1320,1371,2,29,1,0,11.0954,-11.7456,4,0.1516,-0.233057,0.092,0
1320,1374,2,26,0,-1,1.97392,-13.947,1,0.0843899,0.598999,0.091,1
1320,1374,2,26,1,0,1.29788,-13.1519,4,-0.280717,0.298174,0.091,1
1320,1374,2,26,2,1,1.0863,-14.6181,3,0.365863,0.217476,0.091,1
1320,1374,2,26,3,1,2.63361,-13.2351,3,-0.210277,0.983672,0.091,1
1320,1375,2,27,0,-1,-5.11081,7.62295,1,0.181227,0.245053,0.085,1
1320,1375,2,27,1,0,-4.07014,7.48632,4,0.121248,-0.208027,0.085,1
1320,1375,2,27,2,1,-4.87261,8.68299,3,0.626714,0.134527,0.085,1
1320,1376,2,22,0,-1,8.73307,8.33716,1,0.582295,0.141791,0.091,1
1320,1376,2,22,1,0,9.76327,8.65846,4,0.64211,0.379689,0.091,1
1320,1376,2,22,2,1,8.60241,9.57889,3,0.328701,-0.00734282,0.091,1
1320,1376,2,22,3,1,8.93788,7.46124,3,1.18011,0.0665146,0.091,1
1320,1377,42,25,0,-1,2.65483,0.572115,1,-0.0519332,0.637483,0.112,1
1320,1377,42,25,1,0,2.73021,1.64469,4,-0.144122,0.487944,0.112,1
1320,1377,42,25,2,1,3.34518,2.3618,1,-0.229009,0.558375,0.112,1
1320,1377,42,25,3,1,1.41564,0.974973,3,0.0741236,0.0732244,0.112,1
1320,1377,42,25,4,1,3.76418,0.803652,3,0.131972,0.761999,0.112,1
1320,1378,2,27,0,-1,-7.00279,-20.5962,1,0.391692,0.103373,0.091,0
1320,1381,2,29,0,-1,-14.227,10.8617,1,-0.172527,0.0788004,0.084,1
1320,1381,2,29,1,0,-14.5478,11.8589,4,-0.0132717,0.145608,0.084,1
1320,1381,2,29,2,1,-15.3873,10.6795,3,-0.0321508,0.177601,0.084,1
1320,1383,2,25,0,-1,-3.58768,-16.4508,1,-0.487945,0.0141163,0.089,1
1320,1383,2,25,1,0,-4.65222,-16.5255,4,-0.404666,-0.282595,0.089,1
1320,1383,2,25,2,1,-3.73828,-17.6239,3,-0.1716,-0.0947677,0.089,1
1320,1383,2,25,3,1,-3.8194,-15.4876,3,-0.31782,-0.326085,0.089,1
1320,1384,2,23,0,-1,9.30532,8.88041,1,0.388718,0.0743307,0.09,0
1320,1386,2,26,0,-1,-11.8383,-11.5422,1,0.483359,-0.534731,0.091,1
1320,1386,2,26,1,0,-12.0149,-12.5894,4,-0.283592,-0.392456,0.091,1
1320,1386,2,26,2,1,-10.5723,-12.0341,3,0.0859152,-1.31535,0.091,1
1320,1386,2,26,3,1,-12.8235,-11.5155,3,0.493991,0.218892,0.091,1
1320,1387,2,26,0,-1,21.0864,-2.4331,1,-0.0166526,-0.267757,0.09,0
1320,1388,2,30,0,-1,-13.5421,11.2648,1,-0.167507,-0.0722789,0.085,0
1320,1390,2,23,0,-1,-9.94211,-14.1949,1,0.0291626,0.0446806,0.09,0
1320,1390,2,23,1,0,-8.81047,-13.5984,4,0.0434463,-0.0334996,0.09,0
1320,1390,2,23,2,1,-10.1571,-13.0824,3,-0.117098,-0.653555,0.09,0
1320,1391,2,26,0,-1,-15.026,8.20902,1,-0.426216,-0.115091,0.088,1
1320,1391,2,26,1,0,-15.9381,7.71328,4,-0.370908,-0.212608,0.088,1
1320,1391,2,26,2,1,-14.53,7.29847,3,-0.260762,0.202011,0.088,1
1320,1391,2,26,3,1,-15.6532,8.99501,3,-0.658551,-0.151919,0.088,1
1320,1392,2,27,0,-1,1.15942,-13.8825,1,0.0679482,0.178725,0.09,0
1320,1392,2,27,1,0,0.445115,-13.1062,4,-0.245731,-0.143273,0.09,0
1320,1394,2,26,0,-1,-2.78408,-16.3291,1,-0.590651,0.371137,0.09,0
1320,1395,2,29,0,-1,-13.534,12.2866,1,0.0841829,-0.220919,0.085,0
1320,1395,2,29,1,0,-12.8529,11.5133,4,-0.0298368,-0.423097,0.085,0
1320,1396,2,26,0,-1,11.7922,7.32934,1,-0.0652415,0.552335,0.09,0
1320,1397,25,22,0,-1,16.0753,12.7027,1,0.195849,0.0528097,0.114,0
1320,1398,2,27,0,-1,-15.2865,7.43319,1,-0.456643,-0.143947,0.087,0
1320,1398,2,27,1,0,-15.4862,6.39223,4,0.0821626,-0.255567,0.087,0
1320,1400,2,22,0,-1,5.44823,2.95794,1,0.368252,-0.170404,0.089,0
1320,1400,2,22,1,0,6.39604,3.53331,4,0.544132,-0.564815,0.089,0
1320,1402,2,26,0,-1,4.86617,-15.2225,1,-0.0203898,0.27236,0.089,0
1320,1403,42,26,0,-1,2.15834,1.20801,1,-0.415284,0.376511,0.113,0
1320,1403,42,26,1,0,1.46116,2.09726,4,-0.105951,0.602261,0.113,0
1350,1085,2,24,0,-1,5.76772,-0.251202,1,0.165003,-0.450194,0.087,1
1350,1085,2,24,1,0,6.46679,-1.12498,4,0.117032,-0.491903,0.087,1
1350,1085,2,24,2,1,6.77604,0.288362,3,0.224388,-0.506695,0.087,1
1350,1085,2,24,3,1,5.14767,-1.39653,3,0.0929297,-0.342932,0.087,1
1350,1248,2,25,0,-1,12.9999,11.8131,1,0.0693095,-0.0455635,0.091,1
1350,1248,2,25,1,0,12.4063,12.7189,4,-0.220723,-0.194077,0.091,1
1350,1248,2,25,2,1,11.8472,11.4422,3,0.0340513,-0.228806,0.091,1
1350,1248,2,25,3,1,13.6503,12.3426,3,-0.0459774,0.480076,0.091,1
1350,1255,2,21,0,-1,12.5153,15.2017,1,0.246662,-0.0763983,0.091,1
1350,1255,2,21,1,0,13.1022,14.3301,4,0.323528,0.0613553,0.091,1
1350,1255,2,21,2,1,13.4812,15.715,3,0.100331,0.153072,0.091,1
1350,1255,2,21,3,1,11.8193,14.7673,3,0.261367,-0.0161011,0.091,1
1350,1291,2,25,0,-1,-13.2724,-13.5326,1,0.765434,0.237644,0.09,1
1350,1291,2,25,1,0,-12.226,-13.2306,4,0.693812,0.471953,0.09,1
1350,1291,2,25,2,1,-13.5769,-12.6267,3,0.689367,0.299196,0.09,1
1350,1291,2,25,3,1,-12.8138,-14.4096,3,0.910494,0.293237,0.09,1
1350,1303,2,26,0,-1,-11.3125,15.2205,1,-0.075245,0.17944,0.085,1
1350,1303,2,26,1,0,-10.8694,16.1775,4,0.448932,-0.0606076,0.085,1
1350,1303,2,26,2,1,-12.2751,15.8705,3,0.25853,0.765962,0.085,1
1350,1304,2,26,0,-1,5.08389,-15.919,1,0.473195,-0.316288,0.09,1
1350,1304,2,26,1,0,5.4368,-16.8861,4,-0.0167531,-0.462488,0.09,1
1350,1304,2,26,2,1,5.96406,-15.4426,3,1.12081,-0.852711,0.09,1
1350,1304,2,26,3,1,4.30467,-16.1023,3,0.394802,0.129359,0.09,1
1350,1305,2,24,0,-1,-10.6076,-13.4496,1,-0.107408,0.165368,0.089,1
1350,1305,2,24,1,0,-11.1485,-12.5121,4,0.30067,0.291551,0.089,1
1350,1305,2,24,2,1,-11.3998,-13.8957,3,-0.616637,0.35084,0.089,1
1350,1305,2,24,3,1,-9.92656,-13.0133,3,0.288357,0.243272,0.089,1
1350,1331,2,21,0,-1,3.72712,-4.78938,1,0.338688,0.133231,0.09,1
1350,1331,2,21,1,0,4.44519,-4.02957,4,0.228331,0.25469,0.09,1
1350,1331,2,21,2,1,3.01091,-3.93863,3,0.217337,0.070321,0.09,1
1350,1331,2,21,3,1,4.26527,-5.49855,3,0.44857,0.232044,0.09,1
1350,1334,25,21,0,-1,15.3145,11.7248,1,-0.149716,0.0281684,0.113,1
1350,1334,25,21,1,0,16.0793,12.6851,1,-0.253002,0.110566,0.113,1
1350,1334,25,21,2,0,14.3,12.0637,4,-0.182304,-0.105056,0.113,1
1350,1334,25,21,3,2,14.7842,10.7246,3,-0.0731875,-0.0452666,0.113,1
1350,1334,25,21,4,2,15.3178,12.9168,3,-0.270529,0.0511334,0.113,1
1350,1334,25,21,5,3,13.8335,10.6083,3,-0.0660656,-0.0693827,0.113,1
1350,1342,2,22,0,-1,-5.45342,3.30508,1,0.0993441,0.581272,0.09,1
1350,1342,2,22,1,0,-5.88486,4.26489,4,-0.103579,0.486651,0.09,1
1350,1342,2,22,2,1,-6.55508,2.99608,3,0.168588,0.353286,0.09,1
1350,1342,2,22,3,1,-4.69093,3.67799,3,0.000661438,0.687528,0.09,1
1350,1346,2,24,0,-1,-11.3979,-14.7514,1,-0.430926,0.214815,0.091,1
1350,1346,2,24,1,0,-11.9997,-13.8838,4,-0.300506,0.317764,0.091,1
1350,1346,2,24,2,1,-12.468,-15.2094,3,-0.0631695,0.452894,0.091,1
1350,1346,2,24,3,1,-10.7848,-14.4519,3,-0.515479,-0.212892,0.091,1
1350,1355,2,26,0,-1,7.94589,-12.604,1,-0.362846,-0.6627,0.088,1
1350,1355,2,26,1,0,8.48067,-13.5247,4,0.261919,-0.264972,0.088,1
1350,1355,2,26,2,1,9.10023,-12.1964,3,-0.704302,0.177089,0.088,1
1350,1355,2,26,3,1,7.15422,-13.3565,3,0.105303,-1.19884,0.088,1
1350,1356,2,25,0,-1,3.64672,-13.1223,1,0.395589,-0.135609,0.092,1
1350,1356,2,25,1,0,4.30844,-13.9457,4,0.464812,-0.0515333,0.092,1
1350,1356,2,25,2,1,4.59996,-12.5378,3,0.370942,-0.00585926,0.092,1
1350,1356,2,25,3,1,3.02249,-13.663,3,0.432463,-0.131278,0.092,1
1350,1359,2,22,0,-1,5.21388,6.56427,1,-0.489033,0.356806,0.09,1
1350,1359,2,22,1,0,4.15401,6.74618,4,-0.546972,-0.127789,0.09,1
1350,1359,2,22,2,1,4.86577,5.50547,3,0.0717421,0.18055,0.09,1
1350,1359,2,22,3,1,5.28426,7.65712,3,-1.00305,0.488036,0.09,1
1350,1360,2,25,0,-1,-10.4545,6.30831,1,-0.213936,-0.275307,0.088,1
1350,1360,2,25,1,0,-10.8207,5.3144,4,0.1094,-0.377432,0.088,1
1350,1360,2,25,2,1,-9.44458,5.75336,3,-0.0376846,0.113964,0.088,1
1350,1360,2,25,3,1,-11.5717,6.39356,3,-0.314191,-0.650185,0.088,1
1350,1363,2,28,0,-1,-12.0501,8.64003,1,0.144768,-0.262272,0.085,1
1350,1363,2,28,1,0,-12.4331,7.66299,4,-0.195255,-0.13109,0.085,1
1350,1363,2,28,2,1,-11.0777,8.1439,3,-0.0278274,-0.604517,0.085,1
1350,1371,2,29,0,-1,11.1491,-20.3466,1,-0.332375,-0.0179025,0.092,1
1350,1371,2,29,1,0,10.0779,-20.1606,4,-0.290958,0.177988,0.092,1
1350,1371,2,29,2,1,10.5869,-21.4391,3,-0.678469,0.0380278,0.092,1
1350,1371,2,29,3,1,11.2645,-19.5538,3,-0.0486507,-0.24848,0.092,1
1350,1374,2,26,0,-1,0.131233,-10.5097,1,0.290485,0.179168,0.091,1
1350,1374,2,26,1,0,1.21385,-10.3251,4,0.25433,-0.0490251,0.091,1
1350,1374,2,26,2,1,0.134347,-9.37169,3,0.511436,0.360186,0.091,1
1350,1374,2,26,3,1,0.337668,-11.2891,3,-0.0591961,0.228262,0.091,1
1350,1376,2,22,0,-1,15.2965,20.9899,1,0.29219,0.354729,0.091,1
1350,1376,2,22,1,0,16.0298,21.7599,4,0.246626,0.394545,0.091,1
1350,1376,2,22,2,1,14.5682,21.7818,3,0.246338,0.320084,0.091,1
1350,1376,2,22,3,1,15.8804,20.3093,3,0.314488,0.378476,0.091,1
1350,1377,42,25,0,-1,5.03702,-0.668461,1,0.235773,-0.267498,0.112,1
1350,1377,42,25,1,0,4.50285,-1.57495,4,-0.0118918,-0.119276,0.112,1
1350,1377,42,25,2,1,3.66489,-2.0452,1,-0.15827,0.129355,0.112,1
1350,1377,42,25,3,1,5.78419,-0.875969,3,0.148384,-0.418033,0.112,1
1350,1377,42,25,4,1,4.04711,-0.33243,3,0.332016,0.00168191,0.112,1
1350,1378,2,27,0,-1,4.746,-16.6691,1,-0.0960869,-0.0903318,0.091,0
1350,1381,2,29,0,-1,-16.6711,11.6446,1,-0.000686394,0.00111089,0.084,1
1350,1381,2,29,1,0,-15.6372,11.4923,4,-0.000953637,-0.000895438,0.084,1
1350,1381,2,29,2,1,-16.4443,12.6877,3,0.000915678,0.000299784,0.084,1
1350,1383,2,25,0,-1,2.44133,-14.1859,1,0.320518,-0.00468365,0.089,1
1350,1383,2,25,1,0,3.49838,-14.2177,4,0.333329,-0.145963,0.089,1
1350,1383,2,25,2,1,2.59328,-13.0611,3,0.505812,-0.00766068,0.089,1
1350,1383,2,25,3,1,2.41914,-14.9888,3,0.245649,-0.0342309,0.089,1
1350,1384,2,23,0,-1,15.3591,21.8621,1,0.204328,0.340392,0.09,1
1350,1384,2,23,1,0,16.183,22.5394,4,0.132834,0.404634,0.09,1
1350,1384,2,23,2,1,14.7661,22.7692,3,0.0994485,0.254163,0.09,1
1350,1384,2,23,3,1,16.1899,21.0619,3,0.19382,0.400055,0.09,1
1350,1388,2,30,0,-1,-17.0024,10.9165,1,-0.00182539,0.00168871,0.085,0
1350,1392,2,27,0,-1,-0.484413,-9.96098,1,0.443798,0.29603,0.09,0
1350,1392,2,27,1,0,0.554328,-9.93834,4,0.435021,0.399862,0.09,0
1350,1392,2,27,2,1,-0.429769,-8.85371,3,0.471611,0.466724,0.09,0
1350,1394,2,26,0,-1,-0.46057,-16.0225,1,0.129378,-0.0145867,0.09,1
1350,1394,2,26,1,0,-0.862937,-15.1312,4,-0.00724575,-0.0512822,0.09,1
1350,1394,2,26,2,1,-0.280502,-16.5962,3,0.10933,0.0139836,0.09,1
1350,1394,2,26,3,1,-0.763404,-16.4924,3,0.288227,-0.0393362,0.09,1
1350,1395,2,29,0,-1,-14.0456,8.57137,1,-0.0700689,-0.000979894,0.085,1
1350,1395,2,29,1,0,-14.3565,7.57502,4,-0.0310717,-0.0144582,0.085,1
1350,1395,2,29,2,1,-13.0627,8.21163,3,-0.0479694,0.0196412,0.085,1
1350,1396,2,26,0,-1,12.7674,11.043,1,-0.114439,-0.0691493,0.09,0
1350,1396,2,26,1,0,11.7829,10.6762,4,-0.109807,-0.188788,0.09,0
1350,1396,2,26,2,1,13.0375,10.181,3,-0.114355,-0.141651,0.09,0
1350,1397,25,22,0,-1,15.9517,11.2366,1,-0.223457,-0.045922,0.114,0
1350,1400,2,22,0,-1,8.34706,8.20103,1,0.135702,0.436246,0.089,1
1350,1400,2,22,1,0,9.26478,8.7986,4,0.0285121,0.791388,0.089,1
1350,1400,2,22,2,1,7.87001,9.1115,3,-0.0246943,0.18987,0.089,1
1350,1400,2,22,3,1,8.88046,7.37906,3,0.548742,0.65941,0.089,1
1350,1403,42,26,0,-1,5.70816,-1.24839,1,0.106419,-0.416943,0.113,0
1350,1403,42,26,1,0,6.4826,-0.462552,4,0.172104,-0.47984,0.113,0
1350,1403,42,26,2,1,7.42306,-0.256433,1,0.202027,-0.588989,0.113,0
1350,1405,2,25,0,-1,-10.1215,-14.1186,1,-0.158601,0.254834,0.09,0
1350,1405,2,25,1,0,-9.25712,-13.5623,4,0.189832,-0.0456802,0.09,0
1350,1408,2,26,0,-1,-13.9858,-13.0609,1,0.741559,0.17736,0.089,0
1350,1408,2,26,1,0,-13.6178,-12.0049,4,0.642979,0.206637,0.089,0
1350,1408,2,26,2,1,-15.125,-12.2662,3,0.654121,0.020957,0.089,0
1350,1411,2,23,0,-1,5.54261,5.79291,1,-0.0585427,0.529624,0.091,0
1350,1411,2,23,1,0,5.19997,4.76294,4,0.719462,0.273526,0.091,0
1350,1416,2,26,0,-1,-9.93718,6.93122,1,-0.240622,-0.268538,0.087,0
1350,1416,2,26,1,0,-9.4423,7.85802,4,-0.0324468,-0.387317,0.087,0
1350,1417,2,22,0,-1,10.0147,7.91093,1,0.229918,0.650268,0.09,1
1350,1417,2,22,1,0,10.3785,8.88594,4,0.684462,0.391043,0.09,1
1350,1417,2,22,2,1,9.07509,8.25503,3,0.25762,0.963347,0.09,1
1350,1417,2,22,3,1,10.7929,7.60909,3,-0.0192922,0.148924,0.09,1
1350,1419,2,30,0,-1,10.4834,-20.7086,1,-0.372897,0.0531088,0.091,0
1350,1419,2,30,1,0,10.4376,-19.6405,4,-0.113781,0.0354161,0.091,0
1350,1419,2,30,2,1,9.52847,-20.6604,3,-0.620978,0.420956,0.091,0
1350,1422,2,24,0,-1,14.6747,13.3922,1,-0.141599,0.0859445,0.091,1
1350,1422,2,24,1,0,13.6475,13.2772,4,-0.144909,0.22958,0.091,1
1350,1422,2,24,2,1,14.8011,12.4211,3,-0.255835,0.0960791,0.091,1
1350,1422,2,24,3,1,14.8037,14.2046,3,-0.0104518,0.0669791,0.091,1
1350,1423,2,27,0,-1,-11.4701,12.8306,1,0.0855282,-0.0471262,0.086,1
1350,1423,2,27,1,0,-11.7409,11.8186,4,-0.107309,0.0011759,0.086,1
1350,1423,2,27,2,1,-10.4573,12.4698,3,0.00849985,-0.247692,0.086,1
1350,1424,2,23,0,-1,11.101,12.8941,1,-0.0045927,-0.0308219,0.089,1
1350,1424,2,23,1,0,11.8393,12.1994,4,-0.184194,-0.259848,0.089,1
1350,1424,2,23,2,1,12.1957,13.5807,3,0.429796,-0.392259,0.089,1
1350,1424,2,23,3,1,10.4944,12.2482,3,-0.218973,0.0927081,0.089,1
1350,1425,2,30,0,-1,-14.1857,9.35766,1,-0.00209095,0.0124552,0.086,0
1350,1425,2,30,1,0,-15.1266,9.39023,4,-0.00294527,-0.0051889,0.086,0
1350,1426,2,23,0,-1,9.57395,0.124071,1,0.356592,-0.526374,0.09,1
1350,1426,2,23,1,0,9.49169,-0.928099,4,0.380722,-0.534814,0.09,1
1350,1426,2,23,2,1,10.6691,-0.0990663,3,0.262763,-0.387074,0.09,1
1350,1426,2,23,3,1,8.62,0.227537,3,0.488233,-0.47032,0.09,1
1350,1428,2,26,0,-1,6.78718,-15.0069,1,0.199015,-0.251643,0.091,1
1350,1428,2,26,1,0,7.72086,-15.6151,4,0.587593,-0.246586,0.091,1
1350,1428,2,26,2,1,8.06462,-14.1642,3,0.186284,-0.159429,0.091,1
1350,1428,2,26,3,1,6.46728,-16.186,3,0.874248,-0.831836,0.091,1
1350,1429,2,27,0,-1,12.5422,-14.3676,1,-0.333884,0.216762,0.089,1
1350,1429,2,27,1,0,12.1211,-13.3859,4,0.0151949,0.322467,0.089,1
1350,1429,2,27,2,1,11.5487,-14.7069,3,-0.45729,0.492266,0.089,1
1350,1429,2,27,3,1,13.3268,-13.9451,3,-0.213538,-0.195567,0.089,1
1350,1430,2,23,0,-1,14.7853,20.3627,1,0.199185,0.428613,0.092,0
1350,1431,2,25,0,-1,14.0816,13.9397,1,-0.0191895,0.185814,0.092,0
1350,1433,2,25,0,-1,-12.6912,-6.82747,1,-0.82005,0.589465,0.09,1
1350,1433,2,25,1,0,-13.7722,-6.9902,4,-0.719018,-0.463632,0.09,1
1350,1433,2,25,2,1,-12.8265,-8.05757,3,-0.533633,-0.277061,0.09,1
1350,1433,2,25,3,1,-12.9408,-5.98047,3,-0.913592,-0.314137,0.09,1
1350,1434,2,28,0,-1,-11.9812,13.4478,1,0.0425825,-0.0837903,0.085,0
1350,1436,2,24,0,-1,11.2603,12.0789,1,-0.0319498,-0.0352988,0.089,0
1350,1436,2,24,1,0,12.3413,11.92,4,-0.0358654,-0.486442,0.089,0
1350,1437,2,22,0,-1,4.53443,-4.78553,1,0.332058,0.267827,0.089,0
1350,1438,2,22,0,-1,12.3907,14.4051,1,0.187559,-0.131936,0.092,0
1350,1438,2,22,1,0,11.401,14.0569,4,0.294608,-0.338492,0.092,0
1350,1439,2,27,0,-1,-1.24453,-15.8962,1,0.179105,0.132511,0.089,0
1350,1439,2,27,1,0,-0.275803,-15.4161,4,0.120551,0.23776,0.089,0
1350,1440,2,28,0,-1,13.121,-14.9416,1,-0.100569,0.502786,0.089,0
1350,1441,2,26,0,-1,-10.8703,-6.80826,1,-0.0769733,-0.181078,0.089,1
1350,1441,2,26,1,0,-11.8791,-7.11964,4,-0.341835,0.895022,0.089,1
1350,1441,2,26,2,1,-10.737,-8.01392,3,-1.18178,-0.462568,0.089,1
1350,1441,2,26,3,1,-11.1458,-5.9829,3,0.701805,0.239795,0.089,1
1350,1443,43,27,0,-1,6.81423,-15.7406,1,0.685904,-0.38172,0.116,1
1350,1443,43,27,1,0,7.82828,-14.7797,3,1.19434,-0.525779,0.116,1
1350,1443,43,27,2,0,6.08418,-14.6241,3,0.330344,-0.638967,0.116,1
1350,1445,2,27,0,-1,-10.552,14.9499,1,-0.155712,-0.0587118,0.086,0
1350,1447,2,25,0,-1,-11.6411,-15.5014,1,-0.442248,0.263454,0.09,0
1350,1447,2,25,1,0,-10.6754,-15.9017,4,-0.345205,0.44615,0.09,0
1350,1448,2,27,0,-1,8.31724,-11.8798,1,-0.297345,-0.731485,0.088,0
1350,1448,2,27,1,0,7.93658,-10.8999,4,-0.0686921,-0.674495,0.088,0
1350,1450,43,28,0,-1,7.29288,-15.1096,1,0.702608,-0.49839,0.116,0
1380,1248,2,25,0,-1,7.19915,3.20784,1,-0.423171,-0.412839,0.091,1
1380,1248,2,25,1,0,6.50188,2.42024,4,-0.663535,-0.184247,0.091,1
1380,1248,2,25,2,1,7.84921,2.42723,3,-0.641507,-0.650151,0.091,1
1380,1248,2,25,3,1,6.56536,3.75125,3,-0.228205,-0.194635,0.091,1
1380,1291,2,25,0,-1,-10.7652,-3.83262,1,0.375165,-0.0617742,0.09,1
1380,1291,2,25,1,0,-9.78293,-4.20174,4,0.301038,-0.181345,0.09,1
1380,1291,2,25,2,1,-10.3178,-2.76702,3,0.778845,0.0289823,0.09,1
1380,1291,2,25,3,1,-11.0555,-4.5964,3,0.189062,0.102542,0.09,1
1380,1304,2,26,0,-1,-4.76052,-14.216,1,-0.0706092,-0.288494,0.09,1
1380,1304,2,26,1,0,-4.72549,-15.2374,4,-0.669792,-0.317008,0.09,1
1380,1304,2,26,2,1,-3.79157,-14.0257,3,-0.239671,-0.558398,0.09,1
1380,1304,2,26,3,1,-5.42977,-14.0862,3,-0.332784,-0.133599,0.09,1
1380,1331,2,21,0,-1,1.68574,-7.75752,1,-0.128577,0.455493,0.09,1
1380,1331,2,21,1,0,1.99197,-6.74709,4,0.157447,0.427177,0.09,1
1380,1331,2,21,2,1,0.789248,-7.49563,3,-0.103043,0.920522,0.09,1
1380,1331,2,21,3,1,2.41624,-8.15658,3,-0.0308134,0.357833,0.09,1
1380,1334,25,21,0,-1,16.5442,9.64093,1,0.256274,0.169879,0.113,1
1380,1334,25,21,1,0,17.4626,8.8154,1,0.195676,0.116807,0.113,1
1380,1334,25,21,2,0,16.9021,10.6526,4,0.316431,0.130537,0.113,1
1380,1334,25,21,3,2,15.614,10.0216,3,0.304688,0.158399,0.113,1
1380,1334,25,21,4,2,17.5957,9.56492,3,0.260064,0.0864178,0.113,1
1380,1334,25,21,5,3,15.3316,10.926,3,0.418423,0.184421,0.113,1
1380,1346,2,24,0,-1,-9.79315,-9.23761,1,-0.0233547,-0.375419,0.091,1
1380,1346,2,24,1,0,-10.1037,-10.2573,4,-0.0825028,-0.451995,0.091,1
1380,1346,2,24,2,1,-8.87441,-9.54102,3,-0.133304,-0.362244,0.091,1
1380,1346,2,24,3,1,-10.6602,-9.01762,3,-0.498487,-0.629231,0.091,1
1380,1355,2,26,0,-1,10.5795,-9.71029,1,0.246889,-0.459512,0.088,1
1380,1355,2,26,1,0,11.6339,-9.84818,4,0.222877,-0.14533,0.088,1
1380,1355,2,26,2,1,10.9846,-8.51826,3,-0.135607,-0.267889,0.088,1
1380,1355,2,26,3,1,10.5424,-10.6107,3,0.446892,-0.598363,0.088,1
1380,1359,2,22,0,-1,0.552882,-3.77448,1,0.182057,-0.324906,0.09,1
1380,1359,2,22,1,0,-0.276886,-4.37969,4,0.0734721,-0.173026,0.09,1
1380,1359,2,22,2,1,1.09173,-4.75134,3,-0.0603174,-0.555474,0.09,1
1380,1359,2,22,3,1,0.112837,-2.98726,3,0.300759,-0.228262,0.09,1
1380,1374,2,26,0,-1,-1.18275,-5.66077,1,-0.411257,0.285017,0.091,1
1380,1374,2,26,1,0,-0.870906,-4.59508,4,-0.346872,0.43633,0.091,1
1380,1374,2,26,2,1,-2.12341,-5.17912,3,0.000558109,0.327643,0.091,1
1380,1374,2,26,3,1,-0.0140827,-5.57872,3,-0.0513007,0.745183,0.091,1
1380,1378,2,27,0,-1,-5.47699,-14.6527,1,-0.0408776,-0.144447,0.091,0
1380,1378,2,27,1,0,-5.55634,-13.5491,4,-0.104988,-0.117851,0.091,0
1380,1378,2,27,2,1,-6.71108,-14.572,3,-0.0607112,-0.227343,0.091,0
1380,1383,2,25,0,-1,-3.87689,-18.2568,1,-0.676047,-0.0415174,0.089,1
1380,1383,2,25,1,0,-4.32619,-17.3278,4,-0.333933,0.169225,0.089,1
1380,1383,2,25,2,1,-5.2508,-18.422,3,-0.839135,0.600262,0.089,1
1380,1383,2,25,3,1,-3.05302,-17.8199,3,-0.579869,-0.506344,0.089,1
1380,1392,2,27,0,-1,2.62043,-9.74007,1,-0.147137,0.187272,0.09,1
1380,1392,2,27,1,0,1.56732,-9.74021,4,-0.164852,-0.305135,0.09,1
1380,1392,2,27,2,1,2.67227,-10.6625,3,0.170512,0.112784,0.09,1
1380,1392,2,27,3,1,2.61067,-8.93361,3,-0.517575,0.153564,0.09,1
1380,1394,2,26,0,-1,-1.87865,-9.4,1,-0.449375,0.32263,0.09,1
1380,1394,2,26,1,0,-2.88661,-9.75581,4,-0.246738,-0.180348,0.09,1
1380,1394,2,26,2,1,-1.75549,-10.705,3,0.243751,0.384335,0.09,1
1380,1394,2,26,3,1,-2.24621,-8.53899,3,-0.770045,0.105061,0.09,1
1380,1396,2,26,0,-1,10.479,2.05164,1,-0.479524,-0.118729,0.09,1
1380,1396,2,26,1,0,9.63376,1.39522,4,-0.236272,-0.448676,0.09,1
1380,1396,2,26,2,1,10.9518,1.07337,3,-0.107136,0.0751108,0.09,1
1380,1396,2,26,3,1,9.87779,2.68844,3,-0.768706,-0.339481,0.09,1
1380,1397,25,22,0,-1,16.0514,9.01159,1,0.335058,0.120081,0.114,0
1380,1400,2,22,0,-1,15.956,13.5358,1,0.902051,0.156752,0.089,1
1380,1400,2,22,1,0,16.3409,14.4937,4,0.247773,0.406263,0.089,1
1380,1400,2,22,2,1,14.8785,14.1838,3,0.352332,-0.457085,0.089,1
1380,1400,2,22,3,1,16.8852,13.1173,3,1.09067,0.696476,0.089,1
1380,1408,2,26,0,-1,-10.9028,-6.19868,1,0.39246,-0.154375,0.089,1
1380,1408,2,26,1,0,-9.89201,-6.66828,4,0.642959,0.393462,0.089,1
1380,1408,2,26,2,1,-10.3036,-5.19488,3,0.135669,0.318657,0.089,1
1380,1408,2,26,3,1,-11.1382,-6.97594,3,0.85509,-0.156183,0.089,1
1380,1417,2,22,0,-1,20.1696,9.98945,1,0.532708,0.378344,0.09,1
1380,1417,2,22,1,0,20.3766,11.0381,4,0.185662,0.443032,0.09,1
1380,1417,2,22,2,1,19.1395,10.3327,3,0.42662,-0.0318963,0.09,1
1380,1417,2,22,3,1,21.0774,9.92078,3,0.562549,0.677082,0.09,1
1380,1423,2,27,0,-1,-11.368,12.6604,1,0.00221361,-0.00157799,0.086,1
1380,1423,2,27,1,0,-11.3812,11.6152,4,-0.00525603,-0.00505143,0.086,1
1380,1423,2,27,2,1,-10.3041,12.572,3,0.00178471,-0.0282659,0.086,1
1380,1424,2,23,0,-1,13.6307,11.6583,1,0.308013,0.356132,0.089,1
1380,1424,2,23,1,0,14.1569,12.5738,4,0.0312167,0.520169,0.089,1
1380,1424,2,23,2,1,12.7192,12.4192,3,0.0685804,0.118865,0.089,1
1380,1424,2,23,3,1,14.4522,11.2866,3,0.393474,0.607929,0.089,1
1380,1426,2,23,0,-1,13.8546,-6.25802,1,0.654061,0.300933,0.09,1
1380,1426,2,23,1,0,14.0289,-5.19375,4,0.300381,0.40034,0.09,1
1380,1426,2,23,2,1,13.1003,-6.30655,3,0.601413,0.117849,0.09,1
1380,1426,2,23,3,1,15.209,-6.07791,3,0.0952464,0.338333,0.09,1
1380,1428,2,26,0,-1,2.58322,-15.7955,1,-0.170454,0.393492,0.091,1
1380,1428,2,26,1,0,1.94887,-14.9726,4,-0.227911,0.332499,0.091,1
1380,1428,2,26,2,1,1.67684,-16.3909,3,-0.0984115,0.323544,0.091,1
1380,1428,2,26,3,1,3.25786,-15.3423,3,-0.152628,0.499115,0.091,1
1380,1429,2,27,0,-1,21.6602,-10.1413,1,0.601201,0.174577,0.089,1
1380,1429,2,27,1,0,21.9776,-9.13134,4,0.0399282,0.325027,0.089,1
1380,1429,2,27,2,1,20.5993,-9.69754,3,0.35375,-0.415531,0.089,1
1380,1429,2,27,3,1,22.5621,-10.3287,3,0.682111,0.617424,0.089,1
1380,1433,2,25,0,-1,-13.16,-1.84427,1,0.182051,0.584188,0.09,1
1380,1433,2,25,1,0,-13.4794,-0.83904,4,-0.0761309,0.495925,0.09,1
1380,1433,2,25,2,1,-14.3133,-2.01074,3,0.272274,0.253223,0.09,1
1380,1433,2,25,3,1,-12.3429,-1.52707,3,0.0222868,0.660205,0.09,1
1380,1434,2,28,0,-1,-12.6332,17.3923,1,0.00704277,0.021712,0.085,1
1380,1434,2,28,1,0,-12.6065,16.3476,4,-0.0138384,0.0211815,0.085,1
1380,1434,2,28,2,1,-11.5646,17.3452,3,0.00689527,-0.000425167,0.085,1
1380,1437,2,22,0,-1,2.40224,-7.40349,1,-0.180931,0.496973,0.089,0
1380,1439,2,27,0,-1,-2.23058,-10.0976,1,-0.150283,0.166499,0.089,0
1380,1439,2,27,1,0,-2.64932,-9.12042,4,-0.63465,-0.022119,0.089,0
1380,1440,2,28,0,-1,22.2239,-12.2672,1,0.490684,-0.575701,0.089,1
1380,1440,2,28,1,0,21.8236,-13.2456,4,-0.232866,-0.268498,0.089,1
1380,1440,2,28,2,1,23.2362,-12.8625,3,0.0344658,-1.19659,0.089,1
1380,1440,2,28,3,1,21.2848,-12.0081,3,0.784007,0.183927,0.089,1
1380,1443,43,27,0,-1,10.5243,-12.4309,1,-0.0067855,0.494625,0.116,1
1380,1443,43,27,1,0,9.76794,-13.6543,3,0.101287,0.423675,0.116,1
1380,1443,43,27,2,0,11.6504,-13.136,3,0.125523,0.703217,0.116,1
1380,1448,2,27,0,-1,11.9014,-2.97113,1,0.387153,0.522415,0.088,1
1380,1448,2,27,1,0,12.9376,-3.17435,4,0.29911,-0.0297796,0.088,1
1380,1448,2,27,2,1,12.1417,-1.96204,3,0.954349,0.368372,0.088,1
1380,1448,2,27,3,1,11.7852,-3.84933,3,-0.0442221,0.565512,0.088,1
1380,1450,43,28,0,-1,10.6058,-13.2357,1,0.0495843,0.494875,0.116,0
1380,1453,2,27,0,-1,-13.0763,-12.6648,1,0.145333,-0.975389,0.088,1
1380,1453,2,27,1,0,-12.0845,-12.6807,4,0.100856,-1.15711,0.088,1
1380,1453,2,27,2,1,-12.9373,-11.3534,3,0.642624,-0.561626,0.088,1
1380,1453,2,27,3,1,-13.0304,-13.7319,3,0.621294,-1.12539,0.088,1
1380,1455,2,28,0,-1,12.4472,-6.95019,1,-0.0440741,0.23409,0.087,1
1380,1455,2,28,1,0,11.4224,-6.49899,4,-0.303734,-0.107464,0.087,1
1380,1455,2,28,2,1,12.021,-7.79506,3,-0.0742399,0.047665,0.087,1
1380,1455,2,28,3,1,12.4884,-5.69463,3,-0.335148,-0.0778825,0.087,1
1380,1456,2,24,0,-1,18.992,-3.6532,1,0.281373,0.0518496,0.091,1
1380,1456,2,24,1,0,20.0214,-3.42393,4,0.352799,-0.149374,0.091,1
1380,1456,2,24,2,1,19.1618,-2.236,3,0.674912,0.072961,0.091,1
1380,1456,2,24,3,1,19.0909,-4.55749,3,0.179888,0.00658949,0.091,1
1380,1458,2,26,0,-1,-20.8804,-16.2719,1,-0.536923,-0.203498,0.091,1
1380,1458,2,26,1,0,-21.8386,-16.7098,4,-0.479062,-0.330642,0.091,1
1380,1458,2,26,2,1,-20.5458,-17.3376,3,-0.401525,-0.17178,0.091,1
1380,1458,2,26,3,1,-21.2576,-15.521,3,-0.64185,-0.250511,0.091,1
1380,1462,2,26,0,-1,-13.1749,-10.6033,1,-0.184525,-0.673485,0.089,1
1380,1462,2,26,1,0,-12.2441,-11.136,4,0.19262,-0.24631,0.089,1
1380,1462,2,26,2,1,-12.0881,-9.57683,3,-0.327704,-0.283312,0.089,1
1380,1462,2,26,3,1,-13.4428,-11.8039,3,0.527202,-0.697339,0.089,1
1380,1464,2,23,0,-1,-1.10836,-1.09557,1,0.235748,-0.688672,0.089,1
1380,1464,2,23,1,0,-0.0746016,-1.3615,4,0.40293,0.00049283,0.089,1
1380,1464,2,23,2,1,-0.397106,0.0865096,3,-0.533127,-0.19541,0.089,1
1380,1464,2,23,3,1,-1.31903,-2.13038,3,0.960132,-0.868355,0.089,1
1380,1466,2,28,0,-1,8.47436,-12.8103,1,0.153447,0.514298,0.09,1
1380,1466,2,28,1,0,8.53028,-11.7571,4,-0.0011677,0.527205,0.09,1
1380,1466,2,28,2,1,7.36926,-12.6108,3,0.11391,0.369753,0.09,1
1380,1466,2,28,3,1,9.31783,-12.8126,3,0.182667,0.665629,0.09,1
1380,1467,2,27,0,-1,2.67722,-14.986,1,-0.123044,0.38739,0.092,0
1380,1469,44,23,0,-1,19.6104,9.3968,1,0.529452,0.376876,0.115,0
1380,1469,44,23,1,0,18.3808,10.1867,3,0.292076,0.000422943,0.115,0
1380,1470,45,25,0,-1,18.2775,-3.31644,1,0.316427,0.179531,0.116,0
1380,1470,45,25,1,0,19.2757,-2.97147,4,0.366059,0.00167913,0.116,0
1380,1471,2,27,0,-1,11.1639,-9.19819,1,0.116115,-0.267924,0.087,0
1380,1471,2,27,1,0,10.2384,-8.6655,4,0.145429,-0.125055,0.087,0
1380,1472,2,27,0,-1,11.1677,2.49714,1,-0.261049,-0.423196,0.091,0
1380,1472,2,27,1,0,12.2231,2.50583,4,-0.248312,-0.0828717,0.091,0
1380,1473,2,27,0,-1,-11.3913,-5.46919,1,0.908612,0.0842804,0.09,0
1380,1473,2,27,1,0,-12.4273,-5.11659,4,0.885599,-0.0398564,0.09,0
1380,1475,2,29,0,-1,-12.2745,18.1073,1,0.0329785,0.0086281,0.085,0
1380,1476,2,24,0,-1,-0.445025,-0.667345,1,-0.0547735,-0.230798,0.088,0
1380,1476,2,24,1,0,0.569228,-0.920716,4,0.00207107,-0.0711191,0.088,0
1380,1478,2,28,0,-1,21.2879,-9.43278,1,0.120862,-0.0595286,0.089,0
1380,1479,2,27,0,-1,-0.94316,-6.42921,1,-0.475375,0.256647,0.091,0
1380,1479,2,27,1,0,0.117243,-6.50561,4,-0.346599,0.465599,0.091,0
1380,1479,2,27,2,1,-0.786896,-5.4238,3,0.168935,0.79595,0.091,0
1380,1480,2,27,0,-1,-11.6123,-7.4,1,0.213643,-0.0261857,0.09,1
1380,1480,2,27,1,0,-10.5872,-7.31502,4,0.304364,-0.45603,0.09,1
1380,1480,2,27,2,1,-11.7609,-6.29504,3,0.437043,-0.163368,0.09,1
1380,1480,2,27,3,1,-11.8113,-7.96345,3,-0.00972892,-0.0140278,0.09,1
1380,1481,2,23,0,-1,-4.3711,-1.69488,1,-0.661871,-0.265848,0.091,1
1380,1481,2,23,1,0,-4.4174,-2.75243,4,-0.0483894,-0.293253,0.091,1
1380,1481,2,23,2,1,-3.12893,-2.08465,3,-0.443612,0.410095,0.091,1
1380,1481,2,23,3,1,-5.44067,-1.6902,3,-0.589775,-0.817577,0.091,1
1380,1483,2,25,0,-1,-10.4192,-9.71026,1,0.124919,-0.311904,0.092,0
1380,1484,2,29,0,-1,13.3098,-7.1582,1,-0.120028,-0.0481659,0.086,0
1380,1484,2,29,1,0,14.0117,-8.03759,4,-0.920966,-0.441322,0.086,0
1380,1484,2,29,2,1,14.4517,-6.64737,3,1.47083,-0.533216,0.086,0
1380,1486,2,24,0,-1,13.4595,-5.57836,1,0.284346,0.241743,0.089,0
1380,1486,2,24,1,0,12.843,-4.7551,4,0.287557,0.398313,0.089,0
1380,1487,2,26,0,-1,-3.74956,-17.4387,1,-0.451478,-0.082697,0.089,0
1380,1487,2,26,1,0,-4.61887,-16.7476,4,0.0989327,0.635054,0.089,0
1380,1489,2,28,0,-1,-12.4378,-13.2384,1,1.82901,0.0327864,0.087,0
1380,1490,2,28,0,-1,-11.0724,-8.04955,1,-0.0665975,-0.119744,0.091,0
1380,1491,2,23,0,-1,15.5529,14.2332,1,0.580202,-0.14402,0.09,0
1410,1248,2,25,0,-1,-1.01789,10.0435,1,0.385379,0.62833,0.091,1
1410,1248,2,25,1,0,-0.75139,11.0807,4,0.409493,0.749537,0.091,1
1410,1248,2,25,2,1,-1.85774,10.3423,3,0.37805,0.958554,0.091,1
1410,1248,2,25,3,1,-0.173121,9.91198,3,0.638676,0.907485,0.091,1
1410,1346,2,24,0,-1,-10.868,-12.3645,1,-0.380847,-0.0126466,0.091,1
1410,1346,2,24,1,0,-11.9121,-12.2982,4,-0.37821,-0.141645,0.091,1
1410,1346,2,24,3,1,-10.926,-11.3625,3,-0.464534,-0.0408841,0.091,1
1410,1355,2,26,0,-1,10.7941,-10.303,1,0.168976,0.393509,0.088,1
1410,1355,2,26,1,0,11.5343,-9.56225,4,0.410872,0.144759,0.088,1
1410,1355,2,26,2,1,10.0908,-9.61928,3,0.397809,0.501478,0.088,1
1410,1355,2,26,3,1,11.3618,-10.8881,3,0.0244911,0.187082,0.088,1
1410,1374,2,26,0,-1,-4.39651,2.62233,1,-0.559239,-0.160479,0.091,1
1410,1374,2,26,1,0,-4.65701,1.60361,4,-0.324158,-0.214821,0.091,1
1410,1374,2,26,2,1,-3.31846,2.1226,3,-0.493024,0.183056,0.091,1
1410,1374,2,26,3,1,-5.24393,2.80139,3,-0.499172,-0.315343,0.091,1
1410,1383,2,25,0,-1,-2.85855,-21.0154,1,0.792466,-0.862881,0.089,1
1410,1383,2,25,1,0,-2.47589,-21.9402,4,0.321225,-0.97572,0.089,1
1410,1383,2,25,2,1,-1.43785,-20.8424,3,0.91844,-1.20641,0.089,1
1410,1383,2,25,3,1,-3.71135,-21.3972,3,0.43266,-0.540893,0.089,1
1410,1392,2,27,0,-1,1.12111,-16.0573,1,0.52131,-0.420105,0.09,1
1410,1392,2,27,1,0,1.56336,-17.0158,4,-0.141895,-0.735364,0.09,1
1410,1392,2,27,2,1,2.45269,-15.878,3,0.138388,-1.01149,0.09,1
1410,1392,2,27,3,1,0.353981,-16.4487,3,0.177474,-0.0418716,0.09,1
1410,1396,2,26,0,-1,7.05305,-1.90894,1,0.0489881,0.375423,0.09,1
1410,1408,2,26,0,-1,-7.11074,-9.60814,1,-0.448321,-0.15406,0.089,1
1410,1408,2,26,1,0,-8.11595,-9.92304,4,-0.526362,0.11587,0.089,1
1410,1408,2,26,2,1,-6.83849,-10.7595,3,-0.706961,-0.182653,0.089,1
1410,1408,2,26,3,1,-7.3737,-8.81814,3,-0.2721,-0.0476169,0.089,1
1410,1423,2,27,0,-1,-11.0066,10.3057,1,-0.11276,-0.133849,0.086,1
1410,1423,2,27,1,0,-11.1258,11.3469,4,0.114926,-0.107914,0.086,1
1410,1423,2,27,2,1,-12.1252,10.2708,3,-0.153781,0.129081,0.086,1
1410,1424,2,23,0,-1,8.97255,8.13377,1,0.530601,-0.139912,0.089,1
1410,1424,2,23,1,0,10.0019,7.88113,4,0.506176,-0.327215,0.089,1
1410,1424,2,23,2,1,9.4636,9.22088,3,0.773929,-0.256685,0.089,1
1410,1424,2,23,3,1,8.83243,7.27749,3,0.439834,-0.165704,0.089,1
1410,1426,2,23,0,-1,15.2992,-10.0011,1,-0.0737491,-0.0487689,0.09,1
1410,1426,2,23,1,0,15.1877,-11.0492,4,-0.0999227,-0.0912771,0.09,1
1410,1426,2,23,2,1,16.3902,-10.2306,3,0.204974,-0.523333,0.09,1
1410,1426,2,23,3,1,14.4738,-9.77456,3,0.283992,0.0633114,0.09,1
1410,1428,2,26,0,-1,-1.77834,-20.0468,1,0.317652,-0.571086,0.091,1
1410,1428,2,26,1,0,-1.92011,-21.1294,4,-0.213717,-0.616957,0.091,1
1410,1428,2,26,2,1,-0.545883,-20.4407,3,-0.444458,-0.174338,0.091,1
1410,1428,2,26,3,1,-3.19031,-20.588,3,-0.119133,-1.06682,0.091,1
1410,1433,2,25,0,-1,-2.48386,9.65834,1,0.255131,0.500846,0.09,1
1410,1433,2,25,1,0,-2.55252,10.6937,4,-0.193463,0.387608,0.09,1
1410,1433,2,25,2,1,-3.67904,9.76814,3,0.264542,-0.254004,0.09,1
1410,1433,2,25,3,1,-1.75298,9.6042,3,-0.183279,0.419568,0.09,1
1410,1448,2,27,0,-1,15.7448,-5.36824,1,0.178127,-0.447894,0.088,1
1410,1448,2,27,1,0,15.021,-6.13991,4,-0.426306,0.0651302,0.088,1
1410,1448,2,27,2,1,16.4724,-6.05325,3,-0.242127,-1.26459,0.088,1
1410,1448,2,27,3,1,15.1583,-4.80762,3,0.391019,-0.0796969,0.088,1
1410,1455,2,28,0,-1,11.551,-7.51947,1,0.137344,-0.613974,0.087,1
1410,1455,2,28,1,0,10.924,-8.36589,4,-0.249488,-0.32767,0.087,1
1410,1455,2,28,2,1,12.3805,-8.23255,3,-0.190258,-0.923512,0.087,1
1410,1455,2,28,3,1,10.8069,-7.04091,3,0.385437,-0.285012,0.087,1
1410,1462,2,26,0,-1,-15.7569,-8.88094,1,0.207214,-0.188728,0.089,1
1410,1462,2,26,1,0,-14.8503,-9.41341,4,0.246752,-0.119913,0.089,1
1410,1462,2,26,2,1,-15.1011,-7.89347,3,0.141655,-0.1504,0.089,1
1410,1462,2,26,3,1,-16.1556,-9.85049,3,0.282702,-0.249454,0.089,1
1410,1464,2,23,0,-1,-1.68774,3.46177,1,0.240577,0.0497941,0.089,1
1410,1464,2,23,1,0,-1.31058,4.4579,4,0.45907,-0.0719469,0.089,1
1410,1464,2,23,2,1,-2.7659,4.47137,3,0.492813,-0.0485041,0.089,1
1410,1464,2,23,3,1,-0.851297,3.0688,3,-0.0216509,-0.24741,0.089,1
1410,1466,2,28,0,-1,16.5238,-11.9302,1,0.444363,0.0167704,0.09,1
1410,1466,2,28,1,0,16.1346,-10.9984,4,0.115505,-0.0893301,0.09,1
1410,1466,2,28,2,1,15.4532,-12.2527,3,0.37385,-0.270999,0.09,1
1410,1466,2,28,3,1,17.2922,-11.6642,3,0.412156,0.422239,0.09,1
1410,1467,2,27,0,-1,-5.63765,-14.6966,1,-0.254425,0.429889,0.092,1
1410,1467,2,27,1,0,-5.24943,-13.7346,4,0.396603,0.205532,0.092,1
1410,1467,2,27,2,1,-6.67247,-14.0311,3,0.141494,1.36157,0.092,1
1410,1467,2,27,3,1,-4.76965,-15.0378,3,-0.5545,-0.140109,0.092,1
1410,1476,2,24,0,-1,-2.25205,3.98247,1,0.14533,-0.0201866,0.088,0
1410,1476,2,24,1,0,-3.04141,3.29146,4,0.451696,-0.481754,0.088,0
1410,1480,2,27,0,-1,-8.83654,-6.38942,1,-0.300879,-0.0459594,0.09,1
1410,1480,2,27,1,0,-9.7347,-6.91847,4,-0.317679,-0.0388847,0.09,1
1410,1480,2,27,2,1,-8.28415,-7.4467,3,-0.291784,0.0951471,0.09,1
1410,1480,2,27,3,1,-9.22825,-5.65636,3,-0.404694,0.00951869,0.09,1
1410,1483,2,25,0,-1,-11.3591,-11.7557,1,-0.391445,-0.0265752,0.092,0
1410,1483,2,25,1,0,-10.2817,-11.901,4,-0.377992,-0.0528785,0.092,0
1410,1483,2,25,2,1,-10.8228,-10.5804,3,-0.160602,0.0256373,0.092,0
1410,1486,2,24,0,-1,15.8473,-10.5381,1,-0.176779,-0.119766,0.089,0
1410,1486,2,24,1,0,16.9462,-10.6312,4,-0.143551,-0.480072,0.089,0
1410,1487,2,26,0,-1,-2.3102,-19.1117,1,-0.509372,0.823261,0.089,1
1410,1487,2,26,1,0,-2.40897,-19.9415,4,-0.564502,0.384736,0.089,1
1410,1487,2,26,2,1,-1.53932,-18.7012,3,0.93133,-1.03749,0.089,1
1410,1487,2,26,3,1,-2.94482,-18.5682,3,-1.49263,-0.52932,0.089,1
1410,1490,2,28,0,-1,-9.62676,-6.20187,1,-0.266082,0.020789,0.091,0
1410,1490,2,28,1,0,-9.93941,-5.2044,4,-0.277756,0.0410489,0.091,0
1410,1492,2,30,0,-1,18.8815,-4.77808,1,0.458453,-0.150494,0.085,1
1410,1492,2,30,1,0,19.9359,-4.76418,4,0.472288,-0.0159513,0.085,1
1410,1492,2,30,2,1,19.0283,-3.62,3,0.257837,-0.20489,0.085,1
1410,1492,2,30,3,1,18.99,-5.69922,3,0.456145,0.0226649,0.085,1
1410,1493,2,28,0,-1,-11.629,10.8044,1,0.00633497,0.00699092,0.087,0
1410,1497,2,27,0,-1,-16.5048,-9.12336,1,0.233033,-0.266429,0.09,0
1410,1497,2,27,1,0,-15.5555,-9.61369,4,0.288312,-0.144619,0.09,0
1410,1498,2,26,0,-1,-0.472703,13.3073,1,-0.811985,0.540487,0.091,1
1410,1498,2,26,1,0,-0.945352,14.245,4,-0.470834,0.724127,0.091,1
1410,1498,2,26,2,1,-1.38899,12.9716,3,-1.34937,0.947845,0.091,1
1410,1498,2,26,3,1,0.286081,13.7299,3,-0.54902,0.615994,0.091,1
1410,1503,2,31,0,-1,18.1464,-5.10335,1,0.290548,0.200177,0.086,0
1410,1503,2,31,1,0,17.6918,-4.16523,4,0.367304,0.221812,0.086,0
1410,1503,2,31,2,1,17.3801,-5.58477,3,0.265008,0.235063,0.086,0
1410,1504,2,27,0,-1,1.43096,9.94933,1,-0.370773,0.322782,0.092,1
1410,1504,2,27,1,0,0.582622,10.573,4,-0.543337,0.0732904,0.092,1
1410,1504,2,27,2,1,0.610949,9.21138,3,-0.139295,0.0753946,0.092,1
1410,1504,2,27,3,1,1.90619,10.6734,3,-0.575331,0.565077,0.092,1
1410,1505,2,29,0,-1,16.8406,-11.1821,1,0.188572,-0.040145,0.089,0
1410,1505,2,29,1,0,17.904,-11.1572,4,0.227274,0.704406,0.089,0
1410,1507,2,24,0,-1,8.79487,11.5505,1,0.359094,-0.250491,0.089,1
1410,1507,2,24,1,0,9.5917,10.8767,4,0.231947,-0.391675,0.089,1
1410,1507,2,24,2,1,9.62889,12.3124,3,0.410499,-0.403295,0.089,1
1410,1507,2,24,3,1,8.22987,10.9653,3,0.239351,-0.228711,0.089,1
1410,1508,2,26,0,-1,-3.29857,5.97092,1,-0.303891,0.299053,0.09,1
1410,1508,2,26,1,0,-2.88249,5.11712,4,-0.287027,0.281624,0.09,1
1410,1508,2,26,2,1,-2.52257,6.49061,3,-0.206947,0.30123,0.09,1
1410,1508,2,26,3,1,-3.95157,5.98275,3,-0.468105,-0.0631055,0.09,1
1410,1509,2,28,0,-1,2.97574,6.17951,1,-0.166333,-0.606897,0.093,1
1410,1509,2,28,1,0,3.5608,5.29826,4,0.257025,-0.319074,0.093,1
1410,1509,2,28,2,1,4.05709,6.57059,3,-0.292079,-0.101729,0.093,1
1410,1509,2,28,3,1,2.26359,5.5908,3,0.108145,-0.885038,0.093,1
1410,1510,2,26,0,-1,-1.36474,7.50932,1,0.131649,-0.432538,0.092,1
1410,1510,2,26,1,0,-0.948894,6.53527,4,0.108507,-0.427774,0.092,1
1410,1510,2,26,2,1,-0.372937,7.76037,3,0.236962,-0.464445,0.092,1
1410,1510,2,26,3,1,-2.13468,7.09899,3,-0.019938,-0.694099,0.092,1
1410,1511,2,25,0,-1,8.89332,10.7425,1,0.0686778,-0.289021,0.088,0
1410,1514,2,27,0,-1,-3.83118,5.25163,1,0.460472,-0.286347,0.09,0
1410,1514,2,27,1,0,-4.9313,5.10439,4,0.338595,0.483588,0.09,0
1410,1514,2,27,2,1,-3.83506,4.1812,3,-0.48959,-0.64182,0.09,0
1410,1516,2,28,0,-1,-4.89118,-14.3743,1,-0.128866,0.0595604,0.093,0
1410,1518,2,28,0,-1,0.634142,-15.0528,1,0.81427,0.676972,0.091,1
1410,1518,2,28,1,0,1.0705,-14.0853,4,0.972165,0.572094,0.091,1
1410,1518,2,28,2,1,-0.290928,-14.1737,3,0.977528,0.37045,0.091,1
1410,1518,2,28,3,1,1.50175,-15.3426,3,0.201473,0.305853,0.091,1
1410,1519,2,27,0,-1,2.43193,12.2972,1,0.488928,-0.370438,0.09,1
1410,1519,2,27,1,0,3.50041,12.4671,4,0.468628,0.225522,0.09,1
1410,1519,2,27,2,1,2.93684,13.7349,3,0.155815,0.0161533,0.09,1
1410,1519,2,27,3,1,2.92822,11.2714,3,0.602922,0.233686,0.09,1
1410,1524,2,24,0,-1,8.22126,7.83879,1,0.499595,-0.0939369,0.09,0
1410,1524,2,24,1,0,7.2127,7.55627,4,0.50562,-0.121063,0.09,0
1410,1527,2,27,0,-1,-1.7607,-19.2438,1,1.28495,-0.439919,0.09,0
1410,1528,2,27,0,-1,-2.11959,-20.0849,1,-0.139549,0.24116,0.09,0
1440,1346,2,24,0,-1,-15.1837,-11.5064,1,0.145985,-0.0529616,0.091,1
1440,1346,2,24,1,0,-15.2662,-10.4617,4,-0.125456,-0.0814465,0.091,1
1440,1346,2,24,3,1,-14.359,-11.4379,3,0.0694471,0.0967697,0.091,1
1440,1355,2,26,0,-1,10.9792,-8.43464,1,-0.350352,0.841854,0.088,1
1440,1355,2,26,1,0,10.5731,-7.43341,4,-0.132817,0.781627,0.088,1
1440,1355,2,26,2,1,10.1845,-8.81326,3,-0.649352,0.688615,0.088,1
1440,1355,2,26,3,1,11.7917,-7.93864,3,-0.331205,0.287342,0.088,1
1440,1408,2,26,0,-1,-9.1141,-11.9386,1,-0.0468364,-0.559128,0.089,1
1440,1408,2,26,1,0,-10.1512,-11.9951,4,-0.0752549,0.241365,0.089,1
1440,1408,2,26,2,1,-9.28311,-13.2967,3,-1.02349,-0.439102,0.089,1
1440,1408,2,26,3,1,-9.11275,-11.085,3,0.590093,-0.550624,0.089,1
1440,1423,2,27,0,-1,-8.66792,11.748,1,-0.0531305,0.085317,0.086,1
1440,1423,2,27,1,0,-8.83591,12.7816,4,0.207562,0.150544,0.086,1
1440,1423,2,27,2,1,-9.7328,11.6569,3,-0.196943,0.479904,0.086,1
1440,1424,2,23,0,-1,15.3549,16.0892,1,-0.237242,0.201805,0.089,1
1440,1424,2,23,1,0,14.829,15.1251,4,-0.358203,0.258666,0.089,1
1440,1424,2,23,2,1,16.2407,15.2585,3,-0.352318,0.115651,0.089,1
1440,1424,2,23,3,1,14.2597,16.3248,3,-0.172688,0.343207,0.089,1
1440,1426,2,23,0,-1,16.8763,-5.13503,1,0.217405,0.339996,0.09,1
1440,1426,2,23,1,0,17.7934,-5.62756,4,0.188892,0.26971,0.09,1
1440,1426,2,23,2,1,17.5078,-4.22328,3,0.248809,0.276404,0.09,1
1440,1426,2,23,3,1,16.336,-5.84274,3,0.178513,0.365668,0.09,1
1440,1433,2,25,0,-1,-9.49754,20.8122,1,-0.229308,-0.333629,0.09,1
1440,1433,2,25,1,0,-9.58108,19.7637,4,-0.418861,-0.319684,0.09,1
1440,1433,2,25,2,1,-8.43649,20.6177,3,-0.240566,-0.550317,0.09,1
1440,1433,2,25,3,1,-10.3286,20.8655,3,-0.210222,-0.177143,0.09,1
1440,1448,2,27,0,-1,18.1032,-6.35435,1,0.173353,0.162117,0.088,1
1440,1448,2,27,1,0,18.5254,-5.40817,4,0.293042,0.0827233,0.088,1
1440,1448,2,27,2,1,17.1499,-5.93613,3,0.202978,0.264627,0.088,1
1440,1448,2,27,3,1,18.7696,-6.75606,3,0.199218,0.059854,0.088,1
1440,1455,2,28,0,-1,9.41898,-14.8117,1,-0.596045,0.0282013,0.087,1
1440,1455,2,28,1,0,9.46532,-13.73,4,-0.18666,-0.0351595,0.087,1
1440,1455,2,28,2,1,8.14602,-14.3949,3,-0.269183,0.115483,0.087,1
1440,1455,2,28,3,1,10.4066,-14.7099,3,-0.514125,-0.362139,0.087,1
1440,1462,2,26,0,-1,-17.3665,-1.06745,1,-0.11671,0.462665,0.089,1
1440,1462,2,26,1,0,-17.5519,-0.0322305,4,-0.0245819,0.481491,0.089,1
1440,1462,2,26,2,1,-18.5599,-1.18743,3,-0.173644,0.687387,0.089,1
1440,1462,2,26,3,1,-16.5393,-0.894795,3,-0.0914069,0.344364,0.089,1
1440,1464,2,23,0,-1,5.35822,-2.2049,1,0.126334,-0.171621,0.089,1
1440,1464,2,23,1,0,6.30815,-2.69451,4,-0.0217996,-0.499607,0.089,1
1440,1464,2,23,2,1,6.15494,-1.27187,3,0.551284,-0.446247,0.089,1
1440,1464,2,23,3,1,4.89335,-3.03886,3,-0.0834565,-0.151362,0.089,1
1440,1467,2,27,0,-1,-0.13825,-10.8654,1,0.327395,-0.206709,0.092,1
1440,1467,2,27,1,0,0.972633,-11.1365,4,0.53793,0.251939,0.092,1
1440,1467,2,27,2,1,0.919374,-9.69288,3,0.317576,0.273372,0.092,1
1440,1467,2,27,3,1,-0.16061,-11.7488,3,0.471944,0.577369,0.092,1
1440,1476,2,24,0,-1,4.55781,-2.37524,1,0.11655,-0.0940305,0.088,0
1440,1476,2,24,1,0,3.65783,-1.84587,4,0.174764,-0.079324,0.088,0
1440,1476,2,24,2,1,3.89704,-3.26817,3,-0.0238844,-0.139034,0.088,0
1440,1483,2,25,0,-1,-20.5456,-9.26575,1,-0.0555809,0.559558,0.092,1
1440,1483,2,25,1,0,-20.4308,-8.22021,4,0.180004,0.532724,0.092,1
1440,1483,2,25,2,1,-21.6349,-8.99939,3,0.0216633,0.774198,0.092,1
1440,1483,2,25,3,1,-19.7133,-9.33865,3,-0.0774379,0.366022,0.092,1
1440,1493,2,28,0,-1,-11.7717,11.3886,1,-0.552567,0.0417877,0.087,1
1440,1493,2,28,1,0,-11.892,12.4295,4,-0.527003,0.162729,0.087,1
1440,1493,2,28,2,1,-12.8883,11.3835,3,-0.58194,0.233405,0.087,1
1440,1507,2,24,0,-1,10.8145,10.3688,1,-0.200029,-0.0975988,0.089,1
1440,1507,2,24,1,0,9.76834,10.5057,4,-0.184003,0.0316027,0.089,1
1440,1507,2,24,2,1,10.4981,9.27828,3,-0.385082,-0.074284,0.089,1
1440,1507,2,24,3,1,10.8761,11.2488,3,-0.0617996,-0.167275,0.089,1
1440,1509,2,28,0,-1,9.28947,-4.55313,1,0.452084,-0.134696,0.093,1
1440,1509,2,28,1,0,9.47388,-5.59664,4,0.0397161,-0.200977,0.093,1
1440,1509,2,28,2,1,10.3989,-4.58916,3,0.495197,-0.619392,0.093,1
1440,1509,2,28,3,1,8.44333,-4.7686,3,0.283631,0.0956846,0.093,1
1440,1510,2,26,0,-1,-0.75069,1.80919,1,0.285504,0.577435,0.092,1
1440,1510,2,26,1,0,-0.920023,2.8705,4,-0.130273,0.453287,0.092,1
1440,1510,2,26,2,1,-2.08298,2.16908,3,-0.617667,0.915281,0.092,1
1440,1510,2,26,3,1,0.328537,2.37612,3,-0.124305,0.327742,0.092,1
1440,1511,2,25,0,-1,16.54,6.47171,1,-0.31578,-0.111373,0.088,1
1440,1511,2,25,1,0,15.9321,7.15936,4,-0.232934,-0.0301284,0.088,1
1440,1511,2,25,2,1,17.0752,6.40608,3,-0.338785,-0.18,0.088,1
1440,1511,2,25,3,1,16.691,5.94786,3,-0.415383,-0.145823,0.088,1
1440,1516,2,28,0,-1,-4.27951,-14.216,1,0.0633012,0.731041,0.093,1
1440,1516,2,28,1,0,-5.05623,-13.4995,4,-0.29697,0.334674,0.093,1
1440,1516,2,28,2,1,-5.28823,-14.9319,3,0.288085,0.225864,0.093,1
1440,1516,2,28,3,1,-3.72457,-13.478,3,-0.30166,1.15529,0.093,1
1440,1519,2,27,0,-1,7.26877,9.33914,1,0.326573,-0.377914,0.09,1
1440,1519,2,27,1,0,8.32302,9.34079,4,0.341274,-0.0561802,0.09,1
1440,1519,2,27,2,1,7.46561,10.3988,3,-0.00386591,-0.317663,0.09,1
1440,1519,2,27,3,1,7.33211,8.4679,3,0.67936,-0.413865,0.09,1
1440,1524,2,24,0,-1,5.13267,10.972,1,0.413454,0.195845,0.09,1
1440,1524,2,24,1,0,6.06463,11.4616,4,0.262186,0.47911,0.09,1
1440,1524,2,24,2,1,4.73626,12.027,3,0.0971299,0.111212,0.09,1
1440,1524,2,24,3,1,5.56232,10.2372,3,0.657108,0.31795,0.09,1
1440,1529,2,29,0,-1,2.49372,0.237179,1,-0.744008,0.117967,0.093,1
1440,1529,2,29,1,0,1.97603,1.16127,4,0.00847814,0.530959,0.093,1
1440,1529,2,29,2,1,1.38751,-0.0646338,3,-0.955206,0.967355,0.093,1
1440,1529,2,29,3,1,3.27528,0.794738,3,-0.299775,-0.596479,0.093,1
1440,1533,2,29,0,-1,8.8851,-14.2422,1,-0.222009,0.452673,0.086,0
1440,1533,2,29,1,0,9.9333,-14.2001,4,-0.1949,-0.0993044,0.086,0
1440,1533,2,29,2,1,8.75961,-13.3144,3,0.288107,0.541225,0.086,0
1440,1534,2,27,0,-1,10.6269,-9.40989,1,-0.915904,0.133874,0.088,1
1440,1534,2,27,1,0,9.52287,-9.2927,4,-0.914712,0.0111579,0.088,1
1440,1534,2,27,2,1,10.1792,-10.5691,3,-0.654198,0.141753,0.088,1
1440,1534,2,27,3,1,10.161,-8.1207,3,-0.544006,-0.13351,0.088,1
1440,1537,2,27,0,-1,0.318914,7.11745,1,-0.496147,-0.09889,0.093,1
1440,1537,2,27,1,0,-0.401523,6.33698,4,-0.244302,-0.317674,0.093,1
1440,1537,2,27,2,1,0.937178,6.28545,3,-0.291468,-0.262005,0.093,1
1440,1537,2,27,3,1,-0.362597,7.66573,3,-0.709476,-0.24725,0.093,1
1440,1538,2,27,0,-1,-9.74189,-11.4016,1,0.387079,-0.0308446,0.089,0
1440,1539,46,24,0,-1,15.5977,16.9333,1,-0.168902,0.185296,0.114,0
1440,1539,46,24,1,0,15.8297,18.0205,4,-0.0528306,0.185065,0.114,0
1440,1539,46,24,2,1,14.5196,17.4104,3,-0.162013,0.45733,0.114,0
1440,1539,46,24,3,1,16.3815,16.8693,3,-0.200613,0.130389,0.114,0
1440,1539,46,24,4,3,14.9363,16.6486,3,-0.231557,0.404141,0.114,0
1440,1541,2,30,0,-1,6.08997,1.19663,1,-0.226061,0.347387,0.092,1
1440,1541,2,30,1,0,5.91504,2.23427,4,-0.010948,0.387407,0.092,1
1440,1541,2,30,2,1,5.05802,1.17478,3,-0.293447,0.640341,0.092,1
1440,1541,2,30,3,1,6.94175,1.40237,3,-0.159383,0.203668,0.092,1
1440,1542,2,28,0,-1,18.8644,-6.0361,1,0.222857,0.0594008,0.088,0
1440,1542,2,28,1,0,19.3697,-5.11471,4,0.291583,0.0325286,0.088,0
1440,1547,2,26,0,-1,-11.5259,-14.4511,1,0.678875,-0.185299,0.091,1
1440,1547,2,26,1,0,-10.4765,-14.5639,4,0.646241,-0.341434,0.091,1
1440,1547,2,26,2,1,-11.0688,-13.2871,3,0.75627,-0.288916,0.091,1
1440,1547,2,26,3,1,-11.5805,-15.3035,3,0.507025,-0.163914,0.091,1
1440,1548,2,28,0,-1,11.4407,14.4413,1,0.382188,0.236941,0.09,1
1440,1548,2,28,1,0,11.908,15.3761,4,0.00723136,0.40097,0.09,1
1440,1548,2,28,2,1,10.581,15.0745,3,0.0660936,0.0758046,0.09,1
1440,1548,2,28,3,1,12.2163,14.0475,3,0.492171,0.50316,0.09,1
1440,1549,2,29,0,-1,9.24701,-3.74527,1,0.539186,-0.145913,0.094,0
1440,1549,2,29,1,0,10.2988,-3.66196,4,0.57691,-0.714159,0.094,0
1440,1549,2,29,2,1,9.33809,-2.72258,3,0.902687,-0.377229,0.094,0
1440,1551,2,28,0,-1,1.11385,6.96657,1,-0.454515,0.23758,0.092,0
1440,1552,2,25,0,-1,11.5339,10.0006,1,-0.242261,-0.154311,0.09,0
1440,1552,2,25,1,0,12.2182,9.20432,4,-0.157644,-0.0676541,0.09,0
1440,1552,2,25,2,1,12.4772,10.6255,3,-0.380797,-0.0235123,0.09,0
1440,1554,2,25,0,-1,-15.5286,-12.2323,1,0.430248,-0.175246,0.091,0
1440,1557,2,29,0,-1,12.2051,14.7036,1,0.301927,0.605381,0.091,0
1440,1557,2,29,1,0,13.2309,14.8838,4,0.408698,0.229688,0.091,0
1440,1559,2,27,0,-1,-0.43802,1.05374,1,-0.371165,0.237157,0.093,0
1440,1559,2,27,1,0,0.365892,0.38729,4,-0.683306,-0.186669,0.093,0
1440,1559,2,27,2,1,0.034927,1.69445,3,-0.0288962,-0.0273525,0.093,0
1440,1563,2,29,0,-1,-10.9504,11.3896,1,0.0212853,-0.239218,0.087,1
1440,1563,2,29,1,0,-10.7472,12.4163,4,0.204827,-0.288709,0.087,1
1440,1563,2,29,2,1,-11.8677,11.508,3,0.117721,-0.171914,0.087,1
1440,1564,2,28,0,-1,-0.946091,-10.4628,1,0.899099,0.941972,0.091,0
1440,1564,2,28,1,0,-1.04152,-11.4961,4,0.398224,1.06113,0.091,0
1470,1355,2,26,0,-1,16.4564,-10.517,1,-0.136263,0.0849392,0.088,1
1470,1355,2,26,1,0,15.7647,-9.7309,4,0.1424,0.23604,0.088,1
1470,1355,2,26,2,1,15.4961,-11.194,3,0.0474512,0.218331,0.088,1
1470,1355,2,26,3,1,17.0985,-9.84063,3,0.143783,-0.163928,0.088,1
1470,1408,2,26,0,-1,-14.9875,-14.9119,1,-0.221604,-0.183279,0.089,1
1470,1408,2,26,1,0,-15.9751,-15.2546,4,-0.273365,-0.0591376,0.089,1
1470,1408,2,26,2,1,-14.6412,-16.0523,3,-0.368955,-0.212365,0.089,1
1470,1408,2,26,3,1,-15.2662,-14.1233,3,-0.147648,-0.144671,0.089,1
1470,1423,2,27,0,-1,-8.57753,12.4849,1,0.251444,-0.00257189,0.086,1
1470,1423,2,27,1,0,-8.0238,13.4317,4,0.12995,0.136274,0.086,1
1470,1423,2,27,2,1,-9.46408,13.2739,3,0.121324,0.206307,0.086,1
1470,1433,2,25,0,-1,-11.4964,16.3508,1,0.171057,-0.357462,0.09,1
1470,1433,2,25,1,0,-10.616,15.7548,4,0.178601,-0.376409,0.09,1
1470,1433,2,25,2,1,-10.6339,17.2305,3,-0.0318088,-0.410443,0.09,1
1470,1433,2,25,3,1,-11.9186,15.5775,3,0.179292,-0.399318,0.09,1
1470,1455,2,28,0,-1,14.0994,-11.4987,1,-0.0233888,0.456989,0.087,1
1470,1455,2,28,1,0,13.8232,-10.4217,4,-0.25211,0.427301,0.087,1
1470,1455,2,28,2,1,12.8138,-11.4937,3,0.136214,0.279971,0.087,1
1470,1455,2,28,3,1,15.1202,-10.6806,3,-0.353059,0.481827,0.087,1
1470,1462,2,26,0,-1,-11.2234,-2.36749,1,-0.334052,-0.632519,0.089,1
1470,1462,2,26,1,0,-11.1994,-3.4218,4,0.130768,-0.609099,0.089,1
1470,1462,2,26,2,1,-9.96755,-2.48615,3,-0.249814,-0.135207,0.089,1
1470,1462,2,26,3,1,-12.1189,-2.45779,3,-0.291162,-0.958202,0.089,1
1470,1467,2,27,0,-1,-0.969487,-20.9448,1,-0.501781,0.281191,0.092,1
1470,1467,2,27,1,0,-1.49138,-20.0332,4,-0.601522,0.211767,0.092,1
1470,1467,2,27,2,1,-1.92536,-21.4078,3,-0.258197,0.104852,0.092,1
1470,1467,2,27,3,1,-0.271789,-20.5428,3,-0.557421,0.275998,0.092,1
1470,1493,2,28,0,-1,-10.5717,13.7049,1,-0.0207822,0.0397485,0.087,1
1470,1493,2,28,1,0,-9.6159,14.1332,4,-0.101863,0.229371,0.087,1
1470,1493,2,28,2,1,-10.9736,14.6078,3,-0.129281,0.162012,0.087,1
1470,1507,2,24,0,-1,14.4128,12.8034,1,-0.588049,-0.00633136,0.089,1
1470,1507,2,24,1,0,13.8688,13.7562,4,-0.090911,0.241119,0.089,1
1470,1507,2,24,2,1,13.0907,12.5208,3,-0.498321,0.434751,0.089,1
1470,1507,2,24,3,1,15.1908,14.0611,3,-0.0182447,0.0591426,0.089,1
1470,1510,2,26,0,-1,-1.07136,-1.57034,1,0.317576,-0.673853,0.092,1
1470,1510,2,26,1,0,-0.0174224,-1.4804,4,0.281763,-0.190003,0.092,1
1470,1510,2,26,2,1,-0.873847,-0.430887,3,-0.322926,-0.72671,0.092,1
1470,1510,2,26,3,1,-0.92696,-2.45415,3,0.553135,-0.393124,0.092,1
1470,1516,2,28,0,-1,-10.1339,-7.76162,1,-0.238202,-0.0959613,0.093,1
1470,1516,2,28,1,0,-11.1805,-7.54507,4,-0.397628,-0.364962,0.093,1
1470,1516,2,28,2,1,-10.9256,-8.99786,3,-0.590607,-0.218949,0.093,1
1470,1516,2,28,3,1,-9.99676,-6.94591,3,-0.572779,-0.0565109,0.093,1
1470,1526,2,26,0,-1,-10.714,16.4768,1,0.19264,-0.44435,0.091,0
1470,1533,2,29,0,-1,10.1846,-15.0966,1,-0.0232397,-0.529227,0.086,1
1470,1533,2,29,1,0,9.38018,-15.8392,4,-0.20557,-0.371925,0.086,1
1470,1533,2,29,2,1,10.7976,-16.1813,3,-0.229147,-0.2309,0.086,1
1470,1533,2,29,3,1,9.45501,-14.537,3,-0.13845,-0.39757,0.086,1
1470,1534,2,27,0,-1,0.6602,-11.8587,1,0.142404,0.466076,0.088,1
1470,1534,2,27,1,0,-0.0816187,-11.093,4,0.0566707,0.377247,0.088,1
1470,1534,2,27,2,1,0.136031,-12.5572,3,0.50879,0.443873,0.088,1
1470,1534,2,27,3,1,1.22488,-11.2342,3,0.0367827,0.231528,0.088,1
1470,1537,2,27,0,-1,3.99742,0.12149,1,0.127783,-0.699937,0.093,1
1470,1537,2,27,1,0,4.10584,-0.92771,4,-0.0714087,-0.706255,0.093,1
1470,1537,2,27,2,1,5.06168,0.0121584,3,0.180173,-0.935275,0.093,1
1470,1537,2,27,3,1,3.15756,0.00536814,3,0.059598,-0.552957,0.093,1
1470,1538,2,27,0,-1,-19.6337,-10.0287,1,-0.352877,-0.194378,0.089,1
1470,1538,2,27,1,0,-20.6785,-10.0456,4,-0.371752,0.400523,0.089,1
1470,1538,2,27,2,1,-19.7513,-11.2746,3,-0.338776,0.46473,0.089,1
1470,1538,2,27,3,1,-19.6516,-9.18118,3,0.161766,-0.23276,0.089,1
1470,1547,2,26,0,-1,-17.5448,-16.373,1,-0.422545,0.205447,0.091,1
1470,1547,2,26,1,0,-18.544,-16.0346,4,-0.447807,0.141759,0.091,1
1470,1547,2,26,2,1,-18.1947,-17.4084,3,-0.162944,0.228746,0.091,1
1470,1547,2,26,3,1,-17.3204,-15.5123,3,-0.502106,0.278965,0.091,1
1470,1552,2,25,0,-1,11.9571,12.9949,1,-0.607187,0.405417,0.09,1
1470,1552,2,25,1,0,10.9023,12.9847,4,-0.606601,0.653467,0.09,1
1470,1552,2,25,2,1,11.7823,11.8661,3,-0.846282,0.458983,0.09,1
1470,1552,2,25,3,1,11.9255,13.8357,3,-0.311355,0.304075,0.09,1
1470,1559,2,27,0,-1,-5.02127,4.38921,1,0.0537801,0.538071,0.093,1
1470,1559,2,27,1,0,-4.62575,5.34251,4,-0.163559,0.631993,0.093,1
1470,1559,2,27,2,1,-5.87488,4.80236,3,-0.0408109,0.326778,0.093,1
1470,1559,2,27,3,1,-4.31027,4.02061,3,0.112192,0.699283,0.093,1
1470,1563,2,29,0,-1,-12.0039,13.0586,1,-0.191541,-0.248856,0.087,1
1470,1563,2,29,1,0,-12.9776,13.4643,4,0.0640732,0.385773,0.087,1
1470,1563,2,29,2,1,-12.6243,12.0637,3,-0.946682,0.12295,0.087,1
1470,1564,2,28,0,-1,-2.4335,-12.1952,1,-0.10062,0.651011,0.091,1
1470,1564,2,28,1,0,-2.2942,-11.1275,4,-0.530213,0.60413,0.091,1
1470,1564,2,28,2,1,-3.63759,-11.7048,3,-0.0401172,-0.602667,0.091,1
1470,1564,2,28,3,1,-1.43231,-12.1773,3,-0.526046,0.557318,0.091,1
1470,1567,2,27,0,-1,-17.2316,-17.1199,1,0.031029,0.380964,0.092,0
1470,1570,2,30,0,-1,-9.1173,11.8069,1,-0.143234,-0.00960794,0.088,1
1470,1570,2,30,1,0,-10.0914,12.1774,4,-0.189485,-0.11182,0.088,1
1470,1570,2,30,2,1,-9.38266,10.9265,3,-0.276037,-0.168421,0.088,1
1470,1572,2,28,0,-1,-0.836819,-8.03135,1,-0.505637,-0.226,0.089,1
1470,1572,2,28,1,0,-1.9093,-8.25094,4,-0.692677,-0.101547,0.089,1
1470,1572,2,28,2,1,-0.780716,-9.12295,3,-0.7264,0.113901,0.089,1
1470,1572,2,28,3,1,-1.33222,-7.07165,3,-0.964109,-0.0280487,0.089,1
1470,1574,47,29,0,-1,-4.47435,-13.3926,1,-0.219305,-0.309309,0.116,1
1470,1574,47,29,1,0,-5.03737,-11.9479,1,0.354931,-0.0931751,0.116,1
1470,1574,47,29,2,0,-4.51482,-14.4606,4,-0.297743,-0.331176,0.116,1
1470,1574,47,29,3,2,-3.25628,-13.756,3,-0.146484,-0.395346,0.116,1
1470,1574,47,29,4,2,-5.31493,-13.4077,3,-0.197493,-0.281637,0.116,1
1470,1576,2,27,0,-1,12.0513,-13.124,1,-0.149848,-0.489341,0.089,1
1470,1576,2,27,1,0,11.4955,-14.0187,4,-0.40363,-0.304015,0.089,1
1470,1576,2,27,2,1,12.9237,-13.7572,3,-0.256937,-0.975871,0.089,1
1470,1576,2,27,3,1,11.2858,-12.7032,3,-0.0402687,-0.215895,0.089,1
1470,1579,2,27,0,-1,-0.888641,2.00892,1,0.200469,-0.213363,0.091,1
1470,1579,2,27,1,0,-0.0138917,2.34082,4,0.0042486,0.197863,0.091,1
1470,1579,2,27,2,1,-1.04211,1.35442,3,0.274895,-0.21758,0.091,1
1470,1579,2,27,3,1,-1.32507,1.78346,3,0.211763,-0.191859,0.091,1
1470,1580,2,31,0,-1,-7.52147,9.95687,1,-0.465484,-0.45513,0.087,1
1470,1580,2,31,1,0,-7.76708,8.93645,4,-0.356946,-0.801394,0.087,1
1470,1580,2,31,2,1,-6.28009,8.94505,3,-0.588411,-0.773725,0.087,1
1470,1581,2,28,0,-1,-14.169,-11.3279,1,0.597908,-0.187136,0.088,1
1470,1581,2,28,1,0,-13.2459,-10.7879,4,0.302499,0.330499,0.088,1
1470,1581,2,28,2,1,-14.5631,-9.90186,3,-0.141988,-0.312818,0.088,1
1470,1581,2,28,3,1,-13.462,-12.0937,3,1.0313,0.251814,0.088,1
1470,1582,2,30,0,-1,10.979,-15.3127,1,-0.0371189,-0.750549,0.085,0
1470,1582,2,30,1,0,10.1076,-15.8657,4,-0.113178,-0.533452,0.085,0
1470,1582,2,30,2,1,11.5264,-16.2581,3,-0.128378,-0.914686,0.085,0
1470,1583,2,28,0,-1,-0.894912,-11.6088,1,0.0201029,0.405183,0.091,1
1470,1583,2,28,1,0,-0.904617,-10.5993,4,0.179513,0.50311,0.091,1
1470,1583,2,28,2,1,-1.88198,-11.6717,3,0.0164306,0.766234,0.091,1
1470,1583,2,28,3,1,-0.130078,-11.7169,3,0.0390287,0.441968,0.091,1
1470,1586,2,25,0,-1,14.6913,12.0304,1,-0.827213,0.00397178,0.09,0
1470,1586,2,25,1,0,15.1278,13.0082,4,0.128856,-0.356897,0.09,0
1470,1586,2,25,2,1,13.748,12.5538,3,0.132777,0.338169,0.09,0
1470,1587,2,29,0,-1,-14.0779,-10.5403,1,0.109555,-0.121275,0.089,0
1470,1587,2,29,1,0,-13.1829,-10.0029,4,-0.0214551,0.149043,0.089,0
1470,1588,48,29,0,-1,-3.46954,-16.174,1,0.27427,-0.153544,0.116,1
1470,1588,48,29,1,0,-2.61153,-16.8045,4,0.216504,-0.174563,0.116,1
1470,1588,48,29,2,0,-3.18906,-17.1982,3,0.0970571,-0.269313,0.116,1
1470,1588,48,29,3,1,-2.70181,-15.3286,3,0.393701,-0.122772,0.116,1
1470,1588,48,29,4,1,-3.93103,-16.8191,3,0.223419,-0.0384643,0.116,1
1470,1589,2,27,0,-1,-15.2903,-15.6563,1,-0.344125,-0.134846,0.088,0
1470,1589,2,27,1,0,-15.111,-16.6951,4,-0.411774,-0.145486,0.088,0
1470,1590,2,26,0,-1,14.9219,5.50844,1,-0.0592576,-0.543014,0.091,1
1470,1590,2,26,1,0,13.9727,5.36708,4,-0.151848,-0.263387,0.091,1
1470,1590,2,26,2,1,15.3679,5.29596,3,-0.1659,-0.868724,0.091,1
1470,1590,2,26,3,1,15.2443,4.83823,3,-0.380786,-0.693198,0.091,1
1470,1591,49,29,0,-1,13.4797,-11.0447,1,-0.42471,0.105668,0.112,0
1470,1591,49,29,1,0,12.4389,-11.0751,4,-0.579186,0.555999,0.112,0
1470,1591,49,29,2,0,13.2325,-9.7511,1,-0.421766,0.0328326,0.112,0
1470,1592,2,28,0,-1,-4.2591,4.69632,1,0.0277521,0.557032,0.092,0
1470,1592,2,28,1,0,-3.21625,4.84884,4,0.120144,-0.248321,0.092,0
1470,1594,2,28,0,-1,-18.9248,-9.65814,1,-0.539694,0.252649,0.09,0
1470,1594,2,28,1,0,-17.9116,-9.89691,4,-0.690543,-0.517813,0.09,0
1470,1594,2,28,2,1,-18.4541,-8.40674,3,0.831873,0.0201508,0.09,0
1470,1595,2,28,0,-1,2.89956,-22.9489,1,0.0391093,-0.786884,0.093,1
1470,1595,2,28,1,0,3.78955,-23.5172,4,0.37449,-0.270239,0.093,1
1470,1595,2,28,2,1,3.74996,-22.0582,3,-0.623491,-0.297749,0.093,1
1470,1595,2,28,3,1,2.47589,-23.5964,3,0.450072,0.649056,0.093,1
1470,1596,2,28,0,-1,-8.66487,13.2367,1,0.0339016,-0.0374483,0.087,0
1470,1596,2,28,1,0,-7.66596,12.8093,4,-0.127242,-0.183952,0.087,0
1470,1599,2,27,0,-1,15.6452,-12.0864,1,0.2205,0.100986,0.089,1
1470,1599,2,27,1,0,14.7582,-12.6294,4,0.15969,-0.120838,0.089,1
1470,1599,2,27,2,1,16.0757,-13.2694,3,0.038308,-0.174132,0.089,1
1470,1599,2,27,3,1,14.8147,-11.2627,3,0.13928,-0.314135,0.089,1
1470,1600,48,30,0,-1,-2.67586,-16.1121,1,0.292735,-0.146795,0.117,0
1470,1600,48,30,1,0,-1.72015,-16.6312,4,-0.136862,-0.805606,0.117,0
1470,1600,48,30,2,0,-1.62121,-16.0696,3,0.482361,-0.912427,0.117,0
1470,1603,2,28,0,-1,-1.2702,2.71311,1,0.33797,-0.129604,0.092,0
1470,1603,2,28,1,0,-1.49941,3.73443,4,-0.104571,-0.22392,0.092,0
1470,1604,2,27,0,-1,14.4138,6.14109,1,0.245844,-0.305618,0.092,0
1470,1605,2,29,0,-1,-0.0981249,-8.49972,1,0.105505,0.599411,0.09,0
1470,1605,2,29,1,0,-0.222473,-9.57946,4,-0.281134,0.751319,0.09,0
1470,1605,2,29,2,1,1.24059,-9.31934,3,-0.110641,-0.1144,0.09,0
1470,1606,2,28,0,-1,14.8847,-11.8878,1,-0.0664471,-0.791239,0.088,0
1470,1606,2,28,1,0,14.0411,-12.45,4,-0.396095,-0.258754,0.088,0
1470,1607,2,29,0,-1,-11.3644,13.8461,1,-0.0154645,0.025058,0.086,0
1470,1607,2,29,1,0,-12.102,14.5896,4,-0.0563969,-0.0207865,0.086,0
1470,1608,47,30,0,-1,-3.70498,-13.4957,1,-0.440367,-0.102995,0.115,0
1470,1609,2,29,0,-1,-10.7677,-8.20394,1,-0.511417,0.170952,0.093,0
1470,1610,2,32,0,-1,-8.20029,10.4943,1,0.340762,0.150067,0.087,0
1500,1355,2,26,0,-1,18.7462,-5.48446,1,0.488524,-0.266369,0.088,1
1500,1355,2,26,1,0,19.7985,-5.56785,4,0.499917,-0.175964,0.088,1
1500,1355,2,26,2,1,18.9235,-4.41943,3,0.382643,-0.271345,0.088,1
1500,1355,2,26,3,1,18.711,-6.32991,3,0.531301,-0.214311,0.088,1
1500,1455,2,28,0,-1,14.9314,-10.147,1,0.524869,-0.192805,0.087,1
1500,1455,2,28,1,0,15.9823,-10.3157,4,0.564261,0.0758778,0.087,1
1500,1455,2,28,2,1,15.1722,-9.10514,3,0.110093,-0.225856,0.087,1
1500,1455,2,28,3,1,14.8713,-11.0188,3,0.739476,-0.220644,0.087,1
1500,1462,2,26,0,-1,-12.0782,-6.68684,1,0.141274,-0.399753,0.089,1
1500,1462,2,26,1,0,-11.3652,-7.46131,4,0.350101,-0.197392,0.089,1
1500,1462,2,26,2,1,-11.1987,-5.92637,3,-0.0913762,-0.1464,0.089,1
1500,1462,2,26,3,1,-12.6715,-7.26754,3,0.274088,-0.591209,0.089,1
1500,1467,2,27,0,-1,-2.28312,-13.8882,1,0.0437298,-0.442469,0.092,1
1500,1467,2,27,1,0,-1.59186,-14.6968,4,0.378729,-0.169747,0.092,1
1500,1467,2,27,2,1,-1.37256,-13.2783,3,0.278985,-0.116357,0.092,1
1500,1467,2,27,3,1,-2.89996,-14.4985,3,0.277869,-0.837566,0.092,1
1500,1510,2,26,0,-1,3.06189,4.14211,1,0.0290665,-0.867536,0.092,1
1500,1510,2,26,1,0,3.11683,3.09119,4,0.324907,-0.639537,0.092,1
1500,1510,2,26,2,1,4.0611,4.09621,3,-0.596204,0.253298,0.092,1
1500,1510,2,26,3,1,2.31791,4.15491,3,-0.307965,-0.797545,0.092,1
1500,1537,2,27,0,-1,13.8002,-13.4523,1,0.373808,-0.123959,0.093,1
1500,1537,2,27,1,0,14.8409,-13.3892,4,0.343136,-0.204289,0.093,1
1500,1537,2,27,2,1,13.8463,-12.4701,3,0.646771,0.180916,0.093,1
1500,1537,2,27,3,1,13.8141,-14.2895,3,0.246377,-0.112088,0.093,1
1500,1552,2,25,0,-1,1.32229,7.45329,1,-0.0241276,0.135179,0.09,1
1500,1552,2,25,1,0,0.492129,6.80302,4,0.0384001,0.12771,0.09,1
1500,1552,2,25,2,1,1.75605,6.09169,3,-0.197501,-0.124127,0.09,1
1500,1552,2,25,3,1,0.7794,8.0977,3,-0.38409,0.374271,0.09,1
1500,1559,2,27,0,-1,0.186619,13.8204,1,0.141072,0.354291,0.093,1
1500,1559,2,27,1,0,0.739546,14.7037,4,0.251583,0.283771,0.093,1
1500,1559,2,27,2,1,-0.602863,14.542,3,0.235867,0.429742,0.093,1
1500,1559,2,27,3,1,0.863584,13.3433,3,0.0699564,0.265803,0.093,1
1500,1563,2,29,0,-1,-12.8065,13.291,1,0.0467184,-0.237677,0.087,1
1500,1563,2,29,1,0,-13.7789,12.9082,4,0.0473022,-0.238917,0.087,1
1500,1563,2,29,2,1,-12.4822,12.2766,3,0.0457981,-0.242769,0.087,1
1500,1564,2,28,0,-1,-11.9589,-9.90662,1,-0.158807,0.192283,0.091,1
1500,1564,2,28,1,0,-13.0033,-9.86541,4,-0.0942796,0.322405,0.091,1
1500,1564,2,28,2,1,-11.9414,-10.8615,3,-0.123921,0.265065,0.091,1
1500,1564,2,28,3,1,-11.9077,-9.10348,3,-0.078288,0.346065,0.091,1
1500,1570,2,30,0,-1,-9.35436,12.8911,1,0.161262,-0.301959,0.088,1
1500,1570,2,30,1,0,-10.2574,13.4229,4,0.405129,0.114408,0.088,1
1500,1570,2,30,2,1,-9.99704,11.9991,3,-0.239197,-3.68128e-05,0.088,1
1500,1572,2,28,0,-1,-10.9353,-3.16503,1,0.0325688,0.153362,0.089,1
1500,1572,2,28,1,0,-9.94979,-3.44097,4,-0.0307114,-0.0601361,0.089,1
1500,1572,2,28,2,1,-10.7151,-2.20044,3,0.170278,0.0966982,0.089,1
1500,1572,2,28,3,1,-11.2474,-3.84094,3,-0.141853,0.222191,0.089,1
1500,1574,47,29,0,-1,-13.1397,-11.9739,1,-0.252501,0.021607,0.116,1
1500,1574,47,29,1,0,-12.6695,-13.4305,1,-0.0901058,0.0604913,0.116,1
1500,1574,47,29,2,0,-13.2243,-10.9215,4,-0.300554,0.0180473,0.116,1
1500,1574,47,29,3,2,-14.2514,-11.9473,3,-0.165146,-0.120863,0.116,1
1500,1574,47,29,4,2,-12.0848,-11.6722,3,-0.157138,0.230103,0.116,1
1500,1580,2,31,0,-1,-10.7295,7.27376,1,-0.000797555,-8.03893e-05,0.087,1
1500,1580,2,31,1,0,-10.4136,8.26985,4,0.000437653,-0.00040002,0.087,1
1500,1580,2,31,2,1,-11.722,7.66286,3,-0.000421754,0.00170204,0.087,1
1500,1581,2,28,0,-1,-16.7768,-10.2473,1,-0.454636,-0.42206,0.088,1
1500,1581,2,28,1,0,-17.6948,-10.7898,4,-0.596345,-0.142487,0.088,1
1500,1581,2,28,2,1,-16.3029,-11.5159,3,-0.758563,-0.465476,0.088,1
1500,1581,2,28,3,1,-17.2977,-9.52758,3,-0.234328,-0.230482,0.088,1
1500,1583,2,28,0,-1,0.390353,-12.8631,1,0.194956,-0.118104,0.091,1
1500,1583,2,28,1,0,-0.471476,-12.2701,4,0.345439,0.115501,0.091,1
1500,1583,2,28,2,1,-0.291122,-13.7026,3,0.00162802,0.0881737,0.091,1
1500,1587,2,29,0,-1,-17.6061,-8.10753,1,-0.209142,-0.113544,0.089,1
1500,1587,2,29,1,0,-18.2788,-8.91901,4,-0.197611,-0.117985,0.089,1
1500,1587,2,29,2,1,-16.7076,-8.96417,3,-0.197947,-0.0288569,0.089,1
1500,1587,2,29,3,1,-18.279,-7.59721,3,-0.120737,-0.135823,0.089,1
1500,1588,48,29,0,-1,3.26914,-14.5762,1,-0.0745734,0.229213,0.116,1
1500,1588,48,29,1,0,2.42724,-13.9213,4,-0.101237,0.201291,0.116,1
1500,1588,48,29,2,0,3.01437,-13.5563,3,-0.134208,0.186527,0.116,1
1500,1588,48,29,3,1,2.48528,-15.3937,3,-0.00912593,0.22901,0.116,1
1500,1588,48,29,4,1,3.75304,-13.8799,3,-0.0750573,0.257728,0.116,1
1500,1591,49,29,0,-1,8.73346,3.20881,1,-0.111166,0.433372,0.112,1
1500,1591,49,29,1,0,8.60125,4.23276,4,-0.226204,0.45643,0.112,1
1500,1591,49,29,2,0,9.93044,3.79471,1,0.0915202,0.164969,0.112,1
1500,1591,49,29,3,1,7.84183,3.00082,3,-0.143544,0.400368,0.112,1
1500,1591,49,29,4,1,9.49267,3.22855,3,-0.206766,0.493907,0.112,1
1500,1592,2,28,0,-1,0.971974,14.0322,1,0.168583,0.255402,0.092,0
1500,1592,2,28,1,0,1.74216,13.3274,4,0.122184,0.205654,0.092,0
1500,1600,48,30,0,-1,2.47549,-14.6592,1,-0.0777612,0.209106,0.117,0
1500,1600,48,30,1,0,1.41051,-14.6297,4,-0.0852226,-0.0177494,0.117,0
1500,1600,48,30,2,0,1.52785,-15.1494,3,0.0236486,0.00234871,0.117,0
1500,1605,2,29,0,-1,-9.57322,-5.00739,1,-0.147542,-0.276603,0.09,1
1500,1605,2,29,1,0,-10.6273,-5.00236,4,-0.108469,-0.478891,0.09,1
1500,1605,2,29,2,1,-9.68208,-6.12836,3,0.521623,0.0686951,0.09,1
1500,1605,2,29,3,1,-9.59175,-4.19491,3,-0.256476,-0.207224,0.09,1
1500,1608,47,30,0,-1,-12.5476,-12.5249,1,-0.176107,0.16562,0.115,0
1500,1608,47,30,1,0,-13.7656,-13.4632,1,-0.367984,0.435448,0.115,0
1500,1608,47,30,2,0,-11.5213,-12.3145,4,-0.193953,0.151229,0.115,0
1500,1608,47,30,3,2,-12.6205,-11.3546,3,-0.285168,0.0575704,0.115,0
1500,1611,2,28,0,-1,-0.339402,-17.8193,1,0.31639,0.182287,0.093,1
1500,1611,2,28,1,0,-0.491197,-16.8295,4,0.350978,0.398858,0.093,1
1500,1611,2,28,2,1,-1.58672,-17.801,3,0.81231,0.0110747,0.093,1
1500,1611,2,28,3,1,0.478701,-17.818,3,0.0592077,0.274876,0.093,1
1500,1612,2,26,0,-1,-1.09065,7.96479,1,-0.562804,-0.153659,0.09,1
1500,1612,2,26,1,0,-0.644561,6.99572,4,-0.629238,-0.191607,0.09,1
1500,1612,2,26,2,1,0.0639364,8.29371,3,-0.290185,-0.439353,0.09,1
1500,1612,2,26,3,1,-1.90868,7.37647,3,-0.569426,0.0908139,0.09,1
1500,1613,2,28,0,-1,9.34364,-11.2714,1,-0.372814,-0.26699,0.092,1
1500,1613,2,28,1,0,8.56421,-11.966,4,-0.178456,-0.486425,0.092,1
1500,1613,2,28,2,1,9.90912,-12.1567,3,-0.12785,-0.167121,0.092,1
1500,1613,2,28,3,1,8.81075,-10.6304,3,-0.570124,-0.40881,0.092,1
1500,1614,2,30,0,-1,-12.8624,15.3716,1,2.09049,1.39239,0.088,1
1500,1614,2,30,1,0,-12.1103,14.6406,4,-0.721508,-0.0234254,0.088,1
1500,1614,2,30,2,1,-12.2225,15.9644,3,-1.25207,-1.28619,0.088,1
1500,1615,2,27,0,-1,0.0466418,3.2193,1,-0.338218,-0.0565951,0.091,1
1500,1615,2,27,1,0,0.764403,4.0048,4,0.0140584,-0.361088,0.091,1
1500,1615,2,27,2,1,-0.481779,4.5564,3,0.0272149,-0.314094,0.091,1
1500,1615,2,27,3,1,0.587662,2.66697,3,-0.644317,-0.26704,0.091,1
1500,1616,50,27,0,-1,12.4368,-3.07271,1,0.0529917,-0.567215,0.063,1
1500,1616,50,27,1,0,12.8016,-4.08744,4,0.592986,-0.390249,0.063,1
1500,1616,50,27,2,0,13.275,-2.04321,1,-0.327885,-0.184846,0.063,1
1500,1616,50,27,3,1,13.4629,-2.79806,3,0.0753238,-0.106687,0.063,1
1500,1616,50,27,4,1,11.4531,-3.99707,3,0.560658,-1.19814,0.063,1
1500,1617,2,29,0,-1,-7.47002,-18.037,1,-0.473569,-0.0741209,0.091,1
1500,1617,2,29,1,0,-8.49229,-18.2926,4,-0.380558,-0.447078,0.091,1
1500,1617,2,29,2,1,-7.33746,-19.1605,3,-0.096528,-0.0752128,0.091,1
1500,1617,2,29,3,1,-7.72504,-17.2136,3,-0.79964,-0.139316,0.091,1
1500,1620,2,27,0,-1,-0.752436,8.72813,1,-0.557757,-0.185341,0.089,0
1500,1620,2,27,1,0,-0.340045,7.78903,4,-0.699154,-0.266477,0.089,0
1500,1620,2,27,2,1,0.501423,9.00514,3,-0.972626,-0.0103201,0.089,0
1500,1624,49,30,0,-1,10.6681,-0.333672,1,0.21143,0.0949013,0.111,1
1500,1624,49,30,1,0,11.5438,0.321078,4,0.123853,0.215621,0.111,1
1500,1624,49,30,2,0,11.2041,-1.58177,1,0.374067,0.160032,0.111,1
1500,1624,49,30,3,1,10.0985,0.501487,3,0.120542,0.135853,0.111,1
1500,1624,49,30,4,1,11.365,-0.941271,3,0.301141,0.183539,0.111,1
1500,1626,2,26,0,-1,6.04038,5.6224,1,0.279947,-0.583056,0.091,1
1500,1626,2,26,1,0,7.09588,5.51345,4,0.327116,0.0633304,0.091,1
1500,1626,2,26,2,1,6.56955,6.86856,3,-0.316397,-0.222255,0.091,1
1500,1626,2,26,3,1,6.09337,4.60988,3,0.905628,-0.62614,0.091,1
1500,1627,2,28,0,-1,14.43,-13.9571,1,0.360338,-0.183906,0.094,0
1500,1627,2,28,1,0,14.4288,-14.9985,4,0.343521,-0.178887,0.094,0
1500,1628,50,28,0,-1,11.6849,-3.26377,1,-0.174024,-0.0910172,0.064,0
1500,1628,50,28,1,0,11.7492,-2.2372,4,-0.1337,-0.0386194,0.064,0
1500,1628,50,28,2,0,10.542,-3.87169,1,-0.0192208,-0.268395,0.064,0
1500,1630,2,32,0,-1,-9.94023,7.14393,1,-0.000439296,0.00164826,0.086,0
1500,1630,2,32,1,0,-10.7049,6.43158,2,0.00244051,-0.00133621,0.086,0
1500,1632,2,28,0,-1,-0.841722,3.34235,1,0.0614187,-0.413138,0.09,1
1500,1632,2,28,1,0,-0.259657,2.46532,4,0.00779756,-0.435177,0.09,1
1500,1632,2,28,2,1,-0.0850574,3.82079,3,-0.0722072,-0.399136,0.09,1
1500,1632,2,28,3,1,-1.4985,2.93905,3,0.0180169,-0.371958,0.09,1
1500,1633,2,30,0,-1,-14.6315,-8.50197,1,-0.507517,-0.390864,0.09,1
1500,1633,2,30,1,0,-14.6227,-9.56212,4,-0.0671742,-0.373415,0.09,1
1500,1633,2,30,2,1,-13.2815,-8.72904,3,-0.400973,0.140513,0.09,1
1500,1633,2,30,3,1,-15.5333,-8.59116,3,-0.389327,-0.683265,0.09,1
1500,1637,2,29,0,-1,-10.57,-3.91615,1,-0.0492586,0.130826,0.09,0
1500,1637,2,29,1,0,-11.4279,-4.55874,4,0.0855015,-0.00642709,0.09,0
1500,1638,2,29,0,-1,-12.5509,-10.447,1,-0.250187,0.175423,0.09,0
1500,1639,2,29,0,-1,14.1769,-9.84598,1,0.645182,0.105406,0.088,0
1500,1642,2,27,0,-1,2.15446,3.47823,1,-0.216881,-0.410082,0.092,1
1500,1642,2,27,1,0,1.08614,3.28015,4,0.0322326,-0.765767,0.092,1
1500,1642,2,27,2,1,2.09851,2.42101,3,0.59555,-0.395739,0.092,1
1500,1642,2,27,3,1,1.52204,4.52584,3,-0.395064,-0.642888,0.092,1
1500,1643,2,29,0,-1,8.5308,-11.2496,1,-0.377394,-0.499261,0.091,0
1500,1644,2,31,0,-1,-14.0187,-9.00926,1,-0.224144,-0.046413,0.091,0
1500,1646,2,29,0,-1,-16.9125,-11.0244,1,-0.504731,-0.402002,0.088,0
1500,1648,2,26,0,-1,0.206574,6.14049,1,-0.543817,-0.213958,0.091,1
1500,1648,2,26,1,0,-0.812589,6.10234,4,-0.640267,-0.0845544,0.091,1
1500,1648,2,26,2,1,0.12839,4.96833,3,-0.520673,0.155815,0.091,1
1500,1648,2,26,3,1,0.046861,7.17306,3,-0.24531,-0.49412,0.091,1
1500,1649,51,30,0,-1,8.78616,2.40376,1,-0.0916882,0.407353,0.087,0
1500,1649,51,30,1,0,6.82665,2.47561,1,-0.0975801,0.155405,0.087,0
1500,1651,2,29,0,-1,0.186831,-17.1701,1,0.200825,0.0744404,0.093,0
1500,1651,2,29,1,0,1.24097,-17.3213,4,0.129673,0.300298,0.093,0
1500,1651,2,29,2,1,0.320483,-16.2504,3,0.264255,0.552826,0.093,0
1500,1652,2,28,0,-1,1.54284,3.94973,1,-0.110707,-0.116561,0.092,0
1500,1652,2,28,1,0,1.42902,5.05323,4,-0.242791,-0.120901,0.092,0
1500,1654,2,30,0,-1,-16.839,-7.85831,1,-0.125156,-0.394566,0.089,0
1500,1656,2,27,0,-1,0.810682,5.62082,1,-0.49959,-0.277078,0.092,0
1500,1656,2,27,1,0,1.08815,6.63054,4,-0.715512,-0.157512,0.092,0
1500,1657,2,28,0,-1,-2.74925,-13.2203,1,0.410059,-0.173558,0.091,0
1530,1455,2,28,0,-1,6.45081,-9.49287,1,-0.198487,-0.0648084,0.087,1
1530,1455,2,28,1,0,7.38425,-10.1108,4,-0.319456,-0.569052,0.087,1
1530,1455,2,28,2,1,7.00292,-8.73538,3,0.64198,-0.229406,0.087,1
1530,1455,2,28,3,1,6.06396,-10.3017,3,-0.37577,0.554489,0.087,1
1530,1462,2,26,0,-1,-6.15344,-8.62105,1,0.341199,-0.309949,0.089,1
1530,1462,2,26,1,0,-5.10758,-8.74285,4,0.373352,-0.0709618,0.089,1
1530,1462,2,26,2,1,-5.85717,-7.39864,3,0.145672,-0.20611,0.089,1
1530,1462,2,26,3,1,-6.20266,-9.50119,3,0.511142,-0.268315,0.089,1
1530,1467,2,27,0,-1,1.31087,-18.4698,1,-0.357474,-0.325784,0.092,1
1530,1467,2,27,1,0,0.261336,-18.5405,4,-0.39456,0.0960253,0.092,1
1530,1467,2,27,2,1,1.19922,-19.6672,3,-0.896776,-0.313196,0.092,1
1530,1467,2,27,3,1,1.2201,-17.6136,3,-0.0465854,-0.253047,0.092,1
1530,1510,2,26,0,-1,9.76371,-4.80978,1,0.326428,0.0563918,0.092,1
1530,1510,2,26,1,0,10.1914,-3.86334,4,0.0482898,0.155441,0.092,1
1530,1510,2,26,2,1,8.94444,-4.39406,3,0.163195,-0.149002,0.092,1
1530,1510,2,26,3,1,10.4948,-5.18186,3,0.314341,0.197241,0.092,1
1530,1552,2,25,0,-1,2.29978,0.0326786,1,0.122296,-0.577787,0.09,1
1530,1552,2,25,1,0,3.10915,-0.636998,4,0.0965788,-0.607258,0.09,1
1530,1552,2,25,2,1,3.18662,0.794474,3,0.119495,-0.624803,0.09,1
1530,1552,2,25,3,1,1.77641,-0.644489,3,0.0935316,-0.576126,0.09,1
1530,1563,2,29,0,-1,-12.784,12.434,1,-0.00356412,-0.00504308,0.087,1
1530,1563,2,29,1,0,-13.829,12.4502,4,-0.00342274,0.00528733,0.087,1
1530,1563,2,29,2,1,-12.873,11.37,3,-0.0146646,-0.00469222,0.087,1
1530,1564,2,28,0,-1,-7.69599,-3.76582,1,0.234717,-0.318084,0.091,1
1530,1564,2,28,1,0,-7.26358,-4.72959,4,0.223658,-0.324985,0.091,1
1530,1564,2,28,2,1,-6.55157,-3.44585,3,0.228431,-0.330609,0.091,1
1530,1564,2,28,3,1,-8.44497,-4.1273,3,0.206667,-0.361191,0.091,1
1530,1570,2,30,0,-1,-8.64831,12.3483,1,0.153572,-0.271073,0.088,1
1530,1570,2,30,1,0,-9.20368,11.4689,4,0.0404831,-0.138559,0.088,1
1530,1570,2,30,2,1,-7.78054,11.7229,3,0.121849,-0.40597,0.088,1
1530,1574,47,29,0,-1,-9.31064,-9.77218,1,-0.0782444,-0.453957,0.116,1
1530,1574,47,29,1,0,-8.70163,-8.3316,1,0.934687,-0.880008,0.116,1
1530,1574,47,29,2,0,-10.1514,-10.444,4,-0.500234,0.0747547,0.116,1
1530,1574,47,29,3,2,-8.86747,-11.0991,3,-0.85069,-0.658764,0.116,1
1530,1574,47,29,4,2,-9.86884,-9.14182,3,0.275216,-0.0934105,0.116,1
1530,1580,2,31,0,-1,-9.74039,8.65098,1,0.0352484,0.0446465,0.087,1
1530,1580,2,31,1,0,-10.4631,9.41055,4,0.0912471,0.0788518,0.087,1
1530,1580,2,31,2,1,-10.5398,7.95128,3,-0.120192,0.0466189,0.087,1
1530,1591,49,29,0,-1,13.7239,9.46535,1,-0.176344,0.413162,0.112,1
1530,1591,49,29,1,0,13.161,10.4091,4,-0.378152,0.295828,0.112,1
1530,1591,49,29,2,0,15.0045,9.86841,1,-0.302711,0.674387,0.112,1
1530,1591,49,29,3,1,12.695,9.0242,3,0.187275,0.116073,0.112,1
1530,1591,49,29,4,1,14.4545,10.3721,3,-0.314676,0.911431,0.112,1
1530,1608,47,30,0,-1,-14.6855,-12.7364,1,-0.458668,0.00333005,0.115,1
1530,1608,47,30,1,0,-13.2704,-12.1277,1,-0.323456,-0.322736,0.115,1
1530,1608,47,30,2,0,-15.7421,-12.7144,4,-0.44354,0.264413,0.115,1
1530,1608,47,30,3,2,-14.9013,-13.8702,3,-0.616436,0.132964,0.115,1
1530,1608,47,30,4,2,-14.6979,-11.8892,3,-0.198673,-0.0363206,0.115,1
1530,1611,2,28,0,-1,-5.69386,-22.6846,1,-0.032402,-0.0117941,0.093,1
1530,1611,2,28,1,0,-5.43722,-23.66,4,-0.126728,0.00308017,0.093,1
1530,1611,2,28,2,1,-4.62452,-22.4804,3,-0.0232525,-0.160225,0.093,1
1530,1611,2,28,3,1,-6.45822,-22.7443,3,-0.0820418,0.0104949,0.093,1
1530,1612,2,26,0,-1,-6.51786,8.95236,1,0.239306,0.0160593,0.09,1
1530,1612,2,26,1,0,-5.48802,8.69356,4,0.264608,0.0527959,0.09,1
1530,1612,2,26,2,1,-6.22542,9.91932,3,0.361315,0.101537,0.09,1
1530,1612,2,26,3,1,-6.68816,8.13898,3,0.283389,0.0120122,0.09,1
1530,1615,2,27,0,-1,4.06184,-7.66358,1,-0.00934534,-0.361215,0.091,1
1530,1615,2,27,1,0,4.44313,-8.63109,4,-0.366642,-0.617046,0.091,1
1530,1615,2,27,2,1,5.25188,-7.51372,3,0.0808679,-0.789037,0.091,1
1530,1615,2,27,3,1,3.27506,-8.0835,3,-0.256784,-0.25687,0.091,1
1530,1616,50,27,0,-1,12.1921,-3.69846,1,0.156619,0.521831,0.063,1
1530,1616,50,27,1,0,11.6753,-2.74918,4,0.236721,0.575742,0.063,1
1530,1616,50,27,2,0,11.8413,-4.96463,1,-0.19391,0.657035,0.063,1
1530,1616,50,27,3,1,11.1718,-4.06468,3,0.210459,0.550193,0.063,1
1530,1616,50,27,4,1,12.882,-3.31422,3,0.200961,0.575758,0.063,1
1530,1618,2,31,0,-1,-9.45591,12.334,1,0.116099,0.212953,0.089,0
1530,1618,2,31,1,0,-10.3274,11.7537,4,0.118129,0.185247,0.089,0
1530,1624,49,30,0,-1,15.8329,7.69226,1,0.338076,0.267897,0.111,1
1530,1624,49,30,1,0,16.8477,7.8819,4,0.402842,-0.0621275,0.111,1
1530,1624,49,30,2,0,16.3487,6.43559,1,-0.205299,0.031467,0.111,1
1530,1624,49,30,3,1,15.6786,8.75854,3,0.639108,0.254843,0.111,1
1530,1624,49,30,4,1,15.8757,6.95725,3,0.0859599,0.282998,0.111,1
1530,1626,2,26,0,-1,17.4021,12.0908,1,0.137426,0.494592,0.091,1
1530,1626,2,26,1,0,17.457,13.1404,4,0.105899,0.478607,0.091,1
1530,1626,2,26,2,1,16.4915,12.0352,3,0.423368,0.211857,0.091,1
1530,1626,2,26,3,1,18.1925,12.053,3,0.191533,0.524439,0.091,1
1530,1628,50,28,0,-1,20.7599,-4.42469,1,0.457627,0.154968,0.064,1
1530,1628,50,28,1,0,21.4541,-3.62424,4,0.341392,0.25443,0.064,1
1530,1628,50,28,2,0,19.4673,-4.25622,1,0.433328,-0.0434626,0.064,1
1530,1628,50,28,3,1,20.0096,-3.63319,3,0.339546,0.0670867,0.064,1
1530,1628,50,28,4,1,21.416,-4.95029,3,0.529025,0.248554,0.064,1
1530,1630,2,32,0,-1,-11.7321,5.95405,1,0.154561,-0.372698,0.086,1
1530,1630,2,32,1,0,-12.1893,5.00904,2,-0.295827,-0.153533,0.086,1
1530,1630,2,32,2,1,-10.7934,5.36835,3,-0.120708,-0.819636,0.086,1
1530,1632,2,28,0,-1,-3.73776,-6.72775,1,0.366201,-0.323887,0.09,1
1530,1632,2,28,1,0,-2.9031,-7.369,4,0.474011,-0.166915,0.09,1
1530,1632,2,28,2,1,-2.96467,-6.00952,3,0.296464,-0.184409,0.09,1
1530,1632,2,28,3,1,-4.22755,-7.40899,3,0.45171,-0.39369,0.09,1
1530,1633,2,30,0,-1,-13.9257,0.596091,1,-0.0197288,0.559816,0.09,1
1530,1633,2,30,1,0,-14.3545,1.55702,4,0.156681,0.639882,0.09,1
1530,1633,2,30,2,1,-14.991,0.134554,3,-0.0837329,0.729284,0.09,1
1530,1633,2,30,3,1,-13.1743,0.943986,3,0.0347018,0.441279,0.09,1
1530,1638,2,29,0,-1,-6.95878,-4.05017,1,0.230366,-0.35629,0.09,0
1530,1639,2,29,0,-1,10.2679,-10.9819,1,-0.717597,0.094907,0.088,1
1530,1639,2,29,1,0,9.25398,-11.2541,4,-0.625176,0.0139841,0.088,1
1530,1639,2,29,2,1,10.3303,-11.9946,3,-0.454659,0.23564,0.088,1
1530,1639,2,29,3,1,10.0656,-10.1911,3,-0.592002,0.0223175,0.088,1
1530,1642,2,27,0,-1,6.84636,-7.93163,1,0.325585,-0.411253,0.092,1
1530,1642,2,27,1,0,7.59279,-8.6782,4,0.343174,-0.529074,0.092,1
1530,1642,2,27,2,1,7.86334,-7.36271,3,0.123099,-0.549767,0.092,1
1530,1642,2,27,3,1,6.22184,-8.60041,3,0.392265,-0.429341,0.092,1
1530,1644,2,31,0,-1,-14.9086,-9.34983,1,-0.215024,-0.454824,0.091,1
1530,1644,2,31,1,0,-15.834,-9.78294,4,-0.542652,-0.0533122,0.091,1
1530,1644,2,31,2,1,-15.0686,-8.62955,3,-0.626424,0.059577,0.091,1
1530,1644,2,31,3,1,-14.4732,-10.5252,3,-0.687544,0.00525742,0.091,1
1530,1648,2,26,0,-1,-6.72886,6.77671,1,0.560295,0.0767495,0.091,1
1530,1648,2,26,1,0,-6.09839,7.61734,4,0.368581,0.210704,0.091,1
1530,1648,2,26,2,1,-7.54707,7.5761,3,0.361262,-0.238147,0.091,1
1530,1648,2,26,3,1,-6.02597,6.29799,3,0.570942,0.23713,0.091,1
1530,1649,51,30,0,-1,13.4836,8.68818,1,0.187837,0.284481,0.087,0
1530,1649,51,30,1,0,11.523,8.72821,1,0.185096,0.141149,0.087,0
1530,1649,51,30,2,0,14.2307,7.9528,4,0.229657,0.320621,0.087,0
1530,1649,51,30,3,0,12.6426,7.66656,1,0.28558,0.197803,0.087,0
1530,1651,2,29,0,-1,3.94562,-20.0477,1,-0.438049,-0.278486,0.093,1
1530,1651,2,29,1,0,2.97726,-19.5616,4,-0.354031,-0.107839,0.093,1
1530,1651,2,29,2,1,3.40575,-20.8987,3,-0.527428,-0.167593,0.093,1
1530,1651,2,29,3,1,4.20763,-19.0936,3,-0.279799,-0.269024,0.093,1
1530,1656,2,27,0,-1,4.07566,5.70496,1,0.34033,0.0990376,0.092,1
1530,1656,2,27,1,0,4.40814,6.6821,4,0.166679,0.15972,0.092,1
1530,1656,2,27,2,1,3.02658,6.25446,3,0.154703,0.16745,0.092,1
1530,1656,2,27,3,1,4.82884,5.38008,3,0.426188,0.23877,0.092,1
1530,1657,2,28,0,-1,-5.59984,-21.0296,1,0.143117,-0.194284,0.091,1
1530,1657,2,28,1,0,-5.11755,-21.922,4,-0.0986509,-0.32614,0.091,1
1530,1657,2,28,2,1,-4.72063,-20.5414,3,0.263813,-0.451668,0.091,1
1530,1657,2,28,3,1,-6.32737,-21.2979,3,0.0381052,-0.146762,0.091,1
1530,1658,2,27,0,-1,4.33917,1.67025,1,-0.128819,-0.475403,0.093,1
1530,1658,2,27,1,0,3.98133,0.696115,4,0.0518594,-0.484118,0.093,1
1530,1658,2,27,2,1,5.18172,1.40707,3,-0.129684,-0.175796,0.093,1
1530,1658,2,27,3,1,3.58196,1.88957,3,-0.120616,-0.510482,0.093,1
1530,1661,2,26,0,-1,2.92737,3.87792,1,0.285644,-0.12071,0.089,1
1530,1661,2,26,1,0,3.84396,4.3065,4,0.207816,0.225413,0.089,1
1530,1661,2,26,2,1,2.48153,4.80199,3,0.120154,-0.12719,0.089,1
1530,1661,2,26,3,1,3.13636,3.13202,3,0.829097,-0.12497,0.089,1
1530,1662,2,27,0,-1,-2.57502,8.26008,1,-0.0203248,0.380097,0.091,1
1530,1662,2,27,1,0,-1.73837,8.89885,4,0.0587371,0.28382,0.091,1
1530,1662,2,27,2,1,-3.1468,9.20248,3,0.0738875,0.328951,0.091,1
1530,1662,2,27,3,1,-2.04115,7.61492,3,-0.165047,0.352177,0.091,1
1530,1664,2,30,0,-1,4.18506,-20.858,1,-0.560341,-0.327669,0.094,0
1530,1664,2,30,1,0,3.41382,-21.6211,4,-0.671569,-0.219138,0.094,0
1530,1664,2,30,2,1,4.78286,-22.0033,3,-0.734239,-0.510582,0.094,0
1530,1665,2,28,0,-1,4.67812,0.932865,1,0.0841333,-0.422423,0.093,0
1530,1665,2,28,1,0,5.20654,0.0323929,4,-0.0165585,-0.507607,0.093,0
1530,1666,2,28,0,-1,0.792759,-19.0834,1,-0.569223,-0.141319,0.091,0
1530,1666,2,28,1,0,-0.255903,-19.1929,4,-0.592263,0.210407,0.091,0
1530,1666,2,28,2,1,0.69034,-20.2701,3,-1.1038,-0.286336,0.091,0
1530,1667,2,32,0,-1,-10.5409,8.66809,1,0.0370733,-0.0157455,0.086,0
1530,1669,2,29,0,-1,-5.85969,-21.817,1,0.0372286,-0.141912,0.092,0
1530,1669,2,29,1,0,-6.91122,-21.8778,4,0.0565542,-0.200264,0.092,0
1530,1674,2,27,0,-1,-7.16859,9.44359,1,0.242813,0.0406662,0.089,0
1530,1674,2,27,1,0,-8.21239,9.58525,4,0.22339,-0.0536234,0.089,0
1530,1676,2,28,0,-1,4.81216,6.07288,1,0.246555,0.290709,0.092,0
1530,1679,2,27,0,-1,-6.51779,-7.9075,1,0.280132,-0.343051,0.09,0
1530,1680,2,28,0,-1,4.26449,11.4517,1,0.00770541,0.450643,0.092,1
1530,1680,2,28,1,0,4.47802,12.4836,4,0.25567,0.405172,0.092,1
1530,1680,2,28,2,1,3.17597,11.8543,3,0.0791482,0.748649,0.092,1
1530,1680,2,28,3,1,5.09037,11.4536,3,0.0352737,0.294948,0.092,1
1530,1681,2,27,0,-1,16.8736,12.6926,1,0.103738,0.505902,0.09,0
1530,1681,2,27,1,0,16.8344,13.7353,4,0.210416,0.528501,0.09,0
1530,1681,2,27,2,1,15.8452,12.6875,3,0.131577,0.606173,0.09,0
1530,1682,2,29,0,-1,-6.13021,-23.3967,1,-0.0576566,-0.0044988,0.094,0
1530,1683,50,28,0,-1,10.2788,-8.96815,1,-0.209194,-0.259679,0.064,1
1530,1683,50,28,1,0,9.53558,-9.74544,4,-0.397005,-0.122438,0.064,1
1530,1683,50,28,2,0,11.5764,-9.12614,1,-0.22831,-0.574283,0.064,1
1530,1683,50,28,3,1,10.9598,-9.9241,3,-0.339378,-0.201419,0.064,1
1530,1683,50,28,4,1,9.59307,-8.42926,3,-0.205124,-0.189487,0.064,1
1530,1684,2,32,0,-1,-15.7631,-9.29645,1,-0.0270166,-0.231538,0.09,0
1530,1684,2,32,1,0,-16.8454,-9.50001,4,0.0328478,-0.771944,0.09,0
1530,1684,2,32,2,1,-15.8475,-8.469,3,-0.80115,0.0481112,0.09,0
1530,1685,2,27,0,-1,10.5372,-4.55491,1,0.270817,0.329794,0.091,0
1530,1685,2,27,1,0,11.2527,-5.35527,4,0.520319,0.623657,0.091,0
1530,1686,52,33,0,-1,-12.5328,6.04427,1,0.203444,0.0829307,0.111,0
1530,1690,50,29,0,-1,10.3378,-8.16246,1,-0.059974,-0.261233,0.063,0
1530,1691,2,29,0,-1,5.59799,-9.12595,1,-0.161953,0.430939,0.086,0
1530,1691,2,29,1,0,4.9244,-9.98286,4,-0.396381,0.682132,0.086,0
1530,1691,2,29,2,1,5.10693,-8.5087,3,0.909102,0.685967,0.086,0
1530,1692,2,27,0,-1,3.70545,3.5793,1,0.432262,0.382191,0.088,0
1530,1693,2,31,0,-1,-13.5536,-0.116398,1,-0.0344362,0.553109,0.091,0
1560,1455,2,28,0,-1,1.11328,-16.9893,1,0.181108,-0.516777,0.087,1
1560,1455,2,28,1,0,1.00441,-18.0401,4,0.171933,-0.53498,0.087,1
1560,1455,2,28,2,1,2.16378,-17.1867,3,0.135561,-0.513146,0.087,1
1560,1455,2,28,3,1,0.300323,-16.9145,3,0.341613,-0.430733,0.087,1
1560,1467,2,27,0,-1,-8.32866,-15.2699,1,-0.0323536,-0.122927,0.092,1
1560,1467,2,27,1,0,-9.36566,-15.0092,4,-0.34502,0.0663593,0.092,1
1560,1467,2,27,2,1,-8.69975,-16.2931,3,-0.320402,0.118624,0.092,1
1560,1467,2,27,3,1,-8.09603,-14.5157,3,-0.370992,0.227275,0.092,1
1560,1552,2,25,0,-1,-3.76266,-0.418111,1,-0.733047,0.250839,0.09,1
1560,1552,2,25,1,0,-4.64135,0.166879,4,-0.720806,0.258209,0.09,1
1560,1552,2,25,2,1,-4.66389,-1.25948,3,-0.887767,0.215035,0.09,1
1560,1552,2,25,3,1,-3.31464,0.238061,3,-0.721458,0.283613,0.09,1
1560,1563,2,29,0,-1,-12.6798,12.6278,1,0.0367987,0.00577816,0.087,1
1560,1563,2,29,1,0,-13.5889,12.1163,4,0.109859,-0.0981015,0.087,1
1560,1563,2,29,2,1,-12.2054,11.6852,3,0.225003,0.187096,0.087,1
1560,1570,2,30,0,-1,-7.53442,11.3048,1,-0.00171905,0.0055732,0.088,1
1560,1570,2,30,1,0,-8.28053,12.0366,4,0.000948683,0.00835594,0.088,1
1560,1570,2,30,2,1,-8.33041,10.5951,3,-0.00496646,0.00855777,0.088,1
1560,1574,47,29,0,-1,-14.6212,-11.4916,1,0.0781879,-0.0464795,0.116,1
1560,1574,47,29,1,0,-14.0091,-10.1092,1,0.372579,-0.169465,0.116,1
1560,1574,47,29,2,0,-15.0947,-12.4728,4,-0.136073,0.0521808,0.116,1
1560,1574,47,29,3,2,-13.6734,-12.0723,3,-0.051711,-0.251447,0.116,1
1560,1574,47,29,4,2,-15.6739,-11.3088,3,0.128305,0.180595,0.116,1
1560,1591,49,29,0,-1,5.01913,11.8621,1,0.153304,0.441793,0.112,1
1560,1591,49,29,1,0,5.99881,12.2059,4,0.337565,-0.0985588,0.112,1
1560,1591,49,29,2,0,5.8019,10.7522,1,-0.456145,0.00880328,0.112,1
1560,1591,49,29,3,1,4.93895,13.2483,3,0.894057,0.490316,0.112,1
1560,1591,49,29,4,1,5.17292,11.1276,3,-0.256123,0.350118,0.112,1
1560,1608,47,30,0,-1,-12.5502,-15.1135,1,0.421936,-0.0745168,0.115,1
1560,1608,47,30,1,0,-14.0936,-15.1956,1,0.385565,0.425552,0.115,1
1560,1608,47,30,2,0,-11.5924,-15.5671,4,0.303382,-0.350455,0.115,1
1560,1608,47,30,3,2,-11.6903,-14.1365,3,0.621174,-0.346795,0.115,1
1560,1608,47,30,4,2,-12.8904,-15.8723,3,0.217607,0.0199356,0.115,1
1560,1612,2,26,0,-1,-6.1467,4.94797,1,-0.120989,-0.49182,0.09,1
1560,1612,2,26,1,0,-6.23707,3.9018,4,-0.196089,-0.493734,0.09,1
1560,1612,2,26,2,1,-5.06032,4.74265,3,-0.112252,-0.610469,0.09,1
1560,1612,2,26,3,1,-6.97692,4.9947,3,-0.141839,-0.47889,0.09,1
1560,1615,2,27,0,-1,-2.60557,-14.0864,1,-0.406717,0.394466,0.091,1
1560,1615,2,27,1,0,-3.58494,-13.6627,4,-0.572557,0.0187372,0.091,1
1560,1615,2,27,2,1,-3.22344,-14.9758,3,0.0297817,0.190491,0.091,1
1560,1615,2,27,3,1,-2.36224,-13.1695,3,-0.742039,0.449415,0.091,1
1560,1616,50,27,0,-1,3.85058,2.72813,1,-0.549605,0.0967699,0.063,1
1560,1616,50,27,1,0,2.84441,2.39174,4,-0.395209,-0.301138,0.063,1
1560,1616,50,27,2,0,4.85981,1.88869,1,-0.312732,0.371038,0.063,1
1560,1616,50,27,3,1,4.09776,1.6654,3,-0.224678,-0.0609043,0.063,1
1560,1616,50,27,4,1,3.45288,3.61211,3,-0.84254,-0.0850876,0.063,1
1560,1618,2,31,0,-1,-10.857,13.5611,1,-0.00685743,-0.0243849,0.089,1
1560,1618,2,31,1,0,-11.887,13.3969,4,-0.0129596,-0.0100243,0.089,1
1560,1618,2,31,2,1,-10.7511,12.5071,3,-0.00767459,-0.00187923,0.089,1
1560,1630,2,32,0,-1,-12.1285,5.60637,1,0.190905,0.433751,0.086,1
1560,1630,2,32,1,0,-11.3039,4.94974,2,-0.263889,-0.140927,0.086,1
1560,1630,2,32,2,1,-11.3165,6.39666,3,0.741167,-0.129276,0.086,1
1560,1632,2,28,0,-1,-6.32864,-17.281,1,-0.0620726,0.243839,0.09,1
1560,1632,2,28,1,0,-5.32542,-16.958,4,-0.00375978,0.0904825,0.09,1
1560,1632,2,28,2,1,-6.5506,-16.363,3,0.196066,0.48204,0.09,1
1560,1632,2,28,3,1,-6.00801,-18.0824,3,-0.105952,0.160768,0.09,1
1560,1633,2,30,0,-1,-13.2739,9.88853,1,0.362123,0.421756,0.09,1
1560,1633,2,30,1,0,-12.1922,9.93193,4,0.556094,-0.169726,0.09,1
1560,1633,2,30,2,1,-12.8867,11.3341,3,0.45353,-0.276322,0.09,1
1560,1633,2,30,3,1,-12.9126,8.80676,3,0.139652,0.13948,0.09,1
1560,1639,2,29,0,-1,3.91856,-21.9517,1,0.0887441,-0.378097,0.088,1
1560,1639,2,29,1,0,3.95645,-22.9887,4,0.0178954,-0.373921,0.088,1
1560,1639,2,29,2,1,4.83591,-22.0071,3,0.0707845,-0.413583,0.088,1
1560,1639,2,29,3,1,3.09775,-21.9282,3,0.0760986,-0.325658,0.088,1
1560,1642,2,27,0,-1,14.1572,-6.96914,1,0.220901,0.427712,0.092,1
1560,1642,2,27,1,0,14.6905,-6.06515,4,0.084542,0.505544,0.092,1
1560,1642,2,27,2,1,13.3756,-6.40041,3,0.133392,0.306968,0.092,1
1560,1642,2,27,3,1,14.8818,-7.37359,3,0.344411,0.537119,0.092,1
1560,1656,2,27,0,-1,-2.81586,3.9857,1,0.0636346,-0.510194,0.092,1
1560,1656,2,27,1,0,-3.07555,2.97503,4,-0.359903,-0.401038,0.092,1
1560,1656,2,27,2,1,-1.76374,3.54108,3,-0.0684334,-1.0402,0.092,1
1560,1656,2,27,3,1,-3.60504,4.23965,3,0.128459,-0.188375,0.092,1
1560,1661,2,26,0,-1,1.23717,-0.457019,1,0.236553,0.271176,0.089,1
1560,1661,2,26,1,0,2.22491,-0.10756,4,0.414955,-0.18048,0.089,1
1560,1661,2,26,2,1,0.931857,0.542595,3,0.717051,0.369992,0.089,1
1560,1661,2,26,3,1,1.47717,-1.19919,3,0.0486764,0.0997021,0.089,1
1560,1662,2,27,0,-1,-9.51835,14.9796,1,-0.469861,-0.537944,0.091,1
1560,1662,2,27,1,0,-9.57351,13.9221,4,0.0245646,-0.567509,0.091,1
1560,1662,2,27,2,1,-8.37153,14.7231,3,-0.25556,-0.0899315,0.091,1
1560,1662,2,27,3,1,-10.4123,14.9459,3,-0.527609,-1.00039,0.091,1
1560,1666,2,28,0,-1,-8.21806,-10.0452,1,0.64521,0.0775864,0.091,1
1560,1666,2,28,1,0,-7.16788,-9.96239,4,0.678655,-0.0570144,0.091,1
1560,1666,2,28,2,1,-8.20953,-8.96555,3,0.730736,-0.0571824,0.091,1
1560,1666,2,28,3,1,-8.11139,-10.8772,3,0.655285,-0.0100579,0.091,1
1560,1676,2,28,0,-1,-3.50229,3.54665,1,-0.11228,-0.231547,0.092,0
1560,1680,2,28,0,-1,13.3957,12.4582,1,0.417429,-0.381258,0.092,1
1560,1680,2,28,1,0,13.2253,11.4638,4,-0.230792,-0.288052,0.092,1
1560,1680,2,28,2,1,14.5949,11.9127,3,-0.285474,-0.576241,0.092,1
1560,1680,2,28,3,1,12.6084,12.5697,3,0.590943,0.151615,0.092,1
1560,1681,2,27,0,-1,14.0607,14.6686,1,-0.247247,-0.287806,0.09,1
1560,1681,2,27,1,0,13.0063,14.7806,4,-0.195384,0.265622,0.09,1
1560,1681,2,27,2,1,13.6186,13.4568,3,-0.820679,-0.0378832,0.09,1
1560,1681,2,27,3,1,14.0638,15.5808,3,0.0838271,-0.144157,0.09,1
1560,1683,50,28,0,-1,16.8539,-10.6383,1,0.224084,-0.0362129,0.064,1
1560,1683,50,28,1,0,16.5756,-9.60348,4,-0.00108652,-0.0454704,0.064,1
1560,1683,50,28,2,0,15.9231,-11.6277,1,0.337452,-0.072373,0.064,1
1560,1683,50,28,3,1,15.7004,-10.7942,3,0.716242,-0.430901,0.064,1
1560,1683,50,28,4,1,17.7413,-10.245,3,0.0953818,-0.0387882,0.064,1
1560,1686,52,33,0,-1,-14.0917,6.67753,1,-0.0245603,-0.0387936,0.111,1
1560,1686,52,33,1,0,-15.5149,6.43784,3,-0.143746,0.65998,0.111,1
1560,1690,50,29,0,-1,8.594,-7.92016,1,-0.196722,0.341925,0.063,1
1560,1690,50,29,1,0,7.71543,-7.31721,4,-0.133135,0.362831,0.063,1
1560,1690,50,29,2,0,8.58211,-9.2238,1,-0.374105,0.364047,0.063,1
1560,1690,50,29,3,1,7.7163,-8.76148,3,-0.18516,0.333661,0.063,1
1560,1690,50,29,4,1,9.02973,-7.08887,3,-0.10956,0.313426,0.063,1
1560,1691,2,29,0,-1,-1.97236,-11.3497,1,-0.474399,-0.163672,0.086,1
1560,1691,2,29,1,0,-2.47443,-12.2803,4,-0.266562,-0.286128,0.086,1
1560,1691,2,29,2,1,-1.06831,-11.9558,3,-0.364266,0.108108,0.086,1
1560,1691,2,29,3,1,-2.80411,-10.9644,3,-0.284388,-0.352998,0.086,1
1560,1692,2,27,0,-1,-1.21995,1.98444,1,0.0205209,0.527028,0.088,1
1560,1692,2,27,1,0,-1.33144,2.93467,4,-0.43859,0.983914,0.088,1
1560,1692,2,27,2,1,-1.83163,1.44307,3,-1.20585,1.96984,0.088,1
1560,1692,2,27,3,1,-0.568922,1.74744,3,0.0396874,1.06552,0.088,1
1560,1693,2,31,0,-1,-14.0989,9.92667,1,0.206174,0.119738,0.091,0
1560,1693,2,31,1,0,-13.5371,9.08066,4,-0.0986966,0.0389366,0.091,0
1560,1693,2,31,2,1,-12.8163,10.5127,3,0.404582,-0.223937,0.091,0
1560,1695,2,30,0,-1,-1.19383,-11.1522,1,-0.503288,-0.0777883,0.085,0
1560,1696,50,28,0,-1,3.11154,3.0474,1,-0.715171,-0.178607,0.062,0
1560,1699,2,32,0,-1,-7.23327,13.0185,1,-0.0039324,0.00661362,0.09,1
1560,1699,2,32,1,0,-7.31418,14.0604,4,0.0103715,0.00775768,0.09,1
1560,1699,2,32,2,1,-8.30064,13.008,3,-0.00466754,0.0218343,0.09,1
1560,1702,2,29,0,-1,9.48057,21.2996,1,0.0283321,0.200454,0.09,1
1560,1702,2,29,1,0,9.48092,22.3528,4,0.0236048,0.19406,0.09,1
1560,1702,2,29,2,1,8.31893,21.5206,3,-0.083032,0.314085,0.09,1
1560,1702,2,29,3,1,10.313,21.3016,3,0.0291277,0.219878,0.09,1
1560,1706,2,29,0,-1,-0.906362,-21.7892,1,-0.461779,-0.219526,0.086,1
1560,1706,2,29,1,0,-1.75493,-22.4095,4,-0.380198,-0.329884,0.086,1
1560,1706,2,29,2,1,-0.32378,-22.6525,3,-0.347708,-0.11008,0.086,1
1560,1706,2,29,3,1,-1.4295,-21.121,3,-0.528872,-0.290991,0.086,1
1560,1709,47,30,0,-1,-14.7069,-10.6467,1,0.228605,-0.0343961,0.117,0
1560,1709,47,30,1,0,-14.4092,-12.1781,1,-0.0841363,-0.0959877,0.117,0
1560,1709,47,30,2,0,-14.4024,-9.57671,4,0.444508,-0.0985826,0.117,0
1560,1709,47,30,3,2,-15.8098,-9.68713,3,0.426279,0.163558,0.117,0
1560,1710,2,31,0,-1,-7.38712,10.5184,1,0.0131619,0.00837006,0.087,0
1560,1710,2,31,1,0,-6.90047,9.59352,4,0.00862003,0.00598992,0.087,0
1560,1712,2,29,0,-1,-0.719156,-17.9956,1,0.303822,-0.267006,0.091,1
1560,1712,2,29,1,0,0.313444,-17.8471,4,0.286299,-0.103371,0.091,1
1560,1712,2,29,2,1,-0.460418,-16.7193,3,0.225437,-0.170074,0.091,1
1560,1712,2,29,3,1,-0.439887,-18.9463,3,0.297959,-0.105657,0.091,1
1560,1713,2,29,0,-1,-4.54539,-10.8502,1,-0.0423318,-0.0029722,0.09,1
1560,1713,2,29,1,0,-3.50975,-10.8314,4,-0.084707,0.0256621,0.09,1
1560,1713,2,29,2,1,-4.48793,-9.78177,3,-0.0228974,0.0267566,0.09,1
1560,1713,2,29,3,1,-4.53269,-11.6768,3,-0.0150863,-0.0199422,0.09,1
1560,1715,2,30,0,-1,8.93259,20.7187,1,-0.0327229,0.277839,0.089,0
1560,1715,2,30,1,0,9.06176,19.6826,4,-0.141117,0.271661,0.089,0
1560,1716,2,28,0,-1,7.34196,22.4676,1,0.345116,0.175798,0.089,1
1560,1716,2,28,1,0,8.38818,22.6025,4,0.310478,0.357117,0.089,1
1560,1716,2,28,2,1,7.31852,23.5648,3,0.0910372,0.119823,0.089,1
1560,1716,2,28,3,1,7.47544,21.647,3,0.492738,0.168535,0.089,1
1560,1717,2,32,0,-1,-10.3995,14.2144,1,-0.0666656,2.49284e-05,0.088,0
1560,1718,2,28,0,-1,-8.73244,-14.5187,1,-0.100032,0.00542715,0.091,0
1560,1718,2,28,1,0,-7.99203,-13.7487,4,-0.599119,0.438005,0.091,0
1560,1718,2,28,2,1,-8.66082,-15.0577,3,-1.29605,0.507425,0.091,0
1560,1720,2,28,0,-1,-2.41451,-14.8808,1,-0.178076,0.430981,0.092,0
1560,1720,2,28,1,0,-1.50187,-15.418,4,-0.560896,-0.239759,0.092,0
1560,1721,49,30,0,-1,5.27374,12.5987,1,0.545618,0.310863,0.113,0
1560,1724,2,30,0,-1,3.37182,-22.5557,1,0.0357336,-0.333673,0.088,0
1560,1724,2,30,1,0,2.41757,-22.981,4,-0.0578064,-0.138502,0.088,0
1560,1725,2,29,0,-1,12.7514,11.8985,1,0.133818,-0.0379405,0.091,0
1560,1725,2,29,1,0,11.8121,11.2502,4,0.101632,0.00288142,0.091,0
1560,1725,2,29,2,1,13.1696,10.7431,3,0.00355573,-0.349949,0.091,0
1560,1726,2,28,0,-1,16.6841,-8.63238,1,0.0187508,0.305477,0.093,1
1560,1726,2,28,1,0,15.8266,-9.2515,4,-0.332292,0.858934,0.093,1
1560,1726,2,28,2,1,17.1961,-9.4659,3,-0.369365,0.0525995,0.093,1
1560,1726,2,28,3,1,16.0784,-7.95246,3,0.519916,0.81377,0.093,1
1560,1727,2,29,0,-1,-12.2353,-7.11325,1,0.0866887,0.586506,0.091,1
1560,1727,2,29,1,0,-11.2365,-6.78152,4,0.334185,0.153432,0.091,1
1560,1727,2,29,2,1,-12.3417,-5.83512,3,0.606722,0.341976,0.091,1
1560,1727,2,29,3,1,-11.9083,-7.9333,3,-0.333621,0.648582,0.091,1
1560,1729,2,28,0,-1,15.6318,12.1642,1,0.44799,-0.865982,0.089,1
1560,1729,2,28,1,0,14.8222,11.4417,4,0.305392,-0.817076,0.089,1
1560,1729,2,28,2,1,16.1782,11.0208,3,-0.0775703,-1.35016,0.089,1
1560,1730,2,29,0,-1,6.58032,22.7277,1,0.399877,0.31583,0.088,0
1560,1732,50,29,0,-1,16.2171,-11.1046,1,-0.155966,-0.391328,0.065,1
1560,1732,50,29,1,0,17.2775,-11.2037,4,-0.208673,-0.280171,0.065,1
1560,1732,50,29,2,0,15.4804,-10.0093,1,-0.256581,-0.402678,0.065,1
1560,1732,50,29,3,1,16.2626,-10.1759,3,-0.0454446,-0.0293649,0.065,1
1560,1732,50,29,4,1,16.4868,-12.2029,3,-0.300407,-0.262526,0.065,1
1560,1734,2,29,0,-1,17.1267,-7.94867,1,0.215219,0.124316,0.092,0
1560,1734,2,29,1,0,16.8603,-6.92737,4,0.236248,0.0832986,0.092,0
1560,1735,53,30,0,-1,9.3981,-7.87772,1,-0.20278,0.163337,0.088,0
1560,1736,2,30,0,-1,-12.8088,-7.67605,1,-0.019101,0.574842,0.092,0
1560,1736,2,30,1,0,-13.5046,-8.29645,4,0.234271,0.217777,0.092,0
1560,1737,2,29,0,-1,15.9917,12.9039,1,0.184283,-0.655359,0.09,0
1560,1739,2,28,0,-1,-1.11623,2.78001,1,0.888729,0.377564,0.089,0
1590,1467,2,27,0,-1,-12.938,-9.58114,1,0.0764932,0.0296144,0.092,1
1590,1467,2,27,1,0,-12.1915,-10.3259,4,-0.0484566,-0.0870475,0.092,1
1590,1467,2,27,2,1,-12.0519,-8.89396,3,0.0132626,-0.126222,0.092,1
1590,1467,2,27,3,1,-13.5109,-10.1893,3,-0.0586189,-0.0580235,0.092,1
1590,1552,2,25,0,-1,-7.22617,-0.95525,1,0.275014,-0.205317,0.09,1
1590,1552,2,25,1,0,-6.23099,-1.30413,4,0.325961,0.00798098,0.09,1
1590,1552,2,25,2,1,-6.72013,0.0521788,3,0.0438993,-0.0835703,0.09,1
1590,1552,2,25,3,1,-7.46304,-1.78529,3,0.418791,-0.256893,0.09,1
1590,1563,2,29,0,-1,-18.2864,13.0955,1,-0.0601673,0.0959196,0.087,1
1590,1563,2,29,1,0,-17.4364,12.5215,4,0.0947004,0.311497,0.087,1
1590,1563,2,29,2,1,-17.8538,13.928,3,-0.344179,0.172459,0.087,1
1590,1574,47,29,0,-1,-13.9394,-4.44023,1,0.0359689,-0.000872194,0.116,1
1590,1574,47,29,1,0,-15.2765,-3.64731,1,0.200328,0.40839,0.116,1
1590,1574,47,29,2,0,-13.4667,-5.38633,4,-0.0520574,-0.0749801,0.116,1
1590,1574,47,29,3,2,-12.8207,-4.17141,3,-0.563499,0.216986,0.116,1
1590,1574,47,29,4,2,-14.675,-4.79275,3,0.0472576,0.122486,0.116,1
1590,1591,49,29,0,-1,7.77558,11.435,1,0.365565,0.241003,0.112,1
1590,1591,49,29,1,0,8.63947,12.1226,4,0.449926,0.102321,0.112,1
1590,1591,49,29,2,0,8.46668,10.2475,1,0.381574,0.234921,0.112,1
1590,1591,49,29,3,1,7.23265,12.406,3,0.477021,0.320305,0.112,1
1590,1591,49,29,4,1,8.37826,10.8737,3,-0.0798034,0.193331,0.112,1
1590,1608,47,30,0,-1,-10.2186,-22.6163,1,0.0227116,-0.0185703,0.115,1
1590,1608,47,30,1,0,-10.8879,-21.2305,1,-0.339948,-0.167136,0.115,1
1590,1608,47,30,2,0,-10.0698,-23.66,4,0.280802,0.00221248,0.115,1
1590,1608,47,30,3,2,-9.08143,-22.6157,3,0.0424194,0.229577,0.115,1
1590,1608,47,30,4,2,-11.1718,-22.9431,3,0.109969,-0.254753,0.115,1
1590,1612,2,26,0,-1,-16.5695,-2.33392,1,-0.550748,-0.191138,0.09,1
1590,1612,2,26,1,0,-17.4762,-2.86967,4,-0.602682,-0.0596553,0.09,1
1590,1612,2,26,2,1,-16.0998,-3.25621,3,-0.59366,-0.215269,0.09,1
1590,1612,2,26,3,1,-17.0014,-1.63154,3,-0.417538,-0.12703,0.09,1
1590,1615,2,27,0,-1,-12.8644,-11.8835,1,-0.29165,0.17551,0.091,1
1590,1615,2,27,1,0,-13.6953,-11.2711,4,-0.136494,0.398664,0.091,1
1590,1615,2,27,2,1,-13.4405,-12.5944,3,-0.385929,0.32656,0.091,1
1590,1615,2,27,3,1,-12.33,-11.296,3,-0.15111,0.0737687,0.091,1
1590,1616,50,27,0,-1,1.9284,2.43703,1,0.513811,-0.200196,0.063,1
1590,1616,50,27,1,0,2.99477,2.15208,4,0.610672,0.172042,0.063,1
1590,1616,50,27,2,0,1.67465,3.74132,1,-0.244067,-0.366597,0.063,1
1590,1616,50,27,3,1,2.354,3.42488,3,0.329098,0.0726502,0.063,1
1590,1616,50,27,4,1,2.27184,1.02216,3,0.851131,0.011378,0.063,1
1590,1618,2,31,0,-1,-12.3912,13.7589,1,0.0779713,0.149439,0.089,1
1590,1618,2,31,1,0,-12.0389,14.7557,4,0.165221,0.113509,0.089,1
1590,1618,2,31,2,1,-13.404,14.2966,3,0.157297,0.17197,0.089,1
1590,1632,2,28,0,-1,-10.3507,-9.61122,1,0.199539,0.372283,0.09,1
1590,1632,2,28,1,0,-11.0065,-8.78365,4,0.0132751,0.239238,0.09,1
1590,1632,2,28,2,1,-11.2867,-10.1079,3,-0.0969648,0.232001,0.09,1
1590,1632,2,28,3,1,-9.703,-9.03272,3,0.0540432,0.582124,0.09,1
1590,1633,2,30,0,-1,-9.25113,11.744,1,0.027308,0.332651,0.09,1
1590,1633,2,30,1,0,-9.17528,12.7917,4,0.16772,0.307491,0.09,1
1590,1633,2,30,2,1,-10.4964,11.9343,3,0.153779,0.319421,0.09,1
1590,1633,2,30,3,1,-8.41256,11.6986,3,0.0110565,0.194309,0.09,1
1590,1661,2,26,0,-1,4.12029,5.65306,1,-0.77391,0.463851,0.089,1
1590,1661,2,26,1,0,3.41161,4.86136,4,-0.0900079,-0.155226,0.089,1
1590,1661,2,26,2,1,4.85805,4.6494,3,0.0882319,1.02123,0.089,1
1590,1661,2,26,3,1,3.28757,6.19668,3,-1.28678,-0.228397,0.089,1
1590,1662,2,27,0,-1,-13.5621,12.5735,1,0.128057,0.226136,0.091,1
1590,1662,2,27,1,0,-13.2229,13.5785,4,-0.0261612,0.237214,0.091,1
1590,1662,2,27,2,1,-14.5715,13.0095,3,0.0209705,0.0862163,0.091,1
1590,1662,2,27,3,1,-12.7933,12.3102,3,0.116671,0.263015,0.091,1
1590,1666,2,28,0,-1,-11.5874,-6.88019,1,0.0627865,0.286562,0.091,1
1590,1666,2,28,1,0,-11.8202,-5.84776,4,-0.228355,0.245617,0.091,1
1590,1666,2,28,2,1,-12.3789,-7.18668,3,0.0711808,0.10163,0.091,1
1590,1666,2,28,3,1,-10.8478,-6.73257,3,0.0355774,0.558336,0.091,1
1590,1680,2,28,0,-1,13.3985,4.10961,1,0.294863,-0.19743,0.092,1
1590,1680,2,28,1,0,14.3336,3.61746,4,0.321872,-0.192616,0.092,1
1590,1680,2,28,2,1,14.023,5.05198,3,0.350835,-0.194485,0.092,1
1590,1680,2,28,3,1,13.1678,3.33103,3,0.336244,-0.204017,0.092,1
1590,1681,2,27,0,-1,14.4017,12.3467,1,-0.25047,-0.568723,0.09,1
1590,1681,2,27,1,0,14.1204,11.3302,4,0.249609,-0.726165,0.09,1
1590,1681,2,27,2,1,15.4055,11.9874,3,0.00332216,-0.244214,0.09,1
1590,1681,2,27,3,1,13.5516,12.522,3,-0.427288,-1.04172,0.09,1
1590,1683,50,28,0,-1,11.1099,-10.7547,1,0.391865,-0.627846,0.064,1
1590,1683,50,28,1,0,11.6567,-11.6717,4,0.687448,-0.45666,0.064,1
1590,1683,50,28,2,0,11.7261,-9.5676,1,-0.106354,-0.363492,0.064,1
1590,1683,50,28,3,1,11.7867,-10.2539,3,0.263929,-0.447385,0.064,1
1590,1683,50,28,4,1,10.3724,-11.3338,3,0.69607,-0.372976,0.064,1
1590,1686,52,33,0,-1,-14.6068,6.58165,1,0.0454186,0.013402,0.111,1
1590,1686,52,33,1,0,-13.4644,5.69972,3,-0.389216,-0.552005,0.111,1
1590,1689,47,31,0,-1,-10.7028,-21.9789,1,-0.033314,-0.0725381,0.116,0
1590,1689,47,31,1,0,-10.9646,-20.4501,1,-0.132838,-0.0956525,0.116,0
1590,1690,50,29,0,-1,15.0363,-8.06672,1,0.267104,-0.107549,0.063,1
1590,1690,50,29,1,0,16.0705,-8.28001,4,0.279842,-0.31967,0.063,1
1590,1690,50,29,2,0,14.5072,-6.89286,1,0.430712,-0.0320282,0.063,1
1590,1690,50,29,3,1,15.7253,-6.85641,3,0.777066,-0.202275,0.063,1
1590,1690,50,29,4,1,14.8277,-8.85894,3,0.222426,-0.146478,0.063,1
1590,1691,2,29,0,-1,3.65534,-11.8405,1,0.506003,0.641569,0.086,1
1590,1691,2,29,1,0,3.01808,-10.9853,4,0.504651,0.564422,0.086,1
1590,1691,2,29,2,1,2.68104,-12.3774,3,0.493463,0.506627,0.086,1
1590,1691,2,29,3,1,4.3269,-11.3148,3,0.612909,0.812645,0.086,1
1590,1692,2,27,0,-1,10.5448,1.1972,1,-0.266813,-0.393269,0.088,1
1590,1692,2,27,1,0,9.93341,0.326738,4,0.0048767,-0.823372,0.088,1
1590,1692,2,27,2,1,11.374,0.423312,3,-0.0315467,-0.275371,0.088,1
1590,1692,2,27,3,1,9.83317,1.65564,3,-0.45084,-0.627308,0.088,1
1590,1693,2,31,0,-1,-15.4577,13.9427,1,-0.105613,0.567451,0.091,1
1590,1693,2,31,1,0,-15.8655,14.9135,4,0.107884,0.640863,0.091,1
1590,1693,2,31,2,1,-16.6997,13.5926,3,-0.164521,0.776007,0.091,1
1590,1693,2,31,3,1,-14.6919,14.2863,3,0.024671,0.45471,0.091,1
1590,1695,2,30,0,-1,0.225315,-11.9109,1,0.180834,0.268338,0.085,1
1590,1695,2,30,1,0,1.10669,-11.3149,4,0.26594,0.176417,0.085,1
1590,1695,2,30,2,1,-0.3388,-11.4341,3,0.35328,-0.689954,0.085,1
1590,1695,2,30,3,1,0.780789,-12.6082,3,0.229745,0.227402,0.085,1
1590,1696,50,28,0,-1,2.1334,1.70793,1,0.333568,-0.226981,0.062,0
1590,1696,50,28,1,0,1.07714,1.71277,4,0.35174,-0.856501,0.062,0
1590,1709,47,30,0,-1,-13.4574,-6.10915,1,-0.0421479,0.0266994,0.117,1
1590,1709,47,30,1,0,-14.0572,-7.51384,1,-0.236919,0.113047,0.117,1
1590,1709,47,30,2,0,-12.6855,-5.39461,4,-0.0317966,0.06774,0.117,1
1590,1709,47,30,3,2,-14.1386,-5.3016,3,-0.0186188,0.0939172,0.117,1
1590,1709,47,30,4,2,-13.0236,-6.75992,3,0.0949014,0.0617663,0.117,1
1590,1713,2,29,0,-1,-0.49413,-9.2918,1,-0.107305,0.311559,0.09,1
1590,1713,2,29,1,0,-0.939638,-8.36642,4,-0.0868225,0.302046,0.09,1
1590,1713,2,29,2,1,-1.51068,-9.70452,3,0.354732,0.116684,0.09,1
1590,1713,2,29,3,1,0.269483,-8.97209,3,0.120017,0.707932,0.09,1
1590,1717,2,32,0,-1,-12.8002,13.0592,1,-0.138622,0.287576,0.088,0
1590,1717,2,32,1,0,-13.8536,13.2758,4,-0.129376,0.236912,0.088,0
1590,1718,2,28,0,-1,-13.2945,-13.4751,1,-0.375612,0.0714162,0.091,1
1590,1718,2,28,1,0,-14.125,-12.8354,4,-0.347745,0.0911089,0.091,1
1590,1718,2,28,2,1,-14.2295,-14.2963,3,-0.497749,0.102081,0.091,1
1590,1718,2,28,3,1,-12.7618,-12.891,3,-0.377381,-0.236161,0.091,1
1590,1720,2,28,0,-1,2.15012,-15.8597,1,0.0394578,0.689566,0.092,1
1590,1720,2,28,1,0,1.33356,-15.1752,4,-0.40205,0.185412,0.092,1
1590,1720,2,28,2,1,1.15711,-16.5372,3,0.444617,0.0716074,0.092,1
1590,1720,2,28,3,1,2.64393,-14.9401,3,-0.567036,1.1033,0.092,1
1590,1721,49,30,0,-1,6.95817,11.3604,1,0.384574,0.0367058,0.113,0
1590,1721,49,30,1,0,5.90199,11.3878,4,0.38969,0.211466,0.113,0
1590,1725,2,29,0,-1,10.817,7.34565,1,0.436482,-0.00836296,0.091,1
1590,1725,2,29,1,0,11.515,8.31079,4,0.390767,0.120898,0.091,1
1590,1725,2,29,2,1,10.1875,8.85176,3,0.783532,1.02396,0.091,1
1590,1725,2,29,3,1,11.5389,7.1328,3,-0.426022,0.278878,0.091,1
1590,1727,2,29,0,-1,-11.588,-3.29012,1,-0.180111,0.270556,0.091,1
1590,1727,2,29,1,0,-12.138,-4.17981,4,-0.0371545,0.124785,0.091,1
1590,1727,2,29,2,1,-10.7386,-4.11096,3,0.0992323,0.107711,0.091,1
1590,1727,2,29,3,1,-12.2894,-2.85715,3,-0.269132,0.0440715,0.091,1
1590,1735,53,30,0,-1,14.2831,-8.17288,1,0.21967,0.0675022,0.088,0
1590,1735,53,30,1,0,13.2474,-9.19559,1,0.0777081,0.225769,0.088,0
1590,1735,53,30,2,0,14.1063,-9.21522,4,0.0528512,0.103609,0.088,0
1590,1735,53,30,3,0,15.4603,-7.56623,1,0.251652,-0.0496864,0.088,0
1590,1735,53,30,4,2,15.4786,-8.66262,3,0.149106,-0.0915675,0.088,0
1590,1739,2,28,0,-1,2.14584,6.73522,1,-0.310286,-0.902373,0.089,1
1590,1739,2,28,1,0,2.69468,5.81956,4,-0.181742,-0.66526,0.089,1
1590,1739,2,28,2,1,3.49073,7.01829,3,0.332064,-0.882856,0.089,1
1590,1739,2,28,3,1,1.45874,6.26052,3,-0.136797,-0.496361,0.089,1
1590,1741,2,29,0,-1,-9.10967,-6.88582,1,0.00740285,0.251489,0.092,1
1590,1741,2,29,1,0,-10.1447,-6.84599,4,-0.0115123,0.0481785,0.092,1
1590,1741,2,29,2,1,-9.47173,-8.19745,3,0.168722,0.156326,0.092,1
1590,1741,2,29,3,1,-9.10408,-6.03532,3,-0.183121,0.311244,0.092,1
1590,1744,2,27,0,-1,0.215206,-0.197525,1,-0.744962,-0.171141,0.089,1
1590,1744,2,27,1,0,-0.230171,-1.13941,4,-0.302252,-0.421979,0.089,1
1590,1744,2,27,2,1,1.16018,-0.750509,3,-0.396868,-0.0721146,0.089,1
1590,1744,2,27,3,1,-0.550446,0.182908,3,-1.0393,-0.602399,0.089,1
1590,1745,2,31,0,-1,-9.81906,12.3089,1,0.0505672,0.379967,0.091,0
1590,1745,2,31,1,0,-10.8243,12.6304,4,0.00157142,0.287409,0.091,0
1590,1746,2,29,0,-1,14.1634,4.32487,1,0.274408,-0.200028,0.091,0
1590,1746,2,29,1,0,14.8486,5.10999,4,0.268189,-0.204769,0.091,0
1590,1748,2,30,0,-1,-17.4833,13.28,1,-0.10206,0.276282,0.086,0
1590,1748,2,30,1,0,-17.0177,14.2294,4,-0.316165,0.41626,0.086,0
1590,1750,2,28,0,-1,-12.9734,-11.0713,1,-0.152375,0.168636,0.092,0
1590,1752,2,29,0,-1,-11.0454,-5.75762,1,-0.203996,-0.0298438,0.092,1
1590,1752,2,29,1,0,-11.8135,-5.02485,4,-0.215445,-0.0372221,0.092,1
1590,1752,2,29,2,1,-12.2469,-6.42106,3,0.0516568,-0.0405425,0.092,1
1590,1752,2,29,3,1,-10.4863,-4.98193,3,-0.227966,-0.0682058,0.092,1
1590,1753,2,28,0,-1,-13.7146,-9.36193,1,0.113231,0.0656938,0.092,0
1590,1753,2,28,1,0,-14.4367,-10.1228,4,-0.119064,0.29316,0.092,0
1590,1754,2,28,0,-1,16.662,17.7753,1,0.32505,-0.075217,0.089,1
1590,1754,2,28,1,0,16.5463,16.7495,4,0.085206,-0.0362918,0.089,1
1590,1754,2,28,2,1,17.7744,17.5382,3,0.409708,-0.519146,0.089,1
1590,1754,2,28,3,1,15.8488,17.8928,3,0.602668,0.279428,0.089,1
1590,1756,2,29,0,-1,-14.0715,-13.5983,1,-0.331661,0.0287974,0.091,0
1590,1758,2,29,0,-1,4.82013,-16.5436,1,0.768306,-0.0886847,0.091,1
1590,1758,2,29,1,0,5.22833,-15.5849,4,0.146239,0.210146,0.091,1
1590,1758,2,29,2,1,3.93412,-15.9958,3,0.305114,-0.154306,0.091,1
1590,1758,2,29,3,1,5.72523,-16.8757,3,0.764115,0.471519,0.091,1
1590,1760,50,29,0,-1,9.55438,-8.45698,1,-0.0501438,0.25515,0.065,1
1590,1760,50,29,1,0,8.5729,-8.69234,4,-0.083255,0.549935,0.065,1
1590,1760,50,29,2,0,10.649,-9.08756,1,-0.349931,-0.212343,0.065,1
1590,1760,50,29,3,1,9.67466,-9.66945,3,-0.880509,-0.343983,0.065,1
1590,1760,50,29,4,1,9.64452,-7.83404,3,0.183232,0.312089,0.065,1
1590,1761,2,30,0,-1,10.3417,6.92835,1,-0.244422,0.257557,0.092,1
1590,1761,2,30,1,0,9.44609,7.52589,4,-0.195288,0.987621,0.092,1
1590,1761,2,30,2,1,9.41814,6.06185,3,0.325349,1.26105,0.092,1
1590,1761,2,30,3,1,10.6736,7.59484,3,-0.407503,0.320153,0.092,1
1590,1763,2,29,0,-1,1.45803,7.06357,1,0.359423,0.148002,0.088,0
1590,1763,2,29,1,0,2.57505,7.04251,4,0.648401,0.361316,0.088,0
1590,1765,47,30,0,-1,-14.6054,-4.01251,1,0.313725,0.381146,0.117,0
1590,1766,2,30,0,-1,-9.65095,-7.46609,1,-0.0227964,0.274557,0.092,0
1590,1768,2,29,0,-1,16.6172,18.5637,1,0.254742,-0.0811004,0.09,0
1590,1769,2,30,0,-1,5.55308,-16.2099,1,0.547146,0.45141,0.091,0
1590,1770,2,28,0,-1,-0.544115,-0.499015,1,-0.534913,-0.711187,0.09,0
1590,1770,2,28,1,0,-1.58574,-0.395232,1,-0.522803,-0.498731,0.09,0
1590,1771,54,28,0,-1,9.90274,0.733965,1,-0.288734,-0.0759321,0.113,0
1620,1467,2,27,0,-1,-8.06937,-5.1244,1,-0.187711,0.837928,0.092,1
1620,1467,2,27,1,0,-9.12652,-5.00196,4,-0.292034,-0.0109574,0.092,1
1620,1467,2,27,2,1,-8.53091,-6.33846,3,0.718487,0.427987,0.092,1
1620,1467,2,27,3,1,-8.12141,-4.1228,3,-1.02845,0.846366,0.092,1
1620,1591,49,29,0,-1,10.2734,12.4415,1,-0.0361757,-0.300811,0.112,1
1620,1591,49,29,1,0,10.6573,11.4367,4,0.453195,-0.130529,0.112,1
1620,1591,49,29,2,0,8.94405,12.2889,1,0.00165402,-0.756018,0.112,1
1620,1591,49,29,3,1,11.3493,12.7799,3,-0.387114,0.298265,0.112,1
1620,1591,49,29,4,1,9.37313,11.6982,3,0.354412,-0.667628,0.112,1
1620,1615,2,27,0,-1,-15.4007,-8.659,1,0.286363,-0.214872,0.091,1
1620,1615,2,27,1,0,-15.9614,-9.55316,4,-0.235864,0.0537439,0.091,1
1620,1615,2,27,2,1,-14.5805,-9.56325,3,-0.368523,-0.284801,0.091,1
1620,1615,2,27,3,1,-16.1756,-8.19532,3,0.605507,0.173883,0.091,1
1620,1616,50,27,0,-1,9.16671,-3.59459,1,0.0687861,-0.340026,0.063,1
1620,1616,50,27,1,0,9.56738,-4.58153,4,0.21806,-0.220055,0.063,1
1620,1616,50,27,2,0,9.96458,-2.55975,1,-0.0172629,-0.325779,0.063,1
1620,1616,50,27,3,1,10.2074,-3.29455,3,0.133799,-0.195341,0.063,1
1620,1616,50,27,4,1,8.34492,-4.1401,3,0.191891,-0.474789,0.063,1
1620,1632,2,28,0,-1,-15.6419,-11.2867,1,-0.0347552,-0.349165,0.09,1
1620,1632,2,28,1,0,-14.6515,-11.7403,4,0.147937,-0.511493,0.09,1
1620,1632,2,28,2,1,-15.0872,-10.4574,3,0.524718,-0.577606,0.09,1
1620,1632,2,28,3,1,-15.9368,-12.0668,3,0.114891,-0.229091,0.09,1
1620,1633,2,30,0,-1,-7.40887,9.08652,1,-0.262662,-0.519996,0.09,1
1620,1633,2,30,1,0,-8.5063,9.23584,4,-0.22408,-0.247029,0.09,1
1620,1633,2,30,2,1,-7.56635,8.04624,3,-0.149637,-0.259968,0.09,1
1620,1633,2,30,3,1,-7.56707,10.1388,3,-0.0457562,-0.422548,0.09,1
1620,1661,2,26,0,-1,4.45439,7.81985,1,-0.45271,-0.158847,0.089,1
1620,1661,2,26,1,0,3.70265,7.08269,4,-0.668721,0.063058,0.089,1
1620,1661,2,26,2,1,5.12855,7.01274,3,-0.678191,-0.457221,0.089,1
1620,1661,2,26,3,1,3.86029,8.40504,3,-0.300576,0.0183282,0.089,1
1620,1666,2,28,0,-1,-10.7802,-8.12601,1,0.660122,-0.285531,0.091,1
1620,1681,2,27,0,-1,13.1986,16.0927,1,-0.562575,0.0470913,0.09,1
1620,1681,2,27,1,0,12.446,15.3833,4,-0.175041,-0.356586,0.09,1
1620,1681,2,27,2,1,13.9234,15.3607,3,-0.153217,0.115748,0.09,1
1620,1681,2,27,3,1,12.5401,16.693,3,-0.899274,-0.307081,0.09,1
1620,1683,50,28,0,-1,11.5624,-16.6138,1,-0.048369,0.0995297,0.064,1
1620,1683,50,28,1,0,11.535,-15.5489,4,0.136114,0.0900502,0.064,1
1620,1683,50,28,2,0,10.4792,-17.3322,1,-0.175735,0.28012,0.064,1
1620,1683,50,28,3,1,10.4418,-16.4974,3,-0.0356774,0.283929,0.064,1
1620,1683,50,28,4,1,12.4204,-16.5344,3,-0.0327525,-0.0628132,0.064,1
1620,1691,2,29,0,-1,-6.31509,-10.4804,1,-0.387891,-0.16346,0.086,1
1620,1691,2,29,1,0,-7.34843,-10.4799,4,-0.351791,-0.00409339,0.086,1
1620,1691,2,29,2,1,-6.13947,-11.282,3,-0.492665,-0.290416,0.086,1
1620,1691,2,29,3,1,-6.19661,-9.69836,3,-0.202113,-0.225782,0.086,1
1620,1692,2,27,0,-1,5.5885,-8.45019,1,0.4932,-0.498074,0.088,1
1620,1692,2,27,1,0,6.61035,-8.69577,4,0.639349,0.156916,0.088,1
1620,1692,2,27,2,1,6.12802,-7.3191,3,0.610605,0.0283436,0.088,1
1620,1692,2,27,3,1,5.46584,-9.39771,3,0.832667,-0.29601,0.088,1
1620,1693,2,31,0,-1,-11.1663,22.8515,1,-0.273242,-0.0848921,0.091,1
1620,1693,2,31,1,0,-11.8316,23.66,4,-0.188988,-0.00231827,0.091,1
1620,1693,2,31,2,1,-12.2661,22.17,3,-0.506245,0.0739976,0.091,1
1620,1693,2,31,3,1,-10.5267,23.4145,3,-0.202991,-0.0320209,0.091,1
1620,1695,2,30,0,-1,3.5738,-13.055,1,0.251582,0.39089,0.085,1
1620,1695,2,30,1,0,3.61579,-12.0013,4,-0.118634,0.403967,0.085,1
1620,1695,2,30,2,1,2.46627,-12.8978,3,0.183935,0.0102469,0.085,1
1620,1695,2,30,3,1,4.55933,-12.9838,3,0.0640933,0.596796,0.085,1
1620,1696,50,28,0,-1,8.92438,-2.8145,1,0.152243,-0.291816,0.062,0
1620,1696,50,28,1,0,9.5038,-1.93613,4,0.0232408,-0.19996,0.062,0
1620,1696,50,28,2,0,7.63265,-2.67225,1,0.16526,-0.207877,0.062,0
1620,1709,47,30,0,-1,-14.1636,-11.0529,1,-0.288873,-0.680269,0.117,1
1620,1709,47,30,1,0,-15.2067,-9.87005,1,-0.248601,-0.616281,0.117,1
1620,1709,47,30,2,0,-13.8401,-12.0735,4,-0.112658,-0.522322,0.117,1
1620,1709,47,30,3,2,-13.092,-10.8371,3,-0.356728,-0.384383,0.117,1
1620,1709,47,30,4,2,-14.9691,-11.25,3,-0.402827,-0.766284,0.117,1
1620,1717,2,32,0,-1,-11.4655,12.4046,1,-0.0165446,0.00813471,0.088,1
1620,1717,2,32,1,0,-11.6965,13.4229,4,0.0357246,0.0222143,0.088,1
1620,1717,2,32,2,1,-12.5337,12.2195,3,-0.0528761,0.0838228,0.088,1
1620,1720,2,28,0,-1,6.27891,-13.3594,1,0.700128,0.37253,0.092,1
1620,1720,2,28,1,0,7.00626,-12.5934,4,0.468599,0.576259,0.092,1
1620,1720,2,28,2,1,5.64533,-12.5092,3,0.428942,0.166997,0.092,1
1620,1720,2,28,3,1,6.95908,-13.9093,3,0.860449,0.544487,0.092,1
1620,1721,49,30,0,-1,10.5077,17.8272,1,0.0324309,0.424668,0.113,1
1620,1721,49,30,1,0,10.9946,18.7272,4,0.0730626,0.373775,0.113,1
1620,1721,49,30,2,0,11.8184,17.4866,1,-0.0538524,0.0889101,0.113,1
1620,1721,49,30,3,1,9.58693,18.3588,3,0.00289058,0.477715,0.113,1
1620,1721,49,30,4,1,11.0569,17.3793,3,-0.15336,0.345385,0.113,1
1620,1739,2,28,0,-1,-0.0949025,2.31298,1,0.555534,0.557921,0.089,1
1620,1739,2,28,1,0,0.917888,2.00418,4,0.329856,-0.164021,0.089,1
1620,1739,2,28,2,1,0.536076,3.40845,3,1.33726,0.1269,0.089,1
1620,1739,2,28,3,1,-0.265733,1.36858,3,-0.0981218,0.615386,0.089,1
1620,1744,2,27,0,-1,1.95442,-4.32871,1,-0.0976654,-0.188769,0.089,1
1620,1744,2,27,1,0,1.0409,-4.821,4,-0.116713,-0.137972,0.089,1
1620,1744,2,27,2,1,2.41852,-5.25209,3,-0.127196,-0.171553,0.089,1
1620,1744,2,27,3,1,1.42325,-3.50545,3,0.00557747,-0.14238,0.089,1
1620,1745,2,31,0,-1,-6.99137,8.31399,1,-0.551575,-0.722039,0.091,0
1620,1745,2,31,1,0,-7.39814,7.28231,4,-0.82621,-0.67455,0.091,0
1620,1745,2,31,2,1,-5.84584,7.27647,3,-0.74474,-1.05437,0.091,0
1620,1750,2,28,0,-1,-16.1581,-8.93152,1,0.215238,0.0947025,0.092,0
1620,1752,2,29,0,-1,-12.0237,-6.40257,1,0.432824,-0.245289,0.092,1
1620,1752,2,29,1,0,-10.9704,-6.36205,4,0.41761,0.392963,0.092,1
1620,1752,2,29,2,1,-11.8926,-5.24037,3,-0.154818,-0.0682127,0.092,1
1620,1752,2,29,3,1,-11.9121,-7.3009,3,0.90291,-0.0621172,0.092,1
1620,1753,2,28,0,-1,-12.4936,-11.5758,1,-0.0641796,-0.767196,0.092,1
1620,1753,2,28,1,0,-11.8448,-12.4565,4,0.654905,-0.274108,0.092,1
1620,1753,2,28,2,1,-11.534,-11.0739,3,0.16357,-0.169259,0.092,1
1620,1753,2,28,3,1,-13.087,-12.0963,3,0.335947,-1.3963,0.092,1
1620,1754,2,28,0,-1,13.2774,18.5005,1,0.11441,0.497447,0.089,1
1620,1754,2,28,1,0,13.0369,19.5181,4,0.0392951,0.505089,0.089,1
1620,1754,2,28,2,1,11.9442,18.5527,3,-0.00858822,0.596553,0.089,1
1620,1754,2,28,3,1,14.0753,18.6706,3,0.0193922,0.512001,0.089,1
1620,1758,2,29,0,-1,10.0226,-6.58558,1,-0.374361,0.142532,0.091,1
1620,1758,2,29,1,0,9.00895,-6.65784,4,-0.324704,-0.0413349,0.091,1
1620,1758,2,29,2,1,9.973,-7.63278,3,-0.0769134,0.168037,0.091,1
1620,1758,2,29,3,1,10.0694,-5.816,3,-0.46479,0.123038,0.091,1
1620,1760,50,29,0,-1,16.2217,-3.70836,1,0.22469,0.165231,0.065,1
1620,1760,50,29,1,0,17.0847,-4.36688,4,0.0204596,-0.0892114,0.065,1
1620,1760,50,29,2,0,16.0421,-2.37027,1,0.555077,0.211748,0.065,1
1620,1760,50,29,3,1,17.2998,-2.91896,3,0.430698,-0.154654,0.065,1
1620,1760,50,29,4,1,15.7535,-4.42285,3,-0.00151291,0.320505,0.065,1
1620,1761,2,30,0,-1,16.6627,9.80133,1,-0.0427837,0.50611,0.092,1
1620,1761,2,30,1,0,15.8734,10.6217,4,-0.282434,0.29787,0.092,1
1620,1761,2,30,2,1,15.5728,9.18416,3,0.196431,0.224206,0.092,1
1620,1761,2,30,3,1,17.076,10.5779,3,-0.315045,0.423665,0.092,1
1620,1763,2,29,0,-1,0.445791,7.08563,1,0.44572,0.221644,0.088,1
1620,1763,2,29,1,0,1.29664,6.44643,4,0.227628,-0.0287922,0.088,1
1620,1763,2,29,2,1,1.33829,7.88689,3,0.463076,-0.0299172,0.088,1
1620,1763,2,29,3,1,-0.00515479,6.23441,3,0.142161,0.481939,0.088,1
1620,1768,2,29,0,-1,12.6155,18.0724,1,0.238848,0.34439,0.09,0
1620,1769,2,30,0,-1,9.44771,-5.98032,1,-0.428472,0.123423,0.091,0
1620,1769,2,30,1,0,10.0147,-5.07526,4,-0.053376,-0.109591,0.091,0
1620,1769,2,30,2,1,8.6975,-5.34541,3,-0.334959,0.731464,0.091,0
1620,1770,2,28,0,-1,1.21101,-4.07036,1,-0.0826086,-0.146779,0.09,0
1620,1770,2,28,1,0,2.20035,-3.62071,1,-0.0461156,-0.219525,0.09,0
1620,1770,2,28,2,1,0.984026,-2.84301,3,0.00276225,-0.144786,0.09,0
1620,1771,54,28,0,-1,5.53365,-7.658,1,0.333764,-0.586223,0.113,0
1620,1771,54,28,1,0,6.60551,-7.8488,4,0.129285,-0.949162,0.113,0
1620,1771,54,28,2,1,6.07565,-6.49231,3,0.389663,-0.838059,0.113,0
1620,1771,54,28,3,2,5.72042,-6.7691,1,0.267672,-0.697608,0.113,0
1620,1772,2,28,0,-1,18.0663,3.76806,1,-0.191014,-0.102674,0.091,1
1620,1772,2,28,1,0,17.1116,3.33869,4,-0.212606,-0.0520848,0.091,1
1620,1772,2,28,2,1,18.4803,2.81929,3,-0.233689,-0.103841,0.091,1
1620,1772,2,28,3,1,17.7075,4.52095,3,-0.23032,-0.0501166,0.091,1
1620,1772,2,28,4,2,18.1197,1.69528,3,-0.299294,-0.0830856,0.091,1
1620,1774,2,27,0,-1,16.8684,7.0316,1,0.342094,0.0658149,0.09,1
1620,1774,2,27,1,0,17.9269,7.08548,4,0.371812,-0.12308,0.09,1
1620,1774,2,27,2,1,17.0144,8.2322,3,0.692731,0.126408,0.09,1
1620,1774,2,27,3,1,16.943,6.19424,3,0.237473,0.038311,0.09,1
1620,1775,50,29,0,-1,11.6398,-17.4201,1,-0.0914716,0.123551,0.065,0
1620,1775,50,29,2,0,12.8803,-17.8275,1,-0.223228,-0.137077,0.065,0
1620,1776,2,30,0,-1,-6.8904,-9.90809,1,-0.267342,-0.0148112,0.087,0
1620,1778,2,31,0,-1,-0.440912,-11.0068,1,-0.14815,-0.369759,0.084,1
1620,1778,2,31,1,0,-0.45268,-12.0564,4,0.000891103,-0.371175,0.084,1
1620,1778,2,31,2,1,0.556234,-11.0143,3,-0.119784,-0.274444,0.084,1
1620,1778,2,31,3,1,-1.33203,-11.0197,3,-0.133086,-0.473276,0.084,1
1620,1779,2,32,0,-1,-22.4723,20.9634,1,-0.668232,-0.0995921,0.092,1
1620,1779,2,32,1,0,-22.9946,20.0449,4,-0.305726,-0.319504,0.092,1
1620,1779,2,32,2,1,-21.4294,20.16,3,-0.35426,0.192884,0.092,1
1620,1779,2,32,3,0,-22.0302,22.1124,3,-1.15447,0.0993098,0.092,1
1620,1779,2,32,4,1,-23.2579,21.3484,3,-0.827416,-0.427851,0.092,1
1620,1781,2,29,0,-1,-5.74216,-12.5552,1,-0.42957,-0.202082,0.093,1
1620,1781,2,29,1,0,-6.21017,-13.4948,4,-0.0193613,-0.387786,0.093,1
1620,1781,2,29,2,1,-4.89379,-13.1521,3,-0.0848464,-0.12145,0.093,1
1620,1781,2,29,3,1,-6.66272,-12.2293,3,-0.590442,-0.589596,0.093,1
1620,1785,2,28,0,-1,17.4055,7.60954,1,0.401523,-0.0124203,0.09,0
1620,1787,50,30,0,-1,17.0132,-3.62431,1,0.264844,-0.0658204,0.066,0
1620,1787,50,30,1,0,17.9827,-3.14699,4,0.403188,-0.319581,0.066,0
1620,1787,50,30,2,0,15.8036,-3.08234,1,0.415259,0.259043,0.066,0
1620,1787,50,30,3,1,16.5867,-2.80649,3,0.511038,0.146918,0.066,0
1620,1790,2,29,0,-1,17.7743,3.01781,1,-0.229975,-0.105615,0.09,0
1620,1791,2,28,0,-1,13.1877,15.2681,1,-0.166792,0.0520453,0.091,0
1620,1791,2,28,1,0,12.3175,14.6621,4,0.049552,-0.300805,0.091,0
1620,1792,2,31,0,-1,16.3901,9.04521,1,0.38215,0.335511,0.092,0
1620,1792,2,31,1,0,15.666,9.91089,4,0.118139,0.10183,0.092,0
1620,1794,49,30,0,-1,10.3377,13.2334,1,-0.497495,-0.284325,0.113,0
1620,1794,49,30,1,0,11.2427,13.7567,4,-0.432072,-0.471509,0.113,0
1620,1794,49,30,2,0,11.0733,12.1185,1,-0.0788594,0.0431098,0.113,0
1620,1796,2,33,0,-1,-12.1417,12.8354,1,0.00786273,0.0454774,0.087,0
1620,1796,2,33,1,0,-13.1774,12.9767,4,-0.00115121,-0.00995294,0.087,0
1620,1797,2,29,0,-1,2.18756,-16.6501,1,-0.224892,-0.202006,0.091,1
1620,1797,2,29,1,0,1.33188,-17.2831,4,-0.252356,-0.157217,0.091,1
1620,1797,2,29,2,1,2.63256,-17.6838,3,-0.203738,-0.104362,0.091,1
1620,1797,2,29,3,1,1.57066,-15.9864,3,-0.259843,-0.19688,0.091,1
1620,1799,2,30,0,-1,-4.95958,-12.3434,1,-0.491228,-0.200597,0.092,0
1620,1799,2,30,1,0,-3.90641,-12.318,4,-0.553256,0.195299,0.092,0
1620,1800,2,29,0,-1,-10.4234,-7.40727,1,0.171857,0.00726297,0.09,0
1620,1801,2,30,0,-1,2.7536,-16.0667,1,-0.488095,0.0378674,0.092,0
1650,1591,49,29,0,-1,10.7025,6.61289,1,-0.257835,0.111735,0.112,1
1650,1591,49,29,1,0,10.901,7.63897,4,-0.0575488,0.100061,0.112,1
1650,1591,49,29,2,0,12.0576,6.73805,1,-0.175937,-0.383662,0.112,1
1650,1591,49,29,3,1,9.67411,6.83108,3,-0.212064,0.362193,0.112,1
1650,1591,49,29,4,1,11.4337,6.41661,3,-0.307087,0.0214705,0.112,1
1650,1616,50,27,0,-1,20.4843,-4.29286,1,0.535284,0.131008,0.063,1
1650,1616,50,27,1,0,21.3778,-3.71537,4,0.428002,0.296357,0.063,1
1650,1616,50,27,2,0,19.2854,-3.76898,1,0.437936,-0.102078,0.063,1
1650,1616,50,27,3,1,19.9839,-3.34199,3,0.365108,0.0854571,0.063,1
1650,1616,50,27,4,1,21.0132,-4.98746,3,0.663587,0.228771,0.063,1
1650,1633,2,30,0,-1,-8.58263,6.70019,1,0.166864,-0.0878575,0.09,1
1650,1633,2,30,1,0,-7.69937,6.12634,4,0.168047,-0.151479,0.09,1
1650,1633,2,30,2,1,-7.74701,7.68218,3,0.811447,0.0277021,0.09,1
1650,1633,2,30,3,1,-8.99764,5.95346,3,0.0266239,0.264344,0.09,1
1650,1661,2,26,0,-1,11.3697,2.16342,1,0.304029,-0.153637,0.089,1
1650,1661,2,26,1,0,11.9297,1.2636,4,-0.00817299,-0.358473,0.089,1
1650,1661,2,26,2,1,12.4587,2.60022,3,0.516541,-0.553574,0.089,1
1650,1661,2,26,3,1,10.6635,1.67164,3,0.141051,0.0877788,0.089,1
1650,1666,2,28,0,-1,-5.8971,-7.84912,1,0.0290123,0.0118158,0.091,1
1650,1681,2,27,0,-1,16.9157,8.39242,1,0.336394,-0.348035,0.09,1
1650,1681,2,27,1,0,17.9598,8.28563,4,0.376781,-0.000580824,0.09,1
1650,1681,2,27,2,1,17.1442,9.51192,3,0.0985966,-0.190519,0.09,1
1650,1681,2,27,3,1,16.852,7.54849,3,0.61666,-0.39512,0.09,1
1650,1691,2,29,0,-1,-20.3622,-4.41308,1,-0.0413428,0.258198,0.086,1
1650,1691,2,29,1,0,-19.4922,-3.81937,4,-0.0358178,0.353633,0.086,1
1650,1691,2,29,2,1,-20.9575,-3.82939,3,-0.024425,0.430496,0.086,1
1650,1691,2,29,3,1,-19.92,-5.13021,3,0.142424,0.312056,0.086,1
1650,1692,2,27,0,-1,19.1353,-8.12663,1,0.192944,-0.567972,0.088,1
1650,1692,2,27,1,0,18.6941,-9.07041,4,0.0616819,-0.50446,0.088,1
1650,1692,2,27,2,1,20.0505,-8.62512,3,-0.01503,-0.300082,0.088,1
1650,1692,2,27,3,1,18.4261,-7.74795,3,0.00912065,-0.545136,0.088,1
1650,1695,2,30,0,-1,6.87182,-14.6581,1,0.278599,0.103192,0.085,1
1650,1695,2,30,1,0,7.81205,-14.2085,4,0.34243,-0.0166897,0.085,1
1650,1695,2,30,2,1,6.38797,-13.7825,3,0.350666,-0.0523607,0.085,1
1650,1695,2,30,3,1,7.25467,-15.453,3,0.159717,0.0692581,0.085,1
1650,1709,47,30,0,-1,-17.98,-9.61587,1,-0.301658,-0.318298,0.117,1
1650,1709,47,30,1,0,-16.4462,-9.29403,1,-0.153848,-0.104691,0.117,1
1650,1709,47,30,2,0,-19.0717,-9.48154,4,-0.416296,0.0688966,0.117,1
1650,1709,47,30,3,2,-18.5845,-10.8583,3,-0.552849,0.0879088,0.117,1
1650,1709,47,30,4,2,-17.9914,-8.60815,3,-0.441636,0.0210221,0.117,1
1650,1720,2,28,0,-1,23.027,-9.04622,1,-0.00439198,-0.36224,0.092,1
1650,1720,2,28,1,0,22.1805,-9.63455,4,-0.0778912,-0.250598,0.092,1
1650,1720,2,28,2,1,23.5723,-9.81343,3,-0.104395,-0.515899,0.092,1
1650,1720,2,28,3,1,22.5206,-8.36092,3,0.0657911,-0.288208,0.092,1
1650,1745,2,31,0,-1,-9.79028,4.24452,1,0.307653,0.0975482,0.091,1
1650,1745,2,31,1,0,-8.8094,4.58081,4,0.478894,-0.136394,0.091,1
1650,1745,2,31,2,1,-9.95658,5.65959,3,0.70759,0.0342636,0.091,1
1650,1745,2,31,3,1,-9.62058,3.4774,3,0.418845,-0.0473698,0.091,1
1650,1753,2,28,0,-1,-7.42178,-9.85316,1,-0.148863,-0.326039,0.092,1
1650,1753,2,28,1,0,-8.47884,-10.0232,4,-0.142411,-0.173931,0.092,1
1650,1753,2,28,2,1,-7.31295,-10.8516,3,-0.338773,-0.455905,0.092,1
1650,1753,2,28,3,1,-7.68315,-8.93306,3,-0.0912705,-0.187458,0.092,1
1650,1758,2,29,0,-1,15.9014,-5.57987,1,-0.239598,-0.0666483,0.091,1
1650,1758,2,29,1,0,15.0197,-6.1428,4,-0.224387,-0.0984869,0.091,1
1650,1758,2,29,2,1,16.2656,-6.68759,3,-0.175738,0.0251381,0.091,1
1650,1758,2,29,3,1,15.3978,-4.86554,3,-0.279732,-0.0917725,0.091,1
1650,1763,2,29,0,-1,-6.64304,6.55081,1,-0.320971,-0.451741,0.088,1
1650,1763,2,29,1,0,-7.46126,7.12074,4,0.138968,-0.674616,0.088,1
1650,1763,2,29,2,1,-7.07347,5.7191,3,0.776692,-0.604988,0.088,1
1650,1763,2,29,3,1,-6.16271,7.1495,3,0.224468,-0.0176919,0.088,1
1650,1769,2,30,0,-1,15.1039,-10.3737,1,0.280596,-0.128325,0.091,1
1650,1769,2,30,1,0,16.0766,-9.98685,4,0.237615,0.107669,0.091,1
1650,1769,2,30,2,1,14.8212,-9.36166,3,0.0703827,-0.218105,0.091,1
1650,1769,2,30,3,1,15.4322,-11.1454,3,0.580666,-0.0130981,0.091,1
1650,1771,54,28,0,-1,17.3512,-12.1371,1,0.9275,0.252457,0.113,1
1650,1771,54,28,1,0,17.5224,-11.0927,4,0.238844,0.372124,0.113,1
1650,1771,54,28,2,1,16.1985,-11.7039,3,0.618492,-0.451543,0.113,1
1650,1771,54,28,3,2,16.5151,-12.0171,1,0.812475,-0.248089,0.113,1
1650,1771,54,28,4,1,18.286,-12.1807,3,1.07216,0.943146,0.113,1
1650,1776,2,30,0,-1,-19.5843,-4.54957,1,-0.082717,0.365345,0.087,0
1650,1776,2,30,1,0,-18.7207,-3.9905,4,-0.00690342,0.134506,0.087,0
1650,1776,2,30,2,1,-20.168,-3.6191,3,0.0273308,0.376271,0.087,0
1650,1778,2,31,0,-1,-4.31868,-16.4334,1,-0.923209,-0.0505573,0.084,1
1650,1778,2,31,1,0,-5.24374,-15.8926,4,-0.664632,0.151531,0.084,1
1650,1778,2,31,2,1,-5.50147,-17.3336,3,-0.185857,-0.00527509,0.084,1
1650,1778,2,31,3,1,-3.97056,-15.3997,3,-0.409936,-0.324169,0.084,1
1650,1781,2,29,0,-1,-3.04268,-14.3258,1,-0.0750953,0.235911,0.093,1
1650,1781,2,29,1,0,-4.096,-14.2417,4,-0.118124,-0.0353589,0.093,1
1650,1781,2,29,2,1,-3.09229,-15.1513,3,-0.180561,-0.0851401,0.093,1
1650,1781,2,29,3,1,-3.00896,-13.5005,3,-0.290774,0.22089,0.093,1
1650,1791,2,28,0,-1,17.5356,8.90083,1,0.164564,-0.147965,0.091,0
1650,1791,2,28,1,0,18.1732,9.73206,4,0.0753456,-0.0766542,0.091,0
1650,1792,2,31,0,-1,13.6624,17.5691,1,-0.532858,-0.165774,0.092,1
1650,1792,2,31,1,0,12.532,17.3398,4,-0.590957,0.0418078,0.092,1
1650,1792,2,31,2,1,13.5474,16.3212,3,-0.54807,0.101599,0.092,1
1650,1792,2,31,3,1,13.244,18.2881,3,-0.429072,-0.112214,0.092,1
1650,1794,49,30,0,-1,10.0206,6.12657,1,-0.463522,0.365288,0.113,0
1650,1794,49,30,1,0,8.98311,6.40356,4,-0.394905,0.721176,0.113,0
1650,1794,49,30,2,0,10.1532,7.44419,1,-0.126386,0.318532,0.113,0
1650,1794,49,30,3,1,9.46665,5.04776,3,-0.661509,0.651936,0.113,0
1650,1797,2,29,0,-1,-9.39557,-22.1147,1,-0.427793,-0.113758,0.091,1
1650,1797,2,29,1,0,-10.4465,-22.0146,4,-0.394132,0.189262,0.091,1
1650,1797,2,29,2,1,-9.6643,-23.1227,3,-0.642546,0.0117011,0.091,1
1650,1797,2,29,3,1,-9.34353,-21.2785,3,-0.190836,-0.121918,0.091,1
1650,1800,2,29,0,-1,-6.256,-7.13418,1,0.0810105,0.0380286,0.09,0
1650,1800,2,29,1,0,-6.49708,-6.11736,4,0.0108582,0.0214882,0.09,0
1650,1801,2,30,0,-1,1.18139,-17.8439,1,-0.654011,0.208544,0.092,1
1650,1801,2,30,1,0,0.461828,-17.0032,4,-0.804202,-0.12602,0.092,1
1650,1801,2,30,2,1,-0.194071,-18.2226,3,-0.109705,-0.491858,0.092,1
1650,1801,2,30,3,1,1.81623,-17.0753,3,-0.6689,0.449507,0.092,1
1650,1806,2,31,0,-1,7.13548,-13.8959,1,0.351607,0.079988,0.086,0
1650,1807,2,30,0,-1,-1.29943,2.39549,1,0.816439,0.00497688,0.087,1
1650,1807,2,30,1,0,-0.27498,2.62143,4,0.744402,0.378399,0.087,1
1650,1807,2,30,2,1,-1.48929,3.40144,3,0.497818,0.000660753,0.087,1
1650,1807,2,30,3,1,-1.04732,1.54967,3,0.867643,0.315581,0.087,1
1650,1810,2,27,0,-1,10.894,2.817,1,0.336245,-0.12085,0.089,0
1650,1810,2,27,1,0,9.90679,2.46968,4,0.27861,0.033935,0.089,0
1650,1812,2,29,0,-1,11.9942,-13.0462,1,-0.154911,-0.204142,0.093,1
1650,1812,2,29,1,0,10.9629,-13.2886,4,-0.249269,0.124944,0.093,1
1650,1812,2,29,2,1,12.1052,-13.9649,3,-0.375022,-0.0045026,0.093,1
1650,1812,2,29,3,1,11.8068,-12.2601,3,0.245309,-0.281426,0.093,1
1650,1813,2,32,0,-1,-9.02402,3.92973,1,0.192923,-0.0283845,0.09,0
1650,1813,2,32,1,0,-8.0153,4.27265,4,0.337494,-0.525418,0.09,0
1650,1813,2,32,2,1,-9.25816,5.21669,3,0.681265,-0.0661628,0.09,0
1650,1814,2,29,0,-1,-8.10041,-9.47744,1,-0.105723,-0.185118,0.093,0
1650,1814,2,29,1,0,-9.13662,-9.58088,4,-0.130863,-0.137223,0.093,0
1650,1814,2,29,2,1,-8.22786,-10.7384,3,-0.0773538,-0.102056,0.093,0
1650,1815,2,31,0,-1,-3.78573,2.61386,1,0.568849,-0.171522,0.088,1
1650,1815,2,31,1,0,-2.81173,3.12283,4,0.22547,0.646481,0.088,1
1650,1815,2,31,2,1,-3.74215,4.25633,3,-0.154588,0.283418,0.088,1
1650,1815,2,31,3,1,-2.82327,1.80058,3,0.369727,0.787382,0.088,1
1650,1816,2,31,0,-1,17.2891,-8.75078,1,-0.104922,-0.371154,0.09,1
1650,1816,2,31,1,0,17.6307,-9.75527,4,-0.224817,-0.402132,0.09,1
1650,1816,2,31,2,1,18.1455,-8.52636,3,-0.128625,-0.462232,0.09,1
1650,1816,2,31,3,1,16.5339,-9.01122,3,-0.278945,-0.477567,0.09,1
1650,1819,2,31,0,-1,-19.9744,12.4481,1,-0.224693,0.387123,0.089,1
1650,1819,2,31,1,0,-20.0848,13.4933,4,0.162898,0.429925,0.089,1
1650,1819,2,31,2,1,-21.2416,12.4382,3,-0.252469,0.896527,0.089,1
1650,1819,2,31,3,1,-19.139,12.5534,3,-0.178384,0.0758007,0.089,1
1650,1820,2,32,0,-1,1.16438,-16.3887,1,-0.324943,0.220131,0.083,1
1650,1820,2,32,1,0,0.195433,-16.0527,4,-0.1581,0.670496,0.083,1
1650,1820,2,32,2,1,1.13949,-17.1392,3,-0.399612,0.524442,0.083,1
1650,1820,2,32,3,1,1.53567,-15.704,3,0.0652056,-0.100606,0.083,1
1650,1822,2,28,0,-1,12.3374,-14.8169,1,-0.458476,-0.142683,0.088,1
1650,1822,2,28,1,0,11.4515,-14.2134,4,-0.391403,-0.100088,0.088,1
1650,1822,2,28,2,1,11.4126,-15.64,3,-0.586722,-0.12346,0.088,1
1650,1822,2,28,3,1,12.8018,-14.1236,3,-0.397259,-0.0686923,0.088,1
1650,1823,2,31,0,-1,1.10904,-18.6435,1,-0.332114,0.21354,0.091,0
1650,1823,2,31,1,0,0.462743,-17.8337,4,-0.514973,0.141087,0.091,0
1650,1823,2,31,2,1,0.311383,-19.2097,3,-0.235447,0.119956,0.091,0
1650,1826,2,32,0,-1,14.3813,17.9691,1,-0.238362,-0.681779,0.092,0
1650,1827,2,30,0,-1,-6.35923,8.63287,1,0.367835,0.640803,0.087,1
1650,1827,2,30,1,0,-5.6471,9.42848,4,-0.224454,1.17728,0.087,1
1650,1827,2,30,2,1,-7.03888,9.1786,3,0.0315927,0.618311,0.087,1
1650,1827,2,30,3,1,-5.56568,8.10394,3,0.223189,0.984497,0.087,1
1650,1829,55,29,0,-1,22.8662,-9.85366,1,-0.122733,-0.329681,0.117,0
1650,1829,55,29,1,0,21.9403,-10.363,4,-0.180988,-0.205435,0.117,0
1650,1829,55,29,2,1,23.2102,-10.8439,3,-0.183298,-0.226838,0.117,0
1650,1830,2,33,0,-1,5.75406,-19.9699,1,-0.334889,-0.144487,0.082,1
1650,1830,2,33,1,0,5.43793,-18.9519,4,0.0697189,-0.0654489,0.082,1
1650,1830,2,33,2,1,4.89562,-20.3321,3,-0.230366,0.0375645,0.082,1
1650,1830,2,33,3,1,6.81512,-19.2064,3,-0.016286,-0.807654,0.082,1
1650,1831,2,30,0,-1,-8.60792,-21.9401,1,-0.360775,-0.433282,0.091,0
1650,1833,2,32,0,-1,16.6488,-8.22408,1,-0.0642708,-0.425137,0.089,0
1650,1833,2,32,1,0,16.0037,-7.52426,4,0.263368,-0.183785,0.089,0
1650,1833,2,32,2,1,15.7107,-8.85311,3,-0.290686,-0.0820519,0.089,0
1650,1834,2,31,0,-1,-8.32344,8.21246,1,0.394076,-0.323303,0.089,1
1650,1834,2,31,1,0,-7.29682,7.99653,4,0.703529,0.191914,0.089,1
1650,1834,2,31,2,1,-7.88712,9.50177,3,-0.0574162,-0.00204088,0.089,1
1650,1834,2,31,3,0,-9.29065,7.35097,3,0.629622,-0.530582,0.089,1
1650,1835,2,29,0,-1,13.1698,-14.7872,1,-0.502527,-0.0838502,0.088,0
1650,1835,2,29,1,0,14.1884,-14.488,4,-0.49745,-0.207878,0.088,0
1650,1836,47,31,0,-1,-18.6585,-10.043,1,-0.545198,-0.0602988,0.116,0
1650,1837,2,34,0,-1,6.08536,-19.296,1,-0.185206,-0.152626,0.081,0
1650,1837,2,34,1,0,5.02264,-19.5925,4,-0.27475,0.186165,0.081,0
1650,1837,2,34,2,1,6.23378,-20.4719,3,-0.73494,-0.561855,0.081,0
1650,1838,2,31,0,-1,15.4858,-9.66926,1,0.104578,-0.0655115,0.091,0
1650,1844,2,32,0,-1,-3.66736,-15.9466,1,-0.923533,-0.189519,0.085,0
1650,1845,2,32,0,-1,-7.80475,8.79281,1,0.0657074,-0.156275,0.09,0
1650,1847,57,31,0,-1,-7.9082,7.01042,1,-0.210257,0.10228,0.065,0
1650,1848,2,31,0,-1,-7.15081,8.65492,1,0.146174,1.18727,0.086,0
1680,1633,2,30,0,-1,-13.9464,-6.8754,1,-0.719084,-0.848585,0.09,1
1680,1633,2,30,1,0,-14.4454,-7.79658,4,-1.00376,-0.853293,0.09,1
1680,1633,2,30,2,1,-12.8511,-8.02117,3,-0.972943,-0.468528,0.09,1
1680,1633,2,30,3,1,-15.1562,-6.69578,3,-0.548109,-0.283783,0.09,1
1680,1753,2,28,0,-1,-16.0824,-8.77754,1,0.225916,0.119101,0.092,1
1680,1753,2,28,1,0,-15.0853,-8.61279,4,0.413831,-0.39534,0.092,1
1680,1753,2,28,2,1,-16.2183,-7.69122,3,0.538567,-0.0883688,0.092,1
1680,1753,2,28,3,1,-16.059,-9.54656,3,-0.215975,0.132222,0.092,1
1680,1758,2,29,0,-1,3.24258,-7.14738,1,-0.18018,0.302618,0.091,1
1680,1758,2,29,1,0,3.18658,-6.09499,4,-0.0916898,0.308672,0.091,1
1680,1758,2,29,2,1,2.07389,-6.9571,3,-0.112497,0.370312,0.091,1
1680,1758,2,29,3,1,4.08011,-7.06879,3,-0.161313,0.22965,0.091,1
1680,1763,2,29,0,-1,-0.21875,1.76276,1,-0.164881,0.371937,0.088,1
1680,1763,2,29,1,0,-0.798449,2.65496,4,0.203569,0.6029,0.088,1
1680,1763,2,29,2,1,-1.36316,1.31539,3,-0.261828,0.766806,0.088,1
1680,1763,2,29,3,1,0.509628,2.42018,3,0.0913946,0.0265667,0.088,1
1680,1769,2,30,0,-1,11.2786,-9.62436,1,0.305074,0.222554,0.091,1
1680,1769,2,30,1,0,12.1317,-8.99367,4,0.31035,0.26359,0.091,1
1680,1769,2,30,2,1,10.785,-8.753,3,0.309177,0.248794,0.091,1
1680,1769,2,30,3,1,11.9153,-10.3227,3,0.480344,0.238509,0.091,1
1680,1771,54,28,0,-1,12.6597,-14.8692,1,-0.14015,0.35804,0.113,1
1680,1771,54,28,1,0,12.7376,-13.8234,4,0.114179,0.356148,0.113,1
1680,1771,54,28,2,1,11.4866,-14.6239,3,0.0110875,0.57204,0.113,1
1680,1771,54,28,3,2,11.8254,-14.9158,1,-0.0110225,0.518519,0.113,1
1680,1771,54,28,4,1,13.5829,-14.8435,3,-0.131577,0.157023,0.113,1
1680,1778,2,31,0,-1,-18.0876,-17.5295,1,-0.312359,-0.179718,0.084,1
1680,1778,2,31,1,0,-19.0039,-18.0059,4,-0.358693,-0.109208,0.084,1
1680,1778,2,31,2,1,-17.6041,-18.4026,3,-0.395128,-0.228247,0.084,1
1680,1778,2,31,3,1,-18.3795,-16.7651,3,-0.278361,-0.15175,0.084,1
1680,1781,2,29,0,-1,-11.0966,-6.2964,1,-0.69818,0.510774,0.093,1
1680,1781,2,29,1,0,-11.705,-7.16496,4,0.0484861,-0.0564037,0.093,1
1680,1781,2,29,2,1,-10.3479,-7.35821,3,0.193441,0.79868,0.093,1
1680,1781,2,29,3,1,-12.0807,-5.87458,3,-1.12613,-0.336345,0.093,1
1680,1792,2,31,0,-1,9.00053,11.4891,1,0.482223,0.637139,0.092,1
1680,1792,2,31,1,0,9.21647,12.6016,4,-0.10157,0.696847,0.092,1
1680,1792,2,31,2,1,7.90291,11.9875,3,0.0882656,0.179146,0.092,1
1680,1792,2,31,3,1,9.82549,11.5589,3,0.584269,1.06376,0.092,1
1680,1801,2,30,0,-1,-4.21362,-15.8581,1,0.35531,0.0143435,0.092,1
1680,1801,2,30,1,0,-3.72047,-16.8055,4,0.321018,0.0776888,0.092,1
1680,1801,2,30,2,1,-3.16827,-15.5966,3,0.167135,0.189791,0.092,1
1680,1801,2,30,3,1,-5.01085,-16.3841,3,0.241327,-0.0303431,0.092,1
1680,1807,2,30,0,-1,-2.55204,1.05064,1,-0.157357,0.131778,0.087,1
1680,1807,2,30,1,0,-1.70137,1.72344,4,-0.207765,0.170051,0.087,1
1680,1807,2,30,2,1,-3.0545,2.09445,3,0.00570752,0.45851,0.087,1
1680,1807,2,30,3,1,-1.96775,0.422716,3,-0.193331,0.0199014,0.087,1
1680,1814,2,29,0,-1,-14.2048,-8.52756,1,-0.496079,-0.428289,0.093,1
1680,1814,2,29,1,0,-15.1447,-8.07562,4,-0.540066,-0.101472,0.093,1
1680,1814,2,29,2,1,-14.3435,-9.35077,3,-0.0589964,0.280741,0.093,1
1680,1814,2,29,3,1,-13.897,-7.67482,3,-0.523428,0.0142597,0.093,1
1680,1815,2,31,0,-1,11.1755,10.077,1,0.797934,0.399996,0.088,1
1680,1815,2,31,1,0,11.7049,11.0877,4,0.825468,0.428409,0.088,1
1680,1815,2,31,2,1,10.2792,10.8256,3,0.722526,1.03741,0.088,1
1680,1815,2,31,3,1,12.568,10.0005,3,0.309296,0.167199,0.088,1
1680,1819,2,31,0,-1,-16.766,8.59244,1,-0.557862,-0.103862,0.089,1
1680,1819,2,31,1,0,-17.643,9.17393,4,-0.355823,0.211226,0.089,1
1680,1819,2,31,2,1,-17.5548,7.60398,3,-0.988615,0.171638,0.089,1
1680,1819,2,31,3,1,-16.3229,9.31112,3,-0.321484,-0.214033,0.089,1
1680,1820,2,32,0,-1,1.47987,-12.1736,1,0.379873,0.304329,0.083,1
1680,1820,2,32,1,0,1.45487,-11.1238,4,0.272353,0.295474,0.083,1
1680,1820,2,32,2,1,0.459674,-12.1777,3,0.41902,0.128119,0.083,1
1680,1820,2,32,3,1,2.3466,-12.1492,3,0.3537,0.388068,0.083,1
1680,1823,2,31,0,-1,-8.41693,-10.8216,1,0.328512,0.103402,0.091,1
1680,1823,2,31,1,0,-7.39925,-10.5607,4,0.28327,0.0733533,0.091,1
1680,1823,2,31,2,1,-8.45764,-9.71902,3,0.343571,-0.00702139,0.091,1
1680,1823,2,31,3,1,-8.16471,-11.6401,3,0.330366,0.0619428,0.091,1
1680,1826,2,32,0,-1,11.3724,14.5625,1,0.509559,-0.0514946,0.092,1
1680,1826,2,32,1,0,12.4857,14.3589,4,0.484563,-0.204223,0.092,1
1680,1826,2,32,2,1,11.759,15.603,3,0.563506,-0.121755,0.092,1
1680,1826,2,32,3,1,11.4583,13.7431,3,0.448287,-0.0658586,0.092,1
1680,1827,2,30,0,-1,4.79328,11.4758,1,-0.109543,0.104137,0.087,1
1680,1827,2,30,1,0,3.72115,11.3249,4,-0.0596528,0.304583,0.087,1
1680,1827,2,30,2,1,4.64401,10.226,3,-0.208729,0.175887,0.087,1
1680,1827,2,30,3,1,4.38005,12.471,3,0.0635664,0.281066,0.087,1
1680,1828,2,32,0,-1,-12.2782,14.1813,1,0.458213,-0.0386111,0.09,1
1680,1828,2,32,1,0,-11.3518,13.6287,4,0.445211,-0.0223428,0.09,1
1680,1828,2,32,2,1,-11.4498,15.189,3,0.0443903,-0.0612327,0.09,1
1680,1828,2,32,3,1,-12.6421,13.4491,3,0.449304,-0.176573,0.09,1
1680,1838,2,31,0,-1,12.0558,-9.64941,1,0.284353,0.302572,0.091,0
1680,1838,2,31,1,0,12.9178,-9.09264,4,0.291866,0.296376,0.091,0
1680,1838,2,31,2,1,11.615,-8.55864,3,0.253867,0.194962,0.091,0
1680,1843,56,29,0,-1,12.167,-14.2301,1,0.042559,0.487374,0.088,0
1680,1848,2,31,0,-1,-10.539,20.1373,1,-0.458191,-0.228392,0.086,1
1680,1848,2,31,1,0,-11.1671,19.2928,4,-0.218142,-0.407617,0.086,1
1680,1848,2,31,2,1,-9.72633,19.3852,3,-0.240191,-0.0123941,0.086,1
1680,1848,2,31,3,1,-11.2416,20.613,3,-0.610611,-0.426754,0.086,1
1680,1853,2,33,0,-1,-3.71233,-17.5516,1,-0.00278916,-0.0496506,0.084,1
1680,1853,2,33,1,0,-2.8779,-16.9123,4,0.192498,-0.398353,0.084,1
1680,1853,2,33,2,1,-4.32209,-16.659,3,0.185486,-0.135683,0.084,1
1680,1853,2,33,3,1,-3.27872,-18.2189,3,-0.568465,-0.185399,0.084,1
1680,1854,2,31,0,-1,12.7094,6.1283,1,0.56577,-0.148858,0.088,1
1680,1854,2,31,1,0,13.7058,5.7895,4,0.502685,-0.303755,0.088,1
1680,1854,2,31,2,1,13.1967,7.12847,3,0.783332,-0.188109,0.088,1
1680,1854,2,31,3,1,12.4584,5.32698,3,0.419232,-0.107548,0.088,1
1680,1857,2,32,0,-1,5.61136,1.67071,1,0.220261,-0.433903,0.088,1
1680,1857,2,32,1,0,5.6397,0.592355,4,-0.118963,-0.401332,0.088,1
1680,1857,2,32,2,1,6.90215,1.29764,3,-0.0733522,-0.516501,0.088,1
1680,1857,2,32,3,1,4.74377,1.55157,3,0.260547,-0.0244215,0.088,1
1680,1859,2,30,0,-1,-8.06579,-7.28408,1,0.28473,0.708921,0.092,1
1680,1859,2,30,1,0,-7.1919,-6.72962,4,0.661843,0.105952,0.092,1
1680,1859,2,30,2,1,-8.34323,-5.98277,3,1.24178,1.04183,0.092,1
1680,1859,2,30,3,1,-7.5897,-8.0102,3,-0.155345,0.332559,0.092,1
1680,1862,58,31,0,-1,-13.3696,-7.50199,1,-0.0124628,0.016451,0.115,0
1680,1862,58,31,1,0,-12.5858,-6.37001,3,-0.0654878,0.257603,0.115,0
1680,1862,58,31,2,0,-12.2806,-7.65723,4,-0.254549,-0.30775,0.115,0
1680,1862,58,31,3,2,-13.0836,-6.34227,3,1.00093,1.24707,0.115,0
1680,1863,2,34,0,-1,2.3639,-14.0556,1,-0.160373,0.336093,0.083,1
1680,1863,2,34,1,0,1.47058,-13.5056,4,-0.161524,0.339249,0.083,1
1680,1863,2,34,2,1,1.85702,-14.909,3,-0.163187,0.327098,0.083,1
1680,1863,2,34,3,1,2.80942,-13.3079,3,-0.186994,0.384376,0.083,1
1680,1864,2,31,0,-1,5.62964,11.4846,1,-0.194282,-0.0446735,0.087,0
1680,1864,2,31,1,0,6.67522,11.2108,4,-0.514831,-1.04197,0.087,0
1680,1864,2,31,2,1,6.22352,12.5914,3,0.412578,-0.763585,0.087,0
1680,1865,2,32,0,-1,1.13365,7.70622,1,-0.470293,0.538766,0.089,1
1680,1865,2,32,1,0,1.76062,8.55908,4,0.0727653,0.148433,0.089,1
1680,1865,2,32,2,1,0.306152,8.63873,3,0.154089,0.929213,0.089,1
1680,1865,2,32,3,1,1.99466,7.24376,3,-0.817461,0.0134419,0.089,1
1680,1866,2,32,0,-1,-9.052,-11.3181,1,0.277899,0.183963,0.091,0
1680,1866,2,32,1,0,-9.18951,-12.3581,4,-0.0586459,0.228538,0.091,0
1680,1867,2,30,0,-1,2.68233,-6.59271,1,-0.111602,0.376544,0.09,0
1680,1869,2,31,0,-1,-2.20592,-4.15808,1,0.224059,-0.0141446,0.086,1
1680,1869,2,31,1,0,-1.201,-4.47963,4,0.118404,-0.349422,0.086,1
1680,1869,2,31,2,1,-1.70135,-3.13035,3,0.633988,-0.149627,0.086,1
1680,1869,2,31,3,1,-2.44037,-4.96701,3,-0.0421836,0.0518101,0.086,1
1680,1870,2,32,0,-1,-18.8654,-17.2665,1,-0.294762,-0.153429,0.084,0
1680,1870,2,32,1,0,-18.9859,-16.22,4,-0.282964,-0.158473,0.084,0
1680,1871,2,31,0,-1,-1.49281,-14.3202,1,0.57158,0.281286,0.091,1
1680,1871,2,31,1,0,-0.82164,-13.4979,4,0.623893,0.232693,0.091,1
1680,1871,2,31,2,1,-2.1516,-13.2248,3,0.707679,0.688631,0.091,1
1680,1871,2,31,3,1,-0.534535,-14.8091,3,0.488086,0.201507,0.091,1
1680,1872,2,33,0,-1,-5.7349,-10.6968,1,-0.40215,-0.028656,0.083,1
1680,1872,2,33,1,0,-6.77231,-10.8077,4,-0.354058,0.135646,0.083,1
1680,1872,2,33,2,1,-5.64274,-11.7007,3,-0.584629,-0.0276949,0.083,1
1680,1872,2,33,3,1,-5.82805,-9.82938,3,-0.209238,-0.0288237,0.083,1
1680,1873,2,32,0,-1,14.2765,9.25784,1,0.772383,0.259029,0.088,1
1680,1873,2,32,1,0,15.271,9.62144,4,0.71052,0.357881,0.088,1
1680,1873,2,32,2,1,14.0681,10.4168,3,0.656624,0.328201,0.088,1
1680,1873,2,32,3,1,14.6646,8.45154,3,0.937096,0.220394,0.088,1
1680,1875,2,30,0,-1,-11.5275,-13.5886,1,-0.196985,-0.209423,0.093,1
1680,1875,2,30,1,0,-12.4746,-13.2459,4,-0.153009,-0.00654002,0.093,1
1680,1875,2,30,2,1,-11.5137,-14.3547,3,-0.50397,-0.280104,0.093,1
1680,1875,2,30,3,1,-11.1851,-12.8562,3,-0.04981,-0.431174,0.093,1
1680,1878,2,32,0,-1,-3.00478,-4.27086,1,0.247662,-0.19245,0.085,0
1680,1878,2,32,1,0,-3.70288,-3.48901,4,0.022797,-0.391579,0.085,0
1680,1879,2,33,0,-1,5.19375,2.38106,1,0.646284,-0.244179,0.089,0
1680,1879,2,33,1,0,4.1417,2.45434,4,0.670584,-0.432756,0.089,0
1680,1880,2,33,0,-1,11.6052,9.75204,1,0.387803,0.151315,0.088,1
1680,1880,2,33,1,0,12.3467,10.5968,4,0.565076,-0.00132478,0.088,1
1680,1880,2,33,2,1,10.989,11.1102,3,0.856788,0.575851,0.088,1
1680,1880,2,33,3,1,12.1621,9.26183,3,0.28287,-0.0140487,0.088,1
1680,1881,2,30,0,-1,0.5952,1.71376,1,-0.167593,-0.429377,0.087,0
1680,1882,59,32,0,-1,5.8393,9.39551,1,-0.170901,0.16773,0.117,1
1680,1882,59,32,1,0,4.79148,8.95231,4,0.0362047,-0.315753,0.117,1
1680,1882,59,32,2,1,5.37414,9.99941,3,-0.49126,-0.00214322,0.117,1
1680,1883,2,31,0,-1,-12.1684,-14.1427,1,-0.456067,0.151883,0.093,0
1680,1883,2,31,1,0,-11.7934,-15.1396,4,-0.886151,-0.0127971,0.093,0
1680,1884,2,33,0,-1,-12.8936,14.7335,1,0.923417,0.429799,0.091,0
1680,1885,2,29,0,-1,-15.3488,-9.19914,1,-0.0104635,-0.0647955,0.093,0
1680,1885,2,29,1,0,-14.8645,-10.1355,4,-0.126022,-0.011875,0.093,0
1680,1886,2,31,0,-1,-2.76175,0.246572,1,-0.649898,0.283759,0.088,0
1680,1886,2,31,1,0,-2.03237,-0.524456,4,-0.57181,0.435986,0.088,0
1680,1887,60,34,0,-1,11.3189,10.5104,1,-0.0425792,0.066981,0.063,0
1680,1888,2,32,0,-1,11.9907,10.0495,1,0.624315,0.0697127,0.087,0
1710,1758,2,29,0,-1,8.22374,1.48869,1,-0.399869,0.384902,0.091,1
1710,1758,2,29,1,0,7.20473,1.23904,4,-0.26641,-0.204765,0.091,1
1710,1758,2,29,2,1,8.28156,0.321951,3,0.165709,0.299918,0.091,1
1710,1758,2,29,3,1,7.96068,2.33483,3,-0.920245,0.260366,0.091,1
1710,1763,2,29,0,-1,5.50679,-0.0248332,1,-0.326793,-0.584996,0.088,1
1710,1763,2,29,1,0,5.54961,-1.0817,4,0.168812,-0.560162,0.088,1
1710,1763,2,29,2,1,6.69836,-0.197082,3,-0.254547,-2.20973e-05,0.088,1
1710,1763,2,29,3,1,4.58838,-0.164775,3,-0.309239,-1.02235,0.088,1
1710,1769,2,30,0,-1,10.0376,-7.36313,1,0.696281,0.273302,0.091,1
1710,1769,2,30,1,0,10.7587,-6.59484,4,0.723336,0.219756,0.091,1
1710,1769,2,30,2,1,9.42488,-6.57457,3,0.727431,-0.016808,0.091,1
1710,1769,2,30,3,1,10.6881,-7.91868,3,0.670337,0.203066,0.091,1
1710,1771,54,28,0,-1,9.10377,-9.74381,1,0.222749,-0.103041,0.113,1
1710,1771,54,28,1,0,9.41906,-10.7973,4,0.0852606,-0.161938,0.113,1
1710,1771,54,28,2,1,10.3647,-9.72106,3,0.305151,-0.363507,0.113,1
1710,1771,54,28,3,2,9.9448,-9.58564,1,0.328842,-0.290741,0.113,1
1710,1771,54,28,4,1,8.27941,-10.1701,3,0.169299,-0.0397896,0.113,1
1710,1781,2,29,0,-1,-15.2321,-4.70348,1,-0.427447,-0.392693,0.093,1
1710,1781,2,29,1,0,-15.6724,-5.6581,4,-0.270682,-0.461703,0.093,1
1710,1781,2,29,2,1,-14.3695,-5.25694,3,-0.312399,-0.290086,0.093,1
1710,1781,2,29,3,1,-16.0128,-4.38279,3,-0.434649,-0.503853,0.093,1
1710,1792,2,31,0,-1,12.2979,8.35734,1,0.193375,-0.272022,0.092,1
1710,1792,2,31,1,0,11.7191,7.34034,4,0.388901,-0.309158,0.092,1
1710,1792,2,31,2,1,13.0836,7.73297,3,0.45783,-0.307889,0.092,1
1710,1792,2,31,3,1,11.2756,8.43752,3,0.594005,-0.202596,0.092,1
1710,1801,2,30,0,-1,9.59494,-17.399,1,-0.080178,-0.277345,0.092,1
1710,1801,2,30,1,0,8.82571,-18.1154,4,-0.0566355,-0.302919,0.092,1
1710,1801,2,30,2,1,10.1806,-18.2355,3,-0.0573416,-0.284198,0.092,1
1710,1801,2,30,3,1,9.00605,-16.8045,3,-0.09298,-0.295057,0.092,1
1710,1807,2,30,0,-1,-5.26672,4.83878,1,0.358558,0.198007,0.087,1
1710,1807,2,30,1,0,-4.86277,5.80826,4,0.402496,0.171417,0.087,1
1710,1807,2,30,2,1,-6.22124,5.36149,3,0.437429,0.0868078,0.087,1
1710,1807,2,30,3,1,-4.51227,4.52294,3,0.365899,0.151911,0.087,1
1710,1814,2,29,0,-1,-14.3694,-13.7367,1,0.307439,0.411957,0.093,1
1710,1814,2,29,1,0,-13.5592,-13.066,4,0.266559,0.468241,0.093,1
1710,1814,2,29,2,1,-14.9711,-12.7974,3,0.247021,0.338708,0.093,1
1710,1814,2,29,3,1,-13.8279,-14.3936,3,0.34406,0.447487,0.093,1
1710,1815,2,31,0,-1,14.4902,11.4832,1,0.162896,0.46841,0.088,1
1710,1815,2,31,1,0,14.8162,12.5367,4,0.489016,0.383837,0.088,1
1710,1815,2,31,2,1,13.3913,12.1361,3,0.490504,0.74613,0.088,1
1710,1815,2,31,3,1,15.5535,11.3764,3,0.00722746,0.117313,0.088,1
1710,1819,2,31,0,-1,-11.0772,11.7592,1,0.399159,-0.100834,0.089,1
1710,1819,2,31,1,0,-10.3273,11.0172,4,0.191942,-0.333064,0.089,1
1710,1819,2,31,2,1,-10.0093,12.56,3,0.771465,-0.467594,0.089,1
1710,1819,2,31,3,1,-11.6522,11.0846,3,0.216098,-0.036261,0.089,1
1710,1820,2,32,0,-1,1.34738,-14.5959,1,-0.201444,0.0214236,0.083,1
1710,1820,2,32,1,0,0.334373,-14.27,4,-0.181533,0.0526135,0.083,1
1710,1820,2,32,2,1,1.09695,-15.4912,3,-0.0993124,0.0709472,0.083,1
1710,1820,2,32,3,1,1.52551,-13.6596,3,-0.33875,0.196719,0.083,1
1710,1826,2,32,0,-1,21.3786,19.8957,1,-0.00264081,0.408604,0.092,1
1710,1826,2,32,1,0,21.0743,20.9986,4,0.138094,0.447828,0.092,1
1710,1826,2,32,2,1,20.1042,19.9041,3,-0.0112994,0.579502,0.092,1
1710,1826,2,32,3,1,22.0776,20.342,3,0.0535696,0.318437,0.092,1
1710,1828,2,32,0,-1,-10.4276,0.292906,1,-0.482018,-0.401165,0.09,1
1710,1828,2,32,1,0,-11.2615,-0.377659,4,-0.536714,-0.0398603,0.09,1
1710,1828,2,32,2,1,-9.70928,-0.693649,3,-0.858702,-0.64344,0.09,1
1710,1828,2,32,3,1,-10.9563,0.906211,3,-0.139632,-0.150494,0.09,1
1710,1838,2,31,0,-1,2.86972,-5.9888,1,-0.810331,0.106649,0.091,1
1710,1838,2,31,1,0,1.89373,-5.60856,4,-0.585174,0.708652,0.091,1
1710,1838,2,31,2,1,2.38397,-6.865,3,-1.12344,0.479215,0.091,1
1710,1838,2,31,3,1,3.18077,-5.24681,3,-0.437149,0.137122,0.091,1
1710,1843,56,29,0,-1,8.79451,-8.95299,1,0.558385,0.0359943,0.088,0
1710,1843,56,29,1,0,9.52351,-8.189,4,0.838809,-0.232672,0.088,0
1710,1843,56,29,2,1,8.11141,-7.81898,3,0.981919,0.517751,0.088,0
1710,1843,56,29,3,2,8.12502,-8.27958,1,0.61174,0.518434,0.088,0
1710,1848,2,31,0,-1,-7.87549,11.1276,1,0.312718,-0.580642,0.086,1
1710,1848,2,31,1,0,-7.84209,10.0706,4,-0.333415,-0.600091,0.086,1
1710,1848,2,31,2,1,-6.66527,10.9176,3,0.19373,-1.28733,0.086,1
1710,1848,2,31,3,1,-8.77403,11.0276,3,0.15183,-0.13759,0.086,1
1710,1854,2,31,0,-1,8.80376,-3.62896,1,-0.343913,-0.0223415,0.088,1
1710,1854,2,31,1,0,7.78017,-3.89723,4,-0.33053,-0.0442254,0.088,1
1710,1854,2,31,2,1,8.90687,-4.8329,3,-0.24758,0.0337558,0.088,1
1710,1854,2,31,3,1,8.5574,-2.81878,3,-0.334636,-0.0503523,0.088,1
1710,1857,2,32,0,-1,1.06188,3.2651,1,-0.742356,-0.116987,0.088,1
1710,1857,2,32,1,0,2.02038,2.84018,4,-0.676106,-0.354455,0.088,1
1710,1857,2,32,2,1,1.50831,4.16312,3,0.362975,0.0611697,0.088,1
1710,1857,2,32,3,1,0.800383,2.41641,3,-1.05998,0.303421,0.088,1
1710,1859,2,30,0,-1,-0.634029,-17.2927,1,-0.467199,0.228352,0.092,1
1710,1859,2,30,1,0,-1.28549,-16.5037,4,-0.299253,0.229313,0.092,1
1710,1859,2,30,2,1,-1.68671,-17.8291,3,-0.240304,0.215725,0.092,1
1710,1859,2,30,3,1,-0.0897673,-17.104,3,-0.647337,-0.936379,0.092,1
1710,1862,58,31,0,-1,-16.3721,-7.49061,1,-0.889084,-0.120985,0.115,1
1710,1862,58,31,1,0,-15.8407,-8.88145,3,-0.141185,0.158858,0.115,1
1710,1862,58,31,2,0,-17.0136,-8.3124,4,-0.438433,-0.470777,0.115,1
1710,1862,58,31,3,2,-15.4257,-8.20683,3,-0.483751,0.392573,0.115,1
1710,1862,58,31,4,2,-17.1999,-6.99969,3,-1.20122,-0.570355,0.115,1
1710,1863,2,34,0,-1,4.75909,-8.21362,1,0.00205825,0.589617,0.083,1
1710,1863,2,34,1,0,3.94874,-7.5363,4,-0.21416,0.298901,0.083,1
1710,1863,2,34,2,1,3.96008,-8.99598,3,0.53086,0.308612,0.083,1
1710,1863,2,34,3,1,5.3016,-7.50731,3,-0.216137,0.606595,0.083,1
1710,1865,2,32,0,-1,3.58652,4.22222,1,0.333755,-0.0720479,0.089,1
1710,1865,2,32,1,0,3.67442,3.16384,4,0.482388,-0.105252,0.089,1
1710,1865,2,32,2,1,4.77093,4.08216,3,0.178838,0.148814,0.089,1
1710,1865,2,32,3,1,2.696,4.06886,3,0.562128,-0.0797589,0.089,1
1710,1867,2,30,0,-1,7.78594,0.821612,1,-0.0123798,0.143193,0.09,0
1710,1871,2,31,0,-1,-0.23436,-15.6244,1,-0.0765846,0.287778,0.091,1
1710,1871,2,31,1,0,-1.29765,-15.2348,4,-0.528467,0.224175,0.091,1
1710,1871,2,31,2,1,-0.575929,-16.3433,3,-0.221284,0.598742,0.091,1
1710,1871,2,31,3,1,-0.122152,-14.7667,3,-0.784881,0.567489,0.091,1
1710,1873,2,32,0,-1,22.6356,14.6845,1,0.00531048,-0.131245,0.088,1
1710,1873,2,32,1,0,23.66,14.4611,4,-0.00270032,-0.193658,0.088,1
1710,1873,2,32,2,1,23.0657,15.7662,3,0.0504041,-0.171964,0.088,1
1710,1873,2,32,3,1,22.5357,13.7749,3,-0.044109,-0.122661,0.088,1
1710,1879,2,33,0,-1,9.69622,6.75786,1,0.440909,0.0727981,0.089,1
1710,1879,2,33,1,0,10.7386,6.95034,4,0.455338,-0.0721677,0.089,1
1710,1879,2,33,2,1,9.70546,7.93553,3,0.561869,0.0537026,0.089,1
1710,1879,2,33,3,1,9.86513,5.94703,3,0.289134,0.0559979,0.089,1
1710,1880,2,33,0,-1,13.845,11.5177,1,0.102356,0.644565,0.088,1
1710,1880,2,33,1,0,14.9128,11.8369,4,0.179459,0.320939,0.088,1
1710,1880,2,33,2,1,13.7736,12.7716,3,0.570367,0.838039,0.088,1
1710,1881,2,30,0,-1,2.14324,0.635037,1,0.0752829,-0.0404364,0.087,1
1710,1881,2,30,1,0,1.07516,0.871192,4,0.0667676,-0.283484,0.087,1
1710,1881,2,30,2,1,1.23272,-0.576085,3,-0.0662502,-0.26086,0.087,1
1710,1881,2,30,3,1,2.29705,1.45662,3,0.174332,-0.755156,0.087,1
1710,1884,2,33,0,-1,-12.4151,8.76843,1,0.182987,-0.560437,0.091,1
1710,1884,2,33,1,0,-11.7267,7.98961,4,0.408278,-0.3776,0.091,1
1710,1884,2,33,2,1,-11.6586,9.55388,3,0.155235,-0.360104,0.091,1
1710,1884,2,33,3,1,-13.0489,8.21472,3,0.295211,-1.11717,0.091,1
1710,1887,60,34,0,-1,13.7574,10.7043,1,-0.496923,0.705664,0.063,0
1710,1888,2,32,0,-1,15.1182,11.0286,1,-0.017476,0.232505,0.087,1
1710,1888,2,32,1,0,15.76,11.9697,4,0.304413,0.00807113,0.087,1
1710,1888,2,32,2,1,14.2939,12.1966,3,0.35802,0.605409,0.087,1
1710,1888,2,32,3,1,16.1562,10.7203,3,0.126402,-0.0799803,0.087,1
1710,1888,2,32,4,1,15.5228,13.0357,3,0.761271,0.108793,0.087,1
1710,1891,2,33,0,-1,1.85778,-9.68243,1,-0.123263,0.375405,0.082,1
1710,1891,2,33,1,0,0.948939,-9.12134,4,-0.41152,-0.0719521,0.082,1
1710,1891,2,33,2,1,1.20288,-10.5557,3,0.183767,0.0301234,0.082,1
1710,1891,2,33,3,1,2.25319,-8.74977,3,-0.647699,0.818797,0.082,1
1710,1892,2,30,0,-1,-12.4085,-6.66263,1,-0.154157,-0.522466,0.093,1
1710,1892,2,30,1,0,-12.0073,-7.64039,4,0.205412,-0.366339,0.093,1
1710,1892,2,30,2,1,-11.2963,-6.38259,3,-0.360914,-0.0391721,0.093,1
1710,1892,2,30,3,1,-13.1765,-7.03545,3,-0.0498874,-0.835958,0.093,1
1710,1894,2,33,0,-1,20.717,20.3148,1,0.0498475,0.490494,0.091,0
1710,1895,61,32,0,-1,9.32284,12.1126,1,-0.212489,-0.0164288,0.117,1
1710,1895,61,32,1,0,9.12059,13.2126,4,-0.256162,-0.0338388,0.117,1
1710,1895,61,32,2,1,10.0337,12.4183,3,-0.335231,-0.145883,0.117,1
1710,1896,2,33,0,-1,11.377,13.9548,1,-0.118694,0.284472,0.087,1
1710,1896,2,33,1,0,10.547,14.6078,4,-0.209881,0.183567,0.087,1
1710,1896,2,33,2,1,10.5416,13.1614,3,-0.578078,0.15776,0.087,1
1710,1896,2,33,3,1,11.8645,14.7019,3,-0.237153,0.520873,0.087,1
1710,1897,2,33,0,-1,15.4664,10.2788,1,-0.231525,0.140884,0.088,0
1710,1897,2,33,1,0,16.4891,9.98801,4,-0.385218,-0.350006,0.088,0
1710,1898,2,32,0,-1,0.619016,-15.9547,1,0.220497,0.394396,0.091,0
1710,1898,2,32,1,0,0.401968,-15.0564,4,-0.101834,0.445989,0.091,0
1710,1898,2,32,2,1,0.262609,-16.4801,3,-0.580364,0.439465,0.091,0
1710,1901,2,30,0,-1,-13.5652,-13.7633,1,0.301704,0.418738,0.092,0
1710,1903,2,33,0,-1,1.22926,-2.25285,1,-0.0754597,-0.793312,0.088,1
1710,1903,2,33,1,0,0.183923,-2.42984,4,-0.208849,0.00880413,0.088,1
1710,1903,2,33,2,1,1.16169,-3.51242,3,-0.972333,-0.731849,0.088,1
1710,1903,2,33,3,1,0.95387,-1.33207,3,0.58588,-0.60013,0.088,1
1710,1905,2,33,0,-1,22.1872,15.351,1,-0.0532364,-0.166104,0.087,0
1710,1905,2,33,1,0,22.2641,16.3948,4,0.0558436,-0.173528,0.087,0
1710,1906,2,30,0,-1,10.7007,3.42771,1,0.565853,-0.105539,0.088,1
1710,1906,2,30,1,0,11.6642,3.00308,4,0.656852,0.0793099,0.088,1
1710,1906,2,30,2,1,11.2026,4.36731,3,0.5415,0.0409405,0.088,1
1710,1906,2,30,3,1,10.3956,2.64139,3,0.725657,-0.156283,0.088,1
1710,1909,2,33,0,-1,-7.86324,1.46809,1,-0.356672,-0.495678,0.091,1
1710,1909,2,33,1,0,-8.94538,1.76816,4,-0.210349,0.0352006,0.091,1
1710,1909,2,33,2,1,-8.29365,0.338156,3,-0.898975,-0.282784,0.091,1
1710,1909,2,33,3,1,-7.80696,2.45805,3,0.123758,-0.526187,0.091,1
1710,1910,2,32,0,-1,8.40543,-4.30697,1,-0.311619,-0.0310829,0.089,0
1710,1910,2,32,1,0,8.19092,-5.3046,4,-0.239966,-0.00234761,0.089,0
1710,1912,2,31,0,-1,-1.40478,-17.1643,1,-0.290327,0.0730093,0.093,0
1710,1912,2,31,1,0,-1.88383,-16.2293,4,-0.441915,-0.035476,0.093,0
1710,1912,2,31,2,1,-2.41396,-17.4645,3,-0.253105,-0.0934433,0.093,0
1710,1913,61,33,0,-1,9.80079,11.4773,1,-0.0487573,0.102061,0.116,0
1710,1917,2,35,0,-1,7.34098,-5.91173,1,0.428609,0.463047,0.084,1
1710,1917,2,35,1,0,8.39109,-6.02448,4,0.428284,0.433987,0.084,1
1710,1917,2,35,2,1,7.52643,-4.84453,3,0.380994,0.485685,0.084,1
1710,1917,2,35,3,1,7.32792,-6.85276,3,0.394764,0.512828,0.084,1
1710,1919,2,31,0,-1,1.57687,1.18152,1,-0.657411,-0.332538,0.086,0
1710,1919,2,31,1,0,1.62514,0.11833,4,-0.491072,-0.20595,0.086,0
1710,1921,2,34,0,-1,-14.1134,11.1638,1,0.00471236,-0.514017,0.092,1
1710,1921,2,34,1,0,-15.1665,11.035,4,-0.130996,0.435726,0.092,1
1710,1921,2,34,2,1,-14.1154,9.84927,3,-1.17654,-0.555735,0.092,1
1710,1921,2,34,3,1,-14.265,12.0194,3,0.263099,0.0256811,0.092,1
1710,1922,2,34,0,-1,2.52112,-10.1557,1,-0.123494,0.36309,0.082,0
1710,1922,2,34,1,0,2.96542,-11.1088,4,-0.0141105,0.410266,0.082,0
1710,1923,2,33,0,-1,2.10144,-14.2968,1,-0.217082,-0.0184957,0.084,0
1710,1923,2,33,1,0,2.81151,-13.5,4,0.572886,-0.742023,0.084,0
1710,1925,2,33,0,-1,2.68194,2.42954,1,0.294061,-0.242065,0.087,1
1710,1925,2,33,1,0,3.58453,2.00342,4,0.526607,-0.340781,0.087,1
1710,1925,2,33,2,1,2.68982,3.3116,3,0.732314,-0.336802,0.087,1
1710,1925,2,33,3,1,2.23558,1.79531,3,0.667973,0.0132505,0.087,1
1710,1926,2,32,0,-1,12.7802,9.05398,1,0.244936,-0.312584,0.091,0
1710,1926,2,32,1,0,13.8373,9.53887,4,0.21155,-0.168783,0.091,0
1710,1926,2,32,2,1,12.7796,10.4985,3,0.35097,-0.0223718,0.091,0
1710,1927,2,33,0,-1,-10.3768,-0.49767,1,0.412439,-0.526368,0.091,0
1740,1769,2,30,0,-1,15.5352,-7.92042,1,0.470603,0.159455,0.091,1
1740,1769,2,30,1,0,16.1384,-7.08375,4,0.386352,0.223709,0.091,1
1740,1769,2,30,2,1,14.7651,-7.19904,3,0.380339,0.191655,0.091,1
1740,1769,2,30,3,1,16.2868,-8.36303,3,0.690774,0.249671,0.091,1
1740,1771,54,28,0,-1,11.6571,-16.6383,1,-0.385831,-0.409502,0.113,1
1740,1771,54,28,1,0,10.8881,-17.4426,4,-0.291324,-0.487998,0.113,1
1740,1771,54,28,2,1,12.1497,-18.1822,3,-0.14033,-0.254281,0.113,1
1740,1771,54,28,3,2,12.1959,-17.7948,1,-0.211584,-0.246786,0.113,1
1740,1771,54,28,4,1,10.7961,-16.136,3,-0.414792,-0.479759,0.113,1
1740,1781,2,29,0,-1,-13.0536,-11.3522,1,-0.064214,0.515505,0.093,1
1740,1781,2,29,1,0,-12.8973,-10.3091,4,-0.23042,0.574745,0.093,1
1740,1781,2,29,2,1,-14.0485,-11.028,3,-0.109382,0.432789,0.093,1
1740,1781,2,29,3,1,-12.2141,-11.476,3,0.0418435,0.733558,0.093,1
1740,1792,2,31,0,-1,14.8886,15.3674,1,-0.360037,0.666357,0.092,1
1740,1792,2,31,1,0,13.757,15.5023,4,-0.437167,0.0290423,0.092,1
1740,1792,2,31,2,1,14.4997,14.2557,3,0.266021,0.438498,0.092,1
1740,1792,2,31,3,1,14.7001,16.2366,3,-0.869064,0.584535,0.092,1
1740,1814,2,29,0,-1,-9.61064,-3.19784,1,-0.354851,0.00378796,0.093,1
1740,1814,2,29,1,0,-10.394,-3.99905,4,-0.21635,-0.183579,0.093,1
1740,1814,2,29,2,1,-9.00369,-3.83398,3,-0.268336,-0.0255502,0.093,1
1740,1814,2,29,3,1,-10.5116,-2.70547,3,-0.351073,-0.189975,0.093,1
1740,1819,2,31,0,-1,-6.61774,14.2269,1,0.0354362,-0.297112,0.089,1
1740,1819,2,31,1,0,-6.08818,15.1951,4,0.0870842,-0.34501,0.089,1
1740,1819,2,31,2,1,-7.6388,15.2526,3,0.0822287,-0.240612,0.089,1
1740,1819,2,31,3,1,-5.80948,13.9298,3,-0.338718,-0.434379,0.089,1
1740,1820,2,32,0,-1,1.62398,-16.6467,1,-0.107696,-0.21752,0.083,1
1740,1820,2,32,1,0,0.5723,-16.6385,4,-0.14307,0.143404,0.083,1
1740,1820,2,32,2,1,1.23367,-17.9719,3,-0.802769,-0.159277,0.083,1
1740,1820,2,32,3,1,1.582,-15.7169,3,-0.0473907,0.0373428,0.083,1
1740,1838,2,31,0,-1,-5.16556,-4.83396,1,0.0369522,0.19181,0.091,1
1740,1838,2,31,1,0,-4.86326,-3.82685,4,0.0253172,0.200882,0.091,1
1740,1838,2,31,2,1,-6.20989,-4.21141,3,0.0325386,0.160503,0.091,1
1740,1838,2,31,3,1,-4.42207,-5.08619,3,0.113645,0.232173,0.091,1
1740,1843,56,29,0,-1,12.4501,-16.3293,1,-0.421103,-0.309134,0.088,0
1740,1843,56,29,1,0,11.9415,-17.1924,4,-0.316489,-0.357073,0.088,0
1740,1843,56,29,2,1,13.4022,-16.9983,3,-0.33872,-0.150683,0.088,0
1740,1843,56,29,3,2,13.201,-16.6002,1,-0.414048,-0.205408,0.088,0
1740,1843,56,29,4,1,11.8833,-15.8376,3,-0.472303,-0.357806,0.088,0
1740,1843,56,29,5,3,12.796,-17.5042,1,-0.181699,-0.323982,0.088,0
1740,1848,2,31,0,-1,-5.64609,12.5362,1,0.121421,-0.0754275,0.086,1
1740,1848,2,31,1,0,-6.61623,12.9819,4,0.127619,-0.0752922,0.086,1
1740,1848,2,31,2,1,-6.53429,11.5339,3,0.0130578,-0.0766115,0.086,1
1740,1848,2,31,3,1,-5.35939,13.3416,3,0.141138,-0.111319,0.086,1
1740,1857,2,32,0,-1,5.0242,7.72665,1,0.412685,0.249876,0.088,1
1740,1857,2,32,1,0,6.02244,8.10251,4,0.560861,-0.0214585,0.088,1
1740,1857,2,32,2,1,4.86475,8.94592,3,0.865473,0.391671,0.088,1
1740,1857,2,32,3,1,5.35454,6.96775,3,0.188756,0.279486,0.088,1
1740,1859,2,30,0,-1,-3.62334,-15.1411,1,-0.363756,0.140203,0.092,1
1740,1859,2,30,1,0,-4.13489,-14.2206,4,0.298045,0.481049,0.092,1
1740,1859,2,30,2,1,-4.88521,-15.3567,3,-0.463832,0.938575,0.092,1
1740,1859,2,30,3,1,-2.8882,-14.6977,3,-0.0304893,-0.415181,0.092,1
1740,1862,58,31,0,-1,-14.1903,-16.4205,1,-0.167581,-0.192949,0.115,1
1740,1862,58,31,1,0,-14.5876,-17.8371,3,-0.398085,-0.120177,0.115,1
1740,1871,2,31,0,-1,0.745143,-20.5275,1,0.561118,0.100547,0.091,1
1740,1871,2,31,1,0,1.43879,-19.7386,4,0.418935,0.230249,0.091,1
1740,1871,2,31,2,1,0.0901362,-19.6734,3,0.420405,0.0382336,0.091,1
1740,1871,2,31,3,1,1.38505,-21.0724,3,0.634654,0.238175,0.091,1
1740,1881,2,30,0,-1,0.734296,5.30005,1,0.535729,-0.448712,0.087,1
1740,1881,2,30,1,0,0.447119,4.20859,4,0.355404,-0.408991,0.087,1
1740,1881,2,30,2,1,1.79856,4.71515,3,0.443956,-0.651433,0.087,1
1740,1881,2,30,3,1,-0.35238,5.26227,3,0.486005,-0.306887,0.087,1
1740,1884,2,33,0,-1,-8.84321,12.8266,1,0.0877629,0.0494703,0.091,1
1740,1884,2,33,1,0,-8.04756,12.104,4,-0.0923233,-0.155544,0.091,1
1740,1884,2,33,2,1,-7.77619,13.6214,3,0.290227,-0.219763,0.091,1
1740,1884,2,33,3,1,-9.40985,12.1486,3,-0.088872,0.333534,0.091,1
1740,1891,2,33,0,-1,-9.68631,-9.46222,1,-0.838076,-0.0360031,0.082,1
1740,1891,2,33,1,0,-9.86539,-8.38096,4,-0.0090454,0.172881,0.082,1
1740,1891,2,33,2,1,-11.1807,-9.04662,3,-0.156954,0.514598,0.082,1
1740,1891,2,33,3,1,-8.75434,-9.12459,3,-0.105065,0.1483,0.082,1
1740,1892,2,30,0,-1,-6.45751,-15.503,1,-0.552739,-0.185679,0.093,1
1740,1892,2,30,1,0,-7.46786,-15.8546,4,-0.626227,0.350193,0.093,1
1740,1892,2,30,2,1,-6.39971,-16.8749,3,-0.67319,0.304319,0.093,1
1740,1892,2,30,3,1,-6.91389,-14.6226,3,0.367509,-0.0893521,0.093,1
1740,1895,61,32,0,-1,7.14168,13.2546,1,-0.168805,0.364606,0.117,1
1740,1895,61,32,1,0,6.02372,13.3972,4,-0.200446,0.103268,0.117,1
1740,1895,61,32,2,1,7.04405,14.044,3,-0.375683,0.3851,0.117,1
1740,1898,2,32,0,-1,-6.95417,-17.0804,1,-0.724543,-0.30621,0.091,1
1740,1898,2,32,1,0,-7.91484,-16.7997,4,-0.737957,-0.212524,0.091,1
1740,1898,2,32,2,1,-7.28563,-18.0303,3,-0.525531,-0.0631786,0.091,1
1740,1898,2,32,3,1,-6.71987,-16.1841,3,-0.680489,-0.376172,0.091,1
1740,1901,2,30,0,-1,-10.2782,-12.3717,1,0.192299,0.328155,0.092,1
1740,1901,2,30,1,0,-9.35859,-11.8609,4,0.548255,-0.25129,0.092,1
1740,1901,2,30,2,1,-10.7403,-11.5754,3,0.527724,0.0644974,0.092,1
1740,1901,2,30,3,1,-9.94995,-13.09,3,-0.263009,0.160134,0.092,1
1740,1912,2,31,0,-1,-2.93087,-15.5923,1,-0.460821,0.00795033,0.093,0
1740,1912,2,31,1,0,-3.81096,-16.0867,4,-0.304226,-0.304106,0.093,0
1740,1912,2,31,2,1,-2.57843,-16.698,3,-0.0817025,0.129148,0.093,0
1740,1913,61,33,0,-1,6.27786,11.3709,1,-0.0394475,0.0306586,0.116,1
1740,1913,61,33,1,0,5.20252,11.0291,4,-0.0256152,-0.00572797,0.116,1
1740,1913,61,33,2,1,5.80755,12.0708,6,0.0235166,-0.0339004,0.116,1
1740,1917,2,35,0,-1,7.25358,-7.98834,1,-0.0413689,0.915139,0.084,1
1740,1917,2,35,1,0,7.99218,-7.28795,4,0.256322,0.603416,0.084,1
1740,1917,2,35,2,1,6.53348,-7.22331,3,0.236844,1.15663,0.084,1
1740,1917,2,35,3,1,7.66585,-8.64903,3,-0.284258,0.738925,0.084,1
1740,1919,2,31,0,-1,0.26834,4.75621,1,0.468929,-0.381234,0.086,0
1740,1919,2,31,1,0,1.09385,4.02596,4,0.361361,-0.504143,0.086,0
1740,1919,2,31,2,1,1.50919,5.41016,3,0.525078,-0.567807,0.086,0
1740,1923,2,33,0,-1,2.18881,-17.2027,1,-0.287748,-0.408558,0.084,0
1740,1923,2,33,1,0,1.13641,-17.2715,4,-0.321675,-0.00617523,0.084,0
1740,1923,2,33,2,1,2.25687,-18.2041,3,-0.663407,-0.401402,0.084,0
1740,1925,2,33,0,-1,5.60732,2.15398,1,0.205607,0.232429,0.087,1
1740,1925,2,33,1,0,5.80843,3.19931,4,-0.012423,0.246139,0.087,1
1740,1925,2,33,2,1,4.372,2.49107,3,0.10535,0.0161356,0.087,1
1740,1925,2,33,3,1,6.54917,2.09523,3,0.21417,0.367494,0.087,1
1740,1926,2,32,0,-1,7.75891,15.9527,1,0.35325,0.158991,0.091,1
1740,1926,2,32,1,0,8.76181,15.4507,4,0.103217,-0.682747,0.091,1
1740,1926,2,32,2,1,8.29426,16.7975,3,0.38708,-0.574286,0.091,1
1740,1926,2,32,3,1,7.5697,15.1672,3,0.0891038,-0.537618,0.091,1
1740,1929,2,31,0,-1,6.95879,-12.3504,1,-0.394238,0.120428,0.09,1
1740,1929,2,31,1,0,5.9086,-12.3287,4,-0.416426,-0.243601,0.09,1
1740,1929,2,31,2,1,6.77963,-13.2986,3,-0.12729,0.0188745,0.09,1
1740,1929,2,31,3,1,6.94578,-11.5088,3,-0.696621,0.109511,0.09,1
1740,1931,2,32,0,-1,-5.30828,11.8046,1,0.12934,-0.0371573,0.085,0
1740,1931,2,32,1,0,-4.87603,12.7429,4,0.141228,-0.0160015,0.085,0
1740,1931,2,32,2,1,-6.27446,12.2858,2,0.156157,-0.0402392,0.085,0
1740,1934,62,32,0,-1,-5.85671,-5.21079,1,0.0544513,0.108716,0.066,0
1740,1934,62,32,1,0,-5.51171,-4.21932,4,0.00708607,0.121901,0.066,0
1740,1934,62,32,2,0,-5.73511,-5.66586,1,0.0602486,0.109582,0.066,0
1740,1934,62,32,3,1,-6.69786,-4.88592,3,0.0177945,0.0825353,0.066,0
1740,1938,63,33,0,-1,-8.70477,11.008,1,-0.135693,0.218757,0.113,1
1740,1938,63,33,1,0,-9.26509,9.70851,3,-0.394639,0.413315,0.113,1
1740,1938,63,33,2,0,-7.49075,10.4209,3,-0.24481,0.151098,0.113,1
1740,1940,2,34,0,-1,-14.5352,8.002,1,0.321469,-0.335498,0.092,1
1740,1940,2,34,1,0,-13.4853,7.99347,4,0.339954,-0.573062,0.092,1
1740,1940,2,34,2,1,-14.5126,9.15798,3,0.617191,-0.321456,0.092,1
1740,1940,2,34,3,1,-14.5364,7.17372,3,0.186998,-0.348119,0.092,1
1740,1942,2,36,0,-1,8.10808,-8.03259,1,-0.07365,0.509396,0.083,0
1740,1942,2,36,1,0,9.0977,-8.47871,4,-0.527966,-0.474667,0.083,0
1740,1942,2,36,2,1,8.92213,-7.01463,3,0.551226,-0.355681,0.083,0
1740,1945,2,31,0,-1,-9.9198,-15.9784,1,0.158184,-0.293104,0.094,1
1740,1945,2,31,1,0,-8.93205,-16.3291,4,0.172291,-0.237371,0.094,1
1740,1945,2,31,2,1,-9.45977,-14.9869,3,0.0773614,-0.264499,0.094,1
1740,1945,2,31,3,1,-10.1975,-16.7682,3,0.197762,-0.316437,0.094,1
1740,1945,2,31,4,3,-9.43766,-16.9352,1,0.20463,-0.284772,0.094,1
1740,1946,63,34,0,-1,-8.60413,10.1533,1,-0.694187,0.123285,0.112,0
1740,1948,2,32,0,-1,15.2934,-5.79451,1,-0.0636978,-0.256023,0.09,1
1740,1948,2,32,1,0,15.9965,-6.54119,4,0.383711,0.173182,0.09,1
1740,1948,2,32,2,1,16.1455,-5.27944,3,0.00180883,0.218996,0.09,1
1740,1948,2,32,3,1,14.6804,-6.42127,3,0.266293,-0.706971,0.09,1
1740,1949,2,30,0,-1,-12.4315,-10.8464,1,-0.183599,0.612556,0.094,0
1740,1949,2,30,1,0,-11.3931,-10.9365,4,-0.202652,0.344067,0.094,0
1740,1949,2,30,2,1,-12.2084,-9.845,3,-0.282468,0.57997,0.094,0
1740,1951,64,32,0,-1,-7.45976,14.2572,1,0.0845452,-0.176843,0.064,0
1740,1951,64,32,1,0,-7.27974,13.2129,4,0.134844,-0.209736,0.064,0
1740,1951,64,32,2,1,-6.84198,14.7719,3,0.119777,-0.211529,0.064,0
1740,1951,64,32,3,1,-8.33031,14.0331,3,0.259023,-0.0773345,0.064,0
1740,1951,64,32,4,3,-8.16626,12.9118,1,0.0318819,-0.06286,0.064,0
1740,1951,64,32,5,4,-8.76076,12.0362,1,-0.103384,0.0963197,0.064,0
1740,1951,64,32,6,5,-9.61513,11.3654,4,-0.0568873,0.168913,0.064,0
1740,1951,64,32,7,6,-8.14211,10.7706,3,0.106839,0.37292,0.064,0
1740,1953,2,31,0,-1,21.023,-14.3884,1,0.254589,-0.461875,0.092,1
1740,1953,2,31,1,0,21.0722,-15.4325,4,-0.102462,-0.480163,0.092,1
1740,1953,2,31,2,1,22.0894,-14.5285,3,0.245746,-0.855913,0.092,1
1740,1953,2,31,3,1,20.1875,-14.4412,3,0.220371,-0.196336,0.092,1
1740,1955,2,34,0,-1,4.87621,1.77919,1,0.203576,0.25647,0.087,0
1740,1955,2,34,1,0,5.81916,1.35953,4,0.219502,0.275979,0.087,0
1740,1955,2,34,2,1,5.12377,2.80354,3,0.0624177,0.190186,0.087,0
1740,1956,2,33,0,-1,9.24458,12.8152,1,0.101206,0.47895,0.091,1
1740,1956,2,33,1,0,9.56941,13.9057,4,-3.19968e-05,0.506181,0.091,1
1740,1956,2,33,2,1,8.21856,13.3976,3,0.0672161,0.332847,0.091,1
1740,1956,2,33,3,1,10.0865,12.8349,3,0.145113,0.562112,0.091,1
1740,1958,2,33,0,-1,2.99056,7.34388,1,0.493743,0.158951,0.088,1
1740,1958,2,33,1,0,3.66764,8.17717,4,0.261715,0.290441,0.088,1
1740,1958,2,33,2,1,2.23658,8.14337,3,0.215338,0.321023,0.088,1
1740,1958,2,33,3,1,3.75217,6.86952,3,0.576287,0.283478,0.088,1
1740,1961,2,33,0,-1,15.1695,-5.00855,1,0.313869,-0.213421,0.089,0
1740,1961,2,33,1,0,14.1911,-4.66121,4,0.423433,0.0536363,0.089,0
1740,1962,2,34,0,-1,-9.57889,13.1335,1,0.175179,0.222326,0.092,0
1740,1962,2,34,1,0,-10.0156,14.0817,4,0.28292,0.257837,0.092,0
1740,1962,2,34,2,1,-10.8382,12.7349,3,0.411665,0.179854,0.092,0
1740,1963,2,31,0,-1,-9.49386,-12.5894,1,0.0122793,-0.131319,0.093,0
1740,1966,2,32,0,-1,7.76466,-12.4061,1,-0.393177,-0.0579283,0.089,0
1740,1966,2,32,1,0,8.45001,-11.6233,4,-0.300439,-0.130307,0.089,0
1740,1967,2,35,0,-1,-14.1693,11.7355,1,0.12626,0.325633,0.092,1
1740,1967,2,35,1,0,-13.1643,11.987,4,0.138157,0.174636,0.092,1
1740,1967,2,35,2,1,-14.5039,12.8391,3,0.124706,0.193303,0.092,1
1740,1967,2,35,3,1,-13.8071,10.8097,3,-0.0220707,0.227909,0.092,1
1740,1969,2,33,0,-1,-4.92848,-18.2838,1,-0.33313,-0.515559,0.092,1
1740,1969,2,33,1,0,-4.8552,-19.339,4,0.269256,-0.512006,0.092,1
1740,1969,2,33,2,1,-3.78933,-18.4617,3,-0.429919,0.283861,0.092,1
1740,1969,2,33,3,1,-5.91478,-18.5281,3,-0.220192,-1.1794,0.092,1
1740,1970,2,30,0,-1,-8.95289,-2.60748,1,-0.667238,0.364171,0.092,0
1740,1970,2,30,1,0,-7.98522,-2.07117,4,-0.280557,-0.355987,0.092,0
1740,1971,2,34,0,-1,2.32736,6.86573,1,0.615368,0.0395341,0.089,0
1740,1972,2,33,0,-1,7.50233,16.8608,1,-0.0688765,-0.0697191,0.09,0
1740,1972,2,33,1,0,6.35288,17.0553,4,-0.20862,0.116508,0.09,0
1740,1972,2,33,2,1,7.50033,16.3192,3,-0.279981,0.029944,0.09,0
1740,1975,2,33,0,-1,4.50789,7.09891,1,0.476176,0.200111,0.087,0
1740,1975,2,33,1,0,4.07913,6.12512,4,0.392505,0.179013,0.087,0
1740,1975,2,33,2,1,5.52633,6.24301,3,0.445984,0.148904,0.087,0
1740,1976,2,36,0,-1,-13.8208,12.4744,1,0.455809,0.177571,0.091,0
1740,1977,2,34,0,-1,-10.3653,-9.07719,1,-0.558122,0.501896,0.083,0
1770,1769,2,30,0,-1,11.4893,-11.3314,1,-0.633548,-0.0616393,0.091,1
1770,1769,2,30,1,0,10.4607,-11.5548,4,-0.685729,0.201644,0.091,1
1770,1769,2,30,2,1,11.4709,-12.4401,3,-0.967364,-0.136341,0.091,1
1770,1769,2,30,3,1,11.2634,-10.4952,3,-0.387749,-0.0136799,0.091,1
1770,1781,2,29,0,-1,-18.8971,-11.2247,1,-0.204398,-0.0287948,0.093,1
1770,1781,2,29,1,0,-19.8773,-11.6851,4,-0.281237,0.0529424,0.093,1
1770,1781,2,29,2,1,-18.7369,-12.4235,3,-0.368574,-0.0297272,0.093,1
1770,1781,2,29,3,1,-19.3591,-10.4778,3,-0.181732,-0.0162511,0.093,1
1770,1792,2,31,0,-1,13.1881,8.5687,1,0.0712875,-0.127335,0.092,1
1770,1792,2,31,1,0,12.0742,8.8439,4,0.0928878,-0.0576202,0.092,1
1770,1792,2,31,2,1,12.2518,7.40255,3,0.059121,-0.0732898,0.092,1
1770,1792,2,31,3,1,13.1419,9.39983,3,0.0786315,-0.0669757,0.092,1
1770,1814,2,29,0,-1,-16.5807,0.0160265,1,-0.252223,0.40909,0.093,1
1770,1814,2,29,1,0,-16.8696,1.0262,4,0.0571072,0.502242,0.093,1
1770,1814,2,29,2,1,-17.6997,-0.143972,3,-0.342022,0.788943,0.093,1
1770,1814,2,29,3,1,-15.778,0.260945,3,-0.188025,0.148638,0.093,1
1770,1820,2,32,0,-1,1.09983,-17.4647,1,-0.49848,-0.159806,0.083,1
1770,1820,2,32,1,0,0.912038,-16.4228,4,-0.115381,-0.109725,0.083,1
1770,1820,2,32,2,1,-0.0480266,-17.5146,3,-0.584544,0.262757,0.083,1
1770,1820,2,32,3,1,2.07397,-17.1841,3,-0.396165,-0.553055,0.083,1
1770,1857,2,32,0,-1,9.3434,-4.71854,1,0.177577,-0.40494,0.088,1
1770,1857,2,32,1,0,8.83902,-5.71538,4,-0.475471,-0.0334381,0.088,1
1770,1857,2,32,2,1,10.2297,-5.5055,3,-0.339699,-1.06775,0.088,1
1770,1857,2,32,3,1,8.60383,-4.41055,3,0.827311,0.203937,0.088,1
1770,1859,2,30,0,-1,-9.35114,-18.9482,1,-0.437945,0.0350908,0.092,1
1770,1859,2,30,1,0,-10.3109,-18.6439,4,-0.4148,0.0907818,0.092,1
1770,1859,2,30,2,1,-9.80215,-19.9046,3,-0.473139,0.0623351,0.092,1
1770,1859,2,30,3,1,-9.001,-18.2612,3,-0.401424,0.0490404,0.092,1
1770,1891,2,33,0,-1,-3.99927,-4.33062,1,0.347872,0.00281074,0.082,1
1770,1891,2,33,1,0,-3.38049,-5.1711,4,0.0804826,-0.18817,0.082,1
1770,1891,2,33,2,1,-3.16582,-3.71272,3,0.521866,-0.249119,0.082,1
1770,1891,2,33,3,1,-4.70937,-4.85861,3,0.179446,0.240027,0.082,1
1770,1892,2,30,0,-1,-14.7354,-15.9621,1,0.588863,-0.208893,0.093,1
1770,1892,2,30,1,0,-14.1466,-15.082,4,0.39533,-0.0941563,0.093,1
1770,1892,2,30,2,1,-15.5756,-15.0925,3,0.406608,-0.568515,0.093,1
1770,1892,2,30,3,1,-13.9967,-16.3997,3,0.450443,-0.0882284,0.093,1
1770,1901,2,30,0,-1,-14.6978,-12.5539,1,0.206539,-0.250057,0.092,1
1770,1901,2,30,1,0,-13.7105,-12.8706,4,0.162842,-0.279701,0.092,1
1770,1901,2,30,2,1,-14.2021,-11.5273,3,0.505684,-0.122498,0.092,1
1770,1901,2,30,3,1,-15.0063,-13.3166,3,0.0982457,-0.133418,0.092,1
1770,1912,2,31,0,-1,0.524769,-15.8168,1,0.0642315,0.0300608,0.093,1
1770,1912,2,31,1,0,0.0780168,-16.7444,4,-0.206961,0.179613,0.093,1
1770,1912,2,31,2,1,1.45638,-16.7632,3,-0.210888,-0.172763,0.093,1
1770,1912,2,31,3,1,-0.175201,-15.4388,3,0.174543,0.244303,0.093,1
1770,1923,2,33,0,-1,-1.59913,-19.5893,1,-0.388876,0.413094,0.084,1
1770,1923,2,33,1,0,-1.62197,-18.5315,4,-0.44142,0.405756,0.084,1
1770,1923,2,33,2,1,-2.75811,-19.4491,3,-0.211037,0.118302,0.084,1
1770,1923,2,33,3,1,-0.621366,-19.438,3,-0.507787,0.350522,0.084,1
1770,1925,2,33,0,-1,2.53742,5.50513,1,0.00164263,0.441882,0.087,1
1770,1925,2,33,1,0,2.64781,6.57785,4,0.436555,0.431789,0.087,1
1770,1925,2,33,2,1,1.15429,5.96791,3,0.131793,1.21095,0.087,1
1770,1925,2,33,3,1,3.41711,5.50493,3,-0.134585,0.098503,0.087,1
1770,1926,2,32,0,-1,9.18748,8.13602,1,-0.0932446,-0.198466,0.091,1
1770,1926,2,32,1,0,9.41644,7.03053,4,-0.232396,-0.228303,0.091,1
1770,1926,2,32,2,1,10.1266,8.27429,3,-0.209357,-0.232942,0.091,1
1770,1926,2,32,3,1,8.46928,7.77278,3,-0.122426,-0.116155,0.091,1
1770,1938,63,33,0,-1,-6.50651,21.2046,1,0.215516,0.56728,0.113,1
1770,1938,63,33,1,0,-7.8165,20.6142,3,0.205056,0.590487,0.113,1
1770,1938,63,33,2,0,-6.03497,19.9663,3,0.193434,0.558883,0.113,1
1770,1946,63,34,0,-1,-6.8095,20.4565,1,0.203745,0.572056,0.112,0
1770,1949,2,30,0,-1,-18.2155,-10.7306,1,0.14486,-0.483503,0.094,0
1770,1949,2,30,1,0,-17.1743,-10.4746,4,0.210524,-0.714517,0.094,0
1770,1949,2,30,2,1,-18.1877,-9.58403,3,0.512826,-0.322479,0.094,0
1770,1955,2,34,0,-1,1.70978,0.581761,1,0.321236,-0.048342,0.087,1
1770,1955,2,34,1,0,1.63089,-0.505864,4,0.358853,-0.330385,0.087,1
1770,1955,2,34,2,1,2.58899,0.738241,3,0.23767,-0.344622,0.087,1
1770,1955,2,34,3,1,1.14716,0.69034,3,0.500695,-0.411297,0.087,1
1770,1956,2,33,0,-1,11.1313,8.92093,1,0.0136323,-0.068632,0.091,1
1770,1956,2,33,1,0,11.9379,8.10974,4,0.135196,0.0105984,0.091,1
1770,1956,2,33,2,1,12.1429,9.5499,3,-0.0453011,0.0239754,0.091,1
1770,1956,2,33,3,1,10.7821,7.88269,3,0.135273,-0.00285692,0.091,1
1770,1958,2,33,0,-1,-3.63457,10.8946,1,-0.422031,-0.0653156,0.088,1
1770,1958,2,33,1,0,-4.6851,10.8275,4,-0.437397,0.252952,0.088,1
1770,1958,2,33,2,1,-3.70383,9.77703,3,-0.80565,-0.103957,0.088,1
1770,1958,2,33,3,1,-3.70229,11.727,3,-0.150547,-0.0520933,0.088,1
1770,1963,2,31,0,-1,-14.3146,-13.2762,1,0.185115,-0.300365,0.093,0
1770,1967,2,35,0,-1,-14.6498,6.92773,1,0.690971,0.297622,0.092,1
1770,1967,2,35,1,0,-13.8477,7.49709,4,0.386983,0.275256,0.092,1
1770,1967,2,35,2,1,-15.3836,8.03743,3,-0.0760498,-0.428546,0.092,1
1770,1967,2,35,3,1,-14.1455,6.18128,3,0.780594,-0.024365,0.092,1
1770,1969,2,33,0,-1,-7.50496,-20.4662,1,-0.504603,-0.221389,0.092,1
1770,1969,2,33,1,0,-8.50746,-20.7824,4,-0.517317,-0.172988,0.092,1
1770,1969,2,33,2,1,-7.36288,-21.5085,3,-0.584115,-0.286725,0.092,1
1770,1969,2,33,3,1,-7.77086,-19.6777,3,-0.479526,-0.193183,0.092,1
1770,1971,2,34,0,-1,-2.90117,11.2242,1,-0.431203,-0.0465978,0.089,0
1770,1975,2,33,0,-1,-5.63551,8.68325,1,-0.608016,0.201466,0.087,1
1770,1975,2,33,1,0,-6.69052,8.66301,4,-0.63175,0.119519,0.087,1
1770,1975,2,33,2,1,-5.8014,7.54763,3,-0.541757,0.191755,0.087,1
1770,1975,2,33,3,1,-5.6831,9.53029,3,-0.691627,0.135667,0.087,1
1770,1976,2,36,0,-1,-16.1368,6.74798,1,0.801122,-2.46384,0.091,1
1770,1976,2,36,1,0,-14.738,6.49573,1,0.545818,-0.362238,0.091,1
1770,1976,2,36,2,1,-14.7244,8.03507,3,0.379219,1.06505,0.091,1
1770,1976,2,36,3,1,-15.026,5.00712,3,-1.23957,0.022748,0.091,1
1770,1977,2,34,0,-1,-3.19772,-4.39648,1,0.331136,-0.240852,0.083,0
1770,1977,2,34,1,0,-2.43656,-3.65113,4,0.538228,-0.445845,0.083,0
1770,1977,2,34,2,1,-3.91516,-3.50842,5,0.581083,-0.0167255,0.083,0
1770,1982,65,31,0,-1,14.6259,-13.7601,1,0.133059,0.177532,0.066,1
1770,1982,65,31,1,0,13.9741,-13.0157,4,-0.16931,-0.0854111,0.066,1
1770,1982,65,31,2,1,14.4301,-13.0625,1,-0.157035,0.120835,0.066,1
1770,1982,65,31,3,1,15.3139,-13.4519,3,0.124926,0.465126,0.066,1
1770,1982,65,31,4,1,15.1136,-13.8292,3,-0.0275427,0.201427,0.066,1
1770,1987,2,34,0,-1,-4.13205,-21.5859,1,-0.291613,-0.359909,0.091,1
1770,1987,2,34,1,0,-4.63316,-22.5169,4,-0.216336,-0.408708,0.091,1
1770,1987,2,34,2,1,-3.2961,-22.2799,3,-0.252365,-0.242911,0.091,1
1770,1987,2,34,3,1,-4.94608,-21.23,3,-0.338174,-0.442534,0.091,1
1770,1988,2,34,0,-1,11.3856,9.71765,1,-0.0148818,-0.0527041,0.09,0
1770,1988,2,34,1,0,12.4135,10.2596,4,-0.00968901,-0.0409596,0.09,0
1770,1988,2,34,2,1,11.1784,10.9846,3,0.0418894,0.0499141,0.09,0
1770,1990,2,33,0,-1,12.8911,16.2881,1,0.300514,0.603869,0.09,1
1770,1990,2,33,1,0,14.0046,16.5208,4,0.440053,-0.0559197,0.09,1
1770,1990,2,33,2,1,12.939,17.4891,3,1.13112,0.742018,0.09,1
1770,1990,2,33,3,1,13.2905,15.5458,3,-0.141204,0.3601,0.09,1
1770,1992,2,33,0,-1,12.874,-2.74307,1,0.0817034,-0.529701,0.089,1
1770,1992,2,33,1,0,12.8474,-3.8302,4,0.0213161,-0.555098,0.089,1
1770,1992,2,33,2,1,14.039,-3.0403,3,-0.00245624,-0.575385,0.089,1
1770,1992,2,33,3,1,12.0721,-2.7601,3,0.190891,-0.30071,0.089,1
1770,1994,2,34,0,-1,-0.135866,-1.23643,1,0.252246,-0.120565,0.086,1
1770,1994,2,34,1,0,0.848594,-1.62058,4,-0.0428564,-0.803319,0.086,1
1770,1994,2,34,2,1,0.717643,-0.196425,3,0.995832,-0.655704,0.086,1
1770,1994,2,34,3,1,-0.467642,-1.88265,3,-0.139754,-0.435577,0.086,1
1770,1995,2,35,0,-1,3.61121,2.00603,1,-0.315668,-0.207047,0.088,1
1770,1995,2,35,1,0,2.56933,1.8796,4,-0.359024,-0.0580189,0.088,1
1770,1995,2,35,2,1,3.81062,0.895565,3,-0.672537,-0.444932,0.088,1
1770,1995,2,35,3,1,3.49866,2.83418,3,-0.268248,-0.175574,0.088,1
1770,1996,2,34,0,-1,12.4141,-2.05092,1,0.129065,-0.405011,0.088,0
1770,1996,2,34,1,0,11.7594,-1.21576,4,0.183377,-0.31811,0.088,0
1770,1996,2,34,2,1,11.2859,-2.58783,3,-0.295674,-0.178257,0.088,0
1770,2001,2,34,0,-1,11.3877,14.8294,1,0.879412,0.107628,0.09,1
1770,2001,2,34,1,0,12.0201,15.7783,4,0.305794,0.479511,0.09,1
1770,2001,2,34,2,1,10.563,15.8097,3,0.296326,-0.366688,0.09,1
1770,2001,2,34,3,1,12.3001,14.6034,3,0.946769,0.613982,0.09,1
1770,2002,2,35,0,-1,-0.118431,1.28685,1,-0.155354,-0.0956291,0.086,1
1770,2002,2,35,1,0,0.50123,0.459066,4,-0.0343113,-0.235431,0.086,1
1770,2002,2,35,2,1,0.543395,1.87744,3,-0.583892,-0.283698,0.086,1
1770,2002,2,35,3,1,-0.774504,0.83803,3,-0.0218525,-0.083014,0.086,1
1770,2003,2,32,0,-1,-0.839472,-13.8549,1,-0.144936,0.394565,0.094,1
1770,2003,2,32,1,0,0.0720888,-13.2667,11,0.102426,-0.217802,0.094,1
1770,2003,2,32,2,1,-0.977556,-12.3808,3,0.402736,0.148909,0.094,1
1770,2003,2,32,3,1,-0.439889,-14.4762,3,0.255311,-0.306995,0.094,1
1770,2004,2,31,0,-1,-14.5709,-9.41515,1,0.387796,0.198414,0.094,1
1770,2004,2,31,1,0,-13.6113,-8.96423,4,0.484593,0.0035115,0.094,1
1770,2004,2,31,2,1,-14.8902,-8.32405,3,0.644149,0.21043,0.094,1
1770,2004,2,31,3,1,-14.1651,-10.1726,3,0.199657,0.0954423,0.094,1
1770,2005,2,33,0,-1,10.216,-4.80527,1,0.215079,-0.90951,0.089,0
1770,2005,2,33,1,0,10.8608,-5.7296,4,-0.0582999,-0.97018,0.089,0
1770,2005,2,33,2,1,11.421,-4.43561,3,0.200185,-1.00806,0.089,0
1770,2005,2,33,3,1,9.61316,-5.22816,3,0.328568,0.153536,0.089,0
1770,2006,2,34,0,-1,2.93829,4.7577,1,-0.531468,0.122256,0.086,0
1770,2006,2,34,1,0,2.99731,3.68243,4,-0.786181,0.094782,0.086,0
1770,2006,2,34,2,1,4.28642,4.6181,3,-0.508238,-0.312898,0.086,0
1770,2009,2,35,0,-1,-3.46838,-21.1284,1,-0.281755,-0.36361,0.091,0
1770,2010,2,36,0,-1,-0.0973123,0.493005,1,0.158635,0.0991,0.085,0
1770,2010,2,36,1,0,-0.0459511,-0.519696,4,0.208741,0.188184,0.085,0
1770,2014,2,31,0,-1,-9.7102,-18.2122,1,-0.336751,0.0849999,0.091,0
1770,2017,2,32,0,-1,-15.1923,-9.93529,1,0.175598,0.431669,0.093,0
1770,2017,2,32,1,0,-16.2288,-9.77794,4,0.152212,0.375603,0.093,0
1770,2018,2,33,0,-1,-1.7082,-13.814,1,0.0621657,0.376031,0.094,0
1770,2018,2,33,1,0,-1.44167,-14.7194,11,0.638691,0.569014,0.094,0
1770,2018,2,33,2,1,-1.32962,-13.2768,3,-0.33989,0.636062,0.094,0
1770,2020,65,32,0,-1,14.6857,-14.5557,1,-0.20287,0.137876,0.066,0
1770,2021,2,35,0,-1,-0.763551,-0.730757,1,-0.130764,-0.727915,0.085,0
1770,2021,2,35,1,0,-0.938091,0.263178,4,-0.236381,-0.889819,0.085,0
1770,2022,2,35,0,-1,1.42874,1.38755,1,0.53907,0.259103,0.088,0
1799.99,1769,2,30,0,-1,-0.247833,-11.7942,1,0.377619,-0.151584,0.091,1
1799.99,1769,2,30,1,0,0.737878,-12.1969,4,0.29742,-0.467177,0.091,1
1799.99,1769,2,30,2,1,0.496575,-10.8659,3,0.750569,-0.413914,0.091,1
1799.99,1769,2,30,3,1,-0.498754,-12.6381,3,0.254266,-0.247991,0.091,1
1799.99,1792,2,31,0,-1,10.1435,12.6227,1,-0.011588,-0.0228713,0.092,1
1799.99,1792,2,31,1,0,10.2967,13.7348,4,-0.258354,0.0149139,0.092,1
1799.99,1792,2,31,2,1,9.08623,12.9144,3,0.205007,-0.307534,0.092,1
1799.99,1792,2,31,3,1,10.9583,12.6626,3,0.0213847,0.160736,0.092,1
1799.99,1820,2,32,0,-1,-3.07588,-13.8335,1,-0.851382,-0.186545,0.083,1
1799.99,1820,2,32,1,0,-2.88052,-14.9249,4,-0.0227641,-0.29319,0.083,1
1799.99,1820,2,32,2,1,-1.94873,-13.7966,3,-0.448933,-0.124545,0.083,1
1799.99,1820,2,32,3,1,-3.98522,-14.1685,3,-0.317055,-0.764468,0.083,1
1799.99,1857,2,32,0,-1,6.8128,-6.62692,1,-0.610765,0.07413,0.088,1
1799.99,1857,2,32,1,0,6.26302,-5.74238,4,-0.127631,0.358729,0.088,1
1799.99,1857,2,32,2,1,5.74027,-7.07768,3,-0.566978,0.549676,0.088,1
1799.99,1857,2,32,3,1,7.53503,-6.24712,3,-0.409165,-0.327541,0.088,1
1799.99,1892,2,30,0,-1,-9.83081,-10.2536,1,-0.156687,-0.366833,0.093,1
1799.99,1892,2,30,1,0,-8.86125,-10.6442,4,-0.0689337,-0.292029,0.093,1
1799.99,1901,2,30,0,-1,-10.8324,-11.1989,1,-0.121295,0.166438,0.092,1
1799.99,1901,2,30,1,0,-11.8748,-11.0299,4,-0.211507,-0.233562,0.092,1
1799.99,1901,2,30,2,1,-11.3512,-12.3892,3,0.134968,-0.0811171,0.092,1
1799.99,1901,2,30,3,1,-10.8126,-10.2478,3,-0.642524,0.31184,0.092,1
1799.99,1923,2,33,0,-1,-8.84979,-7.97742,1,-0.148211,-0.0139536,0.084,1
1799.99,1923,2,33,1,0,-9.88633,-8.06323,4,-0.141677,0.161444,0.084,1
1799.99,1923,2,33,2,1,-8.76895,-9.03308,3,-0.0849254,0.208909,0.084,1
1799.99,1923,2,33,3,1,-8.9273,-7.08834,3,0.0229331,0.0138009,0.084,1
1799.99,1925,2,33,0,-1,-3.60235,0.82994,1,-0.0401626,-0.490625,0.087,1
1799.99,1925,2,33,1,0,-3.79133,-0.207308,4,-0.203974,-0.480493,0.087,1
1799.99,1925,2,33,2,1,-2.35895,0.480669,3,-0.0940865,-0.749131,0.087,1
1799.99,1925,2,33,3,1,-4.4712,0.932939,3,-0.0216247,-0.381862,0.087,1
1799.99,1926,2,32,0,-1,-1.63391,6.38076,1,0.0282132,-0.332642,0.091,1
1799.99,1926,2,32,1,0,-0.746676,5.68083,4,0.0625295,-0.258672,0.091,1
1799.99,1926,2,32,2,1,-0.78307,7.1253,3,-0.171734,-0.220061,0.091,1
1799.99,1926,2,32,3,1,-1.9497,5.62234,3,0.0663681,-0.338646,0.091,1
1799.99,1955,2,34,0,-1,3.82062,-1.82887,1,-0.652566,-0.191542,0.087,1
1799.99,1955,2,34,1,0,3.05347,-1.14961,4,-0.393644,-0.0111279,0.087,1
1799.99,1955,2,34,2,1,2.96827,-2.73555,3,-0.60601,0.0500772,0.087,1
1799.99,1955,2,34,3,1,4.37364,-1.25785,3,-0.499914,-0.733509,0.087,1
1799.99,1958,2,33,0,-1,-6.25771,12.6219,1,0.00244885,-0.445988,0.088,1
1799.99,1958,2,33,1,0,-7.29692,12.4629,4,-0.0464967,-0.0925759,0.088,1
1799.99,1958,2,33,2,1,-6.18552,11.5462,3,-0.371048,-0.4998,0.088,1
1799.99,1958,2,33,3,1,-6.41926,13.4592,3,0.238055,-0.347557,0.088,1
1799.99,1963,2,31,0,-1,-16.554,-13.9293,1,-0.291033,0.411839,0.093,1
1799.99,1963,2,31,1,0,-17.4043,-13.3109,4,-0.438966,0.204288,0.093,1
1799.99,1963,2,31,2,1,-17.3503,-14.7489,3,-0.109663,0.220338,0.093,1
1799.99,1963,2,31,3,1,-16.0772,-13.2291,3,-0.454463,0.526858,0.093,1
1799.99,1967,2,35,0,-1,-7.26736,8.42092,1,-0.0498763,0.265157,0.092,1
1799.99,1967,2,35,1,0,-6.99037,9.45908,4,0.128868,0.194979,0.092,1
1799.99,1967,2,35,2,1,-8.50478,9.06918,3,0.10997,0.258431,0.092,1
1799.99,1967,2,35,3,1,-6.40402,8.22983,3,-0.0581225,0.0915901,0.092,1
1799.99,1971,2,34,0,-1,-13.1973,12.1942,1,-0.138147,-0.716099,0.089,1
1799.99,1971,2,34,1,0,-12.4744,11.4131,4,0.521668,0.0316622,0.089,1
1799.99,1971,2,34,2,1,-12.141,12.8265,3,-0.406372,0.323185,0.089,1
1799.99,1971,2,34,3,1,-13.819,11.5975,3,0.345472,-0.977422,0.089,1
1799.99,1975,2,33,0,-1,-14.3764,10.943,1,0.0908898,-0.80465,0.087,1
1799.99,1975,2,33,1,0,-13.886,9.99327,4,0.161152,-0.789137,0.087,1
1799.99,1975,2,33,2,1,-13.2684,11.2795,3,0.357321,-0.855637,0.087,1
1799.99,1975,2,33,3,1,-15.128,10.4136,3,0.0909603,-1.03431,0.087,1
1799.99,1982,65,31,0,-1,13.2418,-13.04,1,0.0999961,0.335629,0.066,1
1799.99,1982,65,31,1,0,12.8272,-12.1984,4,-0.00207882,0.295625,0.066,1
1799.99,1982,65,31,2,1,13.2631,-12.3291,1,0.00787396,0.338869,0.066,1
1799.99,1982,65,31,3,1,13.8119,-13.2811,3,0.205309,0.510347,0.066,1
1799.99,1982,65,31,4,1,13.2924,-13.5243,3,0.234687,0.366536,0.066,1
1799.99,1990,2,33,0,-1,8.66073,15.4264,1,-0.415955,-0.188674,0.09,1
1799.99,1990,2,33,1,0,8.1673,14.408,4,-0.578656,-0.110818,0.09,1
1799.99,1990,2,33,2,1,9.51477,14.9782,3,-0.560942,-0.11271,0.09,1
1799.99,1990,2,33,3,1,7.85711,15.5685,3,-0.370263,-0.0529174,0.09,1
1799.99,1992,2,33,0,-1,14.2315,-7.06516,1,0.290237,-0.667655,0.089,1
1799.99,1992,2,33,1,0,13.4845,-7.82103,4,-0.384504,-0.00482742,0.089,1
1799.99,1992,2,33,2,1,14.8926,-8.18152,3,-0.693273,-1.26172,0.089,1
1799.99,1992,2,33,3,1,13.4426,-6.44002,3,0.883041,0.0425772,0.089,1
1799.99,1994,2,34,0,-1,-2.39407,-5.86236,1,-0.201486,0.494133,0.086,1
1799.99,1994,2,34,1,0,-3.11709,-5.0956,4,-0.49988,0.21568,0.086,1
1799.99,1994,2,34,2,1,-3.31989,-6.52719,3,0.0120393,0.14056,0.086,1
1799.99,1994,2,34,3,1,-1.79826,-5.22611,3,-0.437671,0.765553,0.086,1
1799.99,1995,2,35,0,-1,3.35822,0.131719,1,0.0837791,-0.623686,0.088,1
1799.99,1995,2,35,1,0,2.65718,-0.647566,4,-0.288521,-0.226321,0.088,1
1799.99,1995,2,35,2,1,4.24226,-0.54368,3,-0.127159,-0.16952,0.088,1
1799.99,1995,2,35,3,1,2.76192,0.700746,3,0.350724,-0.324434,0.088,1
1799.99,2002,2,35,0,-1,-0.149027,-2.00924,1,0.29137,0.305588,0.086,1
1799.99,2002,2,35,1,0,0.497367,-1.17659,4,0.749011,0.0107226,0.086,1
1799.99,2002,2,35,2,1,-0.979813,-1.22273,3,0.468687,0.499467,0.086,1
1799.99,2002,2,35,3,1,0.531865,-2.50817,3,0.105617,0.00657707,0.086,1
1799.99,2003,2,32,0,-1,0.89304,-17.1268,1,-0.130033,0.28477,0.094,1
1799.99,2003,2,32,1,0,-0.0133224,-16.6181,11,-0.0651902,0.433372,0.094,1
1799.99,2003,2,32,2,1,-0.0173239,-18.0107,3,-0.154055,0.452639,0.094,1
1799.99,2003,2,32,3,1,1.30714,-16.4217,3,-0.0311014,0.149358,0.094,1
1799.99,2004,2,31,0,-1,-13.34,-11.503,1,-0.260703,-0.532373,0.094,1
1799.99,2004,2,31,1,0,-13.4096,-12.5753,4,-0.0620307,-0.518347,0.094,1
1799.99,2004,2,31,2,1,-12.3876,-11.6005,3,-0.0280727,-0.546137,0.094,1
1799.99,2004,2,31,3,1,-14.151,-11.5088,3,-0.325568,-0.62101,0.094,1
1799.99,2005,2,33,0,-1,14.0421,-2.88602,1,0.357685,0.419192,0.089,1
1799.99,2005,2,33,1,0,15.0848,-2.653,4,0.38979,0.171457,0.089,1
1799.99,2005,2,33,2,1,14.0656,-1.63816,3,0.598162,0.386709,0.089,1
1799.99,2005,2,33,3,1,14.3759,-3.76557,3,0.123771,0.324348,0.089,1
1799.99,2005,2,33,4,2,13.5587,-2.21792,4,0.443266,0.508727,0.089,1
1799.99,2006,2,34,0,-1,7.36484,12.4628,1,0.225359,0.559536,0.086,1
1799.99,2006,2,34,1,0,7.5603,13.5105,4,-0.197702,0.633284,0.086,1
1799.99,2006,2,34,2,1,6.1134,12.8266,3,0.123336,-0.0591452,0.086,1
1799.99,2006,2,34,3,1,8.3235,12.4341,3,0.169623,0.887823,0.086,1
1799.99,2010,2,36,0,-1,0.856479,0.398983,1,0.487087,-0.610436,0.085,1
1799.99,2010,2,36,1,0,1.22835,-0.578994,4,0.0595767,-0.828523,0.085,1
1799.99,2010,2,36,2,1,1.96351,0.650634,3,0.321573,-0.995679,0.085,1
1799.99,2010,2,36,3,1,-0.0476419,-0.0506016,3,0.25826,-0.306312,0.085,1
1799.99,2017,2,32,0,-1,-14.847,-9.8793,1,-0.193556,-0.348258,0.093,1
1799.99,2017,2,32,1,0,-14.3607,-10.8021,4,0.267551,-0.136351,0.093,1
1799.99,2017,2,32,2,1,-13.7762,-9.49023,3,-0.185078,0.0612582,0.093,1
1799.99,2017,2,32,3,1,-15.6103,-10.3739,3,0.0361158,-0.66108,0.093,1
1799.99,2018,2,33,0,-1,-2.54667,-15.5748,1,-0.0812733,-0.446996,0.094,1
1799.99,2018,2,33,1,0,-3.44827,-15.0839,11,0.201994,-0.12521,0.094,1
1799.99,2018,2,33,2,1,-3.33329,-16.4452,3,-0.535625,-0.254965,0.094,1
1799.99,2018,2,33,3,1,-2.0504,-14.8027,3,0.448182,-1.32927,0.094,1
1799.99,2020,65,32,0,-1,12.4989,-13.3695,1,0.167145,0.187176,0.066,0
1799.99,2022,2,35,0,-1,-5.43769,1.41387,1,0.108979,-0.207877,0.088,1
1799.99,2022,2,35,1,0,-5.17314,0.4185,4,-0.0625754,-0.276269,0.088,1
1799.99,2022,2,35,2,1,-4.19934,1.67653,3,0.166462,-0.460938,0.088,1
1799.99,2022,2,35,3,1,-6.23336,1.28647,3,-0.00289063,-0.203996,0.088,1
1799.99,2026,2,31,0,-1,-9.2306,-9.71898,1,-0.424017,0.0716456,0.092,0
1799.99,2026,2,31,1,0,-9.33223,-8.65059,4,-0.471994,0.032094,0.092,0
1799.99,2026,2,31,2,1,-10.4141,-9.58237,3,-0.602581,0.190286,0.092,0
1799.99,2028,2,31,0,-1,11.9304,-15.8396,1,0.11446,-0.406533,0.092,1
1799.99,2028,2,31,1,0,11.4807,-16.7437,4,-0.209364,-0.242704,0.092,1
1799.99,2028,2,31,2,1,12.7847,-16.5579,3,-0.105928,-0.754786,0.092,1
1799.99,2028,2,31,3,1,11.2721,-15.3893,3,0.295464,-0.17478,0.092,1
1799.99,2029,2,34,0,-1,-9.26493,4.9725,1,0.210624,-0.264253,0.086,1
1799.99,2029,2,34,1,0,-8.36155,4.42642,4,0.287328,-0.15399,0.086,1
1799.99,2029,2,34,2,1,-8.60219,5.84278,3,0.16509,-0.179409,0.086,1
1799.99,2029,2,34,3,1,-9.6736,4.23938,3,0.312137,-0.323592,0.086,1
1799.99,2030,2,33,0,-1,-14.6272,-9.11016,1,-0.349642,-0.299444,0.092,0
1799.99,2031,2,34,0,-1,13.2395,-3.03957,1,0.382083,0.380353,0.089,0
1799.99,2031,2,34,1,0,12.6724,-2.157,4,0.215902,0.272562,0.089,0
1799.99,2031,2,34,2,1,12.2013,-3.52146,3,0.463742,0.181105,0.089,0
1799.99,2032,2,36,0,-1,-5.83888,0.692279,1,0.021032,-0.13088,0.089,0
1799.99,2032,2,36,1,0,-5.5111,-0.309323,4,-0.251154,-0.207236,0.089,0
1799.99,2034,2,36,0,-1,-7.66767,9.09072,1,0.242461,0.473949,0.091,0
1799.99,2034,2,36,1,0,-6.618,8.91871,4,0.226214,0.216994,0.091,0
1799.99,2034,2,36,2,1,-7.67613,10.2367,3,0.54238,0.462999,0.091,0
1799.99,2036,2,35,0,-1,-9.92917,5.43164,1,0.256846,-0.183858,0.085,0
1799.99,2036,2,35,1,0,-10.9746,5.5295,4,0.284408,0.159231,0.085,0
1799.99,2037,2,34,0,-1,4.97811,-11.5839,1,-0.430773,-0.172212,0.088,1
1799.99,2037,2,34,1,0,3.98075,-11.8302,4,-0.399021,-0.413706,0.088,1
1799.99,2037,2,34,2,1,5.03223,-12.8081,3,-0.275094,-0.283214,0.088,1
1799.99,2037,2,34,3,1,4.81942,-10.7849,3,-0.637282,-0.227652,0.088,1
1799.99,2038,2,34,0,-1,-7.63646,-10.4671,1,-0.0780389,-0.0933894,0.083,1
1799.99,2038,2,34,1,0,-8.22113,-11.3202,4,-0.0424989,-0.119278,0.083,1
1799.99,2038,2,34,2,1,-6.77179,-11.1865,3,-0.052196,0.00386221,0.083,1
1799.99,2038,2,34,3,1,-8.31175,-9.96874,3,-0.132858,-0.123013,0.083,1
1799.99,2040,2,32,0,-1,11.1299,-16.0953,1,0.00364659,-0.132649,0.091,0
1799.99,2040,2,32,1,0,10.0788,-16.0697,4,-0.0169266,-0.019891,0.091,0
1799.99,2040,2,32,2,1,10.8707,-17.1358,3,-0.336515,-0.27454,0.091,0
1799.99,2041,2,32,0,-1,-6.19876,-5.27661,1,0.411578,-0.148603,0.095,1
1799.99,2041,2,32,1,0,-5.33395,-5.88174,4,0.388934,-0.187267,0.095,1
1799.99,2041,2,32,2,1,-5.45335,-4.45093,3,0.551341,-0.1707,0.095,1
1799.99,2041,2,32,3,1,-6.65464,-5.97555,3,0.384657,-0.110816,0.095,1
1799.99,2042,2,34,0,-1,13.9532,8.00921,1,-0.0759287,-0.429427,0.089,1
1799.99,2042,2,34,1,0,13.4248,7.00824,4,0.0319801,-0.487405,0.089,1
1799.99,2042,2,34,2,1,14.8165,7.38021,3,0.000587897,-0.385989,0.089,1
1799.99,2042,2,34,3,1,13.1392,8.16978,3,-0.0744916,-0.505981,0.089,1
1799.99,2044,2,33,0,-1,6.93485,-5.80975,1,-0.147078,0.0165158,0.089,0
1799.99,2044,2,33,1,0,7.34628,-4.83625,4,0.218736,-0.119711,0.089,0
1799.99,2044,2,33,2,1,5.90935,-5.02534,3,0.150025,0.397676,0.089,0
1799.99,2045,2,35,0,-1,6.93934,11.7712,1,0.0488312,0.670594,0.087,0
1799.99,2046,2,33,0,-1,0.951482,-17.9373,1,-0.407757,0.255542,0.095,0
1799.99,2046,2,33,1,0,1.63578,-17.1884,11,-0.118487,-0.00566488,0.095,0
1799.99,2046,2,33,2,1,0.251823,-17.2815,3,-0.123029,0.365102,0.095,0
1799.99,2047,2,35,0,-1,5.7944,-11.7022,1,-0.439069,-0.477127,0.087,0
1799.99,2047,2,35,1,0,5.96781,-12.6957,4,-0.640485,-0.536663,0.087,0
1799.99,2047,2,35,2,1,7.07159,-11.7782,3,-0.208015,-1.04503,0.087,0
1799.99,2048,2,36,0,-1,2.55718,0.0331054,1,0.0524995,-0.310777,0.087,0
1799.99,2049,2,31,0,-1,-0.980463,-12.1625,1,0.20972,0.159648,0.092,0
1799.99,2051,2,32,0,-1,9.37453,8.61626,1,0.261824,-0.287811,0.093,1
1799.99,2051,2,32,1,0,10.4687,8.33623,4,0.318441,-0.135534,0.093,1
1799.99,2051,2,32,2,1,10.0241,9.72214,3,-0.230594,-0.331732,0.093,1
1799.99,2051,2,32,3,1,9.34508,7.68771,3,0.564915,-0.547626,0.093,1
1799.99,2052,2,34,0,-1,-1.28569,-0.0552725,1,0.109546,-0.343058,0.087,1
1799.99,2052,2,34,1,0,-0.6145,-0.843201,4,0.475003,0.0744287,0.087,1
1799.99,2052,2,34,2,1,-0.398123,0.704092,3,0.101912,-0.0160198,0.087,1
1799.99,2052,2,34,3,1,-1.92143,-0.593798,3,0.332083,-0.662895,0.087,1
1799.99,2053,2,34,0,-1,-16.0719,13.256,1,0.219144,0.145908,0.086,1
1799.99,2053,2,34,1,0,-15.2258,13.8769,10,0.231635,0.111931,0.086,1
1799.99,2053,2,34,2,1,-16.6304,14.1852,3,0.284163,0.430631,0.086,1
1799.99,2053,2,34,3,1,-15.5785,12.5962,3,0.101296,0.138665,0.086,1
1799.99,2054,2,34,0,-1,9.80226,14.4156,1,-0.0157694,0.273613,0.089,1
1799.99,2054,2,34,1,0,9.27149,13.4757,4,0.17256,0.24965,0.089,1
1799.99,2054,2,34,2,1,10.75,13.3034,3,0.223763,0.123556,0.089,1
1799.99,2054,2,34,3,1,8.85802,14.6107,3,-0.657287,0.120895,0.089,1
1799.99,2058,2,37,0,-1,0.546072,-0.341841,1,0.269573,-0.442122,0.084,0
1799.99,2058,2,37,1,0,-0.0968057,-1.17616,4,0.142737,-0.463871,0.084,0
1799.99,2059,2,33,0,-1,-6.91679,-4.91059,1,0.487891,0.00782948,0.096,0
1799.99,2062,2,33,0,-1,-2.58846,-14.3349,1,-0.517195,0.209201,0.082,0
