id,family,generation,mature,mature_children,cells,changed,recognizable,parent,last_seen,mature_at
0,0,0,1,5,4,0,1,4294967295,92,-1
1,0,0,1,6,4,0,1,4294967295,134,-1
2,0,0,1,5,4,0,1,4294967295,109,-1
3,0,1,1,8,4,1,1,0,243,5
4,0,1,1,2,4,1,1,1,125,4
5,0,1,1,0,4,1,1,2,24,4
6,0,2,0,0,4,1,1,5,24,-1
7,0,2,1,1,4,1,1,3,84,24
8,0,1,1,3,4,0,1,2,112,23
9,0,1,1,0,4,0,1,0,56,24
10,0,1,1,1,4,0,1,1,58,26
12,0,3,1,1,4,1,1,7,116,29
13,0,2,0,0,4,0,1,9,56,-1
14,0,2,1,1,4,1,1,4,106,74
15,0,2,1,2,4,1,1,10,155,31
16,0,1,1,0,4,0,1,2,52,33
17,0,2,1,4,4,1,1,8,158,48
18,0,1,1,3,4,0,1,0,139,50
19,0,1,1,0,4,0,1,1,85,59
20,0,3,1,0,4,1,1,15,108,88
21,0,2,0,0,4,1,1,10,58,-1
22,0,3,0,0,4,1,1,7,83,-1
23,0,1,1,0,4,1,1,2,63,54
24,0,4,1,1,4,1,1,12,121,76
25,0,2,1,3,4,1,1,3,157,62
26,0,3,1,0,4,1,1,17,153,93
29,0,2,1,0,4,1,1,8,114,58
31,0,1,1,0,4,1,1,0,86,61
32,0,2,1,4,4,1,1,18,180,80
34,0,2,0,0,4,0,1,19,85,-1
35,0,1,1,0,4,0,1,2,101,64
37,0,3,0,0,4,1,1,29,114,-1
38,0,2,0,0,4,0,1,35,99,-1
39,0,2,1,2,4,0,1,8,139,69
40,0,1,1,1,4,1,1,1,123,69
41,0,1,1,0,4,0,1,0,95,71
42,0,2,1,2,4,1,1,3,121,73
43,0,3,1,0,4,0,1,39,147,94
44,0,1,0,0,4,0,1,2,93,-1
45,0,2,0,0,4,0,1,41,95,-1
46,0,3,1,1,4,1,1,42,124,78
47,0,3,1,0,4,1,1,25,141,98
48,0,3,1,0,4,1,1,14,122,79
49,0,2,1,1,4,1,1,40,216,87
50,0,2,0,0,4,0,1,8,112,-1
51,0,1,1,2,4,0,1,1,139,80
52,0,4,1,2,4,1,1,46,151,89
53,0,2,1,5,4,1,1,3,394,112
54,0,4,0,0,4,1,1,48,118,-1
55,0,3,1,1,4,1,1,32,127,85
56,0,2,1,1,4,1,1,51,127,86
57,0,2,1,1,4,1,1,4,121,85
58,0,4,0,0,4,1,1,12,116,-1
60,0,3,1,2,4,1,1,42,182,89
62,0,4,1,1,4,1,1,55,168,90
63,0,3,1,0,4,1,1,57,109,90
64,0,2,1,0,4,1,1,18,121,91
66,0,1,1,1,4,1,1,1,161,91
67,0,4,1,6,4,1,1,60,277,94
68,0,5,1,2,4,1,1,24,188,100
69,0,5,1,0,4,1,1,52,120,94
70,0,3,1,1,4,1,1,49,155,94
71,0,3,1,0,4,1,1,32,121,96
72,0,3,0,0,4,1,1,64,121,-1
73,0,2,0,0,4,1,1,4,125,-1
74,0,3,1,1,4,1,1,56,217,96
76,0,2,1,0,4,1,1,66,165,128
77,0,2,1,0,4,0,1,51,165,97
78,0,2,0,0,4,1,1,40,119,-1
79,0,6,0,0,4,1,1,69,120,-1
80,0,4,1,0,4,1,1,70,158,117
82,0,4,0,0,4,1,1,46,124,-1
83,0,3,0,0,4,1,1,42,121,-1
84,0,4,0,0,4,1,1,71,121,-1
85,0,3,0,0,4,1,1,57,121,-1
86,0,4,0,0,4,1,1,55,127,-1
87,0,2,1,0,3,1,0,18,130,102
88,0,3,1,1,4,1,1,17,213,104
90,0,3,1,1,4,0,1,39,165,106
92,0,3,0,0,3,1,0,87,130,-1
94,0,2,0,0,4,1,1,18,139,-1
98,0,3,1,0,4,1,1,25,152,114
101,0,3,1,1,4,1,1,17,209,120
102,0,3,1,0,4,1,1,32,137,117
103,0,3,0,0,4,1,1,39,139,-1
105,0,4,0,0,4,1,1,47,136,-1
107,0,2,0,0,4,0,1,51,139,-1
108,0,4,0,0,4,1,1,26,153,-1
109,0,5,1,0,4,1,1,52,158,123
111,0,2,1,0,4,1,1,3,166,124
112,0,3,1,3,4,1,1,15,251,131
114,0,3,1,1,4,1,1,53,165,125
115,0,3,1,2,4,1,1,25,188,125
118,0,4,1,2,4,1,1,60,224,125
121,0,5,1,0,4,1,1,62,191,130
122,0,5,1,0,4,1,1,67,182,126
123,0,6,1,0,4,1,1,68,207,133
125,0,3,0,0,4,1,1,77,162,-1
126,0,5,0,0,4,1,1,80,144,-1
129,0,4,1,2,4,1,1,88,224,127
130,0,4,1,0,4,1,1,101,215,146
132,0,4,0,0,4,1,1,98,152,-1
133,0,4,1,0,4,1,1,114,175,130
135,0,4,1,2,4,1,1,115,217,130
136,0,5,1,0,4,1,1,118,174,138
137,0,6,0,0,4,1,1,122,182,-1
138,0,3,1,0,4,1,1,17,159,131
142,0,5,1,0,4,1,1,129,180,132
143,0,4,1,1,4,1,1,90,193,139
144,0,3,0,0,4,1,1,76,159,-1
145,0,2,1,9,4,1,1,3,386,135
146,0,6,0,0,4,1,1,121,191,-1
147,0,3,0,0,4,1,1,25,157,-1
151,0,3,1,0,4,1,1,53,184,146
153,0,3,0,0,4,1,1,15,155,-1
154,0,3,1,1,4,1,1,32,209,145
157,0,5,0,0,4,1,1,62,168,-1
158,0,5,1,0,4,1,1,67,179,148
159,0,3,0,0,4,1,1,111,166,-1
161,0,4,0,0,4,1,1,114,159,-1
163,0,4,1,2,4,1,1,115,241,145
164,0,2,1,0,4,1,0,3,188,147
165,0,4,0,0,4,1,1,88,213,-1
166,0,4,1,1,4,1,1,74,215,179
168,0,4,0,0,4,1,1,60,182,-1
170,0,4,0,0,4,1,1,115,182,-1
172,0,7,0,0,4,1,1,123,207,-1
174,0,6,1,1,4,1,1,68,225,159
175,0,2,1,0,4,1,1,3,192,164
177,0,5,1,0,4,1,1,67,214,160
179,0,3,0,0,4,1,1,32,180,-1
180,0,5,1,0,4,1,1,129,188,162
183,0,5,1,0,4,1,1,135,213,172
186,0,6,0,0,4,1,1,142,180,-1
188,0,5,1,0,4,1,1,143,196,163
190,0,3,1,0,4,1,1,145,187,164
192,0,4,1,4,4,1,1,154,345,170
193,0,5,1,7,4,1,1,163,463,164
194,0,3,0,0,4,1,0,164,188,-1
196,0,4,1,0,4,1,1,112,252,176
197,0,7,1,0,4,1,1,174,226,191
199,0,3,0,0,4,1,1,49,205,-1
200,0,5,0,0,4,1,1,130,215,-1
201,0,6,0,0,4,1,1,188,196,-1
205,0,6,0,0,4,1,1,68,188,-1
206,0,3,0,0,4,1,1,175,189,-1
208,0,5,0,0,4,1,1,67,191,-1
209,0,5,0,0,4,1,1,129,224,-1
211,0,5,0,0,4,1,1,143,191,-1
212,0,3,1,0,4,1,1,145,212,178
213,0,5,0,0,4,1,1,163,193,-1
217,0,6,0,0,4,1,1,183,213,-1
218,0,5,1,0,4,1,1,166,208,184
220,0,5,0,0,4,1,1,196,201,-1
222,0,6,0,0,4,1,1,177,214,-1
224,0,3,1,1,9,1,0,53,350,257
225,0,4,0,0,4,1,1,154,209,-1
227,0,3,1,0,4,1,1,145,218,189
228,0,5,1,3,4,1,1,135,276,197
229,0,5,1,0,4,1,1,118,221,203
230,0,5,1,2,4,1,1,192,289,216
231,0,4,0,0,4,1,1,212,212,-1
236,0,2,0,0,4,1,1,3,243,-1
239,0,5,0,0,4,1,1,166,215,-1
240,0,6,1,3,4,1,1,193,356,276
241,0,4,0,0,4,1,1,74,217,-1
248,0,5,1,0,4,1,1,67,252,220
249,0,4,1,2,4,1,1,112,265,204
250,0,5,1,0,4,1,1,163,270,219
251,0,3,1,0,4,1,1,145,294,231
253,0,7,0,0,4,1,1,174,225,-1
254,0,8,0,0,4,1,1,197,226,-1
258,0,6,1,1,4,1,1,228,315,213
260,0,4,1,4,4,1,1,112,385,215
265,0,7,1,0,4,1,1,258,265,240
268,0,5,1,1,4,1,1,260,251,219
272,0,6,1,1,4,1,1,228,255,230
273,0,6,1,8,4,1,1,268,510,224
274,0,6,0,0,4,1,1,250,243,-1
275,0,4,0,0,4,1,1,112,251,-1
276,0,5,1,5,4,1,1,249,428,226
277,0,5,1,1,4,1,1,192,294,257
280,0,6,0,0,4,1,1,248,252,-1
285,0,5,1,2,4,1,1,260,303,237
287,0,5,1,1,4,1,1,67,283,241
288,0,5,0,0,4,1,1,196,252,-1
289,0,7,1,1,4,1,1,272,282,237
290,0,4,0,0,4,1,1,251,273,-1
291,0,7,1,0,4,1,1,273,275,249
292,0,5,1,0,4,1,1,249,277,237
293,0,6,1,0,4,1,1,228,273,245
294,0,8,1,5,4,1,1,289,360,252
295,0,6,1,0,4,1,1,285,279,252
296,0,3,1,3,4,1,1,145,379,254
297,0,8,0,0,4,1,1,265,265,-1
299,0,6,1,1,4,1,1,230,305,246
300,0,6,1,0,4,1,1,287,279,250
302,0,6,0,0,4,1,1,250,270,-1
303,0,5,0,0,4,1,1,249,265,-1
304,0,5,0,0,4,1,1,260,263,-1
305,0,7,0,0,4,1,1,258,315,-1
306,0,7,1,0,4,1,1,299,290,269
307,0,7,0,0,4,1,1,293,273,-1
308,0,6,1,2,4,1,1,276,350,252
309,0,6,0,0,4,1,1,292,277,-1
310,0,5,1,0,4,1,1,67,279,252
311,0,8,0,0,4,1,1,291,275,-1
312,0,7,0,0,4,1,1,300,279,-1
315,0,6,0,0,4,1,1,228,273,-1
317,0,7,0,0,4,1,1,295,272,-1
318,0,6,1,3,4,1,1,230,321,257
319,0,9,1,0,4,1,1,294,308,260
323,0,7,1,0,4,1,1,308,346,289
324,0,7,1,1,4,1,1,273,320,264
325,0,7,1,0,4,1,1,318,315,275
326,0,6,1,1,4,1,1,277,310,262
327,0,4,1,0,9,1,0,224,310,290
328,0,6,1,3,4,1,1,276,381,274
329,0,8,0,0,4,1,1,289,282,-1
330,0,5,0,0,4,1,1,67,277,-1
331,0,6,0,0,4,1,1,287,283,-1
332,0,6,1,0,4,1,1,285,329,266
333,0,3,1,1,4,1,1,145,382,304
334,0,5,1,3,4,1,1,192,456,268
336,0,6,0,0,4,1,1,230,287,-1
337,0,4,1,0,4,1,1,296,340,285
338,0,9,1,0,4,1,1,294,317,274
339,0,6,0,0,4,1,1,277,294,-1
341,0,7,1,0,4,1,1,326,297,282
342,0,7,1,0,4,1,1,273,306,278
345,0,5,1,0,4,1,1,192,335,293
347,0,10,0,0,4,1,1,319,308,-1
348,0,7,0,0,4,1,1,299,305,-1
349,0,7,0,0,4,1,1,332,310,-1
350,0,7,1,1,4,1,1,240,350,300
352,0,6,0,0,4,1,1,285,303,-1
356,0,6,1,6,4,1,1,334,472,294
357,0,8,0,0,4,1,1,342,306,-1
360,0,6,0,0,4,1,1,276,299,-1
361,0,9,1,0,4,1,1,294,350,284
362,0,8,1,0,4,1,1,324,318,286
363,0,7,1,0,4,1,1,318,309,286
364,0,3,1,0,4,1,1,53,363,326
365,0,7,1,0,4,1,1,328,317,289
366,0,6,1,0,4,1,1,193,315,287
368,0,7,1,1,4,1,1,273,384,289
369,0,10,0,0,4,1,1,361,319,-1
370,0,8,0,0,4,1,1,363,308,-1
371,0,9,0,0,4,1,1,362,318,-1
372,0,7,0,0,4,1,1,366,315,-1
373,0,7,0,0,4,1,1,326,310,-1
375,0,8,0,0,4,1,1,365,317,-1
377,0,9,1,0,4,1,1,294,313,295
379,0,6,1,0,4,1,1,193,331,298
380,0,5,1,1,4,1,1,260,411,311
382,0,4,1,2,4,1,1,296,417,301
384,0,7,1,0,4,1,1,308,342,317
385,0,7,1,0,4,1,1,318,321,304
387,0,9,1,0,4,1,1,294,391,325
388,0,7,1,1,4,1,1,328,348,308
390,0,7,1,0,5,1,0,273,351,311
392,0,6,0,0,4,1,1,276,339,-1
394,0,7,1,0,4,1,1,240,370,314
395,0,4,1,0,4,1,1,296,345,321
396,0,6,0,0,4,1,1,345,335,-1
398,0,8,1,2,4,1,1,350,450,321
400,0,7,1,1,4,1,1,356,376,314
401,0,8,0,0,4,1,1,368,341,-1
403,0,8,1,0,4,1,1,388,348,317
405,0,3,1,4,4,1,1,145,580,319
406,0,4,1,1,4,1,1,333,381,322
408,0,4,0,0,9,1,0,224,343,-1
409,0,7,1,0,4,1,1,328,345,319
411,0,6,0,0,4,1,1,380,345,-1
413,0,8,0,0,5,1,0,390,351,-1
414,0,8,1,1,4,1,1,400,368,335
418,0,9,0,0,4,1,1,403,341,-1
419,0,7,1,0,4,1,1,273,348,324
420,0,6,1,0,4,1,0,334,375,329
422,0,5,1,0,4,1,1,260,373,345
423,0,8,0,0,4,1,1,409,345,-1
425,0,7,1,0,4,1,1,240,367,325
427,0,7,1,0,4,1,1,356,415,353
428,0,5,0,0,4,1,1,395,345,-1
429,0,5,1,0,4,1,1,382,388,350
430,0,5,1,0,4,1,1,406,378,351
431,0,7,0,0,4,1,1,308,350,-1
434,0,3,1,1,4,1,1,145,432,349
435,0,6,1,0,4,1,1,193,379,352
437,0,7,0,0,4,1,1,240,356,-1
438,0,7,0,0,4,1,1,328,381,-1
440,0,6,0,0,4,1,1,334,361,-1
444,0,3,1,2,4,1,1,53,416,354
447,0,10,0,0,4,1,1,387,379,-1
449,0,8,0,0,4,1,1,394,363,-1
450,0,9,1,0,4,1,1,398,435,348
451,0,9,1,0,4,1,1,414,367,349
455,0,7,0,0,4,1,0,420,373,-1
457,0,6,0,0,4,1,1,422,373,-1
458,0,8,0,0,4,1,1,425,367,-1
460,0,8,1,5,4,1,1,368,520,352
461,0,6,1,0,4,1,1,276,409,381
462,0,8,0,0,4,1,1,400,376,-1
465,0,10,0,0,4,1,1,450,394,-1
466,0,7,1,0,4,1,1,273,379,353
473,0,5,0,0,4,1,1,260,385,-1
474,0,6,0,0,4,1,1,430,378,-1
475,0,4,1,0,4,1,1,434,387,358
476,0,9,1,3,4,1,1,460,457,394
477,0,8,0,0,4,1,1,466,379,-1
478,0,4,0,0,4,1,1,333,382,-1
479,0,4,1,0,4,1,1,444,407,358
480,0,7,0,0,4,1,1,435,379,-1
481,0,9,1,1,4,1,1,398,427,385
482,0,4,1,0,3,1,0,405,385,358
483,0,6,0,0,4,1,1,429,388,-1
484,0,3,1,0,4,1,1,145,392,368
486,0,4,0,0,4,1,0,296,379,-1
487,0,5,0,0,3,1,0,482,385,-1
489,0,6,1,1,4,1,1,193,423,383
490,0,7,1,0,4,1,1,273,422,366
493,0,7,1,0,4,1,1,356,413,369
494,0,8,0,0,4,1,1,368,384,-1
496,0,5,1,1,4,1,1,382,521,389
498,0,4,1,0,4,1,1,405,421,372
501,0,3,0,0,4,1,1,53,394,-1
502,0,6,1,2,4,1,1,380,493,376
503,0,7,0,0,4,1,1,273,396,-1
506,0,4,1,1,4,1,1,444,448,390
507,0,5,0,0,4,1,1,498,421,-1
508,0,7,1,2,4,1,1,356,439,379
510,0,7,1,2,4,1,1,502,478,386
511,0,4,0,0,4,1,1,434,432,-1
514,0,8,0,0,4,1,1,490,422,-1
517,0,8,1,1,4,1,1,508,419,385
518,0,4,1,1,4,1,1,405,583,477
522,0,7,0,0,4,1,1,461,409,-1
523,0,6,0,0,4,1,1,380,411,-1
525,0,7,1,1,4,1,1,489,493,395
527,0,6,1,0,4,1,1,334,455,418
529,0,9,1,0,4,1,1,517,421,390
530,0,10,1,7,4,1,1,481,533,404
534,0,6,1,0,4,1,1,276,435,392
536,0,8,0,0,4,1,1,427,415,-1
537,0,7,1,0,4,1,1,356,468,426
538,0,8,1,0,4,1,1,510,435,411
539,0,6,1,7,4,1,1,193,649,401
540,0,8,0,0,4,1,1,493,413,-1
543,0,7,1,7,4,1,1,502,625,454
544,0,5,1,0,4,1,1,506,449,421
545,0,7,0,0,4,1,1,534,435,-1
547,0,10,1,0,4,1,1,476,452,398
549,0,5,0,0,4,1,1,382,417,-1
550,0,10,0,0,4,1,1,529,421,-1
551,0,9,0,0,4,1,1,517,419,-1
552,0,4,0,0,4,1,1,444,416,-1
553,0,6,1,0,4,1,1,276,438,403
554,0,8,1,1,4,1,1,508,464,424
555,0,9,1,0,4,1,1,460,528,441
556,0,7,0,0,4,1,1,489,423,-1
557,0,6,1,0,4,1,1,496,511,483
558,0,11,1,2,4,1,1,530,493,415
559,0,10,1,0,4,1,1,476,434,409
560,0,7,1,1,4,1,1,539,491,414
564,0,6,0,0,5,1,0,276,428,-1
566,0,9,0,0,4,1,1,538,435,-1
567,0,7,0,0,4,1,1,553,433,-1
568,0,11,0,0,4,1,1,559,434,-1
572,0,11,0,0,4,1,1,547,452,-1
573,0,10,1,0,4,1,1,476,467,420
575,0,12,1,0,4,1,1,558,506,452
576,0,6,1,0,4,1,1,193,498,443
578,0,8,1,1,4,1,1,510,494,422
579,0,8,1,0,4,1,1,560,454,428
581,0,7,1,0,4,1,1,539,454,426
582,0,7,0,0,4,1,1,527,455,-1
583,0,11,0,0,4,1,1,573,467,-1
586,0,6,0,0,4,1,1,544,443,-1
587,0,11,1,0,4,1,1,530,461,426
589,0,9,1,3,4,1,1,578,744,427
591,0,6,0,0,4,1,1,334,456,-1
592,0,9,0,0,4,1,1,398,450,-1
593,0,9,1,5,4,1,1,554,540,438
594,0,7,0,0,4,1,1,273,484,-1
595,0,8,0,0,4,1,1,581,454,-1
596,0,10,0,0,4,1,1,476,455,-1
598,0,5,0,0,4,1,1,506,448,-1
600,0,9,0,0,4,1,1,579,454,-1
601,0,8,0,0,4,1,1,525,451,-1
604,0,7,1,0,4,1,1,356,462,437
605,0,11,1,0,4,1,1,530,475,437
610,0,8,0,0,4,1,1,537,468,-1
611,0,8,0,0,4,1,1,604,462,-1
612,0,12,0,0,4,1,1,605,475,-1
613,0,10,1,0,4,1,1,593,486,461
616,0,10,1,0,4,1,1,589,523,502
617,0,10,0,0,4,1,1,555,470,-1
618,0,9,0,0,4,1,1,578,494,-1
619,0,7,0,0,4,1,1,356,466,-1
620,0,11,1,0,4,1,1,530,482,448
621,0,7,0,0,4,1,1,576,498,-1
622,0,7,1,5,4,1,1,539,608,455
623,0,9,1,0,4,1,1,460,486,451
625,0,12,0,0,4,1,1,620,482,-1
629,0,10,0,0,4,1,1,623,486,-1
633,0,8,1,0,4,1,1,543,482,458
634,0,11,1,0,4,1,1,530,493,459
636,0,8,0,0,4,1,1,510,478,-1
637,0,8,1,0,4,1,1,525,518,461
638,0,13,0,0,4,1,1,575,506,-1
641,0,9,1,3,4,1,1,460,542,469
642,0,12,1,0,4,1,1,558,520,463
643,0,9,0,0,4,1,1,633,482,-1
644,0,8,1,1,4,1,1,622,537,480
645,0,8,0,0,4,1,1,560,490,-1
646,0,7,0,0,4,1,1,502,493,-1
648,0,9,0,0,4,1,1,637,518,-1
653,0,11,0,0,4,1,1,613,486,-1
654,0,11,1,1,4,1,1,530,608,476
655,0,8,1,0,4,1,1,543,514,484
656,0,10,1,0,4,1,1,593,497,472
659,0,8,0,0,4,1,1,525,493,-1
660,0,12,0,0,4,1,1,558,493,-1
661,0,11,0,0,4,1,1,656,497,-1
663,0,10,1,1,4,1,1,641,559,478
665,0,9,1,0,4,1,1,460,518,489
666,0,12,1,1,4,1,1,654,561,529
667,0,5,1,1,4,1,1,518,542,482
669,0,10,1,1,4,1,1,593,528,482
670,0,7,1,0,4,1,1,539,556,539
674,0,6,1,0,4,1,1,667,519,489
675,0,11,1,3,4,1,1,530,587,495
676,0,10,1,2,4,1,1,641,576,488
677,0,7,0,0,4,1,1,273,510,-1
680,0,9,1,0,4,1,1,644,534,511
681,0,4,1,0,4,1,1,405,593,562
682,0,11,1,1,4,1,1,663,599,510
683,0,5,0,0,4,1,1,518,507,-1
684,0,7,0,0,4,1,1,557,511,-1
685,0,11,1,2,4,1,1,676,568,505
686,0,10,1,3,4,1,1,593,582,493
687,0,6,0,0,4,1,1,496,512,-1
688,0,7,0,0,4,1,1,674,519,-1
689,0,9,0,0,5,1,0,655,514,-1
690,0,10,0,0,4,1,1,665,518,-1
691,0,8,1,1,4,1,1,543,544,495
692,0,11,1,0,4,1,1,669,580,496
697,0,11,1,5,4,1,1,686,685,504
699,0,10,1,1,4,1,1,641,551,503
700,0,9,0,0,4,1,1,460,520,-1
702,0,12,0,0,4,1,1,692,580,-1
705,0,10,1,0,4,1,1,593,531,504
706,0,8,1,2,4,1,1,543,618,511
707,0,11,0,0,4,1,1,530,531,-1
708,0,11,0,0,4,1,1,669,528,-1
709,0,11,1,1,4,1,1,699,558,522
710,0,12,1,2,4,1,1,675,604,517
712,0,12,1,0,4,1,1,685,616,522
713,0,11,0,0,4,1,1,705,528,-1
714,0,10,1,5,4,1,1,589,676,513
715,0,10,0,0,4,1,1,641,531,-1
717,0,12,1,0,4,1,1,697,586,523
718,0,11,1,3,4,1,1,686,609,520
719,0,10,0,0,4,1,1,593,530,-1
721,0,10,0,0,4,1,1,680,534,-1
722,0,11,1,0,4,1,1,676,565,535
723,0,8,1,0,4,1,1,622,549,527
725,0,11,1,1,4,1,1,714,565,522
726,0,11,0,0,4,1,1,663,559,-1
727,0,8,1,1,4,1,1,543,563,521
730,0,9,0,0,4,1,1,644,537,-1
731,0,9,1,1,4,1,1,691,609,525
733,0,12,1,0,4,1,1,682,564,537
736,0,12,1,0,4,1,1,718,557,526
737,0,9,1,0,4,1,1,706,574,547
739,0,9,1,1,4,1,1,727,610,537
740,0,12,1,0,4,1,1,709,547,527
741,0,10,1,0,4,1,1,589,654,627
742,0,12,1,0,4,1,1,725,545,527
744,0,6,0,0,4,1,1,667,542,-1
745,0,12,1,0,4,1,1,675,603,538
746,0,11,1,0,4,1,1,686,571,555
748,0,8,1,0,4,1,1,543,586,533
751,0,12,1,0,4,1,1,685,577,542
752,0,13,1,0,4,1,1,666,553,534
753,0,12,1,1,4,1,1,697,605,535
754,0,13,0,0,4,1,1,712,616,-1
756,0,10,1,0,4,1,1,731,596,543
757,0,13,0,0,4,1,1,736,557,-1
758,0,12,0,0,4,1,1,709,553,-1
761,0,8,1,0,4,1,1,622,588,539
762,0,13,1,0,4,1,1,710,603,563
764,0,11,1,0,4,1,1,714,607,541
765,0,12,0,0,4,1,1,722,565,-1
767,0,13,1,1,4,1,1,753,656,578
768,0,12,1,4,4,1,1,718,664,579
770,0,12,1,0,4,1,1,697,600,553
771,0,13,0,0,4,1,1,751,577,-1
773,0,12,0,0,4,1,1,682,599,-1
775,0,7,1,0,4,1,1,539,605,549
778,0,8,1,0,4,1,1,622,594,552
779,0,12,1,2,4,1,1,675,639,553
782,0,11,1,1,4,1,1,714,626,556
783,0,8,0,0,4,1,1,543,579,-1
785,0,10,0,0,4,1,1,731,609,-1
786,0,5,0,0,4,1,1,518,578,-1
787,0,7,1,0,4,1,1,539,591,561
789,0,10,0,0,4,1,1,737,574,-1
791,0,13,0,0,4,1,1,745,603,-1
793,0,8,1,1,4,1,1,622,618,567
795,0,10,1,1,4,1,1,739,681,581
796,0,11,0,0,4,1,1,686,582,-1
797,0,5,0,0,4,1,1,681,588,-1
798,0,11,1,1,4,1,1,714,644,568
801,0,9,0,0,4,1,1,748,586,-1
803,0,9,0,0,4,1,1,761,585,-1
805,0,14,0,0,4,1,1,762,591,-1
806,0,13,0,0,4,1,1,770,589,-1
807,0,8,0,0,4,1,1,775,605,-1
809,0,13,1,0,4,1,1,710,643,580
811,0,9,0,0,4,1,1,778,594,-1
813,0,8,0,0,4,1,1,622,608,-1
815,0,13,1,0,4,1,1,779,605,581
816,0,9,1,3,4,1,1,793,747,584
818,0,14,1,1,4,1,1,767,677,615
819,0,12,1,1,4,1,1,782,702,583
822,0,12,0,0,4,1,1,654,608,-1
823,0,12,1,2,4,1,1,697,647,586
826,0,14,0,0,4,1,1,815,605,-1
828,0,13,1,2,4,1,1,819,708,589
829,0,10,1,2,4,1,1,816,686,614
830,0,9,1,0,4,1,1,706,612,590
831,0,8,1,1,4,1,1,543,719,592
835,0,12,1,0,4,1,1,718,620,591
836,0,13,1,0,4,1,1,768,643,596
837,0,12,1,0,4,1,1,798,627,593
840,0,13,1,1,4,1,1,823,682,610
841,0,14,1,2,4,1,1,828,671,621
842,0,11,1,0,4,1,1,795,665,617
843,0,12,0,0,4,1,1,782,626,-1
845,0,9,0,0,4,1,1,793,618,-1
847,0,13,0,0,4,1,1,835,620,-1
849,0,12,1,4,4,1,1,697,792,620
851,0,13,0,0,4,1,1,837,626,-1
852,0,14,0,0,4,1,1,836,643,-1
854,0,9,0,0,4,1,1,706,618,-1
855,0,8,0,0,4,1,1,543,624,-1
857,0,9,1,2,4,1,1,831,714,616
859,0,14,0,0,4,1,1,809,643,-1
861,0,13,1,0,4,1,1,768,649,608
862,0,13,1,2,4,1,1,779,706,611
864,0,7,1,1,4,1,1,539,675,623
871,0,14,0,0,4,1,1,861,643,-1
875,0,14,1,3,4,1,1,840,757,649
876,0,14,1,1,4,1,1,862,661,630
878,0,13,0,0,4,1,1,819,702,-1
879,0,11,1,0,4,1,1,829,640,619
880,0,13,1,1,4,1,1,768,664,624
881,0,15,1,3,4,1,1,818,798,642
883,0,13,1,0,4,1,1,823,651,620
885,0,13,0,0,4,1,1,779,639,-1
887,0,12,0,0,4,1,1,879,640,-1
890,0,10,1,0,4,1,1,857,668,642
891,0,13,1,0,4,1,1,849,681,648
892,0,10,1,0,4,1,1,816,662,626
893,0,15,1,0,4,1,1,841,649,626
894,0,8,1,5,4,1,1,864,746,643
895,0,11,1,1,4,1,1,714,686,631
896,0,11,0,0,4,1,1,795,647,-1
898,0,14,1,0,4,1,1,880,658,632
900,0,12,0,0,4,1,1,697,685,-1
902,0,11,0,0,4,1,1,892,662,-1
903,0,13,0,0,4,1,1,823,647,-1
904,0,11,0,0,4,1,1,741,653,-1
905,0,7,0,0,4,1,1,539,649,-1
906,0,13,1,1,4,1,1,768,686,635
907,0,15,1,1,4,1,1,876,711,635
908,0,15,0,0,4,1,1,898,656,-1
909,0,10,1,0,4,1,1,816,714,687
910,0,15,1,6,4,1,1,841,870,637
911,0,12,1,2,4,1,1,895,726,650
912,0,10,0,0,4,1,1,589,665,-1
913,0,14,0,0,4,1,1,883,651,-1
915,0,11,1,0,4,1,1,829,701,654
917,0,14,0,0,4,1,1,880,660,-1
918,0,13,0,0,4,1,1,768,664,-1
922,0,14,1,1,4,1,1,828,674,651
923,0,15,0,0,4,1,1,876,661,-1
924,0,15,0,0,4,1,1,841,671,-1
925,0,11,0,0,4,1,1,890,668,-1
927,0,14,1,7,4,1,1,906,811,649
928,0,9,1,1,4,1,1,894,709,653
929,0,16,1,1,4,1,1,907,717,655
930,0,16,0,0,4,1,1,910,692,-1
932,0,16,1,0,4,1,1,881,700,653
933,0,15,0,0,4,1,1,818,674,-1
938,0,10,1,3,4,1,1,857,773,655
939,0,14,0,0,4,1,1,891,681,-1
941,0,14,1,0,4,1,1,862,704,690
942,0,13,1,1,4,1,1,911,732,669
943,0,15,1,2,4,1,1,875,783,669
944,0,15,1,0,4,1,1,922,680,658
945,0,15,1,0,4,1,1,927,712,659
947,0,9,0,0,4,1,1,831,697,-1
949,0,14,0,0,4,1,1,840,682,-1
950,0,14,0,0,4,1,1,828,708,-1
952,0,13,1,0,4,1,1,849,726,679
953,0,16,1,0,4,1,1,881,706,677
955,0,11,0,0,4,1,1,829,686,-1
956,0,9,1,0,4,1,1,894,729,666
958,0,12,0,0,4,1,1,895,686,-1
960,0,14,0,0,4,1,1,906,686,-1
962,0,12,0,0,4,1,1,915,701,-1
964,0,10,1,0,4,1,1,928,714,678
965,0,17,1,0,4,1,1,929,696,687
966,0,15,1,0,4,1,1,927,719,675
968,0,17,0,0,4,1,1,932,700,-1
969,0,11,1,0,4,1,1,938,741,687
970,0,10,0,0,4,1,1,857,714,-1
972,0,14,1,1,4,1,1,942,743,681
974,0,9,1,1,4,1,1,894,745,679
976,0,16,0,0,4,1,1,943,708,-1
977,0,16,0,0,4,1,1,945,698,-1
980,0,15,1,0,4,1,1,875,738,708
982,0,13,1,0,4,1,1,911,714,695
983,0,14,0,0,4,1,1,952,726,-1
986,0,15,1,1,4,1,1,927,730,689
989,0,17,0,0,4,1,1,953,706,-1
991,0,15,1,5,4,1,1,972,846,710
992,0,16,1,0,4,1,1,881,741,691
994,0,13,1,0,4,1,1,849,766,711
995,0,9,1,2,4,1,1,894,806,690
998,0,16,0,0,4,1,1,907,711,-1
999,0,10,0,0,4,1,1,928,709,-1
1000,0,10,1,0,4,1,1,974,733,711
1003,0,11,0,0,4,1,1,909,714,-1
1004,0,12,0,0,4,1,1,969,741,-1
1005,0,16,1,7,4,1,1,986,868,694
1006,0,10,1,1,4,1,1,995,780,719
1007,0,17,0,0,4,1,1,992,726,-1
1009,0,16,0,0,4,1,1,966,719,-1
1011,0,9,1,3,4,1,1,894,812,707
1012,0,15,1,1,4,1,1,927,756,702
1013,0,10,0,0,4,1,1,956,729,-1
1015,0,16,0,0,4,1,1,881,798,-1
1017,0,16,0,0,4,1,1,986,720,-1
1018,0,17,1,0,4,1,1,1005,755,729
1019,0,11,1,0,5,1,0,938,786,712
1022,0,10,1,1,4,1,1,1011,762,715
1024,0,15,1,0,4,1,1,927,756,726
1026,0,16,1,2,4,1,1,991,784,715
1027,0,10,0,0,4,1,1,589,744,-1
1028,0,14,0,0,4,1,1,994,742,-1
1030,0,16,0,0,4,1,1,980,738,-1
1031,0,12,0,0,5,1,0,1019,747,-1
1032,0,16,1,0,5,1,0,910,776,749
1035,0,16,1,2,4,1,1,943,852,742
1038,0,15,1,0,4,1,1,875,761,719
1039,0,16,1,0,4,1,1,1012,750,729
1040,0,11,0,0,4,1,1,1000,733,-1
1041,0,17,1,2,4,1,0,1026,905,740
1042,0,10,0,0,4,1,1,816,747,-1
1043,0,15,0,0,4,1,1,972,743,-1
1045,0,10,0,0,4,1,1,974,745,-1
1046,0,11,1,0,4,1,1,1022,772,746
1047,0,11,1,6,4,1,1,938,959,723
1050,0,10,1,0,4,1,1,1011,775,729
1051,0,15,0,0,3,1,0,875,757,-1
1054,0,16,0,0,4,1,1,1024,756,-1
1056,0,18,0,0,4,1,1,1018,749,-1
1057,0,11,0,0,4,1,1,938,773,-1
1058,0,17,0,0,4,1,1,1039,750,-1
1061,0,10,1,0,4,1,1,995,777,751
1063,0,15,1,0,4,1,1,927,809,756
1064,0,16,1,0,4,1,1,991,764,741
1066,0,11,0,0,4,1,1,1050,775,-1
1067,0,12,1,2,4,1,1,1047,882,738
1068,0,16,0,0,4,1,1,1038,761,-1
1071,0,13,1,1,4,1,1,1067,845,743
1073,0,17,0,0,4,1,1,1064,764,-1
1075,0,13,1,0,4,1,1,849,785,747
1076,0,17,1,0,4,1,1,1035,815,750
1077,0,10,1,2,4,1,1,1011,886,788
1078,0,14,1,3,4,1,1,1071,872,753
1080,0,12,0,0,4,1,1,1047,772,-1
1083,0,17,1,3,4,1,1,1026,914,751
1084,0,14,0,0,4,1,1,1075,777,-1
1086,0,16,1,0,4,1,1,943,797,753
1087,0,17,0,0,5,1,0,1032,776,-1
1088,0,12,0,0,4,1,1,1046,772,-1
1091,0,17,1,0,4,1,1,1005,787,756
1092,0,11,1,2,4,1,1,1006,814,755
1093,0,18,0,0,5,1,0,1076,815,-1
1094,0,16,1,0,4,1,1,991,816,775
1095,0,13,0,0,4,1,1,849,792,-1
1096,0,11,0,0,4,1,1,1061,777,-1
1097,0,15,1,1,4,1,1,1078,838,791
1098,0,13,0,0,4,1,1,1067,775,-1
1099,0,12,0,0,5,1,0,1019,786,-1
1100,0,16,1,2,4,1,1,910,820,759
1105,0,16,0,0,4,1,1,1063,776,-1
1108,0,17,0,0,4,1,1,1026,784,-1
1109,0,10,0,0,4,1,1,995,806,-1
1112,0,17,1,2,4,1,1,1005,894,779
1113,0,15,1,4,4,1,1,927,875,767
1116,0,16,1,1,4,1,1,910,852,770
1118,0,16,1,2,4,1,1,1113,888,776
1119,0,18,0,0,4,1,1,1091,787,-1
1120,0,17,0,0,4,1,1,1086,797,-1
1121,0,17,1,0,4,1,1,1035,841,811
1122,0,12,1,1,4,1,1,1092,838,779
1123,0,17,1,0,4,1,1,1100,818,778
1124,0,18,1,0,4,1,0,1041,848,833
1126,0,17,1,1,4,1,1,1116,811,781
1128,0,15,0,0,4,1,1,927,808,-1
1132,0,17,1,0,4,1,1,1118,850,829
1133,0,16,1,0,4,1,1,910,821,808
1135,0,18,0,0,4,1,1,1123,813,-1
1137,0,18,1,0,4,1,1,1112,836,810
1138,0,18,1,2,4,1,1,1126,879,787
1139,0,16,1,0,4,1,1,991,815,786
1140,0,17,0,0,4,1,1,1094,807,-1
1141,0,16,1,0,4,1,1,1113,845,790
1144,0,17,1,5,4,1,1,1100,937,789
1146,0,12,1,0,4,1,1,1092,813,790
1147,0,17,1,0,4,1,1,1005,811,790
1148,0,17,0,0,4,1,1,1139,811,-1
1150,0,17,0,0,4,1,1,1116,815,-1
1153,0,13,1,0,4,1,1,1122,844,793
1154,0,11,1,0,4,1,1,1077,878,811
1155,0,18,0,0,4,1,1,1144,828,-1
1156,0,13,0,0,4,1,1,1146,813,-1
1157,0,17,0,0,4,1,1,1141,845,-1
1158,0,16,1,1,4,1,1,1097,867,809
1159,0,16,1,2,4,1,1,991,866,806
1161,0,14,0,0,4,1,1,1153,844,-1
1162,0,18,0,0,4,1,1,1126,811,-1
1163,0,13,1,0,4,1,1,1067,895,819
1164,0,18,1,0,4,1,1,1083,868,827
1166,0,17,1,0,4,1,1,1005,836,802
1167,0,15,1,0,4,1,1,1078,832,813
1168,0,17,0,0,4,1,1,1100,820,-1
1169,0,16,1,0,4,1,1,1113,840,813
1171,0,19,1,4,4,1,1,1138,934,813
1172,0,17,1,0,4,1,1,1159,843,811
1173,0,18,0,0,4,1,1,1166,829,-1
1175,0,17,1,0,4,1,1,1005,858,821
1177,0,19,0,0,4,1,1,1137,836,-1
1178,0,17,1,1,4,1,1,1158,845,822
1181,0,18,0,0,4,1,1,1121,841,-1
1182,0,18,0,0,4,1,1,1172,836,-1
1185,0,13,0,0,4,1,1,1122,838,-1
1187,0,20,1,1,4,1,1,1171,869,828
1189,0,16,1,0,4,1,1,910,884,821
1190,0,12,0,0,4,1,1,1154,878,-1
1193,0,16,0,0,4,1,1,1097,838,-1
1195,0,12,1,0,4,1,1,1047,875,850
1196,0,11,1,0,4,1,1,1077,850,824
1198,0,17,0,0,4,1,1,1035,852,-1
1199,0,17,1,1,4,1,1,1159,891,822
1202,0,18,1,0,4,1,1,1178,860,828
1203,0,15,1,0,4,1,1,1078,851,828
1204,0,17,0,0,4,1,1,1116,849,-1
1205,0,12,0,0,4,1,1,1196,850,-1
1206,0,17,1,4,4,1,1,1005,1018,832
1207,0,17,0,0,4,1,1,1189,884,-1
1208,0,19,0,0,4,1,1,1202,860,-1
1209,0,16,0,0,4,1,1,1203,850,-1
1210,0,21,1,0,4,1,1,1187,873,843
1211,0,18,0,0,4,1,1,1132,850,-1
1213,0,16,1,3,4,1,1,910,903,841
1215,0,15,0,0,4,1,1,1078,872,-1
1216,0,17,1,1,4,1,1,1118,916,861
1218,0,18,1,1,4,1,1,1206,885,843
1220,0,17,0,0,4,1,1,1159,866,-1
1222,0,17,0,0,4,1,1,1005,860,-1
1224,0,18,1,1,4,1,0,1041,957,848
1225,0,16,1,1,4,1,1,1113,900,854
1227,0,18,1,0,4,1,1,1083,876,849
1228,0,17,0,0,4,1,1,1158,863,-1
1230,0,20,1,2,4,1,1,1171,954,881
1231,0,19,1,0,4,1,1,1138,870,849
1233,0,18,1,0,4,1,1,1144,881,849
1234,0,17,1,0,4,1,1,1213,874,849
1237,0,16,0,0,4,1,1,910,870,-1
1238,0,19,1,0,4,1,0,1224,930,913
1239,0,19,1,3,4,1,1,1218,953,853
1242,0,20,0,0,4,1,1,1231,870,-1
1244,0,18,0,0,4,1,1,1234,874,-1
1246,0,13,0,0,4,1,1,1195,875,-1
1249,0,13,0,0,4,1,1,1067,882,-1
1250,0,20,1,1,4,1,1,1239,917,864
1251,0,18,1,1,4,1,1,1112,1015,858
1252,0,14,0,0,4,1,1,1163,878,-1
1253,0,17,1,0,3,1,0,1225,884,858
1254,0,18,1,1,4,1,1,1144,955,860
1255,0,18,1,2,4,1,1,1199,918,861
1256,0,17,1,1,4,1,1,1213,909,860
1257,0,12,1,0,4,1,1,1047,940,870
1258,0,18,1,2,4,1,1,1083,952,880
1260,0,11,0,0,4,1,1,1077,886,-1
1262,0,18,0,0,3,1,0,1253,884,-1
1263,0,19,0,0,4,1,1,1218,883,-1
1264,0,19,1,0,4,1,1,1251,975,919
1265,0,18,1,3,4,1,1,1256,948,874
1267,0,18,0,0,4,1,1,1112,888,-1
1268,0,21,1,0,4,1,1,1250,937,881
1272,0,18,1,0,4,1,1,1144,889,873
1274,0,18,0,0,4,1,1,1199,891,-1
1276,0,17,1,0,4,1,1,1213,898,874
1279,0,13,0,0,4,1,1,1257,920,-1
1283,0,19,1,2,4,1,1,1255,955,877
1284,0,19,0,0,4,1,1,1272,889,-1
1285,0,19,1,5,4,1,1,1265,1111,898
1287,0,18,0,0,4,1,1,1276,898,-1
1291,0,18,0,0,4,1,1,1206,898,-1
1292,0,12,1,5,4,1,1,1047,1071,911
1293,0,20,1,0,4,1,1,1283,956,909
1295,0,18,1,2,4,1,1,1144,987,884
1298,0,18,0,0,4,1,1,1256,909,-1
1299,0,17,0,0,4,1,1,1225,900,-1
1302,0,19,1,0,4,1,1,1255,906,888
1304,0,19,0,0,4,1,1,1295,905,-1
1306,0,19,1,0,4,1,1,1258,942,900
1309,0,18,1,2,4,1,1,1216,993,891
1310,0,18,0,0,4,1,1,1083,914,-1
1311,0,21,0,0,4,1,1,1250,907,-1
1312,0,20,1,1,4,1,1,1171,944,892
1315,0,18,1,1,4,1,1,1144,941,908
1316,0,22,0,0,4,1,1,1268,933,-1
1317,0,19,0,0,4,1,1,1309,919,-1
1319,0,21,1,2,4,1,1,1230,1006,906
1320,0,21,1,0,4,1,1,1312,945,910
1323,0,19,0,0,4,1,1,1255,918,-1
1324,0,18,0,0,4,1,1,1216,916,-1
1326,0,20,1,0,4,1,1,1171,923,903
1328,0,20,1,0,4,1,1,1285,941,908
1329,0,19,1,1,4,1,1,1254,1024,909
1330,0,21,0,0,4,1,1,1326,923,-1
1332,0,19,1,1,4,1,1,1265,1004,909
1335,0,19,1,0,4,1,1,1258,938,914
1336,0,18,1,1,4,1,1,1206,981,915
1337,0,19,1,0,4,1,1,1315,935,913
1339,0,21,0,0,4,1,1,1328,939,-1
1340,0,20,0,0,4,1,1,1171,934,-1
1341,0,22,1,1,4,1,1,1319,984,947
1342,0,20,0,0,4,1,1,1306,938,-1
1343,0,13,1,2,4,1,1,1292,984,919
1344,0,21,0,0,4,1,1,1293,956,-1
1345,0,21,1,0,4,1,1,1230,1000,920
1346,0,20,0,0,4,1,1,1337,935,-1
1347,0,20,0,0,4,1,0,1238,930,-1
1348,0,20,0,0,4,1,1,1335,938,-1
1350,0,20,1,0,4,1,1,1285,969,947
1351,0,18,0,0,4,1,1,1144,937,-1
1352,0,19,1,4,4,1,1,1295,1028,950
1353,0,20,1,0,4,1,1,1283,955,920
1354,0,19,1,0,4,1,1,1265,993,920
1355,0,19,0,0,4,1,1,1254,955,-1
1356,0,21,0,0,4,1,1,1312,944,-1
1358,0,20,1,0,4,1,1,1329,984,943
1359,0,19,1,1,4,1,1,1336,1023,947
1362,0,12,1,0,4,1,0,1047,960,922
1363,0,20,1,0,4,1,1,1239,962,923
1364,0,19,0,0,4,1,1,1315,941,-1
1366,0,20,0,0,4,1,1,1354,962,-1
1367,0,18,1,0,4,1,1,1206,969,926
1369,0,21,0,0,4,1,1,1363,962,-1
1370,0,20,0,0,4,1,1,1264,975,-1
1371,0,14,1,1,4,1,1,1343,987,944
1373,0,12,1,0,4,1,1,1047,957,935
1374,0,20,1,1,4,1,1,1239,1004,935
1375,0,19,0,0,4,1,0,1224,957,-1
1377,0,19,0,0,4,1,1,1251,954,-1
1380,0,13,1,0,4,1,1,1292,959,941
1382,0,20,1,0,4,1,1,1332,964,942
1390,0,21,0,0,4,1,1,1382,963,-1
1391,0,19,0,0,4,1,1,1367,969,-1
1394,0,21,0,0,4,1,1,1358,984,-1
1395,0,15,1,1,4,1,1,1371,1038,957
1396,0,23,1,4,4,1,1,1341,1030,951
1397,0,21,0,0,4,1,1,1350,969,-1
1398,0,20,0,0,4,1,1,1332,1004,-1
1400,0,20,0,0,4,1,1,1329,1024,-1
1401,0,20,1,0,4,1,1,1352,984,955
1402,0,14,1,0,4,1,1,1343,994,955
1405,0,20,1,2,4,1,1,1285,1050,973
1406,0,20,1,0,4,1,1,1359,1041,975
1407,0,19,0,0,4,1,1,1336,977,-1
1409,0,19,1,0,4,1,1,1309,983,958
1412,0,21,1,9,4,1,1,1374,1175,966
1414,0,24,1,2,4,1,1,1396,1013,966
1415,0,22,1,0,4,1,1,1319,1008,981
1416,0,22,0,0,4,1,1,1345,1000,-1
1417,0,19,1,0,4,1,1,1295,983,966
1419,0,15,0,0,4,1,1,1402,994,-1
1421,0,23,0,0,4,1,1,1341,984,-1
1422,0,16,1,0,4,1,1,1395,1030,962
1423,0,13,1,1,4,1,1,1292,1027,974
1425,0,21,0,0,4,1,1,1401,984,-1
1429,0,14,0,0,4,1,1,1343,981,-1
1431,0,17,0,0,4,1,1,1422,1030,-1
1433,0,19,1,0,4,1,1,1309,990,972
1434,0,22,1,0,4,1,1,1412,1020,987
1435,0,20,0,0,4,1,1,1417,983,-1
1436,0,25,1,4,4,1,1,1414,1147,975
1438,0,18,1,0,4,1,1,1206,1076,994
1439,0,20,1,0,4,1,1,1352,1051,977
1440,0,20,0,0,4,1,1,1433,990,-1
1441,0,21,0,0,5,1,0,1374,1004,-1
1442,0,24,1,0,4,1,1,1396,1004,977
1443,0,20,0,0,4,1,1,1354,993,-1
1444,0,21,1,0,4,1,1,1405,1069,979
1445,0,16,0,0,4,1,1,1395,1038,-1
1447,0,26,0,0,4,1,1,1436,1000,-1
1449,0,22,0,0,4,1,1,1444,1042,-1
1450,0,20,1,4,4,1,1,1285,1165,985
1451,0,13,1,2,4,1,1,1292,1137,984
1452,0,20,0,0,4,1,1,1359,1023,-1
1455,0,25,1,1,4,1,1,1414,1093,986
1456,0,21,0,0,4,1,1,1406,1041,-1
1459,0,24,1,0,4,1,1,1396,1061,988
1460,0,20,1,3,4,1,1,1352,1082,988
1464,0,19,0,0,4,1,1,1251,1015,-1
1468,0,21,1,4,4,1,1,1405,1113,1009
1469,0,14,1,2,4,1,1,1423,1088,990
1470,0,21,1,0,4,1,1,1450,1047,1020
1474,0,23,0,0,4,1,1,1415,1008,-1
1475,0,23,0,0,4,1,1,1434,1016,-1
1476,0,22,0,0,4,1,1,1319,1006,-1
1477,0,25,0,0,4,1,1,1459,1061,-1
1478,0,15,1,0,4,1,1,1469,1027,1006
1480,0,13,1,1,4,1,1,1292,1096,1007
1483,0,22,1,0,4,1,1,1412,1021,998
1485,0,24,1,1,4,1,1,1396,1066,1005
1486,0,20,1,0,4,1,1,1352,1029,998
1487,0,19,0,0,4,1,1,1438,1039,-1
1488,0,14,0,0,4,1,1,1423,1027,-1
1489,0,14,0,0,4,1,1,1451,1044,-1
1490,0,23,0,0,4,1,1,1483,1021,-1
1491,0,21,0,0,4,1,1,1486,1029,-1
1493,0,18,0,0,4,1,1,1206,1018,-1
1494,0,26,1,2,4,1,0,1436,1151,1007
1498,0,22,1,3,4,1,1,1412,1149,1011
1499,0,20,0,0,4,1,1,1352,1024,-1
1500,0,25,1,1,4,1,1,1485,1100,1012
1503,0,26,1,0,4,1,1,1455,1086,1055
1504,0,22,0,0,4,1,1,1468,1033,-1
1506,0,26,1,0,4,1,1,1500,1081,1048
1507,0,26,1,5,4,1,1,1436,1205,1070
1508,0,13,0,0,4,1,1,1292,1071,-1
1510,0,21,1,0,4,1,1,1460,1057,1036
1511,0,22,1,0,4,1,1,1412,1053,1022
1513,0,21,0,0,4,1,1,1405,1050,-1
1514,0,21,0,0,4,1,1,1439,1051,-1
1515,0,22,0,0,4,1,1,1470,1047,-1
1517,0,23,1,1,4,1,1,1498,1062,1026
1519,0,23,0,0,4,1,1,1511,1053,-1
1521,0,25,0,0,4,1,1,1485,1066,-1
1523,0,24,1,3,4,1,1,1517,1167,1031
1525,0,21,1,1,4,1,1,1450,1109,1043
1528,0,22,1,0,4,1,1,1412,1111,1033
1532,0,25,1,0,4,1,1,1523,1090,1050
1533,0,23,1,0,4,1,1,1498,1073,1042
1535,0,15,1,0,4,1,1,1469,1079,1050
1536,0,23,0,0,4,1,1,1528,1111,-1
1537,0,22,0,0,4,1,1,1510,1057,-1
1538,0,24,0,0,4,1,1,1517,1062,-1
1540,0,22,1,2,4,1,1,1412,1209,1044
1542,0,21,1,5,4,1,1,1460,1188,1046
1543,0,22,1,0,4,1,1,1468,1075,1047
1544,0,22,1,0,4,1,1,1525,1072,1048
1546,0,24,0,0,4,1,1,1533,1071,-1
1547,0,14,1,0,4,1,1,1480,1143,1069
1548,0,19,0,0,4,1,1,1438,1076,-1
1550,0,23,0,0,4,1,1,1543,1075,-1
1551,0,22,0,0,4,1,1,1444,1069,-1
1552,0,23,1,1,4,1,1,1498,1164,1117
1553,0,23,0,0,4,1,1,1544,1072,-1
1554,0,22,1,2,4,1,1,1542,1124,1070
1555,0,27,0,0,4,1,1,1506,1081,-1
1556,0,22,1,1,4,1,1,1412,1138,1055
1559,0,16,0,0,4,1,1,1535,1076,-1
1562,0,21,1,0,4,1,1,1460,1081,1057
1564,0,23,1,1,4,1,1,1540,1180,1081
1565,0,22,1,1,4,1,1,1468,1150,1058
1566,0,22,0,0,4,1,1,1525,1109,-1
1567,0,25,1,0,4,1,1,1523,1101,1066
1569,0,15,0,0,4,1,1,1469,1086,-1
1570,0,26,0,0,4,1,1,1532,1090,-1
1571,0,22,0,0,4,1,1,1562,1080,-1
1572,0,23,1,1,4,1,1,1565,1156,1068
1573,0,26,0,0,4,1,1,1455,1093,-1
1574,0,22,1,1,4,1,1,1412,1121,1074
1576,0,23,1,0,4,1,1,1556,1116,1086
1577,0,22,1,0,4,1,1,1468,1123,1069
1579,0,14,1,0,4,1,1,1451,1098,1075
1581,0,26,0,0,4,1,1,1500,1100,-1
1582,0,27,1,1,4,1,1,1507,1104,1078
1584,0,21,0,0,4,1,1,1450,1105,-1
1585,0,23,0,0,4,1,1,1577,1123,-1
1586,0,25,1,0,4,1,1,1523,1115,1086
1589,0,20,1,1,4,1,1,1285,1127,1079
1590,0,23,1,0,4,1,1,1574,1134,1086
1591,0,23,1,1,4,1,1,1554,1105,1079
1593,0,14,0,0,4,1,1,1480,1096,-1
1594,0,15,0,0,4,1,1,1579,1098,-1
1595,0,22,1,0,4,1,1,1468,1125,1080
1596,0,26,1,1,4,1,1,1436,1143,1099
1598,0,22,1,1,4,1,1,1542,1107,1081
1599,0,28,1,0,4,1,1,1582,1104,1083
1601,0,24,1,0,4,1,1,1591,1111,1088
1602,0,21,1,2,4,1,1,1589,1150,1084
1603,0,23,0,0,4,1,1,1595,1125,-1
1607,0,23,1,0,4,1,1,1598,1110,1086
1609,0,24,1,0,4,1,1,1564,1140,1108
1610,0,27,1,0,4,1,0,1494,1155,1114
1611,0,14,1,4,4,1,1,1451,1238,1107
1612,0,23,1,1,4,1,1,1554,1150,1090
1613,0,20,0,0,4,1,1,1285,1111,-1
1616,0,24,0,0,4,1,1,1590,1134,-1
1618,0,23,1,1,4,1,1,1540,1197,1124
1620,0,22,1,0,4,1,1,1542,1138,1113
1621,0,25,0,0,4,1,1,1601,1111,-1
1623,0,25,0,0,4,1,1,1523,1167,-1
1624,0,22,1,0,4,1,1,1602,1129,1106
1625,0,23,0,0,4,1,1,1554,1117,-1
1626,0,26,0,0,4,1,1,1586,1115,-1
1630,0,27,1,0,4,1,1,1507,1142,1105
1631,0,27,1,0,4,1,1,1596,1135,1106
1638,0,26,1,3,4,1,1,1436,1174,1113
1639,0,23,0,0,4,1,1,1624,1129,-1
1640,0,23,0,0,4,1,1,1556,1138,-1
1642,0,15,1,1,4,1,1,1611,1143,1113
1647,0,28,0,0,4,1,1,1631,1135,-1
1648,0,24,1,0,4,1,1,1612,1143,1114
1653,0,21,1,5,4,1,1,1450,1301,1118
1654,0,28,0,0,4,1,1,1630,1142,-1
1655,0,22,1,0,4,1,1,1602,1164,1122
1656,0,27,1,0,4,1,1,1507,1182,1145
1657,0,25,0,0,4,1,1,1609,1140,-1
1659,0,27,0,0,4,1,1,1596,1143,-1
1660,0,16,1,0,4,1,1,1642,1140,1119
1661,0,27,1,0,4,1,1,1638,1166,1134
1662,0,23,0,0,4,1,1,1565,1145,-1
1663,0,14,0,0,4,1,1,1451,1137,-1
1664,0,23,0,0,4,1,1,1620,1138,-1
1665,0,22,1,6,4,1,1,1412,1323,1145
1668,0,25,0,0,4,1,1,1648,1143,-1
1670,0,24,1,1,4,1,1,1552,1164,1123
1671,0,24,1,0,4,1,1,1572,1184,1123
1672,0,22,1,2,4,1,1,1542,1203,1147
1673,0,26,0,0,4,1,1,1436,1147,-1
1675,0,27,1,0,4,1,0,1494,1159,1126
1676,0,15,1,2,4,1,1,1611,1180,1128
1678,0,24,0,0,4,1,1,1612,1150,-1
1680,0,21,1,1,4,1,1,1450,1166,1132
1682,0,24,1,0,4,1,1,1618,1215,1154
1683,0,22,0,0,4,1,1,1602,1150,-1
1685,0,22,1,0,4,1,1,1653,1180,1134
1686,0,25,1,1,4,1,1,1670,1223,1148
1687,0,24,0,0,4,1,1,1572,1156,-1
1690,0,24,0,0,4,1,1,1552,1164,-1
1692,0,15,1,1,4,1,1,1611,1182,1151
1694,0,28,0,0,4,1,1,1661,1166,-1
1695,0,25,0,0,4,1,1,1671,1184,-1
1697,0,23,0,0,4,1,1,1655,1164,-1
1699,0,16,1,0,4,1,1,1676,1186,1143
1700,0,22,1,1,4,1,1,1680,1221,1149
1701,0,21,0,0,4,1,1,1450,1164,-1
1705,0,27,1,0,4,1,1,1638,1172,1145
1706,0,22,1,0,4,1,1,1653,1180,1151
1712,0,23,0,0,4,1,1,1685,1180,-1
1715,0,23,1,3,4,1,1,1672,1276,1157
1717,0,26,1,5,4,1,1,1686,1398,1155
1718,0,28,0,0,4,1,1,1705,1172,-1
1719,0,16,1,1,4,1,1,1676,1210,1154
1720,0,23,0,0,4,1,1,1700,1169,-1
1724,0,27,1,3,4,1,1,1507,1243,1156
1725,0,16,1,0,4,1,1,1692,1177,1156
1726,0,22,0,0,4,1,1,1412,1175,-1
1727,0,27,1,0,4,1,1,1638,1176,1156
1728,0,17,0,0,4,1,1,1699,1186,-1
1729,0,22,1,1,4,1,1,1542,1215,1157
1730,0,17,1,1,4,1,1,1719,1255,1177
1731,0,27,1,1,4,1,1,1717,1256,1187
1734,0,22,1,2,4,1,1,1653,1218,1168
1735,0,24,1,1,4,1,1,1715,1249,1163
1736,0,25,0,0,4,1,1,1682,1215,-1
1737,0,16,0,0,4,1,1,1676,1180,-1
1738,0,24,0,0,4,1,1,1618,1186,-1
1739,0,15,0,0,4,1,1,1611,1189,-1
1740,0,23,1,0,4,1,1,1729,1206,1181
1741,0,16,0,0,4,1,1,1692,1182,-1
1742,0,28,1,1,4,1,1,1724,1250,1167
1743,0,27,1,0,4,1,1,1507,1195,1175
1744,0,22,0,0,4,1,1,1542,1183,-1
1750,0,23,1,1,4,1,1,1672,1207,1174
1751,0,29,1,1,4,1,1,1742,1222,1183
1752,0,23,1,0,4,1,1,1734,1202,1173
1753,0,24,1,0,4,1,1,1715,1202,1183
1755,0,23,1,3,4,1,1,1665,1344,1178
1756,0,28,1,0,4,1,1,1724,1217,1177
1757,0,24,0,0,4,1,1,1752,1202,-1
1759,0,25,1,1,4,1,1,1735,1270,1215
1761,0,22,1,3,4,1,1,1653,1271,1182
1763,0,24,1,0,4,1,1,1750,1212,1180
1768,0,24,1,1,4,1,1,1755,1237,1184
1769,0,23,1,0,4,1,1,1734,1204,1183
1773,0,23,0,0,4,1,1,1672,1203,-1
1775,0,23,0,0,4,1,1,1540,1209,-1
1776,0,25,0,0,4,1,1,1763,1212,-1
1777,0,23,1,0,4,1,1,1700,1212,1185
1778,0,26,0,0,4,1,1,1686,1212,-1
1779,0,27,0,0,4,1,1,1507,1205,-1
1780,0,18,1,1,4,1,1,1730,1260,1220
1782,0,30,1,3,4,1,1,1751,1285,1188
1783,0,17,0,0,4,1,1,1719,1210,-1
1784,0,28,1,0,4,1,1,1724,1214,1192
1785,0,24,0,0,4,1,1,1769,1204,-1
1787,0,23,1,0,4,1,1,1665,1210,1193
1788,0,25,1,1,4,1,1,1768,1245,1213
1790,0,29,0,0,4,1,1,1756,1217,-1
1791,0,24,0,0,4,1,1,1750,1207,-1
1792,0,24,0,0,4,1,1,1777,1212,-1
1793,0,28,1,1,4,1,1,1731,1288,1193
1794,0,23,0,0,4,1,1,1729,1207,-1
1796,0,23,0,0,4,1,1,1734,1218,-1
1797,0,23,1,0,4,1,1,1761,1249,1209
1798,0,24,1,0,4,1,1,1755,1276,1241
1799,0,31,1,0,4,1,1,1782,1242,1204
1800,0,15,1,3,4,1,1,1611,1262,1197
1801,0,29,0,0,4,1,1,1784,1214,-1
1802,0,27,1,5,4,1,1,1717,1393,1218
1804,0,29,1,0,4,1,1,1793,1257,1227
1805,0,22,1,0,4,1,1,1653,1255,1214
1810,0,24,1,6,4,1,1,1715,1400,1213
1812,0,15,0,0,4,1,1,1611,1238,-1
1815,0,28,0,0,4,1,1,1731,1256,-1
1816,0,32,0,0,4,1,1,1799,1242,-1
1818,0,16,1,0,4,1,1,1800,1242,1210
1822,0,29,0,0,4,1,1,1742,1249,-1
1823,0,24,0,0,4,1,1,1797,1249,-1
1825,0,31,1,2,4,1,1,1782,1284,1237
1831,0,28,0,0,4,1,1,1724,1243,-1
1832,0,25,1,0,4,1,1,1810,1284,1248
1833,0,26,1,0,4,1,0,1788,1252,1218
1836,0,23,0,0,4,1,1,1805,1255,-1
1837,0,23,1,0,4,1,1,1761,1270,1219
1840,0,26,1,0,4,1,1,1759,1245,1220
1841,0,16,1,0,4,1,1,1800,1254,1221
1844,0,27,0,0,4,1,0,1833,1240,-1
1845,0,28,1,0,4,1,1,1802,1248,1223
1846,0,24,0,0,4,1,1,1715,1276,-1
1847,0,25,0,0,4,1,1,1768,1237,-1
1848,0,19,1,0,4,1,1,1780,1280,1224
1850,0,22,0,0,4,1,1,1653,1249,-1
1851,0,17,0,0,4,1,1,1841,1241,-1
1853,0,24,0,0,4,1,1,1837,1247,-1
1854,0,29,0,0,4,1,1,1845,1248,-1
1855,0,26,0,0,4,1,1,1788,1245,-1
1856,0,23,1,3,4,1,1,1665,1330,1246
1857,0,23,1,2,4,1,1,1761,1288,1234
1858,0,18,0,0,4,1,1,1730,1253,-1
1859,0,26,0,0,4,1,1,1759,1261,-1
1860,0,27,1,0,4,1,1,1717,1299,1249
1861,0,30,0,0,4,1,1,1804,1257,-1
1862,0,25,0,0,5,1,0,1735,1249,-1
1863,0,16,1,2,4,1,1,1800,1349,1234
1864,0,28,1,0,4,1,1,1802,1274,1250
1865,0,19,0,0,4,1,1,1780,1260,-1
1867,0,24,1,1,4,1,1,1857,1313,1244
1869,0,20,0,0,4,1,1,1848,1280,-1
1870,0,17,1,1,4,1,1,1863,1365,1244
1871,0,16,0,0,4,1,1,1800,1262,-1
1874,0,32,1,0,3,1,0,1825,1274,1251
1877,0,31,1,4,4,1,1,1782,1327,1248
1878,0,25,1,0,4,1,1,1867,1311,1283
1879,0,18,1,7,4,1,1,1870,1520,1285
1883,0,24,1,0,4,1,1,1856,1279,1255
1886,0,28,0,0,4,1,1,1860,1299,-1
1889,0,24,1,4,4,1,1,1857,1359,1254
1890,0,17,1,3,4,1,1,1863,1377,1277
1891,0,29,0,0,4,1,1,1864,1274,-1
1893,0,26,0,0,4,1,1,1832,1284,-1
1894,0,33,0,0,3,1,0,1874,1274,-1
1896,0,32,1,6,4,1,1,1877,1494,1268
1897,0,23,1,0,4,1,1,1665,1285,1257
1900,0,31,0,0,4,1,1,1782,1276,-1
1901,0,25,1,1,4,1,1,1810,1313,1276
1904,0,27,1,2,4,1,1,1717,1366,1260
1905,0,25,0,0,4,1,1,1798,1276,-1
1906,0,25,0,0,4,1,1,1883,1279,-1
1909,0,28,1,0,4,1,1,1802,1299,1261
1911,0,28,1,1,4,1,1,1904,1358,1293
1912,0,22,0,0,4,1,1,1653,1297,-1
1914,0,24,0,0,4,1,1,1857,1284,-1
1915,0,32,1,0,4,1,1,1825,1295,1266
1916,0,29,0,0,4,1,1,1909,1296,-1
1917,0,24,1,0,4,1,1,1755,1382,1310
1920,0,23,1,1,4,1,1,1665,1306,1268
1921,0,27,1,1,4,1,1,1717,1412,1354
1922,0,29,0,0,4,1,1,1793,1288,-1
1923,0,28,1,2,4,1,1,1802,1365,1297
1924,0,24,1,3,4,1,1,1920,1398,1279
1928,0,33,1,0,4,1,1,1896,1334,1304
1930,0,23,1,0,4,1,1,1665,1310,1279
1931,0,32,1,0,4,1,1,1877,1310,1279
1932,0,24,1,1,4,1,1,1856,1373,1279
1934,0,26,1,1,4,1,1,1901,1376,1285
1935,0,25,1,0,4,1,1,1889,1310,1282
1936,0,18,1,0,4,1,1,1890,1357,1313
1937,0,33,0,0,4,1,1,1931,1304,-1
1940,0,25,1,2,4,1,1,1932,1411,1312
1941,0,25,1,1,4,1,1,1924,1409,1285
1944,0,25,1,0,4,1,1,1810,1324,1287
1945,0,26,0,0,4,1,1,1878,1311,-1
1946,0,26,0,0,4,1,1,1935,1310,-1
1950,0,24,0,0,4,1,1,1930,1309,-1
1951,0,32,1,2,4,1,1,1877,1367,1289
1952,0,19,1,2,4,1,1,1879,1392,1289
1953,0,23,0,0,4,1,1,1665,1323,-1
1956,0,24,1,0,4,1,1,1856,1381,1292
1957,0,27,1,0,4,1,1,1934,1325,1308
1958,0,26,0,0,4,1,1,1944,1317,-1
1961,0,24,0,0,4,1,1,1920,1306,-1
1962,0,25,1,0,4,1,1,1889,1319,1293
1963,0,25,0,0,4,1,1,1867,1309,-1
1964,0,33,1,0,4,1,1,1951,1336,1309
1965,0,26,0,0,4,1,1,1901,1313,-1
1966,0,25,1,1,4,1,1,1810,1347,1301
1967,0,25,0,0,4,1,1,1924,1338,-1
1970,0,32,1,1,4,1,1,1877,1340,1301
1971,0,19,1,0,4,1,1,1879,1349,1300
1973,0,25,1,0,4,1,1,1889,1346,1314
1975,0,18,0,0,4,1,1,1870,1365,-1
1976,0,20,0,0,4,1,1,1971,1338,-1
1978,0,29,1,0,4,1,1,1911,1364,1320
1979,0,33,1,0,4,1,1,1970,1349,1309
1980,0,24,0,0,4,1,1,1856,1330,-1
1981,0,20,1,0,4,1,1,1952,1350,1321
1982,0,26,1,4,4,1,1,1966,1438,1308
1984,0,34,0,0,4,1,1,1928,1330,-1
1986,0,26,1,0,4,1,1,1941,1412,1389
1987,0,28,0,0,4,1,1,1802,1330,-1
1989,0,29,1,0,4,1,1,1923,1369,1317
1990,0,27,1,0,4,1,1,1982,1374,1321
1994,0,33,1,1,4,1,1,1896,1349,1316
1995,0,17,0,0,4,1,1,1863,1349,-1
1998,0,25,0,0,4,1,1,1956,1381,-1
2000,0,19,0,0,4,1,1,1936,1348,-1
2001,0,26,0,0,4,1,1,1973,1346,-1
2002,0,34,0,0,4,1,1,1979,1349,-1
2003,0,33,1,0,4,1,1,1951,1368,1338
2004,0,26,1,0,4,1,1,1940,1415,1368
2005,0,33,0,0,4,1,1,1970,1337,-1
2006,0,30,0,0,4,1,1,1989,1369,-1
2008,0,34,1,0,4,1,1,1994,1344,1325
2010,0,25,1,0,4,1,1,1889,1380,1328
2012,0,18,1,0,4,1,1,1890,1358,1328
2015,0,33,1,4,4,1,1,1896,1501,1339
2016,0,28,1,0,4,1,1,1904,1367,1332
2017,0,25,1,2,4,1,1,1810,1435,1337
2020,0,29,0,0,4,1,1,1911,1358,-1
2021,0,29,1,0,4,1,1,1923,1380,1338
2022,0,20,1,0,4,1,1,1952,1371,1335
2023,0,30,0,0,4,1,1,1978,1359,-1
2025,0,26,0,0,4,1,1,2010,1380,-1
2027,0,19,1,4,4,1,1,1879,1426,1346
2028,0,18,1,0,4,1,1,1890,1370,1341
2029,0,28,0,0,4,1,1,1990,1374,-1
2030,0,19,0,0,4,1,1,2012,1358,-1
2033,0,28,1,0,4,1,1,1802,1383,1348
2036,0,25,1,0,4,1,1,1924,1399,1350
2037,0,25,0,0,4,1,1,1932,1373,-1
2039,0,33,1,0,4,1,1,1896,1423,1382
2041,0,33,0,0,4,1,1,1951,1367,-1
2042,0,18,0,0,4,1,1,1890,1377,-1
2043,0,29,0,0,4,1,1,1923,1365,-1
2048,0,34,0,0,4,1,1,2003,1368,-1
2049,0,26,1,2,4,1,1,2017,1437,1354
2053,0,21,0,0,4,1,1,2022,1371,-1
2054,0,20,1,0,4,1,1,2027,1382,1362
2055,0,25,1,1,4,1,1,1810,1401,1357
2056,0,19,1,0,4,1,1,1879,1386,1358
2057,0,26,0,0,4,1,1,2036,1394,-1
2059,0,28,0,0,4,1,1,1802,1392,-1
2061,0,28,1,0,4,1,1,1921,1389,1363
2063,0,25,1,3,4,1,1,1924,1450,1367
2065,0,20,0,0,4,1,1,1952,1392,-1
2067,0,27,1,0,4,1,1,1982,1438,1373
2068,0,34,1,1,4,1,1,2015,1408,1377
2069,0,26,1,1,4,1,1,2017,1418,1368
2071,0,25,0,0,4,1,1,1810,1400,-1
2073,0,29,0,0,4,1,1,2061,1389,-1
2075,0,27,0,0,4,1,1,1717,1398,-1
2078,0,27,1,1,4,1,1,2049,1466,1373
2080,0,26,1,2,4,1,1,2063,1443,1376
2084,0,28,0,0,4,1,1,1921,1412,-1
2085,0,27,1,0,4,1,1,2069,1423,1384
2088,0,26,1,0,4,1,1,2055,1449,1381
2090,0,28,1,7,4,1,1,2078,1613,1389
2091,0,25,0,0,4,1,1,1924,1398,-1
2092,0,20,1,1,4,1,1,2027,1465,1378
2093,0,28,0,0,4,1,1,2067,1438,-1
2094,0,26,0,0,4,1,1,2017,1435,-1
2098,0,27,1,1,4,1,1,2080,1436,1403
2099,0,35,1,0,4,1,1,2068,1420,1381
2100,0,26,1,0,4,1,1,1940,1405,1381
2101,0,19,1,0,4,1,1,1879,1474,1426
2102,0,21,1,0,4,1,1,2092,1465,1413
2103,0,27,1,0,4,1,1,2049,1423,1384
2105,0,27,1,0,4,1,1,1982,1447,1384
2108,0,27,0,0,4,1,1,2088,1412,-1
2109,0,27,0,0,4,1,1,2100,1405,-1
2112,0,20,1,1,4,1,1,2027,1435,1389
2113,0,28,0,0,4,1,1,2105,1412,-1
2114,0,28,0,0,4,1,1,2103,1415,-1
2115,0,34,1,2,4,1,1,2015,1485,1417
2118,0,26,0,0,4,1,1,1940,1411,-1
2120,0,27,0,0,4,1,1,2004,1415,-1
2121,0,27,0,0,4,1,1,1986,1412,-1
2122,0,27,0,0,4,1,1,2069,1418,-1
2123,0,27,1,0,4,1,1,1982,1453,1395
2124,0,34,0,0,4,1,1,2039,1413,-1
2126,0,26,1,0,4,1,1,2063,1432,1406
2129,0,20,1,0,4,1,1,2027,1428,1407
2130,0,28,0,0,4,1,1,2123,1453,-1
2131,0,33,1,1,4,1,1,1896,1481,1402
2132,0,29,1,0,4,1,1,2090,1424,1403
2136,0,21,1,4,4,1,1,2112,1550,1418
2139,0,28,1,5,4,1,1,2098,1636,1418
2140,0,30,0,0,4,1,1,2132,1424,-1
2141,0,34,1,1,4,1,1,2131,1465,1432
2142,0,27,0,0,4,1,1,1982,1438,-1
2144,0,21,0,0,4,1,1,2129,1428,-1
2146,0,33,1,3,4,1,1,1896,1538,1437
2147,0,28,0,0,4,1,1,2078,1466,-1
2149,0,27,1,3,4,1,1,2080,1527,1413
2150,0,29,1,1,4,1,1,2090,1495,1416
2151,0,27,0,0,4,1,1,2049,1437,-1
2156,0,26,1,1,4,1,1,2063,1576,1420
2161,0,30,1,1,4,1,1,2150,1513,1458
2162,0,35,1,1,4,1,1,2115,1540,1426
2164,0,22,1,2,4,1,1,2136,1544,1435
2165,0,29,1,1,4,1,1,2139,1484,1432
2166,0,27,0,0,4,1,1,2080,1443,-1
2168,0,34,1,0,4,1,1,2015,1523,1428
2171,0,36,1,1,4,1,1,2162,1581,1509
2172,0,26,0,0,4,1,1,2063,1450,-1
2174,0,35,0,0,4,1,1,2168,1469,-1
2175,0,29,1,2,4,1,1,2090,1544,1449
2177,0,30,1,1,4,1,1,2165,1510,1450
2178,0,35,1,1,4,1,1,2141,1484,1437
2179,0,19,1,0,4,1,1,1879,1487,1440
2180,0,34,1,0,4,1,1,2015,1470,1438
2184,0,20,0,0,4,1,1,2101,1474,-1
2185,0,23,1,0,4,1,1,2164,1494,1444
2187,0,34,1,0,4,1,1,2146,1490,1442
2191,0,29,1,4,4,1,1,2139,1696,1445
2192,0,35,1,1,4,1,1,2115,1492,1451
2193,0,21,0,0,4,1,1,2092,1465,-1
2194,0,22,1,0,4,1,1,2136,1491,1446
2195,0,35,0,0,4,1,1,2187,1490,-1
2197,0,33,0,0,4,1,1,1896,1494,-1
2198,0,35,0,0,4,1,1,2141,1465,-1
2199,0,36,1,1,4,1,1,2178,1526,1450
2200,0,24,0,0,4,1,1,2185,1494,-1
2201,0,34,0,0,4,1,0,2131,1481,-1
2202,0,19,1,3,4,1,1,1879,1607,1450
2203,0,23,0,0,4,1,1,2194,1491,-1
2204,0,30,1,1,4,1,1,2191,1544,1493
2206,0,34,1,0,4,1,1,2146,1491,1454
2207,0,28,1,1,4,1,1,2149,1493,1453
2209,0,31,1,0,4,1,1,2177,1529,1475
2212,0,20,0,0,4,1,1,2202,1478,-1
2213,0,36,1,0,4,1,1,2192,1576,1460
2214,0,29,1,0,4,1,1,2139,1498,1456
2215,0,30,1,1,4,1,1,2175,1505,1472
2216,0,22,1,0,4,1,1,2136,1526,1477
2217,0,37,1,5,4,1,1,2199,1654,1499
2218,0,29,1,0,4,1,1,2207,1488,1461
2219,0,23,1,1,4,1,1,2164,1554,1473
2220,0,35,0,0,4,1,1,2206,1491,-1
2221,0,19,0,0,4,1,1,1879,1479,-1
2222,0,30,0,0,4,1,1,2165,1479,-1
2225,0,29,1,0,4,1,1,2139,1533,1509
2227,0,28,1,0,4,1,1,2149,1514,1469
2228,0,30,0,0,4,1,1,2150,1495,-1
2229,0,34,1,0,4,1,1,2146,1519,1503
2230,0,31,1,1,4,1,1,2161,1544,1473
2231,0,20,0,0,4,1,1,2179,1487,-1
2232,0,29,0,0,4,1,1,2207,1493,-1
2234,0,30,0,0,4,1,1,2214,1498,-1
2235,0,29,1,0,4,1,1,2090,1518,1476
2237,0,31,1,0,4,1,1,2215,1540,1479
2238,0,34,0,0,4,1,1,2015,1501,-1
2240,0,28,1,0,4,1,1,2149,1523,1485
2242,0,23,0,0,4,1,1,2164,1507,-1
2244,0,27,1,3,4,1,1,2156,1648,1505
2245,0,31,0,0,4,1,1,2161,1513,-1
2247,0,29,1,0,4,1,1,2090,1525,1502
2249,0,22,0,0,4,1,1,2136,1504,-1
2251,0,31,0,0,4,1,1,2177,1510,-1
2253,0,20,0,0,4,1,1,2202,1507,-1
2254,0,32,0,0,4,1,1,2209,1529,-1
2256,0,30,1,0,4,1,1,2175,1524,1499
2258,0,24,1,1,4,1,1,2219,1549,1494
2259,0,32,1,3,4,1,1,2230,1569,1495
2261,0,28,0,0,4,1,1,2149,1524,-1
2263,0,23,0,0,4,1,1,2216,1514,-1
2265,0,30,0,0,4,1,1,2235,1518,-1
2266,0,29,0,0,4,1,1,2240,1512,-1
2269,0,31,1,1,4,1,1,2204,1636,1504
2271,0,25,1,1,4,1,1,2258,1574,1510
2272,0,19,0,0,4,1,1,1879,1520,-1
2274,0,29,0,0,4,1,1,2227,1514,-1
2275,0,33,1,2,4,1,1,2259,1619,1514
2276,0,37,0,0,4,1,1,2213,1532,-1
2278,0,31,0,0,4,1,1,2256,1524,-1
2279,0,30,1,0,4,1,1,2191,1572,1534
2281,0,38,1,0,4,1,1,2217,1535,1509
2282,0,30,0,0,4,1,1,2247,1525,-1
2283,0,32,0,0,4,1,1,2230,1544,-1
2284,0,37,0,0,4,1,1,2199,1526,-1
2286,0,28,1,0,4,1,1,2244,1541,1510
2287,0,30,0,0,4,1,1,2175,1544,-1
2288,0,24,0,0,4,1,1,2219,1554,-1
2289,0,29,1,1,4,1,1,2090,1577,1546
2290,0,22,1,2,4,1,1,2136,1580,1513
2291,0,37,1,0,4,1,1,2171,1616,1549
2294,0,34,0,0,4,1,1,2146,1530,-1
2295,0,27,0,0,4,1,1,2156,1576,-1
2297,0,32,1,1,4,1,1,2269,1603,1541
2298,0,39,0,0,4,1,1,2281,1535,-1
2300,0,29,0,0,4,1,1,2286,1541,-1
2301,0,30,0,0,4,1,1,2225,1533,-1
2302,0,34,1,0,4,1,1,2275,1600,1556
2303,0,29,1,0,4,1,1,2139,1578,1567
2305,0,23,0,0,4,1,1,2164,1544,-1
2307,0,38,1,1,4,1,1,2217,1560,1523
2309,0,22,0,0,4,1,1,2136,1550,-1
2310,0,28,1,1,4,1,1,2244,1573,1528
2311,0,20,1,0,4,1,1,2202,1551,1527
2313,0,25,0,0,4,1,1,2258,1543,-1
2314,0,33,1,0,4,1,1,2259,1553,1528
2315,0,39,1,1,4,1,1,2307,1564,1529
2323,0,21,0,0,4,1,1,2311,1551,-1
2324,0,40,1,0,4,1,1,2315,1634,1539
2326,0,38,1,0,4,1,1,2217,1599,1558
2328,0,23,1,7,4,1,1,2290,1775,1540
2331,0,20,1,2,4,1,1,2202,1615,1574
2332,0,29,1,0,4,1,1,2310,1567,1544
2334,0,33,1,1,4,1,1,2259,1611,1541
2335,0,39,0,0,4,1,1,2307,1560,-1
2336,0,37,0,0,4,1,1,2213,1576,-1
2337,0,41,0,0,4,1,1,2324,1634,-1
2339,0,24,1,5,4,1,1,2328,1631,1545
2342,0,30,1,1,4,1,1,2191,1627,1545
2343,0,26,1,0,4,1,1,2271,1582,1547
2345,0,34,1,0,4,1,1,2334,1604,1556
2346,0,28,0,0,4,1,1,2244,1567,-1
2350,0,30,0,0,4,1,1,2332,1567,-1
2351,0,25,1,1,4,1,1,2339,1604,1552
2352,0,31,1,0,4,1,1,2342,1583,1550
2353,0,40,0,0,4,1,1,2315,1564,-1
2354,0,23,1,0,4,1,1,2290,1575,1551
2355,0,30,1,2,5,1,0,2289,1678,1552
2356,0,31,0,0,4,1,1,2279,1572,-1
2357,0,32,0,0,4,1,1,2269,1595,-1
2359,0,38,0,0,4,1,1,2291,1595,-1
2361,0,29,0,0,4,1,1,2310,1573,-1
2362,0,32,0,0,4,1,1,2352,1578,-1
2363,0,24,0,0,4,1,1,2328,1576,-1
2364,0,30,0,0,4,1,1,2191,1587,-1
2366,0,29,1,0,4,1,1,2090,1580,1558
2368,0,26,0,0,4,1,1,2271,1574,-1
2369,0,26,1,0,5,1,0,2351,1601,1566
2371,0,27,0,0,4,1,1,2343,1582,-1
2372,0,37,0,0,4,1,1,2171,1581,-1
2373,0,35,0,0,4,1,1,2345,1604,-1
2374,0,23,0,0,4,1,1,2290,1580,-1
2375,0,35,0,0,4,1,1,2302,1600,-1
2377,0,25,1,1,4,1,1,2339,1620,1571
2378,0,30,0,0,4,1,1,2366,1580,-1
2381,0,29,0,0,4,1,1,2090,1604,-1
2384,0,38,1,0,4,1,1,2217,1636,1612
2385,0,34,1,6,4,1,1,2275,1740,1572
2386,0,33,1,4,4,1,1,2297,1706,1573
2388,0,26,1,1,4,1,1,2377,1662,1583
2390,0,39,0,0,4,1,1,2326,1599,-1
2391,0,26,0,0,4,1,1,2351,1596,-1
2393,0,34,1,0,4,1,1,2386,1609,1579
2394,0,21,1,3,4,1,1,2331,1729,1579
2400,0,25,1,0,4,1,1,2339,1631,1582
2401,0,28,1,0,4,1,1,2244,1634,1582
2403,0,33,0,0,4,1,1,2297,1603,-1
2404,0,22,1,0,4,1,1,2394,1630,1608
2405,0,35,0,0,4,1,1,2393,1609,-1
2406,0,35,1,2,4,1,1,2385,1695,1589
2410,0,20,1,0,4,1,1,2202,1639,1585
2413,0,31,1,0,5,1,0,2355,1634,1588
2414,0,26,0,0,4,1,1,2400,1631,-1
2415,0,29,0,0,4,1,1,2401,1634,-1
2416,0,27,1,3,4,1,1,2388,1721,1637
2419,0,21,1,1,4,1,1,2331,1660,1589
2420,0,21,0,0,4,1,1,2410,1639,-1
2421,0,34,0,0,4,1,1,2334,1611,-1
2422,0,25,1,0,4,1,1,2339,1634,1594
2423,0,36,1,1,4,1,1,2406,1710,1602
2424,0,31,0,0,4,1,1,2342,1627,-1
2425,0,31,1,0,5,1,0,2355,1634,1600
2426,0,22,1,1,4,1,1,2419,1632,1601
2428,0,21,0,0,4,1,1,2331,1615,-1
2430,0,28,0,0,4,1,1,2244,1648,-1
2431,0,30,1,0,4,1,1,2191,1706,1611
2432,0,35,1,2,4,1,1,2385,1662,1610
2434,0,32,0,0,5,1,0,2425,1634,-1
2435,0,25,1,0,4,1,1,2339,1627,1606
2436,0,23,1,0,4,1,1,2426,1638,1606
2440,0,24,1,0,4,1,1,2328,1635,1608
2444,0,24,0,0,4,1,1,2436,1638,-1
2445,0,31,0,0,5,1,0,2355,1636,-1
2446,0,29,0,0,4,1,1,2139,1636,-1
2448,0,34,1,2,4,1,1,2386,1700,1632
2449,0,23,0,0,4,1,1,2404,1629,-1
2450,0,25,0,0,4,1,1,2440,1635,-1
2451,0,26,0,0,4,1,1,2422,1634,-1
2453,0,22,0,0,4,1,1,2419,1660,-1
2454,0,36,1,2,4,1,1,2432,1730,1615
2456,0,31,0,0,4,1,1,2431,1653,-1
2457,0,39,0,0,4,1,1,2384,1636,-1
2459,0,24,1,1,4,1,1,2328,1682,1644
2460,0,22,1,0,4,1,1,2394,1718,1650
2462,0,37,0,0,4,1,1,2454,1635,-1
2463,0,35,1,1,4,1,1,2385,1681,1643
2464,0,38,1,2,4,1,1,2217,1715,1623
2465,0,37,1,2,4,1,1,2423,1752,1632
2468,0,36,1,0,4,1,1,2432,1689,1626
2469,0,39,1,1,4,1,1,2464,1684,1644
2473,0,38,0,0,4,1,1,2217,1654,-1
2478,0,36,0,0,4,1,1,2432,1662,-1
2491,0,28,1,1,4,1,1,2416,1734,1642
2492,0,34,1,1,4,1,1,2386,1702,1646
2493,0,37,0,0,4,1,1,2423,1673,-1
2494,0,36,1,0,4,1,1,2406,1678,1643
2498,0,37,1,0,4,1,1,2454,1681,1655
2499,0,35,1,1,4,1,1,2448,1690,1645
2500,0,29,1,3,4,1,1,2491,1816,1702
2501,0,37,0,0,4,1,1,2494,1678,-1
2502,0,36,1,0,4,1,0,2463,1703,1655
2503,0,40,1,4,4,1,1,2469,1750,1649
2504,0,25,1,0,4,1,1,2459,1673,1649
2505,0,38,1,4,4,1,1,2465,1815,1708
2506,0,35,1,1,4,1,1,2492,1700,1663
2507,0,36,1,2,4,1,1,2499,1768,1652
2509,0,30,0,0,4,1,1,2191,1696,-1
2510,0,28,1,0,4,1,1,2416,1688,1657
2511,0,36,0,0,4,1,1,2406,1695,-1
2512,0,26,0,0,4,1,1,2504,1673,-1
2513,0,39,1,0,4,1,1,2464,1683,1655
2514,0,23,0,0,4,1,1,2460,1677,-1
2515,0,24,1,0,4,1,1,2328,1741,1676
2516,0,35,1,1,4,1,1,2448,1725,1656
2518,0,41,1,1,4,1,1,2503,1719,1667
2519,0,40,0,0,4,1,1,2469,1684,-1
2520,0,40,0,0,4,1,1,2513,1683,-1
2521,0,25,0,0,4,1,1,2459,1682,-1
2522,0,38,0,0,4,1,1,2498,1678,-1
2523,0,37,1,2,4,1,1,2507,1774,1677
2524,0,22,1,1,4,1,1,2394,1752,1672
2525,0,29,0,0,4,1,1,2510,1688,-1
2526,0,36,0,0,4,1,1,2499,1690,-1
2527,0,36,1,0,4,1,1,2516,1707,1684
2529,0,39,0,0,4,1,1,2464,1715,-1
2530,0,37,0,0,4,1,1,2468,1689,-1
2531,0,37,1,0,4,1,1,2454,1710,1679
2532,0,35,0,0,4,1,1,2448,1700,-1
2535,0,36,1,0,4,1,1,2506,1694,1669
2536,0,31,0,0,4,1,1,2431,1706,-1
2537,0,28,1,1,4,1,1,2416,1735,1676
2538,0,34,1,0,4,1,1,2386,1703,1681
2539,0,35,0,0,4,1,1,2492,1701,-1
2541,0,35,1,0,4,1,1,2385,1715,1677
2542,0,42,1,3,4,1,1,2518,1773,1685
2543,0,23,1,0,4,1,1,2524,1735,1702
2545,0,41,1,0,4,1,1,2503,1715,1682
2547,0,36,0,0,4,1,1,2506,1700,-1
2550,0,29,1,0,4,1,1,2537,1742,1699
2551,0,22,0,0,4,1,1,2394,1729,-1
2554,0,38,1,0,4,1,1,2523,1725,1699
2556,0,38,0,0,4,1,1,2531,1704,-1
2558,0,35,0,0,4,1,1,2538,1703,-1
2559,0,36,0,0,4,1,1,2541,1715,-1
2560,0,24,1,2,4,1,1,2328,1768,1687
2564,0,35,1,2,4,1,1,2385,1787,1688
2565,0,28,0,0,4,1,1,2416,1716,-1
2566,0,37,1,1,4,1,1,2507,1784,1700
2567,0,23,0,0,4,1,1,2460,1718,-1
2569,0,37,0,0,4,1,1,2423,1710,-1
2570,0,37,0,0,4,1,1,2527,1707,-1
2572,0,41,1,5,4,1,1,2503,1860,1693
2574,0,43,1,0,4,1,1,2542,1721,1706
2575,0,36,1,0,4,1,1,2564,1760,1700
2576,0,42,0,0,4,1,1,2518,1719,-1
2577,0,24,1,0,4,1,1,2328,1835,1699
2579,0,35,1,0,4,1,1,2385,1742,1710
2581,0,42,1,1,4,1,1,2572,1738,1706
2583,0,36,0,0,4,1,1,2516,1725,-1
2584,0,30,0,0,4,1,1,2550,1742,-1
2586,0,25,1,0,4,1,1,2560,1740,1705
2589,0,30,1,1,4,1,1,2500,1782,1736
2592,0,38,1,2,4,1,1,2566,1907,1733
2596,0,26,0,0,4,1,1,2586,1740,-1
2597,0,24,0,0,4,1,1,2328,1726,-1
2598,0,29,0,0,4,1,1,2537,1735,-1
2599,0,38,1,4,4,1,1,2523,1931,1741
2600,0,41,1,0,4,1,1,2503,1769,1716
2601,0,43,1,0,4,1,1,2581,1737,1711
2603,0,37,0,0,4,1,1,2507,1768,-1
2605,0,29,0,0,4,1,1,2491,1734,-1
2606,0,39,1,0,4,1,1,2505,1807,1714
2607,0,23,0,0,4,1,1,2524,1752,-1
2608,0,25,0,0,4,1,1,2515,1741,-1
2613,0,25,1,0,4,1,1,2560,1773,1716
2614,0,43,1,0,4,1,1,2542,1758,1728
2615,0,40,0,0,4,1,1,2606,1743,-1
2616,0,36,1,1,4,1,1,2564,1812,1754
2618,0,36,0,0,4,1,1,2579,1742,-1
2620,0,38,1,1,4,1,1,2465,1775,1723
2623,0,35,0,0,4,1,1,2385,1740,-1
2624,0,42,1,2,4,1,1,2572,1831,1733
2627,0,39,1,0,4,1,1,2505,1750,1725
2629,0,25,0,0,4,1,1,2560,1768,-1
2630,0,41,0,0,4,1,1,2503,1750,-1
2631,0,39,1,2,4,1,1,2620,1827,1739
2636,0,38,0,0,4,1,1,2465,1752,-1
2637,0,44,0,0,4,1,1,2614,1758,-1
2639,0,39,1,0,4,1,1,2505,1792,1760
2642,0,43,1,1,4,1,1,2624,1828,1745
2643,0,31,1,1,4,1,1,2589,1798,1747
2646,0,39,1,0,4,1,1,2592,1811,1758
2647,0,40,1,0,4,1,1,2631,1771,1743
2648,0,42,0,0,4,1,1,2600,1769,-1
2651,0,39,1,1,4,1,1,2599,1865,1756
2652,0,43,1,0,4,1,1,2542,1789,1746
2657,0,30,1,2,4,1,1,2500,1865,1751
2658,0,26,0,0,4,1,1,2613,1773,-1
2659,0,41,0,0,4,1,1,2647,1771,-1
2660,0,39,0,0,4,1,1,2620,1775,-1
2661,0,44,1,0,4,1,1,2642,1792,1768
2662,0,38,0,0,4,1,1,2523,1773,-1
2663,0,32,1,2,4,1,1,2643,1881,1769
2664,0,44,0,0,4,1,1,2652,1781,-1
2666,0,24,1,8,4,1,1,2328,1943,1755
2667,0,38,0,0,4,1,1,2566,1775,-1
2669,0,40,1,1,4,1,1,2631,1809,1767
2671,0,31,1,1,4,1,1,2657,1813,1783
2672,0,43,0,0,4,1,1,2542,1773,-1
2674,0,37,1,3,4,1,1,2616,1861,1758
2677,0,38,1,0,4,1,1,2674,1781,1763
2678,0,36,0,0,4,1,1,2564,1787,-1
2681,0,39,1,0,4,1,1,2599,1823,1772
2682,0,37,0,0,4,1,1,2616,1785,-1
2683,0,40,0,0,4,1,1,2606,1799,-1
2684,0,25,1,1,4,1,1,2666,1806,1772
2685,0,39,1,2,4,1,1,2505,1817,1771
2686,0,25,0,0,4,1,1,2577,1835,-1
2687,0,42,1,0,4,1,1,2572,1796,1774
2688,0,45,0,0,4,1,1,2661,1792,-1
2692,0,40,0,0,4,1,1,2646,1811,-1
2693,0,40,0,0,4,1,1,2639,1792,-1
2695,0,41,1,0,4,1,1,2669,1851,1777
2696,0,40,1,2,4,1,1,2685,1921,1782
2697,0,26,1,0,4,1,1,2684,1804,1777
2699,0,39,1,0,4,1,1,2592,1841,1818
2700,0,30,1,0,4,1,1,2500,1811,1778
2703,0,40,0,0,4,1,1,2631,1827,-1
2705,0,44,0,0,4,1,1,2642,1815,-1
2706,0,43,0,0,4,1,1,2687,1796,-1
2707,0,40,0,0,4,1,1,2681,1823,-1
2709,0,32,0,0,4,1,1,2643,1798,-1
2711,0,42,0,0,4,1,1,2695,1796,-1
2712,0,39,0,0,4,1,1,2505,1810,-1
2713,0,39,1,0,4,1,1,2599,1824,1791
2714,0,25,1,2,4,1,1,2666,1852,1783
2715,0,27,0,0,4,1,1,2697,1804,-1
2718,0,31,0,0,4,1,1,2700,1811,-1
2719,0,41,1,2,4,1,1,2696,1938,1818
2720,0,26,0,0,4,1,1,2684,1806,-1
2721,0,26,1,1,4,1,1,2714,1847,1812
2722,0,43,1,4,4,1,1,2624,1954,1792
2723,0,32,1,0,4,1,1,2671,1834,1788
2724,0,30,0,0,4,1,1,2500,1805,-1
2725,0,33,1,2,4,1,1,2663,1908,1837
2726,0,38,1,0,4,1,1,2674,1849,1798
2728,0,40,1,2,4,1,1,2685,1856,1793
2729,0,25,1,4,4,1,1,2666,2072,1796
2733,0,26,1,0,4,1,1,2729,1821,1801
2734,0,44,1,1,4,1,1,2722,1834,1806
2735,0,41,1,1,4,1,1,2728,1846,1812
2736,0,43,0,0,4,1,1,2624,1823,-1
2739,0,40,1,4,4,1,1,2651,1941,1814
2740,0,33,0,0,4,1,1,2723,1834,-1
2741,0,25,1,1,4,1,1,2666,1901,1807
2743,0,38,1,2,4,1,1,2674,1906,1813
2744,0,45,1,0,4,1,1,2734,1834,1815
2746,0,26,1,0,4,1,1,2741,1878,1822
2747,0,31,1,0,4,1,1,2657,1841,1814
2748,0,39,1,0,4,1,1,2599,1839,1813
2751,0,26,0,0,4,1,1,2729,1833,-1
2756,0,42,1,0,4,1,1,2735,1845,1816
2757,0,44,1,0,4,1,1,2722,1840,1817
2758,0,25,1,0,4,1,1,2666,1867,1818
2761,0,40,0,0,4,1,1,2748,1839,-1
2762,0,32,0,0,4,1,1,2747,1836,-1
2763,0,41,1,3,4,1,1,2739,1906,1841
2767,0,39,0,0,4,1,1,2726,1849,-1
2769,0,43,0,0,4,1,1,2756,1845,-1
2770,0,42,1,0,3,1,0,2572,1860,1823
2771,0,39,1,4,4,1,1,2743,1943,1841
2772,0,41,1,0,4,1,1,2728,1882,1822
2773,0,42,1,1,4,1,1,2719,1938,1822
2774,0,40,0,0,4,1,1,2699,1841,-1
2775,0,26,1,1,4,1,1,2714,1950,1823
2776,0,39,0,0,4,1,1,2599,1931,-1
2777,0,27,1,2,4,1,1,2721,1971,1825
2778,0,40,0,0,4,1,1,2651,1865,-1
2780,0,42,0,0,4,1,1,2695,1851,-1
2781,0,27,0,0,6,1,0,2746,1878,-1
2783,0,42,0,0,4,1,1,2735,1846,-1
2784,0,42,0,0,4,1,1,2772,1844,-1
2787,0,25,0,0,4,1,1,2666,1844,-1
2789,0,44,1,0,4,1,1,2722,1896,1832
2791,0,43,0,0,4,1,1,2773,1869,-1
2794,0,42,1,0,4,1,1,2572,1860,1837
2795,0,26,0,0,4,1,1,2741,1865,-1
2796,0,28,0,0,4,1,1,2777,1862,-1
2798,0,38,0,0,4,1,1,2674,1861,-1
2801,0,45,0,0,4,1,1,2789,1896,-1
2803,0,31,0,0,4,1,1,2657,1865,-1
2804,0,42,1,0,4,1,1,2719,1895,1856
2805,0,41,1,0,4,1,1,2696,1896,1849
2806,0,44,1,3,4,1,1,2722,1902,1845
2807,0,43,0,0,4,1,1,2794,1860,-1
2808,0,26,1,5,4,1,1,2729,2069,1868
2813,0,42,1,0,4,1,1,2763,1888,1846
2814,0,39,0,0,4,1,1,2592,1890,-1
2815,0,26,0,0,4,1,1,2758,1867,-1
2816,0,33,1,0,4,1,1,2663,1871,1848
2817,0,40,1,1,4,1,1,2771,1913,1849
2819,0,45,1,0,4,1,1,2806,1883,1850
2822,0,43,0,0,4,1,1,2813,1883,-1
2823,0,34,1,0,4,1,1,2725,1894,1859
2825,0,39,1,1,4,1,1,2743,1890,1870
2826,0,42,0,0,4,1,1,2772,1882,-1
2827,0,41,1,2,4,1,1,2817,2050,1866
2830,0,42,0,0,4,1,1,2805,1896,-1
2833,0,42,1,1,4,1,1,2763,1940,1857
2834,0,33,0,0,4,1,1,2663,1878,-1
2835,0,40,1,4,4,1,1,2771,1974,1867
2837,0,45,1,0,4,1,1,2806,1920,1869
2842,0,42,0,0,4,1,1,2719,1904,-1
2843,0,25,1,1,4,1,1,2666,1896,1870
2847,0,34,1,1,4,1,1,2725,1969,1872
2849,0,27,1,0,4,1,1,2808,1933,1905
2850,0,40,1,2,4,1,1,2825,1942,1875
2851,0,41,1,0,4,1,1,2739,1919,1875
2852,0,26,1,0,4,1,1,2843,1929,1876
2853,0,44,0,0,4,1,1,2722,1925,-1
2854,0,26,0,0,4,1,1,2741,1901,-1
2856,0,43,1,0,4,1,0,2833,1958,1878
2857,0,35,1,0,4,1,1,2847,1966,1916
2858,0,41,0,0,4,1,1,2817,1913,-1
2859,0,41,1,0,4,1,1,2835,1931,1904
2860,0,40,1,0,4,1,1,2771,1905,1877
2861,0,42,1,0,4,1,1,2763,1906,1878
2862,0,26,1,0,4,1,1,2729,1971,1879
2863,0,45,1,0,4,1,1,2806,1901,1880
2864,0,42,0,0,4,1,1,2851,1909,-1
2865,0,28,1,0,3,1,0,2777,1902,1888
2866,0,25,1,1,4,1,1,2666,1936,1882
2868,0,34,0,0,4,1,1,2725,1902,-1
2870,0,41,1,3,4,1,1,2739,1973,1886
2871,0,42,1,0,4,1,1,2827,1941,1917
2872,0,39,0,0,4,1,1,2743,1906,-1
2874,0,41,1,0,4,1,1,2850,1934,1899
2875,0,27,0,0,4,1,1,2852,1929,-1
2876,0,26,1,0,4,1,1,2729,1941,1903
2878,0,27,0,0,4,1,1,2862,1925,-1
2881,0,43,1,1,4,1,1,2773,1946,1908
2882,0,41,1,0,4,1,1,2739,1932,1905
2883,0,28,1,0,4,1,1,2777,1969,1913
2886,0,26,1,1,4,1,1,2866,2037,1900
2888,0,46,0,0,4,1,1,2837,1920,-1
2891,0,42,1,0,4,1,1,2870,1932,1909
2892,0,42,0,0,4,1,1,2874,1934,-1
2893,0,43,0,0,4,1,1,2833,1920,-1
2895,0,27,1,1,4,1,1,2775,1960,1908
2900,0,40,1,0,4,1,1,2771,1944,1916
2901,0,25,1,0,4,1,1,2666,1938,1912
2904,0,41,1,9,4,1,1,2850,2236,1910
2905,0,28,0,0,4,1,1,2849,1928,-1
2906,0,42,0,0,4,1,1,2882,1932,-1
2911,0,27,0,0,4,1,1,2876,1941,-1
2913,0,44,1,2,4,1,1,2881,1980,1913
2914,0,28,1,6,4,1,1,2895,2056,1916
2916,0,43,0,0,4,1,1,2891,1932,-1
2917,0,26,0,0,4,1,1,2729,1935,-1
2918,0,42,0,0,4,1,1,2904,1935,-1
2919,0,41,1,0,4,1,1,2835,2009,1915
2920,0,27,1,6,4,1,1,2808,2081,1919
2921,0,41,0,0,4,1,1,2739,1941,-1
2922,0,26,0,0,4,1,1,2901,1938,-1
2924,0,45,1,0,4,1,1,2913,1955,1941
2925,0,43,0,0,4,1,1,2773,1938,-1
2927,0,25,0,0,4,1,1,2666,1939,-1
2928,0,27,0,0,4,1,1,2775,1950,-1
2930,0,28,0,0,4,1,1,2777,1944,-1
2932,0,41,1,0,4,1,1,2835,1966,1934
2933,0,35,0,0,4,1,1,2847,1969,-1
2935,0,42,1,2,4,1,1,2870,1996,1932
2936,0,28,0,0,4,1,1,2895,1960,-1
2937,0,29,1,0,4,1,1,2914,1983,1937
2940,0,29,0,0,4,1,1,2883,1960,-1
2941,0,42,1,0,4,1,1,2827,2065,2015
2943,0,44,0,0,4,1,1,2722,1954,-1
2946,0,43,1,3,4,1,1,2935,2044,1964
2947,0,28,1,1,4,1,1,2920,2027,1952
2950,0,27,1,1,4,1,1,2808,1997,1942
2951,0,36,0,0,4,1,1,2857,1966,-1
2952,0,42,0,0,4,1,1,2932,1966,-1
2953,0,27,0,0,4,1,1,2862,1958,-1
2955,0,30,0,0,4,1,1,2937,1983,-1
2957,0,42,1,1,4,1,1,2870,1998,1943
2958,0,42,1,3,4,1,1,2904,2036,1968
2961,0,41,1,0,4,1,1,2835,1967,1945
2967,0,28,1,1,4,1,1,2950,2017,1963
2970,0,29,1,0,4,1,1,2914,1989,1947
2971,0,43,1,0,4,1,1,2957,1977,1949
2973,0,28,0,0,4,1,1,2777,1971,-1
2974,0,42,0,0,4,1,1,2961,1967,-1
2976,0,45,1,1,4,1,1,2913,2007,1952
2977,0,30,0,0,4,1,1,2970,1989,-1
2978,0,44,0,0,4,1,1,2971,1977,-1
2980,0,41,0,0,4,1,1,2835,1974,-1
2981,0,46,1,2,4,1,1,2976,2107,1978
2983,0,29,1,0,4,1,1,2914,2017,1974
2984,0,42,0,0,4,1,1,2870,1973,-1
2985,0,28,1,0,4,1,1,2920,1997,1968
2987,0,43,0,0,4,1,1,2957,1998,-1
2988,0,29,1,0,4,1,1,2947,1998,1975
2989,0,29,1,0,4,1,1,2967,2032,1982
2990,0,44,1,8,4,1,1,2946,2240,1970
2991,0,26,0,0,4,1,1,2729,2024,-1
2995,0,43,1,0,4,1,1,2958,2011,1975
2996,0,29,0,0,4,1,1,2985,1988,-1
2997,0,27,1,3,4,1,1,2808,2146,2029
2998,0,28,0,0,4,1,1,2950,1997,-1
2999,0,27,1,0,4,1,1,2886,2044,1986
3000,0,43,1,0,4,1,1,2935,2008,1976
3001,0,45,1,3,4,1,1,2990,2100,1975
3006,0,42,1,6,4,1,1,2904,2253,1978
3008,0,30,0,0,4,1,1,2988,1998,-1
3009,0,44,0,0,4,1,1,3000,1996,-1
3010,0,44,0,0,4,1,1,2995,2011,-1
3011,0,28,1,1,4,1,1,2920,2047,1984
3013,0,43,1,0,4,1,1,3006,2037,2012
3015,0,29,1,2,4,1,1,2914,2076,1985
3016,0,45,1,0,4,1,1,2990,2035,1986
3017,0,29,0,0,4,1,1,2947,2027,-1
3018,0,43,1,0,4,1,1,2958,2020,1990
3019,0,44,1,1,4,1,1,2946,2055,2003
3020,0,47,0,0,4,1,1,2981,2012,-1
3021,0,30,0,0,4,1,1,2989,2017,-1
3023,0,29,1,0,4,1,1,3011,2064,2015
3024,0,46,0,0,4,1,1,2976,2007,-1
3025,0,42,1,0,4,1,1,2904,2075,1989
3026,0,46,0,0,4,1,1,3001,2022,-1
3027,0,30,1,0,4,1,1,3015,2053,2014
3028,0,28,0,0,4,1,1,2999,2044,-1
3030,0,29,0,0,4,1,1,2967,2011,-1
3031,0,43,0,0,4,1,1,3025,2075,-1
3032,0,29,1,2,4,1,1,2914,2074,2018
3033,0,45,1,1,4,1,1,2990,2031,1996
3034,0,28,1,1,4,1,1,2920,2039,1999
3035,0,42,1,0,4,1,1,2904,2034,2000
3037,0,43,1,2,4,1,1,2958,2098,2006
3038,0,46,1,3,4,1,1,3033,2124,2001
3042,0,29,1,0,4,1,1,3034,2037,2004
3043,0,43,0,0,4,1,1,3035,2034,-1
3044,0,47,1,0,5,1,0,3038,2030,2007
3045,0,45,1,1,4,1,1,2990,2042,2007
3046,0,30,0,0,4,1,1,3042,2037,-1
3047,0,28,1,3,4,1,1,2920,2159,2010
3048,0,42,1,2,4,1,1,2904,2086,2014
3049,0,45,1,0,4,1,1,3019,2034,2011
3050,0,44,1,0,4,1,1,3037,2057,2042
3052,0,46,0,0,4,1,1,3033,2031,-1
3053,0,46,1,0,4,1,1,3045,2047,2012
3054,0,48,0,0,5,1,0,3044,2030,-1
3056,0,44,1,0,4,1,1,2946,2097,2015
3058,0,29,0,0,4,1,0,3034,2033,-1
3059,0,46,0,0,4,1,1,3049,2034,-1
3060,0,29,1,0,4,1,1,3047,2069,2030
3062,0,27,0,0,4,1,1,2886,2037,-1
3063,0,43,0,0,4,1,1,2958,2036,-1
3064,0,28,1,1,4,1,1,2920,2109,2042
3067,0,43,0,0,4,1,1,2941,2054,-1
3068,0,47,1,1,4,1,1,2981,2117,2033
3070,0,45,0,0,4,1,1,2990,2042,-1
3071,0,44,0,0,4,1,1,2946,2042,-1
3072,0,29,1,0,4,1,1,2914,2052,2029
3074,0,29,0,0,4,1,1,3011,2047,-1
3075,0,28,1,0,4,1,1,2997,2105,2034
3077,0,42,0,0,4,1,1,2827,2050,-1
3078,0,30,1,0,4,1,1,3015,2115,2035
3081,0,45,0,0,4,1,1,3019,2053,-1
3082,0,31,0,0,4,1,1,3027,2053,-1
3084,0,30,1,4,4,1,1,3032,2155,2038
3085,0,47,1,0,4,1,1,3038,2149,2068
3087,0,43,1,0,4,1,1,3048,2067,2038
3088,0,48,1,0,4,1,1,3068,2102,2046
3090,0,27,1,0,4,1,1,2808,2082,2041
3092,0,43,1,0,4,1,1,3006,2132,2086
3093,0,29,1,0,4,1,1,3047,2074,2041
3098,0,44,0,0,4,1,1,3087,2067,-1
3099,0,47,1,0,4,1,1,2981,2073,2056
3100,0,46,1,0,4,1,1,3001,2082,2044
3102,0,42,0,0,4,1,1,2904,2076,-1
3103,0,28,1,0,4,1,1,2997,2132,2072
3104,0,30,0,0,4,1,1,3093,2074,-1
3106,0,28,0,0,4,1,1,3090,2082,-1
3107,0,29,1,3,4,1,1,3064,2164,2047
3109,0,30,1,0,4,1,1,3032,2070,2049
3111,0,43,1,7,4,1,1,3048,2283,2049
3112,0,31,0,0,4,1,1,3078,2115,-1
3113,0,49,0,0,4,1,1,3088,2102,-1
3114,0,29,1,1,4,1,1,3047,2169,2142
3115,0,27,0,0,4,1,1,2808,2069,-1
3118,0,26,0,0,4,1,1,2729,2070,-1
3119,0,30,1,2,4,1,1,3107,2161,2078
3120,0,31,0,0,4,1,1,3109,2070,-1
3122,0,28,0,0,4,1,1,2920,2081,-1
3123,0,46,1,0,4,1,1,3001,2099,2056
3125,0,30,0,0,4,1,1,3015,2074,-1
3127,0,48,0,0,4,1,1,3068,2117,-1
3128,0,44,1,0,4,1,1,3111,2130,2067
3130,0,30,0,0,4,1,1,3032,2074,-1
3133,0,43,0,0,4,1,1,3048,2086,-1
3136,0,29,0,0,4,1,1,3075,2105,-1
3137,0,47,0,0,4,1,1,3100,2082,-1
3138,0,44,1,0,4,1,1,3037,2101,2070
3139,0,47,0,0,4,1,1,3123,2099,-1
3141,0,46,1,0,4,1,1,3001,2122,2069
3144,0,31,1,0,4,1,1,3084,2112,2076
3145,0,48,0,0,4,1,1,3085,2149,-1
3148,0,47,0,0,4,1,1,3141,2104,-1
3150,0,45,1,0,4,1,1,2990,2143,2112
3151,0,45,0,0,4,1,1,3138,2101,-1
3152,0,45,0,0,4,1,1,3056,2097,-1
3154,0,29,0,0,4,1,1,3103,2132,-1
3156,0,44,1,1,4,1,1,3111,2127,2092
3159,0,47,1,0,4,1,1,3038,2158,2092
3162,0,46,0,0,4,1,1,3001,2096,-1
3163,0,44,0,0,4,1,1,3037,2098,-1
3166,0,32,0,0,4,1,1,3144,2112,-1
3167,0,47,0,0,4,1,1,2981,2107,-1
3168,0,28,0,0,4,1,1,2997,2098,-1
3169,0,42,1,2,4,1,1,2904,2195,2102
3173,0,31,1,0,4,1,1,3084,2136,2097
3174,0,30,1,2,4,1,1,3107,2175,2090
3177,0,44,0,0,4,1,1,3092,2121,-1
3178,0,31,1,2,4,1,1,3119,2189,2098
3179,0,45,1,1,4,1,1,3156,2220,2099
3181,0,43,1,0,4,1,1,3006,2130,2109
3182,0,30,1,5,4,1,1,3107,2364,2132
3185,0,31,1,1,4,1,1,3174,2180,2136
3186,0,44,1,0,4,1,1,3111,2185,2106
3187,0,47,0,0,4,1,1,3038,2124,-1
3188,0,32,1,0,4,1,1,3178,2173,2136
3190,0,46,1,1,4,1,1,3179,2131,2107
3193,0,43,1,0,4,1,1,3169,2198,2107
3195,0,48,0,0,4,1,1,3159,2158,-1
3196,0,31,1,1,4,1,1,3119,2148,2109
3198,0,28,1,2,4,1,1,2997,2180,2112
3199,0,45,0,0,4,1,1,3156,2126,-1
3200,0,31,1,1,4,1,1,3084,2156,2112
3201,0,44,0,0,4,1,1,3193,2164,-1
3203,0,47,1,0,4,1,1,3190,2141,2113
3204,0,42,1,0,4,1,1,2904,2166,2122
3205,0,32,0,0,4,1,1,3173,2132,-1
3208,0,44,0,0,4,1,1,3181,2130,-1
3209,0,32,1,0,4,1,1,3196,2183,2114
3210,0,45,0,0,4,1,1,3186,2146,-1
3211,0,44,1,1,4,1,1,3111,2195,2116
3214,0,46,0,0,4,1,1,3150,2141,-1
3215,0,43,1,0,4,1,1,3169,2189,2164
3216,0,48,0,0,4,1,1,3203,2141,-1
3217,0,33,0,0,4,1,1,3209,2152,-1
3218,0,46,0,0,4,1,1,3179,2151,-1
3219,0,32,1,2,4,1,1,3200,2183,2123
3220,0,43,0,0,4,1,1,3006,2135,-1
3223,0,31,0,0,4,1,1,3119,2161,-1
3224,0,45,1,2,4,1,1,3211,2239,2149
3226,0,45,1,1,4,1,1,2990,2207,2158
3227,0,31,1,1,4,1,1,3084,2168,2124
3228,0,32,0,0,4,1,1,3196,2148,-1
3229,0,29,1,0,4,1,1,3198,2184,2140
3231,0,44,1,0,4,1,1,3111,2195,2146
3234,0,43,0,0,4,1,1,3204,2166,-1
3235,0,32,0,0,4,1,1,3200,2156,-1
3237,0,31,0,0,4,1,1,3084,2155,-1
3240,0,32,1,1,4,1,1,3227,2198,2137
3242,0,31,1,0,4,1,1,3182,2161,2137
3243,0,33,1,0,4,1,1,3219,2181,2144
3246,0,32,1,0,4,1,1,3185,2167,2141
3247,0,32,0,0,4,1,1,3242,2161,-1
3248,0,43,1,0,4,1,1,3006,2169,2143
3249,0,30,0,0,4,1,1,3107,2164,-1
3250,0,33,0,0,4,1,1,3188,2173,-1
3251,0,33,1,2,4,1,1,3240,2366,2157
3252,0,30,1,0,4,1,1,3114,2166,2147
3254,0,32,1,1,4,1,1,3178,2276,2162
3255,0,31,1,6,4,1,1,3174,2295,2147
3256,0,32,0,0,4,1,1,3227,2168,-1
3257,0,44,0,0,4,1,1,3248,2169,-1
3258,0,31,1,0,4,1,1,3182,2189,2151
3260,0,29,1,6,4,1,1,3198,2368,2153
3261,0,42,1,2,4,1,1,2904,2245,2171
3263,0,45,0,0,4,1,1,3186,2185,-1
3265,0,43,1,0,4,1,1,3006,2185,2155
3266,0,33,1,0,4,1,1,3219,2208,2156
3267,0,32,0,0,4,1,1,3185,2180,-1
3268,0,46,1,1,4,1,1,3224,2201,2174
3269,0,34,0,0,4,1,1,3243,2181,-1
3271,0,31,0,0,4,1,1,3174,2175,-1
3273,0,32,1,0,4,1,1,3255,2192,2180
3274,0,44,0,0,4,1,1,3265,2185,-1
3278,0,34,0,0,4,1,1,3266,2208,-1
3279,0,32,0,0,4,1,1,3258,2189,-1
3282,0,29,0,0,4,1,1,3198,2180,-1
3283,0,43,1,3,4,1,1,3006,2302,2206
3284,0,31,1,0,4,1,1,3182,2210,2167
3285,0,33,0,0,4,1,1,3219,2183,-1
3286,0,33,0,0,5,1,0,3240,2198,-1
3288,0,44,0,0,4,1,1,3215,2189,-1
3289,0,45,1,1,4,1,1,2990,2356,2177
3291,0,45,0,0,4,1,1,3231,2195,-1
3293,0,46,1,2,4,1,1,3226,2283,2176
3297,0,32,0,0,4,1,1,3178,2189,-1
3298,0,45,0,0,4,1,1,3211,2193,-1
3302,0,44,0,0,4,1,1,3193,2198,-1
3303,0,30,1,2,4,1,1,3260,2276,2219
3304,0,33,1,1,4,1,1,3254,2271,2230
3306,0,31,1,1,4,1,1,3182,2238,2209
3307,0,47,1,2,4,1,1,3268,2279,2185
3308,0,44,1,0,4,1,1,3111,2213,2187
3309,0,43,1,3,4,1,1,3261,2285,2200
3311,0,43,0,0,4,1,1,3169,2195,-1
3312,0,46,1,1,4,1,1,3289,2299,2204
3313,0,42,1,0,4,1,1,2904,2215,2182
3315,0,46,1,5,4,1,1,3224,2394,2185
3316,0,34,1,0,4,1,1,3251,2217,2188
3319,0,43,0,0,4,1,1,3313,2215,-1
3324,0,45,1,0,4,1,1,2990,2229,2202
3326,0,48,1,0,4,1,1,3307,2294,2238
3328,0,47,1,1,4,1,1,3315,2242,2204
3329,0,45,0,0,4,1,1,3308,2213,-1
3330,0,32,0,0,4,1,1,3284,2210,-1
3333,0,47,1,3,4,1,1,3293,2295,2213
3336,0,32,1,0,4,1,1,3255,2219,2200
3337,0,35,0,0,4,1,1,3316,2217,-1
3338,0,42,0,0,4,1,1,2904,2236,-1
3340,0,46,0,0,4,1,1,3179,2220,-1
3344,0,44,1,2,4,1,1,3111,2269,2207
3347,0,46,0,0,4,1,1,3224,2239,-1
3348,0,44,1,0,4,1,1,3309,2245,2223
3350,0,46,0,0,4,1,1,3324,2229,-1
3351,0,34,0,0,4,1,1,3251,2269,-1
3352,0,48,1,2,4,1,1,3328,2280,2208
3353,0,43,1,0,4,1,1,3261,2243,2211
3354,0,32,1,0,4,1,0,3255,2238,2211
3355,0,44,1,2,5,1,0,3283,2297,2213
3357,0,45,1,0,4,1,1,3344,2253,2212
3360,0,49,1,1,4,1,1,3352,2338,2224
3361,0,32,1,0,4,1,1,3306,2236,2213
3363,0,47,1,1,4,1,1,3312,2331,2267
3364,0,46,0,0,4,1,1,3289,2356,-1
3365,0,33,0,0,4,1,0,3354,2238,-1
3366,0,46,0,0,4,1,1,3357,2253,-1
3367,0,44,0,0,4,1,1,3353,2243,-1
3368,0,43,0,0,4,1,1,3006,2238,-1
3369,0,45,1,1,5,1,0,3355,2318,2246
3371,0,48,1,0,4,1,1,3333,2304,2223
3372,0,44,0,0,4,1,1,3111,2283,-1
3374,0,43,0,0,4,1,1,3261,2238,-1
3376,0,32,1,0,4,1,1,3255,2260,2222
3377,0,45,1,0,4,1,1,3344,2258,2245
3379,0,32,0,0,4,1,1,3306,2238,-1
3381,0,47,1,0,4,1,1,3293,2285,2244
3382,0,49,0,0,4,1,1,3371,2266,-1
3383,0,31,1,0,4,1,1,3303,2254,2229
3384,0,50,0,0,4,1,1,3360,2249,-1
3385,0,30,1,0,4,1,1,3260,2265,2230
3386,0,47,1,0,4,1,1,3315,2297,2267
3387,0,32,1,2,4,1,1,3255,2284,2233
3389,0,48,1,0,4,1,1,3333,2261,2241
3390,0,34,1,0,4,1,1,3304,2268,2243
3391,0,44,1,3,4,1,1,3309,2319,2240
3392,0,31,1,0,4,1,1,3303,2281,2245
3394,0,33,1,0,4,1,1,3387,2274,2241
3396,0,30,1,0,4,1,1,3260,2305,2243
3400,0,32,1,1,4,1,1,3255,2330,2272
3402,0,45,1,3,4,1,1,3391,2351,2261
3405,0,35,0,0,4,1,1,3390,2268,-1
3407,0,49,1,3,4,1,1,3352,2423,2258
3409,0,48,1,0,4,1,1,3307,2327,2249
3411,0,32,0,0,4,1,1,3392,2281,-1
3412,0,44,1,1,4,1,1,3309,2335,2251
3413,0,46,1,0,5,1,0,3369,2368,2277
3414,0,33,1,4,4,1,1,3387,2332,2251
3415,0,47,0,0,4,1,1,3293,2283,-1
3416,0,44,1,0,4,1,1,3283,2300,2259
3417,0,45,1,1,4,1,1,3412,2369,2315
3418,0,48,1,0,4,1,1,3333,2293,2265
3419,0,49,0,0,4,1,1,3326,2294,-1
3420,0,31,0,0,4,1,1,3303,2276,-1
3422,0,34,0,0,4,1,1,3394,2274,-1
3424,0,31,0,0,4,1,1,3396,2298,-1
3426,0,34,1,1,4,1,1,3414,2347,2270
3427,0,48,0,0,4,1,1,3307,2279,-1
3428,0,45,1,0,5,1,0,3355,2306,2263
3431,0,33,0,0,4,1,1,3387,2284,-1
3433,0,50,1,1,4,1,1,3360,2339,2266
3435,0,31,0,0,4,1,1,3182,2291,-1
3436,0,30,1,1,4,1,1,3260,2371,2295
3438,0,44,1,0,4,1,1,3283,2294,2272
3439,0,48,1,2,4,1,1,3363,2412,2299
3441,0,49,0,0,4,1,1,3371,2299,-1
3443,0,48,0,0,4,1,1,3386,2291,-1
3445,0,48,0,0,4,1,1,3333,2295,-1
3448,0,45,1,0,4,1,1,3391,2318,2279
3449,0,33,1,2,4,1,1,3400,2415,2300
3452,0,46,1,0,4,1,1,3402,2314,2280
3454,0,34,1,0,4,1,1,3414,2308,2281
3455,0,32,0,0,4,1,1,3255,2295,-1
3457,0,47,1,0,4,1,1,3315,2312,2284
3458,0,51,1,1,4,1,1,3433,2342,2286
3461,0,47,0,0,4,1,1,3452,2305,-1
3462,0,35,0,0,4,1,1,3454,2308,-1
3465,0,46,0,0,4,1,1,3448,2318,-1
3466,0,47,0,0,5,1,0,3413,2368,-1
3468,0,46,0,0,5,1,0,3428,2306,-1
3469,0,48,0,0,4,1,1,3457,2312,-1
3473,0,46,0,0,5,1,0,3369,2318,-1
3474,0,34,1,0,4,1,1,3251,2325,2300
3475,0,45,1,1,4,1,1,3391,2342,2292
3476,0,34,1,0,4,1,1,3414,2317,2292
3477,0,50,0,0,4,1,1,3360,2338,-1
3479,0,47,1,1,4,1,1,3315,2389,2330
3481,0,35,0,0,4,1,1,3476,2317,-1
3483,0,46,1,3,4,1,1,3402,2411,2300
3488,0,49,0,0,4,1,1,3409,2327,-1
3489,0,46,1,0,4,1,1,3475,2333,2303
3493,0,31,1,1,4,1,1,3436,2404,2302
3494,0,52,1,0,4,1,1,3458,2378,2304
3495,0,34,1,0,4,1,1,3414,2326,2303
3498,0,49,1,1,4,1,1,3439,2352,2304
3500,0,30,1,2,4,1,1,3260,2388,2305
3501,0,47,1,0,4,1,1,3483,2347,2336
3502,0,31,1,1,4,1,1,3182,2384,2334
3503,0,32,1,0,4,1,1,3493,2385,2323
3504,0,35,1,1,4,1,1,3426,2394,2314
3505,0,47,0,0,4,1,1,3489,2333,-1
3506,0,35,0,0,4,1,1,3495,2323,-1
3508,0,50,1,1,4,1,1,3407,2428,2338
3509,0,53,0,0,4,1,1,3494,2343,-1
3510,0,50,1,1,4,1,1,3498,2378,2327
3511,0,48,0,0,4,1,1,3363,2330,-1
3512,0,33,0,0,4,1,1,3400,2330,-1
3513,0,46,1,0,4,1,1,3402,2362,2314
3514,0,51,0,0,4,1,1,3433,2339,-1
3515,0,34,0,0,4,1,1,3414,2332,-1
3517,0,30,1,1,4,1,1,3260,2427,2320
3519,0,49,1,0,4,1,1,3439,2365,2332
3521,0,31,0,0,4,1,1,3436,2371,-1
3523,0,34,1,0,4,1,1,3449,2339,2321
3525,0,52,0,0,4,1,1,3458,2339,-1
3527,0,46,0,0,4,1,1,3475,2342,-1
3528,0,36,1,1,4,1,1,3504,2432,2323
3530,0,46,0,0,4,1,1,3402,2351,-1
3531,0,35,0,0,4,1,1,3426,2347,-1
3532,0,31,1,2,4,1,1,3500,2433,2328
3533,0,31,1,2,4,1,1,3517,2440,2364
3536,0,46,1,0,4,1,1,3417,2370,2343
3537,0,30,0,0,4,1,1,3260,2348,-1
3540,0,34,1,4,4,1,1,3449,2523,2332
3542,0,32,0,0,4,1,1,3493,2382,-1
3545,0,36,0,0,4,1,1,3504,2367,-1
3547,0,51,1,2,4,1,1,3510,2434,2352
3549,0,50,0,0,4,1,1,3519,2365,-1
3550,0,34,0,0,4,1,1,3251,2366,-1
3551,0,35,1,2,4,1,1,3540,2430,2367
3553,0,31,1,1,4,1,1,3500,2400,2339
3555,0,47,0,0,4,1,1,3513,2362,-1
3556,0,32,1,0,4,1,1,3502,2405,2352
3557,0,47,1,0,4,1,1,3315,2449,2364
3561,0,32,1,0,4,1,1,3553,2368,2355
3563,0,31,0,0,4,1,1,3182,2360,-1
3565,0,47,1,2,4,1,1,3483,2475,2348
3567,0,47,0,0,4,1,1,3536,2370,-1
3568,0,50,1,1,4,1,1,3407,2404,2349
3569,0,31,0,0,4,1,1,3500,2388,-1
3572,0,46,0,0,4,1,1,3417,2369,-1
3573,0,51,1,1,4,1,1,3568,2414,2371
3575,0,48,1,0,4,1,1,3479,2425,2366
3577,0,33,0,0,4,1,1,3556,2386,-1
3578,0,53,0,0,4,1,1,3494,2378,-1
3579,0,37,1,1,4,1,1,3528,2409,2373
3580,0,47,1,1,4,1,1,3483,2438,2374
3581,0,52,1,2,4,1,1,3547,2515,2388
3582,0,50,1,2,4,1,1,3407,2419,2377
3584,0,32,0,0,4,1,1,3502,2384,-1
3585,0,48,1,0,4,1,1,3565,2403,2368
3587,0,34,0,0,5,1,0,3449,2399,-1
3588,0,32,1,0,4,1,1,3532,2406,2394
3590,0,32,0,0,4,1,1,3533,2386,-1
3592,0,49,0,0,4,1,1,3575,2421,-1
3593,0,36,1,0,4,1,1,3551,2397,2371
3597,0,48,0,0,4,1,1,3557,2449,-1
3598,0,49,0,0,4,1,1,3585,2403,-1
3600,0,51,1,0,4,1,1,3508,2405,2375
3601,0,36,0,0,4,1,1,3504,2394,-1
3603,0,47,0,0,4,1,1,3315,2390,-1
3605,0,37,0,0,4,1,1,3593,2397,-1
3606,0,52,1,0,4,1,1,3573,2449,2377
3607,0,38,1,1,4,1,1,3579,2402,2378
3608,0,48,1,0,4,1,1,3565,2417,2384
3609,0,52,0,0,4,1,1,3600,2405,-1
3610,0,51,1,3,4,1,1,3582,2460,2382
3611,0,36,1,2,4,1,1,3551,2494,2398
3612,0,51,0,0,4,1,1,3568,2404,-1
3615,0,39,1,1,4,1,1,3607,2434,2383
3617,0,37,0,0,4,1,1,3528,2432,-1
3618,0,52,1,3,4,1,1,3610,2476,2405
3620,0,51,0,0,4,1,1,3508,2428,-1
3621,0,52,0,0,4,1,1,3573,2413,-1
3623,0,38,0,0,4,1,1,3579,2404,-1
3624,0,48,1,2,4,1,1,3580,2444,2402
3625,0,51,1,0,4,1,1,3582,2419,2392
3627,0,53,1,0,4,1,1,3581,2458,2418
3628,0,53,0,0,4,1,1,3606,2437,-1
3630,0,48,0,0,4,1,1,3565,2475,-1
3631,0,52,0,0,4,1,1,3625,2419,-1
3632,0,49,0,0,4,1,1,3439,2412,-1
3633,0,32,1,0,4,1,1,3533,2477,2399
3638,0,40,1,0,4,1,1,3615,2428,2402
3639,0,51,0,0,4,1,1,3582,2419,-1
3640,0,37,1,2,4,1,1,3611,2536,2403
3641,0,33,0,0,4,1,1,3633,2425,-1
3642,0,52,1,0,4,1,1,3547,2429,2405
3644,0,32,1,1,4,1,1,3532,2456,2405
3646,0,35,1,0,4,1,1,3540,2472,2431
3647,0,49,1,3,4,1,1,3624,2510,2407
3649,0,41,0,0,4,1,1,3638,2427,-1
3653,0,36,0,0,4,1,1,3551,2430,-1
3656,0,53,1,2,4,1,1,3618,2504,2410
3657,0,33,1,2,4,1,1,3644,2480,2415
3658,0,32,1,0,4,1,1,3533,2494,2411
3660,0,38,1,1,4,1,1,3640,2491,2437
3661,0,40,0,0,4,1,1,3615,2434,-1
3662,0,48,0,0,4,1,1,3580,2438,-1
3664,0,37,1,1,4,1,1,3611,2469,2433
3665,0,54,1,0,4,1,1,3656,2452,2417
3667,0,52,0,0,4,1,1,3547,2434,-1
3668,0,52,1,4,4,1,1,3610,2532,2416
3670,0,49,1,0,4,1,1,3624,2439,2418
3672,0,34,1,2,4,1,1,3657,2531,2426
3673,0,53,1,0,4,1,1,3618,2471,2421
3674,0,32,0,0,4,1,1,3533,2440,-1
3676,0,50,0,0,4,1,1,3670,2439,-1
3677,0,54,0,0,4,1,1,3627,2458,-1
3680,0,55,0,0,4,1,1,3665,2450,-1
3682,0,50,1,4,4,1,1,3647,2541,2429
3683,0,52,1,0,4,1,1,3610,2471,2427
3684,0,54,1,0,4,1,1,3656,2488,2441
3687,0,53,1,0,4,1,1,3581,2466,2442
3688,0,35,1,0,4,1,1,3672,2457,2435
3690,0,53,1,1,4,1,1,3618,2491,2442
3694,0,51,1,0,4,1,1,3682,2486,2435
3696,0,33,0,0,4,1,1,3658,2494,-1
3698,0,34,1,4,4,1,1,3657,2618,2438
3700,0,52,0,0,4,1,1,3610,2460,-1
3702,0,38,1,0,4,1,1,3664,2456,2438
3704,0,52,0,0,4,1,1,3694,2486,-1
3705,0,50,1,5,4,1,1,3647,2600,2441
3706,0,39,1,0,4,1,1,3660,2504,2443
3707,0,35,1,0,4,1,1,3540,2496,2466
3708,0,35,1,3,4,1,1,3698,2595,2472
3711,0,39,0,0,4,1,1,3702,2456,-1
3714,0,37,0,0,4,1,1,3611,2494,-1
3716,0,51,1,1,4,1,1,3682,2539,2472
3717,0,35,0,0,4,1,1,3672,2464,-1
3718,0,51,1,2,4,1,1,3705,2617,2472
3719,0,36,0,0,4,1,1,3646,2472,-1
3720,0,54,1,1,4,1,1,3690,2530,2447
3721,0,54,0,0,4,1,1,3687,2466,-1
3722,0,53,1,0,4,1,1,3668,2481,2448
3723,0,34,0,0,4,1,1,3657,2480,-1
3725,0,38,0,0,4,1,1,3664,2469,-1
3726,0,53,0,0,4,1,1,3683,2471,-1
3727,0,50,1,0,4,1,1,3647,2529,2508
3728,0,54,0,0,4,1,1,3656,2504,-1
3729,0,54,0,0,4,1,1,3722,2481,-1
3730,0,53,0,0,4,1,1,3618,2476,-1
3731,0,53,0,0,4,1,1,3581,2515,-1
3734,0,55,1,2,4,1,1,3720,2569,2480
3735,0,39,0,0,4,1,1,3660,2491,-1
3736,0,55,0,0,4,1,1,3684,2485,-1
3738,0,40,0,0,4,1,0,3706,2504,-1
3739,0,53,1,0,4,1,1,3668,2492,2460
3745,0,54,0,0,4,1,1,3739,2492,-1
3746,0,54,0,0,4,1,1,3690,2491,-1
3749,0,53,1,2,4,1,0,3668,2532,2472
3750,0,36,0,0,4,1,1,3707,2496,-1
3753,0,36,1,4,4,1,1,3708,2634,2516
3754,0,52,1,0,4,1,1,3716,2506,2477
3755,0,52,1,1,4,1,1,3718,2540,2477
3757,0,38,1,1,4,1,1,3640,2557,2499
3759,0,35,1,0,4,1,1,3540,2556,2483
3761,0,53,0,0,4,1,1,3754,2506,-1
3763,0,51,1,2,4,1,1,3682,2536,2490
3764,0,53,1,0,4,1,1,3668,2513,2483
3765,0,51,1,0,4,1,1,3705,2537,2483
3767,0,56,1,1,4,1,1,3734,2555,2485
3769,0,52,1,0,4,1,1,3718,2532,2488
3770,0,54,1,1,4,1,0,3749,2524,2492
3771,0,52,0,0,4,1,1,3716,2539,-1
3772,0,54,0,0,4,1,1,3764,2513,-1
3773,0,57,1,2,4,1,1,3767,2673,2500
3775,0,55,0,0,4,1,1,3720,2530,-1
3776,0,53,1,0,4,1,1,3755,2544,2502
3778,0,52,0,0,4,1,1,3765,2506,-1
3779,0,35,1,3,4,1,1,3672,2584,2496
3780,0,35,0,0,4,1,1,3540,2523,-1
3781,0,53,0,0,4,1,1,3668,2532,-1
3782,0,51,1,0,4,1,1,3705,2557,2496
3783,0,52,1,1,4,1,1,3763,2551,2495
3787,0,55,1,1,4,1,0,3770,2557,2508
3789,0,52,0,0,4,1,1,3718,2536,-1
3792,0,52,0,0,4,1,1,3782,2557,-1
3793,0,51,1,1,4,1,1,3682,2568,2501
3794,0,54,1,4,4,1,0,3749,2621,2502
3795,0,36,1,1,4,1,1,3779,2572,2505
3796,0,39,1,1,4,1,1,3757,2576,2526
3797,0,35,1,1,4,1,1,3698,2605,2541
3798,0,56,1,2,4,1,1,3734,2672,2515
3799,0,52,1,0,4,1,1,3763,2535,2506
3800,0,52,1,1,4,1,1,3793,2633,2529
3801,0,51,1,1,4,1,1,3705,2579,2507
3802,0,36,0,0,4,1,1,3759,2556,-1
3804,0,58,1,0,4,1,1,3773,2551,2528
3806,0,54,0,0,4,1,1,3776,2527,-1
3807,0,38,0,0,4,1,1,3640,2527,-1
3808,0,55,1,0,4,1,0,3794,2570,2526
3809,0,37,1,2,4,1,1,3795,2607,2542
3811,0,52,1,2,4,1,1,3801,2661,2547
3812,0,57,0,0,4,1,1,3767,2537,-1
3813,0,51,0,0,4,1,1,3682,2541,-1
3814,0,51,0,0,4,1,1,3727,2529,-1
3815,0,54,0,0,4,1,0,3749,2529,-1
3816,0,53,0,0,4,1,1,3755,2532,-1
3818,0,51,1,0,4,1,1,3705,2609,2576
3820,0,36,1,0,4,1,1,3779,2560,2520
3821,0,37,1,4,4,1,1,3753,2631,2527
3822,0,53,1,3,4,1,1,3783,2702,2526
3824,0,36,1,0,4,1,1,3708,2572,2528
3827,0,36,1,0,4,1,1,3779,2554,2532
3828,0,56,1,2,4,1,0,3787,2625,2532
3829,0,57,1,0,4,1,1,3798,2574,2540
3830,0,56,0,0,4,1,0,3808,2566,-1
3832,0,38,1,0,3,1,0,3821,2591,2533
3833,0,59,0,0,4,1,1,3804,2551,-1
3835,0,37,0,0,4,1,1,3820,2560,-1
3837,0,54,1,3,4,1,1,3822,2626,2536
3839,0,37,0,0,4,1,1,3824,2572,-1
3844,0,57,1,1,4,1,0,3828,2657,2556
3845,0,55,1,1,4,1,0,3794,2620,2537
3846,0,40,1,0,4,1,1,3796,2574,2544
3847,0,37,1,0,4,1,1,3753,2581,2539
3849,0,39,0,0,3,1,0,3832,2591,-1
3850,0,39,0,0,4,1,1,3757,2557,-1
3852,0,52,0,0,4,1,1,3793,2557,-1
3854,0,53,1,0,4,1,1,3800,2664,2565
3856,0,58,1,3,4,1,1,3773,2706,2583
3857,0,56,0,0,4,1,0,3787,2557,-1
3858,0,56,1,0,4,1,0,3845,2584,2558
3860,0,36,1,0,4,1,1,3708,2605,2565
3861,0,38,0,0,4,1,1,3847,2574,-1
3863,0,56,0,0,4,1,1,3734,2569,-1
3865,0,36,1,2,4,1,1,3797,2659,2549
3866,0,38,1,1,4,1,1,3809,2631,2564
3868,0,55,1,0,4,1,0,3794,2598,2550
3869,0,52,0,0,4,1,1,3718,2617,-1
3870,0,35,1,0,4,1,1,3698,2620,2577
3873,0,37,0,0,4,1,1,3795,2572,-1
3874,0,40,0,0,4,1,1,3796,2576,-1
3878,0,52,0,0,4,1,1,3801,2579,-1
3879,0,53,1,3,4,1,1,3811,2678,2560
3882,0,55,1,4,4,1,0,3794,2770,2567
3885,0,54,1,0,4,1,1,3822,2589,2561
3886,0,55,1,1,4,1,1,3837,2677,2562
3889,0,38,1,0,4,1,1,3821,2603,2563
3890,0,37,1,0,4,1,1,3865,2652,2605
3891,0,58,1,2,4,1,0,3844,2692,2571
3893,0,37,1,0,4,1,1,3753,2601,2571
3894,0,57,0,0,4,1,0,3858,2584,-1
3895,0,54,1,0,4,1,1,3879,2603,2568
3896,0,36,0,0,4,1,1,3797,2605,-1
3897,0,57,0,0,4,1,1,3798,2583,-1
3898,0,39,1,3,4,1,1,3866,2698,2579
3899,0,57,1,1,4,1,0,3828,2655,2590
3901,0,53,1,0,4,1,1,3811,2608,2573
3903,0,55,1,0,4,1,1,3837,2638,2574
3907,0,53,0,0,4,1,1,3800,2593,-1
3908,0,38,1,2,4,1,1,3809,2668,2577
3909,0,56,0,0,4,1,0,3868,2598,-1
3911,0,56,0,0,4,1,0,3882,2595,-1
3912,0,56,1,0,4,1,1,3886,2615,2581
3913,0,38,0,0,4,1,1,3893,2601,-1
3915,0,37,0,0,4,1,1,3860,2605,-1
3916,0,54,1,1,4,1,1,3879,2709,2581
3917,0,54,0,0,4,1,1,3901,2608,-1
3918,0,52,0,0,4,1,1,3818,2609,-1
3921,0,58,0,0,4,1,0,3844,2657,-1
3922,0,55,1,0,4,1,1,3837,2610,2585
3923,0,56,0,0,4,1,1,3903,2638,-1
3924,0,35,1,0,4,1,1,3698,2619,2588
3927,0,38,0,0,4,1,1,3809,2607,-1
3929,0,38,1,1,5,1,0,3821,2673,2593
3930,0,59,0,0,4,1,1,3856,2609,-1
3932,0,39,0,0,4,1,1,3866,2631,-1
3934,0,54,1,1,4,1,1,3879,2699,2607
3935,0,55,0,0,4,1,1,3837,2626,-1
3936,0,54,0,0,4,1,1,3854,2664,-1
3938,0,36,0,0,4,1,1,3870,2620,-1
3939,0,37,1,0,4,1,1,3753,2633,2603
3941,0,57,0,0,4,1,0,3828,2622,-1
3943,0,38,1,4,4,1,1,3821,2711,2605
3944,0,40,1,3,4,1,1,3898,2726,2606
3945,0,53,0,0,4,1,1,3811,2661,-1
3947,0,57,1,9,4,1,1,3798,2947,2640
3948,0,53,0,0,4,1,1,3800,2628,-1
3949,0,39,1,0,4,1,1,3908,2625,2610
3951,0,59,1,0,4,1,0,3891,2750,2647
3952,0,55,1,1,4,1,1,3916,2671,2610
3953,0,38,0,0,4,1,1,3890,2652,-1
3955,0,39,1,0,5,1,0,3929,2693,2645
3957,0,55,1,0,4,1,1,3934,2671,2645
3959,0,41,1,0,4,1,1,3944,2653,2618
3961,0,58,0,0,4,1,1,3773,2660,-1
3962,0,40,0,0,4,1,1,3949,2625,-1
3964,0,54,1,0,4,1,1,3822,2746,2674
3965,0,38,0,0,4,1,1,3821,2631,-1
3966,0,59,1,2,4,1,1,3856,2730,2655
3967,0,37,1,0,4,1,1,3865,2644,2619
3969,0,54,0,0,4,1,1,3879,2678,-1
3970,0,40,1,1,4,1,1,3898,2667,2622
3972,0,39,1,0,4,1,1,3908,2679,2631
3974,0,55,0,0,4,1,1,3916,2709,-1
3977,0,56,1,0,4,1,0,3882,2668,2628
3978,0,56,1,3,4,1,1,3952,2787,2628
3979,0,58,1,0,4,1,0,3899,2657,2628
3980,0,42,0,0,4,1,1,3959,2650,-1
3981,0,41,1,0,4,1,1,3970,2658,2631
3985,0,41,1,0,4,1,1,3944,2690,2658
3986,0,39,1,1,4,1,1,3943,2662,2631
3988,0,40,1,0,4,1,1,3898,2658,2633
3990,0,57,0,0,4,1,1,3978,2665,-1
3992,0,40,1,1,4,1,1,3986,2747,2648
3993,0,57,0,0,4,1,0,3977,2668,-1
3994,0,40,0,0,4,1,1,3972,2679,-1
3995,0,42,0,0,4,1,1,3981,2658,-1
3997,0,59,0,0,4,1,0,3979,2657,-1
4000,0,58,0,0,4,1,0,3899,2654,-1
4001,0,56,1,2,4,1,0,3882,2766,2707
4002,0,41,0,0,4,1,1,3988,2658,-1
4003,0,56,0,0,4,1,1,3886,2662,-1
4005,0,39,1,0,4,1,1,3943,2676,2643
4006,0,58,1,0,4,1,1,3947,2671,2647
4008,0,41,0,0,4,1,1,3970,2667,-1
4009,0,57,0,0,4,1,1,3798,2670,-1
4010,0,40,0,0,4,1,1,3898,2698,-1
4012,0,39,1,0,4,1,1,3943,2685,2657
4014,0,40,0,0,4,1,1,4005,2676,-1
4016,0,39,0,0,5,1,0,3929,2673,-1
4017,0,60,1,0,4,1,1,3966,2733,2672
4020,0,40,0,0,5,1,0,3955,2693,-1
4023,0,59,1,0,4,1,0,3891,2715,2663
4024,0,60,0,0,4,1,0,3951,2750,-1
4027,0,58,1,0,4,1,1,3947,2723,2663
4028,0,41,1,0,4,1,1,3992,2724,2692
4029,0,59,1,2,4,1,1,3856,2766,2665
4032,0,39,1,1,4,1,1,3943,2735,2668
4033,0,59,0,0,5,1,0,4027,2723,-1
4035,0,60,0,0,4,1,0,4023,2715,-1
4036,0,41,1,0,4,1,1,3944,2705,2669
4037,0,42,0,0,4,1,1,3985,2690,-1
4039,0,55,0,0,4,1,1,3934,2699,-1
4041,0,40,1,0,4,1,1,4032,2752,2672
4043,0,57,1,1,4,1,1,3978,2732,2675
4044,0,59,0,0,4,1,0,3891,2692,-1
4045,0,58,1,4,4,1,1,3947,2856,2674
4046,0,60,1,4,4,1,1,4029,2810,2680
4049,0,59,1,0,4,1,1,3856,2704,2676
4051,0,61,0,0,4,1,1,4017,2733,-1
4054,0,41,0,0,4,1,0,4041,2700,-1
4055,0,59,1,4,4,1,1,4045,2795,2703
4056,0,39,0,0,4,1,1,3943,2711,-1
4057,0,41,0,0,4,1,1,3944,2724,-1
4059,0,60,0,0,4,1,1,4049,2704,-1
4060,0,55,0,0,4,1,1,3964,2746,-1
4063,0,58,1,1,4,1,1,4043,2837,2701
4064,0,60,1,0,4,1,1,3966,2772,2688
4066,0,58,1,5,4,1,1,3947,2871,2685
4067,0,54,0,0,4,1,1,3822,2702,-1
4069,0,40,0,0,4,1,1,4032,2735,-1
4070,0,60,1,1,4,1,1,4029,2781,2734
4071,0,59,1,0,4,1,1,4066,2767,2712
4077,0,41,0,0,4,1,1,3992,2747,-1
4078,0,61,1,4,4,1,1,4046,2816,2705
4079,0,42,0,0,4,1,1,4028,2724,-1
4080,0,59,1,0,4,1,1,4063,2825,2723
4084,0,62,1,1,4,1,1,4078,2780,2739
4086,0,57,1,2,4,1,1,3978,2842,2756
4087,0,58,0,0,4,1,1,4043,2732,-1
4088,0,57,1,1,4,1,0,4001,2767,2717
4091,0,61,1,0,4,1,1,4046,2788,2716
4092,0,60,0,0,4,1,1,4071,2747,-1
4093,0,56,1,1,4,1,0,3882,2812,2730
4094,0,41,0,0,4,1,1,4041,2752,-1
4095,0,60,1,5,4,1,1,4055,2894,2722
4096,0,58,1,1,4,1,0,4088,2779,2724
4097,0,59,1,0,4,1,1,4066,2827,2751
4098,0,61,1,0,4,1,1,4046,2779,2739
4101,0,60,0,0,4,1,1,4080,2825,-1
4103,0,60,1,7,4,1,1,4055,2950,2733
4104,0,61,1,0,4,1,1,4095,2776,2742
4105,0,59,0,0,4,1,1,4063,2758,-1
4108,0,57,1,4,4,1,0,4093,2831,2759
4109,0,57,1,0,4,1,0,4001,2783,2736
4110,0,59,1,2,4,1,1,4045,2789,2738
4111,0,61,0,0,4,1,1,4064,2772,-1
4114,0,61,1,0,4,1,1,4103,2767,2741
4115,0,62,0,0,4,1,1,4091,2774,-1
4117,0,58,1,2,4,1,1,3947,2817,2760
4119,0,61,1,0,4,1,1,4070,2771,2755
4120,0,58,0,0,4,1,0,4109,2756,-1
4121,0,56,1,0,4,1,0,3882,2774,2741
4122,0,59,1,0,4,1,0,4096,2837,2745
4123,0,60,1,0,4,1,1,4110,2793,2743
4124,0,63,1,0,4,1,1,4084,2774,2743
4125,0,60,1,0,4,1,1,4055,2765,2744
4126,0,60,0,0,5,1,0,4029,2766,-1
4127,0,57,0,0,4,1,0,4121,2774,-1
4128,0,62,0,0,4,1,1,4114,2762,-1
4129,0,58,0,0,4,1,0,4088,2767,-1
4130,0,61,0,0,4,1,1,4123,2763,-1
4131,0,64,0,0,4,1,1,4124,2774,-1
4132,0,61,0,0,4,1,1,4125,2765,-1
4133,0,62,1,2,4,1,1,4078,2845,2768
4134,0,60,0,0,4,1,0,4122,2832,-1
4136,0,61,0,0,4,1,1,4046,2772,-1
4139,0,62,0,0,4,1,1,4104,2776,-1
4140,0,61,0,0,4,1,1,4095,2794,-1
4141,0,60,1,1,4,1,1,4055,2984,2762
4142,0,63,0,0,4,1,1,4084,2776,-1
4143,0,60,1,0,4,1,1,4110,2827,2757
4144,0,59,0,0,4,1,0,4096,2779,-1
4145,0,60,0,0,4,1,1,4097,2775,-1
4146,0,62,0,0,4,1,1,4098,2779,-1
4147,0,58,1,0,4,1,0,4108,2796,2764
4148,0,57,1,2,4,1,1,3978,2883,2769
4149,0,61,0,0,4,1,1,4141,2829,-1
4150,0,59,1,0,4,1,1,4045,2838,2799
4152,0,59,1,2,4,1,1,4066,2825,2777
4153,0,58,1,0,4,1,1,4086,2803,2770
4155,0,59,0,0,4,1,1,4063,2837,-1
4159,0,58,1,0,4,1,1,3947,2796,2771
4161,0,61,1,1,4,1,1,4103,2853,2774
4162,0,60,0,0,4,1,1,4055,2795,-1
4164,0,57,0,0,4,1,0,4093,2812,-1
4165,0,59,1,3,4,1,1,4117,2945,2775
4166,0,58,1,5,4,1,0,4108,2889,2775
4168,0,61,0,0,4,1,1,4123,2793,-1
4169,0,59,0,0,4,1,0,4147,2796,-1
4171,0,58,1,0,4,1,1,4148,2834,2802
4173,0,59,0,0,4,1,1,4153,2803,-1
4175,0,59,0,0,4,1,1,4159,2796,-1
4178,0,62,1,0,4,1,1,4078,2804,2779
4179,0,61,1,0,4,1,1,4046,2806,2780
4180,0,62,1,0,4,1,1,4161,2861,2805
4182,0,60,1,1,4,1,1,4165,2840,2803
4183,0,59,1,0,4,1,0,4166,2824,2792
4184,0,58,1,1,4,1,1,4086,2832,2791
4185,0,60,1,0,4,1,1,4152,2814,2782
4189,0,63,1,0,4,1,1,4133,2821,2796
4192,0,62,0,0,4,1,1,4179,2806,-1
4194,0,59,1,2,4,1,1,4117,2892,2786
4195,0,58,1,0,4,1,0,4108,2851,2792
4196,0,61,0,0,4,1,0,4185,2814,-1
4198,0,59,1,2,4,1,1,4066,2853,2801
4199,0,62,1,0,4,1,1,4078,2821,2790
4200,0,61,0,0,4,1,1,4046,2810,-1
4202,0,60,1,0,4,1,1,4194,2836,2809
4205,0,60,1,0,4,1,1,4152,2817,2793
4206,0,63,0,0,4,1,1,4199,2821,-1
4207,0,59,0,0,4,1,1,4117,2811,-1
4210,0,60,0,0,4,1,0,4183,2818,-1
4211,0,59,1,3,4,1,1,4184,2974,2799
4213,0,61,0,0,4,1,1,4205,2817,-1
4217,0,58,0,0,4,1,1,4086,2842,-1
4218,0,61,1,0,4,1,1,4095,2851,2804
4219,0,59,1,0,4,1,0,4166,2874,2805
4220,0,58,1,0,5,1,0,4108,2839,2805
4223,0,60,0,0,4,1,1,4150,2834,-1
4224,0,60,0,0,4,1,1,4152,2825,-1
4226,0,63,1,0,4,1,1,4133,2845,2807
4227,0,60,1,0,4,1,1,4198,2855,2808
4230,0,59,1,0,4,1,1,4045,2915,2810
4231,0,61,1,2,4,1,1,4182,2906,2810
4232,0,59,0,0,4,1,1,4184,2826,-1
4233,0,61,1,0,4,1,1,4095,2877,2838
4235,0,62,0,0,4,1,1,4161,2853,-1
4237,0,60,1,1,4,1,1,4165,2890,2829
4238,0,59,1,1,4,1,0,4166,2932,2824
4240,0,62,0,0,3,1,0,4218,2834,-1
4241,0,63,0,0,4,1,1,4133,2841,-1
4242,0,60,1,6,4,1,1,4198,2999,2825
4244,0,61,0,0,4,1,1,4202,2836,-1
4246,0,59,0,0,4,1,1,4045,2852,-1
4247,0,64,0,0,4,1,1,4226,2845,-1
4248,0,62,0,0,4,1,1,4231,2854,-1
4249,0,60,1,0,4,1,1,4211,2858,2833
4250,0,60,1,5,4,1,1,4194,3081,2837
4254,0,61,1,0,4,1,1,4103,2891,2858
4255,0,60,0,0,4,1,0,4219,2874,-1
4257,0,59,1,0,4,1,1,4066,2865,2834
4260,0,61,0,0,4,1,1,4227,2845,-1
4262,0,61,1,0,4,1,1,4237,2859,2841
4263,0,59,1,0,4,1,0,4166,2875,2850
4264,0,61,1,0,4,1,1,4242,2898,2845
4266,0,58,1,1,4,1,1,4148,2911,2835
4267,0,60,0,0,4,1,1,4198,2853,-1
4270,0,61,0,0,4,1,1,4249,2858,-1
4271,0,60,0,0,4,1,1,4257,2865,-1
4272,0,63,0,0,4,1,1,4180,2861,-1
4273,0,60,1,0,4,1,1,4165,2888,2873
4274,0,59,1,1,4,1,1,4266,2949,2882
4279,0,61,1,0,4,1,1,4250,2864,2842
4280,0,62,0,0,5,1,0,4233,2877,-1
4283,0,60,1,0,4,1,1,4211,2872,2859
4285,0,62,0,0,4,1,1,4262,2859,-1
4286,0,62,0,0,4,1,0,4279,2864,-1
4288,0,60,0,0,4,1,1,4194,2892,-1
4289,0,61,1,0,4,1,1,4095,2870,2849
4293,0,61,1,0,4,1,1,4250,2906,2876
4294,0,62,0,0,4,1,1,4289,2870,-1
4295,0,60,0,0,4,1,0,4263,2872,-1
4299,0,60,1,1,4,1,0,4238,2949,2861
4302,0,58,1,0,4,1,1,3947,2899,2869
4304,0,61,1,5,4,1,1,4242,3081,2893
4305,0,61,1,1,4,1,1,4095,2907,2860
4307,0,59,1,2,4,1,0,4166,3001,2861
4310,0,62,1,0,4,1,1,4305,2901,2866
4312,0,61,1,0,4,1,0,4299,2917,2891
4313,0,60,1,0,4,1,0,4307,2886,2866
4314,0,62,0,0,4,1,1,4254,2891,-1
4315,0,61,1,0,4,1,1,4103,2897,2868
4317,0,62,1,0,5,1,0,4231,2909,2878
4319,0,61,0,0,4,1,0,4313,2886,-1
4320,0,59,0,0,4,1,0,4166,2889,-1
4321,0,61,0,0,4,1,1,4095,2894,-1
4322,0,61,0,0,4,1,1,4237,2890,-1
4323,0,63,0,0,4,1,1,4310,2901,-1
4324,0,59,0,0,4,1,1,4302,2899,-1
4329,0,62,0,0,4,1,1,4305,2907,-1
4330,0,62,0,0,4,1,1,4264,2898,-1
4331,0,61,1,3,4,1,1,4103,2961,2879
4333,0,58,1,4,4,1,1,3947,3151,2900
4334,0,62,0,0,4,1,1,4293,2906,-1
4336,0,63,0,0,5,1,0,4317,2909,-1
4337,0,62,1,1,4,1,1,4331,2974,2898
4339,0,60,0,0,4,1,1,4230,2915,-1
4340,0,62,1,1,4,1,1,4231,3002,2889
4343,0,59,0,0,4,1,1,4266,2911,-1
4344,0,63,0,0,4,1,1,4340,2929,-1
4346,0,61,1,1,4,1,1,4141,3076,2909
4352,0,60,0,0,4,1,1,4165,2945,-1
4354,0,62,0,0,4,1,0,4312,2917,-1
4355,0,61,1,3,4,1,1,4250,3084,2906
4356,0,60,1,0,4,1,1,4274,2924,2902
4360,0,61,0,0,4,1,0,4299,2949,-1
4361,0,60,1,0,4,1,1,4211,2939,2903
4363,0,61,1,0,4,1,1,4242,2931,2904
4364,0,59,1,3,4,1,1,4333,3023,2908
4365,0,62,1,1,4,1,1,4304,2972,2937
4367,0,60,0,0,4,1,0,4238,2928,-1
4368,0,61,0,0,4,1,1,4356,2924,-1
4369,0,61,1,0,4,1,1,4103,2961,2908
4370,0,62,1,0,4,1,1,4331,2955,2908
4371,0,61,0,0,4,1,1,4361,2939,-1
4372,0,62,0,0,4,1,1,4363,2931,-1
4374,0,58,1,0,4,1,1,3947,2963,2911
4377,0,62,1,0,4,1,1,4355,2967,2911
4379,0,60,0,0,4,1,1,4274,2949,-1
4380,0,60,1,1,4,1,1,4364,3031,2916
4381,0,60,0,0,4,1,1,4211,2938,-1
4382,0,62,0,0,4,1,1,4346,2931,-1
4384,0,61,1,0,4,1,1,4242,2964,2926
4385,0,63,0,0,4,1,1,4377,2967,-1
4387,0,60,1,1,4,1,0,4307,3005,2960
4388,0,61,1,2,4,1,1,4250,3043,2968
4389,0,63,1,3,4,1,1,4337,3012,2927
4390,0,61,1,0,4,1,1,4103,2992,2919
4391,0,62,1,0,4,1,1,4331,2946,2919
4393,0,62,1,3,4,1,1,4355,3012,2924
4394,0,62,0,0,4,1,1,4390,2940,-1
4395,0,63,0,0,4,1,1,4370,2955,-1
4397,0,63,1,0,4,1,1,4393,2982,2929
4398,0,61,1,1,4,1,1,4380,2966,2933
4399,0,63,0,0,4,1,1,4391,2946,-1
4400,0,61,0,0,4,1,1,4103,2950,-1
4401,0,62,0,0,4,1,1,4331,2952,-1
4403,0,59,1,0,4,1,1,4333,2963,2938
4404,0,62,0,0,4,1,1,4384,2964,-1
4406,0,64,0,0,4,1,1,4397,2950,-1
4407,0,64,1,1,4,1,1,4389,3017,2957
4408,0,62,1,0,4,1,1,4355,2992,2937
4409,0,60,1,0,4,1,1,4364,2960,2937
4412,0,61,1,0,4,1,1,4242,2968,2936
4415,0,63,0,0,4,1,1,4337,2974,-1
4416,0,62,1,0,4,1,1,4398,2970,2939
4417,0,63,1,1,4,1,1,4340,3008,2961
4418,0,63,1,1,4,1,1,4393,2998,2940
4419,0,62,0,0,4,1,1,4369,2961,-1
4420,0,59,0,0,4,1,1,4374,2963,-1
4421,0,63,1,0,4,1,1,4365,2973,2942
4422,0,62,0,0,4,1,1,4412,2968,-1
4425,0,63,0,0,4,1,1,4416,2968,-1
4426,0,61,0,0,4,1,1,4380,3031,-1
4427,0,60,0,0,4,1,1,4211,2974,-1
4428,0,61,1,1,4,1,1,4242,2990,2948
4430,0,62,0,0,4,1,1,4355,2971,-1
4432,0,63,0,0,4,1,0,4408,2992,-1
4433,0,64,1,0,4,1,1,4418,3004,2961
4436,0,59,1,1,4,1,1,4333,3041,2999
4439,0,63,0,0,4,1,1,4365,2972,-1
4440,0,62,1,1,4,1,1,4346,2991,2956
4441,0,62,1,2,4,1,1,4428,3071,2957
4443,0,63,1,2,4,1,1,4393,3132,2976
4445,0,61,0,0,4,1,1,4242,2999,-1
4447,0,62,1,4,4,1,1,4304,3141,2997
4448,0,63,1,0,4,1,1,4440,2981,2961
4449,0,64,0,0,4,1,1,4397,2982,-1
4450,0,63,1,0,4,1,1,4441,2982,2964
4452,0,61,1,0,4,1,0,4387,3017,2965
4454,0,65,1,0,4,1,1,4407,2998,2988
4456,0,64,1,3,4,1,1,4417,3061,2966
4457,0,64,0,0,4,1,1,4448,2981,-1
4461,0,64,1,1,4,1,1,4389,3023,2970
4462,0,62,0,0,4,1,1,4428,2990,-1
4463,0,64,0,0,4,1,1,4450,2982,-1
4464,0,62,0,0,6,1,0,4390,2992,-1
4465,0,60,0,0,4,1,0,4307,3001,-1
4467,0,65,1,1,4,1,1,4456,3008,2971
4469,0,63,0,0,4,1,1,4440,2991,-1
4471,0,62,1,1,4,1,1,4388,3056,2996
4472,0,63,0,0,4,1,1,4340,3002,-1
4473,0,62,0,0,4,1,0,4452,3017,-1
4474,0,60,1,1,4,1,1,4364,3087,2979
4476,0,61,0,0,4,1,0,4387,3005,-1
4477,0,65,1,1,4,1,1,4461,3069,2983
4479,0,66,1,1,4,1,1,4467,3021,2976
4483,0,61,1,4,4,1,1,4250,3154,3033
4484,0,64,0,0,4,1,1,4417,3008,-1
4485,0,64,1,0,4,1,1,4389,3023,2990
4486,0,67,1,2,4,1,1,4479,3080,2996
4487,0,65,1,1,4,1,1,4456,3082,2982
4488,0,65,0,0,4,1,1,4433,3004,-1
4489,0,64,0,0,4,1,1,4418,2998,-1
4491,0,61,0,0,4,1,1,4474,3023,-1
4496,0,66,0,0,4,1,1,4467,3008,-1
4497,0,63,0,0,4,1,1,4393,3012,-1
4499,0,60,0,0,4,1,1,4364,3023,-1
4500,0,65,0,0,4,1,1,4461,3023,-1
4501,0,65,0,0,4,1,1,4485,3023,-1
4503,0,66,1,0,4,1,1,4487,3038,2998
4507,0,66,1,4,4,1,1,4477,3291,3038
4508,0,62,0,0,4,1,1,4355,3084,-1
4510,0,63,1,0,4,1,1,4441,3067,3037
4511,0,65,0,0,5,1,0,4407,3017,-1
4512,0,68,1,2,4,1,1,4486,3137,3027
4513,0,63,1,0,4,1,1,4471,3028,3002
4514,0,63,1,1,4,1,1,4447,3092,3007
4516,0,67,0,0,4,1,1,4503,3020,-1
4518,0,60,1,1,4,1,1,4436,3083,3004
4520,0,67,0,0,4,1,1,4479,3021,-1
4523,0,64,0,0,4,1,1,4513,3028,-1
4524,0,62,1,1,4,1,1,4388,3091,3009
4526,0,62,0,0,4,1,1,4346,3076,-1
4530,0,59,0,0,4,1,1,4333,3037,-1
4532,0,63,0,0,4,1,1,4471,3056,-1
4533,0,63,0,0,4,1,1,4524,3041,-1
4534,0,62,1,0,4,1,1,4304,3054,3024
4535,0,60,0,0,4,1,1,4436,3041,-1
4536,0,61,1,4,4,1,1,4518,3184,3038
4539,0,64,1,0,4,1,1,4443,3102,3071
4542,0,64,1,0,4,1,1,4514,3054,3036
4544,0,63,1,1,4,1,1,4447,3107,3034
4546,0,65,1,4,4,1,1,4456,3219,3030
4551,0,69,1,0,4,1,1,4512,3062,3032
4553,0,62,1,0,4,1,1,4304,3055,3035
4555,0,62,1,3,4,1,1,4483,3144,3037
4556,0,68,1,1,4,1,1,4486,3097,3057
4557,0,61,1,2,4,1,1,4474,3150,3048
4558,0,65,0,0,4,1,1,4456,3061,-1
4559,0,70,0,0,4,1,1,4551,3062,-1
4560,0,64,0,0,4,1,1,4510,3067,-1
4562,0,63,1,0,4,1,1,4555,3123,3066
4563,0,66,0,0,4,1,1,4487,3072,-1
4564,0,62,1,0,4,1,1,4536,3117,3095
4565,0,67,1,1,4,1,1,4507,3097,3052
4566,0,69,1,0,4,1,1,4512,3092,3062
4567,0,63,1,1,4,1,1,4447,3126,3045
4568,0,59,1,0,4,1,1,4333,3114,3078
4569,0,62,1,0,4,1,1,4304,3084,3046
4571,0,64,0,0,4,1,1,4514,3092,-1
4573,0,63,0,0,4,1,1,4441,3071,-1
4574,0,62,1,2,4,1,1,4483,3114,3057
4575,0,61,0,0,4,1,1,4518,3068,-1
4576,0,64,1,0,4,1,1,4567,3161,3106
4577,0,61,0,0,5,1,0,4250,3080,-1
4578,0,66,0,0,4,1,1,4477,3069,-1
4579,0,62,1,3,4,1,1,4557,3142,3063
4580,0,68,1,2,4,1,1,4565,3151,3067
4581,0,63,1,1,4,1,1,4524,3101,3063
4584,0,69,1,2,4,1,1,4556,3187,3081
4585,0,63,1,0,4,1,1,4574,3090,3062
4587,0,67,1,1,4,1,1,4507,3120,3066
4588,0,64,1,0,4,1,1,4544,3094,3069
4590,0,64,0,0,4,1,1,4585,3090,-1
4591,0,70,0,0,4,1,1,4566,3082,-1
4592,0,64,1,0,4,1,1,4581,3125,3067
4593,0,62,1,1,4,1,1,4483,3158,3094
4594,0,66,1,1,4,1,1,4546,3153,3091
4595,0,63,1,0,4,1,1,4579,3110,3087
4596,0,68,1,0,4,1,1,4587,3113,3091
4598,0,69,0,0,4,1,1,4512,3137,-1
4599,0,63,1,0,4,1,1,4574,3107,3073
4600,0,63,0,0,4,1,1,4524,3091,-1
4601,0,65,0,0,4,1,1,4588,3094,-1
4603,0,62,1,0,4,1,1,4557,3098,3087
4605,0,63,1,0,4,1,1,4447,3147,3106
4606,0,65,0,0,4,1,1,4539,3102,-1
4607,0,63,1,2,4,1,1,4555,3207,3076
4608,0,67,1,0,4,1,1,4507,3120,3095
4609,0,64,0,0,4,1,1,4544,3106,-1
4611,0,68,0,0,4,1,1,4565,3097,-1
4612,0,64,1,1,4,1,1,4443,3181,3098
4614,0,60,0,0,4,1,1,4568,3114,-1
4615,0,64,0,0,4,1,1,4599,3107,-1
4619,0,70,1,5,4,1,1,4584,3259,3127
4622,0,64,0,0,4,1,1,4562,3123,-1
4625,0,59,0,0,4,1,1,4333,3116,-1
4627,0,64,0,0,4,1,1,4595,3110,-1
4632,0,65,0,0,4,1,1,4592,3125,-1
4633,0,69,0,0,4,1,1,4596,3113,-1
4634,0,63,1,1,4,1,1,4579,3239,3107
4635,0,62,0,0,4,1,1,4557,3150,-1
4638,0,68,0,0,4,1,1,4608,3120,-1
4639,0,63,1,0,4,1,1,4555,3130,3105
4640,0,63,0,0,4,1,1,4564,3117,-1
4641,0,69,1,0,4,1,1,4580,3127,3100
4643,0,66,1,0,4,1,1,4546,3163,3134
4645,0,67,1,1,4,1,1,4594,3139,3107
4646,0,68,0,0,4,1,1,4587,3120,-1
4649,0,70,0,0,4,1,1,4641,3127,-1
4650,0,62,1,1,4,1,1,4483,3180,3105
4652,0,62,1,1,4,1,1,4536,3157,3106
4653,0,63,1,1,4,1,1,4593,3152,3119
4654,0,67,0,0,4,1,1,4507,3146,-1
4656,0,64,0,0,4,1,1,4443,3132,-1
4657,0,63,0,0,4,1,1,4650,3127,-1
4658,0,64,0,0,4,1,1,4639,3130,-1
4659,0,63,1,0,4,1,1,4652,3209,3111
4660,0,69,1,7,4,1,1,4580,3270,3122
4661,0,64,0,0,4,1,1,4605,3147,-1
4663,0,65,0,0,4,1,1,4576,3161,-1
4665,0,68,1,0,4,1,1,4645,3130,3112
4667,0,64,1,0,4,1,1,4634,3169,3149
4668,0,64,0,0,4,1,1,4659,3141,-1
4669,0,63,0,0,4,1,1,4555,3131,-1
4671,0,63,0,0,4,1,1,4447,3141,-1
4672,0,63,1,7,4,1,1,4579,3273,3120
4676,0,67,0,0,4,1,1,4594,3153,-1
4678,0,63,0,0,4,1,1,4652,3157,-1
4679,0,68,0,0,4,1,1,4645,3139,-1
4680,0,65,1,0,4,1,1,4612,3173,3146
4681,0,64,1,0,4,1,1,4653,3178,3128
4684,0,70,1,1,4,1,1,4660,3178,3130
4688,0,63,0,0,4,1,1,4593,3158,-1
4689,0,64,1,0,4,1,1,4607,3179,3130
4692,0,62,0,0,4,1,1,4483,3154,-1
4693,0,71,1,0,4,1,1,4619,3154,3132
4694,0,63,1,2,4,1,1,4650,3215,3134
4698,0,71,1,0,4,1,1,4684,3161,3147
4699,0,65,0,0,4,1,1,4689,3179,-1
4700,0,64,1,2,4,1,1,4672,3195,3146
4702,0,72,0,0,4,1,1,4693,3154,-1
4703,0,64,1,1,4,1,1,4694,3221,3162
4704,0,67,0,0,4,1,1,4643,3163,-1
4705,0,62,1,1,4,1,1,4536,3241,3139
4706,0,70,1,0,4,1,1,4660,3195,3140
4707,0,64,1,5,4,1,1,4607,3423,3166
4708,0,71,1,2,4,1,1,4619,3240,3143
4711,0,63,0,0,4,1,1,4650,3180,-1
4712,0,71,0,0,4,1,1,4706,3195,-1
4713,0,63,1,2,4,1,1,4705,3234,3163
4717,0,72,0,0,4,1,1,4708,3163,-1
4720,0,62,1,0,4,1,1,4536,3222,3150
4721,0,65,1,0,4,1,1,4700,3195,3151
4722,0,66,0,0,4,1,1,4680,3173,-1
4723,0,70,1,0,4,1,1,4660,3179,3151
4724,0,70,1,2,4,1,1,4584,3263,3156
4725,0,71,1,1,4,1,1,4619,3198,3156
4730,0,71,0,0,4,1,1,4723,3176,-1
4731,0,65,0,0,4,1,1,4612,3178,-1
4735,0,71,0,0,4,1,1,4684,3178,-1
4736,0,65,0,0,4,1,1,4681,3178,-1
4737,0,66,1,1,4,1,1,4546,3221,3170
4738,0,72,1,0,4,1,1,4725,3185,3162
4739,0,62,0,0,4,1,1,4536,3184,-1
4741,0,65,1,1,4,1,1,4700,3242,3161
4742,0,67,1,0,4,1,1,4507,3250,3197
4743,0,70,1,1,4,1,1,4660,3227,3162
4748,0,71,1,1,4,1,1,4724,3222,3185
4749,0,70,0,0,4,1,1,4584,3183,-1
4750,0,65,1,1,4,1,1,4703,3324,3186
4751,0,71,1,3,4,1,1,4619,3290,3168
4752,0,71,1,2,4,1,1,4743,3334,3199
4754,0,73,0,0,4,1,1,4738,3185,-1
4755,0,64,1,0,4,1,1,4713,3209,3167
4756,0,66,1,7,4,1,1,4741,3375,3194
4757,0,64,0,0,4,1,1,4659,3201,-1
4758,0,63,0,0,4,1,1,4720,3222,-1
4759,0,64,1,0,4,1,1,4672,3242,3175
4760,0,66,0,0,4,1,1,4721,3195,-1
4761,0,65,0,0,4,1,1,4700,3195,-1
4762,0,64,0,0,4,1,1,4634,3239,-1
4763,0,64,1,0,4,1,1,4694,3220,3188
4764,0,70,1,0,4,1,1,4660,3206,3177
4766,0,72,1,0,4,1,1,4708,3209,3194
4768,0,67,1,1,4,1,1,4737,3235,3178
4770,0,64,0,0,4,1,1,4607,3207,-1
4771,0,66,1,1,4,1,1,4546,3223,3182
4773,0,71,1,0,4,1,1,4619,3287,3224
4776,0,64,1,0,4,1,1,4713,3244,3183
4777,0,65,0,0,4,1,1,4755,3209,-1
4779,0,65,0,0,4,1,1,4759,3211,-1
4780,0,71,0,0,4,1,1,4764,3206,-1
4782,0,68,1,3,4,1,1,4768,3288,3193
4784,0,64,1,3,4,1,1,4672,3377,3185
4789,0,66,0,0,4,1,1,4750,3228,-1
4790,0,72,1,0,4,1,1,4751,3239,3193
4791,0,72,1,0,4,1,1,4748,3233,3192
4794,0,65,1,2,4,1,1,4707,3268,3213
4795,0,67,0,0,4,1,1,4737,3221,-1
4796,0,65,0,0,4,1,1,4763,3217,-1
4797,0,70,1,0,4,1,1,4660,3248,3222
4798,0,67,1,2,4,1,1,4771,3301,3196
4799,0,64,1,1,4,1,1,4672,3266,3196
4800,0,71,1,0,4,1,1,4724,3227,3214
4803,0,65,0,0,4,1,1,4703,3221,-1
4805,0,64,0,0,4,1,1,4713,3234,-1
4806,0,67,1,0,4,1,1,4756,3223,3200
4809,0,72,0,0,4,1,1,4748,3222,-1
4810,0,69,1,4,4,1,1,4782,3393,3205
4811,0,65,1,1,4,1,1,4784,3299,3204
4812,0,72,1,0,4,1,1,4708,3245,3205
4813,0,66,0,0,4,1,1,4741,3242,-1
4816,0,67,0,0,4,1,1,4507,3291,-1
4818,0,64,1,0,4,1,1,4672,3244,3211
4819,0,71,0,0,4,1,1,4743,3227,-1
4823,0,67,1,1,4,1,1,4756,3279,3214
4825,0,72,1,0,4,1,1,4752,3259,3230
4826,0,68,0,0,4,1,1,4768,3231,-1
4827,0,73,0,0,4,1,1,4791,3233,-1
4828,0,72,0,0,4,1,1,4708,3237,-1
4829,0,73,0,0,4,1,1,4790,3239,-1
4831,0,63,0,0,4,1,1,4705,3241,-1
4832,0,66,1,5,4,1,1,4794,3429,3230
4834,0,64,1,0,4,1,1,4672,3249,3229
4838,0,68,1,0,4,1,1,4798,3273,3232
4839,0,65,1,0,4,1,1,4799,3249,3226
4841,0,66,1,0,4,1,1,4811,3265,3238
4842,0,73,0,0,4,1,1,4812,3245,-1
4845,0,65,0,0,4,1,1,4818,3244,-1
4847,0,72,1,0,4,1,1,4751,3257,3227
4849,0,71,0,0,4,1,1,4797,3248,-1
4850,0,66,0,0,4,1,1,4839,3249,-1
4853,0,69,1,2,4,1,1,4782,3336,3232
4854,0,70,0,0,4,1,1,4810,3264,-1
4855,0,70,1,1,4,1,1,4660,3303,3246
4856,0,65,0,0,4,1,1,4834,3249,-1
4857,0,73,0,0,4,1,1,4847,3257,-1
4858,0,71,0,0,4,1,1,4724,3263,-1
4859,0,71,0,0,4,1,1,4619,3259,-1
4860,0,65,1,0,4,1,1,4784,3324,3276
4862,0,65,0,0,4,1,1,4799,3266,-1
4863,0,67,1,0,4,1,1,4832,3282,3238
4865,0,64,1,0,4,1,1,4672,3291,3241
4866,0,65,1,2,4,1,1,4707,3410,3247
4867,0,67,1,0,4,1,1,4756,3386,3242
4868,0,66,1,0,4,1,1,4794,3266,3242
4870,0,72,1,1,4,1,1,4751,3364,3273
4873,0,72,1,1,4,1,1,4752,3367,3269
4874,0,70,1,3,4,1,1,4853,3380,3290
4877,0,66,1,0,4,1,1,4750,3321,3254
4878,0,68,1,0,4,1,1,4798,3416,3274
4881,0,65,0,0,4,1,1,4865,3268,-1
4882,0,68,0,0,4,1,1,4867,3262,-1
4883,0,68,1,2,4,1,1,4823,3301,3248
4887,0,67,1,0,4,1,1,4832,3284,3253
4888,0,64,0,0,4,1,1,4672,3273,-1
4889,0,67,1,3,4,1,1,4756,3369,3270
4893,0,69,1,0,4,1,1,4782,3284,3255
4896,0,70,0,0,4,1,1,4660,3270,-1
4897,0,65,1,0,4,1,1,4707,3281,3258
4898,0,68,0,0,4,1,1,4823,3275,-1
4899,0,67,0,0,4,1,1,4877,3289,-1
4900,0,70,0,0,4,1,1,4893,3284,-1
4902,0,71,1,2,4,1,1,4855,3303,3266
4905,0,67,1,0,4,1,1,4832,3344,3269
4907,0,69,1,0,4,1,1,4883,3307,3264
4908,0,66,0,0,4,1,1,4750,3323,-1
4909,0,69,0,0,4,1,1,4782,3284,-1
4910,0,68,0,0,4,1,1,4863,3282,-1
4912,0,72,0,0,4,1,1,4773,3287,-1
4914,0,70,0,0,4,1,1,4907,3307,-1
4917,0,72,1,0,4,1,1,4902,3317,3271
4918,0,70,1,2,4,1,1,4810,3433,3296
4920,0,68,0,0,4,1,1,4905,3326,-1
4921,0,73,1,0,4,1,1,4873,3361,3335
4922,0,69,1,0,4,1,1,4883,3316,3275
4923,0,73,0,0,4,1,1,4917,3317,-1
4924,0,71,0,0,4,1,1,4855,3295,-1
4926,0,66,0,0,4,1,1,4811,3299,-1
4927,0,69,0,0,4,1,1,4878,3416,-1
4928,0,66,1,3,4,1,1,4866,3380,3290
4930,0,72,0,0,4,1,1,4752,3334,-1
4931,0,66,0,0,4,1,1,4860,3324,-1
4932,0,72,1,0,4,1,1,4902,3309,3282
4935,0,68,0,0,4,1,1,4798,3301,-1
4937,0,69,0,0,4,1,1,4883,3301,-1
4942,0,70,0,0,4,1,1,4922,3316,-1
4944,0,67,0,0,4,1,1,4832,3324,-1
4947,0,65,1,0,4,1,1,4784,3337,3311
4948,0,67,1,0,4,1,1,4928,3311,3294
4950,0,71,1,1,4,1,1,4874,3336,3295
4952,0,68,0,0,4,1,1,4948,3311,-1
4953,0,72,1,3,4,1,1,4950,3416,3301
4954,0,66,1,0,4,1,1,4866,3327,3300
4955,0,70,1,0,4,1,1,4853,3348,3302
4956,0,67,1,3,4,1,1,4756,3433,3305
4957,0,71,1,2,4,1,1,4918,3424,3313
4963,0,73,1,1,4,1,1,4870,3361,3308
4964,0,67,1,0,4,1,1,4928,3389,3306
4966,0,71,1,0,4,1,1,4874,3362,3306
4967,0,65,1,0,4,1,1,4707,3348,3323
4968,0,70,1,0,4,1,1,4810,3325,3307
4972,0,73,1,0,4,1,1,4953,3351,3323
4973,0,71,0,0,4,1,1,4955,3348,-1
4974,0,68,1,0,4,1,1,4889,3343,3321
4975,0,68,1,1,4,1,1,4956,3406,3314
4976,0,72,0,0,4,1,1,4950,3336,-1
4978,0,72,0,0,4,1,1,4966,3362,-1
4979,0,70,0,0,4,1,1,4853,3336,-1
4980,0,66,0,0,4,1,1,4866,3410,-1
4981,0,66,0,0,4,1,1,4947,3337,-1
4984,0,74,1,0,4,1,1,4963,3359,3345
4985,0,71,1,1,4,1,1,4874,3377,3344
4986,0,70,1,0,4,1,1,4810,3380,3319
4987,0,73,0,0,4,1,1,4870,3357,-1
4988,0,72,1,1,4,1,1,4957,3418,3366
4991,0,67,1,1,4,1,1,4928,3386,3326
4992,0,71,1,0,4,1,1,4918,3360,3327
4993,0,65,0,0,4,1,1,4784,3377,-1
4995,0,66,0,0,4,1,1,4967,3348,-1
4996,0,74,0,0,4,1,1,4972,3351,-1
4997,0,69,0,0,4,1,1,4974,3343,-1
4999,0,68,0,0,4,1,1,4964,3389,-1
5001,0,70,1,5,4,1,1,4810,3545,3330
5002,0,68,1,0,4,1,1,4991,3389,3350
5003,0,68,1,2,4,1,1,4889,3398,3331
5004,0,67,1,0,4,1,1,4756,3359,3333
5005,0,73,1,1,4,1,1,4953,3397,3358
5006,0,68,1,0,4,1,1,4956,3384,3361
5007,0,71,1,0,4,1,1,5001,3428,3395
5008,0,69,1,1,4,1,1,5003,3401,3358
5009,0,67,0,0,4,1,1,4928,3377,-1
5011,0,68,0,0,4,1,1,5004,3359,-1
5012,0,74,0,0,4,1,1,4921,3361,-1
5014,0,65,0,0,4,1,1,4707,3365,-1
5016,0,70,0,0,4,1,1,4810,3393,-1
5018,0,68,1,0,4,1,1,4889,3361,3342
5019,0,67,1,8,4,1,1,4756,3543,3344
5020,0,69,0,0,4,1,1,5018,3361,-1
5022,0,72,1,3,4,1,1,4985,3421,3349
5025,0,68,1,3,4,1,1,5019,3489,3357
5026,0,73,0,0,4,1,1,4873,3367,-1
5029,0,73,1,0,4,1,1,5022,3379,3353
5030,0,69,1,1,4,1,1,4975,3414,3362
5031,0,67,0,0,4,1,1,4756,3375,-1
5033,0,72,0,0,4,1,1,4985,3377,-1
5034,0,71,0,0,4,1,1,4986,3380,-1
5035,0,68,0,0,4,1,1,4991,3386,-1
5036,0,67,1,1,4,1,1,4832,3435,3370
5037,0,74,1,1,4,1,1,5005,3396,3363
5038,0,70,1,0,4,1,1,5008,3392,3366
5041,0,73,1,0,4,1,1,5022,3393,3364
5046,0,69,0,0,4,1,1,5006,3384,-1
5048,0,70,1,1,4,1,1,5030,3463,3371
5049,0,68,1,1,4,1,1,5019,3433,3367
5050,0,75,1,0,4,1,1,5037,3436,3380
5052,0,73,1,0,4,1,1,4953,3419,3383
5053,0,69,1,0,4,1,1,5003,3387,3369
5054,0,73,1,2,4,1,1,4988,3478,3373
5055,0,71,0,0,4,1,1,5038,3392,-1
5056,0,74,0,0,4,1,1,5041,3393,-1
5057,0,68,1,1,4,1,1,4956,3437,3379
5058,0,69,1,0,4,1,1,5049,3412,3391
5059,0,69,0,0,4,1,1,4975,3389,-1
5061,0,74,0,0,4,1,1,5005,3397,-1
5062,0,70,0,0,4,1,1,5053,3387,-1
5063,0,68,1,0,4,1,1,5019,3477,3386
5065,0,73,1,2,4,1,1,5022,3475,3380
5067,0,65,1,11,4,1,1,4707,3693,3383
5068,0,67,1,2,4,1,1,4832,3476,3398
5070,0,69,0,0,4,1,1,5003,3398,-1
5071,0,68,1,0,4,1,1,5036,3532,3397
5074,0,70,0,0,4,1,1,5030,3414,-1
5078,0,74,1,0,4,1,0,5065,3469,3401
5080,0,76,0,0,4,1,1,5050,3436,-1
5081,0,74,1,0,4,1,1,5054,3427,3401
5082,0,74,0,0,4,1,1,5052,3419,-1
5083,0,66,1,0,4,1,1,5067,3463,3421
5088,0,72,1,0,4,1,1,4957,3451,3399
5089,0,71,1,0,4,1,1,5048,3436,3408
5090,0,69,0,0,4,1,1,5025,3416,-1
5092,0,68,1,1,4,1,1,5019,3490,3396
5093,0,73,0,0,4,1,1,5022,3421,-1
5094,0,73,0,0,4,1,1,4953,3416,-1
5096,0,65,0,0,4,1,1,4707,3423,-1
5098,0,69,1,2,4,1,1,5057,3475,3409
5100,0,69,0,0,4,1,1,5092,3418,-1
5103,0,68,1,0,4,1,1,5068,3423,3403
5105,0,69,0,0,4,1,1,5049,3433,-1
5106,0,71,1,0,4,1,1,5001,3445,3406
5107,0,75,0,0,4,1,1,5081,3426,-1
5108,0,68,0,0,4,1,1,5036,3435,-1
5109,0,72,0,0,4,1,1,5007,3428,-1
5111,0,72,0,0,4,1,1,5106,3445,-1
5112,0,67,0,0,4,1,1,4832,3429,-1
5113,0,74,1,2,4,1,1,5065,3492,3429
5114,0,68,0,0,4,1,1,4956,3433,-1
5115,0,69,0,0,4,1,1,5063,3477,-1
5116,0,70,1,0,4,1,1,5098,3459,3439
5121,0,69,0,0,4,1,1,5057,3435,-1
5122,0,68,1,1,4,1,1,5068,3573,3425
5123,0,73,0,0,5,1,0,5088,3451,-1
5126,0,69,0,0,4,1,1,5071,3443,-1
5128,0,67,0,0,4,1,1,5083,3463,-1
5130,0,69,1,0,4,1,1,5025,3461,3433
5133,0,71,1,2,4,1,1,5001,3492,3434
5135,0,69,1,2,4,1,1,5122,3490,3446
5137,0,68,1,4,4,1,1,5019,3655,3465
5140,0,66,1,1,4,1,1,5067,3484,3433
5142,0,75,1,1,4,1,1,5113,3492,3434
5143,0,74,1,0,4,1,1,5054,3474,3444
5148,0,69,1,0,4,1,1,5092,3507,3444
5149,0,76,1,2,4,1,1,5142,3681,3438
5150,0,72,1,0,4,1,1,5133,3489,3442
5152,0,74,0,0,4,1,1,5065,3475,-1
5157,0,67,1,0,4,1,1,5140,3483,3452
5158,0,71,0,0,4,1,1,5048,3458,-1
5159,0,69,1,3,4,1,1,5025,3528,3444
5160,0,77,1,0,4,1,1,5149,3509,3463
5161,0,66,1,1,4,1,1,5067,3481,3444
5162,0,75,1,0,4,1,1,5113,3500,3469
5163,0,71,1,3,4,1,1,5001,3683,3458
5164,0,68,0,0,4,1,1,5068,3476,-1
5165,0,73,0,0,4,1,1,5150,3489,-1
5166,0,76,0,0,4,1,1,5142,3492,-1
5167,0,70,1,1,4,1,1,5098,3504,3450
5168,0,70,1,2,4,1,1,5135,3571,3454
5169,0,72,1,0,4,1,1,5133,3491,3453
5170,0,67,1,0,4,1,1,5161,3507,3463
5171,0,75,0,0,4,1,1,5143,3474,-1
5172,0,66,1,3,4,1,1,5067,3581,3454
5173,0,71,1,1,4,1,1,5167,3516,3461
5174,0,69,1,1,4,1,1,5025,3522,3456
5176,0,74,0,0,4,1,1,5054,3478,-1
5177,0,69,0,0,4,1,1,5092,3490,-1
5178,0,71,1,0,4,1,1,5168,3502,3460
5179,0,69,0,0,4,1,1,5071,3532,-1
5180,0,70,0,0,4,1,1,5098,3475,-1
5181,0,70,1,0,4,1,1,5159,3515,3476
5182,0,70,1,1,4,1,1,5174,3588,3472
5183,0,72,1,2,4,1,1,5163,3669,3526
5184,0,67,0,0,4,1,1,5140,3483,-1
5186,0,72,0,0,4,1,1,5133,3492,-1
5187,0,68,0,0,4,1,1,5157,3483,-1
5188,0,70,1,2,4,1,1,5135,3573,3466
5189,0,66,1,0,4,1,1,5067,3519,3467
5190,0,72,1,0,4,1,1,5173,3510,3475
5192,0,69,0,0,4,1,1,5025,3483,-1
5195,0,68,0,0,4,1,1,5170,3507,-1
5196,0,71,1,5,4,1,1,5001,3666,3506
5197,0,69,0,0,4,1,1,5137,3490,-1
5198,0,68,1,1,4,1,1,5019,3535,3478
5201,0,77,1,1,4,1,1,5149,3567,3502
5202,0,76,0,0,4,1,1,5162,3496,-1
5205,0,71,0,0,4,1,1,5167,3496,-1
5206,0,71,1,0,4,1,1,5168,3515,3485
5208,0,67,1,1,4,1,1,5172,3514,3481
5209,0,72,0,0,4,1,1,5178,3502,-1
5211,0,71,0,0,4,1,1,5188,3496,-1
5213,0,67,0,0,4,1,1,5189,3505,-1
5214,0,78,0,0,4,1,1,5160,3509,-1
5216,0,70,0,0,4,1,1,5174,3522,-1
5217,0,70,1,0,4,1,1,5159,3508,3488
5218,0,68,1,2,4,1,1,5208,3563,3489
5221,0,66,1,0,4,1,1,5067,3573,3551
5222,0,68,1,0,4,1,1,5019,3540,3490
5223,0,72,0,0,4,1,1,5206,3515,-1
5224,0,71,0,0,4,1,1,5182,3525,-1
5225,0,69,1,0,4,1,1,5198,3519,3497
5226,0,67,1,0,4,1,1,5172,3573,3493
5229,0,69,1,0,4,1,1,5218,3575,3494
5234,0,69,0,0,4,1,1,5222,3540,-1
5236,0,72,0,0,4,1,1,5173,3515,-1
5237,0,71,0,0,4,1,1,5181,3515,-1
5240,0,70,1,5,4,1,1,5159,3595,3499
5241,0,70,0,0,4,1,1,5229,3575,-1
5242,0,68,1,1,4,1,1,5019,3578,3505
5244,0,69,1,4,4,1,1,5137,3595,3525
5245,0,71,1,0,4,1,1,5240,3524,3505
5248,0,69,0,0,4,1,1,5198,3535,-1
5251,0,70,0,0,4,1,1,5159,3528,-1
5252,0,67,0,0,4,1,1,5172,3541,-1
5253,0,69,1,0,4,1,1,5242,3629,3543
5254,0,72,1,2,4,1,1,5196,3573,3511
5258,0,77,0,0,4,1,1,5149,3681,-1
5260,0,78,1,2,5,1,0,5201,3663,3538
5262,0,68,0,0,4,1,1,5019,3543,-1
5263,0,71,0,0,4,1,1,5168,3533,-1
5264,0,71,1,1,4,1,1,5188,3603,3531
5265,0,71,0,0,4,1,1,5001,3545,-1
5266,0,69,0,0,4,1,1,5122,3573,-1
5267,0,71,1,1,4,1,1,5240,3571,3522
5272,0,69,1,1,4,1,1,5218,3605,3526
5273,0,73,1,1,4,1,1,5254,3560,3522
5274,0,72,1,2,4,1,1,5196,3628,3522
5279,0,74,1,0,4,1,1,5273,3550,3531
5282,0,70,1,0,4,1,1,5244,3569,3529
5283,0,73,1,0,4,1,1,5183,3555,3538
5284,0,70,0,0,4,1,1,5272,3550,-1
5286,0,72,1,0,4,1,1,5196,3555,3533
5287,0,71,1,0,4,1,1,5240,3572,3533
5288,0,73,1,1,4,1,1,5254,3598,3533
5289,0,71,0,0,4,1,1,5282,3569,-1
5290,0,69,1,0,4,1,1,5137,3597,3558
5291,0,72,1,0,4,1,1,5163,3586,3557
5292,0,69,0,0,4,1,1,5218,3563,-1
5295,0,73,1,0,4,1,1,5274,3602,3538
5296,0,71,1,0,4,1,1,5182,3587,3558
5297,0,74,1,1,4,1,1,5288,3601,3559
5299,0,70,1,0,4,1,1,5244,3569,3540
5300,0,71,1,0,4,1,1,5188,3562,3542
5301,0,74,0,0,4,1,1,5273,3560,-1
5302,0,74,0,0,4,1,1,5295,3602,-1
5303,0,72,1,0,4,1,1,5267,3562,3547
5304,0,71,1,2,4,1,1,5240,3625,3544
5305,0,73,0,0,4,1,1,5254,3567,-1
5307,0,71,0,0,4,1,1,5299,3569,-1
5309,0,73,1,0,4,1,1,5274,3607,3582
5310,0,78,0,0,4,1,1,5201,3567,-1
5311,0,72,1,1,4,1,1,5304,3605,3557
5312,0,72,1,0,4,1,1,5196,3608,3580
5313,0,73,1,4,4,1,1,5183,3848,3550
5315,0,71,0,0,4,1,1,5168,3569,-1
5316,0,70,1,0,4,1,1,5244,3589,3552
5317,0,67,1,1,4,1,1,5172,3621,3554
5318,0,71,0,0,4,1,1,5188,3569,-1
5320,0,71,1,0,4,1,1,5240,3618,3559
5324,0,69,0,0,4,1,1,5242,3578,-1
5325,0,70,1,0,4,1,1,5244,3603,3564
5327,0,70,0,0,4,1,1,5253,3590,-1
5328,0,72,1,0,4,1,1,5264,3615,3566
5331,0,70,1,0,4,1,1,5272,3642,3567
5333,0,72,0,0,4,1,1,5296,3587,-1
5334,0,75,1,0,4,1,1,5297,3599,3568
5335,0,69,1,0,4,1,1,5137,3630,3593
5337,0,79,1,0,5,1,0,5260,3643,3573
5338,0,73,1,2,4,1,1,5311,3660,3576
5340,0,74,1,5,4,1,1,5313,3785,3628
5342,0,71,0,0,4,1,1,5316,3589,-1
5343,0,68,1,1,4,1,1,5317,3620,3575
5344,0,72,0,0,4,1,1,5320,3589,-1
5345,0,70,0,0,4,1,1,5244,3595,-1
5347,0,72,1,3,4,1,1,5163,3737,3576
5349,0,71,0,0,4,1,1,5325,3600,-1
5351,0,73,0,0,4,1,1,5328,3615,-1
5353,0,72,0,0,4,1,1,5264,3603,-1
5355,0,71,0,0,4,1,1,5331,3608,-1
5357,0,70,0,0,4,1,1,5272,3593,-1
5359,0,72,1,2,4,1,1,5304,3747,3594
5360,0,80,0,0,5,1,0,5337,3643,-1
5362,0,75,0,0,4,1,1,5297,3601,-1
5363,0,69,1,4,4,1,1,5343,3763,3587
5365,0,74,1,0,4,1,1,5338,3624,3592
5366,0,73,0,0,5,1,0,5312,3605,-1
5368,0,68,0,0,4,1,1,5317,3613,-1
5369,0,74,0,0,4,1,1,5309,3607,-1
5372,0,72,1,0,4,1,1,5196,3660,3625
5374,0,70,1,0,4,1,0,5363,3648,3612
5376,0,66,1,0,4,1,1,5067,3657,3620
5379,0,72,0,0,4,1,1,5163,3683,-1
5380,0,70,0,0,4,1,1,5335,3630,-1
5383,0,69,0,0,4,1,1,5343,3620,-1
5384,0,79,1,1,5,1,0,5260,3635,3608
5387,0,74,1,1,4,1,1,5338,3645,3603
5389,0,69,1,1,4,1,1,5137,3656,3618
5390,0,72,0,0,5,1,0,5304,3625,-1
5391,0,73,1,0,4,1,1,5347,3630,3610
5393,0,75,0,0,4,1,1,5365,3624,-1
5396,0,73,0,0,4,1,1,5274,3628,-1
5397,0,75,1,3,4,1,1,5387,3737,3616
5402,0,80,1,0,5,1,0,5384,3718,3614
5403,0,73,0,0,4,1,1,5183,3654,-1
5404,0,74,0,0,4,1,1,5338,3660,-1
5405,0,71,0,0,4,1,1,5331,3642,-1
5406,0,71,0,0,4,1,0,5374,3648,-1
5407,0,79,0,0,5,1,0,5260,3639,-1
5409,0,73,1,0,4,1,1,5359,3660,3633
5410,0,76,1,1,4,1,1,5397,3704,3648
5412,0,70,1,5,4,1,1,5363,3794,3660
5413,0,70,1,0,4,1,1,5389,3682,3623
5414,0,67,0,0,4,1,1,5376,3657,-1
5418,0,75,0,0,4,1,1,5387,3645,-1
5419,0,71,0,0,4,1,1,5413,3682,-1
5421,0,73,0,0,4,1,1,5372,3660,-1
5423,0,66,1,0,4,1,1,5067,3659,3631
5427,0,70,0,0,4,1,1,5389,3653,-1
5428,0,69,0,0,4,1,1,5137,3655,-1
5429,0,75,1,2,4,1,1,5340,3692,3636
5431,0,72,0,0,4,1,1,5196,3666,-1
5432,0,81,0,0,5,1,0,5402,3718,-1
5433,0,74,1,0,4,1,1,5313,3662,3639
5436,0,74,0,0,4,1,1,5409,3660,-1
5437,0,66,1,2,4,1,1,5067,3752,3645
5439,0,73,1,0,4,1,1,5359,3741,3697
5441,0,75,1,0,4,1,1,5340,3717,3647
5445,0,74,1,3,4,1,1,5313,3753,3650
5446,0,77,1,0,4,1,1,5410,3671,3653
5447,0,75,1,1,4,1,1,5445,3765,3657
5448,0,76,1,1,4,1,1,5429,3698,3659
5449,0,66,1,1,4,1,1,5067,3717,3659
5450,0,67,1,3,4,1,1,5437,3752,3657
5451,0,75,1,2,4,1,1,5340,3777,3658
5452,0,78,0,0,4,1,1,5446,3671,-1
5453,0,76,1,3,4,1,1,5397,3799,3659
5454,0,73,1,2,4,1,1,5347,3721,3659
5456,0,74,0,0,4,1,1,5313,3696,-1
5459,0,68,1,0,4,1,1,5450,3689,3662
5460,0,76,1,2,4,1,1,5447,3812,3718
5461,0,76,1,0,4,1,1,5451,3696,3664
5463,0,67,1,1,4,1,1,5449,3729,3679
5464,0,77,1,1,4,1,1,5453,3735,3669
5465,0,77,1,1,4,1,1,5448,3707,3667
5468,0,71,1,1,4,1,1,5412,3743,3665
5469,0,76,0,0,4,1,1,5441,3711,-1
5471,0,74,1,3,4,1,1,5454,3790,3674
5472,0,69,0,0,4,1,1,5459,3689,-1
5475,0,67,1,0,4,1,1,5437,3704,3674
5476,0,75,1,0,4,1,1,5445,3797,3668
5477,0,66,1,0,4,1,1,5067,3709,3670
5478,0,76,1,1,4,1,1,5397,3695,3670
5479,0,76,1,1,4,1,1,5429,3728,3670
5480,0,73,1,1,4,1,1,5347,3755,3687
5482,0,70,1,2,4,1,1,5363,3903,3671
5483,0,72,1,1,4,1,1,5468,3741,3678
5484,0,78,1,9,4,1,1,5465,4021,3683
5486,0,76,1,2,4,1,1,5451,3815,3726
5487,0,67,0,0,4,1,1,5477,3704,-1
5488,0,77,1,0,4,1,1,5478,3700,3675
5489,0,77,1,0,4,1,1,5479,3738,3695
5490,0,71,1,0,4,1,1,5482,3699,3675
5493,0,75,1,0,4,1,1,5340,3743,3718
5494,0,77,0,0,4,1,1,5410,3702,-1
5495,0,75,1,0,4,1,1,5445,3715,3679
5496,0,78,0,0,4,1,1,5488,3700,-1
5497,0,75,1,0,4,1,1,5471,3758,3696
5499,0,70,1,0,4,1,1,5363,3708,3685
5500,0,76,0,0,4,1,1,5397,3737,-1
5502,0,67,0,0,4,1,1,5437,3752,-1
5503,0,68,1,0,4,1,1,5450,3754,3711
5504,0,74,1,0,4,1,1,5454,3718,3691
5505,0,72,0,0,4,1,1,5468,3743,-1
5507,0,71,1,0,4,1,1,5412,3737,3693
5509,0,75,0,0,4,1,1,5445,3715,-1
5510,0,67,0,0,4,1,1,5449,3717,-1
5512,0,68,1,0,4,1,1,5463,3744,3698
5514,0,73,0,0,4,1,1,5347,3737,-1
5516,0,78,1,0,4,1,1,5464,3778,3701
5517,0,74,1,0,4,1,1,5480,3727,3701
5520,0,74,0,0,4,1,1,5439,3741,-1
5522,0,70,0,0,4,1,1,5363,3763,-1
5524,0,73,1,0,4,1,1,5483,3755,3705
5525,0,71,1,2,4,1,1,5412,3805,3729
5526,0,77,0,0,4,1,1,5479,3727,-1
5528,0,79,1,0,4,1,1,5484,3793,3709
5530,0,76,0,0,4,1,1,5497,3758,-1
5531,0,68,0,0,5,1,0,5463,3729,-1
5534,0,73,0,0,4,1,1,5359,3747,-1
5536,0,78,0,0,4,1,1,5464,3731,-1
5538,0,78,0,0,5,1,0,5489,3733,-1
5539,0,73,0,0,4,1,1,5483,3741,-1
5541,0,77,0,0,4,1,1,5453,3741,-1
5542,0,79,0,0,4,1,1,5516,3739,-1
5544,0,75,1,5,4,1,1,5471,3872,3754
5546,0,68,1,0,4,1,1,5450,3794,3723
5549,0,76,0,0,4,1,1,5493,3743,-1
5550,0,74,1,1,4,1,1,5313,3835,3786
5552,0,77,1,1,4,1,1,5460,3848,3769
5553,0,76,0,0,4,1,1,5476,3760,-1
5554,0,75,0,0,4,1,1,5445,3753,-1
5555,0,74,0,0,4,1,1,5480,3755,-1
5557,0,71,0,0,4,1,1,5482,3758,-1
5562,0,69,0,0,4,1,1,5503,3754,-1
5563,0,74,0,0,4,1,1,5524,3754,-1
5565,0,79,1,0,4,1,1,5484,3762,3741
5566,0,80,0,0,4,1,1,5528,3793,-1
5567,0,72,1,0,4,1,1,5525,3802,3765
5570,0,76,0,0,4,1,1,5451,3777,-1
5572,0,69,0,0,4,1,1,5546,3794,-1
5575,0,75,1,2,4,1,1,5340,3925,3743
5578,0,71,1,1,4,1,1,5412,3817,3755
5579,0,80,0,0,4,1,1,5565,3762,-1
5584,0,77,1,0,4,1,1,5453,3802,3756
5585,0,76,1,3,4,1,1,5575,3912,3832
5586,0,77,1,1,4,1,1,5486,3841,3772
5588,0,79,0,0,4,1,1,5516,3778,-1
5598,0,76,1,0,4,1,1,5544,3806,3769
5599,0,75,1,1,4,1,1,5471,3795,3765
5601,0,79,1,3,4,1,1,5484,3892,3783
5602,0,71,1,0,4,1,1,5412,3787,3765
5604,0,71,1,3,4,1,1,5482,3865,3793
5605,0,77,1,0,4,1,1,5453,3792,3767
5606,0,72,1,1,4,1,1,5578,3882,3789
5608,0,76,0,0,4,1,1,5476,3794,-1
5609,0,76,1,0,4,1,1,5599,3788,3769
5610,0,72,0,0,4,1,1,5602,3787,-1
5611,0,78,1,0,4,1,1,5552,3800,3773
5612,0,75,0,0,4,1,1,5471,3790,-1
5613,0,72,1,1,4,1,1,5525,3826,3776
5614,0,71,0,0,4,1,1,5412,3794,-1
5615,0,77,0,0,4,1,1,5453,3799,-1
5616,0,76,1,0,4,1,1,5544,3858,3783
5617,0,76,0,0,4,1,1,5599,3795,-1
5619,0,77,0,0,4,1,1,5598,3806,-1
5621,0,77,1,0,4,1,1,5486,3807,3783
5622,0,73,0,0,4,1,1,5567,3802,-1
5623,0,78,0,0,4,1,1,5552,3799,-1
5624,0,73,1,0,4,1,1,5613,3821,3791
5625,0,78,0,0,4,1,1,5621,3807,-1
5626,0,78,1,0,4,1,1,5586,3829,3807
5628,0,77,1,1,4,1,1,5460,3871,3795
5629,0,75,1,2,4,1,1,5550,4033,3797
5632,0,77,0,0,4,1,1,5616,3858,-1
5633,0,77,0,0,4,1,1,5486,3815,-1
5634,0,76,1,1,4,1,1,5544,3858,3797
5635,0,79,1,1,4,1,1,5484,3876,3794
5637,0,73,1,5,4,1,1,5606,4040,3818
5638,0,74,0,0,4,1,1,5624,3821,-1
5639,0,80,1,3,4,1,1,5601,3959,3797
5640,0,72,1,0,4,1,1,5604,3837,3797
5646,0,80,1,2,4,1,1,5635,3883,3831
5648,0,78,1,1,4,1,1,5628,3889,3807
5649,0,72,0,0,4,1,1,5578,3817,-1
5652,0,81,1,1,4,1,1,5639,3883,3839
5653,0,73,0,0,4,1,1,5640,3837,-1
5654,0,71,0,0,4,1,1,5482,3828,-1
5656,0,77,1,2,4,1,1,5634,3933,3826
5658,0,79,1,0,4,1,1,5484,3864,3833
5659,0,74,0,0,4,1,1,5313,3848,-1
5660,0,73,0,0,4,1,1,5613,3826,-1
5663,0,76,1,0,4,1,1,5544,3846,3808
5668,0,79,0,0,4,1,1,5626,3829,-1
5669,0,77,0,0,4,1,1,5663,3830,-1
5670,0,72,1,1,4,1,1,5604,3867,3819
5671,0,78,0,0,4,1,1,5552,3831,-1
5673,0,78,0,0,4,1,1,5628,3848,-1
5676,0,76,1,0,4,1,1,5544,3918,3826
5677,0,74,1,1,4,1,1,5637,3862,3823
5678,0,73,1,2,4,1,1,5670,3916,3829
5679,0,75,1,1,4,1,1,5677,3866,3833
5680,0,79,1,0,4,1,1,5648,3871,3841
5681,0,72,1,1,4,1,1,5604,3950,3830
5682,0,77,0,0,4,1,1,5676,3845,-1
5683,0,78,1,0,4,1,1,5656,3890,3865
5686,0,74,0,0,4,1,1,5637,3852,-1
5688,0,74,1,1,4,1,1,5678,3894,3839
5689,0,81,1,1,4,1,1,5646,3898,3836
5690,0,76,1,0,4,1,1,5629,3911,3878
5691,0,73,0,0,4,1,1,5606,3882,-1
5692,0,76,0,0,4,1,1,5544,3872,-1
5693,0,77,1,1,4,1,1,5585,3877,3836
5694,0,77,0,0,4,1,0,5634,3858,-1
5695,0,73,0,0,4,1,1,5681,3855,-1
5696,0,80,0,0,4,1,1,5658,3853,-1
5697,0,76,1,4,4,1,1,5679,3967,3838
5699,0,73,0,0,4,1,1,5670,3867,-1
5701,0,80,0,0,4,1,1,5635,3876,-1
5702,0,78,1,7,4,1,1,5693,4092,3852
5703,0,77,0,0,4,1,1,5697,3858,-1
5704,0,82,1,0,4,1,1,5689,3894,3859
5705,0,82,1,0,4,1,1,5652,3876,3843
5706,0,75,1,0,4,1,1,5688,3874,3845
5707,0,75,0,0,4,1,1,5677,3861,-1
5708,0,76,1,1,4,1,1,5575,3963,3885
5709,0,80,1,0,4,1,1,5601,3885,3846
5712,0,77,1,0,4,1,1,5585,3884,3848
5713,0,81,1,4,4,1,1,5646,3983,3852
5714,0,72,0,0,4,1,1,5604,3865,-1
5715,0,76,0,0,4,1,1,5679,3866,-1
5717,0,81,1,2,4,1,1,5639,3980,3888
5718,0,81,0,0,4,1,1,5709,3885,-1
5720,0,79,0,0,4,1,1,5648,3889,-1
5722,0,78,0,0,4,1,1,5712,3884,-1
5723,0,82,0,0,4,1,1,5652,3883,-1
5725,0,80,1,0,4,1,0,5601,3880,3861
5726,0,79,1,1,4,1,1,5484,3914,3858
5727,0,74,1,1,4,1,1,5678,3910,3858
5728,0,82,1,0,4,1,1,5713,3923,3885
5730,0,77,1,0,4,1,1,5585,3901,3881
5733,0,74,1,0,4,1,1,5637,3893,3863
5734,0,78,0,0,4,1,1,5693,3877,-1
5735,0,71,0,0,4,1,1,5482,3903,-1
5736,0,81,0,0,4,1,1,5646,3883,-1
5738,0,83,0,0,4,1,1,5704,3894,-1
5739,0,80,1,0,4,1,1,5726,3903,3877
5741,0,74,0,0,4,1,1,5678,3898,-1
5743,0,79,0,0,4,1,1,5683,3889,-1
5744,0,75,0,0,4,1,0,5688,3894,-1
5746,0,82,0,0,4,1,1,5689,3898,-1
5748,0,79,1,3,4,1,1,5702,3946,3871
5749,0,80,0,0,4,1,1,5601,3892,-1
5752,0,74,1,2,4,1,1,5637,3954,3890
5754,0,75,1,0,4,1,1,5727,3992,3875
5758,0,77,0,0,4,1,1,5676,3918,-1
5761,0,79,1,1,4,1,1,5484,3953,3917
5763,0,80,1,0,4,1,1,5748,3918,3883
5764,0,79,1,2,4,1,1,5702,3973,3882
5765,0,77,1,6,4,1,1,5697,4068,3891
5766,0,75,0,0,4,1,1,5727,3910,-1
5770,0,81,0,0,4,1,1,5763,3917,-1
5771,0,80,0,0,4,1,1,5726,3910,-1
5772,0,78,1,3,4,1,1,5656,3991,3889
5773,0,77,0,0,4,1,1,5690,3911,-1
5776,0,83,0,0,4,1,1,5728,3923,-1
5777,0,76,1,2,4,1,1,5629,4114,3961
5778,0,77,0,0,4,1,1,5585,3912,-1
5779,0,79,1,0,4,1,1,5772,3913,3894
5780,0,80,1,0,4,1,1,5748,3937,3894
5781,0,80,1,0,4,1,1,5764,3939,3900
5782,0,77,1,1,4,1,1,5708,3922,3895
5784,0,78,1,0,4,1,1,5765,4021,3895
5785,0,82,1,0,4,1,1,5713,3948,3920
5787,0,75,1,0,4,1,1,5752,3923,3896
5788,0,73,1,0,4,1,1,5681,3914,3897
5792,0,81,1,0,4,1,1,5639,3922,3899
5793,0,82,1,1,4,1,1,5717,4001,3924
5794,0,79,0,0,4,1,1,5784,4021,-1
5795,0,78,1,0,4,1,1,5782,3962,3903
5796,0,78,0,0,4,1,1,5656,3933,-1
5797,0,76,0,0,4,1,1,5754,3918,-1
5798,0,74,1,1,4,1,1,5637,3953,3905
5799,0,77,1,0,4,1,1,5697,3922,3901
5800,0,76,0,0,4,1,1,5787,3923,-1
5803,0,79,1,0,4,1,1,5772,3935,3904
5804,0,81,0,0,4,1,1,5781,3939,-1
5805,0,80,1,3,4,1,1,5748,3993,3919
5807,0,76,0,0,4,1,1,5575,3925,-1
5808,0,79,1,0,4,1,1,5702,3967,3933
5811,0,73,0,0,4,1,1,5681,3950,-1
5812,0,77,0,0,4,1,1,5708,3963,-1
5813,0,81,0,0,4,1,1,5639,3959,-1
5814,0,77,1,0,4,1,1,5697,3953,3914
5816,0,79,0,0,4,1,1,5795,3962,-1
5817,0,80,0,0,4,1,1,5803,3935,-1
5819,0,79,1,0,4,1,1,5772,3947,3929
5821,0,81,0,0,4,1,1,5780,3937,-1
5823,0,78,1,0,4,1,1,5765,3937,3918
5826,0,75,1,1,4,1,1,5798,4012,3929
5829,0,80,1,0,4,1,1,5761,3947,3924
5830,0,80,1,0,4,1,1,5764,3999,3928
5833,0,81,1,2,4,1,1,5805,3987,3924
5834,0,77,1,0,4,1,1,5697,3954,3925
5837,0,75,1,0,4,1,1,5752,3953,3927
5840,0,83,1,0,4,1,1,5793,4038,3948
5841,0,81,0,0,4,1,1,5829,3945,-1
5842,0,78,1,1,4,1,1,5765,4019,3963
5845,0,83,0,0,4,1,1,5785,3948,-1
5846,0,82,1,0,4,1,1,5833,4041,3952
5847,0,78,0,0,4,1,1,5834,3949,-1
5848,0,74,1,2,4,1,1,5637,4105,4002
5849,0,78,0,0,4,1,1,5814,3953,-1
5850,0,82,1,4,4,1,1,5713,4042,3934
5851,0,79,0,0,4,1,1,5484,3951,-1
5852,0,76,0,0,4,1,1,5837,3949,-1
5853,0,81,0,0,4,1,0,5830,3989,-1
5854,0,76,1,2,5,1,0,5826,4057,3970
5856,0,77,0,0,4,1,0,5697,3967,-1
5857,0,82,1,4,4,1,1,5717,4041,3940
5859,0,76,0,0,4,1,1,5754,3992,-1
5861,0,80,0,0,4,1,1,5764,3973,-1
5862,0,79,0,0,4,1,1,5772,3961,-1
5864,0,81,1,2,4,1,1,5805,4056,3952
5865,0,83,1,1,4,1,1,5850,4026,3952
5866,0,82,1,0,4,1,1,5713,3975,3946
5870,0,82,0,0,4,1,1,5717,3980,-1
5874,0,79,1,1,4,1,1,5702,4062,3968
5875,0,84,1,2,4,1,1,5865,4044,3987
5882,0,82,0,0,4,1,1,5713,3983,-1
5884,0,79,1,0,4,1,1,5484,3984,3959
5887,0,83,0,0,4,1,1,5866,3975,-1
5888,0,83,1,0,4,1,1,5857,3992,3961
5889,0,83,0,0,4,1,1,5846,3995,-1
5890,0,83,1,0,4,1,1,5850,4002,3963
5891,0,81,1,0,4,1,0,5805,3982,3963
5892,0,82,1,0,4,1,1,5833,3986,3963
5895,0,80,0,0,4,1,1,5884,3984,-1
5896,0,82,1,0,4,1,1,5864,4048,3979
5897,0,77,1,0,4,1,1,5777,4025,3972
5899,0,84,0,0,4,1,1,5888,3992,-1
5901,0,82,0,0,4,1,0,5891,3982,-1
5902,0,79,1,0,4,1,1,5842,4020,3973
5903,0,83,0,0,4,1,1,5892,3986,-1
5904,0,83,0,0,4,1,1,5793,3994,-1
5907,0,79,1,1,4,1,1,5484,4092,3982
5908,0,81,0,0,4,1,1,5805,3993,-1
5909,0,83,1,3,4,1,1,5857,4173,3978
5910,0,83,1,0,4,1,1,5850,4055,3975
5911,0,82,0,0,4,1,1,5833,3987,-1
5912,0,78,1,2,4,1,1,5765,4089,3983
5913,0,77,1,0,5,1,0,5854,4030,3987
5915,0,80,0,0,4,1,1,5902,4020,-1
5916,0,79,1,2,4,1,1,5702,4099,3998
5917,0,84,0,0,4,1,1,5910,4055,-1
5919,0,76,0,0,4,1,1,5826,3996,-1
5920,0,79,0,0,4,1,1,5842,4010,-1
5922,0,77,1,0,4,1,1,5777,4020,3991
5923,0,83,0,0,4,1,1,5896,4048,-1
5924,0,83,1,0,4,1,1,5850,4011,3986
5926,0,80,1,2,4,1,1,5874,4072,3990
5929,0,83,1,0,4,1,1,5857,4032,3997
5930,0,82,1,5,4,1,1,5864,4130,4027
5933,0,78,0,0,5,1,0,5913,4025,-1
5934,0,85,1,0,4,1,1,5875,4058,4015
5935,0,79,0,0,4,1,1,5484,4021,-1
5936,0,81,1,3,4,1,1,5926,4112,4000
5940,0,77,1,1,5,1,0,5854,4054,4014
5942,0,84,1,1,4,1,1,5909,4086,4025
5943,0,80,0,0,4,1,1,5874,4016,-1
5944,0,78,0,0,4,1,0,5897,4025,-1
5945,0,80,1,0,4,1,1,5916,4051,4005
5948,0,75,1,0,4,1,1,5848,4073,4030
5949,0,83,1,0,4,1,1,5857,4066,4008
5950,0,78,1,1,4,1,1,5765,4076,4027
5951,0,81,0,0,4,1,1,5945,4040,-1
5952,0,81,1,1,4,1,1,5926,4059,4022
5953,0,82,1,0,4,1,1,5936,4058,4017
5954,0,83,0,0,4,1,1,5846,4041,-1
5955,0,77,0,0,4,1,1,5777,4030,-1
5956,0,80,1,0,4,1,1,5916,4070,4037
5959,0,84,0,0,4,1,1,5929,4032,-1
5960,0,79,1,3,4,1,1,5702,4122,4053
5961,0,83,0,0,4,1,1,5857,4037,-1
5962,0,78,1,0,5,1,0,5940,4110,4023
5963,0,86,0,0,4,1,1,5934,4058,-1
5964,0,83,0,0,4,1,1,5953,4058,-1
5968,0,83,0,0,4,1,1,5850,4042,-1
5971,0,85,1,0,4,1,1,5875,4046,4026
5972,0,82,1,0,4,1,1,5952,4056,4026
5973,0,82,1,0,4,1,1,5936,4109,4058
5974,0,77,0,0,5,1,0,5854,4050,-1
5976,0,85,1,2,4,1,1,5942,4147,4050
5978,0,79,1,0,4,1,1,5950,4072,4046
5979,0,83,1,2,4,1,1,5930,4112,4032
5980,0,81,0,0,4,1,1,5926,4072,-1
5982,0,83,0,0,4,1,1,5972,4056,-1
5983,0,78,0,0,5,1,0,5940,4054,-1
5984,0,84,0,0,4,1,1,5909,4050,-1
5985,0,76,0,0,4,1,1,5948,4073,-1
5986,0,84,1,1,4,1,1,5979,4170,4055
5988,0,79,1,1,4,1,1,5912,4139,4050
5989,0,78,1,0,4,1,1,5765,4054,4038
5991,0,82,0,0,4,1,1,5864,4056,-1
5993,0,75,1,2,4,1,1,5848,4118,4041
5994,0,80,0,0,4,1,1,5874,4062,-1
5995,0,80,1,3,4,1,1,5907,4151,4066
5997,0,83,1,2,4,1,1,5930,4172,4054
5999,0,81,0,0,4,1,1,5956,4067,-1
6001,0,76,1,0,4,1,1,5993,4122,4047
6004,0,80,0,0,4,1,1,5916,4099,-1
6006,0,77,0,0,4,1,1,6001,4122,-1
6007,0,75,0,0,4,1,1,5848,4086,-1
6011,0,80,1,1,4,1,1,5988,4215,4096
6012,0,84,1,1,4,1,1,5909,4152,4056
6013,0,76,1,0,4,1,1,5993,4075,4058
6014,0,80,1,5,4,1,1,5960,4241,4079
6020,0,79,1,0,4,1,1,5912,4092,4062
6022,0,85,1,1,4,1,1,6012,4121,4094
6023,0,84,1,1,4,1,1,5997,4141,4063
6024,0,79,0,0,4,1,1,5950,4076,-1
6027,0,79,1,1,4,1,1,5702,4112,4064
6028,0,83,1,3,4,1,1,5930,4178,4065
6029,0,84,1,1,4,1,1,5979,4109,4066
6031,0,80,0,0,4,1,1,6020,4092,-1
6032,0,84,1,0,4,1,1,5909,4116,4074
6033,0,82,1,3,4,1,1,5936,4246,4070
6034,0,84,1,1,4,1,1,6028,4191,4091
6036,0,85,1,1,4,1,1,6023,4133,4090
6037,0,85,1,0,4,1,1,6029,4112,4071
6038,0,81,1,0,4,1,1,5995,4101,4071
6040,0,79,0,0,4,1,1,5912,4089,-1
6041,0,80,1,3,4,1,1,6027,4214,4081
6042,0,84,0,0,4,1,1,5997,4091,-1
6044,0,83,1,0,4,1,1,6033,4144,4100
6045,0,82,0,0,4,1,1,6038,4101,-1
6046,0,84,0,0,4,1,1,5979,4093,-1
6049,0,85,0,0,4,1,1,6032,4116,-1
6050,0,83,1,0,4,1,1,5930,4113,4083
6053,0,85,0,0,4,1,1,6029,4109,-1
6054,0,81,1,0,4,1,1,5995,4134,4086
6055,0,86,0,0,4,1,1,6037,4107,-1
6056,0,85,1,0,4,1,1,5986,4166,4134
6057,0,81,1,1,4,1,1,6014,4179,4096
6058,0,84,0,0,4,1,1,6050,4113,-1
6059,0,80,1,0,4,1,1,5960,4111,4090
6061,0,84,0,0,4,1,1,5909,4173,-1
6062,0,80,0,0,4,1,1,6027,4107,-1
6063,0,76,0,0,4,1,1,5993,4112,-1
6065,0,79,0,0,5,1,0,5962,4110,-1
6066,0,81,1,0,4,1,1,6041,4141,4095
6067,0,83,1,2,4,1,1,5930,4223,4094
6068,0,86,1,0,4,1,1,6036,4186,4094
6069,0,86,1,2,4,1,1,5976,4175,4097
6072,0,85,1,0,4,1,1,6034,4137,4098
6075,0,81,1,0,4,1,1,5995,4187,4097
6076,0,86,1,0,4,1,1,6022,4147,4098
6077,0,82,0,0,4,1,1,6066,4141,-1
6078,0,81,1,2,4,1,1,6011,4185,4122
6079,0,80,1,0,4,1,1,5960,4120,4101
6081,0,85,0,0,4,1,1,6023,4141,-1
6082,0,82,1,0,4,1,1,6057,4156,4120
6085,0,83,0,0,4,1,1,5930,4127,-1
6087,0,86,1,1,4,1,1,5976,4165,4112
6088,0,85,0,0,4,1,1,6012,4152,-1
6089,0,81,1,0,4,1,1,6014,4142,4112
6090,0,86,0,0,4,1,1,6036,4133,-1
6092,0,81,1,2,4,1,1,6041,4179,4118
6094,0,84,0,0,4,1,1,6044,4144,-1
6095,0,87,1,0,4,1,1,6069,4142,4125
6097,0,86,0,0,4,1,1,6072,4134,-1
6099,0,82,0,0,4,1,1,6075,4187,-1
6102,0,84,1,3,4,1,1,6028,4235,4121
6106,0,87,0,0,4,1,1,6076,4147,-1
6107,0,82,0,0,4,1,1,6089,4142,-1
6110,0,80,0,0,4,1,1,5988,4139,-1
6111,0,84,1,4,4,1,1,5997,4212,4119
6112,0,87,0,0,4,1,1,6068,4147,-1
6113,0,81,1,0,4,1,1,6014,4207,4159
6115,0,82,1,0,4,1,1,6092,4175,4126
6118,0,85,1,1,4,1,1,6111,4239,4124
6119,0,83,0,0,4,1,1,6082,4156,-1
6121,0,87,1,1,4,1,1,6087,4191,4128
6122,0,81,0,0,4,1,1,5995,4151,-1
6123,0,82,1,2,4,1,1,6078,4192,4127
6126,0,81,1,6,4,1,1,6041,4299,4165
6127,0,86,1,0,4,1,1,6118,4211,4181
6128,0,83,0,0,5,1,0,6115,4175,-1
6129,0,82,0,0,4,1,0,6057,4179,-1
6130,0,84,1,0,4,1,1,6028,4172,4131
6131,0,81,0,0,4,1,1,6011,4208,-1
6135,0,84,1,2,4,1,1,6067,4253,4138
6136,0,87,1,4,4,1,1,6069,4285,4138
6138,0,82,1,0,4,1,1,6078,4157,4139
6139,0,86,0,0,4,1,1,6056,4166,-1
6140,0,84,0,0,4,1,1,6028,4178,-1
6143,0,87,0,0,4,1,1,6087,4165,-1
6144,0,85,0,0,4,1,1,5986,4170,-1
6148,0,82,1,1,4,1,1,6092,4251,4146
6149,0,85,1,0,4,1,1,6102,4171,4149
6152,0,85,1,0,4,1,1,6111,4178,4151
6153,0,88,1,0,4,1,1,6121,4210,4161
6155,0,84,0,0,4,1,1,5997,4172,-1
6156,0,83,1,3,4,1,1,6123,4234,4150
6157,0,82,0,0,4,1,1,6078,4180,-1
6158,0,83,1,1,4,1,1,6148,4247,4214
6161,0,85,0,0,4,1,1,6130,4171,-1
6163,0,88,1,1,4,1,1,6136,4197,4160
6165,0,87,0,0,4,1,1,6068,4186,-1
6166,0,83,1,5,4,1,1,6033,4399,4190
6167,0,82,0,0,4,1,1,6092,4179,-1
6169,0,84,1,0,4,1,1,6156,4183,4159
6170,0,85,1,1,4,1,1,6135,4264,4199
6171,0,85,1,0,4,1,1,6102,4224,4160
6172,0,83,1,0,4,1,1,6123,4209,4160
6175,0,86,0,0,4,1,1,6152,4178,-1
6176,0,85,0,0,4,1,1,6169,4183,-1
6177,0,85,1,2,4,1,1,6111,4265,4175
6178,0,89,1,0,4,1,1,6163,4198,4167
6180,0,84,0,0,4,1,1,6067,4190,-1
6182,0,81,1,0,4,1,1,6014,4221,4184
6183,0,88,0,0,4,1,1,6121,4191,-1
6184,0,83,0,0,4,1,1,6123,4192,-1
6186,0,82,1,0,4,1,1,6126,4202,4174
6188,0,88,1,3,4,1,1,6136,4272,4193
6189,0,89,0,0,4,1,1,6153,4202,-1
6192,0,84,1,0,4,1,1,6156,4203,4176
6193,0,86,0,0,4,1,1,6171,4203,-1
6194,0,90,0,0,4,1,1,6178,4194,-1
6197,0,81,0,0,4,1,1,6041,4214,-1
6201,0,82,1,0,4,1,0,6126,4257,4213
6202,0,85,0,0,4,1,1,6192,4203,-1
6203,0,85,1,1,4,1,1,6111,4295,4186
6204,0,85,1,0,4,1,1,6102,4316,4189
6205,0,84,1,0,4,1,1,6156,4216,4187
6211,0,82,0,0,4,1,1,6182,4221,-1
6212,0,87,0,0,4,1,1,6127,4211,-1
6213,0,85,0,0,4,1,1,6205,4210,-1
6214,0,86,0,0,4,1,1,6118,4239,-1
6215,0,84,0,0,4,1,1,6172,4209,-1
6216,0,86,0,0,4,1,1,6204,4233,-1
6217,0,84,1,0,4,1,1,6166,4212,4194
6218,0,81,1,2,4,1,1,6014,4256,4212
6222,0,85,0,0,4,1,1,6111,4212,-1
6223,0,89,1,0,4,1,1,6188,4238,4212
6225,0,85,0,0,4,1,1,6102,4235,-1
6228,0,84,1,0,4,1,1,6067,4232,4205
6229,0,86,1,1,4,1,1,6170,4305,4204
6230,0,86,1,2,4,1,1,6177,4317,4211
6231,0,88,1,0,4,1,1,6136,4358,4233
6232,0,84,1,1,4,1,1,6166,4248,4213
6235,0,85,1,1,4,1,1,6135,4299,4226
6236,0,85,0,0,4,1,1,6228,4232,-1
6237,0,83,1,0,4,1,1,6033,4240,4215
6242,0,87,1,1,4,1,1,6230,4285,4244
6244,0,87,1,8,4,1,1,6229,4454,4224
6246,0,90,0,0,4,1,1,6223,4234,-1
6247,0,82,1,1,4,1,1,6218,4318,4217
6248,0,85,1,4,4,1,1,6232,4343,4218
6250,0,84,1,1,4,1,1,6158,4289,4219
6252,0,84,0,0,4,1,1,6237,4240,-1
6254,0,86,1,0,4,1,1,6177,4284,4222
6255,0,83,1,7,4,1,1,6247,4409,4251
6256,0,86,1,0,4,1,1,6248,4255,4227
6257,0,81,0,0,4,1,1,6014,4241,-1
6258,0,85,1,3,4,1,1,6250,4314,4250
6259,0,86,1,2,4,1,1,6203,4324,4255
6260,0,84,1,1,4,1,1,6166,4294,4267
6261,0,83,0,0,4,1,1,6148,4251,-1
6263,0,83,0,0,4,1,1,6033,4246,-1
6264,0,89,1,0,4,1,1,6188,4249,4228
6266,0,82,1,1,4,1,1,6218,4257,4228
6269,0,88,1,0,4,1,1,6244,4284,4245
6270,0,84,0,0,4,1,1,6158,4247,-1
6271,0,86,1,7,4,1,1,6235,4508,4263
6272,0,87,0,0,4,1,1,6256,4251,-1
6273,0,83,1,0,4,1,1,6266,4252,4233
6274,0,90,0,0,4,1,1,6264,4249,-1
6275,0,87,0,0,4,1,1,6229,4265,-1
6276,0,86,0,0,4,1,1,6177,4265,-1
6278,0,86,0,0,4,1,1,6170,4264,-1
6279,0,86,0,0,4,1,1,6204,4284,-1
6280,0,89,0,0,4,1,1,6231,4358,-1
6283,0,82,0,0,4,1,1,6218,4256,-1
6284,0,89,1,1,4,1,1,6188,4337,4239
6288,0,83,0,0,4,1,1,6266,4257,-1
6289,0,90,1,0,4,1,1,6284,4281,4263
6291,0,82,1,0,4,1,1,6126,4297,4246
6292,0,88,1,0,4,1,1,6136,4291,4257
6295,0,88,1,0,4,1,1,6242,4277,4255
6296,0,86,1,1,4,1,1,6248,4318,4253
6300,0,87,1,0,4,1,1,6230,4287,4255
6301,0,86,1,0,4,1,1,6258,4283,4258
6303,0,88,1,0,4,1,1,6244,4284,4256
6305,0,82,1,0,4,1,1,6126,4316,4257
6308,0,87,1,1,4,1,1,6296,4402,4258
6309,0,83,0,0,4,1,1,6291,4297,-1
6311,0,88,0,0,4,1,1,6300,4283,-1
6312,0,89,0,0,4,1,1,6295,4277,-1
6313,0,87,1,2,4,1,1,6259,4451,4282
6316,0,85,0,0,4,1,1,6250,4289,-1
6318,0,89,0,0,4,1,1,6292,4291,-1
6320,0,83,0,0,4,1,1,6305,4316,-1
6321,0,87,0,0,4,1,1,6254,4284,-1
6322,0,84,1,0,4,1,1,6255,4288,4267
6323,0,88,1,1,4,1,1,6308,4365,4340
6324,0,87,0,0,4,1,1,6301,4283,-1
6325,0,86,1,0,4,1,1,6248,4317,4278
6326,0,87,0,0,4,1,1,6230,4281,-1
6327,0,88,0,0,4,1,1,6242,4285,-1
6328,0,88,1,1,4,1,1,6244,4362,4290
6329,0,89,0,0,4,1,1,6303,4284,-1
6330,0,86,0,0,4,1,1,6203,4295,-1
6331,0,91,0,0,4,1,1,6289,4281,-1
6332,0,88,0,0,4,1,1,6136,4285,-1
6333,0,82,1,3,4,1,1,6126,4539,4268
6336,0,87,1,0,4,1,1,6271,4331,4281
6338,0,86,1,0,4,1,1,6258,4303,4269
6339,0,87,0,0,4,1,1,6296,4287,-1
6341,0,85,1,0,4,1,1,6260,4305,4273
6342,0,83,0,0,4,1,1,6333,4288,-1
6344,0,86,0,0,4,1,1,6235,4299,-1
6346,0,82,1,0,4,1,1,6126,4312,4282
6347,0,84,1,1,4,1,1,6166,4351,4287
6348,0,90,0,0,4,1,1,6284,4337,-1
6350,0,87,0,0,4,1,1,6325,4317,-1
6352,0,86,1,0,4,1,1,6258,4325,4289
6353,0,88,1,2,4,1,1,6313,4392,4313
6354,0,88,0,0,4,1,1,6336,4331,-1
6357,0,87,0,0,4,1,1,6229,4304,-1
6358,0,87,0,0,4,1,1,6338,4303,-1
6360,0,86,0,0,4,1,1,6341,4305,-1
6361,0,86,1,1,4,1,1,6248,4345,4289
6362,0,84,1,0,4,1,1,6255,4323,4290
6365,0,85,1,0,4,1,1,6347,4376,4315
6366,0,87,1,1,4,1,1,6271,4347,4292
6369,0,87,1,0,4,1,1,6259,4318,4293
6371,0,87,1,0,4,1,1,6361,4354,4302
6373,0,85,0,0,4,1,1,6362,4323,-1
6374,0,87,0,0,4,1,1,6230,4317,-1
6375,0,88,0,0,4,1,1,6369,4318,-1
6377,0,86,0,0,4,1,1,6248,4343,-1
6380,0,88,1,0,4,1,1,6244,4327,4300
6381,0,84,1,0,4,1,1,6255,4344,4301
6383,0,89,1,1,4,1,1,6328,4362,4316
6385,0,87,1,0,4,1,1,6271,4347,4325
6387,0,87,0,0,4,1,1,6259,4324,-1
6388,0,85,0,0,4,1,1,6381,4344,-1
6389,0,88,0,0,4,1,1,6371,4354,-1
6394,0,88,1,2,4,1,1,6366,4410,4314
6395,0,84,1,4,4,1,1,6255,4413,4312
6396,0,87,0,0,4,1,1,6361,4345,-1
6397,0,88,1,0,4,1,1,6244,4384,4319
6398,0,85,1,0,3,1,0,6395,4332,4316
6400,0,84,1,0,4,1,1,6166,4347,4318
6401,0,89,1,0,4,1,1,6353,4343,4318
6403,0,89,1,2,4,1,1,6394,4471,4319
6404,0,86,0,0,3,1,0,6398,4332,-1
6408,0,86,0,0,4,1,1,6365,4376,-1
6412,0,85,0,0,4,1,1,6400,4347,-1
6415,0,84,1,1,4,1,1,6255,4387,4323
6416,0,88,1,1,4,1,1,6313,4451,4416
6417,0,90,1,2,4,1,1,6383,4531,4330
6418,0,88,0,0,4,1,1,6366,4347,-1
6419,0,85,0,0,4,1,1,6347,4351,-1
6420,0,89,0,0,4,1,1,6328,4362,-1
6421,0,85,0,0,4,1,1,6395,4344,-1
6423,0,85,1,2,4,1,1,6415,4487,4351
6425,0,84,0,0,4,1,1,6166,4399,-1
6426,0,89,1,1,4,1,1,6353,4397,4349
6427,0,89,0,0,4,1,1,6397,4384,-1
6429,0,88,1,1,4,1,1,6244,4407,4361
6430,0,89,1,0,4,1,1,6394,4355,4330
6431,0,83,0,0,4,1,1,6333,4348,-1
6432,0,90,0,0,4,1,1,6430,4355,-1
6433,0,87,1,0,4,1,1,6271,4378,4335
6435,0,84,1,0,4,1,1,6255,4380,4348
6436,0,89,0,0,4,1,1,6394,4410,-1
6438,0,90,0,0,4,1,1,6383,4362,-1
6439,0,91,1,1,4,1,1,6417,4455,4355
6440,0,89,1,5,4,1,1,6323,4428,4344
6441,0,87,1,2,4,1,1,6271,4484,4349
6448,0,90,1,2,4,1,1,6440,4478,4357
6449,0,88,0,0,4,1,1,6433,4378,-1
6450,0,88,0,0,4,1,1,6308,4368,-1
6454,0,90,1,0,4,1,1,6426,4385,4354
6455,0,88,1,1,4,1,1,6441,4396,4358
6457,0,86,1,0,4,1,1,6423,4405,4368
6458,0,85,0,0,4,1,1,6435,4378,-1
6460,0,84,1,0,4,1,1,6255,4449,4361
6461,0,91,0,0,4,1,1,6454,4385,-1
6464,0,92,1,0,4,1,1,6439,4419,4382
6465,0,89,0,0,4,1,1,6353,4376,-1
6466,0,83,1,0,4,1,1,6333,4415,4379
6467,0,85,0,0,4,1,1,6415,4387,-1
6468,0,90,1,1,4,1,1,6403,4452,4375
6469,0,89,1,0,4,1,1,6455,4384,4365
6471,0,90,0,0,4,1,1,6426,4397,-1
6473,0,89,1,0,4,1,1,6429,4413,4366
6474,0,87,1,0,4,1,1,6271,4398,4367
6475,0,90,1,0,4,1,1,6440,4396,4368
6477,0,91,1,0,4,1,1,6448,4438,4391
6478,0,85,1,0,4,1,1,6395,4392,4371
6479,0,90,0,0,4,1,1,6473,4413,-1
6480,0,91,1,3,4,1,1,6417,4600,4451
6481,0,88,0,0,4,1,1,6441,4401,-1
6483,0,91,0,0,4,1,1,6475,4396,-1
6484,0,88,1,0,4,1,1,6244,4410,4373
6485,0,87,0,0,4,1,1,6457,4405,-1
6486,0,86,0,0,4,1,1,6478,4392,-1
6487,0,89,0,0,4,1,1,6455,4391,-1
6488,0,89,0,0,4,1,1,6429,4407,-1
6489,0,89,0,0,4,1,1,6484,4410,-1
6490,0,90,1,3,4,1,1,6440,4482,4379
6491,0,86,1,0,4,1,1,6423,4501,4405
6493,0,85,1,1,4,1,1,6395,4449,4383
6495,0,84,0,0,4,1,1,6255,4409,-1
6496,0,91,1,1,4,1,1,6490,4420,4385
6499,0,90,1,0,4,1,1,6403,4428,4386
6500,0,86,1,1,4,1,1,6493,4446,4388
6501,0,84,0,0,4,1,1,6466,4415,-1
6503,0,87,0,0,4,1,1,6271,4404,-1
6507,0,90,1,1,4,1,1,6440,4440,4390
6508,0,83,1,3,4,1,1,6333,4467,4390
6509,0,85,0,0,4,1,1,6460,4449,-1
6511,0,88,1,1,4,1,1,6244,4451,4392
6512,0,92,0,0,4,1,1,6439,4408,-1
6513,0,91,1,1,4,1,1,6468,4514,4414
6514,0,85,1,0,4,1,1,6395,4482,4396
6515,0,93,0,0,4,1,1,6464,4418,-1
6520,0,92,1,2,4,1,1,6496,4467,4397
6521,0,91,1,4,4,1,1,6490,4525,4408
6522,0,90,0,0,4,1,1,6403,4425,-1
6524,0,92,0,0,4,1,1,6477,4437,-1
6525,0,86,0,0,4,1,1,6493,4449,-1
6527,0,83,0,0,4,1,1,6333,4420,-1
6529,0,88,0,0,4,1,1,6244,4418,-1
6531,0,90,1,0,4,1,1,6440,4423,4404
6532,0,91,0,0,4,1,1,6499,4428,-1
6533,0,87,1,1,4,1,1,6500,4457,4405
6534,0,89,1,2,4,1,1,6511,4580,4423
6536,0,91,1,0,4,1,1,6507,4435,4408
6537,0,91,0,0,4,1,1,6531,4423,-1
6539,0,87,0,0,4,1,1,6491,4501,-1
6540,0,88,1,3,4,1,1,6533,4523,4410
6542,0,86,0,0,4,1,1,6514,4431,-1
6543,0,92,1,0,4,1,1,6521,4444,4413
6545,0,84,1,3,4,1,1,6508,4511,4415
6546,0,93,1,0,4,1,1,6520,4445,4428
6549,0,89,1,1,4,1,1,6540,4454,4415
6550,0,87,0,0,4,1,1,6500,4436,-1
6551,0,86,0,0,4,1,1,6423,4482,-1
6554,0,93,0,0,4,1,1,6543,4433,-1
6555,0,91,0,0,4,1,1,6507,4440,-1
6557,0,92,1,0,4,1,1,6513,4445,4420
6558,0,90,1,1,4,1,1,6549,4490,4423
6559,0,91,1,1,4,1,1,6490,4516,4450
6560,0,85,1,1,4,1,1,6545,4479,4445
6561,0,92,0,0,4,1,1,6439,4455,-1
6563,0,89,1,0,4,1,1,6416,4456,4423
6564,0,88,1,0,4,1,1,6441,4471,4451
6565,0,91,1,2,4,1,1,6448,4614,4428
6568,0,92,1,1,4,1,1,6521,4581,4431
6569,0,93,0,0,4,1,1,6557,4445,-1
6571,0,88,0,0,4,1,1,6313,4451,-1
6572,0,91,0,0,4,1,1,6468,4452,-1
6574,0,84,1,0,4,1,1,6508,4470,4430
6575,0,83,1,3,4,1,1,6333,4692,4457
6577,0,90,1,0,4,1,1,6534,4484,4433
6578,0,89,1,0,4,1,1,6540,4512,4451
6579,0,89,0,0,4,1,1,6511,4451,-1
6580,0,90,0,0,4,1,1,6549,4454,-1
6581,0,91,1,1,4,1,1,6558,4673,4459
6582,0,93,1,5,4,1,1,6520,4634,4440
6583,0,84,1,0,4,1,1,6508,4468,4442
6585,0,92,1,0,4,1,1,6521,4472,4443
6588,0,90,1,5,4,1,1,6534,4539,4445
6589,0,92,1,0,4,1,1,6565,4529,4447
6590,0,93,1,1,4,1,1,6568,4533,4492
6591,0,85,0,0,4,1,1,6574,4470,-1
6595,0,92,0,0,4,1,1,6513,4514,-1
6596,0,86,1,0,4,1,1,6560,4494,4450
6598,0,93,0,0,4,1,1,6520,4467,-1
6600,0,91,0,0,4,1,1,6577,4468,-1
6602,0,94,1,0,4,1,1,6582,4501,4455
6603,0,91,1,2,4,1,1,6588,4510,4456
6605,0,90,0,0,4,1,1,6534,4474,-1
6608,0,87,1,0,4,1,1,6271,4509,4466
6610,0,93,0,0,4,1,1,6589,4529,-1
6611,0,92,1,0,4,1,1,6521,4496,4460
6613,0,90,0,0,4,1,1,6578,4512,-1
6616,0,95,0,0,4,1,1,6602,4501,-1
6617,0,86,0,0,4,1,1,6514,4479,-1
6619,0,92,1,0,4,1,1,6603,4509,4460
6620,0,92,1,3,4,1,1,6565,4632,4580
6621,0,85,1,0,4,1,1,6545,4509,4475
6622,0,91,0,0,4,1,1,6490,4482,-1
6623,0,86,0,0,4,1,1,6560,4476,-1
6625,0,91,0,0,4,1,1,6417,4531,-1
6626,0,84,1,1,4,1,1,6575,4544,4479
6627,0,88,0,0,4,1,1,6441,4484,-1
6628,0,89,1,0,4,1,1,6540,4482,4464
6629,0,92,0,0,4,1,1,6521,4487,-1
6632,0,91,0,0,4,1,1,6558,4490,-1
6633,0,92,1,1,4,1,1,6559,4549,4482
6635,0,94,1,0,4,1,1,6582,4528,4499
6636,0,91,1,1,4,1,1,6588,4574,4475
6639,0,87,0,0,4,1,1,6596,4494,-1
6640,0,92,1,0,4,1,1,6603,4554,4476
6642,0,93,0,0,4,1,1,6611,4496,-1
6645,0,93,0,0,4,1,1,6619,4499,-1
6647,0,87,0,0,4,1,1,6271,4508,-1
6650,0,92,1,1,4,1,1,6636,4642,4490
6651,0,85,1,0,4,1,1,6626,4505,4489
6652,0,91,1,0,4,1,1,6588,4512,4486
6653,0,93,0,0,4,1,1,6640,4554,-1
6654,0,85,1,0,4,1,1,6545,4508,4486
6661,0,84,1,1,4,1,1,6575,4558,4489
6662,0,93,1,2,4,1,1,6633,4594,4496
6663,0,92,1,1,4,1,1,6480,4596,4546
6665,0,92,0,0,4,1,1,6559,4513,-1
6666,0,86,0,0,4,1,1,6621,4509,-1
6668,0,93,0,0,4,1,1,6650,4510,-1
6669,0,91,1,0,4,1,1,6588,4530,4496
6670,0,94,1,2,4,1,1,6590,4577,4497
6671,0,85,0,0,4,1,1,6545,4511,-1
6672,0,92,0,0,3,1,0,6652,4512,-1
6674,0,84,1,0,4,1,1,6575,4568,4505
6676,0,85,0,0,4,1,1,6626,4544,-1
6677,0,90,0,0,4,1,1,6534,4566,-1
6678,0,94,1,3,4,1,1,6662,4657,4521
6679,0,92,0,0,4,1,1,6669,4530,-1
6680,0,95,1,1,4,1,1,6670,4597,4519
6683,0,93,0,0,4,1,1,6633,4549,-1
6684,0,93,0,0,4,1,1,6568,4580,-1
6685,0,91,1,0,4,1,1,6588,4544,4509
6686,0,92,0,0,4,1,1,6636,4574,-1
6687,0,85,1,4,4,1,1,6661,4683,4521
6689,0,94,1,1,4,1,1,6582,4581,4540
6702,0,91,0,0,4,1,1,6588,4539,-1
6703,0,83,0,0,4,1,1,6333,4538,-1
6704,0,92,0,0,4,1,1,6685,4544,-1
6707,0,84,0,0,4,1,1,6575,4687,-1
6708,0,96,1,5,4,1,1,6680,4778,4524
6709,0,95,1,1,4,1,1,6678,4644,4526
6710,0,86,1,1,4,1,1,6687,4586,4540
6712,0,97,1,0,4,1,1,6708,4568,4529
6714,0,95,1,0,4,1,1,6670,4548,4530
6715,0,96,1,3,4,1,1,6709,4641,4549
6716,0,85,0,0,4,1,1,6661,4558,-1
6722,0,94,1,0,4,1,1,6662,4590,4566
6723,0,95,1,1,4,1,1,6678,4652,4591
6725,0,93,1,1,4,1,1,6650,4640,4607
6726,0,96,0,0,4,1,1,6680,4597,-1
6727,0,95,0,0,4,1,1,6670,4577,-1
6729,0,95,1,1,4,1,1,6689,4573,4544
6730,0,87,1,0,4,1,1,6710,4579,4553
6732,0,85,0,0,4,1,1,6674,4568,-1
6733,0,96,1,0,4,1,1,6729,4586,4557
6734,0,94,1,0,4,1,0,6582,4653,4567
6735,0,93,1,2,4,1,1,6663,4636,4556
6736,0,86,1,1,4,1,1,6687,4624,4580
6737,0,97,1,5,4,1,1,6708,4683,4599
6739,0,95,0,0,4,1,1,6689,4581,-1
6740,0,92,1,0,4,1,1,6480,4622,4557
6742,0,97,1,1,4,1,1,6715,4632,4592
6743,0,88,0,0,4,1,1,6730,4579,-1
6744,0,92,1,0,4,1,1,6581,4608,4587
6747,0,87,0,0,4,1,1,6710,4586,-1
6748,0,94,0,0,4,1,1,6735,4585,-1
6749,0,96,0,0,4,1,1,6709,4587,-1
6750,0,93,0,0,4,1,1,6663,4583,-1
6751,0,92,1,0,4,1,1,6480,4616,4568
6753,0,95,0,0,4,1,1,6722,4590,-1
6754,0,95,0,0,4,1,0,6734,4653,-1
6757,0,93,0,0,4,1,1,6751,4592,-1
6758,0,93,0,0,4,1,1,6740,4622,-1
6759,0,94,0,0,4,1,1,6662,4594,-1
6761,0,92,0,0,4,1,1,6480,4598,-1
6766,0,94,1,0,4,1,1,6582,4630,4591
6767,0,93,1,4,4,1,1,6620,4682,4584
6768,0,87,1,0,4,1,1,6736,4621,4589
6773,0,94,1,3,4,1,1,6767,4675,4591
6776,0,86,1,5,4,1,1,6687,4767,4591
6777,0,92,0,0,4,1,1,6565,4614,-1
6779,0,93,1,5,4,1,1,6620,4785,4595
6780,0,95,0,0,4,1,1,6766,4630,-1
6781,0,96,1,1,4,1,1,6723,4644,4596
6782,0,94,1,3,4,1,1,6735,4665,4598
6783,0,95,1,1,4,1,1,6773,4705,4605
6784,0,98,1,0,4,1,1,6742,4650,4602
6785,0,87,1,0,4,1,1,6776,4640,4618
6786,0,92,0,0,4,1,1,6581,4620,-1
6788,0,94,0,0,4,1,1,6779,4638,-1
6791,0,96,0,0,4,1,1,6709,4631,-1
6792,0,94,0,0,4,1,1,6582,4634,-1
6793,0,86,1,0,4,1,1,6687,4659,4602
6794,0,95,1,3,4,1,1,6678,4722,4627
6795,0,94,0,0,4,1,1,6767,4618,-1
6796,0,97,1,0,4,1,1,6715,4653,4602
6797,0,98,1,0,4,1,1,6737,4643,4604
6798,0,95,1,1,4,1,1,6782,4653,4606
6801,0,96,0,0,4,1,1,6723,4624,-1
6802,0,97,1,0,4,1,1,6781,4633,4610
6803,0,94,1,0,4,1,1,6735,4627,4610
6804,0,93,1,0,4,1,1,6620,4648,4612
6805,0,99,0,0,4,1,1,6784,4650,-1
6806,0,94,1,0,4,1,1,6725,4677,4611
6808,0,98,0,0,4,1,1,6742,4632,-1
6809,0,96,1,0,4,1,1,6798,4645,4615
6810,0,86,0,0,4,1,1,6687,4632,-1
6811,0,99,0,0,4,1,1,6797,4643,-1
6812,0,97,1,3,4,1,1,6715,4737,4613
6813,0,97,1,0,4,1,1,6708,4668,4635
6814,0,98,0,0,4,1,1,6802,4633,-1
6815,0,98,1,0,4,1,1,6737,4654,4615
6818,0,93,0,0,4,1,1,6650,4642,-1
6820,0,94,0,0,3,1,0,6804,4648,-1
6821,0,95,1,1,4,1,1,6773,4688,4623
6823,0,95,1,3,4,1,1,6782,4716,4629
6824,0,88,0,0,4,1,1,6785,4640,-1
6826,0,98,1,0,4,1,1,6737,4713,4626
6828,0,97,0,0,4,1,1,6781,4644,-1
6829,0,94,1,0,3,1,0,6767,4667,4627
6831,0,98,1,0,3,1,0,6812,4653,4628
6832,0,87,1,0,4,1,1,6776,4684,4639
6833,0,96,1,3,4,1,1,6783,4859,4630
6835,0,87,0,0,4,1,1,6793,4659,-1
6837,0,95,1,2,4,1,1,6773,4709,4639
6838,0,96,1,0,4,1,1,6794,4740,4661
6839,0,98,0,0,4,1,1,6796,4653,-1
6843,0,96,0,0,4,1,1,6798,4653,-1
6844,0,99,0,0,4,1,1,6815,4651,-1
6846,0,95,0,0,4,1,1,6678,4657,-1
6847,0,98,1,4,4,1,1,6737,4799,4639
6849,0,94,1,2,4,1,1,6767,4693,4639
6850,0,95,0,0,3,1,0,6829,4667,-1
6851,0,95,1,0,4,1,1,6782,4790,4640
6854,0,96,0,0,4,1,1,6783,4705,-1
6855,0,98,1,0,4,1,1,6812,4691,4660
6856,0,98,0,0,4,1,1,6813,4668,-1
6858,0,96,1,0,4,1,1,6821,4696,4644
6860,0,99,0,0,4,1,1,6826,4713,-1
6862,0,96,1,0,4,1,1,6837,4690,4646
6864,0,97,1,0,4,1,1,6708,4683,4654
6866,0,95,1,1,4,1,1,6849,4729,4648
6869,0,88,0,0,4,1,1,6832,4684,-1
6870,0,98,1,0,4,1,1,6737,4687,4654
6872,0,94,1,0,4,1,1,6767,4690,4653
6873,0,86,0,0,4,1,1,6687,4683,-1
6874,0,87,1,0,4,1,1,6776,4677,4650
6875,0,96,1,1,4,1,1,6823,4722,4667
6876,0,97,0,0,4,1,1,6862,4690,-1
6878,0,96,1,1,4,1,1,6866,4721,4654
6880,0,92,0,0,4,1,1,6581,4673,-1
6881,0,94,1,0,4,1,1,6779,4704,4656
6883,0,96,0,0,4,1,1,6821,4678,-1
6884,0,97,1,3,4,1,1,6833,4818,4679
6888,0,96,1,0,4,1,1,6837,4711,4658
6891,0,97,0,0,4,1,1,6858,4696,-1
6892,0,96,0,0,4,1,1,6851,4768,-1
6893,0,95,0,0,4,1,1,6773,4675,-1
6895,0,95,1,0,4,1,1,6849,4690,4659
6896,0,99,0,0,4,1,1,6870,4687,-1
6897,0,98,0,0,4,1,1,6864,4683,-1
6898,0,95,0,0,4,1,1,6872,4690,-1
6900,0,88,0,0,4,1,1,6874,4677,-1
6901,0,99,0,0,4,1,1,6847,4722,-1
6903,0,96,0,0,4,1,1,6895,4679,-1
6904,0,94,1,0,4,1,1,6779,4714,4668
6905,0,97,0,0,4,1,1,6838,4704,-1
6907,0,96,1,0,4,1,1,6794,4757,4681
6909,0,98,1,0,4,1,1,6812,4719,4673
6910,0,96,0,0,4,1,1,6866,4729,-1
6911,0,87,1,0,4,1,1,6776,4724,4681
6913,0,97,0,0,4,1,1,6708,4707,-1
6914,0,96,1,2,4,1,1,6823,4763,4679
6916,0,94,1,1,4,1,1,6779,4731,4687
6917,0,97,1,2,4,1,1,6875,4786,4687
6919,0,97,1,3,4,1,1,6878,4772,4686
6922,0,95,0,0,4,1,1,6881,4702,-1
6923,0,96,0,0,4,1,1,6837,4709,-1
6924,0,98,0,0,4,1,1,6812,4737,-1
6925,0,98,1,0,4,1,1,6884,4743,4708
6927,0,97,0,0,4,1,1,6888,4711,-1
6928,0,95,0,0,4,1,1,6904,4714,-1
6931,0,97,0,0,4,1,1,6907,4707,-1
6932,0,97,1,8,4,1,1,6914,4919,4688
6934,0,96,1,0,4,1,1,6823,4732,4690
6935,0,97,1,0,4,1,1,6833,4740,4691
6938,0,99,0,0,4,1,1,6909,4719,-1
6939,0,98,1,3,4,1,1,6919,4785,4692
6940,0,96,1,0,4,1,1,6794,4722,4692
6943,0,95,1,0,4,1,1,6916,4721,4699
6944,0,98,1,0,4,1,1,6932,4742,4716
6950,0,97,0,0,4,1,1,6934,4732,-1
6951,0,98,0,0,4,1,1,6935,4718,-1
6952,0,97,0,0,4,1,1,6940,4722,-1
6953,0,87,1,0,4,1,1,6776,4729,4715
6954,0,97,0,0,4,1,1,6875,4722,-1
6956,0,94,1,1,4,1,1,6779,4829,4719
6958,0,96,0,0,4,1,1,6823,4716,-1
6959,0,96,0,0,4,1,1,6794,4722,-1
6960,0,98,1,2,4,1,1,6919,4810,4714
6961,0,96,0,0,4,1,1,6943,4721,-1
6962,0,97,1,0,4,1,1,6833,4744,4713
6963,0,98,1,2,4,1,1,6917,4785,4730
6968,0,99,0,0,4,1,1,6925,4743,-1
6970,0,99,1,0,4,1,1,6939,4749,4718
6971,0,97,1,0,4,1,1,6914,4778,4728
6975,0,98,0,0,4,1,1,6962,4744,-1
6976,0,95,0,0,4,1,1,6916,4731,-1
6977,0,99,0,0,4,1,1,6944,4739,-1
6979,0,100,0,0,4,1,1,6970,4745,-1
6981,0,98,1,0,4,1,1,6919,4772,4725
6985,0,99,1,1,4,1,1,6960,4779,4742
6986,0,87,0,0,4,1,1,6776,4767,-1
6989,0,98,1,0,4,1,1,6932,4780,4747
6992,0,99,1,5,4,1,1,6939,4942,4729
6993,0,97,1,0,4,1,1,6708,4791,4743
6994,0,99,1,2,4,1,1,6847,4817,4739
6995,0,94,1,0,4,1,1,6779,4756,4730
6996,0,98,1,3,4,1,1,6884,5016,4777
6997,0,99,0,0,4,1,1,6981,4772,-1
6999,0,100,1,8,4,1,1,6992,4898,4734
7001,0,99,1,0,4,1,0,6963,4803,4746
7004,0,95,1,2,5,1,0,6956,4839,4785
7005,0,101,1,1,4,1,1,6999,4780,4747
7006,0,99,1,0,4,1,1,6939,4776,4750
7007,0,94,0,0,4,1,1,6779,4785,-1
7008,0,98,1,4,4,1,1,6917,4901,4748
7010,0,97,0,0,4,1,1,6907,4757,-1
7011,0,97,0,0,4,1,1,6914,4763,-1
7012,0,100,1,0,4,1,1,6994,4773,4744
7014,0,100,1,0,4,1,1,6992,4776,4756
7018,0,98,0,0,4,1,1,6993,4791,-1
7019,0,100,1,0,4,1,1,6985,4781,4752
7020,0,101,0,0,4,1,1,7012,4773,-1
7022,0,99,1,1,4,1,1,6847,4816,4750
7023,0,102,1,0,3,1,0,7005,4778,4755
7024,0,99,0,0,4,1,1,6989,4769,-1
7025,0,98,0,0,4,1,1,6971,4778,-1
7026,0,99,1,0,4,1,1,6960,4839,4792
7027,0,99,1,0,4,1,1,7008,4811,4753
7030,0,100,1,0,4,1,1,6994,4817,4783
7031,0,100,0,0,4,1,1,7006,4776,-1
7032,0,99,1,0,4,1,1,6963,4803,4757
7033,0,101,0,0,4,1,1,7019,4781,-1
7034,0,98,1,5,4,1,1,6932,4964,4759
7035,0,100,0,0,4,1,0,7027,4811,-1
7036,0,101,1,0,4,1,1,6999,4785,4759
7037,0,97,0,0,4,1,1,6708,4778,-1
7038,0,103,0,0,3,1,0,7023,4778,-1
7039,0,98,0,0,4,1,1,6917,4786,-1
7041,0,99,1,0,4,1,1,6847,4790,4762
7042,0,100,1,0,4,1,1,7022,4819,4784
7043,0,100,0,0,4,1,1,7032,4791,-1
7045,0,100,0,0,4,1,1,6985,4779,-1
7046,0,100,0,0,4,1,0,7001,4789,-1
7048,0,99,1,0,4,1,1,7008,4903,4768
7049,0,98,1,2,4,1,1,6932,4855,4771
7051,0,101,1,0,4,1,1,6999,4912,4773
7052,0,99,1,0,4,1,1,7034,4815,4786
7053,0,99,1,0,4,1,1,6847,4795,4776
7056,0,100,1,4,4,1,1,6992,4935,4778
7058,0,100,0,0,4,1,1,7048,4817,-1
7059,0,99,1,1,4,1,1,7008,4829,4780
7060,0,99,1,1,4,1,1,7049,4834,4779
7061,0,100,0,0,4,1,1,7053,4795,-1
7064,0,98,1,2,4,1,1,6932,4945,4816
7066,0,101,1,1,4,1,1,7056,4859,4788
7067,0,99,1,1,4,1,1,6996,4861,4815
7071,0,100,1,1,4,1,1,7060,4900,4786
7074,0,100,1,0,4,1,1,7059,4860,4787
7076,0,98,1,0,4,1,1,6884,4809,4788
7077,0,101,0,0,4,1,1,7030,4817,-1
7078,0,100,1,1,4,1,1,6992,4823,4788
7079,0,101,1,2,4,1,1,6999,4905,4789
7083,0,96,1,1,5,1,0,7004,4839,4791
7084,0,99,1,0,3,1,0,7049,4829,4789
7086,0,101,1,2,4,1,1,7071,4951,4849
7087,0,99,0,0,4,1,1,7076,4809,-1
7088,0,101,1,1,4,1,1,7078,4849,4793
7089,0,100,0,0,4,1,1,6994,4817,-1
7090,0,102,1,0,4,1,1,7079,4874,4851
7092,0,100,0,0,4,1,1,7022,4810,-1
7094,0,97,1,0,5,1,0,7083,4829,4816
7095,0,100,0,0,5,1,0,7060,4825,-1
7096,0,100,0,0,4,1,1,7026,4819,-1
7097,0,99,1,0,4,1,1,7034,4839,4813
7098,0,100,0,0,3,1,0,7084,4829,-1
7099,0,102,1,2,4,1,1,7088,4970,4798
7100,0,98,0,0,4,1,1,6884,4818,-1
7101,0,101,1,1,4,1,1,7056,4851,4813
7103,0,100,1,1,4,1,1,6992,4870,4799
7104,0,101,1,0,4,1,1,6999,4888,4808
7105,0,99,0,0,4,1,1,7049,4855,-1
7106,0,102,1,2,4,1,1,7066,4886,4823
7107,0,101,0,0,4,1,1,7042,4819,-1
7108,0,103,1,0,4,1,1,7099,4852,4819
7110,0,100,0,0,4,1,1,7052,4815,-1
7112,0,99,1,2,4,1,1,7008,4876,4816
7113,0,101,1,0,4,1,1,7103,4857,4829
7115,0,96,1,0,5,1,0,7004,4846,4815
7117,0,102,0,0,4,1,1,7051,4874,-1
7120,0,102,1,1,4,1,1,7101,4873,4818
7121,0,100,0,0,4,1,1,6992,4835,-1
7123,0,101,1,0,4,1,1,6999,4851,4820
7125,0,100,0,0,4,1,1,7097,4839,-1
7126,0,100,1,0,4,1,1,7067,4847,4820
7128,0,100,1,0,4,1,1,7112,4846,4821
7130,0,99,1,0,4,1,1,7064,4844,4821
7133,0,101,0,0,4,1,1,7074,4846,-1
7135,0,97,0,0,4,1,1,6833,4859,-1
7136,0,104,0,0,4,1,1,7108,4852,-1
7137,0,99,1,0,4,1,1,7034,4876,4824
7138,0,97,0,0,5,1,0,7115,4846,-1
7139,0,103,1,0,4,1,1,7120,4924,4849
7140,0,101,0,0,3,1,0,7128,4846,-1
7141,0,100,0,0,4,1,1,7130,4844,-1
7143,0,103,1,0,4,1,1,7106,4903,4843
7144,0,98,1,0,4,1,1,6932,4899,4860
7145,0,100,0,0,4,1,1,7137,4874,-1
7146,0,101,1,1,4,1,1,6999,4882,4831
7150,0,99,1,1,4,1,1,7064,4921,4891
7153,0,102,0,0,4,1,1,7066,4851,-1
7154,0,102,0,0,4,1,1,7113,4853,-1
7155,0,102,0,0,4,1,1,7104,4855,-1
7157,0,99,1,2,4,1,1,6996,4923,4885
7158,0,99,0,0,4,1,1,7008,4901,-1
7159,0,101,1,7,4,1,1,6999,5079,4844
7161,0,100,0,0,4,1,1,7067,4861,-1
7163,0,101,0,0,4,1,1,7103,4860,-1
7165,0,100,1,0,4,1,1,7112,4876,4844
7166,0,102,1,0,4,1,1,7146,4877,4848
7167,0,104,0,0,4,1,1,7143,4903,-1
7169,0,102,1,2,4,1,1,7159,4983,4915
7171,0,101,0,0,4,1,1,7165,4876,-1
7175,0,103,1,1,4,1,1,7099,5059,4910
7176,0,103,1,0,4,1,1,7106,4890,4853
7177,0,103,0,0,4,1,1,7166,4873,-1
7178,0,104,0,0,4,1,1,7139,4886,-1
7179,0,101,0,0,4,1,1,6999,4898,-1
7183,0,103,0,0,4,1,1,7090,4874,-1
7186,0,102,0,0,4,1,1,7146,4879,-1
7188,0,103,0,0,4,1,1,7120,4873,-1
7189,0,102,0,0,4,1,1,7104,4888,-1
7191,0,104,0,0,4,1,1,7176,4890,-1
7194,0,102,1,0,4,1,1,7086,4929,4872
7197,0,102,1,5,4,1,1,7079,4963,4873
7199,0,98,1,0,4,1,1,6932,4926,4870
7201,0,101,1,3,4,1,1,7056,4935,4881
7204,0,99,0,0,4,1,1,7144,4895,-1
7206,0,103,0,0,4,1,1,7194,4919,-1
7209,0,100,0,0,4,1,1,7048,4903,-1
7214,0,98,1,1,4,1,1,6932,4915,4889
7215,0,103,1,2,4,1,1,7197,4969,4883
7216,0,102,1,0,4,1,1,7086,4983,4918
7218,0,99,1,0,4,1,1,7034,4926,4885
7219,0,102,0,0,4,1,1,7079,4905,-1
7220,0,102,1,1,4,1,1,7201,4949,4887
7222,0,99,0,0,4,1,1,7199,4926,-1
7223,0,100,1,1,4,1,1,7157,4975,4890
7226,0,103,1,0,4,1,1,7220,4913,4892
7227,0,100,0,0,4,1,1,7218,4919,-1
7228,0,101,1,0,4,1,1,7056,4937,4892
7230,0,99,1,0,4,1,1,7214,4954,4894
7231,0,103,1,0,4,1,1,7197,4975,4894
7232,0,101,1,3,4,1,1,7223,5007,4928
7234,0,100,1,2,4,1,1,7150,5029,4896
7235,0,99,1,0,4,1,1,7034,4925,4896
7236,0,104,1,0,4,1,1,7215,4954,4919
7237,0,104,0,0,4,1,1,7226,4913,-1
7238,0,100,0,0,4,1,1,7230,4929,-1
7239,0,104,0,0,4,1,1,7231,4916,-1
7240,0,101,1,0,4,1,1,7234,4953,4927
7241,0,100,1,3,4,1,1,7157,5052,4901
7242,0,100,0,0,4,1,1,7235,4925,-1
7243,0,102,1,0,4,1,1,7201,4969,4904
7247,0,101,0,0,4,1,1,7056,4924,-1
7249,0,103,1,0,4,1,1,7197,4935,4905
7252,0,98,0,0,4,1,1,6932,4919,-1
7253,0,99,0,0,4,1,1,7034,4964,-1
7254,0,100,0,0,4,1,1,7150,4921,-1
7256,0,102,0,0,4,1,1,7228,4937,-1
7257,0,104,0,0,4,1,1,7249,4935,-1
7258,0,104,0,0,4,1,1,7175,4930,-1
7259,0,102,1,3,4,1,1,7201,5065,4915
7260,0,103,1,1,4,1,1,7197,4958,4917
7264,0,103,1,0,4,1,1,7169,5014,4919
7266,0,99,1,1,4,1,1,6996,4990,4952
7267,0,101,1,1,4,1,1,7241,4980,4924
7268,0,103,0,0,4,1,1,7243,4969,-1
7269,0,99,0,0,4,1,1,7064,4945,-1
7270,0,104,1,4,4,1,1,7260,5027,4926
7272,0,105,0,0,4,1,1,7236,4950,-1
7275,0,102,1,0,4,1,1,7159,4977,4926
7277,0,103,1,1,4,1,1,7197,5015,4947
7279,0,102,1,0,4,1,1,7267,5071,4940
7281,0,104,1,1,4,1,1,7215,5015,4948
7282,0,103,1,0,4,1,1,7169,4966,4931
7285,0,105,1,0,4,1,1,7270,4983,4931
7286,0,102,1,1,4,1,1,7232,5016,4933
7289,0,103,0,0,4,1,1,7216,4954,-1
7290,0,103,0,0,4,1,1,7275,4977,-1
7291,0,104,0,0,4,1,1,7260,4958,-1
7292,0,102,1,1,4,1,1,7159,5012,4937
7293,0,101,1,0,4,1,1,7234,4979,4953
7294,0,106,0,0,4,1,1,7285,4983,-1
7295,0,100,0,0,4,1,1,7230,4954,-1
7298,0,104,0,0,4,1,1,7231,4975,-1
7299,0,103,1,3,4,1,1,7259,5076,4955
7302,0,105,1,3,4,1,1,7270,5002,4942
7303,0,103,1,1,4,1,1,7292,5002,4945
7304,0,101,0,0,4,1,1,7223,4975,-1
7305,0,102,1,1,4,1,1,7232,4991,4944
7306,0,101,1,0,4,1,1,7241,4990,4947
7307,0,103,0,0,4,1,1,7169,4983,-1
7308,0,103,0,0,4,1,1,7279,4994,-1
7310,0,106,1,0,4,1,1,7302,4985,4947
7311,0,102,1,2,4,1,1,7159,5046,4981
7312,0,103,1,1,4,1,1,7305,5016,4950
7314,0,102,0,0,4,1,1,7267,4980,-1
7315,0,104,1,0,4,1,1,7303,5006,4963
7316,0,107,0,0,4,1,1,7310,4979,-1
7317,0,104,1,2,4,1,1,7277,5053,4965
7319,0,105,1,0,4,1,1,7270,4979,4954
7321,0,105,1,0,4,1,1,7281,5007,4960
7323,0,102,1,0,4,1,1,7232,4979,4956
7325,0,100,1,3,4,1,1,7266,5148,4963
7327,0,101,1,2,4,1,1,7241,5052,4971
7329,0,102,0,0,4,1,1,7293,4979,-1
7330,0,106,1,4,4,1,1,7302,5047,4959
7332,0,104,1,0,4,1,1,7299,5005,4986
7334,0,102,0,0,4,1,0,7306,4981,-1
7335,0,99,0,0,4,1,1,6996,4987,-1
7336,0,101,0,0,4,1,1,7234,5029,-1
7340,0,102,0,0,4,1,1,7232,5003,-1
7342,0,103,1,1,4,1,1,7259,5022,4970
7344,0,105,1,0,4,1,1,7270,5003,4971
7345,0,105,0,0,4,1,1,7281,5015,-1
7347,0,100,0,0,4,1,1,7266,4990,-1
7348,0,106,1,1,4,1,1,7302,5005,4974
7350,0,104,1,0,4,1,1,7312,5008,4983
7351,0,105,0,0,4,1,1,7315,5006,-1
7354,0,101,1,0,4,1,1,7325,5094,5052
7355,0,102,1,0,4,1,1,7327,5047,4984
7357,0,105,1,1,4,1,1,7317,5043,4982
7358,0,107,1,0,4,1,1,7330,5007,4982
7361,0,104,1,1,4,1,1,7175,5117,5021
7362,0,101,0,0,4,1,1,7241,5052,-1
7365,0,105,0,0,4,1,0,7270,5007,-1
7367,0,104,1,0,4,1,1,7342,5027,4994
7368,0,106,0,0,4,1,1,7344,5003,-1
7370,0,103,1,8,4,1,1,7286,5212,4985
7372,0,106,0,0,4,1,1,7302,5002,-1
7373,0,103,1,0,4,1,1,7311,5025,4987
7375,0,107,1,3,4,1,1,7348,5157,4988
7378,0,103,0,0,4,1,1,7355,5009,-1
7379,0,108,0,0,4,1,1,7358,5007,-1
7380,0,103,0,0,4,1,1,7292,5012,-1
7381,0,104,1,1,4,1,1,7370,5188,5008
7382,0,102,1,0,4,1,1,7159,5040,4992
7383,0,105,1,1,4,1,1,7317,5052,5011
7384,0,107,1,1,4,1,1,7330,5035,4993
7385,0,104,0,0,4,1,1,7264,5014,-1
7388,0,104,0,0,4,1,1,7277,5015,-1
7389,0,104,0,0,4,1,1,7312,5015,-1
7391,0,99,0,0,4,1,1,6996,5016,-1
7392,0,103,1,6,4,1,1,7259,5219,5033
7393,0,103,0,0,4,1,1,7286,5016,-1
7395,0,102,1,0,4,1,1,7159,5071,5007
7397,0,103,1,0,4,1,1,7311,5074,5007
7398,0,102,1,0,4,1,1,7327,5084,5026
7399,0,107,1,0,4,1,1,7330,5039,5008
7401,0,104,0,0,4,1,1,7373,5025,-1
7403,0,108,1,1,4,1,1,7384,5057,5009
7405,0,106,1,0,9,1,0,7357,5054,5017
7408,0,103,0,0,4,1,1,7395,5071,-1
7412,0,108,0,0,4,1,1,7399,5039,-1
7413,0,109,1,1,4,1,1,7403,5067,5014
7414,0,104,1,0,4,1,1,7299,5058,5036
7416,0,103,0,0,4,1,1,7382,5040,-1
7417,0,102,1,0,4,1,1,7159,5047,5023
7418,0,105,1,3,4,1,1,7381,5143,5024
7420,0,104,1,1,4,1,1,7370,5044,5018
7421,0,107,1,0,4,1,1,7330,5070,5019
7422,0,110,1,4,4,1,1,7413,5160,5038
7425,0,108,0,0,4,1,1,7384,5035,-1
7430,0,106,1,3,4,1,1,7383,5163,5023
7431,0,105,0,0,4,1,1,7317,5052,-1
7432,0,107,0,0,9,1,0,7405,5054,-1
7433,0,105,1,0,4,1,1,7420,5042,5023
7434,0,108,0,0,4,1,1,7375,5081,-1
7435,0,105,1,1,4,1,1,7361,5090,5026
7437,0,109,0,0,4,1,1,7403,5057,-1
7438,0,103,0,0,4,1,1,7417,5047,-1
7439,0,107,1,0,4,1,1,7430,5092,5034
7440,0,104,1,0,4,1,1,7370,5094,5041
7441,0,106,1,4,4,1,1,7418,5327,5061
7443,0,106,0,0,4,1,1,7433,5042,-1
7445,0,106,1,0,4,1,1,7435,5089,5057
7449,0,104,0,0,4,1,1,7175,5053,-1
7450,0,105,0,0,4,1,1,7381,5077,-1
7451,0,108,0,0,4,1,1,7421,5070,-1
7452,0,105,0,0,4,1,1,7361,5117,-1
7455,0,111,1,0,4,1,1,7422,5148,5073
7457,0,103,0,0,4,1,1,7259,5065,-1
7459,0,107,1,0,4,1,1,7430,5096,5052
7460,0,103,0,0,4,1,1,7279,5071,-1
7462,0,104,1,0,4,1,1,7299,5077,5047
7465,0,110,0,0,4,1,1,7413,5067,-1
7466,0,108,0,0,4,1,1,7439,5092,-1
7467,0,104,1,0,4,1,1,7392,5116,5060
7470,0,103,0,0,4,1,1,7398,5084,-1
7473,0,105,0,0,4,1,1,7462,5077,-1
7475,0,104,0,0,4,1,1,7397,5074,-1
7476,0,104,1,3,4,1,1,7370,5201,5089
7479,0,102,0,0,4,1,1,7159,5079,-1
7480,0,108,0,0,4,1,1,7459,5096,-1
7482,0,102,0,0,4,1,1,7354,5094,-1
7486,0,107,1,2,4,1,1,7430,5163,5112
7487,0,107,0,0,4,1,1,7445,5089,-1
7489,0,105,0,0,4,1,1,7467,5116,-1
7490,0,107,1,0,4,1,1,7441,5097,5066
7492,0,104,1,4,4,1,1,7392,5190,5076
7493,0,108,0,0,4,1,1,7490,5086,-1
7495,0,105,0,0,4,1,1,7440,5094,-1
7498,0,106,1,0,4,1,1,7418,5134,5091
7500,0,112,0,0,4,1,1,7455,5097,-1
7503,0,101,1,0,4,1,1,7325,5162,5107
7505,0,111,1,0,4,1,1,7422,5108,5084
7506,0,108,1,1,4,1,1,7375,5226,5111
7508,0,112,0,0,4,1,1,7505,5108,-1
7512,0,111,1,4,4,1,1,7422,5227,5118
7514,0,107,1,0,4,1,1,7441,5168,5130
7516,0,104,1,0,4,1,0,7370,5108,5100
7518,0,105,1,1,4,1,1,7492,5174,5129
7519,0,105,0,0,4,1,1,7381,5131,-1
7520,0,106,1,0,4,1,1,7418,5149,5115
7522,0,105,0,0,4,1,0,7516,5108,-1
7523,0,105,1,1,4,1,1,7476,5146,5111
7524,0,104,1,0,4,1,1,7370,5156,5123
7525,0,102,0,0,4,1,1,7503,5162,-1
7527,0,106,1,0,4,1,1,7523,5139,5116
7528,0,108,1,2,4,1,1,7486,5252,5117
7529,0,101,1,0,4,1,1,7325,5150,5117
7530,0,104,1,4,4,1,1,7392,5410,5120
7532,0,107,0,0,4,1,1,7527,5139,-1
7533,0,105,1,0,4,1,1,7476,5153,5122
7535,0,112,0,0,4,1,1,7455,5148,-1
7536,0,109,1,1,4,1,1,7528,5190,5133
7537,0,108,1,0,4,1,1,7375,5188,5123
7538,0,106,0,0,4,1,1,7418,5143,-1
7539,0,106,0,0,4,1,1,7523,5145,-1
7540,0,108,1,0,4,1,1,7486,5184,5128
7541,0,101,0,0,4,1,1,7325,5147,-1
7542,0,111,1,5,4,1,1,7422,5360,5129
7543,0,105,1,1,4,1,1,7530,5233,5188
7544,0,104,1,1,4,1,1,7392,5214,5130
7545,0,109,0,0,4,1,1,7540,5148,-1
7546,0,105,1,0,4,1,1,7476,5171,5154
7547,0,107,0,0,4,1,1,7430,5163,-1
7548,0,102,0,0,4,1,1,7529,5150,-1
7549,0,108,1,2,4,1,1,7375,5177,5134
7550,0,104,1,0,4,1,1,7370,5159,5139
7551,0,112,1,0,4,1,1,7542,5187,5148
7552,0,106,1,0,4,1,1,7518,5170,5134
7554,0,105,1,2,4,1,1,7544,5256,5185
7555,0,107,0,0,4,1,1,7520,5149,-1
7556,0,105,0,0,4,1,1,7524,5156,-1
7557,0,109,0,0,4,1,1,7537,5188,-1
7558,0,109,1,2,4,1,1,7506,5193,5137
7559,0,110,1,1,4,1,1,7536,5194,5138
7560,0,109,1,1,4,1,1,7549,5188,5138
7561,0,108,0,0,4,1,1,7486,5157,-1
7562,0,107,0,0,4,1,1,7552,5170,-1
7563,0,108,0,0,4,1,1,7514,5168,-1
7564,0,111,0,0,4,1,1,7422,5160,-1
7565,0,105,1,2,4,1,1,7492,5324,5143
7566,0,107,1,0,4,1,1,7441,5225,5165
7567,0,111,1,2,4,1,1,7559,5309,5157
7569,0,110,1,0,4,1,1,7560,5194,5153
7570,0,106,0,0,4,1,1,7518,5174,-1
7571,0,110,1,0,4,1,1,7558,5172,5148
7572,0,106,1,7,4,1,1,7565,5337,5157
7574,0,109,0,0,4,1,1,7506,5169,-1
7576,0,112,1,2,4,1,1,7512,5214,5159
7578,0,109,1,0,4,1,1,7549,5175,5152
7580,0,110,0,0,4,1,1,7536,5183,-1
7581,0,113,0,0,4,1,1,7551,5183,-1
7583,0,111,0,0,4,1,1,7571,5168,-1
7584,0,105,1,1,4,1,1,7492,5217,5154
7587,0,104,1,0,4,1,1,7392,5208,5155
7588,0,104,1,0,4,1,1,7370,5190,5156
7589,0,110,0,0,4,1,1,7578,5175,-1
7591,0,110,1,3,4,1,1,7558,5241,5159
7592,0,105,0,0,4,1,1,7381,5188,-1
7594,0,111,0,0,4,1,1,7569,5187,-1
7597,0,107,1,0,4,1,1,7572,5200,5162
7598,0,109,1,0,4,1,1,7528,5210,5183
7602,0,105,1,0,4,1,1,7492,5185,5165
7603,0,110,0,0,4,1,1,7560,5188,-1
7604,0,104,1,0,4,1,1,7392,5225,5186
7607,0,106,1,2,4,1,1,7584,5248,5167
7608,0,104,0,0,4,1,1,7370,5212,-1
7611,0,111,0,0,4,1,1,7559,5184,-1
7612,0,105,0,0,4,1,1,7587,5208,-1
7613,0,108,0,0,4,1,1,7566,5225,-1
7614,0,105,0,0,4,1,1,7588,5186,-1
7617,0,111,1,7,4,1,1,7591,5343,5173
7618,0,107,1,3,4,1,1,7607,5291,5181
7619,0,107,1,2,4,1,1,7572,5250,5174
7621,0,113,1,1,4,1,1,7576,5244,5175
7623,0,112,1,0,4,1,1,7512,5208,5176
7626,0,106,0,0,4,1,1,7565,5195,-1
7628,0,112,1,0,4,1,1,7617,5281,5181
7630,0,114,1,0,4,1,1,7621,5280,5206
7632,0,113,0,0,4,1,1,7623,5208,-1
7633,0,112,1,0,4,1,1,7567,5209,5183
7634,0,107,1,0,4,1,1,7572,5226,5185
7635,0,113,1,0,4,1,1,7576,5203,5186
7636,0,112,1,0,4,1,1,7512,5208,5187
7638,0,111,1,0,4,1,1,7591,5240,5188
7639,0,108,1,0,4,1,1,7618,5223,5192
7641,0,110,0,0,4,1,1,7598,5210,-1
7644,0,108,1,1,4,1,1,7619,5252,5190
7646,0,106,1,1,4,1,1,7554,5236,5191
7648,0,108,0,0,4,1,1,7634,5226,-1
7649,0,107,1,2,4,1,1,7607,5238,5192
7652,0,112,1,0,4,1,1,7617,5214,5192
7653,0,106,1,2,4,1,1,7543,5280,5193
7655,0,112,0,0,4,1,1,7638,5240,-1
7656,0,112,1,1,4,1,1,7567,5358,5255
7657,0,109,1,2,4,1,1,7644,5414,5234
7660,0,107,1,0,4,1,1,7572,5257,5196
7661,0,105,0,0,4,1,1,7544,5214,-1
7662,0,107,1,1,4,1,1,7646,5329,5202
7663,0,104,0,0,4,1,1,7392,5219,-1
7665,0,112,1,1,4,1,1,7512,5358,5205
7667,0,111,1,0,4,1,1,7591,5248,5201
7668,0,108,1,2,4,1,1,7649,5309,5199
7669,0,109,0,0,4,1,1,7528,5252,-1
7670,0,106,1,0,4,1,1,7554,5247,5203
7673,0,106,0,0,4,1,1,7543,5233,-1
7675,0,105,0,0,4,1,1,7604,5225,-1
7677,0,109,0,0,4,1,1,7506,5226,-1
7678,0,112,1,1,4,1,1,7542,5258,5212
7680,0,107,1,1,4,1,1,7572,5254,5213
7682,0,111,0,0,4,1,1,7591,5241,-1
7684,0,112,0,0,5,1,0,7617,5228,-1
7686,0,108,1,1,4,1,1,7618,5265,5214
7688,0,106,0,0,4,1,1,7554,5256,-1
7689,0,113,0,0,4,1,1,7628,5281,-1
7691,0,108,1,0,4,1,1,7619,5277,5221
7692,0,108,1,0,4,1,1,7649,5282,5217
7693,0,114,0,0,4,1,1,7621,5244,-1
7696,0,107,0,0,4,1,1,7607,5248,-1
7698,0,107,1,0,4,1,1,7653,5260,5219
7699,0,113,1,2,4,1,1,7665,5345,5311
7700,0,112,0,0,4,1,1,7667,5243,-1
7701,0,112,0,0,4,1,1,7542,5268,-1
7703,0,107,1,0,4,1,1,7572,5296,5230
7704,0,108,0,0,4,1,1,7660,5257,-1
7706,0,108,1,1,4,1,1,7662,5313,5249
7707,0,109,1,2,4,1,1,7668,5359,5243
7709,0,107,1,0,4,1,1,7653,5261,5236
7711,0,107,0,0,4,1,1,7670,5247,-1
7713,0,113,1,0,4,1,1,7678,5287,5232
7714,0,108,1,0,4,1,1,7680,5255,5231
7715,0,108,0,0,4,1,1,7619,5250,-1
7716,0,109,1,0,4,1,1,7686,5296,5233
7717,0,106,1,0,4,1,1,7565,5333,5285
7718,0,109,0,0,4,1,1,7691,5252,-1
7719,0,109,0,0,4,1,1,7692,5282,-1
7721,0,109,0,0,4,1,1,7714,5255,-1
7723,0,110,1,0,4,1,1,7657,5276,5241
7726,0,113,0,0,4,1,1,7678,5258,-1
7728,0,105,0,0,4,1,1,7530,5267,-1
7730,0,114,0,0,4,1,1,7713,5287,-1
7731,0,107,0,0,4,1,1,7653,5280,-1
7733,0,112,1,1,4,1,1,7617,5277,5250
7734,0,110,0,0,4,1,1,7716,5291,-1
7735,0,107,1,0,4,1,1,7572,5272,5250
7736,0,111,0,0,4,1,1,7723,5276,-1
7738,0,107,1,5,4,1,1,7441,5387,5252
7739,0,110,1,1,4,1,1,7657,5303,5252
7743,0,109,1,1,4,1,1,7706,5323,5277
7745,0,109,1,0,4,1,1,7668,5303,5282
7746,0,108,0,0,4,1,1,7735,5272,-1
7747,0,113,1,1,4,1,1,7733,5314,5259
7748,0,108,1,1,4,1,1,7738,5354,5257
7751,0,111,1,3,4,1,1,7739,5412,5270
7753,0,113,1,0,4,1,1,7656,5291,5260
7754,0,110,1,2,4,1,1,7707,5368,5318
7755,0,108,1,0,4,1,1,7618,5320,5260
7757,0,112,1,0,4,1,1,7617,5297,5273
7758,0,109,1,0,4,1,1,7748,5310,5286
7761,0,107,0,0,4,1,1,7572,5337,-1
7762,0,115,0,0,4,1,1,7630,5280,-1
7765,0,114,0,0,4,1,1,7753,5291,-1
7769,0,108,0,0,4,1,1,7618,5291,-1
7770,0,114,1,0,4,1,1,7747,5320,5281
7771,0,112,1,0,4,1,1,7542,5298,5277
7772,0,112,1,1,4,1,1,7751,5345,5316
7773,0,108,1,1,4,1,1,7738,5337,5284
7775,0,108,0,0,4,1,1,7703,5296,-1
7777,0,111,0,0,4,1,1,7739,5303,-1
7778,0,113,0,0,4,1,1,7757,5297,-1
7779,0,110,1,1,4,1,1,7743,5364,5294
7783,0,113,0,0,4,1,1,7771,5298,-1
7784,0,112,0,0,4,1,1,7567,5309,-1
7785,0,109,0,0,4,1,1,7755,5303,-1
7786,0,112,1,0,4,1,1,7617,5335,5284
7787,0,108,0,0,4,1,1,7662,5329,-1
7791,0,110,0,0,4,1,1,7745,5303,-1
7792,0,109,0,0,4,1,1,7706,5311,-1
7793,0,115,0,0,4,1,1,7770,5320,-1
7794,0,109,1,0,4,1,1,7773,5354,5309
7795,0,110,0,0,4,1,1,7758,5310,-1
7797,0,113,0,0,4,1,1,7786,5335,-1
7798,0,114,0,0,4,1,1,7747,5314,-1
7799,0,112,1,5,4,1,1,7617,5475,5295
7800,0,108,1,0,4,1,0,7738,5328,5295
7801,0,106,0,0,4,1,1,7565,5324,-1
7804,0,111,1,3,4,1,1,7779,5399,5306
7805,0,112,1,0,4,1,1,7542,5341,5304
7809,0,108,1,1,4,1,1,7738,5347,5308
7810,0,112,1,0,4,1,1,7617,5483,5309
7812,0,107,0,0,4,1,1,7717,5333,-1
7813,0,112,1,0,4,1,1,7804,5338,5316
7814,0,113,1,0,4,1,1,7799,5439,5313
7815,0,113,0,0,4,1,1,7805,5341,-1
7818,0,112,1,0,4,1,1,7542,5367,5324
7819,0,109,1,0,4,1,1,7809,5340,5322
7821,0,105,1,6,4,1,1,7530,5451,5337
7822,0,110,0,0,4,1,1,7657,5375,-1
7823,0,114,1,0,4,1,1,7699,5338,5316
7824,0,111,0,0,4,1,1,7779,5364,-1
7827,0,114,0,0,4,1,1,7814,5411,-1
7829,0,108,1,2,4,1,1,7738,5404,5330
7830,0,112,0,0,4,1,1,7617,5334,-1
7831,0,109,0,0,4,1,1,7773,5337,-1
7832,0,113,1,0,4,1,1,7772,5347,5321
7833,0,115,0,0,4,1,1,7823,5338,-1
7834,0,113,0,0,4,1,1,7813,5338,-1
7835,0,113,1,0,4,1,1,7799,5359,5334
7836,0,113,0,0,4,1,1,7810,5483,-1
7839,0,109,0,0,4,1,1,7748,5354,-1
7840,0,111,1,0,4,1,1,7754,5372,5327
7841,0,114,0,0,4,1,1,7832,5347,-1
7842,0,113,0,0,4,1,1,7665,5358,-1
7843,0,114,1,0,4,1,1,7699,5355,5327
7844,0,112,1,0,4,1,1,7804,5424,5327
7845,0,112,1,2,4,1,1,7751,5415,5349
7849,0,110,1,1,4,1,1,7707,5373,5329
7852,0,113,0,0,4,1,1,7772,5345,-1
7853,0,112,0,0,4,1,1,7840,5372,-1
7856,0,111,1,1,4,1,1,7849,5390,5334
7857,0,112,0,0,4,1,1,7542,5360,-1
7858,0,113,0,0,4,1,1,7656,5358,-1
7859,0,112,1,0,4,1,1,7804,5369,5338
7861,0,111,1,0,4,1,0,7754,5373,5338
7862,0,113,0,0,4,1,1,7844,5424,-1
7864,0,114,0,0,4,1,1,7835,5359,-1
7865,0,110,0,0,4,1,1,7707,5359,-1
7867,0,108,0,0,4,1,1,7738,5387,-1
7869,0,106,1,3,4,1,1,7821,5478,5343
7873,0,113,1,0,4,1,1,7799,5371,5351
7875,0,112,1,3,4,1,1,7856,5451,5349
7876,0,109,1,3,4,1,1,7829,5462,5346
7877,0,113,0,0,4,1,1,7818,5367,-1
7879,0,105,1,0,4,1,1,7530,5375,5354
7880,0,112,0,0,4,1,1,7804,5399,-1
7882,0,112,0,0,4,1,0,7861,5373,-1
7884,0,110,1,2,4,1,1,7876,5453,5364
7886,0,113,0,0,4,1,1,7859,5369,-1
7887,0,107,1,1,4,1,1,7869,5511,5368
7888,0,106,1,0,4,1,1,7821,5447,5363
7889,0,113,1,0,4,1,1,7875,5394,5363
7890,0,114,0,0,4,1,1,7873,5371,-1
7891,0,111,0,0,4,1,1,7849,5373,-1
7892,0,109,1,2,4,1,1,7829,5473,5357
7896,0,112,0,0,4,1,1,7856,5390,-1
7897,0,113,1,1,4,1,1,7799,5559,5363
7904,0,113,1,2,4,1,1,7845,5457,5377
7905,0,110,1,1,4,1,1,7892,5485,5429
7906,0,105,1,2,4,1,1,7530,5486,5379
7907,0,114,0,0,4,1,1,7889,5394,-1
7908,0,109,0,0,4,1,1,7829,5404,-1
7910,0,111,1,4,4,1,1,7884,5490,5369
7911,0,112,1,0,4,1,1,7751,5423,5384
7915,0,108,1,0,4,1,1,7887,5422,5383
7917,0,112,1,0,4,1,1,7910,5401,5385
7918,0,110,1,0,4,1,1,7876,5447,5381
7921,0,107,0,0,5,1,0,7888,5410,-1
7924,0,107,1,0,4,1,1,7869,5459,5405
7925,0,111,1,0,4,1,1,7884,5407,5384
7926,0,113,1,1,9,1,0,7799,5590,5442
7927,0,106,0,0,4,1,1,7906,5407,-1
7928,0,111,0,0,4,1,1,7918,5447,-1
7929,0,114,1,4,4,1,1,7904,5543,5411
7930,0,113,1,0,4,1,1,7845,5419,5392
7931,0,106,1,0,4,1,1,7821,5472,5389
7932,0,114,0,0,4,1,1,7897,5409,-1
7933,0,105,0,0,4,1,1,7530,5410,-1
7934,0,110,1,3,4,1,1,7876,5503,5415
7936,0,113,1,0,4,1,1,7875,5447,5410
7937,0,112,0,0,4,1,1,7751,5412,-1
7938,0,111,0,0,4,1,1,7884,5410,-1
7939,0,107,0,0,4,1,1,7931,5472,-1
7940,0,106,1,1,4,1,1,7821,5442,5400
7941,0,112,1,0,4,1,1,7910,5470,5412
7943,0,113,0,0,4,1,1,7911,5423,-1
7946,0,109,0,0,4,1,1,7915,5422,-1
7947,0,106,1,4,4,1,1,7821,5530,5412
7951,0,114,0,0,4,1,1,7936,5447,-1
7952,0,115,1,1,4,1,1,7929,5473,5422
7953,0,107,1,0,4,1,1,7940,5442,5418
7955,0,107,0,0,4,1,1,7869,5439,-1
7956,0,107,1,0,4,1,1,7947,5473,5441
7957,0,113,0,0,4,1,1,7941,5470,-1
7958,0,108,0,0,4,1,1,7887,5436,-1
7959,0,111,1,0,4,1,1,7934,5469,5419
7961,0,111,0,0,4,1,1,7884,5453,-1
7962,0,113,1,0,4,1,1,7875,5446,5421
7963,0,114,1,0,4,1,1,7904,5467,5427
7964,0,106,1,0,4,1,1,7821,5446,5422
7965,0,108,0,0,4,1,1,7953,5442,-1
7967,0,108,0,0,4,1,1,7924,5446,-1
7968,0,112,1,0,4,1,1,7910,5481,5444
7969,0,110,0,0,4,1,1,7876,5452,-1
7974,0,111,1,1,4,1,1,7934,5472,5432
7975,0,113,0,0,4,1,1,7875,5451,-1
7976,0,112,0,0,4,1,1,7959,5469,-1
7977,0,106,1,0,4,1,1,7906,5554,5444
7978,0,110,1,2,4,1,1,7892,5528,5440
7979,0,111,1,0,4,1,1,7905,5471,5447
7980,0,115,0,0,4,1,1,7963,5467,-1
7982,0,111,1,2,4,1,1,7934,5511,5447
7983,0,116,1,0,4,1,1,7952,5535,5447
7984,0,115,1,2,4,1,1,7929,5557,5445
7985,0,111,1,2,4,1,1,7978,5484,5445
7986,0,108,0,0,4,1,1,7956,5473,-1
7987,0,114,1,3,4,1,1,7897,5581,5480
7990,0,114,0,0,9,1,0,7926,5470,-1
7991,0,107,1,1,4,1,1,7869,5577,5447
7992,0,116,1,2,4,1,0,7984,5554,5503
7993,0,112,1,0,4,1,1,7985,5497,5450
7999,0,112,0,0,4,1,1,7979,5471,-1
8000,0,112,1,1,4,1,1,7982,5556,5467
8001,0,108,1,1,4,1,1,7991,5564,5535
8002,0,107,1,0,4,1,1,7947,5507,5452
8003,0,117,0,0,4,1,1,7983,5535,-1
8005,0,112,1,1,4,1,1,7974,5480,5454
8006,0,113,0,0,4,1,1,7799,5475,-1
8007,0,106,1,1,4,1,1,7906,5552,5455
8008,0,112,1,1,4,1,1,7910,5554,5472
8010,0,115,1,0,4,1,1,7929,5583,5465
8012,0,107,0,0,4,1,1,7869,5477,-1
8013,0,113,1,2,4,1,1,8005,5573,5460
8014,0,111,1,4,4,1,1,7978,5618,5466
8015,0,112,1,0,4,1,1,7985,5526,5461
8016,0,108,0,0,4,1,1,8002,5487,-1
8019,0,106,0,0,4,1,1,7906,5486,-1
8021,0,112,1,0,4,1,1,8014,5544,5510
8022,0,116,0,0,4,1,1,8010,5527,-1
8026,0,114,1,0,4,1,1,8013,5500,5477
8028,0,113,0,0,4,1,1,7993,5497,-1
8033,0,111,0,0,4,1,1,7978,5492,-1
8036,0,107,1,1,4,1,1,8007,5545,5509
8040,0,112,1,0,4,1,1,7982,5563,5479
8041,0,114,0,0,9,1,0,7926,5525,-1
8043,0,115,0,0,4,1,1,8026,5500,-1
8044,0,107,0,0,4,1,1,7977,5554,-1
8045,0,113,1,3,4,1,1,8000,5632,5501
8048,0,113,0,0,4,1,1,8040,5563,-1
8049,0,115,1,0,4,1,1,7929,5524,5492
8051,0,107,1,0,4,1,1,7947,5538,5488
8052,0,114,1,0,4,1,1,8013,5542,5520
8053,0,113,1,3,4,1,1,8008,5556,5488
8057,0,115,1,2,4,1,1,7987,5553,5508
8060,0,112,0,0,4,1,1,7982,5511,-1
8064,0,108,0,0,4,1,1,8051,5538,-1
8065,0,114,1,0,4,1,1,8053,5561,5509
8066,0,113,0,0,4,1,1,8015,5526,-1
8067,0,116,0,0,4,1,1,8049,5524,-1
8068,0,114,0,0,4,1,1,7897,5559,-1
8069,0,107,1,0,4,1,1,7947,5528,5508
8070,0,113,0,0,4,1,1,8008,5519,-1
8073,0,115,0,0,4,1,1,7929,5543,-1
8076,0,111,0,0,4,1,1,7978,5528,-1
8078,0,117,1,0,4,1,0,7992,5534,5509
8079,0,114,1,4,4,1,1,8045,5607,5510
8081,0,116,1,0,4,1,1,8057,5538,5513
8082,0,108,1,0,4,1,1,8036,5563,5514
8083,0,118,0,0,4,1,0,8078,5534,-1
8084,0,116,1,2,4,1,1,7984,5586,5516
8085,0,115,0,0,4,1,1,8065,5543,-1
8086,0,113,0,0,4,1,1,8021,5539,-1
8087,0,115,1,0,4,1,1,8079,5588,5516
8088,0,113,0,0,4,1,1,8000,5556,-1
8089,0,115,1,0,4,1,1,7987,5587,5519
8090,0,117,1,0,4,1,0,7992,5618,5520
8091,0,114,1,5,4,1,1,8053,5673,5521
8092,0,107,0,0,4,1,1,8007,5552,-1
8093,0,112,1,1,4,1,1,8014,5585,5523
8094,0,117,0,0,4,1,1,8081,5538,-1
8096,0,116,1,1,4,1,1,8057,5598,5524
8098,0,113,0,0,4,1,1,8008,5554,-1
8099,0,108,0,0,4,1,1,8036,5545,-1
8100,0,115,1,0,4,1,1,7987,5562,5539
8101,0,117,1,0,4,1,1,8084,5564,5538
8104,0,113,1,0,4,1,1,8093,5584,5538
8105,0,114,0,0,4,1,1,8013,5573,-1
8107,0,114,1,2,4,1,1,8053,5602,5537
8109,0,117,1,4,4,1,1,8096,5668,5541
8110,0,112,1,0,4,1,1,8014,5583,5547
8112,0,116,0,0,4,1,1,8057,5550,-1
8113,0,118,0,0,4,1,0,8090,5557,-1
8116,0,116,0,0,4,1,1,8087,5570,-1
8117,0,116,0,0,4,1,1,8089,5587,-1
8119,0,116,0,0,4,1,1,7984,5557,-1
8121,0,109,1,1,4,1,1,8001,5591,5546
8124,0,109,0,0,4,1,1,8082,5563,-1
8126,0,116,0,0,4,1,1,8100,5562,-1
8127,0,118,0,0,4,1,1,8101,5564,-1
8129,0,108,0,0,4,1,1,7991,5577,-1
8130,0,115,1,0,4,1,1,8079,5601,5547
8133,0,114,1,0,9,1,0,7926,5625,5555
8134,0,113,0,0,4,1,1,8093,5585,-1
8137,0,115,0,0,4,1,1,7987,5581,-1
8138,0,110,1,1,4,1,1,8121,5649,5566
8139,0,114,0,0,4,1,1,8104,5584,-1
8140,0,117,1,0,4,1,1,8084,5596,5563
8141,0,117,0,0,4,1,1,8096,5598,-1
8143,0,115,1,1,4,1,1,8107,5591,5557
8144,0,116,0,0,4,1,1,8130,5601,-1
8147,0,112,1,0,4,1,1,8014,5605,5576
8150,0,115,1,0,4,1,1,8079,5640,5559
8153,0,115,0,0,9,1,0,8133,5625,-1
8156,0,116,1,0,4,1,1,8143,5580,5561
8157,0,113,0,0,4,1,1,8110,5583,-1
8158,0,116,0,0,4,1,1,8150,5640,-1
8159,0,114,0,0,9,1,0,7926,5590,-1
8162,0,115,1,0,4,1,1,8107,5596,5567
8167,0,116,0,0,4,1,1,8143,5591,-1
8168,0,114,1,1,4,1,1,8045,5673,5572
8169,0,111,1,2,4,1,1,8138,5657,5612
8170,0,115,1,0,4,1,1,8079,5678,5575
8171,0,118,1,1,4,1,1,8109,5645,5576
8172,0,118,0,0,4,1,1,8140,5596,-1
8173,0,118,0,0,4,1,0,8090,5618,-1
8174,0,116,0,0,4,1,1,8162,5596,-1
8175,0,110,0,0,4,1,1,8121,5591,-1
8177,0,115,0,0,4,1,1,8107,5600,-1
8178,0,115,1,1,4,1,1,8168,5631,5582
8179,0,113,0,0,4,1,1,8147,5605,-1
8180,0,115,1,3,4,1,1,8091,5699,5582
8181,0,114,1,3,4,1,1,8045,5741,5584
8183,0,115,0,0,4,1,1,8079,5607,-1
8185,0,118,1,0,4,1,1,8109,5701,5587
8186,0,116,1,0,4,1,1,8178,5694,5618
8187,0,112,0,0,4,1,1,8014,5618,-1
8188,0,116,1,0,4,1,1,8180,5643,5602
8193,0,115,1,0,4,1,1,8181,5722,5625
8196,0,115,1,9,4,1,1,8091,5780,5593
8198,0,115,0,0,4,1,1,8168,5654,-1
8201,0,118,1,0,4,1,1,8109,5667,5605
8204,0,116,1,1,4,1,1,8196,5659,5630
8205,0,115,1,2,4,1,1,8091,5729,5613
8209,0,119,1,1,4,1,1,8171,5686,5608
8210,0,117,0,0,4,1,1,8188,5643,-1
8212,0,119,0,0,4,1,1,8201,5667,-1
8214,0,114,0,0,4,1,1,8045,5627,-1
8215,0,116,1,0,4,1,1,8180,5650,5617
8216,0,112,1,3,4,1,1,8169,5687,5616
8217,0,116,0,0,4,1,1,8170,5678,-1
8218,0,120,1,2,4,1,1,8209,5714,5638
8219,0,116,1,0,4,1,1,8205,5659,5622
8220,0,119,0,0,4,1,1,8171,5645,-1
8221,0,119,0,0,4,1,1,8185,5701,-1
8222,0,113,1,3,4,1,1,8216,5740,5623
8223,0,111,0,0,4,1,1,8138,5649,-1
8228,0,115,1,4,4,1,1,8091,5891,5624
8229,0,112,1,1,4,1,1,8169,5662,5627
8230,0,114,1,2,4,1,1,8222,5744,5632
8231,0,116,1,0,4,1,1,8180,5717,5657
8234,0,116,0,0,4,1,1,8193,5688,-1
8235,0,117,0,0,4,1,1,8215,5650,-1
8236,0,118,1,1,4,1,1,8109,5672,5635
8237,0,113,1,0,4,1,1,8229,5657,5632
8238,0,113,1,6,4,1,1,8216,5934,5634
8240,0,115,0,0,4,1,1,8230,5653,-1
8241,0,114,0,0,4,1,1,8237,5657,-1
8244,0,112,0,0,4,1,1,8169,5657,-1
8245,0,114,0,0,4,1,1,8238,5703,-1
8246,0,117,1,1,4,1,1,8204,5672,5641
8247,0,115,1,0,4,1,1,8091,5681,5642
8248,0,119,1,2,4,1,1,8236,5734,5642
8249,0,116,1,0,4,1,1,8196,5682,5641
8250,0,117,0,0,4,1,1,8186,5694,-1
8251,0,114,1,1,4,1,1,8222,5678,5643
8252,0,113,0,0,4,1,1,8229,5662,-1
8254,0,113,1,1,4,1,1,8216,5737,5645
8255,0,116,1,0,4,1,1,8205,5717,5680
8256,0,118,1,0,4,1,1,8246,5667,5645
8257,0,118,0,0,4,1,1,8109,5668,-1
8258,0,116,1,1,4,1,1,8228,5850,5713
8259,0,120,1,5,4,1,1,8248,5813,5673
8261,0,116,0,0,4,1,1,8247,5669,-1
8263,0,115,1,0,4,1,1,8251,5680,5652
8264,0,115,1,0,4,1,1,8181,5712,5685
8265,0,120,0,0,4,1,1,8209,5686,-1
8266,0,116,1,0,4,1,1,8196,5699,5653
8267,0,115,0,0,4,1,1,8091,5673,-1
8268,0,114,1,0,4,1,1,8254,5711,5667
8270,0,121,1,0,4,1,1,8218,5676,5654
8271,0,114,1,3,4,1,1,8222,5760,5654
8273,0,119,0,0,4,1,1,8236,5672,-1
8274,0,113,0,0,4,1,1,8216,5687,-1
8275,0,118,0,0,4,1,1,8246,5672,-1
8276,0,117,0,0,4,1,1,8249,5682,-1
8277,0,122,0,0,4,1,1,8270,5676,-1
8281,0,115,0,0,4,1,1,8251,5678,-1
8283,0,116,1,0,4,1,1,8196,5695,5667
8284,0,115,1,0,4,1,1,8230,5749,5688
8285,0,121,1,1,4,1,1,8218,5707,5665
8286,0,114,0,0,4,1,1,8222,5740,-1
8288,0,115,1,0,4,1,1,8271,5701,5672
8289,0,116,0,0,4,1,1,8180,5699,-1
8291,0,117,0,0,4,1,1,8283,5695,-1
8294,0,115,0,0,4,1,1,8268,5711,-1
8295,0,117,0,0,4,1,1,8266,5699,-1
8298,0,116,0,0,4,1,1,8288,5701,-1
8302,0,116,1,3,4,1,1,8196,5803,5678
8303,0,122,1,1,4,1,0,8285,5735,5679
8304,0,114,0,0,4,1,1,8254,5703,-1
8305,0,121,1,0,4,1,1,8259,5740,5678
8308,0,117,1,0,4,1,1,8302,5720,5698
8310,0,123,1,0,4,1,0,8303,5736,5684
8311,0,117,0,0,4,1,1,8231,5717,-1
8314,0,120,1,2,4,1,1,8248,5769,5684
8315,0,117,0,0,4,1,1,8255,5717,-1
8319,0,116,1,1,4,1,1,8196,5732,5701
8320,0,121,1,2,4,1,1,8259,5745,5689
8321,0,121,1,0,4,1,1,8314,5718,5689
8322,0,124,0,0,4,1,0,8310,5736,-1
8323,0,122,0,0,4,1,1,8285,5707,-1
8324,0,116,0,0,4,1,1,8264,5712,-1
8329,0,122,1,0,4,1,1,8320,5763,5694
8330,0,122,0,0,4,1,1,8321,5718,-1
8331,0,121,0,0,4,1,1,8218,5714,-1
8332,0,116,0,0,4,1,1,8284,5749,-1
8333,0,122,0,0,4,1,1,8305,5740,-1
8334,0,115,1,0,4,1,1,8181,5714,5696
8335,0,115,1,1,4,1,1,8271,5798,5711
8336,0,116,0,0,4,1,1,8205,5729,-1
8338,0,123,0,0,4,1,1,8329,5763,-1
8339,0,121,1,0,4,1,1,8259,5752,5714
8342,0,118,0,0,4,1,1,8308,5720,-1
8344,0,115,1,2,4,1,1,8230,5762,5710
8347,0,117,1,0,4,1,1,8319,5751,5706
8349,0,115,0,0,4,1,1,8181,5724,-1
8350,0,117,1,2,4,1,1,8302,5881,5709
8351,0,118,0,0,4,1,1,8347,5748,-1
8352,0,122,1,0,4,1,1,8320,5750,5712
8353,0,114,0,0,4,1,1,8254,5737,-1
8354,0,116,1,0,4,1,1,8196,5804,5728
8355,0,114,1,0,4,1,1,8238,5749,5713
8357,0,116,1,6,4,1,1,8344,5920,5715
8359,0,117,0,0,4,1,1,8319,5732,-1
8360,0,123,0,0,4,1,1,8352,5750,-1
8362,0,121,1,1,4,1,1,8314,5805,5737
8363,0,116,1,2,4,1,1,8335,5809,5765
8364,0,115,0,0,4,1,1,8355,5740,-1
8367,0,122,0,0,4,1,1,8339,5752,-1
8368,0,117,1,3,4,1,1,8258,5856,5737
8369,0,117,1,0,4,1,1,8357,5807,5738
8370,0,117,1,0,4,1,1,8302,5758,5737
8372,0,115,1,0,4,1,1,8271,5740,5722
8375,0,122,0,0,4,1,1,8320,5743,-1
8376,0,114,1,1,4,1,1,8238,5796,5752
8378,0,121,1,0,4,1,1,8259,5803,5770
8379,0,116,1,4,4,1,1,8344,5872,5726
8381,0,117,1,4,4,1,1,8379,5812,5748
8382,0,115,0,0,4,1,1,8271,5756,-1
8384,0,116,1,5,4,1,1,8228,6305,5814
8386,0,117,0,0,4,1,1,8354,5804,-1
8388,0,116,1,0,4,1,1,8196,5759,5740
8389,0,116,0,0,4,1,1,8344,5762,-1
8392,0,122,1,0,4,1,1,8362,5798,5749
8395,0,118,0,0,4,1,1,8368,5764,-1
8398,0,121,0,0,4,1,1,8314,5769,-1
8399,0,118,1,3,4,1,1,8350,5913,5792
8401,0,117,1,1,4,1,1,8357,5845,5767
8403,0,116,1,0,4,1,1,8196,5773,5751
8405,0,118,1,1,4,1,1,8381,5875,5753
8408,0,123,0,0,4,1,1,8392,5798,-1
8410,0,115,1,0,4,1,1,8376,5799,5757
8411,0,119,1,0,4,1,1,8405,5831,5807
8412,0,118,0,0,4,1,1,8369,5807,-1
8413,0,117,1,0,4,1,1,8379,5795,5759
8414,0,122,0,0,4,1,1,8362,5776,-1
8415,0,116,0,0,4,1,1,8410,5799,-1
8416,0,116,0,0,4,1,1,8196,5777,-1
8419,0,118,1,1,4,1,1,8381,5832,5764
8420,0,117,0,0,4,1,1,8258,5848,-1
8424,0,119,1,2,4,1,1,8419,5819,5774
8425,0,117,1,0,4,1,1,8363,5853,5780
8426,0,118,1,1,4,1,1,8368,5821,5777
8427,0,115,0,0,4,1,1,8376,5796,-1
8428,0,118,1,2,4,1,1,8401,5840,5777
8430,0,118,1,6,4,1,1,8381,5944,5775
8431,0,114,1,0,4,1,1,8238,5826,5784
8432,0,116,0,0,4,1,1,8335,5795,-1
8435,0,119,1,0,4,1,1,8430,5800,5789
8436,0,122,0,0,4,1,1,8378,5803,-1
8437,0,121,1,2,4,1,1,8259,5849,5781
8438,0,120,1,1,4,1,1,8424,5919,5782
8439,0,119,1,1,4,1,1,8428,5873,5782
8440,0,117,0,0,4,1,1,8302,5798,-1
8441,0,117,1,1,4,1,1,8379,5876,5798
8443,0,118,1,0,4,1,1,8381,5806,5785
8444,0,119,1,0,4,1,1,8426,5879,5788
8445,0,122,1,0,4,1,1,8437,5807,5786
8446,0,120,1,7,4,1,1,8439,6064,5787
8447,0,117,1,0,4,1,1,8357,5822,5794
8448,0,118,1,0,4,1,1,8368,5818,5788
8449,0,117,1,1,4,1,1,8363,5848,5791
8450,0,121,0,0,4,1,1,8259,5807,-1
8451,0,120,1,2,4,1,1,8424,5884,5793
8452,0,120,0,0,4,1,1,8444,5842,-1
8453,0,114,0,0,4,1,1,8238,5819,-1
8454,0,119,1,0,4,1,1,8428,5837,5809
8455,0,118,1,0,4,1,1,8449,5850,5826
8456,0,122,1,2,4,1,1,8437,5865,5813
8458,0,118,1,1,4,1,1,8368,5888,5811
8460,0,119,1,0,4,1,1,8399,5859,5806
8462,0,120,0,0,4,1,1,8439,5846,-1
8465,0,119,0,0,4,1,1,8448,5818,-1
8468,0,120,0,0,4,1,1,8424,5818,-1
8470,0,119,1,3,4,1,1,8430,5957,5851
8471,0,119,0,0,4,1,1,8419,5832,-1
8472,0,115,0,0,4,1,1,8431,5826,-1
8474,0,118,1,1,4,1,1,8350,5845,5811
8476,0,118,0,0,4,1,1,8425,5853,-1
8480,0,117,1,0,4,1,1,8379,5854,5810
8483,0,120,0,0,4,1,1,8411,5831,-1
8484,0,121,1,0,4,1,1,8446,5933,5812
8488,0,120,0,0,4,1,1,8454,5837,-1
8489,0,118,0,0,4,1,1,8480,5854,-1
8490,0,118,0,0,4,1,1,8401,5845,-1
8491,0,119,1,1,4,1,1,8474,5858,5816
8493,0,122,0,0,4,1,1,8484,5842,-1
8494,0,121,1,0,4,1,1,8451,5852,5817
8495,0,119,1,0,4,1,1,8399,5877,5838
8497,0,123,1,0,4,1,1,8456,5860,5818
8498,0,117,1,0,4,1,1,8384,5886,5837
8499,0,118,1,0,4,1,1,8441,5879,5836
8500,0,117,1,0,4,1,1,8357,5867,5819
8501,0,119,0,0,4,1,1,8428,5840,-1
8502,0,117,0,0,4,1,0,8379,5872,-1
8504,0,118,0,0,4,1,1,8350,5843,-1
8505,0,118,0,0,3,1,0,8368,5856,-1
8507,0,121,1,0,4,1,1,8446,5895,5836
8509,0,122,0,0,4,1,1,8437,5849,-1
8512,0,121,1,2,4,1,1,8438,6016,5848
8513,0,119,1,0,4,1,1,8458,5871,5851
8514,0,117,1,2,4,1,1,8357,5902,5830
8516,0,121,1,0,4,1,1,8451,5854,5831
8518,0,119,0,0,4,1,1,8455,5850,-1
8520,0,123,1,2,4,1,1,8456,5922,5835
8521,0,120,1,3,4,1,1,8491,5939,5836
8523,0,122,0,0,4,1,1,8494,5852,-1
8524,0,124,0,0,4,1,1,8497,5860,-1
8525,0,119,0,0,4,1,1,8499,5879,-1
8527,0,117,1,1,4,1,1,8357,5912,5843
8529,0,114,1,1,4,1,1,8238,5969,5845
8530,0,120,0,0,4,1,1,8495,5877,-1
8532,0,116,1,0,4,1,1,8228,5874,5846
8533,0,123,0,0,4,1,1,8456,5865,-1
8534,0,118,0,0,4,1,1,8500,5867,-1
8536,0,118,1,1,4,1,1,8514,5879,5849
8538,0,119,1,1,4,1,1,8399,5931,5849
8539,0,121,1,0,4,1,1,8446,5903,5862
8541,0,118,0,0,4,1,1,8498,5886,-1
8542,0,122,0,0,4,1,1,8507,5887,-1
8543,0,124,1,1,4,1,1,8520,5892,5853
8546,0,118,0,0,4,1,1,8441,5872,-1
8548,0,120,0,0,4,1,1,8444,5879,-1
8550,0,122,1,1,4,1,1,8512,6017,5914
8551,0,118,1,2,4,1,1,8527,5972,5882
8553,0,114,1,0,4,1,1,8238,5894,5873
8554,0,116,1,0,4,1,1,8228,5931,5858
8555,0,118,0,0,4,1,1,8350,5881,-1
8557,0,117,0,0,4,1,1,8357,5887,-1
8559,0,120,0,0,4,1,1,8513,5871,-1
8560,0,119,1,0,4,1,1,8536,5894,5860
8561,0,119,0,0,4,1,1,8399,5882,-1
8563,0,121,0,0,4,1,1,8438,5919,-1
8564,0,119,0,0,4,1,1,8458,5888,-1
8567,0,118,1,1,4,1,1,8514,5920,5873
8570,0,121,1,3,4,1,1,8521,5963,5864
8571,0,115,1,4,4,1,1,8529,6012,5880
8572,0,125,1,0,4,1,1,8543,5902,5867
8573,0,122,1,0,4,1,1,8570,5913,5884
8576,0,124,1,0,4,1,1,8520,5908,5878
8578,0,119,1,0,4,1,1,8430,5903,5877
8579,0,121,1,0,4,1,1,8446,5937,5889
8580,0,120,1,0,4,1,1,8538,5912,5898
8582,0,121,1,0,4,1,1,8521,5898,5876
8584,0,122,0,0,4,1,1,8484,5893,-1
8587,0,119,1,1,4,1,1,8567,5920,5878
8588,0,120,1,2,4,1,1,8470,5998,5881
8589,0,115,0,0,4,1,1,8553,5894,-1
8591,0,122,0,0,4,1,1,8582,5898,-1
8593,0,126,0,0,4,1,1,8572,5902,-1
8594,0,120,0,0,4,1,1,8578,5903,-1
8595,0,117,1,1,4,1,1,8384,5957,5885
8596,0,122,0,0,4,1,1,8539,5903,-1
8597,0,118,0,0,4,1,1,8514,5900,-1
8598,0,114,1,1,4,1,1,8238,5930,5885
8601,0,117,0,0,4,1,1,8554,5931,-1
8603,0,116,1,0,4,1,1,8571,5907,5886
8604,0,119,1,1,4,1,1,8551,5961,5922
8605,0,125,0,0,4,1,1,8576,5908,-1
8606,0,119,1,0,4,1,0,8430,5933,5888
8607,0,119,0,0,4,1,1,8567,5920,-1
8609,0,120,1,2,4,1,1,8587,6003,5890
8611,0,118,1,0,4,1,1,8595,5911,5892
8613,0,121,1,1,4,1,1,8521,5962,5899
8615,0,119,0,0,4,1,1,8399,5913,-1
8616,0,120,1,2,4,1,1,8470,5957,5895
8617,0,117,0,0,4,1,1,8357,5913,-1
8620,0,118,0,0,4,1,1,8527,5912,-1
8621,0,122,1,5,4,1,1,8570,6140,5915
8622,0,115,1,1,4,1,1,8598,6003,5905
8624,0,117,0,0,4,1,1,8384,5955,-1
8626,0,119,1,1,4,1,1,8430,5979,5907
8628,0,121,1,0,4,1,1,8616,5962,5906
8630,0,121,1,2,4,1,1,8446,5988,5908
8631,0,124,0,0,4,1,1,8520,5922,-1
8632,0,122,0,0,4,1,1,8484,5933,-1
8633,0,122,1,3,4,1,1,8613,6038,5906
8635,0,121,1,2,4,1,1,8609,5982,5929
8637,0,115,0,0,4,1,1,8529,5923,-1
8640,0,120,0,0,4,1,1,8538,5931,-1
8641,0,116,0,0,4,1,1,8622,5932,-1
8642,0,121,0,0,4,1,1,8521,5938,-1
8643,0,114,0,0,4,1,1,8238,5928,-1
8646,0,122,1,0,4,1,1,8630,5989,5922
8647,0,121,1,5,4,1,1,8588,6130,5942
8648,0,123,1,0,4,1,1,8633,6004,5980
8650,0,115,0,0,4,1,1,8598,5930,-1
8655,0,121,1,0,4,1,1,8616,5935,5917
8656,0,116,1,1,4,1,1,8571,5988,5960
8657,0,119,1,0,4,1,1,8430,5938,5918
8658,0,121,1,5,4,1,1,8446,6088,5932
8659,0,123,1,0,4,1,0,8621,5948,5940
8660,0,122,0,0,4,1,1,8628,5962,-1
8661,0,120,1,0,4,1,1,8470,5957,5925
8667,0,122,1,1,4,1,1,8512,6021,5986
8668,0,120,1,0,4,1,1,8604,5958,5927
8670,0,121,0,0,4,1,1,8616,5957,-1
8671,0,119,0,0,4,1,1,8430,5944,-1
8672,0,122,1,0,4,1,1,8570,5955,5934
8673,0,121,0,0,4,1,1,8668,5958,-1
8674,0,123,0,0,4,1,1,8646,5989,-1
8675,0,118,0,0,4,1,1,8595,5957,-1
8676,0,122,1,0,4,1,1,8635,5957,5934
8680,0,122,1,0,4,1,1,8658,5972,5937
8681,0,119,1,0,4,1,1,8551,5968,5948
8682,0,120,0,0,4,1,1,8604,5958,-1
8685,0,122,1,6,4,1,1,8630,6136,5943
8687,0,120,1,2,4,1,1,8626,6011,5945
8688,0,115,0,0,4,1,1,8529,5969,-1
8689,0,121,1,2,4,1,1,8609,6050,5946
8692,0,116,1,1,4,1,0,8622,5967,5942
8694,0,123,0,0,4,1,1,8680,5972,-1
8695,0,121,1,0,4,1,1,8446,5986,5970
8698,0,122,0,0,4,1,1,8570,5962,-1
8699,0,122,1,1,4,1,1,8635,5983,5945
8700,0,122,0,0,4,1,1,8613,5962,-1
8701,0,117,1,0,4,1,0,8692,5967,5947
8702,0,122,1,1,4,1,1,8647,6068,5975
8703,0,123,1,1,4,1,1,8685,6054,5971
8704,0,122,1,1,4,1,1,8658,6030,5948
8705,0,123,1,3,4,1,1,8550,6039,5967
8707,0,123,1,5,4,1,1,8699,6085,5960
8708,0,121,1,1,4,1,1,8687,6050,5962
8710,0,121,1,1,4,1,1,8588,6038,5953
8711,0,120,0,0,4,1,1,8681,5968,-1
8714,0,120,0,0,4,1,1,8626,5979,-1
8715,0,122,0,0,4,1,1,8635,5982,-1
8717,0,122,1,0,4,1,1,8658,6007,5973
8718,0,122,1,0,4,1,1,8710,6008,5982
8722,0,121,0,0,4,1,1,8609,6003,-1
8723,0,121,0,0,4,1,1,8588,5982,-1
8724,0,123,1,0,4,1,1,8704,5992,5969
8725,0,117,1,2,4,1,1,8656,6046,5965
8729,0,123,1,1,4,1,1,8621,6096,5995
8731,0,116,1,1,4,1,1,8571,6054,5971
8734,0,124,1,0,4,1,1,8705,5998,5972
8736,0,118,1,0,4,1,1,8725,6033,6007
8737,0,121,1,0,4,1,1,8687,6003,5973
8738,0,124,0,0,4,1,1,8724,5992,-1
8739,0,122,1,0,4,1,1,8708,6050,6018
8740,0,124,1,0,4,1,1,8707,6004,5976
8744,0,125,0,0,4,1,1,8734,5996,-1
8745,0,123,0,0,4,1,1,8717,6007,-1
8746,0,122,0,0,4,1,1,8737,6003,-1
8747,0,117,1,1,4,1,1,8731,6090,6012
8748,0,123,1,0,4,1,1,8702,6000,5980
8749,0,121,0,0,4,1,1,8446,6060,-1
8750,0,116,0,0,4,1,1,8622,6003,-1
8751,0,116,1,1,4,1,1,8571,6100,5981
8752,0,117,0,0,4,1,1,8384,6001,-1
8753,0,123,1,0,4,1,1,8685,6035,6002
8754,0,123,0,0,4,1,1,8704,6030,-1
8755,0,125,0,0,4,1,1,8740,6004,-1
8756,0,124,1,0,4,1,1,8705,6006,5983
8758,0,124,0,0,4,1,1,8648,6004,-1
8759,0,123,0,0,4,1,1,8718,6006,-1
8760,0,124,1,0,4,1,1,8707,6012,5987
8762,0,123,0,0,4,1,1,8550,6015,-1
8764,0,123,1,0,4,1,1,8667,6024,5991
8765,0,123,0,0,4,1,1,8702,6068,-1
8767,0,116,0,0,4,1,1,8571,6009,-1
8768,0,123,1,0,4,1,1,8633,6033,5993
8770,0,124,1,1,4,1,1,8705,6038,5994
8771,0,122,0,0,4,1,1,8710,6038,-1
8773,0,125,0,0,4,1,1,8760,6012,-1
8775,0,124,0,0,4,1,1,8768,6033,-1
8776,0,122,1,3,4,1,1,8647,6172,6015
8778,0,123,0,0,4,1,1,8667,6017,-1
8780,0,123,1,0,4,1,1,8633,6031,6005
8782,0,123,1,3,4,1,1,8621,6134,6069
8783,0,122,1,1,4,1,1,8689,6049,6007
8786,0,124,1,0,4,1,1,8703,6024,6007
8787,0,124,0,0,4,1,1,8729,6035,-1
8788,0,124,0,0,4,1,1,8705,6037,-1
8789,0,117,1,2,4,1,1,8751,6152,6063
8793,0,124,0,0,4,1,1,8753,6035,-1
8794,0,125,1,0,4,1,1,8770,6044,6012
8797,0,125,0,0,4,1,1,8786,6024,-1
8798,0,124,1,0,4,1,1,8707,6046,6020
8799,0,123,1,1,4,1,1,8685,6136,6053
8801,0,122,1,0,4,1,1,8658,6070,6032
8802,0,123,1,2,4,1,1,8783,6116,6037
8807,0,118,1,2,4,1,1,8747,6095,6051
8808,0,126,0,0,4,1,1,8794,6044,-1
8809,0,123,0,0,4,1,1,8633,6038,-1
8810,0,122,1,0,4,1,1,8689,6042,6017
8811,0,118,1,0,4,1,1,8725,6041,6018
8812,0,124,0,0,4,1,1,8703,6037,-1
8813,0,123,1,0,4,1,1,8776,6107,6020
8816,0,123,0,0,4,1,1,8739,6050,-1
8817,0,117,0,0,4,1,1,8731,6054,-1
8818,0,125,0,0,4,1,1,8770,6038,-1
8819,0,124,0,0,4,1,1,8813,6107,-1
8820,0,125,0,0,4,1,1,8798,6046,-1
8822,0,122,0,0,4,1,1,8689,6050,-1
8825,0,122,0,0,4,1,1,8708,6043,-1
8826,0,118,0,0,4,1,1,8725,6046,-1
8827,0,124,1,1,4,1,1,8707,6067,6041
8835,0,124,1,0,4,1,1,8802,6067,6044
8836,0,122,1,0,4,1,1,8647,6062,6042
8840,0,122,1,2,4,1,1,8658,6120,6043
8842,0,124,1,0,4,1,1,8729,6086,6051
8844,0,125,1,0,4,1,1,8827,6073,6045
8845,0,123,0,0,4,1,1,8801,6070,-1
8847,0,123,0,0,4,1,1,8836,6062,-1
8850,0,126,0,0,4,1,1,8844,6073,-1
8851,0,124,1,1,4,1,1,8707,6149,6051
8852,0,122,1,0,4,1,1,8647,6095,6053
8853,0,117,1,1,4,1,1,8384,6170,6072
8855,0,122,0,0,4,1,1,8658,6088,-1
8860,0,125,0,0,4,1,1,8842,6086,-1
8861,0,123,1,0,4,1,1,8776,6103,6078
8862,0,119,1,0,4,1,1,8807,6103,6058
8863,0,123,0,0,4,1,1,8852,6095,-1
8865,0,124,0,0,4,1,1,8729,6096,-1
8866,0,124,0,0,4,1,1,8707,6085,-1
8867,0,123,1,0,4,1,1,8685,6135,6067
8868,0,122,1,4,4,1,1,8647,6215,6075
8871,0,120,0,0,4,1,1,8862,6103,-1
8872,0,118,1,2,4,1,1,8789,6171,6068
8873,0,119,1,3,4,1,1,8807,6151,6068
8875,0,118,0,0,4,1,1,8747,6090,-1
8879,0,119,1,1,4,1,1,8872,6181,6080
8880,0,125,1,1,4,1,1,8851,6193,6097
8881,0,120,1,1,4,1,1,8873,6121,6075
8882,0,124,1,0,4,1,1,8782,6106,6074
8883,0,124,1,2,4,1,1,8802,6152,6075
8885,0,123,1,2,4,1,1,8840,6183,6083
8886,0,118,1,0,4,1,1,8853,6160,6110
8888,0,123,1,0,4,1,1,8685,6102,6078
8889,0,125,0,0,4,1,1,8882,6106,-1
8890,0,118,1,1,4,1,1,8789,6161,6079
8891,0,119,0,0,4,1,1,8807,6095,-1
8892,0,121,1,2,4,1,1,8881,6166,6080
8893,0,123,1,0,4,1,1,8621,6102,6080
8894,0,124,1,0,4,1,1,8799,6131,6085
8895,0,124,0,0,4,1,1,8867,6135,-1
8896,0,117,1,0,4,1,1,8384,6203,6132
8897,0,125,1,0,4,1,1,8883,6135,6106
8898,0,122,1,0,4,1,1,8892,6112,6084
8899,0,124,1,1,4,1,1,8782,6132,6091
8900,0,120,1,0,4,1,0,8873,6111,6086
8901,0,124,0,0,4,1,1,8802,6116,-1
8902,0,124,1,3,4,1,1,8885,6167,6103
8903,0,122,0,0,4,1,1,8647,6130,-1
8904,0,123,1,0,4,1,1,8685,6128,6102
8905,0,123,1,0,4,1,1,8776,6132,6108
8907,0,123,0,0,4,1,1,8898,6112,-1
8909,0,118,0,0,4,1,1,8789,6108,-1
8910,0,121,0,0,4,1,1,8881,6121,-1
8911,0,123,1,0,4,1,1,8621,6120,6106
8912,0,123,1,0,4,1,1,8840,6122,6094
8914,0,119,1,2,4,1,1,8872,6222,6139
8915,0,120,1,0,4,1,1,8873,6133,6109
8916,0,119,1,0,4,1,1,8890,6148,6137
8918,0,122,1,0,4,1,1,8892,6180,6153
8920,0,125,0,0,4,1,1,8894,6117,-1
8922,0,125,1,0,4,1,1,8899,6135,6115
8923,0,124,1,6,4,1,1,8782,6304,6103
8924,0,126,1,4,4,1,1,8880,6217,6146
8925,0,123,0,0,4,1,1,8840,6120,-1
8931,0,124,0,0,4,1,1,8904,6128,-1
8932,0,125,1,0,4,1,1,8923,6139,6112
8933,0,125,1,2,4,1,1,8902,6184,6111
8935,0,126,0,0,4,1,1,8897,6129,-1
8937,0,123,0,0,4,1,1,8685,6133,-1
8938,0,124,0,0,4,1,1,8905,6132,-1
8939,0,124,1,1,4,1,1,8885,6167,6114
8940,0,121,0,0,4,1,1,8915,6132,-1
8941,0,124,0,0,4,1,1,8782,6130,-1
8942,0,119,0,0,4,1,1,8886,6160,-1
8943,0,126,1,0,4,1,1,8933,6143,6116
8944,0,126,0,0,4,1,1,8932,6139,-1
8946,0,123,0,0,4,1,1,8621,6140,-1
8948,0,120,0,0,4,1,1,8873,6151,-1
8949,0,120,1,0,4,1,1,8879,6166,6121
8951,0,125,1,0,4,1,1,8883,6147,6121
8953,0,118,0,0,4,1,1,8789,6152,-1
8955,0,125,1,0,4,1,1,8902,6188,6125
8956,0,125,1,0,4,1,1,8923,6220,6139
8958,0,125,1,1,4,1,1,8939,6206,6126
8961,0,126,1,3,4,1,1,8933,6205,6141
8962,0,126,0,0,4,1,1,8951,6147,-1
8963,0,126,0,0,4,1,1,8958,6148,-1
8965,0,120,0,0,4,1,1,8879,6181,-1
8967,0,121,0,0,4,1,1,8949,6166,-1
8968,0,124,0,0,4,1,1,8885,6183,-1
8971,0,125,1,1,4,1,1,8902,6252,6139
8973,0,123,1,4,4,1,1,8868,6227,6140
8975,0,118,0,0,4,1,1,8896,6203,-1
8979,0,125,0,0,4,1,1,8939,6167,-1
8985,0,126,0,0,4,1,1,8955,6188,-1
8986,0,117,1,2,4,1,1,8384,6299,6222
8988,0,126,0,0,4,1,1,8956,6171,-1
8990,0,120,1,2,4,1,1,8914,6235,6169
8991,0,124,1,0,4,1,1,8973,6281,6156
8992,0,127,1,0,4,1,1,8961,6183,6150
8993,0,118,0,0,4,1,1,8853,6170,-1
8995,0,125,0,0,4,1,1,8902,6167,-1
8996,0,125,1,5,4,1,1,8923,6357,6150
8997,0,119,0,0,4,1,1,8872,6165,-1
8998,0,123,1,0,4,1,1,8868,6201,6151
8999,0,127,1,7,4,1,1,8924,6456,6151
9001,0,126,1,1,4,1,1,8971,6252,6169
9005,0,128,1,2,4,1,1,8999,6338,6171
9007,0,126,1,1,4,1,1,8958,6223,6177
9009,0,123,0,0,4,1,1,8918,6180,-1
9010,0,125,1,0,4,1,1,8923,6191,6161
9011,0,123,1,1,4,1,1,8868,6240,6162
9012,0,127,1,0,4,1,1,8924,6205,6162
9013,0,127,1,0,4,1,1,8961,6217,6167
9017,0,126,0,0,4,1,1,9010,6191,-1
9018,0,124,1,5,4,1,1,8973,6269,6167
9019,0,124,1,4,4,1,1,9011,6348,6210
9022,0,125,1,0,4,1,1,9018,6200,6173
9025,0,123,1,0,4,1,1,8868,6240,6173
9026,0,127,1,1,4,1,1,8924,6209,6173
9027,0,128,0,0,4,1,1,9013,6217,-1
9028,0,121,1,0,4,1,1,8990,6205,6174
9029,0,127,1,1,4,1,1,9001,6299,6207
9033,0,124,1,0,4,1,1,8973,6223,6180
9034,0,126,0,0,4,1,1,9022,6200,-1
9035,0,124,0,0,4,1,1,9025,6240,-1
9036,0,127,1,0,4,1,1,8961,6221,6178
9037,0,128,1,0,4,1,1,9026,6199,6178
9038,0,122,0,0,4,1,1,9028,6205,-1
9039,0,125,0,0,4,1,1,8991,6281,-1
9040,0,120,1,2,4,1,1,8914,6249,6185
9041,0,126,0,0,4,1,1,8971,6252,-1
9042,0,129,1,1,4,1,1,9005,6290,6208
9043,0,127,1,0,4,1,1,9007,6224,6192
9044,0,128,1,1,4,1,1,8999,6239,6182
9045,0,128,0,0,4,1,1,9036,6221,-1
9046,0,125,1,0,4,1,1,9018,6207,6183
9047,0,123,0,0,4,1,1,8868,6215,-1
9048,0,127,1,0,4,1,1,8924,6236,6193
9051,0,126,0,0,4,1,1,8880,6193,-1
9053,0,121,1,0,4,1,1,8990,6236,6186
9057,0,125,0,0,4,1,1,9033,6211,-1
9059,0,126,0,0,4,1,1,8958,6206,-1
9060,0,126,0,0,4,1,1,9046,6207,-1
9061,0,128,0,0,4,1,1,9026,6209,-1
9062,0,124,1,0,4,1,1,8973,6230,6193
9064,0,121,1,0,4,1,1,9040,6254,6196
9065,0,129,1,1,4,1,1,9044,6272,6201
9067,0,126,0,0,4,1,1,8956,6220,-1
9068,0,126,1,0,4,1,1,8996,6255,6218
9069,0,128,1,0,4,1,1,8999,6266,6198
9070,0,120,0,0,4,1,1,8914,6222,-1
9072,0,125,1,0,4,1,1,8923,6226,6204
9075,0,127,0,0,4,1,1,9007,6223,-1
9076,0,125,1,0,4,1,1,9018,6232,6206
9078,0,128,0,0,4,1,1,9043,6224,-1
9079,0,121,1,0,4,1,1,9040,6268,6209
9081,0,125,0,0,4,1,1,9062,6230,-1
9082,0,130,1,2,4,1,1,9065,6299,6238
9087,0,126,0,0,4,1,1,9072,6226,-1
9089,0,128,0,0,4,1,1,9048,6236,-1
9090,0,128,1,0,4,1,1,8999,6265,6229
9092,0,128,1,0,4,1,1,9029,6273,6212
9093,0,130,0,0,4,1,1,9042,6231,-1
9094,0,126,0,0,4,1,1,9076,6232,-1
9096,0,125,1,1,4,1,0,8923,6297,6245
9097,0,122,0,0,4,1,1,9053,6236,-1
9099,0,125,1,2,4,1,1,9019,6347,6243
9100,0,125,1,0,4,1,1,9018,6286,6237
9102,0,127,0,0,4,1,1,9001,6252,-1
9103,0,122,0,0,4,1,1,9079,6262,-1
9106,0,129,0,0,4,1,1,9092,6240,-1
9108,0,127,0,0,4,1,1,9068,6248,-1
9110,0,128,0,0,4,1,1,9029,6299,-1
9111,0,121,0,0,4,1,1,9040,6249,-1
9114,0,118,1,0,4,1,1,8986,6267,6227
9118,0,129,0,0,4,1,1,9069,6247,-1
9121,0,129,1,1,4,1,1,9005,6272,6237
9123,0,129,0,0,4,1,1,9090,6260,-1
9125,0,130,1,1,4,1,1,9042,6489,6263
9126,0,122,0,0,4,1,1,9064,6254,-1
9127,0,119,0,0,4,1,1,9114,6267,-1
9131,0,130,1,3,4,1,1,9121,6371,6241
9132,0,118,1,0,4,1,1,8986,6346,6247
9133,0,131,1,2,4,1,1,9082,6376,6255
9136,0,129,0,0,4,1,1,9005,6296,-1
9137,0,117,0,0,4,1,1,8384,6305,-1
9138,0,130,0,0,4,1,1,9065,6269,-1
9139,0,125,1,3,4,1,1,9018,6408,6250
9140,0,131,1,1,4,1,1,9131,6304,6270
9141,0,126,1,0,4,1,0,9096,6271,6250
9142,0,126,0,0,4,1,1,9100,6286,-1
9143,0,129,0,0,4,1,1,9092,6273,-1
9145,0,126,1,0,4,1,1,9099,6294,6255
9149,0,126,1,0,4,1,1,8996,6291,6259
9150,0,132,1,2,4,1,1,9133,6338,6272
9153,0,118,0,0,4,1,1,8986,6294,-1
9154,0,127,0,0,4,1,1,9145,6294,-1
9155,0,127,0,0,4,1,1,9149,6291,-1
9156,0,125,0,0,4,1,1,8923,6293,-1
9158,0,119,0,0,4,1,1,9132,6339,-1
9159,0,126,1,7,4,1,1,9099,6434,6266
9161,0,126,1,1,4,1,1,9139,6339,6293
9162,0,126,0,0,4,1,0,9096,6297,-1
9164,0,131,1,3,4,1,1,9082,6428,6273
9165,0,126,1,1,4,1,1,8996,6332,6275
9166,0,127,1,2,4,1,1,9159,6355,6303
9171,0,125,1,0,4,1,1,9019,6346,6277
9172,0,128,1,0,4,1,1,8999,6311,6285
9173,0,132,1,0,4,1,1,9140,6328,6276
9177,0,126,0,0,4,1,1,9099,6347,-1
9178,0,127,1,5,4,1,1,9165,6465,6296
9179,0,131,1,0,4,1,1,9131,6327,6281
9180,0,133,0,0,4,1,1,9173,6328,-1
9181,0,132,1,0,4,1,1,9133,6318,6283
9182,0,126,1,0,4,1,1,8996,6325,6305
9183,0,133,1,1,4,1,1,9150,6376,6300
9184,0,126,0,0,4,1,1,9171,6346,-1
9185,0,131,1,0,4,1,1,9125,6355,6305
9187,0,125,1,1,4,1,1,9019,6361,6302
9188,0,131,1,0,4,1,1,9131,6330,6297
9189,0,132,0,0,3,1,0,9133,6347,-1
9192,0,128,1,1,4,1,1,8999,6385,6313
9193,0,127,1,1,4,1,1,9161,6350,6298
9196,0,128,1,1,4,1,1,9178,6391,6331
9197,0,132,0,0,4,1,1,9188,6327,-1
9198,0,128,1,4,4,1,1,9193,6490,6316
9202,0,129,0,0,4,1,1,9005,6338,-1
9203,0,126,1,0,4,1,1,9139,6375,6305
9204,0,134,0,0,4,1,1,9183,6329,-1
9205,0,132,0,0,4,1,1,9179,6327,-1
9206,0,126,1,3,4,1,1,9187,6434,6314
9207,0,132,1,0,4,1,1,9164,6411,6338
9208,0,131,0,0,4,1,1,9131,6333,-1
9211,0,128,1,2,4,1,1,9166,6413,6308
9212,0,127,0,0,4,1,1,9161,6325,-1
9213,0,127,0,0,4,1,1,9165,6332,-1
9215,0,127,0,0,4,1,1,9203,6340,-1
9216,0,127,0,0,4,1,1,9182,6325,-1
9217,0,133,1,0,4,1,1,9150,6363,6311
9218,0,125,1,0,4,1,1,9019,6334,6313
9219,0,129,1,1,4,1,1,9211,6428,6339
9220,0,127,1,1,4,1,1,9159,6397,6317
9222,0,126,1,1,4,1,1,9139,6366,6324
9223,0,126,1,0,4,1,1,8996,6371,6316
9224,0,134,0,0,4,1,1,9217,6363,-1
9225,0,126,0,0,4,1,1,9218,6334,-1
9226,0,128,1,0,4,1,1,9166,6355,6319
9227,0,129,1,0,4,1,1,9198,6361,6336
9228,0,133,0,0,4,1,1,9150,6338,-1
9229,0,125,0,0,4,1,1,9019,6348,-1
9230,0,126,0,0,4,1,1,8996,6357,-1
9232,0,126,0,0,4,1,1,9187,6361,-1
9234,0,128,1,0,4,1,1,8999,6442,6411
9236,0,127,1,6,4,1,1,9159,6521,6335
9238,0,128,0,0,4,1,1,9166,6355,-1
9239,0,129,1,11,4,1,1,9192,6646,6333
9241,0,127,1,0,4,1,1,9206,6357,6334
9242,0,128,1,0,4,1,1,9220,6414,6367
9244,0,127,1,4,4,1,1,9222,6480,6338
9245,0,131,0,0,4,1,1,9125,6388,-1
9247,0,126,0,0,4,1,1,9139,6394,-1
9248,0,129,0,0,4,1,1,9226,6355,-1
9250,0,130,1,1,5,1,0,9239,6401,6351
9252,0,131,0,0,4,1,1,9131,6361,-1
9253,0,129,1,1,4,1,1,9196,6379,6342
9254,0,128,1,0,4,1,1,9178,6377,6354
9258,0,128,1,0,4,1,1,9236,6390,6346
9259,0,128,1,0,4,1,1,9244,6499,6373
9261,0,130,0,0,4,1,1,9227,6361,-1
9262,0,129,0,0,4,1,1,9192,6363,-1
9263,0,127,1,1,4,1,1,9159,6460,6371
9264,0,134,1,0,4,1,1,9183,6368,6352
9265,0,129,1,0,4,1,1,9198,6372,6360
9267,0,132,1,0,4,1,1,9164,6374,6350
9269,0,127,1,1,4,1,1,9206,6395,6351
9270,0,129,1,1,4,1,1,9211,6392,6366
9273,0,130,1,1,4,1,1,9219,6399,6366
9274,0,130,1,0,4,1,1,9253,6377,6353
9275,0,132,0,0,4,1,1,9133,6376,-1
9277,0,129,0,0,4,1,1,9258,6390,-1
9278,0,131,1,0,5,1,0,9250,6393,6366
9279,0,131,0,0,4,1,1,9274,6377,-1
9284,0,127,1,0,4,1,1,9206,6438,6362
9285,0,130,1,0,4,1,1,9239,6398,6365
9286,0,134,0,0,4,1,1,9183,6376,-1
9287,0,128,1,0,4,1,1,9178,6428,6376
9290,0,131,0,0,4,1,1,9285,6398,-1
9291,0,128,1,0,4,1,1,9269,6408,6370
9292,0,130,1,0,4,1,1,9270,6407,6370
9293,0,132,0,0,5,1,0,9278,6393,-1
9294,0,131,1,0,4,1,1,9273,6422,6378
9295,0,129,1,2,4,1,1,9198,6430,6395
9296,0,129,0,0,4,1,1,9242,6413,-1
9299,0,128,1,0,4,1,1,9236,6432,6409
9300,0,132,1,1,4,1,1,9164,6454,6376
9301,0,129,0,0,4,1,1,9291,6408,-1
9302,0,131,0,0,4,1,1,9292,6405,-1
9304,0,130,1,0,4,1,1,9239,6425,6397
9305,0,128,1,3,4,1,1,9263,6512,6402
9308,0,127,0,0,5,1,0,9206,6399,-1
9311,0,129,0,0,4,1,1,9211,6413,-1
9314,0,128,0,0,4,1,1,9220,6397,-1
9318,0,129,0,0,4,1,1,9287,6411,-1
9319,0,133,1,2,4,1,1,9300,6564,6403
9321,0,127,1,2,4,1,1,9159,6530,6382
9323,0,132,0,0,4,1,1,9294,6422,-1
9325,0,128,0,0,4,1,1,9284,6438,-1
9326,0,130,0,0,4,1,1,9219,6428,-1
9327,0,128,1,0,4,1,1,9244,6423,6395
9328,0,128,1,0,4,1,1,9178,6440,6387
9329,0,132,0,0,4,1,1,9164,6417,-1
9331,0,133,0,0,4,1,1,9207,6411,-1
9332,0,129,0,0,4,1,1,9328,6422,-1
9333,0,127,1,2,4,1,1,9159,6528,6394
9335,0,129,0,0,4,1,1,9259,6425,-1
9338,0,128,0,0,4,1,1,9333,6420,-1
9340,0,129,0,0,4,1,1,9327,6423,-1
9341,0,130,1,0,4,1,1,9295,6421,6400
9346,0,128,1,0,4,1,1,9178,6490,6418
9347,0,131,0,0,4,1,1,9304,6425,-1
9348,0,127,1,1,4,1,1,9159,6443,6405
9349,0,131,0,0,4,1,1,9341,6421,-1
9350,0,129,1,0,4,1,1,9198,6455,6429
9351,0,130,1,3,4,1,1,9239,6571,6409
9352,0,128,1,1,4,1,1,9348,6475,6409
9353,0,130,1,0,4,1,1,9295,6434,6411
9356,0,129,1,0,4,1,1,9305,6476,6431
9358,0,129,0,0,4,1,1,9299,6432,-1
9359,0,133,0,0,4,1,1,9300,6429,-1
9360,0,129,1,2,4,1,1,9352,6582,6420
9361,0,127,0,0,4,1,1,9159,6431,-1
9363,0,129,0,0,4,1,1,9234,6442,-1
9364,0,131,1,0,4,1,1,9351,6482,6432
9365,0,131,0,0,4,1,1,9353,6434,-1
9366,0,127,0,0,4,1,1,9206,6434,-1
9369,0,128,1,1,4,1,1,9236,6482,6444
9370,0,128,0,0,4,1,1,9348,6439,-1
9371,0,130,1,1,4,1,1,9239,6470,6421
9372,0,129,0,0,4,1,1,9346,6452,-1
9374,0,130,0,0,4,1,1,9360,6453,-1
9375,0,131,1,1,4,1,1,9371,6458,6430
9380,0,129,0,0,4,1,1,9352,6475,-1
9381,0,130,1,3,4,1,1,9239,6530,6432
9382,0,128,1,0,4,1,1,9321,6472,6448
9384,0,134,1,0,4,1,1,9319,6517,6463
9385,0,130,0,0,4,1,1,9350,6455,-1
9386,0,128,1,4,4,1,1,9244,6562,6434
9387,0,132,1,0,4,1,1,9375,6501,6435
9390,0,130,0,0,4,1,1,9356,6476,-1
9395,0,128,0,0,4,1,1,9263,6460,-1
9396,0,129,0,0,4,1,1,9259,6499,-1
9397,0,133,0,0,4,1,1,9387,6496,-1
9398,0,128,0,0,4,1,1,8999,6456,-1
9399,0,131,0,0,4,1,1,9371,6462,-1
9401,0,129,1,0,4,1,1,9305,6470,6442
9402,0,131,1,1,4,1,1,9351,6531,6443
9403,0,130,1,1,4,1,1,9239,6507,6443
9405,0,128,1,0,4,1,1,9244,6475,6446
9407,0,129,0,0,4,1,1,9198,6476,-1
9408,0,130,0,0,4,1,1,9401,6470,-1
9409,0,132,1,5,4,1,1,9402,6583,6447
9411,0,131,1,0,4,1,1,9381,6475,6448
9412,0,129,1,1,4,1,1,9369,6519,6449
9413,0,131,1,1,4,1,1,9403,6494,6463
9414,0,129,1,1,4,1,1,9386,6538,6477
9415,0,129,0,0,4,1,1,9382,6472,-1
9416,0,129,1,0,4,1,1,9305,6504,6454
9417,0,132,0,0,4,1,1,9411,6475,-1
9418,0,131,0,0,4,1,1,9351,6478,-1
9419,0,130,1,1,4,1,1,9412,6547,6494
9420,0,130,1,0,4,1,1,9239,6519,6461
9421,0,128,1,0,4,1,1,9236,6503,6455
9422,0,131,0,0,4,1,1,9125,6472,-1
9425,0,131,1,0,4,1,1,9381,6527,6498
9426,0,130,0,0,4,1,1,9416,6497,-1
9427,0,129,0,0,4,1,1,9369,6477,-1
9429,0,128,0,0,4,1,1,9244,6480,-1
9431,0,129,0,0,4,1,1,9346,6490,-1
9432,0,128,1,3,4,1,1,9333,6567,6467
9434,0,133,1,1,4,1,1,9409,6524,6467
9435,0,129,0,0,4,1,1,9305,6512,-1
9436,0,128,1,0,4,1,1,9236,6501,6465
9438,0,128,1,0,4,1,1,9321,6508,6486
9439,0,132,1,0,4,1,1,9413,6525,6468
9440,0,130,1,2,4,1,1,9239,6652,6536
9441,0,129,1,0,4,1,1,9432,6502,6472
9442,0,134,1,1,4,1,1,9319,6560,6495
9445,0,130,1,1,4,1,1,9360,6534,6477
9446,0,131,0,0,4,1,1,9403,6507,-1
9447,0,128,1,4,4,1,1,9236,6586,6476
9449,0,131,0,0,4,1,1,9420,6519,-1
9450,0,128,1,3,4,1,1,9333,6604,6484
9452,0,133,1,0,4,1,1,9409,6507,6480
9455,0,129,0,0,4,1,1,9421,6503,-1
9456,0,134,1,0,4,1,1,9434,6514,6488
9457,0,129,0,0,4,1,1,9436,6501,-1
9458,0,133,0,0,4,1,1,9439,6525,-1
9460,0,130,0,0,4,1,1,9441,6502,-1
9461,0,129,1,0,4,1,1,9447,6503,6482
9462,0,134,0,0,5,1,0,9452,6507,-1
9465,0,130,0,0,4,1,1,9461,6503,-1
9467,0,129,1,1,4,1,1,9386,6533,6488
9468,0,130,1,0,4,1,1,9360,6554,6508
9469,0,129,1,1,4,1,1,9450,6569,6533
9470,0,131,1,1,4,1,1,9445,6534,6504
9471,0,133,1,0,4,1,1,9409,6593,6520
9472,0,129,0,0,4,1,1,9438,6508,-1
9475,0,128,0,0,4,1,1,9236,6514,-1
9478,0,130,1,0,4,1,1,9467,6559,6497
9480,0,128,0,0,4,1,1,9321,6513,-1
9481,0,129,1,0,4,1,1,9386,6538,6499
9483,0,130,1,0,4,1,1,9414,6544,6509
9484,0,128,0,0,4,1,1,9333,6528,-1
9485,0,131,1,3,4,1,1,9419,6662,6516
9488,0,132,0,0,4,1,1,9425,6527,-1
9489,0,134,0,0,4,1,1,9319,6526,-1
9493,0,129,1,0,4,1,1,9432,6538,6508
9494,0,129,1,1,4,1,1,9447,6541,6507
9496,0,130,0,0,5,1,0,9481,6522,-1
9499,0,131,1,0,4,1,1,9381,6529,6509
9500,0,135,1,2,4,1,1,9442,6573,6512
9501,0,132,1,0,4,1,1,9470,6571,6510
9502,0,129,1,4,4,1,1,9386,6630,6516
9507,0,131,1,0,4,1,1,9351,6539,6531
9508,0,131,0,0,4,1,1,9468,6554,-1
9509,0,131,0,0,4,1,1,9483,6532,-1
9510,0,132,0,0,4,1,1,9499,6529,-1
9511,0,133,0,0,4,1,1,9501,6571,-1
9512,0,136,1,2,4,1,1,9500,6677,6536
9513,0,129,1,0,4,1,1,9447,6544,6518
9515,0,130,0,0,4,1,1,9493,6538,-1
9516,0,130,0,0,4,1,1,9360,6582,-1
9517,0,130,1,3,4,1,1,9494,6686,6521
9518,0,129,1,0,4,1,1,9432,6571,6535
9519,0,131,0,0,4,1,1,9445,6534,-1
9520,0,130,0,0,4,1,1,9414,6538,-1
9523,0,130,1,2,4,1,1,9502,6592,6522
9526,0,130,0,0,4,1,1,9513,6544,-1
9527,0,131,1,0,4,1,1,9523,6559,6528
9528,0,131,0,0,4,1,1,9419,6547,-1
9530,0,129,1,0,4,1,1,9447,6569,6541
9532,0,133,1,0,4,1,1,9409,6563,6531
9535,0,130,1,1,4,1,1,9502,6565,6533
9536,0,131,0,0,4,1,1,9478,6559,-1
9540,0,134,0,0,4,1,1,9532,6563,-1
9541,0,134,0,0,4,1,1,9319,6564,-1
9542,0,132,1,0,4,1,1,9485,6631,6540
9543,0,131,1,1,4,1,1,9535,6598,6537
9544,0,130,1,3,4,1,1,9469,6686,6538
9549,0,135,0,0,4,1,1,9442,6560,-1
9550,0,131,1,0,4,1,1,9523,6565,6539
9551,0,130,0,0,4,1,1,9518,6570,-1
9552,0,131,1,0,4,1,1,9440,6575,6543
9553,0,137,1,4,4,1,1,9512,6730,6549
9554,0,133,1,0,4,1,1,9409,6575,6542
9555,0,131,0,0,4,1,1,9351,6563,-1
9556,0,132,1,0,4,1,1,9543,6594,6573
9560,0,132,0,0,4,1,1,9550,6565,-1
9561,0,130,1,1,4,1,1,9502,6596,6544
9563,0,133,0,0,4,1,1,9542,6631,-1
9565,0,129,0,0,4,1,1,9432,6563,-1
9566,0,134,0,0,4,1,1,9554,6575,-1
9567,0,136,1,0,4,1,1,9500,6586,6551
9568,0,130,1,1,4,1,1,9239,6592,6565
9569,0,130,0,0,4,1,1,9530,6562,-1
9570,0,132,0,0,4,1,1,9552,6575,-1
9571,0,129,1,0,4,1,1,9450,6634,6571
9573,0,131,0,0,4,1,1,9535,6563,-1
9577,0,130,0,0,4,1,1,9469,6564,-1
9578,0,131,1,0,4,1,1,9517,6604,6569
9580,0,129,0,0,4,1,1,9447,6586,-1
9581,0,133,0,0,4,1,1,9409,6583,-1
9582,0,132,1,0,4,1,1,9485,6598,6556
9584,0,131,0,0,4,1,1,9523,6592,-1
9585,0,131,1,0,4,1,1,9440,6602,6563
9588,0,131,1,1,4,1,1,9544,6625,6569
9589,0,138,1,4,4,1,1,9553,6707,6565
9591,0,137,0,0,4,1,1,9567,6581,-1
9593,0,133,0,0,4,1,1,9582,6598,-1
9594,0,132,1,0,4,1,1,9485,6598,6582
9595,0,134,0,0,4,1,1,9471,6593,-1
9596,0,132,0,0,4,1,1,9585,6590,-1
9598,0,131,1,1,4,1,1,9561,6602,6569
9602,0,131,1,2,4,1,1,9568,6631,6570
9604,0,130,1,2,4,1,1,9502,6644,6597
9606,0,131,0,0,4,1,1,9440,6596,-1
9607,0,132,1,3,4,1,1,9598,6643,6574
9610,0,139,1,0,4,1,1,9589,6646,6614
9612,0,138,1,1,4,1,1,9553,6630,6575
9614,0,137,1,2,4,1,1,9512,6698,6632
9615,0,130,0,0,4,1,1,9571,6634,-1
9616,0,133,0,0,4,1,1,9556,6594,-1
9618,0,133,1,1,4,1,1,9607,6637,6595
9619,0,130,1,2,4,1,1,9239,6762,6601
9623,0,132,1,0,4,1,1,9602,6627,6600
9624,0,131,0,0,4,1,1,9561,6596,-1
9625,0,139,1,0,4,1,1,9612,6621,6597
9626,0,131,1,3,4,1,1,9544,6667,6580
9627,0,132,0,0,4,1,1,9578,6604,-1
9628,0,132,1,1,4,1,1,9588,6639,6585
9629,0,129,1,0,4,1,1,9450,6599,6582
9630,0,132,1,0,5,1,0,9626,6654,6612
9632,0,138,1,3,4,1,1,9553,6777,6586
9633,0,130,0,0,4,1,1,9629,6599,-1
9637,0,131,1,1,4,1,1,9544,6658,6627
9642,0,138,1,2,4,1,1,9553,6692,6609
9646,0,140,0,0,4,1,1,9625,6621,-1
9647,0,139,1,0,4,1,1,9632,6621,6603
9651,0,131,1,1,4,1,1,9604,6663,6603
9652,0,132,0,0,4,1,1,9588,6625,-1
9653,0,134,1,0,4,1,1,9618,6632,6604
9655,0,133,1,0,4,1,1,9628,6631,6608
9656,0,131,0,0,4,1,1,9440,6652,-1
9657,0,133,0,0,4,1,1,9623,6625,-1
9658,0,133,1,0,4,1,1,9607,6625,6606
9661,0,131,1,1,4,1,1,9517,6671,6614
9662,0,132,1,2,4,1,1,9651,6701,6633
9664,0,135,0,0,4,1,1,9653,6632,-1
9665,0,139,0,0,4,1,1,9612,6630,-1
9667,0,132,1,0,4,1,1,9602,6639,6611
9668,0,130,0,0,4,1,1,9239,6646,-1
9669,0,139,1,0,4,1,1,9632,6646,6614
9670,0,131,1,0,4,1,1,9604,6637,6614
9671,0,134,0,0,4,1,1,9655,6631,-1
9672,0,133,1,1,4,1,1,9607,6727,6617
9673,0,134,0,0,4,1,1,9618,6637,-1
9674,0,140,0,0,4,1,1,9610,6646,-1
9675,0,132,0,0,4,1,1,9670,6637,-1
9676,0,133,0,0,4,1,1,9628,6638,-1
9677,0,138,0,0,4,1,1,9553,6653,-1
9678,0,132,1,1,4,1,1,9661,6704,6623
9679,0,132,1,1,4,1,1,9626,6732,6633
9680,0,139,1,2,4,1,1,9589,6726,6660
9681,0,131,0,0,4,1,1,9604,6644,-1
9683,0,131,1,0,4,1,1,9517,6648,6625
9685,0,133,1,0,4,1,1,9678,6692,6628
9686,0,134,1,5,4,1,1,9672,6806,6636
9690,0,132,0,0,4,1,1,9683,6645,-1
9691,0,132,1,0,4,1,1,9637,6695,6632
9692,0,132,0,0,4,1,1,9661,6666,-1
9695,0,133,0,0,5,1,0,9630,6654,-1
9699,0,131,0,0,4,1,1,9517,6686,-1
9700,0,139,1,1,3,1,0,9642,6718,6635
9701,0,138,1,2,4,1,1,9614,6735,6644
9702,0,133,0,0,4,1,1,9691,6695,-1
9704,0,132,0,0,4,1,1,9485,6662,-1
9706,0,133,0,0,4,1,1,9678,6658,-1
9707,0,140,1,1,3,1,0,9700,6721,6687
9708,0,131,0,0,4,1,1,9544,6686,-1
9709,0,139,1,2,4,1,1,9632,6727,6646
9710,0,135,1,0,4,1,1,9686,6728,6640
9713,0,137,0,0,4,1,1,9512,6677,-1
9715,0,132,1,0,4,1,1,9626,6673,6644
9716,0,132,0,0,4,1,1,9651,6663,-1
9717,0,136,0,0,4,1,1,9710,6664,-1
9718,0,139,1,1,4,1,1,9642,6749,6646
9722,0,139,1,0,4,1,1,9701,6756,6695
9723,0,133,1,4,4,1,1,9662,6938,6668
9724,0,133,0,0,4,1,1,9715,6670,-1
9726,0,140,1,0,4,1,1,9709,6691,6665
9728,0,140,0,0,4,1,1,9718,6681,-1
9729,0,139,0,0,4,1,1,9642,6692,-1
9731,0,139,0,0,4,1,1,9632,6763,-1
9734,0,135,1,0,4,1,1,9686,6692,6671
9735,0,140,1,2,4,1,1,9680,6714,6665
9739,0,131,1,3,4,1,1,9619,6767,6669
9740,0,141,1,3,4,1,1,9735,6870,6670
9742,0,138,1,1,4,1,1,9614,6761,6671
9743,0,139,1,0,4,1,1,9589,6756,6672
9745,0,134,0,0,4,1,1,9685,6692,-1
9746,0,132,1,0,4,1,1,9739,6821,6674
9747,0,142,1,0,4,1,1,9740,6786,6729
9750,0,140,1,0,4,1,1,9709,6715,6675
9751,0,133,1,2,4,1,1,9679,6770,6679
9752,0,139,1,0,4,1,1,9742,6724,6708
9753,0,136,0,0,4,1,1,9734,6692,-1
9754,0,140,1,0,4,1,1,9680,6708,6676
9756,0,133,1,0,4,1,1,9662,6732,6679
9757,0,131,1,7,4,1,1,9619,6830,6696
9758,0,133,0,0,4,1,1,9746,6718,-1
9759,0,140,0,0,4,1,1,9743,6756,-1
9760,0,141,1,0,4,1,1,9735,6698,6681
9761,0,141,0,0,4,1,1,9754,6708,-1
9764,0,138,0,0,4,1,1,9614,6698,-1
9765,0,139,1,0,4,1,1,9589,6701,6683
9766,0,134,1,1,4,1,1,9751,6762,6684
9767,0,140,0,0,4,1,1,9709,6727,-1
9768,0,140,0,0,4,1,1,9680,6710,-1
9769,0,135,1,0,4,1,1,9686,6721,6695
9770,0,135,1,0,4,1,1,9766,6726,6700
9771,0,141,0,0,4,1,1,9750,6715,-1
9774,0,134,0,0,4,1,1,9756,6732,-1
9775,0,141,0,0,4,1,1,9735,6714,-1
9776,0,141,1,8,3,1,0,9707,6871,6692
9777,0,136,0,0,4,1,1,9710,6727,-1
9781,0,134,1,3,4,1,1,9723,6892,6698
9782,0,142,1,0,3,1,0,9776,6737,6699
9783,0,133,0,0,4,1,1,9679,6732,-1
9785,0,134,1,2,4,1,1,9751,6771,6731
9789,0,138,0,0,4,1,1,9553,6719,-1
9790,0,140,0,0,4,1,1,9722,6756,-1
9791,0,135,0,0,4,1,1,9781,6733,-1
9792,0,143,0,0,3,1,0,9782,6737,-1
9793,0,140,1,0,4,1,1,9718,6740,6711
9795,0,136,0,0,4,1,1,9770,6726,-1
9798,0,139,1,1,4,1,1,9701,6772,6706
9799,0,135,1,0,4,1,1,9686,6743,6720
9800,0,131,0,0,4,1,1,9619,6721,-1
9802,0,134,1,0,4,1,1,9723,6746,6710
9803,0,135,0,0,4,1,1,9766,6736,-1
9806,0,142,1,0,3,1,0,9776,6748,6723
9807,0,132,1,0,4,1,1,9739,6742,6734
9808,0,135,0,0,4,1,1,9802,6745,-1
9809,0,141,0,0,4,1,1,9793,6740,-1
9810,0,132,1,0,4,1,1,9757,6761,6717
9811,0,139,0,0,4,1,1,9701,6735,-1
9813,0,139,0,0,4,1,1,9742,6749,-1
9815,0,140,0,0,4,1,1,9718,6749,-1
9816,0,133,0,0,4,1,1,9810,6747,-1
9817,0,134,1,3,4,1,1,9723,6818,6732
9819,0,132,1,1,4,1,1,9757,6800,6727
9822,0,140,1,6,4,1,1,9798,6861,6751
9824,0,135,1,0,4,1,1,9686,6760,6731
9830,0,133,1,0,4,1,1,9819,6834,6739
9831,0,142,1,0,3,1,0,9776,6790,6732
9833,0,135,1,5,4,1,1,9785,6829,6736
9834,0,133,0,0,4,1,1,9746,6821,-1
9837,0,143,0,0,3,1,0,9831,6790,-1
9838,0,135,1,0,4,1,1,9817,6773,6738
9839,0,132,1,0,4,1,1,9757,6765,6738
9840,0,142,1,3,4,1,1,9740,6818,6757
9843,0,136,1,1,4,1,1,9833,6805,6741
9844,0,131,0,0,4,1,1,9619,6762,-1
9845,0,136,0,0,4,1,1,9838,6773,-1
9846,0,142,1,2,3,1,0,9776,6816,6749
9847,0,134,0,0,4,1,1,9723,6788,-1
9848,0,134,0,0,4,1,1,9751,6763,-1
9851,0,132,1,2,4,1,1,9739,6894,6745
9852,0,143,0,0,4,1,1,9747,6786,-1
9853,0,137,1,0,4,1,1,9843,6816,6776
9855,0,135,1,2,4,1,1,9785,6844,6746
9856,0,133,0,0,4,1,1,9839,6765,-1
9858,0,134,0,0,4,1,1,9830,6775,-1
9859,0,135,1,0,4,1,1,9817,6800,6761
9860,0,132,1,0,4,1,1,9757,6791,6749
9861,0,133,0,0,4,1,1,9819,6800,-1
9862,0,135,0,0,4,1,1,9686,6806,-1
9864,0,136,1,1,4,1,1,9833,6817,6764
9866,0,143,1,1,3,1,0,9846,6814,6758
9867,0,141,1,0,4,1,1,9822,6781,6758
9868,0,133,0,0,4,1,1,9860,6791,-1
9869,0,135,0,0,4,1,1,9781,6798,-1
9870,0,132,1,1,5,1,0,9757,6805,6761
9873,0,136,1,0,4,1,1,9855,6825,6802
9874,0,143,1,0,4,1,1,9840,6797,6766
9875,0,142,1,1,3,1,0,9776,6812,6789
9876,0,144,1,1,3,1,0,9866,6809,6762
9881,0,133,1,0,5,1,0,9870,6806,6778
9882,0,145,1,0,3,1,0,9876,6822,6776
9884,0,137,1,0,4,1,1,9864,6793,6779
9885,0,141,1,0,4,1,1,9822,6796,6769
9886,0,143,1,2,3,1,0,9846,6814,6772
9888,0,136,0,0,4,1,1,9859,6800,-1
9889,0,144,0,0,4,1,1,9874,6797,-1
9891,0,135,1,1,4,1,1,9817,6837,6789
9892,0,132,1,0,4,1,1,9757,6793,6772
9893,0,144,0,0,3,1,0,9866,6814,-1
9894,0,142,0,0,4,1,1,9885,6796,-1
9895,0,136,1,0,4,1,1,9833,6800,6775
9898,0,144,1,0,3,1,0,9886,6816,6775
9901,0,143,1,0,4,1,1,9840,6800,6777
9903,0,133,1,1,4,1,1,9851,6830,6806
9905,0,141,1,3,4,1,1,9822,6917,6780
9906,0,145,0,0,3,1,0,9898,6816,-1
9907,0,146,0,0,3,1,0,9882,6822,-1
9908,0,144,0,0,4,1,1,9901,6799,-1
9909,0,134,0,0,5,1,0,9881,6802,-1
9910,0,132,1,2,4,1,1,9757,6870,6794
9911,0,143,0,0,3,1,0,9846,6816,-1
9912,0,136,1,0,4,1,1,9833,6832,6785
9915,0,144,1,0,3,1,0,9886,6818,6789
9916,0,145,0,0,3,1,0,9876,6809,-1
9917,0,143,1,1,4,1,1,9840,6836,6788
9919,0,142,0,0,4,1,1,9740,6812,-1
9920,0,137,0,0,4,1,1,9843,6805,-1
9921,0,141,1,1,4,1,1,9822,6842,6794
9922,0,143,1,3,3,1,0,9875,6892,6793
9923,0,145,0,0,3,1,0,9915,6818,-1
9925,0,138,0,0,4,1,1,9853,6815,-1
9928,0,136,1,1,4,1,1,9833,6868,6798
9929,0,136,1,2,4,1,1,9891,6883,6799
9930,0,143,0,0,4,1,1,9840,6818,-1
9932,0,142,1,0,4,1,1,9905,6837,6815
9934,0,144,1,1,3,1,0,9922,6843,6807
9935,0,137,0,0,4,1,1,9912,6832,-1
9936,0,142,1,0,3,1,0,9776,6834,6807
9937,0,144,1,0,4,1,1,9917,6864,6805
9938,0,142,1,0,4,1,1,9921,6840,6830
9941,0,137,1,0,4,1,1,9928,6870,6806
9945,0,141,1,2,4,1,1,9822,6898,6805
9946,0,135,1,1,4,1,1,9781,6911,6805
9947,0,132,0,0,4,1,1,9757,6830,-1
9948,0,137,1,2,4,1,1,9929,7003,6824
9950,0,142,1,0,4,1,1,9945,6916,6832
9953,0,136,1,0,4,1,1,9946,6890,6811
9954,0,134,1,0,4,1,1,9903,6841,6812
9955,0,133,1,5,4,1,1,9910,6995,6829
9956,0,143,0,0,3,1,0,9936,6830,-1
9957,0,145,1,0,3,1,0,9934,6833,6811
9958,0,136,1,3,4,1,1,9855,6922,6813
9959,0,134,0,0,4,1,1,9830,6834,-1
9960,0,136,0,0,4,1,1,9833,6829,-1
9961,0,141,1,0,4,1,1,9822,6845,6815
9962,0,144,0,0,4,1,1,9917,6830,-1
9964,0,135,1,1,4,1,1,9781,6908,6817
9965,0,135,0,0,4,1,1,9954,6841,-1
9966,0,145,0,0,4,1,1,9937,6864,-1
9967,0,134,0,0,3,1,0,9723,6835,-1
9968,0,143,0,0,4,1,1,9932,6837,-1
9969,0,137,1,0,4,1,1,9958,6873,6837
9972,0,136,1,0,4,1,1,9964,6877,6847
9973,0,136,0,0,4,1,1,9946,6847,-1
9976,0,136,0,0,4,1,1,9855,6844,-1
9978,0,141,0,0,4,1,1,9822,6856,-1
9979,0,138,0,0,4,1,1,9948,6858,-1
9980,0,144,1,2,3,1,0,9922,6890,6847
9982,0,137,0,0,4,1,1,9928,6868,-1
9983,0,142,1,1,3,1,0,9776,6891,6830
9984,0,133,1,2,4,1,1,9851,6864,6832
9988,0,142,1,0,4,1,1,9740,6889,6838
9989,0,142,1,7,4,1,1,9905,7123,6856
9990,0,137,1,0,4,1,1,9929,6856,6837
9991,0,143,1,1,3,1,0,9983,6911,6834
9992,0,134,1,1,4,1,1,9955,6873,6838
9994,0,134,1,0,4,1,1,9984,6861,6837
9995,0,143,0,0,4,1,1,9950,6888,-1
9997,0,144,1,0,3,1,0,9991,6915,6863
9998,0,133,1,3,4,1,1,9910,6958,6850
10001,0,142,1,1,3,1,0,9776,6932,6840
10002,0,138,0,0,4,1,1,9990,6856,-1
10003,0,135,0,0,4,1,1,9994,6861,-1
10004,0,142,1,5,4,1,1,9945,7039,6843
10005,0,135,1,1,4,1,1,9992,6881,6843
10008,0,143,1,1,3,1,0,10001,6899,6853
10011,0,138,0,0,4,1,1,9969,6873,-1
10012,0,137,0,0,4,1,1,9929,6877,-1
10013,0,134,1,2,4,1,1,9984,6968,6848
10014,0,136,1,0,4,1,1,10005,6875,6850
10015,0,137,1,1,4,1,1,9958,6907,6867
10016,0,142,0,0,4,1,1,9740,6869,-1
10018,0,134,1,0,4,1,1,9955,6868,6852
10019,0,135,1,0,4,1,1,9781,6890,6863
10021,0,142,0,0,3,1,0,9776,6871,-1
10023,0,133,0,0,4,1,1,9851,6894,-1
10024,0,143,1,1,4,1,1,10004,6954,6878
10025,0,137,0,0,4,1,1,9972,6877,-1
10026,0,145,1,1,3,1,0,9980,6889,6851
10027,0,135,0,0,4,1,1,9992,6873,-1
10028,0,137,0,0,4,1,1,10014,6875,-1
10029,0,134,1,1,4,1,1,9998,6919,6860
10030,0,146,1,0,3,1,0,10026,6897,6868
10031,0,144,1,0,3,1,0,10008,6884,6856
10033,0,144,1,1,3,1,0,9922,6886,6860
10034,0,136,0,0,4,1,1,9964,6908,-1
10035,0,145,1,0,3,1,0,9980,6889,6862
10036,0,145,0,0,3,1,0,10031,6884,-1
10037,0,145,1,0,3,1,0,10033,6883,6864
10041,0,142,0,0,4,1,1,9945,6898,-1
10042,0,137,0,0,4,1,1,9953,6890,-1
10044,0,145,0,0,3,1,0,9997,6899,-1
10046,0,146,0,0,3,1,0,10037,6883,-1
10047,0,143,0,0,3,1,0,9983,6891,-1
10048,0,134,1,3,4,1,1,9723,7107,6874
10050,0,144,0,0,3,1,0,9922,6892,-1
10052,0,142,1,0,4,1,1,9905,6899,6873
10053,0,146,0,0,3,1,0,10035,6889,-1
10054,0,135,0,0,4,1,1,9781,6892,-1
10056,0,134,1,0,4,1,1,9955,6898,6890
10058,0,143,1,1,4,1,1,9989,6927,6875
10061,0,134,1,0,4,1,1,9998,6929,6878
10062,0,135,1,0,4,1,1,10013,6936,6877
10063,0,138,1,1,4,1,1,9948,6970,6899
10065,0,138,1,4,4,1,1,10015,6996,6878
10067,0,135,1,2,4,1,1,10029,6941,6878
10068,0,137,1,0,4,1,1,9958,6916,6879
10070,0,136,0,0,4,1,1,9946,6911,-1
10071,0,143,0,0,4,1,1,10052,6899,-1
10073,0,136,1,0,4,1,1,10067,6995,6907
10074,0,144,1,0,4,1,1,10024,6909,6894
10075,0,142,0,0,4,1,1,9905,6914,-1
10076,0,134,0,0,4,1,1,9723,6938,-1
10077,0,143,1,0,4,1,1,9989,6956,6916
10078,0,135,0,0,4,1,1,10061,6929,-1
10080,0,138,0,0,4,1,1,10015,6903,-1
10081,0,134,1,2,4,1,1,9998,7103,6911
10082,0,137,0,0,4,1,1,9958,6922,-1
10083,0,143,1,2,4,1,1,10004,6979,6893
10084,0,135,1,0,4,1,1,10048,6921,6894
10085,0,139,1,2,4,1,1,10065,6952,6893
10089,0,144,1,0,4,1,1,10058,6934,6896
10090,0,143,0,0,4,1,1,9950,6916,-1
10092,0,144,1,1,4,1,1,10083,6997,6924
10094,0,135,1,3,4,1,1,10013,7021,6934
10095,0,145,0,0,4,1,1,10089,6934,-1
10099,0,139,1,0,4,1,1,10065,6954,6904
10100,0,135,1,0,4,1,1,10048,6933,6906
10101,0,144,0,0,4,1,1,10024,6954,-1
10102,0,144,0,0,4,1,1,10058,6927,-1
10103,0,140,0,0,4,1,1,10099,6929,-1
10104,0,140,1,5,4,1,1,10085,7023,6909
10105,0,138,1,7,4,1,1,9948,7151,6910
10106,0,134,1,4,4,1,1,9955,7042,6935
10107,0,136,0,0,4,1,1,10062,6936,-1
10110,0,136,0,0,4,1,1,10100,6933,-1
10113,0,139,1,2,4,1,1,10105,7077,6937
10114,0,139,1,1,4,1,1,10065,7040,6915
10115,0,135,1,0,4,1,1,10081,6947,6917
10116,0,135,1,0,4,1,1,10048,7004,6933
10117,0,137,0,0,4,1,1,10073,6936,-1
10118,0,139,1,3,4,1,1,10063,7031,6938
10119,0,136,1,0,4,1,1,10067,6937,6918
10120,0,140,1,1,4,1,1,10114,7043,7008
10121,0,140,1,0,4,1,1,10085,6954,6920
10123,0,141,1,0,4,1,1,10104,6960,6928
10126,0,136,0,0,4,1,1,10115,6947,-1
10127,0,143,0,0,4,1,1,10004,6948,-1
10129,0,141,0,0,4,1,1,10121,6954,-1
10132,0,143,1,0,4,1,1,9989,6947,6927
10133,0,139,1,0,4,1,1,10065,7028,6939
10135,0,144,0,0,4,1,1,10132,6947,-1
10137,0,144,1,0,4,1,1,10083,6973,6941
10138,0,138,0,0,4,1,1,9948,6966,-1
10139,0,145,1,4,4,1,1,10092,7030,6938
10140,0,142,0,0,4,1,1,10123,6960,-1
10141,0,144,0,0,4,1,1,10077,6956,-1
10143,0,136,1,0,4,1,1,10094,6962,6938
10144,0,143,1,1,4,1,1,9989,7001,6970
10145,0,136,0,0,4,1,1,10116,6971,-1
10147,0,141,1,0,4,1,1,10104,7067,6939
10149,0,134,0,0,4,1,1,9998,6958,-1
10150,0,140,1,0,4,1,1,10113,7008,6967
10152,0,146,1,0,4,1,1,10139,6962,6943
10153,0,140,1,1,4,1,1,10118,7003,6976
10154,0,137,0,0,4,1,1,10143,6962,-1
10155,0,135,0,0,4,1,1,10081,6996,-1
10156,0,142,0,0,4,1,1,10147,6985,-1
10157,0,140,0,0,4,1,1,10133,7028,-1
10158,0,134,1,0,4,1,1,9955,6972,6950
10160,0,135,0,0,4,1,1,10013,6968,-1
10161,0,137,0,0,4,1,1,10073,6995,-1
10162,0,139,1,0,4,1,1,10105,7056,6976
10163,0,145,0,0,4,1,1,10092,6997,-1
10164,0,139,0,0,4,1,1,10063,6970,-1
10165,0,136,1,0,4,1,1,10094,6991,6958
10167,0,141,1,0,4,1,1,10104,6992,6965
10168,0,145,0,0,4,1,1,10137,6973,-1
10170,0,135,0,0,4,1,1,10158,6972,-1
10171,0,144,0,0,4,1,1,10083,6979,-1
10178,0,146,1,0,4,1,1,10139,6997,6967
10181,0,136,1,0,4,1,1,10094,7055,6999
10182,0,135,1,0,4,1,1,10106,7010,6974
10184,0,137,0,0,4,1,1,10165,6991,-1
10185,0,139,0,0,4,1,1,10065,6996,-1
10186,0,147,0,0,4,1,1,10178,6997,-1
10187,0,143,1,2,4,1,1,10004,7101,6975
10189,0,144,1,1,4,1,1,10144,7062,6974
10191,0,141,1,1,4,1,1,10104,7017,6976
10192,0,142,0,0,4,1,1,10167,6992,-1
10193,0,135,0,0,4,1,1,10048,7000,-1
10195,0,146,1,0,4,1,1,10139,7045,6997
10196,0,140,1,0,4,1,1,10113,7032,7009
10198,0,136,0,0,4,1,1,10182,7010,-1
10199,0,141,1,0,4,1,1,10153,7010,6981
10200,0,144,1,4,4,1,1,10187,7096,7006
10201,0,142,1,1,4,1,1,10191,7035,6990
10202,0,145,1,2,4,1,1,10189,7070,6983
10203,0,143,1,1,4,1,1,9989,7059,6995
10205,0,135,1,1,4,1,1,10106,7044,6986
10206,0,144,0,0,4,1,1,10144,7001,-1
10207,0,143,1,0,4,1,1,10004,7057,6989
10208,0,141,1,0,4,1,1,10104,7008,6986
10209,0,142,0,0,4,1,1,10199,7010,-1
10210,0,139,1,1,4,1,1,10105,7065,6987
10211,0,140,0,0,4,1,1,10162,7056,-1
10212,0,142,0,0,4,1,1,10208,7008,-1
10213,0,140,1,0,4,1,1,10210,7059,7012
10214,0,140,1,1,4,1,1,10118,7076,7001
10216,0,145,0,0,4,1,1,10189,7062,-1
10217,0,143,1,0,4,1,1,10201,7036,6997
10219,0,144,0,0,4,1,1,10207,7057,-1
10220,0,141,0,0,4,1,1,10104,7015,-1
10223,0,135,1,0,4,1,1,10106,7041,7002
10224,0,146,1,0,4,1,1,10202,7027,7001
10226,0,144,1,0,4,1,1,10203,7089,7019
10228,0,139,1,1,4,1,1,10105,7095,7052
10230,0,142,0,0,4,1,1,10191,7017,-1
10232,0,143,1,0,4,1,1,9989,7067,7033
10233,0,147,0,0,4,1,1,10224,7027,-1
10235,0,141,1,0,4,1,1,10214,7130,7042
10238,0,143,0,0,4,1,1,10201,7035,-1
10241,0,146,1,0,4,1,1,10139,7053,7010
10242,0,136,1,1,4,1,1,10205,7102,7012
10243,0,143,1,0,4,1,1,10004,7034,7010
10244,0,145,1,0,4,1,1,10200,7056,7038
10246,0,140,1,3,4,1,1,10118,7147,7012
10247,0,141,1,3,4,1,1,10120,7130,7012
10248,0,135,1,1,4,1,1,10106,7081,7013
10250,0,136,0,0,4,1,1,10223,7041,-1
10251,0,141,0,0,4,1,1,10196,7032,-1
10253,0,135,1,0,4,1,1,10081,7095,7072
10255,0,144,0,0,4,1,1,10243,7034,-1
10256,0,137,1,2,4,1,1,10242,7125,7047
10257,0,141,1,0,4,1,1,10246,7053,7031
10258,0,140,0,0,4,1,1,10114,7040,-1
10259,0,142,1,2,4,1,1,10247,7098,7026
10261,0,143,0,0,4,1,1,10004,7039,-1
10264,0,135,0,0,4,1,1,10106,7042,-1
10266,0,141,0,0,4,1,1,10120,7043,-1
10269,0,137,0,0,4,1,1,10181,7048,-1
10270,0,144,1,2,4,1,1,10187,7199,7036
10272,0,146,1,0,4,1,1,10202,7068,7038
10274,0,145,0,0,4,1,1,10226,7089,-1
10275,0,147,0,0,4,1,1,10241,7053,-1
10277,0,135,0,0,4,1,1,10048,7062,-1
10279,0,142,1,0,4,1,1,10247,7093,7037
10280,0,143,1,1,4,1,1,10259,7101,7038
10282,0,141,0,0,4,1,1,10213,7059,-1
10283,0,140,0,0,4,1,1,10210,7065,-1
10285,0,144,0,0,4,1,1,10232,7067,-1
10287,0,136,1,1,4,1,1,10248,7101,7040
10288,0,143,1,1,4,1,1,9989,7131,7079
10290,0,142,0,0,4,1,1,10147,7067,-1
10291,0,146,0,0,4,1,1,10244,7056,-1
10293,0,144,1,1,4,1,1,10280,7092,7060
10296,0,142,0,0,4,1,1,10235,7130,-1
10297,0,144,0,0,4,1,1,10187,7070,-1
10299,0,145,1,1,4,1,1,10200,7095,7049
10302,0,142,1,3,4,1,1,10247,7165,7064
10303,0,138,1,1,4,1,1,10256,7154,7075
10304,0,145,1,3,4,1,1,10270,7199,7099
10305,0,136,0,0,4,1,1,10248,7081,-1
10306,0,140,1,0,4,1,1,10228,7172,7060
10307,0,141,0,0,4,1,1,10214,7072,-1
10310,0,145,1,5,4,1,1,10200,7199,7060
10315,0,137,1,0,4,1,1,10287,7139,7063
10316,0,139,1,1,4,1,1,10105,7135,7099
10318,0,143,1,0,4,1,1,10259,7100,7066
10320,0,141,0,0,4,1,1,10306,7172,-1
10321,0,145,1,0,4,1,1,10293,7105,7065
10323,0,146,1,0,4,1,1,10299,7088,7068
10325,0,146,1,0,4,1,1,10310,7124,7096
10326,0,137,0,0,4,1,1,10242,7098,-1
10327,0,141,1,2,4,1,1,10246,7153,7068
10328,0,135,0,0,4,1,1,10048,7107,-1
10329,0,143,1,0,4,1,1,10302,7091,7071
10330,0,138,0,0,4,1,1,10315,7139,-1
10332,0,146,0,0,4,1,1,10321,7096,-1
10333,0,145,1,0,4,1,1,10200,7094,7071
10334,0,140,0,0,4,1,1,10228,7095,-1
10335,0,144,0,0,4,1,1,10280,7101,-1
10336,0,144,0,0,4,1,1,10318,7086,-1
10340,0,142,1,3,4,1,1,10327,7183,7088
10342,0,142,0,0,4,1,1,10247,7130,-1
10343,0,146,0,0,4,1,1,10333,7094,-1
10344,0,145,0,0,4,1,1,10293,7092,-1
10345,0,136,0,0,4,1,1,10253,7095,-1
10346,0,143,0,0,4,1,1,10259,7098,-1
10347,0,141,1,1,4,1,1,10246,7141,7079
10348,0,139,1,1,4,1,1,10303,7134,7080
10350,0,145,0,0,4,1,1,10200,7096,-1
10352,0,137,0,0,4,1,1,10287,7101,-1
10353,0,142,1,1,4,1,1,10347,7145,7089
10354,0,140,1,0,4,1,1,10348,7177,7106
10355,0,138,1,0,4,1,1,10256,7158,7090
10356,0,143,0,0,4,1,1,9989,7123,-1
10358,0,143,1,1,4,1,1,10340,7174,7112
10359,0,139,0,0,4,1,1,10303,7154,-1
10363,0,144,1,1,4,1,1,10288,7129,7097
10367,0,143,1,1,4,1,1,10302,7197,7100
10371,0,139,0,0,4,1,1,10355,7158,-1
10372,0,138,0,0,4,1,1,10256,7125,-1
10374,0,145,1,5,4,1,1,10363,7199,7102
10375,0,142,1,0,4,1,1,10327,7125,7106
10378,0,140,1,0,4,1,1,10316,7129,7104
10379,0,146,0,0,4,1,1,10304,7119,-1
10380,0,147,0,0,4,1,1,10325,7124,-1
10381,0,143,1,0,4,1,1,10353,7157,7110
10386,0,144,1,0,4,1,1,10367,7160,7126
10387,0,144,0,0,4,1,1,10288,7131,-1
10388,0,142,0,0,4,1,1,10347,7140,-1
10389,0,141,0,0,4,1,1,10378,7129,-1
10390,0,139,1,2,4,1,1,10105,7187,7109
10391,0,146,1,2,4,1,1,10310,7199,7136
10394,0,143,1,1,4,1,1,10302,7154,7111
10395,0,143,0,0,4,1,1,10375,7125,-1
10397,0,145,0,0,4,1,1,10363,7129,-1
10398,0,144,1,1,4,1,1,10394,7199,7125
10399,0,141,0,0,4,1,1,10246,7147,-1
10400,0,139,1,0,4,1,1,10105,7150,7120
10401,0,145,1,0,4,1,1,10270,7163,7151
10402,0,140,0,0,4,1,1,10400,7150,-1
10407,0,144,1,1,4,1,1,10358,7186,7137
10408,0,140,1,0,4,1,1,10390,7195,7130
10409,0,146,1,0,4,1,1,10374,7156,7130
10410,0,139,0,0,4,1,1,10105,7151,-1
10411,0,142,0,0,4,1,1,10327,7153,-1
10412,0,146,1,2,4,1,1,10304,7199,7134
10413,0,143,1,2,4,1,1,10340,7199,7134
10419,0,141,0,0,4,1,1,10408,7195,-1
10421,0,147,0,0,4,1,1,10409,7153,-1
10422,0,144,0,0,4,1,1,10367,7168,-1
10423,0,145,1,1,4,1,1,10398,7199,7163
10426,0,147,1,0,4,1,1,10412,7185,7156
10428,0,147,1,1,4,1,1,10391,7199,7170
10429,0,140,1,1,4,1,1,10390,7199,7141
10430,0,146,1,0,4,1,1,10374,7185,7141
10431,0,145,1,1,4,1,1,10407,7199,7158
10432,0,141,0,0,4,1,1,10354,7158,-1
10434,0,146,1,0,4,1,1,10304,7199,7162
10435,0,143,1,0,4,1,1,10340,7175,7145
10436,0,147,0,0,4,1,1,10430,7185,-1
10437,0,146,1,1,4,1,1,10310,7199,7146
10438,0,144,0,0,4,1,1,10358,7174,-1
10440,0,147,1,0,4,1,1,10437,7186,7171
10443,0,146,1,1,4,1,1,10374,7196,7158
10445,0,144,1,1,4,1,1,10413,7199,7162
10447,0,143,0,0,4,1,1,10340,7173,-1
10448,0,146,1,1,4,1,1,10310,7199,7157
10452,0,141,1,1,4,1,1,10429,7199,7193
10454,0,148,0,0,4,1,1,10426,7185,-1
10456,0,147,1,0,4,1,1,10448,7199,7183
10458,0,140,0,0,4,1,1,10390,7187,-1
10459,0,147,1,0,4,1,1,10443,7199,7164
10461,0,145,1,1,4,1,1,10445,7199,7170
10462,0,147,1,0,4,1,1,10412,7199,7167
10464,0,146,1,1,4,1,1,10310,7199,7168
10465,0,146,1,0,4,1,1,10423,7199,7190
10466,0,145,0,0,4,1,1,10407,7186,-1
10467,0,146,1,0,4,1,1,10431,7199,7171
10469,0,147,0,0,4,1,1,10434,7199,-1
10470,0,144,1,0,4,1,1,10413,7199,7198
10471,0,146,1,0,4,1,1,10304,7199,7173
10472,0,144,0,0,4,1,1,10367,7197,-1
10473,0,145,0,0,4,1,1,10398,7199,-1
10474,0,148,1,0,4,1,1,10428,7199,7174
10475,0,146,1,0,4,1,1,10461,7199,7195
10476,0,147,0,0,4,1,1,10467,7199,-1
10478,0,146,1,0,4,1,1,10374,7199,7177
10479,0,147,0,0,4,1,1,10471,7199,-1
10480,0,147,0,0,4,1,1,10412,7199,-1
10482,0,146,0,0,4,1,1,10310,7199,-1
10484,0,149,0,0,4,1,1,10474,7199,-1
10485,0,148,0,0,4,1,1,10462,7199,-1
10486,0,147,0,0,4,1,1,10437,7199,-1
10487,0,147,1,0,4,1,1,10464,7199,7193
10488,0,147,1,0,4,1,1,10391,7199,7192
10489,0,146,0,0,4,1,1,10304,7199,-1
10490,0,148,0,0,4,1,1,10428,7199,-1
10491,0,146,0,0,4,1,1,10431,7199,-1
10492,0,148,0,0,4,1,1,10456,7199,-1
10493,0,146,1,0,4,1,1,10374,7199,7188
10495,0,147,0,0,4,1,1,10478,7199,-1
10501,0,148,0,0,4,1,1,10459,7199,-1
10502,0,147,0,0,4,1,1,10493,7199,-1
10503,0,147,0,0,4,1,1,10448,7199,-1
10504,0,142,1,0,4,1,1,10452,7199,7197
10505,0,146,0,0,4,1,1,10374,7199,-1
10507,0,148,0,0,4,1,1,10487,7199,-1
10508,0,148,0,0,4,1,1,10488,7199,-1
10510,0,146,0,0,4,1,1,10423,7199,-1
10511,0,147,0,0,4,1,1,10465,7199,-1
10513,0,147,0,0,4,1,1,10475,7199,-1
10514,0,145,0,0,4,1,1,10270,7199,-1
10515,0,147,0,0,4,1,1,10391,7199,-1
10516,0,141,0,0,4,1,1,10429,7199,-1
