id,family,generation,mature,mature_children,cells,changed,recognizable,parent,last_seen,mature_at
0,0,0,1,1,4,0,1,4294967295,138,-1
1,0,0,1,2,4,0,1,4294967295,46,-1
2,0,0,1,0,4,0,1,4294967295,37,-1
3,0,1,1,1,4,0,1,0,118,68
4,0,1,1,0,4,1,1,1,36,4
5,0,1,0,0,4,1,1,2,37,-1
6,0,1,1,4,4,1,1,1,166,16
7,0,2,0,0,4,1,1,4,36,-1
8,0,2,1,2,4,1,1,6,142,69
9,0,1,0,0,4,1,1,1,46,-1
13,0,2,1,3,4,1,1,3,174,73
14,0,3,1,2,4,1,1,8,158,74
15,0,3,1,3,4,1,1,13,161,78
16,0,4,1,1,4,1,1,14,166,94
17,0,1,0,0,3,1,0,0,138,-1
18,0,2,1,0,4,1,1,6,114,91
19,0,4,1,0,4,1,1,15,111,86
20,0,2,0,0,4,0,1,3,116,-1
21,0,3,1,0,4,1,1,8,218,94
22,0,3,0,0,4,1,1,18,114,-1
23,0,4,1,2,4,1,1,15,198,121
24,0,5,1,2,4,1,1,16,184,136
25,0,3,0,0,4,1,1,8,140,-1
26,0,3,1,0,4,1,1,13,150,122
27,0,4,0,0,4,1,1,21,128,-1
28,0,4,1,3,4,1,1,14,260,123
34,0,2,1,0,4,1,1,6,171,127
35,0,5,1,3,4,1,1,23,326,133
36,0,4,0,0,4,1,1,26,150,-1
37,0,5,1,0,4,1,1,28,188,144
38,0,4,1,6,4,1,1,15,280,131
39,0,3,1,0,4,1,1,13,150,133
40,0,4,0,0,4,1,1,39,150,-1
41,0,6,1,0,4,1,1,35,178,141
42,0,2,1,3,4,1,1,6,234,138
43,0,4,0,0,4,1,1,14,158,-1
44,0,6,1,1,4,1,1,24,204,146
46,0,4,0,0,4,1,1,15,160,-1
47,0,3,0,0,4,1,1,13,174,-1
48,0,5,1,0,4,1,1,23,183,159
49,0,3,1,6,4,1,1,42,418,167
50,0,7,0,0,4,1,1,41,178,-1
52,0,5,1,0,4,1,1,38,186,156
53,0,2,0,0,4,1,1,6,166,-1
54,0,6,0,0,4,1,1,37,180,-1
55,0,7,1,2,4,1,1,44,272,175
56,0,6,1,1,4,1,1,35,208,184
59,0,5,1,0,4,1,1,28,177,165
60,0,6,1,0,4,1,1,24,177,157
61,0,6,0,0,4,1,1,52,186,-1
65,0,5,1,0,4,1,1,38,195,167
66,0,6,0,0,4,1,1,24,184,-1
67,0,5,0,0,4,1,1,23,185,-1
70,0,4,0,0,4,1,1,21,186,-1
71,0,4,1,0,4,1,1,49,226,183
72,0,5,0,0,4,1,1,28,191,-1
74,0,5,1,0,4,1,1,38,204,177
76,0,8,1,1,4,1,1,55,202,179
79,0,6,0,0,4,1,1,65,195,-1
82,0,6,0,0,4,1,1,74,204,-1
83,0,9,1,1,4,1,1,76,223,184
84,0,7,0,0,4,1,1,44,204,-1
87,0,5,1,0,4,1,1,38,215,189
88,0,10,1,0,4,1,1,83,240,195
89,0,7,1,2,4,1,1,56,296,189
90,0,8,1,1,4,1,1,55,267,217
93,0,4,0,0,4,1,1,49,219,-1
94,0,6,0,0,4,1,1,87,215,-1
95,0,6,1,7,4,1,1,35,437,270
96,0,3,1,0,4,1,1,42,225,198
98,0,5,1,1,4,1,1,28,280,226
100,0,8,1,0,4,1,1,89,233,203
101,0,5,0,0,4,1,1,71,226,-1
103,0,9,0,0,4,1,1,100,233,-1
106,0,3,1,1,4,1,1,42,296,209
107,0,4,1,0,4,1,1,106,287,245
108,0,8,1,1,4,1,1,89,275,241
109,0,11,0,0,4,1,1,88,240,-1
111,0,3,0,0,4,1,1,42,234,-1
112,0,5,1,0,4,1,1,38,242,221
113,0,9,1,3,4,1,1,90,353,222
116,0,6,0,0,4,1,1,112,242,-1
117,0,10,1,0,4,1,1,113,339,276
120,0,6,1,0,4,1,1,98,254,233
121,0,5,1,2,4,1,1,38,284,231
122,0,4,1,0,4,1,1,49,331,234
123,0,6,1,0,4,1,1,121,281,250
124,0,5,0,0,4,1,1,28,260,-1
126,0,8,0,0,4,1,1,55,272,-1
128,0,5,0,0,4,1,1,38,280,-1
129,0,9,0,0,4,1,1,90,267,-1
130,0,6,0,0,4,1,1,98,280,-1
132,0,9,1,0,4,1,1,108,276,245
135,0,10,0,0,4,1,1,132,268,-1
136,0,5,0,0,4,1,1,107,287,-1
137,0,8,0,0,4,1,1,89,269,-1
138,0,9,0,0,4,1,1,108,275,-1
139,0,4,1,0,4,1,1,49,342,259
141,0,7,0,0,4,1,1,123,281,-1
142,0,6,1,2,4,1,1,121,345,261
143,0,4,0,0,4,1,1,106,296,-1
144,0,5,0,0,4,1,1,139,338,-1
145,0,5,0,0,4,1,1,122,331,-1
147,0,7,1,0,4,1,1,142,300,279
148,0,4,0,0,4,1,1,49,291,-1
150,0,6,0,0,4,1,1,121,284,-1
152,0,7,1,0,4,1,1,95,293,277
157,0,11,0,0,4,1,1,117,339,-1
158,0,6,0,0,4,1,1,35,302,-1
159,0,8,0,0,4,1,1,147,300,-1
163,0,10,1,4,4,1,1,113,424,299
164,0,7,1,0,4,1,1,95,326,296
166,0,7,0,0,4,1,1,142,306,-1
171,0,4,1,0,4,1,1,49,359,317
174,0,8,0,0,4,1,1,164,326,-1
176,0,7,1,0,4,1,1,95,349,323
177,0,10,1,0,4,1,1,113,332,310
178,0,7,1,1,4,1,1,142,342,313
179,0,11,0,0,4,1,1,177,332,-1
180,0,8,1,0,4,1,1,178,341,318
181,0,10,0,0,4,1,1,113,349,-1
182,0,11,1,0,4,1,1,163,364,325
183,0,5,0,0,4,1,1,171,359,-1
184,0,9,0,0,4,1,1,180,341,-1
185,0,7,0,0,4,1,1,142,345,-1
186,0,8,0,0,4,1,1,176,349,-1
187,0,4,1,0,4,1,1,49,353,328
191,0,5,0,0,4,1,1,187,353,-1
194,0,4,1,4,4,1,1,49,481,346
196,0,7,1,4,4,1,1,95,435,347
197,0,12,0,0,4,1,1,182,364,-1
202,0,11,1,0,4,1,1,163,403,371
204,0,8,1,0,4,1,1,196,396,352
206,0,4,0,0,4,1,1,49,418,-1
209,0,9,0,0,4,1,1,204,396,-1
210,0,5,1,0,4,1,1,194,410,361
211,0,8,1,0,4,1,1,196,439,368
213,0,6,0,0,4,1,1,210,382,-1
215,0,5,1,1,4,1,1,194,446,393
216,0,7,1,3,4,1,1,95,503,373
217,0,9,0,0,4,1,1,211,391,-1
218,0,8,1,0,4,1,1,216,464,392
219,0,8,1,0,4,1,1,196,400,379
220,0,11,1,2,4,1,1,163,457,382
221,0,7,1,3,4,1,1,95,441,385
222,0,12,1,0,4,1,1,220,465,408
223,0,6,0,0,4,1,1,210,410,-1
224,0,8,1,0,4,1,1,196,408,389
225,0,8,1,4,4,1,1,221,619,394
227,0,11,1,0,4,1,1,163,415,393
228,0,8,0,0,4,1,1,196,435,-1
229,0,8,1,1,4,1,1,216,502,402
230,0,11,0,0,4,1,1,163,420,-1
231,0,9,1,1,4,1,1,225,505,412
232,0,5,1,1,4,1,1,194,457,404
233,0,8,1,4,4,1,1,221,510,404
234,0,6,1,0,4,1,1,215,447,414
236,0,9,0,0,4,1,1,211,439,-1
238,0,9,1,0,4,1,1,233,486,438
239,0,7,1,0,4,1,1,95,437,411
240,0,13,0,0,4,1,1,222,465,-1
242,0,8,1,0,4,1,1,216,457,427
243,0,6,1,0,4,1,1,232,483,427
245,0,5,1,0,4,1,1,194,440,415
246,0,8,1,0,4,1,1,221,442,415
247,0,8,0,0,4,1,1,239,437,-1
248,0,9,1,2,4,1,1,229,532,471
249,0,12,1,2,4,1,1,220,491,420
251,0,6,0,0,4,1,1,245,440,-1
252,0,9,0,0,4,1,1,246,439,-1
253,0,7,0,0,4,1,1,95,437,-1
255,0,13,1,0,4,1,1,249,483,451
256,0,8,0,0,4,1,1,221,441,-1
257,0,7,0,0,4,1,1,234,447,-1
260,0,12,0,0,4,1,1,220,452,-1
261,0,9,0,0,4,1,1,242,452,-1
262,0,9,1,2,4,1,1,225,536,447
263,0,9,0,0,4,1,1,218,464,-1
264,0,8,0,0,4,1,1,216,481,-1
272,0,9,1,1,4,1,1,233,479,449
273,0,7,0,0,4,1,1,243,483,-1
276,0,10,0,0,4,1,1,262,475,-1
277,0,10,1,0,4,1,1,272,480,454
278,0,14,0,0,4,1,1,255,483,-1
280,0,5,0,0,4,1,1,194,481,-1
281,0,9,1,0,4,1,1,233,506,469
285,0,13,1,2,4,1,1,249,522,461
287,0,10,0,0,4,1,1,272,479,-1
288,0,10,1,0,4,1,1,231,494,475
291,0,13,0,0,4,1,1,249,491,-1
292,0,9,1,4,4,1,1,225,572,484
293,0,10,1,3,4,1,1,248,572,476
294,0,10,0,0,4,1,1,281,506,-1
295,0,14,1,2,4,1,1,285,549,482
296,0,9,1,3,4,1,1,233,607,480
297,0,9,0,0,4,1,1,229,502,-1
298,0,10,1,1,4,1,1,262,564,485
301,0,10,1,2,4,1,1,296,585,514
303,0,11,1,4,4,1,1,293,572,503
304,0,10,1,0,4,1,1,248,529,499
308,0,10,1,0,4,1,1,292,533,491
311,0,9,0,0,4,1,1,233,510,-1
312,0,14,1,0,4,1,1,285,519,493
313,0,15,1,3,4,1,1,295,639,505
316,0,10,1,5,4,1,1,262,667,496
317,0,11,0,0,4,1,1,298,515,-1
319,0,11,1,0,4,1,1,316,546,518
320,0,15,0,0,4,1,1,312,519,-1
321,0,10,1,0,4,1,1,292,523,502
322,0,14,0,0,4,1,1,285,522,-1
323,0,10,0,0,4,1,1,262,536,-1
324,0,11,0,0,4,1,1,321,523,-1
325,0,11,0,0,4,1,1,308,533,-1
327,0,12,1,0,4,1,1,303,543,510
329,0,16,0,0,4,1,1,313,528,-1
330,0,10,0,0,4,1,1,248,532,-1
334,0,13,0,0,4,1,1,327,543,-1
335,0,15,1,0,4,1,1,295,544,515
336,0,10,1,0,4,1,1,292,563,520
337,0,11,1,0,4,1,1,301,538,518
339,0,9,1,2,4,1,1,225,630,572
340,0,16,0,0,4,1,1,335,544,-1
341,0,12,0,0,4,1,1,319,546,-1
342,0,12,0,0,4,1,1,337,538,-1
344,0,11,0,0,4,1,1,336,559,-1
345,0,10,1,0,4,1,1,296,565,536
346,0,12,1,3,4,1,1,303,634,526
347,0,11,1,1,4,1,1,293,601,533
348,0,15,0,0,4,1,1,295,549,-1
351,0,11,1,0,4,1,1,301,569,538
352,0,10,1,0,4,1,1,292,549,530
353,0,11,1,0,4,1,1,298,569,534
355,0,11,0,0,4,1,1,352,549,-1
357,0,12,1,0,4,1,1,303,560,536
359,0,12,0,0,4,1,1,353,568,-1
360,0,13,1,2,5,1,0,346,660,574
362,0,11,0,0,4,1,1,345,558,-1
363,0,13,0,0,4,1,1,357,560,-1
364,0,16,1,0,4,1,1,313,598,545
366,0,11,1,1,4,1,1,293,578,544
367,0,12,0,0,4,1,1,351,569,-1
370,0,12,1,0,4,1,1,303,575,549
371,0,12,1,0,4,1,1,347,595,566
374,0,12,1,2,4,1,1,366,639,548
375,0,17,0,0,4,1,1,364,570,-1
378,0,13,1,3,4,1,1,374,662,574
380,0,11,0,0,4,1,1,293,572,-1
381,0,13,0,0,4,1,1,370,575,-1
382,0,10,1,1,4,1,1,296,636,580
383,0,16,1,2,4,1,1,313,668,569
384,0,11,1,0,4,1,1,316,584,563
389,0,12,0,0,9,1,0,384,584,-1
393,0,11,1,1,4,1,1,316,629,597
398,0,12,0,0,4,1,1,347,601,-1
399,0,17,1,1,4,1,1,383,617,578
400,0,14,1,2,5,1,0,360,731,583
402,0,16,1,0,4,1,1,313,602,580
403,0,14,0,0,4,1,1,378,599,-1
404,0,9,0,0,4,1,1,225,603,-1
405,0,18,1,0,3,1,0,399,626,594
406,0,17,0,0,4,1,1,402,602,-1
407,0,11,1,0,4,1,1,382,612,585
408,0,13,1,0,4,1,1,346,615,587
409,0,13,1,0,4,1,1,374,671,588
411,0,17,1,1,4,1,1,383,675,612
412,0,15,0,0,5,1,0,400,626,-1
413,0,12,0,0,4,1,1,407,612,-1
416,0,10,1,1,4,1,1,339,651,592
417,0,10,0,0,4,1,1,296,607,-1
418,0,14,1,2,5,1,0,360,728,612
419,0,11,1,0,4,1,1,416,644,620
420,0,13,1,0,4,1,1,346,629,599
421,0,11,0,0,4,1,1,382,636,-1
423,0,12,1,0,4,1,1,393,653,602
424,0,10,1,0,4,1,1,339,673,603
426,0,14,0,0,4,1,1,420,628,-1
427,0,14,1,0,4,1,1,378,665,605
428,0,13,0,0,4,1,1,374,639,-1
430,0,13,0,0,4,1,1,423,634,-1
432,0,11,0,0,4,1,1,424,673,-1
434,0,11,1,2,4,1,1,316,763,623
435,0,13,0,0,4,1,1,346,634,-1
437,0,14,1,1,4,1,1,378,667,616
439,0,18,1,3,4,1,1,411,705,644
442,0,15,1,1,5,1,0,418,711,669
443,0,17,0,0,4,1,1,383,666,-1
445,0,14,1,0,4,1,1,378,646,633
446,0,11,0,0,4,1,1,416,651,-1
448,0,15,1,1,5,1,0,400,693,665
450,0,11,1,1,4,1,1,316,685,633
451,0,15,1,0,4,1,1,437,661,640
452,0,12,1,4,4,1,1,434,809,655
455,0,14,0,0,5,1,0,360,659,-1
457,0,12,1,3,4,1,1,450,767,648
462,0,11,0,0,4,1,1,316,665,-1
463,0,14,0,0,4,1,1,409,671,-1
465,0,19,1,0,4,1,1,439,676,649
467,0,15,0,0,4,1,1,437,667,-1
468,0,13,1,0,4,1,1,457,709,669
469,0,20,0,0,4,1,1,465,673,-1
470,0,18,0,0,4,1,1,411,669,-1
473,0,19,1,0,4,1,1,439,695,672
474,0,12,0,0,4,1,1,450,685,-1
475,0,13,1,0,4,1,1,452,727,668
478,0,12,0,0,4,1,1,434,684,-1
479,0,16,1,0,5,1,0,448,701,679
485,0,14,0,0,4,1,1,475,692,-1
486,0,16,1,0,5,1,0,442,695,677
487,0,14,0,0,9,1,0,468,708,-1
488,0,15,1,1,5,1,0,400,805,702
491,0,20,0,0,4,1,1,473,695,-1
494,0,13,1,0,4,1,1,457,711,680
495,0,19,1,2,4,1,1,439,764,683
496,0,15,1,1,5,1,0,418,736,688
497,0,13,1,0,4,1,1,452,712,687
498,0,20,1,0,4,1,1,495,750,710
501,0,16,0,0,5,1,0,442,711,-1
502,0,13,1,5,4,1,1,457,854,712
503,0,12,1,0,4,1,1,434,767,739
504,0,14,0,0,4,1,1,497,712,-1
505,0,19,0,0,4,1,1,439,705,-1
506,0,16,1,3,5,1,0,496,894,705
509,0,13,0,0,4,1,1,452,713,-1
510,0,15,0,0,5,1,0,418,728,-1
514,0,16,1,1,5,1,0,488,772,746
515,0,14,0,0,4,1,1,475,727,-1
518,0,15,0,0,5,1,0,400,731,-1
519,0,21,0,0,4,1,1,498,731,-1
523,0,16,0,0,5,1,0,496,731,-1
525,0,14,1,0,4,1,1,502,744,717
526,0,17,1,0,5,1,0,506,739,720
527,0,20,1,2,4,1,1,495,804,720
528,0,15,0,0,4,1,1,525,740,-1
529,0,13,0,0,4,1,1,457,767,-1
530,0,18,0,0,5,1,0,526,739,-1
531,0,21,0,0,4,1,1,527,744,-1
532,0,13,1,0,4,1,1,452,759,727
533,0,14,1,2,4,1,1,502,837,741
534,0,20,0,0,4,1,1,495,764,-1
536,0,14,0,0,4,1,1,532,759,-1
539,0,17,1,0,5,1,0,506,784,752
540,0,13,1,5,4,1,1,452,880,738
542,0,14,1,3,4,1,1,540,874,757
546,0,13,0,0,4,1,1,452,809,-1
547,0,17,1,1,5,1,0,514,830,752
548,0,21,1,0,4,1,1,527,773,751
549,0,14,1,0,4,1,1,502,802,781
552,0,22,0,0,4,1,1,548,773,-1
553,0,18,0,0,5,1,0,539,784,-1
554,0,21,1,0,4,1,1,527,804,768
555,0,15,1,0,4,1,1,542,805,796
556,0,17,1,0,5,1,0,506,841,802
558,0,18,1,0,5,1,0,547,792,769
560,0,14,1,0,4,1,1,540,787,768
562,0,16,0,0,5,1,0,488,805,-1
563,0,15,1,0,4,1,1,533,809,771
566,0,22,0,0,4,1,1,554,804,-1
567,0,19,0,0,5,1,0,558,789,-1
571,0,14,1,0,4,1,1,540,822,787
572,0,15,1,0,4,1,1,533,808,790
573,0,21,0,0,4,1,1,527,803,-1
576,0,15,0,0,4,1,1,571,822,-1
578,0,18,0,0,5,1,0,547,817,-1
579,0,14,1,2,4,1,1,540,918,841
580,0,14,1,5,4,1,1,502,950,808
582,0,18,0,0,5,1,0,556,841,-1
592,0,15,1,4,4,1,1,580,999,829
594,0,17,0,0,5,1,0,506,829,-1
596,0,14,1,0,4,1,1,502,855,819
597,0,15,1,0,4,1,1,542,865,821
599,0,16,0,0,4,1,1,597,865,-1
601,0,14,0,0,4,1,1,502,854,-1
602,0,15,1,6,4,1,1,542,975,832
605,0,15,1,0,4,1,1,580,888,840
606,0,16,1,0,4,1,1,602,892,858
608,0,15,0,0,4,1,1,542,868,-1
612,0,16,0,0,4,1,1,605,888,-1
613,0,15,1,0,4,1,1,580,890,857
614,0,14,1,0,4,1,1,540,877,852
615,0,16,1,0,4,1,1,592,942,899
616,0,15,0,0,4,1,1,614,877,-1
618,0,17,0,0,4,1,1,606,892,-1
619,0,14,0,0,4,1,1,540,880,-1
620,0,17,0,0,5,1,0,506,894,-1
621,0,15,1,3,4,1,1,580,1003,871
622,0,16,1,0,4,1,1,602,922,869
625,0,16,0,0,4,1,1,613,890,-1
626,0,17,0,0,4,1,1,622,904,-1
627,0,16,0,0,4,1,1,621,890,-1
628,0,15,1,1,4,1,1,579,941,878
630,0,16,1,2,4,1,1,602,982,883
631,0,15,1,0,4,1,1,580,923,897
633,0,16,1,0,4,1,1,628,931,907
635,0,15,1,0,4,1,1,579,908,889
637,0,17,1,1,4,1,1,630,1012,897
638,0,16,1,0,4,1,1,602,919,894
642,0,16,1,7,4,1,1,621,1097,903
643,0,15,0,0,4,1,1,579,918,-1
644,0,18,1,1,4,1,1,637,1010,967
645,0,16,0,0,4,1,1,631,923,-1
646,0,16,1,0,4,1,0,602,940,922
647,0,17,1,1,4,1,1,642,1004,927
648,0,17,1,2,4,1,1,630,974,916
649,0,16,1,1,4,1,1,592,972,910
650,0,17,0,0,4,1,1,633,931,-1
652,0,17,1,0,4,1,1,649,947,921
653,0,16,1,1,4,1,1,621,999,958
654,0,16,0,0,4,1,1,628,934,-1
655,0,18,1,0,4,1,1,648,955,923
656,0,16,1,1,4,1,1,592,977,924
657,0,15,0,0,4,1,1,580,950,-1
661,0,19,0,0,4,1,1,655,955,-1
662,0,17,1,1,4,1,1,656,977,940
663,0,17,0,0,4,1,1,649,972,-1
664,0,18,0,0,4,1,1,647,956,-1
665,0,16,1,2,4,1,1,602,1014,943
666,0,18,1,0,4,1,1,648,961,938
668,0,17,0,0,4,1,1,630,982,-1
671,0,18,1,0,4,1,1,662,969,945
673,0,17,1,0,4,1,1,665,986,948
674,0,18,0,0,4,1,1,648,974,-1
675,0,19,0,0,4,1,1,671,969,-1
676,0,17,0,0,4,1,1,656,977,-1
678,0,18,0,0,4,1,1,673,986,-1
680,0,18,0,0,4,1,1,662,977,-1
681,0,16,1,2,4,1,1,592,1032,969
684,0,17,1,0,4,1,1,653,982,963
686,0,17,1,1,4,1,1,665,1006,973
687,0,19,1,1,4,1,1,644,1097,972
688,0,17,1,0,4,1,1,681,1010,979
690,0,16,1,3,4,1,1,621,1108,974
692,0,17,1,1,4,1,1,642,1014,976
693,0,20,1,3,4,1,1,687,1154,993
694,0,18,1,1,4,1,1,686,1055,978
697,0,18,1,0,4,1,1,647,1001,981
698,0,18,0,0,4,1,1,637,1012,-1
701,0,18,1,0,4,1,1,692,999,981
703,0,19,1,2,4,1,1,694,1077,1008
704,0,19,0,0,4,1,1,644,1010,-1
705,0,18,0,0,4,1,1,688,1010,-1
706,0,16,0,0,4,1,1,621,1002,-1
707,0,19,0,0,4,1,1,697,1001,-1
710,0,17,1,1,4,1,1,642,1090,997
711,0,17,0,0,4,1,1,665,1014,-1
712,0,17,1,0,4,1,1,690,1040,998
713,0,17,1,0,4,1,1,681,1017,996
715,0,21,1,3,4,1,1,693,1175,1069
716,0,18,0,0,4,1,1,713,1017,-1
718,0,18,0,0,4,1,1,712,1033,-1
721,0,20,0,0,4,1,1,687,1030,-1
723,0,17,0,0,4,1,1,681,1032,-1
725,0,17,1,1,4,1,1,642,1074,1008
728,0,20,1,0,4,1,1,703,1038,1030
729,0,18,1,0,4,1,1,725,1080,1042
733,0,17,1,3,4,1,1,690,1120,1038
738,0,19,0,0,4,1,1,694,1055,-1
739,0,18,1,2,4,1,1,710,1118,1054
742,0,17,1,0,4,1,1,642,1075,1049
743,0,20,1,5,4,1,1,703,1196,1041
745,0,18,1,0,4,1,1,733,1063,1043
747,0,20,0,0,4,1,1,687,1083,-1
748,0,17,1,0,4,1,1,690,1114,1049
749,0,20,0,0,4,1,0,703,1067,-1
750,0,18,0,0,4,1,1,725,1069,-1
751,0,18,1,2,4,1,1,733,1177,1068
752,0,21,1,0,4,1,1,743,1108,1060
753,0,19,1,1,4,1,1,739,1099,1059
755,0,17,1,1,4,1,1,642,1128,1059
756,0,17,0,0,4,1,1,690,1097,-1
757,0,20,1,0,4,1,1,753,1099,1070
758,0,22,0,0,4,1,1,752,1108,-1
759,0,18,0,0,4,1,1,710,1080,-1
760,0,18,1,5,4,1,1,755,1323,1074
762,0,19,1,2,4,1,1,739,1150,1091
763,0,17,1,0,4,1,1,642,1102,1070
764,0,22,1,0,4,1,1,715,1107,1074
765,0,18,0,0,4,1,1,763,1102,-1
766,0,21,1,0,4,1,1,743,1107,1083
768,0,23,0,0,4,1,1,764,1107,-1
769,0,19,1,2,4,1,1,760,1173,1096
770,0,18,1,0,4,1,1,733,1104,1079
771,0,18,0,0,4,1,1,748,1114,-1
773,0,20,0,0,4,1,1,753,1099,-1
774,0,17,0,0,4,1,1,642,1097,-1
776,0,19,1,1,4,1,1,751,1144,1107
777,0,19,0,0,4,1,1,770,1104,-1
778,0,22,1,2,4,1,1,715,1178,1085
779,0,21,1,0,4,1,1,693,1117,1089
781,0,23,1,0,4,1,1,778,1133,1109
782,0,18,0,0,4,1,1,733,1120,-1
783,0,21,1,0,4,1,1,743,1115,1093
786,0,22,0,0,4,1,1,779,1117,-1
787,0,22,0,0,4,1,1,715,1112,-1
788,0,18,0,0,4,1,1,755,1128,-1
789,0,20,1,0,4,1,1,762,1169,1106
795,0,21,1,0,4,1,1,743,1135,1104
797,0,19,0,0,4,1,1,760,1133,-1
798,0,20,1,0,4,1,1,769,1141,1110
802,0,20,1,0,4,1,1,776,1150,1112
805,0,21,0,0,4,1,1,798,1141,-1
806,0,21,1,0,4,1,1,743,1144,1118
807,0,19,1,2,4,1,1,751,1216,1144
809,0,22,0,0,4,1,1,795,1135,-1
810,0,20,1,6,4,1,1,762,1248,1123
811,0,21,0,0,4,1,1,802,1150,-1
812,0,23,1,1,4,1,1,778,1210,1119
814,0,21,1,2,4,1,1,693,1224,1125
816,0,20,0,0,4,1,1,776,1144,-1
817,0,22,0,0,4,1,1,806,1144,-1
819,0,21,1,0,4,1,1,810,1163,1133
820,0,20,1,0,4,1,1,769,1186,1145
821,0,21,0,0,4,1,1,743,1196,-1
822,0,22,1,0,4,1,1,814,1197,1178
824,0,20,0,0,4,1,1,762,1150,-1
825,0,21,0,0,4,1,1,693,1154,-1
828,0,22,0,0,4,1,1,819,1163,-1
829,0,24,1,3,4,1,1,812,1275,1160
831,0,22,1,4,4,1,1,715,1257,1142
832,0,21,0,0,4,1,1,789,1168,-1
833,0,19,1,0,4,1,1,760,1171,1145
834,0,23,1,0,4,1,1,831,1171,1147
836,0,20,1,0,4,1,1,807,1171,1148
838,0,20,0,0,4,1,1,833,1171,-1
839,0,23,0,0,4,1,1,778,1178,-1
840,0,24,0,0,4,1,1,834,1171,-1
841,0,21,0,0,4,1,1,836,1171,-1
842,0,22,0,0,4,1,1,715,1175,-1
844,0,19,0,0,4,1,1,751,1177,-1
846,0,20,0,0,4,1,1,769,1173,-1
847,0,19,1,0,4,1,1,760,1218,1190
848,0,23,1,0,4,1,1,831,1190,1160
850,0,20,1,0,4,1,1,807,1209,1184
852,0,21,1,0,4,1,1,810,1220,1163
853,0,21,0,0,4,1,1,820,1186,-1
854,0,22,0,0,4,1,1,852,1219,-1
855,0,23,1,1,4,1,1,831,1217,1182
856,0,24,0,0,4,1,1,812,1210,-1
857,0,25,1,4,4,1,1,829,1334,1173
859,0,21,1,3,4,1,1,810,1252,1174
865,0,26,1,0,4,1,1,857,1209,1182
868,0,25,1,0,4,1,1,829,1226,1184
869,0,21,1,0,4,1,1,810,1210,1185
870,0,24,1,0,4,1,1,855,1212,1188
871,0,21,0,0,4,1,1,850,1209,-1
872,0,22,1,1,4,1,1,814,1244,1189
873,0,22,0,0,4,1,1,869,1210,-1
875,0,23,1,1,4,1,1,831,1254,1220
876,0,25,0,0,4,1,1,870,1212,-1
877,0,22,1,1,4,1,1,859,1245,1194
879,0,20,0,0,4,1,1,807,1216,-1
880,0,20,0,0,4,1,1,847,1218,-1
881,0,26,1,0,4,1,1,857,1225,1206
882,0,21,1,3,4,1,1,810,1325,1196
883,0,23,1,1,4,1,1,877,1270,1214
884,0,22,0,0,4,1,1,814,1224,-1
885,0,26,0,0,4,1,1,868,1226,-1
886,0,23,1,1,4,1,1,872,1259,1222
887,0,22,1,1,4,1,1,882,1304,1242
888,0,22,1,1,4,1,1,859,1242,1204
889,0,21,1,0,4,1,1,810,1235,1207
890,0,23,1,1,4,1,1,888,1292,1209
891,0,22,0,0,4,1,1,889,1234,-1
896,0,24,1,1,4,1,1,890,1266,1233
900,0,22,1,0,4,1,1,859,1241,1215
902,0,26,1,0,4,1,1,857,1237,1217
903,0,21,0,0,4,1,1,810,1248,-1
904,0,23,0,0,4,1,1,900,1241,-1
905,0,23,0,0,4,1,1,888,1241,-1
910,0,23,0,0,4,1,1,877,1245,-1
911,0,24,1,0,4,1,1,883,1252,1225
912,0,24,1,0,4,1,1,875,1258,1225
913,0,22,0,0,4,1,1,859,1252,-1
914,0,24,1,2,4,1,1,886,1303,1227
918,0,25,0,0,4,1,1,911,1252,-1
919,0,25,0,0,4,1,1,912,1258,-1
921,0,24,0,0,4,1,1,883,1270,-1
922,0,19,0,0,4,1,1,760,1261,-1
923,0,25,1,1,4,1,1,914,1330,1242
924,0,24,0,0,4,1,1,886,1259,-1
925,0,25,1,1,4,1,1,896,1307,1238
926,0,26,0,0,4,1,1,857,1299,-1
929,0,26,1,3,4,1,1,925,1393,1262
930,0,25,1,1,4,1,1,829,1308,1244
933,0,23,1,0,4,1,1,887,1273,1247
935,0,25,0,0,4,1,1,896,1266,-1
936,0,26,1,0,4,1,1,923,1286,1252
938,0,26,1,1,4,1,1,930,1322,1287
939,0,24,0,0,4,1,1,933,1273,-1
941,0,25,1,2,4,1,1,914,1323,1254
942,0,24,0,0,4,1,1,890,1292,-1
943,0,25,0,0,4,1,1,829,1275,-1
947,0,26,1,3,4,1,1,941,1416,1286
951,0,25,0,0,4,1,1,914,1284,-1
952,0,19,1,2,4,1,1,760,1331,1281
953,0,27,0,0,4,1,1,929,1297,-1
957,0,22,1,0,4,1,1,882,1309,1278
959,0,26,0,0,4,1,1,925,1307,-1
960,0,22,1,1,4,1,1,882,1332,1289
962,0,27,1,2,4,1,1,947,1357,1291
963,0,20,1,0,4,1,1,952,1311,1292
964,0,19,1,0,4,1,1,760,1329,1292
965,0,27,1,1,4,1,1,938,1338,1295
966,0,28,1,2,4,1,1,962,1375,1315
968,0,26,1,1,4,1,1,941,1345,1297
969,0,23,1,1,4,1,1,960,1336,1302
970,0,22,0,0,4,1,1,882,1318,-1
972,0,20,1,5,4,1,1,952,1486,1310
973,0,19,0,0,4,1,0,760,1323,-1
974,0,26,0,0,4,1,1,923,1330,-1
976,0,28,1,3,4,1,1,965,1457,1306
977,0,24,1,1,4,1,1,969,1363,1309
980,0,27,1,0,4,1,1,968,1336,1309
982,0,26,1,1,4,1,1,857,1395,1314
984,0,29,1,0,4,1,1,976,1334,1312
985,0,23,0,0,4,1,1,960,1332,-1
987,0,27,1,1,4,1,1,929,1346,1314
989,0,28,0,0,4,1,1,980,1336,-1
991,0,21,1,3,4,1,1,972,1413,1319
992,0,25,1,1,4,1,1,977,1373,1335
993,0,28,1,0,4,1,1,987,1356,1320
994,0,28,0,0,4,1,1,965,1338,-1
995,0,24,0,0,4,1,1,969,1336,-1
996,0,27,0,0,4,1,1,968,1345,-1
997,0,27,1,2,4,1,1,947,1401,1349
998,0,27,1,0,4,1,1,982,1433,1335
1000,0,29,1,3,4,1,1,966,1474,1343
1001,0,22,1,0,4,1,1,991,1372,1328
1002,0,28,1,0,4,1,1,962,1372,1326
1006,0,27,1,3,4,1,1,929,1470,1333
1007,0,21,1,1,4,1,1,972,1423,1389
1008,0,23,0,0,4,1,1,1001,1352,-1
1011,0,29,0,0,4,1,1,993,1356,-1
1013,0,28,0,0,4,1,1,962,1357,-1
1018,0,22,1,0,4,1,1,991,1360,1339
1019,0,28,0,0,4,1,1,998,1356,-1
1020,0,26,1,1,4,1,1,992,1393,1340
1024,0,27,1,0,4,1,1,929,1389,1344
1025,0,27,1,2,4,1,1,1020,1403,1346
1026,0,27,0,0,4,1,1,982,1364,-1
1027,0,29,1,1,4,1,1,976,1462,1380
1029,0,22,1,0,4,1,1,991,1383,1350
1031,0,28,1,1,4,1,1,1025,1405,1358
1032,0,28,0,0,4,1,1,1024,1389,-1
1033,0,28,1,1,4,1,1,997,1435,1353
1034,0,29,1,0,4,1,1,966,1411,1354
1035,0,28,1,0,4,1,1,1006,1392,1354
1036,0,27,0,0,4,1,1,929,1369,-1
1037,0,23,0,0,4,1,1,1029,1383,-1
1038,0,29,0,0,4,1,1,1033,1377,-1
1039,0,30,1,3,4,1,1,1000,1532,1387
1040,0,29,0,0,4,1,1,1035,1392,-1
1041,0,27,1,0,4,1,1,947,1406,1386
1044,0,28,1,0,4,1,1,997,1381,1365
1048,0,28,1,0,4,1,1,1025,1399,1379
1049,0,29,1,0,4,1,1,1031,1404,1371
1050,0,22,0,0,4,1,1,991,1398,-1
1051,0,30,0,0,4,1,1,1034,1411,-1
1052,0,27,0,0,4,1,1,982,1395,-1
1053,0,30,0,0,4,1,1,1049,1394,-1
1054,0,28,0,0,4,1,1,997,1401,-1
1060,0,28,1,3,4,1,1,1006,1482,1432
1061,0,29,0,0,4,1,1,1048,1399,-1
1062,0,30,1,1,4,1,1,1027,1442,1399
1065,0,28,0,0,4,1,1,1041,1406,-1
1066,0,31,1,0,4,1,1,1039,1420,1392
1067,0,29,1,3,4,1,1,1033,1483,1409
1068,0,22,1,4,4,1,1,1007,1521,1394
1071,0,28,0,0,4,1,1,998,1433,-1
1072,0,27,0,0,4,1,1,947,1416,-1
1077,0,31,0,0,4,1,1,1039,1432,-1
1079,0,31,1,0,4,1,1,1062,1428,1407
1080,0,23,1,0,4,1,1,1068,1447,1435
1081,0,22,0,0,4,1,1,1007,1423,-1
1085,0,30,0,0,4,1,1,1027,1426,-1
1090,0,32,0,0,4,1,1,1079,1428,-1
1091,0,30,1,0,4,1,1,1067,1479,1421
1094,0,21,1,0,4,1,1,972,1451,1420
1097,0,30,1,0,4,1,1,1000,1479,1421
1099,0,22,0,0,4,1,1,1094,1451,-1
1100,0,29,1,3,4,1,1,976,1519,1431
1101,0,31,0,0,3,1,0,1097,1479,-1
1104,0,31,0,0,4,1,1,1091,1454,-1
1105,0,21,1,1,4,1,1,972,1519,1438
1106,0,30,1,2,4,1,1,1067,1544,1449
1107,0,30,1,0,4,1,1,1000,1470,1432
1109,0,30,1,0,4,1,1,1100,1469,1440
1111,0,29,1,0,4,1,1,1060,1529,1437
1114,0,30,0,0,4,1,1,1027,1462,-1
1115,0,31,0,0,4,1,1,1107,1470,-1
1116,0,30,0,0,4,1,1,1111,1504,-1
1117,0,30,0,0,4,1,1,1000,1473,-1
1118,0,28,1,0,4,1,1,1006,1473,1443
1119,0,31,0,0,4,1,1,1109,1469,-1
1120,0,22,1,2,4,1,1,1105,1533,1482
1121,0,29,1,0,4,1,1,1060,1470,1448
1122,0,29,0,0,4,1,1,1118,1473,-1
1123,0,30,1,2,4,1,1,1100,1568,1467
1125,0,30,0,0,4,1,1,1121,1470,-1
1126,0,31,1,5,4,1,1,1106,1673,1454
1127,0,23,1,0,4,1,1,1068,1487,1455
1128,0,28,0,0,4,1,1,1006,1470,-1
1129,0,31,1,2,4,1,1,1039,1557,1494
1130,0,29,1,1,4,1,1,1060,1506,1460
1131,0,30,1,0,4,1,1,1067,1490,1459
1133,0,21,1,1,4,1,1,972,1536,1464
1134,0,31,0,0,4,1,1,1131,1490,-1
1135,0,30,1,0,4,1,1,1130,1497,1477
1136,0,23,1,0,4,1,1,1068,1493,1474
1139,0,22,0,0,4,1,1,1133,1495,-1
1145,0,30,1,2,4,1,1,1100,1549,1478
1147,0,32,1,0,4,1,1,1126,1517,1495
1148,0,31,1,1,4,1,1,1106,1558,1504
1149,0,31,1,0,4,1,1,1145,1524,1492
1153,0,23,1,3,4,1,1,1068,1578,1486
1155,0,23,1,1,4,1,1,1120,1532,1499
1157,0,30,0,0,4,1,1,1130,1505,-1
1159,0,31,1,1,4,1,1,1123,1626,1537
1162,0,24,1,0,4,1,1,1153,1529,1498
1163,0,23,0,0,4,1,1,1068,1521,-1
1166,0,25,0,0,4,1,1,1162,1525,-1
1167,0,31,1,0,4,1,1,1039,1553,1504
1168,0,24,1,1,4,1,1,1155,1610,1506
1169,0,22,1,4,4,1,1,1133,1641,1505
1170,0,32,0,0,4,1,1,1167,1525,-1
1171,0,23,1,1,4,1,1,1120,1598,1514
1172,0,31,1,0,4,1,1,1145,1535,1511
1174,0,23,1,2,4,1,1,1169,1587,1510
1175,0,25,1,0,4,1,1,1168,1584,1563
1178,0,24,1,2,4,1,1,1153,1594,1522
1179,0,32,1,3,4,1,1,1148,1653,1524
1180,0,24,1,0,4,1,1,1174,1552,1533
1181,0,32,0,0,4,1,1,1172,1535,-1
1182,0,22,0,0,4,1,1,1133,1536,-1
1183,0,24,0,0,4,1,1,1155,1532,-1
1184,0,32,1,0,4,1,1,1126,1541,1521
1185,0,24,1,3,4,1,1,1171,1648,1571
1186,0,32,1,4,4,1,1,1129,1639,1519
1188,0,31,0,0,4,1,1,1145,1549,-1
1190,0,33,1,1,4,1,1,1186,1605,1542
1193,0,25,1,0,4,1,1,1178,1581,1536
1195,0,32,1,0,4,1,1,1129,1553,1533
1196,0,32,0,0,4,1,1,1126,1562,-1
1197,0,24,1,0,4,1,1,1153,1559,1533
1203,0,23,1,0,4,1,1,1169,1597,1582
1204,0,25,0,0,4,1,1,1180,1552,-1
1205,0,25,0,0,4,1,1,1197,1559,-1
1210,0,24,1,2,4,1,1,1174,1601,1548
1213,0,25,1,0,4,1,1,1178,1584,1568
1214,0,33,1,0,4,1,1,1179,1580,1548
1215,0,31,1,1,4,1,1,1123,1590,1551
1217,0,34,1,0,4,1,1,1190,1583,1562
1218,0,32,1,3,4,1,1,1159,1732,1601
1219,0,34,0,0,4,1,1,1214,1580,-1
1220,0,33,1,0,4,1,1,1186,1582,1554
1221,0,26,0,0,4,1,1,1193,1581,-1
1222,0,32,1,0,4,1,1,1215,1614,1560
1224,0,33,1,0,4,1,1,1179,1585,1558
1225,0,25,1,0,4,1,1,1210,1589,1561
1228,0,34,0,0,4,1,1,1224,1585,-1
1229,0,33,1,0,4,1,1,1186,1604,1568
1230,0,32,0,0,4,1,1,1215,1590,-1
1231,0,25,1,0,4,1,1,1210,1592,1572
1233,0,25,1,0,4,1,1,1185,1598,1576
1234,0,26,0,0,4,1,1,1231,1592,-1
1235,0,25,0,0,4,1,1,1178,1594,-1
1236,0,26,0,0,4,1,1,1233,1598,-1
1237,0,33,1,1,4,1,1,1186,1663,1588
1238,0,33,0,0,4,1,1,1222,1604,-1
1240,0,32,1,0,4,1,1,1126,1611,1584
1241,0,34,0,0,4,1,1,1190,1605,-1
1242,0,33,1,1,4,1,1,1179,1640,1608
1245,0,25,1,2,4,1,1,1185,1683,1593
1251,0,33,0,0,4,1,1,1240,1611,-1
1252,0,25,0,0,4,1,1,1168,1610,-1
1254,0,34,1,0,4,1,1,1237,1657,1621
1257,0,32,1,0,4,1,1,1126,1631,1616
1261,0,33,0,0,4,1,1,1186,1632,-1
1262,0,23,1,3,4,1,1,1169,1751,1601
1265,0,25,1,1,4,1,1,1185,1682,1604
1266,0,26,1,1,4,1,1,1245,1675,1606
1268,0,24,1,4,4,1,1,1262,1704,1630
1271,0,33,1,1,4,1,1,1218,1643,1612
1273,0,26,1,2,4,1,1,1265,1692,1628
1274,0,27,1,5,4,1,1,1266,1740,1643
1275,0,23,1,0,4,1,1,1169,1643,1612
1276,0,34,1,0,4,1,1,1242,1631,1613
1280,0,26,1,0,4,1,1,1245,1667,1651
1281,0,34,1,0,4,1,1,1271,1640,1617
1282,0,25,0,0,4,1,1,1185,1648,-1
1284,0,35,0,0,4,1,1,1281,1640,-1
1285,0,33,0,0,4,1,1,1179,1643,-1
1286,0,33,1,1,4,1,1,1218,1685,1626
1287,0,23,0,0,4,1,1,1169,1638,-1
1288,0,35,0,0,4,1,1,1254,1655,-1
1289,0,32,1,3,4,1,1,1126,1711,1644
1291,0,34,0,0,4,1,1,1237,1663,-1
1292,0,27,1,3,4,1,1,1273,1782,1638
1293,0,25,1,0,4,1,1,1268,1676,1636
1296,0,33,1,1,4,1,1,1218,1706,1671
1297,0,26,0,0,4,1,1,1265,1682,-1
1298,0,24,1,0,4,1,1,1262,1704,1640
1299,0,34,1,0,4,1,1,1286,1661,1641
1300,0,28,1,1,4,1,1,1292,1734,1668
1303,0,25,0,0,4,1,1,1298,1704,-1
1304,0,35,0,0,4,1,1,1299,1661,-1
1307,0,25,1,0,4,1,1,1268,1720,1647
1309,0,33,1,1,4,1,1,1289,1694,1648
1310,0,27,1,0,4,1,1,1273,1689,1660
1311,0,28,1,0,4,1,1,1274,1673,1651
1312,0,24,0,0,4,1,1,1262,1683,-1
1313,0,34,0,0,4,1,1,1286,1685,-1
1314,0,26,0,0,4,1,1,1307,1681,-1
1316,0,26,0,0,4,1,1,1293,1676,-1
1317,0,34,1,0,4,1,1,1309,1683,1663
1318,0,27,0,0,4,1,1,1266,1675,-1
1319,0,32,0,0,4,1,1,1126,1671,-1
1320,0,29,0,0,4,1,1,1311,1673,-1
1322,0,25,1,0,4,1,1,1268,1715,1659
1323,0,33,1,0,4,1,1,1289,1704,1669
1325,0,26,0,0,4,1,1,1245,1678,-1
1326,0,28,1,1,4,1,1,1274,1724,1682
1330,0,25,1,2,4,1,1,1268,1761,1670
1331,0,35,0,0,4,1,0,1317,1683,-1
1332,0,27,0,0,4,1,1,1273,1688,-1
1334,0,34,0,0,4,1,1,1323,1696,-1
1335,0,34,1,2,4,1,1,1296,1739,1675
1339,0,35,1,3,4,1,1,1335,1778,1695
1341,0,25,0,0,4,1,1,1268,1704,-1
1342,0,33,0,0,4,1,1,1218,1719,-1
1343,0,33,1,4,4,1,1,1289,1821,1682
1344,0,29,1,0,4,1,1,1300,1746,1708
1347,0,29,1,0,4,1,1,1326,1704,1687
1348,0,26,1,1,4,1,1,1330,1717,1688
1352,0,27,1,0,4,1,1,1348,1762,1695
1353,0,28,1,1,4,1,1,1274,1738,1693
1355,0,34,1,0,4,1,1,1343,1778,1702
1356,0,26,0,0,4,1,1,1307,1715,-1
1358,0,29,1,0,4,1,0,1353,1742,1714
1359,0,28,1,1,4,1,0,1292,1760,1705
1361,0,28,0,0,4,1,1,1352,1721,-1
1362,0,36,1,0,4,1,1,1339,1738,1708
1363,0,28,1,1,4,1,1,1274,1769,1704
1364,0,24,1,2,4,1,1,1262,1845,1706
1365,0,35,1,0,4,1,1,1335,1729,1706
1366,0,35,0,0,4,1,1,1355,1747,-1
1371,0,29,1,3,4,1,0,1359,1851,1728
1373,0,25,1,2,4,1,1,1364,1825,1731
1374,0,37,0,0,4,1,1,1362,1738,-1
1375,0,34,1,1,4,1,1,1343,1759,1713
1376,0,30,0,0,4,1,1,1344,1745,-1
1377,0,28,1,2,4,1,1,1274,1878,1714
1379,0,29,1,1,4,1,1,1363,1795,1720
1380,0,24,0,0,4,1,1,1262,1751,-1
1381,0,35,0,0,4,1,1,1335,1738,-1
1382,0,30,0,0,4,1,0,1358,1742,-1
1385,0,36,1,0,4,1,1,1339,1754,1727
1387,0,34,1,0,4,1,1,1343,1747,1724
1388,0,30,1,1,4,1,1,1379,1832,1769
1391,0,26,1,4,4,1,1,1330,1821,1726
1394,0,35,0,0,4,1,1,1387,1747,-1
1395,0,29,0,0,4,1,1,1363,1769,-1
1396,0,27,1,0,4,1,1,1391,1761,1733
1397,0,28,1,0,4,1,1,1292,1761,1733
1398,0,35,1,0,4,1,1,1375,1758,1742
1399,0,28,0,0,4,1,1,1352,1762,-1
1400,0,37,0,0,4,1,1,1385,1754,-1
1403,0,34,1,0,4,1,1,1343,1894,1786
1404,0,26,1,0,4,1,1,1373,1757,1735
1406,0,29,1,0,4,1,1,1377,1803,1760
1407,0,28,0,0,4,1,1,1396,1761,-1
1409,0,36,1,1,4,1,1,1339,1828,1744
1410,0,25,1,8,4,1,1,1364,2058,1802
1414,0,28,0,0,4,1,1,1292,1782,-1
1415,0,30,1,0,4,1,0,1371,1802,1758
1417,0,26,1,0,4,1,1,1373,1774,1751
1419,0,36,0,0,4,1,1,1398,1758,-1
1420,0,37,1,0,4,1,1,1409,1788,1770
1423,0,27,1,3,4,1,1,1391,1889,1754
1424,0,36,0,0,4,1,1,1339,1778,-1
1425,0,27,0,0,4,1,1,1417,1774,-1
1429,0,28,1,1,4,1,1,1423,1816,1790
1433,0,30,0,0,4,1,1,1406,1803,-1
1434,0,27,1,0,5,1,0,1391,1797,1771
1438,0,29,1,0,4,1,1,1377,1840,1808
1439,0,30,1,2,4,1,0,1371,1878,1780
1440,0,31,1,6,4,1,1,1388,1915,1784
1442,0,38,0,0,4,1,1,1420,1788,-1
1444,0,37,0,0,4,1,1,1409,1828,-1
1448,0,27,1,0,4,1,1,1391,1810,1783
1449,0,31,1,0,4,1,0,1439,1852,1799
1451,0,32,1,0,4,1,1,1440,1817,1789
1452,0,28,0,0,4,1,1,1448,1810,-1
1454,0,33,0,0,4,1,1,1451,1817,-1
1455,0,27,0,0,4,1,1,1391,1813,-1
1456,0,31,0,0,4,1,1,1388,1816,-1
1457,0,29,1,2,4,1,1,1429,1912,1800
1458,0,34,0,0,4,1,1,1343,1816,-1
1459,0,30,1,0,4,1,0,1371,1841,1820
1461,0,35,0,0,4,1,1,1403,1821,-1
1463,0,28,1,0,4,1,1,1423,1884,1846
1464,0,30,1,0,4,1,1,1457,1841,1818
1465,0,26,0,0,4,1,1,1373,1825,-1
1466,0,26,1,0,3,1,0,1410,1836,1806
1467,0,32,0,0,4,1,0,1449,1852,-1
1468,0,32,1,1,4,1,1,1440,1853,1808
1470,0,31,1,2,4,1,0,1439,1904,1847
1471,0,27,0,0,7,1,0,1466,1829,-1
1472,0,33,1,0,4,1,1,1468,1846,1817
1473,0,25,0,0,4,1,1,1364,1845,-1
1475,0,30,0,0,4,1,1,1438,1840,-1
1476,0,26,1,5,4,1,1,1410,2053,1829
1478,0,32,0,0,4,1,1,1440,1838,-1
1479,0,29,0,0,4,1,1,1377,1845,-1
1482,0,34,0,0,4,1,1,1472,1843,-1
1485,0,30,1,0,4,1,1,1457,1853,1828
1488,0,33,0,0,4,1,1,1468,1853,-1
1489,0,30,0,0,4,1,0,1371,1845,-1
1491,0,27,1,0,4,1,1,1476,1855,1833
1492,0,31,0,0,4,1,1,1485,1853,-1
1494,0,28,0,0,4,1,1,1491,1855,-1
1495,0,26,1,2,4,1,1,1410,2011,1844
1496,0,35,0,0,4,1,1,1403,1894,-1
1499,0,27,1,0,4,1,1,1476,1930,1904
1504,0,32,1,0,4,1,1,1440,1873,1846
1505,0,27,1,0,4,1,1,1495,1920,1900
1506,0,33,0,0,4,1,1,1504,1873,-1
1508,0,29,0,0,4,1,1,1463,1884,-1
1509,0,29,0,0,4,1,1,1377,1877,-1
1510,0,32,1,0,4,1,0,1470,1899,1858
1514,0,32,1,1,4,1,1,1440,1927,1857
1515,0,26,1,1,4,1,1,1410,1892,1861
1516,0,28,1,0,4,1,1,1423,1915,1860
1520,0,31,0,0,4,1,0,1439,1876,-1
1522,0,33,1,2,4,1,1,1514,1942,1882
1523,0,27,1,0,4,1,1,1515,1895,1870
1524,0,32,1,5,4,1,0,1470,1974,1869
1525,0,29,0,0,4,1,1,1516,1915,-1
1526,0,33,0,0,4,1,0,1510,1899,-1
1527,0,28,0,0,4,1,1,1423,1889,-1
1528,0,26,1,1,4,1,1,1410,1958,1928
1529,0,33,1,0,4,1,0,1524,1895,1874
1530,0,32,1,0,4,1,1,1440,1908,1877
1531,0,34,0,0,4,1,0,1529,1895,-1
1532,0,28,0,0,4,1,1,1523,1895,-1
1538,0,34,1,0,4,1,1,1522,1933,1889
1539,0,32,1,0,4,1,1,1440,1914,1887
1540,0,30,0,0,4,1,1,1457,1912,-1
1543,0,33,1,0,4,1,0,1524,1923,1896
1544,0,33,0,0,4,1,1,1539,1914,-1
1545,0,33,0,0,4,1,1,1514,1927,-1
1549,0,35,0,0,4,1,1,1538,1933,-1
1551,0,32,0,0,4,1,1,1440,1915,-1
1553,0,34,1,1,4,1,1,1522,1956,1912
1555,0,34,0,0,4,1,0,1543,1919,-1
1557,0,28,0,0,4,1,1,1505,1920,-1
1558,0,28,0,0,4,1,1,1499,1930,-1
1559,0,27,1,0,4,1,1,1495,1958,1931
1560,0,33,1,0,4,1,0,1524,1968,1928
1562,0,27,1,0,4,1,1,1476,2008,1970
1565,0,35,1,3,4,1,1,1553,2016,1916
1570,0,36,1,0,4,1,1,1565,1975,1941
1572,0,35,0,0,4,1,1,1553,1956,-1
1576,0,27,1,0,4,1,1,1528,1977,1933
1578,0,28,0,0,4,1,1,1559,1958,-1
1579,0,34,0,0,4,1,0,1560,1962,-1
1581,0,28,0,0,4,1,0,1576,1977,-1
1582,0,33,1,5,4,1,0,1524,2031,1939
1583,0,27,0,0,4,1,1,1495,2011,-1
1584,0,26,1,0,4,1,1,1410,1991,1952
1585,0,27,0,0,4,1,1,1528,1958,-1
1586,0,33,1,0,4,1,0,1524,1973,1950
1587,0,36,1,1,4,1,1,1565,2046,1952
1588,0,27,0,0,4,1,1,1584,1982,-1
1589,0,37,1,4,4,1,1,1587,2076,1974
1590,0,34,1,0,4,1,0,1582,1989,1962
1593,0,36,0,0,4,1,1,1565,1978,-1
1594,0,26,1,0,4,1,1,1410,2014,1983
1595,0,35,0,0,4,1,0,1590,1989,-1
1597,0,34,1,0,4,1,0,1582,1992,1973
1602,0,38,1,2,4,1,1,1589,2050,1979
1603,0,27,1,1,4,1,1,1476,2044,1981
1605,0,39,1,5,4,1,1,1602,2133,2007
1606,0,34,1,0,4,1,0,1582,2005,1984
1607,0,37,0,0,4,1,1,1587,2000,-1
1609,0,36,1,1,4,1,1,1565,2052,1989
1610,0,38,1,1,4,1,1,1589,2049,1990
1611,0,28,0,0,4,1,1,1562,2008,-1
1612,0,27,1,2,4,1,1,1476,2126,2036
1613,0,28,1,1,4,1,1,1603,2077,2021
1614,0,26,0,0,4,1,1,1410,2011,-1
1615,0,37,1,1,4,1,1,1609,2104,2017
1616,0,34,1,3,4,1,0,1582,2072,1995
1619,0,27,0,0,4,1,1,1594,2014,-1
1620,0,36,0,0,4,1,1,1565,2016,-1
1621,0,38,1,2,4,1,1,1589,2069,2011
1622,0,39,1,3,4,1,1,1610,2073,2022
1623,0,34,1,0,4,1,0,1582,2045,2006
1624,0,35,1,0,4,1,0,1616,2043,2009
1627,0,39,1,0,4,1,1,1621,2050,2016
1628,0,39,1,0,4,1,1,1602,2044,2018
1631,0,40,1,1,4,1,1,1605,2068,2020
1632,0,37,0,0,4,1,1,1587,2041,-1
1633,0,36,0,0,4,1,0,1624,2043,-1
1635,0,35,1,1,4,1,0,1616,2098,2026
1636,0,38,1,0,4,1,1,1615,2075,2029
1637,0,38,1,3,4,1,1,1589,2145,2022
1638,0,40,0,0,4,1,1,1628,2044,-1
1639,0,41,1,0,4,1,1,1631,2069,2037
1640,0,40,0,0,4,1,1,1627,2044,-1
1641,0,40,1,1,4,1,1,1622,2136,2026
1642,0,29,1,1,4,1,1,1613,2087,2033
1643,0,37,0,0,4,1,1,1609,2052,-1
1644,0,39,0,0,4,1,1,1602,2044,-1
1645,0,26,1,2,4,1,1,1410,2123,2029
1646,0,39,0,0,4,1,1,1610,2049,-1
1647,0,38,0,0,4,1,1,1589,2076,-1
1648,0,39,0,0,4,1,1,1636,2057,-1
1649,0,27,1,0,4,1,1,1645,2082,2062
1650,0,39,1,0,4,1,1,1621,2081,2042
1652,0,36,1,7,4,1,0,1635,2177,2065
1653,0,35,1,0,4,1,0,1616,2058,2036
1654,0,40,1,1,4,1,1,1622,2158,2038
1655,0,28,1,0,4,1,1,1612,2062,2041
1656,0,42,0,0,4,1,1,1639,2069,-1
1657,0,41,1,1,4,1,1,1654,2179,2109
1658,0,40,1,0,4,1,1,1605,2064,2043
1659,0,29,0,0,4,1,1,1613,2072,-1
1661,0,40,0,0,4,1,1,1650,2074,-1
1662,0,41,0,0,4,1,1,1631,2067,-1
1665,0,41,0,0,4,1,1,1658,2064,-1
1667,0,40,1,0,4,1,1,1622,2100,2049
1668,0,35,0,0,4,1,0,1616,2072,-1
1671,0,41,1,1,3,1,0,1641,2099,2069
1672,0,39,0,0,4,1,1,1621,2069,-1
1677,0,28,1,0,4,1,1,1612,2094,2061
1679,0,40,1,2,4,1,1,1605,2135,2059
1680,0,38,0,0,4,1,1,1615,2104,-1
1681,0,30,1,5,4,1,1,1642,2182,2065
1684,0,41,1,0,4,1,1,1679,2103,2074
1685,0,28,0,0,4,1,1,1649,2082,-1
1687,0,29,0,0,4,1,1,1677,2094,-1
1688,0,31,1,0,4,1,1,1681,2117,2094
1689,0,37,1,0,4,1,0,1652,2086,2070
1693,0,42,1,0,3,1,0,1671,2109,2072
1696,0,41,0,0,4,1,1,1667,2100,-1
1698,0,43,0,0,3,1,0,1693,2109,-1
1699,0,36,0,0,4,1,0,1635,2095,-1
1702,0,41,0,0,4,1,1,1641,2128,-1
1704,0,37,1,0,4,1,0,1652,2107,2082
1705,0,39,1,1,4,1,1,1637,2250,2082
1707,0,42,0,0,3,1,0,1671,2099,-1
1708,0,41,1,0,4,1,1,1679,2109,2085
1711,0,40,0,0,4,1,1,1705,2121,-1
1712,0,40,1,0,4,1,1,1605,2130,2095
1713,0,42,0,0,4,1,1,1684,2103,-1
1716,0,39,1,0,4,1,1,1637,2176,2094
1717,0,37,1,0,4,1,0,1652,2119,2093
1718,0,27,1,1,4,1,1,1645,2142,2096
1719,0,38,0,0,4,1,0,1717,2119,-1
1721,0,32,0,0,4,1,1,1688,2117,-1
1722,0,41,0,0,4,1,1,1712,2130,-1
1723,0,28,1,2,4,1,1,1718,2238,2115
1725,0,37,1,0,4,1,0,1652,2133,2104
1726,0,31,1,0,4,1,1,1681,2123,2105
1728,0,40,0,0,4,1,1,1716,2176,-1
1729,0,40,1,2,4,1,1,1605,2193,2107
1731,0,27,0,0,4,1,1,1645,2123,-1
1733,0,39,1,1,4,1,1,1637,2177,2110
1734,0,38,0,0,4,1,0,1725,2133,-1
1737,0,42,1,1,4,1,1,1657,2235,2146
1738,0,40,1,0,4,1,1,1733,2143,2115
1739,0,37,1,3,4,1,0,1652,2328,2115
1740,0,31,1,1,4,1,1,1681,2164,2116
1741,0,40,0,0,4,1,1,1605,2133,-1
1742,0,38,0,0,4,1,0,1739,2137,-1
1743,0,41,0,0,4,1,1,1654,2158,-1
1744,0,29,1,0,4,1,1,1723,2154,2125
1746,0,41,0,0,4,1,1,1738,2143,-1
1747,0,32,1,0,4,1,1,1740,2169,2135
1749,0,39,0,0,4,1,1,1637,2141,-1
1750,0,31,1,6,4,1,1,1681,2326,2135
1753,0,41,1,0,4,1,1,1729,2163,2136
1754,0,30,0,0,4,1,1,1744,2146,-1
1755,0,37,1,0,4,1,0,1652,2213,2132
1758,0,40,1,0,4,1,1,1705,2201,2173
1760,0,29,1,0,4,1,1,1723,2190,2151
1763,0,38,0,0,4,1,0,1755,2213,-1
1765,0,33,0,0,4,1,1,1747,2169,-1
1767,0,42,0,0,4,1,1,1753,2163,-1
1768,0,32,1,1,4,1,1,1750,2214,2163
1769,0,37,1,2,4,1,0,1652,2227,2143
1770,0,31,1,0,4,1,1,1681,2193,2158
1771,0,41,1,2,4,1,1,1729,2273,2148
1772,0,32,0,0,4,1,1,1740,2164,-1
1776,0,40,0,0,4,1,1,1733,2177,-1
1777,0,38,1,0,4,1,0,1769,2226,2152
1779,0,43,1,5,4,1,1,1737,2312,2173
1780,0,38,1,1,4,1,0,1739,2233,2184
1781,0,42,1,0,4,1,1,1771,2222,2199
1782,0,42,0,0,4,1,1,1657,2172,-1
1783,0,39,0,0,4,1,0,1777,2226,-1
1786,0,30,0,0,4,1,1,1760,2185,-1
1787,0,29,0,0,4,1,1,1723,2238,-1
1789,0,38,1,1,4,1,0,1769,2199,2167
1790,0,41,0,0,5,1,0,1729,2193,-1
1793,0,33,1,1,4,1,1,1768,2268,2168
1795,0,39,1,1,4,1,0,1789,2203,2176
1796,0,34,1,0,4,1,1,1793,2216,2192
1797,0,44,1,0,4,1,1,1779,2219,2178
1801,0,40,1,0,4,1,0,1795,2228,2186
1802,0,45,0,0,4,1,1,1797,2219,-1
1805,0,43,0,0,4,1,1,1737,2235,-1
1806,0,33,0,0,4,1,1,1768,2214,-1
1808,0,39,1,3,4,1,0,1780,2299,2188
1809,0,41,0,0,5,1,0,1801,2213,-1
1811,0,38,1,3,4,1,0,1739,2383,2234
1815,0,34,0,0,4,1,1,1793,2268,-1
1816,0,32,1,2,4,1,1,1750,2287,2224
1817,0,40,0,0,4,1,1,1705,2244,-1
1819,0,43,0,0,4,1,1,1781,2222,-1
1822,0,38,0,0,4,1,0,1769,2227,-1
1823,0,42,1,1,4,1,1,1771,2286,2228
1824,0,40,1,0,4,1,0,1808,2249,2215
1825,0,39,0,0,4,1,0,1780,2233,-1
1826,0,44,1,0,4,1,1,1779,2271,2230
1831,0,41,0,0,4,1,0,1824,2239,-1
1839,0,43,1,2,4,1,1,1823,2369,2248
1840,0,32,1,1,4,1,1,1750,2333,2237
1842,0,39,1,0,4,1,0,1811,2305,2276
1843,0,44,1,1,4,1,1,1779,2338,2241
1846,0,38,1,0,4,1,0,1739,2285,2255
1847,0,45,0,0,4,1,1,1843,2269,-1
1848,0,32,1,1,4,1,1,1750,2310,2255
1850,0,33,1,1,4,1,1,1816,2285,2250
1851,0,45,0,0,4,1,1,1826,2269,-1
1852,0,44,1,2,4,1,1,1779,2384,2252
1853,0,42,0,0,4,1,1,1771,2273,-1
1857,0,34,1,0,4,1,1,1850,2289,2262
1858,0,33,1,0,4,1,1,1840,2312,2290
1859,0,40,1,2,4,1,0,1808,2327,2258
1860,0,45,1,0,4,1,1,1852,2295,2274
1861,0,33,1,0,4,1,1,1848,2294,2274
1862,0,33,1,5,4,1,1,1816,2393,2261
1863,0,39,0,0,4,1,0,1846,2285,-1
1864,0,38,0,0,4,1,0,1739,2280,-1
1865,0,34,1,0,4,1,1,1862,2310,2292
1866,0,32,1,0,4,1,1,1750,2306,2278
1867,0,40,1,0,4,1,0,1808,2291,2269
1868,0,41,1,0,4,1,0,1859,2297,2272
1869,0,44,1,1,4,1,1,1839,2336,2306
1870,0,33,0,0,4,1,1,1816,2287,-1
1872,0,41,0,0,4,1,0,1867,2291,-1
1873,0,45,1,0,4,1,1,1843,2392,2311
1876,0,42,0,0,4,1,0,1868,2297,-1
1878,0,46,0,0,4,1,1,1860,2295,-1
1879,0,40,0,0,4,1,0,1808,2299,-1
1880,0,44,1,0,4,1,1,1779,2311,2286
1881,0,40,0,0,4,1,0,1842,2305,-1
1882,0,33,0,0,4,1,1,1866,2306,-1
1883,0,41,1,1,4,1,0,1859,2334,2282
1884,0,39,1,0,4,1,0,1811,2343,2311
1885,0,42,1,0,5,1,0,1883,2323,2297
1886,0,32,1,1,4,1,1,1750,2357,2289
1887,0,38,0,0,4,1,0,1739,2318,-1
1891,0,45,0,0,4,1,1,1880,2311,-1
1893,0,41,0,0,4,1,0,1859,2327,-1
1895,0,33,1,4,4,1,1,1886,2400,2294
1896,0,34,0,0,4,1,1,1858,2312,-1
1898,0,44,0,0,4,1,1,1779,2312,-1
1900,0,34,1,3,4,1,1,1895,2366,2301
1902,0,33,0,0,4,1,1,1840,2333,-1
1903,0,43,0,0,5,1,0,1885,2323,-1
1905,0,34,1,0,4,1,1,1862,2374,2331
1907,0,33,0,0,4,1,1,1886,2339,-1
1908,0,35,1,2,4,1,1,1900,2421,2318
1909,0,42,0,0,4,1,0,1883,2333,-1
1913,0,45,1,0,4,1,1,1869,2337,2311
1917,0,46,0,0,4,1,1,1873,2392,-1
1919,0,44,1,1,4,1,1,1839,2373,2317
1921,0,46,0,0,4,1,1,1913,2337,-1
1922,0,40,0,0,4,1,0,1884,2343,-1
1923,0,45,0,0,4,1,1,1843,2338,-1
1924,0,45,0,0,4,1,1,1869,2336,-1
1925,0,39,1,1,4,1,0,1811,2398,2347
1926,0,36,1,1,4,1,1,1908,2430,2363
1928,0,44,0,0,4,1,1,1839,2341,-1
1929,0,35,1,0,4,1,1,1900,2356,2329
1932,0,34,1,0,4,1,1,1895,2448,2332
1934,0,45,1,8,4,1,1,1919,2610,2340
1938,0,35,1,0,4,1,1,1900,2359,2340
1939,0,35,0,0,4,1,1,1932,2370,-1
1942,0,34,1,0,4,1,1,1862,2385,2342
1945,0,34,1,0,4,1,1,1895,2398,2352
1946,0,36,0,0,4,1,1,1938,2359,-1
1947,0,35,0,0,4,1,1,1905,2369,-1
1948,0,35,0,0,4,1,1,1942,2366,-1
1950,0,44,0,0,4,1,1,1839,2369,-1
1951,0,45,0,0,4,1,1,1919,2369,-1
1952,0,40,1,2,4,1,0,1925,2417,2352
1953,0,34,1,7,4,1,1,1862,2533,2357
1954,0,46,1,0,4,1,1,1934,2401,2370
1955,0,45,1,1,4,1,1,1852,2441,2355
1956,0,35,0,0,4,1,1,1945,2398,-1
1957,0,41,1,0,4,1,0,1952,2400,2373
1958,0,39,0,0,4,1,0,1811,2383,-1
1960,0,35,1,0,4,1,1,1953,2414,2370
1961,0,34,1,5,4,1,1,1895,2519,2379
1963,0,45,0,0,4,1,1,1852,2384,-1
1964,0,34,1,0,4,1,1,1862,2401,2368
1966,0,46,1,3,4,1,1,1955,2470,2373
1969,0,37,1,3,4,1,1,1926,2466,2392
1970,0,36,1,0,4,1,1,1908,2396,2374
1971,0,47,0,0,4,1,1,1954,2401,-1
1972,0,40,0,0,4,1,0,1925,2396,-1
1975,0,42,0,0,4,1,0,1957,2400,-1
1977,0,37,0,0,4,1,1,1970,2396,-1
1978,0,34,0,0,4,1,1,1862,2393,-1
1979,0,35,1,0,4,1,1,1953,2414,2381
1980,0,46,1,0,4,1,1,1934,2415,2381
1981,0,47,1,0,4,1,1,1966,2418,2396
1982,0,36,0,0,4,1,1,1960,2414,-1
1983,0,41,1,0,4,1,0,1952,2413,2384
1984,0,36,0,0,4,1,1,1908,2421,-1
1985,0,47,0,0,4,1,1,1980,2415,-1
1986,0,42,0,0,4,1,0,1983,2405,-1
1989,0,46,1,0,4,1,1,1934,2426,2404
1990,0,36,0,0,4,1,1,1979,2414,-1
1991,0,41,0,0,4,1,0,1952,2417,-1
1993,0,38,1,3,4,1,1,1969,2530,2399
1996,0,48,0,0,4,1,1,1981,2418,-1
1997,0,35,1,0,4,1,1,1953,2482,2423
1998,0,35,1,0,4,1,1,1961,2422,2404
2000,0,37,0,0,5,1,0,1926,2426,-1
2005,0,39,1,1,4,1,1,1993,2524,2452
2009,0,47,0,0,4,1,1,1989,2426,-1
2010,0,47,1,0,4,1,1,1966,2433,2412
2011,0,48,0,0,4,1,1,2010,2433,-1
2012,0,35,1,0,4,1,1,1961,2494,2440
2014,0,35,0,0,4,1,1,1932,2442,-1
2019,0,47,1,1,4,1,1,1966,2534,2430
2023,0,46,0,0,4,1,1,1955,2441,-1
2024,0,38,1,0,4,1,1,1969,2456,2430
2025,0,36,0,0,4,1,1,1997,2450,-1
2027,0,35,1,4,4,1,1,1953,2635,2434
2029,0,48,1,2,4,1,1,2019,2540,2498
2031,0,47,0,0,4,1,1,1966,2470,-1
2032,0,38,1,0,4,1,1,1969,2487,2441
2033,0,35,1,0,4,1,0,1953,2480,2444
2035,0,36,0,0,4,1,1,2012,2476,-1
2036,0,46,1,1,4,1,1,1934,2501,2450
2037,0,35,1,3,4,1,1,1961,2557,2451
2038,0,47,1,1,4,1,1,2036,2519,2455
2039,0,35,1,0,4,1,1,1953,2497,2472
2040,0,40,1,0,4,1,1,2005,2476,2457
2041,0,39,0,0,4,1,1,2032,2487,-1
2042,0,48,1,1,4,1,1,2038,2545,2459
2043,0,46,1,1,4,1,1,1934,2580,2499
2044,0,36,1,0,4,1,1,2037,2494,2461
2046,0,35,1,0,4,1,1,1961,2506,2462
2047,0,39,1,2,4,1,1,1993,2599,2494
2048,0,36,0,0,4,1,1,1997,2482,-1
2049,0,47,0,0,4,1,1,2036,2501,-1
2050,0,36,1,0,4,1,1,2027,2492,2470
2051,0,48,0,0,4,1,1,2038,2519,-1
2053,0,36,1,0,4,1,1,2037,2494,2472
2054,0,49,1,2,4,1,1,2042,2636,2508
2056,0,37,0,0,4,1,1,2050,2492,-1
2057,0,40,0,0,4,1,1,2005,2524,-1
2058,0,36,0,0,4,1,1,2039,2495,-1
2059,0,37,0,0,4,1,1,2053,2494,-1
2060,0,35,1,0,4,1,1,1961,2510,2482
2062,0,36,0,0,4,1,1,2037,2512,-1
2063,0,36,0,0,4,1,1,2046,2506,-1
2065,0,36,0,0,4,1,1,2060,2510,-1
2067,0,35,0,0,4,1,1,1961,2509,-1
2074,0,35,1,0,3,1,0,1953,2535,2502
2075,0,49,1,1,4,1,1,2029,2546,2503
2076,0,47,1,1,4,1,1,2043,2544,2504
2077,0,39,1,0,4,1,1,1993,2523,2505
2078,0,36,1,1,4,1,1,2027,2599,2529
2079,0,36,0,0,3,1,0,2074,2535,-1
2080,0,50,1,1,4,1,1,2075,2575,2522
2081,0,48,1,0,4,1,1,2076,2547,2515
2082,0,40,1,0,4,1,1,2047,2561,2522
2083,0,46,1,0,4,1,1,1934,2590,2557
2084,0,40,0,0,4,1,1,2077,2523,-1
2086,0,35,0,0,4,1,1,1953,2533,-1
2087,0,49,1,0,4,1,1,2029,2538,2513
2089,0,48,0,0,4,1,1,2019,2534,-1
2090,0,50,1,1,4,1,1,2054,2602,2544
2091,0,50,0,0,4,1,1,2087,2538,-1
2092,0,49,0,0,4,1,1,2042,2535,-1
2095,0,49,0,0,4,1,1,2029,2540,-1
2096,0,49,0,0,4,1,1,2081,2547,-1
2097,0,41,0,0,4,1,1,2082,2561,-1
2099,0,36,1,0,4,1,1,2037,2556,2531
2100,0,51,1,1,4,1,1,2080,2599,2541
2101,0,40,1,4,4,1,1,2047,2652,2533
2102,0,37,1,0,4,1,1,2078,2560,2538
2104,0,37,0,0,4,1,1,2099,2554,-1
2106,0,41,1,0,4,1,1,2101,2590,2538
2109,0,47,0,0,4,1,1,2043,2567,-1
2110,0,36,1,1,4,1,1,2027,2596,2562
2112,0,36,0,0,4,1,1,2037,2557,-1
2113,0,40,0,0,4,1,1,2047,2599,-1
2115,0,52,1,2,4,1,1,2100,2633,2568
2117,0,51,1,1,4,1,1,2090,2602,2548
2118,0,41,1,1,4,1,1,2101,2618,2573
2120,0,37,0,0,4,1,1,2078,2599,-1
2121,0,42,0,0,4,1,1,2106,2590,-1
2123,0,51,0,0,4,1,1,2080,2575,-1
2125,0,52,1,0,4,1,1,2117,2609,2571
2126,0,50,1,0,4,1,1,2054,2584,2562
2127,0,51,0,0,4,1,1,2090,2602,-1
2132,0,37,1,1,4,1,1,2110,2641,2575
2133,0,46,1,0,4,1,1,1934,2615,2567
2134,0,50,0,0,4,1,1,2054,2588,-1
2135,0,53,1,0,4,1,1,2115,2596,2575
2136,0,36,1,0,4,1,1,2027,2602,2575
2137,0,53,0,0,4,1,1,2125,2603,-1
2138,0,46,1,1,4,1,1,1934,2654,2578
2139,0,52,0,0,4,1,1,2100,2598,-1
2142,0,37,0,0,4,1,1,2136,2602,-1
2143,0,54,0,0,4,1,1,2135,2596,-1
2144,0,41,1,0,4,1,1,2101,2621,2584
2146,0,42,1,4,4,1,1,2118,2755,2585
2147,0,47,1,0,4,1,1,2138,2623,2597
2149,0,46,0,0,4,1,1,1934,2610,-1
2150,0,43,1,0,4,1,1,2146,2657,2617
2151,0,47,0,0,4,1,1,2133,2615,-1
2154,0,41,1,0,4,1,1,2101,2642,2618
2155,0,42,0,0,3,1,0,2118,2618,-1
2156,0,53,1,3,4,1,1,2115,2703,2601
2157,0,38,1,3,4,1,1,2132,2715,2597
2158,0,36,0,0,4,1,1,2027,2635,-1
2162,0,39,1,2,4,1,1,2157,2714,2612
2166,0,50,0,0,4,1,1,2054,2635,-1
2167,0,48,0,0,4,1,1,2147,2623,-1
2172,0,54,1,0,4,1,1,2156,2637,2607
2173,0,47,0,0,4,1,1,2138,2654,-1
2174,0,38,0,0,4,1,1,2132,2641,-1
2175,0,53,0,0,4,1,1,2115,2633,-1
2176,0,55,0,0,4,1,1,2172,2637,-1
2180,0,54,1,0,4,1,1,2156,2675,2632
2181,0,44,0,0,4,1,1,2150,2657,-1
2184,0,39,0,0,4,1,1,2157,2638,-1
2188,0,40,0,0,4,1,1,2162,2651,-1
2189,0,41,0,0,4,1,1,2101,2652,-1
2191,0,43,1,3,4,1,1,2146,2729,2663
2196,0,54,1,1,4,1,1,2156,2671,2643
2200,0,55,0,0,4,1,1,2180,2671,-1
2201,0,55,1,1,4,1,1,2196,2749,2650
2202,0,54,0,0,4,1,1,2156,2703,-1
2205,0,39,1,3,4,1,1,2157,2814,2662
2206,0,56,1,0,4,1,1,2201,2699,2665
2207,0,57,0,0,4,1,1,2206,2699,-1
2208,0,40,1,0,4,1,1,2162,2710,2674
2209,0,39,1,3,4,1,1,2157,2762,2673
2210,0,43,1,0,4,1,1,2146,2694,2673
2211,0,44,1,1,4,1,1,2191,2831,2674
2213,0,56,0,0,4,1,1,2201,2749,-1
2214,0,40,0,0,4,1,1,2205,2706,-1
2215,0,40,1,0,4,1,1,2209,2737,2696
2216,0,41,0,0,4,1,1,2208,2710,-1
2218,0,39,0,0,4,1,1,2157,2709,-1
2219,0,43,1,0,4,1,1,2146,2726,2688
2220,0,40,1,0,4,1,1,2162,2732,2687
2221,0,44,1,0,4,1,1,2191,2728,2685
2222,0,44,0,0,4,1,1,2219,2709,-1
2223,0,41,0,0,4,1,1,2220,2711,-1
2224,0,44,1,2,4,1,1,2191,2782,2696
2225,0,40,0,0,4,1,1,2162,2714,-1
2227,0,41,0,0,4,1,1,2215,2736,-1
2228,0,45,1,1,4,1,1,2224,2777,2713
2231,0,44,0,0,4,1,1,2191,2728,-1
2233,0,40,1,2,4,1,1,2205,2817,2711
2238,0,41,1,0,4,1,1,2233,2800,2745
2239,0,46,1,3,4,1,1,2228,2807,2727
2240,0,45,1,0,4,1,1,2211,2756,2727
2241,0,40,1,1,5,1,0,2205,2801,2723
2242,0,45,1,1,4,1,1,2224,2800,2746
2243,0,41,1,1,5,1,0,2241,2806,2770
2244,0,40,1,0,4,1,1,2209,2760,2729
2247,0,47,1,0,4,1,1,2239,2799,2760
2249,0,46,0,0,4,1,1,2240,2756,-1
2252,0,40,1,1,4,1,1,2205,2821,2773
2254,0,40,1,0,4,1,1,2209,2780,2741
2256,0,45,0,0,4,1,1,2211,2831,-1
2257,0,42,0,0,4,1,1,2238,2795,-1
2258,0,46,1,2,4,1,1,2242,2859,2771
2259,0,41,0,0,4,1,1,2254,2780,-1
2261,0,46,0,0,4,1,1,2228,2777,-1
2262,0,41,1,2,4,1,1,2233,2850,2767
2263,0,45,0,0,4,1,1,2224,2772,-1
2267,0,48,0,0,4,1,1,2247,2799,-1
2270,0,47,1,0,4,1,1,2239,2810,2771
2271,0,42,1,2,5,1,0,2243,2849,2776
2272,0,42,1,0,4,1,1,2262,2818,2795
2273,0,41,0,0,4,1,1,2233,2810,-1
2274,0,47,1,5,4,1,1,2258,2885,2781
2275,0,41,1,5,4,1,1,2252,2889,2789
2276,0,43,1,0,5,1,0,2271,2835,2789
2277,0,41,0,0,5,1,0,2241,2801,-1
2279,0,46,0,0,4,1,1,2242,2800,-1
2280,0,47,1,2,4,1,1,2239,2878,2782
2283,0,48,1,0,4,1,1,2274,2867,2797
2284,0,47,1,2,4,1,1,2258,2842,2792
2285,0,48,1,2,4,1,1,2280,2838,2793
2286,0,40,0,0,4,1,1,2205,2814,-1
2287,0,42,1,0,4,1,1,2275,2824,2798
2288,0,49,1,0,4,1,1,2285,2812,2797
2289,0,50,0,0,4,1,1,2288,2812,-1
2296,0,48,1,2,4,1,1,2284,2874,2806
2297,0,43,1,1,5,1,0,2271,2876,2809
2299,0,48,1,0,4,1,1,2274,2837,2817
2300,0,49,1,0,4,1,1,2285,2848,2808
2301,0,42,1,1,4,1,1,2275,2905,2809
2302,0,44,0,0,5,1,0,2276,2835,-1
2304,0,42,1,1,4,1,1,2262,2848,2812
2305,0,50,0,0,4,1,1,2300,2848,-1
2306,0,43,1,0,4,1,1,2301,2850,2822
2307,0,44,1,1,5,1,0,2297,2931,2839
2311,0,43,1,2,4,1,1,2304,2892,2821
2312,0,48,1,0,4,1,1,2284,2839,2817
2313,0,47,0,0,4,1,1,2258,2859,-1
2315,0,49,0,0,4,1,1,2285,2838,-1
2316,0,42,1,0,4,1,1,2275,2859,2828
2317,0,48,1,2,4,1,1,2280,2891,2825
2319,0,49,0,0,4,1,1,2312,2839,-1
2320,0,49,0,0,4,1,1,2299,2837,-1
2322,0,42,0,0,4,1,1,2262,2850,-1
2323,0,49,1,0,4,1,1,2296,2870,2828
2324,0,44,1,1,4,1,1,2311,2884,2832
2327,0,44,0,0,4,1,1,2306,2850,-1
2328,0,48,1,0,4,1,1,2274,2886,2827
2331,0,49,1,0,4,1,1,2317,2851,2830
2332,0,49,0,0,4,1,1,2328,2886,-1
2333,0,50,0,0,4,1,1,2323,2863,-1
2334,0,43,0,0,4,1,1,2316,2859,-1
2335,0,43,0,0,4,1,1,2301,2905,-1
2337,0,48,0,0,3,1,0,2280,2878,-1
2338,0,48,1,0,4,1,1,2274,2865,2845
2341,0,45,1,0,4,1,1,2324,2905,2858
2342,0,49,1,3,4,1,1,2296,2934,2839
2343,0,49,1,0,4,1,1,2317,2882,2859
2346,0,44,1,2,4,1,1,2311,2978,2866
2347,0,45,1,0,5,1,0,2307,2929,2872
2349,0,49,0,0,4,1,1,2283,2867,-1
2351,0,50,1,0,4,1,1,2342,2890,2863
2352,0,42,1,4,4,1,1,2275,2992,2856
2353,0,49,0,0,4,1,1,2296,2874,-1
2354,0,44,0,0,5,1,0,2297,2876,-1
2359,0,48,1,3,4,1,1,2274,2949,2856
2360,0,43,0,0,4,1,1,2352,2905,-1
2361,0,49,1,2,4,1,1,2359,3087,2888
2363,0,50,0,0,4,1,1,2343,2882,-1
2365,0,42,1,0,4,1,1,2275,2893,2871
2366,0,48,0,0,4,1,1,2274,2885,-1
2367,0,51,0,0,4,1,1,2351,2887,-1
2368,0,49,0,0,4,1,1,2317,2891,-1
2370,0,50,1,0,4,1,1,2342,2901,2875
2372,0,45,1,6,4,1,1,2346,3031,2893
2373,0,43,0,0,4,1,1,2365,2893,-1
2376,0,51,0,0,4,1,1,2370,2901,-1
2377,0,46,0,0,5,1,0,2347,2929,-1
2380,0,46,0,0,4,1,1,2341,2905,-1
2385,0,50,1,3,4,1,1,2342,3008,2896
2393,0,46,1,6,4,1,1,2372,3011,2898
2394,0,49,1,0,4,1,1,2359,2920,2899
2395,0,51,1,0,4,1,1,2385,2920,2901
2396,0,47,1,0,4,1,1,2393,2946,2916
2397,0,45,1,0,4,1,1,2346,2925,2908
2398,0,50,0,0,4,1,1,2394,2920,-1
2399,0,52,0,0,4,1,1,2395,2920,-1
2402,0,50,0,0,4,1,1,2342,2934,-1
2403,0,50,0,0,4,1,1,2361,2952,-1
2404,0,46,1,0,4,1,1,2372,2935,2908
2406,0,45,0,0,5,1,0,2307,2931,-1
2409,0,49,1,3,4,1,1,2359,2974,2910
2410,0,47,0,0,4,1,1,2404,2935,-1
2411,0,50,1,0,4,1,1,2409,2968,2916
2412,0,51,1,1,4,1,1,2385,3030,2928
2413,0,46,1,0,4,1,1,2372,2983,2925
2414,0,49,0,0,4,1,1,2359,2935,-1
2415,0,48,0,0,4,1,1,2396,2946,-1
2416,0,51,0,0,4,1,1,2411,2951,-1
2417,0,45,0,0,4,1,1,2346,2977,-1
2421,0,50,1,0,4,1,1,2409,2971,2927
2423,0,47,0,0,4,1,1,2413,2960,-1
2424,0,47,1,0,4,1,1,2393,2960,2931
2425,0,43,1,0,4,1,1,2352,2966,2933
2426,0,52,1,0,4,1,1,2412,2952,2933
2428,0,46,1,2,4,1,1,2372,3017,2941
2429,0,50,1,2,4,1,1,2409,3047,2938
2432,0,51,1,0,4,1,1,2385,2959,2939
2434,0,47,1,1,4,1,1,2393,3024,2942
2435,0,52,0,0,4,1,1,2412,3030,-1
2436,0,52,0,0,4,1,1,2432,2959,-1
2437,0,43,1,0,4,1,1,2352,2976,2944
2438,0,51,0,0,4,1,1,2421,2971,-1
2439,0,48,1,0,4,1,1,2434,3041,3005
2440,0,51,1,4,4,1,1,2429,3087,2950
2441,0,44,0,0,4,1,1,2437,2976,-1
2444,0,46,1,0,4,1,1,2372,2999,2992
2445,0,47,1,2,4,1,1,2428,3114,2963
2446,0,47,1,0,4,1,1,2393,2971,2953
2448,0,43,1,3,4,1,1,2352,3033,2957
2451,0,52,1,0,4,1,1,2440,3079,3016
2452,0,51,1,6,4,1,1,2429,3145,2965
2455,0,47,1,0,4,1,1,2393,3011,2964
2457,0,51,0,0,4,1,1,2385,3008,-1
2458,0,43,1,0,4,1,1,2352,2993,2972
2460,0,44,1,0,4,1,1,2448,3009,2982
2462,0,50,1,0,4,1,1,2361,3013,2984
2463,0,47,1,0,4,1,1,2428,3010,2974
2464,0,47,1,2,4,1,1,2393,3075,2975
2465,0,48,1,1,4,1,1,2445,3049,2976
2468,0,51,0,0,4,1,1,2429,2998,-1
2470,0,48,0,0,4,1,1,2463,3010,-1
2471,0,48,1,0,4,1,1,2464,3092,3037
2474,0,49,1,1,4,1,1,2465,3042,3006
2476,0,47,0,0,4,1,1,2428,3000,-1
2477,0,51,0,0,4,1,1,2462,3009,-1
2478,0,44,1,2,4,1,1,2448,3082,2993
2479,0,50,1,0,4,1,1,2361,3032,2995
2480,0,52,1,0,4,1,1,2452,3048,2996
2483,0,47,0,0,4,1,1,2393,3011,-1
2484,0,51,0,0,4,1,1,2479,3025,-1
2485,0,46,1,0,4,1,1,2372,3058,3003
2488,0,44,1,0,4,1,1,2448,3027,3008
2489,0,53,0,0,4,1,1,2480,3048,-1
2490,0,50,0,0,4,1,1,2361,3021,-1
2491,0,48,0,0,4,1,1,2445,3025,-1
2492,0,52,1,0,4,1,1,2452,3036,3007
2493,0,47,0,0,4,1,1,2485,3058,-1
2494,0,49,0,0,4,1,1,2439,3033,-1
2495,0,50,1,1,4,1,1,2474,3075,3016
2497,0,53,0,0,4,1,1,2492,3036,-1
2498,0,46,0,0,4,1,1,2372,3031,-1
2499,0,45,0,0,4,1,1,2488,3027,-1
2507,0,49,0,0,4,1,1,2465,3049,-1
2508,0,44,0,0,4,1,1,2448,3033,-1
2509,0,45,1,2,4,1,1,2478,3089,3021
2510,0,53,0,0,4,1,1,2451,3079,-1
2511,0,52,0,0,7,1,0,2452,3040,-1
2512,0,52,1,1,4,1,1,2440,3136,3027
2513,0,46,1,0,4,1,1,2509,3067,3033
2517,0,50,0,0,4,1,1,2474,3042,-1
2518,0,45,1,0,4,1,1,2478,3058,3032
2521,0,51,1,1,4,1,1,2495,3174,3044
2528,0,52,1,0,4,1,1,2440,3063,3038
2530,0,53,0,0,4,1,1,2512,3063,-1
2531,0,46,1,1,4,1,1,2509,3117,3058
2534,0,48,1,0,4,1,1,2445,3096,3072
2536,0,48,1,3,4,1,1,2464,3113,3048
2537,0,50,0,0,4,1,1,2361,3087,-1
2538,0,52,1,7,4,1,1,2521,3264,3085
2539,0,52,1,2,4,1,1,2440,3116,3049
2543,0,53,1,5,4,1,1,2539,3228,3060
2544,0,51,0,0,4,1,1,2495,3075,-1
2545,0,52,1,0,4,1,1,2452,3085,3058
2546,0,48,0,0,4,1,1,2464,3075,-1
2547,0,52,0,0,4,1,1,2440,3084,-1
2549,0,47,1,0,4,1,1,2531,3094,3063
2550,0,53,0,0,4,1,1,2545,3085,-1
2553,0,54,1,0,4,1,1,2543,3095,3065
2554,0,49,1,0,4,1,1,2536,3092,3067
2556,0,46,0,0,4,1,1,2509,3085,-1
2557,0,52,1,0,4,1,1,2452,3093,3069
2558,0,53,1,1,4,1,1,2539,3177,3084
2559,0,50,0,0,4,1,1,2554,3092,-1
2561,0,47,0,0,4,1,1,2531,3117,-1
2562,0,48,0,0,4,1,1,2549,3094,-1
2563,0,49,0,0,4,1,1,2471,3092,-1
2564,0,53,1,0,4,1,1,2512,3175,3085
2565,0,49,0,0,4,1,1,2534,3096,-1
2566,0,49,1,1,4,1,1,2536,3137,3081
2568,0,52,1,0,4,1,1,2452,3114,3084
2570,0,48,0,0,4,1,1,2445,3114,-1
2572,0,50,1,0,4,1,1,2566,3141,3120
2573,0,53,0,0,4,1,1,2568,3106,-1
2574,0,54,1,4,4,1,1,2558,3268,3120
2576,0,54,0,0,4,1,1,2564,3175,-1
2579,0,49,1,1,4,1,1,2536,3131,3096
2581,0,52,1,3,4,1,1,2452,3195,3117
2582,0,53,0,0,4,1,1,2539,3113,-1
2583,0,53,0,0,4,1,1,2512,3136,-1
2587,0,52,0,0,4,1,1,2521,3129,-1
2590,0,50,1,0,4,1,1,2579,3160,3101
2591,0,54,1,0,4,1,1,2543,3148,3102
2592,0,53,1,0,4,1,1,2538,3144,3105
2593,0,51,0,0,4,1,1,2590,3160,-1
2594,0,55,0,0,4,1,1,2591,3148,-1
2595,0,54,0,0,4,1,1,2592,3131,-1
2596,0,54,0,0,4,1,1,2543,3134,-1
2598,0,53,0,0,4,1,1,2538,3135,-1
2603,0,53,1,1,4,1,1,2581,3176,3123
2604,0,55,1,0,4,1,1,2574,3157,3126
2605,0,52,0,0,4,1,1,2452,3144,-1
2606,0,54,1,0,4,1,1,2603,3149,3128
2607,0,56,0,0,4,1,1,2604,3155,-1
2608,0,54,0,0,4,1,1,2558,3157,-1
2609,0,55,0,0,4,1,1,2606,3149,-1
2613,0,53,1,1,4,1,1,2581,3209,3155
2614,0,52,0,0,4,1,1,2521,3164,-1
2616,0,53,1,1,4,1,1,2538,3228,3142
2619,0,54,0,0,4,1,1,2603,3176,-1
2621,0,55,1,1,4,1,1,2574,3207,3157
2625,0,54,1,0,4,1,1,2543,3205,3153
2626,0,53,1,0,4,1,1,2538,3176,3154
2628,0,55,0,0,4,1,1,2625,3174,-1
2629,0,54,1,0,4,1,1,2613,3184,3161
2631,0,56,1,0,4,1,1,2621,3193,3166
2632,0,54,1,5,4,1,1,2616,3332,3195
2634,0,53,1,0,4,1,1,2538,3189,3165
2635,0,55,0,0,4,1,1,2629,3184,-1
2636,0,53,1,1,4,1,1,2581,3223,3166
2637,0,55,1,3,4,1,1,2574,3262,3189
2638,0,54,0,0,4,1,1,2634,3189,-1
2639,0,57,0,0,4,1,1,2631,3193,-1
2640,0,54,1,5,4,1,1,2636,3361,3183
2641,0,53,0,0,4,1,1,2581,3195,-1
2642,0,54,1,0,4,1,1,2543,3200,3179
2644,0,55,0,0,4,1,1,2625,3201,-1
2648,0,55,0,0,4,1,1,2642,3200,-1
2649,0,55,1,0,4,1,1,2640,3250,3221
2653,0,56,1,2,4,1,1,2637,3288,3198
2654,0,54,1,0,4,1,1,2543,3227,3202
2656,0,55,1,0,4,1,1,2574,3220,3199
2657,0,55,1,1,4,1,1,2632,3258,3200
2658,0,57,1,0,4,1,1,2653,3228,3213
2659,0,53,1,1,4,1,1,2538,3243,3204
2660,0,56,1,1,4,1,1,2657,3264,3214
2662,0,54,0,0,4,1,1,2636,3223,-1
2663,0,54,0,0,4,1,1,2616,3228,-1
2664,0,56,0,0,4,1,1,2656,3220,-1
2665,0,55,0,0,4,1,1,2654,3227,-1
2666,0,54,1,0,4,1,1,2659,3280,3209
2668,0,55,1,1,4,1,1,2632,3271,3219
2670,0,54,0,0,4,1,1,2543,3228,-1
2672,0,53,1,0,4,1,1,2538,3251,3215
2673,0,56,1,0,4,1,1,2637,3248,3220
2674,0,54,0,0,4,1,1,2659,3242,-1
2675,0,54,0,0,5,1,0,2672,3251,-1
2676,0,57,1,0,4,1,1,2660,3257,3237
2677,0,57,1,0,5,1,0,2653,3249,3225
2678,0,56,1,0,4,1,1,2668,3252,3224
2680,0,56,0,0,4,1,1,2657,3246,-1
2681,0,56,0,0,4,1,1,2649,3250,-1
2682,0,55,1,0,4,1,1,2632,3288,3235
2683,0,58,0,0,5,1,0,2677,3249,-1
2684,0,56,1,3,4,1,1,2637,3342,3231
2687,0,55,1,1,4,1,1,2640,3282,3231
2692,0,56,0,0,4,1,1,2668,3250,-1
2693,0,56,1,2,4,1,1,2687,3304,3242
2694,0,57,1,10,4,1,1,2684,3532,3287
2695,0,53,1,0,4,1,1,2538,3267,3243
2696,0,56,0,0,4,1,1,2637,3262,-1
2697,0,55,0,0,4,1,1,2640,3257,-1
2698,0,57,0,0,4,1,1,2653,3288,-1
2699,0,56,0,0,4,1,1,2682,3276,-1
2700,0,55,1,6,4,1,1,2632,3383,3258
2703,0,57,0,0,4,1,1,2660,3264,-1
2704,0,57,1,0,4,1,1,2693,3303,3258
2705,0,55,0,0,4,1,1,2574,3268,-1
2706,0,55,0,0,4,1,1,2666,3280,-1
2708,0,56,0,0,5,1,0,2687,3282,-1
2712,0,55,1,0,4,1,1,2640,3368,3314
2713,0,58,0,0,4,1,1,2704,3280,-1
2715,0,56,1,0,4,1,1,2700,3298,3277
2717,0,57,1,2,4,1,1,2693,3437,3270
2718,0,55,1,9,4,1,1,2632,3535,3288
2722,0,58,1,1,4,1,1,2717,3347,3290
2724,0,57,0,0,4,1,1,2715,3298,-1
2727,0,58,0,0,4,1,1,2704,3303,-1
2729,0,56,1,0,4,1,1,2700,3341,3291
2730,0,58,1,1,4,1,1,2694,3406,3304
2733,0,56,1,1,4,1,1,2718,3362,3312
2734,0,57,0,0,4,1,1,2729,3341,-1
2735,0,57,1,0,4,1,1,2684,3338,3298
2736,0,59,1,2,4,1,1,2722,3412,3312
2737,0,58,1,1,4,1,1,2717,3449,3395
2738,0,56,1,0,4,1,1,2700,3329,3302
2740,0,57,0,0,9,1,0,2738,3329,-1
2743,0,57,1,1,4,1,1,2684,3373,3309
2744,0,56,1,1,4,1,1,2700,3408,3313
2745,0,58,1,2,4,1,1,2694,3400,3362
2746,0,57,1,2,4,1,1,2744,3405,3360
2747,0,59,1,0,4,1,1,2730,3351,3321
2748,0,59,0,0,4,1,1,2722,3347,-1
2749,0,56,1,0,4,1,1,2700,3364,3324
2750,0,55,1,0,4,1,1,2640,3355,3325
2751,0,57,1,1,4,1,1,2733,3358,3327
2752,0,60,0,0,4,1,1,2747,3351,-1
2753,0,60,1,1,4,1,1,2736,3374,3341
2754,0,57,0,0,4,1,1,2684,3342,-1
2755,0,56,0,0,4,1,1,2750,3355,-1
2756,0,59,0,0,4,1,1,2730,3406,-1
2757,0,58,1,0,4,1,1,2751,3389,3332
2759,0,56,1,3,4,1,1,2700,3478,3334
2760,0,55,1,0,4,1,1,2640,3355,3336
2761,0,59,0,0,4,1,1,2757,3363,-1
2763,0,57,0,0,4,1,1,2733,3354,-1
2764,0,57,1,0,4,1,1,2759,3358,3340
2765,0,58,1,1,4,1,1,2743,3403,3345
2766,0,56,0,0,4,1,1,2760,3355,-1
2768,0,58,0,0,4,1,1,2751,3358,-1
2769,0,56,0,0,4,1,1,2700,3383,-1
2772,0,59,1,0,4,1,1,2765,3381,3350
2773,0,61,1,0,4,1,1,2753,3375,3357
2775,0,60,1,1,4,1,1,2736,3412,3354
2777,0,58,0,0,4,1,1,2743,3373,-1
2779,0,60,0,0,4,1,1,2772,3379,-1
2781,0,61,1,0,4,1,1,2775,3393,3362
2782,0,56,1,0,4,1,1,2718,3398,3361
2783,0,59,0,0,4,1,1,2765,3399,-1
2787,0,60,0,0,4,1,1,2736,3395,-1
2788,0,58,1,0,4,1,1,2746,3408,3367
2789,0,57,0,0,4,1,1,2782,3398,-1
2791,0,59,1,1,4,1,1,2745,3404,3367
2792,0,62,0,0,4,1,1,2781,3393,-1
2793,0,57,1,0,4,1,1,2759,3421,3390
2795,0,59,0,0,4,1,1,2757,3389,-1
2796,0,57,0,0,4,1,1,2744,3408,-1
2797,0,60,1,0,4,1,1,2791,3429,3383
2798,0,59,0,0,4,1,1,2788,3408,-1
2800,0,58,1,0,4,1,1,2746,3395,3378
2804,0,59,1,3,4,1,1,2745,3470,3384
2805,0,59,0,0,4,1,1,2800,3395,-1
2806,0,56,1,0,4,1,1,2718,3418,3392
2810,0,60,1,0,4,1,1,2804,3477,3410
2811,0,58,1,1,4,1,1,2694,3428,3391
2813,0,61,0,0,4,1,1,2797,3429,-1
2814,0,59,1,0,4,1,1,2811,3417,3396
2815,0,58,0,0,4,1,1,2793,3421,-1
2819,0,59,1,3,4,1,1,2737,3508,3418
2820,0,60,0,0,4,1,1,2814,3417,-1
2821,0,58,1,0,4,1,1,2694,3421,3403
2824,0,56,1,0,4,1,1,2718,3428,3403
2826,0,58,0,0,4,1,1,2717,3423,-1
2827,0,59,0,0,4,1,1,2811,3424,-1
2829,0,57,1,2,4,1,1,2759,3497,3411
2831,0,57,0,0,4,1,1,2824,3428,-1
2836,0,58,1,0,4,1,1,2694,3446,3420
2837,0,58,1,0,4,1,1,2829,3474,3416
2840,0,60,1,0,4,1,1,2804,3446,3421
2843,0,60,1,4,4,1,1,2819,3559,3423
2844,0,59,0,0,4,1,1,2836,3444,-1
2845,0,61,0,0,4,1,0,2840,3446,-1
2848,0,58,1,2,4,1,1,2829,3507,3463
2849,0,59,0,0,4,1,1,2737,3445,-1
2850,0,58,1,0,4,1,1,2694,3456,3431
2851,0,60,1,0,4,1,1,2804,3464,3432
2853,0,56,1,0,4,1,1,2718,3513,3439
2857,0,60,1,0,4,1,1,2819,3460,3434
2858,0,59,0,0,4,1,1,2850,3456,-1
2859,0,61,0,0,4,1,1,2851,3464,-1
2861,0,60,0,0,4,1,1,2804,3470,-1
2862,0,61,0,0,4,1,1,2810,3475,-1
2863,0,57,0,0,4,1,1,2853,3513,-1
2864,0,60,1,0,4,1,1,2819,3486,3456
2865,0,59,0,0,4,1,1,2837,3474,-1
2866,0,58,1,0,3,1,0,2694,3475,3448
2867,0,56,1,0,4,1,1,2718,3481,3450
2870,0,57,0,0,4,1,1,2759,3478,-1
2871,0,59,0,0,3,1,0,2866,3475,-1
2872,0,57,0,0,4,1,1,2867,3481,-1
2873,0,58,1,3,4,1,1,2694,3581,3459
2875,0,56,1,0,4,1,1,2718,3483,3466
2876,0,61,1,3,4,1,1,2843,3538,3473
2877,0,59,1,0,4,1,1,2873,3481,3464
2879,0,61,0,0,4,1,1,2864,3486,-1
2880,0,60,0,0,4,1,1,2819,3484,-1
2881,0,59,1,1,4,1,1,2848,3523,3468
2883,0,60,0,0,4,1,1,2877,3481,-1
2884,0,58,1,0,4,1,1,2694,3513,3489
2885,0,60,1,0,4,1,1,2881,3547,3498
2886,0,59,1,2,4,1,1,2873,3540,3475
2887,0,58,0,0,4,1,1,2829,3497,-1
2888,0,56,1,0,4,1,1,2718,3521,3482
2889,0,62,1,1,4,1,1,2876,3540,3485
2891,0,59,1,2,4,1,1,2848,3549,3479
2901,0,61,1,0,4,1,1,2843,3551,3515
2902,0,63,1,0,4,1,1,2889,3535,3511
2904,0,60,1,0,4,1,1,2886,3527,3492
2905,0,56,1,0,4,1,1,2718,3515,3493
2906,0,59,0,0,4,1,1,2884,3513,-1
2907,0,60,1,0,4,1,1,2891,3519,3495
2908,0,62,1,0,4,1,1,2876,3528,3496
2909,0,61,0,0,4,1,1,2904,3526,-1
2910,0,57,0,0,4,1,1,2888,3521,-1
2911,0,57,0,0,4,1,1,2905,3515,-1
2912,0,58,1,2,4,1,1,2694,3612,3500
2913,0,59,1,2,4,1,1,2873,3599,3511
2915,0,60,1,3,4,1,1,2886,3629,3507
2916,0,56,0,0,4,1,1,2718,3535,-1
2917,0,61,0,0,4,1,0,2885,3533,-1
2918,0,60,1,2,4,1,1,2891,3592,3512
2919,0,62,1,0,4,1,1,2876,3534,3507
2920,0,58,0,0,4,1,1,2694,3532,-1
2922,0,63,0,0,4,1,1,2908,3528,-1
2923,0,59,1,3,4,1,1,2912,3653,3554
2924,0,60,1,0,4,1,1,2913,3558,3537
2925,0,64,0,0,4,1,1,2902,3535,-1
2927,0,60,0,0,4,1,1,2886,3540,-1
2928,0,62,0,0,4,1,1,2876,3538,-1
2931,0,62,0,0,4,1,1,2901,3535,-1
2932,0,63,0,0,4,1,1,2889,3540,-1
2935,0,59,0,0,4,1,1,2873,3581,-1
2936,0,61,1,0,4,1,1,2918,3590,3533
2937,0,61,1,1,4,1,1,2843,3550,3526
2939,0,62,1,0,4,1,1,2937,3559,3531
2941,0,63,0,0,4,1,1,2939,3559,-1
2943,0,61,1,1,4,1,1,2843,3580,3537
2945,0,62,0,0,4,1,1,2936,3563,-1
2946,0,61,0,0,4,1,1,2915,3557,-1
2951,0,61,1,1,4,1,1,2918,3598,3544
2954,0,60,1,1,4,1,1,2913,3610,3548
2955,0,62,1,2,4,1,1,2943,3604,3549
2958,0,61,1,1,4,1,1,2954,3611,3576
2960,0,63,1,5,4,1,1,2955,3672,3554
2962,0,61,0,0,4,1,1,2918,3592,-1
2964,0,62,1,0,4,1,1,2951,3593,3570
2965,0,60,0,0,4,1,1,2913,3599,-1
2966,0,60,1,0,4,1,1,2923,3584,3559
2967,0,64,1,5,4,1,1,2960,3783,3574
2970,0,61,0,0,4,1,1,2966,3584,-1
2971,0,63,1,0,4,1,1,2955,3593,3574
2972,0,61,1,0,4,1,1,2915,3620,3567
2974,0,60,1,1,4,1,1,2923,3631,3569
2975,0,63,0,0,4,1,1,2964,3593,-1
2976,0,61,1,0,4,1,1,2915,3606,3577
2977,0,65,1,1,4,1,1,2967,3645,3585
2978,0,62,1,0,4,1,1,2958,3663,3581
2979,0,62,0,0,4,1,1,2976,3598,-1
2980,0,59,1,0,4,1,1,2912,3608,3583
2982,0,61,1,0,4,1,1,2974,3632,3596
2985,0,61,0,0,4,1,1,2954,3610,-1
2986,0,60,0,0,4,1,1,2980,3608,-1
2988,0,61,1,1,4,1,1,2915,3632,3594
2989,0,66,1,1,4,1,1,2977,3641,3591
2990,0,62,0,0,4,1,1,2958,3611,-1
2991,0,59,0,0,4,1,1,2912,3612,-1
2993,0,67,1,0,4,1,1,2989,3640,3614
2994,0,65,0,0,4,1,1,2967,3618,-1
2997,0,62,1,5,4,1,1,2988,3703,3599
2999,0,66,0,0,4,1,1,2977,3645,-1
3002,0,63,1,3,4,1,1,2997,3714,3604
3003,0,61,0,0,5,1,0,2974,3625,-1
3004,0,62,0,0,4,1,1,2972,3620,-1
3006,0,64,1,1,4,1,1,3002,3669,3632
3010,0,63,1,0,4,1,1,2997,3676,3642
3014,0,64,1,0,4,1,1,2960,3649,3620
3015,0,68,0,0,4,1,1,2993,3640,-1
3016,0,63,0,0,4,1,1,2978,3655,-1
3017,0,60,1,2,4,1,1,2923,3726,3623
3019,0,65,1,1,4,1,1,2967,3743,3655
3020,0,65,0,0,4,1,1,3014,3641,-1
3021,0,61,1,2,4,1,1,3017,3740,3647
3024,0,64,1,0,4,1,1,2960,3657,3631
3027,0,60,0,0,4,1,1,2923,3653,-1
3029,0,65,0,0,4,1,1,3024,3657,-1
3032,0,65,1,0,4,1,1,3006,3736,3641
3033,0,64,1,11,4,1,1,2960,3927,3642
3034,0,64,1,0,4,1,1,3002,3669,3643
3039,0,65,0,0,4,1,1,3006,3669,-1
3040,0,65,1,0,4,1,1,3033,3697,3652
3041,0,64,1,0,4,1,1,2960,3685,3652
3042,0,63,1,1,4,1,1,2997,3697,3652
3043,0,62,1,0,4,1,1,3021,3725,3667
3046,0,66,0,0,4,1,1,3040,3697,-1
3047,0,64,1,0,4,1,1,3002,3696,3664
3049,0,64,1,0,4,1,1,3042,3709,3676
3050,0,65,0,0,4,1,1,3041,3679,-1
3051,0,61,0,0,4,1,1,3017,3692,-1
3052,0,66,1,2,4,1,1,3019,3769,3711
3054,0,65,1,0,4,1,1,3033,3702,3663
3055,0,63,1,0,4,1,1,2997,3688,3663
3057,0,65,0,0,4,1,1,3047,3696,-1
3058,0,66,0,0,4,1,1,3032,3728,-1
3061,0,65,1,1,4,1,1,3033,3771,3719
3063,0,63,1,1,4,1,1,2997,3741,3674
3064,0,64,0,0,4,1,1,3002,3702,-1
3066,0,64,1,0,4,1,1,3063,3770,3709
3069,0,65,0,0,4,1,1,3049,3709,-1
3070,0,62,1,7,4,1,1,3021,3858,3702
3071,0,63,0,0,4,1,1,2997,3703,-1
3076,0,61,1,1,4,1,1,3017,3754,3705
3080,0,63,1,9,4,1,1,3070,3982,3707
3081,0,62,1,0,4,1,1,3076,3731,3710
3082,0,65,1,0,4,1,1,2967,3772,3737
3083,0,62,0,0,4,1,1,3021,3740,-1
3085,0,65,0,0,4,1,1,3066,3770,-1
3086,0,64,1,1,4,1,1,3080,3760,3726
3087,0,67,1,1,4,1,1,3052,3748,3716
3088,0,63,1,0,4,1,1,3070,3764,3722
3091,0,68,1,0,4,1,1,3087,3747,3725
3092,0,66,0,0,4,1,1,3019,3743,-1
3093,0,66,1,1,4,1,1,3061,3781,3724
3094,0,62,0,0,4,1,1,3076,3753,-1
3095,0,67,1,2,4,1,1,3052,3782,3727
3097,0,65,1,0,4,1,1,3033,3752,3730
3099,0,64,0,0,4,1,1,3088,3761,-1
3100,0,65,1,2,4,1,1,3086,3797,3732
3101,0,63,1,1,4,1,1,3070,3790,3732
3103,0,66,0,0,4,1,1,3061,3768,-1
3104,0,68,1,1,4,1,1,3095,3777,3746
3106,0,66,1,0,4,1,1,3100,3765,3756
3107,0,64,1,2,4,1,1,3080,3858,3802
3108,0,66,0,0,4,1,1,3097,3752,-1
3109,0,65,1,0,4,1,1,3033,3760,3741
3111,0,65,0,0,4,1,1,3086,3760,-1
3112,0,63,1,1,4,1,1,3070,3853,3758
3113,0,64,1,0,4,1,1,3101,3780,3752
3117,0,65,1,0,4,1,1,2967,3882,3748
3118,0,66,0,0,4,1,1,3082,3772,-1
3119,0,65,1,0,4,1,1,3033,3832,3769
3120,0,67,1,0,4,1,1,3093,3774,3752
3123,0,69,1,1,4,1,1,3104,3815,3753
3125,0,68,1,1,4,1,1,3095,3815,3757
3126,0,68,0,0,4,1,1,3120,3774,-1
3127,0,65,0,0,4,1,1,3113,3780,-1
3128,0,65,1,0,4,1,1,2967,3783,3759
3131,0,69,1,0,4,1,1,3125,3807,3786
3132,0,67,0,0,4,1,1,3093,3781,-1
3133,0,64,0,0,4,1,1,3101,3790,-1
3134,0,66,0,0,4,1,1,3128,3783,-1
3137,0,70,1,0,4,1,1,3123,3822,3777
3138,0,66,1,0,4,1,1,3100,3787,3767
3139,0,63,1,0,4,1,1,3070,3858,3776
3141,0,66,0,0,4,1,1,3117,3789,-1
3143,0,67,0,0,4,1,1,3138,3787,-1
3146,0,66,0,0,4,1,1,3119,3832,-1
3148,0,66,0,0,4,1,1,3100,3796,-1
3151,0,71,0,0,4,1,1,3137,3822,-1
3155,0,65,1,0,4,1,1,3033,3830,3811
3156,0,63,1,0,4,1,1,3070,3845,3821
3157,0,64,1,1,4,1,1,3112,3938,3828
3163,0,69,0,0,4,1,1,3125,3812,-1
3164,0,70,0,0,4,1,1,3123,3815,-1
3167,0,66,0,0,4,1,1,3117,3829,-1
3168,0,64,0,0,4,1,1,3139,3833,-1
3169,0,65,1,0,4,1,1,3107,3864,3822
3171,0,64,1,1,4,1,1,3080,3897,3813
3172,0,65,1,4,4,1,1,3171,3956,3867
3175,0,65,0,0,4,1,1,3033,3845,-1
3176,0,64,1,0,4,1,1,3080,3864,3824
3178,0,63,1,0,4,1,1,3070,3849,3832
3180,0,65,1,2,4,1,1,3107,3879,3833
3181,0,64,1,0,4,1,1,3080,3865,3835
3182,0,65,1,5,4,1,1,3157,3992,3859
3184,0,66,1,0,3,1,0,3180,3861,3837
3185,0,63,0,0,4,1,1,3070,3858,-1
3186,0,67,0,0,3,1,0,3184,3861,-1
3187,0,65,0,0,4,1,1,3107,3858,-1
3188,0,65,0,0,4,1,1,3176,3864,-1
3189,0,64,1,0,4,1,1,3080,3905,3845
3190,0,66,1,2,4,1,1,3180,3910,3850
3192,0,65,0,0,4,1,1,3189,3870,-1
3193,0,66,0,0,4,1,1,3117,3882,-1
3195,0,67,1,0,4,1,1,3190,3916,3877
3196,0,64,1,1,4,1,1,3080,3916,3865
3197,0,65,1,6,4,1,1,3033,3946,3861
3202,0,66,1,0,4,1,1,3182,3914,3879
3203,0,66,1,0,4,1,1,3197,3905,3866
3208,0,65,0,0,4,1,1,3157,3938,-1
3209,0,65,1,0,4,1,1,3196,3919,3883
3210,0,66,1,0,4,1,1,3172,3891,3872
3211,0,65,1,2,4,1,1,3033,3986,3872
3212,0,64,1,0,4,1,1,3080,3915,3876
3213,0,67,0,0,4,1,1,3210,3891,-1
3214,0,66,1,1,4,1,1,3197,3911,3878
3215,0,66,1,0,4,1,1,3211,3924,3901
3216,0,65,0,0,4,1,1,3171,3897,-1
3217,0,65,0,0,4,1,1,3189,3905,-1
3218,0,67,1,0,4,1,1,3214,3915,3884
3219,0,65,1,1,4,1,1,3033,3934,3883
3220,0,68,0,0,4,1,1,3195,3916,-1
3221,0,66,1,0,4,1,1,3172,3937,3895
3223,0,64,1,0,4,1,1,3080,3922,3901
3224,0,66,1,9,4,1,1,3219,4232,3903
3225,0,67,1,1,4,1,1,3190,3914,3891
3226,0,66,1,0,4,1,1,3197,3988,3889
3227,0,66,1,0,4,1,1,3182,3936,3889
3228,0,66,0,0,4,1,1,3209,3919,-1
3229,0,67,0,0,4,1,1,3226,3957,-1
3230,0,65,1,4,4,1,1,3033,4059,3896
3231,0,67,0,0,4,1,1,3214,3911,-1
3233,0,68,1,0,4,1,1,3225,3924,3896
3234,0,66,1,0,4,1,1,3197,3940,3900
3235,0,66,1,2,4,1,1,3182,4019,3936
3237,0,66,1,2,4,1,1,3230,4003,3913
3238,0,69,0,0,4,1,1,3233,3920,-1
3239,0,67,0,0,4,1,1,3234,3940,-1
3240,0,65,0,0,4,1,1,3223,3922,-1
3241,0,66,1,1,4,1,1,3172,3974,3906
3242,0,65,0,0,4,1,1,3033,3927,-1
3245,0,66,1,0,4,1,1,3197,3944,3911
3246,0,67,0,0,4,1,1,3221,3934,-1
3247,0,66,1,1,4,1,1,3211,3999,3937
3248,0,67,1,1,4,1,1,3224,4012,3978
3249,0,64,0,0,4,1,1,3080,3982,-1
3252,0,66,1,0,4,1,1,3172,3949,3923
3256,0,67,0,0,4,1,1,3227,3936,-1
3257,0,67,0,0,4,1,1,3245,3935,-1
3263,0,66,1,3,4,1,1,3197,4033,3921
3264,0,66,1,0,4,1,1,3230,3955,3940
3265,0,67,1,0,4,1,1,3263,4000,3946
3267,0,67,1,2,4,1,1,3241,4017,3934
3270,0,67,1,0,4,1,1,3237,3999,3954
3272,0,66,0,0,4,1,1,3197,3946,-1
3273,0,66,0,0,4,1,1,3172,3950,-1
3277,0,68,1,0,4,1,1,3267,3981,3955
3280,0,67,1,3,4,1,1,3247,4089,3956
3286,0,68,0,0,4,1,1,3265,3973,-1
3288,0,66,1,1,4,1,1,3230,4046,4004
3289,0,66,1,0,4,1,1,3182,3993,3957
3290,0,67,1,3,4,1,1,3263,4067,3984
3291,0,67,1,1,4,1,1,3235,4039,3959
3294,0,69,0,0,4,1,1,3277,3981,-1
3296,0,68,1,1,4,1,1,3280,4032,3982
3297,0,67,0,0,4,1,1,3289,3992,-1
3298,0,68,1,3,4,1,1,3291,4118,3996
3299,0,67,1,0,4,1,1,3237,4008,3968
3300,0,67,0,0,4,1,1,3247,3984,-1
3301,0,66,1,1,4,1,1,3182,4121,3970
3302,0,68,1,0,4,1,1,3267,4014,3987
3303,0,68,0,0,4,1,1,3299,4003,-1
3304,0,67,0,0,4,1,1,3301,3996,-1
3306,0,67,0,0,4,1,1,3237,4001,-1
3307,0,68,1,1,4,1,1,3248,4039,3982
3308,0,68,0,0,4,1,1,3270,3999,-1
3309,0,67,1,0,4,1,1,3235,4018,3985
3312,0,69,1,0,4,1,1,3307,4023,4009
3313,0,67,1,0,4,1,1,3224,4046,3996
3314,0,68,0,0,4,1,1,3309,4013,-1
3315,0,68,1,0,4,1,1,3290,4011,3991
3317,0,69,0,0,4,1,1,3302,4014,-1
3319,0,68,1,0,4,1,1,3280,4022,4010
3320,0,68,0,0,4,1,1,3248,4012,-1
3321,0,67,1,0,4,1,1,3263,4038,3994
3324,0,68,0,0,4,1,1,3267,4017,-1
3325,0,69,1,0,4,1,1,3296,4027,4001
3326,0,69,1,0,4,1,1,3298,4036,4011
3327,0,68,1,1,4,1,1,3290,4077,4008
3331,0,70,0,0,4,1,1,3325,4026,-1
3333,0,67,0,0,4,1,1,3224,4023,-1
3336,0,67,1,0,4,1,1,3288,4035,4009
3337,0,69,0,0,4,1,1,3296,4032,-1
3338,0,66,1,1,4,1,1,3230,4084,4026
3339,0,68,0,0,4,1,1,3336,4035,-1
3344,0,68,1,0,4,1,1,3290,4037,4019
3345,0,69,0,0,4,1,1,3307,4039,-1
3346,0,67,0,0,4,1,1,3288,4043,-1
3348,0,69,1,1,4,1,1,3298,4076,4022
3350,0,69,1,0,4,1,1,3327,4077,4023
3352,0,69,0,0,4,1,1,3344,4037,-1
3353,0,68,0,0,4,1,1,3313,4046,-1
3354,0,70,1,1,4,1,1,3348,4109,4044
3356,0,70,0,0,9,1,0,3350,4077,-1
3357,0,68,1,3,4,1,1,3280,4202,4058
3360,0,69,0,0,4,1,1,3298,4049,-1
3361,0,69,0,0,4,1,1,3327,4066,-1
3362,0,66,0,0,4,1,1,3230,4059,-1
3368,0,67,1,0,4,1,1,3338,4063,4042
3372,0,68,0,0,4,1,1,3368,4063,-1
3373,0,71,1,1,4,1,1,3354,4146,4092
3375,0,67,1,0,4,1,1,3224,4110,4050
3377,0,70,0,0,4,1,1,3348,4073,-1
3378,0,68,0,0,4,1,1,3375,4076,-1
3379,0,67,1,0,4,1,1,3301,4119,4078
3380,0,69,1,1,4,1,1,3298,4148,4092
3381,0,67,1,0,4,1,1,3224,4099,4062
3382,0,67,0,0,4,1,1,3338,4084,-1
3383,0,69,1,0,4,1,1,3357,4092,4063
3387,0,68,0,0,4,1,1,3381,4099,-1
3388,0,70,0,0,4,1,1,3383,4092,-1
3389,0,68,0,0,4,1,1,3280,4089,-1
3391,0,67,1,1,4,1,1,3224,4142,4085
3392,0,69,1,2,4,1,1,3357,4145,4074
3393,0,70,1,0,4,1,1,3392,4141,4097
3398,0,68,0,0,4,1,1,3379,4111,-1
3399,0,69,1,4,4,1,1,3357,4279,4114
3400,0,68,0,0,4,1,1,3375,4110,-1
3402,0,67,0,0,4,1,1,3301,4121,-1
3405,0,70,1,0,4,1,1,3380,4136,4129
3406,0,68,1,2,4,1,1,3391,4201,4107
3407,0,67,1,0,4,1,1,3224,4158,4106
3408,0,69,0,0,4,1,1,3298,4118,-1
3411,0,70,1,0,4,1,1,3392,4139,4114
3412,0,69,1,0,4,1,1,3406,4134,4111
3416,0,70,0,0,4,1,1,3412,4134,-1
3417,0,67,1,1,4,1,1,3224,4183,4117
3418,0,72,1,6,4,1,1,3373,4382,4119
3419,0,71,0,0,4,1,1,3411,4139,-1
3420,0,68,1,0,4,1,1,3417,4144,4122
3421,0,69,0,0,4,1,1,3406,4152,-1
3423,0,73,1,5,4,1,1,3418,4286,4140
3425,0,70,1,2,4,1,1,3399,4187,4135
3426,0,68,0,0,4,1,1,3407,4158,-1
3429,0,68,0,0,4,1,1,3391,4142,-1
3430,0,69,0,0,4,1,1,3420,4144,-1
3431,0,67,1,2,4,1,1,3224,4253,4128
3432,0,68,0,0,4,1,1,3417,4162,-1
3433,0,68,1,2,4,1,1,3431,4180,4141
3435,0,69,0,0,4,1,1,3357,4200,-1
3436,0,71,1,1,4,1,1,3425,4197,4152
3440,0,70,1,3,4,1,1,3399,4282,4195
3442,0,67,1,2,4,1,1,3224,4254,4180
3443,0,69,1,0,4,1,1,3433,4180,4150
3447,0,73,1,0,4,1,1,3418,4179,4153
3449,0,68,1,1,4,1,0,3431,4240,4198
3452,0,74,1,0,4,1,1,3423,4185,4158
3453,0,72,1,0,4,1,1,3436,4192,4163
3454,0,74,0,0,4,1,1,3447,4179,-1
3455,0,69,1,0,4,1,1,3433,4189,4161
3457,0,71,1,0,4,1,1,3425,4188,4163
3458,0,69,1,1,4,1,1,3406,4205,4165
3459,0,70,0,0,4,1,1,3455,4189,-1
3460,0,73,0,0,4,1,1,3453,4183,-1
3461,0,74,1,1,4,1,1,3423,4210,4173
3462,0,70,1,0,4,1,1,3458,4228,4183
3463,0,72,0,0,4,1,1,3436,4194,-1
3464,0,69,0,0,4,1,1,3406,4201,-1
3465,0,75,1,0,4,1,1,3461,4209,4185
3468,0,74,1,0,4,1,1,3423,4203,4184
3470,0,68,1,0,4,1,1,3442,4218,4190
3471,0,71,0,0,4,1,1,3462,4228,-1
3474,0,75,0,0,4,1,1,3468,4203,-1
3476,0,67,0,0,4,1,1,3224,4232,-1
3480,0,71,1,0,9,1,0,3440,4327,4234
3482,0,69,1,1,4,1,0,3449,4234,4203
3483,0,69,0,0,4,1,1,3470,4218,-1
3485,0,70,1,1,4,1,1,3399,4284,4228
3488,0,70,1,2,4,1,0,3482,4312,4218
3489,0,68,0,0,4,1,1,3431,4227,-1
3491,0,73,1,0,4,1,1,3418,4285,4213
3493,0,69,0,0,4,1,0,3449,4231,-1
3494,0,74,1,1,4,1,1,3423,4315,4243
3495,0,68,1,4,4,1,1,3442,4389,4221
3496,0,74,0,0,4,1,1,3491,4285,-1
3497,0,71,1,0,4,1,0,3488,4274,4227
3499,0,69,1,2,4,1,1,3495,4319,4243
3500,0,72,0,0,4,1,0,3497,4274,-1
3502,0,71,1,2,4,1,1,3485,4330,4262
3504,0,71,1,1,4,1,0,3488,4351,4264
3505,0,68,0,0,4,1,1,3442,4254,-1
3508,0,70,1,1,4,1,1,3399,4280,4239
3509,0,71,1,0,4,1,1,3508,4271,4251
3510,0,71,1,1,4,1,1,3440,4327,4244
3513,0,70,1,0,4,1,1,3499,4269,4250
3514,0,75,1,0,4,1,0,3494,4302,4279
3515,0,73,1,1,4,1,1,3418,4297,4260
3516,0,72,0,0,4,1,1,3510,4271,-1
3517,0,70,0,0,4,1,1,3399,4279,-1
3518,0,69,0,0,4,1,1,3495,4306,-1
3519,0,74,1,2,4,1,1,3423,4352,4254
3520,0,71,1,0,4,1,1,3440,4297,4255
3523,0,70,1,3,4,1,1,3499,4346,4270
3524,0,71,0,0,4,1,1,3508,4280,-1
3525,0,74,0,0,4,1,1,3423,4286,-1
3526,0,74,1,0,4,1,1,3515,4319,4271
3527,0,71,0,0,4,1,1,3440,4282,-1
3528,0,72,1,2,4,1,1,3502,4373,4266
3529,0,72,1,0,4,1,0,3504,4347,4308
3531,0,71,1,0,4,1,1,3523,4338,4302
3532,0,71,0,0,4,1,0,3488,4302,-1
3534,0,72,1,1,4,1,1,3510,4420,4303
3535,0,72,1,0,4,1,1,3502,4341,4280
3536,0,74,0,0,4,1,1,3515,4297,-1
3538,0,76,0,0,4,1,0,3514,4302,-1
3539,0,73,1,0,4,1,1,3528,4316,4293
3542,0,75,1,1,4,1,1,3519,4353,4308
3548,0,72,0,0,9,1,0,3480,4322,-1
3549,0,73,1,1,4,1,1,3418,4360,4331
3550,0,75,0,0,4,1,1,3494,4315,-1
3551,0,70,0,0,4,1,1,3499,4319,-1
3552,0,74,0,0,4,1,1,3539,4314,-1
3556,0,73,1,3,4,1,1,3528,4427,4334
3559,0,72,0,0,4,1,1,3531,4338,-1
3560,0,73,0,0,4,1,1,3534,4331,-1
3561,0,73,0,0,4,1,0,3529,4332,-1
3562,0,71,1,1,4,1,1,3523,4383,4318
3563,0,76,1,1,4,1,1,3542,4374,4313
3566,0,77,1,1,4,1,1,3563,4395,4347
3567,0,69,1,0,4,1,1,3495,4349,4327
3568,0,72,0,0,4,1,0,3504,4351,-1
3569,0,75,1,4,4,1,1,3519,4442,4321
3572,0,72,0,0,4,1,1,3562,4340,-1
3575,0,76,0,0,4,1,1,3542,4353,-1
3576,0,73,0,0,4,1,1,3535,4341,-1
3577,0,76,1,5,4,1,1,3569,4540,4326
3580,0,71,1,0,4,1,1,3523,4366,4329
3581,0,77,0,0,4,1,1,3577,4359,-1
3586,0,72,0,0,4,1,1,3580,4366,-1
3588,0,74,1,1,4,1,1,3549,4401,4340
3589,0,73,1,2,4,1,1,3534,4493,4382
3590,0,69,1,0,4,1,1,3495,4371,4344
3591,0,76,1,0,4,1,1,3569,4423,4395
3592,0,74,1,0,4,1,1,3556,4359,4343
3593,0,73,1,0,4,1,1,3418,4362,4341
3595,0,73,0,0,4,1,1,3528,4373,-1
3597,0,75,1,0,4,1,1,3588,4396,4359
3598,0,72,1,0,4,1,1,3562,4404,4346
3600,0,73,0,0,4,1,1,3598,4379,-1
3603,0,73,0,0,4,1,1,3418,4382,-1
3605,0,78,1,0,4,1,1,3566,4378,4356
3606,0,69,1,2,4,1,1,3495,4460,4355
3609,0,74,1,0,4,1,1,3556,4382,4357
3610,0,72,0,0,4,1,1,3562,4383,-1
3612,0,77,0,0,4,1,1,3563,4372,-1
3614,0,70,1,1,4,1,1,3606,4430,4381
3615,0,79,0,0,4,1,1,3605,4378,-1
3616,0,75,0,0,4,1,1,3609,4382,-1
3618,0,76,0,0,4,1,1,3597,4396,-1
3619,0,69,0,0,4,1,1,3495,4389,-1
3621,0,74,1,2,4,1,1,3556,4431,4376
3624,0,75,0,0,4,1,1,3588,4401,-1
3628,0,78,0,0,4,1,1,3566,4395,-1
3629,0,75,1,0,4,1,1,3621,4403,4393
3630,0,77,1,2,4,1,1,3577,4493,4410
3633,0,71,1,1,4,1,1,3614,4438,4387
3634,0,74,1,2,4,1,1,3589,4589,4402
3637,0,73,0,0,4,1,1,3598,4404,-1
3638,0,70,1,3,4,1,1,3606,4495,4393
3640,0,74,0,0,4,1,1,3556,4414,-1
3641,0,72,1,0,4,1,1,3633,4439,4398
3642,0,71,0,0,4,1,1,3614,4430,-1
3643,0,70,0,0,4,1,1,3606,4457,-1
3644,0,75,1,0,4,1,1,3621,4430,4403
3645,0,77,0,0,4,1,1,3591,4423,-1
3647,0,76,1,1,4,1,1,3569,4437,4406
3648,0,75,1,1,4,1,1,3634,4529,4427
3650,0,76,0,0,4,1,1,3644,4430,-1
3651,0,72,0,0,4,1,1,3633,4434,-1
3653,0,77,1,3,4,1,1,3647,4532,4411
3654,0,75,0,0,4,1,1,3621,4431,-1
3655,0,71,1,0,4,1,1,3638,4446,4416
3656,0,78,1,0,4,1,1,3630,4440,4415
3657,0,76,1,1,4,1,1,3569,4479,4417
3658,0,74,1,0,4,1,1,3589,4458,4437
3659,0,77,1,0,4,1,1,3577,4447,4421
3660,0,77,0,0,4,1,1,3647,4437,-1
3662,0,79,0,0,4,1,1,3656,4440,-1
3663,0,78,0,0,4,1,1,3659,4447,-1
3664,0,71,1,0,4,1,1,3638,4451,4427
3665,0,76,0,0,4,1,1,3569,4442,-1
3668,0,78,1,7,4,1,1,3653,4632,4442
3670,0,77,1,0,4,1,1,3577,4471,4439
3671,0,72,0,0,4,1,1,3664,4451,-1
3673,0,77,1,0,4,1,1,3657,4469,4442
3674,0,78,1,0,4,1,1,3630,4545,4473
3675,0,71,1,1,4,1,1,3638,4497,4452
3677,0,75,1,0,4,1,1,3634,4483,4460
3679,0,75,0,0,4,1,1,3658,4458,-1
3683,0,79,1,0,4,1,1,3668,4499,4453
3685,0,78,0,0,4,1,1,3673,4469,-1
3686,0,77,1,0,4,1,1,3577,4472,4450
3691,0,77,0,0,4,1,1,3657,4479,-1
3692,0,78,0,0,4,1,1,3686,4470,-1
3694,0,72,1,4,4,1,1,3675,4720,4456
3695,0,78,0,0,4,1,1,3670,4471,-1
3696,0,78,1,0,4,1,1,3653,4524,4489
3697,0,77,1,0,4,1,1,3577,4525,4489
3698,0,73,1,0,4,1,1,3694,4519,4475
3699,0,76,1,1,4,1,1,3648,4535,4469
3700,0,71,0,0,4,1,1,3638,4495,-1
3702,0,79,1,0,4,1,1,3668,4494,4472
3704,0,76,0,0,4,1,1,3677,4483,-1
3705,0,72,0,0,4,1,1,3675,4497,-1
3706,0,75,0,0,4,1,1,3634,4519,-1
3707,0,74,0,0,4,1,1,3589,4493,-1
3710,0,80,0,0,4,1,1,3702,4494,-1
3711,0,79,0,0,4,1,1,3674,4509,-1
3712,0,74,0,0,4,1,1,3698,4519,-1
3713,0,77,1,2,4,1,1,3699,4586,4488
3715,0,73,1,2,4,1,1,3694,4570,4485
3716,0,79,1,3,4,1,1,3668,4568,4487
3718,0,74,1,1,4,1,1,3715,4554,4512
3719,0,80,1,4,4,1,1,3716,4691,4509
3720,0,78,1,2,4,1,1,3713,4613,4526
3722,0,79,1,0,4,1,1,3668,4543,4521
3725,0,76,0,0,4,1,1,3648,4514,-1
3726,0,78,1,2,4,1,1,3653,4569,4499
3728,0,77,0,0,4,1,1,3699,4535,-1
3729,0,77,0,0,4,1,1,3577,4540,-1
3730,0,79,0,0,4,1,1,3696,4523,-1
3731,0,78,0,0,4,1,1,3697,4525,-1
3734,0,79,1,3,4,1,1,3726,4621,4504
3735,0,78,0,0,4,1,1,3653,4527,-1
3736,0,81,0,0,4,1,1,3719,4544,-1
3737,0,80,1,0,4,1,1,3734,4542,4529
3738,0,79,1,0,4,1,1,3726,4544,4515
3739,0,75,1,0,4,1,1,3718,4535,4518
3740,0,80,0,0,4,1,1,3738,4544,-1
3741,0,80,1,0,4,1,1,3716,4563,4520
3742,0,76,0,0,4,1,1,3739,4535,-1
3743,0,74,1,0,4,1,1,3715,4542,4523
3744,0,80,0,0,4,1,1,3722,4543,-1
3746,0,75,0,0,4,1,1,3718,4554,-1
3748,0,79,1,1,4,1,1,3720,4601,4562
3749,0,80,1,0,4,1,1,3716,4568,4541
3753,0,74,0,0,4,1,1,3715,4570,-1
3756,0,78,1,2,4,1,1,3713,4650,4555
3757,0,75,0,0,4,1,1,3634,4589,-1
3758,0,80,0,0,4,1,1,3734,4562,-1
3762,0,79,1,0,4,1,1,3668,4563,4542
3763,0,79,0,0,4,1,1,3726,4565,-1
3765,0,81,0,0,4,1,1,3749,4568,-1
3766,0,73,1,2,4,1,1,3694,4651,4598
3769,0,80,0,0,4,1,1,3762,4563,-1
3773,0,79,1,1,4,1,1,3668,4640,4579
3775,0,79,1,6,4,1,1,3756,4869,4560
3776,0,78,0,0,4,1,1,3713,4581,-1
3777,0,80,1,4,4,1,1,3748,4676,4566
3779,0,80,1,0,4,1,1,3734,4617,4573
3782,0,79,1,0,4,1,0,3756,4588,4571
3783,0,81,1,2,4,1,1,3777,4713,4580
3788,0,79,1,0,4,1,1,3720,4608,4580
3789,0,80,1,2,4,1,1,3775,4677,4579
3790,0,81,0,0,4,1,1,3779,4615,-1
3791,0,80,0,0,4,1,1,3748,4601,-1
3792,0,80,1,6,4,1,1,3734,4814,4604
3793,0,81,1,1,4,1,1,3789,4633,4587
3794,0,80,0,0,4,1,1,3788,4608,-1
3795,0,80,1,2,4,1,1,3773,4717,4610
3796,0,79,1,0,4,1,1,3668,4611,4589
3798,0,79,0,0,4,1,1,3720,4613,-1
3799,0,82,1,0,4,1,1,3793,4623,4614
3802,0,80,0,0,4,1,1,3796,4611,-1
3803,0,81,1,2,4,1,1,3789,4714,4614
3804,0,81,1,1,4,1,0,3777,4651,4605
3805,0,79,0,0,4,1,1,3668,4632,-1
3806,0,74,1,0,4,1,1,3766,4642,4606
3808,0,75,0,0,4,1,1,3806,4641,-1
3809,0,82,1,0,4,1,0,3804,4638,4611
3810,0,73,1,5,4,1,1,3694,4853,4658
3811,0,81,1,2,4,1,1,3719,4688,4612
3813,0,79,0,0,4,1,1,3756,4630,-1
3814,0,82,0,0,4,1,1,3783,4644,-1
3815,0,81,1,0,4,1,1,3795,4654,4623
3816,0,81,1,0,4,1,1,3777,4673,4629
3818,0,83,0,0,4,1,0,3809,4638,-1
3819,0,74,1,0,4,1,1,3766,4659,4616
3820,0,82,1,0,4,1,1,3811,4707,4630
3822,0,81,1,0,4,1,1,3792,4682,4661
3823,0,82,1,1,4,1,1,3803,4652,4619
3824,0,80,0,0,4,1,1,3773,4637,-1
3825,0,75,0,0,4,1,1,3819,4649,-1
3827,0,82,0,0,4,1,0,3804,4651,-1
3828,0,81,1,0,4,1,1,3719,4649,4631
3829,0,83,1,0,4,1,1,3823,4713,4626
3831,0,80,0,0,4,1,1,3775,4657,-1
3832,0,74,0,0,4,1,1,3766,4642,-1
3834,0,84,0,0,4,1,1,3829,4713,-1
3835,0,81,1,0,4,1,1,3795,4682,4641
3839,0,82,0,0,4,1,1,3815,4654,-1
3840,0,82,1,0,4,1,1,3811,4684,4641
3841,0,81,1,1,4,1,1,3719,4687,4642
3845,0,83,0,0,4,1,1,3840,4684,-1
3846,0,81,1,1,4,1,1,3777,4702,4649
3847,0,82,0,0,4,1,1,3816,4673,-1
3848,0,82,0,0,4,1,1,3811,4686,-1
3849,0,81,1,0,4,1,1,3719,4688,4668
3854,0,82,1,6,4,1,1,3846,4885,4658
3856,0,82,1,0,4,1,1,3803,4719,4696
3857,0,82,0,0,4,1,1,3835,4682,-1
3860,0,81,0,0,4,1,1,3777,4676,-1
3861,0,74,1,4,4,1,1,3810,4841,4663
3862,0,83,1,0,4,1,1,3854,4724,4681
3864,0,82,1,2,4,1,1,3841,4738,4666
3865,0,75,0,0,4,1,1,3861,4700,-1
3866,0,82,0,0,4,1,1,3846,4690,-1
3867,0,83,1,0,4,1,1,3864,4725,4696
3868,0,82,1,0,4,1,1,3783,4710,4671
3869,0,74,1,0,4,1,1,3810,4708,4673
3870,0,81,1,4,4,1,1,3792,4868,4698
3871,0,83,0,0,4,1,1,3868,4710,-1
3873,0,83,0,0,4,1,1,3820,4707,-1
3877,0,82,1,1,4,1,1,3783,4716,4682
3878,0,74,1,0,4,1,1,3810,4710,4684
3879,0,81,0,0,4,1,1,3795,4717,-1
3880,0,84,0,0,4,1,1,3862,4724,-1
3884,0,83,1,2,4,1,1,3877,4759,4688
3886,0,75,0,0,4,1,1,3878,4710,-1
3887,0,80,1,2,4,1,1,3775,4827,4692
3888,0,83,1,0,4,1,1,3854,4718,4692
3890,0,75,0,0,4,1,1,3869,4708,-1
3893,0,82,0,0,4,1,1,3783,4713,-1
3894,0,74,1,1,4,1,1,3810,4758,4697
3895,0,73,0,0,4,1,1,3694,4720,-1
3896,0,83,0,0,4,1,1,3856,4719,-1
3897,0,84,0,0,4,1,1,3867,4723,-1
3898,0,84,0,0,4,1,1,3888,4718,-1
3899,0,82,1,0,4,1,1,3870,4768,4742
3900,0,84,1,0,4,1,1,3884,4731,4706
3903,0,83,1,1,4,1,1,3864,4767,4707
3904,0,74,1,6,4,1,1,3810,4915,4760
3905,0,85,0,0,4,1,1,3900,4731,-1
3906,0,81,1,0,4,1,1,3792,4740,4712
3907,0,84,1,2,4,1,1,3903,4835,4737
3912,0,80,0,0,4,1,1,3775,4745,-1
3915,0,82,0,0,4,1,1,3906,4740,-1
3916,0,84,1,0,4,1,1,3884,4764,4720
3919,0,83,0,0,4,1,1,3864,4738,-1
3921,0,75,1,1,4,1,1,3861,4802,4734
3922,0,83,1,0,4,1,1,3854,4758,4719
3923,0,75,1,0,4,1,1,3894,4748,4720
3924,0,81,1,0,4,1,1,3887,4763,4722
3928,0,81,1,0,4,1,1,3792,4748,4733
3931,0,84,0,0,4,1,1,3922,4758,-1
3933,0,85,0,0,4,1,1,3916,4764,-1
3934,0,76,0,0,4,1,1,3923,4748,-1
3939,0,83,1,0,4,1,1,3854,4804,4741
3940,0,82,0,0,4,1,1,3924,4756,-1
3941,0,75,0,0,4,1,1,3894,4758,-1
3943,0,85,1,0,4,1,1,3907,4783,4744
3946,0,81,1,1,4,1,1,3792,4863,4771
3949,0,84,0,0,4,1,0,3903,4767,-1
3950,0,86,0,0,4,1,1,3943,4783,-1
3951,0,75,1,0,4,1,1,3861,4771,4749
3953,0,83,1,0,4,1,1,3854,4783,4757
3954,0,81,1,0,4,1,1,3887,4805,4782
3958,0,82,1,0,4,1,1,3870,4771,4756
3959,0,76,0,0,4,1,1,3951,4771,-1
3960,0,85,1,1,4,1,1,3907,4859,4761
3961,0,84,0,0,4,1,1,3939,4804,-1
3962,0,80,1,0,4,1,1,3775,4798,4791
3963,0,76,1,0,4,1,1,3921,4807,4776
3964,0,84,0,0,4,1,1,3953,4782,-1
3968,0,75,1,0,4,1,1,3904,4801,4765
3969,0,82,0,0,4,1,1,3870,4797,-1
3970,0,75,1,0,4,1,1,3861,4799,4781
3973,0,76,0,0,4,1,1,3968,4801,-1
3974,0,74,0,0,4,1,1,3810,4811,-1
3975,0,86,1,0,4,1,1,3960,4806,4788
3977,0,85,0,0,4,1,1,3907,4835,-1
3982,0,82,0,0,4,1,1,3946,4807,-1
3983,0,83,1,1,4,1,1,3854,4803,4778
3984,0,77,0,0,4,1,1,3963,4807,-1
3985,0,81,1,1,4,1,1,3792,4854,4782
3986,0,84,1,1,4,1,1,3983,4827,4783
3987,0,82,0,0,4,1,1,3954,4803,-1
3988,0,76,0,0,4,1,1,3921,4802,-1
3992,0,85,1,7,4,1,1,3986,5021,4789
3993,0,82,1,0,4,1,1,3985,4849,4828
3994,0,75,1,0,4,1,1,3904,4873,4840
3995,0,81,0,0,4,1,1,3792,4814,-1
3996,0,86,1,0,4,1,1,3992,4870,4809
3997,0,75,1,1,4,1,1,3861,4863,4808
3998,0,86,0,0,4,1,1,3960,4815,-1
3999,0,80,1,0,4,1,1,3775,4857,4803
4001,0,81,0,0,4,1,1,3887,4827,-1
4008,0,81,0,0,4,1,1,3999,4851,-1
4009,0,85,0,0,4,1,1,3986,4827,-1
4013,0,82,1,0,4,1,1,3870,4833,4815
4014,0,76,1,2,4,1,1,3997,4881,4833
4015,0,87,0,0,4,1,1,3996,4829,-1
4017,0,80,1,1,4,1,1,3775,4872,4816
4019,0,75,0,0,4,1,1,3861,4841,-1
4020,0,81,1,2,4,1,1,4017,4920,4846
4021,0,82,1,1,4,1,1,3946,4860,4822
4022,0,86,1,0,4,1,1,3992,4855,4832
4023,0,80,1,0,4,1,1,3775,4901,4827
4024,0,82,1,2,4,1,1,3870,4943,4838
4025,0,83,1,0,4,1,1,4021,4858,4830
4026,0,81,0,0,4,1,1,4023,4901,-1
4029,0,74,0,0,4,1,1,3810,4853,-1
4030,0,82,0,0,4,1,1,3946,4863,-1
4031,0,83,0,0,4,1,1,3993,4849,-1
4032,0,84,0,0,4,1,1,4025,4858,-1
4034,0,80,0,0,4,1,1,3775,4869,-1
4035,0,77,1,2,4,1,1,4014,4945,4845
4037,0,83,0,0,4,1,1,4021,4860,-1
4038,0,83,1,0,4,1,1,4024,4893,4844
4039,0,76,0,0,4,1,1,3997,4863,-1
4041,0,76,0,0,4,1,1,3994,4873,-1
4042,0,86,1,0,4,1,1,3992,4869,4846
4043,0,87,0,0,4,1,1,3996,4870,-1
4044,0,84,0,0,4,1,1,4038,4893,-1
4045,0,82,1,0,4,1,1,4020,4905,4880
4046,0,87,0,0,4,1,1,4042,4869,-1
4047,0,75,1,0,4,1,1,3904,4936,4853
4049,0,77,1,2,4,1,1,4014,4925,4855
4050,0,83,0,0,4,1,1,3854,4871,-1
4051,0,86,0,0,4,1,1,3992,4883,-1
4054,0,76,0,0,4,1,1,4047,4909,-1
4057,0,78,1,1,4,1,1,4049,4941,4874
4061,0,75,1,3,4,1,1,3904,4988,4864
4063,0,77,0,0,4,1,1,4014,4881,-1
4071,0,83,1,1,4,1,1,4024,4909,4876
4072,0,75,1,0,4,1,1,3904,4911,4875
4075,0,79,1,3,4,1,1,4057,5004,4904
4076,0,84,1,0,4,1,1,4071,4909,4882
4078,0,75,1,2,4,1,1,3904,4971,4886
4079,0,83,0,0,4,1,1,4024,4943,-1
4080,0,78,1,1,4,1,1,4049,4995,4890
4082,0,82,1,0,4,1,1,4020,4953,4892
4083,0,76,1,6,4,1,1,4078,5111,4915
4084,0,84,0,0,4,1,1,4071,4909,-1
4085,0,86,1,0,4,1,1,3992,4927,4901
4086,0,79,1,0,4,1,1,4080,4929,4903
4087,0,76,0,0,4,1,1,4072,4911,-1
4088,0,78,1,0,4,1,1,4035,4920,4896
4089,0,83,0,0,4,1,1,4082,4953,-1
4090,0,75,0,0,4,1,1,3904,4915,-1
4091,0,82,0,0,4,1,1,4020,4918,-1
4092,0,76,1,4,4,1,1,4061,5044,4904
4094,0,87,0,0,4,1,1,4085,4927,-1
4095,0,77,1,0,4,1,1,4092,4956,4923
4097,0,80,1,0,4,1,1,4075,4947,4913
4098,0,86,1,0,4,1,1,3992,4943,4912
4099,0,78,1,1,4,1,1,4035,5004,4915
4104,0,76,1,0,4,1,1,4061,4933,4915
4107,0,79,0,0,4,1,1,4057,4941,-1
4108,0,87,0,0,4,1,1,4098,4943,-1
4109,0,81,0,0,4,1,1,4097,4947,-1
4112,0,86,0,0,4,1,1,3992,4948,-1
4113,0,80,1,0,4,1,1,4075,4974,4933
4115,0,76,1,1,4,1,1,4061,4989,4934
4116,0,78,0,0,6,1,0,4035,4943,-1
4117,0,76,1,2,4,1,1,4078,5053,4926
4119,0,78,0,0,4,1,1,4095,4956,-1
4121,0,77,1,0,4,1,1,4117,4995,4948
4122,0,77,0,0,4,1,1,4083,4956,-1
4123,0,79,1,1,4,1,1,4099,5008,4953
4125,0,77,1,0,4,1,1,4092,4987,4954
4128,0,81,0,0,4,1,1,4113,4974,-1
4130,0,76,0,0,4,1,1,4078,4971,-1
4131,0,76,0,0,4,1,1,4061,4988,-1
4136,0,79,0,0,4,1,1,4080,4995,-1
4137,0,80,0,0,4,1,1,4123,4972,-1
4140,0,79,0,0,4,1,1,4099,5001,-1
4141,0,77,1,2,4,1,1,4117,5117,5014
4142,0,77,0,0,4,1,1,4092,4980,-1
4143,0,77,1,0,4,1,1,4115,5030,4970
4144,0,77,1,0,4,1,1,4083,5011,4978
4145,0,80,1,1,4,1,1,4075,5008,4975
4146,0,78,0,0,4,1,1,4143,5015,-1
4148,0,86,1,0,4,1,1,3992,5012,4976
4150,0,80,1,1,4,1,1,4123,5031,4980
4151,0,81,1,2,4,1,1,4145,5046,4980
4152,0,87,0,0,4,1,1,4148,5012,-1
4153,0,78,0,0,4,1,1,4144,5011,-1
4154,0,81,1,1,4,1,1,4150,5040,5000
4155,0,82,1,0,4,1,1,4151,5039,5010
4156,0,86,1,1,4,1,1,3992,5045,4987
4157,0,77,1,2,4,1,1,4083,5045,4991
4158,0,80,0,0,4,1,1,4123,5008,-1
4159,0,81,0,0,4,1,1,4145,5008,-1
4164,0,78,1,0,4,1,1,4157,5025,5002
4165,0,86,0,0,4,1,1,3992,5019,-1
4168,0,77,1,0,4,1,1,4083,5036,5009
4169,0,77,1,1,4,1,1,4092,5068,5005
4170,0,82,1,1,4,1,1,4154,5073,5005
4171,0,79,0,0,4,1,1,4164,5025,-1
4174,0,83,1,1,4,1,1,4170,5093,5022
4175,0,81,0,0,4,1,1,4150,5026,-1
4179,0,78,0,0,4,1,1,4168,5036,-1
4180,0,78,1,2,4,1,1,4157,5065,5022
4181,0,77,1,0,4,1,1,4092,5039,5016
4183,0,82,0,0,4,1,1,4154,5039,-1
4185,0,78,1,1,4,1,1,4169,5054,5024
4186,0,83,0,0,4,1,1,4155,5039,-1
4187,0,87,1,1,4,1,1,4156,5084,5018
4188,0,78,1,0,4,1,1,4141,5052,5021
4189,0,82,1,0,4,1,1,4151,5059,5021
4190,0,78,0,0,4,1,1,4181,5037,-1
4191,0,88,1,0,4,1,1,4187,5046,5027
4192,0,83,0,0,4,1,1,4189,5059,-1
4193,0,77,0,0,4,1,1,4092,5044,-1
4194,0,79,1,0,4,1,1,4180,5059,5027
4195,0,79,1,8,4,1,1,4185,5327,5034
4196,0,77,1,3,4,1,1,4083,5192,5048
4197,0,87,0,0,4,1,1,4156,5045,-1
4198,0,82,0,0,4,1,1,4151,5046,-1
4199,0,89,0,0,4,1,1,4191,5046,-1
4200,0,78,1,3,4,1,1,4141,5275,5080
4201,0,79,0,0,4,1,1,4188,5052,-1
4204,0,84,1,0,4,1,1,4174,5060,5037
4205,0,88,0,0,4,1,1,4187,5084,-1
4206,0,79,1,1,4,1,1,4180,5088,5039
4207,0,83,0,0,4,1,1,4170,5073,-1
4209,0,85,0,0,4,1,1,4204,5060,-1
4212,0,80,1,0,4,1,1,4206,5076,5047
4217,0,79,0,0,4,1,1,4180,5065,-1
4223,0,80,0,0,4,1,1,4206,5088,-1
4224,0,77,1,0,5,1,0,4083,5124,5060
4225,0,78,1,4,4,1,1,4196,5240,5061
4228,0,78,0,0,5,1,0,4224,5124,-1
4229,0,79,0,0,4,1,1,4225,5092,-1
4230,0,84,0,0,4,1,1,4174,5093,-1
4231,0,80,1,0,4,1,1,4195,5115,5074
4232,0,77,1,1,4,1,1,4083,5168,5079
4234,0,78,1,0,4,1,1,4196,5192,5152
4236,0,81,0,0,4,1,1,4231,5115,-1
4238,0,79,1,0,4,1,1,4200,5176,5095
4240,0,78,1,0,4,1,1,4232,5149,5110
4241,0,77,0,0,5,1,0,4083,5111,-1
4242,0,78,0,0,4,1,1,4141,5117,-1
4244,0,79,1,0,4,1,1,4225,5127,5099
4245,0,80,1,0,4,1,1,4195,5131,5102
4247,0,79,1,0,4,1,1,4200,5133,5106
4248,0,80,0,0,4,1,1,4238,5144,-1
4249,0,81,0,0,4,1,1,4245,5126,-1
4250,0,79,0,0,4,1,1,4225,5131,-1
4252,0,79,0,0,4,1,1,4240,5149,-1
4254,0,79,0,0,4,1,1,4200,5138,-1
4255,0,78,0,0,4,1,1,4232,5168,-1
4263,0,80,1,0,4,1,1,4195,5174,5141
4264,0,81,0,0,4,1,1,4263,5174,-1
4265,0,79,1,0,4,1,1,4225,5187,5148
4266,0,80,1,0,4,1,1,4195,5172,5151
4267,0,79,1,1,4,1,1,4200,5212,5181
4268,0,80,0,0,4,1,1,4265,5187,-1
4269,0,80,0,0,4,1,1,4238,5176,-1
4270,0,79,0,0,4,1,1,4234,5184,-1
4271,0,79,1,0,4,1,1,4225,5182,5159
4272,0,80,1,3,4,1,1,4195,5246,5172
4273,0,78,1,5,4,1,1,4196,5275,5163
4274,0,79,1,4,4,1,1,4225,5259,5187
4276,0,78,0,0,4,1,1,4196,5192,-1
4278,0,81,1,3,4,1,1,4272,5232,5177
4281,0,82,1,0,4,1,1,4278,5217,5192
4282,0,80,0,0,4,1,1,4195,5218,-1
4283,0,80,1,0,4,1,1,4267,5212,5185
4284,0,79,1,0,4,1,1,4273,5240,5187
4287,0,81,1,0,4,1,1,4272,5237,5202
4288,0,81,0,0,4,1,1,4283,5207,-1
4289,0,79,0,0,4,1,1,4200,5209,-1
4292,0,80,1,0,4,1,1,4274,5217,5192
4293,0,80,0,0,4,1,1,4284,5207,-1
4294,0,80,0,0,4,1,1,4267,5212,-1
4295,0,81,0,0,4,1,1,4292,5217,-1
4298,0,79,1,0,4,1,1,4273,5242,5198
4299,0,83,0,0,4,1,1,4281,5217,-1
4300,0,80,1,4,5,1,0,4274,5370,5209
4301,0,82,1,0,4,1,1,4278,5237,5203
4302,0,80,0,0,4,1,1,4298,5226,-1
4303,0,82,0,0,4,1,1,4287,5237,-1
4304,0,79,1,1,4,1,1,4273,5295,5218
4306,0,81,1,0,5,1,0,4272,5278,5214
4307,0,82,1,3,4,1,1,4278,5338,5213
4310,0,82,0,0,5,1,0,4306,5278,-1
4311,0,80,1,0,4,1,1,4274,5250,5220
4314,0,81,1,0,5,1,0,4300,5286,5253
4315,0,81,0,0,4,1,1,4272,5245,-1
4316,0,83,1,2,4,1,1,4307,5287,5226
4317,0,79,1,1,4,1,1,4273,5298,5229
4318,0,80,1,0,4,1,1,4274,5255,5231
4319,0,84,1,1,4,1,1,4316,5309,5231
4320,0,80,1,5,4,1,1,4304,5511,5235
4322,0,83,1,1,4,1,1,4307,5338,5289
4323,0,85,1,0,4,1,1,4319,5277,5247
4324,0,79,1,0,4,1,1,4273,5277,5240
4325,0,80,1,1,4,1,1,4317,5280,5242
4326,0,80,1,0,4,1,1,4195,5299,5242
4329,0,84,1,0,4,1,1,4316,5297,5255
4330,0,81,1,1,4,1,1,4320,5310,5251
4334,0,81,1,4,4,1,1,4325,5339,5257
4336,0,81,0,0,4,1,1,4326,5297,-1
4337,0,79,0,0,4,1,1,4200,5273,-1
4338,0,79,0,0,5,1,0,4273,5270,-1
4340,0,80,0,0,4,1,1,4317,5267,-1
4341,0,80,1,0,4,1,1,4195,5281,5252
4342,0,86,0,0,4,1,1,4323,5277,-1
4344,0,80,0,0,4,1,1,4324,5277,-1
4345,0,80,0,0,4,1,1,4304,5274,-1
4346,0,82,1,2,4,1,1,4330,5340,5280
4347,0,85,0,0,4,1,1,4319,5274,-1
4348,0,82,0,0,5,1,0,4314,5283,-1
4349,0,81,0,0,4,1,1,4341,5281,-1
4352,0,81,1,0,5,1,0,4300,5329,5275
4353,0,81,0,0,4,1,1,4320,5280,-1
4354,0,82,1,0,4,1,1,4334,5293,5273
4355,0,84,0,0,4,1,1,4316,5284,-1
4356,0,80,1,4,4,1,1,4195,5404,5279
4360,0,82,0,0,5,1,0,4352,5308,-1
4361,0,80,0,0,4,1,1,4317,5298,-1
4366,0,82,1,0,4,1,1,4334,5308,5284
4369,0,83,1,0,4,1,1,4346,5339,5294
4370,0,81,1,0,5,1,0,4300,5336,5309
4373,0,82,0,0,4,1,1,4330,5310,-1
4374,0,81,0,0,4,1,1,4320,5314,-1
4376,0,84,1,5,4,1,1,4322,5432,5296
4377,0,82,1,0,4,1,1,4334,5343,5306
4379,0,81,1,0,4,1,1,4356,5333,5302
4380,0,83,1,5,4,1,1,4307,5414,5299
4386,0,84,1,0,4,1,1,4380,5354,5309
4387,0,84,0,0,4,1,1,4322,5324,-1
4388,0,83,1,9,4,1,1,4346,5665,5315
4389,0,83,0,0,4,1,1,4307,5338,-1
4390,0,82,0,0,4,1,1,4379,5333,-1
4391,0,83,0,0,4,1,1,4377,5343,-1
4394,0,82,0,0,5,1,0,4370,5336,-1
4396,0,81,1,0,4,1,1,4356,5373,5336
4397,0,82,1,0,4,1,1,4334,5338,5317
4398,0,81,1,0,5,1,0,4300,5345,5329
4399,0,81,1,0,4,1,1,4320,5380,5332
4400,0,84,1,1,4,1,1,4388,5379,5324
4401,0,85,1,0,4,1,1,4376,5368,5345
4402,0,85,0,0,4,1,1,4386,5354,-1
4404,0,84,1,0,4,1,1,4380,5375,5332
4407,0,84,0,0,5,1,0,4388,5414,-1
4408,0,82,0,0,4,1,1,4399,5380,-1
4409,0,85,0,0,4,1,1,4404,5360,-1
4410,0,81,0,0,5,1,0,4300,5370,-1
4415,0,81,1,2,4,1,1,4320,5445,5353
4416,0,85,1,3,4,1,1,4400,5416,5346
4418,0,81,1,0,4,1,1,4356,5373,5346
4421,0,82,0,0,4,1,1,4396,5373,-1
4422,0,86,1,0,4,1,1,4416,5386,5351
4423,0,82,0,0,4,1,1,4418,5373,-1
4424,0,84,1,0,4,1,1,4380,5384,5358
4425,0,85,1,2,5,1,0,4376,5504,5357
4426,0,87,0,0,4,1,1,4422,5386,-1
4427,0,81,1,1,4,1,1,4356,5406,5368
4428,0,82,1,0,4,1,1,4415,5447,5385
4430,0,86,1,1,5,1,0,4425,5441,5370
4431,0,86,1,0,4,1,1,4416,5394,5362
4432,0,85,0,0,4,1,1,4424,5383,-1
4433,0,81,0,0,4,1,1,4320,5386,-1
4434,0,85,1,0,4,1,1,4376,5421,5389
4435,0,84,1,1,4,1,1,4380,5425,5369
4436,0,87,0,0,4,1,1,4431,5394,-1
4437,0,82,1,0,4,1,1,4427,5389,5372
4439,0,85,1,0,4,1,1,4435,5423,5389
4441,0,87,1,0,5,1,0,4430,5411,5399
4442,0,83,0,0,4,1,1,4437,5389,-1
4444,0,81,0,0,4,1,1,4356,5404,-1
4445,0,86,1,1,4,1,1,4416,5450,5379
4446,0,84,1,0,4,1,1,4380,5444,5379
4449,0,86,0,0,5,1,0,4425,5398,-1
4450,0,82,0,0,4,1,1,4427,5406,-1
4452,0,87,0,0,4,1,1,4445,5403,-1
4459,0,82,1,0,4,1,1,4415,5441,5396
4460,0,85,1,0,4,1,1,4376,5445,5400
4461,0,85,0,0,4,1,1,4435,5425,-1
4462,0,81,1,1,4,1,1,4320,5456,5409
4463,0,85,0,0,4,1,1,4446,5444,-1
4464,0,83,0,0,4,1,1,4459,5441,-1
4465,0,86,1,0,5,1,0,4425,5566,5466
4467,0,86,0,0,4,1,1,4439,5423,-1
4468,0,82,0,0,4,1,1,4415,5445,-1
4469,0,85,1,1,4,1,1,4376,5459,5410
4471,0,86,0,0,4,1,1,4460,5445,-1
4472,0,87,0,0,5,1,0,4430,5441,-1
4474,0,87,1,3,4,1,1,4445,5496,5418
4476,0,81,1,0,4,1,1,4320,5441,5420
4477,0,86,1,0,4,1,1,4469,5449,5425
4479,0,88,1,0,4,1,1,4474,5470,5431
4480,0,82,1,2,4,1,1,4462,5524,5429
4481,0,82,0,0,9,1,0,4476,5440,-1
4483,0,87,0,0,4,1,1,4445,5450,-1
4484,0,87,0,0,4,1,0,4477,5449,-1
4486,0,81,0,0,4,1,1,4320,5449,-1
4487,0,84,1,7,4,1,1,4388,5622,5485
4488,0,83,1,0,4,1,1,4480,5482,5451
4489,0,86,0,0,4,1,0,4469,5459,-1
4490,0,89,0,0,4,1,1,4479,5468,-1
4492,0,82,0,0,4,1,1,4462,5456,-1
4493,0,88,1,0,4,1,1,4474,5478,5442
4501,0,88,1,1,4,1,1,4474,5500,5468
4504,0,84,0,0,4,1,1,4488,5477,-1
4505,0,89,0,0,4,1,1,4493,5478,-1
4508,0,83,1,1,4,1,1,4480,5546,5469
4510,0,87,0,0,5,1,0,4465,5566,-1
4511,0,89,1,1,4,1,1,4501,5541,5473
4513,0,86,0,0,5,1,0,4425,5497,-1
4514,0,90,1,2,4,1,1,4511,5559,5493
4515,0,88,0,0,4,1,1,4474,5496,-1
4516,0,83,0,0,4,1,1,4480,5524,-1
4517,0,84,1,2,4,1,1,4508,5556,5504
4520,0,85,1,0,4,1,1,4487,5509,5490
4521,0,81,0,0,4,1,1,4320,5511,-1
4522,0,86,0,0,4,1,1,4520,5509,-1
4523,0,84,1,2,4,1,1,4388,5565,5504
4524,0,85,1,0,4,1,1,4487,5533,5500
4527,0,91,1,2,4,1,1,4514,5573,5514
4528,0,90,0,0,4,1,1,4511,5541,-1
4530,0,86,0,0,4,1,1,4524,5533,-1
4531,0,85,1,2,4,1,1,4517,5600,5513
4532,0,85,1,0,4,1,1,4487,5535,5511
4534,0,84,0,0,4,1,1,4508,5533,-1
4535,0,84,1,0,4,1,1,4388,5551,5515
4538,0,86,0,0,4,1,1,4532,5535,-1
4539,0,92,1,0,4,1,1,4527,5541,5519
4540,0,85,0,0,4,1,1,4535,5535,-1
4541,0,85,1,0,4,1,1,4487,5556,5523
4542,0,86,1,0,4,1,1,4531,5571,5524
4543,0,85,1,0,4,1,1,4523,5581,5533
4544,0,93,0,0,4,1,1,4539,5541,-1
4545,0,85,1,0,4,1,1,4517,5551,5539
4546,0,91,1,1,4,1,1,4514,5574,5525
4548,0,87,0,0,4,1,1,4542,5571,-1
4549,0,92,1,0,4,1,1,4527,5563,5535
4550,0,92,1,2,4,1,1,4546,5614,5532
4551,0,84,1,0,4,1,1,4388,5560,5530
4552,0,85,1,2,4,1,1,4487,5636,5537
4553,0,85,0,0,4,1,1,4551,5560,-1
4554,0,91,0,0,4,1,1,4514,5558,-1
4555,0,93,1,2,4,1,1,4550,5686,5555
4560,0,84,1,2,4,1,1,4388,5646,5557
4561,0,86,1,0,4,1,1,4552,5609,5601
4562,0,85,1,0,4,1,1,4523,5580,5543
4565,0,86,1,2,4,1,1,4531,5649,5572
4566,0,85,1,1,4,1,1,4487,5606,5547
4567,0,93,0,0,4,1,1,4549,5563,-1
4570,0,86,0,0,4,1,1,4543,5581,-1
4574,0,85,0,0,4,1,1,4487,5575,-1
4575,0,94,0,0,4,1,1,4555,5581,-1
4579,0,86,1,1,4,1,1,4566,5698,5577
4581,0,85,0,0,4,1,1,4560,5579,-1
4584,0,93,1,1,4,1,1,4550,5637,5587
4586,0,84,1,0,4,1,1,4388,5618,5583
4589,0,87,0,0,4,1,1,4565,5593,-1
4592,0,86,0,0,4,1,1,4531,5600,-1
4594,0,85,0,0,4,1,1,4586,5615,-1
4595,0,87,1,6,4,1,1,4579,5866,5682
4596,0,85,1,3,4,1,1,4487,5680,5592
4597,0,94,1,6,4,1,1,4584,5889,5608
4598,0,94,1,0,4,1,1,4555,5642,5594
4599,0,85,1,1,4,1,1,4560,5637,5602
4600,0,93,0,0,4,1,1,4550,5614,-1
4601,0,86,1,0,4,1,1,4596,5642,5616
4602,0,85,0,0,4,1,1,4487,5622,-1
4603,0,84,1,3,4,1,1,4388,5915,5605
4605,0,95,0,0,4,1,1,4598,5642,-1
4606,0,86,1,0,4,1,1,4599,5630,5611
4607,0,87,1,0,4,1,1,4565,5630,5608
4609,0,86,1,2,4,1,1,4552,5672,5611
4610,0,85,1,1,4,1,1,4603,5773,5715
4611,0,85,1,1,4,1,1,4560,5691,5612
4613,0,94,1,0,4,1,1,4555,5655,5639
4614,0,95,1,0,4,1,1,4597,5709,5641
4615,0,87,0,0,4,1,1,4606,5630,-1
4618,0,87,1,0,4,1,1,4565,5643,5619
4619,0,94,0,0,4,1,1,4584,5637,-1
4620,0,87,0,0,4,1,1,4601,5642,-1
4621,0,84,1,0,4,1,1,4388,5669,5628
4623,0,85,0,0,4,1,1,4560,5646,-1
4624,0,88,0,0,4,1,1,4618,5643,-1
4626,0,86,1,1,4,1,1,4596,5746,5627
4627,0,87,0,0,4,1,1,4565,5649,-1
4628,0,86,1,1,4,1,1,4611,5688,5632
4629,0,87,0,0,4,1,1,4626,5665,-1
4630,0,87,1,0,4,1,1,4609,5702,5636
4631,0,85,0,0,4,1,1,4621,5653,-1
4634,0,87,1,2,4,1,1,4628,5744,5642
4635,0,86,1,1,4,1,1,4596,5691,5646
4636,0,84,0,0,4,1,1,4388,5665,-1
4638,0,88,0,0,4,1,1,4630,5702,-1
4641,0,96,0,0,5,1,0,4614,5709,-1
4643,0,87,1,0,4,1,1,4609,5679,5647
4646,0,88,1,2,4,1,1,4634,5745,5697
4649,0,88,0,0,4,1,1,4643,5679,-1
4650,0,87,1,0,4,1,1,4635,5714,5670
4651,0,87,0,0,4,1,1,4628,5688,-1
4653,0,95,1,0,4,1,1,4597,5715,5657
4654,0,86,0,0,4,1,1,4596,5680,-1
4656,0,96,0,0,4,1,1,4653,5691,-1
4657,0,94,0,0,4,1,1,4555,5686,-1
4658,0,95,1,0,4,1,1,4597,5763,5690
4663,0,86,0,0,4,1,1,4611,5691,-1
4664,0,88,0,0,4,1,1,4650,5714,-1
4666,0,87,1,0,4,1,1,4626,5746,5712
4668,0,88,1,1,4,1,1,4595,5752,5697
4672,0,96,0,0,4,1,1,4658,5715,-1
4675,0,89,1,0,4,1,1,4646,5776,5701
4676,0,89,1,0,4,1,1,4668,5756,5706
4678,0,90,0,0,4,1,1,4675,5776,-1
4680,0,88,1,2,4,1,1,4634,5774,5707
4681,0,88,0,0,4,1,1,4595,5730,-1
4682,0,90,0,0,4,1,1,4676,5756,-1
4683,0,89,1,1,4,1,1,4646,5813,5712
4684,0,89,1,0,4,1,1,4680,5745,5714
4686,0,95,1,1,4,1,1,4597,5812,5762
4687,0,89,0,0,4,1,1,4668,5751,-1
4688,0,88,0,0,4,1,1,4666,5746,-1
4689,0,88,0,0,4,1,1,4634,5744,-1
4692,0,90,0,0,4,1,1,4684,5745,-1
4693,0,90,1,1,4,1,1,4683,5821,5759
4694,0,86,1,1,4,1,1,4610,5782,5743
4695,0,87,0,0,4,1,1,4626,5746,-1
4696,0,89,0,0,4,1,1,4646,5745,-1
4697,0,89,1,1,4,1,1,4680,5814,5730
4698,0,90,1,0,4,1,1,4697,5809,5786
4700,0,96,0,0,4,1,1,4658,5763,-1
4701,0,88,1,0,4,1,1,4595,5834,5778
4702,0,85,1,0,4,1,1,4603,5794,5759
4703,0,87,1,0,4,1,1,4694,5778,5748
4710,0,86,0,0,4,1,1,4610,5769,-1
4711,0,88,0,0,4,1,1,4703,5778,-1
4713,0,87,0,0,4,1,1,4694,5780,-1
4715,0,91,1,0,4,1,1,4693,5820,5788
4716,0,96,1,3,4,1,1,4686,5928,5779
4717,0,85,1,1,4,1,1,4603,5833,5770
4718,0,86,0,0,4,1,1,4702,5794,-1
4719,0,95,1,0,4,1,1,4597,5820,5775
4720,0,90,0,0,4,1,1,4683,5813,-1
4723,0,96,0,0,4,1,1,4719,5820,-1
4725,0,85,0,0,4,1,1,4603,5798,-1
4728,0,97,1,0,4,1,1,4716,5811,5784
4731,0,89,0,0,4,1,1,4701,5834,-1
4732,0,88,1,1,4,1,1,4595,5833,5788
4733,0,98,0,0,4,1,1,4728,5811,-1
4734,0,96,0,0,4,1,1,4686,5812,-1
4735,0,91,0,0,4,1,1,4698,5809,-1
4736,0,89,1,0,4,1,1,4732,5820,5796
4737,0,97,0,0,4,1,1,4716,5844,-1
4738,0,90,0,0,4,1,1,4697,5814,-1
4740,0,86,1,3,4,1,1,4717,5883,5807
4741,0,90,0,0,4,1,1,4736,5820,-1
4742,0,92,0,0,4,1,1,4715,5820,-1
4743,0,88,1,0,4,1,1,4595,5836,5811
4744,0,85,0,0,4,1,1,4603,5825,-1
4745,0,95,1,2,4,1,1,4597,5903,5846
4746,0,87,1,0,4,1,1,4740,5837,5812
4749,0,89,0,0,4,1,1,4743,5834,-1
4751,0,88,0,0,4,1,1,4746,5833,-1
4753,0,86,0,0,4,1,1,4717,5833,-1
4756,0,87,1,1,4,1,1,4740,5904,5825
4762,0,88,1,1,4,1,1,4595,5869,5833
4763,0,87,1,2,4,1,1,4740,5886,5836
4765,0,89,1,4,4,1,1,4762,5942,5846
4770,0,85,0,0,4,1,1,4603,5874,-1
4771,0,88,1,1,4,1,1,4763,5879,5850
4774,0,88,1,0,4,1,1,4595,5869,5846
4775,0,87,0,0,4,1,1,4740,5875,-1
4776,0,96,1,3,4,1,1,4745,5949,5851
4777,0,90,1,0,4,1,1,4765,5899,5856
4778,0,89,0,0,4,1,1,4774,5869,-1
4779,0,97,1,2,4,1,1,4716,5957,5857
4780,0,88,1,2,4,1,1,4756,5968,5866
4781,0,89,1,0,4,1,1,4771,5876,5855
4782,0,91,0,0,4,1,1,4777,5899,-1
4783,0,88,1,1,4,1,1,4763,5952,5861
4784,0,96,1,3,4,1,1,4745,5976,5862
4785,0,95,0,0,4,1,1,4597,5889,-1
4786,0,89,1,3,4,1,1,4783,5992,5913
4787,0,90,1,0,4,1,1,4765,5900,5869
4788,0,98,1,0,4,1,1,4779,5959,5920
4790,0,89,1,4,4,1,1,4780,5969,5873
4791,0,88,0,0,4,1,1,4763,5886,-1
4792,0,96,0,0,4,1,1,4745,5903,-1
4795,0,91,0,0,4,1,1,4787,5894,-1
4796,0,88,0,0,4,1,1,4756,5892,-1
4800,0,97,1,0,4,1,1,4776,5927,5896
4803,0,85,0,0,4,1,1,4603,5915,-1
4805,0,97,1,0,4,1,1,4716,5933,5895
4806,0,97,1,1,4,1,1,4784,6003,5914
4808,0,90,1,1,4,1,1,4790,5957,5898
4810,0,90,1,0,4,1,1,4765,5949,5901
4811,0,98,0,0,4,1,1,4800,5915,-1
4812,0,91,1,0,4,1,1,4808,5941,5913
4817,0,97,1,3,4,1,1,4776,6000,5906
4819,0,98,0,0,4,1,1,4805,5933,-1
4820,0,97,0,0,4,1,1,4716,5928,-1
4822,0,90,1,0,4,1,1,4790,5944,5908
4823,0,91,0,0,4,1,1,4810,5949,-1
4824,0,98,1,0,4,1,1,4817,5955,5931
4825,0,90,1,0,4,1,1,4765,5935,5912
4826,0,91,0,0,4,1,1,4825,5935,-1
4827,0,97,1,0,4,1,1,4776,5937,5917
4828,0,90,1,0,4,1,1,4786,5957,5918
4829,0,89,1,1,4,1,1,4780,5978,5923
4830,0,98,1,0,4,1,1,4806,5977,5919
4831,0,90,1,1,4,1,1,4790,5974,5923
4833,0,97,1,1,4,1,1,4784,5959,5925
4834,0,99,0,0,4,1,1,4830,5947,-1
4835,0,90,1,2,4,1,1,4829,6000,5940
4836,0,89,0,0,4,1,1,4783,5952,-1
4837,0,98,1,0,4,1,1,4833,5946,5931
4838,0,91,1,0,4,1,1,4831,5952,5931
4839,0,98,1,1,4,1,1,4779,5966,5931
4841,0,99,0,0,4,1,1,4788,5959,-1
4844,0,90,1,2,4,1,1,4790,6023,5936
4845,0,91,0,0,4,1,1,4828,5957,-1
4846,0,97,1,2,4,1,1,4784,5991,5942
4847,0,99,1,2,4,1,1,4839,6030,5936
4848,0,99,0,0,4,1,1,4824,5955,-1
4849,0,92,0,0,4,1,1,4838,5952,-1
4851,0,90,1,6,4,1,1,4786,6177,5955
4853,0,100,1,0,4,1,1,4847,6007,5980
4855,0,98,1,0,4,1,1,4817,5960,5942
4856,0,91,0,0,4,1,1,4831,5974,-1
4857,0,98,0,0,4,1,1,4806,5965,-1
4858,0,91,1,0,4,1,1,4835,6003,5956
4862,0,98,1,2,4,1,1,4846,6039,5948
4863,0,89,0,0,4,1,1,4780,5968,-1
4864,0,90,0,0,4,1,1,4790,5968,-1
4865,0,99,0,0,4,1,1,4839,5966,-1
4869,0,98,1,1,4,1,1,4817,6005,5970
4873,0,98,1,1,4,1,1,4846,6045,5959
4882,0,99,1,2,4,1,1,4873,6102,6017
4883,0,99,1,1,4,1,1,4862,6046,5984
4885,0,91,1,0,4,1,1,4844,5994,5969
4886,0,90,1,0,4,1,1,4786,5992,5966
4887,0,91,1,1,4,1,1,4835,6006,5969
4889,0,98,0,0,4,1,1,4846,5991,-1
4891,0,91,0,0,4,1,1,4886,5992,-1
4893,0,92,0,0,4,1,1,4885,5994,-1
4894,0,92,1,4,4,1,1,4887,6080,5974
4896,0,99,1,1,4,1,1,4869,6035,5975
4897,0,90,0,0,4,1,1,4786,5992,-1
4900,0,91,1,0,4,1,1,4844,6013,5980
4901,0,92,0,0,4,1,1,4858,6003,-1
4902,0,91,0,0,4,1,1,4835,6000,-1
4903,0,98,0,0,4,1,1,4806,6003,-1
4906,0,98,0,0,4,1,1,4817,6000,-1
4908,0,93,1,0,4,1,1,4894,6012,6005
4910,0,101,0,0,4,1,1,4853,6004,-1
4911,0,92,0,0,4,1,1,4887,6006,-1
4912,0,100,1,7,4,1,1,4883,6294,5988
4913,0,91,1,1,4,1,1,4851,6081,5994
4914,0,100,1,1,4,1,1,4847,6076,6000
4915,0,99,1,2,4,1,1,4862,6069,6004
4919,0,91,0,0,4,1,1,4844,6023,-1
4920,0,92,1,0,4,1,1,4913,6088,6003
4922,0,100,0,0,4,1,1,4883,6023,-1
4923,0,100,1,4,4,1,1,4896,6140,6002
4925,0,91,1,2,4,1,1,4851,6099,6031
4927,0,101,1,0,4,1,1,4923,6047,6013
4929,0,93,0,0,4,1,1,4920,6050,-1
4932,0,100,1,0,4,1,1,4915,6041,6009
4935,0,100,0,0,4,1,1,4896,6031,-1
4936,0,92,0,0,4,1,1,4913,6046,-1
4937,0,93,1,0,4,1,1,4894,6042,6016
4939,0,99,0,0,4,1,1,4862,6039,-1
4940,0,102,0,0,4,1,1,4927,6047,-1
4943,0,101,1,0,4,1,1,4914,6042,6019
4944,0,100,1,0,4,1,1,4915,6080,6042
4945,0,94,0,0,4,1,1,4937,6042,-1
4946,0,100,1,0,4,1,1,4882,6104,6049
4947,0,102,0,0,4,1,1,4943,6039,-1
4948,0,93,1,6,4,1,1,4894,6195,6027
4951,0,99,0,0,4,1,0,4873,6045,-1
4952,0,101,1,0,4,1,1,4923,6060,6030
4953,0,94,1,0,4,1,1,4948,6065,6042
4954,0,102,0,0,4,1,1,4952,6060,-1
4955,0,92,1,1,4,1,1,4925,6154,6059
4956,0,93,1,0,4,1,1,4894,6126,6043
4958,0,101,1,1,4,1,1,4923,6113,6043
4961,0,91,1,2,4,1,1,4851,6111,6067
4964,0,101,0,0,4,1,1,4944,6071,-1
4965,0,102,1,2,4,1,1,4958,6206,6054
4966,0,94,0,0,4,1,1,4956,6126,-1
4971,0,94,1,0,4,1,1,4948,6079,6058
4972,0,100,0,0,4,1,1,4915,6069,-1
4973,0,101,1,1,4,1,1,4912,6127,6071
4974,0,93,0,0,4,1,1,4894,6080,-1
4975,0,101,0,0,4,1,1,4946,6104,-1
4976,0,101,1,0,4,1,1,4923,6100,6073
4978,0,100,1,2,4,1,1,4882,6146,6073
4979,0,95,0,0,4,1,1,4971,6079,-1
4980,0,103,1,0,4,1,1,4965,6199,6103
4981,0,93,0,0,4,1,1,4920,6088,-1
4982,0,93,1,1,4,1,1,4955,6122,6075
4984,0,92,0,0,4,1,1,4913,6081,-1
4985,0,94,1,0,4,1,1,4948,6128,6095
4986,0,92,1,9,4,1,1,4925,6291,6070
4988,0,92,1,0,4,1,1,4961,6157,6072
4990,0,102,1,0,4,1,1,4973,6133,6105
4991,0,93,0,0,4,1,1,4988,6094,-1
4992,0,91,1,0,4,1,1,4851,6099,6078
4993,0,102,0,0,4,1,1,4976,6096,-1
4994,0,101,1,0,4,1,1,4978,6109,6079
4996,0,92,0,0,4,1,1,4925,6099,-1
4997,0,102,0,0,4,1,1,4958,6113,-1
4998,0,92,1,0,4,1,1,4961,6122,6083
4999,0,101,1,0,4,1,1,4912,6113,6085
5001,0,101,0,0,4,1,1,4923,6108,-1
5002,0,100,0,0,4,1,1,4882,6102,-1
5003,0,102,0,0,4,1,1,4994,6099,-1
5006,0,93,0,0,4,1,1,4955,6116,-1
5007,0,91,0,0,4,1,1,4851,6119,-1
5008,0,94,1,1,4,1,1,4982,6132,6090
5009,0,101,1,0,4,1,1,4978,6143,6112
5011,0,92,0,0,4,1,1,4961,6111,-1
5012,0,93,1,0,4,1,1,4986,6117,6094
5013,0,95,1,1,4,1,1,5008,6171,6095
5014,0,101,1,5,4,1,1,4912,6281,6111
5015,0,94,0,0,4,1,1,5012,6117,-1
5017,0,94,0,0,4,1,1,4982,6122,-1
5018,0,95,0,0,4,1,1,4985,6128,-1
5021,0,93,0,0,4,1,1,4998,6122,-1
5022,0,93,1,0,4,1,1,4986,6198,6108
5024,0,95,0,0,4,1,1,5008,6121,-1
5025,0,94,1,0,4,1,1,4948,6135,6106
5027,0,104,0,0,4,1,1,4980,6139,-1
5029,0,95,0,0,4,1,1,5025,6135,-1
5030,0,103,0,0,4,1,1,4990,6133,-1
5032,0,93,0,0,4,1,1,4988,6139,-1
5034,0,96,1,2,4,1,1,5013,6231,6141
5035,0,102,1,0,4,1,1,5014,6158,6116
5036,0,102,0,0,4,1,1,5009,6143,-1
5037,0,94,1,5,4,1,1,4948,6240,6130
5040,0,103,0,0,4,1,1,5035,6158,-1
5042,0,101,0,0,4,1,1,4978,6138,-1
5043,0,101,1,0,4,1,1,4912,6210,6157
5044,0,93,0,0,4,1,1,4955,6154,-1
5047,0,102,0,0,4,1,1,5014,6157,-1
5048,0,91,1,2,4,1,1,4851,6218,6139
5052,0,103,0,0,4,1,1,4965,6160,-1
5053,0,93,1,3,4,1,1,4986,6251,6135
5054,0,94,0,0,4,1,1,5022,6182,-1
5055,0,95,1,0,4,1,1,5037,6166,6136
5059,0,94,1,0,4,1,1,4948,6186,6165
5061,0,92,1,1,4,1,1,5048,6200,6144
5063,0,93,1,0,4,1,1,4986,6184,6162
5064,0,97,1,0,4,1,1,5034,6176,6146
5066,0,95,1,0,4,1,1,5037,6189,6151
5067,0,104,0,0,4,1,1,4980,6198,-1
5068,0,93,1,0,4,1,1,5061,6179,6166
5069,0,91,1,0,4,1,1,4851,6191,6150
5071,0,98,0,0,4,1,1,5064,6176,-1
5072,0,96,0,0,4,1,1,5013,6171,-1
5073,0,92,1,4,4,1,1,5048,6278,6182
5074,0,96,0,0,4,1,1,5066,6189,-1
5077,0,94,1,0,4,1,1,5053,6194,6160
5078,0,97,1,1,4,1,1,5034,6225,6162
5079,0,95,1,0,4,1,1,5037,6213,6165
5080,0,102,0,0,4,1,1,5043,6210,-1
5082,0,95,0,0,4,1,1,5077,6194,-1
5083,0,92,0,0,4,1,1,5069,6191,-1
5084,0,98,1,0,4,1,1,5078,6206,6187
5085,0,101,1,0,4,1,1,4912,6272,6240
5088,0,94,1,1,4,1,1,5053,6270,6192
5089,0,93,1,0,4,1,1,4986,6241,6208
5090,0,97,0,0,4,1,1,5034,6214,-1
5091,0,103,1,0,3,1,0,4965,6219,6180
5093,0,95,1,0,4,1,1,5037,6243,6193
5094,0,102,1,0,4,1,1,5014,6227,6182
5099,0,93,1,1,4,1,1,5073,6308,6187
5103,0,103,0,0,4,1,1,4965,6206,-1
5104,0,96,0,0,4,1,1,5079,6207,-1
5105,0,99,0,0,4,1,1,5084,6206,-1
5106,0,94,1,0,4,1,1,5099,6300,6280
5107,0,102,1,1,4,1,1,5014,6246,6193
5109,0,104,0,0,3,1,0,5091,6219,-1
5110,0,96,0,0,4,1,1,5093,6243,-1
5111,0,93,1,1,4,1,1,5073,6235,6209
5113,0,103,1,0,4,1,1,5107,6270,6211
5116,0,92,0,0,4,1,1,5048,6218,-1
5118,0,94,1,0,4,1,1,5053,6225,6203
5119,0,102,1,0,4,1,1,5014,6237,6215
5123,0,95,1,2,4,1,1,5088,6284,6226
5124,0,95,1,1,4,1,1,5037,6262,6211
5127,0,94,0,0,4,1,1,5053,6249,-1
5128,0,94,1,0,4,1,1,5111,6230,6214
5131,0,103,0,0,4,1,1,5119,6237,-1
5132,0,93,1,1,4,1,1,5073,6274,6228
5133,0,104,0,0,4,1,1,5113,6270,-1
5134,0,95,0,0,4,1,1,5037,6240,-1
5135,0,103,0,0,4,1,1,5107,6240,-1
5136,0,102,1,0,4,1,1,5014,6274,6246
5137,0,96,1,1,4,1,1,5124,6314,6233
5138,0,93,1,0,4,1,1,4986,6289,6229
5142,0,96,1,1,4,1,1,5123,6362,6236
5143,0,94,1,0,4,1,1,5132,6268,6241
5146,0,97,1,2,4,1,1,5137,6305,6259
5147,0,93,1,0,4,1,1,5073,6299,6246
5148,0,93,1,0,4,1,1,4986,6264,6241
5151,0,96,0,0,4,1,1,5124,6262,-1
5152,0,102,0,0,4,1,1,5085,6272,-1
5153,0,94,0,0,4,1,1,5148,6264,-1
5154,0,95,0,0,4,1,1,5143,6263,-1
5155,0,96,1,1,4,1,1,5123,6308,6256
5158,0,103,0,0,4,1,1,5136,6267,-1
5159,0,101,1,9,4,1,1,4912,6501,6253
5160,0,93,1,1,4,1,1,4986,6427,6252
5162,0,94,1,11,4,1,1,5160,6546,6309
5163,0,94,0,0,4,1,1,5138,6289,-1
5164,0,102,1,3,4,1,1,5159,6389,6267
5165,0,102,0,0,4,1,1,5014,6281,-1
5166,0,97,1,1,4,1,1,5155,6328,6284
5167,0,93,1,0,4,1,1,4986,6291,6263
5168,0,98,1,0,4,1,1,5146,6300,6266
5169,0,101,1,0,4,1,1,4912,6295,6271
5171,0,94,0,0,4,1,1,5167,6291,-1
5173,0,97,0,0,4,1,1,5137,6314,-1
5174,0,99,0,0,4,1,1,5168,6300,-1
5176,0,103,1,1,4,1,1,5164,6365,6305
5178,0,93,0,0,4,1,1,4986,6291,-1
5182,0,102,0,0,4,1,1,5169,6293,-1
5183,0,98,1,0,4,1,1,5146,6361,6277
5185,0,102,0,0,4,1,1,5159,6324,-1
5189,0,97,1,1,4,1,1,5142,6361,6298
5190,0,99,0,0,4,1,1,5183,6311,-1
5192,0,95,0,0,4,1,1,5106,6300,-1
5195,0,98,1,0,4,1,1,5166,6326,6288
5196,0,94,0,0,4,1,1,5099,6308,-1
5197,0,99,0,0,3,1,0,5195,6326,-1
5202,0,98,0,0,4,1,1,5166,6328,-1
5208,0,104,1,0,4,1,1,5176,6371,6336
5211,0,95,1,0,4,1,1,5162,6360,6319
5214,0,103,1,2,4,1,1,5164,6413,6359
5215,0,96,0,0,4,1,1,5211,6346,-1
5216,0,95,1,3,4,1,1,5162,6402,6330
5217,0,102,1,1,4,1,1,5159,6413,6330
5221,0,99,0,0,4,1,1,5183,6358,-1
5222,0,98,1,0,4,1,1,5189,6395,6333
5223,0,96,1,0,4,1,1,5216,6454,6352
5224,0,99,0,0,4,1,1,5222,6395,-1
5225,0,94,0,0,9,1,0,5160,6427,-1
5226,0,97,0,0,4,1,1,5142,6359,-1
5227,0,102,1,1,4,1,1,5159,6456,6341
5228,0,103,0,0,4,1,1,5217,6369,-1
5229,0,95,1,0,4,1,1,5162,6404,6343
5230,0,103,1,1,4,1,1,5227,6458,6400
5231,0,104,0,0,4,1,1,5176,6365,-1
5232,0,96,0,0,4,1,1,5229,6366,-1
5233,0,102,1,0,4,1,1,5159,6388,6359
5234,0,95,1,1,4,1,1,5162,6390,6353
5235,0,96,1,0,4,1,1,5234,6381,6361
5236,0,96,1,0,4,1,1,5216,6398,6362
5237,0,103,0,0,4,1,1,5233,6388,-1
5238,0,104,1,0,4,1,1,5214,6410,6364
5239,0,95,1,0,4,1,1,5162,6409,6387
5245,0,103,1,0,4,1,1,5164,6394,6370
5246,0,102,1,0,4,1,1,5159,6425,6374
5247,0,96,0,0,4,1,1,5234,6390,-1
5248,0,96,1,0,4,1,1,5216,6406,6373
5249,0,104,1,1,4,1,1,5214,6436,6375
5251,0,104,0,0,4,1,1,5245,6392,-1
5252,0,97,0,0,4,1,1,5248,6406,-1
5253,0,97,0,0,4,1,1,5236,6398,-1
5254,0,96,0,0,4,1,1,5216,6402,-1
5255,0,102,1,0,4,1,1,5159,6405,6385
5257,0,104,0,0,4,1,1,5214,6401,-1
5258,0,105,1,2,4,1,1,5249,6461,6395
5259,0,103,0,0,4,1,1,5255,6405,-1
5260,0,96,0,0,4,1,1,5239,6409,-1
5261,0,105,0,0,4,1,1,5238,6410,-1
5264,0,103,1,0,4,1,1,5217,6424,6399
5266,0,102,1,4,4,1,1,5159,6481,6396
5267,0,95,1,5,4,1,1,5162,6611,6398
5270,0,106,1,6,4,1,1,5258,6545,6400
5271,0,103,1,1,4,1,1,5266,6477,6407
5273,0,104,0,0,4,1,1,5264,6422,-1
5274,0,107,1,0,4,1,1,5270,6449,6427
5275,0,104,1,1,4,1,1,5230,6503,6405
5276,0,105,0,0,4,1,1,5249,6436,-1
5278,0,102,1,0,4,1,1,5159,6477,6447
5282,0,106,1,0,4,1,1,5258,6484,6419
5283,0,103,0,0,4,1,1,5227,6456,-1
5285,0,105,1,0,4,1,1,5275,6456,6431
5286,0,104,1,0,4,1,1,5271,6456,6420
5290,0,96,1,0,4,1,1,5267,6455,6417
5292,0,103,1,0,4,1,1,5266,6453,6418
5294,0,97,0,0,4,1,1,5290,6455,-1
5295,0,95,0,0,4,1,1,5162,6450,-1
5296,0,107,0,0,4,1,1,5282,6462,-1
5297,0,96,1,1,4,1,1,5267,6576,6504
5298,0,97,0,0,4,1,1,5223,6454,-1
5300,0,103,1,0,4,1,1,5266,6454,6428
5302,0,108,0,0,4,1,1,5274,6449,-1
5303,0,104,0,0,4,1,1,5300,6454,-1
5304,0,106,0,0,4,1,1,5285,6456,-1
5305,0,104,0,0,4,1,1,5230,6458,-1
5306,0,107,1,0,4,1,1,5270,6465,6438
5308,0,104,0,0,4,1,1,5271,6477,-1
5309,0,105,0,0,4,1,1,5275,6481,-1
5310,0,108,0,0,4,1,1,5306,6465,-1
5311,0,103,1,2,4,1,1,5266,6524,6450
5312,0,107,1,0,4,1,1,5270,6495,6451
5314,0,104,1,0,4,1,1,5311,6500,6474
5315,0,103,0,0,3,1,0,5278,6477,-1
5317,0,102,1,2,4,1,1,5159,6519,6469
5322,0,95,1,0,4,1,1,5162,6530,6462
5325,0,103,0,0,4,1,1,5266,6481,-1
5327,0,107,1,0,4,1,1,5270,6517,6465
5329,0,108,0,0,4,1,1,5312,6482,-1
5330,0,96,0,0,4,1,1,5322,6497,-1
5332,0,108,0,0,4,1,1,5327,6517,-1
5333,0,103,1,0,4,1,1,5317,6509,6473
5334,0,107,1,0,4,1,1,5270,6499,6488
5335,0,95,1,0,4,1,1,5162,6532,6478
5338,0,96,0,0,4,1,1,5335,6516,-1
5339,0,103,1,2,4,1,1,5317,6567,6484
5342,0,95,1,1,4,1,1,5162,6582,6490
5343,0,104,1,0,3,1,0,5339,6514,6502
5344,0,103,0,0,4,1,1,5317,6510,-1
5345,0,96,1,1,4,1,1,5342,6578,6553
5346,0,107,1,7,4,1,1,5270,6654,6501
5348,0,95,1,0,4,1,1,5162,6579,6501
5349,0,96,0,0,4,1,1,5322,6530,-1
5351,0,104,1,0,4,1,1,5311,6564,6506
5357,0,96,0,0,4,1,1,5348,6579,-1
5358,0,105,0,0,4,1,1,5351,6529,-1
5359,0,95,1,0,4,1,1,5162,6531,6511
5360,0,107,0,0,4,1,1,5270,6545,-1
5361,0,104,1,1,4,1,1,5339,6562,6527
5363,0,96,1,2,4,1,1,5267,6611,6515
5364,0,97,1,0,4,1,1,5297,6560,6527
5365,0,108,1,3,4,1,1,5346,6611,6542
5367,0,95,0,0,4,1,1,5162,6541,-1
5369,0,96,0,0,4,1,1,5267,6544,-1
5371,0,105,1,3,4,1,1,5361,6638,6539
5372,0,98,0,0,4,1,1,5364,6560,-1
5375,0,97,1,0,4,1,1,5363,6577,6549
5377,0,104,0,0,4,1,1,5339,6567,-1
5378,0,105,0,0,4,1,1,5351,6564,-1
5380,0,109,1,1,4,1,1,5365,6633,6547
5381,0,97,0,0,4,1,1,5297,6567,-1
5383,0,105,0,0,4,1,1,5361,6562,-1
5385,0,96,1,5,4,1,1,5267,6687,6563
5386,0,108,1,0,4,1,1,5346,6573,6553
5387,0,98,0,0,4,1,1,5375,6576,-1
5388,0,109,1,0,4,1,1,5365,6601,6558
5389,0,109,0,0,4,1,1,5386,6573,-1
5390,0,97,1,5,4,1,1,5345,6674,6558
5391,0,106,1,7,4,1,1,5371,6730,6564
5392,0,110,0,0,4,1,1,5388,6601,-1
5393,0,98,1,0,4,1,1,5390,6601,6572
5394,0,108,1,1,4,1,1,5346,6622,6564
5398,0,109,1,0,4,1,1,5365,6662,6575
5400,0,97,1,0,4,1,1,5363,6603,6571
5401,0,97,1,0,4,1,1,5385,6604,6573
5403,0,96,1,0,4,1,1,5267,6609,6584
5404,0,106,1,0,4,1,1,5371,6598,6591
5405,0,98,0,0,4,1,1,5400,6603,-1
5406,0,107,1,0,4,1,1,5391,6609,6577
5408,0,110,1,3,4,1,1,5380,6729,6606
5409,0,99,0,0,4,1,1,5393,6601,-1
5410,0,98,0,0,9,1,0,5401,6604,-1
5413,0,108,0,0,4,1,1,5406,6599,-1
5417,0,98,1,0,4,1,1,5390,6628,6596
5418,0,97,0,0,4,1,1,5363,6611,-1
5420,0,97,1,2,4,1,1,5385,6657,6585
5421,0,108,1,0,4,1,1,5346,6617,6585
5422,0,109,0,0,4,1,1,5365,6602,-1
5425,0,107,1,0,4,1,1,5391,6617,6611
5426,0,98,1,0,4,1,1,5420,6648,6608
5427,0,108,1,1,4,1,1,5346,6626,6600
5428,0,109,1,0,4,1,1,5394,6620,6598
5429,0,99,0,0,4,1,1,5417,6628,-1
5432,0,109,1,0,4,1,1,5427,6630,6606
5434,0,106,1,0,4,1,1,5371,6634,6606
5435,0,98,1,0,4,1,1,5390,6636,6607
5438,0,110,0,0,4,1,1,5432,6630,-1
5439,0,107,0,0,4,1,1,5434,6626,-1
5440,0,99,0,0,4,1,1,5426,6648,-1
5446,0,111,1,0,4,1,1,5408,6659,6616
5447,0,106,0,0,4,1,1,5371,6638,-1
5448,0,110,0,0,4,1,1,5380,6633,-1
5449,0,98,1,2,4,1,1,5390,6708,6625
5450,0,112,0,0,4,1,1,5446,6659,-1
5451,0,110,0,0,4,1,1,5398,6662,-1
5454,0,107,1,0,4,1,1,5391,6668,6645
5455,0,108,1,0,4,1,1,5346,6664,6623
5458,0,111,1,1,4,1,1,5408,6704,6672
5459,0,109,0,0,4,1,1,5455,6664,-1
5460,0,99,1,3,4,1,1,5449,6739,6629
5461,0,97,1,1,4,1,1,5385,6701,6631
5463,0,98,1,4,4,1,1,5420,6745,6637
5465,0,108,1,2,4,1,1,5346,6773,6636
5466,0,100,0,0,4,1,1,5460,6664,-1
5468,0,98,1,0,4,1,1,5461,6691,6665
5469,0,98,1,0,4,1,1,5390,6675,6636
5474,0,99,1,3,4,1,1,5449,6752,6640
5475,0,99,1,0,4,1,1,5463,6676,6648
5476,0,97,1,0,4,1,0,5385,6665,6641
5479,0,97,1,0,4,1,1,5385,6683,6660
5481,0,100,0,0,4,1,1,5475,6676,-1
5482,0,100,1,0,4,1,1,5474,6714,6655
5483,0,107,1,1,4,1,1,5391,6739,6664
5484,0,99,1,0,4,1,1,5463,6708,6681
5486,0,109,1,2,4,1,1,5465,6755,6662
5487,0,99,0,0,4,1,1,5449,6708,-1
5490,0,98,0,0,4,1,1,5479,6683,-1
5491,0,100,1,0,4,1,1,5474,6696,6670
5493,0,110,1,0,4,1,1,5486,6741,6695
5495,0,99,0,0,4,1,1,5468,6691,-1
5497,0,97,0,0,4,1,1,5385,6687,-1
5498,0,109,1,0,4,1,1,5465,6763,6744
5499,0,107,1,0,4,1,1,5391,6703,6674
5500,0,112,1,3,4,1,1,5458,6751,6677
5502,0,108,1,1,4,1,1,5483,6736,6680
5506,0,113,1,0,4,1,1,5500,6709,6686
5507,0,100,1,1,4,1,1,5460,6732,6688
5508,0,111,1,0,4,1,1,5408,6720,6686
5509,0,107,1,0,4,1,1,5391,6737,6685
5510,0,109,1,2,4,1,1,5502,6788,6711
5511,0,100,1,1,4,1,1,5474,6752,6704
5513,0,112,0,0,4,1,1,5458,6704,-1
5514,0,108,0,0,4,1,1,5509,6737,-1
5515,0,99,1,0,4,1,1,5463,6712,6692
5517,0,101,1,2,4,1,1,5507,6768,6716
5518,0,108,0,0,4,1,1,5483,6739,-1
5520,0,107,1,0,4,1,1,5391,6733,6702
5521,0,100,0,0,4,1,1,5515,6712,-1
5522,0,113,1,0,4,1,1,5500,6735,6697
5523,0,100,1,0,4,1,1,5460,6730,6699
5525,0,114,0,0,4,1,1,5522,6735,-1
5526,0,99,1,0,4,1,1,5463,6740,6705
5528,0,110,1,0,4,1,1,5486,6734,6705
5529,0,108,0,0,4,1,1,5520,6733,-1
5531,0,113,1,3,4,1,1,5500,6801,6708
5533,0,101,1,2,4,1,1,5511,6808,6718
5534,0,101,0,0,4,1,1,5523,6730,-1
5535,0,100,1,0,4,1,1,5460,6746,6709
5536,0,100,0,0,4,1,1,5526,6739,-1
5539,0,114,1,0,4,1,1,5531,6796,6714
5541,0,107,0,0,4,1,1,5391,6730,-1
5544,0,115,0,0,4,1,1,5539,6796,-1
5545,0,113,0,0,4,1,1,5500,6751,-1
5546,0,100,0,0,4,1,1,5460,6738,-1
5547,0,102,1,0,4,1,1,5517,6776,6735
5548,0,111,0,0,4,1,1,5493,6741,-1
5549,0,100,0,0,4,1,1,5474,6752,-1
5551,0,114,1,9,4,1,1,5531,7017,6747
5552,0,102,1,4,4,1,1,5533,6828,6727
5553,0,99,0,0,4,1,1,5463,6745,-1
5554,0,101,0,0,4,1,1,5535,6746,-1
5555,0,101,0,0,3,1,0,5511,6752,-1
5557,0,103,1,11,4,1,1,5552,7118,6752
5559,0,110,0,0,4,1,1,5486,6755,-1
5565,0,103,0,0,4,1,1,5547,6776,-1
5568,0,102,0,0,4,1,1,5533,6771,-1
5572,0,110,1,0,4,1,1,5510,6760,6743
5576,0,102,1,3,4,1,1,5517,6847,6745
5578,0,111,0,0,4,1,1,5572,6760,-1
5579,0,110,0,0,4,1,1,5498,6763,-1
5581,0,103,1,0,4,1,1,5576,6812,6766
5583,0,115,1,0,4,1,1,5551,6778,6752
5584,0,110,1,0,4,1,1,5510,6830,6754
5586,0,102,0,0,4,1,1,5517,6768,-1
5588,0,116,0,0,4,1,1,5583,6778,-1
5589,0,109,0,0,4,1,1,5465,6773,-1
5592,0,103,1,1,5,1,0,5552,6874,6764
5594,0,114,1,1,4,1,1,5531,6819,6765
5595,0,110,0,0,4,1,1,5510,6788,-1
5597,0,104,0,0,5,1,0,5592,6789,-1
5598,0,115,1,1,4,1,1,5594,6842,6787
5599,0,104,0,0,4,1,1,5581,6804,-1
5602,0,115,1,0,4,1,1,5551,6809,6774
5603,0,103,1,0,4,1,1,5552,6803,6775
5605,0,116,0,0,4,1,1,5602,6798,-1
5608,0,115,1,0,4,1,1,5551,6820,6795
5609,0,103,1,0,4,1,1,5552,6825,6786
5610,0,102,1,0,4,1,1,5533,6829,6791
5611,0,104,1,0,4,1,1,5557,6823,6791
5613,0,104,0,0,4,1,1,5609,6808,-1
5614,0,103,1,0,4,1,1,5576,6856,6795
5615,0,103,0,0,4,1,1,5610,6829,-1
5616,0,111,0,0,4,1,1,5584,6830,-1
5617,0,115,0,0,4,1,1,5594,6816,-1
5619,0,104,1,1,4,1,1,5557,6871,6802
5620,0,116,1,0,4,1,0,5598,6860,6815
5623,0,104,1,2,5,1,0,5592,6917,6838
5624,0,103,1,1,4,1,1,5576,6864,6806
5625,0,105,1,1,4,1,1,5619,6852,6806
5628,0,116,0,0,4,1,1,5608,6820,-1
5629,0,103,0,0,4,1,1,5552,6828,-1
5631,0,104,1,0,4,1,1,5557,6853,6820
5632,0,104,1,2,4,1,1,5624,6912,6839
5635,0,103,0,0,4,1,1,5576,6833,-1
5637,0,106,1,1,4,1,1,5625,6881,6822
5640,0,105,0,0,4,1,1,5631,6849,-1
5641,0,107,1,2,4,1,1,5637,6921,6842
5644,0,104,1,0,4,1,1,5557,6882,6844
5649,0,105,1,1,5,1,0,5623,6908,6871
5650,0,105,1,0,4,1,1,5632,6931,6860
5651,0,105,0,0,4,1,1,5619,6865,-1
5654,0,104,0,0,5,1,0,5592,6865,-1
5655,0,108,1,0,4,1,1,5641,6921,6871
5656,0,104,0,0,4,1,1,5624,6864,-1
5658,0,107,0,0,4,1,1,5637,6881,-1
5660,0,104,1,1,4,1,1,5557,6899,6865
5666,0,106,0,0,4,1,1,5650,6931,-1
5668,0,105,1,0,4,1,1,5660,6920,6870
5669,0,105,1,1,4,1,1,5632,6902,6871
5670,0,115,1,0,4,1,1,5551,6906,6871
5673,0,106,1,0,4,1,1,5669,6907,6875
5674,0,109,0,0,4,1,1,5655,6907,-1
5675,0,116,0,0,4,1,1,5670,6906,-1
5676,0,106,1,2,5,1,0,5649,7054,6891
5677,0,107,0,0,4,1,1,5673,6907,-1
5678,0,105,0,0,4,1,1,5660,6898,-1
5679,0,105,0,0,4,1,1,5632,6912,-1
5680,0,115,1,0,4,1,1,5551,6916,6882
5681,0,105,1,1,5,1,0,5623,6938,6883
5684,0,106,0,0,4,1,1,5669,6902,-1
5685,0,108,1,1,4,1,1,5641,6939,6891
5686,0,104,1,2,4,1,1,5557,6957,6894
5687,0,115,1,0,4,1,1,5551,6928,6893
5688,0,105,0,0,5,1,0,5623,6917,-1
5689,0,109,1,1,4,1,1,5685,6947,6902
5690,0,105,1,0,4,1,1,5686,6925,6899
5691,0,108,0,0,4,1,1,5641,6921,-1
5692,0,106,0,0,4,1,1,5668,6920,-1
5694,0,106,0,0,4,1,1,5690,6925,-1
5695,0,115,1,0,4,1,1,5551,6928,6903
5696,0,116,0,0,4,1,1,5687,6928,-1
5697,0,106,1,0,5,1,0,5681,6935,6907
5699,0,116,0,0,4,1,1,5695,6928,-1
5700,0,105,1,1,4,1,1,5686,6956,6914
5701,0,107,1,2,5,1,0,5676,6994,6913
5703,0,110,1,0,4,1,1,5689,6944,6914
5704,0,109,0,0,4,1,1,5685,6939,-1
5708,0,106,0,0,5,1,0,5681,6938,-1
5709,0,108,1,0,5,1,0,5701,6958,6944
5710,0,111,0,0,4,1,1,5703,6942,-1
5711,0,106,1,0,4,1,1,5700,7008,6925
5715,0,115,1,2,4,1,1,5551,7001,6957
5716,0,105,0,0,4,1,1,5686,6957,-1
5717,0,110,0,0,4,1,1,5689,6947,-1
5721,0,107,0,0,4,1,1,5711,7008,-1
5726,0,106,0,0,4,1,1,5700,6953,-1
5727,0,107,1,0,5,1,0,5676,6987,6943
5734,0,108,0,0,5,1,0,5727,6984,-1
5736,0,108,1,0,5,1,0,5701,7001,6968
5737,0,104,1,6,4,1,1,5557,7151,6961
5740,0,116,1,0,4,1,1,5715,6994,6962
5741,0,105,1,0,4,1,1,5737,7018,6979
5742,0,117,0,0,4,1,1,5740,6994,-1
5743,0,115,1,0,4,1,1,5551,7010,6968
5744,0,109,0,0,5,1,0,5736,7001,-1
5745,0,116,1,1,4,1,1,5715,7021,6977
5746,0,116,0,0,4,1,1,5743,7010,-1
5747,0,117,1,3,4,1,1,5745,7157,6992
5748,0,104,1,0,4,1,1,5557,7050,7027
5751,0,105,1,5,4,1,1,5737,7172,6990
5754,0,106,1,0,4,1,1,5751,7046,6998
5755,0,115,0,0,4,1,1,5551,7017,-1
5756,0,118,1,0,4,1,1,5747,7069,6999
5760,0,105,1,2,4,1,1,5737,7073,7013
5761,0,119,0,0,4,1,1,5756,7069,-1
5765,0,106,1,3,4,1,1,5751,7142,7050
5766,0,118,1,1,4,1,1,5747,7076,7037
5770,0,107,0,0,5,1,0,5676,7046,-1
5771,0,106,1,0,4,1,1,5760,7052,7018
5774,0,107,0,0,4,1,1,5771,7052,-1
5775,0,105,1,1,4,1,1,5737,7107,7071
5776,0,107,0,0,4,1,1,5754,7046,-1
5778,0,105,0,0,4,1,1,5748,7048,-1
5779,0,104,1,0,4,1,1,5557,7067,7038
5780,0,119,1,1,4,1,1,5766,7092,7042
5781,0,105,0,0,4,1,1,5779,7065,-1
5782,0,120,1,1,4,1,1,5780,7095,7061
5783,0,106,1,0,4,1,1,5760,7113,7048
5784,0,118,1,0,4,1,1,5747,7157,7114
5785,0,104,1,3,4,1,1,5557,7141,7052
5788,0,119,0,0,4,1,1,5766,7076,-1
5789,0,107,0,0,4,1,1,5783,7074,-1
5790,0,107,1,2,4,1,1,5765,7188,7074
5792,0,105,1,1,4,1,1,5785,7154,7057
5796,0,106,0,0,4,1,1,5751,7085,-1
5797,0,106,0,0,4,1,1,5792,7100,-1
5798,0,104,1,0,4,1,1,5557,7095,7063
5799,0,121,1,0,4,1,1,5782,7199,7066
5800,0,105,0,0,4,1,1,5798,7095,-1
5803,0,122,0,0,4,1,1,5799,7199,-1
5804,0,120,0,0,4,1,1,5780,7092,-1
5806,0,104,0,0,4,1,1,5557,7118,-1
5807,0,106,1,0,4,1,1,5775,7097,7077
5809,0,108,1,1,4,1,1,5790,7133,7106
5811,0,105,1,4,4,1,1,5737,7199,7082
5812,0,107,1,0,4,1,1,5765,7109,7085
5813,0,106,0,0,4,1,1,5775,7107,-1
5814,0,107,0,0,4,1,1,5783,7113,-1
5815,0,105,0,0,4,1,1,5737,7110,-1
5816,0,105,1,0,4,1,1,5785,7199,7096
5820,0,106,0,0,4,1,1,5816,7199,-1
5822,0,105,1,0,4,1,1,5785,7124,7107
5823,0,107,1,0,4,1,1,5765,7137,7107
5824,0,109,1,0,4,1,1,5809,7148,7110
5826,0,106,1,0,4,1,1,5751,7136,7113
5827,0,106,1,1,4,1,1,5792,7142,7116
5830,0,110,0,0,4,1,1,5824,7148,-1
5831,0,108,1,0,4,1,1,5790,7176,7133
5833,0,107,0,0,4,1,1,5765,7133,-1
5834,0,107,0,0,4,1,1,5826,7135,-1
5835,0,107,1,3,4,1,1,5827,7186,7123
5836,0,105,1,1,4,1,1,5737,7199,7125
5838,0,106,1,3,4,1,1,5811,7199,7136
5839,0,106,1,1,4,1,1,5751,7188,7136
5840,0,108,1,3,4,1,1,5835,7199,7138
5841,0,106,0,0,4,1,1,5792,7154,-1
5843,0,106,1,0,4,1,1,5836,7199,7140
5844,0,119,0,0,4,1,1,5784,7157,-1
5846,0,109,0,0,4,1,1,5831,7176,-1
5849,0,107,1,2,4,1,1,5838,7199,7146
5850,0,109,1,0,4,1,1,5840,7173,7156
5853,0,106,1,0,4,1,1,5751,7199,7147
5856,0,106,1,2,4,1,1,5811,7199,7163
5857,0,107,1,2,4,1,1,5839,7199,7160
5858,0,108,1,1,4,1,1,5835,7199,7149
5859,0,108,1,0,4,1,1,5849,7188,7158
5861,0,107,0,0,4,1,1,5853,7197,-1
5862,0,106,0,0,4,1,1,5836,7194,-1
5864,0,107,0,0,4,1,1,5843,7175,-1
5865,0,109,1,0,4,1,1,5858,7179,7161
5866,0,107,1,0,4,1,1,5838,7199,7174
5868,0,108,1,0,3,1,0,5835,7199,7158
5871,0,108,1,0,4,1,1,5857,7199,7177
5872,0,109,1,0,4,1,1,5840,7194,7167
5873,0,108,1,0,3,1,0,5849,7199,7184
5874,0,108,0,0,4,1,1,5835,7186,-1
5875,0,109,0,0,3,1,0,5868,7199,-1
5876,0,107,0,0,4,1,1,5839,7188,-1
5877,0,109,0,0,4,1,1,5858,7199,-1
5878,0,107,1,0,4,1,1,5856,7199,7173
5879,0,110,0,0,4,1,1,5872,7194,-1
5880,0,106,1,1,4,1,1,5811,7199,7173
5883,0,108,0,0,4,1,1,5878,7199,-1
5884,0,109,1,0,4,1,1,5840,7199,7191
5885,0,107,1,0,4,1,1,5880,7199,7199
5888,0,107,1,0,4,1,1,5856,7199,7195
5889,0,106,1,0,4,1,1,5811,7199,7196
5890,0,107,1,0,4,1,1,5838,7199,7185
5891,0,108,1,0,4,1,1,5857,7199,7195
5896,0,109,0,0,3,1,0,5873,7199,-1
5897,0,110,0,0,4,1,1,5884,7199,-1
5899,0,109,0,0,4,1,1,5840,7199,-1
5900,0,108,0,0,4,1,1,5890,7199,-1
