id,family,generation,mature,mature_children,cells,changed,recognizable,parent,last_seen,mature_at
0,0,0,1,3,6,0,1,4294967295,145,-1
1,0,0,1,1,6,0,1,4294967295,69,-1
2,0,0,1,2,6,0,1,4294967295,154,-1
3,0,1,1,3,6,1,1,0,146,12
4,0,1,1,4,6,1,1,1,96,29
5,0,1,1,1,6,1,1,2,113,11
6,0,2,1,1,6,1,1,5,107,57
7,0,2,1,4,6,1,1,3,271,28
8,0,1,1,0,6,1,1,0,149,83
9,0,3,1,1,6,1,1,7,131,58
10,0,2,1,1,6,1,1,4,178,36
11,0,1,1,0,6,1,1,2,129,102
12,0,1,0,0,6,1,1,1,69,-1
13,0,3,1,3,6,1,1,10,165,68
14,0,2,1,5,6,1,1,4,209,49
15,0,2,0,0,6,1,1,3,81,-1
16,0,3,1,1,6,1,1,14,159,66
17,0,2,1,1,6,1,1,4,105,62
18,0,3,1,0,6,1,1,6,86,64
19,0,4,1,0,6,1,1,9,125,94
20,0,3,1,0,6,1,1,17,98,69
21,0,2,0,0,6,1,1,5,113,-1
22,0,3,1,0,6,1,1,7,117,71
23,0,4,0,0,6,1,1,18,86,-1
24,0,4,1,2,6,1,1,13,150,75
26,0,2,1,0,6,1,1,4,115,76
27,0,4,0,0,6,1,1,20,98,-1
28,0,3,0,0,6,1,1,6,107,-1
29,0,3,1,1,6,1,1,14,117,79
30,0,4,1,0,6,1,1,16,108,81
31,0,5,1,0,6,1,1,24,190,91
32,0,3,0,0,6,1,1,17,95,-1
33,0,3,0,0,6,1,1,10,110,-1
34,0,3,0,0,6,1,1,26,104,-1
35,0,3,1,6,6,1,1,7,355,126
36,0,4,1,0,6,1,1,29,116,87
38,0,4,1,0,6,1,1,13,107,88
39,0,5,0,0,6,1,1,30,108,-1
41,0,3,1,1,6,1,1,14,124,93
42,0,5,0,0,6,1,1,36,116,-1
43,0,2,1,1,6,1,1,3,145,109
44,0,4,0,0,6,1,1,16,123,-1
45,0,1,1,0,6,0,1,0,134,100
46,0,4,1,2,6,1,1,41,223,102
47,0,5,0,0,6,1,1,19,125,-1
48,0,4,1,2,6,1,1,13,224,102
50,0,5,1,0,6,1,1,24,166,109
51,0,3,1,0,6,1,1,14,174,108
52,0,2,0,0,6,1,1,11,129,-1
54,0,1,0,0,6,0,1,0,145,-1
56,0,1,0,0,6,0,1,2,149,-1
59,0,4,0,0,6,1,1,13,154,-1
60,0,3,1,0,6,1,1,43,182,116
63,0,5,1,0,6,1,1,46,176,127
64,0,3,1,1,6,1,1,14,190,150
66,0,2,1,0,6,1,1,3,215,122
67,0,5,0,0,6,1,1,24,136,-1
69,0,4,0,0,6,1,1,60,182,-1
72,0,6,0,0,6,1,1,31,179,-1
73,0,2,0,0,6,1,1,8,149,-1
74,0,3,0,0,6,1,1,10,178,-1
75,0,3,0,0,6,1,1,66,215,-1
76,0,4,0,0,6,1,1,16,159,-1
79,0,4,1,2,6,1,1,35,270,133
80,0,6,0,0,6,1,1,63,176,-1
81,0,5,1,1,6,1,1,48,185,145
83,0,5,0,0,6,1,1,46,162,-1
84,0,4,0,0,6,1,1,51,174,-1
85,0,4,1,1,6,1,1,35,191,146
86,0,6,0,0,6,1,1,50,166,-1
87,0,5,1,0,6,1,1,79,241,194
90,0,6,1,0,6,1,1,81,178,152
92,0,5,1,2,6,1,1,85,330,154
94,0,4,1,2,6,1,1,64,285,157
95,0,5,1,1,6,1,1,48,224,186
96,0,4,0,0,6,1,1,35,177,-1
97,0,6,1,3,6,1,1,92,367,267
98,0,5,1,1,6,1,1,94,334,182
99,0,6,0,0,6,1,1,81,185,-1
101,0,5,0,0,6,1,1,85,191,-1
103,0,3,0,0,6,1,1,14,197,-1
104,0,4,0,0,6,1,1,64,189,-1
109,0,5,1,4,6,1,1,46,354,195
114,0,6,0,0,6,1,0,98,207,-1
116,0,6,1,0,6,1,1,95,248,193
117,0,5,1,1,6,1,1,94,286,195
122,0,5,0,0,6,1,1,48,224,-1
123,0,7,0,0,6,1,1,116,248,-1
124,0,4,1,0,6,1,1,35,261,212
125,0,6,1,0,6,1,1,109,249,202
126,0,6,1,0,6,1,1,117,252,230
127,0,6,0,0,6,1,1,95,224,-1
128,0,3,1,0,6,1,1,7,280,217
129,0,5,1,1,6,1,1,79,309,227
130,0,5,0,0,6,1,1,94,285,-1
131,0,6,0,0,6,1,1,87,241,-1
132,0,6,1,1,6,1,1,109,307,218
134,0,6,1,0,6,1,1,98,292,259
135,0,5,0,0,6,1,1,124,261,-1
137,0,4,0,0,6,1,1,128,280,-1
138,0,7,0,0,6,1,1,125,249,-1
139,0,4,1,1,6,1,1,35,436,259
141,0,7,1,0,6,1,1,132,320,254
144,0,6,1,2,6,1,1,109,422,254
145,0,6,1,2,6,1,1,129,372,234
146,0,5,0,0,6,1,1,79,270,-1
147,0,7,1,0,6,1,1,145,301,247
148,0,3,0,0,6,1,1,7,260,-1
149,0,6,0,0,6,1,1,129,267,-1
151,0,8,0,0,6,1,1,147,289,-1
153,0,7,1,1,6,1,1,145,399,304
154,0,7,1,1,6,1,1,144,318,261
155,0,7,0,0,6,1,1,134,292,-1
156,0,7,0,0,6,1,0,132,307,-1
157,0,8,1,1,6,1,1,154,325,280
158,0,4,1,0,6,1,1,35,292,272
159,0,7,1,0,6,1,1,97,334,310
162,0,6,1,1,7,1,0,109,380,320
163,0,6,1,0,6,1,1,92,315,280
164,0,8,0,0,6,1,1,141,320,-1
165,0,4,1,1,6,1,1,35,478,289
167,0,9,1,0,6,1,1,157,316,287
168,0,7,0,0,6,1,1,163,315,-1
169,0,7,1,1,6,1,1,144,352,301
170,0,5,1,2,6,1,1,139,440,326
172,0,8,0,0,6,1,1,154,318,-1
173,0,10,0,0,6,1,1,167,316,-1
175,0,5,1,1,6,1,1,165,540,445
176,0,9,0,0,6,1,1,157,325,-1
178,0,8,1,3,6,1,1,169,530,308
179,0,6,0,0,6,1,1,92,330,-1
180,0,8,1,4,6,1,1,153,456,363
182,0,9,1,2,6,1,1,178,437,322
183,0,7,0,0,6,1,1,144,422,-1
184,0,7,0,0,6,1,1,145,372,-1
185,0,8,0,0,6,1,1,169,340,-1
187,0,7,1,0,6,1,1,97,350,323
188,0,4,0,0,6,1,1,35,355,-1
191,0,7,1,0,7,1,0,162,363,328
192,0,8,0,0,6,1,1,187,350,-1
193,0,10,1,3,6,1,1,182,509,380
194,0,6,0,0,6,1,1,109,354,-1
195,0,6,1,1,6,1,1,170,447,379
197,0,7,1,0,6,1,1,97,375,338
198,0,9,0,0,6,1,1,178,358,-1
200,0,7,0,0,7,1,0,162,376,-1
202,0,5,0,0,6,1,1,139,436,-1
204,0,7,0,0,6,1,1,97,367,-1
205,0,8,0,0,6,1,1,197,375,-1
210,0,9,1,2,6,1,1,180,518,370
212,0,8,0,0,6,1,1,153,394,-1
213,0,10,1,0,6,1,1,210,431,378
217,0,9,1,2,6,1,1,180,585,387
218,0,11,0,0,6,1,1,213,410,-1
221,0,7,1,1,6,1,1,195,427,386
222,0,11,1,0,6,1,1,193,417,388
223,0,9,1,3,6,1,1,178,492,398
224,0,6,1,0,6,1,1,170,448,397
225,0,10,1,1,6,1,1,182,461,394
226,0,8,1,3,6,1,1,221,551,399
227,0,10,1,1,6,1,1,217,493,454
228,0,12,0,0,6,1,1,222,417,-1
229,0,9,1,0,6,1,1,180,457,421
230,0,10,1,3,6,1,1,210,644,439
231,0,11,1,1,6,1,1,193,487,430
233,0,11,1,0,6,1,1,225,465,418
234,0,7,0,0,6,1,1,195,447,-1
236,0,9,1,0,6,1,1,226,491,449
237,0,10,0,0,6,1,1,182,426,-1
238,0,10,1,0,6,1,1,223,450,422
239,0,8,0,0,6,1,1,221,427,-1
241,0,6,0,0,6,1,1,170,440,-1
243,0,7,0,0,6,1,1,224,448,-1
244,0,12,0,0,6,1,1,233,458,-1
246,0,9,1,0,6,1,1,178,502,494
247,0,11,0,0,6,1,1,238,450,-1
248,0,10,0,0,6,1,1,229,448,-1
249,0,11,0,0,6,1,1,225,461,-1
251,0,9,1,0,6,1,1,180,460,434
252,0,10,1,0,6,1,1,223,480,435
253,0,12,1,1,6,1,1,231,600,437
255,0,10,0,0,6,1,1,251,460,-1
258,0,11,1,0,6,1,1,230,494,447
259,0,10,1,0,6,1,1,223,518,449
260,0,13,1,1,6,1,1,253,548,518
261,0,12,0,0,6,1,1,231,487,-1
262,0,11,0,0,6,1,1,252,478,-1
263,0,6,1,2,6,1,1,175,681,492
265,0,10,0,0,6,1,1,210,518,-1
268,0,10,0,0,6,1,1,236,491,-1
269,0,11,0,0,6,1,1,259,509,-1
270,0,5,0,0,6,1,1,165,478,-1
271,0,11,1,4,6,1,1,227,587,461
272,0,12,0,0,6,1,1,258,490,-1
273,0,9,1,0,6,1,1,226,527,462
274,0,10,0,0,6,1,1,223,490,-1
279,0,10,1,0,6,1,1,217,539,496
281,0,12,1,1,6,1,1,271,579,468
282,0,11,1,1,6,1,1,193,517,479
283,0,11,0,0,6,1,1,227,493,-1
284,0,13,0,0,6,1,1,281,494,-1
285,0,12,1,1,6,1,1,271,602,492
286,0,12,1,2,6,1,1,282,658,489
288,0,11,0,0,6,1,1,230,511,-1
290,0,9,1,0,6,1,1,226,588,510
291,0,13,1,1,6,1,1,286,591,520
293,0,13,1,2,6,1,1,285,651,523
295,0,7,1,0,6,1,1,263,532,506
296,0,12,0,0,6,1,1,282,517,-1
297,0,12,1,1,6,1,1,271,637,515
298,0,9,0,0,6,1,1,178,530,-1
300,0,10,0,0,6,1,1,273,527,-1
301,0,10,0,0,6,1,1,217,544,-1
302,0,11,0,0,6,1,1,279,539,-1
303,0,8,0,0,6,1,1,295,532,-1
305,0,6,0,0,6,1,1,175,540,-1
306,0,11,1,2,6,1,1,230,652,559
307,0,10,0,0,6,1,1,290,588,-1
308,0,7,0,0,6,1,1,263,534,-1
309,0,9,0,0,6,1,1,226,551,-1
313,0,14,1,3,6,1,1,260,765,525
314,0,12,1,2,6,1,1,271,710,554
315,0,13,1,0,6,1,1,281,559,530
316,0,14,1,3,6,1,1,291,636,556
317,0,14,1,0,6,1,1,293,637,602
318,0,13,0,0,6,1,1,286,549,-1
320,0,13,0,0,6,1,1,285,602,-1
322,0,14,0,0,6,1,1,315,559,-1
323,0,15,1,1,6,1,1,313,598,544
325,0,13,0,0,6,1,1,281,579,-1
327,0,13,1,1,6,1,1,297,619,560
328,0,16,1,0,6,1,1,323,623,558
330,0,10,0,0,6,1,1,217,585,-1
333,0,13,1,2,6,1,1,286,639,582
334,0,15,1,0,6,1,1,316,596,563
336,0,12,1,3,6,1,1,306,750,566
337,0,13,1,2,6,1,1,314,798,624
338,0,12,0,0,6,1,1,271,587,-1
339,0,14,1,0,6,1,1,327,617,584
340,0,15,1,0,6,1,1,313,645,622
341,0,14,0,0,6,1,1,291,591,-1
342,0,16,0,0,6,1,1,334,588,-1
343,0,16,0,0,6,1,1,323,598,-1
344,0,7,1,0,6,1,1,263,624,581
345,0,17,0,0,6,1,1,328,607,-1
346,0,13,1,0,9,1,0,336,786,661
347,0,13,0,0,6,1,1,297,601,-1
348,0,13,0,0,6,1,1,253,600,-1
349,0,12,1,0,6,1,1,306,618,592
350,0,15,1,1,6,1,1,316,711,586
351,0,11,1,0,6,1,1,230,645,591
353,0,14,1,0,5,1,0,333,637,591
355,0,8,0,0,6,1,1,344,618,-1
357,0,16,1,3,6,1,1,350,797,632
358,0,7,0,0,7,1,0,263,681,-1
359,0,13,0,0,6,1,1,286,614,-1
362,0,12,0,0,6,1,1,351,634,-1
363,0,14,0,0,6,1,1,327,615,-1
364,0,15,0,0,5,1,0,353,628,-1
365,0,15,1,0,6,1,1,316,644,601
367,0,14,1,1,6,1,1,333,649,609
369,0,15,0,0,8,1,0,317,635,-1
370,0,16,0,0,6,1,1,365,644,-1
371,0,15,0,0,6,1,1,316,636,-1
372,0,14,1,1,6,1,1,293,715,625
373,0,15,1,1,6,1,1,367,653,616
374,0,13,0,0,6,1,1,297,637,-1
375,0,12,0,0,6,1,1,306,652,-1
378,0,16,1,3,6,1,1,373,725,623
382,0,13,0,0,6,1,1,286,649,-1
383,0,16,0,0,6,1,1,340,645,-1
385,0,14,0,0,6,1,1,337,659,-1
386,0,17,1,1,6,1,1,378,826,652
387,0,16,0,0,6,1,1,373,653,-1
388,0,17,1,0,6,1,1,357,685,649
389,0,13,1,1,6,1,1,314,785,666
395,0,16,0,0,6,1,1,350,710,-1
400,0,18,0,0,6,1,1,388,685,-1
404,0,17,1,0,6,1,1,357,743,716
405,0,15,1,2,6,1,1,313,770,663
406,0,18,1,0,6,1,1,386,780,743
408,0,17,1,2,6,1,1,378,884,678
409,0,16,0,0,6,1,1,405,690,-1
410,0,14,0,0,6,1,1,389,686,-1
411,0,13,1,1,6,1,1,336,782,681
412,0,15,1,1,6,1,1,372,754,695
413,0,14,0,0,9,1,0,346,786,-1
414,0,15,0,0,6,1,1,313,765,-1
415,0,14,1,1,6,1,1,337,734,690
416,0,13,0,0,6,1,1,314,710,-1
417,0,18,1,2,6,1,1,408,854,792
419,0,14,0,0,6,1,1,411,708,-1
420,0,17,1,0,6,1,1,378,828,691
422,0,13,1,0,6,1,1,336,751,717
423,0,15,1,0,6,1,1,415,743,697
424,0,16,1,0,6,1,1,405,811,726
425,0,16,1,0,6,1,1,412,727,702
426,0,14,1,2,6,1,1,337,821,749
427,0,14,1,1,6,1,1,389,796,746
428,0,17,0,0,6,1,1,425,727,-1
429,0,16,0,0,6,1,1,423,743,-1
430,0,15,0,0,6,1,1,415,734,-1
434,0,18,0,0,6,1,1,404,743,-1
435,0,16,0,0,6,1,1,412,754,-1
436,0,14,0,0,6,1,1,422,751,-1
437,0,17,1,1,6,1,1,357,794,761
438,0,13,0,0,6,1,1,336,749,-1
439,0,14,1,1,6,1,1,411,954,754
441,0,16,1,0,6,1,1,405,781,740
444,0,17,0,0,6,1,1,441,781,-1
446,0,18,0,0,6,1,1,420,776,-1
447,0,17,0,0,6,1,1,424,811,-1
448,0,19,0,0,6,1,1,406,780,-1
449,0,16,0,0,6,1,1,405,770,-1
450,0,15,1,2,6,1,1,427,866,754
451,0,15,1,0,6,1,1,426,824,756
453,0,18,0,0,6,1,1,386,826,-1
454,0,14,0,0,6,1,1,389,785,-1
456,0,16,1,5,6,1,1,450,1013,781
457,0,14,0,0,6,1,1,337,798,-1
458,0,15,0,0,6,1,1,439,790,-1
459,0,16,0,0,6,1,1,451,824,-1
460,0,15,0,0,6,1,1,427,781,-1
461,0,14,0,0,6,1,1,411,782,-1
462,0,18,1,0,6,1,1,437,793,768
463,0,15,1,3,6,1,1,426,961,780
465,0,19,0,0,6,1,1,462,790,-1
469,0,16,0,0,6,1,1,463,811,-1
470,0,17,1,0,6,1,1,456,858,827
473,0,15,0,0,6,1,1,427,796,-1
474,0,15,0,0,6,1,1,426,821,-1
475,0,16,1,1,6,1,1,450,875,820
476,0,18,0,0,6,1,1,420,828,-1
478,0,19,1,0,6,1,1,417,837,800
483,0,18,1,8,6,1,1,408,1211,828
484,0,15,1,0,6,1,1,439,898,840
485,0,19,1,3,6,1,1,417,886,813
486,0,20,1,0,6,1,1,485,872,820
487,0,16,1,3,6,1,1,463,956,824
488,0,19,0,0,6,1,1,417,854,-1
489,0,17,1,0,6,1,1,475,855,827
490,0,21,0,0,6,1,1,486,872,-1
493,0,17,1,1,6,1,1,487,950,864
495,0,20,1,2,6,1,1,485,967,833
496,0,16,0,0,6,1,1,450,866,-1
497,0,18,0,0,6,1,1,489,855,-1
498,0,18,0,0,6,1,1,470,858,-1
500,0,19,1,0,6,1,1,483,866,835
501,0,17,0,0,6,1,1,475,875,-1
502,0,21,1,1,6,1,1,495,972,918
503,0,18,0,0,6,1,1,408,884,-1
504,0,20,0,0,6,1,1,500,866,-1
507,0,20,1,0,6,1,1,485,925,846
508,0,16,0,0,6,1,1,484,898,-1
509,0,19,1,1,6,1,1,483,956,886
510,0,17,1,0,6,1,1,456,889,851
511,0,15,0,0,6,1,1,439,906,-1
512,0,18,0,0,6,1,1,510,889,-1
513,0,20,0,0,6,1,1,485,879,-1
515,0,16,1,2,6,1,1,463,917,861
517,0,21,0,0,6,1,1,507,889,-1
518,0,17,1,0,6,1,1,515,942,871
520,0,18,1,1,6,1,1,493,915,871
521,0,18,0,0,6,1,1,518,913,-1
522,0,19,1,0,6,1,1,520,915,881
523,0,16,1,1,6,1,1,463,909,881
525,0,17,1,0,6,1,1,487,915,883
526,0,17,1,1,6,1,1,515,1006,884
527,0,18,0,0,6,1,1,493,950,-1
528,0,17,1,0,6,1,1,456,915,886
529,0,20,0,0,6,1,1,522,915,-1
530,0,17,1,0,6,1,1,523,939,892
532,0,18,1,4,6,1,1,526,1139,911
534,0,18,0,0,6,1,1,528,915,-1
535,0,20,1,1,6,1,1,509,996,914
536,0,19,0,0,6,1,1,520,914,-1
537,0,16,0,0,6,1,1,463,961,-1
539,0,17,0,0,6,1,1,515,917,-1
540,0,18,0,0,6,1,1,530,913,-1
541,0,19,1,2,6,1,1,483,1051,900
542,0,17,1,1,6,1,1,456,1013,945
543,0,17,1,1,6,1,1,487,956,908
544,0,20,1,0,6,1,1,541,1025,976
545,0,21,0,0,6,1,1,507,925,-1
546,0,19,1,4,6,1,1,483,1038,913
547,0,18,1,2,6,1,1,543,1052,916
548,0,19,1,1,6,1,1,532,1006,965
549,0,20,1,0,6,1,1,546,1000,920
550,0,15,0,0,6,1,1,439,954,-1
551,0,21,1,0,6,1,1,535,944,921
552,0,17,0,0,6,1,1,487,945,-1
557,0,18,0,0,6,1,1,526,937,-1
558,0,22,1,0,6,1,1,502,973,926
559,0,20,0,0,6,1,1,509,956,-1
560,0,22,0,0,6,1,1,551,944,-1
561,0,18,0,0,6,1,1,543,956,-1
562,0,19,1,5,6,1,1,547,1268,947
563,0,21,1,2,6,1,1,495,1018,932
564,0,23,0,0,6,1,1,558,970,-1
565,0,20,1,0,6,1,1,546,982,933
566,0,22,0,0,6,1,1,502,963,-1
567,0,22,1,0,6,1,1,563,998,964
568,0,19,1,0,6,1,1,483,974,941
569,0,21,0,0,6,1,1,565,970,-1
571,0,18,0,0,6,1,1,526,989,-1
572,0,20,1,0,6,1,1,546,999,955
573,0,20,0,0,6,1,1,568,974,-1
576,0,18,1,1,6,1,1,542,1122,952
577,0,20,1,2,6,1,1,562,1083,955
578,0,21,0,0,6,1,1,549,985,-1
579,0,21,0,0,6,1,1,535,996,-1
581,0,17,1,0,6,1,1,456,1053,982
582,0,21,0,0,6,1,1,577,981,-1
585,0,19,1,0,6,1,1,547,1013,983
587,0,21,0,0,6,1,1,572,997,-1
588,0,19,0,0,6,1,1,576,983,-1
589,0,18,0,0,6,1,1,542,1013,-1
590,0,20,1,0,6,1,1,562,1021,987
591,0,23,0,0,6,1,1,567,993,-1
592,0,20,1,0,6,1,1,548,1005,974
594,0,22,1,1,6,1,1,563,1147,989
596,0,19,1,1,6,1,1,483,1049,1012
597,0,21,0,0,6,1,1,592,1005,-1
598,0,20,1,0,6,1,1,546,1055,1006
599,0,21,0,0,6,1,1,544,996,-1
600,0,20,0,0,6,1,1,548,1006,-1
602,0,20,1,0,6,1,1,541,1051,1013
603,0,18,0,0,6,1,1,581,1053,-1
604,0,21,1,0,6,1,1,577,1040,1021
605,0,21,0,0,6,1,1,590,1021,-1
606,0,17,0,0,6,1,1,456,1013,-1
607,0,19,0,0,6,1,1,547,1052,-1
609,0,19,1,0,6,1,1,576,1035,998
610,0,19,1,0,6,1,1,532,1043,1005
611,0,20,1,4,6,1,1,562,1215,1050
614,0,22,0,0,6,1,1,563,1018,-1
619,0,20,0,0,6,1,1,609,1035,-1
620,0,19,0,0,6,1,1,576,1031,-1
622,0,20,0,0,5,1,0,610,1031,-1
623,0,19,1,3,6,1,1,532,1169,1043
624,0,20,1,0,6,1,1,596,1045,1019
625,0,20,0,0,6,1,1,546,1038,-1
627,0,23,1,0,6,1,1,594,1071,1025
629,0,21,0,0,6,1,1,602,1046,-1
630,0,21,0,0,6,1,1,598,1055,-1
631,0,19,0,0,6,1,1,483,1044,-1
633,0,21,0,0,6,1,1,624,1045,-1
634,0,20,0,0,6,1,1,541,1051,-1
636,0,20,0,0,6,1,1,596,1047,-1
637,0,24,0,0,6,1,1,627,1071,-1
640,0,23,0,0,6,1,1,594,1147,-1
645,0,21,1,1,6,1,1,577,1114,1050
646,0,20,1,0,6,1,1,623,1085,1050
647,0,19,0,0,6,1,1,576,1122,-1
652,0,19,1,2,6,1,1,532,1192,1098
653,0,22,1,1,6,1,1,645,1121,1067
654,0,21,0,0,6,1,1,646,1085,-1
657,0,20,1,1,6,1,1,562,1131,1090
658,0,21,0,0,6,1,1,577,1083,-1
659,0,19,1,2,6,1,1,483,1133,1083
660,0,21,1,1,6,1,1,611,1181,1075
661,0,22,0,0,6,1,1,645,1114,-1
662,0,23,1,3,6,1,1,653,1168,1088
663,0,21,1,1,6,1,1,611,1188,1089
664,0,20,1,0,6,1,1,659,1123,1090
667,0,24,1,0,6,1,1,662,1164,1103
668,0,22,1,0,6,1,1,663,1182,1141
669,0,21,1,0,6,1,1,657,1118,1097
670,0,21,1,0,6,1,1,611,1152,1109
671,0,20,1,2,6,1,1,659,1175,1103
672,0,21,0,0,6,1,1,664,1123,-1
673,0,20,1,1,6,1,1,652,1253,1107
674,0,22,1,1,6,1,1,660,1238,1142
675,0,21,0,0,6,1,1,657,1128,-1
676,0,21,1,0,6,1,1,671,1166,1131
677,0,20,1,3,6,1,1,623,1242,1113
678,0,21,1,4,6,1,1,673,1283,1137
679,0,20,0,0,6,1,1,659,1133,-1
680,0,24,1,3,6,1,1,662,1420,1124
681,0,22,0,0,6,1,1,670,1152,-1
682,0,21,1,0,6,1,1,677,1164,1120
683,0,20,1,0,6,1,1,652,1145,1128
685,0,21,1,3,6,1,1,611,1304,1122
687,0,20,1,0,6,1,1,623,1159,1130
688,0,22,0,0,6,1,1,682,1164,-1
690,0,20,1,1,6,1,1,562,1170,1129
691,0,22,1,0,6,1,1,685,1262,1220
694,0,25,1,1,6,1,1,680,1235,1138
695,0,21,1,0,6,1,1,677,1161,1133
697,0,21,1,0,6,1,1,690,1214,1136
698,0,24,1,1,6,1,1,662,1250,1137
700,0,21,0,0,6,1,1,687,1153,-1
701,0,19,1,0,6,1,1,483,1200,1148
703,0,20,0,0,6,1,1,652,1192,-1
704,0,25,0,0,6,1,1,667,1155,-1
705,0,22,0,0,6,1,1,695,1161,-1
706,0,25,1,1,6,1,1,698,1221,1182
707,0,22,0,0,6,1,1,697,1214,-1
708,0,21,1,0,6,1,1,671,1184,1146
710,0,24,0,0,6,1,1,662,1168,-1
712,0,22,0,0,6,1,1,660,1181,-1
713,0,20,0,0,6,1,1,562,1229,-1
716,0,23,0,0,6,1,1,668,1177,-1
717,0,21,0,0,6,1,1,673,1253,-1
719,0,23,1,1,6,1,1,674,1239,1192
720,0,21,1,0,6,1,1,677,1203,1163
721,0,22,0,0,6,1,1,663,1188,-1
724,0,26,1,0,6,1,1,694,1221,1183
725,0,20,0,0,6,1,1,701,1200,-1
727,0,25,0,0,6,1,1,680,1187,-1
728,0,22,0,0,6,1,1,708,1184,-1
730,0,22,1,1,6,1,1,678,1279,1173
732,0,22,0,0,6,1,1,720,1203,-1
735,0,21,0,0,6,1,1,677,1242,-1
736,0,23,0,0,6,1,1,730,1198,-1
738,0,22,1,0,6,1,1,678,1226,1186
740,0,26,1,0,6,1,1,706,1218,1189
744,0,21,0,0,6,1,1,611,1211,-1
745,0,27,0,0,6,1,1,740,1212,-1
746,0,26,0,0,6,1,1,694,1235,-1
748,0,22,1,3,6,1,1,678,1376,1207
749,0,24,1,1,6,1,1,719,1274,1199
750,0,23,0,0,6,1,1,738,1225,-1
751,0,26,0,0,6,1,1,706,1221,-1
752,0,27,0,0,6,1,1,724,1221,-1
753,0,23,0,0,6,1,1,674,1238,-1
754,0,25,1,3,6,1,1,749,1381,1220
755,0,24,0,0,6,1,1,719,1239,-1
756,0,23,1,0,6,1,1,748,1362,1260
759,0,23,1,0,6,1,1,730,1364,1239
760,0,22,1,3,6,1,1,678,1447,1251
762,0,25,0,0,6,1,1,680,1250,-1
766,0,23,0,0,6,1,1,691,1262,-1
767,0,25,0,0,6,1,1,698,1250,-1
769,0,26,1,0,6,1,1,754,1288,1256
770,0,25,0,0,6,1,1,749,1270,-1
771,0,22,1,2,6,1,1,685,1318,1234
772,0,23,1,6,6,1,1,771,1454,1271
773,0,20,0,0,6,1,1,562,1268,-1
776,0,24,0,0,6,1,1,759,1336,-1
778,0,22,1,1,6,1,1,685,1351,1275
781,0,23,1,2,6,1,1,760,1365,1274
782,0,23,0,0,6,1,1,730,1279,-1
783,0,25,0,0,6,1,1,680,1320,-1
784,0,27,0,0,6,1,1,769,1284,-1
785,0,22,0,0,6,1,1,678,1283,-1
786,0,24,0,0,6,1,1,756,1292,-1
788,0,26,1,1,6,1,1,754,1326,1285
791,0,23,0,0,6,1,1,748,1299,-1
793,0,24,1,0,6,1,1,772,1330,1307
796,0,23,1,3,6,1,1,778,1412,1318
797,0,24,1,1,6,1,1,781,1371,1310
798,0,23,1,0,6,1,1,771,1338,1285
800,0,23,1,3,6,1,1,760,1651,1287
801,0,22,0,0,6,1,1,685,1304,-1
803,0,27,1,0,6,1,1,788,1319,1292
805,0,23,0,0,6,1,1,771,1318,-1
806,0,26,1,0,6,1,1,754,1375,1298
807,0,28,0,0,6,1,1,803,1319,-1
808,0,23,0,0,6,1,1,760,1318,-1
809,0,24,1,1,6,1,1,800,1553,1450
810,0,27,0,0,6,1,1,788,1326,-1
812,0,27,0,0,6,1,1,806,1375,-1
813,0,24,0,0,6,1,1,756,1362,-1
815,0,26,0,0,6,1,1,754,1381,-1
816,0,23,1,1,6,1,1,748,1400,1313
817,0,25,1,0,6,1,1,797,1364,1345
818,0,24,1,5,6,1,1,816,1581,1374
819,0,24,1,0,6,1,1,772,1368,1321
820,0,24,1,0,6,1,1,781,1352,1323
821,0,24,1,0,6,1,1,796,1355,1325
823,0,23,1,5,6,1,1,748,1508,1336
824,0,25,0,0,7,1,0,819,1353,-1
825,0,25,0,0,6,1,1,820,1349,-1
826,0,25,1,0,6,1,1,680,1379,1341
828,0,24,1,0,6,1,1,772,1406,1334
829,0,24,0,0,6,1,1,781,1365,-1
830,0,24,1,4,6,1,1,796,1449,1352
831,0,25,0,0,6,1,1,828,1406,-1
832,0,24,1,2,6,1,1,823,1497,1344
835,0,23,1,0,6,1,1,760,1439,1401
836,0,24,0,0,6,1,1,759,1364,-1
837,0,24,1,0,6,1,1,772,1404,1351
838,0,26,0,0,6,1,1,826,1379,-1
839,0,23,0,0,6,1,1,748,1376,-1
840,0,25,1,4,6,1,1,832,1601,1422
841,0,25,1,1,6,1,1,680,1438,1393
842,0,24,1,1,6,1,1,823,1445,1377
843,0,25,0,0,6,1,1,837,1393,-1
844,0,25,1,1,6,1,1,830,1464,1359
847,0,24,1,0,6,1,1,796,1405,1372
848,0,26,0,0,6,1,1,844,1405,-1
853,0,25,1,0,6,1,1,830,1414,1377
856,0,25,0,0,6,1,1,847,1404,-1
857,0,25,1,0,6,1,1,818,1411,1381
859,0,24,0,0,6,1,1,796,1412,-1
860,0,24,1,0,6,1,1,772,1441,1419
862,0,26,0,0,6,1,1,857,1411,-1
863,0,24,1,1,6,1,1,823,1445,1395
864,0,25,1,1,6,1,1,830,1476,1406
865,0,26,0,0,6,1,1,853,1414,-1
866,0,25,1,5,6,1,1,842,1836,1408
867,0,26,1,1,6,1,1,841,1430,1400
868,0,25,1,0,6,1,1,818,1444,1410
870,0,27,1,0,6,1,1,867,1426,1409
871,0,24,1,2,6,1,1,823,1498,1408
872,0,25,1,0,6,1,1,863,1437,1410
877,0,26,1,2,6,1,1,864,1498,1450
878,0,25,1,1,6,1,1,871,1490,1437
879,0,26,1,1,6,1,1,866,1497,1416
880,0,24,0,0,6,1,1,835,1439,-1
881,0,26,0,0,6,1,1,872,1437,-1
882,0,23,0,0,6,1,1,760,1447,-1
884,0,26,1,0,6,1,1,844,1511,1435
885,0,25,1,0,6,1,1,830,1509,1429
887,0,26,0,0,6,1,1,868,1442,-1
888,0,24,1,0,6,1,1,823,1473,1440
889,0,25,0,0,6,1,1,818,1451,-1
890,0,27,1,0,6,1,1,879,1494,1455
891,0,25,0,0,6,1,1,863,1445,-1
893,0,26,0,0,6,1,1,840,1450,-1
894,0,24,1,6,6,1,1,772,1644,1432
896,0,25,1,0,6,1,1,832,1529,1435
897,0,26,1,0,6,1,1,866,1489,1455
898,0,26,0,0,6,1,1,896,1471,-1
902,0,26,1,4,6,1,1,878,1672,1460
903,0,27,0,0,6,1,1,884,1511,-1
904,0,26,0,0,13,1,0,844,1464,-1
905,0,25,0,0,6,1,1,832,1497,-1
906,0,25,0,0,6,1,1,888,1473,-1
907,0,25,1,0,6,1,1,871,1492,1461
911,0,24,0,0,6,1,1,823,1508,-1
915,0,27,1,0,6,1,1,877,1490,1457
916,0,25,0,0,6,1,1,809,1477,-1
919,0,28,0,0,6,1,1,890,1475,-1
920,0,24,1,1,6,1,1,800,1720,1580
921,0,28,0,0,6,1,1,915,1490,-1
922,0,26,1,0,6,1,1,866,1498,1468
923,0,25,1,0,6,1,1,818,1541,1473
924,0,25,1,1,6,1,1,894,1546,1473
925,0,27,1,0,6,1,1,877,1507,1471
927,0,26,1,0,6,1,1,840,1553,1496
928,0,26,0,0,6,1,1,878,1490,-1
929,0,25,0,0,6,1,1,871,1491,-1
930,0,28,0,0,6,1,1,925,1507,-1
931,0,26,0,0,6,1,1,907,1492,-1
932,0,26,0,0,6,1,1,923,1500,-1
933,0,26,1,2,6,1,1,924,1599,1515
934,0,26,0,0,6,1,1,866,1539,-1
935,0,25,1,3,6,1,1,809,1604,1530
936,0,25,0,0,6,1,1,894,1503,-1
937,0,25,1,0,6,1,1,818,1533,1510
941,0,26,0,0,6,1,1,896,1529,-1
943,0,27,1,0,6,1,1,902,1520,1497
953,0,26,1,0,6,1,1,840,1548,1514
956,0,27,1,1,6,1,1,902,1604,1522
957,0,27,0,0,6,1,1,927,1530,-1
961,0,26,0,0,6,1,1,937,1530,-1
963,0,25,1,1,6,1,1,894,1618,1519
964,0,27,0,0,6,1,1,953,1548,-1
965,0,27,1,0,6,1,1,933,1565,1538
966,0,26,0,0,6,1,1,923,1541,-1
968,0,26,1,2,6,1,1,963,1820,1576
969,0,26,1,3,6,1,1,840,1718,1547
970,0,25,1,2,6,1,1,818,1668,1542
971,0,28,1,0,6,1,1,956,1551,1529
972,0,25,1,0,6,1,1,894,1581,1548
973,0,27,1,1,6,1,1,902,1610,1578
976,0,29,0,0,6,1,1,971,1551,-1
978,0,26,1,0,6,1,1,935,1591,1538
981,0,28,0,0,6,1,1,965,1564,-1
983,0,27,0,0,6,1,1,978,1591,-1
985,0,26,1,0,6,1,1,970,1653,1605
986,0,26,1,2,6,1,1,935,1709,1551
987,0,27,1,0,6,1,1,933,1653,1551
989,0,27,0,0,6,1,1,969,1571,-1
990,0,25,0,0,6,1,1,818,1581,-1
991,0,26,0,0,5,1,0,972,1581,-1
992,0,27,0,0,6,1,1,986,1580,-1
995,0,28,0,0,6,1,1,987,1589,-1
998,0,26,1,1,6,1,1,840,1620,1561
999,0,25,1,0,6,1,1,894,1602,1563
1000,0,26,1,0,6,1,1,935,1646,1566
1001,0,28,0,0,6,1,1,956,1593,-1
1002,0,27,1,0,6,1,1,998,1623,1588
1005,0,25,1,1,6,1,1,894,1636,1576
1006,0,26,0,0,6,1,1,935,1604,-1
1007,0,26,0,0,6,1,1,999,1600,-1
1008,0,27,1,1,6,1,1,969,1663,1612
1010,0,26,1,0,6,1,1,1005,1627,1603
1011,0,28,1,1,6,1,1,973,1675,1585
1012,0,27,0,0,6,1,1,1000,1600,-1
1013,0,25,1,0,6,1,1,920,1649,1607
1015,0,27,1,0,6,1,1,968,1650,1612
1016,0,26,1,2,6,1,1,866,1752,1686
1017,0,27,1,4,6,1,1,902,1856,1620
1018,0,24,1,0,6,1,1,800,1624,1593
1019,0,29,1,0,6,1,1,1011,1655,1613
1020,0,27,0,0,6,1,1,986,1631,-1
1021,0,25,0,0,6,1,1,1018,1624,-1
1022,0,28,0,0,6,1,1,1002,1623,-1
1023,0,27,0,0,6,1,1,998,1620,-1
1024,0,25,1,0,6,1,1,894,1631,1606
1032,0,24,0,0,6,1,1,800,1651,-1
1033,0,27,0,0,6,1,1,985,1653,-1
1034,0,26,0,0,6,1,1,1024,1631,-1
1035,0,28,0,0,6,1,1,987,1653,-1
1036,0,26,0,0,6,1,1,1005,1636,-1
1038,0,26,1,0,6,1,1,970,1650,1618
1039,0,25,0,0,6,1,1,894,1642,-1
1040,0,28,1,3,6,1,1,1008,1769,1619
1041,0,25,0,0,6,1,1,920,1711,-1
1042,0,30,0,0,6,1,1,1019,1637,-1
1043,0,28,0,0,6,1,1,1015,1650,-1
1046,0,27,1,1,6,1,1,969,1687,1627
1048,0,26,0,0,6,1,1,1013,1649,-1
1050,0,28,1,3,6,1,1,1017,1777,1695
1052,0,29,1,0,6,1,1,1040,1682,1631
1053,0,26,0,0,6,1,1,970,1668,-1
1054,0,28,0,0,6,1,1,1008,1663,-1
1055,0,28,1,0,6,1,1,1046,1689,1646
1058,0,30,0,0,6,1,1,1052,1659,-1
1059,0,27,1,0,6,1,1,968,1730,1648
1061,0,27,1,0,6,1,1,986,1706,1642
1062,0,27,1,1,6,1,1,969,1803,1677
1063,0,27,0,0,6,1,1,902,1672,-1
1065,0,28,0,0,6,1,1,1061,1664,-1
1068,0,27,1,0,6,1,1,986,1720,1655
1069,0,28,0,0,6,1,1,1059,1730,-1
1075,0,29,0,0,6,1,1,1055,1689,-1
1076,0,28,0,0,6,1,1,1046,1683,-1
1079,0,27,0,0,6,1,1,968,1820,-1
1080,0,29,1,1,6,1,1,1040,1703,1668
1083,0,28,0,0,6,1,1,1068,1720,-1
1084,0,27,0,0,6,1,1,986,1701,-1
1086,0,30,1,0,6,1,1,1080,1701,1684
1087,0,28,0,0,6,1,1,1061,1694,-1
1088,0,29,1,1,6,1,1,1040,1750,1712
1091,0,27,0,0,6,1,1,969,1718,-1
1093,0,28,1,1,6,1,1,1062,1767,1709
1094,0,27,1,3,6,1,1,1016,1772,1694
1096,0,28,1,0,6,1,1,1094,1734,1705
1097,0,29,1,0,6,1,1,1050,1750,1703
1098,0,27,1,3,6,1,1,1016,1852,1707
1102,0,29,0,0,6,1,1,1096,1734,-1
1104,0,28,1,2,6,1,1,1098,1918,1750
1105,0,30,0,0,6,1,1,1097,1750,-1
1106,0,28,1,0,6,1,1,1017,1782,1715
1107,0,29,1,0,6,1,1,1050,1747,1716
1109,0,28,1,0,6,1,1,1094,1779,1718
1110,0,26,1,1,6,1,1,866,1801,1737
1111,0,30,1,2,6,1,1,1088,1779,1719
1112,0,27,0,0,6,1,1,1016,1752,-1
1113,0,29,0,0,6,1,1,1106,1746,-1
1114,0,28,0,0,6,1,1,1062,1803,-1
1116,0,29,0,0,6,1,1,1040,1753,-1
1117,0,29,1,1,6,1,1,1093,1807,1727
1118,0,31,1,1,6,1,1,1111,1786,1731
1120,0,30,0,0,6,1,1,1107,1747,-1
1121,0,29,1,0,6,1,1,1050,1770,1733
1122,0,28,1,0,6,1,1,1094,1793,1742
1123,0,30,0,0,6,1,1,1088,1750,-1
1126,0,29,0,0,6,1,1,1093,1767,-1
1127,0,28,1,1,6,1,1,1017,1849,1800
1128,0,29,0,0,6,1,1,1109,1758,-1
1129,0,30,1,1,6,1,1,1117,1938,1770
1130,0,32,1,2,6,1,1,1118,1864,1743
1131,0,30,0,0,6,1,1,1121,1770,-1
1132,0,27,1,1,6,1,1,1110,1861,1744
1133,0,29,0,0,6,1,1,1050,1777,-1
1134,0,33,1,1,6,1,1,1130,1880,1813
1135,0,26,0,0,6,1,1,866,1836,-1
1136,0,31,1,1,6,1,1,1111,1901,1757
1138,0,32,0,0,6,1,1,1118,1786,-1
1141,0,27,0,0,6,1,1,1110,1801,-1
1142,0,29,0,0,6,1,1,1104,1802,-1
1144,0,28,1,1,6,1,1,1132,1868,1808
1145,0,28,1,0,6,1,1,1098,1846,1815
1146,0,32,0,0,6,1,1,1136,1788,-1
1149,0,29,0,0,6,1,1,1122,1793,-1
1152,0,31,1,0,6,1,1,1129,1940,1908
1154,0,30,0,0,6,1,1,1117,1807,-1
1161,0,29,1,4,6,1,1,1127,1941,1813
1162,0,32,1,2,6,1,1,1136,1978,1813
1165,0,28,1,0,6,1,1,1017,1843,1814
1167,0,29,1,3,6,1,1,1144,2045,1825
1168,0,34,1,0,6,1,1,1134,1848,1820
1169,0,30,1,0,6,1,1,1161,1858,1820
1170,0,29,0,0,6,1,1,1145,1836,-1
1171,0,33,1,7,6,1,1,1162,2140,1857
1172,0,32,0,0,6,1,1,1136,1901,-1
1173,0,33,1,0,6,1,1,1130,1875,1826
1174,0,35,0,0,6,1,1,1168,1848,-1
1176,0,28,1,0,6,1,1,1098,1860,1828
1177,0,31,0,0,6,1,1,1169,1858,-1
1178,0,29,1,1,6,1,1,1104,1935,1847
1179,0,34,0,0,6,1,1,1134,1878,-1
1180,0,30,1,0,6,1,1,1161,1959,1878
1181,0,29,0,0,6,1,1,1144,1868,-1
1182,0,28,0,0,6,1,1,1132,1861,-1
1183,0,33,0,0,6,1,1,1130,1859,-1
1184,0,34,0,0,9,1,0,1173,1872,-1
1187,0,30,1,4,6,1,1,1178,2000,1854
1190,0,30,0,0,6,1,1,1167,1884,-1
1191,0,29,1,0,6,1,1,1104,1916,1867
1194,0,34,1,2,6,1,1,1171,2025,1898
1198,0,30,0,0,6,1,1,1178,1880,-1
1199,0,31,1,0,6,1,1,1187,1953,1888
1200,0,30,0,0,6,1,1,1191,1916,-1
1201,0,29,0,0,6,1,1,1104,1902,-1
1202,0,33,1,1,6,1,1,1162,1992,1949
1204,0,30,0,0,6,1,1,1167,1905,-1
1205,0,30,1,0,6,1,1,1161,1974,1902
1206,0,32,0,0,6,1,1,1199,1953,-1
1207,0,31,1,3,6,1,1,1187,2058,1940
1208,0,30,0,0,6,1,1,1178,1926,-1
1209,0,35,1,0,6,1,1,1194,1948,1919
1210,0,31,0,0,6,1,1,1205,1974,-1
1212,0,34,1,1,6,1,1,1171,1986,1911
1213,0,32,0,0,6,1,1,1152,1940,-1
1214,0,30,1,0,6,1,1,1161,1956,1915
1215,0,35,1,0,6,1,1,1212,1998,1946
1216,0,31,0,0,6,1,1,1214,1956,-1
1217,0,30,1,0,6,1,1,1167,1987,1932
1219,0,36,0,0,6,1,1,1209,1948,-1
1220,0,35,0,0,6,1,1,1194,1960,-1
1222,0,31,0,0,6,1,1,1180,1959,-1
1223,0,31,0,0,6,1,1,1217,1987,-1
1224,0,30,1,1,6,1,1,1167,2078,1956
1226,0,32,1,2,6,1,1,1207,2087,1947
1228,0,31,1,1,6,1,1,1187,2007,1953
1229,0,33,0,0,6,1,1,1226,1995,-1
1231,0,34,1,0,6,1,1,1202,1976,1956
1232,0,36,0,0,6,1,1,1215,1998,-1
1233,0,35,0,0,6,1,1,1212,1986,-1
1234,0,32,1,0,6,1,1,1207,2012,1961
1235,0,32,1,0,6,1,1,1228,2004,1967
1237,0,34,1,1,6,1,1,1171,2005,1968
1239,0,31,1,2,6,1,1,1187,2073,1966
1240,0,30,1,1,6,1,1,1167,2043,2002
1241,0,34,0,0,6,1,1,1202,1992,-1
1242,0,33,0,0,6,1,1,1235,2004,-1
1243,0,32,1,0,6,1,1,1207,2019,1974
1244,0,35,1,0,6,1,1,1237,2007,1977
1245,0,31,0,0,6,1,1,1187,2000,-1
1246,0,32,0,0,6,1,1,1228,1996,-1
1247,0,34,1,0,6,1,1,1171,2045,2004
1249,0,35,1,3,6,1,1,1194,2139,1996
1251,0,33,0,0,6,1,1,1234,2012,-1
1252,0,32,1,0,6,1,1,1239,2026,1998
1253,0,36,0,0,6,1,1,1244,2005,-1
1255,0,33,0,0,6,1,1,1243,2019,-1
1256,0,32,0,0,6,1,1,1207,2010,-1
1260,0,36,1,1,6,1,1,1249,2074,2004
1262,0,33,0,0,6,1,1,1252,2026,-1
1264,0,31,1,6,6,1,1,1240,2137,2009
1266,0,35,0,0,6,1,1,1247,2045,-1
1270,0,37,1,0,6,1,1,1260,2039,2014
1273,0,32,1,4,6,1,1,1264,2179,2016
1274,0,36,0,0,6,1,1,1249,2037,-1
1275,0,34,1,0,6,1,1,1171,2047,2017
1276,0,30,0,0,6,1,1,1167,2033,-1
1277,0,38,0,0,6,1,1,1270,2039,-1
1278,0,31,1,1,6,1,1,1224,2087,2049
1279,0,31,0,0,6,1,1,1240,2043,-1
1280,0,32,0,0,6,1,1,1207,2058,-1
1282,0,33,1,2,6,1,1,1273,2159,2070
1283,0,33,1,1,6,1,1,1226,2109,2025
1284,0,37,0,0,6,1,1,1260,2074,-1
1285,0,32,1,1,6,1,1,1264,2197,2029
1287,0,34,1,0,6,1,1,1171,2089,2055
1288,0,34,1,1,6,1,1,1283,2133,2077
1289,0,32,1,0,6,1,1,1239,2073,2033
1290,0,33,0,0,6,1,1,1285,2086,-1
1291,0,33,1,5,6,1,1,1226,2373,2038
1292,0,33,0,0,6,1,1,1289,2053,-1
1293,0,32,1,1,6,1,1,1264,2178,2058
1294,0,34,1,1,5,1,0,1291,2143,2052
1298,0,33,0,0,6,1,1,1226,2087,-1
1300,0,32,1,0,6,1,1,1278,2081,2056
1301,0,36,1,0,6,1,1,1249,2154,2086
1302,0,31,0,0,6,1,1,1224,2078,-1
1303,0,33,0,0,6,1,1,1300,2081,-1
1305,0,34,1,1,6,1,1,1171,2120,2087
1306,0,32,0,0,6,1,1,1278,2087,-1
1307,0,34,1,0,6,1,1,1291,2138,2094
1308,0,32,1,0,6,1,1,1264,2173,2072
1309,0,33,1,0,6,1,1,1293,2106,2080
1310,0,34,1,1,6,1,1,1282,2140,2078
1315,0,33,1,0,6,1,1,1273,2194,2102
1316,0,35,1,0,6,1,1,1288,2106,2084
1317,0,33,0,0,6,1,1,1308,2112,-1
1319,0,35,1,0,6,1,1,1310,2142,2108
1320,0,32,1,0,6,1,1,1264,2147,2085
1321,0,35,1,2,5,1,0,1294,2180,2107
1322,0,34,0,0,5,1,0,1309,2106,-1
1324,0,34,1,4,6,1,1,1282,2252,2110
1325,0,33,0,0,6,1,1,1320,2147,-1
1327,0,35,1,0,6,1,1,1305,2132,2094
1331,0,33,0,0,6,1,1,1293,2142,-1
1332,0,35,0,0,6,1,1,1288,2124,-1
1333,0,32,1,1,6,1,1,1264,2221,2107
1334,0,36,1,4,6,1,1,1249,2312,2104
1335,0,33,1,1,6,1,1,1285,2295,2127
1336,0,35,0,0,6,1,1,1307,2136,-1
1337,0,37,0,0,6,1,1,1301,2150,-1
1339,0,34,0,0,6,1,1,1315,2194,-1
1340,0,33,1,2,6,1,1,1333,2247,2193
1341,0,36,1,0,5,1,0,1321,2130,2113
1342,0,34,0,0,6,1,1,1171,2140,-1
1344,0,33,1,2,6,1,1,1273,2303,2115
1345,0,36,0,0,6,1,1,1249,2139,-1
1346,0,35,1,1,6,1,1,1324,2209,2118
1348,0,32,0,0,6,1,1,1264,2137,-1
1349,0,35,0,0,5,1,0,1294,2138,-1
1350,0,35,0,0,6,1,1,1310,2140,-1
1351,0,37,1,0,6,1,1,1334,2242,2144
1352,0,36,0,0,6,1,1,1319,2142,-1
1353,0,36,1,0,5,1,0,1321,2181,2141
1354,0,33,1,0,6,1,1,1273,2191,2132
1356,0,34,0,0,6,1,1,1282,2159,-1
1358,0,35,1,1,6,1,1,1324,2197,2140
1359,0,33,0,0,6,1,1,1285,2155,-1
1360,0,34,1,0,6,1,1,1335,2193,2164
1361,0,34,1,0,6,1,1,1344,2204,2167
1362,0,34,1,0,6,1,1,1291,2169,2145
1364,0,33,0,0,6,1,1,1273,2173,-1
1366,0,36,1,0,6,1,1,1346,2182,2146
1368,0,36,1,1,6,1,1,1358,2213,2161
1370,0,38,0,0,6,1,1,1351,2170,-1
1371,0,35,0,0,7,1,0,1362,2169,-1
1373,0,34,0,0,6,1,1,1354,2181,-1
1374,0,37,1,5,6,1,1,1334,2499,2254
1377,0,33,0,0,6,1,1,1293,2178,-1
1378,0,35,1,2,6,1,1,1324,2356,2176
1379,0,33,0,0,6,1,1,1308,2173,-1
1380,0,36,0,0,6,1,1,1346,2209,-1
1381,0,36,0,0,5,1,0,1321,2180,-1
1383,0,34,1,2,6,1,1,1291,2369,2164
1386,0,37,1,0,6,1,1,1368,2259,2173
1387,0,35,0,0,6,1,1,1360,2193,-1
1388,0,35,1,1,6,1,1,1383,2245,2202
1389,0,33,0,0,6,1,1,1285,2196,-1
1390,0,36,0,0,6,1,1,1358,2197,-1
1392,0,35,0,0,6,1,1,1361,2204,-1
1393,0,34,1,0,6,1,1,1291,2335,2204
1395,0,38,0,0,6,1,1,1351,2242,-1
1396,0,38,0,0,6,1,1,1386,2213,-1
1403,0,34,1,1,6,1,1,1344,2240,2211
1404,0,36,1,1,6,1,1,1378,2362,2229
1407,0,34,1,2,6,1,1,1340,2379,2200
1408,0,35,1,0,6,1,1,1324,2277,2205
1411,0,36,1,0,6,1,1,1388,2254,2224
1412,0,35,0,0,6,1,1,1393,2243,-1
1413,0,36,0,0,6,1,1,1408,2240,-1
1414,0,34,1,0,6,1,1,1340,2251,2214
1415,0,35,0,0,6,1,1,1383,2238,-1
1416,0,34,0,0,6,1,1,1291,2373,-1
1417,0,35,1,0,6,1,1,1403,2245,2218
1418,0,35,0,0,6,1,1,1324,2243,-1
1420,0,35,0,0,6,1,1,1414,2251,-1
1421,0,36,0,0,6,1,1,1417,2245,-1
1422,0,34,0,0,6,1,1,1340,2247,-1
1423,0,37,0,0,6,1,1,1411,2254,-1
1424,0,35,1,1,6,1,1,1407,2276,2236
1425,0,37,1,2,6,1,1,1404,2521,2253
1426,0,38,0,0,6,1,1,1386,2259,-1
1427,0,36,1,0,6,1,1,1424,2264,2243
1428,0,34,0,0,6,1,1,1344,2303,-1
1430,0,36,1,0,6,1,1,1378,2337,2287
1432,0,34,0,0,6,1,1,1335,2295,-1
1433,0,36,0,0,6,1,1,1408,2277,-1
1435,0,35,1,3,6,1,1,1383,2386,2288
1437,0,36,0,0,6,1,1,1424,2276,-1
1440,0,38,1,4,6,1,1,1374,2384,2261
1442,0,37,1,0,6,1,1,1334,2326,2267
1443,0,39,1,3,6,1,1,1440,2503,2268
1445,0,38,1,4,6,1,1,1425,2475,2341
1446,0,35,1,3,6,1,1,1407,2578,2287
1447,0,38,0,0,6,1,1,1442,2326,-1
1448,0,38,1,0,6,1,1,1374,2318,2287
1449,0,40,1,1,6,1,1,1443,2370,2307
1450,0,37,1,0,6,1,1,1334,2310,2281
1452,0,39,1,0,6,1,1,1440,2306,2282
1453,0,37,0,0,6,1,1,1404,2302,-1
1456,0,37,0,0,6,1,1,1334,2312,-1
1457,0,36,1,0,6,1,1,1446,2397,2337
1458,0,37,0,0,6,1,0,1430,2337,-1
1459,0,39,0,0,6,1,1,1448,2318,-1
1460,0,36,1,0,6,1,1,1435,2331,2297
1461,0,35,0,0,6,1,1,1383,2320,-1
1462,0,39,1,0,6,1,1,1440,2330,2303
1464,0,35,0,0,6,1,1,1393,2325,-1
1465,0,37,0,0,6,1,1,1460,2331,-1
1466,0,40,0,0,6,1,1,1462,2330,-1
1467,0,36,1,1,6,1,1,1435,2473,2310
1469,0,41,1,0,6,1,1,1449,2372,2341
1470,0,39,1,3,6,1,1,1440,2406,2316
1472,0,36,1,0,6,1,0,1435,2381,2355
1473,0,36,0,0,6,1,1,1378,2346,-1
1476,0,38,1,0,6,1,1,1374,2394,2334
1477,0,37,1,0,6,1,1,1467,2419,2387
1478,0,40,1,1,6,1,1,1470,2444,2339
1482,0,39,0,0,6,1,1,1476,2354,-1
1486,0,38,1,0,6,1,1,1374,2378,2347
1487,0,35,0,0,6,1,1,1383,2369,-1
1488,0,39,1,0,6,1,1,1445,2374,2348
1489,0,42,0,0,6,1,1,1469,2372,-1
1490,0,36,1,1,6,1,1,1446,2432,2395
1491,0,40,1,3,6,1,1,1470,2455,2352
1492,0,41,0,0,6,1,1,1478,2392,-1
1493,0,39,0,0,6,1,1,1486,2369,-1
1494,0,38,1,1,6,1,1,1425,2490,2354
1495,0,35,0,0,6,1,1,1407,2374,-1
1496,0,40,0,0,6,1,1,1488,2374,-1
1497,0,38,0,0,6,1,1,1374,2386,-1
1499,0,39,1,2,6,1,1,1445,2510,2361
1501,0,40,1,6,6,1,1,1443,2606,2372
1502,0,40,1,0,6,1,1,1470,2425,2370
1503,0,38,0,0,6,1,1,1425,2521,-1
1504,0,36,0,0,6,1,1,1435,2386,-1
1506,0,39,0,0,6,1,1,1440,2384,-1
1507,0,41,1,0,6,1,1,1491,2432,2371
1508,0,40,1,0,6,1,1,1499,2504,2401
1509,0,39,0,0,6,1,1,1476,2388,-1
1512,0,39,1,0,6,1,1,1445,2399,2377
1514,0,39,1,0,6,1,1,1494,2477,2448
1516,0,41,0,0,6,1,1,1502,2399,-1
1517,0,41,1,0,6,1,1,1501,2405,2380
1519,0,40,0,0,6,1,1,1470,2401,-1
1520,0,42,0,0,6,1,1,1507,2432,-1
1521,0,41,1,1,6,1,1,1491,2507,2384
1523,0,42,0,0,6,1,1,1517,2405,-1
1525,0,40,1,1,6,1,1,1443,2502,2442
1526,0,42,1,1,6,1,1,1521,2496,2393
1528,0,38,0,0,6,1,1,1477,2419,-1
1529,0,41,1,1,6,1,1,1491,2503,2397
1532,0,37,0,0,6,1,1,1467,2473,-1
1533,0,43,1,0,6,1,1,1526,2446,2418
1535,0,37,1,0,6,1,1,1490,2496,2402
1536,0,42,0,0,6,1,1,1529,2418,-1
1537,0,41,1,0,6,1,1,1478,2436,2405
1541,0,42,0,0,6,1,1,1521,2463,-1
1542,0,38,0,0,6,1,1,1374,2421,-1
1543,0,36,1,0,6,1,1,1446,2583,2525
1544,0,41,0,0,6,1,1,1508,2429,-1
1545,0,38,0,0,6,1,1,1535,2427,-1
1547,0,41,0,0,6,1,1,1502,2425,-1
1550,0,41,0,0,6,1,1,1491,2443,-1
1551,0,37,0,0,6,1,1,1490,2428,-1
1552,0,39,1,0,6,1,1,1445,2462,2418
1553,0,41,0,0,6,1,1,1478,2437,-1
1554,0,41,1,0,6,1,1,1501,2515,2454
1555,0,40,0,0,6,1,1,1552,2462,-1
1556,0,39,0,0,6,1,1,1445,2475,-1
1557,0,38,1,0,6,1,1,1374,2486,2458
1559,0,43,0,0,6,1,1,1526,2496,-1
1561,0,40,1,2,6,1,1,1499,2594,2459
1564,0,41,1,4,6,1,1,1525,2668,2449
1567,0,42,1,2,6,1,1,1529,2583,2463
1568,0,41,0,0,6,1,1,1508,2489,-1
1569,0,38,0,0,6,1,1,1535,2496,-1
1570,0,40,0,0,6,1,1,1443,2490,-1
1571,0,40,0,0,6,1,1,1514,2476,-1
1572,0,39,0,0,6,1,1,1557,2482,-1
1573,0,41,1,0,6,1,1,1561,2557,2466
1574,0,39,0,0,6,1,1,1494,2487,-1
1575,0,41,1,1,6,1,1,1501,2593,2475
1578,0,42,0,0,6,1,1,1521,2495,-1
1579,0,42,1,0,6,1,1,1564,2538,2472
1580,0,42,0,0,6,1,1,1573,2498,-1
1581,0,42,0,0,6,1,1,1529,2503,-1
1582,0,42,0,0,6,1,1,1554,2496,-1
1583,0,38,0,0,6,1,1,1374,2499,-1
1584,0,43,0,0,6,1,1,1579,2538,-1
1588,0,43,1,1,6,1,1,1567,2567,2498
1591,0,41,1,2,6,1,1,1561,2627,2542
1592,0,41,1,2,6,1,1,1501,2614,2510
1593,0,42,1,0,6,1,1,1575,2545,2504
1594,0,42,1,1,6,1,1,1564,2572,2516
1598,0,44,1,1,6,1,1,1588,2604,2505
1604,0,43,1,1,6,1,1,1567,2583,2546
1605,0,45,1,2,6,1,1,1598,2640,2556
1606,0,43,0,0,6,1,1,1593,2535,-1
1607,0,42,0,0,6,1,1,1575,2593,-1
1609,0,44,0,0,6,1,1,1588,2567,-1
1610,0,42,1,0,6,1,1,1592,2610,2551
1612,0,41,1,1,6,1,1,1501,2612,2538
1613,0,43,1,0,6,1,1,1594,2568,2529
1614,0,42,0,0,6,1,1,1573,2557,-1
1615,0,37,0,0,6,1,1,1543,2583,-1
1616,0,42,0,0,6,1,1,1564,2556,-1
1617,0,36,0,0,7,1,0,1446,2566,-1
1619,0,43,0,0,6,1,1,1594,2566,-1
1620,0,44,0,0,6,1,1,1613,2564,-1
1621,0,42,1,0,6,1,1,1591,2579,2551
1623,0,44,1,0,6,1,1,1604,2604,2553
1624,0,41,0,0,6,1,1,1561,2594,-1
1625,0,43,0,0,6,1,1,1610,2577,-1
1626,0,43,0,0,6,1,1,1567,2575,-1
1627,0,42,1,3,6,1,1,1612,2708,2570
1628,0,46,1,1,6,1,1,1605,2600,2563
1631,0,45,0,0,6,1,1,1623,2604,-1
1632,0,42,1,2,6,1,1,1592,2670,2564
1633,0,41,1,2,6,1,1,1501,2704,2570
1634,0,47,1,0,6,1,0,1628,2613,2570
1635,0,45,0,0,6,1,1,1598,2604,-1
1636,0,42,1,2,6,1,1,1564,2800,2575
1640,0,46,1,1,6,1,1,1605,2631,2576
1641,0,43,1,2,6,1,1,1627,2671,2590
1642,0,48,0,0,6,1,0,1634,2613,-1
1643,0,43,1,0,6,1,1,1632,2663,2625
1644,0,42,1,2,6,1,1,1591,2679,2599
1645,0,42,1,0,6,1,1,1633,2672,2587
1646,0,41,0,0,6,1,1,1501,2606,-1
1647,0,47,0,0,6,1,1,1628,2600,-1
1649,0,42,0,0,6,1,1,1592,2614,-1
1651,0,42,1,2,6,1,1,1564,2672,2624
1652,0,46,0,0,6,1,1,1605,2603,-1
1656,0,43,1,2,6,1,1,1636,2772,2635
1657,0,42,0,0,6,1,1,1612,2612,-1
1658,0,44,1,0,6,1,1,1641,2632,2602
1660,0,43,1,4,6,1,1,1627,2839,2621
1661,0,47,1,2,6,1,1,1640,2672,2604
1662,0,43,1,0,6,1,1,1644,2704,2620
1664,0,45,0,0,6,1,1,1658,2632,-1
1665,0,48,1,2,6,1,1,1661,2735,2626
1669,0,42,0,0,6,1,1,1591,2627,-1
1670,0,44,1,0,6,1,1,1641,2666,2635
1673,0,46,0,0,6,1,1,1605,2640,-1
1675,0,43,0,0,6,1,1,1645,2645,-1
1676,0,44,1,0,6,1,1,1660,2665,2632
1677,0,43,1,1,6,1,1,1651,2689,2631
1678,0,42,1,2,6,1,1,1633,2854,2675
1679,0,44,0,0,6,1,1,1643,2663,-1
1680,0,49,1,1,6,1,1,1665,2768,2648
1682,0,43,1,4,6,1,1,1627,2859,2664
1683,0,43,1,0,6,1,1,1644,2737,2636
1684,0,42,0,0,6,1,1,1564,2668,-1
1686,0,43,1,0,6,1,1,1632,2668,2638
1687,0,44,1,0,6,1,1,1677,2669,2639
1688,0,45,0,0,6,1,1,1676,2665,-1
1689,0,48,1,2,6,1,1,1661,2776,2640
1690,0,44,0,0,6,1,1,1662,2704,-1
1691,0,45,0,0,6,1,1,1670,2666,-1
1692,0,43,1,0,6,1,1,1651,2673,2645
1693,0,44,0,0,6,1,1,1686,2668,-1
1694,0,44,1,0,6,1,1,1660,2689,2668
1695,0,44,1,0,6,1,1,1656,2714,2666
1697,0,44,0,0,6,1,1,1641,2671,-1
1698,0,43,1,2,6,1,1,1636,2735,2689
1699,0,43,0,0,6,1,1,1644,2674,-1
1700,0,43,0,0,6,1,1,1632,2670,-1
1701,0,44,0,0,6,1,1,1692,2673,-1
1702,0,48,0,0,6,1,1,1661,2672,-1
1704,0,44,0,0,6,1,1,1683,2737,-1
1708,0,44,1,0,6,1,1,1682,2746,2701
1709,0,49,1,1,6,1,1,1689,2769,2672
1711,0,50,1,0,6,1,1,1680,2732,2674
1714,0,45,0,0,6,1,1,1694,2689,-1
1716,0,50,1,1,6,1,1,1709,2787,2745
1718,0,44,1,1,6,1,0,1656,2736,2692
1719,0,44,1,0,6,1,1,1660,2775,2739
1720,0,51,0,0,6,1,1,1711,2732,-1
1721,0,43,1,1,6,1,1,1678,2804,2737
1724,0,50,0,0,6,1,1,1680,2720,-1
1725,0,49,1,0,6,1,1,1665,2731,2698
1727,0,44,1,0,6,1,1,1698,2729,2697
1728,0,45,1,0,6,1,0,1718,2771,2699
1729,0,49,1,7,6,1,1,1689,3025,2739
1730,0,43,0,0,6,1,1,1636,2728,-1
1731,0,45,0,0,6,1,1,1727,2729,-1
1732,0,50,0,0,6,1,1,1725,2731,-1
1733,0,44,0,0,6,1,1,1656,2719,-1
1734,0,46,0,0,6,1,0,1728,2757,-1
1735,0,45,0,0,6,1,1,1708,2746,-1
1736,0,44,1,0,6,1,1,1698,2771,2710
1738,0,49,0,0,6,1,1,1665,2728,-1
1739,0,45,0,0,6,1,0,1718,2733,-1
1741,0,44,1,0,6,1,1,1682,2790,2736
1742,0,45,0,0,6,1,1,1736,2771,-1
1752,0,44,0,0,6,1,1,1656,2772,-1
1754,0,44,1,1,6,1,1,1721,2879,2750
1755,0,50,1,4,6,1,1,1729,2992,2746
1756,0,45,0,0,6,1,1,1719,2775,-1
1757,0,44,1,0,6,1,1,1682,2893,2766
1758,0,43,1,0,6,1,1,1678,2778,2753
1759,0,49,0,0,5,1,0,1689,2776,-1
1760,0,51,1,0,6,1,1,1716,2781,2753
1761,0,43,0,0,6,1,1,1636,2768,-1
1762,0,45,0,0,6,1,1,1754,2782,-1
1763,0,51,1,1,6,1,1,1755,2816,2765
1764,0,50,1,1,6,1,1,1729,2858,2782
1765,0,52,0,0,6,1,1,1760,2781,-1
1766,0,51,0,0,6,1,1,1716,2787,-1
1767,0,45,0,0,6,1,1,1741,2790,-1
1768,0,44,1,3,6,1,1,1660,2944,2795
1769,0,44,0,0,6,1,1,1721,2804,-1
1770,0,52,1,2,6,1,1,1763,2852,2772
1773,0,45,0,0,6,1,1,1757,2799,-1
1776,0,53,1,0,6,1,1,1770,2817,2780
1777,0,44,0,0,6,1,1,1682,2795,-1
1779,0,43,0,0,6,1,1,1678,2816,-1
1780,0,43,0,0,6,1,1,1636,2800,-1
1782,0,52,0,0,6,1,1,1763,2816,-1
1783,0,51,1,5,6,1,1,1755,3021,2789
1784,0,54,0,0,6,1,1,1776,2815,-1
1788,0,50,1,0,6,1,1,1729,2839,2806
1789,0,52,0,0,6,1,1,1783,2821,-1
1791,0,53,1,2,6,1,1,1770,2885,2820
1792,0,51,1,1,6,1,1,1764,2849,2807
1793,0,45,1,0,6,1,1,1754,2877,2804
1794,0,45,0,0,6,1,1,1768,2833,-1
1795,0,44,1,0,6,1,1,1682,2872,2820
1796,0,44,0,0,6,1,1,1660,2836,-1
1798,0,46,0,0,6,1,1,1793,2832,-1
1799,0,51,0,0,6,1,1,1788,2839,-1
1800,0,52,1,0,6,1,1,1792,2839,2814
1801,0,45,0,0,6,1,1,1754,2852,-1
1802,0,50,1,6,6,1,1,1729,3130,2834
1804,0,51,0,0,6,1,1,1764,2858,-1
1805,0,53,0,0,6,1,1,1800,2839,-1
1808,0,52,0,0,6,1,1,1792,2849,-1
1809,0,54,1,3,6,1,1,1791,2921,2827
1810,0,45,0,0,6,1,1,1757,2893,-1
1811,0,43,0,0,6,1,1,1678,2854,-1
1812,0,44,0,0,6,1,1,1682,2859,-1
1813,0,53,0,0,6,1,1,1770,2852,-1
1814,0,55,1,0,6,1,1,1809,2864,2835
1815,0,51,1,1,6,1,1,1755,2977,2894
1816,0,54,1,0,6,1,1,1791,2885,2841
1817,0,51,1,0,6,1,1,1802,2940,2888
1818,0,52,1,1,6,1,1,1783,2923,2884
1819,0,56,0,0,6,1,1,1814,2864,-1
1823,0,45,1,1,6,1,1,1768,2917,2862
1824,0,45,0,0,6,1,1,1795,2865,-1
1825,0,55,0,0,6,1,1,1816,2885,-1
1826,0,50,1,1,6,1,1,1729,2942,2903
1827,0,55,1,0,6,1,1,1809,2908,2867
1828,0,54,0,0,6,1,1,1791,2885,-1
1829,0,46,0,0,6,1,1,1793,2877,-1
1834,0,46,1,0,6,1,1,1823,2917,2896
1836,0,45,1,1,6,1,0,1768,2929,2875
1837,0,56,0,0,6,1,1,1827,2896,-1
1840,0,55,1,0,6,1,1,1809,2941,2880
1841,0,46,1,0,6,1,0,1836,2962,2895
1844,0,56,0,0,6,1,1,1840,2941,-1
1845,0,45,1,1,6,1,1,1768,2977,2888
1848,0,46,1,1,6,1,1,1845,2971,2901
1849,0,52,0,0,6,1,1,1817,2940,-1
1850,0,53,1,0,6,1,1,1818,2956,2900
1851,0,55,0,0,6,1,1,1809,2921,-1
1852,0,52,1,1,6,1,1,1783,2935,2898
1854,0,51,1,0,6,1,1,1802,2935,2901
1855,0,47,0,0,6,1,0,1841,2962,-1
1857,0,53,1,0,6,1,1,1852,3083,2906
1858,0,54,0,0,6,1,1,1850,2956,-1
1859,0,46,0,0,6,1,0,1836,2929,-1
1860,0,52,1,0,6,1,1,1815,2937,2908
1861,0,47,1,1,6,1,1,1848,3082,2929
1862,0,51,1,0,6,1,1,1826,2977,2911
1863,0,52,1,5,6,1,1,1783,3149,2940
1864,0,52,0,0,6,1,1,1854,2935,-1
1865,0,54,0,0,6,1,1,1857,2943,-1
1866,0,51,1,1,6,1,1,1802,2997,2950
1867,0,46,0,0,6,1,1,1845,2929,-1
1868,0,53,0,0,6,1,1,1860,2937,-1
1869,0,52,0,0,6,1,1,1862,2977,-1
1870,0,50,1,0,6,1,1,1729,2985,2929
1871,0,52,0,0,6,1,1,1815,2977,-1
1873,0,51,0,0,6,1,1,1826,2942,-1
1878,0,51,0,0,6,1,1,1870,2974,-1
1879,0,48,1,2,6,1,1,1861,3038,2967
1880,0,46,0,0,6,1,1,1845,2962,-1
1883,0,50,1,0,7,1,0,1729,3006,2966
1884,0,47,0,0,6,1,1,1848,2971,-1
1887,0,53,1,0,6,1,1,1863,3069,3023
1890,0,51,1,0,6,1,1,1755,3001,2955
1891,0,52,1,0,6,1,1,1866,2989,2957
1893,0,52,0,0,6,1,1,1890,3001,-1
1894,0,51,1,1,6,1,1,1802,3034,2963
1895,0,52,1,0,6,1,1,1783,3015,2973
1896,0,53,0,0,6,1,1,1891,2989,-1
1898,0,51,0,0,6,1,1,1755,2992,-1
1899,0,52,1,1,6,1,1,1894,3008,2972
1900,0,51,0,0,7,1,0,1883,2998,-1
1901,0,49,1,1,6,1,1,1879,3100,2974
1902,0,54,0,0,6,1,1,1857,3083,-1
1903,0,51,1,4,6,1,1,1802,3168,2976
1904,0,53,1,0,6,1,1,1899,3005,2979
1905,0,50,0,0,6,1,1,1729,3005,-1
1906,0,48,0,0,6,1,1,1861,2997,-1
1908,0,52,1,0,6,1,1,1903,3041,2996
1910,0,53,0,0,6,1,1,1895,3015,-1
1911,0,52,1,1,6,1,1,1783,3026,2987
1912,0,49,1,5,6,1,1,1879,3126,3001
1913,0,51,1,1,6,1,1,1802,3121,2994
1915,0,53,1,0,6,1,1,1911,3021,2994
1916,0,50,1,0,6,1,1,1901,3026,2995
1918,0,52,0,0,6,1,1,1783,3021,-1
1919,0,54,0,0,6,1,1,1915,3021,-1
1920,0,51,0,0,6,1,1,1916,3026,-1
1923,0,53,0,0,6,1,1,1911,3026,-1
1924,0,52,0,0,6,1,1,1894,3034,-1
1925,0,51,0,0,6,1,1,1802,3097,-1
1927,0,52,1,0,6,1,1,1903,3060,3009
1928,0,50,1,0,6,1,1,1912,3054,3018
1929,0,53,0,0,6,1,1,1908,3041,-1
1932,0,49,0,0,6,1,1,1879,3038,-1
1935,0,53,0,0,6,1,1,1927,3060,-1
1937,0,52,1,6,6,1,1,1903,3312,3065
1938,0,48,0,0,6,1,1,1861,3082,-1
1939,0,51,0,0,6,1,1,1928,3054,-1
1942,0,54,0,0,6,1,1,1887,3069,-1
1943,0,50,1,0,6,1,1,1912,3084,3031
1947,0,53,1,1,6,1,1,1863,3236,3041
1948,0,51,0,0,6,1,1,1943,3084,-1
1951,0,50,1,2,6,1,1,1912,3122,3044
1952,0,50,0,0,6,1,1,1901,3100,-1
1954,0,54,0,0,6,1,1,1947,3066,-1
1955,0,51,1,0,6,1,1,1951,3078,3057
1956,0,53,1,2,6,1,1,1863,3149,3070
1957,0,50,1,1,6,1,1,1912,3110,3079
1958,0,52,1,1,6,1,1,1913,3161,3087
1960,0,52,0,0,6,1,1,1955,3078,-1
1961,0,51,1,1,6,1,1,1951,3136,3070
1962,0,53,1,1,6,1,1,1937,3188,3108
1964,0,54,1,1,6,1,1,1947,3212,3137
1965,0,54,1,2,6,1,1,1956,3327,3102
1966,0,52,1,4,6,1,1,1903,3304,3133
1967,0,53,1,0,6,1,1,1863,3192,3084
1968,0,51,1,0,6,1,1,1957,3163,3086
1969,0,51,0,0,6,1,1,1951,3122,-1
1974,0,54,0,0,6,1,1,1967,3192,-1
1975,0,50,1,0,6,1,1,1912,3129,3092
1976,0,52,1,0,6,1,1,1961,3168,3101
1977,0,53,1,0,6,1,1,1863,3127,3099
1978,0,51,0,0,6,1,1,1975,3124,-1
1979,0,52,0,0,6,1,1,1913,3121,-1
1980,0,52,0,0,6,1,1,1968,3163,-1
1982,0,50,0,0,6,1,1,1912,3126,-1
1983,0,53,1,2,6,1,1,1958,3202,3107
1984,0,53,0,0,6,1,1,1976,3168,-1
1985,0,55,1,0,6,1,1,1965,3151,3138
1986,0,53,0,0,6,1,1,1863,3149,-1
1987,0,52,0,0,6,1,1,1961,3136,-1
1988,0,54,1,0,6,1,1,1962,3142,3115
1989,0,54,1,1,6,1,1,1956,3153,3124
1991,0,54,1,1,6,1,1,1983,3217,3156
1992,0,53,1,0,6,1,1,1937,3237,3133
1993,0,55,0,0,6,1,1,1988,3142,-1
1996,0,54,0,0,6,1,1,1962,3160,-1
1998,0,55,1,0,6,1,1,1989,3177,3131
2001,0,53,0,0,6,1,1,1958,3161,-1
2004,0,56,0,0,6,1,1,1998,3177,-1
2005,0,54,0,0,6,1,1,1992,3164,-1
2006,0,53,1,1,6,1,1,1966,3273,3205
2007,0,55,1,3,6,1,1,1964,3343,3145
2008,0,53,1,0,6,1,1,1937,3184,3146
2009,0,52,0,0,6,1,1,1903,3168,-1
2011,0,55,0,0,6,1,1,1965,3178,-1
2012,0,54,0,0,6,1,1,2008,3181,-1
2015,0,53,1,2,6,1,1,1937,3278,3160
2016,0,55,1,0,6,1,1,1991,3248,3166
2017,0,54,0,0,6,1,1,1947,3194,-1
2019,0,54,1,0,6,1,1,2015,3244,3183
2020,0,54,1,1,6,1,1,1983,3252,3169
2021,0,56,1,1,6,1,1,2007,3256,3171
2023,0,56,0,0,6,1,1,2016,3248,-1
2025,0,54,0,0,6,1,1,1992,3201,-1
2026,0,57,1,1,6,1,0,2021,3257,3198
2027,0,55,0,0,6,1,1,1991,3217,-1
2028,0,53,0,0,6,1,1,1937,3201,-1
2029,0,54,0,0,6,1,1,1983,3201,-1
2030,0,55,1,2,6,1,1,2020,3255,3192
2031,0,56,1,3,6,1,1,2007,3307,3184
2033,0,57,1,0,6,1,1,2031,3243,3199
2034,0,55,0,0,6,1,1,1964,3212,-1
2035,0,55,0,0,6,1,1,2019,3232,-1
2036,0,56,1,2,6,1,1,2007,3373,3299
2037,0,56,1,0,6,1,1,2030,3227,3199
2038,0,55,0,0,6,1,1,1965,3231,-1
2039,0,58,1,0,6,1,0,2026,3208,3206
2040,0,54,1,4,6,1,1,2015,3461,3237
2041,0,57,0,0,6,1,1,2037,3223,-1
2042,0,58,0,0,6,1,1,2033,3238,-1
2043,0,54,0,0,6,1,1,1947,3228,-1
2046,0,53,1,4,6,1,1,1937,3441,3226
2047,0,57,1,1,6,1,1,2031,3367,3222
2048,0,54,1,0,6,1,1,2006,3266,3212
2049,0,57,0,0,6,1,1,2021,3250,-1
2051,0,53,1,0,6,1,1,1966,3288,3245
2052,0,58,0,0,6,1,0,2026,3257,-1
2053,0,55,0,0,6,1,1,2048,3266,-1
2054,0,56,1,0,6,1,1,2030,3249,3220
2055,0,54,0,0,6,1,1,2006,3268,-1
2056,0,57,0,0,6,1,1,2054,3249,-1
2057,0,55,0,0,6,1,1,2020,3252,-1
2058,0,58,0,0,6,1,1,2047,3246,-1
2059,0,54,1,1,6,1,1,2046,3337,3265
2064,0,57,1,0,6,1,1,2031,3274,3239
2065,0,53,1,0,6,1,1,1937,3288,3239
2067,0,55,1,0,6,1,1,1965,3273,3244
2070,0,55,1,0,6,1,1,2040,3305,3244
2071,0,58,0,0,6,1,1,2064,3274,-1
2072,0,54,0,0,6,1,1,2065,3288,-1
2073,0,54,0,0,6,1,1,2015,3278,-1
2075,0,56,0,0,6,1,1,2070,3305,-1
2076,0,56,0,0,6,1,1,2067,3269,-1
2077,0,53,0,0,6,1,1,1937,3312,-1
2080,0,55,1,0,6,1,1,2040,3332,3302
2081,0,53,1,3,6,1,1,1966,3470,3258
2085,0,54,1,1,6,1,1,2081,3322,3287
2087,0,58,1,0,6,1,1,2047,3354,3283
2088,0,55,0,0,6,1,1,1965,3327,-1
2089,0,53,1,0,6,1,1,1966,3323,3271
2090,0,57,0,0,6,1,1,2031,3307,-1
2091,0,55,1,1,6,1,1,2059,3442,3286
2094,0,53,0,0,6,1,1,1966,3304,-1
2095,0,54,1,4,6,1,1,2046,3504,3290
2096,0,59,0,0,6,1,1,2087,3316,-1
2097,0,55,1,2,6,1,1,2085,3572,3294
2100,0,58,0,0,6,1,1,2047,3367,-1
2101,0,56,1,1,6,1,1,2091,3517,3357
2102,0,54,0,0,6,1,1,2089,3314,-1
2103,0,56,0,0,6,1,0,2097,3314,-1
2104,0,55,0,0,6,1,1,2059,3337,-1
2105,0,54,1,1,6,1,1,2046,3393,3331
2106,0,54,1,1,6,1,1,2081,3367,3328
2107,0,57,1,1,6,1,1,2036,3398,3306
2110,0,55,1,1,6,1,1,2040,3461,3351
2111,0,56,0,0,6,1,1,2080,3332,-1
2112,0,58,1,0,6,1,1,2107,3408,3366
2113,0,56,0,0,6,1,1,2007,3336,-1
2115,0,57,1,2,6,1,1,2036,3588,3333
2116,0,55,1,1,6,1,1,2095,3545,3330
2121,0,55,1,0,5,1,0,2106,3357,3334
2122,0,59,0,0,6,1,1,2087,3354,-1
2123,0,55,1,0,6,1,1,2105,3363,3339
2125,0,56,0,0,5,1,0,2121,3357,-1
2126,0,55,1,1,6,1,1,2095,3429,3347
2127,0,54,1,1,6,1,1,2046,3438,3403
2128,0,57,0,0,6,1,1,2036,3373,-1
2129,0,55,0,0,6,1,1,2106,3361,-1
2131,0,55,0,0,6,1,1,2105,3393,-1
2132,0,56,0,0,6,1,1,2126,3372,-1
2133,0,56,0,0,6,1,1,2110,3374,-1
2134,0,55,1,2,6,1,1,2095,3491,3360
2137,0,55,1,1,7,1,0,2040,3467,3428
2138,0,57,1,3,6,1,1,2101,3500,3395
2139,0,56,1,0,6,1,1,2097,3396,3367
2140,0,54,1,3,6,1,1,2081,3485,3390
2141,0,56,1,1,6,1,1,2134,3449,3383
2144,0,58,0,0,6,1,1,2115,3415,-1
2145,0,55,1,0,6,1,1,2095,3478,3461
2146,0,59,0,0,6,1,1,2112,3408,-1
2149,0,56,1,1,6,1,1,2097,3559,3500
2150,0,56,1,1,6,1,1,2126,3462,3388
2151,0,58,0,0,6,1,1,2107,3398,-1
2152,0,56,0,0,6,1,1,2091,3442,-1
2153,0,57,1,0,6,1,1,2141,3432,3390
2154,0,57,1,0,6,1,1,2150,3430,3395
2155,0,56,0,0,6,1,1,2134,3421,-1
2156,0,58,0,0,6,1,1,2153,3425,-1
2157,0,55,1,0,6,1,1,2140,3449,3417
2158,0,56,0,0,6,1,1,2126,3429,-1
2159,0,58,1,0,6,1,1,2138,3447,3402
2161,0,56,1,1,6,1,1,2116,3491,3427
2162,0,58,0,0,6,1,1,2154,3430,-1
2163,0,57,0,0,6,1,1,2141,3424,-1
2164,0,54,0,0,6,1,1,2081,3419,-1
2165,0,57,0,0,6,1,1,2101,3517,-1
2166,0,55,1,0,6,1,1,2127,3481,3410
2168,0,54,0,0,6,1,1,2046,3441,-1
2169,0,56,0,0,6,1,1,2166,3481,-1
2170,0,58,1,0,6,1,1,2138,3568,3449
2171,0,56,1,0,6,1,1,2110,3465,3435
2172,0,56,0,0,6,1,1,2157,3449,-1
2173,0,57,0,0,6,1,1,2150,3462,-1
2174,0,59,0,0,6,1,1,2159,3447,-1
2175,0,55,1,0,6,1,1,2140,3501,3431
2176,0,57,1,3,6,1,1,2161,3560,3460
2177,0,56,1,1,7,1,0,2137,3666,3436
2180,0,56,0,0,6,1,1,2175,3456,-1
2182,0,54,0,0,6,1,1,2081,3470,-1
2183,0,57,0,0,7,1,0,2177,3456,-1
2184,0,55,1,4,6,1,1,2140,3609,3444
2186,0,55,0,0,6,1,1,2040,3461,-1
2188,0,56,1,3,6,1,1,2184,3616,3495
2192,0,55,0,0,6,1,1,2140,3473,-1
2193,0,56,1,2,6,1,1,2134,3518,3462
2194,0,58,1,2,6,1,1,2138,3539,3462
2195,0,58,0,0,6,1,1,2115,3519,-1
2197,0,59,0,0,6,1,1,2170,3568,-1
2199,0,58,1,0,6,1,1,2176,3543,3491
2200,0,59,1,0,6,1,1,2194,3532,3494
2201,0,57,1,0,6,1,1,2193,3503,3470
2202,0,56,0,0,6,1,1,2175,3501,-1
2204,0,57,0,0,7,1,0,2177,3491,-1
2207,0,57,0,0,6,1,1,2161,3491,-1
2208,0,55,0,0,6,1,1,2095,3504,-1
2209,0,58,0,0,6,1,1,2138,3500,-1
2210,0,58,0,0,6,1,1,2201,3503,-1
2212,0,57,1,1,6,1,1,2193,3569,3483
2217,0,58,1,0,6,1,1,2212,3538,3499
2219,0,57,0,0,6,1,1,2193,3517,-1
2223,0,57,1,0,6,1,1,2188,3525,3503
2224,0,60,0,0,6,1,1,2200,3530,-1
2225,0,58,1,0,6,1,1,2176,3548,3505
2226,0,57,1,0,6,1,1,2149,3543,3507
2227,0,59,1,0,6,1,1,2194,3535,3507
2229,0,56,1,0,6,1,1,2184,3621,3541
2230,0,57,0,0,7,1,0,2177,3528,-1
2233,0,58,0,0,6,1,1,2223,3524,-1
2234,0,59,0,0,6,1,1,2225,3548,-1
2235,0,56,0,0,6,1,1,2097,3555,-1
2236,0,60,0,0,6,1,1,2227,3535,-1
2237,0,58,0,0,6,1,1,2226,3543,-1
2238,0,58,1,3,6,1,1,2176,3690,3518
2239,0,56,0,0,6,1,1,2116,3545,-1
2240,0,57,0,0,6,1,1,2149,3533,-1
2241,0,59,0,0,6,1,1,2194,3539,-1
2246,0,57,1,1,6,1,1,2188,3596,3554
2247,0,58,1,0,6,1,1,2115,3606,3529
2248,0,59,1,3,6,1,1,2238,3662,3543
2249,0,58,0,0,6,1,1,2176,3560,-1
2253,0,58,1,2,6,1,1,2115,3664,3556
2254,0,58,0,0,6,1,1,2212,3567,-1
2257,0,57,0,0,7,1,0,2177,3559,-1
2258,0,57,0,0,6,1,1,2229,3584,-1
2261,0,60,1,0,6,1,1,2248,3586,3555
2263,0,59,0,0,6,1,1,2247,3606,-1
2264,0,56,1,1,6,1,1,2184,3637,3561
2265,0,59,1,7,6,1,1,2238,3955,3562
2266,0,58,1,0,6,1,1,2246,3586,3561
2268,0,57,1,1,6,1,1,2188,3643,3583
2269,0,61,0,0,6,1,1,2261,3586,-1
2270,0,59,0,0,8,1,0,2266,3586,-1
2271,0,60,1,0,6,1,1,2248,3655,3593
2272,0,58,0,0,6,1,1,2115,3582,-1
2273,0,60,0,0,6,1,1,2265,3591,-1
2274,0,59,1,2,6,1,1,2253,3718,3584
2275,0,57,1,4,6,1,1,2264,3687,3583
2277,0,58,0,0,6,1,1,2246,3587,-1
2278,0,56,1,0,6,1,1,2184,3625,3575
2281,0,57,0,0,6,1,1,2278,3625,-1
2282,0,56,0,0,6,1,1,2184,3609,-1
2283,0,58,1,3,6,1,1,2275,3701,3590
2285,0,60,1,0,6,1,1,2274,3701,3608
2289,0,57,0,0,6,1,1,2264,3619,-1
2290,0,57,1,0,7,1,0,2177,3629,3597
2291,0,57,0,0,6,1,1,2188,3616,-1
2292,0,58,1,0,6,1,1,2268,3631,3609
2293,0,59,1,0,6,1,1,2283,3642,3600
2294,0,59,1,0,6,1,1,2253,3689,3626
2296,0,59,1,0,6,1,1,2238,3672,3600
2297,0,57,0,0,6,1,1,2229,3617,-1
2298,0,58,1,2,6,1,1,2275,3696,3603
2300,0,61,0,0,6,1,1,2271,3655,-1
2301,0,58,0,0,7,1,0,2290,3629,-1
2302,0,60,0,0,6,1,1,2296,3655,-1
2303,0,60,1,0,6,1,1,2248,3681,3624
2304,0,59,1,0,6,1,1,2298,3674,3628
2305,0,57,0,0,7,1,0,2177,3666,-1
2306,0,59,0,0,6,1,1,2238,3626,-1
2308,0,59,1,2,6,1,1,2283,3711,3656
2309,0,58,1,1,6,1,1,2275,3663,3616
2310,0,60,0,0,6,1,1,2293,3642,-1
2311,0,61,0,0,6,1,1,2285,3678,-1
2312,0,60,1,4,6,1,1,2274,3755,3659
2314,0,58,0,0,6,1,1,2268,3643,-1
2315,0,59,1,0,6,1,1,2309,3673,3623
2318,0,58,1,3,6,1,1,2275,3764,3629
2319,0,60,0,0,6,1,1,2315,3651,-1
2320,0,61,0,0,6,1,1,2303,3681,-1
2321,0,60,1,2,6,1,1,2265,3925,3676
2322,0,60,0,0,6,1,1,2294,3668,-1
2324,0,59,0,0,6,1,1,2309,3658,-1
2325,0,59,1,1,6,1,1,2318,3713,3660
2326,0,60,0,0,6,1,1,2248,3662,-1
2327,0,59,0,0,6,1,1,2253,3664,-1
2328,0,59,1,1,6,1,1,2298,3808,3667
2329,0,58,0,0,6,1,1,2275,3687,-1
2333,0,60,0,0,6,1,1,2304,3674,-1
2336,0,60,1,0,6,1,1,2308,3693,3663
2339,0,61,1,0,6,1,1,2312,3702,3666
2340,0,59,0,0,6,1,1,2238,3690,-1
2341,0,60,1,3,6,1,1,2325,3825,3667
2344,0,59,1,0,6,1,1,2283,3700,3672
2345,0,61,0,0,6,1,1,2336,3693,-1
2348,0,62,0,0,6,1,1,2339,3701,-1
2349,0,60,1,0,6,1,1,2328,3805,3745
2350,0,60,1,1,6,1,1,2308,3795,3681
2352,0,61,1,0,6,1,1,2312,3742,3679
2354,0,60,0,0,6,1,1,2344,3700,-1
2356,0,59,1,2,6,1,1,2318,3764,3715
2357,0,61,0,0,6,1,1,2321,3696,-1
2358,0,60,0,0,6,1,1,2325,3713,-1
2360,0,60,0,0,6,1,1,2274,3718,-1
2361,0,60,1,1,6,1,1,2265,3742,3694
2362,0,61,1,1,6,1,1,2312,3724,3693
2363,0,61,1,0,6,1,1,2341,3728,3698
2365,0,60,0,0,6,1,1,2308,3711,-1
2367,0,61,1,0,6,1,1,2350,3917,3741
2369,0,62,1,0,6,1,1,2362,3729,3700
2370,0,62,0,0,6,1,1,2352,3737,-1
2371,0,61,1,1,6,1,1,2361,3754,3711
2373,0,62,0,0,6,1,1,2363,3720,-1
2374,0,61,1,1,6,1,1,2312,3838,3719
2376,0,63,0,0,6,1,0,2369,3729,-1
2377,0,60,1,1,6,1,1,2265,3778,3708
2379,0,61,1,0,6,1,1,2341,3798,3726
2380,0,61,1,1,6,1,1,2377,3850,3727
2382,0,62,1,0,6,1,1,2371,3752,3718
2383,0,61,1,0,6,1,1,2321,3793,3749
2384,0,60,1,0,6,1,1,2265,3787,3721
2385,0,60,1,1,6,1,1,2356,3772,3722
2386,0,61,0,0,6,1,1,2361,3742,-1
2387,0,63,0,0,6,1,1,2382,3745,-1
2388,0,62,1,1,6,1,1,2374,3855,3798
2390,0,59,1,1,6,1,1,2318,3788,3728
2391,0,61,1,0,6,1,1,2385,3793,3730
2393,0,62,0,0,6,1,1,2371,3743,-1
2394,0,61,0,0,6,1,1,2312,3755,-1
2395,0,62,0,0,6,1,1,2379,3795,-1
2396,0,60,1,1,6,1,1,2265,3867,3824
2397,0,62,0,0,6,1,1,2380,3746,-1
2400,0,60,1,0,6,1,1,2356,3760,3736
2401,0,60,1,1,6,1,0,2390,3924,3756
2402,0,62,0,0,6,1,1,2391,3793,-1
2403,0,61,1,0,6,1,1,2341,3779,3755
2404,0,59,0,0,6,1,1,2318,3753,-1
2405,0,61,0,0,6,1,1,2385,3756,-1
2406,0,62,0,0,6,1,1,2367,3841,-1
2407,0,60,0,0,6,1,1,2356,3761,-1
2409,0,61,0,0,6,1,1,2349,3805,-1
2413,0,61,0,0,6,1,1,2350,3789,-1
2414,0,62,0,0,6,1,1,2403,3779,-1
2415,0,61,1,2,6,1,0,2401,3942,3766
2417,0,61,0,0,6,1,1,2384,3787,-1
2418,0,60,0,0,6,1,1,2390,3788,-1
2419,0,61,0,0,6,1,1,2341,3825,-1
2421,0,60,0,0,6,1,1,2328,3808,-1
2422,0,62,0,0,6,1,1,2383,3790,-1
2423,0,62,1,1,6,1,0,2415,4095,3782
2425,0,61,0,0,6,1,0,2401,3807,-1
2426,0,63,1,1,6,1,0,2423,3925,3883
2428,0,62,1,2,6,1,0,2415,3891,3802
2433,0,63,1,5,6,1,1,2388,3958,3806
2434,0,63,1,2,6,1,0,2428,3943,3833
2435,0,62,0,0,6,1,1,2374,3838,-1
2437,0,64,1,0,6,1,1,2433,3861,3823
2439,0,61,0,0,6,1,0,2401,3881,-1
2440,0,62,1,2,6,1,1,2380,3961,3819
2442,0,63,1,2,6,1,1,2440,3990,3901
2443,0,65,0,0,6,1,1,2437,3861,-1
2444,0,61,1,0,6,1,1,2396,3877,3831
2445,0,63,0,0,6,1,1,2388,3855,-1
2446,0,62,0,0,6,1,1,2380,3850,-1
2447,0,61,1,0,6,1,1,2321,3877,3851
2448,0,64,1,1,6,1,1,2433,3890,3850
2449,0,60,1,6,6,1,1,2265,4056,3864
2450,0,62,0,0,6,1,0,2415,3870,-1
2451,0,62,0,0,6,1,1,2444,3877,-1
2452,0,64,1,0,6,1,0,2434,3875,3853
2453,0,61,0,0,6,1,1,2396,3867,-1
2455,0,63,1,0,6,1,0,2428,3973,3853
2456,0,65,1,0,6,1,1,2448,3886,3857
2458,0,62,0,0,6,1,1,2447,3871,-1
2459,0,65,0,0,6,1,0,2452,3875,-1
2460,0,64,1,2,6,1,1,2433,4084,3872
2461,0,61,0,0,6,1,1,2321,3890,-1
2462,0,64,1,0,6,1,0,2434,3912,3886
2463,0,63,0,0,6,1,0,2428,3891,-1
2465,0,65,0,0,6,1,1,2448,3890,-1
2466,0,61,1,0,6,1,1,2449,4005,3871
2467,0,62,0,0,6,1,1,2466,3893,-1
2469,0,61,1,0,6,1,1,2449,3982,3890
2470,0,64,1,2,6,1,1,2433,3987,3914
2472,0,64,1,2,6,1,0,2426,3968,3890
2474,0,65,0,0,6,1,0,2462,3912,-1
2476,0,63,0,0,6,1,0,2423,3942,-1
2477,0,65,1,1,6,1,0,2472,3996,3897
2479,0,64,0,0,6,1,0,2434,3943,-1
2480,0,60,1,1,6,1,1,2265,4020,3902
2481,0,64,0,0,6,1,0,2426,3920,-1
2482,0,61,1,0,6,1,1,2449,3973,3904
2483,0,66,1,0,6,1,0,2477,3951,3920
2484,0,62,0,0,6,1,0,2415,3942,-1
2485,0,62,0,0,6,1,1,2469,3982,-1
2486,0,64,1,0,6,1,1,2442,3931,3908
2487,0,61,1,0,6,1,1,2480,3973,3934
2488,0,65,1,0,6,1,0,2472,3961,3920
2489,0,62,0,0,6,1,1,2482,3973,-1
2490,0,60,0,0,6,1,1,2265,3934,-1
2491,0,63,1,2,6,1,1,2440,3993,3924
2492,0,61,1,0,6,1,1,2449,4029,3919
2494,0,65,1,1,6,1,1,2470,4001,3922
2495,0,64,1,2,6,1,1,2442,4013,3929
2496,0,67,0,0,6,1,0,2483,3947,-1
2497,0,66,0,0,6,1,0,2488,3958,-1
2498,0,62,0,0,6,1,1,2492,3955,-1
2499,0,64,1,0,5,1,0,2433,3961,3927
2500,0,65,1,1,6,1,1,2460,4060,4018
2501,0,64,1,1,6,1,1,2491,3986,3932
2503,0,61,1,2,6,1,1,2449,4140,3934
2504,0,65,0,0,6,1,0,2472,3965,-1
2505,0,65,0,0,4,1,0,2499,3961,-1
2506,0,65,1,0,6,1,1,2470,4015,3951
2509,0,64,0,0,6,1,1,2433,3958,-1
2510,0,63,0,0,6,1,1,2440,3959,-1
2512,0,61,0,0,6,1,1,2480,3995,-1
2513,0,62,0,0,6,1,1,2487,3973,-1
2515,0,64,1,3,6,1,1,2491,4122,3956
2516,0,66,0,0,6,1,0,2477,3993,-1
2517,0,65,1,2,6,1,1,2495,4042,3954
2519,0,65,1,0,6,1,1,2501,4019,3955
2521,0,66,1,1,6,1,1,2494,4051,3958
2522,0,61,1,1,6,1,1,2449,4014,3965
2523,0,66,1,1,6,1,1,2517,4035,3969
2524,0,65,0,0,6,1,1,2470,3985,-1
2525,0,65,1,0,6,1,1,2515,4081,4019
2526,0,66,0,0,6,1,1,2519,4019,-1
2527,0,67,1,4,6,1,1,2521,4212,3992
2528,0,64,0,0,6,1,1,2442,3983,-1
2529,0,65,1,0,6,1,1,2495,4000,3969
2530,0,62,0,0,6,1,1,2466,4005,-1
2531,0,64,0,0,6,1,1,2491,3989,-1
2532,0,66,0,0,6,1,1,2494,4000,-1
2534,0,62,1,0,6,1,1,2522,4057,3984
2536,0,61,0,0,6,1,1,2449,4008,-1
2538,0,67,1,2,6,1,1,2523,4081,3989
2539,0,65,0,0,6,1,1,2495,4013,-1
2540,0,66,1,0,6,1,1,2517,4027,4002
2541,0,66,0,0,6,1,1,2506,4015,-1
2544,0,63,0,0,6,1,1,2534,4057,-1
2548,0,68,1,1,6,1,1,2538,4093,4004
2550,0,63,0,0,6,1,0,2423,4095,-1
2551,0,68,1,0,5,1,0,2527,4046,4009
2553,0,67,0,0,6,1,1,2523,4035,-1
2556,0,66,0,0,6,1,1,2517,4042,-1
2557,0,68,1,0,6,1,1,2538,4082,4032
2560,0,69,0,0,5,1,0,2551,4046,-1
2561,0,68,1,0,6,1,1,2527,4145,4039
2564,0,62,1,0,6,1,1,2503,4092,4024
2565,0,66,1,1,6,1,1,2500,4065,4026
2566,0,67,0,0,6,1,1,2521,4046,-1
2567,0,69,1,1,6,1,1,2548,4081,4034
2568,0,66,0,0,6,1,1,2525,4081,-1
2569,0,65,1,3,6,1,1,2460,4291,4055
2570,0,63,0,0,6,1,1,2564,4044,-1
2571,0,67,1,2,6,1,1,2565,4092,4033
2573,0,62,1,2,6,1,1,2503,4128,4063
2574,0,66,0,0,6,1,1,2500,4053,-1
2575,0,68,1,2,6,1,1,2571,4169,4040
2576,0,65,1,0,6,1,1,2515,4092,4048
2577,0,70,1,0,6,1,1,2567,4070,4046
2579,0,67,0,0,6,1,1,2565,4065,-1
2580,0,69,0,0,6,1,1,2575,4066,-1
2581,0,69,0,0,6,1,1,2548,4093,-1
2582,0,69,0,0,6,1,1,2557,4082,-1
2585,0,68,1,3,6,1,1,2527,4167,4079
2587,0,68,1,2,6,1,1,2571,4123,4056
2589,0,68,0,0,6,1,1,2538,4075,-1
2591,0,65,1,1,6,1,1,2515,4240,4086
2592,0,66,1,1,6,1,1,2569,4121,4080
2593,0,69,0,0,6,1,1,2561,4145,-1
2595,0,69,1,1,6,1,1,2587,4182,4063
2598,0,65,0,0,6,1,1,2460,4084,-1
2599,0,63,0,0,6,1,1,2564,4092,-1
2600,0,68,0,0,6,1,1,2571,4090,-1
2601,0,70,0,0,6,1,1,2595,4098,-1
2602,0,63,1,2,6,1,1,2573,4133,4071
2603,0,69,1,0,6,1,1,2587,4129,4076
2605,0,64,1,8,6,1,1,2602,4441,4084
2606,0,62,0,0,6,1,1,2503,4140,-1
2608,0,63,1,1,6,1,1,2573,4179,4111
2609,0,69,1,0,6,1,1,2585,4108,4086
2613,0,67,1,0,6,1,1,2592,4121,4087
2615,0,70,0,0,6,1,1,2603,4129,-1
2617,0,69,0,0,6,1,1,2587,4123,-1
2619,0,68,1,2,6,1,1,2527,4245,4154
2620,0,66,1,0,6,1,1,2569,4251,4188
2621,0,70,0,0,6,1,1,2609,4108,-1
2622,0,66,0,0,6,1,1,2591,4121,-1
2623,0,65,1,1,6,1,1,2605,4131,4096
2625,0,64,1,0,6,1,1,2602,4138,4099
2628,0,69,1,1,6,1,1,2585,4177,4112
2630,0,65,0,0,6,1,1,2515,4122,-1
2632,0,66,1,0,6,1,1,2623,4239,4103
2633,0,67,0,0,6,1,1,2592,4121,-1
2634,0,69,1,1,6,1,1,2575,4160,4122
2635,0,65,0,0,6,1,1,2625,4138,-1
2636,0,65,1,1,6,1,1,2605,4193,4127
2638,0,64,0,0,6,1,1,2602,4133,-1
2639,0,66,0,0,6,1,1,2623,4131,-1
2640,0,64,1,0,6,1,1,2608,4153,4126
2641,0,69,1,1,6,1,1,2585,4183,4139
2645,0,70,1,0,6,1,1,2634,4162,4130
2646,0,70,1,0,6,1,1,2628,4177,4132
2647,0,65,0,0,6,1,1,2640,4146,-1
2649,0,66,1,0,6,1,1,2636,4198,4164
2650,0,69,1,0,6,1,1,2575,4179,4136
2651,0,70,1,3,6,1,1,2595,4279,4152
2653,0,71,0,0,6,1,1,2645,4157,-1
2654,0,71,0,0,6,1,1,2646,4177,-1
2655,0,65,1,0,6,1,1,2605,4227,4161
2656,0,70,0,0,6,1,1,2650,4179,-1
2657,0,70,1,1,6,1,1,2641,4219,4146
2658,0,66,1,2,6,1,1,2591,4271,4184
2659,0,69,0,0,6,1,1,2575,4162,-1
2661,0,70,0,0,6,1,1,2641,4183,-1
2662,0,71,1,2,6,1,1,2651,4251,4159
2664,0,69,1,3,6,1,1,2619,4281,4161
2665,0,70,0,0,6,1,1,2595,4180,-1
2667,0,72,1,0,6,1,1,2662,4216,4190
2668,0,68,0,0,6,1,1,2527,4212,-1
2671,0,67,0,0,6,1,1,2649,4198,-1
2673,0,71,1,0,6,1,1,2651,4274,4183
2674,0,65,1,1,6,1,1,2605,4232,4188
2675,0,71,1,1,6,1,1,2657,4297,4188
2676,0,66,0,0,6,1,1,2636,4193,-1
2677,0,66,0,0,6,1,1,2655,4193,-1
2678,0,67,0,0,6,1,1,2632,4239,-1
2679,0,70,1,0,6,1,1,2664,4219,4190
2685,0,72,0,0,6,1,1,2673,4274,-1
2686,0,67,1,0,6,1,1,2658,4215,4191
2687,0,69,1,0,6,1,1,2619,4242,4195
2688,0,66,1,2,6,1,1,2674,4456,4195
2689,0,67,0,0,6,1,1,2620,4208,-1
2690,0,72,1,0,6,1,1,2675,4261,4220
2691,0,71,1,1,6,1,1,2651,4276,4229
2692,0,68,0,0,6,1,1,2686,4215,-1
2694,0,70,0,0,6,1,1,2687,4242,-1
2695,0,67,0,0,6,1,1,2688,4249,-1
2696,0,72,1,1,6,1,1,2662,4270,4203
2697,0,70,1,0,6,1,1,2664,4280,4212
2698,0,67,1,1,6,1,1,2658,4265,4228
2699,0,65,1,0,6,1,1,2605,4249,4217
2701,0,69,0,0,6,1,1,2619,4244,-1
2702,0,66,0,0,6,1,1,2674,4232,-1
2703,0,73,1,0,6,1,1,2696,4281,4249
2705,0,66,0,0,6,1,1,2591,4240,-1
2706,0,72,0,0,6,1,1,2662,4251,-1
2710,0,71,0,0,6,1,1,2697,4280,-1
2711,0,66,0,0,6,1,1,2699,4237,-1
2712,0,70,1,0,6,1,1,2664,4259,4225
2716,0,67,0,0,7,1,0,2620,4251,-1
2717,0,73,0,0,6,1,1,2690,4261,-1
2718,0,65,1,1,6,1,1,2605,4290,4230
2719,0,71,0,0,6,1,1,2712,4259,-1
2720,0,72,0,0,6,1,1,2675,4297,-1
2721,0,68,1,1,6,1,1,2698,4314,4235
2724,0,70,0,0,6,1,1,2664,4281,-1
2725,0,72,1,0,6,1,1,2691,4277,4239
2726,0,65,1,4,6,1,1,2605,4485,4252
2727,0,66,1,0,6,1,1,2718,4319,4260
2729,0,69,1,1,6,1,1,2721,4319,4285
2732,0,66,1,0,6,1,1,2569,4381,4265
2733,0,68,0,0,6,1,1,2698,4265,-1
2734,0,67,0,0,6,1,1,2658,4271,-1
2736,0,73,0,0,6,1,1,2725,4275,-1
2738,0,72,0,0,6,1,1,2691,4276,-1
2739,0,74,0,0,6,1,1,2703,4281,-1
2742,0,66,1,2,6,1,1,2726,4348,4266
2744,0,65,1,0,6,1,1,2605,4312,4267
2745,0,67,1,5,6,1,1,2688,4385,4292
2746,0,67,0,0,6,1,1,2727,4319,-1
2749,0,67,1,1,6,1,1,2742,4395,4273
2750,0,66,0,0,6,1,1,2744,4312,-1
2751,0,66,0,0,6,1,1,2718,4290,-1
2757,0,66,1,2,6,1,1,2726,4395,4296
2760,0,65,0,0,6,1,1,2605,4356,-1
2764,0,68,1,0,6,1,1,2749,4357,4293
2765,0,67,0,0,6,1,1,2742,4305,-1
2766,0,70,1,0,6,1,1,2729,4317,4292
2769,0,69,0,0,6,1,1,2721,4314,-1
2770,0,68,1,0,6,1,1,2745,4388,4299
2771,0,67,0,0,6,1,1,2732,4381,-1
2772,0,69,0,0,6,1,1,2764,4316,-1
2773,0,67,1,0,6,1,1,2757,4381,4331
2776,0,70,0,0,6,1,1,2729,4318,-1
2777,0,68,0,0,6,1,1,2749,4395,-1
2778,0,69,0,0,6,1,1,2770,4388,-1
2779,0,67,0,0,6,1,1,2688,4323,-1
2780,0,66,1,1,6,1,1,2726,4387,4321
2781,0,68,1,0,6,1,1,2745,4355,4312
2785,0,69,0,0,6,1,0,2781,4355,-1
2787,0,67,1,2,6,1,1,2742,4425,4328
2788,0,68,1,2,6,1,1,2745,4406,4325
2791,0,69,0,0,6,1,1,2764,4357,-1
2792,0,67,1,0,6,1,1,2780,4411,4341
2793,0,66,1,0,6,1,1,2726,4387,4372
2794,0,67,1,1,6,1,1,2688,4386,4350
2795,0,68,1,1,6,1,1,2787,4472,4379
2796,0,68,1,0,6,1,1,2745,4461,4339
2797,0,68,0,0,6,1,1,2773,4381,-1
2798,0,67,1,1,6,1,1,2757,4438,4365
2799,0,68,0,0,6,1,1,2792,4411,-1
2800,0,68,1,0,6,1,1,2745,4392,4354
2803,0,67,0,0,6,1,1,2780,4387,-1
2804,0,68,1,1,6,1,1,2794,4428,4357
2805,0,69,1,2,6,1,1,2788,4433,4361
2807,0,67,0,0,6,1,1,2688,4381,-1
2809,0,65,0,0,6,1,1,2605,4441,-1
2810,0,69,1,2,6,1,1,2804,4480,4379
2811,0,68,0,0,6,1,1,2745,4385,-1
2812,0,70,1,5,6,1,1,2805,4844,4381
2813,0,68,0,0,6,1,1,2794,4386,-1
2814,0,68,1,1,6,1,1,2798,4465,4372
2815,0,69,0,0,6,1,1,2800,4392,-1
2816,0,69,1,2,6,1,1,2788,4449,4374
2817,0,69,0,0,6,1,1,2796,4424,-1
2818,0,67,0,0,6,1,1,2757,4395,-1
2819,0,70,1,2,6,1,1,2816,4521,4388
2820,0,69,0,0,6,1,1,2788,4403,-1
2822,0,69,1,1,6,1,1,2795,4441,4408
2823,0,71,0,0,6,1,1,2812,4422,-1
2824,0,69,1,1,7,1,0,2814,4528,4428
2825,0,70,1,3,6,1,1,2810,4584,4399
2826,0,69,0,0,6,1,1,2804,4425,-1
2830,0,68,1,0,6,1,1,2787,4512,4394
2833,0,70,1,1,6,1,1,2805,4472,4394
2834,0,68,0,0,6,1,1,2798,4438,-1
2836,0,69,0,0,6,1,1,2830,4429,-1
2838,0,71,1,3,6,1,1,2833,4640,4421
2839,0,71,1,0,6,1,1,2825,4449,4440
2840,0,68,0,0,6,1,1,2787,4425,-1
2841,0,70,0,0,6,1,1,2805,4433,-1
2842,0,67,0,0,6,1,1,2688,4456,-1
2845,0,66,0,0,6,1,1,2726,4485,-1
2846,0,70,1,1,6,1,1,2816,4506,4423
2847,0,70,1,0,6,1,1,2822,4434,4415
2848,0,70,1,1,6,1,1,2810,4503,4442
2850,0,69,0,0,6,1,1,2795,4472,-1
2851,0,71,1,1,6,1,1,2819,4526,4447
2852,0,71,1,0,6,1,1,2846,4471,4431
2854,0,72,1,0,6,1,1,2838,4498,4447
2858,0,70,1,2,7,1,0,2824,4530,4436
2859,0,69,0,0,6,1,1,2796,4461,-1
2860,0,71,0,0,6,1,1,2846,4506,-1
2861,0,71,1,0,7,1,0,2858,4493,4463
2863,0,69,0,0,6,1,1,2814,4465,-1
2866,0,71,1,1,6,1,1,2848,4483,4449
2867,0,70,0,0,7,1,0,2824,4507,-1
2868,0,69,0,0,6,1,1,2830,4512,-1
2869,0,71,1,2,6,1,1,2812,4563,4458
2870,0,71,0,0,6,1,1,2833,4472,-1
2871,0,72,1,0,6,1,1,2851,4517,4488
2872,0,70,0,0,6,1,1,2810,4469,-1
2874,0,73,0,0,6,1,1,2854,4498,-1
2876,0,72,1,0,6,1,1,2866,4484,4456
2877,0,71,1,0,6,1,1,2825,4518,4486
2878,0,71,1,1,6,1,1,2819,4516,4472
2879,0,72,1,2,6,1,1,2838,4638,4464
2881,0,71,0,0,6,1,1,2848,4503,-1
2883,0,73,0,0,6,1,1,2876,4484,-1
2885,0,72,0,0,7,1,0,2861,4485,-1
2888,0,71,1,2,6,1,1,2812,4619,4563
2889,0,71,1,1,7,1,0,2858,4559,4487
2891,0,72,1,0,6,1,1,2878,4515,4483
2893,0,72,0,0,6,1,1,2838,4507,-1
2894,0,71,0,0,6,1,1,2819,4521,-1
2897,0,73,0,0,6,1,1,2891,4515,-1
2898,0,72,1,2,7,1,0,2889,4788,4519
2899,0,73,0,0,6,1,1,2871,4517,-1
2900,0,72,0,0,6,1,1,2878,4516,-1
2901,0,71,1,2,6,1,1,2825,4615,4522
2903,0,71,0,0,7,1,0,2858,4520,-1
2904,0,72,0,0,6,1,1,2851,4526,-1
2908,0,72,1,0,6,1,1,2869,4595,4523
2910,0,72,1,3,6,1,1,2838,4651,4565
2914,0,72,1,1,6,1,1,2901,4642,4529
2915,0,73,1,4,6,1,1,2879,4716,4559
2916,0,72,0,0,7,1,0,2889,4559,-1
2919,0,73,0,0,6,1,1,2908,4595,-1
2920,0,71,0,0,6,1,1,2825,4584,-1
2921,0,72,1,1,6,1,1,2869,4588,4536
2922,0,73,1,1,6,1,1,2914,4645,4610
2925,0,72,0,0,6,1,1,2901,4571,-1
2926,0,73,1,0,6,1,1,2921,4618,4551
2927,0,72,0,0,6,1,1,2869,4563,-1
2928,0,73,1,0,7,1,0,2898,4706,4657
2929,0,73,0,0,6,1,1,2921,4588,-1
2930,0,74,1,0,6,1,1,2915,4594,4566
2932,0,72,1,2,6,1,1,2888,4671,4570
2933,0,73,1,0,6,1,1,2910,4615,4572
2934,0,73,1,1,6,1,1,2879,4645,4591
2935,0,74,0,0,6,1,1,2926,4618,-1
2936,0,75,0,0,6,1,1,2930,4594,-1
2937,0,73,1,0,6,1,1,2932,4642,4578
2938,0,74,0,0,6,1,1,2933,4597,-1
2939,0,74,1,1,6,1,1,2915,4619,4580
2940,0,72,0,0,6,1,1,2838,4640,-1
2941,0,72,1,1,6,1,1,2888,4642,4584
2942,0,73,1,0,6,1,1,2910,4632,4585
2943,0,75,1,0,6,1,1,2939,4676,4589
2944,0,72,1,0,6,1,1,2901,4617,4591
2946,0,73,1,0,7,1,0,2941,4655,4605
2947,0,76,0,0,6,1,1,2943,4619,-1
2948,0,72,0,0,6,1,1,2888,4619,-1
2949,0,73,1,4,6,1,1,2910,4824,4622
2950,0,73,0,0,6,1,1,2944,4617,-1
2951,0,73,1,2,6,1,1,2932,4777,4628
2952,0,74,1,2,6,1,1,2915,4709,4611
2953,0,74,1,0,6,1,1,2934,4711,4613
2956,0,71,1,1,6,1,1,2812,4721,4682
2957,0,75,0,0,6,1,1,2939,4619,-1
2959,0,74,0,0,6,1,1,2937,4642,-1
2960,0,73,0,0,6,1,1,2879,4638,-1
2961,0,74,0,0,6,1,1,2942,4632,-1
2962,0,74,0,0,7,1,0,2946,4655,-1
2963,0,74,1,0,6,1,1,2922,4678,4617
2964,0,73,0,0,6,1,1,2941,4642,-1
2965,0,75,0,0,6,1,1,2953,4708,-1
2969,0,74,1,1,6,1,1,2915,4761,4676
2972,0,74,0,0,6,1,1,2934,4645,-1
2975,0,75,0,0,6,1,1,2963,4678,-1
2976,0,74,1,0,6,1,1,2949,4720,4629
2977,0,74,0,0,6,1,1,2922,4645,-1
2978,0,73,0,0,6,1,1,2910,4650,-1
2979,0,75,0,0,6,1,1,2976,4674,-1
2981,0,74,1,1,6,1,1,2951,4688,4650
2982,0,73,0,0,6,1,1,2932,4671,-1
2983,0,74,1,1,6,1,1,2949,4690,4643
2987,0,75,1,1,6,1,1,2952,4721,4652
2989,0,74,1,0,6,1,1,2949,4711,4656
2990,0,75,1,0,6,1,1,2983,4696,4658
2991,0,75,1,1,6,1,1,2981,4725,4657
2993,0,76,1,3,6,1,1,2987,4849,4692
2994,0,75,0,0,6,1,1,2989,4694,-1
2995,0,74,1,0,6,1,1,2951,4764,4734
2996,0,74,0,0,7,1,0,2928,4706,-1
2997,0,76,0,0,6,1,1,2991,4677,-1
2998,0,76,0,0,6,1,1,2990,4684,-1
2999,0,75,1,1,6,1,1,2952,4705,4666
3000,0,75,0,0,6,1,1,2981,4688,-1
3001,0,74,1,2,6,1,1,2949,4787,4728
3002,0,73,1,4,7,1,0,2898,4859,4723
3005,0,76,1,0,6,1,1,2999,4773,4679
3007,0,75,1,0,6,1,1,2969,4711,4683
3009,0,76,1,0,6,1,1,2991,4723,4689
3010,0,72,1,1,6,1,1,2956,4763,4689
3011,0,76,0,0,6,1,1,3007,4707,-1
3012,0,76,0,0,6,1,1,2999,4705,-1
3013,0,74,0,0,6,1,1,2915,4706,-1
3014,0,77,0,0,6,1,1,3005,4714,-1
3015,0,73,1,0,6,1,1,3010,4782,4696
3016,0,77,0,0,6,1,1,3009,4714,-1
3017,0,77,1,1,6,1,1,2993,4800,4756
3018,0,72,0,0,6,1,1,2956,4721,-1
3019,0,76,0,0,6,1,1,2991,4719,-1
3021,0,76,0,0,6,1,1,2987,4721,-1
3022,0,71,1,0,6,1,1,2812,4784,4747
3039,0,74,1,1,7,1,0,3002,4814,4731
3041,0,75,1,2,6,1,1,3001,4788,4736
3042,0,73,0,0,7,1,0,2898,4788,-1
3043,0,75,0,0,6,1,1,2969,4761,-1
3044,0,75,1,2,7,1,0,3039,4892,4756
3045,0,74,0,0,6,1,1,2949,4758,-1
3046,0,76,1,0,6,1,1,3041,4789,4743
3047,0,74,1,0,7,1,0,3002,4772,4746
3048,0,74,0,0,6,1,1,3015,4779,-1
3049,0,74,0,0,6,1,1,2951,4777,-1
3050,0,75,1,1,6,1,1,3001,4847,4753
3051,0,77,0,0,6,1,1,3005,4773,-1
3052,0,77,0,0,6,1,1,3046,4786,-1
3053,0,75,0,0,15,1,0,3047,4772,-1
3054,0,76,1,2,6,1,1,3041,4916,4756
3055,0,74,1,0,7,1,0,3002,4788,4760
3056,0,71,1,2,6,1,1,2812,4889,4813
3057,0,76,1,0,6,1,1,3050,4849,4781
3058,0,78,1,1,6,1,1,3017,4856,4763
3061,0,76,0,0,7,1,0,3044,4793,-1
3063,0,75,0,0,7,1,0,3055,4788,-1
3064,0,77,1,1,6,1,1,2993,4857,4779
3065,0,76,0,0,6,1,1,3041,4788,-1
3066,0,75,0,0,7,1,0,3039,4812,-1
3067,0,79,1,3,6,1,1,3058,4884,4820
3069,0,78,0,0,6,1,1,3017,4800,-1
3070,0,74,1,1,7,1,0,3002,4857,4822
3073,0,78,1,2,6,1,1,3064,4883,4819
3075,0,77,0,0,6,1,1,3057,4849,-1
3076,0,77,1,3,6,1,1,3054,4928,4829
3083,0,77,1,0,6,1,1,2993,4841,4812
3084,0,74,0,0,6,1,1,2949,4824,-1
3085,0,76,1,2,7,1,0,3044,4988,4817
3088,0,72,1,0,6,1,1,3056,4843,4820
3090,0,77,1,1,7,1,0,3085,4908,4843
3091,0,77,0,0,6,1,1,2993,4849,-1
3092,0,79,1,5,6,1,1,3073,5012,4826
3093,0,71,0,0,6,1,1,2812,4840,-1
3094,0,80,1,0,6,1,1,3067,4876,4827
3095,0,78,0,0,6,1,1,3083,4841,-1
3096,0,73,0,0,6,1,1,3088,4843,-1
3097,0,75,1,0,7,1,0,3070,4859,4830
3098,0,76,1,3,7,1,0,3044,4989,4844
3099,0,78,0,0,6,1,1,3064,4853,-1
3100,0,79,0,0,6,1,1,3058,4856,-1
3101,0,72,1,0,6,1,1,3056,4855,4833
3102,0,80,1,3,6,1,1,3092,5034,4891
3103,0,81,0,0,6,1,1,3094,4876,-1
3104,0,74,0,0,7,1,0,3002,4859,-1
3105,0,78,1,1,6,1,1,3076,4896,4836
3106,0,79,1,0,6,1,1,3073,4887,4839
3107,0,80,1,0,6,1,1,3067,4866,4840
3108,0,79,1,1,6,1,1,3105,4884,4850
3110,0,78,1,0,6,1,1,3076,4916,4849
3112,0,78,1,0,7,1,0,3090,4958,4852
3113,0,77,1,0,7,1,0,3098,4896,4868
3115,0,80,1,0,6,1,1,3067,4924,4853
3118,0,77,1,0,7,1,0,3085,4886,4868
3120,0,80,1,3,6,1,1,3108,5145,4859
3121,0,79,0,0,7,1,0,3112,4934,-1
3123,0,80,0,0,6,1,1,3106,4887,-1
3126,0,78,1,0,6,1,1,3076,4928,4902
3127,0,79,0,0,6,1,1,3073,4883,-1
3131,0,78,0,0,7,1,0,3090,4904,-1
3136,0,80,0,0,6,1,1,3067,4884,-1
3137,0,79,0,0,6,1,1,3105,4896,-1
3138,0,81,0,0,6,1,1,3120,4892,-1
3139,0,77,1,0,6,1,1,3054,4945,4875
3141,0,79,0,0,6,1,1,3110,4907,-1
3142,0,81,0,0,6,1,1,3115,4924,-1
3143,0,77,1,1,7,1,0,3098,4986,4908
3144,0,77,0,0,7,1,0,3085,4926,-1
3149,0,77,0,0,6,1,1,3054,4916,-1
3153,0,81,1,2,6,1,1,3102,5002,4927
3154,0,81,1,0,6,1,1,3120,4968,4922
3156,0,80,0,0,6,1,1,3092,4922,-1
3158,0,79,0,0,6,1,1,3126,4928,-1
3160,0,78,0,0,6,1,1,3139,4938,-1
3161,0,77,1,1,7,1,0,3098,4975,4923
3165,0,82,0,0,6,1,1,3154,4968,-1
3166,0,78,1,2,7,1,0,3143,5085,4931
3167,0,78,1,0,7,1,0,3161,5025,4933
3171,0,82,1,1,6,1,1,3153,4984,4935
3172,0,81,1,1,6,1,1,3120,5024,4961
3173,0,80,1,2,6,1,1,3092,5045,4942
3174,0,79,0,0,7,1,0,3166,4962,-1
3175,0,79,0,0,7,1,0,3167,5025,-1
3176,0,77,0,0,7,1,0,3098,4989,-1
3177,0,83,1,1,6,1,1,3171,4996,4950
3179,0,78,0,0,7,1,0,3161,4975,-1
3180,0,82,1,1,6,1,1,3153,5008,4951
3181,0,81,1,0,6,1,1,3173,4993,4984
3182,0,81,1,1,6,1,1,3102,5001,4954
3184,0,84,1,0,6,1,1,3177,5022,4957
3185,0,80,1,4,6,1,1,3092,5293,4957
3186,0,78,0,0,7,1,0,3143,4985,-1
3187,0,82,1,0,6,1,1,3182,5016,4961
3188,0,83,1,0,5,1,0,3180,5046,4966
3189,0,83,0,0,6,1,1,3171,4984,-1
3190,0,85,0,0,6,1,1,3184,5007,-1
3191,0,82,0,0,6,1,1,3153,4984,-1
3192,0,81,1,5,6,1,1,3185,5224,5065
3193,0,82,1,1,6,1,1,3172,5021,4968
3194,0,84,0,0,6,1,1,3177,4996,-1
3195,0,80,1,1,6,1,1,3092,5047,4978
3196,0,81,1,0,6,1,1,3102,5029,4991
3198,0,83,0,0,6,1,1,3187,5016,-1
3200,0,83,1,3,6,1,1,3193,5150,4983
3201,0,82,0,0,6,1,1,3182,4995,-1
3202,0,79,1,1,7,1,0,3166,5197,5004
3203,0,81,1,3,6,1,1,3120,5152,5059
3204,0,82,0,0,6,1,1,3172,5024,-1
3205,0,81,1,2,6,1,1,3195,5082,5031
3210,0,80,1,0,6,1,1,3092,5019,4991
3211,0,84,1,1,6,1,1,3200,5079,4998
3213,0,83,0,0,6,1,1,3193,5021,-1
3214,0,81,1,0,6,1,1,3173,5053,4998
3217,0,82,0,0,6,1,1,3196,5029,-1
3220,0,81,0,0,6,1,1,3173,5045,-1
3223,0,84,1,0,6,1,1,3200,5058,5032
3224,0,79,1,1,7,1,0,3166,5110,5052
3225,0,80,0,0,7,1,0,3202,5036,-1
3227,0,85,1,1,6,1,1,3211,5165,5051
3232,0,82,0,0,6,1,1,3214,5053,-1
3235,0,82,1,0,6,1,1,3205,5088,5038
3236,0,85,0,0,6,1,1,3223,5058,-1
3238,0,80,0,0,7,1,0,3202,5108,-1
3239,0,84,0,0,6,1,1,3200,5072,-1
3240,0,82,1,0,6,1,1,3205,5082,5051
3242,0,83,0,0,6,1,1,3235,5087,-1
3243,0,86,1,0,6,1,1,3227,5118,5058
3244,0,83,0,0,6,1,1,3240,5082,-1
3245,0,80,1,0,7,1,0,3224,5141,5070
3247,0,82,0,0,6,1,1,3205,5077,-1
3249,0,87,0,0,6,1,1,3243,5088,-1
3250,0,82,1,0,6,1,1,3203,5111,5066
3251,0,79,0,0,7,1,0,3166,5085,-1
3252,0,82,1,0,6,1,1,3192,5141,5072
3253,0,83,0,0,6,1,1,3250,5111,-1
3254,0,82,1,0,6,1,1,3203,5153,5084
3255,0,80,0,0,7,1,0,3224,5110,-1
3256,0,81,0,0,7,1,0,3245,5103,-1
3258,0,82,1,2,6,1,1,3192,5182,5086
3261,0,83,0,0,6,1,1,3252,5106,-1
3262,0,83,0,0,6,1,1,3254,5153,-1
3265,0,83,0,0,6,1,1,3258,5110,-1
3266,0,81,1,1,6,1,1,3185,5165,5119
3268,0,84,1,1,6,1,1,3200,5150,5114
3270,0,81,0,0,6,1,1,3120,5116,-1
3271,0,87,0,0,6,1,1,3243,5118,-1
3272,0,82,1,9,6,1,1,3203,5407,5119
3273,0,82,1,0,6,1,1,3192,5125,5099
3274,0,83,0,0,6,1,1,3273,5125,-1
3276,0,82,1,1,6,1,1,3192,5254,5115
3277,0,83,0,0,6,1,1,3252,5141,-1
3278,0,81,0,0,7,1,0,3245,5141,-1
3283,0,85,1,0,6,1,1,3268,5149,5121
3284,0,80,1,1,7,1,0,3202,5217,5149
3285,0,83,1,1,6,1,1,3276,5300,5207
3286,0,82,1,1,6,1,1,3266,5174,5126
3287,0,83,1,1,6,1,1,3272,5185,5126
3288,0,84,0,0,6,1,1,3200,5150,-1
3289,0,82,0,0,6,1,1,3192,5156,-1
3290,0,86,0,0,6,1,1,3283,5145,-1
3291,0,86,0,0,6,1,1,3227,5165,-1
3293,0,82,0,0,6,1,1,3203,5152,-1
3294,0,81,1,1,6,1,1,3185,5219,5190
3295,0,83,1,0,6,1,1,3258,5213,5134
3296,0,83,1,0,6,1,1,3286,5181,5142
3297,0,85,0,0,7,1,0,3268,5150,-1
3298,0,84,1,0,6,1,1,3287,5188,5156
3299,0,82,0,0,6,1,1,3266,5165,-1
3300,0,84,0,0,6,1,1,3295,5213,-1
3301,0,83,1,1,6,1,1,3272,5264,5162
3302,0,83,1,0,6,1,1,3258,5216,5147
3306,0,84,0,0,6,1,1,3296,5181,-1
3308,0,83,0,0,6,1,1,3286,5174,-1
3311,0,81,1,1,8,1,0,3284,5271,5159
3315,0,83,0,0,6,1,1,3258,5182,-1
3316,0,80,0,0,7,1,0,3202,5197,-1
3317,0,85,0,0,6,1,1,3298,5188,-1
3318,0,82,0,0,8,1,0,3311,5206,-1
3319,0,82,1,3,6,1,1,3192,5367,5187
3320,0,81,0,0,7,1,0,3284,5217,-1
3321,0,83,1,0,6,1,1,3272,5237,5175
3324,0,84,1,3,6,1,1,3301,5323,5212
3325,0,84,0,0,6,1,1,3321,5237,-1
3326,0,84,0,0,5,1,0,3302,5216,-1
3327,0,83,1,1,6,1,1,3272,5324,5197
3329,0,83,1,1,6,1,1,3319,5300,5221
3331,0,82,1,0,6,1,1,3294,5220,5199
3332,0,84,0,0,6,1,1,3327,5219,-1
3333,0,83,1,1,6,1,1,3272,5397,5245
3334,0,84,1,0,6,1,1,3285,5248,5214
3335,0,82,1,0,8,1,0,3311,5262,5250
3336,0,85,1,0,6,1,1,3324,5267,5219
3337,0,83,0,0,6,1,1,3276,5254,-1
3340,0,84,0,0,6,1,1,3301,5264,-1
3343,0,86,0,0,6,1,1,3336,5267,-1
3347,0,84,1,0,6,1,1,3327,5344,5276
3348,0,85,1,6,6,1,1,3324,5576,5233
3349,0,84,1,1,6,1,1,3329,5319,5242
3350,0,84,0,0,6,1,1,3285,5300,-1
3351,0,83,1,3,6,1,1,3319,5353,5267
3352,0,81,1,0,6,1,1,3185,5281,5252
3354,0,85,0,0,6,1,1,3324,5273,-1
3355,0,85,1,2,6,1,1,3349,5404,5249
3356,0,84,1,2,6,1,1,3333,5318,5252
3357,0,86,1,0,6,1,1,3348,5316,5290
3359,0,84,0,0,6,1,1,3329,5300,-1
3360,0,86,1,0,6,1,1,3355,5349,5284
3361,0,83,1,1,6,1,1,3272,5307,5274
3362,0,82,0,0,6,1,1,3352,5271,-1
3363,0,85,1,2,6,1,1,3356,5396,5275
3365,0,85,0,0,6,1,1,3349,5319,-1
3366,0,81,0,0,6,1,1,3185,5286,-1
3367,0,84,0,0,6,1,1,3333,5387,-1
3369,0,84,1,2,6,1,1,3351,5386,5275
3371,0,84,1,0,6,1,1,3361,5302,5281
3372,0,85,1,0,6,1,1,3369,5319,5282
3373,0,83,1,2,6,1,1,3319,5356,5289
3374,0,85,0,0,6,1,1,3347,5310,-1
3375,0,85,1,1,6,1,1,3324,5375,5285
3376,0,83,1,0,6,1,1,3272,5346,5315
3378,0,86,1,0,6,1,1,3363,5415,5326
3379,0,84,1,0,6,1,1,3351,5336,5288
3380,0,85,0,0,6,1,1,3371,5302,-1
3381,0,85,1,1,6,1,1,3356,5388,5289
3382,0,87,0,0,6,1,1,3360,5349,-1
3383,0,86,0,0,6,1,1,3375,5306,-1
3385,0,86,0,0,6,1,1,3372,5319,-1
3386,0,84,0,0,6,1,1,3361,5307,-1
3387,0,84,1,1,6,1,1,3373,5395,5296
3388,0,84,0,0,6,1,1,3327,5324,-1
3389,0,86,1,0,6,1,1,3381,5344,5312
3391,0,85,0,0,6,1,1,3324,5323,-1
3392,0,86,1,1,6,1,1,3348,5408,5315
3393,0,83,0,0,6,1,1,3319,5320,-1
3395,0,84,1,0,6,1,1,3351,5384,5309
3396,0,85,1,0,6,1,1,3369,5341,5314
3397,0,84,1,0,6,1,1,3373,5356,5320
3398,0,85,0,0,6,1,1,3379,5336,-1
3399,0,85,1,2,6,1,1,3387,5578,5361
3401,0,85,0,0,6,1,1,3395,5344,-1
3402,0,85,0,0,6,1,1,3347,5335,-1
3403,0,87,0,0,6,1,1,3389,5344,-1
3406,0,84,0,0,6,1,1,3351,5345,-1
3407,0,86,1,0,6,1,1,3375,5371,5334
3408,0,84,0,0,6,1,1,3376,5344,-1
3409,0,85,0,0,6,1,1,3397,5356,-1
3410,0,85,0,0,6,1,1,3369,5386,-1
3411,0,86,1,2,6,1,1,3348,5556,5349
3412,0,83,1,3,6,1,1,3272,5485,5362
3414,0,84,0,0,6,1,1,3373,5356,-1
3415,0,86,1,0,6,1,1,3363,5384,5355
3416,0,87,0,0,6,1,1,3407,5371,-1
3417,0,87,1,0,6,1,1,3392,5376,5351
3420,0,86,0,0,6,1,1,3375,5375,-1
3421,0,83,0,0,6,1,1,3319,5367,-1
3427,0,86,1,2,6,1,1,3355,5444,5371
3428,0,87,0,0,6,1,1,3378,5401,-1
3430,0,88,0,0,6,1,1,3417,5376,-1
3431,0,86,0,0,6,1,1,3381,5388,-1
3432,0,86,1,2,6,1,1,3348,5448,5396
3434,0,87,1,0,6,1,1,3411,5459,5421
3436,0,87,0,0,6,1,1,3392,5408,-1
3437,0,86,1,0,6,1,1,3399,5405,5369
3438,0,86,0,0,6,1,1,3363,5390,-1
3441,0,83,1,0,6,1,1,3272,5404,5376
3442,0,87,0,0,6,1,1,3437,5397,-1
3443,0,87,1,2,6,1,1,3427,5491,5379
3444,0,84,1,0,6,1,1,3412,5417,5400
3447,0,84,0,0,7,1,0,3441,5404,-1
3448,0,86,0,0,6,1,1,3355,5404,-1
3449,0,88,1,1,6,1,1,3443,5510,5410
3450,0,83,0,0,6,1,1,3272,5407,-1
3456,0,87,1,2,6,1,1,3427,5611,5407
3459,0,87,1,0,6,1,1,3432,5445,5403
3463,0,86,1,2,6,1,1,3348,5562,5475
3467,0,84,1,0,6,1,1,3412,5490,5435
3469,0,88,0,0,6,1,1,3459,5445,-1
3470,0,88,1,0,6,1,1,3456,5533,5505
3472,0,87,1,1,6,1,1,3432,5448,5416
3473,0,87,0,0,6,1,1,3427,5438,-1
3474,0,89,1,4,6,1,1,3449,5556,5427
3475,0,88,1,0,6,1,1,3443,5484,5457
3476,0,88,1,1,6,1,1,3472,5465,5424
3478,0,88,0,0,6,1,1,3434,5459,-1
3479,0,87,0,0,6,1,1,3432,5448,-1
3480,0,89,1,0,6,1,1,3476,5456,5431
3481,0,90,1,0,6,1,1,3474,5486,5451
3482,0,89,0,0,6,1,1,3449,5464,-1
3483,0,86,0,0,6,1,1,3399,5465,-1
3484,0,85,0,0,6,1,1,3467,5461,-1
3485,0,89,0,0,6,1,1,3476,5465,-1
3488,0,84,1,5,6,1,1,3412,5651,5450
3489,0,87,1,1,6,1,1,3411,5550,5482
3493,0,85,1,0,6,1,1,3488,5543,5494
3495,0,84,0,0,6,1,1,3412,5485,-1
3496,0,91,0,0,6,1,1,3481,5486,-1
3497,0,90,1,3,6,1,1,3474,5637,5476
3498,0,89,0,0,6,1,1,3475,5479,-1
3502,0,88,0,0,6,1,1,3443,5491,-1
3503,0,87,1,0,6,1,1,3463,5514,5482
3504,0,91,1,3,6,1,1,3497,5619,5494
3506,0,86,0,0,6,1,1,3348,5507,-1
3507,0,88,1,3,6,1,1,3489,5760,5489
3508,0,86,1,7,6,1,1,3399,5810,5515
3510,0,90,1,1,6,1,1,3474,5627,5500
3511,0,87,1,1,6,1,1,3463,5560,5510
3514,0,88,0,0,6,1,1,3503,5514,-1
3515,0,92,1,0,6,1,1,3504,5560,5520
3516,0,88,0,0,6,1,1,3489,5550,-1
3517,0,89,1,0,6,1,1,3507,5544,5514
3518,0,91,1,0,6,1,1,3510,5530,5507
3519,0,85,1,0,6,1,1,3488,5579,5507
3520,0,91,1,0,6,1,1,3497,5566,5531
3521,0,89,0,0,6,1,1,3470,5533,-1
3522,0,90,1,0,6,1,1,3474,5559,5514
3524,0,86,0,0,6,1,1,3519,5579,-1
3525,0,88,1,0,6,1,1,3511,5604,5518
3526,0,88,1,0,6,1,1,3456,5549,5519
3527,0,87,0,0,6,1,1,3411,5547,-1
3528,0,85,1,0,6,1,1,3488,5594,5569
3530,0,90,0,0,6,1,1,3517,5542,-1
3531,0,87,1,0,6,1,1,3508,5575,5522
3532,0,87,0,0,6,1,1,3463,5562,-1
3533,0,91,0,0,6,1,1,3510,5627,-1
3534,0,89,0,0,6,1,1,3525,5604,-1
3535,0,93,0,0,6,1,1,3515,5560,-1
3536,0,89,0,0,6,1,1,3507,5563,-1
3537,0,90,0,0,6,1,1,3474,5543,-1
3538,0,86,0,0,6,1,1,3399,5578,-1
3539,0,91,0,0,6,1,1,3522,5559,-1
3540,0,88,0,0,6,1,1,3531,5544,-1
3541,0,86,1,1,6,1,1,3348,5647,5541
3543,0,88,0,0,6,1,1,3456,5558,-1
3544,0,87,1,0,6,1,1,3508,5571,5544
3545,0,91,1,0,6,1,1,3497,5635,5549
3548,0,92,1,1,6,1,1,3504,5624,5576
3550,0,92,0,0,6,1,1,3520,5564,-1
3552,0,87,1,1,6,1,1,3541,5675,5580
3553,0,88,0,0,6,1,1,3531,5571,-1
3554,0,88,0,0,6,1,1,3544,5571,-1
3555,0,92,0,0,6,1,1,3545,5596,-1
3557,0,87,1,0,6,1,1,3508,5607,5569
3558,0,91,0,0,6,1,1,3497,5637,-1
3562,0,88,0,0,6,1,1,3456,5602,-1
3569,0,89,1,1,7,1,0,3507,5663,5583
3571,0,86,0,0,6,1,1,3528,5594,-1
3572,0,88,0,0,6,1,1,3557,5592,-1
3573,0,87,1,2,6,1,1,3508,5883,5582
3575,0,93,1,1,6,1,1,3548,5629,5583
3577,0,88,1,4,6,1,1,3552,5702,5587
3578,0,92,1,0,6,1,1,3504,5621,5592
3579,0,90,1,0,7,1,0,3569,5626,5599
3580,0,94,1,3,6,1,1,3575,5736,5595
3581,0,87,0,0,6,1,1,3541,5647,-1
3582,0,89,1,1,6,1,1,3577,5659,5605
3583,0,89,0,0,6,1,1,3507,5612,-1
3584,0,93,0,0,6,1,1,3548,5624,-1
3585,0,85,1,1,6,1,1,3488,5686,5604
3586,0,88,0,0,6,1,1,3552,5640,-1
3589,0,92,0,0,6,1,1,3545,5635,-1
3590,0,91,0,0,7,1,0,3579,5622,-1
3591,0,94,0,0,6,1,1,3575,5628,-1
3593,0,86,1,1,6,1,1,3585,5767,5640
3594,0,90,1,0,6,1,1,3582,5660,5612
3597,0,87,1,1,6,1,1,3508,5716,5619
3598,0,85,1,1,6,1,1,3488,5803,5618
3599,0,95,1,1,6,1,1,3580,5713,5652
3600,0,89,1,1,6,1,1,3577,5714,5641
3601,0,91,0,0,6,1,1,3594,5660,-1
3602,0,89,1,1,6,1,1,3507,5752,5712
3603,0,86,1,4,6,1,1,3598,5908,5684
3604,0,90,0,0,6,1,1,3582,5638,-1
3605,0,88,1,0,6,1,1,3597,5744,5678
3607,0,85,0,0,6,1,1,3488,5643,-1
3610,0,87,1,1,6,1,1,3508,5768,5720
3612,0,88,1,0,6,1,1,3573,5743,5687
3615,0,87,1,0,6,1,1,3593,5670,5648
3616,0,86,0,0,6,1,1,3585,5686,-1
3618,0,89,1,0,6,1,1,3577,5720,5654
3619,0,90,1,1,6,1,1,3600,5768,5686
3620,0,88,0,0,6,1,1,3615,5670,-1
3622,0,88,0,0,6,1,0,3552,5675,-1
3623,0,96,1,0,6,1,1,3599,5686,5659
3624,0,87,0,0,6,1,1,3593,5767,-1
3625,0,90,0,0,6,1,1,3618,5680,-1
3627,0,95,1,1,6,1,1,3580,5798,5686
3629,0,97,0,0,6,1,1,3623,5682,-1
3631,0,89,1,0,6,1,1,3577,5711,5682
3632,0,96,0,0,6,1,1,3599,5713,-1
3635,0,89,0,0,6,1,1,3605,5744,-1
3637,0,90,0,0,6,1,1,3631,5704,-1
3638,0,88,0,0,6,1,1,3597,5716,-1
3639,0,87,1,0,6,1,1,3603,5727,5691
3641,0,90,0,0,6,1,1,3618,5714,-1
3642,0,96,1,0,6,1,1,3627,5813,5719
3644,0,91,1,9,6,1,1,3619,6139,5694
3645,0,89,0,0,6,1,1,3612,5743,-1
3646,0,86,0,0,6,1,1,3598,5803,-1
3647,0,95,1,2,6,1,1,3580,5815,5701
3648,0,90,0,0,6,1,1,3600,5714,-1
3649,0,87,0,0,6,1,1,3603,5773,-1
3650,0,88,0,0,6,1,1,3639,5727,-1
3651,0,96,1,1,6,1,1,3647,5849,5736
3653,0,92,1,1,6,1,1,3644,5749,5713
3655,0,95,0,0,6,1,1,3580,5736,-1
3657,0,90,1,0,6,1,1,3602,5756,5719
3661,0,93,1,1,6,1,1,3653,5865,5721
3664,0,91,0,0,6,1,1,3619,5768,-1
3666,0,92,1,1,6,1,1,3644,5810,5755
3667,0,88,1,0,6,1,1,3610,5802,5727
3668,0,94,1,1,6,1,1,3661,5841,5764
3669,0,89,0,0,6,1,1,3507,5760,-1
3670,0,97,0,0,6,1,1,3642,5751,-1
3672,0,90,0,0,6,1,1,3602,5752,-1
3673,0,96,0,0,6,1,1,3627,5798,-1
3674,0,87,1,0,6,1,1,3508,5769,5743
3675,0,88,0,0,6,1,1,3610,5755,-1
3677,0,89,0,0,6,1,0,3667,5802,-1
3678,0,97,1,1,6,1,1,3651,5872,5767
3679,0,88,1,0,6,1,1,3573,5861,5798
3680,0,96,1,2,6,1,1,3647,5846,5749
3681,0,88,0,0,6,1,1,3674,5768,-1
3686,0,87,0,0,6,1,1,3508,5780,-1
3688,0,93,1,4,6,1,1,3666,5975,5771
3689,0,97,0,0,6,1,1,3642,5777,-1
3691,0,95,1,0,6,1,1,3668,5839,5804
3694,0,98,1,1,6,1,1,3678,5936,5819
3695,0,92,1,1,6,1,1,3644,5881,5805
3696,0,97,1,2,6,1,1,3680,5850,5797
3697,0,93,0,0,6,1,1,3666,5809,-1
3698,0,96,0,0,6,1,1,3647,5810,-1
3699,0,87,1,3,6,1,1,3603,6003,5837
3700,0,97,0,0,6,1,1,3642,5813,-1
3701,0,94,1,2,6,1,1,3688,5910,5808
3702,0,98,1,0,6,1,1,3696,5878,5804
3703,0,89,0,0,6,1,1,3679,5861,-1
3706,0,97,1,2,6,1,1,3680,6040,5821
3707,0,99,0,0,6,1,1,3702,5836,-1
3708,0,96,0,0,6,1,1,3691,5839,-1
3709,0,95,1,1,6,1,1,3701,5897,5824
3714,0,95,0,0,6,1,1,3668,5837,-1
3716,0,92,1,0,6,1,1,3644,5908,5849
3717,0,93,1,1,6,1,1,3695,5943,5839
3718,0,98,1,0,6,1,1,3696,5873,5820
3719,0,94,1,4,6,1,1,3688,5999,5832
3720,0,88,0,0,6,1,1,3573,5843,-1
3721,0,99,0,0,6,1,1,3694,5843,-1
3722,0,99,0,0,6,1,1,3718,5873,-1
3723,0,98,0,0,7,1,0,3696,5850,-1
3724,0,98,1,0,6,1,1,3706,5879,5852
3726,0,95,1,0,6,1,1,3701,5900,5847
3728,0,88,1,0,6,1,1,3699,5880,5844
3730,0,94,1,0,6,1,1,3717,5874,5846
3732,0,94,1,0,6,1,1,3688,5948,5904
3734,0,96,1,1,6,1,1,3709,5941,5855
3735,0,89,0,0,6,1,1,3728,5880,-1
3736,0,99,0,0,6,1,1,3702,5878,-1
3737,0,95,1,1,6,1,1,3719,5997,5877
3738,0,93,0,0,6,1,1,3695,5877,-1
3739,0,87,1,0,6,1,1,3603,5880,5853
3740,0,95,0,0,6,1,1,3730,5874,-1
3741,0,96,0,0,6,1,1,3726,5887,-1
3742,0,99,1,1,6,1,1,3694,5912,5880
3745,0,99,0,0,6,1,1,3724,5879,-1
3746,0,88,0,0,6,1,1,3573,5883,-1
3747,0,95,0,0,6,1,1,3701,5910,-1
3749,0,88,0,0,6,1,1,3739,5880,-1
3750,0,92,0,0,6,1,1,3644,5879,-1
3751,0,97,1,1,6,1,1,3734,5947,5903
3752,0,87,1,0,6,1,1,3603,5912,5876
3754,0,96,0,0,6,1,1,3709,5892,-1
3756,0,94,0,0,6,1,1,3717,5929,-1
3759,0,88,1,0,6,1,1,3699,5946,5883
3761,0,93,0,0,6,1,1,3716,5908,-1
3763,0,88,0,0,6,1,1,3752,5912,-1
3766,0,100,1,0,6,1,1,3742,5937,5887
3767,0,98,1,3,6,1,1,3706,6035,5914
3769,0,87,0,0,6,1,1,3603,5908,-1
3770,0,95,1,2,6,1,1,3719,5999,5907
3772,0,96,1,1,6,1,1,3737,6005,5967
3773,0,89,0,0,6,1,1,3759,5941,-1
3774,0,99,0,0,6,1,1,3694,5936,-1
3776,0,101,0,0,6,1,1,3766,5926,-1
3779,0,92,1,0,6,1,1,3644,6035,5928
3780,0,98,1,1,6,1,1,3751,6045,5910
3781,0,96,0,0,6,1,1,3770,5938,-1
3786,0,94,1,1,6,1,1,3688,5980,5917
3787,0,97,0,0,6,1,1,3734,5941,-1
3788,0,95,1,1,6,1,1,3719,6007,5922
3789,0,99,1,0,6,1,1,3767,5946,5924
3790,0,98,0,0,6,1,1,3751,5947,-1
3791,0,95,1,0,6,1,1,3786,5952,5925
3792,0,88,1,1,6,1,1,3699,6017,5985
3793,0,98,0,0,6,1,1,3706,5948,-1
3794,0,96,1,1,6,1,1,3788,6019,5970
3796,0,96,0,0,6,1,1,3791,5952,-1
3797,0,94,0,0,6,1,1,3688,5975,-1
3799,0,95,0,0,6,1,1,3786,5980,-1
3800,0,99,1,3,6,1,1,3767,6113,5948
3801,0,92,1,0,6,1,1,3644,5988,5963
3802,0,99,1,0,6,1,1,3780,5990,5941
3803,0,93,0,0,6,1,1,3779,5978,-1
3808,0,100,0,0,6,1,1,3802,5990,-1
3810,0,95,1,5,6,1,1,3719,6155,5956
3814,0,100,1,3,6,1,1,3800,6198,6011
3815,0,96,1,2,6,1,1,3770,6072,5957
3817,0,99,1,3,6,1,1,3767,6215,6000
3818,0,96,1,0,6,1,1,3810,6009,5963
3819,0,97,1,0,6,1,1,3815,6030,5974
3820,0,96,1,0,6,1,1,3770,5998,5972
3821,0,97,0,0,6,1,1,3818,6000,-1
3822,0,98,0,0,6,1,1,3706,6038,-1
3823,0,97,1,1,6,1,1,3772,6034,5974
3824,0,96,1,0,6,1,1,3810,6073,5995
3825,0,95,0,0,6,1,1,3719,5999,-1
3826,0,92,1,0,6,1,1,3644,6052,6006
3827,0,97,1,1,6,1,1,3794,6107,5977
3828,0,97,0,0,6,1,1,3820,5998,-1
3829,0,96,0,0,6,1,1,3737,5997,-1
3830,0,98,1,0,6,1,1,3823,6036,5983
3832,0,96,0,0,6,1,1,3788,6006,-1
3833,0,96,0,0,6,1,1,3770,5999,-1
3835,0,97,0,0,6,1,1,3772,6005,-1
3836,0,97,0,0,6,1,1,3794,6019,-1
3837,0,99,0,0,6,1,1,3780,6045,-1
3838,0,89,1,0,6,1,1,3792,6097,5992
3841,0,97,1,0,6,1,1,3815,6053,6019
3842,0,93,0,0,6,1,1,3779,6016,-1
3843,0,98,0,0,6,1,1,3819,6030,-1
3847,0,98,0,0,6,1,1,3823,6034,-1
3848,0,97,0,0,6,1,1,3824,6037,-1
3851,0,98,0,0,7,1,0,3827,6025,-1
3852,0,90,0,0,6,1,1,3838,6097,-1
3853,0,99,0,0,6,1,1,3830,6036,-1
3854,0,100,1,1,6,1,1,3817,6173,6087
3855,0,96,1,2,6,1,1,3810,6107,6011
3858,0,93,0,0,6,1,1,3826,6052,-1
3859,0,99,0,0,6,1,1,3767,6030,-1
3862,0,101,1,1,6,1,1,3814,6129,6043
3863,0,92,1,0,6,1,1,3644,6114,6025
3865,0,97,0,0,6,1,1,3815,6046,-1
3866,0,98,0,0,6,1,1,3841,6053,-1
3867,0,96,1,1,6,1,1,3810,6124,6078
3869,0,92,1,1,6,1,1,3644,6124,6081
3870,0,98,1,2,6,1,1,3827,6197,6055
3876,0,97,1,0,6,1,1,3855,6078,6046
3878,0,100,1,0,6,1,1,3800,6087,6053
3879,0,102,1,1,6,1,1,3862,6251,6051
3880,0,103,0,0,6,1,1,3879,6075,-1
3881,0,101,1,1,6,1,1,3814,6249,6079
3882,0,97,1,0,6,1,1,3855,6097,6070
3885,0,99,1,1,6,1,1,3870,6174,6100
3886,0,100,1,0,6,1,1,3800,6137,6077
3887,0,98,0,0,6,1,1,3827,6107,-1
3888,0,102,0,0,6,1,1,3862,6129,-1
3889,0,98,0,0,6,1,1,3882,6097,-1
3890,0,97,0,0,6,1,1,3855,6107,-1
3892,0,101,0,0,6,1,1,3886,6098,-1
3893,0,97,1,0,6,1,1,3867,6123,6085
3894,0,102,1,0,6,1,1,3881,6259,6217
3895,0,93,0,0,6,1,1,3863,6108,-1
3896,0,93,1,0,6,1,1,3869,6136,6088
3897,0,100,0,0,6,1,1,3800,6113,-1
3898,0,96,1,1,6,1,1,3810,6184,6114
3899,0,101,1,2,6,1,1,3814,6175,6095
3900,0,98,0,0,6,1,1,3893,6123,-1
3902,0,101,1,0,6,1,1,3854,6173,6094
3903,0,97,0,0,6,1,1,3867,6124,-1
3904,0,100,1,3,6,1,1,3817,6273,6113
3905,0,93,0,0,6,1,1,3869,6124,-1
3908,0,92,0,0,6,1,1,3644,6139,-1
3909,0,100,1,0,6,1,1,3885,6162,6107
3910,0,102,1,3,6,1,1,3899,6342,6112
3913,0,99,1,2,6,1,1,3870,6210,6128
3915,0,94,0,0,6,1,1,3896,6136,-1
3917,0,101,0,0,6,1,1,3886,6137,-1
3918,0,103,0,0,6,1,1,3879,6131,-1
3920,0,103,1,1,6,1,1,3910,6241,6179
3921,0,101,1,2,6,1,1,3904,6198,6130
3922,0,100,0,0,6,1,1,3885,6174,-1
3924,0,97,1,3,6,1,1,3898,6334,6143
3925,0,102,1,0,6,1,1,3899,6150,6137
3926,0,100,1,2,6,1,1,3817,6218,6140
3927,0,96,0,0,6,1,1,3810,6155,-1
3929,0,101,0,0,6,1,1,3814,6198,-1
3930,0,101,0,0,6,1,1,3909,6147,-1
3933,0,102,1,1,6,1,1,3921,6170,6137
3934,0,103,1,1,6,1,1,3879,6191,6143
3936,0,101,1,1,6,1,1,3904,6238,6173
3938,0,99,0,0,6,1,1,3870,6194,-1
3939,0,100,1,1,6,1,1,3913,6279,6162
3940,0,103,1,0,6,1,1,3933,6182,6144
3942,0,101,1,1,6,1,1,3926,6217,6147
3943,0,102,1,0,6,1,1,3921,6183,6150
3944,0,98,1,0,6,1,1,3924,6172,6150
3945,0,104,1,1,6,1,1,3934,6252,6173
3946,0,102,0,0,6,1,1,3899,6175,-1
3947,0,102,1,3,6,1,1,3942,6280,6155
3948,0,97,0,0,6,1,1,3898,6184,-1
3949,0,103,0,0,6,1,1,3943,6183,-1
3950,0,101,1,1,6,1,1,3926,6356,6180
3951,0,103,1,0,6,1,1,3947,6262,6162
3952,0,102,0,0,6,1,1,3921,6198,-1
3953,0,98,1,1,6,1,1,3924,6313,6242
3954,0,100,0,0,6,1,1,3817,6215,-1
3957,0,101,1,1,6,1,1,3939,6292,6250
3959,0,100,1,0,6,1,1,3913,6201,6177
3961,0,103,1,0,6,1,1,3947,6360,6180
3964,0,105,1,0,6,1,1,3945,6261,6221
3965,0,102,1,0,6,1,1,3936,6260,6205
3967,0,102,0,0,6,1,1,3942,6217,-1
3968,0,103,0,0,6,1,1,3879,6209,-1
3969,0,104,1,0,6,1,1,3920,6224,6186
3970,0,101,1,0,6,1,1,3904,6244,6206
3973,0,102,0,0,6,1,1,3950,6231,-1
3974,0,100,0,0,6,1,1,3913,6206,-1
3975,0,101,0,0,6,1,1,3926,6218,-1
3976,0,103,1,1,6,1,1,3947,6256,6196
3977,0,104,0,0,6,1,1,3961,6210,-1
3980,0,103,1,1,6,1,1,3910,6320,6211
3981,0,105,0,0,6,1,1,3969,6223,-1
3983,0,104,0,0,6,1,1,3951,6262,-1
3985,0,104,1,0,6,1,1,3976,6297,6212
3987,0,103,0,0,6,1,0,3947,6233,-1
3988,0,103,0,0,6,1,1,3965,6260,-1
3989,0,102,0,0,6,1,1,3970,6244,-1
3993,0,104,1,0,6,1,1,3980,6309,6273
3994,0,102,0,0,6,1,1,3936,6238,-1
3996,0,101,0,0,6,1,1,3904,6273,-1
3997,0,105,0,0,6,1,1,3985,6234,-1
3998,0,103,0,0,6,1,1,3894,6252,-1
4000,0,104,0,0,6,1,1,3976,6256,-1
4002,0,102,0,0,6,1,1,3881,6243,-1
4005,0,103,0,0,6,1,1,3910,6256,-1
4006,0,106,0,0,6,1,1,3964,6261,-1
4007,0,104,0,0,6,1,1,3961,6360,-1
4009,0,105,0,0,6,1,1,3985,6297,-1
4010,0,99,1,0,6,1,1,3953,6302,6276
4013,0,98,1,5,6,1,1,3924,6420,6255
4014,0,102,1,0,6,1,1,3957,6287,6258
4017,0,99,1,3,6,1,1,4013,6340,6272
4019,0,103,0,0,6,1,1,4014,6287,-1
4024,0,98,0,0,6,1,1,3924,6334,-1
4025,0,102,1,4,6,1,1,3950,6446,6299
4027,0,103,1,0,6,1,1,3910,6336,6307
4028,0,100,1,4,6,1,1,4017,6454,6279
4029,0,105,0,0,6,1,1,3993,6296,-1
4030,0,100,0,0,6,1,1,4010,6302,-1
4032,0,104,0,0,6,1,1,3980,6317,-1
4033,0,101,1,3,6,1,1,4028,6459,6352
4034,0,99,0,0,6,1,1,3953,6303,-1
4035,0,99,1,1,6,1,1,4013,6349,6308
4036,0,100,1,2,6,1,1,4017,6475,6292
4038,0,101,0,0,6,1,1,4036,6348,-1
4040,0,100,1,1,6,1,1,4017,6353,6313
4041,0,103,1,0,6,1,1,4025,6338,6306
4042,0,102,0,0,6,1,1,3950,6356,-1
4043,0,104,0,0,6,1,1,4041,6338,-1
4044,0,104,0,0,6,1,1,4027,6330,-1
4045,0,100,1,2,6,1,1,4035,6458,6315
4047,0,103,1,1,6,1,1,4025,6417,6327
4049,0,101,1,0,6,1,1,4040,6342,6321
4050,0,99,1,0,6,1,1,4013,6407,6354
4051,0,101,0,0,6,1,1,4045,6377,-1
4053,0,103,0,0,6,1,1,3910,6342,-1
4055,0,100,0,0,6,1,1,4035,6340,-1
4056,0,101,0,0,6,1,1,4040,6353,-1
4057,0,104,0,0,6,1,1,4047,6354,-1
4059,0,103,1,4,6,1,1,4025,6511,6348
4067,0,104,1,2,6,1,1,4059,6426,6355
4070,0,102,1,1,6,1,1,4033,6453,6360
4071,0,100,0,0,6,1,1,4050,6407,-1
4072,0,103,0,0,6,1,1,4025,6382,-1
4074,0,101,1,0,6,1,1,4028,6420,6380
4075,0,103,1,0,6,1,1,4070,6443,6367
4076,0,101,1,1,6,1,1,4036,6473,6387
4077,0,99,1,0,6,1,1,4013,6412,6371
4079,0,105,1,1,6,1,1,4067,6438,6372
4080,0,104,1,2,6,1,1,4059,6420,6370
4081,0,102,1,0,6,1,1,4033,6416,6374
4082,0,105,1,0,6,1,1,4080,6415,6378
4083,0,100,0,0,6,1,1,4077,6408,-1
4084,0,104,1,0,6,1,1,4047,6415,6380
4085,0,103,0,0,6,1,1,4070,6453,-1
4086,0,104,0,0,6,1,1,4075,6440,-1
4087,0,106,1,0,6,1,1,4079,6431,6383
4088,0,104,0,0,6,1,1,4059,6397,-1
4090,0,99,1,0,6,1,1,4013,6405,6384
4091,0,106,0,0,6,1,1,4082,6415,-1
4092,0,105,1,0,6,1,1,4067,6412,6389
4093,0,102,1,0,6,1,1,4033,6438,6387
4094,0,105,0,0,6,1,1,4084,6415,-1
4095,0,105,1,0,6,1,1,4080,6412,6391
4096,0,100,0,0,6,1,1,4090,6405,-1
4097,0,103,0,0,6,1,1,4081,6416,-1
4098,0,101,1,0,6,1,1,4028,6433,6396
4099,0,102,1,2,6,1,1,4076,6572,6435
4100,0,106,0,0,6,1,1,4079,6438,-1
4101,0,101,1,0,6,1,1,4045,6429,6400
4102,0,104,0,0,6,1,1,4047,6417,-1
4103,0,103,0,0,6,1,1,4093,6427,-1
4104,0,99,0,0,6,1,1,4013,6420,-1
4106,0,103,1,1,6,1,1,4025,6485,6414
4107,0,101,1,1,6,1,1,4028,6500,6413
4109,0,102,0,0,6,1,1,4033,6459,-1
4110,0,101,1,2,6,1,1,4036,6540,6415
4111,0,101,1,0,6,1,1,4045,6446,6417
4112,0,102,0,0,6,1,1,4098,6433,-1
4115,0,102,1,5,6,1,1,4107,6689,6463
4117,0,102,1,0,6,1,1,4110,6526,6489
4119,0,104,1,2,6,1,1,4059,6562,6451
4120,0,102,0,0,6,1,1,4111,6446,-1
4121,0,101,0,0,6,1,1,4028,6447,-1
4125,0,103,0,0,6,1,1,4025,6446,-1
4126,0,101,0,0,6,1,1,4036,6475,-1
4130,0,101,0,0,6,1,1,4045,6458,-1
4132,0,104,1,2,6,1,1,4106,6547,6447
4135,0,103,1,1,6,1,1,4099,6579,6463
4140,0,102,0,0,6,1,1,4076,6473,-1
4142,0,105,1,2,6,1,1,4132,6600,6454
4143,0,105,1,0,6,1,1,4119,6507,6458
4144,0,104,0,0,6,1,1,4106,6471,-1
4145,0,106,1,5,6,1,1,4142,6703,6476
4147,0,105,1,0,6,1,1,4132,6529,6508
4148,0,104,0,0,6,1,1,4135,6505,-1
4149,0,103,1,2,6,1,1,4115,6579,6470
4150,0,102,0,0,6,1,1,4107,6500,-1
4151,0,104,1,0,6,1,1,4059,6505,6478
4152,0,103,1,1,6,1,1,4099,6570,6518
4153,0,106,0,0,6,1,1,4143,6507,-1
4154,0,105,1,2,6,1,1,4119,6582,6511
4156,0,103,1,1,6,1,1,4115,6581,6484
4157,0,105,0,0,6,1,1,4151,6505,-1
4158,0,106,1,0,6,1,1,4142,6536,6504
4159,0,107,1,2,6,1,1,4145,6610,6512
4160,0,104,1,0,6,1,1,4156,6551,6517
4161,0,104,0,0,6,1,1,4059,6504,-1
4162,0,104,1,1,6,1,1,4149,6646,6504
4163,0,103,0,0,6,1,1,4117,6526,-1
4164,0,103,1,0,6,1,1,4115,6540,6501
4165,0,102,1,0,6,1,1,4110,6532,6504
4167,0,104,0,0,6,1,1,4164,6540,-1
4170,0,105,0,0,6,1,1,4162,6528,-1
4174,0,103,1,1,6,1,1,4115,6662,6549
4175,0,107,0,0,6,1,1,4158,6536,-1
4177,0,102,0,0,6,1,1,4110,6540,-1
4178,0,104,1,1,6,1,1,4149,6596,6544
4179,0,106,1,0,6,1,1,4154,6554,6518
4180,0,108,1,1,6,1,1,4159,6580,6519
4181,0,104,1,0,6,1,1,4135,6544,6519
4182,0,106,0,0,6,1,1,4142,6543,-1
4183,0,105,0,0,6,1,1,4132,6547,-1
4184,0,105,0,0,6,1,1,4160,6540,-1
4185,0,104,1,0,6,1,1,4152,6568,6525
4186,0,107,0,0,6,1,1,4179,6553,-1
4187,0,109,1,0,6,1,1,4180,6573,6544
4188,0,106,1,7,6,1,1,4154,6850,6536
4190,0,103,0,0,6,1,1,4099,6572,-1
4194,0,107,1,4,6,1,1,4145,6794,6538
4195,0,108,1,1,6,1,1,4159,6610,6568
4197,0,107,1,1,6,1,1,4188,6594,6563
4199,0,105,0,0,6,1,1,4185,6568,-1
4200,0,105,1,1,6,1,1,4162,6664,6615
4201,0,108,1,0,6,1,1,4194,6572,6547
4203,0,104,0,0,6,1,1,4135,6576,-1
4204,0,106,0,0,6,1,1,4154,6582,-1
4205,0,104,0,0,6,1,1,4156,6581,-1
4207,0,105,1,3,6,1,1,4178,6677,6551
4208,0,107,1,0,6,1,1,4145,6601,6552
4209,0,110,0,0,6,1,1,4187,6573,-1
4211,0,109,0,0,6,1,1,4201,6570,-1
4212,0,106,0,0,6,1,1,4142,6573,-1
4213,0,104,0,0,6,1,1,4149,6579,-1
4214,0,109,0,0,5,1,0,4180,6579,-1
4217,0,103,0,0,6,1,1,4115,6582,-1
4219,0,108,0,0,6,1,1,4194,6591,-1
4220,0,107,1,3,6,1,1,4145,6705,6570
4221,0,105,0,0,6,1,1,4178,6596,-1
4222,0,108,0,0,6,1,1,4208,6595,-1
4223,0,108,1,0,6,1,1,4197,6590,6570
4224,0,104,1,0,6,1,1,4174,6687,6598
4225,0,109,1,0,6,1,1,4195,6619,6577
4227,0,108,1,2,6,1,1,4220,6759,6601
4231,0,106,1,0,6,1,1,4207,6619,6579
4234,0,107,1,2,6,1,1,4188,6682,6595
4236,0,110,0,0,6,1,1,4225,6619,-1
4237,0,107,1,0,6,1,1,4145,6611,6586
4239,0,107,0,0,6,1,1,4231,6604,-1
4243,0,109,0,0,6,1,1,4195,6603,-1
4244,0,103,0,0,6,1,1,4115,6618,-1
4245,0,108,0,0,6,1,1,4159,6610,-1
4246,0,106,1,2,6,1,1,4207,6650,6599
4247,0,108,0,0,6,1,1,4237,6611,-1
4252,0,108,1,0,6,1,1,4234,6697,6629
4254,0,107,0,0,6,1,1,4145,6703,-1
4255,0,105,0,0,6,1,1,4224,6687,-1
4256,0,107,1,0,6,1,1,4246,6725,6607
4258,0,109,0,0,6,1,1,4227,6632,-1
4259,0,107,1,0,6,1,1,4188,6659,6609
4260,0,108,1,3,6,1,1,4194,6820,6609
4261,0,104,0,0,6,1,1,4174,6662,-1
4262,0,108,0,0,6,1,1,4256,6649,-1
4263,0,108,1,0,6,1,1,4220,6728,6636
4264,0,108,0,0,6,1,1,4259,6659,-1
4268,0,106,1,0,6,1,1,4207,6722,6647
4269,0,107,1,1,6,1,1,4246,6695,6620
4270,0,106,1,0,6,1,1,4200,6665,6622
4271,0,108,1,0,6,1,1,4194,6658,6623
4272,0,109,1,0,6,1,1,4260,6725,6697
4273,0,107,0,0,6,1,1,4270,6665,-1
4274,0,109,0,0,6,1,1,4271,6658,-1
4275,0,105,0,0,6,1,1,4162,6646,-1
4276,0,108,1,1,6,1,1,4269,6752,6671
4277,0,107,0,0,6,1,1,4246,6650,-1
4278,0,103,1,2,6,1,1,4115,6707,6642
4279,0,106,0,0,6,1,1,4200,6664,-1
4280,0,108,0,0,6,1,1,4194,6696,-1
4281,0,109,0,0,6,1,1,4252,6697,-1
4282,0,108,1,0,6,1,1,4234,6676,6645
4283,0,109,0,0,6,1,1,4263,6666,-1
4284,0,107,1,0,6,1,1,4188,6727,6644
4286,0,108,1,0,6,1,1,4220,6675,6653
4287,0,103,0,0,6,1,1,4115,6689,-1
4289,0,107,0,0,6,1,1,4268,6670,-1
4290,0,107,1,3,6,1,1,4188,6837,6680
4291,0,109,0,0,6,1,1,4282,6674,-1
4293,0,106,0,0,6,1,1,4207,6677,-1
4294,0,104,1,0,6,1,1,4278,6733,6664
4297,0,108,0,0,6,1,1,4220,6705,-1
4298,0,109,1,4,6,1,1,4227,6835,6672
4300,0,105,0,0,6,1,1,4294,6707,-1
4303,0,104,1,0,6,1,1,4278,6758,6677
4304,0,109,1,1,6,1,1,4276,6862,6714
4305,0,110,1,1,6,1,1,4298,6739,6704
4308,0,108,0,0,6,1,1,4256,6700,-1
4310,0,105,0,0,6,1,1,4303,6758,-1
4311,0,109,1,1,6,1,1,4227,6737,6694
4312,0,108,1,0,6,1,1,4290,6727,6703
4314,0,104,0,0,6,1,1,4278,6707,-1
4315,0,107,1,0,6,1,1,4188,6764,6708
4316,0,107,0,0,6,1,1,4268,6721,-1
4318,0,108,0,0,6,1,1,4284,6710,-1
4319,0,109,0,0,6,1,1,4263,6728,-1
4320,0,110,1,4,6,1,1,4311,6881,6701
4324,0,110,0,0,6,1,1,4272,6724,-1
4325,0,111,1,0,6,1,1,4320,6771,6714
4327,0,109,0,0,6,1,1,4227,6759,-1
4328,0,109,1,1,6,1,1,4260,6864,6711
4329,0,111,1,0,6,1,1,4305,6732,6711
4331,0,110,0,0,6,1,1,4311,6737,-1
4332,0,108,0,0,6,1,1,4315,6764,-1
4333,0,108,0,0,6,1,1,4194,6732,-1
4334,0,108,1,3,6,1,1,4290,6816,6731
4335,0,110,1,4,6,1,1,4298,6904,6725
4336,0,110,1,0,6,1,1,4304,6808,6770
4337,0,112,0,0,6,1,1,4325,6771,-1
4338,0,109,0,0,6,1,1,4276,6751,-1
4340,0,111,1,1,6,1,1,4335,6794,6741
4343,0,107,1,3,6,1,1,4188,6900,6807
4344,0,109,1,5,6,1,1,4260,7033,6770
4347,0,110,1,1,6,1,1,4298,6903,6738
4348,0,109,1,1,6,1,1,4334,6766,6739
4350,0,111,1,0,6,1,1,4320,6775,6742
4352,0,110,0,0,6,1,1,4328,6764,-1
4353,0,111,1,0,6,1,1,4347,6840,6756
4354,0,110,1,0,6,1,1,4348,6779,6746
4355,0,108,1,0,6,1,1,4290,6824,6805
4356,0,108,1,0,6,1,1,4194,6769,6748
4357,0,112,1,0,6,1,1,4340,6818,6761
4358,0,112,0,0,6,1,1,4350,6765,-1
4359,0,110,0,0,6,1,1,4298,6764,-1
4360,0,109,1,1,6,1,1,4334,6909,6759
4361,0,111,0,0,6,1,1,4354,6772,-1
4362,0,111,1,0,6,1,1,4335,6821,6763
4364,0,112,0,0,6,1,1,4353,6788,-1
4365,0,111,0,0,6,1,1,4347,6820,-1
4367,0,111,0,0,6,1,1,4320,6792,-1
4368,0,112,0,0,6,1,1,4362,6814,-1
4369,0,110,0,0,6,1,1,4360,6789,-1
4371,0,109,1,0,6,1,1,4334,6799,6778
4373,0,112,0,0,6,1,1,4340,6791,-1
4375,0,111,1,1,6,1,1,4335,6935,6811
4376,0,113,0,0,6,1,1,4357,6800,-1
4377,0,110,1,0,6,1,1,4344,6888,6811
4378,0,111,0,0,6,1,1,4336,6801,-1
4381,0,110,1,0,6,1,1,4298,6825,6793
4383,0,110,1,1,6,1,1,4328,6988,6844
4385,0,109,0,0,6,1,1,4260,6820,-1
4386,0,109,0,0,6,1,1,4334,6816,-1
4390,0,111,0,0,9,1,0,4381,6814,-1
4392,0,112,0,0,6,1,1,4353,6821,-1
4395,0,111,1,1,6,1,1,4320,6980,6815
4396,0,110,0,0,6,1,1,4298,6828,-1
4398,0,110,0,0,6,1,1,4304,6854,-1
4399,0,110,1,0,6,1,1,4360,6863,6838
4400,0,108,1,1,6,1,1,4343,6900,6814
4402,0,108,0,0,6,1,0,4290,6837,-1
4404,0,112,1,2,6,1,1,4395,6965,6822
4406,0,111,1,0,6,1,1,4335,6931,6833
4407,0,110,0,0,6,1,1,4344,6839,-1
4408,0,107,0,0,6,1,1,4188,6850,-1
4411,0,112,1,2,6,1,1,4375,7014,6897
4413,0,108,1,1,6,1,1,4343,6914,6839
4414,0,111,1,1,6,1,1,4320,6906,6831
4416,0,109,1,1,6,1,1,4400,6888,6847
4417,0,113,1,3,6,1,1,4404,7018,6862
4419,0,112,0,0,6,1,1,4395,6851,-1
4420,0,111,0,0,6,1,1,4377,6888,-1
4421,0,112,0,0,6,1,1,4414,6855,-1
4423,0,112,0,0,6,1,1,4406,6874,-1
4425,0,111,0,0,6,1,1,4320,6881,-1
4426,0,111,0,0,6,1,1,4399,6863,-1
4427,0,111,0,0,6,1,1,4335,6859,-1
4428,0,110,0,0,6,1,1,4344,6883,-1
4429,0,111,0,0,6,1,1,4383,6874,-1
4430,0,110,0,0,6,1,1,4360,6885,-1
4431,0,108,1,0,6,1,1,4343,6904,6868
4432,0,110,1,1,6,1,1,4416,6946,6854
4434,0,111,1,1,6,1,1,4432,6944,6905
4435,0,111,0,0,6,1,1,4347,6903,-1
4436,0,109,1,0,6,1,1,4413,6936,6875
4437,0,110,0,0,6,1,1,4416,6888,-1
4439,0,112,1,2,6,1,1,4414,6985,6873
4440,0,113,1,0,6,1,1,4404,6987,6903
4441,0,109,0,0,6,1,1,4431,6904,-1
4442,0,111,0,0,6,1,1,4335,6904,-1
4443,0,113,1,3,6,1,1,4439,6999,6930
4444,0,114,1,1,6,1,1,4417,6952,6904
4446,0,108,0,0,6,1,1,4343,6900,-1
4447,0,110,0,0,6,1,1,4436,6936,-1
4448,0,112,0,0,6,1,1,4414,6906,-1
4449,0,109,0,0,6,1,1,4413,6914,-1
4452,0,110,1,0,6,1,1,4344,6960,6902
4453,0,112,0,0,6,1,1,4406,6931,-1
4454,0,113,1,0,6,1,1,4411,6956,6923
4455,0,111,1,0,6,1,1,4383,6955,6926
4457,0,114,0,0,6,1,1,4440,6987,-1
4458,0,111,0,0,6,1,1,4452,6960,-1
4460,0,112,0,0,6,1,1,4375,6935,-1
4461,0,115,1,0,6,1,1,4444,6931,6911
4462,0,112,1,0,6,1,1,4434,6944,6912
4464,0,110,1,2,6,1,1,4344,7147,6920
4465,0,113,0,0,6,1,1,4404,6930,-1
4467,0,113,0,0,6,1,1,4462,6941,-1
4469,0,111,0,0,6,1,1,4432,6946,-1
4470,0,114,0,0,6,1,1,4454,6948,-1
4471,0,112,0,0,6,1,1,4455,6955,-1
4472,0,110,1,1,6,1,1,4344,6994,6934
4473,0,113,0,0,6,1,1,4411,6951,-1
4475,0,114,1,1,6,1,1,4443,6990,6937
4477,0,111,1,1,6,1,1,4472,7036,6969
4479,0,111,0,0,6,1,1,4383,6979,-1
4482,0,114,1,1,6,1,1,4417,7002,6943
4483,0,113,1,1,6,1,1,4439,7049,6943
4484,0,115,1,0,6,1,1,4475,6986,6944
4485,0,113,0,0,6,1,1,4404,6965,-1
4486,0,110,1,0,6,1,1,4344,7033,7007
4488,0,114,1,0,6,1,1,4443,6975,6951
4489,0,114,1,3,6,1,1,4483,7061,6974
4492,0,116,0,0,6,1,1,4484,6986,-1
4493,0,113,0,0,6,1,1,4439,6978,-1
4494,0,113,1,2,6,1,1,4411,7199,6966
4496,0,115,1,3,6,1,1,4482,7116,6964
4497,0,114,1,0,6,1,1,4443,7071,6964
4498,0,114,1,2,6,1,1,4417,7039,6987
4499,0,115,0,0,6,1,1,4475,6986,-1
4500,0,115,0,0,6,1,1,4497,6999,-1
4501,0,116,1,0,6,1,1,4496,7039,6983
4502,0,114,1,1,6,1,1,4494,7066,6973
4503,0,111,1,0,6,1,1,4464,7057,7032
4504,0,112,1,0,6,1,1,4477,7018,7008
4505,0,114,0,0,6,1,1,4443,6999,-1
4506,0,115,0,0,6,1,1,4482,7002,-1
4507,0,113,0,0,6,1,1,4411,7014,-1
4508,0,115,1,3,6,1,1,4489,7199,7003
4510,0,114,0,0,6,1,1,4494,7046,-1
4511,0,117,0,0,6,1,1,4501,7039,-1
4516,0,115,1,1,6,1,1,4498,7184,6994
4518,0,116,1,2,6,1,1,4496,7179,7060
4520,0,114,0,0,6,1,1,4417,7018,-1
4522,0,116,0,0,6,1,1,4516,7017,-1
4523,0,115,1,0,6,1,1,4502,7060,7029
4525,0,115,1,1,6,1,1,4498,7058,7007
4527,0,111,0,0,6,1,1,4486,7033,-1
4528,0,116,1,3,6,1,1,4525,7199,7026
4529,0,115,1,1,6,1,1,4489,7109,7016
4530,0,116,1,1,6,1,1,4508,7139,7028
4532,0,116,0,0,6,1,1,4529,7038,-1
4535,0,114,0,0,6,1,1,4483,7049,-1
4536,0,115,1,0,6,1,1,4489,7078,7029
4537,0,117,1,0,6,1,1,4528,7064,7033
4538,0,116,0,0,6,1,1,4536,7060,-1
4541,0,115,0,0,6,1,1,4497,7071,-1
4544,0,118,0,0,6,1,1,4537,7062,-1
4545,0,116,1,2,6,1,1,4508,7145,7070
4546,0,115,0,0,5,1,0,4502,7066,-1
4547,0,115,0,0,6,1,1,4489,7061,-1
4549,0,116,1,1,6,1,1,4516,7193,7067
4550,0,116,0,0,6,1,1,4523,7060,-1
4551,0,111,1,4,6,1,1,4464,7156,7045
4554,0,116,1,1,6,1,1,4529,7104,7068
4555,0,117,0,0,6,1,1,4528,7079,-1
4556,0,112,1,0,6,1,1,4551,7097,7062
4561,0,117,1,0,6,1,1,4518,7177,7134
4563,0,117,1,0,6,1,1,4530,7137,7103
4564,0,113,0,0,6,1,1,4556,7091,-1
4566,0,116,1,0,6,1,1,4496,7102,7080
4568,0,117,1,0,6,1,1,4549,7119,7075
4569,0,112,1,2,6,1,1,4551,7150,7076
4570,0,117,1,0,6,1,1,4554,7097,7076
4571,0,117,1,0,6,1,1,4545,7101,7077
4572,0,114,1,1,6,1,1,4494,7199,7167
4573,0,116,0,0,6,1,1,4529,7109,-1
4574,0,113,1,0,6,1,1,4569,7112,7090
4575,0,116,1,1,6,1,1,4508,7199,7142
4578,0,117,0,0,6,1,1,4566,7102,-1
4579,0,117,0,0,6,1,1,4549,7193,-1
4580,0,111,0,0,6,1,1,4464,7147,-1
4581,0,112,1,0,6,1,1,4551,7170,7094
4582,0,117,0,0,6,1,1,4554,7104,-1
4583,0,117,1,1,6,1,1,4545,7199,7097
4584,0,118,0,0,6,1,1,4568,7109,-1
4586,0,117,1,0,6,1,1,4528,7177,7100
4587,0,113,1,0,6,1,1,4569,7129,7103
4589,0,118,1,1,6,1,1,4583,7199,7182
4590,0,112,1,0,6,1,1,4551,7199,7128
4592,0,114,0,0,6,1,1,4587,7129,-1
4593,0,117,0,0,6,1,1,4545,7145,-1
4594,0,118,0,0,6,1,1,4563,7126,-1
4598,0,113,0,0,6,1,1,4569,7148,-1
4599,0,117,0,0,6,1,1,4530,7139,-1
4600,0,113,0,0,6,1,1,4581,7170,-1
4604,0,117,1,1,6,1,1,4528,7199,7162
4605,0,116,0,0,6,1,1,4516,7184,-1
4607,0,113,0,0,6,1,1,4590,7159,-1
4609,0,112,0,0,6,1,1,4551,7156,-1
4612,0,117,1,1,6,1,1,4575,7199,7149
4613,0,117,1,0,6,1,1,4518,7177,7150
4615,0,118,0,0,6,1,1,4561,7177,-1
4616,0,118,1,1,6,1,1,4612,7199,7157
4620,0,117,0,0,6,1,1,4575,7199,-1
4621,0,117,0,0,6,1,1,4518,7177,-1
4622,0,119,1,0,6,1,1,4616,7199,7165
4623,0,118,1,0,6,1,1,4604,7199,7170
4624,0,120,0,0,6,1,1,4622,7199,-1
4625,0,115,1,1,6,1,1,4572,7199,7174
4627,0,117,0,0,6,1,1,4528,7199,-1
4628,0,119,0,0,6,1,1,4623,7199,-1
4629,0,113,0,0,7,1,0,4590,7199,-1
4630,0,116,1,0,6,1,1,4625,7199,7197
4631,0,118,0,0,6,1,1,4604,7199,-1
4635,0,116,0,0,6,1,1,4508,7199,-1
4638,0,119,1,0,6,1,1,4589,7199,7189
4639,0,118,0,0,6,1,1,4583,7199,-1
4640,0,120,0,0,6,1,1,4638,7199,-1
4642,0,119,0,0,6,1,1,4589,7199,-1
