id,family,generation,mature,mature_children,cells,changed,recognizable,parent,last_seen,mature_at
0,0,0,1,5,4,0,1,4294967295,92,-1
1,0,0,1,6,4,0,1,4294967295,134,-1
2,0,0,1,5,4,0,1,4294967295,109,-1
3,0,1,1,8,4,1,1,0,252,5
4,0,1,1,2,4,1,1,1,125,4
5,0,1,1,0,4,1,1,2,24,4
6,0,2,0,0,4,1,1,5,24,-1
7,0,2,1,1,4,1,1,3,84,24
8,0,1,1,3,4,0,1,2,112,23
9,0,1,1,0,4,0,1,0,56,24
10,0,1,1,1,4,0,1,1,58,26
12,0,3,1,1,4,1,1,7,116,29
13,0,2,0,0,4,0,1,9,56,-1
14,0,2,1,1,4,1,1,4,106,74
15,0,2,1,2,4,1,1,10,155,31
16,0,1,1,0,4,0,1,2,52,33
17,0,2,1,4,4,1,1,8,158,48
18,0,1,1,3,4,0,1,0,139,50
19,0,1,1,0,4,0,1,1,85,59
20,0,3,1,0,4,1,1,15,108,88
21,0,2,0,0,4,1,1,10,58,-1
22,0,3,0,0,4,1,1,7,83,-1
23,0,1,1,0,4,1,1,2,63,54
24,0,4,1,1,4,1,1,12,121,76
25,0,2,1,3,4,1,1,3,157,62
26,0,3,1,0,4,1,1,17,153,93
29,0,2,1,0,4,1,1,8,114,58
31,0,1,1,0,4,1,1,0,86,61
32,0,2,1,5,4,1,1,18,199,80
34,0,2,0,0,4,0,1,19,85,-1
35,0,1,1,0,4,0,1,2,101,64
37,0,3,0,0,4,1,1,29,114,-1
38,0,2,0,0,4,0,1,35,99,-1
39,0,2,1,2,4,0,1,8,139,69
40,0,1,1,1,4,1,1,1,123,69
41,0,1,1,0,4,0,1,0,95,71
42,0,2,1,2,4,1,1,3,121,73
43,0,3,1,0,4,0,1,39,147,94
44,0,1,0,0,4,0,1,2,93,-1
45,0,2,0,0,4,0,1,41,95,-1
46,0,3,1,1,4,1,1,42,124,78
47,0,3,1,0,4,1,1,25,141,98
48,0,3,1,0,4,1,1,14,122,79
49,0,2,1,3,4,1,1,40,226,87
50,0,2,0,0,4,0,1,8,112,-1
51,0,1,1,2,4,0,1,1,139,80
52,0,4,1,2,4,1,1,46,151,89
53,0,2,1,2,4,1,1,3,220,112
54,0,4,0,0,4,1,1,48,118,-1
55,0,3,1,1,4,1,1,32,127,85
56,0,2,1,1,4,1,1,51,127,86
57,0,2,1,1,4,1,1,4,121,85
58,0,4,0,0,4,1,1,12,116,-1
60,0,3,1,2,4,1,1,42,204,89
62,0,4,1,1,4,1,1,55,168,90
63,0,3,1,0,4,1,1,57,109,90
64,0,2,1,0,4,1,1,18,121,91
66,0,1,1,1,4,1,1,1,160,91
67,0,4,1,3,4,1,1,60,193,94
68,0,5,1,2,4,1,1,24,224,100
69,0,5,1,0,4,1,1,52,120,94
70,0,3,1,1,4,1,1,49,155,94
71,0,3,1,0,4,1,1,32,121,96
72,0,3,0,0,4,1,1,64,121,-1
73,0,2,0,0,4,1,1,4,125,-1
74,0,3,1,1,4,1,1,56,182,96
76,0,2,1,0,4,1,1,66,162,128
77,0,2,1,0,4,0,1,51,165,97
78,0,2,0,0,4,1,1,40,119,-1
79,0,6,0,0,4,1,1,69,120,-1
80,0,4,1,0,4,1,1,70,159,117
82,0,4,0,0,4,1,1,46,124,-1
83,0,3,0,0,4,1,1,42,121,-1
84,0,4,0,0,4,1,1,71,121,-1
85,0,3,0,0,4,1,1,57,121,-1
86,0,4,0,0,4,1,1,55,127,-1
87,0,2,1,0,3,1,0,18,130,102
88,0,3,1,2,4,1,1,17,214,104
90,0,3,1,1,4,0,1,39,165,106
92,0,3,0,0,3,1,0,87,130,-1
94,0,2,0,0,4,1,1,18,139,-1
98,0,3,1,0,4,1,1,25,152,114
101,0,3,1,1,4,1,1,17,189,120
102,0,3,1,0,4,1,1,32,137,117
103,0,3,0,0,4,1,1,39,139,-1
105,0,4,0,0,4,1,1,47,136,-1
107,0,2,0,0,4,0,1,51,139,-1
108,0,4,0,0,4,1,1,26,153,-1
109,0,5,1,0,4,1,1,52,158,123
111,0,2,1,0,4,1,1,3,166,124
112,0,3,1,0,4,1,1,15,224,131
114,0,3,1,1,4,1,1,53,163,125
115,0,3,1,3,4,1,1,25,197,125
118,0,4,1,1,4,1,1,60,166,125
121,0,5,1,1,4,1,1,62,242,130
122,0,5,1,2,4,1,1,67,218,126
123,0,6,1,0,4,1,1,68,185,133
125,0,3,0,0,4,1,1,77,162,-1
126,0,5,0,0,4,1,1,80,144,-1
129,0,4,1,5,4,1,1,88,281,127
130,0,4,1,3,4,1,1,101,326,146
132,0,4,0,0,4,1,1,98,152,-1
133,0,4,1,0,4,1,1,114,202,130
135,0,4,1,1,4,1,1,115,207,130
136,0,5,1,0,4,1,1,118,186,138
137,0,6,1,1,4,1,1,122,234,171
138,0,3,1,0,4,1,1,17,159,131
142,0,5,1,0,4,1,1,129,180,132
143,0,4,1,1,4,1,1,90,202,139
144,0,3,0,0,4,1,1,76,159,-1
145,0,2,1,1,4,1,1,3,195,135
146,0,6,1,0,4,1,1,121,225,191
147,0,3,0,0,4,1,1,25,157,-1
151,0,3,1,0,4,1,1,53,188,146
153,0,3,0,0,4,1,1,15,155,-1
154,0,3,1,0,4,1,1,32,210,145
157,0,5,0,0,4,1,1,62,168,-1
158,0,5,1,0,4,1,1,67,174,148
159,0,3,0,0,4,1,1,111,166,-1
161,0,4,0,0,4,1,1,114,159,-1
163,0,4,1,1,4,1,1,115,209,145
164,0,2,1,0,4,1,0,3,190,147
165,0,4,1,0,4,1,1,88,227,162
166,0,4,1,0,4,1,1,74,189,157
168,0,4,0,0,4,1,1,60,188,-1
170,0,4,1,3,4,1,1,115,256,177
172,0,7,0,0,4,1,1,123,182,-1
174,0,6,1,1,4,1,1,68,232,161
175,0,2,1,1,4,1,1,3,216,159
177,0,5,1,0,4,1,1,67,216,160
179,0,5,1,1,4,1,1,129,246,160
180,0,3,1,1,4,1,1,32,257,162
183,0,3,1,0,4,1,1,49,185,166
185,0,5,1,0,4,1,1,135,203,163
187,0,6,0,0,4,1,1,142,180,-1
189,0,5,1,0,4,1,1,143,186,164
191,0,3,1,2,4,1,1,145,279,164
192,0,4,0,0,4,1,1,154,210,-1
194,0,5,1,2,4,1,1,163,288,165
195,0,5,0,0,4,1,1,166,189,-1
196,0,7,1,2,4,1,1,174,302,195
197,0,5,0,0,4,1,1,165,227,-1
200,0,3,1,1,4,1,1,175,267,185
201,0,6,0,0,4,1,1,177,216,-1
202,0,5,1,0,4,1,1,130,260,210
205,0,6,0,0,4,1,1,189,186,-1
207,0,2,0,0,4,1,1,3,212,-1
209,0,4,0,0,4,1,1,112,224,-1
210,0,5,1,0,4,1,1,129,206,192
212,0,4,1,1,4,1,1,191,283,203
213,0,6,1,0,4,1,1,194,209,183
214,0,3,1,1,4,1,1,49,231,177
217,0,6,0,0,4,1,1,68,205,-1
219,0,6,1,3,4,1,1,122,295,186
220,0,5,0,0,4,1,1,135,207,-1
222,0,5,0,0,4,1,1,133,202,-1
223,0,6,0,0,4,1,1,179,206,-1
226,0,6,0,0,4,1,1,185,203,-1
228,0,7,0,0,4,1,1,213,209,-1
230,0,7,1,1,4,1,1,137,258,191
231,0,4,1,0,4,1,1,180,238,193
233,0,4,1,2,4,1,1,200,284,232
234,0,4,1,3,4,1,1,214,268,201
236,0,3,0,0,9,1,0,53,220,-1
239,0,3,0,0,4,1,1,175,216,-1
241,0,7,0,0,4,1,1,146,225,-1
242,0,3,0,0,4,1,1,49,218,-1
243,0,5,0,0,4,1,1,231,238,-1
246,0,8,0,0,4,1,1,196,223,-1
247,0,6,0,0,4,1,1,121,233,-1
250,0,5,1,0,4,1,1,129,259,231
253,0,5,1,3,4,1,1,170,302,209
255,0,7,0,0,4,1,1,174,225,-1
256,0,4,0,0,4,1,1,180,253,-1
258,0,5,1,5,4,1,1,212,443,220
260,0,7,0,0,4,1,1,137,234,-1
261,0,7,1,2,4,1,1,219,280,231
263,0,5,1,1,4,1,1,234,280,221
264,0,8,1,0,4,1,1,230,276,221
266,0,4,0,0,4,1,1,214,231,-1
270,0,6,1,1,4,1,1,253,284,220
271,0,6,0,0,4,1,1,202,260,-1
273,0,5,1,0,4,1,1,170,262,220
278,0,7,1,0,4,1,1,270,293,225
279,0,6,0,0,4,1,1,273,262,-1
280,0,4,1,3,4,1,1,191,417,242
281,0,6,0,0,4,1,1,194,243,-1
282,0,6,1,0,4,1,1,263,260,234
285,0,6,1,0,4,1,1,179,261,229
286,0,5,1,2,4,1,1,130,345,276
288,0,5,1,3,4,1,1,170,354,230
291,0,5,1,0,4,1,1,234,268,232
292,0,6,1,3,4,1,1,253,328,248
293,0,8,0,0,4,1,1,230,248,-1
294,0,7,0,0,4,1,1,285,261,-1
295,0,8,0,0,4,1,1,278,293,-1
297,0,8,1,1,4,1,1,261,282,236
299,0,6,0,0,4,1,1,250,259,-1
300,0,6,0,0,4,1,1,291,268,-1
301,0,5,1,2,4,1,1,233,362,237
303,0,7,0,0,4,1,1,282,260,-1
304,0,9,1,0,4,1,1,297,299,262
305,0,6,1,1,4,1,1,258,329,262
307,0,5,1,0,4,1,1,234,269,243
308,0,7,0,0,4,1,1,270,284,-1
310,0,8,1,1,4,1,1,261,302,247
311,0,6,1,0,4,1,1,194,277,248
312,0,5,1,3,4,1,1,233,409,250
313,0,5,1,2,4,1,1,129,318,248
314,0,4,0,0,4,1,1,200,266,-1
316,0,7,1,2,4,1,1,219,325,252
317,0,9,0,0,4,1,1,264,276,-1
318,0,4,0,0,4,1,1,191,279,-1
319,0,6,0,0,4,1,1,263,280,-1
320,0,6,1,0,4,1,1,313,287,255
321,0,8,1,0,4,1,1,196,315,259
322,0,7,0,0,4,1,1,311,277,-1
323,0,5,1,0,4,1,1,280,282,257
324,0,6,1,1,4,1,1,312,450,317
325,0,5,0,0,4,1,1,212,283,-1
326,0,8,0,0,4,1,1,261,280,-1
327,0,6,1,0,4,1,1,253,313,268
331,0,5,0,0,4,1,1,129,278,-1
332,0,7,1,1,3,1,0,292,306,270
335,0,6,0,0,4,1,1,194,282,-1
337,0,7,1,2,4,1,1,219,312,264
340,0,9,1,3,4,1,1,310,353,265
341,0,7,0,0,4,1,1,320,287,-1
344,0,8,1,0,4,1,1,316,301,266
346,0,6,1,0,4,1,1,301,395,319
347,0,6,1,2,4,1,1,313,357,286
348,0,7,1,0,4,1,1,305,318,285
349,0,5,1,2,4,1,1,280,418,286
350,0,9,0,0,4,1,1,321,315,-1
351,0,8,1,2,4,1,1,196,336,270
352,0,10,1,5,4,1,1,340,446,272
354,0,6,1,0,4,1,1,288,308,284
358,0,8,1,2,4,1,1,337,349,274
359,0,8,1,1,3,1,0,332,313,277
360,0,7,0,0,4,1,1,219,295,-1
361,0,10,0,0,4,1,1,304,292,-1
364,0,8,1,0,4,1,1,316,360,281
366,0,6,1,0,4,1,1,286,329,285
367,0,8,0,0,4,1,1,196,302,-1
369,0,9,1,0,4,1,1,351,318,294
371,0,10,1,5,4,1,1,340,422,311
372,0,9,1,0,3,1,0,359,355,294
374,0,7,1,0,4,1,1,292,319,287
376,0,9,0,0,4,1,1,344,301,-1
377,0,11,1,0,4,1,1,352,339,285
379,0,8,1,0,4,1,1,337,309,286
383,0,9,1,6,4,1,1,358,483,291
385,0,5,1,0,4,1,1,130,313,287
387,0,7,0,0,4,1,1,354,308,-1
390,0,12,0,0,4,1,1,377,339,-1
391,0,8,0,0,4,1,1,348,318,-1
393,0,8,0,0,4,1,1,316,325,-1
394,0,9,0,0,4,1,1,379,309,-1
395,0,8,0,0,4,1,1,374,319,-1
396,0,7,1,1,4,1,1,347,383,316
397,0,6,0,0,4,1,1,385,309,-1
398,0,9,0,0,4,1,1,364,314,-1
399,0,6,1,0,4,1,1,288,369,314
400,0,6,1,1,4,1,1,286,381,304
401,0,8,0,0,4,1,1,337,312,-1
402,0,6,0,0,4,1,1,313,317,-1
404,0,7,1,2,4,1,1,292,373,298
405,0,11,1,0,4,1,1,352,319,299
407,0,10,1,0,4,1,1,383,344,307
408,0,8,1,1,3,1,0,404,344,303
410,0,9,1,0,4,1,1,358,321,308
413,0,9,1,6,4,1,1,351,504,306
415,0,7,0,0,4,1,1,366,329,-1
416,0,12,0,0,4,1,1,405,319,-1
418,0,9,1,0,3,1,0,408,344,311
419,0,7,0,0,4,1,1,292,328,-1
420,0,5,0,0,4,1,1,130,326,-1
421,0,11,1,0,4,1,1,352,376,317
423,0,11,0,0,4,1,1,407,344,-1
425,0,8,1,1,4,1,1,404,477,330
426,0,6,1,0,4,1,1,258,346,332
427,0,10,0,0,3,1,0,418,344,-1
430,0,11,1,0,4,1,1,371,359,325
433,0,10,1,0,4,1,1,413,356,325
434,0,8,1,0,4,1,1,396,382,351
435,0,7,1,1,4,1,1,324,394,322
437,0,10,1,0,4,1,1,340,343,333
440,0,6,0,0,4,1,1,286,345,-1
443,0,5,0,0,4,1,1,280,361,-1
444,0,6,1,0,4,1,1,288,349,325
445,0,9,0,0,4,1,1,358,349,-1
448,0,7,1,1,4,1,1,347,385,327
449,0,6,1,0,4,1,1,312,396,346
450,0,11,1,2,4,1,1,352,376,328
452,0,12,0,0,4,1,1,421,376,-1
453,0,6,1,0,4,1,1,301,364,330
455,0,7,0,0,4,1,1,346,395,-1
456,0,12,0,0,4,1,1,430,359,-1
457,0,6,1,2,4,1,1,349,408,332
459,0,9,0,0,4,1,1,364,360,-1
460,0,12,1,0,4,1,1,450,368,343
463,0,7,1,0,4,1,1,400,385,354
464,0,6,0,0,4,1,1,288,354,-1
465,0,11,1,1,4,1,1,371,405,346
466,0,10,1,3,4,1,1,413,454,357
467,0,10,0,0,3,1,0,372,355,-1
468,0,8,1,5,4,1,1,448,579,357
469,0,7,0,0,4,1,1,347,353,-1
470,0,8,1,0,4,1,1,435,380,355
471,0,11,0,0,4,1,1,433,356,-1
473,0,6,0,0,4,1,1,301,358,-1
475,0,6,1,0,4,1,1,349,390,343
477,0,10,1,0,4,1,1,383,448,350
479,0,7,0,0,4,1,1,399,369,-1
481,0,8,0,0,4,1,1,404,373,-1
484,0,7,0,0,4,1,1,453,364,-1
485,0,13,0,0,4,1,1,460,368,-1
486,0,7,0,0,4,1,1,475,390,-1
487,0,6,1,0,4,1,1,258,389,351
488,0,12,1,0,4,1,1,465,401,366
492,0,11,1,0,4,1,1,352,404,355
493,0,12,1,0,4,1,1,450,395,355
494,0,6,0,0,4,1,1,349,418,-1
497,0,11,1,2,4,1,1,371,417,360
498,0,9,0,0,4,1,1,425,376,-1
499,0,7,0,0,4,1,1,449,384,-1
501,0,7,1,0,4,1,1,457,408,359
502,0,12,0,0,3,1,0,492,404,-1
503,0,9,0,0,4,1,1,470,380,-1
505,0,11,0,0,4,1,1,477,390,-1
506,0,10,1,0,4,1,1,383,413,379
508,0,6,1,0,4,1,1,258,399,362
509,0,8,0,0,4,1,1,463,380,-1
511,0,9,1,0,4,1,1,468,398,363
512,0,7,0,0,4,1,1,487,384,-1
514,0,9,0,0,4,1,1,434,382,-1
515,0,7,0,0,4,1,1,400,380,-1
516,0,11,0,0,4,1,1,352,383,-1
518,0,12,1,0,4,1,1,497,402,372
519,0,8,0,0,4,1,1,448,385,-1
521,0,11,1,0,4,1,1,466,428,401
522,0,11,1,3,4,1,1,371,539,376
524,0,10,1,1,4,1,1,413,454,391
526,0,6,1,4,4,1,1,258,475,382
527,0,5,1,2,4,1,1,280,498,380
528,0,6,1,1,4,1,1,312,435,378
529,0,7,1,0,4,1,1,457,404,378
530,0,9,1,3,4,1,1,468,461,394
533,0,13,0,0,4,1,1,488,401,-1
534,0,7,0,0,4,1,1,508,396,-1
535,0,10,0,0,4,1,1,511,398,-1
536,0,12,1,2,4,1,1,497,474,384
538,0,13,0,0,4,1,1,518,402,-1
539,0,6,1,1,4,1,1,527,451,408
540,0,7,1,0,4,1,1,528,443,393
541,0,8,0,0,4,1,1,529,404,-1
544,0,11,1,1,4,1,1,371,424,389
547,0,12,1,4,4,1,1,522,531,427
548,0,7,1,2,4,1,1,526,453,402
550,0,6,0,0,4,1,1,312,409,-1
551,0,13,1,0,4,1,1,536,450,422
554,0,10,1,1,4,1,1,383,516,390
555,0,5,0,0,4,1,1,280,417,-1
556,0,8,0,0,4,1,1,501,408,-1
557,0,11,0,0,4,1,1,506,413,-1
558,0,6,0,0,4,1,1,258,443,-1
560,0,12,1,0,4,1,1,544,449,394
563,0,11,1,1,4,1,1,554,524,458
564,0,12,0,0,4,1,1,497,416,-1
565,0,11,0,0,4,1,1,352,428,-1
567,0,11,1,1,4,1,1,524,455,403
569,0,10,1,2,4,1,1,530,510,409
571,0,11,0,0,4,1,1,371,421,-1
574,0,10,0,0,4,1,1,383,426,-1
576,0,10,0,0,4,1,1,413,440,-1
578,0,7,0,0,4,1,1,528,433,-1
579,0,9,1,1,4,1,1,468,457,405
580,0,11,0,0,4,1,1,477,448,-1
584,0,8,1,1,4,1,1,548,514,417
585,0,8,0,0,4,1,1,540,443,-1
588,0,10,1,0,4,1,1,579,435,409
590,0,9,1,1,4,1,1,425,509,416
591,0,11,1,0,4,1,1,466,434,412
594,0,7,1,0,4,1,1,526,433,415
595,0,7,1,0,4,1,1,539,435,415
597,0,11,1,0,4,1,1,569,446,420
599,0,6,1,0,4,1,1,527,478,429
600,0,10,1,2,4,1,1,530,548,419
601,0,8,0,0,4,1,1,595,435,-1
603,0,9,0,0,4,1,1,468,441,-1
604,0,12,1,1,4,1,1,567,485,423
608,0,11,1,0,4,1,1,466,468,423
610,0,11,1,1,4,1,1,600,510,445
611,0,11,0,0,9,1,0,524,454,-1
612,0,7,1,0,4,1,1,526,528,426
613,0,9,0,0,4,1,1,425,477,-1
615,0,14,0,0,4,1,1,551,450,-1
616,0,8,1,3,4,1,1,548,518,427
617,0,13,1,1,4,1,1,604,519,458
618,0,12,0,0,4,1,1,608,468,-1
619,0,7,0,0,4,1,1,324,450,-1
621,0,9,0,0,4,1,1,584,462,-1
622,0,10,1,0,4,1,1,530,466,436
623,0,8,0,0,4,1,1,612,460,-1
625,0,9,1,1,4,1,1,616,511,450
626,0,7,1,0,4,1,1,526,480,440
628,0,12,1,0,4,1,1,522,475,438
630,0,13,1,6,4,1,1,536,604,439
632,0,13,1,1,4,1,1,547,577,451
635,0,8,0,0,4,1,1,548,453,-1
636,0,6,0,0,4,1,1,527,490,-1
637,0,11,0,0,4,1,1,622,459,-1
638,0,10,1,1,4,1,1,383,503,444
639,0,14,1,0,4,1,1,630,543,490
641,0,10,1,0,4,1,1,590,516,482
643,0,12,1,0,4,1,1,522,473,449
644,0,11,1,0,4,1,1,638,530,479
646,0,7,0,0,4,1,1,599,478,-1
648,0,12,1,0,4,1,1,610,543,487
650,0,11,1,1,4,1,1,569,542,471
651,0,10,1,2,4,1,1,413,573,455
653,0,9,1,0,4,1,1,468,478,457
655,0,13,0,0,4,1,1,643,471,-1
657,0,10,1,0,4,1,1,383,480,455
658,0,13,0,0,4,1,1,628,475,-1
660,0,11,1,1,4,1,1,600,544,485
662,0,10,1,0,4,1,1,625,483,458
663,0,14,1,0,4,1,1,632,516,493
666,0,13,0,0,4,1,1,536,474,-1
667,0,11,0,0,4,1,1,657,480,-1
668,0,12,0,0,4,1,1,522,539,-1
671,0,11,1,1,4,1,1,651,535,486
672,0,9,1,0,4,1,1,616,500,461
674,0,13,1,2,4,1,1,547,610,482
675,0,11,0,0,4,1,1,662,478,-1
676,0,8,0,0,4,1,1,626,480,-1
678,0,14,1,3,4,1,1,617,646,493
679,0,10,0,0,4,1,1,383,482,-1
681,0,10,1,0,4,1,1,413,489,466
682,0,9,1,4,4,1,1,468,637,468
683,0,13,0,0,4,1,1,604,485,-1
685,0,10,0,0,4,1,1,625,511,-1
687,0,11,0,0,4,1,1,681,489,-1
689,0,10,1,0,4,1,1,413,515,477
692,0,9,1,0,4,1,1,616,515,497
695,0,9,0,0,4,1,1,468,494,-1
697,0,11,0,0,4,1,1,554,516,-1
700,0,11,0,0,4,1,1,689,515,-1
701,0,12,1,2,4,1,1,650,588,501
705,0,12,0,0,4,1,1,644,503,-1
707,0,10,1,1,4,1,1,682,515,484
709,0,9,1,0,4,1,1,584,515,497
711,0,11,0,0,4,1,1,641,516,-1
714,0,12,1,0,4,1,1,563,545,491
715,0,11,1,1,4,1,1,707,568,500
716,0,14,1,1,4,1,1,674,585,553
719,0,11,0,0,4,1,1,638,503,-1
720,0,12,1,1,4,1,1,660,614,490
721,0,12,1,1,4,1,1,671,554,503
722,0,13,0,0,4,1,1,648,543,-1
723,0,13,1,0,4,1,1,547,533,493
724,0,10,0,0,4,1,1,590,509,-1
726,0,13,1,2,4,1,1,720,595,520
727,0,10,1,0,4,1,1,682,546,523
728,0,11,0,0,4,1,1,600,516,-1
729,0,11,1,0,4,1,1,651,582,531
730,0,15,1,1,4,1,1,678,588,524
731,0,13,0,0,4,1,1,714,524,-1
732,0,8,0,0,4,1,1,612,528,-1
733,0,14,1,2,4,1,1,630,570,501
736,0,13,1,0,4,1,1,547,542,505
737,0,13,1,5,4,1,1,701,647,548
739,0,15,1,2,4,1,1,733,601,514
741,0,14,0,0,4,1,1,736,542,-1
742,0,14,1,1,4,1,1,630,543,512
743,0,12,1,5,4,1,1,715,698,524
749,0,14,0,0,4,1,1,632,577,-1
750,0,12,0,0,4,1,1,671,535,-1
751,0,15,1,0,4,1,1,742,545,526
753,0,16,1,0,3,1,0,739,577,545
760,0,13,1,0,4,1,1,721,575,524
762,0,14,1,1,4,1,1,630,611,530
763,0,12,0,0,4,1,1,650,542,-1
765,0,14,1,0,4,1,1,726,571,536
766,0,15,1,3,4,1,1,733,668,542
767,0,15,0,0,4,1,1,639,543,-1
768,0,11,0,0,4,1,1,727,546,-1
770,0,16,1,5,4,1,1,730,694,548
771,0,13,1,3,4,1,1,743,618,541
772,0,9,0,0,4,1,1,468,579,-1
773,0,10,1,0,4,1,1,682,571,552
775,0,13,0,0,4,1,1,721,554,-1
776,0,15,1,0,4,1,1,678,595,571
780,0,15,0,0,4,1,1,765,571,-1
781,0,14,1,1,4,1,1,630,677,556
783,0,12,0,0,4,1,1,729,582,-1
791,0,14,1,2,4,1,1,726,608,554
793,0,15,1,0,4,1,1,762,636,574
795,0,16,1,1,4,1,1,766,657,613
796,0,17,0,0,3,1,0,753,577,-1
797,0,13,1,0,4,1,1,743,604,554
798,0,14,1,0,4,1,1,737,591,553
800,0,15,0,0,4,1,1,733,570,-1
801,0,17,1,0,4,1,1,770,587,554
802,0,16,1,0,4,1,1,739,626,556
803,0,15,1,5,4,1,1,716,692,558
804,0,14,1,2,4,1,1,771,678,559
805,0,13,1,0,4,1,1,701,628,559
806,0,15,1,2,4,1,1,791,649,559
809,0,15,0,0,4,1,1,781,579,-1
810,0,13,0,0,4,1,1,720,614,-1
811,0,15,0,0,4,1,1,798,591,-1
812,0,10,1,5,4,1,1,682,783,583
813,0,14,1,0,4,1,1,737,593,563
814,0,16,1,0,4,1,1,806,617,580
815,0,15,1,0,4,1,1,804,618,581
816,0,14,0,0,4,1,1,726,595,-1
817,0,17,1,0,4,1,1,770,610,565
818,0,13,1,0,4,1,1,743,586,565
819,0,14,1,0,4,1,1,630,605,575
820,0,16,0,0,4,1,1,730,588,-1
821,0,14,1,1,4,1,1,674,636,589
822,0,16,1,0,4,1,1,803,617,586
823,0,15,0,0,4,1,1,813,593,-1
824,0,16,0,0,4,1,1,739,601,-1
827,0,15,1,0,4,1,1,791,640,574
828,0,14,1,5,4,1,1,737,742,575
829,0,14,1,2,4,1,1,771,667,576
831,0,13,1,0,4,1,1,743,657,624
833,0,17,1,1,4,1,1,770,643,582
834,0,17,0,0,4,1,1,802,626,-1
836,0,18,0,0,4,1,1,817,610,-1
839,0,15,0,0,4,1,1,819,605,-1
840,0,16,0,0,4,1,1,827,640,-1
842,0,15,1,0,4,1,1,828,610,583
843,0,15,1,0,4,1,1,678,630,591
844,0,14,1,3,4,1,1,737,677,586
845,0,15,0,0,4,1,1,762,611,-1
847,0,14,1,0,4,1,1,771,643,587
848,0,17,0,0,4,1,1,814,610,-1
850,0,14,0,0,4,1,1,805,607,-1
852,0,16,1,1,4,1,1,806,643,607
854,0,11,1,0,4,1,1,812,620,592
856,0,16,0,0,4,1,1,815,618,-1
858,0,17,0,0,4,1,1,822,617,-1
859,0,15,1,0,4,1,1,821,644,609
861,0,15,1,0,4,1,1,828,644,603
862,0,14,1,5,4,1,1,737,785,611
864,0,14,0,0,4,1,1,771,618,-1
865,0,16,1,5,4,1,1,803,798,618
869,0,17,1,0,4,1,1,770,659,631
870,0,15,1,0,4,1,1,829,636,616
871,0,18,1,3,4,1,1,833,695,602
872,0,11,1,0,4,1,1,812,681,649
874,0,16,0,0,4,1,1,793,636,-1
876,0,16,0,0,4,1,1,843,624,-1
879,0,15,1,1,4,1,1,844,638,609
880,0,15,0,0,4,1,1,847,643,-1
881,0,16,0,0,4,1,1,861,644,-1
882,0,17,1,1,4,1,1,852,646,612
885,0,18,0,0,4,1,1,833,643,-1
886,0,15,1,0,4,1,1,804,651,623
887,0,16,1,0,4,1,1,879,641,619
890,0,15,1,0,4,1,1,862,667,616
891,0,18,1,2,4,1,1,882,727,617
892,0,15,1,1,4,1,1,828,698,655
893,0,17,1,0,4,1,1,795,670,620
896,0,15,1,0,4,1,1,844,649,620
897,0,16,0,0,4,1,1,890,667,-1
898,0,14,0,0,4,1,1,737,647,-1
900,0,19,1,2,4,1,1,891,759,652
902,0,15,0,0,4,1,1,678,639,-1
905,0,17,0,0,4,1,1,852,643,-1
907,0,17,1,1,4,1,1,865,677,623
908,0,17,0,0,4,1,0,887,641,-1
909,0,16,1,0,4,1,1,766,667,624
911,0,16,0,0,4,1,1,806,648,-1
912,0,19,1,0,4,1,1,871,678,627
913,0,15,1,1,4,1,1,829,779,628
914,0,18,0,0,4,1,1,882,646,-1
917,0,16,1,3,4,1,1,803,723,641
921,0,15,1,0,4,1,1,781,673,644
922,0,16,1,5,4,1,1,766,753,635
923,0,17,0,0,4,1,1,795,657,-1
925,0,15,0,0,4,1,1,804,678,-1
928,0,15,1,2,4,1,1,844,744,641
930,0,17,1,0,4,1,1,865,681,641
932,0,18,0,0,4,1,1,869,659,-1
935,0,17,1,0,4,1,1,770,723,666
936,0,15,1,1,4,1,1,862,776,644
937,0,18,0,0,4,1,1,893,669,-1
938,0,18,1,0,4,1,1,907,678,645
941,0,20,0,0,4,1,1,912,678,-1
942,0,17,1,0,4,1,1,922,670,646
946,0,16,1,0,4,1,1,928,697,688
947,0,13,1,2,4,1,1,743,716,653
949,0,15,0,0,4,1,1,829,667,-1
952,0,19,1,1,4,1,1,871,739,651
953,0,16,1,4,4,1,1,936,977,704
957,0,15,0,0,4,1,1,844,670,-1
958,0,17,1,5,4,1,1,865,940,693
959,0,17,0,0,4,1,1,909,667,-1
960,0,16,1,1,4,1,1,803,688,652
963,0,17,1,0,4,1,1,917,718,674
964,0,15,0,0,4,1,1,781,672,-1
965,0,15,1,4,4,1,1,862,893,705
966,0,19,0,0,4,1,1,938,678,-1
967,0,18,0,0,4,1,1,907,677,-1
968,0,17,1,0,4,1,1,960,689,657
969,0,20,1,1,4,1,1,952,737,694
970,0,17,1,7,4,1,1,922,939,668
971,0,18,0,0,4,1,1,930,681,-1
972,0,11,1,0,4,1,1,812,694,660
974,0,16,1,0,4,1,1,892,687,670
976,0,16,1,0,4,1,1,803,692,663
978,0,19,1,0,4,1,1,871,724,663
979,0,19,1,1,4,1,1,891,711,666
980,0,15,1,0,4,1,1,828,710,667
984,0,14,1,0,4,1,1,947,721,672
986,0,17,0,0,4,1,1,976,689,-1
987,0,18,1,0,4,1,1,970,751,684
989,0,16,0,0,4,1,1,803,692,-1
990,0,16,0,0,4,1,1,980,710,-1
992,0,19,0,0,4,1,1,871,695,-1
994,0,17,0,0,4,1,1,770,694,-1
995,0,15,0,0,4,1,1,984,721,-1
997,0,15,1,2,4,1,1,828,757,679
998,0,11,1,0,4,1,1,812,732,681
999,0,12,0,0,4,1,1,972,694,-1
1000,0,18,0,0,4,1,1,935,721,-1
1001,0,17,1,0,4,1,1,922,713,680
1004,0,20,1,1,4,1,1,979,720,681
1007,0,14,1,0,4,1,1,947,706,683
1008,0,13,0,0,4,1,1,743,698,-1
1013,0,18,0,0,5,1,0,1001,700,-1
1014,0,17,1,0,4,1,1,917,716,684
1018,0,16,1,1,4,1,1,997,803,709
1019,0,12,0,0,4,1,1,998,732,-1
1020,0,21,1,0,4,1,1,1004,761,686
1021,0,15,0,0,4,1,1,1007,706,-1
1022,0,19,0,0,4,1,1,987,712,-1
1023,0,15,0,0,4,1,1,828,725,-1
1024,0,17,1,0,4,1,1,922,713,690
1026,0,11,0,0,4,1,1,812,735,-1
1028,0,19,0,0,4,1,1,891,727,-1
1030,0,14,0,0,4,1,1,947,713,-1
1031,0,18,0,0,4,1,1,963,718,-1
1034,0,17,1,2,4,1,1,917,784,697
1035,0,18,1,1,4,1,1,970,746,707
1038,0,18,1,2,4,1,1,958,838,710
1040,0,21,1,2,4,1,1,969,758,699
1043,0,20,0,0,4,1,1,978,724,-1
1045,0,18,0,0,4,1,1,1014,716,-1
1046,0,20,1,1,4,1,1,900,847,722
1047,0,22,0,0,4,1,1,1020,738,-1
1049,0,17,1,0,4,1,1,922,736,724
1051,0,18,1,4,4,1,1,1034,900,739
1054,0,17,1,0,4,1,1,865,747,722
1055,0,20,0,0,5,1,0,952,721,-1
1056,0,21,0,0,4,1,1,1004,720,-1
1057,0,16,1,0,4,1,1,913,745,723
1058,0,22,1,1,4,1,1,1040,795,723
1060,0,17,1,2,4,1,1,953,934,882
1062,0,16,1,1,4,1,1,928,774,714
1063,0,16,1,0,4,1,1,965,745,714
1064,0,16,0,0,4,1,1,936,776,-1
1066,0,21,0,0,4,1,1,969,732,-1
1068,0,19,1,1,4,1,1,1035,787,717
1069,0,19,1,2,4,1,1,1038,846,738
1070,0,15,1,2,4,1,1,862,821,739
1072,0,18,1,0,4,1,1,970,756,720
1074,0,18,1,0,4,1,1,958,758,721
1075,0,16,1,1,4,1,1,997,800,721
1077,0,19,0,0,4,1,1,987,751,-1
1078,0,17,1,2,4,1,1,1018,822,725
1080,0,17,0,0,4,1,1,1063,745,-1
1081,0,16,0,0,4,1,1,928,744,-1
1083,0,20,1,0,4,1,1,1068,777,749
1084,0,19,0,0,4,1,1,1072,756,-1
1085,0,19,0,0,4,1,1,1074,741,-1
1089,0,19,0,0,4,1,1,1035,746,-1
1090,0,17,0,0,4,1,1,1057,745,-1
1093,0,17,1,1,4,1,1,1062,830,740
1094,0,21,1,2,4,1,1,1046,895,819
1095,0,18,1,0,4,1,1,1078,779,749
1096,0,18,1,1,4,1,1,970,805,748
1098,0,16,0,0,4,1,1,997,757,-1
1099,0,20,1,0,4,1,1,900,780,733
1100,0,17,1,1,4,1,1,865,839,742
1103,0,22,1,0,4,1,1,1040,770,736
1106,0,23,0,0,4,1,1,1103,770,-1
1108,0,16,1,0,4,1,1,965,821,814
1109,0,21,0,0,4,1,1,1099,780,-1
1110,0,20,0,0,4,1,1,900,759,-1
1112,0,16,1,2,4,1,1,1070,873,757
1113,0,19,1,0,4,1,1,1051,781,747
1114,0,18,1,1,4,1,1,1093,819,745
1115,0,11,1,3,4,1,1,812,886,747
1118,0,17,1,0,4,1,1,1075,769,751
1120,0,18,1,0,4,1,1,1100,809,779
1122,0,19,1,0,4,1,1,1038,768,751
1124,0,17,0,0,4,1,1,1018,765,-1
1125,0,15,1,0,4,1,1,862,832,752
1127,0,18,1,2,4,1,1,958,935,779
1129,0,18,1,0,4,1,1,1034,823,757
1130,0,17,0,0,4,1,1,1062,769,-1
1131,0,19,1,0,4,1,1,1096,776,769
1132,0,17,0,0,4,1,1,865,798,-1
1134,0,20,1,0,4,1,1,1069,839,763
1135,0,23,1,1,4,1,1,1058,818,773
1136,0,20,0,0,4,1,1,1068,787,-1
1138,0,18,1,0,4,1,1,1078,820,788
1139,0,21,0,0,4,1,1,1083,777,-1
1141,0,19,0,0,4,1,1,1095,779,-1
1144,0,20,0,0,4,1,1,1113,781,-1
1146,0,19,1,0,4,1,1,1114,811,783
1147,0,12,1,0,4,1,1,1115,821,786
1149,0,16,0,0,4,1,1,1125,832,-1
1150,0,19,1,0,4,1,1,1051,829,814
1151,0,16,1,0,4,1,1,1070,838,785
1156,0,17,0,0,4,1,1,1075,800,-1
1157,0,18,0,0,4,1,1,1093,830,-1
1158,0,19,0,0,4,1,1,1038,811,-1
1161,0,20,1,0,4,1,1,1069,850,821
1164,0,21,0,0,4,1,1,1134,836,-1
1166,0,19,0,0,4,1,1,1096,803,-1
1168,0,19,1,0,4,1,1,1127,838,811
1170,0,17,1,5,4,1,1,1112,1076,808
1171,0,17,0,0,4,1,1,1018,803,-1
1172,0,24,1,4,4,1,1,1135,873,790
1173,0,19,0,0,4,1,1,1129,823,-1
1174,0,19,0,0,4,1,1,1120,809,-1
1177,0,20,0,0,4,1,1,1146,811,-1
1178,0,17,0,0,4,1,1,1151,838,-1
1180,0,13,0,0,4,1,1,1147,808,-1
1182,0,19,0,0,4,1,1,1138,811,-1
1183,0,19,0,0,4,1,1,1114,819,-1
1184,0,25,1,1,4,1,1,1172,881,795
1185,0,18,0,0,4,1,1,1100,839,-1
1186,0,12,1,0,4,1,1,1115,824,799
1187,0,18,0,0,4,1,1,1078,819,-1
1189,0,24,0,0,4,1,1,1135,818,-1
1192,0,18,1,0,4,1,1,970,835,805
1193,0,26,1,0,4,1,1,1184,840,829
1194,0,25,1,0,4,1,1,1172,849,813
1195,0,18,0,0,4,1,1,958,867,-1
1196,0,13,0,0,4,1,1,1186,824,-1
1200,0,19,0,0,4,1,1,1192,835,-1
1201,0,18,1,0,4,1,1,1170,857,816
1203,0,19,0,0,4,1,1,1038,838,-1
1204,0,19,0,0,4,1,1,1201,857,-1
1209,0,25,1,0,4,1,1,1172,876,824
1211,0,19,1,1,3,1,0,1051,892,847
1213,0,16,1,4,4,1,1,965,941,843
1216,0,21,0,0,4,1,1,1161,850,-1
1218,0,17,1,3,4,1,1,1112,934,845
1220,0,22,1,0,4,1,1,1094,869,834
1223,0,21,0,0,4,1,1,1046,847,-1
1224,0,26,0,0,4,1,1,1194,849,-1
1226,0,12,1,1,4,1,1,1115,888,855
1227,0,25,1,1,4,1,1,1172,914,835
1228,0,18,1,0,4,1,1,1170,900,844
1230,0,19,1,1,4,1,1,1127,936,845
1240,0,19,0,0,4,1,1,1228,900,-1
1241,0,18,1,0,4,1,1,1218,888,849
1242,0,20,1,1,4,1,1,1230,919,865
1245,0,22,1,2,4,1,1,1094,959,862
1247,0,20,1,0,3,1,0,1211,904,876
1250,0,18,1,1,4,1,1,970,987,854
1251,0,16,1,2,4,1,1,965,943,856
1252,0,19,0,0,4,1,1,1241,887,-1
1253,0,25,0,0,4,1,1,1172,873,-1
1254,0,18,1,1,4,1,1,1170,986,855
1256,0,26,1,0,4,1,1,1227,909,871
1257,0,17,1,4,4,1,1,1213,1021,857
1258,0,19,1,3,4,1,1,1051,953,870
1259,0,26,0,0,4,1,1,1184,881,-1
1260,0,19,1,0,4,1,1,1250,967,897
1261,0,19,1,0,4,1,1,1254,973,945
1262,0,13,1,0,4,1,1,1226,885,860
1263,0,18,1,0,4,1,1,1218,917,860
1264,0,18,1,2,4,1,1,1257,979,884
1265,0,26,0,0,4,1,1,1209,876,-1
1266,0,14,0,0,4,1,1,1262,885,-1
1267,0,19,0,0,4,1,1,1263,909,-1
1268,0,18,1,1,4,1,1,1170,984,913
1269,0,23,1,0,4,1,1,1245,943,897
1270,0,13,0,0,4,1,1,1226,888,-1
1271,0,18,1,1,4,1,1,970,997,878
1272,0,18,1,0,4,1,1,1218,912,882
1274,0,22,0,0,4,1,1,1094,895,-1
1276,0,27,0,0,4,1,1,1256,909,-1
1279,0,21,1,2,4,1,1,1242,971,886
1280,0,21,0,0,3,1,0,1247,904,-1
1281,0,17,1,0,4,1,1,1213,905,881
1283,0,19,0,0,4,1,1,1051,900,-1
1284,0,19,1,2,4,1,1,1271,963,890
1285,0,18,1,0,4,1,1,958,906,884
1287,0,19,0,0,4,1,1,1272,912,-1
1288,0,18,0,0,4,1,1,1281,905,-1
1289,0,20,1,0,4,1,1,1258,978,888
1290,0,18,1,0,4,1,1,1060,912,887
1291,0,18,0,0,4,1,1,970,903,-1
1292,0,19,0,0,4,1,1,1264,907,-1
1293,0,26,0,0,4,1,1,1227,906,-1
1297,0,17,1,1,4,1,1,1213,943,892
1298,0,19,0,0,4,1,1,1290,912,-1
1302,0,18,1,1,4,1,1,958,939,904
1303,0,18,0,0,4,1,1,1218,934,-1
1305,0,21,0,0,4,1,1,1289,963,-1
1306,0,18,1,0,4,1,1,1297,962,916
1308,0,20,1,0,4,1,1,1284,968,915
1309,0,18,1,0,4,1,1,1060,923,898
1310,0,17,1,0,4,1,1,953,919,898
1311,0,20,1,1,4,1,1,1258,958,909
1313,0,17,1,4,4,1,1,1251,1042,903
1314,0,24,0,0,4,1,1,1269,919,-1
1315,0,19,0,0,4,1,1,1309,923,-1
1316,0,18,0,0,4,1,1,1310,919,-1
1317,0,20,0,0,4,1,1,1260,924,-1
1321,0,19,0,0,4,1,1,1271,997,-1
1322,0,17,1,0,4,1,1,1213,959,915
1323,0,19,0,0,4,1,1,1250,987,-1
1325,0,18,1,0,4,1,1,1313,1034,945
1326,0,19,1,0,4,1,1,1302,990,909
1327,0,17,1,3,4,1,1,953,1012,909
1329,0,20,0,0,4,1,1,1230,936,-1
1331,0,18,0,0,4,1,1,1060,934,-1
1332,0,18,0,0,4,1,1,970,939,-1
1333,0,22,1,1,4,1,1,1279,969,913
1335,0,20,0,0,4,1,1,1326,951,-1
1337,0,18,1,0,4,1,1,1327,970,936
1338,0,23,1,7,4,1,1,1245,1224,926
1341,0,17,1,0,4,1,1,1251,944,916
1343,0,19,1,0,4,1,1,1268,953,936
1345,0,23,1,0,4,1,1,1333,977,927
1346,0,20,1,0,4,1,1,1258,949,920
1347,0,17,1,0,4,1,1,953,978,936
1348,0,18,1,3,4,1,1,1257,1028,924
1349,0,19,0,0,4,1,1,1306,962,-1
1351,0,21,1,3,4,1,1,1311,1020,930
1354,0,18,0,0,4,1,1,958,940,-1
1355,0,19,1,3,4,1,1,1264,1073,925
1356,0,22,1,1,4,1,1,1279,989,928
1357,0,20,1,0,4,1,1,1284,960,927
1359,0,17,0,0,4,1,1,1251,943,-1
1360,0,18,0,0,4,1,1,1297,943,-1
1361,0,20,0,0,4,1,1,1258,953,-1
1364,0,18,1,0,4,1,1,1170,997,963
1366,0,19,1,3,4,1,1,1264,1130,957
1368,0,20,0,0,4,1,1,1284,955,-1
1370,0,18,0,0,4,1,1,1322,959,-1
1371,0,24,1,0,4,1,1,1338,1036,981
1373,0,22,1,1,4,1,1,1351,1002,946
1375,0,20,0,0,4,1,1,1355,964,-1
1376,0,23,1,1,4,1,1,1356,1017,948
1379,0,18,1,0,4,1,1,1327,1007,965
1380,0,17,0,0,4,1,1,953,964,-1
1383,0,18,0,0,4,1,1,1347,978,-1
1385,0,19,0,0,4,1,1,1337,970,-1
1387,0,19,1,0,4,1,1,1348,995,954
1388,0,21,0,0,4,1,1,1308,968,-1
1389,0,24,0,0,4,1,1,1345,977,-1
1390,0,23,0,0,4,1,1,1333,969,-1
1391,0,22,0,0,4,1,1,1279,971,-1
1392,0,24,1,2,4,1,1,1376,1022,979
1393,0,19,0,0,4,1,1,1254,986,-1
1394,0,22,1,5,4,1,1,1351,1102,964
1397,0,20,0,0,4,1,1,1387,995,-1
1398,0,18,1,0,4,1,1,1257,1018,960
1399,0,23,1,1,4,1,1,1373,1027,965
1403,0,20,0,0,4,1,1,1326,990,-1
1406,0,19,1,0,4,1,1,1348,985,966
1407,0,19,0,0,4,1,1,1268,984,-1
1410,0,19,0,0,4,1,1,1364,997,-1
1411,0,23,0,0,4,1,1,1356,989,-1
1412,0,23,1,2,4,1,1,1394,1056,978
1413,0,24,1,1,4,1,1,1399,1112,985
1414,0,18,1,2,4,1,1,1257,1046,990
1415,0,20,0,0,4,1,1,1406,985,-1
1420,0,18,1,0,4,1,1,1327,1002,976
1422,0,20,1,2,4,1,1,1355,1048,985
1423,0,18,1,0,4,1,1,1313,1013,985
1424,0,19,0,0,5,1,0,1420,1002,-1
1425,0,22,1,0,4,1,1,1351,1006,981
1426,0,19,0,0,4,1,1,1325,1013,-1
1429,0,19,1,1,4,1,1,1348,1044,989
1431,0,24,1,1,4,1,1,1412,1084,984
1433,0,25,1,1,4,1,1,1392,1040,984
1434,0,23,0,0,4,1,1,1425,1006,-1
1435,0,25,0,0,4,1,1,1371,1036,-1
1436,0,19,0,0,4,1,1,1379,1007,-1
1437,0,25,1,1,4,1,1,1431,1108,1011
1439,0,19,0,0,4,1,1,1398,1018,-1
1440,0,26,1,0,4,1,1,1433,1035,1015
1441,0,23,1,0,4,1,1,1394,1024,993
1444,0,22,0,0,4,1,1,1351,1010,-1
1447,0,20,1,0,4,1,1,1366,1057,1019
1450,0,24,1,0,4,1,1,1412,1014,995
1451,0,19,1,2,4,1,1,1414,1083,994
1452,0,25,1,2,4,1,1,1392,1088,995
1453,0,20,1,2,4,1,1,1355,1067,996
1454,0,24,1,2,4,1,1,1338,1065,1013
1455,0,21,1,0,4,1,1,1422,1032,1003
1456,0,24,0,0,4,1,1,1441,1024,-1
1458,0,19,0,0,4,1,1,1348,1021,-1
1459,0,18,0,0,4,1,1,1257,1017,-1
1460,0,21,1,1,4,1,1,1453,1047,1007
1461,0,18,1,4,4,1,1,1313,1158,1004
1464,0,18,0,0,4,1,1,1170,1076,-1
1465,0,20,1,1,4,1,1,1429,1094,1011
1466,0,26,1,0,4,1,1,1452,1029,1007
1467,0,19,1,0,4,1,1,1414,1033,1006
1469,0,24,0,0,4,1,1,1412,1025,-1
1471,0,20,1,0,4,1,1,1355,1049,1007
1472,0,24,0,0,4,1,1,1399,1027,-1
1475,0,20,0,0,4,1,1,1467,1033,-1
1476,0,22,0,0,4,1,1,1455,1032,-1
1478,0,22,1,2,4,1,1,1460,1122,1013
1479,0,21,0,0,4,1,1,1471,1042,-1
1480,0,27,0,0,4,1,1,1466,1029,-1
1481,0,21,1,0,4,1,1,1422,1048,1014
1482,0,18,1,2,4,1,1,1313,1132,1015
1484,0,19,0,0,4,1,1,1414,1045,-1
1485,0,21,1,0,4,1,1,1465,1160,1054
1486,0,26,1,0,4,1,1,1437,1076,1044
1487,0,21,1,2,4,1,1,1453,1192,1017
1489,0,19,1,0,4,1,1,1461,1065,1023
1490,0,25,1,2,4,1,1,1454,1176,1018
1493,0,23,1,1,4,1,1,1394,1165,1052
1495,0,27,0,0,4,1,1,1440,1035,-1
1496,0,20,1,3,4,1,1,1451,1150,1022
1498,0,23,1,1,4,1,1,1478,1113,1041
1499,0,25,0,0,4,1,1,1431,1075,-1
1500,0,24,0,0,4,1,1,1338,1039,-1
1502,0,21,0,0,4,1,1,1422,1048,-1
1504,0,26,0,0,4,1,1,1433,1040,-1
1505,0,22,0,0,4,1,1,1460,1041,-1
1507,0,22,0,0,4,1,1,1481,1048,-1
1508,0,19,1,0,4,1,1,1482,1130,1029
1509,0,21,0,0,4,1,1,1447,1054,-1
1511,0,20,0,0,4,1,1,1366,1049,-1
1512,0,21,0,0,4,1,1,1453,1067,-1
1513,0,25,1,0,4,1,1,1454,1063,1033
1515,0,22,1,0,4,1,1,1487,1142,1045
1516,0,19,1,1,4,1,1,1461,1073,1039
1517,0,20,0,0,4,1,1,1489,1065,-1
1518,0,26,1,0,4,1,1,1490,1063,1046
1520,0,21,1,3,4,1,1,1496,1121,1051
1523,0,19,1,0,4,1,1,1482,1083,1040
1525,0,26,0,0,4,1,1,1513,1061,-1
1526,0,20,1,0,4,1,1,1516,1075,1044
1528,0,25,1,1,4,1,1,1413,1124,1095
1529,0,24,0,0,4,1,1,1498,1067,-1
1530,0,25,0,0,4,1,1,1454,1065,-1
1532,0,20,0,0,4,1,1,1355,1073,-1
1533,0,24,1,0,5,1,0,1338,1077,1048
1534,0,21,0,0,4,1,1,1526,1075,-1
1535,0,23,0,0,4,1,1,1515,1083,-1
1537,0,19,1,0,4,1,1,1461,1098,1071
1543,0,25,0,0,5,1,0,1533,1077,-1
1545,0,20,0,0,4,1,1,1516,1069,-1
1546,0,26,0,0,4,1,1,1437,1108,-1
1547,0,23,1,0,4,1,1,1478,1126,1084
1548,0,20,0,0,4,1,1,1523,1083,-1
1549,0,20,1,0,4,1,1,1451,1089,1055
1550,0,22,1,1,4,1,1,1487,1200,1130
1551,0,22,1,2,4,1,1,1520,1167,1076
1552,0,26,1,0,4,1,1,1490,1077,1057
1553,0,26,1,0,4,1,1,1452,1090,1060
1554,0,24,1,0,4,1,1,1338,1108,1059
1555,0,21,0,0,4,1,1,1549,1077,-1
1557,0,19,0,0,4,1,1,1482,1110,-1
1559,0,21,1,0,4,1,1,1496,1153,1088
1561,0,23,1,3,4,1,1,1394,1162,1066
1563,0,20,0,0,4,1,1,1451,1083,-1
1565,0,21,0,0,4,1,1,1465,1094,-1
1567,0,26,0,0,4,1,1,1490,1176,-1
1568,0,24,1,4,4,1,1,1493,1164,1076
1571,0,25,0,0,4,1,1,1554,1088,-1
1572,0,24,1,1,4,1,1,1561,1145,1072
1573,0,24,1,0,4,1,1,1338,1134,1112
1574,0,24,1,4,4,1,1,1498,1232,1086
1575,0,23,1,0,4,1,1,1394,1096,1076
1576,0,25,1,0,4,1,1,1572,1104,1080
1579,0,20,0,0,4,1,1,1537,1098,-1
1583,0,20,1,2,4,1,1,1366,1156,1085
1585,0,25,1,0,4,1,1,1568,1115,1086
1587,0,24,0,0,4,1,1,1575,1096,-1
1588,0,19,1,6,4,1,1,1461,1307,1081
1589,0,23,1,1,4,1,1,1551,1203,1110
1590,0,24,1,0,4,1,1,1561,1160,1111
1591,0,26,0,0,4,1,1,1576,1104,-1
1592,0,22,1,0,4,1,1,1520,1143,1087
1596,0,24,0,0,4,1,1,1547,1126,-1
1597,0,21,1,0,4,1,1,1583,1135,1100
1598,0,26,0,0,4,1,1,1585,1115,-1
1599,0,25,0,0,4,1,1,1572,1145,-1
1600,0,24,0,0,4,1,1,1493,1112,-1
1601,0,19,0,0,4,1,1,1461,1109,-1
1607,0,23,0,0,4,1,1,1592,1143,-1
1608,0,20,1,0,4,1,1,1366,1126,1095
1609,0,20,1,0,4,1,1,1588,1134,1107
1610,0,24,0,0,4,1,1,1498,1112,-1
1611,0,22,1,0,4,1,1,1520,1122,1098
1613,0,21,1,0,4,1,1,1496,1142,1105
1614,0,26,1,0,4,1,1,1528,1123,1100
1617,0,20,0,0,4,1,1,1508,1130,-1
1618,0,22,0,0,4,1,1,1559,1153,-1
1620,0,20,0,0,4,1,1,1366,1130,-1
1621,0,22,0,0,4,1,1,1597,1135,-1
1623,0,21,1,0,4,1,1,1583,1139,1111
1625,0,25,1,2,4,1,1,1568,1180,1112
1628,0,22,0,0,4,1,1,1613,1142,-1
1629,0,21,0,0,4,1,1,1609,1134,-1
1630,0,25,0,0,4,1,1,1590,1160,-1
1631,0,22,0,0,4,1,1,1623,1139,-1
1633,0,26,1,1,4,1,1,1625,1181,1123
1635,0,24,0,0,4,1,1,1589,1153,-1
1636,0,19,0,0,4,1,1,1461,1158,-1
1637,0,20,0,0,4,1,1,1588,1136,-1
1638,0,23,0,0,4,1,1,1515,1142,-1
1639,0,25,1,1,4,1,1,1574,1174,1121
1640,0,24,0,0,4,1,1,1493,1165,-1
1642,0,23,1,0,4,1,1,1551,1145,1135
1643,0,21,0,0,4,1,1,1583,1156,-1
1644,0,25,1,6,4,1,1,1568,1275,1123
1646,0,21,0,0,4,1,0,1496,1150,-1
1650,0,27,1,1,4,1,1,1633,1187,1148
1652,0,26,1,0,4,1,1,1639,1174,1150
1655,0,25,1,0,4,1,1,1574,1169,1145
1656,0,26,1,0,4,1,1,1644,1222,1167
1657,0,26,1,0,4,1,1,1625,1236,1138
1658,0,25,1,0,4,1,1,1568,1161,1134
1661,0,23,1,0,4,1,1,1550,1172,1148
1662,0,24,1,2,4,1,1,1338,1252,1144
1666,0,26,0,0,4,1,1,1658,1161,-1
1668,0,24,1,0,4,1,1,1561,1163,1141
1670,0,27,0,0,4,1,1,1657,1170,-1
1672,0,25,0,0,4,1,1,1568,1164,-1
1673,0,20,1,4,4,1,1,1588,1290,1145
1674,0,23,0,0,4,1,1,1551,1167,-1
1675,0,25,0,0,4,1,1,1668,1163,-1
1681,0,25,1,0,4,1,1,1662,1192,1149
1683,0,22,0,0,4,1,1,1487,1175,-1
1684,0,21,1,0,4,1,1,1673,1176,1150
1685,0,28,1,2,4,1,1,1650,1213,1155
1686,0,24,0,0,4,1,1,1661,1172,-1
1688,0,22,0,0,4,1,0,1684,1176,-1
1689,0,26,0,0,4,1,1,1681,1192,-1
1690,0,25,1,1,4,1,1,1574,1211,1178
1691,0,20,1,1,4,1,1,1588,1268,1173
1692,0,24,1,1,4,1,1,1338,1219,1175
1694,0,27,0,0,4,1,1,1633,1181,-1
1695,0,29,1,0,4,1,1,1685,1278,1173
1696,0,25,1,0,4,1,1,1662,1192,1160
1697,0,21,1,1,4,1,1,1673,1206,1165
1700,0,24,1,1,4,1,1,1589,1202,1164
1703,0,26,0,0,4,1,1,1696,1192,-1
1704,0,28,0,0,4,1,1,1650,1187,-1
1706,0,23,0,0,4,1,1,1550,1200,-1
1709,0,25,1,4,4,1,1,1700,1254,1169
1712,0,22,1,0,4,1,1,1697,1199,1170
1714,0,25,0,0,4,1,1,1662,1190,-1
1716,0,27,0,0,4,1,1,1656,1222,-1
1718,0,26,1,4,4,1,1,1709,1291,1182
1719,0,23,0,0,4,1,1,1712,1199,-1
1721,0,26,1,4,4,1,1,1644,1268,1177
1723,0,21,1,0,4,1,1,1691,1232,1202
1727,0,25,0,0,4,1,1,1700,1195,-1
1728,0,25,1,4,4,1,1,1692,1284,1187
1731,0,22,0,0,4,1,1,1697,1206,-1
1732,0,21,1,0,4,1,1,1673,1230,1183
1733,0,26,1,2,4,1,1,1690,1276,1183
1734,0,27,1,0,4,1,1,1721,1210,1187
1735,0,29,1,1,4,1,1,1685,1248,1184
1736,0,24,0,0,4,1,1,1589,1203,-1
1737,0,27,0,0,4,1,1,1657,1217,-1
1738,0,20,0,0,4,1,1,1588,1223,-1
1741,0,27,1,0,4,1,0,1718,1223,1187
1742,0,27,1,2,4,1,1,1733,1295,1212
1743,0,26,1,1,4,1,1,1644,1240,1188
1744,0,22,0,0,4,1,1,1732,1205,-1
1745,0,25,1,1,4,1,1,1574,1242,1189
1746,0,30,0,0,4,1,1,1695,1278,-1
1747,0,26,1,3,4,1,1,1728,1349,1192
1749,0,28,0,0,4,1,1,1734,1210,-1
1750,0,28,0,0,4,1,0,1741,1223,-1
1751,0,27,1,1,4,1,1,1743,1275,1205
1752,0,26,1,5,4,1,1,1709,1412,1197
1753,0,26,0,0,4,1,1,1690,1211,-1
1754,0,29,0,0,4,1,1,1685,1213,-1
1756,0,26,1,2,4,1,1,1745,1285,1209
1757,0,27,1,0,4,1,1,1747,1254,1214
1760,0,27,1,2,4,1,1,1721,1263,1199
1761,0,27,1,0,4,1,1,1718,1220,1198
1762,0,26,1,0,4,1,1,1644,1225,1199
1763,0,25,0,0,4,1,1,1574,1219,-1
1764,0,30,1,2,4,1,1,1735,1282,1204
1765,0,27,1,0,4,1,1,1752,1228,1202
1766,0,26,1,1,4,1,1,1728,1258,1209
1767,0,28,0,0,4,1,1,1761,1220,-1
1768,0,27,0,0,4,1,1,1762,1225,-1
1771,0,21,1,1,4,1,1,1673,1272,1237
1772,0,22,0,0,4,1,1,1723,1232,-1
1774,0,28,0,0,4,1,1,1765,1228,-1
1775,0,25,0,0,4,1,1,1662,1252,-1
1776,0,26,1,1,4,1,1,1709,1286,1220
1777,0,31,1,0,4,1,1,1764,1237,1225
1778,0,26,1,0,4,1,1,1644,1256,1210
1779,0,27,1,0,4,1,1,1718,1268,1238
1780,0,27,1,3,4,1,1,1721,1318,1210
1782,0,28,1,4,4,1,1,1760,1477,1211
1783,0,21,0,0,4,1,1,1691,1268,-1
1785,0,28,1,0,4,1,1,1780,1279,1245
1788,0,27,1,5,4,1,1,1766,1381,1219
1789,0,27,0,0,4,1,1,1743,1237,-1
1792,0,28,1,0,4,1,1,1742,1246,1219
1793,0,27,1,2,4,1,1,1756,1306,1238
1794,0,28,0,0,4,1,1,1757,1253,-1
1795,0,26,1,0,4,1,1,1644,1279,1225
1796,0,27,1,0,4,1,1,1721,1276,1222
1798,0,26,1,1,4,1,1,1728,1281,1224
1799,0,27,1,1,4,1,1,1733,1344,1225
1801,0,30,0,0,4,1,1,1735,1248,-1
1802,0,26,0,0,4,1,1,1745,1242,-1
1804,0,27,1,2,4,1,1,1752,1341,1251
1805,0,28,1,0,4,1,1,1760,1309,1227
1807,0,27,1,1,4,1,1,1776,1346,1249
1808,0,29,0,0,4,1,1,1792,1246,-1
1811,0,28,1,0,4,1,1,1751,1253,1245
1812,0,27,1,1,4,1,1,1747,1329,1248
1813,0,26,1,0,4,1,1,1709,1257,1232
1816,0,27,0,0,4,1,1,1766,1258,-1
1817,0,28,0,0,4,1,1,1799,1251,-1
1819,0,26,0,0,4,1,1,1644,1272,-1
1822,0,26,1,0,4,1,1,1728,1303,1248
1823,0,27,0,0,4,1,1,1733,1276,-1
1824,0,28,1,4,4,1,1,1742,1399,1248
1826,0,20,1,1,4,1,1,1588,1304,1245
1827,0,28,0,0,4,1,1,1760,1260,-1
1830,0,31,1,4,4,1,1,1764,1407,1242
1833,0,28,0,0,4,1,1,1779,1268,-1
1836,0,28,1,0,4,1,1,1793,1288,1272
1837,0,27,0,0,4,1,1,1721,1268,-1
1839,0,21,0,0,4,1,1,1673,1290,-1
1840,0,29,0,0,4,1,1,1785,1276,-1
1841,0,27,1,1,4,1,1,1756,1337,1253
1842,0,31,0,0,4,1,1,1764,1282,-1
1843,0,22,1,0,4,1,1,1771,1276,1256
1844,0,28,0,0,4,1,1,1751,1275,-1
1845,0,20,1,0,4,1,1,1588,1303,1269
1846,0,27,0,0,4,1,1,1795,1273,-1
1848,0,28,0,0,4,1,1,1796,1276,-1
1850,0,27,1,0,4,1,1,1718,1290,1259
1853,0,27,1,0,4,1,1,1798,1320,1260
1854,0,28,1,0,4,1,1,1804,1343,1277
1856,0,28,1,1,4,1,1,1807,1333,1262
1858,0,26,0,0,4,1,1,1728,1284,-1
1859,0,29,1,0,5,1,0,1782,1361,1333
1861,0,27,0,0,4,1,1,1756,1285,-1
1864,0,28,1,1,4,1,1,1780,1324,1278
1865,0,27,0,0,4,1,1,1718,1291,-1
1867,0,29,1,1,4,1,1,1824,1314,1278
1868,0,21,1,1,4,1,1,1826,1301,1273
1870,0,32,1,0,4,1,1,1830,1314,1277
1871,0,28,1,0,4,1,1,1841,1299,1277
1873,0,21,0,0,4,1,1,1845,1303,-1
1874,0,29,1,0,4,1,1,1856,1341,1289
1875,0,22,1,6,4,1,1,1868,1478,1278
1876,0,28,1,0,4,1,1,1788,1336,1279
1878,0,20,1,0,4,1,1,1588,1308,1280
1880,0,28,1,1,4,1,1,1812,1320,1281
1885,0,28,0,0,4,1,1,1853,1320,-1
1886,0,29,0,0,4,1,1,1871,1299,-1
1887,0,23,1,0,4,1,1,1875,1332,1301
1888,0,33,0,0,4,1,1,1870,1314,-1
1889,0,29,1,0,4,1,1,1864,1311,1287
1890,0,28,1,1,4,1,1,1793,1332,1283
1892,0,21,0,0,4,1,1,1826,1304,-1
1893,0,27,0,0,4,1,1,1822,1303,-1
1894,0,21,0,0,4,1,1,1878,1308,-1
1895,0,29,1,1,4,1,1,1880,1353,1286
1897,0,29,0,0,4,1,1,1876,1330,-1
1900,0,32,1,0,4,1,1,1830,1359,1302
1901,0,28,1,0,4,1,1,1804,1360,1292
1902,0,28,0,0,4,1,1,1841,1303,-1
1905,0,27,0,0,4,1,1,1752,1307,-1
1906,0,28,1,0,4,1,1,1780,1325,1290
1909,0,28,1,0,4,1,1,1788,1326,1291
1912,0,27,1,0,4,1,1,1747,1341,1321
1913,0,29,0,0,4,1,1,1854,1343,-1
1914,0,30,1,0,4,1,1,1867,1333,1296
1916,0,29,1,0,4,1,1,1824,1350,1302
1917,0,29,0,0,4,1,1,1805,1309,-1
1919,0,29,1,5,4,1,1,1890,1563,1307
1920,0,28,0,0,4,1,1,1807,1313,-1
1921,0,29,0,0,4,1,1,1864,1324,-1
1922,0,29,0,0,4,1,1,1880,1320,-1
1924,0,28,0,0,4,1,1,1780,1318,-1
1926,0,28,1,2,4,1,1,1788,1433,1305
1929,0,33,0,0,4,1,1,1900,1359,-1
1930,0,29,0,0,4,1,1,1906,1325,-1
1932,0,29,0,0,4,1,1,1909,1326,-1
1933,0,31,0,0,4,1,1,1914,1333,-1
1934,0,29,0,0,4,1,1,1856,1333,-1
1936,0,30,1,0,4,1,1,1895,1365,1313
1937,0,29,0,0,4,1,1,1901,1360,-1
1939,0,28,1,6,4,1,1,1799,1479,1312
1940,0,28,0,0,4,1,1,1841,1337,-1
1942,0,30,0,0,4,1,1,1916,1350,-1
1943,0,23,1,3,4,1,1,1875,1407,1313
1945,0,28,0,0,4,1,1,1812,1329,-1
1948,0,32,1,1,4,1,1,1830,1390,1314
1949,0,30,1,0,4,1,1,1919,1349,1323
1950,0,29,1,2,4,1,1,1926,1433,1324
1951,0,28,1,0,4,1,1,1788,1367,1330
1952,0,29,1,0,4,1,1,1824,1376,1336
1954,0,27,1,3,4,1,1,1752,1460,1319
1956,0,31,0,0,4,1,1,1936,1365,-1
1958,0,24,1,0,4,1,1,1943,1341,1322
1959,0,33,1,2,4,1,1,1948,1511,1342
1960,0,28,1,0,4,1,1,1954,1393,1351
1962,0,23,1,1,4,1,1,1875,1394,1338
1964,0,32,1,1,4,1,1,1830,1386,1338
1965,0,30,0,0,4,1,1,1895,1353,-1
1967,0,25,0,0,4,1,1,1958,1341,-1
1968,0,30,1,0,4,1,1,1950,1356,1338
1970,0,27,1,0,4,1,1,1752,1347,1332
1971,0,28,0,0,4,1,1,1799,1344,-1
1972,0,29,1,0,4,1,1,1939,1385,1344
1974,0,24,1,0,4,1,1,1943,1360,1335
1977,0,29,1,1,4,1,1,1926,1441,1405
1983,0,30,0,0,5,1,0,1859,1354,-1
1984,0,25,0,0,4,1,1,1974,1360,-1
1989,0,28,1,5,4,1,1,1788,1650,1341
1990,0,31,0,0,4,1,1,1968,1356,-1
1991,0,33,1,0,4,1,1,1964,1365,1352
1992,0,30,0,0,4,1,1,1952,1361,-1
1993,0,29,1,0,4,1,1,1782,1437,1395
1994,0,30,0,0,4,1,1,1919,1375,-1
1995,0,27,1,4,4,1,1,1752,1513,1345
2001,0,29,1,0,4,1,1,1989,1406,1370
2002,0,34,0,0,4,1,1,1959,1385,-1
2003,0,24,1,2,4,1,1,1943,1503,1372
2004,0,29,1,5,4,1,1,1824,1463,1348
2005,0,30,0,0,4,1,1,1972,1385,-1
2006,0,30,1,0,4,1,1,1950,1389,1349
2008,0,23,1,0,4,1,1,1875,1382,1349
2009,0,32,0,0,4,1,1,1830,1407,-1
2010,0,28,0,0,4,1,1,1995,1369,-1
2012,0,24,1,1,4,1,1,1962,1404,1350
2014,0,28,0,0,4,1,1,1788,1381,-1
2015,0,30,1,0,4,1,1,2004,1392,1355
2020,0,24,0,0,4,1,1,2008,1371,-1
2022,0,29,0,0,4,1,1,1960,1393,-1
2023,0,25,1,2,4,1,1,2012,1515,1372
2024,0,31,0,0,4,1,1,2006,1389,-1
2025,0,27,0,0,4,1,1,1752,1406,-1
2027,0,33,0,0,4,1,1,1948,1390,-1
2028,0,29,0,0,4,1,1,1824,1388,-1
2029,0,30,0,0,9,1,0,1950,1421,-1
2031,0,31,0,0,4,1,1,2015,1392,-1
2032,0,24,0,0,4,1,1,1962,1392,-1
2036,0,30,1,0,4,1,1,2004,1408,1366
2037,0,28,1,2,4,1,1,1954,1433,1384
2040,0,29,1,0,4,1,1,1939,1465,1389
2043,0,31,0,0,4,1,1,2036,1408,-1
2044,0,30,1,0,4,1,1,2004,1404,1377
2045,0,25,1,0,4,1,1,2003,1406,1377
2046,0,26,1,0,4,1,1,2023,1430,1400
2047,0,23,1,0,4,1,1,1875,1419,1389
2049,0,28,1,0,4,1,1,1995,1404,1382
2050,0,29,0,0,4,1,1,1989,1416,-1
2051,0,26,0,0,4,1,1,2045,1406,-1
2052,0,24,0,0,4,1,1,1943,1407,-1
2053,0,30,1,0,4,1,1,1919,1408,1385
2054,0,25,0,0,4,1,1,2012,1404,-1
2056,0,29,0,0,4,1,1,2049,1404,-1
2059,0,25,1,1,4,1,1,2003,1452,1388
2060,0,29,1,0,4,1,1,2037,1431,1389
2062,0,31,0,0,4,1,1,2053,1408,-1
2063,0,26,1,0,4,1,1,2059,1428,1404
2064,0,28,1,2,4,1,1,1995,1517,1411
2065,0,30,0,0,4,1,1,2060,1431,-1
2067,0,24,0,0,4,1,1,2047,1419,-1
2069,0,28,1,1,4,1,1,1954,1473,1423
2072,0,29,1,0,4,1,1,2037,1427,1407
2073,0,29,1,1,4,1,1,1939,1448,1410
2075,0,34,1,1,4,1,1,1959,1449,1410
2076,0,30,1,1,4,1,1,2004,1459,1407
2077,0,27,0,0,4,1,1,2046,1430,-1
2081,0,27,0,0,4,1,1,2063,1428,-1
2083,0,30,1,1,4,1,1,1977,1464,1410
2084,0,26,1,2,4,1,1,2023,1502,1433
2088,0,30,1,5,4,1,1,1919,1522,1416
2089,0,29,1,0,4,1,1,1782,1481,1426
2090,0,30,0,0,4,1,1,2040,1439,-1
2093,0,31,1,1,4,1,1,2083,1502,1420
2094,0,30,1,0,4,1,1,2073,1437,1415
2095,0,26,0,0,4,1,1,2059,1445,-1
2096,0,25,0,0,4,1,1,2003,1457,-1
2098,0,23,1,0,4,1,1,1875,1448,1417
2099,0,30,1,0,4,1,1,2004,1454,1418
2100,0,31,1,0,4,1,1,2076,1466,1439
2101,0,31,0,0,4,1,1,2094,1437,-1
2102,0,29,0,0,4,1,1,1926,1433,-1
2103,0,34,1,5,4,1,1,1959,1597,1482
2104,0,30,0,0,4,1,1,1977,1441,-1
2105,0,29,1,0,4,1,1,1939,1465,1421
2106,0,35,1,0,4,1,1,2075,1469,1428
2108,0,31,1,1,4,1,1,2088,1479,1428
2109,0,28,1,0,4,1,1,1995,1452,1430
2110,0,24,0,0,4,1,1,2098,1448,-1
2112,0,31,0,0,4,1,1,2099,1454,-1
2113,0,29,1,1,4,1,1,2064,1539,1456
2114,0,32,0,0,4,1,1,2093,1454,-1
2115,0,30,0,0,4,1,1,2073,1443,-1
2116,0,30,0,0,4,1,1,2105,1465,-1
2117,0,23,0,0,4,1,1,1875,1444,-1
2118,0,29,1,0,4,1,1,2069,1471,1428
2119,0,30,0,0,4,1,1,1919,1446,-1
2120,0,30,0,0,4,1,1,2004,1463,-1
2124,0,31,0,0,4,1,1,2083,1464,-1
2125,0,30,0,0,4,1,1,2118,1471,-1
2127,0,28,0,0,4,1,1,1954,1458,-1
2129,0,29,0,0,4,1,1,2109,1452,-1
2130,0,29,1,6,4,1,1,1782,1651,1445
2133,0,27,1,1,4,1,1,2084,1549,1458
2135,0,29,1,0,4,1,1,1939,1487,1441
2136,0,31,1,0,4,1,1,2088,1467,1439
2139,0,32,1,0,4,1,1,2108,1485,1445
2140,0,26,0,0,4,1,1,2023,1515,-1
2142,0,30,0,0,4,1,1,2135,1487,-1
2143,0,32,0,0,4,1,1,2100,1466,-1
2144,0,23,0,0,4,1,1,1875,1478,-1
2145,0,31,1,0,4,1,1,2088,1510,1449
2146,0,30,1,4,4,1,1,2130,1565,1468
2147,0,28,1,2,4,1,1,1995,1548,1466
2148,0,29,0,0,4,1,1,2069,1473,-1
2149,0,30,0,0,4,1,1,2089,1481,-1
2151,0,29,1,0,4,1,1,1939,1470,1452
2154,0,32,0,0,4,1,1,2145,1472,-1
2155,0,30,1,1,4,1,1,1919,1577,1509
2156,0,29,1,0,4,1,1,1989,1539,1512
2157,0,32,0,0,4,1,1,2108,1479,-1
2158,0,33,0,0,4,1,1,2139,1485,-1
2160,0,29,0,0,4,1,1,1782,1477,-1
2163,0,31,1,1,4,1,1,2088,1504,1460
2165,0,32,1,3,4,1,1,2163,1611,1476
2166,0,29,1,0,4,1,1,2064,1487,1470
2169,0,27,1,0,4,1,1,2084,1498,1469
2172,0,32,1,3,4,1,1,2093,1626,1471
2174,0,29,1,0,4,1,1,2147,1495,1471
2175,0,31,1,5,4,1,1,2088,1662,1472
2177,0,30,1,0,4,1,1,2113,1515,1490
2178,0,25,0,0,4,1,1,2003,1497,-1
2179,0,28,1,1,4,1,1,2133,1537,1477
2182,0,31,1,1,4,1,1,2146,1522,1473
2183,0,28,0,0,4,1,1,2169,1497,-1
2184,0,33,1,0,4,1,1,2172,1563,1486
2186,0,30,0,0,4,1,1,2174,1495,-1
2187,0,32,1,0,4,1,1,2175,1575,1484
2188,0,28,0,0,4,1,1,1995,1513,-1
2190,0,32,1,0,4,1,1,2182,1546,1495
2191,0,27,0,0,4,1,1,2084,1502,-1
2192,0,33,1,1,4,1,1,2165,1538,1506
2193,0,32,0,0,4,1,1,2093,1502,-1
2195,0,29,1,1,4,1,1,2179,1574,1505
2197,0,31,0,0,4,1,1,2088,1522,-1
2200,0,31,1,1,4,1,1,2146,1664,1484
2202,0,32,0,0,4,1,1,2163,1504,-1
2203,0,35,1,0,4,1,1,2103,1511,1487
2204,0,30,1,0,4,1,1,2130,1525,1491
2205,0,28,0,0,4,1,1,2133,1531,-1
2206,0,32,1,0,4,1,1,2200,1528,1504
2209,0,36,0,0,4,1,1,2203,1511,-1
2210,0,34,0,0,4,1,1,1959,1511,-1
2211,0,31,0,0,4,1,1,2177,1515,-1
2212,0,34,0,0,4,1,1,2184,1563,-1
2213,0,31,1,0,4,1,1,2146,1519,1495
2214,0,33,0,0,4,1,1,2187,1539,-1
2215,0,33,1,0,4,1,1,2172,1555,1499
2216,0,35,1,1,4,1,1,2103,1553,1500
2217,0,33,0,0,4,1,1,2190,1546,-1
2219,0,32,0,0,4,1,1,2213,1519,-1
2220,0,30,0,0,4,1,1,2113,1520,-1
2221,0,30,1,0,4,1,1,2130,1519,1501
2223,0,34,0,0,4,1,1,2215,1555,-1
2224,0,32,0,0,4,1,1,2182,1520,-1
2225,0,31,1,4,4,1,1,2146,1649,1506
2232,0,33,0,0,4,1,1,2206,1528,-1
2233,0,31,0,0,4,1,1,2204,1525,-1
2234,0,30,1,5,4,1,1,2195,1615,1517
2235,0,33,1,0,4,1,1,2172,1532,1510
2236,0,35,1,1,4,1,1,2103,1557,1511
2237,0,34,1,0,4,1,1,2192,1562,1517
2238,0,32,1,0,4,1,1,2225,1613,1540
2239,0,36,1,0,4,1,1,2216,1641,1523
2240,0,31,1,0,4,1,1,2155,1577,1544
2242,0,32,0,0,4,1,1,2200,1550,-1
2243,0,29,1,1,4,1,1,2147,1607,1515
2246,0,29,0,0,4,1,1,2179,1537,-1
2247,0,34,0,0,4,1,1,2235,1532,-1
2249,0,30,0,0,4,1,1,2156,1533,-1
2250,0,33,1,2,4,1,1,2165,1624,1518
2253,0,36,1,0,4,1,1,2236,1555,1521
2255,0,30,1,3,4,1,1,2243,1710,1547
2256,0,30,1,1,4,1,1,1919,1607,1524
2257,0,32,0,0,4,1,1,2175,1568,-1
2259,0,31,1,0,4,1,1,2234,1565,1537
2261,0,34,1,0,4,1,1,2250,1581,1552
2264,0,35,1,0,4,1,1,2103,1578,1551
2266,0,35,0,0,4,1,1,2237,1552,-1
2267,0,29,0,0,4,1,1,2147,1548,-1
2270,0,37,0,0,4,1,1,2239,1558,-1
2271,0,31,1,3,4,1,1,2256,1673,1538
2272,0,37,0,0,4,1,1,2253,1555,-1
2273,0,33,1,0,4,1,1,2165,1559,1529
2274,0,33,0,0,4,1,1,2172,1626,-1
2276,0,36,0,0,4,1,1,2236,1557,-1
2278,0,36,0,0,4,1,1,2216,1553,-1
2281,0,31,0,0,4,1,1,2146,1565,-1
2284,0,29,1,3,4,1,1,1989,1645,1543
2285,0,32,1,0,4,1,1,2271,1571,1543
2289,0,32,0,0,4,1,1,2259,1565,-1
2290,0,33,0,0,4,1,1,2238,1613,-1
2291,0,30,0,0,4,1,1,1919,1563,-1
2292,0,31,1,0,4,1,1,2234,1584,1548
2293,0,33,0,0,4,1,1,2285,1571,-1
2294,0,30,1,2,4,1,1,2284,1732,1589
2295,0,32,0,0,4,1,1,2240,1577,-1
2296,0,31,0,0,4,1,1,2256,1584,-1
2297,0,33,0,0,4,1,1,2187,1575,-1
2298,0,32,1,0,4,1,1,2225,1619,1573
2299,0,30,1,2,4,1,1,2130,1672,1585
2301,0,31,1,0,4,1,1,2255,1600,1576
2304,0,32,1,0,4,1,1,2271,1704,1576
2305,0,29,1,0,4,1,1,1989,1578,1555
2306,0,31,0,0,4,1,1,2155,1577,-1
2307,0,30,0,0,4,1,1,2195,1574,-1
2309,0,35,0,0,4,1,1,2261,1574,-1
2311,0,30,0,0,4,1,1,2243,1607,-1
2313,0,31,1,1,4,1,1,2234,1641,1561
2316,0,35,1,0,4,1,1,2103,1582,1562
2317,0,34,1,3,4,1,1,2250,1657,1576
2323,0,32,1,0,4,1,1,2313,1626,1582
2325,0,37,0,0,4,1,1,2239,1641,-1
2326,0,31,1,0,4,1,1,2234,1601,1572
2328,0,32,0,0,4,1,1,2200,1601,-1
2330,0,32,0,0,4,1,1,2326,1601,-1
2331,0,33,0,0,4,1,1,2298,1619,-1
2333,0,32,1,0,4,1,1,2175,1627,1595
2335,0,35,1,0,4,1,1,2317,1608,1581
2336,0,33,0,0,4,1,1,2165,1611,-1
2339,0,31,1,1,4,1,1,2234,1667,1582
2341,0,32,1,5,4,1,1,2225,1716,1584
2343,0,36,0,0,4,1,1,2335,1608,-1
2344,0,29,1,1,4,1,1,1989,1695,1610
2345,0,32,1,0,4,1,1,2271,1643,1616
2347,0,33,0,0,4,1,1,2323,1608,-1
2349,0,33,1,3,4,1,1,2341,1650,1590
2350,0,31,1,0,4,1,1,2299,1631,1590
2351,0,33,0,0,4,1,1,2304,1644,-1
2352,0,34,0,0,4,1,1,2250,1624,-1
2353,0,32,1,1,4,1,1,2339,1687,1604
2354,0,35,1,0,4,1,1,2317,1700,1600
2355,0,31,1,0,4,1,1,2294,1619,1594
2356,0,32,0,0,4,1,1,2350,1625,-1
2357,0,32,1,0,4,1,1,2225,1627,1595
2358,0,34,1,5,4,1,1,2349,1709,1604
2359,0,30,1,2,4,1,1,2130,1662,1596
2360,0,32,0,0,4,1,1,2313,1641,-1
2361,0,32,0,0,4,1,1,2355,1619,-1
2362,0,33,0,0,4,1,1,2357,1627,-1
2363,0,31,1,0,4,1,1,2299,1621,1601
2365,0,33,1,2,4,1,1,2341,1715,1605
2367,0,36,0,0,4,1,1,2354,1700,-1
2369,0,32,0,0,4,1,1,2225,1649,-1
2371,0,32,1,0,4,1,1,2175,1626,1606
2372,0,30,1,0,4,1,1,2130,1656,1625
2373,0,33,1,0,4,1,1,2353,1669,1635
2374,0,35,1,3,4,1,1,2358,1732,1608
2375,0,34,0,0,4,1,1,2365,1630,-1
2376,0,30,1,0,4,1,1,2284,1660,1612
2378,0,31,0,0,4,1,1,2299,1642,-1
2379,0,35,1,1,4,1,1,2317,1685,1612
2381,0,36,1,0,4,1,1,2374,1670,1641
2382,0,32,0,0,4,1,1,2339,1630,-1
2384,0,33,1,0,4,1,1,2341,1702,1616
2385,0,34,1,0,4,1,1,2349,1649,1616
2387,0,32,1,1,4,1,1,2175,1663,1620
2388,0,31,1,2,4,1,1,2359,1682,1618
2390,0,31,0,0,5,1,0,2376,1649,-1
2391,0,29,0,0,4,1,1,1989,1650,-1
2394,0,31,1,1,4,1,1,2255,1704,1667
2395,0,30,1,0,4,1,1,2284,1648,1626
2398,0,35,0,0,4,1,1,2317,1657,-1
2399,0,34,1,0,4,1,1,2349,1652,1627
2400,0,35,1,0,4,1,1,2358,1654,1630
2402,0,31,1,1,4,1,1,2359,1666,1629
2403,0,33,1,1,4,1,1,2387,1707,1630
2405,0,32,1,5,4,1,1,2388,1815,1644
2407,0,32,1,0,4,1,1,2175,1650,1644
2411,0,35,0,0,4,1,1,2399,1652,-1
2412,0,31,0,0,4,1,1,2372,1656,-1
2413,0,30,1,7,4,1,1,2344,1837,1642
2414,0,32,1,0,4,1,1,2402,1665,1651
2415,0,35,0,0,4,1,1,2385,1649,-1
2416,0,34,1,3,4,1,1,2403,1751,1635
2418,0,30,0,0,4,1,1,2130,1651,-1
2419,0,34,0,0,4,1,1,2349,1650,-1
2420,0,31,0,0,4,1,1,2359,1662,-1
2422,0,32,0,0,4,1,1,2339,1667,-1
2424,0,33,1,1,4,1,1,2341,1685,1646
2425,0,31,1,0,4,1,1,2294,1674,1647
2426,0,33,0,0,4,1,1,2353,1687,-1
2428,0,35,1,2,4,1,1,2358,1707,1648
2429,0,36,1,0,4,1,1,2379,1672,1649
2431,0,34,0,0,4,1,1,2373,1669,-1
2432,0,37,0,0,4,1,1,2381,1670,-1
2436,0,36,1,0,4,1,1,2374,1673,1656
2439,0,31,1,1,4,1,1,2413,1703,1653
2440,0,35,1,2,4,1,1,2416,1732,1674
2441,0,34,1,3,4,1,1,2424,1806,1656
2442,0,32,0,0,4,1,1,2425,1672,-1
2444,0,30,0,0,4,1,1,2344,1695,-1
2446,0,31,0,0,4,1,1,2299,1672,-1
2447,0,32,1,1,4,1,1,2388,1687,1655
2448,0,36,1,0,4,1,1,2428,1696,1668
2450,0,37,0,0,4,1,1,2429,1672,-1
2452,0,33,1,0,4,1,1,2341,1706,1668
2453,0,32,1,0,4,1,1,2439,1739,1669
2454,0,34,0,0,4,1,1,2403,1688,-1
2455,0,35,1,0,4,1,1,2358,1714,1671
2457,0,33,1,0,4,1,1,2447,1682,1662
2459,0,31,0,0,4,1,1,2294,1732,-1
2461,0,34,1,1,4,1,1,2365,1712,1663
2462,0,31,1,1,4,1,1,2413,1722,1664
2465,0,36,1,2,4,1,1,2374,1804,1708
2466,0,34,0,0,4,1,1,2384,1701,-1
2467,0,33,0,0,4,1,1,2304,1697,-1
2469,0,32,0,0,4,1,1,2388,1682,-1
2472,0,35,1,6,4,1,1,2441,1819,1686
2475,0,32,1,0,4,1,1,2462,1722,1679
2476,0,37,0,0,4,1,1,2448,1696,-1
2477,0,35,1,2,4,1,1,2461,1770,1679
2478,0,34,0,0,4,1,1,2452,1706,-1
2479,0,32,1,0,4,1,1,2394,1757,1674
2482,0,34,1,0,4,1,1,2365,1719,1677
2483,0,33,0,0,4,1,1,2453,1709,-1
2485,0,31,1,0,4,1,1,2413,1732,1686
2486,0,33,1,0,4,1,1,2405,1735,1710
2491,0,31,1,3,4,1,1,2255,1745,1678
2492,0,33,0,0,4,1,1,2341,1702,-1
2494,0,36,1,1,4,1,1,2428,1764,1679
2495,0,33,0,0,4,1,1,2479,1719,-1
2496,0,36,1,0,4,1,1,2440,1736,1701
2497,0,32,0,0,4,1,1,2439,1699,-1
2498,0,35,1,2,4,1,1,2358,1859,1682
2499,0,32,1,4,4,1,1,2491,1776,1689
2500,0,33,0,0,4,1,1,2475,1720,-1
2501,0,35,1,2,4,1,1,2416,1768,1696
2504,0,32,0,0,4,1,1,2394,1704,-1
2505,0,36,0,0,4,1,1,2455,1714,-1
2508,0,31,0,0,4,1,1,2255,1710,-1
2510,0,34,0,0,4,1,1,2365,1715,-1
2512,0,36,0,0,4,1,1,2428,1707,-1
2514,0,35,0,0,4,1,1,2461,1712,-1
2515,0,32,0,0,4,1,1,2462,1722,-1
2516,0,36,1,0,4,1,1,2472,1767,1695
2517,0,36,1,0,4,1,1,2477,1744,1707
2519,0,35,1,1,4,1,1,2441,1833,1700
2521,0,31,1,1,4,1,1,2413,1764,1709
2522,0,35,0,0,4,1,1,2482,1717,-1
2523,0,32,1,4,3,1,0,2491,1841,1703
2524,0,32,0,0,4,1,1,2485,1732,-1
2527,0,37,1,0,4,1,1,2494,1741,1713
2528,0,36,1,0,4,1,1,2501,1739,1705
2530,0,36,1,3,4,1,1,2519,1894,1707
2532,0,35,1,0,4,1,1,2416,1744,1706
2533,0,33,1,0,3,1,0,2523,1824,1723
2536,0,36,1,1,4,1,1,2472,1744,1708
2540,0,36,1,0,4,1,1,2498,1752,1734
2542,0,35,0,0,4,1,1,2441,1738,-1
2543,0,33,1,0,4,1,1,2499,1734,1712
2547,0,37,0,0,4,1,1,2530,1738,-1
2548,0,36,1,1,4,1,0,2440,1780,1712
2549,0,37,1,0,4,1,1,2536,1775,1715
2550,0,37,1,0,4,1,1,2465,1790,1737
2552,0,32,1,1,4,1,1,2521,1839,1716
2554,0,36,1,2,4,1,1,2501,1806,1715
2555,0,37,0,0,4,1,1,2528,1739,-1
2556,0,32,1,1,4,1,1,2491,1764,1720
2558,0,37,1,1,4,1,0,2548,1768,1740
2559,0,34,0,0,4,1,1,2543,1734,-1
2560,0,35,0,0,4,1,1,2416,1751,-1
2562,0,36,1,0,4,1,1,2477,1742,1719
2563,0,36,0,0,4,1,1,2519,1735,-1
2565,0,31,1,0,4,1,1,2413,1746,1720
2568,0,36,1,0,4,1,1,2472,1811,1732
2569,0,33,1,8,4,1,1,2405,2137,1721
2570,0,38,0,0,4,1,1,2527,1741,-1
2571,0,33,1,0,4,1,1,2499,1759,1723
2572,0,38,0,0,4,1,1,2549,1775,-1
2574,0,33,0,0,4,1,1,2453,1739,-1
2575,0,33,1,1,4,1,1,2552,1812,1773
2577,0,37,0,0,4,1,1,2562,1742,-1
2579,0,36,0,0,4,1,1,2501,1756,-1
2580,0,32,0,0,4,1,1,2521,1751,-1
2581,0,33,1,0,3,1,0,2523,1776,1735
2584,0,33,1,0,4,1,1,2405,1778,1743
2586,0,31,1,0,4,1,1,2413,1761,1737
2587,0,37,0,0,4,1,1,2494,1764,-1
2589,0,33,1,2,4,1,1,2499,1832,1737
2590,0,37,1,0,4,1,1,2554,1800,1738
2592,0,34,1,1,4,1,1,2569,1841,1812
2595,0,34,0,0,3,1,0,2581,1776,-1
2597,0,33,1,0,4,1,1,2556,1765,1741
2598,0,34,0,0,4,1,1,2571,1759,-1
2599,0,38,0,0,4,1,1,2590,1800,-1
2601,0,36,1,4,4,1,1,2472,1892,1743
2602,0,38,0,0,4,1,1,2550,1790,-1
2605,0,36,0,0,4,1,1,2477,1770,-1
2606,0,34,0,0,3,1,0,2533,1824,-1
2607,0,36,1,0,4,1,1,2498,1846,1772
2608,0,37,1,1,4,1,1,2530,1824,1773
2610,0,38,1,1,4,1,0,2558,1794,1746
2612,0,34,0,0,4,1,1,2597,1765,-1
2613,0,31,1,0,4,1,1,2413,1888,1781
2614,0,33,1,0,4,1,1,2499,1773,1748
2616,0,37,1,0,4,1,1,2465,1798,1774
2618,0,37,1,0,4,1,1,2554,1803,1780
2621,0,37,1,0,4,1,1,2601,1794,1776
2622,0,37,0,0,4,1,1,2568,1777,-1
2624,0,35,1,2,4,1,1,2441,1888,1755
2625,0,37,0,0,4,1,0,2548,1780,-1
2626,0,33,1,0,4,1,1,2405,1819,1779
2627,0,36,1,0,4,1,1,2472,1778,1756
2629,0,34,1,1,5,1,0,2589,1816,1765
2630,0,34,0,0,4,1,1,2584,1778,-1
2631,0,39,1,1,4,1,0,2610,1815,1761
2635,0,35,0,0,4,1,1,2441,1806,-1
2636,0,36,1,10,4,1,1,2472,2008,1773
2642,0,40,1,0,4,1,0,2631,1812,1772
2644,0,39,0,0,4,1,0,2610,1794,-1
2645,0,35,1,2,5,1,0,2629,1836,1779
2648,0,34,1,1,4,1,1,2589,1880,1779
2649,0,41,0,0,4,1,0,2642,1812,-1
2651,0,37,0,0,4,1,1,2607,1812,-1
2652,0,38,1,0,4,1,1,2608,1805,1778
2653,0,37,1,1,4,1,1,2636,1846,1786
2654,0,36,0,0,4,1,1,2519,1833,-1
2658,0,36,0,0,4,1,1,2498,1824,-1
2659,0,36,1,0,5,1,0,2645,1841,1785
2660,0,35,1,2,4,1,1,2648,1893,1784
2661,0,37,0,0,4,1,1,2465,1803,-1
2662,0,32,0,0,4,1,1,2613,1888,-1
2663,0,36,0,0,4,1,1,2660,1806,-1
2664,0,37,1,0,4,1,1,2601,1876,1839
2665,0,35,0,0,5,1,0,2629,1816,-1
2666,0,33,1,0,4,1,1,2405,1830,1792
2667,0,34,1,1,4,1,1,2575,1883,1790
2668,0,37,0,0,4,1,1,2554,1806,-1
2669,0,31,0,0,4,1,1,2413,1837,-1
2670,0,33,1,0,3,1,0,2523,1928,1807
2672,0,34,0,0,4,1,1,2589,1832,-1
2673,0,35,0,0,4,1,1,2648,1820,-1
2674,0,35,1,0,4,1,1,2667,1870,1814
2676,0,38,1,0,4,1,1,2653,1827,1800
2678,0,37,1,0,4,1,1,2530,1829,1806
2679,0,33,0,0,4,1,1,2405,1815,-1
2680,0,36,1,0,5,1,0,2645,1839,1809
2681,0,36,1,2,4,1,1,2624,1926,1805
2683,0,33,0,0,4,1,1,2552,1839,-1
2685,0,37,1,0,4,1,1,2636,1837,1808
2687,0,39,0,0,4,1,1,2676,1827,-1
2688,0,37,1,2,4,1,1,2681,1911,1819
2692,0,36,1,1,4,1,1,2660,1867,1814
2693,0,38,0,0,4,1,1,2678,1829,-1
2694,0,34,0,0,3,1,0,2670,1874,-1
2695,0,37,0,0,5,1,0,2680,1839,-1
2697,0,34,0,0,4,1,1,2666,1830,-1
2698,0,36,1,0,4,1,1,2624,1847,1816
2700,0,35,1,0,4,1,1,2592,1850,1817
2701,0,33,1,0,3,1,0,2523,1848,1820
2702,0,37,1,4,4,1,1,2636,1964,1841
2703,0,36,0,0,4,1,1,2674,1870,-1
2706,0,37,0,0,4,1,1,2698,1847,-1
2707,0,37,0,0,4,1,1,2607,1846,-1
2708,0,36,0,0,4,1,1,2700,1850,-1
2709,0,37,1,4,4,1,1,2530,1943,1836
2712,0,38,0,0,4,1,1,2653,1846,-1
2713,0,38,1,2,4,1,1,2688,1906,1845
2715,0,35,0,0,4,1,1,2648,1880,-1
2716,0,34,0,0,3,1,0,2701,1848,-1
2719,0,37,1,0,4,1,1,2692,1865,1836
2723,0,37,1,7,4,1,1,2681,2073,1870
2728,0,36,0,0,4,1,1,2498,1859,-1
2729,0,36,0,0,4,1,1,2624,1888,-1
2732,0,38,0,0,4,1,1,2719,1865,-1
2733,0,38,1,2,4,1,1,2709,1926,1878
2739,0,35,0,0,4,1,1,2667,1883,-1
2740,0,36,1,0,4,1,1,2660,1885,1845
2742,0,34,1,0,4,1,1,2569,1866,1847
2745,0,37,0,0,4,1,1,2692,1867,-1
2746,0,38,1,1,4,1,1,2702,1945,1863
2747,0,39,1,0,4,1,1,2713,1884,1865
2748,0,37,1,3,4,1,1,2601,1922,1850
2751,0,35,0,0,4,1,1,2742,1866,-1
2753,0,37,1,0,4,1,0,2636,1884,1852
2754,0,38,1,1,4,1,1,2748,1915,1864
2757,0,36,0,0,4,1,1,2660,1893,-1
2758,0,38,1,0,4,1,1,2688,1885,1856
2759,0,38,0,0,4,1,0,2753,1884,-1
2760,0,37,0,0,4,1,1,2740,1885,-1
2761,0,37,0,0,4,1,1,2530,1894,-1
2762,0,37,1,0,4,1,1,2601,1894,1861
2763,0,38,0,0,4,1,1,2664,1876,-1
2764,0,37,0,0,4,1,1,2636,1883,-1
2765,0,34,1,0,4,1,1,2569,1937,1879
2767,0,38,0,0,4,1,1,2762,1894,-1
2768,0,39,0,0,4,1,1,2746,1901,-1
2769,0,39,1,4,4,1,1,2754,1991,1876
2774,0,38,1,2,4,1,1,2748,1957,1875
2775,0,38,1,0,4,1,1,2723,1924,1888
2776,0,39,1,1,4,1,1,2713,1915,1876
2777,0,40,1,0,4,1,1,2776,1932,1884
2779,0,37,0,0,4,1,1,2681,1926,-1
2780,0,38,1,1,4,1,1,2702,1994,1882
2782,0,38,1,1,4,1,1,2748,1936,1886
2783,0,39,1,3,4,1,1,2733,2105,1895
2784,0,39,0,0,4,1,1,2713,1906,-1
2785,0,39,1,0,4,1,1,2780,1918,1896
2787,0,34,0,0,3,1,0,2670,1928,-1
2788,0,39,0,0,4,1,1,2754,1910,-1
2789,0,38,1,0,4,1,1,2709,1936,1888
2793,0,41,0,0,4,1,1,2777,1932,-1
2795,0,34,1,2,4,1,1,2569,1977,1898
2796,0,39,1,0,4,1,1,2782,2000,1906
2797,0,37,1,2,4,1,1,2636,2002,1893
2798,0,39,1,0,5,1,0,2774,1952,1905
2800,0,38,1,0,5,1,0,2702,1914,1894
2802,0,40,1,0,4,1,1,2769,1933,1903
2803,0,39,0,0,4,1,1,2789,1928,-1
2804,0,39,0,0,4,1,1,2775,1923,-1
2805,0,40,0,0,4,1,1,2776,1915,-1
2807,0,38,1,0,4,1,1,2797,1971,1930
2811,0,38,1,2,4,1,1,2709,1952,1899
2812,0,38,1,1,4,1,1,2723,2009,1905
2813,0,37,1,1,4,1,1,2636,1954,1904
2814,0,39,1,0,4,1,1,2811,1927,1904
2815,0,35,1,0,4,1,1,2795,1951,1912
2816,0,39,1,0,4,1,1,2733,2008,1906
2817,0,40,0,0,4,1,1,2783,1934,-1
2818,0,41,0,0,4,1,1,2802,1933,-1
2819,0,40,0,0,4,1,1,2814,1927,-1
2820,0,39,1,0,4,1,1,2812,1982,1938
2821,0,40,0,0,5,1,0,2798,1936,-1
2822,0,38,1,0,4,1,1,2709,1953,1910
2824,0,39,1,1,5,1,0,2746,1976,1916
2825,0,40,1,0,4,1,1,2769,1960,1914
2826,0,37,1,1,4,1,1,2636,1951,1921
2827,0,39,1,2,4,1,1,2811,2022,1937
2829,0,39,0,0,4,1,1,2822,1953,-1
2830,0,38,1,1,4,1,1,2723,2049,1916
2831,0,39,1,3,4,1,1,2774,2111,1925
2832,0,35,0,0,4,1,1,2765,1937,-1
2833,0,34,1,0,4,1,1,2569,1980,1956
2836,0,38,1,1,4,1,1,2813,1954,1919
2839,0,39,1,1,4,1,1,2830,2027,1931
2840,0,40,1,0,5,1,0,2824,2020,1945
2841,0,38,0,0,4,1,1,2709,1937,-1
2843,0,40,0,0,4,1,1,2816,1946,-1
2844,0,35,1,2,4,1,1,2795,1978,1923
2845,0,38,1,6,4,1,1,2702,2107,1930
2846,0,39,1,0,4,1,1,2836,1951,1924
2848,0,38,1,1,4,1,1,2826,2022,1926
2849,0,39,0,0,4,1,1,2746,1945,-1
2851,0,40,1,1,4,1,1,2769,1963,1935
2854,0,36,0,0,4,1,1,2815,1951,-1
2856,0,38,1,0,4,1,1,2723,2031,1931
2858,0,38,0,0,4,1,1,2813,1954,-1
2859,0,36,1,0,4,1,1,2844,1966,1935
2860,0,40,0,0,4,1,1,2846,1949,-1
2861,0,39,1,1,4,1,1,2848,2050,1985
2862,0,35,0,0,4,1,1,2795,1975,-1
2863,0,39,0,0,4,1,1,2836,1954,-1
2865,0,39,0,0,4,1,1,2774,1957,-1
2867,0,38,0,0,4,1,1,2826,1951,-1
2869,0,40,1,1,4,1,1,2839,2056,2000
2870,0,37,1,2,4,1,1,2636,2028,1945
2874,0,41,0,0,4,1,1,2825,1960,-1
2875,0,38,0,0,4,1,1,2702,1964,-1
2876,0,39,1,0,4,1,1,2845,1977,1941
2877,0,41,1,0,4,1,1,2851,1963,1942
2879,0,38,1,1,4,1,1,2723,2024,1943
2880,0,40,1,2,4,1,1,2827,2001,1944
2881,0,39,0,0,4,1,1,2807,1971,-1
2883,0,38,1,0,4,1,1,2797,2017,1963
2885,0,40,0,0,4,1,1,2820,1982,-1
2886,0,36,1,1,4,1,1,2844,2010,1951
2887,0,38,1,0,4,1,1,2723,2057,2031
2888,0,39,1,0,4,1,1,2845,2039,2010
2889,0,40,0,0,4,1,1,2876,1972,-1
2892,0,39,1,0,4,1,1,2879,2020,1975
2893,0,41,1,1,4,1,1,2880,2033,1965
2895,0,37,1,0,4,1,1,2636,1983,1956
2897,0,40,0,0,5,1,0,2824,1976,-1
2899,0,40,1,0,4,1,1,2827,1989,1974
2902,0,40,1,1,4,1,1,2783,2043,1972
2903,0,41,0,0,5,1,0,2840,2020,-1
2904,0,37,1,3,4,1,1,2886,2061,1968
2905,0,35,0,0,4,1,1,2833,1980,-1
2907,0,36,0,0,4,1,1,2844,1977,-1
2908,0,39,0,0,4,1,1,2856,2031,-1
2909,0,38,1,1,4,1,1,2870,2039,1974
2911,0,40,1,2,4,1,1,2831,2023,1966
2912,0,40,1,0,4,1,1,2769,2015,1966
2913,0,37,1,1,4,1,1,2636,2079,1984
2915,0,40,0,0,4,1,1,2796,2000,-1
2916,0,39,0,0,4,1,1,2780,1992,-1
2919,0,41,1,1,4,1,1,2911,2033,1979
2920,0,41,0,0,4,1,1,2912,2015,-1
2921,0,39,0,0,4,1,1,2812,2009,-1
2922,0,38,0,0,4,1,1,2797,2002,-1
2924,0,42,1,0,4,1,1,2893,2097,1999
2925,0,41,1,0,4,1,1,2880,2019,1977
2926,0,37,0,0,4,1,1,2886,2010,-1
2927,0,41,1,1,4,1,1,2902,2067,1994
2929,0,40,0,0,4,1,1,2892,2005,-1
2931,0,38,1,1,4,1,1,2904,2027,1981
2932,0,39,1,0,4,1,1,2909,2006,1982
2935,0,38,1,2,4,1,1,2870,2226,2002
2936,0,42,1,1,4,1,1,2919,2050,1990
2937,0,40,0,0,4,1,1,2827,2022,-1
2938,0,39,1,0,4,1,1,2931,2009,1989
2940,0,39,0,0,4,1,1,2879,2024,-1
2942,0,40,0,0,4,1,1,2932,2005,-1
2943,0,38,1,0,4,1,1,2913,2067,2019
2944,0,41,1,0,4,1,1,2911,2015,1995
2947,0,39,0,0,4,1,1,2883,2017,-1
2950,0,39,0,0,4,1,1,2848,2022,-1
2951,0,38,1,1,4,1,1,2904,2062,2002
2953,0,43,1,2,4,1,1,2936,2100,2001
2954,0,40,0,0,4,1,1,2831,2027,-1
2956,0,41,1,1,4,1,1,2869,2064,2005
2958,0,42,0,0,4,1,1,2919,2033,-1
2959,0,43,0,0,4,1,1,2924,2075,-1
2960,0,42,1,2,4,1,1,2927,2136,2009
2961,0,39,1,0,4,1,1,2951,2054,2009
2962,0,44,1,0,4,1,1,2953,2087,2030
2964,0,39,0,0,4,1,1,2830,2049,-1
2966,0,34,1,1,4,1,1,2569,2106,2012
2968,0,38,0,0,4,1,1,2870,2028,-1
2971,0,42,0,0,4,1,1,2893,2033,-1
2972,0,38,1,0,4,1,1,2904,2051,2013
2974,0,40,1,2,4,1,1,2783,2108,2051
2975,0,41,0,0,4,1,1,2869,2041,-1
2976,0,40,1,2,4,1,1,2861,2096,2019
2977,0,40,0,0,4,1,1,2888,2039,-1
2980,0,39,0,0,4,1,1,2935,2066,-1
2981,0,39,1,0,4,1,1,2845,2042,2020
2983,0,39,0,0,4,1,1,2972,2051,-1
2984,0,34,1,1,4,1,1,2569,2083,2034
2988,0,39,0,0,9,1,0,2951,2062,-1
2989,0,38,0,0,4,1,1,2904,2061,-1
2991,0,42,0,0,4,1,1,2927,2057,-1
2993,0,35,1,0,4,1,1,2966,2058,2031
2995,0,41,1,1,4,1,1,2976,2075,2044
2996,0,42,1,1,4,1,1,2956,2087,2033
2998,0,39,1,8,4,1,1,2845,2201,2035
3000,0,38,0,0,4,1,1,2913,2079,-1
3002,0,43,1,0,4,1,1,2960,2097,2043
3003,0,36,0,0,4,1,1,2993,2058,-1
3004,0,40,1,0,4,1,1,2831,2096,2038
3006,0,43,1,0,4,1,1,2996,2080,2054
3007,0,35,1,0,4,1,1,2984,2102,2038
3008,0,45,0,0,4,1,1,2962,2087,-1
3009,0,40,1,0,4,1,1,2998,2096,2049
3010,0,44,1,0,4,1,1,2953,2063,2041
3011,0,38,1,2,4,1,1,2723,2129,2042
3012,0,40,0,0,4,1,1,2961,2054,-1
3013,0,41,0,0,4,1,1,3004,2065,-1
3017,0,34,1,1,4,1,1,2569,2129,2051
3018,0,39,0,0,4,1,1,2943,2067,-1
3019,0,39,1,1,4,1,1,2845,2152,2045
3020,0,42,0,0,4,1,1,2956,2064,-1
3021,0,35,0,0,4,1,1,2966,2106,-1
3022,0,45,0,0,4,1,1,3010,2063,-1
3024,0,39,1,1,4,1,1,3011,2135,2049
3026,0,42,1,2,4,1,1,2995,2139,2049
3027,0,44,0,0,4,1,0,2953,2100,-1
3029,0,38,0,0,4,1,1,2723,2071,-1
3030,0,43,1,1,4,1,1,3026,2144,2077
3033,0,41,1,0,4,1,1,2976,2077,2067
3034,0,40,1,4,4,1,1,2831,2212,2059
3036,0,39,1,0,4,1,1,2845,2089,2067
3037,0,41,1,0,4,1,1,2974,2187,2059
3039,0,42,0,0,4,1,1,2995,2075,-1
3040,0,40,1,0,4,1,1,2998,2170,2095
3041,0,44,0,0,4,1,1,3006,2080,-1
3043,0,34,0,0,4,1,1,2569,2137,-1
3045,0,44,0,0,4,1,1,3002,2097,-1
3046,0,40,1,1,4,1,1,3024,2128,2088
3048,0,43,1,1,4,1,1,2960,2139,2084
3049,0,40,1,1,4,1,1,3019,2152,2112
3051,0,41,1,1,4,1,1,3034,2100,2067
3052,0,35,1,4,4,1,1,3017,2181,2072
3053,0,43,0,0,4,1,1,2996,2087,-1
3055,0,41,1,0,4,1,1,2974,2096,2070
3056,0,42,0,0,4,1,0,3037,2187,-1
3058,0,39,1,0,4,1,1,3011,2103,2074
3061,0,41,0,0,4,1,1,3009,2096,-1
3062,0,40,1,1,4,1,1,2783,2137,2082
3063,0,36,0,0,4,1,1,3007,2102,-1
3064,0,42,0,0,4,1,1,3055,2096,-1
3065,0,42,1,1,4,1,1,3051,2123,2080
3067,0,41,0,0,4,1,1,3004,2096,-1
3068,0,39,1,0,4,1,1,2935,2113,2104
3071,0,36,1,0,4,1,1,3052,2122,2092
3073,0,39,0,0,4,1,1,2845,2107,-1
3074,0,40,0,0,4,1,1,3058,2103,-1
3075,0,41,0,0,4,1,1,2974,2100,-1
3077,0,44,1,6,4,1,1,3030,2319,2082
3078,0,35,0,0,4,1,1,3017,2113,-1
3082,0,39,0,0,4,1,1,3011,2109,-1
3083,0,40,0,0,4,1,1,2831,2111,-1
3085,0,43,1,2,4,1,1,3026,2142,2094
3086,0,41,1,0,4,1,1,3062,2130,2089
3087,0,41,1,1,4,1,1,3034,2163,2098
3090,0,44,0,0,4,1,1,3030,2109,-1
3091,0,41,1,0,4,1,1,3046,2125,2093
3092,0,40,0,0,4,1,1,2783,2105,-1
3094,0,43,0,0,4,1,1,2960,2136,-1
3095,0,43,1,0,4,1,1,3065,2136,2101
3097,0,40,0,0,4,1,1,3024,2128,-1
3099,0,44,1,4,4,1,1,3048,2244,2109
3100,0,41,0,0,4,1,1,3062,2137,-1
3103,0,37,0,0,4,1,1,3071,2122,-1
3104,0,44,1,0,4,1,1,3085,2128,2102
3107,0,42,0,0,4,1,1,3086,2116,-1
3108,0,41,0,0,4,1,0,3040,2155,-1
3110,0,36,1,1,4,1,1,3052,2145,2105
3111,0,45,1,0,4,1,1,3077,2150,2109
3114,0,43,0,0,4,1,1,3026,2139,-1
3115,0,44,0,0,4,1,1,3095,2136,-1
3116,0,40,1,3,4,1,1,2998,2201,2106
3119,0,41,0,0,4,1,1,3046,2128,-1
3120,0,41,1,4,4,1,1,3034,2244,2108
3123,0,37,1,1,4,1,1,3110,2178,2111
3125,0,41,1,2,4,1,1,3116,2221,2129
3126,0,42,1,0,4,1,1,3087,2149,2122
3128,0,44,1,0,4,1,1,3085,2156,2114
3131,0,46,0,0,4,1,1,3111,2148,-1
3132,0,45,1,1,4,1,1,3099,2178,2128
3133,0,39,1,1,4,1,1,2935,2220,2150
3134,0,36,1,1,4,1,1,3052,2173,2115
3135,0,44,0,0,4,1,1,3030,2144,-1
3136,0,38,1,1,4,1,1,3123,2245,2142
3138,0,40,1,0,4,1,1,2998,2163,2117
3139,0,41,1,0,4,1,1,3049,2164,2117
3141,0,45,0,0,4,1,1,3128,2156,-1
3142,0,41,1,1,4,1,1,3034,2163,2124
3143,0,44,0,0,4,1,1,3048,2138,-1
3144,0,37,1,1,4,1,1,3134,2175,2133
3145,0,45,0,0,4,1,1,3077,2142,-1
3146,0,37,0,0,4,1,1,3110,2145,-1
3148,0,36,1,3,4,1,1,3052,2280,2147
3152,0,40,1,0,4,1,1,2998,2147,2130
3153,0,41,0,0,4,1,1,3049,2152,-1
3155,0,42,1,0,4,1,1,3120,2175,2132
3157,0,42,1,1,4,1,1,3142,2210,2135
3158,0,42,0,0,4,1,1,3087,2163,-1
3162,0,46,1,2,4,1,1,3132,2252,2144
3163,0,42,0,0,4,1,1,3139,2152,-1
3164,0,43,0,0,4,1,1,3155,2157,-1
3165,0,38,1,4,4,1,1,3144,2230,2144
3166,0,45,1,4,4,1,1,3099,2355,2169
3167,0,40,1,0,4,1,1,2998,2169,2144
3168,0,41,1,1,4,1,1,3116,2240,2141
3170,0,41,0,0,4,1,1,3138,2163,-1
3173,0,42,0,0,4,1,1,3125,2168,-1
3175,0,37,0,0,4,1,1,3134,2173,-1
3176,0,42,1,2,4,1,1,3120,2235,2177
3177,0,42,1,0,4,1,1,3168,2225,2175
3178,0,42,0,0,4,1,1,3142,2163,-1
3182,0,39,1,0,4,1,1,3165,2192,2168
3183,0,41,0,0,4,1,1,3167,2169,-1
3184,0,47,1,1,4,1,1,3162,2269,2208
3187,0,37,1,1,4,1,1,3148,2208,2152
3188,0,41,1,4,4,1,1,3116,2378,2152
3189,0,38,0,0,4,1,1,3123,2178,-1
3193,0,40,1,0,4,1,1,3133,2177,2155
3194,0,38,0,0,4,1,1,3144,2175,-1
3195,0,40,1,0,4,1,1,2998,2231,2163
3196,0,41,0,0,4,1,1,3034,2212,-1
3197,0,46,0,0,4,1,1,3132,2178,-1
3198,0,38,1,0,4,1,1,3187,2209,2170
3201,0,36,0,0,4,1,1,3052,2175,-1
3203,0,41,0,0,4,1,1,3193,2177,-1
3204,0,43,1,0,4,1,1,3157,2192,2179
3206,0,41,0,0,4,1,1,3116,2201,-1
3212,0,39,1,0,4,1,1,3136,2231,2174
3213,0,45,1,0,4,1,1,3077,2214,2194
3214,0,37,1,0,4,1,1,3148,2229,2199
3215,0,40,0,0,3,1,0,3182,2192,-1
3216,0,42,1,0,4,1,1,3125,2212,2177
3217,0,46,1,1,4,1,1,3166,2237,2180
3218,0,40,1,1,4,1,1,2998,2224,2174
3219,0,39,0,0,4,1,1,3198,2193,-1
3221,0,40,0,0,4,1,1,3133,2193,-1
3223,0,40,0,0,4,1,1,3212,2231,-1
3224,0,41,0,0,5,1,0,3195,2231,-1
3225,0,41,1,0,3,1,0,3218,2230,2190
3226,0,39,1,0,4,1,1,3165,2242,2179
3229,0,45,1,0,3,1,0,3099,2198,2179
3230,0,38,0,0,4,1,1,3187,2199,-1
3233,0,43,1,0,4,1,1,3176,2225,2195
3234,0,43,0,0,4,1,1,3216,2212,-1
3237,0,40,0,0,4,1,1,2998,2201,-1
3238,0,39,0,0,4,1,1,3136,2215,-1
3239,0,42,0,0,4,1,1,3168,2203,-1
3241,0,42,1,0,4,1,1,3125,2232,2188
3242,0,42,1,1,4,1,1,3120,2246,2197
3243,0,45,1,0,4,1,1,3099,2232,2211
3244,0,39,1,4,4,1,1,3165,2296,2196
3246,0,42,1,1,4,1,1,3188,2286,2195
3247,0,46,1,1,4,1,1,3166,2307,2203
3251,0,43,1,1,4,1,1,3246,2281,2215
3252,0,44,0,0,4,1,1,3233,2225,-1
3253,0,41,0,0,4,1,1,3218,2224,-1
3254,0,40,1,3,4,1,1,3244,2368,2216
3255,0,43,1,1,4,1,1,3242,2254,2210
3256,0,39,0,0,4,1,1,2935,2226,-1
3258,0,38,0,0,4,1,1,3214,2229,-1
3259,0,45,1,4,4,1,1,3077,2292,2211
3263,0,42,1,1,4,1,1,3188,2314,2267
3264,0,43,1,0,4,1,1,3176,2231,2206
3265,0,39,1,0,4,1,1,3165,2241,2214
3266,0,42,1,1,4,1,1,3120,2258,2225
3267,0,47,1,4,4,1,1,3217,2436,2208
3268,0,42,0,0,3,1,0,3225,2230,-1
3269,0,37,1,0,4,1,1,3148,2314,2222
3270,0,42,0,0,4,1,1,3168,2240,-1
3271,0,40,0,0,4,1,1,3226,2242,-1
3274,0,47,1,0,4,1,1,3247,2312,2215
3276,0,44,1,7,4,1,1,3255,2362,2224
3277,0,46,1,1,4,1,1,3259,2263,2218
3280,0,43,0,0,4,1,1,3176,2235,-1
3282,0,47,1,2,4,1,1,3162,2268,2219
3283,0,40,0,0,4,1,1,3265,2241,-1
3284,0,43,0,0,4,1,1,3242,2246,-1
3285,0,48,0,0,9,1,0,3274,2312,-1
3286,0,47,0,0,4,1,1,3217,2237,-1
3287,0,46,1,2,4,1,1,3166,2387,2266
3289,0,45,0,0,4,1,1,3099,2244,-1
3292,0,47,0,0,4,1,1,3247,2246,-1
3293,0,38,0,0,4,1,1,3269,2259,-1
3295,0,45,1,0,4,1,1,3276,2272,2231
3296,0,47,1,0,4,1,1,3277,2302,2230
3299,0,47,0,0,4,1,1,3162,2245,-1
3300,0,43,1,0,4,1,1,3266,2248,2231
3303,0,40,1,2,4,1,1,3244,2277,2233
3304,0,48,1,1,4,1,1,3282,2295,2233
3308,0,44,0,0,4,1,1,3300,2248,-1
3313,0,41,1,4,4,1,1,3254,2434,2268
3314,0,49,1,1,4,1,1,3304,2301,2246
3315,0,41,1,0,4,1,1,3303,2293,2239
3316,0,48,1,1,4,1,1,3267,2301,2269
3318,0,46,1,0,4,1,1,3259,2270,2240
3319,0,47,0,0,4,1,1,3277,2263,-1
3320,0,45,1,0,4,1,1,3276,2303,2242
3322,0,48,1,0,4,1,1,3184,2297,2246
3323,0,46,0,0,4,1,1,3295,2272,-1
3324,0,42,0,0,4,1,1,3315,2293,-1
3325,0,40,1,0,4,1,1,3244,2292,2244
3326,0,48,1,0,5,1,0,3282,2313,2250
3327,0,47,0,0,4,1,1,3318,2265,-1
3330,0,43,0,0,4,1,1,3246,2283,-1
3331,0,46,0,0,4,1,1,3320,2262,-1
3335,0,48,0,0,4,1,1,3296,2302,-1
3337,0,41,1,0,4,1,1,3303,2310,2250
3338,0,46,1,0,4,1,1,3259,2271,2250
3339,0,44,1,0,4,1,1,3251,2278,2251
3342,0,49,0,0,4,1,1,3322,2294,-1
3343,0,45,1,3,4,1,1,3077,2338,2252
3344,0,45,1,0,4,1,1,3276,2303,2256
3346,0,37,0,0,4,1,1,3148,2280,-1
3347,0,40,1,1,4,1,1,3244,2289,2255
3348,0,47,0,0,4,1,1,3338,2271,-1
3349,0,46,1,0,4,1,1,3343,2320,2258
3351,0,50,1,0,4,1,1,3314,2295,2259
3353,0,46,0,0,4,1,1,3344,2303,-1
3354,0,45,0,0,4,1,1,3339,2278,-1
3355,0,46,1,0,4,1,1,3259,2294,2261
3356,0,41,1,1,4,1,1,3347,2401,2261
3358,0,45,1,2,4,1,1,3077,2351,2275
3359,0,51,0,0,4,1,1,3351,2283,-1
3360,0,41,0,0,4,1,1,3325,2292,-1
3361,0,40,0,0,4,1,1,3244,2296,-1
3363,0,45,1,0,4,1,1,3276,2317,2268
3364,0,46,1,2,4,1,1,3343,2385,2285
3365,0,47,0,0,4,1,1,3247,2297,-1
3367,0,41,0,0,4,1,1,3347,2289,-1
3369,0,42,1,0,4,1,1,3313,2311,2274
3371,0,50,0,0,4,1,1,3314,2301,-1
3372,0,49,1,0,4,1,1,3316,2323,2276
3373,0,49,0,0,5,1,0,3326,2297,-1
3374,0,42,1,0,4,1,1,3188,2337,2280
3375,0,46,1,1,4,1,1,3166,2355,2301
3377,0,43,1,0,4,1,1,3263,2339,2291
3379,0,48,1,0,4,1,1,3267,2322,2299
3381,0,45,1,2,4,1,1,3276,2339,2287
3382,0,42,1,0,4,1,1,3313,2304,2286
3384,0,45,1,0,4,1,1,3077,2339,2287
3385,0,42,0,0,4,1,1,3337,2310,-1
3386,0,46,1,3,4,1,1,3358,2517,2288
3387,0,46,0,0,4,1,1,3320,2303,-1
3389,0,42,1,0,4,1,1,3188,2333,2306
3391,0,47,1,0,4,1,1,3287,2326,2296
3392,0,47,0,0,4,1,1,3349,2310,-1
3394,0,46,1,1,4,1,1,3343,2355,2314
3396,0,46,0,0,4,1,1,3363,2317,-1
3397,0,43,0,0,4,1,1,3369,2311,-1
3399,0,45,0,0,4,1,1,3077,2313,-1
3400,0,43,0,0,4,1,1,3374,2337,-1
3401,0,46,1,1,4,1,1,3381,2376,2299
3403,0,41,1,2,4,1,1,3254,2341,2300
3405,0,45,1,1,4,1,1,3276,2369,2310
3406,0,42,1,3,4,1,1,3313,2438,2341
3408,0,46,1,3,4,1,1,3358,2420,2313
3411,0,46,0,0,4,1,1,3384,2339,-1
3412,0,48,0,0,4,1,1,3391,2326,-1
3413,0,49,0,0,4,1,1,3379,2322,-1
3414,0,42,1,1,4,1,1,3403,2360,2305
3416,0,47,1,0,4,1,1,3401,2348,2313
3417,0,47,1,3,4,1,1,3375,2434,2306
3420,0,47,0,0,4,1,1,3287,2328,-1
3422,0,47,1,3,4,1,1,3386,2436,2363
3424,0,43,1,1,4,1,1,3414,2365,2313
3425,0,46,1,0,4,1,1,3381,2340,2310
3426,0,48,1,0,4,1,1,3267,2347,2313
3427,0,47,1,0,4,1,1,3364,2344,2319
3428,0,42,1,1,4,1,1,3356,2433,2368
3430,0,43,0,0,4,1,1,3389,2333,-1
3431,0,48,1,1,4,1,1,3417,2400,2327
3432,0,46,0,0,4,1,1,3166,2355,-1
3433,0,41,1,2,4,1,1,3254,2420,2334
3434,0,46,1,0,4,1,1,3405,2363,2339
3436,0,42,1,0,4,1,1,3403,2333,2319
3438,0,47,0,0,4,1,1,3425,2333,-1
3441,0,47,0,0,4,1,1,3375,2355,-1
3442,0,49,0,0,4,1,1,3426,2347,-1
3444,0,47,1,0,4,1,1,3394,2364,2319
3447,0,47,1,3,4,1,1,3408,2440,2366
3448,0,42,0,0,4,1,1,3188,2371,-1
3449,0,46,0,0,4,1,1,3381,2339,-1
3451,0,46,0,0,4,1,1,3358,2351,-1
3454,0,48,0,0,4,1,1,3416,2348,-1
3456,0,48,1,1,4,1,1,3267,2404,2336
3458,0,48,0,0,4,1,1,3444,2364,-1
3459,0,47,0,0,4,1,1,3394,2355,-1
3460,0,47,1,0,4,1,1,3364,2376,2338
3462,0,44,1,1,4,1,1,3424,2371,2334
3463,0,49,1,0,4,1,1,3431,2428,2332
3464,0,45,1,0,4,1,1,3276,2368,2342
3469,0,48,1,1,4,1,1,3417,2439,2362
3470,0,45,1,1,4,1,1,3462,2372,2339
3471,0,47,1,0,4,1,1,3287,2383,2340
3474,0,49,0,0,4,1,1,3431,2400,-1
3476,0,50,0,0,4,1,1,3463,2428,-1
3477,0,48,0,0,4,1,1,3460,2376,-1
3480,0,46,1,0,4,1,1,3470,2398,2351
3482,0,44,0,0,4,1,1,3424,2365,-1
3486,0,43,1,4,4,1,1,3406,2476,2346
3487,0,46,0,0,4,1,1,3464,2363,-1
3488,0,48,0,0,4,1,1,3471,2383,-1
3489,0,48,0,0,4,1,1,3267,2381,-1
3490,0,47,0,0,4,1,1,3364,2379,-1
3491,0,46,0,0,4,1,1,3405,2368,-1
3492,0,45,0,0,4,1,1,3462,2367,-1
3493,0,44,1,0,4,1,1,3486,2425,2371
3494,0,47,0,0,4,1,1,3287,2387,-1
3496,0,42,1,1,4,1,1,3433,2468,2367
3497,0,43,1,1,4,1,1,3406,2400,2357
3501,0,42,1,4,4,1,1,3313,2464,2367
3502,0,44,1,2,4,1,1,3497,2524,2373
3503,0,49,1,0,4,1,1,3456,2387,2365
3507,0,49,1,0,4,1,1,3469,2473,2403
3508,0,48,1,0,4,1,1,3422,2417,2368
3512,0,48,1,0,4,1,1,3447,2403,2375
3517,0,49,0,0,4,1,1,3508,2403,-1
3518,0,48,1,2,4,1,1,3417,2473,2376
3519,0,43,1,1,4,1,1,3428,2442,2373
3521,0,43,1,0,4,1,1,3406,2405,2376
3522,0,47,1,0,4,1,1,3386,2396,2374
3524,0,47,0,0,4,1,1,3480,2398,-1
3525,0,43,1,0,4,1,1,3496,2476,2432
3526,0,47,1,0,4,1,1,3408,2416,2376
3528,0,42,1,0,4,1,1,3433,2424,2388
3529,0,42,0,0,4,1,0,3313,2426,-1
3530,0,45,1,2,4,1,1,3502,2439,2378
3531,0,44,1,0,4,1,1,3519,2441,2381
3532,0,48,0,0,4,1,1,3522,2396,-1
3533,0,48,1,2,4,1,1,3422,2457,2387
3534,0,45,0,0,4,1,1,3493,2425,-1
3537,0,44,0,0,4,1,1,3521,2405,-1
3538,0,44,1,1,4,1,1,3486,2499,2402
3539,0,44,0,0,4,1,1,3497,2400,-1
3540,0,43,0,0,4,1,1,3428,2402,-1
3541,0,48,1,1,4,1,1,3447,2447,2385
3542,0,49,0,0,4,1,1,3512,2403,-1
3543,0,43,0,0,4,1,1,3406,2438,-1
3545,0,47,1,0,4,1,1,3408,2414,2387
3546,0,46,1,6,4,1,1,3530,2620,2393
3547,0,49,1,0,4,1,1,3541,2434,2406
3548,0,47,1,2,4,1,1,3386,2494,2434
3552,0,48,0,0,4,1,1,3545,2414,-1
3553,0,43,1,1,4,1,1,3501,2456,2393
3554,0,43,0,0,4,1,1,3528,2424,-1
3555,0,48,1,4,4,1,1,3447,2498,2396
3556,0,47,0,0,4,1,1,3408,2420,-1
3557,0,48,1,0,4,1,1,3422,2436,2398
3559,0,44,1,2,4,1,1,3553,2483,2421
3561,0,49,1,1,4,1,1,3533,2486,2415
3562,0,49,1,0,4,1,1,3555,2429,2407
3564,0,42,0,0,4,1,1,3433,2420,-1
3565,0,43,1,0,4,1,1,3501,2428,2404
3567,0,48,0,0,4,1,1,3267,2436,-1
3568,0,46,1,0,4,1,1,3530,2429,2405
3571,0,45,0,0,4,1,1,3531,2441,-1
3575,0,50,0,0,4,1,1,3507,2427,-1
3576,0,44,0,0,4,1,1,3565,2428,-1
3578,0,45,1,0,4,1,1,3502,2501,2485
3579,0,48,0,0,4,1,1,3447,2440,-1
3580,0,43,0,0,4,1,1,3428,2433,-1
3581,0,45,1,4,4,1,1,3538,2579,2462
3582,0,50,0,0,4,1,1,3547,2434,-1
3583,0,50,0,0,4,1,1,3562,2429,-1
3584,0,44,1,0,4,1,1,3486,2435,2414
3586,0,43,1,0,4,1,1,3501,2439,2419
3588,0,46,0,0,4,1,1,3530,2438,-1
3590,0,48,0,0,4,1,1,3422,2436,-1
3593,0,49,0,0,4,1,1,3541,2441,-1
3595,0,44,1,1,4,1,1,3486,2532,2426
3596,0,49,1,2,4,1,1,3555,2505,2437
3597,0,45,1,0,4,1,1,3559,2456,2428
3599,0,50,1,0,4,1,1,3561,2471,2444
3602,0,47,1,0,4,1,1,3546,2497,2437
3603,0,45,1,0,4,1,1,3595,2506,2466
3604,0,49,1,1,4,1,1,3518,2573,2434
3605,0,43,1,0,4,1,1,3501,2473,2435
3607,0,44,0,0,4,1,1,3553,2456,-1
3608,0,49,1,5,4,1,1,3533,2650,2440
3612,0,44,0,0,4,1,1,3525,2476,-1
3614,0,44,0,0,4,1,1,3486,2475,-1
3617,0,45,1,3,4,1,1,3559,2557,2442
3618,0,48,1,1,4,1,1,3548,2466,2443
3619,0,44,0,0,4,1,1,3605,2473,-1
3620,0,50,0,0,4,1,1,3507,2464,-1
3622,0,50,1,8,4,1,1,3604,2637,2470
3626,0,48,0,0,4,1,1,3602,2497,-1
3630,0,49,1,0,4,1,1,3518,2477,2444
3631,0,43,0,0,4,1,1,3496,2468,-1
3634,0,43,0,0,4,1,1,3501,2464,-1
3636,0,46,1,2,4,1,1,3617,2525,2463
3637,0,49,1,0,4,1,1,3618,2466,2449
3638,0,50,1,1,4,1,1,3596,2481,2448
3639,0,47,1,0,4,1,1,3546,2499,2461
3640,0,49,1,0,4,1,1,3555,2478,2448
3641,0,50,1,4,4,1,1,3608,2628,2461
3642,0,51,0,0,4,1,1,3599,2463,-1
3643,0,50,0,0,4,1,1,3630,2477,-1
3645,0,51,1,0,4,1,1,3638,2472,2454
3646,0,50,0,0,4,1,1,3640,2478,-1
3647,0,45,0,0,4,1,1,3559,2483,-1
3648,0,49,0,0,4,1,1,3518,2473,-1
3649,0,47,0,0,4,1,1,3386,2517,-1
3650,0,50,1,1,4,1,1,3596,2528,2471
3651,0,49,1,1,4,1,1,3555,2535,2471
3657,0,48,1,1,4,1,1,3548,2523,2464
3658,0,51,0,0,4,1,1,3638,2481,-1
3659,0,51,1,0,4,1,1,3641,2518,2493
3660,0,46,1,2,4,1,1,3581,2546,2507
3663,0,47,1,0,4,1,1,3636,2535,2484
3664,0,49,1,0,4,1,1,3657,2513,2473
3668,0,46,0,0,4,1,1,3603,2506,-1
3669,0,50,1,0,4,1,1,3608,2501,2472
3672,0,47,1,4,4,1,1,3546,2659,2473
3673,0,46,1,0,4,1,1,3617,2506,2474
3674,0,51,1,0,4,1,1,3622,2504,2476
3675,0,45,0,0,4,1,1,3538,2499,-1
3676,0,48,0,0,4,1,1,3548,2494,-1
3677,0,50,1,1,4,1,1,3651,2529,2502
3680,0,51,1,1,4,1,1,3650,2517,2476
3681,0,48,1,2,4,1,1,3672,2589,2546
3683,0,47,0,0,4,1,1,3673,2506,-1
3686,0,50,0,0,4,1,1,3604,2573,-1
3687,0,52,0,0,4,1,1,3674,2504,-1
3688,0,52,1,1,4,1,1,3680,2510,2486
3690,0,49,0,0,4,1,1,3555,2498,-1
3692,0,50,0,0,4,1,1,3664,2513,-1
3693,0,50,1,2,4,1,1,3608,2536,2490
3694,0,50,0,0,4,1,1,3596,2505,-1
3695,0,47,1,1,4,1,1,3546,2556,2484
3696,0,46,1,1,4,1,1,3617,2598,2532
3698,0,51,1,0,4,1,1,3622,2529,2487
3700,0,48,1,0,4,1,1,3695,2622,2531
3701,0,51,0,0,4,1,1,3650,2528,-1
3703,0,53,1,0,4,1,1,3688,2544,2492
3704,0,48,0,0,4,1,1,3663,2535,-1
3705,0,47,1,2,4,1,1,3636,2599,2494
3706,0,51,1,0,4,1,1,3693,2522,2495
3707,0,49,0,0,4,1,1,3657,2523,-1
3708,0,51,1,1,4,1,1,3622,2534,2498
3709,0,52,0,0,4,1,1,3659,2518,-1
3711,0,48,1,6,4,1,1,3705,2703,2499
3712,0,52,0,0,4,1,1,3706,2522,-1
3713,0,52,0,0,4,1,1,3698,2517,-1
3715,0,47,1,1,4,1,1,3546,2577,2502
3716,0,52,1,0,4,1,1,3708,2533,2503
3720,0,45,0,0,4,1,1,3595,2525,-1
3721,0,50,1,1,4,1,1,3608,2571,2517
3722,0,51,1,0,4,1,1,3641,2546,2522
3723,0,49,1,1,4,1,1,3711,2567,2528
3725,0,47,0,0,4,1,1,3636,2525,-1
3728,0,51,1,0,4,1,1,3693,2534,2506
3729,0,51,1,0,4,1,1,3677,2534,2507
3733,0,54,0,0,4,1,1,3703,2544,-1
3734,0,48,1,0,4,1,1,3715,2534,2509
3735,0,53,0,0,4,1,1,3716,2532,-1
3738,0,47,1,0,4,1,1,3660,2533,2512
3739,0,47,1,0,4,1,1,3546,2625,2585
3740,0,50,0,0,4,1,1,3651,2535,-1
3741,0,52,0,0,4,1,1,3708,2534,-1
3742,0,49,0,0,4,1,1,3734,2534,-1
3745,0,52,0,0,4,1,1,3729,2534,-1
3747,0,48,0,0,4,1,1,3738,2533,-1
3748,0,46,1,2,4,1,1,3581,2601,2520
3749,0,48,0,0,4,1,1,3715,2543,-1
3751,0,51,1,1,4,1,1,3721,2626,2533
3754,0,47,1,1,4,1,1,3660,2565,2523
3755,0,48,1,0,4,1,1,3705,2592,2550
3756,0,47,1,2,4,1,1,3748,2607,2534
3758,0,50,0,0,4,1,1,3608,2552,-1
3761,0,48,1,0,4,1,1,3754,2566,2536
3762,0,51,1,7,4,1,1,3622,2762,2539
3766,0,46,1,0,4,1,1,3581,2552,2531
3768,0,51,1,5,4,1,1,3641,2671,2533
3769,0,50,1,0,4,1,1,3723,2562,2547
3773,0,47,0,0,4,1,1,3660,2546,-1
3777,0,52,1,1,4,1,1,3768,2608,2564
3778,0,52,1,2,4,1,1,3751,2602,2538
3784,0,48,1,0,4,1,1,3756,2641,2540
3789,0,46,1,4,4,1,1,3581,2638,2549
3790,0,48,0,0,4,1,1,3695,2556,-1
3791,0,46,0,0,4,1,1,3617,2557,-1
3792,0,51,0,0,4,1,1,3641,2570,-1
3793,0,51,0,0,4,1,1,3721,2571,-1
3794,0,49,0,0,4,1,1,3784,2588,-1
3795,0,48,0,0,4,1,1,3754,2562,-1
3796,0,52,0,0,4,1,1,3751,2564,-1
3801,0,49,1,2,4,1,1,3681,2660,2551
3802,0,48,0,0,4,1,1,3715,2577,-1
3803,0,52,1,1,4,1,1,3762,2641,2590
3804,0,50,1,1,4,1,1,3801,2648,2575
3807,0,49,0,0,4,1,1,3755,2592,-1
3808,0,46,0,0,4,1,1,3581,2579,-1
3810,0,48,0,0,4,1,1,3705,2599,-1
3811,0,47,1,1,4,1,1,3748,2663,2571
3813,0,48,1,0,4,1,1,3756,2597,2570
3814,0,49,1,0,4,1,1,3681,2594,2563
3815,0,47,1,1,4,1,1,3789,2629,2565
3816,0,47,1,1,4,1,1,3696,2599,2564
3817,0,53,1,0,4,1,1,3778,2597,2568
3819,0,49,0,0,4,1,1,3700,2613,-1
3820,0,48,1,0,4,1,1,3816,2634,2573
3821,0,53,1,0,4,1,1,3777,2606,2571
3822,0,48,1,0,4,1,1,3672,2655,2574
3824,0,48,1,0,4,1,1,3815,2645,2575
3826,0,51,1,0,4,1,1,3622,2699,2572
3827,0,54,0,0,4,1,1,3817,2597,-1
3828,0,49,0,0,4,1,1,3813,2593,-1
3829,0,52,1,0,4,1,1,3768,2610,2575
3831,0,47,0,0,4,1,1,3696,2593,-1
3832,0,54,0,0,4,1,1,3821,2591,-1
3834,0,50,1,0,4,1,1,3608,2603,2576
3835,0,47,1,1,4,1,1,3789,2624,2576
3836,0,48,1,1,4,1,1,3811,2699,2635
3838,0,52,0,0,4,1,1,3826,2665,-1
3839,0,53,1,0,4,1,1,3778,2601,2579
3840,0,49,1,1,4,1,1,3711,2631,2592
3841,0,48,0,0,4,1,1,3756,2600,-1
3842,0,48,1,1,4,1,1,3835,2742,2594
3843,0,47,0,0,4,1,1,3748,2601,-1
3844,0,51,0,0,4,1,1,3834,2603,-1
3846,0,53,0,0,4,1,1,3777,2608,-1
3847,0,53,0,0,4,1,1,3829,2610,-1
3848,0,51,1,4,4,1,1,3622,2751,2583
3850,0,51,1,5,4,1,1,3641,2834,2590
3851,0,52,1,0,4,1,1,3768,2625,2586
3852,0,47,1,0,4,1,1,3789,2608,2588
3854,0,51,1,0,3,1,0,3804,2664,2601
3856,0,51,1,2,4,1,1,3622,2674,2596
3857,0,48,1,0,4,1,1,3672,2633,2603
3860,0,48,0,0,4,1,1,3739,2625,-1
3861,0,52,1,0,4,1,1,3768,2627,2601
3862,0,50,1,2,4,1,1,3801,2716,2619
3864,0,48,0,0,4,1,1,3815,2628,-1
3865,0,49,0,0,4,1,1,3784,2641,-1
3868,0,52,1,3,4,1,1,3762,2749,2601
3869,0,51,0,0,4,1,1,3641,2621,-1
3871,0,47,1,3,4,1,1,3789,2697,2603
3874,0,49,1,1,4,1,1,3711,2681,2604
3875,0,53,1,0,4,1,1,3803,2655,2604
3877,0,48,0,0,4,1,1,3835,2624,-1
3879,0,50,1,0,4,1,1,3840,2646,2605
3881,0,49,1,2,4,1,1,3842,2690,2606
3882,0,52,1,0,4,1,1,3848,2687,2636
3884,0,51,1,0,4,1,1,3622,2650,2607
3886,0,53,0,0,4,1,1,3851,2625,-1
3887,0,52,1,1,4,1,1,3856,2694,2608
3888,0,49,0,0,4,1,1,3857,2633,-1
3891,0,53,0,0,4,1,1,3861,2627,-1
3893,0,53,1,0,4,1,1,3868,2664,2611
3895,0,52,1,1,4,1,1,3768,2695,2644
3897,0,52,1,0,4,1,1,3762,2668,2615
3898,0,48,1,0,4,1,1,3672,2678,2633
3900,0,49,1,3,4,1,1,3711,2696,2615
3901,0,47,0,0,4,1,1,3789,2632,-1
3902,0,53,0,0,4,1,1,3803,2634,-1
3903,0,51,0,0,4,1,1,3622,2634,-1
3905,0,51,0,0,4,1,1,3804,2642,-1
3909,0,49,1,0,4,1,1,3711,2675,2651
3912,0,52,1,1,4,1,1,3762,2689,2629
3913,0,49,0,0,4,1,1,3822,2646,-1
3915,0,49,0,0,4,1,1,3824,2645,-1
3917,0,53,1,0,4,1,1,3868,2744,2707
3918,0,50,0,0,4,1,1,3801,2660,-1
3921,0,52,1,0,4,1,1,3850,2660,2632
3923,0,48,1,1,4,1,1,3871,2678,2632
3924,0,50,1,0,4,1,1,3874,2664,2633
3925,0,51,0,0,4,1,1,3879,2646,-1
3926,0,50,1,1,4,1,1,3881,2700,2633
3928,0,49,0,0,4,1,1,3842,2656,-1
3929,0,52,0,0,4,1,1,3884,2650,-1
3931,0,53,1,1,4,1,1,3887,2703,2661
3932,0,53,0,0,4,1,1,3897,2668,-1
3933,0,50,1,4,4,1,1,3900,2866,2637
3935,0,53,1,0,4,1,1,3912,2687,2656
3937,0,51,1,0,4,1,1,3862,2701,2678
3941,0,53,0,0,4,1,1,3921,2660,-1
3942,0,52,1,0,4,1,1,3856,2695,2649
3944,0,52,0,0,3,1,0,3854,2659,-1
3946,0,52,1,0,4,1,1,3762,2679,2655
3947,0,53,0,0,4,1,1,3882,2669,-1
3949,0,49,1,0,4,1,1,3836,2732,2666
3951,0,48,0,0,4,1,1,3811,2663,-1
3952,0,52,1,0,4,1,1,3850,2696,2661
3955,0,48,1,1,4,1,1,3871,2743,2653
3956,0,50,0,0,4,1,1,3874,2679,-1
3957,0,50,1,3,4,1,1,3881,2733,2650
3959,0,53,1,1,4,1,1,3895,2708,2651
3960,0,49,0,0,4,1,1,3898,2678,-1
3963,0,52,1,0,4,1,1,3848,2753,2700
3964,0,50,1,0,4,1,1,3900,2673,2654
3967,0,52,0,0,4,1,1,3768,2671,-1
3968,0,49,1,0,4,1,1,3923,2692,2655
3969,0,50,0,0,4,1,1,3909,2675,-1
3972,0,51,1,1,4,1,1,3933,2721,2666
3975,0,53,0,0,4,1,1,3942,2695,-1
3976,0,53,0,0,4,1,1,3895,2695,-1
3978,0,49,1,2,4,1,1,3955,2771,2699
3979,0,50,0,0,4,1,1,3881,2690,-1
3983,0,48,1,1,4,1,1,3871,2707,2666
3984,0,50,1,0,4,1,1,3900,2686,2665
3986,0,52,1,2,4,1,1,3762,2766,2668
3989,0,53,0,0,4,1,1,3912,2689,-1
3990,0,54,1,0,4,1,1,3931,2772,2670
3991,0,51,1,0,4,1,1,3957,2699,2669
3992,0,51,0,0,4,1,1,3984,2686,-1
3993,0,54,1,0,4,1,1,3959,2700,2678
3994,0,52,1,1,4,1,1,3972,2738,2672
3996,0,53,0,0,4,1,1,3887,2688,-1
3997,0,53,0,0,4,1,1,3952,2689,-1
3998,0,49,1,0,4,1,1,3983,2693,2677
4000,0,51,1,4,4,1,1,3926,2808,2676
4001,0,49,1,1,4,1,1,3711,2713,2678
4003,0,49,0,0,4,1,1,3836,2699,-1
4006,0,48,0,0,4,1,1,3871,2696,-1
4007,0,50,0,0,4,1,1,3900,2696,-1
4008,0,53,1,1,4,1,1,3986,2827,2693
4010,0,51,1,0,4,1,1,3957,2765,2682
4011,0,52,0,0,4,1,1,3972,2721,-1
4012,0,55,0,0,4,1,1,3993,2700,-1
4013,0,52,1,0,4,1,1,4000,2706,2684
4015,0,52,1,1,4,1,1,3762,2729,2693
4016,0,51,1,3,4,1,1,3862,2814,2689
4017,0,50,1,0,4,1,1,4001,2712,2695
4019,0,51,1,1,4,1,1,3933,2744,2707
4020,0,53,1,0,4,1,1,3994,2733,2708
4024,0,52,1,1,4,1,1,4000,2757,2695
4025,0,52,1,1,4,1,1,3850,2748,2704
4029,0,49,0,0,4,1,1,3842,2742,-1
4030,0,54,0,0,4,1,1,4008,2726,-1
4032,0,53,1,2,4,1,1,4015,2798,2701
4036,0,52,0,0,4,1,1,4010,2755,-1
4038,0,50,0,0,4,1,1,3949,2732,-1
4039,0,53,1,1,4,1,1,4024,2790,2705
4043,0,50,1,2,4,1,1,3978,2773,2726
4046,0,53,1,0,4,1,1,3986,2764,2733
4048,0,53,0,0,4,1,1,3963,2753,-1
4050,0,51,1,2,4,1,1,3957,2906,2706
4051,0,52,1,0,4,1,1,4000,2744,2706
4054,0,54,1,1,4,1,1,4032,2802,2732
4057,0,54,1,3,4,1,1,4039,2855,2712
4058,0,52,1,0,4,1,1,3848,2741,2711
4059,0,53,0,0,4,1,1,4051,2731,-1
4062,0,54,0,0,4,1,1,3917,2733,-1
4063,0,52,1,1,4,1,1,4019,2782,2712
4064,0,53,0,0,4,1,1,4015,2729,-1
4065,0,52,0,0,4,1,1,4050,2761,-1
4066,0,52,1,2,4,1,1,4016,2815,2713
4069,0,54,0,0,4,1,1,4020,2733,-1
4070,0,53,1,3,4,1,1,4025,2809,2715
4071,0,52,1,1,4,1,1,3850,2816,2736
4073,0,51,0,0,4,1,1,3957,2733,-1
4074,0,55,1,1,4,1,1,4057,2828,2767
4075,0,52,1,1,4,1,1,4000,2807,2766
4077,0,53,1,1,4,1,1,4066,2766,2736
4078,0,53,1,1,4,1,1,4063,2772,2720
4079,0,53,1,0,4,1,1,3868,2763,2718
4080,0,54,1,0,4,1,1,4070,2782,2741
4082,0,52,0,0,4,1,1,3762,2761,-1
4083,0,52,1,0,4,1,1,3848,2747,2722
4084,0,52,0,0,4,1,1,4019,2744,-1
4085,0,54,1,1,4,1,1,4078,2836,2738
4087,0,53,0,0,4,1,1,4025,2747,-1
4088,0,53,0,0,4,1,1,4024,2757,-1
4089,0,52,1,0,4,1,1,4016,2761,2737
4091,0,55,0,0,4,1,1,3990,2757,-1
4094,0,53,0,0,4,1,1,4063,2782,-1
4095,0,50,1,5,4,1,1,3978,2889,2737
4097,0,51,1,0,4,1,1,4043,2810,2739
4098,0,54,0,0,4,1,1,4046,2761,-1
4099,0,55,1,0,4,1,1,4054,2822,2771
4101,0,54,0,0,4,1,1,4079,2763,-1
4102,0,54,1,0,4,1,1,4008,2787,2770
4103,0,54,1,0,4,1,1,4077,2769,2748
4105,0,54,1,3,4,1,1,4032,2897,2767
4106,0,51,1,0,4,1,1,3933,2829,2765
4110,0,53,0,0,4,1,1,3986,2766,-1
4111,0,55,1,2,4,1,1,4085,2823,2750
4113,0,52,1,3,4,1,1,3850,2952,2792
4115,0,50,0,0,4,1,1,3978,2771,-1
4116,0,52,1,4,4,1,1,4016,2884,2771
4118,0,51,1,0,4,1,1,4043,2801,2750
4119,0,53,1,1,4,1,1,4066,2816,2751
4121,0,53,1,4,4,1,1,4071,3050,2769
4123,0,54,0,0,4,1,1,4078,2772,-1
4125,0,55,0,0,4,1,1,4103,2768,-1
4127,0,55,0,0,4,1,1,4080,2782,-1
4129,0,56,1,1,4,1,1,4111,2821,2759
4132,0,51,1,0,4,1,1,4095,2809,2770
4133,0,54,1,1,4,1,1,4070,2800,2765
4135,0,54,0,0,4,1,1,4039,2790,-1
4137,0,57,1,1,4,1,1,4129,2856,2766
4140,0,52,0,0,4,1,1,4097,2810,-1
4142,0,55,1,3,4,1,1,4133,2907,2770
4145,0,54,1,0,4,1,1,4119,2828,2772
4146,0,56,1,0,4,1,1,4111,2853,2796
4147,0,53,1,1,4,1,1,4075,2825,2771
4148,0,56,1,0,4,1,1,4074,2830,2776
4149,0,52,0,0,4,1,1,4050,2821,-1
4150,0,52,0,0,4,1,1,4118,2801,-1
4153,0,58,1,0,4,1,1,4137,2835,2793
4154,0,56,1,2,4,1,1,4142,2921,2797
4156,0,51,1,3,4,1,1,3933,2927,2794
4157,0,52,0,0,4,1,1,4132,2809,-1
4158,0,54,1,1,4,1,1,4070,2871,2776
4161,0,55,0,0,4,1,1,4145,2828,-1
4162,0,55,1,0,4,1,1,4057,2796,2777
4164,0,54,0,0,4,1,1,4032,2798,-1
4165,0,54,1,0,4,1,1,4147,2845,2793
4166,0,53,0,0,4,1,1,4071,2816,-1
4167,0,57,0,0,4,1,1,4148,2830,-1
4168,0,51,1,0,4,1,1,4095,2808,2780
4169,0,55,0,0,4,1,1,4133,2796,-1
4170,0,53,0,0,4,1,1,4075,2807,-1
4171,0,55,0,0,4,1,1,4054,2802,-1
4175,0,54,0,0,4,1,1,4008,2827,-1
4176,0,54,0,0,4,1,1,4070,2809,-1
4177,0,55,1,3,4,1,1,4057,2902,2806
4178,0,56,0,0,4,1,1,4099,2822,-1
4182,0,56,0,0,4,1,1,4074,2827,-1
4183,0,51,1,0,4,1,1,4095,2835,2795
4184,0,55,1,0,4,1,1,4105,2862,2804
4188,0,53,1,0,4,1,1,4113,2863,2827
4189,0,54,0,0,4,1,1,4119,2816,-1
4191,0,54,0,0,4,1,1,4121,2827,-1
4192,0,52,0,0,4,1,1,3850,2819,-1
4194,0,57,0,0,4,1,1,4129,2821,-1
4196,0,51,1,0,4,1,1,4095,2858,2806
4197,0,54,0,0,4,1,1,4147,2825,-1
4200,0,56,0,0,4,1,1,4111,2822,-1
4201,0,52,0,0,4,1,1,4106,2829,-1
4202,0,56,1,0,4,1,1,4142,2837,2811
4205,0,59,0,0,4,1,1,4153,2834,-1
4206,0,53,1,0,4,1,1,4116,2847,2813
4207,0,57,1,2,4,1,1,4154,2967,2831
4208,0,55,1,0,4,1,0,4158,2836,2814
4210,0,55,0,0,4,1,1,4165,2845,-1
4213,0,56,1,2,4,1,1,4177,2884,2821
4214,0,55,0,0,4,1,1,4057,2855,-1
4215,0,52,0,0,4,1,1,4183,2835,-1
4216,0,54,0,0,4,1,1,4206,2847,-1
4218,0,57,0,0,4,1,1,4202,2837,-1
4220,0,56,0,0,4,1,0,4208,2836,-1
4223,0,57,0,0,4,1,1,4146,2853,-1
4224,0,56,1,2,4,1,1,4142,2864,2822
4225,0,51,1,3,4,1,1,4095,2919,2838
4226,0,53,1,2,4,1,1,4116,2885,2831
4227,0,52,1,2,4,1,1,4156,2895,2826
4230,0,57,1,0,4,1,1,4213,2889,2838
4232,0,57,1,0,4,1,1,4224,2877,2828
4233,0,56,0,0,4,1,1,4184,2862,-1
4236,0,51,0,0,4,1,1,3933,2866,-1
4237,0,58,0,0,4,1,1,4137,2856,-1
4238,0,53,1,2,4,1,1,4227,2925,2862
4241,0,55,1,3,4,1,1,4105,2963,2831
4244,0,52,1,0,4,1,1,4050,2860,2834
4245,0,54,0,0,4,1,1,4188,2851,-1
4249,0,56,0,0,4,1,1,4142,2907,-1
4251,0,54,1,0,4,1,1,4226,2869,2842
4252,0,52,1,0,4,1,1,4156,2877,2859
4253,0,52,0,0,4,1,1,4196,2858,-1
4254,0,53,1,0,4,1,1,4113,2898,2838
4256,0,57,1,0,4,1,1,4224,2857,2838
4257,0,53,0,0,4,1,1,4244,2860,-1
4261,0,58,1,0,4,1,1,4207,2924,2873
4263,0,56,1,2,4,1,1,4177,2949,2866
4267,0,56,0,0,4,1,1,4241,2862,-1
4268,0,53,1,0,4,1,1,4116,2862,2842
4269,0,57,1,0,4,1,1,4154,2901,2842
4270,0,55,1,3,4,1,1,4105,2923,2842
4271,0,52,1,0,4,1,1,4225,2906,2843
4272,0,52,1,3,4,1,1,4050,2981,2869
4273,0,55,0,0,4,1,1,4158,2871,-1
4274,0,54,0,0,4,1,1,4254,2863,-1
4275,0,58,0,0,4,1,1,4230,2876,-1
4276,0,57,1,5,4,1,1,4213,3008,2852
4277,0,57,0,0,4,1,1,4224,2864,-1
4280,0,56,1,1,4,1,1,4270,2905,2863
4281,0,53,1,0,4,1,1,4113,2924,2867
4282,0,53,1,0,4,1,1,4116,2877,2853
4283,0,57,0,0,4,1,1,4154,2883,-1
4284,0,55,0,0,4,1,1,4105,2897,-1
4285,0,52,1,1,4,1,1,4225,2936,2857
4286,0,54,1,1,4,1,1,4121,2898,2859
4287,0,54,1,1,4,1,1,4226,2932,2858
4290,0,58,0,0,4,1,1,4269,2901,-1
4292,0,53,1,0,4,1,1,4285,2889,2862
4293,0,57,0,0,4,1,1,4213,2884,-1
4295,0,53,0,0,4,1,1,4116,2884,-1
4296,0,55,1,0,4,1,1,4286,2921,2876
4297,0,53,0,0,4,1,1,4271,2906,-1
4301,0,54,1,0,4,1,1,4238,2894,2867
4302,0,57,1,1,4,1,1,4280,2968,2868
4305,0,54,0,0,4,1,1,4226,2885,-1
4308,0,52,1,1,4,1,1,4156,2951,2895
4309,0,52,1,1,4,1,1,4225,2932,2870
4310,0,54,1,1,4,1,1,4121,2901,2871
4311,0,55,0,0,4,1,1,4301,2891,-1
4312,0,54,0,0,4,1,1,4281,2890,-1
4313,0,58,1,1,4,1,1,4276,3033,2893
4314,0,58,1,0,4,1,1,4302,2900,2872
4315,0,55,1,1,4,1,1,4287,2955,2875
4316,0,53,1,0,4,1,1,4227,2906,2875
4318,0,53,1,0,4,1,1,4309,2964,2889
4320,0,55,1,0,4,1,1,4310,2906,2876
4321,0,57,1,0,4,1,1,4263,2918,2905
4322,0,56,1,10,4,1,1,4177,3140,2880
4323,0,52,0,0,4,1,1,4050,2906,-1
4325,0,52,0,0,4,1,1,4225,2919,-1
4328,0,59,0,0,4,1,1,4261,2924,-1
4329,0,54,1,2,4,1,1,4238,2954,2891
4330,0,54,1,1,4,1,1,4121,2959,2903
4332,0,56,1,2,4,1,1,4270,2999,2889
4333,0,53,1,0,4,1,1,4272,2934,2902
4334,0,57,0,0,4,1,1,4280,2904,-1
4336,0,58,1,0,4,1,1,4207,2937,2908
4337,0,53,0,0,4,1,1,4113,2952,-1
4339,0,53,0,0,4,1,1,4285,2936,-1
4341,0,55,0,0,4,1,1,4287,2932,-1
4343,0,56,1,0,4,1,1,4315,3000,2924
4344,0,57,1,1,4,1,1,4332,2968,2905
4346,0,58,0,0,4,1,1,4302,2963,-1
4347,0,56,1,0,4,1,1,4241,2962,2903
4349,0,54,0,0,4,1,1,4281,2924,-1
4352,0,56,1,0,4,1,1,4270,2927,2901
4353,0,55,1,1,4,1,1,4329,2981,2902
4357,0,54,0,0,4,1,1,4238,2925,-1
4358,0,58,1,0,4,1,1,4276,2955,2904
4361,0,53,0,0,4,1,1,4309,2932,-1
4362,0,52,0,0,4,1,1,4156,2927,-1
4364,0,59,1,1,4,1,1,4313,2970,2932
4366,0,56,1,2,4,1,1,4353,3038,2922
4367,0,55,1,1,4,1,1,4330,2972,2917
4368,0,54,0,0,4,1,1,4333,2924,-1
4370,0,57,0,0,4,1,1,4347,2941,-1
4374,0,59,0,0,4,1,1,4336,2937,-1
4375,0,55,1,0,4,1,1,4329,2934,2913
4376,0,53,1,2,4,1,1,4272,2996,2932
4377,0,54,1,0,3,1,0,4121,2948,2934
4378,0,58,0,0,4,1,1,4276,2945,-1
4379,0,57,1,0,4,1,1,4263,2981,2915
4380,0,56,1,1,4,1,1,4241,3033,2933
4381,0,58,0,0,4,1,1,4207,2958,-1
4382,0,57,1,1,4,1,1,4332,2996,2943
4384,0,54,0,0,4,1,1,4318,2964,-1
4386,0,56,1,1,4,1,1,4367,2974,2931
4389,0,53,1,0,4,1,1,4308,2978,2926
4390,0,57,1,0,4,1,1,4366,2951,2927
4393,0,58,1,0,4,1,1,4344,2990,2955
4398,0,57,0,0,4,1,1,4343,3000,-1
4399,0,54,0,0,4,1,1,4389,2978,-1
4402,0,58,0,0,4,1,1,4390,2951,-1
4403,0,56,0,0,4,1,1,4353,2981,-1
4404,0,56,0,0,4,1,1,4315,2955,-1
4405,0,57,1,4,4,1,1,4386,3061,2941
4406,0,57,1,6,4,1,1,4322,3113,2936
4408,0,54,1,0,4,1,1,4376,2955,2936
4409,0,60,1,0,4,1,1,4364,2962,2937
4411,0,53,0,0,4,1,1,4308,2951,-1
4412,0,57,1,0,4,1,1,4380,2982,2958
4413,0,55,0,0,4,1,1,4330,2959,-1
4415,0,57,1,3,4,1,1,4366,3055,2995
4416,0,59,0,0,4,1,1,4358,2955,-1
4418,0,55,0,0,4,1,1,4408,2955,-1
4419,0,61,0,0,4,1,1,4409,2962,-1
4420,0,53,1,1,4,1,1,4272,3040,2953
4421,0,59,0,0,4,1,1,4313,3033,-1
4422,0,56,0,0,4,1,1,4367,2972,-1
4423,0,56,1,1,4,1,1,4241,3016,2945
4424,0,54,0,0,4,1,1,4121,2971,-1
4425,0,58,1,0,4,1,1,4405,2989,2966
4426,0,57,1,0,4,1,1,4322,2980,2952
4428,0,60,0,0,4,1,1,4364,2968,-1
4430,0,57,0,0,4,1,1,4332,2999,-1
4432,0,54,1,2,4,1,1,4376,2996,2961
4433,0,57,0,0,4,1,1,4386,2971,-1
4435,0,58,1,0,4,1,1,4406,3037,2968
4436,0,58,0,0,4,1,1,4426,2980,-1
4438,0,57,1,0,4,1,1,4423,2984,2961
4440,0,59,0,0,4,1,1,4393,2989,-1
4444,0,58,1,0,4,1,1,4276,2995,2960
4445,0,58,0,0,4,1,1,4379,2981,-1
4446,0,58,1,0,4,1,1,4382,3003,2972
4449,0,53,0,0,4,1,1,4272,2981,-1
4450,0,57,1,0,4,1,1,4322,3023,2993
4451,0,55,1,2,4,1,1,4432,3048,2969
4454,0,58,0,0,4,1,1,4438,2984,-1
4456,0,57,0,0,4,1,1,4380,2984,-1
4457,0,59,0,0,4,1,1,4444,2995,-1
4458,0,58,1,3,4,1,1,4276,3041,2971
4459,0,54,1,0,4,1,1,4420,2996,2972
4463,0,57,0,0,4,1,1,4423,3016,-1
4465,0,59,1,0,4,1,1,4458,3039,2989
4468,0,56,1,2,4,1,1,4451,3055,2994
4469,0,55,0,0,4,1,1,4459,2996,-1
4470,0,59,0,0,4,1,1,4446,3003,-1
4471,0,58,1,0,4,1,1,4405,3030,2996
4473,0,55,1,0,4,1,1,4432,3011,2980
4474,0,59,0,0,4,1,1,4435,3037,-1
4475,0,58,1,1,4,1,1,4406,3037,2999
4476,0,58,1,0,4,1,1,4276,3005,2982
4477,0,54,0,0,5,1,0,4420,3040,-1
4478,0,58,0,0,4,1,1,4382,2996,-1
4481,0,56,0,0,4,1,1,4473,3011,-1
4488,0,54,0,0,4,1,1,4121,3050,-1
4489,0,58,0,0,4,1,1,4276,3008,-1
4492,0,60,0,0,4,1,1,4465,3030,-1
4494,0,58,0,0,4,1,1,4450,3023,-1
4495,0,57,1,1,4,1,1,4468,3041,3000
4497,0,58,1,4,4,1,1,4415,3137,3000
4498,0,59,1,0,4,1,1,4458,3032,3001
4502,0,59,0,0,4,1,1,4471,3030,-1
4504,0,59,1,3,4,1,1,4475,3111,3004
4505,0,57,1,0,5,1,0,4322,3065,3023
4506,0,56,1,4,4,1,1,4451,3141,3004
4508,0,58,1,0,4,1,1,4495,3022,3005
4509,0,59,1,0,4,1,1,4497,3054,3012
4510,0,58,1,1,4,1,1,4405,3189,3007
4515,0,59,0,0,4,1,1,4508,3022,-1
4516,0,57,1,0,4,1,1,4468,3051,3011
4517,0,58,1,0,4,1,1,4415,3031,3013
4518,0,59,1,2,4,1,1,4458,3153,3014
4519,0,59,1,2,4,1,1,4510,3115,3012
4521,0,58,1,0,4,1,1,4406,3040,3016
4522,0,59,0,0,4,1,1,4475,3037,-1
4523,0,56,0,0,4,1,1,4451,3034,-1
4524,0,57,0,0,4,1,1,4366,3038,-1
4525,0,58,0,0,4,1,1,4516,3051,-1
4526,0,60,1,5,4,1,1,4519,3238,3020
4527,0,60,1,1,4,1,1,4504,3059,3018
4528,0,58,1,0,4,1,1,4405,3043,3018
4530,0,57,0,0,4,1,1,4468,3055,-1
4531,0,59,0,0,4,1,1,4521,3040,-1
4532,0,59,1,0,4,1,1,4497,3048,3022
4533,0,59,0,0,4,1,1,4510,3082,-1
4534,0,59,0,0,4,1,1,4528,3043,-1
4535,0,61,1,0,4,1,1,4527,3056,3030
4536,0,58,1,0,4,1,1,4415,3063,3024
4537,0,60,1,2,4,1,1,4518,3090,3027
4538,0,59,0,0,4,1,1,4458,3041,-1
4539,0,57,1,1,4,1,1,4506,3123,3029
4541,0,58,1,0,4,1,1,4406,3083,3029
4543,0,60,0,0,4,1,1,4532,3048,-1
4544,0,58,0,0,5,1,0,4405,3061,-1
4545,0,59,0,0,4,1,1,4536,3063,-1
4546,0,58,0,0,5,1,0,4505,3065,-1
4547,0,60,1,2,4,1,1,4519,3085,3031
4548,0,61,1,2,4,1,1,4537,3108,3035
4549,0,57,1,0,4,1,1,4322,3109,3036
4551,0,58,0,0,4,1,1,4415,3050,-1
4553,0,59,1,1,4,1,1,4497,3129,3096
4556,0,60,1,1,4,1,1,4504,3120,3043
4557,0,61,1,1,4,1,1,4526,3100,3046
4560,0,60,0,0,4,1,1,4509,3054,-1
4561,0,58,1,6,4,1,1,4539,3252,3038
4562,0,57,1,0,4,1,1,4506,3073,3041
4564,0,61,0,0,4,1,1,4527,3059,-1
4566,0,62,0,0,4,1,1,4535,3056,-1
4567,0,59,0,0,4,1,1,4541,3083,-1
4570,0,60,1,1,4,1,1,4518,3199,3123
4571,0,60,0,0,4,1,1,4519,3115,-1
4573,0,61,1,0,4,1,1,4547,3094,3044
4575,0,62,1,3,4,1,1,4548,3138,3044
4576,0,58,0,0,4,1,1,4549,3092,-1
4577,0,59,1,1,4,1,1,4561,3126,3052
4580,0,57,1,4,4,1,1,4322,3189,3047
4582,0,61,1,0,4,1,1,4556,3116,3064
4583,0,63,1,0,3,1,0,4575,3106,3064
4584,0,62,1,1,4,1,1,4557,3167,3060
4585,0,57,1,0,4,1,1,4506,3095,3052
4587,0,58,1,0,4,1,1,4580,3135,3104
4590,0,58,0,0,3,1,0,4562,3073,-1
4591,0,61,1,3,4,1,1,4537,3160,3061
4593,0,61,1,0,4,1,1,4547,3115,3055
4594,0,62,1,0,4,1,1,4548,3102,3071
4595,0,58,1,1,4,1,1,4406,3079,3056
4596,0,58,0,0,4,1,1,4585,3095,-1
4597,0,60,1,2,4,1,1,4577,3185,3081
4598,0,57,1,0,4,1,1,4322,3084,3061
4602,0,60,1,0,4,1,1,4504,3089,3066
4604,0,62,0,0,4,1,1,4593,3115,-1
4605,0,59,1,0,4,1,1,4595,3130,3060
4607,0,57,0,0,4,1,1,4506,3078,-1
4608,0,59,1,1,4,1,1,4561,3156,3077
4612,0,58,0,0,4,1,1,4598,3084,-1
4613,0,61,0,0,4,1,1,4547,3085,-1
4614,0,62,1,0,4,1,1,4591,3093,3066
4617,0,63,0,0,4,1,1,4614,3093,-1
4618,0,61,0,0,4,1,1,4602,3089,-1
4619,0,61,0,0,4,1,1,4537,3090,-1
4620,0,62,0,0,4,1,1,4557,3097,-1
4621,0,62,0,0,4,1,1,4573,3094,-1
4622,0,58,0,0,4,1,1,4539,3099,-1
4623,0,62,0,0,4,1,1,4582,3109,-1
4624,0,63,1,0,4,1,1,4575,3148,3074
4625,0,61,0,0,4,1,1,4556,3120,-1
4626,0,62,1,0,4,1,1,4591,3106,3076
4628,0,57,1,2,4,1,1,4322,3158,3083
4629,0,58,1,0,4,1,1,4406,3104,3088
4630,0,60,1,0,4,1,1,4608,3126,3105
4631,0,60,0,0,4,1,1,4504,3111,-1
4632,0,63,1,0,4,1,1,4584,3167,3139
4634,0,57,1,1,4,1,1,4506,3175,3091
4635,0,62,1,1,4,1,1,4591,3252,3132
4637,0,63,0,0,4,1,1,4626,3106,-1
4640,0,57,1,0,4,1,1,4322,3127,3095
4641,0,58,0,0,4,1,1,4634,3125,-1
4642,0,59,1,1,4,1,1,4561,3228,3160
4643,0,60,0,0,4,1,1,4577,3126,-1
4646,0,63,1,2,4,1,1,4575,3212,3106
4648,0,61,1,0,4,1,1,4597,3157,3112
4649,0,64,0,0,4,1,1,4624,3148,-1
4650,0,60,1,0,4,1,1,4553,3143,3100
4652,0,61,1,1,4,1,1,4526,3195,3146
4653,0,58,1,4,4,1,1,4628,3214,3103
4654,0,57,1,1,4,1,1,4322,3159,3107
4656,0,59,0,0,4,1,1,4510,3177,-1
4657,0,59,1,3,4,1,1,4497,3171,3107
4658,0,58,0,0,4,1,1,4640,3127,-1
4660,0,59,0,0,4,1,1,4587,3135,-1
4662,0,59,1,1,4,1,1,4653,3193,3128
4665,0,64,1,2,4,1,1,4646,3284,3138
4666,0,58,1,2,4,1,1,4580,3246,3115
4668,0,60,0,0,5,1,0,4605,3130,-1
4671,0,57,0,0,4,1,1,4322,3140,-1
4672,0,59,0,0,4,1,1,4497,3137,-1
4673,0,62,0,0,4,1,1,4648,3157,-1
4674,0,60,1,0,4,1,1,4657,3166,3121
4678,0,58,1,1,4,1,1,4654,3192,3126
4679,0,57,0,0,4,1,1,4506,3141,-1
4680,0,61,1,0,4,1,1,4597,3185,3138
4683,0,58,1,0,4,1,1,4580,3182,3143
4686,0,61,1,0,4,1,1,4570,3192,3169
4687,0,59,1,0,4,1,1,4666,3148,3131
4691,0,59,1,0,4,1,1,4678,3200,3147
4692,0,58,1,0,4,1,1,4628,3161,3131
4694,0,60,1,1,4,1,1,4657,3194,3131
4695,0,60,1,3,4,1,1,4662,3234,3133
4697,0,60,0,0,4,1,1,4518,3153,-1
4698,0,59,0,0,4,1,1,4692,3152,-1
4699,0,60,0,0,4,1,1,4687,3148,-1
4700,0,61,1,1,4,1,1,4694,3279,3167
4701,0,63,1,0,4,1,1,4635,3202,3168
4702,0,58,1,2,4,1,1,4634,3196,3139
4703,0,61,1,2,4,1,1,4695,3260,3163
4704,0,59,1,4,4,1,1,4653,3340,3146
4708,0,59,1,0,4,1,1,4666,3225,3212
4709,0,60,1,1,4,1,1,4657,3235,3142
4710,0,65,0,0,4,1,1,4665,3160,-1
4713,0,60,0,0,4,1,1,4662,3164,-1
4714,0,64,0,0,4,1,1,4632,3167,-1
4715,0,59,1,0,4,1,1,4702,3167,3145
4718,0,61,0,0,4,1,1,4674,3166,-1
4719,0,61,0,0,4,1,1,4597,3185,-1
4720,0,60,0,0,4,1,1,4715,3167,-1
4721,0,62,0,0,4,1,1,4680,3185,-1
4722,0,62,0,0,4,1,1,4591,3160,-1
4723,0,62,1,3,4,1,1,4652,3359,3151
4724,0,58,0,0,4,1,1,4634,3175,-1
4725,0,64,1,0,4,1,1,4646,3196,3169
4726,0,61,1,0,4,1,1,4709,3207,3157
4729,0,58,1,4,4,1,1,4580,3276,3157
4730,0,59,1,1,4,1,1,4702,3200,3163
4731,0,60,1,0,4,1,1,4704,3206,3170
4737,0,59,0,0,4,1,1,4683,3182,-1
4738,0,59,1,2,4,1,1,4729,3383,3191
4742,0,60,1,0,4,1,1,4642,3214,3176
4745,0,60,1,2,4,1,1,4730,3340,3167
4746,0,61,1,1,4,1,1,4526,3208,3171
4747,0,59,1,1,4,1,1,4653,3229,3168
4748,0,62,1,0,4,1,1,4703,3202,3183
4749,0,58,0,0,4,1,1,4580,3189,-1
4750,0,61,0,0,4,1,1,4709,3235,-1
4751,0,59,1,0,4,1,1,4561,3196,3170
4758,0,62,0,0,4,1,1,4652,3195,-1
4759,0,61,1,2,4,1,1,4745,3476,3289
4760,0,64,0,0,4,1,1,4701,3192,-1
4761,0,59,0,0,4,1,1,4702,3195,-1
4762,0,61,1,2,4,1,1,4695,3323,3173
4763,0,62,1,0,4,1,1,4700,3216,3174
4765,0,60,0,0,4,1,1,4751,3196,-1
4766,0,63,1,0,4,1,1,4723,3299,3235
4767,0,62,1,0,4,1,1,4746,3202,3176
4768,0,65,0,0,4,1,1,4725,3196,-1
4769,0,60,0,0,4,1,1,4730,3200,-1
4771,0,59,1,4,4,1,1,4653,3367,3180
4772,0,61,0,0,3,1,0,4570,3199,-1
4773,0,59,1,0,4,1,1,4561,3215,3189
4775,0,61,1,4,4,1,1,4526,3310,3195
4776,0,60,0,0,4,1,1,4642,3228,-1
4779,0,60,1,0,4,1,1,4704,3217,3189
4780,0,62,0,0,4,1,1,4746,3208,-1
4781,0,64,0,0,4,1,1,4646,3212,-1
4782,0,62,1,0,4,1,1,4762,3220,3193
4784,0,62,1,1,4,1,1,4703,3237,3205
4786,0,63,0,0,4,1,1,4763,3212,-1
4787,0,65,1,2,4,1,1,4665,3327,3198
4789,0,61,1,1,4,1,1,4695,3262,3197
4791,0,60,0,0,4,1,1,4738,3218,-1
4793,0,61,0,0,4,1,1,4779,3216,-1
4795,0,60,1,0,4,1,1,4747,3282,3199
4797,0,59,1,2,4,1,1,4561,3314,3200
4798,0,60,1,0,4,1,1,4704,3219,3200
4803,0,62,1,0,4,1,1,4789,3259,3227
4804,0,59,1,0,4,1,1,4729,3221,3202
4805,0,60,0,0,4,1,1,4773,3215,-1
4806,0,62,1,4,4,1,1,4775,3355,3205
4809,0,66,1,2,4,1,1,4787,3368,3222
4810,0,62,1,3,4,1,1,4762,3458,3265
4815,0,61,1,1,4,1,1,4526,3271,3215
4816,0,61,0,0,4,1,1,4798,3219,-1
4818,0,60,1,1,4,1,1,4797,3314,3220
4820,0,63,0,0,4,1,1,4782,3220,-1
4822,0,61,0,0,4,1,1,4695,3234,-1
4823,0,65,1,0,4,1,1,4665,3258,3232
4824,0,60,0,0,4,1,1,4747,3226,-1
4825,0,63,1,0,4,1,1,4806,3267,3224
4826,0,63,1,0,4,1,1,4784,3230,3211
4828,0,59,0,0,4,1,1,4561,3229,-1
4832,0,62,1,0,4,1,1,4775,3244,3216
4836,0,62,1,0,4,1,1,4815,3265,3234
4839,0,63,0,0,4,1,1,4832,3236,-1
4841,0,60,1,2,4,1,1,4704,3440,3307
4842,0,63,0,0,4,1,1,4635,3250,-1
4844,0,60,1,3,4,1,1,4738,3411,3225
4845,0,62,0,0,4,1,1,4700,3279,-1
4847,0,61,1,1,4,1,1,4818,3310,3233
4848,0,62,1,1,4,1,1,4775,3281,3244
4849,0,59,1,1,4,1,1,4729,3324,3228
4850,0,67,1,1,4,1,1,4809,3276,3231
4851,0,61,1,0,4,1,1,4844,3281,3253
4852,0,60,1,0,4,1,1,4797,3257,3231
4853,0,66,1,0,4,1,1,4787,3288,3236
4854,0,60,1,0,4,1,1,4849,3288,3272
4857,0,59,0,0,4,1,1,4561,3252,-1
4858,0,63,1,2,4,1,1,4806,3295,3235
4860,0,61,0,0,4,1,1,4852,3257,-1
4861,0,62,0,0,4,1,1,4703,3260,-1
4862,0,68,1,3,4,1,1,4850,3334,3248
4863,0,60,0,0,4,1,1,4738,3257,-1
4864,0,63,0,0,4,1,1,4803,3258,-1
4865,0,62,0,0,4,1,1,4847,3256,-1
4866,0,62,0,0,4,1,1,4789,3262,-1
4868,0,63,0,0,4,1,1,4836,3265,-1
4869,0,59,1,1,4,1,1,4729,3314,3248
4870,0,64,1,0,4,1,1,4858,3314,3240
4872,0,67,0,0,4,1,1,4853,3288,-1
4875,0,67,1,0,4,1,1,4809,3309,3284
4878,0,64,0,0,4,1,1,4825,3267,-1
4879,0,61,0,0,4,1,1,4818,3314,-1
4880,0,61,0,0,4,1,1,4795,3282,-1
4881,0,63,1,0,4,1,1,4806,3303,3282
4885,0,62,0,0,4,1,1,4815,3271,-1
4886,0,60,1,0,4,1,1,4771,3390,3255
4887,0,65,0,0,4,1,1,4870,3309,-1
4891,0,63,1,0,4,1,1,4723,3298,3263
4892,0,59,0,0,4,1,1,4729,3276,-1
4894,0,62,1,7,4,1,1,4775,3437,3262
4895,0,66,0,0,4,1,1,4787,3301,-1
4896,0,63,1,0,4,1,1,4848,3301,3263
4898,0,69,1,3,4,1,1,4862,3376,3280
4899,0,62,0,0,4,1,1,4851,3281,-1
4901,0,64,1,0,4,1,1,4858,3315,3270
4903,0,61,0,0,4,1,1,4844,3302,-1
4904,0,60,1,3,4,1,1,4869,3360,3284
4907,0,64,0,0,4,1,1,4896,3301,-1
4908,0,60,1,0,4,1,1,4771,3325,3287
4909,0,64,0,0,4,1,1,4891,3298,-1
4911,0,61,0,0,4,1,1,4886,3390,-1
4912,0,64,0,0,4,1,1,4766,3299,-1
4915,0,63,1,1,4,1,1,4810,3356,3294
4916,0,63,1,0,4,1,1,4723,3314,3297
4918,0,62,0,0,4,1,1,4775,3310,-1
4919,0,62,1,3,4,1,1,4847,3354,3277
4923,0,64,0,0,4,1,1,4858,3295,-1
4924,0,60,0,0,4,1,1,4849,3324,-1
4926,0,65,0,0,4,1,1,4901,3315,-1
4927,0,60,0,0,4,1,1,4797,3303,-1
4928,0,70,1,0,4,1,1,4898,3336,3302
4932,0,64,0,0,4,1,1,4881,3303,-1
4933,0,62,0,0,4,1,1,4847,3309,-1
4935,0,61,1,0,4,1,1,4904,3317,3295
4936,0,60,1,0,4,1,1,4738,3324,3301
4937,0,69,1,0,4,1,1,4862,3326,3293
4940,0,60,0,0,4,1,1,4869,3314,-1
4941,0,67,0,0,4,1,1,4809,3368,-1
4942,0,63,1,1,4,1,1,4894,3372,3296
4943,0,63,1,0,4,1,1,4919,3348,3296
4944,0,60,1,0,4,1,1,4771,3387,3300
4946,0,70,0,0,4,1,1,4937,3326,-1
4948,0,61,1,0,4,1,1,4745,3369,3307
4949,0,62,0,0,4,1,1,4762,3322,-1
4950,0,64,1,0,4,1,1,4915,3329,3317
4951,0,69,1,0,4,1,1,4862,3331,3304
4953,0,63,0,0,4,1,1,4810,3324,-1
4954,0,61,1,1,4,1,1,4904,3412,3319
4955,0,61,0,0,4,1,1,4936,3324,-1
4956,0,63,1,0,4,1,1,4894,3365,3319
4957,0,63,1,0,4,1,1,4919,3397,3308
4960,0,71,0,0,4,1,1,4928,3327,-1
4961,0,64,1,8,4,1,1,4942,3490,3308
4962,0,61,0,0,4,1,1,4944,3387,-1
4963,0,62,1,2,4,1,1,4759,3439,3343
4965,0,63,1,1,4,1,1,4806,3396,3327
4966,0,61,1,0,4,1,1,4841,3351,3325
4969,0,69,0,0,4,1,1,4862,3334,-1
4970,0,60,1,2,4,1,1,4771,3474,3332
4971,0,65,1,0,4,1,1,4961,3391,3321
4975,0,61,0,0,4,1,1,4745,3340,-1
4978,0,60,0,0,4,1,1,4704,3340,-1
4979,0,63,1,3,4,1,1,4919,3505,3319
4980,0,64,0,0,4,1,1,4942,3342,-1
4982,0,64,0,0,4,1,1,4957,3397,-1
4984,0,61,1,0,4,1,1,4844,3389,3333
4987,0,64,1,2,4,1,1,4979,3463,3368
4988,0,63,0,0,4,1,1,4723,3359,-1
4989,0,70,1,2,4,1,1,4898,3394,3334
4990,0,64,0,0,4,1,1,4956,3345,-1
4992,0,64,0,0,4,1,1,4943,3348,-1
4996,0,63,0,0,4,1,1,4919,3354,-1
4997,0,62,0,0,4,1,1,4966,3351,-1
4998,0,61,1,0,4,1,1,4904,3357,3330
5000,0,63,1,0,4,1,1,4894,3369,3330
5002,0,65,1,0,4,1,1,4961,3393,3338
5004,0,64,1,1,4,1,1,4965,3373,3337
5005,0,63,1,0,4,1,1,4810,3364,3337
5008,0,61,1,0,4,1,1,4841,3355,3335
5010,0,64,0,0,4,1,1,5000,3369,-1
5011,0,63,0,0,4,1,1,4806,3355,-1
5016,0,62,1,1,4,1,1,4954,3424,3364
5017,0,61,0,0,4,1,1,4904,3357,-1
5018,0,63,1,0,4,1,1,4894,3365,3341
5019,0,62,0,0,4,1,1,4948,3369,-1
5020,0,65,1,1,4,1,1,5004,3405,3342
5021,0,60,0,0,4,1,1,4771,3367,-1
5024,0,70,1,0,4,1,1,4898,3362,3345
5025,0,71,1,4,4,1,1,4989,3487,3346
5027,0,61,0,0,4,1,1,4841,3421,-1
5029,0,64,0,0,4,1,1,5005,3364,-1
5030,0,66,1,1,4,1,1,5020,3418,3370
5031,0,65,1,0,4,1,1,4961,3392,3354
5034,0,63,1,0,4,1,1,4894,3398,3358
5035,0,62,0,0,4,1,1,4984,3383,-1
5037,0,72,1,1,4,1,1,5025,3394,3357
5038,0,62,1,3,4,1,1,4759,3483,3427
5040,0,70,0,0,4,1,1,4898,3376,-1
5041,0,63,1,6,4,1,1,4963,3570,3362
5044,0,64,0,0,4,1,1,4965,3396,-1
5045,0,71,1,0,4,1,1,4989,3389,3365
5049,0,66,0,0,4,1,1,5002,3393,-1
5050,0,66,0,0,4,1,1,5031,3392,-1
5051,0,73,1,0,4,1,1,5037,3385,3366
5053,0,66,0,0,4,1,1,4971,3391,-1
5055,0,64,1,2,4,1,1,5041,3427,3367
5056,0,65,1,0,4,1,1,4961,3419,3371
5057,0,61,1,0,4,1,1,4970,3456,3368
5058,0,72,1,3,4,1,1,5025,3442,3375
5060,0,63,1,2,4,1,1,4894,3526,3380
5063,0,72,0,0,4,1,1,5045,3387,-1
5066,0,62,0,0,4,1,1,5057,3456,-1
5067,0,63,1,0,4,1,1,4963,3418,3390
5068,0,65,1,0,4,1,1,4987,3418,3373
5071,0,67,1,0,4,1,1,5030,3436,3404
5072,0,61,1,0,4,1,1,4844,3415,3375
5073,0,65,1,0,4,1,1,5055,3420,3379
5074,0,71,0,0,4,1,1,4989,3394,-1
5075,0,64,0,0,4,1,1,5034,3398,-1
5077,0,73,0,0,4,1,1,5037,3394,-1
5079,0,61,1,1,3,1,0,4970,3465,3431
5080,0,63,1,1,4,1,1,5016,3477,3391
5081,0,64,1,0,4,1,1,4979,3467,3438
5083,0,66,0,0,4,1,1,5068,3408,-1
5084,0,65,1,0,4,1,1,4961,3452,3387
5085,0,62,0,0,4,1,1,4954,3412,-1
5088,0,73,1,0,4,1,1,5058,3429,3388
5090,0,65,1,0,4,1,1,5055,3457,3392
5091,0,64,1,0,4,1,1,5041,3456,3408
5092,0,66,0,0,4,1,1,5073,3420,-1
5096,0,66,0,0,4,1,1,5056,3419,-1
5097,0,66,0,0,4,1,1,5084,3442,-1
5099,0,63,1,1,4,1,1,4894,3506,3398
5102,0,62,0,0,4,1,1,5072,3415,-1
5103,0,64,1,1,4,1,1,5080,3473,3396
5105,0,64,0,0,4,1,1,5067,3418,-1
5106,0,72,1,1,4,1,1,5025,3441,3399
5107,0,65,1,0,4,1,1,4987,3432,3403
5110,0,63,1,1,4,1,1,4810,3525,3399
5112,0,65,1,0,4,1,1,4961,3454,3408
5113,0,73,1,0,4,1,1,5058,3431,3399
5115,0,63,0,0,3,1,0,4963,3439,-1
5116,0,66,0,0,4,1,1,5090,3457,-1
5118,0,63,0,0,4,1,1,5016,3424,-1
5120,0,65,0,0,4,1,1,5055,3427,-1
5121,0,64,0,0,4,1,1,5099,3424,-1
5122,0,73,1,1,4,1,1,5106,3461,3406
5123,0,74,0,0,4,1,1,5113,3419,-1
5124,0,64,1,4,4,1,1,5110,3525,3431
5125,0,65,1,4,4,1,1,5103,3492,3404
5126,0,74,0,0,4,1,1,5088,3429,-1
5129,0,63,0,0,4,1,1,4894,3430,-1
5130,0,72,1,2,4,1,1,5025,3528,3460
5132,0,73,1,0,4,1,1,5058,3436,3416
5134,0,64,1,4,4,1,1,5060,3605,3427
5135,0,64,0,0,4,1,1,5041,3452,-1
5137,0,65,0,0,4,1,1,5091,3456,-1
5138,0,65,0,0,4,1,1,5103,3450,-1
5140,0,73,0,0,4,1,1,5106,3441,-1
5143,0,66,1,0,4,1,1,5125,3447,3423
5144,0,66,0,0,4,1,1,5112,3454,-1
5145,0,74,1,2,4,1,1,5122,3470,3424
5146,0,65,1,1,4,1,1,4961,3469,3425
5150,0,67,0,0,4,1,1,5143,3443,-1
5152,0,75,1,0,4,1,1,5145,3463,3429
5153,0,66,1,0,4,1,1,5146,3450,3430
5154,0,64,1,0,4,1,1,5099,3475,3434
5155,0,65,0,0,4,1,1,4987,3460,-1
5157,0,65,0,0,4,1,1,5134,3449,-1
5158,0,63,1,1,4,1,1,5038,3481,3432
5160,0,66,1,0,4,1,1,5125,3469,3441
5161,0,76,0,0,4,1,1,5152,3463,-1
5163,0,63,0,0,4,1,1,4810,3458,-1
5164,0,74,0,0,4,1,1,5122,3461,-1
5165,0,65,1,0,4,1,1,4961,3487,3456
5167,0,65,1,1,4,1,1,5124,3497,3436
5168,0,62,1,2,3,1,0,5079,3490,3443
5170,0,64,1,1,4,1,1,5060,3509,3438
5171,0,75,1,2,4,1,1,5145,3537,3440
5174,0,66,0,0,4,1,1,5146,3469,-1
5176,0,64,0,0,4,1,1,5110,3525,-1
5177,0,63,1,3,4,1,1,5038,3545,3446
5179,0,65,1,1,4,1,1,5170,3507,3464
5180,0,64,0,0,4,1,1,5099,3466,-1
5182,0,65,0,0,5,1,0,5081,3467,-1
5183,0,67,0,0,4,1,1,5160,3469,-1
5185,0,65,1,4,4,1,1,5124,3574,3447
5186,0,63,1,0,3,1,0,5168,3506,3446
5187,0,61,0,0,4,1,1,4970,3474,-1
5188,0,64,0,0,3,1,0,5186,3506,-1
5190,0,64,0,0,4,1,1,5060,3484,-1
5192,0,66,1,1,4,1,1,5125,3502,3454
5193,0,75,0,0,4,1,1,5145,3470,-1
5195,0,65,0,0,4,1,1,5154,3475,-1
5197,0,64,1,0,4,1,1,5158,3486,3457
5199,0,63,1,0,3,1,0,5168,3496,3468
5200,0,65,1,3,4,1,1,5124,3629,3465
5203,0,62,0,0,4,1,1,4759,3476,-1
5204,0,63,1,0,4,1,1,5038,3491,3465
5205,0,64,1,8,4,1,1,5177,3723,3461
5207,0,66,1,0,4,1,1,5185,3516,3462
5209,0,76,1,6,4,1,1,5171,3644,3478
5210,0,67,1,2,4,1,1,5192,3577,3465
5211,0,64,1,4,4,1,1,4979,3608,3472
5212,0,73,1,0,4,1,1,5130,3484,3465
5213,0,66,1,0,4,1,1,5125,3490,3465
5215,0,65,1,2,4,1,1,5134,3541,3466
5216,0,64,1,0,4,1,1,5041,3562,3504
5219,0,64,0,0,4,1,1,5158,3481,-1
5220,0,65,1,1,4,1,1,5205,3532,3469
5221,0,66,1,0,4,1,1,5179,3522,3470
5222,0,66,1,0,4,1,1,5200,3568,3503
5223,0,72,0,0,4,1,1,5025,3487,-1
5224,0,64,0,0,4,1,1,5204,3491,-1
5226,0,67,0,0,4,1,1,5213,3490,-1
5230,0,64,0,0,4,1,1,5099,3506,-1
5231,0,66,1,0,4,1,1,5167,3513,3475
5232,0,64,1,1,4,1,1,5177,3594,3491
5235,0,66,1,0,4,1,1,5185,3553,3494
5236,0,65,1,2,4,1,1,5124,3560,3476
5237,0,73,1,2,4,1,1,5130,3534,3478
5238,0,65,1,2,4,1,1,5134,3547,3503
5240,0,68,1,1,4,1,1,5210,3584,3530
5241,0,65,1,0,4,1,1,5211,3575,3503
5243,0,66,1,1,4,1,1,5220,3530,3499
5245,0,66,1,1,4,1,1,5215,3540,3490
5246,0,65,1,0,4,1,1,5205,3555,3529
5248,0,65,0,0,4,1,1,5170,3509,-1
5249,0,67,0,0,4,1,1,5192,3502,-1
5250,0,77,0,0,4,1,1,5209,3502,-1
5252,0,74,1,0,4,1,1,5237,3594,3490
5254,0,65,0,0,4,1,1,5124,3510,-1
5255,0,67,0,0,4,1,1,5207,3516,-1
5257,0,67,0,0,4,1,1,5231,3513,-1
5261,0,67,0,0,4,1,1,5221,3522,-1
5265,0,67,1,0,4,1,1,5245,3570,3501
5267,0,67,0,0,4,1,1,5235,3553,-1
5268,0,75,0,0,4,1,1,5252,3521,-1
5269,0,66,1,2,4,1,1,5215,3604,3517
5270,0,74,1,0,4,1,1,5237,3531,3501
5272,0,76,1,0,4,1,1,5171,3545,3502
5273,0,64,1,0,4,1,1,5177,3527,3502
5274,0,67,1,0,4,1,1,5243,3549,3504
5275,0,75,0,0,4,1,1,5270,3531,-1
5276,0,65,0,0,4,1,1,5273,3527,-1
5278,0,77,0,0,4,1,1,5272,3545,-1
5279,0,68,0,0,4,1,1,5265,3570,-1
5280,0,66,1,0,4,1,1,5238,3533,3507
5281,0,68,0,0,4,1,1,5274,3549,-1
5283,0,66,0,0,4,1,1,5220,3532,-1
5286,0,67,0,0,4,1,1,5245,3540,-1
5287,0,74,0,0,4,1,1,5237,3528,-1
5288,0,67,0,0,4,1,1,5280,3533,-1
5289,0,67,0,0,4,1,1,5222,3568,-1
5292,0,77,1,0,4,1,1,5209,3572,3523
5293,0,65,1,0,4,1,1,5211,3543,3514
5294,0,66,0,0,4,1,1,5200,3530,-1
5295,0,64,1,3,4,1,1,5041,3746,3515
5297,0,66,1,0,4,1,1,5236,3549,3519
5298,0,66,1,1,4,1,1,5238,3661,3534
5300,0,65,1,0,4,1,1,5232,3560,3529
5301,0,66,0,0,4,1,1,5293,3541,-1
5302,0,65,1,3,4,1,1,5134,3737,3525
5303,0,64,1,0,4,1,1,5041,3572,3526
5305,0,65,1,0,4,1,1,5295,3638,3605
5308,0,66,1,0,4,1,1,5236,3582,3530
5309,0,66,0,0,4,1,1,5241,3563,-1
5311,0,67,0,0,4,1,1,5297,3549,-1
5312,0,67,1,0,4,1,1,5269,3575,3534
5314,0,66,1,1,4,1,1,5185,3589,3533
5316,0,66,0,0,4,1,1,5302,3573,-1
5318,0,65,0,0,4,1,1,5303,3572,-1
5319,0,77,1,0,4,1,1,5209,3565,3534
5321,0,69,1,0,4,1,1,5240,3582,3557
5322,0,66,0,0,4,1,1,5246,3555,-1
5323,0,66,0,0,4,1,1,5300,3556,-1
5325,0,67,0,0,4,1,1,5308,3582,-1
5326,0,65,1,0,4,1,1,5134,3578,3536
5328,0,64,1,0,4,1,1,5041,3587,3537
5329,0,67,1,0,4,1,1,5314,3605,3574
5332,0,65,1,3,4,1,1,5211,3789,3541
5333,0,65,1,0,4,1,1,5205,3589,3548
5335,0,68,1,2,4,1,1,5210,3654,3542
5336,0,66,1,1,4,1,1,5185,3595,3545
5338,0,66,0,0,4,1,1,5236,3560,-1
5340,0,77,1,3,4,1,1,5209,3669,3555
5341,0,78,0,0,4,1,1,5319,3561,-1
5343,0,66,1,0,4,1,1,5200,3610,3557
5346,0,67,1,0,4,1,1,5336,3595,3563
5350,0,66,1,0,9,1,0,5332,3721,3665
5352,0,68,0,0,4,1,1,5210,3577,-1
5355,0,65,0,0,4,1,1,5232,3593,-1
5356,0,65,0,0,4,1,1,5134,3596,-1
5357,0,66,0,0,4,1,1,5185,3574,-1
5359,0,66,0,0,4,1,1,5333,3589,-1
5361,0,65,1,8,4,1,1,5205,3731,3561
5363,0,69,1,1,4,1,1,5335,3669,3561
5364,0,67,1,0,4,1,1,5269,3594,3569
5365,0,67,0,0,4,1,1,5343,3610,-1
5369,0,75,0,0,4,1,1,5252,3594,-1
5370,0,66,1,1,4,1,1,5361,3647,3565
5371,0,77,1,2,4,1,1,5209,3616,3566
5372,0,65,1,0,4,1,1,5211,3647,3567
5374,0,69,0,0,4,1,0,5240,3584,-1
5375,0,70,1,8,4,1,1,5363,3895,3596
5376,0,68,0,0,4,1,1,5346,3595,-1
5377,0,66,1,0,4,1,1,5200,3619,3589
5379,0,65,0,0,4,1,1,5328,3587,-1
5381,0,69,1,1,4,1,1,5335,3614,3573
5384,0,68,0,0,4,1,1,5364,3594,-1
5386,0,78,1,1,4,1,1,5371,3625,3575
5388,0,65,1,1,4,1,1,5205,3662,3584
5390,0,77,1,1,3,1,0,5209,3604,3575
5391,0,67,1,1,4,1,1,5298,3659,3624
5392,0,66,1,2,4,1,1,5361,3655,3593
5393,0,67,0,0,4,1,1,5336,3595,-1
5395,0,66,0,0,4,1,1,5372,3647,-1
5396,0,70,1,0,4,1,1,5381,3624,3581
5398,0,79,1,0,4,1,1,5386,3629,3590
5400,0,78,1,0,3,1,0,5390,3606,3588
5403,0,67,1,0,4,1,1,5370,3607,3596
5404,0,68,0,0,4,1,1,5329,3605,-1
5405,0,78,1,3,4,1,1,5371,3759,3585
5406,0,71,0,0,4,1,1,5396,3624,-1
5407,0,77,1,0,4,1,1,5209,3631,3605
5410,0,78,1,0,4,1,1,5340,3627,3597
5411,0,66,1,0,4,1,1,5388,3635,3619
5412,0,70,0,0,4,1,1,5381,3614,-1
5414,0,79,0,0,3,1,0,5400,3606,-1
5416,0,67,0,0,4,1,1,5377,3619,-1
5417,0,79,0,0,4,1,1,5405,3631,-1
5418,0,66,1,2,4,1,1,5302,3666,3622
5420,0,65,1,1,4,1,1,5205,3667,3595
5421,0,78,0,0,4,1,1,5371,3612,-1
5428,0,66,0,0,4,1,1,5200,3629,-1
5430,0,71,1,0,4,1,1,5375,3646,3615
5431,0,79,0,0,4,1,1,5410,3627,-1
5432,0,80,0,0,4,1,1,5398,3625,-1
5433,0,66,1,1,4,1,1,5361,3737,3617
5434,0,65,0,0,4,1,1,5205,3626,-1
5435,0,67,1,0,4,1,1,5392,3650,3619
5437,0,70,0,0,4,1,1,5363,3669,-1
5440,0,66,0,0,4,1,1,5305,3638,-1
5441,0,78,0,0,4,1,1,5407,3631,-1
5446,0,78,1,2,4,1,1,5340,3788,3630
5450,0,72,0,0,4,1,1,5430,3646,-1
5453,0,68,0,0,4,1,1,5435,3650,-1
5454,0,71,1,3,4,1,1,5375,3685,3626
5455,0,67,1,4,4,1,1,5418,3831,3634
5456,0,65,0,0,4,1,1,5295,3653,-1
5457,0,66,1,2,4,1,1,5361,3696,3628
5459,0,68,1,0,4,1,1,5391,3657,3629
5460,0,66,0,0,4,1,1,5388,3660,-1
5462,0,67,1,0,4,1,1,5392,3675,3634
5463,0,67,0,0,4,1,1,5370,3647,-1
5464,0,72,1,1,4,1,1,5454,3700,3635
5465,0,67,1,2,4,1,1,5433,3820,3661
5467,0,67,1,0,4,1,1,5457,3671,3640
5468,0,66,1,0,4,1,1,5302,3695,3648
5469,0,69,0,0,4,1,1,5459,3657,-1
5470,0,66,1,0,4,1,1,5420,3670,3635
5471,0,79,0,0,4,1,1,5446,3656,-1
5473,0,67,0,0,4,1,1,5298,3661,-1
5474,0,79,1,1,4,1,1,5405,3692,3662
5475,0,68,1,0,4,1,1,5455,3731,3674
5476,0,66,1,1,4,1,1,5361,3706,3639
5477,0,68,0,0,4,1,1,5462,3675,-1
5479,0,68,0,0,4,1,1,5391,3659,-1
5480,0,73,0,0,4,1,1,5464,3656,-1
5481,0,67,0,0,4,1,1,5470,3670,-1
5482,0,78,1,0,4,1,1,5340,3666,3641
5485,0,67,1,1,4,1,1,5418,3725,3647
5486,0,72,1,0,4,1,1,5454,3684,3646
5487,0,66,0,0,4,1,1,5420,3667,-1
5488,0,71,1,0,5,1,0,5375,3750,3684
5489,0,65,1,0,4,1,1,5205,3693,3651
5491,0,66,1,0,4,1,1,5361,3688,3650
5492,0,73,0,0,4,1,1,5486,3684,-1
5493,0,67,1,0,4,1,1,5457,3682,3651
5494,0,68,0,0,4,1,1,5467,3671,-1
5497,0,78,0,0,4,1,1,5340,3669,-1
5498,0,67,1,0,4,1,1,5476,3713,3665
5500,0,68,0,0,4,1,1,5493,3682,-1
5501,0,72,1,0,4,1,1,5454,3677,3657
5503,0,66,0,0,4,1,1,5489,3693,-1
5506,0,66,1,0,4,1,1,5361,3691,3660
5508,0,73,0,0,4,1,1,5501,3677,-1
5509,0,67,0,0,4,1,1,5491,3683,-1
5510,0,67,0,0,4,1,1,5457,3696,-1
5511,0,65,1,0,4,1,1,5205,3798,3687
5513,0,67,0,0,4,1,1,5468,3688,-1
5515,0,67,0,0,4,1,1,5506,3691,-1
5516,0,68,1,1,4,1,1,5465,3756,3675
5517,0,80,1,2,4,1,1,5474,3716,3667
5518,0,72,0,0,4,1,1,5454,3685,-1
5519,0,66,1,3,4,1,1,5302,3780,3690
5520,0,73,1,0,4,1,1,5464,3721,3671
5521,0,67,0,0,9,1,0,5350,3699,-1
5524,0,66,1,4,4,1,1,5361,3849,3672
5526,0,81,1,0,4,1,1,5517,3692,3671
5527,0,79,1,6,4,1,1,5446,3797,3688
5533,0,67,0,0,4,1,1,5476,3698,-1
5534,0,82,0,0,4,1,1,5526,3692,-1
5535,0,80,0,0,4,1,1,5474,3692,-1
5536,0,66,1,0,4,1,1,5332,3735,3692
5537,0,69,0,0,4,1,1,5475,3716,-1
5539,0,73,0,0,4,1,1,5464,3700,-1
5541,0,81,1,0,4,1,1,5517,3705,3682
5542,0,74,0,0,4,1,1,5520,3721,-1
5543,0,65,1,1,4,1,1,5295,3750,3706
5544,0,68,0,0,4,1,1,5465,3703,-1
5546,0,68,1,2,4,1,1,5455,3775,3712
5547,0,82,0,0,4,1,1,5541,3705,-1
5549,0,67,0,0,4,1,1,5433,3735,-1
5551,0,72,0,0,5,1,0,5488,3741,-1
5552,0,68,0,0,4,1,1,5498,3713,-1
5553,0,69,1,1,4,1,1,5516,3757,3704
5559,0,68,1,0,4,1,1,5485,3715,3693
5560,0,80,1,0,4,1,1,5527,3756,3693
5561,0,66,0,0,4,1,1,5511,3798,-1
5562,0,67,1,0,4,1,1,5519,3752,3695
5564,0,71,1,1,4,1,1,5375,3726,3695
5568,0,69,0,0,4,1,1,5559,3715,-1
5569,0,65,0,0,4,1,1,5205,3723,-1
5570,0,66,0,0,4,1,1,5361,3731,-1
5571,0,81,0,0,4,1,1,5560,3756,-1
5572,0,79,1,0,4,1,1,5405,3734,3699
5573,0,79,1,0,4,1,1,5446,3771,3730
5574,0,72,1,0,4,1,1,5564,3743,3700
5575,0,68,0,0,4,1,1,5562,3752,-1
5577,0,66,1,6,4,1,1,5332,3905,3708
5579,0,80,0,0,4,1,1,5572,3720,-1
5580,0,68,0,0,4,1,1,5485,3725,-1
5581,0,80,1,0,4,1,1,5527,3728,3705
5583,0,73,0,0,4,1,1,5574,3722,-1
5584,0,67,1,0,4,1,1,5519,3765,3727
5585,0,79,1,0,4,1,1,5405,3741,3709
5589,0,72,0,0,4,1,1,5564,3726,-1
5590,0,66,1,1,4,1,1,5543,3776,3712
5591,0,67,1,1,4,1,1,5577,3789,3725
5592,0,69,0,0,4,1,1,5516,3731,-1
5593,0,71,1,1,4,1,1,5375,3748,3716
5594,0,80,0,0,4,1,1,5585,3734,-1
5596,0,65,1,0,4,1,1,5295,3740,3718
5597,0,70,1,0,4,1,1,5553,3766,3724
5599,0,66,0,0,4,1,1,5332,3739,-1
5601,0,80,1,0,4,1,1,5527,3763,3721
5602,0,69,1,0,4,1,1,5546,3767,3722
5603,0,66,0,0,4,1,1,5543,3741,-1
5605,0,72,1,1,4,1,1,5593,3798,3726
5606,0,67,1,3,4,1,1,5524,3912,3729
5607,0,81,0,0,4,1,1,5601,3761,-1
5608,0,71,1,1,4,1,1,5375,3761,3726
5610,0,65,0,0,4,1,1,5295,3744,-1
5611,0,71,0,0,4,1,1,5597,3766,-1
5612,0,68,1,4,4,1,1,5591,3889,3730
5615,0,72,1,3,4,1,1,5608,3865,3731
5616,0,73,1,0,4,1,1,5605,3807,3782
5617,0,80,1,0,4,1,1,5527,3780,3733
5618,0,68,1,1,4,1,1,5465,3791,3732
5620,0,69,1,1,4,1,1,5546,3791,3733
5621,0,68,1,1,4,1,1,5606,3800,3761
5622,0,80,0,0,4,1,1,5573,3771,-1
5624,0,70,0,0,4,1,1,5553,3757,-1
5627,0,67,1,0,4,1,1,5577,3860,3764
5629,0,70,1,2,3,1,0,5620,3814,3761
5630,0,68,1,2,4,1,1,5455,3916,3755
5632,0,67,1,0,4,1,1,5519,3814,3756
5633,0,67,1,0,4,1,1,5524,3855,3752
5634,0,68,0,0,4,1,1,5584,3765,-1
5636,0,67,1,1,4,1,1,5590,3850,3741
5637,0,79,0,0,4,1,1,5405,3759,-1
5638,0,69,1,0,4,1,1,5612,3770,3743
5640,0,73,1,0,4,1,1,5615,3794,3751
5641,0,80,1,2,4,1,1,5527,3866,3755
5643,0,81,0,0,4,1,1,5617,3780,-1
5644,0,69,1,0,4,1,1,5618,3781,3753
5646,0,70,0,0,4,1,1,5638,3770,-1
5647,0,69,0,0,4,1,1,5546,3775,-1
5650,0,71,1,1,4,1,1,5375,3796,3758
5652,0,67,0,0,4,1,1,5590,3776,-1
5655,0,68,0,0,4,1,1,5465,3787,-1
5656,0,68,1,0,4,1,1,5636,3803,3783
5658,0,70,0,0,4,1,1,5644,3781,-1
5659,0,74,0,0,4,1,1,5640,3783,-1
5661,0,69,1,0,4,1,1,5612,3800,3767
5662,0,81,1,0,4,1,1,5641,3823,3790
5665,0,73,1,0,4,1,1,5615,3794,3762
5666,0,79,0,0,4,1,1,5446,3788,-1
5667,0,67,0,0,4,1,1,5524,3786,-1
5669,0,72,1,0,4,1,1,5650,3793,3763
5670,0,69,0,0,4,1,1,5618,3791,-1
5672,0,66,0,0,4,1,1,5332,3784,-1
5674,0,71,1,0,3,1,0,5629,3786,3765
5675,0,68,0,0,4,1,1,5455,3789,-1
5677,0,80,1,1,4,1,1,5527,3819,3768
5679,0,72,0,0,3,1,0,5674,3786,-1
5680,0,69,1,0,4,1,1,5621,3836,3770
5682,0,68,0,0,4,1,1,5632,3814,-1
5684,0,74,0,0,4,1,1,5665,3794,-1
5685,0,73,1,3,5,1,0,5615,3888,3823
5687,0,68,0,0,4,1,1,5591,3789,-1
5690,0,70,0,0,4,1,1,5661,3800,-1
5691,0,67,1,0,4,1,1,5577,3839,3800
5694,0,69,1,0,4,1,1,5630,3815,3783
5695,0,69,0,0,4,1,1,5621,3800,-1
5698,0,68,0,0,4,1,1,5627,3860,-1
5700,0,74,0,0,4,1,1,5616,3802,-1
5701,0,81,1,0,4,1,1,5677,3816,3791
5702,0,70,0,0,4,1,1,5680,3836,-1
5703,0,69,0,0,4,1,1,5656,3803,-1
5704,0,70,0,0,4,1,1,5694,3815,-1
5706,0,68,1,3,4,1,1,5606,3979,3843
5708,0,71,1,3,4,1,1,5375,3916,3829
5712,0,71,1,1,3,1,0,5629,3858,3793
5713,0,69,1,1,4,1,1,5630,3835,3794
5714,0,69,1,2,4,1,1,5612,3861,3796
5715,0,68,0,0,4,1,1,5636,3823,-1
5716,0,82,0,0,4,1,1,5662,3823,-1
5720,0,68,1,0,4,1,1,5455,3843,3823
5722,0,82,0,0,4,1,1,5701,3816,-1
5725,0,72,1,1,3,1,0,5712,3859,3818
5726,0,67,1,3,4,1,1,5524,3886,3799
5727,0,68,0,0,4,1,1,5465,3820,-1
5728,0,81,1,3,4,1,1,5641,3929,3827
5729,0,70,1,0,4,1,1,5714,3834,3801
5734,0,70,1,0,4,1,1,5713,3831,3814
5736,0,68,0,0,4,1,1,5691,3839,-1
5739,0,69,0,0,4,1,1,5630,3825,-1
5740,0,71,0,0,4,1,1,5729,3834,-1
5741,0,68,0,0,4,1,1,5633,3855,-1
5742,0,69,1,1,4,1,1,5612,3847,3812
5744,0,67,1,3,4,1,1,5524,3902,3810
5745,0,70,1,0,4,1,1,5714,3903,3812
5746,0,67,1,5,4,1,1,5577,3946,3814
5747,0,68,1,0,4,1,1,5726,3872,3823
5748,0,71,0,0,4,1,1,5745,3855,-1
5749,0,70,1,0,4,1,1,5742,3855,3828
5753,0,68,1,0,4,1,1,5746,3860,3831
5754,0,67,0,0,4,1,1,5524,3849,-1
5756,0,70,0,0,4,1,1,5714,3861,-1
5757,0,73,1,1,3,1,0,5725,3873,3821
5762,0,67,0,0,4,1,1,5577,3843,-1
5763,0,74,1,1,3,1,0,5757,3893,3841
5764,0,74,1,1,5,1,0,5685,3914,3829
5766,0,69,0,0,4,1,1,5720,3843,-1
5767,0,72,0,0,3,1,0,5712,3858,-1
5769,0,68,1,3,4,1,1,5744,3956,3832
5770,0,71,0,0,4,1,1,5749,3855,-1
5771,0,68,0,0,4,1,1,5636,3850,-1
5772,0,68,1,0,4,1,1,5726,3877,3834
5773,0,72,1,0,4,1,1,5708,3855,3834
5774,0,69,0,0,4,1,1,5747,3865,-1
5777,0,69,0,0,4,1,1,5753,3860,-1
5778,0,81,0,0,4,1,1,5641,3866,-1
5780,0,73,0,0,4,1,1,5773,3855,-1
5782,0,74,1,0,5,1,0,5685,3876,3848
5783,0,71,0,0,4,1,1,5375,3895,-1
5785,0,69,0,0,4,1,1,5612,3881,-1
5786,0,68,1,0,4,1,1,5746,3894,3855
5787,0,68,1,0,4,1,1,5744,3882,3843
5789,0,68,1,1,4,1,1,5726,3882,3845
5790,0,72,1,0,4,1,1,5708,3865,3845
5791,0,75,1,4,3,1,0,5763,4033,3859
5792,0,69,0,0,4,1,1,5772,3877,-1
5795,0,69,1,2,4,1,1,5706,3920,3848
5796,0,73,0,0,4,1,1,5790,3865,-1
5797,0,69,0,0,4,1,1,5630,3916,-1
5798,0,74,0,0,3,1,0,5757,3873,-1
5800,0,70,1,2,4,1,1,5795,3952,3855
5802,0,68,1,0,4,1,1,5744,3890,3855
5803,0,69,1,0,4,1,1,5789,3881,3854
5805,0,67,1,0,4,1,1,5577,3906,3859
5806,0,72,1,2,4,1,1,5708,3957,3880
5807,0,75,1,0,5,1,0,5764,3919,3882
5808,0,69,1,0,4,1,1,5706,3906,3858
5809,0,69,0,0,4,1,1,5787,3880,-1
5811,0,74,1,0,5,1,0,5685,3890,3860
5812,0,69,0,0,4,1,1,5802,3890,-1
5815,0,71,1,1,4,1,1,5800,3970,3885
5816,0,69,0,0,4,1,1,5786,3894,-1
5817,0,71,0,0,4,1,1,5745,3903,-1
5818,0,69,1,1,4,1,1,5769,3927,3881
5819,0,70,0,0,4,1,1,5803,3881,-1
5821,0,76,1,0,3,1,0,5791,3913,3878
5823,0,69,0,0,4,1,1,5789,3882,-1
5825,0,68,0,0,4,1,1,5744,3883,-1
5826,0,75,0,0,5,1,0,5811,3890,-1
5827,0,70,1,0,4,1,1,5795,3914,3888
5828,0,69,1,4,4,1,1,5706,3981,3890
5830,0,67,1,0,4,1,1,5577,3905,3870
5833,0,68,1,0,4,1,1,5746,3913,3880
5834,0,68,0,0,4,1,1,5805,3906,-1
5835,0,68,0,0,4,1,1,5830,3905,-1
5836,0,75,0,0,3,1,0,5763,3893,-1
5837,0,68,1,2,4,1,1,5606,3932,3877
5839,0,82,1,0,4,1,1,5728,3908,3880
5840,0,67,0,0,4,1,1,5577,3905,-1
5842,0,69,1,1,4,1,1,5837,3933,3893
5844,0,77,0,0,3,1,0,5821,3913,-1
5846,0,83,0,0,4,1,1,5839,3908,-1
5848,0,70,1,0,4,1,1,5818,3914,3892
5851,0,76,0,0,5,1,0,5807,3916,-1
5853,0,68,0,0,3,1,0,5606,3907,-1
5854,0,73,1,1,4,1,1,5806,4039,3915
5855,0,76,1,0,3,1,0,5791,3931,3888
5856,0,72,1,0,4,1,1,5815,3951,3921
5859,0,82,1,2,4,1,1,5728,3952,3891
5860,0,68,1,0,4,1,1,5746,3914,3894
5861,0,72,0,0,4,1,1,5708,3916,-1
5862,0,75,0,0,5,1,0,5764,3914,-1
5864,0,77,0,0,3,1,0,5855,3931,-1
5865,0,71,0,0,4,1,1,5827,3914,-1
5870,0,70,1,3,4,1,1,5828,4120,3899
5871,0,71,1,2,4,1,1,5800,3952,3905
5872,0,83,1,1,4,1,1,5859,3962,3905
5873,0,70,1,2,4,1,1,5842,3969,3905
5875,0,69,1,0,4,1,1,5769,3950,3905
5877,0,70,0,0,4,1,1,5795,3920,-1
5878,0,82,1,1,4,1,1,5728,3951,3902
5879,0,69,1,2,4,1,1,5837,3970,3904
5880,0,68,1,0,4,1,1,5746,3986,3905
5883,0,83,1,2,4,1,1,5878,4054,3917
5885,0,70,0,0,4,1,1,5818,3927,-1
5886,0,70,0,0,4,1,1,5875,3950,-1
5887,0,69,0,0,4,1,1,5880,3986,-1
5890,0,70,1,3,4,1,1,5879,4055,3926
5891,0,71,1,1,5,1,0,5873,4018,3926
5895,0,70,1,2,4,1,1,5828,3990,3917
5896,0,71,1,2,4,1,1,5870,4038,3973
5897,0,82,0,0,4,1,1,5728,3929,-1
5899,0,72,1,3,4,1,1,5871,4055,3917
5900,0,69,0,0,4,1,1,5837,3932,-1
5901,0,83,1,3,4,1,1,5859,4111,3925
5902,0,70,0,0,4,1,1,5842,3933,-1
5903,0,69,1,0,4,1,1,5769,3974,3923
5916,0,84,1,4,4,1,1,5883,4074,3932
5920,0,84,1,1,4,1,1,5872,4035,3934
5922,0,73,0,0,4,1,1,5856,3951,-1
5923,0,73,1,2,4,1,1,5806,4021,3926
5924,0,73,1,1,4,1,1,5899,4037,3981
5925,0,70,1,0,4,1,1,5828,3993,3935
5926,0,70,0,0,4,1,1,5903,3974,-1
5927,0,72,1,2,4,1,1,5871,4020,3932
5928,0,69,0,0,4,1,1,5706,3948,-1
5929,0,74,1,1,4,1,1,5854,4045,3939
5930,0,71,1,2,4,1,1,5895,4042,3929
5931,0,84,1,0,4,1,1,5901,3983,3949
5932,0,74,1,2,4,1,1,5923,3998,3940
5933,0,72,1,1,5,1,0,5891,4029,3937
5934,0,72,0,0,4,1,1,5815,3970,-1
5937,0,72,1,0,4,1,1,5930,3999,3947
5938,0,83,0,0,4,1,1,5859,3952,-1
5939,0,71,1,0,4,1,1,5873,3990,3937
5940,0,70,1,1,4,1,1,5879,4023,3936
5941,0,73,0,0,4,1,1,5806,3957,-1
5943,0,85,1,0,4,1,1,5916,3993,3967
5946,0,71,1,5,4,1,1,5890,4142,3943
5947,0,71,1,3,4,1,1,5895,4156,3951
5948,0,71,1,0,4,1,1,5940,3990,3955
5949,0,72,0,0,4,1,1,5939,3990,-1
5950,0,73,1,0,5,1,0,5933,3999,3960
5951,0,75,1,0,4,1,1,5929,3981,3956
5952,0,75,1,1,4,1,1,5932,4020,3945
5953,0,73,1,1,4,1,1,5927,4049,3946
5954,0,70,1,0,4,1,1,5828,4046,3946
5956,0,74,0,0,4,1,1,5854,3992,-1
5957,0,71,0,0,4,1,1,5873,3969,-1
5958,0,71,1,0,4,1,1,5890,4013,3954
5960,0,85,1,4,4,1,1,5920,4147,3954
5962,0,76,1,0,4,1,1,5952,4042,3955
5963,0,75,1,0,4,1,1,5932,3996,3971
5965,0,74,1,1,4,1,1,5923,4028,3958
5968,0,70,0,0,4,1,1,5828,3981,-1
5969,0,69,0,0,4,1,1,5706,3979,-1
5970,0,72,0,0,5,1,0,5891,4018,-1
5971,0,73,1,0,4,1,1,5927,4065,3968
5973,0,84,1,0,4,1,1,5883,4008,3979
5975,0,71,0,0,4,1,1,5895,3977,-1
5976,0,71,1,0,4,1,1,5890,4013,3966
5978,0,84,0,0,4,1,1,5901,3982,-1
5980,0,85,0,0,4,1,1,5920,3997,-1
5981,0,73,0,0,4,1,1,5937,3999,-1
5983,0,71,0,0,4,1,1,5940,4000,-1
5986,0,71,0,0,4,1,1,5890,4007,-1
5988,0,85,1,0,4,1,1,5916,4020,3991
5989,0,73,0,0,5,1,0,5933,4029,-1
5990,0,73,0,0,4,1,1,5927,4020,-1
5991,0,75,0,0,4,1,1,5932,3998,-1
5993,0,72,0,0,4,1,1,5930,3999,-1
5994,0,71,1,0,4,1,1,5870,4008,3985
5997,0,72,1,0,4,1,1,5896,4029,3986
5998,0,74,1,0,4,1,1,5924,4096,3986
5999,0,72,1,0,4,1,1,5946,4064,3987
6001,0,72,1,0,4,1,1,5947,4047,4024
6002,0,84,1,0,4,1,1,5901,4065,3993
6004,0,76,1,1,3,1,0,5791,4067,3998
6005,0,74,1,0,4,1,1,5953,4051,3991
6007,0,72,0,0,4,1,1,5958,4013,-1
6009,0,86,1,0,4,1,1,5960,4039,3995
6011,0,73,1,1,4,1,1,5899,4056,4014
6012,0,71,0,0,5,1,0,5954,4017,-1
6014,0,71,0,0,4,1,1,5870,4019,-1
6016,0,72,1,1,4,1,1,5896,4055,3998
6017,0,84,0,0,5,1,0,5883,4054,-1
6020,0,74,0,0,4,1,1,5924,4031,-1
6022,0,85,1,0,4,1,1,5916,4027,4011
6023,0,72,1,7,4,1,1,5946,4365,4008
6025,0,77,1,4,3,1,0,6004,4137,4004
6026,0,77,0,0,4,1,1,5962,4042,-1
6029,0,75,1,0,4,1,1,5965,4052,4004
6030,0,74,0,0,4,1,1,5971,4065,-1
6031,0,74,0,0,4,1,1,5923,4021,-1
6032,0,72,1,1,4,1,1,5930,4068,4008
6033,0,76,1,2,3,1,0,5791,4122,4011
6034,0,72,0,0,4,1,1,5896,4038,-1
6037,0,78,1,2,3,1,0,6025,4099,4056
6038,0,74,0,0,4,1,1,5953,4049,-1
6042,0,86,1,1,4,1,1,5960,4062,4018
6043,0,77,1,2,3,1,0,6033,4068,4030
6044,0,72,0,0,4,1,1,5930,4037,-1
6045,0,75,0,0,4,1,1,5998,4096,-1
6046,0,74,1,2,4,1,1,6011,4156,4024
6049,0,73,1,0,4,1,1,6016,4052,4024
6050,0,73,1,4,4,1,1,6023,4175,4026
6053,0,76,0,0,4,1,1,6029,4052,-1
6054,0,73,1,0,4,1,1,6032,4061,4032
6057,0,71,0,0,4,1,1,5954,4046,-1
6058,0,73,1,0,4,1,1,5899,4058,4026
6059,0,72,0,0,4,1,1,5946,4052,-1
6062,0,84,1,1,4,1,1,5901,4117,4067
6063,0,71,1,2,4,1,1,5870,4122,4030
6064,0,85,1,0,4,1,1,5916,4063,4031
6066,0,86,1,1,4,1,1,5960,4138,4033
6068,0,87,1,0,4,1,1,6042,4076,4033
6071,0,75,1,0,4,1,1,6046,4084,4061
6072,0,74,0,0,4,1,1,6049,4052,-1
6073,0,73,0,0,4,1,1,6016,4054,-1
6074,0,78,1,2,3,1,0,6043,4145,4036
6075,0,74,1,3,4,1,1,6050,4125,4038
6077,0,79,1,2,3,1,0,6074,4149,4067
6079,0,71,0,0,4,1,1,5870,4120,-1
6080,0,85,0,0,4,1,1,6002,4057,-1
6081,0,77,1,1,3,1,0,6033,4102,4057
6083,0,85,0,0,4,1,1,5916,4074,-1
6086,0,86,1,0,4,1,1,5960,4080,4064
6087,0,73,0,0,4,1,1,6032,4068,-1
6089,0,78,1,0,3,1,0,6043,4068,4046
6092,0,73,1,0,4,1,1,6023,4176,4125
6095,0,72,1,2,4,1,1,5947,4199,4095
6097,0,72,1,3,4,1,1,6063,4128,4061
6098,0,87,1,0,4,1,1,6066,4121,4082
6100,0,74,1,0,4,1,1,6050,4117,4086
6105,0,72,1,2,4,1,1,5946,4160,4088
6112,0,79,1,0,3,1,0,6037,4106,4060
6113,0,78,1,0,3,1,0,6081,4085,4061
6116,0,80,0,0,3,1,0,6112,4106,-1
6117,0,73,1,0,4,1,1,6097,4114,4079
6118,0,79,0,0,3,1,0,6113,4085,-1
6120,0,78,1,0,3,1,0,6025,4089,4066
6121,0,76,0,0,4,1,1,6071,4084,-1
6122,0,77,0,0,3,1,0,6033,4122,-1
6126,0,79,0,0,3,1,0,6120,4089,-1
6127,0,79,1,0,3,1,0,6037,4103,4080
6128,0,72,1,3,4,1,1,6063,4172,4072
6129,0,78,0,0,3,1,0,6081,4102,-1
6130,0,85,1,0,4,1,1,6062,4109,4072
6131,0,75,1,0,4,1,1,6046,4159,4120
6132,0,80,1,0,3,1,0,6077,4103,4078
6133,0,78,1,1,3,1,0,6025,4124,4093
6134,0,86,0,0,4,1,1,6130,4102,-1
6137,0,75,1,1,4,1,1,6075,4127,4082
6138,0,72,0,0,4,1,1,6063,4102,-1
6139,0,81,0,0,3,1,0,6132,4103,-1
6141,0,80,0,0,3,1,0,6127,4103,-1
6142,0,76,1,4,4,1,1,6137,4234,4097
6144,0,73,1,9,4,1,1,6097,4351,4090
6145,0,85,0,0,4,1,1,6062,4117,-1
6146,0,86,0,0,4,1,1,5960,4147,-1
6147,0,80,1,3,3,1,0,6077,4211,4104
6148,0,75,1,0,4,1,1,6075,4121,4093
6149,0,87,0,0,4,1,1,6066,4131,-1
6150,0,73,1,3,4,1,1,6105,4222,4093
6151,0,74,0,0,4,1,1,6117,4114,-1
6152,0,74,0,0,4,1,1,6144,4119,-1
6153,0,88,0,0,4,1,1,6098,4121,-1
6154,0,74,1,0,4,1,1,6150,4155,4125
6155,0,79,1,2,3,1,0,6133,4227,4097
6156,0,72,1,0,4,1,1,5946,4151,4099
6157,0,79,1,1,3,1,0,6074,4163,4121
6159,0,73,1,0,4,1,1,6097,4124,4101
6160,0,73,1,1,4,1,1,6128,4187,4121
6161,0,77,1,0,4,1,1,6142,4150,4119
6162,0,80,0,0,3,1,0,6155,4136,-1
6163,0,75,1,0,4,1,1,6075,4130,4104
6164,0,73,1,2,4,1,1,6105,4185,4130
6165,0,73,0,0,4,1,1,6156,4137,-1
6166,0,78,1,2,3,1,0,6025,4291,4108
6167,0,74,0,0,4,1,1,6159,4124,-1
6168,0,72,1,0,4,1,1,5947,4141,4105
6169,0,74,1,4,4,1,1,6050,4243,4125
6171,0,76,0,0,4,1,1,6137,4127,-1
6172,0,73,1,0,4,1,1,6095,4139,4109
6173,0,79,0,0,3,1,0,6133,4124,-1
6174,0,81,1,0,3,1,0,6147,4144,4108
6175,0,72,1,0,4,1,1,5946,4133,4110
6176,0,79,1,1,3,1,0,6166,4152,4124
6177,0,74,0,0,4,1,1,6172,4139,-1
6179,0,82,0,0,3,1,0,6174,4144,-1
6181,0,72,0,0,4,1,1,5947,4156,-1
6183,0,73,1,1,4,1,1,6095,4197,4121
6184,0,72,0,0,4,1,1,5946,4142,-1
6187,0,80,0,0,3,1,0,6077,4149,-1
6189,0,78,0,0,4,1,1,6161,4150,-1
6190,0,76,0,0,4,1,1,6131,4155,-1
6191,0,80,1,0,3,1,0,6157,4158,4128
6192,0,74,1,0,4,1,1,6183,4192,4126
6193,0,74,1,0,4,1,1,6160,4227,4151
6197,0,80,1,1,3,1,0,6176,4166,4129
6198,0,77,1,5,4,1,1,6142,4254,4132
6199,0,75,1,2,4,1,1,6169,4181,4130
6200,0,75,0,0,4,1,1,6046,4155,-1
6201,0,73,0,0,4,1,1,6095,4199,-1
6202,0,73,1,3,4,1,1,6128,4401,4133
6205,0,81,0,0,3,1,0,6191,4158,-1
6206,0,81,1,0,3,1,0,6197,4166,4141
6207,0,74,1,5,4,1,1,6164,4304,4148
6208,0,76,1,0,4,1,1,6199,4193,4135
6209,0,79,1,0,3,1,0,6166,4212,4176
6210,0,75,0,0,4,1,1,6154,4155,-1
6211,0,74,1,0,4,1,1,6050,4166,4143
6212,0,74,1,2,4,1,1,6144,4286,4146
6213,0,78,1,0,4,1,1,6198,4226,4153
6214,0,74,0,0,4,1,1,6183,4197,-1
6216,0,80,0,0,3,1,0,6157,4163,-1
6217,0,77,0,0,4,1,1,6208,4193,-1
6218,0,73,0,0,4,1,1,6105,4160,-1
6219,0,75,1,4,4,1,1,6169,4382,4141
6222,0,73,1,0,4,1,1,6023,4346,4236
6223,0,73,1,0,4,1,1,6128,4164,4143
6225,0,74,1,1,4,1,1,6150,4207,4149
6226,0,82,0,0,3,1,0,6206,4166,-1
6227,0,76,1,0,4,1,1,6199,4192,4147
6228,0,75,0,0,4,1,1,6192,4186,-1
6229,0,76,1,1,4,1,1,6219,4324,4152
6230,0,77,1,0,4,1,1,6142,4184,4149
6231,0,75,1,0,4,1,1,6212,4194,4163
6233,0,75,1,1,4,1,1,6169,4263,4157
6234,0,74,0,0,4,1,1,6050,4175,-1
6235,0,75,1,2,4,1,1,6225,4248,4156
6238,0,74,0,0,4,1,1,6092,4176,-1
6240,0,73,0,0,4,1,1,6128,4172,-1
6241,0,77,0,0,4,1,1,6229,4213,-1
6242,0,76,0,0,4,1,1,6199,4181,-1
6243,0,74,1,0,4,1,1,6164,4177,4159
6244,0,74,1,0,4,1,1,6144,4227,4160
6245,0,74,1,0,4,1,1,6150,4223,4172
6246,0,78,0,0,4,1,1,6230,4184,-1
6248,0,77,1,1,4,1,1,6142,4227,4161
6250,0,76,0,0,4,1,1,6235,4183,-1
6251,0,81,1,2,3,1,0,6147,4262,4161
6252,0,74,0,0,4,1,1,6160,4180,-1
6254,0,78,1,0,4,1,1,6198,4201,4172
6256,0,74,1,1,4,1,1,6202,4254,4227
6257,0,76,1,0,4,1,1,6233,4197,4166
6258,0,80,1,3,3,1,0,6155,4282,4167
6259,0,82,1,1,3,1,0,6251,4200,4175
6261,0,75,1,0,4,1,1,6207,4206,4178
6262,0,76,1,0,4,1,1,6219,4257,4186
6264,0,74,1,0,4,1,1,6144,4242,4171
6265,0,75,1,1,4,1,1,6169,4285,4213
6266,0,81,1,0,3,1,0,6258,4200,4171
6267,0,81,1,1,3,1,0,6147,4250,4178
6269,0,82,0,0,3,1,0,6266,4200,-1
6270,0,75,1,0,4,1,1,6212,4212,4189
6272,0,80,1,1,3,1,0,6155,4216,4183
6273,0,75,0,0,4,1,1,6225,4207,-1
6274,0,83,1,0,3,1,0,6259,4212,4179
6275,0,80,0,0,3,1,0,6209,4212,-1
6277,0,81,1,2,3,1,0,6258,4278,4225
6278,0,75,0,0,4,1,1,6193,4213,-1
6279,0,78,1,0,4,1,1,6198,4215,4185
6280,0,82,1,1,3,1,0,6267,4247,4216
6282,0,75,0,0,4,1,1,6245,4223,-1
6283,0,81,1,0,3,1,0,6272,4225,4189
6286,0,75,1,0,4,1,1,6207,4228,4189
6288,0,81,0,0,3,1,0,6147,4211,-1
6289,0,84,0,0,3,1,0,6274,4212,-1
6290,0,74,1,1,4,1,1,6144,4269,4198
6293,0,79,0,0,4,1,1,6213,4219,-1
6294,0,76,1,1,4,1,1,6235,4279,4201
6295,0,80,0,0,3,1,0,6155,4227,-1
6298,0,82,0,0,3,1,0,6283,4225,-1
6299,0,82,1,1,3,1,0,6251,4233,4196
6301,0,78,1,0,4,1,1,6198,4216,4198
6303,0,74,0,0,4,1,1,6150,4222,-1
6304,0,83,1,0,3,1,0,6299,4266,4203
6305,0,76,0,0,4,1,1,6219,4250,-1
6307,0,78,1,0,4,1,1,6248,4245,4203
6310,0,77,0,0,4,1,1,6262,4220,-1
6312,0,75,0,0,4,1,1,6264,4242,-1
6313,0,76,0,0,4,1,1,6286,4228,-1
6314,0,77,1,0,4,1,1,6294,4272,4232
6315,0,82,0,0,3,1,0,6251,4257,-1
6316,0,84,0,0,3,1,0,6304,4266,-1
6317,0,74,1,1,4,1,1,6144,4254,4209
6319,0,78,1,0,4,1,1,6198,4273,4226
6321,0,75,0,0,4,1,1,6244,4227,-1
6322,0,79,0,0,3,1,0,6166,4243,-1
6323,0,77,0,0,4,1,1,6142,4231,-1
6324,0,75,1,2,4,1,1,6207,4300,4246
6325,0,75,1,0,4,1,1,6317,4240,4217
6327,0,76,1,0,4,1,1,6265,4313,4246
6328,0,79,0,0,4,1,1,6307,4245,-1
6330,0,74,1,0,4,1,1,6144,4256,4220
6331,0,83,1,1,3,1,0,6280,4353,4219
6333,0,76,0,0,4,1,1,6325,4238,-1
6334,0,76,1,0,4,1,1,6235,4248,4222
6335,0,84,1,1,3,1,0,6331,4334,4249
6336,0,75,0,0,4,1,1,6169,4243,-1
6337,0,75,0,0,4,1,1,6330,4242,-1
6338,0,75,1,0,4,1,1,6290,4262,4230
6340,0,82,0,0,3,1,0,6267,4250,-1
6341,0,77,0,0,4,1,1,6334,4248,-1
6343,0,76,0,0,4,1,1,6233,4259,-1
6346,0,77,0,0,4,1,1,6262,4257,-1
6347,0,74,1,0,4,1,1,6144,4290,4231
6351,0,75,1,0,4,1,1,6256,4255,4232
6352,0,82,1,4,3,1,0,6277,4348,4240
6354,0,76,0,0,4,1,1,6338,4262,-1
6355,0,81,1,1,3,1,0,6258,4267,4235
6356,0,78,0,0,4,1,1,6198,4254,-1
6357,0,76,0,0,4,1,1,6351,4255,-1
6360,0,82,1,0,3,1,0,6355,4267,4242
6361,0,74,0,0,4,1,1,6222,4270,-1
6362,0,75,0,0,4,1,1,6290,4269,-1
6363,0,77,0,0,4,1,1,6294,4279,-1
6365,0,75,0,0,4,1,1,6347,4290,-1
6366,0,83,1,0,3,1,0,6352,4285,4244
6367,0,81,0,0,3,1,0,6258,4282,-1
6370,0,74,1,0,4,1,1,6202,4303,4263
6371,0,83,0,0,3,1,0,6360,4267,-1
6373,0,79,0,0,4,1,1,6319,4273,-1
6375,0,74,1,1,4,1,1,6144,4341,4262
6376,0,82,1,1,3,1,0,6277,4343,4250
6377,0,84,0,0,3,1,0,6366,4285,-1
6381,0,85,1,4,3,1,0,6335,4376,4254
6382,0,83,1,1,3,1,0,6352,4339,4262
6383,0,83,1,0,3,1,0,6376,4317,4291
6384,0,77,0,0,4,1,1,6327,4313,-1
6385,0,77,1,2,4,1,1,6229,4335,4256
6386,0,75,1,0,4,1,1,6207,4279,4257
6389,0,86,1,0,3,1,0,6381,4318,4258
6392,0,76,1,1,4,1,1,6219,4291,4259
6396,0,76,0,0,4,1,1,6265,4285,-1
6397,0,76,1,0,4,1,1,6324,4293,4263
6398,0,77,1,0,4,1,1,6392,4286,4264
6399,0,79,0,0,3,1,0,6166,4291,-1
6400,0,87,0,0,4,1,0,6389,4318,-1
6402,0,73,1,0,4,1,1,6023,4300,4270
6403,0,84,1,0,3,1,0,6382,4291,4265
6404,0,75,1,0,4,1,1,6375,4287,4267
6405,0,77,0,0,4,1,1,6229,4324,-1
6406,0,75,1,1,4,1,1,6207,4312,4269
6408,0,77,0,0,4,1,1,6397,4293,-1
6409,0,78,0,0,4,1,1,6398,4286,-1
6410,0,76,1,2,4,1,1,6219,4343,4291
6411,0,85,0,0,3,1,0,6403,4291,-1
6412,0,76,0,0,4,1,1,6404,4287,-1
6413,0,83,1,2,3,1,0,6352,4352,4271
6415,0,76,1,1,4,1,1,6324,4374,4274
6416,0,74,0,0,4,1,1,6402,4300,-1
6417,0,77,0,0,4,1,1,6392,4291,-1
6418,0,84,1,1,3,1,0,6413,4325,4275
6419,0,75,0,0,4,1,1,6375,4341,-1
6421,0,85,1,0,3,1,0,6418,4348,4282
6422,0,76,1,3,4,1,1,6406,4356,4288
6423,0,83,1,0,3,1,0,6352,4331,4302
6424,0,78,1,5,4,1,1,6385,4455,4290
6426,0,77,1,1,4,1,1,6415,4367,4333
6427,0,86,0,0,4,1,0,6421,4348,-1
6428,0,73,1,1,4,1,1,6023,4368,4295
6429,0,86,1,1,3,1,0,6381,4399,4293
6432,0,74,0,0,4,1,1,6222,4346,-1
6433,0,74,1,1,3,1,0,6144,4346,4315
6435,0,84,1,0,3,1,0,6413,4344,4296
6436,0,77,1,0,4,1,1,6422,4350,4307
6437,0,74,0,0,4,1,1,6202,4326,-1
6438,0,79,1,4,4,1,1,6424,4394,4297
6439,0,77,1,0,4,1,1,6410,4356,4296
6441,0,84,0,0,3,1,0,6383,4317,-1
6443,0,87,0,0,3,1,0,6429,4322,-1
6444,0,85,0,0,3,1,0,6335,4334,-1
6445,0,78,1,4,4,1,1,6385,4410,4306
6446,0,74,1,3,4,1,1,6428,4437,4340
6447,0,83,0,0,3,1,0,6376,4343,-1
6448,0,80,1,2,4,1,1,6438,4464,4321
6450,0,84,0,0,3,1,0,6382,4339,-1
6451,0,86,1,1,3,1,0,6381,4331,4306
6454,0,73,1,2,4,1,1,6023,4426,4314
6455,0,77,1,3,4,1,1,6410,4410,4307
6457,0,79,1,1,4,1,1,6424,4387,4329
6459,0,87,1,0,3,1,0,6451,4333,4311
6460,0,84,0,0,3,1,0,6423,4331,-1
6461,0,84,0,0,3,1,0,6331,4347,-1
6462,0,78,1,0,4,1,1,6455,4352,4318
6464,0,78,0,0,4,1,1,6436,4350,-1
6466,0,77,1,1,4,1,1,6422,4358,4320
6467,0,74,0,0,4,1,1,6454,4336,-1
6468,0,75,1,0,3,1,0,6433,4346,4318
6469,0,76,0,0,3,1,0,6468,4346,-1
6470,0,78,1,0,4,1,1,6466,4365,4333
6471,0,74,0,0,4,1,1,6144,4351,-1
6472,0,81,1,0,4,1,1,6448,4394,4338
6473,0,79,0,0,4,1,1,6462,4352,-1
6476,0,84,0,0,3,1,0,6413,4352,-1
6477,0,77,1,0,4,1,1,6422,4366,4332
6478,0,86,1,1,3,1,0,6381,4386,4353
6479,0,73,1,0,4,1,1,6023,4363,4332
6480,0,78,1,0,4,1,1,6455,4367,4359
6481,0,83,0,0,3,1,0,6352,4348,-1
6482,0,80,1,1,4,1,1,6438,4409,4332
6483,0,81,0,0,4,1,1,6482,4361,-1
6484,0,78,1,2,4,1,1,6426,4451,4337
6487,0,78,0,0,4,1,1,6477,4366,-1
6488,0,79,1,1,4,1,1,6424,4399,4347
6489,0,87,1,1,3,1,0,6429,4407,4366
6490,0,77,0,0,4,1,1,6422,4356,-1
6491,0,82,0,0,4,1,1,6472,4394,-1
6492,0,80,1,2,4,1,1,6438,4452,4347
6493,0,74,0,0,4,1,1,6479,4363,-1
6494,0,79,1,2,4,1,1,6484,4432,4359
6495,0,75,1,1,4,1,1,6446,4449,4379
6496,0,79,1,3,4,1,1,6445,4434,4347
6499,0,74,1,1,4,1,1,6202,4412,4350
6500,0,78,0,0,4,1,1,6426,4367,-1
6504,0,81,1,0,4,1,1,6492,4389,4356
6505,0,74,1,3,4,1,1,6454,4417,4353
6506,0,80,1,0,4,1,1,6457,4381,4357
6507,0,80,1,0,4,1,1,6496,4383,4355
6508,0,75,1,2,4,1,1,6499,4435,4362
6510,0,80,1,0,4,1,1,6488,4433,4365
6513,0,87,1,0,3,1,0,6478,4382,4356
6514,0,79,1,1,4,1,1,6445,4445,4357
6515,0,80,1,2,4,1,1,6438,4428,4358
6516,0,75,1,0,4,1,1,6505,4395,4361
6517,0,79,0,0,4,1,1,6424,4388,-1
6520,0,88,0,0,3,1,0,6513,4382,-1
6521,0,82,0,0,4,1,1,6504,4389,-1
6522,0,81,0,0,4,1,1,6448,4376,-1
6524,0,74,1,2,4,1,1,6454,4504,4375
6526,0,80,1,0,4,1,1,6496,4456,4366
6527,0,80,1,1,4,1,1,6494,4421,4385
6528,0,76,0,0,4,1,1,6516,4395,-1
6529,0,76,1,0,4,1,1,6508,4391,4366
6530,0,80,0,0,4,1,1,6514,4383,-1
6532,0,81,0,0,4,1,1,6492,4384,-1
6533,0,79,1,0,4,1,1,6445,4389,4368
6534,0,80,0,0,4,1,1,6438,4394,-1
6537,0,78,1,0,4,1,1,6455,4435,4382
6538,0,79,1,0,4,1,1,6484,4470,4424
6540,0,81,0,0,4,1,1,6526,4401,-1
6541,0,74,0,0,4,1,1,6202,4401,-1
6542,0,88,1,1,3,1,0,6489,4430,4375
6546,0,75,1,1,4,1,1,6505,4419,4372
6547,0,77,0,0,4,1,1,6529,4391,-1
6548,0,80,0,0,4,1,1,6533,4388,-1
6549,0,81,1,1,4,1,1,6482,4411,4374
6550,0,75,0,0,4,1,1,6499,4412,-1
6551,0,76,1,4,4,1,1,6508,4510,4397
6552,0,82,1,2,4,1,1,6549,4458,4380
6554,0,79,1,1,4,1,1,6445,4453,4380
6555,0,76,1,0,4,1,1,6546,4436,4407
6556,0,89,1,1,3,1,0,6542,4454,4385
6557,0,75,1,2,4,1,1,6524,4432,4381
6560,0,76,1,0,4,1,1,6495,4451,4421
6561,0,81,0,0,4,1,1,6482,4405,-1
6563,0,80,1,1,4,1,1,6496,4487,4413
6564,0,74,0,0,4,1,1,6454,4425,-1
6565,0,75,1,2,4,1,1,6505,4469,4388
6566,0,81,1,1,4,1,1,6515,4451,4389
6567,0,90,1,1,3,1,0,6556,4452,4415
6568,0,75,1,0,4,1,1,6446,4466,4391
6569,0,81,1,0,4,1,1,6492,4418,4393
6570,0,75,0,0,4,1,1,6524,4412,-1
6571,0,79,1,1,4,1,1,6424,4451,4393
6574,0,81,1,0,4,1,1,6527,4437,4393
6575,0,89,0,0,3,1,0,6542,4430,-1
6577,0,79,0,0,4,1,1,6537,4413,-1
6578,0,83,1,0,4,1,1,6552,4462,4396
6579,0,80,1,0,4,1,1,6494,4421,4398
6582,0,80,1,0,4,1,1,6554,4494,4410
6583,0,76,1,0,4,1,1,6557,4432,4399
6585,0,81,1,1,4,1,1,6448,4469,4435
6586,0,81,1,0,4,1,1,6515,4515,4414
6587,0,75,1,0,4,1,1,6446,4433,4406
6588,0,77,1,1,4,1,1,6551,4462,4419
6590,0,82,1,0,4,1,1,6566,4472,4415
6591,0,79,1,3,4,1,1,6424,4574,4415
6593,0,81,0,0,4,1,1,6527,4421,-1
6594,0,84,0,0,4,1,1,6578,4462,-1
6595,0,76,0,0,4,1,1,6508,4435,-1
6596,0,81,0,0,4,1,1,6510,4433,-1
6597,0,80,1,0,4,1,1,6514,4441,4412
6599,0,83,1,0,4,1,1,6552,4455,4422
6601,0,76,1,5,4,1,1,6557,4545,4415
6604,0,77,0,0,4,1,1,6583,4432,-1
6606,0,76,0,0,4,1,1,6587,4433,-1
6608,0,81,0,0,4,1,1,6597,4441,-1
6609,0,81,1,3,4,1,1,6563,4485,4420
6610,0,81,0,0,4,1,1,6526,4456,-1
6611,0,91,1,1,3,1,0,6567,4480,4427
6613,0,80,1,0,4,1,1,6571,4499,4423
6615,0,80,0,0,4,1,1,6514,4445,-1
6618,0,81,0,0,4,1,1,6582,4494,-1
6620,0,82,0,0,4,1,1,6586,4472,-1
6621,0,78,1,0,4,1,1,6588,4458,4430
6622,0,81,0,0,4,1,1,6492,4451,-1
6624,0,80,0,0,4,1,1,6538,4470,-1
6625,0,77,1,0,4,1,1,6551,4523,4434
6627,0,92,1,1,3,1,0,6611,4478,4450
6628,0,76,0,0,4,1,1,6495,4449,-1
6630,0,75,1,0,4,1,1,6524,4478,4437
6632,0,77,0,0,4,1,1,6560,4451,-1
6634,0,81,0,0,4,1,1,6563,4452,-1
6636,0,76,1,2,4,1,1,6565,4489,4438
6639,0,82,0,0,4,1,1,6566,4451,-1
6641,0,83,0,0,4,1,1,6590,4472,-1
6643,0,82,1,0,4,1,1,6585,4477,4441
6644,0,80,0,0,4,1,1,6591,4459,-1
6646,0,84,0,0,4,1,1,6599,4455,-1
6650,0,82,1,2,4,1,1,6609,4514,4443
6651,0,79,0,0,4,1,1,6621,4458,-1
6653,0,76,0,0,4,1,1,6630,4478,-1
6654,0,77,1,1,4,1,1,6601,4514,4461
6655,0,77,1,1,4,1,1,6636,4546,4445
6656,0,77,1,1,4,1,1,6551,4530,4447
6657,0,81,0,0,4,1,1,6448,4461,-1
6658,0,78,0,0,5,1,0,6625,4523,-1
6661,0,76,1,0,4,1,1,6565,4487,4449
6662,0,83,0,0,4,1,1,6643,4471,-1
6663,0,83,1,3,4,1,1,6650,4613,4454
6664,0,82,1,0,4,1,1,6609,4488,4454
6665,0,93,1,2,3,1,0,6627,4568,4454
6668,0,78,1,2,4,1,1,6655,4543,4463
6671,0,77,1,3,4,1,1,6636,4569,4456
6674,0,77,1,3,4,1,1,6551,4619,4482
6675,0,84,1,0,4,1,1,6663,4546,4511
6676,0,83,0,0,4,1,1,6664,4488,-1
6677,0,94,1,1,3,1,0,6665,4537,4469
6681,0,92,0,0,3,1,0,6611,4480,-1
6682,0,77,0,0,4,1,1,6661,4487,-1
6684,0,82,1,1,4,1,1,6609,4519,4470
6685,0,81,0,0,4,1,1,6563,4487,-1
6686,0,81,0,0,4,1,1,6613,4499,-1
6689,0,78,1,1,4,1,1,6654,4521,4466
6691,0,78,1,0,4,1,1,6656,4510,4499
6692,0,77,0,0,4,1,1,6636,4489,-1
6693,0,93,0,0,3,1,0,6627,4478,-1
6695,0,78,1,0,4,1,1,6671,4597,4495
6696,0,79,1,2,4,1,1,6668,4549,4509
6698,0,75,0,0,4,1,1,6524,4504,-1
6699,0,77,1,0,4,1,1,6601,4524,4473
6702,0,78,0,0,4,1,1,6655,4504,-1
6705,0,80,1,2,4,1,1,6591,4556,4476
6706,0,95,1,0,3,1,0,6677,4558,4484
6707,0,83,1,0,4,1,1,6684,4502,4481
6709,0,78,0,0,4,1,0,6654,4514,-1
6710,0,81,1,0,4,1,1,6705,4519,4488
6711,0,94,1,1,3,1,0,6665,4557,4480
6713,0,83,1,4,4,1,1,6650,4623,4483
6714,0,77,1,1,4,1,1,6601,4520,4484
6715,0,95,1,1,3,1,0,6711,4529,4483
6716,0,79,1,0,4,1,1,6689,4524,4492
6717,0,80,1,0,4,1,1,6591,4512,4488
6718,0,78,1,0,4,1,1,6674,4537,4492
6719,0,96,1,0,3,1,0,6715,4540,4487
6720,0,96,0,0,3,1,0,6706,4558,-1
6721,0,78,1,0,4,1,1,6714,4516,4489
6723,0,82,0,0,4,1,1,6586,4515,-1
6725,0,94,0,0,3,1,0,6665,4522,-1
6726,0,83,0,0,4,1,1,6684,4519,-1
6727,0,97,0,0,3,1,0,6719,4540,-1
6729,0,81,0,0,4,1,1,6717,4512,-1
6730,0,77,0,0,4,1,1,6551,4510,-1
6731,0,82,0,0,4,1,1,6710,4518,-1
6733,0,79,0,0,4,1,1,6721,4516,-1
6734,0,83,0,0,4,1,1,6650,4514,-1
6735,0,77,1,0,4,1,1,6601,4534,4495
6736,0,79,0,0,4,1,1,6718,4537,-1
6737,0,95,0,0,3,1,0,6711,4557,-1
6739,0,80,1,0,4,1,1,6591,4554,4501
6740,0,78,0,0,4,1,1,6699,4524,-1
6741,0,78,0,0,4,1,1,6714,4520,-1
6742,0,78,0,0,4,1,1,6735,4527,-1
6743,0,81,1,10,4,1,1,6705,4780,4505
6745,0,78,1,0,4,1,1,6674,4554,4503
6746,0,79,0,0,4,1,1,6695,4597,-1
6747,0,78,1,7,4,1,1,6671,4654,4506
6749,0,84,1,1,4,1,1,6713,4548,4510
6751,0,78,0,0,4,1,1,6656,4526,-1
6752,0,77,1,1,4,1,1,6601,4561,4517
6753,0,79,1,1,4,1,1,6747,4610,4512
6754,0,80,1,4,4,1,1,6696,4761,4514
6756,0,78,1,2,4,1,1,6674,4634,4590
6758,0,85,1,0,4,1,1,6749,4542,4515
6760,0,78,1,0,4,1,1,6671,4553,4527
6762,0,80,1,3,4,1,1,6753,4650,4518
6763,0,95,0,0,3,1,0,6677,4537,-1
6765,0,81,0,0,4,1,1,6754,4535,-1
6766,0,82,1,3,4,1,1,6743,4611,4519
6768,0,79,1,0,4,1,1,6668,4550,4526
6770,0,81,0,0,9,1,0,6705,4556,-1
6771,0,85,0,0,5,1,0,6675,4546,-1
6773,0,84,1,0,4,1,1,6663,4554,4524
6774,0,79,0,0,4,1,1,6745,4554,-1
6776,0,79,1,0,4,1,1,6747,4564,4524
6778,0,78,0,0,4,1,1,6655,4546,-1
6779,0,78,1,3,4,1,1,6752,4605,4531
6781,0,80,1,0,4,1,1,6696,4552,4525
6783,0,86,0,0,4,1,1,6758,4542,-1
6784,0,85,0,0,4,1,1,6749,4541,-1
6786,0,84,1,0,4,1,1,6713,4569,4542
6787,0,81,1,0,4,1,1,6762,4581,4548
6790,0,77,0,0,4,1,1,6601,4545,-1
6791,0,80,0,0,4,1,1,6776,4564,-1
6792,0,85,0,0,4,1,1,6773,4554,-1
6793,0,82,1,0,4,1,1,6743,4565,4549
6794,0,80,0,0,4,1,1,6768,4550,-1
6795,0,80,0,0,4,1,1,6753,4610,-1
6796,0,83,1,2,4,1,1,6766,4647,4557
6797,0,79,1,0,4,1,1,6747,4581,4534
6799,0,78,0,0,4,1,1,6671,4559,-1
6801,0,80,0,0,4,1,1,6797,4581,-1
6803,0,79,1,1,4,1,1,6779,4607,4550
6804,0,79,1,1,4,1,1,6747,4612,4554
6806,0,78,0,0,4,1,1,6752,4561,-1
6809,0,81,1,2,4,1,1,6754,4627,4559
6811,0,85,0,0,4,1,1,6786,4569,-1
6814,0,84,1,1,4,1,1,6713,4591,4553
6818,0,80,1,0,4,1,1,6803,4596,4558
6819,0,84,1,0,4,1,1,6663,4582,4563
6824,0,81,1,0,4,1,1,6762,4594,4570
6826,0,85,1,0,4,1,1,6814,4597,4563
6827,0,82,1,0,4,1,1,6743,4614,4560
6829,0,79,1,2,4,1,1,6779,4630,4561
6830,0,84,1,0,4,1,1,6796,4592,4569
6831,0,80,1,2,4,1,1,6804,4645,4574
6832,0,84,1,1,4,1,1,6713,4667,4564
6833,0,79,1,1,4,1,1,6747,4717,4578
6834,0,82,1,0,4,1,1,6809,4614,4585
6835,0,82,0,0,4,1,1,6787,4581,-1
6837,0,80,1,0,4,1,1,6829,4588,4566
6838,0,83,1,0,4,1,1,6766,4654,4568
6841,0,81,1,0,4,1,1,6754,4632,4570
6842,0,81,0,0,4,1,1,6837,4588,-1
6843,0,82,1,0,4,1,1,6743,4604,4572
6844,0,79,1,2,4,1,1,6779,4637,4572
6846,0,84,0,0,4,1,1,6663,4613,-1
6847,0,85,0,0,4,1,1,6814,4591,-1
6850,0,84,0,0,4,1,1,6713,4591,-1
6851,0,82,0,0,4,1,1,6824,4594,-1
6852,0,85,0,0,4,1,1,6830,4592,-1
6853,0,80,1,1,4,1,1,6844,4624,4587
6854,0,86,0,0,4,1,1,6826,4597,-1
6856,0,84,0,0,4,1,1,6838,4596,-1
6857,0,83,1,0,4,1,1,6766,4619,4584
6858,0,81,1,0,4,1,1,6831,4603,4586
6859,0,85,0,0,4,1,1,6832,4625,-1
6860,0,84,1,1,4,1,1,6796,4666,4588
6861,0,81,1,0,4,1,1,6762,4642,4615
6862,0,81,1,2,4,1,1,6754,4715,4583
6863,0,79,0,0,4,1,1,6779,4598,-1
6864,0,80,1,0,4,1,1,6833,4648,4613
6865,0,80,1,0,4,1,1,6829,4618,4595
6866,0,80,0,0,4,1,1,6804,4612,-1
6870,0,84,0,0,4,1,1,6857,4614,-1
6871,0,79,1,2,4,1,1,6747,4680,4589
6872,0,81,1,0,4,1,1,6853,4625,4596
6875,0,81,1,2,4,1,1,6754,4702,4658
6876,0,80,1,7,4,1,1,6871,4794,4641
6877,0,85,1,0,4,1,1,6860,4638,4611
6878,0,79,1,0,4,1,1,6756,4652,4594
6879,0,83,0,0,4,1,1,6766,4611,-1
6881,0,84,0,0,4,1,1,6713,4623,-1
6882,0,82,1,4,4,1,1,6809,4720,4597
6884,0,81,1,1,4,1,1,6831,4655,4597
6885,0,80,1,5,4,1,1,6844,4710,4598
6886,0,82,0,0,4,1,1,6862,4643,-1
6887,0,84,0,0,4,1,1,6796,4616,-1
6888,0,81,0,0,4,1,1,6865,4618,-1
6889,0,80,0,0,4,1,1,6878,4652,-1
6893,0,78,0,0,4,1,1,6674,4619,-1
6894,0,82,1,0,4,1,1,6884,4631,4602
6895,0,82,1,2,4,1,1,6743,4714,4625
6896,0,79,1,0,4,1,1,6756,4641,4605
6897,0,81,1,0,4,1,1,6885,4642,4616
6898,0,80,0,0,4,1,1,6829,4630,-1
6899,0,81,0,0,4,1,1,6853,4624,-1
6902,0,80,0,0,4,1,1,6844,4637,-1
6905,0,79,1,2,4,1,1,6747,4705,4613
6907,0,83,0,0,4,1,1,6894,4631,-1
6908,0,82,0,0,4,1,1,6884,4655,-1
6910,0,79,0,0,4,1,1,6756,4634,-1
6911,0,80,1,0,4,1,0,6905,4736,4632
6913,0,81,0,0,4,1,1,6864,4648,-1
6916,0,82,0,0,4,1,1,6841,4632,-1
6917,0,82,0,0,4,1,1,6861,4642,-1
6918,0,83,1,1,4,1,1,6882,4699,4622
6919,0,85,0,0,4,1,1,6860,4666,-1
6921,0,82,0,0,4,1,1,6897,4642,-1
6922,0,84,0,0,4,1,1,6838,4654,-1
6923,0,86,0,0,4,1,1,6877,4638,-1
6926,0,79,0,0,4,1,1,6747,4654,-1
6928,0,81,0,0,4,1,1,6762,4650,-1
6929,0,84,1,0,4,1,1,6918,4678,4641
6930,0,81,1,0,4,1,1,6885,4653,4627
6934,0,83,1,0,5,1,0,6895,4652,4631
6935,0,82,0,0,4,1,1,6930,4653,-1
6936,0,83,1,1,4,1,1,6882,4782,4657
6939,0,84,0,0,5,1,0,6934,4652,-1
6940,0,82,1,1,4,1,1,6743,4703,4637
6943,0,85,1,0,4,1,1,6832,4695,4639
6944,0,81,1,4,4,1,1,6885,4745,4658
6948,0,83,1,0,4,1,1,6895,4681,4645
6949,0,86,0,0,4,1,1,6943,4695,-1
6950,0,81,1,0,4,1,1,6876,4708,4653
6954,0,82,1,0,4,1,1,6743,4750,4647
6955,0,83,1,0,4,1,1,6940,4675,4658
6956,0,85,0,0,4,1,1,6832,4667,-1
6958,0,80,1,1,4,1,1,6871,4678,4652
6959,0,83,0,0,4,1,1,6954,4669,-1
6963,0,81,1,0,4,1,1,6958,4696,4657
6966,0,82,1,0,4,1,1,6862,4708,4675
6967,0,82,1,0,4,1,1,6743,4695,4658
6969,0,83,0,0,4,1,1,6895,4714,-1
6971,0,84,0,0,4,1,1,6948,4681,-1
6972,0,85,0,0,4,1,1,6929,4678,-1
6974,0,84,1,1,4,1,1,6936,4787,4689
6975,0,82,0,0,4,1,1,6963,4696,-1
6976,0,82,1,0,4,1,1,6875,4700,4663
6977,0,81,1,1,4,1,1,6876,4696,4664
6978,0,82,1,0,4,1,1,6944,4717,4684
6979,0,82,0,0,4,1,1,6950,4708,-1
6980,0,83,0,0,4,1,1,6976,4700,-1
6981,0,83,1,4,4,1,1,6882,4811,4687
6982,0,81,1,4,4,1,1,6885,4856,4668
6983,0,82,1,0,4,1,1,6977,4744,4669
6984,0,83,0,0,4,1,1,6940,4703,-1
6985,0,81,0,0,4,1,1,6754,4761,-1
6987,0,80,1,0,4,1,1,6905,4696,4681
6989,0,82,1,1,4,1,1,6982,4712,4673
6990,0,82,1,0,4,1,1,6875,4703,4674
6991,0,81,1,0,4,1,1,6876,4701,4675
6992,0,83,0,0,4,1,1,6967,4695,-1
6993,0,80,0,0,4,1,1,6833,4717,-1
6994,0,83,1,2,4,1,1,6989,4746,4683
6997,0,81,1,2,4,1,1,6885,4811,4692
6998,0,82,0,0,4,1,1,6977,4696,-1
6999,0,82,0,0,4,1,1,6991,4699,-1
7001,0,83,0,0,7,1,0,6983,4744,-1
7003,0,82,1,0,4,1,1,6982,4740,4692
7004,0,82,0,0,4,1,1,6875,4702,-1
7005,0,83,0,0,4,1,1,6954,4734,-1
7006,0,81,1,7,4,1,1,6876,4824,4686
7008,0,82,1,0,4,1,1,6862,4706,4686
7009,0,83,0,0,4,1,1,6966,4708,-1
7010,0,84,1,0,4,1,1,6994,4712,4688
7011,0,82,1,3,4,1,1,7006,4781,4709
7012,0,83,0,0,4,1,1,7008,4706,-1
7013,0,84,1,1,4,1,1,6981,4752,4692
7014,0,85,1,1,4,1,1,6974,4819,4723
7015,0,83,0,0,4,1,1,6989,4712,-1
7016,0,83,0,0,4,1,1,6978,4717,-1
7018,0,82,0,0,4,1,1,6862,4715,-1
7020,0,83,1,2,4,1,1,6882,4763,4700
7021,0,81,0,0,4,1,0,6911,4736,-1
7024,0,82,1,2,4,1,1,6944,4820,4703
7025,0,85,1,0,4,1,1,7013,4744,4725
7027,0,84,1,3,4,1,1,6981,4849,4703
7030,0,84,0,0,4,1,1,6936,4782,-1
7034,0,85,1,0,4,1,1,7027,4794,4714
7037,0,84,1,0,4,1,1,6994,4736,4718
7042,0,84,0,0,4,1,1,6981,4730,-1
7043,0,83,1,2,4,1,1,7011,4777,4714
7045,0,82,1,1,4,1,1,6944,4746,4717
7046,0,84,1,0,4,1,1,7020,4780,4720
7049,0,82,1,9,4,1,1,6743,4914,4718
7050,0,81,1,1,4,1,1,6876,4790,4745
7052,0,84,1,0,4,1,1,7043,4744,4719
7054,0,86,0,0,4,1,1,7034,4794,-1
7055,0,82,1,0,4,1,1,7006,4766,4720
7059,0,83,1,0,4,1,1,7045,4781,4722
7062,0,83,1,0,4,1,1,7049,4775,4724
7063,0,83,1,1,4,1,1,7024,4809,4776
7064,0,85,1,0,4,1,1,7027,4850,4743
7065,0,83,1,0,4,1,1,7011,4748,4725
7066,0,84,0,0,4,1,1,7059,4781,-1
7067,0,85,0,0,4,1,1,7046,4780,-1
7068,0,85,0,0,4,1,1,7052,4744,-1
7069,0,82,1,0,4,1,1,6944,4775,4728
7070,0,86,1,1,4,1,1,7014,4844,4794
7071,0,84,0,0,4,1,1,7062,4775,-1
7072,0,84,0,0,4,1,1,6994,4746,-1
7073,0,82,1,0,4,1,1,6743,4766,4744
7074,0,84,1,0,4,1,1,7043,4805,4730
7075,0,84,0,0,4,1,1,7065,4748,-1
7076,0,84,1,0,4,1,1,7020,4765,4730
7077,0,82,1,0,4,1,1,7006,4760,4731
7078,0,83,0,0,4,1,1,7045,4746,-1
7079,0,82,1,0,4,1,1,6997,4775,4749
7080,0,83,1,1,4,1,1,7011,4839,4736
7081,0,82,1,0,4,1,1,6982,4787,4737
7082,0,85,0,0,4,1,1,7013,4752,-1
7083,0,85,0,0,4,1,1,6974,4776,-1
7088,0,84,0,0,4,1,1,7043,4773,-1
7091,0,82,1,0,4,1,1,7006,4792,4745
7092,0,84,0,0,4,1,1,7020,4763,-1
7093,0,83,0,0,4,1,1,7011,4781,-1
7095,0,83,1,1,4,1,1,7049,4791,4749
7097,0,83,0,0,4,1,1,7069,4773,-1
7099,0,85,0,0,4,1,1,7076,4765,-1
7100,0,83,0,0,4,1,1,7091,4792,-1
7102,0,82,1,2,4,1,1,7050,4897,4751
7104,0,83,0,0,4,1,1,7073,4766,-1
7106,0,84,1,0,4,1,1,7095,4784,4754
7108,0,82,0,0,4,1,1,6743,4780,-1
7109,0,85,0,0,4,1,1,7074,4805,-1
7110,0,84,1,0,4,1,1,6981,4823,4755
7111,0,83,1,1,4,1,1,7102,4800,4755
7112,0,82,1,1,4,1,1,7006,4851,4755
7113,0,81,1,0,4,1,1,6876,4789,4756
7115,0,83,0,0,4,1,1,7081,4787,-1
7116,0,82,1,5,4,1,1,6997,5045,4760
7117,0,85,0,0,4,1,1,7110,4808,-1
7119,0,83,1,0,4,1,1,7049,4809,4775
7121,0,82,0,0,4,1,1,7050,4781,-1
7123,0,82,1,1,3,1,0,7006,4817,4766
7124,0,81,1,0,4,1,1,6876,4789,4767
7126,0,84,1,3,4,1,1,6981,4924,4770
7127,0,84,0,0,4,1,1,7095,4791,-1
7130,0,83,1,2,4,1,1,7102,4913,4801
7131,0,84,1,3,4,1,1,7111,4899,4782
7132,0,83,1,1,4,1,1,7116,4880,4850
7133,0,82,1,0,4,1,1,6982,4855,4834
7135,0,83,1,0,3,1,0,7123,4811,4777
7136,0,82,1,0,4,1,1,7006,4801,4778
7140,0,84,1,5,4,1,1,7063,4903,4781
7141,0,84,0,0,3,1,0,7135,4811,-1
7142,0,83,0,0,4,1,1,7136,4801,-1
7143,0,82,0,0,4,1,1,6997,4804,-1
7148,0,85,1,3,4,1,1,7140,4884,4792
7149,0,83,1,0,4,1,1,7049,4907,4786
7150,0,85,0,0,4,1,1,7027,4807,-1
7151,0,84,0,0,4,1,1,7119,4809,-1
7152,0,85,1,0,4,1,1,7131,4821,4787
7154,0,83,1,0,4,1,1,7024,4816,4796
7155,0,85,1,0,4,1,1,7126,4848,4804
7156,0,84,1,0,5,1,0,7080,4852,4808
7157,0,82,0,0,4,1,1,7006,4806,-1
7158,0,84,0,0,4,1,1,7149,4810,-1
7159,0,83,1,2,4,1,1,7112,4978,4821
7162,0,84,0,0,4,1,1,7063,4809,-1
7165,0,86,0,0,4,1,1,7152,4821,-1
7167,0,84,0,0,4,1,1,6981,4811,-1
7170,0,83,0,0,3,1,0,7123,4817,-1
7173,0,83,1,1,4,1,1,7049,4847,4806
7174,0,85,1,0,4,1,1,7131,4849,4819
7175,0,87,1,1,4,1,1,7070,4874,4803
7176,0,84,0,0,4,1,1,7154,4816,-1
7177,0,86,1,0,4,1,1,7148,4850,4808
7178,0,85,1,0,4,1,1,7140,4827,4803
7180,0,86,0,0,4,1,1,7014,4819,-1
7183,0,86,0,0,4,1,1,7178,4827,-1
7184,0,86,0,0,4,1,1,7155,4848,-1
7185,0,85,0,0,5,1,0,7156,4852,-1
7187,0,87,0,0,4,1,1,7177,4850,-1
7189,0,87,0,0,4,1,1,7070,4841,-1
7190,0,85,1,1,4,1,1,7140,4977,4815
7191,0,85,1,3,4,1,1,7126,4948,4852
7192,0,85,1,0,4,1,1,7027,4843,4823
7195,0,88,1,0,4,1,1,7175,4857,4831
7196,0,83,1,0,4,1,1,7049,4843,4817
7197,0,84,1,1,4,1,1,7173,4894,4819
7198,0,86,1,1,4,1,1,7148,4914,4819
7199,0,84,0,0,4,1,1,7149,4837,-1
7200,0,86,0,0,4,1,1,7190,4847,-1
7202,0,83,0,0,4,1,1,7102,4845,-1
7203,0,84,0,0,4,1,1,7196,4840,-1
7204,0,87,1,5,4,1,1,7198,4987,4835
7206,0,84,1,5,4,1,1,7159,4984,4859
7207,0,85,1,1,4,1,1,7140,4907,4825
7208,0,85,1,1,4,1,1,7197,4871,4835
7211,0,83,1,0,4,1,1,7049,4856,4828
7212,0,86,0,0,4,1,1,7174,4849,-1
7214,0,84,0,0,4,1,1,7173,4847,-1
7215,0,85,0,0,4,1,1,7131,4847,-1
7216,0,86,1,0,4,1,1,7148,4889,4832
7217,0,83,0,0,5,1,0,7112,4851,-1
7219,0,86,1,0,4,1,1,7207,4866,4842
7220,0,89,0,0,4,1,1,7195,4857,-1
7221,0,83,1,0,4,1,1,7049,4887,4839
7222,0,83,0,0,4,1,1,7133,4855,-1
7223,0,86,1,4,4,1,1,7208,5001,4843
7224,0,84,0,0,4,1,1,7221,4887,-1
7227,0,87,0,0,4,1,1,7198,4914,-1
7229,0,88,0,0,4,1,1,7175,4874,-1
7230,0,85,0,0,4,1,1,7197,4894,-1
7231,0,85,1,1,4,1,1,7140,4882,4851
7232,0,84,1,1,4,1,1,7130,4924,4858
7233,0,87,1,3,4,1,1,7223,4976,4847
7236,0,86,0,0,4,1,1,7148,4884,-1
7239,0,83,1,0,4,1,1,7049,4884,4849
7241,0,88,1,0,4,1,1,7204,4882,4851
7242,0,88,0,0,4,1,1,7233,4871,-1
7243,0,86,0,0,4,1,1,7207,4878,-1
7247,0,86,0,0,4,1,1,7208,4871,-1
7248,0,83,0,0,4,1,1,7102,4897,-1
7249,0,84,0,0,4,1,1,7239,4884,-1
7253,0,84,1,0,4,1,1,7132,4886,4855
7255,0,87,0,0,4,1,1,7216,4880,-1
7256,0,86,1,0,4,1,1,7231,4892,4856
7257,0,89,0,0,4,1,1,7241,4882,-1
7259,0,84,0,0,4,1,1,7149,4907,-1
7260,0,86,1,2,4,1,1,7191,4933,4857
7263,0,83,1,3,4,1,1,7116,4956,4874
7266,0,87,0,0,4,1,1,7256,4892,-1
7267,0,86,1,1,4,1,1,7190,4961,4871
7268,0,87,1,3,4,1,1,7260,4959,4862
7269,0,85,0,0,4,1,1,7140,4903,-1
7270,0,88,1,0,4,1,1,7204,4960,4862
7271,0,85,1,5,4,1,1,7232,5019,4884
7272,0,85,1,0,4,1,1,7126,4886,4866
7273,0,85,0,0,4,1,1,7253,4886,-1
7274,0,87,1,0,4,1,1,7223,4907,4881
7275,0,85,1,0,4,1,1,7131,4895,4866
7276,0,85,1,1,4,1,1,7206,4914,4883
7277,0,86,0,0,4,1,1,7231,4882,-1
7278,0,84,1,1,4,1,1,7130,4944,4877
7279,0,84,1,1,4,1,1,7159,5018,4940
7281,0,86,1,3,4,1,1,7191,5138,4889
7283,0,88,1,1,4,1,1,7204,4969,4882
7284,0,87,1,0,4,1,1,7260,4985,4876
7286,0,88,1,1,4,1,1,7268,4929,4892
7287,0,84,1,0,4,1,1,7263,4916,4885
7288,0,83,0,0,4,1,1,7049,4914,-1
7289,0,88,0,0,4,1,1,7284,4911,-1
7291,0,85,1,0,4,1,1,7278,4930,4887
7292,0,83,1,0,4,1,1,7116,4921,4887
7295,0,87,0,0,4,1,1,7260,4908,-1
7296,0,88,0,0,4,1,1,7274,4907,-1
7297,0,89,1,1,4,1,1,7283,4985,4926
7300,0,87,1,0,4,1,1,7267,4914,4888
7301,0,86,1,2,4,1,1,7276,4950,4888
7302,0,85,0,0,4,1,1,7126,4924,-1
7304,0,84,0,0,4,1,1,7130,4913,-1
7305,0,88,1,0,4,1,1,7233,4964,4920
7307,0,85,0,0,4,1,1,7287,4916,-1
7309,0,84,0,0,4,1,1,7292,4918,-1
7310,0,88,0,0,4,1,1,7300,4914,-1
7311,0,87,1,0,4,1,1,7301,4941,4912
7312,0,86,0,0,4,1,1,7291,4925,-1
7313,0,85,1,5,4,1,1,7206,5101,4915
7316,0,88,1,0,4,1,1,7204,5043,4915
7318,0,85,0,0,4,1,1,7232,4924,-1
7320,0,87,0,0,4,1,1,7267,4925,-1
7321,0,86,1,0,4,1,1,7191,4928,4901
7323,0,86,1,0,4,1,1,7271,4950,4901
7324,0,88,1,3,4,1,1,7268,5053,4906
7327,0,87,1,2,4,1,1,7223,5002,4924
7329,0,87,1,0,4,1,1,7281,4938,4908
7330,0,89,1,0,4,1,1,7286,4928,4908
7331,0,84,1,0,4,1,1,7263,4937,4911
7332,0,87,0,0,4,1,1,7323,4950,-1
7336,0,86,1,0,4,1,1,7271,4940,4912
7337,0,83,1,0,4,1,1,7116,4952,4915
7338,0,90,0,0,4,1,1,7330,4928,-1
7339,0,89,1,1,4,1,1,7324,5029,4953
7340,0,89,0,0,4,1,1,7270,4960,-1
7341,0,88,0,0,4,1,1,7311,4941,-1
7342,0,88,0,0,4,1,1,7329,4937,-1
7346,0,84,0,0,4,1,1,7337,4952,-1
7349,0,86,0,0,4,1,1,7191,4948,-1
7350,0,87,0,0,4,1,1,7281,4956,-1
7351,0,84,1,2,4,1,1,7263,5051,4922
7352,0,89,0,0,4,1,1,7316,4950,-1
7353,0,87,1,0,4,1,1,7301,4947,4923
7354,0,86,1,1,4,1,1,7271,4962,4923
7355,0,87,0,0,4,1,1,7336,4940,-1
7356,0,88,1,3,4,1,1,7268,5061,4925
7357,0,85,1,1,4,1,1,7206,4982,4930
7359,0,86,0,0,4,1,1,7190,4977,-1
7360,0,85,1,3,4,1,1,7351,5041,4928
7363,0,88,0,0,4,1,1,7353,4947,-1
7364,0,87,1,0,4,1,1,7354,4983,4937
7365,0,88,1,0,4,1,1,7327,4959,4934
7366,0,88,1,0,4,1,1,7233,4958,4931
7367,0,89,1,3,4,1,1,7356,5165,4950
7368,0,86,1,2,4,1,1,7360,5229,4947
7369,0,87,0,0,4,1,1,7301,4950,-1
7371,0,86,1,0,4,1,1,7271,4960,4934
7374,0,87,1,2,4,1,1,7223,5075,4971
7375,0,87,0,0,4,1,1,7267,4961,-1
7377,0,89,0,0,4,1,1,7283,4969,-1
7378,0,85,1,1,4,1,1,7206,5018,4941
7381,0,88,1,2,4,1,1,7233,5051,4942
7384,0,89,0,0,4,1,1,7305,4964,-1
7386,0,85,1,0,4,1,1,7351,4987,4947
7387,0,88,1,0,4,1,1,7327,5009,4946
7389,0,88,0,0,4,1,1,7364,4960,-1
7390,0,87,0,0,4,1,1,7371,4960,-1
7392,0,88,1,1,4,1,1,7204,4998,4950
7393,0,84,0,0,4,1,1,7159,4978,-1
7395,0,90,1,4,4,1,1,7297,5108,4952
7398,0,85,1,0,4,1,1,7206,5015,4961
7399,0,88,0,0,4,1,1,7233,4969,-1
7401,0,86,1,0,4,1,1,7313,4972,4954
7403,0,86,1,1,4,1,1,7357,5160,4955
7404,0,83,1,0,4,1,1,7116,5003,4986
7405,0,86,1,1,4,1,1,7378,5024,4983
7407,0,88,0,0,4,1,1,7327,5002,-1
7408,0,85,0,0,4,1,1,7351,4987,-1
7409,0,90,1,0,4,1,1,7339,5008,4982
7410,0,88,0,0,4,1,1,7204,4987,-1
7412,0,89,1,1,4,1,1,7356,5025,4981
7414,0,86,1,1,4,1,1,7271,5042,4984
7417,0,87,0,0,4,1,1,7281,5016,-1
7419,0,90,0,0,4,1,1,7297,4985,-1
7420,0,85,1,1,4,1,1,7279,5023,4981
7421,0,88,0,0,4,1,1,7284,4985,-1
7423,0,89,1,0,4,1,1,7324,5023,4965
7424,0,86,1,0,4,1,1,7313,5030,4967
7426,0,86,1,1,4,1,1,7360,5097,4969
7427,0,90,0,0,4,1,1,7367,4988,-1
7430,0,87,0,0,4,1,1,7368,4998,-1
7432,0,86,0,0,4,1,1,7386,4983,-1
7433,0,89,1,1,4,1,1,7381,5049,4977
7434,0,89,1,0,4,1,1,7392,5043,4978
7435,0,89,0,0,4,1,1,7316,5006,-1
7437,0,91,1,0,4,1,1,7395,5009,4974
7438,0,87,1,0,4,1,1,7403,5054,5030
7440,0,86,0,0,4,1,1,7398,5015,-1
7441,0,86,1,0,4,1,1,7313,5005,4983
7443,0,87,0,0,4,1,1,7223,5001,-1
7445,0,86,1,0,4,1,1,7360,5031,4985
7447,0,87,1,1,4,1,1,7426,5041,4983
7448,0,88,1,2,4,1,1,7374,5088,4995
7450,0,91,1,3,4,1,1,7395,5137,4987
7453,0,90,1,0,4,1,1,7412,5012,4987
7454,0,87,1,1,4,1,1,7405,5101,4988
7459,0,87,1,0,4,1,1,7414,5053,5008
7460,0,86,1,1,4,1,1,7420,5128,4992
7461,0,90,1,0,4,1,1,7433,5018,4994
7462,0,90,0,0,4,1,1,7434,5043,-1
7464,0,84,0,0,4,1,1,7404,5003,-1
7465,0,92,0,0,4,1,1,7437,5008,-1
7467,0,92,1,0,4,1,1,7450,5039,5016
7469,0,85,0,0,5,1,0,7279,5018,-1
7470,0,86,1,0,4,1,1,7313,5064,5022
7471,0,90,0,0,4,1,1,7339,5029,-1
7472,0,86,0,0,4,1,1,7378,5018,-1
7473,0,89,1,1,4,1,1,7356,5106,5009
7474,0,88,1,2,4,1,1,7374,5128,5031
7477,0,89,1,0,4,1,1,7381,5027,5013
7478,0,87,0,0,4,1,1,7405,5024,-1
7480,0,91,1,0,5,1,0,7395,5038,5009
7482,0,87,0,0,4,1,1,7424,5030,-1
7483,0,87,0,0,4,1,1,7426,5097,-1
7484,0,88,1,1,4,1,1,7447,5115,5015
7485,0,88,1,1,4,1,1,7454,5083,5012
7489,0,90,1,1,4,1,1,7473,5067,5041
7490,0,92,0,0,5,1,0,7480,5038,-1
7491,0,89,1,0,4,1,1,7485,5093,5028
7493,0,90,1,1,4,1,1,7367,5107,5041
7494,0,90,0,0,4,1,1,7433,5039,-1
7495,0,89,1,0,4,1,1,7324,5171,5021
7496,0,89,0,0,4,1,1,7356,5061,-1
7497,0,91,1,0,4,1,1,7395,5094,5021
7499,0,89,1,0,5,1,0,7448,5049,5024
7501,0,93,0,0,4,1,1,7467,5039,-1
7504,0,87,1,1,4,1,1,7368,5111,5092
7505,0,88,0,0,4,1,1,7459,5053,-1
7506,0,86,0,0,4,1,1,7360,5041,-1
7507,0,89,0,0,4,1,1,7381,5051,-1
7510,0,92,1,4,4,1,1,7450,5215,5089
7513,0,87,0,0,4,1,1,7470,5064,-1
7514,0,92,0,0,4,1,1,7497,5066,-1
7515,0,89,0,0,4,1,1,7324,5053,-1
7517,0,91,0,0,4,1,1,7395,5108,-1
7518,0,90,0,0,5,1,0,7499,5049,-1
7520,0,88,0,0,4,1,1,7438,5053,-1
7522,0,89,1,3,4,1,1,7448,5153,5048
7524,0,86,1,0,4,1,0,7313,5068,5043
7525,0,90,0,0,4,1,1,7495,5081,-1
7526,0,89,1,0,4,1,1,7474,5078,5047
7528,0,88,0,0,4,1,1,7374,5075,-1
7532,0,91,1,0,4,1,1,7489,5066,5046
7535,0,87,0,0,4,1,0,7524,5068,-1
7536,0,87,0,0,4,1,0,7403,5106,-1
7537,0,91,1,1,4,1,1,7493,5109,5077
7538,0,89,1,1,4,1,1,7484,5110,5058
7539,0,90,1,0,4,1,1,7367,5113,5085
7540,0,90,1,0,4,1,1,7522,5082,5070
7541,0,89,0,0,4,1,1,7485,5074,-1
7542,0,90,0,0,4,1,1,7473,5106,-1
7545,0,86,0,0,4,1,1,7313,5101,-1
7546,0,87,1,1,4,1,1,7281,5202,5079
7550,0,89,1,2,4,1,1,7474,5184,5074
7553,0,89,0,0,4,1,1,7448,5077,-1
7555,0,90,0,0,4,1,1,7526,5078,-1
7556,0,87,1,2,4,1,1,7460,5198,5074
7557,0,90,1,0,4,1,1,7538,5090,5063
7558,0,88,0,0,4,1,1,7454,5101,-1
7560,0,91,0,0,4,1,1,7557,5083,-1
7566,0,89,0,0,4,1,1,7484,5115,-1
7567,0,88,1,0,4,1,1,7556,5118,5093
7568,0,90,1,0,4,1,1,7550,5105,5080
7570,0,90,1,0,4,1,1,7522,5104,5081
7571,0,92,1,4,4,1,1,7537,5215,5081
7574,0,88,1,1,4,1,1,7546,5246,5161
7575,0,91,0,0,4,1,1,7568,5105,-1
7576,0,89,0,0,4,1,1,7474,5128,-1
7577,0,87,0,0,4,1,1,7460,5128,-1
7578,0,91,0,0,4,1,1,7570,5104,-1
7579,0,93,1,2,4,1,1,7571,5176,5115
7582,0,87,1,0,4,1,1,7281,5134,5090
7583,0,90,1,2,4,1,1,7550,5162,5115
7584,0,91,0,0,4,1,1,7539,5113,-1
7585,0,90,1,6,4,1,1,7522,5333,5097
7587,0,90,0,0,4,1,1,7538,5108,-1
7588,0,93,1,0,4,1,1,7510,5141,5096
7590,0,88,0,0,4,1,1,7582,5134,-1
7591,0,90,1,0,4,1,1,7367,5114,5096
7592,0,88,1,3,4,1,1,7504,5169,5098
7593,0,89,0,0,4,1,1,7567,5118,-1
7596,0,92,1,2,4,1,1,7450,5210,5100
7597,0,87,0,0,4,1,1,7281,5138,-1
7598,0,91,1,2,4,1,1,7585,5208,5136
7599,0,93,1,1,4,1,1,7596,5193,5142
7602,0,89,1,1,4,1,1,7592,5165,5107
7603,0,93,1,3,4,1,1,7510,5213,5114
7604,0,90,0,0,4,1,1,7367,5123,-1
7607,0,94,0,0,4,1,1,7588,5140,-1
7610,0,90,0,0,4,1,1,7522,5142,-1
7611,0,92,0,0,4,1,1,7450,5137,-1
7613,0,88,1,2,4,1,1,7556,5182,5133
7614,0,90,1,0,4,1,1,7602,5165,5131
7618,0,87,0,0,4,1,0,7403,5160,-1
7623,0,89,1,0,4,1,1,7592,5156,5118
7624,0,94,1,0,4,1,1,7603,5142,5119
7627,0,94,1,2,4,1,1,7579,5299,5129
7628,0,91,1,1,4,1,1,7583,5154,5120
7631,0,95,0,0,4,1,1,7624,5142,-1
7632,0,92,1,0,4,1,1,7628,5177,5125
7633,0,93,1,2,4,1,1,7510,5181,5125
7634,0,93,1,4,4,1,1,7571,5271,5126
7635,0,90,0,0,4,1,1,7495,5157,-1
7636,0,90,0,0,4,1,1,7623,5156,-1
7637,0,89,1,1,4,1,1,7592,5184,5131
7638,0,94,1,0,4,1,1,7603,5165,5143
7639,0,94,1,0,4,1,1,7633,5181,5130
7640,0,90,0,0,4,1,1,7550,5173,-1
7641,0,94,1,0,4,1,1,7634,5196,5148
7642,0,91,1,2,4,1,1,7583,5212,5131
7643,0,87,1,0,4,1,1,7368,5188,5158
7647,0,92,0,0,4,1,1,7628,5154,-1
7648,0,92,1,2,4,1,1,7642,5285,5153
7649,0,91,0,0,4,1,1,7614,5165,-1
7650,0,90,1,5,4,1,1,7637,5240,5139
7651,0,93,1,0,4,1,1,7571,5203,5136
7652,0,89,1,1,4,1,1,7613,5236,5138
7653,0,94,1,0,4,1,1,7579,5168,5141
7654,0,95,1,3,4,1,1,7627,5216,5167
7655,0,94,1,0,4,1,1,7633,5166,5141
7656,0,94,0,0,4,1,1,7651,5193,-1
7657,0,91,0,0,4,1,1,7583,5162,-1
7659,0,89,0,0,4,1,1,7592,5169,-1
7660,0,88,0,0,4,1,1,7556,5198,-1
7661,0,91,1,0,4,1,1,7650,5207,5146
7663,0,95,0,0,4,1,1,7653,5168,-1
7664,0,94,1,0,4,1,1,7599,5184,5146
7666,0,91,1,0,4,1,1,7585,5184,5147
7667,0,93,1,0,4,1,1,7571,5191,5176
7668,0,95,0,0,4,1,1,7638,5165,-1
7669,0,93,0,0,4,1,1,7632,5177,-1
7670,0,89,1,0,4,1,1,7613,5178,5149
7671,0,90,1,4,4,1,1,7652,5415,5154
7673,0,93,1,3,4,1,1,7510,5310,5178
7675,0,91,1,0,4,1,1,7585,5191,5158
7678,0,93,1,0,4,1,1,7596,5187,5161
7679,0,92,1,3,4,1,1,7598,5319,5162
7680,0,94,0,0,4,1,1,7599,5186,-1
7682,0,94,1,1,4,1,1,7603,5247,5177
7683,0,89,0,0,4,1,1,7613,5182,-1
7685,0,94,0,0,4,1,1,7633,5181,-1
7686,0,90,0,0,4,1,1,7637,5184,-1
7689,0,91,1,0,4,1,1,7585,5221,5169
7691,0,92,1,0,4,1,1,7642,5210,5177
7693,0,93,1,0,4,1,1,7648,5223,5194
7694,0,91,1,0,4,1,1,7650,5199,5170
7697,0,94,0,0,4,1,1,7678,5187,-1
7698,0,88,0,0,4,1,1,7546,5193,-1
7700,0,92,1,1,4,1,1,7598,5270,5173
7702,0,96,1,0,4,1,1,7654,5225,5173
7703,0,93,1,1,4,1,1,7679,5245,5225
7704,0,92,0,0,4,1,1,7689,5218,-1
7706,0,90,0,0,4,1,1,7652,5236,-1
7707,0,92,0,0,4,1,1,7694,5199,-1
7709,0,93,1,1,4,1,1,7700,5259,5227
7710,0,89,1,0,4,1,1,7574,5216,5182
7713,0,91,1,0,4,1,1,7650,5223,5182
7714,0,95,1,1,4,1,1,7682,5248,5214
7716,0,92,0,0,4,1,1,7598,5208,-1
7718,0,95,1,1,4,1,1,7627,5294,5220
7721,0,96,1,4,4,1,1,7654,5305,5186
7722,0,94,1,2,4,1,1,7673,5238,5186
7724,0,93,0,0,4,1,1,7571,5203,-1
7726,0,94,0,0,4,1,1,7603,5213,-1
7730,0,92,0,0,4,1,1,7642,5212,-1
7731,0,93,0,0,4,1,1,7510,5215,-1
7732,0,93,0,0,4,1,1,7691,5210,-1
7733,0,97,0,0,4,1,1,7702,5225,-1
7735,0,92,0,0,4,1,1,7713,5223,-1
7737,0,97,1,0,4,1,1,7721,5224,5208
7738,0,89,0,0,4,1,1,7574,5226,-1
7739,0,91,1,0,4,1,1,7650,5290,5198
7740,0,90,0,0,4,1,1,7710,5216,-1
7742,0,95,1,2,4,1,1,7722,5362,5195
7743,0,96,1,0,4,1,1,7654,5238,5197
7746,0,94,1,0,4,1,1,7673,5233,5197
7751,0,95,0,0,4,1,1,7746,5233,-1
7752,0,91,1,0,4,1,1,7671,5271,5215
7754,0,97,0,0,4,1,1,7743,5238,-1
7755,0,95,1,0,4,1,1,7722,5230,5206
7758,0,92,0,0,4,1,1,7739,5290,-1
7760,0,94,1,1,4,1,1,7673,5249,5212
7761,0,91,1,0,4,1,1,7650,5233,5211
7762,0,94,1,0,4,1,1,7634,5302,5228
7763,0,93,1,0,4,1,1,7648,5320,5216
7765,0,87,0,0,4,1,1,7368,5229,-1
7769,0,95,1,0,4,1,1,7760,5245,5221
7771,0,95,0,0,4,1,1,7722,5238,-1
7773,0,96,1,0,4,1,1,7714,5241,5218
7776,0,91,1,1,4,1,1,7585,5313,5233
7777,0,92,0,0,4,1,1,7752,5271,-1
7781,0,94,0,0,4,1,1,7763,5247,-1
7782,0,91,0,0,4,1,1,7650,5239,-1
7783,0,94,0,0,4,1,1,7673,5248,-1
7784,0,97,0,0,4,1,1,7773,5241,-1
7785,0,96,1,4,4,1,1,7742,5316,5247
7786,0,95,0,0,4,1,1,7682,5239,-1
7787,0,96,0,0,4,1,1,7718,5247,-1
7788,0,96,0,0,4,1,1,7769,5245,-1
7789,0,91,1,1,4,1,1,7671,5327,5288
7790,0,93,0,0,4,1,1,7648,5285,-1
7794,0,94,1,4,4,1,1,7703,5347,5232
7795,0,94,1,1,4,1,1,7709,5281,5232
7796,0,95,0,0,4,1,1,7760,5249,-1
7797,0,95,0,0,4,1,1,7762,5278,-1
7803,0,94,1,3,4,1,1,7634,5387,5239
7805,0,95,1,0,4,1,1,7803,5333,5311
7806,0,93,0,0,4,1,1,7700,5270,-1
7809,0,95,1,0,4,1,1,7795,5286,5253
7811,0,97,1,1,4,1,1,7721,5355,5247
7813,0,94,1,0,4,1,1,7634,5274,5250
7816,0,95,1,0,4,1,1,7794,5286,5250
7817,0,97,1,0,4,1,1,7785,5293,5252
7820,0,98,1,0,4,1,1,7811,5292,5257
7822,0,96,0,0,4,1,1,7816,5283,-1
7823,0,95,0,0,4,1,1,7813,5274,-1
7824,0,96,1,0,4,1,1,7718,5286,5256
7825,0,98,0,0,4,1,1,7817,5273,-1
7826,0,91,1,0,4,1,1,7585,5317,5286
7827,0,97,1,5,4,1,1,7721,5403,5257
7828,0,96,1,3,4,1,1,7742,5392,5277
7829,0,95,1,0,4,1,1,7794,5302,5275
7830,0,97,1,3,4,1,1,7785,5343,5264
7832,0,99,0,0,4,1,1,7820,5292,-1
7833,0,95,0,0,4,1,1,7795,5281,-1
7834,0,96,0,0,4,1,1,7718,5294,-1
7835,0,92,1,0,4,1,1,7776,5372,5279
7836,0,98,0,0,4,1,1,7811,5350,-1
7837,0,94,0,0,4,1,1,7763,5320,-1
7838,0,97,1,0,4,1,1,7721,5286,5268
7839,0,98,1,3,4,1,1,7827,5379,5274
7842,0,97,1,0,4,1,1,7785,5307,5275
7845,0,93,1,1,4,1,1,7679,5309,5278
7847,0,97,0,0,4,1,1,7721,5305,-1
7848,0,99,1,0,4,1,1,7839,5325,5287
7849,0,96,0,0,4,1,1,7829,5302,-1
7850,0,98,1,0,4,1,1,7830,5330,5285
7851,0,94,1,0,4,1,1,7845,5319,5283
7852,0,98,0,0,4,1,1,7842,5307,-1
7853,0,98,1,0,4,1,1,7827,5398,5284
7854,0,93,0,0,3,1,0,7835,5321,-1
7856,0,97,1,0,4,1,1,7785,5323,5286
7857,0,95,1,0,4,1,1,7794,5330,5286
7859,0,95,0,0,4,1,1,7851,5319,-1
7860,0,93,1,5,4,1,1,7679,5401,5300
7861,0,92,0,0,4,1,1,7776,5313,-1
7867,0,98,0,0,4,1,1,7856,5310,-1
7868,0,92,0,0,4,1,1,7826,5317,-1
7870,0,100,0,0,4,1,1,7848,5325,-1
7871,0,92,1,1,4,1,0,7789,5334,5293
7872,0,96,0,0,4,1,1,7742,5319,-1
7873,0,94,0,0,4,1,0,7845,5309,-1
7875,0,98,1,0,4,1,1,7827,5380,5300
7876,0,98,1,1,4,1,1,7830,5386,5296
7877,0,99,0,0,5,1,0,7850,5330,-1
7878,0,97,0,0,4,1,1,7785,5316,-1
7880,0,95,1,5,4,1,1,7794,5380,5303
7882,0,99,1,0,4,1,1,7839,5346,5310
7883,0,93,1,0,4,1,0,7871,5326,5303
7885,0,96,0,0,4,1,1,7857,5330,-1
7886,0,92,0,0,4,1,1,7789,5319,-1
7889,0,94,1,2,4,1,1,7860,5415,5309
7894,0,98,1,3,4,1,1,7830,5432,5306
7895,0,91,0,0,4,1,1,7585,5333,-1
7896,0,96,1,0,4,1,1,7880,5330,5308
7898,0,99,1,0,4,1,1,7894,5339,5315
7900,0,97,0,0,4,1,1,7896,5330,-1
7903,0,95,0,0,4,1,1,7794,5347,-1
7904,0,99,1,0,4,1,1,7876,5369,5328
7905,0,93,0,0,4,1,0,7871,5334,-1
7906,0,99,0,0,4,1,1,7875,5374,-1
7907,0,96,0,0,4,1,1,7805,5333,-1
7908,0,97,1,7,4,1,1,7828,5561,5317
7909,0,98,0,0,4,1,1,7830,5343,-1
7912,0,95,1,1,4,1,1,7889,5372,5338
7913,0,96,1,0,4,1,1,7880,5372,5319
7914,0,94,1,0,4,1,1,7860,5350,5320
7915,0,100,0,0,4,1,1,7898,5339,-1
7917,0,99,1,3,4,1,1,7839,5416,5321
7919,0,100,0,0,4,1,1,7882,5346,-1
7920,0,98,1,0,4,1,1,7827,5369,5353
7924,0,95,1,0,4,1,1,7803,5383,5346
7925,0,95,0,0,4,1,1,7914,5345,-1
7927,0,100,1,2,4,1,1,7917,5408,5343
7928,0,98,1,2,4,1,1,7908,5417,5347
7929,0,99,1,0,4,1,1,7894,5363,5326
7930,0,97,0,0,4,1,1,7913,5372,-1
7931,0,97,1,0,4,1,1,7828,5349,5327
7932,0,91,1,2,4,1,1,7671,5401,5355
7933,0,96,1,2,4,1,1,7880,5419,5330
7934,0,94,1,1,4,1,1,7860,5429,5330
7937,0,99,0,0,4,1,1,7839,5379,-1
7938,0,98,0,0,4,1,1,7931,5349,-1
7941,0,95,1,0,4,1,1,7934,5398,5353
7942,0,97,1,0,4,1,1,7933,5373,5340
7943,0,99,0,0,4,1,1,7894,5367,-1
7944,0,96,0,0,4,1,1,7742,5362,-1
7946,0,97,1,3,4,1,1,7828,5439,5352
7947,0,96,1,0,4,1,1,7880,5370,5340
7948,0,94,1,0,4,1,1,7860,5368,5341
7949,0,99,0,0,4,1,1,7876,5386,-1
7950,0,96,1,1,3,1,0,7912,5409,5346
7952,0,95,0,0,4,1,1,7948,5368,-1
7954,0,99,0,0,4,1,1,7853,5398,-1
7956,0,93,0,0,4,1,1,7835,5370,-1
7957,0,97,0,0,4,1,1,7947,5370,-1
7958,0,96,1,0,4,1,1,7880,5378,5351
7959,0,97,0,0,4,1,1,7933,5368,-1
7961,0,94,1,1,4,1,1,7860,5410,5352
7962,0,99,1,0,4,1,1,7928,5422,5352
7963,0,96,0,0,4,1,1,7924,5383,-1
7966,0,100,1,4,4,1,1,7917,5581,5354
7968,0,101,1,0,4,1,1,7927,5397,5354
7969,0,98,1,0,4,1,1,7946,5399,5373
7970,0,95,1,0,4,1,1,7803,5383,5357
7971,0,96,0,0,4,1,1,7912,5372,-1
7972,0,98,1,2,4,1,1,7908,5429,5358
7973,0,95,1,6,4,1,1,7889,5509,5370
7974,0,101,1,0,4,1,1,7966,5395,5360
7975,0,102,0,0,4,1,1,7968,5397,-1
7976,0,97,1,1,3,1,0,7950,5397,5377
7977,0,92,1,0,4,1,1,7932,5395,5360
7978,0,96,0,0,4,1,1,7970,5383,-1
7980,0,91,1,0,4,1,1,7671,5421,5387
7982,0,100,1,1,4,1,1,7917,5488,5370
7983,0,95,0,0,4,1,1,7803,5387,-1
7984,0,98,1,4,4,1,1,7827,5496,5379
7985,0,98,1,0,4,1,1,7908,5448,5373
7987,0,99,1,0,4,1,1,7928,5402,5373
7988,0,101,1,3,4,1,1,7927,5487,5377
7991,0,92,1,6,4,1,1,7932,5493,5374
7993,0,97,1,3,4,1,1,7933,5465,5377
7994,0,100,0,0,4,1,1,7962,5422,-1
7995,0,101,1,0,4,1,1,7966,5441,5415
7997,0,95,1,0,4,1,1,7961,5437,5385
7998,0,99,1,0,4,1,1,7972,5402,5377
8000,0,101,1,1,4,1,1,7982,5477,5377
8002,0,96,1,0,4,1,1,7973,5434,5402
8003,0,95,0,0,4,1,1,7934,5429,-1
8005,0,94,0,0,4,1,1,7860,5401,-1
8006,0,96,0,0,4,1,1,7941,5398,-1
8007,0,100,0,0,4,1,0,7917,5416,-1
8009,0,98,1,0,3,1,0,7976,5406,5381
8010,0,98,1,1,4,1,1,7908,5445,5388
8011,0,100,0,0,4,1,1,7987,5402,-1
8013,0,98,1,0,4,1,1,7946,5410,5385
8014,0,99,1,0,4,1,1,7894,5426,5387
8016,0,92,0,0,4,1,1,7932,5401,-1
8018,0,97,0,0,4,1,1,7933,5419,-1
8019,0,101,0,0,4,1,1,7927,5405,-1
8020,0,98,0,0,4,1,1,7827,5403,-1
8022,0,99,1,0,4,1,1,7972,5426,5391
8025,0,102,1,0,4,1,1,7988,5442,5414
8026,0,99,0,0,3,1,0,8009,5406,-1
8027,0,95,0,0,4,1,1,7889,5412,-1
8028,0,99,0,0,4,1,1,7928,5417,-1
8030,0,99,0,0,4,1,1,7894,5427,-1
8033,0,98,1,0,4,1,1,7908,5494,5414
8034,0,99,1,1,4,1,1,7984,5440,5401
8036,0,99,0,0,4,1,1,7972,5429,-1
8038,0,93,1,0,4,1,1,7991,5426,5403
8040,0,98,1,2,4,1,1,7993,5541,5403
8041,0,102,1,0,4,1,1,8000,5507,5443
8044,0,100,0,0,4,1,1,8014,5426,-1
8046,0,99,1,1,4,1,1,8010,5531,5410
8048,0,100,1,2,4,1,1,8034,5502,5411
8051,0,94,0,0,4,1,1,8038,5426,-1
8053,0,99,1,1,4,1,1,8040,5510,5420
8054,0,100,0,0,4,1,1,8022,5426,-1
8056,0,99,1,0,4,1,1,7984,5437,5412
8059,0,98,1,0,4,1,1,7946,5445,5422
8060,0,96,1,3,4,1,1,7973,5540,5442
8061,0,93,1,2,4,1,1,7991,5485,5413
8062,0,98,1,0,4,1,1,7993,5455,5414
8064,0,96,0,0,4,1,1,7997,5437,-1
8068,0,101,1,0,4,1,1,8048,5587,5440
8069,0,100,0,0,4,1,1,8056,5437,-1
8070,0,99,0,0,4,1,1,7985,5448,-1
8071,0,103,0,0,4,1,1,8025,5442,-1
8072,0,99,0,0,4,1,1,8033,5445,-1
8073,0,100,1,0,4,1,1,8046,5467,5421
8076,0,102,0,0,4,1,1,7995,5441,-1
8078,0,99,0,0,4,1,1,8010,5438,-1
8080,0,100,0,0,4,1,1,8034,5440,-1
8081,0,99,1,3,4,1,1,7984,5569,5454
8084,0,93,1,3,4,1,1,7991,5514,5424
8085,0,102,1,0,4,1,1,7988,5481,5452
8086,0,100,1,0,4,1,1,8053,5578,5484
8087,0,98,1,1,4,1,1,7993,5474,5425
8090,0,94,1,0,4,1,1,8061,5455,5427
8091,0,99,0,0,4,1,1,8059,5445,-1
8092,0,101,0,0,4,1,1,8073,5467,-1
8093,0,99,0,0,4,1,1,8062,5455,-1
8095,0,94,1,0,4,1,1,8084,5498,5459
8098,0,101,0,0,4,1,1,7982,5460,-1
8099,0,100,0,0,4,1,1,8046,5480,-1
8101,0,95,0,0,4,1,1,8090,5449,-1
8103,0,93,1,3,4,1,1,7991,5554,5435
8104,0,98,0,0,4,1,1,7993,5458,-1
8110,0,99,1,2,4,1,1,8087,5545,5445
8112,0,101,1,0,4,1,1,7966,5469,5450
8115,0,93,1,0,4,1,1,7991,5508,5446
8116,0,94,1,0,4,1,1,8061,5469,5447
8118,0,103,0,0,4,1,1,8041,5507,-1
8119,0,98,1,2,4,1,1,7908,5516,5477
8122,0,100,1,2,4,1,1,8110,5530,5474
8124,0,94,0,0,4,1,1,8115,5508,-1
8125,0,97,1,0,4,1,1,8060,5492,5454
8126,0,95,0,0,4,1,1,8116,5469,-1
8128,0,96,1,1,4,1,1,7973,5484,5453
8130,0,94,1,0,4,1,1,8103,5485,5454
8131,0,102,0,0,4,1,1,8068,5477,-1
8132,0,93,1,3,4,1,1,7991,5628,5457
8133,0,103,0,0,4,1,1,8085,5481,-1
8134,0,97,1,0,4,1,1,8128,5483,5458
8135,0,100,1,2,4,1,1,8081,5596,5476
8138,0,94,0,0,4,1,1,8061,5485,-1
8139,0,101,0,0,4,1,1,7966,5477,-1
8140,0,98,0,0,4,1,1,8125,5484,-1
8141,0,94,1,0,4,1,1,8132,5582,5509
8142,0,102,1,1,4,1,1,7988,5520,5463
8143,0,98,0,0,4,1,1,8134,5483,-1
8144,0,96,1,1,4,1,1,7973,5509,5464
8146,0,99,1,0,4,1,1,7984,5528,5464
8147,0,94,1,1,4,1,1,8103,5518,5464
8148,0,97,1,0,4,1,1,8060,5594,5472
8149,0,101,0,0,4,1,1,7982,5488,-1
8150,0,101,1,2,4,1,1,8048,5536,5472
8151,0,93,0,0,4,1,1,7991,5482,-1
8152,0,97,0,0,4,1,1,8128,5484,-1
8153,0,97,1,1,4,1,1,8144,5605,5476
8157,0,94,1,0,4,1,1,8084,5509,5474
8158,0,103,1,1,4,1,1,8142,5567,5487
8160,0,100,0,0,4,1,1,8146,5528,-1
8161,0,96,1,2,4,1,1,7973,5709,5476
8162,0,99,0,0,4,1,1,7984,5496,-1
8163,0,95,0,0,4,1,1,8095,5498,-1
8165,0,94,1,1,4,1,1,8103,5611,5517
8168,0,99,1,0,4,1,1,8119,5627,5481
8169,0,101,1,0,4,1,1,8122,5587,5482
8170,0,97,1,1,4,1,1,8060,5572,5485
8171,0,94,1,0,4,1,1,8084,5513,5494
8173,0,100,1,1,4,1,1,8110,5542,5509
8174,0,96,1,0,4,1,1,7973,5522,5503
8176,0,100,1,5,4,1,1,8081,5612,5488
8177,0,101,1,2,4,1,1,8135,5702,5507
8180,0,98,1,0,4,1,1,7908,5563,5538
8181,0,97,0,0,4,1,1,8144,5504,-1
8183,0,95,1,0,4,1,1,8147,5523,5489
8184,0,102,1,1,4,1,1,8150,5577,5489
8186,0,95,0,0,4,1,1,8157,5509,-1
8187,0,97,0,0,4,1,1,8161,5523,-1
8189,0,99,1,0,4,1,1,8119,5522,5493
8192,0,101,1,7,4,1,1,8122,5872,5493
8193,0,100,0,0,4,1,1,8053,5510,-1
8195,0,100,0,0,4,1,1,8168,5527,-1
8196,0,101,1,1,4,1,1,8176,5552,5519
8198,0,100,1,0,4,1,1,8081,5547,5501
8200,0,101,1,0,4,1,1,7966,5553,5535
8201,0,103,0,0,4,1,1,8142,5520,-1
8203,0,102,1,0,4,1,1,8150,5534,5503
8204,0,98,1,0,4,1,1,8153,5595,5513
8205,0,99,1,0,4,1,1,8040,5543,5507
8206,0,98,0,0,4,1,1,8148,5594,-1
8207,0,100,0,0,4,1,1,8046,5531,-1
8209,0,97,0,0,4,1,1,8060,5540,-1
8211,0,100,0,0,4,1,1,8081,5569,-1
8213,0,101,0,0,4,1,1,8086,5578,-1
8214,0,102,0,0,4,1,1,8150,5536,-1
8217,0,104,1,1,4,1,1,8158,5615,5514
8219,0,98,1,3,4,1,1,8170,5637,5546
8220,0,101,1,0,4,1,1,8173,5548,5525
8221,0,102,0,0,4,1,1,8068,5584,-1
8223,0,102,1,0,4,1,1,8177,5538,5522
8224,0,103,1,0,4,1,1,8184,5566,5518
8226,0,103,0,0,4,1,1,8203,5534,-1
8228,0,99,0,0,4,1,1,8040,5541,-1
8229,0,94,1,2,4,1,1,8132,5613,5522
8232,0,95,1,1,4,1,1,8165,5587,5540
8233,0,102,1,0,4,1,1,8196,5547,5525
8234,0,99,0,0,4,1,1,8204,5595,-1
8235,0,100,0,0,4,1,1,8205,5543,-1
8237,0,94,0,0,4,1,1,8103,5552,-1
8239,0,101,0,0,4,1,1,8198,5547,-1
8240,0,103,0,0,4,1,1,8233,5547,-1
8242,0,94,1,1,4,1,1,8132,5618,5544
8243,0,103,0,0,4,1,1,8184,5577,-1
8246,0,102,1,0,4,1,1,8177,5566,5542
8247,0,104,0,0,4,1,1,8224,5566,-1
8248,0,101,1,0,4,1,1,8176,5567,5541
8250,0,101,1,3,4,1,1,8135,5649,5544
8253,0,96,1,0,4,1,1,8232,5615,5552
8255,0,101,0,0,4,1,1,7966,5581,-1
8256,0,102,0,0,4,1,1,8248,5567,-1
8260,0,103,0,0,4,1,1,8246,5566,-1
8261,0,102,1,0,4,1,1,8250,5595,5575
8262,0,99,1,0,4,1,1,8219,5578,5551
8263,0,102,0,0,4,1,1,8192,5576,-1
8265,0,105,1,5,4,1,1,8217,5765,5566
8267,0,101,1,0,4,1,1,8176,5579,5561
8268,0,95,1,0,4,1,1,8229,5588,5556
8270,0,94,0,0,4,1,1,8132,5588,-1
8271,0,98,0,0,4,1,1,8153,5605,-1
8273,0,100,0,0,4,1,1,8262,5578,-1
8275,0,95,0,0,4,1,1,8165,5611,-1
8276,0,102,0,0,4,1,1,8169,5576,-1
8279,0,95,1,2,4,1,1,8242,5668,5579
8280,0,96,0,0,4,1,1,8268,5588,-1
8281,0,99,1,3,4,1,1,8219,5670,5571
8283,0,102,0,0,4,1,1,8177,5702,-1
8286,0,97,0,0,4,1,1,8253,5599,-1
8291,0,101,1,1,4,1,1,8176,5671,5572
8293,0,100,1,0,4,1,1,8281,5704,5603
8295,0,102,1,2,4,1,1,8291,5719,5584
8296,0,105,0,0,4,1,1,8217,5613,-1
8297,0,103,0,0,4,1,1,8261,5595,-1
8298,0,95,1,1,4,1,1,8229,5685,5584
8299,0,102,1,0,4,1,1,8192,5618,5581
8300,0,99,1,0,4,1,1,8219,5673,5583
8302,0,101,1,0,4,1,1,8176,5631,5583
8305,0,96,1,2,4,1,1,8279,5687,5592
8307,0,100,0,0,4,1,1,8168,5614,-1
8309,0,102,1,2,4,1,1,8250,5648,5601
8310,0,97,1,0,4,1,1,8161,5735,5617
8311,0,103,1,0,4,1,1,8295,5638,5607
8313,0,100,0,0,4,1,1,8300,5673,-1
8314,0,95,0,0,4,1,1,8242,5618,-1
8315,0,103,0,0,4,1,1,8299,5618,-1
8319,0,102,1,0,4,1,1,8192,5630,5592
8321,0,101,0,0,4,1,1,8176,5612,-1
8322,0,106,1,2,4,1,1,8265,5743,5610
8326,0,97,1,1,4,1,1,8305,5657,5625
8328,0,94,0,0,4,1,1,8132,5628,-1
8329,0,102,1,4,4,1,1,8192,5759,5617
8330,0,103,1,1,4,1,1,8309,5693,5606
8331,0,101,0,0,4,1,1,8293,5632,-1
8332,0,96,1,0,3,1,0,8279,5653,5625
8335,0,104,1,1,3,1,0,8330,5655,5613
8336,0,99,0,0,4,1,1,8219,5637,-1
8337,0,102,1,1,4,1,1,8250,5706,5612
8338,0,104,0,0,4,1,1,8311,5638,-1
8339,0,100,1,0,4,1,1,8281,5631,5614
8340,0,102,0,0,4,1,1,8291,5671,-1
8341,0,107,0,0,4,1,1,8322,5639,-1
8343,0,103,1,0,4,1,1,8309,5698,5616
8344,0,102,0,0,4,1,1,8302,5631,-1
8347,0,105,1,2,3,1,0,8335,5770,5633
8349,0,103,1,0,4,1,1,8295,5654,5618
8350,0,101,0,0,4,1,1,8339,5631,-1
8354,0,103,1,0,4,1,1,8329,5675,5639
8358,0,102,0,0,4,1,1,8250,5649,-1
8359,0,100,1,2,4,1,1,8281,5732,5625
8360,0,102,1,1,4,1,1,8192,5676,5627
8361,0,97,0,0,4,1,1,8161,5665,-1
8362,0,96,1,4,4,1,1,8298,5766,5644
8363,0,98,0,0,4,1,1,8310,5699,-1
8364,0,98,1,0,4,1,1,8326,5658,5630
8365,0,97,0,0,3,1,0,8332,5653,-1
8366,0,101,1,1,4,1,1,8359,5678,5645
8368,0,103,1,1,4,1,1,8360,5696,5643
8371,0,99,0,0,4,1,1,8364,5652,-1
8373,0,100,0,0,4,1,1,8281,5670,-1
8376,0,97,1,0,4,1,1,8305,5682,5661
8377,0,102,1,0,4,1,1,8192,5759,5667
8378,0,106,1,0,4,1,0,8347,5732,5707
8379,0,98,0,0,4,1,1,8326,5656,-1
8381,0,106,1,2,4,1,1,8265,5724,5642
8383,0,103,1,0,4,1,1,8337,5680,5644
8384,0,104,0,0,4,1,1,8330,5693,-1
8385,0,96,0,0,4,1,1,8279,5668,-1
8386,0,103,0,0,4,1,1,8295,5689,-1
8387,0,102,1,0,4,1,1,8366,5668,5650
8388,0,107,1,0,4,1,1,8381,5720,5673
8389,0,104,1,0,4,1,1,8368,5682,5659
8390,0,103,1,1,4,1,1,8329,5715,5677
8391,0,97,1,1,4,1,1,8362,5696,5652
8392,0,104,0,0,4,1,1,8383,5680,-1
8395,0,103,0,0,4,1,1,8337,5706,-1
8396,0,96,0,0,4,1,1,8298,5685,-1
8397,0,101,1,3,4,1,1,8359,5762,5656
8398,0,98,1,4,4,1,1,8391,5783,5657
8399,0,106,1,0,4,1,1,8265,5689,5677
8402,0,102,0,0,4,1,1,8366,5678,-1
8404,0,99,1,0,4,1,1,8398,5756,5683
8405,0,97,1,1,4,1,1,8362,5718,5663
8407,0,98,0,0,4,1,1,8376,5682,-1
8408,0,101,0,0,4,1,1,8359,5706,-1
8409,0,98,1,2,4,1,1,8405,5803,5682
8410,0,107,1,1,4,1,1,8322,5709,5672
8411,0,104,0,0,4,1,1,8368,5696,-1
8414,0,97,1,0,4,1,1,8362,5751,5714
8415,0,102,1,2,4,1,1,8397,5775,5679
8418,0,97,1,0,4,1,1,8161,5712,5676
8419,0,108,1,1,4,1,1,8410,5783,5676
8420,0,102,0,0,4,1,1,8192,5698,-1
8422,0,108,0,0,4,1,1,8388,5720,-1
8426,0,98,0,0,4,1,1,8418,5710,-1
8427,0,109,1,1,4,1,1,8419,5776,5742
8428,0,104,1,0,4,1,1,8390,5711,5686
8430,0,107,1,2,4,1,1,8322,5765,5697
8432,0,103,1,3,4,1,1,8415,5844,5695
8433,0,107,1,4,4,1,1,8381,5822,5684
8436,0,97,0,0,4,1,1,8161,5704,-1
8437,0,108,0,0,4,1,1,8410,5709,-1
8438,0,103,0,0,4,1,1,8377,5744,-1
8439,0,100,0,0,4,1,1,8404,5756,-1
8442,0,108,1,2,4,1,1,8433,5756,5691
8443,0,102,1,1,4,1,1,8397,5746,5714
8444,0,105,0,0,4,1,1,8428,5711,-1
8448,0,98,0,0,4,1,1,8405,5718,-1
8450,0,99,1,0,4,1,1,8398,5748,5720
8451,0,103,1,0,4,1,1,8329,5743,5704
8453,0,99,1,0,4,1,1,8409,5770,5757
8454,0,104,0,0,4,1,1,8390,5715,-1
8455,0,107,0,0,4,1,1,8381,5724,-1
8456,0,104,1,2,4,1,1,8432,5825,5709
8460,0,108,1,0,4,1,1,8433,5747,5702
8461,0,108,1,2,4,1,1,8430,5822,5702
8463,0,109,1,5,4,1,1,8442,5828,5706
8464,0,106,1,0,4,1,1,8265,5734,5711
8465,0,103,1,0,4,1,1,8415,5735,5715
8466,0,109,1,2,4,1,1,8461,5814,5742
8467,0,109,0,0,4,1,1,8460,5747,-1
8470,0,107,0,0,4,1,1,8322,5743,-1
8472,0,110,1,1,4,1,1,8463,5777,5711
8475,0,107,0,0,4,1,0,8378,5732,-1
8476,0,102,1,0,4,1,1,8192,5763,5728
8479,0,108,1,0,4,1,1,8430,5733,5713
8480,0,104,0,0,4,1,1,8451,5743,-1
8481,0,105,0,0,4,1,1,8456,5744,-1
8483,0,103,1,0,4,1,1,8329,5781,5715
8484,0,111,1,0,4,1,1,8472,5761,5740
8488,0,106,1,2,3,1,0,8347,5816,5740
8489,0,103,1,1,4,1,1,8443,5796,5718
8491,0,104,1,2,4,1,1,8432,5875,5776
8492,0,109,1,1,4,1,1,8442,5820,5728
8493,0,110,1,0,4,1,1,8463,5801,5721
8494,0,106,1,0,4,1,1,8265,5744,5722
8497,0,108,0,0,4,1,1,8430,5765,-1
8499,0,102,1,1,4,1,1,8397,5776,5741
8500,0,97,1,0,4,1,1,8362,5749,5725
8501,0,103,0,0,4,1,1,8329,5759,-1
8503,0,98,0,0,4,1,1,8414,5751,-1
8504,0,98,0,0,4,1,1,8500,5749,-1
8505,0,99,1,0,4,1,1,8398,5774,5740
8506,0,100,0,0,4,1,1,8450,5748,-1
8507,0,110,1,1,4,1,1,8463,5812,5752
8508,0,97,0,0,4,1,1,8362,5753,-1
8514,0,102,0,0,4,1,1,8192,5788,-1
8515,0,104,1,2,4,1,1,8489,5819,5754
8516,0,112,0,0,4,1,1,8484,5761,-1
8517,0,100,0,0,4,1,1,8505,5774,-1
8518,0,107,1,0,3,1,0,8488,5786,5747
8519,0,103,1,2,4,1,1,8499,5837,5746
8520,0,110,1,0,4,1,1,8466,5808,5755
8523,0,110,1,0,4,1,1,8427,5767,5748
8524,0,108,1,4,4,1,1,8433,5976,5779
8525,0,110,1,1,4,1,1,8492,5805,5762
8527,0,103,0,0,4,1,1,8415,5775,-1
8528,0,111,0,0,4,1,1,8472,5777,-1
8530,0,99,1,1,4,1,1,8398,5826,5751
8533,0,106,0,0,3,1,0,8347,5770,-1
8535,0,109,1,0,4,1,1,8461,5783,5760
8536,0,108,0,0,3,1,0,8518,5786,-1
8537,0,111,0,0,4,1,1,8523,5767,-1
8539,0,111,1,2,4,1,1,8507,5859,5756
8540,0,111,0,0,4,1,1,8493,5801,-1
8541,0,107,1,4,3,1,0,8488,5990,5775
8542,0,105,1,0,4,1,1,8515,5810,5773
8545,0,109,0,0,4,1,1,8419,5783,-1
8546,0,99,0,0,4,1,1,8398,5777,-1
8547,0,111,0,0,4,1,1,8520,5784,-1
8548,0,110,1,4,4,1,1,8463,5981,5781
8550,0,100,1,0,4,1,1,8530,5788,5764
8553,0,110,1,1,4,1,1,8466,5895,5775
8554,0,111,1,0,4,1,1,8525,5801,5767
8556,0,112,1,0,4,1,1,8539,5804,5780
8557,0,101,0,0,4,1,1,8550,5788,-1
8562,0,105,1,8,4,1,1,8456,6009,5786
8563,0,104,1,0,4,1,1,8519,5839,5776
8565,0,109,0,0,4,1,1,8461,5822,-1
8568,0,112,0,0,4,1,1,8554,5801,-1
8569,0,106,0,0,4,1,1,8542,5810,-1
8570,0,111,0,0,4,1,1,8525,5796,-1
8572,0,99,1,2,4,1,1,8409,5903,5791
8573,0,110,0,0,4,1,1,8492,5809,-1
8575,0,108,1,2,3,1,0,8541,5883,5779
8576,0,111,1,0,4,1,1,8553,5848,5809
8580,0,109,1,0,4,1,1,8524,5865,5784
8581,0,105,1,0,4,1,1,8515,5813,5784
8582,0,113,0,0,4,1,1,8556,5804,-1
8584,0,110,0,0,4,1,1,8466,5814,-1
8585,0,109,1,1,3,1,0,8575,5867,5824
8586,0,104,1,1,4,1,1,8432,5867,5786
8587,0,104,1,1,4,1,1,8519,5827,5787
8592,0,110,0,0,4,1,1,8580,5826,-1
8593,0,106,0,0,4,1,1,8581,5813,-1
8594,0,108,1,0,4,1,1,8433,5824,5792
8595,0,112,1,1,4,1,1,8539,5917,5830
8596,0,108,1,1,3,1,0,8541,5941,5834
8597,0,105,1,2,4,1,1,8491,5906,5818
8598,0,106,1,0,4,1,1,8562,5846,5800
8599,0,105,1,3,4,1,1,8586,5936,5811
8600,0,105,1,1,4,1,1,8587,5842,5806
8601,0,110,1,1,4,1,1,8463,5864,5792
8603,0,109,1,4,4,1,1,8524,5970,5799
8604,0,100,1,0,4,1,1,8572,5878,5848
8605,0,109,0,0,4,1,1,8594,5824,-1
8606,0,111,1,0,4,1,1,8601,5868,5829
8607,0,105,1,0,4,1,1,8456,5830,5797
8608,0,104,0,0,4,1,1,8432,5817,-1
8610,0,102,1,1,4,1,1,8192,5860,5805
8611,0,104,0,0,4,1,1,8519,5837,-1
8612,0,110,0,0,4,1,1,8463,5828,-1
8615,0,110,1,0,4,1,1,8603,5842,5808
8619,0,109,1,0,4,1,1,8524,5833,5810
8620,0,103,1,0,4,1,1,8610,5832,5811
8621,0,106,1,1,4,1,1,8600,5866,5811
8622,0,106,1,8,4,1,1,8562,6073,5811
8623,0,111,0,0,4,1,1,8615,5840,-1
8624,0,107,0,0,4,1,1,8598,5846,-1
8626,0,106,1,3,4,1,1,8599,5914,5828
8627,0,107,1,9,4,1,1,8621,6136,5829
8628,0,107,0,0,4,1,1,8622,5841,-1
8632,0,105,0,0,4,1,1,8563,5839,-1
8633,0,110,1,0,4,1,1,8603,5849,5819
8634,0,109,1,0,4,1,1,8524,5880,5834
8636,0,103,0,0,4,1,1,8610,5860,-1
8638,0,106,1,0,4,1,1,8562,5842,5822
8639,0,102,0,0,4,1,1,8192,5872,-1
8640,0,106,0,0,4,1,1,8600,5842,-1
8642,0,106,1,2,4,1,1,8597,5964,5846
8643,0,111,0,0,4,1,1,8633,5849,-1
8645,0,112,0,0,4,1,1,8576,5848,-1
8648,0,107,0,0,4,1,1,8638,5842,-1
8650,0,110,1,1,3,1,0,8585,5887,5834
8651,0,105,0,0,4,1,1,8586,5862,-1
8657,0,106,1,0,4,1,1,8562,5857,5833
8660,0,107,1,2,4,1,1,8626,5943,5833
8661,0,108,1,3,4,1,1,8627,5982,5844
8662,0,109,1,0,3,1,0,8575,5872,5862
8663,0,113,1,1,4,1,1,8595,5872,5840
8666,0,110,1,0,4,1,1,8603,5868,5840
8668,0,108,1,0,4,1,1,8660,5898,5841
8669,0,109,0,0,3,1,0,8596,5856,-1
8670,0,111,1,0,3,1,0,8650,5868,5846
8671,0,111,1,0,4,1,1,8548,5890,5842
8672,0,107,0,0,4,1,1,8621,5866,-1
8673,0,105,1,0,4,1,1,8491,5872,5840
8675,0,112,0,0,4,1,1,8539,5859,-1
8677,0,106,1,0,4,1,1,8562,5881,5849
8678,0,107,1,0,4,1,1,8626,5861,5844
8679,0,111,0,0,4,1,1,8553,5895,-1
8680,0,110,0,0,3,1,0,8585,5867,-1
8681,0,114,1,0,4,1,1,8663,5880,5849
8683,0,108,1,1,3,1,0,8541,5950,5865
8686,0,111,0,0,4,1,1,8666,5868,-1
8687,0,106,0,0,4,1,1,8673,5872,-1
8688,0,108,0,0,4,1,1,8678,5861,-1
8689,0,109,1,0,4,1,1,8661,5895,5849
8691,0,110,0,0,4,1,1,8634,5871,-1
8692,0,112,0,0,3,1,0,8670,5868,-1
8693,0,113,0,0,4,1,1,8595,5913,-1
8695,0,105,0,0,4,1,1,8491,5875,-1
8697,0,107,1,4,4,1,1,8642,6137,5903
8698,0,108,1,2,4,1,1,8660,5976,5907
8699,0,107,1,0,4,1,1,8622,5900,5858
8700,0,111,0,0,3,1,0,8650,5887,-1
8701,0,106,1,0,4,1,1,8562,5898,5860
8703,0,100,1,0,4,1,1,8572,5923,5863
8705,0,110,1,0,4,1,1,8603,5904,5874
8706,0,106,1,0,4,1,1,8597,5905,5869
8707,0,107,1,0,4,1,1,8626,5899,5871
8709,0,109,1,2,4,1,1,8661,6025,5866
8711,0,111,1,1,4,1,1,8548,5952,5881
8712,0,106,1,0,4,1,1,8599,5896,5868
8713,0,109,0,0,4,1,1,8524,5976,-1
8714,0,108,1,0,4,1,1,8627,5915,5870
8716,0,110,0,0,4,1,1,8689,5891,-1
8718,0,109,1,0,3,1,0,8683,5977,5883
8722,0,107,0,0,4,1,1,8701,5898,-1
8726,0,107,0,0,9,1,0,8712,5895,-1
8727,0,100,0,0,4,1,1,8572,5903,-1
8728,0,106,1,0,4,1,1,8562,5992,5875
8729,0,107,0,0,4,1,1,8706,5905,-1
8730,0,109,0,0,4,1,1,8714,5915,-1
8733,0,109,1,1,4,1,1,8661,5928,5877
8734,0,108,0,0,4,1,1,8699,5900,-1
8735,0,101,0,0,4,1,1,8703,5905,-1
8737,0,109,0,0,4,1,1,8668,5898,-1
8738,0,108,0,0,4,1,1,8707,5899,-1
8740,0,107,1,0,4,1,1,8622,5917,5879
8741,0,111,0,0,4,1,1,8705,5904,-1
8742,0,106,0,0,4,1,1,8597,5906,-1
8743,0,108,1,1,4,1,1,8627,5948,5923
8745,0,109,1,0,3,1,0,8596,5940,5905
8747,0,107,0,0,4,1,1,8626,5914,-1
8748,0,106,1,1,4,1,1,8562,6012,5963
8751,0,112,1,1,4,1,1,8711,5940,5898
8752,0,109,0,0,4,1,1,8661,5927,-1
8754,0,111,1,0,4,1,0,8548,5915,5892
8755,0,107,1,2,4,1,1,8622,5959,5894
8757,0,110,0,0,3,1,0,8718,5977,-1
8758,0,107,0,0,4,1,1,8728,5992,-1
8759,0,110,1,0,4,1,1,8733,5922,5898
8763,0,108,0,0,4,1,1,8740,5917,-1
8764,0,111,1,5,4,1,1,8548,6070,5947
8769,0,107,1,1,4,1,1,8622,5969,5914
8770,0,113,1,0,4,1,1,8751,5979,5907
8771,0,106,1,1,4,1,1,8599,5942,5910
8772,0,108,1,0,4,1,1,8697,5943,5908
8774,0,112,0,0,4,1,1,8711,5936,-1
8775,0,110,0,0,3,1,0,8745,5940,-1
8778,0,108,1,0,4,1,1,8755,5970,5913
8779,0,114,0,0,4,1,1,8770,5979,-1
8780,0,109,0,0,4,1,1,8772,5943,-1
8781,0,108,1,0,3,1,0,8541,5941,5926
8782,0,107,1,2,4,1,1,8771,5971,5915
8783,0,107,1,1,4,1,1,8642,6069,5923
8784,0,108,0,0,4,1,1,8660,5933,-1
8785,0,109,0,0,4,1,1,8778,5970,-1
8786,0,113,0,0,4,1,1,8751,5940,-1
8793,0,108,1,0,4,1,1,8782,5961,5931
8794,0,108,1,0,4,1,1,8769,5965,5944
8797,0,108,1,0,4,1,1,8697,5996,5970
8798,0,108,1,0,4,1,1,8755,5954,5924
8799,0,107,1,0,4,1,1,8622,5970,5925
8800,0,110,1,0,4,1,1,8709,5996,5970
8804,0,107,0,0,4,1,1,8771,5942,-1
8805,0,109,1,0,4,1,1,8743,5957,5928
8806,0,109,0,0,4,1,1,8798,5954,-1
8807,0,108,0,0,4,1,1,8799,5946,-1
8808,0,109,1,0,4,1,1,8698,5958,5936
8809,0,108,1,0,4,1,1,8627,6012,5934
8810,0,110,0,0,4,1,1,8603,5970,-1
8811,0,107,0,0,4,1,1,8642,5964,-1
8812,0,108,0,0,4,1,1,8755,5951,-1
8813,0,107,1,1,4,1,1,8622,6029,5984
8814,0,108,1,4,4,1,1,8783,6146,5950
8815,0,109,0,0,4,1,1,8793,5961,-1
8818,0,110,0,0,4,1,1,8808,5958,-1
8819,0,108,0,0,3,1,0,8541,5960,-1
8820,0,108,1,0,4,1,1,8782,5970,5942
8823,0,108,1,3,4,1,1,8627,6026,5945
8826,0,109,0,0,4,1,1,8820,5970,-1
8827,0,109,1,2,4,1,1,8698,6004,5948
8830,0,109,0,0,4,1,1,8794,5965,-1
8831,0,109,1,1,4,1,1,8823,6028,5950
8832,0,109,0,0,4,1,1,8809,5971,-1
8833,0,112,1,0,4,1,1,8764,5986,5952
8835,0,108,0,0,4,1,1,8782,5971,-1
8836,0,108,0,0,4,1,1,8799,5970,-1
8837,0,109,1,1,4,1,1,8814,6036,5954
8838,0,108,0,0,4,1,1,8769,5969,-1
8839,0,108,1,0,4,1,1,8627,6040,5956
8840,0,113,0,0,4,1,1,8833,5982,-1
8843,0,109,1,2,4,1,1,8823,6118,5960
8844,0,109,0,0,9,1,0,8839,6040,-1
8845,0,109,0,0,4,1,1,8661,5982,-1
8847,0,112,1,4,4,1,1,8764,6114,5967
8848,0,108,0,0,4,1,1,8783,6069,-1
8852,0,110,1,3,4,1,1,8827,6067,5964
8853,0,109,1,0,4,1,1,8814,6082,6006
8855,0,110,1,0,4,1,1,8831,6023,5985
8856,0,107,1,1,4,1,1,8748,6027,5968
8857,0,108,1,0,4,1,1,8627,6066,6028
8859,0,111,1,4,4,1,1,8852,6102,5994
8861,0,110,0,0,4,1,1,8837,5993,-1
8862,0,109,1,0,4,1,1,8823,5997,5977
8863,0,113,1,2,4,1,1,8847,6066,5985
8864,0,108,1,0,4,1,1,8856,6023,5973
8870,0,111,0,0,4,1,1,8800,5996,-1
8871,0,109,0,0,4,1,1,8797,5996,-1
8872,0,110,1,0,4,1,1,8827,5997,5975
8874,0,106,0,0,4,1,1,8562,6006,-1
8875,0,112,1,0,4,1,1,8764,6035,5986
8876,0,107,0,0,4,1,1,8748,6012,-1
8879,0,110,1,0,4,1,1,8709,6002,5985
8882,0,110,0,0,4,1,1,8827,6004,-1
8883,0,108,1,2,4,1,1,8697,6081,6026
8886,0,109,0,0,4,1,1,8823,6013,-1
8887,0,110,0,0,4,1,1,8843,6003,-1
8889,0,109,0,0,4,1,1,8809,6012,-1
8890,0,108,1,2,4,1,1,8813,6076,5998
8892,0,107,1,0,4,1,1,8622,6018,5995
8893,0,113,1,0,4,1,1,8847,6056,5996
8894,0,112,1,0,4,1,1,8764,6028,6000
8895,0,114,1,0,4,1,1,8863,6034,5998
8896,0,110,0,0,4,1,1,8831,6028,-1
8897,0,108,0,0,4,1,1,8892,6018,-1
8901,0,109,0,0,4,1,1,8864,6023,-1
8903,0,115,0,0,4,1,1,8895,6034,-1
8904,0,109,1,1,4,1,1,8890,6053,6012
8905,0,114,0,0,4,1,1,8893,6028,-1
8906,0,111,1,0,4,1,1,8852,6043,6005
8907,0,113,0,0,4,1,1,8875,6035,-1
8908,0,107,1,4,4,1,1,8622,6134,6033
8910,0,113,1,1,4,1,1,8847,6064,6007
8911,0,110,0,0,4,1,1,8709,6025,-1
8912,0,110,1,3,4,1,1,8843,6116,6036
8914,0,114,1,3,4,1,1,8863,6121,6022
8915,0,110,1,0,4,1,1,8837,6033,6009
8916,0,108,0,0,4,1,1,8813,6029,-1
8917,0,112,0,0,4,1,1,8906,6028,-1
8918,0,112,1,0,4,1,1,8764,6054,6016
8919,0,110,0,0,4,1,1,8853,6036,-1
8920,0,111,0,0,4,1,1,8915,6033,-1
8922,0,112,1,1,4,1,1,8859,6100,6035
8923,0,111,1,1,4,1,1,8852,6095,6016
8926,0,114,1,0,4,1,1,8910,6052,6033
8927,0,109,1,2,4,1,1,8814,6088,6017
8928,0,110,1,1,4,1,1,8904,6073,6018
8930,0,113,1,2,4,1,1,8847,6179,6085
8932,0,112,1,3,4,1,1,8923,6137,6049
8933,0,113,0,0,4,1,1,8918,6054,-1
8934,0,110,1,0,4,1,1,8927,6066,6027
8936,0,109,1,0,4,1,1,8890,6050,6023
8937,0,111,0,0,4,1,1,8852,6067,-1
8940,0,112,0,0,4,1,1,8764,6070,-1
8941,0,110,0,0,4,1,1,8936,6047,-1
8944,0,110,0,0,4,1,1,8904,6053,-1
8945,0,109,1,2,4,1,1,8883,6140,6032
8946,0,111,1,0,4,1,1,8928,6063,6032
8952,0,109,0,0,4,1,1,8857,6058,-1
8953,0,114,0,0,4,1,1,8863,6066,-1
8954,0,109,1,1,4,1,1,8814,6191,6099
8955,0,115,1,1,4,1,1,8914,6100,6040
8956,0,109,0,0,4,1,1,8890,6076,-1
8957,0,114,0,0,4,1,1,8893,6056,-1
8958,0,112,0,0,4,1,1,8946,6054,-1
8959,0,110,0,0,4,1,1,8945,6091,-1
8961,0,108,1,0,4,1,1,8908,6103,6038
8962,0,110,1,0,4,1,1,8927,6089,6067
8964,0,108,0,0,4,1,1,8627,6057,-1
8966,0,113,1,0,4,1,1,8922,6087,6046
8969,0,111,1,0,4,1,1,8912,6070,6040
8970,0,109,1,1,4,1,1,8883,6111,6052
8971,0,109,0,0,4,1,1,8961,6103,-1
8972,0,108,1,1,4,1,1,8697,6081,6048
8974,0,112,0,0,4,1,1,8969,6070,-1
8975,0,112,1,0,4,1,1,8859,6077,6046
8976,0,110,1,0,4,1,1,8843,6099,6048
8977,0,108,1,0,4,1,1,8908,6099,6049
8978,0,111,0,0,4,1,1,8928,6073,-1
8979,0,107,0,0,4,1,1,8622,6073,-1
8983,0,110,0,0,4,1,1,8853,6082,-1
8985,0,112,1,0,4,1,1,8859,6087,6072
8986,0,115,1,0,4,1,1,8914,6096,6071
8988,0,116,1,0,4,1,1,8955,6107,6066
8989,0,110,0,0,4,1,1,8843,6076,-1
8990,0,108,1,2,4,1,1,8908,6164,6084
8991,0,111,1,0,4,1,1,8912,6108,6076
8992,0,114,0,0,4,1,1,8966,6077,-1
8994,0,109,1,0,4,1,1,8972,6081,6063
8995,0,109,0,0,4,1,1,8883,6081,-1
8996,0,113,1,0,4,1,1,8932,6144,6070
8998,0,111,0,0,4,1,1,8976,6084,-1
9001,0,113,0,0,4,1,1,8922,6094,-1
9005,0,110,1,2,4,1,1,8970,6150,6083
9008,0,111,0,0,4,1,1,8962,6089,-1
9009,0,108,1,5,4,1,1,8627,6273,6074
9010,0,114,0,0,4,1,1,8996,6104,-1
9012,0,112,0,0,4,1,1,8923,6095,-1
9014,0,109,0,0,4,1,1,8977,6099,-1
9015,0,116,0,0,4,1,1,8986,6096,-1
9016,0,117,0,0,4,1,1,8988,6107,-1
9020,0,109,1,1,4,1,1,9009,6170,6080
9021,0,112,0,0,4,1,1,8991,6108,-1
9024,0,108,0,0,4,1,1,8697,6137,-1
9025,0,112,1,1,4,1,1,8859,6147,6083
9026,0,113,1,0,4,1,1,8932,6137,6097
9027,0,110,1,2,4,1,1,9020,6249,6084
9028,0,108,1,3,4,1,1,8627,6184,6105
9029,0,116,0,0,4,1,1,8955,6100,-1
9030,0,115,1,2,4,1,1,8914,6154,6092
9036,0,111,1,0,4,1,1,8912,6109,6087
9037,0,111,1,0,4,1,1,9005,6156,6109
9038,0,114,1,2,4,1,1,8930,6145,6090
9039,0,113,1,1,4,1,1,9025,6175,6109
9040,0,110,0,0,4,1,1,8843,6114,-1
9043,0,109,1,0,4,1,1,9009,6169,6139
9045,0,109,1,0,4,1,1,8990,6125,6098
9047,0,108,1,2,4,1,1,8908,6197,6095
9048,0,115,1,0,4,1,1,9038,6171,6103
9050,0,113,0,0,4,1,1,8847,6114,-1
9051,0,111,0,0,4,1,1,8912,6116,-1
9052,0,116,1,1,4,1,1,9030,6166,6110
9056,0,110,1,2,4,1,1,8945,6198,6102
9057,0,115,0,0,4,1,1,8914,6118,-1
9059,0,110,1,1,4,1,1,8954,6193,6134
9062,0,111,0,0,4,1,1,9027,6129,-1
9064,0,109,1,0,4,1,1,9047,6140,6110
9065,0,108,0,0,4,1,1,8908,6134,-1
9067,0,111,1,0,4,1,1,9056,6158,6116
9069,0,113,1,0,4,1,1,8932,6169,6108
9070,0,114,0,0,4,1,1,9026,6137,-1
9071,0,109,1,4,4,1,1,8990,6282,6115
9072,0,109,1,1,4,1,1,9028,6196,6121
9074,0,114,0,0,4,1,1,9069,6168,-1
9075,0,110,1,1,4,1,1,8945,6165,6113
9076,0,115,1,8,4,1,1,9038,6355,6114
9077,0,117,1,3,4,1,1,9052,6268,6125
9078,0,110,0,0,4,1,1,9064,6140,-1
9080,0,108,0,0,4,1,1,8627,6136,-1
9081,0,116,0,0,4,1,1,9048,6156,-1
9082,0,111,1,0,4,1,1,9075,6183,6136
9084,0,116,1,0,4,1,1,9076,6171,6132
9085,0,111,1,0,4,1,1,9005,6154,6120
9087,0,110,1,4,4,1,1,9071,6321,6123
9088,0,116,1,1,4,1,1,9030,6166,6121
9089,0,113,0,0,4,1,1,8932,6137,-1
9090,0,112,0,0,4,1,1,9067,6158,-1
9092,0,109,0,0,4,1,1,8814,6146,-1
9093,0,115,0,0,4,1,1,9038,6145,-1
9095,0,117,1,0,4,1,1,9088,6201,6133
9096,0,110,0,0,4,1,1,8945,6140,-1
9097,0,109,0,0,4,1,1,8990,6164,-1
9098,0,114,1,4,4,1,1,9039,6261,6138
9100,0,111,0,0,4,1,1,9005,6150,-1
9101,0,116,0,0,4,1,1,9030,6154,-1
9102,0,109,1,2,4,1,1,9028,6355,6141
9104,0,110,1,0,4,1,1,9071,6187,6153
9105,0,118,0,0,4,1,1,9095,6166,-1
9106,0,111,1,1,4,1,1,9059,6228,6139
9107,0,114,1,0,4,1,1,8930,6168,6142
9108,0,111,1,1,4,1,1,9056,6254,6141
9112,0,112,0,0,4,1,1,9037,6156,-1
9113,0,110,1,1,4,1,1,9072,6189,6146
9114,0,112,0,0,4,1,1,9082,6183,-1
9115,0,116,1,2,4,1,1,9076,6238,6153
9117,0,111,1,1,4,1,1,9087,6223,6152
9119,0,117,0,0,4,1,1,9088,6166,-1
9120,0,115,1,0,4,1,1,9098,6194,6164
9121,0,110,1,0,4,1,1,9102,6176,6145
9122,0,109,1,1,3,1,0,9047,6226,6152
9123,0,112,1,0,4,1,1,9108,6227,6172
9124,0,110,0,0,4,1,1,9020,6170,-1
9128,0,111,0,0,4,1,1,9075,6165,-1
9129,0,118,1,1,4,1,1,9077,6221,6166
9131,0,115,0,0,4,1,1,9107,6168,-1
9133,0,109,1,0,4,1,1,9009,6182,6152
9134,0,109,1,4,4,1,1,9028,6327,6153
9135,0,111,0,0,4,1,0,9056,6198,-1
9137,0,111,1,1,4,1,1,9113,6212,6155
9140,0,111,1,0,4,1,1,9027,6219,6176
9142,0,111,0,0,4,1,1,9104,6187,-1
9143,0,111,0,0,4,1,1,9121,6176,-1
9146,0,110,1,1,4,1,1,9134,6256,6172
9147,0,112,1,0,4,1,1,9106,6226,6199
9150,0,110,0,0,4,1,1,9133,6182,-1
9151,0,109,1,0,4,1,1,9009,6199,6167
9152,0,109,0,0,4,1,1,9028,6184,-1
9153,0,116,1,0,4,1,0,9076,6193,6169
9157,0,116,0,0,4,1,1,9120,6194,-1
9159,0,119,1,1,4,1,1,9129,6227,6179
9161,0,117,1,0,4,1,1,9115,6214,6172
9162,0,111,1,0,4,1,1,9087,6217,6183
9163,0,110,0,0,4,1,0,9072,6196,-1
9165,0,110,0,0,4,1,1,8954,6191,-1
9166,0,110,0,0,4,1,1,9151,6199,-1
9169,0,111,0,0,4,1,1,9113,6189,-1
9170,0,112,1,0,4,1,1,9137,6207,6174
9174,0,110,1,0,3,1,0,9122,6218,6178
9176,0,115,1,1,4,1,1,9098,6266,6175
9177,0,111,0,0,4,1,1,9059,6193,-1
9178,0,117,0,0,4,1,0,9153,6193,-1
9179,0,111,1,0,4,1,1,9146,6237,6182
9180,0,113,0,0,5,1,0,9123,6227,-1
9181,0,110,1,4,4,1,1,9102,6381,6287
9182,0,113,0,0,4,1,1,9170,6207,-1
9184,0,118,1,0,4,1,1,9077,6228,6201
9187,0,116,1,0,4,1,1,9076,6201,6181
9189,0,109,0,0,4,1,1,9047,6197,-1
9190,0,118,0,0,4,1,1,9095,6201,-1
9192,0,115,1,0,4,1,1,9098,6210,6187
9193,0,112,0,0,4,1,1,9108,6254,-1
9195,0,110,1,0,4,1,1,9071,6216,6204
9196,0,117,1,0,4,1,1,9115,6245,6215
9198,0,118,0,0,4,1,1,9161,6214,-1
9200,0,119,0,0,4,1,1,9129,6207,-1
9201,0,116,0,0,5,1,0,9076,6215,-1
9202,0,116,0,0,4,1,1,9176,6220,-1
9204,0,111,1,0,4,1,1,9087,6236,6194
9205,0,112,1,0,4,1,1,9117,6221,6196
9207,0,120,1,2,4,1,1,9159,6329,6200
9209,0,112,0,0,4,1,1,9140,6219,-1
9210,0,115,1,1,4,1,1,9098,6294,6233
9215,0,111,0,0,4,1,1,9146,6256,-1
9217,0,111,1,1,4,1,1,9027,6279,6204
9218,0,121,1,4,4,1,1,9207,6393,6205
9219,0,113,0,0,4,1,1,9147,6226,-1
9221,0,111,1,1,4,1,1,9087,6388,6260
9222,0,119,0,0,4,1,1,9184,6228,-1
9224,0,109,1,1,4,1,1,9009,6275,6214
9225,0,110,1,0,4,1,1,9134,6242,6209
9226,0,112,1,4,4,1,1,9217,6330,6211
9227,0,110,0,0,3,1,0,9122,6226,-1
9230,0,118,1,2,4,1,1,9077,6316,6227
9231,0,120,0,0,4,1,1,9159,6227,-1
9232,0,122,0,0,4,1,1,9218,6229,-1
9233,0,111,0,0,4,1,1,9225,6242,-1
9235,0,111,0,0,4,1,1,9027,6231,-1
9236,0,112,0,0,4,1,1,9204,6236,-1
9241,0,113,1,0,4,1,1,9226,6308,6264
9242,0,110,1,3,4,1,1,9224,6416,6239
9243,0,110,1,4,4,1,1,9134,6352,6220
9244,0,112,0,0,4,1,1,9179,6237,-1
9246,0,112,0,0,4,1,1,9217,6279,-1
9250,0,111,1,1,4,1,1,9243,6319,6230
9255,0,110,1,1,4,1,1,9134,6283,6253
9259,0,116,1,0,4,1,1,9176,6261,6235
9262,0,119,1,1,4,1,1,9230,6288,6236
9263,0,112,1,2,4,1,1,9250,6304,6239
9264,0,116,1,0,4,1,1,9210,6259,6238
9265,0,118,0,0,4,1,1,9077,6268,-1
9266,0,121,1,1,4,1,1,9207,6303,6246
9267,0,116,1,2,4,1,1,9076,6359,6240
9268,0,117,0,0,4,1,1,9259,6261,-1
9270,0,120,1,5,4,1,1,9262,6560,6261
9274,0,111,1,0,4,1,1,9243,6307,6275
9275,0,117,0,0,4,1,1,9264,6259,-1
9276,0,113,1,1,4,1,1,9263,6291,6244
9277,0,115,0,0,4,1,1,9098,6261,-1
9278,0,117,1,0,4,1,1,9267,6307,6258
9280,0,109,0,0,4,1,1,9009,6265,-1
9281,0,119,1,0,4,1,1,9230,6272,6247
9282,0,116,0,0,4,1,1,9176,6266,-1
9283,0,111,1,3,4,1,1,9242,6391,6279
9285,0,110,1,0,4,1,1,9071,6276,6252
9286,0,110,0,0,4,1,1,9224,6269,-1
9287,0,114,1,2,4,1,1,9276,6339,6262
9288,0,116,1,0,4,1,1,9076,6274,6250
9289,0,122,1,0,4,1,1,9266,6305,6266
9290,0,116,0,0,4,1,1,9210,6294,-1
9292,0,113,1,0,4,1,1,9263,6300,6276
9293,0,111,0,0,4,1,1,9285,6276,-1
9294,0,117,0,0,4,1,1,9288,6274,-1
9295,0,111,1,0,4,1,1,9255,6277,6258
9298,0,116,1,1,4,1,1,9076,6351,6312
9299,0,110,0,0,4,1,1,9071,6282,-1
9301,0,121,0,0,4,1,1,9207,6329,-1
9302,0,110,0,0,4,1,1,9134,6301,-1
9303,0,112,0,0,4,1,1,9295,6277,-1
9304,0,112,0,0,4,1,1,9250,6288,-1
9308,0,119,0,0,4,1,1,9230,6316,-1
9309,0,115,1,1,4,1,1,9287,6309,6267
9310,0,118,0,0,4,1,1,9278,6306,-1
9311,0,121,1,0,4,1,1,9270,6364,6331
9314,0,117,1,0,4,1,1,9267,6334,6272
9315,0,123,0,0,4,1,1,9289,6305,-1
9316,0,116,1,0,4,1,1,9309,6312,6284
9318,0,112,1,2,4,1,1,9221,6408,6346
9319,0,122,1,1,4,1,1,9218,6362,6275
9320,0,113,1,0,4,1,1,9226,6300,6275
9321,0,114,0,0,4,1,1,9241,6308,-1
9323,0,122,0,0,4,1,1,9266,6302,-1
9325,0,111,0,0,4,1,1,9087,6299,-1
9326,0,115,1,2,4,1,1,9287,6380,6278
9328,0,112,0,0,4,1,1,9274,6307,-1
9330,0,114,0,0,4,1,1,9292,6300,-1
9333,0,123,0,0,4,1,1,9319,6313,-1
9334,0,117,0,0,4,1,1,9267,6302,-1
9336,0,112,0,0,4,1,1,9283,6313,-1
9337,0,122,1,0,4,1,1,9218,6352,6289
9338,0,111,1,1,4,1,1,9243,6324,6291
9339,0,113,1,1,4,1,1,9226,6328,6286
9341,0,118,0,0,4,1,1,9314,6334,-1
9343,0,117,0,0,4,1,1,9316,6312,-1
9344,0,115,0,0,4,1,1,9287,6332,-1
9345,0,114,1,4,4,1,1,9339,6533,6295
9346,0,111,1,0,4,1,1,9242,6351,6301
9347,0,111,1,0,4,1,1,9181,6315,6292
9351,0,112,1,0,4,1,1,9338,6342,6296
9352,0,112,0,0,4,1,1,9347,6315,-1
9353,0,113,1,0,4,1,1,9226,6342,6300
9355,0,110,0,0,4,1,1,9102,6355,-1
9356,0,111,1,0,4,1,1,9181,6371,6303
9357,0,115,1,3,4,1,1,9345,6404,6338
9360,0,122,1,1,4,1,1,9218,6338,6306
9361,0,111,1,0,4,1,1,9243,6340,6306
9362,0,114,0,0,4,1,1,9339,6327,-1
9363,0,112,0,0,4,1,1,9338,6324,-1
9364,0,114,0,0,4,1,1,9353,6333,-1
9368,0,112,0,0,4,1,1,9361,6340,-1
9369,0,112,0,0,4,1,1,9346,6351,-1
9370,0,123,1,0,4,1,1,9360,6342,6311
9371,0,113,0,0,4,1,1,9226,6330,-1
9374,0,112,0,0,4,1,1,9356,6371,-1
9375,0,116,1,1,4,1,1,9326,6361,6327
9377,0,111,1,1,4,1,1,9181,6401,6314
9379,0,123,0,0,4,1,1,9337,6343,-1
9380,0,124,0,0,4,1,1,9370,6342,-1
9381,0,111,0,0,4,1,1,9243,6352,-1
9382,0,117,1,2,4,1,1,9298,6393,6316
9383,0,113,0,0,4,1,1,9351,6342,-1
9384,0,122,1,3,4,1,1,9218,6418,6343
9386,0,111,0,0,4,1,1,9242,6345,-1
9387,0,123,1,1,4,1,1,9319,6431,6346
9389,0,112,1,1,4,1,1,9377,6407,6373
9391,0,112,1,1,4,1,1,9283,6430,6340
9392,0,118,1,1,4,1,1,9382,6403,6337
9394,0,111,1,2,4,1,1,9181,6430,6344
9396,0,116,1,0,4,1,1,9076,6373,6329
9397,0,117,0,0,4,1,1,9298,6351,-1
9401,0,117,0,0,4,1,1,9267,6359,-1
9402,0,117,1,0,4,1,1,9375,6395,6337
9409,0,116,1,0,4,1,1,9326,6366,6344
9410,0,122,0,0,4,1,1,9311,6361,-1
9411,0,121,1,0,4,1,1,9270,6430,6366
9412,0,119,1,0,4,1,1,9392,6374,6342
9414,0,116,1,1,4,1,1,9357,6428,6346
9417,0,113,1,0,4,1,1,9391,6431,6404
9419,0,117,0,0,4,1,1,9396,6373,-1
9425,0,123,1,3,4,1,1,9384,6471,6359
9426,0,118,1,0,4,1,1,9382,6439,6372
9427,0,115,1,1,4,1,1,9345,6399,6348
9428,0,112,1,1,4,1,1,9394,6431,6363
9429,0,117,0,0,4,1,1,9409,6366,-1
9430,0,112,1,0,4,1,1,9283,6419,6350
9431,0,124,1,0,4,1,1,9387,6401,6374
9432,0,113,1,0,4,1,1,9318,6436,6351
9433,0,119,0,0,4,1,1,9392,6370,-1
9434,0,122,0,0,4,1,1,9218,6388,-1
9436,0,116,0,0,4,1,1,9326,6380,-1
9437,0,111,1,1,4,1,1,9242,6406,6357
9439,0,114,0,0,4,1,1,9432,6436,-1
9441,0,117,1,1,4,1,1,9414,6421,6372
9443,0,111,0,0,4,1,1,9181,6381,-1
9445,0,115,0,0,4,1,1,9345,6420,-1
9447,0,116,1,0,4,1,1,9427,6420,6366
9448,0,112,1,3,4,1,1,9283,6459,6361
9449,0,116,1,0,4,1,1,9357,6396,6370
9450,0,113,1,2,4,1,1,9318,6506,6362
9451,0,112,1,2,4,1,1,9437,6515,6384
9452,0,124,1,0,4,1,1,9425,6409,6374
9458,0,114,1,2,4,1,1,9450,6494,6373
9459,0,123,1,1,4,1,1,9384,6431,6373
9461,0,122,0,0,4,1,1,9411,6430,-1
9462,0,113,1,0,4,1,1,9428,6433,6398
9463,0,112,0,0,4,1,1,9283,6387,-1
9464,0,113,1,0,4,1,1,9448,6410,6373
9465,0,112,1,1,4,1,1,9394,6455,6374
9467,0,118,0,0,4,1,1,9402,6395,-1
9468,0,116,0,0,4,1,1,9427,6391,-1
9469,0,121,1,3,4,1,1,9270,6574,6377
9470,0,118,1,0,4,1,1,9441,6449,6377
9471,0,113,1,0,4,1,1,9389,6434,6380
9472,0,115,1,0,4,1,1,9458,6460,6379
9473,0,125,0,0,4,1,1,9452,6409,-1
9475,0,124,1,0,4,1,1,9459,6429,6382
9476,0,113,0,0,4,1,1,9430,6419,-1
9477,0,119,0,0,4,1,1,9426,6439,-1
9478,0,111,0,0,4,1,1,9242,6416,-1
9481,0,116,1,0,4,1,1,9357,6407,6385
9483,0,123,1,0,4,1,1,9384,6403,6385
9484,0,124,0,0,4,1,1,9387,6431,-1
9485,0,121,1,0,4,1,1,9270,6429,6402
9486,0,113,0,0,4,1,1,9318,6408,-1
9489,0,113,0,0,4,1,1,9389,6407,-1
9491,0,113,1,4,4,1,1,9448,6574,6396
9492,0,123,0,0,4,1,1,9384,6418,-1
9493,0,113,1,0,4,1,1,9451,6431,6398
9497,0,115,1,0,4,1,1,9458,6447,6403
9500,0,118,0,0,4,1,1,9441,6421,-1
9501,0,117,0,0,4,1,1,9447,6420,-1
9503,0,113,1,1,4,1,1,9465,6465,6401
9504,0,122,1,1,4,1,1,9469,6474,6404
9506,0,124,1,5,4,1,1,9425,6575,6405
9510,0,125,0,0,4,1,1,9475,6429,-1
9512,0,113,1,1,4,1,1,9448,6492,6408
9514,0,114,0,0,4,1,1,9417,6426,-1
9516,0,113,0,0,4,1,1,9428,6431,-1
9518,0,113,1,1,4,1,1,9451,6518,6440
9520,0,114,0,0,4,1,1,9471,6434,-1
9522,0,114,0,0,5,1,0,9462,6433,-1
9523,0,113,0,0,4,1,1,9465,6455,-1
9525,0,122,0,0,4,1,1,9485,6429,-1
9526,0,114,1,1,4,1,1,9491,6468,6424
9527,0,116,0,0,4,1,1,9497,6445,-1
9529,0,125,1,5,4,1,1,9506,6604,6438
9530,0,124,1,0,4,1,1,9425,6441,6418
9531,0,113,0,0,4,1,1,9448,6455,-1
9532,0,114,1,1,4,1,1,9512,6497,6434
9534,0,123,1,3,4,1,1,9504,6533,6440
9535,0,114,1,3,4,1,1,9503,6505,6435
9539,0,115,1,1,4,1,1,9345,6478,6430
9540,0,124,0,0,4,1,1,9425,6471,-1
9541,0,115,0,0,3,1,0,9458,6477,-1
9548,0,116,1,5,4,1,1,9539,6566,6435
9550,0,114,1,1,4,1,1,9491,6556,6511
9552,0,116,0,0,4,1,1,9472,6460,-1
9556,0,115,1,1,4,1,1,9532,6531,6442
9557,0,115,1,2,4,1,1,9535,6494,6446
9558,0,114,1,0,4,1,1,9450,6471,6442
9559,0,117,1,0,4,1,1,9548,6465,6440
9561,0,115,1,1,4,1,1,9345,6559,6481
9562,0,115,1,0,4,1,1,9526,6459,6443
9563,0,126,1,0,4,1,1,9529,6486,6443
9564,0,114,0,0,4,1,1,9512,6492,-1
9565,0,114,0,0,4,1,1,9518,6468,-1
9568,0,124,1,4,4,1,1,9534,6672,6479
9569,0,116,1,1,4,1,1,9556,6558,6475
9570,0,115,0,0,4,1,1,9558,6471,-1
9571,0,127,0,0,4,1,1,9563,6483,-1
9572,0,125,1,0,4,1,1,9506,6532,6468
9574,0,116,1,0,4,1,1,9557,6506,6451
9575,0,123,0,0,4,1,1,9504,6474,-1
9577,0,126,1,3,4,1,1,9529,6532,6472
9578,0,117,1,0,4,1,1,9548,6509,6468
9579,0,115,0,0,4,1,1,9526,6468,-1
9580,0,115,1,4,4,1,1,9535,6596,6467
9583,0,113,0,0,4,1,1,9451,6515,-1
9584,0,116,1,0,4,1,1,9557,6535,6461
9585,0,122,1,4,4,1,1,9469,6569,6469
9590,0,114,0,0,4,1,1,9450,6506,-1
9593,0,116,1,2,4,1,1,9580,6524,6472
9594,0,115,0,0,4,1,1,9532,6497,-1
9595,0,116,0,0,4,1,1,9557,6494,-1
9598,0,123,1,0,4,1,1,9585,6527,6503
9599,0,114,1,0,4,1,1,9518,6517,6491
9603,0,117,1,0,4,1,1,9593,6509,6476
9604,0,127,1,1,4,1,1,9577,6510,6477
9605,0,115,1,1,4,1,1,9535,6549,6478
9607,0,117,1,0,4,1,1,9548,6510,6478
9610,0,125,1,0,4,1,1,9506,6507,6479
9611,0,117,1,0,4,1,1,9569,6527,6506
9612,0,117,0,0,4,1,1,9584,6515,-1
9613,0,118,0,0,4,1,1,9603,6509,-1
9614,0,128,1,0,4,1,1,9604,6529,6481
9615,0,116,1,2,4,1,1,9580,6580,6527
9617,0,116,1,0,4,1,1,9605,6553,6522
9618,0,118,0,0,4,1,1,9607,6510,-1
9619,0,126,0,0,4,1,1,9610,6507,-1
9620,0,125,1,2,4,1,1,9568,6542,6487
9621,0,129,0,0,4,1,1,9614,6504,-1
9622,0,116,0,0,4,1,1,9556,6531,-1
9624,0,117,1,0,4,1,1,9593,6535,6487
9625,0,122,1,0,4,1,1,9469,6596,6516
9626,0,127,1,0,4,1,1,9577,6569,6500
9627,0,115,0,0,4,1,1,9535,6505,-1
9628,0,117,1,0,4,1,1,9548,6525,6494
9629,0,125,1,0,4,1,1,9506,6538,6490
9630,0,124,1,1,4,1,1,9534,6547,6490
9632,0,128,0,0,4,1,1,9604,6510,-1
9634,0,121,1,0,4,1,1,9270,6559,6513
9638,0,117,0,0,4,1,1,9593,6524,-1
9639,0,126,1,0,4,1,1,9620,6539,6499
9640,0,125,1,1,4,1,1,9506,6576,6542
9642,0,124,1,0,4,1,1,9534,6522,6502
9643,0,116,1,0,4,1,1,9561,6542,6503
9644,0,125,1,2,4,1,1,9568,6585,6507
9645,0,117,1,3,4,1,1,9548,6661,6535
9647,0,126,0,0,4,1,1,9572,6525,-1
9648,0,126,1,0,4,1,1,9620,6533,6510
9651,0,115,0,0,4,1,1,9345,6533,-1
9654,0,127,1,0,4,1,1,9577,6547,6512
9655,0,124,0,0,4,1,1,9534,6533,-1
9657,0,118,0,0,4,1,1,9611,6527,-1
9659,0,123,1,2,4,1,1,9585,6625,6522
9661,0,118,0,0,4,1,1,9624,6535,-1
9662,0,128,0,0,4,1,1,9626,6569,-1
9664,0,125,1,0,4,1,1,9630,6551,6517
9665,0,116,0,0,4,1,1,9561,6559,-1
9666,0,115,1,0,4,1,1,9550,6542,6517
9667,0,122,0,0,4,1,1,9634,6559,-1
9668,0,127,0,0,4,1,1,9639,6539,-1
9669,0,126,1,0,4,1,1,9529,6572,6536
9671,0,117,0,0,4,1,1,9643,6537,-1
9672,0,126,0,0,4,1,1,9620,6542,-1
9675,0,126,1,1,4,1,1,9644,6634,6540
9676,0,128,0,0,4,1,1,9654,6544,-1
9678,0,115,0,0,4,1,1,9550,6556,-1
9680,0,124,1,1,4,1,1,9659,6562,6529
9683,0,126,0,0,4,1,1,9664,6546,-1
9684,0,125,0,0,4,1,1,9630,6547,-1
9687,0,117,1,1,4,1,1,9615,6599,6532
9688,0,116,0,0,4,1,1,9605,6549,-1
9689,0,123,1,3,4,1,1,9585,6635,6534
9691,0,125,1,1,4,1,1,9680,6606,6534
9695,0,117,0,0,5,1,0,9569,6558,-1
9698,0,118,1,1,4,1,1,9687,6602,6570
9701,0,116,1,0,4,1,1,9580,6564,6538
9702,0,114,1,0,4,1,1,9491,6560,6539
9703,0,124,1,0,4,1,1,9689,6587,6548
9705,0,118,1,0,4,1,1,9645,6577,6540
9707,0,124,1,0,4,1,1,9659,6566,6541
9708,0,126,1,2,4,1,1,9691,6631,6569
9710,0,117,0,0,4,1,1,9701,6563,-1
9711,0,125,1,1,4,1,1,9568,6648,6610
9712,0,117,1,0,4,1,1,9615,6610,6543
9715,0,125,0,0,4,1,1,9680,6562,-1
9716,0,123,1,2,4,1,1,9585,6652,6545
9717,0,117,0,0,4,1,1,9548,6565,-1
9719,0,126,1,0,4,1,1,9640,6565,6547
9720,0,122,0,0,4,1,1,9469,6574,-1
9721,0,119,0,0,4,1,1,9705,6577,-1
9722,0,127,1,0,4,1,1,9675,6645,6569
9723,0,126,1,3,4,1,1,9529,6689,6576
9724,0,123,0,0,4,1,1,9625,6596,-1
9725,0,114,1,0,4,1,1,9491,6572,6550
9726,0,126,1,1,4,1,1,9644,6612,6551
9727,0,127,0,0,4,1,1,9669,6572,-1
9730,0,118,0,0,4,1,1,9712,6606,-1
9731,0,127,0,0,4,1,1,9719,6565,-1
9733,0,125,0,0,4,1,1,9506,6575,-1
9734,0,117,0,0,4,1,1,9615,6570,-1
9736,0,125,0,0,4,1,1,9703,6587,-1
9739,0,127,1,0,4,1,1,9726,6636,6562
9741,0,116,1,1,4,1,1,9580,6634,6568
9742,0,124,1,3,4,1,1,9689,6653,6568
9747,0,124,1,3,4,1,1,9716,6707,6568
9757,0,124,0,0,4,1,1,9659,6589,-1
9758,0,117,1,0,4,1,1,9741,6628,6605
9759,0,125,1,6,4,1,1,9742,6750,6576
9760,0,118,1,1,4,1,1,9645,6632,6592
9764,0,119,1,2,4,1,1,9698,6663,6575
9767,0,128,0,0,4,1,1,9722,6645,-1
9769,0,116,0,0,4,1,1,9580,6594,-1
9770,0,124,1,1,4,1,1,9689,6667,6607
9772,0,124,1,0,4,1,1,9716,6667,6579
9773,0,127,0,0,4,1,1,9675,6596,-1
9774,0,126,0,0,4,1,1,9691,6602,-1
9776,0,118,0,0,4,1,1,9687,6598,-1
9778,0,126,1,2,4,1,1,9759,6828,6609
9779,0,127,0,0,4,1,1,9726,6611,-1
9780,0,125,0,0,4,1,1,9772,6667,-1
9781,0,127,1,0,4,1,1,9723,6622,6609
9783,0,125,1,0,4,1,1,9747,6613,6589
9784,0,125,1,0,4,1,1,9742,6640,6613
9785,0,126,1,1,4,1,1,9529,6630,6587
9786,0,120,1,4,4,1,1,9764,6734,6606
9787,0,124,0,0,4,1,1,9716,6605,-1
9789,0,128,0,0,4,1,1,9739,6636,-1
9790,0,127,1,0,4,1,1,9785,6645,6601
9791,0,127,1,1,4,1,1,9708,6634,6596
9792,0,126,0,0,4,1,1,9783,6613,-1
9793,0,125,1,0,4,1,1,9747,6659,6606
9796,0,119,1,1,4,1,1,9760,6635,6601
9799,0,128,1,3,4,1,1,9791,6727,6603
9801,0,124,0,0,4,1,1,9659,6625,-1
9802,0,118,1,0,4,1,1,9645,6661,6628
9804,0,120,1,1,4,1,1,9796,6632,6606
9806,0,127,1,0,4,1,1,9708,6664,6607
9807,0,129,1,3,4,1,1,9799,6709,6628
9810,0,121,1,1,4,1,1,9786,6694,6617
9811,0,121,1,0,4,1,1,9804,6637,6613
9812,0,118,0,0,4,1,1,9758,6628,-1
9813,0,126,0,0,4,1,1,9793,6659,-1
9814,0,127,0,0,4,1,1,9785,6630,-1
9815,0,125,1,2,4,1,1,9770,6811,6629
9816,0,127,0,0,4,1,1,9675,6634,-1
9818,0,126,1,0,4,1,1,9711,6658,6628
9820,0,120,1,0,4,1,1,9764,6663,6616
9821,0,120,0,0,4,1,1,9796,6632,-1
9822,0,117,0,0,4,1,1,9741,6634,-1
9824,0,122,0,0,4,1,1,9811,6637,-1
9825,0,124,0,0,4,1,1,9689,6634,-1
9826,0,126,0,0,4,1,1,9784,6640,-1
9827,0,127,1,3,4,1,1,9723,6700,6619
9828,0,126,1,0,4,1,1,9759,6647,6619
9829,0,125,1,1,4,1,1,9568,6691,6636
9830,0,125,1,0,4,1,1,9742,6741,6624
9831,0,128,1,6,4,1,1,9827,6835,6624
9832,0,125,1,1,4,1,1,9747,6697,6642
9833,0,127,0,0,4,1,1,9828,6647,-1
9834,0,128,0,0,4,1,1,9790,6645,-1
9836,0,122,1,0,4,1,1,9810,6705,6659
9838,0,120,0,0,4,1,1,9764,6660,-1
9840,0,124,0,0,4,1,1,9716,6652,-1
9841,0,127,1,1,4,1,1,9723,6666,6633
9843,0,119,0,0,4,1,1,9802,6661,-1
9844,0,130,1,0,4,1,1,9807,6723,6653
9848,0,126,1,1,4,1,1,9815,6717,6640
9850,0,127,0,0,4,1,1,9818,6658,-1
9851,0,128,1,1,4,1,1,9827,6677,6637
9852,0,121,1,2,4,1,1,9786,6742,6656
9854,0,129,1,0,4,1,1,9799,6718,6658
9857,0,128,1,2,4,1,1,9841,6719,6640
9859,0,118,0,0,4,1,1,9645,6657,-1
9863,0,125,0,0,4,1,1,9770,6667,-1
9864,0,129,1,1,4,1,1,9851,6732,6644
9865,0,127,1,2,4,1,1,9778,6768,6718
9866,0,128,0,0,4,1,1,9806,6664,-1
9867,0,127,0,0,4,1,1,9723,6669,-1
9869,0,129,1,0,4,1,1,9857,6698,6662
9870,0,126,1,0,4,1,1,9759,6709,6676
9871,0,126,0,0,4,1,1,9830,6737,-1
9872,0,125,0,0,4,1,1,9568,6670,-1
9873,0,126,1,0,4,1,1,9832,6740,6684
9874,0,128,1,0,4,1,1,9827,6708,6648
9875,0,127,1,0,4,1,1,9848,6695,6665
9878,0,126,1,1,4,1,1,9829,6700,6666
9879,0,130,1,1,4,1,1,9864,6741,6663
9880,0,128,0,0,4,1,1,9841,6666,-1
9883,0,129,0,0,4,1,1,9874,6708,-1
9886,0,131,0,0,4,1,1,9844,6685,-1
9887,0,129,1,0,4,1,1,9831,6691,6659
9888,0,126,1,0,4,1,1,9815,6724,6673
9889,0,122,0,0,4,1,1,9852,6680,-1
9892,0,130,0,0,4,1,1,9887,6691,-1
9893,0,130,1,2,4,1,1,9807,6779,6675
9897,0,121,1,0,4,1,1,9786,6687,6666
9899,0,131,1,0,4,1,1,9879,6707,6668
9901,0,129,1,0,4,1,1,9799,6702,6680
9902,0,122,0,0,4,1,1,9810,6694,-1
9903,0,129,1,1,4,1,1,9831,6732,6670
9904,0,128,0,0,4,1,0,9875,6695,-1
9906,0,130,0,0,4,1,1,9869,6685,-1
9907,0,127,1,0,4,1,1,9878,6723,6671
9911,0,129,1,0,4,1,1,9857,6699,6673
9912,0,132,0,0,4,1,1,9899,6703,-1
9914,0,123,0,0,4,1,1,9836,6705,-1
9915,0,128,0,0,4,1,1,9907,6723,-1
9916,0,127,0,0,4,1,1,9848,6695,-1
9919,0,126,0,0,4,1,1,9829,6691,-1
9920,0,121,1,1,4,1,1,9786,6766,6706
9921,0,130,0,0,4,1,1,9911,6699,-1
9922,0,130,0,0,4,1,1,9854,6718,-1
9923,0,131,1,2,4,1,1,9893,6757,6699
9924,0,128,0,0,4,1,1,9827,6700,-1
9925,0,127,0,0,4,1,1,9878,6699,-1
9926,0,129,1,4,4,1,1,9831,6843,6729
9927,0,130,0,0,4,1,1,9864,6732,-1
9928,0,126,0,0,4,1,1,9815,6703,-1
9930,0,130,0,0,4,1,1,9901,6702,-1
9931,0,126,1,4,4,1,1,9759,6798,6691
9932,0,130,1,3,4,1,1,9807,6842,6690
9935,0,127,0,0,4,1,1,9873,6740,-1
9937,0,129,0,0,4,1,1,9799,6727,-1
9939,0,131,0,0,4,1,1,9879,6725,-1
9941,0,130,1,0,4,1,1,9903,6743,6696
9943,0,127,0,0,4,1,1,9888,6724,-1
9945,0,131,0,0,4,1,1,9941,6743,-1
9946,0,127,0,0,4,1,1,9848,6717,-1
9948,0,126,1,0,4,1,1,9759,6761,6702
9951,0,122,1,0,3,1,0,9852,6736,6703
9952,0,127,1,0,4,1,1,9931,6728,6705
9955,0,130,0,0,4,1,1,9903,6723,-1
9957,0,131,0,0,4,1,1,9932,6725,-1
9958,0,132,1,4,4,1,1,9923,6797,6711
9959,0,131,0,0,4,1,1,9844,6723,-1
9960,0,123,0,0,3,1,0,9951,6736,-1
9962,0,128,0,0,4,1,1,9952,6728,-1
9963,0,122,1,1,4,1,1,9920,6769,6733
9965,0,126,1,0,4,1,1,9759,6759,6715
9967,0,127,0,0,4,1,1,9948,6761,-1
9971,0,122,1,0,4,1,1,9852,6742,6714
9974,0,127,1,2,4,1,1,9931,6769,6721
9975,0,133,1,3,4,1,1,9958,6853,6728
9976,0,121,0,0,4,1,1,9786,6734,-1
9977,0,127,0,0,4,1,1,9965,6759,-1
9979,0,128,1,4,4,1,1,9865,6837,6722
9982,0,122,0,0,4,1,1,9852,6742,-1
9983,0,126,0,0,4,1,1,9759,6750,-1
9984,0,132,1,0,4,1,1,9923,6753,6733
9985,0,129,1,1,4,1,1,9979,6801,6727
9989,0,127,1,0,4,1,1,9778,6777,6762
9991,0,134,1,0,4,1,1,9975,6772,6744
9992,0,128,1,4,4,1,1,9974,6860,6735
9995,0,130,1,1,4,1,1,9985,6788,6743
9996,0,130,1,0,4,1,1,9926,6761,6749
9997,0,127,1,0,4,1,1,9931,6812,6752
9999,0,131,1,0,4,1,1,9893,6778,6745
10001,0,128,1,0,4,1,1,9865,6769,6739
10002,0,133,0,0,4,1,1,9984,6753,-1
10003,0,129,1,0,4,1,1,9979,6761,6738
10004,0,123,1,1,4,1,1,9963,6827,6740
10006,0,133,1,0,4,1,1,9958,6786,6749
10007,0,129,1,1,4,1,1,9831,6829,6739
10008,0,126,0,0,4,1,1,9815,6811,-1
10009,0,129,0,0,4,1,1,10001,6760,-1
10011,0,122,0,0,4,1,1,9920,6766,-1
10012,0,124,1,2,4,1,1,10004,6863,6773
10015,0,128,1,0,4,1,1,9974,6765,6746
10018,0,131,1,0,4,1,1,9995,6803,6759
10019,0,129,1,1,4,1,1,9979,6805,6765
10020,0,129,1,1,4,1,1,9831,6851,6750
10021,0,129,0,0,4,1,1,10015,6765,-1
10022,0,123,0,0,4,1,1,9963,6769,-1
10025,0,134,1,0,4,1,1,9975,6785,6755
10026,0,131,0,0,4,1,1,9893,6779,-1
10027,0,132,0,0,4,1,1,9999,6778,-1
10028,0,134,0,0,4,1,1,10006,6786,-1
10029,0,128,0,0,4,1,1,9974,6769,-1
10030,0,129,1,5,4,1,1,9992,6889,6766
10031,0,131,1,2,4,1,1,9932,6866,6768
10033,0,130,1,0,4,1,1,10007,6799,6769
10034,0,130,1,0,4,1,1,9926,6782,6759
10035,0,133,1,0,4,1,1,9958,6786,6760
10037,0,129,1,0,4,1,1,9831,6785,6768
10038,0,135,0,0,4,1,1,10025,6782,-1
10042,0,130,1,0,4,1,1,10020,6821,6783
10043,0,127,1,1,4,1,1,9931,6897,6778
10047,0,134,1,0,4,1,1,9975,6808,6771
10048,0,130,0,0,4,1,1,9985,6801,-1
10050,0,131,0,0,4,1,1,9995,6788,-1
10051,0,130,1,0,4,1,1,9926,6874,6770
10053,0,130,1,5,4,1,1,10019,6953,6776
10054,0,133,1,0,4,1,1,9958,6809,6771
10061,0,131,0,0,5,1,0,10033,6799,-1
10062,0,132,0,0,4,1,1,10018,6803,-1
10063,0,132,1,0,4,1,1,10031,6816,6786
10064,0,131,0,0,4,1,1,10051,6795,-1
10065,0,135,0,0,4,1,1,10047,6808,-1
10066,0,134,0,0,4,1,1,10054,6806,-1
10067,0,130,1,0,4,1,1,10030,6814,6789
10068,0,129,1,0,4,1,1,9992,6811,6776
10071,0,125,1,2,4,1,1,10012,6905,6778
10072,0,131,1,3,4,1,1,9932,6921,6779
10073,0,128,0,0,4,1,1,9997,6796,-1
10074,0,130,1,0,4,1,1,9926,6890,6803
10076,0,129,1,5,4,1,1,9979,6909,6790
10077,0,130,0,0,4,1,1,10068,6811,-1
10078,0,131,1,4,4,1,1,10053,7049,6807
10079,0,133,0,0,4,1,1,9958,6797,-1
10082,0,132,1,2,4,1,1,10072,6842,6795
10085,0,130,0,0,4,1,1,10019,6805,-1
10086,0,129,1,3,4,1,1,9992,6999,6788
10088,0,131,0,0,4,1,1,9932,6808,-1
10092,0,125,1,0,4,1,1,10012,6836,6804
10093,0,130,1,0,4,1,1,10086,6812,6793
10094,0,131,0,0,4,1,1,10067,6814,-1
10095,0,131,0,0,4,1,1,10042,6821,-1
10096,0,132,1,3,4,1,1,10031,6934,6797
10097,0,133,0,0,4,1,1,10063,6816,-1
10098,0,129,0,0,4,1,1,9831,6835,-1
10099,0,131,0,0,4,1,1,10093,6812,-1
10100,0,124,0,0,4,1,1,10004,6827,-1
10101,0,133,1,0,4,1,1,10082,6834,6807
10102,0,130,1,1,4,1,1,10030,6871,6800
10103,0,130,0,0,4,1,1,10007,6827,-1
10108,0,129,0,0,4,1,1,9979,6837,-1
10109,0,132,1,1,4,1,1,10072,6896,6840
10110,0,133,1,2,4,1,1,10096,6859,6807
10111,0,130,1,0,4,1,1,10076,6832,6809
10112,0,131,1,1,4,1,1,10102,6916,6840
10113,0,126,1,0,4,1,1,10071,6895,6864
10116,0,132,0,0,4,1,1,10031,6866,-1
10117,0,126,0,0,4,1,1,10092,6826,-1
10119,0,130,0,0,4,1,1,10020,6851,-1
10120,0,130,1,2,4,1,1,10030,6933,6811
10121,0,132,1,0,4,1,1,10078,6991,6958
10122,0,134,1,0,4,1,1,10110,6833,6812
10125,0,131,1,2,4,1,1,9932,6908,6813
10126,0,129,1,0,4,1,1,9992,6875,6816
10127,0,134,0,0,4,1,1,9975,6831,-1
10131,0,131,1,1,4,1,1,10120,6900,6838
10135,0,135,0,0,4,1,1,10122,6833,-1
10136,0,133,1,0,4,1,1,10082,6845,6818
10137,0,133,1,0,4,1,1,10096,6871,6819
10139,0,130,0,0,4,1,1,9926,6839,-1
10140,0,130,1,0,4,1,1,10076,6867,6820
10142,0,131,1,0,4,1,1,10053,6883,6826
10143,0,130,1,0,4,1,1,10030,6851,6822
10144,0,131,0,0,4,1,1,9932,6842,-1
10145,0,134,0,0,4,1,1,10137,6871,-1
10147,0,132,1,1,4,1,1,10125,6935,6851
10148,0,131,0,0,4,1,1,10143,6845,-1
10149,0,134,1,2,4,1,1,10110,6967,6827
10150,0,133,0,0,4,1,1,10096,6867,-1
10151,0,130,1,3,4,1,1,10076,7026,6831
10153,0,130,1,0,4,1,1,10030,6875,6832
10155,0,129,0,0,4,1,1,9992,6853,-1
10156,0,131,0,0,4,1,1,10074,6890,-1
10157,0,128,1,1,4,1,1,10043,6890,6843
10159,0,125,0,0,4,1,1,10012,6863,-1
10160,0,131,1,0,4,1,1,10151,6910,6867
10162,0,131,1,0,4,1,1,10053,6864,6837
10164,0,135,1,0,4,1,1,10149,6893,6837
10165,0,131,0,0,4,1,1,10153,6875,-1
10168,0,134,0,0,4,1,1,10110,6857,-1
10169,0,131,0,0,4,1,1,10051,6864,-1
10171,0,130,0,0,4,1,1,10086,6912,-1
10174,0,132,0,0,4,1,1,10142,6883,-1
10175,0,130,0,0,4,1,1,10030,6862,-1
10176,0,130,1,0,4,1,1,10076,6881,6844
10177,0,133,1,1,4,1,1,10109,6907,6851
10178,0,132,1,6,4,1,1,10112,7081,6848
10182,0,130,0,0,4,1,1,10126,6868,-1
10184,0,132,1,3,4,1,1,10131,6949,6862
10186,0,131,1,2,4,1,1,10053,7003,6900
10187,0,135,1,1,4,1,1,10149,6986,6933
10188,0,132,1,0,4,1,1,10072,6876,6851
10189,0,131,0,0,4,1,1,10102,6871,-1
10191,0,129,1,2,4,1,1,10157,6970,6856
10193,0,136,0,0,4,1,1,10164,6893,-1
10195,0,131,0,0,4,1,1,10176,6878,-1
10196,0,134,1,0,4,1,1,10177,6907,6875
10197,0,133,1,4,4,1,1,10178,6965,6861
10199,0,132,0,0,4,1,1,10072,6892,-1
10202,0,131,1,0,4,1,1,10120,6931,6883
10203,0,134,1,0,4,1,0,10197,6927,6880
10205,0,130,1,2,4,1,1,10076,6935,6874
10208,0,127,0,0,4,1,1,10113,6895,-1
10209,0,130,1,0,4,1,1,10191,6932,6871
10213,0,133,1,1,4,1,1,10178,6971,6938
10214,0,133,1,0,4,1,1,10147,6950,6897
10215,0,126,1,1,4,1,1,10071,6935,6879
10216,0,133,1,1,4,1,1,10184,6988,6895
10219,0,128,0,0,4,1,1,10043,6897,-1
10220,0,133,0,0,4,1,1,10109,6896,-1
10221,0,131,1,0,4,1,1,10151,6928,6878
10222,0,132,1,2,4,1,1,10125,7017,6882
10225,0,131,0,0,4,1,1,10209,6913,-1
10226,0,131,1,0,4,1,1,10205,6928,6895
10228,0,132,0,0,4,1,1,10221,6923,-1
10229,0,130,0,0,4,1,1,10076,6909,-1
10231,0,134,0,0,4,1,1,10177,6907,-1
10232,0,132,0,0,4,1,1,10160,6910,-1
10234,0,132,0,0,4,1,1,10202,6931,-1
10235,0,131,1,1,4,1,1,10151,6947,6892
10237,0,134,1,3,4,1,1,10197,6951,6893
10238,0,130,1,2,4,1,1,10191,6996,6895
10239,0,133,0,0,4,1,1,10222,6931,-1
10243,0,127,1,1,4,1,1,10215,6952,6903
10244,0,132,1,0,4,1,1,10235,6954,6910
10245,0,135,1,0,4,1,1,10237,6937,6898
10247,0,131,0,0,4,1,1,10238,6928,-1
10249,0,131,0,0,4,1,1,10120,6931,-1
10253,0,136,0,0,4,1,1,10245,6934,-1
10254,0,134,0,0,4,1,1,10214,6950,-1
10255,0,134,1,6,4,1,1,10197,7059,6914
10256,0,133,1,1,4,1,1,10096,6985,6906
10257,0,132,0,0,4,1,1,10226,6928,-1
10258,0,132,1,0,4,1,1,10186,6997,6939
10259,0,130,0,0,4,1,1,10191,6949,-1
10260,0,131,1,0,4,1,1,10205,6977,6906
10261,0,133,1,0,4,1,1,10184,6997,6906
10262,0,132,0,0,4,1,1,10072,6921,-1
10265,0,135,0,0,4,1,0,10203,6927,-1
10268,0,131,1,0,3,1,0,10053,6971,6910
10269,0,133,0,0,4,1,1,10147,6935,-1
10270,0,135,1,1,4,1,1,10237,6949,6913
10273,0,128,1,2,4,1,1,10243,7002,6914
10274,0,134,1,5,4,1,1,10256,7065,6933
10276,0,132,0,0,3,1,0,10268,6971,-1
10277,0,131,0,0,4,1,1,10205,6935,-1
10278,0,133,1,0,4,1,1,10184,6945,6923
10279,0,136,1,0,4,1,1,10270,6947,6921
10282,0,132,0,0,4,1,1,10235,6947,-1
10283,0,135,1,0,4,1,1,10255,6957,6937
10285,0,135,1,0,4,1,1,10237,6958,6926
10286,0,129,1,2,4,1,1,10273,6982,6928
10287,0,134,1,3,4,1,1,10216,7199,6952
10289,0,134,0,0,4,1,1,10261,6997,-1
10290,0,137,0,0,4,1,1,10279,6947,-1
10292,0,131,0,0,4,1,1,10053,6953,-1
10294,0,134,1,0,4,1,1,10197,7009,6933
10295,0,130,1,0,4,1,1,10286,6993,6935
10297,0,136,0,0,4,1,1,10285,6951,-1
10299,0,130,1,0,4,1,1,10086,6967,6951
10300,0,128,0,0,4,1,1,10243,6952,-1
10303,0,135,1,1,4,1,1,10274,7059,6996
10304,0,136,1,0,4,1,1,10187,6968,6938
10305,0,131,1,3,4,1,1,10238,7092,6964
10306,0,133,0,0,4,1,1,10244,6954,-1
10308,0,135,0,0,4,1,1,10294,7009,-1
10311,0,132,0,0,4,1,1,10260,6977,-1
10312,0,129,1,1,4,1,1,10273,7034,6969
10314,0,133,1,2,4,1,1,10222,7025,6975
10315,0,136,0,0,4,1,1,10283,6957,-1
10318,0,137,0,0,4,1,1,10304,6968,-1
10319,0,134,1,0,4,1,1,10213,6969,6943
10320,0,135,0,0,4,1,1,10149,6963,-1
10322,0,134,0,0,4,1,1,10197,6965,-1
10324,0,130,1,0,4,1,1,10286,7018,6952
10325,0,135,0,0,4,1,1,10319,6969,-1
10332,0,134,0,0,5,1,0,10256,6985,-1
10334,0,135,1,0,4,1,1,10287,6991,6973
10338,0,131,0,0,4,1,1,10324,7018,-1
10339,0,135,1,0,4,1,1,10255,7021,6961
10342,0,130,1,1,4,1,1,10086,7007,6971
10343,0,130,0,0,4,1,1,10286,6982,-1
10344,0,134,0,0,4,1,1,10216,6988,-1
10346,0,133,0,0,4,1,1,10121,6984,-1
10347,0,132,1,0,4,1,1,10186,6999,6970
10349,0,136,0,0,4,1,1,10339,7021,-1
10351,0,132,1,1,4,1,1,10078,7027,6986
10355,0,135,1,1,4,1,1,10255,7096,6972
10359,0,133,0,0,4,1,1,10347,6999,-1
10361,0,131,1,0,4,1,1,10238,7001,6975
10362,0,131,1,0,4,1,1,10342,7010,6978
10363,0,133,0,0,4,1,1,10258,6997,-1
10364,0,130,1,2,4,1,1,10312,7078,7000
10365,0,136,1,0,4,1,1,10355,6998,6987
10366,0,133,1,1,4,1,1,10178,7087,6997
10367,0,132,1,0,4,1,1,10305,7028,6996
10368,0,131,0,0,4,1,1,10295,6993,-1
10369,0,134,1,1,4,1,1,10314,7051,6980
10370,0,132,0,0,4,1,1,10361,7001,-1
10371,0,132,0,0,4,1,1,10186,7003,-1
10373,0,130,0,0,4,1,1,10086,6999,-1
10374,0,135,1,0,4,1,1,10255,7046,6994
10375,0,135,1,0,4,1,1,10287,7043,7018
10376,0,133,1,2,4,1,1,10222,7048,6990
10378,0,131,0,0,4,1,1,10342,7007,-1
10379,0,134,1,0,4,1,1,10314,7008,6991
10382,0,134,1,2,4,1,1,10376,7081,7006
10386,0,132,1,3,4,1,1,10078,7076,6997
10389,0,133,1,0,4,1,1,10351,7051,7000
10393,0,134,0,0,4,1,1,10314,7025,-1
10395,0,133,0,0,4,1,1,10367,7028,-1
10396,0,133,1,0,4,1,1,10386,7035,7010
10397,0,135,1,0,4,1,1,10369,7029,7003
10398,0,134,1,0,4,1,1,10366,7064,7038
10401,0,135,1,2,4,1,1,10255,7097,7005
10403,0,136,1,0,4,1,1,10303,7096,7008
10404,0,135,1,0,4,1,1,10274,7066,7006
10407,0,136,0,0,4,1,1,10397,7029,-1
10408,0,132,1,0,4,1,1,10078,7085,7008
10409,0,133,1,2,4,1,1,10178,7107,7008
10410,0,132,1,0,4,1,1,10305,7043,7013
10411,0,133,0,0,4,1,1,10351,7027,-1
10412,0,130,0,0,4,1,1,10312,7034,-1
10413,0,135,1,0,4,1,1,10382,7048,7039
10418,0,133,0,0,4,1,1,10408,7046,-1
10419,0,137,0,0,4,1,1,10403,7079,-1
10421,0,134,0,0,4,1,1,10389,7030,-1
10422,0,135,0,0,4,1,1,10369,7051,-1
10423,0,134,0,0,4,1,1,10409,7032,-1
10425,0,135,1,0,4,1,1,10255,7067,7017
10426,0,134,1,6,4,1,1,10376,7199,7017
10427,0,135,1,3,4,1,1,10274,7093,7017
10428,0,133,0,0,4,1,1,10410,7043,-1
10429,0,133,1,5,4,1,1,10178,7137,7019
10430,0,134,0,0,4,1,1,10396,7035,-1
10432,0,136,0,0,4,1,1,10425,7067,-1
10433,0,135,1,0,4,1,1,10426,7082,7037
10434,0,136,0,0,4,1,1,10303,7044,-1
10435,0,136,0,0,4,1,1,10375,7041,-1
10436,0,133,1,9,4,1,1,10386,7199,7027
10437,0,132,1,1,4,1,1,10305,7076,7031
10439,0,132,0,0,4,1,1,10078,7049,-1
10440,0,136,1,0,4,1,1,10427,7128,7028
10441,0,135,1,1,4,1,1,10274,7067,7028
10442,0,131,1,0,4,1,1,10364,7073,7034
10443,0,135,1,3,4,1,1,10287,7180,7063
10445,0,134,1,0,4,1,1,10429,7101,7032
10446,0,133,1,1,4,1,1,10178,7130,7030
10448,0,135,0,0,4,1,1,10255,7059,-1
10450,0,134,1,3,4,1,1,10436,7191,7057
10451,0,136,1,0,4,1,1,10401,7068,7035
10453,0,136,0,0,4,1,1,10404,7058,-1
10455,0,133,1,0,4,1,1,10437,7058,7051
10456,0,136,1,1,4,1,1,10441,7091,7036
10457,0,133,1,0,4,1,1,10386,7097,7040
10460,0,135,1,0,4,1,1,10274,7066,7039
10461,0,136,1,1,4,1,1,10427,7100,7039
10462,0,137,0,0,4,1,1,10451,7068,-1
10463,0,136,0,0,4,1,1,10433,7082,-1
10464,0,137,1,0,4,1,1,10456,7079,7052
10465,0,132,0,0,4,1,1,10305,7063,-1
10466,0,134,1,3,4,1,1,10429,7158,7043
10468,0,137,1,3,3,1,0,10461,7165,7072
10470,0,131,1,3,4,1,1,10364,7150,7060
10472,0,135,1,0,4,1,1,10426,7076,7050
10473,0,136,0,0,4,1,1,10441,7067,-1
10475,0,135,1,0,4,1,1,10382,7125,7051
10477,0,133,0,0,4,1,1,10386,7076,-1
10478,0,136,1,0,4,1,1,10427,7095,7061
10482,0,132,0,0,4,1,1,10442,7073,-1
10483,0,134,1,0,4,1,1,10429,7093,7060
10485,0,133,0,0,4,1,1,10178,7081,-1
10487,0,134,1,1,4,1,1,10446,7186,7063
10488,0,135,1,1,4,1,1,10466,7133,7057
10489,0,136,0,0,4,1,1,10472,7076,-1
10490,0,134,0,0,4,1,1,10457,7093,-1
10491,0,135,0,0,4,1,1,10382,7081,-1
10493,0,135,1,0,4,1,1,10450,7110,7063
10495,0,137,0,0,4,1,1,10456,7091,-1
10498,0,134,0,0,4,1,1,10366,7087,-1
10499,0,136,1,3,4,1,1,10401,7189,7067
10500,0,133,0,0,4,1,1,10408,7085,-1
10501,0,134,1,0,4,1,1,10409,7095,7069
10505,0,134,1,0,4,1,1,10436,7120,7073
10507,0,137,0,0,4,1,1,10440,7091,-1
10509,0,136,1,0,4,1,1,10443,7131,7087
10512,0,135,0,0,4,1,1,10445,7097,-1
10513,0,136,0,0,4,1,1,10355,7096,-1
10515,0,136,0,0,4,1,1,10427,7088,-1
10516,0,135,1,3,4,1,1,10466,7199,7110
10517,0,132,1,0,4,1,1,10470,7169,7075
10518,0,132,0,0,4,1,1,10305,7092,-1
10520,0,135,0,0,4,1,1,10287,7199,-1
10521,0,135,1,0,4,1,1,10426,7106,7079
10524,0,136,0,0,4,1,1,10401,7096,-1
10525,0,134,1,3,4,1,1,10409,7199,7080
10527,0,134,0,0,4,1,1,10446,7130,-1
10528,0,136,0,0,4,1,1,10475,7125,-1
10530,0,135,1,0,4,1,1,10487,7100,7082
10532,0,136,1,0,4,1,1,10488,7169,7103
10533,0,136,0,0,4,1,1,10521,7106,-1
10537,0,136,0,0,4,1,1,10530,7100,-1
10539,0,134,0,0,4,1,1,10409,7107,-1
10541,0,135,1,1,4,1,1,10450,7125,7095
10542,0,135,0,0,4,1,1,10487,7186,-1
10543,0,132,1,0,4,1,1,10470,7131,7095
10545,0,135,0,0,4,1,1,10505,7120,-1
10546,0,135,1,1,4,1,1,10525,7150,7110
10551,0,134,1,0,4,1,1,10436,7147,7100
10554,0,136,1,0,4,1,1,10541,7123,7100
10557,0,135,1,1,4,1,1,10426,7179,7110
10558,0,134,1,1,4,1,1,10429,7138,7102
10559,0,136,1,0,4,1,1,10443,7146,7107
10562,0,137,0,0,4,1,1,10440,7125,-1
10565,0,135,0,0,4,1,1,10551,7147,-1
10566,0,137,0,0,4,1,1,10554,7123,-1
10568,0,132,1,0,4,1,1,10470,7128,7106
10570,0,135,1,2,4,1,1,10450,7194,7138
10571,0,135,1,0,4,1,1,10558,7129,7107
10572,0,137,0,0,4,1,1,10509,7124,-1
10573,0,137,1,2,4,1,1,10499,7199,7109
10574,0,138,1,0,3,1,0,10468,7141,7116
10575,0,133,0,0,4,1,1,10568,7128,-1
10576,0,136,0,0,4,1,1,10541,7125,-1
10580,0,134,1,0,4,1,1,10429,7199,7113
10581,0,136,0,0,3,1,0,10488,7133,-1
10583,0,136,1,0,4,1,1,10546,7179,7115
10584,0,138,1,0,4,1,1,10573,7186,7164
10585,0,136,1,0,4,1,1,10516,7184,7133
10586,0,136,1,1,4,1,1,10557,7171,7133
10587,0,132,0,0,4,1,1,10470,7135,-1
10588,0,135,0,0,4,1,1,10558,7133,-1
10589,0,134,1,0,4,1,1,10436,7147,7123
10590,0,137,1,0,4,1,1,10499,7199,7150
10591,0,137,0,0,4,1,1,10532,7169,-1
10592,0,135,1,0,4,1,1,10466,7199,7121
10593,0,139,0,0,3,1,0,10574,7141,-1
10594,0,135,1,1,4,1,1,10525,7191,7158
10595,0,135,1,0,4,1,1,10426,7153,7132
10596,0,134,0,0,4,1,0,10429,7137,-1
10598,0,136,0,0,4,1,1,10546,7150,-1
10600,0,138,1,2,3,1,0,10468,7184,7129
10601,0,135,0,0,4,1,1,10589,7147,-1
10602,0,136,0,0,4,1,1,10592,7162,-1
10606,0,135,0,0,4,1,1,10466,7147,-1
10609,0,137,0,0,4,1,1,10559,7146,-1
10610,0,136,1,0,4,1,1,10443,7171,7142
10612,0,139,1,0,3,1,0,10600,7169,7133
10614,0,134,1,0,4,1,1,10436,7169,7134
10616,0,133,0,0,4,1,1,10517,7169,-1
10618,0,136,0,0,4,1,1,10595,7153,-1
10619,0,137,0,0,4,1,1,10583,7179,-1
10621,0,140,0,0,3,1,0,10612,7169,-1
10622,0,137,1,1,4,1,1,10586,7199,7138
10623,0,135,0,0,4,1,1,10614,7169,-1
10624,0,138,1,0,3,1,0,10468,7166,7139
10625,0,135,0,0,4,1,1,10580,7199,-1
10628,0,135,1,1,4,1,1,10426,7199,7194
10629,0,138,1,0,4,1,1,10622,7199,7169
10630,0,136,1,1,4,1,1,10570,7199,7143
10631,0,136,1,0,4,1,1,10516,7199,7143
10632,0,139,0,0,3,1,0,10624,7166,-1
10633,0,134,1,0,4,1,1,10436,7165,7145
10634,0,137,1,1,4,1,1,10630,7199,7154
10635,0,137,0,0,4,1,1,10586,7171,-1
10636,0,135,0,0,4,1,1,10450,7178,-1
10637,0,137,0,0,4,1,1,10585,7184,-1
10641,0,137,0,0,4,1,1,10610,7171,-1
10643,0,136,1,1,4,1,1,10570,7199,7154
10644,0,136,1,1,4,1,1,10516,7191,7154
10646,0,134,1,2,4,1,1,10436,7199,7156
10649,0,137,1,1,4,1,1,10643,7199,7177
10650,0,138,1,0,4,1,1,10634,7199,7187
10651,0,135,1,1,4,1,1,10646,7197,7162
10652,0,137,1,0,4,1,1,10499,7193,7161
10653,0,137,1,1,4,1,1,10644,7199,7161
10654,0,136,1,0,4,1,1,10594,7199,7163
10656,0,136,0,0,4,1,1,10516,7199,-1
10657,0,137,0,0,4,1,1,10630,7199,-1
10658,0,139,1,1,3,1,0,10600,7199,7168
10659,0,134,1,0,4,1,1,10436,7199,7167
10660,0,137,0,0,4,1,1,10654,7199,-1
10661,0,135,1,0,4,1,1,10525,7199,7175
10663,0,136,1,0,4,1,1,10651,7199,7177
10664,0,138,1,0,4,1,1,10653,7199,7193
10668,0,140,1,0,3,1,0,10658,7199,7172
10669,0,136,0,0,4,1,1,10594,7191,-1
10671,0,137,0,0,4,1,1,10644,7191,-1
10672,0,139,0,0,4,1,1,10629,7199,-1
10673,0,135,1,0,4,1,1,10646,7199,7188
10675,0,137,0,0,4,1,1,10631,7199,-1
10676,0,138,0,0,4,1,1,10652,7192,-1
10678,0,134,1,0,4,1,1,10436,7198,7177
10679,0,135,0,0,4,1,1,10659,7199,-1
10680,0,138,1,0,4,1,1,10649,7199,7193
10681,0,135,0,0,4,1,1,10678,7198,-1
10685,0,141,0,0,3,1,0,10668,7199,-1
10686,0,138,1,0,5,1,0,10573,7199,7196
10687,0,134,0,0,4,1,1,10436,7199,-1
10690,0,139,0,0,4,1,1,10650,7199,-1
10696,0,137,0,0,4,1,1,10663,7199,-1
10697,0,139,0,0,4,1,1,10664,7199,-1
10699,0,136,1,0,4,1,1,10628,7199,7199
10700,0,135,0,0,4,1,1,10646,7199,-1
10701,0,139,0,0,5,1,0,10686,7199,-1
10704,0,138,0,0,4,1,1,10622,7199,-1
10705,0,137,0,0,4,1,1,10699,7199,-1
